season,date,home_team,away_team,home_goals,away_goals,result,is_over,is_btts,m_home,m_draw,m_away,m_over,m_btts,exp_home_goals,exp_away_goals,odds_home,odds_draw,odds_away,odds_over,odds_under,odds_home_open,odds_draw_open,odds_away_open,odds_over_open,odds_under_open,test_season
2021,2020-09-18,Bayern Munich,Schalke 04,8,0,H,1,0,0.8363979914334135,0.11888504181672464,0.04471696674986179,0.7116553401056416,0.46341346147397333,3.029280005268724,0.6541188596532694,1.11,10.83,19.76,1.21,4.34,1.09,11.59,24.69,1.2,4.41,2021
2021,2020-09-19,Stuttgart,Freiburg,2,3,A,1,1,0.31106576352312737,0.30910170198220194,0.3798325344946706,0.43309358949574445,0.5061115968188403,1.1342894384881994,1.2764464764342474,2.15,3.7,3.22,1.61,2.33,2.26,3.48,3.16,1.78,2.03,2021
2021,2020-09-19,FC Koln,Hoffenheim,2,3,A,1,1,0.2873527594123104,0.23720274941881897,0.4754444911688708,0.6946970018962468,0.6970960486769788,1.559234103818492,2.026392529361112,2.59,3.51,2.67,1.64,2.27,2.6,3.6,2.59,1.59,2.36,2021
2021,2020-09-19,Ein Frankfurt,Bielefeld,1,1,D,0,1,0.5860073424296872,0.2549445509003544,0.15904810666995833,0.49792604866894685,0.49465264665702585,1.8113737349896328,0.8542918071269963,1.74,4.04,4.44,1.61,2.33,1.65,4.19,4.91,1.59,2.34,2021
2021,2020-09-19,Union Berlin,Augsburg,1,3,A,1,1,0.40514676205809286,0.28372245500504667,0.3111307829368605,0.5251643952579195,0.5763895142101133,1.4922061718523114,1.2852896338233528,2.34,3.24,3.22,2.15,1.71,2.34,3.25,3.19,2.04,1.78,2021
2021,2020-09-19,Dortmund,M'gladbach,3,0,H,1,0,0.5124303278688696,0.24478290853722853,0.24278676359390197,0.6354001922773749,0.6409929538247905,1.9610009703075975,1.313381116634651,1.65,4.11,5.17,1.63,2.28,1.63,4.36,4.91,1.44,2.75,2021
2021,2020-09-19,Werder Bremen,Hertha,1,4,A,1,1,0.3942367246120544,0.28015803410065326,0.3256052412872923,0.5423233370141723,0.5907420387492198,1.5012085637457835,1.3485554703625957,2.55,3.4,2.77,1.78,2.04,2.62,3.48,2.64,1.74,2.1,2021
2021,2020-09-20,RB Leipzig,Mainz,3,1,H,1,1,0.7045563025778717,0.18788528303737972,0.10755841438474853,0.6458042476115563,0.5473911247925304,2.4381018393053258,0.8881670144764746,1.38,5.35,7.27,1.39,2.97,1.37,5.48,7.5,1.37,3.05,2021
2021,2020-09-20,Wolfsburg,Leverkusen,0,0,D,0,0,0.34577936192301684,0.2747066830600351,0.379513955016948,0.5666597456412411,0.6102361520355193,1.4394154202641731,1.5156169314321295,3.05,3.58,2.29,1.62,2.3,2.89,3.44,2.43,1.74,2.09,2021
2021,2020-09-25,Hertha,Ein Frankfurt,1,3,A,1,1,0.37523460560091315,0.26510169607069956,0.3596636983283872,0.6174131361621583,0.6500012653419469,1.6117795800253245,1.5753986512140272,2.31,3.75,2.88,1.52,2.51,2.28,3.75,2.96,1.53,2.49,2021
2021,2020-09-26,Mainz,Stuttgart,1,4,A,1,1,0.464602481395871,0.2863017914630179,0.24909572714111106,0.4984905167298799,0.5452714576483224,1.5687052125927163,1.0992402575509526,2.46,3.61,2.74,1.52,2.5,2.42,3.53,2.84,1.61,2.31,2021
2021,2020-09-26,M'gladbach,Union Berlin,1,1,D,0,1,0.6136874128048171,0.23658627355525724,0.14972631363992567,0.5610653213884731,0.534724742899641,2.012338102386312,0.918201455545026,1.46,4.61,6.91,1.64,2.24,1.44,4.61,7.3,1.69,2.17,2021
2021,2020-09-26,Schalke 04,Werder Bremen,1,3,A,1,1,0.3591799135567003,0.2983971367520771,0.34242294969122256,0.4882227454967233,0.5524185043114497,1.3312525430849083,1.2953289120114024,2.65,3.3,2.72,1.84,1.96,2.55,3.44,2.74,1.76,2.06,2021
2021,2020-09-26,Augsburg,Dortmund,2,0,H,0,0,0.17651605319973682,0.21958038327019536,0.6039035635300678,0.6677440410890062,0.6329905568456184,1.1811470944068838,2.2580091819308734,6.62,4.56,1.47,1.65,2.23,6.99,4.82,1.43,1.52,2.52,2021
2021,2020-09-26,Leverkusen,RB Leipzig,1,1,D,0,1,0.32772909399440003,0.27063091876197176,0.40163998724362826,0.5916787629632749,0.6292599704177215,1.448607570893927,1.6185179078238605,3.13,3.7,2.18,1.51,2.54,3.03,3.65,2.25,1.56,2.42,2021
2021,2020-09-26,Bielefeld,FC Koln,1,0,H,0,0,0.355039032156765,0.30816321469202324,0.3367977531512117,0.45233261146917075,0.5245065943407368,1.2615856695591998,1.2234115699326626,2.46,3.46,2.83,1.7,2.16,2.71,3.52,2.53,1.65,2.23,2021
2021,2020-09-27,Hoffenheim,Bayern Munich,4,1,H,1,1,0.14931878126991455,0.19224014624829155,0.658441072481794,0.7283112759737377,0.6579156847519071,1.2074486915808793,2.5754685579652232,10.37,7.45,1.23,1.18,4.6,10.51,6.93,1.23,1.25,3.84,2021
2021,2020-09-27,Freiburg,Wolfsburg,1,1,D,0,1,0.3315530202340029,0.29588049085962254,0.37256648890637445,0.496595534546915,0.5584141140877817,1.2859187338279878,1.374360210452466,2.85,3.37,2.49,1.7,2.14,3.06,3.45,2.3,1.83,1.98,2021
2021,2020-10-02,Union Berlin,Mainz,4,0,H,1,0,0.4040695013833886,0.2923507318644588,0.3035797667521526,0.5100075809346217,0.56686977533008,1.4669294351836633,1.247927319443664,2.09,3.58,3.45,1.77,2.04,2.14,3.56,3.37,1.81,2.01,2021
2021,2020-10-03,Ein Frankfurt,Hoffenheim,2,1,H,1,1,0.38713765670758865,0.2488700577880257,0.36399228550438556,0.686547933116802,0.7020403852479951,1.7985344247301576,1.7418057353269905,2.72,3.84,2.38,1.32,3.33,2.38,3.62,2.84,1.45,2.73,2021
2021,2020-10-03,Werder Bremen,Bielefeld,1,0,H,0,0,0.40061010558038845,0.34763475290376045,0.2517551415158512,0.3138306612097244,0.4039641083958329,1.1240941166657548,0.8408304736570971,2.14,3.5,3.36,1.78,2.03,2.14,3.56,3.3,1.77,2.05,2021
2021,2020-10-03,RB Leipzig,Schalke 04,4,0,H,1,0,0.7337819290292411,0.18114202561434486,0.085076045356414,0.6250133756147409,0.5008259234673497,2.4573757132814014,0.7663859114351123,1.29,5.88,9.57,1.44,2.75,1.26,6.14,10.84,1.42,2.84,2021
2021,2020-10-03,Stuttgart,Leverkusen,1,1,D,0,1,0.22262574025220946,0.26628088668823024,0.5110933730595604,0.5551467245980862,0.5778348498523584,1.1235588988486016,1.781247318389728,3.07,3.71,2.21,1.57,2.4,3.7,3.93,1.91,1.5,2.58,2021
2021,2020-10-03,Dortmund,Freiburg,4,0,H,1,0,0.6557565954961221,0.21015266719975143,0.1340907373041264,0.6366040021393627,0.5757137348463933,2.2976282644255006,0.982734790213622,1.38,5.22,7.58,1.48,2.61,1.3,5.85,9.31,1.45,2.71,2021
2021,2020-10-03,FC Koln,M'gladbach,1,3,A,1,1,0.24701932749080843,0.25139485675246764,0.5015858157567241,0.6306991458941694,0.6417872234815539,1.3214582138377302,1.9298512566514106,3.97,3.94,1.84,1.65,2.23,3.89,3.86,1.88,1.64,2.26,2021
2021,2020-10-04,Wolfsburg,Augsburg,0,0,D,0,0,0.5104585060006381,0.2679015522805944,0.2216399417187672,0.5483682563425466,0.5725060239768572,1.7655645937816211,1.1100329683801284,1.94,3.65,3.89,1.78,2.03,2.02,3.56,3.66,1.8,2.01,2021
2021,2020-10-04,Bayern Munich,Hertha,4,3,H,1,1,0.8152308384475107,0.1253277995401242,0.05944136201236505,0.7660010527701774,0.5580867167445389,3.173711569381664,0.8552512691049029,1.17,8.11,13.89,1.21,4.2,1.16,8.27,15.23,1.25,3.84,2021
2021,2020-10-17,Augsburg,RB Leipzig,0,2,A,0,0,0.18056821675364074,0.24120827435063052,0.5782235088957288,0.6056416461632567,0.5929385873697995,1.088872344602685,2.0427605496239427,5.87,4.53,1.52,1.6,2.33,5.76,4.52,1.53,1.52,2.51,2021
2021,2020-10-17,Freiburg,Werder Bremen,1,1,D,0,1,0.4228136473354388,0.28930148886109897,0.28788486380346234,0.5232494889960739,0.5754324492139781,1.533329794367825,1.2361929478515015,2.13,3.59,3.34,1.72,2.12,2.26,3.51,3.12,1.79,2.02,2021
2021,2020-10-17,Hertha,Stuttgart,0,2,A,0,0,0.4917749881055552,0.271495578633738,0.2367294332607067,0.5562931731572778,0.5856354302590941,1.7447372924256073,1.165034215205601,2.0,3.88,3.43,1.5,2.55,2.06,3.81,3.33,1.52,2.51,2021
2021,2020-10-17,Hoffenheim,Dortmund,0,1,A,0,0,0.3091208712130838,0.24829131513580147,0.4425878136511149,0.6832489117136855,0.695764422870014,1.5973567983909625,1.9249071522124643,4.09,4.2,1.77,1.47,2.65,4.03,4.32,1.76,1.38,2.99,2021
2021,2020-10-17,Mainz,Leverkusen,0,1,A,0,0,0.21967268894032016,0.2579849418006866,0.5223423692589932,0.5899047479835794,0.6029007116040188,1.1756859550806649,1.8833556423927578,5.37,4.43,1.57,1.54,2.44,5.13,4.35,1.61,1.46,2.68,2021
2021,2020-10-17,Bielefeld,Bayern Munich,1,4,A,1,1,0.08713238240050553,0.23451097905613258,0.6783566385433619,0.44253292317393467,0.37846231886681475,0.5599615842917341,1.8870936367026256,15.97,8.9,1.15,1.24,3.9,13.73,7.73,1.19,1.28,3.61,2021
2021,2020-10-17,M'gladbach,Wolfsburg,1,1,D,0,1,0.47940009177803233,0.2834480290534237,0.2371518791685439,0.5141445138365893,0.5551899497810059,1.6332303797559282,1.0986196140832059,1.77,3.97,4.32,1.63,2.27,1.86,3.85,4.01,1.67,2.2,2021
2021,2020-10-18,FC Koln,Ein Frankfurt,1,1,D,0,1,0.29625158027962284,0.24832436004638456,0.45542405967399274,0.6780037457137176,0.6897913549915671,1.551998935843285,1.9418091425016673,2.89,3.7,2.32,1.52,2.49,3.16,3.78,2.13,1.48,2.61,2021
2021,2020-10-18,Schalke 04,Union Berlin,1,1,D,0,1,0.33817859944528783,0.30810585871210594,0.35371554184260606,0.46698045782628295,0.5379567810293447,1.25471153521234,1.2875486278198087,3.11,3.31,2.36,1.91,1.9,2.82,3.23,2.59,2.08,1.75,2021
2021,2020-10-23,Stuttgart,FC Koln,1,1,D,0,1,0.4383655344090866,0.2754774933919815,0.2861569721989318,0.5757366931221125,0.6140300017756213,1.6713342676682261,1.3238825011895425,1.95,3.96,3.57,1.54,2.47,1.92,3.91,3.75,1.57,2.41,2021
2021,2020-10-24,Dortmund,Schalke 04,3,0,H,1,0,0.7551360476276648,0.16799490374354592,0.07686904862878922,0.660366818864452,0.5140681927170605,2.61886767272246,0.7818481513438105,1.19,7.29,15.12,1.43,2.79,1.21,6.84,13.27,1.41,2.84,2021
2021,2020-10-24,Union Berlin,Freiburg,1,1,D,0,1,0.3858873515066187,0.3035998977354744,0.31051275075790674,0.4822661651231843,0.5484268055417556,1.3819440833181054,1.2208288542515218,2.17,3.37,3.45,1.87,1.93,2.27,3.41,3.16,1.81,2.01,2021
2021,2020-10-24,Bayern Munich,Ein Frankfurt,5,0,H,1,0,0.7691687944826734,0.14480362650176098,0.08602757901556574,0.7820078388335673,0.6289364359837113,3.0930296634150602,1.0498231664677848,1.18,8.35,13.27,1.15,5.19,1.22,7.26,11.2,1.21,4.17,2021
2021,2020-10-24,Mainz,M'gladbach,2,3,A,1,1,0.2194082362283476,0.2643677076014588,0.5162240561701934,0.5694472846162005,0.5885769501412779,1.141678848440299,1.8256426272498942,3.74,3.75,1.94,1.64,2.24,4.82,4.15,1.67,1.57,2.4,2021
2021,2020-10-24,RB Leipzig,Hertha,2,1,H,1,1,0.6853294040850506,0.19773681348632285,0.11693378242862662,0.6563220842739335,0.5731371053408034,2.426395511670433,0.9533582057891782,1.54,4.5,5.72,1.49,2.58,1.47,4.78,6.34,1.42,2.83,2021
2021,2020-10-25,Wolfsburg,Bielefeld,2,1,H,1,1,0.5440278895491717,0.3071081067486407,0.14886400370218772,0.3481316732805192,0.38379114193903874,1.441845514579653,0.6498723969507281,1.63,4.02,5.42,1.77,2.05,1.69,3.89,5.06,1.86,1.95,2021
2021,2020-10-25,Werder Bremen,Hoffenheim,1,1,D,0,1,0.29231397127418224,0.2658630415435316,0.4418229871822862,0.6139005010714859,0.6429341774164451,1.4101969037032305,1.7602844450384645,2.68,3.65,2.49,1.5,2.57,3.0,3.72,2.25,1.56,2.41,2021
2021,2020-10-26,Leverkusen,Augsburg,3,1,H,1,1,0.5985848448369377,0.23958272988841836,0.16183242527464392,0.5995352269866283,0.5782643785932791,2.077276837968832,1.0259731344914753,1.55,4.28,5.9,1.7,2.14,1.64,4.18,5.07,1.59,2.34,2021
2021,2020-10-30,Schalke 04,Stuttgart,1,1,D,0,1,0.3435112690857675,0.3175010888412254,0.33898764207300713,0.45028376576121293,0.5273540105767816,1.24324642375289,1.2337933829874774,3.1,3.58,2.25,1.69,2.16,3.15,3.61,2.23,1.68,2.19,2021
2021,2020-10-31,Augsburg,Mainz,3,1,H,1,1,0.4695500442810687,0.2741890874986973,0.25626086822023414,0.5766672618856843,0.6094484336774235,1.7444037906141658,1.2549641120778103,2.35,3.41,3.03,1.83,1.98,2.03,3.62,3.61,1.69,2.17,2021
2021,2020-10-31,Bielefeld,Dortmund,0,2,A,0,0,0.11299827160050421,0.24646666044755683,0.6405350679519389,0.4832786914521936,0.44792873178734527,0.704756592697616,1.9020641779149514,8.67,5.25,1.35,1.64,2.26,7.49,4.96,1.4,1.59,2.36,2021
2021,2020-10-31,FC Koln,Bayern Munich,1,2,A,1,1,0.07385029882439093,0.13393611879933393,0.7922135823762751,0.7963723739437885,0.621833628369642,1.017902755844701,3.23360123002357,9.74,6.59,1.26,1.32,3.29,13.96,8.08,1.18,1.23,4.03,2021
2021,2020-10-31,M'gladbach,RB Leipzig,1,0,H,0,0,0.3054202305945363,0.28154847339435496,0.41303129601110894,0.5737939770167224,0.6177730314000813,1.3709104536154468,1.6156606216116485,2.75,3.6,2.47,1.55,2.43,2.96,3.63,2.31,1.57,2.4,2021
2021,2020-10-31,Ein Frankfurt,Werder Bremen,1,1,D,0,1,0.510455228577438,0.26141038441536274,0.22813438700719935,0.6006761695328603,0.6169037798413992,1.8858616722353445,1.2226574576683085,1.78,3.96,4.23,1.59,2.34,1.75,4.11,4.32,1.53,2.5,2021
2021,2020-11-01,Freiburg,Leverkusen,2,4,A,1,1,0.25612286909081455,0.2874325039180627,0.4564446269911228,0.5298012421546154,0.5755086022923285,1.1759203313976236,1.620957815376593,3.51,3.57,2.08,1.74,2.09,3.71,3.57,2.0,1.74,2.09,2021
2021,2020-11-01,Hertha,Wolfsburg,1,1,D,0,1,0.3425023009597581,0.29488520525915873,0.3626124937810833,0.531975747922976,0.589840015600078,1.3808084279066493,1.4251944266888692,2.45,3.38,2.9,1.76,2.06,2.64,3.47,2.62,1.76,2.06,2021
2021,2020-11-02,Hoffenheim,Union Berlin,1,3,A,1,1,0.5628187695354601,0.25150989318678074,0.18567133727775925,0.5927378468539741,0.5902778012382603,1.9827368759978157,1.0892406634031766,1.94,3.76,3.78,1.68,2.18,1.86,3.87,4.03,1.61,2.31,2021
2021,2020-11-06,Werder Bremen,FC Koln,1,1,D,0,1,0.4500303513129532,0.27560421482922287,0.2743654338578241,0.584349239341338,0.6200712266198658,1.7188991230313895,1.314947954954318,2.69,3.32,2.67,1.89,1.91,2.44,3.5,2.87,1.78,2.05,2021
2021,2020-11-07,Stuttgart,Ein Frankfurt,2,2,D,1,1,0.30993429222091246,0.2896542592641592,0.4004114485149281,0.547930638922494,0.5997196137203363,1.3357917533321066,1.537925689672808,2.64,3.57,2.57,1.51,2.52,2.67,3.66,2.5,1.5,2.56,2021
2021,2020-11-07,Union Berlin,Bielefeld,5,0,H,1,0,0.498873031782167,0.32437884965946623,0.1767481185583668,0.3475356635314224,0.40619000155351126,1.3640520429825191,0.7254591234678722,1.81,3.6,4.56,1.95,1.85,1.84,3.69,4.31,1.96,1.85,2021
2021,2020-11-07,Dortmund,Bayern Munich,2,3,A,1,1,0.2988683232563403,0.25234802336383716,0.4487836533798225,0.6790791409911908,0.6932775913868866,1.5662093104610857,1.9334044684862717,3.1,4.06,2.09,1.34,3.17,3.89,4.19,1.82,1.35,3.16,2021
2021,2020-11-07,RB Leipzig,Freiburg,3,0,H,1,0,0.6875628561003158,0.2061873839939839,0.1062497599057004,0.6129639953059546,0.5310339736560243,2.316356722826724,0.8497423394429952,1.39,4.98,7.71,1.48,2.61,1.35,5.24,8.71,1.53,2.51,2021
2021,2020-11-07,Augsburg,Hertha,0,3,A,1,0,0.39307459861166727,0.2788635648263959,0.3280618365619366,0.5914219573691636,0.6334008736138985,1.6076722376229897,1.4582806440464993,2.97,3.54,2.33,1.71,2.14,2.91,3.54,2.37,1.73,2.12,2021
2021,2020-11-07,Mainz,Schalke 04,2,2,D,1,1,0.43393176807639405,0.29487265031665816,0.27119558160694773,0.5145307183641535,0.568574694099842,1.5451650518927693,1.1882741824623575,2.34,3.46,3.01,1.8,2.01,2.21,3.48,3.24,1.77,2.05,2021
2021,2020-11-08,Wolfsburg,Hoffenheim,2,1,H,1,1,0.382281481883556,0.2860068449151872,0.3317116732012567,0.5657582389348984,0.6148007936991956,1.532632002968448,1.4184380584649021,2.13,3.73,3.23,1.53,2.49,2.12,3.69,3.29,1.62,2.31,2021
2021,2020-11-08,Leverkusen,M'gladbach,4,3,H,1,1,0.42774426556319045,0.2813437777658759,0.2909119566709338,0.5714538198201258,0.6141199215935994,1.6436841143678487,1.3325062877661247,2.78,3.52,2.47,1.56,2.41,2.36,3.56,2.92,1.67,2.22,2021
2021,2020-11-21,Ein Frankfurt,RB Leipzig,1,1,D,0,1,0.23345713901753423,0.26045461992797614,0.5060882410544897,0.6109979399639082,0.6267934830663682,1.2562867136775888,1.9004781584669395,4.06,4.14,1.79,1.45,2.72,3.76,3.91,1.91,1.54,2.45,2021
2021,2020-11-21,Hertha,Dortmund,2,5,A,1,1,0.2095480285142609,0.24880308240313803,0.5416488890826011,0.6299929119911801,0.6300053879970585,1.2232864144393063,2.024580654870089,5.13,4.45,1.59,1.54,2.47,4.87,4.31,1.64,1.57,2.42,2021
2021,2020-11-21,M'gladbach,Augsburg,1,1,D,0,1,0.6144010700934722,0.23071805762638087,0.15488087228014674,0.6225825523432368,0.5896926756921665,2.1706886225339868,1.0412830973331901,1.53,4.49,5.81,1.59,2.36,1.5,4.65,6.08,1.56,2.44,2021
2021,2020-11-21,Schalke 04,Wolfsburg,0,2,A,0,0,0.24412249243739076,0.3052499416030596,0.4506275659595498,0.46385047710872307,0.5239417540555164,1.045408789243473,1.4845590718857409,3.76,3.65,1.96,1.76,2.07,3.77,3.58,1.99,1.82,1.99,2021
2021,2020-11-21,Bielefeld,Leverkusen,1,2,A,1,1,0.09950327596051098,0.23026742595191602,0.6702292980875729,0.5088180476612538,0.44827224871932503,0.687774780422707,2.0222276695174504,6.01,4.42,1.52,1.66,2.22,5.77,4.34,1.55,1.64,2.26,2021
2021,2020-11-21,Hoffenheim,Stuttgart,3,3,D,1,1,0.5700920433032293,0.24524360231293585,0.18466435438383477,0.6139551479225469,0.6048465775888725,2.0492732254423753,1.1214809860687776,2.25,3.91,2.88,1.36,3.06,2.36,3.85,2.74,1.48,2.62,2021
2021,2020-11-21,Bayern Munich,Werder Bremen,1,1,D,0,1,0.8287642769715361,0.1214438836940653,0.049791839334398603,0.7597685447982568,0.531056674523612,3.199309013952714,0.7870272723665026,1.15,8.85,16.11,1.23,4.01,1.11,10.28,19.29,1.18,4.57,2021
2021,2020-11-22,Freiburg,Mainz,1,3,A,1,1,0.46800797885404355,0.2796982739614279,0.2522937471845289,0.5570800262235374,0.5945774623371101,1.7009279074184764,1.2122556726684,1.91,3.79,3.83,1.6,2.32,2.09,3.58,3.45,1.69,2.18,2021
2021,2020-11-22,FC Koln,Union Berlin,1,2,A,1,1,0.3447143834008337,0.2867826683693589,0.3685029482298074,0.5646519250766011,0.6146266827829681,1.4462786362739752,1.4999357100010446,3.1,3.28,2.38,2.03,1.78,2.72,3.35,2.62,1.93,1.87,2021
2021,2020-11-27,Wolfsburg,Werder Bremen,5,3,H,1,1,0.48563461055004353,0.2978204703344589,0.2165449191154975,0.4761315264697008,0.524435798170628,1.5794385571404668,0.9989517669055334,1.9,3.64,4.06,1.75,2.08,1.89,3.64,4.14,1.85,1.97,2021
2021,2020-11-28,Stuttgart,Bayern Munich,1,3,A,1,1,0.0918513960550902,0.17238788934919533,0.7357607145957146,0.7094329794803431,0.5831931626440015,0.9431918257931926,2.726901918473985,9.05,6.68,1.27,1.22,4.1,8.66,6.25,1.3,1.26,3.78,2021
2021,2020-11-28,M'gladbach,Schalke 04,4,1,H,1,1,0.6572141744985525,0.22472829717663997,0.1180575283248075,0.5818184688769007,0.5258995596252198,2.1683372827099174,0.8541349251996176,1.37,5.17,7.98,1.51,2.52,1.35,5.3,8.36,1.53,2.51,2021
2021,2020-11-28,Union Berlin,Ein Frankfurt,3,3,D,1,1,0.37650623496065216,0.28612976921917727,0.33736399582017074,0.574622287390237,0.6228601500144386,1.5395733533871256,1.4506801763730501,2.38,3.46,2.95,1.74,2.09,2.51,3.52,2.73,1.65,2.25,2021
2021,2020-11-28,Dortmund,FC Koln,1,2,A,1,1,0.7529278432881177,0.16203295394227016,0.0850392027696122,0.7294037032226719,0.5876039716569894,2.8441751641015185,0.9456397707753926,1.21,6.82,12.85,1.42,2.81,1.23,6.57,11.94,1.43,2.77,2021
2021,2020-11-28,Augsburg,Freiburg,1,1,D,0,1,0.40981174421134275,0.29290752503952694,0.2972807307491302,0.541296706673451,0.5945134666202762,1.5479607272149716,1.2974365872423883,2.43,3.34,2.95,1.86,1.94,2.42,3.43,2.91,1.74,2.08,2021
2021,2020-11-28,RB Leipzig,Bielefeld,2,1,H,1,1,0.818988791918507,0.14450766401909634,0.03650354406239671,0.5957862688087803,0.36201186536355406,2.6096264257695085,0.476481999570002,1.25,6.12,12.1,1.58,2.37,1.22,6.73,13.07,1.45,2.71,2021
2021,2020-11-29,Leverkusen,Hertha,0,0,D,0,0,0.5771428492981316,0.23768847477705948,0.185168675924809,0.6487833446392719,0.6315195317016588,2.154501150282188,1.186742595567409,1.91,3.81,3.81,1.54,2.47,1.78,3.87,4.34,1.61,2.32,2021
2021,2020-11-29,Mainz,Hoffenheim,1,1,D,0,1,0.2706217382137223,0.25434236118102543,0.4750359006052523,0.6655984262352247,0.6787577666997985,1.4649208119998431,1.9629260876514207,2.97,3.98,2.17,1.35,3.16,3.28,3.78,2.08,1.45,2.71,2021
2021,2020-12-04,Hertha,Union Berlin,3,1,H,1,1,0.3951081386478983,0.2893460625210892,0.31554579883101275,0.571481211168284,0.6207238923436379,1.5783984010542964,1.397912695852026,2.75,3.23,2.67,1.98,1.82,2.6,3.36,2.76,1.9,1.91,2021
2021,2020-12-05,Ein Frankfurt,Dortmund,1,1,D,0,1,0.24304303289831058,0.2508236612974813,0.5061333058042082,0.6701880133635083,0.6756656084686599,1.4025834097172074,2.0494597303951285,3.46,3.93,1.98,1.52,2.51,3.58,4.0,1.93,1.52,2.49,2021
2021,2020-12-05,Bayern Munich,RB Leipzig,3,3,D,1,1,0.5516333892918953,0.24546322016149633,0.20290339054660844,0.6530255189591498,0.6465509830760083,2.109990589593565,1.2528139003015653,1.63,4.48,4.76,1.38,2.99,1.41,5.27,6.77,1.3,3.43,2021
2021,2020-12-05,FC Koln,Wolfsburg,2,2,D,1,1,0.28247410711246257,0.28999193825349845,0.427533954634039,0.5583516732279257,0.606380724825865,1.2957645134725566,1.6229414450222475,3.7,3.54,2.01,1.83,1.97,3.55,3.52,2.07,1.78,2.03,2021
2021,2020-12-05,Freiburg,M'gladbach,2,2,D,1,1,0.2339416509359096,0.2814006337660893,0.4846577152980012,0.5587705658214379,0.593296429693953,1.1749922179441683,1.7455374254023628,3.49,3.8,2.0,1.55,2.42,3.67,3.7,1.98,1.61,2.31,2021
2021,2020-12-05,Bielefeld,Mainz,2,1,H,1,1,0.2517109625328233,0.3204683413986693,0.4278206960685076,0.44055587593986545,0.5126725829241386,1.035820580525813,1.4036005477301854,3.05,3.44,2.33,1.76,2.05,2.83,3.46,2.47,1.76,2.06,2021
2021,2020-12-06,Werder Bremen,Stuttgart,1,2,A,1,1,0.4136083528606593,0.30252982379018534,0.28386182334915544,0.5156248622363546,0.5755204759616874,1.5110745968444448,1.226873247564161,2.86,3.43,2.44,1.72,2.12,2.73,3.56,2.48,1.68,2.18,2021
2021,2020-12-06,Schalke 04,Leverkusen,0,3,A,1,0,0.1715212123676327,0.261251662653624,0.5672271249787434,0.561224033590855,0.5629178046365073,1.0053066074225148,1.925919996717451,6.05,4.53,1.51,1.58,2.36,6.11,4.42,1.52,1.66,2.21,2021
2021,2020-12-07,Hoffenheim,Augsburg,3,1,H,1,1,0.5499724052899733,0.2481978402384646,0.20182975447156218,0.6449015967784012,0.6406773304524395,2.086239171125545,1.2354261004134526,1.78,3.97,4.27,1.57,2.39,1.84,3.92,3.97,1.51,2.53,2021
2021,2020-12-11,Wolfsburg,Ein Frankfurt,2,1,H,1,1,0.43112819656938206,0.28513129748488275,0.2837405059457351,0.578375705281144,0.6214858011653219,1.6719704251317138,1.3350298286749203,2.43,3.51,2.85,1.62,2.28,2.34,3.62,2.91,1.57,2.41,2021
2021,2020-12-12,RB Leipzig,Werder Bremen,2,0,H,0,0,0.682847297546889,0.2126776150486902,0.10447508740442082,0.6077860884661498,0.5304564350915036,2.2971060941268235,0.8445996230957318,1.35,5.09,8.85,1.59,2.33,1.36,5.24,8.4,1.51,2.53,2021
2021,2020-12-12,Union Berlin,Bayern Munich,1,1,D,0,1,0.12170024699485954,0.19500551511466457,0.683294237890476,0.7088775139504805,0.625214640178225,1.0784873040244265,2.588291438484221,8.38,5.94,1.32,1.35,3.1,8.51,6.28,1.3,1.33,3.27,2021
2021,2020-12-12,M'gladbach,Hertha,1,1,D,0,1,0.5473855960621516,0.25329455450363914,0.19931984943420922,0.6248977041512882,0.6252086311372167,2.031022703851078,1.1921011392171221,2.18,3.56,3.23,1.65,2.23,1.92,3.77,3.81,1.58,2.37,2021
2021,2020-12-12,Mainz,FC Koln,0,1,A,0,0,0.38989609640882533,0.2803401822278387,0.3297637213633359,0.6087742090217818,0.6494256515056311,1.6430354139552796,1.5032577200980268,2.45,3.43,2.85,1.79,2.02,2.43,3.56,2.82,1.64,2.26,2021
2021,2020-12-12,Freiburg,Bielefeld,2,0,H,0,0,0.5401464141535095,0.2919081018196277,0.16794548402686263,0.45791108455903806,0.48770321924353804,1.6553705410315755,0.8513586200141174,1.77,3.79,4.49,1.83,1.97,1.79,3.86,4.33,1.71,2.13,2021
2021,2020-12-12,Dortmund,Stuttgart,1,5,A,1,1,0.683581159503089,0.20554471082711268,0.11087412966979823,0.6484926180737225,0.5679718942149562,2.4088475978313566,0.9309748644426199,1.45,4.76,6.56,1.48,2.62,1.51,4.62,5.92,1.43,2.78,2021
2021,2020-12-13,Augsburg,Schalke 04,2,2,D,1,1,0.48913435970671837,0.2906801465884305,0.22018549370485108,0.518862736467685,0.5598812154492835,1.6742103282403833,1.077114588486636,2.14,3.48,3.4,1.84,1.97,1.92,3.6,3.98,1.87,1.92,2021
2021,2020-12-13,Leverkusen,Hoffenheim,4,1,H,1,1,0.5062062295759352,0.2549309925894009,0.2388627778346639,0.6553639373848088,0.6640700766675635,2.0128113696801107,1.361953591591159,1.76,4.29,4.01,1.34,3.18,1.78,4.2,4.01,1.4,2.9,2021
2021,2020-12-15,Ein Frankfurt,M'gladbach,3,3,D,1,1,0.33722199757747784,0.2759759277020181,0.38680207472050404,0.6237878597094757,0.6605624214612645,1.5506777896660444,1.667073786645289,2.69,3.72,2.44,1.44,2.73,2.68,3.7,2.48,1.47,2.64,2021
2021,2020-12-15,Hertha,Mainz,0,0,D,0,0,0.5126654737236596,0.2675074462732205,0.21982708000311996,0.5951223937675916,0.6136493526276623,1.8845651317634542,1.1983358437346858,1.91,3.7,3.88,1.74,2.07,1.76,3.88,4.55,1.69,2.18,2021
2021,2020-12-15,Stuttgart,Union Berlin,2,2,D,1,1,0.40160654464588613,0.2960492035839762,0.3023442517701377,0.5453026436459999,0.6002364435445847,1.5419589217916254,1.32051078273754,1.98,3.56,3.77,1.82,1.98,2.14,3.52,3.37,1.75,2.07,2021
2021,2020-12-15,Werder Bremen,Dortmund,1,2,A,1,1,0.19086869015458335,0.25388284372477277,0.5552484661206439,0.6117314728646372,0.6109221276332018,1.1437984082358366,2.016434288627483,6.05,4.61,1.49,1.61,2.29,5.95,4.68,1.5,1.57,2.4,2021
2021,2020-12-16,Schalke 04,Freiburg,0,2,A,0,0,0.30614831252921687,0.30993086242986634,0.38392082504091674,0.4980377301549871,0.5657818463724994,1.2490490253142814,1.41706258194671,3.23,3.47,2.21,1.78,2.02,3.01,3.48,2.33,1.76,2.06,2021
2021,2020-12-16,Bayern Munich,Wolfsburg,2,1,H,1,1,0.7078684797321471,0.18734771170151,0.10478380856634276,0.6978808871049609,0.5959182004853459,2.617072725232292,0.986632278636684,1.33,5.71,8.03,1.29,3.51,1.34,5.56,8.15,1.3,3.38,2021
2021,2020-12-16,Bielefeld,Augsburg,0,1,A,0,0,0.22904778115271418,0.3169178977289432,0.4540343211183426,0.4383518475304782,0.5041696648382684,0.9799927603938507,1.45094127701301,2.66,3.21,2.74,2.07,1.75,2.87,3.18,2.58,2.1,1.73,2021
2021,2020-12-16,FC Koln,Leverkusen,0,4,A,1,0,0.21866356385879387,0.26054790501346403,0.520788531127742,0.6178189035782458,0.6292047867754124,1.2346305854624475,1.9544920744940406,5.07,4.27,1.61,1.64,2.24,4.95,4.02,1.67,1.65,2.22,2021
2021,2020-12-16,Hoffenheim,RB Leipzig,0,1,A,0,0,0.24629950477476664,0.261623028491319,0.4920774667339144,0.6364343181533328,0.65289793247324,1.3451687143089848,1.9343148900556784,4.46,4.51,1.65,1.38,2.95,4.54,4.44,1.65,1.41,2.84,2021
2021,2020-12-18,Union Berlin,Dortmund,2,1,H,1,1,0.23225546131074246,0.2659855083877951,0.5017590303014625,0.6109287439345583,0.6298653840457841,1.2599500579361746,1.896488375545709,4.79,3.92,1.71,1.77,2.04,4.81,3.95,1.7,1.75,2.07,2021
2021,2020-12-19,RB Leipzig,FC Koln,0,0,D,0,0,0.7123932340342185,0.19231937366775084,0.09528739229803061,0.6560236678171203,0.551347723165133,2.5019024801047225,0.8763434250038288,1.38,4.95,8.27,1.68,2.18,1.31,5.57,9.69,1.54,2.46,2021
2021,2020-12-19,Schalke 04,Bielefeld,0,1,A,0,0,0.47380748600047284,0.3208542920404762,0.20533822195905083,0.4070796506919258,0.4712074331115766,1.4319966192785474,0.8797729489971974,2.32,3.2,3.28,2.15,1.7,2.23,3.35,3.32,2.0,1.8,2021
2021,2020-12-19,Leverkusen,Bayern Munich,1,2,A,1,1,0.23505386132063325,0.2454286437239285,0.5195174949554384,0.683102311842712,0.6821613492114103,1.406884525349951,2.114591916561345,3.46,4.14,1.93,1.31,3.4,3.87,4.08,1.84,1.37,3.04,2021
2021,2020-12-19,M'gladbach,Hoffenheim,1,2,A,1,1,0.4918782578179502,0.25485072910072487,0.25327101308132516,0.6642807963749316,0.6748787913348133,2.0018133926676325,1.4191357401094953,1.86,4.15,3.75,1.37,3.06,1.89,4.06,3.69,1.4,2.88,2021
2021,2020-12-19,Augsburg,Ein Frankfurt,0,2,A,0,0,0.31204201957860417,0.2789369167710422,0.4090210636503535,0.608190719123842,0.6470659872596546,1.4589736605990082,1.6845804009435037,3.76,3.76,1.94,1.62,2.3,3.7,3.7,1.97,1.63,2.27,2021
2021,2020-12-19,Mainz,Werder Bremen,0,1,A,0,0,0.3572337935953618,0.3009912984501801,0.34177490795445814,0.534478693595574,0.5951503144494272,1.4253562083065223,1.391180734870179,2.38,3.29,3.09,1.95,1.85,2.47,3.3,2.94,1.85,1.95,2021
2021,2020-12-20,Freiburg,Hertha,4,1,H,1,1,0.36039816954575254,0.2960697180011495,0.3435321124530979,0.552243744904355,0.6083987609151362,1.4649948575532943,1.4272662869292387,2.63,3.33,2.72,1.92,1.87,2.6,3.42,2.69,1.78,2.02,2021
2021,2020-12-20,Wolfsburg,Stuttgart,1,0,H,0,0,0.4687013644720273,0.2881085670642022,0.24319006846377048,0.5436372354810092,0.5858258025110034,1.681060088606591,1.1743030037468978,2.66,3.59,2.53,1.57,2.39,2.26,3.63,3.01,1.58,2.36,2021
2021,2021-01-02,Stuttgart,RB Leipzig,0,1,A,0,0,0.1900008242126645,0.26633086670041584,0.5436683090869199,0.5516732355525147,0.5646972782751252,1.0390125823255323,1.850795982303567,4.36,3.94,1.77,1.66,2.22,3.9,4.0,1.85,1.53,2.47,2021
2021,2021-01-02,Hertha,Schalke 04,3,0,H,1,0,0.5455993031956843,0.26735508158893856,0.187045615215377,0.5445712636241276,0.5578969703824997,1.8395237635095505,1.019828196840486,1.7,3.87,4.95,1.81,1.99,1.72,3.87,4.75,1.81,2.0,2021
2021,2021-01-02,Werder Bremen,Union Berlin,0,2,A,0,0,0.3391360645117718,0.30119077206152933,0.35967316342669875,0.5165733898048744,0.5792691751843179,1.3484965696472546,1.3933640887904823,3.01,3.17,2.49,2.26,1.63,2.9,3.29,2.51,1.97,1.83,2021
2021,2021-01-02,Hoffenheim,Freiburg,1,3,A,1,1,0.5119801882489944,0.2548625380094534,0.2331572737415522,0.6351167199218187,0.6447157383787442,1.9716290236687595,1.3013566426872882,2.13,3.67,3.28,1.57,2.39,2.04,3.75,3.41,1.53,2.47,2021
2021,2021-01-02,FC Koln,Augsburg,0,1,A,0,0,0.40431672683235,0.2870809060120074,0.3086023671556427,0.5622798515318934,0.6109025548646693,1.5758768831249252,1.359952183504533,2.23,3.36,3.3,1.89,1.91,2.35,3.29,3.14,2.03,1.78,2021
2021,2021-01-02,Ein Frankfurt,Leverkusen,2,1,H,1,1,0.30481343440290737,0.265356837312156,0.42982972828493676,0.6392799302621619,0.6662225286873262,1.4980777180149365,1.795495553128874,3.22,3.81,2.1,1.51,2.54,3.26,3.79,2.09,1.51,2.52,2021
2021,2021-01-02,Bielefeld,M'gladbach,0,1,A,0,0,0.12549152570250705,0.2587873697436787,0.6157211045538142,0.47642317904707404,0.459512118838486,0.7411189065117467,1.8384336255550244,5.51,3.92,1.64,1.84,1.96,5.62,4.17,1.59,1.69,2.17,2021
2021,2021-01-03,Dortmund,Wolfsburg,2,0,H,0,0,0.5302342095549836,0.25932284116333654,0.21044294928167998,0.5986099038657304,0.6089321891110205,1.9264199174993084,1.1725428176858492,1.52,4.56,5.77,1.53,2.48,1.58,4.29,5.4,1.54,2.44,2021
2021,2021-01-03,Bayern Munich,Mainz,5,2,H,1,1,0.8484795197078295,0.10841596199886522,0.04310451829330518,0.787788371829427,0.5355513661539841,3.3962841344789227,0.7901305811249756,1.1,11.05,22.86,1.16,5.01,1.11,10.17,21.74,1.21,4.22,2021
2021,2021-01-08,M'gladbach,Bayern Munich,3,2,H,1,1,0.20689408740853432,0.22430601624693472,0.568799896344531,0.7054960572183685,0.6816740003242183,1.3607091282130124,2.286384683894833,4.86,4.67,1.6,1.33,3.26,4.93,4.76,1.59,1.3,3.49,2021
2021,2021-01-09,RB Leipzig,Dortmund,1,3,A,1,1,0.45842288421723665,0.2738063516475483,0.26777076413521517,0.5771915364030136,0.611686799358808,1.7192621003127464,1.2824457724865683,2.46,3.54,2.79,1.62,2.29,2.3,3.51,3.05,1.72,2.13,2021
2021,2021-01-09,Union Berlin,Wolfsburg,2,2,D,1,1,0.352255325324306,0.30032944150083923,0.3474152331748547,0.503760855537283,0.5674474713494981,1.3499127675062237,1.339429070830745,3.08,3.27,2.4,1.98,1.83,2.95,3.31,2.48,1.92,1.9,2021
2021,2021-01-09,Mainz,Ein Frankfurt,0,2,A,0,0,0.2657107049690736,0.26044939095189074,0.4738399040790356,0.6243991845142937,0.6451971231228625,1.3638521488895972,1.8568537404685361,3.71,3.76,1.95,1.6,2.33,3.51,3.92,1.97,1.53,2.49,2021
2021,2021-01-09,Leverkusen,Werder Bremen,1,1,D,0,1,0.6147121168006711,0.23520908007855096,0.150078803120778,0.588208727752422,0.5589300493230638,2.083897841526042,0.9674442070206518,1.52,4.34,6.39,1.67,2.2,1.47,4.59,6.74,1.66,2.23,2021
2021,2021-01-09,Freiburg,FC Koln,5,0,H,1,0,0.47257273737184435,0.2748746105527344,0.2525526520754214,0.5637856264672159,0.5977188476836988,1.72163914135762,1.220780583140596,2.06,3.43,3.68,2.09,1.74,1.94,3.6,3.95,1.86,1.95,2021
2021,2021-01-09,Schalke 04,Hoffenheim,4,0,H,1,0,0.20541793185474094,0.25377566616557634,0.540806401979683,0.5979829859383736,0.6032366921827365,1.1519867697102697,1.9440832673172386,4.17,4.05,1.78,1.54,2.47,4.44,4.1,1.73,1.55,2.46,2021
2021,2021-01-10,Augsburg,Stuttgart,1,4,A,1,1,0.3462368527766945,0.29370760592327444,0.3600555413000311,0.5282673426107547,0.5860006160301758,1.3800150384689618,1.4104386044544743,4.01,3.82,1.86,1.62,2.29,3.3,3.51,2.18,1.76,2.07,2021
2021,2021-01-10,Bielefeld,Hertha,1,0,H,0,0,0.1882812319108464,0.3068931094242769,0.5048256586648767,0.40025027548501124,0.4504552694489281,0.8172026978308475,1.468817264242284,4.24,3.57,1.88,1.89,1.91,4.1,3.58,1.91,2.02,1.8,2021
2021,2021-01-15,Union Berlin,Leverkusen,1,0,H,0,0,0.2871154322434505,0.2782491732747448,0.4346353944818047,0.5684088591419734,0.6092462327324669,1.313862478994805,1.6488731650503117,3.03,3.35,2.39,1.86,1.94,3.25,3.44,2.24,1.9,1.91,2021
2021,2021-01-16,Dortmund,Mainz,1,1,D,0,1,0.7388766764789149,0.16975420791881002,0.09136911560227526,0.7009784457930196,0.5715964426117912,2.7030099103897394,0.9183359530951669,1.2,7.29,13.25,1.31,3.42,1.2,7.2,13.63,1.37,3.08,2021
2021,2021-01-16,FC Koln,Hertha,0,0,D,0,0,0.32235705972262885,0.28133098433530357,0.3963119559420677,0.568672380359745,0.6144242866950281,1.3982370127182495,1.5656599536876357,3.21,3.17,2.38,2.17,1.69,3.29,3.25,2.29,2.1,1.74,2021
2021,2021-01-16,Hoffenheim,Bielefeld,0,0,D,0,0,0.6348966495258094,0.2458107404641174,0.11929261001007324,0.4884246703235238,0.45644069067999427,1.89913778844415,0.7282630547029667,1.74,3.81,4.74,1.65,2.24,1.71,3.88,4.92,1.68,2.2,2021
2021,2021-01-16,Werder Bremen,Augsburg,2,0,H,0,0,0.4251066516583415,0.2938220372239196,0.281071311117739,0.509618564764467,0.5649088519613246,1.513874417389879,1.1993886995889944,2.12,3.3,3.66,2.02,1.79,2.2,3.3,3.44,2.11,1.73,2021
2021,2021-01-16,Wolfsburg,RB Leipzig,2,2,D,1,1,0.2546994186320771,0.2931531188564189,0.4521474625115039,0.4979669643137069,0.5499384084789257,1.1182485283951307,1.5475774301757443,4.05,3.74,1.88,1.82,1.99,3.51,3.6,2.06,1.77,2.06,2021
2021,2021-01-16,Stuttgart,M'gladbach,2,2,D,1,1,0.3112733065742218,0.27344207065857756,0.4152846227672007,0.5951015761826818,0.6325801062818124,1.421441097957925,1.6613585930231478,2.76,3.69,2.43,1.51,2.52,2.88,3.77,2.31,1.49,2.57,2021
2021,2021-01-17,Ein Frankfurt,Schalke 04,3,1,H,1,1,0.6235314054987164,0.22745146393105353,0.14901713057022992,0.6121470276908217,0.5746514867327694,2.162015259343425,1.000194613627174,1.51,4.61,5.96,1.48,2.62,1.52,4.47,6.1,1.54,2.47,2021
2021,2021-01-17,Bayern Munich,Freiburg,2,1,H,1,1,0.7690592075955789,0.1481080141799028,0.08283277822451832,0.7614396713964151,0.606108999942654,3.008408771544932,0.9889610563763738,1.24,6.88,10.58,1.29,3.58,1.23,6.92,10.74,1.26,3.79,2021
2021,2021-01-19,Hertha,Hoffenheim,0,3,A,1,0,0.36931170764647125,0.26965074871762973,0.3610375436358988,0.6230140411849515,0.6571880925355024,1.6167131791746525,1.5973081560080562,2.4,3.48,2.91,1.64,2.25,2.31,3.49,3.06,1.65,2.24,2021
2021,2021-01-19,Leverkusen,Dortmund,2,1,H,1,1,0.36011737479144734,0.2717842230644505,0.3680984021441021,0.6148991069996776,0.6511867850356531,1.578300613647798,1.5969157231490072,3.4,3.84,2.02,1.5,2.57,3.11,3.75,2.19,1.55,2.43,2021
2021,2021-01-19,M'gladbach,Werder Bremen,1,0,H,0,0,0.572423305493609,0.25023245211876705,0.17734424238762417,0.5797700771749381,0.5744274267624478,1.9719726634130148,1.0412829039899894,1.57,4.13,5.71,1.76,2.07,1.6,4.15,5.55,1.74,2.11,2021
2021,2021-01-19,Mainz,Wolfsburg,0,2,A,0,0,0.24701226377104527,0.2838425655933495,0.4691451706356051,0.5317381006576163,0.5733756184621931,1.1549710537474844,1.650034922668721,4.2,3.88,1.81,1.71,2.14,4.03,3.83,1.86,1.67,2.21,2021
2021,2021-01-20,Freiburg,Ein Frankfurt,2,2,D,1,1,0.36291879600771015,0.2710228523465072,0.36605835164578265,0.6178342667729593,0.6533739871776493,1.5909249887809653,1.59826219877531,2.86,3.5,2.43,1.63,2.28,2.87,3.47,2.43,1.61,2.3,2021
2021,2021-01-20,Bielefeld,Stuttgart,3,0,H,1,0,0.19403411039888385,0.325511881168637,0.48045400843247915,0.3548126278069675,0.41977523774442677,0.7739896803047116,1.3424757423779234,4.13,3.79,1.85,1.73,2.1,4.32,3.77,1.82,1.81,2.01,2021
2021,2021-01-20,RB Leipzig,Union Berlin,1,0,H,0,0,0.5996955758110926,0.24593847410566588,0.15436595008324142,0.5605195970218823,0.5435784487097818,1.9868784521940435,0.9412788059003204,1.55,4.19,6.2,1.75,2.08,1.51,4.2,6.87,1.75,2.08,2021
2021,2021-01-20,Schalke 04,FC Koln,1,2,A,1,1,0.3522371719368098,0.3011335986000411,0.346629229463149,0.5044757305664691,0.5684898124379962,1.3522029387306496,1.3400502717054175,2.93,3.19,2.54,2.22,1.66,2.62,3.25,2.79,2.11,1.73,2021
2021,2021-01-20,Augsburg,Bayern Munich,0,1,A,0,0,0.09034976798468143,0.16030346564369014,0.7493467663716283,0.7396539097525177,0.6017840780464773,0.9862767737007061,2.867672517386664,13.6,8.12,1.17,1.2,4.43,12.19,7.08,1.21,1.32,3.34,2021
2021,2021-01-22,M'gladbach,Dortmund,4,2,H,1,1,0.3359692447711645,0.2635368243430494,0.40049393088578594,0.6434446222991544,0.6711403031514434,1.58038179797859,1.7339604488110576,3.35,3.82,2.05,1.46,2.68,3.26,3.74,2.11,1.49,2.59,2021
2021,2021-01-23,Augsburg,Union Berlin,2,1,H,1,1,0.29475180647144494,0.2909162740588698,0.41433191946968545,0.5317743279577836,0.5846982059628325,1.2702656135445332,1.534891341488819,3.47,3.35,2.17,2.0,1.8,3.61,3.38,2.11,2.02,1.8,2021
2021,2021-01-23,Bielefeld,Ein Frankfurt,1,5,A,1,1,0.16699937094016826,0.2985885053904943,0.5344121236693375,0.4043861976797772,0.44104443415851824,0.7688253899837535,1.5327790515370567,4.46,3.82,1.78,1.7,2.15,4.5,3.78,1.78,1.72,2.13,2021
2021,2021-01-23,Freiburg,Stuttgart,2,1,H,1,1,0.40272921394823646,0.280563552850531,0.3167072332012327,0.5761778220381548,0.6202394869084964,1.5964877136813314,1.4006947109491248,3.05,3.55,2.28,1.64,2.25,2.64,3.71,2.51,1.57,2.38,2021
2021,2021-01-23,Leverkusen,Wolfsburg,0,1,A,0,0,0.476806863327378,0.2793368836138348,0.24385625305878728,0.5453452583057773,0.5822004776870046,1.6935475961881559,1.1691059959225991,2.06,3.64,3.48,1.66,2.22,2.07,3.63,3.47,1.71,2.14,2021
2021,2021-01-23,Mainz,RB Leipzig,3,2,H,1,1,0.1377599148863165,0.23191419665205534,0.6303258884616283,0.5812715764226496,0.5433498655774609,0.9171698020111474,2.1028360193527282,7.94,4.8,1.4,1.64,2.25,7.57,4.81,1.41,1.63,2.27,2021
2021,2021-01-23,Hertha,Werder Bremen,1,4,A,1,1,0.4301419458513043,0.2935515775916615,0.27630647655703444,0.5147037104335979,0.5686960042695703,1.5356856130297019,1.1984660655289734,2.17,3.27,3.55,2.14,1.7,2.15,3.4,3.47,2.15,1.7,2021
2021,2021-01-24,Hoffenheim,FC Koln,3,0,H,1,0,0.565359625415404,0.23899340273401035,0.19564697185058583,0.6432531169888286,0.6310759221253767,2.109549787752707,1.2038523731406503,1.75,3.78,4.69,1.78,2.03,1.82,3.61,4.48,1.74,2.09,2021
2021,2021-01-24,Schalke 04,Bayern Munich,0,4,A,1,0,0.06396077487254292,0.1379782950073433,0.7980609301201138,0.7436691322160367,0.5537469445668971,0.8490220185701747,3.030782500095842,13.89,8.16,1.17,1.25,3.9,13.48,7.92,1.18,1.24,3.95,2021
2021,2021-01-29,Stuttgart,Mainz,2,0,H,0,0,0.5092564131575061,0.25659522000664425,0.23414836683584975,0.5921169046102819,0.6077613269686246,1.8555539656776796,1.2135780684507345,1.62,4.23,5.12,1.53,2.47,1.68,4.11,4.84,1.53,2.5,2021
2021,2021-01-30,Ein Frankfurt,Hertha,3,1,H,1,1,0.5384587180942572,0.23911805376639206,0.22242322813935086,0.6467488098194198,0.6424889707189847,2.0502919386131495,1.280664457689793,1.73,3.98,4.59,1.58,2.39,1.79,3.82,4.4,1.64,2.27,2021
2021,2021-01-30,Dortmund,Augsburg,3,1,H,1,1,0.6946172890625077,0.189060611440202,0.11632209949729015,0.6713143850338356,0.5798072312179289,2.489023528081553,0.9690790234900375,1.23,6.79,11.58,1.36,3.12,1.26,6.34,10.8,1.39,2.95,2021
2021,2021-01-30,Bayern Munich,Hoffenheim,4,1,H,1,1,0.7512324541034818,0.14918434618729937,0.09958319970921886,0.7887057973523228,0.652672539734703,3.062658935487682,1.129923978665519,1.22,7.27,10.79,1.2,4.47,1.24,7.03,10.22,1.21,4.3,2021
2021,2021-01-30,Union Berlin,M'gladbach,1,1,D,0,1,0.31634571106620946,0.27669031697551494,0.40696397195827555,0.5627783837180542,0.6063450395796234,1.3667760108039138,1.5712328785044365,3.49,3.51,2.1,1.79,2.02,3.28,3.38,2.24,1.78,2.04,2021
2021,2021-01-30,RB Leipzig,Leverkusen,1,0,H,0,0,0.48653026736599575,0.271873710868601,0.24159602176540315,0.5418583009697857,0.5740494114921167,1.699289968042791,1.1484973942627528,1.94,3.62,3.91,1.71,2.15,1.93,3.6,4.0,1.7,2.16,2021
2021,2021-01-30,Werder Bremen,Schalke 04,1,1,D,0,1,0.5213832481282998,0.2751098220703159,0.20350692980138424,0.49508286705579296,0.5234671379873902,1.6764408145934768,0.9777321645261705,2.11,3.44,3.55,1.95,1.85,1.95,3.54,3.98,1.92,1.89,2021
2021,2021-01-31,FC Koln,Bielefeld,3,1,H,1,1,0.4626630914714278,0.3134424634604024,0.2238944450681699,0.38763665913365336,0.45248515293694247,1.3608327544532401,0.8778398207547011,2.3,3.1,3.44,2.31,1.61,2.27,3.21,3.39,2.18,1.68,2021
2021,2021-01-31,Wolfsburg,Freiburg,3,0,H,1,0,0.48159753961389007,0.2746613144753428,0.2437411459107673,0.5333600084290729,0.5685970335439119,1.6716495591073242,1.1401772024164214,2.01,3.54,3.73,1.75,2.07,1.85,3.74,4.13,1.71,2.14,2021
2021,2021-02-05,Hertha,Bayern Munich,0,1,A,0,0,0.1135141780157928,0.1739270029142031,0.7125588190700041,0.7268915038912679,0.6198903949484368,1.0603344755199893,2.713957857978366,9.49,6.36,1.28,1.27,3.68,7.09,5.57,1.38,1.33,3.28,2021
2021,2021-02-06,Schalke 04,RB Leipzig,0,3,A,1,0,0.11494273626975895,0.21861878356649636,0.6664384801637447,0.5563440985327318,0.4945977293831262,0.7923283972401165,2.1176862715733855,9.14,5.2,1.34,1.6,2.33,9.24,5.39,1.33,1.55,2.44,2021
2021,2021-02-06,Augsburg,Wolfsburg,0,2,A,0,0,0.25038033562761525,0.2851190062896638,0.464500658082721,0.5035182632373043,0.5493768260743463,1.110197044080471,1.578158421180144,5.0,3.68,1.74,1.85,1.95,4.58,3.58,1.82,1.87,1.94,2021
2021,2021-02-06,Freiburg,Dortmund,2,1,H,1,1,0.24417404013035138,0.24541362015378657,0.5104123397158622,0.645129578855994,0.6503351313980857,1.33965512763204,1.9831474569492937,5.08,4.45,1.6,1.42,2.85,5.15,4.27,1.61,1.51,2.54,2021
2021,2021-02-06,Leverkusen,Stuttgart,5,2,H,1,1,0.560011492056094,0.24643142038125296,0.19355708756265302,0.589966973564552,0.5871631822372311,1.9621505687313896,1.0971784736268497,1.84,3.97,3.95,1.56,2.41,1.99,3.78,3.6,1.53,2.5,2021
2021,2021-02-06,Mainz,Union Berlin,1,0,H,0,0,0.28945464606370086,0.2874999300231822,0.42304542391311695,0.5161510891077112,0.5682546985167252,1.2236674482957632,1.5164509100508905,3.04,3.2,2.47,2.2,1.67,3.21,3.37,2.28,1.96,1.85,2021
2021,2021-02-06,M'gladbach,FC Koln,1,2,A,1,1,0.6507967618391508,0.20933561099369127,0.13986762716715773,0.6454278010384515,0.586762078277827,2.3082628247193253,1.0160788889171166,1.57,4.15,5.88,1.69,2.16,1.47,4.5,6.78,1.7,2.16,2021
2021,2021-02-07,Hoffenheim,Ein Frankfurt,1,3,A,1,1,0.4062049809155375,0.24410057273267097,0.3496944463517915,0.6985077299905054,0.709646701939345,1.8734417322501529,1.7336666410011985,2.85,3.72,2.33,1.44,2.75,2.95,3.81,2.24,1.43,2.81,2021
2021,2021-02-12,RB Leipzig,Augsburg,2,1,H,1,1,0.7177963579167235,0.18860584377541265,0.09359779830786409,0.6008152507253856,0.4926357997490946,2.346789333525437,0.7624305484824221,1.22,6.52,13.44,1.52,2.49,1.26,5.97,11.32,1.56,2.41,2021
2021,2021-02-13,Union Berlin,Schalke 04,0,0,D,0,0,0.579870471442262,0.2542187339789822,0.1659107945787557,0.5080049878890758,0.506641803092018,1.8193554294038374,0.8873091891004369,1.74,3.58,5.1,2.17,1.68,1.78,3.63,4.7,1.96,1.84,2021
2021,2021-02-13,Werder Bremen,Freiburg,0,0,D,0,0,0.3698031855699273,0.286384007805131,0.34381280662494174,0.5178911251657385,0.5729882400095991,1.4020689289028494,1.3452350572526262,2.61,3.18,2.84,2.17,1.69,2.87,3.3,2.51,1.96,1.84,2021
2021,2021-02-13,Leverkusen,Mainz,2,2,D,1,1,0.6614328345993483,0.2084575703912167,0.13010959500943498,0.6146766406358811,0.5512287350098592,2.248213681249928,0.9259872128228104,1.49,4.45,6.51,1.7,2.14,1.45,4.68,6.7,1.57,2.39,2021
2021,2021-02-13,Dortmund,Hoffenheim,2,2,D,1,1,0.60119141949171,0.2078197249721232,0.19098885553616698,0.7199325623360335,0.6788789680428957,2.4010414495651964,1.3309713321137155,1.45,4.84,6.48,1.4,2.9,1.49,4.71,6.07,1.37,3.06,2021
2021,2021-02-13,Stuttgart,Hertha,1,1,D,0,1,0.4483111729714576,0.2625713047097133,0.28911752231882903,0.5945567578989414,0.6236947753576969,1.724233932752426,1.3560660933985278,2.2,3.49,3.24,1.75,2.07,2.25,3.55,3.09,1.58,2.38,2021
2021,2021-02-14,Ein Frankfurt,FC Koln,2,0,H,0,0,0.6139388287819283,0.21440251307974534,0.17165865813832626,0.6672228346902329,0.6267858127491684,2.27695477313872,1.1594602702300225,1.59,4.04,5.71,1.72,2.12,1.48,4.47,6.53,1.58,2.38,2021
2021,2021-02-14,Wolfsburg,M'gladbach,0,0,D,0,0,0.4000698399381728,0.27934860095468267,0.32058155910714436,0.5412332133309677,0.5890303154322974,1.5109286669250444,1.3341985326858563,2.48,3.26,2.93,1.88,1.92,2.48,3.48,2.8,1.69,2.18,2021
2021,2021-02-15,Bayern Munich,Bielefeld,3,3,D,1,1,0.8698636013414129,0.10126958822818487,0.028866810430402078,0.713070155370424,0.40260915247967105,3.157862050425064,0.5340652281053014,1.16,7.73,16.58,1.38,2.97,1.16,8.3,15.56,1.3,3.51,2021
2021,2021-02-19,Bielefeld,Wolfsburg,0,3,A,1,0,0.15591539492803558,0.2930869135739763,0.5509976914979879,0.3887884046539098,0.41727953028719417,0.7135364362789067,1.5294498610343483,5.82,3.96,1.6,1.85,1.95,5.27,3.81,1.68,1.92,1.88,2021
2021,2021-02-20,Schalke 04,Dortmund,0,4,A,1,0,0.12919204886106483,0.20883356590106122,0.661974385237874,0.6324551622780582,0.5677274574868623,0.9584246181409568,2.3015210247290083,9.83,5.69,1.3,1.47,2.64,9.24,5.5,1.32,1.44,2.74,2021
2021,2021-02-20,M'gladbach,Mainz,1,2,A,1,1,0.6254440364288063,0.22367536402060847,0.15088059955058503,0.6181612248259465,0.5783249091818468,2.1787981978682716,1.011979204740657,1.72,3.68,5.1,1.89,1.91,1.66,3.96,5.12,1.62,2.28,2021
2021,2021-02-20,FC Koln,Stuttgart,0,1,A,0,0,0.3376274283741241,0.27376637318954194,0.3886061984363339,0.588443729489483,0.6285740201418125,1.4677589953004175,1.584630508719751,3.71,3.56,2.0,1.81,1.99,3.44,3.59,2.08,1.73,2.11,2021
2021,2021-02-20,Ein Frankfurt,Bayern Munich,2,1,H,1,1,0.19269892012187423,0.2077370766886714,0.5995640031894546,0.7386253547234203,0.6969929486655276,1.3856374201716157,2.46154696630206,3.91,4.18,1.81,1.39,2.97,3.95,4.3,1.78,1.3,3.45,2021
2021,2021-02-20,Freiburg,Union Berlin,0,1,A,0,0,0.39275900385395,0.2955233012036182,0.3117176949424318,0.5017483735203685,0.5618065954284994,1.4283420962937143,1.2528155511434678,2.41,3.18,3.13,2.08,1.74,2.46,3.14,3.09,2.1,1.73,2021
2021,2021-02-21,Augsburg,Leverkusen,1,1,D,0,1,0.20901547369338103,0.25892296540590226,0.5320615609007168,0.5691791899397177,0.5818155864034489,1.10962093301187,1.8565181012199554,5.5,4.26,1.58,1.63,2.27,5.2,3.94,1.66,1.69,2.17,2021
2021,2021-02-21,Hertha,RB Leipzig,0,3,A,1,0,0.1800008227818328,0.25504679625723575,0.5649523809609317,0.5481944222211033,0.550082621753775,0.9944021492764623,1.880453816373423,5.7,4.37,1.55,1.61,2.31,5.0,3.96,1.68,1.73,2.11,2021
2021,2021-02-21,Hoffenheim,Werder Bremen,4,0,H,1,0,0.502546302091899,0.26052941687820697,0.23692428102989405,0.5897897669839727,0.6087925660744513,1.8383521095613566,1.2201641711642575,2.24,3.51,3.15,1.68,2.17,2.09,3.63,3.39,1.73,2.11,2021
2021,2021-02-26,Werder Bremen,Ein Frankfurt,2,1,H,1,1,0.27188399674882785,0.2674475521081684,0.4606684511430036,0.5767010649370333,0.6082249930118317,1.28359314078862,1.7159250253204015,4.29,3.79,1.81,1.82,2.0,4.43,3.76,1.8,1.92,1.89,2021
2021,2021-02-27,Stuttgart,Schalke 04,5,1,H,1,1,0.5730591174450888,0.24841587708137045,0.17852500547354086,0.5577677456349195,0.5535851091203174,1.9158625386334367,1.0003141259355108,1.55,4.49,5.54,1.56,2.41,1.5,4.57,6.2,1.58,2.37,2021
2021,2021-02-27,RB Leipzig,M'gladbach,3,2,H,1,1,0.5401956674696122,0.25469247392861777,0.20511185860177011,0.5680837402426292,0.576830025201134,1.8684034855098521,1.092904615755553,1.59,4.21,5.55,1.67,2.2,1.63,4.19,5.12,1.67,2.2,2021
2021,2021-02-27,Dortmund,Bielefeld,3,0,H,1,0,0.7557216878398576,0.1699314686659754,0.07434684349416716,0.6232450584359116,0.47614518488789126,2.5067323119232436,0.7085126997897765,1.23,6.41,12.25,1.44,2.76,1.2,6.83,14.26,1.42,2.82,2021
2021,2021-02-27,Bayern Munich,FC Koln,5,1,H,1,1,0.8353075060851549,0.11257374526715816,0.05211874864768694,0.7838044413163608,0.5520800526161985,3.3206527073215737,0.8358961961596973,1.21,7.07,12.37,1.35,3.15,1.18,7.57,14.09,1.31,3.4,2021
2021,2021-02-27,Wolfsburg,Hertha,2,0,H,0,0,0.5476570064267567,0.26224981879773634,0.19009317477550677,0.5228230645758661,0.5357037946817936,1.7865806575138823,0.9811732188053661,1.84,3.71,4.24,1.85,1.96,1.73,3.93,4.65,1.76,2.06,2021
2021,2021-02-28,Union Berlin,Hoffenheim,1,1,D,0,1,0.3757318349751322,0.2753161404870082,0.3489520245378596,0.5716435328946121,0.6150056019476885,1.5188585604104647,1.4581712231383226,2.65,3.32,2.69,1.77,2.04,2.37,3.38,3.01,1.8,2.02,2021
2021,2021-02-28,Mainz,Augsburg,0,1,A,0,0,0.4067897562435724,0.285061139172353,0.30814910458407474,0.5265894288664849,0.5781372755758902,1.500389931746683,1.2830510523277727,2.06,3.39,3.73,2.03,1.78,2.08,3.54,3.49,1.94,1.86,2021
2021,2021-02-28,Leverkusen,Freiburg,1,2,A,1,1,0.5556926423790134,0.24753431107734905,0.1967730465436376,0.58486464267322,0.5844229152317221,1.9397027353225356,1.0964798488991734,1.76,3.89,4.45,1.63,2.28,1.84,3.61,4.37,1.66,2.22,2021
2021,2021-03-05,Schalke 04,Mainz,0,0,D,0,0,0.31368974455220044,0.29300755038291515,0.3933027050648844,0.4961292584392576,0.5555351922951307,1.243307288805394,1.4150878262644704,3.3,3.48,2.18,1.92,1.88,3.47,3.54,2.11,1.95,1.86,2021
2021,2021-03-06,Hoffenheim,Wolfsburg,2,1,H,1,1,0.36336873644278495,0.27402267428429333,0.3626085892729216,0.5749304663615583,0.6173897094620111,1.4966755041180881,1.4949493661161488,2.67,3.47,2.59,1.69,2.16,2.94,3.48,2.38,1.65,2.24,2021
2021,2021-03-06,M'gladbach,Leverkusen,0,1,A,0,0,0.394995604018217,0.26831306274404226,0.33669133323774075,0.5951919316380403,0.6315898830028588,1.6087531494127527,1.4744610048140192,2.52,3.55,2.69,1.58,2.36,2.61,3.48,2.65,1.69,2.17,2021
2021,2021-03-06,Bayern Munich,Dortmund,4,2,H,1,1,0.5898936495543153,0.20526192678604038,0.2048444236596444,0.7516702475906697,0.7115931724975656,2.4779076805906506,1.4535766860041057,1.56,4.7,5.15,1.32,3.31,1.65,4.38,4.69,1.32,3.37,2021
2021,2021-03-06,Hertha,Augsburg,2,1,H,1,1,0.43611266751657035,0.28510290912666697,0.2787844233567628,0.5123962952728853,0.5621567109309161,1.5345400821768405,1.190118974757282,2.12,3.28,3.71,2.15,1.7,1.97,3.47,3.98,2.07,1.75,2021
2021,2021-03-06,Ein Frankfurt,Stuttgart,1,1,D,0,1,0.5256712332061373,0.23501258771740705,0.23931617907645567,0.6738867884321837,0.6684845193220611,2.089823436783292,1.3818990726477887,1.84,3.98,3.94,1.45,2.7,1.93,3.79,3.79,1.47,2.65,2021
2021,2021-03-06,Freiburg,RB Leipzig,0,3,A,1,0,0.2062242477940768,0.25955915871840984,0.5342165934875134,0.5490041112688742,0.5631681638659299,1.0648474909053043,1.8134802659912266,4.98,3.98,1.67,1.71,2.13,5.04,3.98,1.67,1.69,2.17,2021
2021,2021-03-07,FC Koln,Werder Bremen,1,1,D,0,1,0.3502692819024551,0.2944106530420065,0.35532006505553837,0.49560141197854046,0.5571452603586959,1.322691292114178,1.3335720711249577,3.14,3.16,2.41,2.12,1.72,2.91,3.1,2.62,2.3,1.62,2021
2021,2021-03-07,Bielefeld,Union Berlin,0,0,D,0,0,0.21058568936148098,0.3108628483465976,0.4785514622919213,0.38067910208232897,0.4406944007713115,0.8358759166101184,1.3767851791969814,3.91,3.41,2.01,2.11,1.72,3.96,3.38,2.0,2.25,1.64,2021
2021,2021-03-10,Bielefeld,Werder Bremen,0,2,A,0,0,0.2513920658502714,0.3280431515051629,0.4205647826445656,0.3659490839665024,0.44548814804847914,0.9113462833816434,1.2464495680768661,3.59,3.2,2.19,2.32,1.61,3.31,3.19,2.3,2.3,1.62,2021
2021,2021-03-12,Augsburg,M'gladbach,3,1,H,1,1,0.241218350128559,0.2689567428026713,0.48982490706876963,0.5580434341624683,0.5866621798380148,1.1760117762283757,1.741356418393884,4.63,3.97,1.73,1.69,2.17,4.19,3.73,1.86,1.83,1.98,2021
2021,2021-03-13,Union Berlin,FC Koln,2,1,H,1,1,0.5110599093406036,0.2799038936865139,0.20903619697288242,0.49012441659052136,0.5237458287078437,1.6472480439991097,0.9869649614337044,2.03,3.24,4.07,2.32,1.61,1.96,3.35,4.17,2.28,1.63,2021
2021,2021-03-13,Werder Bremen,Bayern Munich,1,3,A,1,1,0.11770191692700285,0.18724282527019698,0.6950552578028002,0.6866177099362085,0.5941742276980828,1.003308446698437,2.537527387355907,12.15,7.11,1.21,1.3,3.46,10.28,6.41,1.26,1.35,3.16,2021
2021,2021-03-13,Mainz,Freiburg,1,0,H,0,0,0.32631098233795397,0.28868761778535235,0.38500139987669363,0.5255258788756588,0.5803550525656967,1.32497013422822,1.4540326680934634,2.36,3.22,3.19,2.07,1.75,2.64,3.32,2.72,1.95,1.85,2021
2021,2021-03-13,Dortmund,Hertha,2,0,H,0,0,0.6628984151681239,0.20025993836967626,0.13684164646219982,0.6769072134457986,0.6077123080779816,2.42724898966632,1.0607240948267833,1.51,4.38,6.42,1.63,2.26,1.5,4.58,6.15,1.55,2.45,2021
2021,2021-03-13,Wolfsburg,Schalke 04,5,0,H,1,0,0.6714516292150463,0.22085005694989768,0.10769831383505622,0.5333485708279403,0.4694987011606967,2.074956136093992,0.736842213907231,1.41,4.68,7.76,1.71,2.13,1.35,5.02,9.39,1.63,2.27,2021
2021,2021-03-14,Leverkusen,Bielefeld,1,2,A,1,1,0.6983367603948606,0.21256304698154516,0.08910019262359417,0.5132529538941565,0.42744251019802426,2.0872540417615464,0.6409495594955188,1.41,4.88,7.43,1.58,2.37,1.38,4.98,8.18,1.62,2.28,2021
2021,2021-03-14,RB Leipzig,Ein Frankfurt,1,1,D,0,1,0.5804584581960035,0.23509343860590787,0.18444810319808874,0.6230756848140079,0.6060587219266577,2.0877239381561106,1.126612864286087,1.65,4.1,5.07,1.58,2.38,1.81,3.79,4.28,1.58,2.38,2021
2021,2021-03-14,Stuttgart,Hoffenheim,2,0,H,0,0,0.37436026320227345,0.25375405740517376,0.3718856793925529,0.66499508840195,0.6857887957083922,1.7153259610108054,1.709352812354892,2.53,3.64,2.66,1.48,2.61,2.46,3.72,2.68,1.48,2.63,2021
2021,2021-03-19,Bielefeld,RB Leipzig,0,1,A,0,0,0.09968428392815933,0.22636442922140204,0.6739512868504385,0.49100074893364365,0.42796602093281555,0.6551364060396756,1.9826100035130132,8.41,4.86,1.38,1.63,2.29,8.83,4.95,1.37,1.7,2.15,2021
2021,2021-03-20,Ein Frankfurt,Union Berlin,5,2,H,1,1,0.48414004473847005,0.271679320498061,0.2441806347634689,0.5483346103788206,0.580298222481032,1.7085623965077568,1.16688952939018,1.93,3.68,3.84,1.81,2.0,1.86,3.72,4.09,1.8,2.0,2021
2021,2021-03-20,Werder Bremen,Wolfsburg,1,2,A,1,1,0.25230073121989166,0.2955868646455663,0.45211240413454207,0.46899267433669806,0.5244842936570316,1.062006945531078,1.488173810792876,4.63,3.55,1.81,2.06,1.75,4.29,3.61,1.85,1.96,1.85,2021
2021,2021-03-20,Schalke 04,M'gladbach,0,3,A,1,0,0.16464741766228239,0.24087664648928173,0.5944759358484359,0.5708651041965029,0.554201831134871,0.9802393500167724,1.9933575408949984,7.13,4.75,1.43,1.57,2.4,6.85,4.6,1.46,1.6,2.34,2021
2021,2021-03-20,FC Koln,Dortmund,2,2,D,1,1,0.1637345177214588,0.2172659181327797,0.6189995641457615,0.6578845380834314,0.6166579555211781,1.1209040558567764,2.266857554705934,6.52,4.66,1.47,1.61,2.31,6.99,4.8,1.43,1.57,2.39,2021
2021,2021-03-20,Bayern Munich,Stuttgart,4,0,H,1,0,0.7631872591395253,0.14653169766539562,0.09028104319507918,0.7770026372526755,0.6290207458544395,3.0503339984359243,1.0560763738324066,1.24,6.84,10.17,1.24,3.97,1.23,6.95,10.48,1.22,4.13,2021
2021,2021-03-21,Hoffenheim,Mainz,1,2,A,1,1,0.5687349867768194,0.23774356391359736,0.1935214493095832,0.6230398807691224,0.6111874882675602,2.0607036555287546,1.1534581814565756,1.92,3.72,3.84,1.68,2.17,1.92,3.71,3.88,1.64,2.26,2021
2021,2021-03-21,Hertha,Leverkusen,3,0,H,1,0,0.25277967666587803,0.2720300554097179,0.4751902679244043,0.5533371647770284,0.5867586733739342,1.1970453783281885,1.6999358196165293,3.45,3.59,2.08,1.73,2.1,3.5,3.51,2.08,1.83,1.98,2021
2021,2021-03-21,Freiburg,Augsburg,2,0,H,0,0,0.4697445718855182,0.279151684826741,0.25110374328774065,0.5262454690006723,0.5664473588007227,1.6336758160142386,1.148330505293572,1.83,3.52,4.58,2.0,1.81,1.96,3.55,3.89,1.98,1.83,2021
2021,2021-04-03,M'gladbach,Freiburg,2,1,H,1,1,0.5291094964120602,0.254884621846784,0.2160058817411558,0.5803768239308704,0.5913382877011879,1.8721806276301973,1.1437911947407366,1.72,3.94,4.65,1.68,2.18,1.81,3.92,4.16,1.68,2.2,2021
2021,2021-04-03,RB Leipzig,Bayern Munich,0,1,A,0,0,0.3493120561031413,0.26026021552776635,0.39042772836909223,0.6321570189175371,0.6601421779604739,1.580687912578239,1.6777477237452871,2.68,3.6,2.53,1.61,2.3,2.78,3.68,2.41,1.59,2.35,2021
2021,2021-04-03,Wolfsburg,FC Koln,1,0,H,0,0,0.6259537833157011,0.23249990704852394,0.14154630963577505,0.5573639707042436,0.523738056359946,2.0296148547910953,0.884815858148988,1.64,3.93,5.47,1.91,1.9,1.53,4.2,6.25,1.83,1.98,2021
2021,2021-04-03,Mainz,Bielefeld,1,1,D,0,1,0.49189532130905067,0.3027611588772813,0.20534351981366794,0.4044628667543892,0.45711012899446274,1.4456977158416222,0.8561952523555668,1.82,3.63,4.45,1.94,1.87,1.8,3.64,4.62,2.01,1.81,2021
2021,2021-04-03,Leverkusen,Schalke 04,2,1,H,1,1,0.7244430519779823,0.18555752030548,0.0899994277165378,0.6131935744197164,0.49836677142333896,2.3990075074276684,0.7681989899660183,1.3,5.7,9.97,1.51,2.53,1.23,6.48,12.45,1.46,2.69,2021
2021,2021-04-03,Dortmund,Ein Frankfurt,1,2,A,1,1,0.5407836374150661,0.22482289033100927,0.2343934722539245,0.7109425880842019,0.6943916121194372,2.229417160906107,1.4493095896406483,1.74,4.15,4.32,1.4,2.9,1.79,3.99,4.2,1.46,2.69,2021
2021,2021-04-03,Augsburg,Hoffenheim,2,1,H,1,1,0.30099962072455744,0.2657941848373553,0.4332061944380873,0.5984047923566816,0.6302991504454567,1.395980016838835,1.7020286033780447,3.66,3.6,2.01,1.77,2.05,3.66,3.72,1.97,1.64,2.25,2021
2021,2021-04-04,Stuttgart,Werder Bremen,1,0,H,0,0,0.470441876004228,0.2745835607234158,0.25497456327235635,0.5408178787250711,0.5775351234558646,1.663099773183083,1.1802639647453304,1.93,3.64,3.95,1.75,2.08,1.94,3.61,3.88,1.78,2.03,2021
2021,2021-04-04,Union Berlin,Hertha,1,1,D,0,1,0.44697958079402733,0.2887385367361738,0.2642818824697988,0.4954157782035221,0.5466986595365448,1.5258236528100717,1.1296910303360335,2.56,3.2,2.9,2.17,1.69,2.51,3.22,2.93,2.08,1.75,2021
2021,2021-04-09,Bielefeld,Freiburg,1,0,H,0,0,0.23911305929918542,0.30697595910842673,0.4539109815923877,0.40916209831676564,0.47266876123938834,0.9397030522234628,1.379935576917627,2.69,3.2,2.77,2.11,1.73,2.94,3.2,2.55,2.17,1.7,2021
2021,2021-04-10,Stuttgart,Dortmund,2,3,A,1,1,0.26611766740549775,0.2453848172896798,0.4884975153048224,0.6504214178456313,0.6593746102109174,1.4062854823251056,1.943246077391346,4.1,4.12,1.79,1.44,2.74,3.9,4.0,1.86,1.49,2.61,2021
2021,2021-04-10,Werder Bremen,RB Leipzig,1,4,A,1,1,0.16781554934017362,0.25914410124801984,0.5730403494118066,0.49632667165194316,0.5002297488237097,0.8777450344891741,1.7814525460681616,9.14,5.17,1.34,1.68,2.18,7.52,4.79,1.42,1.78,2.04,2021
2021,2021-04-10,Hertha,M'gladbach,2,2,D,1,1,0.292379035513187,0.2710336343792627,0.4365873301075503,0.5663742420429516,0.6040460186195896,1.313397974550548,1.6403798735620816,3.2,3.51,2.23,1.74,2.09,3.15,3.5,2.26,1.74,2.1,2021
2021,2021-04-10,Ein Frankfurt,Wolfsburg,4,3,H,1,1,0.4014566140898314,0.2726262859336278,0.3259170999765408,0.5714151693179825,0.6124346714116885,1.5736747365381183,1.4023438684403455,2.48,3.5,2.8,1.64,2.25,2.41,3.43,2.94,1.73,2.12,2021
2021,2021-04-10,Bayern Munich,Union Berlin,1,1,D,0,1,0.7560851986325704,0.15817946270934327,0.0857353386580863,0.7054703094065199,0.5594320619098073,2.75962446680892,0.8875188017611524,1.84,3.71,4.33,1.75,2.07,1.47,4.68,6.49,1.52,2.5,2021
2021,2021-04-11,Schalke 04,Augsburg,1,0,H,0,0,0.2890169106168642,0.29463240272825414,0.4163506866548816,0.47736846718274495,0.5371261717343293,1.155724674050477,1.4275702525298817,2.84,3.31,2.54,1.98,1.83,3.22,3.34,2.29,2.22,1.66,2021
2021,2021-04-11,FC Koln,Mainz,2,3,A,1,1,0.39127782979878756,0.2872896024317419,0.3214325677694706,0.5141544868581447,0.5691930528459451,1.442184862148797,1.2897046501121825,2.95,3.23,2.51,2.06,1.76,3.03,3.26,2.44,2.08,1.76,2021
2021,2021-04-12,Hoffenheim,Leverkusen,0,0,D,0,0,0.3580005725631361,0.25540405696936597,0.3865953704674979,0.6340047305920856,0.659489536659782,1.599964360169553,1.6675396347961255,2.8,3.71,2.38,1.57,2.39,2.87,3.57,2.38,1.57,2.38,2021
2021,2021-04-16,RB Leipzig,Hoffenheim,0,0,D,0,0,0.6373630089262146,0.2115798790225677,0.15105711205121777,0.6356545767527517,0.58548486293296,2.2447416582145068,1.030924677006123,1.38,5.15,7.93,1.52,2.52,1.4,5.03,7.77,1.54,2.48,2021
2021,2021-04-17,Leverkusen,FC Koln,3,0,H,1,0,0.6375291883871725,0.21508447085018592,0.1473863407626416,0.6149422451231537,0.5669134685704467,2.191191921457163,0.9842606442397613,1.64,3.95,5.41,1.76,2.07,1.64,3.91,5.55,1.75,2.09,2021
2021,2021-04-17,Wolfsburg,Bayern Munich,2,3,A,1,1,0.23020668091054858,0.2405334799528665,0.5292598391365849,0.6295740065379752,0.6300989082090794,1.2639050406441226,1.9819159202344654,3.8,3.88,1.9,1.5,2.57,3.8,3.88,1.9,1.53,2.47,2021
2021,2021-04-17,Union Berlin,Stuttgart,2,1,H,1,1,0.41931297542105006,0.2823634065881189,0.2983236179908312,0.5137494451423249,0.5642378852250893,1.4973979628722773,1.2328247303389193,2.16,3.39,3.46,1.92,1.89,2.3,3.4,3.15,1.86,1.95,2021
2021,2021-04-17,M'gladbach,Ein Frankfurt,4,0,H,1,0,0.433906409108979,0.24552718385181194,0.32056640703920913,0.6663569998162332,0.6805008834937316,1.8532004793010053,1.5786235728190572,2.35,3.87,2.76,1.37,3.09,2.54,3.71,2.61,1.49,2.59,2021
2021,2021-04-17,Freiburg,Schalke 04,4,0,H,1,0,0.5879213059051381,0.24815555478795456,0.16392313930690733,0.5177106655900624,0.5102906743258098,1.854682692751025,0.8918826644339295,1.66,3.91,5.31,1.83,1.98,1.69,3.94,4.94,1.84,1.98,2021
2021,2021-04-17,Augsburg,Bielefeld,0,0,D,0,0,0.47042991476017665,0.3075323578146144,0.22203772742520891,0.3839610827770962,0.44478145979768413,1.3632594156246567,0.86166311156227,2.36,3.29,3.12,2.07,1.76,2.49,3.21,2.98,2.19,1.68,2021
2021,2021-04-18,Dortmund,Werder Bremen,4,1,H,1,1,0.6657608941078346,0.20021263215579227,0.134026473736373,0.6474941727230749,0.5779823010835737,2.3446042086026138,0.9901557799271956,1.31,5.65,9.22,1.46,2.69,1.39,5.05,7.65,1.51,2.54,2021
2021,2021-04-20,FC Koln,RB Leipzig,2,1,H,1,1,0.1355350736552114,0.2272314234266157,0.6372335029181728,0.5622799634408808,0.5206892966932355,0.8705982310233829,2.065250559510661,5.75,4.22,1.57,1.74,2.11,7.68,4.75,1.42,1.7,2.16,2021
2021,2021-04-20,Bayern Munich,Leverkusen,2,0,H,0,0,0.6596189299093425,0.1954023484634261,0.14497872162723113,0.7032177687282203,0.6337361048570819,2.4964169174604574,1.1376298493907646,1.53,4.66,5.68,1.4,2.9,1.45,4.96,6.48,1.37,3.06,2021
2021,2021-04-20,Bielefeld,Schalke 04,1,0,H,0,0,0.40277615505028014,0.3352043620175145,0.2620194829322053,0.34086081217771386,0.4261037460338542,1.1690464780389103,0.8957677512071229,1.9,3.58,4.19,1.85,1.96,1.75,3.65,5.0,2.07,1.77,2021
2021,2021-04-20,Ein Frankfurt,Augsburg,2,0,H,0,0,0.6113966416301739,0.22247790083202934,0.16612545753779667,0.6350305299159825,0.6004038161727903,2.186522941948841,1.0860584619519271,1.32,5.77,9.02,1.38,3.0,1.44,4.86,7.0,1.5,2.6,2021
2021,2021-04-21,Stuttgart,Wolfsburg,1,3,A,1,1,0.3131606109027427,0.2804572390797677,0.4063821500174896,0.5436770455486317,0.5912470188815699,1.3239161502874062,1.531615022252747,4.01,4.19,1.79,1.52,2.53,3.36,3.78,2.06,1.68,2.19,2021
2021,2021-04-21,Werder Bremen,Mainz,0,1,A,0,0,0.41973880427657173,0.2894084944883685,0.2908527012350599,0.5027761798440968,0.5574591272779548,1.4826170169376522,1.2027185870857684,3.21,3.28,2.32,2.01,1.81,3.09,3.29,2.38,2.05,1.78,2021
2021,2021-04-21,Dortmund,Union Berlin,2,0,H,0,0,0.5904858732038176,0.23271992486325674,0.17679420193292578,0.6122524915254276,0.5914841586383275,2.0812991632088123,1.0814000041816794,1.51,4.58,6.15,1.59,2.38,1.54,4.42,5.95,1.62,2.31,2021
2021,2021-04-21,Hoffenheim,M'gladbach,3,2,H,1,1,0.3637655436415565,0.2602130866238334,0.3760213697346102,0.6307533177818415,0.6591914047286397,1.611336227368671,1.6402311771511984,2.68,3.63,2.52,1.54,2.46,3.08,3.69,2.21,1.61,2.32,2021
2021,2021-04-23,Augsburg,FC Koln,2,3,A,1,1,0.43243958681465344,0.2862544688784334,0.28130594430691325,0.5101512695346988,0.5611386859831111,1.5228425884282273,1.1926033845800743,2.89,3.27,2.54,2.08,1.76,2.91,3.26,2.54,2.14,1.71,2021
2021,2021-04-24,Freiburg,Hoffenheim,1,1,D,0,1,0.37841064853043116,0.27136698661423925,0.3502223648553296,0.5856227369595328,0.6252693176152402,1.552039181236939,1.4875612552241393,3.07,3.69,2.23,1.62,2.31,2.76,3.51,2.5,1.7,2.16,2021
2021,2021-04-24,Mainz,Bayern Munich,2,1,H,1,1,0.10506403299041664,0.16914584357950282,0.7257901234300808,0.7200280301571573,0.6022371084913843,1.0073840154224958,2.7253469400032064,10.24,6.57,1.26,1.29,3.59,8.74,5.81,1.32,1.36,3.11,2021
2021,2021-04-24,Union Berlin,Werder Bremen,3,1,H,1,1,0.4827788582985631,0.2883157318989267,0.2289054098025102,0.4692806848023236,0.5152913080805598,1.547780884750214,1.003535039730263,2.04,3.35,3.91,2.12,1.73,1.91,3.48,4.24,2.12,1.73,2021
2021,2021-04-24,Wolfsburg,Dortmund,0,2,A,0,0,0.3638254706589994,0.26645663269105263,0.3697178966499479,0.6057976167073584,0.6405934426886972,1.559343316247335,1.573002873886111,3.24,3.95,2.07,1.47,2.67,3.12,3.93,2.12,1.55,2.44,2021
2021,2021-04-24,Leverkusen,Ein Frankfurt,3,1,H,1,1,0.4688058905349046,0.2510135699234806,0.2801805395416146,0.6423431383748364,0.6578315944432871,1.88020924159658,1.4286266173757727,2.18,3.81,3.08,1.5,2.59,2.28,3.76,2.92,1.47,2.66,2021
2021,2021-04-25,M'gladbach,Bielefeld,5,0,H,1,0,0.6637661620405277,0.2281309314588162,0.1081029065006561,0.4982870412030925,0.4429705241511928,1.9756255187378355,0.6915094579871744,1.64,3.92,5.55,1.74,2.12,1.62,3.87,5.88,1.72,2.14,2021
2021,2021-04-25,RB Leipzig,Stuttgart,2,0,H,0,0,0.6565886971460564,0.2152436937765663,0.1281676090773774,0.5923626245686583,0.5345754117792546,2.181972619146574,0.8883089249885273,1.37,5.18,8.06,1.52,2.51,1.39,5.14,7.52,1.46,2.68,2021
2021,2021-05-03,Mainz,Hertha,1,1,D,0,1,0.391775487159785,0.2861139680168179,0.3221105448233972,0.5150401988324798,0.5694033118749644,1.4438564246989742,1.2916810848306568,2.41,3.27,3.09,2.05,1.78,2.41,3.49,2.89,1.85,1.97,2021
2021,2021-05-06,Hertha,Freiburg,3,0,H,1,0,0.39349627851941205,0.2845885168277965,0.3219152046527914,0.5207862634721353,0.573717570830751,1.4581295471855693,1.3011622802498066,2.3,3.23,3.31,2.1,1.74,2.03,3.61,3.62,1.85,1.97,2021
2021,2021-05-07,Stuttgart,Augsburg,2,1,H,1,1,0.5064247974216269,0.26325101250136657,0.23032419007700644,0.5509280707834413,0.5741497747752328,1.7566913748971411,1.1299053005873065,2.14,3.47,3.44,1.74,2.11,2.24,3.46,3.25,1.76,2.09,2021
2021,2021-05-08,Bayern Munich,M'gladbach,6,0,H,1,0,0.6755481357556886,0.1824789541797077,0.1419729100646037,0.7411958284130454,0.6592491503004225,2.6609415062660045,1.2026685797075176,1.42,5.44,6.45,1.25,3.94,1.37,5.48,7.64,1.3,3.55,2021
2021,2021-05-08,Dortmund,RB Leipzig,3,2,H,1,1,0.3791895972366253,0.27065107870633837,0.3501593240570363,0.5794599015960336,0.6195037290636328,1.538992944794897,1.4728607707089576,2.3,3.67,2.98,1.61,2.32,2.19,3.68,3.18,1.6,2.35,2021
2021,2021-05-08,Hoffenheim,Schalke 04,4,2,H,1,1,0.6901335909642816,0.19750628851301488,0.11236012052270353,0.6159911551537262,0.5309304957910892,2.3198079566171494,0.8606524875506631,1.29,5.89,9.7,1.4,2.93,1.22,6.72,12.63,1.41,2.88,2021
2021,2021-05-08,Werder Bremen,Leverkusen,0,0,D,0,0,0.2422901868279299,0.27576039220414095,0.4819494209679292,0.5148614399204048,0.5522837527706272,1.1028935217458504,1.6319089516854945,3.87,3.62,1.96,1.75,2.09,4.32,3.8,1.81,1.81,2.02,2021
2021,2021-05-08,Wolfsburg,Union Berlin,3,0,H,1,0,0.5043100388900861,0.2781317095621576,0.2175582515477564,0.48519605067521604,0.5205395613658487,1.6190579956663926,0.995410810058926,1.82,3.6,4.6,1.96,1.85,1.78,3.75,4.64,1.9,1.92,2021
2021,2021-05-09,Hertha,Bielefeld,0,0,D,0,0,0.5462924304086975,0.2830897388905354,0.17061783070076716,0.41646501886339515,0.44326557929069776,1.5680799821876792,0.7792255623606466,1.88,3.56,4.28,2.01,1.8,1.89,3.66,4.09,1.9,1.91,2021
2021,2021-05-09,Ein Frankfurt,Mainz,1,1,D,0,1,0.591728735631875,0.2247052681980154,0.18356599617010946,0.6440437056827254,0.6176302774322472,2.1624126401355377,1.1549561498537275,1.92,4.01,3.64,1.43,2.81,1.83,4.06,3.96,1.53,2.52,2021
2021,2021-05-09,FC Koln,Freiburg,1,4,A,1,1,0.33831655155125134,0.279641896016011,0.38204155243273746,0.5427023274844928,0.5914108042389337,1.3770761340152844,1.474301359782518,1.95,3.71,3.81,1.75,2.09,2.05,3.69,3.49,1.82,2.0,2021
2021,2021-05-12,Schalke 04,Hertha,1,2,A,1,1,0.2468780266594324,0.2896229456689779,0.4634990276715896,0.4875739497295407,0.5368857745704323,1.0777443880377295,1.5462382517415438,6.1,4.3,1.54,1.73,2.12,7.0,4.67,1.45,1.64,2.29,2021
2021,2021-05-15,Augsburg,Werder Bremen,2,0,H,0,0,0.39558678165000083,0.3044086789952145,0.30000453935478466,0.46157362911249994,0.5291535513756181,1.3613338938502517,1.1597110477058954,2.52,3.17,3.0,2.09,1.76,2.59,3.16,2.92,2.12,1.73,2021
2021,2021-05-15,Bielefeld,Hoffenheim,1,1,D,0,1,0.20527786194774422,0.29028616765308185,0.5044359703991741,0.4505566729779404,0.49271058850855465,0.9208389333235878,1.557261431074663,2.48,3.8,2.64,1.5,2.6,2.68,3.67,2.5,1.73,2.12,2021
2021,2021-05-15,Freiburg,Bayern Munich,2,2,D,1,1,0.14564173211784448,0.2015593015255143,0.6527989663566411,0.6880168786884864,0.6242586222654697,1.1135791197384621,2.4349317963948742,8.93,6.65,1.28,1.21,4.33,8.6,5.82,1.32,1.28,3.72,2021
2021,2021-05-15,Hertha,FC Koln,0,0,D,0,0,0.5050259509943923,0.26501198411568466,0.2299620648899232,0.5623907980638223,0.585435253075823,1.7827438135552656,1.153573676737918,2.93,3.21,2.55,2.23,1.66,2.59,3.28,2.83,1.99,1.83,2021
2021,2021-05-15,Leverkusen,Union Berlin,1,1,D,0,1,0.527531594566869,0.2723933866059123,0.20007501882721898,0.5061296676499856,0.5306932173349261,1.7125515946293406,0.9864489132545419,1.96,3.64,3.88,1.78,2.06,1.88,3.71,4.12,1.85,1.97,2021
2021,2021-05-15,M'gladbach,Stuttgart,1,2,A,1,1,0.5627749355095942,0.23347381302614273,0.203751251464263,0.6525279790468903,0.6384822743657447,2.1219557864778738,1.238310893273522,1.5,4.97,5.58,1.32,3.37,1.64,4.56,4.6,1.38,3.01,2021
2021,2021-05-15,Schalke 04,Ein Frankfurt,4,3,H,1,1,0.16960459008498402,0.23182986881477655,0.5985655411002393,0.6134655398062867,0.5888989707306004,1.0638053467112396,2.104634524508046,11.91,6.81,1.23,1.38,3.03,12.16,6.92,1.22,1.32,3.35,2021
2021,2021-05-16,Mainz,Dortmund,1,3,A,1,1,0.20418065379589245,0.24089793889029992,0.5549214073138078,0.6253251869834444,0.6189669145045298,1.189608026870601,2.0355831994410214,6.84,5.53,1.39,1.36,3.13,6.61,5.02,1.44,1.42,2.87,2021
2021,2021-05-16,RB Leipzig,Wolfsburg,2,2,D,1,1,0.526967429962713,0.27288056496049373,0.20015200507679326,0.5045091720745002,0.529558062003294,1.7081086382604873,0.984283906548611,2.03,3.57,3.68,1.73,2.13,2.21,3.44,3.3,1.73,2.13,2021
2021,2021-05-22,Union Berlin,RB Leipzig,2,1,H,1,1,0.219677868011471,0.2900532206764302,0.4902689113120988,0.4783519454358874,0.5223998132424098,1.0012502571961532,1.585950198325596,3.65,3.9,1.94,1.6,2.34,2.97,3.89,2.22,1.53,2.52,2021
2021,2021-05-22,Stuttgart,Bielefeld,0,2,A,0,0,0.5689702258871915,0.27804966196090525,0.15298011215190324,0.43892770937096787,0.4533592437553374,1.6633064917925142,0.7698461677021293,2.29,3.83,2.89,1.53,2.5,2.4,3.89,2.7,1.47,2.65,2021
2021,2021-05-22,Hoffenheim,Hertha,2,1,H,1,1,0.5091743977462195,0.2604703711661231,0.2303552310876572,0.5921583791062087,0.6092786836845403,1.8601318083598555,1.209189940343793,1.7,4.31,4.47,1.4,2.96,1.94,3.99,3.6,1.4,2.94,2021
2021,2021-05-22,Werder Bremen,M'gladbach,2,4,A,1,1,0.25718239906969087,0.27734183410985147,0.4654757668204576,0.551605024579157,0.5892178411502065,1.2098374585823841,1.679672655530354,3.15,3.87,2.13,1.52,2.52,2.67,3.92,2.42,1.48,2.64,2021
2021,2021-05-22,Ein Frankfurt,Freiburg,3,1,H,1,1,0.5221139653082791,0.2452487416988122,0.2326372929929087,0.6495719948659769,0.6515092702536547,2.0245197180484826,1.3207066713805682,2.04,4.27,3.12,1.29,3.61,2.07,4.23,3.07,1.29,3.6,2021
2021,2021-05-22,Dortmund,Leverkusen,3,1,H,1,1,0.5214306700622525,0.2492144532139713,0.2293548767237763,0.6322157596509499,0.6376891707152944,1.9803141176851615,1.2784186547435061,1.56,4.77,5.19,1.28,3.7,1.55,4.63,5.45,1.3,3.52,2021
2021,2021-05-22,Bayern Munich,Augsburg,5,2,H,1,1,0.8342870782098952,0.11714457428698306,0.04856834750312158,0.7607860583214983,0.5244570662730432,3.219904376098026,0.773380711810718,1.14,9.65,16.44,1.14,5.79,1.13,9.9,18.62,1.16,5.2,2021
2021,2021-05-22,FC Koln,Schalke 04,1,0,H,0,0,0.5243078048854669,0.2676536410750691,0.2080385540394638,0.5448911514708725,0.5653157446567212,1.7897132596580334,1.0710028105275484,1.37,5.64,7.23,1.32,3.39,1.35,5.57,8.01,1.33,3.31,2021
2021,2021-05-22,Wolfsburg,Mainz,2,3,A,1,1,0.5946818801694952,0.24957135706101122,0.1557467627694935,0.5398315067065877,0.5278832527223427,1.9270060489813816,0.9121783451669572,1.82,4.02,4.06,1.4,2.97,1.66,4.3,4.81,1.41,2.9,2021
2122,2021-08-13,M'gladbach,Bayern Munich,1,1,D,0,1,0.22629499399799416,0.2191727083079968,0.554532297694009,0.7330014369919365,0.7090354508702756,1.4797217151206767,2.332119223249168,4.43,4.31,1.7,1.38,3.01,4.54,4.32,1.7,1.4,2.96,2122
2122,2021-08-14,Augsburg,Hoffenheim,0,4,A,1,0,0.30256097754250466,0.27411103544615034,0.4233279870113449,0.5789354110330966,0.617954059229097,1.3668605466909458,1.6426444561855467,3.22,3.63,2.17,1.62,2.3,3.19,3.68,2.17,1.62,2.33,2122
2122,2021-08-14,Bielefeld,Freiburg,0,0,D,0,0,0.2751897162861062,0.3278106496951798,0.39699963401871396,0.381781683357216,0.4642011907779983,0.986679723017946,1.23009861307093,3.01,3.17,2.51,2.28,1.64,2.92,3.27,2.52,1.99,1.84,2122
2122,2021-08-14,Stuttgart,Greuther Furth,5,1,H,1,1,0.5515070738033545,0.2754376996560464,0.17305522654059902,0.46864872744757813,0.4882676427613908,1.6866126899919283,0.8622157972608133,1.83,3.82,4.2,1.71,2.16,1.86,3.9,3.98,1.6,2.38,2122
2122,2021-08-14,Union Berlin,Leverkusen,1,1,D,0,1,0.3218723759017349,0.3019868702097908,0.37614075388847434,0.4811727305925176,0.5472341045161982,1.2412815989824657,1.3571351474444688,2.7,3.21,2.75,2.08,1.76,2.79,3.36,2.57,1.87,1.96,2122
2122,2021-08-14,Wolfsburg,Bochum,1,0,H,0,0,0.6515654402321993,0.238474346073596,0.10996021369420479,0.48135968020162523,0.43720483564764623,1.9156557827310547,0.6835163607984402,1.45,4.72,6.93,1.61,2.33,1.57,4.37,5.63,1.6,2.38,2122
2122,2021-08-14,Dortmund,Ein Frankfurt,5,2,H,1,1,0.5976360670775821,0.20660793379494963,0.19575599912746838,0.7468017528603432,0.7049957756760028,2.4840422468845986,1.4155789906301153,1.47,4.98,6.08,1.37,3.09,1.44,5.17,6.49,1.35,3.21,2122
2122,2021-08-15,Mainz,RB Leipzig,1,0,H,0,0,0.1845186936473403,0.2623811596097843,0.5531001467428753,0.5287353125735519,0.5391381609058875,0.9787065114624909,1.8137110604749993,7.41,4.86,1.42,1.63,2.29,8.07,5.44,1.35,1.54,2.5,2122
2122,2021-08-15,FC Koln,Hertha,3,1,H,1,1,0.35438936856198544,0.2933898878098484,0.3522207436281663,0.515509417664269,0.5745077335757077,1.371102746602424,1.3663686737448657,2.36,3.36,3.07,1.98,1.84,2.57,3.34,2.8,1.96,1.88,2122
2122,2021-08-20,RB Leipzig,Stuttgart,4,0,H,1,0,0.6470799197575052,0.2195434207640338,0.13337665947846072,0.6004008183059988,0.5488216071698605,2.183493566338846,0.9237750999523001,1.49,4.65,6.27,1.51,2.57,1.42,4.98,7.24,1.52,2.54,2122
2122,2021-08-21,Leverkusen,M'gladbach,4,0,H,1,0,0.44826659205454633,0.2694113329450408,0.28232207500041273,0.5868746023051031,0.6198972375220301,1.713626302001561,1.331644111133532,2.27,3.57,3.1,1.63,2.31,2.32,3.62,2.95,1.59,2.38,2122
2122,2021-08-21,Hertha,Wolfsburg,1,2,A,1,1,0.28239022053317775,0.2920409413783598,0.4255688380884627,0.5040286670222318,0.5590396761101604,1.1894978207106888,1.5009349030166796,3.28,3.45,2.23,1.9,1.93,3.06,3.44,2.33,1.83,2.0,2122
2122,2021-08-21,Greuther Furth,Bielefeld,1,1,D,0,1,0.25143842255775645,0.3047979290236753,0.4437636484185682,0.4436962742627562,0.5063592797160512,1.0242800203115903,1.427256832058315,2.58,3.41,2.74,1.86,1.97,2.57,3.39,2.77,1.99,1.84,2122
2122,2021-08-21,Bochum,Mainz,2,0,H,0,0,0.2555258254408073,0.3445099811447087,0.39996419341448425,0.32450284117255557,0.4137892481803657,0.8636534825893557,1.1407034232090947,2.9,3.41,2.47,1.87,1.96,2.66,3.51,2.6,1.77,2.07,2122
2122,2021-08-21,Ein Frankfurt,Augsburg,0,0,D,0,0,0.6287937442584499,0.21345021194371305,0.15775604379783703,0.6680276528209921,0.6204986917352295,2.3196480529390255,1.1210148928248327,1.62,4.34,5.11,1.56,2.44,1.61,4.38,5.1,1.56,2.44,2122
2122,2021-08-21,Freiburg,Dortmund,2,1,H,1,1,0.24232049952734028,0.2482377157263489,0.5094417847463107,0.6394109662563544,0.6465682531721477,1.3255420021880469,1.9686889038822797,4.55,4.22,1.71,1.52,2.55,5.5,4.59,1.55,1.48,2.65,2122
2122,2021-08-22,Hoffenheim,Union Berlin,2,2,D,1,1,0.4774854654636681,0.2718417865769941,0.2506727479593379,0.5588156211806078,0.5911083933420619,1.7178299970641082,1.2028950331127612,1.87,3.71,4.18,1.78,2.06,2.06,3.58,3.58,1.76,2.08,2122
2122,2021-08-22,Bayern Munich,FC Koln,3,2,H,1,1,0.8533970838027951,0.10182401549347947,0.044778900703725456,0.8061508499909612,0.55284563487956,3.4995053651859664,0.8302498546792098,1.12,10.05,19.71,1.19,4.68,1.13,9.35,19.76,1.29,3.61,2122
2122,2021-08-27,Dortmund,Hoffenheim,3,2,H,1,1,0.6201715266098893,0.204507756671396,0.17532071671871502,0.7345271531592706,0.6845148959008945,2.5017591605481826,1.3196493895979708,1.41,5.55,6.57,1.31,3.5,1.44,5.23,6.51,1.32,3.44,2122
2122,2021-08-28,Bayern Munich,Hertha,5,0,H,1,0,0.8027475010750336,0.13339017314875393,0.0638623257762126,0.7559551182764072,0.5621561670744644,3.0926075649124027,0.8678606798286775,1.16,8.69,15.9,1.25,3.97,1.18,7.96,14.67,1.26,3.84,2122
2122,2021-08-28,Stuttgart,Freiburg,2,3,A,1,1,0.42663241854256967,0.2780762630073825,0.29529131845004775,0.5697013629006761,0.6112499111599932,1.6333456308994299,1.3350938196050024,2.14,3.58,3.36,1.66,2.26,2.23,3.53,3.22,1.74,2.13,2122
2122,2021-08-28,Mainz,Greuther Furth,3,0,H,1,0,0.692126851916468,0.19328230068088068,0.11459084740265117,0.6675488799276198,0.5785295301254917,2.47579188457565,0.9623915458199241,1.57,4.27,5.75,1.6,2.37,1.71,3.97,4.9,1.72,2.16,2122
2122,2021-08-28,Augsburg,Leverkusen,1,4,A,1,1,0.22580063910373255,0.28338959110723044,0.4908097697890372,0.5076475909174112,0.5465637451249304,1.060755692871563,1.644443459607453,5.0,4.04,1.68,1.7,2.19,4.75,3.87,1.74,1.79,2.06,2122
2122,2021-08-28,FC Koln,Bochum,2,1,H,1,1,0.3939794566858199,0.33567266969758597,0.2703478736165944,0.36414816638017083,0.4507258697726853,1.197536266231591,0.9535681197670502,1.72,3.97,4.77,1.65,2.27,1.88,3.73,4.11,1.76,2.1,2122
2122,2021-08-28,Bielefeld,Ein Frankfurt,1,1,D,0,1,0.21826231360905973,0.2943853444212336,0.48735234196970667,0.46362195741514867,0.5111611936968914,0.9767452779003521,1.5523268710227063,3.4,3.56,2.13,1.8,2.04,3.41,3.63,2.11,1.8,2.03,2122
2122,2021-08-29,Union Berlin,M'gladbach,2,1,H,1,1,0.3629449821809688,0.285727593376624,0.35132742444240717,0.5530408477245929,0.60396211205076,1.4608503699586783,1.434849472905746,2.56,3.31,2.83,1.86,1.97,2.58,3.3,2.82,1.82,2.02,2122
2122,2021-08-29,Wolfsburg,RB Leipzig,1,0,H,0,0,0.31812587022608996,0.30218010799519923,0.37969402177871087,0.4885284477007895,0.553813765661464,1.247849911535446,1.379957128259205,3.29,3.46,2.22,1.87,1.96,3.46,3.55,2.11,1.78,2.06,2122
2122,2021-09-11,Freiburg,FC Koln,1,1,D,0,1,0.5189966645280638,0.2625418209868171,0.21846151448511913,0.571255092456343,0.5887714283579766,1.8345116142873306,1.140803170048923,2.28,3.53,3.1,1.73,2.13,2.14,3.7,3.25,1.67,2.25,2122
2122,2021-09-11,Greuther Furth,Wolfsburg,0,2,A,0,0,0.07668559718693105,0.16345170944217574,0.7598626933708932,0.6748018995557226,0.5237613899226968,0.8011278243055542,2.675659366060615,4.76,4.21,1.68,1.58,2.41,5.52,4.29,1.59,1.63,2.33,2122
2122,2021-09-11,Hoffenheim,Mainz,0,2,A,0,0,0.5479741340602449,0.2486695472106599,0.20335631872909515,0.6057253974957374,0.6061868006930142,1.9756787430288492,1.1563406205395095,2.21,3.63,3.17,1.63,2.3,2.03,3.8,3.46,1.61,2.34,2122
2122,2021-09-11,Leverkusen,Dortmund,3,4,A,1,1,0.3868341426765498,0.2628323489066985,0.3503335084167516,0.6372056268581137,0.6658920300080302,1.684872988577562,1.5984168145164808,2.98,3.79,2.26,1.42,2.87,3.11,3.84,2.17,1.41,2.91,2122
2122,2021-09-11,Union Berlin,Augsburg,0,0,D,0,0,0.5425037850757268,0.2734698895908702,0.18402632533340305,0.4945011394582297,0.515149795067173,1.722043073370514,0.92978414018708,1.68,3.95,5.11,1.85,1.98,1.73,3.94,4.69,1.87,1.96,2122
2122,2021-09-11,RB Leipzig,Bayern Munich,1,4,A,1,1,0.34743983658864486,0.26837135758226227,0.38418880582909304,0.615665368074239,0.6498969536223236,1.5465378813164938,1.6323188399838984,3.03,3.95,2.18,1.41,2.94,2.99,3.87,2.22,1.46,2.74,2122
2122,2021-09-12,Ein Frankfurt,Stuttgart,1,1,D,0,1,0.5515270399244864,0.22862282588804697,0.21985013418746674,0.6962853238086331,0.6797607595764025,2.2165680980465794,1.3780089810899911,2.05,3.79,3.42,1.59,2.38,2.05,3.76,3.44,1.49,2.64,2122
2122,2021-09-12,Bochum,Hertha,1,3,A,1,1,0.3252562096190277,0.33390071150954065,0.3408430788714317,0.37738170156614315,0.4663891594147278,1.0846948554023277,1.1156612449355854,2.67,3.36,2.68,1.91,1.91,2.78,3.35,2.58,1.97,1.87,2122
2122,2021-09-12,M'gladbach,Bielefeld,3,1,H,1,1,0.639821787926613,0.24329801675824023,0.1168801953151467,0.4853657088071992,0.44987093293883346,1.9011813544423743,0.7139739174301146,1.46,4.59,7.2,1.57,2.44,1.46,4.68,6.86,1.66,2.26,2122
2122,2021-09-17,Hertha,Greuther Furth,2,1,H,1,1,0.746971923232944,0.17658191403190973,0.07644616273514612,0.6333496199447862,0.4955105418206624,2.5193569237298203,0.745042348194963,1.76,3.77,4.79,1.91,1.91,1.81,3.75,4.51,1.83,2.01,2122
2122,2021-09-18,Bielefeld,Hoffenheim,0,0,D,0,0,0.22895004469773023,0.3052562049542025,0.46579375034806714,0.4468389443185756,0.5049545437273095,0.9822433769999687,1.4814452908343452,3.59,3.59,2.06,1.65,2.26,3.55,3.57,2.08,1.73,2.13,2122
2122,2021-09-18,FC Koln,RB Leipzig,1,1,D,0,1,0.18127196363703307,0.25838421125066474,0.5603438251123023,0.5572535937269602,0.5611458204983234,1.018473702211229,1.8954693120906463,3.76,3.84,1.93,1.59,2.37,4.37,3.95,1.78,1.58,2.4,2122
2122,2021-09-18,Mainz,Freiburg,0,0,D,0,0,0.38374092782408076,0.30259838076420087,0.3136606914117186,0.49651905680084135,0.5609960953256572,1.40558940178733,1.2543805488510402,1.92,3.61,4.08,1.96,1.87,2.07,3.58,3.53,1.84,2.0,2122
2122,2021-09-18,Augsburg,M'gladbach,1,0,H,0,0,0.24885102707107332,0.2703902092277824,0.48075876370114423,0.5817957180043469,0.6102982907877005,1.2437091329952834,1.7786335263431776,3.51,3.74,2.05,1.6,2.35,4.1,3.9,1.84,1.59,2.41,2122
2122,2021-09-18,Bayern Munich,Bochum,7,0,H,1,0,0.8852926142727233,0.088630328690295,0.026077057036981818,0.7705825687060381,0.44180985155637525,3.464460686691365,0.5972375967796573,1.06,14.83,32.54,1.13,5.85,1.07,13.19,31.99,1.17,4.98,2122
2122,2021-09-19,Stuttgart,Leverkusen,1,3,A,1,1,0.301251895811362,0.27513743834987164,0.4236106658387664,0.5923993788438517,0.6302138476189426,1.3942255106164188,1.6761933011427286,3.39,3.74,2.08,1.52,2.53,3.18,3.73,2.16,1.54,2.5,2122
2122,2021-09-19,Dortmund,Union Berlin,4,2,H,1,1,0.6205272539884541,0.22485203086697342,0.15462071514457248,0.6377872314084416,0.5992807649579269,2.2226090745649403,1.063593562770535,1.29,5.94,9.9,1.42,2.9,1.37,5.25,8.07,1.45,2.75,2122
2122,2021-09-19,Wolfsburg,Ein Frankfurt,1,1,D,0,1,0.4953483988258568,0.26369431834576657,0.24095728282837672,0.5998495581654949,0.6205957088314269,1.8500142791785552,1.254675722203963,1.85,3.77,4.2,1.64,2.26,1.84,3.77,4.23,1.73,2.12,2122
2122,2021-09-24,Greuther Furth,Bayern Munich,1,3,A,1,1,0.018210711397062672,0.0582569798604816,0.9235323087424557,0.867781698716594,0.49464011723290485,0.6891422394735968,4.229745402886908,20.59,10.97,1.11,1.21,4.37,22.54,12.09,1.1,1.15,5.34,2122
2122,2021-09-25,Ein Frankfurt,FC Koln,1,1,D,0,1,0.596980403316951,0.22836596370564277,0.17465363297740638,0.662195716005106,0.633295915542891,2.2344543865022164,1.1756409093949935,2.12,3.74,3.27,1.55,2.46,2.04,3.8,3.46,1.61,2.35,2122
2122,2021-09-25,Hoffenheim,Wolfsburg,3,1,H,1,1,0.3560547816931685,0.2900041208460854,0.35394109746074615,0.5548618540785138,0.6077334690058467,1.4541527989110425,1.4494166317752786,2.6,3.47,2.69,1.7,2.18,2.84,3.48,2.48,1.69,2.21,2122
2122,2021-09-25,RB Leipzig,Hertha,6,0,H,1,0,0.6660950238707168,0.2212958485363478,0.11260912759293551,0.5751912397003406,0.5129995298836285,2.170623662993816,0.8221932680684282,1.3,5.61,10.23,1.53,2.51,1.35,5.27,8.85,1.59,2.4,2122
2122,2021-09-25,Union Berlin,Bielefeld,1,0,H,0,0,0.5399131485086173,0.3093926963505536,0.15069415514082918,0.36020045887085655,0.3984058973114231,1.4614189352899134,0.675029215888854,1.69,3.71,5.47,2.03,1.8,1.72,3.73,5.13,2.01,1.82,2122
2122,2021-09-25,M'gladbach,Dortmund,1,0,H,0,0,0.3375151556943508,0.24496781714889648,0.4175170271567527,0.718440765353663,0.7270388602536698,1.7610567018991325,1.9619716664246754,3.27,3.75,2.13,1.57,2.43,4.09,4.26,1.77,1.36,3.16,2122
2122,2021-09-25,Leverkusen,Mainz,1,0,H,0,0,0.5859653515267754,0.2547209345577591,0.15931371391546545,0.5466138880287706,0.5395923100883449,1.9283206449091237,0.9397661745780159,1.72,4.0,4.63,1.69,2.19,1.75,4.0,4.46,1.64,2.29,2122
2122,2021-09-26,Bochum,Stuttgart,0,0,D,0,0,0.18938995254648439,0.25759627297634236,0.5530137744771733,0.5780758962965205,0.5824910544723585,1.0773330415303062,1.9283341591161993,3.19,3.53,2.23,1.72,2.15,3.03,3.53,2.32,1.69,2.21,2122
2122,2021-09-26,Freiburg,Augsburg,3,0,H,1,0,0.5097753960561671,0.28575785915046614,0.20446674479336677,0.498019294889956,0.5334200668926259,1.6686748948840473,0.9973643945234867,1.84,3.57,4.51,1.9,1.93,1.9,3.55,4.25,1.98,1.85,2122
2122,2021-10-01,FC Koln,Greuther Furth,3,1,H,1,1,0.6610419670024033,0.21996807254439715,0.1189899604531996,0.5850390437233436,0.5255748306545206,2.1811449267367777,0.8558482944039538,1.42,4.99,7.03,1.43,2.8,1.46,4.83,6.76,1.49,2.65,2122
2122,2021-10-02,Wolfsburg,M'gladbach,1,3,A,1,1,0.45769327347901567,0.2801432183929189,0.26216350812806544,0.5538145179798072,0.5937185315710747,1.6701346997514013,1.2289078513882208,2.06,3.53,3.63,1.85,1.98,2.18,3.52,3.31,1.75,2.12,2122
2122,2021-10-02,RB Leipzig,Bochum,3,0,H,1,0,0.8429307827293504,0.12366168286540638,0.03340753440524323,0.652423347703939,0.3833605183931125,2.853153214501355,0.5068947066427568,1.18,7.73,15.64,1.34,3.26,1.22,6.84,13.05,1.4,2.97,2122
2122,2021-10-02,Stuttgart,Hoffenheim,3,1,H,1,1,0.3760853612371696,0.2652197085558264,0.35869493020700405,0.6389608563630939,0.6688088184233516,1.666609711321827,1.6253776818123802,2.79,3.71,2.39,1.58,2.39,2.66,3.83,2.46,1.47,2.69,2122
2122,2021-10-02,Dortmund,Augsburg,2,1,H,1,1,0.7558524347317046,0.16179481335372536,0.08235275191456995,0.7097270014867053,0.5640651990817761,2.7808062165931493,0.8910419631590123,1.22,6.75,13.0,1.39,2.97,1.23,6.62,12.16,1.38,3.07,2122
2122,2021-10-02,Hertha,Freiburg,1,2,A,1,1,0.35974156753366615,0.29507964518744534,0.34517878727888857,0.5258993909233898,0.5845752121028809,1.4062861357552383,1.3742745452052532,3.06,3.25,2.42,2.12,1.73,2.88,3.35,2.51,1.95,1.89,2122
2122,2021-10-03,Mainz,Union Berlin,1,2,A,1,1,0.3610106462417023,0.31936910466438573,0.319620249093912,0.43687020068216903,0.5154580517665615,1.2554853885705852,1.1697497075985717,2.18,3.27,3.59,2.15,1.72,2.09,3.35,3.71,2.08,1.77,2122
2122,2021-10-03,Bayern Munich,Ein Frankfurt,1,2,A,1,1,0.775601648277225,0.13809734656158995,0.08630100516118502,0.812705137976315,0.6581860046161434,3.254617575511623,1.1282490697430307,1.1,11.06,24.32,1.18,4.75,1.17,8.35,14.57,1.19,4.67,2122
2122,2021-10-03,Bielefeld,Leverkusen,0,4,A,1,0,0.17829696665720451,0.3093258056558888,0.5123772276869065,0.38486785254049016,0.43370178322747904,0.7732829624355941,1.4550303468796515,4.77,4.14,1.68,1.59,2.37,5.05,3.95,1.69,1.76,2.09,2122
2122,2021-10-15,Hoffenheim,FC Koln,5,0,H,1,0,0.564571865929816,0.23975934853437986,0.19566878553580427,0.6383611582512091,0.6271654485274724,2.0947749519382715,1.1942554812311812,2.01,3.86,3.43,1.43,2.8,2.08,3.81,3.32,1.48,2.63,2122
2122,2021-10-16,M'gladbach,Stuttgart,1,1,D,0,1,0.5692564859247264,0.2360551032746592,0.19468841080061444,0.6505406644371744,0.6353886375770115,2.136599965581615,1.2135525252154102,1.49,4.66,6.22,1.53,2.5,1.52,4.65,5.75,1.52,2.52,2122
2122,2021-10-16,Greuther Furth,Bochum,0,1,A,0,0,0.38957031779028284,0.3179630739552243,0.29246660825449283,0.4342871657393091,0.5105806460174256,1.3081974033630224,1.1071170292025,2.31,3.46,3.07,1.8,2.04,2.43,3.44,2.9,1.78,2.07,2122
2122,2021-10-16,Union Berlin,Wolfsburg,2,0,H,0,0,0.3465179089324917,0.3127717689114556,0.3407103221560529,0.45973874869563686,0.5336969956068152,1.263040182578919,1.2508261656643724,2.41,3.18,3.15,2.15,1.72,2.73,3.19,2.73,2.1,1.76,2122
2122,2021-10-16,Ein Frankfurt,Hertha,1,2,A,1,1,0.5912531013429014,0.2320992486979359,0.17664764995916252,0.6416637326898822,0.6178697043580942,2.164203120537164,1.1412617752640881,1.74,3.83,4.69,1.77,2.08,1.75,3.86,4.67,1.79,2.04,2122
2122,2021-10-16,Dortmund,Mainz,3,1,H,1,1,0.6827546063946723,0.19801053386782166,0.11923485973750614,0.6658321310334989,0.5841301413181132,2.4487036575341743,0.9804462160256422,1.41,4.99,7.31,1.52,2.54,1.42,4.94,7.19,1.47,2.69,2122
2122,2021-10-16,Freiburg,RB Leipzig,1,1,D,0,1,0.23933046138173486,0.2846386392404479,0.47603089937781734,0.5208845405533244,0.5624857511621029,1.1176300849953393,1.642070923674833,3.85,3.65,1.95,1.77,2.08,3.94,3.76,1.9,1.68,2.22,2122
2122,2021-10-17,Leverkusen,Bayern Munich,1,5,A,1,1,0.26419836031176414,0.2453758563671931,0.4904257833210427,0.6789577314688829,0.6842750369906161,1.4707331731083995,2.02822958606888,4.56,4.56,1.65,1.32,3.38,4.88,4.57,1.61,1.3,3.49,2122
2122,2021-10-17,Augsburg,Bielefeld,1,1,D,0,1,0.45468747465021625,0.33556060814221467,0.20975191720756903,0.33747846967640155,0.41291945744090763,1.265099816298275,0.787207836034268,2.17,3.22,3.62,2.13,1.73,2.3,3.21,3.32,2.19,1.7,2122
2122,2021-10-22,Mainz,Augsburg,4,1,H,1,1,0.4743147250018725,0.3013298389542437,0.22435543604388367,0.4582883500302088,0.5121017842255089,1.5199286482224172,0.9882717947745558,1.65,3.77,5.7,2.05,1.79,1.66,3.79,5.64,2.08,1.77,2122
2122,2021-10-23,Hertha,M'gladbach,1,0,H,0,0,0.28377625444595156,0.2750508379759452,0.4411729075781034,0.5875431561131151,0.6238820375262701,1.3430201118722906,1.7052818475005935,3.42,3.51,2.13,1.78,2.05,3.72,3.63,1.99,1.77,2.07,2122
2122,2021-10-23,Wolfsburg,Freiburg,0,2,A,0,0,0.49467467846073226,0.285442918818689,0.21988240272057874,0.5078608042403563,0.546528762179764,1.6560276470464488,1.0500433477794384,2.17,3.29,3.56,2.12,1.73,2.18,3.3,3.52,2.1,1.76,2122
2122,2021-10-23,RB Leipzig,Greuther Furth,4,1,H,1,1,0.8950036376507604,0.08490824635680932,0.020088115992430183,0.7413432071594,0.37916602114632403,3.377485814104589,0.48815928045475965,1.12,9.69,22.31,1.29,3.6,1.14,8.8,19.29,1.34,3.25,2122
2122,2021-10-23,Bielefeld,Dortmund,1,3,A,1,1,0.12657755157106906,0.24357136998637244,0.6298510784425585,0.5209634368951409,0.48981439542135163,0.7973670838330927,1.9626724063985819,6.31,4.39,1.52,1.77,2.06,6.35,4.5,1.5,1.6,2.34,2122
2122,2021-10-23,Bayern Munich,Hoffenheim,4,0,H,1,0,0.7698967304393808,0.14164480613561084,0.08845846342500822,0.8072549849385817,0.6571681726187327,3.2106564780045677,1.1272589440499492,1.18,8.27,13.79,1.19,4.56,1.17,8.31,14.03,1.19,4.62,2122
2122,2021-10-24,FC Koln,Leverkusen,2,2,D,1,1,0.2383128683034675,0.266496639771388,0.4951904919251445,0.5897803551385575,0.6127744213850849,1.2306113075233547,1.827861762918212,3.14,3.9,2.12,1.48,2.66,3.2,3.89,2.09,1.51,2.55,2122
2122,2021-10-24,Stuttgart,Union Berlin,1,1,D,0,1,0.3802125237805808,0.2984713212068373,0.3213161550125819,0.5149840774075312,0.5758314138370642,1.43195944119313,1.3033467797157137,2.35,3.39,3.06,1.91,1.91,2.48,3.45,2.82,1.85,1.98,2122
2122,2021-10-24,Bochum,Ein Frankfurt,2,0,H,0,0,0.15492243683195778,0.2537059043550031,0.5913716588130392,0.5373204626514497,0.5282321642202521,0.9108479157321483,1.9176980754724962,3.51,3.66,2.04,1.76,2.08,3.13,3.54,2.24,1.78,2.06,2122
2122,2021-10-29,Hoffenheim,Hertha,2,0,H,0,0,0.557424985859599,0.2442996229052516,0.19827539123514928,0.6231547852004384,0.61733227869957,2.0404247206359987,1.1742889748578937,1.7,4.01,4.78,1.67,2.21,1.72,3.96,4.74,1.69,2.19,2122
2122,2021-10-30,Ein Frankfurt,RB Leipzig,1,1,D,0,1,0.28217688256434376,0.2695791638450791,0.4482439535905772,0.5993182575202233,0.6309241129962814,1.3583782139904554,1.743851326859439,4.48,4.05,1.73,1.59,2.36,4.01,4.03,1.82,1.52,2.52,2122
2122,2021-10-30,Union Berlin,Bayern Munich,2,5,A,1,1,0.16671539978281846,0.22880222244065426,0.6044823777765275,0.6374343337255748,0.6074587840501241,1.1012242749215968,2.183225505327198,8.79,5.67,1.32,1.42,2.86,8.73,5.69,1.32,1.38,3.03,2122
2122,2021-10-30,Leverkusen,Wolfsburg,0,2,A,0,0,0.4733635897288978,0.27905862815826427,0.24757778211283782,0.5444440788712581,0.58199449544151,1.6832325718390562,1.1755723822965405,1.91,3.7,3.92,1.72,2.13,1.95,3.62,3.88,1.81,2.02,2122
2122,2021-10-30,Freiburg,Greuther Furth,3,1,H,1,1,0.7597592442175092,0.1697230403306486,0.07051771545184221,0.6342983775352645,0.48252739595894545,2.554630083065784,0.7144473417300707,1.41,4.79,7.52,1.65,2.25,1.39,4.94,7.83,1.61,2.33,2122
2122,2021-10-30,Dortmund,FC Koln,2,0,H,0,0,0.7485135586521489,0.15798810857494427,0.09349833277290678,0.7539448973043493,0.6176606980929558,2.9177760599651417,1.0290538875057458,1.48,4.79,6.19,1.5,2.6,1.48,4.87,5.94,1.39,2.95,2122
2122,2021-10-30,Bielefeld,Mainz,1,2,A,1,1,0.2613361988328153,0.3440129302941738,0.3946508708730109,0.3405309541983583,0.4306657488825814,0.9024622092363127,1.1611321131947654,3.46,3.4,2.15,1.97,1.85,3.67,3.35,2.1,2.11,1.73,2122
2122,2021-10-31,Augsburg,Stuttgart,4,1,H,1,1,0.3273913976783419,0.2942622298604241,0.37834637246123404,0.5234064166690353,0.5814355379624714,1.3291496719371545,1.4410253836872053,2.73,3.24,2.67,1.92,1.9,2.94,3.26,2.49,1.91,1.91,2122
2122,2021-10-31,M'gladbach,Bochum,2,1,H,1,1,0.6917335560816145,0.2102586035463846,0.09800784037200083,0.5651428288838523,0.48250619866387434,2.20133587701277,0.7470682864732991,1.33,5.4,8.86,1.48,2.65,1.36,5.12,8.37,1.53,2.49,2122
2122,2021-11-05,Mainz,M'gladbach,1,1,D,0,1,0.32423792380115474,0.2902253369963815,0.38553673920246373,0.5409668187724879,0.5947754669626094,1.3539000134184083,1.4900949507609973,2.69,3.47,2.58,1.77,2.08,2.68,3.52,2.59,1.75,2.11,2122
2122,2021-11-06,RB Leipzig,Dortmund,2,1,H,1,1,0.4807943897186821,0.25663675362542704,0.26256885665589097,0.63827270055369,0.6546459767546755,1.9054523358354838,1.3831266836745533,1.85,3.96,3.97,1.54,2.5,1.99,3.81,3.58,1.56,2.45,2122
2122,2021-11-06,Wolfsburg,Augsburg,1,0,H,0,0,0.6147065434895085,0.24589285877806744,0.13940059773242397,0.5332173314823689,0.5105377495538329,1.9568954192317793,0.8543410486020935,1.58,4.1,5.95,1.79,2.05,1.54,4.24,6.25,1.79,2.06,2122
2122,2021-11-06,Stuttgart,Bielefeld,0,1,A,0,0,0.5635611575823606,0.28094486364980814,0.15549397876783128,0.44220899761392946,0.45975800264738065,1.6615043268702137,0.7842936960795004,1.97,3.52,3.95,1.88,1.95,1.89,3.64,4.16,1.79,2.05,2122
2122,2021-11-06,Bochum,Hoffenheim,2,0,H,0,0,0.21938794719823373,0.2801167737412966,0.5004952790604696,0.5211466917300062,0.5550856509539142,1.0674359279948977,1.6933534816074307,3.81,3.78,1.93,1.72,2.16,3.66,3.79,1.97,1.64,2.29,2122
2122,2021-11-06,Bayern Munich,Freiburg,2,1,H,1,1,0.7842744900295631,0.14278333162066018,0.07294217834977665,0.7549184684347247,0.5826775402166174,3.030744239267639,0.9227069183153768,1.17,8.18,15.0,1.28,3.73,1.18,7.94,14.45,1.25,3.87,2122
2122,2021-11-07,Hertha,Leverkusen,1,1,D,0,1,0.27333953510732206,0.28227994918784655,0.4443805157048314,0.5519757373254602,0.5951077096537839,1.2531606281511452,1.6379463082625125,3.39,3.52,2.15,1.81,2.01,3.53,3.59,2.06,1.74,2.11,2122
2122,2021-11-07,FC Koln,Union Berlin,2,2,D,1,1,0.329178457202454,0.2999601919808588,0.37086135081668714,0.5061611514609745,0.5690456694859147,1.3043327882302393,1.3947930895434646,2.02,3.5,3.73,1.85,1.98,2.11,3.55,3.44,1.76,2.11,2122
2122,2021-11-07,Greuther Furth,Ein Frankfurt,1,2,A,1,1,0.12804002215353744,0.20695495051988544,0.6650050273265771,0.652257493073765,0.5842565945758611,0.9922259880315544,2.3667034178997373,3.58,3.68,2.01,1.71,2.15,3.72,3.76,1.96,1.72,2.15,2122
2122,2021-11-19,Augsburg,Bayern Munich,2,1,H,1,1,0.08693556722545956,0.16011784755551056,0.7529465852190299,0.7265418506540485,0.5845397807492473,0.9424562615840619,2.8297882856419974,13.78,7.62,1.19,1.29,3.59,14.62,7.65,1.19,1.31,3.43,2122
2122,2021-11-20,Dortmund,Stuttgart,2,1,H,1,1,0.7071110111733041,0.17680081684667512,0.11608817198002083,0.73619239955305,0.6336292181046755,2.7353937894713587,1.09657504382812,1.34,5.44,9.02,1.53,2.53,1.35,5.44,8.55,1.45,2.73,2122
2122,2021-11-20,Union Berlin,Hertha,2,0,H,0,0,0.4975538632664782,0.28433200007534765,0.21811413665817433,0.5010392049851753,0.5391445035733156,1.6460112420441098,1.0322682953263402,1.98,3.31,4.16,2.36,1.59,2.0,3.44,3.97,2.19,1.69,2122
2122,2021-11-20,M'gladbach,Greuther Furth,4,0,H,1,0,0.8103184918596005,0.13542143486583946,0.05426007327456009,0.7102207746392121,0.4999980383045707,2.9447329631074073,0.7301594038541152,1.27,6.11,10.91,1.39,2.98,1.31,5.56,9.98,1.47,2.68,2122
2122,2021-11-20,Leverkusen,Bochum,1,0,H,0,0,0.6495348641051979,0.23198145231413228,0.11848368358067012,0.5356199408791035,0.48885384422285494,2.0361654776575646,0.785203287026898,1.45,4.72,6.75,1.54,2.46,1.4,5.04,7.77,1.54,2.5,2122
2122,2021-11-20,Hoffenheim,RB Leipzig,2,0,H,0,0,0.2730271250219262,0.2707773772535577,0.456195497724516,0.5892037870269802,0.6213729754015149,1.3165162981161473,1.739330482505715,4.36,4.07,1.75,1.61,2.32,4.04,4.2,1.79,1.56,2.44,2122
2122,2021-11-20,Bielefeld,Wolfsburg,2,2,D,1,1,0.18864434348403306,0.3218847241786986,0.48947093233726835,0.35485763977633455,0.4158095290904122,0.7592760964630882,1.3573562195565536,3.9,3.39,2.02,2.07,1.77,4.02,3.47,1.97,2.05,1.8,2122
2122,2021-11-21,Freiburg,Ein Frankfurt,0,2,A,0,0,0.42506706214254486,0.27454080269503955,0.3003921351624157,0.587930373226642,0.6258756148873328,1.6682696359291482,1.3817891327429315,1.9,3.62,4.13,1.88,1.95,2.02,3.6,3.63,1.74,2.11,2122
2122,2021-11-21,Mainz,FC Koln,1,1,D,0,1,0.48227296479042897,0.2801083974190724,0.2376186377904987,0.5322720477747714,0.5695924845598297,1.6769429669827272,1.1303073163686082,2.11,3.48,3.54,1.79,2.04,2.14,3.56,3.36,1.72,2.15,2122
2122,2021-11-26,Stuttgart,Mainz,2,1,H,1,1,0.4273887395230023,0.2894851183031908,0.2831261421738069,0.5276896438658997,0.5789222655109435,1.553417748974473,1.234620414249725,2.64,3.3,2.74,1.98,1.85,2.89,3.27,2.54,2.04,1.79,2122
2122,2021-11-27,Bayern Munich,Bielefeld,1,0,H,0,0,0.8743133729651322,0.09792868492120722,0.027757942113660734,0.7325755152629753,0.41665837700164265,3.2542773368731055,0.5558050880513572,1.08,12.62,27.89,1.2,4.49,1.09,11.5,28.43,1.22,4.23,2122
2122,2021-11-27,Hertha,Augsburg,1,1,D,0,1,0.46014278325355235,0.29436746042560313,0.24548975632084463,0.48950867536823905,0.5412197522884173,1.5482509882386435,1.0834889640198195,1.93,3.41,4.25,2.14,1.72,2.16,3.23,3.7,2.16,1.71,2122
2122,2021-11-27,Wolfsburg,Dortmund,1,3,A,1,1,0.3518024683371983,0.27102786251279165,0.3771696691500101,0.6132757652373613,0.6492804456584477,1.554205638995122,1.6133148637249235,2.84,3.35,2.55,1.84,1.98,2.92,3.49,2.4,1.83,2.01,2122
2122,2021-11-27,FC Koln,M'gladbach,4,1,H,1,1,0.2823079074153274,0.27189831544428555,0.44579377714038704,0.5909743569825808,0.6249195239160042,1.343308424973636,1.7206033412226205,3.01,3.56,2.32,1.77,2.08,2.84,3.6,2.4,1.6,2.35,2122
2122,2021-11-27,Bochum,Freiburg,2,1,H,1,1,0.28242769661824196,0.3263769142932623,0.3911953890884958,0.40154287565757385,0.48326641781689494,1.0352996205795835,1.2555867021233795,3.14,3.24,2.39,2.05,1.78,3.26,3.28,2.3,1.96,1.87,2122
2122,2021-11-27,Greuther Furth,Hoffenheim,3,6,A,1,1,0.12531716951352584,0.20656463655244126,0.668118193934033,0.6452029975582003,0.5754989320529152,0.9692338225838275,2.353988301507373,5.15,4.43,1.59,1.57,2.4,4.8,4.3,1.65,1.54,2.47,2122
2122,2021-11-28,Ein Frankfurt,Union Berlin,2,1,H,1,1,0.4671328988858278,0.2733898660882849,0.25947723502588727,0.5727914906289576,0.6061263904294968,1.7285824394623543,1.2535389169414077,2.41,3.25,3.09,2.07,1.77,2.34,3.48,2.99,1.91,1.9,2122
2122,2021-11-28,RB Leipzig,Leverkusen,1,3,A,1,1,0.5375130880600163,0.2623932069490372,0.20009370499094647,0.5604539618927038,0.5734171422524434,1.8525155379774008,1.0753484179982293,1.97,3.92,3.54,1.46,2.7,1.83,3.96,4.03,1.54,2.49,2122
2122,2021-12-03,Union Berlin,RB Leipzig,2,1,H,1,1,0.27073880721474664,0.29738907628070643,0.431872116504547,0.49396025190134374,0.5513868356981186,1.1505615478604567,1.499081919922733,3.7,3.56,2.01,1.82,2.0,3.52,3.53,2.11,1.76,2.08,2122
2122,2021-12-04,Dortmund,Bayern Munich,2,3,A,1,1,0.3171414540872617,0.2276970480566433,0.4551614978560951,0.7651318966708379,0.7579683956380902,1.8310033206549412,2.191236077496872,3.54,4.15,1.93,1.34,3.33,3.91,4.32,1.81,1.32,3.41,2122
2122,2021-12-04,Mainz,Wolfsburg,3,0,H,1,0,0.32262872321023617,0.3085089214687584,0.3688623553210054,0.471369402864843,0.5417470186722145,1.230756806661053,1.3287954847784085,2.23,3.39,3.35,2.01,1.83,2.53,3.27,2.92,2.08,1.77,2122
2122,2021-12-04,Leverkusen,Greuther Furth,7,1,H,1,1,0.8624719148280628,0.10009846522281829,0.03742961994911871,0.7846936639360103,0.5077406912258943,3.4338453553865125,0.7296118398024947,1.2,7.34,13.35,1.35,3.24,1.24,6.68,11.59,1.34,3.31,2122
2122,2021-12-04,Hoffenheim,Ein Frankfurt,3,2,H,1,1,0.47227475001728686,0.24656167674071136,0.2811635732420017,0.682835627779493,0.691081031071975,1.9953871053113095,1.5246253277661028,1.95,3.84,3.72,1.6,2.37,1.9,3.94,3.8,1.58,2.4,2122
2122,2021-12-04,Augsburg,Bochum,2,3,A,1,1,0.4281729352502739,0.32183073194781164,0.24999633280191447,0.4018435460155093,0.47656367340092937,1.3271611143866209,0.9648579182266659,2.25,3.45,3.24,1.85,1.98,2.35,3.33,3.14,2.02,1.82,2122
2122,2021-12-04,Bielefeld,FC Koln,1,1,D,0,1,0.3082281737459889,0.33341501597150847,0.35835681028250266,0.3851839290778018,0.473205145395052,1.0646537746659748,1.1648407989019967,3.11,3.43,2.33,1.8,2.04,3.39,3.48,2.17,1.82,2.02,2122
2122,2021-12-05,Stuttgart,Hertha,2,2,D,1,1,0.4646298900167809,0.2815881448677358,0.25378196511548334,0.5397867028557012,0.5805557642703149,1.6554770645614478,1.1835085830508447,2.08,3.48,3.62,1.93,1.9,2.27,3.36,3.28,1.97,1.86,2122
2122,2021-12-05,M'gladbach,Freiburg,0,6,A,1,0,0.5089066129547417,0.26589479625433265,0.22519859079092558,0.5734293500547352,0.5946508741116021,1.8196983412979182,1.1652569843345137,1.82,3.8,4.36,1.74,2.13,1.86,3.75,4.15,1.75,2.11,2122
2122,2021-12-10,FC Koln,Augsburg,0,2,A,0,0,0.4708040054504301,0.2799879496787732,0.2492080448707967,0.5419396757098777,0.5806402727765455,1.672674205524265,1.1754588673552857,1.71,4.03,4.75,1.61,2.31,1.69,3.98,4.98,1.71,2.18,2122
2122,2021-12-11,Wolfsburg,Stuttgart,0,2,A,0,0,0.5412555567379922,0.26249596160938893,0.19624848165261882,0.5552869199624533,0.5675397147236532,1.8490983220689996,1.0563170405680153,1.98,3.49,3.97,1.97,1.86,1.85,3.68,4.32,1.89,1.95,2122
2122,2021-12-11,Hertha,Bielefeld,2,0,H,0,0,0.49144375239616245,0.3192767971228281,0.18927945048100953,0.3634960252942518,0.4229263175258271,1.3766771044583765,0.7720054109297376,2.01,3.34,4.06,2.16,1.72,2.05,3.3,3.95,2.09,1.76,2122
2122,2021-12-11,RB Leipzig,M'gladbach,4,1,H,1,1,0.5799148781750751,0.24054812301033118,0.1795369988145936,0.6128341418772308,0.5986174161818796,2.0655533707125366,1.099894341071753,1.85,3.88,4.12,1.64,2.28,1.75,4.19,4.32,1.52,2.55,2122
2122,2021-12-11,Bochum,Dortmund,1,1,D,0,1,0.18624602048174901,0.24373069310930115,0.5700232864089501,0.6101940248427676,0.60098496517924,1.115907977963118,2.037077235242328,6.44,4.75,1.48,1.54,2.51,5.98,4.72,1.5,1.46,2.72,2122
2122,2021-12-11,Bayern Munich,Mainz,2,1,H,1,1,0.8026824268249865,0.13529563262394326,0.062021940551070145,0.7438311678402041,0.5482198728195392,3.045305027164706,0.8355629182852804,1.22,7.13,12.41,1.34,3.27,1.23,7.04,11.59,1.33,3.37,2122
2122,2021-12-11,Freiburg,Hoffenheim,1,2,A,1,1,0.4260266978345245,0.26959613035321195,0.30437717181226354,0.6082714184436103,0.6413878326973533,1.7136308452987843,1.430302337896219,2.27,3.46,3.19,1.79,2.06,2.41,3.54,2.89,1.63,2.3,2122
2122,2021-12-12,Greuther Furth,Union Berlin,1,0,H,0,0,0.13149900014957483,0.21204181931347846,0.6564591805369466,0.6372219727306055,0.5762476666385262,0.9792256895159046,2.3041939473759103,3.96,3.62,1.94,1.88,1.95,4.68,3.97,1.72,1.75,2.1,2122
2122,2021-12-12,Ein Frankfurt,Leverkusen,5,2,H,1,1,0.37323343078232507,0.2674146364452123,0.3593519327724627,0.627080693297436,0.6595869556865005,1.6331647570180188,1.6005183542811046,3.07,3.66,2.26,1.65,2.26,3.25,3.76,2.12,1.59,2.38,2122
2122,2021-12-14,Bielefeld,Bochum,2,0,H,0,0,0.3172023061688608,0.35702967336943287,0.32576802046170655,0.3036689081615887,0.4033065501740421,0.9556221759445236,0.9717305787665047,2.25,3.38,3.3,2.01,1.82,2.33,3.4,3.14,1.94,1.89,2122
2122,2021-12-14,Stuttgart,Bayern Munich,0,5,A,1,0,0.13779787949323447,0.18919342047904186,0.6730087000277236,0.7250518090867129,0.6461888837871893,1.1589402190987044,2.6040675601322816,9.34,6.01,1.3,1.42,2.88,9.55,6.36,1.29,1.37,3.13,2122
2122,2021-12-14,Wolfsburg,FC Koln,2,3,A,1,1,0.5646127324735175,0.25445804514858533,0.18092922237789705,0.5523663137957853,0.5538406830704915,1.8891159200936931,1.0036817268417164,2.18,3.57,3.3,1.71,2.13,2.18,3.49,3.36,1.83,2.0,2122
2122,2021-12-14,Mainz,Hertha,4,0,H,1,0,0.46496475946258636,0.2926149771179042,0.2424202634195094,0.48015138000903795,0.530988226620957,1.5367550593031185,1.0575975367396655,1.96,3.42,4.13,2.1,1.76,1.95,3.52,4.12,2.0,1.84,2122
2122,2021-12-15,Dortmund,Greuther Furth,3,0,H,1,0,0.9229974059662364,0.05650868452546859,0.020493909508294866,0.8828026757075507,0.5268451472495904,4.342098187140049,0.7564833725358232,1.12,9.87,22.43,1.26,3.83,1.12,9.8,21.42,1.25,3.97,2122
2122,2021-12-15,Union Berlin,Freiburg,0,0,D,0,0,0.41529268168529554,0.29827782635372285,0.28642949196098166,0.4845788521454758,0.5454258555349077,1.444233434490258,1.1677677721485247,2.49,3.26,3.01,2.08,1.77,2.47,3.3,2.98,2.03,1.81,2122
2122,2021-12-15,Leverkusen,Hoffenheim,2,2,D,1,1,0.520430521812475,0.2397618468895203,0.23980763129800484,0.669572596516237,0.6676627730879117,2.069963224506847,1.3788235916111733,1.89,4.05,3.77,1.46,2.65,1.85,4.08,3.88,1.45,2.77,2122
2122,2021-12-15,Augsburg,RB Leipzig,1,1,D,0,1,0.18733072556687258,0.2599920819987432,0.5526771924343843,0.540884548174252,0.5496280860854574,1.0047989577147243,1.8388524974223268,7.0,4.9,1.44,1.53,2.53,6.38,4.7,1.48,1.61,2.35,2122
2122,2021-12-15,M'gladbach,Ein Frankfurt,2,3,A,1,1,0.4516353094608557,0.24773919512406947,0.3006254954150749,0.6773267742590183,0.6893732795779696,1.929801876960504,1.560358100596516,2.07,3.7,3.46,1.62,2.32,2.02,3.71,3.58,1.67,2.23,2122
2122,2021-12-17,Bayern Munich,Wolfsburg,4,0,H,1,0,0.738119498491474,0.16720562243560907,0.09467487907291691,0.7115439472567289,0.5829749360505748,2.7337164889276555,0.948719379112185,1.19,7.86,13.62,1.3,3.53,1.2,7.54,13.18,1.3,3.51,2122
2122,2021-12-18,RB Leipzig,Bielefeld,0,2,A,0,0,0.7344889902776526,0.1978602931921141,0.06765071653023366,0.5016286176166949,0.3797975947206203,2.1418855229172897,0.5388162022399644,1.22,6.9,13.48,1.47,2.69,1.22,6.59,13.97,1.56,2.44,2122
2122,2021-12-18,Bochum,Union Berlin,0,1,A,0,0,0.31157733881956956,0.31964887749051263,0.3687737836899178,0.4179136098132305,0.4974558423847431,1.117913456176149,1.2348913905939571,3.64,3.41,2.11,2.08,1.78,3.02,3.31,2.43,2.03,1.81,2122
2122,2021-12-18,Ein Frankfurt,Mainz,1,0,H,0,0,0.5204622706989328,0.2575351993609454,0.22200252994012173,0.5881663753201395,0.6016963107791039,1.8738801745821312,1.177255477562961,2.5,3.36,2.9,1.96,1.87,2.33,3.51,3.03,1.78,2.04,2122
2122,2021-12-18,Greuther Furth,Augsburg,0,0,D,0,0,0.2327105027899935,0.26264507384971486,0.5046444233602915,0.5792403693499092,0.5996949889946991,1.1910092698019183,1.8198652740913883,3.43,3.5,2.15,1.93,1.9,2.93,3.47,2.41,1.92,1.9,2122
2122,2021-12-18,Hoffenheim,M'gladbach,1,1,D,0,1,0.4830844474895985,0.24262424186395753,0.27429131064644396,0.6832035257089449,0.6881069915809119,2.018629966126846,1.5033910341163232,1.98,3.99,3.49,1.47,2.71,2.04,3.97,3.31,1.51,2.57,2122
2122,2021-12-18,Hertha,Dortmund,3,2,H,1,1,0.22216998849314756,0.24331130495846676,0.5345187065483856,0.6406520016230997,0.6396255718453056,1.2716805863402172,2.0287273101178114,5.08,4.24,1.64,1.69,2.19,5.21,4.39,1.6,1.59,2.38,2122
2122,2021-12-19,FC Koln,Stuttgart,1,0,H,0,0,0.39758991716917086,0.27785999076610196,0.32455009206472724,0.5712336753875851,0.6149685734591122,1.5704219488510565,1.4047930484002442,1.97,3.88,3.57,1.61,2.33,1.97,3.88,3.57,1.64,2.29,2122
2122,2021-12-19,Freiburg,Leverkusen,2,1,H,1,1,0.3631142386141015,0.2803038224664287,0.35658193891946977,0.5656679832755735,0.6123884329014759,1.4827080391675422,1.4679654948736585,2.63,3.58,2.62,1.73,2.13,2.69,3.61,2.53,1.68,2.22,2122
2122,2022-01-07,Bayern Munich,M'gladbach,1,2,A,1,1,0.7953437847633538,0.12947447736376058,0.07518173787288564,0.8071552742529675,0.631501855280784,3.291527970007819,1.045755533024502,1.32,6.18,8.24,1.28,3.65,1.36,5.85,7.39,1.28,3.66,2122
2122,2022-01-08,Freiburg,Bielefeld,2,2,D,1,1,0.5654911899092255,0.2869886625647546,0.14752014752601997,0.39859144026946464,0.41853180901164105,1.5762518194996047,0.7035273236208276,1.77,3.69,4.81,2.01,1.82,1.63,4.01,5.47,1.94,1.88,2122
2122,2022-01-08,Greuther Furth,Stuttgart,0,0,D,0,0,0.18959988802852829,0.25086810995227105,0.5595320020192007,0.5795111374924097,0.5792944982163248,1.072293053941813,1.9397999152563665,3.45,3.42,2.16,1.95,1.88,3.65,3.64,2.01,1.84,1.98,2122
2122,2022-01-08,Hoffenheim,Augsburg,3,1,H,1,1,0.6072090372553328,0.2303281612436351,0.16246280150103215,0.6162307278699832,0.5871378799155114,2.133167822171364,1.048401638392404,1.52,4.49,6.1,1.62,2.31,1.57,4.4,5.49,1.61,2.34,2122
2122,2022-01-08,Leverkusen,Union Berlin,2,2,D,1,1,0.5187544483051381,0.26914339093683604,0.21210216075802596,0.5393665268232223,0.5625029478175128,1.7652960194907483,1.071909595591555,1.79,3.91,4.39,1.71,2.16,1.84,3.77,4.2,1.76,2.07,2122
2122,2022-01-08,RB Leipzig,Mainz,4,1,H,1,1,0.6089615220132489,0.24327963392420315,0.1477588440625478,0.5443281083997938,0.5233121886676956,1.9664691121050484,0.8918514231232694,1.76,3.91,4.59,1.78,2.05,1.79,3.87,4.42,1.75,2.09,2122
2122,2022-01-08,Ein Frankfurt,Dortmund,2,3,A,1,1,0.3508940862279134,0.24129886915326182,0.4078070446188247,0.7175288452260472,0.7249333203619763,1.7874252558200232,1.9301629215563127,4.04,4.04,1.83,1.53,2.53,3.55,3.95,1.97,1.47,2.67,2122
2122,2022-01-09,Hertha,FC Koln,1,3,A,1,1,0.4358306097037673,0.28188973541843315,0.2822796548777994,0.5447168328145876,0.5896930924306417,1.601673088351983,1.2582950600743414,2.85,3.47,2.45,1.76,2.04,2.75,3.48,2.52,1.76,2.07,2122
2122,2022-01-09,Bochum,Wolfsburg,1,0,H,0,0,0.26956456005749585,0.31341730933003364,0.4170181306124705,0.42863307575463244,0.5001546097394295,1.0443886576314814,1.3492684858930342,3.31,3.37,2.26,2.03,1.8,3.45,3.52,2.12,1.93,1.89,2122
2122,2022-01-14,Dortmund,Freiburg,5,1,H,1,1,0.6076836341226264,0.21934758102617774,0.172968784851196,0.6722904215408368,0.6355643436196533,2.2819104495448874,1.1813259318806493,1.46,5.02,6.22,1.4,2.93,1.46,4.96,6.29,1.42,2.85,2122
2122,2022-01-15,Wolfsburg,Hertha,0,0,D,0,0,0.5341529943961425,0.26800282200828884,0.19784418359556843,0.5274192882346836,0.5464638508089572,1.7721837758676704,1.0147279245106422,1.95,3.45,4.16,2.13,1.73,1.98,3.52,3.88,1.96,1.87,2122
2122,2022-01-15,Union Berlin,Hoffenheim,2,1,H,1,1,0.4054178671233034,0.279765433382973,0.3148166994937237,0.5639461513133308,0.6089123298397418,1.5738489655403924,1.3692720136025847,2.92,3.4,2.46,1.89,1.94,2.85,3.49,2.45,1.73,2.13,2122
2122,2022-01-15,FC Koln,Bayern Munich,0,4,A,1,0,0.11951553581914875,0.17630869723837356,0.7041757669424777,0.7387704384497611,0.6381813015477962,1.1136568515810268,2.734578532719828,6.38,5.72,1.4,1.29,3.63,7.7,5.77,1.35,1.29,3.59,2122
2122,2022-01-15,Mainz,Bochum,1,0,H,0,0,0.49951199587811734,0.30228637810165176,0.19820162602023067,0.41318254501252477,0.46302674429092144,1.479809246701934,0.8550469822093961,1.65,3.85,5.69,1.98,1.86,1.69,3.71,5.46,1.94,1.88,2122
2122,2022-01-15,M'gladbach,Leverkusen,1,2,A,1,1,0.40329996870188667,0.2600988406376282,0.33660119066048505,0.6434560485426748,0.6693772582303422,1.7365817259750418,1.5778177713944017,2.62,3.74,2.55,1.57,2.39,2.61,3.85,2.48,1.47,2.68,2122
2122,2022-01-15,Stuttgart,RB Leipzig,0,2,A,0,0,0.22007827556917192,0.26414405003312896,0.5157776743976991,0.5645383834440538,0.5842157543551248,1.1333349572628995,1.8123861189621355,5.76,4.14,1.6,1.76,2.09,5.4,4.36,1.58,1.59,2.38,2122
2122,2022-01-16,Bielefeld,Greuther Furth,2,2,D,1,1,0.5644446711956473,0.28614155315444445,0.14941377564990813,0.4033667529896192,0.42345541637786294,1.5834345588785408,0.714326319151822,1.98,3.43,4.03,2.07,1.77,1.98,3.46,3.96,2.02,1.81,2122
2122,2022-01-16,Augsburg,Ein Frankfurt,1,1,D,0,1,0.29085565307029126,0.2729123098320742,0.4362320370976345,0.5810434691514947,0.6178488830847251,1.3430322071800214,1.675927411791558,3.01,3.44,2.41,1.83,1.99,3.46,3.53,2.11,1.82,2.01,2122
2122,2022-01-21,Ein Frankfurt,Bielefeld,0,2,A,0,0,0.6161190478549474,0.24863438480273378,0.13524656734231869,0.5092758167334598,0.48803585458905663,1.9052850963955752,0.8065835826002639,1.72,3.82,5.02,1.75,2.09,1.78,3.64,4.79,1.82,2.01,2122
2122,2022-01-22,M'gladbach,Union Berlin,1,2,A,1,1,0.44804393569561274,0.2813491814152646,0.2706068828891228,0.5474174427196142,0.5901060912872834,1.6348325405764932,1.2366863210725445,2.01,3.51,3.79,1.89,1.93,2.26,3.42,3.23,1.84,1.99,2122
2122,2022-01-22,Bochum,FC Koln,2,2,D,1,1,0.35629800400272954,0.319362568225823,0.32433942777144764,0.43030975447823794,0.509484300581334,1.2329823351200013,1.1670887586864662,3.27,3.49,2.22,1.75,2.1,3.26,3.44,2.24,1.76,2.08,2122
2122,2022-01-22,Leverkusen,Augsburg,5,1,H,1,1,0.6501516667574201,0.21877260083310612,0.1310757324094739,0.6086835359503859,0.5545639617881536,2.2139869059642328,0.9319153969423853,1.43,4.92,7.03,1.47,2.7,1.44,4.65,7.26,1.58,2.4,2122
2122,2022-01-22,Freiburg,Stuttgart,2,0,H,0,0,0.5200439234588307,0.267430398320678,0.2125256782204913,0.5525589935747471,0.5734210723679651,1.7976165518733755,1.0960086302961294,1.85,3.56,4.5,2.02,1.81,1.97,3.5,3.96,1.98,1.84,2122
2122,2022-01-22,Greuther Furth,Mainz,2,1,H,1,1,0.17493379547000215,0.2636074581710138,0.5614587463589844,0.5215197738520237,0.5296447233096471,0.9441686114381944,1.818172398035153,4.42,3.49,1.88,2.11,1.74,4.7,3.6,1.81,1.98,1.85,2122
2122,2022-01-22,Hoffenheim,Dortmund,2,3,A,1,1,0.33807027531158484,0.23843492635385316,0.42349479833456216,0.7304331197357331,0.7342127338135471,1.7896865365685954,2.006187277584507,3.48,4.13,1.95,1.4,2.94,3.03,4.06,2.13,1.39,3.0,2122
2122,2022-01-23,RB Leipzig,Wolfsburg,2,0,H,0,0,0.5879043680997331,0.2504235150706134,0.16167211682965346,0.5485147777977964,0.5392864503514838,1.9325051557640107,0.9437276356785216,1.52,4.36,6.35,1.71,2.15,1.53,4.31,6.26,1.7,2.16,2122
2122,2022-01-23,Hertha,Bayern Munich,1,4,A,1,1,0.10457232107324738,0.17635159979867887,0.7190760791280738,0.7093271069575421,0.5974550626169538,0.9933169950463884,2.676126867199191,12.69,7.49,1.21,1.34,3.29,11.06,6.92,1.23,1.36,3.14,2122
2122,2022-02-04,Hertha,Bochum,1,1,D,0,1,0.44375379743901583,0.3131478976536791,0.243098304907305,0.4219191752313697,0.4893020789666427,1.391241685759927,0.9767982227723379,2.28,3.41,3.2,1.9,1.92,2.19,3.45,3.38,1.88,1.95,2122
2122,2022-02-05,Bielefeld,M'gladbach,1,1,D,0,1,0.2675671008331552,0.31068030545001196,0.4217525937168327,0.44348140802932845,0.5121990069442461,1.064260929224751,1.3864459492015828,3.58,3.43,2.12,1.92,1.9,3.4,3.48,2.16,1.8,2.04,2122
2122,2022-02-05,Augsburg,Union Berlin,2,0,H,0,0,0.28878392360095173,0.3101421597131031,0.40107391668594505,0.4539858323470587,0.5242413540367059,1.127807500981933,1.363619780000052,2.81,3.23,2.64,2.07,1.77,2.78,3.31,2.62,2.02,1.81,2122
2122,2022-02-05,Stuttgart,Ein Frankfurt,2,3,A,1,1,0.3295183461700121,0.27294052987374634,0.39754112395624164,0.5999199449128098,0.6377913085470768,1.4738989208680215,1.6311123004844503,2.46,3.4,2.91,1.94,1.89,2.68,3.54,2.58,1.78,2.06,2122
2122,2022-02-05,Bayern Munich,RB Leipzig,3,2,H,1,1,0.6230220817413687,0.21262844798477323,0.1643494702738581,0.6901458907105144,0.6436801244090571,2.371442522520631,1.1888354336104716,1.41,5.44,6.74,1.35,3.26,1.41,5.37,6.78,1.37,3.1,2122
2122,2022-02-05,Mainz,Hoffenheim,2,0,H,0,0,0.364333919781389,0.28073833009453447,0.3549277501240765,0.5732295012958799,0.619237333202899,1.5026994605389044,1.4813637703702272,2.7,3.39,2.64,1.74,2.11,2.66,3.41,2.69,1.71,2.16,2122
2122,2022-02-05,FC Koln,Freiburg,1,0,H,0,0,0.3518542296020276,0.2843824068297862,0.36376336356818617,0.5592609707008764,0.6087702032364738,1.4479484311337822,1.4747121878242868,2.53,3.45,2.79,1.73,2.13,2.4,3.52,2.91,1.7,2.17,2122
2122,2022-02-06,Wolfsburg,Greuther Furth,4,1,H,1,1,0.7356775764081693,0.18316811184559526,0.08115431174623551,0.6148399890174182,0.4889360572568622,2.4363226955397717,0.738699350182311,1.58,4.05,5.98,1.89,1.94,1.58,4.06,5.92,1.89,1.94,2122
2122,2022-02-06,Dortmund,Leverkusen,2,5,A,1,1,0.5440602694424145,0.22367526815597866,0.23226446240160678,0.7287733034982189,0.7094164610707441,2.2954066088897602,1.4902657179459289,1.98,4.03,3.48,1.37,3.11,1.93,4.05,3.6,1.38,3.06,2122
2122,2022-02-11,RB Leipzig,FC Koln,3,1,H,1,1,0.6909674270810646,0.19862936752612792,0.11040320539280762,0.6371278931319586,0.5507017118815576,2.3863566136564875,0.8966173045801253,1.43,5.0,6.89,1.47,2.69,1.45,4.92,6.88,1.48,2.66,2122
2122,2022-02-12,Leverkusen,Stuttgart,4,2,H,1,1,0.655259074621886,0.20810564812652438,0.13663527725158972,0.6584862562984869,0.5962664256707286,2.358773748847736,1.0321128823143368,1.37,5.43,7.91,1.45,2.75,1.42,5.04,7.02,1.46,2.73,2122
2122,2022-02-12,M'gladbach,Augsburg,3,2,H,1,1,0.5859032425393691,0.24111729249739286,0.17297946496323813,0.597810623673197,0.5826617871500339,2.0416667682624587,1.0536149306145801,1.55,4.56,5.63,1.6,2.36,1.68,4.19,4.78,1.69,2.19,2122
2122,2022-02-12,Greuther Furth,Hertha,2,1,H,1,1,0.2394906068717582,0.2749125960346552,0.4855967970935866,0.5488273933453228,0.5816802162751649,1.1607445781294978,1.7168220045237839,2.76,3.33,2.64,1.92,1.91,2.98,3.36,2.43,1.96,1.87,2122
2122,2022-02-12,Bochum,Bayern Munich,4,2,H,1,1,0.0940540566642462,0.1873336637643504,0.7186122795714034,0.6373065682633768,0.5272869178262183,0.8282193865628045,2.4556595050277927,12.49,7.62,1.2,1.29,3.61,11.91,7.28,1.22,1.27,3.75,2122
2122,2022-02-12,Ein Frankfurt,Wolfsburg,0,2,A,0,0,0.46590769726562553,0.26870774616926635,0.2653845565651081,0.5891622842163917,0.6188955613990077,1.7595812787600906,1.2960771631032633,2.14,3.38,3.56,1.97,1.86,2.23,3.44,3.28,1.9,1.92,2122
2122,2022-02-12,Freiburg,Mainz,1,1,D,0,1,0.4575579172941915,0.29494426800989276,0.2474978146959157,0.48431150483916796,0.5372205996659791,1.5319941511515136,1.078939825189065,2.13,3.3,3.68,2.14,1.73,2.15,3.45,3.46,1.98,1.85,2122
2122,2022-02-13,Union Berlin,Dortmund,0,3,A,1,0,0.30928398852482564,0.26807085863123964,0.4226451528439348,0.6118866508276685,0.6441782794813348,1.448195316275285,1.7127579372829032,3.57,3.61,2.07,1.78,2.07,3.9,3.9,1.88,1.63,2.29,2122
2122,2022-02-13,Hoffenheim,Bielefeld,2,0,H,0,0,0.5924263134831298,0.25836891357642194,0.1492047729404483,0.4994120183635673,0.493778866940511,1.8347147003707027,0.8369695000796616,1.48,4.69,6.45,1.57,2.43,1.52,4.41,6.14,1.67,2.22,2122
2122,2022-02-18,Mainz,Leverkusen,3,2,H,1,1,0.30897600779037104,0.28073343872603296,0.41029055348359594,0.5653267592638808,0.6101840459521621,1.360051380426262,1.58912435016983,3.09,3.62,2.27,1.72,2.14,3.25,3.66,2.19,1.7,2.18,2122
2122,2022-02-19,FC Koln,Ein Frankfurt,1,0,H,0,0,0.351652982216444,0.2666056949806283,0.3817413228029276,0.6266515165568315,0.6586716651331845,1.5804249664073422,1.651176239565527,2.37,3.53,2.99,1.67,2.23,2.28,3.66,3.02,1.61,2.36,2122
2122,2022-02-19,Stuttgart,Bochum,1,1,D,0,1,0.4213355718206423,0.30640593520473436,0.27225849297462335,0.459659153713831,0.5254053918763352,1.4142071063209047,1.099348385601793,2.11,3.31,3.76,2.09,1.75,2.22,3.45,3.32,1.91,1.92,2122
2122,2022-02-19,Wolfsburg,Hoffenheim,1,2,A,1,1,0.4260014514383038,0.27661906900134886,0.29737947956034727,0.5765486211037978,0.6167013787943039,1.6461040829651021,1.3527327741085662,2.98,3.51,2.37,1.74,2.11,2.73,3.5,2.57,1.73,2.13,2122
2122,2022-02-19,Augsburg,Freiburg,1,2,A,1,1,0.31722689953247696,0.2999426902445692,0.38283041022295394,0.4971153190787974,0.5603393150033636,1.2603955391909203,1.4019846109205005,3.2,3.4,2.29,1.93,1.89,3.1,3.37,2.36,2.0,1.83,2122
2122,2022-02-19,Bielefeld,Union Berlin,1,0,H,0,0,0.26682564369547723,0.34605893234673896,0.3871154239577837,0.3333080395994694,0.42513998633609457,0.9024457170110174,1.134446377062575,3.04,3.2,2.48,2.19,1.68,3.06,3.24,2.46,2.25,1.65,2122
2122,2022-02-20,Bayern Munich,Greuther Furth,4,1,H,1,1,0.9586332636369201,0.03214408994169336,0.00922264642138646,0.9213397937006951,0.4797848420894692,5.029889710487785,0.6560730422420368,1.07,13.34,28.61,1.16,5.2,1.07,13.12,30.35,1.15,5.44,2122
2122,2022-02-20,Dortmund,M'gladbach,6,0,H,1,0,0.631759431513874,0.1975403790407018,0.1707001894454241,0.7536292546483634,0.6961814565882556,2.596426810243276,1.3480679498074766,1.87,4.0,3.93,1.48,2.66,1.63,4.42,4.97,1.41,2.88,2122
2122,2022-02-20,Hertha,RB Leipzig,1,6,A,1,1,0.19082665080498534,0.26140576995716047,0.5477675792378542,0.549302670799078,0.5595076965820097,1.0306016561708777,1.8490094319114243,6.28,4.52,1.51,1.58,2.41,6.15,4.29,1.55,1.68,2.21,2122
2122,2022-02-25,Hoffenheim,Stuttgart,2,1,H,1,1,0.5939745561862764,0.2269495975878327,0.17907584622589084,0.6487269528293773,0.621706786240047,2.1848839819805654,1.1560782553445763,1.56,4.52,5.59,1.52,2.56,1.53,4.59,5.88,1.54,2.49,2122
2122,2022-02-26,Ein Frankfurt,Bayern Munich,0,1,A,0,0,0.18821971241284935,0.20091587395904778,0.6108644136281028,0.7568939730575294,0.7082634598291991,1.414385399752478,2.5518803202433253,5.88,5.1,1.48,1.36,3.2,6.35,5.09,1.45,1.34,3.31,2122
2122,2022-02-26,Union Berlin,Mainz,3,1,H,1,1,0.43096703815402193,0.30696347995582485,0.262069481890153,0.4410859112553566,0.5069986513780868,1.3970698174146035,1.0443942852659795,2.68,3.12,2.88,2.31,1.62,2.66,3.22,2.81,2.18,1.7,2122
2122,2022-02-26,M'gladbach,Wolfsburg,2,2,D,1,1,0.43256699749100336,0.27486184613641024,0.2925711563725864,0.5700186740890355,0.609429310077177,1.6439830639040234,1.3258584721172695,2.08,3.49,3.65,1.87,1.96,2.07,3.53,3.62,1.79,2.05,2122
2122,2022-02-26,Greuther Furth,FC Koln,1,1,D,0,1,0.24506329431447205,0.26532456236802765,0.4896121433175003,0.577222377555536,0.6023832645545998,1.2193892121572185,1.7824578617209887,3.78,3.69,1.97,1.75,2.1,3.56,3.68,2.05,1.7,2.18,2122
2122,2022-02-26,Freiburg,Hertha,3,0,H,1,0,0.5603638465733344,0.2559478576162536,0.1836882958104119,0.548337177808674,0.5522687622106365,1.8706669475440392,1.004800887558202,1.41,4.96,7.43,1.58,2.39,1.57,4.3,5.79,1.76,2.1,2122
2122,2022-02-26,Leverkusen,Bielefeld,3,0,H,1,0,0.6589566630933326,0.22795067583358677,0.11309266107308072,0.5235273775665644,0.4703335597008268,2.025495696514288,0.7452000069509673,1.34,5.53,8.66,1.49,2.64,1.37,5.18,8.62,1.54,2.5,2122
2122,2022-02-27,Bochum,RB Leipzig,0,1,A,0,0,0.20175393636989253,0.2788795827521812,0.5193664808779263,0.48909683398578124,0.5198930436490791,0.9674021715820944,1.6626867588610126,4.69,3.82,1.77,1.83,2.01,5.17,4.09,1.65,1.68,2.21,2122
2122,2022-02-27,Augsburg,Dortmund,1,1,D,0,1,0.18345063423411867,0.22195989530432814,0.5945894704615533,0.6733017721700484,0.6425188891633623,1.21599281810355,2.252627442742951,4.01,3.82,1.88,1.7,2.17,5.36,4.23,1.62,1.51,2.59,2122
2122,2022-03-04,Bielefeld,Augsburg,0,1,A,0,0,0.36590191244371567,0.3380012146164431,0.2960968729398412,0.3510287555102059,0.44131060967086905,1.1193107534788007,0.9831341786179111,2.53,3.24,2.96,2.07,1.78,2.57,3.23,2.93,2.11,1.75,2122
2122,2022-03-05,Bayern Munich,Leverkusen,1,1,D,0,1,0.704751977772424,0.16641876850389833,0.12882925372367765,0.7897146236502813,0.6889038122219522,2.9303411905223054,1.2696827336734087,1.36,6.02,7.16,1.22,4.28,1.4,5.62,6.64,1.26,3.89,2122
2122,2022-03-05,Bochum,Greuther Furth,2,1,H,1,1,0.6032923884560731,0.25307850978721796,0.14362910175670895,0.49357042281990127,0.4814239275783808,1.8411091693470825,0.8069699899545582,1.75,3.8,4.85,1.89,1.93,1.79,3.72,4.69,1.97,1.86,2122
2122,2022-03-05,Hertha,Ein Frankfurt,1,4,A,1,1,0.30720117273123754,0.2702630917362645,0.4225357355324979,0.5895366839529317,0.6256061750035271,1.39608943784586,1.6612707773964792,3.29,3.62,2.17,1.65,2.26,3.3,3.54,2.19,1.73,2.13,2122
2122,2022-03-05,RB Leipzig,Freiburg,1,1,D,0,1,0.615109325527825,0.23262980159329547,0.15226087287887954,0.5823992367215748,0.5527322350786864,2.0661847051838067,0.9588888995264484,1.53,4.28,6.47,1.82,2.01,1.63,4.25,5.27,1.66,2.25,2122
2122,2022-03-05,Wolfsburg,Union Berlin,1,0,H,0,0,0.4401283158432237,0.30093290826276764,0.2589387758940088,0.456183669443715,0.5170015284219205,1.441281589270224,1.0587067116441877,2.24,3.21,3.55,2.25,1.66,2.23,3.3,3.44,2.17,1.71,2122
2122,2022-03-05,Stuttgart,M'gladbach,3,2,H,1,1,0.3597000009201624,0.2658886029646236,0.3744113961152139,0.6164343934166614,0.6495470117950826,1.5740825967299026,1.6084324043106788,2.82,3.54,2.47,1.68,2.2,3.17,3.65,2.2,1.71,2.17,2122
2122,2022-03-06,FC Koln,Hoffenheim,0,1,A,0,0,0.33849649927143793,0.2659742767852578,0.39552922394330414,0.6139042021134764,0.6467903272895299,1.51873778766012,1.651759587392302,2.89,3.69,2.37,1.53,2.51,2.7,3.52,2.57,1.53,2.53,2122
2122,2022-03-12,M'gladbach,Hertha,2,0,H,0,0,0.6033899609232768,0.22096913474096158,0.17564090433576168,0.6547562891226529,0.6216343433403384,2.21981352207215,1.1518577840742605,1.53,4.58,5.89,1.53,2.5,1.58,4.51,5.21,1.5,2.58,2122
2122,2022-03-12,Union Berlin,Stuttgart,1,1,D,0,1,0.5088979320110361,0.27384129741503316,0.21726077057393103,0.5089293726101072,0.5394106889967417,1.6776583747278546,1.0327845156429742,2.14,3.32,3.67,2.14,1.73,2.12,3.48,3.54,1.98,1.84,2122
2122,2022-03-12,Hoffenheim,Bayern Munich,1,1,D,0,1,0.21251301616083634,0.20955391069254767,0.5779330731466161,0.7441051989476849,0.709526957148398,1.459609759412047,2.4225541403564677,5.98,5.48,1.45,1.26,3.92,4.83,4.99,1.58,1.28,3.67,2122
2122,2022-03-12,Freiburg,Wolfsburg,3,2,H,1,1,0.4311399439839835,0.29164533480754734,0.27721472120846924,0.48811044083200583,0.5437203340531792,1.4788055422602842,1.1473262306138912,2.05,3.54,3.72,1.93,1.89,2.1,3.52,3.52,2.03,1.8,2122
2122,2022-03-13,Ein Frankfurt,Bochum,2,1,H,1,1,0.5413546359762467,0.2642864518905038,0.19435891213324952,0.5183817851137397,0.5345434743577591,1.7636720807911124,0.9856649858662043,1.6,4.11,5.81,1.69,2.19,1.89,3.59,4.24,1.81,2.02,2122
2122,2022-03-13,Greuther Furth,RB Leipzig,1,6,A,1,1,0.08939714730592685,0.1733990743414033,0.7372037783526698,0.6575681736275635,0.5295580704992043,0.8288342000117549,2.557382992162455,9.41,5.53,1.33,1.57,2.41,8.43,5.37,1.35,1.56,2.44,2122
2122,2022-03-13,Dortmund,Bielefeld,1,0,H,0,0,0.7447790153446823,0.17778740595071835,0.07743357870459955,0.5997870678232115,0.46473939386221674,2.4128545465278246,0.691622191728689,1.33,5.58,9.02,1.51,2.56,1.27,6.09,10.71,1.44,2.78,2122
2122,2022-03-13,Leverkusen,FC Koln,0,1,A,0,0,0.663165766761995,0.2007957432220199,0.13603849001598523,0.6643953452662985,0.5957279658036255,2.3894721407298327,1.0321334783987102,1.69,4.2,4.71,1.51,2.57,1.62,4.39,5.06,1.47,2.69,2122
2122,2022-03-16,Mainz,Dortmund,0,1,A,0,0,0.26400898300348896,0.24926115075698663,0.4867298662395244,0.6308467962728629,0.6440012594904061,1.3607133559887377,1.8913158630887854,3.01,3.54,2.33,1.69,2.18,4.06,3.84,1.87,1.67,2.22,2122
2122,2022-03-18,Bochum,M'gladbach,0,2,A,0,0,0.3458093847944407,0.28812772220080324,0.366062893004756,0.5106485886486349,0.567440371142814,1.3367051537535029,1.3807792091965785,2.9,3.58,2.41,1.71,2.16,2.9,3.58,2.41,1.71,2.16,2122
2122,2022-03-19,Bayern Munich,Union Berlin,4,0,H,1,0,0.7577322466652269,0.1580949421136325,0.08417281122114058,0.6978273807291967,0.5498471247423492,2.7380778374986545,0.8653989836322126,1.14,9.3,18.71,1.27,3.82,1.18,7.84,15.23,1.31,3.44,2122
2122,2022-03-19,Greuther Furth,Freiburg,0,0,D,0,0,0.16756889638274142,0.22942716732306193,0.6030039362941967,0.6020636130807748,0.5758051619484457,1.0326500413505584,2.0823187421120983,4.89,3.93,1.71,1.79,2.04,4.76,4.06,1.71,1.8,2.04,2122
2122,2022-03-19,Hertha,Hoffenheim,3,0,H,1,0,0.26743296511061776,0.25651617304056723,0.47605086184881507,0.6050906379830264,0.6261634561896706,1.3206477522496627,1.808399509029818,3.64,3.84,1.99,1.59,2.37,4.36,4.22,1.74,1.55,2.47,2122
2122,2022-03-19,Mainz,Bielefeld,4,0,H,1,0,0.5232285104017167,0.3034577220962082,0.1733137675020749,0.3587224802655466,0.4019734625995166,1.4165178554127673,0.7144461769351194,1.51,4.22,7.16,1.91,1.92,1.64,3.76,6.08,2.16,1.71,2122
2122,2022-03-19,Stuttgart,Augsburg,3,2,H,1,1,0.4726725937687666,0.27394931401609296,0.25337809221514057,0.5296839046516452,0.5668691932857931,1.6421648731756704,1.1542217930496088,1.82,3.68,4.56,1.95,1.87,2.05,3.55,3.67,1.91,1.92,2122
2122,2022-03-20,RB Leipzig,Ein Frankfurt,0,0,D,0,0,0.6269634460788713,0.21292943368769976,0.16010712023342896,0.6538212235075445,0.6079870799249555,2.27087351113171,1.096019539041428,1.4,5.09,7.62,1.5,2.61,1.42,4.94,7.28,1.58,2.41,2122
2122,2022-03-20,Wolfsburg,Leverkusen,0,2,A,0,0,0.3483322019296198,0.27189859402932337,0.37976920404105674,0.5743690337260707,0.6156334926752163,1.458876238911262,1.53025073732474,3.15,3.53,2.27,1.78,2.06,3.01,3.53,2.35,1.74,2.11,2122
2122,2022-03-20,FC Koln,Dortmund,1,1,D,0,1,0.2240217648124307,0.23280932574526475,0.5431689094423047,0.6609371691539231,0.6516432866161571,1.309117554867682,2.0944174833322937,3.58,3.93,1.97,1.5,2.6,3.44,3.87,2.02,1.54,2.48,2122
2122,2022-04-01,Union Berlin,FC Koln,1,0,H,0,0,0.4790134648565092,0.2889037896418364,0.2320827455016546,0.4722926163863158,0.5191980389960047,1.546634796141076,1.0165642086861153,2.3,3.24,3.37,2.15,1.72,2.33,3.25,3.32,2.1,1.76,2122
2122,2022-04-02,Hoffenheim,Bochum,1,2,A,1,1,0.5672301863837386,0.25589804238025243,0.17687177123600895,0.5289976177902492,0.5318717470261651,1.840627411183975,0.9528893146423942,1.48,4.7,6.57,1.53,2.52,1.51,4.56,6.23,1.6,2.37,2122
2122,2022-04-02,Dortmund,RB Leipzig,1,4,A,1,1,0.44056222520634336,0.2526945870284187,0.3067431877652379,0.6504508297423965,0.6692212940407198,1.835322614268636,1.5143542096911426,2.33,3.74,2.92,1.56,2.42,2.44,3.74,2.74,1.53,2.52,2122
2122,2022-04-02,Leverkusen,Hertha,2,1,H,1,1,0.7072244223763946,0.18326327924327637,0.10951229838032897,0.6764584788635131,0.5747319541737572,2.5364374556990814,0.949162192218824,1.44,4.82,7.07,1.62,2.34,1.42,5.07,6.96,1.47,2.69,2122
2122,2022-04-02,Freiburg,Bayern Munich,1,4,A,1,1,0.18821841764242864,0.2221302985567934,0.5896512838007779,0.6704097910608364,0.641771545556093,1.2225345711529791,2.2307043740852777,6.21,4.86,1.49,1.51,2.58,5.66,4.82,1.52,1.43,2.85,2122
2122,2022-04-02,Ein Frankfurt,Greuther Furth,0,0,D,0,0,0.7816234226116021,0.14605693417995005,0.0723196432084478,0.7179231061889951,0.5451270678306313,2.8788611676781715,0.8414102834447289,1.3,5.72,10.74,1.56,2.44,1.45,4.81,6.94,1.6,2.36,2122
2122,2022-04-02,Bielefeld,Stuttgart,1,1,D,0,1,0.31142948884622634,0.3257159997775865,0.362854511376187,0.38549822874891265,0.46962957204889055,1.0639333660844024,1.1667367682798575,3.42,3.26,2.27,2.18,1.7,3.15,3.33,2.35,1.99,1.85,2122
2122,2022-04-03,Augsburg,Wolfsburg,3,0,H,1,0,0.31527120559218413,0.2977517650652223,0.3869770293425936,0.4823890465430253,0.5457341658473778,1.2249965631151696,1.3782661882439444,2.62,3.32,2.8,2.03,1.81,2.97,3.29,2.49,2.11,1.75,2122
2122,2022-04-03,M'gladbach,Mainz,1,1,D,0,1,0.4728377746161294,0.2638221428385545,0.26334008254531605,0.5857954056029181,0.6126926120934932,1.7619557394611975,1.278428493463267,2.38,3.5,2.97,1.77,2.07,2.28,3.56,3.1,1.76,2.08,2122
2122,2022-04-06,Augsburg,Mainz,2,1,H,1,1,0.3396807593202037,0.30103687408416036,0.3592823665956361,0.4826602434174034,0.548675739618652,1.281238508809686,1.323105389146823,3.26,3.39,2.27,1.95,1.86,3.34,3.3,2.27,2.03,1.8,2122
2122,2022-04-08,Stuttgart,Dortmund,0,2,A,0,0,0.2285446559660556,0.22974033531745172,0.5417150087164928,0.6935845281506646,0.6803009445997876,1.3956703800624337,2.1837364750089896,3.81,3.92,1.91,1.59,2.38,3.97,3.98,1.86,1.6,2.36,2122
2122,2022-04-09,Bayern Munich,Augsburg,1,0,H,0,0,0.8565219948357845,0.10098249459806868,0.042495510566146734,0.7969296233009076,0.5352361800219047,3.4656544067946413,0.7908167679668272,1.15,9.25,16.11,1.22,4.26,1.12,9.91,19.97,1.21,4.34,2122
2122,2022-04-09,FC Koln,Mainz,3,2,H,1,1,0.36864530843765425,0.3030260819506588,0.3283286096116872,0.4743835979298536,0.5418691014921588,1.328561168570976,1.2429046899860912,2.68,3.3,2.73,1.96,1.87,2.5,3.38,2.9,1.9,1.93,2122
2122,2022-04-09,Greuther Furth,M'gladbach,0,2,A,0,0,0.1801727605559579,0.23145777686975363,0.5883694625742883,0.6320211307408119,0.6100147029287691,1.1293284116899613,2.128463519828066,4.6,4.04,1.73,1.69,2.2,4.77,4.11,1.7,1.66,2.24,2122
2122,2022-04-09,Wolfsburg,Bielefeld,4,0,H,1,0,0.5635411186379533,0.2887894785221863,0.14766940283986052,0.38698398375426546,0.4085763300473091,1.5484978140805712,0.6877329303442411,1.69,3.81,5.33,1.97,1.86,1.67,3.88,5.3,1.95,1.87,2122
2122,2022-04-09,Hertha,Union Berlin,1,4,A,1,1,0.3196323045049563,0.3052187574206089,0.3751489380744347,0.46525163398081754,0.5342957123449681,1.2091025097997923,1.3263638203818822,3.43,3.13,2.32,2.36,1.6,2.88,3.23,2.59,2.19,1.69,2122
2122,2022-04-10,Bochum,Leverkusen,0,0,D,0,0,0.25170638950265545,0.28590708649503843,0.4623865240023062,0.5059605818050064,0.5523176513756983,1.118624543831491,1.579683890360623,3.81,3.85,1.92,1.67,2.21,4.11,4.08,1.81,1.63,2.29,2122
2122,2022-04-10,Ein Frankfurt,Freiburg,1,2,A,1,1,0.4573197128513167,0.27141711112883876,0.2712631760198444,0.5706962190505435,0.6051161424536058,1.698563397832629,1.2742746582087687,2.4,3.39,3.01,1.82,2.01,2.46,3.39,2.93,1.82,2.02,2122
2122,2022-04-10,RB Leipzig,Hoffenheim,3,0,H,1,0,0.6290068556298879,0.21537244980701792,0.1556206945630941,0.6547260937578565,0.6084620420597792,2.282704762131551,1.088822600145075,1.44,5.03,6.7,1.47,2.7,1.5,4.79,5.99,1.47,2.7,2122
2122,2022-04-16,M'gladbach,FC Koln,1,3,A,1,1,0.5298557057922584,0.25062277123547344,0.21952152297226826,0.6081329945191841,0.6144633018351224,1.9393291582121988,1.2039618021493803,2.11,3.73,3.36,1.59,2.38,2.0,3.78,3.57,1.59,2.37,2122
2122,2022-04-16,Mainz,Stuttgart,0,0,D,0,0,0.4944079693334521,0.2710088876233249,0.23458314304322306,0.5472642594178869,0.5767476736868457,1.7290889790189956,1.141775270178636,2.03,3.61,3.64,1.78,2.05,2.01,3.56,3.78,1.9,1.92,2122
2122,2022-04-16,Freiburg,Bochum,3,0,H,1,0,0.49905231248280046,0.29621780409427245,0.20472988342292708,0.43336200518503815,0.4802383778731888,1.5150827492198804,0.8966834765659424,1.66,3.97,5.32,1.84,1.99,1.68,4.02,5.07,1.87,1.96,2122
2122,2022-04-16,Dortmund,Wolfsburg,6,1,H,1,1,0.6195738959575278,0.21672531751040022,0.16370078653207196,0.6634483703076298,0.6214190711683539,2.284416280584728,1.1322174127377707,1.58,4.47,5.41,1.5,2.62,1.53,4.5,5.99,1.55,2.46,2122
2122,2022-04-16,Augsburg,Hertha,0,1,A,0,0,0.4684688615031316,0.28103416095751904,0.25049697753934935,0.5232666964128464,0.564777102006517,1.6262329155924395,1.1433623284263343,1.95,3.56,4.04,1.85,1.98,1.93,3.61,4.03,1.9,1.93,2122
2122,2022-04-17,Bielefeld,Bayern Munich,0,3,A,1,0,0.07130772305058425,0.17362339843167304,0.7550688785177428,0.6063447470850746,0.45988705047476963,0.6753053460634105,2.459694422090306,16.82,8.77,1.15,1.27,3.75,14.25,7.55,1.19,1.32,3.39,2122
2122,2022-04-17,Hoffenheim,Greuther Furth,0,0,D,0,0,0.7726661232314782,0.15376195390182512,0.07357192286669673,0.6972640665115315,0.5331255364414155,2.7831365727992887,0.8171910245241139,1.19,7.59,14.58,1.36,3.17,1.27,6.29,10.51,1.39,3.01,2122
2122,2022-04-17,Union Berlin,Ein Frankfurt,2,0,H,0,0,0.4146463257660987,0.2887642579954375,0.2965894162384639,0.5193659386063898,0.5726231798722416,1.5062484554529865,1.2471576394111772,2.07,3.48,3.71,1.95,1.87,2.16,3.42,3.46,1.98,1.84,2122
2122,2022-04-17,Leverkusen,RB Leipzig,0,1,A,0,0,0.35609561277639057,0.27255766530196024,0.3713467219216491,0.5926364720924215,0.6321126251313681,1.5182284110648427,1.5532736936676745,2.55,3.36,2.85,1.89,1.93,2.97,3.67,2.31,1.63,2.27,2122
2122,2022-04-22,Wolfsburg,Mainz,5,0,H,1,0,0.4458993118665579,0.2880138724594036,0.2660868156740384,0.5035678077486532,0.5539535268213562,1.5402413356083662,1.148315426481752,2.47,3.36,2.97,1.91,1.91,2.35,3.4,3.14,1.91,1.93,2122
2122,2022-04-23,Bayern Munich,Dortmund,3,1,H,1,1,0.6545886045206588,0.1807395623965148,0.16467183308282657,0.7953613966860476,0.7233972986724448,2.8132408403951583,1.4298432383398678,1.32,6.39,8.02,1.22,4.27,1.38,5.65,7.12,1.25,3.93,2122
2122,2022-04-23,RB Leipzig,Union Berlin,1,2,A,1,1,0.619383543184412,0.24154942739565818,0.13906702941992977,0.5241432056349148,0.4985250053041957,1.9408965739030746,0.8323561946680469,1.62,3.82,6.19,2.08,1.76,1.54,4.17,6.62,1.95,1.87,2122
2122,2022-04-23,Greuther Furth,Leverkusen,1,4,A,1,1,0.11049919988321262,0.19912578193912567,0.6903750181776616,0.6206503553321745,0.5354019269962207,0.8662131596071851,2.3365048607833896,9.92,5.94,1.29,1.51,2.56,8.5,5.33,1.36,1.53,2.53,2122
2122,2022-04-23,Freiburg,M'gladbach,3,3,D,1,1,0.47358233609826306,0.2589367134372129,0.2674809504645241,0.6115448045232293,0.6332840687915733,1.8216054174606258,1.3377363532823918,1.84,3.92,4.14,1.6,2.35,1.85,3.91,4.06,1.59,2.37,2122
2122,2022-04-23,FC Koln,Bielefeld,3,1,H,1,1,0.5468603090220447,0.29008223816068446,0.16305745281727071,0.40099245051133503,0.43012697710963893,1.5434784737899867,0.7453363125096126,1.42,4.8,7.77,1.67,2.22,1.54,4.36,6.27,1.76,2.09,2122
2122,2022-04-23,Ein Frankfurt,Hoffenheim,2,2,D,1,1,0.44847724786563137,0.2575749605783663,0.29394779155600226,0.6308665979093766,0.6533551366005593,1.8091381520214804,1.4429851069042336,2.35,3.72,2.89,1.53,2.5,2.53,3.7,2.67,1.52,2.54,2122
2122,2022-04-24,Bochum,Augsburg,0,2,A,0,0,0.41232706486837534,0.3193203179706292,0.2683526171609956,0.3984840866793376,0.47470921888132206,1.2854144487879484,0.993959202297205,2.22,3.28,3.48,1.97,1.85,2.28,3.27,3.38,1.98,1.85,2122
2122,2022-04-24,Hertha,Stuttgart,2,0,H,0,0,0.3881823169947196,0.28217128836919925,0.32964639463608114,0.5484012462271953,0.5973980595621201,1.503213104956983,1.3725224164796923,3.16,3.27,2.39,1.99,1.84,3.03,3.34,2.42,1.93,1.88,2122
2122,2022-04-29,Union Berlin,Greuther Furth,1,1,D,0,1,0.7176069436276237,0.19782607682597989,0.08456697954639666,0.5525266484282926,0.44656380293428644,2.2256785611790275,0.6678435021392959,1.25,6.03,13.55,1.68,2.21,1.27,5.71,13.47,1.77,2.08,2122
2122,2022-04-30,Stuttgart,Wolfsburg,1,1,D,0,1,0.3449982987728678,0.28418319227959515,0.3708185089475372,0.5429615045334213,0.5941731638051501,1.3975364436318178,1.4549449037644133,1.92,3.69,4.0,1.81,2.03,2.05,3.65,3.58,1.77,2.07,2122
2122,2022-04-30,Hoffenheim,Freiburg,3,4,A,1,1,0.44775275089181804,0.26550049819600063,0.2867467509121814,0.5977550284459178,0.6278516668637117,1.7341079465426432,1.3609031853899762,2.37,3.68,2.89,1.56,2.45,2.48,3.55,2.8,1.65,2.26,2122
2122,2022-04-30,Mainz,Bayern Munich,3,1,H,1,1,0.14095014204528447,0.20242606738712535,0.6566237905675902,0.6748502040393856,0.6098076587569217,1.0716027186886348,2.4053261277859357,4.9,4.53,1.63,1.42,2.87,5.58,4.79,1.53,1.41,2.93,2122
2122,2022-04-30,Augsburg,FC Koln,1,4,A,1,1,0.38504684668984357,0.2949255267982628,0.3200276265118937,0.4991604640859508,0.5596904957089051,1.4055876927993356,1.2650703636642535,3.11,3.54,2.28,1.72,2.15,2.82,3.44,2.51,1.81,2.02,2122
2122,2022-04-30,Dortmund,Bochum,3,4,A,1,1,0.72249710792211,0.1844807167505785,0.0930221753273117,0.6310986736174162,0.5175835626276292,2.4446279196629908,0.8087145566639572,1.41,5.27,7.04,1.39,3.03,1.36,5.4,8.01,1.44,2.8,2122
2122,2022-04-30,Bielefeld,Hertha,1,1,D,0,1,0.3204062089686392,0.33216830585070894,0.34742548518065164,0.3709931879416917,0.4591567570485677,1.0615582051465198,1.1149970207727808,2.74,3.27,2.7,2.06,1.79,2.65,3.27,2.79,2.07,1.77,2122
2122,2022-05-02,Leverkusen,Ein Frankfurt,2,0,H,0,0,0.5616130966691799,0.2362567512618562,0.20213015206896373,0.6444399977076656,0.6324830222704853,2.0996027304784954,1.2197466565590398,1.46,4.91,6.43,1.45,2.76,1.42,5.12,6.88,1.45,2.76,2122
2122,2022-05-02,M'gladbach,RB Leipzig,3,1,H,1,1,0.25303192395722707,0.2556411923324784,0.49132688371029454,0.6199958872080862,0.6361135558123572,1.317572813659847,1.8819552001642188,4.91,4.31,1.65,1.58,2.4,4.18,4.1,1.79,1.59,2.37,2122
2122,2022-05-06,Bochum,Bielefeld,2,1,H,1,1,0.49172264041234665,0.3248058369174019,0.18347152267025146,0.33048876442902014,0.3913447600497275,1.3143613709665058,0.7121125041995521,2.19,3.58,3.28,1.79,2.05,2.19,3.59,3.27,1.79,2.05,2122
2122,2022-05-07,Hertha,Mainz,1,2,A,1,1,0.33753355860740086,0.2956827358487328,0.36678370554386625,0.5050728591776977,0.5661215754858374,1.3156324592682662,1.3790542828431314,2.81,3.35,2.58,1.84,1.98,2.49,3.47,2.84,1.86,1.98,2122
2122,2022-05-07,Greuther Furth,Dortmund,1,3,A,1,1,0.0850015176016678,0.15680416414747209,0.7581943182508601,0.7242067076477116,0.5768946433412828,0.9238960414847326,2.834133009717545,7.34,5.64,1.37,1.32,3.41,9.0,5.93,1.31,1.37,3.13,2122
2122,2022-05-07,Hoffenheim,Leverkusen,2,4,A,1,1,0.35017844517427227,0.2574081549842485,0.3924133998414793,0.652830060903783,0.6766964381425958,1.6303306317241781,1.7314579059972224,2.92,3.94,2.25,1.45,2.74,3.25,4.05,2.06,1.44,2.79,2122
2122,2022-05-07,FC Koln,Wolfsburg,0,1,A,0,0,0.38530118585883577,0.2859984345017371,0.3287003796394271,0.5401349892847797,0.5920421036828357,1.4830678841356768,1.357394317008811,1.5,4.84,6.01,1.46,2.72,1.62,4.48,5.0,1.53,2.52,2122
2122,2022-05-07,Freiburg,Union Berlin,1,4,A,1,1,0.43649587463206657,0.2941789412933114,0.269325184074622,0.4899679446647013,0.5457102521418592,1.497169443732016,1.136413674711884,1.81,3.68,4.56,1.92,1.91,1.95,3.71,3.86,1.77,2.08,2122
2122,2022-05-08,Bayern Munich,Stuttgart,2,2,D,1,1,0.8385159377322664,0.11113827765848829,0.050345784609245214,0.7900395062148995,0.5549584837483068,3.3634807970301495,0.8397999840059742,1.28,6.66,9.15,1.25,3.92,1.25,6.82,10.75,1.3,3.52,2122
2122,2022-05-08,Ein Frankfurt,M'gladbach,1,1,D,0,1,0.4689241692131201,0.25030876779262096,0.280767062994259,0.6572750639159014,0.6706454533488069,1.919852952536627,1.4647320785192268,2.65,3.81,2.49,1.48,2.61,2.34,3.92,2.79,1.4,2.92,2122
2122,2022-05-08,RB Leipzig,Augsburg,4,0,H,1,0,0.7240557217007364,0.18831988435818706,0.08762439394107663,0.605110699722344,0.490948301111673,2.3784622399158013,0.7507456143754757,1.23,6.69,13.54,1.49,2.64,1.26,6.32,11.32,1.48,2.65,2122
2122,2022-05-14,Union Berlin,Bochum,3,2,H,1,1,0.5159160581961528,0.2915631379188679,0.1925208038849791,0.43427610784506837,0.47418616970149174,1.5488395971081212,0.8664336598194027,1.3,5.86,9.99,1.54,2.49,1.41,5.13,7.32,1.53,2.52,2122
2122,2022-05-14,Bielefeld,RB Leipzig,1,1,D,0,1,0.11191808891573067,0.24645331559609707,0.6416285954881722,0.454139099261606,0.41942660303231255,0.6567309392945796,1.83530027925506,8.74,5.52,1.34,1.54,2.48,11.03,6.61,1.25,1.4,2.98,2122
2122,2022-05-14,Leverkusen,Freiburg,2,1,H,1,1,0.5674637251756427,0.23506708149966402,0.19746919332469348,0.6401401764898209,0.6262445781138654,2.1011678642825826,1.1966986792865317,2.22,3.92,2.98,1.47,2.69,2.4,4.0,2.66,1.4,2.95,2122
2122,2022-05-14,Augsburg,Greuther Furth,2,1,H,1,1,0.5893688676206482,0.2541351479995725,0.15649598437977924,0.5125919608266034,0.5064488975133682,1.8533491248296157,0.8721206951431053,1.65,4.29,4.83,1.56,2.43,1.58,4.72,5.09,1.39,2.95,2122
2122,2022-05-14,Stuttgart,FC Koln,2,1,H,1,1,0.4017832249722422,0.2856274942784214,0.31258928074933645,0.5343163037248958,0.5856806837237942,1.506659127779622,1.3091936333028684,2.23,3.97,2.93,1.48,2.67,2.22,4.07,2.9,1.4,2.93,2122
2122,2022-05-14,Dortmund,Hertha,2,1,H,1,1,0.7529794713292449,0.15569354399492275,0.0913269846758324,0.7447331223852306,0.6036558493178307,2.892723971719844,0.9937650049582292,1.54,4.86,5.33,1.35,3.19,1.52,4.98,5.49,1.3,3.49,2122
2122,2022-05-14,M'gladbach,Hoffenheim,5,1,H,1,1,0.4655630707914432,0.24127638143775582,0.29316054777080097,0.6943550573442011,0.6998640295130183,2.00563570658594,1.5780714855416578,2.07,4.35,3.04,1.24,4.07,2.04,4.4,3.08,1.23,4.16,2122
2122,2022-05-14,Wolfsburg,Bayern Munich,2,2,D,1,1,0.1895137017495252,0.22341577303800708,0.5870705252124677,0.6737295225805262,0.6461704237608524,1.2354153681793363,2.23548510264789,6.29,5.77,1.41,1.2,4.46,4.97,5.11,1.55,1.22,4.27,2122
2122,2022-05-14,Mainz,Ein Frankfurt,2,2,D,1,1,0.40399170284703506,0.28470033820474366,0.3113079589482215,0.5374198038309593,0.5878387076724643,1.5172986726208455,1.3116580004801546,1.88,3.96,3.87,1.57,2.4,1.69,4.41,4.5,1.42,2.88,2122
2223,2022-08-05,Ein Frankfurt,Bayern Munich,1,6,A,1,1,0.18814979777297064,0.21366667180286067,0.5981835304241687,0.7100192066219535,0.6725728218597825,1.3058383392176678,2.3675181736437745,5.97,5.08,1.47,1.39,3.03,5.82,4.96,1.49,1.39,2.94,2223
2223,2022-08-06,Augsburg,Freiburg,0,4,A,1,0,0.31164398428211854,0.28733825665264334,0.4010177590652382,0.5299924695883675,0.5826829504725035,1.3001904334482886,1.4974882542989267,3.46,3.51,2.14,1.87,1.95,3.39,3.51,2.15,1.88,1.93,2223
2223,2022-08-06,Bochum,Mainz,1,2,A,1,1,0.3655273557872595,0.30721608712867704,0.3272565570840636,0.4606016799806126,0.53139127056101,1.2988989545678158,1.2183420778948006,3.31,3.43,2.23,1.86,1.97,3.23,3.42,2.26,1.93,1.89,2223
2223,2022-08-06,M'gladbach,Hoffenheim,3,1,H,1,1,0.4962265351885988,0.233850338876638,0.2699231259347632,0.710981330954691,0.706995879433657,2.124835961007456,1.554104866045313,2.05,3.97,3.31,1.44,2.81,2.14,4.04,3.05,1.37,3.09,2223
2223,2022-08-06,Union Berlin,Hertha,3,1,H,1,1,0.5677946193767742,0.2612479835719178,0.17095739705130789,0.511833894971839,0.5174255828938349,1.8077018832567477,0.9146521544847224,1.87,3.62,4.3,1.9,1.92,1.77,3.73,4.7,2.0,1.83,2223
2223,2022-08-06,Wolfsburg,Werder Bremen,2,2,D,1,1,0.5640587481392343,0.2628611969649165,0.17308005489584913,0.509181330583823,0.5170116311671756,1.7944313018230453,0.9170459261892278,2.08,3.63,3.5,1.76,2.09,1.88,3.74,4.06,1.78,2.06,2223
2223,2022-08-06,Dortmund,Leverkusen,1,0,H,0,0,0.5016335661601661,0.23176862825255565,0.2665978055872782,0.71654223453301,0.7101965669443185,2.1537270765859664,1.55800560015648,2.05,3.98,3.26,1.42,2.83,2.06,4.12,3.19,1.39,3.01,2223
2223,2022-08-07,Stuttgart,RB Leipzig,1,1,D,0,1,0.2030493748852923,0.2590484101941325,0.5379022149205753,0.5604484965989838,0.5721556467880694,1.0784390375665662,1.849400969289487,3.79,3.72,1.96,1.78,2.06,4.35,3.92,1.79,1.75,2.09,2223
2223,2022-08-07,FC Koln,Schalke 04,3,1,H,1,1,0.6178050158982369,0.23990782903513602,0.1422871550666271,0.541081706247963,0.5147918471451033,1.9767730112503088,0.8677233129214943,2.01,3.67,3.65,1.72,2.14,1.73,4.14,4.48,1.54,2.47,2223
2223,2022-08-12,Freiburg,Dortmund,1,3,A,1,1,0.32078033799621114,0.24889138205484096,0.4303282799489479,0.6741911760186275,0.6891900845213174,1.6032658796396155,1.8700706823219369,2.98,3.7,2.3,1.58,2.4,3.06,3.74,2.25,1.58,2.4,2223
2223,2022-08-13,Schalke 04,M'gladbach,2,2,D,1,1,0.18806750640380385,0.2395272845052546,0.5724052090909415,0.6093336756810324,0.5979987203906111,1.1134375961758491,2.0354993118065856,3.21,3.74,2.13,1.57,2.42,3.12,3.75,2.21,1.55,2.46,2223
2223,2022-08-13,Werder Bremen,Stuttgart,2,2,D,1,1,0.3780857211139903,0.29742532286737433,0.32448895601863553,0.49062439494238846,0.5535347994571421,1.3756812757328187,1.2605378442350088,2.3,3.6,3.04,1.65,2.24,2.33,3.59,2.99,1.67,2.24,2223
2223,2022-08-13,RB Leipzig,FC Koln,2,2,D,1,1,0.670794465663819,0.2087254083084885,0.12048012602769256,0.6075508090293819,0.5383795027091745,2.255322675222464,0.8852718339896369,1.44,4.98,6.78,1.48,2.67,1.44,4.85,7.05,1.57,2.41,2223
2223,2022-08-13,Hertha,Ein Frankfurt,1,1,D,0,1,0.3250088737397582,0.2776779911714989,0.39731313508874294,0.5647481870723398,0.6091947803966863,1.3916925706887988,1.5549441723043123,3.02,3.61,2.3,1.69,2.19,3.05,3.52,2.32,1.79,2.06,2223
2223,2022-08-13,Hoffenheim,Bochum,3,2,H,1,1,0.5285689457929432,0.25465644119974634,0.21677461300731043,0.5864385485252482,0.5968489310887717,1.8857437104970707,1.1575561400531993,1.58,4.5,5.29,1.5,2.62,1.58,4.47,5.38,1.51,2.59,2223
2223,2022-08-13,Leverkusen,Augsburg,1,2,A,1,1,0.6904056925995343,0.19838516363214265,0.11120914376832317,0.6254453642176665,0.5398793221233185,2.349537092981656,0.8762823286304221,1.31,6.01,9.15,1.41,2.96,1.33,5.63,9.07,1.46,2.72,2223
2223,2022-08-14,Mainz,Union Berlin,0,0,D,0,0,0.37234830706341676,0.3028696031787264,0.32478208975785683,0.47088056818029417,0.5384531431566555,1.3292284315401128,1.228394682020483,2.26,3.3,3.38,2.0,1.84,2.26,3.25,3.42,2.02,1.81,2223
2223,2022-08-14,Bayern Munich,Wolfsburg,2,0,H,0,0,0.7550840364487077,0.15471186758298386,0.09020409596830849,0.7436448430141559,0.6004992086054758,2.8943577755398393,0.9851231176205776,1.15,8.91,15.24,1.19,4.58,1.15,9.11,16.45,1.22,4.26,2223
2223,2022-08-19,M'gladbach,Hertha,1,0,H,0,0,0.6004471842686392,0.2266680839556221,0.1728847317757385,0.6449013886217495,0.6154570753084412,2.1908709636192496,1.1308053611531208,1.52,4.76,5.87,1.45,2.77,1.52,4.69,5.83,1.51,2.59,2223
2223,2022-08-20,Wolfsburg,Schalke 04,0,0,D,0,0,0.6728271697519949,0.21579384802259166,0.11137898222541345,0.5685335133166852,0.5010884820479675,2.1640065003459643,0.7993083529480915,1.85,3.88,4.1,1.61,2.36,1.85,3.86,4.1,1.67,2.24,2223
2223,2022-08-20,Union Berlin,RB Leipzig,2,1,H,1,1,0.28117148111036017,0.2982688821596318,0.42055963673000785,0.4846415118825865,0.5448425402966616,1.1565133699537926,1.4557381913225256,3.33,3.48,2.21,1.89,1.94,3.54,3.56,2.1,1.86,1.97,2223
2223,2022-08-20,Stuttgart,Freiburg,0,1,A,0,0,0.35065079143953104,0.28119886643426617,0.3681503421262029,0.5641164468550148,0.6114174072937424,1.4522056223099882,1.4916612093297799,2.67,3.55,2.56,1.72,2.15,2.64,3.56,2.61,1.73,2.13,2223
2223,2022-08-20,Augsburg,Mainz,1,2,A,1,1,0.3264256929208168,0.30320450013645805,0.3703698069427252,0.47973876282671746,0.5467645631865216,1.2495029937885394,1.3432075493777038,3.8,3.61,1.99,1.79,2.06,3.52,3.52,2.11,1.86,1.96,2223
2223,2022-08-20,Dortmund,Werder Bremen,2,3,A,1,1,0.7356495788547064,0.1697329999319972,0.09461742121329647,0.7029970755177058,0.5765741793824938,2.698902457639027,0.9339791793915642,1.41,5.17,7.21,1.42,2.9,1.39,5.36,7.39,1.4,2.97,2223
2223,2022-08-20,Leverkusen,Hoffenheim,0,3,A,1,0,0.5943275758225683,0.21812147230342452,0.18755095187400717,0.6964702134222143,0.6628036977973758,2.318863718451307,1.276773121346865,1.61,4.59,4.94,1.37,3.14,1.69,4.34,4.51,1.44,2.82,2223
2223,2022-08-21,Ein Frankfurt,FC Koln,1,1,D,0,1,0.46587222701674513,0.2673240036093517,0.2668037693739031,0.5890681494737482,0.6182437884653843,1.7576435086052409,1.2975867407220172,2.12,3.75,3.3,1.6,2.36,2.04,3.73,3.49,1.67,2.23,2223
2223,2022-08-21,Bochum,Bayern Munich,0,7,A,1,0,0.11464589342470505,0.1860701117818491,0.6992839947934459,0.6901814897393437,0.5945006368643331,0.9995335597207544,2.5610060983501066,12.95,8.13,1.19,1.23,4.12,13.38,8.0,1.19,1.25,4.02,2223
2223,2022-08-26,Freiburg,Bochum,1,0,H,0,0,0.578044143941705,0.24661334772071192,0.17534250833758308,0.5720250959899117,0.5640168419182116,1.961856445333249,1.0168752476509635,1.51,4.55,6.08,1.64,2.28,1.51,4.66,6.13,1.61,2.34,2223
2223,2022-08-27,RB Leipzig,Wolfsburg,2,0,H,0,0,0.5919325328654632,0.2457463142723348,0.16232115286220186,0.555697355539921,0.5427689168152449,1.9546808827077466,0.9525170626969037,1.56,4.51,5.67,1.56,2.44,1.49,4.6,6.46,1.59,2.39,2223
2223,2022-08-27,Schalke 04,Union Berlin,1,6,A,1,1,0.18712799591583928,0.28056132776330517,0.5323106763208554,0.468246012002647,0.4967882064234812,0.8996849107760603,1.647557197067884,3.14,3.4,2.32,1.96,1.87,3.08,3.44,2.34,1.9,1.89,2223
2223,2022-08-27,Bayern Munich,M'gladbach,1,1,D,0,1,0.7788077480096964,0.1349438461107036,0.08624840587960012,0.8153417289967297,0.658218073418369,3.2751328229508743,1.129879164416252,1.18,8.71,12.8,1.17,5.05,1.19,8.16,12.66,1.2,4.65,2223
2223,2022-08-27,Hoffenheim,Augsburg,1,0,H,0,0,0.5760881056459011,0.2355248547542142,0.1883870395998848,0.6305337968098207,0.6146177899132292,2.0974470842299837,1.1530668181020747,1.43,5.11,6.84,1.41,2.94,1.47,4.86,6.43,1.47,2.71,2223
2223,2022-08-27,Mainz,Leverkusen,0,3,A,1,0,0.31148692841002346,0.28199870587494347,0.40651436571503297,0.5513795673647963,0.5987645372462019,1.3378575443352498,1.5506799812812797,2.41,3.62,2.86,1.69,2.19,2.72,3.74,2.45,1.61,2.34,2223
2223,2022-08-27,Hertha,Dortmund,0,1,A,0,0,0.1834923394594881,0.22433541279396796,0.5921722477465439,0.6656252420326482,0.6371187267097292,1.2018515182115408,2.226161691427094,4.29,4.34,1.73,1.47,2.69,4.44,4.45,1.69,1.48,2.66,2223
2223,2022-08-28,FC Koln,Stuttgart,0,0,D,0,0,0.46078304641417844,0.278564817414146,0.26065213617167565,0.5410331747098942,0.5811384546593369,1.6461124983240187,1.1981657674103168,2.34,3.53,3.0,1.77,2.08,2.1,3.69,3.38,1.68,2.21,2223
2223,2022-08-28,Werder Bremen,Ein Frankfurt,3,4,A,1,1,0.3452208677470848,0.2851900418821506,0.36958909037076476,0.5453812122886613,0.5968324311982071,1.4042693761614613,1.458535721200477,2.37,3.59,2.92,1.64,2.29,2.51,3.58,2.74,1.63,2.31,2223
2223,2022-09-02,Dortmund,Hoffenheim,1,0,H,0,0,0.6272255323845021,0.19663609124772244,0.1761383763677754,0.754630827143809,0.6986883168583781,2.585317663473059,1.365832082960658,1.79,4.15,4.09,1.47,2.68,1.66,4.54,4.59,1.39,3.04,2223
2223,2022-09-03,Leverkusen,Freiburg,2,3,A,1,1,0.5183096006587755,0.2525127173214831,0.22917768201974154,0.6078563207713181,0.6179942407684846,1.9125439166784184,1.2294477924183596,1.83,3.89,4.19,1.64,2.28,1.92,3.88,3.81,1.55,2.46,2223
2223,2022-09-03,Wolfsburg,FC Koln,2,4,A,1,1,0.4553082367685253,0.285452090187541,0.2592396730439338,0.5104616143726717,0.557512177016816,1.5732886196251683,1.143430020199368,2.19,3.49,3.36,1.78,2.06,2.12,3.52,3.49,1.77,2.08,2223
2223,2022-09-03,Ein Frankfurt,RB Leipzig,4,0,H,1,0,0.24323368520647848,0.25886964996641787,0.49789666482710376,0.5962617411955402,0.6149676576071121,1.246792783274296,1.8413431419930741,3.45,3.68,2.09,1.67,2.24,3.56,3.74,2.03,1.61,2.35,2223
2223,2022-09-03,Union Berlin,Bayern Munich,1,1,D,0,1,0.19307702795067566,0.23111296043412227,0.5758100116152021,0.6486250622094026,0.6297539504138312,1.1985914906487323,2.141849713512978,7.49,5.5,1.38,1.44,2.81,7.43,5.54,1.38,1.42,2.88,2223
2223,2022-09-03,Bochum,Werder Bremen,0,2,A,0,0,0.37931627633772014,0.2915937153302536,0.32909000833202623,0.514544459277613,0.5722038702829125,1.421561197884696,1.3119340029751072,3.08,3.65,2.26,1.65,2.27,2.92,3.65,2.35,1.67,2.23,2223
2223,2022-09-03,Stuttgart,Schalke 04,1,1,D,0,1,0.5942876286580046,0.2468080716765666,0.15890429966542877,0.5416032123724546,0.5289849949828599,1.9269076387477058,0.9198026409282283,1.71,4.0,4.84,1.7,2.18,1.78,4.01,4.32,1.7,2.18,2223
2223,2022-09-04,Augsburg,Hertha,0,2,A,0,0,0.4077873642134616,0.3002538612759738,0.2919587745105645,0.4736823114760015,0.5372034249006649,1.407614019434021,1.1610773967455017,2.54,3.45,2.8,1.75,2.1,2.54,3.37,2.84,1.86,1.96,2223
2223,2022-09-04,M'gladbach,Mainz,0,1,A,0,0,0.48664024550628704,0.2619326918902418,0.25142706260347125,0.5911357188535595,0.6140181935304019,1.8053960176135928,1.2592539252924846,2.36,3.65,2.93,1.71,2.17,2.23,3.7,3.08,1.68,2.21,2223
2223,2022-09-09,Werder Bremen,Augsburg,0,1,A,0,0,0.4706454202541208,0.2803644130805764,0.2489901666653029,0.512423024680729,0.5542989227680628,1.6062087533261513,1.1185608312722284,1.5,4.62,6.17,1.56,2.45,1.54,4.58,5.7,1.57,2.44,2223
2223,2022-09-10,Bayern Munich,Stuttgart,2,2,D,1,1,0.8173582951217293,0.12379876272161486,0.05884294215665594,0.7610344034885118,0.5495652016500491,3.157793308593099,0.8370559740422201,1.22,7.38,11.99,1.29,3.65,1.16,8.66,16.09,1.23,4.19,2223
2223,2022-09-10,Ein Frankfurt,Wolfsburg,0,1,A,0,0,0.4445211081019887,0.26872521678487793,0.28675367511313343,0.5779505587953209,0.6122439233786101,1.682950264707693,1.3221486908192224,1.91,3.78,3.93,1.66,2.25,2.04,3.63,3.6,1.68,2.21,2223
2223,2022-09-10,Hertha,Leverkusen,2,2,D,1,1,0.2215385491948537,0.2565146091006113,0.521946841704535,0.5767758650387701,0.5907236505639514,1.1519353413957396,1.8479202873656153,3.89,3.96,1.87,1.57,2.4,3.64,4.0,1.93,1.53,2.52,2223
2223,2022-09-10,Hoffenheim,Mainz,4,1,H,1,1,0.4504921654658887,0.2686833571431483,0.2808244773909629,0.5751430816595774,0.6089233856661286,1.6900864149087975,1.3024864591882654,2.43,3.57,2.86,1.69,2.2,2.3,3.61,3.01,1.68,2.21,2223
2223,2022-09-10,RB Leipzig,Dortmund,3,0,H,1,0,0.4490063770850812,0.2517381341109145,0.29925548880400443,0.6488284518023116,0.6664557284744319,1.8502855964408806,1.4911653627593375,2.42,3.79,2.75,1.54,2.5,2.37,3.84,2.79,1.56,2.45,2223
2223,2022-09-10,Schalke 04,Bochum,3,1,H,1,1,0.32818103004272803,0.2976517880960169,0.37416718186125464,0.48239706230742796,0.5463621082419663,1.2525287900692983,1.350765864281396,2.08,3.66,3.47,1.67,2.23,2.04,3.67,3.56,1.72,2.15,2223
2223,2022-09-11,FC Koln,Union Berlin,0,1,A,0,0,0.3378843086489815,0.2928000354025016,0.369315655948517,0.501565346956701,0.5614998259070914,1.30620997347838,1.3742040723365618,2.47,3.39,2.92,1.93,1.89,2.45,3.45,2.9,1.9,1.92,2223
2223,2022-09-11,Freiburg,M'gladbach,0,0,D,0,0,0.4431359398905367,0.2576063092560421,0.2992577508534212,0.6261957191033594,0.6499082933951823,1.7845000813027585,1.4448936101254697,2.15,3.65,3.32,1.64,2.29,2.05,3.71,3.51,1.59,2.39,2223
2223,2022-09-16,Mainz,Hertha,1,1,D,0,1,0.4919294134847521,0.2758095004971641,0.23226108601808385,0.5024990133113675,0.5387570914716747,1.626916286891933,1.0572936223029932,1.77,3.95,4.49,1.75,2.11,1.76,3.98,4.49,1.72,2.14,2223
2223,2022-09-17,M'gladbach,RB Leipzig,3,0,H,1,0,0.2861218212524344,0.2589994367203116,0.45487874202725387,0.6024289636728529,0.6281837842227612,1.3620189021863578,1.7546299437855348,3.1,3.62,2.26,1.66,2.26,3.05,3.69,2.26,1.59,2.38,2223
2223,2022-09-17,Stuttgart,Ein Frankfurt,1,3,A,1,1,0.3580157525511879,0.27527884738741365,0.3667054000613985,0.5574631801739489,0.6026486859628165,1.4476699173430598,1.4671748744037731,2.55,3.32,2.84,1.89,1.92,2.33,3.58,2.99,1.68,2.2,2223
2223,2022-09-17,Leverkusen,Werder Bremen,1,1,D,0,1,0.6339212092326105,0.2132822503326867,0.15279654043470287,0.636040614230656,0.5880485484286556,2.2386350358392484,1.038934919971032,1.62,4.46,4.94,1.46,2.73,1.65,4.45,4.74,1.47,2.69,2223
2223,2022-09-17,Augsburg,Bayern Munich,1,0,H,0,0,0.0897389747405554,0.1587028345282657,0.7515581907311788,0.7096720846413448,0.5682602872104718,0.9120389539504945,2.759472348341845,14.05,8.49,1.17,1.22,4.2,15.37,8.69,1.16,1.27,3.81,2223
2223,2022-09-17,Dortmund,Schalke 04,1,0,H,0,0,0.8121190349005333,0.12578929649883858,0.06209166860062802,0.7562421577390176,0.5510983439234267,3.118020456470175,0.844411530614114,1.42,5.04,7.02,1.46,2.72,1.39,5.39,7.41,1.44,2.81,2223
2223,2022-09-18,Union Berlin,Wolfsburg,2,0,H,0,0,0.4665734192292146,0.2872210322746577,0.24620554849612797,0.47264232329005484,0.5216287642896149,1.5182813580981722,1.0462991182741934,2.08,3.35,3.81,2.15,1.72,2.02,3.52,3.79,1.98,1.84,2223
2223,2022-09-18,Bochum,FC Koln,1,1,D,0,1,0.29778494199100786,0.28241622741079353,0.41979883059819867,0.5177430942450678,0.5677887801754233,1.2395778986539414,1.507114568072939,3.35,3.74,2.1,1.6,2.37,3.08,3.67,2.25,1.7,2.16,2223
2223,2022-09-18,Hoffenheim,Freiburg,0,0,D,0,0,0.41884830410676044,0.2561918497718443,0.32495984612139517,0.6287946076784702,0.6538034071450993,1.7317357563751268,1.510278999359378,2.2,3.59,3.24,1.71,2.16,2.17,3.75,3.14,1.56,2.43,2223
2223,2022-09-30,Bayern Munich,Leverkusen,4,0,H,1,0,0.6769405941184989,0.17911953045701792,0.14393987542448308,0.7550328642461787,0.6715498879035261,2.7132695252970187,1.2406292358213116,1.36,5.91,7.25,1.28,3.63,1.37,5.79,7.18,1.3,3.56,2223
2223,2022-10-01,Werder Bremen,M'gladbach,5,1,H,1,1,0.30918516666405615,0.26561823301935217,0.4251966003165917,0.5861629410759925,0.6202905522621694,1.3879504576326451,1.6540953683970345,2.62,3.8,2.5,1.53,2.51,2.58,3.76,2.56,1.55,2.47,2223
2223,2022-10-01,Wolfsburg,Stuttgart,3,2,H,1,1,0.47944728572655376,0.27685807428212084,0.2436946399913254,0.5074743504929539,0.5465790113032128,1.6110597212648616,1.0934308712126743,2.52,3.3,2.91,2.07,1.77,2.38,3.47,2.99,1.93,1.89,2223
2223,2022-10-01,RB Leipzig,Bochum,4,0,H,1,0,0.7374759831153892,0.17557749837414804,0.08694651851046267,0.6287827523796454,0.5008435298237112,2.4718280961688075,0.7702247995997704,1.26,6.42,10.6,1.45,2.77,1.24,6.62,11.29,1.43,2.85,2223
2223,2022-10-01,Freiburg,Mainz,2,1,H,1,1,0.4867391249567622,0.2722517120183906,0.2410091630248473,0.5222335462329792,0.5565032944970217,1.6553641763186626,1.1099368980432653,2.16,3.47,3.41,1.95,1.88,2.1,3.57,3.48,1.88,1.94,2223
2223,2022-10-01,Ein Frankfurt,Union Berlin,2,0,H,0,0,0.3699478208948489,0.28235028740591056,0.3477018916992403,0.5286397306164392,0.580588388339867,1.4205020927730216,1.3715098620119672,2.41,3.34,3.03,2.01,1.81,2.27,3.44,3.21,1.95,1.86,2223
2223,2022-10-01,FC Koln,Dortmund,3,2,H,1,1,0.2624122548865604,0.2461387801649177,0.49144896494852197,0.6378750870479418,0.6480628954767603,1.3689943298352414,1.917614998741837,3.1,3.75,2.19,1.62,2.32,3.28,3.84,2.09,1.58,2.38,2223
2223,2022-10-02,Hertha,Hoffenheim,1,1,D,0,1,0.30923089794167324,0.2662197836668601,0.4245493183914666,0.5838194872623085,0.618566374259717,1.3836614723153249,1.6477938623849662,2.92,3.6,2.36,1.68,2.22,2.82,3.73,2.37,1.59,2.38,2223
2223,2022-10-02,Schalke 04,Augsburg,2,3,A,1,1,0.3214207666494892,0.298849496179352,0.3797297371711588,0.4631389634844506,0.5291029820141099,1.202092825113071,1.325084413221814,1.93,3.72,3.88,1.74,2.1,1.98,3.66,3.76,1.79,2.04,2223
2223,2022-10-07,Hoffenheim,Werder Bremen,1,2,A,1,1,0.5193735858982997,0.24359117889121068,0.23703523521048944,0.6285876615411639,0.6328475129934119,1.9584960664804654,1.282518988383813,1.96,3.92,3.56,1.5,2.58,2.03,3.91,3.42,1.56,2.44,2223
2223,2022-10-08,Dortmund,Bayern Munich,2,2,D,1,1,0.2933311066498264,0.22365112937846912,0.4830177639717046,0.7446375778750113,0.7347313704261951,1.6982729900319542,2.1872783299013334,4.18,4.43,1.73,1.4,3.0,4.41,4.7,1.66,1.36,3.19,2223
2223,2022-10-08,Mainz,RB Leipzig,1,1,D,0,1,0.24007054900888836,0.2694431812232467,0.490486269767865,0.5329174504712545,0.5641847666661153,1.124941788670454,1.6850228311876123,3.19,3.58,2.23,1.76,2.1,3.03,3.58,2.32,1.76,2.1,2223
2223,2022-10-08,Bochum,Ein Frankfurt,3,0,H,1,0,0.2507298837615807,0.2641932908314557,0.4850768254069636,0.5608662097658125,0.5883396385384905,1.1982513878026202,1.7314068613358193,3.88,3.76,1.93,1.75,2.11,3.87,3.89,1.9,1.65,2.28,2223
2223,2022-10-08,Leverkusen,Schalke 04,4,0,H,1,0,0.7497273195149767,0.16328447052676648,0.08698820995825658,0.6819435000654265,0.5416789320290698,2.663623514299859,0.8516987229382937,1.4,5.14,7.34,1.45,2.73,1.46,4.91,6.53,1.5,2.59,2223
2223,2022-10-08,Augsburg,Wolfsburg,1,1,D,0,1,0.3163245978144531,0.2940889679070257,0.3895864342785213,0.48059463646892325,0.5422222657304775,1.2198505478917954,1.3762649298796201,2.84,3.42,2.52,1.91,1.92,2.96,3.42,2.43,1.92,1.91,2223
2223,2022-10-09,M'gladbach,FC Koln,5,2,H,1,1,0.4983397978121566,0.2485202504015664,0.25313995178627713,0.6228064106538518,0.6343395786636292,1.8976465182420938,1.3153805596450017,2.06,3.8,3.4,1.57,2.43,2.0,3.89,3.51,1.62,2.34,2223
2223,2022-10-09,Hertha,Freiburg,2,2,D,1,1,0.2902659644941079,0.2839698000039578,0.4257642355019342,0.5096551178860133,0.560544444834988,1.2088500748151862,1.504562721074643,3.18,3.42,2.3,1.92,1.9,3.06,3.47,2.34,1.88,1.95,2223
2223,2022-10-09,Stuttgart,Union Berlin,0,1,A,0,0,0.30222717591393367,0.29553601021889375,0.4022368138671724,0.4716033911937686,0.5337138902072764,1.1740240639442452,1.3864520654159123,2.84,3.03,2.78,2.48,1.55,2.61,3.23,2.87,2.15,1.72,2223
2223,2022-10-14,Schalke 04,Hoffenheim,0,3,A,1,0,0.2170346046197488,0.2454965360549103,0.5374688593253408,0.6025068451748959,0.6054182566250644,1.179777192195293,1.937240208301473,3.5,3.73,2.05,1.69,2.2,3.66,3.77,1.99,1.68,2.21,2223
2223,2022-10-15,RB Leipzig,Hertha,3,2,H,1,1,0.7058997469022524,0.1920589948409607,0.10204125825678681,0.6081040073337318,0.5102800949105973,2.3364339553432893,0.8067717523732066,1.47,4.77,6.51,1.55,2.42,1.41,5.02,7.36,1.54,2.49,2223
2223,2022-10-15,Wolfsburg,M'gladbach,2,2,D,1,1,0.4032298256303434,0.264027245234326,0.33274292913533066,0.600785298743063,0.6340228578956523,1.6360166904855127,1.4730022972202867,2.91,3.59,2.37,1.66,2.23,2.64,3.62,2.6,1.65,2.27,2223
2223,2022-10-15,Werder Bremen,Mainz,0,2,A,0,0,0.41690213934834996,0.28296663629970514,0.3001312243519448,0.5180012078409525,0.5685689146221635,1.501890066165475,1.2458693529884461,2.24,3.59,3.15,1.7,2.18,2.36,3.6,2.94,1.71,2.17,2223
2223,2022-10-15,Stuttgart,Bochum,4,1,H,1,1,0.509910114443432,0.26974697026963007,0.22034291528693778,0.5151487785087477,0.5433088113932149,1.689401254545123,1.0465861552478994,1.72,3.92,4.79,1.75,2.1,1.65,4.04,5.24,1.78,2.06,2223
2223,2022-10-15,Ein Frankfurt,Leverkusen,5,1,H,1,1,0.3577968817735149,0.2574943137791671,0.3847088044473182,0.6306581958377403,0.6576393008719169,1.593825206882311,1.657277489713141,2.55,3.53,2.72,1.72,2.14,2.75,3.64,2.48,1.63,2.31,2223
2223,2022-10-16,FC Koln,Augsburg,3,2,H,1,1,0.5165899268343987,0.2634806890753032,0.21992938409029816,0.5376902519964036,0.5595925692402436,1.7496424295389081,1.080461754828106,1.63,4.33,5.01,1.58,2.42,1.69,4.17,4.72,1.61,2.34,2223
2223,2022-10-16,Union Berlin,Dortmund,2,0,H,0,0,0.35492222552908625,0.27432022676571693,0.37075754770519687,0.562604018408511,0.6066591293711966,1.4507894446107015,1.486456509150559,2.96,3.28,2.5,2.09,1.76,2.98,3.48,2.39,1.92,1.91,2223
2223,2022-10-16,Bayern Munich,Freiburg,5,0,H,1,0,0.7344986215855738,0.16270998728585837,0.10279139112856796,0.7314672438857459,0.6063120027187227,2.7870793712397166,1.015437023494469,1.44,5.18,6.42,1.36,3.14,1.27,6.32,10.47,1.36,3.17,2223
2223,2022-10-21,Mainz,FC Koln,5,0,H,1,0,0.43788903202927,0.27765624343542994,0.28445472453530013,0.5303154713035546,0.5747550511238186,1.5694390114006682,1.2295945470970955,2.1,3.58,3.49,1.74,2.12,2.18,3.53,3.36,1.76,2.09,2223
2223,2022-10-22,Hoffenheim,Bayern Munich,0,2,A,0,0,0.18046503720026638,0.19956310936540034,0.6199718534343333,0.7344525748917846,0.6830179675801143,1.327242979247901,2.4936963409183726,5.1,4.67,1.59,1.37,3.09,5.77,4.97,1.5,1.33,3.38,2223
2223,2022-10-22,Leverkusen,Wolfsburg,2,2,D,1,1,0.5339322739387028,0.24560271274708,0.22046501331421736,0.604642647551243,0.6083886518329925,1.934155412350807,1.1928064582101658,1.79,3.94,4.34,1.71,2.15,1.72,4.23,4.5,1.59,2.4,2223
2223,2022-10-22,M'gladbach,Ein Frankfurt,1,3,A,1,1,0.47206131236529547,0.24150444891196435,0.2864342387227401,0.6714839256572835,0.6789320542772621,1.956153275783002,1.502759140526163,2.65,3.67,2.55,1.55,2.45,2.34,3.78,2.87,1.59,2.38,2223
2223,2022-10-22,Freiburg,Werder Bremen,2,0,H,0,0,0.5237748206752292,0.25576730367254186,0.22045787565222894,0.5659331311743959,0.5802190244991727,1.824862414512548,1.1269808728997868,1.96,3.76,3.73,1.65,2.26,1.93,3.81,3.84,1.65,2.28,2223
2223,2022-10-22,Augsburg,RB Leipzig,3,3,D,1,1,0.18627162238454503,0.24937435593077847,0.5643540216846765,0.5501783719551788,0.5503898284018182,1.0064938424050003,1.8768816731495095,4.91,4.23,1.65,1.6,2.33,5.45,4.43,1.58,1.57,2.42,2223
2223,2022-10-22,Dortmund,Stuttgart,5,0,H,1,0,0.6680601168854895,0.1952138791912922,0.1367260039232182,0.6773178781510487,0.6040277309118736,2.436446226113459,1.0537395048108427,1.57,4.44,5.55,1.57,2.42,1.55,4.48,5.84,1.59,2.39,2223
2223,2022-10-23,Bochum,Union Berlin,2,1,H,1,1,0.2205709017643315,0.2832859403481189,0.4961431578875496,0.4663089802739513,0.5072367278066865,0.9743362165940643,1.5652853328029441,4.75,3.46,1.85,2.19,1.69,4.27,3.47,1.93,2.08,1.77,2223
2223,2022-10-23,Hertha,Schalke 04,2,1,H,1,1,0.5724329616051225,0.250765212939442,0.17680182545543538,0.5320340221857168,0.5310051195500405,1.8543351532511245,0.9519195715688064,1.77,3.94,4.47,1.67,2.22,1.76,3.89,4.59,1.72,2.15,2223
2223,2022-10-28,Werder Bremen,Hertha,1,0,H,0,0,0.4711877866900055,0.2741534377948838,0.25465877551511074,0.5249469607257202,0.5629898110676272,1.628370796849574,1.1482199574163414,2.08,3.82,3.34,1.57,2.41,2.05,3.83,3.4,1.58,2.4,2223
2223,2022-10-29,RB Leipzig,Leverkusen,2,0,H,0,0,0.5513014184351295,0.2319040936591992,0.21679448790567124,0.6527743907902687,0.6416833747367652,2.0908886244155163,1.2706320915250935,1.69,4.15,4.78,1.56,2.44,1.81,4.02,4.16,1.51,2.53,2223
2223,2022-10-29,Ein Frankfurt,Dortmund,1,2,A,1,1,0.3399692642552984,0.24457093271880895,0.4154598030258929,0.6783748720822171,0.6918321669934961,1.6558253060467991,1.8399816492761047,2.66,3.68,2.53,1.61,2.35,2.81,3.67,2.4,1.59,2.36,2223
2223,2022-10-29,Stuttgart,Augsburg,2,1,H,1,1,0.47401017140479634,0.27396774441765315,0.2520220841775505,0.5237918834047648,0.5613142246980902,1.6319491588993489,1.1398312199087437,1.58,4.38,5.55,1.57,2.42,1.82,3.88,4.25,1.73,2.12,2223
2223,2022-10-29,Wolfsburg,Bochum,4,0,H,1,0,0.5874313013027029,0.24246684040820243,0.17010185828909474,0.5518435041002496,0.5403662870590742,1.9295934948406974,0.9609524281142742,1.78,3.91,4.44,1.79,2.04,1.69,4.11,4.76,1.72,2.14,2223
2223,2022-10-29,Bayern Munich,Mainz,6,2,H,1,1,0.7769100229625162,0.14656784548127405,0.07652213155620977,0.7178164171132247,0.5504687699376711,2.861190057958518,0.8584276552983584,1.22,7.24,11.54,1.28,3.64,1.25,6.74,10.46,1.31,3.37,2223
2223,2022-10-30,Union Berlin,M'gladbach,2,1,H,1,1,0.48087275501515453,0.2660428413311303,0.2530844036537153,0.5541825802054791,0.5839802098426875,1.708116856541974,1.1925170549665238,1.94,3.52,4.13,1.9,1.93,2.07,3.48,3.67,1.86,1.95,2223
2223,2022-10-30,Schalke 04,Freiburg,0,2,A,0,0,0.19266897968222288,0.25305081560588705,0.5542802047118901,0.543676769625546,0.5493809602768545,1.0144741384284366,1.8410617548961854,4.16,3.7,1.87,1.82,2.01,3.94,3.73,1.91,1.76,2.08,2223
2223,2022-10-30,FC Koln,Hoffenheim,1,1,D,0,1,0.39525536460817534,0.25847917888294303,0.3462654565088818,0.623403620453661,0.6514905112969498,1.6654389649151715,1.5504597980902686,3.22,3.64,2.19,1.58,2.39,2.88,3.58,2.4,1.55,2.42,2223
2223,2022-11-04,M'gladbach,Stuttgart,3,1,H,1,1,0.5622324045763074,0.23130491244522994,0.2064626829784628,0.6425967199479725,0.6289425492270404,2.0896195639975157,1.2204969975040938,2.25,3.73,3.05,1.56,2.44,2.21,3.76,3.1,1.57,2.42,2223
2223,2022-11-05,Mainz,Wolfsburg,0,3,A,1,0,0.41706009471472,0.282183455437594,0.300756449847686,0.5179061606311447,0.5681160356076145,1.5011705293287534,1.2461959460928536,2.02,3.59,3.72,1.87,1.95,2.05,3.64,3.57,1.82,2.01,2223
2223,2022-11-05,Werder Bremen,Schalke 04,2,1,H,1,1,0.6253690763964785,0.23117181085780783,0.1434591127457135,0.5479282067298109,0.5150110946282637,2.0023098598171254,0.8714117283964243,1.57,4.49,5.48,1.57,2.42,1.64,4.35,4.91,1.59,2.37,2223
2223,2022-11-05,Hoffenheim,RB Leipzig,1,3,A,1,1,0.300799501818559,0.25830793403042657,0.44089256415101447,0.610342378423289,0.6365870548635596,1.4133019025326516,1.7403686037368622,2.77,3.65,2.45,1.61,2.32,2.98,3.67,2.3,1.64,2.27,2223
2223,2022-11-05,Hertha,Bayern Munich,2,3,A,1,1,0.10617800361922183,0.1715892543094177,0.7222327420713603,0.7009520275226975,0.5860166067660076,0.9719459177425454,2.6492165428131527,10.1,6.57,1.26,1.29,3.61,10.21,6.56,1.26,1.3,3.54,2223
2223,2022-11-05,Dortmund,Bochum,3,0,H,1,0,0.783498078345003,0.14195463915279294,0.07454728250220416,0.7303179931298354,0.5566313280035425,2.925958142140141,0.8695805871832256,1.26,6.26,10.83,1.44,2.78,1.24,6.56,11.75,1.4,2.95,2223
2223,2022-11-05,Augsburg,Ein Frankfurt,1,2,A,1,1,0.3060304770622717,0.27056906936229536,0.42340045357543293,0.5643209375864934,0.6034801929685641,1.3396891313734065,1.6050745608588184,4.31,4.08,1.76,1.59,2.38,4.4,4.1,1.75,1.59,2.39,2223
2223,2022-11-06,Leverkusen,Union Berlin,5,0,H,1,0,0.44835539327170093,0.2762189710144892,0.2754256357138098,0.5289642806333074,0.5714281331162799,1.588272135434912,1.2050994085784599,2.32,3.19,3.35,2.26,1.66,2.15,3.48,3.43,1.93,1.89,2223
2223,2022-11-06,Freiburg,FC Koln,2,0,H,0,0,0.5313268173654665,0.25037368494680556,0.21829949768772788,0.5820931302657659,0.5906334963997634,1.8763658959254035,1.1473178598384473,1.65,4.07,5.2,1.74,2.12,1.71,4.0,4.79,1.71,2.15,2223
2223,2022-11-08,Wolfsburg,Dortmund,2,0,H,0,0,0.3204968611029157,0.25937663635175945,0.4201265025453249,0.6131114236207426,0.641483238011362,1.4670876325322113,1.6996556867585706,2.99,3.63,2.31,1.66,2.25,3.11,3.58,2.26,1.71,2.16,2223
2223,2022-11-08,Bayern Munich,Werder Bremen,6,1,H,1,1,0.8340494028553717,0.11256166255643142,0.05338893458819692,0.7785175869041662,0.5476755133886022,3.2892269692170064,0.8285804804104941,1.17,8.55,14.53,1.24,4.07,1.15,8.88,16.29,1.21,4.21,2223
2223,2022-11-08,Bochum,M'gladbach,2,1,H,1,1,0.2565952228615993,0.2507256482547155,0.4926791288836852,0.6144775346232481,0.6289945792434436,1.3081467717565995,1.8650736496724463,2.75,3.53,2.54,1.69,2.2,3.25,3.6,2.2,1.69,2.19,2223
2223,2022-11-08,Stuttgart,Hertha,2,1,H,1,1,0.47090428518711913,0.2737574118794789,0.25533830293340215,0.5257607414231645,0.563617408105632,1.6291089917420671,1.1508747242868458,2.08,3.63,3.49,1.74,2.13,1.96,3.71,3.8,1.73,2.13,2223
2223,2022-11-09,Union Berlin,Augsburg,2,2,D,1,1,0.5849284192002879,0.25402241103151246,0.1610491697681995,0.49462001573023817,0.49184398403959084,1.7998916620924508,0.8524171501506919,1.75,3.66,5.08,2.08,1.76,1.56,4.18,6.2,1.82,2.02,2223
2223,2022-11-09,FC Koln,Leverkusen,1,2,A,1,1,0.3189354149287706,0.25578866366456615,0.42527592140666315,0.6269394059880757,0.651496788595345,1.491178895958545,1.7418196253274545,3.08,3.61,2.27,1.73,2.14,3.13,3.64,2.23,1.66,2.25,2223
2223,2022-11-09,Ein Frankfurt,Hoffenheim,4,2,H,1,1,0.48799037110220406,0.24539651379741986,0.2666131151003761,0.6423326759822134,0.6523283798381135,1.920147350724371,1.3886378894478837,1.66,4.27,4.88,1.55,2.47,1.93,3.85,3.78,1.59,2.38,2223
2223,2022-11-09,RB Leipzig,Freiburg,3,1,H,1,1,0.5850909770772095,0.23577566008202822,0.17913336284076234,0.589516103168295,0.5738720771864165,2.0109469573086094,1.0463326874683339,1.78,3.8,4.62,1.85,1.99,1.76,4.06,4.37,1.69,2.21,2223
2223,2022-11-09,Schalke 04,Mainz,1,0,H,0,0,0.23226199762721608,0.2731907226002046,0.4945472797725793,0.5100949864526682,0.5440259288098118,1.0683754694375107,1.6468411702433459,3.49,3.64,2.08,1.78,2.04,3.42,3.72,2.08,1.7,2.17,2223
2223,2022-11-11,M'gladbach,Dortmund,4,2,H,1,1,0.3379167106937942,0.23763993845842168,0.42444335084778406,0.7047648013910436,0.7111590351444037,1.713830382743717,1.9290150147759637,3.33,3.95,2.06,1.46,2.73,3.24,3.82,2.14,1.55,2.47,2223
2223,2022-11-12,Hoffenheim,Wolfsburg,1,2,A,1,1,0.4445686431060769,0.2641708891310592,0.2912604677628642,0.5830264133267953,0.6147301254043377,1.6897876668935874,1.3380928532916843,2.13,3.63,3.37,1.74,2.12,2.23,3.71,3.09,1.65,2.26,2223
2223,2022-11-12,Hertha,FC Koln,2,0,H,0,0,0.38929444704658733,0.27964012749415,0.3310654254592628,0.5356704924737758,0.5848635687584787,1.4752377568248685,1.3463264928830996,2.51,3.44,2.83,1.85,1.97,2.25,3.64,3.09,1.69,2.2,2223
2223,2022-11-12,Leverkusen,Stuttgart,2,0,H,0,0,0.6291057338994293,0.2120430504934195,0.15885121560715112,0.6499173941039327,0.6030848803704713,2.26403955251406,1.0829672887425381,1.8,3.87,4.35,1.71,2.14,1.72,4.14,4.54,1.56,2.43,2223
2223,2022-11-12,Werder Bremen,RB Leipzig,1,2,A,1,1,0.22534126060061505,0.25731889661151486,0.5173398427878702,0.5626900354985848,0.5796487462373164,1.1341088294286665,1.803517720601406,3.71,3.9,1.94,1.59,2.38,3.64,4.02,1.93,1.55,2.46,2223
2223,2022-11-12,Augsburg,Bochum,0,1,A,0,0,0.49470748715190166,0.27191218133701606,0.23338033151108223,0.5157081451905924,0.5485924604458613,1.6583787298765296,1.0799141243659744,2.47,3.37,2.91,1.87,1.95,2.18,3.55,3.25,1.72,2.14,2223
2223,2022-11-12,Schalke 04,Bayern Munich,0,2,A,0,0,0.049279168551609256,0.10942895648805559,0.8412918749603353,0.7738888288593646,0.5309145563962419,0.7893692473967766,3.295223277784868,12.0,7.0,1.22,1.32,3.37,15.62,8.42,1.16,1.25,3.9,2223
2223,2022-11-13,Mainz,Ein Frankfurt,1,1,D,0,1,0.39228026414388695,0.2708893820401269,0.3368303538159859,0.5710767055152624,0.6118106292716544,1.5500953534535076,1.4244247019809604,2.7,3.5,2.55,1.75,2.08,2.78,3.61,2.46,1.73,2.12,2223
2223,2022-11-13,Freiburg,Union Berlin,4,1,H,1,1,0.4233629872988076,0.29315882681123034,0.2834781858899621,0.47067178022898315,0.5295081366219965,1.427146959065175,1.1296526878915443,2.09,3.1,4.13,2.59,1.51,2.04,3.31,4.02,2.18,1.7,2223
2223,2023-01-20,RB Leipzig,Bayern Munich,1,1,D,0,1,0.33557554053196326,0.24217185342793168,0.42225260604010495,0.6768572966052776,0.6889788750050014,1.6381657273946897,1.849465451175481,3.68,4.15,1.89,1.45,2.77,3.82,4.13,1.87,1.51,2.59,2223
2223,2023-01-21,Stuttgart,Mainz,1,1,D,0,1,0.406643591162433,0.2822014052167647,0.3111550036208023,0.509626700280681,0.5616677417198715,1.4606530025715885,1.2526431537846276,2.31,3.46,3.11,1.92,1.91,2.41,3.54,2.9,1.82,2.02,2223
2223,2023-01-21,Bochum,Hertha,3,1,H,1,1,0.3848010923270334,0.28867228737931555,0.32652662029365115,0.488678066075852,0.5472823522951951,1.3767248923881845,1.2516820724571567,2.34,3.44,3.07,1.94,1.89,2.39,3.55,2.91,1.83,2.02,2223
2223,2023-01-21,Ein Frankfurt,Schalke 04,3,0,H,1,0,0.7321092170014325,0.17512518224632087,0.09276560075224662,0.6373368065815154,0.5144447844892289,2.4796944059470536,0.8043425386240892,1.35,5.39,8.64,1.56,2.45,1.38,5.27,7.97,1.54,2.5,2223
2223,2023-01-21,Union Berlin,Hoffenheim,3,1,H,1,1,0.48932231720301417,0.26120656508114853,0.24947111771583738,0.5575176252128283,0.5832776127127663,1.7299193790120933,1.1851644565852717,2.25,3.24,3.45,2.24,1.66,2.24,3.42,3.28,1.94,1.89,2223
2223,2023-01-21,Wolfsburg,Freiburg,6,0,H,1,0,0.4376656551175041,0.2740179465722283,0.2883163983102676,0.5322699934024434,0.574950945389791,1.5691922198115076,1.2380480489711332,2.28,3.37,3.25,1.99,1.84,2.54,3.44,2.8,1.92,1.91,2223
2223,2023-01-21,FC Koln,Werder Bremen,7,1,H,1,1,0.4835394567707352,0.2600072723881633,0.2564532708411016,0.5673774114176414,0.5927842352334146,1.7383604008105824,1.2198324481429241,2.02,3.71,3.59,1.79,2.05,2.23,3.79,3.03,1.63,2.32,2223
2223,2023-01-22,Dortmund,Augsburg,4,3,H,1,1,0.7305234922781609,0.1683033071029214,0.10117320061891742,0.6916774323616268,0.5695162346010156,2.6394718264920445,0.9294243999678089,1.28,6.18,10.02,1.4,2.97,1.32,5.87,8.48,1.4,2.96,2223
2223,2023-01-22,M'gladbach,Leverkusen,2,3,A,1,1,0.4077899114510787,0.24150690536389963,0.3507031831850217,0.6826925394964888,0.6945088588728925,1.8294208436391133,1.689805500050636,2.79,3.7,2.42,1.72,2.16,2.71,3.87,2.4,1.58,2.42,2223
2223,2023-01-24,Bayern Munich,FC Koln,1,1,D,0,1,0.8340703548489219,0.10951932340665861,0.05641032174441943,0.8023260596010516,0.5779992165829053,3.399601572498204,0.8991293499195412,1.21,7.65,11.61,1.21,4.45,1.22,7.4,11.61,1.27,3.75,2223
2223,2023-01-24,Hertha,Wolfsburg,0,5,A,1,0,0.30404310038666704,0.2826409953368955,0.4133159042764374,0.5108903007471074,0.5624034758954519,1.2400528645541637,1.4784231547035334,2.97,3.42,2.42,1.9,1.93,3.05,3.45,2.36,1.91,1.92,2223
2223,2023-01-24,Schalke 04,RB Leipzig,1,6,A,1,1,0.1163212793528303,0.20825895072961026,0.6754197699175595,0.5714980533597241,0.5009798625468397,0.8077854555219071,2.1686309821021563,6.07,4.34,1.54,1.68,2.22,5.74,4.37,1.57,1.67,2.25,2223
2223,2023-01-24,Hoffenheim,Stuttgart,2,2,D,1,1,0.5408426649094698,0.24174070647046098,0.21741662862006927,0.6083813896680158,0.6083677314322786,1.956190720180142,1.1882669379200468,2.12,3.65,3.35,1.65,2.27,2.15,3.62,3.33,1.71,2.16,2223
2223,2023-01-25,Freiburg,Ein Frankfurt,1,1,D,0,1,0.4534142045934383,0.25612730848673315,0.29045848691982856,0.6082690434127223,0.6322734482331887,1.7621903059902584,1.381732637576191,2.35,3.44,3.08,1.88,1.95,2.55,3.52,2.74,1.78,2.07,2223
2223,2023-01-25,Augsburg,M'gladbach,1,0,H,0,0,0.3332906987965222,0.2572696580992142,0.4094396431042635,0.6191298021354603,0.6464976402495164,1.5085240054415705,1.6868533689104614,3.16,3.66,2.19,1.59,2.37,3.04,3.56,2.31,1.64,2.29,2223
2223,2023-01-25,Mainz,Dortmund,1,2,A,1,1,0.305063828528532,0.25565035205254133,0.43928581941892664,0.6167559376758917,0.6411991229040441,1.4347157968885969,1.7493317444063,3.15,3.74,2.18,1.6,2.36,2.91,3.69,2.34,1.65,2.27,2223
2223,2023-01-25,Leverkusen,Bochum,2,0,H,0,0,0.7134520233703867,0.18019610571590206,0.10635187091371118,0.6599881070832491,0.553325459918946,2.498388172478761,0.9003100983402217,1.46,4.76,6.62,1.6,2.34,1.44,4.87,7.06,1.62,2.31,2223
2223,2023-01-25,Werder Bremen,Union Berlin,1,2,A,1,1,0.3092944157594215,0.28155327153314247,0.4091523127074359,0.5167086532710802,0.56750444436012,1.2619137873237247,1.4805054919168419,2.94,3.16,2.58,2.21,1.68,2.84,3.28,2.59,2.1,1.76,2223
2223,2023-01-27,RB Leipzig,Stuttgart,2,1,H,1,1,0.7108123760654896,0.18600394143327842,0.10318368250123175,0.6270607336672519,0.5239607725976005,2.397913270986029,0.8357461570856073,1.33,5.33,9.81,1.55,2.47,1.34,5.44,9.28,1.54,2.51,2223
2223,2023-01-28,Freiburg,Augsburg,3,1,H,1,1,0.598936566983542,0.23157928897639854,0.1694841440400594,0.5850663439519168,0.5626528694278612,2.029554577474656,1.007545532812915,1.65,4.03,5.24,1.81,2.02,1.51,4.52,6.25,1.69,2.2,2223
2223,2023-01-28,Hertha,Union Berlin,0,2,A,0,0,0.3075879987944834,0.294019189306037,0.3983928118994797,0.4697205421334214,0.5316287480960933,1.1802409709235828,1.3728074433512112,3.75,3.18,2.17,2.4,1.58,3.59,3.3,2.18,2.26,1.66,2223
2223,2023-01-28,Hoffenheim,M'gladbach,1,4,A,1,1,0.4584023319521233,0.2367985281582942,0.3047991398895825,0.6921707647065279,0.6968114496805776,1.9756673601930226,1.5958233519000666,2.03,3.81,3.48,1.58,2.4,2.05,3.93,3.33,1.51,2.58,2223
2223,2023-01-28,Mainz,Bochum,5,2,H,1,1,0.5635125048286634,0.2527127080997497,0.18377478707158668,0.5259837355503133,0.5296424257735247,1.8205905316525755,0.960327889546783,1.81,3.76,4.41,1.89,1.93,1.71,3.99,4.82,1.82,2.02,2223
2223,2023-01-28,Werder Bremen,Wolfsburg,2,1,H,1,1,0.3041641907861368,0.2704760189107803,0.4253597903030827,0.5577308730444169,0.5974225007995753,1.3215602880018202,1.5944476708481075,3.49,3.73,2.05,1.67,2.23,3.26,3.65,2.17,1.72,2.15,2223
2223,2023-01-28,Bayern Munich,Ein Frankfurt,1,1,D,0,1,0.7794553006818846,0.13659178140838113,0.08395291790973441,0.781271291224237,0.6178559848594185,3.1144362848841656,1.0230555951259632,1.36,5.72,7.67,1.34,3.29,1.33,6.14,7.93,1.31,3.49,2223
2223,2023-01-29,Schalke 04,FC Koln,0,0,D,0,0,0.2545029408116131,0.272518441030948,0.47297861815743886,0.5234700557337005,0.5606521535650065,1.1431835449481251,1.6272576383479882,3.74,3.74,1.97,1.75,2.11,3.73,3.73,1.98,1.79,2.05,2223
2223,2023-01-29,Leverkusen,Dortmund,0,2,A,0,0,0.4490736376701462,0.23580533288214747,0.31512102944770637,0.7003285283604362,0.7045100489184885,1.9751258523224264,1.6423258705471848,2.49,3.75,2.69,1.58,2.41,2.44,3.81,2.71,1.54,2.49,2223
2223,2023-02-03,Augsburg,Leverkusen,1,0,H,0,0,0.260248002854573,0.2616443062717516,0.4781076908736752,0.578989792790113,0.6048082925818739,1.2544191792101094,1.7553312647113062,3.85,3.79,1.92,1.66,2.24,4.11,3.92,1.84,1.67,2.25,2223
2223,2023-02-04,Bochum,Hoffenheim,5,2,H,1,1,0.3190497841473869,0.2622618414799461,0.41868837437266704,0.6051670738243999,0.6359800678094918,1.4490270775417216,1.680374440166297,2.78,3.41,2.56,1.88,1.96,2.77,3.59,2.5,1.7,2.19,2223
2223,2023-02-04,Dortmund,Freiburg,5,1,H,1,1,0.6027195814593567,0.21406323702438781,0.18321718151625577,0.6834540990723258,0.6463284324960766,2.2953450585451276,1.228077567398745,1.68,4.16,4.82,1.6,2.38,1.68,4.17,4.83,1.65,2.28,2223
2223,2023-02-04,Ein Frankfurt,Hertha,3,0,H,1,0,0.6350985531193547,0.2185631763531218,0.14633827052752332,0.6056631363529886,0.5604005582388848,2.163567638776472,0.9681784071569601,1.52,4.42,6.35,1.71,2.17,1.49,4.62,6.45,1.64,2.3,2223
2223,2023-02-04,FC Koln,RB Leipzig,0,0,D,0,0,0.2504286224390029,0.2572196322561847,0.4923517453048123,0.5887871646529813,0.608884326047444,1.2463694622907429,1.8075845012976295,3.74,3.62,2.01,1.75,2.12,3.95,3.76,1.92,1.73,2.13,2223
2223,2023-02-04,Union Berlin,Mainz,2,1,H,1,1,0.5112193868737391,0.2741071308106253,0.21467348231563557,0.4949163752122453,0.5260465828322304,1.651732140863396,1.0017686447889476,1.93,3.38,4.4,2.31,1.63,1.98,3.41,4.1,2.23,1.67,2223
2223,2023-02-04,M'gladbach,Schalke 04,0,0,D,0,0,0.7486398589845082,0.16450506755693733,0.0868550734585545,0.6777259782218491,0.5384897926170115,2.647664651124481,0.8448099988055564,1.6,4.43,5.16,1.59,2.38,1.54,4.61,5.66,1.56,2.43,2223
2223,2023-02-05,Wolfsburg,Bayern Munich,2,4,A,1,1,0.22924807793016005,0.23539988168396184,0.5353520403858782,0.6545577054331185,0.6489494841567814,1.3110800050239226,2.0595553912880025,5.5,4.57,1.56,1.49,2.66,5.05,4.61,1.59,1.44,2.81,2223
2223,2023-02-05,Stuttgart,Werder Bremen,0,2,A,0,0,0.4926441176968185,0.2615967260690911,0.24575915623409045,0.5685054631880102,0.5925057155989205,1.7642183539646552,1.1989454032424236,1.83,3.77,4.31,1.73,2.15,2.06,3.71,3.45,1.67,2.22,2223
2223,2023-02-10,Schalke 04,Wolfsburg,0,0,D,0,0,0.17515152490553493,0.254584536523711,0.570263938570754,0.5238565511023675,0.5255182230878378,0.9379406194211876,1.834113766908224,3.72,3.68,2.0,1.86,1.98,3.8,3.69,1.97,1.85,1.99,2223
2223,2023-02-11,Bayern Munich,Bochum,3,0,H,1,0,0.8849091259484504,0.08157625378187655,0.03351462026967301,0.831622565092475,0.5321379601612313,3.7720242984074166,0.7776218108430857,1.13,9.76,18.29,1.22,4.29,1.13,9.68,17.97,1.26,3.87,2223
2223,2023-02-11,Freiburg,Stuttgart,2,1,H,1,1,0.5474341245857406,0.24953085097661112,0.2030350244376482,0.5783804579154237,0.5820208860345112,1.9053825033480007,1.101645805860572,2.06,3.45,3.69,2.02,1.81,1.84,3.72,4.3,1.93,1.91,2223
2223,2023-02-11,Hoffenheim,Leverkusen,1,3,A,1,1,0.35179470404406143,0.25141144223212597,0.3967938537238125,0.6605968887015071,0.6804169792949871,1.6467103753778127,1.755042849392824,2.65,3.59,2.58,1.68,2.22,2.94,3.68,2.32,1.66,2.25,2223
2223,2023-02-11,Mainz,Augsburg,3,1,H,1,1,0.5266239936290926,0.26527690590923575,0.2080991004616718,0.5259521268899844,0.546627001571462,1.7478450355622017,1.0329393317703746,1.82,3.89,4.25,1.72,2.15,1.83,3.84,4.24,1.77,2.08,2223
2223,2023-02-11,Werder Bremen,Dortmund,0,2,A,0,0,0.2272184219550636,0.23032825013948158,0.5424533279054549,0.6772222076780268,0.6655712219184654,1.352694273462975,2.136917796786,4.41,4.37,1.71,1.47,2.72,3.98,4.2,1.81,1.48,2.57,2223
2223,2023-02-11,RB Leipzig,Union Berlin,1,2,A,1,1,0.5803000984871622,0.24833893869326948,0.17136096281956828,0.5410952160599163,0.5352822568121957,1.89266568533378,0.9518832407645192,1.83,3.49,4.8,2.23,1.67,1.74,3.71,5.12,2.12,1.75,2223
2223,2023-02-12,FC Koln,Ein Frankfurt,3,0,H,1,0,0.3779866057550507,0.2725700810541108,0.3494433131908385,0.5759950666996778,0.617431125235898,1.5306198977192451,1.4657473506633423,2.8,3.45,2.53,1.85,1.99,2.7,3.56,2.55,1.74,2.13,2223
2223,2023-02-12,Hertha,M'gladbach,4,1,H,1,1,0.30420143140730227,0.26471479672784326,0.43108377186485464,0.5962347241289137,0.6281370152561033,1.3973976770450625,1.6906103476324685,2.82,3.48,2.48,1.86,1.97,2.82,3.59,2.44,1.76,2.09,2223
2223,2023-02-17,Augsburg,Hoffenheim,1,0,H,0,0,0.3838514857511673,0.26662876982974854,0.3495197444190841,0.6039073404952552,0.6388040480275018,1.601514844727908,1.5220110209858961,2.63,3.6,2.6,1.68,2.19,2.67,3.58,2.58,1.71,2.17,2223
2223,2023-02-18,Bochum,Freiburg,0,2,A,0,0,0.3090061402226817,0.27022501844361885,0.4207688413336994,0.5810877889438321,0.6183355294516645,1.3818393578447004,1.6373188671473433,2.84,3.4,2.52,1.98,1.87,3.09,3.52,2.29,1.89,1.94,2223
2223,2023-02-18,M'gladbach,Bayern Munich,3,2,H,1,1,0.187501930607808,0.20128719340762175,0.61121087598457,0.7460361318803141,0.6978660473023931,1.3819090962686444,2.512755886571668,6.94,5.25,1.42,1.4,3.0,6.97,5.69,1.39,1.34,3.34,2223
2223,2023-02-18,Stuttgart,FC Koln,3,0,H,1,0,0.38855123561381266,0.28505481610766953,0.32639394827851775,0.528966888420744,0.5815125573555976,1.4651959056035153,1.3281857465524627,2.3,3.4,3.21,2.0,1.84,2.43,3.47,2.92,1.89,1.94,2223
2223,2023-02-18,Wolfsburg,RB Leipzig,0,3,A,1,0,0.3342501838224512,0.2773396138652994,0.38841020231224943,0.5599350598824874,0.6052633373727982,1.401879095834085,1.5237171860128966,3.04,3.64,2.28,1.69,2.2,3.26,3.6,2.18,1.78,2.06,2223
2223,2023-02-18,Ein Frankfurt,Werder Bremen,2,0,H,0,0,0.617770603357765,0.22182083012129294,0.16040856652094188,0.6279234188103082,0.5906982061792626,2.182775159529818,1.0550300993267865,1.56,4.49,5.58,1.56,2.47,1.61,4.39,5.09,1.58,2.4,2223
2223,2023-02-19,Dortmund,Hertha,4,1,H,1,1,0.7560716727923245,0.15704495313523453,0.08688337407244119,0.718073336471441,0.5725670300508684,2.8037194179817706,0.9173783073328013,1.43,4.95,7.07,1.49,2.67,1.33,5.66,8.49,1.49,2.66,2223
2223,2023-02-19,Union Berlin,Schalke 04,0,0,D,0,0,0.7178471063632743,0.19993161880227417,0.08222127483445145,0.5290068348713868,0.4237475852041482,2.16672296020391,0.6268587672050849,1.67,3.63,5.96,2.32,1.63,1.6,3.89,6.21,2.07,1.78,2223
2223,2023-02-19,Leverkusen,Mainz,2,3,A,1,1,0.5769688465369555,0.2375188119031199,0.18551234155992483,0.6059570877950219,0.5925839117777506,2.0356339581725824,1.09747259875359,1.95,3.68,3.92,1.8,2.05,1.83,3.92,4.13,1.75,2.11,2223
2223,2023-02-24,Mainz,M'gladbach,4,0,H,1,0,0.44093928517040637,0.2549533389001368,0.3041073759294568,0.6350244124202268,0.6566981287412959,1.798657329251931,1.4738666520500525,2.19,3.67,3.21,1.74,2.14,2.15,3.67,3.3,1.73,2.15,2223
2223,2023-02-25,FC Koln,Wolfsburg,0,2,A,0,0,0.3833909834136341,0.27966828451765224,0.33694073206871367,0.5477310999323545,0.5958207212564823,1.4882485049267924,1.3846133481791085,2.36,3.42,3.06,1.93,1.91,2.38,3.49,2.97,1.85,1.98,2223
2223,2023-02-25,Hertha,Augsburg,2,0,H,0,0,0.4321152437582835,0.2854736010572484,0.282411155184468,0.5094476715530022,0.5602109161730447,1.5197486370504465,1.1928145388258744,2.11,3.51,3.46,1.88,1.94,2.15,3.63,3.3,1.77,2.07,2223
2223,2023-02-25,Hoffenheim,Dortmund,0,1,A,0,0,0.2753242644863284,0.2300916434406931,0.4945840920729784,0.7162277433079145,0.710374474894127,1.577567352553218,2.1322955446407676,4.46,4.35,1.68,1.49,2.6,4.15,4.22,1.77,1.52,2.56,2223
2223,2023-02-25,RB Leipzig,Ein Frankfurt,2,1,H,1,1,0.6158347894917952,0.2223650369465821,0.16180017356162268,0.624812220544869,0.5888893453980929,2.1695076612295177,1.053217241263244,1.65,4.09,5.26,1.79,2.07,1.71,4.12,4.66,1.69,2.21,2223
2223,2023-02-25,Werder Bremen,Bochum,3,0,H,1,0,0.49214280077431594,0.26454508300581037,0.2433121162198737,0.5623855474950454,0.5883076116191296,1.7519037103765316,1.1843900241504508,1.91,3.75,3.89,1.73,2.12,2.02,3.71,3.6,1.75,2.11,2223
2223,2023-02-25,Schalke 04,Stuttgart,2,1,H,1,1,0.26802360739594455,0.30214733497258456,0.42982905763147083,0.44348657260847646,0.5073764393755414,1.0562300034871996,1.3944968480108053,3.18,3.35,2.33,2.11,1.76,2.99,3.37,2.43,2.05,1.79,2223
2223,2023-02-26,Freiburg,Leverkusen,1,1,D,0,1,0.3990419369150844,0.2629556489673145,0.33800241411760107,0.6134591736596132,0.6447999073365094,1.6553636778631422,1.513025457133386,2.37,3.51,2.98,1.8,2.05,2.2,3.59,3.22,1.82,2.02,2223
2223,2023-02-26,Bayern Munich,Union Berlin,3,0,H,1,0,0.7084053926061248,0.18397988311997335,0.1076147242739019,0.663141346839967,0.5608297752283561,2.498349149453091,0.9167413543118269,1.44,4.55,7.64,1.7,2.19,1.33,5.51,9.21,1.57,2.44,2223
2223,2023-03-03,Dortmund,RB Leipzig,2,1,H,1,1,0.4465600898748282,0.2515004671487209,0.30193944297645087,0.6457051231546725,0.6638931978180656,1.8358256110267357,1.4898640489495123,2.29,3.64,3.01,1.61,2.35,2.22,3.68,3.14,1.62,2.34,2223
2223,2023-03-04,M'gladbach,Freiburg,0,0,D,0,0,0.4643433174073353,0.24718603820787552,0.28847064438478914,0.6561994911245204,0.6690043397053438,1.901867147259756,1.477182695862895,2.33,3.55,3.03,1.76,2.1,2.47,3.55,2.8,1.75,2.11,2223
2223,2023-03-04,Union Berlin,FC Koln,0,0,D,0,0,0.5223698170650881,0.2719775394892525,0.2056526434456595,0.4981715387407548,0.5249168413258609,1.6820809734125177,0.9845747497432333,2.01,3.27,4.22,2.38,1.6,1.93,3.38,4.35,2.29,1.64,2223
2223,2023-03-04,Stuttgart,Bayern Munich,1,2,A,1,1,0.14109443045373893,0.19554209225949826,0.6633634772867627,0.6904150025379414,0.6193838626813541,1.0965235153395696,2.465275487699949,6.75,4.82,1.46,1.52,2.56,6.53,5.03,1.45,1.46,2.75,2223
2223,2023-03-04,Augsburg,Werder Bremen,2,1,H,1,1,0.43896025978048747,0.2825538382886204,0.27848590193089223,0.5161223766812089,0.5640077077728545,1.546126201046321,1.1938739150133475,2.24,3.61,3.13,1.71,2.18,2.34,3.58,2.97,1.76,2.09,2223
2223,2023-03-04,Mainz,Hoffenheim,1,0,H,0,0,0.5199268615569145,0.24452611857858148,0.2355470198645039,0.6296013236127315,0.6339692235591342,1.9637320190387506,1.282221034206023,1.93,3.71,3.92,1.74,2.13,1.93,3.77,3.84,1.71,2.17,2223
2223,2023-03-04,Bochum,Schalke 04,0,2,A,0,0,0.5229414206917584,0.27484930107123035,0.20220927823701115,0.48439668779811623,0.5130499870027975,1.6557252851581992,0.9555503824257161,2.6,3.28,2.81,2.09,1.76,2.39,3.45,2.97,1.92,1.91,2223
2223,2023-03-05,Leverkusen,Hertha,4,1,H,1,1,0.6789215104778091,0.19799685777135104,0.1230816317508398,0.6427222110730404,0.5645469603852151,2.365886682062518,0.9449027585564286,1.5,4.39,6.58,1.75,2.1,1.55,4.38,5.81,1.68,2.21,2223
2223,2023-03-05,Wolfsburg,Ein Frankfurt,2,2,D,1,1,0.46983754630270963,0.26458081864141164,0.2655816350558787,0.5760791461726973,0.604937382762952,1.73245140715428,1.2642929122608215,2.42,3.49,2.9,1.87,1.97,2.46,3.51,2.82,1.82,2.02,2223
2223,2023-03-10,FC Koln,Bochum,0,2,A,0,0,0.5992846616516382,0.23881246918851048,0.16190286915985122,0.5683768573483652,0.549139043822318,1.9966804518703556,0.9659267951465624,1.72,3.72,5.03,1.92,1.88,1.76,3.78,4.73,1.86,1.97,2223
2223,2023-03-11,Hertha,Mainz,1,1,D,0,1,0.3339438047386567,0.2839415406655074,0.38211465459583577,0.5366994104366621,0.5881545224917852,1.3596081842944505,1.4663021084152825,3.1,3.36,2.35,2.03,1.8,2.89,3.45,2.45,1.88,1.94,2223
2223,2023-03-11,Schalke 04,Dortmund,2,2,D,1,1,0.13091372730658388,0.2122172580731543,0.6568690146202618,0.6115962899111695,0.551899196106569,0.9277477112411862,2.2318716364610367,4.26,3.76,1.83,1.8,2.02,4.53,4.09,1.73,1.66,2.23,2223
2223,2023-03-11,RB Leipzig,M'gladbach,3,0,H,1,0,0.6773819405145035,0.19143977793489694,0.13117828155059952,0.6931522972692631,0.612901797172165,2.510702818783029,1.0663639050743239,1.38,5.3,7.51,1.46,2.68,1.42,5.03,6.95,1.51,2.56,2223
2223,2023-03-11,Ein Frankfurt,Stuttgart,1,1,D,0,1,0.5850555528653691,0.23711144043074117,0.17783300670388974,0.5989236344694732,0.58285445102139,2.0372554957097444,1.0631637162735927,2.1,3.41,3.61,2.08,1.76,1.84,3.81,4.19,1.82,2.0,2223
2223,2023-03-11,Bayern Munich,Augsburg,5,3,H,1,1,0.8597404824103743,0.10023405896601298,0.04002545862361263,0.7812834392178625,0.5090981159526905,3.4024172268224495,0.7358302694430165,1.1,11.2,23.39,1.2,4.48,1.13,9.53,17.4,1.22,4.3,2223
2223,2023-03-12,Freiburg,Hoffenheim,2,1,H,1,1,0.5408535010461202,0.24212889667223358,0.21701760228164615,0.62806062211653,0.6261453891151524,2.0089113802080916,1.2295432688586776,1.85,3.7,4.26,1.84,1.99,1.94,3.66,3.9,1.8,2.02,2223
2223,2023-03-12,Werder Bremen,Leverkusen,2,3,A,1,1,0.27663463118084175,0.2609055850788014,0.46245978374035696,0.6042765961865324,0.6295130612108532,1.345921978395274,1.7793271361131648,3.53,3.59,2.07,1.77,2.08,3.25,3.76,2.12,1.63,2.28,2223
2223,2023-03-12,Wolfsburg,Union Berlin,1,1,D,0,1,0.4506930390966546,0.29122240493645535,0.25808455596689006,0.4817619564593008,0.5346609478148714,1.5074427993705652,1.0933214549382835,2.7,3.04,2.89,2.5,1.54,2.26,3.23,3.41,2.28,1.63,2223
2223,2023-03-17,M'gladbach,Werder Bremen,2,2,D,1,1,0.5841761467071183,0.22646276724397618,0.18936108604890542,0.6616507964234785,0.6371319933813111,2.1957100782099266,1.211544431113269,1.88,4.0,3.8,1.54,2.48,1.81,3.96,4.18,1.58,2.39,2223
2223,2023-03-18,Hoffenheim,Hertha,3,1,H,1,1,0.5459351293140915,0.24658182434976406,0.2074830463361445,0.6083691580363719,0.6084977796960447,1.9748869701202911,1.1695143985054357,1.94,3.68,3.88,1.79,2.05,2.08,3.58,3.49,1.85,1.97,2223
2223,2023-03-18,Augsburg,Schalke 04,1,1,D,0,1,0.5440530187229012,0.27253615629660605,0.1834108249804927,0.48644867260044944,0.5068395671233118,1.7062205035266644,0.9132592397794852,2.41,3.38,2.99,1.98,1.85,2.32,3.42,3.09,1.98,1.84,2223
2223,2023-03-18,Bochum,RB Leipzig,1,0,H,0,0,0.15340871250567753,0.22995759429317925,0.6166336932011434,0.5947181923093262,0.5626701324821806,0.9816756622448617,2.0993849162660148,5.91,4.31,1.55,1.74,2.12,5.71,4.37,1.56,1.69,2.19,2223
2223,2023-03-18,Stuttgart,Wolfsburg,0,1,A,0,0,0.3383955812861951,0.28767914422306073,0.37392527449074414,0.5308789585457449,0.5850800882511207,1.3615108025405256,1.4398860859220275,2.07,3.46,3.68,1.97,1.86,2.42,3.41,2.93,1.95,1.87,2223
2223,2023-03-18,Dortmund,FC Koln,6,1,H,1,1,0.6830156295598737,0.1925093835736269,0.12447498686649916,0.6811315187299545,0.5978465506271483,2.490108734235533,1.0207171601596725,1.54,4.54,5.69,1.53,2.51,1.46,4.81,6.62,1.6,2.37,2223
2223,2023-03-19,Union Berlin,Ein Frankfurt,2,0,H,0,0,0.4460338566332811,0.2897886966019895,0.2641774467647292,0.49835208140172116,0.5499548322871423,1.5312222082214955,1.1361624378744903,2.33,3.07,3.4,2.54,1.51,2.41,3.19,3.15,2.32,1.62,2223
2223,2023-03-19,Leverkusen,Bayern Munich,2,1,H,1,1,0.27438450638484574,0.2309883069596659,0.49462718665548844,0.7221352638052946,0.7160319981206759,1.59274975290632,2.1524689929941507,4.57,4.37,1.68,1.46,2.73,4.88,4.75,1.59,1.41,2.92,2223
2223,2023-03-19,Mainz,Freiburg,1,1,D,0,1,0.4361124613856002,0.2783447250950008,0.28554281351939903,0.5509162950818417,0.5936208328203768,1.6122917854609486,1.2742516845833487,2.04,3.38,3.85,2.14,1.72,2.16,3.48,3.4,1.96,1.86,2223
2223,2023-03-31,Ein Frankfurt,Bochum,1,1,D,0,1,0.6536485092372806,0.21306707288447543,0.133284417878244,0.6123122971464103,0.5547215062247801,2.225978546836577,0.9370215939618127,1.55,4.32,6.08,1.71,2.15,1.51,4.44,6.33,1.72,2.13,2223
2223,2023-04-01,Union Berlin,Stuttgart,3,0,H,1,0,0.5545352125903201,0.27002569702400636,0.1754390903856737,0.4758103659232408,0.49211247746077574,1.7035335582076023,0.8735858943719246,2.14,3.15,3.88,2.56,1.52,2.07,3.29,3.91,2.39,1.58,2223
2223,2023-04-01,Wolfsburg,Augsburg,2,2,D,1,1,0.6190219614129783,0.23263584627988407,0.1483421923071378,0.567227728515424,0.5366855162386143,2.0369495819039223,0.9205986544475339,1.58,4.34,5.62,1.67,2.23,1.63,4.18,5.22,1.72,2.15,2223
2223,2023-04-01,Bayern Munich,Dortmund,4,2,H,1,1,0.6474512963018794,0.18389643832217728,0.1686522653759434,0.7858106562667021,0.7175731639274449,2.753817961689669,1.416764597387228,1.51,4.9,5.7,1.38,3.07,1.49,5.11,5.64,1.32,3.37,2223
2223,2023-04-01,Schalke 04,Leverkusen,0,3,A,1,0,0.18458263673070593,0.25221469908897937,0.5632026641803147,0.551197719346532,0.5526352281997077,1.0077281945005991,1.8800335154688932,4.23,3.72,1.86,1.89,1.93,3.95,3.7,1.92,1.86,1.95,2223
2223,2023-04-01,Freiburg,Hertha,1,1,D,0,1,0.6098389332630474,0.23222833687418495,0.15793272986276746,0.5854303444251975,0.5580508316809303,2.059758034164508,0.9789902634351315,1.85,3.47,4.68,2.27,1.65,1.66,3.93,5.29,1.95,1.87,2223
2223,2023-04-01,RB Leipzig,Mainz,0,3,A,1,0,0.6525734591466903,0.21506468743590923,0.13236185341740056,0.6027124871999603,0.5467656705835758,2.198963893286756,0.9190343371752434,1.51,4.38,6.45,1.79,2.03,1.53,4.5,5.94,1.66,2.24,2223
2223,2023-04-02,FC Koln,M'gladbach,0,0,D,0,0,0.42083045274175623,0.2606423362233532,0.3185272110348907,0.6222845451359758,0.6500232710751364,1.72541648934503,1.4850941340258244,2.24,3.5,3.23,1.86,1.96,2.21,3.64,3.14,1.75,2.1,2223
2223,2023-04-02,Werder Bremen,Hoffenheim,1,2,A,1,1,0.4131856814004554,0.2620788223890965,0.32473549621044806,0.618425214800292,0.6478903909122372,1.6995670066948174,1.4924424231908966,2.18,3.66,3.18,1.64,2.26,2.33,3.65,2.94,1.74,2.1,2223
2223,2023-04-08,Augsburg,FC Koln,1,3,A,1,1,0.39504635157667967,0.291552182258762,0.31340146616455833,0.5150395593257067,0.5717287408382271,1.4569714477822717,1.2785634717492567,3.44,3.34,2.21,2.1,1.75,2.8,3.46,2.51,1.85,1.98,2223
2223,2023-04-08,Freiburg,Bayern Munich,0,1,A,0,0,0.21092881702055835,0.22694663066751813,0.5621245523119236,0.6876415216166167,0.6682865473101728,1.3306547677162306,2.215737117925459,6.45,4.77,1.47,1.54,2.44,6.43,4.91,1.46,1.52,2.54,2223
2223,2023-04-08,Dortmund,Union Berlin,2,1,H,1,1,0.5732860033798859,0.24119474227983367,0.18551925434028038,0.6045145828529505,0.5938155887855772,2.0270789242236376,1.0992916777281316,1.67,4.03,5.14,1.75,2.11,1.6,4.11,5.73,1.84,1.97,2223
2223,2023-04-08,Hertha,RB Leipzig,0,1,A,0,0,0.19306787488482074,0.2534000834285548,0.5535320416866245,0.5693847397718446,0.5730860391169817,1.0644078463739108,1.902640613813714,5.21,3.87,1.69,1.91,1.91,5.35,4.11,1.62,1.78,2.05,2223
2223,2023-04-08,Mainz,Werder Bremen,2,2,D,1,1,0.5815728176763375,0.24300775937702598,0.17541942294663634,0.5839511605567824,0.5723750228485487,1.9967611222202182,1.0353006202740378,1.71,3.95,4.91,1.78,2.06,1.73,4.01,4.65,1.7,2.17,2223
2223,2023-04-08,Leverkusen,Ein Frankfurt,3,1,H,1,1,0.5438180504851472,0.24167304902921138,0.21450890048564147,0.6368632020592334,0.6330217474383837,2.0398071554523787,1.2418024954140447,1.88,3.86,4.0,1.72,2.15,1.85,3.95,3.99,1.66,2.24,2223
2223,2023-04-09,M'gladbach,Wolfsburg,2,0,H,0,0,0.41369964930596015,0.2656445586699757,0.3206557920240641,0.6144295626440817,0.6460199322559266,1.6951600223427454,1.4778287247604136,2.46,3.59,2.76,1.63,2.29,2.38,3.65,2.85,1.71,2.15,2223
2223,2023-04-09,Bochum,Stuttgart,2,3,A,1,1,0.3811400660704991,0.29550825484649057,0.3233516790830102,0.5025985032117303,0.5632702134014858,1.4048838043963778,1.279728983901011,3.06,3.29,2.44,2.12,1.74,3.02,3.44,2.36,1.94,1.88,2223
2223,2023-04-09,Hoffenheim,Schalke 04,2,0,H,0,0,0.6405432731063021,0.22520987071940302,0.13424685617429488,0.5796235805119543,0.5344741056832678,2.1170531008419924,0.8955583157863362,1.93,3.78,3.88,1.74,2.12,1.94,3.8,3.76,1.76,2.08,2223
2223,2023-04-14,Schalke 04,Hertha,5,2,H,1,1,0.33585285602670306,0.3094707323203687,0.35467641165292824,0.44017345319941437,0.5138925073539155,1.1994392148463024,1.238508008212031,2.32,3.31,3.23,2.15,1.71,2.36,3.3,3.18,2.17,1.7,2223
2223,2023-04-15,Ein Frankfurt,M'gladbach,1,1,D,0,1,0.5051113583883546,0.24502693291659708,0.2498617086950483,0.6446820064070903,0.6509296359540331,1.9682631218991908,1.352290755423277,1.9,3.9,3.81,1.63,2.28,1.75,4.13,4.38,1.64,2.28,2223
2223,2023-04-15,Stuttgart,Dortmund,3,3,D,1,1,0.23881516759574117,0.24050795523550952,0.5206768771687493,0.6528288478399031,0.6529539646953054,1.337799477498692,2.023993600891263,2.91,3.7,2.33,1.62,2.31,3.52,3.83,2.01,1.65,2.24,2223
2223,2023-04-15,RB Leipzig,Augsburg,3,2,H,1,1,0.7405528471780496,0.17426192905864046,0.08518522376331,0.6407453533173241,0.5095747255252366,2.5167855918937487,0.7841870334163432,1.22,6.86,13.42,1.48,2.66,1.25,6.47,11.07,1.46,2.71,2223
2223,2023-04-15,FC Koln,Mainz,1,1,D,0,1,0.39527252189140116,0.2842697632484968,0.3204577148601021,0.5306426625777378,0.5822399586122513,1.4827781442536168,1.317627336849081,2.72,3.24,2.75,2.16,1.71,2.63,3.37,2.74,2.01,1.83,2223
2223,2023-04-15,Bayern Munich,Hoffenheim,1,1,D,0,1,0.8227883041167825,0.11481247952993154,0.06239921635328607,0.8146024474151903,0.6087013516869023,3.422495534724192,0.9766887178539811,1.19,8.03,13.12,1.24,4.03,1.21,7.72,11.57,1.24,4.03,2223
2223,2023-04-16,Werder Bremen,Freiburg,1,2,A,1,1,0.34260978893258964,0.2794365834692283,0.3779536275981821,0.5528647542264455,0.600428862221808,1.407914790986122,1.4870251112709947,2.75,3.27,2.68,2.15,1.72,2.7,3.52,2.58,1.86,1.97,2223
2223,2023-04-16,Union Berlin,Bochum,1,1,D,0,1,0.6314254150420634,0.23549632123834047,0.13307826371959613,0.526417288922669,0.49237243559733346,1.9697911979665266,0.8129440530561377,1.72,3.71,5.22,2.14,1.72,1.62,3.91,5.95,2.12,1.74,2223
2223,2023-04-16,Wolfsburg,Leverkusen,0,0,D,0,0,0.40064698015338246,0.26859105057103694,0.33076196927558055,0.5932525712077037,0.6297341587613671,1.6175636912074256,1.4567579312765124,2.75,3.57,2.52,1.72,2.15,2.81,3.62,2.45,1.72,2.14,2223
2223,2023-04-21,Augsburg,Stuttgart,1,1,D,0,1,0.4088997498526887,0.28624459452456963,0.30485565562274153,0.5386961358346104,0.5892663971421056,1.5327528054107296,1.3016075961279265,3.2,3.65,2.2,1.76,2.08,3.27,3.68,2.15,1.76,2.08,2223
2223,2023-04-22,Dortmund,Ein Frankfurt,4,0,H,1,0,0.6239899393216892,0.20732721035709298,0.16868285032121777,0.7117946275097415,0.6621696957552707,2.437870788502012,1.2458927592671714,1.6,4.64,5.06,1.44,2.79,1.62,4.5,4.97,1.5,2.58,2223
2223,2023-04-22,Mainz,Bayern Munich,3,1,H,1,1,0.205923417939883,0.2326023912629602,0.5614741907971565,0.6666723506402762,0.6514076816249484,1.2750736129591527,2.1584281390819373,5.81,4.63,1.53,1.54,2.46,5.31,4.57,1.57,1.5,2.58,2223
2223,2023-04-22,Hoffenheim,FC Koln,1,3,A,1,1,0.4796368294503272,0.2674262997279836,0.25293687082168925,0.581458676356873,0.6090365058175145,1.771679317018381,1.249147853699326,2.3,3.49,3.1,1.86,1.95,2.22,3.58,3.21,1.81,2.01,2223
2223,2023-04-22,Hertha,Werder Bremen,2,4,A,1,1,0.42540919575524067,0.278914340071871,0.29567646417288845,0.5624821652128834,0.605386805705859,1.6149377882552505,1.3217760670412115,2.33,3.44,3.09,1.99,1.84,2.3,3.5,3.1,1.91,1.9,2223
2223,2023-04-22,Bochum,Wolfsburg,1,5,A,1,1,0.2745165530495276,0.28577529939832047,0.439708147552152,0.5279267362828178,0.5758562564377905,1.2117244725924707,1.5773052835817933,3.13,3.64,2.22,1.73,2.11,3.02,3.55,2.33,1.87,1.95,2223
2223,2023-04-23,Freiburg,Schalke 04,4,0,H,1,0,0.655986331889332,0.2246389256960338,0.1193747424146342,0.5564337931317792,0.502859525068501,2.0973500878534512,0.8130512089564146,1.81,3.65,4.61,2.01,1.82,1.8,3.68,4.67,2.06,1.78,2223
2223,2023-04-23,Leverkusen,RB Leipzig,2,0,H,0,0,0.39941405612882996,0.27287071227767884,0.32771523159349103,0.5946661676269716,0.6330591498937884,1.622972457520774,1.4578282580525457,2.61,3.52,2.64,1.78,2.04,2.54,3.63,2.67,1.76,2.08,2223
2223,2023-04-23,M'gladbach,Union Berlin,0,1,A,0,0,0.4080566774533409,0.2884009280922921,0.30354239445436715,0.5303681471522107,0.582917021583549,1.5150840230520395,1.284170061092126,2.5,3.3,2.95,2.1,1.75,2.39,3.33,3.09,2.11,1.74,2223
2223,2023-04-28,Bochum,Dortmund,1,1,D,0,1,0.1726574364308665,0.21230860751975517,0.6150339560493785,0.6963087991762289,0.6528107592534244,1.2265846454699638,2.3681536177238156,6.06,5.11,1.46,1.36,3.15,6.42,5.14,1.45,1.41,2.9,2223
2223,2023-04-29,Union Berlin,Leverkusen,0,0,D,0,0,0.3830550406214982,0.29846016731248365,0.31848479206601843,0.4937029296051591,0.5565485945491904,1.393822269848528,1.254783688433949,2.93,3.26,2.55,2.19,1.7,2.91,3.37,2.5,2.04,1.8,2223
2223,2023-04-29,Stuttgart,M'gladbach,2,1,H,1,1,0.3921763720585367,0.2731124005971087,0.33471122734435466,0.5915340019534117,0.6308095528423782,1.5992487484890352,1.46721559321524,1.72,4.14,4.56,1.64,2.29,1.84,3.94,4.07,1.69,2.18,2223
2223,2023-04-29,Schalke 04,Werder Bremen,2,1,H,1,1,0.3234965930784375,0.2901068680354939,0.3863965388860686,0.5253581780368553,0.5808054849235795,1.319992729030298,1.4583108064929964,2.4,3.63,2.86,1.69,2.19,2.28,3.56,3.09,1.82,2.01,2223
2223,2023-04-29,FC Koln,Freiburg,0,1,A,0,0,0.39021237393180297,0.2887635332302609,0.321024092837936,0.5298557270149424,0.5839601769456162,1.474865769402307,1.3222396041299334,2.5,3.31,2.93,2.09,1.75,2.44,3.31,3.02,2.14,1.72,2223
2223,2023-04-29,Ein Frankfurt,Augsburg,1,1,D,0,1,0.5945194245014902,0.23877117908630202,0.1667093964122078,0.589243775896487,0.5704423335605359,2.0383585951169985,1.017684079764221,1.57,4.46,5.48,1.62,2.32,1.56,4.48,5.64,1.61,2.34,2223
2223,2023-04-29,RB Leipzig,Hoffenheim,1,0,H,0,0,0.6732776298553156,0.20136830312417572,0.12535406702050875,0.6537735073787072,0.5794167555268878,2.3876089069666437,0.9790662943266312,1.37,5.35,7.87,1.47,2.69,1.42,5.05,7.02,1.56,2.44,2223
2223,2023-04-30,Bayern Munich,Hertha,2,0,H,0,0,0.8739621295471374,0.08937563326661654,0.036662237186246144,0.8228261385045993,0.5399835804991379,3.6748756286110065,0.7957458948017139,1.1,11.93,23.12,1.19,4.72,1.12,10.09,20.09,1.26,3.8,2223
2223,2023-04-30,Wolfsburg,Mainz,3,0,H,1,0,0.48674874635867527,0.2727742086841203,0.24047704495720446,0.5491295093876751,0.5808629221443333,1.717718422137376,1.1611452079292428,2.27,3.63,3.09,1.7,2.17,2.3,3.53,3.08,1.84,1.98,2223
2223,2023-05-05,Leverkusen,FC Koln,1,2,A,1,1,0.621857816049315,0.22730004085315095,0.15084214309753405,0.60885439300023,0.5724266289775549,2.1481927953412425,0.9985028880539781,1.62,4.21,5.43,1.71,2.16,1.69,4.04,4.97,1.75,2.1,2223
2223,2023-05-05,Mainz,Schalke 04,2,3,A,1,1,0.666420011855958,0.21854465325753059,0.11503533488651146,0.5686218480544376,0.5061730887030966,2.1500424695355678,0.8136601001144177,1.7,4.1,4.87,1.66,2.25,1.65,4.1,5.3,1.72,2.15,2223
2223,2023-05-06,Werder Bremen,Bayern Munich,1,2,A,1,1,0.1340578865694826,0.18480160482136346,0.6811405086091541,0.737159992786191,0.6525762403378217,1.1707621108349127,2.6672540450589395,9.82,6.65,1.26,1.28,3.63,8.13,6.11,1.32,1.33,3.36,2223
2223,2023-05-06,M'gladbach,Bochum,2,0,H,0,0,0.6221165171136244,0.22003779273043875,0.1578456901559368,0.6476609896353719,0.6064345156421781,2.249074996705949,1.0865079974740008,2.08,3.75,3.41,1.58,2.4,1.9,3.94,3.82,1.62,2.31,2223
2223,2023-05-06,Hoffenheim,Ein Frankfurt,3,1,H,1,1,0.40781841470337443,0.2722952482956829,0.3198863370009426,0.5947346243710475,0.6323092973117361,1.6418828300920438,1.4392321845252005,2.5,3.77,2.66,1.55,2.46,2.35,3.65,2.93,1.68,2.2,2223
2223,2023-05-06,Freiburg,RB Leipzig,0,1,A,0,0,0.3146613500337765,0.28933259412896106,0.39600605583726234,0.5297715424921484,0.5837777256741784,1.308627336974726,1.4881252393251145,4.07,3.85,1.87,1.72,2.14,3.97,3.68,1.93,1.91,1.91,2223
2223,2023-05-06,Augsburg,Union Berlin,1,0,H,0,0,0.28682322937488824,0.3137647488483176,0.39941202177679425,0.43512323618540455,0.5085154911654262,1.0925493519903082,1.3259743655720284,3.24,3.26,2.35,2.22,1.67,3.41,3.27,2.26,2.23,1.67,2223
2223,2023-05-06,Hertha,Stuttgart,2,1,H,1,1,0.38075081328658195,0.28763616087727073,0.3316130258361472,0.5394020244876958,0.5923783576776466,1.473192632075368,1.3641597309857396,3.01,3.49,2.36,1.89,1.93,3.1,3.53,2.29,1.87,1.95,2223
2223,2023-05-07,Dortmund,Wolfsburg,6,0,H,1,0,0.5898112843626817,0.22272874560043093,0.1874599700368874,0.6806900253838766,0.6513482072001388,2.2632507738483505,1.245119632534388,1.5,5.17,5.58,1.32,3.4,1.51,4.97,5.67,1.42,2.89,2223
2223,2023-05-12,FC Koln,Hertha,5,2,H,1,1,0.5564332735387876,0.2546938986103536,0.18887282785085893,0.5560243586888087,0.5603405085145815,1.8783201755521248,1.030290578964527,1.91,3.79,3.95,1.75,2.11,1.9,3.74,4.07,1.84,1.99,2223
2223,2023-05-13,Wolfsburg,Hoffenheim,2,1,H,1,1,0.546725906988478,0.24399133341364726,0.20928275959787462,0.6195439313068207,0.6174035251864887,2.0031887826746786,1.1941815076983326,1.95,3.96,3.6,1.47,2.7,1.93,3.94,3.68,1.57,2.42,2223
2223,2023-05-13,Union Berlin,Freiburg,4,2,H,1,1,0.45216835969140073,0.30509449728745935,0.24273714302114002,0.4323342611123361,0.49423411360134734,1.421911716927558,0.9859137407524117,2.12,3.16,3.96,2.55,1.52,2.19,3.18,3.68,2.41,1.57,2223
2223,2023-05-13,Dortmund,M'gladbach,5,2,H,1,1,0.6943756038326627,0.17522599261759733,0.13039840354973986,0.7596204251419185,0.6654885393395287,2.7819539716455193,1.2028233763406653,1.22,7.69,11.09,1.2,4.52,1.25,7.03,10.12,1.26,3.85,2223
2223,2023-05-13,Bochum,Augsburg,3,2,H,1,1,0.40539986202201206,0.28803030355078657,0.30656983442720154,0.52262774504293,0.5760788342149177,1.4920614875869636,1.274875980692458,2.26,3.63,3.09,1.71,2.16,2.16,3.58,3.32,1.82,2.01,2223
2223,2023-05-13,Bayern Munich,Schalke 04,6,0,H,1,0,0.8961715571351897,0.07716078797853237,0.026667654886277946,0.8174898216522017,0.4849801921719285,3.747469502395403,0.6775107207604397,1.14,9.51,17.01,1.19,4.77,1.12,10.0,18.74,1.23,4.18,2223
2223,2023-05-13,Ein Frankfurt,Mainz,3,0,H,1,0,0.47424576339697433,0.2671377534786934,0.2586164831243323,0.5768075396613258,0.6058298365554322,1.747476864514574,1.252517163262475,2.06,3.7,3.42,1.64,2.25,2.12,3.7,3.34,1.7,2.16,2223
2223,2023-05-14,Stuttgart,Leverkusen,1,1,D,0,1,0.28964631553536957,0.2719314812190065,0.4384222032456237,0.576243005784926,0.6129202973584507,1.3289075586705053,1.6685663268729043,2.59,3.55,2.69,1.78,2.06,2.48,3.59,2.76,1.72,2.12,2223
2223,2023-05-14,RB Leipzig,Werder Bremen,2,1,H,1,1,0.7302332245475538,0.177851661082961,0.09191511436948516,0.6557323813218753,0.5344327698899934,2.5356657572034385,0.841097665071157,1.24,6.83,11.2,1.37,3.11,1.25,6.59,10.7,1.41,2.91,2223
2223,2023-05-19,Freiburg,Wolfsburg,2,0,H,0,0,0.43865229228211267,0.27893667173521636,0.28241103598267103,0.5484481851381207,0.5913513135524503,1.61312963821164,1.2628080562195299,2.19,3.74,3.15,1.65,2.27,2.03,3.79,3.55,1.68,2.23,2223
2223,2023-05-20,Hertha,Bochum,1,1,D,0,1,0.476736430644652,0.26866457100224617,0.25459899835310207,0.5700450504867445,0.5999717314770087,1.7389289006380095,1.2310308073808767,2.38,3.81,2.79,1.55,2.46,2.25,3.76,3.04,1.7,2.19,2223
2223,2023-05-20,Hoffenheim,Union Berlin,4,2,H,1,1,0.37297229625382655,0.29952497254946253,0.3275027311967109,0.4866791187641497,0.5511917582501662,1.3589049554094998,1.2614937801452646,2.33,3.41,3.08,2.0,1.82,2.53,3.47,2.8,1.95,1.88,2223
2223,2023-05-20,Schalke 04,Ein Frankfurt,2,2,D,1,1,0.2456661514107169,0.27468907912244145,0.47964476946684165,0.5416225878933965,0.5764363653992234,1.1606418781717647,1.6861426796400587,2.85,3.74,2.36,1.62,2.33,2.92,3.78,2.31,1.65,2.27,2223
2223,2023-05-20,Werder Bremen,FC Koln,1,1,D,0,1,0.39955424217752256,0.2770962244873561,0.3233495333351214,0.5697294302209548,0.6131667161534677,1.5706061030998975,1.3979567814775569,2.49,3.73,2.69,1.63,2.3,2.58,3.75,2.6,1.64,2.29,2223
2223,2023-05-20,Bayern Munich,RB Leipzig,1,3,A,1,1,0.6022231987208229,0.22153055421010537,0.1762462470690718,0.6633473079895011,0.6301969928242949,2.24286864792317,1.1732302202684064,1.54,4.85,5.38,1.35,3.22,1.52,4.98,5.65,1.38,3.07,2223
2223,2023-05-21,Leverkusen,M'gladbach,2,2,D,1,1,0.6081762413177803,0.21917175407685419,0.17265200460536567,0.6669886553426033,0.6303971243142911,2.266913452925868,1.1682676255157722,1.3,6.02,9.17,1.38,2.98,1.47,5.04,6.06,1.46,2.75,2223
2223,2023-05-21,Mainz,Stuttgart,1,4,A,1,1,0.5227288099780313,0.26302264279686755,0.21424854722510125,0.5563668538701949,0.574506093168981,1.807893561575309,1.1021991220368055,2.82,3.45,2.52,1.81,2.03,2.51,3.63,2.73,1.75,2.12,2223
2223,2023-05-21,Augsburg,Dortmund,0,3,A,1,0,0.20104452596004319,0.2274434827131859,0.5715119913267708,0.6733108215893794,0.6524757737890492,1.2707832695104346,2.1978768662717916,6.6,5.55,1.41,1.3,3.53,6.74,5.53,1.4,1.39,3.04,2223
2223,2023-05-27,Dortmund,Mainz,2,2,D,1,1,0.7089183181251786,0.175150507456583,0.11593117441823843,0.7343053019120742,0.6301982264986258,2.731540967504365,1.0885975566590989,1.2,8.02,12.46,1.21,4.31,1.15,9.23,15.14,1.21,4.34,2223
2223,2023-05-27,Bochum,Leverkusen,3,0,H,1,0,0.22708485520811067,0.25915877766043083,0.5137563671314584,0.5878251928836151,0.6037630187228713,1.1908134406395556,1.8587725490959428,4.07,4.36,1.77,1.41,2.91,3.29,4.05,2.03,1.46,2.72,2223
2223,2023-05-27,Union Berlin,Werder Bremen,1,0,H,0,0,0.5794864138452646,0.25526104197578237,0.165252544178953,0.5280578900620353,0.525604406984371,1.8675463498068323,0.9220387415349823,1.47,4.73,6.82,1.62,2.33,1.44,4.77,7.05,1.69,2.2,2223
2223,2023-05-27,Ein Frankfurt,Freiburg,2,1,H,1,1,0.4533780296857376,0.2765821432133393,0.27003982710092295,0.5557272464442392,0.5946449729169695,1.6605841503695007,1.246733303340776,2.11,3.95,3.22,1.53,2.51,2.38,3.81,2.77,1.55,2.45,2223
2223,2023-05-27,FC Koln,Bayern Munich,1,2,A,1,1,0.19208661649035771,0.2250993548256492,0.5828140286839931,0.6754527542455095,0.6498144902555549,1.2486360981204443,2.2314835531153703,6.15,5.47,1.43,1.3,3.6,7.94,6.14,1.32,1.27,3.75,2223
2223,2023-05-27,M'gladbach,Augsburg,2,0,H,0,0,0.5864332277180926,0.2348829218190403,0.178683850462867,0.6216234296613604,0.6023279149838071,2.09907108250321,1.1082800014396257,2.01,3.93,3.47,1.43,2.86,2.18,3.88,3.07,1.48,2.64,2223
2223,2023-05-27,Stuttgart,Hoffenheim,1,1,D,0,1,0.4367299785202279,0.26986853005959266,0.29340149142017946,0.5921069428700807,0.6261800404264612,1.699843535333621,1.3692389302951513,1.53,4.77,5.55,1.46,2.73,1.59,4.62,5.01,1.46,2.71,2223
2223,2023-05-27,RB Leipzig,Schalke 04,4,2,H,1,1,0.8063965721427067,0.1414952946811836,0.052108133176109704,0.6643085002932156,0.45526491333076907,2.77533418639389,0.6460111681991586,1.54,4.94,5.27,1.32,3.4,1.61,4.66,4.75,1.36,3.15,2223
2223,2023-05-27,Wolfsburg,Hertha,1,2,A,1,1,0.6472876677138546,0.21741694698533606,0.13529538530080942,0.6140432800864898,0.5610340348132477,2.2190666207236664,0.952125417408447,1.25,6.76,10.33,1.3,3.54,1.34,5.7,8.18,1.4,2.92,2223
2324,2023-08-18,Werder Bremen,Bayern Munich,0,4,A,1,0,0.14845450483392017,0.1989170803352356,0.6526284148308441,0.7085020940408301,0.6433427352523093,1.1659442676566654,2.4986134579040806,8.69,6.05,1.31,1.34,3.29,8.5,6.09,1.32,1.33,3.34,2324
2324,2023-08-19,Augsburg,M'gladbach,4,4,D,1,1,0.34423290874012025,0.2768063581430275,0.3789607331168521,0.5793865412209431,0.6224432198758194,1.4662058199682289,1.5453191881690902,2.79,3.67,2.42,1.62,2.31,2.72,3.69,2.47,1.61,2.34,2324
2324,2023-08-19,Hoffenheim,Freiburg,1,2,A,1,1,0.4179748116528338,0.27520965624759813,0.30681553209956836,0.5773638832360682,0.6175825967276939,1.6279694722794535,1.3745068707604657,2.2,3.68,3.15,1.65,2.26,2.35,3.63,2.94,1.66,2.24,2324
2324,2023-08-19,Leverkusen,RB Leipzig,3,2,H,1,1,0.3747072902263644,0.28106674506572144,0.3442259647079141,0.5630768076499777,0.6103082257354464,1.5040002133188726,1.4353139670025874,2.44,3.6,2.81,1.68,2.19,2.47,3.62,2.78,1.68,2.2,2324
2324,2023-08-19,Stuttgart,Bochum,5,0,H,1,0,0.539383017082886,0.2585937699686036,0.2020232129485106,0.5645085095126083,0.5751880806365436,1.8623701923968616,1.0832217088913723,1.76,4.02,4.32,1.64,2.26,1.69,4.17,4.69,1.64,2.29,2324
2324,2023-08-19,Wolfsburg,Heidenheim,2,0,H,0,0,0.6526203060149184,0.23159254259699671,0.11578715138808475,0.5200877945766221,0.47207857267525566,2.0047153317201114,0.7516965699770501,1.64,4.28,5.03,1.59,2.39,1.62,4.31,5.19,1.61,2.34,2324
2324,2023-08-19,Dortmund,FC Koln,1,0,H,0,0,0.7084163563685719,0.17690694899127507,0.11467669464015305,0.7248202157148088,0.6211922877573195,2.697460656727568,1.0641907666663832,1.46,4.95,6.33,1.46,2.73,1.4,5.21,7.24,1.43,2.83,2324
2324,2023-08-20,Union Berlin,Mainz,4,1,H,1,1,0.49631910317657296,0.28573961302571416,0.21794128379771305,0.4850279683588392,0.5253417035408571,1.6092864286508255,1.0045105088448927,2.15,3.32,3.61,2.19,1.7,2.01,3.45,3.92,2.1,1.75,2324
2324,2023-08-20,Ein Frankfurt,Darmstadt,1,0,H,0,0,0.6476329550377529,0.23193608407823585,0.12043096088401115,0.5292874655584564,0.4841673390492316,2.0149777561419127,0.7797628037064495,1.48,4.69,6.5,1.62,2.31,1.39,5.12,7.82,1.67,2.23,2324
2324,2023-08-25,RB Leipzig,Stuttgart,5,1,H,1,1,0.673284965728325,0.20604043402902988,0.12067460024264512,0.6160499150877795,0.5442978319344932,2.2828351965314964,0.897896991430015,1.58,4.43,5.4,1.58,2.4,1.51,4.71,6.09,1.54,2.49,2324
2324,2023-08-26,Freiburg,Werder Bremen,1,0,H,0,0,0.5925626764207836,0.23912958834525264,0.16830773523396375,0.5805157408410356,0.5634216785549829,2.0110332116117595,1.0055699595289942,1.75,4.03,4.54,1.62,2.33,1.71,4.06,4.75,1.68,2.22,2324
2324,2023-08-26,Heidenheim,Hoffenheim,2,3,A,1,1,0.2450858566693775,0.29011327869834563,0.4648008646322768,0.4805821913551805,0.5304256364781297,1.0614914956966102,1.5345752651634323,3.07,3.75,2.21,1.56,2.42,2.98,3.73,2.3,1.67,2.25,2324
2324,2023-08-26,M'gladbach,Leverkusen,0,3,A,1,0,0.3816756520537645,0.25580319291753184,0.3625211550287037,0.6527528891353583,0.6760904000497164,1.703621044271101,1.6577734836311433,4.28,4.05,1.79,1.59,2.4,3.68,4.1,1.91,1.49,2.63,2324
2324,2023-08-26,Bochum,Dortmund,1,1,D,0,1,0.16622959867462894,0.2069692266269968,0.6268011746983744,0.6987595106006238,0.6485314422455675,1.2065124518132075,2.402085575932404,5.75,4.78,1.52,1.46,2.76,6.72,5.29,1.42,1.36,3.17,2324
2324,2023-08-26,FC Koln,Wolfsburg,1,2,A,1,1,0.4041488370048817,0.28623423883928745,0.30961692415583086,0.5261481970428599,0.5785017423695633,1.4948955716277286,1.2867035363432606,2.16,3.64,3.32,1.71,2.18,2.36,3.56,2.98,1.75,2.09,2324
2324,2023-08-26,Darmstadt,Union Berlin,1,4,A,1,1,0.22839927606801985,0.35154518462534684,0.4200555393066333,0.2867319150349846,0.3735462376725391,0.7533281137299842,1.1112691519674762,3.98,3.41,2.02,2.19,1.7,3.88,3.44,2.03,2.08,1.77,2324
2324,2023-08-27,Mainz,Ein Frankfurt,1,1,D,0,1,0.4266821415730917,0.2720300637854472,0.30128779464146116,0.5768169366675086,0.6148135565507441,1.6430235309708892,1.3570106799725252,2.59,3.4,2.77,1.94,1.9,2.43,3.63,2.83,1.71,2.17,2324
2324,2023-08-27,Bayern Munich,Augsburg,3,1,H,1,1,0.860529304185692,0.09833625974641447,0.041134436067893514,0.7985859524020432,0.5307141644097407,3.488974847627106,0.7805109728011398,1.1,12.01,22.35,1.16,5.18,1.08,12.99,24.71,1.19,4.78,2324
2324,2023-09-01,Dortmund,Heidenheim,2,2,D,1,1,0.8841195572070946,0.08270416695086474,0.0331762758420407,0.8314326937055432,0.532980480073026,3.7693898692210683,0.7785098029687547,1.25,6.76,9.89,1.29,3.6,1.25,6.82,10.4,1.33,3.34,2324
2324,2023-09-02,Stuttgart,Freiburg,5,0,H,1,0,0.3869043446463051,0.2851438592519329,0.327951796101762,0.5381435881912565,0.5897917028469652,1.4813746528883471,1.350645112973266,2.26,3.66,3.06,1.74,2.14,2.18,3.68,3.2,1.72,2.15,2324
2324,2023-09-02,M'gladbach,Bayern Munich,1,2,A,1,1,0.19688674666005443,0.20664249420087885,0.5964707591390668,0.7438568637314803,0.7026026457509514,1.4105712134265205,2.470008249078557,10.03,6.87,1.25,1.23,4.13,8.28,6.34,1.31,1.24,4.09,2324
2324,2023-09-02,Werder Bremen,Mainz,4,0,H,1,0,0.3811282417828577,0.28060009785510565,0.3382716603620366,0.5570124125282712,0.604546112272303,1.5045450215001293,1.4083431518038594,2.67,3.48,2.59,1.8,2.02,2.7,3.57,2.55,1.74,2.12,2324
2324,2023-09-02,Augsburg,Bochum,2,2,D,1,1,0.4909144487137552,0.27062397637683555,0.23846157490940928,0.5487752210227227,0.5787709579105719,1.7240589664889099,1.1532838364587796,2.22,3.63,3.17,1.74,2.13,2.03,3.7,3.56,1.73,2.14,2324
2324,2023-09-02,Leverkusen,Darmstadt,5,1,H,1,1,0.7986746334847934,0.14364434455576425,0.057681021959442386,0.6745146869368561,0.4770446810845657,2.7838806403619514,0.6914477313386858,1.22,6.78,12.53,1.46,2.74,1.2,7.3,13.64,1.41,2.9,2324
2324,2023-09-02,Hoffenheim,Wolfsburg,3,1,H,1,1,0.401277331593475,0.26999905902512855,0.32872360938139644,0.5961153010949705,0.6328662411768223,1.6273688946749196,1.4600891101651214,2.55,3.81,2.58,1.48,2.69,2.47,3.77,2.67,1.53,2.51,2324
2324,2023-09-03,Ein Frankfurt,FC Koln,1,1,D,0,1,0.5039031786304996,0.2695383759951994,0.22655844537430095,0.5425485705289297,0.5696048906078737,1.7384524020523866,1.1122734458084191,2.17,3.38,3.46,2.01,1.82,2.13,3.49,3.49,1.94,1.89,2324
2324,2023-09-03,Union Berlin,RB Leipzig,0,3,A,1,0,0.33036159302289414,0.2990064043413724,0.3706320026357335,0.4868686251442183,0.5512023534803843,1.2674405036735077,1.3537167731527362,3.49,3.6,2.09,1.8,2.04,3.22,3.45,2.26,1.94,1.89,2324
2324,2023-09-15,Bayern Munich,Leverkusen,2,2,D,1,1,0.6823885670934351,0.18425987053628645,0.13335156237027856,0.7306918007893785,0.6452935974082498,2.6463849082875566,1.1512371072106222,1.59,4.62,5.08,1.38,3.09,1.62,4.66,4.76,1.37,3.09,2324
2324,2023-09-16,Bochum,Ein Frankfurt,1,1,D,0,1,0.3104963512852116,0.28187594646849734,0.40762770224629097,0.5463029128350781,0.594124807341484,1.3249632150686965,1.541783107905017,2.85,3.39,2.52,1.99,1.85,2.93,3.63,2.35,1.72,2.15,2324
2324,2023-09-16,Wolfsburg,Union Berlin,2,1,H,1,1,0.4443646680707125,0.29238897379419204,0.26324635813509567,0.48775511455849224,0.5416955866687888,1.5076804340275523,1.1170276698552064,2.19,3.36,3.48,2.09,1.77,2.26,3.47,3.22,1.94,1.9,2324
2324,2023-09-16,RB Leipzig,Augsburg,3,0,H,1,0,0.761834281067691,0.16287118146215288,0.07529453747015583,0.662579557237661,0.509153479942656,2.640828072735377,0.7714005094996297,1.26,6.59,10.42,1.37,3.11,1.23,6.98,11.49,1.37,3.1,2324
2324,2023-09-16,Freiburg,Dortmund,2,4,A,1,1,0.3167264061206672,0.2578635207754499,0.425410073103883,0.6395626724957031,0.6634588942180396,1.5182855913770736,1.7766920046110932,2.89,3.76,2.32,1.48,2.68,3.16,3.84,2.15,1.51,2.58,2324
2324,2023-09-16,FC Koln,Hoffenheim,1,3,A,1,1,0.4651725959065708,0.26746535133450805,0.2673620527589212,0.5807782289192895,0.6110941799862496,1.7361691901301577,1.2816002882605009,2.18,3.77,3.08,1.56,2.42,2.22,3.78,3.05,1.61,2.35,2324
2324,2023-09-16,Mainz,Stuttgart,1,3,A,1,1,0.46234464606396863,0.26531037712774097,0.27234497680829045,0.5917721378558389,0.620368782236328,1.753563298561799,1.3139905998123136,2.62,3.5,2.67,1.79,2.06,2.55,3.65,2.66,1.69,2.2,2324
2324,2023-09-17,Heidenheim,Werder Bremen,4,2,H,1,1,0.4204213992751873,0.27143861970352323,0.30813998102128937,0.5849606664128401,0.622319945167149,1.6469719121423667,1.3896357901292122,2.32,3.78,2.88,1.63,2.31,2.35,3.79,2.83,1.64,2.29,2324
2324,2023-09-17,Darmstadt,M'gladbach,3,3,D,1,1,0.20008367974083585,0.23047005995873102,0.5694462603004333,0.6591652700914876,0.6413060693846412,1.239714478044146,2.1546454201137313,2.4,3.61,2.83,1.66,2.24,2.96,3.61,2.34,1.78,2.06,2324
2324,2023-09-22,Stuttgart,Darmstadt,3,1,H,1,1,0.7559043794949061,0.15281846151796352,0.09127715898713044,0.7560736040869557,0.6130252945077305,2.944469024355664,1.0165865943276347,1.38,5.25,7.94,1.52,2.58,1.38,5.14,7.89,1.56,2.47,2324
2324,2023-09-23,Union Berlin,Hoffenheim,0,2,A,0,0,0.5119553525964897,0.26696218543943834,0.221082461964072,0.5480623958764883,0.5714826145917545,1.767255947069608,1.10702986591079,2.12,3.61,3.43,1.76,2.1,2.12,3.67,3.36,1.79,2.05,2324
2324,2023-09-23,Werder Bremen,FC Koln,2,1,H,1,1,0.40976339804712647,0.28359086516708354,0.30664573678578977,0.5400195692194741,0.5891556397522083,1.5346260800121891,1.3053464775062458,2.41,3.62,2.86,1.7,2.18,2.54,3.62,2.68,1.71,2.17,2324
2324,2023-09-23,M'gladbach,RB Leipzig,0,1,A,0,0,0.26905404618044426,0.2549329980803271,0.4760129557392285,0.6299012491876929,0.6473860003009189,1.3776943629039455,1.8697170549944477,4.55,4.37,1.69,1.47,2.68,5.07,4.69,1.58,1.4,2.96,2324
2324,2023-09-23,Augsburg,Mainz,2,1,H,1,1,0.38896978730077186,0.28010522200972127,0.33092499068950676,0.5590476623214804,0.6057735910114195,1.5261220698772326,1.39561032289561,2.52,3.48,2.78,1.83,2.01,2.59,3.63,2.62,1.68,2.22,2324
2324,2023-09-23,Bayern Munich,Bochum,7,0,H,1,0,0.8717163754046514,0.09152031230813124,0.036763312287217464,0.8101858823142855,0.526201160884405,3.595842981725332,0.7672323321152721,1.13,9.45,17.94,1.2,4.38,1.1,11.34,20.92,1.21,4.41,2324
2324,2023-09-23,Dortmund,Wolfsburg,1,0,H,0,0,0.6417933173688559,0.20317225849471854,0.15503442413642543,0.6990012871821071,0.6407558864824873,2.4408918563513904,1.1690885048177968,1.72,4.28,4.35,1.45,2.76,1.69,4.39,4.46,1.43,2.86,2324
2324,2023-09-24,Leverkusen,Heidenheim,4,1,H,1,1,0.7082816170231729,0.17058936041742734,0.12112902255939981,0.7590534127698298,0.6553060113241085,2.8185427656778783,1.162427981418449,1.2,7.56,13.0,1.34,3.29,1.23,6.98,11.42,1.34,3.3,2324
2324,2023-09-24,Ein Frankfurt,Freiburg,0,0,D,0,0,0.4656677220720965,0.2768036504395892,0.2575286274883145,0.5414504107679593,0.5799036460815984,1.656182606797652,1.1898693260262174,2.22,3.46,3.3,1.96,1.88,2.09,3.63,3.44,1.83,2.0,2324
2324,2023-09-29,Hoffenheim,Dortmund,1,3,A,1,1,0.2983702586673393,0.23882076575839414,0.46280897557426637,0.7013438579595282,0.7052929626843027,1.6068000349611307,2.0164405893240587,3.1,4.07,2.12,1.37,3.12,3.11,4.13,2.11,1.38,3.04,2324
2324,2023-09-30,Heidenheim,Union Berlin,1,0,H,0,0,0.33329274959238264,0.263551799344851,0.4031554510627664,0.6177071972884857,0.6485773008320529,1.5125807383394445,1.6760004985332104,3.11,3.54,2.29,1.88,1.96,3.07,3.65,2.27,1.78,2.07,2324
2324,2023-09-30,FC Koln,Stuttgart,0,2,A,0,0,0.4450046243454036,0.27519140189117786,0.2798039737634185,0.5544131459574949,0.5941513056200373,1.6368654907776585,1.264764148564589,2.81,3.56,2.5,1.74,2.13,2.85,3.65,2.42,1.69,2.2,2324
2324,2023-09-30,Bochum,M'gladbach,1,3,A,1,1,0.3341704395932515,0.26123840122099695,0.4045911591857515,0.6268984340172192,0.6554204217565642,1.5335211410857412,1.699278032598641,2.28,3.7,3.03,1.62,2.33,2.33,3.79,2.88,1.56,2.44,2324
2324,2023-09-30,RB Leipzig,Bayern Munich,2,2,D,1,1,0.3892216851285235,0.25924962332449547,0.35152869154698113,0.6373791122929899,0.6642348740090298,1.6867204005533305,1.5974277662653134,3.99,4.39,1.77,1.38,3.07,3.56,4.21,1.93,1.4,2.96,2324
2324,2023-09-30,Wolfsburg,Ein Frankfurt,2,0,H,0,0,0.4822807844033413,0.27618959996864584,0.2415296156280128,0.5263446397947429,0.5627356526810647,1.6589997472928801,1.1234208827935466,2.15,3.49,3.48,1.95,1.89,2.11,3.55,3.51,1.92,1.91,2324
2324,2023-09-30,Mainz,Leverkusen,0,3,A,1,0,0.3086162838002348,0.2644254019815871,0.4269583142181782,0.6075294656827613,0.6383122153152185,1.4325053781480268,1.7079477235714033,5.32,4.5,1.59,1.55,2.48,5.65,4.64,1.54,1.54,2.48,2324
2324,2023-10-01,Darmstadt,Werder Bremen,4,2,H,1,1,0.2823568761370687,0.24530194483977524,0.4723411790231562,0.6688548729838061,0.6782031211158367,1.4908213855021275,1.95416377901698,2.88,3.77,2.32,1.58,2.38,2.8,3.7,2.42,1.68,2.22,2324
2324,2023-10-01,Freiburg,Augsburg,2,0,H,0,0,0.5859258674718144,0.2438729761872457,0.17020115634093977,0.5648372169221844,0.5533209729105357,1.9601037825418228,0.9869346760913797,1.85,3.77,4.34,1.87,1.97,1.72,4.13,4.59,1.65,2.26,2324
2324,2023-10-06,M'gladbach,Mainz,2,2,D,1,1,0.5358163836099279,0.23707469831272907,0.22710891807734315,0.6512244411395328,0.6464612029688727,2.053488487061742,1.3001318355152518,2.19,3.75,3.17,1.61,2.35,2.06,3.87,3.42,1.58,2.42,2324
2324,2023-10-07,Dortmund,Union Berlin,4,2,H,1,1,0.6314079047025472,0.21854067357495466,0.15005142172249802,0.6182154528493924,0.574040346685474,2.1882551191216764,1.0027825473193248,1.7,4.09,4.81,1.67,2.23,1.61,4.38,5.31,1.63,2.31,2324
2324,2023-10-07,RB Leipzig,Bochum,0,0,D,0,0,0.8073766868781989,0.13524355764305473,0.057379755478746436,0.698931818313343,0.49221189787072583,2.889670734070436,0.720195145943103,1.28,6.23,10.38,1.48,2.66,1.24,6.81,11.15,1.35,3.21,2324
2324,2023-10-07,Augsburg,Darmstadt,1,2,A,1,1,0.5980441767246543,0.20846543718662455,0.19349038608872132,0.7232440891661038,0.6832928089920344,2.404378100100996,1.3475863471826228,1.82,3.77,4.42,1.86,1.98,1.9,3.87,3.95,1.69,2.21,2324
2324,2023-10-07,Werder Bremen,Hoffenheim,2,3,A,1,1,0.39296307625220106,0.2586061255086131,0.3484307982391859,0.6313712711018457,0.6585748422068528,1.6798321050356626,1.5747567751987321,2.63,3.74,2.55,1.52,2.56,2.75,3.9,2.38,1.46,2.71,2324
2324,2023-10-07,Stuttgart,Wolfsburg,3,1,H,1,1,0.4210111838828231,0.27430538247716857,0.3046834336400083,0.5593662433123299,0.6010261798479661,1.5926349578919825,1.3304844850209325,1.89,3.75,4.08,1.72,2.16,2.0,3.76,3.64,1.67,2.23,2324
2324,2023-10-08,Leverkusen,FC Koln,3,0,H,1,0,0.645792685325542,0.21466888969436781,0.1395384249800901,0.6132542275432028,0.5606012266017165,2.208821291002793,0.9586313749011323,1.27,6.08,11.11,1.52,2.51,1.34,5.58,8.69,1.48,2.65,2324
2324,2023-10-08,Bayern Munich,Freiburg,3,0,H,1,0,0.7673770368437534,0.14960745327160183,0.08301550988464494,0.7336499839085753,0.5776287199059654,2.891429507849451,0.9247538249920488,1.12,10.44,20.56,1.23,4.18,1.16,8.73,15.05,1.28,3.69,2324
2324,2023-10-08,Ein Frankfurt,Heidenheim,2,0,H,0,0,0.5992583769926083,0.2217185406299739,0.17902308237741785,0.6528961288328541,0.6218423726213024,2.2041853393938373,1.1579701505608533,1.76,3.89,4.61,1.76,2.08,1.73,4.07,4.63,1.7,2.17,2324
2324,2023-10-20,Dortmund,Werder Bremen,1,0,H,0,0,0.7872850517127645,0.13439678341285674,0.07831816487437873,0.7860868365951811,0.6151919849716859,3.164419684935695,1.008716568097532,1.28,6.53,9.16,1.28,3.71,1.3,6.52,8.74,1.27,3.76,2324
2324,2023-10-21,Union Berlin,Stuttgart,0,3,A,1,0,0.4781002802825875,0.2776717616213644,0.2442279580960482,0.5184463342533647,0.557109756643528,1.6333955630338788,1.1162058876786929,2.57,3.37,2.83,2.01,1.83,2.54,3.54,2.75,1.8,2.04,2324
2324,2023-10-21,Wolfsburg,Leverkusen,1,2,A,1,1,0.36666761773161627,0.2736496003927326,0.35968278187565117,0.5767056375230223,0.6187500917829694,1.507708351261079,1.4918283138514508,4.41,4.09,1.76,1.62,2.35,4.47,4.12,1.75,1.55,2.48,2324
2324,2023-10-21,Mainz,Bayern Munich,1,3,A,1,1,0.16001193050009577,0.20188719803465915,0.6381008714652451,0.7039429244403513,0.6468934815926795,1.193571155956203,2.444620294239225,9.26,6.12,1.3,1.37,3.13,9.77,6.53,1.28,1.29,3.58,2324
2324,2023-10-21,Hoffenheim,Ein Frankfurt,1,3,A,1,1,0.4577409236371185,0.2656573346237898,0.2766017417390917,0.5841083671806582,0.6144735761601302,1.7247003629216033,1.3080595697366446,2.04,3.62,3.65,1.77,2.08,2.12,3.67,3.37,1.69,2.21,2324
2324,2023-10-21,Freiburg,Bochum,2,1,H,1,1,0.62596030212026,0.22805356820138592,0.14598612967835412,0.5789161111912982,0.5427242704504267,2.0797289026407615,0.9297091946840208,1.8,3.84,4.48,1.75,2.09,1.73,3.98,4.69,1.71,2.16,2324
2324,2023-10-21,Darmstadt,RB Leipzig,1,3,A,1,1,0.15060315229087629,0.19293444232865745,0.6564624053804664,0.7225401405345676,0.653480815921917,1.197857084052285,2.5499000022814906,6.27,4.86,1.48,1.54,2.51,6.54,4.92,1.46,1.51,2.54,2324
2324,2023-10-22,FC Koln,M'gladbach,3,1,H,1,1,0.42940510751165095,0.26539594243207537,0.3051989500562736,0.5983117080773969,0.6304355854458515,1.6924838595673422,1.4050949268456785,2.45,3.67,2.78,1.65,2.27,2.38,3.72,2.86,1.59,2.39,2324
2324,2023-10-22,Heidenheim,Augsburg,2,5,A,1,1,0.4714305823483075,0.2611849730563464,0.267384444595346,0.5956144287561121,0.6205306455283804,1.7794978604690346,1.3056598589261748,2.33,3.57,3.04,1.78,2.07,2.4,3.62,2.87,1.71,2.17,2324
2324,2023-10-27,Bochum,Mainz,2,2,D,1,1,0.36086925038413,0.274255481259668,0.364875268356202,0.5675585788087989,0.6110313236419214,1.4749677928171039,1.4840201687973726,2.78,3.56,2.51,1.74,2.13,2.72,3.54,2.56,1.75,2.11,2324
2324,2023-10-28,M'gladbach,Heidenheim,2,1,H,1,1,0.6874252858189197,0.1719218092476664,0.14065290493341406,0.7811225514816832,0.6908665278590763,2.8431218342324094,1.2929430074556367,1.71,4.29,4.5,1.46,2.69,1.8,4.17,4.09,1.48,2.66,2324
2324,2023-10-28,RB Leipzig,FC Koln,6,0,H,1,0,0.6823900874260977,0.2053258265389709,0.11228408603493151,0.5868008834994868,0.5099393124764837,2.226075010460116,0.8188985026603416,1.48,4.73,6.58,1.58,2.41,1.44,4.97,7.1,1.57,2.42,2324
2324,2023-10-28,Stuttgart,Hoffenheim,2,3,A,1,1,0.5125025442448333,0.241382252219223,0.24611520353594377,0.6496297066990042,0.6523022137678817,1.9956962534711775,1.3498207696190412,1.68,4.28,4.71,1.53,2.52,1.86,4.14,3.82,1.49,2.63,2324
2324,2023-10-28,Werder Bremen,Union Berlin,2,0,H,0,0,0.35131418186326374,0.2915437778798287,0.35714204025690766,0.4997838551982115,0.5594770030406453,1.330297377812189,1.3428872428483223,2.86,3.46,2.49,1.82,2.02,2.68,3.54,2.61,1.81,2.03,2324
2324,2023-10-28,Bayern Munich,Darmstadt,8,0,H,1,0,0.933198681583207,0.04650547710781889,0.020295841308974202,0.9249678102209288,0.5924799988418423,4.843195918890427,0.9048548231289475,1.07,14.13,28.23,1.15,5.31,1.07,14.36,28.45,1.17,4.98,2324
2324,2023-10-28,Augsburg,Wolfsburg,3,2,H,1,1,0.322146450693346,0.27944057809203693,0.39841297121461694,0.5425394826517858,0.59034048619841,1.3404935722296325,1.5101906459048635,2.52,3.6,2.73,1.7,2.18,2.87,3.63,2.4,1.71,2.16,2324
2324,2023-10-29,Ein Frankfurt,Dortmund,3,3,D,1,1,0.30726266812331254,0.2577810487685305,0.43495628310815704,0.6222188375356092,0.6473849138818804,1.4549390834010922,1.7552559791484141,3.12,3.62,2.24,1.63,2.28,3.24,3.69,2.17,1.65,2.26,2324
2324,2023-10-29,Leverkusen,Freiburg,2,1,H,1,1,0.5993245589942979,0.23110140295580522,0.1695740380498969,0.6006583819609622,0.576628824294792,2.071104563743657,1.0373442751945778,1.24,6.71,12.06,1.44,2.8,1.29,6.01,10.41,1.48,2.65,2324
2324,2023-11-03,Darmstadt,Bochum,1,2,A,1,1,0.43142789459041186,0.23528932026677493,0.33328278514281323,0.7185855102255211,0.7217812997459464,1.9852849034719409,1.7386089218786382,2.35,3.51,3.02,1.78,2.07,2.38,3.62,2.91,1.67,2.24,2324
2324,2023-11-04,Dortmund,Bayern Munich,0,4,A,1,0,0.3587828689100617,0.22842439859422134,0.4127927324957168,0.7502431364766674,0.747499700892474,1.89159188203599,2.0304298406399655,3.85,4.42,1.81,1.33,3.36,3.81,4.39,1.82,1.34,3.32,2324
2324,2023-11-04,Union Berlin,Ein Frankfurt,0,3,A,1,0,0.4278993920510962,0.2964029946161649,0.2756976133327389,0.463498177037379,0.5237227537797949,1.4254695212601558,1.1031163632745253,2.54,3.21,2.98,2.11,1.76,2.56,3.25,2.92,2.04,1.8,2324
2324,2023-11-04,Mainz,RB Leipzig,2,0,H,0,0,0.22325607312662457,0.25612615698710384,0.5206177698862716,0.5727377408450028,0.5873305560920588,1.1475492858327527,1.8343365020795777,4.62,4.12,1.72,1.65,2.28,5.23,4.44,1.6,1.59,2.38,2324
2324,2023-11-04,Hoffenheim,Leverkusen,2,3,A,1,1,0.3293961345126354,0.25290593699374964,0.4176979284936148,0.6482274731965844,0.6693064752466982,1.5636928213721066,1.7747159871025495,5.44,4.95,1.53,1.35,3.25,4.85,4.82,1.59,1.32,3.35,2324
2324,2023-11-04,Freiburg,M'gladbach,3,3,D,1,1,0.4996170862050069,0.2532252612451894,0.2471576525498038,0.6048370969521688,0.6199989062240745,1.8602777845796712,1.2675879175462428,2.02,3.83,3.53,1.63,2.31,2.1,3.85,3.28,1.59,2.38,2324
2324,2023-11-04,FC Koln,Augsburg,1,1,D,0,1,0.5129508418477502,0.26001904039878676,0.22703011775346316,0.5617557747909874,0.5809722959823653,1.7940580316870411,1.1394848867571434,2.05,3.79,3.44,1.64,2.3,2.35,3.72,2.89,1.63,2.33,2324
2324,2023-11-05,Wolfsburg,Werder Bremen,2,2,D,1,1,0.5826315798321482,0.2369720284865975,0.18039639168125424,0.5941676322429418,0.5794663506696972,2.018335019452696,1.060192931474149,1.71,4.31,4.34,1.45,2.72,1.73,4.3,4.32,1.45,2.72,2324
2324,2023-11-05,Heidenheim,Stuttgart,2,0,H,0,0,0.2943955574210777,0.2432757281553338,0.4623287144235886,0.6731708257835755,0.6824834584780136,1.5288879172125158,1.9390031415057427,5.44,4.28,1.6,1.65,2.24,4.6,4.38,1.68,1.48,2.65,2324
2324,2023-11-10,M'gladbach,Wolfsburg,4,0,H,1,0,0.4401792858844987,0.2553199921638519,0.3045007219516491,0.6338458014533555,0.6559117316149374,1.7942485535081245,1.472475893670952,2.36,3.8,2.81,1.5,2.62,2.38,3.76,2.82,1.53,2.54,2324
2324,2023-11-11,Bochum,FC Koln,1,1,D,0,1,0.3726209112667661,0.28311511458621824,0.3442639741470158,0.5353087855424445,0.5868290257013077,1.4413844125924649,1.3786532394235174,2.59,3.57,2.67,1.69,2.21,2.45,3.62,2.82,1.69,2.2,2324
2324,2023-11-11,Darmstadt,Mainz,0,0,D,0,0,0.28706946584340276,0.23238156610266075,0.48054896805393654,0.7142514445712884,0.7116617178591289,1.60525405668209,2.0929058053175105,3.13,3.48,2.31,1.85,1.99,2.99,3.67,2.31,1.66,2.22,2324
2324,2023-11-11,Stuttgart,Dortmund,2,1,H,1,1,0.3163415305028642,0.24218400733467407,0.44147446216246167,0.6893772575315288,0.6984794341424843,1.6238312053669566,1.9321309201819405,2.44,3.8,2.71,1.49,2.6,2.59,3.79,2.56,1.47,2.7,2324
2324,2023-11-11,Augsburg,Hoffenheim,1,1,D,0,1,0.3781138087879683,0.26060401422371854,0.3612821769883132,0.6255665139603019,0.6548458675721093,1.6329448295309843,1.593400249693448,2.42,3.81,2.75,1.47,2.7,2.6,3.8,2.53,1.47,2.69,2324
2324,2023-11-11,Bayern Munich,Heidenheim,4,2,H,1,1,0.9174181542760427,0.05925013541186898,0.023331710312088326,0.8811392258886526,0.5401647785535302,4.290087166796859,0.7871370997949116,1.11,11.8,20.62,1.18,4.73,1.06,15.98,30.37,1.16,5.07,2324
2324,2023-11-12,Leverkusen,Union Berlin,4,0,H,1,0,0.6046227239973728,0.23828554691261358,0.15709172909001362,0.5567658501673445,0.5357568196911211,1.9801995325229929,0.9316317965272448,1.35,5.34,8.53,1.6,2.36,1.28,6.03,10.54,1.57,2.41,2324
2324,2023-11-12,Werder Bremen,Ein Frankfurt,2,2,D,1,1,0.34824536555764873,0.27894606309412706,0.3728085713482243,0.5518560567724127,0.5994282759121164,1.4178269460618935,1.472763040762842,2.76,3.56,2.5,1.68,2.2,3.0,3.58,2.34,1.72,2.15,2324
2324,2023-11-12,RB Leipzig,Freiburg,3,1,H,1,1,0.6432095523756959,0.2211690614938108,0.1356213861304935,0.5815218927200133,0.5338384800706717,2.1238762564323177,0.8972569053111648,1.46,4.82,6.64,1.54,2.48,1.45,4.88,6.67,1.56,2.45,2324
2324,2023-11-24,FC Koln,Bayern Munich,0,1,A,0,0,0.1404550041700312,0.20026735200639978,0.6592776438235689,0.6847919317073905,0.6173290102417779,1.0889830816506887,2.4417937813564654,10.11,6.76,1.26,1.33,3.32,10.51,6.77,1.26,1.33,3.32,2324
2324,2023-11-25,Werder Bremen,Leverkusen,0,3,A,1,0,0.24619353869355468,0.2529987776161998,0.5008076836902453,0.6220111926949704,0.6348818715806389,1.3021477296316477,1.907053524157937,6.1,5.08,1.47,1.41,2.92,6.24,5.13,1.46,1.38,3.04,2324
2324,2023-11-25,Dortmund,M'gladbach,4,2,H,1,1,0.688543258616938,0.1731627277074766,0.13829401367558553,0.7830910501715189,0.692593051746039,2.857443581985769,1.2930819320903155,1.51,5.13,5.51,1.33,3.35,1.48,5.23,5.77,1.31,3.4,2324
2324,2023-11-25,Freiburg,Darmstadt,1,1,D,0,1,0.7411440353853145,0.16368095996858864,0.09517500464609695,0.7238890459144159,0.5928292659148304,2.7836348786920198,0.9724241712282,1.54,4.46,5.98,1.65,2.29,1.58,4.37,5.6,1.66,2.27,2324
2324,2023-11-25,Union Berlin,Augsburg,1,1,D,0,1,0.5258141761611413,0.273652981206911,0.2005328426319476,0.5040547400416459,0.5297774290170081,1.705297379446041,0.9852440938644437,2.0,3.55,3.85,2.01,1.84,2.01,3.63,3.76,1.93,1.9,2324
2324,2023-11-25,Wolfsburg,RB Leipzig,2,1,H,1,1,0.27915423054318805,0.2798862291194088,0.44095954033740326,0.5434688516286865,0.587016876326132,1.2464584125407216,1.6081858188563114,3.72,3.98,1.93,1.6,2.36,3.77,3.94,1.92,1.6,2.36,2324
2324,2023-11-25,Ein Frankfurt,Stuttgart,1,2,A,1,1,0.4838049811869819,0.26587677247683467,0.25031824633618327,0.5773798614095382,0.6039609729209491,1.7698035349764845,1.2327466417299864,2.84,3.51,2.48,1.83,2.0,2.62,3.67,2.6,1.7,2.19,2324
2324,2023-11-26,Heidenheim,Bochum,0,0,D,0,0,0.49894994746273835,0.2476885407525076,0.25336151178475397,0.6472135320514623,0.6554962395969045,1.963183833073948,1.370110342995442,2.35,3.58,2.97,1.69,2.19,2.22,3.76,3.07,1.63,2.31,2324
2324,2023-11-26,Hoffenheim,Mainz,1,1,D,0,1,0.517661151805971,0.24846788161273842,0.23387096658129036,0.6286637778296714,0.6351771435237752,1.9604981581775176,1.280887460102712,1.87,3.97,3.92,1.54,2.43,1.85,4.04,3.94,1.6,2.39,2324
2324,2023-12-01,Darmstadt,FC Koln,0,1,A,0,0,0.31082755259062556,0.26932740138828687,0.4198450460210874,0.6070433240916846,0.6407625812933463,1.4423147523381104,1.6958604001819004,2.73,3.42,2.62,1.87,1.96,2.68,3.51,2.63,1.79,2.06,2324
2324,2023-12-02,RB Leipzig,Heidenheim,2,1,H,1,1,0.7935991755722533,0.14349523518500024,0.06290558924274636,0.7091097320311427,0.5208971153065588,2.8880539960272507,0.780295586749209,1.22,7.21,12.15,1.35,3.24,1.24,7.01,10.83,1.38,3.04,2324
2324,2023-12-02,Stuttgart,Werder Bremen,2,0,H,0,0,0.590886017896235,0.23256151899055805,0.1765524631132069,0.6334411159666555,0.6106316796981591,2.140563414513355,1.124194348908625,1.33,5.74,8.39,1.39,2.97,1.41,5.18,7.35,1.49,2.62,2324
2324,2023-12-02,Bochum,Wolfsburg,3,1,H,1,1,0.31075326824995464,0.2857212026919096,0.40352552905813577,0.5461073009484027,0.5960497898445027,1.3294406960891303,1.5364688271424705,2.6,3.52,2.68,1.74,2.12,2.66,3.65,2.58,1.66,2.26,2324
2324,2023-12-02,M'gladbach,Hoffenheim,2,1,H,1,1,0.5030424711126116,0.23587313614944494,0.2610843927379435,0.7056307352837794,0.7018714802451897,2.1283277118220845,1.5195211877624597,2.17,4.1,2.98,1.38,3.08,2.25,4.07,2.85,1.36,3.11,2324
2324,2023-12-03,Leverkusen,Dortmund,1,1,D,0,1,0.4907800618035534,0.2374094606506287,0.27181047754581794,0.7067759430183037,0.70562021335329,2.1023022882205824,1.552162177080156,1.63,4.47,4.87,1.43,2.83,1.67,4.5,4.57,1.38,3.07,2324
2324,2023-12-03,Augsburg,Ein Frankfurt,2,1,H,1,1,0.33612272476579286,0.2876570740963513,0.37622020113785565,0.5439604461831264,0.5965959805464127,1.3837556457213953,1.4729838714398131,2.64,3.43,2.71,1.92,1.92,2.68,3.58,2.59,1.78,2.06,2324
2324,2023-12-03,Mainz,Freiburg,0,1,A,0,0,0.41104577654319835,0.28934087129605696,0.29961335216074475,0.5294221038030238,0.5822216389206449,1.5207030643329211,1.2745854264384722,2.26,3.47,3.2,1.9,1.92,2.29,3.53,3.12,1.91,1.92,2324
2324,2023-12-08,Hoffenheim,Bochum,3,1,H,1,1,0.5955900909835317,0.22852714153282389,0.17588276748364465,0.6394700090236006,0.6130360006406739,2.1647658370947047,1.1297759457980505,1.77,4.05,4.25,1.54,2.48,1.72,4.25,4.44,1.48,2.67,2324
2324,2023-12-09,Ein Frankfurt,Bayern Munich,5,1,H,1,1,0.19330372114042466,0.2287119996647524,0.577984279194823,0.6619681628977988,0.6403607170168015,1.2257830684101347,2.1831204457450544,8.64,5.87,1.32,1.45,2.78,8.81,5.82,1.32,1.42,2.85,2324
2324,2023-12-09,Heidenheim,Darmstadt,3,2,H,1,1,0.6091135045906975,0.21861072737323514,0.1722757680360674,0.6712053099233745,0.6337446047624951,2.2815331860339265,1.1759346098544041,1.85,3.81,4.19,1.78,2.06,2.08,3.66,3.48,1.77,2.07,2324
2324,2023-12-09,Union Berlin,M'gladbach,3,1,H,1,1,0.44150301781647006,0.27354601618061597,0.2849509660029139,0.5727396608693063,0.6101377181986929,1.6693205544156897,1.3125698041535823,2.1,3.54,3.55,1.86,1.97,2.15,3.66,3.29,1.74,2.13,2324
2324,2023-12-09,Werder Bremen,Augsburg,2,0,H,0,0,0.46070747197849193,0.2697318380376708,0.2695606899838372,0.5787319775654197,0.6109713315802281,1.7235069267257674,1.2850885511119947,2.25,3.7,3.06,1.62,2.32,2.42,3.71,2.77,1.61,2.35,2324
2324,2023-12-09,Wolfsburg,Freiburg,0,1,A,0,0,0.4574223853905842,0.27889865829081545,0.2636789563186004,0.5416343518189993,0.5823991506273799,1.6402170792381567,1.2066167894465585,2.2,3.55,3.27,1.85,1.99,2.27,3.68,3.03,1.7,2.18,2324
2324,2023-12-09,Dortmund,RB Leipzig,2,3,A,1,1,0.4466598830525669,0.2530367341941179,0.30030338275331514,0.656446239617365,0.6739704367271835,1.8665387906530126,1.5137783521537986,2.65,3.83,2.48,1.44,2.79,2.55,3.89,2.54,1.43,2.81,2324
2324,2023-12-10,FC Koln,Mainz,0,0,D,0,0,0.4334525291991811,0.288876240774081,0.2776712300267381,0.5131580604099685,0.5648358924891719,1.5344824551602847,1.1933078118247882,2.65,3.44,2.67,1.85,1.98,2.39,3.49,2.97,1.89,1.94,2324
2324,2023-12-10,Stuttgart,Leverkusen,1,1,D,0,1,0.3373803658986606,0.2690646868425929,0.3935549472587465,0.6062077594599934,0.6416386454062087,1.5019618310127352,1.6323020953468206,2.89,3.65,2.37,1.62,2.3,2.88,3.78,2.32,1.53,2.49,2324
2324,2023-12-15,M'gladbach,Werder Bremen,2,2,D,1,1,0.5803972749291024,0.22433918814704723,0.19526353692385037,0.6800165295461881,0.654588688786688,2.2378359139712165,1.266878784619657,2.11,3.89,3.22,1.55,2.47,2.0,3.96,3.48,1.52,2.54,2324
2324,2023-12-16,Augsburg,Dortmund,1,1,D,0,1,0.22863342469901893,0.23337928097651628,0.5379872943244648,0.6819634219452477,0.672122585480781,1.3718557190496803,2.1434174542995956,3.16,3.99,2.12,1.47,2.69,3.5,4.2,1.93,1.43,2.82,2324
2324,2023-12-16,Bochum,Union Berlin,3,0,H,1,0,0.3429852291657995,0.30071125433817475,0.35630351649602565,0.4862706265275005,0.5518312259407642,1.2951250327137496,1.323639035528656,2.61,3.39,2.76,2.01,1.83,2.68,3.46,2.64,1.93,1.9,2324
2324,2023-12-16,Darmstadt,Wolfsburg,0,1,A,0,0,0.24028457362413802,0.25265090640110816,0.5070645199747539,0.6207607107311709,0.6322482969262054,1.2845297400824243,1.9186664158954592,3.79,3.72,1.97,1.79,2.06,3.21,3.62,2.21,1.75,2.11,2324
2324,2023-12-16,Mainz,Heidenheim,0,1,A,0,0,0.5635365347120621,0.24222305290277696,0.1942404123851611,0.6124835322666715,0.6049176736400768,2.0246888697243883,1.1390974504345919,1.72,4.07,4.66,1.67,2.24,1.68,4.22,4.77,1.66,2.27,2324
2324,2023-12-16,RB Leipzig,Hoffenheim,3,1,H,1,1,0.6978383841379212,0.18796213233039125,0.11419948353168743,0.6785549438156826,0.5843959090486022,2.5208907070677524,0.9759941930033654,1.34,5.86,8.1,1.34,3.29,1.45,5.21,6.14,1.37,3.1,2324
2324,2023-12-17,Freiburg,FC Koln,2,0,H,0,0,0.5244177378689595,0.275571115512347,0.2000111466186934,0.49924549846133176,0.5264715043917798,1.6933544547806534,0.9776509294780147,1.9,3.68,4.13,1.91,1.92,1.83,3.77,4.36,1.87,1.96,2324
2324,2023-12-17,Leverkusen,Ein Frankfurt,3,0,H,1,0,0.5996621065068136,0.2314544547130535,0.168883438780133,0.6176658944065185,0.5921629743023227,2.1185361602066375,1.069869714317112,1.28,6.14,10.53,1.47,2.73,1.35,5.48,8.06,1.47,2.69,2324
2324,2023-12-17,Bayern Munich,Stuttgart,3,0,H,1,0,0.7733940557975976,0.1439730059552567,0.08263293824714572,0.7687801148239006,0.6098866596450813,3.049027416638162,0.9990536438127225,1.52,5.13,5.41,1.33,3.37,1.46,5.29,6.01,1.35,3.18,2324
2324,2023-12-19,Hoffenheim,Darmstadt,3,3,D,1,1,0.7383278564783962,0.16410651572653567,0.09756562779506825,0.7235969447322329,0.595025131727571,2.7733342256650046,0.9809462623670386,1.49,4.68,6.1,1.56,2.41,1.45,4.97,6.55,1.48,2.65,2324
2324,2023-12-19,Werder Bremen,RB Leipzig,1,1,D,0,1,0.2049135429480023,0.2489971863138365,0.5460892707381614,0.5912795869843717,0.5939008145925155,1.1312536141125786,1.9340580993739322,5.3,4.68,1.56,1.43,2.85,5.06,4.62,1.6,1.45,2.76,2324
2324,2023-12-19,Dortmund,Mainz,1,1,D,0,1,0.7054988950380109,0.1793261806492807,0.11517492431270836,0.7073292752564002,0.60607102318261,2.6290312775929614,1.0287763243711452,1.54,4.74,5.59,1.45,2.77,1.54,4.84,5.46,1.46,2.74,2324
2324,2023-12-20,Stuttgart,Augsburg,3,0,H,1,0,0.6010884350520158,0.23221633875940148,0.1666952261885827,0.6027958102387302,0.5781065577043178,2.082915268227529,1.035456275002764,1.37,5.35,7.88,1.49,2.65,1.37,5.34,7.83,1.48,2.67,2324
2324,2023-12-20,Union Berlin,FC Koln,2,0,H,0,0,0.4881635659688939,0.2894739346878019,0.2223624993433042,0.46396704555755125,0.5094545490683307,1.5494513606243125,0.9809742687042413,1.81,3.78,4.46,1.86,1.97,1.95,3.58,4.02,2.0,1.84,2324
2324,2023-12-20,Ein Frankfurt,M'gladbach,2,1,H,1,1,0.5332070191291872,0.23720966311695135,0.22958331775386137,0.6609260803845146,0.6558771070485583,2.074476527534308,1.3289991207456955,1.73,4.13,4.48,1.61,2.34,1.87,3.97,3.91,1.61,2.34,2324
2324,2023-12-20,Heidenheim,Freiburg,3,2,H,1,1,0.3402056068793578,0.28228128954408765,0.3775131035765543,0.5461210291284505,0.5958646276109951,1.3914163890171194,1.4745515961893954,3.11,3.46,2.32,1.96,1.87,2.85,3.59,2.43,1.74,2.12,2324
2324,2023-12-20,Leverkusen,Bochum,4,0,H,1,0,0.755426128093073,0.16180596707934283,0.0827679048275842,0.6886226513502763,0.5427012707686855,2.7041539855725603,0.8478290466146088,1.21,7.28,12.38,1.41,2.93,1.19,7.95,13.9,1.37,3.11,2324
2324,2023-12-20,Wolfsburg,Bayern Munich,1,2,A,1,1,0.19341585550586243,0.22461085693819025,0.5819732875559475,0.6690845078091178,0.644125274511033,1.236827620088118,2.2093942256066166,6.25,5.05,1.46,1.47,2.68,7.57,5.63,1.36,1.39,3.01,2324
2324,2024-01-12,Bayern Munich,Hoffenheim,3,0,H,1,0,0.836297156693794,0.10741359930606009,0.05628924400014619,0.8284207558451974,0.6089974353063663,3.5484489228947336,0.9711608609749498,1.12,10.29,18.84,1.19,4.71,1.15,9.39,15.67,1.21,4.38,2324
2324,2024-01-13,Augsburg,Leverkusen,0,1,A,0,0,0.21355219025457722,0.2545078367528854,0.5319399729925371,0.5852799741421444,0.594775675475316,1.1471889551016603,1.890868350279244,5.92,4.77,1.5,1.52,2.55,5.67,4.63,1.54,1.54,2.49,2324
2324,2024-01-13,FC Koln,Heidenheim,1,1,D,0,1,0.49129478378903313,0.2658744558697109,0.24283076034125578,0.570125696762069,0.5959139648034258,1.7699584146855383,1.2003584671872987,2.0,3.7,3.66,1.76,2.1,2.08,3.71,3.45,1.73,2.14,2324
2324,2024-01-13,Freiburg,Union Berlin,0,0,D,0,0,0.4871055264510195,0.28735721231606176,0.22553726123291867,0.47920730604202233,0.5229987966268549,1.5777875752684187,1.0128113359490172,2.13,3.38,3.64,2.13,1.74,2.09,3.58,3.52,1.98,1.85,2324
2324,2024-01-13,Mainz,Wolfsburg,1,1,D,0,1,0.4169797576600673,0.2910040900306852,0.2920161523092474,0.5068858170670589,0.5621779195304822,1.4870778381587444,1.2150070847593863,2.03,3.49,3.82,1.98,1.85,2.22,3.49,3.3,1.91,1.92,2324
2324,2024-01-13,RB Leipzig,Ein Frankfurt,0,1,A,0,0,0.642225996536332,0.21973237740246543,0.13804162606120252,0.6044798813695963,0.555538437134993,2.1815337452805514,0.944691482424549,1.41,5.01,7.55,1.55,2.48,1.44,4.98,6.88,1.51,2.59,2324
2324,2024-01-13,Darmstadt,Dortmund,0,3,A,1,0,0.13942188980284578,0.17983542900520832,0.6807426811919459,0.7592678654164517,0.6739265252334853,1.2389219625897456,2.7434410115527625,4.83,4.45,1.63,1.46,2.75,5.44,4.74,1.54,1.45,2.75,2324
2324,2024-01-14,Bochum,Werder Bremen,1,1,D,0,1,0.43355166935783973,0.272604643284917,0.2938436873572432,0.5756621657793712,0.6132928811113293,1.6567733736599515,1.338111094170268,2.14,3.66,3.3,1.67,2.2,2.19,3.72,3.15,1.64,2.28,2324
2324,2024-01-14,M'gladbach,Stuttgart,3,1,H,1,1,0.44143046134723807,0.2519131533689325,0.30665638528382944,0.6592385166686143,0.6764712406110915,1.8599846160945053,1.5347337868457247,3.73,3.91,1.93,1.62,2.34,3.6,4.05,1.93,1.51,2.58,2324
2324,2024-01-20,Heidenheim,Wolfsburg,1,1,D,0,1,0.38179457310193843,0.27587230217318953,0.3423331247248721,0.5773083590031708,0.6200826306269971,1.5460033849827395,1.4562243802512105,2.81,3.42,2.55,1.93,1.9,2.71,3.55,2.56,1.77,2.09,2324
2324,2024-01-20,RB Leipzig,Leverkusen,2,3,A,1,1,0.48746320837401574,0.26645399593655716,0.24608279568942693,0.5716317867925425,0.5983146334747416,1.7652479721555587,1.211732869474649,2.47,3.76,2.68,1.54,2.51,2.44,3.75,2.74,1.6,2.38,2324
2324,2024-01-20,Freiburg,Hoffenheim,3,2,H,1,1,0.5076437135842408,0.25655564045830365,0.23580064595745562,0.59987055207427,0.6150397236908908,1.8711157771551452,1.233672179653061,2.01,3.83,3.49,1.6,2.35,2.05,3.84,3.42,1.64,2.29,2324
2324,2024-01-20,Bochum,Stuttgart,1,0,H,0,0,0.3188546526316046,0.2747682575152601,0.40637708985313525,0.5771155670534704,0.6181119729358053,1.4010119060942596,1.6003551278941075,4.23,3.96,1.8,1.66,2.23,3.65,3.87,1.97,1.67,2.24,2324
2324,2024-01-20,Darmstadt,Ein Frankfurt,2,2,D,1,1,0.20787123774969854,0.24709189676239662,0.5450368654879046,0.6076736345291638,0.6083282080175005,1.1696814383021346,1.971456834602456,3.72,3.51,2.04,2.06,1.78,3.82,3.7,1.96,1.84,2.0,2324
2324,2024-01-20,FC Koln,Dortmund,0,4,A,1,0,0.24557389477896052,0.25255319969457296,0.5018729055264665,0.6227436675197525,0.6351262814934712,1.3016997147624112,1.9110258687360964,3.83,4.1,1.86,1.46,2.72,4.32,4.22,1.75,1.54,2.49,2324
2324,2024-01-21,Bayern Munich,Werder Bremen,0,1,A,0,0,0.8651393365819957,0.09481601850480108,0.0400446449132033,0.8125981028281279,0.5417361803860192,3.5804934125668813,0.8024939667741711,1.09,12.35,24.99,1.2,4.51,1.09,11.9,24.26,1.21,4.34,2324
2324,2024-01-21,M'gladbach,Augsburg,1,2,A,1,1,0.5959813089288849,0.22393868836820452,0.18008000270291055,0.6593963217714808,0.6297930665002385,2.2174269615159625,1.1781367239165232,1.85,3.99,3.96,1.54,2.5,1.92,3.97,3.67,1.54,2.46,2324
2324,2024-01-24,Bayern Munich,Union Berlin,1,0,H,0,0,0.7876377918032612,0.14388367837268978,0.06847852982404908,0.6983293159592633,0.5171115858978694,2.8254260622581504,0.7809622116333251,1.14,9.33,17.73,1.31,3.51,1.16,8.09,17.3,1.4,2.94,2324
2324,2024-01-26,Ein Frankfurt,Mainz,1,0,H,0,0,0.5408376583806056,0.2576663696357183,0.20149597198367591,0.5358599688543251,0.5484630858661561,1.7956750360026987,1.0266938431774908,2.21,3.39,3.4,2.11,1.75,2.14,3.46,3.52,2.04,1.8,2324
2324,2024-01-27,Augsburg,Bayern Munich,2,3,A,1,1,0.12782739639241064,0.18758068068331296,0.6845919229242764,0.687183060441759,0.6018360851261364,1.0367328027418354,2.507203883257823,8.28,6.16,1.32,1.32,3.4,9.05,6.01,1.31,1.39,3.04,2324
2324,2024-01-27,Hoffenheim,Heidenheim,1,1,D,0,1,0.5723693640272525,0.22142259584709623,0.20620804012565133,0.6805709054296594,0.6567775061240674,2.214062478128875,1.2936538295068425,1.72,4.26,4.46,1.47,2.71,1.7,4.28,4.55,1.5,2.55,2324
2324,2024-01-27,Werder Bremen,Freiburg,3,1,H,1,1,0.3833151628716603,0.28304794747930373,0.3336368896490358,0.5226143595887877,0.5751498168458004,1.4379470778447334,1.3289345587404284,2.39,3.47,2.97,1.84,2.0,2.45,3.55,2.83,1.77,2.06,2324
2324,2024-01-27,Wolfsburg,FC Koln,1,1,D,0,1,0.5480310029186624,0.2599426799821841,0.19202631709915366,0.516187642044936,0.5287638919821835,1.7691961135453438,0.9710770025476743,1.72,3.95,4.83,1.84,2.01,1.84,3.79,4.28,1.83,2.02,2324
2324,2024-01-27,Leverkusen,M'gladbach,0,0,D,0,0,0.7022645970019814,0.17496248210145027,0.12277292089656838,0.727365780805755,0.6277155338695082,2.6833172491449373,1.0938582518151283,1.22,7.34,11.42,1.29,3.66,1.28,6.31,9.71,1.38,3.08,2324
2324,2024-01-27,Stuttgart,RB Leipzig,5,2,H,1,1,0.3137473412048877,0.26951431042317,0.4167383483719424,0.570692422125749,0.6092286364157374,1.3695536435526812,1.6032663850883124,2.55,3.71,2.63,1.6,2.37,2.71,3.77,2.45,1.57,2.4,2324
2324,2024-01-28,Union Berlin,Darmstadt,1,0,H,0,0,0.6718379670151656,0.20534153376579176,0.12282049921904258,0.6042066454866072,0.5339693994981526,2.244034898026263,0.8809262631868198,1.71,3.75,5.18,1.99,1.84,1.63,4.01,5.58,1.89,1.93,2324
2324,2024-01-28,Dortmund,Bochum,3,1,H,1,1,0.7845388704096965,0.13772955676770376,0.07773157282259996,0.7599407173287713,0.5883198672843091,3.0429210834622955,0.9443094912098864,1.37,5.62,7.04,1.33,3.33,1.37,5.56,7.43,1.41,2.92,2324
2324,2024-02-02,Heidenheim,Dortmund,0,0,D,0,0,0.23235079965695793,0.22446707460721638,0.5431821257358258,0.6980874533293014,0.6820283942780763,1.4101347551662538,2.1946157944110065,3.31,4.18,1.99,1.4,2.98,3.94,4.32,1.81,1.43,2.85,2324
2324,2024-02-03,Freiburg,Stuttgart,1,3,A,1,1,0.43673498766429353,0.26937697549334816,0.2938880368423583,0.5660679278028654,0.603029780776112,1.6381173733036047,1.3143141007672843,3.21,3.5,2.25,1.9,1.94,3.12,3.71,2.21,1.74,2.13,2324
2324,2024-02-03,Bochum,Augsburg,1,1,D,0,1,0.44140400560595583,0.2738239151420258,0.2847720792520183,0.5448203251086127,0.5855451949412999,1.6053849343568936,1.2550251422922136,2.35,3.52,3.02,1.72,2.16,2.18,3.62,3.25,1.74,2.08,2324
2324,2024-02-03,Mainz,Werder Bremen,0,1,A,0,0,0.4693792771945684,0.27629315292699713,0.2543275698784345,0.517801840759181,0.5577751959550288,1.6107402181387132,1.1361959933386538,2.05,3.5,3.71,2.01,1.83,2.1,3.53,3.53,1.95,1.89,2324
2324,2024-02-03,FC Koln,Ein Frankfurt,2,0,H,0,0,0.3333776607348434,0.2915018069626653,0.3751205323024914,0.4927237999781383,0.5527184003299895,1.277439453403938,1.3672227754591508,2.97,3.28,2.48,2.15,1.72,3.23,3.46,2.26,1.97,1.87,2324
2324,2024-02-03,Bayern Munich,M'gladbach,3,1,H,1,1,0.8198656354796376,0.11467651304783316,0.06545785147252914,0.8194593350906122,0.6187994767031597,3.434692607109415,1.0058064450280624,1.15,9.27,16.63,1.19,4.79,1.15,8.9,16.45,1.24,4.07,2324
2324,2024-02-03,Darmstadt,Leverkusen,0,2,A,0,0,0.11941000245458082,0.1875198726874149,0.6930701248580043,0.670163995471596,0.5795657494742583,0.9738829618697556,2.478113989222482,10.21,5.83,1.29,1.6,2.38,9.56,6.21,1.29,1.44,2.79,2324
2324,2024-02-04,Wolfsburg,Hoffenheim,2,2,D,1,1,0.49885177468817005,0.25059615410168506,0.250552071210145,0.6123420182527541,0.6257848228687691,1.8743723600513074,1.288736521286399,2.13,3.77,3.24,1.57,2.41,2.12,3.8,3.24,1.6,2.36,2324
2324,2024-02-04,RB Leipzig,Union Berlin,2,0,H,0,0,0.6409435840864326,0.22596062354005012,0.13309579237351726,0.5491086946839983,0.5059156471452325,2.0395124489828005,0.8392770742716109,1.35,5.37,8.61,1.56,2.46,1.4,5.0,7.76,1.63,2.3,2324
2324,2024-02-07,Mainz,Union Berlin,1,1,D,0,1,0.4103452364048619,0.3107875848368871,0.2788671787582509,0.41538466709673055,0.48737943037836673,1.3061731525402553,1.0370312224586231,2.07,3.32,3.89,2.26,1.66,2.18,3.31,3.56,2.24,1.67,2324
2324,2024-02-09,Dortmund,Freiburg,3,0,H,1,0,0.6671355744249051,0.19337372679858386,0.13949069877651102,0.6944003488225877,0.6206020278163882,2.4865350539971347,1.0975107402910687,1.46,5.05,6.16,1.43,2.87,1.46,4.95,6.37,1.44,2.82,2324
2324,2024-02-10,Leverkusen,Bayern Munich,3,0,H,1,0,0.36979882324485835,0.25478246738038574,0.375418709374756,0.6457767720439003,0.6695721391326128,1.6563307969518286,1.6697169691453877,2.39,3.54,2.88,1.75,2.1,2.63,3.84,2.48,1.48,2.66,2324
2324,2024-02-10,Werder Bremen,Heidenheim,1,2,A,1,1,0.4968464593225911,0.265169058121225,0.2379844825561841,0.5518211455638619,0.5780250142561936,1.7386521376577875,1.15179032846049,1.84,3.79,4.27,1.79,2.06,1.85,3.81,4.17,1.74,2.13,2324
2324,2024-02-10,Union Berlin,Wolfsburg,1,0,H,0,0,0.42600937778755343,0.2994801278778059,0.2745104943346407,0.45179932969681225,0.5145125712541908,1.4006216488875063,1.0823034932921394,2.34,3.31,3.21,2.14,1.73,2.3,3.37,3.21,2.09,1.77,2324
2324,2024-02-10,M'gladbach,Darmstadt,0,0,D,0,0,0.7425133760938083,0.15945596613561397,0.0980306577705777,0.734997474828266,0.6029461212026469,2.823225312479544,1.0013151144018153,1.66,4.12,5.1,1.76,2.1,1.6,4.32,5.37,1.68,2.23,2324
2324,2024-02-10,Augsburg,RB Leipzig,2,2,D,1,1,0.21986208317028708,0.2530954366706977,0.5270424801590152,0.5803708509212485,0.5912878418052856,1.1509541610496514,1.8649905640604396,4.43,4.33,1.7,1.47,2.7,4.21,4.23,1.76,1.52,2.56,2324
2324,2024-02-10,Ein Frankfurt,Bochum,1,1,D,0,1,0.6187648023521303,0.22848383901378397,0.1527513586340858,0.5821858528290789,0.5496526209360093,2.069804453426693,0.9543091676488811,1.77,3.81,4.58,1.82,2.0,1.76,3.85,4.67,1.86,1.97,2324
2324,2024-02-11,Stuttgart,Mainz,3,1,H,1,1,0.5660695578834813,0.24774811451632875,0.1861823276001899,0.5611505064725929,0.5592164429985722,1.9061140769228964,1.0247906054243296,1.48,4.54,6.85,1.73,2.15,1.44,4.7,7.27,1.71,2.16,2324
2324,2024-02-11,Hoffenheim,FC Koln,1,1,D,0,1,0.5469800706270775,0.24437857549161374,0.20864135388130867,0.6014085765677634,0.6011556900256243,1.9565997193200044,1.1553188335905058,1.74,4.0,4.6,1.63,2.32,1.83,3.96,4.08,1.6,2.36,2324
2324,2024-02-16,FC Koln,Werder Bremen,0,1,A,0,0,0.43094822129472277,0.2902138604910962,0.278837918214181,0.4982478855032599,0.5523172851425077,1.4983630171382594,1.168599585497449,2.44,3.35,3.0,2.03,1.81,2.5,3.4,2.88,1.98,1.86,2324
2324,2024-02-17,Mainz,Augsburg,1,0,H,0,0,0.49024232585412153,0.2778075841413065,0.23195009000457187,0.5122224558133996,0.5487532459221103,1.647086593119992,1.0768595273009607,1.96,3.62,3.87,1.89,1.94,2.02,3.61,3.68,1.95,1.89,2324
2324,2024-02-17,Wolfsburg,Dortmund,1,1,D,0,1,0.30025851428791817,0.25717215675045835,0.44256932896162354,0.6316168053890305,0.6545258124513239,1.4593369598837618,1.796455121005869,3.29,3.83,2.09,1.55,2.47,3.22,3.82,2.13,1.58,2.42,2324
2324,2024-02-17,RB Leipzig,M'gladbach,2,0,H,0,0,0.6845109275514281,0.1874643050767741,0.12802476737179777,0.7034897901787434,0.6177790470069033,2.561622389789279,1.0740108361748995,1.32,5.73,8.56,1.4,2.97,1.38,5.55,7.2,1.38,3.07,2324
2324,2024-02-17,Heidenheim,Leverkusen,1,2,A,1,1,0.22302773145357244,0.2587813151418596,0.5181909534045679,0.5734197506311336,0.5895688349323587,1.1515410317972603,1.8333721261985754,7.61,5.26,1.39,1.55,2.48,8.33,5.58,1.35,1.52,2.56,2324
2324,2024-02-17,Hoffenheim,Union Berlin,0,1,A,0,0,0.46300026149133705,0.2775033952971245,0.25949634321153847,0.5336250631485929,0.5736812193309168,1.6331608290478754,1.1797812385001087,1.92,3.71,3.95,1.79,2.06,2.04,3.7,3.54,1.78,2.08,2324
2324,2024-02-17,Darmstadt,Stuttgart,1,2,A,1,1,0.20367332537354962,0.24365382938625274,0.5526728452401977,0.6092861530562448,0.6061768827968417,1.1581844369998366,1.9905257379676677,6.73,4.84,1.45,1.63,2.31,6.89,4.77,1.45,1.66,2.27,2324
2324,2024-02-18,Freiburg,Ein Frankfurt,3,3,D,1,1,0.42721317567146044,0.28285570315758074,0.28993112117095876,0.5300604131346968,0.5781530586076681,1.5508470232244775,1.2471168518424882,2.48,3.37,2.91,1.98,1.86,2.32,3.4,3.13,2.0,1.83,2324
2324,2024-02-18,Bochum,Bayern Munich,3,2,H,1,1,0.12426677930679153,0.18793358461275414,0.6877996360804542,0.6935643601143926,0.6060206690591701,1.040400555799915,2.5389822265335487,7.17,5.5,1.38,1.42,2.91,8.25,5.75,1.33,1.41,2.92,2324
2324,2024-02-23,Leverkusen,Mainz,2,1,H,1,1,0.7030340360884164,0.19608944406891582,0.10087651984266778,0.5921261867358619,0.4976728872062915,2.288284361948566,0.7809347389140254,1.3,5.78,9.88,1.56,2.43,1.26,6.22,11.85,1.58,2.42,2324
2324,2024-02-24,Werder Bremen,Darmstadt,1,1,D,0,1,0.6497210333225723,0.21517619008512184,0.13510277659230596,0.5992147347436174,0.5452526129317757,2.1815026038454723,0.9202776435345017,1.74,4.0,4.59,1.71,2.16,1.68,4.04,5.03,1.81,2.03,2324
2324,2024-02-24,M'gladbach,Bochum,5,2,H,1,1,0.5849374204608935,0.22644858955560396,0.18861398998350257,0.6450785317934604,0.6217156830800187,2.1496537244653995,1.1729070675050286,2.12,3.7,3.3,1.63,2.28,2.01,3.83,3.52,1.63,2.31,2324
2324,2024-02-24,Stuttgart,FC Koln,1,1,D,0,1,0.6084090997163131,0.2330312531693221,0.158559647114365,0.5745385599091111,0.5489283749956417,2.0286420342009723,0.9612548460055578,1.34,5.45,9.04,1.59,2.39,1.32,5.63,9.5,1.54,2.49,2324
2324,2024-02-24,Union Berlin,Heidenheim,2,2,D,1,1,0.5054577173398116,0.2813025966227528,0.21323968603743532,0.471029885888585,0.5082874520807258,1.5940450116262632,0.9641688544364786,1.87,3.59,4.42,2.04,1.81,2.01,3.52,3.82,2.03,1.81,2324
2324,2024-02-24,Bayern Munich,RB Leipzig,2,1,H,1,1,0.6093617377281311,0.2099057556050607,0.18073250666680815,0.6982518047465013,0.6562103824321543,2.3550583026525604,1.2506513830170685,1.76,4.38,4.08,1.39,3.07,1.69,4.41,4.46,1.42,2.9,2324
2324,2024-02-25,Ein Frankfurt,Wolfsburg,2,2,D,1,1,0.492895123983222,0.26846533774090253,0.23863953827587564,0.5397053942592273,0.5693500702018979,1.7050635221182677,1.1335780188999303,2.44,3.4,2.94,1.95,1.89,2.25,3.47,3.22,1.93,1.89,2324
2324,2024-02-25,Dortmund,Hoffenheim,2,3,A,1,1,0.720331876522986,0.16243822087341714,0.11722990260359684,0.7704304490692558,0.6577637615538752,2.8932720221127273,1.1661866876089144,1.45,5.43,5.94,1.24,4.07,1.51,5.0,5.42,1.32,3.36,2324
2324,2024-02-25,Augsburg,Freiburg,2,1,H,1,1,0.3782798674846356,0.28060918262425627,0.34111094989110835,0.5402522820795972,0.5898366440470568,1.4617322681861937,1.3792277870237506,2.39,3.57,2.9,1.75,2.12,2.28,3.6,3.05,1.77,2.07,2324
2324,2024-03-01,Freiburg,Bayern Munich,2,2,D,1,1,0.2026032450741949,0.22557008487932698,0.571826670046478,0.6709183294686878,0.6495640992179151,1.2668604930039737,2.1890692657989486,6.05,4.82,1.49,1.52,2.55,5.97,4.78,1.5,1.52,2.56,2324
2324,2024-03-02,Mainz,M'gladbach,1,1,D,0,1,0.423488064917555,0.2710415449404399,0.30547039014200533,0.5744455365798858,0.6126054711117178,1.6290657862579199,1.360402088733733,1.92,3.69,4.0,1.87,1.96,1.97,3.76,3.71,1.78,2.07,2324
2324,2024-03-02,Union Berlin,Dortmund,0,2,A,0,0,0.2936570491487515,0.2744453873482524,0.43189756350299613,0.5568537713030591,0.5976933650320423,1.3004185565884425,1.6117819870167682,3.4,3.66,2.11,1.71,2.17,3.44,3.6,2.11,1.74,2.13,2324
2324,2024-03-02,Wolfsburg,Stuttgart,2,3,A,1,1,0.4213428458954509,0.27287300199825304,0.30578415210629606,0.5675326538213258,0.6075525178211685,1.6103505413922887,1.3485238657902385,3.23,3.56,2.21,1.76,2.06,3.26,3.58,2.19,1.73,2.14,2324
2324,2024-03-02,Heidenheim,Ein Frankfurt,1,2,A,1,1,0.38091257801869033,0.27508585390050805,0.3440015680808016,0.5677355276651649,0.611325136539689,1.5216036652228055,1.4381636846548924,2.98,3.4,2.42,1.94,1.89,2.8,3.39,2.56,1.9,1.93,2324
2324,2024-03-02,Bochum,RB Leipzig,1,4,A,1,1,0.20520017034186178,0.24442701604965167,0.5503728136084866,0.6022333690855262,0.6008327513909355,1.1484855883137317,1.967262748613264,4.64,4.44,1.66,1.49,2.66,4.76,4.4,1.65,1.51,2.57,2324
2324,2024-03-02,Darmstadt,Augsburg,0,6,A,1,0,0.3321438082763012,0.28365223779478094,0.38420395392891793,0.5329363832912847,0.5845865166160359,1.3475061658091505,1.4625359787782275,3.43,3.57,2.1,1.76,2.08,2.85,3.44,2.48,1.81,2.04,2324
2324,2024-03-03,FC Koln,Leverkusen,0,2,A,0,0,0.20715344168652539,0.26976671418658815,0.5230798441268866,0.5110614904110636,0.5357218326252803,1.0087096400106978,1.710471431989169,8.57,5.16,1.36,1.61,2.34,8.43,5.02,1.38,1.67,2.22,2324
2324,2024-03-03,Hoffenheim,Werder Bremen,2,1,H,1,1,0.5206695629747233,0.2477166434169686,0.23161379360830794,0.6169906789292039,0.6237485369147155,1.9361705289578814,1.2490017230308557,1.96,4.03,3.54,1.47,2.72,1.95,3.92,3.62,1.56,2.43,2324
2324,2024-03-08,Stuttgart,Union Berlin,2,0,H,0,0,0.5180847021260241,0.27147437733157276,0.21044092054240307,0.5116355980866907,0.5383640938023521,1.7022093953914303,1.0193276777294493,1.5,4.48,6.58,1.77,2.09,1.48,4.53,6.92,1.76,2.1,2324
2324,2024-03-09,Augsburg,Heidenheim,1,0,H,0,0,0.46757314014465023,0.2667602872154899,0.2656665726398598,0.5743087687706557,0.6046646317396391,1.7254977342109576,1.2633633394041226,1.68,4.27,4.72,1.55,2.5,1.89,3.92,3.87,1.67,2.25,2324
2324,2024-03-09,Bayern Munich,Mainz,8,1,H,1,1,0.7913821795390665,0.141803329597224,0.06681449086370944,0.7139803336626074,0.5293098709248701,2.89409026879687,0.8028118244931364,1.23,6.92,11.77,1.38,3.11,1.23,6.88,11.56,1.39,3.01,2324
2324,2024-03-09,M'gladbach,FC Koln,3,3,D,1,1,0.5497615826515538,0.2492556895039657,0.20098272784448037,0.582273834199671,0.584668865186136,1.920576488448443,1.1039224473445453,1.83,3.74,4.34,1.92,1.91,1.85,3.82,4.18,1.74,2.08,2324
2324,2024-03-09,RB Leipzig,Darmstadt,2,0,H,0,0,0.8688794205353072,0.09669530936536036,0.034425270099332425,0.764252504097726,0.46968260888234237,3.361672972349801,0.6556706736518475,1.13,9.48,20.33,1.31,3.51,1.15,8.73,17.28,1.35,3.25,2324
2324,2024-03-09,Werder Bremen,Dortmund,1,2,A,1,1,0.2461497542069208,0.24574780823897682,0.5081024375541023,0.6398116406153774,0.6462501116130076,1.3328604241161552,1.9633615258379655,3.82,4.27,1.83,1.43,2.88,3.77,4.08,1.88,1.46,2.72,2324
2324,2024-03-10,Bochum,Freiburg,1,2,A,1,1,0.35264768295284954,0.2745131980118783,0.3728391190352722,0.5738301018296413,0.6165865446563833,1.4704551338995926,1.5162759249448827,2.49,3.4,2.86,1.98,1.85,2.27,3.61,3.06,1.78,2.06,2324
2324,2024-03-10,Ein Frankfurt,Hoffenheim,3,1,H,1,1,0.5226219740159749,0.243770439216831,0.23360758676719423,0.6366570447837155,0.6393088023187535,1.9884901304071683,1.2920969263441953,2.03,3.77,3.49,1.71,2.18,2.06,3.87,3.35,1.6,2.36,2324
2324,2024-03-10,Leverkusen,Wolfsburg,2,0,H,0,0,0.6616788989093274,0.2124423824720583,0.12587871861861422,0.5985600952432552,0.5366121246553626,2.209419342947693,0.8893405230725072,1.31,5.6,10.23,1.66,2.26,1.32,5.66,8.97,1.55,2.47,2324
2324,2024-03-15,FC Koln,RB Leipzig,1,5,A,1,1,0.21566835890991698,0.2675638071901358,0.5167678338999471,0.5247203223022521,0.5492666788147765,1.0509794373538388,1.724668643128941,6.53,4.77,1.47,1.58,2.41,6.54,4.72,1.48,1.61,2.38,2324
2324,2024-03-16,Hoffenheim,Stuttgart,0,3,A,1,0,0.4039516817962543,0.25155714201252904,0.3444911761912165,0.6582801621055822,0.6781924880121358,1.7663630980320868,1.623400936083888,4.19,4.41,1.73,1.39,3.04,3.75,4.15,1.87,1.44,2.7,2324
2324,2024-03-16,Union Berlin,Werder Bremen,2,1,H,1,1,0.4690738781341375,0.2968551168883436,0.23407100497751882,0.4386104054453838,0.49326709701876564,1.462189826164164,0.9697392714848592,2.09,3.41,3.68,1.99,1.85,2.03,3.56,3.7,1.96,1.88,2324
2324,2024-03-16,Wolfsburg,Augsburg,1,3,A,1,1,0.5217851446390047,0.2620936399060095,0.21612121545498572,0.5451744063183955,0.5643655679691699,1.7778430475226341,1.0840825218370245,2.28,3.58,3.03,1.68,2.2,2.09,3.64,3.44,1.77,2.08,2324
2324,2024-03-16,Heidenheim,M'gladbach,1,1,D,0,1,0.39690320409238944,0.2606207181479266,0.3424760777596838,0.6218685900393228,0.6511144580308053,1.6680660137534016,1.5404437639491648,2.62,3.56,2.63,1.68,2.23,2.45,3.64,2.78,1.67,2.24,2324
2324,2024-03-16,Mainz,Bochum,2,0,H,0,0,0.5120170892129585,0.26408079858598876,0.22390211220105266,0.5454843666108479,0.5680958788036642,1.757932685211142,1.1053167634250127,1.8,3.95,4.2,1.66,2.24,1.78,3.88,4.47,1.8,2.04,2324
2324,2024-03-16,Darmstadt,Bayern Munich,2,5,A,1,1,0.05550334432209891,0.11499917193192256,0.8294974837459785,0.782873617656715,0.5594773254884381,0.8556780681381495,3.293940033273388,16.01,9.35,1.14,1.22,4.16,16.6,9.19,1.14,1.28,3.75,2324
2324,2024-03-17,Freiburg,Leverkusen,2,3,A,1,1,0.2643560222587763,0.2708314583770694,0.46481251936415435,0.5521036516981739,0.5871124364872911,1.219824362657019,1.6718344397012102,6.3,4.53,1.5,1.65,2.28,5.69,4.35,1.56,1.72,2.15,2324
2324,2024-03-17,Dortmund,Ein Frankfurt,3,1,H,1,1,0.6334527756203747,0.20498410618902999,0.16156311819059538,0.6902447752018036,0.6369287337628834,2.3906936791536513,1.1701380295621955,1.67,4.36,4.66,1.42,2.91,1.62,4.43,4.92,1.5,2.58,2324
2324,2024-03-30,Ein Frankfurt,Union Berlin,0,0,D,0,0,0.49009450765787593,0.28581627084109923,0.22408922150102484,0.4695062821793255,0.5127233540498312,1.5616378859593698,0.990567170174213,1.95,3.49,4.11,2.12,1.75,2.04,3.44,3.81,2.11,1.75,2324
2324,2024-03-30,Leverkusen,Hoffenheim,2,1,H,1,1,0.7194390468060816,0.17502926397099097,0.10553168922292733,0.6939139567846521,0.5815461497283811,2.6213036005946857,0.9600750102077913,1.2,7.84,12.62,1.27,3.77,1.22,7.36,11.77,1.31,3.47,2324
2324,2024-03-30,M'gladbach,Freiburg,0,3,A,1,0,0.47674963449772007,0.24922605954287524,0.27402430595940486,0.6418828025915783,0.6554351446588361,1.8961460964142902,1.4103912433880166,2.12,3.66,3.38,1.71,2.17,2.23,3.68,3.11,1.65,2.28,2324
2324,2024-03-30,RB Leipzig,Mainz,0,0,D,0,0,0.7050074917654965,0.19257731941781941,0.10241518881668414,0.6142920036179567,0.5170216738133186,2.352453035740221,0.8199450856746289,1.36,5.52,7.78,1.4,2.96,1.38,5.3,7.65,1.53,2.52,2324
2324,2024-03-30,Werder Bremen,Wolfsburg,0,2,A,0,0,0.40336277237769663,0.287558426882724,0.3090788007395792,0.5114963517388151,0.566073446247379,1.4632974420100042,1.25766536361837,2.67,3.48,2.63,1.83,2.01,2.84,3.56,2.43,1.77,2.08,2324
2324,2024-03-30,Bayern Munich,Dortmund,0,2,A,0,0,0.6349428313611467,0.18683194023861635,0.17822522840023697,0.7852160171390146,0.7227563818699609,2.716992631956374,1.4491437073929136,1.35,6.09,7.04,1.22,4.23,1.4,5.71,6.47,1.24,4.08,2324
2324,2024-03-31,Augsburg,FC Koln,1,1,D,0,1,0.4857706570053236,0.2753885183140755,0.23884082468060094,0.5186399145540954,0.5546910402880801,1.6486220216276937,1.1017804717547075,1.67,4.11,4.92,1.64,2.3,1.79,3.87,4.42,1.78,2.06,2324
2324,2024-03-31,Stuttgart,Heidenheim,3,3,D,1,1,0.6171158750485491,0.22510720405664508,0.1577769208948057,0.607313642559514,0.5728349779760141,2.128246484807116,1.0112180050970738,1.29,6.14,9.48,1.4,3.01,1.27,6.35,10.32,1.41,2.91,2324
2324,2024-03-31,Bochum,Darmstadt,2,2,D,1,1,0.6085626714534971,0.2258556330721424,0.1655816954743607,0.6173215969873711,0.5863112243690569,2.133817402437981,1.0529481539102383,1.48,4.71,6.4,1.52,2.58,1.65,4.18,5.06,1.68,2.22,2324
2324,2024-04-05,Ein Frankfurt,Werder Bremen,1,1,D,0,1,0.5484363174090972,0.2579549949666475,0.1936086876242553,0.5517899110277699,0.560412100830559,1.8524845546066562,1.0378268023562915,1.81,3.86,4.37,1.7,2.19,1.79,3.9,4.44,1.73,2.15,2324
2324,2024-04-06,Dortmund,Stuttgart,0,1,A,0,0,0.6146267523570996,0.20873255915531733,0.17664068848758324,0.7117858400109475,0.6664447575790884,2.41294720320246,1.2707576049109153,1.98,4.13,3.39,1.36,3.19,2.27,3.99,2.85,1.4,2.96,2324
2324,2024-04-06,Mainz,Darmstadt,4,0,H,1,0,0.6419257707689972,0.2241246244142169,0.13394960481678592,0.5813564733075197,0.5350458812610234,2.1239639217528654,0.896425756227983,1.42,4.98,7.2,1.59,2.36,1.42,4.87,7.63,1.7,2.2,2324
2324,2024-04-06,Union Berlin,Leverkusen,0,1,A,0,0,0.23599119015540296,0.29961334972474635,0.4643954601198506,0.44754516850606246,0.5037379184488694,0.9925760855334732,1.4738470405655013,5.39,3.9,1.67,2.0,1.84,6.02,4.28,1.56,1.82,2.02,2324
2324,2024-04-06,Freiburg,RB Leipzig,1,4,A,1,1,0.27649775854360326,0.2703080734627677,0.4531941679936289,0.5774695448483059,0.6112743615730994,1.2992308645875725,1.7037185633362435,5.33,4.54,1.58,1.45,2.78,4.63,4.27,1.69,1.54,2.49,2324
2324,2024-04-06,FC Koln,Bochum,2,1,H,1,1,0.4779839458933459,0.2770981403315223,0.24491791377513197,0.5324198540245393,0.5694854563669629,1.6640354576626384,1.1438360124860205,2.29,3.54,3.11,1.79,2.06,2.3,3.59,3.05,1.8,2.04,2324
2324,2024-04-06,Heidenheim,Bayern Munich,3,2,H,1,1,0.1472225154488595,0.1953021239872914,0.6574753605638491,0.7159927895172135,0.6471878923099228,1.1749753215757688,2.533583495536684,7.14,5.66,1.38,1.36,3.18,7.21,5.88,1.36,1.33,3.36,2324
2324,2024-04-07,Hoffenheim,Augsburg,3,1,H,1,1,0.4974335722959934,0.2528954526743251,0.24967097502968144,0.6250125328810032,0.6382154821744311,1.9065348476015636,1.3171365825317407,2.27,3.95,2.84,1.39,3.0,2.25,3.93,2.91,1.48,2.67,2324
2324,2024-04-07,Wolfsburg,M'gladbach,1,3,A,1,1,0.47460302852442937,0.25894131517987307,0.26645565629569756,0.6140229746542993,0.6352954677585889,1.830322389255453,1.3407412743484621,1.96,3.82,3.67,1.65,2.27,1.9,3.88,3.86,1.65,2.27,2324
2324,2024-04-12,Augsburg,Union Berlin,2,0,H,0,0,0.390249145928924,0.30893699424260346,0.30081385982847264,0.43396686057321293,0.5060966558619171,1.2995974919670767,1.1144879064968691,2.13,3.46,3.5,1.93,1.89,2.13,3.48,3.51,1.94,1.9,2324
2324,2024-04-13,Stuttgart,Ein Frankfurt,3,0,H,1,0,0.5054356021623253,0.2549843886021725,0.23958000923550218,0.5963994628946223,0.611873357028432,1.855141494829057,1.233628577135135,1.46,4.97,6.13,1.43,2.83,1.52,4.65,5.86,1.56,2.43,2324
2324,2024-04-13,M'gladbach,Dortmund,1,2,A,1,1,0.28072869446387405,0.23292443104251295,0.486346874493613,0.7095105048191959,0.7068447768320142,1.5766788538582477,2.093668322487545,3.29,3.74,2.12,1.5,2.6,3.26,4.1,2.03,1.4,2.99,2324
2324,2024-04-13,RB Leipzig,Wolfsburg,3,0,H,1,0,0.6627088714256347,0.20900261079852767,0.1282885177758376,0.6140513039008262,0.5499240295784208,2.2508666517012133,0.9203687555728394,1.26,6.35,10.66,1.39,3.05,1.36,5.47,7.77,1.45,2.74,2324
2324,2024-04-13,Bochum,Heidenheim,1,1,D,0,1,0.38237172887446447,0.27224707597331055,0.345381195152225,0.5789643010759515,0.6197604416754834,1.5469403844069956,1.4626932905871368,2.09,3.66,3.45,1.72,2.15,2.1,3.72,3.38,1.66,2.25,2324
2324,2024-04-13,Bayern Munich,FC Koln,2,0,H,0,0,0.8253051523882848,0.11939714209325182,0.05529770551846346,0.7638127242758067,0.5419622431459229,3.1963657255706,0.817553130381123,1.21,7.5,12.56,1.33,3.35,1.2,7.74,12.41,1.31,3.45,2324
2324,2024-04-13,Mainz,Hoffenheim,4,1,H,1,1,0.4323478960980572,0.26953441797246125,0.2981176859294815,0.577336793494707,0.613545939629946,1.654385965511751,1.347969666791493,1.79,4.05,4.18,1.54,2.49,1.99,3.93,3.52,1.58,2.42,2324
2324,2024-04-14,Darmstadt,Freiburg,0,1,A,0,0,0.20589700530183336,0.24166556953935095,0.5524374251588158,0.6133964830267168,0.6092815140628002,1.1698101777110839,1.9982935884015802,4.49,4.09,1.74,1.65,2.26,3.96,3.92,1.86,1.66,2.26,2324
2324,2024-04-14,Leverkusen,Werder Bremen,5,0,H,1,0,0.717741701054377,0.18804357080811093,0.0942147281375123,0.6104257773737782,0.5019572652038793,2.3736281079661126,0.7805021092865054,1.2,7.18,12.81,1.37,3.07,1.2,7.2,13.63,1.43,2.82,2324
2324,2024-04-19,Ein Frankfurt,Augsburg,3,1,H,1,1,0.5392973661483356,0.2531713585968574,0.20753127525480708,0.568979483537678,0.5774051093220117,1.8665850507685446,1.0986730296296545,1.95,3.9,3.68,1.56,2.46,2.05,3.77,3.48,1.67,2.26,2324
2324,2024-04-20,Union Berlin,Bayern Munich,1,5,A,1,1,0.18710315086838036,0.24405493012451668,0.5688419190071028,0.5781941552018977,0.5725017625473822,1.055005093313401,1.951192275084268,4.75,4.12,1.69,1.72,2.15,4.94,4.51,1.62,1.6,2.38,2324
2324,2024-04-20,FC Koln,Darmstadt,0,2,A,0,0,0.6351099892671666,0.22719998184860898,0.1376900288842246,0.5608660034879441,0.520617967086687,2.055869986510875,0.8738035869927113,1.44,4.82,7.05,1.6,2.37,1.5,4.57,6.35,1.65,2.28,2324
2324,2024-04-20,Heidenheim,RB Leipzig,1,2,A,1,1,0.22113361834341028,0.25148888330494845,0.5273774983516412,0.5896798235004822,0.5989551779719552,1.1708804028711932,1.8871372597714267,6.2,5.09,1.46,1.42,2.9,6.24,5.1,1.46,1.44,2.8,2324
2324,2024-04-20,Hoffenheim,M'gladbach,4,3,H,1,1,0.46029658835604004,0.23715860465421518,0.30254480698974495,0.7018997886764745,0.7053381011592538,2.0096868754110453,1.616728180868881,2.26,3.87,2.92,1.48,2.69,2.12,4.02,3.09,1.44,2.8,2324
2324,2024-04-20,Wolfsburg,Bochum,1,0,H,0,0,0.5729547443410535,0.2439425613522628,0.18310269430668352,0.5732143506575939,0.5663526447226173,1.9487247653654491,1.0352816268397875,1.97,3.59,3.88,1.9,1.93,1.79,3.98,4.32,1.68,2.22,2324
2324,2024-04-21,Freiburg,Mainz,1,1,D,0,1,0.4870894934848871,0.2710589965573394,0.2418515099577735,0.5351889420173958,0.5676233777851712,1.6842876184870272,1.135246539559414,2.91,3.52,2.39,1.82,2.01,2.58,3.56,2.67,1.75,2.11,2324
2324,2024-04-21,Werder Bremen,Stuttgart,2,1,H,1,1,0.3037412265355468,0.2720434197459585,0.42421535371849484,0.5668847817610055,0.6063237115684498,1.3415562589235122,1.6144665855845575,4.49,4.29,1.7,1.54,2.5,4.99,4.54,1.6,1.48,2.67,2324
2324,2024-04-21,Dortmund,Leverkusen,1,1,D,0,1,0.4291453820422366,0.25893783801627385,0.31191677994148925,0.6206829215906394,0.6471266536511333,1.7390444081659484,1.4637729795679668,2.67,3.54,2.59,1.7,2.2,2.55,3.84,2.55,1.48,2.58,2324
2324,2024-04-26,Bochum,Hoffenheim,3,2,H,1,1,0.3635595514254387,0.2576323843965703,0.37880806417799123,0.6369676613656083,0.6632938693835875,1.6230044454645585,1.6591083354072285,2.15,3.94,3.06,1.44,2.82,2.21,3.92,2.99,1.44,2.8,2324
2324,2024-04-27,Augsburg,Werder Bremen,0,3,A,1,0,0.4656193671486544,0.2729877437106429,0.26139288914070286,0.5432910993588908,0.5799982274629506,1.6559223617013452,1.197964871694591,1.7,4.31,4.44,1.45,2.76,1.81,4.09,4.05,1.55,2.45,2324
2324,2024-04-27,Bayern Munich,Ein Frankfurt,2,1,H,1,1,0.7477569738083392,0.15528167750189165,0.09696134868976922,0.7516922915509975,0.615752166480111,2.9008055703553586,1.0310917658105512,1.44,5.19,6.25,1.37,3.11,1.41,5.4,6.67,1.36,3.17,2324
2324,2024-04-27,Freiburg,Wolfsburg,1,2,A,1,1,0.464137536016375,0.27485107716605406,0.26101138681757086,0.5361347918360326,0.5746351847193151,1.6384036757524367,1.1851223769210848,2.29,3.46,3.15,1.99,1.86,2.33,3.56,3.0,1.83,2.02,2324
2324,2024-04-27,RB Leipzig,Dortmund,4,1,H,1,1,0.4958904196617261,0.24570348443089132,0.2584060959073825,0.6447918184662352,0.6531571600189982,1.9465812488782601,1.374522764757054,1.57,4.72,5.07,1.36,3.15,1.68,4.41,4.51,1.4,2.98,2324
2324,2024-04-27,Leverkusen,Stuttgart,2,2,D,1,1,0.613708680441343,0.2244015621694368,0.1618897573892202,0.6165557372685166,0.5828188207446708,2.1435358753687104,1.0395818441704425,1.83,4.01,4.03,1.58,2.42,1.75,4.22,4.27,1.55,2.46,2324
2324,2024-04-28,Mainz,FC Koln,1,1,D,0,1,0.5028196881199783,0.28231100032936757,0.21486931155065409,0.47286897773742953,0.511103248813085,1.5933067501543565,0.9721702196292419,1.57,4.3,5.72,1.69,2.2,1.54,4.34,6.02,1.73,2.13,2324
2324,2024-04-28,M'gladbach,Union Berlin,0,0,D,0,0,0.48094647052035366,0.2719040358725181,0.24714949360712843,0.5374131242053644,0.5712911084060364,1.6762701499482764,1.1526599730689195,2.52,3.4,2.84,1.91,1.92,2.33,3.46,3.07,1.93,1.89,2324
2324,2024-04-28,Darmstadt,Heidenheim,0,1,A,0,0,0.2637053823238765,0.2658399567020363,0.47045466097408706,0.5715736855167065,0.6013530814789041,1.2520872023583007,1.7246353632742029,3.17,3.69,2.18,1.66,2.25,3.33,3.71,2.11,1.67,2.23,2324
2324,2024-05-03,Hoffenheim,RB Leipzig,1,1,D,0,1,0.23032870745299727,0.23254114872659096,0.5371301438204117,0.6751898232702561,0.6659348901287593,1.358729011808129,2.1199672391920554,5.26,5.14,1.52,1.25,3.93,5.4,5.19,1.51,1.26,3.85,2324
2324,2024-05-04,Wolfsburg,Darmstadt,3,0,H,1,0,0.6963900634634321,0.1990937342224391,0.10451620231412866,0.5974499043208071,0.5085070666953004,2.287866780384924,0.8057853039216909,1.3,5.87,9.54,1.45,2.76,1.39,5.15,7.64,1.55,2.46,2324
2324,2024-05-04,Werder Bremen,M'gladbach,2,2,D,1,1,0.412846241887123,0.26251839953333805,0.32463535857953885,0.6152206510984216,0.6453206226873737,1.6914296663337456,1.4853142319258936,2.13,3.74,3.22,1.57,2.41,2.3,3.75,2.91,1.56,2.44,2324
2324,2024-05-04,FC Koln,Freiburg,0,0,D,0,0,0.3531835704534263,0.2936158640091327,0.35320056553744084,0.4985835284579311,0.5594400875580712,1.3341421758015992,1.334178860533425,2.44,3.59,2.81,1.73,2.14,2.36,3.64,2.9,1.75,2.11,2324
2324,2024-05-04,Dortmund,Augsburg,5,1,H,1,1,0.7285957550860617,0.16951691857853335,0.10188732633540495,0.7095391165081453,0.5892952318695975,2.6975662705929535,0.9731265493507222,2.02,4.07,3.29,1.37,3.15,1.85,4.32,3.69,1.32,3.33,2324
2324,2024-05-04,Stuttgart,Bayern Munich,3,1,H,1,1,0.27372214659789235,0.23117288787379994,0.4951049655283076,0.7135249689647493,0.7083306318400503,1.5673903912627463,2.126487553287604,2.56,3.85,2.54,1.44,2.8,2.13,4.04,3.07,1.41,2.9,2324
2324,2024-05-05,Ein Frankfurt,Leverkusen,1,5,A,1,1,0.26851669165416403,0.27488716834970256,0.45659613999613324,0.5444603609684503,0.5833901357280973,1.2186714462162231,1.640202339092235,2.87,3.51,2.4,1.73,2.12,3.16,3.59,2.23,1.71,2.15,2324
2324,2024-05-05,Heidenheim,Mainz,1,1,D,0,1,0.42787635904413723,0.2878391113655102,0.28428452959035266,0.5049303325795255,0.5577250472876338,1.503318670192968,1.1907875376790706,2.92,3.48,2.41,1.78,2.07,2.99,3.58,2.33,1.7,2.19,2324
2324,2024-05-05,Union Berlin,Bochum,3,4,A,1,1,0.5115421649986969,0.2824510700692359,0.20600676493206738,0.46758890984045093,0.5036921893168211,1.6013882940200381,0.9432669899943431,1.99,3.51,3.9,1.91,1.91,1.97,3.47,4.02,2.05,1.78,2324
2324,2024-05-10,Augsburg,Stuttgart,0,1,A,0,0,0.29136190039670473,0.2656487747013222,0.44298932490197307,0.5995820137320953,0.6301337165127193,1.3758824867840425,1.7275664591899411,4.0,4.38,1.77,1.36,3.22,3.88,4.34,1.81,1.36,3.16,2324
2324,2024-05-11,Mainz,Dortmund,3,0,H,1,0,0.2539021363077119,0.25892790016342615,0.4871699635288619,0.60298797687804,0.6232095684291798,1.2866925311254833,1.8325575147086073,1.91,4.08,3.67,1.42,2.81,2.21,3.9,2.98,1.48,2.65,2324
2324,2024-05-11,FC Koln,Union Berlin,3,2,H,1,1,0.36607512730758807,0.32690587307744634,0.3070189996149658,0.38634049891212235,0.47084382831677535,1.1759844211424548,1.0578367272304097,2.59,3.37,2.74,1.91,1.9,2.8,3.38,2.57,1.98,1.82,2324
2324,2024-05-11,Freiburg,Heidenheim,1,1,D,0,1,0.499102839252652,0.26966035780891984,0.2312368029384282,0.5454704563286235,0.5734890206775878,1.7342463081243444,1.1289431222679003,1.76,4.0,4.46,1.66,2.25,1.73,4.06,4.59,1.63,2.31,2324
2324,2024-05-11,M'gladbach,Ein Frankfurt,1,1,D,0,1,0.44089682905350247,0.2566086581438922,0.3024945128026053,0.6386562552452668,0.6606191792092145,1.8099216926733677,1.4805561280217787,2.67,3.7,2.51,1.56,2.45,2.51,3.71,2.66,1.57,2.43,2324
2324,2024-05-11,RB Leipzig,Werder Bremen,1,1,D,0,1,0.720733170586817,0.1835004564618199,0.09576637295136298,0.6432832180084936,0.5310370815878219,2.474719523949904,0.8389097206641865,1.37,5.55,7.14,1.33,3.3,1.29,6.54,8.64,1.29,3.63,2324
2324,2024-05-12,Darmstadt,Hoffenheim,0,6,A,1,0,0.2207927167657353,0.242783205782305,0.5364240774519595,0.6350091776523734,0.6338588190495792,1.2550418658661946,2.0174170043310453,4.91,4.89,1.56,1.3,3.51,4.66,4.62,1.64,1.35,3.2,2324
2324,2024-05-12,Bayern Munich,Wolfsburg,2,0,H,0,0,0.7579020085327968,0.15476462559854692,0.08733336586865631,0.7352636045102596,0.588873677786715,2.8718273956518408,0.9544256175916271,1.48,4.92,5.88,1.46,2.68,1.35,5.89,7.55,1.35,3.22,2324
2324,2024-05-12,Bochum,Leverkusen,0,5,A,1,0,0.15706054686756707,0.22314608988519252,0.6197933632472405,0.6250054204840882,0.5873645501258012,1.0418060989902866,2.1818543026540764,4.41,4.05,1.75,1.56,2.44,4.34,4.32,1.72,1.48,2.66,2324
2324,2024-05-18,Wolfsburg,Mainz,1,3,A,1,1,0.4471216734307459,0.2953872730926552,0.25749105347659884,0.4775074187966448,0.5331172718223782,1.4951540185609073,1.0886926890912338,3.2,3.54,2.24,1.72,2.15,3.23,3.58,2.21,1.75,2.11,2324
2324,2024-05-18,Union Berlin,Freiburg,2,1,H,1,1,0.3917260193803308,0.30708356635065803,0.30119041426901133,0.45574900461055534,0.5253422656530561,1.3442431390953644,1.1540506165018354,1.91,3.75,3.95,1.74,2.13,2.13,3.47,3.51,1.92,1.92,2324
2324,2024-05-18,Leverkusen,Augsburg,2,1,H,1,1,0.7664384637680396,0.1598556310022318,0.07370590522972863,0.6725216145271127,0.5142491794803106,2.6852342909077977,0.779384677349025,1.19,7.88,12.94,1.21,4.28,1.29,6.59,8.71,1.24,4.01,2324
2324,2024-05-18,Heidenheim,FC Koln,4,1,H,1,1,0.4685518394689707,0.28949607407098354,0.2419520864600457,0.4877338455424738,0.5359345621501906,1.557594201219339,1.067029103616129,2.11,3.98,3.16,1.47,2.73,2.35,3.97,2.74,1.51,2.59,2324
2324,2024-05-18,Hoffenheim,Bayern Munich,4,2,H,1,1,0.18954555891054015,0.1956354372508061,0.6148190038386538,0.7771349829616226,0.7247768119799646,1.4713575680355246,2.635624411958881,3.42,4.4,1.91,1.3,3.57,3.0,4.43,2.06,1.23,4.09,2324
2324,2024-05-18,Ein Frankfurt,RB Leipzig,2,2,D,1,1,0.27411847149742585,0.2729996288685862,0.45288189963398806,0.5675374740640493,0.6036818448250187,1.2761603971714421,1.6827361572949595,2.34,3.75,2.87,1.43,2.8,2.76,3.79,2.4,1.47,2.7,2324
2324,2024-05-18,Dortmund,Darmstadt,4,0,H,1,0,0.8953535683047624,0.07749136172575186,0.027155069969485794,0.8210061470633085,0.49214169163284066,3.763754242023132,0.6915082188133151,1.12,10.37,18.36,1.18,4.9,1.16,8.99,14.24,1.21,4.43,2324
2324,2024-05-18,Stuttgart,M'gladbach,4,0,H,1,0,0.5874398244860144,0.2222292775014974,0.19033089801248812,0.6808685129060744,0.6522130130999724,2.2566639473267145,1.2526739900278203,1.22,7.49,11.09,1.21,4.32,1.28,6.63,8.97,1.23,4.19,2324
2324,2024-05-18,Werder Bremen,Bochum,4,1,H,1,1,0.5254410004168291,0.25635234116296346,0.21820665842020742,0.586095538713544,0.5980381745016344,1.879338488910352,1.1624079183879483,2.13,3.84,3.19,1.48,2.68,2.38,3.67,2.86,1.54,2.48,2324
2425,2024-08-23,M'gladbach,Leverkusen,2,3,A,1,1,0.21886119474238444,0.24059764358176672,0.5405411616758489,0.6436579157858076,0.6396750160783878,1.2665501880094183,2.048873532344217,5.09,4.46,1.6,1.45,2.8,5.16,4.53,1.58,1.47,2.68,2425
2425,2024-08-24,RB Leipzig,Bochum,1,0,H,0,0,0.7919220279967818,0.14102550863290222,0.06705246337031587,0.7263627934262459,0.542138644643612,2.9422990593003897,0.8289679918070842,1.22,7.05,11.94,1.33,3.35,1.25,6.58,10.53,1.36,3.14,2425
2425,2024-08-24,Augsburg,Werder Bremen,2,2,D,1,1,0.4166494933683269,0.28301415320837364,0.30033635342329934,0.5407720422010223,0.5889155438912294,1.5510333384515702,1.292134418968463,2.46,3.54,2.82,1.69,2.21,2.28,3.56,3.07,1.72,2.15,2425
2425,2024-08-24,Freiburg,Stuttgart,3,1,H,1,1,0.3438924580001448,0.27797366376691174,0.3781338782329434,0.5696942350223743,0.6145291367605626,1.4454520523185226,1.5229551501290475,3.62,3.81,1.98,1.55,2.43,3.5,3.7,2.06,1.7,2.18,2425
2425,2024-08-24,Hoffenheim,Holstein Kiel,3,2,H,1,1,0.6348836966619218,0.22578000137279766,0.13933630196528057,0.5857139476232655,0.5435652538358183,2.118705898229959,0.9213311589223682,1.62,4.54,4.87,1.45,2.77,1.65,4.33,4.85,1.53,2.49,2425
2425,2024-08-24,Mainz,Union Berlin,1,1,D,0,1,0.4543560280506179,0.303966446589937,0.24167752535944526,0.4369593599290205,0.49768320189785265,1.4349332309521945,0.9906450901301193,2.08,3.34,3.8,2.07,1.79,2.05,3.3,4.01,2.23,1.68,2425
2425,2024-08-24,Dortmund,Ein Frankfurt,2,0,H,0,0,0.6300031054322739,0.21083490320898632,0.1591619913587399,0.6774368474373796,0.628053856615107,2.348517273853194,1.142285371355666,1.76,4.1,4.36,1.49,2.65,1.71,4.31,4.39,1.47,2.68,2425
2425,2024-08-25,Wolfsburg,Bayern Munich,2,3,A,1,1,0.20569379499338256,0.23269084945888568,0.5616153555477318,0.6590588298794672,0.6444967678956341,1.2571095292747037,2.136697833991635,6.36,4.67,1.49,1.46,2.76,6.32,4.93,1.46,1.44,2.76,2425
2425,2024-08-25,St Pauli,Heidenheim,0,2,A,0,0,0.29048674148365383,0.3122196962772399,0.39729356223910633,0.4334124402506296,0.5064358139290585,1.0954170906930512,1.3165416258050762,2.0,3.51,3.8,1.94,1.88,2.12,3.5,3.46,1.85,1.98,2425
2425,2024-08-30,Union Berlin,St Pauli,1,0,H,0,0,0.6211758951251715,0.26522044233971476,0.11360366253511378,0.39872726521833646,0.38262889577402137,1.6798880886581673,0.6004036261211965,1.97,3.43,4.13,2.06,1.79,1.94,3.5,4.15,1.99,1.86,2425
2425,2024-08-31,Leverkusen,RB Leipzig,2,3,A,1,1,0.4968721175731431,0.2643962090320314,0.2387316733948258,0.5736869695152441,0.5972553774902315,1.789955447099136,1.1961433286213514,1.67,4.34,4.66,1.45,2.78,1.8,4.14,4.05,1.48,2.65,2425
2425,2024-08-31,Werder Bremen,Dortmund,0,0,D,0,0,0.2523359080733499,0.2515295468791739,0.496134545047476,0.631962559750981,0.6440930339381498,1.3375002300811636,1.9199889276344464,3.79,3.89,1.91,1.55,2.47,3.94,4.12,1.82,1.44,2.77,2425
2425,2024-08-31,Stuttgart,Mainz,3,3,D,1,1,0.5592626082029796,0.25120056765469706,0.1895368241423234,0.5711361447420922,0.571909335364464,1.9184407600135516,1.0563510869550459,1.66,4.25,4.88,1.58,2.42,1.65,4.24,5.02,1.62,2.32,2425
2425,2024-08-31,Bochum,M'gladbach,0,2,A,0,0,0.3575543396823544,0.25585697522409545,0.38658868509355027,0.6569325504852719,0.6796670603446389,1.656556491183718,1.7262601701272582,2.86,3.75,2.34,1.5,2.62,2.62,3.69,2.56,1.6,2.38,2425
2425,2024-08-31,Ein Frankfurt,Hoffenheim,3,1,H,1,1,0.5010894120729861,0.24453863885794272,0.25437194906907135,0.6595365534854598,0.6647311770674673,1.9986336316380873,1.3976333017401106,1.67,4.4,4.62,1.43,2.89,1.81,4.1,4.01,1.46,2.71,2425
2425,2024-08-31,Holstein Kiel,Wolfsburg,0,2,A,0,0,0.30017934879895514,0.278662255150921,0.42115839605012395,0.5568851725416343,0.600779177486218,1.3200464082663261,1.5922901825579214,2.97,3.64,2.32,1.64,2.28,3.2,3.69,2.18,1.7,2.18,2425
2425,2024-09-01,Heidenheim,Augsburg,4,0,H,1,0,0.5086457753780576,0.2656520752901668,0.2257021493317757,0.5578022017840742,0.5806343993158901,1.7810652759666885,1.1352558167798332,2.42,3.47,2.92,1.77,2.08,2.4,3.49,2.94,1.77,2.09,2425
2425,2024-09-01,Bayern Munich,Freiburg,2,0,H,0,0,0.7521279981788085,0.15445554961731794,0.09341645220387348,0.7559106237176716,0.6163589787850012,2.932731176775831,1.0272206254226819,1.2,7.84,12.66,1.27,3.72,1.21,7.74,11.63,1.24,3.96,2425
2425,2024-09-13,Dortmund,Heidenheim,4,2,H,1,1,0.6489814046226468,0.20771130004554425,0.14330729533180914,0.6659855710875094,0.6068163914940731,2.3629827485910577,1.0669480246284666,1.35,5.56,8.14,1.45,2.81,1.39,5.26,7.6,1.5,2.62,2425
2425,2024-09-14,RB Leipzig,Union Berlin,0,0,D,0,0,0.6621271396588232,0.22410414521908995,0.11376871512208683,0.5422364276412259,0.4851622481862222,2.0766254860293114,0.7727900183957275,1.46,4.77,6.67,1.59,2.4,1.48,4.68,6.68,1.68,2.22,2425
2425,2024-09-14,Holstein Kiel,Bayern Munich,1,6,A,1,1,0.06673187542199077,0.13369589728923467,0.7995722272887748,0.7600825464663673,0.570929678676431,0.8907731995496382,3.0975036943923797,12.51,7.61,1.2,1.28,3.74,11.32,7.34,1.23,1.27,3.81,2425
2425,2024-09-14,Wolfsburg,Ein Frankfurt,1,2,A,1,1,0.4115106035611008,0.2899400746699109,0.2985493217689883,0.5198243846593588,0.5738780391052601,1.5016150911829995,1.2536897804672482,2.75,3.46,2.55,1.83,2.01,2.69,3.53,2.58,1.73,2.09,2425
2425,2024-09-14,M'gladbach,Stuttgart,1,3,A,1,1,0.36450409145311397,0.2535861217130652,0.3819097868338207,0.670449534103473,0.6904014799564456,1.7056204146909584,1.7477973169184342,2.68,3.84,2.44,1.46,2.76,2.81,3.94,2.31,1.44,2.78,2425
2425,2024-09-14,Hoffenheim,Leverkusen,1,4,A,1,1,0.2310323975539576,0.232916090214383,0.5360515122316594,0.687861533389235,0.6777441625559798,1.3920404536368147,2.155557504789308,6.66,5.22,1.42,1.32,3.4,5.78,4.94,1.5,1.31,3.41,2425
2425,2024-09-14,Freiburg,Bochum,2,1,H,1,1,0.5967908656305043,0.2367414932093687,0.166467641160127,0.5968155116850812,0.5758012730336306,2.06161495068765,1.0290827406272487,1.58,4.29,5.58,1.61,2.34,1.71,4.06,4.72,1.66,2.27,2425
2425,2024-09-15,Augsburg,St Pauli,3,1,H,1,1,0.5771301278672571,0.2830709336299283,0.13979893850281455,0.39647246601754416,0.40970371380350656,1.5934039039715917,0.6784091945304204,2.07,3.36,3.81,2.04,1.81,2.09,3.62,3.47,1.76,2.11,2425
2425,2024-09-15,Mainz,Werder Bremen,1,2,A,1,1,0.4753653652499259,0.2816605435109742,0.24297409123909983,0.5197078175587306,0.5604008174323402,1.634549145082267,1.1202740953103536,2.17,3.58,3.31,1.75,2.12,2.04,3.66,3.57,1.75,2.09,2425
2425,2024-09-20,Augsburg,Mainz,2,3,A,1,1,0.37330024397657613,0.289690735975792,0.3370090200476319,0.5342331102316794,0.5890534186121897,1.4478681402037703,1.3676338344145154,2.37,3.51,2.98,1.73,2.13,2.42,3.54,2.9,1.68,2.22,2425
2425,2024-09-21,Ein Frankfurt,M'gladbach,2,0,H,0,0,0.5182437360587215,0.24716848906604164,0.23458777487523674,0.642687245066534,0.6470338704591952,1.9982164255133075,1.3123454203216443,1.76,4.23,4.22,1.42,2.84,1.78,4.13,4.18,1.49,2.6,2425
2425,2024-09-21,Union Berlin,Hoffenheim,2,1,H,1,1,0.429486154692416,0.28246443279368033,0.2880494125139037,0.5478227573320198,0.5935093735508769,1.594983873557199,1.2782715305089103,1.83,3.88,4.17,1.58,2.4,2.03,3.68,3.58,1.74,2.13,2425
2425,2024-09-21,Werder Bremen,Bayern Munich,0,5,A,1,0,0.18152468054563087,0.21922138361153426,0.599253935842835,0.6872770914346333,0.6527899528478806,1.2395376835318355,2.304860148993577,9.06,6.0,1.3,1.34,3.27,7.74,5.57,1.36,1.36,3.11,2425
2425,2024-09-21,Bochum,Holstein Kiel,2,2,D,1,1,0.6626957953784002,0.20379605262958655,0.13350815199201316,0.6660254080672351,0.5981669481023347,2.397593665203497,1.032555232176309,1.83,3.89,4.17,1.48,2.68,1.98,3.73,3.68,1.61,2.36,2425
2425,2024-09-21,Heidenheim,Freiburg,0,3,A,1,0,0.43920015827541536,0.27806193950973407,0.28273790221485046,0.5615211080151387,0.6024872342174361,1.6432013656601632,1.289313638080234,3.23,3.48,2.25,1.78,2.06,2.72,3.46,2.59,1.72,2.15,2425
2425,2024-09-22,Leverkusen,Wolfsburg,4,3,H,1,1,0.6972393236528052,0.1979445987777774,0.10481607756941758,0.6229486637416337,0.5321584426388457,2.3622592162366987,0.85151126012826,1.27,6.27,10.09,1.39,3.02,1.3,5.83,9.28,1.46,2.69,2425
2425,2024-09-22,Stuttgart,Dortmund,5,1,H,1,1,0.3867394445877015,0.2549247632585355,0.35833579215376304,0.6688012321102034,0.6895433763823371,1.7567255941929818,1.6879709451864693,2.3,3.77,2.92,1.44,2.8,2.31,3.82,2.86,1.43,2.79,2425
2425,2024-09-22,St Pauli,RB Leipzig,0,0,D,0,0,0.07418915164727376,0.19913832980875618,0.7266725185439701,0.5257298483929788,0.4115579062291586,0.5964702529334509,2.1834186760018337,5.12,4.1,1.65,1.65,2.26,5.11,4.15,1.64,1.66,2.23,2425
2425,2024-09-27,Dortmund,Bochum,4,2,H,1,1,0.7788073823769922,0.1441227707329129,0.07706984689009494,0.7553020983793003,0.5891644665175642,3.0130534414706305,0.9429321839367952,1.2,7.53,12.5,1.27,3.84,1.24,6.99,10.74,1.29,3.57,2425
2425,2024-09-28,RB Leipzig,Augsburg,4,0,H,1,0,0.7256346084239537,0.1812399534150189,0.0931254381610275,0.6553588120188947,0.5384119409624846,2.524885806245247,0.8499557299186588,1.5,4.77,5.92,1.48,2.69,1.42,5.22,6.88,1.43,2.8,2425
2425,2024-09-28,Bayern Munich,Leverkusen,1,1,D,0,1,0.5305064373431372,0.22806094476751906,0.24143261788934375,0.7174018811645134,0.7038516483746444,2.2273373048234175,1.4895177642231796,1.64,4.49,4.75,1.33,3.3,1.73,4.41,4.22,1.31,3.42,2425
2425,2024-09-28,Wolfsburg,Stuttgart,2,2,D,1,1,0.3301120720552858,0.2763320972749157,0.39355583066979827,0.582884093007622,0.6246984171092281,1.4411435516414124,1.5860947105396135,3.48,3.76,2.04,1.61,2.35,3.22,3.89,2.1,1.5,2.58,2425
2425,2024-09-28,Freiburg,St Pauli,0,3,A,1,0,0.6453607959608176,0.2537727825618872,0.10086642147729519,0.4149354133932732,0.379950182561647,1.761976928107528,0.5795286973342629,1.57,4.18,5.77,1.71,2.17,1.63,4.08,5.44,1.82,2.03,2425
2425,2024-09-28,M'gladbach,Union Berlin,1,0,H,0,0,0.4458890376851195,0.28757627468569946,0.2665346876291809,0.5181129132519446,0.5668759918435712,1.5714742017800185,1.176747606636267,2.19,3.44,3.37,1.8,2.05,2.12,3.54,3.47,1.8,2.05,2425
2425,2024-09-28,Mainz,Heidenheim,0,2,A,0,0,0.4570375978969217,0.2765177372474869,0.26644466485559126,0.5578881134621081,0.5959421023679058,1.673889547088568,1.2428024684091827,1.85,3.67,4.35,1.81,2.04,1.85,3.8,4.2,1.74,2.13,2425
2425,2024-09-29,Holstein Kiel,Ein Frankfurt,2,4,A,1,1,0.17647606892692838,0.22644832452915317,0.5970756065439182,0.6532698723672028,0.6244766949620487,1.1582946244338286,2.2057696003636686,3.66,3.86,1.96,1.57,2.43,4.41,4.24,1.72,1.5,2.57,2425
2425,2024-09-29,Hoffenheim,Werder Bremen,3,4,A,1,1,0.4965589370623045,0.2495647749814975,0.25387628795619804,0.6484732644996939,0.6578388861151909,1.9630229274471032,1.3766354368216256,2.28,3.73,2.95,1.5,2.6,2.36,3.8,2.8,1.45,2.74,2425
2425,2024-10-04,Augsburg,M'gladbach,2,1,H,1,1,0.3846671103972003,0.263121109676616,0.35221177992618374,0.633554878884357,0.6629114835710027,1.6709859695227318,1.5943072724324734,2.41,3.7,2.8,1.55,2.47,2.43,3.75,2.75,1.5,2.59,2425
2425,2024-10-05,St Pauli,Mainz,0,3,A,1,0,0.32314820270150485,0.33657930449630014,0.34027249280219485,0.365822453682974,0.45637695643092113,1.061792642508289,1.0955324818982153,2.18,3.42,3.44,1.88,1.94,2.44,3.42,2.93,1.87,1.97,2425
2425,2024-10-05,Bochum,Wolfsburg,1,3,A,1,1,0.313756879267012,0.2802643277556341,0.4059787929773539,0.5612536699942378,0.6067266545055398,1.3617350797221723,1.5696116732958232,3.04,3.69,2.23,1.61,2.33,3.03,3.75,2.24,1.61,2.35,2425
2425,2024-10-05,Leverkusen,Holstein Kiel,2,2,D,1,1,0.9251856805715502,0.0552974526592916,0.019516866769158328,0.8825680088338816,0.51973433622621,4.354722174439417,0.7410807775320063,1.09,12.08,26.95,1.19,4.65,1.09,12.54,25.37,1.21,4.32,2425
2425,2024-10-05,Union Berlin,Dortmund,2,1,H,1,1,0.26155474344624263,0.2830039406852936,0.45544131586846376,0.5283733160240701,0.5725823803148494,1.180394551367744,1.6105036505203607,3.71,3.57,2.02,1.78,2.08,3.37,3.53,2.16,1.77,2.07,2425
2425,2024-10-05,Werder Bremen,Freiburg,0,1,A,0,0,0.39615983176971775,0.2850230933712025,0.3188170748590798,0.5447654453601924,0.5950684057912115,1.5162634452609527,1.3439116135314126,2.69,3.5,2.59,1.72,2.16,2.61,3.63,2.61,1.67,2.24,2425
2425,2024-10-06,Heidenheim,RB Leipzig,0,1,A,0,0,0.24977958587480742,0.27223928696968275,0.4779811271555098,0.5594818708691377,0.5917605358189024,1.202618924236792,1.72100577395426,4.78,4.05,1.7,1.62,2.33,4.64,4.23,1.69,1.57,2.42,2425
2425,2024-10-06,Ein Frankfurt,Bayern Munich,3,3,D,1,1,0.2264141065721172,0.2339503306580349,0.5396355627698477,0.6806353972560121,0.6707176384985285,1.363582907102058,2.1444743095771024,5.61,4.71,1.53,1.39,3.05,5.51,4.85,1.52,1.35,3.13,2425
2425,2024-10-06,Stuttgart,Hoffenheim,1,1,D,0,1,0.6371919331321457,0.1952261814580258,0.16758188540982838,0.7528044231367871,0.6924534595678695,2.606161701444284,1.3328692210508426,1.33,6.05,7.9,1.27,3.83,1.31,6.32,8.07,1.23,4.05,2425
2425,2024-10-18,Dortmund,St Pauli,2,1,H,1,1,0.7543722763675058,0.1730035703609019,0.07262415327159201,0.610466972133406,0.4648108505962009,2.468617257005397,0.685736637809041,1.3,5.76,10.31,1.52,2.56,1.31,5.72,9.79,1.49,2.61,2425
2425,2024-10-19,Bayern Munich,Stuttgart,4,0,H,1,0,0.6649016863490432,0.18457153762673836,0.1505267760242185,0.7601859496991575,0.6842199295548534,2.704030469631953,1.2845260783581394,1.29,6.15,9.04,1.26,3.86,1.35,5.77,7.7,1.31,3.42,2425
2425,2024-10-19,M'gladbach,Heidenheim,3,2,H,1,1,0.4377610211612006,0.26378227792787884,0.2984567009109207,0.610036972449663,0.6391009810979994,1.7386879044454846,1.4135444908275157,1.92,3.74,3.92,1.61,2.35,1.85,3.8,4.21,1.64,2.29,2425
2425,2024-10-19,Mainz,RB Leipzig,0,2,A,0,0,0.24013874198335064,0.27525090084538534,0.4846103571712639,0.5329105787518702,0.567758194463629,1.1317426137096043,1.6781929760100043,3.97,3.9,1.88,1.57,2.45,4.04,3.83,1.88,1.66,2.26,2425
2425,2024-10-19,Hoffenheim,Bochum,3,1,H,1,1,0.6095036539742132,0.20774993609074485,0.182746409935042,0.7218825928019029,0.6776425568842502,2.4312232213951104,1.3125237391985194,1.52,4.91,5.41,1.32,3.37,1.7,4.44,4.38,1.4,2.96,2425
2425,2024-10-19,Freiburg,Augsburg,3,1,H,1,1,0.5391593257651291,0.25528334724636803,0.2055573269885026,0.5729266656890216,0.5817269392277494,1.8785762697587387,1.1041495756030508,1.66,4.02,5.2,1.65,2.23,1.74,3.91,4.75,1.7,2.18,2425
2425,2024-10-19,Leverkusen,Ein Frankfurt,2,1,H,1,1,0.6369235515493881,0.21505007700698608,0.14802637144362585,0.6402248240427337,0.5908010430777183,2.2616544954050792,1.036655190563624,1.48,4.81,6.23,1.42,2.87,1.45,5.04,6.32,1.38,3.06,2425
2425,2024-10-20,Holstein Kiel,Union Berlin,0,2,A,0,0,0.2820320262583368,0.2761853769060792,0.44178259683558396,0.5560077492146879,0.5964434539557665,1.2742274055992102,1.634305029307951,3.71,3.47,2.05,1.83,2.0,3.44,3.42,2.16,1.96,1.87,2425
2425,2024-10-20,Wolfsburg,Werder Bremen,2,4,A,1,1,0.4822393370855479,0.2727342779559518,0.24502638495850038,0.5457892637099915,0.5788444425589343,1.6994847245131006,1.1650667284819605,2.01,3.74,3.59,1.59,2.39,2.07,3.66,3.44,1.7,2.18,2425
2425,2024-10-25,Mainz,M'gladbach,1,1,D,0,1,0.4508766940369554,0.2635626652888789,0.28556064067416576,0.6040107681254908,0.6320919152700013,1.7544667499570927,1.3695428736232267,2.26,3.74,2.98,1.57,2.43,2.35,3.76,2.86,1.56,2.43,2425
2425,2024-10-26,Werder Bremen,Leverkusen,2,2,D,1,1,0.2054100284178793,0.24502315402266525,0.5495668175594555,0.6096403474245681,0.6079608549797902,1.16500166479746,1.9853738916932142,6.31,5.13,1.45,1.41,2.97,5.64,4.9,1.51,1.4,2.92,2425
2425,2024-10-26,Stuttgart,Holstein Kiel,2,1,H,1,1,0.8063738343905749,0.12550572809746172,0.06812043751196352,0.7940705711636757,0.603126822005509,3.2657929139177426,0.9679942616937328,1.21,7.47,11.93,1.28,3.7,1.23,7.14,10.95,1.3,3.48,2425
2425,2024-10-26,St Pauli,Wolfsburg,0,0,D,0,0,0.2657302333494592,0.3151647872661129,0.41910497938442776,0.4104326989451614,0.4833960093469147,1.0055927836977165,1.3188512759122553,2.54,3.42,2.8,1.88,1.96,2.61,3.46,2.68,1.83,2.01,2425
2425,2024-10-26,Augsburg,Dortmund,2,1,H,1,1,0.22131510023505774,0.2309967213041786,0.5476881784607637,0.678945002393522,0.6659703938602238,1.3423274146957407,2.1565783706283623,4.05,4.08,1.82,1.48,2.69,3.73,3.96,1.91,1.52,2.55,2425
2425,2024-10-26,RB Leipzig,Freiburg,3,1,H,1,1,0.629705340437898,0.23011135600712815,0.14018330355497383,0.5678060771295789,0.5308002561548034,2.063358568514033,0.8967387062077684,1.8,3.94,4.19,1.65,2.25,1.73,4.12,4.52,1.67,2.24,2425
2425,2024-10-27,Bochum,Bayern Munich,0,5,A,1,0,0.0916076380573331,0.14693354913720952,0.7614588128054574,0.7787785536018059,0.6326031980394607,1.06687937373755,3.052363272064216,15.78,9.43,1.15,1.2,4.49,14.44,9.35,1.15,1.23,4.08,2425
2425,2024-10-27,Union Berlin,Ein Frankfurt,1,1,D,0,1,0.3592019237269119,0.3113126092137478,0.32948546705934023,0.44101289652573344,0.5154740465149814,1.2514505610504492,1.1897317600963666,2.49,3.27,2.98,1.93,1.88,2.58,3.37,2.76,1.9,1.9,2425
2425,2024-10-27,Heidenheim,Hoffenheim,0,0,D,0,0,0.4685377298741523,0.24540015510021332,0.28606211502563444,0.6730135138782005,0.6824469303029165,1.9565595825578115,1.51049347877587,2.7,3.47,2.61,1.66,2.26,2.29,3.65,2.98,1.53,2.52,2425
2425,2024-11-01,Leverkusen,Stuttgart,0,0,D,0,0,0.5881603083707329,0.2285417530061461,0.18329793862312121,0.6586201473318102,0.6335257022545582,2.200257561444819,1.191290566095101,1.6,4.59,4.95,1.38,3.06,1.56,4.8,5.16,1.36,3.15,2425
2425,2024-11-02,Wolfsburg,Augsburg,1,1,D,0,1,0.5127404768824567,0.26363693051002324,0.22362259260752002,0.5765085112734369,0.5955698986078313,1.8337045334288349,1.1649575582857508,2.08,3.59,3.52,1.76,2.1,2.01,3.83,3.53,1.64,2.31,2425
2425,2024-11-02,Dortmund,RB Leipzig,2,1,H,1,1,0.38167458927966613,0.2666239635000934,0.35170144722024044,0.6267390846838224,0.6587583862042893,1.651255174999609,1.5807706954674083,2.18,3.82,3.1,1.46,2.77,2.25,3.77,3.03,1.47,2.68,2425
2425,2024-11-02,Holstein Kiel,Heidenheim,1,0,H,0,0,0.2586136772929317,0.2580755272490421,0.48331079545802624,0.6244126926863817,0.6425460780766298,1.3438540940129964,1.8769177717602774,2.49,3.44,2.85,1.88,1.95,2.79,3.49,2.51,1.76,2.11,2425
2425,2024-11-02,Ein Frankfurt,Bochum,7,2,H,1,1,0.6602442396927972,0.20651801200166886,0.13323774830553406,0.658456200945552,0.5929763080653565,2.3709625698135275,1.0197718875962973,1.45,5.06,6.33,1.4,2.99,1.33,5.88,8.06,1.38,3.05,2425
2425,2024-11-02,Hoffenheim,St Pauli,0,2,A,0,0,0.5794239160095941,0.2625769003166829,0.15799918367372315,0.49998617285242497,0.5016819966449128,1.8095084386322142,0.864502462402321,1.91,3.79,3.91,1.67,2.25,1.88,3.91,3.9,1.62,2.34,2425
2425,2024-11-02,Bayern Munich,Union Berlin,3,0,H,1,0,0.7448085027334113,0.17410920402922386,0.08108229323736481,0.6503722523412563,0.5148111252985946,2.561321314760348,0.7880839083838725,1.15,8.62,17.76,1.37,3.13,1.17,7.97,15.38,1.42,2.84,2425
2425,2024-11-03,Freiburg,Mainz,0,0,D,0,0,0.4593848869803189,0.28579112495846654,0.25482398806121465,0.5218518052948005,0.5671675572822976,1.6079628886399064,1.1557520092568128,1.79,3.75,4.62,1.8,2.04,1.7,3.95,4.84,1.72,2.14,2425
2425,2024-11-03,M'gladbach,Werder Bremen,4,1,H,1,1,0.46647907860784876,0.2577025603530221,0.27581836103912927,0.6362495699825533,0.6556646628217562,1.866596029336039,1.4119723035258154,2.26,3.74,3.02,1.51,2.6,2.1,3.87,3.18,1.48,2.65,2425
2425,2024-11-08,Union Berlin,Freiburg,0,0,D,0,0,0.3804757479633476,0.32541980513150975,0.29410444690514254,0.40899560771584553,0.49091928628856557,1.2473522510651986,1.0716566084782584,2.42,3.2,3.15,2.33,1.62,2.52,3.18,3.04,2.41,1.59,2425
2425,2024-11-09,RB Leipzig,M'gladbach,0,0,D,0,0,0.6788961282958059,0.1978213339420708,0.12328253776212314,0.674423883490871,0.594970641431675,2.4639359895291655,1.010729732700479,1.63,4.36,4.87,1.43,2.83,1.59,4.59,5.08,1.41,2.92,2425
2425,2024-11-09,St Pauli,Bayern Munich,0,1,A,0,0,0.10935811448091487,0.22382317750225625,0.6668187080168289,0.5457321551515233,0.4850316242958161,0.7660858939877726,2.0982428086366554,14.67,7.32,1.2,1.45,2.79,11.42,6.92,1.23,1.38,3.03,2425
2425,2024-11-09,Werder Bremen,Holstein Kiel,2,1,H,1,1,0.6094404394489974,0.22469897655810686,0.16586058399289577,0.6519678203413081,0.6175275699746415,2.233215575272183,1.1242103661874268,1.62,4.31,5.19,1.55,2.48,1.64,4.3,4.93,1.52,2.55,2425
2425,2024-11-09,Bochum,Leverkusen,1,1,D,0,1,0.12067686068949295,0.19127720525160508,0.688045934058902,0.6933703987443822,0.6062280034137323,1.0339490224780594,2.5443508293543706,10.39,6.57,1.26,1.35,3.24,10.15,6.68,1.26,1.29,3.54,2425
2425,2024-11-09,Mainz,Dortmund,3,1,H,1,1,0.28174896007210004,0.26709679055357727,0.45115424937432247,0.6091046931974526,0.6380547075996655,1.3759661634756326,1.7718817241266644,3.83,3.72,1.96,1.56,2.44,3.46,3.74,2.06,1.59,2.4,2425
2425,2024-11-10,Augsburg,Hoffenheim,0,0,D,0,0,0.40268110347463437,0.25845196348860305,0.3388669330367625,0.6598846554159452,0.6829387485652733,1.775839592221083,1.6222216915285566,2.11,3.48,3.53,1.84,2.01,2.1,3.79,3.25,1.55,2.45,2425
2425,2024-11-10,Stuttgart,Ein Frankfurt,2,3,A,1,1,0.5002360888866119,0.2539645421318103,0.24579936898157773,0.6343199362993528,0.6462958226768128,1.9393239884965465,1.3297371614952784,1.78,3.91,4.38,1.6,2.34,1.91,4.04,3.65,1.45,2.72,2425
2425,2024-11-10,Heidenheim,Wolfsburg,1,3,A,1,1,0.4159248811746929,0.2932462909970134,0.2908288278282939,0.5183612805704095,0.5735906024161164,1.5118488628062965,1.2373995924731331,2.91,3.25,2.55,1.98,1.86,2.83,3.33,2.54,1.92,1.91,2425
2425,2024-11-22,Bayern Munich,Augsburg,3,0,H,1,0,0.8389866912790496,0.11274788685482486,0.04826542186612551,0.7926826280941224,0.5569246118298283,3.3830651009333326,0.8403810967332381,1.12,10.36,19.07,1.27,3.79,1.12,10.21,19.53,1.28,3.67,2425
2425,2024-11-23,Wolfsburg,Union Berlin,1,0,H,0,0,0.42793263727438846,0.3201221284689344,0.25194523425667703,0.4247237454285015,0.4976539849827302,1.371136028652823,1.007592104056109,2.15,3.31,3.62,2.14,1.73,2.32,3.3,3.24,2.15,1.72,2425
2425,2024-11-23,Ein Frankfurt,Werder Bremen,1,0,H,0,0,0.5568751835840395,0.2447085902969774,0.1984162261189831,0.6364822271148144,0.629684667003098,2.076047276194335,1.203682788569099,1.77,4.08,4.29,1.5,2.62,1.71,4.25,4.46,1.5,2.59,2425
2425,2024-11-23,Stuttgart,Bochum,2,0,H,0,0,0.7246564592349214,0.1744151709120135,0.10092836985306497,0.7224542117447249,0.6061435907585772,2.7394324507617114,1.0079106226035692,1.31,5.98,8.57,1.36,3.16,1.31,6.11,8.33,1.34,3.27,2425
2425,2024-11-23,Leverkusen,Heidenheim,5,2,H,1,1,0.6998605146007024,0.1977475151440285,0.1023919702552692,0.6391146629137661,0.5456521811489685,2.418390031438876,0.8744385808018703,1.21,6.93,13.24,1.44,2.82,1.19,7.63,13.79,1.41,2.92,2425
2425,2024-11-23,Hoffenheim,RB Leipzig,4,3,H,1,1,0.22491580429411562,0.25363315608300124,0.5214510396228832,0.6318353399457577,0.6389924578525565,1.272016155963902,1.9848535857773877,3.27,3.65,2.15,1.56,2.46,3.39,3.66,2.1,1.55,2.45,2425
2425,2024-11-23,Dortmund,Freiburg,4,0,H,1,0,0.5911162011192588,0.23246021734686845,0.17642358153387286,0.6524421142426795,0.627909799598676,2.1953910115489697,1.1644467996377108,1.82,3.78,4.34,1.72,2.15,1.68,4.2,4.73,1.59,2.4,2425
2425,2024-11-24,Holstein Kiel,Mainz,0,3,A,1,0,0.26436950600017717,0.2815162770339122,0.45411421696591064,0.5626707164707979,0.6027561162107269,1.2535141853808527,1.6840250936513714,3.21,3.36,2.3,1.82,2.02,3.07,3.49,2.3,1.78,2.06,2425
2425,2024-11-24,M'gladbach,St Pauli,2,0,H,0,0,0.5167855099832896,0.3051019498710903,0.17811254014562,0.409726622953129,0.45489374387610504,1.512849804977066,0.8089243305655858,1.9,3.71,4.07,1.75,2.12,1.81,3.77,4.34,1.79,2.05,2425
2425,2024-11-29,St Pauli,Holstein Kiel,3,1,H,1,1,0.45422555190630176,0.33161610530653657,0.2141583427871618,0.35759742890959656,0.43182791475117316,1.3010135975261599,0.82577689245569,1.69,3.73,5.32,1.96,1.86,1.71,3.79,5.11,1.92,1.91,2425
2425,2024-11-30,RB Leipzig,Wolfsburg,1,5,A,1,1,0.6367759012688949,0.22858343970700715,0.13464065902409778,0.5910552827239672,0.5480413500531356,2.142040604953463,0.9222651800897628,1.74,3.93,4.64,1.63,2.3,1.69,4.12,4.75,1.61,2.35,2425
2425,2024-11-30,Freiburg,M'gladbach,3,1,H,1,1,0.45132057725896224,0.27202340169721667,0.27665602104382114,0.595612884319707,0.6282794420964561,1.744908420966119,1.3402413995006515,2.02,3.71,3.59,1.66,2.25,2.0,3.75,3.59,1.68,2.23,2425
2425,2024-11-30,Augsburg,Bochum,1,0,H,0,0,0.5285688179100463,0.2561403536002206,0.21529082848973322,0.6067922203545163,0.615608548106213,1.9394863539963578,1.1975206721135025,1.78,3.81,4.51,1.8,2.04,1.73,3.96,4.69,1.72,2.15,2425
2425,2024-11-30,Union Berlin,Leverkusen,1,2,A,1,1,0.21100002491037112,0.2973057316605566,0.4916942434290722,0.4606559740199717,0.5083027554962927,0.9587427709508254,1.5587119254169042,4.63,3.49,1.85,2.13,1.73,4.65,3.83,1.76,1.86,1.98,2425
2425,2024-11-30,Dortmund,Bayern Munich,1,1,D,0,1,0.3055325792960659,0.2337214393397104,0.4607459813642236,0.7452783797052309,0.7423122507531772,1.745197183922034,2.1444875536994434,4.51,4.07,1.73,1.55,2.47,4.54,4.32,1.69,1.39,2.99,2425
2425,2024-11-30,Werder Bremen,Stuttgart,2,2,D,1,1,0.3113408240270757,0.2757001607311911,0.4129590152417333,0.596263918372847,0.6348268838252596,1.426792736308422,1.661349216299862,2.59,3.52,2.67,1.65,2.27,3.0,3.75,2.25,1.53,2.5,2425
2425,2024-12-01,Mainz,Hoffenheim,2,0,H,0,0,0.48369089945340493,0.25906099423648343,0.2572481063101115,0.6307067290239782,0.6484343504889223,1.895477744790802,1.3558672036152069,2.05,3.57,3.62,1.74,2.13,2.08,3.61,3.45,1.66,2.26,2425
2425,2024-12-01,Heidenheim,Ein Frankfurt,0,4,A,1,0,0.33846461916523835,0.27848884278530134,0.38304653804946026,0.5916929161072585,0.6339011915001657,1.4823869946225614,1.5848029129559782,3.86,3.65,1.94,1.72,2.13,3.73,3.69,1.97,1.76,2.09,2425
2425,2024-12-06,Stuttgart,Union Berlin,3,2,H,1,1,0.5396162913097373,0.2798344613630646,0.18054924732719801,0.4851119540455795,0.5095461302282429,1.7013613954953164,0.9127727149588452,1.9,3.49,4.32,2.1,1.76,1.83,3.58,4.64,2.08,1.77,2425
2425,2024-12-07,Bochum,Werder Bremen,0,1,A,0,0,0.3185071879662489,0.27665257546097294,0.40484023657277807,0.5943698701059599,0.6342248707972529,1.4402680129376761,1.6391735767841749,3.55,3.71,2.03,1.6,2.38,3.14,3.62,2.23,1.62,2.34,2425
2425,2024-12-07,M'gladbach,Dortmund,1,1,D,0,1,0.30088883426656754,0.24408428185745248,0.45502688387598,0.7068285938379889,0.713354776113036,1.6347604075596633,2.020002824473367,3.37,3.84,2.04,1.49,2.61,3.23,3.89,2.1,1.46,2.74,2425
2425,2024-12-07,Leverkusen,St Pauli,2,1,H,1,1,0.7150034051888865,0.20968606061357625,0.07531053419753739,0.5063279557927545,0.40478546794911735,2.113541138065597,0.5862924828240833,1.28,5.88,10.57,1.59,2.38,1.24,6.57,11.8,1.51,2.59,2425
2425,2024-12-07,Holstein Kiel,RB Leipzig,0,2,A,0,0,0.10940286493741311,0.18970345980871736,0.7008936752538697,0.6794369847242795,0.5832382714213594,0.9654035792705037,2.5362546140638518,6.37,4.75,1.48,1.51,2.53,5.36,4.37,1.59,1.5,2.58,2425
2425,2024-12-07,Ein Frankfurt,Augsburg,2,2,D,1,1,0.6111813013038772,0.2320811958217318,0.15673750287439098,0.6173525182765912,0.5867683764569707,2.1492684238445077,1.037646410642501,1.55,4.31,6.06,1.65,2.28,1.55,4.36,5.89,1.6,2.36,2425
2425,2024-12-07,Bayern Munich,Heidenheim,4,2,H,1,1,0.8344841797315987,0.11509548955804341,0.05042033071035779,0.7870682867281895,0.5566461344151045,3.3386645767977683,0.8421925116763594,1.12,10.41,20.98,1.28,3.68,1.09,12.51,23.3,1.28,3.73,2425
2425,2024-12-08,Wolfsburg,Mainz,4,3,H,1,1,0.4371608545586009,0.29203075121199745,0.2708083942294015,0.5209303355558959,0.5726336168078251,1.5631788576634023,1.1967111901422782,2.12,3.4,3.6,1.88,1.95,2.15,3.42,3.46,1.82,2.02,2425
2425,2024-12-08,Hoffenheim,Freiburg,1,1,D,0,1,0.414106619870485,0.26763589792528425,0.31825748220423067,0.6274301977481833,0.6582623966911647,1.7306348786071355,1.5047457256730379,2.5,3.28,2.94,1.89,1.95,2.71,3.47,2.54,1.7,2.18,2425
2425,2024-12-13,Freiburg,Wolfsburg,3,2,H,1,1,0.4308088840554981,0.286683652609388,0.2825074633351139,0.5449897718989956,0.5926751937726262,1.5963630928672656,1.2647705163926872,2.28,3.42,3.14,1.85,1.97,2.22,3.41,3.3,1.9,1.92,2425
2425,2024-12-14,St Pauli,Werder Bremen,0,2,A,0,0,0.34321116388098294,0.34096801415242906,0.315820821966588,0.36949056550827436,0.4620759262670571,1.112539188948282,1.0584247849417387,2.85,3.28,2.55,1.99,1.83,2.64,3.4,2.66,1.92,1.9,2425
2425,2024-12-14,Union Berlin,Bochum,1,1,D,0,1,0.5542972727378915,0.2762628036113007,0.16943992365080784,0.48191690228085404,0.4997395792264698,1.7241380091887362,0.8772466631977147,1.64,3.92,5.43,1.87,1.95,1.59,3.94,6.09,2.01,1.83,2425
2425,2024-12-14,M'gladbach,Holstein Kiel,4,1,H,1,1,0.7121029710021928,0.18145686650928397,0.10644016248852306,0.7029286079410536,0.5970261240503223,2.6388268068376872,0.993626640320307,1.42,4.99,6.87,1.41,2.89,1.44,4.89,6.63,1.48,2.64,2425
2425,2024-12-14,Mainz,Bayern Munich,2,1,H,1,1,0.17751240715416622,0.22803324935333363,0.5944543434925004,0.6622078150220646,0.6342184929040606,1.1829851128982216,2.2271720150718686,6.15,4.43,1.51,1.57,2.4,6.54,4.69,1.47,1.52,2.52,2425
2425,2024-12-14,Augsburg,Leverkusen,0,2,A,0,0,0.18027327761860615,0.24542086218642498,0.5743058601949689,0.6037390747513368,0.5940223945677613,1.0897074408723693,2.033049414039375,6.0,4.0,1.58,1.86,1.97,5.47,4.2,1.59,1.66,2.25,2425
2425,2024-12-15,Heidenheim,Stuttgart,1,3,A,1,1,0.29254583628514774,0.26612227683741246,0.44133188687743974,0.623604458101649,0.651611521296859,1.433095499193214,1.7837732840036944,4.45,3.99,1.74,1.58,2.4,4.09,3.89,1.82,1.71,2.16,2425
2425,2024-12-15,Dortmund,Hoffenheim,1,1,D,0,1,0.6792504790433569,0.18217691755785648,0.1385726033987867,0.765904819974924,0.6820084052910417,2.769212245079894,1.2585731172457109,1.36,5.42,8.0,1.44,2.78,1.44,5.01,6.34,1.4,2.93,2425
2425,2024-12-15,RB Leipzig,Ein Frankfurt,2,1,H,1,1,0.5535071875247021,0.2473691177823357,0.19912369469296226,0.6200313923349872,0.6168378937701074,2.0259288000461027,1.1737775234673826,2.26,3.74,2.97,1.5,2.6,2.1,3.86,3.18,1.53,2.48,2425
2425,2024-12-20,Bayern Munich,RB Leipzig,5,1,H,1,1,0.595271267663249,0.22407664789605816,0.18065208444069292,0.685010777793313,0.6537156706246283,2.2934661408180412,1.238473201111682,1.21,7.21,11.88,1.27,3.77,1.22,7.04,11.46,1.28,3.59,2425
2425,2024-12-21,Holstein Kiel,Augsburg,5,1,H,1,1,0.2662949811638723,0.28093279442767427,0.4527722244084535,0.5627658428871203,0.6028146309663917,1.2574690575613061,1.6804862175631983,3.43,3.4,2.16,1.9,1.92,3.05,3.31,2.4,1.92,1.89,2425
2425,2024-12-21,Werder Bremen,Union Berlin,4,1,H,1,1,0.41159098067661287,0.3198520197325143,0.2685569995908725,0.43061606138856184,0.505533797547167,1.3486579900132079,1.0525858040044567,2.26,3.26,3.35,2.09,1.76,2.1,3.37,3.64,2.03,1.8,2425
2425,2024-12-21,Leverkusen,Freiburg,5,1,H,1,1,0.6477304105780907,0.22043303619129695,0.13183655323061233,0.6194959513512522,0.56649317944381,2.239979425444528,0.9571881373852396,1.39,4.95,7.74,1.56,2.43,1.38,5.03,8.04,1.6,2.35,2425
2425,2024-12-21,Stuttgart,St Pauli,0,1,A,0,0,0.6272863804219688,0.25395328386930965,0.11876033570872141,0.47488071379997293,0.44997773041292133,1.8577104023082953,0.7157315056451776,1.47,4.61,6.54,1.62,2.3,1.47,4.64,6.51,1.66,2.24,2425
2425,2024-12-21,Ein Frankfurt,Mainz,1,3,A,1,1,0.49394639406626045,0.2694182151429641,0.23663539079077547,0.5832892206840222,0.6084127743071052,1.8123733559293336,1.2166942954839426,2.07,3.62,3.49,1.71,2.15,1.84,3.95,3.97,1.66,2.24,2425
2425,2024-12-21,Hoffenheim,M'gladbach,1,2,A,1,1,0.4375988572586371,0.24855611248168372,0.3138450302596792,0.6993419605240419,0.7104821579508124,1.9594562553377415,1.6523862585253928,2.28,3.63,2.99,1.58,2.38,2.35,3.69,2.85,1.58,2.39,2425
2425,2024-12-22,Bochum,Heidenheim,2,0,H,0,0,0.34709240266800023,0.27897205363150857,0.3739355437004912,0.59523090409855,0.6374896560302008,1.5107986260723834,1.572594351070054,2.1,3.49,3.5,1.76,2.09,2.32,3.52,2.98,1.74,2.11,2425
2425,2024-12-22,Wolfsburg,Dortmund,1,3,A,1,1,0.3132989610143132,0.2617627096294994,0.4249383293561874,0.6518214906045277,0.6759890068143627,1.5444647968221301,1.8121827289031254,3.18,3.72,2.15,1.59,2.37,3.05,3.67,2.23,1.59,2.36,2425
2425,2025-01-10,Dortmund,Leverkusen,2,3,A,1,1,0.3839226419903267,0.2604435013539262,0.3556338566557469,0.6559939577731818,0.681151163463028,1.7229294197708762,1.6550603549483234,3.65,3.76,1.97,1.51,2.56,2.82,3.55,2.43,1.59,2.37,2425
2425,2025-01-11,Freiburg,Holstein Kiel,3,2,H,1,1,0.6667278653370009,0.202416877520662,0.13085525714233714,0.674409866766491,0.6034783193887252,2.433976449370299,1.0406046773364068,1.44,4.87,6.6,1.51,2.57,1.39,4.98,7.58,1.57,2.4,2425
2425,2025-01-11,Heidenheim,Union Berlin,2,0,H,0,0,0.3755411479735467,0.3157050311288028,0.3087538208976505,0.44667495017990044,0.5221135442117888,1.3011979455352474,1.1618552639652324,3.16,3.33,2.31,1.85,1.96,3.17,3.26,2.34,2.04,1.79,2425
2425,2025-01-11,Hoffenheim,Wolfsburg,0,1,A,0,0,0.4272816952087937,0.2573398968590687,0.3153784079321376,0.6598555964116104,0.6807850312903048,1.8338820896477812,1.5640297723431993,2.33,3.44,3.02,1.7,2.17,2.43,3.45,2.87,1.61,2.33,2425
2425,2025-01-11,Mainz,Bochum,2,0,H,0,0,0.6338764255765648,0.22657679629276414,0.13954677813067123,0.6022943583713014,0.5597319905173844,2.1619444632120595,0.9541052123969533,1.66,3.95,5.18,1.86,1.96,1.56,4.28,5.76,1.72,2.12,2425
2425,2025-01-11,St Pauli,Ein Frankfurt,0,1,A,0,0,0.2720692550953249,0.3300472295119134,0.39788351539276146,0.38899134544044034,0.47208127498016483,0.9954931026074321,1.2482520203085423,3.46,3.42,2.15,1.78,2.05,3.57,3.47,2.08,1.81,2.01,2425
2425,2025-01-11,M'gladbach,Bayern Munich,0,1,A,0,0,0.1723340464105469,0.2026812447929918,0.6249847087964612,0.7419261819619665,0.689134867843423,1.3281476673242043,2.5400708292031795,8.08,5.65,1.34,1.38,3.04,6.8,5.23,1.4,1.34,3.22,2425
2425,2025-01-12,Augsburg,Stuttgart,0,1,A,0,0,0.2645936165940002,0.26858895458273163,0.46681742882326815,0.5958907260740407,0.6246327245008949,1.3084035331917365,1.7780241832673163,3.95,3.65,1.92,1.78,2.05,3.61,3.65,1.99,1.71,2.14,2425
2425,2025-01-12,RB Leipzig,Werder Bremen,4,2,H,1,1,0.6302447177497377,0.22354346161710556,0.14621182063315702,0.6255631310247667,0.5826663085878718,2.212662531893258,1.0136999182191881,1.88,3.84,3.88,1.56,2.42,1.75,4.11,4.22,1.51,2.51,2425
2425,2025-01-14,Ein Frankfurt,Freiburg,4,1,H,1,1,0.5197300302597812,0.2524371638700153,0.22783280587020344,0.6050579878277115,0.6151048168546793,1.9087298041881304,1.2201688247084892,1.7,4.15,4.59,1.51,2.57,1.71,4.12,4.53,1.57,2.42,2425
2425,2025-01-14,Leverkusen,Mainz,1,0,H,0,0,0.6483627590342158,0.21443363169817264,0.1372036092676115,0.621029653914392,0.5663310732602311,2.2376575909164984,0.9668604854394072,1.36,5.13,8.66,1.64,2.26,1.37,5.12,8.38,1.62,2.31,2425
2425,2025-01-14,Holstein Kiel,Dortmund,4,2,H,1,1,0.1534216807472653,0.18588952214031595,0.6606887971124187,0.7593002846625,0.6857228218467566,1.293207501958299,2.6893397069389695,6.48,4.79,1.46,1.48,2.65,5.41,4.64,1.55,1.44,2.77,2425
2425,2025-01-14,Wolfsburg,M'gladbach,5,1,H,1,1,0.4698592335310361,0.2563694339660165,0.27377133250294744,0.6247923694424901,0.6444965855482565,1.84336492553623,1.3792399010757985,1.9,3.75,3.93,1.64,2.27,1.96,3.8,3.69,1.59,2.36,2425
2425,2025-01-15,Union Berlin,Augsburg,0,2,A,0,0,0.46532289760434886,0.3033347192248993,0.23134238317075176,0.42823925159168075,0.4868670148114016,1.439460879978859,0.9526910313316421,2.14,3.28,3.62,2.13,1.72,1.84,3.51,4.55,2.11,1.74,2425
2425,2025-01-15,Stuttgart,RB Leipzig,2,1,H,1,1,0.391978267668337,0.26465176934823276,0.34336996298343025,0.6179836215545415,0.6498603772559074,1.6517825640739165,1.5381176566892978,1.99,3.8,3.52,1.46,2.7,2.01,3.78,3.47,1.44,2.71,2425
2425,2025-01-15,Werder Bremen,Heidenheim,3,3,D,1,1,0.5085571186732278,0.2555594804789254,0.23588340084784654,0.6006260663824219,0.6151145600790474,1.8740335217919726,1.2342529577759265,1.74,3.99,4.44,1.62,2.31,1.63,4.26,4.92,1.59,2.37,2425
2425,2025-01-15,Bochum,St Pauli,1,0,H,0,0,0.35489471837422903,0.33661249145674144,0.3084927901690293,0.35544099034548243,0.4456651901303924,1.1047818595542753,1.0140124501053245,2.56,3.21,2.89,1.99,1.83,2.59,3.27,2.81,2.04,1.78,2425
2425,2025-01-15,Bayern Munich,Hoffenheim,5,0,H,1,0,0.8279713000648858,0.1121845388742966,0.0598441610608175,0.8205264867820761,0.609625493751301,3.4737486309804795,0.9760739946451189,1.11,10.48,20.64,1.24,3.92,1.12,10.12,18.51,1.23,4.01,2425
2425,2025-01-17,Ein Frankfurt,Dortmund,2,0,H,0,0,0.378766837987011,0.25174542266568534,0.3694877393473037,0.6707729751870206,0.6898021737297861,1.7388108438739454,1.7163219627814892,2.76,3.53,2.49,1.64,2.26,2.56,3.59,2.65,1.56,2.41,2425
2425,2025-01-18,Bayern Munich,Wolfsburg,3,2,H,1,1,0.7759881869973109,0.14382071313452757,0.08019109986816156,0.757766195229483,0.5949482361346,3.0116405857869966,0.9608583234424009,1.15,8.58,17.86,1.3,3.49,1.17,8.34,14.42,1.27,3.62,2425
2425,2025-01-18,Bochum,RB Leipzig,3,3,D,1,1,0.16185254174701805,0.22358306866454702,0.6145643895884348,0.6305582747635864,0.5951137590896638,1.0667328246691947,2.1839108485736034,3.33,3.51,2.16,1.75,2.09,3.63,3.7,1.99,1.73,2.12,2425
2425,2025-01-18,Heidenheim,St Pauli,0,2,A,0,0,0.4276889083278741,0.32770526503325825,0.24460582663886754,0.3610939253626967,0.43931812719605906,1.2507370995090432,0.8890262848901008,2.39,3.4,2.99,1.94,1.88,2.42,3.47,2.87,1.93,1.89,2425
2425,2025-01-18,Holstein Kiel,Hoffenheim,1,3,A,1,1,0.3063289208769693,0.2372081070358495,0.45646297208718123,0.7130915268403926,0.7156687241233958,1.6572286370133789,2.034089617032371,2.87,3.45,2.44,1.63,2.27,2.9,3.6,2.35,1.64,2.26,2425
2425,2025-01-18,Stuttgart,Freiburg,4,0,H,1,0,0.5533606697831095,0.2432429156115325,0.2033964146053583,0.6139544230461829,0.6100197469009029,2.0040923668690285,1.166654923539603,1.58,4.33,5.4,1.6,2.35,1.66,4.33,4.71,1.52,2.5,2425
2425,2025-01-18,Leverkusen,M'gladbach,3,1,H,1,1,0.7003335834374733,0.18207770642269563,0.11758871013983109,0.7045667188934337,0.6073926621691804,2.607093321028942,1.0347494613174781,1.26,6.25,10.59,1.43,2.82,1.27,6.22,10.05,1.39,2.92,2425
2425,2025-01-19,Union Berlin,Mainz,2,1,H,1,1,0.3477006552940136,0.319859145248049,0.33244019945793735,0.41164119600847104,0.49232205709542876,1.1800375828886012,1.1489800304759463,2.78,3.17,2.68,2.03,1.8,2.58,3.18,2.88,2.11,1.73,2425
2425,2025-01-19,Werder Bremen,Augsburg,0,2,A,0,0,0.527968344424117,0.2569889027428785,0.2150427528330045,0.5757118608252337,0.5882298803008935,1.8603914476064953,1.1347195245543829,1.92,3.72,3.91,1.78,2.05,1.86,3.72,4.09,1.85,1.97,2425
2425,2025-01-24,Wolfsburg,Holstein Kiel,2,2,D,1,1,0.6846189454715748,0.1806119164459888,0.13476913808243637,0.7399813238368541,0.6524918941282543,2.68228930955559,1.1735969520188123,1.46,4.87,6.34,1.45,2.76,1.43,4.96,6.99,1.53,2.48,2425
2425,2025-01-25,Freiburg,Bayern Munich,1,2,A,1,1,0.15736677738511418,0.20428476113090063,0.6383484614839852,0.6891547222010668,0.6333812446462942,1.1544827035670928,2.40030887644865,11.67,6.69,1.23,1.39,2.98,8.55,5.6,1.32,1.42,2.82,2425
2425,2025-01-25,Dortmund,Werder Bremen,2,2,D,1,1,0.6482064855615923,0.19829733757151585,0.15349617686689182,0.7057359462272793,0.6427796138023048,2.4751195580338976,1.1734065163110778,1.5,4.71,5.86,1.44,2.77,1.62,4.39,4.9,1.5,2.57,2425
2425,2025-01-25,Augsburg,Heidenheim,2,1,H,1,1,0.4480009600675898,0.2724316531150189,0.27956738681739146,0.5587031273346048,0.5963430794849055,1.6503934682554304,1.269841103134755,1.97,3.53,3.89,1.88,1.94,1.9,3.62,4.05,1.9,1.92,2425
2425,2025-01-25,Mainz,Stuttgart,2,0,H,0,0,0.36310336324078885,0.2774441216189374,0.35945251514027377,0.5602752609066928,0.6062207008370762,1.4676443477426904,1.4594343707021358,3.24,3.45,2.23,1.78,2.06,2.84,3.5,2.44,1.75,2.1,2425
2425,2025-01-25,M'gladbach,Bochum,3,0,H,1,0,0.6186748273756872,0.21352653294766322,0.16779863967664965,0.6703994496314002,0.6274127616817489,2.2985829365947903,1.154613206587358,1.74,3.97,4.49,1.56,2.43,1.72,4.08,4.49,1.61,2.34,2425
2425,2025-01-25,RB Leipzig,Leverkusen,2,2,D,1,1,0.37706359037531456,0.26447060177187043,0.358465807852815,0.6118217666461381,0.6447925836541804,1.6019681643714476,1.5586777425833989,3.56,3.53,2.07,1.79,2.05,3.7,3.95,1.91,1.53,2.48,2425
2425,2025-01-26,St Pauli,Union Berlin,3,0,H,1,0,0.3517101797767038,0.3711971958621432,0.2770926243611529,0.25120899653217216,0.3515534229642259,0.933213857799268,0.7986430191193659,2.38,3.15,3.24,2.14,1.72,2.5,3.14,3.01,2.27,1.64,2425
2425,2025-01-26,Hoffenheim,Ein Frankfurt,2,2,D,1,1,0.3484257956640967,0.25263950403931196,0.3989347002965914,0.6579170232275512,0.6785995913568882,1.6332528849498764,1.7546370713648303,3.28,3.79,2.08,1.47,2.7,3.08,3.59,2.24,1.66,2.23,2425
2425,2025-01-31,Werder Bremen,Mainz,1,0,H,0,0,0.3903421955879517,0.27990158802520093,0.3297562163868474,0.5466740611748607,0.5946845804837325,1.5017268964862356,1.3666074637456473,2.36,3.39,3.05,1.79,2.05,2.31,3.4,3.13,1.86,1.98,2425
2425,2025-02-01,Bayern Munich,Holstein Kiel,4,3,H,1,1,0.918636029502718,0.057276577640750385,0.024087392856531633,0.8965738435786029,0.5679894347174481,4.433024077838156,0.8492192325891805,1.04,18.08,43.76,1.12,5.77,1.05,16.44,38.04,1.13,5.31,2425
2425,2025-02-01,Bochum,Freiburg,0,1,A,0,0,0.3096380099002983,0.2724773305141619,0.4178846595855399,0.5701055301448489,0.6099626499496027,1.3623132984382875,1.6079117158321519,2.78,3.3,2.59,1.92,1.91,2.81,3.38,2.51,1.79,2.03,2425
2425,2025-02-01,Heidenheim,Dortmund,1,2,A,1,1,0.25808738768583234,0.23990334242315575,0.5020092698910119,0.6681902213592774,0.6703642113046212,1.4219266815937646,2.01955426169106,4.66,4.07,1.7,1.58,2.38,4.3,4.01,1.76,1.56,2.4,2425
2425,2025-02-01,St Pauli,Augsburg,1,1,D,0,1,0.429510643660065,0.32960700504784773,0.24088235129208746,0.344357606327426,0.42300296106634455,1.2229970963507062,0.8547522817111063,2.13,3.26,3.7,2.17,1.7,2.35,3.2,3.23,2.22,1.66,2425
2425,2025-02-01,Stuttgart,M'gladbach,1,2,A,1,1,0.5939467191632599,0.21901150583616963,0.18704177500057034,0.6761991353449752,0.6445130401207243,2.255683912958206,1.2284442912788796,1.66,4.27,4.76,1.48,2.64,1.57,4.62,5.05,1.41,2.84,2425
2425,2025-02-01,Union Berlin,RB Leipzig,0,0,D,0,0,0.2527649474651107,0.28757139908806895,0.45966365344682036,0.48637119164586523,0.5357203932461584,1.0862156449297695,1.5329516255066382,3.05,3.43,2.34,1.76,2.08,3.12,3.49,2.26,1.76,2.08,2425
2425,2025-02-02,Leverkusen,Hoffenheim,3,1,H,1,1,0.746315131404808,0.15833124417051067,0.09535362442468155,0.7358142112304322,0.6003867049226262,2.83803498845698,0.991639975079851,1.14,9.33,16.32,1.26,3.83,1.23,6.86,10.7,1.36,3.07,2425
2425,2025-02-02,Ein Frankfurt,Wolfsburg,1,1,D,0,1,0.5258131071332377,0.24242843671989875,0.23175845614686352,0.6369992194812536,0.6383136454671006,1.9957214941833423,1.2865574691337103,2.06,3.58,3.55,1.63,2.29,1.96,3.82,3.59,1.52,2.5,2425
2425,2025-02-07,Bayern Munich,Werder Bremen,3,0,H,1,0,0.80945142168417,0.12439547389734319,0.06615310441848696,0.7861238181495351,0.5898609365623088,3.238619491487265,0.9349426300132664,1.1,11.95,20.3,1.2,4.37,1.1,11.87,21.03,1.19,4.49,2425
2425,2025-02-08,Dortmund,Stuttgart,1,2,A,1,1,0.5060976313494513,0.2367965142372436,0.25710585441330513,0.6802597106586689,0.6790450968005282,2.0608148380027598,1.445197094386749,1.96,3.87,3.62,1.49,2.64,1.89,3.92,3.84,1.5,2.6,2425
2425,2025-02-08,Freiburg,Heidenheim,1,0,H,0,0,0.5316093932823576,0.2518657443550087,0.21652486236263374,0.5874431239032195,0.5958789042497148,1.8922784036040037,1.155575273645143,1.7,3.81,5.11,1.77,2.08,1.73,3.93,4.65,1.75,2.1,2425
2425,2025-02-08,Hoffenheim,Union Berlin,0,4,A,1,0,0.4694747736320587,0.28055501196594024,0.24997021440200112,0.510694227856021,0.5530502947547742,1.5999690745909565,1.1177037173851447,2.34,3.5,3.03,1.73,2.14,2.22,3.57,3.18,1.82,2.03,2425
2425,2025-02-08,Mainz,Augsburg,0,0,D,0,0,0.5429842110824102,0.2639487466528205,0.1930670422647693,0.5167673524028363,0.5323858223145519,1.7633570069064426,0.9793085926711391,1.81,3.56,4.74,2.06,1.78,1.77,3.66,4.78,2.03,1.81,2425
2425,2025-02-08,Wolfsburg,Leverkusen,0,0,D,0,0,0.26172129502187136,0.25442175539870093,0.4838569495794277,0.6162447866216169,0.6337446924671084,1.328839125364222,1.8527776520433323,3.62,3.34,2.13,1.81,2.03,4.21,3.83,1.83,1.66,2.25,2425
2425,2025-02-08,M'gladbach,Ein Frankfurt,1,1,D,0,1,0.38403666658999025,0.25601184013188,0.3599514932781296,0.6456925428274638,0.6700105882854369,1.691498233331855,1.6341258621778305,2.58,3.6,2.63,1.5,2.61,2.59,3.64,2.59,1.54,2.48,2425
2425,2025-02-09,Holstein Kiel,Bochum,2,2,D,1,1,0.5323025914866506,0.22768923726782453,0.24000817124552482,0.7013353013138814,0.6887848846632795,2.1803905005561,1.442815964799942,2.3,3.54,3.06,1.73,2.15,2.29,3.54,3.04,1.68,2.21,2425
2425,2025-02-09,RB Leipzig,St Pauli,2,0,H,0,0,0.5914263951048195,0.26669313737382,0.14188046752136038,0.43392663211186955,0.43454143548233803,1.691120570771552,0.722813896843181,1.67,4.0,5.11,1.8,2.04,1.57,4.31,5.56,1.71,2.16,2425
2425,2025-02-14,Augsburg,RB Leipzig,0,0,D,0,0,0.2343766532254128,0.26549358649664034,0.5001297602779469,0.5660102087995427,0.5900573309581155,1.1717407005226304,1.780439879894197,3.06,3.34,2.39,1.9,1.95,2.97,3.39,2.43,1.89,1.96,2425
2425,2025-02-15,Bochum,Dortmund,2,0,H,0,0,0.18649769372583752,0.22187391367311265,0.5916283926010497,0.6759931777954837,0.646086224615287,1.2303825717700334,2.2526393986888573,5.51,4.45,1.57,1.55,2.48,4.83,4.21,1.66,1.59,2.4,2425
2425,2025-02-15,St Pauli,Freiburg,0,1,A,0,0,0.35061277472422325,0.3438145567184419,0.3055726685573348,0.3366705405517715,0.43041103268463904,1.068105784503168,0.981214864195258,2.5,3.11,3.12,2.23,1.67,2.56,3.21,2.92,2.21,1.68,2425
2425,2025-02-15,Stuttgart,Wolfsburg,1,2,A,1,1,0.5352103946674162,0.2463013624121433,0.21848824292044067,0.6220349427008898,0.6238476195975926,1.9838258621886853,1.2254937548514087,1.58,4.51,5.32,1.48,2.67,1.75,4.19,4.25,1.52,2.53,2425
2425,2025-02-15,Union Berlin,M'gladbach,1,2,A,1,1,0.399484108465473,0.2955845104659501,0.3049313810685769,0.49608455692411324,0.5562095445979087,1.4311643486356158,1.227050255211903,2.15,3.55,3.39,1.75,2.11,2.27,3.54,3.11,1.77,2.09,2425
2425,2025-02-15,Leverkusen,Bayern Munich,0,0,D,0,0,0.3818606592376369,0.25245054619396357,0.3656887945683994,0.6707086686396978,0.6900669566179923,1.7469928179468435,1.7077989177297384,3.05,3.49,2.33,1.81,2.03,3.01,3.66,2.26,1.65,2.26,2425
2425,2025-02-16,Werder Bremen,Hoffenheim,1,3,A,1,1,0.4847128583734096,0.2473044482705011,0.2679826933560892,0.6583889923529216,0.6678626335954817,1.958137745218441,1.432194160491142,1.88,3.81,3.97,1.57,2.43,1.89,3.96,3.74,1.51,2.55,2425
2425,2025-02-16,Ein Frankfurt,Holstein Kiel,3,1,H,1,1,0.7151060304134438,0.165866895784796,0.11902707380176034,0.7730431989648611,0.6646197840356035,2.892143601903843,1.1857697804554783,1.34,5.66,8.46,1.44,2.82,1.33,5.69,8.17,1.39,3.01,2425
2425,2025-02-16,Heidenheim,Mainz,0,2,A,0,0,0.3243025818485572,0.2916247236507331,0.38407269450070963,0.515152394528802,0.5725362533415369,1.3027309523200326,1.433268883107708,3.72,3.43,2.07,1.94,1.9,3.56,3.51,2.07,1.9,1.93,2425
2425,2025-02-21,Freiburg,Werder Bremen,5,0,H,1,0,0.47451748043029296,0.27206154695241863,0.25342097261728835,0.5660709245144488,0.5982398762899723,1.7282870783975575,1.22415903603175,1.99,3.49,3.93,1.89,1.95,2.06,3.48,3.74,1.93,1.91,2425
2425,2025-02-22,Dortmund,Union Berlin,6,0,H,1,0,0.5969596384040783,0.24325465364331997,0.1597857079526018,0.5668556084717942,0.5500115995154242,1.992529782560485,0.9633775435842244,1.49,4.58,6.39,1.62,2.35,1.55,4.46,5.59,1.61,2.35,2425
2425,2025-02-22,Wolfsburg,Bochum,1,1,D,0,1,0.6490506426778129,0.213038782051164,0.137910575271023,0.6395981614438239,0.5830675054593161,2.2913288678101775,1.0038701184201302,1.63,4.3,5.09,1.56,2.48,1.55,4.42,5.7,1.62,2.32,2425
2425,2025-02-22,Mainz,St Pauli,2,0,H,0,0,0.48780418134332454,0.3300519183621231,0.18214390029455224,0.3209222433504651,0.3845041751921266,1.291882863008221,0.6992455829990692,1.76,3.61,5.08,2.15,1.73,1.8,3.57,4.73,2.15,1.72,2425
2425,2025-02-22,Holstein Kiel,Leverkusen,0,2,A,0,0,0.12994892560477014,0.17984107769033686,0.6902099967048929,0.7487974782670324,0.6578908179368161,1.1797918115111259,2.732954337195019,14.5,6.98,1.2,1.49,2.67,10.53,6.57,1.25,1.4,2.95,2425
2425,2025-02-22,M'gladbach,Augsburg,0,3,A,1,0,0.5324679176625142,0.2556166922332545,0.21191539010423144,0.5900674402861371,0.5993056216622202,1.9055872955651418,1.1541962879290182,1.94,3.6,4.0,1.86,1.98,1.84,3.79,4.19,1.72,2.15,2425
2425,2025-02-23,RB Leipzig,Heidenheim,2,2,D,1,1,0.7069610089005858,0.1879642893433997,0.10507470175601472,0.6619348476590033,0.5612079667606543,2.4962526099296722,0.9125519524161027,1.31,5.65,9.48,1.48,2.68,1.35,5.37,7.98,1.48,2.64,2425
2425,2025-02-23,Bayern Munich,Ein Frankfurt,4,0,H,1,0,0.7176930962677712,0.17118116402122,0.1111257397110089,0.7416788667247217,0.6308947895374288,2.7827385050706877,1.0840380691544476,1.25,6.63,10.11,1.37,3.13,1.3,6.33,8.27,1.33,3.3,2425
2425,2025-02-23,Hoffenheim,Stuttgart,1,1,D,0,1,0.3242844871396275,0.2535004072394941,0.42221510562087833,0.6680661081966243,0.6865829500311412,1.6017254828581708,1.839092981305343,3.42,3.85,2.04,1.52,2.56,3.5,3.92,1.96,1.48,2.63,2425
2425,2025-02-28,Stuttgart,Bayern Munich,1,3,A,1,1,0.24204073147688487,0.24038208235149106,0.5175771861716241,0.6774739160815177,0.6756018703791805,1.404484604508381,2.086477687662499,4.46,4.12,1.74,1.55,2.49,4.85,4.29,1.67,1.54,2.49,2425
2425,2025-03-01,Ein Frankfurt,Leverkusen,1,4,A,1,1,0.28851070124061584,0.2705497153173499,0.4409395834420343,0.5962934388620703,0.6296452508056024,1.367749105622588,1.7205295143137984,4.18,3.89,1.83,1.57,2.45,4.58,3.92,1.74,1.68,2.21,2425
2425,2025-03-01,Werder Bremen,Wolfsburg,1,2,A,1,1,0.3702144877988181,0.2761658349337514,0.35361967726743054,0.59133384434252,0.6327693734129757,1.5518252677448032,1.5137251863612404,3.04,3.49,2.34,1.73,2.14,2.65,3.53,2.59,1.68,2.2,2425
2425,2025-03-01,St Pauli,Dortmund,0,2,A,0,0,0.2266012222426306,0.3098315158150552,0.463567261942314,0.4219040321089186,0.48377995032776344,0.9385124904310216,1.4294699265577187,4.35,3.64,1.86,1.87,1.97,4.12,3.73,1.87,1.8,2.04,2425
2425,2025-03-01,Bochum,Hoffenheim,0,1,A,0,0,0.34279277794277874,0.2630152953481144,0.39419192670910685,0.640292143274033,0.6684221103542491,1.5882845187997083,1.7103198896261012,2.45,3.47,2.89,1.7,2.18,2.43,3.57,2.83,1.63,2.3,2425
2425,2025-03-01,RB Leipzig,Mainz,1,2,A,1,1,0.5455723239822772,0.26121012217138007,0.1932175538463429,0.554026428528517,0.5644990381968006,1.8549260812975297,1.0450370918018344,1.93,3.72,3.89,1.74,2.13,1.99,3.7,3.64,1.8,2.03,2425
2425,2025-03-01,Heidenheim,M'gladbach,0,3,A,1,0,0.3677825325193538,0.27050912356585993,0.36170834391478635,0.613259646384879,0.6491256841606281,1.5907979879442404,1.5766461636025235,2.71,3.43,2.61,1.71,2.17,3.02,3.59,2.29,1.64,2.28,2425
2425,2025-03-02,Union Berlin,Holstein Kiel,0,1,A,0,0,0.5259779231333213,0.2581943165306782,0.21582776033600048,0.5895472486274689,0.6016383250718341,1.8915616620335203,1.1658527426394505,1.57,4.25,5.83,1.79,2.07,1.6,4.23,5.3,1.7,2.18,2425
2425,2025-03-02,Augsburg,Freiburg,0,0,D,0,0,0.3627706623853824,0.299103384814942,0.3381259527996756,0.5041982513229869,0.5671004441542472,1.3722626434360459,1.3188602697797855,2.52,3.11,3.08,2.31,1.63,2.65,3.15,2.82,2.25,1.66,2425
2425,2025-03-07,M'gladbach,Mainz,1,3,A,1,1,0.3953246483141988,0.28127615618082735,0.32339919550497387,0.5600295316159952,0.6068487415031822,1.5439470415939947,1.3820609599409897,2.71,3.42,2.62,1.74,2.13,2.6,3.41,2.7,1.79,2.05,2425
2425,2025-03-08,Holstein Kiel,Stuttgart,2,2,D,1,1,0.23528720771379752,0.2313974874422378,0.5333153048439647,0.6980413404063475,0.6870027549946851,1.426836446450856,2.1776509571418843,5.94,4.74,1.5,1.46,2.74,5.78,4.64,1.52,1.5,2.61,2425
2425,2025-03-08,Dortmund,Augsburg,0,1,A,0,0,0.6585590495202469,0.2070482840070909,0.13439266647266218,0.6523877763069205,0.5883311743531537,2.3483062188832404,1.0112829161124997,1.4,4.85,8.12,1.65,2.28,1.53,4.39,6.02,1.71,2.13,2425
2425,2025-03-08,Bayern Munich,Bochum,2,3,A,1,1,0.8966465958492946,0.07636856832938478,0.02698483582132058,0.8282265248955774,0.5000586804092226,3.812553046839079,0.7066133567288106,1.17,8.18,14.6,1.33,3.38,1.11,10.81,18.52,1.28,3.67,2425
2425,2025-03-08,Leverkusen,Werder Bremen,0,2,A,0,0,0.7481753888595788,0.16638766728515064,0.08543694385527076,0.6891188022395809,0.5505348870866258,2.6882493375281755,0.866468198955982,1.33,5.46,8.92,1.55,2.5,1.26,6.22,10.53,1.52,2.53,2425
2425,2025-03-08,Freiburg,RB Leipzig,0,0,D,0,0,0.3161104631116386,0.27902331093547134,0.40486622595289,0.566743701502144,0.6110741446580291,1.3773160352480294,1.5780858838731402,2.56,3.31,2.84,1.85,1.99,2.6,3.32,2.75,1.8,2.03,2425
2425,2025-03-08,Wolfsburg,St Pauli,1,1,D,0,1,0.5302849189749332,0.3037123687474679,0.16600271227759902,0.3732206858743651,0.41374151151803773,1.462558159041925,0.7222911612572158,1.83,3.56,4.61,1.97,1.87,1.76,3.72,4.79,1.87,1.96,2425
2425,2025-03-09,Ein Frankfurt,Union Berlin,1,2,A,1,1,0.563479216647923,0.2607468771711944,0.17577390618088273,0.5249485645760702,0.5311220488670491,1.8277450115082226,0.9488570959641909,1.98,3.62,3.81,1.83,2.02,1.74,4.04,4.45,1.67,2.22,2425
2425,2025-03-09,Hoffenheim,Heidenheim,1,1,D,0,1,0.5314025548072405,0.24373194948659044,0.22486549570616904,0.6434115067407598,0.6430830583192917,2.0289873865061914,1.2852006312937476,1.89,3.78,3.99,1.72,2.15,1.77,3.98,4.31,1.65,2.24,2425
2425,2025-03-14,St Pauli,Hoffenheim,1,0,H,0,0,0.337633936920824,0.3297886323049219,0.3325774307742541,0.3876012554955743,0.4743115726906332,1.124329130096732,1.1142105532040605,2.31,3.24,3.31,2.11,1.75,2.3,3.28,3.3,2.1,1.76,2425
2425,2025-03-15,Werder Bremen,M'gladbach,2,4,A,1,1,0.4175637626151287,0.26012795994877913,0.32230827743609214,0.639320117915441,0.6649050755220283,1.7600426196135799,1.5337295767157568,2.24,3.66,3.09,1.57,2.43,2.4,3.61,2.83,1.59,2.37,2425
2425,2025-03-15,RB Leipzig,Dortmund,2,0,H,0,0,0.46338603391230626,0.2513477071963697,0.285266258891324,0.6579700648973017,0.672487403575503,1.909440255173314,1.4787271918999634,2.72,3.58,2.52,1.64,2.29,2.41,3.63,2.82,1.59,2.4,2425
2425,2025-03-15,Union Berlin,Bayern Munich,1,1,D,0,1,0.1253113618604665,0.21442612094832506,0.6602625171912087,0.60504957139283,0.5439868539019972,0.9026177336716841,2.2262721280812796,9.24,5.43,1.33,1.56,2.45,8.5,5.27,1.35,1.59,2.38,2425
2425,2025-03-15,Augsburg,Wolfsburg,1,0,H,0,0,0.3403495064684221,0.2944686068761026,0.36518188665547513,0.5125045697904165,0.5722278291499335,1.3354981221414481,1.3896052277196762,2.47,3.23,3.01,2.09,1.76,2.6,3.29,2.81,2.05,1.78,2425
2425,2025-03-15,Mainz,Freiburg,2,2,D,1,1,0.46424046366304633,0.2892049220877536,0.24655461424919983,0.49633346699613795,0.5445451575067674,1.5664191042617666,1.0928019094628223,1.84,3.52,4.54,2.0,1.84,2.01,3.42,3.91,2.1,1.75,2425
2425,2025-03-16,Bochum,Ein Frankfurt,1,3,A,1,1,0.24834211527083855,0.2554611549517131,0.49619672977744855,0.6196036117071203,0.6346977975393019,1.3050990630273094,1.892550798539545,2.71,3.53,2.54,1.67,2.23,3.09,3.6,2.24,1.69,2.17,2425
2425,2025-03-16,Heidenheim,Holstein Kiel,3,1,H,1,1,0.4746172101194523,0.24805347986778215,0.2773293100127656,0.6659846168186369,0.6765067919020961,1.9551755139925797,1.4746971113329805,2.04,3.54,3.66,1.76,2.09,2.02,3.59,3.64,1.8,2.03,2425
2425,2025-03-16,Stuttgart,Leverkusen,3,4,A,1,1,0.29883140099271444,0.26909150493217904,0.43207709407510664,0.5977560398312975,0.6313225141298971,1.3933389904490694,1.7016762418379225,3.28,3.4,2.25,1.84,2.0,3.03,3.54,2.29,1.67,2.23,2425
2425,2025-03-28,Leverkusen,Bochum,3,1,H,1,1,0.8076468661126365,0.1336594825527539,0.058693651334609534,0.723300164896564,0.518750911159561,2.9801991711229148,0.7724946051278688,1.22,6.72,12.4,1.44,2.8,1.23,6.58,12.03,1.44,2.71,2425
2425,2025-03-29,Bayern Munich,St Pauli,3,2,H,1,1,0.7680759490250575,0.1735894370974309,0.058334613877511585,0.5513874160018458,0.3896720340126394,2.344873642348901,0.5437635402610659,1.12,9.26,22.65,1.34,3.21,1.14,8.67,17.25,1.43,2.75,2425
2425,2025-03-29,Hoffenheim,Augsburg,1,1,D,0,1,0.44528399548864755,0.2767436759603311,0.2779723285510213,0.5526285527772636,0.5931922777079178,1.6351922704715793,1.2587295922987745,2.37,3.36,3.05,1.91,1.92,2.4,3.3,3.05,2.08,1.76,2425
2425,2025-03-29,Holstein Kiel,Werder Bremen,0,3,A,1,0,0.3657089722396075,0.2471816575839598,0.38710937017643277,0.689961701427758,0.7041910048556962,1.753310196417099,1.805888894398623,3.11,3.72,2.19,1.63,2.29,3.32,3.8,2.07,1.61,2.33,2425
2425,2025-03-29,M'gladbach,RB Leipzig,1,0,H,0,0,0.3044158386381071,0.25634930969493813,0.4392348516669546,0.6413427973656072,0.6630297725818018,1.491238184190998,1.8126020520692252,2.88,3.61,2.36,1.49,2.62,2.9,3.57,2.37,1.52,2.5,2425
2425,2025-03-29,Wolfsburg,Heidenheim,0,1,A,0,0,0.5668222406219381,0.24456860509737055,0.1886091542806913,0.5927303394840213,0.5866036723395159,1.9840616911395281,1.0878815944291986,1.7,3.92,4.88,1.73,2.11,1.66,4.02,5.04,1.73,2.11,2425
2425,2025-03-29,Ein Frankfurt,Stuttgart,1,0,H,0,0,0.4275459432297466,0.25502085075299724,0.31743320601725644,0.6509525165995762,0.6719232508879173,1.8080526867553202,1.5441728094572038,2.56,3.72,2.59,1.49,2.62,2.52,3.65,2.63,1.51,2.52,2425
2425,2025-03-30,Freiburg,Union Berlin,1,2,A,1,1,0.4784952845414186,0.29776655164426236,0.223738163814319,0.44243270070803875,0.49494843022845064,1.491469559385172,0.9551896000722235,1.96,3.42,4.06,2.03,1.8,2.0,3.43,3.89,2.1,1.74,2425
2425,2025-03-30,Dortmund,Mainz,3,1,H,1,1,0.5264668865662092,0.2504975564436117,0.22303555699017902,0.6094560003671146,0.6165328888084429,1.9342471954588905,1.2152582713937659,1.66,4.12,4.92,1.68,2.2,1.66,4.1,4.86,1.67,2.2,2425
2425,2025-04-04,Augsburg,Bayern Munich,1,3,A,1,1,0.1379916924411979,0.2045371934269782,0.6574711141318239,0.643298414831875,0.579871430842147,0.9994156667428944,2.3142446336107008,7.75,4.86,1.4,1.57,2.39,7.41,4.85,1.42,1.61,2.32,2425
2425,2025-04-05,Mainz,Holstein Kiel,1,1,D,0,1,0.6542104176581919,0.20241708752192064,0.1433724948198874,0.6624053188653427,0.5993520398443459,2.3594482149029794,1.0517634303657937,1.42,4.81,7.16,1.52,2.52,1.44,4.72,6.92,1.62,2.28,2425
2425,2025-04-05,Heidenheim,Leverkusen,0,1,A,0,0,0.1639483878786372,0.22455555733189597,0.6114960547894668,0.6121978041372752,0.5798892071928844,1.0366159013700265,2.1258294961030066,6.15,4.42,1.51,1.7,2.16,6.78,4.7,1.44,1.62,2.28,2425
2425,2025-04-05,Werder Bremen,Ein Frankfurt,2,0,H,0,0,0.34313962846398094,0.2570379580632116,0.39982241347280767,0.6304093734267158,0.6567168067512774,1.5580982063343036,1.6917893783715658,2.33,3.63,2.91,1.52,2.51,2.64,3.67,2.51,1.53,2.44,2425
2425,2025-04-05,Bochum,Stuttgart,0,4,A,1,0,0.22930542639259222,0.24282157716835748,0.5278729964390503,0.6248003865785604,0.6270448531830304,1.254096961870555,1.968552281260798,2.54,3.53,2.69,1.57,2.39,3.13,3.71,2.16,1.56,2.37,2425
2425,2025-04-05,Freiburg,Dortmund,1,4,A,1,1,0.31904321517192996,0.2584695878478626,0.4224871969802074,0.619013875260128,0.6460338765521816,1.4761736675580632,1.7186496577568953,3.35,3.6,2.12,1.69,2.17,3.07,3.53,2.27,1.77,2.05,2425
2425,2025-04-05,RB Leipzig,Hoffenheim,3,1,H,1,1,0.6427408167586739,0.2054258069050455,0.15183337633628077,0.6663041341354098,0.6099088331674296,2.342655443032816,1.088943074458094,1.67,4.24,4.72,1.48,2.65,1.54,4.53,5.57,1.52,2.48,2425
2425,2025-04-06,St Pauli,M'gladbach,1,1,D,0,1,0.324756037529785,0.3180155791894712,0.3572283832807438,0.39820584606609827,0.4783977979723921,1.1064234711640568,1.1719036230419633,2.29,3.49,3.11,1.81,2.01,2.49,3.4,2.8,1.84,1.97,2425
2425,2025-04-06,Union Berlin,Wolfsburg,1,0,H,0,0,0.34772632876969645,0.30448818755430507,0.3477854836759984,0.44646789720262675,0.5173224846637582,1.2310642575863477,1.2311875537169505,2.3,3.36,3.2,1.97,1.85,2.45,3.31,2.92,2.01,1.81,2425
2425,2025-04-11,Wolfsburg,RB Leipzig,2,3,A,1,1,0.31890753410796324,0.2729761608609853,0.4081163050310512,0.5596165752467233,0.601753123114622,1.3616826512983082,1.5625265503536019,2.75,3.68,2.41,1.53,2.48,2.9,3.7,2.32,1.57,2.41,2425
2425,2025-04-12,Leverkusen,Union Berlin,0,0,D,0,0,0.6843774992265697,0.20993649027247863,0.10568601050095172,0.5450562480324368,0.4693493009749892,2.1262471478703326,0.7351964861955442,1.36,5.0,8.34,1.71,2.15,1.33,5.32,8.99,1.61,2.31,2425
2425,2025-04-12,Holstein Kiel,St Pauli,1,2,A,1,1,0.3625988207490266,0.3119302306140101,0.3254709486369634,0.41669255144894074,0.492877783007167,1.2120051287596645,1.136162515564991,3.44,3.42,2.14,1.88,1.94,3.16,3.37,2.29,1.95,1.87,2425
2425,2025-04-12,Bayern Munich,Dortmund,2,2,D,1,1,0.6624824536238232,0.18010804144553771,0.1574095049306392,0.7739085160730806,0.6979839807989168,2.744994736761293,1.3389457627543,1.45,5.22,6.02,1.33,3.31,1.43,5.2,6.4,1.38,2.99,2425
2425,2025-04-12,Bochum,Augsburg,1,2,A,1,1,0.33515374925661356,0.2887508829808947,0.3760953677624916,0.5019535047326832,0.559674326224316,1.2966944481065636,1.3852965390083556,2.38,3.3,3.08,2.1,1.75,2.46,3.34,2.9,1.99,1.84,2425
2425,2025-04-12,Hoffenheim,Mainz,2,0,H,0,0,0.35535779150354097,0.2713382207530689,0.37330398774339024,0.5720224594889368,0.6134301765229073,1.4690163918284378,1.5096923642650455,2.45,3.44,2.87,1.77,2.07,2.66,3.46,2.59,1.74,2.1,2425
2425,2025-04-12,M'gladbach,Freiburg,1,2,A,1,1,0.4532460317612344,0.25683128421714474,0.2899226840216208,0.6117473719261899,0.6356551717985501,1.7712594794215164,1.389037196655711,2.26,3.67,3.0,1.56,2.43,2.18,3.65,3.15,1.66,2.23,2425
2425,2025-04-13,Stuttgart,Werder Bremen,1,2,A,1,1,0.5802951082904068,0.2249229320815029,0.19478195962809036,0.6536672853437014,0.6307541112707497,2.1600209648188193,1.2060681025854967,1.73,4.25,4.26,1.48,2.65,1.64,4.45,4.57,1.44,2.7,2425
2425,2025-04-13,Ein Frankfurt,Heidenheim,3,0,H,1,0,0.5966161236298155,0.2284072912995761,0.17497658507060843,0.6124713545139295,0.58785828312706,2.0922958112873906,1.0714388747929022,1.74,4.04,4.39,1.65,2.25,1.72,4.08,4.41,1.65,2.23,2425
2425,2025-04-19,Union Berlin,Stuttgart,4,4,D,1,1,0.29710961219338866,0.29432893483063827,0.4085614529759732,0.47738479386613997,0.5378435839395459,1.1727971432357065,1.4105625072593655,3.07,3.44,2.29,1.79,2.05,2.83,3.4,2.48,1.78,2.05,2425
2425,2025-04-19,Freiburg,Hoffenheim,3,2,H,1,1,0.48456874908010855,0.2541721336728595,0.261259117247032,0.6096638361771768,0.6276976651451948,1.8374498452330423,1.3130290982591832,1.91,3.76,3.87,1.7,2.16,1.94,3.72,3.76,1.74,2.1,2425
2425,2025-04-19,Heidenheim,Bayern Munich,0,4,A,1,0,0.11043312765052513,0.17252012668287067,0.7170467456666041,0.7124774897818406,0.6017875304215902,1.0137277607105213,2.6741475351269752,9.71,6.36,1.27,1.3,3.53,9.41,6.18,1.28,1.38,2.98,2425
2425,2025-04-19,Mainz,Wolfsburg,2,2,D,1,1,0.4418149471089119,0.2808669895407366,0.2773180633503516,0.51819722654592,0.5647363420560346,1.5551232802538895,1.1934470219747169,2.02,3.67,3.58,1.71,2.14,2.02,3.65,3.53,1.79,2.02,2425
2425,2025-04-19,RB Leipzig,Holstein Kiel,1,1,D,0,1,0.7580383073074737,0.15132123290563157,0.09064045978689496,0.7466262528944073,0.6008077642261322,2.9110171844323998,0.9877421688689316,1.45,4.99,6.23,1.42,2.84,1.31,5.89,8.51,1.39,2.9,2425
2425,2025-04-19,Werder Bremen,Bochum,1,0,H,0,0,0.5838333913028355,0.2299948248558945,0.18617178384126987,0.6269231577360502,0.6066940292818426,2.1004614855775694,1.1324767195836731,1.59,4.44,5.1,1.52,2.54,1.73,4.11,4.35,1.56,2.43,2425
2425,2025-04-20,St Pauli,Leverkusen,1,1,D,0,1,0.17260757467127624,0.2936848814951853,0.5337075438335386,0.3860198817648473,0.4219626540287411,0.7461569352443345,1.4864656388726063,4.96,3.88,1.7,1.86,1.96,5.15,3.85,1.67,1.97,1.84,2425
2425,2025-04-20,Augsburg,Ein Frankfurt,0,0,D,0,0,0.31038352919092266,0.28106985150923813,0.40854661929983926,0.5308487574082806,0.5799566643896285,1.2921876121196993,1.5090827822334385,2.58,3.39,2.73,1.8,2.03,2.58,3.36,2.72,1.88,1.93,2425
2425,2025-04-20,Dortmund,M'gladbach,3,2,H,1,1,0.6245436526872103,0.1994310000163919,0.17602534729639763,0.7310609652543516,0.6779362240002301,2.4947490146079625,1.3050897261129613,1.36,5.65,7.12,1.28,3.62,1.41,5.25,6.6,1.36,3.07,2425
2425,2025-04-25,Stuttgart,Heidenheim,0,1,A,0,0,0.640596185500437,0.21131349086689996,0.14809032363266317,0.6459500796868277,0.5933280574760199,2.283561053517661,1.043402806412503,1.46,4.88,6.19,1.47,2.7,1.49,4.9,5.87,1.45,2.7,2425
2425,2025-04-26,Holstein Kiel,M'gladbach,4,3,H,1,1,0.305727258252516,0.24009044122374867,0.4541823005237355,0.6954081658599286,0.7015890392272522,1.610886434487924,1.97873208699851,2.54,3.74,2.6,1.48,2.66,3.06,3.86,2.15,1.47,2.62,2425
2425,2025-04-26,Hoffenheim,Dortmund,2,3,A,1,1,0.2676232134046699,0.23125988972174474,0.5011168968735855,0.708890439201707,0.7032254219251582,1.5391744366712525,2.127564173061503,3.97,3.96,1.84,1.53,2.5,4.15,4.3,1.73,1.42,2.78,2425
2425,2025-04-26,Bayern Munich,Mainz,3,0,H,1,0,0.7303195068328289,0.17017805770737687,0.09950243545979423,0.6998389716545703,0.5780553846341873,2.6702423990609687,0.944595927240578,1.23,7.02,10.41,1.26,3.84,1.22,7.12,11.36,1.32,3.29,2425
2425,2025-04-26,Leverkusen,Augsburg,2,0,H,0,0,0.6869399020973124,0.2066183699759661,0.10644172792672174,0.5726385774165679,0.49315662501088026,2.202389840289909,0.7790867621323552,1.48,4.67,6.24,1.63,2.29,1.36,5.01,8.72,1.76,2.08,2425
2425,2025-04-26,Ein Frankfurt,RB Leipzig,4,0,H,1,0,0.3738343589313255,0.2683337392917522,0.35783190177692237,0.5967980098603063,0.6336323260036408,1.563736993483957,1.5268624596223461,2.02,3.94,3.35,1.45,2.76,2.16,3.84,3.03,1.48,2.59,2425
2425,2025-04-26,Wolfsburg,Freiburg,0,1,A,0,0,0.4459991479460821,0.2717096228555676,0.2822912291983505,0.5632513152283256,0.6003467703913157,1.6554789357003314,1.2846001352105287,2.36,3.63,2.86,1.6,2.35,2.4,3.56,2.84,1.73,2.11,2425
2425,2025-04-27,Bochum,Union Berlin,1,1,D,0,1,0.3072655155172107,0.3025773178597427,0.3901571666230467,0.4592677034070547,0.5266294912366393,1.168760322433211,1.3432649783261343,2.37,3.37,3.04,1.88,1.94,2.3,3.49,3.04,1.82,2.01,2425
2425,2025-04-27,Werder Bremen,St Pauli,0,0,D,0,0,0.43499373050741547,0.31999647804780273,0.24500979144478194,0.3762883321499517,0.44982628400089836,1.2879791515417454,0.9083001946879031,1.99,3.56,3.75,1.86,1.97,1.9,3.68,3.93,1.83,1.99,2425
2425,2025-05-02,Heidenheim,Bochum,0,0,D,0,0,0.48720135861967373,0.26854966363670746,0.24424897774361903,0.5424992952480301,0.5731818457905458,1.6984875889058382,1.1520276260109348,2.36,3.38,3.02,1.89,1.94,2.29,3.54,3.06,1.68,2.2,2425
2425,2025-05-03,RB Leipzig,Bayern Munich,3,3,D,1,1,0.25745256857678,0.23620908844367144,0.5063383429795485,0.6763428582837103,0.6752772722496309,1.4356182848985142,2.049257299213312,4.12,4.52,1.71,1.3,3.48,4.49,4.57,1.64,1.34,3.17,2425
2425,2025-05-03,Union Berlin,Werder Bremen,2,2,D,1,1,0.3943807789130713,0.2982128952484847,0.3074063258384441,0.4664139983420614,0.5308516694293256,1.3620211762328482,1.1780119563001217,3.12,3.45,2.28,1.86,1.96,2.72,3.42,2.56,1.86,1.96,2425
2425,2025-05-03,St Pauli,Stuttgart,0,1,A,0,0,0.28011074406220393,0.3193439012404594,0.4005453546973367,0.3864077489101767,0.4645405588864756,0.996312132789148,1.2377607072631132,2.79,3.46,2.5,1.79,2.05,2.67,3.47,2.57,1.83,2.0,2425
2425,2025-05-03,Dortmund,Wolfsburg,4,0,H,1,0,0.5941980762817386,0.2178333708552215,0.1879685528630399,0.6763740272915261,0.6442113263639041,2.2552979399550974,1.2297695450829724,1.27,6.36,9.43,1.31,3.4,1.32,5.97,7.96,1.31,3.35,2425
2425,2025-05-03,M'gladbach,Hoffenheim,4,4,D,1,1,0.49911435006196325,0.23210308966615095,0.26878256027188563,0.7000963728689518,0.6960701183403948,2.096330801086785,1.5198078907444592,2.26,3.95,2.84,1.36,3.11,2.1,3.95,3.11,1.44,2.71,2425
2425,2025-05-04,Freiburg,Leverkusen,2,2,D,1,1,0.23306673922459198,0.26097548015811595,0.505957780617292,0.5614776963284213,0.5828716021833046,1.1543337633773358,1.777994331968222,3.14,3.55,2.23,1.63,2.3,3.08,3.51,2.27,1.75,2.09,2425
2425,2025-05-04,Mainz,Ein Frankfurt,1,1,D,0,1,0.3788817297941127,0.2785865749124104,0.34253169529347693,0.5469260225727972,0.5947437757899872,1.4752283322367938,1.394184591143709,2.36,3.62,2.87,1.6,2.34,2.38,3.64,2.82,1.62,2.31,2425
2425,2025-05-04,Augsburg,Holstein Kiel,1,3,A,1,1,0.5123661339099748,0.2524701924460555,0.23516367364396965,0.595531655859203,0.6084843678985467,1.866648973277197,1.2181311896667744,1.78,3.97,4.23,1.64,2.26,1.84,3.76,4.14,1.81,2.01,2425
2425,2025-05-09,Wolfsburg,Hoffenheim,2,2,D,1,1,0.48800422367293883,0.24789993117272302,0.26409584515433837,0.6410588536862821,0.6522276198781074,1.9198365979460312,1.3825917762551834,2.77,3.61,2.46,1.49,2.61,2.29,3.7,2.94,1.5,2.57,2425
2425,2025-05-10,Bochum,Mainz,1,4,A,1,1,0.25702328328242047,0.2805002146262405,0.4624765020913392,0.5136957694178261,0.5570970084237701,1.1391255087910837,1.5908770909221734,3.07,3.83,2.16,1.56,2.44,2.95,3.68,2.27,1.64,2.26,2425
2425,2025-05-10,Holstein Kiel,Freiburg,1,2,A,1,1,0.32108523540203104,0.24956133729816357,0.42935342729980547,0.6622542555328409,0.6791410688913959,1.5744447713946936,1.8359233210851051,3.43,3.73,2.04,1.58,2.37,3.21,3.8,2.09,1.52,2.48,2425
2425,2025-05-10,Union Berlin,Heidenheim,0,3,A,1,0,0.46287150893423273,0.3009131414268969,0.2362153496388706,0.42869612542082713,0.48690691315844437,1.4326334662078404,0.9612650733530933,2.02,3.56,3.64,1.79,2.05,2.19,3.47,3.28,1.91,1.9,2425
2425,2025-05-10,Werder Bremen,RB Leipzig,0,0,D,0,0,0.2993895567317194,0.26407080138424094,0.43653964188403954,0.5979409581991849,0.6287590579678698,1.3891937847589864,1.7066744272755396,1.97,4.06,3.39,1.38,3.02,2.36,3.68,2.82,1.52,2.48,2425
2425,2025-05-10,Bayern Munich,M'gladbach,2,0,H,0,0,0.8042031245630951,0.12119082873933504,0.07460604669756984,0.8273962431740511,0.647115726180959,3.42128062233791,1.0887158942865782,1.14,9.73,15.06,1.14,5.51,1.16,9.49,12.4,1.16,4.8,2425
2425,2025-05-11,Leverkusen,Dortmund,2,4,A,1,1,0.5298807059289061,0.23582496884276175,0.23429432522833205,0.6638153638286624,0.6587766302532152,2.0724794428400832,1.3460423713510505,2.54,3.8,2.55,1.47,2.69,2.65,3.94,2.39,1.47,2.64,2425
2425,2025-05-11,Ein Frankfurt,St Pauli,2,2,D,1,1,0.5374060561277562,0.292863150955174,0.16973079291706986,0.3904410151772906,0.4245720506223542,1.5030577685012267,0.746120000367696,1.56,4.29,5.66,1.65,2.24,1.52,4.49,5.96,1.7,2.14,2425
2425,2025-05-11,Stuttgart,Augsburg,4,0,H,1,0,0.5752279806907159,0.24577132541398822,0.17900069389529596,0.5627683788698746,0.5564800849258397,1.9304263313040129,1.0075482032697611,1.53,4.61,5.52,1.43,2.81,1.55,4.46,5.47,1.52,2.47,2425
2425,2025-05-17,Mainz,Leverkusen,2,2,D,1,1,0.26376803219455086,0.27619183943189085,0.4600401283735584,0.5383188864353077,0.5778671935763893,1.197192288621773,1.6355710439554314,2.44,3.78,2.68,1.46,2.71,2.18,3.94,2.94,1.44,2.73,2425
2425,2025-05-17,M'gladbach,Wolfsburg,0,1,A,0,0,0.43781173678531726,0.25590238970293616,0.30628587351174674,0.6364253942709137,0.6586756619497014,1.7959184568978,1.483516142200254,2.28,4.06,2.74,1.33,3.29,2.19,4.23,2.79,1.29,3.44,2425
2425,2025-05-17,Hoffenheim,Bayern Munich,0,4,A,1,0,0.13358691795816927,0.17153329493441477,0.6948797871074162,0.7744475105739603,0.6797109288933845,1.2490825331248114,2.838772403509878,4.48,4.56,1.65,1.32,3.38,5.11,5.23,1.5,1.25,3.76,2425
2425,2025-05-17,RB Leipzig,Stuttgart,2,3,A,1,1,0.46532698539891293,0.2549537803996313,0.2797192342014558,0.6276792571451544,0.6471373738442725,1.8382028658569665,1.398389920039545,1.91,4.34,3.39,1.29,3.56,1.99,4.24,3.19,1.32,3.31,2425
2425,2025-05-17,Freiburg,Ein Frankfurt,1,3,A,1,1,0.365451216456476,0.27399305292991144,0.3605557306136128,0.5764742753103369,0.6187240126376023,1.5048162234485463,1.4936880974036573,2.34,3.6,2.9,1.6,2.33,2.37,3.72,2.76,1.52,2.46,2425
2425,2025-05-17,Dortmund,Holstein Kiel,3,0,H,1,0,0.7706249810966346,0.13590194847406933,0.09347307042929617,0.823659067029867,0.6756229178135394,3.287560929630155,1.1889988031136838,1.13,9.8,16.55,1.17,4.91,1.08,12.72,21.58,1.13,5.4,2425
2425,2025-05-17,Augsburg,Union Berlin,1,2,A,1,1,0.38137327057138726,0.32204525273098356,0.2965814766976292,0.392759544684625,0.47375013685148815,1.2141969970299995,1.043673522378094,1.88,3.68,4.07,1.73,2.12,2.08,3.47,3.52,1.63,2.26,2425
2425,2025-05-17,Heidenheim,Werder Bremen,1,4,A,1,1,0.3533411266962734,0.286618521346685,0.36004035195704176,0.5269376052516785,0.581304301219831,1.3850795194458718,1.3998152707443745,2.61,3.8,2.48,1.46,2.71,2.3,3.87,2.78,1.94,1.87,2425
2425,2025-05-17,St Pauli,Bochum,0,2,A,0,0,0.460281886357859,0.32082750872393073,0.21889060491821025,0.3591187923400203,0.4277914469734012,1.3054418323373922,0.8269920701426701,1.74,4.04,4.42,1.62,2.3,1.67,4.2,4.68,1.58,2.36,2425
2526,2025-08-22,Bayern Munich,RB Leipzig,6,0,H,1,0,0.6676716441076502,0.189417617653389,0.1429107382389607,0.7177037124480986,0.642021439463474,2.5617241563933684,1.157019320326869,1.23,6.98,9.87,1.22,4.06,1.21,7.13,10.3,1.24,3.91,2526
2526,2025-08-23,Ein Frankfurt,Werder Bremen,4,1,H,1,1,0.5347222497673516,0.24208933117113487,0.22318841906151352,0.6268752252344263,0.626796304332854,1.9902731025245843,1.2424234953652349,1.53,4.55,5.28,1.42,2.77,1.69,4.0,4.46,1.55,2.35,2526
2526,2025-08-23,Freiburg,Augsburg,1,3,A,1,1,0.49273578302706095,0.2789315177077574,0.22833269926518177,0.4949172692486582,0.5328181318994619,1.6154299377214478,1.0380739246496489,1.93,3.5,3.88,1.93,1.83,1.82,3.58,4.25,1.89,1.87,2526
2526,2025-08-23,Heidenheim,Wolfsburg,1,3,A,1,1,0.3201224746503306,0.2859149602425769,0.39396256510709243,0.5181867439100694,0.5719878589906626,1.293437100768811,1.4550892597655605,2.74,3.38,2.5,1.8,1.98,3.05,3.51,2.2,1.68,2.12,2526
2526,2025-08-23,Leverkusen,Hoffenheim,1,2,A,1,1,0.7065131874583702,0.17635382776905745,0.11713298477257239,0.7155562409934898,0.613145000231852,2.6566463800332984,1.0493836959168137,1.71,4.15,4.24,1.53,2.43,1.5,4.63,5.56,1.46,2.62,2526
2526,2025-08-23,Union Berlin,Stuttgart,2,1,H,1,1,0.27721654116013805,0.2813716268286096,0.44141183201125245,0.5194291492775798,0.5661160209083349,1.1961829684971033,1.5574852469264227,3.91,3.78,1.85,1.63,2.21,3.3,3.59,2.06,1.66,2.16,2526
2526,2025-08-23,St Pauli,Dortmund,3,3,D,1,1,0.21016051003045705,0.2899754860511817,0.4998640039183611,0.44060539520204345,0.48462191226053186,0.914099535388069,1.5255131828130635,4.04,3.65,1.86,1.77,2.01,4.52,3.85,1.71,1.75,2.02,2526
2526,2025-08-24,Mainz,FC Koln,0,1,A,0,0,0.548941217264743,0.26489260977258333,0.18616617296267357,0.5001743740294788,0.5152891894382999,1.7400786201165033,0.9346935037280124,1.95,3.6,3.7,1.79,1.98,1.86,3.61,3.95,1.8,1.96,2526
2526,2025-08-24,M'gladbach,Hamburg,0,0,D,0,0,0.5732488072705066,0.254719028498454,0.1720321642310393,0.5173405657696779,0.5183047975543842,1.8260130842575333,0.9190218512167059,1.89,3.87,3.65,1.52,2.45,1.82,3.92,3.78,1.5,2.47,2526
2526,2025-08-29,Hamburg,St Pauli,0,2,A,0,0,0.2900308348657048,0.4154168532259837,0.29455231190831144,0.16247299667776105,0.2640263758430801,0.687891466661519,0.6953749431895966,2.42,3.22,2.97,2.1,1.7,2.39,3.26,2.99,2.02,1.76,2526
2526,2025-08-30,Augsburg,Bayern Munich,2,3,A,1,1,0.11089844442474031,0.18405114663466193,0.7050504089405978,0.6636330480650496,0.5639313441002689,0.9282685391519434,2.489384805060391,9.33,5.93,1.28,1.4,2.86,9.87,6.41,1.24,1.32,3.23,2526
2526,2025-08-30,Werder Bremen,Leverkusen,3,3,D,1,1,0.229882252632018,0.2464396404429121,0.5236781069250698,0.6108906316408349,0.617063126379075,1.2301497520687021,1.9261104007417873,3.54,3.9,1.92,1.44,2.68,3.56,3.83,1.91,1.54,2.38,2526
2526,2025-08-30,Hoffenheim,Ein Frankfurt,1,3,A,1,1,0.3098966746926979,0.24545442223931568,0.4446489030679863,0.6669503328881647,0.6799949115150923,1.5539961293042202,1.8809475232997617,2.64,3.79,2.4,1.42,2.75,2.84,3.76,2.24,1.47,2.58,2526
2526,2025-08-30,RB Leipzig,Heidenheim,2,0,H,0,0,0.6347476320049832,0.21710197152810842,0.14815039646690842,0.6130543405221343,0.567128092480527,2.1810477878072563,0.9854547735329746,1.47,4.88,5.82,1.41,2.8,1.42,4.83,6.48,1.5,2.5,2526
2526,2025-08-30,Stuttgart,M'gladbach,1,0,H,0,0,0.5665214528345738,0.2212474446499977,0.21223110251542843,0.690306886158381,0.6674016924156434,2.2281003053455533,1.333043062901051,1.57,4.59,4.9,1.34,3.16,1.59,4.45,4.75,1.4,2.83,2526
2526,2025-08-31,Wolfsburg,Mainz,1,1,D,0,1,0.39777100252742936,0.28541783462852865,0.316811162844042,0.5129204480679543,0.5667882666424251,1.451735474442479,1.2750773549745624,2.14,3.53,3.23,1.73,2.06,2.04,3.62,3.34,1.72,2.06,2526
2526,2025-08-31,Dortmund,Union Berlin,3,0,H,1,0,0.6323775707795147,0.21825381862963203,0.14936861059085313,0.6108177047327815,0.5665888538564291,2.1699230895177886,0.9860144384772749,1.41,4.84,6.88,1.56,2.36,1.38,5.06,7.02,1.49,2.53,2526
2526,2025-08-31,FC Koln,Freiburg,4,1,H,1,1,0.3298044757360941,0.2932808419489425,0.3769146823149635,0.4859116083482346,0.547340880740905,1.2582253812137387,1.3591025859241403,2.53,3.31,2.72,1.87,1.9,2.5,3.26,2.74,1.97,1.79,2526
2526,2025-09-12,Leverkusen,Ein Frankfurt,3,1,H,1,1,0.5367771364672883,0.23733539170974735,0.22588747182296426,0.6399788681426397,0.6362323953336251,2.025032208981621,1.272025334298415,2.12,3.72,3.13,1.51,2.48,2.1,3.8,3.11,1.44,2.72,2526
2526,2025-09-13,Union Berlin,Hoffenheim,2,4,A,1,1,0.4044503533236832,0.2809196591161907,0.31462998756012606,0.5269306170949843,0.5767291916965825,1.4913750125571292,1.2934908147959137,2.74,3.4,2.49,1.79,1.98,2.56,3.39,2.64,1.86,1.9,2526
2526,2025-09-13,Bayern Munich,Hamburg,5,0,H,1,0,0.8676972600758318,0.10527596609842124,0.027026773825746926,0.6529646047760012,0.33800903573541136,2.929828023820834,0.4330664243862118,1.07,12.59,25.03,1.15,5.3,1.06,11.91,26.44,1.2,4.25,2526
2526,2025-09-13,Wolfsburg,FC Koln,3,3,D,1,1,0.49134290790085805,0.2722321522767982,0.23642493982234367,0.5170022779263976,0.5506988651673775,1.6540068007898543,1.0896265494982713,1.92,3.65,3.76,1.73,2.06,1.96,3.56,3.66,1.78,1.98,2526
2526,2025-09-13,Freiburg,Stuttgart,3,1,H,1,1,0.3255726973475628,0.2620597587572287,0.41236754389520835,0.6037464294731286,0.6351153454065676,1.4607710141852992,1.6620057336426841,2.62,3.54,2.53,1.64,2.19,2.84,3.59,2.29,1.58,2.29,2526
2526,2025-09-13,Mainz,RB Leipzig,0,1,A,0,0,0.3625257026929056,0.2793084299155679,0.35816586739152645,0.5394649699136309,0.5887763728707457,1.4236445841941654,1.413974653450612,2.32,3.69,2.8,1.52,2.47,2.56,3.58,2.53,1.63,2.21,2526
2526,2025-09-13,Heidenheim,Dortmund,0,2,A,0,0,0.1864850944999041,0.22187381636902717,0.5916410891310686,0.6538287399790627,0.6257486629517277,1.1802856345764334,2.1866324832907695,4.98,4.44,1.58,1.46,2.63,5.16,4.39,1.55,1.49,2.55,2526
2526,2025-09-14,St Pauli,Augsburg,2,1,H,1,1,0.395048794035202,0.33306174905845565,0.27188945690634264,0.33719160156952177,0.42242871623780653,1.144752263300418,0.9064946937424136,2.11,3.37,3.43,1.96,1.82,2.19,3.31,3.25,2.04,1.73,2526
2526,2025-09-14,M'gladbach,Werder Bremen,0,4,A,1,0,0.44035869652450793,0.2515441038021433,0.30809719967334875,0.6399418119561296,0.6595340772602736,1.8058914269608393,1.490971646737043,2.09,3.89,3.09,1.42,2.79,1.92,3.92,3.46,1.48,2.55,2526
2526,2025-09-19,Stuttgart,St Pauli,2,0,H,0,0,0.5323568364286289,0.2749453541657611,0.1926978094056103,0.45817947353556393,0.48556659392438384,1.6190227538851112,0.8887536516765073,1.82,3.88,3.89,1.6,2.28,1.75,3.89,4.33,1.7,2.1,2526
2526,2025-09-20,Augsburg,Mainz,1,4,A,1,1,0.3182135985092149,0.299467625428619,0.38231877606216597,0.4525828267368162,0.5195382453528826,1.1758475453380965,1.310122383255267,2.61,3.47,2.58,1.72,2.08,2.66,3.34,2.55,1.88,1.87,2526
2526,2025-09-20,Hamburg,Heidenheim,2,1,H,1,1,0.2282096761049271,0.33008563653992573,0.44170468735514723,0.3203799722716309,0.39623108638523524,0.7895266354239545,1.1995981596999905,1.77,3.87,4.2,1.64,2.21,2.02,3.51,3.45,1.77,2.0,2526
2526,2025-09-20,Hoffenheim,Bayern Munich,1,4,A,1,1,0.12292130204115909,0.15933001558726576,0.7177486823715752,0.7872523568754112,0.6768800930617526,1.2293228164560812,2.9522031574851857,6.98,5.37,1.37,1.32,3.26,7.48,5.7,1.32,1.3,3.38,2526
2526,2025-09-20,Werder Bremen,Freiburg,0,3,A,1,0,0.4396628429381694,0.2591945778311208,0.30114257923070975,0.6010990552068742,0.6290147361542472,1.7159165060951618,1.3945579820500418,2.37,3.55,2.79,1.64,2.2,2.37,3.59,2.72,1.6,2.26,2526
2526,2025-09-20,RB Leipzig,FC Koln,3,1,H,1,1,0.590392932930073,0.23324748841114065,0.17635957865878624,0.5892303207610387,0.5706616303685589,2.020551494355985,1.0354285477609249,1.86,4.01,3.64,1.4,2.88,1.65,4.15,4.61,1.55,2.37,2526
2526,2025-09-21,Ein Frankfurt,Union Berlin,3,4,A,1,1,0.5750062053715526,0.24510961014466498,0.1798841844837824,0.5490411974049794,0.5438460843584975,1.8950485113272286,0.9834417399410798,1.62,4.17,4.92,1.59,2.3,1.55,4.27,5.27,1.58,2.29,2526
2526,2025-09-21,Leverkusen,M'gladbach,1,1,D,0,1,0.6773725889923836,0.18942078276973864,0.13320662823787752,0.6864169723890846,0.6059979552862668,2.485315235780738,1.0543962153912538,1.51,4.45,5.74,1.56,2.36,1.55,4.52,5.01,1.43,2.7,2526
2526,2025-09-21,Dortmund,Wolfsburg,1,0,H,0,0,0.6133408736864938,0.20924015237942245,0.17741897393408396,0.6855337359681715,0.6425569148860747,2.3246712222397226,1.2101427813669907,1.52,4.57,5.36,1.43,2.72,1.47,4.72,5.78,1.44,2.67,2526
2526,2025-09-26,Bayern Munich,Werder Bremen,4,0,H,1,0,0.8020368875900453,0.12581649762122288,0.0721466147887316,0.7887794513134533,0.6020990237590469,3.221744707729076,0.9716766083763302,1.1,10.52,18.3,1.19,4.49,1.09,10.97,20.23,1.17,4.79,2526
2526,2025-09-27,St Pauli,Leverkusen,1,2,A,1,1,0.2017108444148446,0.28800689413242625,0.5102822614527291,0.42342635256133154,0.46452729456036745,0.8643926418371954,1.5093896171698793,2.97,3.42,2.32,1.82,1.95,3.12,3.45,2.18,1.84,1.92,2526
2526,2025-09-27,M'gladbach,Ein Frankfurt,4,6,A,1,1,0.3247166813395042,0.2482621013281415,0.4270212173323543,0.6526878873482527,0.6703725258638759,1.5578435692251809,1.8032204699729029,2.9,3.63,2.26,1.53,2.44,2.98,3.68,2.18,1.48,2.56,2526
2526,2025-09-27,Wolfsburg,RB Leipzig,0,1,A,0,0,0.327460630425831,0.26887852112314736,0.40366084845102185,0.5702700594573501,0.609533392494469,1.3991253855318444,1.5718266266833907,2.59,3.65,2.48,1.48,2.58,2.54,3.65,2.5,1.51,2.47,2526
2526,2025-09-27,Heidenheim,Augsburg,2,1,H,1,1,0.3653597166984516,0.2927590142617692,0.34188126903977933,0.4795072789296348,0.5416368295527905,1.3209166829380865,1.2708733933219487,2.82,3.46,2.39,1.73,2.07,2.69,3.46,2.46,1.74,2.03,2526
2526,2025-09-27,Mainz,Dortmund,0,2,A,0,0,0.30809606497856723,0.2615860341672251,0.4303179008542075,0.5934803897771672,0.6243933479320447,1.396755529745686,1.6786099088500568,3.39,3.76,2.0,1.56,2.36,3.14,3.74,2.08,1.57,2.33,2526
2526,2025-09-28,Freiburg,Hoffenheim,1,1,D,0,1,0.4832664100787606,0.24307155587130824,0.27366203404993134,0.6498630826555697,0.6588245929148949,1.9260074687254412,1.4206893197586257,2.29,3.35,3.08,1.77,2.01,2.19,3.59,3.01,1.58,2.28,2526
2526,2025-09-28,FC Koln,Stuttgart,1,2,A,1,1,0.2758412049224809,0.25788967114849515,0.46626912392902387,0.5925767775161218,0.617333938442309,1.3152074216774434,1.7560239807786766,2.53,3.62,2.55,1.5,2.51,2.78,3.64,2.29,1.53,2.41,2526
2526,2025-09-28,Union Berlin,Hamburg,0,0,D,0,0,0.5625333707261895,0.27752955953210856,0.15993706974170213,0.40755434247037564,0.4260902127870028,1.5786678835765218,0.7348959646157855,1.97,3.57,3.65,1.78,2.0,1.97,3.53,3.61,1.78,1.97,2526
2526,2025-10-03,Hoffenheim,FC Koln,0,1,A,0,0,0.473693726423899,0.24954782879825096,0.2767584447778499,0.6265097332569104,0.6425294915327875,1.8488133580646813,1.3821039796277539,1.94,3.76,3.56,1.55,2.39,1.91,3.82,3.61,1.53,2.42,2526
2526,2025-10-04,Augsburg,Wolfsburg,3,1,H,1,1,0.3286421467573624,0.2873439864147924,0.3840138668278451,0.4989325788315597,0.5559487738241802,1.275056351146535,1.3946784461255592,2.5,3.51,2.67,1.67,2.15,2.71,3.53,2.42,1.7,2.09,2526
2526,2025-10-04,Dortmund,RB Leipzig,1,1,D,0,1,0.5006360122010027,0.23978553967942695,0.25957844811957015,0.6536781636602723,0.6577177928908182,1.9752988218189833,1.390829647714706,1.67,4.5,4.12,1.3,3.4,1.68,4.36,4.14,1.36,3.03,2526
2526,2025-10-04,Werder Bremen,St Pauli,1,0,H,0,0,0.4342367665202511,0.30194427806756413,0.2638189554121848,0.42434061868265793,0.4886603127859644,1.3645406868393932,1.012726253705941,2.31,3.51,2.9,1.66,2.17,2.32,3.51,2.86,1.74,2.03,2526
2526,2025-10-04,Ein Frankfurt,Bayern Munich,0,3,A,1,0,0.19678502865642633,0.2000044562611091,0.6032105150824646,0.7481327413764332,0.702204731682293,1.4128165634184424,2.495470920803405,6.7,5.66,1.36,1.22,4.08,5.9,5.19,1.42,1.28,3.54,2526
2526,2025-10-04,Leverkusen,Union Berlin,2,0,H,0,0,0.6535493162259847,0.2167363466442989,0.1297143371297166,0.5687422648560144,0.5146530860193308,2.112151911278466,0.8520772274182996,1.7,3.89,4.69,1.79,1.98,1.68,3.91,4.65,1.75,2.02,2526
2526,2025-10-05,Stuttgart,Heidenheim,1,0,H,0,0,0.6460542591423326,0.21029787475038944,0.14364786610727814,0.6228890342652639,0.5685240726676042,2.2306462337064383,0.9828098638660487,1.39,5.06,6.99,1.44,2.7,1.42,4.81,6.48,1.46,2.62,2526
2526,2025-10-05,Hamburg,Mainz,4,0,H,1,0,0.1892024862612916,0.30425399892867844,0.50654351481003,0.36185471403863584,0.41131397568055955,0.753570257992944,1.3890176851740987,3.08,3.67,2.14,1.54,2.42,2.76,3.54,2.36,1.69,2.1,2526
2526,2025-10-05,M'gladbach,Freiburg,0,0,D,0,0,0.3966401681642614,0.25816643979213383,0.3451933920436049,0.6174380611553729,0.6460866877618071,1.6537811388325228,1.533516141577332,2.59,3.36,2.66,1.84,1.93,2.27,3.53,2.92,1.7,2.1,2526
2526,2025-10-17,Union Berlin,M'gladbach,3,1,H,1,1,0.3927541952774586,0.2774242715817063,0.32982153314083495,0.5359027746680725,0.5838406553379277,1.4809533438245874,1.341591586033191,2.24,3.33,3.18,1.91,1.86,2.17,3.44,3.24,1.83,1.93,2526
2526,2025-10-18,RB Leipzig,Hamburg,2,1,H,1,1,0.602642457668624,0.24430096058379394,0.15305658174758224,0.5083839290451091,0.49348466432029614,1.863924017929128,0.8442922766201122,1.45,4.96,5.85,1.34,3.18,1.4,5.07,6.34,1.35,3.07,2526
2526,2025-10-18,Wolfsburg,Stuttgart,0,3,A,1,0,0.331296746955904,0.2653435889504544,0.4033596640936414,0.5842605489368821,0.6201730893848633,1.4343056696323249,1.5991395267193782,2.83,3.52,2.35,1.66,2.17,2.6,3.59,2.49,1.58,2.28,2526
2526,2025-10-18,Bayern Munich,Dortmund,2,1,H,1,1,0.6548128588114441,0.18604801424539155,0.1591391269431642,0.7476417586017169,0.6770219554557624,2.626232702225205,1.2789105502886358,1.35,5.52,7.41,1.3,3.43,1.34,5.52,7.34,1.31,3.31,2526
2526,2025-10-18,Mainz,Leverkusen,3,4,A,1,1,0.2594971338394822,0.2678296627780383,0.4726732033824793,0.5426798245483639,0.576041931303169,1.1865425327903345,1.6647407751407786,2.49,3.45,2.66,1.64,2.2,2.78,3.4,2.39,1.74,2.02,2526
2526,2025-10-18,FC Koln,Augsburg,1,1,D,0,1,0.4269876304421164,0.2842725674085252,0.28873980214935857,0.4970248014206256,0.5491425789688722,1.480620737813108,1.1813937391951645,1.98,3.78,3.43,1.54,2.4,1.98,3.79,3.39,1.57,2.31,2526
2526,2025-10-18,Heidenheim,Werder Bremen,2,2,D,1,1,0.32133704390993933,0.27466981067910085,0.4039931454109597,0.544817238318434,0.5897576762461039,1.3380832085859395,1.5223130317674591,2.67,3.46,2.51,1.65,2.17,2.84,3.53,2.32,1.66,2.16,2526
2526,2025-10-19,Freiburg,Ein Frankfurt,2,2,D,1,1,0.35373954016898024,0.25724753252607063,0.3890129273049493,0.6208730898202155,0.6488939762545619,1.5605517566532863,1.6431769094578885,2.46,3.54,2.69,1.6,2.27,2.48,3.57,2.6,1.6,2.27,2526
2526,2025-10-19,St Pauli,Hoffenheim,0,3,A,1,0,0.37897853534599946,0.30177965831025705,0.31924180634374344,0.44252385845385345,0.5115022864948747,1.2856350643434025,1.161375090904126,2.65,3.4,2.57,1.76,2.02,2.41,3.45,2.78,1.77,1.99,2526
2526,2025-10-24,Werder Bremen,Union Berlin,1,0,H,0,0,0.446080242975634,0.27627466208908463,0.27764509493528144,0.5267498722796614,0.5698140702113619,1.578330019394771,1.2057815199758284,2.29,3.46,2.99,1.69,2.12,2.24,3.52,3.03,1.68,2.13,2526
2526,2025-10-25,Augsburg,RB Leipzig,0,6,A,1,0,0.24621662880191164,0.26789572016369345,0.4858876510343948,0.5378765643939206,0.5690705020730652,1.1468251672745606,1.6840661577145488,3.23,3.8,2.04,1.48,2.59,3.25,3.91,1.99,1.44,2.69,2526
2526,2025-10-25,Ein Frankfurt,St Pauli,2,0,H,0,0,0.5642838593104069,0.26150920970212604,0.17420693098746698,0.4844433282641726,0.4936284215699814,1.7360404980776276,0.8754230927197508,1.64,4.26,4.59,1.48,2.58,1.68,4.06,4.43,1.56,2.35,2526
2526,2025-10-25,Hamburg,Wolfsburg,0,1,A,0,0,0.33880180574474994,0.30387954890232405,0.35731864535292596,0.4423497380864666,0.5131217764001684,1.2039245517765036,1.2424136698714794,2.16,3.66,3.08,1.54,2.41,2.32,3.58,2.81,1.61,2.26,2526
2526,2025-10-25,Hoffenheim,Heidenheim,3,1,H,1,1,0.5209839478130869,0.24611836294917108,0.23289768923774215,0.609806703129376,0.6166689639256266,1.9162966058282103,1.2348577337819577,1.57,4.37,5.13,1.49,2.53,1.57,4.38,5.03,1.48,2.56,2526
2526,2025-10-25,M'gladbach,Bayern Munich,0,3,A,1,0,0.10766477899134572,0.15741013034599918,0.734925090662655,0.7616261188159485,0.6370792735359263,1.099473064608544,2.8990381624724137,9.37,6.73,1.24,1.24,3.92,10.53,6.81,1.22,1.26,3.67,2526
2526,2025-10-25,Dortmund,FC Koln,1,0,H,0,0,0.6691010962577226,0.19914469896226722,0.13175420478001,0.6464000894474896,0.5746624997768037,2.3495501050651697,0.9796937846319539,1.37,5.12,7.38,1.45,2.65,1.42,4.97,6.36,1.4,2.8,2526
2526,2025-10-26,Leverkusen,Freiburg,2,0,H,0,0,0.6205925679547802,0.21864167705329837,0.1607657549919212,0.6243471382481404,0.5852107976520082,2.1760525291159634,1.0444266103045063,1.96,3.6,3.68,1.76,2.02,1.77,3.82,4.17,1.72,2.06,2526
2526,2025-10-26,Stuttgart,Mainz,2,1,H,1,1,0.5174179041005621,0.2529515982157688,0.22963049768366914,0.5803679650846294,0.5938528458982083,1.8416106549176918,1.1743202283584884,2.06,3.61,3.33,1.63,2.22,1.73,3.99,4.22,1.57,2.33,2526
2526,2025-10-31,Augsburg,Dortmund,0,1,A,0,0,0.18936786816549428,0.22903505316140874,0.5815970786730972,0.6139189691417037,0.595427597909722,1.1126445649518102,2.05793892250069,5.37,4.35,1.55,1.52,2.45,5.03,4.34,1.58,1.48,2.57,2526
2526,2025-11-01,Bayern Munich,Leverkusen,3,0,H,1,0,0.6138036122349083,0.20550024376295564,0.18069614400213602,0.6964629838526109,0.6514467925614147,2.355570589365148,1.240033586101372,1.26,6.2,9.42,1.35,3.07,1.22,6.85,10.44,1.25,3.76,2526
2526,2025-11-01,Union Berlin,Freiburg,0,0,D,0,0,0.3548445308489732,0.2949674977544253,0.35018797139660146,0.4613318872811305,0.526260473270785,1.2649511238280768,1.255147341054394,2.62,3.14,2.78,2.16,1.66,2.56,3.23,2.74,2.08,1.7,2526
2526,2025-11-01,St Pauli,M'gladbach,0,4,A,1,0,0.3446712688303035,0.30610282765171165,0.3492259035179848,0.420653038551683,0.4940132748896894,1.1769465300835453,1.1862735648940494,2.31,3.39,3.01,1.81,1.96,2.11,3.44,3.34,1.85,1.89,2526
2526,2025-11-01,RB Leipzig,Stuttgart,3,1,H,1,1,0.45535025990455835,0.2523786493628609,0.29227109073258084,0.6139432688293867,0.6353726474279751,1.776447989077975,1.3942364079600664,2.09,3.76,3.17,1.42,2.75,1.97,3.87,3.35,1.41,2.76,2526
2526,2025-11-01,Mainz,Werder Bremen,1,1,D,0,1,0.45245321841525066,0.26295671063747905,0.2845900709472704,0.5676785462706071,0.5995929232954175,1.6705208805162008,1.288996765911961,1.86,3.81,3.8,1.52,2.46,1.99,3.77,3.37,1.55,2.37,2526
2526,2025-11-01,Heidenheim,Ein Frankfurt,1,1,D,0,1,0.23162290446002737,0.24059760043561212,0.5277794951043604,0.6171067929520071,0.6193811113247768,1.2404902983869681,1.9452357806498695,4.0,4.03,1.77,1.51,2.47,3.48,3.96,1.91,1.47,2.59,2526
2526,2025-11-02,FC Koln,Hamburg,4,1,H,1,1,0.4152965868694324,0.3133316327226096,0.27137178040795806,0.38080085327531427,0.45460926607109897,1.2504213497737942,0.9626940184506028,2.43,3.54,2.74,1.57,2.34,2.1,3.64,3.19,1.62,2.23,2526
2526,2025-11-02,Wolfsburg,Hoffenheim,2,3,A,1,1,0.44237732959476106,0.2513524976046456,0.3062701728005933,0.6245114399172308,0.6457375795749485,1.7709982590204567,1.4502473846899537,2.7,3.7,2.37,1.48,2.58,2.76,3.68,2.31,1.53,2.39,2526
2526,2025-11-07,Werder Bremen,Wolfsburg,2,1,H,1,1,0.4266845552065024,0.26533325441382266,0.30798219037967495,0.5766271214482749,0.6116373079072692,1.6349058392090177,1.3642811580530558,2.14,3.64,3.14,1.55,2.38,2.18,3.64,3.07,1.55,2.39,2526
2526,2025-11-08,M'gladbach,FC Koln,3,1,H,1,1,0.4470369982154584,0.25973751361273495,0.2932254881718065,0.5926415540607258,0.6209419477105442,1.7133334618716076,1.3581933439176122,2.03,3.67,3.36,1.56,2.37,2.19,3.54,3.06,1.61,2.24,2526
2526,2025-11-08,Union Berlin,Bayern Munich,2,2,D,1,1,0.10039407247230794,0.18302444118000466,0.7165814863476873,0.6289539889565278,0.520663606773893,0.8258640644369462,2.4170045238958417,11.72,6.69,1.21,1.36,3.01,12.03,6.7,1.2,1.37,2.99,2526
2526,2025-11-08,Leverkusen,Heidenheim,6,0,H,1,0,0.7285973643290885,0.17595838620601517,0.09544424946489644,0.64411085927986,0.5243950206861503,2.490564396993972,0.8272171957673731,1.39,4.96,7.35,1.5,2.5,1.39,4.86,7.14,1.5,2.49,2526
2526,2025-11-08,Hoffenheim,RB Leipzig,3,1,H,1,1,0.2815732957181486,0.2396952145141759,0.47873148976767554,0.6664416739004639,0.6727404000860125,1.4759808770774836,1.9562919400895615,2.7,3.76,2.36,1.4,2.84,2.64,3.8,2.36,1.39,2.89,2526
2526,2025-11-08,Hamburg,Dortmund,1,1,D,0,1,0.15335403346085852,0.2273007134820955,0.6193452530570459,0.5718382785795709,0.5395088776783983,0.9351780277153472,2.0427317041640514,3.79,3.84,1.86,1.53,2.42,4.45,4.21,1.66,1.47,2.57,2526
2526,2025-11-09,Freiburg,St Pauli,2,1,H,1,1,0.50418013387922,0.2983991407867403,0.19742072533403954,0.3847744385414962,0.43274784153928564,1.4258662901197616,0.8020975295969011,1.77,3.57,4.61,1.99,1.79,1.82,3.51,4.32,1.97,1.78,2526
2526,2025-11-09,Stuttgart,Augsburg,3,2,H,1,1,0.6180525787630484,0.22321700785589368,0.15873041338105776,0.5972091637275577,0.5625736923183495,2.100870871276988,0.9916437971392843,1.51,4.52,5.58,1.5,2.51,1.5,4.49,5.63,1.53,2.41,2526
2526,2025-11-09,Ein Frankfurt,Mainz,1,0,H,0,0,0.506047229270123,0.24695681526026048,0.24699595546961636,0.6132774648007993,0.623628396952506,1.8898166304467934,1.2777176867581337,1.84,3.9,3.84,1.54,2.41,1.84,3.93,3.73,1.53,2.41,2526
2526,2025-11-21,Mainz,Hoffenheim,1,1,D,0,1,0.455927140679219,0.2544737283254147,0.2895991309953661,0.6083767859698999,0.6313147111229522,1.766438914068285,1.3779898342349055,2.49,3.52,2.67,1.65,2.19,2.48,3.56,2.65,1.6,2.27,2526
2526,2025-11-22,Dortmund,Stuttgart,3,3,D,1,1,0.5202640308449431,0.23518955642079442,0.24454641273426242,0.6546037186060956,0.6525866701376739,2.021214075201941,1.3496540628461955,1.78,3.88,4.14,1.55,2.39,1.74,4.03,4.11,1.51,2.47,2526
2526,2025-11-22,Wolfsburg,Leverkusen,1,3,A,1,1,0.2226820034383129,0.24331559338631686,0.5340024031753703,0.6016598422321983,0.60487882975599,1.1892588666894461,1.923823856656111,3.37,3.81,2.0,1.5,2.51,3.43,3.71,1.98,1.6,2.26,2526
2526,2025-11-22,FC Koln,Ein Frankfurt,3,4,A,1,1,0.29540231238258086,0.2572572207599563,0.44734046685746287,0.60007690499257,0.6263532442254,1.3766050843377207,1.7291339065784044,2.7,3.6,2.41,1.55,2.38,2.91,3.77,2.19,1.5,2.49,2526
2526,2025-11-22,Bayern Munich,Freiburg,6,2,H,1,1,0.7886394629986674,0.13900908049231714,0.07235145650901571,0.7255556436099513,0.5456076372270241,2.921921342739632,0.8443990866913595,1.16,7.7,14.81,1.36,3.05,1.17,7.25,13.25,1.34,3.12,2526
2526,2025-11-22,Heidenheim,M'gladbach,0,3,A,1,0,0.3151714897370839,0.26101061781134344,0.42381789245157264,0.5928947467990153,0.6242304144116063,1.4111975559998613,1.6614867648116416,3.25,3.61,2.09,1.65,2.18,3.14,3.58,2.14,1.66,2.15,2526
2526,2025-11-22,Augsburg,Hamburg,1,0,H,0,0,0.4467354489849577,0.29665229083244943,0.25661226018259287,0.43220290969064984,0.491730663603155,1.4012464833460136,1.0060754973664445,2.44,3.39,2.81,1.75,2.03,2.3,3.51,2.89,1.68,2.11,2526
2526,2025-11-23,RB Leipzig,Werder Bremen,2,0,H,0,0,0.5818777440484317,0.22614853211184102,0.19197372383972716,0.6331352683755397,0.6118869444426818,2.107546131994066,1.1557063449741642,1.51,4.72,5.34,1.33,3.22,1.43,5.0,5.94,1.32,3.24,2526
2526,2025-11-23,St Pauli,Union Berlin,0,1,A,0,0,0.3129772788194878,0.3400823929057648,0.34694032827474736,0.3152664415309571,0.4067396390257479,0.9528861707669349,1.0173443219951084,2.63,2.97,2.9,2.46,1.52,2.43,3.21,2.91,2.1,1.69,2526
2526,2025-11-28,M'gladbach,RB Leipzig,0,0,D,0,0,0.29832640518108483,0.2462417907475956,0.45543180407131945,0.6408107575223236,0.6562448038746326,1.4631636468333233,1.8380254259305786,2.81,3.76,2.27,1.44,2.68,2.84,3.8,2.24,1.42,2.72,2526
2526,2025-11-29,Bayern Munich,St Pauli,3,1,H,1,1,0.8415691453696612,0.11857811751610974,0.03985273711422919,0.6606412815023303,0.39771931429042323,2.8640189643733223,0.5383069325871845,1.11,9.52,20.94,1.28,3.56,1.09,9.91,21.25,1.24,3.8,2526
2526,2025-11-29,Hoffenheim,Augsburg,3,0,H,1,0,0.5192220502821202,0.24272666193513442,0.23805128778274542,0.6136013770610562,0.6192164163014139,1.91764938090755,1.2514200384153875,1.71,4.03,4.4,1.54,2.42,1.67,4.18,4.44,1.53,2.41,2526
2526,2025-11-29,Union Berlin,Heidenheim,1,2,A,1,1,0.5063742510793542,0.2797188629334677,0.21390688598717802,0.4519778596215104,0.4897482050090934,1.552956050376359,0.9306637772090565,1.58,3.84,6.0,2.05,1.73,1.64,3.87,5.02,1.85,1.91,2526
2526,2025-11-29,Werder Bremen,FC Koln,1,1,D,0,1,0.4679226348713253,0.2576327141261641,0.27444465100251036,0.581892594986212,0.6075245666794828,1.733782581401515,1.2889947193695617,2.18,3.71,2.99,1.54,2.41,2.21,3.74,2.89,1.52,2.44,2526
2526,2025-11-29,Leverkusen,Dortmund,1,2,A,1,1,0.48551625038956236,0.2399346431017608,0.27454910650867687,0.6531736441587173,0.6600618573103373,1.936691430814581,1.4268568408443567,2.66,3.54,2.49,1.57,2.34,2.47,3.62,2.59,1.56,2.35,2526
2526,2025-11-30,Freiburg,Mainz,4,0,H,1,0,0.40795540956644416,0.28103257508311463,0.3110120153504413,0.5070027086137149,0.5586657532359215,1.4566921918635682,1.2458700519509271,1.73,3.7,4.64,1.72,2.08,1.91,3.43,3.95,1.95,1.8,2526
2526,2025-11-30,Hamburg,Stuttgart,2,1,H,1,1,0.2030491545119142,0.26125278307841837,0.5356980624096676,0.5062892276310601,0.5244131865321239,0.9807088773592513,1.71894301629558,2.73,3.51,2.43,1.63,2.23,3.02,3.68,2.15,1.53,2.42,2526
2526,2025-11-30,Ein Frankfurt,Wolfsburg,1,1,D,0,1,0.5607456362773635,0.22779156462394334,0.2114627990986932,0.6459026923368922,0.6311994683760765,2.090524063270456,1.2361743599090065,1.92,3.87,3.55,1.48,2.57,1.7,4.17,4.22,1.46,2.61,2526
2526,2025-12-05,Mainz,M'gladbach,0,1,A,0,0,0.43157024870190525,0.26588773954662986,0.3025420117514649,0.578184062491471,0.6127533518088324,1.6503841446317296,1.3557585555968006,2.67,3.38,2.54,1.7,2.09,2.55,3.41,2.65,1.7,2.1,2526
2526,2025-12-06,RB Leipzig,Ein Frankfurt,6,0,H,1,0,0.48702770284055663,0.24542526793061162,0.2675470292288318,0.6400860399466998,0.6505289740288346,1.9118155668192054,1.3857684518174027,1.72,3.99,4.32,1.53,2.43,1.73,4.13,4.06,1.42,2.73,2526
2526,2025-12-06,Stuttgart,Bayern Munich,0,5,A,1,0,0.19101512531877815,0.20512926881612178,0.6038556058651001,0.7232195949647277,0.6801448101703869,1.3358079592438958,2.416011399866667,4.7,4.67,1.58,1.3,3.39,5.43,5.0,1.47,1.33,3.23,2526
2526,2025-12-06,Wolfsburg,Union Berlin,3,1,H,1,1,0.434997476761439,0.29323143137356783,0.27177109186499315,0.46181221143837337,0.5197837787131606,1.4337616064954315,1.0882177564595517,2.0,3.45,3.68,1.89,1.88,2.1,3.41,3.38,1.87,1.88,2526
2526,2025-12-06,FC Koln,St Pauli,1,1,D,0,1,0.46727736822163746,0.3058136095837702,0.2269090221945923,0.3922634767937991,0.45297147883847233,1.3719575806312543,0.884052445986465,1.99,3.47,3.7,1.89,1.87,1.95,3.55,3.68,1.83,1.93,2526
2526,2025-12-06,Augsburg,Leverkusen,2,0,H,0,0,0.16838521569904225,0.23004832642143958,0.6015664578795179,0.5923096576447925,0.5676829405707267,1.0166179052650077,2.053406994672976,3.33,3.56,2.08,1.65,2.18,3.68,3.8,1.88,1.58,2.31,2526
2526,2025-12-06,Heidenheim,Freiburg,2,1,H,1,1,0.27282383928512594,0.2747635162645844,0.45241264445028984,0.5297897253707529,0.5709190212677792,1.1992469888779822,1.5975826132754498,4.6,3.51,1.79,2.05,1.74,3.8,3.51,1.93,1.85,1.9,2526
2526,2025-12-07,Hamburg,Werder Bremen,3,2,H,1,1,0.31530562729570377,0.2990017719764585,0.38569260072783773,0.45676064109374565,0.5229667644947048,1.1771817698118547,1.325055923543698,2.36,3.47,2.87,1.72,2.07,2.25,3.53,2.96,1.65,2.16,2526
2526,2025-12-07,Dortmund,Hoffenheim,2,0,H,0,0,0.6445208317484841,0.1938847171863436,0.16159445106517245,0.7241507324011994,0.6610857653161315,2.52107996785085,1.236416810811732,1.6,4.44,4.69,1.39,2.92,1.58,4.41,4.84,1.47,2.6,2526
2526,2025-12-12,Union Berlin,RB Leipzig,3,1,H,1,1,0.2422810486538395,0.2771708004235719,0.48054815092258873,0.495967940331116,0.5360066188247895,1.0692445017412946,1.5885002057760351,3.03,3.32,2.32,1.95,1.81,3.22,3.38,2.19,1.89,1.86,2526
2526,2025-12-13,Leverkusen,FC Koln,2,0,H,0,0,0.6858745264297083,0.19144778231103227,0.1226776912592595,0.653214061162254,0.5688086118506999,2.4088772624645025,0.9549446749418335,1.74,4.11,4.11,1.47,2.6,1.53,4.44,5.28,1.49,2.53,2526
2526,2025-12-13,St Pauli,Heidenheim,2,1,H,1,1,0.39266555120976043,0.3250017980696842,0.2823326507205555,0.3574987446961389,0.4395351474180849,1.1714872592546404,0.9549370335894372,1.85,3.39,4.37,2.16,1.66,1.94,3.33,3.96,2.11,1.68,2526
2526,2025-12-13,M'gladbach,Wolfsburg,1,3,A,1,1,0.45097569097516166,0.25771612253380477,0.2913081864910335,0.6010458375115624,0.6269400020378784,1.7405585972074527,1.3696695805129036,1.99,3.67,3.46,1.6,2.26,1.96,3.75,3.47,1.56,2.33,2526
2526,2025-12-13,Ein Frankfurt,Augsburg,1,0,H,0,0,0.6014388723193037,0.22246666099840848,0.17609446668228806,0.6296237714044898,0.5998034436584119,2.1444893053688476,1.1015887205570272,1.83,3.69,4.08,1.77,2.0,1.68,4.06,4.39,1.55,2.36,2526
2526,2025-12-13,Hoffenheim,Hamburg,4,1,H,1,1,0.5253726221202544,0.25281357187909664,0.22181380600064893,0.5687732949864966,0.581257502387799,1.8320710257384052,1.1322760380911865,1.68,4.13,4.42,1.54,2.41,1.71,4.06,4.21,1.5,2.49,2526
2526,2025-12-14,Freiburg,Dortmund,1,1,D,0,1,0.2752576359738867,0.25454696731687454,0.4701953967092387,0.6048057863108991,0.6260798532945909,1.3362829359133057,1.7914344797087773,3.65,3.5,1.99,1.81,1.95,3.25,3.44,2.12,1.8,1.94,2526
2526,2025-12-14,Bayern Munich,Mainz,2,2,D,1,1,0.8105687549747528,0.12836391527442512,0.06106732975082199,0.732843844048272,0.5262943577874586,3.0193114938190173,0.7920049152194504,1.08,11.44,21.72,1.18,4.65,1.09,10.18,19.25,1.21,4.11,2526
2526,2025-12-14,Werder Bremen,Stuttgart,0,4,A,1,0,0.33968487494740657,0.2528069570370059,0.40750816801558754,0.6373767830497534,0.6604058750343347,1.5616809933116136,1.722455960961133,2.81,3.63,2.31,1.55,2.37,2.88,3.71,2.21,1.52,2.44,2526
2526,2025-12-19,Dortmund,M'gladbach,2,0,H,0,0,0.6467003796605849,0.19882004296709563,0.15447957737231938,0.6863104623386578,0.6251644138504294,2.407483399198168,1.1316177234713347,1.48,4.64,5.92,1.47,2.59,1.53,4.47,5.41,1.48,2.57,2526
2526,2025-12-20,RB Leipzig,Leverkusen,1,3,A,1,1,0.3819224077310652,0.26108158362365946,0.35699600864527525,0.6032854220975792,0.6355979982321902,1.5891613360314663,1.5314686130236432,2.05,3.83,3.19,1.45,2.65,2.06,3.73,3.18,1.51,2.45,2526
2526,2025-12-20,Stuttgart,Hoffenheim,0,0,D,0,0,0.5539876165269695,0.21777514273540083,0.22823724073762947,0.7107038010015223,0.6882389643163036,2.254458942229635,1.4228748343436908,1.95,3.86,3.44,1.49,2.55,1.99,3.84,3.29,1.46,2.62,2526
2526,2025-12-20,Wolfsburg,Freiburg,3,4,A,1,1,0.41317751085749765,0.27180462829898894,0.31501786084351335,0.5521200742138125,0.5941945264376748,1.5558502537006733,1.3358780575241598,2.41,3.39,2.83,1.83,1.92,2.47,3.43,2.7,1.77,1.99,2526
2526,2025-12-20,FC Koln,Union Berlin,0,1,A,0,0,0.39784931064516604,0.29526520170457715,0.3068854876502569,0.4608777977158623,0.5241370075415366,1.3550400186850273,1.1632814107625693,2.52,3.19,2.83,2.06,1.73,2.32,3.28,3.02,1.93,1.83,2526
2526,2025-12-20,Augsburg,Werder Bremen,0,0,D,0,0,0.37270795908962023,0.28017067272601365,0.34712136818436595,0.5252059645646362,0.576408828128577,1.4169459022519237,1.3607229593274162,2.21,3.44,3.13,1.76,2.01,2.24,3.48,3.01,1.72,2.06,2526
2526,2025-12-20,Hamburg,Ein Frankfurt,1,1,D,0,1,0.2513210985912987,0.2552471655752445,0.4934317358334567,0.5830233497279006,0.6027609436756842,1.2341898954096715,1.7936790766336772,2.44,3.39,2.78,1.79,1.98,2.62,3.48,2.51,1.65,2.17,2526
2526,2025-12-21,Mainz,St Pauli,0,0,D,0,0,0.4987736140114224,0.30185491833,0.19937146765857755,0.3750613087952704,0.4260998798108717,1.3978642079108032,0.7938419598368299,1.96,3.31,3.99,2.16,1.66,1.92,3.34,4.02,2.1,1.68,2526
2526,2025-12-21,Heidenheim,Bayern Munich,0,4,A,1,0,0.06613998607646769,0.1298258813812361,0.8040341325422962,0.7453147077692482,0.5490081671267485,0.8448492730117945,3.045586062656691,13.06,8.12,1.16,1.25,3.74,15.28,8.61,1.13,1.23,3.99,2526
2526,2026-01-09,Ein Frankfurt,Dortmund,3,3,D,1,1,0.32710077158090467,0.2507395121110904,0.4221597163080051,0.6557763797137446,0.6745756268773996,1.574227668370104,1.8026455381536282,3.31,3.66,2.05,1.6,2.26,3.47,3.67,1.99,1.6,2.27,2526
2526,2026-01-10,Freiburg,Hamburg,2,1,H,1,1,0.5490354750174874,0.2584726818304348,0.19249184315207768,0.529639641007716,0.5402219128697631,1.8014434985923367,0.9947612261062069,1.76,3.58,4.6,1.86,1.89,1.76,3.6,4.49,1.79,1.97,2526
2526,2026-01-10,Heidenheim,FC Koln,2,2,D,1,1,0.34523583037176775,0.28966130898798803,0.3651028606402441,0.5060373046250874,0.5640765847986927,1.3277599270977634,1.3708604961944715,2.71,3.41,2.49,1.74,2.03,2.88,3.48,2.3,1.73,2.04,2526
2526,2026-01-10,Union Berlin,Mainz,2,2,D,1,1,0.3781272851113249,0.3104087289794383,0.3114639859092369,0.426210845405236,0.5003813935616211,1.2607773271823355,1.123625308684465,2.1,3.17,3.72,2.19,1.64,2.12,3.17,3.57,2.18,1.64,2526
2526,2026-01-10,Leverkusen,Stuttgart,1,4,A,1,1,0.5605294696469942,0.2293789672598565,0.21009156309314922,0.6604703756388042,0.644973301969416,2.1336219421228013,1.2674949330189966,2.14,3.68,3.09,1.57,2.35,1.92,3.88,3.47,1.48,2.57,2526
2526,2026-01-11,Bayern Munich,Wolfsburg,8,1,H,1,1,0.8234576200064809,0.11749242486447115,0.059049955129047996,0.7850998933922719,0.5706423479708872,3.2819537735836226,0.8840914056660372,1.12,9.31,16.69,1.2,4.31,1.1,10.11,18.06,1.18,4.54,2526
2526,2026-01-11,M'gladbach,Augsburg,4,0,H,1,0,0.49608784980479137,0.26574283804926807,0.2381693121459405,0.549762550042413,0.576579250037936,1.7327210264511603,1.1488623303332162,1.91,3.61,3.81,1.77,2.01,1.87,3.63,3.88,1.77,1.99,2526
2526,2026-01-13,Stuttgart,Ein Frankfurt,3,2,H,1,1,0.4882951416694143,0.23651548081054768,0.27518937752003814,0.6859142730162132,0.687109225309873,2.031985944766859,1.504878977600563,1.65,4.24,4.53,1.43,2.71,1.72,4.11,4.2,1.46,2.62,2526
2526,2026-01-13,Dortmund,Werder Bremen,3,0,H,1,0,0.6582014113217831,0.201885167041896,0.13991342163632095,0.6586249369763936,0.5933848301711324,2.3587078461381337,1.0328950947713835,1.4,5.02,6.92,1.5,2.5,1.37,5.18,7.28,1.44,2.68,2526
2526,2026-01-13,Mainz,Heidenheim,2,1,H,1,1,0.5447343640557665,0.25963209375265794,0.19563354219157564,0.5260012345178733,0.538803214873086,1.7839989552120166,0.9969912955416014,1.74,3.73,4.52,1.76,2.02,1.75,3.74,4.47,1.73,2.05,2526
2526,2026-01-14,Wolfsburg,St Pauli,2,1,H,1,1,0.4958108843697632,0.29560258466525685,0.20858653096497992,0.4162170598566013,0.46469774748538756,1.471098255485175,0.8752652768759298,1.84,3.49,4.34,2.1,1.7,1.87,3.58,3.93,1.84,1.91,2526
2526,2026-01-14,FC Koln,Bayern Munich,1,3,A,1,1,0.08853188810893306,0.1538382788391683,0.7576298330518987,0.7283859352598964,0.5818436053201078,0.9410511666895505,2.842501626929658,9.66,6.79,1.23,1.22,4.04,9.9,6.86,1.22,1.24,3.82,2526
2526,2026-01-14,Hoffenheim,M'gladbach,5,1,H,1,1,0.4559771208634239,0.24407308154677532,0.2999497975898008,0.6695567083031272,0.6804312035893475,1.9142270562952277,1.5344662700923277,1.9,3.81,3.65,1.55,2.36,1.81,3.86,3.87,1.56,2.34,2526
2526,2026-01-14,RB Leipzig,Freiburg,2,0,H,0,0,0.553030837493619,0.240179853047482,0.2067893094588989,0.612232699381103,0.6075388993149287,1.9948352162813436,1.1677634093671192,1.71,3.9,4.55,1.63,2.2,1.72,3.93,4.3,1.57,2.33,2526
2526,2026-01-15,Augsburg,Union Berlin,1,1,D,0,1,0.3419590259657571,0.312233632838465,0.34580734119577794,0.41987440577793,0.496346067655817,1.1761908398033554,1.1840672246144153,2.59,3.13,2.79,2.18,1.65,2.55,3.13,2.81,2.21,1.62,2526
2526,2026-01-16,Werder Bremen,Ein Frankfurt,3,3,D,1,1,0.33422456175067683,0.25418580666115764,0.4115896315881656,0.6410318807553933,0.664016519501335,1.5591915418400117,1.743097326933419,2.57,3.45,2.58,1.69,2.11,2.65,3.5,2.49,1.63,2.22,2526
2526,2026-01-17,Wolfsburg,Heidenheim,1,1,D,0,1,0.5504598756272234,0.24542309118422342,0.20411703318855304,0.5890914694444412,0.5893032460302579,1.9348702201845998,1.120472668217842,1.67,4.01,4.75,1.59,2.29,1.65,3.99,4.76,1.57,2.32,2526
2526,2026-01-17,Hoffenheim,Leverkusen,1,0,H,0,0,0.2619442791175962,0.23758624660682967,0.5004694742755741,0.6730110023266518,0.6739962147310482,1.44049106493201,2.026552745651017,2.31,3.71,2.77,1.48,2.59,2.37,3.74,2.65,1.47,2.6,2526
2526,2026-01-17,RB Leipzig,Bayern Munich,1,5,A,1,1,0.2114499451707484,0.21995919013620388,0.5685908646930475,0.6956854953247169,0.6712367925131995,1.3424934076150536,2.2487115783394356,4.12,4.33,1.7,1.34,3.17,4.9,4.69,1.54,1.3,3.32,2526
2526,2026-01-17,Dortmund,St Pauli,3,2,H,1,1,0.6787143242342346,0.22002623466780796,0.10125944109795718,0.4991708875518403,0.4312997039740075,2.0072560054597126,0.6634609058268831,1.3,5.1,10.27,1.78,1.99,1.32,5.1,9.14,1.65,2.16,2526
2526,2026-01-17,Hamburg,M'gladbach,0,0,D,0,0,0.31028196315763923,0.27886000723518584,0.4108580296071749,0.537648759969484,0.5847957251898541,1.3033359158938993,1.5265895168369599,2.41,3.41,2.81,1.7,2.08,2.39,3.44,2.79,1.73,2.03,2526
2526,2026-01-17,FC Koln,Mainz,2,1,H,1,1,0.36588183763075655,0.2908449225097463,0.3432732398594974,0.4981196031895733,0.5575253793505036,1.3576172177946333,1.3088256458364498,2.08,3.47,3.39,1.79,1.97,2.15,3.53,3.14,1.71,2.07,2526
2526,2026-01-18,Stuttgart,Union Berlin,1,1,D,0,1,0.5590404076157977,0.24997265067430943,0.19098694170989308,0.5558622771213736,0.5577421142584362,1.8785255289774447,1.029382912279133,1.58,4.08,5.47,1.7,2.1,1.64,3.86,4.98,1.79,1.95,2526
2526,2026-01-18,Augsburg,Freiburg,2,2,D,1,1,0.3075404757503119,0.2863595163541374,0.4061000078955508,0.5084340714417883,0.5625457025367768,1.246929665978515,1.461484102490163,2.59,3.2,2.75,1.96,1.8,2.83,3.29,2.44,1.9,1.85,2526
2526,2026-01-23,St Pauli,Hamburg,0,0,D,0,0,0.37654089678859504,0.3448562998537643,0.27860280335764065,0.3116030480764839,0.4032853313892453,1.0711614006550951,0.8855299672065962,2.81,2.91,2.75,2.54,1.49,2.85,2.89,2.72,2.59,1.47,2526
2526,2026-01-24,Bayern Munich,Augsburg,1,2,A,1,1,0.8769518826528129,0.08944436643396503,0.033603750913222,0.7894944055486045,0.4876680622555437,3.5106086060672848,0.6890297036797398,1.12,9.33,16.38,1.22,4.19,1.09,10.35,20.62,1.22,4.06,2526
2526,2026-01-24,Union Berlin,Dortmund,0,3,A,1,0,0.23675786936158635,0.27149186161588085,0.4917502690225328,0.5262725614802441,0.5586910260892539,1.1070290202478477,1.6750910186886272,3.21,3.25,2.25,2.06,1.73,3.57,3.4,2.03,1.91,1.84,2526
2526,2026-01-24,Leverkusen,Werder Bremen,1,0,H,0,0,0.6693807118600459,0.19764688479552886,0.13297240334442517,0.6631677162413268,0.5901743695587522,2.3994220845379752,1.015773781021419,1.54,4.41,5.32,1.47,2.62,1.59,4.23,4.93,1.48,2.58,2526
2526,2026-01-24,Mainz,Wolfsburg,3,1,H,1,1,0.43891868817402224,0.2750488464313671,0.2860324653946108,0.5448323197412364,0.5864193747473163,1.601182462442984,1.2592787878656846,2.29,3.33,3.06,1.88,1.88,2.31,3.42,2.91,1.74,2.04,2526
2526,2026-01-24,Ein Frankfurt,Hoffenheim,1,3,A,1,1,0.5000926613561993,0.22905442992576214,0.2708529087180386,0.7136535247377045,0.7067428181863387,2.1370415303153845,1.5575950882213887,2.99,3.58,2.21,1.61,2.26,2.73,3.63,2.33,1.52,2.45,2526
2526,2026-01-24,Heidenheim,RB Leipzig,0,3,A,1,0,0.19608149388337848,0.2429498654205759,0.5609686406960456,0.5908407368904892,0.586489529567447,1.1008746787211152,1.9624365339156136,4.6,4.33,1.62,1.44,2.72,5.08,4.31,1.56,1.48,2.56,2526
2526,2026-01-25,M'gladbach,Stuttgart,0,3,A,1,0,0.3202266458687574,0.2505586271789308,0.4292147269523118,0.6535520785684761,0.6720089761748509,1.55191839219815,1.8135592153939002,2.88,3.61,2.29,1.57,2.35,2.89,3.65,2.23,1.52,2.44,2526
2526,2026-01-25,Freiburg,FC Koln,2,1,H,1,1,0.5020133415833088,0.26129356444633717,0.23669309397035412,0.5640817777085496,0.5862861442273296,1.7753059031858487,1.1684125664984735,1.98,3.6,3.57,1.68,2.14,1.9,3.59,3.78,1.78,1.99,2526
2526,2026-01-27,St Pauli,RB Leipzig,1,1,D,0,1,0.1923455605927565,0.28553572084129547,0.5221187185659479,0.43229594502375124,0.468217652153177,0.8560884261365616,1.5515911176236428,4.75,3.58,1.75,2.2,1.76,4.49,3.47,1.81,2.05,1.74,2526
2526,2026-01-27,Werder Bremen,Hoffenheim,0,2,A,0,0,0.36012542006510984,0.2580525895141696,0.3818219904207206,0.6290189560941595,0.656539961830336,1.5960052397961002,1.6471012273553425,3.66,3.7,1.93,1.6,2.26,3.49,3.61,2.0,1.65,2.19,2526
2526,2026-01-30,FC Koln,Wolfsburg,1,0,H,0,0,0.3986318540232901,0.27088519320676885,0.3304829527699411,0.5736361819490321,0.6137342783053104,1.5703166910919664,1.415552939478337,2.03,3.62,3.4,1.63,2.22,1.97,3.73,3.44,1.57,2.33,2526
2526,2026-01-31,Werder Bremen,M'gladbach,1,1,D,0,1,0.4187203852610518,0.2615791650627617,0.3197004496761865,0.6076882196871991,0.6378680474061726,1.6857462894423505,1.4554507457444033,2.14,3.48,3.21,1.71,2.09,2.35,3.49,2.79,1.66,2.15,2526
2526,2026-01-31,RB Leipzig,Mainz,1,2,A,1,1,0.5634211349001086,0.2433428975830015,0.19323596751688982,0.5835187328816674,0.5791153400699083,1.9503039558928124,1.079804385821399,1.52,4.52,5.44,1.45,2.69,1.52,4.44,5.41,1.5,2.5,2526
2526,2026-01-31,Hamburg,Bayern Munich,2,2,D,1,1,0.07096426375601175,0.15418597599147243,0.7748497602525157,0.6658323351977954,0.4979502709775057,0.7461083931994781,2.6831519453455694,9.01,5.94,1.27,1.37,3.02,8.81,6.15,1.26,1.3,3.41,2526
2526,2026-01-31,Augsburg,St Pauli,2,1,H,1,1,0.417353324376807,0.3320344842766974,0.2506121913464954,0.3350176310990887,0.4166430274245379,1.1829998956909311,0.8602108789525076,2.11,3.06,3.81,2.35,1.57,1.97,3.22,4.02,2.21,1.62,2526
2526,2026-01-31,Ein Frankfurt,Leverkusen,1,3,A,1,1,0.3084387385918279,0.2450902489250327,0.44647101248313925,0.6689904521408547,0.6814330771965506,1.5551233343663584,1.8905754118761668,3.38,3.6,2.04,1.64,2.21,2.92,3.67,2.21,1.52,2.43,2526
2526,2026-01-31,Hoffenheim,Union Berlin,3,1,H,1,1,0.49254754929643146,0.2652073376022168,0.24224511310135163,0.5517166601435504,0.5789409496520689,1.7284453951101149,1.1615466182427072,1.81,3.63,4.23,1.79,1.98,1.78,3.69,4.3,1.79,1.96,2526
2526,2026-02-01,Stuttgart,Freiburg,1,0,H,0,0,0.5400747701564186,0.23793487624448317,0.2219903535990983,0.6372278650807931,0.633081461036769,2.0265785655894786,1.2568334268753545,1.63,4.13,4.82,1.59,2.3,1.67,3.99,4.53,1.6,2.27,2526
2526,2026-02-01,Dortmund,Heidenheim,3,2,H,1,1,0.7583221560509329,0.1598583268787184,0.08181951707034865,0.6805941486243493,0.5314925706004947,2.683385758778374,0.8246173844424336,1.26,6.03,10.0,1.4,2.84,1.22,6.22,11.13,1.42,2.76,2526
2526,2026-02-06,Union Berlin,Ein Frankfurt,1,1,D,0,1,0.33548710297758233,0.27243997155757316,0.39207292546484485,0.5632811721295893,0.6057044044246561,1.4063116786721617,1.5338970059451134,2.14,3.39,3.31,1.93,1.83,2.04,3.46,3.52,1.87,1.88,2526
2526,2026-02-07,M'gladbach,Leverkusen,1,1,D,0,1,0.23144648476606758,0.24020237977616346,0.528351135457769,0.6329890848804747,0.633259362272197,1.2740992172892935,1.98842599256719,3.48,3.65,2.0,1.68,2.14,3.41,3.67,1.99,1.6,2.26,2526
2526,2026-02-07,Wolfsburg,Dortmund,1,2,A,1,1,0.2272701330157652,0.23624159660034807,0.5364882703838867,0.6444056577032633,0.6398719479653372,1.2840428922452654,2.035128551401357,4.46,4.16,1.67,1.49,2.55,4.24,4.01,1.71,1.56,2.36,2526
2526,2026-02-07,St Pauli,Stuttgart,2,1,H,1,1,0.2073301475567422,0.2833408203801241,0.5093290320631336,0.4499863252590145,0.4882741938600363,0.9167240844388818,1.559162877153395,4.79,3.77,1.7,1.82,1.94,4.2,3.63,1.8,1.87,1.89,2526
2526,2026-02-07,Heidenheim,Hamburg,0,2,A,0,0,0.3647553739565027,0.30532899891211235,0.3299156271313849,0.4381075278410079,0.5097042226022782,1.251107135474554,1.1788862937603002,2.87,3.37,2.4,1.85,1.91,2.78,3.41,2.41,1.77,1.99,2526
2526,2026-02-07,Freiburg,Werder Bremen,1,0,H,0,0,0.4854912029869307,0.26232343972985733,0.2521853572832119,0.565115227600688,0.5912974420524321,1.740246194379785,1.2080033338747946,2.1,3.34,3.47,1.92,1.85,1.79,3.7,4.17,1.74,2.03,2526
2526,2026-02-07,Mainz,Augsburg,2,0,H,0,0,0.4964964045936762,0.27672427750017675,0.22677931790614736,0.49115720273330216,0.52759796845865,1.6130877641702808,1.025274093517631,1.94,3.57,3.75,1.8,1.96,2.04,3.51,3.41,1.8,1.95,2526
2526,2026-02-08,FC Koln,RB Leipzig,1,2,A,1,1,0.257742392761541,0.26119027117556143,0.48106733606289764,0.5734807261627556,0.5991700235871431,1.2366682472327548,1.7485132833007744,3.31,3.85,2.0,1.44,2.67,3.14,3.81,2.05,1.46,2.62,2526
2526,2026-02-08,Bayern Munich,Hoffenheim,5,1,H,1,1,0.7950251777045422,0.12586705574853596,0.07910776654692186,0.8150918450351282,0.641639722793568,3.323624367876331,1.0793992344356935,1.22,7.03,9.82,1.21,4.19,1.26,6.34,8.44,1.23,3.92,2526
2526,2026-02-13,Dortmund,Mainz,4,0,H,1,0,0.6093232548563923,0.22387697131021614,0.16679977383339153,0.6155329450918103,0.5837822354692808,2.1282812920304277,1.0499691843006156,1.64,4.1,4.77,1.56,2.36,1.52,4.35,5.52,1.52,2.45,2526
2526,2026-02-14,Hoffenheim,Freiburg,3,0,H,1,0,0.4647989374558804,0.25110446456761426,0.28409659797650516,0.6294429088632457,0.6471236472082509,1.8368587504973803,1.408316492272023,1.7,3.92,4.53,1.65,2.17,1.72,3.85,4.4,1.66,2.17,2526
2526,2026-02-14,Stuttgart,FC Koln,3,1,H,1,1,0.6086340028675801,0.22323924082527258,0.16812675630714724,0.6201534740972755,0.5881705280473907,2.1383402203269717,1.0619618295912678,1.49,4.71,5.64,1.44,2.7,1.43,4.77,6.21,1.43,2.72,2526
2526,2026-02-14,Werder Bremen,Bayern Munich,0,3,A,1,0,0.10031830438265649,0.15809278024227238,0.7415889153750712,0.7407569796822101,0.6096836533651253,1.0210575965283255,2.8398836179296865,7.88,5.83,1.31,1.29,3.43,8.06,5.79,1.29,1.31,3.34,2526
2526,2026-02-14,Hamburg,Union Berlin,3,2,H,1,1,0.36254603370532607,0.324685630464736,0.3127683358299379,0.3711490963708244,0.4551590433026979,1.1378143594196768,1.0393211523082422,2.33,3.14,3.14,2.15,1.67,2.49,3.16,2.86,2.07,1.71,2526
2526,2026-02-14,Ein Frankfurt,M'gladbach,3,0,H,1,0,0.527264106603554,0.22979864527968055,0.24293724811676531,0.6841941464251633,0.6753403374606385,2.117674955926043,1.4097673429314868,2.12,3.47,3.31,1.7,2.09,1.92,3.58,3.71,1.72,2.06,2526
2526,2026-02-14,Leverkusen,St Pauli,4,0,H,1,0,0.6730453115755087,0.22172221612792284,0.10523247229656846,0.4980839034075429,0.4349380288041224,1.9914503403205153,0.6748635336560447,1.51,4.23,6.14,1.82,1.94,1.45,4.21,6.77,1.82,1.94,2526
2526,2026-02-15,Augsburg,Heidenheim,1,0,H,0,0,0.4686850700475026,0.2808418081028709,0.25047312184962645,0.49519485796963914,0.539275332864529,1.5645224135097522,1.0901009568749465,1.87,3.7,3.85,1.68,2.15,1.81,3.67,4.06,1.71,2.08,2526
2526,2026-02-15,RB Leipzig,Wolfsburg,2,2,D,1,1,0.6080397819483785,0.21890720585667103,0.17305301219495056,0.6448708745353636,0.6099647233196227,2.200819819296693,1.120704675429454,1.51,4.66,5.39,1.37,3.01,1.44,4.81,6.03,1.38,2.93,2526
2526,2026-02-20,Mainz,Hamburg,1,1,D,0,1,0.4748463520391371,0.28469519532018994,0.240458452640673,0.47116589893638694,0.5174975047450184,1.5304505454868251,1.0282994268342567,2.06,3.45,3.48,1.72,2.07,2.05,3.45,3.5,1.76,2.0,2526
2526,2026-02-21,FC Koln,Hoffenheim,2,2,D,1,1,0.3312017151928522,0.26017862380257534,0.4086196610045725,0.6087319089088212,0.6388375378474235,1.4830270648844333,1.6630675491205626,3.43,3.71,1.99,1.58,2.33,3.22,3.7,2.05,1.56,2.34,2526
2526,2026-02-21,Wolfsburg,Augsburg,2,3,A,1,1,0.48160991740675246,0.27033696416758024,0.24805311842566738,0.5289416712545354,0.5629277204652503,1.6566939641409413,1.1365837881541854,2.19,3.39,3.17,1.71,2.08,2.04,3.41,3.52,1.68,2.12,2526
2526,2026-02-21,Bayern Munich,Ein Frankfurt,3,2,H,1,1,0.8010683924883573,0.12122473142900499,0.07770687608263768,0.8289480461114578,0.6525132836954396,3.415967689511011,1.1079280258527742,1.08,10.88,19.31,1.14,5.45,1.14,8.63,14.22,1.19,4.41,2526
2526,2026-02-21,RB Leipzig,Dortmund,2,2,D,1,1,0.37816997371682565,0.2545193655804449,0.36731066070272944,0.6365673583740774,0.6614107637637583,1.652919073351473,1.6272151225363352,1.97,3.88,3.32,1.49,2.52,2.14,3.88,2.92,1.43,2.69,2526
2526,2026-02-21,Union Berlin,Leverkusen,1,0,H,0,0,0.21855727398141533,0.26499427482258814,0.5164484511959966,0.5231261471968748,0.5469982184703681,1.0517422139330808,1.717270058337225,3.1,3.26,2.3,1.99,1.79,2.89,3.35,2.36,1.88,1.87,2526
2526,2026-02-22,Freiburg,M'gladbach,2,1,H,1,1,0.46990321947449987,0.25978322736372306,0.270313553161777,0.5845134594044941,0.6104047591907922,1.7472316785151039,1.2873574695368255,2.06,3.34,3.58,1.8,1.96,1.96,3.27,3.95,1.86,1.9,2526
2526,2026-02-22,St Pauli,Werder Bremen,2,1,H,1,1,0.3357584874176406,0.3216775251282532,0.3425639874541061,0.3798274162227432,0.4627074333441325,1.0979687848678412,1.1115123691670554,2.65,3.11,2.73,2.08,1.72,2.7,3.08,2.67,2.27,1.6,2526
2526,2026-02-22,Heidenheim,Stuttgart,3,3,D,1,1,0.19734880165696983,0.23722980464720664,0.5654213936958237,0.6044313361330685,0.5953552373651617,1.1241758283941277,2.0018047065970785,4.42,4.21,1.67,1.49,2.55,4.4,4.06,1.68,1.53,2.43,2526
2526,2026-02-27,Augsburg,FC Koln,2,0,H,0,0,0.4035596426700687,0.28728651991586834,0.3091538374140631,0.49034025952866706,0.5468739775727263,1.4190467720690156,1.2160310844924598,2.16,3.39,3.23,1.79,1.98,2.19,3.4,3.18,1.81,1.96,2526
2526,2026-02-28,M'gladbach,Union Berlin,1,0,H,0,0,0.42765464105236567,0.28173734091392894,0.29060801803370534,0.5045086803543912,0.5547028591326906,1.4952402759884196,1.197147600021446,2.34,3.25,3.01,2.02,1.75,2.36,3.22,2.97,2.0,1.77,2526
2526,2026-02-28,Hoffenheim,St Pauli,0,1,A,0,0,0.5759195133165886,0.2521170263563548,0.17196346032705656,0.5070177199397221,0.5068903984861414,1.8049399352253825,0.897689072185667,1.51,4.2,6.11,1.82,1.94,1.47,4.33,6.29,1.73,2.04,2526
2526,2026-02-28,Werder Bremen,Heidenheim,2,0,H,0,0,0.5192729958018898,0.25866291415053266,0.2220640900475775,0.5436052058050486,0.5624425542851905,1.764178283200068,1.0910500417867108,1.6,4.21,4.97,1.58,2.32,1.77,3.82,4.1,1.67,2.14,2526
2526,2026-02-28,Dortmund,Bayern Munich,2,3,A,1,1,0.27806881855712345,0.22329584971152838,0.4986353317313481,0.7282165066154651,0.71761496735089,1.6095568194459209,2.1726764513366295,4.21,4.38,1.67,1.33,3.17,4.37,4.51,1.61,1.3,3.36,2526
2526,2026-02-28,Leverkusen,Mainz,1,1,D,0,1,0.6207940386088273,0.22387107741140921,0.15533488397976353,0.5869525480667913,0.5518903925607986,2.0816615517169885,0.9639806053521159,1.68,4.0,4.53,1.63,2.22,1.67,3.97,4.54,1.64,2.19,2526
2526,2026-03-01,Stuttgart,Wolfsburg,4,0,H,1,0,0.6044446419507057,0.2127648930559709,0.18279046499332346,0.6754171205876601,0.6378249560729427,2.2734736370619544,1.2064620731679618,1.37,5.4,6.61,1.32,3.3,1.51,4.56,5.24,1.42,2.74,2526
2526,2026-03-01,Ein Frankfurt,Freiburg,2,0,H,0,0,0.5064357442847608,0.24099272299378902,0.2525715327214501,0.6397377658452208,0.6446736922130049,1.953151111761129,1.3427029982589258,2.22,3.45,3.06,1.73,2.05,2.18,3.44,3.1,1.75,2.0,2526
2526,2026-03-01,Hamburg,RB Leipzig,1,2,A,1,1,0.25917943575938396,0.2726357773783286,0.46818478686228737,0.5215668282723189,0.5599178988506973,1.1502053785157247,1.6123263988988743,3.72,3.87,1.86,1.51,2.5,3.12,3.67,2.09,1.56,2.35,2526
2526,2026-03-04,Hamburg,Leverkusen,0,1,A,0,0,0.20875624044561203,0.2605003501470823,0.5307434094073058,0.5138579853230515,0.5326875986179248,1.0067558484540098,1.7239164351401102,3.54,3.63,1.97,1.66,2.17,3.35,3.57,2.03,1.7,2.09,2526
2526,2026-03-06,Bayern Munich,M'gladbach,4,1,H,1,1,0.8466985877351246,0.10060907711721545,0.05269233514765983,0.8205336978718791,0.5840828945401557,3.53958253942094,0.9105399595057815,1.21,7.08,10.63,1.28,3.53,1.19,7.43,11.55,1.25,3.78,2526
2526,2026-03-07,Wolfsburg,Hamburg,1,2,A,1,1,0.44984354873918675,0.2743156673768383,0.2758407838839748,0.5162429541785298,0.5589883739081227,1.5614119161157494,1.179085829505909,2.56,3.37,2.65,1.79,1.98,2.3,3.52,2.82,1.67,2.13,2526
2526,2026-03-07,Freiburg,Leverkusen,3,3,D,1,1,0.2611797959805221,0.260080362189007,0.478739841830471,0.5620661209892781,0.5890291942882662,1.2201587907472804,1.7147380185050742,2.94,3.37,2.34,1.73,2.04,2.86,3.35,2.35,1.85,1.91,2526
2526,2026-03-07,Heidenheim,Hoffenheim,2,4,A,1,1,0.2607210026387008,0.24560269358898892,0.49367630377231037,0.6193040447092198,0.6310096673668922,1.3225178898656604,1.8736974780084874,5.44,4.57,1.51,1.43,2.72,4.87,4.31,1.58,1.47,2.6,2526
2526,2026-03-07,Mainz,Stuttgart,2,2,D,1,1,0.32961606707550584,0.26278954886514727,0.40759438405934695,0.5828758875766058,0.6175013523703565,1.4244847883379854,1.6027166229726162,3.47,3.77,1.95,1.54,2.39,3.05,3.65,2.12,1.58,2.3,2526
2526,2026-03-07,RB Leipzig,Augsburg,2,1,H,1,1,0.6384232706984088,0.21576351506167776,0.1458132142399137,0.5926727174396226,0.545858784878602,2.1334195217192926,0.9382737003804356,1.33,5.42,7.63,1.38,2.96,1.41,4.88,6.35,1.43,2.72,2526
2526,2026-03-07,FC Koln,Dortmund,1,2,A,1,1,0.20491011733196565,0.23270601142744193,0.5623838712405925,0.6169475453112782,0.606213311251644,1.1633900109550712,2.0215821223306003,4.03,3.94,1.77,1.54,2.42,4.1,3.97,1.73,1.55,2.37,2526
2526,2026-03-08,Union Berlin,Werder Bremen,1,4,A,1,1,0.4244588336765355,0.2916332098937173,0.28390795642974714,0.45631036671725533,0.5154974352040883,1.3982590669916728,1.1022229894798525,2.37,3.18,3.04,2.13,1.69,2.2,3.3,3.2,1.97,1.77,2526
2526,2026-03-08,St Pauli,Ein Frankfurt,0,0,D,0,0,0.2648239128228599,0.2843070773345158,0.45086900984262424,0.47299932594451943,0.523759746238118,1.0842653462173029,1.4817258483361606,2.54,3.28,2.74,1.99,1.78,2.64,3.3,2.56,1.96,1.79,2526
2526,2026-03-13,M'gladbach,St Pauli,2,0,H,0,0,0.48298059721283476,0.2930494836096839,0.22396991917748119,0.41442513143423426,0.4655795973569447,1.437278983219763,0.9022867420621594,1.91,3.3,4.17,2.18,1.65,1.9,3.31,4.22,2.21,1.63,2526
2526,2026-03-14,Hamburg,FC Koln,1,1,D,0,1,0.4268700180610332,0.2914438437204621,0.28168613821850474,0.4557173526481545,0.5145506310933855,1.4019603975381845,1.096210178321953,2.32,3.44,2.88,1.77,2.01,2.09,3.52,3.21,1.74,2.03,2526
2526,2026-03-14,Leverkusen,Bayern Munich,1,1,D,0,1,0.27631733797404545,0.22845543752615993,0.49522722449979456,0.6994405093652467,0.6946169344198255,1.5326759896287645,2.0797334484466474,4.91,4.67,1.54,1.31,3.39,4.98,4.59,1.53,1.36,3.02,2526
2526,2026-03-14,Ein Frankfurt,Heidenheim,1,0,H,0,0,0.6749479445902926,0.19026035220650572,0.13479170320320177,0.6744856958280309,0.5961617083733417,2.4406612601763773,1.0343275113560784,1.61,4.26,4.77,1.51,2.5,1.52,4.38,5.44,1.54,2.36,2526
2526,2026-03-14,Hoffenheim,Wolfsburg,1,1,D,0,1,0.5552133851465944,0.2217278941862417,0.22305872066716415,0.681725540543899,0.6630518643038406,2.1725148007238135,1.341467588228836,1.41,4.97,6.46,1.39,2.94,1.44,4.78,6.04,1.42,2.73,2526
2526,2026-03-14,Dortmund,Augsburg,2,0,H,0,0,0.6933866794083217,0.1899244130855496,0.11668890750612881,0.6336502231410008,0.5444462444631543,2.3700688931028755,0.895757502435964,1.53,4.47,5.31,1.53,2.44,1.4,4.88,6.75,1.51,2.46,2526
2526,2026-03-15,Werder Bremen,Mainz,0,2,A,0,0,0.38605650805214464,0.2788315196597569,0.33511197228809864,0.5191659322537936,0.5699372859804254,1.4320580307140782,1.320519678269949,2.24,3.48,3.02,1.7,2.11,2.2,3.46,3.05,1.73,2.03,2526
2526,2026-03-15,Freiburg,Union Berlin,0,1,A,0,0,0.47228088216082403,0.2789409984049703,0.2487781194342054,0.48175579965893983,0.5255197560411552,1.5412612698236061,1.0594787259876128,1.89,3.54,3.94,1.81,1.95,2.11,3.26,3.45,2.1,1.68,2526
2526,2026-03-15,Stuttgart,RB Leipzig,1,0,H,0,0,0.43896952806280787,0.24368342661347636,0.31734704532371594,0.6576477110478357,0.6716008100556561,1.8397413495654895,1.54676132466787,2.4,3.91,2.54,1.31,3.31,2.26,3.85,2.69,1.36,3.02,2526
2526,2026-03-20,RB Leipzig,Hoffenheim,5,0,H,1,0,0.5406602015658762,0.22495520235244998,0.23438459608167372,0.6746382425305464,0.6617129064644208,2.117661663175742,1.3580810550471054,1.9,3.98,3.45,1.4,2.89,1.9,4.09,3.4,1.36,3.05,2526
2526,2026-03-21,Dortmund,Hamburg,3,2,H,1,1,0.6765870753457667,0.2015430160798114,0.12186990857442168,0.5920105492506623,0.5185680467800582,2.218262332918633,0.8504155909375521,1.41,4.78,6.89,1.57,2.34,1.38,4.88,6.96,1.52,2.46,2526
2526,2026-03-21,Wolfsburg,Werder Bremen,0,1,A,0,0,0.4352895290618488,0.2600118607568905,0.3046986101812606,0.5795230990107765,0.6109093856742661,1.6553115148778372,1.356826273309208,2.34,3.58,2.8,1.62,2.22,2.32,3.56,2.77,1.66,2.14,2526
2526,2026-03-21,Heidenheim,Leverkusen,3,3,D,1,1,0.14632410150850084,0.2108998495047636,0.6427760489867356,0.6067833060675099,0.5554771107867453,0.959768644400623,2.177218190669726,5.25,4.58,1.52,1.42,2.74,5.1,4.32,1.56,1.52,2.44,2526
2526,2026-03-21,FC Koln,M'gladbach,3,3,D,1,1,0.38330022838845523,0.26926031547587975,0.3474394561356649,0.5527423501165086,0.5952250335409536,1.4873365927875124,1.4070751456737196,2.3,3.36,3.0,1.87,1.87,2.25,3.44,2.99,1.74,2.01,2526
2526,2026-03-21,Bayern Munich,Union Berlin,4,0,H,1,0,0.8269700441091177,0.11813081155016407,0.054899144340718284,0.739360855820097,0.5113477208755176,3.0957400026983257,0.756644423604248,1.13,8.67,15.22,1.27,3.62,1.16,7.61,13.38,1.31,3.26,2526
2526,2026-03-22,Mainz,Ein Frankfurt,2,1,H,1,1,0.39070878180019697,0.2616048249854308,0.3476863932143723,0.5844789231734654,0.6191732048213178,1.5663931746015982,1.4680377638011755,2.15,3.51,3.18,1.76,2.02,2.08,3.58,3.19,1.7,2.1,2526
2526,2026-03-22,St Pauli,Freiburg,1,2,A,1,1,0.30027800082119516,0.3167628373873316,0.38295916179147305,0.3705662677783076,0.4496007334065652,1.0056527363833958,1.1693136919518667,2.66,3.0,2.8,2.32,1.58,2.66,3.05,2.7,2.23,1.61,2526
2526,2026-03-22,Augsburg,Stuttgart,2,5,A,1,1,0.2559251994445728,0.25574900707359244,0.488325793481835,0.5685742585246508,0.5911815642027303,1.2160538271133077,1.7474129014340096,3.37,3.74,1.99,1.55,2.39,3.36,3.75,1.97,1.56,2.34,2526
2526,2026-04-04,Stuttgart,Dortmund,0,2,A,0,0,0.3875683139023902,0.23818635610693098,0.37424532999067883,0.6805649434637707,0.6915413841861014,1.7700847579501362,1.7375711773597642,2.33,3.85,2.65,1.46,2.67,2.28,3.86,2.68,1.42,2.75,2526
2526,2026-04-04,Werder Bremen,RB Leipzig,1,2,A,1,1,0.2721646762394423,0.2547982588046652,0.4730370649558924,0.5764851936645414,0.6007005340854943,1.2690789503395348,1.7294762617837445,3.74,3.96,1.84,1.46,2.65,3.42,3.85,1.93,1.48,2.58,2526
2526,2026-04-04,M'gladbach,Heidenheim,2,2,D,1,1,0.5706720006578684,0.23036473576684693,0.19896326357528474,0.6054893870502278,0.5922357201807799,2.0092003815280646,1.1217185922946173,1.59,4.22,5.05,1.58,2.33,1.56,4.22,5.2,1.59,2.29,2526
2526,2026-04-04,Leverkusen,Wolfsburg,6,3,H,1,1,0.6859221416772554,0.1866062536261344,0.12747160469661023,0.6614260454262066,0.5758958225914025,2.4271350191877468,0.9790004812254405,1.42,4.88,6.39,1.46,2.65,1.39,4.93,6.73,1.44,2.69,2526
2526,2026-04-04,Hoffenheim,Mainz,1,2,A,1,1,0.4570549822747626,0.25120695572292956,0.2917380620023079,0.6025460968496966,0.6246267989224213,1.750869782423111,1.3663233860798463,1.7,3.95,4.52,1.64,2.2,1.67,4.05,4.41,1.53,2.42,2526
2526,2026-04-04,Hamburg,Augsburg,1,1,D,0,1,0.4291512962733231,0.28808693859709505,0.28276176512958195,0.4544223155279674,0.5115944431171149,1.4005830444876697,1.0925433302476473,2.37,3.37,2.88,1.74,2.04,2.22,3.41,3.07,1.78,1.98,2526
2526,2026-04-04,Freiburg,Bayern Munich,2,3,A,1,1,0.1317373170559841,0.1746474236410654,0.6936152593029505,0.7231323031482152,0.6290519804851686,1.112050126650866,2.6393296834664377,5.43,4.61,1.5,1.44,2.71,6.66,5.26,1.37,1.36,3.03,2526
2526,2026-04-05,Union Berlin,St Pauli,1,1,D,0,1,0.4466757404282695,0.3221871814058831,0.23113707816584744,0.3208783805222061,0.392579700618403,1.2025941918296255,0.788372036201318,2.04,3.18,3.85,2.3,1.59,2.08,3.13,3.67,2.46,1.51,2526
2526,2026-04-05,Ein Frankfurt,FC Koln,2,2,D,1,1,0.5840548039076843,0.22292969300583737,0.19301550308647847,0.6279504767326705,0.6053521296736016,2.094655118168108,1.143271300575793,1.9,3.7,3.72,1.64,2.21,2.01,3.55,3.4,1.7,2.09,2526
2526,2026-04-10,Augsburg,Hoffenheim,2,2,D,1,1,0.33351615716730965,0.2599583112057546,0.40652553162693583,0.5870256672122297,0.6198756138236836,1.4393208909374198,1.6066329608156933,3.46,3.84,1.94,1.46,2.64,3.32,3.75,2.01,1.55,2.38,2526
2526,2026-04-11,St Pauli,Bayern Munich,0,5,A,1,0,0.08217419668839757,0.16935646916523983,0.7484693341463626,0.6112601216445824,0.47235124571722825,0.7130333385526985,2.4450513815673567,8.22,5.53,1.31,1.41,2.82,7.83,5.06,1.34,1.5,2.51,2526
2526,2026-04-11,Wolfsburg,Ein Frankfurt,1,2,A,1,1,0.33403799186706085,0.2441618270535873,0.4218001810793519,0.6535403317476524,0.6695860377870709,1.577458649131323,1.7879584052303423,2.46,3.62,2.6,1.53,2.42,2.48,3.58,2.57,1.56,2.33,2526
2526,2026-04-11,RB Leipzig,M'gladbach,1,0,H,0,0,0.6152158389152135,0.21141942700484812,0.17336473407993835,0.6511362045449365,0.6105011146711256,2.228407194263937,1.1247847638453998,1.46,4.73,5.94,1.47,2.61,1.49,4.58,5.57,1.43,2.7,2526
2526,2026-04-11,Heidenheim,Union Berlin,3,1,H,1,1,0.3382381739899778,0.29083327442675233,0.37092855158326987,0.46479834717665847,0.5271380479529838,1.2323431979328636,1.3013434100539207,2.74,3.39,2.47,1.83,1.91,2.93,3.5,2.25,1.84,1.91,2526
2526,2026-04-11,Dortmund,Leverkusen,0,1,A,0,0,0.46229715768777724,0.24151312014964488,0.296189722162578,0.6501507968436024,0.6615037986665753,1.8736493157036413,1.4745053132375838,2.06,3.79,3.19,1.48,2.57,1.95,3.8,3.42,1.51,2.46,2526
2526,2026-04-12,FC Koln,Werder Bremen,3,1,H,1,1,0.40642224399416804,0.27379922136787765,0.3197785346379543,0.5273479530646089,0.5736615522315509,1.4887633953022879,1.2978460986668985,2.29,3.38,3.01,1.74,2.04,2.18,3.45,3.08,1.7,2.09,2526
2526,2026-04-12,Stuttgart,Hamburg,4,0,H,1,0,0.6265431666937902,0.21760825017551658,0.15584858313069344,0.595755186369835,0.5555461975352496,2.1121489315083766,0.9736756850419125,1.28,5.93,8.84,1.33,3.22,1.39,4.88,6.75,1.44,2.7,2526
2526,2026-04-12,Mainz,Freiburg,0,1,A,0,0,0.4445336470471513,0.27094819526796865,0.28451815768488015,0.5249745761512833,0.566172939370126,1.565007984688383,1.2116971545887913,2.2,3.2,3.37,1.86,1.89,2.23,3.14,3.3,1.85,1.9,2526
2526,2026-04-17,St Pauli,FC Koln,1,1,D,0,1,0.3279977587183394,0.30682284365956347,0.3651793976220973,0.3882183457225021,0.4631099223447733,1.0831973344904111,1.1576527620921842,2.82,3.25,2.48,2.0,1.78,2.82,3.24,2.49,2.0,1.78,2526
2526,2026-04-18,Ein Frankfurt,RB Leipzig,1,3,A,1,1,0.36497835109454835,0.24561277761155997,0.3894088712938917,0.6352022933014365,0.655678370017158,1.6078099054920767,1.665588698671438,2.9,3.89,2.16,1.37,3.01,3.28,3.91,1.97,1.43,2.71,2526
2526,2026-04-18,Werder Bremen,Hamburg,3,1,H,1,1,0.46740765024405984,0.272452110785231,0.26014023897070937,0.4857093064464389,0.5275214533448934,1.531933262300671,1.0845864738428523,1.79,3.78,4.18,1.68,2.12,1.97,3.55,3.55,1.7,2.09,2526
2526,2026-04-18,Union Berlin,Wolfsburg,1,2,A,1,1,0.4189617388427921,0.27212361342960095,0.308914647727607,0.5112356756593369,0.5574174933021935,1.4800078125287668,1.2398852170555652,2.14,3.56,3.15,1.73,2.04,2.14,3.46,3.18,1.84,1.91,2526
2526,2026-04-18,Hoffenheim,Dortmund,2,1,H,1,1,0.28169133095170334,0.2288050972992529,0.48950357174904374,0.6788770896756904,0.6774476591109265,1.4936633226123965,2.0048621502677166,2.19,3.82,2.89,1.44,2.67,2.53,3.8,2.42,1.47,2.58,2526
2526,2026-04-18,Leverkusen,Augsburg,1,2,A,1,1,0.6998292272649898,0.18463853172817715,0.11553224100683326,0.6276982273202483,0.5332331167177884,2.3639079023886542,0.8728377411354455,1.38,5.2,6.74,1.39,2.9,1.4,4.86,6.64,1.44,2.68,2526
2526,2026-04-19,Freiburg,Heidenheim,2,1,H,1,1,0.5795691461827501,0.23029966299005686,0.1901311908271928,0.5804537854482593,0.5661949659973857,1.9666115739475891,1.0497104877918768,1.62,4.12,4.87,1.58,2.32,1.65,4.05,4.63,1.6,2.25,2526
2526,2026-04-19,Bayern Munich,Stuttgart,4,2,H,1,1,0.7340342904424244,0.1486535341698806,0.11731217538769512,0.7945065855713564,0.6720628605782306,3.024607578263693,1.212103040326497,1.46,5.16,5.45,1.22,4.14,1.37,5.39,6.44,1.23,3.99,2526
2526,2026-04-19,M'gladbach,Mainz,1,1,D,0,1,0.3896944334622271,0.26828277063334616,0.34202279590442675,0.53491058605448,0.5787479244584897,1.4619099834004186,1.3564479692720277,2.22,3.48,3.04,1.79,1.98,2.39,3.4,2.79,1.84,1.91,2526
2526,2026-04-24,RB Leipzig,Union Berlin,3,1,H,1,1,0.6260640639377283,0.22346694190827096,0.15046899415400064,0.5502974647233143,0.5151007149314131,2.0000794881002357,0.8838152866445195,1.51,4.4,5.69,1.56,2.35,1.45,4.75,6.06,1.49,2.53,2526
2526,2026-04-25,Augsburg,Ein Frankfurt,1,1,D,0,1,0.31788755802011626,0.2575077472734089,0.4246046947064748,0.5808264314770408,0.6119742930510172,1.3870679078714616,1.6309164031219452,2.36,3.69,2.67,1.46,2.58,2.45,3.69,2.53,1.51,2.47,2526
2526,2026-04-25,FC Koln,Leverkusen,1,2,A,1,1,0.21895283159385803,0.23365214637972373,0.5473950220264181,0.6096819432022088,0.6047447100494672,1.1847392384029298,1.9658307760708498,3.52,3.92,1.89,1.49,2.52,3.72,3.9,1.83,1.51,2.46,2526
2526,2026-04-25,Heidenheim,St Pauli,2,0,H,0,0,0.4120785343004398,0.30395961960709117,0.283961846092469,0.39378798089786604,0.463531097688389,1.2600082748263064,1.0017214034171746,2.29,3.37,2.95,1.84,1.9,2.35,3.32,2.89,1.91,1.84,2526
2526,2026-04-25,Mainz,Bayern Munich,3,4,A,1,1,0.14268115768569173,0.18611064495688573,0.6712081973574227,0.6913552320022567,0.6137823107008012,1.089236362473128,2.477794092718735,3.63,4.22,1.79,1.33,3.16,4.33,4.37,1.64,1.4,2.84,2526
2526,2026-04-25,Wolfsburg,M'gladbach,0,0,D,0,0,0.4158044531281035,0.25162982855283017,0.33256571831906623,0.610026503647403,0.635508581679226,1.6729826480490206,1.479199516817721,2.12,3.65,3.09,1.58,2.28,2.2,3.59,2.95,1.6,2.25,2526
2526,2026-04-25,Hamburg,Hoffenheim,1,2,A,1,1,0.304747535468206,0.2580512583411625,0.4372012061906313,0.5736372554835538,0.6046449494805302,1.3421443181272341,1.6437307273171136,4.34,4.16,1.67,1.44,2.68,3.88,3.96,1.77,1.49,2.53,2526
2526,2026-04-26,Stuttgart,Werder Bremen,1,1,D,0,1,0.6227826404047107,0.20702988904998446,0.17018747054530498,0.6532027926537264,0.6078080076467198,2.2492529439430293,1.1144754949894542,1.52,4.5,5.29,1.41,2.79,1.5,4.46,5.46,1.41,2.76,2526
2526,2026-04-26,Dortmund,Freiburg,4,0,H,1,0,0.6243751101931682,0.2108713132523674,0.16475357655446454,0.6276608678963776,0.5844382775712939,2.1851066213520247,1.0514231402674858,1.41,4.88,6.62,1.5,2.5,1.35,4.98,7.51,1.5,2.51,2526
2526,2026-05-02,Hoffenheim,Stuttgart,3,3,D,1,1,0.36079582861031867,0.23663524195082208,0.40256892943885947,0.6920751811234709,0.7005387711872134,1.7340690417818378,1.836884456620721,2.16,3.98,2.82,1.35,3.06,2.27,3.98,2.63,1.34,3.1,2526
2526,2026-05-02,Leverkusen,RB Leipzig,4,1,H,1,1,0.4802233963359687,0.24554412832529177,0.2742324753387395,0.6224248163961417,0.636186203467596,1.849189025442076,1.3619994279480587,2.09,4.0,2.93,1.35,3.09,2.1,3.98,2.9,1.36,3.02,2526
2526,2026-05-02,Werder Bremen,Augsburg,1,3,A,1,1,0.4496925873248263,0.27552299110002876,0.27478442157514493,0.5040641229251643,0.5485495403928804,1.5359035683307267,1.1546737891042664,1.93,3.82,3.48,1.5,2.5,1.92,3.76,3.5,1.59,2.26,2526
2526,2026-05-02,Bayern Munich,Heidenheim,3,3,D,1,1,0.9064510688564352,0.06530729372147608,0.028241637422088836,0.8657271306032633,0.5412220529846796,4.100371797086461,0.794227203072,1.26,6.59,8.53,1.19,4.4,1.22,6.75,9.61,1.24,3.86,2526
2526,2026-05-02,Ein Frankfurt,Hamburg,1,2,A,1,1,0.5991162556735158,0.22676708777117668,0.17411665655530756,0.591374813986589,0.5670132039365267,2.0403153960587175,1.025438141832612,1.66,4.16,4.42,1.47,2.59,1.7,4.05,4.26,1.52,2.45,2526
2526,2026-05-02,Union Berlin,FC Koln,2,2,D,1,1,0.40441274500466873,0.28520283375745065,0.3103844212378805,0.48238005351063157,0.5386284480381954,1.4021771169629997,1.201049848506162,2.61,3.37,2.58,1.74,2.03,2.37,3.31,2.84,1.86,1.88,2526
2526,2026-05-03,St Pauli,Mainz,1,2,A,1,1,0.2584593417098518,0.31378552141128213,0.42775513687886624,0.36499796735866163,0.437408697333842,0.9095715674611479,1.2446899589104512,2.75,3.26,2.51,2.01,1.75,2.7,3.22,2.55,2.1,1.69,2526
2526,2026-05-03,M'gladbach,Dortmund,1,0,H,0,0,0.23016890766616396,0.23781346547864488,0.532017626855191,0.6178598323028867,0.6179109801920856,1.2350604749070073,1.9542574921162843,3.64,3.82,1.89,1.53,2.43,3.59,3.79,1.89,1.56,2.34,2526
2526,2026-05-03,Freiburg,Wolfsburg,1,1,D,0,1,0.49202987912566665,0.25238298196970854,0.2555871389046246,0.58159522711298,0.6006536267077335,1.7834983813465919,1.2379429260861696,2.05,3.59,3.31,1.59,2.27,2.43,3.51,2.67,1.65,2.16,2526
2526,2026-05-08,Dortmund,Ein Frankfurt,3,2,H,1,1,0.605966439356062,0.20921637100221122,0.1848171896417268,0.6732795864345665,0.6341767558851601,2.266247472672219,1.202256792607894,1.7,4.24,4.13,1.36,3.02,1.64,4.38,4.43,1.37,2.98,2526
2526,2026-05-09,Stuttgart,Leverkusen,3,1,H,1,1,0.3762549272229698,0.24180593695331837,0.3819391358237117,0.6648565778760258,0.6796893491558857,1.7051170810889031,1.7188363698752747,1.99,4.12,3.12,1.3,3.37,2.13,3.96,2.82,1.33,3.22,2526
2526,2026-05-09,Augsburg,M'gladbach,3,1,H,1,1,0.39119844943942483,0.27497427002142294,0.3338272805391523,0.5203415018040743,0.5689082745667299,1.4415859252891332,1.3158616940190688,1.91,3.9,3.46,1.41,2.79,2.06,3.66,3.2,1.59,2.26,2526
2526,2026-05-09,Hoffenheim,Werder Bremen,1,0,H,0,0,0.5357204613864439,0.23156473613172357,0.23271480248183243,0.6393852757890758,0.6338630576351466,2.0134637716111126,1.2806423800919606,1.48,4.87,5.42,1.36,3.04,1.44,4.91,5.7,1.35,3.04,2526
2526,2026-05-09,RB Leipzig,St Pauli,2,1,H,1,1,0.6753680761485176,0.21381086755811726,0.11082105629336522,0.5096281590573839,0.4432091325612716,2.0158392442268225,0.697479783557797,1.27,6.01,9.02,1.36,3.02,1.3,5.39,8.8,1.45,2.65,2526
2526,2026-05-09,Wolfsburg,Bayern Munich,0,1,A,0,0,0.10635121691461571,0.145699273628587,0.7479495094567973,0.7883338401321752,0.6545632175178101,1.1477758873270345,3.041978565704112,5.28,5.16,1.46,1.2,4.35,4.28,4.48,1.62,1.26,3.74,2526
2526,2026-05-10,FC Koln,Heidenheim,1,3,A,1,1,0.49899258703345606,0.2490140512938798,0.25199336167266423,0.5853765225961967,0.6012111901251544,1.8052346118348175,1.2332560577308165,2.02,4.05,3.08,1.35,3.09,1.88,3.93,3.48,1.43,2.68,2526
2526,2026-05-10,Hamburg,Freiburg,3,2,H,1,1,0.33180256978276357,0.2850038684990603,0.3831935617181761,0.4806976412157899,0.5383783500801994,1.2434279649108464,1.3530974256477446,2.94,3.59,2.23,1.63,2.22,2.74,3.57,2.35,1.67,2.13,2526
2526,2026-05-10,Mainz,Union Berlin,1,3,A,1,1,0.507051726095722,0.2712526682859544,0.22169560561832363,0.4735614737160362,0.5065797078822128,1.5919282462478936,0.9762865864744589,1.66,4.27,4.34,1.43,2.73,1.74,3.81,4.24,1.69,2.1,2526
2526,2026-05-16,St Pauli,Wolfsburg,1,3,A,1,1,0.3160601700576229,0.30425183038854514,0.3796879995538319,0.4002505891890178,0.4727808993160837,1.0787297646124239,1.207290556206801,2.56,3.56,2.51,1.67,2.15,2.78,3.63,2.28,1.65,2.16,2526
2526,2026-05-16,M'gladbach,Hoffenheim,4,0,H,1,0,0.3827885840147681,0.24804658042205985,0.3691648355631722,0.629733005615282,0.6522132385805938,1.639342267742465,1.6072442870930355,4.37,4.43,1.62,1.33,3.17,4.1,4.4,1.67,1.34,3.09,2526
2526,2026-05-16,Leverkusen,Hamburg,1,1,D,0,1,0.6998641315736791,0.18474241495011381,0.11539345347620697,0.6319891455772667,0.5373418052268201,2.37692389561167,0.8807560871695794,1.27,6.19,8.28,1.27,3.63,1.25,6.29,8.83,1.28,3.48,2526
2526,2026-05-16,Union Berlin,Augsburg,4,0,H,1,0,0.40826847208561134,0.2856548913154035,0.3060766365989853,0.4638696114732557,0.5215898712183749,1.372998266343212,1.157044147864482,2.51,3.95,2.38,1.33,3.2,2.57,3.77,2.39,1.49,2.53,2526
2526,2026-05-16,Freiburg,RB Leipzig,4,1,H,1,1,0.3000801944306403,0.2539810848327043,0.4459387207366554,0.5871239484230497,0.6137047806035124,1.3555152486809032,1.6908851271318408,2.44,3.72,2.53,1.47,2.59,2.65,3.88,2.28,1.41,2.75,2526
2526,2026-05-16,Bayern Munich,FC Koln,5,1,H,1,1,0.8592659126782871,0.09198367763358244,0.048750409688130346,0.8328383023167412,0.5822488006675277,3.6563433084491335,0.9038319042981107,1.14,9.11,12.56,1.1,6.4,1.14,8.71,12.84,1.12,5.91,2526
2526,2026-05-16,Ein Frankfurt,Stuttgart,2,2,D,1,1,0.3664846592994075,0.23582324727086018,0.3976920934297324,0.6835628642390398,0.6928336928873176,1.7238209458473541,1.8001545550162508,3.48,4.24,1.82,1.27,3.58,3.35,4.22,1.86,1.29,3.4,2526
2526,2026-05-16,Heidenheim,Mainz,0,2,A,0,0,0.32058543711195914,0.26457846487255754,0.4148360980154834,0.5509675202560299,0.5897210789486644,1.3378723078343042,1.5488911025156016,1.92,4.04,3.28,1.41,2.79,1.88,4.14,3.35,1.42,2.71,2526
2526,2026-05-16,Werder Bremen,Dortmund,0,2,A,0,0,0.21687825680727285,0.23756995492520952,0.5455517882675175,0.5899261357778746,0.588931674470957,1.1439466886369534,1.9151937842835318,3.12,3.94,2.01,1.38,2.94,3.3,3.97,1.93,1.39,2.9,2526
