Competizione,Turno,Data,Casa,Ospite,Periodo,Minuto,Lato,Tipo evento,Giocatore,Punteggio dopo,ID partita
Coppa Italia,FINALE,13.05.2026,Lazio,Inter,1 Tempo,6',Ospite,Cartellino Giallo,Bisseck Y.,,xYQFQSOk
Coppa Italia,FINALE,13.05.2026,Lazio,Inter,1 Tempo,14',Ospite,Autogol,Marusic A.,0-1,xYQFQSOk
Coppa Italia,FINALE,13.05.2026,Lazio,Inter,1 Tempo,16',Ospite,Cartellino Giallo,Bastoni A.,,xYQFQSOk
Coppa Italia,FINALE,13.05.2026,Lazio,Inter,1 Tempo,35',Ospite,Gol,Martinez L.,0-2,xYQFQSOk
Coppa Italia,FINALE,13.05.2026,Lazio,Inter,1 Tempo,35',Ospite,Assist,Dumfries D.,0-2,xYQFQSOk
Coppa Italia,FINALE,13.05.2026,Lazio,Inter,1 Tempo,38',Casa,Cartellino Giallo,Gila M.,,xYQFQSOk
Coppa Italia,FINALE,13.05.2026,Lazio,Inter,2 Tempo,46',Casa,Sostituzione - Esce,Patric,,xYQFQSOk
Coppa Italia,FINALE,13.05.2026,Lazio,Inter,2 Tempo,46',Casa,Sostituzione - Entra,Rovella N.,,xYQFQSOk
Coppa Italia,FINALE,13.05.2026,Lazio,Inter,2 Tempo,66',Casa,Sostituzione - Esce,Isaksen G.,,xYQFQSOk
Coppa Italia,FINALE,13.05.2026,Lazio,Inter,2 Tempo,66',Casa,Sostituzione - Entra,Cancellieri M.,,xYQFQSOk
Coppa Italia,FINALE,13.05.2026,Lazio,Inter,2 Tempo,68',Ospite,Sostituzione - Esce,Dumfries D.,,xYQFQSOk
Coppa Italia,FINALE,13.05.2026,Lazio,Inter,2 Tempo,68',Ospite,Sostituzione - Entra,Luis Henrique,,xYQFQSOk
Coppa Italia,FINALE,13.05.2026,Lazio,Inter,2 Tempo,68',Ospite,Sostituzione - Esce,Sucic P.,,xYQFQSOk
Coppa Italia,FINALE,13.05.2026,Lazio,Inter,2 Tempo,68',Ospite,Sostituzione - Entra,Mkhitaryan H.,,xYQFQSOk
Coppa Italia,FINALE,13.05.2026,Lazio,Inter,2 Tempo,72',Casa,Sostituzione - Esce,Marusic A.,,xYQFQSOk
Coppa Italia,FINALE,13.05.2026,Lazio,Inter,2 Tempo,72',Casa,Sostituzione - Entra,Lazzari M.,,xYQFQSOk
Coppa Italia,FINALE,13.05.2026,Lazio,Inter,2 Tempo,72',Casa,Sostituzione - Esce,Zaccagni M.,,xYQFQSOk
Coppa Italia,FINALE,13.05.2026,Lazio,Inter,2 Tempo,72',Casa,Sostituzione - Entra,Dia B.,,xYQFQSOk
Coppa Italia,FINALE,13.05.2026,Lazio,Inter,2 Tempo,77',Ospite,Sostituzione - Esce,Bastoni A.,,xYQFQSOk
Coppa Italia,FINALE,13.05.2026,Lazio,Inter,2 Tempo,77',Ospite,Sostituzione - Entra,Carlos Augusto,,xYQFQSOk
Coppa Italia,FINALE,13.05.2026,Lazio,Inter,2 Tempo,77',Ospite,Sostituzione - Esce,Martinez L.,,xYQFQSOk
Coppa Italia,FINALE,13.05.2026,Lazio,Inter,2 Tempo,77',Ospite,Sostituzione - Entra,Bonny A.,,xYQFQSOk
Coppa Italia,FINALE,13.05.2026,Lazio,Inter,2 Tempo,78',Casa,Sostituzione - Esce,Basic T.,,xYQFQSOk
Coppa Italia,FINALE,13.05.2026,Lazio,Inter,2 Tempo,78',Casa,Sostituzione - Entra,Pedro,,xYQFQSOk
Coppa Italia,FINALE,13.05.2026,Lazio,Inter,2 Tempo,82',Ospite,Sostituzione - Esce,Thuram M.,,xYQFQSOk
Coppa Italia,FINALE,13.05.2026,Lazio,Inter,2 Tempo,82',Ospite,Sostituzione - Entra,Diouf A.,,xYQFQSOk
Coppa Italia,FINALE,13.05.2026,Lazio,Inter,2 Tempo,84',Casa,Cartellino Giallo,Pedro,,xYQFQSOk
Coppa Italia,FINALE,13.05.2026,Lazio,Inter,2 Tempo,84',Casa,Cartellino Giallo,Zaccagni M.,,xYQFQSOk
Coppa Italia,FINALE,13.05.2026,Lazio,Inter,2 Tempo,84',Casa,Non Dal Campo,Zaccagni M.,,xYQFQSOk
Coppa Italia,FINALE,13.05.2026,Lazio,Inter,2 Tempo,85',Ospite,Cartellino Giallo,Dimarco F.,,xYQFQSOk
Coppa Italia,FINALE,13.05.2026,Lazio,Inter,2 Tempo,85',Ospite,Cartellino Giallo,Barella N.,,xYQFQSOk
Coppa Italia,SEMI FINALI,22.04.2026,Atalanta,Lazio,1 Tempo,31',Casa,Cartellino Giallo,Kolasinac S.,,UTn2mTd2
Coppa Italia,SEMI FINALI,22.04.2026,Atalanta,Lazio,1 Tempo,37',Ospite,Cartellino Giallo,Cancellieri M.,,UTn2mTd2
Coppa Italia,SEMI FINALI,22.04.2026,Atalanta,Lazio,2 Tempo,56',Casa,Sostituzione - Esce,Bernasconi L.,,UTn2mTd2
Coppa Italia,SEMI FINALI,22.04.2026,Atalanta,Lazio,2 Tempo,56',Casa,Sostituzione - Entra,Bellanova R.,,UTn2mTd2
Coppa Italia,SEMI FINALI,22.04.2026,Atalanta,Lazio,2 Tempo,56',Casa,Cartellino Giallo,Palladino R.,,UTn2mTd2
Coppa Italia,SEMI FINALI,22.04.2026,Atalanta,Lazio,2 Tempo,56',Casa,Non Dal Campo,Palladino R.,,UTn2mTd2
Coppa Italia,SEMI FINALI,22.04.2026,Atalanta,Lazio,2 Tempo,66',Ospite,Sostituzione - Esce,Cancellieri M.,,UTn2mTd2
Coppa Italia,SEMI FINALI,22.04.2026,Atalanta,Lazio,2 Tempo,66',Ospite,Sostituzione - Entra,Isaksen G.,,UTn2mTd2
Coppa Italia,SEMI FINALI,22.04.2026,Atalanta,Lazio,2 Tempo,67',Ospite,Sostituzione - Esce,Marusic A.,,UTn2mTd2
Coppa Italia,SEMI FINALI,22.04.2026,Atalanta,Lazio,2 Tempo,67',Ospite,Sostituzione - Entra,Lazzari M.,,UTn2mTd2
Coppa Italia,SEMI FINALI,22.04.2026,Atalanta,Lazio,2 Tempo,71',Casa,Sostituzione - Esce,Zalewski N.,,UTn2mTd2
Coppa Italia,SEMI FINALI,22.04.2026,Atalanta,Lazio,2 Tempo,71',Casa,Sostituzione - Entra,Raspadori G.,,UTn2mTd2
Coppa Italia,SEMI FINALI,22.04.2026,Atalanta,Lazio,2 Tempo,71',Casa,Sostituzione - Esce,Kolasinac S.,,UTn2mTd2
Coppa Italia,SEMI FINALI,22.04.2026,Atalanta,Lazio,2 Tempo,71',Casa,Sostituzione - Entra,Kossounou O.,,UTn2mTd2
Coppa Italia,SEMI FINALI,22.04.2026,Atalanta,Lazio,2 Tempo,71',Casa,Sostituzione - Esce,De Roon M.,,UTn2mTd2
Coppa Italia,SEMI FINALI,22.04.2026,Atalanta,Lazio,2 Tempo,71',Casa,Sostituzione - Entra,Pasalic M.,,UTn2mTd2
Coppa Italia,SEMI FINALI,22.04.2026,Atalanta,Lazio,2 Tempo,73',Ospite,Cartellino Giallo,Sarri M.,,UTn2mTd2
Coppa Italia,SEMI FINALI,22.04.2026,Atalanta,Lazio,2 Tempo,73',Ospite,Non Dal Campo,Sarri M.,,UTn2mTd2
Coppa Italia,SEMI FINALI,22.04.2026,Atalanta,Lazio,2 Tempo,77',Ospite,Sostituzione - Esce,Basic T.,,UTn2mTd2
Coppa Italia,SEMI FINALI,22.04.2026,Atalanta,Lazio,2 Tempo,77',Ospite,Sostituzione - Entra,Dele-Bashiru F.,,UTn2mTd2
Coppa Italia,SEMI FINALI,22.04.2026,Atalanta,Lazio,2 Tempo,77',Ospite,Sostituzione - Esce,Gila M.,,UTn2mTd2
Coppa Italia,SEMI FINALI,22.04.2026,Atalanta,Lazio,2 Tempo,77',Ospite,Sostituzione - Entra,Provstgaard O.,,UTn2mTd2
Coppa Italia,SEMI FINALI,22.04.2026,Atalanta,Lazio,2 Tempo,84',Ospite,Sostituzione - Esce,Patric,,UTn2mTd2
Coppa Italia,SEMI FINALI,22.04.2026,Atalanta,Lazio,2 Tempo,84',Ospite,Sostituzione - Entra,Cataldi D.,,UTn2mTd2
Coppa Italia,SEMI FINALI,22.04.2026,Atalanta,Lazio,2 Tempo,84',Ospite,Gol,Romagnoli A.,0-1,UTn2mTd2
Coppa Italia,SEMI FINALI,22.04.2026,Atalanta,Lazio,2 Tempo,84',Ospite,Assist,Zaccagni M.,0-1,UTn2mTd2
Coppa Italia,SEMI FINALI,22.04.2026,Atalanta,Lazio,2 Tempo,86',Casa,Gol,Pasalic M.,1-1,UTn2mTd2
Coppa Italia,SEMI FINALI,22.04.2026,Atalanta,Lazio,2 Tempo,86',Casa,Assist,Krstovic N.,1-1,UTn2mTd2
Coppa Italia,SEMI FINALI,22.04.2026,Atalanta,Lazio,2 Tempo,90',Casa,Sostituzione - Esce,Krstovic N.,,UTn2mTd2
Coppa Italia,SEMI FINALI,22.04.2026,Atalanta,Lazio,2 Tempo,90',Casa,Sostituzione - Entra,Scamacca G.,,UTn2mTd2
Coppa Italia,SEMI FINALI,22.04.2026,Atalanta,Lazio,Supplementari,94',Casa,Sostituzione - Esce,Scalvini G.,,UTn2mTd2
Coppa Italia,SEMI FINALI,22.04.2026,Atalanta,Lazio,Supplementari,94',Casa,Sostituzione - Entra,Ahanor H.,,UTn2mTd2
Coppa Italia,SEMI FINALI,22.04.2026,Atalanta,Lazio,Supplementari,103',Ospite,Sostituzione - Esce,Zaccagni M.,,UTn2mTd2
Coppa Italia,SEMI FINALI,22.04.2026,Atalanta,Lazio,Supplementari,103',Ospite,Sostituzione - Entra,Pedro,,UTn2mTd2
Coppa Italia,SEMI FINALI,22.04.2026,Atalanta,Lazio,Supplementari,117',Casa,Cartellino Giallo,Scamacca G.,,UTn2mTd2
Coppa Italia,SEMI FINALI,22.04.2026,Atalanta,Lazio,Supplementari,120',Ospite,Cartellino Giallo,Lazzari M.,,UTn2mTd2
Coppa Italia,SEMI FINALI,22.04.2026,Atalanta,Lazio,Rigori,1,Casa,Rigore Assegnato,Raspadori G.,,UTn2mTd2
Coppa Italia,SEMI FINALI,22.04.2026,Atalanta,Lazio,Rigori,1,Casa,Rigore,Raspadori G.,,UTn2mTd2
Coppa Italia,SEMI FINALI,22.04.2026,Atalanta,Lazio,Rigori,1,Ospite,Rigore Assegnato,Tavares N.,,UTn2mTd2
Coppa Italia,SEMI FINALI,22.04.2026,Atalanta,Lazio,Rigori,1,Ospite,Rigore sbagliato,Tavares N.,,UTn2mTd2
Coppa Italia,SEMI FINALI,22.04.2026,Atalanta,Lazio,Rigori,2,Casa,Rigore Assegnato,Scamacca G.,,UTn2mTd2
Coppa Italia,SEMI FINALI,22.04.2026,Atalanta,Lazio,Rigori,2,Casa,Rigore sbagliato,Scamacca G.,,UTn2mTd2
Coppa Italia,SEMI FINALI,22.04.2026,Atalanta,Lazio,Rigori,2,Ospite,Rigore Assegnato,Cataldi D.,,UTn2mTd2
Coppa Italia,SEMI FINALI,22.04.2026,Atalanta,Lazio,Rigori,2,Ospite,Rigore sbagliato,Cataldi D.,,UTn2mTd2
Coppa Italia,SEMI FINALI,22.04.2026,Atalanta,Lazio,Rigori,3,Casa,Rigore Assegnato,Zappacosta D.,,UTn2mTd2
Coppa Italia,SEMI FINALI,22.04.2026,Atalanta,Lazio,Rigori,3,Casa,Rigore sbagliato,Zappacosta D.,,UTn2mTd2
Coppa Italia,SEMI FINALI,22.04.2026,Atalanta,Lazio,Rigori,3,Ospite,Rigore Assegnato,Isaksen G.,,UTn2mTd2
Coppa Italia,SEMI FINALI,22.04.2026,Atalanta,Lazio,Rigori,3,Ospite,Rigore,Isaksen G.,,UTn2mTd2
Coppa Italia,SEMI FINALI,22.04.2026,Atalanta,Lazio,Rigori,4,Casa,Rigore Assegnato,Pasalic M.,,UTn2mTd2
Coppa Italia,SEMI FINALI,22.04.2026,Atalanta,Lazio,Rigori,4,Casa,Rigore sbagliato,Pasalic M.,,UTn2mTd2
Coppa Italia,SEMI FINALI,22.04.2026,Atalanta,Lazio,Rigori,4,Ospite,Rigore Assegnato,Taylor K.,,UTn2mTd2
Coppa Italia,SEMI FINALI,22.04.2026,Atalanta,Lazio,Rigori,4,Ospite,Rigore,Taylor K.,,UTn2mTd2
Coppa Italia,SEMI FINALI,22.04.2026,Atalanta,Lazio,Rigori,5,Casa,Rigore Assegnato,De Ketelaere C.,,UTn2mTd2
Coppa Italia,SEMI FINALI,22.04.2026,Atalanta,Lazio,Rigori,5,Casa,Rigore sbagliato,De Ketelaere C.,,UTn2mTd2
Coppa Italia,SEMI FINALI,21.04.2026,Inter,Como,1 Tempo,32',Ospite,Gol,Baturina M.,0-1,vyzoWyLG
Coppa Italia,SEMI FINALI,21.04.2026,Inter,Como,1 Tempo,32',Ospite,Assist,Van der Brempt I.,0-1,vyzoWyLG
Coppa Italia,SEMI FINALI,21.04.2026,Inter,Como,2 Tempo,48',Ospite,Gol,Da Cunha L.,0-2,vyzoWyLG
Coppa Italia,SEMI FINALI,21.04.2026,Inter,Como,2 Tempo,48',Ospite,Assist,Paz N.,0-2,vyzoWyLG
Coppa Italia,SEMI FINALI,21.04.2026,Inter,Como,2 Tempo,60',Casa,Sostituzione - Esce,Dimarco F.,,vyzoWyLG
Coppa Italia,SEMI FINALI,21.04.2026,Inter,Como,2 Tempo,60',Casa,Sostituzione - Entra,Diouf A.,,vyzoWyLG
Coppa Italia,SEMI FINALI,21.04.2026,Inter,Como,2 Tempo,60',Casa,Sostituzione - Esce,Zielinski P.,,vyzoWyLG
Coppa Italia,SEMI FINALI,21.04.2026,Inter,Como,2 Tempo,60',Casa,Sostituzione - Entra,Sucic P.,,vyzoWyLG
Coppa Italia,SEMI FINALI,21.04.2026,Inter,Como,2 Tempo,69',Casa,Gol,Calhanoglu H.,1-2,vyzoWyLG
Coppa Italia,SEMI FINALI,21.04.2026,Inter,Como,2 Tempo,69',Casa,Assist,Sucic P.,1-2,vyzoWyLG
Coppa Italia,SEMI FINALI,21.04.2026,Inter,Como,2 Tempo,70',Ospite,Sostituzione - Esce,Douvikas A.,,vyzoWyLG
Coppa Italia,SEMI FINALI,21.04.2026,Inter,Como,2 Tempo,70',Ospite,Sostituzione - Entra,Diao A.,,vyzoWyLG
Coppa Italia,SEMI FINALI,21.04.2026,Inter,Como,2 Tempo,70',Ospite,Sostituzione - Esce,Da Cunha L.,,vyzoWyLG
Coppa Italia,SEMI FINALI,21.04.2026,Inter,Como,2 Tempo,70',Ospite,Sostituzione - Entra,Caqueret M.,,vyzoWyLG
Coppa Italia,SEMI FINALI,21.04.2026,Inter,Como,2 Tempo,74',Casa,Sostituzione - Esce,Bonny A.,,vyzoWyLG
Coppa Italia,SEMI FINALI,21.04.2026,Inter,Como,2 Tempo,74',Casa,Sostituzione - Entra,Esposito F.,,vyzoWyLG
Coppa Italia,SEMI FINALI,21.04.2026,Inter,Como,2 Tempo,74',Casa,Sostituzione - Esce,Acerbi F.,,vyzoWyLG
Coppa Italia,SEMI FINALI,21.04.2026,Inter,Como,2 Tempo,74',Casa,Sostituzione - Entra,Bisseck Y.,,vyzoWyLG
Coppa Italia,SEMI FINALI,21.04.2026,Inter,Como,2 Tempo,80',Ospite,Sostituzione - Esce,Baturina M.,,vyzoWyLG
Coppa Italia,SEMI FINALI,21.04.2026,Inter,Como,2 Tempo,80',Ospite,Sostituzione - Entra,Rodriguez J.,,vyzoWyLG
Coppa Italia,SEMI FINALI,21.04.2026,Inter,Como,2 Tempo,80',Ospite,Sostituzione - Esce,Van der Brempt I.,,vyzoWyLG
Coppa Italia,SEMI FINALI,21.04.2026,Inter,Como,2 Tempo,80',Ospite,Sostituzione - Entra,Smolcic I.,,vyzoWyLG
Coppa Italia,SEMI FINALI,21.04.2026,Inter,Como,2 Tempo,84',Casa,Sostituzione - Esce,Luis Henrique,,vyzoWyLG
Coppa Italia,SEMI FINALI,21.04.2026,Inter,Como,2 Tempo,84',Casa,Sostituzione - Entra,Dumfries D.,,vyzoWyLG
Coppa Italia,SEMI FINALI,21.04.2026,Inter,Como,2 Tempo,86',Casa,Gol,Calhanoglu H.,2-2,vyzoWyLG
Coppa Italia,SEMI FINALI,21.04.2026,Inter,Como,2 Tempo,86',Casa,Assist,Sucic P.,2-2,vyzoWyLG
Coppa Italia,SEMI FINALI,21.04.2026,Inter,Como,2 Tempo,89',Casa,Gol,Sucic P.,3-2,vyzoWyLG
Coppa Italia,SEMI FINALI,21.04.2026,Inter,Como,2 Tempo,89',Casa,Assist,Calhanoglu H.,3-2,vyzoWyLG
Coppa Italia,SEMI FINALI,21.04.2026,Inter,Como,2 Tempo,90',Ospite,Sostituzione - Esce,Diego Carlos,,vyzoWyLG
Coppa Italia,SEMI FINALI,21.04.2026,Inter,Como,2 Tempo,90',Ospite,Sostituzione - Entra,Morata A.,,vyzoWyLG
Coppa Italia,SEMI FINALI,21.04.2026,Inter,Como,2 Tempo,90+4',Ospite,Cartellino Giallo,Perrone M.,,vyzoWyLG
Coppa Italia,SEMI FINALI,04.03.2026,Lazio,Atalanta,1 Tempo,23',Ospite,Cartellino Giallo,De Roon M.,,M3qfkkSk
Coppa Italia,SEMI FINALI,04.03.2026,Lazio,Atalanta,2 Tempo,47',Casa,Gol,Dele-Bashiru F.,1-0,M3qfkkSk
Coppa Italia,SEMI FINALI,04.03.2026,Lazio,Atalanta,2 Tempo,47',Casa,Assist,Maldini D.,1-0,M3qfkkSk
Coppa Italia,SEMI FINALI,04.03.2026,Lazio,Atalanta,2 Tempo,51',Ospite,Gol,Pasalic M.,1-1,M3qfkkSk
Coppa Italia,SEMI FINALI,04.03.2026,Lazio,Atalanta,2 Tempo,64',Casa,Sostituzione - Esce,Isaksen G.,,M3qfkkSk
Coppa Italia,SEMI FINALI,04.03.2026,Lazio,Atalanta,2 Tempo,64',Casa,Sostituzione - Entra,Cancellieri M.,,M3qfkkSk
Coppa Italia,SEMI FINALI,04.03.2026,Lazio,Atalanta,2 Tempo,64',Ospite,Sostituzione - Esce,Scalvini G.,,M3qfkkSk
Coppa Italia,SEMI FINALI,04.03.2026,Lazio,Atalanta,2 Tempo,64',Ospite,Sostituzione - Entra,Kossounou O.,,M3qfkkSk
Coppa Italia,SEMI FINALI,04.03.2026,Lazio,Atalanta,2 Tempo,64',Ospite,Sostituzione - Esce,De Roon M.,,M3qfkkSk
Coppa Italia,SEMI FINALI,04.03.2026,Lazio,Atalanta,2 Tempo,64',Ospite,Sostituzione - Entra,Musah Y.,,M3qfkkSk
Coppa Italia,SEMI FINALI,04.03.2026,Lazio,Atalanta,2 Tempo,66',Casa,Cartellino Giallo,Sarri M.,,M3qfkkSk
Coppa Italia,SEMI FINALI,04.03.2026,Lazio,Atalanta,2 Tempo,66',Casa,Non Dal Campo,Sarri M.,,M3qfkkSk
Coppa Italia,SEMI FINALI,04.03.2026,Lazio,Atalanta,2 Tempo,66',Ospite,Cartellino Giallo,Palladino R.,,M3qfkkSk
Coppa Italia,SEMI FINALI,04.03.2026,Lazio,Atalanta,2 Tempo,66',Ospite,Non Dal Campo,Palladino R.,,M3qfkkSk
Coppa Italia,SEMI FINALI,04.03.2026,Lazio,Atalanta,2 Tempo,69',Ospite,Cartellino Giallo,Pasalic M.,,M3qfkkSk
Coppa Italia,SEMI FINALI,04.03.2026,Lazio,Atalanta,2 Tempo,76',Ospite,Sostituzione - Esce,Kolasinac S.,,M3qfkkSk
Coppa Italia,SEMI FINALI,04.03.2026,Lazio,Atalanta,2 Tempo,76',Ospite,Sostituzione - Entra,Ahanor H.,,M3qfkkSk
Coppa Italia,SEMI FINALI,04.03.2026,Lazio,Atalanta,2 Tempo,76',Ospite,Sostituzione - Esce,Samardzic L.,,M3qfkkSk
Coppa Italia,SEMI FINALI,04.03.2026,Lazio,Atalanta,2 Tempo,76',Ospite,Sostituzione - Entra,Sulemana K.,,M3qfkkSk
Coppa Italia,SEMI FINALI,04.03.2026,Lazio,Atalanta,2 Tempo,76',Casa,Sostituzione - Esce,Zaccagni M.,,M3qfkkSk
Coppa Italia,SEMI FINALI,04.03.2026,Lazio,Atalanta,2 Tempo,76',Casa,Sostituzione - Entra,Noslin T.,,M3qfkkSk
Coppa Italia,SEMI FINALI,04.03.2026,Lazio,Atalanta,2 Tempo,76',Casa,Sostituzione - Esce,Maldini D.,,M3qfkkSk
Coppa Italia,SEMI FINALI,04.03.2026,Lazio,Atalanta,2 Tempo,76',Casa,Sostituzione - Entra,Dia B.,,M3qfkkSk
Coppa Italia,SEMI FINALI,04.03.2026,Lazio,Atalanta,2 Tempo,83',Casa,Sostituzione - Esce,Taylor K.,,M3qfkkSk
Coppa Italia,SEMI FINALI,04.03.2026,Lazio,Atalanta,2 Tempo,83',Casa,Sostituzione - Entra,Belahyane R.,,M3qfkkSk
Coppa Italia,SEMI FINALI,04.03.2026,Lazio,Atalanta,2 Tempo,85',Ospite,Sostituzione - Esce,Krstovic N.,,M3qfkkSk
Coppa Italia,SEMI FINALI,04.03.2026,Lazio,Atalanta,2 Tempo,85',Ospite,Sostituzione - Entra,Scamacca G.,,M3qfkkSk
Coppa Italia,SEMI FINALI,04.03.2026,Lazio,Atalanta,2 Tempo,87',Casa,Gol,Dia B.,2-1,M3qfkkSk
Coppa Italia,SEMI FINALI,04.03.2026,Lazio,Atalanta,2 Tempo,89',Ospite,Gol,Musah Y.,2-2,M3qfkkSk
Coppa Italia,SEMI FINALI,04.03.2026,Lazio,Atalanta,2 Tempo,89',Ospite,Assist,Sulemana K.,2-2,M3qfkkSk
Coppa Italia,SEMI FINALI,04.03.2026,Lazio,Atalanta,2 Tempo,90+5',Ospite,Cartellino Giallo,Hien I.,,M3qfkkSk
Coppa Italia,SEMI FINALI,03.03.2026,Como,Inter,2 Tempo,58',Ospite,Sostituzione - Esce,Darmian M.,,WAWxYcj4
Coppa Italia,SEMI FINALI,03.03.2026,Como,Inter,2 Tempo,58',Ospite,Sostituzione - Entra,Dumfries D.,,WAWxYcj4
Coppa Italia,SEMI FINALI,03.03.2026,Como,Inter,2 Tempo,58',Ospite,Sostituzione - Esce,Calhanoglu H.,,WAWxYcj4
Coppa Italia,SEMI FINALI,03.03.2026,Como,Inter,2 Tempo,58',Ospite,Sostituzione - Entra,Zielinski P.,,WAWxYcj4
Coppa Italia,SEMI FINALI,03.03.2026,Como,Inter,2 Tempo,58',Ospite,Sostituzione - Esce,Esposito F.,,WAWxYcj4
Coppa Italia,SEMI FINALI,03.03.2026,Como,Inter,2 Tempo,58',Ospite,Sostituzione - Entra,Thuram M.,,WAWxYcj4
Coppa Italia,SEMI FINALI,03.03.2026,Como,Inter,2 Tempo,68',Ospite,Sostituzione - Esce,Diouf A.,,WAWxYcj4
Coppa Italia,SEMI FINALI,03.03.2026,Como,Inter,2 Tempo,68',Ospite,Sostituzione - Entra,Luis Henrique,,WAWxYcj4
Coppa Italia,SEMI FINALI,03.03.2026,Como,Inter,2 Tempo,70',Casa,Sostituzione - Esce,Roberto S.,,WAWxYcj4
Coppa Italia,SEMI FINALI,03.03.2026,Como,Inter,2 Tempo,70',Casa,Sostituzione - Entra,Diao A.,,WAWxYcj4
Coppa Italia,SEMI FINALI,03.03.2026,Como,Inter,2 Tempo,79',Casa,Sostituzione - Esce,Vojvoda M.,,WAWxYcj4
Coppa Italia,SEMI FINALI,03.03.2026,Como,Inter,2 Tempo,79',Casa,Sostituzione - Entra,Van der Brempt I.,,WAWxYcj4
Coppa Italia,SEMI FINALI,03.03.2026,Como,Inter,2 Tempo,79',Casa,Sostituzione - Esce,Valle A.,,WAWxYcj4
Coppa Italia,SEMI FINALI,03.03.2026,Como,Inter,2 Tempo,79',Casa,Sostituzione - Entra,Moreno A.,,WAWxYcj4
Coppa Italia,SEMI FINALI,03.03.2026,Como,Inter,2 Tempo,85',Ospite,Sostituzione - Esce,Frattesi D.,,WAWxYcj4
Coppa Italia,SEMI FINALI,03.03.2026,Como,Inter,2 Tempo,85',Ospite,Sostituzione - Entra,Mkhitaryan H.,,WAWxYcj4
Coppa Italia,SEMI FINALI,03.03.2026,Como,Inter,2 Tempo,86',Casa,Sostituzione - Esce,Paz N.,,WAWxYcj4
Coppa Italia,SEMI FINALI,03.03.2026,Como,Inter,2 Tempo,86',Casa,Sostituzione - Entra,Douvikas A.,,WAWxYcj4
Coppa Italia,SEMI FINALI,03.03.2026,Como,Inter,2 Tempo,86',Casa,Sostituzione - Esce,Caqueret M.,,WAWxYcj4
Coppa Italia,SEMI FINALI,03.03.2026,Como,Inter,2 Tempo,86',Casa,Sostituzione - Entra,Baturina M.,,WAWxYcj4
Coppa Italia,QUARTI DI FINALE,11.02.2026,Bologna,Lazio,1 Tempo,9',Ospite,Cartellino Giallo,Gila M.,,0KKE2Vjf
Coppa Italia,QUARTI DI FINALE,11.02.2026,Bologna,Lazio,1 Tempo,30',Casa,Gol,Castro S.,1-0,0KKE2Vjf
Coppa Italia,QUARTI DI FINALE,11.02.2026,Bologna,Lazio,1 Tempo,30',Casa,Assist,Moro N.,1-0,0KKE2Vjf
Coppa Italia,QUARTI DI FINALE,11.02.2026,Bologna,Lazio,1 Tempo,45',Ospite,Sostituzione - Esce,Pedro,,0KKE2Vjf
Coppa Italia,QUARTI DI FINALE,11.02.2026,Bologna,Lazio,1 Tempo,45',Ospite,Sostituzione - Entra,Noslin T.,,0KKE2Vjf
Coppa Italia,QUARTI DI FINALE,11.02.2026,Bologna,Lazio,2 Tempo,47',Casa,Cartellino Giallo,Castro S.,,0KKE2Vjf
Coppa Italia,QUARTI DI FINALE,11.02.2026,Bologna,Lazio,2 Tempo,48',Ospite,Gol,Noslin T.,1-1,0KKE2Vjf
Coppa Italia,QUARTI DI FINALE,11.02.2026,Bologna,Lazio,2 Tempo,48',Ospite,Assist,Dele-Bashiru F.,1-1,0KKE2Vjf
Coppa Italia,QUARTI DI FINALE,11.02.2026,Bologna,Lazio,2 Tempo,61',Ospite,Sostituzione - Esce,Rovella N.,,0KKE2Vjf
Coppa Italia,QUARTI DI FINALE,11.02.2026,Bologna,Lazio,2 Tempo,61',Ospite,Sostituzione - Entra,Cataldi D.,,0KKE2Vjf
Coppa Italia,QUARTI DI FINALE,11.02.2026,Bologna,Lazio,2 Tempo,61',Ospite,Sostituzione - Esce,Maldini D.,,0KKE2Vjf
Coppa Italia,QUARTI DI FINALE,11.02.2026,Bologna,Lazio,2 Tempo,61',Ospite,Sostituzione - Entra,Dia B.,,0KKE2Vjf
Coppa Italia,QUARTI DI FINALE,11.02.2026,Bologna,Lazio,2 Tempo,61',Casa,Sostituzione - Esce,Moro N.,,0KKE2Vjf
Coppa Italia,QUARTI DI FINALE,11.02.2026,Bologna,Lazio,2 Tempo,61',Casa,Sostituzione - Entra,Freuler R.,,0KKE2Vjf
Coppa Italia,QUARTI DI FINALE,11.02.2026,Bologna,Lazio,2 Tempo,70',Casa,Sostituzione - Esce,Cambiaghi N.,,0KKE2Vjf
Coppa Italia,QUARTI DI FINALE,11.02.2026,Bologna,Lazio,2 Tempo,70',Casa,Sostituzione - Entra,Bernardeschi F.,,0KKE2Vjf
Coppa Italia,QUARTI DI FINALE,11.02.2026,Bologna,Lazio,2 Tempo,70',Casa,Sostituzione - Esce,Odgaard J.,,0KKE2Vjf
Coppa Italia,QUARTI DI FINALE,11.02.2026,Bologna,Lazio,2 Tempo,70',Casa,Sostituzione - Entra,Sohm S.,,0KKE2Vjf
Coppa Italia,QUARTI DI FINALE,11.02.2026,Bologna,Lazio,2 Tempo,74',Casa,Cartellino Giallo,Miranda J.,,0KKE2Vjf
Coppa Italia,QUARTI DI FINALE,11.02.2026,Bologna,Lazio,2 Tempo,80',Ospite,Sostituzione - Esce,Isaksen G.,,0KKE2Vjf
Coppa Italia,QUARTI DI FINALE,11.02.2026,Bologna,Lazio,2 Tempo,80',Ospite,Sostituzione - Entra,Cancellieri M.,,0KKE2Vjf
Coppa Italia,QUARTI DI FINALE,11.02.2026,Bologna,Lazio,2 Tempo,80',Ospite,Sostituzione - Esce,Pellegrini Lu.,,0KKE2Vjf
Coppa Italia,QUARTI DI FINALE,11.02.2026,Bologna,Lazio,2 Tempo,80',Ospite,Sostituzione - Entra,Tavares N.,,0KKE2Vjf
Coppa Italia,QUARTI DI FINALE,11.02.2026,Bologna,Lazio,2 Tempo,80',Casa,Sostituzione - Esce,Lucumi J.,,0KKE2Vjf
Coppa Italia,QUARTI DI FINALE,11.02.2026,Bologna,Lazio,2 Tempo,80',Casa,Sostituzione - Entra,Fauske Helland E.,,0KKE2Vjf
Coppa Italia,QUARTI DI FINALE,11.02.2026,Bologna,Lazio,2 Tempo,80',Casa,Sostituzione - Esce,Castro S.,,0KKE2Vjf
Coppa Italia,QUARTI DI FINALE,11.02.2026,Bologna,Lazio,2 Tempo,80',Casa,Sostituzione - Entra,Dallinga T.,,0KKE2Vjf
Coppa Italia,QUARTI DI FINALE,11.02.2026,Bologna,Lazio,2 Tempo,86',Ospite,Cartellino Giallo,Tavares N.,,0KKE2Vjf
Coppa Italia,QUARTI DI FINALE,11.02.2026,Bologna,Lazio,2 Tempo,90+1',Casa,Cartellino Giallo,Vitik M.,,0KKE2Vjf
Coppa Italia,QUARTI DI FINALE,11.02.2026,Bologna,Lazio,Rigori,1,Ospite,Rigore Assegnato,Tavares N.,,0KKE2Vjf
Coppa Italia,QUARTI DI FINALE,11.02.2026,Bologna,Lazio,Rigori,1,Ospite,Rigore,Tavares N.,,0KKE2Vjf
Coppa Italia,QUARTI DI FINALE,11.02.2026,Bologna,Lazio,Rigori,1,Casa,Rigore Assegnato,Ferguson L.,,0KKE2Vjf
Coppa Italia,QUARTI DI FINALE,11.02.2026,Bologna,Lazio,Rigori,1,Casa,Rigore sbagliato,Ferguson L.,,0KKE2Vjf
Coppa Italia,QUARTI DI FINALE,11.02.2026,Bologna,Lazio,Rigori,2,Ospite,Rigore Assegnato,Dia B.,,0KKE2Vjf
Coppa Italia,QUARTI DI FINALE,11.02.2026,Bologna,Lazio,Rigori,2,Ospite,Rigore,Dia B.,,0KKE2Vjf
Coppa Italia,QUARTI DI FINALE,11.02.2026,Bologna,Lazio,Rigori,2,Casa,Rigore Assegnato,Dallinga T.,,0KKE2Vjf
Coppa Italia,QUARTI DI FINALE,11.02.2026,Bologna,Lazio,Rigori,2,Casa,Rigore,Dallinga T.,,0KKE2Vjf
Coppa Italia,QUARTI DI FINALE,11.02.2026,Bologna,Lazio,Rigori,3,Ospite,Rigore Assegnato,Marusic A.,,0KKE2Vjf
Coppa Italia,QUARTI DI FINALE,11.02.2026,Bologna,Lazio,Rigori,3,Ospite,Rigore,Marusic A.,,0KKE2Vjf
Coppa Italia,QUARTI DI FINALE,11.02.2026,Bologna,Lazio,Rigori,3,Casa,Rigore Assegnato,Orsolini R.,,0KKE2Vjf
Coppa Italia,QUARTI DI FINALE,11.02.2026,Bologna,Lazio,Rigori,3,Casa,Rigore sbagliato,Orsolini R.,,0KKE2Vjf
Coppa Italia,QUARTI DI FINALE,11.02.2026,Bologna,Lazio,Rigori,4,Ospite,Rigore Assegnato,Taylor K.,,0KKE2Vjf
Coppa Italia,QUARTI DI FINALE,11.02.2026,Bologna,Lazio,Rigori,4,Ospite,Rigore,Taylor K.,,0KKE2Vjf
Coppa Italia,QUARTI DI FINALE,10.02.2026,Napoli,Como,1 Tempo,39',Ospite,Rigore Assegnato,Baturina M.,0-1,jHoo92Bk
Coppa Italia,QUARTI DI FINALE,10.02.2026,Napoli,Como,1 Tempo,39',Ospite,Rigore,Baturina M.,0-1,jHoo92Bk
Coppa Italia,QUARTI DI FINALE,10.02.2026,Napoli,Como,1 Tempo,44',Ospite,Cartellino Giallo,Ramon J.,,jHoo92Bk
Coppa Italia,QUARTI DI FINALE,10.02.2026,Napoli,Como,2 Tempo,46',Casa,Gol,Vergara A.,1-1,jHoo92Bk
Coppa Italia,QUARTI DI FINALE,10.02.2026,Napoli,Como,2 Tempo,46',Casa,Assist,Hojlund R.,1-1,jHoo92Bk
Coppa Italia,QUARTI DI FINALE,10.02.2026,Napoli,Como,2 Tempo,53',Ospite,Sostituzione - Esce,Ramon J.,,jHoo92Bk
Coppa Italia,QUARTI DI FINALE,10.02.2026,Napoli,Como,2 Tempo,53',Ospite,Sostituzione - Entra,Kempf M. O.,,jHoo92Bk
Coppa Italia,QUARTI DI FINALE,10.02.2026,Napoli,Como,2 Tempo,53',Ospite,Sostituzione - Esce,Caqueret M.,,jHoo92Bk
Coppa Italia,QUARTI DI FINALE,10.02.2026,Napoli,Como,2 Tempo,53',Ospite,Sostituzione - Entra,Douvikas A.,,jHoo92Bk
Coppa Italia,QUARTI DI FINALE,10.02.2026,Napoli,Como,2 Tempo,60',Casa,Sostituzione - Esce,Olivera M.,,jHoo92Bk
Coppa Italia,QUARTI DI FINALE,10.02.2026,Napoli,Como,2 Tempo,60',Casa,Sostituzione - Entra,Spinazzola L.,,jHoo92Bk
Coppa Italia,QUARTI DI FINALE,10.02.2026,Napoli,Como,2 Tempo,60',Casa,Sostituzione - Esce,Mazzocchi P.,,jHoo92Bk
Coppa Italia,QUARTI DI FINALE,10.02.2026,Napoli,Como,2 Tempo,60',Casa,Sostituzione - Entra,Alisson Santos,,jHoo92Bk
Coppa Italia,QUARTI DI FINALE,10.02.2026,Napoli,Como,2 Tempo,60',Casa,Sostituzione - Esce,Giovane,,jHoo92Bk
Coppa Italia,QUARTI DI FINALE,10.02.2026,Napoli,Como,2 Tempo,60',Casa,Sostituzione - Entra,Politano M.,,jHoo92Bk
Coppa Italia,QUARTI DI FINALE,10.02.2026,Napoli,Como,2 Tempo,62',Ospite,Cartellino Giallo,Roberto S.,,jHoo92Bk
Coppa Italia,QUARTI DI FINALE,10.02.2026,Napoli,Como,2 Tempo,67',Ospite,Sostituzione - Esce,Addai J.,,jHoo92Bk
Coppa Italia,QUARTI DI FINALE,10.02.2026,Napoli,Como,2 Tempo,67',Ospite,Sostituzione - Entra,Rodriguez J.,,jHoo92Bk
Coppa Italia,QUARTI DI FINALE,10.02.2026,Napoli,Como,2 Tempo,67',Ospite,Sostituzione - Esce,Roberto S.,,jHoo92Bk
Coppa Italia,QUARTI DI FINALE,10.02.2026,Napoli,Como,2 Tempo,67',Ospite,Sostituzione - Entra,Da Cunha L.,,jHoo92Bk
Coppa Italia,QUARTI DI FINALE,10.02.2026,Napoli,Como,2 Tempo,69',Casa,Cartellino Giallo,Elmas E.,,jHoo92Bk
Coppa Italia,QUARTI DI FINALE,10.02.2026,Napoli,Como,2 Tempo,74',Casa,Sostituzione - Esce,Hojlund R.,,jHoo92Bk
Coppa Italia,QUARTI DI FINALE,10.02.2026,Napoli,Como,2 Tempo,74',Casa,Sostituzione - Entra,Lukaku R.,,jHoo92Bk
Coppa Italia,QUARTI DI FINALE,10.02.2026,Napoli,Como,2 Tempo,74',Casa,Sostituzione - Esce,Vergara A.,,jHoo92Bk
Coppa Italia,QUARTI DI FINALE,10.02.2026,Napoli,Como,2 Tempo,74',Casa,Sostituzione - Entra,Gutierrez M.,,jHoo92Bk
Coppa Italia,QUARTI DI FINALE,10.02.2026,Napoli,Como,2 Tempo,82',Ospite,Sostituzione - Esce,Paz N.,,jHoo92Bk
Coppa Italia,QUARTI DI FINALE,10.02.2026,Napoli,Como,2 Tempo,82',Ospite,Sostituzione - Entra,Vojvoda M.,,jHoo92Bk
Coppa Italia,QUARTI DI FINALE,10.02.2026,Napoli,Como,Rigori,1,Ospite,Rigore Assegnato,Da Cunha L.,,jHoo92Bk
Coppa Italia,QUARTI DI FINALE,10.02.2026,Napoli,Como,Rigori,1,Ospite,Rigore,Da Cunha L.,,jHoo92Bk
Coppa Italia,QUARTI DI FINALE,10.02.2026,Napoli,Como,Rigori,1,Casa,Rigore Assegnato,Politano M.,,jHoo92Bk
Coppa Italia,QUARTI DI FINALE,10.02.2026,Napoli,Como,Rigori,1,Casa,Rigore,Politano M.,,jHoo92Bk
Coppa Italia,QUARTI DI FINALE,10.02.2026,Napoli,Como,Rigori,2,Ospite,Rigore Assegnato,Douvikas A.,,jHoo92Bk
Coppa Italia,QUARTI DI FINALE,10.02.2026,Napoli,Como,Rigori,2,Ospite,Rigore,Douvikas A.,,jHoo92Bk
Coppa Italia,QUARTI DI FINALE,10.02.2026,Napoli,Como,Rigori,2,Casa,Rigore Assegnato,Lukaku R.,,jHoo92Bk
Coppa Italia,QUARTI DI FINALE,10.02.2026,Napoli,Como,Rigori,2,Casa,Rigore sbagliato,Lukaku R.,,jHoo92Bk
Coppa Italia,QUARTI DI FINALE,10.02.2026,Napoli,Como,Rigori,3,Ospite,Rigore Assegnato,Baturina M.,,jHoo92Bk
Coppa Italia,QUARTI DI FINALE,10.02.2026,Napoli,Como,Rigori,3,Ospite,Rigore,Baturina M.,,jHoo92Bk
Coppa Italia,QUARTI DI FINALE,10.02.2026,Napoli,Como,Rigori,3,Casa,Rigore Assegnato,Spinazzola L.,,jHoo92Bk
Coppa Italia,QUARTI DI FINALE,10.02.2026,Napoli,Como,Rigori,3,Casa,Rigore,Spinazzola L.,,jHoo92Bk
Coppa Italia,QUARTI DI FINALE,10.02.2026,Napoli,Como,Rigori,4,Ospite,Rigore Assegnato,Perrone M.,,jHoo92Bk
Coppa Italia,QUARTI DI FINALE,10.02.2026,Napoli,Como,Rigori,4,Ospite,Rigore sbagliato,Perrone M.,,jHoo92Bk
Coppa Italia,QUARTI DI FINALE,10.02.2026,Napoli,Como,Rigori,4,Casa,Rigore Assegnato,Alisson Santos,,jHoo92Bk
Coppa Italia,QUARTI DI FINALE,10.02.2026,Napoli,Como,Rigori,4,Casa,Rigore,Alisson Santos,,jHoo92Bk
Coppa Italia,QUARTI DI FINALE,10.02.2026,Napoli,Como,Rigori,5,Ospite,Rigore Assegnato,Smolcic I.,,jHoo92Bk
Coppa Italia,QUARTI DI FINALE,10.02.2026,Napoli,Como,Rigori,5,Ospite,Rigore,Smolcic I.,,jHoo92Bk
Coppa Italia,QUARTI DI FINALE,10.02.2026,Napoli,Como,Rigori,5,Casa,Rigore Assegnato,Elmas E.,,jHoo92Bk
Coppa Italia,QUARTI DI FINALE,10.02.2026,Napoli,Como,Rigori,5,Casa,Rigore,Elmas E.,,jHoo92Bk
Coppa Italia,QUARTI DI FINALE,10.02.2026,Napoli,Como,Rigori,6,Ospite,Rigore Assegnato,Diego Carlos,,jHoo92Bk
Coppa Italia,QUARTI DI FINALE,10.02.2026,Napoli,Como,Rigori,6,Ospite,Rigore,Diego Carlos,,jHoo92Bk
Coppa Italia,QUARTI DI FINALE,10.02.2026,Napoli,Como,Rigori,6,Casa,Rigore Assegnato,Milinkovic-Savic V.,,jHoo92Bk
Coppa Italia,QUARTI DI FINALE,10.02.2026,Napoli,Como,Rigori,6,Casa,Rigore,Milinkovic-Savic V.,,jHoo92Bk
Coppa Italia,QUARTI DI FINALE,10.02.2026,Napoli,Como,Rigori,7,Ospite,Rigore Assegnato,Vojvoda M.,,jHoo92Bk
Coppa Italia,QUARTI DI FINALE,10.02.2026,Napoli,Como,Rigori,7,Ospite,Rigore,Vojvoda M.,,jHoo92Bk
Coppa Italia,QUARTI DI FINALE,10.02.2026,Napoli,Como,Rigori,7,Casa,Rigore Assegnato,Gutierrez M.,,jHoo92Bk
Coppa Italia,QUARTI DI FINALE,10.02.2026,Napoli,Como,Rigori,7,Casa,Rigore,Gutierrez M.,,jHoo92Bk
Coppa Italia,QUARTI DI FINALE,10.02.2026,Napoli,Como,Rigori,8,Ospite,Rigore Assegnato,Kempf M. O.,,jHoo92Bk
Coppa Italia,QUARTI DI FINALE,10.02.2026,Napoli,Como,Rigori,8,Ospite,Rigore,Kempf M. O.,,jHoo92Bk
Coppa Italia,QUARTI DI FINALE,10.02.2026,Napoli,Como,Rigori,8,Casa,Rigore Assegnato,Lobotka S.,,jHoo92Bk
Coppa Italia,QUARTI DI FINALE,10.02.2026,Napoli,Como,Rigori,8,Casa,Rigore sbagliato,Lobotka S.,,jHoo92Bk
Coppa Italia,QUARTI DI FINALE,05.02.2026,Atalanta,Juventus,1 Tempo,27',Casa,Rigore Assegnato,Scamacca G.,1-0,baWtW3x9
Coppa Italia,QUARTI DI FINALE,05.02.2026,Atalanta,Juventus,1 Tempo,27',Casa,Rigore,Scamacca G.,1-0,baWtW3x9
Coppa Italia,QUARTI DI FINALE,05.02.2026,Atalanta,Juventus,2 Tempo,64',Ospite,Sostituzione - Esce,Gatti F.,,baWtW3x9
Coppa Italia,QUARTI DI FINALE,05.02.2026,Atalanta,Juventus,2 Tempo,64',Ospite,Sostituzione - Entra,Boga J.,,baWtW3x9
Coppa Italia,QUARTI DI FINALE,05.02.2026,Atalanta,Juventus,2 Tempo,70',Casa,Sostituzione - Esce,Zappacosta D.,,baWtW3x9
Coppa Italia,QUARTI DI FINALE,05.02.2026,Atalanta,Juventus,2 Tempo,70',Casa,Sostituzione - Entra,Bellanova R.,,baWtW3x9
Coppa Italia,QUARTI DI FINALE,05.02.2026,Atalanta,Juventus,2 Tempo,70',Casa,Sostituzione - Esce,Scamacca G.,,baWtW3x9
Coppa Italia,QUARTI DI FINALE,05.02.2026,Atalanta,Juventus,2 Tempo,70',Casa,Sostituzione - Entra,Sulemana K.,,baWtW3x9
Coppa Italia,QUARTI DI FINALE,05.02.2026,Atalanta,Juventus,2 Tempo,74',Ospite,Sostituzione - Esce,Locatelli M.,,baWtW3x9
Coppa Italia,QUARTI DI FINALE,05.02.2026,Atalanta,Juventus,2 Tempo,74',Ospite,Sostituzione - Entra,Koopmeiners T.,,baWtW3x9
Coppa Italia,QUARTI DI FINALE,05.02.2026,Atalanta,Juventus,2 Tempo,74',Ospite,Sostituzione - Esce,David J.,,baWtW3x9
Coppa Italia,QUARTI DI FINALE,05.02.2026,Atalanta,Juventus,2 Tempo,74',Ospite,Sostituzione - Entra,Holm E.,,baWtW3x9
Coppa Italia,QUARTI DI FINALE,05.02.2026,Atalanta,Juventus,2 Tempo,75',Casa,Sostituzione - Esce,Raspadori G.,,baWtW3x9
Coppa Italia,QUARTI DI FINALE,05.02.2026,Atalanta,Juventus,2 Tempo,75',Casa,Sostituzione - Entra,Krstovic N.,,baWtW3x9
Coppa Italia,QUARTI DI FINALE,05.02.2026,Atalanta,Juventus,2 Tempo,76',Casa,Sostituzione - Esce,Scalvini G.,,baWtW3x9
Coppa Italia,QUARTI DI FINALE,05.02.2026,Atalanta,Juventus,2 Tempo,76',Casa,Sostituzione - Entra,Kossounou O.,,baWtW3x9
Coppa Italia,QUARTI DI FINALE,05.02.2026,Atalanta,Juventus,2 Tempo,77',Casa,Gol,Sulemana K.,2-0,baWtW3x9
Coppa Italia,QUARTI DI FINALE,05.02.2026,Atalanta,Juventus,2 Tempo,77',Casa,Assist,Bellanova R.,2-0,baWtW3x9
Coppa Italia,QUARTI DI FINALE,05.02.2026,Atalanta,Juventus,2 Tempo,80',Ospite,Sostituzione - Esce,Conceicao F.,,baWtW3x9
Coppa Italia,QUARTI DI FINALE,05.02.2026,Atalanta,Juventus,2 Tempo,80',Ospite,Sostituzione - Entra,Zhegrova E.,,baWtW3x9
Coppa Italia,QUARTI DI FINALE,05.02.2026,Atalanta,Juventus,2 Tempo,81',Ospite,Sostituzione - Esce,Cambiaso A.,,baWtW3x9
Coppa Italia,QUARTI DI FINALE,05.02.2026,Atalanta,Juventus,2 Tempo,81',Ospite,Sostituzione - Entra,Openda L.,,baWtW3x9
Coppa Italia,QUARTI DI FINALE,05.02.2026,Atalanta,Juventus,2 Tempo,83',Casa,Sostituzione - Esce,De Ketelaere C.,,baWtW3x9
Coppa Italia,QUARTI DI FINALE,05.02.2026,Atalanta,Juventus,2 Tempo,83',Casa,Sostituzione - Entra,Pasalic M.,,baWtW3x9
Coppa Italia,QUARTI DI FINALE,05.02.2026,Atalanta,Juventus,2 Tempo,85',Casa,Gol,Pasalic M.,3-0,baWtW3x9
Coppa Italia,QUARTI DI FINALE,05.02.2026,Atalanta,Juventus,2 Tempo,85',Casa,Assist,Krstovic N.,3-0,baWtW3x9
Coppa Italia,QUARTI DI FINALE,04.02.2026,Inter,Torino,1 Tempo,35',Casa,Gol,Bonny A.,1-0,nB3jfHE8
Coppa Italia,QUARTI DI FINALE,04.02.2026,Inter,Torino,1 Tempo,35',Casa,Assist,Kamate I.,1-0,nB3jfHE8
Coppa Italia,QUARTI DI FINALE,04.02.2026,Inter,Torino,2 Tempo,47',Casa,Gol,Diouf A.,2-0,nB3jfHE8
Coppa Italia,QUARTI DI FINALE,04.02.2026,Inter,Torino,2 Tempo,47',Casa,Assist,Thuram M.,2-0,nB3jfHE8
Coppa Italia,QUARTI DI FINALE,04.02.2026,Inter,Torino,2 Tempo,56',Casa,Sostituzione - Esce,Bonny A.,,nB3jfHE8
Coppa Italia,QUARTI DI FINALE,04.02.2026,Inter,Torino,2 Tempo,56',Casa,Sostituzione - Entra,Esposito F.,,nB3jfHE8
Coppa Italia,QUARTI DI FINALE,04.02.2026,Inter,Torino,2 Tempo,56',Casa,Sostituzione - Esce,Thuram M.,,nB3jfHE8
Coppa Italia,QUARTI DI FINALE,04.02.2026,Inter,Torino,2 Tempo,56',Casa,Sostituzione - Entra,Martinez L.,,nB3jfHE8
Coppa Italia,QUARTI DI FINALE,04.02.2026,Inter,Torino,2 Tempo,56',Casa,Sostituzione - Esce,Mkhitaryan H.,,nB3jfHE8
Coppa Italia,QUARTI DI FINALE,04.02.2026,Inter,Torino,2 Tempo,56',Casa,Sostituzione - Entra,Sucic P.,,nB3jfHE8
Coppa Italia,QUARTI DI FINALE,04.02.2026,Inter,Torino,2 Tempo,57',Ospite,Gol,Kulenovic S.,2-1,nB3jfHE8
Coppa Italia,QUARTI DI FINALE,04.02.2026,Inter,Torino,2 Tempo,61',Ospite,Sostituzione - Esce,Marianucci L.,,nB3jfHE8
Coppa Italia,QUARTI DI FINALE,04.02.2026,Inter,Torino,2 Tempo,61',Ospite,Sostituzione - Entra,Maripan G.,,nB3jfHE8
Coppa Italia,QUARTI DI FINALE,04.02.2026,Inter,Torino,2 Tempo,61',Ospite,Sostituzione - Esce,Anjorin F.,,nB3jfHE8
Coppa Italia,QUARTI DI FINALE,04.02.2026,Inter,Torino,2 Tempo,61',Ospite,Sostituzione - Entra,Ilkhan E.,,nB3jfHE8
Coppa Italia,QUARTI DI FINALE,04.02.2026,Inter,Torino,2 Tempo,61',Ospite,Sostituzione - Esce,Pedersen M.,,nB3jfHE8
Coppa Italia,QUARTI DI FINALE,04.02.2026,Inter,Torino,2 Tempo,61',Ospite,Sostituzione - Entra,Lazaro V.,,nB3jfHE8
Coppa Italia,QUARTI DI FINALE,04.02.2026,Inter,Torino,2 Tempo,71',Casa,Cartellino Giallo,Sucic P.,,nB3jfHE8
Coppa Italia,QUARTI DI FINALE,04.02.2026,Inter,Torino,2 Tempo,73',Ospite,Sostituzione - Esce,Njie A.,,nB3jfHE8
Coppa Italia,QUARTI DI FINALE,04.02.2026,Inter,Torino,2 Tempo,73',Ospite,Sostituzione - Entra,Zapata D.,,nB3jfHE8
Coppa Italia,QUARTI DI FINALE,04.02.2026,Inter,Torino,2 Tempo,74',Casa,Sostituzione - Esce,Cocchi M.,,nB3jfHE8
Coppa Italia,QUARTI DI FINALE,04.02.2026,Inter,Torino,2 Tempo,74',Casa,Sostituzione - Entra,Bisseck Y.,,nB3jfHE8
Coppa Italia,QUARTI DI FINALE,04.02.2026,Inter,Torino,2 Tempo,79',Casa,Cartellino Giallo,Kamate I.,,nB3jfHE8
Coppa Italia,QUARTI DI FINALE,04.02.2026,Inter,Torino,2 Tempo,80',Casa,Sostituzione - Esce,Kamate I.,,nB3jfHE8
Coppa Italia,QUARTI DI FINALE,04.02.2026,Inter,Torino,2 Tempo,80',Casa,Sostituzione - Entra,Luis Henrique,,nB3jfHE8
Coppa Italia,QUARTI DI FINALE,04.02.2026,Inter,Torino,2 Tempo,83',Casa,Cartellino Giallo,Esposito F.,,nB3jfHE8
Coppa Italia,QUARTI DI FINALE,04.02.2026,Inter,Torino,2 Tempo,86',Ospite,Sostituzione - Esce,Obrador R.,,nB3jfHE8
Coppa Italia,QUARTI DI FINALE,04.02.2026,Inter,Torino,2 Tempo,86',Ospite,Sostituzione - Entra,Nkounkou N.,,nB3jfHE8
Coppa Italia,QUARTI DI FINALE,04.02.2026,Inter,Torino,2 Tempo,87',Ospite,Cartellino Giallo,Maripan G.,,nB3jfHE8
Coppa Italia,1/8 FINALE,27.01.2026,Fiorentina,Como,1 Tempo,7',Casa,Gol,Piccoli R.,1-0,hlp6vKjL
Coppa Italia,1/8 FINALE,27.01.2026,Fiorentina,Como,1 Tempo,7',Casa,Assist,Fabbian G.,1-0,hlp6vKjL
Coppa Italia,1/8 FINALE,27.01.2026,Fiorentina,Como,1 Tempo,20',Ospite,Gol,Roberto S.,1-1,hlp6vKjL
Coppa Italia,1/8 FINALE,27.01.2026,Fiorentina,Como,1 Tempo,20',Ospite,Assist,Diego Carlos,1-1,hlp6vKjL
Coppa Italia,1/8 FINALE,27.01.2026,Fiorentina,Como,1 Tempo,28',Ospite,Sostituzione - Esce,Douvikas A.,,hlp6vKjL
Coppa Italia,1/8 FINALE,27.01.2026,Fiorentina,Como,1 Tempo,28',Ospite,Sostituzione - Entra,Paz N.,,hlp6vKjL
Coppa Italia,1/8 FINALE,27.01.2026,Fiorentina,Como,1 Tempo,33',Casa,Cartellino Giallo,Brescianini M.,,hlp6vKjL
Coppa Italia,1/8 FINALE,27.01.2026,Fiorentina,Como,1 Tempo,38',Ospite,Cartellino Giallo,Van der Brempt I.,,hlp6vKjL
Coppa Italia,1/8 FINALE,27.01.2026,Fiorentina,Como,2 Tempo,46',Ospite,Sostituzione - Esce,Van der Brempt I.,,hlp6vKjL
Coppa Italia,1/8 FINALE,27.01.2026,Fiorentina,Como,2 Tempo,46',Ospite,Sostituzione - Entra,Smolcic I.,,hlp6vKjL
Coppa Italia,1/8 FINALE,27.01.2026,Fiorentina,Como,2 Tempo,59',Ospite,Cartellino Giallo,Diego Carlos,,hlp6vKjL
Coppa Italia,1/8 FINALE,27.01.2026,Fiorentina,Como,2 Tempo,60',Ospite,Gol,Paz N.,1-2,hlp6vKjL
Coppa Italia,1/8 FINALE,27.01.2026,Fiorentina,Como,2 Tempo,66',Casa,Sostituzione - Esce,Piccoli R.,,hlp6vKjL
Coppa Italia,1/8 FINALE,27.01.2026,Fiorentina,Como,2 Tempo,66',Casa,Sostituzione - Entra,Gudmundsson A.,,hlp6vKjL
Coppa Italia,1/8 FINALE,27.01.2026,Fiorentina,Como,2 Tempo,66',Casa,Sostituzione - Esce,Ndour C.,,hlp6vKjL
Coppa Italia,1/8 FINALE,27.01.2026,Fiorentina,Como,2 Tempo,66',Casa,Sostituzione - Entra,Fagioli N.,,hlp6vKjL
Coppa Italia,1/8 FINALE,27.01.2026,Fiorentina,Como,2 Tempo,66',Casa,Sostituzione - Esce,Balbo L.,,hlp6vKjL
Coppa Italia,1/8 FINALE,27.01.2026,Fiorentina,Como,2 Tempo,66',Casa,Sostituzione - Entra,Gosens R.,,hlp6vKjL
Coppa Italia,1/8 FINALE,27.01.2026,Fiorentina,Como,2 Tempo,70',Ospite,Sostituzione - Esce,Roberto S.,,hlp6vKjL
Coppa Italia,1/8 FINALE,27.01.2026,Fiorentina,Como,2 Tempo,70',Ospite,Sostituzione - Entra,Perrone M.,,hlp6vKjL
Coppa Italia,1/8 FINALE,27.01.2026,Fiorentina,Como,2 Tempo,70',Ospite,Sostituzione - Esce,Rodriguez J.,,hlp6vKjL
Coppa Italia,1/8 FINALE,27.01.2026,Fiorentina,Como,2 Tempo,70',Ospite,Sostituzione - Entra,Addai J.,,hlp6vKjL
Coppa Italia,1/8 FINALE,27.01.2026,Fiorentina,Como,2 Tempo,73',Casa,Sostituzione - Esce,Fazzini J.,,hlp6vKjL
Coppa Italia,1/8 FINALE,27.01.2026,Fiorentina,Como,2 Tempo,73',Casa,Sostituzione - Entra,Solomon M.,,hlp6vKjL
Coppa Italia,1/8 FINALE,27.01.2026,Fiorentina,Como,2 Tempo,77',Ospite,Cartellino Giallo,Paz N.,,hlp6vKjL
Coppa Italia,1/8 FINALE,27.01.2026,Fiorentina,Como,2 Tempo,79',Casa,Cartellino Giallo,Comuzzo P.,,hlp6vKjL
Coppa Italia,1/8 FINALE,27.01.2026,Fiorentina,Como,2 Tempo,81',Ospite,Cartellino Giallo,Kuhn N.,,hlp6vKjL
Coppa Italia,1/8 FINALE,27.01.2026,Fiorentina,Como,2 Tempo,84',Casa,Sostituzione - Esce,Comuzzo P.,,hlp6vKjL
Coppa Italia,1/8 FINALE,27.01.2026,Fiorentina,Como,2 Tempo,84',Casa,Sostituzione - Entra,Pongracic M.,,hlp6vKjL
Coppa Italia,1/8 FINALE,27.01.2026,Fiorentina,Como,2 Tempo,86',Ospite,Sostituzione - Esce,Paz N.,,hlp6vKjL
Coppa Italia,1/8 FINALE,27.01.2026,Fiorentina,Como,2 Tempo,86',Ospite,Sostituzione - Entra,Morata A.,,hlp6vKjL
Coppa Italia,1/8 FINALE,27.01.2026,Fiorentina,Como,2 Tempo,90+1',Ospite,Gol,Morata A.,1-3,hlp6vKjL
Coppa Italia,1/8 FINALE,27.01.2026,Fiorentina,Como,2 Tempo,90+1',Ospite,Assist,Kuhn N.,1-3,hlp6vKjL
Coppa Italia,1/8 FINALE,27.01.2026,Fiorentina,Como,2 Tempo,90+4',Ospite,Cartellino Giallo,Morata A.,,hlp6vKjL
Coppa Italia,1/8 FINALE,13.01.2026,Roma,Torino,1 Tempo,14',Casa,Cartellino Giallo,Rensch D.,,nHEM6Zzq
Coppa Italia,1/8 FINALE,13.01.2026,Roma,Torino,1 Tempo,23',Ospite,Cartellino Giallo,Aboukhlal Z.,,nHEM6Zzq
Coppa Italia,1/8 FINALE,13.01.2026,Roma,Torino,1 Tempo,35',Ospite,Gol,Adams C.,0-1,nHEM6Zzq
Coppa Italia,1/8 FINALE,13.01.2026,Roma,Torino,1 Tempo,35',Ospite,Assist,Vlasic N.,0-1,nHEM6Zzq
Coppa Italia,1/8 FINALE,13.01.2026,Roma,Torino,2 Tempo,46',Casa,Sostituzione - Esce,Rensch D.,,nHEM6Zzq
Coppa Italia,1/8 FINALE,13.01.2026,Roma,Torino,2 Tempo,46',Casa,Sostituzione - Entra,Hermoso M.,,nHEM6Zzq
Coppa Italia,1/8 FINALE,13.01.2026,Roma,Torino,2 Tempo,46',Casa,Sostituzione - Esce,Ziolkowski J.,,nHEM6Zzq
Coppa Italia,1/8 FINALE,13.01.2026,Roma,Torino,2 Tempo,46',Casa,Sostituzione - Entra,Ndicka E.,,nHEM6Zzq
Coppa Italia,1/8 FINALE,13.01.2026,Roma,Torino,2 Tempo,46',Casa,Gol,Hermoso M.,1-1,nHEM6Zzq
Coppa Italia,1/8 FINALE,13.01.2026,Roma,Torino,2 Tempo,46',Casa,Assist,Bailey L.,1-1,nHEM6Zzq
Coppa Italia,1/8 FINALE,13.01.2026,Roma,Torino,2 Tempo,47',Ospite,Cartellino Giallo,Lazaro V.,,nHEM6Zzq
Coppa Italia,1/8 FINALE,13.01.2026,Roma,Torino,2 Tempo,52',Ospite,Gol,Adams C.,1-2,nHEM6Zzq
Coppa Italia,1/8 FINALE,13.01.2026,Roma,Torino,2 Tempo,52',Ospite,Assist,Vlasic N.,1-2,nHEM6Zzq
Coppa Italia,1/8 FINALE,13.01.2026,Roma,Torino,2 Tempo,58',Casa,Sostituzione - Esce,Pisilli N.,,nHEM6Zzq
Coppa Italia,1/8 FINALE,13.01.2026,Roma,Torino,2 Tempo,58',Casa,Sostituzione - Entra,Kone M.,,nHEM6Zzq
Coppa Italia,1/8 FINALE,13.01.2026,Roma,Torino,2 Tempo,58',Casa,Sostituzione - Esce,Soule M.,,nHEM6Zzq
Coppa Italia,1/8 FINALE,13.01.2026,Roma,Torino,2 Tempo,58',Casa,Sostituzione - Entra,Dybala P.,,nHEM6Zzq
Coppa Italia,1/8 FINALE,13.01.2026,Roma,Torino,2 Tempo,70',Ospite,Sostituzione - Esce,Ismajli A.,,nHEM6Zzq
Coppa Italia,1/8 FINALE,13.01.2026,Roma,Torino,2 Tempo,70',Ospite,Sostituzione - Entra,Maripan G.,,nHEM6Zzq
Coppa Italia,1/8 FINALE,13.01.2026,Roma,Torino,2 Tempo,70',Ospite,Sostituzione - Esce,Gineitis G.,,nHEM6Zzq
Coppa Italia,1/8 FINALE,13.01.2026,Roma,Torino,2 Tempo,70',Ospite,Sostituzione - Entra,Casadei C.,,nHEM6Zzq
Coppa Italia,1/8 FINALE,13.01.2026,Roma,Torino,2 Tempo,70',Ospite,Sostituzione - Esce,Simeone G.,,nHEM6Zzq
Coppa Italia,1/8 FINALE,13.01.2026,Roma,Torino,2 Tempo,70',Ospite,Sostituzione - Entra,Njie A.,,nHEM6Zzq
Coppa Italia,1/8 FINALE,13.01.2026,Roma,Torino,2 Tempo,80',Casa,Sostituzione - Esce,Bailey L.,,nHEM6Zzq
Coppa Italia,1/8 FINALE,13.01.2026,Roma,Torino,2 Tempo,80',Casa,Sostituzione - Entra,Arena A.,,nHEM6Zzq
Coppa Italia,1/8 FINALE,13.01.2026,Roma,Torino,2 Tempo,81',Casa,Gol,Arena A.,2-2,nHEM6Zzq
Coppa Italia,1/8 FINALE,13.01.2026,Roma,Torino,2 Tempo,81',Casa,Assist,Wesley Franca,2-2,nHEM6Zzq
Coppa Italia,1/8 FINALE,13.01.2026,Roma,Torino,2 Tempo,86',Ospite,Sostituzione - Esce,Aboukhlal Z.,,nHEM6Zzq
Coppa Italia,1/8 FINALE,13.01.2026,Roma,Torino,2 Tempo,86',Ospite,Sostituzione - Entra,Dembele A.,,nHEM6Zzq
Coppa Italia,1/8 FINALE,13.01.2026,Roma,Torino,2 Tempo,88',Ospite,Sostituzione - Esce,Adams C.,,nHEM6Zzq
Coppa Italia,1/8 FINALE,13.01.2026,Roma,Torino,2 Tempo,88',Ospite,Sostituzione - Entra,Ngonge C.,,nHEM6Zzq
Coppa Italia,1/8 FINALE,13.01.2026,Roma,Torino,2 Tempo,90',Ospite,Gol,Ilkhan E.,2-3,nHEM6Zzq
Coppa Italia,1/8 FINALE,13.01.2026,Roma,Torino,2 Tempo,90+2',Casa,Cartellino Giallo,Ghilardi D.,,nHEM6Zzq
Coppa Italia,1/8 FINALE,04.12.2025,Lazio,Milan,1 Tempo,2',Ospite,Cartellino Giallo,Pavlovic S.,,UcuV0FZA
Coppa Italia,1/8 FINALE,04.12.2025,Lazio,Milan,2 Tempo,58',Casa,Sostituzione - Esce,Vecino M.,,UcuV0FZA
Coppa Italia,1/8 FINALE,04.12.2025,Lazio,Milan,2 Tempo,58',Casa,Sostituzione - Entra,Dele-Bashiru F.,,UcuV0FZA
Coppa Italia,1/8 FINALE,04.12.2025,Lazio,Milan,2 Tempo,58',Casa,Sostituzione - Esce,Castellanos T.,,UcuV0FZA
Coppa Italia,1/8 FINALE,04.12.2025,Lazio,Milan,2 Tempo,58',Casa,Sostituzione - Entra,Noslin T.,,UcuV0FZA
Coppa Italia,1/8 FINALE,04.12.2025,Lazio,Milan,2 Tempo,64',Ospite,Sostituzione - Esce,Saelemaekers A.,,UcuV0FZA
Coppa Italia,1/8 FINALE,04.12.2025,Lazio,Milan,2 Tempo,64',Ospite,Sostituzione - Entra,Nkunku C.,,UcuV0FZA
Coppa Italia,1/8 FINALE,04.12.2025,Lazio,Milan,2 Tempo,71',Casa,Sostituzione - Esce,Pellegrini Lu.,,UcuV0FZA
Coppa Italia,1/8 FINALE,04.12.2025,Lazio,Milan,2 Tempo,71',Casa,Sostituzione - Entra,Tavares N.,,UcuV0FZA
Coppa Italia,1/8 FINALE,04.12.2025,Lazio,Milan,2 Tempo,80',Casa,Gol,Zaccagni M.,1-0,UcuV0FZA
Coppa Italia,1/8 FINALE,04.12.2025,Lazio,Milan,2 Tempo,80',Casa,Assist,Tavares N.,1-0,UcuV0FZA
Coppa Italia,1/8 FINALE,04.12.2025,Lazio,Milan,2 Tempo,81',Ospite,Sostituzione - Esce,Loftus-Cheek R.,,UcuV0FZA
Coppa Italia,1/8 FINALE,04.12.2025,Lazio,Milan,2 Tempo,81',Ospite,Sostituzione - Entra,Pulisic C.,,UcuV0FZA
Coppa Italia,1/8 FINALE,04.12.2025,Lazio,Milan,2 Tempo,81',Ospite,Sostituzione - Esce,Jashari A.,,UcuV0FZA
Coppa Italia,1/8 FINALE,04.12.2025,Lazio,Milan,2 Tempo,81',Ospite,Sostituzione - Entra,Modric L.,,UcuV0FZA
Coppa Italia,1/8 FINALE,04.12.2025,Lazio,Milan,2 Tempo,83',Casa,Sostituzione - Esce,Zaccagni M.,,UcuV0FZA
Coppa Italia,1/8 FINALE,04.12.2025,Lazio,Milan,2 Tempo,83',Casa,Sostituzione - Entra,Pedro,,UcuV0FZA
Coppa Italia,1/8 FINALE,04.12.2025,Lazio,Milan,2 Tempo,83',Casa,Sostituzione - Esce,Isaksen G.,,UcuV0FZA
Coppa Italia,1/8 FINALE,04.12.2025,Lazio,Milan,2 Tempo,83',Casa,Sostituzione - Entra,Cancellieri M.,,UcuV0FZA
Coppa Italia,1/8 FINALE,04.12.2025,Lazio,Milan,2 Tempo,84',Ospite,Cartellino Giallo,De Winter K.,,UcuV0FZA
Coppa Italia,1/8 FINALE,04.12.2025,Lazio,Milan,2 Tempo,87',Ospite,Sostituzione - Esce,Estupinan P.,,UcuV0FZA
Coppa Italia,1/8 FINALE,04.12.2025,Lazio,Milan,2 Tempo,87',Ospite,Sostituzione - Entra,Bartesaghi D.,,UcuV0FZA
Coppa Italia,1/8 FINALE,04.12.2025,Bologna,Parma,1 Tempo,13',Ospite,Gol,Benedyczak A.,0-1,Cv4b8uQF
Coppa Italia,1/8 FINALE,04.12.2025,Bologna,Parma,1 Tempo,13',Ospite,Assist,Lovik M.,0-1,Cv4b8uQF
Coppa Italia,1/8 FINALE,04.12.2025,Bologna,Parma,1 Tempo,38',Casa,Gol,Rowe J.,1-1,Cv4b8uQF
Coppa Italia,1/8 FINALE,04.12.2025,Bologna,Parma,2 Tempo,46',Ospite,Sostituzione - Esce,Ondrejka J.,,Cv4b8uQF
Coppa Italia,1/8 FINALE,04.12.2025,Bologna,Parma,2 Tempo,46',Ospite,Sostituzione - Entra,Oristanio G.,,Cv4b8uQF
Coppa Italia,1/8 FINALE,04.12.2025,Bologna,Parma,2 Tempo,55',Ospite,Sostituzione - Esce,Trabucchi N.,,Cv4b8uQF
Coppa Italia,1/8 FINALE,04.12.2025,Bologna,Parma,2 Tempo,55',Ospite,Sostituzione - Entra,Estevez N.,,Cv4b8uQF
Coppa Italia,1/8 FINALE,04.12.2025,Bologna,Parma,2 Tempo,65',Ospite,Sostituzione - Esce,Benedyczak A.,,Cv4b8uQF
Coppa Italia,1/8 FINALE,04.12.2025,Bologna,Parma,2 Tempo,65',Ospite,Sostituzione - Entra,Cutrone P.,,Cv4b8uQF
Coppa Italia,1/8 FINALE,04.12.2025,Bologna,Parma,2 Tempo,70',Casa,Sostituzione - Esce,Rowe J.,,Cv4b8uQF
Coppa Italia,1/8 FINALE,04.12.2025,Bologna,Parma,2 Tempo,70',Casa,Sostituzione - Entra,Dominguez B.,,Cv4b8uQF
Coppa Italia,1/8 FINALE,04.12.2025,Bologna,Parma,2 Tempo,70',Casa,Sostituzione - Esce,Sulemana I.,,Cv4b8uQF
Coppa Italia,1/8 FINALE,04.12.2025,Bologna,Parma,2 Tempo,70',Casa,Sostituzione - Entra,Pobega T.,,Cv4b8uQF
Coppa Italia,1/8 FINALE,04.12.2025,Bologna,Parma,2 Tempo,70',Casa,Sostituzione - Esce,Dallinga T.,,Cv4b8uQF
Coppa Italia,1/8 FINALE,04.12.2025,Bologna,Parma,2 Tempo,70',Casa,Sostituzione - Entra,Castro S.,,Cv4b8uQF
Coppa Italia,1/8 FINALE,04.12.2025,Bologna,Parma,2 Tempo,72',Ospite,Cartellino Giallo,Cremaschi B.,,Cv4b8uQF
Coppa Italia,1/8 FINALE,04.12.2025,Bologna,Parma,2 Tempo,80',Casa,Sostituzione - Esce,Fabbian G.,,Cv4b8uQF
Coppa Italia,1/8 FINALE,04.12.2025,Bologna,Parma,2 Tempo,80',Casa,Sostituzione - Entra,Odgaard J.,,Cv4b8uQF
Coppa Italia,1/8 FINALE,04.12.2025,Bologna,Parma,2 Tempo,80',Casa,Sostituzione - Esce,Bernardeschi F.,,Cv4b8uQF
Coppa Italia,1/8 FINALE,04.12.2025,Bologna,Parma,2 Tempo,80',Casa,Sostituzione - Entra,Immobile C.,,Cv4b8uQF
Coppa Italia,1/8 FINALE,04.12.2025,Bologna,Parma,2 Tempo,86',Ospite,Sostituzione - Esce,Cremaschi B.,,Cv4b8uQF
Coppa Italia,1/8 FINALE,04.12.2025,Bologna,Parma,2 Tempo,86',Ospite,Sostituzione - Entra,Djuric M.,,Cv4b8uQF
Coppa Italia,1/8 FINALE,04.12.2025,Bologna,Parma,2 Tempo,86',Ospite,Sostituzione - Esce,Ordonez C.,,Cv4b8uQF
Coppa Italia,1/8 FINALE,04.12.2025,Bologna,Parma,2 Tempo,86',Ospite,Sostituzione - Entra,Hernani,,Cv4b8uQF
Coppa Italia,1/8 FINALE,04.12.2025,Bologna,Parma,2 Tempo,86',Ospite,Cartellino Giallo,Hernani,,Cv4b8uQF
Coppa Italia,1/8 FINALE,04.12.2025,Bologna,Parma,2 Tempo,87',Casa,Cartellino Giallo,Pobega T.,,Cv4b8uQF
Coppa Italia,1/8 FINALE,04.12.2025,Bologna,Parma,2 Tempo,89',Casa,Gol,Castro S.,2-1,Cv4b8uQF
Coppa Italia,1/8 FINALE,04.12.2025,Bologna,Parma,2 Tempo,89',Casa,Assist,Holm E.,2-1,Cv4b8uQF
Coppa Italia,1/8 FINALE,03.12.2025,Inter,Venezia,1 Tempo,18',Casa,Gol,Diouf A.,1-0,jBda0F3B
Coppa Italia,1/8 FINALE,03.12.2025,Inter,Venezia,1 Tempo,18',Casa,Assist,Frattesi D.,1-0,jBda0F3B
Coppa Italia,1/8 FINALE,03.12.2025,Inter,Venezia,1 Tempo,20',Casa,Gol,Esposito F.,2-0,jBda0F3B
Coppa Italia,1/8 FINALE,03.12.2025,Inter,Venezia,1 Tempo,34',Casa,Gol,Thuram M.,3-0,jBda0F3B
Coppa Italia,1/8 FINALE,03.12.2025,Inter,Venezia,1 Tempo,34',Casa,Assist,Zielinski P.,3-0,jBda0F3B
Coppa Italia,1/8 FINALE,03.12.2025,Inter,Venezia,1 Tempo,45',Ospite,Cartellino Giallo,Korac S.,,jBda0F3B
Coppa Italia,1/8 FINALE,03.12.2025,Inter,Venezia,2 Tempo,46',Casa,Sostituzione - Esce,Zielinski P.,,jBda0F3B
Coppa Italia,1/8 FINALE,03.12.2025,Inter,Venezia,2 Tempo,46',Casa,Sostituzione - Entra,Mkhitaryan H.,,jBda0F3B
Coppa Italia,1/8 FINALE,03.12.2025,Inter,Venezia,2 Tempo,46',Ospite,Sostituzione - Esce,Sidibe A.,,jBda0F3B
Coppa Italia,1/8 FINALE,03.12.2025,Inter,Venezia,2 Tempo,46',Ospite,Sostituzione - Entra,Schingtienne J.,,jBda0F3B
Coppa Italia,1/8 FINALE,03.12.2025,Inter,Venezia,2 Tempo,51',Casa,Gol,Thuram M.,4-0,jBda0F3B
Coppa Italia,1/8 FINALE,03.12.2025,Inter,Venezia,2 Tempo,51',Casa,Assist,Frattesi D.,4-0,jBda0F3B
Coppa Italia,1/8 FINALE,03.12.2025,Inter,Venezia,2 Tempo,60',Casa,Sostituzione - Esce,Luis Henrique,,jBda0F3B
Coppa Italia,1/8 FINALE,03.12.2025,Inter,Venezia,2 Tempo,60',Casa,Sostituzione - Entra,Cocchi M.,,jBda0F3B
Coppa Italia,1/8 FINALE,03.12.2025,Inter,Venezia,2 Tempo,60',Casa,Sostituzione - Esce,Thuram M.,,jBda0F3B
Coppa Italia,1/8 FINALE,03.12.2025,Inter,Venezia,2 Tempo,60',Casa,Sostituzione - Entra,Bonny A.,,jBda0F3B
Coppa Italia,1/8 FINALE,03.12.2025,Inter,Venezia,2 Tempo,64',Ospite,Sostituzione - Esce,Haps R.,,jBda0F3B
Coppa Italia,1/8 FINALE,03.12.2025,Inter,Venezia,2 Tempo,64',Ospite,Sostituzione - Entra,Fila D.,,jBda0F3B
Coppa Italia,1/8 FINALE,03.12.2025,Inter,Venezia,2 Tempo,66',Ospite,Gol,Sagrado R.,4-1,jBda0F3B
Coppa Italia,1/8 FINALE,03.12.2025,Inter,Venezia,2 Tempo,75',Casa,Gol,Bonny A.,5-1,jBda0F3B
Coppa Italia,1/8 FINALE,03.12.2025,Inter,Venezia,2 Tempo,75',Casa,Assist,Mkhitaryan H.,5-1,jBda0F3B
Coppa Italia,1/8 FINALE,03.12.2025,Inter,Venezia,2 Tempo,79',Casa,Sostituzione - Esce,Esposito F.,,jBda0F3B
Coppa Italia,1/8 FINALE,03.12.2025,Inter,Venezia,2 Tempo,79',Casa,Sostituzione - Entra,Spinacce M.,,jBda0F3B
Coppa Italia,1/8 FINALE,03.12.2025,Inter,Venezia,2 Tempo,79',Casa,Sostituzione - Esce,Sucic P.,,jBda0F3B
Coppa Italia,1/8 FINALE,03.12.2025,Inter,Venezia,2 Tempo,79',Casa,Sostituzione - Entra,Bovo L.,,jBda0F3B
Coppa Italia,1/8 FINALE,03.12.2025,Inter,Venezia,2 Tempo,81',Ospite,Sostituzione - Esce,Casas A.,,jBda0F3B
Coppa Italia,1/8 FINALE,03.12.2025,Inter,Venezia,2 Tempo,81',Ospite,Sostituzione - Entra,Adorante A.,,jBda0F3B
Coppa Italia,1/8 FINALE,03.12.2025,Inter,Venezia,2 Tempo,81',Ospite,Sostituzione - Esce,Lella N.,,jBda0F3B
Coppa Italia,1/8 FINALE,03.12.2025,Inter,Venezia,2 Tempo,81',Ospite,Sostituzione - Entra,Perez K.,,jBda0F3B
Coppa Italia,1/8 FINALE,03.12.2025,Inter,Venezia,2 Tempo,81',Ospite,Sostituzione - Esce,Compagnon M.,,jBda0F3B
Coppa Italia,1/8 FINALE,03.12.2025,Inter,Venezia,2 Tempo,81',Ospite,Sostituzione - Entra,Hainaut A.,,jBda0F3B
Coppa Italia,1/8 FINALE,03.12.2025,Napoli,Cagliari,1 Tempo,22',Ospite,Cartellino Giallo,Luperto S.,,lAhdI8Q7
Coppa Italia,1/8 FINALE,03.12.2025,Napoli,Cagliari,1 Tempo,28',Casa,Gol,Lucca L.,1-0,lAhdI8Q7
Coppa Italia,1/8 FINALE,03.12.2025,Napoli,Cagliari,1 Tempo,28',Casa,Assist,Vergara A.,1-0,lAhdI8Q7
Coppa Italia,1/8 FINALE,03.12.2025,Napoli,Cagliari,2 Tempo,55',Ospite,Sostituzione - Esce,Pavoletti L.,,lAhdI8Q7
Coppa Italia,1/8 FINALE,03.12.2025,Napoli,Cagliari,2 Tempo,55',Ospite,Sostituzione - Entra,Borrelli G.,,lAhdI8Q7
Coppa Italia,1/8 FINALE,03.12.2025,Napoli,Cagliari,2 Tempo,56',Ospite,Sostituzione - Esce,Kilicsoy S.,,lAhdI8Q7
Coppa Italia,1/8 FINALE,03.12.2025,Napoli,Cagliari,2 Tempo,56',Ospite,Sostituzione - Entra,Prati M.,,lAhdI8Q7
Coppa Italia,1/8 FINALE,03.12.2025,Napoli,Cagliari,2 Tempo,56',Ospite,Sostituzione - Esce,Gaetano G.,,lAhdI8Q7
Coppa Italia,1/8 FINALE,03.12.2025,Napoli,Cagliari,2 Tempo,56',Ospite,Sostituzione - Entra,Esposito Se.,,lAhdI8Q7
Coppa Italia,1/8 FINALE,03.12.2025,Napoli,Cagliari,2 Tempo,61',Casa,Sostituzione - Esce,Ambrosino G.,,lAhdI8Q7
Coppa Italia,1/8 FINALE,03.12.2025,Napoli,Cagliari,2 Tempo,61',Casa,Sostituzione - Entra,McTominay S.,,lAhdI8Q7
Coppa Italia,1/8 FINALE,03.12.2025,Napoli,Cagliari,2 Tempo,61',Ospite,Sostituzione - Esce,Rodriguez J.,,lAhdI8Q7
Coppa Italia,1/8 FINALE,03.12.2025,Napoli,Cagliari,2 Tempo,61',Ospite,Sostituzione - Entra,Idrissi R.,,lAhdI8Q7
Coppa Italia,1/8 FINALE,03.12.2025,Napoli,Cagliari,2 Tempo,67',Ospite,Gol,Esposito Se.,1-1,lAhdI8Q7
Coppa Italia,1/8 FINALE,03.12.2025,Napoli,Cagliari,2 Tempo,68',Casa,Sostituzione - Esce,Lucca L.,,lAhdI8Q7
Coppa Italia,1/8 FINALE,03.12.2025,Napoli,Cagliari,2 Tempo,68',Casa,Sostituzione - Entra,Hojlund R.,,lAhdI8Q7
Coppa Italia,1/8 FINALE,03.12.2025,Napoli,Cagliari,2 Tempo,68',Casa,Sostituzione - Esce,Mazzocchi P.,,lAhdI8Q7
Coppa Italia,1/8 FINALE,03.12.2025,Napoli,Cagliari,2 Tempo,68',Casa,Sostituzione - Entra,Buongiorno A.,,lAhdI8Q7
Coppa Italia,1/8 FINALE,03.12.2025,Napoli,Cagliari,2 Tempo,74',Casa,Sostituzione - Esce,Olivera M.,,lAhdI8Q7
Coppa Italia,1/8 FINALE,03.12.2025,Napoli,Cagliari,2 Tempo,74',Casa,Sostituzione - Entra,Lang N.,,lAhdI8Q7
Coppa Italia,1/8 FINALE,03.12.2025,Napoli,Cagliari,2 Tempo,74',Casa,Sostituzione - Esce,Vergara A.,,lAhdI8Q7
Coppa Italia,1/8 FINALE,03.12.2025,Napoli,Cagliari,2 Tempo,74',Casa,Sostituzione - Entra,David Neres,,lAhdI8Q7
Coppa Italia,1/8 FINALE,03.12.2025,Napoli,Cagliari,2 Tempo,80',Ospite,Cartellino Giallo,Prati M.,,lAhdI8Q7
Coppa Italia,1/8 FINALE,03.12.2025,Napoli,Cagliari,2 Tempo,85',Ospite,Sostituzione - Esce,Deiola A.,,lAhdI8Q7
Coppa Italia,1/8 FINALE,03.12.2025,Napoli,Cagliari,2 Tempo,85',Ospite,Sostituzione - Entra,Felici M.,,lAhdI8Q7
Coppa Italia,1/8 FINALE,03.12.2025,Napoli,Cagliari,Rigori,1,Ospite,Rigore Assegnato,Obert A.,,lAhdI8Q7
Coppa Italia,1/8 FINALE,03.12.2025,Napoli,Cagliari,Rigori,1,Ospite,Rigore,Obert A.,,lAhdI8Q7
Coppa Italia,1/8 FINALE,03.12.2025,Napoli,Cagliari,Rigori,1,Casa,Rigore Assegnato,Politano M.,,lAhdI8Q7
Coppa Italia,1/8 FINALE,03.12.2025,Napoli,Cagliari,Rigori,1,Casa,Rigore,Politano M.,,lAhdI8Q7
Coppa Italia,1/8 FINALE,03.12.2025,Napoli,Cagliari,Rigori,2,Ospite,Rigore Assegnato,Borrelli G.,,lAhdI8Q7
Coppa Italia,1/8 FINALE,03.12.2025,Napoli,Cagliari,Rigori,2,Ospite,Rigore,Borrelli G.,,lAhdI8Q7
Coppa Italia,1/8 FINALE,03.12.2025,Napoli,Cagliari,Rigori,2,Casa,Rigore Assegnato,McTominay S.,,lAhdI8Q7
Coppa Italia,1/8 FINALE,03.12.2025,Napoli,Cagliari,Rigori,2,Casa,Rigore,McTominay S.,,lAhdI8Q7
Coppa Italia,1/8 FINALE,03.12.2025,Napoli,Cagliari,Rigori,3,Ospite,Rigore Assegnato,Prati M.,,lAhdI8Q7
Coppa Italia,1/8 FINALE,03.12.2025,Napoli,Cagliari,Rigori,3,Ospite,Rigore,Prati M.,,lAhdI8Q7
Coppa Italia,1/8 FINALE,03.12.2025,Napoli,Cagliari,Rigori,3,Casa,Rigore Assegnato,Lang N.,,lAhdI8Q7
Coppa Italia,1/8 FINALE,03.12.2025,Napoli,Cagliari,Rigori,3,Casa,Rigore,Lang N.,,lAhdI8Q7
Coppa Italia,1/8 FINALE,03.12.2025,Napoli,Cagliari,Rigori,4,Ospite,Rigore Assegnato,Felici M.,,lAhdI8Q7
Coppa Italia,1/8 FINALE,03.12.2025,Napoli,Cagliari,Rigori,4,Ospite,Rigore sbagliato,Felici M.,,lAhdI8Q7
Coppa Italia,1/8 FINALE,03.12.2025,Napoli,Cagliari,Rigori,4,Casa,Rigore Assegnato,Hojlund R.,,lAhdI8Q7
Coppa Italia,1/8 FINALE,03.12.2025,Napoli,Cagliari,Rigori,4,Casa,Rigore,Hojlund R.,,lAhdI8Q7
Coppa Italia,1/8 FINALE,03.12.2025,Napoli,Cagliari,Rigori,5,Ospite,Rigore Assegnato,Esposito Se.,,lAhdI8Q7
Coppa Italia,1/8 FINALE,03.12.2025,Napoli,Cagliari,Rigori,5,Ospite,Rigore,Esposito Se.,,lAhdI8Q7
Coppa Italia,1/8 FINALE,03.12.2025,Napoli,Cagliari,Rigori,5,Casa,Rigore Assegnato,David Neres,,lAhdI8Q7
Coppa Italia,1/8 FINALE,03.12.2025,Napoli,Cagliari,Rigori,5,Casa,Rigore sbagliato,David Neres,,lAhdI8Q7
Coppa Italia,1/8 FINALE,03.12.2025,Napoli,Cagliari,Rigori,6,Ospite,Rigore Assegnato,Luperto S.,,lAhdI8Q7
Coppa Italia,1/8 FINALE,03.12.2025,Napoli,Cagliari,Rigori,6,Ospite,Rigore,Luperto S.,,lAhdI8Q7
Coppa Italia,1/8 FINALE,03.12.2025,Napoli,Cagliari,Rigori,6,Casa,Rigore Assegnato,Elmas E.,,lAhdI8Q7
Coppa Italia,1/8 FINALE,03.12.2025,Napoli,Cagliari,Rigori,6,Casa,Rigore,Elmas E.,,lAhdI8Q7
Coppa Italia,1/8 FINALE,03.12.2025,Napoli,Cagliari,Rigori,7,Ospite,Rigore Assegnato,Adopo M.,,lAhdI8Q7
Coppa Italia,1/8 FINALE,03.12.2025,Napoli,Cagliari,Rigori,7,Ospite,Rigore,Adopo M.,,lAhdI8Q7
Coppa Italia,1/8 FINALE,03.12.2025,Napoli,Cagliari,Rigori,7,Casa,Rigore Assegnato,Milinkovic-Savic V.,,lAhdI8Q7
Coppa Italia,1/8 FINALE,03.12.2025,Napoli,Cagliari,Rigori,7,Casa,Rigore,Milinkovic-Savic V.,,lAhdI8Q7
Coppa Italia,1/8 FINALE,03.12.2025,Napoli,Cagliari,Rigori,8,Ospite,Rigore Assegnato,Idrissi R.,,lAhdI8Q7
Coppa Italia,1/8 FINALE,03.12.2025,Napoli,Cagliari,Rigori,8,Ospite,Rigore,Idrissi R.,,lAhdI8Q7
Coppa Italia,1/8 FINALE,03.12.2025,Napoli,Cagliari,Rigori,8,Casa,Rigore Assegnato,Spinazzola L.,,lAhdI8Q7
Coppa Italia,1/8 FINALE,03.12.2025,Napoli,Cagliari,Rigori,8,Casa,Rigore,Spinazzola L.,,lAhdI8Q7
Coppa Italia,1/8 FINALE,03.12.2025,Napoli,Cagliari,Rigori,9,Ospite,Rigore Assegnato,Di Pardo A.,,lAhdI8Q7
Coppa Italia,1/8 FINALE,03.12.2025,Napoli,Cagliari,Rigori,9,Ospite,Rigore,Di Pardo A.,,lAhdI8Q7
Coppa Italia,1/8 FINALE,03.12.2025,Napoli,Cagliari,Rigori,9,Casa,Rigore Assegnato,Juan Jesus,,lAhdI8Q7
Coppa Italia,1/8 FINALE,03.12.2025,Napoli,Cagliari,Rigori,9,Casa,Rigore,Juan Jesus,,lAhdI8Q7
Coppa Italia,1/8 FINALE,03.12.2025,Napoli,Cagliari,Rigori,10,Ospite,Rigore Assegnato,Luvumbo Z.,,lAhdI8Q7
Coppa Italia,1/8 FINALE,03.12.2025,Napoli,Cagliari,Rigori,10,Ospite,Rigore sbagliato,Luvumbo Z.,,lAhdI8Q7
Coppa Italia,1/8 FINALE,03.12.2025,Napoli,Cagliari,Rigori,10,Casa,Rigore Assegnato,Buongiorno A.,,lAhdI8Q7
Coppa Italia,1/8 FINALE,03.12.2025,Napoli,Cagliari,Rigori,10,Casa,Rigore,Buongiorno A.,,lAhdI8Q7
Coppa Italia,1/8 FINALE,03.12.2025,Atalanta,Genoa,1 Tempo,19',Casa,Gol,Djimsiti B.,1-0,nT4jpxVs
Coppa Italia,1/8 FINALE,03.12.2025,Atalanta,Genoa,1 Tempo,19',Casa,Assist,Zalewski N.,1-0,nT4jpxVs
Coppa Italia,1/8 FINALE,03.12.2025,Atalanta,Genoa,1 Tempo,21',Casa,Sostituzione - Esce,Sulemana K.,,nT4jpxVs
Coppa Italia,1/8 FINALE,03.12.2025,Atalanta,Genoa,1 Tempo,21',Casa,Sostituzione - Entra,Maldini D.,,nT4jpxVs
Coppa Italia,1/8 FINALE,03.12.2025,Atalanta,Genoa,1 Tempo,36',Ospite,Cartellino Rosso,Fini S.,,nT4jpxVs
Coppa Italia,1/8 FINALE,03.12.2025,Atalanta,Genoa,2 Tempo,46',Ospite,Sostituzione - Esce,Carboni V.,,nT4jpxVs
Coppa Italia,1/8 FINALE,03.12.2025,Atalanta,Genoa,2 Tempo,46',Ospite,Sostituzione - Entra,Marcandalli A.,,nT4jpxVs
Coppa Italia,1/8 FINALE,03.12.2025,Atalanta,Genoa,2 Tempo,54',Casa,Gol,De Roon M.,2-0,nT4jpxVs
Coppa Italia,1/8 FINALE,03.12.2025,Atalanta,Genoa,2 Tempo,54',Casa,Assist,Maldini D.,2-0,nT4jpxVs
Coppa Italia,1/8 FINALE,03.12.2025,Atalanta,Genoa,2 Tempo,60',Casa,Sostituzione - Esce,Djimsiti B.,,nT4jpxVs
Coppa Italia,1/8 FINALE,03.12.2025,Atalanta,Genoa,2 Tempo,60',Casa,Sostituzione - Entra,Brescianini M.,,nT4jpxVs
Coppa Italia,1/8 FINALE,03.12.2025,Atalanta,Genoa,2 Tempo,60',Casa,Sostituzione - Esce,Kolasinac S.,,nT4jpxVs
Coppa Italia,1/8 FINALE,03.12.2025,Atalanta,Genoa,2 Tempo,60',Casa,Sostituzione - Entra,Ahanor H.,,nT4jpxVs
Coppa Italia,1/8 FINALE,03.12.2025,Atalanta,Genoa,2 Tempo,61',Casa,Sostituzione - Esce,De Ketelaere C.,,nT4jpxVs
Coppa Italia,1/8 FINALE,03.12.2025,Atalanta,Genoa,2 Tempo,61',Casa,Sostituzione - Entra,Samardzic L.,,nT4jpxVs
Coppa Italia,1/8 FINALE,03.12.2025,Atalanta,Genoa,2 Tempo,71',Ospite,Sostituzione - Esce,Frendrup M.,,nT4jpxVs
Coppa Italia,1/8 FINALE,03.12.2025,Atalanta,Genoa,2 Tempo,71',Ospite,Sostituzione - Entra,Onana J.,,nT4jpxVs
Coppa Italia,1/8 FINALE,03.12.2025,Atalanta,Genoa,2 Tempo,71',Ospite,Sostituzione - Esce,Ekhator J.,,nT4jpxVs
Coppa Italia,1/8 FINALE,03.12.2025,Atalanta,Genoa,2 Tempo,71',Ospite,Sostituzione - Entra,Ekuban C.,,nT4jpxVs
Coppa Italia,1/8 FINALE,03.12.2025,Atalanta,Genoa,2 Tempo,71',Ospite,Sostituzione - Esce,Stanciu N.,,nT4jpxVs
Coppa Italia,1/8 FINALE,03.12.2025,Atalanta,Genoa,2 Tempo,71',Ospite,Sostituzione - Entra,Cuenca Martinez H. F.,,nT4jpxVs
Coppa Italia,1/8 FINALE,03.12.2025,Atalanta,Genoa,2 Tempo,74',Casa,Sostituzione - Esce,Bellanova R.,,nT4jpxVs
Coppa Italia,1/8 FINALE,03.12.2025,Atalanta,Genoa,2 Tempo,74',Casa,Sostituzione - Entra,Bernasconi L.,,nT4jpxVs
Coppa Italia,1/8 FINALE,03.12.2025,Atalanta,Genoa,2 Tempo,78',Ospite,Sostituzione - Esce,Norton-Cuffy B.,,nT4jpxVs
Coppa Italia,1/8 FINALE,03.12.2025,Atalanta,Genoa,2 Tempo,78',Ospite,Sostituzione - Entra,Venturino L.,,nT4jpxVs
Coppa Italia,1/8 FINALE,03.12.2025,Atalanta,Genoa,2 Tempo,82',Casa,Gol,Pasalic M.,3-0,nT4jpxVs
Coppa Italia,1/8 FINALE,03.12.2025,Atalanta,Genoa,2 Tempo,82',Casa,Assist,Scamacca G.,3-0,nT4jpxVs
Coppa Italia,1/8 FINALE,03.12.2025,Atalanta,Genoa,2 Tempo,90+1',Casa,Gol,Ahanor H.,4-0,nT4jpxVs
Coppa Italia,1/8 FINALE,03.12.2025,Atalanta,Genoa,2 Tempo,90+1',Casa,Assist,Samardzic L.,4-0,nT4jpxVs
Coppa Italia,1/8 FINALE,02.12.2025,Juventus,Udinese,1 Tempo,23',Casa,Autogol,Palma M.,1-0,nofsDllf
Coppa Italia,1/8 FINALE,02.12.2025,Juventus,Udinese,2 Tempo,56',Casa,Sostituzione - Esce,Gatti F.,,nofsDllf
Coppa Italia,1/8 FINALE,02.12.2025,Juventus,Udinese,2 Tempo,56',Casa,Sostituzione - Entra,Locatelli M.,,nofsDllf
Coppa Italia,1/8 FINALE,02.12.2025,Juventus,Udinese,2 Tempo,59',Ospite,Sostituzione - Esce,Zarraga O.,,nofsDllf
Coppa Italia,1/8 FINALE,02.12.2025,Juventus,Udinese,2 Tempo,59',Ospite,Sostituzione - Entra,Miller L.,,nofsDllf
Coppa Italia,1/8 FINALE,02.12.2025,Juventus,Udinese,2 Tempo,59',Ospite,Sostituzione - Esce,Zaniolo N.,,nofsDllf
Coppa Italia,1/8 FINALE,02.12.2025,Juventus,Udinese,2 Tempo,59',Ospite,Sostituzione - Entra,Bravo I.,,nofsDllf
Coppa Italia,1/8 FINALE,02.12.2025,Juventus,Udinese,2 Tempo,68',Ospite,Cartellino Giallo,Palma M.,,nofsDllf
Coppa Italia,1/8 FINALE,02.12.2025,Juventus,Udinese,2 Tempo,68',Casa,Rigore Assegnato,Locatelli M.,2-0,nofsDllf
Coppa Italia,1/8 FINALE,02.12.2025,Juventus,Udinese,2 Tempo,68',Casa,Rigore,Locatelli M.,2-0,nofsDllf
Coppa Italia,1/8 FINALE,02.12.2025,Juventus,Udinese,2 Tempo,71',Ospite,Sostituzione - Esce,Palma M.,,nofsDllf
Coppa Italia,1/8 FINALE,02.12.2025,Juventus,Udinese,2 Tempo,71',Ospite,Sostituzione - Entra,Gueye I.,,nofsDllf
Coppa Italia,1/8 FINALE,02.12.2025,Juventus,Udinese,2 Tempo,71',Ospite,Sostituzione - Esce,Atta A.,,nofsDllf
Coppa Italia,1/8 FINALE,02.12.2025,Juventus,Udinese,2 Tempo,71',Ospite,Sostituzione - Entra,Ekkelenkamp J.,,nofsDllf
Coppa Italia,1/8 FINALE,02.12.2025,Juventus,Udinese,2 Tempo,74',Casa,Sostituzione - Esce,David J.,,nofsDllf
Coppa Italia,1/8 FINALE,02.12.2025,Juventus,Udinese,2 Tempo,74',Casa,Sostituzione - Entra,Openda L.,,nofsDllf
Coppa Italia,1/8 FINALE,02.12.2025,Juventus,Udinese,2 Tempo,74',Casa,Sostituzione - Esce,Cabal J.,,nofsDllf
Coppa Italia,1/8 FINALE,02.12.2025,Juventus,Udinese,2 Tempo,74',Casa,Sostituzione - Entra,Joao Mario,,nofsDllf
Coppa Italia,1/8 FINALE,02.12.2025,Juventus,Udinese,2 Tempo,74',Casa,Sostituzione - Esce,Miretti F.,,nofsDllf
Coppa Italia,1/8 FINALE,02.12.2025,Juventus,Udinese,2 Tempo,74',Casa,Sostituzione - Entra,Conceicao F.,,nofsDllf
Coppa Italia,1/8 FINALE,02.12.2025,Juventus,Udinese,2 Tempo,81',Ospite,Sostituzione - Esce,Solet O.,,nofsDllf
Coppa Italia,1/8 FINALE,02.12.2025,Juventus,Udinese,2 Tempo,81',Ospite,Sostituzione - Entra,Kristensen T.,,nofsDllf
Coppa Italia,1/8 FINALE,02.12.2025,Juventus,Udinese,2 Tempo,84',Casa,Sostituzione - Esce,Yildiz K.,,nofsDllf
Coppa Italia,1/8 FINALE,02.12.2025,Juventus,Udinese,2 Tempo,84',Casa,Sostituzione - Entra,Zhegrova E.,,nofsDllf
Coppa Italia,1/16 FINALE,25.09.2025,Torino,Pisa,1 Tempo,9',Casa,Gol,Casadei C.,1-0,niTbgBVh
Coppa Italia,1/16 FINALE,25.09.2025,Torino,Pisa,1 Tempo,9',Casa,Assist,Ngonge C.,1-0,niTbgBVh
Coppa Italia,1/16 FINALE,25.09.2025,Torino,Pisa,1 Tempo,22',Ospite,Cartellino Giallo,Albiol R.,,niTbgBVh
Coppa Italia,1/16 FINALE,25.09.2025,Torino,Pisa,1 Tempo,35',Ospite,Cartellino Giallo,Piccinini G.,,niTbgBVh
Coppa Italia,1/16 FINALE,25.09.2025,Torino,Pisa,1 Tempo,41',Casa,Cartellino Giallo,Coco S.,,niTbgBVh
Coppa Italia,1/16 FINALE,25.09.2025,Torino,Pisa,2 Tempo,46',Ospite,Sostituzione - Esce,Lorran,,niTbgBVh
Coppa Italia,1/16 FINALE,25.09.2025,Torino,Pisa,2 Tempo,46',Ospite,Sostituzione - Entra,Toure I.,,niTbgBVh
Coppa Italia,1/16 FINALE,25.09.2025,Torino,Pisa,2 Tempo,62',Ospite,Cartellino Rosso,Cuadrado J.,,niTbgBVh
Coppa Italia,1/16 FINALE,25.09.2025,Torino,Pisa,2 Tempo,64',Casa,Sostituzione - Esce,Ngonge C.,,niTbgBVh
Coppa Italia,1/16 FINALE,25.09.2025,Torino,Pisa,2 Tempo,64',Casa,Sostituzione - Entra,Aboukhlal Z.,,niTbgBVh
Coppa Italia,1/16 FINALE,25.09.2025,Torino,Pisa,2 Tempo,65',Casa,Sostituzione - Esce,Njie A.,,niTbgBVh
Coppa Italia,1/16 FINALE,25.09.2025,Torino,Pisa,2 Tempo,65',Casa,Sostituzione - Entra,Vlasic N.,,niTbgBVh
Coppa Italia,1/16 FINALE,25.09.2025,Torino,Pisa,2 Tempo,65',Casa,Sostituzione - Esce,Adams C.,,niTbgBVh
Coppa Italia,1/16 FINALE,25.09.2025,Torino,Pisa,2 Tempo,65',Casa,Sostituzione - Entra,Simeone G.,,niTbgBVh
Coppa Italia,1/16 FINALE,25.09.2025,Torino,Pisa,2 Tempo,68',Ospite,Sostituzione - Esce,Albiol R.,,niTbgBVh
Coppa Italia,1/16 FINALE,25.09.2025,Torino,Pisa,2 Tempo,68',Ospite,Sostituzione - Entra,Bonfanti G.,,niTbgBVh
Coppa Italia,1/16 FINALE,25.09.2025,Torino,Pisa,2 Tempo,68',Ospite,Sostituzione - Esce,Vural I.,,niTbgBVh
Coppa Italia,1/16 FINALE,25.09.2025,Torino,Pisa,2 Tempo,68',Ospite,Sostituzione - Entra,Buffon L.,,niTbgBVh
Coppa Italia,1/16 FINALE,25.09.2025,Torino,Pisa,2 Tempo,68',Ospite,Sostituzione - Esce,Meister H.,,niTbgBVh
Coppa Italia,1/16 FINALE,25.09.2025,Torino,Pisa,2 Tempo,68',Ospite,Sostituzione - Entra,Tramoni M.,,niTbgBVh
Coppa Italia,1/16 FINALE,25.09.2025,Torino,Pisa,2 Tempo,71',Casa,Sostituzione - Esce,Dembele A.,,niTbgBVh
Coppa Italia,1/16 FINALE,25.09.2025,Torino,Pisa,2 Tempo,71',Casa,Sostituzione - Entra,Asllani K.,,niTbgBVh
Coppa Italia,1/16 FINALE,25.09.2025,Torino,Pisa,2 Tempo,76',Casa,Cartellino Giallo,Aboukhlal Z.,,niTbgBVh
Coppa Italia,1/16 FINALE,25.09.2025,Torino,Pisa,2 Tempo,81',Ospite,Sostituzione - Esce,Piccinini G.,,niTbgBVh
Coppa Italia,1/16 FINALE,25.09.2025,Torino,Pisa,2 Tempo,81',Ospite,Sostituzione - Entra,Bettazzi B.,,niTbgBVh
Coppa Italia,1/16 FINALE,25.09.2025,Torino,Pisa,2 Tempo,82',Casa,Sostituzione - Esce,Pedersen M.,,niTbgBVh
Coppa Italia,1/16 FINALE,25.09.2025,Torino,Pisa,2 Tempo,82',Casa,Sostituzione - Entra,Lazaro V.,,niTbgBVh
Coppa Italia,1/16 FINALE,25.09.2025,Genoa,Empoli,1 Tempo,12',Ospite,Gol,Saporiti E.,0-1,4np6ac7T
Coppa Italia,1/16 FINALE,25.09.2025,Genoa,Empoli,1 Tempo,15',Casa,Gol,Frendrup M.,1-1,4np6ac7T
Coppa Italia,1/16 FINALE,25.09.2025,Genoa,Empoli,1 Tempo,15',Casa,Assist,Colombo L.,1-1,4np6ac7T
Coppa Italia,1/16 FINALE,25.09.2025,Genoa,Empoli,2 Tempo,46',Casa,Sostituzione - Esce,Junior Messias,,4np6ac7T
Coppa Italia,1/16 FINALE,25.09.2025,Genoa,Empoli,2 Tempo,46',Casa,Sostituzione - Entra,Venturino L.,,4np6ac7T
Coppa Italia,1/16 FINALE,25.09.2025,Genoa,Empoli,2 Tempo,56',Casa,Gol,Marcandalli A.,2-1,4np6ac7T
Coppa Italia,1/16 FINALE,25.09.2025,Genoa,Empoli,2 Tempo,56',Casa,Assist,Venturino L.,2-1,4np6ac7T
Coppa Italia,1/16 FINALE,25.09.2025,Genoa,Empoli,2 Tempo,59',Ospite,Sostituzione - Esce,Popov B.,,4np6ac7T
Coppa Italia,1/16 FINALE,25.09.2025,Genoa,Empoli,2 Tempo,59',Ospite,Sostituzione - Entra,Shpendi S.,,4np6ac7T
Coppa Italia,1/16 FINALE,25.09.2025,Genoa,Empoli,2 Tempo,59',Ospite,Sostituzione - Esce,Carboni F.,,4np6ac7T
Coppa Italia,1/16 FINALE,25.09.2025,Genoa,Empoli,2 Tempo,59',Ospite,Sostituzione - Entra,Zanaga E.,,4np6ac7T
Coppa Italia,1/16 FINALE,25.09.2025,Genoa,Empoli,2 Tempo,60',Casa,Sostituzione - Esce,Colombo L.,,4np6ac7T
Coppa Italia,1/16 FINALE,25.09.2025,Genoa,Empoli,2 Tempo,60',Casa,Sostituzione - Entra,Ekhator J.,,4np6ac7T
Coppa Italia,1/16 FINALE,25.09.2025,Genoa,Empoli,2 Tempo,66',Casa,Sostituzione - Esce,Frendrup M.,,4np6ac7T
Coppa Italia,1/16 FINALE,25.09.2025,Genoa,Empoli,2 Tempo,66',Casa,Sostituzione - Entra,Masini P.,,4np6ac7T
Coppa Italia,1/16 FINALE,25.09.2025,Genoa,Empoli,2 Tempo,66',Casa,Sostituzione - Esce,Gronbaek A.,,4np6ac7T
Coppa Italia,1/16 FINALE,25.09.2025,Genoa,Empoli,2 Tempo,66',Casa,Sostituzione - Entra,Thorsby M.,,4np6ac7T
Coppa Italia,1/16 FINALE,25.09.2025,Genoa,Empoli,2 Tempo,67',Ospite,Sostituzione - Esce,Ebuehi T.,,4np6ac7T
Coppa Italia,1/16 FINALE,25.09.2025,Genoa,Empoli,2 Tempo,67',Ospite,Sostituzione - Entra,Indragoli G.,,4np6ac7T
Coppa Italia,1/16 FINALE,25.09.2025,Genoa,Empoli,2 Tempo,67',Ospite,Sostituzione - Esce,Yepes G.,,4np6ac7T
Coppa Italia,1/16 FINALE,25.09.2025,Genoa,Empoli,2 Tempo,67',Ospite,Sostituzione - Entra,Ignacchiti L.,,4np6ac7T
Coppa Italia,1/16 FINALE,25.09.2025,Genoa,Empoli,2 Tempo,80',Ospite,Sostituzione - Esce,Saporiti E.,,4np6ac7T
Coppa Italia,1/16 FINALE,25.09.2025,Genoa,Empoli,2 Tempo,80',Ospite,Sostituzione - Entra,Campaniello T.,,4np6ac7T
Coppa Italia,1/16 FINALE,25.09.2025,Genoa,Empoli,2 Tempo,83',Casa,Gol,Ekhator J.,3-1,4np6ac7T
Coppa Italia,1/16 FINALE,25.09.2025,Genoa,Empoli,2 Tempo,83',Casa,Assist,Thorsby M.,3-1,4np6ac7T
Coppa Italia,1/16 FINALE,25.09.2025,Genoa,Empoli,2 Tempo,84',Casa,Sostituzione - Esce,Stanciu N.,,4np6ac7T
Coppa Italia,1/16 FINALE,25.09.2025,Genoa,Empoli,2 Tempo,84',Casa,Sostituzione - Entra,Fini S.,,4np6ac7T
Coppa Italia,1/16 FINALE,24.09.2025,Como,Sassuolo,1 Tempo,2',Casa,Gol,Rodriguez J.,1-0,lErvz9EE
Coppa Italia,1/16 FINALE,24.09.2025,Como,Sassuolo,1 Tempo,2',Casa,Assist,Douvikas A.,1-0,lErvz9EE
Coppa Italia,1/16 FINALE,24.09.2025,Como,Sassuolo,1 Tempo,10',Casa,Cartellino Giallo,Baturina M.,,lErvz9EE
Coppa Italia,1/16 FINALE,24.09.2025,Como,Sassuolo,1 Tempo,18',Ospite,Cartellino Giallo,Cande F.,,lErvz9EE
Coppa Italia,1/16 FINALE,24.09.2025,Como,Sassuolo,1 Tempo,24',Ospite,Cartellino Giallo,Pieragnolo E.,,lErvz9EE
Coppa Italia,1/16 FINALE,24.09.2025,Como,Sassuolo,1 Tempo,24',Casa,Gol,Douvikas A.,2-0,lErvz9EE
Coppa Italia,1/16 FINALE,24.09.2025,Como,Sassuolo,1 Tempo,24',Casa,Assist,Baturina M.,2-0,lErvz9EE
Coppa Italia,1/16 FINALE,24.09.2025,Como,Sassuolo,1 Tempo,41',Casa,Gol,Rodriguez J.,3-0,lErvz9EE
Coppa Italia,1/16 FINALE,24.09.2025,Como,Sassuolo,1 Tempo,41',Casa,Assist,Caqueret M.,3-0,lErvz9EE
Coppa Italia,1/16 FINALE,24.09.2025,Como,Sassuolo,2 Tempo,46',Casa,Sostituzione - Esce,Douvikas A.,,lErvz9EE
Coppa Italia,1/16 FINALE,24.09.2025,Como,Sassuolo,2 Tempo,46',Casa,Sostituzione - Entra,Morata A.,,lErvz9EE
Coppa Italia,1/16 FINALE,24.09.2025,Como,Sassuolo,2 Tempo,46',Casa,Sostituzione - Esce,Rodriguez J.,,lErvz9EE
Coppa Italia,1/16 FINALE,24.09.2025,Como,Sassuolo,2 Tempo,46',Casa,Sostituzione - Entra,Kuhn N.,,lErvz9EE
Coppa Italia,1/16 FINALE,24.09.2025,Como,Sassuolo,2 Tempo,46',Casa,Sostituzione - Esce,Posch S.,,lErvz9EE
Coppa Italia,1/16 FINALE,24.09.2025,Como,Sassuolo,2 Tempo,46',Casa,Sostituzione - Entra,Vojvoda M.,,lErvz9EE
Coppa Italia,1/16 FINALE,24.09.2025,Como,Sassuolo,2 Tempo,69',Ospite,Sostituzione - Esce,Cheddira W.,,lErvz9EE
Coppa Italia,1/16 FINALE,24.09.2025,Como,Sassuolo,2 Tempo,69',Ospite,Sostituzione - Entra,Moro L.,,lErvz9EE
Coppa Italia,1/16 FINALE,24.09.2025,Como,Sassuolo,2 Tempo,69',Ospite,Sostituzione - Esce,Volpato C.,,lErvz9EE
Coppa Italia,1/16 FINALE,24.09.2025,Como,Sassuolo,2 Tempo,69',Ospite,Sostituzione - Entra,Thorstvedt K.,,lErvz9EE
Coppa Italia,1/16 FINALE,24.09.2025,Como,Sassuolo,2 Tempo,70',Ospite,Sostituzione - Esce,Fadera A.,,lErvz9EE
Coppa Italia,1/16 FINALE,24.09.2025,Como,Sassuolo,2 Tempo,70',Ospite,Sostituzione - Entra,Pierini N.,,lErvz9EE
Coppa Italia,1/16 FINALE,24.09.2025,Como,Sassuolo,2 Tempo,70',Ospite,Sostituzione - Esce,Pieragnolo E.,,lErvz9EE
Coppa Italia,1/16 FINALE,24.09.2025,Como,Sassuolo,2 Tempo,70',Ospite,Sostituzione - Entra,Walukiewicz S.,,lErvz9EE
Coppa Italia,1/16 FINALE,24.09.2025,Como,Sassuolo,2 Tempo,78',Casa,Sostituzione - Esce,Addai J.,,lErvz9EE
Coppa Italia,1/16 FINALE,24.09.2025,Como,Sassuolo,2 Tempo,78',Casa,Sostituzione - Entra,Bonsignori Goggi L.,,lErvz9EE
Coppa Italia,1/16 FINALE,24.09.2025,Como,Sassuolo,2 Tempo,81',Ospite,Sostituzione - Esce,Lipani L.,,lErvz9EE
Coppa Italia,1/16 FINALE,24.09.2025,Como,Sassuolo,2 Tempo,81',Ospite,Sostituzione - Entra,Skjellerup L.,,lErvz9EE
Coppa Italia,1/16 FINALE,24.09.2025,Como,Sassuolo,2 Tempo,84',Casa,Sostituzione - Esce,Baturina M.,,lErvz9EE
Coppa Italia,1/16 FINALE,24.09.2025,Como,Sassuolo,2 Tempo,84',Casa,Sostituzione - Entra,Cerri A.,,lErvz9EE
Coppa Italia,1/16 FINALE,24.09.2025,Verona,Venezia,1 Tempo,7',Casa,Cartellino Giallo,Niasse C.,,hj7GkWE7
Coppa Italia,1/16 FINALE,24.09.2025,Verona,Venezia,1 Tempo,38',Casa,Cartellino Giallo,Ebosse E.,,hj7GkWE7
Coppa Italia,1/16 FINALE,24.09.2025,Verona,Venezia,2 Tempo,46',Ospite,Sostituzione - Esce,Sverko M.,,hj7GkWE7
Coppa Italia,1/16 FINALE,24.09.2025,Verona,Venezia,2 Tempo,46',Ospite,Sostituzione - Entra,Sidibe A.,,hj7GkWE7
Coppa Italia,1/16 FINALE,24.09.2025,Verona,Venezia,2 Tempo,46',Ospite,Sostituzione - Esce,Haps R.,,hj7GkWE7
Coppa Italia,1/16 FINALE,24.09.2025,Verona,Venezia,2 Tempo,46',Ospite,Sostituzione - Entra,Sagrado R.,,hj7GkWE7
Coppa Italia,1/16 FINALE,24.09.2025,Verona,Venezia,2 Tempo,50',Ospite,Cartellino Giallo,Lella N.,,hj7GkWE7
Coppa Italia,1/16 FINALE,24.09.2025,Verona,Venezia,2 Tempo,65',Ospite,Sostituzione - Esce,Perez K.,,hj7GkWE7
Coppa Italia,1/16 FINALE,24.09.2025,Verona,Venezia,2 Tempo,65',Ospite,Sostituzione - Entra,Hainaut A.,,hj7GkWE7
Coppa Italia,1/16 FINALE,24.09.2025,Verona,Venezia,2 Tempo,69',Casa,Sostituzione - Esce,Ajayi J.,,hj7GkWE7
Coppa Italia,1/16 FINALE,24.09.2025,Verona,Venezia,2 Tempo,69',Casa,Sostituzione - Entra,Vermesan I.,,hj7GkWE7
Coppa Italia,1/16 FINALE,24.09.2025,Verona,Venezia,2 Tempo,71',Casa,Cartellino Giallo,Zanetti P.,,hj7GkWE7
Coppa Italia,1/16 FINALE,24.09.2025,Verona,Venezia,2 Tempo,71',Casa,Non Dal Campo,Zanetti P.,,hj7GkWE7
Coppa Italia,1/16 FINALE,24.09.2025,Verona,Venezia,2 Tempo,75',Ospite,Sostituzione - Esce,Venturi M.,,hj7GkWE7
Coppa Italia,1/16 FINALE,24.09.2025,Verona,Venezia,2 Tempo,75',Ospite,Sostituzione - Entra,Svoboda M.,,hj7GkWE7
Coppa Italia,1/16 FINALE,24.09.2025,Verona,Venezia,2 Tempo,75',Ospite,Cartellino Giallo,Compagnon M.,,hj7GkWE7
Coppa Italia,1/16 FINALE,24.09.2025,Verona,Venezia,2 Tempo,80',Casa,Sostituzione - Esce,Niasse C.,,hj7GkWE7
Coppa Italia,1/16 FINALE,24.09.2025,Verona,Venezia,2 Tempo,80',Casa,Sostituzione - Entra,De Battisti D.,,hj7GkWE7
Coppa Italia,1/16 FINALE,24.09.2025,Verona,Venezia,2 Tempo,80',Casa,Sostituzione - Esce,Sarr A.,,hj7GkWE7
Coppa Italia,1/16 FINALE,24.09.2025,Verona,Venezia,2 Tempo,80',Casa,Sostituzione - Entra,Giovane,,hj7GkWE7
Coppa Italia,1/16 FINALE,24.09.2025,Verona,Venezia,2 Tempo,81',Ospite,Cartellino Giallo,Casas A.,,hj7GkWE7
Coppa Italia,1/16 FINALE,24.09.2025,Verona,Venezia,2 Tempo,83',Ospite,Sostituzione - Esce,Casas A.,,hj7GkWE7
Coppa Italia,1/16 FINALE,24.09.2025,Verona,Venezia,2 Tempo,83',Ospite,Sostituzione - Entra,Yeboah J.,,hj7GkWE7
Coppa Italia,1/16 FINALE,24.09.2025,Verona,Venezia,2 Tempo,90',Casa,Sostituzione - Esce,Slotsager T.,,hj7GkWE7
Coppa Italia,1/16 FINALE,24.09.2025,Verona,Venezia,2 Tempo,90',Casa,Sostituzione - Entra,Kurti A.,,hj7GkWE7
Coppa Italia,1/16 FINALE,24.09.2025,Verona,Venezia,2 Tempo,90',Casa,Sostituzione - Esce,Santiago Perez J.,,hj7GkWE7
Coppa Italia,1/16 FINALE,24.09.2025,Verona,Venezia,2 Tempo,90',Casa,Sostituzione - Entra,Orban G.,,hj7GkWE7
Coppa Italia,1/16 FINALE,24.09.2025,Verona,Venezia,Rigori,1,Casa,Rigore Assegnato,Kastanos G.,,hj7GkWE7
Coppa Italia,1/16 FINALE,24.09.2025,Verona,Venezia,Rigori,1,Casa,Rigore,Kastanos G.,,hj7GkWE7
Coppa Italia,1/16 FINALE,24.09.2025,Verona,Venezia,Rigori,1,Ospite,Rigore Assegnato,Fila D.,,hj7GkWE7
Coppa Italia,1/16 FINALE,24.09.2025,Verona,Venezia,Rigori,1,Ospite,Rigore,Fila D.,,hj7GkWE7
Coppa Italia,1/16 FINALE,24.09.2025,Verona,Venezia,Rigori,2,Casa,Rigore Assegnato,Ebosse E.,,hj7GkWE7
Coppa Italia,1/16 FINALE,24.09.2025,Verona,Venezia,Rigori,2,Casa,Rigore sbagliato,Ebosse E.,,hj7GkWE7
Coppa Italia,1/16 FINALE,24.09.2025,Verona,Venezia,Rigori,2,Ospite,Rigore Assegnato,Yeboah J.,,hj7GkWE7
Coppa Italia,1/16 FINALE,24.09.2025,Verona,Venezia,Rigori,2,Ospite,Rigore,Yeboah J.,,hj7GkWE7
Coppa Italia,1/16 FINALE,24.09.2025,Verona,Venezia,Rigori,3,Casa,Rigore Assegnato,Al Musrati,,hj7GkWE7
Coppa Italia,1/16 FINALE,24.09.2025,Verona,Venezia,Rigori,3,Casa,Rigore,Al Musrati,,hj7GkWE7
Coppa Italia,1/16 FINALE,24.09.2025,Verona,Venezia,Rigori,3,Ospite,Rigore Assegnato,Svoboda M.,,hj7GkWE7
Coppa Italia,1/16 FINALE,24.09.2025,Verona,Venezia,Rigori,3,Ospite,Rigore,Svoboda M.,,hj7GkWE7
Coppa Italia,1/16 FINALE,24.09.2025,Verona,Venezia,Rigori,4,Casa,Rigore Assegnato,Giovane,,hj7GkWE7
Coppa Italia,1/16 FINALE,24.09.2025,Verona,Venezia,Rigori,4,Casa,Rigore,Giovane,,hj7GkWE7
Coppa Italia,1/16 FINALE,24.09.2025,Verona,Venezia,Rigori,4,Ospite,Rigore Assegnato,Bohinen E.,,hj7GkWE7
Coppa Italia,1/16 FINALE,24.09.2025,Verona,Venezia,Rigori,4,Ospite,Rigore,Bohinen E.,,hj7GkWE7
Coppa Italia,1/16 FINALE,24.09.2025,Verona,Venezia,Rigori,5,Casa,Rigore Assegnato,Orban G.,,hj7GkWE7
Coppa Italia,1/16 FINALE,24.09.2025,Verona,Venezia,Rigori,5,Casa,Rigore,Orban G.,,hj7GkWE7
Coppa Italia,1/16 FINALE,24.09.2025,Verona,Venezia,Rigori,5,Ospite,Rigore Assegnato,Lella N.,,hj7GkWE7
Coppa Italia,1/16 FINALE,24.09.2025,Verona,Venezia,Rigori,5,Ospite,Rigore,Lella N.,,hj7GkWE7
Coppa Italia,1/16 FINALE,24.09.2025,Parma,Spezia,1 Tempo,26',Casa,Gol,Britschgi S.,1-0,QXUOBVlg
Coppa Italia,1/16 FINALE,24.09.2025,Parma,Spezia,1 Tempo,36',Ospite,Cartellino Giallo,Fellipe Jack,,QXUOBVlg
Coppa Italia,1/16 FINALE,24.09.2025,Parma,Spezia,1 Tempo,44',Ospite,Gol,Aurelio G.,1-1,QXUOBVlg
Coppa Italia,1/16 FINALE,24.09.2025,Parma,Spezia,1 Tempo,44',Ospite,Assist,Vignali L.,1-1,QXUOBVlg
Coppa Italia,1/16 FINALE,24.09.2025,Parma,Spezia,1 Tempo,45+1',Casa,Gol,Pellegrino M.,2-1,QXUOBVlg
Coppa Italia,1/16 FINALE,24.09.2025,Parma,Spezia,1 Tempo,45+1',Casa,Assist,Benedyczak A.,2-1,QXUOBVlg
Coppa Italia,1/16 FINALE,24.09.2025,Parma,Spezia,2 Tempo,46',Casa,Sostituzione - Esce,Delprato E.,,QXUOBVlg
Coppa Italia,1/16 FINALE,24.09.2025,Parma,Spezia,2 Tempo,46',Casa,Sostituzione - Entra,Circati A.,,QXUOBVlg
Coppa Italia,1/16 FINALE,24.09.2025,Parma,Spezia,2 Tempo,46',Casa,Sostituzione - Esce,Sorensen O.,,QXUOBVlg
Coppa Italia,1/16 FINALE,24.09.2025,Parma,Spezia,2 Tempo,46',Casa,Sostituzione - Entra,Plicco E.,,QXUOBVlg
Coppa Italia,1/16 FINALE,24.09.2025,Parma,Spezia,2 Tempo,57',Ospite,Sostituzione - Esce,Artistico G.,,QXUOBVlg
Coppa Italia,1/16 FINALE,24.09.2025,Parma,Spezia,2 Tempo,57',Ospite,Sostituzione - Entra,Lapadula G.,,QXUOBVlg
Coppa Italia,1/16 FINALE,24.09.2025,Parma,Spezia,2 Tempo,57',Ospite,Sostituzione - Esce,Cassata F.,,QXUOBVlg
Coppa Italia,1/16 FINALE,24.09.2025,Parma,Spezia,2 Tempo,57',Ospite,Sostituzione - Entra,Kouda R.,,QXUOBVlg
Coppa Italia,1/16 FINALE,24.09.2025,Parma,Spezia,2 Tempo,70',Ospite,Sostituzione - Esce,Aurelio G.,,QXUOBVlg
Coppa Italia,1/16 FINALE,24.09.2025,Parma,Spezia,2 Tempo,70',Ospite,Sostituzione - Entra,Beruatto P.,,QXUOBVlg
Coppa Italia,1/16 FINALE,24.09.2025,Parma,Spezia,2 Tempo,70',Ospite,Sostituzione - Esce,Vignali L.,,QXUOBVlg
Coppa Italia,1/16 FINALE,24.09.2025,Parma,Spezia,2 Tempo,70',Ospite,Sostituzione - Entra,Candela A.,,QXUOBVlg
Coppa Italia,1/16 FINALE,24.09.2025,Parma,Spezia,2 Tempo,70',Casa,Sostituzione - Esce,Estevez N.,,QXUOBVlg
Coppa Italia,1/16 FINALE,24.09.2025,Parma,Spezia,2 Tempo,70',Casa,Sostituzione - Entra,Keita M.,,QXUOBVlg
Coppa Italia,1/16 FINALE,24.09.2025,Parma,Spezia,2 Tempo,73',Casa,Sostituzione - Esce,Benedyczak A.,,QXUOBVlg
Coppa Italia,1/16 FINALE,24.09.2025,Parma,Spezia,2 Tempo,73',Casa,Sostituzione - Entra,Cutrone P.,,QXUOBVlg
Coppa Italia,1/16 FINALE,24.09.2025,Parma,Spezia,2 Tempo,76',Casa,Cartellino Rosso,Plicco E.,,QXUOBVlg
Coppa Italia,1/16 FINALE,24.09.2025,Parma,Spezia,2 Tempo,80',Ospite,Sostituzione - Esce,Onofri M.,,QXUOBVlg
Coppa Italia,1/16 FINALE,24.09.2025,Parma,Spezia,2 Tempo,80',Ospite,Sostituzione - Entra,Soleri E.,,QXUOBVlg
Coppa Italia,1/16 FINALE,24.09.2025,Parma,Spezia,2 Tempo,80',Casa,Sostituzione - Esce,Pellegrino M.,,QXUOBVlg
Coppa Italia,1/16 FINALE,24.09.2025,Parma,Spezia,2 Tempo,80',Casa,Sostituzione - Entra,Bernabe A.,,QXUOBVlg
Coppa Italia,1/16 FINALE,24.09.2025,Parma,Spezia,2 Tempo,82',Ospite,Gol,Lapadula G.,2-2,QXUOBVlg
Coppa Italia,1/16 FINALE,24.09.2025,Parma,Spezia,2 Tempo,82',Ospite,Assist,Comotto C.,2-2,QXUOBVlg
Coppa Italia,1/16 FINALE,24.09.2025,Parma,Spezia,Rigori,1,Ospite,Rigore Assegnato,Soleri E.,,QXUOBVlg
Coppa Italia,1/16 FINALE,24.09.2025,Parma,Spezia,Rigori,1,Ospite,Rigore sbagliato,Soleri E.,,QXUOBVlg
Coppa Italia,1/16 FINALE,24.09.2025,Parma,Spezia,Rigori,1,Casa,Rigore Assegnato,Cutrone P.,,QXUOBVlg
Coppa Italia,1/16 FINALE,24.09.2025,Parma,Spezia,Rigori,1,Casa,Rigore,Cutrone P.,,QXUOBVlg
Coppa Italia,1/16 FINALE,24.09.2025,Parma,Spezia,Rigori,2,Ospite,Rigore Assegnato,Kouda R.,,QXUOBVlg
Coppa Italia,1/16 FINALE,24.09.2025,Parma,Spezia,Rigori,2,Ospite,Rigore,Kouda R.,,QXUOBVlg
Coppa Italia,1/16 FINALE,24.09.2025,Parma,Spezia,Rigori,2,Casa,Rigore Assegnato,Ndiaye A.,,QXUOBVlg
Coppa Italia,1/16 FINALE,24.09.2025,Parma,Spezia,Rigori,2,Casa,Rigore,Ndiaye A.,,QXUOBVlg
Coppa Italia,1/16 FINALE,24.09.2025,Parma,Spezia,Rigori,3,Ospite,Rigore Assegnato,Vlahovic V.,,QXUOBVlg
Coppa Italia,1/16 FINALE,24.09.2025,Parma,Spezia,Rigori,3,Ospite,Rigore,Vlahovic V.,,QXUOBVlg
Coppa Italia,1/16 FINALE,24.09.2025,Parma,Spezia,Rigori,3,Casa,Rigore Assegnato,Bernabe A.,,QXUOBVlg
Coppa Italia,1/16 FINALE,24.09.2025,Parma,Spezia,Rigori,3,Casa,Rigore,Bernabe A.,,QXUOBVlg
Coppa Italia,1/16 FINALE,24.09.2025,Parma,Spezia,Rigori,4,Ospite,Rigore Assegnato,Lapadula G.,,QXUOBVlg
Coppa Italia,1/16 FINALE,24.09.2025,Parma,Spezia,Rigori,4,Ospite,Rigore sbagliato,Lapadula G.,,QXUOBVlg
Coppa Italia,1/16 FINALE,24.09.2025,Parma,Spezia,Rigori,4,Casa,Rigore Assegnato,Circati A.,,QXUOBVlg
Coppa Italia,1/16 FINALE,24.09.2025,Parma,Spezia,Rigori,4,Casa,Rigore sbagliato,Circati A.,,QXUOBVlg
Coppa Italia,1/16 FINALE,24.09.2025,Parma,Spezia,Rigori,5,Ospite,Rigore Assegnato,Fellipe Jack,,QXUOBVlg
Coppa Italia,1/16 FINALE,24.09.2025,Parma,Spezia,Rigori,5,Ospite,Rigore,Fellipe Jack,,QXUOBVlg
Coppa Italia,1/16 FINALE,24.09.2025,Parma,Spezia,Rigori,5,Casa,Rigore Assegnato,Ordonez C.,,QXUOBVlg
Coppa Italia,1/16 FINALE,24.09.2025,Parma,Spezia,Rigori,5,Casa,Rigore,Ordonez C.,,QXUOBVlg
Coppa Italia,1/16 FINALE,23.09.2025,Milan,Lecce,1 Tempo,18',Ospite,Cartellino Rosso,Siebert J.,,fV3kxprh
Coppa Italia,1/16 FINALE,23.09.2025,Milan,Lecce,1 Tempo,20',Casa,Gol,Gimenez S.,1-0,fV3kxprh
Coppa Italia,1/16 FINALE,23.09.2025,Milan,Lecce,1 Tempo,20',Casa,Assist,Bartesaghi D.,1-0,fV3kxprh
Coppa Italia,1/16 FINALE,23.09.2025,Milan,Lecce,1 Tempo,22',Ospite,Sostituzione - Esce,Ndri K.,,fV3kxprh
Coppa Italia,1/16 FINALE,23.09.2025,Milan,Lecce,1 Tempo,22',Ospite,Sostituzione - Entra,Gaspar K.,,fV3kxprh
Coppa Italia,1/16 FINALE,23.09.2025,Milan,Lecce,1 Tempo,35',Casa,Cartellino Giallo,Ricci S.,,fV3kxprh
Coppa Italia,1/16 FINALE,23.09.2025,Milan,Lecce,1 Tempo,43',Ospite,Cartellino Giallo,Kaba M.,,fV3kxprh
Coppa Italia,1/16 FINALE,23.09.2025,Milan,Lecce,2 Tempo,46',Ospite,Sostituzione - Esce,Kaba M.,,fV3kxprh
Coppa Italia,1/16 FINALE,23.09.2025,Milan,Lecce,2 Tempo,46',Ospite,Sostituzione - Entra,Pierotti S.,,fV3kxprh
Coppa Italia,1/16 FINALE,23.09.2025,Milan,Lecce,2 Tempo,46',Ospite,Sostituzione - Esce,Helgason T. J.,,fV3kxprh
Coppa Italia,1/16 FINALE,23.09.2025,Milan,Lecce,2 Tempo,46',Ospite,Sostituzione - Entra,Gorter O.,,fV3kxprh
Coppa Italia,1/16 FINALE,23.09.2025,Milan,Lecce,2 Tempo,46',Casa,Sostituzione - Esce,Ricci S.,,fV3kxprh
Coppa Italia,1/16 FINALE,23.09.2025,Milan,Lecce,2 Tempo,46',Casa,Sostituzione - Entra,Fofana Y.,,fV3kxprh
Coppa Italia,1/16 FINALE,23.09.2025,Milan,Lecce,2 Tempo,51',Casa,Gol,Nkunku C.,2-0,fV3kxprh
Coppa Italia,1/16 FINALE,23.09.2025,Milan,Lecce,2 Tempo,51',Casa,Assist,Saelemaekers A.,2-0,fV3kxprh
Coppa Italia,1/16 FINALE,23.09.2025,Milan,Lecce,2 Tempo,57',Ospite,Sostituzione - Esce,Tete Morente,,fV3kxprh
Coppa Italia,1/16 FINALE,23.09.2025,Milan,Lecce,2 Tempo,57',Ospite,Sostituzione - Entra,Gallo A.,,fV3kxprh
Coppa Italia,1/16 FINALE,23.09.2025,Milan,Lecce,2 Tempo,61',Casa,Sostituzione - Esce,Saelemaekers A.,,fV3kxprh
Coppa Italia,1/16 FINALE,23.09.2025,Milan,Lecce,2 Tempo,61',Casa,Sostituzione - Entra,Athekame Z.,,fV3kxprh
Coppa Italia,1/16 FINALE,23.09.2025,Milan,Lecce,2 Tempo,61',Casa,Sostituzione - Esce,Nkunku C.,,fV3kxprh
Coppa Italia,1/16 FINALE,23.09.2025,Milan,Lecce,2 Tempo,61',Casa,Sostituzione - Entra,Pulisic C.,,fV3kxprh
Coppa Italia,1/16 FINALE,23.09.2025,Milan,Lecce,2 Tempo,64',Casa,Gol,Pulisic C.,3-0,fV3kxprh
Coppa Italia,1/16 FINALE,23.09.2025,Milan,Lecce,2 Tempo,64',Casa,Assist,Fofana Y.,3-0,fV3kxprh
Coppa Italia,1/16 FINALE,23.09.2025,Milan,Lecce,2 Tempo,68',Casa,Sostituzione - Esce,Gimenez S.,,fV3kxprh
Coppa Italia,1/16 FINALE,23.09.2025,Milan,Lecce,2 Tempo,68',Casa,Sostituzione - Entra,Balentien C.,,fV3kxprh
Coppa Italia,1/16 FINALE,23.09.2025,Milan,Lecce,2 Tempo,70',Casa,Cartellino Giallo,Pavlovic S.,,fV3kxprh
Coppa Italia,1/16 FINALE,23.09.2025,Milan,Lecce,2 Tempo,79',Casa,Sostituzione - Esce,Pavlovic S.,,fV3kxprh
Coppa Italia,1/16 FINALE,23.09.2025,Milan,Lecce,2 Tempo,79',Casa,Sostituzione - Entra,Odogu D.,,fV3kxprh
Coppa Italia,1/16 FINALE,23.09.2025,Milan,Lecce,2 Tempo,80',Ospite,Sostituzione - Esce,Berisha M.,,fV3kxprh
Coppa Italia,1/16 FINALE,23.09.2025,Milan,Lecce,2 Tempo,80',Ospite,Sostituzione - Entra,Coulibaly L.,,fV3kxprh
Coppa Italia,1/16 FINALE,23.09.2025,Udinese,Palermo,1 Tempo,37',Casa,Cartellino Giallo,Kabasele C.,,EuYVB1Pb
Coppa Italia,1/16 FINALE,23.09.2025,Udinese,Palermo,1 Tempo,41',Casa,Gol,Zaniolo N.,1-0,EuYVB1Pb
Coppa Italia,1/16 FINALE,23.09.2025,Udinese,Palermo,1 Tempo,41',Casa,Assist,Zanoli A.,1-0,EuYVB1Pb
Coppa Italia,1/16 FINALE,23.09.2025,Udinese,Palermo,1 Tempo,45',Casa,Gol,Miller L.,2-0,EuYVB1Pb
Coppa Italia,1/16 FINALE,23.09.2025,Udinese,Palermo,2 Tempo,46',Ospite,Sostituzione - Esce,Gyasi E.,,EuYVB1Pb
Coppa Italia,1/16 FINALE,23.09.2025,Udinese,Palermo,2 Tempo,46',Ospite,Sostituzione - Entra,Ranocchia F.,,EuYVB1Pb
Coppa Italia,1/16 FINALE,23.09.2025,Udinese,Palermo,2 Tempo,46',Ospite,Sostituzione - Esce,Pierozzi N.,,EuYVB1Pb
Coppa Italia,1/16 FINALE,23.09.2025,Udinese,Palermo,2 Tempo,46',Ospite,Sostituzione - Entra,Augello T.,,EuYVB1Pb
Coppa Italia,1/16 FINALE,23.09.2025,Udinese,Palermo,2 Tempo,46',Ospite,Sostituzione - Esce,Le Douaron J.,,EuYVB1Pb
Coppa Italia,1/16 FINALE,23.09.2025,Udinese,Palermo,2 Tempo,46',Ospite,Sostituzione - Entra,Palumbo A.,,EuYVB1Pb
Coppa Italia,1/16 FINALE,23.09.2025,Udinese,Palermo,2 Tempo,59',Ospite,Sostituzione - Esce,Giovane S.,,EuYVB1Pb
Coppa Italia,1/16 FINALE,23.09.2025,Udinese,Palermo,2 Tempo,59',Ospite,Sostituzione - Entra,Brunori M.,,EuYVB1Pb
Coppa Italia,1/16 FINALE,23.09.2025,Udinese,Palermo,2 Tempo,65',Casa,Sostituzione - Esce,Buksa A.,,EuYVB1Pb
Coppa Italia,1/16 FINALE,23.09.2025,Udinese,Palermo,2 Tempo,65',Casa,Sostituzione - Entra,Davis K.,,EuYVB1Pb
Coppa Italia,1/16 FINALE,23.09.2025,Udinese,Palermo,2 Tempo,65',Casa,Sostituzione - Esce,Kabasele C.,,EuYVB1Pb
Coppa Italia,1/16 FINALE,23.09.2025,Udinese,Palermo,2 Tempo,65',Casa,Sostituzione - Entra,Kristensen T.,,EuYVB1Pb
Coppa Italia,1/16 FINALE,23.09.2025,Udinese,Palermo,2 Tempo,65',Ospite,Sostituzione - Esce,Ranocchia F.,,EuYVB1Pb
Coppa Italia,1/16 FINALE,23.09.2025,Udinese,Palermo,2 Tempo,65',Ospite,Sostituzione - Entra,Segre J.,,EuYVB1Pb
Coppa Italia,1/16 FINALE,23.09.2025,Udinese,Palermo,2 Tempo,70',Casa,Sostituzione - Esce,Miller L.,,EuYVB1Pb
Coppa Italia,1/16 FINALE,23.09.2025,Udinese,Palermo,2 Tempo,70',Casa,Sostituzione - Entra,Ekkelenkamp J.,,EuYVB1Pb
Coppa Italia,1/16 FINALE,23.09.2025,Udinese,Palermo,2 Tempo,70',Casa,Sostituzione - Esce,Zaniolo N.,,EuYVB1Pb
Coppa Italia,1/16 FINALE,23.09.2025,Udinese,Palermo,2 Tempo,70',Casa,Sostituzione - Entra,Gueye I.,,EuYVB1Pb
Coppa Italia,1/16 FINALE,23.09.2025,Udinese,Palermo,2 Tempo,81',Casa,Sostituzione - Esce,Karlstrom J.,,EuYVB1Pb
Coppa Italia,1/16 FINALE,23.09.2025,Udinese,Palermo,2 Tempo,81',Casa,Sostituzione - Entra,Lovric S.,,EuYVB1Pb
Coppa Italia,1/16 FINALE,23.09.2025,Udinese,Palermo,2 Tempo,90+3',Ospite,Gol,Peda P.,2-1,EuYVB1Pb
Coppa Italia,1/16 FINALE,23.09.2025,Udinese,Palermo,2 Tempo,90+3',Ospite,Assist,Augello T.,2-1,EuYVB1Pb
Coppa Italia,1/16 FINALE,23.09.2025,Cagliari,Frosinone,1 Tempo,1',Ospite,Cartellino Giallo,Cittadini G.,,Ays5Z1Hl
Coppa Italia,1/16 FINALE,23.09.2025,Cagliari,Frosinone,1 Tempo,2',Casa,Rigore Assegnato,Gaetano G.,1-0,Ays5Z1Hl
Coppa Italia,1/16 FINALE,23.09.2025,Cagliari,Frosinone,1 Tempo,2',Casa,Rigore,Gaetano G.,1-0,Ays5Z1Hl
Coppa Italia,1/16 FINALE,23.09.2025,Cagliari,Frosinone,1 Tempo,36',Ospite,Gol,Vergani E.,1-1,Ays5Z1Hl
Coppa Italia,1/16 FINALE,23.09.2025,Cagliari,Frosinone,1 Tempo,36',Ospite,Assist,Gelli J.,1-1,Ays5Z1Hl
Coppa Italia,1/16 FINALE,23.09.2025,Cagliari,Frosinone,1 Tempo,45',Casa,Sostituzione - Esce,Zappa G.,,Ays5Z1Hl
Coppa Italia,1/16 FINALE,23.09.2025,Cagliari,Frosinone,1 Tempo,45',Casa,Sostituzione - Entra,Di Pardo A.,,Ays5Z1Hl
Coppa Italia,1/16 FINALE,23.09.2025,Cagliari,Frosinone,2 Tempo,46',Casa,Sostituzione - Esce,Kilicsoy S.,,Ays5Z1Hl
Coppa Italia,1/16 FINALE,23.09.2025,Cagliari,Frosinone,2 Tempo,46',Casa,Sostituzione - Entra,Felici M.,,Ays5Z1Hl
Coppa Italia,1/16 FINALE,23.09.2025,Cagliari,Frosinone,2 Tempo,46',Casa,Sostituzione - Esce,Rog M.,,Ays5Z1Hl
Coppa Italia,1/16 FINALE,23.09.2025,Cagliari,Frosinone,2 Tempo,46',Casa,Sostituzione - Entra,Deiola A.,,Ays5Z1Hl
Coppa Italia,1/16 FINALE,23.09.2025,Cagliari,Frosinone,2 Tempo,59',Ospite,Sostituzione - Esce,Cichella M.,,Ays5Z1Hl
Coppa Italia,1/16 FINALE,23.09.2025,Cagliari,Frosinone,2 Tempo,59',Ospite,Sostituzione - Entra,Koutsoupias I.,,Ays5Z1Hl
Coppa Italia,1/16 FINALE,23.09.2025,Cagliari,Frosinone,2 Tempo,60',Ospite,Sostituzione - Esce,Oyono J.,,Ays5Z1Hl
Coppa Italia,1/16 FINALE,23.09.2025,Cagliari,Frosinone,2 Tempo,60',Ospite,Sostituzione - Entra,Calvani G.,,Ays5Z1Hl
Coppa Italia,1/16 FINALE,23.09.2025,Cagliari,Frosinone,2 Tempo,62',Ospite,Cartellino Giallo,Grosso F.,,Ays5Z1Hl
Coppa Italia,1/16 FINALE,23.09.2025,Cagliari,Frosinone,2 Tempo,66',Ospite,Sostituzione - Esce,Grosso F.,,Ays5Z1Hl
Coppa Italia,1/16 FINALE,23.09.2025,Cagliari,Frosinone,2 Tempo,66',Ospite,Sostituzione - Entra,Calo G.,,Ays5Z1Hl
Coppa Italia,1/16 FINALE,23.09.2025,Cagliari,Frosinone,2 Tempo,66',Ospite,Sostituzione - Esce,Ndow A.,,Ays5Z1Hl
Coppa Italia,1/16 FINALE,23.09.2025,Cagliari,Frosinone,2 Tempo,66',Ospite,Sostituzione - Entra,Raychev A.,,Ays5Z1Hl
Coppa Italia,1/16 FINALE,23.09.2025,Cagliari,Frosinone,2 Tempo,67',Casa,Gol,Borrelli G.,2-1,Ays5Z1Hl
Coppa Italia,1/16 FINALE,23.09.2025,Cagliari,Frosinone,2 Tempo,67',Casa,Assist,Felici M.,2-1,Ays5Z1Hl
Coppa Italia,1/16 FINALE,23.09.2025,Cagliari,Frosinone,2 Tempo,68',Casa,Sostituzione - Esce,Mazzitelli L.,,Ays5Z1Hl
Coppa Italia,1/16 FINALE,23.09.2025,Cagliari,Frosinone,2 Tempo,68',Casa,Sostituzione - Entra,Adopo M.,,Ays5Z1Hl
Coppa Italia,1/16 FINALE,23.09.2025,Cagliari,Frosinone,2 Tempo,77',Casa,Sostituzione - Esce,Gaetano G.,,Ays5Z1Hl
Coppa Italia,1/16 FINALE,23.09.2025,Cagliari,Frosinone,2 Tempo,77',Casa,Sostituzione - Entra,Esposito Se.,,Ays5Z1Hl
Coppa Italia,1/16 FINALE,23.09.2025,Cagliari,Frosinone,2 Tempo,80',Casa,Gol,Felici M.,3-1,Ays5Z1Hl
Coppa Italia,1/16 FINALE,23.09.2025,Cagliari,Frosinone,2 Tempo,80',Casa,Assist,Idrissi R.,3-1,Ays5Z1Hl
Coppa Italia,1/16 FINALE,23.09.2025,Cagliari,Frosinone,2 Tempo,81',Ospite,Sostituzione - Esce,Bracaglia G.,,Ays5Z1Hl
Coppa Italia,1/16 FINALE,23.09.2025,Cagliari,Frosinone,2 Tempo,81',Ospite,Sostituzione - Entra,Dixon D.,,Ays5Z1Hl
Coppa Italia,1/16 FINALE,23.09.2025,Cagliari,Frosinone,2 Tempo,85',Casa,Gol,Cavuoti N.,4-1,Ays5Z1Hl
Coppa Italia,1/16 FINALE,23.09.2025,Cagliari,Frosinone,2 Tempo,85',Casa,Assist,Esposito Se.,4-1,Ays5Z1Hl
Coppa Italia,1/32 FINALE,18.08.2025,Torino,Modena,2 Tempo,46',Casa,Sostituzione - Esce,Aboukhlal Z.,,drE6wrOE
Coppa Italia,1/32 FINALE,18.08.2025,Torino,Modena,2 Tempo,46',Casa,Sostituzione - Entra,Ilkhan E.,,drE6wrOE
Coppa Italia,1/32 FINALE,18.08.2025,Torino,Modena,2 Tempo,52',Casa,Gol,Vlasic N.,1-0,drE6wrOE
Coppa Italia,1/32 FINALE,18.08.2025,Torino,Modena,2 Tempo,59',Casa,Cartellino Giallo,Ilkhan E.,,drE6wrOE
Coppa Italia,1/32 FINALE,18.08.2025,Torino,Modena,2 Tempo,60',Casa,Sostituzione - Esce,Adams C.,,drE6wrOE
Coppa Italia,1/32 FINALE,18.08.2025,Torino,Modena,2 Tempo,60',Casa,Sostituzione - Entra,Simeone G.,,drE6wrOE
Coppa Italia,1/32 FINALE,18.08.2025,Torino,Modena,2 Tempo,60',Casa,Sostituzione - Esce,Pedersen M.,,drE6wrOE
Coppa Italia,1/32 FINALE,18.08.2025,Torino,Modena,2 Tempo,60',Casa,Sostituzione - Entra,Lazaro V.,,drE6wrOE
Coppa Italia,1/32 FINALE,18.08.2025,Torino,Modena,2 Tempo,66',Ospite,Sostituzione - Esce,Pyyhtia N.,,drE6wrOE
Coppa Italia,1/32 FINALE,18.08.2025,Torino,Modena,2 Tempo,66',Ospite,Sostituzione - Entra,Magnino L.,,drE6wrOE
Coppa Italia,1/32 FINALE,18.08.2025,Torino,Modena,2 Tempo,67',Ospite,Sostituzione - Esce,Gliozzi E.,,drE6wrOE
Coppa Italia,1/32 FINALE,18.08.2025,Torino,Modena,2 Tempo,67',Ospite,Sostituzione - Entra,Mendes P.,,drE6wrOE
Coppa Italia,1/32 FINALE,18.08.2025,Torino,Modena,2 Tempo,67',Ospite,Sostituzione - Esce,Defrel G.,,drE6wrOE
Coppa Italia,1/32 FINALE,18.08.2025,Torino,Modena,2 Tempo,67',Ospite,Sostituzione - Entra,Di Mariano F.,,drE6wrOE
Coppa Italia,1/32 FINALE,18.08.2025,Torino,Modena,2 Tempo,70',Casa,Cartellino Giallo,Ngonge C.,,drE6wrOE
Coppa Italia,1/32 FINALE,18.08.2025,Torino,Modena,2 Tempo,74',Ospite,Sostituzione - Esce,Zampano F.,,drE6wrOE
Coppa Italia,1/32 FINALE,18.08.2025,Torino,Modena,2 Tempo,74',Ospite,Sostituzione - Entra,Zanimacchia L.,,drE6wrOE
Coppa Italia,1/32 FINALE,18.08.2025,Torino,Modena,2 Tempo,79',Ospite,Sostituzione - Esce,Gerli F.,,drE6wrOE
Coppa Italia,1/32 FINALE,18.08.2025,Torino,Modena,2 Tempo,79',Ospite,Sostituzione - Entra,Massolin Y.,,drE6wrOE
Coppa Italia,1/32 FINALE,18.08.2025,Torino,Modena,2 Tempo,79',Casa,Sostituzione - Esce,Gineitis G.,,drE6wrOE
Coppa Italia,1/32 FINALE,18.08.2025,Torino,Modena,2 Tempo,79',Casa,Sostituzione - Entra,Anjorin F.,,drE6wrOE
Coppa Italia,1/32 FINALE,18.08.2025,Torino,Modena,2 Tempo,81',Casa,Cartellino Giallo,Anjorin F.,,drE6wrOE
Coppa Italia,1/32 FINALE,18.08.2025,Torino,Modena,2 Tempo,88',Casa,Sostituzione - Esce,Ngonge C.,,drE6wrOE
Coppa Italia,1/32 FINALE,18.08.2025,Torino,Modena,2 Tempo,88',Casa,Sostituzione - Entra,Zapata D.,,drE6wrOE
Coppa Italia,1/32 FINALE,18.08.2025,Udinese,Carrarese,1 Tempo,16',Ospite,Cartellino Giallo,Bozhanaj K.,,MPaOQ4v9
Coppa Italia,1/32 FINALE,18.08.2025,Udinese,Carrarese,1 Tempo,43',Casa,Gol,Atta A.,1-0,MPaOQ4v9
Coppa Italia,1/32 FINALE,18.08.2025,Udinese,Carrarese,2 Tempo,59',Casa,Gol,Bravo I.,2-0,MPaOQ4v9
Coppa Italia,1/32 FINALE,18.08.2025,Udinese,Carrarese,2 Tempo,61',Casa,Cartellino Giallo,Zemura J.,,MPaOQ4v9
Coppa Italia,1/32 FINALE,18.08.2025,Udinese,Carrarese,2 Tempo,61',Ospite,Sostituzione - Esce,Bozhanaj K.,,MPaOQ4v9
Coppa Italia,1/32 FINALE,18.08.2025,Udinese,Carrarese,2 Tempo,61',Ospite,Sostituzione - Entra,Di Stefano F.,,MPaOQ4v9
Coppa Italia,1/32 FINALE,18.08.2025,Udinese,Carrarese,2 Tempo,61',Ospite,Sostituzione - Esce,Schiavi N.,,MPaOQ4v9
Coppa Italia,1/32 FINALE,18.08.2025,Udinese,Carrarese,2 Tempo,61',Ospite,Sostituzione - Entra,Parlanti G.,,MPaOQ4v9
Coppa Italia,1/32 FINALE,18.08.2025,Udinese,Carrarese,2 Tempo,61',Ospite,Sostituzione - Esce,Belloni N.,,MPaOQ4v9
Coppa Italia,1/32 FINALE,18.08.2025,Udinese,Carrarese,2 Tempo,61',Ospite,Sostituzione - Entra,Bouah D.,,MPaOQ4v9
Coppa Italia,1/32 FINALE,18.08.2025,Udinese,Carrarese,2 Tempo,65',Casa,Sostituzione - Esce,Davis K.,,MPaOQ4v9
Coppa Italia,1/32 FINALE,18.08.2025,Udinese,Carrarese,2 Tempo,65',Casa,Sostituzione - Entra,Bayo V.,,MPaOQ4v9
Coppa Italia,1/32 FINALE,18.08.2025,Udinese,Carrarese,2 Tempo,65',Casa,Sostituzione - Esce,Lovric S.,,MPaOQ4v9
Coppa Italia,1/32 FINALE,18.08.2025,Udinese,Carrarese,2 Tempo,65',Casa,Sostituzione - Entra,Piotrowski J.,,MPaOQ4v9
Coppa Italia,1/32 FINALE,18.08.2025,Udinese,Carrarese,2 Tempo,70',Ospite,Sostituzione - Esce,Abiuso F.,,MPaOQ4v9
Coppa Italia,1/32 FINALE,18.08.2025,Udinese,Carrarese,2 Tempo,70',Ospite,Sostituzione - Entra,Melegoni F.,,MPaOQ4v9
Coppa Italia,1/32 FINALE,18.08.2025,Udinese,Carrarese,2 Tempo,76',Casa,Sostituzione - Esce,Bravo I.,,MPaOQ4v9
Coppa Italia,1/32 FINALE,18.08.2025,Udinese,Carrarese,2 Tempo,76',Casa,Sostituzione - Entra,Pafundi S.,,MPaOQ4v9
Coppa Italia,1/32 FINALE,18.08.2025,Udinese,Carrarese,2 Tempo,76',Casa,Sostituzione - Esce,Palma M.,,MPaOQ4v9
Coppa Italia,1/32 FINALE,18.08.2025,Udinese,Carrarese,2 Tempo,76',Casa,Sostituzione - Entra,Goglichidze S.,,MPaOQ4v9
Coppa Italia,1/32 FINALE,18.08.2025,Udinese,Carrarese,2 Tempo,79',Ospite,Sostituzione - Esce,Calabrese N.,,MPaOQ4v9
Coppa Italia,1/32 FINALE,18.08.2025,Udinese,Carrarese,2 Tempo,79',Ospite,Sostituzione - Entra,Ruggeri F.,,MPaOQ4v9
Coppa Italia,1/32 FINALE,18.08.2025,Udinese,Carrarese,2 Tempo,87',Casa,Sostituzione - Esce,Atta A.,,MPaOQ4v9
Coppa Italia,1/32 FINALE,18.08.2025,Udinese,Carrarese,2 Tempo,87',Casa,Sostituzione - Entra,Zarraga O.,,MPaOQ4v9
Coppa Italia,1/32 FINALE,18.08.2025,Spezia,Sampdoria,1 Tempo,6',Ospite,Cartellino Giallo,Ferri J.,,Cfv3JMWr
Coppa Italia,1/32 FINALE,18.08.2025,Spezia,Sampdoria,1 Tempo,14',Ospite,Cartellino Giallo,Benedetti L.,,Cfv3JMWr
Coppa Italia,1/32 FINALE,18.08.2025,Spezia,Sampdoria,1 Tempo,34',Ospite,Gol,Henderson L.,0-1,Cfv3JMWr
Coppa Italia,1/32 FINALE,18.08.2025,Spezia,Sampdoria,1 Tempo,34',Ospite,Assist,Coda M.,0-1,Cfv3JMWr
Coppa Italia,1/32 FINALE,18.08.2025,Spezia,Sampdoria,1 Tempo,36',Casa,Gol,Artistico G.,1-1,Cfv3JMWr
Coppa Italia,1/32 FINALE,18.08.2025,Spezia,Sampdoria,1 Tempo,36',Casa,Assist,Candela A.,1-1,Cfv3JMWr
Coppa Italia,1/32 FINALE,18.08.2025,Spezia,Sampdoria,2 Tempo,46',Ospite,Sostituzione - Esce,Sekulov N.,,Cfv3JMWr
Coppa Italia,1/32 FINALE,18.08.2025,Spezia,Sampdoria,2 Tempo,46',Ospite,Sostituzione - Entra,Cuni M.,,Cfv3JMWr
Coppa Italia,1/32 FINALE,18.08.2025,Spezia,Sampdoria,2 Tempo,62',Casa,Sostituzione - Esce,Cistana A.,,Cfv3JMWr
Coppa Italia,1/32 FINALE,18.08.2025,Spezia,Sampdoria,2 Tempo,62',Casa,Sostituzione - Entra,Hristov P.,,Cfv3JMWr
Coppa Italia,1/32 FINALE,18.08.2025,Spezia,Sampdoria,2 Tempo,63',Casa,Sostituzione - Esce,Candelari P.,,Cfv3JMWr
Coppa Italia,1/32 FINALE,18.08.2025,Spezia,Sampdoria,2 Tempo,63',Casa,Sostituzione - Entra,Kouda R.,,Cfv3JMWr
Coppa Italia,1/32 FINALE,18.08.2025,Spezia,Sampdoria,2 Tempo,63',Ospite,Sostituzione - Esce,Benedetti L.,,Cfv3JMWr
Coppa Italia,1/32 FINALE,18.08.2025,Spezia,Sampdoria,2 Tempo,63',Ospite,Sostituzione - Entra,Pedrola E.,,Cfv3JMWr
Coppa Italia,1/32 FINALE,18.08.2025,Spezia,Sampdoria,2 Tempo,64',Ospite,Sostituzione - Esce,Ferri J.,,Cfv3JMWr
Coppa Italia,1/32 FINALE,18.08.2025,Spezia,Sampdoria,2 Tempo,64',Ospite,Sostituzione - Entra,Conti F.,,Cfv3JMWr
Coppa Italia,1/32 FINALE,18.08.2025,Spezia,Sampdoria,2 Tempo,77',Casa,Sostituzione - Esce,Artistico G.,,Cfv3JMWr
Coppa Italia,1/32 FINALE,18.08.2025,Spezia,Sampdoria,2 Tempo,77',Casa,Sostituzione - Entra,Soleri E.,,Cfv3JMWr
Coppa Italia,1/32 FINALE,18.08.2025,Spezia,Sampdoria,2 Tempo,78',Casa,Sostituzione - Esce,Di Serio G.,,Cfv3JMWr
Coppa Italia,1/32 FINALE,18.08.2025,Spezia,Sampdoria,2 Tempo,78',Casa,Sostituzione - Entra,Comotto C.,,Cfv3JMWr
Coppa Italia,1/32 FINALE,18.08.2025,Spezia,Sampdoria,2 Tempo,85',Ospite,Cartellino Giallo,Conti F.,,Cfv3JMWr
Coppa Italia,1/32 FINALE,18.08.2025,Spezia,Sampdoria,2 Tempo,86',Ospite,Sostituzione - Esce,Coda M.,,Cfv3JMWr
Coppa Italia,1/32 FINALE,18.08.2025,Spezia,Sampdoria,2 Tempo,86',Ospite,Sostituzione - Entra,Narro V.,,Cfv3JMWr
Coppa Italia,1/32 FINALE,18.08.2025,Spezia,Sampdoria,2 Tempo,86',Ospite,Sostituzione - Esce,Vulikic S.,,Cfv3JMWr
Coppa Italia,1/32 FINALE,18.08.2025,Spezia,Sampdoria,2 Tempo,86',Ospite,Sostituzione - Entra,Ioannou N.,,Cfv3JMWr
Coppa Italia,1/32 FINALE,18.08.2025,Spezia,Sampdoria,Rigori,1,Ospite,Rigore Assegnato,Henderson L.,,Cfv3JMWr
Coppa Italia,1/32 FINALE,18.08.2025,Spezia,Sampdoria,Rigori,1,Ospite,Rigore sbagliato,Henderson L.,,Cfv3JMWr
Coppa Italia,1/32 FINALE,18.08.2025,Spezia,Sampdoria,Rigori,1,Casa,Rigore Assegnato,Soleri E.,,Cfv3JMWr
Coppa Italia,1/32 FINALE,18.08.2025,Spezia,Sampdoria,Rigori,1,Casa,Rigore,Soleri E.,,Cfv3JMWr
Coppa Italia,1/32 FINALE,18.08.2025,Spezia,Sampdoria,Rigori,2,Ospite,Rigore Assegnato,Cuni M.,,Cfv3JMWr
Coppa Italia,1/32 FINALE,18.08.2025,Spezia,Sampdoria,Rigori,2,Ospite,Rigore,Cuni M.,,Cfv3JMWr
Coppa Italia,1/32 FINALE,18.08.2025,Spezia,Sampdoria,Rigori,2,Casa,Rigore Assegnato,Kouda R.,,Cfv3JMWr
Coppa Italia,1/32 FINALE,18.08.2025,Spezia,Sampdoria,Rigori,2,Casa,Rigore,Kouda R.,,Cfv3JMWr
Coppa Italia,1/32 FINALE,18.08.2025,Spezia,Sampdoria,Rigori,3,Ospite,Rigore Assegnato,Narro V.,,Cfv3JMWr
Coppa Italia,1/32 FINALE,18.08.2025,Spezia,Sampdoria,Rigori,3,Ospite,Rigore,Narro V.,,Cfv3JMWr
Coppa Italia,1/32 FINALE,18.08.2025,Spezia,Sampdoria,Rigori,3,Casa,Rigore Assegnato,Hristov P.,,Cfv3JMWr
Coppa Italia,1/32 FINALE,18.08.2025,Spezia,Sampdoria,Rigori,3,Casa,Rigore,Hristov P.,,Cfv3JMWr
Coppa Italia,1/32 FINALE,18.08.2025,Spezia,Sampdoria,Rigori,4,Ospite,Rigore Assegnato,Pedrola E.,,Cfv3JMWr
Coppa Italia,1/32 FINALE,18.08.2025,Spezia,Sampdoria,Rigori,4,Ospite,Rigore sbagliato,Pedrola E.,,Cfv3JMWr
Coppa Italia,1/32 FINALE,18.08.2025,Spezia,Sampdoria,Rigori,4,Casa,Rigore Assegnato,Esposito Sa.,,Cfv3JMWr
Coppa Italia,1/32 FINALE,18.08.2025,Spezia,Sampdoria,Rigori,4,Casa,Rigore,Esposito Sa.,,Cfv3JMWr
Coppa Italia,1/32 FINALE,18.08.2025,Audace Cerignola,Verona,1 Tempo,9',Ospite,Sostituzione - Esce,Valentini N.,,xp8sStuo
Coppa Italia,1/32 FINALE,18.08.2025,Audace Cerignola,Verona,1 Tempo,9',Ospite,Sostituzione - Entra,Bradaric D.,,xp8sStuo
Coppa Italia,1/32 FINALE,18.08.2025,Audace Cerignola,Verona,1 Tempo,43',Casa,Cartellino Giallo,Cuppone L.,,xp8sStuo
Coppa Italia,1/32 FINALE,18.08.2025,Audace Cerignola,Verona,2 Tempo,55',Ospite,Gol,Bradaric D.,0-1,xp8sStuo
Coppa Italia,1/32 FINALE,18.08.2025,Audace Cerignola,Verona,2 Tempo,55',Ospite,Assist,Niasse C.,0-1,xp8sStuo
Coppa Italia,1/32 FINALE,18.08.2025,Audace Cerignola,Verona,2 Tempo,62',Casa,Cartellino Giallo,Emmausso M.,,xp8sStuo
Coppa Italia,1/32 FINALE,18.08.2025,Audace Cerignola,Verona,2 Tempo,63',Ospite,Sostituzione - Esce,Niasse C.,,xp8sStuo
Coppa Italia,1/32 FINALE,18.08.2025,Audace Cerignola,Verona,2 Tempo,63',Ospite,Sostituzione - Entra,Livramento D.,,xp8sStuo
Coppa Italia,1/32 FINALE,18.08.2025,Audace Cerignola,Verona,2 Tempo,63',Ospite,Sostituzione - Esce,Mosquera D.,,xp8sStuo
Coppa Italia,1/32 FINALE,18.08.2025,Audace Cerignola,Verona,2 Tempo,63',Ospite,Sostituzione - Entra,Sarr A.,,xp8sStuo
Coppa Italia,1/32 FINALE,18.08.2025,Audace Cerignola,Verona,2 Tempo,67',Casa,Sostituzione - Esce,Emmausso M.,,xp8sStuo
Coppa Italia,1/32 FINALE,18.08.2025,Audace Cerignola,Verona,2 Tempo,67',Casa,Sostituzione - Entra,Faggioli A.,,xp8sStuo
Coppa Italia,1/32 FINALE,18.08.2025,Audace Cerignola,Verona,2 Tempo,67',Casa,Sostituzione - Esce,Coccia G.,,xp8sStuo
Coppa Italia,1/32 FINALE,18.08.2025,Audace Cerignola,Verona,2 Tempo,67',Casa,Sostituzione - Entra,Ruggiero Z.,,xp8sStuo
Coppa Italia,1/32 FINALE,18.08.2025,Audace Cerignola,Verona,2 Tempo,75',Ospite,Cartellino Giallo,Serdar S.,,xp8sStuo
Coppa Italia,1/32 FINALE,18.08.2025,Audace Cerignola,Verona,2 Tempo,78',Casa,Sostituzione - Esce,Moreso O.,,xp8sStuo
Coppa Italia,1/32 FINALE,18.08.2025,Audace Cerignola,Verona,2 Tempo,78',Casa,Sostituzione - Entra,Miguel Angel,,xp8sStuo
Coppa Italia,1/32 FINALE,18.08.2025,Audace Cerignola,Verona,2 Tempo,80',Casa,Cartellino Giallo,Miguel Angel,,xp8sStuo
Coppa Italia,1/32 FINALE,18.08.2025,Audace Cerignola,Verona,2 Tempo,80',Ospite,Sostituzione - Esce,Bernede A.,,xp8sStuo
Coppa Italia,1/32 FINALE,18.08.2025,Audace Cerignola,Verona,2 Tempo,80',Ospite,Sostituzione - Entra,Kastanos G.,,xp8sStuo
Coppa Italia,1/32 FINALE,18.08.2025,Audace Cerignola,Verona,2 Tempo,80',Ospite,Sostituzione - Esce,Giovane,,xp8sStuo
Coppa Italia,1/32 FINALE,18.08.2025,Audace Cerignola,Verona,2 Tempo,80',Ospite,Sostituzione - Entra,Santiago Perez J.,,xp8sStuo
Coppa Italia,1/32 FINALE,18.08.2025,Audace Cerignola,Verona,2 Tempo,84',Casa,Sostituzione - Esce,D'Orazio L.,,xp8sStuo
Coppa Italia,1/32 FINALE,18.08.2025,Audace Cerignola,Verona,2 Tempo,84',Casa,Sostituzione - Entra,Spaltro R.,,xp8sStuo
Coppa Italia,1/32 FINALE,18.08.2025,Audace Cerignola,Verona,2 Tempo,87',Ospite,Cartellino Giallo,Frese M.,,xp8sStuo
Coppa Italia,1/32 FINALE,18.08.2025,Audace Cerignola,Verona,2 Tempo,90+1',Casa,Gol,Miguel Angel,1-1,xp8sStuo
Coppa Italia,1/32 FINALE,18.08.2025,Audace Cerignola,Verona,2 Tempo,90+1',Casa,Assist,Ligi A.,1-1,xp8sStuo
Coppa Italia,1/32 FINALE,18.08.2025,Audace Cerignola,Verona,2 Tempo,90+7',Casa,Cartellino Giallo,Ruggiero Z.,,xp8sStuo
Coppa Italia,1/32 FINALE,18.08.2025,Audace Cerignola,Verona,Rigori,1,Ospite,Rigore Assegnato,Kastanos G.,,xp8sStuo
Coppa Italia,1/32 FINALE,18.08.2025,Audace Cerignola,Verona,Rigori,1,Ospite,Rigore,Kastanos G.,,xp8sStuo
Coppa Italia,1/32 FINALE,18.08.2025,Audace Cerignola,Verona,Rigori,1,Casa,Rigore Assegnato,Cretella C.,,xp8sStuo
Coppa Italia,1/32 FINALE,18.08.2025,Audace Cerignola,Verona,Rigori,1,Casa,Rigore,Cretella C.,,xp8sStuo
Coppa Italia,1/32 FINALE,18.08.2025,Audace Cerignola,Verona,Rigori,2,Ospite,Rigore Assegnato,Sarr A.,,xp8sStuo
Coppa Italia,1/32 FINALE,18.08.2025,Audace Cerignola,Verona,Rigori,2,Ospite,Rigore,Sarr A.,,xp8sStuo
Coppa Italia,1/32 FINALE,18.08.2025,Audace Cerignola,Verona,Rigori,2,Casa,Rigore Assegnato,Russo L.,,xp8sStuo
Coppa Italia,1/32 FINALE,18.08.2025,Audace Cerignola,Verona,Rigori,2,Casa,Rigore sbagliato,Russo L.,,xp8sStuo
Coppa Italia,1/32 FINALE,18.08.2025,Audace Cerignola,Verona,Rigori,3,Ospite,Rigore Assegnato,Livramento D.,,xp8sStuo
Coppa Italia,1/32 FINALE,18.08.2025,Audace Cerignola,Verona,Rigori,3,Ospite,Rigore,Livramento D.,,xp8sStuo
Coppa Italia,1/32 FINALE,18.08.2025,Audace Cerignola,Verona,Rigori,3,Casa,Rigore Assegnato,Faggioli A.,,xp8sStuo
Coppa Italia,1/32 FINALE,18.08.2025,Audace Cerignola,Verona,Rigori,3,Casa,Rigore sbagliato,Faggioli A.,,xp8sStuo
Coppa Italia,1/32 FINALE,18.08.2025,Audace Cerignola,Verona,Rigori,4,Ospite,Rigore Assegnato,Santiago Perez J.,,xp8sStuo
Coppa Italia,1/32 FINALE,18.08.2025,Audace Cerignola,Verona,Rigori,4,Ospite,Rigore sbagliato,Santiago Perez J.,,xp8sStuo
Coppa Italia,1/32 FINALE,18.08.2025,Audace Cerignola,Verona,Rigori,4,Casa,Rigore Assegnato,Miguel Angel,,xp8sStuo
Coppa Italia,1/32 FINALE,18.08.2025,Audace Cerignola,Verona,Rigori,4,Casa,Rigore,Miguel Angel,,xp8sStuo
Coppa Italia,1/32 FINALE,18.08.2025,Audace Cerignola,Verona,Rigori,5,Ospite,Rigore Assegnato,Serdar S.,,xp8sStuo
Coppa Italia,1/32 FINALE,18.08.2025,Audace Cerignola,Verona,Rigori,5,Ospite,Rigore,Serdar S.,,xp8sStuo
Coppa Italia,1/32 FINALE,17.08.2025,Milan,Bari,1 Tempo,14',Casa,Gol,Leao R.,1-0,dOsfHi7C
Coppa Italia,1/32 FINALE,17.08.2025,Milan,Bari,1 Tempo,14',Casa,Assist,Tomori F.,1-0,dOsfHi7C
Coppa Italia,1/32 FINALE,17.08.2025,Milan,Bari,1 Tempo,17',Casa,Sostituzione - Esce,Leao R.,,dOsfHi7C
Coppa Italia,1/32 FINALE,17.08.2025,Milan,Bari,1 Tempo,17',Casa,Sostituzione - Entra,Gimenez S.,,dOsfHi7C
Coppa Italia,1/32 FINALE,17.08.2025,Milan,Bari,1 Tempo,21',Casa,Cartellino Giallo,Estupinan P.,,dOsfHi7C
Coppa Italia,1/32 FINALE,17.08.2025,Milan,Bari,2 Tempo,48',Casa,Gol,Pulisic C.,2-0,dOsfHi7C
Coppa Italia,1/32 FINALE,17.08.2025,Milan,Bari,2 Tempo,48',Casa,Assist,Gimenez S.,2-0,dOsfHi7C
Coppa Italia,1/32 FINALE,17.08.2025,Milan,Bari,2 Tempo,52',Ospite,Sostituzione - Esce,Bellomo N.,,dOsfHi7C
Coppa Italia,1/32 FINALE,17.08.2025,Milan,Bari,2 Tempo,52',Ospite,Sostituzione - Entra,Verreth M.,,dOsfHi7C
Coppa Italia,1/32 FINALE,17.08.2025,Milan,Bari,2 Tempo,52',Ospite,Sostituzione - Esce,Pereiro G.,,dOsfHi7C
Coppa Italia,1/32 FINALE,17.08.2025,Milan,Bari,2 Tempo,52',Ospite,Sostituzione - Entra,Rao E.,,dOsfHi7C
Coppa Italia,1/32 FINALE,17.08.2025,Milan,Bari,2 Tempo,66',Casa,Sostituzione - Esce,Ricci S.,,dOsfHi7C
Coppa Italia,1/32 FINALE,17.08.2025,Milan,Bari,2 Tempo,66',Casa,Sostituzione - Entra,Modric L.,,dOsfHi7C
Coppa Italia,1/32 FINALE,17.08.2025,Milan,Bari,2 Tempo,66',Casa,Sostituzione - Esce,Pulisic C.,,dOsfHi7C
Coppa Italia,1/32 FINALE,17.08.2025,Milan,Bari,2 Tempo,66',Casa,Sostituzione - Entra,Musah Y.,,dOsfHi7C
Coppa Italia,1/32 FINALE,17.08.2025,Milan,Bari,2 Tempo,66',Casa,Sostituzione - Esce,Loftus-Cheek R.,,dOsfHi7C
Coppa Italia,1/32 FINALE,17.08.2025,Milan,Bari,2 Tempo,66',Casa,Sostituzione - Entra,Jashari A.,,dOsfHi7C
Coppa Italia,1/32 FINALE,17.08.2025,Milan,Bari,2 Tempo,67',Ospite,Sostituzione - Esce,Pagano R.,,dOsfHi7C
Coppa Italia,1/32 FINALE,17.08.2025,Milan,Bari,2 Tempo,67',Ospite,Sostituzione - Entra,Partipilo A.,,dOsfHi7C
Coppa Italia,1/32 FINALE,17.08.2025,Milan,Bari,2 Tempo,81',Casa,Sostituzione - Esce,Saelemaekers A.,,dOsfHi7C
Coppa Italia,1/32 FINALE,17.08.2025,Milan,Bari,2 Tempo,81',Casa,Sostituzione - Entra,Okafor N.,,dOsfHi7C
Coppa Italia,1/32 FINALE,17.08.2025,Milan,Bari,2 Tempo,81',Ospite,Sostituzione - Esce,Dorval M.,,dOsfHi7C
Coppa Italia,1/32 FINALE,17.08.2025,Milan,Bari,2 Tempo,81',Ospite,Sostituzione - Entra,Tripaldelli A.,,dOsfHi7C
Coppa Italia,1/32 FINALE,17.08.2025,Cesena,Pisa,1 Tempo,26',Casa,Cartellino Giallo,Zaro G.,,tnGCZYMt
Coppa Italia,1/32 FINALE,17.08.2025,Cesena,Pisa,1 Tempo,44',Ospite,Cartellino Giallo,Marin M.,,tnGCZYMt
Coppa Italia,1/32 FINALE,17.08.2025,Cesena,Pisa,2 Tempo,63',Ospite,Cartellino Giallo,Tramoni M.,,tnGCZYMt
Coppa Italia,1/32 FINALE,17.08.2025,Cesena,Pisa,2 Tempo,71',Casa,Sostituzione - Esce,Blesa J.,,tnGCZYMt
Coppa Italia,1/32 FINALE,17.08.2025,Cesena,Pisa,2 Tempo,71',Casa,Sostituzione - Entra,Balde S.,,tnGCZYMt
Coppa Italia,1/32 FINALE,17.08.2025,Cesena,Pisa,2 Tempo,71',Casa,Sostituzione - Esce,Bisoli D.,,tnGCZYMt
Coppa Italia,1/32 FINALE,17.08.2025,Cesena,Pisa,2 Tempo,71',Casa,Sostituzione - Entra,Francesconi M.,,tnGCZYMt
Coppa Italia,1/32 FINALE,17.08.2025,Cesena,Pisa,2 Tempo,72',Ospite,Sostituzione - Esce,Marin M.,,tnGCZYMt
Coppa Italia,1/32 FINALE,17.08.2025,Cesena,Pisa,2 Tempo,72',Ospite,Sostituzione - Entra,Akinsanmiro E.,,tnGCZYMt
Coppa Italia,1/32 FINALE,17.08.2025,Cesena,Pisa,2 Tempo,72',Ospite,Sostituzione - Esce,Tramoni M.,,tnGCZYMt
Coppa Italia,1/32 FINALE,17.08.2025,Cesena,Pisa,2 Tempo,72',Ospite,Sostituzione - Entra,Cuadrado J.,,tnGCZYMt
Coppa Italia,1/32 FINALE,17.08.2025,Cesena,Pisa,2 Tempo,72',Ospite,Sostituzione - Esce,Moreo S.,,tnGCZYMt
Coppa Italia,1/32 FINALE,17.08.2025,Cesena,Pisa,2 Tempo,72',Ospite,Sostituzione - Entra,Nzola M.,,tnGCZYMt
Coppa Italia,1/32 FINALE,17.08.2025,Cesena,Pisa,2 Tempo,79',Casa,Sostituzione - Esce,Mangraviti M.,,tnGCZYMt
Coppa Italia,1/32 FINALE,17.08.2025,Cesena,Pisa,2 Tempo,79',Casa,Sostituzione - Entra,Piacentini M.,,tnGCZYMt
Coppa Italia,1/32 FINALE,17.08.2025,Cesena,Pisa,2 Tempo,83',Casa,Sostituzione - Esce,Berti T.,,tnGCZYMt
Coppa Italia,1/32 FINALE,17.08.2025,Cesena,Pisa,2 Tempo,83',Casa,Sostituzione - Entra,Arrigoni T.,,tnGCZYMt
Coppa Italia,1/32 FINALE,17.08.2025,Cesena,Pisa,2 Tempo,83',Casa,Sostituzione - Esce,Ciervo R.,,tnGCZYMt
Coppa Italia,1/32 FINALE,17.08.2025,Cesena,Pisa,2 Tempo,83',Casa,Sostituzione - Entra,Adamo E.,,tnGCZYMt
Coppa Italia,1/32 FINALE,17.08.2025,Cesena,Pisa,2 Tempo,83',Ospite,Sostituzione - Esce,Aebischer M.,,tnGCZYMt
Coppa Italia,1/32 FINALE,17.08.2025,Cesena,Pisa,2 Tempo,83',Ospite,Sostituzione - Entra,Hojholt M.,,tnGCZYMt
Coppa Italia,1/32 FINALE,17.08.2025,Cesena,Pisa,2 Tempo,84',Ospite,Sostituzione - Esce,Angori S.,,tnGCZYMt
Coppa Italia,1/32 FINALE,17.08.2025,Cesena,Pisa,2 Tempo,84',Ospite,Sostituzione - Entra,Leris M.,,tnGCZYMt
Coppa Italia,1/32 FINALE,17.08.2025,Cesena,Pisa,2 Tempo,85',Ospite,Cartellino Giallo,Calabresi A.,,tnGCZYMt
Coppa Italia,1/32 FINALE,17.08.2025,Cesena,Pisa,2 Tempo,89',Ospite,Cartellino Giallo,Calabresi A.,,tnGCZYMt
Coppa Italia,1/32 FINALE,17.08.2025,Cesena,Pisa,2 Tempo,89',Ospite,Cartellino Rosso,Calabresi A.,,tnGCZYMt
Coppa Italia,1/32 FINALE,17.08.2025,Cesena,Pisa,2 Tempo,90+3',Casa,Cartellino Giallo,Francesconi M.,,tnGCZYMt
Coppa Italia,1/32 FINALE,17.08.2025,Cesena,Pisa,2 Tempo,90+5',Ospite,Cartellino Giallo,Nzola M.,,tnGCZYMt
Coppa Italia,1/32 FINALE,17.08.2025,Cesena,Pisa,Rigori,1,Casa,Rigore Assegnato,Balde S.,,tnGCZYMt
Coppa Italia,1/32 FINALE,17.08.2025,Cesena,Pisa,Rigori,1,Casa,Rigore sbagliato,Balde S.,,tnGCZYMt
Coppa Italia,1/32 FINALE,17.08.2025,Cesena,Pisa,Rigori,1,Ospite,Rigore Assegnato,Cuadrado J.,,tnGCZYMt
Coppa Italia,1/32 FINALE,17.08.2025,Cesena,Pisa,Rigori,1,Ospite,Rigore,Cuadrado J.,,tnGCZYMt
Coppa Italia,1/32 FINALE,17.08.2025,Cesena,Pisa,Rigori,2,Casa,Rigore Assegnato,Shpendi C.,,tnGCZYMt
Coppa Italia,1/32 FINALE,17.08.2025,Cesena,Pisa,Rigori,2,Casa,Rigore,Shpendi C.,,tnGCZYMt
Coppa Italia,1/32 FINALE,17.08.2025,Cesena,Pisa,Rigori,2,Ospite,Rigore Assegnato,Toure I.,,tnGCZYMt
Coppa Italia,1/32 FINALE,17.08.2025,Cesena,Pisa,Rigori,2,Ospite,Rigore sbagliato,Toure I.,,tnGCZYMt
Coppa Italia,1/32 FINALE,17.08.2025,Cesena,Pisa,Rigori,3,Casa,Rigore Assegnato,Adamo E.,,tnGCZYMt
Coppa Italia,1/32 FINALE,17.08.2025,Cesena,Pisa,Rigori,3,Casa,Rigore sbagliato,Adamo E.,,tnGCZYMt
Coppa Italia,1/32 FINALE,17.08.2025,Cesena,Pisa,Rigori,3,Ospite,Rigore Assegnato,Leris M.,,tnGCZYMt
Coppa Italia,1/32 FINALE,17.08.2025,Cesena,Pisa,Rigori,3,Ospite,Rigore sbagliato,Leris M.,,tnGCZYMt
Coppa Italia,1/32 FINALE,17.08.2025,Cesena,Pisa,Rigori,4,Casa,Rigore Assegnato,Arrigoni T.,,tnGCZYMt
Coppa Italia,1/32 FINALE,17.08.2025,Cesena,Pisa,Rigori,4,Casa,Rigore sbagliato,Arrigoni T.,,tnGCZYMt
Coppa Italia,1/32 FINALE,17.08.2025,Cesena,Pisa,Rigori,4,Ospite,Rigore Assegnato,Canestrelli S.,,tnGCZYMt
Coppa Italia,1/32 FINALE,17.08.2025,Cesena,Pisa,Rigori,4,Ospite,Rigore sbagliato,Canestrelli S.,,tnGCZYMt
Coppa Italia,1/32 FINALE,17.08.2025,Cesena,Pisa,Rigori,5,Casa,Rigore Assegnato,Bastoni S.,,tnGCZYMt
Coppa Italia,1/32 FINALE,17.08.2025,Cesena,Pisa,Rigori,5,Casa,Rigore sbagliato,Bastoni S.,,tnGCZYMt
Coppa Italia,1/32 FINALE,17.08.2025,Cesena,Pisa,Rigori,5,Ospite,Rigore Assegnato,Nzola M.,,tnGCZYMt
Coppa Italia,1/32 FINALE,17.08.2025,Cesena,Pisa,Rigori,5,Ospite,Rigore,Nzola M.,,tnGCZYMt
Coppa Italia,1/32 FINALE,17.08.2025,Parma,Pescara,1 Tempo,26',Casa,Cartellino Giallo,Keita M.,,61HBX2HN
Coppa Italia,1/32 FINALE,17.08.2025,Parma,Pescara,2 Tempo,47',Casa,Gol,Pellegrino M.,1-0,61HBX2HN
Coppa Italia,1/32 FINALE,17.08.2025,Parma,Pescara,2 Tempo,47',Casa,Assist,Valeri E.,1-0,61HBX2HN
Coppa Italia,1/32 FINALE,17.08.2025,Parma,Pescara,2 Tempo,57',Casa,Cartellino Giallo,Bernabe A.,,61HBX2HN
Coppa Italia,1/32 FINALE,17.08.2025,Parma,Pescara,2 Tempo,62',Casa,Sostituzione - Esce,Bernabe A.,,61HBX2HN
Coppa Italia,1/32 FINALE,17.08.2025,Parma,Pescara,2 Tempo,62',Casa,Sostituzione - Entra,Sorensen O.,,61HBX2HN
Coppa Italia,1/32 FINALE,17.08.2025,Parma,Pescara,2 Tempo,62',Casa,Sostituzione - Esce,Keita M.,,61HBX2HN
Coppa Italia,1/32 FINALE,17.08.2025,Parma,Pescara,2 Tempo,62',Casa,Sostituzione - Entra,Estevez N.,,61HBX2HN
Coppa Italia,1/32 FINALE,17.08.2025,Parma,Pescara,2 Tempo,63',Ospite,Sostituzione - Esce,Merola D.,,61HBX2HN
Coppa Italia,1/32 FINALE,17.08.2025,Parma,Pescara,2 Tempo,63',Ospite,Sostituzione - Entra,Squizzato N.,,61HBX2HN
Coppa Italia,1/32 FINALE,17.08.2025,Parma,Pescara,2 Tempo,65',Casa,Gol,Pellegrino M.,2-0,61HBX2HN
Coppa Italia,1/32 FINALE,17.08.2025,Parma,Pescara,2 Tempo,65',Casa,Assist,Valeri E.,2-0,61HBX2HN
Coppa Italia,1/32 FINALE,17.08.2025,Parma,Pescara,2 Tempo,79',Casa,Sostituzione - Esce,Almqvist P.,,61HBX2HN
Coppa Italia,1/32 FINALE,17.08.2025,Parma,Pescara,2 Tempo,79',Casa,Sostituzione - Entra,Frigan M.,,61HBX2HN
Coppa Italia,1/32 FINALE,17.08.2025,Parma,Pescara,2 Tempo,83',Ospite,Sostituzione - Esce,Cangiano G.,,61HBX2HN
Coppa Italia,1/32 FINALE,17.08.2025,Parma,Pescara,2 Tempo,83',Ospite,Sostituzione - Entra,Meazzi L.,,61HBX2HN
Coppa Italia,1/32 FINALE,17.08.2025,Parma,Pescara,2 Tempo,83',Ospite,Sostituzione - Esce,Graziani L.,,61HBX2HN
Coppa Italia,1/32 FINALE,17.08.2025,Parma,Pescara,2 Tempo,83',Ospite,Sostituzione - Entra,Berardi L.,,61HBX2HN
Coppa Italia,1/32 FINALE,17.08.2025,Parma,Pescara,2 Tempo,86',Ospite,Sostituzione - Esce,Sgarbi L.,,61HBX2HN
Coppa Italia,1/32 FINALE,17.08.2025,Parma,Pescara,2 Tempo,86',Ospite,Sostituzione - Entra,Tonin R.,,61HBX2HN
Coppa Italia,1/32 FINALE,17.08.2025,Parma,Pescara,2 Tempo,86',Ospite,Sostituzione - Esce,Letizia G.,,61HBX2HN
Coppa Italia,1/32 FINALE,17.08.2025,Parma,Pescara,2 Tempo,86',Ospite,Sostituzione - Entra,La Barba J.,,61HBX2HN
Coppa Italia,1/32 FINALE,17.08.2025,Parma,Pescara,2 Tempo,90',Casa,Sostituzione - Esce,Ordonez C.,,61HBX2HN
Coppa Italia,1/32 FINALE,17.08.2025,Parma,Pescara,2 Tempo,90',Casa,Sostituzione - Entra,Plicco E.,,61HBX2HN
Coppa Italia,1/32 FINALE,17.08.2025,Parma,Pescara,2 Tempo,90',Casa,Sostituzione - Esce,Pellegrino M.,,61HBX2HN
Coppa Italia,1/32 FINALE,17.08.2025,Parma,Pescara,2 Tempo,90',Casa,Sostituzione - Entra,Benedyczak A.,,61HBX2HN
Coppa Italia,1/32 FINALE,17.08.2025,Monza,Frosinone,1 Tempo,4',Casa,Cartellino Giallo,Izzo A.,,214LXCig
Coppa Italia,1/32 FINALE,17.08.2025,Monza,Frosinone,2 Tempo,46',Casa,Sostituzione - Esce,Caprari G.,,214LXCig
Coppa Italia,1/32 FINALE,17.08.2025,Monza,Frosinone,2 Tempo,46',Casa,Sostituzione - Entra,Galazzi N.,,214LXCig
Coppa Italia,1/32 FINALE,17.08.2025,Monza,Frosinone,2 Tempo,56',Casa,Sostituzione - Esce,Colombo L.,,214LXCig
Coppa Italia,1/32 FINALE,17.08.2025,Monza,Frosinone,2 Tempo,56',Casa,Sostituzione - Entra,Obiang P.,,214LXCig
Coppa Italia,1/32 FINALE,17.08.2025,Monza,Frosinone,2 Tempo,56',Casa,Sostituzione - Esce,Brorsson A.,,214LXCig
Coppa Italia,1/32 FINALE,17.08.2025,Monza,Frosinone,2 Tempo,56',Casa,Sostituzione - Entra,Azzi P.,,214LXCig
Coppa Italia,1/32 FINALE,17.08.2025,Monza,Frosinone,2 Tempo,59',Ospite,Sostituzione - Esce,Raimondo A.,,214LXCig
Coppa Italia,1/32 FINALE,17.08.2025,Monza,Frosinone,2 Tempo,59',Ospite,Sostituzione - Entra,Kvernadze G.,,214LXCig
Coppa Italia,1/32 FINALE,17.08.2025,Monza,Frosinone,2 Tempo,59',Ospite,Sostituzione - Esce,Barcella K.,,214LXCig
Coppa Italia,1/32 FINALE,17.08.2025,Monza,Frosinone,2 Tempo,59',Ospite,Sostituzione - Entra,Gelli F.,,214LXCig
Coppa Italia,1/32 FINALE,17.08.2025,Monza,Frosinone,2 Tempo,65',Casa,Sostituzione - Esce,Colpani A.,,214LXCig
Coppa Italia,1/32 FINALE,17.08.2025,Monza,Frosinone,2 Tempo,65',Casa,Sostituzione - Entra,Ganvoula S.,,214LXCig
Coppa Italia,1/32 FINALE,17.08.2025,Monza,Frosinone,2 Tempo,74',Ospite,Sostituzione - Esce,Masciangelo E.,,214LXCig
Coppa Italia,1/32 FINALE,17.08.2025,Monza,Frosinone,2 Tempo,74',Ospite,Sostituzione - Entra,Bracaglia G.,,214LXCig
Coppa Italia,1/32 FINALE,17.08.2025,Monza,Frosinone,2 Tempo,75',Ospite,Sostituzione - Esce,Ghedjemis F.,,214LXCig
Coppa Italia,1/32 FINALE,17.08.2025,Monza,Frosinone,2 Tempo,75',Ospite,Sostituzione - Entra,Zilli M.,,214LXCig
Coppa Italia,1/32 FINALE,17.08.2025,Monza,Frosinone,2 Tempo,83',Ospite,Sostituzione - Esce,Sherri A.,,214LXCig
Coppa Italia,1/32 FINALE,17.08.2025,Monza,Frosinone,2 Tempo,83',Ospite,Sostituzione - Entra,Palmisani L.,,214LXCig
Coppa Italia,1/32 FINALE,17.08.2025,Monza,Frosinone,2 Tempo,87',Ospite,Cartellino Giallo,Zilli M.,,214LXCig
Coppa Italia,1/32 FINALE,17.08.2025,Monza,Frosinone,2 Tempo,89',Casa,Sostituzione - Esce,Birindelli S.,,214LXCig
Coppa Italia,1/32 FINALE,17.08.2025,Monza,Frosinone,2 Tempo,89',Casa,Sostituzione - Entra,Ravanelli L.,,214LXCig
Coppa Italia,1/32 FINALE,17.08.2025,Monza,Frosinone,2 Tempo,90+2',Ospite,Gol,Kvernadze G.,0-1,214LXCig
Coppa Italia,1/32 FINALE,17.08.2025,Monza,Frosinone,2 Tempo,90+2',Ospite,Assist,Gelli F.,0-1,214LXCig
Coppa Italia,1/32 FINALE,17.08.2025,Monza,Frosinone,2 Tempo,90+10',Casa,Cartellino Rosso,Ganvoula S.,,214LXCig
Coppa Italia,1/32 FINALE,16.08.2025,Cremonese,Palermo,1 Tempo,43',Ospite,Sostituzione - Esce,Peda P.,,fJ7x31n2
Coppa Italia,1/32 FINALE,16.08.2025,Cremonese,Palermo,1 Tempo,43',Ospite,Sostituzione - Entra,Diakite S.,,fJ7x31n2
Coppa Italia,1/32 FINALE,16.08.2025,Cremonese,Palermo,2 Tempo,59',Casa,Sostituzione - Esce,Grassi A.,,fJ7x31n2
Coppa Italia,1/32 FINALE,16.08.2025,Cremonese,Palermo,2 Tempo,59',Casa,Sostituzione - Entra,Bondo W.,,fJ7x31n2
Coppa Italia,1/32 FINALE,16.08.2025,Cremonese,Palermo,2 Tempo,59',Casa,Sostituzione - Esce,De Luca M.,,fJ7x31n2
Coppa Italia,1/32 FINALE,16.08.2025,Cremonese,Palermo,2 Tempo,59',Casa,Sostituzione - Entra,Okereke D.,,fJ7x31n2
Coppa Italia,1/32 FINALE,16.08.2025,Cremonese,Palermo,2 Tempo,59',Casa,Sostituzione - Esce,Bonazzoli F.,,fJ7x31n2
Coppa Italia,1/32 FINALE,16.08.2025,Cremonese,Palermo,2 Tempo,59',Casa,Sostituzione - Entra,Vazquez F.,,fJ7x31n2
Coppa Italia,1/32 FINALE,16.08.2025,Cremonese,Palermo,2 Tempo,64',Ospite,Sostituzione - Esce,Pohjanpalo J.,,fJ7x31n2
Coppa Italia,1/32 FINALE,16.08.2025,Cremonese,Palermo,2 Tempo,64',Ospite,Sostituzione - Entra,Brunori M.,,fJ7x31n2
Coppa Italia,1/32 FINALE,16.08.2025,Cremonese,Palermo,2 Tempo,64',Ospite,Sostituzione - Esce,Gyasi E.,,fJ7x31n2
Coppa Italia,1/32 FINALE,16.08.2025,Cremonese,Palermo,2 Tempo,64',Ospite,Sostituzione - Entra,Palumbo A.,,fJ7x31n2
Coppa Italia,1/32 FINALE,16.08.2025,Cremonese,Palermo,2 Tempo,73',Casa,Sostituzione - Esce,Zerbin A.,,fJ7x31n2
Coppa Italia,1/32 FINALE,16.08.2025,Cremonese,Palermo,2 Tempo,73',Casa,Sostituzione - Entra,Floriani R.,,fJ7x31n2
Coppa Italia,1/32 FINALE,16.08.2025,Cremonese,Palermo,2 Tempo,74',Ospite,Sostituzione - Esce,Le Douaron J.,,fJ7x31n2
Coppa Italia,1/32 FINALE,16.08.2025,Cremonese,Palermo,2 Tempo,74',Ospite,Sostituzione - Entra,Corona G.,,fJ7x31n2
Coppa Italia,1/32 FINALE,16.08.2025,Cremonese,Palermo,2 Tempo,74',Ospite,Sostituzione - Esce,Ranocchia F.,,fJ7x31n2
Coppa Italia,1/32 FINALE,16.08.2025,Cremonese,Palermo,2 Tempo,74',Ospite,Sostituzione - Entra,Blin A.,,fJ7x31n2
Coppa Italia,1/32 FINALE,16.08.2025,Cremonese,Palermo,2 Tempo,83',Casa,Sostituzione - Esce,Vandeputte J.,,fJ7x31n2
Coppa Italia,1/32 FINALE,16.08.2025,Cremonese,Palermo,2 Tempo,83',Casa,Sostituzione - Entra,Johnsen D.,,fJ7x31n2
Coppa Italia,1/32 FINALE,16.08.2025,Cremonese,Palermo,Rigori,1,Ospite,Rigore Assegnato,Brunori M.,,fJ7x31n2
Coppa Italia,1/32 FINALE,16.08.2025,Cremonese,Palermo,Rigori,1,Ospite,Rigore,Brunori M.,,fJ7x31n2
Coppa Italia,1/32 FINALE,16.08.2025,Cremonese,Palermo,Rigori,1,Casa,Rigore Assegnato,Bondo W.,,fJ7x31n2
Coppa Italia,1/32 FINALE,16.08.2025,Cremonese,Palermo,Rigori,1,Casa,Rigore,Bondo W.,,fJ7x31n2
Coppa Italia,1/32 FINALE,16.08.2025,Cremonese,Palermo,Rigori,2,Ospite,Rigore Assegnato,Palumbo A.,,fJ7x31n2
Coppa Italia,1/32 FINALE,16.08.2025,Cremonese,Palermo,Rigori,2,Ospite,Rigore,Palumbo A.,,fJ7x31n2
Coppa Italia,1/32 FINALE,16.08.2025,Cremonese,Palermo,Rigori,2,Casa,Rigore Assegnato,Vazquez F.,,fJ7x31n2
Coppa Italia,1/32 FINALE,16.08.2025,Cremonese,Palermo,Rigori,2,Casa,Rigore,Vazquez F.,,fJ7x31n2
Coppa Italia,1/32 FINALE,16.08.2025,Cremonese,Palermo,Rigori,3,Ospite,Rigore Assegnato,Corona G.,,fJ7x31n2
Coppa Italia,1/32 FINALE,16.08.2025,Cremonese,Palermo,Rigori,3,Ospite,Rigore,Corona G.,,fJ7x31n2
Coppa Italia,1/32 FINALE,16.08.2025,Cremonese,Palermo,Rigori,3,Casa,Rigore Assegnato,Floriani R.,,fJ7x31n2
Coppa Italia,1/32 FINALE,16.08.2025,Cremonese,Palermo,Rigori,3,Casa,Rigore,Floriani R.,,fJ7x31n2
Coppa Italia,1/32 FINALE,16.08.2025,Cremonese,Palermo,Rigori,4,Ospite,Rigore Assegnato,Augello T.,,fJ7x31n2
Coppa Italia,1/32 FINALE,16.08.2025,Cremonese,Palermo,Rigori,4,Ospite,Rigore,Augello T.,,fJ7x31n2
Coppa Italia,1/32 FINALE,16.08.2025,Cremonese,Palermo,Rigori,4,Casa,Rigore Assegnato,Terracciano F.,,fJ7x31n2
Coppa Italia,1/32 FINALE,16.08.2025,Cremonese,Palermo,Rigori,4,Casa,Rigore,Terracciano F.,,fJ7x31n2
Coppa Italia,1/32 FINALE,16.08.2025,Cremonese,Palermo,Rigori,5,Ospite,Rigore Assegnato,Ceccaroni P.,,fJ7x31n2
Coppa Italia,1/32 FINALE,16.08.2025,Cremonese,Palermo,Rigori,5,Ospite,Rigore,Ceccaroni P.,,fJ7x31n2
Coppa Italia,1/32 FINALE,16.08.2025,Cremonese,Palermo,Rigori,5,Casa,Rigore Assegnato,Johnsen D.,,fJ7x31n2
Coppa Italia,1/32 FINALE,16.08.2025,Cremonese,Palermo,Rigori,5,Casa,Rigore sbagliato,Johnsen D.,,fJ7x31n2
Coppa Italia,1/32 FINALE,16.08.2025,Cagliari,Entella,1 Tempo,32',Ospite,Cartellino Giallo,Benali A.,,byt7abR7
Coppa Italia,1/32 FINALE,16.08.2025,Cagliari,Entella,1 Tempo,45',Casa,Gol,Piccoli R.,1-0,byt7abR7
Coppa Italia,1/32 FINALE,16.08.2025,Cagliari,Entella,1 Tempo,45',Casa,Assist,Adopo M.,1-0,byt7abR7
Coppa Italia,1/32 FINALE,16.08.2025,Cagliari,Entella,2 Tempo,47',Ospite,Cartellino Giallo,Parodi L.,,byt7abR7
Coppa Italia,1/32 FINALE,16.08.2025,Cagliari,Entella,2 Tempo,61',Ospite,Sostituzione - Esce,Guiu B.,,byt7abR7
Coppa Italia,1/32 FINALE,16.08.2025,Cagliari,Entella,2 Tempo,61',Ospite,Sostituzione - Entra,Russo F.,,byt7abR7
Coppa Italia,1/32 FINALE,16.08.2025,Cagliari,Entella,2 Tempo,61',Ospite,Sostituzione - Esce,Dalla Vecchia M.,,byt7abR7
Coppa Italia,1/32 FINALE,16.08.2025,Cagliari,Entella,2 Tempo,61',Ospite,Sostituzione - Entra,Karic N.,,byt7abR7
Coppa Italia,1/32 FINALE,16.08.2025,Cagliari,Entella,2 Tempo,64',Casa,Sostituzione - Esce,Idrissi R.,,byt7abR7
Coppa Italia,1/32 FINALE,16.08.2025,Cagliari,Entella,2 Tempo,64',Casa,Sostituzione - Entra,Zappa G.,,byt7abR7
Coppa Italia,1/32 FINALE,16.08.2025,Cagliari,Entella,2 Tempo,64',Casa,Sostituzione - Esce,Luvumbo Z.,,byt7abR7
Coppa Italia,1/32 FINALE,16.08.2025,Cagliari,Entella,2 Tempo,64',Casa,Sostituzione - Entra,Esposito Se.,,byt7abR7
Coppa Italia,1/32 FINALE,16.08.2025,Cagliari,Entella,2 Tempo,75',Ospite,Cartellino Giallo,Marconi I.,,byt7abR7
Coppa Italia,1/32 FINALE,16.08.2025,Cagliari,Entella,2 Tempo,76',Ospite,Sostituzione - Esce,Benali A.,,byt7abR7
Coppa Italia,1/32 FINALE,16.08.2025,Cagliari,Entella,2 Tempo,76',Ospite,Sostituzione - Entra,Nichetti M.,,byt7abR7
Coppa Italia,1/32 FINALE,16.08.2025,Cagliari,Entella,2 Tempo,76',Ospite,Sostituzione - Esce,Fumagalli T.,,byt7abR7
Coppa Italia,1/32 FINALE,16.08.2025,Cagliari,Entella,2 Tempo,76',Ospite,Sostituzione - Entra,Debenedetti A.,,byt7abR7
Coppa Italia,1/32 FINALE,16.08.2025,Cagliari,Entella,2 Tempo,77',Casa,Sostituzione - Esce,Piccoli R.,,byt7abR7
Coppa Italia,1/32 FINALE,16.08.2025,Cagliari,Entella,2 Tempo,77',Casa,Sostituzione - Entra,Kilicsoy S.,,byt7abR7
Coppa Italia,1/32 FINALE,16.08.2025,Cagliari,Entella,2 Tempo,77',Casa,Sostituzione - Esce,Prati M.,,byt7abR7
Coppa Italia,1/32 FINALE,16.08.2025,Cagliari,Entella,2 Tempo,77',Casa,Sostituzione - Entra,Mazzitelli L.,,byt7abR7
Coppa Italia,1/32 FINALE,16.08.2025,Cagliari,Entella,2 Tempo,83',Ospite,Sostituzione - Esce,Franzoni A.,,byt7abR7
Coppa Italia,1/32 FINALE,16.08.2025,Cagliari,Entella,2 Tempo,83',Ospite,Sostituzione - Entra,Castelli D.,,byt7abR7
Coppa Italia,1/32 FINALE,16.08.2025,Cagliari,Entella,2 Tempo,86',Casa,Rigore Assegnato,Mina Y.,,byt7abR7
Coppa Italia,1/32 FINALE,16.08.2025,Cagliari,Entella,2 Tempo,86',Casa,Rigore sbagliato,Mina Y.,,byt7abR7
Coppa Italia,1/32 FINALE,16.08.2025,Cagliari,Entella,2 Tempo,86',Ospite,Autogol,Deiola A.,1-1,byt7abR7
Coppa Italia,1/32 FINALE,16.08.2025,Cagliari,Entella,2 Tempo,89',Casa,Sostituzione - Esce,Obert A.,,byt7abR7
Coppa Italia,1/32 FINALE,16.08.2025,Cagliari,Entella,2 Tempo,89',Casa,Sostituzione - Entra,Cavuoti N.,,byt7abR7
Coppa Italia,1/32 FINALE,16.08.2025,Cagliari,Entella,2 Tempo,90',Ospite,Cartellino Giallo,Karic N.,,byt7abR7
Coppa Italia,1/32 FINALE,16.08.2025,Cagliari,Entella,Rigori,1,Ospite,Rigore Assegnato,Russo F.,,byt7abR7
Coppa Italia,1/32 FINALE,16.08.2025,Cagliari,Entella,Rigori,1,Ospite,Rigore,Russo F.,,byt7abR7
Coppa Italia,1/32 FINALE,16.08.2025,Cagliari,Entella,Rigori,1,Casa,Rigore Assegnato,Mina Y.,,byt7abR7
Coppa Italia,1/32 FINALE,16.08.2025,Cagliari,Entella,Rigori,1,Casa,Rigore,Mina Y.,,byt7abR7
Coppa Italia,1/32 FINALE,16.08.2025,Cagliari,Entella,Rigori,2,Ospite,Rigore Assegnato,Castelli D.,,byt7abR7
Coppa Italia,1/32 FINALE,16.08.2025,Cagliari,Entella,Rigori,2,Ospite,Rigore,Castelli D.,,byt7abR7
Coppa Italia,1/32 FINALE,16.08.2025,Cagliari,Entella,Rigori,2,Casa,Rigore Assegnato,Adopo M.,,byt7abR7
Coppa Italia,1/32 FINALE,16.08.2025,Cagliari,Entella,Rigori,2,Casa,Rigore sbagliato,Adopo M.,,byt7abR7
Coppa Italia,1/32 FINALE,16.08.2025,Cagliari,Entella,Rigori,3,Ospite,Rigore Assegnato,Karic N.,,byt7abR7
Coppa Italia,1/32 FINALE,16.08.2025,Cagliari,Entella,Rigori,3,Ospite,Rigore sbagliato,Karic N.,,byt7abR7
Coppa Italia,1/32 FINALE,16.08.2025,Cagliari,Entella,Rigori,3,Casa,Rigore Assegnato,Kilicsoy S.,,byt7abR7
Coppa Italia,1/32 FINALE,16.08.2025,Cagliari,Entella,Rigori,3,Casa,Rigore,Kilicsoy S.,,byt7abR7
Coppa Italia,1/32 FINALE,16.08.2025,Cagliari,Entella,Rigori,4,Ospite,Rigore Assegnato,Debenedetti A.,,byt7abR7
Coppa Italia,1/32 FINALE,16.08.2025,Cagliari,Entella,Rigori,4,Ospite,Rigore,Debenedetti A.,,byt7abR7
Coppa Italia,1/32 FINALE,16.08.2025,Cagliari,Entella,Rigori,4,Casa,Rigore Assegnato,Folorunsho M.,,byt7abR7
Coppa Italia,1/32 FINALE,16.08.2025,Cagliari,Entella,Rigori,4,Casa,Rigore,Folorunsho M.,,byt7abR7
Coppa Italia,1/32 FINALE,16.08.2025,Cagliari,Entella,Rigori,5,Ospite,Rigore Assegnato,Tiritiello A.,,byt7abR7
Coppa Italia,1/32 FINALE,16.08.2025,Cagliari,Entella,Rigori,5,Ospite,Rigore,Tiritiello A.,,byt7abR7
Coppa Italia,1/32 FINALE,16.08.2025,Cagliari,Entella,Rigori,5,Casa,Rigore Assegnato,Esposito Se.,,byt7abR7
Coppa Italia,1/32 FINALE,16.08.2025,Cagliari,Entella,Rigori,5,Casa,Rigore,Esposito Se.,,byt7abR7
Coppa Italia,1/32 FINALE,16.08.2025,Cagliari,Entella,Rigori,6,Ospite,Rigore Assegnato,Marconi I.,,byt7abR7
Coppa Italia,1/32 FINALE,16.08.2025,Cagliari,Entella,Rigori,6,Ospite,Rigore sbagliato,Marconi I.,,byt7abR7
Coppa Italia,1/32 FINALE,16.08.2025,Cagliari,Entella,Rigori,6,Casa,Rigore Assegnato,Cavuoti N.,,byt7abR7
Coppa Italia,1/32 FINALE,16.08.2025,Cagliari,Entella,Rigori,6,Casa,Rigore,Cavuoti N.,,byt7abR7
Coppa Italia,1/32 FINALE,16.08.2025,Como,Südtirol,1 Tempo,13',Ospite,Rigore Assegnato,Casiraghi D.,0-1,GOhXOr9L
Coppa Italia,1/32 FINALE,16.08.2025,Como,Südtirol,1 Tempo,13',Ospite,Rigore,Casiraghi D.,0-1,GOhXOr9L
Coppa Italia,1/32 FINALE,16.08.2025,Como,Südtirol,1 Tempo,39',Casa,Gol,Douvikas A.,1-1,GOhXOr9L
Coppa Italia,1/32 FINALE,16.08.2025,Como,Südtirol,1 Tempo,39',Casa,Assist,Vojvoda M.,1-1,GOhXOr9L
Coppa Italia,1/32 FINALE,16.08.2025,Como,Südtirol,1 Tempo,40',Casa,Gol,Douvikas A.,2-1,GOhXOr9L
Coppa Italia,1/32 FINALE,16.08.2025,Como,Südtirol,1 Tempo,40',Casa,Assist,Rodriguez J.,2-1,GOhXOr9L
Coppa Italia,1/32 FINALE,16.08.2025,Como,Südtirol,1 Tempo,42',Casa,Gol,Da Cunha L.,3-1,GOhXOr9L
Coppa Italia,1/32 FINALE,16.08.2025,Como,Südtirol,2 Tempo,49',Casa,Cartellino Giallo,Roberto S.,,GOhXOr9L
Coppa Italia,1/32 FINALE,16.08.2025,Como,Südtirol,2 Tempo,57',Casa,Sostituzione - Esce,Roberto S.,,GOhXOr9L
Coppa Italia,1/32 FINALE,16.08.2025,Como,Südtirol,2 Tempo,57',Casa,Sostituzione - Entra,Perrone M.,,GOhXOr9L
Coppa Italia,1/32 FINALE,16.08.2025,Como,Südtirol,2 Tempo,57',Casa,Sostituzione - Esce,Rodriguez J.,,GOhXOr9L
Coppa Italia,1/32 FINALE,16.08.2025,Como,Südtirol,2 Tempo,57',Casa,Sostituzione - Entra,Diao A.,,GOhXOr9L
Coppa Italia,1/32 FINALE,16.08.2025,Como,Südtirol,2 Tempo,59',Ospite,Sostituzione - Esce,Pecorino E.,,GOhXOr9L
Coppa Italia,1/32 FINALE,16.08.2025,Como,Südtirol,2 Tempo,59',Ospite,Sostituzione - Entra,Odogwu R.,,GOhXOr9L
Coppa Italia,1/32 FINALE,16.08.2025,Como,Südtirol,2 Tempo,60',Ospite,Sostituzione - Esce,Mallamo A.,,GOhXOr9L
Coppa Italia,1/32 FINALE,16.08.2025,Como,Südtirol,2 Tempo,60',Ospite,Sostituzione - Entra,Italeng J.,,GOhXOr9L
Coppa Italia,1/32 FINALE,16.08.2025,Como,Südtirol,2 Tempo,66',Casa,Sostituzione - Esce,Addai J.,,GOhXOr9L
Coppa Italia,1/32 FINALE,16.08.2025,Como,Südtirol,2 Tempo,66',Casa,Sostituzione - Entra,Caqueret M.,,GOhXOr9L
Coppa Italia,1/32 FINALE,16.08.2025,Como,Südtirol,2 Tempo,66',Casa,Sostituzione - Esce,Douvikas A.,,GOhXOr9L
Coppa Italia,1/32 FINALE,16.08.2025,Como,Südtirol,2 Tempo,66',Casa,Sostituzione - Entra,Morata A.,,GOhXOr9L
Coppa Italia,1/32 FINALE,16.08.2025,Como,Südtirol,2 Tempo,69',Ospite,Cartellino Giallo,Bordon F.,,GOhXOr9L
Coppa Italia,1/32 FINALE,16.08.2025,Como,Südtirol,2 Tempo,74',Ospite,Sostituzione - Esce,Casiraghi D.,,GOhXOr9L
Coppa Italia,1/32 FINALE,16.08.2025,Como,Südtirol,2 Tempo,74',Ospite,Sostituzione - Entra,Martini J.,,GOhXOr9L
Coppa Italia,1/32 FINALE,16.08.2025,Como,Südtirol,2 Tempo,74',Ospite,Sostituzione - Esce,Tait F.,,GOhXOr9L
Coppa Italia,1/32 FINALE,16.08.2025,Como,Südtirol,2 Tempo,74',Ospite,Sostituzione - Entra,Tronchin S.,,GOhXOr9L
Coppa Italia,1/32 FINALE,16.08.2025,Como,Südtirol,2 Tempo,79',Ospite,Sostituzione - Esce,Kofler R.,,GOhXOr9L
Coppa Italia,1/32 FINALE,16.08.2025,Como,Südtirol,2 Tempo,79',Ospite,Sostituzione - Entra,Masiello A.,,GOhXOr9L
Coppa Italia,1/32 FINALE,16.08.2025,Como,Südtirol,2 Tempo,82',Casa,Sostituzione - Esce,Da Cunha L.,,GOhXOr9L
Coppa Italia,1/32 FINALE,16.08.2025,Como,Südtirol,2 Tempo,82',Casa,Sostituzione - Entra,Baturina M.,,GOhXOr9L
Coppa Italia,1/32 FINALE,16.08.2025,Como,Südtirol,2 Tempo,88',Ospite,Cartellino Giallo,Bordon F.,,GOhXOr9L
Coppa Italia,1/32 FINALE,16.08.2025,Como,Südtirol,2 Tempo,88',Ospite,Cartellino Rosso,Bordon F.,,GOhXOr9L
Coppa Italia,1/32 FINALE,16.08.2025,Venezia,Mantova,1 Tempo,9',Ospite,Cartellino Giallo,Bani C.,,8MXBH01e
Coppa Italia,1/32 FINALE,16.08.2025,Venezia,Mantova,1 Tempo,15',Casa,Gol,Doumbia I.,1-0,8MXBH01e
Coppa Italia,1/32 FINALE,16.08.2025,Venezia,Mantova,1 Tempo,15',Casa,Assist,Haps R.,1-0,8MXBH01e
Coppa Italia,1/32 FINALE,16.08.2025,Venezia,Mantova,1 Tempo,19',Ospite,Cartellino Giallo,Majer Z.,,8MXBH01e
Coppa Italia,1/32 FINALE,16.08.2025,Venezia,Mantova,1 Tempo,22',Casa,Cartellino Giallo,Schingtienne J.,,8MXBH01e
Coppa Italia,1/32 FINALE,16.08.2025,Venezia,Mantova,1 Tempo,34',Ospite,Cartellino Giallo,Radaelli N.,,8MXBH01e
Coppa Italia,1/32 FINALE,16.08.2025,Venezia,Mantova,1 Tempo,45',Casa,Gol,Doumbia I.,2-0,8MXBH01e
Coppa Italia,1/32 FINALE,16.08.2025,Venezia,Mantova,1 Tempo,45',Casa,Assist,Yeboah J.,2-0,8MXBH01e
Coppa Italia,1/32 FINALE,16.08.2025,Venezia,Mantova,2 Tempo,57',Casa,Gol,Yeboah J.,3-0,8MXBH01e
Coppa Italia,1/32 FINALE,16.08.2025,Venezia,Mantova,2 Tempo,58',Ospite,Sostituzione - Esce,Falletti C.,,8MXBH01e
Coppa Italia,1/32 FINALE,16.08.2025,Venezia,Mantova,2 Tempo,58',Ospite,Sostituzione - Entra,Mancuso L.,,8MXBH01e
Coppa Italia,1/32 FINALE,16.08.2025,Venezia,Mantova,2 Tempo,59',Ospite,Sostituzione - Esce,Galuppini F.,,8MXBH01e
Coppa Italia,1/32 FINALE,16.08.2025,Venezia,Mantova,2 Tempo,59',Ospite,Sostituzione - Entra,Bragantini D.,,8MXBH01e
Coppa Italia,1/32 FINALE,16.08.2025,Venezia,Mantova,2 Tempo,59',Ospite,Sostituzione - Esce,Majer Z.,,8MXBH01e
Coppa Italia,1/32 FINALE,16.08.2025,Venezia,Mantova,2 Tempo,59',Ospite,Sostituzione - Entra,Artioli F.,,8MXBH01e
Coppa Italia,1/32 FINALE,16.08.2025,Venezia,Mantova,2 Tempo,63',Ospite,Cartellino Giallo,Trimboli S.,,8MXBH01e
Coppa Italia,1/32 FINALE,16.08.2025,Venezia,Mantova,2 Tempo,66',Casa,Sostituzione - Esce,Doumbia I.,,8MXBH01e
Coppa Italia,1/32 FINALE,16.08.2025,Venezia,Mantova,2 Tempo,66',Casa,Sostituzione - Entra,Perez K.,,8MXBH01e
Coppa Italia,1/32 FINALE,16.08.2025,Venezia,Mantova,2 Tempo,66',Casa,Sostituzione - Esce,Schingtienne J.,,8MXBH01e
Coppa Italia,1/32 FINALE,16.08.2025,Venezia,Mantova,2 Tempo,66',Casa,Sostituzione - Entra,Venturi M.,,8MXBH01e
Coppa Italia,1/32 FINALE,16.08.2025,Venezia,Mantova,2 Tempo,66',Casa,Sostituzione - Esce,Haps R.,,8MXBH01e
Coppa Italia,1/32 FINALE,16.08.2025,Venezia,Mantova,2 Tempo,66',Casa,Sostituzione - Entra,Sagrado R.,,8MXBH01e
Coppa Italia,1/32 FINALE,16.08.2025,Venezia,Mantova,2 Tempo,70',Ospite,Sostituzione - Esce,Mensah D.,,8MXBH01e
Coppa Italia,1/32 FINALE,16.08.2025,Venezia,Mantova,2 Tempo,70',Ospite,Sostituzione - Entra,Fiori A.,,8MXBH01e
Coppa Italia,1/32 FINALE,16.08.2025,Venezia,Mantova,2 Tempo,76',Casa,Sostituzione - Esce,Adorante A.,,8MXBH01e
Coppa Italia,1/32 FINALE,16.08.2025,Venezia,Mantova,2 Tempo,76',Casa,Sostituzione - Entra,Fila D.,,8MXBH01e
Coppa Italia,1/32 FINALE,16.08.2025,Venezia,Mantova,2 Tempo,79',Ospite,Sostituzione - Esce,Radaelli N.,,8MXBH01e
Coppa Italia,1/32 FINALE,16.08.2025,Venezia,Mantova,2 Tempo,79',Ospite,Sostituzione - Entra,Maggioni T.,,8MXBH01e
Coppa Italia,1/32 FINALE,16.08.2025,Venezia,Mantova,2 Tempo,81',Casa,Sostituzione - Esce,Busio G.,,8MXBH01e
Coppa Italia,1/32 FINALE,16.08.2025,Venezia,Mantova,2 Tempo,81',Casa,Sostituzione - Entra,Lella N.,,8MXBH01e
Coppa Italia,1/32 FINALE,16.08.2025,Venezia,Mantova,2 Tempo,89',Casa,Gol,Yeboah J.,4-0,8MXBH01e
Coppa Italia,1/32 FINALE,16.08.2025,Venezia,Mantova,2 Tempo,89',Casa,Assist,Fila D.,4-0,8MXBH01e
Coppa Italia,1/32 FINALE,15.08.2025,Genoa,L.R. Vicenza,1 Tempo,40',Casa,Gol,Carboni V.,1-0,ILv0JCdD
Coppa Italia,1/32 FINALE,15.08.2025,Genoa,L.R. Vicenza,1 Tempo,40',Casa,Assist,Martin A.,1-0,ILv0JCdD
Coppa Italia,1/32 FINALE,15.08.2025,Genoa,L.R. Vicenza,1 Tempo,45+1',Casa,Autogol,Benassai F.,2-0,ILv0JCdD
Coppa Italia,1/32 FINALE,15.08.2025,Genoa,L.R. Vicenza,2 Tempo,54',Casa,Gol,Stanciu N.,3-0,ILv0JCdD
Coppa Italia,1/32 FINALE,15.08.2025,Genoa,L.R. Vicenza,2 Tempo,55',Ospite,Sostituzione - Esce,Capello A.,,ILv0JCdD
Coppa Italia,1/32 FINALE,15.08.2025,Genoa,L.R. Vicenza,2 Tempo,55',Ospite,Sostituzione - Entra,Stuckler D.,,ILv0JCdD
Coppa Italia,1/32 FINALE,15.08.2025,Genoa,L.R. Vicenza,2 Tempo,55',Ospite,Sostituzione - Esce,Cavion M.,,ILv0JCdD
Coppa Italia,1/32 FINALE,15.08.2025,Genoa,L.R. Vicenza,2 Tempo,55',Ospite,Sostituzione - Entra,Rada A.,,ILv0JCdD
Coppa Italia,1/32 FINALE,15.08.2025,Genoa,L.R. Vicenza,2 Tempo,59',Casa,Sostituzione - Esce,Carboni V.,,ILv0JCdD
Coppa Italia,1/32 FINALE,15.08.2025,Genoa,L.R. Vicenza,2 Tempo,59',Casa,Sostituzione - Entra,Junior Messias,,ILv0JCdD
Coppa Italia,1/32 FINALE,15.08.2025,Genoa,L.R. Vicenza,2 Tempo,59',Casa,Sostituzione - Esce,Gronbaek A.,,ILv0JCdD
Coppa Italia,1/32 FINALE,15.08.2025,Genoa,L.R. Vicenza,2 Tempo,59',Casa,Sostituzione - Entra,Malinovskyi R.,,ILv0JCdD
Coppa Italia,1/32 FINALE,15.08.2025,Genoa,L.R. Vicenza,2 Tempo,66',Ospite,Sostituzione - Esce,Vitale M.,,ILv0JCdD
Coppa Italia,1/32 FINALE,15.08.2025,Genoa,L.R. Vicenza,2 Tempo,66',Ospite,Sostituzione - Entra,Pellizzari G.,,ILv0JCdD
Coppa Italia,1/32 FINALE,15.08.2025,Genoa,L.R. Vicenza,2 Tempo,66',Ospite,Sostituzione - Esce,Caferri L.,,ILv0JCdD
Coppa Italia,1/32 FINALE,15.08.2025,Genoa,L.R. Vicenza,2 Tempo,66',Ospite,Sostituzione - Entra,Tribuzzi A.,,ILv0JCdD
Coppa Italia,1/32 FINALE,15.08.2025,Genoa,L.R. Vicenza,2 Tempo,70',Casa,Sostituzione - Esce,Colombo L.,,ILv0JCdD
Coppa Italia,1/32 FINALE,15.08.2025,Genoa,L.R. Vicenza,2 Tempo,70',Casa,Sostituzione - Entra,Vitinha,,ILv0JCdD
Coppa Italia,1/32 FINALE,15.08.2025,Genoa,L.R. Vicenza,2 Tempo,70',Casa,Sostituzione - Esce,Marcandalli A.,,ILv0JCdD
Coppa Italia,1/32 FINALE,15.08.2025,Genoa,L.R. Vicenza,2 Tempo,70',Casa,Sostituzione - Entra,Ostigard L.,,ILv0JCdD
Coppa Italia,1/32 FINALE,15.08.2025,Genoa,L.R. Vicenza,2 Tempo,75',Ospite,Cartellino Giallo,Sandon T.,,ILv0JCdD
Coppa Italia,1/32 FINALE,15.08.2025,Genoa,L.R. Vicenza,2 Tempo,78',Ospite,Sostituzione - Esce,Morra C.,,ILv0JCdD
Coppa Italia,1/32 FINALE,15.08.2025,Genoa,L.R. Vicenza,2 Tempo,78',Ospite,Sostituzione - Entra,Alessio F.,,ILv0JCdD
Coppa Italia,1/32 FINALE,15.08.2025,Genoa,L.R. Vicenza,2 Tempo,80',Casa,Sostituzione - Esce,Stanciu N.,,ILv0JCdD
Coppa Italia,1/32 FINALE,15.08.2025,Genoa,L.R. Vicenza,2 Tempo,80',Casa,Sostituzione - Entra,Venturino L.,,ILv0JCdD
Coppa Italia,1/32 FINALE,15.08.2025,Lecce,Juve Stabia,1 Tempo,27',Casa,Rigore Assegnato,Krstovic N.,1-0,hjy3FVyP
Coppa Italia,1/32 FINALE,15.08.2025,Lecce,Juve Stabia,1 Tempo,27',Casa,Rigore,Krstovic N.,1-0,hjy3FVyP
Coppa Italia,1/32 FINALE,15.08.2025,Lecce,Juve Stabia,1 Tempo,45+4',Casa,Cartellino Rosso,Banda L.,,hjy3FVyP
Coppa Italia,1/32 FINALE,15.08.2025,Lecce,Juve Stabia,2 Tempo,46',Ospite,Sostituzione - Esce,Battistella T.,,hjy3FVyP
Coppa Italia,1/32 FINALE,15.08.2025,Lecce,Juve Stabia,2 Tempo,46',Ospite,Sostituzione - Entra,Pierobon C.,,hjy3FVyP
Coppa Italia,1/32 FINALE,15.08.2025,Lecce,Juve Stabia,2 Tempo,56',Casa,Sostituzione - Esce,Helgason T. J.,,hjy3FVyP
Coppa Italia,1/32 FINALE,15.08.2025,Lecce,Juve Stabia,2 Tempo,56',Casa,Sostituzione - Entra,Tete Morente,,hjy3FVyP
Coppa Italia,1/32 FINALE,15.08.2025,Lecce,Juve Stabia,2 Tempo,56',Casa,Sostituzione - Esce,Pierret B.,,hjy3FVyP
Coppa Italia,1/32 FINALE,15.08.2025,Lecce,Juve Stabia,2 Tempo,56',Casa,Sostituzione - Entra,Ramadani Y.,,hjy3FVyP
Coppa Italia,1/32 FINALE,15.08.2025,Lecce,Juve Stabia,2 Tempo,56',Casa,Sostituzione - Esce,Kouassi C.,,hjy3FVyP
Coppa Italia,1/32 FINALE,15.08.2025,Lecce,Juve Stabia,2 Tempo,56',Casa,Sostituzione - Entra,Veiga D.,,hjy3FVyP
Coppa Italia,1/32 FINALE,15.08.2025,Lecce,Juve Stabia,2 Tempo,61',Ospite,Sostituzione - Esce,Mannini M.,,hjy3FVyP
Coppa Italia,1/32 FINALE,15.08.2025,Lecce,Juve Stabia,2 Tempo,61',Ospite,Sostituzione - Entra,Burnete R.,,hjy3FVyP
Coppa Italia,1/32 FINALE,15.08.2025,Lecce,Juve Stabia,2 Tempo,61',Ospite,Sostituzione - Esce,Mosti N.,,hjy3FVyP
Coppa Italia,1/32 FINALE,15.08.2025,Lecce,Juve Stabia,2 Tempo,61',Ospite,Sostituzione - Entra,Cacciamani A.,,hjy3FVyP
Coppa Italia,1/32 FINALE,15.08.2025,Lecce,Juve Stabia,2 Tempo,72',Casa,Sostituzione - Esce,Krstovic N.,,hjy3FVyP
Coppa Italia,1/32 FINALE,15.08.2025,Lecce,Juve Stabia,2 Tempo,72',Casa,Sostituzione - Entra,Camarda F.,,hjy3FVyP
Coppa Italia,1/32 FINALE,15.08.2025,Lecce,Juve Stabia,2 Tempo,79',Ospite,Sostituzione - Esce,Stabile G.,,hjy3FVyP
Coppa Italia,1/32 FINALE,15.08.2025,Lecce,Juve Stabia,2 Tempo,79',Ospite,Sostituzione - Entra,De Pieri G.,,hjy3FVyP
Coppa Italia,1/32 FINALE,15.08.2025,Lecce,Juve Stabia,2 Tempo,82',Casa,Sostituzione - Esce,Pierotti S.,,hjy3FVyP
Coppa Italia,1/32 FINALE,15.08.2025,Lecce,Juve Stabia,2 Tempo,82',Casa,Sostituzione - Entra,Kaba M.,,hjy3FVyP
Coppa Italia,1/32 FINALE,15.08.2025,Lecce,Juve Stabia,2 Tempo,86',Ospite,Sostituzione - Esce,Candellone L.,,hjy3FVyP
Coppa Italia,1/32 FINALE,15.08.2025,Lecce,Juve Stabia,2 Tempo,86',Ospite,Sostituzione - Entra,Maistro F.,,hjy3FVyP
Coppa Italia,1/32 FINALE,15.08.2025,Lecce,Juve Stabia,2 Tempo,90+5',Casa,Gol,Kaba M.,2-0,hjy3FVyP
Coppa Italia,1/32 FINALE,15.08.2025,Lecce,Juve Stabia,2 Tempo,90+5',Casa,Assist,Camarda F.,2-0,hjy3FVyP
Coppa Italia,1/32 FINALE,15.08.2025,Sassuolo,Catanzaro,1 Tempo,32',Casa,Gol,Doig J.,1-0,OAqnJDx0
Coppa Italia,1/32 FINALE,15.08.2025,Sassuolo,Catanzaro,1 Tempo,32',Casa,Assist,Berardi D.,1-0,OAqnJDx0
Coppa Italia,1/32 FINALE,15.08.2025,Sassuolo,Catanzaro,2 Tempo,57',Ospite,Sostituzione - Esce,Liberali M.,,OAqnJDx0
Coppa Italia,1/32 FINALE,15.08.2025,Sassuolo,Catanzaro,2 Tempo,57',Ospite,Sostituzione - Entra,D'Alessandro M.,,OAqnJDx0
Coppa Italia,1/32 FINALE,15.08.2025,Sassuolo,Catanzaro,2 Tempo,57',Ospite,Sostituzione - Esce,Petriccione J.,,OAqnJDx0
Coppa Italia,1/32 FINALE,15.08.2025,Sassuolo,Catanzaro,2 Tempo,57',Ospite,Sostituzione - Entra,Pittarello F.,,OAqnJDx0
Coppa Italia,1/32 FINALE,15.08.2025,Sassuolo,Catanzaro,2 Tempo,60',Casa,Sostituzione - Esce,Ghion A.,,OAqnJDx0
Coppa Italia,1/32 FINALE,15.08.2025,Sassuolo,Catanzaro,2 Tempo,60',Casa,Sostituzione - Entra,Volpato C.,,OAqnJDx0
Coppa Italia,1/32 FINALE,15.08.2025,Sassuolo,Catanzaro,2 Tempo,60',Casa,Sostituzione - Esce,Fadera A.,,OAqnJDx0
Coppa Italia,1/32 FINALE,15.08.2025,Sassuolo,Catanzaro,2 Tempo,60',Casa,Sostituzione - Entra,Pinamonti A.,,OAqnJDx0
Coppa Italia,1/32 FINALE,15.08.2025,Sassuolo,Catanzaro,2 Tempo,68',Casa,Sostituzione - Esce,Lauriente A.,,OAqnJDx0
Coppa Italia,1/32 FINALE,15.08.2025,Sassuolo,Catanzaro,2 Tempo,68',Casa,Sostituzione - Entra,Pierini N.,,OAqnJDx0
Coppa Italia,1/32 FINALE,15.08.2025,Sassuolo,Catanzaro,2 Tempo,68',Casa,Sostituzione - Esce,Boloca D.,,OAqnJDx0
Coppa Italia,1/32 FINALE,15.08.2025,Sassuolo,Catanzaro,2 Tempo,68',Casa,Sostituzione - Entra,Lipani L.,,OAqnJDx0
Coppa Italia,1/32 FINALE,15.08.2025,Sassuolo,Catanzaro,2 Tempo,83',Ospite,Sostituzione - Esce,Di Chiara G.,,OAqnJDx0
Coppa Italia,1/32 FINALE,15.08.2025,Sassuolo,Catanzaro,2 Tempo,83',Ospite,Sostituzione - Entra,Favasuli C.,,OAqnJDx0
Coppa Italia,1/32 FINALE,15.08.2025,Sassuolo,Catanzaro,2 Tempo,83',Ospite,Sostituzione - Esce,Brighenti N.,,OAqnJDx0
Coppa Italia,1/32 FINALE,15.08.2025,Sassuolo,Catanzaro,2 Tempo,83',Ospite,Sostituzione - Entra,Bettella D.,,OAqnJDx0
Coppa Italia,1/32 FINALE,15.08.2025,Sassuolo,Catanzaro,2 Tempo,84',Casa,Sostituzione - Esce,Kone I.,,OAqnJDx0
Coppa Italia,1/32 FINALE,15.08.2025,Sassuolo,Catanzaro,2 Tempo,84',Casa,Sostituzione - Entra,Iannoni E.,,OAqnJDx0
Coppa Italia,1/32 FINALE,15.08.2025,Sassuolo,Catanzaro,2 Tempo,90+1',Ospite,Sostituzione - Esce,Nuamah P.,,OAqnJDx0
Coppa Italia,1/32 FINALE,15.08.2025,Sassuolo,Catanzaro,2 Tempo,90+1',Ospite,Sostituzione - Entra,Buso N.,,OAqnJDx0
Coppa Italia,1/32 FINALE,15.08.2025,Empoli,Reggiana,1 Tempo,6',Casa,Cartellino Giallo,Curto M.,,GnyKFvW7
Coppa Italia,1/32 FINALE,15.08.2025,Empoli,Reggiana,1 Tempo,13',Ospite,Gol,Gondo C.,0-1,GnyKFvW7
Coppa Italia,1/32 FINALE,15.08.2025,Empoli,Reggiana,1 Tempo,22',Casa,Rigore Assegnato,Ilie R.,,GnyKFvW7
Coppa Italia,1/32 FINALE,15.08.2025,Empoli,Reggiana,1 Tempo,22',Casa,Rigore sbagliato,Ilie R.,,GnyKFvW7
Coppa Italia,1/32 FINALE,15.08.2025,Empoli,Reggiana,1 Tempo,38',Casa,Cartellino Giallo,Carboni F.,,GnyKFvW7
Coppa Italia,1/32 FINALE,15.08.2025,Empoli,Reggiana,1 Tempo,44',Casa,Cartellino Giallo,Popov B.,,GnyKFvW7
Coppa Italia,1/32 FINALE,15.08.2025,Empoli,Reggiana,1 Tempo,44',Ospite,Cartellino Giallo,Reinhart T.,,GnyKFvW7
Coppa Italia,1/32 FINALE,15.08.2025,Empoli,Reggiana,2 Tempo,46',Casa,Sostituzione - Esce,Ebuehi T.,,GnyKFvW7
Coppa Italia,1/32 FINALE,15.08.2025,Empoli,Reggiana,2 Tempo,46',Casa,Sostituzione - Entra,Elia S.,,GnyKFvW7
Coppa Italia,1/32 FINALE,15.08.2025,Empoli,Reggiana,2 Tempo,65',Casa,Gol,Ilie R.,1-1,GnyKFvW7
Coppa Italia,1/32 FINALE,15.08.2025,Empoli,Reggiana,2 Tempo,65',Casa,Assist,Moruzzi B.,1-1,GnyKFvW7
Coppa Italia,1/32 FINALE,15.08.2025,Empoli,Reggiana,2 Tempo,68',Ospite,Sostituzione - Esce,Tavsan E.,,GnyKFvW7
Coppa Italia,1/32 FINALE,15.08.2025,Empoli,Reggiana,2 Tempo,68',Ospite,Sostituzione - Entra,Marras M.,,GnyKFvW7
Coppa Italia,1/32 FINALE,15.08.2025,Empoli,Reggiana,2 Tempo,72',Casa,Sostituzione - Esce,Moruzzi B.,,GnyKFvW7
Coppa Italia,1/32 FINALE,15.08.2025,Empoli,Reggiana,2 Tempo,72',Casa,Sostituzione - Entra,Ceesay J.,,GnyKFvW7
Coppa Italia,1/32 FINALE,15.08.2025,Empoli,Reggiana,2 Tempo,79',Ospite,Sostituzione - Esce,Reinhart T.,,GnyKFvW7
Coppa Italia,1/32 FINALE,15.08.2025,Empoli,Reggiana,2 Tempo,79',Ospite,Sostituzione - Entra,Stulac L.,,GnyKFvW7
Coppa Italia,1/32 FINALE,15.08.2025,Empoli,Reggiana,2 Tempo,80',Ospite,Sostituzione - Esce,Portanova M.,,GnyKFvW7
Coppa Italia,1/32 FINALE,15.08.2025,Empoli,Reggiana,2 Tempo,80',Ospite,Sostituzione - Entra,Conte O.,,GnyKFvW7
Coppa Italia,1/32 FINALE,15.08.2025,Empoli,Reggiana,2 Tempo,83',Ospite,Sostituzione - Esce,Bertagnoli M.,,GnyKFvW7
Coppa Italia,1/32 FINALE,15.08.2025,Empoli,Reggiana,2 Tempo,83',Ospite,Sostituzione - Entra,Vallarelli F.,,GnyKFvW7
Coppa Italia,1/32 FINALE,15.08.2025,Empoli,Reggiana,2 Tempo,84',Ospite,Sostituzione - Esce,Bonetti S.,,GnyKFvW7
Coppa Italia,1/32 FINALE,15.08.2025,Empoli,Reggiana,2 Tempo,84',Ospite,Sostituzione - Entra,Quaranta D.,,GnyKFvW7
Coppa Italia,1/32 FINALE,15.08.2025,Empoli,Reggiana,2 Tempo,85',Casa,Sostituzione - Esce,Popov B.,,GnyKFvW7
Coppa Italia,1/32 FINALE,15.08.2025,Empoli,Reggiana,2 Tempo,85',Casa,Sostituzione - Entra,Yepes G.,,GnyKFvW7
Coppa Italia,1/32 FINALE,15.08.2025,Empoli,Reggiana,2 Tempo,85',Casa,Sostituzione - Esce,Ilie R.,,GnyKFvW7
Coppa Italia,1/32 FINALE,15.08.2025,Empoli,Reggiana,2 Tempo,85',Casa,Sostituzione - Entra,Busiello D.,,GnyKFvW7
Coppa Italia,1/32 FINALE,15.08.2025,Empoli,Reggiana,Rigori,1,Casa,Rigore Assegnato,Belardinelli L.,,GnyKFvW7
Coppa Italia,1/32 FINALE,15.08.2025,Empoli,Reggiana,Rigori,1,Casa,Rigore,Belardinelli L.,,GnyKFvW7
Coppa Italia,1/32 FINALE,15.08.2025,Empoli,Reggiana,Rigori,1,Ospite,Rigore Assegnato,Gondo C.,,GnyKFvW7
Coppa Italia,1/32 FINALE,15.08.2025,Empoli,Reggiana,Rigori,1,Ospite,Rigore sbagliato,Gondo C.,,GnyKFvW7
Coppa Italia,1/32 FINALE,15.08.2025,Empoli,Reggiana,Rigori,2,Casa,Rigore Assegnato,Elia S.,,GnyKFvW7
Coppa Italia,1/32 FINALE,15.08.2025,Empoli,Reggiana,Rigori,2,Casa,Rigore,Elia S.,,GnyKFvW7
Coppa Italia,1/32 FINALE,15.08.2025,Empoli,Reggiana,Rigori,2,Ospite,Rigore Assegnato,Marras M.,,GnyKFvW7
Coppa Italia,1/32 FINALE,15.08.2025,Empoli,Reggiana,Rigori,2,Ospite,Rigore sbagliato,Marras M.,,GnyKFvW7
Coppa Italia,1/32 FINALE,15.08.2025,Empoli,Reggiana,Rigori,3,Casa,Rigore Assegnato,Carboni F.,,GnyKFvW7
Coppa Italia,1/32 FINALE,15.08.2025,Empoli,Reggiana,Rigori,3,Casa,Rigore sbagliato,Carboni F.,,GnyKFvW7
Coppa Italia,1/32 FINALE,15.08.2025,Empoli,Reggiana,Rigori,3,Ospite,Rigore Assegnato,Rover M.,,GnyKFvW7
Coppa Italia,1/32 FINALE,15.08.2025,Empoli,Reggiana,Rigori,3,Ospite,Rigore sbagliato,Rover M.,,GnyKFvW7
Coppa Italia,1/32 FINALE,15.08.2025,Empoli,Reggiana,Rigori,4,Casa,Rigore Assegnato,Busiello D.,,GnyKFvW7
Coppa Italia,1/32 FINALE,15.08.2025,Empoli,Reggiana,Rigori,4,Casa,Rigore,Busiello D.,,GnyKFvW7
Coppa Italia,1/64 FINALE,10.08.2025,Audace Cerignola,Avellino,1 Tempo,10',Ospite,Cartellino Giallo,Cancellotti T.,,6g1xUUjI
Coppa Italia,1/64 FINALE,10.08.2025,Audace Cerignola,Avellino,1 Tempo,42',Casa,Cartellino Giallo,Martinelli L.,,6g1xUUjI
Coppa Italia,1/64 FINALE,10.08.2025,Audace Cerignola,Avellino,2 Tempo,61',Casa,Gol,Cuppone L.,1-0,6g1xUUjI
Coppa Italia,1/64 FINALE,10.08.2025,Audace Cerignola,Avellino,2 Tempo,68',Ospite,Sostituzione - Esce,Palumbo M.,,6g1xUUjI
Coppa Italia,1/64 FINALE,10.08.2025,Audace Cerignola,Avellino,2 Tempo,68',Ospite,Sostituzione - Entra,Insigne R.,,6g1xUUjI
Coppa Italia,1/64 FINALE,10.08.2025,Audace Cerignola,Avellino,2 Tempo,68',Ospite,Sostituzione - Esce,Milani A.,,6g1xUUjI
Coppa Italia,1/64 FINALE,10.08.2025,Audace Cerignola,Avellino,2 Tempo,68',Ospite,Sostituzione - Entra,Todisco G.,,6g1xUUjI
Coppa Italia,1/64 FINALE,10.08.2025,Audace Cerignola,Avellino,2 Tempo,70',Casa,Cartellino Giallo,Emmausso M.,,6g1xUUjI
Coppa Italia,1/64 FINALE,10.08.2025,Audace Cerignola,Avellino,2 Tempo,70',Casa,Sostituzione - Esce,Emmausso M.,,6g1xUUjI
Coppa Italia,1/64 FINALE,10.08.2025,Audace Cerignola,Avellino,2 Tempo,70',Casa,Sostituzione - Entra,Faggioli A.,,6g1xUUjI
Coppa Italia,1/64 FINALE,10.08.2025,Audace Cerignola,Avellino,2 Tempo,75',Casa,Sostituzione - Esce,Coccia G.,,6g1xUUjI
Coppa Italia,1/64 FINALE,10.08.2025,Audace Cerignola,Avellino,2 Tempo,75',Casa,Sostituzione - Entra,Ruggiero Z.,,6g1xUUjI
Coppa Italia,1/64 FINALE,10.08.2025,Audace Cerignola,Avellino,2 Tempo,75',Casa,Sostituzione - Esce,D'Orazio L.,,6g1xUUjI
Coppa Italia,1/64 FINALE,10.08.2025,Audace Cerignola,Avellino,2 Tempo,75',Casa,Sostituzione - Entra,Spaltro R.,,6g1xUUjI
Coppa Italia,1/64 FINALE,10.08.2025,Audace Cerignola,Avellino,2 Tempo,75',Ospite,Sostituzione - Esce,Lescano F.,,6g1xUUjI
Coppa Italia,1/64 FINALE,10.08.2025,Audace Cerignola,Avellino,2 Tempo,75',Ospite,Sostituzione - Entra,Panico G.,,6g1xUUjI
Coppa Italia,1/64 FINALE,10.08.2025,Audace Cerignola,Avellino,2 Tempo,76',Casa,Cartellino Giallo,Cretella C.,,6g1xUUjI
Coppa Italia,1/64 FINALE,10.08.2025,Audace Cerignola,Avellino,2 Tempo,85',Casa,Sostituzione - Esce,Russo L.,,6g1xUUjI
Coppa Italia,1/64 FINALE,10.08.2025,Audace Cerignola,Avellino,2 Tempo,85',Casa,Sostituzione - Entra,Ingrosso G.,,6g1xUUjI
Coppa Italia,1/64 FINALE,10.08.2025,Audace Cerignola,Avellino,2 Tempo,85',Casa,Sostituzione - Esce,Cuppone L.,,6g1xUUjI
Coppa Italia,1/64 FINALE,10.08.2025,Audace Cerignola,Avellino,2 Tempo,85',Casa,Sostituzione - Entra,Miguel Angel,,6g1xUUjI
Coppa Italia,1/64 FINALE,10.08.2025,Audace Cerignola,Avellino,2 Tempo,85',Ospite,Sostituzione - Esce,Cancellotti T.,,6g1xUUjI
Coppa Italia,1/64 FINALE,10.08.2025,Audace Cerignola,Avellino,2 Tempo,85',Ospite,Sostituzione - Entra,Simic L.,,6g1xUUjI
Coppa Italia,1/64 FINALE,10.08.2025,Audace Cerignola,Avellino,2 Tempo,85',Ospite,Sostituzione - Esce,Russo R.,,6g1xUUjI
Coppa Italia,1/64 FINALE,10.08.2025,Audace Cerignola,Avellino,2 Tempo,85',Ospite,Sostituzione - Entra,Besaggio M.,,6g1xUUjI
Coppa Italia,1/64 FINALE,10.08.2025,Pescara,Rimini,1 Tempo,9',Ospite,Cartellino Giallo,Lepri T.,,SrjwLZ7m
Coppa Italia,1/64 FINALE,10.08.2025,Pescara,Rimini,1 Tempo,17',Ospite,Cartellino Giallo,Garetto M.,,SrjwLZ7m
Coppa Italia,1/64 FINALE,10.08.2025,Pescara,Rimini,1 Tempo,37',Ospite,Cartellino Giallo,De Vitis A.,,SrjwLZ7m
Coppa Italia,1/64 FINALE,10.08.2025,Pescara,Rimini,1 Tempo,39',Ospite,Cartellino Giallo,Fabbri A.,,SrjwLZ7m
Coppa Italia,1/64 FINALE,10.08.2025,Pescara,Rimini,1 Tempo,44',Casa,Gol,Valzania L.,1-0,SrjwLZ7m
Coppa Italia,1/64 FINALE,10.08.2025,Pescara,Rimini,2 Tempo,46',Casa,Sostituzione - Esce,Ferraris A.,,SrjwLZ7m
Coppa Italia,1/64 FINALE,10.08.2025,Pescara,Rimini,2 Tempo,46',Casa,Sostituzione - Entra,Sgarbi L.,,SrjwLZ7m
Coppa Italia,1/64 FINALE,10.08.2025,Pescara,Rimini,2 Tempo,46',Casa,Sostituzione - Esce,Meazzi L.,,SrjwLZ7m
Coppa Italia,1/64 FINALE,10.08.2025,Pescara,Rimini,2 Tempo,46',Casa,Sostituzione - Entra,Olzer G.,,SrjwLZ7m
Coppa Italia,1/64 FINALE,10.08.2025,Pescara,Rimini,2 Tempo,52',Ospite,Sostituzione - Esce,Fabbri A.,,SrjwLZ7m
Coppa Italia,1/64 FINALE,10.08.2025,Pescara,Rimini,2 Tempo,52',Ospite,Sostituzione - Entra,Ubaldi L.,,SrjwLZ7m
Coppa Italia,1/64 FINALE,10.08.2025,Pescara,Rimini,2 Tempo,52',Casa,Sostituzione - Esce,Brosco R.,,SrjwLZ7m
Coppa Italia,1/64 FINALE,10.08.2025,Pescara,Rimini,2 Tempo,52',Casa,Sostituzione - Entra,Staver C.,,SrjwLZ7m
Coppa Italia,1/64 FINALE,10.08.2025,Pescara,Rimini,2 Tempo,56',Casa,Cartellino Giallo,Valzania L.,,SrjwLZ7m
Coppa Italia,1/64 FINALE,10.08.2025,Pescara,Rimini,2 Tempo,76',Ospite,Sostituzione - Esce,De Vitis A.,,SrjwLZ7m
Coppa Italia,1/64 FINALE,10.08.2025,Pescara,Rimini,2 Tempo,76',Ospite,Sostituzione - Entra,Jallow S.,,SrjwLZ7m
Coppa Italia,1/64 FINALE,10.08.2025,Pescara,Rimini,2 Tempo,80',Casa,Sostituzione - Esce,Merola D.,,SrjwLZ7m
Coppa Italia,1/64 FINALE,10.08.2025,Pescara,Rimini,2 Tempo,80',Casa,Sostituzione - Entra,Tonin R.,,SrjwLZ7m
Coppa Italia,1/64 FINALE,10.08.2025,Pescara,Rimini,2 Tempo,87',Casa,Sostituzione - Esce,Cangiano G.,,SrjwLZ7m
Coppa Italia,1/64 FINALE,10.08.2025,Pescara,Rimini,2 Tempo,87',Casa,Sostituzione - Entra,Berardi L.,,SrjwLZ7m
Coppa Italia,1/64 FINALE,10.08.2025,Pescara,Rimini,2 Tempo,87',Ospite,Sostituzione - Esce,Piccoli M.,,SrjwLZ7m
Coppa Italia,1/64 FINALE,10.08.2025,Pescara,Rimini,2 Tempo,87',Ospite,Sostituzione - Entra,Mini M.,,SrjwLZ7m
Coppa Italia,1/64 FINALE,10.08.2025,Padova,L.R. Vicenza,1 Tempo,14',Ospite,Gol,Capello A.,0-1,AR7TVjM5
Coppa Italia,1/64 FINALE,10.08.2025,Padova,L.R. Vicenza,1 Tempo,22',Ospite,Cartellino Giallo,Cuomo G.,,AR7TVjM5
Coppa Italia,1/64 FINALE,10.08.2025,Padova,L.R. Vicenza,1 Tempo,32',Casa,Cartellino Giallo,Pastina C.,,AR7TVjM5
Coppa Italia,1/64 FINALE,10.08.2025,Padova,L.R. Vicenza,1 Tempo,45',Ospite,Cartellino Giallo,Caferri L.,,AR7TVjM5
Coppa Italia,1/64 FINALE,10.08.2025,Padova,L.R. Vicenza,2 Tempo,46',Casa,Sostituzione - Esce,Pastina C.,,AR7TVjM5
Coppa Italia,1/64 FINALE,10.08.2025,Padova,L.R. Vicenza,2 Tempo,46',Casa,Sostituzione - Entra,Villa L.,,AR7TVjM5
Coppa Italia,1/64 FINALE,10.08.2025,Padova,L.R. Vicenza,2 Tempo,46',Ospite,Gol,Caferri L.,0-2,AR7TVjM5
Coppa Italia,1/64 FINALE,10.08.2025,Padova,L.R. Vicenza,2 Tempo,52',Casa,Sostituzione - Esce,Crisetig L.,,AR7TVjM5
Coppa Italia,1/64 FINALE,10.08.2025,Padova,L.R. Vicenza,2 Tempo,52',Casa,Sostituzione - Entra,Baselli D.,,AR7TVjM5
Coppa Italia,1/64 FINALE,10.08.2025,Padova,L.R. Vicenza,2 Tempo,58',Casa,Sostituzione - Esce,Seghetti A.,,AR7TVjM5
Coppa Italia,1/64 FINALE,10.08.2025,Padova,L.R. Vicenza,2 Tempo,58',Casa,Sostituzione - Entra,Buonaiuto C.,,AR7TVjM5
Coppa Italia,1/64 FINALE,10.08.2025,Padova,L.R. Vicenza,2 Tempo,61',Casa,Sostituzione - Esce,Fusi P.,,AR7TVjM5
Coppa Italia,1/64 FINALE,10.08.2025,Padova,L.R. Vicenza,2 Tempo,61',Casa,Sostituzione - Entra,Di Maggio L.,,AR7TVjM5
Coppa Italia,1/64 FINALE,10.08.2025,Padova,L.R. Vicenza,2 Tempo,61',Casa,Sostituzione - Esce,Ghiglione P.,,AR7TVjM5
Coppa Italia,1/64 FINALE,10.08.2025,Padova,L.R. Vicenza,2 Tempo,61',Casa,Sostituzione - Entra,Barreca A.,,AR7TVjM5
Coppa Italia,1/64 FINALE,10.08.2025,Padova,L.R. Vicenza,2 Tempo,66',Ospite,Sostituzione - Esce,Capello A.,,AR7TVjM5
Coppa Italia,1/64 FINALE,10.08.2025,Padova,L.R. Vicenza,2 Tempo,66',Ospite,Sostituzione - Entra,Rauti N.,,AR7TVjM5
Coppa Italia,1/64 FINALE,10.08.2025,Padova,L.R. Vicenza,2 Tempo,66',Ospite,Sostituzione - Esce,Morra C.,,AR7TVjM5
Coppa Italia,1/64 FINALE,10.08.2025,Padova,L.R. Vicenza,2 Tempo,66',Ospite,Sostituzione - Entra,Stuckler D.,,AR7TVjM5
Coppa Italia,1/64 FINALE,10.08.2025,Padova,L.R. Vicenza,2 Tempo,66',Ospite,Sostituzione - Esce,Vitale M.,,AR7TVjM5
Coppa Italia,1/64 FINALE,10.08.2025,Padova,L.R. Vicenza,2 Tempo,66',Ospite,Sostituzione - Entra,Pellizzari G.,,AR7TVjM5
Coppa Italia,1/64 FINALE,10.08.2025,Padova,L.R. Vicenza,2 Tempo,73',Ospite,Sostituzione - Esce,Tribuzzi A.,,AR7TVjM5
Coppa Italia,1/64 FINALE,10.08.2025,Padova,L.R. Vicenza,2 Tempo,73',Ospite,Sostituzione - Entra,Benassai F.,,AR7TVjM5
Coppa Italia,1/64 FINALE,10.08.2025,Padova,L.R. Vicenza,2 Tempo,84',Ospite,Sostituzione - Esce,Cavion M.,,AR7TVjM5
Coppa Italia,1/64 FINALE,10.08.2025,Padova,L.R. Vicenza,2 Tempo,84',Ospite,Sostituzione - Entra,Rada A.,,AR7TVjM5
Coppa Italia,1/64 FINALE,09.08.2025,Entella,Ternana,1 Tempo,16',Casa,Gol,Russo F.,1-0,v7apS8LU
Coppa Italia,1/64 FINALE,09.08.2025,Entella,Ternana,2 Tempo,57',Casa,Sostituzione - Esce,Boccadamo A.,,v7apS8LU
Coppa Italia,1/64 FINALE,09.08.2025,Entella,Ternana,2 Tempo,57',Casa,Sostituzione - Entra,Mezzoni F.,,v7apS8LU
Coppa Italia,1/64 FINALE,09.08.2025,Entella,Ternana,2 Tempo,57',Casa,Sostituzione - Esce,Benali A.,,v7apS8LU
Coppa Italia,1/64 FINALE,09.08.2025,Entella,Ternana,2 Tempo,57',Casa,Sostituzione - Entra,Nichetti M.,,v7apS8LU
Coppa Italia,1/64 FINALE,09.08.2025,Entella,Ternana,2 Tempo,57',Casa,Sostituzione - Esce,Russo F.,,v7apS8LU
Coppa Italia,1/64 FINALE,09.08.2025,Entella,Ternana,2 Tempo,57',Casa,Sostituzione - Entra,Fumagalli T.,,v7apS8LU
Coppa Italia,1/64 FINALE,09.08.2025,Entella,Ternana,2 Tempo,57',Ospite,Sostituzione - Esce,Maestrelli A.,,v7apS8LU
Coppa Italia,1/64 FINALE,09.08.2025,Entella,Ternana,2 Tempo,57',Ospite,Sostituzione - Entra,Bruti T.,,v7apS8LU
Coppa Italia,1/64 FINALE,09.08.2025,Entella,Ternana,2 Tempo,59',Casa,Gol,Franzoni A.,2-0,v7apS8LU
Coppa Italia,1/64 FINALE,09.08.2025,Entella,Ternana,2 Tempo,64',Ospite,Sostituzione - Esce,Orellana M.,,v7apS8LU
Coppa Italia,1/64 FINALE,09.08.2025,Entella,Ternana,2 Tempo,64',Ospite,Sostituzione - Entra,Longoni M.,,v7apS8LU
Coppa Italia,1/64 FINALE,09.08.2025,Entella,Ternana,2 Tempo,64',Ospite,Sostituzione - Esce,Ferrante A.,,v7apS8LU
Coppa Italia,1/64 FINALE,09.08.2025,Entella,Ternana,2 Tempo,64',Ospite,Sostituzione - Entra,Donnarumma A.,,v7apS8LU
Coppa Italia,1/64 FINALE,09.08.2025,Entella,Ternana,2 Tempo,70',Casa,Gol,Fumagalli T.,3-0,v7apS8LU
Coppa Italia,1/64 FINALE,09.08.2025,Entella,Ternana,2 Tempo,72',Casa,Sostituzione - Esce,Karic N.,,v7apS8LU
Coppa Italia,1/64 FINALE,09.08.2025,Entella,Ternana,2 Tempo,72',Casa,Sostituzione - Entra,Dalla Vecchia M.,,v7apS8LU
Coppa Italia,1/64 FINALE,09.08.2025,Entella,Ternana,2 Tempo,79',Casa,Sostituzione - Esce,Guiu B.,,v7apS8LU
Coppa Italia,1/64 FINALE,09.08.2025,Entella,Ternana,2 Tempo,79',Casa,Sostituzione - Entra,Castelli D.,,v7apS8LU
Coppa Italia,1/64 FINALE,09.08.2025,Entella,Ternana,2 Tempo,84',Ospite,Sostituzione - Esce,Coltorti A.,,v7apS8LU
Coppa Italia,1/64 FINALE,09.08.2025,Entella,Ternana,2 Tempo,84',Ospite,Sostituzione - Entra,Turella M.,,v7apS8LU
Coppa Italia,1/64 FINALE,09.08.2025,Entella,Ternana,2 Tempo,84',Ospite,Sostituzione - Esce,Martella B.,,v7apS8LU
Coppa Italia,1/64 FINALE,09.08.2025,Entella,Ternana,2 Tempo,84',Ospite,Sostituzione - Entra,Biondini G.,,v7apS8LU
Coppa Italia,1/64 FINALE,09.08.2025,Entella,Ternana,2 Tempo,85',Casa,Gol,Di Mario S.,4-0,v7apS8LU
