Competizione,Turno,Data,Casa,Ospite,Lato,Squadra,Modulo,Gruppo,Ordine,Numero,Giocatore,Ruolo,Rating,Entrato al,Uscito al,ID partita
DFB-Pokal,FINALE,23.05.2026,Bayern,Stoccarda,Casa,Bayern,4-2-3-1,Titolare,1,40,Urbig J.,Portiere,7.1,,,2VWWP3Cc
DFB-Pokal,FINALE,23.05.2026,Bayern,Stoccarda,Casa,Bayern,4-2-3-1,Titolare,2,27,Laimer K.,,5.6,,90+5',2VWWP3Cc
DFB-Pokal,FINALE,23.05.2026,Bayern,Stoccarda,Casa,Bayern,4-2-3-1,Titolare,3,2,Upamecano D.,,7.4,,,2VWWP3Cc
DFB-Pokal,FINALE,23.05.2026,Bayern,Stoccarda,Casa,Bayern,4-2-3-1,Titolare,4,4,Tah J.,,6.7,,,2VWWP3Cc
DFB-Pokal,FINALE,23.05.2026,Bayern,Stoccarda,Casa,Bayern,4-2-3-1,Titolare,5,44,Stanisic J.,,6.1,,90+5',2VWWP3Cc
DFB-Pokal,FINALE,23.05.2026,Bayern,Stoccarda,Casa,Bayern,4-2-3-1,Titolare,6,6,Kimmich J.,Capitano,8.2,,,2VWWP3Cc
DFB-Pokal,FINALE,23.05.2026,Bayern,Stoccarda,Casa,Bayern,4-2-3-1,Titolare,7,45,Pavlovic A.,,6.4,,90',2VWWP3Cc
DFB-Pokal,FINALE,23.05.2026,Bayern,Stoccarda,Casa,Bayern,4-2-3-1,Titolare,8,17,Olise M.,,6.7,,90+5',2VWWP3Cc
DFB-Pokal,FINALE,23.05.2026,Bayern,Stoccarda,Casa,Bayern,4-2-3-1,Titolare,9,10,Musiala J.,,5.7,,76',2VWWP3Cc
DFB-Pokal,FINALE,23.05.2026,Bayern,Stoccarda,Casa,Bayern,4-2-3-1,Titolare,10,14,Diaz L.,,5.8,,,2VWWP3Cc
DFB-Pokal,FINALE,23.05.2026,Bayern,Stoccarda,Casa,Bayern,4-2-3-1,Titolare,11,9,Kane H.,,9.2,,,2VWWP3Cc
DFB-Pokal,FINALE,23.05.2026,Bayern,Stoccarda,Casa,Bayern,4-2-3-1,Panchina,1,20,Bischof T.,,,90+5',,2VWWP3Cc
DFB-Pokal,FINALE,23.05.2026,Bayern,Stoccarda,Casa,Bayern,4-2-3-1,Panchina,2,8,Goretzka L.,,,90',,2VWWP3Cc
DFB-Pokal,FINALE,23.05.2026,Bayern,Stoccarda,Casa,Bayern,4-2-3-1,Panchina,3,22,Guerreiro R.,,,90+5',,2VWWP3Cc
DFB-Pokal,FINALE,23.05.2026,Bayern,Stoccarda,Casa,Bayern,4-2-3-1,Panchina,4,21,Ito H.,,,90+5',,2VWWP3Cc
DFB-Pokal,FINALE,23.05.2026,Bayern,Stoccarda,Casa,Bayern,4-2-3-1,Panchina,5,11,Jackson N.,,,,,2VWWP3Cc
DFB-Pokal,FINALE,23.05.2026,Bayern,Stoccarda,Casa,Bayern,4-2-3-1,Panchina,6,42,Karl L.,,6.4,76',,2VWWP3Cc
DFB-Pokal,FINALE,23.05.2026,Bayern,Stoccarda,Casa,Bayern,4-2-3-1,Panchina,7,3,Kim Min-Jae,,,,,2VWWP3Cc
DFB-Pokal,FINALE,23.05.2026,Bayern,Stoccarda,Casa,Bayern,4-2-3-1,Panchina,8,39,Sapoko Ndiaye B.,,,,,2VWWP3Cc
DFB-Pokal,FINALE,23.05.2026,Bayern,Stoccarda,Casa,Bayern,4-2-3-1,Panchina,9,26,Ulreich S.,Portiere,,,,2VWWP3Cc
DFB-Pokal,FINALE,23.05.2026,Bayern,Stoccarda,Ospite,Stoccarda,3-4-2-1,Titolare,1,33,Nubel A.,Portiere,5.9,,,2VWWP3Cc
DFB-Pokal,FINALE,23.05.2026,Bayern,Stoccarda,Ospite,Stoccarda,3-4-2-1,Titolare,2,14,Jaquez L.,,6.7,,64',2VWWP3Cc
DFB-Pokal,FINALE,23.05.2026,Bayern,Stoccarda,Ospite,Stoccarda,3-4-2-1,Titolare,3,24,Chabot J.,,6.5,,,2VWWP3Cc
DFB-Pokal,FINALE,23.05.2026,Bayern,Stoccarda,Ospite,Stoccarda,3-4-2-1,Titolare,4,3,Hendriks R.,,6.8,,,2VWWP3Cc
DFB-Pokal,FINALE,23.05.2026,Bayern,Stoccarda,Ospite,Stoccarda,3-4-2-1,Titolare,5,18,Leweling J.,,5.5,,,2VWWP3Cc
DFB-Pokal,FINALE,23.05.2026,Bayern,Stoccarda,Ospite,Stoccarda,3-4-2-1,Titolare,6,6,Stiller A.,,5.8,,,2VWWP3Cc
DFB-Pokal,FINALE,23.05.2026,Bayern,Stoccarda,Ospite,Stoccarda,3-4-2-1,Titolare,7,30,Andres C.,,6.1,,84',2VWWP3Cc
DFB-Pokal,FINALE,23.05.2026,Bayern,Stoccarda,Ospite,Stoccarda,3-4-2-1,Titolare,8,7,Mittelstadt M.,,7.2,,,2VWWP3Cc
DFB-Pokal,FINALE,23.05.2026,Bayern,Stoccarda,Ospite,Stoccarda,3-4-2-1,Titolare,9,26,Undav D.,Capitano,6.1,,,2VWWP3Cc
DFB-Pokal,FINALE,23.05.2026,Bayern,Stoccarda,Ospite,Stoccarda,3-4-2-1,Titolare,10,10,Fuhrich C.,,6.4,,78',2VWWP3Cc
DFB-Pokal,FINALE,23.05.2026,Bayern,Stoccarda,Ospite,Stoccarda,3-4-2-1,Titolare,11,9,Demirovic E.,,5.6,,84',2VWWP3Cc
DFB-Pokal,FINALE,23.05.2026,Bayern,Stoccarda,Ospite,Stoccarda,3-4-2-1,Panchina,1,22,Assignon L.,,,,,2VWWP3Cc
DFB-Pokal,FINALE,23.05.2026,Bayern,Stoccarda,Ospite,Stoccarda,3-4-2-1,Panchina,2,27,Bouanani B.,,,,,2VWWP3Cc
DFB-Pokal,FINALE,23.05.2026,Bayern,Stoccarda,Ospite,Stoccarda,3-4-2-1,Panchina,3,1,Bredlow F.,Portiere,,,,2VWWP3Cc
DFB-Pokal,FINALE,23.05.2026,Bayern,Stoccarda,Ospite,Stoccarda,3-4-2-1,Panchina,4,11,El Khannouss B.,,6.4,78',,2VWWP3Cc
DFB-Pokal,FINALE,23.05.2026,Bayern,Stoccarda,Ospite,Stoccarda,3-4-2-1,Panchina,5,29,Jeltsch F.,,6.3,64',,2VWWP3Cc
DFB-Pokal,FINALE,23.05.2026,Bayern,Stoccarda,Ospite,Stoccarda,3-4-2-1,Panchina,6,16,Karazor A.,,,,,2VWWP3Cc
DFB-Pokal,FINALE,23.05.2026,Bayern,Stoccarda,Ospite,Stoccarda,3-4-2-1,Panchina,7,28,Nartey N.,,,84',,2VWWP3Cc
DFB-Pokal,FINALE,23.05.2026,Bayern,Stoccarda,Ospite,Stoccarda,3-4-2-1,Panchina,8,8,Tomas T.,,,84',,2VWWP3Cc
DFB-Pokal,FINALE,23.05.2026,Bayern,Stoccarda,Ospite,Stoccarda,3-4-2-1,Panchina,9,4,Vagnoman J.,,,,,2VWWP3Cc
DFB-Pokal,SEMI FINALI,23.04.2026,Stoccarda,Friburgo,Casa,Stoccarda,3-4-1-2,Titolare,1,33,Nubel A.,Portiere,7.3,,,dAmVwZvJ
DFB-Pokal,SEMI FINALI,23.04.2026,Stoccarda,Friburgo,Casa,Stoccarda,3-4-1-2,Titolare,2,3,Hendriks R.,,7.1,,98',dAmVwZvJ
DFB-Pokal,SEMI FINALI,23.04.2026,Stoccarda,Friburgo,Casa,Stoccarda,3-4-1-2,Titolare,3,24,Chabot J.,,8.5,,,dAmVwZvJ
DFB-Pokal,SEMI FINALI,23.04.2026,Stoccarda,Friburgo,Casa,Stoccarda,3-4-1-2,Titolare,4,7,Mittelstadt M.,,6.8,,,dAmVwZvJ
DFB-Pokal,SEMI FINALI,23.04.2026,Stoccarda,Friburgo,Casa,Stoccarda,3-4-1-2,Titolare,5,18,Leweling J.,,7.6,,,dAmVwZvJ
DFB-Pokal,SEMI FINALI,23.04.2026,Stoccarda,Friburgo,Casa,Stoccarda,3-4-1-2,Titolare,6,16,Karazor A.,Capitano,7.2,,,dAmVwZvJ
DFB-Pokal,SEMI FINALI,23.04.2026,Stoccarda,Friburgo,Casa,Stoccarda,3-4-1-2,Titolare,7,6,Stiller A.,,7.2,,,dAmVwZvJ
DFB-Pokal,SEMI FINALI,23.04.2026,Stoccarda,Friburgo,Casa,Stoccarda,3-4-1-2,Titolare,8,10,Fuhrich C.,,6.9,,118',dAmVwZvJ
DFB-Pokal,SEMI FINALI,23.04.2026,Stoccarda,Friburgo,Casa,Stoccarda,3-4-1-2,Titolare,9,28,Nartey N.,,6.5,,63',dAmVwZvJ
DFB-Pokal,SEMI FINALI,23.04.2026,Stoccarda,Friburgo,Casa,Stoccarda,3-4-1-2,Titolare,10,9,Demirovic E.,,6.3,,91',dAmVwZvJ
DFB-Pokal,SEMI FINALI,23.04.2026,Stoccarda,Friburgo,Casa,Stoccarda,3-4-1-2,Titolare,11,26,Undav D.,,9.3,,118',dAmVwZvJ
DFB-Pokal,SEMI FINALI,23.04.2026,Stoccarda,Friburgo,Casa,Stoccarda,3-4-1-2,Panchina,1,30,Andres C.,,,,,dAmVwZvJ
DFB-Pokal,SEMI FINALI,23.04.2026,Stoccarda,Friburgo,Casa,Stoccarda,3-4-1-2,Panchina,2,22,Assignon L.,,,,,dAmVwZvJ
DFB-Pokal,SEMI FINALI,23.04.2026,Stoccarda,Friburgo,Casa,Stoccarda,3-4-1-2,Panchina,3,27,Bouanani B.,,,118',,dAmVwZvJ
DFB-Pokal,SEMI FINALI,23.04.2026,Stoccarda,Friburgo,Casa,Stoccarda,3-4-1-2,Panchina,4,1,Bredlow F.,Portiere,,,,dAmVwZvJ
DFB-Pokal,SEMI FINALI,23.04.2026,Stoccarda,Friburgo,Casa,Stoccarda,3-4-1-2,Panchina,5,11,El Khannouss B.,,7.5,63',,dAmVwZvJ
DFB-Pokal,SEMI FINALI,23.04.2026,Stoccarda,Friburgo,Casa,Stoccarda,3-4-1-2,Panchina,6,14,Jaquez L.,,6.8,98',,dAmVwZvJ
DFB-Pokal,SEMI FINALI,23.04.2026,Stoccarda,Friburgo,Casa,Stoccarda,3-4-1-2,Panchina,7,8,Tomas T.,,7.8,91',,dAmVwZvJ
DFB-Pokal,SEMI FINALI,23.04.2026,Stoccarda,Friburgo,Casa,Stoccarda,3-4-1-2,Panchina,8,4,Vagnoman J.,,,118',,dAmVwZvJ
DFB-Pokal,SEMI FINALI,23.04.2026,Stoccarda,Friburgo,Casa,Stoccarda,3-4-1-2,Panchina,9,23,Zagadou D.,,,,,dAmVwZvJ
DFB-Pokal,SEMI FINALI,23.04.2026,Stoccarda,Friburgo,Ospite,Friburgo,4-2-3-1,Titolare,1,21,Muller F.,Portiere,8.4,,,dAmVwZvJ
DFB-Pokal,SEMI FINALI,23.04.2026,Stoccarda,Friburgo,Ospite,Friburgo,4-2-3-1,Titolare,2,29,Treu P.,,6.0,,113',dAmVwZvJ
DFB-Pokal,SEMI FINALI,23.04.2026,Stoccarda,Friburgo,Ospite,Friburgo,4-2-3-1,Titolare,3,28,Ginter M.,,7.1,,,dAmVwZvJ
DFB-Pokal,SEMI FINALI,23.04.2026,Stoccarda,Friburgo,Ospite,Friburgo,4-2-3-1,Titolare,4,3,Lienhart P.,,6.9,,,dAmVwZvJ
DFB-Pokal,SEMI FINALI,23.04.2026,Stoccarda,Friburgo,Ospite,Friburgo,4-2-3-1,Titolare,5,33,Makengo J.,,5.6,,101',dAmVwZvJ
DFB-Pokal,SEMI FINALI,23.04.2026,Stoccarda,Friburgo,Ospite,Friburgo,4-2-3-1,Titolare,6,8,Eggestein M.,,6.9,,,dAmVwZvJ
DFB-Pokal,SEMI FINALI,23.04.2026,Stoccarda,Friburgo,Ospite,Friburgo,4-2-3-1,Titolare,7,44,Manzambi J.,,6.2,,,dAmVwZvJ
DFB-Pokal,SEMI FINALI,23.04.2026,Stoccarda,Friburgo,Ospite,Friburgo,4-2-3-1,Titolare,8,19,Beste J.,,6.6,,102',dAmVwZvJ
DFB-Pokal,SEMI FINALI,23.04.2026,Stoccarda,Friburgo,Ospite,Friburgo,4-2-3-1,Titolare,9,14,Suzuki Y.,,6.5,,,dAmVwZvJ
DFB-Pokal,SEMI FINALI,23.04.2026,Stoccarda,Friburgo,Ospite,Friburgo,4-2-3-1,Titolare,10,32,Grifo V.,Capitano,7.1,,71',dAmVwZvJ
DFB-Pokal,SEMI FINALI,23.04.2026,Stoccarda,Friburgo,Ospite,Friburgo,4-2-3-1,Titolare,11,31,Matanovic I.,,6.8,,84',dAmVwZvJ
DFB-Pokal,SEMI FINALI,23.04.2026,Stoccarda,Friburgo,Ospite,Friburgo,4-2-3-1,Panchina,1,1,Atubolu N.,Portiere,,,,dAmVwZvJ
DFB-Pokal,SEMI FINALI,23.04.2026,Stoccarda,Friburgo,Ospite,Friburgo,4-2-3-1,Panchina,2,30,Gunter C.,,6.5,101',,dAmVwZvJ
DFB-Pokal,SEMI FINALI,23.04.2026,Stoccarda,Friburgo,Ospite,Friburgo,4-2-3-1,Panchina,3,27,Höfler N.,,,,,dAmVwZvJ
DFB-Pokal,SEMI FINALI,23.04.2026,Stoccarda,Friburgo,Ospite,Friburgo,4-2-3-1,Panchina,4,9,Holer L.,,5.8,84',,dAmVwZvJ
DFB-Pokal,SEMI FINALI,23.04.2026,Stoccarda,Friburgo,Ospite,Friburgo,4-2-3-1,Panchina,5,22,Irie C.,,,,,dAmVwZvJ
DFB-Pokal,SEMI FINALI,23.04.2026,Stoccarda,Friburgo,Ospite,Friburgo,4-2-3-1,Panchina,6,17,Kubler L.,,6.5,102',,dAmVwZvJ
DFB-Pokal,SEMI FINALI,23.04.2026,Stoccarda,Friburgo,Ospite,Friburgo,4-2-3-1,Panchina,7,43,Ogbus B.,,,113',,dAmVwZvJ
DFB-Pokal,SEMI FINALI,23.04.2026,Stoccarda,Friburgo,Ospite,Friburgo,4-2-3-1,Panchina,8,26,Philipp M.,,,,,dAmVwZvJ
DFB-Pokal,SEMI FINALI,23.04.2026,Stoccarda,Friburgo,Ospite,Friburgo,4-2-3-1,Panchina,9,7,Scherhant D.,,6.3,71',,dAmVwZvJ
DFB-Pokal,SEMI FINALI,22.04.2026,Leverkusen,Bayern,Casa,Leverkusen,3-4-2-1,Titolare,1,1,Flekken M.,Portiere,8.7,,,l4zH1xXP
DFB-Pokal,SEMI FINALI,22.04.2026,Leverkusen,Bayern,Casa,Leverkusen,3-4-2-1,Titolare,2,4,Quansah J.,,5.4,,,l4zH1xXP
DFB-Pokal,SEMI FINALI,22.04.2026,Leverkusen,Bayern,Casa,Leverkusen,3-4-2-1,Titolare,3,8,Andrich R.,Capitano,7.0,,84',l4zH1xXP
DFB-Pokal,SEMI FINALI,22.04.2026,Leverkusen,Bayern,Casa,Leverkusen,3-4-2-1,Titolare,4,12,Tapsoba E.,,6.2,,,l4zH1xXP
DFB-Pokal,SEMI FINALI,22.04.2026,Leverkusen,Bayern,Casa,Leverkusen,3-4-2-1,Titolare,5,21,Lucas,,6.1,,39',l4zH1xXP
DFB-Pokal,SEMI FINALI,22.04.2026,Leverkusen,Bayern,Casa,Leverkusen,3-4-2-1,Titolare,6,25,Palacios E.,,6.5,,,l4zH1xXP
DFB-Pokal,SEMI FINALI,22.04.2026,Leverkusen,Bayern,Casa,Leverkusen,3-4-2-1,Titolare,7,24,Garcia A.,,6.7,,,l4zH1xXP
DFB-Pokal,SEMI FINALI,22.04.2026,Leverkusen,Bayern,Casa,Leverkusen,3-4-2-1,Titolare,8,20,Grimaldo A.,,6.5,,,l4zH1xXP
DFB-Pokal,SEMI FINALI,22.04.2026,Leverkusen,Bayern,Casa,Leverkusen,3-4-2-1,Titolare,9,30,Maza I.,,6.2,,,l4zH1xXP
DFB-Pokal,SEMI FINALI,22.04.2026,Leverkusen,Bayern,Casa,Leverkusen,3-4-2-1,Titolare,10,23,Tella N.,,6.0,,77',l4zH1xXP
DFB-Pokal,SEMI FINALI,22.04.2026,Leverkusen,Bayern,Casa,Leverkusen,3-4-2-1,Titolare,11,14,Schick P.,,6.0,,,l4zH1xXP
DFB-Pokal,SEMI FINALI,22.04.2026,Leverkusen,Bayern,Casa,Leverkusen,3-4-2-1,Panchina,1,5,Bade L.,,,,,l4zH1xXP
DFB-Pokal,SEMI FINALI,22.04.2026,Leverkusen,Bayern,Casa,Leverkusen,3-4-2-1,Panchina,2,17,Ben Seghir E.,,,,,l4zH1xXP
DFB-Pokal,SEMI FINALI,22.04.2026,Leverkusen,Bayern,Casa,Leverkusen,3-4-2-1,Panchina,3,28,Blaswich J.,Portiere,,,,l4zH1xXP
DFB-Pokal,SEMI FINALI,22.04.2026,Leverkusen,Bayern,Casa,Leverkusen,3-4-2-1,Panchina,4,42,Culbreath M.,,6.5,77',,l4zH1xXP
DFB-Pokal,SEMI FINALI,22.04.2026,Leverkusen,Bayern,Casa,Leverkusen,3-4-2-1,Panchina,5,6,Fernandez E.,,,,,l4zH1xXP
DFB-Pokal,SEMI FINALI,22.04.2026,Leverkusen,Bayern,Casa,Leverkusen,3-4-2-1,Panchina,6,7,Hofmann J.,,,,,l4zH1xXP
DFB-Pokal,SEMI FINALI,22.04.2026,Leverkusen,Bayern,Casa,Leverkusen,3-4-2-1,Panchina,7,15,Oermann T.,,,,,l4zH1xXP
DFB-Pokal,SEMI FINALI,22.04.2026,Leverkusen,Bayern,Casa,Leverkusen,3-4-2-1,Panchina,8,19,Poku E.,,7.0,39',,l4zH1xXP
DFB-Pokal,SEMI FINALI,22.04.2026,Leverkusen,Bayern,Casa,Leverkusen,3-4-2-1,Panchina,9,10,Tillman M.,,,84',,l4zH1xXP
DFB-Pokal,SEMI FINALI,22.04.2026,Leverkusen,Bayern,Ospite,Bayern,4-2-3-1,Titolare,1,1,Neuer M.,Portiere,7.3,,,l4zH1xXP
DFB-Pokal,SEMI FINALI,22.04.2026,Leverkusen,Bayern,Ospite,Bayern,4-2-3-1,Titolare,2,44,Stanisic J.,,7.0,,,l4zH1xXP
DFB-Pokal,SEMI FINALI,22.04.2026,Leverkusen,Bayern,Ospite,Bayern,4-2-3-1,Titolare,3,2,Upamecano D.,,8.4,,,l4zH1xXP
DFB-Pokal,SEMI FINALI,22.04.2026,Leverkusen,Bayern,Ospite,Bayern,4-2-3-1,Titolare,4,4,Tah J.,,7.9,,,l4zH1xXP
DFB-Pokal,SEMI FINALI,22.04.2026,Leverkusen,Bayern,Ospite,Bayern,4-2-3-1,Titolare,5,27,Laimer K.,,6.5,,74',l4zH1xXP
DFB-Pokal,SEMI FINALI,22.04.2026,Leverkusen,Bayern,Ospite,Bayern,4-2-3-1,Titolare,6,6,Kimmich J.,,8.2,,,l4zH1xXP
DFB-Pokal,SEMI FINALI,22.04.2026,Leverkusen,Bayern,Ospite,Bayern,4-2-3-1,Titolare,7,45,Pavlovic A.,,7.2,,73',l4zH1xXP
DFB-Pokal,SEMI FINALI,22.04.2026,Leverkusen,Bayern,Ospite,Bayern,4-2-3-1,Titolare,8,17,Olise M.,,8.4,,,l4zH1xXP
DFB-Pokal,SEMI FINALI,22.04.2026,Leverkusen,Bayern,Ospite,Bayern,4-2-3-1,Titolare,9,10,Musiala J.,,8.1,,84',l4zH1xXP
DFB-Pokal,SEMI FINALI,22.04.2026,Leverkusen,Bayern,Ospite,Bayern,4-2-3-1,Titolare,10,14,Diaz L.,,8.8,,,l4zH1xXP
DFB-Pokal,SEMI FINALI,22.04.2026,Leverkusen,Bayern,Ospite,Bayern,4-2-3-1,Titolare,11,9,Kane H.,,7.8,,,l4zH1xXP
DFB-Pokal,SEMI FINALI,22.04.2026,Leverkusen,Bayern,Ospite,Bayern,4-2-3-1,Panchina,1,19,Davies A.,,6.4,74',,l4zH1xXP
DFB-Pokal,SEMI FINALI,22.04.2026,Leverkusen,Bayern,Ospite,Bayern,4-2-3-1,Panchina,2,8,Goretzka L.,,7.1,73',,l4zH1xXP
DFB-Pokal,SEMI FINALI,22.04.2026,Leverkusen,Bayern,Ospite,Bayern,4-2-3-1,Panchina,3,22,Guerreiro R.,,,,,l4zH1xXP
DFB-Pokal,SEMI FINALI,22.04.2026,Leverkusen,Bayern,Ospite,Bayern,4-2-3-1,Panchina,4,21,Ito H.,,,,,l4zH1xXP
DFB-Pokal,SEMI FINALI,22.04.2026,Leverkusen,Bayern,Ospite,Bayern,4-2-3-1,Panchina,5,11,Jackson N.,,,,,l4zH1xXP
DFB-Pokal,SEMI FINALI,22.04.2026,Leverkusen,Bayern,Ospite,Bayern,4-2-3-1,Panchina,6,3,Kim Min-Jae,,,84',,l4zH1xXP
DFB-Pokal,SEMI FINALI,22.04.2026,Leverkusen,Bayern,Ospite,Bayern,4-2-3-1,Panchina,7,34,Ofli D.,,,,,l4zH1xXP
DFB-Pokal,SEMI FINALI,22.04.2026,Leverkusen,Bayern,Ospite,Bayern,4-2-3-1,Panchina,8,39,Sapoko Ndiaye B.,,,,,l4zH1xXP
DFB-Pokal,SEMI FINALI,22.04.2026,Leverkusen,Bayern,Ospite,Bayern,4-2-3-1,Panchina,9,40,Urbig J.,Portiere,,,,l4zH1xXP
DFB-Pokal,QUARTI DI FINALE,11.02.2026,Bayern,RB Lipsia,Casa,Bayern,4-2-3-1,Titolare,1,1,Neuer M.,Portiere,7.2,,,f3czdX2n
DFB-Pokal,QUARTI DI FINALE,11.02.2026,Bayern,RB Lipsia,Casa,Bayern,4-2-3-1,Titolare,2,44,Stanisic J.,,7.6,,69',f3czdX2n
DFB-Pokal,QUARTI DI FINALE,11.02.2026,Bayern,RB Lipsia,Casa,Bayern,4-2-3-1,Titolare,3,2,Upamecano D.,,7.9,,,f3czdX2n
DFB-Pokal,QUARTI DI FINALE,11.02.2026,Bayern,RB Lipsia,Casa,Bayern,4-2-3-1,Titolare,4,4,Tah J.,,7.8,,,f3czdX2n
DFB-Pokal,QUARTI DI FINALE,11.02.2026,Bayern,RB Lipsia,Casa,Bayern,4-2-3-1,Titolare,5,19,Davies A.,,7.3,,90+4',f3czdX2n
DFB-Pokal,QUARTI DI FINALE,11.02.2026,Bayern,RB Lipsia,Casa,Bayern,4-2-3-1,Titolare,6,6,Kimmich J.,,7.7,,,f3czdX2n
DFB-Pokal,QUARTI DI FINALE,11.02.2026,Bayern,RB Lipsia,Casa,Bayern,4-2-3-1,Titolare,7,45,Pavlovic A.,,7.0,,80',f3czdX2n
DFB-Pokal,QUARTI DI FINALE,11.02.2026,Bayern,RB Lipsia,Casa,Bayern,4-2-3-1,Titolare,8,17,Olise M.,,8.2,,,f3czdX2n
DFB-Pokal,QUARTI DI FINALE,11.02.2026,Bayern,RB Lipsia,Casa,Bayern,4-2-3-1,Titolare,9,7,Gnabry S.,,6.7,,69',f3czdX2n
DFB-Pokal,QUARTI DI FINALE,11.02.2026,Bayern,RB Lipsia,Casa,Bayern,4-2-3-1,Titolare,10,14,Diaz L.,,7.2,,,f3czdX2n
DFB-Pokal,QUARTI DI FINALE,11.02.2026,Bayern,RB Lipsia,Casa,Bayern,4-2-3-1,Titolare,11,9,Kane H.,,8.0,,,f3czdX2n
DFB-Pokal,QUARTI DI FINALE,11.02.2026,Bayern,RB Lipsia,Casa,Bayern,4-2-3-1,Panchina,1,20,Bischof T.,,,,,f3czdX2n
DFB-Pokal,QUARTI DI FINALE,11.02.2026,Bayern,RB Lipsia,Casa,Bayern,4-2-3-1,Panchina,2,8,Goretzka L.,,,80',,f3czdX2n
DFB-Pokal,QUARTI DI FINALE,11.02.2026,Bayern,RB Lipsia,Casa,Bayern,4-2-3-1,Panchina,3,22,Guerreiro R.,,,,,f3czdX2n
DFB-Pokal,QUARTI DI FINALE,11.02.2026,Bayern,RB Lipsia,Casa,Bayern,4-2-3-1,Panchina,4,21,Ito H.,,,90+4',,f3czdX2n
DFB-Pokal,QUARTI DI FINALE,11.02.2026,Bayern,RB Lipsia,Casa,Bayern,4-2-3-1,Panchina,5,42,Karl L.,,,,,f3czdX2n
DFB-Pokal,QUARTI DI FINALE,11.02.2026,Bayern,RB Lipsia,Casa,Bayern,4-2-3-1,Panchina,6,3,Kim Min-Jae,,,,,f3czdX2n
DFB-Pokal,QUARTI DI FINALE,11.02.2026,Bayern,RB Lipsia,Casa,Bayern,4-2-3-1,Panchina,7,27,Laimer K.,,6.6,69',,f3czdX2n
DFB-Pokal,QUARTI DI FINALE,11.02.2026,Bayern,RB Lipsia,Casa,Bayern,4-2-3-1,Panchina,8,10,Musiala J.,,6.7,69',,f3czdX2n
DFB-Pokal,QUARTI DI FINALE,11.02.2026,Bayern,RB Lipsia,Casa,Bayern,4-2-3-1,Panchina,9,40,Urbig J.,Portiere,,,,f3czdX2n
DFB-Pokal,QUARTI DI FINALE,11.02.2026,Bayern,RB Lipsia,Ospite,RB Lipsia,4-3-3,Titolare,1,26,Vandevoordt M.,Portiere,6.5,,,f3czdX2n
DFB-Pokal,QUARTI DI FINALE,11.02.2026,Bayern,RB Lipsia,Ospite,RB Lipsia,4-3-3,Titolare,2,17,Baku R.,,6.6,,,f3czdX2n
DFB-Pokal,QUARTI DI FINALE,11.02.2026,Bayern,RB Lipsia,Ospite,RB Lipsia,4-3-3,Titolare,3,4,Orban W.,,7.0,,,f3czdX2n
DFB-Pokal,QUARTI DI FINALE,11.02.2026,Bayern,RB Lipsia,Ospite,RB Lipsia,4-3-3,Titolare,4,23,Lukeba C.,,6.4,,90+4',f3czdX2n
DFB-Pokal,QUARTI DI FINALE,11.02.2026,Bayern,RB Lipsia,Ospite,RB Lipsia,4-3-3,Titolare,5,22,Raum D.,Capitano,7.2,,,f3czdX2n
DFB-Pokal,QUARTI DI FINALE,11.02.2026,Bayern,RB Lipsia,Ospite,RB Lipsia,4-3-3,Titolare,6,24,Schlager X.,,5.4,,78',f3czdX2n
DFB-Pokal,QUARTI DI FINALE,11.02.2026,Bayern,RB Lipsia,Ospite,RB Lipsia,4-3-3,Titolare,7,13,Seiwald N.,,5.2,,,f3czdX2n
DFB-Pokal,QUARTI DI FINALE,11.02.2026,Bayern,RB Lipsia,Ospite,RB Lipsia,4-3-3,Titolare,8,14,Baumgartner C.,,5.3,,89',f3czdX2n
DFB-Pokal,QUARTI DI FINALE,11.02.2026,Bayern,RB Lipsia,Ospite,RB Lipsia,4-3-3,Titolare,9,49,Diomande Y.,,6.7,,,f3czdX2n
DFB-Pokal,QUARTI DI FINALE,11.02.2026,Bayern,RB Lipsia,Ospite,RB Lipsia,4-3-3,Titolare,10,40,Romulo Cardoso,,6.0,,78',f3czdX2n
DFB-Pokal,QUARTI DI FINALE,11.02.2026,Bayern,RB Lipsia,Ospite,RB Lipsia,4-3-3,Titolare,11,7,Nusa A.,,5.7,,78',f3czdX2n
DFB-Pokal,QUARTI DI FINALE,11.02.2026,Bayern,RB Lipsia,Ospite,RB Lipsia,4-3-3,Panchina,1,9,Bakayoko J.,,,,,f3czdX2n
DFB-Pokal,QUARTI DI FINALE,11.02.2026,Bayern,RB Lipsia,Ospite,RB Lipsia,4-3-3,Panchina,2,6,Banzuzi E.,,6.4,78',,f3czdX2n
DFB-Pokal,QUARTI DI FINALE,11.02.2026,Bayern,RB Lipsia,Ospite,RB Lipsia,4-3-3,Panchina,3,5,Bitshiabu E.,,,90+4',,f3czdX2n
DFB-Pokal,QUARTI DI FINALE,11.02.2026,Bayern,RB Lipsia,Ospite,RB Lipsia,4-3-3,Panchina,4,35,Finkgrafe M.,,,,,f3czdX2n
DFB-Pokal,QUARTI DI FINALE,11.02.2026,Bayern,RB Lipsia,Ospite,RB Lipsia,4-3-3,Panchina,5,27,Gomis T.,,,89',,f3czdX2n
DFB-Pokal,QUARTI DI FINALE,11.02.2026,Bayern,RB Lipsia,Ospite,RB Lipsia,4-3-3,Panchina,6,10,Gruda B.,,6.4,78',,f3czdX2n
DFB-Pokal,QUARTI DI FINALE,11.02.2026,Bayern,RB Lipsia,Ospite,RB Lipsia,4-3-3,Panchina,7,1,Gulacsi P.,Portiere,,,,f3czdX2n
DFB-Pokal,QUARTI DI FINALE,11.02.2026,Bayern,RB Lipsia,Ospite,RB Lipsia,4-3-3,Panchina,8,11,Harder C.,,6.3,78',,f3czdX2n
DFB-Pokal,QUARTI DI FINALE,11.02.2026,Bayern,RB Lipsia,Ospite,RB Lipsia,4-3-3,Panchina,9,39,Henrichs B.,,,,,f3czdX2n
DFB-Pokal,QUARTI DI FINALE,10.02.2026,Hertha,Friburgo,Casa,Hertha,3-4-2-1,Titolare,1,1,Ernst T.,Portiere,8.0,,,GIoqfBXb
DFB-Pokal,QUARTI DI FINALE,10.02.2026,Hertha,Friburgo,Casa,Hertha,3-4-2-1,Titolare,2,44,Gechter L.,,5.4,,,GIoqfBXb
DFB-Pokal,QUARTI DI FINALE,10.02.2026,Hertha,Friburgo,Casa,Hertha,3-4-2-1,Titolare,3,37,Leistner T.,,7.3,,99',GIoqfBXb
DFB-Pokal,QUARTI DI FINALE,10.02.2026,Hertha,Friburgo,Casa,Hertha,3-4-2-1,Titolare,4,31,Dardai M.,,6.4,,,GIoqfBXb
DFB-Pokal,QUARTI DI FINALE,10.02.2026,Hertha,Friburgo,Casa,Hertha,3-4-2-1,Titolare,5,2,Eitschberger J.,,7.2,,116',GIoqfBXb
DFB-Pokal,QUARTI DI FINALE,10.02.2026,Hertha,Friburgo,Casa,Hertha,3-4-2-1,Titolare,6,10,Cuisance M.,,6.4,,,GIoqfBXb
DFB-Pokal,QUARTI DI FINALE,10.02.2026,Hertha,Friburgo,Casa,Hertha,3-4-2-1,Titolare,7,30,Seguin P.,,6.9,,,GIoqfBXb
DFB-Pokal,QUARTI DI FINALE,10.02.2026,Hertha,Friburgo,Casa,Hertha,3-4-2-1,Titolare,8,33,Karbownik M.,,5.8,,,GIoqfBXb
DFB-Pokal,QUARTI DI FINALE,10.02.2026,Hertha,Friburgo,Casa,Hertha,3-4-2-1,Titolare,9,11,Reese F.,Capitano,7.8,,,GIoqfBXb
DFB-Pokal,QUARTI DI FINALE,10.02.2026,Hertha,Friburgo,Casa,Hertha,3-4-2-1,Titolare,10,22,Winkler M.,,6.0,,80',GIoqfBXb
DFB-Pokal,QUARTI DI FINALE,10.02.2026,Hertha,Friburgo,Casa,Hertha,3-4-2-1,Titolare,11,9,Kownacki D.,,6.2,,80',GIoqfBXb
DFB-Pokal,QUARTI DI FINALE,10.02.2026,Hertha,Friburgo,Casa,Hertha,3-4-2-1,Panchina,1,7,Brekalo J.,,6.5,80',,GIoqfBXb
DFB-Pokal,QUARTI DI FINALE,10.02.2026,Hertha,Friburgo,Casa,Hertha,3-4-2-1,Panchina,2,25,Brooks J.,,,,,GIoqfBXb
DFB-Pokal,QUARTI DI FINALE,10.02.2026,Hertha,Friburgo,Casa,Hertha,3-4-2-1,Panchina,3,28,Dudziak J.,,6.2,99',,GIoqfBXb
DFB-Pokal,QUARTI DI FINALE,10.02.2026,Hertha,Friburgo,Casa,Hertha,3-4-2-1,Panchina,4,35,Gersbeck M.,Portiere,,,,GIoqfBXb
DFB-Pokal,QUARTI DI FINALE,10.02.2026,Hertha,Friburgo,Casa,Hertha,3-4-2-1,Panchina,5,17,Gronning S.,,,,,GIoqfBXb
DFB-Pokal,QUARTI DI FINALE,10.02.2026,Hertha,Friburgo,Casa,Hertha,3-4-2-1,Panchina,6,5,Jensen L.,,,,,GIoqfBXb
DFB-Pokal,QUARTI DI FINALE,10.02.2026,Hertha,Friburgo,Casa,Hertha,3-4-2-1,Panchina,7,41,Klemens P.,,,116',,GIoqfBXb
DFB-Pokal,QUARTI DI FINALE,10.02.2026,Hertha,Friburgo,Casa,Hertha,3-4-2-1,Panchina,8,18,Schuler L.,,6.8,80',,GIoqfBXb
DFB-Pokal,QUARTI DI FINALE,10.02.2026,Hertha,Friburgo,Casa,Hertha,3-4-2-1,Panchina,9,8,Sessa K.,,,,,GIoqfBXb
DFB-Pokal,QUARTI DI FINALE,10.02.2026,Hertha,Friburgo,Ospite,Friburgo,4-2-3-1,Titolare,1,21,Muller F.,Portiere,7.7,,,GIoqfBXb
DFB-Pokal,QUARTI DI FINALE,10.02.2026,Hertha,Friburgo,Ospite,Friburgo,4-2-3-1,Titolare,2,29,Treu P.,,6.1,,,GIoqfBXb
DFB-Pokal,QUARTI DI FINALE,10.02.2026,Hertha,Friburgo,Ospite,Friburgo,4-2-3-1,Titolare,3,28,Ginter M.,,6.6,,,GIoqfBXb
DFB-Pokal,QUARTI DI FINALE,10.02.2026,Hertha,Friburgo,Ospite,Friburgo,4-2-3-1,Titolare,4,37,Rosenfelder M.,,6.6,,,GIoqfBXb
DFB-Pokal,QUARTI DI FINALE,10.02.2026,Hertha,Friburgo,Ospite,Friburgo,4-2-3-1,Titolare,5,33,Makengo J.,,7.0,,78',GIoqfBXb
DFB-Pokal,QUARTI DI FINALE,10.02.2026,Hertha,Friburgo,Ospite,Friburgo,4-2-3-1,Titolare,6,8,Eggestein M.,Capitano,5.8,,,GIoqfBXb
DFB-Pokal,QUARTI DI FINALE,10.02.2026,Hertha,Friburgo,Ospite,Friburgo,4-2-3-1,Titolare,7,6,Osterhage P.,,6.5,,78',GIoqfBXb
DFB-Pokal,QUARTI DI FINALE,10.02.2026,Hertha,Friburgo,Ospite,Friburgo,4-2-3-1,Titolare,8,19,Beste J.,,6.0,,116',GIoqfBXb
DFB-Pokal,QUARTI DI FINALE,10.02.2026,Hertha,Friburgo,Ospite,Friburgo,4-2-3-1,Titolare,9,14,Suzuki Y.,,7.9,,,GIoqfBXb
DFB-Pokal,QUARTI DI FINALE,10.02.2026,Hertha,Friburgo,Ospite,Friburgo,4-2-3-1,Titolare,10,7,Scherhant D.,,6.1,,63',GIoqfBXb
DFB-Pokal,QUARTI DI FINALE,10.02.2026,Hertha,Friburgo,Ospite,Friburgo,4-2-3-1,Titolare,11,31,Matanovic I.,,6.6,,113',GIoqfBXb
DFB-Pokal,QUARTI DI FINALE,10.02.2026,Hertha,Friburgo,Ospite,Friburgo,4-2-3-1,Panchina,1,1,Atubolu N.,Portiere,,,,GIoqfBXb
DFB-Pokal,QUARTI DI FINALE,10.02.2026,Hertha,Friburgo,Ospite,Friburgo,4-2-3-1,Panchina,2,32,Grifo V.,,6.7,63',,GIoqfBXb
DFB-Pokal,QUARTI DI FINALE,10.02.2026,Hertha,Friburgo,Ospite,Friburgo,4-2-3-1,Panchina,3,30,Gunter C.,,6.4,78',,GIoqfBXb
DFB-Pokal,QUARTI DI FINALE,10.02.2026,Hertha,Friburgo,Ospite,Friburgo,4-2-3-1,Panchina,4,27,Höfler N.,,,,,GIoqfBXb
DFB-Pokal,QUARTI DI FINALE,10.02.2026,Hertha,Friburgo,Ospite,Friburgo,4-2-3-1,Panchina,5,9,Holer L.,,,113',,GIoqfBXb
DFB-Pokal,QUARTI DI FINALE,10.02.2026,Hertha,Friburgo,Ospite,Friburgo,4-2-3-1,Panchina,6,22,Irie C.,,,116',,GIoqfBXb
DFB-Pokal,QUARTI DI FINALE,10.02.2026,Hertha,Friburgo,Ospite,Friburgo,4-2-3-1,Panchina,7,5,Jung A.,,,,,GIoqfBXb
DFB-Pokal,QUARTI DI FINALE,10.02.2026,Hertha,Friburgo,Ospite,Friburgo,4-2-3-1,Panchina,8,44,Manzambi J.,,6.2,78',,GIoqfBXb
DFB-Pokal,QUARTI DI FINALE,10.02.2026,Hertha,Friburgo,Ospite,Friburgo,4-2-3-1,Panchina,9,43,Ogbus B.,,,,,GIoqfBXb
DFB-Pokal,QUARTI DI FINALE,04.02.2026,Kiel,Stoccarda,Casa,Kiel,4-3-1-2,Titolare,1,1,Weiner T.,Portiere,5.8,,,2Zqihk2B
DFB-Pokal,QUARTI DI FINALE,04.02.2026,Kiel,Stoccarda,Casa,Kiel,4-3-1-2,Titolare,2,13,Nekic I.,,7.0,,85',2Zqihk2B
DFB-Pokal,QUARTI DI FINALE,04.02.2026,Kiel,Stoccarda,Casa,Kiel,4-3-1-2,Titolare,3,26,Zec D.,,6.7,,,2Zqihk2B
DFB-Pokal,QUARTI DI FINALE,04.02.2026,Kiel,Stoccarda,Casa,Kiel,4-3-1-2,Titolare,4,6,Ivezic M.,,6.3,,,2Zqihk2B
DFB-Pokal,QUARTI DI FINALE,04.02.2026,Kiel,Stoccarda,Casa,Kiel,4-3-1-2,Titolare,5,47,Tolkin J.,,6.0,,,2Zqihk2B
DFB-Pokal,QUARTI DI FINALE,04.02.2026,Kiel,Stoccarda,Casa,Kiel,4-3-1-2,Titolare,6,8,Tohumcu U.,,6.2,,54',2Zqihk2B
DFB-Pokal,QUARTI DI FINALE,04.02.2026,Kiel,Stoccarda,Casa,Kiel,4-3-1-2,Titolare,7,28,Meffert J.,,5.7,,,2Zqihk2B
DFB-Pokal,QUARTI DI FINALE,04.02.2026,Kiel,Stoccarda,Casa,Kiel,4-3-1-2,Titolare,8,15,Davidsen K.,,6.6,,70',2Zqihk2B
DFB-Pokal,QUARTI DI FINALE,04.02.2026,Kiel,Stoccarda,Casa,Kiel,4-3-1-2,Titolare,9,16,Kelati A.,,6.0,,85',2Zqihk2B
DFB-Pokal,QUARTI DI FINALE,04.02.2026,Kiel,Stoccarda,Casa,Kiel,4-3-1-2,Titolare,10,20,Kapralik A.,,5.9,,70',2Zqihk2B
DFB-Pokal,QUARTI DI FINALE,04.02.2026,Kiel,Stoccarda,Casa,Kiel,4-3-1-2,Titolare,11,19,Harres P.,,6.1,,,2Zqihk2B
DFB-Pokal,QUARTI DI FINALE,04.02.2026,Kiel,Stoccarda,Casa,Kiel,4-3-1-2,Panchina,1,18,Jakupovic A.,,6.2,70',,2Zqihk2B
DFB-Pokal,QUARTI DI FINALE,04.02.2026,Kiel,Stoccarda,Casa,Kiel,4-3-1-2,Panchina,2,21,Krumrey J.,Portiere,,,,2Zqihk2B
DFB-Pokal,QUARTI DI FINALE,04.02.2026,Kiel,Stoccarda,Casa,Kiel,4-3-1-2,Panchina,3,25,Muller M.,,,85',,2Zqihk2B
DFB-Pokal,QUARTI DI FINALE,04.02.2026,Kiel,Stoccarda,Casa,Kiel,4-3-1-2,Panchina,4,29,Niehoff N.,,,85',,2Zqihk2B
DFB-Pokal,QUARTI DI FINALE,04.02.2026,Kiel,Stoccarda,Casa,Kiel,4-3-1-2,Panchina,5,40,Parduzi L.,,,,,2Zqihk2B
DFB-Pokal,QUARTI DI FINALE,04.02.2026,Kiel,Stoccarda,Casa,Kiel,4-3-1-2,Panchina,6,23,Rosenboom L.,,,,,2Zqihk2B
DFB-Pokal,QUARTI DI FINALE,04.02.2026,Kiel,Stoccarda,Casa,Kiel,4-3-1-2,Panchina,7,2,Roslyng F.,,,,,2Zqihk2B
DFB-Pokal,QUARTI DI FINALE,04.02.2026,Kiel,Stoccarda,Casa,Kiel,4-3-1-2,Panchina,8,22,Schwab S.,,5.4,54',,2Zqihk2B
DFB-Pokal,QUARTI DI FINALE,04.02.2026,Kiel,Stoccarda,Casa,Kiel,4-3-1-2,Panchina,9,10,Therkelsen J.,,6.3,70',,2Zqihk2B
DFB-Pokal,QUARTI DI FINALE,04.02.2026,Kiel,Stoccarda,Ospite,Stoccarda,4-2-3-1,Titolare,1,33,Nubel A.,Portiere,7.5,,,2Zqihk2B
DFB-Pokal,QUARTI DI FINALE,04.02.2026,Kiel,Stoccarda,Ospite,Stoccarda,4-2-3-1,Titolare,2,4,Vagnoman J.,,6.5,,,2Zqihk2B
DFB-Pokal,QUARTI DI FINALE,04.02.2026,Kiel,Stoccarda,Ospite,Stoccarda,4-2-3-1,Titolare,3,3,Hendriks R.,,7.2,,,2Zqihk2B
DFB-Pokal,QUARTI DI FINALE,04.02.2026,Kiel,Stoccarda,Ospite,Stoccarda,4-2-3-1,Titolare,4,24,Chabot J.,,7.3,,,2Zqihk2B
DFB-Pokal,QUARTI DI FINALE,04.02.2026,Kiel,Stoccarda,Ospite,Stoccarda,4-2-3-1,Titolare,5,7,Mittelstadt M.,,7.9,,,2Zqihk2B
DFB-Pokal,QUARTI DI FINALE,04.02.2026,Kiel,Stoccarda,Ospite,Stoccarda,4-2-3-1,Titolare,6,16,Karazor A.,Capitano,7.7,,,2Zqihk2B
DFB-Pokal,QUARTI DI FINALE,04.02.2026,Kiel,Stoccarda,Ospite,Stoccarda,4-2-3-1,Titolare,7,6,Stiller A.,,8.2,,90+1',2Zqihk2B
DFB-Pokal,QUARTI DI FINALE,04.02.2026,Kiel,Stoccarda,Ospite,Stoccarda,4-2-3-1,Titolare,8,18,Leweling J.,,5.9,,81',2Zqihk2B
DFB-Pokal,QUARTI DI FINALE,04.02.2026,Kiel,Stoccarda,Ospite,Stoccarda,4-2-3-1,Titolare,9,11,El Khannouss B.,,8.3,,90+1',2Zqihk2B
DFB-Pokal,QUARTI DI FINALE,04.02.2026,Kiel,Stoccarda,Ospite,Stoccarda,4-2-3-1,Titolare,10,10,Fuhrich C.,,8.7,,90+1',2Zqihk2B
DFB-Pokal,QUARTI DI FINALE,04.02.2026,Kiel,Stoccarda,Ospite,Stoccarda,4-2-3-1,Titolare,11,26,Undav D.,,9.2,,,2Zqihk2B
DFB-Pokal,QUARTI DI FINALE,04.02.2026,Kiel,Stoccarda,Ospite,Stoccarda,4-2-3-1,Panchina,1,2,Al Dakhil A.,,,,,2Zqihk2B
DFB-Pokal,QUARTI DI FINALE,04.02.2026,Kiel,Stoccarda,Ospite,Stoccarda,4-2-3-1,Panchina,2,30,Andres C.,,,90+1',,2Zqihk2B
DFB-Pokal,QUARTI DI FINALE,04.02.2026,Kiel,Stoccarda,Ospite,Stoccarda,4-2-3-1,Panchina,3,25,Arevalo J.,,,,,2Zqihk2B
DFB-Pokal,QUARTI DI FINALE,04.02.2026,Kiel,Stoccarda,Ospite,Stoccarda,4-2-3-1,Panchina,4,22,Assignon L.,,,,,2Zqihk2B
DFB-Pokal,QUARTI DI FINALE,04.02.2026,Kiel,Stoccarda,Ospite,Stoccarda,4-2-3-1,Panchina,5,27,Bouanani B.,,,90+1',,2Zqihk2B
DFB-Pokal,QUARTI DI FINALE,04.02.2026,Kiel,Stoccarda,Ospite,Stoccarda,4-2-3-1,Panchina,6,1,Bredlow F.,Portiere,,,,2Zqihk2B
DFB-Pokal,QUARTI DI FINALE,04.02.2026,Kiel,Stoccarda,Ospite,Stoccarda,4-2-3-1,Panchina,7,9,Demirovic E.,,,81',,2Zqihk2B
DFB-Pokal,QUARTI DI FINALE,04.02.2026,Kiel,Stoccarda,Ospite,Stoccarda,4-2-3-1,Panchina,8,29,Jeltsch F.,,,90+1',,2Zqihk2B
DFB-Pokal,QUARTI DI FINALE,04.02.2026,Kiel,Stoccarda,Ospite,Stoccarda,4-2-3-1,Panchina,9,15,Stenzel P.,,,,,2Zqihk2B
DFB-Pokal,QUARTI DI FINALE,03.02.2026,Leverkusen,St. Pauli,Casa,Leverkusen,3-4-2-1,Titolare,1,28,Blaswich J.,Portiere,6.8,,,b1w0jTWN
DFB-Pokal,QUARTI DI FINALE,03.02.2026,Leverkusen,St. Pauli,Casa,Leverkusen,3-4-2-1,Titolare,2,4,Quansah J.,,6.2,,,b1w0jTWN
DFB-Pokal,QUARTI DI FINALE,03.02.2026,Leverkusen,St. Pauli,Casa,Leverkusen,3-4-2-1,Titolare,3,8,Andrich R.,Capitano,8.2,,,b1w0jTWN
DFB-Pokal,QUARTI DI FINALE,03.02.2026,Leverkusen,St. Pauli,Casa,Leverkusen,3-4-2-1,Titolare,4,12,Tapsoba E.,,7.2,,,b1w0jTWN
DFB-Pokal,QUARTI DI FINALE,03.02.2026,Leverkusen,St. Pauli,Casa,Leverkusen,3-4-2-1,Titolare,5,21,Lucas,,6.9,,58',b1w0jTWN
DFB-Pokal,QUARTI DI FINALE,03.02.2026,Leverkusen,St. Pauli,Casa,Leverkusen,3-4-2-1,Titolare,6,25,Palacios E.,,7.9,,58',b1w0jTWN
DFB-Pokal,QUARTI DI FINALE,03.02.2026,Leverkusen,St. Pauli,Casa,Leverkusen,3-4-2-1,Titolare,7,24,Garcia A.,,8.0,,89',b1w0jTWN
DFB-Pokal,QUARTI DI FINALE,03.02.2026,Leverkusen,St. Pauli,Casa,Leverkusen,3-4-2-1,Titolare,8,20,Grimaldo A.,,6.9,,,b1w0jTWN
DFB-Pokal,QUARTI DI FINALE,03.02.2026,Leverkusen,St. Pauli,Casa,Leverkusen,3-4-2-1,Titolare,9,10,Tillman M.,,6.1,,,b1w0jTWN
DFB-Pokal,QUARTI DI FINALE,03.02.2026,Leverkusen,St. Pauli,Casa,Leverkusen,3-4-2-1,Titolare,10,11,Terrier M.,,8.0,,65',b1w0jTWN
DFB-Pokal,QUARTI DI FINALE,03.02.2026,Leverkusen,St. Pauli,Casa,Leverkusen,3-4-2-1,Titolare,11,14,Schick P.,,7.5,,89',b1w0jTWN
DFB-Pokal,QUARTI DI FINALE,03.02.2026,Leverkusen,St. Pauli,Casa,Leverkusen,3-4-2-1,Panchina,1,13,Arthur,,6.6,58',,b1w0jTWN
DFB-Pokal,QUARTI DI FINALE,03.02.2026,Leverkusen,St. Pauli,Casa,Leverkusen,3-4-2-1,Panchina,2,5,Bade L.,,,89',,b1w0jTWN
DFB-Pokal,QUARTI DI FINALE,03.02.2026,Leverkusen,St. Pauli,Casa,Leverkusen,3-4-2-1,Panchina,3,42,Culbreath M.,,,,,b1w0jTWN
DFB-Pokal,QUARTI DI FINALE,03.02.2026,Leverkusen,St. Pauli,Casa,Leverkusen,3-4-2-1,Panchina,4,6,Fernandez E.,,6.8,58',,b1w0jTWN
DFB-Pokal,QUARTI DI FINALE,03.02.2026,Leverkusen,St. Pauli,Casa,Leverkusen,3-4-2-1,Panchina,5,7,Hofmann J.,,7.5,65',,b1w0jTWN
DFB-Pokal,QUARTI DI FINALE,03.02.2026,Leverkusen,St. Pauli,Casa,Leverkusen,3-4-2-1,Panchina,6,35,Kofane C.,,,89',,b1w0jTWN
DFB-Pokal,QUARTI DI FINALE,03.02.2026,Leverkusen,St. Pauli,Casa,Leverkusen,3-4-2-1,Panchina,7,18,Omlin J.,Portiere,,,,b1w0jTWN
DFB-Pokal,QUARTI DI FINALE,03.02.2026,Leverkusen,St. Pauli,Casa,Leverkusen,3-4-2-1,Panchina,8,19,Poku E.,,,,,b1w0jTWN
DFB-Pokal,QUARTI DI FINALE,03.02.2026,Leverkusen,St. Pauli,Casa,Leverkusen,3-4-2-1,Panchina,9,16,Tape A.,,,,,b1w0jTWN
DFB-Pokal,QUARTI DI FINALE,03.02.2026,Leverkusen,St. Pauli,Ospite,St. Pauli,3-4-2-1,Titolare,1,1,Voll B. A.,Portiere,4.5,,,b1w0jTWN
DFB-Pokal,QUARTI DI FINALE,03.02.2026,Leverkusen,St. Pauli,Ospite,St. Pauli,3-4-2-1,Titolare,2,15,Ando T.,,6.9,,,b1w0jTWN
DFB-Pokal,QUARTI DI FINALE,03.02.2026,Leverkusen,St. Pauli,Ospite,St. Pauli,3-4-2-1,Titolare,3,6,Sands J.,,6.6,,,b1w0jTWN
DFB-Pokal,QUARTI DI FINALE,03.02.2026,Leverkusen,St. Pauli,Ospite,St. Pauli,3-4-2-1,Titolare,4,3,Mets K.,Capitano,6.2,,,b1w0jTWN
DFB-Pokal,QUARTI DI FINALE,03.02.2026,Leverkusen,St. Pauli,Ospite,St. Pauli,3-4-2-1,Titolare,5,11,Pyrka A.,,6.6,,,b1w0jTWN
DFB-Pokal,QUARTI DI FINALE,03.02.2026,Leverkusen,St. Pauli,Ospite,St. Pauli,3-4-2-1,Titolare,6,20,Rasmussen M.,,7.3,,89',b1w0jTWN
DFB-Pokal,QUARTI DI FINALE,03.02.2026,Leverkusen,St. Pauli,Ospite,St. Pauli,3-4-2-1,Titolare,7,16,Fujita J.,,5.9,,68',b1w0jTWN
DFB-Pokal,QUARTI DI FINALE,03.02.2026,Leverkusen,St. Pauli,Ospite,St. Pauli,3-4-2-1,Titolare,8,23,Oppie L.,,6.9,,46',b1w0jTWN
DFB-Pokal,QUARTI DI FINALE,03.02.2026,Leverkusen,St. Pauli,Ospite,St. Pauli,3-4-2-1,Titolare,9,10,Sinani D.,,6.5,,,b1w0jTWN
DFB-Pokal,QUARTI DI FINALE,03.02.2026,Leverkusen,St. Pauli,Ospite,St. Pauli,3-4-2-1,Titolare,10,28,Pereira Lage M.,,6.6,,46',b1w0jTWN
DFB-Pokal,QUARTI DI FINALE,03.02.2026,Leverkusen,St. Pauli,Ospite,St. Pauli,3-4-2-1,Titolare,11,19,Kaars M.,,6.0,,,b1w0jTWN
DFB-Pokal,QUARTI DI FINALE,03.02.2026,Leverkusen,St. Pauli,Ospite,St. Pauli,3-4-2-1,Panchina,1,9,Ceesay A.,,,89',,b1w0jTWN
DFB-Pokal,QUARTI DI FINALE,03.02.2026,Leverkusen,St. Pauli,Ospite,St. Pauli,3-4-2-1,Panchina,2,25,Dzwigala A.,,,,,b1w0jTWN
DFB-Pokal,QUARTI DI FINALE,03.02.2026,Leverkusen,St. Pauli,Ospite,St. Pauli,3-4-2-1,Panchina,3,18,Hara T.,,6.2,80',,b1w0jTWN
DFB-Pokal,QUARTI DI FINALE,03.02.2026,Leverkusen,St. Pauli,Ospite,St. Pauli,3-4-2-1,Panchina,4,7,Irvine J.,,6.3,68',,b1w0jTWN
DFB-Pokal,QUARTI DI FINALE,03.02.2026,Leverkusen,St. Pauli,Ospite,St. Pauli,3-4-2-1,Panchina,5,26,Jones R.J.,,6.2,46',80',b1w0jTWN
DFB-Pokal,QUARTI DI FINALE,03.02.2026,Leverkusen,St. Pauli,Ospite,St. Pauli,3-4-2-1,Panchina,6,21,Ritzka L.,,,,,b1w0jTWN
DFB-Pokal,QUARTI DI FINALE,03.02.2026,Leverkusen,St. Pauli,Ospite,St. Pauli,3-4-2-1,Panchina,7,34,Robatsch J.,,,,,b1w0jTWN
DFB-Pokal,QUARTI DI FINALE,03.02.2026,Leverkusen,St. Pauli,Ospite,St. Pauli,3-4-2-1,Panchina,8,2,Saliakas M.,,6.4,46',,b1w0jTWN
DFB-Pokal,QUARTI DI FINALE,03.02.2026,Leverkusen,St. Pauli,Ospite,St. Pauli,3-4-2-1,Panchina,9,22,Vasilj N.,Portiere,,,,b1w0jTWN
DFB-Pokal,1/8 FINALE,03.12.2025,Amburgo,Kiel,Casa,Amburgo,3-4-3,Titolare,1,26,Peretz D.,Portiere,7.2,,,pA5nAoI8
DFB-Pokal,1/8 FINALE,03.12.2025,Amburgo,Kiel,Casa,Amburgo,3-4-3,Titolare,2,13,Ramos G.,,6.8,,,pA5nAoI8
DFB-Pokal,1/8 FINALE,03.12.2025,Amburgo,Kiel,Casa,Amburgo,3-4-3,Titolare,3,44,Vuskovic L.,,7.1,,,pA5nAoI8
DFB-Pokal,1/8 FINALE,03.12.2025,Amburgo,Kiel,Casa,Amburgo,3-4-3,Titolare,4,25,Torunarigha J.,,6.4,,98',pA5nAoI8
DFB-Pokal,1/8 FINALE,03.12.2025,Amburgo,Kiel,Casa,Amburgo,3-4-3,Titolare,5,16,Gocholeishvili G.,,6.3,,82',pA5nAoI8
DFB-Pokal,1/8 FINALE,03.12.2025,Amburgo,Kiel,Casa,Amburgo,3-4-3,Titolare,6,20,Vieira F.,,7.7,,,pA5nAoI8
DFB-Pokal,1/8 FINALE,03.12.2025,Amburgo,Kiel,Casa,Amburgo,3-4-3,Titolare,7,21,Remberg N.,,6.3,,64',pA5nAoI8
DFB-Pokal,1/8 FINALE,03.12.2025,Amburgo,Kiel,Casa,Amburgo,3-4-3,Titolare,8,28,Muheim M.,Capitano,7.8,,,pA5nAoI8
DFB-Pokal,1/8 FINALE,03.12.2025,Amburgo,Kiel,Casa,Amburgo,3-4-3,Titolare,9,14,Philippe R.,,6.0,,,pA5nAoI8
DFB-Pokal,1/8 FINALE,03.12.2025,Amburgo,Kiel,Casa,Amburgo,3-4-3,Titolare,10,11,Konigsdorffer R.,,6.2,,98',pA5nAoI8
DFB-Pokal,1/8 FINALE,03.12.2025,Amburgo,Kiel,Casa,Amburgo,3-4-3,Titolare,11,38,Rossing-Lelesiit A.,,5.8,,64',pA5nAoI8
DFB-Pokal,1/8 FINALE,03.12.2025,Amburgo,Kiel,Casa,Amburgo,3-4-3,Panchina,1,45,Balde F.,,,,,pA5nAoI8
DFB-Pokal,1/8 FINALE,03.12.2025,Amburgo,Kiel,Casa,Amburgo,3-4-3,Panchina,2,7,Dompe J.,,6.6,82',,pA5nAoI8
DFB-Pokal,1/8 FINALE,03.12.2025,Amburgo,Kiel,Casa,Amburgo,3-4-3,Panchina,3,1,Heuer Fernandes D.,Portiere,,,,pA5nAoI8
DFB-Pokal,1/8 FINALE,03.12.2025,Amburgo,Kiel,Casa,Amburgo,3-4-3,Panchina,4,18,Jatta B.,,7.3,98',,pA5nAoI8
DFB-Pokal,1/8 FINALE,03.12.2025,Amburgo,Kiel,Casa,Amburgo,3-4-3,Panchina,5,23,Meffert J.,,6.2,64',,pA5nAoI8
DFB-Pokal,1/8 FINALE,03.12.2025,Amburgo,Kiel,Casa,Amburgo,3-4-3,Panchina,6,2,Mikelbrencis W.,,,,,pA5nAoI8
DFB-Pokal,1/8 FINALE,03.12.2025,Amburgo,Kiel,Casa,Amburgo,3-4-3,Panchina,7,43,Nandja S.,,,,,pA5nAoI8
DFB-Pokal,1/8 FINALE,03.12.2025,Amburgo,Kiel,Casa,Amburgo,3-4-3,Panchina,8,29,Sahiti E.,,7.1,64',,pA5nAoI8
DFB-Pokal,1/8 FINALE,03.12.2025,Amburgo,Kiel,Casa,Amburgo,3-4-3,Panchina,9,22,Soumahoro A.,,6.1,98',,pA5nAoI8
DFB-Pokal,1/8 FINALE,03.12.2025,Amburgo,Kiel,Ospite,Kiel,5-3-2,Titolare,1,1,Weiner T.,Portiere,7.9,,,pA5nAoI8
DFB-Pokal,1/8 FINALE,03.12.2025,Amburgo,Kiel,Ospite,Kiel,5-3-2,Titolare,2,23,Rosenboom L.,,6.5,,105',pA5nAoI8
DFB-Pokal,1/8 FINALE,03.12.2025,Amburgo,Kiel,Ospite,Kiel,5-3-2,Titolare,3,6,Ivezic M.,,6.2,,,pA5nAoI8
DFB-Pokal,1/8 FINALE,03.12.2025,Amburgo,Kiel,Ospite,Kiel,5-3-2,Titolare,4,26,Zec D.,,6.0,,,pA5nAoI8
DFB-Pokal,1/8 FINALE,03.12.2025,Amburgo,Kiel,Ospite,Kiel,5-3-2,Titolare,5,3,Komenda M.,Capitano,7.0,,78',pA5nAoI8
DFB-Pokal,1/8 FINALE,03.12.2025,Amburgo,Kiel,Ospite,Kiel,5-3-2,Titolare,6,47,Tolkin J.,,8.0,,,pA5nAoI8
DFB-Pokal,1/8 FINALE,03.12.2025,Amburgo,Kiel,Ospite,Kiel,5-3-2,Titolare,7,24,Knudsen M.,,5.7,,,pA5nAoI8
DFB-Pokal,1/8 FINALE,03.12.2025,Amburgo,Kiel,Ospite,Kiel,5-3-2,Titolare,8,15,Davidsen K.,,6.3,,60',pA5nAoI8
DFB-Pokal,1/8 FINALE,03.12.2025,Amburgo,Kiel,Ospite,Kiel,5-3-2,Titolare,9,10,Therkelsen J.,,6.4,,78',pA5nAoI8
DFB-Pokal,1/8 FINALE,03.12.2025,Amburgo,Kiel,Ospite,Kiel,5-3-2,Titolare,10,20,Kapralik A.,,6.8,,94',pA5nAoI8
DFB-Pokal,1/8 FINALE,03.12.2025,Amburgo,Kiel,Ospite,Kiel,5-3-2,Titolare,11,19,Harres P.,,7.0,,,pA5nAoI8
DFB-Pokal,1/8 FINALE,03.12.2025,Amburgo,Kiel,Ospite,Kiel,5-3-2,Panchina,1,17,Cvjetinovic M.,,,,,pA5nAoI8
DFB-Pokal,1/8 FINALE,03.12.2025,Amburgo,Kiel,Ospite,Kiel,5-3-2,Panchina,2,45,Koster L.,,6.3,94',,pA5nAoI8
DFB-Pokal,1/8 FINALE,03.12.2025,Amburgo,Kiel,Ospite,Kiel,5-3-2,Panchina,3,21,Krumrey J.,Portiere,,,,pA5nAoI8
DFB-Pokal,1/8 FINALE,03.12.2025,Amburgo,Kiel,Ospite,Kiel,5-3-2,Panchina,4,25,Muller M.,,6.2,105',,pA5nAoI8
DFB-Pokal,1/8 FINALE,03.12.2025,Amburgo,Kiel,Ospite,Kiel,5-3-2,Panchina,5,48,Muqaj H.,,,,,pA5nAoI8
DFB-Pokal,1/8 FINALE,03.12.2025,Amburgo,Kiel,Ospite,Kiel,5-3-2,Panchina,6,13,Nekic I.,,6.8,78',,pA5nAoI8
DFB-Pokal,1/8 FINALE,03.12.2025,Amburgo,Kiel,Ospite,Kiel,5-3-2,Panchina,7,29,Niehoff N.,,6.7,78',,pA5nAoI8
DFB-Pokal,1/8 FINALE,03.12.2025,Amburgo,Kiel,Ospite,Kiel,5-3-2,Panchina,8,2,Roslyng F.,,,,,pA5nAoI8
DFB-Pokal,1/8 FINALE,03.12.2025,Amburgo,Kiel,Ospite,Kiel,5-3-2,Panchina,9,22,Schwab S.,,6.4,60',,pA5nAoI8
DFB-Pokal,1/8 FINALE,03.12.2025,Union Berlino,Bayern,Casa,Union Berlino,3-4-1-2,Titolare,1,1,Ronnow F.,Portiere,6.5,,,hGI0nrQ1
DFB-Pokal,1/8 FINALE,03.12.2025,Union Berlino,Bayern,Casa,Union Berlino,3-4-1-2,Titolare,2,5,Doekhi D.,,6.3,,,hGI0nrQ1
DFB-Pokal,1/8 FINALE,03.12.2025,Union Berlino,Bayern,Casa,Union Berlino,3-4-1-2,Titolare,3,14,Querfeld L.,,7.6,,,hGI0nrQ1
DFB-Pokal,1/8 FINALE,03.12.2025,Union Berlino,Bayern,Casa,Union Berlino,3-4-1-2,Titolare,4,4,Leite D.,,7.4,,,hGI0nrQ1
DFB-Pokal,1/8 FINALE,03.12.2025,Union Berlino,Bayern,Casa,Union Berlino,3-4-1-2,Titolare,5,19,Haberer J.,,6.4,,,hGI0nrQ1
DFB-Pokal,1/8 FINALE,03.12.2025,Union Berlino,Bayern,Casa,Union Berlino,3-4-1-2,Titolare,6,6,Kemlein A.,,6.1,,,hGI0nrQ1
DFB-Pokal,1/8 FINALE,03.12.2025,Union Berlino,Bayern,Casa,Union Berlino,3-4-1-2,Titolare,7,13,Schafer A.,,7.5,,83',hGI0nrQ1
DFB-Pokal,1/8 FINALE,03.12.2025,Union Berlino,Bayern,Casa,Union Berlino,3-4-1-2,Titolare,8,15,Rothe T.,,7.1,,88',hGI0nrQ1
DFB-Pokal,1/8 FINALE,03.12.2025,Union Berlino,Bayern,Casa,Union Berlino,3-4-1-2,Titolare,9,8,Khedira R.,Capitano,6.5,,,hGI0nrQ1
DFB-Pokal,1/8 FINALE,03.12.2025,Union Berlino,Bayern,Casa,Union Berlino,3-4-1-2,Titolare,10,11,Jeong Woo-Yeong,,6.2,,83',hGI0nrQ1
DFB-Pokal,1/8 FINALE,03.12.2025,Union Berlino,Bayern,Casa,Union Berlino,3-4-1-2,Titolare,11,10,Ansah I.,,5.8,,,hGI0nrQ1
DFB-Pokal,1/8 FINALE,03.12.2025,Union Berlino,Bayern,Casa,Union Berlino,3-4-1-2,Panchina,1,9,Burcu L.,,,83',,hGI0nrQ1
DFB-Pokal,1/8 FINALE,03.12.2025,Union Berlino,Bayern,Casa,Union Berlino,3-4-1-2,Panchina,2,18,Juranovic J.,,,,,hGI0nrQ1
DFB-Pokal,1/8 FINALE,03.12.2025,Union Berlino,Bayern,Casa,Union Berlino,3-4-1-2,Panchina,3,39,Kohn D.,,,,,hGI0nrQ1
DFB-Pokal,1/8 FINALE,03.12.2025,Union Berlino,Bayern,Casa,Union Berlino,3-4-1-2,Panchina,4,33,Kral A.,,,,,hGI0nrQ1
DFB-Pokal,1/8 FINALE,03.12.2025,Union Berlino,Bayern,Casa,Union Berlino,3-4-1-2,Panchina,5,27,Ljubicic M.,,,,,hGI0nrQ1
DFB-Pokal,1/8 FINALE,03.12.2025,Union Berlino,Bayern,Casa,Union Berlino,3-4-1-2,Panchina,6,34,Nsoki S.,,,88',,hGI0nrQ1
DFB-Pokal,1/8 FINALE,03.12.2025,Union Berlino,Bayern,Casa,Union Berlino,3-4-1-2,Panchina,7,31,Raab M.,Portiere,,,,hGI0nrQ1
DFB-Pokal,1/8 FINALE,03.12.2025,Union Berlino,Bayern,Casa,Union Berlino,3-4-1-2,Panchina,8,21,Skarke T.,,,83',,hGI0nrQ1
DFB-Pokal,1/8 FINALE,03.12.2025,Union Berlino,Bayern,Casa,Union Berlino,3-4-1-2,Panchina,9,28,Trimmel C.,,,,,hGI0nrQ1
DFB-Pokal,1/8 FINALE,03.12.2025,Union Berlino,Bayern,Ospite,Bayern,4-2-3-1,Titolare,1,1,Neuer M.,Portiere,7.3,,,hGI0nrQ1
DFB-Pokal,1/8 FINALE,03.12.2025,Union Berlino,Bayern,Ospite,Bayern,4-2-3-1,Titolare,2,27,Laimer K.,,6.9,,86',hGI0nrQ1
DFB-Pokal,1/8 FINALE,03.12.2025,Union Berlino,Bayern,Ospite,Bayern,4-2-3-1,Titolare,3,2,Upamecano D.,,8.0,,,hGI0nrQ1
DFB-Pokal,1/8 FINALE,03.12.2025,Union Berlino,Bayern,Ospite,Bayern,4-2-3-1,Titolare,4,4,Tah J.,,5.6,,,hGI0nrQ1
DFB-Pokal,1/8 FINALE,03.12.2025,Union Berlino,Bayern,Ospite,Bayern,4-2-3-1,Titolare,5,44,Stanisic J.,,5.7,,,hGI0nrQ1
DFB-Pokal,1/8 FINALE,03.12.2025,Union Berlino,Bayern,Ospite,Bayern,4-2-3-1,Titolare,6,6,Kimmich J.,Capitano,7.5,,,hGI0nrQ1
DFB-Pokal,1/8 FINALE,03.12.2025,Union Berlino,Bayern,Ospite,Bayern,4-2-3-1,Titolare,7,45,Pavlovic A.,,6.3,,49',hGI0nrQ1
DFB-Pokal,1/8 FINALE,03.12.2025,Union Berlino,Bayern,Ospite,Bayern,4-2-3-1,Titolare,8,17,Olise M.,,6.6,,86',hGI0nrQ1
DFB-Pokal,1/8 FINALE,03.12.2025,Union Berlino,Bayern,Ospite,Bayern,4-2-3-1,Titolare,9,42,Karl L.,,6.0,,73',hGI0nrQ1
DFB-Pokal,1/8 FINALE,03.12.2025,Union Berlino,Bayern,Ospite,Bayern,4-2-3-1,Titolare,10,14,Diaz L.,,6.4,,,hGI0nrQ1
DFB-Pokal,1/8 FINALE,03.12.2025,Union Berlino,Bayern,Ospite,Bayern,4-2-3-1,Titolare,11,9,Kane H.,,6.6,,,hGI0nrQ1
DFB-Pokal,1/8 FINALE,03.12.2025,Union Berlino,Bayern,Ospite,Bayern,4-2-3-1,Panchina,1,20,Bischof T.,,,,,hGI0nrQ1
DFB-Pokal,1/8 FINALE,03.12.2025,Union Berlino,Bayern,Ospite,Bayern,4-2-3-1,Panchina,2,23,Boey S.,,,,,hGI0nrQ1
DFB-Pokal,1/8 FINALE,03.12.2025,Union Berlino,Bayern,Ospite,Bayern,4-2-3-1,Panchina,3,7,Gnabry S.,,6.6,73',,hGI0nrQ1
DFB-Pokal,1/8 FINALE,03.12.2025,Union Berlino,Bayern,Ospite,Bayern,4-2-3-1,Panchina,4,8,Goretzka L.,,6.3,49',,hGI0nrQ1
DFB-Pokal,1/8 FINALE,03.12.2025,Union Berlino,Bayern,Ospite,Bayern,4-2-3-1,Panchina,5,22,Guerreiro R.,,,,,hGI0nrQ1
DFB-Pokal,1/8 FINALE,03.12.2025,Union Berlino,Bayern,Ospite,Bayern,4-2-3-1,Panchina,6,21,Ito H.,,,86',,hGI0nrQ1
DFB-Pokal,1/8 FINALE,03.12.2025,Union Berlino,Bayern,Ospite,Bayern,4-2-3-1,Panchina,7,11,Jackson N.,,,,,hGI0nrQ1
DFB-Pokal,1/8 FINALE,03.12.2025,Union Berlino,Bayern,Ospite,Bayern,4-2-3-1,Panchina,8,3,Kim Min-Jae,,,86',,hGI0nrQ1
DFB-Pokal,1/8 FINALE,03.12.2025,Union Berlino,Bayern,Ospite,Bayern,4-2-3-1,Panchina,9,40,Urbig J.,Portiere,,,,hGI0nrQ1
DFB-Pokal,1/8 FINALE,03.12.2025,Bochum,Stoccarda,Casa,Bochum,5-4-1,Titolare,1,1,Horn T.,Portiere,7.0,,,QakDen3F
DFB-Pokal,1/8 FINALE,03.12.2025,Bochum,Stoccarda,Casa,Bochum,5-4-1,Titolare,2,39,Morgalla L.,,5.7,,60',QakDen3F
DFB-Pokal,1/8 FINALE,03.12.2025,Bochum,Stoccarda,Casa,Bochum,5-4-1,Titolare,3,20,Loosli N.,,6.0,,,QakDen3F
DFB-Pokal,1/8 FINALE,03.12.2025,Bochum,Stoccarda,Casa,Bochum,5-4-1,Titolare,4,6,Sissoko I.,,5.6,,,QakDen3F
DFB-Pokal,1/8 FINALE,03.12.2025,Bochum,Stoccarda,Casa,Bochum,5-4-1,Titolare,5,3,Strompf P.,,4.5,,,QakDen3F
DFB-Pokal,1/8 FINALE,03.12.2025,Bochum,Stoccarda,Casa,Bochum,5-4-1,Titolare,6,32,Wittek M.,,6.2,,,QakDen3F
DFB-Pokal,1/8 FINALE,03.12.2025,Bochum,Stoccarda,Casa,Bochum,5-4-1,Titolare,7,29,Alfa-Ruprecht F.,,5.7,,60',QakDen3F
DFB-Pokal,1/8 FINALE,03.12.2025,Bochum,Stoccarda,Casa,Bochum,5-4-1,Titolare,8,34,Lenz C.,,6.4,,46',QakDen3F
DFB-Pokal,1/8 FINALE,03.12.2025,Bochum,Stoccarda,Casa,Bochum,5-4-1,Titolare,9,24,Pannewig M.,,6.8,,,QakDen3F
DFB-Pokal,1/8 FINALE,03.12.2025,Bochum,Stoccarda,Casa,Bochum,5-4-1,Titolare,10,8,Watjen K.,,6.1,,76',QakDen3F
DFB-Pokal,1/8 FINALE,03.12.2025,Bochum,Stoccarda,Casa,Bochum,5-4-1,Titolare,11,21,Onyeka F.,,5.9,,46',QakDen3F
DFB-Pokal,1/8 FINALE,03.12.2025,Bochum,Stoccarda,Casa,Bochum,5-4-1,Panchina,1,33,Hofmann P.,,6.4,76',,QakDen3F
DFB-Pokal,1/8 FINALE,03.12.2025,Bochum,Stoccarda,Casa,Bochum,5-4-1,Panchina,2,35,Koscierski K.,,6.1,60',,QakDen3F
DFB-Pokal,1/8 FINALE,03.12.2025,Bochum,Stoccarda,Casa,Bochum,5-4-1,Panchina,3,11,Kwarteng M.,,6.6,46',,QakDen3F
DFB-Pokal,1/8 FINALE,03.12.2025,Bochum,Stoccarda,Casa,Bochum,5-4-1,Panchina,4,4,Masovic E.,,6.6,46',,QakDen3F
DFB-Pokal,1/8 FINALE,03.12.2025,Bochum,Stoccarda,Casa,Bochum,5-4-1,Panchina,5,10,Obafemi M.,,,,,QakDen3F
DFB-Pokal,1/8 FINALE,03.12.2025,Bochum,Stoccarda,Casa,Bochum,5-4-1,Panchina,6,15,Passlack F.,,6.2,60',,QakDen3F
DFB-Pokal,1/8 FINALE,03.12.2025,Bochum,Stoccarda,Casa,Bochum,5-4-1,Panchina,7,26,Rosch R.,,,,,QakDen3F
DFB-Pokal,1/8 FINALE,03.12.2025,Bochum,Stoccarda,Casa,Bochum,5-4-1,Panchina,8,9,Sissoko I.,,,,,QakDen3F
DFB-Pokal,1/8 FINALE,03.12.2025,Bochum,Stoccarda,Casa,Bochum,5-4-1,Panchina,9,22,Thiede N.,Portiere,,,,QakDen3F
DFB-Pokal,1/8 FINALE,03.12.2025,Bochum,Stoccarda,Ospite,Stoccarda,3-4-2-1,Titolare,1,1,Bredlow F.,Portiere,7.4,,,QakDen3F
DFB-Pokal,1/8 FINALE,03.12.2025,Bochum,Stoccarda,Ospite,Stoccarda,3-4-2-1,Titolare,2,29,Jeltsch F.,,7.3,,89',QakDen3F
DFB-Pokal,1/8 FINALE,03.12.2025,Bochum,Stoccarda,Ospite,Stoccarda,3-4-2-1,Titolare,3,24,Chabot J.,,8.6,,,QakDen3F
DFB-Pokal,1/8 FINALE,03.12.2025,Bochum,Stoccarda,Ospite,Stoccarda,3-4-2-1,Titolare,4,3,Hendriks R.,,6.7,,61',QakDen3F
DFB-Pokal,1/8 FINALE,03.12.2025,Bochum,Stoccarda,Ospite,Stoccarda,3-4-2-1,Titolare,5,22,Assignon L.,,6.7,,,QakDen3F
DFB-Pokal,1/8 FINALE,03.12.2025,Bochum,Stoccarda,Ospite,Stoccarda,3-4-2-1,Titolare,6,16,Karazor A.,Capitano,7.0,,,QakDen3F
DFB-Pokal,1/8 FINALE,03.12.2025,Bochum,Stoccarda,Ospite,Stoccarda,3-4-2-1,Titolare,7,6,Stiller A.,,7.7,,76',QakDen3F
DFB-Pokal,1/8 FINALE,03.12.2025,Bochum,Stoccarda,Ospite,Stoccarda,3-4-2-1,Titolare,8,7,Mittelstadt M.,,7.8,,,QakDen3F
DFB-Pokal,1/8 FINALE,03.12.2025,Bochum,Stoccarda,Ospite,Stoccarda,3-4-2-1,Titolare,9,11,El Khannouss B.,,6.3,,61',QakDen3F
DFB-Pokal,1/8 FINALE,03.12.2025,Bochum,Stoccarda,Ospite,Stoccarda,3-4-2-1,Titolare,10,18,Leweling J.,,7.5,,76',QakDen3F
DFB-Pokal,1/8 FINALE,03.12.2025,Bochum,Stoccarda,Ospite,Stoccarda,3-4-2-1,Titolare,11,26,Undav D.,,7.6,,,QakDen3F
DFB-Pokal,1/8 FINALE,03.12.2025,Bochum,Stoccarda,Ospite,Stoccarda,3-4-2-1,Panchina,1,2,Al Dakhil A.,,,,,QakDen3F
DFB-Pokal,1/8 FINALE,03.12.2025,Bochum,Stoccarda,Ospite,Stoccarda,3-4-2-1,Panchina,2,30,Andres C.,,6.5,76',,QakDen3F
DFB-Pokal,1/8 FINALE,03.12.2025,Bochum,Stoccarda,Ospite,Stoccarda,3-4-2-1,Panchina,3,27,Bouanani B.,,6.4,76',,QakDen3F
DFB-Pokal,1/8 FINALE,03.12.2025,Bochum,Stoccarda,Ospite,Stoccarda,3-4-2-1,Panchina,4,10,Fuhrich C.,,7.0,61',,QakDen3F
DFB-Pokal,1/8 FINALE,03.12.2025,Bochum,Stoccarda,Ospite,Stoccarda,3-4-2-1,Panchina,5,28,Nartey N.,,6.8,61',,QakDen3F
DFB-Pokal,1/8 FINALE,03.12.2025,Bochum,Stoccarda,Ospite,Stoccarda,3-4-2-1,Panchina,6,33,Nubel A.,Portiere,,,,QakDen3F
DFB-Pokal,1/8 FINALE,03.12.2025,Bochum,Stoccarda,Ospite,Stoccarda,3-4-2-1,Panchina,7,20,Stergiou L.,,,89',,QakDen3F
DFB-Pokal,1/8 FINALE,03.12.2025,Bochum,Stoccarda,Ospite,Stoccarda,3-4-2-1,Panchina,8,8,Tomas T.,,,,,QakDen3F
DFB-Pokal,1/8 FINALE,03.12.2025,Bochum,Stoccarda,Ospite,Stoccarda,3-4-2-1,Panchina,9,4,Vagnoman J.,,,,,QakDen3F
DFB-Pokal,1/8 FINALE,03.12.2025,Friburgo,Darmstadt,Casa,Friburgo,4-2-3-1,Titolare,1,21,Muller F.,Portiere,8.5,,,d24Q23Ar
DFB-Pokal,1/8 FINALE,03.12.2025,Friburgo,Darmstadt,Casa,Friburgo,4-2-3-1,Titolare,2,17,Kubler L.,,7.1,,,d24Q23Ar
DFB-Pokal,1/8 FINALE,03.12.2025,Friburgo,Darmstadt,Casa,Friburgo,4-2-3-1,Titolare,3,28,Ginter M.,,7.1,,,d24Q23Ar
DFB-Pokal,1/8 FINALE,03.12.2025,Friburgo,Darmstadt,Casa,Friburgo,4-2-3-1,Titolare,4,37,Rosenfelder M.,,7.5,,,d24Q23Ar
DFB-Pokal,1/8 FINALE,03.12.2025,Friburgo,Darmstadt,Casa,Friburgo,4-2-3-1,Titolare,5,30,Gunter C.,Capitano,6.8,,,d24Q23Ar
DFB-Pokal,1/8 FINALE,03.12.2025,Friburgo,Darmstadt,Casa,Friburgo,4-2-3-1,Titolare,6,8,Eggestein M.,,7.6,,,d24Q23Ar
DFB-Pokal,1/8 FINALE,03.12.2025,Friburgo,Darmstadt,Casa,Friburgo,4-2-3-1,Titolare,7,44,Manzambi J.,,7.2,,85',d24Q23Ar
DFB-Pokal,1/8 FINALE,03.12.2025,Friburgo,Darmstadt,Casa,Friburgo,4-2-3-1,Titolare,8,19,Beste J.,,6.7,,64',d24Q23Ar
DFB-Pokal,1/8 FINALE,03.12.2025,Friburgo,Darmstadt,Casa,Friburgo,4-2-3-1,Titolare,9,14,Suzuki Y.,,6.9,,64',d24Q23Ar
DFB-Pokal,1/8 FINALE,03.12.2025,Friburgo,Darmstadt,Casa,Friburgo,4-2-3-1,Titolare,10,32,Grifo V.,,7.9,,90+3',d24Q23Ar
DFB-Pokal,1/8 FINALE,03.12.2025,Friburgo,Darmstadt,Casa,Friburgo,4-2-3-1,Titolare,11,9,Holer L.,,7.3,,90+3',d24Q23Ar
DFB-Pokal,1/8 FINALE,03.12.2025,Friburgo,Darmstadt,Casa,Friburgo,4-2-3-1,Panchina,1,20,Adamu J.,,,85',,d24Q23Ar
DFB-Pokal,1/8 FINALE,03.12.2025,Friburgo,Darmstadt,Casa,Friburgo,4-2-3-1,Panchina,2,1,Atubolu N.,Portiere,,,,d24Q23Ar
DFB-Pokal,1/8 FINALE,03.12.2025,Friburgo,Darmstadt,Casa,Friburgo,4-2-3-1,Panchina,3,27,Höfler N.,,,,,d24Q23Ar
DFB-Pokal,1/8 FINALE,03.12.2025,Friburgo,Darmstadt,Casa,Friburgo,4-2-3-1,Panchina,4,5,Jung A.,,,,,d24Q23Ar
DFB-Pokal,1/8 FINALE,03.12.2025,Friburgo,Darmstadt,Casa,Friburgo,4-2-3-1,Panchina,5,31,Matanovic I.,,,90+3',,d24Q23Ar
DFB-Pokal,1/8 FINALE,03.12.2025,Friburgo,Darmstadt,Casa,Friburgo,4-2-3-1,Panchina,6,43,Ogbus B.,,,,,d24Q23Ar
DFB-Pokal,1/8 FINALE,03.12.2025,Friburgo,Darmstadt,Casa,Friburgo,4-2-3-1,Panchina,7,6,Osterhage P.,,6.5,64',,d24Q23Ar
DFB-Pokal,1/8 FINALE,03.12.2025,Friburgo,Darmstadt,Casa,Friburgo,4-2-3-1,Panchina,8,7,Scherhant D.,,,90+3',,d24Q23Ar
DFB-Pokal,1/8 FINALE,03.12.2025,Friburgo,Darmstadt,Casa,Friburgo,4-2-3-1,Panchina,9,29,Treu P.,,6.9,64',,d24Q23Ar
DFB-Pokal,1/8 FINALE,03.12.2025,Friburgo,Darmstadt,Ospite,Darmstadt,5-4-1,Titolare,1,1,Schuhen M.,Portiere,6.9,,,d24Q23Ar
DFB-Pokal,1/8 FINALE,03.12.2025,Friburgo,Darmstadt,Ospite,Darmstadt,5-4-1,Titolare,2,26,Bader M.,,6.4,,68',d24Q23Ar
DFB-Pokal,1/8 FINALE,03.12.2025,Friburgo,Darmstadt,Ospite,Darmstadt,5-4-1,Titolare,3,6,Pfeiffer P.,,6.0,,,d24Q23Ar
DFB-Pokal,1/8 FINALE,03.12.2025,Friburgo,Darmstadt,Ospite,Darmstadt,5-4-1,Titolare,4,17,Klefisch K.,,6.3,,,d24Q23Ar
DFB-Pokal,1/8 FINALE,03.12.2025,Friburgo,Darmstadt,Ospite,Darmstadt,5-4-1,Titolare,5,5,Maglica M.,,5.8,,,d24Q23Ar
DFB-Pokal,1/8 FINALE,03.12.2025,Friburgo,Darmstadt,Ospite,Darmstadt,5-4-1,Titolare,6,8,Marseiler L.,,6.9,,85',d24Q23Ar
DFB-Pokal,1/8 FINALE,03.12.2025,Friburgo,Darmstadt,Ospite,Darmstadt,5-4-1,Titolare,7,34,Corredor K.,,5.2,,,d24Q23Ar
DFB-Pokal,1/8 FINALE,03.12.2025,Friburgo,Darmstadt,Ospite,Darmstadt,5-4-1,Titolare,8,21,Papela M.,,5.9,,89',d24Q23Ar
DFB-Pokal,1/8 FINALE,03.12.2025,Friburgo,Darmstadt,Ospite,Darmstadt,5-4-1,Titolare,9,16,Akiyama H.,,6.1,,90',d24Q23Ar
DFB-Pokal,1/8 FINALE,03.12.2025,Friburgo,Darmstadt,Ospite,Darmstadt,5-4-1,Titolare,10,23,Richter M.,,5.7,,68',d24Q23Ar
DFB-Pokal,1/8 FINALE,03.12.2025,Friburgo,Darmstadt,Ospite,Darmstadt,5-4-1,Titolare,11,7,Lidberg I.,,6.2,,,d24Q23Ar
DFB-Pokal,1/8 FINALE,03.12.2025,Friburgo,Darmstadt,Ospite,Darmstadt,5-4-1,Panchina,1,27,Bialek B.,,,85',,d24Q23Ar
DFB-Pokal,1/8 FINALE,03.12.2025,Friburgo,Darmstadt,Ospite,Darmstadt,5-4-1,Panchina,2,30,Brunst A.,Portiere,,,,d24Q23Ar
DFB-Pokal,1/8 FINALE,03.12.2025,Friburgo,Darmstadt,Ospite,Darmstadt,5-4-1,Panchina,3,44,Furukawa Y.,,,,,d24Q23Ar
DFB-Pokal,1/8 FINALE,03.12.2025,Friburgo,Darmstadt,Ospite,Darmstadt,5-4-1,Panchina,4,32,Holland F.,,6.4,68',,d24Q23Ar
DFB-Pokal,1/8 FINALE,03.12.2025,Friburgo,Darmstadt,Ospite,Darmstadt,5-4-1,Panchina,5,3,Klassen L.,,,,,d24Q23Ar
DFB-Pokal,1/8 FINALE,03.12.2025,Friburgo,Darmstadt,Ospite,Darmstadt,5-4-1,Panchina,6,19,Lakenmacher F.,,,90',,d24Q23Ar
DFB-Pokal,1/8 FINALE,03.12.2025,Friburgo,Darmstadt,Ospite,Darmstadt,5-4-1,Panchina,7,2,Lopez S.,,5.7,68',,d24Q23Ar
DFB-Pokal,1/8 FINALE,03.12.2025,Friburgo,Darmstadt,Ospite,Darmstadt,5-4-1,Panchina,8,20,Vukotic A.,,,,,d24Q23Ar
DFB-Pokal,1/8 FINALE,03.12.2025,Friburgo,Darmstadt,Ospite,Darmstadt,5-4-1,Panchina,9,28,Will P.,,,89',,d24Q23Ar
DFB-Pokal,1/8 FINALE,02.12.2025,Dortmund,Leverkusen,Casa,Dortmund,3-4-3,Titolare,1,1,Kobel G.,Portiere,6.4,,,IHhZ0sue
DFB-Pokal,1/8 FINALE,02.12.2025,Dortmund,Leverkusen,Casa,Dortmund,3-4-3,Titolare,2,23,Can E.,Capitano,9.0,,,IHhZ0sue
DFB-Pokal,1/8 FINALE,02.12.2025,Dortmund,Leverkusen,Casa,Dortmund,3-4-3,Titolare,3,3,Anton W.,,7.0,,,IHhZ0sue
DFB-Pokal,1/8 FINALE,02.12.2025,Dortmund,Leverkusen,Casa,Dortmund,3-4-3,Titolare,4,4,Schlotterbeck N.,,7.7,,,IHhZ0sue
DFB-Pokal,1/8 FINALE,02.12.2025,Dortmund,Leverkusen,Casa,Dortmund,3-4-3,Titolare,5,26,Ryerson J.,,6.8,,67',IHhZ0sue
DFB-Pokal,1/8 FINALE,02.12.2025,Dortmund,Leverkusen,Casa,Dortmund,3-4-3,Titolare,6,7,Bellingham J.,,6.4,,,IHhZ0sue
DFB-Pokal,1/8 FINALE,02.12.2025,Dortmund,Leverkusen,Casa,Dortmund,3-4-3,Titolare,7,8,Nmecha F.,,6.5,,74',IHhZ0sue
DFB-Pokal,1/8 FINALE,02.12.2025,Dortmund,Leverkusen,Casa,Dortmund,3-4-3,Titolare,8,24,Svensson D.,,6.0,,86',IHhZ0sue
DFB-Pokal,1/8 FINALE,02.12.2025,Dortmund,Leverkusen,Casa,Dortmund,3-4-3,Titolare,9,27,Adeyemi K.,,7.4,,,IHhZ0sue
DFB-Pokal,1/8 FINALE,02.12.2025,Dortmund,Leverkusen,Casa,Dortmund,3-4-3,Titolare,10,21,Silva F.,,6.8,,67',IHhZ0sue
DFB-Pokal,1/8 FINALE,02.12.2025,Dortmund,Leverkusen,Casa,Dortmund,3-4-3,Titolare,11,17,Chukwuemeka C.,,6.5,,67',IHhZ0sue
DFB-Pokal,1/8 FINALE,02.12.2025,Dortmund,Leverkusen,Casa,Dortmund,3-4-3,Panchina,1,28,Anselmino A.,,,,,IHhZ0sue
DFB-Pokal,1/8 FINALE,02.12.2025,Dortmund,Leverkusen,Casa,Dortmund,3-4-3,Panchina,2,14,Beier M.,,6.5,67',,IHhZ0sue
DFB-Pokal,1/8 FINALE,02.12.2025,Dortmund,Leverkusen,Casa,Dortmund,3-4-3,Panchina,3,5,Bensebaini R.,,,86',,IHhZ0sue
DFB-Pokal,1/8 FINALE,02.12.2025,Dortmund,Leverkusen,Casa,Dortmund,3-4-3,Panchina,4,10,Brandt J.,,6.7,67',,IHhZ0sue
DFB-Pokal,1/8 FINALE,02.12.2025,Dortmund,Leverkusen,Casa,Dortmund,3-4-3,Panchina,5,2,Couto Y.,,,,,IHhZ0sue
DFB-Pokal,1/8 FINALE,02.12.2025,Dortmund,Leverkusen,Casa,Dortmund,3-4-3,Panchina,6,13,Gross P.,,6.6,74',,IHhZ0sue
DFB-Pokal,1/8 FINALE,02.12.2025,Dortmund,Leverkusen,Casa,Dortmund,3-4-3,Panchina,7,9,Guirassy S.,,6.3,67',,IHhZ0sue
DFB-Pokal,1/8 FINALE,02.12.2025,Dortmund,Leverkusen,Casa,Dortmund,3-4-3,Panchina,8,33,Meyer A.,Portiere,,,,IHhZ0sue
DFB-Pokal,1/8 FINALE,02.12.2025,Dortmund,Leverkusen,Casa,Dortmund,3-4-3,Panchina,9,20,Sabitzer M.,,,,,IHhZ0sue
DFB-Pokal,1/8 FINALE,02.12.2025,Dortmund,Leverkusen,Ospite,Leverkusen,3-4-2-1,Titolare,1,1,Flekken M.,Portiere,8.0,,,IHhZ0sue
DFB-Pokal,1/8 FINALE,02.12.2025,Dortmund,Leverkusen,Ospite,Leverkusen,3-4-2-1,Titolare,2,4,Quansah J.,,6.4,,,IHhZ0sue
DFB-Pokal,1/8 FINALE,02.12.2025,Dortmund,Leverkusen,Ospite,Leverkusen,3-4-2-1,Titolare,3,8,Andrich R.,Capitano,6.7,,,IHhZ0sue
DFB-Pokal,1/8 FINALE,02.12.2025,Dortmund,Leverkusen,Ospite,Leverkusen,3-4-2-1,Titolare,4,12,Tapsoba E.,,7.8,,,IHhZ0sue
DFB-Pokal,1/8 FINALE,02.12.2025,Dortmund,Leverkusen,Ospite,Leverkusen,3-4-2-1,Titolare,5,7,Hofmann J.,,6.6,,90+3',IHhZ0sue
DFB-Pokal,1/8 FINALE,02.12.2025,Dortmund,Leverkusen,Ospite,Leverkusen,3-4-2-1,Titolare,6,30,Maza I.,,7.4,,,IHhZ0sue
DFB-Pokal,1/8 FINALE,02.12.2025,Dortmund,Leverkusen,Ospite,Leverkusen,3-4-2-1,Titolare,7,24,Garcia A.,,7.9,,,IHhZ0sue
DFB-Pokal,1/8 FINALE,02.12.2025,Dortmund,Leverkusen,Ospite,Leverkusen,3-4-2-1,Titolare,8,20,Grimaldo A.,,6.5,,,IHhZ0sue
DFB-Pokal,1/8 FINALE,02.12.2025,Dortmund,Leverkusen,Ospite,Leverkusen,3-4-2-1,Titolare,9,11,Terrier M.,,6.4,,61',IHhZ0sue
DFB-Pokal,1/8 FINALE,02.12.2025,Dortmund,Leverkusen,Ospite,Leverkusen,3-4-2-1,Titolare,10,19,Poku E.,,5.6,,83',IHhZ0sue
DFB-Pokal,1/8 FINALE,02.12.2025,Dortmund,Leverkusen,Ospite,Leverkusen,3-4-2-1,Titolare,11,35,Kofane C.,,6.4,,61',IHhZ0sue
DFB-Pokal,1/8 FINALE,02.12.2025,Dortmund,Leverkusen,Ospite,Leverkusen,3-4-2-1,Panchina,1,5,Bade L.,,,90+3',,IHhZ0sue
DFB-Pokal,1/8 FINALE,02.12.2025,Dortmund,Leverkusen,Ospite,Leverkusen,3-4-2-1,Panchina,2,44,Belocian J.,,,,,IHhZ0sue
DFB-Pokal,1/8 FINALE,02.12.2025,Dortmund,Leverkusen,Ospite,Leverkusen,3-4-2-1,Panchina,3,17,Ben Seghir E.,,,,,IHhZ0sue
DFB-Pokal,1/8 FINALE,02.12.2025,Dortmund,Leverkusen,Ospite,Leverkusen,3-4-2-1,Panchina,4,9,Echeverri C.,,,,,IHhZ0sue
DFB-Pokal,1/8 FINALE,02.12.2025,Dortmund,Leverkusen,Ospite,Leverkusen,3-4-2-1,Panchina,5,36,Lomb N.,Portiere,,,,IHhZ0sue
DFB-Pokal,1/8 FINALE,02.12.2025,Dortmund,Leverkusen,Ospite,Leverkusen,3-4-2-1,Panchina,6,18,Sarco A.,,,,,IHhZ0sue
DFB-Pokal,1/8 FINALE,02.12.2025,Dortmund,Leverkusen,Ospite,Leverkusen,3-4-2-1,Panchina,7,14,Schick P.,,6.3,61',,IHhZ0sue
DFB-Pokal,1/8 FINALE,02.12.2025,Dortmund,Leverkusen,Ospite,Leverkusen,3-4-2-1,Panchina,8,23,Tella N.,,,83',,IHhZ0sue
DFB-Pokal,1/8 FINALE,02.12.2025,Dortmund,Leverkusen,Ospite,Leverkusen,3-4-2-1,Panchina,9,10,Tillman M.,,6.5,61',,IHhZ0sue
DFB-Pokal,1/8 FINALE,02.12.2025,RB Lipsia,Magdeburg,Casa,RB Lipsia,4-2-3-1,Titolare,1,26,Vandevoordt M.,Portiere,7.0,,,txae8PnL
DFB-Pokal,1/8 FINALE,02.12.2025,RB Lipsia,Magdeburg,Casa,RB Lipsia,4-2-3-1,Titolare,2,16,Klostermann L.,,6.5,,46',txae8PnL
DFB-Pokal,1/8 FINALE,02.12.2025,RB Lipsia,Magdeburg,Casa,RB Lipsia,4-2-3-1,Titolare,3,4,Orban W.,,7.0,,,txae8PnL
DFB-Pokal,1/8 FINALE,02.12.2025,RB Lipsia,Magdeburg,Casa,RB Lipsia,4-2-3-1,Titolare,4,23,Lukeba C.,,6.5,,,txae8PnL
DFB-Pokal,1/8 FINALE,02.12.2025,RB Lipsia,Magdeburg,Casa,RB Lipsia,4-2-3-1,Titolare,5,22,Raum D.,Capitano,7.0,,,txae8PnL
DFB-Pokal,1/8 FINALE,02.12.2025,RB Lipsia,Magdeburg,Casa,RB Lipsia,4-2-3-1,Titolare,6,13,Seiwald N.,,6.6,,,txae8PnL
DFB-Pokal,1/8 FINALE,02.12.2025,RB Lipsia,Magdeburg,Casa,RB Lipsia,4-2-3-1,Titolare,7,6,Banzuzi E.,,6.5,,46',txae8PnL
DFB-Pokal,1/8 FINALE,02.12.2025,RB Lipsia,Magdeburg,Casa,RB Lipsia,4-2-3-1,Titolare,8,49,Diomande Y.,,7.6,,66',txae8PnL
DFB-Pokal,1/8 FINALE,02.12.2025,RB Lipsia,Magdeburg,Casa,RB Lipsia,4-2-3-1,Titolare,9,14,Baumgartner C.,,9.0,,88',txae8PnL
DFB-Pokal,1/8 FINALE,02.12.2025,RB Lipsia,Magdeburg,Casa,RB Lipsia,4-2-3-1,Titolare,10,7,Nusa A.,,8.3,,82',txae8PnL
DFB-Pokal,1/8 FINALE,02.12.2025,RB Lipsia,Magdeburg,Casa,RB Lipsia,4-2-3-1,Titolare,11,11,Harder C.,,7.8,,,txae8PnL
DFB-Pokal,1/8 FINALE,02.12.2025,RB Lipsia,Magdeburg,Casa,RB Lipsia,4-2-3-1,Panchina,1,35,Finkgrafe M.,,,82',,txae8PnL
DFB-Pokal,1/8 FINALE,02.12.2025,RB Lipsia,Magdeburg,Casa,RB Lipsia,4-2-3-1,Panchina,2,27,Gomis T.,,6.6,66',,txae8PnL
DFB-Pokal,1/8 FINALE,02.12.2025,RB Lipsia,Magdeburg,Casa,RB Lipsia,4-2-3-1,Panchina,3,1,Gulacsi P.,Portiere,,,,txae8PnL
DFB-Pokal,1/8 FINALE,02.12.2025,RB Lipsia,Magdeburg,Casa,RB Lipsia,4-2-3-1,Panchina,4,8,Haidara A.,,,,,txae8PnL
DFB-Pokal,1/8 FINALE,02.12.2025,RB Lipsia,Magdeburg,Casa,RB Lipsia,4-2-3-1,Panchina,5,45,Konate S.,,,,,txae8PnL
DFB-Pokal,1/8 FINALE,02.12.2025,RB Lipsia,Magdeburg,Casa,RB Lipsia,4-2-3-1,Panchina,6,33,Maksimovic A.,,,88',,txae8PnL
DFB-Pokal,1/8 FINALE,02.12.2025,RB Lipsia,Magdeburg,Casa,RB Lipsia,4-2-3-1,Panchina,7,19,Nedeljkovic K.,,6.7,46',,txae8PnL
DFB-Pokal,1/8 FINALE,02.12.2025,RB Lipsia,Magdeburg,Casa,RB Lipsia,4-2-3-1,Panchina,8,24,Schlager X.,,6.6,46',,txae8PnL
DFB-Pokal,1/8 FINALE,02.12.2025,RB Lipsia,Magdeburg,Casa,RB Lipsia,4-2-3-1,Panchina,9,25,Zingerle L.,Portiere,,,,txae8PnL
DFB-Pokal,1/8 FINALE,02.12.2025,RB Lipsia,Magdeburg,Ospite,Magdeburg,4-3-3,Titolare,1,1,Reimann D.,Portiere,6.6,,,txae8PnL
DFB-Pokal,1/8 FINALE,02.12.2025,RB Lipsia,Magdeburg,Ospite,Magdeburg,4-3-3,Titolare,2,19,Musonda L.,,5.4,,82',txae8PnL
DFB-Pokal,1/8 FINALE,02.12.2025,RB Lipsia,Magdeburg,Ospite,Magdeburg,4-3-3,Titolare,3,16,Mathisen M.,,6.6,,46',txae8PnL
DFB-Pokal,1/8 FINALE,02.12.2025,RB Lipsia,Magdeburg,Ospite,Magdeburg,4-3-3,Titolare,4,5,Muller T.,,6.3,,,txae8PnL
DFB-Pokal,1/8 FINALE,02.12.2025,RB Lipsia,Magdeburg,Ospite,Magdeburg,4-3-3,Titolare,5,17,Nollenberger A.,,6.6,,,txae8PnL
DFB-Pokal,1/8 FINALE,02.12.2025,RB Lipsia,Magdeburg,Ospite,Magdeburg,4-3-3,Titolare,6,8,Ulrich L.,,6.1,,71',txae8PnL
DFB-Pokal,1/8 FINALE,02.12.2025,RB Lipsia,Magdeburg,Ospite,Magdeburg,4-3-3,Titolare,7,21,Michel F.,,6.0,,,txae8PnL
DFB-Pokal,1/8 FINALE,02.12.2025,RB Lipsia,Magdeburg,Ospite,Magdeburg,4-3-3,Titolare,8,25,Gnaka S.,,7.1,,,txae8PnL
DFB-Pokal,1/8 FINALE,02.12.2025,RB Lipsia,Magdeburg,Ospite,Magdeburg,4-3-3,Titolare,9,10,Pesch N.,,5.9,,58',txae8PnL
DFB-Pokal,1/8 FINALE,02.12.2025,RB Lipsia,Magdeburg,Ospite,Magdeburg,4-3-3,Titolare,10,22,Zukowski M.,,5.9,,59',txae8PnL
DFB-Pokal,1/8 FINALE,02.12.2025,RB Lipsia,Magdeburg,Ospite,Magdeburg,4-3-3,Titolare,11,23,Atik B.,,6.9,,,txae8PnL
DFB-Pokal,1/8 FINALE,02.12.2025,RB Lipsia,Magdeburg,Ospite,Magdeburg,4-3-3,Panchina,1,7,Bockhorn H.,,6.4,58',,txae8PnL
DFB-Pokal,1/8 FINALE,02.12.2025,RB Lipsia,Magdeburg,Ospite,Magdeburg,4-3-3,Panchina,2,9,Breunig M.,,6.0,59',,txae8PnL
DFB-Pokal,1/8 FINALE,02.12.2025,RB Lipsia,Magdeburg,Ospite,Magdeburg,4-3-3,Panchina,3,39,Diawara K.,,,82',,txae8PnL
DFB-Pokal,1/8 FINALE,02.12.2025,RB Lipsia,Magdeburg,Ospite,Magdeburg,4-3-3,Panchina,4,28,Geschwill M.,,7.1,46',,txae8PnL
DFB-Pokal,1/8 FINALE,02.12.2025,RB Lipsia,Magdeburg,Ospite,Magdeburg,4-3-3,Panchina,5,29,Ghrieb R.,,6.5,71',,txae8PnL
DFB-Pokal,1/8 FINALE,02.12.2025,RB Lipsia,Magdeburg,Ospite,Magdeburg,4-3-3,Panchina,6,27,Hercher P.,,,,,txae8PnL
DFB-Pokal,1/8 FINALE,02.12.2025,RB Lipsia,Magdeburg,Ospite,Magdeburg,4-3-3,Panchina,7,3,Hoti A.,,,,,txae8PnL
DFB-Pokal,1/8 FINALE,02.12.2025,RB Lipsia,Magdeburg,Ospite,Magdeburg,4-3-3,Panchina,8,30,Kruth N.,Portiere,,,,txae8PnL
DFB-Pokal,1/8 FINALE,02.12.2025,RB Lipsia,Magdeburg,Ospite,Magdeburg,4-3-3,Panchina,9,6,Stalmach D.,,,,,txae8PnL
DFB-Pokal,1/8 FINALE,02.12.2025,Hertha,Kaiserslautern,Casa,Hertha,4-2-3-1,Titolare,1,1,Ernst T.,Portiere,6.9,,,nFwMgQXR
DFB-Pokal,1/8 FINALE,02.12.2025,Hertha,Kaiserslautern,Casa,Hertha,4-2-3-1,Titolare,2,44,Gechter L.,,7.2,,,nFwMgQXR
DFB-Pokal,1/8 FINALE,02.12.2025,Hertha,Kaiserslautern,Casa,Hertha,4-2-3-1,Titolare,3,37,Leistner T.,,7.2,,,nFwMgQXR
DFB-Pokal,1/8 FINALE,02.12.2025,Hertha,Kaiserslautern,Casa,Hertha,4-2-3-1,Titolare,4,31,Dardai M.,,7.7,,79',nFwMgQXR
DFB-Pokal,1/8 FINALE,02.12.2025,Hertha,Kaiserslautern,Casa,Hertha,4-2-3-1,Titolare,5,27,Kolbe N.,,5.8,,,nFwMgQXR
DFB-Pokal,1/8 FINALE,02.12.2025,Hertha,Kaiserslautern,Casa,Hertha,4-2-3-1,Titolare,6,30,Seguin P.,,6.6,,79',nFwMgQXR
DFB-Pokal,1/8 FINALE,02.12.2025,Hertha,Kaiserslautern,Casa,Hertha,4-2-3-1,Titolare,7,23,Eichhorn K.,,6.8,,,nFwMgQXR
DFB-Pokal,1/8 FINALE,02.12.2025,Hertha,Kaiserslautern,Casa,Hertha,4-2-3-1,Titolare,8,11,Reese F.,Capitano,6.6,,71',nFwMgQXR
DFB-Pokal,1/8 FINALE,02.12.2025,Hertha,Kaiserslautern,Casa,Hertha,4-2-3-1,Titolare,9,10,Cuisance M.,,6.9,,,nFwMgQXR
DFB-Pokal,1/8 FINALE,02.12.2025,Hertha,Kaiserslautern,Casa,Hertha,4-2-3-1,Titolare,10,22,Winkler M.,,7.8,,79',nFwMgQXR
DFB-Pokal,1/8 FINALE,02.12.2025,Hertha,Kaiserslautern,Casa,Hertha,4-2-3-1,Titolare,11,18,Schuler L.,,8.4,,71',nFwMgQXR
DFB-Pokal,1/8 FINALE,02.12.2025,Hertha,Kaiserslautern,Casa,Hertha,4-2-3-1,Panchina,1,6,Demme D.,,6.4,79',,nFwMgQXR
DFB-Pokal,1/8 FINALE,02.12.2025,Hertha,Kaiserslautern,Casa,Hertha,4-2-3-1,Panchina,2,2,Eitschberger J.,,,,,nFwMgQXR
DFB-Pokal,1/8 FINALE,02.12.2025,Hertha,Kaiserslautern,Casa,Hertha,4-2-3-1,Panchina,3,35,Gersbeck M.,Portiere,,,,nFwMgQXR
DFB-Pokal,1/8 FINALE,02.12.2025,Hertha,Kaiserslautern,Casa,Hertha,4-2-3-1,Panchina,4,17,Gronning S.,,,,,nFwMgQXR
DFB-Pokal,1/8 FINALE,02.12.2025,Hertha,Kaiserslautern,Casa,Hertha,4-2-3-1,Panchina,5,33,Karbownik M.,,6.4,79',,nFwMgQXR
DFB-Pokal,1/8 FINALE,02.12.2025,Hertha,Kaiserslautern,Casa,Hertha,4-2-3-1,Panchina,6,9,Kownacki D.,,7.2,71',,nFwMgQXR
DFB-Pokal,1/8 FINALE,02.12.2025,Hertha,Kaiserslautern,Casa,Hertha,4-2-3-1,Panchina,7,14,Krattenmacher M.,,7.9,71',,nFwMgQXR
DFB-Pokal,1/8 FINALE,02.12.2025,Hertha,Kaiserslautern,Casa,Hertha,4-2-3-1,Panchina,8,8,Sessa K.,,,,,nFwMgQXR
DFB-Pokal,1/8 FINALE,02.12.2025,Hertha,Kaiserslautern,Casa,Hertha,4-2-3-1,Panchina,9,24,Thorsteinsson J.,,6.3,79',,nFwMgQXR
DFB-Pokal,1/8 FINALE,02.12.2025,Hertha,Kaiserslautern,Ospite,Kaiserslautern,3-4-2-1,Titolare,1,25,Simoni S.,Portiere,4.1,,,nFwMgQXR
DFB-Pokal,1/8 FINALE,02.12.2025,Hertha,Kaiserslautern,Ospite,Kaiserslautern,3-4-2-1,Titolare,2,33,Elvedi J.,,6.1,,46',nFwMgQXR
DFB-Pokal,1/8 FINALE,02.12.2025,Hertha,Kaiserslautern,Ospite,Kaiserslautern,3-4-2-1,Titolare,3,6,Kunze F.,,6.5,,,nFwMgQXR
DFB-Pokal,1/8 FINALE,02.12.2025,Hertha,Kaiserslautern,Ospite,Kaiserslautern,3-4-2-1,Titolare,4,4,Gyamfi M.,,4.7,,,nFwMgQXR
DFB-Pokal,1/8 FINALE,02.12.2025,Hertha,Kaiserslautern,Ospite,Kaiserslautern,3-4-2-1,Titolare,5,31,Sirch L.,,7.0,,,nFwMgQXR
DFB-Pokal,1/8 FINALE,02.12.2025,Hertha,Kaiserslautern,Ospite,Kaiserslautern,3-4-2-1,Titolare,6,15,Skytta N.,,6.4,,,nFwMgQXR
DFB-Pokal,1/8 FINALE,02.12.2025,Hertha,Kaiserslautern,Ospite,Kaiserslautern,3-4-2-1,Titolare,7,8,Sahin S.,,6.5,,83',nFwMgQXR
DFB-Pokal,1/8 FINALE,02.12.2025,Hertha,Kaiserslautern,Ospite,Kaiserslautern,3-4-2-1,Titolare,8,3,Kleinhansl F.,,7.2,,74',nFwMgQXR
DFB-Pokal,1/8 FINALE,02.12.2025,Hertha,Kaiserslautern,Ospite,Kaiserslautern,3-4-2-1,Titolare,9,27,Abiama D.,,5.7,,62',nFwMgQXR
DFB-Pokal,1/8 FINALE,02.12.2025,Hertha,Kaiserslautern,Ospite,Kaiserslautern,3-4-2-1,Titolare,10,7,Ritter M.,Capitano,7.8,,,nFwMgQXR
DFB-Pokal,1/8 FINALE,02.12.2025,Hertha,Kaiserslautern,Ospite,Kaiserslautern,3-4-2-1,Titolare,11,9,Prtajin I.,,6.1,,74',nFwMgQXR
DFB-Pokal,1/8 FINALE,02.12.2025,Hertha,Kaiserslautern,Ospite,Kaiserslautern,3-4-2-1,Panchina,1,48,Alidou F.,,6.3,62',,nFwMgQXR
DFB-Pokal,1/8 FINALE,02.12.2025,Hertha,Kaiserslautern,Ospite,Kaiserslautern,3-4-2-1,Panchina,2,23,Aremu A.,,,83',,nFwMgQXR
DFB-Pokal,1/8 FINALE,02.12.2025,Hertha,Kaiserslautern,Ospite,Kaiserslautern,3-4-2-1,Panchina,3,22,Haas M.,,6.3,74',,nFwMgQXR
DFB-Pokal,1/8 FINALE,02.12.2025,Hertha,Kaiserslautern,Ospite,Kaiserslautern,3-4-2-1,Panchina,4,19,Hanslik D.,,6.3,74',,nFwMgQXR
DFB-Pokal,1/8 FINALE,02.12.2025,Hertha,Kaiserslautern,Ospite,Kaiserslautern,3-4-2-1,Panchina,5,44,Hofmeister D.,,,,,nFwMgQXR
DFB-Pokal,1/8 FINALE,02.12.2025,Hertha,Kaiserslautern,Ospite,Kaiserslautern,3-4-2-1,Panchina,6,1,Krahl J.,Portiere,,,,nFwMgQXR
DFB-Pokal,1/8 FINALE,02.12.2025,Hertha,Kaiserslautern,Ospite,Kaiserslautern,3-4-2-1,Panchina,7,20,Raschl T.,,,,,nFwMgQXR
DFB-Pokal,1/8 FINALE,02.12.2025,Hertha,Kaiserslautern,Ospite,Kaiserslautern,3-4-2-1,Panchina,8,37,Robinson L.,,6.7,46',,nFwMgQXR
DFB-Pokal,1/8 FINALE,02.12.2025,Hertha,Kaiserslautern,Ospite,Kaiserslautern,3-4-2-1,Panchina,9,29,Tachie R.,,,,,nFwMgQXR
DFB-Pokal,1/8 FINALE,02.12.2025,Monchengladbach,St. Pauli,Casa,Monchengladbach,3-4-2-1,Titolare,1,33,Nicolas M.,Portiere,6.4,,,dlPil4ek
DFB-Pokal,1/8 FINALE,02.12.2025,Monchengladbach,St. Pauli,Casa,Monchengladbach,3-4-2-1,Titolare,2,29,Scally J.,,6.6,,,dlPil4ek
DFB-Pokal,1/8 FINALE,02.12.2025,Monchengladbach,St. Pauli,Casa,Monchengladbach,3-4-2-1,Titolare,3,30,Elvedi N.,Capitano,6.5,,,dlPil4ek
DFB-Pokal,1/8 FINALE,02.12.2025,Monchengladbach,St. Pauli,Casa,Monchengladbach,3-4-2-1,Titolare,4,4,Diks K.,,6.4,,86',dlPil4ek
DFB-Pokal,1/8 FINALE,02.12.2025,Monchengladbach,St. Pauli,Casa,Monchengladbach,3-4-2-1,Titolare,5,9,Honorat F.,,7.6,,68',dlPil4ek
DFB-Pokal,1/8 FINALE,02.12.2025,Monchengladbach,St. Pauli,Casa,Monchengladbach,3-4-2-1,Titolare,6,7,Stoger K.,,6.7,,86',dlPil4ek
DFB-Pokal,1/8 FINALE,02.12.2025,Monchengladbach,St. Pauli,Casa,Monchengladbach,3-4-2-1,Titolare,7,6,Engelhardt Y.,,6.7,,,dlPil4ek
DFB-Pokal,1/8 FINALE,02.12.2025,Monchengladbach,St. Pauli,Casa,Monchengladbach,3-4-2-1,Titolare,8,26,Ullrich L.,,5.5,,,dlPil4ek
DFB-Pokal,1/8 FINALE,02.12.2025,Monchengladbach,St. Pauli,Casa,Monchengladbach,3-4-2-1,Titolare,9,18,Machino S.,,6.4,,,dlPil4ek
DFB-Pokal,1/8 FINALE,02.12.2025,Monchengladbach,St. Pauli,Casa,Monchengladbach,3-4-2-1,Titolare,10,13,Reyna G.,,6.1,,68',dlPil4ek
DFB-Pokal,1/8 FINALE,02.12.2025,Monchengladbach,St. Pauli,Casa,Monchengladbach,3-4-2-1,Titolare,11,15,Tabakovic H.,,7.2,,86',dlPil4ek
DFB-Pokal,1/8 FINALE,02.12.2025,Monchengladbach,St. Pauli,Casa,Monchengladbach,3-4-2-1,Panchina,1,22,Fraulo O.,,,,,dlPil4ek
DFB-Pokal,1/8 FINALE,02.12.2025,Monchengladbach,St. Pauli,Casa,Monchengladbach,3-4-2-1,Panchina,2,5,Friedrich M.,,,,,dlPil4ek
DFB-Pokal,1/8 FINALE,02.12.2025,Monchengladbach,St. Pauli,Casa,Monchengladbach,3-4-2-1,Panchina,3,34,Herrmann C.,,6.0,68',,dlPil4ek
DFB-Pokal,1/8 FINALE,02.12.2025,Monchengladbach,St. Pauli,Casa,Monchengladbach,3-4-2-1,Panchina,4,11,Kleindienst T.,,,86',,dlPil4ek
DFB-Pokal,1/8 FINALE,02.12.2025,Monchengladbach,St. Pauli,Casa,Monchengladbach,3-4-2-1,Panchina,5,36,Mohya W.,,,86',,dlPil4ek
DFB-Pokal,1/8 FINALE,02.12.2025,Monchengladbach,St. Pauli,Casa,Monchengladbach,3-4-2-1,Panchina,6,20,Netz L.,,,,,dlPil4ek
DFB-Pokal,1/8 FINALE,02.12.2025,Monchengladbach,St. Pauli,Casa,Monchengladbach,3-4-2-1,Panchina,7,42,Pereira Cardoso T.,Portiere,,,,dlPil4ek
DFB-Pokal,1/8 FINALE,02.12.2025,Monchengladbach,St. Pauli,Casa,Monchengladbach,3-4-2-1,Panchina,8,28,Ranos G.,,,86',,dlPil4ek
DFB-Pokal,1/8 FINALE,02.12.2025,Monchengladbach,St. Pauli,Casa,Monchengladbach,3-4-2-1,Panchina,9,27,Reitz R.,,6.7,68',,dlPil4ek
DFB-Pokal,1/8 FINALE,02.12.2025,Monchengladbach,St. Pauli,Ospite,St. Pauli,5-4-1,Titolare,1,22,Vasilj N.,Portiere,7.6,,,dlPil4ek
DFB-Pokal,1/8 FINALE,02.12.2025,Monchengladbach,St. Pauli,Ospite,St. Pauli,5-4-1,Titolare,2,11,Pyrka A.,,6.3,,,dlPil4ek
DFB-Pokal,1/8 FINALE,02.12.2025,Monchengladbach,St. Pauli,Ospite,St. Pauli,5-4-1,Titolare,3,5,Wahl H.,,7.1,,,dlPil4ek
DFB-Pokal,1/8 FINALE,02.12.2025,Monchengladbach,St. Pauli,Ospite,St. Pauli,5-4-1,Titolare,4,8,Smith E.,,7.7,,,dlPil4ek
DFB-Pokal,1/8 FINALE,02.12.2025,Monchengladbach,St. Pauli,Ospite,St. Pauli,5-4-1,Titolare,5,3,Mets K.,,6.5,,,dlPil4ek
DFB-Pokal,1/8 FINALE,02.12.2025,Monchengladbach,St. Pauli,Ospite,St. Pauli,5-4-1,Titolare,6,23,Oppie L.,,7.3,,90+1',dlPil4ek
DFB-Pokal,1/8 FINALE,02.12.2025,Monchengladbach,St. Pauli,Ospite,St. Pauli,5-4-1,Titolare,7,16,Fujita J.,,8.0,,,dlPil4ek
DFB-Pokal,1/8 FINALE,02.12.2025,Monchengladbach,St. Pauli,Ospite,St. Pauli,5-4-1,Titolare,8,6,Sands J.,,6.6,,90+1',dlPil4ek
DFB-Pokal,1/8 FINALE,02.12.2025,Monchengladbach,St. Pauli,Ospite,St. Pauli,5-4-1,Titolare,9,7,Irvine J.,Capitano,7.7,,,dlPil4ek
DFB-Pokal,1/8 FINALE,02.12.2025,Monchengladbach,St. Pauli,Ospite,St. Pauli,5-4-1,Titolare,10,28,Pereira Lage M.,,5.9,,89',dlPil4ek
DFB-Pokal,1/8 FINALE,02.12.2025,Monchengladbach,St. Pauli,Ospite,St. Pauli,5-4-1,Titolare,11,19,Kaars M.,,8.0,,89',dlPil4ek
DFB-Pokal,1/8 FINALE,02.12.2025,Monchengladbach,St. Pauli,Ospite,St. Pauli,5-4-1,Panchina,1,20,Ahlstrand E.,,,,,dlPil4ek
DFB-Pokal,1/8 FINALE,02.12.2025,Monchengladbach,St. Pauli,Ospite,St. Pauli,5-4-1,Panchina,2,9,Ceesay A.,,,89',,dlPil4ek
DFB-Pokal,1/8 FINALE,02.12.2025,Monchengladbach,St. Pauli,Ospite,St. Pauli,5-4-1,Panchina,3,25,Dzwigala A.,,,,,dlPil4ek
DFB-Pokal,1/8 FINALE,02.12.2025,Monchengladbach,St. Pauli,Ospite,St. Pauli,5-4-1,Panchina,4,26,Jones R.J.,,,,,dlPil4ek
DFB-Pokal,1/8 FINALE,02.12.2025,Monchengladbach,St. Pauli,Ospite,St. Pauli,5-4-1,Panchina,5,24,Metcalfe C.,,,90+1',,dlPil4ek
DFB-Pokal,1/8 FINALE,02.12.2025,Monchengladbach,St. Pauli,Ospite,St. Pauli,5-4-1,Panchina,6,21,Ritzka L.,,,90+1',,dlPil4ek
DFB-Pokal,1/8 FINALE,02.12.2025,Monchengladbach,St. Pauli,Ospite,St. Pauli,5-4-1,Panchina,7,2,Saliakas M.,,,,,dlPil4ek
DFB-Pokal,1/8 FINALE,02.12.2025,Monchengladbach,St. Pauli,Ospite,St. Pauli,5-4-1,Panchina,8,10,Sinani D.,,,89',,dlPil4ek
DFB-Pokal,1/8 FINALE,02.12.2025,Monchengladbach,St. Pauli,Ospite,St. Pauli,5-4-1,Panchina,9,1,Voll B. A.,Portiere,,,,dlPil4ek
DFB-Pokal,1/16 FINALE,29.10.2025,Colonia,Bayern,Casa,Colonia,3-4-3,Titolare,1,20,Zieler R.,Portiere,7.4,,,UTBdLGkg
DFB-Pokal,1/16 FINALE,29.10.2025,Colonia,Bayern,Casa,Colonia,3-4-3,Titolare,2,2,Schmied J.,,5.8,,,UTBdLGkg
DFB-Pokal,1/16 FINALE,29.10.2025,Colonia,Bayern,Casa,Colonia,3-4-3,Titolare,3,5,Krauss T.,,5.9,,75',UTBdLGkg
DFB-Pokal,1/16 FINALE,29.10.2025,Colonia,Bayern,Casa,Colonia,3-4-3,Titolare,4,6,Martel E.,,5.4,,,UTBdLGkg
DFB-Pokal,1/16 FINALE,29.10.2025,Colonia,Bayern,Casa,Colonia,3-4-3,Titolare,5,28,Sebulonsen S.,,5.7,,,UTBdLGkg
DFB-Pokal,1/16 FINALE,29.10.2025,Colonia,Bayern,Casa,Colonia,3-4-3,Titolare,6,18,Johannesson I.,,6.6,,79',UTBdLGkg
DFB-Pokal,1/16 FINALE,29.10.2025,Colonia,Bayern,Casa,Colonia,3-4-3,Titolare,7,16,Kaminski J.,,6.4,,79',UTBdLGkg
DFB-Pokal,1/16 FINALE,29.10.2025,Colonia,Bayern,Casa,Colonia,3-4-3,Titolare,8,32,Lund K.,,6.6,,,UTBdLGkg
DFB-Pokal,1/16 FINALE,29.10.2025,Colonia,Bayern,Casa,Colonia,3-4-3,Titolare,9,30,Bulter M.,,6.5,,65',UTBdLGkg
DFB-Pokal,1/16 FINALE,29.10.2025,Colonia,Bayern,Casa,Colonia,3-4-3,Titolare,10,9,Ache R.,,7.6,,,UTBdLGkg
DFB-Pokal,1/16 FINALE,29.10.2025,Colonia,Bayern,Casa,Colonia,3-4-3,Titolare,11,13,El Mala S.,,5.6,,65',UTBdLGkg
DFB-Pokal,1/16 FINALE,29.10.2025,Colonia,Bayern,Casa,Colonia,3-4-3,Panchina,1,17,Castro-Montes A.,,,,,UTBdLGkg
DFB-Pokal,1/16 FINALE,29.10.2025,Colonia,Bayern,Casa,Colonia,3-4-3,Panchina,2,25,Gazibegovic J.,,,,,UTBdLGkg
DFB-Pokal,1/16 FINALE,29.10.2025,Colonia,Bayern,Casa,Colonia,3-4-3,Panchina,3,3,Heintz D.,,,,,UTBdLGkg
DFB-Pokal,1/16 FINALE,29.10.2025,Colonia,Bayern,Casa,Colonia,3-4-3,Panchina,4,8,Huseinbasic D.,,6.2,65',,UTBdLGkg
DFB-Pokal,1/16 FINALE,29.10.2025,Colonia,Bayern,Casa,Colonia,3-4-3,Panchina,5,11,Kainz F.,,6.4,75',,UTBdLGkg
DFB-Pokal,1/16 FINALE,29.10.2025,Colonia,Bayern,Casa,Colonia,3-4-3,Panchina,6,37,Maina L.,,6.4,79',,UTBdLGkg
DFB-Pokal,1/16 FINALE,29.10.2025,Colonia,Bayern,Casa,Colonia,3-4-3,Panchina,7,39,Ozkacar C.,,6.3,65',,UTBdLGkg
DFB-Pokal,1/16 FINALE,29.10.2025,Colonia,Bayern,Casa,Colonia,3-4-3,Panchina,8,1,Schwabe M.,Portiere,,,,UTBdLGkg
DFB-Pokal,1/16 FINALE,29.10.2025,Colonia,Bayern,Casa,Colonia,3-4-3,Panchina,9,7,Waldschmidt L.,,6.6,79',,UTBdLGkg
DFB-Pokal,1/16 FINALE,29.10.2025,Colonia,Bayern,Ospite,Bayern,4-2-3-1,Titolare,1,40,Urbig J.,Portiere,7.6,,,UTBdLGkg
DFB-Pokal,1/16 FINALE,29.10.2025,Colonia,Bayern,Ospite,Bayern,4-2-3-1,Titolare,2,27,Laimer K.,,7.4,,,UTBdLGkg
DFB-Pokal,1/16 FINALE,29.10.2025,Colonia,Bayern,Ospite,Bayern,4-2-3-1,Titolare,3,2,Upamecano D.,,7.5,,,UTBdLGkg
DFB-Pokal,1/16 FINALE,29.10.2025,Colonia,Bayern,Ospite,Bayern,4-2-3-1,Titolare,4,4,Tah J.,,7.6,,,UTBdLGkg
DFB-Pokal,1/16 FINALE,29.10.2025,Colonia,Bayern,Ospite,Bayern,4-2-3-1,Titolare,5,44,Stanisic J.,,6.8,,87',UTBdLGkg
DFB-Pokal,1/16 FINALE,29.10.2025,Colonia,Bayern,Ospite,Bayern,4-2-3-1,Titolare,6,6,Kimmich J.,Capitano,7.9,,,UTBdLGkg
DFB-Pokal,1/16 FINALE,29.10.2025,Colonia,Bayern,Ospite,Bayern,4-2-3-1,Titolare,7,45,Pavlovic A.,,6.4,,,UTBdLGkg
DFB-Pokal,1/16 FINALE,29.10.2025,Colonia,Bayern,Ospite,Bayern,4-2-3-1,Titolare,8,17,Olise M.,,8.2,,77',UTBdLGkg
DFB-Pokal,1/16 FINALE,29.10.2025,Colonia,Bayern,Ospite,Bayern,4-2-3-1,Titolare,9,7,Gnabry S.,,6.8,,62',UTBdLGkg
DFB-Pokal,1/16 FINALE,29.10.2025,Colonia,Bayern,Ospite,Bayern,4-2-3-1,Titolare,10,14,Diaz L.,,8.8,,88',UTBdLGkg
DFB-Pokal,1/16 FINALE,29.10.2025,Colonia,Bayern,Ospite,Bayern,4-2-3-1,Titolare,11,9,Kane H.,,9.1,,87',UTBdLGkg
DFB-Pokal,1/16 FINALE,29.10.2025,Colonia,Bayern,Ospite,Bayern,4-2-3-1,Panchina,1,20,Bischof T.,,,,,UTBdLGkg
DFB-Pokal,1/16 FINALE,29.10.2025,Colonia,Bayern,Ospite,Bayern,4-2-3-1,Panchina,2,23,Boey S.,,,87',,UTBdLGkg
DFB-Pokal,1/16 FINALE,29.10.2025,Colonia,Bayern,Ospite,Bayern,4-2-3-1,Panchina,3,8,Goretzka L.,,6.5,62',,UTBdLGkg
DFB-Pokal,1/16 FINALE,29.10.2025,Colonia,Bayern,Ospite,Bayern,4-2-3-1,Panchina,4,22,Guerreiro R.,,,88',,UTBdLGkg
DFB-Pokal,1/16 FINALE,29.10.2025,Colonia,Bayern,Ospite,Bayern,4-2-3-1,Panchina,5,11,Jackson N.,,,87',,UTBdLGkg
DFB-Pokal,1/16 FINALE,29.10.2025,Colonia,Bayern,Ospite,Bayern,4-2-3-1,Panchina,6,42,Karl L.,,5.9,77',,UTBdLGkg
DFB-Pokal,1/16 FINALE,29.10.2025,Colonia,Bayern,Ospite,Bayern,4-2-3-1,Panchina,7,3,Kim Min-Jae,,,,,UTBdLGkg
DFB-Pokal,1/16 FINALE,29.10.2025,Colonia,Bayern,Ospite,Bayern,4-2-3-1,Panchina,8,48,Klanac L.,Portiere,,,,UTBdLGkg
DFB-Pokal,1/16 FINALE,29.10.2025,Colonia,Bayern,Ospite,Bayern,4-2-3-1,Panchina,9,36,Mike W.,,,,,UTBdLGkg
DFB-Pokal,1/16 FINALE,29.10.2025,Colonia,Bayern,Ospite,Bayern,4-2-3-1,Panchina,10,26,Ulreich S.,Portiere,,,,UTBdLGkg
DFB-Pokal,1/16 FINALE,29.10.2025,Darmstadt,Schalke,Casa,Darmstadt,3-4-2-1,Titolare,1,1,Schuhen M.,Portiere,7.6,,,QZTU6Hz0
DFB-Pokal,1/16 FINALE,29.10.2025,Darmstadt,Schalke,Casa,Darmstadt,3-4-2-1,Titolare,2,6,Pfeiffer P.,,7.3,,76',QZTU6Hz0
DFB-Pokal,1/16 FINALE,29.10.2025,Darmstadt,Schalke,Casa,Darmstadt,3-4-2-1,Titolare,3,5,Maglica M.,,8.6,,,QZTU6Hz0
DFB-Pokal,1/16 FINALE,29.10.2025,Darmstadt,Schalke,Casa,Darmstadt,3-4-2-1,Titolare,4,32,Holland F.,,7.3,,,QZTU6Hz0
DFB-Pokal,1/16 FINALE,29.10.2025,Darmstadt,Schalke,Casa,Darmstadt,3-4-2-1,Titolare,5,2,Lopez S.,,7.7,,76',QZTU6Hz0
DFB-Pokal,1/16 FINALE,29.10.2025,Darmstadt,Schalke,Casa,Darmstadt,3-4-2-1,Titolare,6,17,Klefisch K.,,7.3,,76',QZTU6Hz0
DFB-Pokal,1/16 FINALE,29.10.2025,Darmstadt,Schalke,Casa,Darmstadt,3-4-2-1,Titolare,7,16,Akiyama H.,,7.6,,,QZTU6Hz0
DFB-Pokal,1/16 FINALE,29.10.2025,Darmstadt,Schalke,Casa,Darmstadt,3-4-2-1,Titolare,8,8,Marseiler L.,,7.9,,80',QZTU6Hz0
DFB-Pokal,1/16 FINALE,29.10.2025,Darmstadt,Schalke,Casa,Darmstadt,3-4-2-1,Titolare,9,34,Corredor K.,,6.2,,,QZTU6Hz0
DFB-Pokal,1/16 FINALE,29.10.2025,Darmstadt,Schalke,Casa,Darmstadt,3-4-2-1,Titolare,10,9,Hornby F.,,8.1,,,QZTU6Hz0
DFB-Pokal,1/16 FINALE,29.10.2025,Darmstadt,Schalke,Casa,Darmstadt,3-4-2-1,Titolare,11,7,Lidberg I.,,6.0,,59',QZTU6Hz0
DFB-Pokal,1/16 FINALE,29.10.2025,Darmstadt,Schalke,Casa,Darmstadt,3-4-2-1,Panchina,1,26,Bader M.,,6.4,76',,QZTU6Hz0
DFB-Pokal,1/16 FINALE,29.10.2025,Darmstadt,Schalke,Casa,Darmstadt,3-4-2-1,Panchina,2,27,Bialek B.,,7.4,59',,QZTU6Hz0
DFB-Pokal,1/16 FINALE,29.10.2025,Darmstadt,Schalke,Casa,Darmstadt,3-4-2-1,Panchina,3,10,Boetius J-P.,,,,,QZTU6Hz0
DFB-Pokal,1/16 FINALE,29.10.2025,Darmstadt,Schalke,Casa,Darmstadt,3-4-2-1,Panchina,4,24,Borner B.,Portiere,,,,QZTU6Hz0
DFB-Pokal,1/16 FINALE,29.10.2025,Darmstadt,Schalke,Casa,Darmstadt,3-4-2-1,Panchina,5,3,Klassen L.,,,,,QZTU6Hz0
DFB-Pokal,1/16 FINALE,29.10.2025,Darmstadt,Schalke,Casa,Darmstadt,3-4-2-1,Panchina,6,21,Papela M.,,6.4,76',,QZTU6Hz0
DFB-Pokal,1/16 FINALE,29.10.2025,Darmstadt,Schalke,Casa,Darmstadt,3-4-2-1,Panchina,7,23,Richter M.,,,,,QZTU6Hz0
DFB-Pokal,1/16 FINALE,29.10.2025,Darmstadt,Schalke,Casa,Darmstadt,3-4-2-1,Panchina,8,20,Vukotic A.,,6.3,76',,QZTU6Hz0
DFB-Pokal,1/16 FINALE,29.10.2025,Darmstadt,Schalke,Casa,Darmstadt,3-4-2-1,Panchina,9,28,Will P.,,,80',,QZTU6Hz0
DFB-Pokal,1/16 FINALE,29.10.2025,Darmstadt,Schalke,Ospite,Schalke,3-4-2-1,Titolare,1,1,Karius L.,Portiere,5.4,,,QZTU6Hz0
DFB-Pokal,1/16 FINALE,29.10.2025,Darmstadt,Schalke,Ospite,Schalke,3-4-2-1,Titolare,2,43,Ayhan M.,,5.9,,,QZTU6Hz0
DFB-Pokal,1/16 FINALE,29.10.2025,Darmstadt,Schalke,Ospite,Schalke,3-4-2-1,Titolare,3,25,Katic N.,,5.9,,63',QZTU6Hz0
DFB-Pokal,1/16 FINALE,29.10.2025,Darmstadt,Schalke,Ospite,Schalke,3-4-2-1,Titolare,4,4,Kurucay H.,,6.8,,,QZTU6Hz0
DFB-Pokal,1/16 FINALE,29.10.2025,Darmstadt,Schalke,Ospite,Schalke,3-4-2-1,Titolare,5,17,Gantenbein A.,,5.7,,71',QZTU6Hz0
DFB-Pokal,1/16 FINALE,29.10.2025,Darmstadt,Schalke,Ospite,Schalke,3-4-2-1,Titolare,6,23,El-Faouzi S.,,5.9,,,QZTU6Hz0
DFB-Pokal,1/16 FINALE,29.10.2025,Darmstadt,Schalke,Ospite,Schalke,3-4-2-1,Titolare,7,6,Schallenberg R.,,6.6,,71',QZTU6Hz0
DFB-Pokal,1/16 FINALE,29.10.2025,Darmstadt,Schalke,Ospite,Schalke,3-4-2-1,Titolare,8,27,Porath F.,,6.7,,,QZTU6Hz0
DFB-Pokal,1/16 FINALE,29.10.2025,Darmstadt,Schalke,Ospite,Schalke,3-4-2-1,Titolare,9,14,Bachmann J.,,5.1,,,QZTU6Hz0
DFB-Pokal,1/16 FINALE,29.10.2025,Darmstadt,Schalke,Ospite,Schalke,3-4-2-1,Titolare,10,19,Karaman K.,Capitano,5.9,,63',QZTU6Hz0
DFB-Pokal,1/16 FINALE,29.10.2025,Darmstadt,Schalke,Ospite,Schalke,3-4-2-1,Titolare,11,9,Sylla M.,,5.7,,63',QZTU6Hz0
DFB-Pokal,1/16 FINALE,29.10.2025,Darmstadt,Schalke,Ospite,Schalke,3-4-2-1,Panchina,1,30,Donkor A.,,6.3,71',,QZTU6Hz0
DFB-Pokal,1/16 FINALE,29.10.2025,Darmstadt,Schalke,Ospite,Schalke,3-4-2-1,Panchina,2,37,Gruger M.,,6.4,71',,QZTU6Hz0
DFB-Pokal,1/16 FINALE,29.10.2025,Darmstadt,Schalke,Ospite,Schalke,3-4-2-1,Panchina,3,28,Heekeren J.,Portiere,,,,QZTU6Hz0
DFB-Pokal,1/16 FINALE,29.10.2025,Darmstadt,Schalke,Ospite,Schalke,3-4-2-1,Panchina,4,41,Matriciani H.,,,,,QZTU6Hz0
DFB-Pokal,1/16 FINALE,29.10.2025,Darmstadt,Schalke,Ospite,Schalke,3-4-2-1,Panchina,5,39,Remmert P.,,6.3,63',,QZTU6Hz0
DFB-Pokal,1/16 FINALE,29.10.2025,Darmstadt,Schalke,Ospite,Schalke,3-4-2-1,Panchina,6,2,Sanchez F.,,6.1,63',,QZTU6Hz0
DFB-Pokal,1/16 FINALE,29.10.2025,Darmstadt,Schalke,Ospite,Schalke,3-4-2-1,Panchina,7,35,Wallentowitz M.,,,,,QZTU6Hz0
DFB-Pokal,1/16 FINALE,29.10.2025,Darmstadt,Schalke,Ospite,Schalke,3-4-2-1,Panchina,8,8,Younes A.,,7.1,63',,QZTU6Hz0
DFB-Pokal,1/16 FINALE,29.10.2025,Darmstadt,Schalke,Ospite,Schalke,3-4-2-1,Panchina,9,16,Zalazar M.,,,,,QZTU6Hz0
DFB-Pokal,1/16 FINALE,29.10.2025,Dusseldorf,Friburgo,Casa,Dusseldorf,4-2-3-1,Titolare,1,33,Kastenmeier F.,Portiere,6.4,,,Ugemfvif
DFB-Pokal,1/16 FINALE,29.10.2025,Dusseldorf,Friburgo,Casa,Dusseldorf,4-2-3-1,Titolare,2,25,Zimmermann M.,,6.3,,53',Ugemfvif
DFB-Pokal,1/16 FINALE,29.10.2025,Dusseldorf,Friburgo,Casa,Dusseldorf,4-2-3-1,Titolare,3,15,Oberdorf T.,,6.7,,,Ugemfvif
DFB-Pokal,1/16 FINALE,29.10.2025,Dusseldorf,Friburgo,Casa,Dusseldorf,4-2-3-1,Titolare,4,2,Daland J.,,6.7,,,Ugemfvif
DFB-Pokal,1/16 FINALE,29.10.2025,Dusseldorf,Friburgo,Casa,Dusseldorf,4-2-3-1,Titolare,5,4,Schmidt K.,,7.1,,78',Ugemfvif
DFB-Pokal,1/16 FINALE,29.10.2025,Dusseldorf,Friburgo,Casa,Dusseldorf,4-2-3-1,Titolare,6,8,El Azzouzi A.,,7.7,,,Ugemfvif
DFB-Pokal,1/16 FINALE,29.10.2025,Dusseldorf,Friburgo,Casa,Dusseldorf,4-2-3-1,Titolare,7,6,Breithaupt T.,,7.0,,,Ugemfvif
DFB-Pokal,1/16 FINALE,29.10.2025,Dusseldorf,Friburgo,Casa,Dusseldorf,4-2-3-1,Titolare,8,10,Rasmussen C.,,7.0,,79',Ugemfvif
DFB-Pokal,1/16 FINALE,29.10.2025,Dusseldorf,Friburgo,Casa,Dusseldorf,4-2-3-1,Titolare,9,23,Appelkamp S.,,6.6,,,Ugemfvif
DFB-Pokal,1/16 FINALE,29.10.2025,Dusseldorf,Friburgo,Casa,Dusseldorf,4-2-3-1,Titolare,10,24,Muslija F.,,6.3,,,Ugemfvif
DFB-Pokal,1/16 FINALE,29.10.2025,Dusseldorf,Friburgo,Casa,Dusseldorf,4-2-3-1,Titolare,11,13,Itten C.,,6.2,,22',Ugemfvif
DFB-Pokal,1/16 FINALE,29.10.2025,Dusseldorf,Friburgo,Casa,Dusseldorf,4-2-3-1,Panchina,1,9,Celar Z.,,,,,Ugemfvif
DFB-Pokal,1/16 FINALE,29.10.2025,Dusseldorf,Friburgo,Casa,Dusseldorf,4-2-3-1,Panchina,2,30,de Wijs J.,,,,,Ugemfvif
DFB-Pokal,1/16 FINALE,29.10.2025,Dusseldorf,Friburgo,Casa,Dusseldorf,4-2-3-1,Panchina,3,44,Egouli E.,,,,,Ugemfvif
DFB-Pokal,1/16 FINALE,29.10.2025,Dusseldorf,Friburgo,Casa,Dusseldorf,4-2-3-1,Panchina,4,5,Heyer M.,,6.6,53',,Ugemfvif
DFB-Pokal,1/16 FINALE,29.10.2025,Dusseldorf,Friburgo,Casa,Dusseldorf,4-2-3-1,Panchina,5,19,Iyoha E.,,,,,Ugemfvif
DFB-Pokal,1/16 FINALE,29.10.2025,Dusseldorf,Friburgo,Casa,Dusseldorf,4-2-3-1,Panchina,6,1,Lotka M.,Portiere,,,,Ugemfvif
DFB-Pokal,1/16 FINALE,29.10.2025,Dusseldorf,Friburgo,Casa,Dusseldorf,4-2-3-1,Panchina,7,7,Raimund L.,,6.7,79',,Ugemfvif
DFB-Pokal,1/16 FINALE,29.10.2025,Dusseldorf,Friburgo,Casa,Dusseldorf,4-2-3-1,Panchina,8,22,Schmidt D.,,5.8,22',,Ugemfvif
DFB-Pokal,1/16 FINALE,29.10.2025,Dusseldorf,Friburgo,Casa,Dusseldorf,4-2-3-1,Panchina,9,46,Suso S.,,6.4,78',,Ugemfvif
DFB-Pokal,1/16 FINALE,29.10.2025,Dusseldorf,Friburgo,Ospite,Friburgo,4-2-3-1,Titolare,1,21,Muller F.,Portiere,7.0,,,Ugemfvif
DFB-Pokal,1/16 FINALE,29.10.2025,Dusseldorf,Friburgo,Ospite,Friburgo,4-2-3-1,Titolare,2,17,Kubler L.,,6.4,,88',Ugemfvif
DFB-Pokal,1/16 FINALE,29.10.2025,Dusseldorf,Friburgo,Ospite,Friburgo,4-2-3-1,Titolare,3,28,Ginter M.,,6.5,,,Ugemfvif
DFB-Pokal,1/16 FINALE,29.10.2025,Dusseldorf,Friburgo,Ospite,Friburgo,4-2-3-1,Titolare,4,3,Lienhart P.,,7.4,,,Ugemfvif
DFB-Pokal,1/16 FINALE,29.10.2025,Dusseldorf,Friburgo,Ospite,Friburgo,4-2-3-1,Titolare,5,30,Gunter C.,Capitano,6.3,,63',Ugemfvif
DFB-Pokal,1/16 FINALE,29.10.2025,Dusseldorf,Friburgo,Ospite,Friburgo,4-2-3-1,Titolare,6,8,Eggestein M.,,6.0,,,Ugemfvif
DFB-Pokal,1/16 FINALE,29.10.2025,Dusseldorf,Friburgo,Ospite,Friburgo,4-2-3-1,Titolare,7,44,Manzambi J.,,8.2,,,Ugemfvif
DFB-Pokal,1/16 FINALE,29.10.2025,Dusseldorf,Friburgo,Ospite,Friburgo,4-2-3-1,Titolare,8,19,Beste J.,,6.9,,78',Ugemfvif
DFB-Pokal,1/16 FINALE,29.10.2025,Dusseldorf,Friburgo,Ospite,Friburgo,4-2-3-1,Titolare,9,14,Suzuki Y.,,7.9,,,Ugemfvif
DFB-Pokal,1/16 FINALE,29.10.2025,Dusseldorf,Friburgo,Ospite,Friburgo,4-2-3-1,Titolare,10,32,Grifo V.,,7.9,,78',Ugemfvif
DFB-Pokal,1/16 FINALE,29.10.2025,Dusseldorf,Friburgo,Ospite,Friburgo,4-2-3-1,Titolare,11,31,Matanovic I.,,8.0,,63',Ugemfvif
DFB-Pokal,1/16 FINALE,29.10.2025,Dusseldorf,Friburgo,Ospite,Friburgo,4-2-3-1,Panchina,1,20,Adamu J.,,6.8,63',,Ugemfvif
DFB-Pokal,1/16 FINALE,29.10.2025,Dusseldorf,Friburgo,Ospite,Friburgo,4-2-3-1,Panchina,2,1,Atubolu N.,Portiere,,,,Ugemfvif
DFB-Pokal,1/16 FINALE,29.10.2025,Dusseldorf,Friburgo,Ospite,Friburgo,4-2-3-1,Panchina,3,27,Höfler N.,,,,,Ugemfvif
DFB-Pokal,1/16 FINALE,29.10.2025,Dusseldorf,Friburgo,Ospite,Friburgo,4-2-3-1,Panchina,4,9,Holer L.,,,,,Ugemfvif
DFB-Pokal,1/16 FINALE,29.10.2025,Dusseldorf,Friburgo,Ospite,Friburgo,4-2-3-1,Panchina,5,5,Jung A.,,,,,Ugemfvif
DFB-Pokal,1/16 FINALE,29.10.2025,Dusseldorf,Friburgo,Ospite,Friburgo,4-2-3-1,Panchina,6,33,Makengo J.,,6.6,63',,Ugemfvif
DFB-Pokal,1/16 FINALE,29.10.2025,Dusseldorf,Friburgo,Ospite,Friburgo,4-2-3-1,Panchina,7,37,Rosenfelder M.,,6.5,78',,Ugemfvif
DFB-Pokal,1/16 FINALE,29.10.2025,Dusseldorf,Friburgo,Ospite,Friburgo,4-2-3-1,Panchina,8,7,Scherhant D.,,7.7,78',,Ugemfvif
DFB-Pokal,1/16 FINALE,29.10.2025,Dusseldorf,Friburgo,Ospite,Friburgo,4-2-3-1,Panchina,9,29,Treu P.,,,88',,Ugemfvif
DFB-Pokal,1/16 FINALE,29.10.2025,Union Berlino,Bielefeld,Casa,Union Berlino,3-4-3,Titolare,1,1,Ronnow F.,Portiere,7.7,,,bmSx5e5C
DFB-Pokal,1/16 FINALE,29.10.2025,Union Berlino,Bielefeld,Casa,Union Berlino,3-4-3,Titolare,2,5,Doekhi D.,,8.8,,,bmSx5e5C
DFB-Pokal,1/16 FINALE,29.10.2025,Union Berlino,Bielefeld,Casa,Union Berlino,3-4-3,Titolare,3,14,Querfeld L.,,9.1,,,bmSx5e5C
DFB-Pokal,1/16 FINALE,29.10.2025,Union Berlino,Bielefeld,Casa,Union Berlino,3-4-3,Titolare,4,4,Leite D.,,7.7,,,bmSx5e5C
DFB-Pokal,1/16 FINALE,29.10.2025,Union Berlino,Bielefeld,Casa,Union Berlino,3-4-3,Titolare,5,28,Trimmel C.,Capitano,8.2,,76',bmSx5e5C
DFB-Pokal,1/16 FINALE,29.10.2025,Union Berlino,Bielefeld,Casa,Union Berlino,3-4-3,Titolare,6,8,Khedira R.,,6.9,,,bmSx5e5C
DFB-Pokal,1/16 FINALE,29.10.2025,Union Berlino,Bielefeld,Casa,Union Berlino,3-4-3,Titolare,7,13,Schafer A.,,6.4,,61',bmSx5e5C
DFB-Pokal,1/16 FINALE,29.10.2025,Union Berlino,Bielefeld,Casa,Union Berlino,3-4-3,Titolare,8,15,Rothe T.,,7.8,,,bmSx5e5C
DFB-Pokal,1/16 FINALE,29.10.2025,Union Berlino,Bielefeld,Casa,Union Berlino,3-4-3,Titolare,9,21,Skarke T.,,6.7,,67',bmSx5e5C
DFB-Pokal,1/16 FINALE,29.10.2025,Union Berlino,Bielefeld,Casa,Union Berlino,3-4-3,Titolare,10,23,Ilic A.,,6.7,,67',bmSx5e5C
DFB-Pokal,1/16 FINALE,29.10.2025,Union Berlino,Bielefeld,Casa,Union Berlino,3-4-3,Titolare,11,10,Ansah I.,,6.5,,60',bmSx5e5C
DFB-Pokal,1/16 FINALE,29.10.2025,Union Berlino,Bielefeld,Casa,Union Berlino,3-4-3,Panchina,1,30,Bogdanov D.,,7.3,67',,bmSx5e5C
DFB-Pokal,1/16 FINALE,29.10.2025,Union Berlino,Bielefeld,Casa,Union Berlino,3-4-3,Panchina,2,7,Burke O.,,6.7,67',,bmSx5e5C
DFB-Pokal,1/16 FINALE,29.10.2025,Union Berlino,Bielefeld,Casa,Union Berlino,3-4-3,Panchina,3,19,Haberer J.,,7.0,76',,bmSx5e5C
DFB-Pokal,1/16 FINALE,29.10.2025,Union Berlino,Bielefeld,Casa,Union Berlino,3-4-3,Panchina,4,11,Jeong Woo-Yeong,,6.9,60',,bmSx5e5C
DFB-Pokal,1/16 FINALE,29.10.2025,Union Berlino,Bielefeld,Casa,Union Berlino,3-4-3,Panchina,5,6,Kemlein A.,,7.2,61',,bmSx5e5C
DFB-Pokal,1/16 FINALE,29.10.2025,Union Berlino,Bielefeld,Casa,Union Berlino,3-4-3,Panchina,6,39,Kohn D.,,,,,bmSx5e5C
DFB-Pokal,1/16 FINALE,29.10.2025,Union Berlino,Bielefeld,Casa,Union Berlino,3-4-3,Panchina,7,33,Kral A.,,,,,bmSx5e5C
DFB-Pokal,1/16 FINALE,29.10.2025,Union Berlino,Bielefeld,Casa,Union Berlino,3-4-3,Panchina,8,34,Nsoki S.,,,,,bmSx5e5C
DFB-Pokal,1/16 FINALE,29.10.2025,Union Berlino,Bielefeld,Casa,Union Berlino,3-4-3,Panchina,9,31,Raab M.,Portiere,,,,bmSx5e5C
DFB-Pokal,1/16 FINALE,29.10.2025,Union Berlino,Bielefeld,Ospite,Bielefeld,5-3-2,Titolare,1,1,Kersken J.,Portiere,7.5,,,bmSx5e5C
DFB-Pokal,1/16 FINALE,29.10.2025,Union Berlino,Bielefeld,Ospite,Bielefeld,5-3-2,Titolare,2,27,Boakye B.,,6.2,,,bmSx5e5C
DFB-Pokal,1/16 FINALE,29.10.2025,Union Berlino,Bielefeld,Ospite,Bielefeld,5-3-2,Titolare,3,23,Schneider L.,,6.3,,,bmSx5e5C
DFB-Pokal,1/16 FINALE,29.10.2025,Union Berlino,Bielefeld,Ospite,Bielefeld,5-3-2,Titolare,4,19,Grosser M.,,6.4,,,bmSx5e5C
DFB-Pokal,1/16 FINALE,29.10.2025,Union Berlino,Bielefeld,Ospite,Bielefeld,5-3-2,Titolare,5,3,Felix J.,,6.8,,104',bmSx5e5C
DFB-Pokal,1/16 FINALE,29.10.2025,Union Berlino,Bielefeld,Ospite,Bielefeld,5-3-2,Titolare,6,29,Handwerker T.,,7.0,,,bmSx5e5C
DFB-Pokal,1/16 FINALE,29.10.2025,Union Berlino,Bielefeld,Ospite,Bielefeld,5-3-2,Titolare,7,14,Momuluh T.,,7.4,,73',bmSx5e5C
DFB-Pokal,1/16 FINALE,29.10.2025,Union Berlino,Bielefeld,Ospite,Bielefeld,5-3-2,Titolare,8,6,Corboz M.,Capitano,7.2,,,bmSx5e5C
DFB-Pokal,1/16 FINALE,29.10.2025,Union Berlino,Bielefeld,Ospite,Bielefeld,5-3-2,Titolare,9,38,Worl M.,,6.2,,81',bmSx5e5C
DFB-Pokal,1/16 FINALE,29.10.2025,Union Berlino,Bielefeld,Ospite,Bielefeld,5-3-2,Titolare,10,11,Grodowski J.,,6.1,,73',bmSx5e5C
DFB-Pokal,1/16 FINALE,29.10.2025,Union Berlino,Bielefeld,Ospite,Bielefeld,5-3-2,Titolare,11,37,Sarenren Bazee N.,,5.8,,73',bmSx5e5C
DFB-Pokal,1/16 FINALE,29.10.2025,Union Berlino,Bielefeld,Ospite,Bielefeld,5-3-2,Panchina,1,2,Hagmann F.,,6.2,81',,bmSx5e5C
DFB-Pokal,1/16 FINALE,29.10.2025,Union Berlino,Bielefeld,Ospite,Bielefeld,5-3-2,Panchina,2,7,Kania J.,,5.8,73',,bmSx5e5C
DFB-Pokal,1/16 FINALE,29.10.2025,Union Berlino,Bielefeld,Ospite,Bielefeld,5-3-2,Panchina,3,24,Lannert C.,,,,,bmSx5e5C
DFB-Pokal,1/16 FINALE,29.10.2025,Union Berlino,Bielefeld,Ospite,Bielefeld,5-3-2,Panchina,4,10,Mehlem M.,,6.3,73',,bmSx5e5C
DFB-Pokal,1/16 FINALE,29.10.2025,Union Berlino,Bielefeld,Ospite,Bielefeld,5-3-2,Panchina,5,20,Micheler F.,,,,,bmSx5e5C
DFB-Pokal,1/16 FINALE,29.10.2025,Union Berlino,Bielefeld,Ospite,Bielefeld,5-3-2,Panchina,6,18,Oppermann L.,Portiere,,,,bmSx5e5C
DFB-Pokal,1/16 FINALE,29.10.2025,Union Berlino,Bielefeld,Ospite,Bielefeld,5-3-2,Panchina,7,8,Schreck S.,,,,,bmSx5e5C
DFB-Pokal,1/16 FINALE,29.10.2025,Union Berlino,Bielefeld,Ospite,Bielefeld,5-3-2,Panchina,8,17,Sicker A.,,6.6,104',,bmSx5e5C
DFB-Pokal,1/16 FINALE,29.10.2025,Union Berlino,Bielefeld,Ospite,Bielefeld,5-3-2,Panchina,9,30,Young I.,,7.2,73',,bmSx5e5C
DFB-Pokal,1/16 FINALE,29.10.2025,Furth,Kaiserslautern,Casa,Furth,3-4-3,Titolare,1,43,Prufrock S.,Portiere,6.9,,,xfF4JfK5
DFB-Pokal,1/16 FINALE,29.10.2025,Furth,Kaiserslautern,Casa,Furth,3-4-3,Titolare,2,33,Dietz M.,,6.3,,90',xfF4JfK5
DFB-Pokal,1/16 FINALE,29.10.2025,Furth,Kaiserslautern,Casa,Furth,3-4-3,Titolare,3,4,Ziereis P.,,7.4,,,xfF4JfK5
DFB-Pokal,1/16 FINALE,29.10.2025,Furth,Kaiserslautern,Casa,Furth,3-4-3,Titolare,4,5,Munz R.,,5.8,,,xfF4JfK5
DFB-Pokal,1/16 FINALE,29.10.2025,Furth,Kaiserslautern,Casa,Furth,3-4-3,Titolare,5,2,Reich L.,,5.6,,81',xfF4JfK5
DFB-Pokal,1/16 FINALE,29.10.2025,Furth,Kaiserslautern,Casa,Furth,3-4-3,Titolare,6,8,Olesen M.,,6.2,,81',xfF4JfK5
DFB-Pokal,1/16 FINALE,29.10.2025,Furth,Kaiserslautern,Casa,Furth,3-4-3,Titolare,7,24,John M.,,6.6,,,xfF4JfK5
DFB-Pokal,1/16 FINALE,29.10.2025,Furth,Kaiserslautern,Casa,Furth,3-4-3,Titolare,8,40,Abrangao D.,,6.1,,75',xfF4JfK5
DFB-Pokal,1/16 FINALE,29.10.2025,Furth,Kaiserslautern,Casa,Furth,3-4-3,Titolare,9,30,Klaus F.,,6.9,,,xfF4JfK5
DFB-Pokal,1/16 FINALE,29.10.2025,Furth,Kaiserslautern,Casa,Furth,3-4-3,Titolare,10,10,Hrgota B.,Capitano,7.5,,,xfF4JfK5
DFB-Pokal,1/16 FINALE,29.10.2025,Furth,Kaiserslautern,Casa,Furth,3-4-3,Titolare,11,9,Futkeu N.,,5.8,,75',xfF4JfK5
DFB-Pokal,1/16 FINALE,29.10.2025,Furth,Kaiserslautern,Casa,Furth,3-4-3,Panchina,1,26,Boevink P.,Portiere,,,,xfF4JfK5
DFB-Pokal,1/16 FINALE,29.10.2025,Furth,Kaiserslautern,Casa,Furth,3-4-3,Panchina,2,14,Consbruch J.,,,81',,xfF4JfK5
DFB-Pokal,1/16 FINALE,29.10.2025,Furth,Kaiserslautern,Casa,Furth,3-4-3,Panchina,3,23,Dehm J.,,,,,xfF4JfK5
DFB-Pokal,1/16 FINALE,29.10.2025,Furth,Kaiserslautern,Casa,Furth,3-4-3,Panchina,4,37,Green J.,,,81',,xfF4JfK5
DFB-Pokal,1/16 FINALE,29.10.2025,Furth,Kaiserslautern,Casa,Furth,3-4-3,Panchina,5,18,Higl F.,,6.1,75',,xfF4JfK5
DFB-Pokal,1/16 FINALE,29.10.2025,Furth,Kaiserslautern,Casa,Furth,3-4-3,Panchina,6,27,Itter G.,,,,,xfF4JfK5
DFB-Pokal,1/16 FINALE,29.10.2025,Furth,Kaiserslautern,Casa,Furth,3-4-3,Panchina,7,16,Keller A.,,6.5,75',,xfF4JfK5
DFB-Pokal,1/16 FINALE,29.10.2025,Furth,Kaiserslautern,Casa,Furth,3-4-3,Panchina,8,17,Konig N.,,,,,xfF4JfK5
DFB-Pokal,1/16 FINALE,29.10.2025,Furth,Kaiserslautern,Casa,Furth,3-4-3,Panchina,9,42,Sillah O.,,,90',,xfF4JfK5
DFB-Pokal,1/16 FINALE,29.10.2025,Furth,Kaiserslautern,Ospite,Kaiserslautern,3-4-1-2,Titolare,1,25,Simoni S.,Portiere,8.2,,,xfF4JfK5
DFB-Pokal,1/16 FINALE,29.10.2025,Furth,Kaiserslautern,Ospite,Kaiserslautern,3-4-1-2,Titolare,2,31,Sirch L.,,7.3,,,xfF4JfK5
DFB-Pokal,1/16 FINALE,29.10.2025,Furth,Kaiserslautern,Ospite,Kaiserslautern,3-4-1-2,Titolare,3,4,Gyamfi M.,,6.8,,,xfF4JfK5
DFB-Pokal,1/16 FINALE,29.10.2025,Furth,Kaiserslautern,Ospite,Kaiserslautern,3-4-1-2,Titolare,4,37,Robinson L.,,7.2,,,xfF4JfK5
DFB-Pokal,1/16 FINALE,29.10.2025,Furth,Kaiserslautern,Ospite,Kaiserslautern,3-4-1-2,Titolare,5,26,Joly P.,,6.7,,82',xfF4JfK5
DFB-Pokal,1/16 FINALE,29.10.2025,Furth,Kaiserslautern,Ospite,Kaiserslautern,3-4-1-2,Titolare,6,6,Kunze F.,,6.7,,63',xfF4JfK5
DFB-Pokal,1/16 FINALE,29.10.2025,Furth,Kaiserslautern,Ospite,Kaiserslautern,3-4-1-2,Titolare,7,8,Sahin S.,,7.1,,82',xfF4JfK5
DFB-Pokal,1/16 FINALE,29.10.2025,Furth,Kaiserslautern,Ospite,Kaiserslautern,3-4-1-2,Titolare,8,3,Kleinhansl F.,,6.5,,,xfF4JfK5
DFB-Pokal,1/16 FINALE,29.10.2025,Furth,Kaiserslautern,Ospite,Kaiserslautern,3-4-1-2,Titolare,9,15,Skytta N.,,7.9,,,xfF4JfK5
DFB-Pokal,1/16 FINALE,29.10.2025,Furth,Kaiserslautern,Ospite,Kaiserslautern,3-4-1-2,Titolare,10,48,Alidou F.,,5.7,,73',xfF4JfK5
DFB-Pokal,1/16 FINALE,29.10.2025,Furth,Kaiserslautern,Ospite,Kaiserslautern,3-4-1-2,Titolare,11,7,Ritter M.,Capitano,6.1,,64',xfF4JfK5
DFB-Pokal,1/16 FINALE,29.10.2025,Furth,Kaiserslautern,Ospite,Kaiserslautern,3-4-1-2,Panchina,1,27,Abiama D.,,,,,xfF4JfK5
DFB-Pokal,1/16 FINALE,29.10.2025,Furth,Kaiserslautern,Ospite,Kaiserslautern,3-4-1-2,Panchina,2,23,Aremu A.,,6.6,63',,xfF4JfK5
DFB-Pokal,1/16 FINALE,29.10.2025,Furth,Kaiserslautern,Ospite,Kaiserslautern,3-4-1-2,Panchina,3,33,Elvedi J.,,,82',,xfF4JfK5
DFB-Pokal,1/16 FINALE,29.10.2025,Furth,Kaiserslautern,Ospite,Kaiserslautern,3-4-1-2,Panchina,4,22,Haas M.,,,82',,xfF4JfK5
DFB-Pokal,1/16 FINALE,29.10.2025,Furth,Kaiserslautern,Ospite,Kaiserslautern,3-4-1-2,Panchina,5,19,Hanslik D.,,6.4,64',,xfF4JfK5
DFB-Pokal,1/16 FINALE,29.10.2025,Furth,Kaiserslautern,Ospite,Kaiserslautern,3-4-1-2,Panchina,6,1,Krahl J.,Portiere,,,,xfF4JfK5
DFB-Pokal,1/16 FINALE,29.10.2025,Furth,Kaiserslautern,Ospite,Kaiserslautern,3-4-1-2,Panchina,7,20,Raschl T.,,6.2,73',,xfF4JfK5
DFB-Pokal,1/16 FINALE,29.10.2025,Furth,Kaiserslautern,Ospite,Kaiserslautern,3-4-1-2,Panchina,8,29,Tachie R.,,,,,xfF4JfK5
DFB-Pokal,1/16 FINALE,29.10.2025,Furth,Kaiserslautern,Ospite,Kaiserslautern,3-4-1-2,Panchina,9,13,Wekesser E.,,,,,xfF4JfK5
DFB-Pokal,1/16 FINALE,29.10.2025,Illertissen,Magdeburg,Casa,Illertissen,5-4-1,Titolare,1,34,Zok M.,Portiere,6.7,,,bPqjEarQ
DFB-Pokal,1/16 FINALE,29.10.2025,Illertissen,Magdeburg,Casa,Illertissen,5-4-1,Titolare,2,11,Golz M.,,6.5,,,bPqjEarQ
DFB-Pokal,1/16 FINALE,29.10.2025,Illertissen,Magdeburg,Casa,Illertissen,5-4-1,Titolare,3,38,Neuberger M.,,4.8,,,bPqjEarQ
DFB-Pokal,1/16 FINALE,29.10.2025,Illertissen,Magdeburg,Casa,Illertissen,5-4-1,Titolare,4,2,Zeller M.,Capitano,6.7,,,bPqjEarQ
DFB-Pokal,1/16 FINALE,29.10.2025,Illertissen,Magdeburg,Casa,Illertissen,5-4-1,Titolare,5,5,Kopf A.,,6.7,,,bPqjEarQ
DFB-Pokal,1/16 FINALE,29.10.2025,Illertissen,Magdeburg,Casa,Illertissen,5-4-1,Titolare,6,23,Heckmann E.,,6.2,,77',bPqjEarQ
DFB-Pokal,1/16 FINALE,29.10.2025,Illertissen,Magdeburg,Casa,Illertissen,5-4-1,Titolare,7,18,Pfaumann L.,,6.6,,46',bPqjEarQ
DFB-Pokal,1/16 FINALE,29.10.2025,Illertissen,Magdeburg,Casa,Illertissen,5-4-1,Titolare,8,25,Hingerl M.,,6.0,,77',bPqjEarQ
DFB-Pokal,1/16 FINALE,29.10.2025,Illertissen,Magdeburg,Casa,Illertissen,5-4-1,Titolare,9,8,Cocic M.,,6.3,,,bPqjEarQ
DFB-Pokal,1/16 FINALE,29.10.2025,Illertissen,Magdeburg,Casa,Illertissen,5-4-1,Titolare,10,21,Milic D.,,6.2,,62',bPqjEarQ
DFB-Pokal,1/16 FINALE,29.10.2025,Illertissen,Magdeburg,Casa,Illertissen,5-4-1,Titolare,11,7,Glessing Y.,,5.7,,86',bPqjEarQ
DFB-Pokal,1/16 FINALE,29.10.2025,Illertissen,Magdeburg,Casa,Illertissen,5-4-1,Panchina,1,15,Ekinci P.,,,86',,bPqjEarQ
DFB-Pokal,1/16 FINALE,29.10.2025,Illertissen,Magdeburg,Casa,Illertissen,5-4-1,Panchina,2,6,Embaye N.,,6.5,77',,bPqjEarQ
DFB-Pokal,1/16 FINALE,29.10.2025,Illertissen,Magdeburg,Casa,Illertissen,5-4-1,Panchina,3,9,Fofanah M.,,6.3,77',,bPqjEarQ
DFB-Pokal,1/16 FINALE,29.10.2025,Illertissen,Magdeburg,Casa,Illertissen,5-4-1,Panchina,4,19,Gerstmayer D.,,,,,bPqjEarQ
DFB-Pokal,1/16 FINALE,29.10.2025,Illertissen,Magdeburg,Casa,Illertissen,5-4-1,Panchina,5,13,Hausmann D.,,6.2,46',,bPqjEarQ
DFB-Pokal,1/16 FINALE,29.10.2025,Illertissen,Magdeburg,Casa,Illertissen,5-4-1,Panchina,6,20,Irigoyen C.,,,,,bPqjEarQ
DFB-Pokal,1/16 FINALE,29.10.2025,Illertissen,Magdeburg,Casa,Illertissen,5-4-1,Panchina,7,14,Micic U.,,,,,bPqjEarQ
DFB-Pokal,1/16 FINALE,29.10.2025,Illertissen,Magdeburg,Casa,Illertissen,5-4-1,Panchina,8,31,Ruhle T.,,6.3,62',,bPqjEarQ
DFB-Pokal,1/16 FINALE,29.10.2025,Illertissen,Magdeburg,Casa,Illertissen,5-4-1,Panchina,9,1,Witte M.,Portiere,,,,bPqjEarQ
DFB-Pokal,1/16 FINALE,29.10.2025,Illertissen,Magdeburg,Ospite,Magdeburg,4-3-3,Titolare,1,1,Reimann D.,Portiere,7.1,,,bPqjEarQ
DFB-Pokal,1/16 FINALE,29.10.2025,Illertissen,Magdeburg,Ospite,Magdeburg,4-3-3,Titolare,2,19,Musonda L.,,6.9,,71',bPqjEarQ
DFB-Pokal,1/16 FINALE,29.10.2025,Illertissen,Magdeburg,Ospite,Magdeburg,4-3-3,Titolare,3,5,Muller T.,,7.5,,,bPqjEarQ
DFB-Pokal,1/16 FINALE,29.10.2025,Illertissen,Magdeburg,Ospite,Magdeburg,4-3-3,Titolare,4,15,Heber D.,,8.9,,,bPqjEarQ
DFB-Pokal,1/16 FINALE,29.10.2025,Illertissen,Magdeburg,Ospite,Magdeburg,4-3-3,Titolare,5,17,Nollenberger A.,,7.8,,66',bPqjEarQ
DFB-Pokal,1/16 FINALE,29.10.2025,Illertissen,Magdeburg,Ospite,Magdeburg,4-3-3,Titolare,6,13,Krempicki C.,,6.9,,71',bPqjEarQ
DFB-Pokal,1/16 FINALE,29.10.2025,Illertissen,Magdeburg,Ospite,Magdeburg,4-3-3,Titolare,7,16,Mathisen M.,,7.5,,,bPqjEarQ
DFB-Pokal,1/16 FINALE,29.10.2025,Illertissen,Magdeburg,Ospite,Magdeburg,4-3-3,Titolare,8,21,Michel F.,,7.2,,,bPqjEarQ
DFB-Pokal,1/16 FINALE,29.10.2025,Illertissen,Magdeburg,Ospite,Magdeburg,4-3-3,Titolare,9,29,Ghrieb R.,,8.0,,86',bPqjEarQ
DFB-Pokal,1/16 FINALE,29.10.2025,Illertissen,Magdeburg,Ospite,Magdeburg,4-3-3,Titolare,10,9,Breunig M.,,7.5,,,bPqjEarQ
DFB-Pokal,1/16 FINALE,29.10.2025,Illertissen,Magdeburg,Ospite,Magdeburg,4-3-3,Titolare,11,23,Atik B.,,7.2,,46',bPqjEarQ
DFB-Pokal,1/16 FINALE,29.10.2025,Illertissen,Magdeburg,Ospite,Magdeburg,4-3-3,Panchina,1,39,Diawara K.,,,86',,bPqjEarQ
DFB-Pokal,1/16 FINALE,29.10.2025,Illertissen,Magdeburg,Ospite,Magdeburg,4-3-3,Panchina,2,28,Geschwill M.,,6.5,71',,bPqjEarQ
DFB-Pokal,1/16 FINALE,29.10.2025,Illertissen,Magdeburg,Ospite,Magdeburg,4-3-3,Panchina,3,25,Gnaka S.,,,,,bPqjEarQ
DFB-Pokal,1/16 FINALE,29.10.2025,Illertissen,Magdeburg,Ospite,Magdeburg,4-3-3,Panchina,4,27,Hercher P.,,6.9,66',,bPqjEarQ
DFB-Pokal,1/16 FINALE,29.10.2025,Illertissen,Magdeburg,Ospite,Magdeburg,4-3-3,Panchina,5,11,Holmstrom A.,,,,,bPqjEarQ
DFB-Pokal,1/16 FINALE,29.10.2025,Illertissen,Magdeburg,Ospite,Magdeburg,4-3-3,Panchina,6,38,Hyrylainen L.,,,,,bPqjEarQ
DFB-Pokal,1/16 FINALE,29.10.2025,Illertissen,Magdeburg,Ospite,Magdeburg,4-3-3,Panchina,7,30,Kruth N.,Portiere,,,,bPqjEarQ
DFB-Pokal,1/16 FINALE,29.10.2025,Illertissen,Magdeburg,Ospite,Magdeburg,4-3-3,Panchina,8,10,Pesch N.,,8.1,46',,bPqjEarQ
DFB-Pokal,1/16 FINALE,29.10.2025,Illertissen,Magdeburg,Ospite,Magdeburg,4-3-3,Panchina,9,8,Ulrich L.,,6.2,71',,bPqjEarQ
DFB-Pokal,1/16 FINALE,29.10.2025,Magonza,Stoccarda,Casa,Magonza,3-4-2-1,Titolare,1,27,Zentner R.,Portiere,6.7,,,QLldhIL6
DFB-Pokal,1/16 FINALE,29.10.2025,Magonza,Stoccarda,Casa,Magonza,3-4-2-1,Titolare,2,25,Hanche-Olsen A.,,6.7,,,QLldhIL6
DFB-Pokal,1/16 FINALE,29.10.2025,Magonza,Stoccarda,Casa,Magonza,3-4-2-1,Titolare,3,15,Maloney L.,,6.7,,85',QLldhIL6
DFB-Pokal,1/16 FINALE,29.10.2025,Magonza,Stoccarda,Casa,Magonza,3-4-2-1,Titolare,4,31,Kohr D.,,7.3,,,QLldhIL6
DFB-Pokal,1/16 FINALE,29.10.2025,Magonza,Stoccarda,Casa,Magonza,3-4-2-1,Titolare,5,2,Mwene P.,,6.1,,69',QLldhIL6
DFB-Pokal,1/16 FINALE,29.10.2025,Magonza,Stoccarda,Casa,Magonza,3-4-2-1,Titolare,6,10,Amiri N.,,6.1,,,QLldhIL6
DFB-Pokal,1/16 FINALE,29.10.2025,Magonza,Stoccarda,Casa,Magonza,3-4-2-1,Titolare,7,6,Sano K.,,6.4,,,QLldhIL6
DFB-Pokal,1/16 FINALE,29.10.2025,Magonza,Stoccarda,Casa,Magonza,3-4-2-1,Titolare,8,30,Widmer S.,Capitano,5.9,,69',QLldhIL6
DFB-Pokal,1/16 FINALE,29.10.2025,Magonza,Stoccarda,Casa,Magonza,3-4-2-1,Titolare,9,8,Nebel P.,,6.8,,,QLldhIL6
DFB-Pokal,1/16 FINALE,29.10.2025,Magonza,Stoccarda,Casa,Magonza,3-4-2-1,Titolare,10,7,Lee Jae-Sung,,6.8,,60',QLldhIL6
DFB-Pokal,1/16 FINALE,29.10.2025,Magonza,Stoccarda,Casa,Magonza,3-4-2-1,Titolare,11,11,Sieb A.,,6.0,,60',QLldhIL6
DFB-Pokal,1/16 FINALE,29.10.2025,Magonza,Stoccarda,Casa,Magonza,3-4-2-1,Panchina,1,37,Bobzien B.,,,,,QLldhIL6
DFB-Pokal,1/16 FINALE,29.10.2025,Magonza,Stoccarda,Casa,Magonza,3-4-2-1,Panchina,2,14,Boving W.,,,85',,QLldhIL6
DFB-Pokal,1/16 FINALE,29.10.2025,Magonza,Stoccarda,Casa,Magonza,3-4-2-1,Panchina,3,17,Hollerbach B.,,6.5,60',,QLldhIL6
DFB-Pokal,1/16 FINALE,29.10.2025,Magonza,Stoccarda,Casa,Magonza,3-4-2-1,Panchina,4,24,Kawasaki S.,,,,,QLldhIL6
DFB-Pokal,1/16 FINALE,29.10.2025,Magonza,Stoccarda,Casa,Magonza,3-4-2-1,Panchina,5,9,Nordin A.,,6.3,69',,QLldhIL6
DFB-Pokal,1/16 FINALE,29.10.2025,Magonza,Stoccarda,Casa,Magonza,3-4-2-1,Panchina,6,48,Potulski K.,,,,,QLldhIL6
DFB-Pokal,1/16 FINALE,29.10.2025,Magonza,Stoccarda,Casa,Magonza,3-4-2-1,Panchina,7,1,Riess L.,Portiere,,,,QLldhIL6
DFB-Pokal,1/16 FINALE,29.10.2025,Magonza,Stoccarda,Casa,Magonza,3-4-2-1,Panchina,8,22,Veratschnig N.,,6.3,69',,QLldhIL6
DFB-Pokal,1/16 FINALE,29.10.2025,Magonza,Stoccarda,Casa,Magonza,3-4-2-1,Panchina,9,44,Weiper N.,,6.2,60',,QLldhIL6
DFB-Pokal,1/16 FINALE,29.10.2025,Magonza,Stoccarda,Ospite,Stoccarda,3-4-2-1,Titolare,1,1,Bredlow F.,Portiere,7.2,,,QLldhIL6
DFB-Pokal,1/16 FINALE,29.10.2025,Magonza,Stoccarda,Ospite,Stoccarda,3-4-2-1,Titolare,2,14,Jaquez L.,,7.9,,,QLldhIL6
DFB-Pokal,1/16 FINALE,29.10.2025,Magonza,Stoccarda,Ospite,Stoccarda,3-4-2-1,Titolare,3,24,Chabot J.,,7.3,,,QLldhIL6
DFB-Pokal,1/16 FINALE,29.10.2025,Magonza,Stoccarda,Ospite,Stoccarda,3-4-2-1,Titolare,4,3,Hendriks R.,,6.9,,,QLldhIL6
DFB-Pokal,1/16 FINALE,29.10.2025,Magonza,Stoccarda,Ospite,Stoccarda,3-4-2-1,Titolare,5,22,Assignon L.,,6.5,,,QLldhIL6
DFB-Pokal,1/16 FINALE,29.10.2025,Magonza,Stoccarda,Ospite,Stoccarda,3-4-2-1,Titolare,6,16,Karazor A.,Capitano,7.8,,,QLldhIL6
DFB-Pokal,1/16 FINALE,29.10.2025,Magonza,Stoccarda,Ospite,Stoccarda,3-4-2-1,Titolare,7,6,Stiller A.,,7.1,,,QLldhIL6
DFB-Pokal,1/16 FINALE,29.10.2025,Magonza,Stoccarda,Ospite,Stoccarda,3-4-2-1,Titolare,8,7,Mittelstadt M.,,6.5,,67',QLldhIL6
DFB-Pokal,1/16 FINALE,29.10.2025,Magonza,Stoccarda,Ospite,Stoccarda,3-4-2-1,Titolare,9,27,Bouanani B.,,6.7,,67',QLldhIL6
DFB-Pokal,1/16 FINALE,29.10.2025,Magonza,Stoccarda,Ospite,Stoccarda,3-4-2-1,Titolare,10,11,El Khannouss B.,,8.2,,82',QLldhIL6
DFB-Pokal,1/16 FINALE,29.10.2025,Magonza,Stoccarda,Ospite,Stoccarda,3-4-2-1,Titolare,11,26,Undav D.,,8.3,,82',QLldhIL6
DFB-Pokal,1/16 FINALE,29.10.2025,Magonza,Stoccarda,Ospite,Stoccarda,3-4-2-1,Panchina,1,2,Al Dakhil A.,,,,,QLldhIL6
DFB-Pokal,1/16 FINALE,29.10.2025,Magonza,Stoccarda,Ospite,Stoccarda,3-4-2-1,Panchina,2,30,Andres C.,,,,,QLldhIL6
DFB-Pokal,1/16 FINALE,29.10.2025,Magonza,Stoccarda,Ospite,Stoccarda,3-4-2-1,Panchina,3,10,Fuhrich C.,,6.5,67',,QLldhIL6
DFB-Pokal,1/16 FINALE,29.10.2025,Magonza,Stoccarda,Ospite,Stoccarda,3-4-2-1,Panchina,4,29,Jeltsch F.,,,,,QLldhIL6
DFB-Pokal,1/16 FINALE,29.10.2025,Magonza,Stoccarda,Ospite,Stoccarda,3-4-2-1,Panchina,5,18,Leweling J.,,,82',,QLldhIL6
DFB-Pokal,1/16 FINALE,29.10.2025,Magonza,Stoccarda,Ospite,Stoccarda,3-4-2-1,Panchina,6,28,Nartey N.,,,82',,QLldhIL6
DFB-Pokal,1/16 FINALE,29.10.2025,Magonza,Stoccarda,Ospite,Stoccarda,3-4-2-1,Panchina,7,33,Nubel A.,Portiere,,,,QLldhIL6
DFB-Pokal,1/16 FINALE,29.10.2025,Magonza,Stoccarda,Ospite,Stoccarda,3-4-2-1,Panchina,8,8,Tomas T.,,,,,QLldhIL6
DFB-Pokal,1/16 FINALE,29.10.2025,Magonza,Stoccarda,Ospite,Stoccarda,3-4-2-1,Panchina,9,4,Vagnoman J.,,6.7,67',,QLldhIL6
DFB-Pokal,1/16 FINALE,29.10.2025,Paderborn,Leverkusen,Casa,Paderborn,3-4-2-1,Titolare,1,1,Schubert M.,Portiere,8.0,,,Ikrv3ZZO
DFB-Pokal,1/16 FINALE,29.10.2025,Paderborn,Leverkusen,Casa,Paderborn,3-4-2-1,Titolare,2,22,Hansen M.,,5.7,,73',Ikrv3ZZO
DFB-Pokal,1/16 FINALE,29.10.2025,Paderborn,Leverkusen,Casa,Paderborn,3-4-2-1,Titolare,3,20,Gotze F.,Capitano,5.0,,,Ikrv3ZZO
DFB-Pokal,1/16 FINALE,29.10.2025,Paderborn,Leverkusen,Casa,Paderborn,3-4-2-1,Titolare,4,25,Scheller T.,,6.6,,,Ikrv3ZZO
DFB-Pokal,1/16 FINALE,29.10.2025,Paderborn,Leverkusen,Casa,Paderborn,3-4-2-1,Titolare,5,17,Curda L.,,6.9,,,Ikrv3ZZO
DFB-Pokal,1/16 FINALE,29.10.2025,Paderborn,Leverkusen,Casa,Paderborn,3-4-2-1,Titolare,6,14,Baur M.,,6.4,,,Ikrv3ZZO
DFB-Pokal,1/16 FINALE,29.10.2025,Paderborn,Leverkusen,Casa,Paderborn,3-4-2-1,Titolare,7,6,Engelns L.,,6.1,,84',Ikrv3ZZO
DFB-Pokal,1/16 FINALE,29.10.2025,Paderborn,Leverkusen,Casa,Paderborn,3-4-2-1,Titolare,8,23,Obermair R.,,7.4,,,Ikrv3ZZO
DFB-Pokal,1/16 FINALE,29.10.2025,Paderborn,Leverkusen,Casa,Paderborn,3-4-2-1,Titolare,9,18,Worner M.,,6.4,,61',Ikrv3ZZO
DFB-Pokal,1/16 FINALE,29.10.2025,Paderborn,Leverkusen,Casa,Paderborn,3-4-2-1,Titolare,10,7,Bilbija F.,,5.6,,73',Ikrv3ZZO
DFB-Pokal,1/16 FINALE,29.10.2025,Paderborn,Leverkusen,Casa,Paderborn,3-4-2-1,Titolare,11,28,Copado L.,,5.9,,72',Ikrv3ZZO
DFB-Pokal,1/16 FINALE,29.10.2025,Paderborn,Leverkusen,Casa,Paderborn,3-4-2-1,Panchina,1,9,Batzner N.,,7.8,73',,Ikrv3ZZO
DFB-Pokal,1/16 FINALE,29.10.2025,Paderborn,Leverkusen,Casa,Paderborn,3-4-2-1,Panchina,2,5,Castaneda S.,,,,,Ikrv3ZZO
DFB-Pokal,1/16 FINALE,29.10.2025,Paderborn,Leverkusen,Casa,Paderborn,3-4-2-1,Panchina,3,26,Klaas S.,,,,,Ikrv3ZZO
DFB-Pokal,1/16 FINALE,29.10.2025,Paderborn,Leverkusen,Casa,Paderborn,3-4-2-1,Panchina,4,30,Marino S.,,7.8,73',,Ikrv3ZZO
DFB-Pokal,1/16 FINALE,29.10.2025,Paderborn,Leverkusen,Casa,Paderborn,3-4-2-1,Panchina,5,11,Michel S.,,7.1,84',,Ikrv3ZZO
DFB-Pokal,1/16 FINALE,29.10.2025,Paderborn,Leverkusen,Casa,Paderborn,3-4-2-1,Panchina,6,2,Muller R.,,,,,Ikrv3ZZO
DFB-Pokal,1/16 FINALE,29.10.2025,Paderborn,Leverkusen,Casa,Paderborn,3-4-2-1,Panchina,7,41,Seimen D.,Portiere,,,,Ikrv3ZZO
DFB-Pokal,1/16 FINALE,29.10.2025,Paderborn,Leverkusen,Casa,Paderborn,3-4-2-1,Panchina,8,3,Sticker J.,,7.4,61',,Ikrv3ZZO
DFB-Pokal,1/16 FINALE,29.10.2025,Paderborn,Leverkusen,Casa,Paderborn,3-4-2-1,Panchina,9,27,Tigges S.,,7.3,72',,Ikrv3ZZO
DFB-Pokal,1/16 FINALE,29.10.2025,Paderborn,Leverkusen,Ospite,Leverkusen,3-4-2-1,Titolare,1,1,Flekken M.,Portiere,6.2,,,Ikrv3ZZO
DFB-Pokal,1/16 FINALE,29.10.2025,Paderborn,Leverkusen,Ospite,Leverkusen,3-4-2-1,Titolare,2,12,Tapsoba E.,,7.3,,,Ikrv3ZZO
DFB-Pokal,1/16 FINALE,29.10.2025,Paderborn,Leverkusen,Ospite,Leverkusen,3-4-2-1,Titolare,3,5,Bade L.,,7.8,,,Ikrv3ZZO
DFB-Pokal,1/16 FINALE,29.10.2025,Paderborn,Leverkusen,Ospite,Leverkusen,3-4-2-1,Titolare,4,44,Belocian J.,,6.3,,66',Ikrv3ZZO
DFB-Pokal,1/16 FINALE,29.10.2025,Paderborn,Leverkusen,Ospite,Leverkusen,3-4-2-1,Titolare,5,13,Arthur,,6.7,,66',Ikrv3ZZO
DFB-Pokal,1/16 FINALE,29.10.2025,Paderborn,Leverkusen,Ospite,Leverkusen,3-4-2-1,Titolare,6,24,Garcia A.,,9.0,,,Ikrv3ZZO
DFB-Pokal,1/16 FINALE,29.10.2025,Paderborn,Leverkusen,Ospite,Leverkusen,3-4-2-1,Titolare,7,8,Andrich R.,Capitano,7.5,,,Ikrv3ZZO
DFB-Pokal,1/16 FINALE,29.10.2025,Paderborn,Leverkusen,Ospite,Leverkusen,3-4-2-1,Titolare,8,20,Grimaldo A.,,8.5,,,Ikrv3ZZO
DFB-Pokal,1/16 FINALE,29.10.2025,Paderborn,Leverkusen,Ospite,Leverkusen,3-4-2-1,Titolare,9,7,Hofmann J.,,6.4,,83',Ikrv3ZZO
DFB-Pokal,1/16 FINALE,29.10.2025,Paderborn,Leverkusen,Ospite,Leverkusen,3-4-2-1,Titolare,10,17,Ben Seghir E.,,6.8,,46',Ikrv3ZZO
DFB-Pokal,1/16 FINALE,29.10.2025,Paderborn,Leverkusen,Ospite,Leverkusen,3-4-2-1,Titolare,11,14,Schick P.,,6.7,,46',Ikrv3ZZO
DFB-Pokal,1/16 FINALE,29.10.2025,Paderborn,Leverkusen,Ospite,Leverkusen,3-4-2-1,Panchina,1,28,Blaswich J.,Portiere,,,,Ikrv3ZZO
DFB-Pokal,1/16 FINALE,29.10.2025,Paderborn,Leverkusen,Ospite,Leverkusen,3-4-2-1,Panchina,2,42,Culbreath M.,,,,,Ikrv3ZZO
DFB-Pokal,1/16 FINALE,29.10.2025,Paderborn,Leverkusen,Ospite,Leverkusen,3-4-2-1,Panchina,3,9,Echeverri C.,,,,,Ikrv3ZZO
DFB-Pokal,1/16 FINALE,29.10.2025,Paderborn,Leverkusen,Ospite,Leverkusen,3-4-2-1,Panchina,4,35,Kofane C.,,7.4,46',,Ikrv3ZZO
DFB-Pokal,1/16 FINALE,29.10.2025,Paderborn,Leverkusen,Ospite,Leverkusen,3-4-2-1,Panchina,5,30,Maza I.,,8.0,83',,Ikrv3ZZO
DFB-Pokal,1/16 FINALE,29.10.2025,Paderborn,Leverkusen,Ospite,Leverkusen,3-4-2-1,Panchina,6,19,Poku E.,,8.6,46',,Ikrv3ZZO
DFB-Pokal,1/16 FINALE,29.10.2025,Paderborn,Leverkusen,Ospite,Leverkusen,3-4-2-1,Panchina,7,4,Quansah J.,,7.8,66',,Ikrv3ZZO
DFB-Pokal,1/16 FINALE,29.10.2025,Paderborn,Leverkusen,Ospite,Leverkusen,3-4-2-1,Panchina,8,18,Sarco A.,,,,,Ikrv3ZZO
DFB-Pokal,1/16 FINALE,29.10.2025,Paderborn,Leverkusen,Ospite,Leverkusen,3-4-2-1,Panchina,9,11,Terrier M.,,7.5,66',,Ikrv3ZZO
DFB-Pokal,1/16 FINALE,28.10.2025,Augusta,Bochum,Casa,Augusta,3-4-2-1,Titolare,1,22,Labrovic N.,Portiere,7.5,,,xdG81MbK
DFB-Pokal,1/16 FINALE,28.10.2025,Augusta,Bochum,Casa,Augusta,3-4-2-1,Titolare,2,17,Jakic K.,Capitano,6.6,,,xdG81MbK
DFB-Pokal,1/16 FINALE,28.10.2025,Augusta,Bochum,Casa,Augusta,3-4-2-1,Titolare,3,5,Matsima C.,,6.2,,80',xdG81MbK
DFB-Pokal,1/16 FINALE,28.10.2025,Augusta,Bochum,Casa,Augusta,3-4-2-1,Titolare,4,16,Zesiger C.,,7.6,,,xdG81MbK
DFB-Pokal,1/16 FINALE,28.10.2025,Augusta,Bochum,Casa,Augusta,3-4-2-1,Titolare,5,30,Kade A.,,6.5,,77',xdG81MbK
DFB-Pokal,1/16 FINALE,28.10.2025,Augusta,Bochum,Casa,Augusta,3-4-2-1,Titolare,6,19,Fellhauer R.,,6.2,,,xdG81MbK
DFB-Pokal,1/16 FINALE,28.10.2025,Augusta,Bochum,Casa,Augusta,3-4-2-1,Titolare,7,8,Rexhbecaj E.,,6.6,,,xdG81MbK
DFB-Pokal,1/16 FINALE,28.10.2025,Augusta,Bochum,Casa,Augusta,3-4-2-1,Titolare,8,27,Wolf M.,,6.5,,60',xdG81MbK
DFB-Pokal,1/16 FINALE,28.10.2025,Augusta,Bochum,Casa,Augusta,3-4-2-1,Titolare,9,32,Rieder F.,,6.2,,46',xdG81MbK
DFB-Pokal,1/16 FINALE,28.10.2025,Augusta,Bochum,Casa,Augusta,3-4-2-1,Titolare,10,11,Gharbi I.,,7.0,,,xdG81MbK
DFB-Pokal,1/16 FINALE,28.10.2025,Augusta,Bochum,Casa,Augusta,3-4-2-1,Titolare,11,21,Tietz P.,,6.2,,59',xdG81MbK
DFB-Pokal,1/16 FINALE,28.10.2025,Augusta,Bochum,Casa,Augusta,3-4-2-1,Panchina,1,40,Banks N.,,,,,xdG81MbK
DFB-Pokal,1/16 FINALE,28.10.2025,Augusta,Bochum,Casa,Augusta,3-4-2-1,Panchina,2,20,Claude-Maurice A.,,6.6,77',,xdG81MbK
DFB-Pokal,1/16 FINALE,28.10.2025,Augusta,Bochum,Casa,Augusta,3-4-2-1,Panchina,3,1,Dahmen F.,Portiere,,,,xdG81MbK
DFB-Pokal,1/16 FINALE,28.10.2025,Augusta,Bochum,Casa,Augusta,3-4-2-1,Panchina,4,9,Essende S.,,6.4,59',,xdG81MbK
DFB-Pokal,1/16 FINALE,28.10.2025,Augusta,Bochum,Casa,Augusta,3-4-2-1,Panchina,5,13,Giannoulis D.,,6.6,60',,xdG81MbK
DFB-Pokal,1/16 FINALE,28.10.2025,Augusta,Bochum,Casa,Augusta,3-4-2-1,Panchina,6,36,Komur M.,,6.5,46',,xdG81MbK
DFB-Pokal,1/16 FINALE,28.10.2025,Augusta,Bochum,Casa,Augusta,3-4-2-1,Panchina,7,4,Massengo H.,,,,,xdG81MbK
DFB-Pokal,1/16 FINALE,28.10.2025,Augusta,Bochum,Casa,Augusta,3-4-2-1,Panchina,8,26,Saad E.,,,,,xdG81MbK
DFB-Pokal,1/16 FINALE,28.10.2025,Augusta,Bochum,Casa,Augusta,3-4-2-1,Panchina,9,31,Schlotterbeck K.,,,80',,xdG81MbK
DFB-Pokal,1/16 FINALE,28.10.2025,Augusta,Bochum,Ospite,Bochum,4-1-4-1,Titolare,1,1,Horn T.,Portiere,7.3,,,xdG81MbK
DFB-Pokal,1/16 FINALE,28.10.2025,Augusta,Bochum,Ospite,Bochum,4-1-4-1,Titolare,2,39,Morgalla L.,,6.7,,80',xdG81MbK
DFB-Pokal,1/16 FINALE,28.10.2025,Augusta,Bochum,Ospite,Bochum,4-1-4-1,Titolare,3,20,Loosli N.,,7.0,,,xdG81MbK
DFB-Pokal,1/16 FINALE,28.10.2025,Augusta,Bochum,Ospite,Bochum,4-1-4-1,Titolare,4,3,Strompf P.,,7.5,,70',xdG81MbK
DFB-Pokal,1/16 FINALE,28.10.2025,Augusta,Bochum,Ospite,Bochum,4-1-4-1,Titolare,5,32,Wittek M.,,6.9,,,xdG81MbK
DFB-Pokal,1/16 FINALE,28.10.2025,Augusta,Bochum,Ospite,Bochum,4-1-4-1,Titolare,6,34,Lenz C.,,7.3,,80',xdG81MbK
DFB-Pokal,1/16 FINALE,28.10.2025,Augusta,Bochum,Ospite,Bochum,4-1-4-1,Titolare,7,29,Alfa-Ruprecht F.,,6.7,,60',xdG81MbK
DFB-Pokal,1/16 FINALE,28.10.2025,Augusta,Bochum,Ospite,Bochum,4-1-4-1,Titolare,8,8,Watjen K.,,6.9,,,xdG81MbK
DFB-Pokal,1/16 FINALE,28.10.2025,Augusta,Bochum,Ospite,Bochum,4-1-4-1,Titolare,9,24,Pannewig M.,,7.3,,,xdG81MbK
DFB-Pokal,1/16 FINALE,28.10.2025,Augusta,Bochum,Ospite,Bochum,4-1-4-1,Titolare,10,17,Holtmann G.,,7.7,,70',xdG81MbK
DFB-Pokal,1/16 FINALE,28.10.2025,Augusta,Bochum,Ospite,Bochum,4-1-4-1,Titolare,11,21,Onyeka F.,,6.5,,,xdG81MbK
DFB-Pokal,1/16 FINALE,28.10.2025,Augusta,Bochum,Ospite,Bochum,4-1-4-1,Panchina,1,14,Clairicia M.,,,,,xdG81MbK
DFB-Pokal,1/16 FINALE,28.10.2025,Augusta,Bochum,Ospite,Bochum,4-1-4-1,Panchina,2,33,Hofmann P.,,,80',,xdG81MbK
DFB-Pokal,1/16 FINALE,28.10.2025,Augusta,Bochum,Ospite,Bochum,4-1-4-1,Panchina,3,35,Koscierski K.,,,,,xdG81MbK
DFB-Pokal,1/16 FINALE,28.10.2025,Augusta,Bochum,Ospite,Bochum,4-1-4-1,Panchina,4,11,Kwarteng M.,,7.2,70',,xdG81MbK
DFB-Pokal,1/16 FINALE,28.10.2025,Augusta,Bochum,Ospite,Bochum,4-1-4-1,Panchina,5,4,Masovic E.,,6.6,70',,xdG81MbK
DFB-Pokal,1/16 FINALE,28.10.2025,Augusta,Bochum,Ospite,Bochum,4-1-4-1,Panchina,6,10,Obafemi M.,,,80',,xdG81MbK
DFB-Pokal,1/16 FINALE,28.10.2025,Augusta,Bochum,Ospite,Bochum,4-1-4-1,Panchina,7,15,Passlack F.,,6.5,60',,xdG81MbK
DFB-Pokal,1/16 FINALE,28.10.2025,Augusta,Bochum,Ospite,Bochum,4-1-4-1,Panchina,8,26,Rosch R.,,,,,xdG81MbK
DFB-Pokal,1/16 FINALE,28.10.2025,Augusta,Bochum,Ospite,Bochum,4-1-4-1,Panchina,9,22,Thiede N.,Portiere,,,,xdG81MbK
DFB-Pokal,1/16 FINALE,28.10.2025,Cottbus,RB Lipsia,Casa,Cottbus,4-2-3-1,Titolare,1,33,Funk M.,Portiere,5.5,,,U7zM8w6m
DFB-Pokal,1/16 FINALE,28.10.2025,Cottbus,RB Lipsia,Casa,Cottbus,4-2-3-1,Titolare,2,3,Rorig H.,,6.0,,72',U7zM8w6m
DFB-Pokal,1/16 FINALE,28.10.2025,Cottbus,RB Lipsia,Casa,Cottbus,4-2-3-1,Titolare,3,2,Manu K. S.,,6.6,,,U7zM8w6m
DFB-Pokal,1/16 FINALE,28.10.2025,Cottbus,RB Lipsia,Casa,Cottbus,4-2-3-1,Titolare,4,23,Awortwie-Grant N.,,6.2,,46',U7zM8w6m
DFB-Pokal,1/16 FINALE,28.10.2025,Cottbus,RB Lipsia,Casa,Cottbus,4-2-3-1,Titolare,5,24,Lucoqui A.,,6.6,,72',U7zM8w6m
DFB-Pokal,1/16 FINALE,28.10.2025,Cottbus,RB Lipsia,Casa,Cottbus,4-2-3-1,Titolare,6,20,Borgmann A.,Capitano,6.4,,,U7zM8w6m
DFB-Pokal,1/16 FINALE,28.10.2025,Cottbus,RB Lipsia,Casa,Cottbus,4-2-3-1,Titolare,7,5,Pelivan D.,,6.5,,,U7zM8w6m
DFB-Pokal,1/16 FINALE,28.10.2025,Cottbus,RB Lipsia,Casa,Cottbus,4-2-3-1,Titolare,8,11,Hannemann M.,,5.7,,,U7zM8w6m
DFB-Pokal,1/16 FINALE,28.10.2025,Cottbus,RB Lipsia,Casa,Cottbus,4-2-3-1,Titolare,9,10,Cigerci T.,,6.0,,,U7zM8w6m
DFB-Pokal,1/16 FINALE,28.10.2025,Cottbus,RB Lipsia,Casa,Cottbus,4-2-3-1,Titolare,10,31,Butler J.,,5.9,,60',U7zM8w6m
DFB-Pokal,1/16 FINALE,28.10.2025,Cottbus,RB Lipsia,Casa,Cottbus,4-2-3-1,Titolare,11,37,Biankadi M.,,6.9,,46',U7zM8w6m
DFB-Pokal,1/16 FINALE,28.10.2025,Cottbus,RB Lipsia,Casa,Cottbus,4-2-3-1,Panchina,1,19,Boziaris J.,,,,,U7zM8w6m
DFB-Pokal,1/16 FINALE,28.10.2025,Cottbus,RB Lipsia,Casa,Cottbus,4-2-3-1,Panchina,2,4,Campulka T.,,6.5,46',,U7zM8w6m
DFB-Pokal,1/16 FINALE,28.10.2025,Cottbus,RB Lipsia,Casa,Cottbus,4-2-3-1,Panchina,3,18,Engelhardt E.,,6.9,46',,U7zM8w6m
DFB-Pokal,1/16 FINALE,28.10.2025,Cottbus,RB Lipsia,Casa,Cottbus,4-2-3-1,Panchina,4,21,Guwara L.,,6.4,72',,U7zM8w6m
DFB-Pokal,1/16 FINALE,28.10.2025,Cottbus,RB Lipsia,Casa,Cottbus,4-2-3-1,Panchina,5,8,Michelbrink L.,,,,,U7zM8w6m
DFB-Pokal,1/16 FINALE,28.10.2025,Cottbus,RB Lipsia,Casa,Cottbus,4-2-3-1,Panchina,6,17,Moustfa C. Y.,,6.0,60',,U7zM8w6m
DFB-Pokal,1/16 FINALE,28.10.2025,Cottbus,RB Lipsia,Casa,Cottbus,4-2-3-1,Panchina,7,1,Sebald A.,Portiere,,,,U7zM8w6m
DFB-Pokal,1/16 FINALE,28.10.2025,Cottbus,RB Lipsia,Casa,Cottbus,4-2-3-1,Panchina,8,44,Straudi S.,,6.3,72',,U7zM8w6m
DFB-Pokal,1/16 FINALE,28.10.2025,Cottbus,RB Lipsia,Casa,Cottbus,4-2-3-1,Panchina,9,7,Thiele T.,,,,,U7zM8w6m
DFB-Pokal,1/16 FINALE,28.10.2025,Cottbus,RB Lipsia,Ospite,RB Lipsia,4-3-3,Titolare,1,26,Vandevoordt M.,Portiere,6.6,,,U7zM8w6m
DFB-Pokal,1/16 FINALE,28.10.2025,Cottbus,RB Lipsia,Ospite,RB Lipsia,4-3-3,Titolare,2,17,Baku R.,,8.0,,64',U7zM8w6m
DFB-Pokal,1/16 FINALE,28.10.2025,Cottbus,RB Lipsia,Ospite,RB Lipsia,4-3-3,Titolare,3,4,Orban W.,,8.5,,,U7zM8w6m
DFB-Pokal,1/16 FINALE,28.10.2025,Cottbus,RB Lipsia,Ospite,RB Lipsia,4-3-3,Titolare,4,5,Bitshiabu E.,,7.3,,,U7zM8w6m
DFB-Pokal,1/16 FINALE,28.10.2025,Cottbus,RB Lipsia,Ospite,RB Lipsia,4-3-3,Titolare,5,22,Raum D.,Capitano,9.1,,,U7zM8w6m
DFB-Pokal,1/16 FINALE,28.10.2025,Cottbus,RB Lipsia,Ospite,RB Lipsia,4-3-3,Titolare,6,6,Banzuzi E.,,8.2,,,U7zM8w6m
DFB-Pokal,1/16 FINALE,28.10.2025,Cottbus,RB Lipsia,Ospite,RB Lipsia,4-3-3,Titolare,7,13,Seiwald N.,,7.4,,72',U7zM8w6m
DFB-Pokal,1/16 FINALE,28.10.2025,Cottbus,RB Lipsia,Ospite,RB Lipsia,4-3-3,Titolare,8,14,Baumgartner C.,,8.9,,46',U7zM8w6m
DFB-Pokal,1/16 FINALE,28.10.2025,Cottbus,RB Lipsia,Ospite,RB Lipsia,4-3-3,Titolare,9,9,Bakayoko J.,,7.9,,,U7zM8w6m
DFB-Pokal,1/16 FINALE,28.10.2025,Cottbus,RB Lipsia,Ospite,RB Lipsia,4-3-3,Titolare,10,40,Romulo Cardoso,,6.3,,63',U7zM8w6m
DFB-Pokal,1/16 FINALE,28.10.2025,Cottbus,RB Lipsia,Ospite,RB Lipsia,4-3-3,Titolare,11,7,Nusa A.,,6.2,,63',U7zM8w6m
DFB-Pokal,1/16 FINALE,28.10.2025,Cottbus,RB Lipsia,Ospite,RB Lipsia,4-3-3,Panchina,1,49,Diomande Y.,,,,,U7zM8w6m
DFB-Pokal,1/16 FINALE,28.10.2025,Cottbus,RB Lipsia,Ospite,RB Lipsia,4-3-3,Panchina,2,27,Gomis T.,,7.4,63',,U7zM8w6m
DFB-Pokal,1/16 FINALE,28.10.2025,Cottbus,RB Lipsia,Ospite,RB Lipsia,4-3-3,Panchina,3,1,Gulacsi P.,Portiere,,,,U7zM8w6m
DFB-Pokal,1/16 FINALE,28.10.2025,Cottbus,RB Lipsia,Ospite,RB Lipsia,4-3-3,Panchina,4,11,Harder C.,,6.6,63',,U7zM8w6m
DFB-Pokal,1/16 FINALE,28.10.2025,Cottbus,RB Lipsia,Ospite,RB Lipsia,4-3-3,Panchina,5,16,Klostermann L.,,6.6,64',,U7zM8w6m
DFB-Pokal,1/16 FINALE,28.10.2025,Cottbus,RB Lipsia,Ospite,RB Lipsia,4-3-3,Panchina,6,23,Lukeba C.,,,,,U7zM8w6m
DFB-Pokal,1/16 FINALE,28.10.2025,Cottbus,RB Lipsia,Ospite,RB Lipsia,4-3-3,Panchina,7,33,Maksimovic A.,,6.3,72',,U7zM8w6m
DFB-Pokal,1/16 FINALE,28.10.2025,Cottbus,RB Lipsia,Ospite,RB Lipsia,4-3-3,Panchina,8,20,Ouedraogo A.,,,,,U7zM8w6m
DFB-Pokal,1/16 FINALE,28.10.2025,Cottbus,RB Lipsia,Ospite,RB Lipsia,4-3-3,Panchina,9,24,Schlager X.,,6.8,46',,U7zM8w6m
DFB-Pokal,1/16 FINALE,28.10.2025,Monchengladbach,Karlsruher,Casa,Monchengladbach,3-4-3,Titolare,1,33,Nicolas M.,Portiere,7.5,,,WbTMwJ6D
DFB-Pokal,1/16 FINALE,28.10.2025,Monchengladbach,Karlsruher,Casa,Monchengladbach,3-4-3,Titolare,2,16,Sander P.,,6.6,,90',WbTMwJ6D
DFB-Pokal,1/16 FINALE,28.10.2025,Monchengladbach,Karlsruher,Casa,Monchengladbach,3-4-3,Titolare,3,30,Elvedi N.,,7.3,,,WbTMwJ6D
DFB-Pokal,1/16 FINALE,28.10.2025,Monchengladbach,Karlsruher,Casa,Monchengladbach,3-4-3,Titolare,4,4,Diks K.,,7.0,,,WbTMwJ6D
DFB-Pokal,1/16 FINALE,28.10.2025,Monchengladbach,Karlsruher,Casa,Monchengladbach,3-4-3,Titolare,5,9,Honorat F.,,8.0,,90',WbTMwJ6D
DFB-Pokal,1/16 FINALE,28.10.2025,Monchengladbach,Karlsruher,Casa,Monchengladbach,3-4-3,Titolare,6,27,Reitz R.,Capitano,7.8,,,WbTMwJ6D
DFB-Pokal,1/16 FINALE,28.10.2025,Monchengladbach,Karlsruher,Casa,Monchengladbach,3-4-3,Titolare,7,6,Engelhardt Y.,,6.2,,,WbTMwJ6D
DFB-Pokal,1/16 FINALE,28.10.2025,Monchengladbach,Karlsruher,Casa,Monchengladbach,3-4-3,Titolare,8,20,Netz L.,,6.4,,,WbTMwJ6D
DFB-Pokal,1/16 FINALE,28.10.2025,Monchengladbach,Karlsruher,Casa,Monchengladbach,3-4-3,Titolare,9,18,Machino S.,,7.7,,73',WbTMwJ6D
DFB-Pokal,1/16 FINALE,28.10.2025,Monchengladbach,Karlsruher,Casa,Monchengladbach,3-4-3,Titolare,10,15,Tabakovic H.,,8.4,,90+2',WbTMwJ6D
DFB-Pokal,1/16 FINALE,28.10.2025,Monchengladbach,Karlsruher,Casa,Monchengladbach,3-4-3,Titolare,11,7,Stoger K.,,8.0,,73',WbTMwJ6D
DFB-Pokal,1/16 FINALE,28.10.2025,Monchengladbach,Karlsruher,Casa,Monchengladbach,3-4-3,Panchina,1,17,Castrop J.,,6.5,73',,WbTMwJ6D
DFB-Pokal,1/16 FINALE,28.10.2025,Monchengladbach,Karlsruher,Casa,Monchengladbach,3-4-3,Panchina,2,5,Friedrich M.,,,90',,WbTMwJ6D
DFB-Pokal,1/16 FINALE,28.10.2025,Monchengladbach,Karlsruher,Casa,Monchengladbach,3-4-3,Panchina,3,36,Mohya W.,,,90+2',,WbTMwJ6D
DFB-Pokal,1/16 FINALE,28.10.2025,Monchengladbach,Karlsruher,Casa,Monchengladbach,3-4-3,Panchina,4,10,Neuhaus F.,,6.8,73',,WbTMwJ6D
DFB-Pokal,1/16 FINALE,28.10.2025,Monchengladbach,Karlsruher,Casa,Monchengladbach,3-4-3,Panchina,5,1,Omlin J.,Portiere,,,,WbTMwJ6D
DFB-Pokal,1/16 FINALE,28.10.2025,Monchengladbach,Karlsruher,Casa,Monchengladbach,3-4-3,Panchina,6,13,Reyna G.,,,,,WbTMwJ6D
DFB-Pokal,1/16 FINALE,28.10.2025,Monchengladbach,Karlsruher,Casa,Monchengladbach,3-4-3,Panchina,7,29,Scally J.,,,90',,WbTMwJ6D
DFB-Pokal,1/16 FINALE,28.10.2025,Monchengladbach,Karlsruher,Casa,Monchengladbach,3-4-3,Panchina,8,26,Ullrich L.,,,,,WbTMwJ6D
DFB-Pokal,1/16 FINALE,28.10.2025,Monchengladbach,Karlsruher,Casa,Monchengladbach,3-4-3,Panchina,9,40,Urbich J.,,,,,WbTMwJ6D
DFB-Pokal,1/16 FINALE,28.10.2025,Monchengladbach,Karlsruher,Ospite,Karlsruher,3-1-4-2,Titolare,1,1,Bernat C.,Portiere,6.9,,,WbTMwJ6D
DFB-Pokal,1/16 FINALE,28.10.2025,Monchengladbach,Karlsruher,Ospite,Karlsruher,3-1-4-2,Titolare,2,22,Kobald C.,,6.2,,,WbTMwJ6D
DFB-Pokal,1/16 FINALE,28.10.2025,Monchengladbach,Karlsruher,Ospite,Karlsruher,3-1-4-2,Titolare,3,6,Rapp N.,,7.2,,88',WbTMwJ6D
DFB-Pokal,1/16 FINALE,28.10.2025,Monchengladbach,Karlsruher,Ospite,Karlsruher,3-1-4-2,Titolare,4,4,Beifus M.,,6.4,,77',WbTMwJ6D
DFB-Pokal,1/16 FINALE,28.10.2025,Monchengladbach,Karlsruher,Ospite,Karlsruher,3-1-4-2,Titolare,5,16,Muller A.,,6.2,,77',WbTMwJ6D
DFB-Pokal,1/16 FINALE,28.10.2025,Monchengladbach,Karlsruher,Ospite,Karlsruher,3-1-4-2,Titolare,6,36,Pinto Pedrosa R.,,5.3,,,WbTMwJ6D
DFB-Pokal,1/16 FINALE,28.10.2025,Monchengladbach,Karlsruher,Ospite,Karlsruher,3-1-4-2,Titolare,7,25,Egloff L.,,5.7,,83',WbTMwJ6D
DFB-Pokal,1/16 FINALE,28.10.2025,Monchengladbach,Karlsruher,Ospite,Karlsruher,3-1-4-2,Titolare,8,10,Wanitzek M.,Capitano,7.4,,,WbTMwJ6D
DFB-Pokal,1/16 FINALE,28.10.2025,Monchengladbach,Karlsruher,Ospite,Karlsruher,3-1-4-2,Titolare,9,20,Herold D.,,5.8,,,WbTMwJ6D
DFB-Pokal,1/16 FINALE,28.10.2025,Monchengladbach,Karlsruher,Ospite,Karlsruher,3-1-4-2,Titolare,10,11,Forster P.,,6.5,,77',WbTMwJ6D
DFB-Pokal,1/16 FINALE,28.10.2025,Monchengladbach,Karlsruher,Ospite,Karlsruher,3-1-4-2,Titolare,11,24,Schleusener F.,,7.2,,,WbTMwJ6D
DFB-Pokal,1/16 FINALE,28.10.2025,Monchengladbach,Karlsruher,Ospite,Karlsruher,3-1-4-2,Panchina,1,28,Franke M.,,6.4,77',,WbTMwJ6D
DFB-Pokal,1/16 FINALE,28.10.2025,Monchengladbach,Karlsruher,Ospite,Karlsruher,3-1-4-2,Panchina,2,13,Fukuda S.,,6.5,77',,WbTMwJ6D
DFB-Pokal,1/16 FINALE,28.10.2025,Monchengladbach,Karlsruher,Ospite,Karlsruher,3-1-4-2,Panchina,3,35,Geller R.,,,83',,WbTMwJ6D
DFB-Pokal,1/16 FINALE,28.10.2025,Monchengladbach,Karlsruher,Ospite,Karlsruher,3-1-4-2,Panchina,4,30,Himmelmann R.,Portiere,,,,WbTMwJ6D
DFB-Pokal,1/16 FINALE,28.10.2025,Monchengladbach,Karlsruher,Ospite,Karlsruher,3-1-4-2,Panchina,5,44,Laghrissi E.,,,88',,WbTMwJ6D
DFB-Pokal,1/16 FINALE,28.10.2025,Monchengladbach,Karlsruher,Ospite,Karlsruher,3-1-4-2,Panchina,6,17,Opitz L.,,,,,WbTMwJ6D
DFB-Pokal,1/16 FINALE,28.10.2025,Monchengladbach,Karlsruher,Ospite,Karlsruher,3-1-4-2,Panchina,7,15,Scholl P.,,,,,WbTMwJ6D
DFB-Pokal,1/16 FINALE,28.10.2025,Monchengladbach,Karlsruher,Ospite,Karlsruher,3-1-4-2,Panchina,8,9,Simic R.,,6.5,77',,WbTMwJ6D
DFB-Pokal,1/16 FINALE,28.10.2025,Monchengladbach,Karlsruher,Ospite,Karlsruher,3-1-4-2,Panchina,9,21,Waschenbach M.,,,,,WbTMwJ6D
DFB-Pokal,1/16 FINALE,28.10.2025,St. Pauli,Hoffenheim,Casa,St. Pauli,3-4-2-1,Titolare,1,1,Voll B. A.,Portiere,7.4,,,8ENmNxLt
DFB-Pokal,1/16 FINALE,28.10.2025,St. Pauli,Hoffenheim,Casa,St. Pauli,3-4-2-1,Titolare,2,5,Wahl H.,,7.5,,,8ENmNxLt
DFB-Pokal,1/16 FINALE,28.10.2025,St. Pauli,Hoffenheim,Casa,St. Pauli,3-4-2-1,Titolare,3,8,Smith E.,Capitano,7.1,,,8ENmNxLt
DFB-Pokal,1/16 FINALE,28.10.2025,St. Pauli,Hoffenheim,Casa,St. Pauli,3-4-2-1,Titolare,4,3,Mets K.,,6.6,,90+4',8ENmNxLt
DFB-Pokal,1/16 FINALE,28.10.2025,St. Pauli,Hoffenheim,Casa,St. Pauli,3-4-2-1,Titolare,5,11,Pyrka A.,,6.4,,66',8ENmNxLt
DFB-Pokal,1/16 FINALE,28.10.2025,St. Pauli,Hoffenheim,Casa,St. Pauli,3-4-2-1,Titolare,6,6,Sands J.,,5.6,,,8ENmNxLt
DFB-Pokal,1/16 FINALE,28.10.2025,St. Pauli,Hoffenheim,Casa,St. Pauli,3-4-2-1,Titolare,7,16,Fujita J.,,7.2,,,8ENmNxLt
DFB-Pokal,1/16 FINALE,28.10.2025,St. Pauli,Hoffenheim,Casa,St. Pauli,3-4-2-1,Titolare,8,23,Oppie L.,,6.3,,,8ENmNxLt
DFB-Pokal,1/16 FINALE,28.10.2025,St. Pauli,Hoffenheim,Casa,St. Pauli,3-4-2-1,Titolare,9,24,Metcalfe C.,,5.9,,81',8ENmNxLt
DFB-Pokal,1/16 FINALE,28.10.2025,St. Pauli,Hoffenheim,Casa,St. Pauli,3-4-2-1,Titolare,10,17,Afolayan O.,,6.3,,80',8ENmNxLt
DFB-Pokal,1/16 FINALE,28.10.2025,St. Pauli,Hoffenheim,Casa,St. Pauli,3-4-2-1,Titolare,11,27,Hountondji A.,,6.4,,66',8ENmNxLt
DFB-Pokal,1/16 FINALE,28.10.2025,St. Pauli,Hoffenheim,Casa,St. Pauli,3-4-2-1,Panchina,1,9,Ceesay A.,,6.1,66',,8ENmNxLt
DFB-Pokal,1/16 FINALE,28.10.2025,St. Pauli,Hoffenheim,Casa,St. Pauli,3-4-2-1,Panchina,2,25,Dzwigala A.,,,,,8ENmNxLt
DFB-Pokal,1/16 FINALE,28.10.2025,St. Pauli,Hoffenheim,Casa,St. Pauli,3-4-2-1,Panchina,3,7,Irvine J.,,,,,8ENmNxLt
DFB-Pokal,1/16 FINALE,28.10.2025,St. Pauli,Hoffenheim,Casa,St. Pauli,3-4-2-1,Panchina,4,19,Kaars M.,,6.2,81',,8ENmNxLt
DFB-Pokal,1/16 FINALE,28.10.2025,St. Pauli,Hoffenheim,Casa,St. Pauli,3-4-2-1,Panchina,5,28,Pereira Lage M.,,7.1,80',,8ENmNxLt
DFB-Pokal,1/16 FINALE,28.10.2025,St. Pauli,Hoffenheim,Casa,St. Pauli,3-4-2-1,Panchina,6,21,Ritzka L.,,6.5,90+4',,8ENmNxLt
DFB-Pokal,1/16 FINALE,28.10.2025,St. Pauli,Hoffenheim,Casa,St. Pauli,3-4-2-1,Panchina,7,2,Saliakas M.,,6.1,66',,8ENmNxLt
DFB-Pokal,1/16 FINALE,28.10.2025,St. Pauli,Hoffenheim,Casa,St. Pauli,3-4-2-1,Panchina,8,10,Sinani D.,,,,,8ENmNxLt
DFB-Pokal,1/16 FINALE,28.10.2025,St. Pauli,Hoffenheim,Casa,St. Pauli,3-4-2-1,Panchina,9,22,Vasilj N.,Portiere,,,,8ENmNxLt
DFB-Pokal,1/16 FINALE,28.10.2025,St. Pauli,Hoffenheim,Ospite,Hoffenheim,4-4-2,Titolare,1,1,Baumann O.,Portiere,6.6,,,8ENmNxLt
DFB-Pokal,1/16 FINALE,28.10.2025,St. Pauli,Hoffenheim,Ospite,Hoffenheim,4-4-2,Titolare,2,22,Prass A.,,7.4,,108',8ENmNxLt
DFB-Pokal,1/16 FINALE,28.10.2025,St. Pauli,Hoffenheim,Ospite,Hoffenheim,4-4-2,Titolare,3,2,Hranac R.,,6.8,,85',8ENmNxLt
DFB-Pokal,1/16 FINALE,28.10.2025,St. Pauli,Hoffenheim,Ospite,Hoffenheim,4-4-2,Titolare,4,21,Hajdari A.,,7.7,,,8ENmNxLt
DFB-Pokal,1/16 FINALE,28.10.2025,St. Pauli,Hoffenheim,Ospite,Hoffenheim,4-4-2,Titolare,5,13,Bernardo,,9.1,,,8ENmNxLt
DFB-Pokal,1/16 FINALE,28.10.2025,St. Pauli,Hoffenheim,Ospite,Hoffenheim,4-4-2,Titolare,6,27,Kramaric A.,,7.5,,,8ENmNxLt
DFB-Pokal,1/16 FINALE,28.10.2025,St. Pauli,Hoffenheim,Ospite,Hoffenheim,4-4-2,Titolare,7,7,Avdullahu L.,,5.9,,,8ENmNxLt
DFB-Pokal,1/16 FINALE,28.10.2025,St. Pauli,Hoffenheim,Ospite,Hoffenheim,4-4-2,Titolare,8,6,Promel G.,,7.6,,71',8ENmNxLt
DFB-Pokal,1/16 FINALE,28.10.2025,St. Pauli,Hoffenheim,Ospite,Hoffenheim,4-4-2,Titolare,9,29,Toure B.,,5.8,,,8ENmNxLt
DFB-Pokal,1/16 FINALE,28.10.2025,St. Pauli,Hoffenheim,Ospite,Hoffenheim,4-4-2,Titolare,10,19,Lemperle T.,,5.6,,86',8ENmNxLt
DFB-Pokal,1/16 FINALE,28.10.2025,St. Pauli,Hoffenheim,Ospite,Hoffenheim,4-4-2,Titolare,11,11,Asllani F.,,6.2,,77',8ENmNxLt
DFB-Pokal,1/16 FINALE,28.10.2025,St. Pauli,Hoffenheim,Ospite,Hoffenheim,4-4-2,Panchina,1,25,Akpoguma K.,,6.3,108',,8ENmNxLt
DFB-Pokal,1/16 FINALE,28.10.2025,St. Pauli,Hoffenheim,Ospite,Hoffenheim,4-4-2,Panchina,2,9,Bebou I.,,6.1,77',,8ENmNxLt
DFB-Pokal,1/16 FINALE,28.10.2025,St. Pauli,Hoffenheim,Ospite,Hoffenheim,4-4-2,Panchina,3,18,Burger W.,,6.7,71',,8ENmNxLt
DFB-Pokal,1/16 FINALE,28.10.2025,St. Pauli,Hoffenheim,Ospite,Hoffenheim,4-4-2,Panchina,4,10,Damar M.,,,,,8ENmNxLt
DFB-Pokal,1/16 FINALE,28.10.2025,St. Pauli,Hoffenheim,Ospite,Hoffenheim,4-4-2,Panchina,5,54,Erlein L.,,,,,8ENmNxLt
DFB-Pokal,1/16 FINALE,28.10.2025,St. Pauli,Hoffenheim,Ospite,Hoffenheim,4-4-2,Panchina,6,5,Kabak O.,,6.5,85',,8ENmNxLt
DFB-Pokal,1/16 FINALE,28.10.2025,St. Pauli,Hoffenheim,Ospite,Hoffenheim,4-4-2,Panchina,7,33,Moerstedt M.,,,,,8ENmNxLt
DFB-Pokal,1/16 FINALE,28.10.2025,St. Pauli,Hoffenheim,Ospite,Hoffenheim,4-4-2,Panchina,8,37,Philipp L.,Portiere,,,,8ENmNxLt
DFB-Pokal,1/16 FINALE,28.10.2025,St. Pauli,Hoffenheim,Ospite,Hoffenheim,4-4-2,Panchina,9,17,Tohumcu U.,,6.4,86',,8ENmNxLt
DFB-Pokal,1/16 FINALE,28.10.2025,Francoforte,Dortmund,Casa,Francoforte,3-4-2-1,Titolare,1,23,Zetterer M.,Portiere,6.4,,,dtcud0Ms
DFB-Pokal,1/16 FINALE,28.10.2025,Francoforte,Dortmund,Casa,Francoforte,3-4-2-1,Titolare,2,13,Kristensen R.,,6.9,,,dtcud0Ms
DFB-Pokal,1/16 FINALE,28.10.2025,Francoforte,Dortmund,Casa,Francoforte,3-4-2-1,Titolare,3,4,Koch R.,Capitano,7.8,,,dtcud0Ms
DFB-Pokal,1/16 FINALE,28.10.2025,Francoforte,Dortmund,Casa,Francoforte,3-4-2-1,Titolare,4,3,Theate A.,,6.4,,,dtcud0Ms
DFB-Pokal,1/16 FINALE,28.10.2025,Francoforte,Dortmund,Casa,Francoforte,3-4-2-1,Titolare,5,20,Doan R.,,6.1,,,dtcud0Ms
DFB-Pokal,1/16 FINALE,28.10.2025,Francoforte,Dortmund,Casa,Francoforte,3-4-2-1,Titolare,6,8,Chaibi F.,,6.4,,,dtcud0Ms
DFB-Pokal,1/16 FINALE,28.10.2025,Francoforte,Dortmund,Casa,Francoforte,3-4-2-1,Titolare,7,16,Larsson H.,,6.9,,73',dtcud0Ms
DFB-Pokal,1/16 FINALE,28.10.2025,Francoforte,Dortmund,Casa,Francoforte,3-4-2-1,Titolare,8,21,Brown N.,,8.0,,,dtcud0Ms
DFB-Pokal,1/16 FINALE,28.10.2025,Francoforte,Dortmund,Casa,Francoforte,3-4-2-1,Titolare,9,27,Gotze M.,,6.7,,72',dtcud0Ms
DFB-Pokal,1/16 FINALE,28.10.2025,Francoforte,Dortmund,Casa,Francoforte,3-4-2-1,Titolare,10,7,Knauff A.,,6.7,,89',dtcud0Ms
DFB-Pokal,1/16 FINALE,28.10.2025,Francoforte,Dortmund,Casa,Francoforte,3-4-2-1,Titolare,11,9,Burkardt J.,,5.6,,,dtcud0Ms
DFB-Pokal,1/16 FINALE,28.10.2025,Francoforte,Dortmund,Casa,Francoforte,3-4-2-1,Panchina,1,5,Amenda A.,,,,,dtcud0Ms
DFB-Pokal,1/16 FINALE,28.10.2025,Francoforte,Dortmund,Casa,Francoforte,3-4-2-1,Panchina,2,19,Bahoya J.,,5.9,89',120',dtcud0Ms
DFB-Pokal,1/16 FINALE,28.10.2025,Francoforte,Dortmund,Casa,Francoforte,3-4-2-1,Panchina,3,30,Batshuayi M.,,,120',,dtcud0Ms
DFB-Pokal,1/16 FINALE,28.10.2025,Francoforte,Dortmund,Casa,Francoforte,3-4-2-1,Panchina,4,34,Collins N.,,,,,dtcud0Ms
DFB-Pokal,1/16 FINALE,28.10.2025,Francoforte,Dortmund,Casa,Francoforte,3-4-2-1,Panchina,5,18,Dahoud M.,,,,,dtcud0Ms
DFB-Pokal,1/16 FINALE,28.10.2025,Francoforte,Dortmund,Casa,Francoforte,3-4-2-1,Panchina,6,40,Kaua Santos,Portiere,,,,dtcud0Ms
DFB-Pokal,1/16 FINALE,28.10.2025,Francoforte,Dortmund,Casa,Francoforte,3-4-2-1,Panchina,7,15,Skhiri E.,,6.2,73',,dtcud0Ms
DFB-Pokal,1/16 FINALE,28.10.2025,Francoforte,Dortmund,Casa,Francoforte,3-4-2-1,Panchina,8,42,Uzun C.,,7.2,72',,dtcud0Ms
DFB-Pokal,1/16 FINALE,28.10.2025,Francoforte,Dortmund,Casa,Francoforte,3-4-2-1,Panchina,9,17,Wahi E.,,,,,dtcud0Ms
DFB-Pokal,1/16 FINALE,28.10.2025,Francoforte,Dortmund,Ospite,Dortmund,3-4-2-1,Titolare,1,1,Kobel G.,Portiere,7.7,,,dtcud0Ms
DFB-Pokal,1/16 FINALE,28.10.2025,Francoforte,Dortmund,Ospite,Dortmund,3-4-2-1,Titolare,2,28,Anselmino A.,,7.1,,46',dtcud0Ms
DFB-Pokal,1/16 FINALE,28.10.2025,Francoforte,Dortmund,Ospite,Dortmund,3-4-2-1,Titolare,3,3,Anton W.,,6.5,,,dtcud0Ms
DFB-Pokal,1/16 FINALE,28.10.2025,Francoforte,Dortmund,Ospite,Dortmund,3-4-2-1,Titolare,4,4,Schlotterbeck N.,Capitano,6.9,,,dtcud0Ms
DFB-Pokal,1/16 FINALE,28.10.2025,Francoforte,Dortmund,Ospite,Dortmund,3-4-2-1,Titolare,5,26,Ryerson J.,,8.3,,,dtcud0Ms
DFB-Pokal,1/16 FINALE,28.10.2025,Francoforte,Dortmund,Ospite,Dortmund,3-4-2-1,Titolare,6,20,Sabitzer M.,,7.2,,91',dtcud0Ms
DFB-Pokal,1/16 FINALE,28.10.2025,Francoforte,Dortmund,Ospite,Dortmund,3-4-2-1,Titolare,7,7,Bellingham J.,,7.2,,,dtcud0Ms
DFB-Pokal,1/16 FINALE,28.10.2025,Francoforte,Dortmund,Ospite,Dortmund,3-4-2-1,Titolare,8,24,Svensson D.,,6.5,,,dtcud0Ms
DFB-Pokal,1/16 FINALE,28.10.2025,Francoforte,Dortmund,Ospite,Dortmund,3-4-2-1,Titolare,9,27,Adeyemi K.,,5.9,,77',dtcud0Ms
DFB-Pokal,1/16 FINALE,28.10.2025,Francoforte,Dortmund,Ospite,Dortmund,3-4-2-1,Titolare,10,10,Brandt J.,,7.4,,91',dtcud0Ms
DFB-Pokal,1/16 FINALE,28.10.2025,Francoforte,Dortmund,Ospite,Dortmund,3-4-2-1,Titolare,11,14,Beier M.,,6.0,,84',dtcud0Ms
DFB-Pokal,1/16 FINALE,28.10.2025,Francoforte,Dortmund,Ospite,Dortmund,3-4-2-1,Panchina,1,17,Chukwuemeka C.,,6.3,91',,dtcud0Ms
DFB-Pokal,1/16 FINALE,28.10.2025,Francoforte,Dortmund,Ospite,Dortmund,3-4-2-1,Panchina,2,2,Couto Y.,,,,,dtcud0Ms
DFB-Pokal,1/16 FINALE,28.10.2025,Francoforte,Dortmund,Ospite,Dortmund,3-4-2-1,Panchina,3,13,Gross P.,,,,,dtcud0Ms
DFB-Pokal,1/16 FINALE,28.10.2025,Francoforte,Dortmund,Ospite,Dortmund,3-4-2-1,Panchina,4,9,Guirassy S.,,6.5,77',,dtcud0Ms
DFB-Pokal,1/16 FINALE,28.10.2025,Francoforte,Dortmund,Ospite,Dortmund,3-4-2-1,Panchina,5,33,Meyer A.,Portiere,,,,dtcud0Ms
DFB-Pokal,1/16 FINALE,28.10.2025,Francoforte,Dortmund,Ospite,Dortmund,3-4-2-1,Panchina,6,8,Nmecha F.,,6.5,91',,dtcud0Ms
DFB-Pokal,1/16 FINALE,28.10.2025,Francoforte,Dortmund,Ospite,Dortmund,3-4-2-1,Panchina,7,6,Ozcan S.,,,,,dtcud0Ms
DFB-Pokal,1/16 FINALE,28.10.2025,Francoforte,Dortmund,Ospite,Dortmund,3-4-2-1,Panchina,8,21,Silva F.,,6.0,84',,dtcud0Ms
DFB-Pokal,1/16 FINALE,28.10.2025,Francoforte,Dortmund,Ospite,Dortmund,3-4-2-1,Panchina,9,25,Sule N.,,7.1,46',,dtcud0Ms
DFB-Pokal,1/16 FINALE,28.10.2025,Heidenheim,Amburgo,Casa,Heidenheim,4-1-2-1-2,Titolare,1,41,Ramaj D.,Portiere,7.5,,,Wh8DHYlI
DFB-Pokal,1/16 FINALE,28.10.2025,Heidenheim,Amburgo,Casa,Heidenheim,4-1-2-1-2,Titolare,2,23,Traore O. H.,,6.4,,46',Wh8DHYlI
DFB-Pokal,1/16 FINALE,28.10.2025,Heidenheim,Amburgo,Casa,Heidenheim,4-1-2-1-2,Titolare,3,6,Mainka P.,Capitano,6.8,,,Wh8DHYlI
DFB-Pokal,1/16 FINALE,28.10.2025,Heidenheim,Amburgo,Casa,Heidenheim,4-1-2-1-2,Titolare,4,4,Siersleben T.,,4.5,,,Wh8DHYlI
DFB-Pokal,1/16 FINALE,28.10.2025,Heidenheim,Amburgo,Casa,Heidenheim,4-1-2-1-2,Titolare,5,19,Fohrenbach J.,,6.0,,,Wh8DHYlI
DFB-Pokal,1/16 FINALE,28.10.2025,Heidenheim,Amburgo,Casa,Heidenheim,4-1-2-1-2,Titolare,6,16,Niehues J.,,5.9,,86',Wh8DHYlI
DFB-Pokal,1/16 FINALE,28.10.2025,Heidenheim,Amburgo,Casa,Heidenheim,4-1-2-1-2,Titolare,7,20,Kerber L.,,6.1,,46',Wh8DHYlI
DFB-Pokal,1/16 FINALE,28.10.2025,Heidenheim,Amburgo,Casa,Heidenheim,4-1-2-1-2,Titolare,8,22,Ibrahimovic A.,,6.9,,,Wh8DHYlI
DFB-Pokal,1/16 FINALE,28.10.2025,Heidenheim,Amburgo,Casa,Heidenheim,4-1-2-1-2,Titolare,9,3,Schoppner J.,,5.6,,,Wh8DHYlI
DFB-Pokal,1/16 FINALE,28.10.2025,Heidenheim,Amburgo,Casa,Heidenheim,4-1-2-1-2,Titolare,10,9,Schimmer S.,,5.9,,73',Wh8DHYlI
DFB-Pokal,1/16 FINALE,28.10.2025,Heidenheim,Amburgo,Casa,Heidenheim,4-1-2-1-2,Titolare,11,11,Zivzivadze B.,,5.9,,72',Wh8DHYlI
DFB-Pokal,1/16 FINALE,28.10.2025,Heidenheim,Amburgo,Casa,Heidenheim,4-1-2-1-2,Panchina,1,21,Beck A.,,,,,Wh8DHYlI
DFB-Pokal,1/16 FINALE,28.10.2025,Heidenheim,Amburgo,Casa,Heidenheim,4-1-2-1-2,Panchina,2,2,Busch M.,,6.2,46',,Wh8DHYlI
DFB-Pokal,1/16 FINALE,28.10.2025,Heidenheim,Amburgo,Casa,Heidenheim,4-1-2-1-2,Panchina,3,30,Dorsch N.,,6.8,46',,Wh8DHYlI
DFB-Pokal,1/16 FINALE,28.10.2025,Heidenheim,Amburgo,Casa,Heidenheim,4-1-2-1-2,Panchina,4,5,Gimber B.,,,,,Wh8DHYlI
DFB-Pokal,1/16 FINALE,28.10.2025,Heidenheim,Amburgo,Casa,Heidenheim,4-1-2-1-2,Panchina,5,17,Honsak M.,,6.4,72',,Wh8DHYlI
DFB-Pokal,1/16 FINALE,28.10.2025,Heidenheim,Amburgo,Casa,Heidenheim,4-1-2-1-2,Panchina,6,27,Keller T.,,,,,Wh8DHYlI
DFB-Pokal,1/16 FINALE,28.10.2025,Heidenheim,Amburgo,Casa,Heidenheim,4-1-2-1-2,Panchina,7,28,Kolle A.,,,86',,Wh8DHYlI
DFB-Pokal,1/16 FINALE,28.10.2025,Heidenheim,Amburgo,Casa,Heidenheim,4-1-2-1-2,Panchina,8,1,Muller K.,Portiere,,,,Wh8DHYlI
DFB-Pokal,1/16 FINALE,28.10.2025,Heidenheim,Amburgo,Casa,Heidenheim,4-1-2-1-2,Panchina,9,18,Pieringer M.,,6.6,73',,Wh8DHYlI
DFB-Pokal,1/16 FINALE,28.10.2025,Heidenheim,Amburgo,Ospite,Amburgo,3-4-3,Titolare,1,26,Peretz D.,Portiere,7.0,,,Wh8DHYlI
DFB-Pokal,1/16 FINALE,28.10.2025,Heidenheim,Amburgo,Ospite,Amburgo,3-4-3,Titolare,2,25,Torunarigha J.,,6.8,,,Wh8DHYlI
DFB-Pokal,1/16 FINALE,28.10.2025,Heidenheim,Amburgo,Ospite,Amburgo,3-4-3,Titolare,3,44,Vuskovic L.,,8.2,,,Wh8DHYlI
DFB-Pokal,1/16 FINALE,28.10.2025,Heidenheim,Amburgo,Ospite,Amburgo,3-4-3,Titolare,4,8,Elfadli D.,,7.7,,,Wh8DHYlI
DFB-Pokal,1/16 FINALE,28.10.2025,Heidenheim,Amburgo,Ospite,Amburgo,3-4-3,Titolare,5,16,Gocholeishvili G.,,7.2,,,Wh8DHYlI
DFB-Pokal,1/16 FINALE,28.10.2025,Heidenheim,Amburgo,Ospite,Amburgo,3-4-3,Titolare,6,21,Remberg N.,,6.4,,46',Wh8DHYlI
DFB-Pokal,1/16 FINALE,28.10.2025,Heidenheim,Amburgo,Ospite,Amburgo,3-4-3,Titolare,7,20,Vieira F.,,7.8,,,Wh8DHYlI
DFB-Pokal,1/16 FINALE,28.10.2025,Heidenheim,Amburgo,Ospite,Amburgo,3-4-3,Titolare,8,28,Muheim M.,Capitano,7.0,,,Wh8DHYlI
DFB-Pokal,1/16 FINALE,28.10.2025,Heidenheim,Amburgo,Ospite,Amburgo,3-4-3,Titolare,9,14,Philippe R.,,5.9,,89',Wh8DHYlI
DFB-Pokal,1/16 FINALE,28.10.2025,Heidenheim,Amburgo,Ospite,Amburgo,3-4-3,Titolare,10,11,Konigsdorffer R.,,6.3,,61',Wh8DHYlI
DFB-Pokal,1/16 FINALE,28.10.2025,Heidenheim,Amburgo,Ospite,Amburgo,3-4-3,Titolare,11,38,Rossing-Lelesiit A.,,6.7,,61',Wh8DHYlI
DFB-Pokal,1/16 FINALE,28.10.2025,Heidenheim,Amburgo,Ospite,Amburgo,3-4-3,Panchina,1,9,Glatzel R.,,7.5,61',,Wh8DHYlI
DFB-Pokal,1/16 FINALE,28.10.2025,Heidenheim,Amburgo,Ospite,Amburgo,3-4-3,Panchina,2,1,Heuer Fernandes D.,Portiere,,,,Wh8DHYlI
DFB-Pokal,1/16 FINALE,28.10.2025,Heidenheim,Amburgo,Ospite,Amburgo,3-4-3,Panchina,3,23,Meffert J.,,6.9,46',,Wh8DHYlI
DFB-Pokal,1/16 FINALE,28.10.2025,Heidenheim,Amburgo,Ospite,Amburgo,3-4-3,Panchina,4,2,Mikelbrencis W.,,,,,Wh8DHYlI
DFB-Pokal,1/16 FINALE,28.10.2025,Heidenheim,Amburgo,Ospite,Amburgo,3-4-3,Panchina,5,10,Pherai I.,,6.6,61',,Wh8DHYlI
DFB-Pokal,1/16 FINALE,28.10.2025,Heidenheim,Amburgo,Ospite,Amburgo,3-4-3,Panchina,6,15,Poulsen Y.,,,89',,Wh8DHYlI
DFB-Pokal,1/16 FINALE,28.10.2025,Heidenheim,Amburgo,Ospite,Amburgo,3-4-3,Panchina,7,13,Ramos G.,,,,,Wh8DHYlI
DFB-Pokal,1/16 FINALE,28.10.2025,Heidenheim,Amburgo,Ospite,Amburgo,3-4-3,Panchina,8,29,Sahiti E.,,,,,Wh8DHYlI
DFB-Pokal,1/16 FINALE,28.10.2025,Heidenheim,Amburgo,Ospite,Amburgo,3-4-3,Panchina,9,22,Soumahoro A.,,,,,Wh8DHYlI
DFB-Pokal,1/16 FINALE,28.10.2025,Hertha,Elversberg,Casa,Hertha,4-2-3-1,Titolare,1,1,Ernst T.,Portiere,7.4,,,AquEuux1
DFB-Pokal,1/16 FINALE,28.10.2025,Hertha,Elversberg,Casa,Hertha,4-2-3-1,Titolare,2,2,Eitschberger J.,,7.1,,,AquEuux1
DFB-Pokal,1/16 FINALE,28.10.2025,Hertha,Elversberg,Casa,Hertha,4-2-3-1,Titolare,3,44,Gechter L.,,8.0,,,AquEuux1
DFB-Pokal,1/16 FINALE,28.10.2025,Hertha,Elversberg,Casa,Hertha,4-2-3-1,Titolare,4,31,Dardai M.,,8.6,,,AquEuux1
DFB-Pokal,1/16 FINALE,28.10.2025,Hertha,Elversberg,Casa,Hertha,4-2-3-1,Titolare,5,33,Karbownik M.,,7.1,,71',AquEuux1
DFB-Pokal,1/16 FINALE,28.10.2025,Hertha,Elversberg,Casa,Hertha,4-2-3-1,Titolare,6,6,Demme D.,,8.0,,86',AquEuux1
DFB-Pokal,1/16 FINALE,28.10.2025,Hertha,Elversberg,Casa,Hertha,4-2-3-1,Titolare,7,23,Eichhorn K.,,6.5,,71',AquEuux1
DFB-Pokal,1/16 FINALE,28.10.2025,Hertha,Elversberg,Casa,Hertha,4-2-3-1,Titolare,8,14,Krattenmacher M.,,6.7,,80',AquEuux1
DFB-Pokal,1/16 FINALE,28.10.2025,Hertha,Elversberg,Casa,Hertha,4-2-3-1,Titolare,9,10,Cuisance M.,,7.8,,,AquEuux1
DFB-Pokal,1/16 FINALE,28.10.2025,Hertha,Elversberg,Casa,Hertha,4-2-3-1,Titolare,10,11,Reese F.,Capitano,6.3,,,AquEuux1
DFB-Pokal,1/16 FINALE,28.10.2025,Hertha,Elversberg,Casa,Hertha,4-2-3-1,Titolare,11,17,Gronning S.,,7.5,,80',AquEuux1
DFB-Pokal,1/16 FINALE,28.10.2025,Hertha,Elversberg,Casa,Hertha,4-2-3-1,Panchina,1,28,Dudziak J.,,,,,AquEuux1
DFB-Pokal,1/16 FINALE,28.10.2025,Hertha,Elversberg,Casa,Hertha,4-2-3-1,Panchina,2,35,Gersbeck M.,Portiere,,,,AquEuux1
DFB-Pokal,1/16 FINALE,28.10.2025,Hertha,Elversberg,Casa,Hertha,4-2-3-1,Panchina,3,27,Kolbe N.,,6.4,71',,AquEuux1
DFB-Pokal,1/16 FINALE,28.10.2025,Hertha,Elversberg,Casa,Hertha,4-2-3-1,Panchina,4,37,Leistner T.,,,,,AquEuux1
DFB-Pokal,1/16 FINALE,28.10.2025,Hertha,Elversberg,Casa,Hertha,4-2-3-1,Panchina,5,18,Schuler L.,,,80',,AquEuux1
DFB-Pokal,1/16 FINALE,28.10.2025,Hertha,Elversberg,Casa,Hertha,4-2-3-1,Panchina,6,30,Seguin P.,,6.4,71',,AquEuux1
DFB-Pokal,1/16 FINALE,28.10.2025,Hertha,Elversberg,Casa,Hertha,4-2-3-1,Panchina,7,8,Sessa K.,,,,,AquEuux1
DFB-Pokal,1/16 FINALE,28.10.2025,Hertha,Elversberg,Casa,Hertha,4-2-3-1,Panchina,8,24,Thorsteinsson J.,,,86',,AquEuux1
DFB-Pokal,1/16 FINALE,28.10.2025,Hertha,Elversberg,Casa,Hertha,4-2-3-1,Panchina,9,22,Winkler M.,,,80',,AquEuux1
DFB-Pokal,1/16 FINALE,28.10.2025,Hertha,Elversberg,Ospite,Elversberg,4-2-3-1,Titolare,1,20,Kristof N.,Portiere,5.7,,,AquEuux1
DFB-Pokal,1/16 FINALE,28.10.2025,Hertha,Elversberg,Ospite,Elversberg,4-2-3-1,Titolare,2,30,Gyamerah J.,,6.9,,54',AquEuux1
DFB-Pokal,1/16 FINALE,28.10.2025,Hertha,Elversberg,Ospite,Elversberg,4-2-3-1,Titolare,3,19,Pinckert L.,Capitano,4.6,,,AquEuux1
DFB-Pokal,1/16 FINALE,28.10.2025,Hertha,Elversberg,Ospite,Elversberg,4-2-3-1,Titolare,4,31,Rohr M.,,6.1,,83',AquEuux1
DFB-Pokal,1/16 FINALE,28.10.2025,Hertha,Elversberg,Ospite,Elversberg,4-2-3-1,Titolare,5,2,Mickelson N.,,5.8,,,AquEuux1
DFB-Pokal,1/16 FINALE,28.10.2025,Hertha,Elversberg,Ospite,Elversberg,4-2-3-1,Titolare,6,8,Poreba L.,,7.0,,,AquEuux1
DFB-Pokal,1/16 FINALE,28.10.2025,Hertha,Elversberg,Ospite,Elversberg,4-2-3-1,Titolare,7,6,Conde A.,,6.7,,,AquEuux1
DFB-Pokal,1/16 FINALE,28.10.2025,Hertha,Elversberg,Ospite,Elversberg,4-2-3-1,Titolare,8,9,Stange O.,,5.7,,54',AquEuux1
DFB-Pokal,1/16 FINALE,28.10.2025,Hertha,Elversberg,Ospite,Elversberg,4-2-3-1,Titolare,9,10,Conte B.,,7.1,,,AquEuux1
DFB-Pokal,1/16 FINALE,28.10.2025,Hertha,Elversberg,Ospite,Elversberg,4-2-3-1,Titolare,10,29,Zimmerschied T.,,6.4,,71',AquEuux1
DFB-Pokal,1/16 FINALE,28.10.2025,Hertha,Elversberg,Ospite,Elversberg,4-2-3-1,Titolare,11,22,Ebnoutalib Y.,,5.8,,71',AquEuux1
DFB-Pokal,1/16 FINALE,28.10.2025,Hertha,Elversberg,Ospite,Elversberg,4-2-3-1,Panchina,1,28,Boss T.,Portiere,,,,AquEuux1
DFB-Pokal,1/16 FINALE,28.10.2025,Hertha,Elversberg,Ospite,Elversberg,4-2-3-1,Panchina,2,11,Ceka J.,,,,,AquEuux1
DFB-Pokal,1/16 FINALE,28.10.2025,Hertha,Elversberg,Ospite,Elversberg,4-2-3-1,Panchina,3,21,Gunther L.,,,,,AquEuux1
DFB-Pokal,1/16 FINALE,28.10.2025,Hertha,Elversberg,Ospite,Elversberg,4-2-3-1,Panchina,4,43,Keidel F.,,6.3,54',,AquEuux1
DFB-Pokal,1/16 FINALE,28.10.2025,Hertha,Elversberg,Ospite,Elversberg,4-2-3-1,Panchina,5,3,Le Joncour F.,,,83',,AquEuux1
DFB-Pokal,1/16 FINALE,28.10.2025,Hertha,Elversberg,Ospite,Elversberg,4-2-3-1,Panchina,6,14,Malanga J.,,6.5,71',,AquEuux1
DFB-Pokal,1/16 FINALE,28.10.2025,Hertha,Elversberg,Ospite,Elversberg,4-2-3-1,Panchina,7,25,Petkov L.,,6.1,54',,AquEuux1
DFB-Pokal,1/16 FINALE,28.10.2025,Hertha,Elversberg,Ospite,Elversberg,4-2-3-1,Panchina,8,17,Schmahl F.,,,,,AquEuux1
DFB-Pokal,1/16 FINALE,28.10.2025,Hertha,Elversberg,Ospite,Elversberg,4-2-3-1,Panchina,9,24,Schnellbacher L.,,6.2,71',,AquEuux1
DFB-Pokal,1/16 FINALE,28.10.2025,Wolfsburg,Kiel,Casa,Wolfsburg,4-2-3-1,Titolare,1,29,Muller M.,Portiere,6.8,,,IT63jdjJ
DFB-Pokal,1/16 FINALE,28.10.2025,Wolfsburg,Kiel,Casa,Wolfsburg,4-2-3-1,Titolare,2,26,Kumbedi S.,,6.4,,,IT63jdjJ
DFB-Pokal,1/16 FINALE,28.10.2025,Wolfsburg,Kiel,Casa,Wolfsburg,4-2-3-1,Titolare,3,14,Seelt J.,,4.5,,,IT63jdjJ
DFB-Pokal,1/16 FINALE,28.10.2025,Wolfsburg,Kiel,Casa,Wolfsburg,4-2-3-1,Titolare,4,4,Koulierakis K.,,6.8,,,IT63jdjJ
DFB-Pokal,1/16 FINALE,28.10.2025,Wolfsburg,Kiel,Casa,Wolfsburg,4-2-3-1,Titolare,5,25,Zehnter A.,,6.3,,73',IT63jdjJ
DFB-Pokal,1/16 FINALE,28.10.2025,Wolfsburg,Kiel,Casa,Wolfsburg,4-2-3-1,Titolare,6,27,Arnold M.,Capitano,7.5,,,IT63jdjJ
DFB-Pokal,1/16 FINALE,28.10.2025,Wolfsburg,Kiel,Casa,Wolfsburg,4-2-3-1,Titolare,7,5,Vini Souza,,5.5,,89',IT63jdjJ
DFB-Pokal,1/16 FINALE,28.10.2025,Wolfsburg,Kiel,Casa,Wolfsburg,4-2-3-1,Titolare,8,7,Skov Olsen A.,,6.1,,46',IT63jdjJ
DFB-Pokal,1/16 FINALE,28.10.2025,Wolfsburg,Kiel,Casa,Wolfsburg,4-2-3-1,Titolare,9,24,Eriksen C.,,6.9,,,IT63jdjJ
DFB-Pokal,1/16 FINALE,28.10.2025,Wolfsburg,Kiel,Casa,Wolfsburg,4-2-3-1,Titolare,10,9,Amoura M.,,7.0,,,IT63jdjJ
DFB-Pokal,1/16 FINALE,28.10.2025,Wolfsburg,Kiel,Casa,Wolfsburg,4-2-3-1,Titolare,11,17,Pejcinovic D.,,6.7,,46',IT63jdjJ
DFB-Pokal,1/16 FINALE,28.10.2025,Wolfsburg,Kiel,Casa,Wolfsburg,4-2-3-1,Panchina,1,22,Angely M.,,,,,IT63jdjJ
DFB-Pokal,1/16 FINALE,28.10.2025,Wolfsburg,Kiel,Casa,Wolfsburg,4-2-3-1,Panchina,2,11,Daghim A.,,6.7,46',,IT63jdjJ
DFB-Pokal,1/16 FINALE,28.10.2025,Wolfsburg,Kiel,Casa,Wolfsburg,4-2-3-1,Panchina,3,8,Dardai B.,,,89',,IT63jdjJ
DFB-Pokal,1/16 FINALE,28.10.2025,Wolfsburg,Kiel,Casa,Wolfsburg,4-2-3-1,Panchina,4,31,Gerhardt Y.,,,,,IT63jdjJ
DFB-Pokal,1/16 FINALE,28.10.2025,Wolfsburg,Kiel,Casa,Wolfsburg,4-2-3-1,Panchina,5,21,Maehle J.,,6.6,73',,IT63jdjJ
DFB-Pokal,1/16 FINALE,28.10.2025,Wolfsburg,Kiel,Casa,Wolfsburg,4-2-3-1,Panchina,6,10,Majer L.,,,,,IT63jdjJ
DFB-Pokal,1/16 FINALE,28.10.2025,Wolfsburg,Kiel,Casa,Wolfsburg,4-2-3-1,Panchina,7,12,Pervan P.,Portiere,,,,IT63jdjJ
DFB-Pokal,1/16 FINALE,28.10.2025,Wolfsburg,Kiel,Casa,Wolfsburg,4-2-3-1,Panchina,8,32,Svanberg M.,,,,,IT63jdjJ
DFB-Pokal,1/16 FINALE,28.10.2025,Wolfsburg,Kiel,Casa,Wolfsburg,4-2-3-1,Panchina,9,39,Wimmer P.,,6.6,46',,IT63jdjJ
DFB-Pokal,1/16 FINALE,28.10.2025,Wolfsburg,Kiel,Ospite,Kiel,3-4-2-1,Titolare,1,1,Weiner T.,Portiere,7.1,,,IT63jdjJ
DFB-Pokal,1/16 FINALE,28.10.2025,Wolfsburg,Kiel,Ospite,Kiel,3-4-2-1,Titolare,2,26,Zec D.,,6.1,,,IT63jdjJ
DFB-Pokal,1/16 FINALE,28.10.2025,Wolfsburg,Kiel,Ospite,Kiel,3-4-2-1,Titolare,3,5,Johansson C.,,6.9,,,IT63jdjJ
DFB-Pokal,1/16 FINALE,28.10.2025,Wolfsburg,Kiel,Ospite,Kiel,3-4-2-1,Titolare,4,3,Komenda M.,,7.2,,,IT63jdjJ
DFB-Pokal,1/16 FINALE,28.10.2025,Wolfsburg,Kiel,Ospite,Kiel,3-4-2-1,Titolare,5,23,Rosenboom L.,,6.9,,63',IT63jdjJ
DFB-Pokal,1/16 FINALE,28.10.2025,Wolfsburg,Kiel,Ospite,Kiel,3-4-2-1,Titolare,6,24,Knudsen M.,,6.2,,89',IT63jdjJ
DFB-Pokal,1/16 FINALE,28.10.2025,Wolfsburg,Kiel,Ospite,Kiel,3-4-2-1,Titolare,7,22,Schwab S.,,6.8,,78',IT63jdjJ
DFB-Pokal,1/16 FINALE,28.10.2025,Wolfsburg,Kiel,Ospite,Kiel,3-4-2-1,Titolare,8,47,Tolkin J.,,7.3,,,IT63jdjJ
DFB-Pokal,1/16 FINALE,28.10.2025,Wolfsburg,Kiel,Ospite,Kiel,3-4-2-1,Titolare,9,11,Bernhardsson A.,Capitano,8.2,,78',IT63jdjJ
DFB-Pokal,1/16 FINALE,28.10.2025,Wolfsburg,Kiel,Ospite,Kiel,3-4-2-1,Titolare,10,10,Therkelsen J.,,6.7,,,IT63jdjJ
DFB-Pokal,1/16 FINALE,28.10.2025,Wolfsburg,Kiel,Ospite,Kiel,3-4-2-1,Titolare,11,20,Kapralik A.,,7.1,,63',IT63jdjJ
DFB-Pokal,1/16 FINALE,28.10.2025,Wolfsburg,Kiel,Ospite,Kiel,3-4-2-1,Panchina,1,19,Harres P.,,6.2,63',,IT63jdjJ
DFB-Pokal,1/16 FINALE,28.10.2025,Wolfsburg,Kiel,Ospite,Kiel,3-4-2-1,Panchina,2,6,Ivezic M.,,,89',,IT63jdjJ
DFB-Pokal,1/16 FINALE,28.10.2025,Wolfsburg,Kiel,Ospite,Kiel,3-4-2-1,Panchina,3,45,Koster L.,,6.4,78',,IT63jdjJ
DFB-Pokal,1/16 FINALE,28.10.2025,Wolfsburg,Kiel,Ospite,Kiel,3-4-2-1,Panchina,4,21,Krumrey J.,Portiere,,,,IT63jdjJ
DFB-Pokal,1/16 FINALE,28.10.2025,Wolfsburg,Kiel,Ospite,Kiel,3-4-2-1,Panchina,5,25,Muller M.,,,,,IT63jdjJ
DFB-Pokal,1/16 FINALE,28.10.2025,Wolfsburg,Kiel,Ospite,Kiel,3-4-2-1,Panchina,6,13,Nekic I.,,6.7,63',,IT63jdjJ
DFB-Pokal,1/16 FINALE,28.10.2025,Wolfsburg,Kiel,Ospite,Kiel,3-4-2-1,Panchina,7,29,Niehoff N.,,,,,IT63jdjJ
DFB-Pokal,1/16 FINALE,28.10.2025,Wolfsburg,Kiel,Ospite,Kiel,3-4-2-1,Panchina,8,2,Roslyng F.,,,,,IT63jdjJ
DFB-Pokal,1/16 FINALE,28.10.2025,Wolfsburg,Kiel,Ospite,Kiel,3-4-2-1,Panchina,9,39,Wagner R.,,6.3,78',,IT63jdjJ
DFB-Pokal,1/32 FINALE,27.08.2025,Wehen,Bayern,Casa,Wehen,4-4-2,Titolare,1,16,Stritzel F.,Portiere,7.8,,,tMhdEiQ1
DFB-Pokal,1/32 FINALE,27.08.2025,Wehen,Bayern,Casa,Wehen,4-4-2,Titolare,2,4,Mockenhaupt S.,,5.4,,71',tMhdEiQ1
DFB-Pokal,1/32 FINALE,27.08.2025,Wehen,Bayern,Casa,Wehen,4-4-2,Titolare,3,27,Gillekens J.,,6.3,,,tMhdEiQ1
DFB-Pokal,1/32 FINALE,27.08.2025,Wehen,Bayern,Casa,Wehen,4-4-2,Titolare,4,15,Janitzek J.,,5.7,,,tMhdEiQ1
DFB-Pokal,1/32 FINALE,27.08.2025,Wehen,Bayern,Casa,Wehen,4-4-2,Titolare,5,5,May N.,,6.8,,,tMhdEiQ1
DFB-Pokal,1/32 FINALE,27.08.2025,Wehen,Bayern,Casa,Wehen,4-4-2,Titolare,6,37,Schleimer L.,,5.9,,,tMhdEiQ1
DFB-Pokal,1/32 FINALE,27.08.2025,Wehen,Bayern,Casa,Wehen,4-4-2,Titolare,7,8,Bogicevic D.,,5.9,,71',tMhdEiQ1
DFB-Pokal,1/32 FINALE,27.08.2025,Wehen,Bayern,Casa,Wehen,4-4-2,Titolare,8,11,Gozusirin T.,,6.7,,,tMhdEiQ1
DFB-Pokal,1/32 FINALE,27.08.2025,Wehen,Bayern,Casa,Wehen,4-4-2,Titolare,9,20,Johansson R.,,5.3,,59',tMhdEiQ1
DFB-Pokal,1/32 FINALE,27.08.2025,Wehen,Bayern,Casa,Wehen,4-4-2,Titolare,10,29,Kaya F.,Capitano,7.8,,78',tMhdEiQ1
DFB-Pokal,1/32 FINALE,27.08.2025,Wehen,Bayern,Casa,Wehen,4-4-2,Titolare,11,25,Agrafiotis N.,,6.4,,59',tMhdEiQ1
DFB-Pokal,1/32 FINALE,27.08.2025,Wehen,Bayern,Casa,Wehen,4-4-2,Panchina,1,44,Becker J.,,,,,tMhdEiQ1
DFB-Pokal,1/32 FINALE,27.08.2025,Wehen,Bayern,Casa,Wehen,4-4-2,Panchina,2,31,Brdar N.,Portiere,,,,tMhdEiQ1
DFB-Pokal,1/32 FINALE,27.08.2025,Wehen,Bayern,Casa,Wehen,4-4-2,Panchina,3,6,Fechner G.,,,,,tMhdEiQ1
DFB-Pokal,1/32 FINALE,27.08.2025,Wehen,Bayern,Casa,Wehen,4-4-2,Panchina,4,28,Flotho M.,,6.7,59',,tMhdEiQ1
DFB-Pokal,1/32 FINALE,27.08.2025,Wehen,Bayern,Casa,Wehen,4-4-2,Panchina,5,18,Greilinger F.,,6.9,71',,tMhdEiQ1
DFB-Pokal,1/32 FINALE,27.08.2025,Wehen,Bayern,Casa,Wehen,4-4-2,Panchina,6,26,Lewald J.,,6.4,78',,tMhdEiQ1
DFB-Pokal,1/32 FINALE,27.08.2025,Wehen,Bayern,Casa,Wehen,4-4-2,Panchina,7,22,Nejad M.,,5.7,59',,tMhdEiQ1
DFB-Pokal,1/32 FINALE,27.08.2025,Wehen,Bayern,Casa,Wehen,4-4-2,Panchina,8,24,Neubert T.,,,,,tMhdEiQ1
DFB-Pokal,1/32 FINALE,27.08.2025,Wehen,Bayern,Casa,Wehen,4-4-2,Panchina,9,21,Wohlers O.,,6.3,71',,tMhdEiQ1
DFB-Pokal,1/32 FINALE,27.08.2025,Wehen,Bayern,Ospite,Bayern,4-2-3-1,Titolare,1,40,Urbig J.,Portiere,5.9,,,tMhdEiQ1
DFB-Pokal,1/32 FINALE,27.08.2025,Wehen,Bayern,Ospite,Bayern,4-2-3-1,Titolare,2,23,Boey S.,,7.3,,77',tMhdEiQ1
DFB-Pokal,1/32 FINALE,27.08.2025,Wehen,Bayern,Ospite,Bayern,4-2-3-1,Titolare,3,4,Tah J.,,7.4,,,tMhdEiQ1
DFB-Pokal,1/32 FINALE,27.08.2025,Wehen,Bayern,Ospite,Bayern,4-2-3-1,Titolare,4,3,Kim Min-Jae,,8.5,,,tMhdEiQ1
DFB-Pokal,1/32 FINALE,27.08.2025,Wehen,Bayern,Ospite,Bayern,4-2-3-1,Titolare,5,22,Guerreiro R.,,6.7,,78',tMhdEiQ1
DFB-Pokal,1/32 FINALE,27.08.2025,Wehen,Bayern,Ospite,Bayern,4-2-3-1,Titolare,6,6,Kimmich J.,Capitano,8.6,,,tMhdEiQ1
DFB-Pokal,1/32 FINALE,27.08.2025,Wehen,Bayern,Ospite,Bayern,4-2-3-1,Titolare,7,45,Pavlovic A.,,7.7,,67',tMhdEiQ1
DFB-Pokal,1/32 FINALE,27.08.2025,Wehen,Bayern,Ospite,Bayern,4-2-3-1,Titolare,8,17,Olise M.,,8.7,,,tMhdEiQ1
DFB-Pokal,1/32 FINALE,27.08.2025,Wehen,Bayern,Ospite,Bayern,4-2-3-1,Titolare,9,42,Karl L.,,6.7,,67',tMhdEiQ1
DFB-Pokal,1/32 FINALE,27.08.2025,Wehen,Bayern,Ospite,Bayern,4-2-3-1,Titolare,10,14,Diaz L.,,7.8,,,tMhdEiQ1
DFB-Pokal,1/32 FINALE,27.08.2025,Wehen,Bayern,Ospite,Bayern,4-2-3-1,Titolare,11,9,Kane H.,,8.7,,,tMhdEiQ1
DFB-Pokal,1/32 FINALE,27.08.2025,Wehen,Bayern,Ospite,Bayern,4-2-3-1,Panchina,1,7,Gnabry S.,,6.7,67',,tMhdEiQ1
DFB-Pokal,1/32 FINALE,27.08.2025,Wehen,Bayern,Ospite,Bayern,4-2-3-1,Panchina,2,8,Goretzka L.,,6.7,67',,tMhdEiQ1
DFB-Pokal,1/32 FINALE,27.08.2025,Wehen,Bayern,Ospite,Bayern,4-2-3-1,Panchina,3,30,Kiala C.,,,,,tMhdEiQ1
DFB-Pokal,1/32 FINALE,27.08.2025,Wehen,Bayern,Ospite,Bayern,4-2-3-1,Panchina,4,48,Klanac L.,Portiere,,,,tMhdEiQ1
DFB-Pokal,1/32 FINALE,27.08.2025,Wehen,Bayern,Ospite,Bayern,4-2-3-1,Panchina,5,41,Kusi Asare J.,,,,,tMhdEiQ1
DFB-Pokal,1/32 FINALE,27.08.2025,Wehen,Bayern,Ospite,Bayern,4-2-3-1,Panchina,6,27,Laimer K.,,6.6,77',,tMhdEiQ1
DFB-Pokal,1/32 FINALE,27.08.2025,Wehen,Bayern,Ospite,Bayern,4-2-3-1,Panchina,7,36,Mike W.,,,,,tMhdEiQ1
DFB-Pokal,1/32 FINALE,27.08.2025,Wehen,Bayern,Ospite,Bayern,4-2-3-1,Panchina,8,44,Stanisic J.,,7.2,78',,tMhdEiQ1
DFB-Pokal,1/32 FINALE,27.08.2025,Wehen,Bayern,Ospite,Bayern,4-2-3-1,Panchina,9,2,Upamecano D.,,,,,tMhdEiQ1
DFB-Pokal,1/32 FINALE,26.08.2025,Braunschweig,Stoccarda,Casa,Braunschweig,3-4-2-1,Titolare,1,1,Hoffmann R.,Portiere,6.7,,,Uuv9JRpp
DFB-Pokal,1/32 FINALE,26.08.2025,Braunschweig,Stoccarda,Casa,Braunschweig,3-4-2-1,Titolare,2,21,Ehlers K.,,6.1,,,Uuv9JRpp
DFB-Pokal,1/32 FINALE,26.08.2025,Braunschweig,Stoccarda,Casa,Braunschweig,3-4-2-1,Titolare,3,29,Frenkert L.,,6.7,,,Uuv9JRpp
DFB-Pokal,1/32 FINALE,26.08.2025,Braunschweig,Stoccarda,Casa,Braunschweig,3-4-2-1,Titolare,4,16,Breunig L.,,6.2,,63',Uuv9JRpp
DFB-Pokal,1/32 FINALE,26.08.2025,Braunschweig,Stoccarda,Casa,Braunschweig,3-4-2-1,Titolare,5,8,Aydin M.,,7.2,,,Uuv9JRpp
DFB-Pokal,1/32 FINALE,26.08.2025,Braunschweig,Stoccarda,Casa,Braunschweig,3-4-2-1,Titolare,6,27,Kohler S.,Capitano,7.7,,90+1',Uuv9JRpp
DFB-Pokal,1/32 FINALE,26.08.2025,Braunschweig,Stoccarda,Casa,Braunschweig,3-4-2-1,Titolare,7,15,Marie M.,,7.2,,,Uuv9JRpp
DFB-Pokal,1/32 FINALE,26.08.2025,Braunschweig,Stoccarda,Casa,Braunschweig,3-4-2-1,Titolare,8,22,Di Michele Sanchez F.,,7.9,,95',Uuv9JRpp
DFB-Pokal,1/32 FINALE,26.08.2025,Braunschweig,Stoccarda,Casa,Braunschweig,3-4-2-1,Titolare,9,44,Gomez J.,,7.0,,,Uuv9JRpp
DFB-Pokal,1/32 FINALE,26.08.2025,Braunschweig,Stoccarda,Casa,Braunschweig,3-4-2-1,Titolare,10,30,Heusser R.,,6.1,,73',Uuv9JRpp
DFB-Pokal,1/32 FINALE,26.08.2025,Braunschweig,Stoccarda,Casa,Braunschweig,3-4-2-1,Titolare,11,9,Yardimci E.,,6.5,,63',Uuv9JRpp
DFB-Pokal,1/32 FINALE,26.08.2025,Braunschweig,Stoccarda,Casa,Braunschweig,3-4-2-1,Panchina,1,25,Ba S.,,6.0,73',,Uuv9JRpp
DFB-Pokal,1/32 FINALE,26.08.2025,Braunschweig,Stoccarda,Casa,Braunschweig,3-4-2-1,Panchina,2,19,Bell Bell L.,,6.7,95',,Uuv9JRpp
DFB-Pokal,1/32 FINALE,26.08.2025,Braunschweig,Stoccarda,Casa,Braunschweig,3-4-2-1,Panchina,3,32,Conteh C.,,7.6,63',,Uuv9JRpp
DFB-Pokal,1/32 FINALE,26.08.2025,Braunschweig,Stoccarda,Casa,Braunschweig,3-4-2-1,Panchina,4,7,Kaufmann F.,,,,,Uuv9JRpp
DFB-Pokal,1/32 FINALE,26.08.2025,Braunschweig,Stoccarda,Casa,Braunschweig,3-4-2-1,Panchina,5,10,Ould Chikh W.,,,,,Uuv9JRpp
DFB-Pokal,1/32 FINALE,26.08.2025,Braunschweig,Stoccarda,Casa,Braunschweig,3-4-2-1,Panchina,6,17,Polter S.,,6.4,90+1',,Uuv9JRpp
DFB-Pokal,1/32 FINALE,26.08.2025,Braunschweig,Stoccarda,Casa,Braunschweig,3-4-2-1,Panchina,7,33,Rajkovacic M.,Portiere,,,,Uuv9JRpp
DFB-Pokal,1/32 FINALE,26.08.2025,Braunschweig,Stoccarda,Casa,Braunschweig,3-4-2-1,Panchina,8,24,Sane S.,,,,,Uuv9JRpp
DFB-Pokal,1/32 FINALE,26.08.2025,Braunschweig,Stoccarda,Casa,Braunschweig,3-4-2-1,Panchina,9,11,Szabo L.,,6.6,63',,Uuv9JRpp
DFB-Pokal,1/32 FINALE,26.08.2025,Braunschweig,Stoccarda,Ospite,Stoccarda,4-2-3-1,Titolare,1,33,Nubel A.,Portiere,6.3,,,Uuv9JRpp
DFB-Pokal,1/32 FINALE,26.08.2025,Braunschweig,Stoccarda,Ospite,Stoccarda,4-2-3-1,Titolare,2,22,Assignon L.,,6.0,,,Uuv9JRpp
DFB-Pokal,1/32 FINALE,26.08.2025,Braunschweig,Stoccarda,Ospite,Stoccarda,4-2-3-1,Titolare,3,29,Jeltsch F.,,7.7,,116',Uuv9JRpp
DFB-Pokal,1/32 FINALE,26.08.2025,Braunschweig,Stoccarda,Ospite,Stoccarda,4-2-3-1,Titolare,4,3,Hendriks R.,,6.2,,,Uuv9JRpp
DFB-Pokal,1/32 FINALE,26.08.2025,Braunschweig,Stoccarda,Ospite,Stoccarda,4-2-3-1,Titolare,5,7,Mittelstadt M.,,7.3,,,Uuv9JRpp
DFB-Pokal,1/32 FINALE,26.08.2025,Braunschweig,Stoccarda,Ospite,Stoccarda,4-2-3-1,Titolare,6,16,Karazor A.,Capitano,7.9,,,Uuv9JRpp
DFB-Pokal,1/32 FINALE,26.08.2025,Braunschweig,Stoccarda,Ospite,Stoccarda,4-2-3-1,Titolare,7,6,Stiller A.,,8.6,,96',Uuv9JRpp
DFB-Pokal,1/32 FINALE,26.08.2025,Braunschweig,Stoccarda,Ospite,Stoccarda,4-2-3-1,Titolare,8,8,Tomas T.,,6.3,,96',Uuv9JRpp
DFB-Pokal,1/32 FINALE,26.08.2025,Braunschweig,Stoccarda,Ospite,Stoccarda,4-2-3-1,Titolare,9,26,Undav D.,,6.4,,71',Uuv9JRpp
DFB-Pokal,1/32 FINALE,26.08.2025,Braunschweig,Stoccarda,Ospite,Stoccarda,4-2-3-1,Titolare,10,10,Fuhrich C.,,7.1,,71',Uuv9JRpp
DFB-Pokal,1/32 FINALE,26.08.2025,Braunschweig,Stoccarda,Ospite,Stoccarda,4-2-3-1,Titolare,11,9,Demirovic E.,,8.6,,,Uuv9JRpp
DFB-Pokal,1/32 FINALE,26.08.2025,Braunschweig,Stoccarda,Ospite,Stoccarda,4-2-3-1,Panchina,1,30,Andres C.,,6.3,96',,Uuv9JRpp
DFB-Pokal,1/32 FINALE,26.08.2025,Braunschweig,Stoccarda,Ospite,Stoccarda,4-2-3-1,Panchina,2,1,Bredlow F.,Portiere,,,,Uuv9JRpp
DFB-Pokal,1/32 FINALE,26.08.2025,Braunschweig,Stoccarda,Ospite,Stoccarda,4-2-3-1,Panchina,3,45,Jovanovic L.,,,,,Uuv9JRpp
DFB-Pokal,1/32 FINALE,26.08.2025,Braunschweig,Stoccarda,Ospite,Stoccarda,4-2-3-1,Panchina,4,18,Leweling J.,,8.0,71',,Uuv9JRpp
DFB-Pokal,1/32 FINALE,26.08.2025,Braunschweig,Stoccarda,Ospite,Stoccarda,4-2-3-1,Panchina,5,28,Nartey N.,,,,,Uuv9JRpp
DFB-Pokal,1/32 FINALE,26.08.2025,Braunschweig,Stoccarda,Ospite,Stoccarda,4-2-3-1,Panchina,6,15,Stenzel P.,,,,,Uuv9JRpp
DFB-Pokal,1/32 FINALE,26.08.2025,Braunschweig,Stoccarda,Ospite,Stoccarda,4-2-3-1,Panchina,7,4,Vagnoman J.,,6.4,96',,Uuv9JRpp
DFB-Pokal,1/32 FINALE,26.08.2025,Braunschweig,Stoccarda,Ospite,Stoccarda,4-2-3-1,Panchina,8,11,Woltemade N.,,8.2,71',,Uuv9JRpp
DFB-Pokal,1/32 FINALE,26.08.2025,Braunschweig,Stoccarda,Ospite,Stoccarda,4-2-3-1,Panchina,9,23,Zagadou D.,,,116',,Uuv9JRpp
DFB-Pokal,1/32 FINALE,18.08.2025,RW Essen,Dortmund,Casa,RW Essen,3-4-2-1,Titolare,1,1,Golz J.,Portiere,6.3,,,pfamGDek
DFB-Pokal,1/32 FINALE,18.08.2025,RW Essen,Dortmund,Casa,RW Essen,3-4-2-1,Titolare,2,23,Rios Alonso J.,,6.1,,84',pfamGDek
DFB-Pokal,1/32 FINALE,18.08.2025,RW Essen,Dortmund,Casa,RW Essen,3-4-2-1,Titolare,3,4,Schultz M.,Capitano,6.7,,,pfamGDek
DFB-Pokal,1/32 FINALE,18.08.2025,RW Essen,Dortmund,Casa,RW Essen,3-4-2-1,Titolare,4,33,Kraulich T.,,6.9,,,pfamGDek
DFB-Pokal,1/32 FINALE,18.08.2025,RW Essen,Dortmund,Casa,RW Essen,3-4-2-1,Titolare,5,37,Hofmann J.,,5.8,,,pfamGDek
DFB-Pokal,1/32 FINALE,18.08.2025,RW Essen,Dortmund,Casa,RW Essen,3-4-2-1,Titolare,6,28,Moustier T.,,6.2,,,pfamGDek
DFB-Pokal,1/32 FINALE,18.08.2025,RW Essen,Dortmund,Casa,RW Essen,3-4-2-1,Titolare,7,8,Gjasula K.,,5.8,,87',pfamGDek
DFB-Pokal,1/32 FINALE,18.08.2025,RW Essen,Dortmund,Casa,RW Essen,3-4-2-1,Titolare,8,14,Brumme L.,,6.3,,75',pfamGDek
DFB-Pokal,1/32 FINALE,18.08.2025,RW Essen,Dortmund,Casa,RW Essen,3-4-2-1,Titolare,9,7,Safi R.,,5.8,,83',pfamGDek
DFB-Pokal,1/32 FINALE,18.08.2025,RW Essen,Dortmund,Casa,RW Essen,3-4-2-1,Titolare,10,24,Mizuta K.,,6.0,,,pfamGDek
DFB-Pokal,1/32 FINALE,18.08.2025,RW Essen,Dortmund,Casa,RW Essen,3-4-2-1,Titolare,11,6,Arslan A.,,6.1,,76',pfamGDek
DFB-Pokal,1/32 FINALE,18.08.2025,RW Essen,Dortmund,Casa,RW Essen,3-4-2-1,Panchina,1,32,Bazzoli L.,,,,,pfamGDek
DFB-Pokal,1/32 FINALE,18.08.2025,RW Essen,Dortmund,Casa,RW Essen,3-4-2-1,Panchina,2,19,Bouebari F.,,6.6,,,pfamGDek
DFB-Pokal,1/32 FINALE,18.08.2025,RW Essen,Dortmund,Casa,RW Essen,3-4-2-1,Panchina,3,18,Kaiser N.,,,75',,pfamGDek
DFB-Pokal,1/32 FINALE,18.08.2025,RW Essen,Dortmund,Casa,RW Essen,3-4-2-1,Panchina,4,11,Martinovic D.,,,83',,pfamGDek
DFB-Pokal,1/32 FINALE,18.08.2025,RW Essen,Dortmund,Casa,RW Essen,3-4-2-1,Panchina,5,26,Musel T.,,,84',,pfamGDek
DFB-Pokal,1/32 FINALE,18.08.2025,RW Essen,Dortmund,Casa,RW Essen,3-4-2-1,Panchina,6,10,Obuz M.,,6.5,76',,pfamGDek
DFB-Pokal,1/32 FINALE,18.08.2025,RW Essen,Dortmund,Casa,RW Essen,3-4-2-1,Panchina,7,30,Owusu K.,,,87',,pfamGDek
DFB-Pokal,1/32 FINALE,18.08.2025,RW Essen,Dortmund,Casa,RW Essen,3-4-2-1,Panchina,8,39,Swajkowski G.,,,,,pfamGDek
DFB-Pokal,1/32 FINALE,18.08.2025,RW Essen,Dortmund,Casa,RW Essen,3-4-2-1,Panchina,9,35,Wienand F.,Portiere,,,,pfamGDek
DFB-Pokal,1/32 FINALE,18.08.2025,RW Essen,Dortmund,Ospite,Dortmund,3-5-2,Titolare,1,1,Kobel G.,Portiere,8.3,,,pfamGDek
DFB-Pokal,1/32 FINALE,18.08.2025,RW Essen,Dortmund,Ospite,Dortmund,3-5-2,Titolare,2,39,Mane F.,,7.8,,,pfamGDek
DFB-Pokal,1/32 FINALE,18.08.2025,RW Essen,Dortmund,Ospite,Dortmund,3-5-2,Titolare,3,3,Anton W.,,8.4,,,pfamGDek
DFB-Pokal,1/32 FINALE,18.08.2025,RW Essen,Dortmund,Ospite,Dortmund,3-5-2,Titolare,4,5,Bensebaini R.,,8.0,,,pfamGDek
DFB-Pokal,1/32 FINALE,18.08.2025,RW Essen,Dortmund,Ospite,Dortmund,3-5-2,Titolare,5,2,Couto Y.,,7.2,,,pfamGDek
DFB-Pokal,1/32 FINALE,18.08.2025,RW Essen,Dortmund,Ospite,Dortmund,3-5-2,Titolare,6,13,Gross P.,,6.6,,64',pfamGDek
DFB-Pokal,1/32 FINALE,18.08.2025,RW Essen,Dortmund,Ospite,Dortmund,3-5-2,Titolare,7,20,Sabitzer M.,,7.1,,90+4',pfamGDek
DFB-Pokal,1/32 FINALE,18.08.2025,RW Essen,Dortmund,Ospite,Dortmund,3-5-2,Titolare,8,8,Nmecha F.,,7.0,,,pfamGDek
DFB-Pokal,1/32 FINALE,18.08.2025,RW Essen,Dortmund,Ospite,Dortmund,3-5-2,Titolare,9,24,Svensson D.,,6.3,,,pfamGDek
DFB-Pokal,1/32 FINALE,18.08.2025,RW Essen,Dortmund,Ospite,Dortmund,3-5-2,Titolare,10,9,Guirassy S.,,8.2,,,pfamGDek
DFB-Pokal,1/32 FINALE,18.08.2025,RW Essen,Dortmund,Ospite,Dortmund,3-5-2,Titolare,11,14,Beier M.,,6.6,,64',pfamGDek
DFB-Pokal,1/32 FINALE,18.08.2025,RW Essen,Dortmund,Ospite,Dortmund,3-5-2,Panchina,1,27,Adeyemi K.,,,,,pfamGDek
DFB-Pokal,1/32 FINALE,18.08.2025,RW Essen,Dortmund,Ospite,Dortmund,3-5-2,Panchina,2,7,Bellingham J.,,6.7,64',,pfamGDek
DFB-Pokal,1/32 FINALE,18.08.2025,RW Essen,Dortmund,Ospite,Dortmund,3-5-2,Panchina,3,10,Brandt J.,,6.6,64',,pfamGDek
DFB-Pokal,1/32 FINALE,18.08.2025,RW Essen,Dortmund,Ospite,Dortmund,3-5-2,Panchina,4,37,Campbell C.,,,,,pfamGDek
DFB-Pokal,1/32 FINALE,18.08.2025,RW Essen,Dortmund,Ospite,Dortmund,3-5-2,Panchina,5,42,Kabar A.,,,,,pfamGDek
DFB-Pokal,1/32 FINALE,18.08.2025,RW Essen,Dortmund,Ospite,Dortmund,3-5-2,Panchina,6,49,Luhrs Y.,,,,,pfamGDek
DFB-Pokal,1/32 FINALE,18.08.2025,RW Essen,Dortmund,Ospite,Dortmund,3-5-2,Panchina,7,33,Meyer A.,Portiere,,,,pfamGDek
DFB-Pokal,1/32 FINALE,18.08.2025,RW Essen,Dortmund,Ospite,Dortmund,3-5-2,Panchina,8,6,Ozcan S.,,,90+4',,pfamGDek
DFB-Pokal,1/32 FINALE,18.08.2025,RW Essen,Dortmund,Ospite,Dortmund,3-5-2,Panchina,9,21,Reyna G.,,,,,pfamGDek
DFB-Pokal,1/32 FINALE,18.08.2025,Dresda,Magonza,Casa,Dresda,4-2-3-1,Titolare,1,1,Schreiber T.,Portiere,7.8,,,2FTFQLFO
DFB-Pokal,1/32 FINALE,18.08.2025,Dresda,Magonza,Casa,Dresda,4-2-3-1,Titolare,2,2,Faber K.,,7.2,,,2FTFQLFO
DFB-Pokal,1/32 FINALE,18.08.2025,Dresda,Magonza,Casa,Dresda,4-2-3-1,Titolare,3,29,Boeder L.,,6.8,,,2FTFQLFO
DFB-Pokal,1/32 FINALE,18.08.2025,Dresda,Magonza,Casa,Dresda,4-2-3-1,Titolare,4,23,Bunning L.,,7.0,,,2FTFQLFO
DFB-Pokal,1/32 FINALE,18.08.2025,Dresda,Magonza,Casa,Dresda,4-2-3-1,Titolare,5,28,Risch S.,,5.7,,,2FTFQLFO
DFB-Pokal,1/32 FINALE,18.08.2025,Dresda,Magonza,Casa,Dresda,4-2-3-1,Titolare,6,6,Amoako K.,,6.7,,,2FTFQLFO
DFB-Pokal,1/32 FINALE,18.08.2025,Dresda,Magonza,Casa,Dresda,4-2-3-1,Titolare,7,5,Sapina V.,,7.1,,84',2FTFQLFO
DFB-Pokal,1/32 FINALE,18.08.2025,Dresda,Magonza,Casa,Dresda,4-2-3-1,Titolare,8,10,Lemmer J.,,5.8,,,2FTFQLFO
DFB-Pokal,1/32 FINALE,18.08.2025,Dresda,Magonza,Casa,Dresda,4-2-3-1,Titolare,9,27,Hauptmann N.,Capitano,6.2,,64',2FTFQLFO
DFB-Pokal,1/32 FINALE,18.08.2025,Dresda,Magonza,Casa,Dresda,4-2-3-1,Titolare,10,11,Kother D.,,6.4,,78',2FTFQLFO
DFB-Pokal,1/32 FINALE,18.08.2025,Dresda,Magonza,Casa,Dresda,4-2-3-1,Titolare,11,16,Froling N.,,6.2,,77',2FTFQLFO
DFB-Pokal,1/32 FINALE,18.08.2025,Dresda,Magonza,Casa,Dresda,4-2-3-1,Panchina,1,17,Casar A.,,,,,2FTFQLFO
DFB-Pokal,1/32 FINALE,18.08.2025,Dresda,Magonza,Casa,Dresda,4-2-3-1,Panchina,2,22,Grill L.,Portiere,,,,2FTFQLFO
DFB-Pokal,1/32 FINALE,18.08.2025,Dresda,Magonza,Casa,Dresda,4-2-3-1,Panchina,3,8,Herrmann L.,,6.5,64',,2FTFQLFO
DFB-Pokal,1/32 FINALE,18.08.2025,Dresda,Magonza,Casa,Dresda,4-2-3-1,Panchina,4,15,Kammerknecht C.,,,,,2FTFQLFO
DFB-Pokal,1/32 FINALE,18.08.2025,Dresda,Magonza,Casa,Dresda,4-2-3-1,Panchina,5,39,Kubatta D.,,,,,2FTFQLFO
DFB-Pokal,1/32 FINALE,18.08.2025,Dresda,Magonza,Casa,Dresda,4-2-3-1,Panchina,6,30,Kutschke S.,,7.1,77',,2FTFQLFO
DFB-Pokal,1/32 FINALE,18.08.2025,Dresda,Magonza,Casa,Dresda,4-2-3-1,Panchina,7,26,Marx J.,,,,,2FTFQLFO
DFB-Pokal,1/32 FINALE,18.08.2025,Dresda,Magonza,Casa,Dresda,4-2-3-1,Panchina,8,24,Menzel T.,,,84',,2FTFQLFO
DFB-Pokal,1/32 FINALE,18.08.2025,Dresda,Magonza,Casa,Dresda,4-2-3-1,Panchina,9,25,Oehmichen J.,,6.5,78',,2FTFQLFO
DFB-Pokal,1/32 FINALE,18.08.2025,Dresda,Magonza,Ospite,Magonza,3-4-1-2,Titolare,1,27,Zentner R.,Portiere,9.1,,,2FTFQLFO
DFB-Pokal,1/32 FINALE,18.08.2025,Dresda,Magonza,Ospite,Magonza,3-4-1-2,Titolare,2,21,da Costa D.,,6.5,,,2FTFQLFO
DFB-Pokal,1/32 FINALE,18.08.2025,Dresda,Magonza,Ospite,Magonza,3-4-1-2,Titolare,3,16,Bell S.,,7.0,,46',2FTFQLFO
DFB-Pokal,1/32 FINALE,18.08.2025,Dresda,Magonza,Ospite,Magonza,3-4-1-2,Titolare,4,31,Kohr D.,,7.1,,64',2FTFQLFO
DFB-Pokal,1/32 FINALE,18.08.2025,Dresda,Magonza,Ospite,Magonza,3-4-1-2,Titolare,5,30,Widmer S.,Capitano,6.8,,,2FTFQLFO
DFB-Pokal,1/32 FINALE,18.08.2025,Dresda,Magonza,Ospite,Magonza,3-4-1-2,Titolare,6,6,Sano K.,,7.3,,,2FTFQLFO
DFB-Pokal,1/32 FINALE,18.08.2025,Dresda,Magonza,Ospite,Magonza,3-4-1-2,Titolare,7,10,Amiri N.,,8.0,,79',2FTFQLFO
DFB-Pokal,1/32 FINALE,18.08.2025,Dresda,Magonza,Ospite,Magonza,3-4-1-2,Titolare,8,9,Nordin A.,,7.6,,,2FTFQLFO
DFB-Pokal,1/32 FINALE,18.08.2025,Dresda,Magonza,Ospite,Magonza,3-4-1-2,Titolare,9,8,Nebel P.,,6.8,,75',2FTFQLFO
DFB-Pokal,1/32 FINALE,18.08.2025,Dresda,Magonza,Ospite,Magonza,3-4-1-2,Titolare,10,17,Hollerbach B.,,6.7,,64',2FTFQLFO
DFB-Pokal,1/32 FINALE,18.08.2025,Dresda,Magonza,Ospite,Magonza,3-4-1-2,Titolare,11,11,Sieb A.,,5.6,,,2FTFQLFO
DFB-Pokal,1/32 FINALE,18.08.2025,Dresda,Magonza,Ospite,Magonza,3-4-1-2,Panchina,1,37,Bobzien B.,,5.6,64',,2FTFQLFO
DFB-Pokal,1/32 FINALE,18.08.2025,Dresda,Magonza,Ospite,Magonza,3-4-1-2,Panchina,2,19,Caci A.,,,,,2FTFQLFO
DFB-Pokal,1/32 FINALE,18.08.2025,Dresda,Magonza,Ospite,Magonza,3-4-1-2,Panchina,3,25,Hanche-Olsen A.,,6.6,64',,2FTFQLFO
DFB-Pokal,1/32 FINALE,18.08.2025,Dresda,Magonza,Ospite,Magonza,3-4-1-2,Panchina,4,24,Kawasaki S.,,,,,2FTFQLFO
DFB-Pokal,1/32 FINALE,18.08.2025,Dresda,Magonza,Ospite,Magonza,3-4-1-2,Panchina,5,7,Lee Jae-Sung,,6.4,75',,2FTFQLFO
DFB-Pokal,1/32 FINALE,18.08.2025,Dresda,Magonza,Ospite,Magonza,3-4-1-2,Panchina,6,5,Leitsch M.,,6.6,46',,2FTFQLFO
DFB-Pokal,1/32 FINALE,18.08.2025,Dresda,Magonza,Ospite,Magonza,3-4-1-2,Panchina,7,15,Maloney L.,,6.3,79',,2FTFQLFO
DFB-Pokal,1/32 FINALE,18.08.2025,Dresda,Magonza,Ospite,Magonza,3-4-1-2,Panchina,8,2,Mwene P.,,,,,2FTFQLFO
DFB-Pokal,1/32 FINALE,18.08.2025,Dresda,Magonza,Ospite,Magonza,3-4-1-2,Panchina,9,1,Riess L.,Portiere,,,,2FTFQLFO
DFB-Pokal,1/32 FINALE,18.08.2025,Munster,Hertha,Casa,Munster,4-3-1-2,Titolare,1,1,Schenk J.,Portiere,7.9,,,2ghuErWI
DFB-Pokal,1/32 FINALE,18.08.2025,Munster,Hertha,Casa,Munster,4-3-1-2,Titolare,2,27,ter Horst J.,,6.9,,,2ghuErWI
DFB-Pokal,1/32 FINALE,18.08.2025,Munster,Hertha,Casa,Munster,4-3-1-2,Titolare,3,22,Heuer J.,,6.1,,79',2ghuErWI
DFB-Pokal,1/32 FINALE,18.08.2025,Munster,Hertha,Casa,Munster,4-3-1-2,Titolare,4,3,Jaeckel P.,,8.3,,,2ghuErWI
DFB-Pokal,1/32 FINALE,18.08.2025,Munster,Hertha,Casa,Munster,4-3-1-2,Titolare,5,25,Bolay L.,,6.5,,70',2ghuErWI
DFB-Pokal,1/32 FINALE,18.08.2025,Munster,Hertha,Casa,Munster,4-3-1-2,Titolare,6,10,Schulz M.,,7.0,,79',2ghuErWI
DFB-Pokal,1/32 FINALE,18.08.2025,Munster,Hertha,Casa,Munster,4-3-1-2,Titolare,7,21,Preissinger R.,,6.5,,,2ghuErWI
DFB-Pokal,1/32 FINALE,18.08.2025,Munster,Hertha,Casa,Munster,4-3-1-2,Titolare,8,20,Hendrix J.,Capitano,7.6,,,2ghuErWI
DFB-Pokal,1/32 FINALE,18.08.2025,Munster,Hertha,Casa,Munster,4-3-1-2,Titolare,9,8,Mees J.,,6.4,,90',2ghuErWI
DFB-Pokal,1/32 FINALE,18.08.2025,Munster,Hertha,Casa,Munster,4-3-1-2,Titolare,10,30,Amenyido E.,,6.8,,70',2ghuErWI
DFB-Pokal,1/32 FINALE,18.08.2025,Munster,Hertha,Casa,Munster,4-3-1-2,Titolare,11,17,Batista Meier O.,,7.8,,,2ghuErWI
DFB-Pokal,1/32 FINALE,18.08.2025,Munster,Hertha,Casa,Munster,4-3-1-2,Panchina,1,23,Batmaz M.,,,,,2ghuErWI
DFB-Pokal,1/32 FINALE,18.08.2025,Munster,Hertha,Casa,Munster,4-3-1-2,Panchina,2,26,Behrens M.,Portiere,,,,2ghuErWI
DFB-Pokal,1/32 FINALE,18.08.2025,Munster,Hertha,Casa,Munster,4-3-1-2,Panchina,3,5,Bouchama Y.,,6.5,79',,2ghuErWI
DFB-Pokal,1/32 FINALE,18.08.2025,Munster,Hertha,Casa,Munster,4-3-1-2,Panchina,4,2,Kirkeskov M.,,,,,2ghuErWI
DFB-Pokal,1/32 FINALE,18.08.2025,Munster,Hertha,Casa,Munster,4-3-1-2,Panchina,5,24,Koulis N.,,,,,2ghuErWI
DFB-Pokal,1/32 FINALE,18.08.2025,Munster,Hertha,Casa,Munster,4-3-1-2,Panchina,6,13,Lokotsch L.,,6.3,90',,2ghuErWI
DFB-Pokal,1/32 FINALE,18.08.2025,Munster,Hertha,Casa,Munster,4-3-1-2,Panchina,7,14,Makridis C.,,6.4,70',,2ghuErWI
DFB-Pokal,1/32 FINALE,18.08.2025,Munster,Hertha,Casa,Munster,4-3-1-2,Panchina,8,28,Meyerhofer M.,,6.3,70',,2ghuErWI
DFB-Pokal,1/32 FINALE,18.08.2025,Munster,Hertha,Casa,Munster,4-3-1-2,Panchina,9,15,Scherder S.,,6.5,79',,2ghuErWI
DFB-Pokal,1/32 FINALE,18.08.2025,Munster,Hertha,Ospite,Hertha,3-4-2-1,Titolare,1,1,Ernst T.,Portiere,8.6,,,2ghuErWI
DFB-Pokal,1/32 FINALE,18.08.2025,Munster,Hertha,Ospite,Hertha,3-4-2-1,Titolare,2,44,Gechter L.,,6.1,,,2ghuErWI
DFB-Pokal,1/32 FINALE,18.08.2025,Munster,Hertha,Ospite,Hertha,3-4-2-1,Titolare,3,37,Leistner T.,,7.1,,,2ghuErWI
DFB-Pokal,1/32 FINALE,18.08.2025,Munster,Hertha,Ospite,Hertha,3-4-2-1,Titolare,4,31,Dardai M.,,7.0,,56',2ghuErWI
DFB-Pokal,1/32 FINALE,18.08.2025,Munster,Hertha,Ospite,Hertha,3-4-2-1,Titolare,5,2,Eitschberger J.,,6.0,,,2ghuErWI
DFB-Pokal,1/32 FINALE,18.08.2025,Munster,Hertha,Ospite,Hertha,3-4-2-1,Titolare,6,10,Cuisance M.,,6.9,,,2ghuErWI
DFB-Pokal,1/32 FINALE,18.08.2025,Munster,Hertha,Ospite,Hertha,3-4-2-1,Titolare,7,8,Sessa K.,,5.8,,56',2ghuErWI
DFB-Pokal,1/32 FINALE,18.08.2025,Munster,Hertha,Ospite,Hertha,3-4-2-1,Titolare,8,22,Winkler M.,,6.2,,112',2ghuErWI
DFB-Pokal,1/32 FINALE,18.08.2025,Munster,Hertha,Ospite,Hertha,3-4-2-1,Titolare,9,24,Thorsteinsson J.,,6.1,,76',2ghuErWI
DFB-Pokal,1/32 FINALE,18.08.2025,Munster,Hertha,Ospite,Hertha,3-4-2-1,Titolare,10,11,Reese F.,Capitano,7.5,,,2ghuErWI
DFB-Pokal,1/32 FINALE,18.08.2025,Munster,Hertha,Ospite,Hertha,3-4-2-1,Titolare,11,9,Kownacki D.,,6.7,,102',2ghuErWI
DFB-Pokal,1/32 FINALE,18.08.2025,Munster,Hertha,Ospite,Hertha,3-4-2-1,Panchina,1,34,Berner J.,,,112',,2ghuErWI
DFB-Pokal,1/32 FINALE,18.08.2025,Munster,Hertha,Ospite,Hertha,3-4-2-1,Panchina,2,23,Eichhorn K.,,,,,2ghuErWI
DFB-Pokal,1/32 FINALE,18.08.2025,Munster,Hertha,Ospite,Hertha,3-4-2-1,Panchina,3,17,Gronning S.,,6.1,102',,2ghuErWI
DFB-Pokal,1/32 FINALE,18.08.2025,Munster,Hertha,Ospite,Hertha,3-4-2-1,Panchina,4,5,Jensen L.,,7.1,56',,2ghuErWI
DFB-Pokal,1/32 FINALE,18.08.2025,Munster,Hertha,Ospite,Hertha,3-4-2-1,Panchina,5,27,Kolbe N.,,6.5,56',,2ghuErWI
DFB-Pokal,1/32 FINALE,18.08.2025,Munster,Hertha,Ospite,Hertha,3-4-2-1,Panchina,6,14,Krattenmacher M.,,6.5,76',,2ghuErWI
DFB-Pokal,1/32 FINALE,18.08.2025,Munster,Hertha,Ospite,Hertha,3-4-2-1,Panchina,7,21,Mamuzah Lum B.,,,,,2ghuErWI
DFB-Pokal,1/32 FINALE,18.08.2025,Munster,Hertha,Ospite,Hertha,3-4-2-1,Panchina,8,3,Rogel A.,,,,,2ghuErWI
DFB-Pokal,1/32 FINALE,18.08.2025,Munster,Hertha,Ospite,Hertha,3-4-2-1,Panchina,9,12,Smarsch D.,Portiere,,,,2ghuErWI
DFB-Pokal,1/32 FINALE,18.08.2025,Schweinfurt,Dusseldorf,Casa,Schweinfurt,5-4-1,Titolare,1,40,Weisbacker M.,Portiere,7.4,,,4xJgEW84
DFB-Pokal,1/32 FINALE,18.08.2025,Schweinfurt,Dusseldorf,Casa,Schweinfurt,5-4-1,Titolare,2,21,Bausenwein L.,,5.9,,,4xJgEW84
DFB-Pokal,1/32 FINALE,18.08.2025,Schweinfurt,Dusseldorf,Casa,Schweinfurt,5-4-1,Titolare,3,6,Zeller L.,,5.8,,,4xJgEW84
DFB-Pokal,1/32 FINALE,18.08.2025,Schweinfurt,Dusseldorf,Casa,Schweinfurt,5-4-1,Titolare,4,8,Meissner T.,Capitano,6.6,,,4xJgEW84
DFB-Pokal,1/32 FINALE,18.08.2025,Schweinfurt,Dusseldorf,Casa,Schweinfurt,5-4-1,Titolare,5,18,Trslic L.,,5.7,,74',4xJgEW84
DFB-Pokal,1/32 FINALE,18.08.2025,Schweinfurt,Dusseldorf,Casa,Schweinfurt,5-4-1,Titolare,6,23,Kratschmer P.,,6.4,,88',4xJgEW84
DFB-Pokal,1/32 FINALE,18.08.2025,Schweinfurt,Dusseldorf,Casa,Schweinfurt,5-4-1,Titolare,7,33,Endres J.,,5.7,,64',4xJgEW84
DFB-Pokal,1/32 FINALE,18.08.2025,Schweinfurt,Dusseldorf,Casa,Schweinfurt,5-4-1,Titolare,8,30,Geis J.,,6.9,,,4xJgEW84
DFB-Pokal,1/32 FINALE,18.08.2025,Schweinfurt,Dusseldorf,Casa,Schweinfurt,5-4-1,Titolare,9,3,Angleberger D.,,6.5,,88',4xJgEW84
DFB-Pokal,1/32 FINALE,18.08.2025,Schweinfurt,Dusseldorf,Casa,Schweinfurt,5-4-1,Titolare,10,27,Obiogumu D. U.,,5.3,,74',4xJgEW84
DFB-Pokal,1/32 FINALE,18.08.2025,Schweinfurt,Dusseldorf,Casa,Schweinfurt,5-4-1,Titolare,11,25,Wintzheimer M.,,6.6,,,4xJgEW84
DFB-Pokal,1/32 FINALE,18.08.2025,Schweinfurt,Dusseldorf,Casa,Schweinfurt,5-4-1,Panchina,1,13,Bohnlein K.,,,88',,4xJgEW84
DFB-Pokal,1/32 FINALE,18.08.2025,Schweinfurt,Dusseldorf,Casa,Schweinfurt,5-4-1,Panchina,2,10,Dellinger M.,,,,,4xJgEW84
DFB-Pokal,1/32 FINALE,18.08.2025,Schweinfurt,Dusseldorf,Casa,Schweinfurt,5-4-1,Panchina,3,2,Doktorczyk N.,,,,,4xJgEW84
DFB-Pokal,1/32 FINALE,18.08.2025,Schweinfurt,Dusseldorf,Casa,Schweinfurt,5-4-1,Panchina,4,15,Fery K.,,,,,4xJgEW84
DFB-Pokal,1/32 FINALE,18.08.2025,Schweinfurt,Dusseldorf,Casa,Schweinfurt,5-4-1,Panchina,5,24,Latteier T.,,6.4,74',,4xJgEW84
DFB-Pokal,1/32 FINALE,18.08.2025,Schweinfurt,Dusseldorf,Casa,Schweinfurt,5-4-1,Panchina,6,37,Muller S.,,6.1,64',,4xJgEW84
DFB-Pokal,1/32 FINALE,18.08.2025,Schweinfurt,Dusseldorf,Casa,Schweinfurt,5-4-1,Panchina,7,19,Piwernetz N.,,,88',,4xJgEW84
DFB-Pokal,1/32 FINALE,18.08.2025,Schweinfurt,Dusseldorf,Casa,Schweinfurt,5-4-1,Panchina,8,9,Shuranov E.,,7.2,74',,4xJgEW84
DFB-Pokal,1/32 FINALE,18.08.2025,Schweinfurt,Dusseldorf,Casa,Schweinfurt,5-4-1,Panchina,9,1,Stahl T.,Portiere,,,,4xJgEW84
DFB-Pokal,1/32 FINALE,18.08.2025,Schweinfurt,Dusseldorf,Ospite,Dusseldorf,4-2-3-1,Titolare,1,33,Kastenmeier F.,Portiere,6.3,,,4xJgEW84
DFB-Pokal,1/32 FINALE,18.08.2025,Schweinfurt,Dusseldorf,Ospite,Dusseldorf,4-2-3-1,Titolare,2,25,Zimmermann M.,,7.0,,46',4xJgEW84
DFB-Pokal,1/32 FINALE,18.08.2025,Schweinfurt,Dusseldorf,Ospite,Dusseldorf,4-2-3-1,Titolare,3,15,Oberdorf T.,,7.2,,,4xJgEW84
DFB-Pokal,1/32 FINALE,18.08.2025,Schweinfurt,Dusseldorf,Ospite,Dusseldorf,4-2-3-1,Titolare,4,20,Siebert J.,,7.0,,,4xJgEW84
DFB-Pokal,1/32 FINALE,18.08.2025,Schweinfurt,Dusseldorf,Ospite,Dusseldorf,4-2-3-1,Titolare,5,5,Heyer M.,,6.3,,46',4xJgEW84
DFB-Pokal,1/32 FINALE,18.08.2025,Schweinfurt,Dusseldorf,Ospite,Dusseldorf,4-2-3-1,Titolare,6,14,Alexandropoulos S.,,8.2,,,4xJgEW84
DFB-Pokal,1/32 FINALE,18.08.2025,Schweinfurt,Dusseldorf,Ospite,Dusseldorf,4-2-3-1,Titolare,7,8,El Azzouzi A.,,7.1,,,4xJgEW84
DFB-Pokal,1/32 FINALE,18.08.2025,Schweinfurt,Dusseldorf,Ospite,Dusseldorf,4-2-3-1,Titolare,8,10,Rasmussen C.,,7.0,,80',4xJgEW84
DFB-Pokal,1/32 FINALE,18.08.2025,Schweinfurt,Dusseldorf,Ospite,Dusseldorf,4-2-3-1,Titolare,9,23,Appelkamp S.,,9.5,,88',4xJgEW84
DFB-Pokal,1/32 FINALE,18.08.2025,Schweinfurt,Dusseldorf,Ospite,Dusseldorf,4-2-3-1,Titolare,10,24,Muslija F.,,9.4,,,4xJgEW84
DFB-Pokal,1/32 FINALE,18.08.2025,Schweinfurt,Dusseldorf,Ospite,Dusseldorf,4-2-3-1,Titolare,11,13,Itten C.,,8.1,,88',4xJgEW84
DFB-Pokal,1/32 FINALE,18.08.2025,Schweinfurt,Dusseldorf,Ospite,Dusseldorf,4-2-3-1,Panchina,1,44,Egouli E.,,,,,4xJgEW84
DFB-Pokal,1/32 FINALE,18.08.2025,Schweinfurt,Dusseldorf,Ospite,Dusseldorf,4-2-3-1,Panchina,2,6,Haag G.,,,88',,4xJgEW84
DFB-Pokal,1/32 FINALE,18.08.2025,Schweinfurt,Dusseldorf,Ospite,Dusseldorf,4-2-3-1,Panchina,3,11,Hettwer J.,,,80',,4xJgEW84
DFB-Pokal,1/32 FINALE,18.08.2025,Schweinfurt,Dusseldorf,Ospite,Dusseldorf,4-2-3-1,Panchina,4,1,Lotka M.,Portiere,,,,4xJgEW84
DFB-Pokal,1/32 FINALE,18.08.2025,Schweinfurt,Dusseldorf,Ospite,Dusseldorf,4-2-3-1,Panchina,5,12,Lunddal V.,,7.4,46',,4xJgEW84
DFB-Pokal,1/32 FINALE,18.08.2025,Schweinfurt,Dusseldorf,Ospite,Dusseldorf,4-2-3-1,Panchina,6,18,Niemiec J.,,,,,4xJgEW84
DFB-Pokal,1/32 FINALE,18.08.2025,Schweinfurt,Dusseldorf,Ospite,Dusseldorf,4-2-3-1,Panchina,7,21,Rossmann T.,,6.9,46',,4xJgEW84
DFB-Pokal,1/32 FINALE,18.08.2025,Schweinfurt,Dusseldorf,Ospite,Dusseldorf,4-2-3-1,Panchina,8,22,Schmidt D.,,,88',,4xJgEW84
DFB-Pokal,1/32 FINALE,18.08.2025,Schweinfurt,Dusseldorf,Ospite,Dusseldorf,4-2-3-1,Panchina,9,4,Schmidt K.,,,,,4xJgEW84
DFB-Pokal,1/32 FINALE,17.08.2025,Hallescher,Augusta,Casa,Hallescher,4-3-3,Titolare,1,1,Muller S.,Portiere,6.5,,,I1zSynOP
DFB-Pokal,1/32 FINALE,17.08.2025,Hallescher,Augusta,Casa,Hallescher,4-3-3,Titolare,2,23,Hauptmann M.,,6.0,,,I1zSynOP
DFB-Pokal,1/32 FINALE,17.08.2025,Hallescher,Augusta,Casa,Hallescher,4-3-3,Titolare,3,6,Lohmannsroben J.,,7.1,,,I1zSynOP
DFB-Pokal,1/32 FINALE,17.08.2025,Hallescher,Augusta,Casa,Hallescher,4-3-3,Titolare,4,24,Schmedemann P.,,6.1,,,I1zSynOP
DFB-Pokal,1/32 FINALE,17.08.2025,Hallescher,Augusta,Casa,Hallescher,4-3-3,Titolare,5,31,Landgraf N.,Capitano,5.6,,86',I1zSynOP
DFB-Pokal,1/32 FINALE,17.08.2025,Hallescher,Augusta,Casa,Hallescher,4-3-3,Titolare,6,44,Elezi F.,,6.4,,,I1zSynOP
DFB-Pokal,1/32 FINALE,17.08.2025,Hallescher,Augusta,Casa,Hallescher,4-3-3,Titolare,7,13,Stierlin N.,,5.9,,86',I1zSynOP
DFB-Pokal,1/32 FINALE,17.08.2025,Hallescher,Augusta,Casa,Hallescher,4-3-3,Titolare,8,17,Kulke M.,,6.3,,,I1zSynOP
DFB-Pokal,1/32 FINALE,17.08.2025,Hallescher,Augusta,Casa,Hallescher,4-3-3,Titolare,9,43,Damelang J.,,5.6,,78',I1zSynOP
DFB-Pokal,1/32 FINALE,17.08.2025,Hallescher,Augusta,Casa,Hallescher,4-3-3,Titolare,10,9,Fakhro M.,,5.1,,78',I1zSynOP
DFB-Pokal,1/32 FINALE,17.08.2025,Hallescher,Augusta,Casa,Hallescher,4-3-3,Titolare,11,10,Polat S.,,6.5,,65',I1zSynOP
DFB-Pokal,1/32 FINALE,17.08.2025,Hallescher,Augusta,Casa,Hallescher,4-3-3,Panchina,1,14,Akono C.,,,,,I1zSynOP
DFB-Pokal,1/32 FINALE,17.08.2025,Hallescher,Augusta,Casa,Hallescher,4-3-3,Panchina,2,26,Baro B.,,5.9,65',,I1zSynOP
DFB-Pokal,1/32 FINALE,17.08.2025,Hallescher,Augusta,Casa,Hallescher,4-3-3,Panchina,3,30,Bendel L.,Portiere,,,,I1zSynOP
DFB-Pokal,1/32 FINALE,17.08.2025,Hallescher,Augusta,Casa,Hallescher,4-3-3,Panchina,4,2,Berger R.,,,,,I1zSynOP
DFB-Pokal,1/32 FINALE,17.08.2025,Hallescher,Augusta,Casa,Hallescher,4-3-3,Panchina,5,18,Ehrlich L.,,6.3,78',,I1zSynOP
DFB-Pokal,1/32 FINALE,17.08.2025,Hallescher,Augusta,Casa,Hallescher,4-3-3,Panchina,6,5,Halili B.,,,86',,I1zSynOP
DFB-Pokal,1/32 FINALE,17.08.2025,Hallescher,Augusta,Casa,Hallescher,4-3-3,Panchina,7,27,Kastull V.,,,,,I1zSynOP
DFB-Pokal,1/32 FINALE,17.08.2025,Hallescher,Augusta,Casa,Hallescher,4-3-3,Panchina,8,8,Lorenz E.,,,86',,I1zSynOP
DFB-Pokal,1/32 FINALE,17.08.2025,Hallescher,Augusta,Casa,Hallescher,4-3-3,Panchina,9,20,Wosz J.,,6.4,78',,I1zSynOP
DFB-Pokal,1/32 FINALE,17.08.2025,Hallescher,Augusta,Ospite,Augusta,4-4-2,Titolare,1,1,Dahmen F.,Portiere,7.3,,,I1zSynOP
DFB-Pokal,1/32 FINALE,17.08.2025,Hallescher,Augusta,Ospite,Augusta,4-4-2,Titolare,2,5,Matsima C.,,8.2,,,I1zSynOP
DFB-Pokal,1/32 FINALE,17.08.2025,Hallescher,Augusta,Ospite,Augusta,4-4-2,Titolare,3,6,Gouweleeuw J.,Capitano,8.3,,,I1zSynOP
DFB-Pokal,1/32 FINALE,17.08.2025,Hallescher,Augusta,Ospite,Augusta,4-4-2,Titolare,4,31,Schlotterbeck K.,,7.1,,83',I1zSynOP
DFB-Pokal,1/32 FINALE,17.08.2025,Hallescher,Augusta,Ospite,Augusta,4-4-2,Titolare,5,13,Giannoulis D.,,7.0,,46',I1zSynOP
DFB-Pokal,1/32 FINALE,17.08.2025,Hallescher,Augusta,Ospite,Augusta,4-4-2,Titolare,6,27,Wolf M.,,7.5,,,I1zSynOP
DFB-Pokal,1/32 FINALE,17.08.2025,Hallescher,Augusta,Ospite,Augusta,4-4-2,Titolare,7,4,Massengo H.,,7.0,,,I1zSynOP
DFB-Pokal,1/32 FINALE,17.08.2025,Hallescher,Augusta,Ospite,Augusta,4-4-2,Titolare,8,17,Jakic K.,,7.6,,,I1zSynOP
DFB-Pokal,1/32 FINALE,17.08.2025,Hallescher,Augusta,Ospite,Augusta,4-4-2,Titolare,9,36,Komur M.,,6.5,,76',I1zSynOP
DFB-Pokal,1/32 FINALE,17.08.2025,Hallescher,Augusta,Ospite,Augusta,4-4-2,Titolare,10,21,Tietz P.,,6.6,,63',I1zSynOP
DFB-Pokal,1/32 FINALE,17.08.2025,Hallescher,Augusta,Ospite,Augusta,4-4-2,Titolare,11,15,Mounie S.,,8.2,,,I1zSynOP
DFB-Pokal,1/32 FINALE,17.08.2025,Hallescher,Augusta,Ospite,Augusta,4-4-2,Panchina,1,40,Banks N.,,,,,I1zSynOP
DFB-Pokal,1/32 FINALE,17.08.2025,Hallescher,Augusta,Ospite,Augusta,4-4-2,Panchina,2,29,Dong K.,,,,,I1zSynOP
DFB-Pokal,1/32 FINALE,17.08.2025,Hallescher,Augusta,Ospite,Augusta,4-4-2,Panchina,3,9,Essende S.,,7.0,63',,I1zSynOP
DFB-Pokal,1/32 FINALE,17.08.2025,Hallescher,Augusta,Ospite,Augusta,4-4-2,Panchina,4,19,Fellhauer R.,,7.6,46',,I1zSynOP
DFB-Pokal,1/32 FINALE,17.08.2025,Hallescher,Augusta,Ospite,Augusta,4-4-2,Panchina,5,22,Labrovic N.,Portiere,,,,I1zSynOP
DFB-Pokal,1/32 FINALE,17.08.2025,Hallescher,Augusta,Ospite,Augusta,4-4-2,Panchina,6,10,Maier A.,,,,,I1zSynOP
DFB-Pokal,1/32 FINALE,17.08.2025,Hallescher,Augusta,Ospite,Augusta,4-4-2,Panchina,7,3,Pedersen M.,,,,,I1zSynOP
DFB-Pokal,1/32 FINALE,17.08.2025,Hallescher,Augusta,Ospite,Augusta,4-4-2,Panchina,8,26,Saad E.,,7.4,76',,I1zSynOP
DFB-Pokal,1/32 FINALE,17.08.2025,Hallescher,Augusta,Ospite,Augusta,4-4-2,Panchina,9,16,Zesiger C.,,,83',,I1zSynOP
DFB-Pokal,1/32 FINALE,17.08.2025,Homburg,Kiel,Casa,Homburg,4-3-3,Titolare,1,1,Gelt M.,Portiere,7.9,,,GxEZ4SVj
DFB-Pokal,1/32 FINALE,17.08.2025,Homburg,Kiel,Casa,Homburg,4-3-3,Titolare,2,31,Littmann T.,,5.9,,83',GxEZ4SVj
DFB-Pokal,1/32 FINALE,17.08.2025,Homburg,Kiel,Casa,Homburg,4-3-3,Titolare,3,13,Roseler N.,,6.5,,,GxEZ4SVj
DFB-Pokal,1/32 FINALE,17.08.2025,Homburg,Kiel,Casa,Homburg,4-3-3,Titolare,4,4,Kober M.,,6.8,,,GxEZ4SVj
DFB-Pokal,1/32 FINALE,17.08.2025,Homburg,Kiel,Casa,Homburg,4-3-3,Titolare,5,3,Schumann F.,,6.5,,,GxEZ4SVj
DFB-Pokal,1/32 FINALE,17.08.2025,Homburg,Kiel,Casa,Homburg,4-3-3,Titolare,6,6,Baum F.,,6.4,,,GxEZ4SVj
DFB-Pokal,1/32 FINALE,17.08.2025,Homburg,Kiel,Casa,Homburg,4-3-3,Titolare,7,18,Goncalves M.,,6.4,,83',GxEZ4SVj
DFB-Pokal,1/32 FINALE,17.08.2025,Homburg,Kiel,Casa,Homburg,4-3-3,Titolare,8,29,Ristl M.,Capitano,6.6,,,GxEZ4SVj
DFB-Pokal,1/32 FINALE,17.08.2025,Homburg,Kiel,Casa,Homburg,4-3-3,Titolare,9,11,Mendler M.,,6.0,,,GxEZ4SVj
DFB-Pokal,1/32 FINALE,17.08.2025,Homburg,Kiel,Casa,Homburg,4-3-3,Titolare,10,9,Kovacic O.,,5.6,,72',GxEZ4SVj
DFB-Pokal,1/32 FINALE,17.08.2025,Homburg,Kiel,Casa,Homburg,4-3-3,Titolare,11,28,Gouras M.,,5.7,,72',GxEZ4SVj
DFB-Pokal,1/32 FINALE,17.08.2025,Homburg,Kiel,Casa,Homburg,4-3-3,Panchina,1,37,Hoffmann L.,Portiere,,,,GxEZ4SVj
DFB-Pokal,1/32 FINALE,17.08.2025,Homburg,Kiel,Casa,Homburg,4-3-3,Panchina,2,21,Jorg N.,,6.6,72',,GxEZ4SVj
DFB-Pokal,1/32 FINALE,17.08.2025,Homburg,Kiel,Casa,Homburg,4-3-3,Panchina,3,41,Mata K.,,,,,GxEZ4SVj
DFB-Pokal,1/32 FINALE,17.08.2025,Homburg,Kiel,Casa,Homburg,4-3-3,Panchina,4,17,Petermann J.,,,83',,GxEZ4SVj
DFB-Pokal,1/32 FINALE,17.08.2025,Homburg,Kiel,Casa,Homburg,4-3-3,Panchina,5,7,Qenaj A.,,,,,GxEZ4SVj
DFB-Pokal,1/32 FINALE,17.08.2025,Homburg,Kiel,Casa,Homburg,4-3-3,Panchina,6,36,Steinhart P.,,,,,GxEZ4SVj
DFB-Pokal,1/32 FINALE,17.08.2025,Homburg,Kiel,Casa,Homburg,4-3-3,Panchina,7,26,Steinmetz T.,,,83',,GxEZ4SVj
DFB-Pokal,1/32 FINALE,17.08.2025,Homburg,Kiel,Casa,Homburg,4-3-3,Panchina,8,14,Suljic A.,,6.8,72',,GxEZ4SVj
DFB-Pokal,1/32 FINALE,17.08.2025,Homburg,Kiel,Casa,Homburg,4-3-3,Panchina,9,34,Walzer G.,,,,,GxEZ4SVj
DFB-Pokal,1/32 FINALE,17.08.2025,Homburg,Kiel,Ospite,Kiel,3-4-3,Titolare,1,1,Weiner T.,Portiere,7.0,,68',GxEZ4SVj
DFB-Pokal,1/32 FINALE,17.08.2025,Homburg,Kiel,Ospite,Kiel,3-4-3,Titolare,2,13,Nekic I.,,6.9,,,GxEZ4SVj
DFB-Pokal,1/32 FINALE,17.08.2025,Homburg,Kiel,Ospite,Kiel,3-4-3,Titolare,3,5,Johansson C.,,6.8,,,GxEZ4SVj
DFB-Pokal,1/32 FINALE,17.08.2025,Homburg,Kiel,Ospite,Kiel,3-4-3,Titolare,4,26,Zec D.,,7.3,,,GxEZ4SVj
DFB-Pokal,1/32 FINALE,17.08.2025,Homburg,Kiel,Ospite,Kiel,3-4-3,Titolare,5,29,Niehoff N.,,6.0,,67',GxEZ4SVj
DFB-Pokal,1/32 FINALE,17.08.2025,Homburg,Kiel,Ospite,Kiel,3-4-3,Titolare,6,39,Wagner R.,,6.0,,,GxEZ4SVj
DFB-Pokal,1/32 FINALE,17.08.2025,Homburg,Kiel,Ospite,Kiel,3-4-3,Titolare,7,24,Knudsen M.,,6.7,,67',GxEZ4SVj
DFB-Pokal,1/32 FINALE,17.08.2025,Homburg,Kiel,Ospite,Kiel,3-4-3,Titolare,8,47,Tolkin J.,,8.9,,,GxEZ4SVj
DFB-Pokal,1/32 FINALE,17.08.2025,Homburg,Kiel,Ospite,Kiel,3-4-3,Titolare,9,7,Skrzybski S.,Capitano,7.1,,85',GxEZ4SVj
DFB-Pokal,1/32 FINALE,17.08.2025,Homburg,Kiel,Ospite,Kiel,3-4-3,Titolare,10,19,Harres P.,,7.4,,,GxEZ4SVj
DFB-Pokal,1/32 FINALE,17.08.2025,Homburg,Kiel,Ospite,Kiel,3-4-3,Titolare,11,10,Therkelsen J.,,8.3,,90+5',GxEZ4SVj
DFB-Pokal,1/32 FINALE,17.08.2025,Homburg,Kiel,Ospite,Kiel,3-4-3,Panchina,1,11,Bernhardsson A.,,,85',,GxEZ4SVj
DFB-Pokal,1/32 FINALE,17.08.2025,Homburg,Kiel,Ospite,Kiel,3-4-3,Panchina,2,15,Davidsen K.,,,90+5',,GxEZ4SVj
DFB-Pokal,1/32 FINALE,17.08.2025,Homburg,Kiel,Ospite,Kiel,3-4-3,Panchina,3,6,Ivezic M.,,,,,GxEZ4SVj
DFB-Pokal,1/32 FINALE,17.08.2025,Homburg,Kiel,Ospite,Kiel,3-4-3,Panchina,4,3,Komenda M.,,,,,GxEZ4SVj
DFB-Pokal,1/32 FINALE,17.08.2025,Homburg,Kiel,Ospite,Kiel,3-4-3,Panchina,5,21,Krumrey J.,Portiere,6.6,68',,GxEZ4SVj
DFB-Pokal,1/32 FINALE,17.08.2025,Homburg,Kiel,Ospite,Kiel,3-4-3,Panchina,6,25,Muller M.,,,,,GxEZ4SVj
DFB-Pokal,1/32 FINALE,17.08.2025,Homburg,Kiel,Ospite,Kiel,3-4-3,Panchina,7,8,Porath F.,,6.6,67',,GxEZ4SVj
DFB-Pokal,1/32 FINALE,17.08.2025,Homburg,Kiel,Ospite,Kiel,3-4-3,Panchina,8,23,Rosenboom L.,,,,,GxEZ4SVj
DFB-Pokal,1/32 FINALE,17.08.2025,Homburg,Kiel,Ospite,Kiel,3-4-3,Panchina,9,22,Schwab S.,,7.6,67',,GxEZ4SVj
DFB-Pokal,1/32 FINALE,17.08.2025,Ulm,Elversberg,Casa,Ulm,3-4-1-2,Titolare,1,39,Ortag C.,Portiere,6.9,,,KU61PHY2
DFB-Pokal,1/32 FINALE,17.08.2025,Ulm,Elversberg,Casa,Ulm,3-4-1-2,Titolare,2,34,Boller J.,,6.1,,,KU61PHY2
DFB-Pokal,1/32 FINALE,17.08.2025,Ulm,Elversberg,Casa,Ulm,3-4-1-2,Titolare,3,21,Seegert M.,,5.8,,87',KU61PHY2
DFB-Pokal,1/32 FINALE,17.08.2025,Ulm,Elversberg,Casa,Ulm,3-4-1-2,Titolare,4,27,Mazagg L.,,7.1,,,KU61PHY2
DFB-Pokal,1/32 FINALE,17.08.2025,Ulm,Elversberg,Casa,Ulm,3-4-1-2,Titolare,5,28,Scholze M.,,5.5,,,KU61PHY2
DFB-Pokal,1/32 FINALE,17.08.2025,Ulm,Elversberg,Casa,Ulm,3-4-1-2,Titolare,6,14,Dressel D.,Capitano,6.9,,,KU61PHY2
DFB-Pokal,1/32 FINALE,17.08.2025,Ulm,Elversberg,Casa,Ulm,3-4-1-2,Titolare,7,23,Brandt M.,,6.2,,,KU61PHY2
DFB-Pokal,1/32 FINALE,17.08.2025,Ulm,Elversberg,Casa,Ulm,3-4-1-2,Titolare,8,19,Meier J.,,6.1,,69',KU61PHY2
DFB-Pokal,1/32 FINALE,17.08.2025,Ulm,Elversberg,Casa,Ulm,3-4-1-2,Titolare,9,11,Chessa D.,,5.7,,77',KU61PHY2
DFB-Pokal,1/32 FINALE,17.08.2025,Ulm,Elversberg,Casa,Ulm,3-4-1-2,Titolare,10,22,Kahvic A.,,6.6,,69',KU61PHY2
DFB-Pokal,1/32 FINALE,17.08.2025,Ulm,Elversberg,Casa,Ulm,3-4-1-2,Titolare,11,9,Roser L.,,5.7,,77',KU61PHY2
DFB-Pokal,1/32 FINALE,17.08.2025,Ulm,Elversberg,Casa,Ulm,3-4-1-2,Panchina,1,49,Becker A.,,6.3,77',,KU61PHY2
DFB-Pokal,1/32 FINALE,17.08.2025,Ulm,Elversberg,Casa,Ulm,3-4-1-2,Panchina,2,17,Besong P.,,6.2,69',,KU61PHY2
DFB-Pokal,1/32 FINALE,17.08.2025,Ulm,Elversberg,Casa,Ulm,3-4-1-2,Panchina,3,44,Castelle N. H.,,6.1,77',,KU61PHY2
DFB-Pokal,1/32 FINALE,17.08.2025,Ulm,Elversberg,Casa,Ulm,3-4-1-2,Panchina,4,15,David J.,,,,,KU61PHY2
DFB-Pokal,1/32 FINALE,17.08.2025,Ulm,Elversberg,Casa,Ulm,3-4-1-2,Panchina,5,32,Kolle N.,,6.4,69',,KU61PHY2
DFB-Pokal,1/32 FINALE,17.08.2025,Ulm,Elversberg,Casa,Ulm,3-4-1-2,Panchina,6,25,Loder E.,,,,,KU61PHY2
DFB-Pokal,1/32 FINALE,17.08.2025,Ulm,Elversberg,Casa,Ulm,3-4-1-2,Panchina,7,1,Schmitt M.,Portiere,,,,KU61PHY2
DFB-Pokal,1/32 FINALE,17.08.2025,Ulm,Elversberg,Casa,Ulm,3-4-1-2,Panchina,8,6,Wenig M.,,,87',,KU61PHY2
DFB-Pokal,1/32 FINALE,17.08.2025,Ulm,Elversberg,Casa,Ulm,3-4-1-2,Panchina,9,8,Westermeier B.,,,,,KU61PHY2
DFB-Pokal,1/32 FINALE,17.08.2025,Ulm,Elversberg,Ospite,Elversberg,4-2-3-1,Titolare,1,20,Kristof N.,Portiere,6.8,,,KU61PHY2
DFB-Pokal,1/32 FINALE,17.08.2025,Ulm,Elversberg,Ospite,Elversberg,4-2-3-1,Titolare,2,30,Gyamerah J.,,8.1,,,KU61PHY2
DFB-Pokal,1/32 FINALE,17.08.2025,Ulm,Elversberg,Ospite,Elversberg,4-2-3-1,Titolare,3,19,Pinckert L.,Capitano,7.0,,,KU61PHY2
DFB-Pokal,1/32 FINALE,17.08.2025,Ulm,Elversberg,Ospite,Elversberg,4-2-3-1,Titolare,4,3,Le Joncour F.,,7.8,,,KU61PHY2
DFB-Pokal,1/32 FINALE,17.08.2025,Ulm,Elversberg,Ospite,Elversberg,4-2-3-1,Titolare,5,21,Gunther L.,,7.3,,63',KU61PHY2
DFB-Pokal,1/32 FINALE,17.08.2025,Ulm,Elversberg,Ospite,Elversberg,4-2-3-1,Titolare,6,8,Poreba L.,,6.7,,63',KU61PHY2
DFB-Pokal,1/32 FINALE,17.08.2025,Ulm,Elversberg,Ospite,Elversberg,4-2-3-1,Titolare,7,6,Conde A.,,6.3,,46',KU61PHY2
DFB-Pokal,1/32 FINALE,17.08.2025,Ulm,Elversberg,Ospite,Elversberg,4-2-3-1,Titolare,8,25,Petkov L.,,6.5,,,KU61PHY2
DFB-Pokal,1/32 FINALE,17.08.2025,Ulm,Elversberg,Ospite,Elversberg,4-2-3-1,Titolare,9,10,Conte B.,,7.3,,,KU61PHY2
DFB-Pokal,1/32 FINALE,17.08.2025,Ulm,Elversberg,Ospite,Elversberg,4-2-3-1,Titolare,10,29,Zimmerschied T.,,7.7,,90+2',KU61PHY2
DFB-Pokal,1/32 FINALE,17.08.2025,Ulm,Elversberg,Ospite,Elversberg,4-2-3-1,Titolare,11,22,Ebnoutalib Y.,,6.4,,84',KU61PHY2
DFB-Pokal,1/32 FINALE,17.08.2025,Ulm,Elversberg,Ospite,Elversberg,4-2-3-1,Panchina,1,28,Boss T.,Portiere,,,,KU61PHY2
DFB-Pokal,1/32 FINALE,17.08.2025,Ulm,Elversberg,Ospite,Elversberg,4-2-3-1,Panchina,2,11,Ceka J.,,,,,KU61PHY2
DFB-Pokal,1/32 FINALE,17.08.2025,Ulm,Elversberg,Ospite,Elversberg,4-2-3-1,Panchina,3,7,Feil M.,,,90+2',,KU61PHY2
DFB-Pokal,1/32 FINALE,17.08.2025,Ulm,Elversberg,Ospite,Elversberg,4-2-3-1,Panchina,4,43,Keidel F.,,7.5,63',,KU61PHY2
DFB-Pokal,1/32 FINALE,17.08.2025,Ulm,Elversberg,Ospite,Elversberg,4-2-3-1,Panchina,5,2,Mickelson N.,,,,,KU61PHY2
DFB-Pokal,1/32 FINALE,17.08.2025,Ulm,Elversberg,Ospite,Elversberg,4-2-3-1,Panchina,6,31,Rohr M.,,,,,KU61PHY2
DFB-Pokal,1/32 FINALE,17.08.2025,Ulm,Elversberg,Ospite,Elversberg,4-2-3-1,Panchina,7,17,Schmahl F.,,6.7,63',,KU61PHY2
DFB-Pokal,1/32 FINALE,17.08.2025,Ulm,Elversberg,Ospite,Elversberg,4-2-3-1,Panchina,8,24,Schnellbacher L.,,,84',,KU61PHY2
DFB-Pokal,1/32 FINALE,17.08.2025,Ulm,Elversberg,Ospite,Elversberg,4-2-3-1,Panchina,9,23,Sickinger C.,,6.8,46',,KU61PHY2
DFB-Pokal,1/32 FINALE,17.08.2025,Delmenhorst,Monchengladbach,Casa,Delmenhorst,4-1-2-1-2,Titolare,1,1,Schobert D.,Portiere,7.1,,,04C2CAwH
DFB-Pokal,1/32 FINALE,17.08.2025,Delmenhorst,Monchengladbach,Casa,Delmenhorst,4-1-2-1-2,Titolare,2,22,Urban L.,,7.2,,,04C2CAwH
DFB-Pokal,1/32 FINALE,17.08.2025,Delmenhorst,Monchengladbach,Casa,Delmenhorst,4-1-2-1-2,Titolare,3,30,Siech M.,,6.4,,,04C2CAwH
DFB-Pokal,1/32 FINALE,17.08.2025,Delmenhorst,Monchengladbach,Casa,Delmenhorst,4-1-2-1-2,Titolare,4,3,Burke D.,,5.1,,,04C2CAwH
DFB-Pokal,1/32 FINALE,17.08.2025,Delmenhorst,Monchengladbach,Casa,Delmenhorst,4-1-2-1-2,Titolare,5,5,Temin I.,Capitano,6.0,,,04C2CAwH
DFB-Pokal,1/32 FINALE,17.08.2025,Delmenhorst,Monchengladbach,Casa,Delmenhorst,4-1-2-1-2,Titolare,6,10,Tomic J.,,5.7,,73',04C2CAwH
DFB-Pokal,1/32 FINALE,17.08.2025,Delmenhorst,Monchengladbach,Casa,Delmenhorst,4-1-2-1-2,Titolare,7,6,Hefele D.,,6.3,,62',04C2CAwH
DFB-Pokal,1/32 FINALE,17.08.2025,Delmenhorst,Monchengladbach,Casa,Delmenhorst,4-1-2-1-2,Titolare,8,8,Gijsen D.,,5.4,,83',04C2CAwH
DFB-Pokal,1/32 FINALE,17.08.2025,Delmenhorst,Monchengladbach,Casa,Delmenhorst,4-1-2-1-2,Titolare,9,16,Diop L.,,6.7,,73',04C2CAwH
DFB-Pokal,1/32 FINALE,17.08.2025,Delmenhorst,Monchengladbach,Casa,Delmenhorst,4-1-2-1-2,Titolare,10,11,Poplawski N.,,6.1,,83',04C2CAwH
DFB-Pokal,1/32 FINALE,17.08.2025,Delmenhorst,Monchengladbach,Casa,Delmenhorst,4-1-2-1-2,Titolare,11,28,Rohwedder S.,,6.5,,,04C2CAwH
DFB-Pokal,1/32 FINALE,17.08.2025,Delmenhorst,Monchengladbach,Casa,Delmenhorst,4-1-2-1-2,Panchina,1,23,Basha L.,,,,,04C2CAwH
DFB-Pokal,1/32 FINALE,17.08.2025,Delmenhorst,Monchengladbach,Casa,Delmenhorst,4-1-2-1-2,Panchina,2,18,Berling T.,,,,,04C2CAwH
DFB-Pokal,1/32 FINALE,17.08.2025,Delmenhorst,Monchengladbach,Casa,Delmenhorst,4-1-2-1-2,Panchina,3,7,Dahnenkamp J.,,,83',,04C2CAwH
DFB-Pokal,1/32 FINALE,17.08.2025,Delmenhorst,Monchengladbach,Casa,Delmenhorst,4-1-2-1-2,Panchina,4,21,Eggersgluss P.,,,,,04C2CAwH
DFB-Pokal,1/32 FINALE,17.08.2025,Delmenhorst,Monchengladbach,Casa,Delmenhorst,4-1-2-1-2,Panchina,5,9,Fagerstrom T.,,6.0,73',,04C2CAwH
DFB-Pokal,1/32 FINALE,17.08.2025,Delmenhorst,Monchengladbach,Casa,Delmenhorst,4-1-2-1-2,Panchina,6,27,Lameyer S.,,6.3,62',,04C2CAwH
DFB-Pokal,1/32 FINALE,17.08.2025,Delmenhorst,Monchengladbach,Casa,Delmenhorst,4-1-2-1-2,Panchina,7,26,Sanden K.,Portiere,,,,04C2CAwH
DFB-Pokal,1/32 FINALE,17.08.2025,Delmenhorst,Monchengladbach,Casa,Delmenhorst,4-1-2-1-2,Panchina,8,25,Schallschmidt J.,,6.4,73',,04C2CAwH
DFB-Pokal,1/32 FINALE,17.08.2025,Delmenhorst,Monchengladbach,Casa,Delmenhorst,4-1-2-1-2,Panchina,9,19,Widiker T.,,,83',,04C2CAwH
DFB-Pokal,1/32 FINALE,17.08.2025,Delmenhorst,Monchengladbach,Ospite,Monchengladbach,4-2-3-1,Titolare,1,33,Nicolas M.,Portiere,6.1,,,04C2CAwH
DFB-Pokal,1/32 FINALE,17.08.2025,Delmenhorst,Monchengladbach,Ospite,Monchengladbach,4-2-3-1,Titolare,2,29,Scally J.,,7.5,,,04C2CAwH
DFB-Pokal,1/32 FINALE,17.08.2025,Delmenhorst,Monchengladbach,Ospite,Monchengladbach,4-2-3-1,Titolare,3,30,Elvedi N.,,7.1,,,04C2CAwH
DFB-Pokal,1/32 FINALE,17.08.2025,Delmenhorst,Monchengladbach,Ospite,Monchengladbach,4-2-3-1,Titolare,4,4,Diks K.,,6.9,,46',04C2CAwH
DFB-Pokal,1/32 FINALE,17.08.2025,Delmenhorst,Monchengladbach,Ospite,Monchengladbach,4-2-3-1,Titolare,5,26,Ullrich L.,,7.1,,83',04C2CAwH
DFB-Pokal,1/32 FINALE,17.08.2025,Delmenhorst,Monchengladbach,Ospite,Monchengladbach,4-2-3-1,Titolare,6,16,Sander P.,,7.4,,83',04C2CAwH
DFB-Pokal,1/32 FINALE,17.08.2025,Delmenhorst,Monchengladbach,Ospite,Monchengladbach,4-2-3-1,Titolare,7,27,Reitz R.,Capitano,6.8,,,04C2CAwH
DFB-Pokal,1/32 FINALE,17.08.2025,Delmenhorst,Monchengladbach,Ospite,Monchengladbach,4-2-3-1,Titolare,8,9,Honorat F.,,9.6,,,04C2CAwH
DFB-Pokal,1/32 FINALE,17.08.2025,Delmenhorst,Monchengladbach,Ospite,Monchengladbach,4-2-3-1,Titolare,9,7,Stoger K.,,9.8,,90+2',04C2CAwH
DFB-Pokal,1/32 FINALE,17.08.2025,Delmenhorst,Monchengladbach,Ospite,Monchengladbach,4-2-3-1,Titolare,10,25,Hack R.,,8.6,,89',04C2CAwH
DFB-Pokal,1/32 FINALE,17.08.2025,Delmenhorst,Monchengladbach,Ospite,Monchengladbach,4-2-3-1,Titolare,11,15,Tabakovic H.,,6.4,,,04C2CAwH
DFB-Pokal,1/32 FINALE,17.08.2025,Delmenhorst,Monchengladbach,Ospite,Monchengladbach,4-2-3-1,Panchina,1,17,Castrop J.,,,83',,04C2CAwH
DFB-Pokal,1/32 FINALE,17.08.2025,Delmenhorst,Monchengladbach,Ospite,Monchengladbach,4-2-3-1,Panchina,2,2,Chiarodia F. C.,,6.7,46',,04C2CAwH
DFB-Pokal,1/32 FINALE,17.08.2025,Delmenhorst,Monchengladbach,Ospite,Monchengladbach,4-2-3-1,Panchina,3,22,Fraulo O.,,,90+2',,04C2CAwH
DFB-Pokal,1/32 FINALE,17.08.2025,Delmenhorst,Monchengladbach,Ospite,Monchengladbach,4-2-3-1,Panchina,4,5,Friedrich M.,,,,,04C2CAwH
DFB-Pokal,1/32 FINALE,17.08.2025,Delmenhorst,Monchengladbach,Ospite,Monchengladbach,4-2-3-1,Panchina,5,20,Netz L.,,,83',,04C2CAwH
DFB-Pokal,1/32 FINALE,17.08.2025,Delmenhorst,Monchengladbach,Ospite,Monchengladbach,4-2-3-1,Panchina,6,10,Neuhaus F.,,,,,04C2CAwH
DFB-Pokal,1/32 FINALE,17.08.2025,Delmenhorst,Monchengladbach,Ospite,Monchengladbach,4-2-3-1,Panchina,7,1,Omlin J.,Portiere,,,,04C2CAwH
DFB-Pokal,1/32 FINALE,17.08.2025,Delmenhorst,Monchengladbach,Ospite,Monchengladbach,4-2-3-1,Panchina,8,28,Ranos G.,,,89',,04C2CAwH
DFB-Pokal,1/32 FINALE,17.08.2025,Delmenhorst,Monchengladbach,Ospite,Monchengladbach,4-2-3-1,Panchina,9,8,Weigl J.,,,,,04C2CAwH
DFB-Pokal,1/32 FINALE,17.08.2025,Lohne,Furth,Casa,Lohne,3-5-2,Titolare,1,1,Dedovic M.,Portiere,6.7,,,4OwLaXgB
DFB-Pokal,1/32 FINALE,17.08.2025,Lohne,Furth,Casa,Lohne,3-5-2,Titolare,2,4,Zander L.,,6.0,,,4OwLaXgB
DFB-Pokal,1/32 FINALE,17.08.2025,Lohne,Furth,Casa,Lohne,3-5-2,Titolare,3,6,Sabah J.,,4.9,,,4OwLaXgB
DFB-Pokal,1/32 FINALE,17.08.2025,Lohne,Furth,Casa,Lohne,3-5-2,Titolare,4,19,Bredol L.,,5.9,,,4OwLaXgB
DFB-Pokal,1/32 FINALE,17.08.2025,Lohne,Furth,Casa,Lohne,3-5-2,Titolare,5,28,Wengerowski M.,,5.4,,,4OwLaXgB
DFB-Pokal,1/32 FINALE,17.08.2025,Lohne,Furth,Casa,Lohne,3-5-2,Titolare,6,8,Thoben N.,,6.3,,64',4OwLaXgB
DFB-Pokal,1/32 FINALE,17.08.2025,Lohne,Furth,Casa,Lohne,3-5-2,Titolare,7,18,Kobylanski M.,,5.8,,69',4OwLaXgB
DFB-Pokal,1/32 FINALE,17.08.2025,Lohne,Furth,Casa,Lohne,3-5-2,Titolare,8,16,Westendorf J.,,6.3,,78',4OwLaXgB
DFB-Pokal,1/32 FINALE,17.08.2025,Lohne,Furth,Casa,Lohne,3-5-2,Titolare,9,23,Neziri R.,,5.6,,78',4OwLaXgB
DFB-Pokal,1/32 FINALE,17.08.2025,Lohne,Furth,Casa,Lohne,3-5-2,Titolare,10,29,Schmiederer F.,,6.2,,69',4OwLaXgB
DFB-Pokal,1/32 FINALE,17.08.2025,Lohne,Furth,Casa,Lohne,3-5-2,Titolare,11,21,Tonnies T.,Capitano,5.3,,,4OwLaXgB
DFB-Pokal,1/32 FINALE,17.08.2025,Lohne,Furth,Casa,Lohne,3-5-2,Panchina,1,14,Helmdach C.,,6.3,69',,4OwLaXgB
DFB-Pokal,1/32 FINALE,17.08.2025,Lohne,Furth,Casa,Lohne,3-5-2,Panchina,2,17,Heskamp S.,,6.3,64',,4OwLaXgB
DFB-Pokal,1/32 FINALE,17.08.2025,Lohne,Furth,Casa,Lohne,3-5-2,Panchina,3,10,Hoppe J.,,6.2,69',,4OwLaXgB
DFB-Pokal,1/32 FINALE,17.08.2025,Lohne,Furth,Casa,Lohne,3-5-2,Panchina,4,13,Kasper B.,,6.4,78',,4OwLaXgB
DFB-Pokal,1/32 FINALE,17.08.2025,Lohne,Furth,Casa,Lohne,3-5-2,Panchina,5,34,Kokott P.,Portiere,,,,4OwLaXgB
DFB-Pokal,1/32 FINALE,17.08.2025,Lohne,Furth,Casa,Lohne,3-5-2,Panchina,6,5,Polking L.,,,,,4OwLaXgB
DFB-Pokal,1/32 FINALE,17.08.2025,Lohne,Furth,Casa,Lohne,3-5-2,Panchina,7,33,Rehfeldt T.,,,,,4OwLaXgB
DFB-Pokal,1/32 FINALE,17.08.2025,Lohne,Furth,Casa,Lohne,3-5-2,Panchina,8,22,Reinert T.,,6.4,78',,4OwLaXgB
DFB-Pokal,1/32 FINALE,17.08.2025,Lohne,Furth,Casa,Lohne,3-5-2,Panchina,9,25,Tepe N.,,,,,4OwLaXgB
DFB-Pokal,1/32 FINALE,17.08.2025,Lohne,Furth,Ospite,Furth,3-5-2,Titolare,1,26,Boevink P.,Portiere,6.9,,,4OwLaXgB
DFB-Pokal,1/32 FINALE,17.08.2025,Lohne,Furth,Ospite,Furth,3-5-2,Titolare,2,33,Dietz M.,,8.0,,,4OwLaXgB
DFB-Pokal,1/32 FINALE,17.08.2025,Lohne,Furth,Ospite,Furth,3-5-2,Titolare,3,4,Ziereis P.,,8.0,,,4OwLaXgB
DFB-Pokal,1/32 FINALE,17.08.2025,Lohne,Furth,Ospite,Furth,3-5-2,Titolare,4,17,Konig N.,,7.5,,,4OwLaXgB
DFB-Pokal,1/32 FINALE,17.08.2025,Lohne,Furth,Ospite,Furth,3-5-2,Titolare,5,23,Dehm J.,,7.8,,75',4OwLaXgB
DFB-Pokal,1/32 FINALE,17.08.2025,Lohne,Furth,Ospite,Furth,3-5-2,Titolare,6,30,Klaus F.,,9.0,,,4OwLaXgB
DFB-Pokal,1/32 FINALE,17.08.2025,Lohne,Furth,Ospite,Furth,3-5-2,Titolare,7,8,Olesen M.,,8.0,,86',4OwLaXgB
DFB-Pokal,1/32 FINALE,17.08.2025,Lohne,Furth,Ospite,Furth,3-5-2,Titolare,8,37,Green J.,,8.0,,69',4OwLaXgB
DFB-Pokal,1/32 FINALE,17.08.2025,Lohne,Furth,Ospite,Furth,3-5-2,Titolare,9,27,Itter G.,,7.3,,,4OwLaXgB
DFB-Pokal,1/32 FINALE,17.08.2025,Lohne,Furth,Ospite,Furth,3-5-2,Titolare,10,18,Higl F.,,7.2,,69',4OwLaXgB
DFB-Pokal,1/32 FINALE,17.08.2025,Lohne,Furth,Ospite,Furth,3-5-2,Titolare,11,10,Hrgota B.,Capitano,7.3,,86',4OwLaXgB
DFB-Pokal,1/32 FINALE,17.08.2025,Lohne,Furth,Ospite,Furth,3-5-2,Panchina,1,22,Cabrera J.,,,86',,4OwLaXgB
DFB-Pokal,1/32 FINALE,17.08.2025,Lohne,Furth,Ospite,Furth,3-5-2,Panchina,2,14,Consbruch J.,,7.4,69',,4OwLaXgB
DFB-Pokal,1/32 FINALE,17.08.2025,Lohne,Furth,Ospite,Furth,3-5-2,Panchina,3,35,Engel J.,,,,,4OwLaXgB
DFB-Pokal,1/32 FINALE,17.08.2025,Lohne,Furth,Ospite,Furth,3-5-2,Panchina,4,34,Fries M.,,6.4,75',,4OwLaXgB
DFB-Pokal,1/32 FINALE,17.08.2025,Lohne,Furth,Ospite,Furth,3-5-2,Panchina,5,1,Korber N.,Portiere,,,,4OwLaXgB
DFB-Pokal,1/32 FINALE,17.08.2025,Lohne,Furth,Ospite,Furth,3-5-2,Panchina,6,38,Marita R.,,,,,4OwLaXgB
DFB-Pokal,1/32 FINALE,17.08.2025,Lohne,Furth,Ospite,Furth,3-5-2,Panchina,7,5,Munz R.,,,,,4OwLaXgB
DFB-Pokal,1/32 FINALE,17.08.2025,Lohne,Furth,Ospite,Furth,3-5-2,Panchina,8,42,Sillah O.,,6.5,69',,4OwLaXgB
DFB-Pokal,1/32 FINALE,17.08.2025,Lohne,Furth,Ospite,Furth,3-5-2,Panchina,9,7,Srbeny D.,,,86',,4OwLaXgB
DFB-Pokal,1/32 FINALE,17.08.2025,Lokomotive Leipzig,Schalke,Casa,Lokomotive Leipzig,4-4-2,Titolare,1,1,Naumann A.,Portiere,9.0,,,0jXTcBON
DFB-Pokal,1/32 FINALE,17.08.2025,Lokomotive Leipzig,Schalke,Casa,Lokomotive Leipzig,4-4-2,Titolare,2,34,Dombrowa T.,,6.6,,,0jXTcBON
DFB-Pokal,1/32 FINALE,17.08.2025,Lokomotive Leipzig,Schalke,Casa,Lokomotive Leipzig,4-4-2,Titolare,3,28,Von-Piechowski L.,,6.6,,,0jXTcBON
DFB-Pokal,1/32 FINALE,17.08.2025,Lokomotive Leipzig,Schalke,Casa,Lokomotive Leipzig,4-4-2,Titolare,4,5,Wilton L.,,6.3,,,0jXTcBON
DFB-Pokal,1/32 FINALE,17.08.2025,Lokomotive Leipzig,Schalke,Casa,Lokomotive Leipzig,4-4-2,Titolare,5,27,Grozinger D.,,6.8,,105',0jXTcBON
DFB-Pokal,1/32 FINALE,17.08.2025,Lokomotive Leipzig,Schalke,Casa,Lokomotive Leipzig,4-4-2,Titolare,6,17,Arcalean J.,,6.3,,65',0jXTcBON
DFB-Pokal,1/32 FINALE,17.08.2025,Lokomotive Leipzig,Schalke,Casa,Lokomotive Leipzig,4-4-2,Titolare,7,14,Siebeck A.,,6.4,,96',0jXTcBON
DFB-Pokal,1/32 FINALE,17.08.2025,Lokomotive Leipzig,Schalke,Casa,Lokomotive Leipzig,4-4-2,Titolare,8,8,Abderrahmane F.,Capitano,6.8,,,0jXTcBON
DFB-Pokal,1/32 FINALE,17.08.2025,Lokomotive Leipzig,Schalke,Casa,Lokomotive Leipzig,4-4-2,Titolare,9,11,Adetula A.,,6.1,,,0jXTcBON
DFB-Pokal,1/32 FINALE,17.08.2025,Lokomotive Leipzig,Schalke,Casa,Lokomotive Leipzig,4-4-2,Titolare,10,9,Maderer S.,,6.4,,78',0jXTcBON
DFB-Pokal,1/32 FINALE,17.08.2025,Lokomotive Leipzig,Schalke,Casa,Lokomotive Leipzig,4-4-2,Titolare,11,21,Maier C.,,5.9,,66',0jXTcBON
DFB-Pokal,1/32 FINALE,17.08.2025,Lokomotive Leipzig,Schalke,Casa,Lokomotive Leipzig,4-4-2,Panchina,1,20,Bergmann M.,Portiere,,,,0jXTcBON
DFB-Pokal,1/32 FINALE,17.08.2025,Lokomotive Leipzig,Schalke,Casa,Lokomotive Leipzig,4-4-2,Panchina,2,22,Cevis D.,,7.2,66',,0jXTcBON
DFB-Pokal,1/32 FINALE,17.08.2025,Lokomotive Leipzig,Schalke,Casa,Lokomotive Leipzig,4-4-2,Panchina,3,29,Kang M.,,7.2,65',,0jXTcBON
DFB-Pokal,1/32 FINALE,17.08.2025,Lokomotive Leipzig,Schalke,Casa,Lokomotive Leipzig,4-4-2,Panchina,4,30,Ozturk E.,,,,,0jXTcBON
DFB-Pokal,1/32 FINALE,17.08.2025,Lokomotive Leipzig,Schalke,Casa,Lokomotive Leipzig,4-4-2,Panchina,5,24,Ruhlemann A.,,,,,0jXTcBON
DFB-Pokal,1/32 FINALE,17.08.2025,Lokomotive Leipzig,Schalke,Casa,Lokomotive Leipzig,4-4-2,Panchina,6,4,Stein J.,,,,,0jXTcBON
DFB-Pokal,1/32 FINALE,17.08.2025,Lokomotive Leipzig,Schalke,Casa,Lokomotive Leipzig,4-4-2,Panchina,7,7,Verkamp P.,,6.4,96',,0jXTcBON
DFB-Pokal,1/32 FINALE,17.08.2025,Lokomotive Leipzig,Schalke,Casa,Lokomotive Leipzig,4-4-2,Panchina,8,13,Ziane D.,,7.2,78',,0jXTcBON
DFB-Pokal,1/32 FINALE,17.08.2025,Lokomotive Leipzig,Schalke,Casa,Lokomotive Leipzig,4-4-2,Panchina,9,15,Zimmer L.,,6.4,105',,0jXTcBON
DFB-Pokal,1/32 FINALE,17.08.2025,Lokomotive Leipzig,Schalke,Ospite,Schalke,3-4-2-1,Titolare,1,28,Heekeren J.,Portiere,8.5,,,0jXTcBON
DFB-Pokal,1/32 FINALE,17.08.2025,Lokomotive Leipzig,Schalke,Ospite,Schalke,3-4-2-1,Titolare,2,5,Becker T.,,6.7,,69',0jXTcBON
DFB-Pokal,1/32 FINALE,17.08.2025,Lokomotive Leipzig,Schalke,Ospite,Schalke,3-4-2-1,Titolare,3,25,Katic N.,,8.5,,,0jXTcBON
DFB-Pokal,1/32 FINALE,17.08.2025,Lokomotive Leipzig,Schalke,Ospite,Schalke,3-4-2-1,Titolare,4,4,Kurucay H.,,7.5,,80',0jXTcBON
DFB-Pokal,1/32 FINALE,17.08.2025,Lokomotive Leipzig,Schalke,Ospite,Schalke,3-4-2-1,Titolare,5,18,Antwi-Adjei C.,,8.0,,,0jXTcBON
DFB-Pokal,1/32 FINALE,17.08.2025,Lokomotive Leipzig,Schalke,Ospite,Schalke,3-4-2-1,Titolare,6,37,Gruger M.,,6.8,,80',0jXTcBON
DFB-Pokal,1/32 FINALE,17.08.2025,Lokomotive Leipzig,Schalke,Ospite,Schalke,3-4-2-1,Titolare,7,23,El-Faouzi S.,,6.3,,,0jXTcBON
DFB-Pokal,1/32 FINALE,17.08.2025,Lokomotive Leipzig,Schalke,Ospite,Schalke,3-4-2-1,Titolare,8,33,Becker V.,,7.5,,,0jXTcBON
DFB-Pokal,1/32 FINALE,17.08.2025,Lokomotive Leipzig,Schalke,Ospite,Schalke,3-4-2-1,Titolare,9,15,Hojlund E.,,6.3,,69',0jXTcBON
DFB-Pokal,1/32 FINALE,17.08.2025,Lokomotive Leipzig,Schalke,Ospite,Schalke,3-4-2-1,Titolare,10,19,Karaman K.,Capitano,7.0,,90',0jXTcBON
DFB-Pokal,1/32 FINALE,17.08.2025,Lokomotive Leipzig,Schalke,Ospite,Schalke,3-4-2-1,Titolare,11,9,Sylla M.,,7.7,,,0jXTcBON
DFB-Pokal,1/32 FINALE,17.08.2025,Lokomotive Leipzig,Schalke,Ospite,Schalke,3-4-2-1,Panchina,1,43,Ayhan M.,,6.9,80',,0jXTcBON
DFB-Pokal,1/32 FINALE,17.08.2025,Lokomotive Leipzig,Schalke,Ospite,Schalke,3-4-2-1,Panchina,2,14,Bachmann J.,,6.6,69',,0jXTcBON
DFB-Pokal,1/32 FINALE,17.08.2025,Lokomotive Leipzig,Schalke,Ospite,Schalke,3-4-2-1,Panchina,3,30,Donkor A.,,,,,0jXTcBON
DFB-Pokal,1/32 FINALE,17.08.2025,Lokomotive Leipzig,Schalke,Ospite,Schalke,3-4-2-1,Panchina,4,17,Gantenbein A.,,6.8,90',,0jXTcBON
DFB-Pokal,1/32 FINALE,17.08.2025,Lokomotive Leipzig,Schalke,Ospite,Schalke,3-4-2-1,Panchina,5,11,Lasme B.,,8.4,80',,0jXTcBON
DFB-Pokal,1/32 FINALE,17.08.2025,Lokomotive Leipzig,Schalke,Ospite,Schalke,3-4-2-1,Panchina,6,41,Matriciani H.,,,,,0jXTcBON
DFB-Pokal,1/32 FINALE,17.08.2025,Lokomotive Leipzig,Schalke,Ospite,Schalke,3-4-2-1,Panchina,7,32,Podlech L.,Portiere,,,,0jXTcBON
DFB-Pokal,1/32 FINALE,17.08.2025,Lokomotive Leipzig,Schalke,Ospite,Schalke,3-4-2-1,Panchina,8,2,Sanchez F.,,6.5,69',,0jXTcBON
DFB-Pokal,1/32 FINALE,17.08.2025,Lokomotive Leipzig,Schalke,Ospite,Schalke,3-4-2-1,Panchina,9,16,Zalazar M.,,,,,0jXTcBON
DFB-Pokal,1/32 FINALE,17.08.2025,Meuselwitz,Karlsruher,Casa,Meuselwitz,4-4-2,Titolare,1,36,Sedlak L.,Portiere,5.0,,,YFurxeI8
DFB-Pokal,1/32 FINALE,17.08.2025,Meuselwitz,Karlsruher,Casa,Meuselwitz,4-4-2,Titolare,2,22,Hansch F.,,5.4,,73',YFurxeI8
DFB-Pokal,1/32 FINALE,17.08.2025,Meuselwitz,Karlsruher,Casa,Meuselwitz,4-4-2,Titolare,3,3,Rehder F.,,6.7,,73',YFurxeI8
DFB-Pokal,1/32 FINALE,17.08.2025,Meuselwitz,Karlsruher,Casa,Meuselwitz,4-4-2,Titolare,4,16,Kessler B.,,6.2,,,YFurxeI8
DFB-Pokal,1/32 FINALE,17.08.2025,Meuselwitz,Karlsruher,Casa,Meuselwitz,4-4-2,Titolare,5,13,Pfeil D.,,7.2,,,YFurxeI8
DFB-Pokal,1/32 FINALE,17.08.2025,Meuselwitz,Karlsruher,Casa,Meuselwitz,4-4-2,Titolare,6,8,Halasz J.,,5.8,,61',YFurxeI8
DFB-Pokal,1/32 FINALE,17.08.2025,Meuselwitz,Karlsruher,Casa,Meuselwitz,4-4-2,Titolare,7,30,Eckardt R.,Capitano,6.9,,,YFurxeI8
DFB-Pokal,1/32 FINALE,17.08.2025,Meuselwitz,Karlsruher,Casa,Meuselwitz,4-4-2,Titolare,8,20,Raithel F.,,6.9,,,YFurxeI8
DFB-Pokal,1/32 FINALE,17.08.2025,Meuselwitz,Karlsruher,Casa,Meuselwitz,4-4-2,Titolare,9,17,Wurr H.,,6.4,,61',YFurxeI8
DFB-Pokal,1/32 FINALE,17.08.2025,Meuselwitz,Karlsruher,Casa,Meuselwitz,4-4-2,Titolare,10,19,Pauling C.,,6.0,,61',YFurxeI8
DFB-Pokal,1/32 FINALE,17.08.2025,Meuselwitz,Karlsruher,Casa,Meuselwitz,4-4-2,Titolare,11,9,Trubenbach A.,,6.5,,,YFurxeI8
DFB-Pokal,1/32 FINALE,17.08.2025,Meuselwitz,Karlsruher,Casa,Meuselwitz,4-4-2,Panchina,1,21,Balde C.,,6.0,61',,YFurxeI8
DFB-Pokal,1/32 FINALE,17.08.2025,Meuselwitz,Karlsruher,Casa,Meuselwitz,4-4-2,Panchina,2,27,Burghold B.,,,,,YFurxeI8
DFB-Pokal,1/32 FINALE,17.08.2025,Meuselwitz,Karlsruher,Casa,Meuselwitz,4-4-2,Panchina,3,1,Fietz J.,Portiere,,,,YFurxeI8
DFB-Pokal,1/32 FINALE,17.08.2025,Meuselwitz,Karlsruher,Casa,Meuselwitz,4-4-2,Panchina,4,23,Fischer L.,,6.2,73',,YFurxeI8
DFB-Pokal,1/32 FINALE,17.08.2025,Meuselwitz,Karlsruher,Casa,Meuselwitz,4-4-2,Panchina,5,10,Kaymaz C.,,6.5,73',,YFurxeI8
DFB-Pokal,1/32 FINALE,17.08.2025,Meuselwitz,Karlsruher,Casa,Meuselwitz,4-4-2,Panchina,6,11,Oke E. N.,,6.4,61',,YFurxeI8
DFB-Pokal,1/32 FINALE,17.08.2025,Meuselwitz,Karlsruher,Casa,Meuselwitz,4-4-2,Panchina,7,33,Schmokel L.,,6.2,61',,YFurxeI8
DFB-Pokal,1/32 FINALE,17.08.2025,Meuselwitz,Karlsruher,Casa,Meuselwitz,4-4-2,Panchina,8,5,Stiller E.,,,,,YFurxeI8
DFB-Pokal,1/32 FINALE,17.08.2025,Meuselwitz,Karlsruher,Casa,Meuselwitz,4-4-2,Panchina,9,18,Tessmer T.,,,,,YFurxeI8
DFB-Pokal,1/32 FINALE,17.08.2025,Meuselwitz,Karlsruher,Ospite,Karlsruher,5-3-2,Titolare,1,1,Bernat C.,Portiere,7.1,,,YFurxeI8
DFB-Pokal,1/32 FINALE,17.08.2025,Meuselwitz,Karlsruher,Ospite,Karlsruher,5-3-2,Titolare,2,2,Jung S.,,7.1,,60',YFurxeI8
DFB-Pokal,1/32 FINALE,17.08.2025,Meuselwitz,Karlsruher,Ospite,Karlsruher,5-3-2,Titolare,3,22,Kobald C.,,8.5,,,YFurxeI8
DFB-Pokal,1/32 FINALE,17.08.2025,Meuselwitz,Karlsruher,Ospite,Karlsruher,5-3-2,Titolare,4,28,Franke M.,,6.8,,,YFurxeI8
DFB-Pokal,1/32 FINALE,17.08.2025,Meuselwitz,Karlsruher,Ospite,Karlsruher,5-3-2,Titolare,5,6,Rapp N.,,7.4,,61',YFurxeI8
DFB-Pokal,1/32 FINALE,17.08.2025,Meuselwitz,Karlsruher,Ospite,Karlsruher,5-3-2,Titolare,6,20,Herold D.,,7.4,,60',YFurxeI8
DFB-Pokal,1/32 FINALE,17.08.2025,Meuselwitz,Karlsruher,Ospite,Karlsruher,5-3-2,Titolare,7,25,Egloff L.,,8.7,,76',YFurxeI8
DFB-Pokal,1/32 FINALE,17.08.2025,Meuselwitz,Karlsruher,Ospite,Karlsruher,5-3-2,Titolare,8,16,Muller A.,,8.6,,,YFurxeI8
DFB-Pokal,1/32 FINALE,17.08.2025,Meuselwitz,Karlsruher,Ospite,Karlsruher,5-3-2,Titolare,9,10,Wanitzek M.,Capitano,8.6,,,YFurxeI8
DFB-Pokal,1/32 FINALE,17.08.2025,Meuselwitz,Karlsruher,Ospite,Karlsruher,5-3-2,Titolare,10,9,Simic R.,,6.5,,,YFurxeI8
DFB-Pokal,1/32 FINALE,17.08.2025,Meuselwitz,Karlsruher,Ospite,Karlsruher,5-3-2,Titolare,11,24,Schleusener F.,,8.6,,76',YFurxeI8
DFB-Pokal,1/32 FINALE,17.08.2025,Meuselwitz,Karlsruher,Ospite,Karlsruher,5-3-2,Panchina,1,4,Beifus M.,,6.7,61',,YFurxeI8
DFB-Pokal,1/32 FINALE,17.08.2025,Meuselwitz,Karlsruher,Ospite,Karlsruher,5-3-2,Panchina,2,19,Ben Farhat L.,,,,,YFurxeI8
DFB-Pokal,1/32 FINALE,17.08.2025,Meuselwitz,Karlsruher,Ospite,Karlsruher,5-3-2,Panchina,3,7,Burnic D.,,6.6,60',,YFurxeI8
DFB-Pokal,1/32 FINALE,17.08.2025,Meuselwitz,Karlsruher,Ospite,Karlsruher,5-3-2,Panchina,4,35,Geller R.,,6.3,76',,YFurxeI8
DFB-Pokal,1/32 FINALE,17.08.2025,Meuselwitz,Karlsruher,Ospite,Karlsruher,5-3-2,Panchina,5,30,Himmelmann R.,Portiere,,,,YFurxeI8
DFB-Pokal,1/32 FINALE,17.08.2025,Meuselwitz,Karlsruher,Ospite,Karlsruher,5-3-2,Panchina,6,36,Pinto Pedrosa R.,,7.2,60',,YFurxeI8
DFB-Pokal,1/32 FINALE,17.08.2025,Meuselwitz,Karlsruher,Ospite,Karlsruher,5-3-2,Panchina,7,8,Rupp N.,,6.5,76',,YFurxeI8
DFB-Pokal,1/32 FINALE,17.08.2025,Regensburg,Colonia,Casa,Regensburg,3-4-1-2,Titolare,1,1,Gebhardt F.,Portiere,5.3,,,SfA9Ne3F
DFB-Pokal,1/32 FINALE,17.08.2025,Regensburg,Colonia,Casa,Regensburg,3-4-1-2,Titolare,2,37,Wurm L.,,5.7,,,SfA9Ne3F
DFB-Pokal,1/32 FINALE,17.08.2025,Regensburg,Colonia,Casa,Regensburg,3-4-1-2,Titolare,3,4,Strauss F.,,6.1,,,SfA9Ne3F
DFB-Pokal,1/32 FINALE,17.08.2025,Regensburg,Colonia,Casa,Regensburg,3-4-1-2,Titolare,4,14,Ziegele R.,,7.0,,,SfA9Ne3F
DFB-Pokal,1/32 FINALE,17.08.2025,Regensburg,Colonia,Casa,Regensburg,3-4-1-2,Titolare,5,25,Oliveira N.,,6.1,,83',SfA9Ne3F
DFB-Pokal,1/32 FINALE,17.08.2025,Regensburg,Colonia,Casa,Regensburg,3-4-1-2,Titolare,6,31,Matzler L.,,7.0,,,SfA9Ne3F
DFB-Pokal,1/32 FINALE,17.08.2025,Regensburg,Colonia,Casa,Regensburg,3-4-1-2,Titolare,7,8,Geipl A.,,5.3,,,SfA9Ne3F
DFB-Pokal,1/32 FINALE,17.08.2025,Regensburg,Colonia,Casa,Regensburg,3-4-1-2,Titolare,8,26,Bauer B.,,6.8,,,SfA9Ne3F
DFB-Pokal,1/32 FINALE,17.08.2025,Regensburg,Colonia,Casa,Regensburg,3-4-1-2,Titolare,9,30,Kuhlwetter C.,Capitano,6.0,,,SfA9Ne3F
DFB-Pokal,1/32 FINALE,17.08.2025,Regensburg,Colonia,Casa,Regensburg,3-4-1-2,Titolare,10,19,Asante D.,,5.9,,75',SfA9Ne3F
DFB-Pokal,1/32 FINALE,17.08.2025,Regensburg,Colonia,Casa,Regensburg,3-4-1-2,Titolare,11,27,Hermes L.,,5.5,,90+1',SfA9Ne3F
DFB-Pokal,1/32 FINALE,17.08.2025,Regensburg,Colonia,Casa,Regensburg,3-4-1-2,Panchina,1,10,Beckhoff P.,,,,,SfA9Ne3F
DFB-Pokal,1/32 FINALE,17.08.2025,Regensburg,Colonia,Casa,Regensburg,3-4-1-2,Panchina,2,11,Eichinger N.,,,90+1',,SfA9Ne3F
DFB-Pokal,1/32 FINALE,17.08.2025,Regensburg,Colonia,Casa,Regensburg,3-4-1-2,Panchina,3,29,Fein A.,,,,,SfA9Ne3F
DFB-Pokal,1/32 FINALE,17.08.2025,Regensburg,Colonia,Casa,Regensburg,3-4-1-2,Panchina,4,18,Forkel D.,,6.3,75',,SfA9Ne3F
DFB-Pokal,1/32 FINALE,17.08.2025,Regensburg,Colonia,Casa,Regensburg,3-4-1-2,Panchina,5,9,Galjen D.,,,,,SfA9Ne3F
DFB-Pokal,1/32 FINALE,17.08.2025,Regensburg,Colonia,Casa,Regensburg,3-4-1-2,Panchina,6,5,Muller P.,,,,,SfA9Ne3F
DFB-Pokal,1/32 FINALE,17.08.2025,Regensburg,Colonia,Casa,Regensburg,3-4-1-2,Panchina,7,33,Seidel N.,,,,,SfA9Ne3F
DFB-Pokal,1/32 FINALE,17.08.2025,Regensburg,Colonia,Casa,Regensburg,3-4-1-2,Panchina,8,22,Stolze S.,,,83',,SfA9Ne3F
DFB-Pokal,1/32 FINALE,17.08.2025,Regensburg,Colonia,Casa,Regensburg,3-4-1-2,Panchina,9,32,Weidinger A.,Portiere,,,,SfA9Ne3F
DFB-Pokal,1/32 FINALE,17.08.2025,Regensburg,Colonia,Ospite,Colonia,3-4-2-1,Titolare,1,20,Zieler R.,Portiere,6.4,,,SfA9Ne3F
DFB-Pokal,1/32 FINALE,17.08.2025,Regensburg,Colonia,Ospite,Colonia,3-4-2-1,Titolare,2,2,Schmied J.,,7.0,,,SfA9Ne3F
DFB-Pokal,1/32 FINALE,17.08.2025,Regensburg,Colonia,Ospite,Colonia,3-4-2-1,Titolare,3,4,Hubers T.,,6.6,,,SfA9Ne3F
DFB-Pokal,1/32 FINALE,17.08.2025,Regensburg,Colonia,Ospite,Colonia,3-4-2-1,Titolare,4,39,Ozkacar C.,,6.4,,69',SfA9Ne3F
DFB-Pokal,1/32 FINALE,17.08.2025,Regensburg,Colonia,Ospite,Colonia,3-4-2-1,Titolare,5,28,Sebulonsen S.,,6.7,,,SfA9Ne3F
DFB-Pokal,1/32 FINALE,17.08.2025,Regensburg,Colonia,Ospite,Colonia,3-4-2-1,Titolare,6,18,Johannesson I.,,9.0,,,SfA9Ne3F
DFB-Pokal,1/32 FINALE,17.08.2025,Regensburg,Colonia,Ospite,Colonia,3-4-2-1,Titolare,7,6,Martel E.,,8.3,,,SfA9Ne3F
DFB-Pokal,1/32 FINALE,17.08.2025,Regensburg,Colonia,Ospite,Colonia,3-4-2-1,Titolare,8,37,Maina L.,,7.0,,68',SfA9Ne3F
DFB-Pokal,1/32 FINALE,17.08.2025,Regensburg,Colonia,Ospite,Colonia,3-4-2-1,Titolare,9,30,Bulter M.,,6.5,,75',SfA9Ne3F
DFB-Pokal,1/32 FINALE,17.08.2025,Regensburg,Colonia,Ospite,Colonia,3-4-2-1,Titolare,10,16,Kaminski J.,,6.5,,75',SfA9Ne3F
DFB-Pokal,1/32 FINALE,17.08.2025,Regensburg,Colonia,Ospite,Colonia,3-4-2-1,Titolare,11,7,Waldschmidt L.,,6.3,,75',SfA9Ne3F
DFB-Pokal,1/32 FINALE,17.08.2025,Regensburg,Colonia,Ospite,Colonia,3-4-2-1,Panchina,1,9,Ache R.,,8.1,75',,SfA9Ne3F
DFB-Pokal,1/32 FINALE,17.08.2025,Regensburg,Colonia,Ospite,Colonia,3-4-2-1,Panchina,2,13,El Mala S.,,6.8,75',,SfA9Ne3F
DFB-Pokal,1/32 FINALE,17.08.2025,Regensburg,Colonia,Ospite,Colonia,3-4-2-1,Panchina,3,25,Gazibegovic J.,,,,,SfA9Ne3F
DFB-Pokal,1/32 FINALE,17.08.2025,Regensburg,Colonia,Ospite,Colonia,3-4-2-1,Panchina,4,11,Kainz F.,,6.8,75',,SfA9Ne3F
DFB-Pokal,1/32 FINALE,17.08.2025,Regensburg,Colonia,Ospite,Colonia,3-4-2-1,Panchina,5,5,Krauss T.,,,,,SfA9Ne3F
DFB-Pokal,1/32 FINALE,17.08.2025,Regensburg,Colonia,Ospite,Colonia,3-4-2-1,Panchina,6,32,Lund K.,,6.5,69',,SfA9Ne3F
DFB-Pokal,1/32 FINALE,17.08.2025,Regensburg,Colonia,Ospite,Colonia,3-4-2-1,Panchina,7,1,Schwabe M.,Portiere,,,,SfA9Ne3F
DFB-Pokal,1/32 FINALE,17.08.2025,Regensburg,Colonia,Ospite,Colonia,3-4-2-1,Panchina,8,29,Thielmann J.,,6.8,68',,SfA9Ne3F
DFB-Pokal,1/32 FINALE,17.08.2025,Regensburg,Colonia,Ospite,Colonia,3-4-2-1,Panchina,9,33,van den Berg R.,,,,,SfA9Ne3F
DFB-Pokal,1/32 FINALE,17.08.2025,RSV Eintracht,Kaiserslautern,Casa,RSV Eintracht,3-4-1-2,Titolare,1,1,Brenn L.,Portiere,3.8,,,dCFoGhvh
DFB-Pokal,1/32 FINALE,17.08.2025,RSV Eintracht,Kaiserslautern,Casa,RSV Eintracht,3-4-1-2,Titolare,2,29,Ekalle A.,,5.8,,,dCFoGhvh
DFB-Pokal,1/32 FINALE,17.08.2025,RSV Eintracht,Kaiserslautern,Casa,RSV Eintracht,3-4-1-2,Titolare,3,5,Samson L.,,6.1,,,dCFoGhvh
DFB-Pokal,1/32 FINALE,17.08.2025,RSV Eintracht,Kaiserslautern,Casa,RSV Eintracht,3-4-1-2,Titolare,4,24,Mustapha S.,,6.8,,,dCFoGhvh
DFB-Pokal,1/32 FINALE,17.08.2025,RSV Eintracht,Kaiserslautern,Casa,RSV Eintracht,3-4-1-2,Titolare,5,7,Goth T.,,5.6,,,dCFoGhvh
DFB-Pokal,1/32 FINALE,17.08.2025,RSV Eintracht,Kaiserslautern,Casa,RSV Eintracht,3-4-1-2,Titolare,6,6,Hellwig L.,,5.6,,68',dCFoGhvh
DFB-Pokal,1/32 FINALE,17.08.2025,RSV Eintracht,Kaiserslautern,Casa,RSV Eintracht,3-4-1-2,Titolare,7,28,Krusemann L.,,5.7,,83',dCFoGhvh
DFB-Pokal,1/32 FINALE,17.08.2025,RSV Eintracht,Kaiserslautern,Casa,RSV Eintracht,3-4-1-2,Titolare,8,11,Kruska D.,,6.3,,,dCFoGhvh
DFB-Pokal,1/32 FINALE,17.08.2025,RSV Eintracht,Kaiserslautern,Casa,RSV Eintracht,3-4-1-2,Titolare,9,19,Fron T.,,6.0,,83',dCFoGhvh
DFB-Pokal,1/32 FINALE,17.08.2025,RSV Eintracht,Kaiserslautern,Casa,RSV Eintracht,3-4-1-2,Titolare,10,23,Steinborn M.,Capitano,6.1,,83',dCFoGhvh
DFB-Pokal,1/32 FINALE,17.08.2025,RSV Eintracht,Kaiserslautern,Casa,RSV Eintracht,3-4-1-2,Titolare,11,9,Plumpe T.,,5.9,,68',dCFoGhvh
DFB-Pokal,1/32 FINALE,17.08.2025,RSV Eintracht,Kaiserslautern,Casa,RSV Eintracht,3-4-1-2,Panchina,1,12,Brackmann B. L.,Portiere,,,,dCFoGhvh
DFB-Pokal,1/32 FINALE,17.08.2025,RSV Eintracht,Kaiserslautern,Casa,RSV Eintracht,3-4-1-2,Panchina,2,4,Gullmeister C.,,,,,dCFoGhvh
DFB-Pokal,1/32 FINALE,17.08.2025,RSV Eintracht,Kaiserslautern,Casa,RSV Eintracht,3-4-1-2,Panchina,3,27,Jupolli E.,,5.8,68',,dCFoGhvh
DFB-Pokal,1/32 FINALE,17.08.2025,RSV Eintracht,Kaiserslautern,Casa,RSV Eintracht,3-4-1-2,Panchina,4,3,Koschembahr G.,,,,,dCFoGhvh
DFB-Pokal,1/32 FINALE,17.08.2025,RSV Eintracht,Kaiserslautern,Casa,RSV Eintracht,3-4-1-2,Panchina,5,15,Lehmann H.,,,83',,dCFoGhvh
DFB-Pokal,1/32 FINALE,17.08.2025,RSV Eintracht,Kaiserslautern,Casa,RSV Eintracht,3-4-1-2,Panchina,6,18,Seeger F.,,,83',,dCFoGhvh
DFB-Pokal,1/32 FINALE,17.08.2025,RSV Eintracht,Kaiserslautern,Casa,RSV Eintracht,3-4-1-2,Panchina,7,20,Sommer L.,,6.2,68',,dCFoGhvh
DFB-Pokal,1/32 FINALE,17.08.2025,RSV Eintracht,Kaiserslautern,Casa,RSV Eintracht,3-4-1-2,Panchina,8,16,Vujic L.,,,,,dCFoGhvh
DFB-Pokal,1/32 FINALE,17.08.2025,RSV Eintracht,Kaiserslautern,Casa,RSV Eintracht,3-4-1-2,Panchina,9,31,Yatkiner M.,,,83',,dCFoGhvh
DFB-Pokal,1/32 FINALE,17.08.2025,RSV Eintracht,Kaiserslautern,Ospite,Kaiserslautern,3-4-2-1,Titolare,1,1,Krahl J.,Portiere,7.1,,,dCFoGhvh
DFB-Pokal,1/32 FINALE,17.08.2025,RSV Eintracht,Kaiserslautern,Ospite,Kaiserslautern,3-4-2-1,Titolare,2,31,Sirch L.,,7.8,,,dCFoGhvh
DFB-Pokal,1/32 FINALE,17.08.2025,RSV Eintracht,Kaiserslautern,Ospite,Kaiserslautern,3-4-2-1,Titolare,3,4,Gyamfi M.,,6.5,,40',dCFoGhvh
DFB-Pokal,1/32 FINALE,17.08.2025,RSV Eintracht,Kaiserslautern,Ospite,Kaiserslautern,3-4-2-1,Titolare,4,5,Kim Ji-Soo,,8.3,,,dCFoGhvh
DFB-Pokal,1/32 FINALE,17.08.2025,RSV Eintracht,Kaiserslautern,Ospite,Kaiserslautern,3-4-2-1,Titolare,5,2,Asta S.,,6.8,,,dCFoGhvh
DFB-Pokal,1/32 FINALE,17.08.2025,RSV Eintracht,Kaiserslautern,Ospite,Kaiserslautern,3-4-2-1,Titolare,6,8,Sahin S.,,7.6,,46',dCFoGhvh
DFB-Pokal,1/32 FINALE,17.08.2025,RSV Eintracht,Kaiserslautern,Ospite,Kaiserslautern,3-4-2-1,Titolare,7,6,Kunze F.,,8.0,,60',dCFoGhvh
DFB-Pokal,1/32 FINALE,17.08.2025,RSV Eintracht,Kaiserslautern,Ospite,Kaiserslautern,3-4-2-1,Titolare,8,22,Haas M.,,9.0,,,dCFoGhvh
DFB-Pokal,1/32 FINALE,17.08.2025,RSV Eintracht,Kaiserslautern,Ospite,Kaiserslautern,3-4-2-1,Titolare,9,10,Emreli M.,,7.6,,,dCFoGhvh
DFB-Pokal,1/32 FINALE,17.08.2025,RSV Eintracht,Kaiserslautern,Ospite,Kaiserslautern,3-4-2-1,Titolare,10,7,Ritter M.,Capitano,9.5,,73',dCFoGhvh
DFB-Pokal,1/32 FINALE,17.08.2025,RSV Eintracht,Kaiserslautern,Ospite,Kaiserslautern,3-4-2-1,Titolare,11,19,Hanslik D.,,7.5,,60',dCFoGhvh
DFB-Pokal,1/32 FINALE,17.08.2025,RSV Eintracht,Kaiserslautern,Ospite,Kaiserslautern,3-4-2-1,Panchina,1,27,Abiama D.,,,,,dCFoGhvh
DFB-Pokal,1/32 FINALE,17.08.2025,RSV Eintracht,Kaiserslautern,Ospite,Kaiserslautern,3-4-2-1,Panchina,2,48,Alidou F.,,7.2,60',,dCFoGhvh
DFB-Pokal,1/32 FINALE,17.08.2025,RSV Eintracht,Kaiserslautern,Ospite,Kaiserslautern,3-4-2-1,Panchina,3,23,Aremu A.,,6.7,60',,dCFoGhvh
DFB-Pokal,1/32 FINALE,17.08.2025,RSV Eintracht,Kaiserslautern,Ospite,Kaiserslautern,3-4-2-1,Panchina,4,3,Kleinhansl F.,,7.8,40',,dCFoGhvh
DFB-Pokal,1/32 FINALE,17.08.2025,RSV Eintracht,Kaiserslautern,Ospite,Kaiserslautern,3-4-2-1,Panchina,5,20,Raschl T.,,8.3,46',,dCFoGhvh
DFB-Pokal,1/32 FINALE,17.08.2025,RSV Eintracht,Kaiserslautern,Ospite,Kaiserslautern,3-4-2-1,Panchina,6,37,Robinson L.,,,,,dCFoGhvh
DFB-Pokal,1/32 FINALE,17.08.2025,RSV Eintracht,Kaiserslautern,Ospite,Kaiserslautern,3-4-2-1,Panchina,7,25,Simoni S.,Portiere,,,,dCFoGhvh
DFB-Pokal,1/32 FINALE,17.08.2025,RSV Eintracht,Kaiserslautern,Ospite,Kaiserslautern,3-4-2-1,Panchina,8,15,Skytta N.,,,,,dCFoGhvh
DFB-Pokal,1/32 FINALE,17.08.2025,RSV Eintracht,Kaiserslautern,Ospite,Kaiserslautern,3-4-2-1,Panchina,9,29,Tachie R.,,7.3,73',,dCFoGhvh
DFB-Pokal,1/32 FINALE,17.08.2025,Engers,Francoforte,Casa,Engers,4-3-3,Titolare,1,23,Serdarusic F.,Portiere,6.5,,,lAbILZXR
DFB-Pokal,1/32 FINALE,17.08.2025,Engers,Francoforte,Casa,Engers,4-3-3,Titolare,2,24,Schmitten M.,,6.0,,,lAbILZXR
DFB-Pokal,1/32 FINALE,17.08.2025,Engers,Francoforte,Casa,Engers,4-3-3,Titolare,3,13,Eberhardt D.,,6.2,,,lAbILZXR
DFB-Pokal,1/32 FINALE,17.08.2025,Engers,Francoforte,Casa,Engers,4-3-3,Titolare,4,3,Meinert C.,Capitano,7.2,,,lAbILZXR
DFB-Pokal,1/32 FINALE,17.08.2025,Engers,Francoforte,Casa,Engers,4-3-3,Titolare,5,35,Muller G.,,5.5,,,lAbILZXR
DFB-Pokal,1/32 FINALE,17.08.2025,Engers,Francoforte,Casa,Engers,4-3-3,Titolare,6,14,Muller L.,,5.4,,78',lAbILZXR
DFB-Pokal,1/32 FINALE,17.08.2025,Engers,Francoforte,Casa,Engers,4-3-3,Titolare,7,17,Thewalt M.,,5.1,,,lAbILZXR
DFB-Pokal,1/32 FINALE,17.08.2025,Engers,Francoforte,Casa,Engers,4-3-3,Titolare,8,19,Semchuk V.,,5.5,,78',lAbILZXR
DFB-Pokal,1/32 FINALE,17.08.2025,Engers,Francoforte,Casa,Engers,4-3-3,Titolare,9,26,Simons M.,,6.3,,78',lAbILZXR
DFB-Pokal,1/32 FINALE,17.08.2025,Engers,Francoforte,Casa,Engers,4-3-3,Titolare,10,8,Naric G.,,6.0,,55',lAbILZXR
DFB-Pokal,1/32 FINALE,17.08.2025,Engers,Francoforte,Casa,Engers,4-3-3,Titolare,11,33,Ed Daoudi A.,,5.8,,62',lAbILZXR
DFB-Pokal,1/32 FINALE,17.08.2025,Engers,Francoforte,Casa,Engers,4-3-3,Panchina,1,10,Abursu D.,,6.3,,,lAbILZXR
DFB-Pokal,1/32 FINALE,17.08.2025,Engers,Francoforte,Casa,Engers,4-3-3,Panchina,2,44,Akahiskali E.,,,,,lAbILZXR
DFB-Pokal,1/32 FINALE,17.08.2025,Engers,Francoforte,Casa,Engers,4-3-3,Panchina,3,5,Bermel P.,,,,,lAbILZXR
DFB-Pokal,1/32 FINALE,17.08.2025,Engers,Francoforte,Casa,Engers,4-3-3,Panchina,4,34,Hoti A.,,6.3,78',,lAbILZXR
DFB-Pokal,1/32 FINALE,17.08.2025,Engers,Francoforte,Casa,Engers,4-3-3,Panchina,5,1,Husic S.,Portiere,,,,lAbILZXR
DFB-Pokal,1/32 FINALE,17.08.2025,Engers,Francoforte,Casa,Engers,4-3-3,Panchina,6,9,Kesikci H.,,6.2,62',,lAbILZXR
DFB-Pokal,1/32 FINALE,17.08.2025,Engers,Francoforte,Casa,Engers,4-3-3,Panchina,7,20,Splettstoesser M.,,6.3,78',,lAbILZXR
DFB-Pokal,1/32 FINALE,17.08.2025,Engers,Francoforte,Casa,Engers,4-3-3,Panchina,8,4,Szymczak L.,,,,,lAbILZXR
DFB-Pokal,1/32 FINALE,17.08.2025,Engers,Francoforte,Casa,Engers,4-3-3,Panchina,9,77,Willma J.,,6.4,78',,lAbILZXR
DFB-Pokal,1/32 FINALE,17.08.2025,Engers,Francoforte,Ospite,Francoforte,4-2-3-1,Titolare,1,33,Grahl J.,Portiere,6.8,,,lAbILZXR
DFB-Pokal,1/32 FINALE,17.08.2025,Engers,Francoforte,Ospite,Francoforte,4-2-3-1,Titolare,2,13,Kristensen R.,,8.2,,,lAbILZXR
DFB-Pokal,1/32 FINALE,17.08.2025,Engers,Francoforte,Ospite,Francoforte,4-2-3-1,Titolare,3,4,Koch R.,Capitano,8.8,,,lAbILZXR
DFB-Pokal,1/32 FINALE,17.08.2025,Engers,Francoforte,Ospite,Francoforte,4-2-3-1,Titolare,4,34,Collins N.,,7.6,,,lAbILZXR
DFB-Pokal,1/32 FINALE,17.08.2025,Engers,Francoforte,Ospite,Francoforte,4-2-3-1,Titolare,5,29,Nkounkou N.,,9.3,,,lAbILZXR
DFB-Pokal,1/32 FINALE,17.08.2025,Engers,Francoforte,Ospite,Francoforte,4-2-3-1,Titolare,6,16,Larsson H.,,8.3,,71',lAbILZXR
DFB-Pokal,1/32 FINALE,17.08.2025,Engers,Francoforte,Ospite,Francoforte,4-2-3-1,Titolare,7,8,Chaibi F.,,8.4,,,lAbILZXR
DFB-Pokal,1/32 FINALE,17.08.2025,Engers,Francoforte,Ospite,Francoforte,4-2-3-1,Titolare,8,20,Doan R.,,9.4,,80',lAbILZXR
DFB-Pokal,1/32 FINALE,17.08.2025,Engers,Francoforte,Ospite,Francoforte,4-2-3-1,Titolare,9,42,Uzun C.,,8.2,,62',lAbILZXR
DFB-Pokal,1/32 FINALE,17.08.2025,Engers,Francoforte,Ospite,Francoforte,4-2-3-1,Titolare,10,19,Bahoya J.,,8.5,,62',lAbILZXR
DFB-Pokal,1/32 FINALE,17.08.2025,Engers,Francoforte,Ospite,Francoforte,4-2-3-1,Titolare,11,9,Burkardt J.,,6.7,,80',lAbILZXR
DFB-Pokal,1/32 FINALE,17.08.2025,Engers,Francoforte,Ospite,Francoforte,4-2-3-1,Panchina,1,31,Aaronson P.,,,80',,lAbILZXR
DFB-Pokal,1/32 FINALE,17.08.2025,Engers,Francoforte,Ospite,Francoforte,4-2-3-1,Panchina,2,5,Amenda A.,,,,,lAbILZXR
DFB-Pokal,1/32 FINALE,17.08.2025,Engers,Francoforte,Ospite,Francoforte,4-2-3-1,Panchina,3,30,Batshuayi M.,,,80',,lAbILZXR
DFB-Pokal,1/32 FINALE,17.08.2025,Engers,Francoforte,Ospite,Francoforte,4-2-3-1,Panchina,4,2,Baum E.,,,,,lAbILZXR
DFB-Pokal,1/32 FINALE,17.08.2025,Engers,Francoforte,Ospite,Francoforte,4-2-3-1,Panchina,5,24,Buta,,,,,lAbILZXR
DFB-Pokal,1/32 FINALE,17.08.2025,Engers,Francoforte,Ospite,Francoforte,4-2-3-1,Panchina,6,6,Hojlund O.,,6.3,71',,lAbILZXR
DFB-Pokal,1/32 FINALE,17.08.2025,Engers,Francoforte,Ospite,Francoforte,4-2-3-1,Panchina,7,7,Knauff A.,,6.6,62',,lAbILZXR
DFB-Pokal,1/32 FINALE,17.08.2025,Engers,Francoforte,Ospite,Francoforte,4-2-3-1,Panchina,8,39,Siljevic A.,Portiere,,,,lAbILZXR
DFB-Pokal,1/32 FINALE,17.08.2025,Engers,Francoforte,Ospite,Francoforte,4-2-3-1,Panchina,9,17,Wahi E.,,8.3,62',,lAbILZXR
DFB-Pokal,1/32 FINALE,17.08.2025,Viktoria Koln,Paderborn,Casa,Viktoria Koln,3-4-2-1,Titolare,1,1,Dudu,Portiere,6.7,,,WAuD1gPb
DFB-Pokal,1/32 FINALE,17.08.2025,Viktoria Koln,Paderborn,Casa,Viktoria Koln,3-4-2-1,Titolare,2,2,Dietz L.,,6.5,,,WAuD1gPb
DFB-Pokal,1/32 FINALE,17.08.2025,Viktoria Koln,Paderborn,Casa,Viktoria Koln,3-4-2-1,Titolare,3,15,Greger C.,Capitano,6.9,,,WAuD1gPb
DFB-Pokal,1/32 FINALE,17.08.2025,Viktoria Koln,Paderborn,Casa,Viktoria Koln,3-4-2-1,Titolare,4,33,Sticker J.,,7.1,,,WAuD1gPb
DFB-Pokal,1/32 FINALE,17.08.2025,Viktoria Koln,Paderborn,Casa,Viktoria Koln,3-4-2-1,Titolare,5,21,Wolf L. M.,,6.1,,46',WAuD1gPb
DFB-Pokal,1/32 FINALE,17.08.2025,Viktoria Koln,Paderborn,Casa,Viktoria Koln,3-4-2-1,Titolare,6,6,Eisenhuth T.,,6.7,,87',WAuD1gPb
DFB-Pokal,1/32 FINALE,17.08.2025,Viktoria Koln,Paderborn,Casa,Viktoria Koln,3-4-2-1,Titolare,7,8,Engelhardt F.,,5.4,,46',WAuD1gPb
DFB-Pokal,1/32 FINALE,17.08.2025,Viktoria Koln,Paderborn,Casa,Viktoria Koln,3-4-2-1,Titolare,8,7,Handle S.,,6.7,,78',WAuD1gPb
DFB-Pokal,1/32 FINALE,17.08.2025,Viktoria Koln,Paderborn,Casa,Viktoria Koln,3-4-2-1,Titolare,9,10,Otto D.,,6.9,,,WAuD1gPb
DFB-Pokal,1/32 FINALE,17.08.2025,Viktoria Koln,Paderborn,Casa,Viktoria Koln,3-4-2-1,Titolare,10,11,Velasco R.,,6.2,,46',WAuD1gPb
DFB-Pokal,1/32 FINALE,17.08.2025,Viktoria Koln,Paderborn,Casa,Viktoria Koln,3-4-2-1,Titolare,11,9,Lobinger L.,,7.1,,,WAuD1gPb
DFB-Pokal,1/32 FINALE,17.08.2025,Viktoria Koln,Paderborn,Casa,Viktoria Koln,3-4-2-1,Panchina,1,22,Boboy V.,,,,,WAuD1gPb
DFB-Pokal,1/32 FINALE,17.08.2025,Viktoria Koln,Paderborn,Casa,Viktoria Koln,3-4-2-1,Panchina,2,18,Kloss T.,,6.3,46',,WAuD1gPb
DFB-Pokal,1/32 FINALE,17.08.2025,Viktoria Koln,Paderborn,Casa,Viktoria Koln,3-4-2-1,Panchina,3,5,Munst L.,,6.9,46',,WAuD1gPb
DFB-Pokal,1/32 FINALE,17.08.2025,Viktoria Koln,Paderborn,Casa,Viktoria Koln,3-4-2-1,Panchina,4,17,Pledl M.,,,,,WAuD1gPb
DFB-Pokal,1/32 FINALE,17.08.2025,Viktoria Koln,Paderborn,Casa,Viktoria Koln,3-4-2-1,Panchina,5,29,Popp L.,,6.4,78',,WAuD1gPb
DFB-Pokal,1/32 FINALE,17.08.2025,Viktoria Koln,Paderborn,Casa,Viktoria Koln,3-4-2-1,Panchina,6,27,Schulz A.,Portiere,,,,WAuD1gPb
DFB-Pokal,1/32 FINALE,17.08.2025,Viktoria Koln,Paderborn,Casa,Viktoria Koln,3-4-2-1,Panchina,7,19,Sponsel M.,,,,,WAuD1gPb
DFB-Pokal,1/32 FINALE,17.08.2025,Viktoria Koln,Paderborn,Casa,Viktoria Koln,3-4-2-1,Panchina,8,30,Tonye Y.,,6.7,46',,WAuD1gPb
DFB-Pokal,1/32 FINALE,17.08.2025,Viktoria Koln,Paderborn,Casa,Viktoria Koln,3-4-2-1,Panchina,9,23,Zank B.,,,87',,WAuD1gPb
DFB-Pokal,1/32 FINALE,17.08.2025,Viktoria Koln,Paderborn,Ospite,Paderborn,3-4-2-1,Titolare,1,1,Schubert M.,Portiere,6.9,,,WAuD1gPb
DFB-Pokal,1/32 FINALE,17.08.2025,Viktoria Koln,Paderborn,Ospite,Paderborn,3-4-2-1,Titolare,2,33,Hoffmeier M.,,7.5,,,WAuD1gPb
DFB-Pokal,1/32 FINALE,17.08.2025,Viktoria Koln,Paderborn,Ospite,Paderborn,3-4-2-1,Titolare,3,20,Gotze F.,Capitano,7.4,,,WAuD1gPb
DFB-Pokal,1/32 FINALE,17.08.2025,Viktoria Koln,Paderborn,Ospite,Paderborn,3-4-2-1,Titolare,4,4,Brackelmann C.,,6.4,,61',WAuD1gPb
DFB-Pokal,1/32 FINALE,17.08.2025,Viktoria Koln,Paderborn,Ospite,Paderborn,3-4-2-1,Titolare,5,17,Curda L.,,7.5,,,WAuD1gPb
DFB-Pokal,1/32 FINALE,17.08.2025,Viktoria Koln,Paderborn,Ospite,Paderborn,3-4-2-1,Titolare,6,6,Engelns L.,,6.9,,85',WAuD1gPb
DFB-Pokal,1/32 FINALE,17.08.2025,Viktoria Koln,Paderborn,Ospite,Paderborn,3-4-2-1,Titolare,7,26,Klaas S.,,6.7,,61',WAuD1gPb
DFB-Pokal,1/32 FINALE,17.08.2025,Viktoria Koln,Paderborn,Ospite,Paderborn,3-4-2-1,Titolare,8,23,Obermair R.,,7.5,,,WAuD1gPb
DFB-Pokal,1/32 FINALE,17.08.2025,Viktoria Koln,Paderborn,Ospite,Paderborn,3-4-2-1,Titolare,9,7,Bilbija F.,,6.0,,,WAuD1gPb
DFB-Pokal,1/32 FINALE,17.08.2025,Viktoria Koln,Paderborn,Ospite,Paderborn,3-4-2-1,Titolare,10,9,Batzner N.,,5.8,,61',WAuD1gPb
DFB-Pokal,1/32 FINALE,17.08.2025,Viktoria Koln,Paderborn,Ospite,Paderborn,3-4-2-1,Titolare,11,39,Grimaldi A.,,8.6,,61',WAuD1gPb
DFB-Pokal,1/32 FINALE,17.08.2025,Viktoria Koln,Paderborn,Ospite,Paderborn,3-4-2-1,Panchina,1,14,Baur M.,,6.5,61',,WAuD1gPb
DFB-Pokal,1/32 FINALE,17.08.2025,Viktoria Koln,Paderborn,Ospite,Paderborn,3-4-2-1,Panchina,2,5,Castaneda S.,,,85',,WAuD1gPb
DFB-Pokal,1/32 FINALE,17.08.2025,Viktoria Koln,Paderborn,Ospite,Paderborn,3-4-2-1,Panchina,3,28,Copado L.,,,,,WAuD1gPb
DFB-Pokal,1/32 FINALE,17.08.2025,Viktoria Koln,Paderborn,Ospite,Paderborn,3-4-2-1,Panchina,4,22,Hansen M.,,6.9,61',,WAuD1gPb
DFB-Pokal,1/32 FINALE,17.08.2025,Viktoria Koln,Paderborn,Ospite,Paderborn,3-4-2-1,Panchina,5,42,Krumme K.,,,,,WAuD1gPb
DFB-Pokal,1/32 FINALE,17.08.2025,Viktoria Koln,Paderborn,Ospite,Paderborn,3-4-2-1,Panchina,6,30,Marino S.,,6.8,61',,WAuD1gPb
DFB-Pokal,1/32 FINALE,17.08.2025,Viktoria Koln,Paderborn,Ospite,Paderborn,3-4-2-1,Panchina,7,25,Scheller T.,,6.1,61',,WAuD1gPb
DFB-Pokal,1/32 FINALE,17.08.2025,Viktoria Koln,Paderborn,Ospite,Paderborn,3-4-2-1,Panchina,8,41,Seimen D.,Portiere,,,,WAuD1gPb
DFB-Pokal,1/32 FINALE,17.08.2025,Viktoria Koln,Paderborn,Ospite,Paderborn,3-4-2-1,Panchina,9,18,Worner M.,,,,,WAuD1gPb
DFB-Pokal,1/32 FINALE,16.08.2025,Cottbus,Hannover,Casa,Cottbus,4-3-3,Titolare,1,1,Sebald A.,Portiere,8.8,,,zqn43Ffn
DFB-Pokal,1/32 FINALE,16.08.2025,Cottbus,Hannover,Casa,Cottbus,4-3-3,Titolare,2,3,Rorig H.,,7.9,,,zqn43Ffn
DFB-Pokal,1/32 FINALE,16.08.2025,Cottbus,Hannover,Casa,Cottbus,4-3-3,Titolare,3,4,Campulka T.,,6.6,,,zqn43Ffn
DFB-Pokal,1/32 FINALE,16.08.2025,Cottbus,Hannover,Casa,Cottbus,4-3-3,Titolare,4,23,Awortwie-Grant N.,,8.3,,,zqn43Ffn
DFB-Pokal,1/32 FINALE,16.08.2025,Cottbus,Hannover,Casa,Cottbus,4-3-3,Titolare,5,21,Guwara L.,,6.8,,,zqn43Ffn
DFB-Pokal,1/32 FINALE,16.08.2025,Cottbus,Hannover,Casa,Cottbus,4-3-3,Titolare,6,6,Hofmann J.,,6.5,,67',zqn43Ffn
DFB-Pokal,1/32 FINALE,16.08.2025,Cottbus,Hannover,Casa,Cottbus,4-3-3,Titolare,7,5,Pelivan D.,,5.7,,,zqn43Ffn
DFB-Pokal,1/32 FINALE,16.08.2025,Cottbus,Hannover,Casa,Cottbus,4-3-3,Titolare,8,20,Borgmann A.,Capitano,7.4,,,zqn43Ffn
DFB-Pokal,1/32 FINALE,16.08.2025,Cottbus,Hannover,Casa,Cottbus,4-3-3,Titolare,9,10,Cigerci T.,,7.0,,,zqn43Ffn
DFB-Pokal,1/32 FINALE,16.08.2025,Cottbus,Hannover,Casa,Cottbus,4-3-3,Titolare,10,18,Engelhardt E.,,7.0,,77',zqn43Ffn
DFB-Pokal,1/32 FINALE,16.08.2025,Cottbus,Hannover,Casa,Cottbus,4-3-3,Titolare,11,31,Butler J.,,6.2,,67',zqn43Ffn
DFB-Pokal,1/32 FINALE,16.08.2025,Cottbus,Hannover,Casa,Cottbus,4-3-3,Panchina,1,30,Bohnke M.,Portiere,,,,zqn43Ffn
DFB-Pokal,1/32 FINALE,16.08.2025,Cottbus,Hannover,Casa,Cottbus,4-3-3,Panchina,2,19,Boziaris J.,,6.3,67',,zqn43Ffn
DFB-Pokal,1/32 FINALE,16.08.2025,Cottbus,Hannover,Casa,Cottbus,4-3-3,Panchina,3,15,Duah D.,,,,,zqn43Ffn
DFB-Pokal,1/32 FINALE,16.08.2025,Cottbus,Hannover,Casa,Cottbus,4-3-3,Panchina,4,11,Hannemann M.,,,,,zqn43Ffn
DFB-Pokal,1/32 FINALE,16.08.2025,Cottbus,Hannover,Casa,Cottbus,4-3-3,Panchina,5,36,Juckel J.,,,,,zqn43Ffn
DFB-Pokal,1/32 FINALE,16.08.2025,Cottbus,Hannover,Casa,Cottbus,4-3-3,Panchina,6,17,Moustfa C. Y.,,6.5,77',,zqn43Ffn
DFB-Pokal,1/32 FINALE,16.08.2025,Cottbus,Hannover,Casa,Cottbus,4-3-3,Panchina,7,22,Ogbidi T.,,,,,zqn43Ffn
DFB-Pokal,1/32 FINALE,16.08.2025,Cottbus,Hannover,Casa,Cottbus,4-3-3,Panchina,8,25,Tattermusch T.,,6.6,67',,zqn43Ffn
DFB-Pokal,1/32 FINALE,16.08.2025,Cottbus,Hannover,Casa,Cottbus,4-3-3,Panchina,9,7,Thiele T.,,,,,zqn43Ffn
DFB-Pokal,1/32 FINALE,16.08.2025,Cottbus,Hannover,Ospite,Hannover,3-4-3,Titolare,1,1,Noll N.,Portiere,6.3,,,zqn43Ffn
DFB-Pokal,1/32 FINALE,16.08.2025,Cottbus,Hannover,Ospite,Hannover,3-4-3,Titolare,2,20,Okon I.,,6.6,,,zqn43Ffn
DFB-Pokal,1/32 FINALE,16.08.2025,Cottbus,Hannover,Ospite,Hannover,3-4-3,Titolare,3,3,Tomiak B.,,6.6,,,zqn43Ffn
DFB-Pokal,1/32 FINALE,16.08.2025,Cottbus,Hannover,Ospite,Hannover,3-4-3,Titolare,4,5,Ghita V.,,7.3,,,zqn43Ffn
DFB-Pokal,1/32 FINALE,16.08.2025,Cottbus,Hannover,Ospite,Hannover,3-4-3,Titolare,5,27,Matsuda H.,,5.4,,,zqn43Ffn
DFB-Pokal,1/32 FINALE,16.08.2025,Cottbus,Hannover,Ospite,Hannover,3-4-3,Titolare,6,15,Aseko-Nkili N.,,6.1,,,zqn43Ffn
DFB-Pokal,1/32 FINALE,16.08.2025,Cottbus,Hannover,Ospite,Hannover,3-4-3,Titolare,7,8,Leopold E.,Capitano,7.2,,,zqn43Ffn
DFB-Pokal,1/32 FINALE,16.08.2025,Cottbus,Hannover,Ospite,Hannover,3-4-3,Titolare,8,33,Neubauer M.,,6.4,,46',zqn43Ffn
DFB-Pokal,1/32 FINALE,16.08.2025,Cottbus,Hannover,Ospite,Hannover,3-4-3,Titolare,9,14,Chakroun H.,,6.4,,,zqn43Ffn
DFB-Pokal,1/32 FINALE,16.08.2025,Cottbus,Hannover,Ospite,Hannover,3-4-3,Titolare,10,11,Pichler B.,,6.4,,71',zqn43Ffn
DFB-Pokal,1/32 FINALE,16.08.2025,Cottbus,Hannover,Ospite,Hannover,3-4-3,Titolare,11,10,Rochelt J.,,6.3,,46',zqn43Ffn
DFB-Pokal,1/32 FINALE,16.08.2025,Cottbus,Hannover,Ospite,Hannover,3-4-3,Panchina,1,17,Allgeier B.,,,,,zqn43Ffn
DFB-Pokal,1/32 FINALE,16.08.2025,Cottbus,Hannover,Ospite,Hannover,3-4-3,Panchina,2,4,Blank H.,,,,,zqn43Ffn
DFB-Pokal,1/32 FINALE,16.08.2025,Cottbus,Hannover,Ospite,Hannover,3-4-3,Panchina,3,9,Kallman B.,,6.5,71',,zqn43Ffn
DFB-Pokal,1/32 FINALE,16.08.2025,Cottbus,Hannover,Ospite,Hannover,3-4-3,Panchina,4,16,Nielsen H.,,,,,zqn43Ffn
DFB-Pokal,1/32 FINALE,16.08.2025,Cottbus,Hannover,Ospite,Hannover,3-4-3,Panchina,5,29,Oudenne K.,,6.6,46',,zqn43Ffn
DFB-Pokal,1/32 FINALE,16.08.2025,Cottbus,Hannover,Ospite,Hannover,3-4-3,Panchina,6,13,Roggow F.,,,,,zqn43Ffn
DFB-Pokal,1/32 FINALE,16.08.2025,Cottbus,Hannover,Ospite,Hannover,3-4-3,Panchina,7,30,Weinkauf L.,Portiere,,,,zqn43Ffn
DFB-Pokal,1/32 FINALE,16.08.2025,Cottbus,Hannover,Ospite,Hannover,3-4-3,Panchina,8,21,Worl M.,,,,,zqn43Ffn
DFB-Pokal,1/32 FINALE,16.08.2025,Cottbus,Hannover,Ospite,Hannover,3-4-3,Panchina,9,18,Yokota D.,,6.5,46',,zqn43Ffn
DFB-Pokal,1/32 FINALE,16.08.2025,Lotte,Friburgo,Casa,Lotte,3-4-2-1,Titolare,1,1,Meyer R.,Portiere,6.0,,,t0u7SsoC
DFB-Pokal,1/32 FINALE,16.08.2025,Lotte,Friburgo,Casa,Lotte,3-4-2-1,Titolare,2,22,Milic D.,,6.2,,,t0u7SsoC
DFB-Pokal,1/32 FINALE,16.08.2025,Lotte,Friburgo,Casa,Lotte,3-4-2-1,Titolare,3,5,Uzelac F.,,6.1,,,t0u7SsoC
DFB-Pokal,1/32 FINALE,16.08.2025,Lotte,Friburgo,Casa,Lotte,3-4-2-1,Titolare,4,4,Ruth F.,,6.3,,,t0u7SsoC
DFB-Pokal,1/32 FINALE,16.08.2025,Lotte,Friburgo,Casa,Lotte,3-4-2-1,Titolare,5,2,Kehl J.,,6.4,,,t0u7SsoC
DFB-Pokal,1/32 FINALE,16.08.2025,Lotte,Friburgo,Casa,Lotte,3-4-2-1,Titolare,6,17,Krasniqi K.,Capitano,5.6,,72',t0u7SsoC
DFB-Pokal,1/32 FINALE,16.08.2025,Lotte,Friburgo,Casa,Lotte,3-4-2-1,Titolare,7,6,Klefisch B.,,5.6,,78',t0u7SsoC
DFB-Pokal,1/32 FINALE,16.08.2025,Lotte,Friburgo,Casa,Lotte,3-4-2-1,Titolare,8,24,Kerkemeyer L.,,6.4,,,t0u7SsoC
DFB-Pokal,1/32 FINALE,16.08.2025,Lotte,Friburgo,Casa,Lotte,3-4-2-1,Titolare,9,9,Addai S.,,6.0,,46',t0u7SsoC
DFB-Pokal,1/32 FINALE,16.08.2025,Lotte,Friburgo,Casa,Lotte,3-4-2-1,Titolare,10,33,Horn L.,,6.3,,64',t0u7SsoC
DFB-Pokal,1/32 FINALE,16.08.2025,Lotte,Friburgo,Casa,Lotte,3-4-2-1,Titolare,11,28,Demaj L.,,5.4,,78',t0u7SsoC
DFB-Pokal,1/32 FINALE,16.08.2025,Lotte,Friburgo,Casa,Lotte,3-4-2-1,Panchina,1,8,Bajric D.,,,,,t0u7SsoC
DFB-Pokal,1/32 FINALE,16.08.2025,Lotte,Friburgo,Casa,Lotte,3-4-2-1,Panchina,2,12,Beckemeyer L.,Portiere,,,,t0u7SsoC
DFB-Pokal,1/32 FINALE,16.08.2025,Lotte,Friburgo,Casa,Lotte,3-4-2-1,Panchina,3,10,Ciccarelli N.,,6.4,78',,t0u7SsoC
DFB-Pokal,1/32 FINALE,16.08.2025,Lotte,Friburgo,Casa,Lotte,3-4-2-1,Panchina,4,20,Heider M.,,6.3,72',,t0u7SsoC
DFB-Pokal,1/32 FINALE,16.08.2025,Lotte,Friburgo,Casa,Lotte,3-4-2-1,Panchina,5,31,Holzweiler K.,,6.1,64',,t0u7SsoC
DFB-Pokal,1/32 FINALE,16.08.2025,Lotte,Friburgo,Casa,Lotte,3-4-2-1,Panchina,6,39,Riemer J.,,,,,t0u7SsoC
DFB-Pokal,1/32 FINALE,16.08.2025,Lotte,Friburgo,Casa,Lotte,3-4-2-1,Panchina,7,3,Santos,,6.4,78',,t0u7SsoC
DFB-Pokal,1/32 FINALE,16.08.2025,Lotte,Friburgo,Casa,Lotte,3-4-2-1,Panchina,8,23,Stublla S.,,5.9,46',,t0u7SsoC
DFB-Pokal,1/32 FINALE,16.08.2025,Lotte,Friburgo,Casa,Lotte,3-4-2-1,Panchina,9,7,Wiegel A.,,,,,t0u7SsoC
DFB-Pokal,1/32 FINALE,16.08.2025,Lotte,Friburgo,Ospite,Friburgo,4-3-3,Titolare,1,1,Atubolu N.,Portiere,6.8,,,t0u7SsoC
DFB-Pokal,1/32 FINALE,16.08.2025,Lotte,Friburgo,Ospite,Friburgo,4-3-3,Titolare,2,17,Kubler L.,,7.7,,,t0u7SsoC
DFB-Pokal,1/32 FINALE,16.08.2025,Lotte,Friburgo,Ospite,Friburgo,4-3-3,Titolare,3,28,Ginter M.,,8.2,,,t0u7SsoC
DFB-Pokal,1/32 FINALE,16.08.2025,Lotte,Friburgo,Ospite,Friburgo,4-3-3,Titolare,4,3,Lienhart P.,,8.5,,,t0u7SsoC
DFB-Pokal,1/32 FINALE,16.08.2025,Lotte,Friburgo,Ospite,Friburgo,4-3-3,Titolare,5,30,Gunter C.,Capitano,7.5,,78',t0u7SsoC
DFB-Pokal,1/32 FINALE,16.08.2025,Lotte,Friburgo,Ospite,Friburgo,4-3-3,Titolare,6,6,Osterhage P.,,6.7,,62',t0u7SsoC
DFB-Pokal,1/32 FINALE,16.08.2025,Lotte,Friburgo,Ospite,Friburgo,4-3-3,Titolare,7,8,Eggestein M.,,8.0,,,t0u7SsoC
DFB-Pokal,1/32 FINALE,16.08.2025,Lotte,Friburgo,Ospite,Friburgo,4-3-3,Titolare,8,32,Grifo V.,,7.1,,62',t0u7SsoC
DFB-Pokal,1/32 FINALE,16.08.2025,Lotte,Friburgo,Ospite,Friburgo,4-3-3,Titolare,9,9,Holer L.,,7.5,,,t0u7SsoC
DFB-Pokal,1/32 FINALE,16.08.2025,Lotte,Friburgo,Ospite,Friburgo,4-3-3,Titolare,10,44,Manzambi J.,,8.6,,85',t0u7SsoC
DFB-Pokal,1/32 FINALE,16.08.2025,Lotte,Friburgo,Ospite,Friburgo,4-3-3,Titolare,11,18,Dinkci E.,,8.1,,78',t0u7SsoC
DFB-Pokal,1/32 FINALE,16.08.2025,Lotte,Friburgo,Ospite,Friburgo,4-3-3,Panchina,1,20,Adamu J.,,,,,t0u7SsoC
DFB-Pokal,1/32 FINALE,16.08.2025,Lotte,Friburgo,Ospite,Friburgo,4-3-3,Panchina,2,19,Beste J.,,6.4,78',,t0u7SsoC
DFB-Pokal,1/32 FINALE,16.08.2025,Lotte,Friburgo,Ospite,Friburgo,4-3-3,Panchina,3,22,Irie C.,,,,,t0u7SsoC
DFB-Pokal,1/32 FINALE,16.08.2025,Lotte,Friburgo,Ospite,Friburgo,4-3-3,Panchina,4,5,Jung A.,,,,,t0u7SsoC
DFB-Pokal,1/32 FINALE,16.08.2025,Lotte,Friburgo,Ospite,Friburgo,4-3-3,Panchina,5,33,Makengo J.,,6.3,78',,t0u7SsoC
DFB-Pokal,1/32 FINALE,16.08.2025,Lotte,Friburgo,Ospite,Friburgo,4-3-3,Panchina,6,21,Muller F.,Portiere,,,,t0u7SsoC
DFB-Pokal,1/32 FINALE,16.08.2025,Lotte,Friburgo,Ospite,Friburgo,4-3-3,Panchina,7,34,Rohl M.,,,85',,t0u7SsoC
DFB-Pokal,1/32 FINALE,16.08.2025,Lotte,Friburgo,Ospite,Friburgo,4-3-3,Panchina,8,7,Scherhant D.,,6.4,62',,t0u7SsoC
DFB-Pokal,1/32 FINALE,16.08.2025,Lotte,Friburgo,Ospite,Friburgo,4-3-3,Panchina,9,14,Suzuki Y.,,6.6,62',,t0u7SsoC
DFB-Pokal,1/32 FINALE,16.08.2025,VfB Lubeck,Darmstadt,Casa,VfB Lubeck,4-3-3,Titolare,1,21,Diestel P.,Portiere,7.3,,,SGcGJn2s
DFB-Pokal,1/32 FINALE,16.08.2025,VfB Lubeck,Darmstadt,Casa,VfB Lubeck,4-3-3,Titolare,2,37,Amadi J.,,5.4,,78',SGcGJn2s
DFB-Pokal,1/32 FINALE,16.08.2025,VfB Lubeck,Darmstadt,Casa,VfB Lubeck,4-3-3,Titolare,3,5,Menke L.,,6.1,,,SGcGJn2s
DFB-Pokal,1/32 FINALE,16.08.2025,VfB Lubeck,Darmstadt,Casa,VfB Lubeck,4-3-3,Titolare,4,45,Becken P.,,7.9,,,SGcGJn2s
DFB-Pokal,1/32 FINALE,16.08.2025,VfB Lubeck,Darmstadt,Casa,VfB Lubeck,4-3-3,Titolare,5,13,Thiel M.,Capitano,6.4,,,SGcGJn2s
DFB-Pokal,1/32 FINALE,16.08.2025,VfB Lubeck,Darmstadt,Casa,VfB Lubeck,4-3-3,Titolare,6,6,Pfundheller B.,,6.7,,,SGcGJn2s
DFB-Pokal,1/32 FINALE,16.08.2025,VfB Lubeck,Darmstadt,Casa,VfB Lubeck,4-3-3,Titolare,7,39,Albrecht J.,,5.5,,,SGcGJn2s
DFB-Pokal,1/32 FINALE,16.08.2025,VfB Lubeck,Darmstadt,Casa,VfB Lubeck,4-3-3,Titolare,8,8,Polat M.,,6.6,,86',SGcGJn2s
DFB-Pokal,1/32 FINALE,16.08.2025,VfB Lubeck,Darmstadt,Casa,VfB Lubeck,4-3-3,Titolare,9,22,Ulrich C.,,6.8,,,SGcGJn2s
DFB-Pokal,1/32 FINALE,16.08.2025,VfB Lubeck,Darmstadt,Casa,VfB Lubeck,4-3-3,Titolare,10,9,Verinac A.,,5.3,,,SGcGJn2s
DFB-Pokal,1/32 FINALE,16.08.2025,VfB Lubeck,Darmstadt,Casa,VfB Lubeck,4-3-3,Titolare,11,19,Istefo F.,,5.5,,66',SGcGJn2s
DFB-Pokal,1/32 FINALE,16.08.2025,VfB Lubeck,Darmstadt,Casa,VfB Lubeck,4-3-3,Panchina,1,1,Bohmker F.,Portiere,,,,SGcGJn2s
DFB-Pokal,1/32 FINALE,16.08.2025,VfB Lubeck,Darmstadt,Casa,VfB Lubeck,4-3-3,Panchina,2,28,Demir R.,,,,,SGcGJn2s
DFB-Pokal,1/32 FINALE,16.08.2025,VfB Lubeck,Darmstadt,Casa,VfB Lubeck,4-3-3,Panchina,3,41,Jeschonek H.,,,,,SGcGJn2s
DFB-Pokal,1/32 FINALE,16.08.2025,VfB Lubeck,Darmstadt,Casa,VfB Lubeck,4-3-3,Panchina,4,23,Karimani D.,,7.0,78',,SGcGJn2s
DFB-Pokal,1/32 FINALE,16.08.2025,VfB Lubeck,Darmstadt,Casa,VfB Lubeck,4-3-3,Panchina,5,44,Lehnfeld M.,,6.0,66',,SGcGJn2s
DFB-Pokal,1/32 FINALE,16.08.2025,VfB Lubeck,Darmstadt,Casa,VfB Lubeck,4-3-3,Panchina,6,4,Melenivskyi Y.,,,,,SGcGJn2s
DFB-Pokal,1/32 FINALE,16.08.2025,VfB Lubeck,Darmstadt,Casa,VfB Lubeck,4-3-3,Panchina,7,18,Philipp N.,,,,,SGcGJn2s
DFB-Pokal,1/32 FINALE,16.08.2025,VfB Lubeck,Darmstadt,Casa,VfB Lubeck,4-3-3,Panchina,8,46,Sachau T.,,,,,SGcGJn2s
DFB-Pokal,1/32 FINALE,16.08.2025,VfB Lubeck,Darmstadt,Casa,VfB Lubeck,4-3-3,Panchina,9,20,Shivani R.,,,86',,SGcGJn2s
DFB-Pokal,1/32 FINALE,16.08.2025,VfB Lubeck,Darmstadt,Ospite,Darmstadt,3-5-2,Titolare,1,1,Schuhen M.,Portiere,6.9,,,SGcGJn2s
DFB-Pokal,1/32 FINALE,16.08.2025,VfB Lubeck,Darmstadt,Ospite,Darmstadt,3-5-2,Titolare,2,6,Pfeiffer P.,,8.6,,,SGcGJn2s
DFB-Pokal,1/32 FINALE,16.08.2025,VfB Lubeck,Darmstadt,Ospite,Darmstadt,3-5-2,Titolare,3,20,Vukotic A.,,7.7,,,SGcGJn2s
DFB-Pokal,1/32 FINALE,16.08.2025,VfB Lubeck,Darmstadt,Ospite,Darmstadt,3-5-2,Titolare,4,5,Maglica M.,,7.3,,71',SGcGJn2s
DFB-Pokal,1/32 FINALE,16.08.2025,VfB Lubeck,Darmstadt,Ospite,Darmstadt,3-5-2,Titolare,5,8,Marseiler L.,,7.0,,86',SGcGJn2s
DFB-Pokal,1/32 FINALE,16.08.2025,VfB Lubeck,Darmstadt,Ospite,Darmstadt,3-5-2,Titolare,6,17,Klefisch K.,,7.9,,,SGcGJn2s
DFB-Pokal,1/32 FINALE,16.08.2025,VfB Lubeck,Darmstadt,Ospite,Darmstadt,3-5-2,Titolare,7,23,Richter M.,,6.7,,71',SGcGJn2s
DFB-Pokal,1/32 FINALE,16.08.2025,VfB Lubeck,Darmstadt,Ospite,Darmstadt,3-5-2,Titolare,8,34,Corredor K.,,6.4,,,SGcGJn2s
DFB-Pokal,1/32 FINALE,16.08.2025,VfB Lubeck,Darmstadt,Ospite,Darmstadt,3-5-2,Titolare,9,15,Nurnberger F.,,7.9,,,SGcGJn2s
DFB-Pokal,1/32 FINALE,16.08.2025,VfB Lubeck,Darmstadt,Ospite,Darmstadt,3-5-2,Titolare,10,9,Hornby F.,,8.8,,90+4',SGcGJn2s
DFB-Pokal,1/32 FINALE,16.08.2025,VfB Lubeck,Darmstadt,Ospite,Darmstadt,3-5-2,Titolare,11,7,Lidberg I.,,6.1,,86',SGcGJn2s
DFB-Pokal,1/32 FINALE,16.08.2025,VfB Lubeck,Darmstadt,Ospite,Darmstadt,3-5-2,Panchina,1,16,Akiyama H.,,,,,SGcGJn2s
DFB-Pokal,1/32 FINALE,16.08.2025,VfB Lubeck,Darmstadt,Ospite,Darmstadt,3-5-2,Panchina,2,27,Bialek B.,,,86',,SGcGJn2s
DFB-Pokal,1/32 FINALE,16.08.2025,VfB Lubeck,Darmstadt,Ospite,Darmstadt,3-5-2,Panchina,3,10,Boetius J-P.,,,90+4',,SGcGJn2s
DFB-Pokal,1/32 FINALE,16.08.2025,VfB Lubeck,Darmstadt,Ospite,Darmstadt,3-5-2,Panchina,4,30,Brunst A.,Portiere,,,,SGcGJn2s
DFB-Pokal,1/32 FINALE,16.08.2025,VfB Lubeck,Darmstadt,Ospite,Darmstadt,3-5-2,Panchina,5,44,Furukawa Y.,,,86',,SGcGJn2s
DFB-Pokal,1/32 FINALE,16.08.2025,VfB Lubeck,Darmstadt,Ospite,Darmstadt,3-5-2,Panchina,6,22,Guler S.,,,,,SGcGJn2s
DFB-Pokal,1/32 FINALE,16.08.2025,VfB Lubeck,Darmstadt,Ospite,Darmstadt,3-5-2,Panchina,7,32,Holland F.,,,,,SGcGJn2s
DFB-Pokal,1/32 FINALE,16.08.2025,VfB Lubeck,Darmstadt,Ospite,Darmstadt,3-5-2,Panchina,8,21,Papela M.,,6.3,71',,SGcGJn2s
DFB-Pokal,1/32 FINALE,16.08.2025,VfB Lubeck,Darmstadt,Ospite,Darmstadt,3-5-2,Panchina,9,38,Riedel C.,,7.3,71',,SGcGJn2s
DFB-Pokal,1/32 FINALE,16.08.2025,Bahlinger,Heidenheim,Casa,Bahlinger,4-2-3-1,Titolare,1,1,Petzold L.,Portiere,4.8,,,COcxPmNM
DFB-Pokal,1/32 FINALE,16.08.2025,Bahlinger,Heidenheim,Casa,Bahlinger,4-2-3-1,Titolare,2,8,Herrmann K.,,6.2,,66',COcxPmNM
DFB-Pokal,1/32 FINALE,16.08.2025,Bahlinger,Heidenheim,Casa,Bahlinger,4-2-3-1,Titolare,3,5,Tost L.,,5.8,,,COcxPmNM
DFB-Pokal,1/32 FINALE,16.08.2025,Bahlinger,Heidenheim,Casa,Bahlinger,4-2-3-1,Titolare,4,24,El Abed K.,,5.9,,,COcxPmNM
DFB-Pokal,1/32 FINALE,16.08.2025,Bahlinger,Heidenheim,Casa,Bahlinger,4-2-3-1,Titolare,5,25,Wuttke R.,,5.3,,,COcxPmNM
DFB-Pokal,1/32 FINALE,16.08.2025,Bahlinger,Heidenheim,Casa,Bahlinger,4-2-3-1,Titolare,6,6,Bux H.,,4.3,,,COcxPmNM
DFB-Pokal,1/32 FINALE,16.08.2025,Bahlinger,Heidenheim,Casa,Bahlinger,4-2-3-1,Titolare,7,7,Scholl F.,,6.2,,66',COcxPmNM
DFB-Pokal,1/32 FINALE,16.08.2025,Bahlinger,Heidenheim,Casa,Bahlinger,4-2-3-1,Titolare,8,14,Wehrle R.,,6.5,,46',COcxPmNM
DFB-Pokal,1/32 FINALE,16.08.2025,Bahlinger,Heidenheim,Casa,Bahlinger,4-2-3-1,Titolare,9,27,Pepic H.,Capitano,6.3,,,COcxPmNM
DFB-Pokal,1/32 FINALE,16.08.2025,Bahlinger,Heidenheim,Casa,Bahlinger,4-2-3-1,Titolare,10,21,Kobele L.,,6.2,,46',COcxPmNM
DFB-Pokal,1/32 FINALE,16.08.2025,Bahlinger,Heidenheim,Casa,Bahlinger,4-2-3-1,Titolare,11,11,Diakite A. I.,,6.3,,66',COcxPmNM
DFB-Pokal,1/32 FINALE,16.08.2025,Bahlinger,Heidenheim,Casa,Bahlinger,4-2-3-1,Panchina,1,20,Bauer M.,,6.0,66',,COcxPmNM
DFB-Pokal,1/32 FINALE,16.08.2025,Bahlinger,Heidenheim,Casa,Bahlinger,4-2-3-1,Panchina,2,29,Benali E.,,,,,COcxPmNM
DFB-Pokal,1/32 FINALE,16.08.2025,Bahlinger,Heidenheim,Casa,Bahlinger,4-2-3-1,Panchina,3,18,Echner A.,,5.6,46',,COcxPmNM
DFB-Pokal,1/32 FINALE,16.08.2025,Bahlinger,Heidenheim,Casa,Bahlinger,4-2-3-1,Panchina,4,22,Monga D.,,6.2,66',,COcxPmNM
DFB-Pokal,1/32 FINALE,16.08.2025,Bahlinger,Heidenheim,Casa,Bahlinger,4-2-3-1,Panchina,5,33,Rienhardt M.,,6.1,46',,COcxPmNM
DFB-Pokal,1/32 FINALE,16.08.2025,Bahlinger,Heidenheim,Casa,Bahlinger,4-2-3-1,Panchina,6,26,Schmidt L.,,,,,COcxPmNM
DFB-Pokal,1/32 FINALE,16.08.2025,Bahlinger,Heidenheim,Casa,Bahlinger,4-2-3-1,Panchina,7,38,Schweizer R.,Portiere,,,,COcxPmNM
DFB-Pokal,1/32 FINALE,16.08.2025,Bahlinger,Heidenheim,Casa,Bahlinger,4-2-3-1,Panchina,8,10,Shaqiri E.,,6.1,66',,COcxPmNM
DFB-Pokal,1/32 FINALE,16.08.2025,Bahlinger,Heidenheim,Casa,Bahlinger,4-2-3-1,Panchina,9,13,Walz V.,,,,,COcxPmNM
DFB-Pokal,1/32 FINALE,16.08.2025,Bahlinger,Heidenheim,Ospite,Heidenheim,3-4-2-1,Titolare,1,41,Ramaj D.,Portiere,7.6,,,COcxPmNM
DFB-Pokal,1/32 FINALE,16.08.2025,Bahlinger,Heidenheim,Ospite,Heidenheim,3-4-2-1,Titolare,2,6,Mainka P.,Capitano,7.5,,,COcxPmNM
DFB-Pokal,1/32 FINALE,16.08.2025,Bahlinger,Heidenheim,Ospite,Heidenheim,3-4-2-1,Titolare,3,5,Gimber B.,,7.1,,,COcxPmNM
DFB-Pokal,1/32 FINALE,16.08.2025,Bahlinger,Heidenheim,Ospite,Heidenheim,3-4-2-1,Titolare,4,4,Siersleben T.,,7.6,,65',COcxPmNM
DFB-Pokal,1/32 FINALE,16.08.2025,Bahlinger,Heidenheim,Ospite,Heidenheim,3-4-2-1,Titolare,5,31,Conteh S.,,7.5,,,COcxPmNM
DFB-Pokal,1/32 FINALE,16.08.2025,Bahlinger,Heidenheim,Ospite,Heidenheim,3-4-2-1,Titolare,6,3,Schoppner J.,,7.0,,,COcxPmNM
DFB-Pokal,1/32 FINALE,16.08.2025,Bahlinger,Heidenheim,Ospite,Heidenheim,3-4-2-1,Titolare,7,30,Dorsch N.,,7.1,,65',COcxPmNM
DFB-Pokal,1/32 FINALE,16.08.2025,Bahlinger,Heidenheim,Ospite,Heidenheim,3-4-2-1,Titolare,8,22,Ibrahimovic A.,,7.1,,75',COcxPmNM
DFB-Pokal,1/32 FINALE,16.08.2025,Bahlinger,Heidenheim,Ospite,Heidenheim,3-4-2-1,Titolare,9,8,Scienza L.,,9.3,,82',COcxPmNM
DFB-Pokal,1/32 FINALE,16.08.2025,Bahlinger,Heidenheim,Ospite,Heidenheim,3-4-2-1,Titolare,10,17,Honsak M.,,7.8,,46',COcxPmNM
DFB-Pokal,1/32 FINALE,16.08.2025,Bahlinger,Heidenheim,Ospite,Heidenheim,3-4-2-1,Titolare,11,11,Zivzivadze B.,,7.0,,,COcxPmNM
DFB-Pokal,1/32 FINALE,16.08.2025,Bahlinger,Heidenheim,Ospite,Heidenheim,3-4-2-1,Panchina,1,2,Busch M.,,6.3,75',,COcxPmNM
DFB-Pokal,1/32 FINALE,16.08.2025,Bahlinger,Heidenheim,Ospite,Heidenheim,3-4-2-1,Panchina,2,19,Fohrenbach J.,,6.7,46',,COcxPmNM
DFB-Pokal,1/32 FINALE,16.08.2025,Bahlinger,Heidenheim,Ospite,Heidenheim,3-4-2-1,Panchina,3,29,Kaufmann M.,,8.0,65',,COcxPmNM
DFB-Pokal,1/32 FINALE,16.08.2025,Bahlinger,Heidenheim,Ospite,Heidenheim,3-4-2-1,Panchina,4,20,Kerber L.,,6.5,65',,COcxPmNM
DFB-Pokal,1/32 FINALE,16.08.2025,Bahlinger,Heidenheim,Ospite,Heidenheim,3-4-2-1,Panchina,5,28,Kolle A.,,,,,COcxPmNM
DFB-Pokal,1/32 FINALE,16.08.2025,Bahlinger,Heidenheim,Ospite,Heidenheim,3-4-2-1,Panchina,6,1,Muller K.,Portiere,,,,COcxPmNM
DFB-Pokal,1/32 FINALE,16.08.2025,Bahlinger,Heidenheim,Ospite,Heidenheim,3-4-2-1,Panchina,7,16,Niehues J.,,,,,COcxPmNM
DFB-Pokal,1/32 FINALE,16.08.2025,Bahlinger,Heidenheim,Ospite,Heidenheim,3-4-2-1,Panchina,8,23,Traore O. H.,,,,,COcxPmNM
DFB-Pokal,1/32 FINALE,16.08.2025,Bahlinger,Heidenheim,Ospite,Heidenheim,3-4-2-1,Panchina,9,38,Wagner Y.,,,82',,COcxPmNM
DFB-Pokal,1/32 FINALE,16.08.2025,Hemelingen,Wolfsburg,Casa,Hemelingen,4-2-3-1,Titolare,1,1,Pfarr M.,Portiere,6.6,,,YHAAAl8T
DFB-Pokal,1/32 FINALE,16.08.2025,Hemelingen,Wolfsburg,Casa,Hemelingen,4-2-3-1,Titolare,2,2,Hannawald D.,,5.6,,,YHAAAl8T
DFB-Pokal,1/32 FINALE,16.08.2025,Hemelingen,Wolfsburg,Casa,Hemelingen,4-2-3-1,Titolare,3,25,Sahan K.,,5.6,,67',YHAAAl8T
DFB-Pokal,1/32 FINALE,16.08.2025,Hemelingen,Wolfsburg,Casa,Hemelingen,4-2-3-1,Titolare,4,4,Berisha F.,,5.5,,,YHAAAl8T
DFB-Pokal,1/32 FINALE,16.08.2025,Hemelingen,Wolfsburg,Casa,Hemelingen,4-2-3-1,Titolare,5,22,Nouwame S.,,5.5,,,YHAAAl8T
DFB-Pokal,1/32 FINALE,16.08.2025,Hemelingen,Wolfsburg,Casa,Hemelingen,4-2-3-1,Titolare,6,23,Erten Y.,,6.5,,75',YHAAAl8T
DFB-Pokal,1/32 FINALE,16.08.2025,Hemelingen,Wolfsburg,Casa,Hemelingen,4-2-3-1,Titolare,7,62,Isik B.,,5.9,,66',YHAAAl8T
DFB-Pokal,1/32 FINALE,16.08.2025,Hemelingen,Wolfsburg,Casa,Hemelingen,4-2-3-1,Titolare,8,21,Fenski N.,,5.7,,66',YHAAAl8T
DFB-Pokal,1/32 FINALE,16.08.2025,Hemelingen,Wolfsburg,Casa,Hemelingen,4-2-3-1,Titolare,9,10,Genaev A.,,5.9,,,YHAAAl8T
DFB-Pokal,1/32 FINALE,16.08.2025,Hemelingen,Wolfsburg,Casa,Hemelingen,4-2-3-1,Titolare,10,7,Cristescu L.,,5.6,,,YHAAAl8T
DFB-Pokal,1/32 FINALE,16.08.2025,Hemelingen,Wolfsburg,Casa,Hemelingen,4-2-3-1,Titolare,11,9,Sido S.,,5.9,,20',YHAAAl8T
DFB-Pokal,1/32 FINALE,16.08.2025,Hemelingen,Wolfsburg,Casa,Hemelingen,4-2-3-1,Panchina,1,11,Amadou R.,,6.3,20',,YHAAAl8T
DFB-Pokal,1/32 FINALE,16.08.2025,Hemelingen,Wolfsburg,Casa,Hemelingen,4-2-3-1,Panchina,2,5,Bauhus F. D.,,,,,YHAAAl8T
DFB-Pokal,1/32 FINALE,16.08.2025,Hemelingen,Wolfsburg,Casa,Hemelingen,4-2-3-1,Panchina,3,80,Corogli E.,,6.3,66',,YHAAAl8T
DFB-Pokal,1/32 FINALE,16.08.2025,Hemelingen,Wolfsburg,Casa,Hemelingen,4-2-3-1,Panchina,4,27,Ebone Ekweh C.,,6.3,66',,YHAAAl8T
DFB-Pokal,1/32 FINALE,16.08.2025,Hemelingen,Wolfsburg,Casa,Hemelingen,4-2-3-1,Panchina,5,12,Kugel Y.,Portiere,,,,YHAAAl8T
DFB-Pokal,1/32 FINALE,16.08.2025,Hemelingen,Wolfsburg,Casa,Hemelingen,4-2-3-1,Panchina,6,29,Mina M.,,,,,YHAAAl8T
DFB-Pokal,1/32 FINALE,16.08.2025,Hemelingen,Wolfsburg,Casa,Hemelingen,4-2-3-1,Panchina,7,17,Prusse H.,,6.3,67',,YHAAAl8T
DFB-Pokal,1/32 FINALE,16.08.2025,Hemelingen,Wolfsburg,Casa,Hemelingen,4-2-3-1,Panchina,8,8,Shimokawa H.,,,,,YHAAAl8T
DFB-Pokal,1/32 FINALE,16.08.2025,Hemelingen,Wolfsburg,Casa,Hemelingen,4-2-3-1,Panchina,9,77,Yohena S.,,6.3,75',,YHAAAl8T
DFB-Pokal,1/32 FINALE,16.08.2025,Hemelingen,Wolfsburg,Ospite,Wolfsburg,4-2-3-1,Titolare,1,1,Grabara K.,Portiere,7.2,,,YHAAAl8T
DFB-Pokal,1/32 FINALE,16.08.2025,Hemelingen,Wolfsburg,Ospite,Wolfsburg,4-2-3-1,Titolare,2,2,Fischer K.,,8.5,,,YHAAAl8T
DFB-Pokal,1/32 FINALE,16.08.2025,Hemelingen,Wolfsburg,Ospite,Wolfsburg,4-2-3-1,Titolare,3,3,Vavro D.,,,,10',YHAAAl8T
DFB-Pokal,1/32 FINALE,16.08.2025,Hemelingen,Wolfsburg,Ospite,Wolfsburg,4-2-3-1,Titolare,4,4,Koulierakis K.,,7.2,,59',YHAAAl8T
DFB-Pokal,1/32 FINALE,16.08.2025,Hemelingen,Wolfsburg,Ospite,Wolfsburg,4-2-3-1,Titolare,5,21,Maehle J.,,9.1,,,YHAAAl8T
DFB-Pokal,1/32 FINALE,16.08.2025,Hemelingen,Wolfsburg,Ospite,Wolfsburg,4-2-3-1,Titolare,6,27,Arnold M.,Capitano,8.4,,,YHAAAl8T
DFB-Pokal,1/32 FINALE,16.08.2025,Hemelingen,Wolfsburg,Ospite,Wolfsburg,4-2-3-1,Titolare,7,5,Vini Souza,,6.8,,70',YHAAAl8T
DFB-Pokal,1/32 FINALE,16.08.2025,Hemelingen,Wolfsburg,Ospite,Wolfsburg,4-2-3-1,Titolare,8,7,Skov Olsen A.,,7.6,,59',YHAAAl8T
DFB-Pokal,1/32 FINALE,16.08.2025,Hemelingen,Wolfsburg,Ospite,Wolfsburg,4-2-3-1,Titolare,9,10,Majer L.,,9.4,,59',YHAAAl8T
DFB-Pokal,1/32 FINALE,16.08.2025,Hemelingen,Wolfsburg,Ospite,Wolfsburg,4-2-3-1,Titolare,10,39,Wimmer P.,,9.2,,,YHAAAl8T
DFB-Pokal,1/32 FINALE,16.08.2025,Hemelingen,Wolfsburg,Ospite,Wolfsburg,4-2-3-1,Titolare,11,17,Pejcinovic D.,,10.0,,,YHAAAl8T
DFB-Pokal,1/32 FINALE,16.08.2025,Hemelingen,Wolfsburg,Ospite,Wolfsburg,4-2-3-1,Panchina,1,18,Cerny V.,,8.0,59',,YHAAAl8T
DFB-Pokal,1/32 FINALE,16.08.2025,Hemelingen,Wolfsburg,Ospite,Wolfsburg,4-2-3-1,Panchina,2,8,Dardai B.,,6.9,70',,YHAAAl8T
DFB-Pokal,1/32 FINALE,16.08.2025,Hemelingen,Wolfsburg,Ospite,Wolfsburg,4-2-3-1,Panchina,3,31,Gerhardt Y.,,6.8,59',,YHAAAl8T
DFB-Pokal,1/32 FINALE,16.08.2025,Hemelingen,Wolfsburg,Ospite,Wolfsburg,4-2-3-1,Panchina,4,15,Jenz M.,,7.9,10',,YHAAAl8T
DFB-Pokal,1/32 FINALE,16.08.2025,Hemelingen,Wolfsburg,Ospite,Wolfsburg,4-2-3-1,Panchina,5,29,Muller M.,Portiere,,,,YHAAAl8T
DFB-Pokal,1/32 FINALE,16.08.2025,Hemelingen,Wolfsburg,Ospite,Wolfsburg,4-2-3-1,Panchina,6,12,Pervan P.,Portiere,,,,YHAAAl8T
DFB-Pokal,1/32 FINALE,16.08.2025,Hemelingen,Wolfsburg,Ospite,Wolfsburg,4-2-3-1,Panchina,7,32,Svanberg M.,,8.9,59',,YHAAAl8T
DFB-Pokal,1/32 FINALE,16.08.2025,Hemelingen,Wolfsburg,Ospite,Wolfsburg,4-2-3-1,Panchina,8,25,Zehnter A.,,,,,YHAAAl8T
DFB-Pokal,1/32 FINALE,16.08.2025,Illertissen,Norimberga,Casa,Illertissen,4-2-3-1,Titolare,1,1,Witte M.,Portiere,8.1,,,GGxahkno
DFB-Pokal,1/32 FINALE,16.08.2025,Illertissen,Norimberga,Casa,Illertissen,4-2-3-1,Titolare,2,11,Golz M.,,6.1,,77',GGxahkno
DFB-Pokal,1/32 FINALE,16.08.2025,Illertissen,Norimberga,Casa,Illertissen,4-2-3-1,Titolare,3,38,Neuberger M.,,6.5,,,GGxahkno
DFB-Pokal,1/32 FINALE,16.08.2025,Illertissen,Norimberga,Casa,Illertissen,4-2-3-1,Titolare,4,2,Zeller M.,Capitano,7.7,,,GGxahkno
DFB-Pokal,1/32 FINALE,16.08.2025,Illertissen,Norimberga,Casa,Illertissen,4-2-3-1,Titolare,5,23,Heckmann E.,,5.9,,,GGxahkno
DFB-Pokal,1/32 FINALE,16.08.2025,Illertissen,Norimberga,Casa,Illertissen,4-2-3-1,Titolare,6,6,Embaye N.,,6.4,,100',GGxahkno
DFB-Pokal,1/32 FINALE,16.08.2025,Illertissen,Norimberga,Casa,Illertissen,4-2-3-1,Titolare,7,25,Hingerl M.,,6.3,,89',GGxahkno
DFB-Pokal,1/32 FINALE,16.08.2025,Illertissen,Norimberga,Casa,Illertissen,4-2-3-1,Titolare,8,8,Cocic M.,,7.1,,,GGxahkno
DFB-Pokal,1/32 FINALE,16.08.2025,Illertissen,Norimberga,Casa,Illertissen,4-2-3-1,Titolare,9,21,Milic D.,,6.6,,66',GGxahkno
DFB-Pokal,1/32 FINALE,16.08.2025,Illertissen,Norimberga,Casa,Illertissen,4-2-3-1,Titolare,10,13,Hausmann D.,,7.8,,77',GGxahkno
DFB-Pokal,1/32 FINALE,16.08.2025,Illertissen,Norimberga,Casa,Illertissen,4-2-3-1,Titolare,11,7,Glessing Y.,,6.2,,,GGxahkno
DFB-Pokal,1/32 FINALE,16.08.2025,Illertissen,Norimberga,Casa,Illertissen,4-2-3-1,Panchina,1,15,Ekinci P.,,6.3,100',,GGxahkno
DFB-Pokal,1/32 FINALE,16.08.2025,Illertissen,Norimberga,Casa,Illertissen,4-2-3-1,Panchina,2,19,Gerstmayer D.,,6.1,89',,GGxahkno
DFB-Pokal,1/32 FINALE,16.08.2025,Illertissen,Norimberga,Casa,Illertissen,4-2-3-1,Panchina,3,24,Helbock N.,,,,,GGxahkno
DFB-Pokal,1/32 FINALE,16.08.2025,Illertissen,Norimberga,Casa,Illertissen,4-2-3-1,Panchina,4,20,Irigoyen C.,,5.9,77',,GGxahkno
DFB-Pokal,1/32 FINALE,16.08.2025,Illertissen,Norimberga,Casa,Illertissen,4-2-3-1,Panchina,5,14,Micic U.,,,,,GGxahkno
DFB-Pokal,1/32 FINALE,16.08.2025,Illertissen,Norimberga,Casa,Illertissen,4-2-3-1,Panchina,6,10,Muth R.,,6.4,77',,GGxahkno
DFB-Pokal,1/32 FINALE,16.08.2025,Illertissen,Norimberga,Casa,Illertissen,4-2-3-1,Panchina,7,17,Petrovic L.,,,,,GGxahkno
DFB-Pokal,1/32 FINALE,16.08.2025,Illertissen,Norimberga,Casa,Illertissen,4-2-3-1,Panchina,8,31,Ruhle T.,,7.5,66',,GGxahkno
DFB-Pokal,1/32 FINALE,16.08.2025,Illertissen,Norimberga,Casa,Illertissen,4-2-3-1,Panchina,9,34,Zok M.,Portiere,,,,GGxahkno
DFB-Pokal,1/32 FINALE,16.08.2025,Illertissen,Norimberga,Ospite,Norimberga,3-5-2,Titolare,1,26,Mathenia C.,Portiere,5.7,,,GGxahkno
DFB-Pokal,1/32 FINALE,16.08.2025,Illertissen,Norimberga,Ospite,Norimberga,3-5-2,Titolare,2,4,Gruber F.,,7.2,,,GGxahkno
DFB-Pokal,1/32 FINALE,16.08.2025,Illertissen,Norimberga,Ospite,Norimberga,3-5-2,Titolare,3,31,Knoche R.,Capitano,7.4,,46',GGxahkno
DFB-Pokal,1/32 FINALE,16.08.2025,Illertissen,Norimberga,Ospite,Norimberga,3-5-2,Titolare,4,24,Lochoshvili L.,,6.4,,,GGxahkno
DFB-Pokal,1/32 FINALE,16.08.2025,Illertissen,Norimberga,Ospite,Norimberga,3-5-2,Titolare,5,32,Janisch T.,,6.3,,46',GGxahkno
DFB-Pokal,1/32 FINALE,16.08.2025,Illertissen,Norimberga,Ospite,Norimberga,3-5-2,Titolare,6,17,Chaikhoun A.,,7.5,,,GGxahkno
DFB-Pokal,1/32 FINALE,16.08.2025,Illertissen,Norimberga,Ospite,Norimberga,3-5-2,Titolare,7,18,Lubach R.,,8.8,,,GGxahkno
DFB-Pokal,1/32 FINALE,16.08.2025,Illertissen,Norimberga,Ospite,Norimberga,3-5-2,Titolare,8,21,Yilmaz B.,,9.7,,,GGxahkno
DFB-Pokal,1/32 FINALE,16.08.2025,Illertissen,Norimberga,Ospite,Norimberga,3-5-2,Titolare,9,8,Koudossou H.,,6.9,,90+1',GGxahkno
DFB-Pokal,1/32 FINALE,16.08.2025,Illertissen,Norimberga,Ospite,Norimberga,3-5-2,Titolare,10,7,Biron M.,,5.9,,64',GGxahkno
DFB-Pokal,1/32 FINALE,16.08.2025,Illertissen,Norimberga,Ospite,Norimberga,3-5-2,Titolare,11,9,Telalovic S.,,7.3,,,GGxahkno
DFB-Pokal,1/32 FINALE,16.08.2025,Illertissen,Norimberga,Ospite,Norimberga,3-5-2,Panchina,1,28,Buchmann T.,,,,,GGxahkno
DFB-Pokal,1/32 FINALE,16.08.2025,Illertissen,Norimberga,Ospite,Norimberga,3-5-2,Panchina,2,3,Danilo Soares,,,,,GGxahkno
DFB-Pokal,1/32 FINALE,16.08.2025,Illertissen,Norimberga,Ospite,Norimberga,3-5-2,Panchina,3,6,Flick F.,,,,,GGxahkno
DFB-Pokal,1/32 FINALE,16.08.2025,Illertissen,Norimberga,Ospite,Norimberga,3-5-2,Panchina,4,20,Jander C.,,9.8,46',,GGxahkno
DFB-Pokal,1/32 FINALE,16.08.2025,Illertissen,Norimberga,Ospite,Norimberga,3-5-2,Panchina,5,44,Karafiat O.,,7.0,90+1',,GGxahkno
DFB-Pokal,1/32 FINALE,16.08.2025,Illertissen,Norimberga,Ospite,Norimberga,3-5-2,Panchina,6,37,Maboulou N.,,6.4,64',,GGxahkno
DFB-Pokal,1/32 FINALE,16.08.2025,Illertissen,Norimberga,Ospite,Norimberga,3-5-2,Panchina,7,38,Osawe W.,,,,,GGxahkno
DFB-Pokal,1/32 FINALE,16.08.2025,Illertissen,Norimberga,Ospite,Norimberga,3-5-2,Panchina,8,1,Reichert J.,Portiere,,,,GGxahkno
DFB-Pokal,1/32 FINALE,16.08.2025,Illertissen,Norimberga,Ospite,Norimberga,3-5-2,Panchina,9,11,Stepanov A.,,7.8,46',,GGxahkno
DFB-Pokal,1/32 FINALE,16.08.2025,Norderstedt,St. Pauli,Casa,Norderstedt,3-5-2,Titolare,1,32,Huxsohl L.,Portiere,9.6,,,2gxHH5Fd
DFB-Pokal,1/32 FINALE,16.08.2025,Norderstedt,St. Pauli,Casa,Norderstedt,3-5-2,Titolare,2,6,Yago A.,,6.7,,,2gxHH5Fd
DFB-Pokal,1/32 FINALE,16.08.2025,Norderstedt,St. Pauli,Casa,Norderstedt,3-5-2,Titolare,3,5,Frahm M.,Capitano,7.5,,,2gxHH5Fd
DFB-Pokal,1/32 FINALE,16.08.2025,Norderstedt,St. Pauli,Casa,Norderstedt,3-5-2,Titolare,4,4,Grau F.,,7.4,,,2gxHH5Fd
DFB-Pokal,1/32 FINALE,16.08.2025,Norderstedt,St. Pauli,Casa,Norderstedt,3-5-2,Titolare,5,7,Gutmann N.,,7.1,,120',2gxHH5Fd
DFB-Pokal,1/32 FINALE,16.08.2025,Norderstedt,St. Pauli,Casa,Norderstedt,3-5-2,Titolare,6,10,Behounek J.,,5.7,,,2gxHH5Fd
DFB-Pokal,1/32 FINALE,16.08.2025,Norderstedt,St. Pauli,Casa,Norderstedt,3-5-2,Titolare,7,30,Obushnyi Y.,,7.6,,,2gxHH5Fd
DFB-Pokal,1/32 FINALE,16.08.2025,Norderstedt,St. Pauli,Casa,Norderstedt,3-5-2,Titolare,8,11,Zimmer M. N.,,6.5,,46',2gxHH5Fd
DFB-Pokal,1/32 FINALE,16.08.2025,Norderstedt,St. Pauli,Casa,Norderstedt,3-5-2,Titolare,9,22,Bera L.,,6.5,,69',2gxHH5Fd
DFB-Pokal,1/32 FINALE,16.08.2025,Norderstedt,St. Pauli,Casa,Norderstedt,3-5-2,Titolare,10,9,Kruger L.,,5.6,,90',2gxHH5Fd
DFB-Pokal,1/32 FINALE,16.08.2025,Norderstedt,St. Pauli,Casa,Norderstedt,3-5-2,Titolare,11,37,Drinkuth F.,,6.0,,69',2gxHH5Fd
DFB-Pokal,1/32 FINALE,16.08.2025,Norderstedt,St. Pauli,Casa,Norderstedt,3-5-2,Panchina,1,3,Achtenberg M.,,,,,2gxHH5Fd
DFB-Pokal,1/32 FINALE,16.08.2025,Norderstedt,St. Pauli,Casa,Norderstedt,3-5-2,Panchina,2,29,Ampofo E.,,6.9,69',,2gxHH5Fd
DFB-Pokal,1/32 FINALE,16.08.2025,Norderstedt,St. Pauli,Casa,Norderstedt,3-5-2,Panchina,3,24,Bente J.,,,,,2gxHH5Fd
DFB-Pokal,1/32 FINALE,16.08.2025,Norderstedt,St. Pauli,Casa,Norderstedt,3-5-2,Panchina,4,19,Brendel M.,,6.4,90',,2gxHH5Fd
DFB-Pokal,1/32 FINALE,16.08.2025,Norderstedt,St. Pauli,Casa,Norderstedt,3-5-2,Panchina,5,17,de Valdoleiros J. L.,,,,,2gxHH5Fd
DFB-Pokal,1/32 FINALE,16.08.2025,Norderstedt,St. Pauli,Casa,Norderstedt,3-5-2,Panchina,6,20,Gross F. C.,,6.8,46',,2gxHH5Fd
DFB-Pokal,1/32 FINALE,16.08.2025,Norderstedt,St. Pauli,Casa,Norderstedt,3-5-2,Panchina,7,13,Koch P.,,,120',,2gxHH5Fd
DFB-Pokal,1/32 FINALE,16.08.2025,Norderstedt,St. Pauli,Casa,Norderstedt,3-5-2,Panchina,8,8,Kummerfeld D.,,6.9,69',,2gxHH5Fd
DFB-Pokal,1/32 FINALE,16.08.2025,Norderstedt,St. Pauli,Ospite,St. Pauli,3-4-3,Titolare,1,22,Vasilj N.,Portiere,7.8,,,2gxHH5Fd
DFB-Pokal,1/32 FINALE,16.08.2025,Norderstedt,St. Pauli,Ospite,St. Pauli,3-4-3,Titolare,2,5,Wahl H.,,7.7,,,2gxHH5Fd
DFB-Pokal,1/32 FINALE,16.08.2025,Norderstedt,St. Pauli,Ospite,St. Pauli,3-4-3,Titolare,3,8,Smith E.,Capitano,8.5,,112',2gxHH5Fd
DFB-Pokal,1/32 FINALE,16.08.2025,Norderstedt,St. Pauli,Ospite,St. Pauli,3-4-3,Titolare,4,4,Nemeth D.,,8.0,,,2gxHH5Fd
DFB-Pokal,1/32 FINALE,16.08.2025,Norderstedt,St. Pauli,Ospite,St. Pauli,3-4-3,Titolare,5,11,Pyrka A.,,7.4,,60',2gxHH5Fd
DFB-Pokal,1/32 FINALE,16.08.2025,Norderstedt,St. Pauli,Ospite,St. Pauli,3-4-3,Titolare,6,6,Sands J.,,7.4,,90+1',2gxHH5Fd
DFB-Pokal,1/32 FINALE,16.08.2025,Norderstedt,St. Pauli,Ospite,St. Pauli,3-4-3,Titolare,7,16,Fujita J.,,7.9,,,2gxHH5Fd
DFB-Pokal,1/32 FINALE,16.08.2025,Norderstedt,St. Pauli,Ospite,St. Pauli,3-4-3,Titolare,8,23,Oppie L.,,7.8,,,2gxHH5Fd
DFB-Pokal,1/32 FINALE,16.08.2025,Norderstedt,St. Pauli,Ospite,St. Pauli,3-4-3,Titolare,9,27,Hountondji A.,,6.6,,60',2gxHH5Fd
DFB-Pokal,1/32 FINALE,16.08.2025,Norderstedt,St. Pauli,Ospite,St. Pauli,3-4-3,Titolare,10,10,Sinani D.,,7.5,,,2gxHH5Fd
DFB-Pokal,1/32 FINALE,16.08.2025,Norderstedt,St. Pauli,Ospite,St. Pauli,3-4-3,Titolare,11,28,Pereira Lage M.,,7.3,,90',2gxHH5Fd
DFB-Pokal,1/32 FINALE,16.08.2025,Norderstedt,St. Pauli,Ospite,St. Pauli,3-4-3,Panchina,1,17,Afolayan O.,,6.9,60',,2gxHH5Fd
DFB-Pokal,1/32 FINALE,16.08.2025,Norderstedt,St. Pauli,Ospite,St. Pauli,3-4-3,Panchina,2,20,Ahlstrand E.,,,,,2gxHH5Fd
DFB-Pokal,1/32 FINALE,16.08.2025,Norderstedt,St. Pauli,Ospite,St. Pauli,3-4-3,Panchina,3,9,Ceesay A.,,6.3,90',,2gxHH5Fd
DFB-Pokal,1/32 FINALE,16.08.2025,Norderstedt,St. Pauli,Ospite,St. Pauli,3-4-3,Panchina,4,24,Metcalfe C.,,7.0,90+1',,2gxHH5Fd
DFB-Pokal,1/32 FINALE,16.08.2025,Norderstedt,St. Pauli,Ospite,St. Pauli,3-4-3,Panchina,5,21,Ritzka L.,,,112',,2gxHH5Fd
DFB-Pokal,1/32 FINALE,16.08.2025,Norderstedt,St. Pauli,Ospite,St. Pauli,3-4-3,Panchina,6,34,Robatsch J.,,,,,2gxHH5Fd
DFB-Pokal,1/32 FINALE,16.08.2025,Norderstedt,St. Pauli,Ospite,St. Pauli,3-4-3,Panchina,7,2,Saliakas M.,,7.1,60',,2gxHH5Fd
DFB-Pokal,1/32 FINALE,16.08.2025,Norderstedt,St. Pauli,Ospite,St. Pauli,3-4-3,Panchina,8,99,Schmidt N.,,,,,2gxHH5Fd
DFB-Pokal,1/32 FINALE,16.08.2025,Norderstedt,St. Pauli,Ospite,St. Pauli,3-4-3,Panchina,9,1,Voll B. A.,Portiere,,,,2gxHH5Fd
DFB-Pokal,1/32 FINALE,16.08.2025,Rostock,Hoffenheim,Casa,Rostock,3-4-2-1,Titolare,1,1,Uphoff B.,Portiere,6.7,,,rq6LSVNc
DFB-Pokal,1/32 FINALE,16.08.2025,Rostock,Hoffenheim,Casa,Rostock,3-4-2-1,Titolare,2,23,Pfanne F.,Capitano,6.8,,62',rq6LSVNc
DFB-Pokal,1/32 FINALE,16.08.2025,Rostock,Hoffenheim,Casa,Rostock,3-4-2-1,Titolare,3,15,Gurleyen A.,,6.4,,,rq6LSVNc
DFB-Pokal,1/32 FINALE,16.08.2025,Rostock,Hoffenheim,Casa,Rostock,3-4-2-1,Titolare,4,17,Carstens F.,,5.8,,,rq6LSVNc
DFB-Pokal,1/32 FINALE,16.08.2025,Rostock,Hoffenheim,Casa,Rostock,3-4-2-1,Titolare,5,19,Mejdr J.,,5.1,,74',rq6LSVNc
DFB-Pokal,1/32 FINALE,16.08.2025,Rostock,Hoffenheim,Casa,Rostock,3-4-2-1,Titolare,6,5,Schuster M.,,6.5,,62',rq6LSVNc
DFB-Pokal,1/32 FINALE,16.08.2025,Rostock,Hoffenheim,Casa,Rostock,3-4-2-1,Titolare,7,4,Fatkic K.,,6.1,,,rq6LSVNc
DFB-Pokal,1/32 FINALE,16.08.2025,Rostock,Hoffenheim,Casa,Rostock,3-4-2-1,Titolare,8,33,Bergh V.,,6.0,,89',rq6LSVNc
DFB-Pokal,1/32 FINALE,16.08.2025,Rostock,Hoffenheim,Casa,Rostock,3-4-2-1,Titolare,9,42,Dietze B.,,5.3,,74',rq6LSVNc
DFB-Pokal,1/32 FINALE,16.08.2025,Rostock,Hoffenheim,Casa,Rostock,3-4-2-1,Titolare,10,35,Krauss M.,,6.7,,,rq6LSVNc
DFB-Pokal,1/32 FINALE,16.08.2025,Rostock,Hoffenheim,Casa,Rostock,3-4-2-1,Titolare,11,21,Hummel D.,,5.6,,,rq6LSVNc
DFB-Pokal,1/32 FINALE,16.08.2025,Rostock,Hoffenheim,Casa,Rostock,3-4-2-1,Panchina,1,6,Dirkner J.,,6.5,62',,rq6LSVNc
DFB-Pokal,1/32 FINALE,16.08.2025,Rostock,Hoffenheim,Casa,Rostock,3-4-2-1,Panchina,2,27,Kinsombi C.,,6.6,74',,rq6LSVNc
DFB-Pokal,1/32 FINALE,16.08.2025,Rostock,Hoffenheim,Casa,Rostock,3-4-2-1,Panchina,3,25,Klewin P.,Portiere,,,,rq6LSVNc
DFB-Pokal,1/32 FINALE,16.08.2025,Rostock,Hoffenheim,Casa,Rostock,3-4-2-1,Panchina,4,44,Krohn T.,,,,,rq6LSVNc
DFB-Pokal,1/32 FINALE,16.08.2025,Rostock,Hoffenheim,Casa,Rostock,3-4-2-1,Panchina,5,14,Lebeau A.,,6.4,74',,rq6LSVNc
DFB-Pokal,1/32 FINALE,16.08.2025,Rostock,Hoffenheim,Casa,Rostock,3-4-2-1,Panchina,6,7,Neidhart N.,,,,,rq6LSVNc
DFB-Pokal,1/32 FINALE,16.08.2025,Rostock,Hoffenheim,Casa,Rostock,3-4-2-1,Panchina,7,22,Reichardt L.,,,89',,rq6LSVNc
DFB-Pokal,1/32 FINALE,16.08.2025,Rostock,Hoffenheim,Casa,Rostock,3-4-2-1,Panchina,8,10,Stock P.,,,,,rq6LSVNc
DFB-Pokal,1/32 FINALE,16.08.2025,Rostock,Hoffenheim,Casa,Rostock,3-4-2-1,Panchina,9,16,Wallner L.,,6.2,62',,rq6LSVNc
DFB-Pokal,1/32 FINALE,16.08.2025,Rostock,Hoffenheim,Ospite,Hoffenheim,3-4-2-1,Titolare,1,1,Baumann O.,Portiere,7.5,,,rq6LSVNc
DFB-Pokal,1/32 FINALE,16.08.2025,Rostock,Hoffenheim,Ospite,Hoffenheim,3-4-2-1,Titolare,2,2,Hranac R.,,6.9,,87',rq6LSVNc
DFB-Pokal,1/32 FINALE,16.08.2025,Rostock,Hoffenheim,Ospite,Hoffenheim,3-4-2-1,Titolare,3,28,Machida K.,,8.4,,,rq6LSVNc
DFB-Pokal,1/32 FINALE,16.08.2025,Rostock,Hoffenheim,Ospite,Hoffenheim,3-4-2-1,Titolare,4,13,Bernardo,,9.3,,,rq6LSVNc
DFB-Pokal,1/32 FINALE,16.08.2025,Rostock,Hoffenheim,Ospite,Hoffenheim,3-4-2-1,Titolare,5,34,Coufal V.,,7.0,,,rq6LSVNc
DFB-Pokal,1/32 FINALE,16.08.2025,Rostock,Hoffenheim,Ospite,Hoffenheim,3-4-2-1,Titolare,6,18,Burger W.,,9.3,,,rq6LSVNc
DFB-Pokal,1/32 FINALE,16.08.2025,Rostock,Hoffenheim,Ospite,Hoffenheim,3-4-2-1,Titolare,7,7,Avdullahu L.,,7.5,,,rq6LSVNc
DFB-Pokal,1/32 FINALE,16.08.2025,Rostock,Hoffenheim,Ospite,Hoffenheim,3-4-2-1,Titolare,8,29,Toure B.,,7.5,,79',rq6LSVNc
DFB-Pokal,1/32 FINALE,16.08.2025,Rostock,Hoffenheim,Ospite,Hoffenheim,3-4-2-1,Titolare,9,27,Kramaric A.,,8.2,,79',rq6LSVNc
DFB-Pokal,1/32 FINALE,16.08.2025,Rostock,Hoffenheim,Ospite,Hoffenheim,3-4-2-1,Titolare,10,11,Asllani F.,,8.2,,87',rq6LSVNc
DFB-Pokal,1/32 FINALE,16.08.2025,Rostock,Hoffenheim,Ospite,Hoffenheim,3-4-2-1,Titolare,11,19,Lemperle T.,,6.2,,66',rq6LSVNc
DFB-Pokal,1/32 FINALE,16.08.2025,Rostock,Hoffenheim,Ospite,Hoffenheim,3-4-2-1,Panchina,1,25,Akpoguma K.,,,,,rq6LSVNc
DFB-Pokal,1/32 FINALE,16.08.2025,Rostock,Hoffenheim,Ospite,Hoffenheim,3-4-2-1,Panchina,2,35,Arthur Chaves,,,87',,rq6LSVNc
DFB-Pokal,1/32 FINALE,16.08.2025,Rostock,Hoffenheim,Ospite,Hoffenheim,3-4-2-1,Panchina,3,10,Damar M.,,7.1,79',,rq6LSVNc
DFB-Pokal,1/32 FINALE,16.08.2025,Rostock,Hoffenheim,Ospite,Hoffenheim,3-4-2-1,Panchina,4,33,Moerstedt M.,,8.3,66',,rq6LSVNc
DFB-Pokal,1/32 FINALE,16.08.2025,Rostock,Hoffenheim,Ospite,Hoffenheim,3-4-2-1,Panchina,5,24,Mokwa Ntusu D.,,,,,rq6LSVNc
DFB-Pokal,1/32 FINALE,16.08.2025,Rostock,Hoffenheim,Ospite,Hoffenheim,3-4-2-1,Panchina,6,37,Philipp L.,Portiere,,,,rq6LSVNc
DFB-Pokal,1/32 FINALE,16.08.2025,Rostock,Hoffenheim,Ospite,Hoffenheim,3-4-2-1,Panchina,7,22,Prass A.,,6.3,79',,rq6LSVNc
DFB-Pokal,1/32 FINALE,16.08.2025,Rostock,Hoffenheim,Ospite,Hoffenheim,3-4-2-1,Panchina,8,6,Promel G.,,,,,rq6LSVNc
DFB-Pokal,1/32 FINALE,16.08.2025,Rostock,Hoffenheim,Ospite,Hoffenheim,3-4-2-1,Panchina,9,17,Tohumcu U.,,,87',,rq6LSVNc
DFB-Pokal,1/32 FINALE,16.08.2025,Sandhausen,RB Lipsia,Casa,Sandhausen,4-4-2,Titolare,1,1,Lyska A.,Portiere,5.2,,,YZyaU3Ga
DFB-Pokal,1/32 FINALE,16.08.2025,Sandhausen,RB Lipsia,Casa,Sandhausen,4-4-2,Titolare,2,3,Kolbe L.,,6.6,,,YZyaU3Ga
DFB-Pokal,1/32 FINALE,16.08.2025,Sandhausen,RB Lipsia,Casa,Sandhausen,4-4-2,Titolare,3,13,Osee Y.,,6.5,,,YZyaU3Ga
DFB-Pokal,1/32 FINALE,16.08.2025,Sandhausen,RB Lipsia,Casa,Sandhausen,4-4-2,Titolare,4,2,Schulz K.,,5.6,,,YZyaU3Ga
DFB-Pokal,1/32 FINALE,16.08.2025,Sandhausen,RB Lipsia,Casa,Sandhausen,4-4-2,Titolare,5,24,Gipson K.,,6.1,,43',YZyaU3Ga
DFB-Pokal,1/32 FINALE,16.08.2025,Sandhausen,RB Lipsia,Casa,Sandhausen,4-4-2,Titolare,6,11,de Meester L.,,6.2,,64',YZyaU3Ga
DFB-Pokal,1/32 FINALE,16.08.2025,Sandhausen,RB Lipsia,Casa,Sandhausen,4-4-2,Titolare,7,8,Ampadu L.,,7.9,,,YZyaU3Ga
DFB-Pokal,1/32 FINALE,16.08.2025,Sandhausen,RB Lipsia,Casa,Sandhausen,4-4-2,Titolare,8,6,Tarnat N.,,6.1,,87',YZyaU3Ga
DFB-Pokal,1/32 FINALE,16.08.2025,Sandhausen,RB Lipsia,Casa,Sandhausen,4-4-2,Titolare,9,19,Pfaffenrot D.,,5.9,,63',YZyaU3Ga
DFB-Pokal,1/32 FINALE,16.08.2025,Sandhausen,RB Lipsia,Casa,Sandhausen,4-4-2,Titolare,10,37,Testroet P.,Capitano,5.5,,,YZyaU3Ga
DFB-Pokal,1/32 FINALE,16.08.2025,Sandhausen,RB Lipsia,Casa,Sandhausen,4-4-2,Titolare,11,10,Herrmann J.,,7.2,,86',YZyaU3Ga
DFB-Pokal,1/32 FINALE,16.08.2025,Sandhausen,RB Lipsia,Casa,Sandhausen,4-4-2,Panchina,1,23,Akmestanli T.,,6.7,43',,YZyaU3Ga
DFB-Pokal,1/32 FINALE,16.08.2025,Sandhausen,RB Lipsia,Casa,Sandhausen,4-4-2,Panchina,2,14,Burkle J.,,,86',,YZyaU3Ga
DFB-Pokal,1/32 FINALE,16.08.2025,Sandhausen,RB Lipsia,Casa,Sandhausen,4-4-2,Panchina,3,20,Halbauer P.,,6.1,64',,YZyaU3Ga
DFB-Pokal,1/32 FINALE,16.08.2025,Sandhausen,RB Lipsia,Casa,Sandhausen,4-4-2,Panchina,4,38,Lienert F.,,,,,YZyaU3Ga
DFB-Pokal,1/32 FINALE,16.08.2025,Sandhausen,RB Lipsia,Casa,Sandhausen,4-4-2,Panchina,5,5,Ramusovic M.,,,87',,YZyaU3Ga
DFB-Pokal,1/32 FINALE,16.08.2025,Sandhausen,RB Lipsia,Casa,Sandhausen,4-4-2,Panchina,6,9,Wagner M.,,6.5,63',,YZyaU3Ga
DFB-Pokal,1/32 FINALE,16.08.2025,Sandhausen,RB Lipsia,Casa,Sandhausen,4-4-2,Panchina,7,4,Wimmer B.,,,,,YZyaU3Ga
DFB-Pokal,1/32 FINALE,16.08.2025,Sandhausen,RB Lipsia,Casa,Sandhausen,4-4-2,Panchina,8,21,Zahnen-Martinez P.,,,,,YZyaU3Ga
DFB-Pokal,1/32 FINALE,16.08.2025,Sandhausen,RB Lipsia,Casa,Sandhausen,4-4-2,Panchina,9,12,Zimmer D.,Portiere,,,,YZyaU3Ga
DFB-Pokal,1/32 FINALE,16.08.2025,Sandhausen,RB Lipsia,Ospite,RB Lipsia,4-3-3,Titolare,1,26,Vandevoordt M.,Portiere,5.7,,,YZyaU3Ga
DFB-Pokal,1/32 FINALE,16.08.2025,Sandhausen,RB Lipsia,Ospite,RB Lipsia,4-3-3,Titolare,2,17,Baku R.,,7.2,,,YZyaU3Ga
DFB-Pokal,1/32 FINALE,16.08.2025,Sandhausen,RB Lipsia,Ospite,RB Lipsia,4-3-3,Titolare,3,4,Orban W.,,8.0,,,YZyaU3Ga
DFB-Pokal,1/32 FINALE,16.08.2025,Sandhausen,RB Lipsia,Ospite,RB Lipsia,4-3-3,Titolare,4,23,Lukeba C.,,8.1,,90+4',YZyaU3Ga
DFB-Pokal,1/32 FINALE,16.08.2025,Sandhausen,RB Lipsia,Ospite,RB Lipsia,4-3-3,Titolare,5,22,Raum D.,Capitano,8.4,,,YZyaU3Ga
DFB-Pokal,1/32 FINALE,16.08.2025,Sandhausen,RB Lipsia,Ospite,RB Lipsia,4-3-3,Titolare,6,24,Schlager X.,,7.0,,62',YZyaU3Ga
DFB-Pokal,1/32 FINALE,16.08.2025,Sandhausen,RB Lipsia,Ospite,RB Lipsia,4-3-3,Titolare,7,13,Seiwald N.,,6.7,,,YZyaU3Ga
DFB-Pokal,1/32 FINALE,16.08.2025,Sandhausen,RB Lipsia,Ospite,RB Lipsia,4-3-3,Titolare,8,10,Simons X.,,9.3,,,YZyaU3Ga
DFB-Pokal,1/32 FINALE,16.08.2025,Sandhausen,RB Lipsia,Ospite,RB Lipsia,4-3-3,Titolare,9,49,Diomande Y.,,8.2,,85',YZyaU3Ga
DFB-Pokal,1/32 FINALE,16.08.2025,Sandhausen,RB Lipsia,Ospite,RB Lipsia,4-3-3,Titolare,10,11,Openda L.,,7.2,,86',YZyaU3Ga
DFB-Pokal,1/32 FINALE,16.08.2025,Sandhausen,RB Lipsia,Ospite,RB Lipsia,4-3-3,Titolare,11,7,Nusa A.,,6.8,,62',YZyaU3Ga
DFB-Pokal,1/32 FINALE,16.08.2025,Sandhausen,RB Lipsia,Ospite,RB Lipsia,4-3-3,Panchina,1,9,Bakayoko J.,,6.6,62',,YZyaU3Ga
DFB-Pokal,1/32 FINALE,16.08.2025,Sandhausen,RB Lipsia,Ospite,RB Lipsia,4-3-3,Panchina,2,6,Banzuzi E.,,7.9,62',,YZyaU3Ga
DFB-Pokal,1/32 FINALE,16.08.2025,Sandhausen,RB Lipsia,Ospite,RB Lipsia,4-3-3,Panchina,3,14,Baumgartner C.,,,86',,YZyaU3Ga
DFB-Pokal,1/32 FINALE,16.08.2025,Sandhausen,RB Lipsia,Ospite,RB Lipsia,4-3-3,Panchina,4,5,Bitshiabu E.,,,90+4',,YZyaU3Ga
DFB-Pokal,1/32 FINALE,16.08.2025,Sandhausen,RB Lipsia,Ospite,RB Lipsia,4-3-3,Panchina,5,2,Geertruida L.,,,,,YZyaU3Ga
DFB-Pokal,1/32 FINALE,16.08.2025,Sandhausen,RB Lipsia,Ospite,RB Lipsia,4-3-3,Panchina,6,1,Gulacsi P.,Portiere,,,,YZyaU3Ga
DFB-Pokal,1/32 FINALE,16.08.2025,Sandhausen,RB Lipsia,Ospite,RB Lipsia,4-3-3,Panchina,7,19,Nedeljkovic K.,,,,,YZyaU3Ga
DFB-Pokal,1/32 FINALE,16.08.2025,Sandhausen,RB Lipsia,Ospite,RB Lipsia,4-3-3,Panchina,8,20,Ouedraogo A.,,,85',,YZyaU3Ga
DFB-Pokal,1/32 FINALE,16.08.2025,Sandhausen,RB Lipsia,Ospite,RB Lipsia,4-3-3,Panchina,9,18,Vermeeren A.,,,,,YZyaU3Ga
DFB-Pokal,1/32 FINALE,16.08.2025,BFC Dynamo,Bochum,Casa,BFC Dynamo,3-1-4-2,Titolare,1,1,Ortegel N.,Portiere,8.1,,,fTlXF416
DFB-Pokal,1/32 FINALE,16.08.2025,BFC Dynamo,Bochum,Casa,BFC Dynamo,3-1-4-2,Titolare,2,22,Gunte T.,,5.3,,,fTlXF416
DFB-Pokal,1/32 FINALE,16.08.2025,BFC Dynamo,Bochum,Casa,BFC Dynamo,3-1-4-2,Titolare,3,3,Polte M.,,5.8,,,fTlXF416
DFB-Pokal,1/32 FINALE,16.08.2025,BFC Dynamo,Bochum,Casa,BFC Dynamo,3-1-4-2,Titolare,4,13,Oellers L.,,4.7,,,fTlXF416
DFB-Pokal,1/32 FINALE,16.08.2025,BFC Dynamo,Bochum,Casa,BFC Dynamo,3-1-4-2,Titolare,5,6,Mattmuller L.,,5.9,,,fTlXF416
DFB-Pokal,1/32 FINALE,16.08.2025,BFC Dynamo,Bochum,Casa,BFC Dynamo,3-1-4-2,Titolare,6,2,Liebelt J. R.,,7.3,,113',fTlXF416
DFB-Pokal,1/32 FINALE,16.08.2025,BFC Dynamo,Bochum,Casa,BFC Dynamo,3-1-4-2,Titolare,7,8,Shcherbakovski J.,,7.0,,64',fTlXF416
DFB-Pokal,1/32 FINALE,16.08.2025,BFC Dynamo,Bochum,Casa,BFC Dynamo,3-1-4-2,Titolare,8,17,Karatas C.,,6.1,,82',fTlXF416
DFB-Pokal,1/32 FINALE,16.08.2025,BFC Dynamo,Bochum,Casa,BFC Dynamo,3-1-4-2,Titolare,9,28,Reincke W.,,6.3,,64',fTlXF416
DFB-Pokal,1/32 FINALE,16.08.2025,BFC Dynamo,Bochum,Casa,BFC Dynamo,3-1-4-2,Titolare,10,20,Putaro L.,,6.0,,64',fTlXF416
DFB-Pokal,1/32 FINALE,16.08.2025,BFC Dynamo,Bochum,Casa,BFC Dynamo,3-1-4-2,Titolare,11,10,Dadashov R.,Capitano,5.5,,,fTlXF416
DFB-Pokal,1/32 FINALE,16.08.2025,BFC Dynamo,Bochum,Casa,BFC Dynamo,3-1-4-2,Panchina,1,4,Amadou A.,,,,,fTlXF416
DFB-Pokal,1/32 FINALE,16.08.2025,BFC Dynamo,Bochum,Casa,BFC Dynamo,3-1-4-2,Panchina,2,14,Breitfeld J.,,6.8,64',,fTlXF416
DFB-Pokal,1/32 FINALE,16.08.2025,BFC Dynamo,Bochum,Casa,BFC Dynamo,3-1-4-2,Panchina,3,9,Fritzsche L.,,,113',,fTlXF416
DFB-Pokal,1/32 FINALE,16.08.2025,BFC Dynamo,Bochum,Casa,BFC Dynamo,3-1-4-2,Panchina,4,12,Hainke P.,Portiere,,,,fTlXF416
DFB-Pokal,1/32 FINALE,16.08.2025,BFC Dynamo,Bochum,Casa,BFC Dynamo,3-1-4-2,Panchina,5,23,Knezevic I.,,6.8,64',,fTlXF416
DFB-Pokal,1/32 FINALE,16.08.2025,BFC Dynamo,Bochum,Casa,BFC Dynamo,3-1-4-2,Panchina,6,11,Rogero J.,,7.0,64',,fTlXF416
DFB-Pokal,1/32 FINALE,16.08.2025,BFC Dynamo,Bochum,Casa,BFC Dynamo,3-1-4-2,Panchina,7,79,Sommer K.,Portiere,,,,fTlXF416
DFB-Pokal,1/32 FINALE,16.08.2025,BFC Dynamo,Bochum,Casa,BFC Dynamo,3-1-4-2,Panchina,8,16,Weber I.,,,,,fTlXF416
DFB-Pokal,1/32 FINALE,16.08.2025,BFC Dynamo,Bochum,Casa,BFC Dynamo,3-1-4-2,Panchina,9,18,Windsheimer T.,,6.3,82',,fTlXF416
DFB-Pokal,1/32 FINALE,16.08.2025,BFC Dynamo,Bochum,Ospite,Bochum,4-3-3,Titolare,1,1,Horn T.,Portiere,6.8,,,fTlXF416
DFB-Pokal,1/32 FINALE,16.08.2025,BFC Dynamo,Bochum,Ospite,Bochum,4-3-3,Titolare,2,35,Koscierski K.,,6.3,,75',fTlXF416
DFB-Pokal,1/32 FINALE,16.08.2025,BFC Dynamo,Bochum,Ospite,Bochum,4-3-3,Titolare,3,7,Vogt K.,,8.1,,,fTlXF416
DFB-Pokal,1/32 FINALE,16.08.2025,BFC Dynamo,Bochum,Ospite,Bochum,4-3-3,Titolare,4,20,Loosli N.,,7.7,,,fTlXF416
DFB-Pokal,1/32 FINALE,16.08.2025,BFC Dynamo,Bochum,Ospite,Bochum,4-3-3,Titolare,5,32,Wittek M.,,7.4,,,fTlXF416
DFB-Pokal,1/32 FINALE,16.08.2025,BFC Dynamo,Bochum,Ospite,Bochum,4-3-3,Titolare,6,34,Lenz C.,,7.6,,,fTlXF416
DFB-Pokal,1/32 FINALE,16.08.2025,BFC Dynamo,Bochum,Ospite,Bochum,4-3-3,Titolare,7,6,Sissoko I.,,,,9',fTlXF416
DFB-Pokal,1/32 FINALE,16.08.2025,BFC Dynamo,Bochum,Ospite,Bochum,4-3-3,Titolare,8,19,Bero M.,Capitano,8.4,,,fTlXF416
DFB-Pokal,1/32 FINALE,16.08.2025,BFC Dynamo,Bochum,Ospite,Bochum,4-3-3,Titolare,9,23,Miyoshi K.,,6.4,,75',fTlXF416
DFB-Pokal,1/32 FINALE,16.08.2025,BFC Dynamo,Bochum,Ospite,Bochum,4-3-3,Titolare,10,33,Hofmann P.,,7.9,,,fTlXF416
DFB-Pokal,1/32 FINALE,16.08.2025,BFC Dynamo,Bochum,Ospite,Bochum,4-3-3,Titolare,11,17,Holtmann G.,,6.2,,64',fTlXF416
DFB-Pokal,1/32 FINALE,16.08.2025,BFC Dynamo,Bochum,Ospite,Bochum,4-3-3,Panchina,1,18,Bamba S.,,8.7,64',,fTlXF416
DFB-Pokal,1/32 FINALE,16.08.2025,BFC Dynamo,Bochum,Ospite,Bochum,4-3-3,Panchina,2,14,Clairicia M.,,6.7,75',,fTlXF416
DFB-Pokal,1/32 FINALE,16.08.2025,BFC Dynamo,Bochum,Ospite,Bochum,4-3-3,Panchina,3,5,Kleine-Bekel C.,,,,,fTlXF416
DFB-Pokal,1/32 FINALE,16.08.2025,BFC Dynamo,Bochum,Ospite,Bochum,4-3-3,Panchina,4,24,Pannewig M.,,6.7,9',75',fTlXF416
DFB-Pokal,1/32 FINALE,16.08.2025,BFC Dynamo,Bochum,Ospite,Bochum,4-3-3,Panchina,5,15,Passlack F.,,7.3,75',,fTlXF416
DFB-Pokal,1/32 FINALE,16.08.2025,BFC Dynamo,Bochum,Ospite,Bochum,4-3-3,Panchina,6,26,Rosch R.,,,,,fTlXF416
DFB-Pokal,1/32 FINALE,16.08.2025,BFC Dynamo,Bochum,Ospite,Bochum,4-3-3,Panchina,7,3,Strompf P.,,,,,fTlXF416
DFB-Pokal,1/32 FINALE,16.08.2025,BFC Dynamo,Bochum,Ospite,Bochum,4-3-3,Panchina,8,22,Thiede N.,Portiere,,,,fTlXF416
DFB-Pokal,1/32 FINALE,16.08.2025,BFC Dynamo,Bochum,Ospite,Bochum,4-3-3,Panchina,9,8,Watjen K.,,7.8,75',,fTlXF416
DFB-Pokal,1/32 FINALE,16.08.2025,Pirmasens,Amburgo,Casa,Pirmasens,4-2-3-1,Titolare,1,1,Reitz B.,Portiere,6.6,,,4bfUQ9hA
DFB-Pokal,1/32 FINALE,16.08.2025,Pirmasens,Amburgo,Casa,Pirmasens,4-2-3-1,Titolare,2,17,Grunnagel M.,,6.7,,,4bfUQ9hA
DFB-Pokal,1/32 FINALE,16.08.2025,Pirmasens,Amburgo,Casa,Pirmasens,4-2-3-1,Titolare,3,4,Muller M.,,6.7,,,4bfUQ9hA
DFB-Pokal,1/32 FINALE,16.08.2025,Pirmasens,Amburgo,Casa,Pirmasens,4-2-3-1,Titolare,4,6,Griess Y.,Capitano,5.4,,,4bfUQ9hA
DFB-Pokal,1/32 FINALE,16.08.2025,Pirmasens,Amburgo,Casa,Pirmasens,4-2-3-1,Titolare,5,39,Buchler K.,,8.0,,90',4bfUQ9hA
DFB-Pokal,1/32 FINALE,16.08.2025,Pirmasens,Amburgo,Casa,Pirmasens,4-2-3-1,Titolare,6,5,Andreas M.,,6.6,,,4bfUQ9hA
DFB-Pokal,1/32 FINALE,16.08.2025,Pirmasens,Amburgo,Casa,Pirmasens,4-2-3-1,Titolare,7,27,Selensky T.,,6.2,,,4bfUQ9hA
DFB-Pokal,1/32 FINALE,16.08.2025,Pirmasens,Amburgo,Casa,Pirmasens,4-2-3-1,Titolare,8,8,Eichhorn L.,,5.8,,87',4bfUQ9hA
DFB-Pokal,1/32 FINALE,16.08.2025,Pirmasens,Amburgo,Casa,Pirmasens,4-2-3-1,Titolare,9,20,Krob D.,,6.7,,77',4bfUQ9hA
DFB-Pokal,1/32 FINALE,16.08.2025,Pirmasens,Amburgo,Casa,Pirmasens,4-2-3-1,Titolare,10,10,Dimitrijevic L.,,6.9,,63',4bfUQ9hA
DFB-Pokal,1/32 FINALE,16.08.2025,Pirmasens,Amburgo,Casa,Pirmasens,4-2-3-1,Titolare,11,11,Ehrhart M.,,6.5,,77',4bfUQ9hA
DFB-Pokal,1/32 FINALE,16.08.2025,Pirmasens,Amburgo,Casa,Pirmasens,4-2-3-1,Panchina,1,22,Decker T.,,,,,4bfUQ9hA
DFB-Pokal,1/32 FINALE,16.08.2025,Pirmasens,Amburgo,Casa,Pirmasens,4-2-3-1,Panchina,2,23,Deho M.,,6.2,87',,4bfUQ9hA
DFB-Pokal,1/32 FINALE,16.08.2025,Pirmasens,Amburgo,Casa,Pirmasens,4-2-3-1,Panchina,3,9,Gutmann S.,,6.0,77',,4bfUQ9hA
DFB-Pokal,1/32 FINALE,16.08.2025,Pirmasens,Amburgo,Casa,Pirmasens,4-2-3-1,Panchina,4,21,Kirch T.,,,,,4bfUQ9hA
DFB-Pokal,1/32 FINALE,16.08.2025,Pirmasens,Amburgo,Casa,Pirmasens,4-2-3-1,Panchina,5,28,Kupper L.,Portiere,,,,4bfUQ9hA
DFB-Pokal,1/32 FINALE,16.08.2025,Pirmasens,Amburgo,Casa,Pirmasens,4-2-3-1,Panchina,6,15,Prokopchuk O.,,5.6,77',,4bfUQ9hA
DFB-Pokal,1/32 FINALE,16.08.2025,Pirmasens,Amburgo,Casa,Pirmasens,4-2-3-1,Panchina,7,18,Sannoh O.,,6.4,90',,4bfUQ9hA
DFB-Pokal,1/32 FINALE,16.08.2025,Pirmasens,Amburgo,Casa,Pirmasens,4-2-3-1,Panchina,8,2,Vogt J.,,,,,4bfUQ9hA
DFB-Pokal,1/32 FINALE,16.08.2025,Pirmasens,Amburgo,Casa,Pirmasens,4-2-3-1,Panchina,9,19,Wiltz N.,,6.6,63',,4bfUQ9hA
DFB-Pokal,1/32 FINALE,16.08.2025,Pirmasens,Amburgo,Ospite,Amburgo,3-4-3,Titolare,1,1,Heuer Fernandes D.,Portiere,7.1,,,4bfUQ9hA
DFB-Pokal,1/32 FINALE,16.08.2025,Pirmasens,Amburgo,Ospite,Amburgo,3-4-3,Titolare,2,17,Omari W.,,6.9,,,4bfUQ9hA
DFB-Pokal,1/32 FINALE,16.08.2025,Pirmasens,Amburgo,Ospite,Amburgo,3-4-3,Titolare,3,8,Elfadli D.,,7.0,,,4bfUQ9hA
DFB-Pokal,1/32 FINALE,16.08.2025,Pirmasens,Amburgo,Ospite,Amburgo,3-4-3,Titolare,4,25,Torunarigha J.,,7.4,,68',4bfUQ9hA
DFB-Pokal,1/32 FINALE,16.08.2025,Pirmasens,Amburgo,Ospite,Amburgo,3-4-3,Titolare,5,16,Gocholeishvili G.,,6.5,,46',4bfUQ9hA
DFB-Pokal,1/32 FINALE,16.08.2025,Pirmasens,Amburgo,Ospite,Amburgo,3-4-3,Titolare,6,24,Capaldo N.,,6.7,,,4bfUQ9hA
DFB-Pokal,1/32 FINALE,16.08.2025,Pirmasens,Amburgo,Ospite,Amburgo,3-4-3,Titolare,7,23,Meffert J.,Capitano,6.9,,86',4bfUQ9hA
DFB-Pokal,1/32 FINALE,16.08.2025,Pirmasens,Amburgo,Ospite,Amburgo,3-4-3,Titolare,8,28,Muheim M.,,9.4,,,4bfUQ9hA
DFB-Pokal,1/32 FINALE,16.08.2025,Pirmasens,Amburgo,Ospite,Amburgo,3-4-3,Titolare,9,11,Konigsdorffer R.,,7.6,,,4bfUQ9hA
DFB-Pokal,1/32 FINALE,16.08.2025,Pirmasens,Amburgo,Ospite,Amburgo,3-4-3,Titolare,10,14,Philippe R.,,6.5,,46',4bfUQ9hA
DFB-Pokal,1/32 FINALE,16.08.2025,Pirmasens,Amburgo,Ospite,Amburgo,3-4-3,Titolare,11,38,Rossing-Lelesiit A.,,6.3,,46',4bfUQ9hA
DFB-Pokal,1/32 FINALE,16.08.2025,Pirmasens,Amburgo,Ospite,Amburgo,3-4-3,Panchina,1,45,Balde F.,,6.8,46',,4bfUQ9hA
DFB-Pokal,1/32 FINALE,16.08.2025,Pirmasens,Amburgo,Ospite,Amburgo,3-4-3,Panchina,2,9,Glatzel R.,,6.6,46',,4bfUQ9hA
DFB-Pokal,1/32 FINALE,16.08.2025,Pirmasens,Amburgo,Ospite,Amburgo,3-4-3,Panchina,3,2,Mikelbrencis W.,,,,,4bfUQ9hA
DFB-Pokal,1/32 FINALE,16.08.2025,Pirmasens,Amburgo,Ospite,Amburgo,3-4-3,Panchina,4,26,Peretz D.,Portiere,,,,4bfUQ9hA
DFB-Pokal,1/32 FINALE,16.08.2025,Pirmasens,Amburgo,Ospite,Amburgo,3-4-3,Panchina,5,13,Ramos G.,,7.2,86',,4bfUQ9hA
DFB-Pokal,1/32 FINALE,16.08.2025,Pirmasens,Amburgo,Ospite,Amburgo,3-4-3,Panchina,6,21,Remberg N.,,,,,4bfUQ9hA
DFB-Pokal,1/32 FINALE,16.08.2025,Pirmasens,Amburgo,Ospite,Amburgo,3-4-3,Panchina,7,29,Sahiti E.,,7.8,68',,4bfUQ9hA
DFB-Pokal,1/32 FINALE,16.08.2025,Pirmasens,Amburgo,Ospite,Amburgo,3-4-3,Panchina,8,22,Soumahoro A.,,,,,4bfUQ9hA
DFB-Pokal,1/32 FINALE,16.08.2025,Pirmasens,Amburgo,Ospite,Amburgo,3-4-3,Panchina,9,49,Stange O.,,6.4,46',,4bfUQ9hA
DFB-Pokal,1/32 FINALE,15.08.2025,Bielefeld,Brema,Casa,Bielefeld,4-4-2,Titolare,1,1,Kersken J.,Portiere,7.1,,,hv9PpP0t
DFB-Pokal,1/32 FINALE,15.08.2025,Bielefeld,Brema,Casa,Bielefeld,4-4-2,Titolare,2,24,Lannert C.,,6.7,,,hv9PpP0t
DFB-Pokal,1/32 FINALE,15.08.2025,Bielefeld,Brema,Casa,Bielefeld,4-4-2,Titolare,3,23,Schneider L.,,7.5,,,hv9PpP0t
DFB-Pokal,1/32 FINALE,15.08.2025,Bielefeld,Brema,Casa,Bielefeld,4-4-2,Titolare,4,19,Grosser M.,,7.1,,,hv9PpP0t
DFB-Pokal,1/32 FINALE,15.08.2025,Bielefeld,Brema,Casa,Bielefeld,4-4-2,Titolare,5,29,Handwerker T.,,6.7,,21',hv9PpP0t
DFB-Pokal,1/32 FINALE,15.08.2025,Bielefeld,Brema,Casa,Bielefeld,4-4-2,Titolare,6,10,Mehlem M.,,6.4,,79',hv9PpP0t
DFB-Pokal,1/32 FINALE,15.08.2025,Bielefeld,Brema,Casa,Bielefeld,4-4-2,Titolare,7,21,Russo S.,,7.9,,,hv9PpP0t
DFB-Pokal,1/32 FINALE,15.08.2025,Bielefeld,Brema,Casa,Bielefeld,4-4-2,Titolare,8,8,Schreck S.,,6.6,,,hv9PpP0t
DFB-Pokal,1/32 FINALE,15.08.2025,Bielefeld,Brema,Casa,Bielefeld,4-4-2,Titolare,9,6,Corboz M.,Capitano,7.2,,,hv9PpP0t
DFB-Pokal,1/32 FINALE,15.08.2025,Bielefeld,Brema,Casa,Bielefeld,4-4-2,Titolare,10,37,Sarenren Bazee N.,,6.2,,46',hv9PpP0t
DFB-Pokal,1/32 FINALE,15.08.2025,Bielefeld,Brema,Casa,Bielefeld,4-4-2,Titolare,11,11,Grodowski J.,,6.8,,79',hv9PpP0t
DFB-Pokal,1/32 FINALE,15.08.2025,Bielefeld,Brema,Casa,Bielefeld,4-4-2,Panchina,1,27,Boakye B.,,7.2,79',,hv9PpP0t
DFB-Pokal,1/32 FINALE,15.08.2025,Bielefeld,Brema,Casa,Bielefeld,4-4-2,Panchina,2,3,Felix J.,,,,,hv9PpP0t
DFB-Pokal,1/32 FINALE,15.08.2025,Bielefeld,Brema,Casa,Bielefeld,4-4-2,Panchina,3,2,Hagmann F.,,7.0,21',,hv9PpP0t
DFB-Pokal,1/32 FINALE,15.08.2025,Bielefeld,Brema,Casa,Bielefeld,4-4-2,Panchina,4,7,Kania J.,,6.8,46',,hv9PpP0t
DFB-Pokal,1/32 FINALE,15.08.2025,Bielefeld,Brema,Casa,Bielefeld,4-4-2,Panchina,5,13,Kunze L.,,,,,hv9PpP0t
DFB-Pokal,1/32 FINALE,15.08.2025,Bielefeld,Brema,Casa,Bielefeld,4-4-2,Panchina,6,20,Micheler F.,,,,,hv9PpP0t
DFB-Pokal,1/32 FINALE,15.08.2025,Bielefeld,Brema,Casa,Bielefeld,4-4-2,Panchina,7,18,Oppermann L.,Portiere,,,,hv9PpP0t
DFB-Pokal,1/32 FINALE,15.08.2025,Bielefeld,Brema,Casa,Bielefeld,4-4-2,Panchina,8,43,Richter D.,,,,,hv9PpP0t
DFB-Pokal,1/32 FINALE,15.08.2025,Bielefeld,Brema,Casa,Bielefeld,4-4-2,Panchina,9,30,Young I.,,7.4,79',,hv9PpP0t
DFB-Pokal,1/32 FINALE,15.08.2025,Bielefeld,Brema,Ospite,Brema,4-2-3-1,Titolare,1,1,Zetterer M.,Portiere,7.0,,,hv9PpP0t
DFB-Pokal,1/32 FINALE,15.08.2025,Bielefeld,Brema,Ospite,Brema,4-2-3-1,Titolare,2,27,Agu F.,,6.1,,,hv9PpP0t
DFB-Pokal,1/32 FINALE,15.08.2025,Bielefeld,Brema,Ospite,Brema,4-2-3-1,Titolare,3,4,Stark N.,,5.9,,,hv9PpP0t
DFB-Pokal,1/32 FINALE,15.08.2025,Bielefeld,Brema,Ospite,Brema,4-2-3-1,Titolare,4,32,Friedl M.,Capitano,6.5,,,hv9PpP0t
DFB-Pokal,1/32 FINALE,15.08.2025,Bielefeld,Brema,Ospite,Brema,4-2-3-1,Titolare,5,39,Wober M.,,6.7,,79',hv9PpP0t
DFB-Pokal,1/32 FINALE,15.08.2025,Bielefeld,Brema,Ospite,Brema,4-2-3-1,Titolare,6,10,Bittencourt L.,,5.4,,,hv9PpP0t
DFB-Pokal,1/32 FINALE,15.08.2025,Bielefeld,Brema,Ospite,Brema,4-2-3-1,Titolare,7,14,Lynen S.,,6.9,,,hv9PpP0t
DFB-Pokal,1/32 FINALE,15.08.2025,Bielefeld,Brema,Ospite,Brema,4-2-3-1,Titolare,8,11,Njinmah J.,,6.4,,60',hv9PpP0t
DFB-Pokal,1/32 FINALE,15.08.2025,Bielefeld,Brema,Ospite,Brema,4-2-3-1,Titolare,9,20,Schmid R.,,7.7,,,hv9PpP0t
DFB-Pokal,1/32 FINALE,15.08.2025,Bielefeld,Brema,Ospite,Brema,4-2-3-1,Titolare,10,24,Covic P.,,6.1,,72',hv9PpP0t
DFB-Pokal,1/32 FINALE,15.08.2025,Bielefeld,Brema,Ospite,Brema,4-2-3-1,Titolare,11,17,Grull M.,,6.1,,,hv9PpP0t
DFB-Pokal,1/32 FINALE,15.08.2025,Bielefeld,Brema,Ospite,Brema,4-2-3-1,Panchina,1,34,Adeh W.,,,,,hv9PpP0t
DFB-Pokal,1/32 FINALE,15.08.2025,Bielefeld,Brema,Ospite,Brema,4-2-3-1,Panchina,2,30,Backhaus M.,Portiere,,,,hv9PpP0t
DFB-Pokal,1/32 FINALE,15.08.2025,Bielefeld,Brema,Ospite,Brema,4-2-3-1,Panchina,3,31,Coulibaly K.,,,,,hv9PpP0t
DFB-Pokal,1/32 FINALE,15.08.2025,Bielefeld,Brema,Ospite,Brema,4-2-3-1,Panchina,4,2,Deman O.,,6.5,79',,hv9PpP0t
DFB-Pokal,1/32 FINALE,15.08.2025,Bielefeld,Brema,Ospite,Brema,4-2-3-1,Panchina,5,21,Hansen-Aaroen I.,,,,,hv9PpP0t
DFB-Pokal,1/32 FINALE,15.08.2025,Bielefeld,Brema,Ospite,Brema,4-2-3-1,Panchina,6,22,Malatini J.,,,,,hv9PpP0t
DFB-Pokal,1/32 FINALE,15.08.2025,Bielefeld,Brema,Ospite,Brema,4-2-3-1,Panchina,7,7,Mbangula S.,,6.0,60',,hv9PpP0t
DFB-Pokal,1/32 FINALE,15.08.2025,Bielefeld,Brema,Ospite,Brema,4-2-3-1,Panchina,8,35,Opitz L.,,,,,hv9PpP0t
DFB-Pokal,1/32 FINALE,15.08.2025,Bielefeld,Brema,Ospite,Brema,4-2-3-1,Panchina,9,9,Topp K.,,6.6,72',,hv9PpP0t
DFB-Pokal,1/32 FINALE,15.08.2025,FC Gutersloh,Union Berlino,Casa,FC Gutersloh,4-1-4-1,Titolare,1,12,Matuschewsky T.,Portiere,5.6,,,YD0OHQWg
DFB-Pokal,1/32 FINALE,15.08.2025,FC Gutersloh,Union Berlino,Casa,FC Gutersloh,4-1-4-1,Titolare,2,33,Arkenberg F.,,6.8,,90+1',YD0OHQWg
DFB-Pokal,1/32 FINALE,15.08.2025,FC Gutersloh,Union Berlino,Casa,FC Gutersloh,4-1-4-1,Titolare,3,23,Henke J.,,6.6,,90+1',YD0OHQWg
DFB-Pokal,1/32 FINALE,15.08.2025,FC Gutersloh,Union Berlino,Casa,FC Gutersloh,4-1-4-1,Titolare,4,17,Winke D.,,7.1,,,YD0OHQWg
DFB-Pokal,1/32 FINALE,15.08.2025,FC Gutersloh,Union Berlino,Casa,FC Gutersloh,4-1-4-1,Titolare,5,28,Lanfer E.,,6.3,,,YD0OHQWg
DFB-Pokal,1/32 FINALE,15.08.2025,FC Gutersloh,Union Berlino,Casa,FC Gutersloh,4-1-4-1,Titolare,6,6,Rother B.,Capitano,7.5,,,YD0OHQWg
DFB-Pokal,1/32 FINALE,15.08.2025,FC Gutersloh,Union Berlino,Casa,FC Gutersloh,4-1-4-1,Titolare,7,10,Langfeld J.,,5.5,,,YD0OHQWg
DFB-Pokal,1/32 FINALE,15.08.2025,FC Gutersloh,Union Berlino,Casa,FC Gutersloh,4-1-4-1,Titolare,8,7,Liehr J.,,6.1,,79',YD0OHQWg
DFB-Pokal,1/32 FINALE,15.08.2025,FC Gutersloh,Union Berlino,Casa,FC Gutersloh,4-1-4-1,Titolare,9,27,Kandic A.,,6.1,,46',YD0OHQWg
DFB-Pokal,1/32 FINALE,15.08.2025,FC Gutersloh,Union Berlino,Casa,FC Gutersloh,4-1-4-1,Titolare,10,21,Frieling L.,,5.9,,79',YD0OHQWg
DFB-Pokal,1/32 FINALE,15.08.2025,FC Gutersloh,Union Berlino,Casa,FC Gutersloh,4-1-4-1,Titolare,11,18,Twardzik P.,,7.3,,,YD0OHQWg
DFB-Pokal,1/32 FINALE,15.08.2025,FC Gutersloh,Union Berlino,Casa,FC Gutersloh,4-1-4-1,Panchina,1,2,Bollmann H.,,,,,YD0OHQWg
DFB-Pokal,1/32 FINALE,15.08.2025,FC Gutersloh,Union Berlino,Casa,FC Gutersloh,4-1-4-1,Panchina,2,34,Borgmann J.,,,90+1',,YD0OHQWg
DFB-Pokal,1/32 FINALE,15.08.2025,FC Gutersloh,Union Berlino,Casa,FC Gutersloh,4-1-4-1,Panchina,3,35,Frese N.,,6.3,79',,YD0OHQWg
DFB-Pokal,1/32 FINALE,15.08.2025,FC Gutersloh,Union Berlino,Casa,FC Gutersloh,4-1-4-1,Panchina,4,8,John H.,,,90+1',,YD0OHQWg
DFB-Pokal,1/32 FINALE,15.08.2025,FC Gutersloh,Union Berlino,Casa,FC Gutersloh,4-1-4-1,Panchina,5,9,Maiella P.,,6.5,79',,YD0OHQWg
DFB-Pokal,1/32 FINALE,15.08.2025,FC Gutersloh,Union Berlino,Casa,FC Gutersloh,4-1-4-1,Panchina,6,24,Reyes S.,,6.6,46',,YD0OHQWg
DFB-Pokal,1/32 FINALE,15.08.2025,FC Gutersloh,Union Berlino,Casa,FC Gutersloh,4-1-4-1,Panchina,7,31,Schabbing R.,Portiere,,,,YD0OHQWg
DFB-Pokal,1/32 FINALE,15.08.2025,FC Gutersloh,Union Berlino,Casa,FC Gutersloh,4-1-4-1,Panchina,8,36,Weichert L.,,,,,YD0OHQWg
DFB-Pokal,1/32 FINALE,15.08.2025,FC Gutersloh,Union Berlino,Casa,FC Gutersloh,4-1-4-1,Panchina,9,15,Wilkesmann L.,,,,,YD0OHQWg
DFB-Pokal,1/32 FINALE,15.08.2025,FC Gutersloh,Union Berlino,Ospite,Union Berlino,3-4-2-1,Titolare,1,1,Ronnow F.,Portiere,6.8,,50',YD0OHQWg
DFB-Pokal,1/32 FINALE,15.08.2025,FC Gutersloh,Union Berlino,Ospite,Union Berlino,3-4-2-1,Titolare,2,5,Doekhi D.,,8.8,,,YD0OHQWg
DFB-Pokal,1/32 FINALE,15.08.2025,FC Gutersloh,Union Berlino,Ospite,Union Berlino,3-4-2-1,Titolare,3,14,Querfeld L.,,8.7,,,YD0OHQWg
DFB-Pokal,1/32 FINALE,15.08.2025,FC Gutersloh,Union Berlino,Ospite,Union Berlino,3-4-2-1,Titolare,4,15,Rothe T.,,7.0,,85',YD0OHQWg
DFB-Pokal,1/32 FINALE,15.08.2025,FC Gutersloh,Union Berlino,Ospite,Union Berlino,3-4-2-1,Titolare,5,28,Trimmel C.,Capitano,7.5,,,YD0OHQWg
DFB-Pokal,1/32 FINALE,15.08.2025,FC Gutersloh,Union Berlino,Ospite,Union Berlino,3-4-2-1,Titolare,6,8,Khedira R.,,8.1,,,YD0OHQWg
DFB-Pokal,1/32 FINALE,15.08.2025,FC Gutersloh,Union Berlino,Ospite,Union Berlino,3-4-2-1,Titolare,7,13,Schafer A.,,7.0,,,YD0OHQWg
DFB-Pokal,1/32 FINALE,15.08.2025,FC Gutersloh,Union Berlino,Ospite,Union Berlino,3-4-2-1,Titolare,8,24,Skov R.,,7.8,,68',YD0OHQWg
DFB-Pokal,1/32 FINALE,15.08.2025,FC Gutersloh,Union Berlino,Ospite,Union Berlino,3-4-2-1,Titolare,9,7,Burke O.,,5.6,,68',YD0OHQWg
DFB-Pokal,1/32 FINALE,15.08.2025,FC Gutersloh,Union Berlino,Ospite,Union Berlino,3-4-2-1,Titolare,10,23,Ilic A.,,9.0,,,YD0OHQWg
DFB-Pokal,1/32 FINALE,15.08.2025,FC Gutersloh,Union Berlino,Ospite,Union Berlino,3-4-2-1,Titolare,11,10,Ansah I.,,6.6,,85',YD0OHQWg
DFB-Pokal,1/32 FINALE,15.08.2025,FC Gutersloh,Union Berlino,Ospite,Union Berlino,3-4-2-1,Panchina,1,19,Haberer J.,,7.4,68',,YD0OHQWg
DFB-Pokal,1/32 FINALE,15.08.2025,FC Gutersloh,Union Berlino,Ospite,Union Berlino,3-4-2-1,Panchina,2,11,Jeong Woo-Yeong,,,85',,YD0OHQWg
DFB-Pokal,1/32 FINALE,15.08.2025,FC Gutersloh,Union Berlino,Ospite,Union Berlino,3-4-2-1,Panchina,3,6,Kemlein A.,,,,,YD0OHQWg
DFB-Pokal,1/32 FINALE,15.08.2025,FC Gutersloh,Union Berlino,Ospite,Union Berlino,3-4-2-1,Panchina,4,33,Kral A.,,6.6,68',,YD0OHQWg
DFB-Pokal,1/32 FINALE,15.08.2025,FC Gutersloh,Union Berlino,Ospite,Union Berlino,3-4-2-1,Panchina,5,27,Ljubicic M.,,,,,YD0OHQWg
DFB-Pokal,1/32 FINALE,15.08.2025,FC Gutersloh,Union Berlino,Ospite,Union Berlino,3-4-2-1,Panchina,6,3,Markgraf A.,,,,,YD0OHQWg
DFB-Pokal,1/32 FINALE,15.08.2025,FC Gutersloh,Union Berlino,Ospite,Union Berlino,3-4-2-1,Panchina,7,17,Preu D.,,,,,YD0OHQWg
DFB-Pokal,1/32 FINALE,15.08.2025,FC Gutersloh,Union Berlino,Ospite,Union Berlino,3-4-2-1,Panchina,8,31,Raab M.,Portiere,7.8,50',,YD0OHQWg
DFB-Pokal,1/32 FINALE,15.08.2025,FC Gutersloh,Union Berlino,Ospite,Union Berlino,3-4-2-1,Panchina,9,21,Skarke T.,,,85',,YD0OHQWg
DFB-Pokal,1/32 FINALE,15.08.2025,Grossaspach,Leverkusen,Casa,Grossaspach,4-2-2-2,Titolare,1,1,Reule M.,Portiere,6.9,,,WCzgdbmJ
DFB-Pokal,1/32 FINALE,15.08.2025,Grossaspach,Leverkusen,Casa,Grossaspach,4-2-2-2,Titolare,2,22,Landwehr B.,,6.7,,77',WCzgdbmJ
DFB-Pokal,1/32 FINALE,15.08.2025,Grossaspach,Leverkusen,Casa,Grossaspach,4-2-2-2,Titolare,3,15,Aidonis A.,,5.9,,,WCzgdbmJ
DFB-Pokal,1/32 FINALE,15.08.2025,Grossaspach,Leverkusen,Casa,Grossaspach,4-2-2-2,Titolare,4,25,Nuraj A.,,5.9,,,WCzgdbmJ
DFB-Pokal,1/32 FINALE,15.08.2025,Grossaspach,Leverkusen,Casa,Grossaspach,4-2-2-2,Titolare,5,14,Mohr N.,,6.4,,,WCzgdbmJ
DFB-Pokal,1/32 FINALE,15.08.2025,Grossaspach,Leverkusen,Casa,Grossaspach,4-2-2-2,Titolare,6,6,Mistl C.,,6.0,,70',WCzgdbmJ
DFB-Pokal,1/32 FINALE,15.08.2025,Grossaspach,Leverkusen,Casa,Grossaspach,4-2-2-2,Titolare,7,5,Celiktas V.,Capitano,4.5,,,WCzgdbmJ
DFB-Pokal,1/32 FINALE,15.08.2025,Grossaspach,Leverkusen,Casa,Grossaspach,4-2-2-2,Titolare,8,27,Maier L.,,7.0,,88',WCzgdbmJ
DFB-Pokal,1/32 FINALE,15.08.2025,Grossaspach,Leverkusen,Casa,Grossaspach,4-2-2-2,Titolare,9,10,Tasdelen M.,,6.1,,,WCzgdbmJ
DFB-Pokal,1/32 FINALE,15.08.2025,Grossaspach,Leverkusen,Casa,Grossaspach,4-2-2-2,Titolare,10,11,Kleinschrodt M.,,5.2,,88',WCzgdbmJ
DFB-Pokal,1/32 FINALE,15.08.2025,Grossaspach,Leverkusen,Casa,Grossaspach,4-2-2-2,Titolare,11,23,Eisele F.,,6.6,,70',WCzgdbmJ
DFB-Pokal,1/32 FINALE,15.08.2025,Grossaspach,Leverkusen,Casa,Grossaspach,4-2-2-2,Panchina,1,17,Ender L.,,,88',,WCzgdbmJ
DFB-Pokal,1/32 FINALE,15.08.2025,Grossaspach,Leverkusen,Casa,Grossaspach,4-2-2-2,Panchina,2,19,Huras M.,,,,,WCzgdbmJ
DFB-Pokal,1/32 FINALE,15.08.2025,Grossaspach,Leverkusen,Casa,Grossaspach,4-2-2-2,Panchina,3,37,Kretschmar H.,,,,,WCzgdbmJ
DFB-Pokal,1/32 FINALE,15.08.2025,Grossaspach,Leverkusen,Casa,Grossaspach,4-2-2-2,Panchina,4,16,Kunde M.,,6.3,70',,WCzgdbmJ
DFB-Pokal,1/32 FINALE,15.08.2025,Grossaspach,Leverkusen,Casa,Grossaspach,4-2-2-2,Panchina,5,20,Maier L.,,6.3,77',,WCzgdbmJ
DFB-Pokal,1/32 FINALE,15.08.2025,Grossaspach,Leverkusen,Casa,Grossaspach,4-2-2-2,Panchina,6,12,Michalik A.,Portiere,,,,WCzgdbmJ
DFB-Pokal,1/32 FINALE,15.08.2025,Grossaspach,Leverkusen,Casa,Grossaspach,4-2-2-2,Panchina,7,21,Molinari L.,,,,,WCzgdbmJ
DFB-Pokal,1/32 FINALE,15.08.2025,Grossaspach,Leverkusen,Casa,Grossaspach,4-2-2-2,Panchina,8,18,Pollex N.,,,88',,WCzgdbmJ
DFB-Pokal,1/32 FINALE,15.08.2025,Grossaspach,Leverkusen,Casa,Grossaspach,4-2-2-2,Panchina,9,35,Stoppel L.,,5.7,70',,WCzgdbmJ
DFB-Pokal,1/32 FINALE,15.08.2025,Grossaspach,Leverkusen,Ospite,Leverkusen,3-4-3,Titolare,1,1,Flekken M.,Portiere,7.7,,,WCzgdbmJ
DFB-Pokal,1/32 FINALE,15.08.2025,Grossaspach,Leverkusen,Ospite,Leverkusen,3-4-3,Titolare,2,4,Quansah J.,,7.5,,,WCzgdbmJ
DFB-Pokal,1/32 FINALE,15.08.2025,Grossaspach,Leverkusen,Ospite,Leverkusen,3-4-3,Titolare,3,12,Tapsoba E.,,8.1,,,WCzgdbmJ
DFB-Pokal,1/32 FINALE,15.08.2025,Grossaspach,Leverkusen,Ospite,Leverkusen,3-4-3,Titolare,4,3,Hincapie P.,,7.7,,65',WCzgdbmJ
DFB-Pokal,1/32 FINALE,15.08.2025,Grossaspach,Leverkusen,Ospite,Leverkusen,3-4-3,Titolare,5,13,Arthur,,8.7,,,WCzgdbmJ
DFB-Pokal,1/32 FINALE,15.08.2025,Grossaspach,Leverkusen,Ospite,Leverkusen,3-4-3,Titolare,6,24,Garcia A.,,8.7,,,WCzgdbmJ
DFB-Pokal,1/32 FINALE,15.08.2025,Grossaspach,Leverkusen,Ospite,Leverkusen,3-4-3,Titolare,7,8,Andrich R.,Capitano,6.5,,,WCzgdbmJ
DFB-Pokal,1/32 FINALE,15.08.2025,Grossaspach,Leverkusen,Ospite,Leverkusen,3-4-3,Titolare,8,23,Tella N.,,6.7,,65',WCzgdbmJ
DFB-Pokal,1/32 FINALE,15.08.2025,Grossaspach,Leverkusen,Ospite,Leverkusen,3-4-3,Titolare,9,21,Adli A.,,7.4,,46',WCzgdbmJ
DFB-Pokal,1/32 FINALE,15.08.2025,Grossaspach,Leverkusen,Ospite,Leverkusen,3-4-3,Titolare,10,14,Schick P.,,8.3,,78',WCzgdbmJ
DFB-Pokal,1/32 FINALE,15.08.2025,Grossaspach,Leverkusen,Ospite,Leverkusen,3-4-3,Titolare,11,30,Maza I.,,7.1,,85',WCzgdbmJ
DFB-Pokal,1/32 FINALE,15.08.2025,Grossaspach,Leverkusen,Ospite,Leverkusen,3-4-3,Panchina,1,17,Alfa-Ruprecht F.,,,,,WCzgdbmJ
DFB-Pokal,1/32 FINALE,15.08.2025,Grossaspach,Leverkusen,Ospite,Leverkusen,3-4-3,Panchina,2,28,Blaswich J.,Portiere,,,,WCzgdbmJ
DFB-Pokal,1/32 FINALE,15.08.2025,Grossaspach,Leverkusen,Ospite,Leverkusen,3-4-3,Panchina,3,22,Boniface V.,,,,,WCzgdbmJ
DFB-Pokal,1/32 FINALE,15.08.2025,Grossaspach,Leverkusen,Ospite,Leverkusen,3-4-3,Panchina,4,20,Grimaldo A.,,7.5,46',,WCzgdbmJ
DFB-Pokal,1/32 FINALE,15.08.2025,Grossaspach,Leverkusen,Ospite,Leverkusen,3-4-3,Panchina,5,35,Kofane C.,,7.6,78',,WCzgdbmJ
DFB-Pokal,1/32 FINALE,15.08.2025,Grossaspach,Leverkusen,Ospite,Leverkusen,3-4-3,Panchina,6,36,Lomb N.,Portiere,,,,WCzgdbmJ
DFB-Pokal,1/32 FINALE,15.08.2025,Grossaspach,Leverkusen,Ospite,Leverkusen,3-4-3,Panchina,7,27,Mensah J.,,,85',,WCzgdbmJ
DFB-Pokal,1/32 FINALE,15.08.2025,Grossaspach,Leverkusen,Ospite,Leverkusen,3-4-3,Panchina,8,19,Poku E.,,7.7,65',,WCzgdbmJ
DFB-Pokal,1/32 FINALE,15.08.2025,Grossaspach,Leverkusen,Ospite,Leverkusen,3-4-3,Panchina,9,18,Sarco A.,,,,,WCzgdbmJ
DFB-Pokal,1/32 FINALE,15.08.2025,Grossaspach,Leverkusen,Ospite,Leverkusen,3-4-3,Panchina,10,16,Tape A.,,6.8,65',,WCzgdbmJ
DFB-Pokal,1/32 FINALE,15.08.2025,Saarbrucken,Magdeburg,Casa,Saarbrucken,5-3-2,Titolare,1,13,Menzel P.,Portiere,5.2,,,EXLcWPom
DFB-Pokal,1/32 FINALE,15.08.2025,Saarbrucken,Magdeburg,Casa,Saarbrucken,5-3-2,Titolare,2,7,Rizzuto C.,,6.4,,,EXLcWPom
DFB-Pokal,1/32 FINALE,15.08.2025,Saarbrucken,Magdeburg,Casa,Saarbrucken,5-3-2,Titolare,3,18,Wilhelm L.,,6.4,,,EXLcWPom
DFB-Pokal,1/32 FINALE,15.08.2025,Saarbrucken,Magdeburg,Casa,Saarbrucken,5-3-2,Titolare,4,4,Sonnenberg S.,Capitano,7.0,,,EXLcWPom
DFB-Pokal,1/32 FINALE,15.08.2025,Saarbrucken,Magdeburg,Casa,Saarbrucken,5-3-2,Titolare,5,27,Bichsel J.,,6.1,,,EXLcWPom
DFB-Pokal,1/32 FINALE,15.08.2025,Saarbrucken,Magdeburg,Casa,Saarbrucken,5-3-2,Titolare,6,28,Bretschneider N.,,5.9,,82',EXLcWPom
DFB-Pokal,1/32 FINALE,15.08.2025,Saarbrucken,Magdeburg,Casa,Saarbrucken,5-3-2,Titolare,7,8,Zeitz M.,,6.5,,63',EXLcWPom
DFB-Pokal,1/32 FINALE,15.08.2025,Saarbrucken,Magdeburg,Casa,Saarbrucken,5-3-2,Titolare,8,5,Krahn E.,,7.5,,,EXLcWPom
DFB-Pokal,1/32 FINALE,15.08.2025,Saarbrucken,Magdeburg,Casa,Saarbrucken,5-3-2,Titolare,9,23,Civeja T.,,7.1,,77',EXLcWPom
DFB-Pokal,1/32 FINALE,15.08.2025,Saarbrucken,Magdeburg,Casa,Saarbrucken,5-3-2,Titolare,10,9,Brunker K.,,7.6,,,EXLcWPom
DFB-Pokal,1/32 FINALE,15.08.2025,Saarbrucken,Magdeburg,Casa,Saarbrucken,5-3-2,Titolare,11,20,Pick F.,,6.2,,63',EXLcWPom
DFB-Pokal,1/32 FINALE,15.08.2025,Saarbrucken,Magdeburg,Casa,Saarbrucken,5-3-2,Panchina,1,30,Baumann D.,,,82',,EXLcWPom
DFB-Pokal,1/32 FINALE,15.08.2025,Saarbrucken,Magdeburg,Casa,Saarbrucken,5-3-2,Panchina,2,32,Bormuth R.,,,,,EXLcWPom
DFB-Pokal,1/32 FINALE,15.08.2025,Saarbrucken,Magdeburg,Casa,Saarbrucken,5-3-2,Panchina,3,17,Elongo-Yombo R.,,6.7,63',,EXLcWPom
DFB-Pokal,1/32 FINALE,15.08.2025,Saarbrucken,Magdeburg,Casa,Saarbrucken,5-3-2,Panchina,4,11,Multhaup M.,,6.5,77',,EXLcWPom
DFB-Pokal,1/32 FINALE,15.08.2025,Saarbrucken,Magdeburg,Casa,Saarbrucken,5-3-2,Panchina,5,1,Paterok T.,Portiere,,,,EXLcWPom
DFB-Pokal,1/32 FINALE,15.08.2025,Saarbrucken,Magdeburg,Casa,Saarbrucken,5-3-2,Panchina,6,10,Rabihic K.,,6.8,63',,EXLcWPom
DFB-Pokal,1/32 FINALE,15.08.2025,Saarbrucken,Magdeburg,Casa,Saarbrucken,5-3-2,Panchina,7,39,Schmidt P.,,,,,EXLcWPom
DFB-Pokal,1/32 FINALE,15.08.2025,Saarbrucken,Magdeburg,Casa,Saarbrucken,5-3-2,Panchina,8,33,Schumacher T.,,,,,EXLcWPom
DFB-Pokal,1/32 FINALE,15.08.2025,Saarbrucken,Magdeburg,Casa,Saarbrucken,5-3-2,Panchina,9,24,Wollschlager L.,,,,,EXLcWPom
DFB-Pokal,1/32 FINALE,15.08.2025,Saarbrucken,Magdeburg,Ospite,Magdeburg,3-4-3,Titolare,1,1,Reimann D.,Portiere,6.6,,,EXLcWPom
DFB-Pokal,1/32 FINALE,15.08.2025,Saarbrucken,Magdeburg,Ospite,Magdeburg,3-4-3,Titolare,2,3,Hoti A.,,7.1,,,EXLcWPom
DFB-Pokal,1/32 FINALE,15.08.2025,Saarbrucken,Magdeburg,Ospite,Magdeburg,3-4-3,Titolare,3,24,Hugonet J.,,6.2,,,EXLcWPom
DFB-Pokal,1/32 FINALE,15.08.2025,Saarbrucken,Magdeburg,Ospite,Magdeburg,3-4-3,Titolare,4,5,Muller T.,,6.6,,,EXLcWPom
DFB-Pokal,1/32 FINALE,15.08.2025,Saarbrucken,Magdeburg,Ospite,Magdeburg,3-4-3,Titolare,5,7,Bockhorn H.,,6.4,,,EXLcWPom
DFB-Pokal,1/32 FINALE,15.08.2025,Saarbrucken,Magdeburg,Ospite,Magdeburg,3-4-3,Titolare,6,21,Michel F.,,6.9,,62',EXLcWPom
DFB-Pokal,1/32 FINALE,15.08.2025,Saarbrucken,Magdeburg,Ospite,Magdeburg,3-4-3,Titolare,7,25,Gnaka S.,,7.5,,62',EXLcWPom
DFB-Pokal,1/32 FINALE,15.08.2025,Saarbrucken,Magdeburg,Ospite,Magdeburg,3-4-3,Titolare,8,19,Musonda L.,,6.6,,88',EXLcWPom
DFB-Pokal,1/32 FINALE,15.08.2025,Saarbrucken,Magdeburg,Ospite,Magdeburg,3-4-3,Titolare,9,29,Ghrieb R.,,8.8,,71',EXLcWPom
DFB-Pokal,1/32 FINALE,15.08.2025,Saarbrucken,Magdeburg,Ospite,Magdeburg,3-4-3,Titolare,10,9,Kaars M.,,6.9,,,EXLcWPom
DFB-Pokal,1/32 FINALE,15.08.2025,Saarbrucken,Magdeburg,Ospite,Magdeburg,3-4-3,Titolare,11,23,Atik B.,,7.1,,71',EXLcWPom
DFB-Pokal,1/32 FINALE,15.08.2025,Saarbrucken,Magdeburg,Ospite,Magdeburg,3-4-3,Panchina,1,4,Dzogovic E.,,,,,EXLcWPom
DFB-Pokal,1/32 FINALE,15.08.2025,Saarbrucken,Magdeburg,Ospite,Magdeburg,3-4-3,Panchina,2,28,Geschwill M.,,,,,EXLcWPom
DFB-Pokal,1/32 FINALE,15.08.2025,Saarbrucken,Magdeburg,Ospite,Magdeburg,3-4-3,Panchina,3,15,Heber D.,,,88',,EXLcWPom
DFB-Pokal,1/32 FINALE,15.08.2025,Saarbrucken,Magdeburg,Ospite,Magdeburg,3-4-3,Panchina,4,11,Holmstrom A.,,6.5,62',,EXLcWPom
DFB-Pokal,1/32 FINALE,15.08.2025,Saarbrucken,Magdeburg,Ospite,Magdeburg,3-4-3,Panchina,5,13,Krempicki C.,,,,,EXLcWPom
DFB-Pokal,1/32 FINALE,15.08.2025,Saarbrucken,Magdeburg,Ospite,Magdeburg,3-4-3,Panchina,6,30,Kruth N.,Portiere,,,,EXLcWPom
DFB-Pokal,1/32 FINALE,15.08.2025,Saarbrucken,Magdeburg,Ospite,Magdeburg,3-4-3,Panchina,7,10,Pesch N.,,6.3,71',,EXLcWPom
DFB-Pokal,1/32 FINALE,15.08.2025,Saarbrucken,Magdeburg,Ospite,Magdeburg,3-4-3,Panchina,8,6,Stalmach D.,,6.7,62',,EXLcWPom
DFB-Pokal,1/32 FINALE,15.08.2025,Saarbrucken,Magdeburg,Ospite,Magdeburg,3-4-3,Panchina,9,8,Ulrich L.,,6.9,71',,EXLcWPom
