Competizione,Turno,Data,Casa,Ospite,Lato,Squadra,Giocatore,Ruolo,Stato,Rating,ASSISTS_GOAL,BALL_RECOVERIES,BIG_CHANCES_CREATED,BIG_CHANCES_MISSED,BIG_CHANCES_SAVED,BOX_ENTRIES_ACCURATE,BOX_ENTRIES_EFFICIENCY,BOX_ENTRIES_TOTAL,CARDS_RED,CARDS_YELLOW,CARDS_YELLOW_SECOND,CHALLENGE_LOST,CLEARANCES,CLEARANCES_OFF_LINE,CROSSES_ACCURACY,CROSSES_ACCURATE,CROSSES_TOTAL,DRIBBLES_EFFICIENCY,DRIBBLES_TOTAL,DRIBBLES_WON,DUELS_AERIAL_EFFICIENCY,DUELS_AERIAL_TOTAL,DUELS_AERIAL_WON,DUELS_EFFICIENCY,DUELS_GROUND_EFFICIENCY,DUELS_GROUND_TOTAL,DUELS_GROUND_WON,DUELS_TOTAL,DUELS_WON,ERRORS_LEAD_TO_GOAL,ERRORS_LEAD_TO_SHOT,EXPECTED_ASSISTS,EXPECTED_GOALS,EXPECTED_GOALS_ON_TARGET,EXPECTED_GOALS_ON_TARGET_FACED,FINAL_THIRD_ENTRIES_EFFICIENCY,FINAL_THIRD_ENTRIES_SUCCESSFUL,FINAL_THIRD_ENTRIES_TOTAL,FOULS_COMMITTED,FOULS_SUFFERED,GOALS,GOALS_CONCEDED,GOALS_OWN,GOALS_PENALTY,GOALS_PREVENTED,GOALS_PREVENTED_NO_PENALTIES,HIGH_CLAIM_EFFICIENCY,HIGH_CLAIM_SAVED,HIGH_CLAIM_TOTAL,HIT_WOODWORK,INTERCEPTIONS,KEEPER_SWEEPER_TOTAL,KEEPER_THROWS_TOTAL,KEY_PASSES,LAYOFFS_ACCURACY,LAYOFFS_ACCURATE,LAYOFFS_TOTAL,LONG_BALLS_ACCURACY,LONG_BALLS_ACCURATE,LONG_BALLS_TOTAL,MATCH_MINUTES_PLAYED,MATCH_MINUTES_PLAYED_LIVE,MATCH_ON_PITCH_LIVE,OFFSIDES,OUTFIELDER_BLOCKS,PASSES_ACCURACY,PASSES_ACCURATE,PASSES_FINAL_THIRD_ACCURACY,PASSES_FINAL_THIRD_ACCURATE,PASSES_FINAL_THIRD_TOTAL,PASSES_OPEN_PLAY_ACCURACY,PASSES_OPEN_PLAY_ACCURATE,PASSES_OPEN_PLAY_TOTAL,PASSES_TOTAL,PENALTIES_COMMITTED,PENALTIES_NOT_CONVERTED,PENALTIES_SAVED,PENALTIES_WON,PENALTY_SHOOTOUT_ATTEMPTS_NOT_CONVERTED,PENALTY_SHOOTOUT_ATTEMPTS_SAVES,PENALTY_SHOOTOUT_ATTEMPTS_SCORED,PROGRESSIVE_CARRIES,PROGRESSIVE_PASSES_ACCURACY,PROGRESSIVE_PASSES_ACCURATE,PROGRESSIVE_PASSES_TOTAL,PUNCHES_TOTAL,SAVES_TOTAL,SHOTS_BLOCKED,SHOTS_BOX_IN,SHOTS_BOX_OUT,SHOTS_FACED,SHOTS_HEAD,SHOTS_OFF_TARGET,SHOTS_ON_TARGET,SHOTS_TOTAL,TACKLES_EFFICIENCY,TACKLES_TOTAL,TACKLES_WON,TACKLE_LAST_MAN,THROUGH_BALLS,TOUCHES_BOX_OPPOSITE,TOUCHES_TOTAL,TURNOVERS
DFB-Pokal,FINALE,23.05.2026,Bayern,Stoccarda,Casa,Bayern,Guerreiro Raphael,Difensore,Subentrato,,0,1,0,0,0,0,0.0,0,0,0,0,0,0,0,0.0,0,0,0.0,0,0,0.0,0,0,0.0,0.0,1,0,1,0,0,0,0.0,0.0,0.0,0.0,0.0,0,0,1,0,0,0,0,0,0.0,0.0,0.0,0,0,0,0,0,0,0,0.0,0,0,0.0,0,0,1,1,0,0,0,0.333,1,0.0,0,0,0.333,1,3,3,0,0,0,0,0,0,0,0,0.0,0,0,0,0,0,0,0,0,0,0,0,0,0.0,0,0,0,0,0,3,0
DFB-Pokal,FINALE,23.05.2026,Bayern,Stoccarda,Casa,Bayern,Musiala Jamal,Centrocampista offensivo,Titolare,5.7,0,2,0,0,0,0,0.0,1,0,0,0,0,0,0,0.0,0,0,1.0,1,1,0.0,1,0,0.222,0.25,8,2,9,2,0,0,0.012,0.032,0.0,0.44,1.0,2,2,1,0,0,0,0,0,0.44,0.44,0.0,0,0,0,0,0,0,0,1.0,1,1,0.0,0,0,76,76,0,0,0,0.8,16,0.625,5,8,0.8,16,20,20,0,0,0,0,0,0,0,4,0.0,0,2,0,0,0,0,1,0,0,1,0,1,0.0,1,0,0,0,1,31,6
DFB-Pokal,FINALE,23.05.2026,Bayern,Stoccarda,Casa,Bayern,Diaz Luis,Ala,Titolare,5.8,1,2,0,0,0,0,0.0,0,0,0,0,1,0,0,0.0,0,0,0.0,7,0,0.0,2,0,0.235,0.267,15,4,17,4,0,0,0.064,0.061,0.185,0.44,0.0,0,0,1,1,0,0,0,0,0.44,0.44,0.0,0,0,0,0,0,0,1,1.0,2,2,0.0,0,0,90,90,0,0,0,0.964,27,1.0,5,5,0.963,26,27,28,0,0,0,0,0,0,0,7,1.0,3,3,0,0,0,2,0,0,0,0,2,2,0.333,3,1,0,0,4,52,9
DFB-Pokal,FINALE,23.05.2026,Bayern,Stoccarda,Casa,Bayern,Stanisic Josip,Terzino,Titolare,6.1,0,6,0,0,0,0,0.0,1,0,0,0,1,1,0,0.0,0,0,0.25,4,1,0.0,2,0,0.286,0.4,5,2,7,2,0,0,0.054,0.042,0.05,0.44,0.5,2,4,0,1,0,0,0,0,0.44,0.44,0.0,0,0,0,0,0,0,1,0.0,0,0,0.2,1,5,89,89,0,1,1,0.697,23,0.8,4,5,0.697,23,33,33,0,0,0,0,0,0,0,2,0.25,2,8,0,0,0,0,1,0,0,0,1,1,0.0,0,0,0,0,3,56,4
DFB-Pokal,FINALE,23.05.2026,Bayern,Stoccarda,Casa,Bayern,Karl Lennart,Centrocampista,Subentrato,6.4,0,1,0,0,0,0,0.0,0,0,0,0,0,0,0,0.0,0,0,0.0,0,0,0.0,0,0,0.0,0.0,0,0,0,0,0,0,0.066,0.0,0.0,0.0,0.0,0,0,0,0,0,0,0,0,0.0,0.0,0.0,0,0,0,0,0,0,0,0.5,1,2,0.0,0,0,14,14,0,0,0,0.667,8,0.6,3,5,0.667,8,12,12,0,0,0,0,0,0,0,1,1.0,1,1,0,0,0,0,0,0,0,0,0,0,0.0,0,0,0,0,2,13,0
DFB-Pokal,FINALE,23.05.2026,Bayern,Stoccarda,Casa,Bayern,Laimer Konrad,Terzino,Titolare,5.6,0,6,0,1,0,1,1.0,1,0,0,0,1,0,0,1.0,1,1,0.0,2,0,0.0,1,0,0.182,0.2,10,2,11,2,0,0,0.023,0.705,0.0,0.44,0.667,2,3,0,0,0,0,0,0,0.44,0.44,0.0,0,0,0,0,0,0,1,1.0,1,1,0.333,1,3,89,89,0,0,1,0.889,40,1.0,7,7,0.889,40,45,45,0,0,0,0,0,0,0,3,0.714,5,7,0,0,0,1,0,0,0,1,0,1,0.5,2,1,0,0,1,74,5
DFB-Pokal,FINALE,23.05.2026,Bayern,Stoccarda,Casa,Bayern,Urbig Jonas,Portiere,Titolare,7.1,0,9,0,0,0,0,0.0,2,0,0,0,0,1,0,0.0,0,0,0.0,0,0,0.0,0,0,0.0,0.0,0,0,0,0,0,1,0.005,0.0,0.0,0.44,0.222,2,9,0,0,0,0,0,0,0.44,0.44,0.0,0,0,0,0,1,2,0,0.0,0,0,0.323,10,31,90,90,0,0,0,0.611,33,0.222,2,9,0.635,33,52,54,0,0,0,0,0,0,0,2,0.31,9,29,1,3,0,0,0,3,0,0,0,0,0.0,0,0,0,0,0,60,0
DFB-Pokal,FINALE,23.05.2026,Bayern,Stoccarda,Casa,Bayern,Pavlovic Aleksandar,Centrocampista,Titolare,6.4,0,4,0,0,0,0,0.0,0,0,0,0,0,0,0,0.0,0,0,1.0,1,1,0.5,2,1,0.571,0.6,5,3,7,4,0,0,0.024,0.0,0.0,0.44,0.75,3,4,1,1,0,0,0,0,0.44,0.44,0.0,0,0,0,1,0,0,1,0.8,4,5,0.0,0,2,89,89,0,0,0,0.859,61,0.556,5,9,0.859,61,71,71,0,0,0,0,0,0,0,6,0.0,0,2,0,0,0,0,0,0,0,0,0,0,0.0,1,0,0,1,1,83,2
DFB-Pokal,FINALE,23.05.2026,Bayern,Stoccarda,Casa,Bayern,Bischof Tom,Centrocampista,Subentrato,,0,0,0,0,0,0,0.0,0,0,0,0,0,0,0,0.0,0,0,0.0,0,0,0.0,0,0,0.0,0.0,0,0,0,0,0,0,0.0,0.0,0.0,0.0,0.0,0,0,0,0,0,0,0,0,0.0,0.0,0.0,0,0,0,0,0,0,0,0.0,0,0,0.0,0,0,1,1,0,0,0,1.0,2,0.0,0,0,1.0,2,2,2,0,0,0,0,0,0,0,0,0.0,0,0,0,0,0,0,0,0,0,0,0,0,0.0,0,0,0,0,0,2,0
DFB-Pokal,FINALE,23.05.2026,Bayern,Stoccarda,Casa,Bayern,Goretzka Leon,Centrocampista,Subentrato,,0,0,0,0,0,0,0.0,0,0,0,0,0,0,0,0.0,0,0,0.0,0,0,0.0,0,0,1.0,1.0,1,1,1,1,0,0,0.0,0.0,0.0,0.0,0.0,0,0,0,0,0,0,0,0,0.0,0.0,0.0,0,0,0,0,0,0,0,0.0,0,0,0.0,0,0,1,1,0,0,0,1.0,5,0.0,0,0,1.0,5,5,5,0,0,0,0,0,0,0,0,0.0,0,0,0,0,0,0,0,0,0,0,0,0,1.0,1,1,0,0,0,6,0
DFB-Pokal,FINALE,23.05.2026,Bayern,Stoccarda,Casa,Bayern,Upamecano Dayot,Difensore centrale,Titolare,7.4,0,5,0,0,0,0,0.0,1,0,0,0,1,6,0,0.0,0,1,0.333,3,1,0.667,6,4,0.615,0.571,7,4,13,8,0,0,0.012,0.0,0.0,0.44,0.875,7,8,0,1,0,0,0,0,0.44,0.44,0.0,0,0,0,0,0,0,0,0.0,0,0,0.6,3,5,90,90,0,0,0,0.917,77,0.889,8,9,0.916,76,83,84,0,0,0,0,0,0,0,7,0.429,3,7,0,0,0,0,0,0,0,0,0,0,1.0,2,2,0,0,0,97,0
DFB-Pokal,FINALE,23.05.2026,Bayern,Stoccarda,Casa,Bayern,Kane Harry,Attaccante,Titolare,9.2,0,3,0,0,0,2,1.0,2,0,0,0,2,0,0,0.0,0,0,0.0,1,0,0.0,2,0,0.125,0.167,6,1,8,1,0,0,0.053,1.531,2.078,0.44,1.0,5,5,1,1,3,0,0,1,0.44,0.44,0.0,0,0,0,0,0,0,2,0.0,0,0,0.8,4,5,90,90,0,0,0,0.759,22,0.8,8,10,0.759,22,29,29,0,0,0,0,0,0,0,3,0.778,7,9,0,0,1,4,1,0,1,1,3,5,0.0,0,0,0,0,9,45,3
DFB-Pokal,FINALE,23.05.2026,Bayern,Stoccarda,Casa,Bayern,Olise Michael,Ala,Titolare,6.7,0,2,0,0,0,0,0.0,5,0,0,0,0,0,0,0.0,0,3,0.0,4,0,0.667,3,2,0.538,0.5,10,5,13,7,0,0,0.221,0.054,0.0,0.44,0.143,1,7,0,5,0,0,0,0,0.44,0.44,0.0,0,0,0,0,0,0,0,1.0,1,1,0.167,1,6,89,89,0,0,0,0.804,45,0.619,13,21,0.804,45,56,56,0,0,0,0,0,0,0,15,0.111,1,9,0,0,1,0,1,0,0,0,0,1,0.0,0,0,0,1,2,75,3
DFB-Pokal,FINALE,23.05.2026,Bayern,Stoccarda,Casa,Bayern,Kimmich Joshua,Centrocampista,Titolare,8.2,0,3,0,0,0,2,1.0,2,0,0,0,0,1,0,0.0,0,0,0.0,0,0,0.5,2,1,0.667,0.75,4,3,6,4,0,0,0.207,0.0,0.0,0.44,0.769,10,13,0,2,0,0,0,0,0.44,0.44,0.0,0,0,0,3,0,0,1,0.0,0,0,0.444,4,9,90,90,0,0,0,0.912,62,0.765,13,17,0.949,56,59,68,0,0,0,0,0,0,0,3,0.75,9,12,0,0,0,0,0,0,0,0,0,0,1.0,1,1,0,0,1,83,1
DFB-Pokal,FINALE,23.05.2026,Bayern,Stoccarda,Casa,Bayern,Ito Hiroki,Difensore,Subentrato,,0,0,0,0,0,0,0.0,0,0,0,0,0,0,0,0.0,0,0,0.0,0,0,0.0,0,0,0.0,0.0,0,0,0,0,0,0,0.0,0.0,0.0,0.0,0.0,0,0,0,0,0,0,0,0,0.0,0.0,0.0,0,0,0,0,0,0,0,0.0,0,0,0.0,0,0,1,1,0,0,0,0.0,0,0.0,0,0,0.0,0,0,0,0,0,0,0,0,0,0,0,0.0,0,0,0,0,0,0,0,0,0,0,0,0,0.0,0,0,0,0,0,0,0
DFB-Pokal,FINALE,23.05.2026,Bayern,Stoccarda,Casa,Bayern,Tah Jonathan,Difensore centrale,Titolare,6.7,0,3,0,0,0,0,0.0,0,0,0,0,0,2,0,0.0,0,0,0.0,0,0,0.5,2,1,0.667,1.0,1,1,3,2,0,0,0.005,0.0,0.0,0.44,0.75,3,4,0,0,0,0,0,0,0.44,0.44,0.0,0,0,0,1,0,0,0,0.0,0,0,0.75,3,4,90,90,0,0,0,0.909,50,0.75,3,4,0.898,44,49,55,0,0,0,0,0,0,0,2,0.333,1,3,0,0,0,0,0,0,0,0,0,0,1.0,1,1,0,0,0,61,0
DFB-Pokal,FINALE,23.05.2026,Bayern,Stoccarda,Ospite,Stoccarda,Fuhrich Chris,Centrocampista offensivo,Titolare,6.4,0,3,0,0,0,3,1.0,3,0,1,0,0,0,0,0.5,1,2,0.0,2,0,0.0,1,0,0.375,0.429,7,3,8,3,0,0,0.13,0.062,0.027,0.995,0.0,0,0,2,1,0,1,0,0,-0.005,-0.005,0.0,0,0,0,0,0,0,2,0.0,0,0,0.0,0,0,78,78,0,0,0,0.789,15,0.909,10,11,0.789,15,19,19,0,0,0,0,0,0,0,6,0.667,2,3,0,0,1,1,1,1,0,0,1,2,0.0,2,0,0,0,3,34,1
DFB-Pokal,FINALE,23.05.2026,Bayern,Stoccarda,Ospite,Stoccarda,Stiller Angelo,Centrocampista,Titolare,5.8,0,7,0,0,0,1,0.333,3,0,0,0,0,1,0,0.0,0,1,0.0,0,0,1.0,1,1,0.6,0.5,4,2,5,3,0,0,0.025,0.048,0.0,2.313,0.333,3,9,3,0,0,3,0,0,-0.687,-0.585,0.0,0,0,0,0,0,0,0,1.0,2,2,0.25,1,4,90,90,0,0,0,0.767,33,0.563,9,16,0.763,29,38,43,1,0,0,0,0,0,0,4,0.286,2,7,0,0,0,0,1,3,0,1,0,1,1.0,2,2,0,0,0,53,2
DFB-Pokal,FINALE,23.05.2026,Bayern,Stoccarda,Ospite,Stoccarda,Nubel Alexander,Portiere,Titolare,5.9,0,7,0,0,0,0,0.0,1,0,0,0,0,1,0,0.0,0,0,0.0,0,0,0.0,0,0,0.0,0.0,0,0,0,0,0,0,0.002,0.0,0.0,2.313,0.111,1,9,0,0,0,3,0,0,-0.687,-0.585,0.0,0,0,0,0,0,2,0,0.0,0,0,0.206,7,34,90,90,0,0,0,0.27,10,0.111,1,9,0.28,7,25,37,0,0,0,0,0,0,0,1,0.182,6,33,1,3,0,0,0,6,0,0,0,0,0.0,0,0,0,0,0,43,0
DFB-Pokal,FINALE,23.05.2026,Bayern,Stoccarda,Ospite,Stoccarda,Andres Chema,Centrocampista,Titolare,6.1,0,2,0,0,0,0,0.0,0,0,0,0,0,2,0,0.0,0,0,1.0,1,1,1.0,2,2,0.857,0.8,5,4,7,6,0,0,0.022,0.044,0.0,1.415,0.5,2,4,1,1,0,2,0,0,-0.585,-0.585,0.0,0,0,0,3,0,0,0,0.0,0,0,0.25,1,4,84,84,0,0,0,0.684,13,0.714,5,7,0.667,12,18,19,0,0,0,0,0,0,0,1,0.333,2,6,0,0,0,1,0,2,1,1,0,1,0.0,2,0,0,0,1,34,1
DFB-Pokal,FINALE,23.05.2026,Bayern,Stoccarda,Ospite,Stoccarda,Chabot Jeff,Difensore centrale,Titolare,6.5,0,1,0,0,0,0,0.0,0,0,1,0,0,4,0,0.0,0,0,0.0,0,0,1.0,3,3,0.8,0.714,7,5,10,8,0,0,0.013,0.0,0.0,2.313,0.75,3,4,2,1,0,3,0,0,-0.687,-0.585,0.0,0,0,0,0,0,0,0,1.0,1,1,0.8,4,5,90,90,0,0,1,0.872,34,0.75,3,4,0.872,34,39,39,0,0,0,0,0,0,0,0,0.571,4,7,0,0,0,0,0,3,0,0,0,0,0.5,4,2,0,0,0,54,2
DFB-Pokal,FINALE,23.05.2026,Bayern,Stoccarda,Ospite,Stoccarda,Mittelstadt Maximilian,Esterno,Titolare,7.2,0,4,0,0,0,1,0.2,5,0,0,0,1,2,0,0.333,2,6,1.0,1,1,0.667,3,2,0.857,0.909,11,10,14,12,0,0,0.217,0.042,0.079,2.313,0.6,3,5,0,1,0,3,0,0,-0.687,-0.585,0.0,0,0,0,0,0,0,2,0.0,0,0,0.5,1,2,90,90,0,0,0,0.692,18,0.5,4,8,0.692,18,26,26,0,0,0,0,0,0,0,2,0.333,4,12,0,0,0,1,1,3,0,1,1,2,0.5,8,4,0,0,3,49,1
DFB-Pokal,FINALE,23.05.2026,Bayern,Stoccarda,Ospite,Stoccarda,Undav Deniz,Centrocampista offensivo,Titolare,6.1,0,1,0,0,0,0,0.0,1,0,0,0,2,0,0,0.0,0,0,0.0,0,0,0.286,7,2,0.333,0.4,5,2,12,4,0,0,0.076,0.161,0.334,2.313,0.667,2,3,0,1,0,3,0,0,-0.687,-0.585,0.0,0,0,0,0,0,0,2,1.0,1,1,0.5,1,2,90,90,0,0,0,0.65,13,0.643,9,14,0.65,13,20,20,0,0,0,0,0,0,0,1,0.667,2,3,0,0,1,2,0,3,2,0,1,2,1.0,1,1,0,1,3,30,3
DFB-Pokal,FINALE,23.05.2026,Bayern,Stoccarda,Ospite,Stoccarda,Hendriks Ramon,Difensore centrale,Titolare,6.8,0,3,0,0,0,0,0.0,0,0,0,0,1,1,0,0.0,0,0,0.0,1,0,1.0,1,1,0.625,0.571,7,4,8,5,0,0,0.004,0.0,0.0,2.313,0.75,3,4,1,0,0,3,0,0,-0.687,-0.585,0.0,0,0,0,2,0,0,1,0.0,0,0,0.333,1,3,90,90,0,0,0,0.792,19,0.75,3,4,0.783,18,23,24,0,0,0,0,0,0,0,0,0.5,2,4,0,0,0,0,0,3,0,0,0,0,1.0,4,4,1,0,1,37,0
DFB-Pokal,FINALE,23.05.2026,Bayern,Stoccarda,Ospite,Stoccarda,Jaquez Luca,Difensore centrale,Titolare,6.7,0,5,0,0,0,0,0.0,0,0,0,0,0,5,0,0.0,0,0,0.0,0,0,0.0,0,0,0.75,0.75,8,6,8,6,0,0,0.005,0.0,0.0,0.995,0.667,4,6,1,0,0,1,0,0,-0.005,-0.005,0.0,0,0,0,0,0,0,0,0.0,0,0,0.5,2,4,64,64,0,0,0,0.852,23,0.667,4,6,0.852,23,27,27,0,0,0,0,0,0,0,3,0.667,4,6,0,0,0,0,0,1,0,0,0,0,0.167,6,1,0,0,0,42,2
DFB-Pokal,FINALE,23.05.2026,Bayern,Stoccarda,Ospite,Stoccarda,El Khannouss Bilal,Centrocampista,Subentrato,6.4,0,1,0,0,0,0,0.0,0,0,0,0,0,0,0,0.0,0,0,0.0,0,0,0.0,0,0,1.0,1.0,1,1,1,1,0,0,0.0,0.0,0.0,1.317,0.0,0,0,0,0,0,2,0,0,-0.683,-0.58,0.0,0,0,0,0,0,0,0,0.0,0,0,0.0,0,0,12,12,0,0,0,1.0,2,0.0,0,0,1.0,2,2,2,0,0,0,0,0,0,0,0,0.0,0,0,0,0,0,0,0,2,0,0,0,0,1.0,1,1,0,0,0,5,1
DFB-Pokal,FINALE,23.05.2026,Bayern,Stoccarda,Ospite,Stoccarda,Tomas Tiago,Attaccante,Subentrato,,0,0,0,0,0,0,0.0,0,0,0,0,0,0,0,0.0,0,0,0.0,0,0,0.0,0,0,0.0,0.0,0,0,0,0,0,0,0.0,0.0,0.0,0.897,0.0,0,0,0,0,0,1,0,0,-0.103,0.0,0.0,0,0,0,0,0,0,0,0.0,0,1,1.0,1,1,6,6,0,0,0,0.667,2,0.0,0,1,0.5,1,2,3,0,0,0,0,0,0,0,0,0.0,0,0,0,0,0,0,0,1,0,0,0,0,0.0,0,0,0,0,0,3,0
DFB-Pokal,FINALE,23.05.2026,Bayern,Stoccarda,Ospite,Stoccarda,Leweling Jamie,Esterno,Titolare,5.5,0,2,0,0,0,0,0.0,2,0,0,0,0,0,0,0.25,1,4,0.75,4,3,1.0,1,1,0.6,0.556,9,5,10,6,0,0,0.007,0.0,0.0,2.313,0.0,0,0,1,0,0,3,0,0,-0.687,-0.585,0.0,0,0,0,0,0,0,0,0.0,0,0,0.0,0,1,90,90,0,0,0,0.778,7,1.0,3,3,0.778,7,9,9,0,0,0,0,0,0,0,6,0.4,2,5,0,0,0,0,0,3,0,0,0,0,0.5,2,1,0,0,0,33,3
DFB-Pokal,FINALE,23.05.2026,Bayern,Stoccarda,Ospite,Stoccarda,Nartey Nikolas,Difensore,Subentrato,,0,1,0,0,0,0,0.0,0,0,0,0,0,0,0,0.0,0,1,0.0,0,0,0.0,0,0,0.0,0.0,1,0,1,0,0,0,0.001,0.0,0.0,0.897,0.0,0,1,0,0,0,1,0,0,-0.103,0.0,0.0,0,0,0,1,0,0,0,0.0,0,0,0.0,0,0,6,6,0,0,0,0.6,3,0.0,0,2,0.6,3,5,5,0,0,0,0,0,0,0,2,0.0,0,0,0,0,0,0,0,1,0,0,0,0,0.0,0,0,0,0,0,9,1
DFB-Pokal,FINALE,23.05.2026,Bayern,Stoccarda,Ospite,Stoccarda,Jeltsch Finn,Difensore,Subentrato,6.3,0,1,0,0,0,0,0.0,0,0,0,0,0,1,0,0.0,0,0,1.0,1,1,1.0,1,1,0.75,0.667,3,2,4,3,0,0,0.005,0.0,0.0,1.317,1.0,1,1,0,0,0,2,0,0,-0.683,-0.58,0.0,0,0,0,2,0,0,0,0.0,0,0,0.0,0,0,26,26,0,0,0,0.867,13,1.0,1,1,0.867,13,15,15,0,0,0,0,0,0,0,1,1.0,1,1,0,0,0,0,0,2,0,0,0,0,1.0,1,1,0,0,0,23,1
DFB-Pokal,FINALE,23.05.2026,Bayern,Stoccarda,Ospite,Stoccarda,Demirovic Ermedin,Attaccante,Titolare,5.6,0,0,0,0,0,0,0.0,1,0,0,0,0,2,0,0.0,0,0,0.0,0,0,0.333,3,1,0.25,0.2,5,1,8,2,0,0,0.005,0.0,0.0,1.415,0.0,0,1,2,0,0,2,0,0,-0.585,-0.585,0.0,0,0,0,1,0,0,1,0.0,0,0,0.0,0,0,84,84,0,0,0,0.667,6,0.5,2,4,0.667,6,9,9,0,0,0,0,0,0,0,0,0.0,0,1,0,0,0,0,0,2,0,0,0,0,1.0,1,1,0,0,0,24,5
DFB-Pokal,SEMI FINALI,23.04.2026,Stoccarda,Friburgo,Casa,Stoccarda,Hendriks Ramon,Difensore centrale,Titolare,7.1,0,7,0,0,1,1,1.0,1,0,1,0,0,1,1,0.0,0,0,0.0,0,0,0.667,3,2,0.667,0.667,6,4,9,6,0,0,0.053,0.0,0.0,1.113,0.6,3,5,2,2,0,1,0,0,0.113,0.113,0.0,0,0,0,1,0,0,1,0.0,0,0,0.5,1,2,98,98,0,0,1,0.879,58,0.636,7,11,0.871,54,62,66,0,0,0,0,0,0,0,0,0.0,0,0,0,0,0,0,0,1,0,0,0,0,0.0,2,0,0,0,0,78,0
DFB-Pokal,SEMI FINALI,23.04.2026,Stoccarda,Friburgo,Ospite,Friburgo,Kubler Lukas,Difensore,Subentrato,6.5,0,0,0,0,0,0,0.0,1,0,0,0,0,3,0,0.0,0,0,0.0,0,0,0.5,2,1,0.5,0.0,0,0,2,1,0,0,0.003,0.0,0.0,1.81,0.5,1,2,0,0,0,1,0,0,0.81,0.81,0.0,0,0,0,0,0,0,0,0.0,0,0,0.5,1,2,18,18,0,0,1,0.5,1,0.5,1,2,0.5,1,2,2,0,0,0,0,0,0,0,0,0.0,0,0,0,0,0,0,0,1,0,0,0,0,0.0,0,0,0,0,0,6,0
DFB-Pokal,SEMI FINALI,23.04.2026,Stoccarda,Friburgo,Ospite,Friburgo,Holer Lucas,Attaccante,Subentrato,5.8,0,2,0,0,0,0,0.0,1,0,1,0,1,0,0,0.0,0,0,0.0,0,0,0.333,3,1,0.143,0.0,4,0,7,1,0,0,0.003,0.0,0.0,2.021,0.0,0,1,1,0,0,1,0,0,1.021,1.021,0.0,0,0,0,0,0,0,0,0.0,0,0,0.0,0,0,36,36,0,0,0,0.333,3,0.2,1,5,0.333,3,9,9,0,0,0,0,0,0,0,0,0.0,0,0,0,0,0,0,0,1,0,0,0,0,0.0,0,0,0,0,2,14,5
DFB-Pokal,SEMI FINALI,23.04.2026,Stoccarda,Friburgo,Ospite,Friburgo,Muller Florian,Portiere,Titolare,8.4,0,11,0,0,2,0,0.0,1,0,0,0,0,3,0,0.0,0,0,0.0,0,0,1.0,1,1,1.0,0.0,0,0,1,1,0,0,0.009,0.0,0.0,3.527,0.333,7,21,0,0,0,2,0,0,1.527,1.527,0.0,0,0,0,0,2,3,0,0.0,0,0,0.333,16,48,120,120,0,0,0,0.439,25,0.333,7,21,0.485,16,33,57,0,0,0,0,0,0,0,0,0.0,0,0,1,8,0,0,0,10,0,0,0,0,0.0,0,0,0,0,0,71,0
DFB-Pokal,SEMI FINALI,23.04.2026,Stoccarda,Friburgo,Casa,Stoccarda,Nartey Nikolas,Centrocampista offensivo,Titolare,6.5,0,2,0,0,0,2,0.667,3,0,1,0,1,1,0,0.0,0,1,1.0,1,1,0.333,3,1,0.429,0.5,4,2,7,3,0,0,0.091,0.047,0.0,1.113,0.0,0,0,1,1,0,1,0,0,0.113,0.113,0.0,0,0,0,0,0,0,0,1.0,1,1,1.0,1,1,63,63,0,0,0,0.882,15,1.0,6,6,0.882,15,17,17,0,0,0,0,0,0,0,0,0.0,0,0,0,0,0,0,1,1,0,1,0,1,0.0,0,0,0,0,1,26,0
DFB-Pokal,SEMI FINALI,23.04.2026,Stoccarda,Friburgo,Ospite,Friburgo,Eggestein Maximilian,Centrocampista,Titolare,6.9,0,7,0,1,1,0,0.0,0,0,0,0,1,2,0,0.0,0,0,0.0,1,0,0.143,7,1,0.308,0.5,6,3,13,4,0,0,0.052,1.211,1.093,3.527,0.8,4,5,1,1,1,2,0,0,1.527,1.527,0.0,0,0,0,2,0,0,0,1.0,1,1,0.5,2,4,120,120,0,0,1,0.75,24,0.889,8,9,0.742,23,31,32,0,0,0,0,0,0,0,0,0.0,0,0,0,0,1,3,0,2,0,0,2,3,1.0,2,2,0,0,6,51,2
DFB-Pokal,SEMI FINALI,23.04.2026,Stoccarda,Friburgo,Ospite,Friburgo,Beste Jan-Niklas,Ala,Titolare,6.6,0,4,0,0,0,2,0.4,5,0,0,0,1,1,0,0.25,1,4,0.333,3,1,0.2,5,1,0.5,0.667,9,6,14,7,0,0,0.306,0.0,0.0,1.717,0.667,2,3,0,3,0,1,0,0,0.717,0.717,0.0,0,0,0,0,0,0,2,0.0,0,0,0.0,0,1,102,102,0,0,0,0.8,12,0.875,7,8,0.857,12,14,15,0,0,0,0,0,0,0,0,0.0,0,0,0,0,0,0,0,1,0,0,0,0,1.0,2,2,0,0,5,36,3
DFB-Pokal,SEMI FINALI,23.04.2026,Stoccarda,Friburgo,Ospite,Friburgo,Treu Philipp,Terzino,Titolare,6.0,0,3,0,0,0,0,0.0,1,0,0,0,2,8,0,0.0,0,1,1.0,1,1,0.5,4,2,0.615,0.667,9,6,13,8,0,0,0.011,0.0,0.0,2.603,0.75,3,4,1,2,0,1,0,0,1.603,1.603,0.0,0,0,0,1,0,0,0,0.0,0,0,0.0,0,3,113,113,0,0,0,0.767,23,0.857,6,7,0.759,22,29,30,0,0,0,0,0,0,0,0,0.0,0,0,0,0,0,0,0,1,0,0,0,0,0.333,3,1,0,0,0,64,1
DFB-Pokal,SEMI FINALI,23.04.2026,Stoccarda,Friburgo,Ospite,Friburgo,Ginter Matthias,Difensore centrale,Titolare,7.1,1,5,1,1,0,0,0.0,2,0,0,0,0,12,0,0.0,0,1,0.0,1,0,0.636,11,7,0.643,0.667,3,2,14,9,0,0,0.023,0.361,0.0,3.527,0.333,1,3,0,2,0,2,0,0,1.527,1.527,0.0,0,0,0,5,0,0,2,0.0,0,0,0.2,1,5,120,120,0,0,0,0.686,24,0.429,3,7,0.656,21,32,35,0,0,0,0,0,0,0,0,0.0,0,0,0,0,1,2,0,2,2,1,0,2,0.0,0,0,0,0,3,62,0
DFB-Pokal,SEMI FINALI,23.04.2026,Stoccarda,Friburgo,Ospite,Friburgo,Scherhant Derry,Attaccante,Subentrato,6.3,0,1,0,0,0,1,1.0,1,0,0,0,0,2,0,1.0,1,1,0.0,1,0,0.0,2,0,0.286,0.4,5,2,7,2,0,0,0.088,0.0,0.0,2.021,1.0,1,1,2,2,0,1,0,0,1.021,1.021,0.0,0,0,0,0,0,0,0,0.0,0,0,0.0,0,1,49,49,0,0,1,0.75,6,0.75,3,4,0.667,4,6,8,0,0,0,0,0,0,0,0,0.0,0,0,0,0,0,0,0,1,0,0,0,0,0.0,0,0,0,0,0,19,3
DFB-Pokal,SEMI FINALI,23.04.2026,Stoccarda,Friburgo,Ospite,Friburgo,Suzuki Yuito,Centrocampista offensivo,Titolare,6.5,0,6,0,1,0,3,0.6,5,0,0,0,0,1,0,1.0,1,1,0.5,4,2,0.667,3,2,0.5,0.444,9,4,12,6,0,0,0.16,0.276,0.0,3.527,0.6,3,5,1,0,0,2,0,0,1.527,1.527,0.0,0,0,0,0,0,0,3,0.0,0,0,0.0,0,1,120,120,0,0,0,0.676,23,0.7,14,20,0.676,23,34,34,0,0,0,0,0,0,0,0,0.0,0,0,0,0,0,2,0,2,0,1,1,2,0.0,2,0,0,1,7,52,6
DFB-Pokal,SEMI FINALI,23.04.2026,Stoccarda,Friburgo,Ospite,Friburgo,Matanovic Igor,Attaccante,Titolare,6.8,0,5,1,0,0,1,1.0,1,0,1,0,0,2,0,0.0,0,0,0.5,2,1,0.588,17,10,0.5,0.385,13,5,30,15,0,1,0.179,0.239,0.02,1.506,0.6,3,5,5,1,0,1,0,0,0.506,0.506,0.0,0,0,0,0,0,0,2,0.667,2,3,0.0,0,0,84,84,0,1,1,0.727,16,0.6,6,10,0.714,15,21,22,0,0,0,0,0,0,0,0,0.0,0,0,0,0,1,3,1,1,1,2,1,4,0.667,3,2,0,0,5,47,8
DFB-Pokal,SEMI FINALI,23.04.2026,Stoccarda,Friburgo,Ospite,Friburgo,Makengo Jordy,Terzino,Titolare,5.6,0,5,0,0,0,2,0.4,5,0,1,0,0,2,0,0.0,0,3,0.0,0,0,0.0,0,0,0.333,0.333,3,1,3,1,0,1,0.026,0.0,0.0,1.717,0.0,0,0,1,1,0,1,0,0,0.717,0.717,0.0,0,0,0,2,0,0,0,0.0,0,0,1.0,1,1,101,101,0,0,0,0.958,23,1.0,8,8,0.958,23,24,24,0,0,0,0,0,0,0,0,0.0,0,0,0,0,0,0,0,1,0,0,0,0,0.0,0,0,0,0,0,43,4
DFB-Pokal,SEMI FINALI,23.04.2026,Stoccarda,Friburgo,Casa,Stoccarda,Fuhrich Chris,Esterno,Titolare,6.9,0,6,0,3,0,5,0.417,12,0,0,0,0,0,0,0.222,2,9,0.5,4,2,0.5,2,1,0.571,0.6,5,3,7,4,0,0,0.186,0.71,0.073,1.113,1.0,2,2,0,0,0,1,0,0,0.113,0.113,0.0,0,0,0,0,0,0,2,1.0,1,1,0.0,0,1,118,118,0,0,0,0.852,46,0.913,21,23,0.863,44,51,54,0,0,0,0,0,0,0,0,0.0,0,0,0,0,0,4,1,1,0,4,1,5,1.0,1,1,0,0,4,78,1
DFB-Pokal,SEMI FINALI,23.04.2026,Stoccarda,Friburgo,Ospite,Friburgo,Ogbus Bruno,Difensore,Subentrato,,0,0,0,0,0,0,0.0,0,0,0,0,0,1,0,0.0,0,0,0.0,0,0,1.0,1,1,1.0,1.0,2,2,3,3,0,0,0.0,0.019,0.097,0.923,0.0,0,0,0,1,0,1,0,0,-0.077,-0.077,0.0,0,0,0,0,0,0,1,0.0,0,0,0.0,0,0,7,7,0,0,0,0.0,0,0.0,0,0,0.0,0,0,0,0,0,0,0,0,0,0,0,0.0,0,0,0,0,0,1,0,1,1,0,1,1,0.0,1,0,0,0,2,5,0
DFB-Pokal,SEMI FINALI,23.04.2026,Stoccarda,Friburgo,Ospite,Friburgo,Grifo Vincenzo,Ala,Titolare,7.1,0,5,2,0,0,2,0.333,6,0,1,0,0,0,0,0.0,0,2,0.0,1,0,0.0,0,0,0.25,0.25,4,1,4,1,0,0,0.214,0.0,0.0,1.506,0.0,0,4,1,0,0,1,0,0,0.506,0.506,0.0,0,0,0,0,0,0,3,1.0,2,2,0.2,1,5,71,71,0,0,0,0.7,21,0.462,6,13,0.704,19,27,30,0,0,0,0,0,0,0,0,0.0,0,0,0,0,0,0,0,1,0,0,0,0,1.0,1,1,0,0,2,37,2
DFB-Pokal,SEMI FINALI,23.04.2026,Stoccarda,Friburgo,Ospite,Friburgo,Lienhart Philipp,Difensore centrale,Titolare,6.9,0,7,0,0,0,1,1.0,1,0,0,0,1,12,0,0.0,0,0,0.0,0,0,0.714,7,5,0.636,0.5,4,2,11,7,0,0,0.007,0.046,0.0,3.527,0.5,6,12,1,1,0,2,0,0,1.527,1.527,0.0,0,0,0,1,0,0,0,0.0,0,0,0.125,1,8,120,120,0,1,1,0.795,35,0.556,5,9,0.769,30,39,44,0,0,0,0,0,0,0,0,0.0,0,0,0,0,1,1,0,2,0,0,0,1,1.0,1,1,0,0,1,68,0
DFB-Pokal,SEMI FINALI,23.04.2026,Stoccarda,Friburgo,Ospite,Friburgo,Gunter Christian,Difensore,Subentrato,6.5,0,0,0,0,0,0,0.0,1,0,0,0,0,1,0,0.0,0,1,0.0,0,0,0.0,0,0,0.0,0.0,2,0,2,0,0,0,0.011,0.187,0.0,1.81,1.0,1,1,2,0,0,1,0,0,0.81,0.81,0.0,0,0,0,0,0,0,0,0.0,0,0,1.0,1,1,19,19,0,0,0,1.0,1,1.0,1,1,1.0,1,1,1,0,0,0,0,0,0,0,0,0.0,0,0,0,0,2,2,0,1,0,0,0,2,0.0,0,0,0,0,2,6,0
DFB-Pokal,SEMI FINALI,23.04.2026,Stoccarda,Friburgo,Ospite,Friburgo,Manzambi Johan,Centrocampista,Titolare,6.2,0,3,0,0,0,1,0.333,3,0,1,0,1,4,0,0.0,0,0,0.333,6,2,1.0,2,2,0.611,0.563,16,9,18,11,0,0,0.018,0.114,0.0,3.527,0.667,2,3,1,6,0,2,0,0,1.527,1.527,0.0,0,0,0,3,0,0,0,1.0,3,3,0.667,2,3,120,120,0,0,0,0.727,16,0.7,7,10,0.727,16,22,22,0,0,0,0,0,0,0,0,0.0,0,0,0,0,3,1,2,2,0,0,0,3,0.0,1,0,0,0,5,55,5
DFB-Pokal,SEMI FINALI,23.04.2026,Stoccarda,Friburgo,Casa,Stoccarda,Mittelstadt Maximilian,Difensore centrale,Titolare,6.8,0,3,0,0,0,4,0.5,8,0,0,0,0,4,0,0.625,5,8,0.0,3,0,1.0,4,4,0.429,0.2,10,2,14,6,0,0,0.393,0.039,0.0,1.209,0.75,6,8,4,0,0,1,0,0,0.209,0.209,0.0,0,0,0,1,0,0,1,0.0,0,0,0.25,2,8,120,120,0,0,0,0.803,61,0.833,15,18,0.789,56,71,76,0,0,0,0,0,0,0,0,0.0,0,0,0,0,0,0,1,1,0,1,0,1,1.0,2,2,0,0,1,105,1
DFB-Pokal,SEMI FINALI,23.04.2026,Stoccarda,Friburgo,Casa,Stoccarda,Undav Deniz,Attaccante,Titolare,9.3,0,9,3,0,0,3,0.429,7,0,0,0,0,0,0,1.0,1,1,0.5,2,1,0.5,10,5,0.368,0.222,9,2,19,7,0,0,1.089,0.771,0.669,1.113,0.857,6,7,5,1,1,1,0,0,0.113,0.113,0.0,0,0,0,0,0,0,6,1.0,5,5,0.333,1,3,118,118,0,0,0,0.667,32,0.593,16,27,0.667,32,48,48,0,0,0,0,0,0,0,0,0.0,0,0,0,0,2,6,1,1,1,2,3,7,0.0,0,0,0,0,11,64,3
DFB-Pokal,SEMI FINALI,23.04.2026,Stoccarda,Friburgo,Casa,Stoccarda,Stiller Angelo,Centrocampista,Titolare,7.2,0,8,0,1,0,3,0.75,4,0,0,0,0,2,0,0.5,1,2,0.0,0,0,0.0,4,0,0.556,1.0,5,5,9,5,0,0,0.102,0.653,0.968,1.209,0.667,10,15,0,1,0,1,0,0,0.209,0.209,0.0,0,0,0,0,0,0,1,1.0,4,4,0.333,2,6,120,120,0,0,2,0.873,89,0.816,31,38,0.878,86,98,102,0,0,0,0,0,0,0,0,0.0,0,0,0,0,1,1,1,1,0,0,1,2,0.25,4,1,0,0,5,124,2
DFB-Pokal,SEMI FINALI,23.04.2026,Stoccarda,Friburgo,Casa,Stoccarda,El Khannouss Bilal,Centrocampista,Subentrato,7.5,1,4,0,1,0,4,0.8,5,0,0,0,0,0,0,0.333,1,3,0.25,4,1,0.5,2,1,0.286,0.2,5,1,7,2,0,0,0.277,0.782,0.835,0.097,1.0,3,3,1,0,0,0,0,0,0.097,0.097,0.0,0,0,0,1,0,0,3,0.0,0,0,0.0,0,0,57,57,0,0,1,0.923,36,0.875,14,16,0.917,33,36,39,0,0,0,0,0,0,0,0,0.0,0,0,0,0,0,2,2,0,0,2,2,4,0.0,0,0,0,0,6,57,2
DFB-Pokal,SEMI FINALI,23.04.2026,Stoccarda,Friburgo,Casa,Stoccarda,Tomas Tiago,Attaccante,Subentrato,7.8,0,1,0,0,0,1,1.0,1,0,1,0,1,0,0,0.0,0,0,0.0,0,0,0.0,2,0,0.571,0.8,5,4,7,4,0,0,0.031,0.226,0.923,0.097,0.0,0,1,0,2,1,0,0,0,0.097,0.097,0.0,0,0,0,0,0,0,0,0.0,0,0,0.0,0,0,30,30,0,1,1,0.7,7,0.8,4,5,0.7,7,10,10,0,0,0,0,0,0,0,0,0.0,0,0,0,0,1,2,0,0,0,0,1,2,0.5,2,1,0,0,5,21,2
DFB-Pokal,SEMI FINALI,23.04.2026,Stoccarda,Friburgo,Casa,Stoccarda,Karazor Atakan,Centrocampista,Titolare,7.2,0,7,0,1,0,0,0.0,0,0,0,0,1,7,0,0.0,0,0,0.0,1,0,0.615,13,8,0.542,0.455,11,5,24,13,0,0,0.417,0.273,0.059,1.209,0.714,5,7,3,2,0,1,0,0,0.209,0.209,0.0,0,0,0,2,0,0,2,0.0,0,0,0.5,1,2,120,120,0,1,0,0.846,55,0.75,15,20,0.841,53,63,65,0,0,0,0,0,0,0,0,0.0,0,0,0,0,1,2,0,1,1,0,1,2,0.667,3,2,0,0,7,91,2
DFB-Pokal,SEMI FINALI,23.04.2026,Stoccarda,Friburgo,Casa,Stoccarda,Demirovic Ermedin,Attaccante,Titolare,6.3,0,3,0,0,0,1,1.0,1,0,0,0,1,1,0,0.0,0,0,0.0,1,0,0.2,5,1,0.273,0.333,6,2,11,3,0,0,0.016,0.53,0.0,1.113,1.0,3,3,2,1,0,1,0,0,0.113,0.113,0.0,0,0,0,0,0,0,1,0.0,0,0,1.0,1,1,90,90,0,1,0,0.7,14,0.6,6,10,0.684,13,19,20,0,0,0,0,0,0,0,0,0.0,0,0,0,0,0,2,0,1,0,2,0,2,0.0,1,0,0,0,5,36,7
DFB-Pokal,SEMI FINALI,23.04.2026,Stoccarda,Friburgo,Casa,Stoccarda,Vagnoman Josha,Difensore,Subentrato,,0,1,0,0,0,0,0.0,0,0,0,0,0,0,0,0.0,0,0,0.0,0,0,0.0,0,0,0.0,0.0,0,0,0,0,0,0,0.0,0.0,0.0,0.097,1.0,1,1,0,0,0,0,0,0,0.097,0.097,0.0,0,0,0,0,0,0,0,0.0,0,0,0.0,0,0,2,2,0,0,0,1.0,2,1.0,1,1,1.0,2,2,2,0,0,0,0,0,0,0,0,0.0,0,0,0,0,0,0,0,0,0,0,0,0,0.0,0,0,0,0,0,2,0
DFB-Pokal,SEMI FINALI,23.04.2026,Stoccarda,Friburgo,Casa,Stoccarda,Leweling Jamie,Esterno,Titolare,7.6,0,4,1,0,0,3,0.429,7,0,1,0,2,3,0,0.273,3,11,1.0,2,2,0.0,0,0,0.583,0.583,12,7,12,7,0,0,0.361,0.078,0.0,1.209,1.0,4,4,1,3,0,1,0,0,0.209,0.209,0.0,0,0,0,0,0,0,4,0.0,0,0,0.667,2,3,120,120,0,0,0,0.884,38,0.875,14,16,0.881,37,42,43,0,0,0,0,0,0,0,0,0.0,0,0,0,0,0,1,1,1,0,2,0,2,0.5,2,1,0,0,6,78,4
DFB-Pokal,SEMI FINALI,23.04.2026,Stoccarda,Friburgo,Casa,Stoccarda,Bouanani Badredine,Attaccante,Subentrato,,1,0,0,0,0,0,0.0,0,0,0,0,0,1,0,0.0,0,0,0.0,0,0,0.0,0,0,0.0,0.0,0,0,0,0,0,0,0.357,0.0,0.0,0.097,0.0,0,0,0,0,0,0,0,0,0.097,0.097,0.0,0,0,0,0,0,0,1,0.0,0,0,0.0,0,0,2,2,0,0,0,1.0,1,1.0,1,1,1.0,1,1,1,0,0,0,0,0,0,0,0,0.0,0,0,0,0,0,0,0,0,0,0,0,0,0.0,0,0,0,0,1,2,0
DFB-Pokal,SEMI FINALI,23.04.2026,Stoccarda,Friburgo,Casa,Stoccarda,Nubel Alexander,Portiere,Titolare,7.3,0,11,0,0,1,1,1.0,1,0,0,0,0,1,0,0.0,0,0,0.0,0,0,0.0,0,0,0.0,0.0,0,0,0,0,0,0,0.033,0.0,0.0,1.209,0.467,7,15,0,0,0,1,0,0,0.209,0.209,0.5,1,2,0,0,1,7,0,0.0,0,0,0.41,16,39,120,120,0,0,0,0.549,28,0.467,7,15,0.558,24,43,51,0,0,0,0,0,0,0,0,0.0,0,0,0,3,0,0,0,4,0,0,0,0,0.0,0,0,0,0,0,64,0
DFB-Pokal,SEMI FINALI,23.04.2026,Stoccarda,Friburgo,Casa,Stoccarda,Jaquez Luca,Difensore,Subentrato,6.8,0,0,0,0,0,0,0.0,0,0,0,0,0,2,0,0.0,0,0,0.0,0,0,1.0,1,1,1.0,1.0,2,2,3,3,0,0,0.009,0.0,0.0,0.097,1.0,2,2,0,1,0,0,0,0,0.097,0.097,0.0,0,0,0,0,0,0,1,0.0,0,0,0.0,0,0,22,22,0,0,0,1.0,22,1.0,3,3,1.0,22,22,22,0,0,0,0,0,0,0,0,0.0,0,0,0,0,0,0,0,0,0,0,0,0,0.0,1,0,0,0,0,26,0
DFB-Pokal,SEMI FINALI,23.04.2026,Stoccarda,Friburgo,Casa,Stoccarda,Chabot Jeff,Difensore centrale,Titolare,8.5,0,5,0,0,0,0,0.0,1,0,0,0,1,12,0,0.0,0,0,0.0,0,0,0.438,16,7,0.56,0.778,9,7,25,14,0,0,0.022,0.058,0.0,1.209,0.571,4,7,1,3,0,1,0,0,0.209,0.209,0.0,0,0,0,4,0,0,0,0.0,0,0,0.167,1,6,120,120,0,0,4,0.84,68,0.6,6,10,0.833,65,78,81,0,0,0,0,0,0,0,0,0.0,0,0,0,0,0,1,0,1,1,1,0,1,1.0,4,4,1,0,1,112,1
DFB-Pokal,SEMI FINALI,22.04.2026,Leverkusen,Bayern,Casa,Leverkusen,Palacios Exequiel,Centrocampista,Titolare,6.5,0,2,0,0,0,1,1.0,1,0,0,0,0,2,0,0.0,0,0,0.0,0,0,0.0,0,0,0.545,0.545,11,6,11,6,0,0,0.038,0.0,0.0,3.915,0.6,3,5,3,2,0,2,0,0,1.915,1.915,0.0,0,0,0,2,0,0,0,1.0,1,1,0.0,0,0,90,90,0,0,0,0.895,68,0.818,9,11,0.889,64,72,76,0,0,0,0,0,0,0,0,0.0,0,0,0,0,0,0,0,2,0,0,0,0,1.0,4,4,0,0,0,94,3
DFB-Pokal,SEMI FINALI,22.04.2026,Leverkusen,Bayern,Casa,Leverkusen,Poku Ernest,Attaccante,Subentrato,7.0,0,4,0,0,0,0,0.0,0,0,0,0,0,0,0,0.0,0,0,0.5,2,1,0.0,0,0,0.571,0.571,7,4,7,4,0,0,0.018,0.0,0.0,2.543,0.0,0,0,0,1,0,1,0,0,1.543,1.543,0.0,0,0,0,0,0,0,0,0.0,0,0,0.0,0,0,51,51,0,0,0,0.933,14,1.0,4,4,0.933,14,15,15,0,0,0,0,0,0,0,0,0.0,0,0,0,0,0,0,0,1,0,0,0,0,1.0,2,2,0,0,2,25,3
DFB-Pokal,SEMI FINALI,22.04.2026,Leverkusen,Bayern,Casa,Leverkusen,Andrich Robert,Difensore centrale,Titolare,7.0,0,5,0,0,1,0,0.0,0,0,0,0,0,6,1,0.0,0,0,0.0,0,0,0.5,2,1,0.5,0.5,2,1,4,2,0,0,0.002,0.0,0.0,2.922,0.5,1,2,1,0,0,1,0,0,1.922,1.922,0.0,0,0,0,1,0,0,0,0.0,0,0,0.5,1,2,84,84,0,0,2,0.933,42,0.667,2,3,0.932,41,44,45,0,0,0,0,0,0,0,0,0.0,0,0,0,0,0,0,0,1,0,0,0,0,0.0,1,0,0,0,0,57,0
DFB-Pokal,SEMI FINALI,22.04.2026,Leverkusen,Bayern,Casa,Leverkusen,Quansah Jarell,Difensore centrale,Titolare,5.4,0,2,0,0,0,0,0.0,0,0,0,0,1,3,0,0.0,0,0,0.0,0,0,1.0,1,1,0.333,0.0,2,0,3,1,0,1,0.227,0.056,0.0,3.915,0.4,2,5,0,0,0,2,0,0,1.915,1.915,0.0,0,0,0,2,0,0,1,0.0,0,0,0.0,0,4,90,90,0,0,0,0.821,46,0.429,3,7,0.811,43,53,56,0,0,0,0,0,0,0,0,0.0,0,0,0,0,1,1,0,2,0,0,0,1,0.0,0,0,0,0,2,68,3
DFB-Pokal,SEMI FINALI,22.04.2026,Leverkusen,Bayern,Casa,Leverkusen,Maza Ibrahim,Centrocampista offensivo,Titolare,6.2,0,4,0,0,0,2,0.5,4,0,0,0,1,0,0,0.0,0,0,0.667,3,2,1.0,1,1,0.545,0.5,10,5,11,6,0,0,0.084,0.0,0.0,3.915,0.333,1,3,2,2,0,2,0,0,1.915,1.915,0.0,0,0,0,0,0,0,1,1.0,1,1,0.5,1,2,90,90,0,0,0,0.692,18,0.6,6,10,0.692,18,26,26,0,0,0,0,0,0,0,0,0.0,0,0,0,0,0,0,0,2,0,0,0,0,1.0,1,1,0,1,2,36,3
DFB-Pokal,SEMI FINALI,22.04.2026,Leverkusen,Bayern,Casa,Leverkusen,Schick Patrik,Attaccante,Titolare,6.0,0,0,0,0,0,0,0.0,0,0,0,0,0,0,0,0.0,0,0,0.0,1,0,0.5,6,3,0.5,0.5,2,1,8,4,0,0,0.007,0.133,0.0,3.915,0.0,0,2,0,1,0,2,0,0,1.915,1.915,0.0,0,0,0,1,0,0,0,1.0,1,1,0.0,0,0,90,90,0,0,0,0.643,9,0.4,2,5,0.583,7,12,14,0,0,0,0,0,0,0,0,0.0,0,0,0,0,0,1,0,2,1,1,0,1,0.0,1,0,0,0,7,25,4
DFB-Pokal,SEMI FINALI,22.04.2026,Leverkusen,Bayern,Casa,Leverkusen,Tapsoba Edmond,Difensore centrale,Titolare,6.2,0,7,0,0,0,1,0.5,2,0,1,0,1,3,0,0.0,0,0,0.0,0,0,0.25,4,1,0.25,0.25,4,1,8,2,0,0,0.036,0.0,0.0,3.915,0.5,2,4,1,0,0,2,0,0,1.915,1.915,0.0,0,0,0,1,0,0,0,0.0,0,0,0.429,3,7,90,90,0,0,1,0.884,61,0.6,3,5,0.875,56,64,69,0,0,0,0,0,0,0,0,0.0,0,0,0,0,0,0,0,2,0,0,0,0,1.0,1,1,1,1,0,83,1
DFB-Pokal,SEMI FINALI,22.04.2026,Leverkusen,Bayern,Casa,Leverkusen,Grimaldo Alejandro,Esterno,Titolare,6.5,0,3,0,0,0,3,0.375,8,0,1,0,1,3,0,0.4,2,5,0.5,2,1,0.0,1,0,0.5,0.571,7,4,8,4,0,0,0.11,0.0,0.0,3.915,0.333,1,3,2,0,0,2,0,0,1.915,1.915,0.0,0,0,0,1,0,0,1,0.0,0,0,0.667,2,3,90,90,0,0,0,0.887,55,0.5,3,6,0.885,54,61,62,0,0,0,0,0,0,0,0,0.0,0,0,0,0,0,0,0,2,0,0,0,0,0.667,3,2,0,0,0,83,3
DFB-Pokal,SEMI FINALI,22.04.2026,Leverkusen,Bayern,Casa,Leverkusen,Garcia Aleix,Centrocampista,Titolare,6.7,0,2,0,0,0,0,0.0,4,0,0,0,0,0,0,0.0,0,4,1.0,1,1,0.0,0,0,1.0,1.0,5,5,5,5,0,0,0.039,0.0,0.0,3.915,0.778,7,9,0,4,0,2,0,0,1.915,1.915,0.0,0,0,0,0,0,0,0,1.0,2,2,0.75,6,8,90,90,0,0,0,0.909,70,0.882,15,17,0.907,68,75,77,0,0,0,0,0,0,0,0,0.0,0,0,0,0,0,0,0,2,0,0,0,0,0.0,0,0,0,0,0,88,0
DFB-Pokal,SEMI FINALI,22.04.2026,Leverkusen,Bayern,Casa,Leverkusen,Tillman Malik,Centrocampista,Subentrato,,0,0,0,0,0,0,0.0,1,0,0,0,0,0,0,0.0,0,1,0.0,0,0,0.0,0,0,0.0,0.0,1,0,1,0,0,0,0.0,0.0,0.0,0.993,0.0,0,0,0,0,0,1,0,0,-0.007,-0.007,0.0,0,0,0,0,0,0,0,0.0,0,0,0.0,0,0,6,6,0,0,0,1.0,1,0.0,0,0,1.0,1,1,1,0,0,0,0,0,0,0,0,0.0,0,0,0,0,0,0,0,1,0,0,0,0,0.0,0,0,0,0,0,3,1
DFB-Pokal,SEMI FINALI,22.04.2026,Leverkusen,Bayern,Casa,Leverkusen,Tella Nathan,Centrocampista offensivo,Titolare,6.0,0,0,0,0,0,1,0.333,3,0,0,0,0,1,0,0.0,0,1,0.5,2,1,0.0,2,0,0.455,0.556,9,5,11,5,0,0,0.009,0.052,0.561,2.922,0.0,0,1,2,4,0,1,0,0,1.922,1.922,0.0,0,0,0,2,0,0,0,1.0,1,1,0.0,0,1,77,77,0,0,0,0.706,12,0.25,1,4,0.706,12,17,17,0,0,0,0,0,0,0,0,0.0,0,0,0,0,1,2,0,1,0,0,1,2,0.0,0,0,0,0,2,39,6
DFB-Pokal,SEMI FINALI,22.04.2026,Leverkusen,Bayern,Casa,Leverkusen,Lucas Vazquez Iglesias,Esterno,Titolare,6.1,0,0,0,0,0,1,1.0,1,0,0,0,0,1,0,1.0,1,1,0.0,0,0,0.0,0,0,1.0,1.0,2,2,2,2,0,0,0.034,0.0,0.0,1.372,0.0,0,0,0,2,0,1,0,0,0.372,0.372,0.0,0,0,0,0,0,0,0,0.0,0,0,0.0,0,0,39,39,0,0,0,0.778,7,0.0,0,1,0.75,6,8,9,0,0,0,0,0,0,0,0,0.0,0,0,0,0,0,0,0,1,0,0,0,0,0.0,0,0,0,0,0,17,0
DFB-Pokal,SEMI FINALI,22.04.2026,Leverkusen,Bayern,Casa,Leverkusen,Flekken Mark,Portiere,Titolare,8.7,0,9,0,0,3,0,0.0,0,0,0,0,0,1,0,0.0,0,0,0.0,0,0,1.0,1,1,1.0,0.0,0,0,1,1,0,0,0.001,0.0,0.0,3.915,1.0,1,1,0,0,0,2,0,0,1.915,1.915,1.0,1,1,0,0,0,6,0,0.0,0,0,0.571,8,14,90,90,0,0,0,0.806,25,1.0,1,1,0.824,14,17,31,0,0,0,0,0,0,0,0,0.0,0,0,1,8,0,0,0,10,0,0,0,0,0.0,0,0,0,0,0,47,0
DFB-Pokal,SEMI FINALI,22.04.2026,Leverkusen,Bayern,Casa,Leverkusen,Culbreath Montrell,Centrocampista,Subentrato,6.5,0,2,0,0,0,0,0.0,1,0,0,0,1,0,0,0.0,0,1,0.0,1,0,0.0,0,0,0.25,0.25,4,1,4,1,0,0,0.006,0.0,0.0,0.993,1.0,1,1,0,1,0,1,0,0,-0.007,-0.007,0.0,0,0,0,0,0,0,0,0.0,0,0,1.0,1,1,13,13,0,0,0,0.8,8,0.6,3,5,0.8,8,10,10,0,0,0,0,0,0,0,0,0.0,0,0,0,0,0,0,0,1,0,0,0,0,0.0,0,0,0,0,1,16,2
DFB-Pokal,SEMI FINALI,22.04.2026,Leverkusen,Bayern,Ospite,Bayern,Diaz Luis,Ala,Titolare,8.8,0,6,0,1,0,3,0.6,5,0,0,0,0,1,0,0.5,1,2,0.667,3,2,0.0,0,0,0.667,0.667,6,4,6,4,0,0,0.28,0.963,1.687,0.561,0.8,4,5,1,0,1,0,0,0,0.561,0.561,0.0,0,0,0,0,0,0,2,1.0,1,1,1.0,3,3,90,90,0,1,0,0.833,30,0.75,15,20,0.829,29,35,36,0,0,0,0,0,0,0,0,0.0,0,0,0,0,0,4,0,0,0,0,4,4,0.5,2,1,0,1,10,57,5
DFB-Pokal,SEMI FINALI,22.04.2026,Leverkusen,Bayern,Ospite,Bayern,Kane Harry,Attaccante,Titolare,7.8,0,4,0,4,0,1,1.0,1,0,0,0,0,1,0,0.0,0,0,1.0,1,1,0.333,3,1,0.5,0.667,3,2,6,3,0,0,0.059,1.031,1.277,0.561,0.667,2,3,1,0,1,0,0,0,0.561,0.561,0.0,0,0,0,0,0,0,4,1.0,1,1,0.75,3,4,90,90,0,0,0,0.818,18,0.75,9,12,0.818,18,22,22,0,0,0,0,0,0,0,0,0.0,0,0,0,0,0,5,0,0,0,2,3,5,0.0,1,0,0,0,9,44,3
DFB-Pokal,SEMI FINALI,22.04.2026,Leverkusen,Bayern,Ospite,Bayern,Laimer Konrad,Terzino,Titolare,6.5,0,5,0,0,0,1,1.0,1,0,0,0,0,0,0,0.0,0,0,0.0,0,0,0.0,0,0,0.286,0.286,7,2,7,2,0,0,0.076,0.0,0.0,0.561,1.0,3,3,5,0,0,0,0,0,0.561,0.561,0.0,0,0,0,0,0,0,0,1.0,1,1,0.0,0,0,74,74,0,1,0,0.923,36,0.824,14,17,0.923,36,39,39,0,0,0,0,0,0,0,0,0.0,0,0,0,0,0,0,0,0,0,0,0,0,1.0,2,2,0,0,4,50,2
DFB-Pokal,SEMI FINALI,22.04.2026,Leverkusen,Bayern,Ospite,Bayern,Kimmich Joshua,Centrocampista,Titolare,8.2,0,10,0,0,0,4,0.4,10,0,0,0,2,0,0,0.25,1,4,0.0,0,0,0.0,0,0,0.625,0.625,8,5,8,5,0,0,0.166,0.052,0.109,0.561,0.75,15,20,1,3,0,0,0,0,0.561,0.561,0.0,0,0,0,2,0,0,1,1.0,4,4,0.429,6,14,90,90,0,0,0,0.866,97,0.767,33,43,0.867,91,105,112,0,0,0,0,0,0,0,0,0.0,0,0,0,0,0,0,1,0,0,0,1,1,1.0,2,2,0,5,0,128,0
DFB-Pokal,SEMI FINALI,22.04.2026,Leverkusen,Bayern,Ospite,Bayern,Upamecano Dayot,Difensore centrale,Titolare,8.4,0,4,0,0,0,0,0.0,0,0,0,0,1,6,0,0.0,0,0,0.0,1,0,0.75,4,3,0.583,0.5,8,4,12,7,0,0,0.02,0.085,0.0,0.561,0.8,8,10,1,0,0,0,0,0,0.561,0.561,0.0,0,0,0,2,0,0,0,0.0,0,0,0.0,0,1,90,90,0,0,1,0.946,53,0.833,10,12,0.944,51,54,56,0,0,0,0,0,0,0,0,0.0,0,0,0,0,0,1,0,0,0,1,0,1,1.0,4,4,0,0,2,77,2
DFB-Pokal,SEMI FINALI,22.04.2026,Leverkusen,Bayern,Ospite,Bayern,Pavlovic Aleksandar,Centrocampista,Titolare,7.2,0,3,0,0,0,1,1.0,1,0,1,0,0,1,0,0.0,0,0,0.0,0,0,0.333,3,1,0.375,0.4,5,2,8,3,0,0,0.085,0.096,0.0,0.561,0.9,9,10,3,1,0,0,0,0,0.561,0.561,0.0,0,0,0,0,0,0,0,1.0,2,2,0.0,0,0,73,73,0,0,0,0.925,62,0.833,20,24,0.924,61,66,67,0,0,0,0,0,0,0,0,0.0,0,0,0,0,1,1,0,0,0,0,0,1,1.0,1,1,0,0,2,75,1
DFB-Pokal,SEMI FINALI,22.04.2026,Leverkusen,Bayern,Ospite,Bayern,Musiala Jamal,Centrocampista offensivo,Titolare,8.1,1,0,2,1,0,3,0.75,4,0,0,0,0,0,0,0.0,0,0,0.0,3,0,0.0,0,0,0.571,0.571,7,4,7,4,0,0,0.293,0.464,0.0,0.561,1.0,2,2,0,2,0,0,0,0,0.561,0.561,0.0,0,0,0,3,0,0,5,1.0,2,2,0.0,0,0,84,84,0,0,0,0.889,32,0.733,11,15,0.889,32,36,36,0,0,0,0,0,0,0,0,0.0,0,0,0,0,3,3,1,0,1,0,1,4,1.0,2,2,0,0,9,54,2
DFB-Pokal,SEMI FINALI,22.04.2026,Leverkusen,Bayern,Ospite,Bayern,Kim Min-Jae,Difensore,Subentrato,,0,0,0,0,0,0,0.0,0,0,0,0,1,1,0,0.0,0,0,0.0,0,0,1.0,2,2,0.667,0.0,1,0,3,2,0,0,0.002,0.0,0.0,0.0,0.667,2,3,0,0,0,0,0,0,0.0,0.0,0.0,0,0,0,0,0,0,0,0.0,0,0,0.0,0,0,6,6,0,0,0,0.667,2,0.667,2,3,0.667,2,3,3,0,0,0,0,0,0,0,0,0.0,0,0,0,0,0,0,0,0,0,0,0,0,0.0,0,0,0,0,0,7,1
DFB-Pokal,SEMI FINALI,22.04.2026,Leverkusen,Bayern,Ospite,Bayern,Stanisic Josip,Terzino,Titolare,7.0,0,2,1,0,0,1,0.25,4,0,0,0,1,3,0,0.0,0,2,0.0,0,0,0.0,0,0,0.2,0.2,5,1,5,1,0,0,0.07,0.284,0.77,0.561,1.0,4,4,1,0,0,0,0,0,0.561,0.561,0.0,0,0,0,0,0,0,1,0.0,0,0,0.0,0,0,90,90,0,1,0,0.896,43,0.75,12,16,0.896,43,48,48,0,0,0,0,0,0,0,0,0.0,0,0,0,0,0,1,1,0,0,1,1,2,1.0,1,1,0,0,1,72,5
DFB-Pokal,SEMI FINALI,22.04.2026,Leverkusen,Bayern,Ospite,Bayern,Olise Michael,Ala,Titolare,8.4,0,4,2,0,0,5,0.455,11,0,0,0,0,0,0,0.2,1,5,0.333,6,2,1.0,1,1,0.5,0.444,9,4,10,5,0,0,0.961,0.125,0.072,0.561,0.75,3,4,1,2,0,0,0,0,0.561,0.561,0.0,0,0,0,0,0,0,4,1.0,4,4,0.333,1,3,90,90,0,0,0,0.848,56,0.811,30,37,0.844,54,64,66,0,0,0,0,0,0,0,0,0.0,0,0,0,0,0,0,1,0,0,0,1,1,0.0,0,0,0,5,7,93,4
DFB-Pokal,SEMI FINALI,22.04.2026,Leverkusen,Bayern,Ospite,Bayern,Davies Alphonso,Difensore,Subentrato,6.4,0,3,0,0,0,0,0.0,0,0,0,0,0,0,0,0.0,0,0,0.0,0,0,0.0,0,0,0.333,0.333,3,1,3,1,0,0,0.002,0.0,0.0,0.0,0.0,0,0,2,0,0,0,0,0,0.0,0.0,0.0,0,0,0,1,0,0,0,0.0,0,0,0.0,0,1,16,16,0,0,0,0.857,6,1.0,2,2,0.857,6,7,7,0,0,0,0,0,0,0,0,0.0,0,0,0,0,0,0,0,0,0,0,0,0,1.0,1,1,0,0,0,11,1
DFB-Pokal,SEMI FINALI,22.04.2026,Leverkusen,Bayern,Ospite,Bayern,Goretzka Leon,Centrocampista,Subentrato,7.1,1,0,1,0,0,1,1.0,1,0,0,0,1,0,0,0.0,0,0,0.0,0,0,0.0,0,0,0.0,0.0,1,0,1,0,0,0,0.073,0.029,0.0,0.0,1.0,1,1,0,0,0,0,0,0,0.0,0.0,0.0,0,0,0,1,0,0,1,0.0,0,0,0.0,0,0,17,17,0,0,0,0.8,8,0.833,5,6,0.8,8,10,10,0,0,0,0,0,0,0,0,0.0,0,0,0,0,0,0,1,0,0,1,0,1,0.0,0,0,0,0,0,14,0
DFB-Pokal,SEMI FINALI,22.04.2026,Leverkusen,Bayern,Ospite,Bayern,Tah Jonathan,Difensore centrale,Titolare,7.9,0,6,0,0,0,0,0.0,0,0,0,0,0,3,0,0.0,0,0,0.0,0,0,0.4,5,2,0.429,0.5,2,1,7,3,0,0,0.012,0.0,0.0,0.561,0.667,2,3,2,0,0,0,0,0,0.561,0.561,0.0,0,0,0,1,0,0,0,0.0,0,0,1.0,1,1,90,90,0,0,1,0.962,50,0.8,4,5,0.962,50,52,52,0,0,0,0,0,0,0,0,0.0,0,0,0,0,0,0,0,0,0,0,0,0,1.0,1,1,1,0,0,59,0
DFB-Pokal,SEMI FINALI,22.04.2026,Leverkusen,Bayern,Ospite,Bayern,Neuer Manuel,Portiere,Titolare,7.3,0,7,0,0,0,0,0.0,0,0,0,0,0,2,0,0.0,0,0,0.0,0,0,0.0,0,0,1.0,1.0,1,1,1,1,0,0,0.001,0.0,0.0,0.561,1.0,1,1,0,1,0,0,0,0,0.561,0.561,0.0,0,0,0,0,3,2,0,0.0,0,0,0.6,6,10,90,90,0,0,0,0.846,22,1.0,1,1,0.833,20,24,26,0,0,0,0,0,0,0,0,0.0,0,0,0,1,0,0,0,1,0,0,0,0,0.0,0,0,0,0,0,32,0
DFB-Pokal,QUARTI DI FINALE,11.02.2026,Bayern,RB Lipsia,Ospite,RB Lipsia,Lukeba Castello,Difensore centrale,Titolare,6.4,0,3,0,0,0,0,0.0,0,0,0,0,1,3,0,0.0,0,0,0.0,0,0,0.0,0,0,0.6,0.6,5,3,5,3,0,0,0.014,0.0,0.0,1.873,0.0,0,4,0,1,0,2,0,0,-0.127,0.085,0.0,0,0,0,4,0,0,1,0.0,0,0,0.667,2,3,89,89,0,0,0,0.951,58,0.667,4,6,0.947,54,57,61,0,0,0,0,0,0,0,0,0.0,0,0,0,0,0,0,0,2,0,0,0,0,0.5,2,1,0,0,0,74,1
DFB-Pokal,QUARTI DI FINALE,11.02.2026,Bayern,RB Lipsia,Ospite,RB Lipsia,Seiwald Nicolas,Centrocampista,Titolare,5.2,0,4,0,1,0,0,0.0,1,0,1,0,1,2,0,0.0,0,0,0.0,0,0,0.0,1,0,0.333,0.375,8,3,9,3,0,0,0.013,0.108,0.0,1.873,0.0,0,1,3,1,0,2,0,0,-0.127,0.085,0.0,0,0,0,1,0,0,0,1.0,1,1,0.667,2,3,90,90,0,0,0,0.886,31,0.857,6,7,0.886,31,35,35,0,0,0,0,0,0,0,0,0.0,0,0,0,0,1,1,0,2,0,0,0,1,0.0,2,0,0,0,2,45,1
DFB-Pokal,QUARTI DI FINALE,11.02.2026,Bayern,RB Lipsia,Ospite,RB Lipsia,Harder Conrad,Attaccante,Subentrato,6.3,0,0,0,0,0,0,0.0,0,0,0,0,0,0,0,0.0,0,1,0.0,0,0,0.5,2,1,0.333,0.0,1,0,3,1,0,0,0.0,0.0,0.0,0.0,0.0,0,0,1,0,0,0,0,0,0.0,0.0,0.0,0,0,0,0,0,0,0,0.0,0,0,0.0,0,0,12,12,0,0,0,0.0,0,0.0,0,0,0.0,0,1,1,0,0,0,0,0,0,0,0,0.0,0,0,0,0,0,0,0,0,0,0,0,0,0.0,0,0,0,0,0,2,0
DFB-Pokal,QUARTI DI FINALE,11.02.2026,Bayern,RB Lipsia,Ospite,RB Lipsia,Diomande Yan,Ala,Titolare,6.7,0,5,0,0,0,0,0.0,2,0,0,0,0,2,0,0.0,0,2,1.0,8,8,0.0,0,0,0.813,0.813,16,13,16,13,0,0,0.025,0.0,0.0,1.873,0.0,0,1,0,4,0,2,0,0,-0.127,0.085,0.0,0,0,0,2,0,0,0,1.0,1,1,0.0,0,0,90,90,0,0,0,0.862,25,0.833,10,12,0.862,25,29,29,0,0,0,0,0,0,0,0,0.0,0,0,0,0,0,0,0,2,0,0,0,0,1.0,1,1,0,0,2,62,8
DFB-Pokal,QUARTI DI FINALE,11.02.2026,Bayern,RB Lipsia,Ospite,RB Lipsia,Romulo Cardoso,Attaccante,Titolare,6.0,0,5,0,1,0,0,0.0,1,0,1,0,0,2,0,0.0,0,0,0.0,2,0,0.667,3,2,0.8,1.0,2,2,5,4,0,0,0.034,0.177,0.0,1.873,0.0,0,3,0,0,0,2,0,0,-0.127,0.085,0.0,0,0,0,0,0,0,0,0.5,1,2,1.0,1,1,78,78,0,0,0,0.611,11,0.714,5,7,0.611,11,18,18,0,0,0,0,0,0,0,0,0.0,0,0,0,0,0,1,0,2,1,1,0,1,1.0,2,2,0,0,2,27,0
DFB-Pokal,QUARTI DI FINALE,11.02.2026,Bayern,RB Lipsia,Ospite,RB Lipsia,Gomis Tidiam,Attaccante,Subentrato,,0,0,0,0,0,0,0.0,0,0,0,0,0,0,0,0.0,0,0,0.0,1,0,0.0,0,0,0.0,0.0,1,0,1,0,0,0,0.0,0.0,0.0,0.0,0.0,0,0,0,0,0,0,0,0,0.0,0.0,0.0,0,0,0,0,0,0,0,0.0,0,0,0.0,0,0,1,1,0,0,0,1.0,1,0.0,0,0,1.0,1,1,1,0,0,0,0,0,0,0,0,0.0,0,0,0,0,0,0,0,0,0,0,0,0,0.0,0,0,0,0,0,2,0
DFB-Pokal,QUARTI DI FINALE,11.02.2026,Bayern,RB Lipsia,Casa,Bayern,Laimer Konrad,Centrocampista,Subentrato,6.6,0,0,0,0,0,0,0.0,1,0,1,0,2,0,0,0.0,0,0,0.0,1,0,0.0,0,0,0.429,0.429,7,3,7,3,0,0,0.004,0.0,0.0,0.0,0.0,0,0,1,0,0,0,0,0,0.0,0.0,0.0,0,0,0,0,0,0,0,0.0,0,0,0.0,0,0,21,21,0,0,0,0.833,5,0.833,5,6,0.833,5,6,6,0,0,0,0,0,0,0,0,0.0,0,0,0,0,0,0,0,0,0,0,0,0,0.667,3,2,0,0,0,14,1
DFB-Pokal,QUARTI DI FINALE,11.02.2026,Bayern,RB Lipsia,Ospite,RB Lipsia,Schlager Xaver,Centrocampista,Titolare,5.4,0,4,0,0,0,0,0.0,1,0,0,0,0,0,0,0.0,0,0,0.0,2,0,0.0,1,0,0.286,0.333,6,2,7,2,0,0,0.008,0.0,0.0,1.873,0.0,0,4,2,1,0,2,0,0,-0.127,0.085,0.0,0,0,0,1,0,0,0,1.0,2,2,0.667,2,3,78,78,0,0,0,0.778,21,0.667,4,6,0.778,21,27,27,0,0,0,0,0,0,0,0,0.0,0,0,0,0,0,0,0,2,0,0,0,0,1.0,1,1,0,0,1,39,2
DFB-Pokal,QUARTI DI FINALE,11.02.2026,Bayern,RB Lipsia,Ospite,RB Lipsia,Baku Ridle,Terzino,Titolare,6.6,0,1,0,0,0,0,0.0,3,0,0,0,0,5,0,0.0,0,2,0.0,0,0,1.0,2,2,0.833,0.75,4,3,6,5,0,0,0.011,0.028,0.0,1.873,0.0,0,4,1,2,0,2,0,0,-0.127,0.085,0.0,0,0,0,1,0,0,0,1.0,1,1,0.25,1,4,90,90,0,0,1,0.868,33,0.692,9,13,0.861,31,36,38,0,0,0,0,0,0,0,0,0.0,0,0,0,0,0,0,1,2,0,1,0,1,1.0,2,2,0,0,0,60,0
DFB-Pokal,QUARTI DI FINALE,11.02.2026,Bayern,RB Lipsia,Ospite,RB Lipsia,Raum David,Terzino,Titolare,7.2,0,3,1,0,0,0,0.0,10,0,0,0,1,2,0,0.625,5,8,1.0,1,1,0.0,0,0,0.5,0.5,6,3,6,3,0,0,0.39,0.032,0.61,1.873,0.0,0,8,2,0,0,2,0,0,-0.127,0.085,0.0,0,0,0,2,0,0,3,0.0,0,0,0.333,2,6,90,90,0,0,1,0.906,48,1.0,15,15,0.9,45,50,53,0,0,0,0,0,0,0,0,0.0,0,0,0,0,0,1,0,2,0,0,1,1,0.5,2,1,0,0,1,76,0
DFB-Pokal,QUARTI DI FINALE,11.02.2026,Bayern,RB Lipsia,Ospite,RB Lipsia,Banzuzi Ezechiel,Attaccante,Subentrato,6.4,0,2,0,0,0,0,0.0,0,0,0,0,0,0,0,0.0,0,0,0.0,0,0,0.0,0,0,1.0,1.0,1,1,1,1,0,0,0.002,0.0,0.0,0.0,0.0,0,0,0,0,0,0,0,0,0.0,0.0,0.0,0,0,0,0,0,0,0,0.0,0,0,0.0,0,0,12,12,0,0,0,1.0,4,1.0,1,1,1.0,4,4,4,0,0,0,0,0,0,0,0,0.0,0,0,0,0,0,0,0,0,0,0,0,0,0.0,1,0,0,0,1,6,0
DFB-Pokal,QUARTI DI FINALE,11.02.2026,Bayern,RB Lipsia,Casa,Bayern,Stanisic Josip,Terzino,Titolare,7.6,0,4,1,0,0,0,0.0,6,0,1,0,1,2,0,0.25,1,4,0.0,0,0,1.0,1,1,0.714,0.667,6,4,7,5,0,0,0.161,0.0,0.0,0.61,0.0,0,1,1,2,0,0,0,0,0.61,0.61,0.0,0,0,0,0,0,0,1,0.0,0,0,0.5,1,2,69,69,0,0,0,0.906,29,0.8,8,10,0.906,29,32,32,0,0,0,1,0,0,0,0,0.0,0,0,0,0,0,0,0,0,0,0,0,0,0.5,2,1,0,0,6,52,1
DFB-Pokal,QUARTI DI FINALE,11.02.2026,Bayern,RB Lipsia,Casa,Bayern,Goretzka Leon,Centrocampista,Subentrato,,0,0,0,0,0,0,0.0,0,0,0,0,0,0,0,0.0,0,0,0.0,0,0,0.0,1,0,0.0,0.0,0,0,1,0,0,0,0.005,0.0,0.0,0.0,0.0,0,1,0,0,0,0,0,0,0.0,0.0,0.0,0,0,0,0,0,0,0,1.0,1,1,0.0,0,0,10,10,0,0,0,1.0,8,1.0,4,4,1.0,8,8,8,0,0,0,0,0,0,0,0,0.0,0,0,0,0,0,0,0,0,0,0,0,0,0.0,0,0,0,0,0,9,0
DFB-Pokal,QUARTI DI FINALE,11.02.2026,Bayern,RB Lipsia,Casa,Bayern,Gnabry Serge,Centrocampista offensivo,Titolare,6.7,0,1,0,1,0,0,0.0,2,0,0,0,1,0,0,0.0,0,0,0.0,0,0,1.0,1,1,0.667,0.6,5,3,6,4,0,0,0.051,0.116,0.151,0.61,0.0,0,1,1,0,0,0,0,0,0.61,0.61,0.0,0,0,0,0,0,0,1,1.0,5,5,0.5,1,2,69,69,0,0,0,0.826,19,0.714,5,7,0.826,19,23,23,0,0,0,0,0,0,0,0,0.0,0,0,0,0,0,1,0,0,0,0,1,1,0.667,3,2,0,0,3,29,0
DFB-Pokal,QUARTI DI FINALE,11.02.2026,Bayern,RB Lipsia,Casa,Bayern,Davies Alphonso,Terzino,Titolare,7.3,0,6,1,0,0,0,0.0,1,0,0,0,1,1,0,1.0,1,1,1.0,1,1,0.0,1,0,0.444,0.5,8,4,9,4,0,0,0.166,0.0,0.0,0.61,0.0,0,2,3,1,0,0,0,0,0.61,0.61,0.0,0,0,0,2,0,0,1,1.0,1,1,1.0,2,2,89,89,0,1,1,0.912,31,1.0,8,8,0.912,31,34,34,0,0,0,0,0,0,0,0,0.0,0,0,0,0,0,0,0,0,0,0,0,0,0.5,2,1,0,0,1,51,3
DFB-Pokal,QUARTI DI FINALE,11.02.2026,Bayern,RB Lipsia,Casa,Bayern,Diaz Luis,Ala,Titolare,7.2,0,4,0,0,0,0,0.0,1,0,0,0,2,1,0,0.0,0,0,0.0,2,0,0.0,1,0,0.0,0.0,8,0,9,0,0,0,0.127,0.727,0.451,0.61,0.0,0,3,1,0,1,0,0,0,0.61,0.61,0.0,0,0,0,0,0,0,1,1.0,2,2,1.0,4,4,90,90,0,1,0,0.889,40,0.857,18,21,0.886,39,44,45,0,0,0,0,0,0,0,0,0.0,0,0,0,0,0,2,0,0,0,1,1,2,0.0,0,0,0,0,4,63,7
DFB-Pokal,QUARTI DI FINALE,11.02.2026,Bayern,RB Lipsia,Casa,Bayern,Tah Jonathan,Difensore centrale,Titolare,7.8,0,2,0,0,0,0,0.0,1,0,0,0,0,4,0,0.0,0,0,0.0,0,0,0.5,4,2,0.5,0.0,0,0,4,2,0,0,0.029,0.0,0.0,0.61,0.0,0,13,0,0,0,0,0,0,0.61,0.61,0.0,0,0,0,0,0,0,0,0.0,0,0,0.75,3,4,90,90,0,0,0,0.959,70,0.933,14,15,0.956,65,68,73,0,0,0,0,0,0,0,0,0.0,0,0,0,0,0,0,0,0,0,0,0,0,0.0,0,0,0,0,0,79,0
DFB-Pokal,QUARTI DI FINALE,11.02.2026,Bayern,RB Lipsia,Ospite,RB Lipsia,Baumgartner Christoph,Centrocampista,Titolare,5.3,0,1,0,0,0,0,0.0,1,0,1,0,0,2,0,0.0,0,0,0.0,1,0,0.0,0,0,0.2,0.2,5,1,5,1,0,0,0.004,0.0,0.0,1.873,0.0,0,1,4,0,0,2,0,0,-0.127,0.085,0.0,0,0,0,0,0,0,0,1.0,1,1,0.0,0,2,89,89,0,1,0,0.824,14,0.667,2,3,0.786,11,14,17,0,0,0,0,0,0,0,0,0.0,0,0,0,0,0,0,0,2,0,0,0,0,0.0,1,0,0,0,0,25,0
DFB-Pokal,QUARTI DI FINALE,11.02.2026,Bayern,RB Lipsia,Casa,Bayern,Neuer Manuel,Portiere,Titolare,7.2,0,10,0,0,0,0,0.0,0,0,0,0,0,2,0,0.0,0,0,0.0,0,0,0.0,0,0,1.0,1.0,1,1,1,1,0,0,0.004,0.0,0.0,0.61,0.0,0,3,0,1,0,0,0,0,0.61,0.61,0.0,0,0,0,0,0,5,0,0.0,0,0,0.615,8,13,90,90,0,0,0,0.838,31,0.333,1,3,0.848,28,33,37,0,0,0,0,0,0,0,0,0.0,0,0,1,1,0,0,0,1,0,0,0,0,0.0,0,0,0,0,0,47,0
DFB-Pokal,QUARTI DI FINALE,11.02.2026,Bayern,RB Lipsia,Ospite,RB Lipsia,Nusa Antonio,Ala,Titolare,5.7,0,1,1,0,0,0,0.0,1,0,0,0,0,2,0,0.0,0,0,0.333,3,1,0.0,1,0,0.25,0.286,7,2,8,2,0,0,0.031,0.014,0.0,1.873,0.0,0,2,0,1,0,2,0,0,-0.127,0.085,0.0,0,0,0,0,0,0,2,0.0,0,0,0.0,0,1,78,78,0,0,0,0.733,11,0.5,4,8,0.733,11,15,15,0,0,0,0,0,0,0,0,0.0,0,0,0,0,0,0,1,2,0,1,0,1,0.0,0,0,0,1,3,31,6
DFB-Pokal,QUARTI DI FINALE,11.02.2026,Bayern,RB Lipsia,Casa,Bayern,Ito Hiroki,Difensore,Subentrato,,0,0,0,0,0,0,0.0,0,0,0,0,0,0,0,0.0,0,0,0.0,0,0,0.0,0,0,0.0,0.0,0,0,0,0,0,0,0.005,0.0,0.0,0.0,0.0,0,0,0,0,0,0,0,0,0.0,0.0,0.0,0,0,0,0,0,0,0,0.0,0,0,0.0,0,0,1,1,0,0,0,1.0,3,1.0,3,3,1.0,3,3,3,0,0,0,0,0,0,0,0,0.0,0,0,0,0,0,0,0,0,0,0,0,0,0.0,0,0,0,0,0,3,0
DFB-Pokal,QUARTI DI FINALE,11.02.2026,Bayern,RB Lipsia,Ospite,RB Lipsia,Gruda Brajan,Attaccante,Subentrato,6.4,0,1,0,0,0,0,0.0,0,0,0,0,0,0,0,0.0,0,0,0.0,1,0,0.0,0,0,0.667,0.667,3,2,3,2,0,0,0.019,0.0,0.0,0.0,0.0,0,0,0,1,0,0,0,0,0.0,0.0,0.0,0,0,0,0,0,0,0,0.0,0,0,0.0,0,0,12,12,0,0,0,1.0,4,1.0,2,2,1.0,4,4,4,0,0,0,0,0,0,0,0,0.0,0,0,0,0,0,0,0,0,0,0,0,0,0.0,1,0,0,0,1,7,0
DFB-Pokal,QUARTI DI FINALE,11.02.2026,Bayern,RB Lipsia,Casa,Bayern,Kimmich Joshua,Centrocampista,Titolare,7.7,0,2,0,0,0,0,0.0,7,0,0,0,0,1,0,0.333,1,3,0.0,1,0,0.0,1,0,0.25,0.333,3,1,4,1,0,0,0.088,0.0,0.0,0.61,0.0,0,13,0,1,0,0,0,0,0.61,0.61,0.0,0,0,0,0,0,0,0,1.0,3,3,0.667,4,6,90,90,0,0,0,0.909,80,0.8,20,25,0.915,75,82,88,0,0,0,0,0,0,0,0,0.0,0,0,0,0,0,0,0,0,0,0,0,0,0.0,0,0,0,1,0,100,3
DFB-Pokal,QUARTI DI FINALE,11.02.2026,Bayern,RB Lipsia,Casa,Bayern,Pavlovic Aleksandar,Centrocampista,Titolare,7.0,0,3,0,0,0,0,0.0,1,0,1,0,1,0,0,0.0,0,0,0.0,0,0,0.0,0,0,0.333,0.333,6,2,6,2,0,0,0.043,0.046,0.112,0.61,0.0,0,9,2,2,0,0,0,0,0.61,0.61,0.0,0,0,0,1,0,0,1,1.0,2,2,0.667,4,6,80,80,0,0,0,0.932,69,0.889,16,18,0.932,69,74,74,0,0,0,0,0,0,0,0,0.0,0,0,0,0,0,0,1,0,0,0,1,1,0.0,0,0,0,0,1,82,1
DFB-Pokal,QUARTI DI FINALE,11.02.2026,Bayern,RB Lipsia,Ospite,RB Lipsia,Bitshiabu El Chadaille,Difensore,Subentrato,,0,0,0,0,0,0,0.0,0,0,0,0,0,0,0,0.0,0,0,0.0,0,0,0.0,0,0,0.0,0.0,0,0,0,0,0,0,0.0,0.0,0.0,0.0,0.0,0,1,0,0,0,0,0,0,0.0,0.0,0.0,0,0,0,0,0,0,0,0.0,0,0,0.0,0,1,1,1,0,0,0,0.0,0,0.0,0,1,0.0,0,1,1,0,0,0,0,0,0,0,0,0.0,0,0,0,0,0,0,0,0,0,0,0,0,0.0,0,0,0,0,0,1,0
DFB-Pokal,QUARTI DI FINALE,11.02.2026,Bayern,RB Lipsia,Casa,Bayern,Kane Harry,Attaccante,Titolare,8.0,0,6,0,2,0,0,0.0,3,0,0,0,0,0,0,0.0,0,0,0.667,3,2,0.0,1,0,0.625,0.714,7,5,8,5,0,0,0.066,1.388,1.16,0.61,0.0,0,3,0,3,1,0,0,1,0.61,0.61,0.0,0,0,0,0,0,0,0,1.0,1,1,0.0,0,3,90,90,0,0,0,0.609,14,0.429,6,14,0.609,14,23,23,0,0,0,0,0,0,0,0,0.0,0,0,0,0,0,5,0,0,2,1,4,5,0.0,0,0,0,0,9,39,3
DFB-Pokal,QUARTI DI FINALE,11.02.2026,Bayern,RB Lipsia,Casa,Bayern,Musiala Jamal,Centrocampista,Subentrato,6.7,0,3,0,0,0,0,0.0,0,0,0,0,1,0,0,0.0,0,1,0.0,0,0,0.0,0,0,0.333,0.333,3,1,3,1,0,0,0.005,0.0,0.0,0.0,0.0,0,2,0,1,0,0,0,0,0.0,0.0,0.0,0,0,0,1,0,0,0,1.0,2,2,0.0,0,0,21,21,0,0,0,0.909,10,0.857,6,7,0.909,10,11,11,0,0,0,0,0,0,0,0,0.0,0,0,0,0,0,0,0,0,0,0,0,0,0.0,0,0,0,0,1,18,2
DFB-Pokal,QUARTI DI FINALE,11.02.2026,Bayern,RB Lipsia,Ospite,RB Lipsia,Orban Willi,Difensore centrale,Titolare,7.0,0,1,0,0,0,0,0.0,3,0,0,0,1,8,0,0.0,0,1,0.0,0,0,1.0,1,1,0.833,0.8,5,4,6,5,0,0,0.008,0.099,0.0,1.873,0.0,0,9,0,0,0,2,0,0,-0.127,0.085,0.0,0,0,0,0,0,0,0,0.0,0,0,0.5,3,6,90,90,0,0,0,0.887,47,0.583,7,12,0.88,44,50,53,0,0,0,0,0,0,0,0,0.0,0,0,0,0,2,2,0,2,2,0,0,2,1.0,4,4,0,0,4,70,0
DFB-Pokal,QUARTI DI FINALE,11.02.2026,Bayern,RB Lipsia,Ospite,RB Lipsia,Vandevoordt Maarten,Portiere,Titolare,6.5,0,6,0,0,2,0,0.0,1,0,1,0,0,1,0,0.0,0,0,0.0,0,0,1.0,1,1,0.5,0.0,1,0,2,1,0,0,0.001,0.0,0.0,1.873,0.0,0,7,1,0,0,2,0,0,-0.127,0.085,0.0,0,0,0,0,1,3,0,0.0,0,0,0.368,7,19,90,90,0,0,0,0.714,30,0.0,0,7,0.758,25,33,42,1,0,0,0,0,0,0,0,0.0,0,0,1,4,0,0,0,6,0,0,0,0,0.0,0,0,0,0,0,50,0
DFB-Pokal,QUARTI DI FINALE,11.02.2026,Bayern,RB Lipsia,Casa,Bayern,Olise Michael,Ala,Titolare,8.2,1,6,2,1,0,0,0.0,7,0,0,0,1,0,0,0.571,4,7,0.143,7,1,0.0,0,0,0.5,0.5,12,6,12,6,0,0,0.689,0.835,0.0,0.61,0.0,0,6,1,3,0,0,0,0,0.61,0.61,0.0,0,0,0,0,0,0,3,1.0,1,1,1.0,1,1,90,90,0,1,0,0.938,45,0.913,21,23,0.933,42,45,48,0,0,0,0,0,0,0,0,0.0,0,0,0,0,1,2,1,0,0,2,0,3,0.5,2,1,0,1,7,81,2
DFB-Pokal,QUARTI DI FINALE,11.02.2026,Bayern,RB Lipsia,Casa,Bayern,Upamecano Dayot,Difensore centrale,Titolare,7.9,0,3,0,0,0,0,0.0,3,0,0,0,0,2,0,0.0,0,0,0.0,0,0,1.0,1,1,0.5,0.4,5,2,6,3,0,0,0.031,0.0,0.0,0.61,0.0,0,15,1,0,0,0,0,0,0.61,0.61,0.0,0,0,0,2,0,0,0,0.0,0,0,0.714,5,7,90,90,0,0,0,0.899,71,0.882,15,17,0.896,69,77,79,0,0,0,0,0,0,0,0,0.0,0,0,0,0,0,0,0,0,0,0,0,0,0.5,2,1,0,0,0,89,2
DFB-Pokal,QUARTI DI FINALE,10.02.2026,Hertha,Friburgo,Ospite,Friburgo,Ginter Matthias,Difensore centrale,Titolare,6.6,0,5,0,0,0,0,0.0,3,0,0,0,0,4,0,1.0,1,1,0.0,0,0,0.444,9,4,0.5,0.667,3,2,12,6,0,0,0.101,0.0,0.0,1.494,0.0,0,9,0,1,0,1,0,0,0.494,0.494,0.0,0,0,0,0,0,0,1,0.0,0,0,0.429,3,7,120,120,0,0,0,0.875,70,0.615,8,13,0.87,67,77,80,0,0,0,0,0,0,1,0,0.0,0,0,0,0,0,0,0,1,0,0,0,0,0.0,1,0,0,0,1,92,1
DFB-Pokal,QUARTI DI FINALE,10.02.2026,Hertha,Friburgo,Ospite,Friburgo,Osterhage Patrick,Centrocampista,Titolare,6.5,0,4,0,0,0,0,0.0,2,0,0,0,1,0,0,0.0,0,1,0.0,0,0,0.4,5,2,0.455,0.5,6,3,11,5,0,0,0.015,0.0,0.0,0.125,0.0,0,4,0,2,0,0,0,0,0.125,0.125,0.0,0,0,0,0,0,0,1,1.0,3,3,0.0,0,3,78,78,0,0,0,0.837,41,0.545,6,11,0.833,40,48,49,0,0,0,0,0,0,0,0,0.0,0,0,0,0,0,0,0,0,0,0,0,0,1.0,1,1,0,1,0,59,2
DFB-Pokal,QUARTI DI FINALE,10.02.2026,Hertha,Friburgo,Ospite,Friburgo,Manzambi Johan,Centrocampista,Subentrato,6.2,0,1,0,0,0,0,0.0,1,0,0,0,1,2,0,0.0,0,0,0.5,2,1,0.25,4,1,0.538,0.667,9,6,13,7,0,0,0.01,0.03,0.018,1.369,0.0,0,3,0,1,0,1,0,0,0.369,0.369,0.0,0,0,0,0,0,0,0,0.0,0,0,0.0,0,1,42,42,0,0,0,0.864,19,0.6,3,5,0.864,19,22,22,0,0,0,0,1,0,0,0,0.0,0,0,0,0,0,1,0,1,0,0,1,1,0.25,4,1,0,0,2,41,2
DFB-Pokal,QUARTI DI FINALE,10.02.2026,Hertha,Friburgo,Ospite,Friburgo,Treu Philipp,Terzino,Titolare,6.1,0,4,0,0,0,0,0.0,6,0,0,0,1,2,0,0.0,0,1,0.0,1,0,0.4,5,2,0.5,0.571,7,4,12,6,0,0,0.003,0.0,0.0,1.494,0.0,0,2,2,2,0,1,0,0,0.494,0.494,0.0,0,0,0,0,0,0,0,0.0,0,0,0.5,1,2,120,120,0,0,0,0.933,28,0.5,1,2,0.931,27,29,30,0,0,0,0,0,0,0,0,0.0,0,0,0,0,0,0,0,1,0,0,0,0,0.5,2,1,0,0,0,56,1
DFB-Pokal,QUARTI DI FINALE,10.02.2026,Hertha,Friburgo,Ospite,Friburgo,Irie Cyriaque,Attaccante,Subentrato,,0,0,0,0,0,0,0.0,0,0,0,0,0,0,0,0.0,0,0,0.0,0,0,0.0,0,0,0.0,0.0,0,0,0,0,0,0,0.0,0.0,0.0,0.0,0.0,0,0,0,0,0,0,0,0,0.0,0.0,0.0,0,0,0,0,0,0,0,0.0,0,0,0.0,0,0,4,4,0,0,0,1.0,2,0.0,0,0,1.0,2,2,2,0,0,0,0,0,0,0,0,0.0,0,0,0,0,0,0,0,0,0,0,0,0,0.0,0,0,0,0,0,2,0
DFB-Pokal,QUARTI DI FINALE,10.02.2026,Hertha,Friburgo,Ospite,Friburgo,Suzuki Yuito,Centrocampista offensivo,Titolare,7.9,0,8,1,0,0,0,0.0,4,0,0,0,0,3,0,0.0,0,2,0.6,5,3,0.0,0,0,0.545,0.545,11,6,11,6,1,0,0.388,0.207,1.142,1.494,0.0,0,4,1,1,1,1,0,0,0.494,0.494,0.0,0,0,0,1,0,0,4,1.0,1,1,0.0,0,1,120,120,0,0,1,0.774,24,0.789,15,19,0.774,24,31,31,0,0,0,0,0,0,1,0,0.0,0,0,0,0,0,2,2,1,0,1,3,4,0.5,2,1,0,1,7,59,7
DFB-Pokal,QUARTI DI FINALE,10.02.2026,Hertha,Friburgo,Ospite,Friburgo,Grifo Vincenzo,Centrocampista,Subentrato,6.7,0,2,0,1,0,0,0.0,8,0,1,0,0,1,0,0.0,0,4,1.0,1,1,1.0,2,2,0.6,0.333,3,1,5,3,0,0,0.06,0.291,0.0,1.369,0.0,0,5,1,0,0,1,0,0,0.369,0.369,0.0,0,0,0,0,0,0,0,0.0,0,0,0.25,1,4,57,57,0,0,0,0.765,26,0.615,8,13,0.774,24,31,34,0,0,0,0,0,0,1,0,0.0,0,0,0,0,2,2,1,1,0,1,0,3,0.0,0,0,0,1,3,48,3
DFB-Pokal,QUARTI DI FINALE,10.02.2026,Hertha,Friburgo,Ospite,Friburgo,Rosenfelder Max,Difensore centrale,Titolare,6.6,0,10,0,0,0,0,0.0,1,0,0,0,0,13,0,0.0,0,0,1.0,2,2,0.4,5,2,0.643,0.778,9,7,14,9,0,1,0.013,0.0,0.0,1.494,0.0,0,5,1,2,0,1,0,0,0.494,0.494,0.0,0,0,0,1,0,0,0,0.0,0,0,0.0,0,2,120,120,0,0,0,0.879,87,0.545,6,11,0.875,84,96,99,0,0,0,0,0,0,0,0,0.0,0,0,0,0,0,0,0,1,0,0,0,0,0.667,3,2,0,0,1,129,4
DFB-Pokal,QUARTI DI FINALE,10.02.2026,Hertha,Friburgo,Ospite,Friburgo,Makengo Jordy,Terzino,Titolare,7.0,0,3,0,0,0,0,0.0,2,0,0,0,0,1,0,0.0,0,0,0.5,2,1,0.0,2,0,0.5,0.667,6,4,8,4,0,0,0.404,0.0,0.0,0.125,0.0,0,3,0,1,0,0,0,0,0.125,0.125,0.0,0,0,0,2,0,0,1,0.0,0,0,0.0,0,1,78,78,0,0,0,0.919,34,0.909,10,11,0.919,34,37,37,0,0,0,0,0,0,0,0,0.0,0,0,0,0,0,0,0,0,0,0,0,0,1.0,2,2,0,0,2,58,3
DFB-Pokal,QUARTI DI FINALE,10.02.2026,Hertha,Friburgo,Ospite,Friburgo,Gunter Christian,Difensore,Subentrato,6.4,0,0,0,0,0,0,0.0,1,0,0,0,0,0,0,0.5,1,2,0.0,0,0,0.0,0,0,1.0,1.0,1,1,1,1,0,0,0.03,0.0,0.0,1.369,0.0,0,0,0,0,0,1,0,0,0.369,0.369,0.0,0,0,0,1,0,0,1,0.0,0,0,0.0,0,1,42,42,0,0,0,0.769,10,1.0,4,4,0.769,10,13,13,0,0,0,0,0,0,0,0,0.0,0,0,0,0,0,0,0,1,0,0,0,0,0.0,1,0,0,0,0,20,0
DFB-Pokal,QUARTI DI FINALE,10.02.2026,Hertha,Friburgo,Ospite,Friburgo,Muller Florian,Portiere,Titolare,7.7,0,10,0,0,0,0,0.0,0,0,0,0,0,2,0,0.0,0,0,0.0,0,0,0.0,0,0,0.0,0.0,0,0,0,0,0,0,0.001,0.0,0.0,1.494,0.0,0,4,0,0,0,1,0,0,0.494,0.494,1.0,2,2,0,0,0,5,0,0.0,0,0,0.227,5,22,120,120,0,0,0,0.605,26,0.0,0,4,0.571,16,28,43,0,0,0,0,0,2,0,0,0.0,0,0,2,3,0,0,0,4,0,0,0,0,0.0,0,0,0,0,0,55,0
DFB-Pokal,QUARTI DI FINALE,10.02.2026,Hertha,Friburgo,Ospite,Friburgo,Eggestein Maximilian,Centrocampista,Titolare,5.8,0,3,0,0,0,0,0.0,0,0,0,0,1,3,0,0.0,0,0,0.0,0,0,0.5,6,3,0.4,0.25,4,1,10,4,0,0,0.009,0.054,0.0,1.494,0.0,0,7,0,0,0,1,0,0,0.494,0.494,0.0,0,0,0,1,0,0,1,0.0,0,0,0.4,2,5,120,120,0,0,0,0.775,31,0.375,3,8,0.769,30,39,40,0,0,0,0,0,0,1,0,0.0,0,0,0,0,1,2,0,1,0,1,0,2,1.0,1,1,0,0,4,56,5
DFB-Pokal,QUARTI DI FINALE,10.02.2026,Hertha,Friburgo,Ospite,Friburgo,Matanovic Igor,Attaccante,Titolare,6.6,0,1,1,0,0,0,0.0,0,0,0,0,1,1,0,0.0,0,0,0.0,1,0,0.111,9,1,0.333,0.556,9,5,18,6,0,0,0.013,0.188,0.049,1.494,0.0,0,1,2,3,0,1,0,0,0.494,0.494,0.0,0,0,0,1,0,0,2,1.0,2,2,0.0,0,0,113,113,0,1,0,0.636,7,0.25,1,4,0.6,6,10,11,0,0,0,0,0,0,0,0,0.0,0,0,0,0,0,2,2,1,1,3,1,4,1.0,2,2,0,0,5,39,8
DFB-Pokal,QUARTI DI FINALE,10.02.2026,Hertha,Friburgo,Ospite,Friburgo,Holer Lucas,Attaccante,Subentrato,,0,0,0,0,0,0,0.0,0,0,0,0,1,1,0,0.0,0,0,0.0,0,0,0.0,1,0,0.0,0.0,1,0,2,0,0,0,0.0,0.0,0.0,0.0,0.0,0,0,0,0,0,0,0,0,0.0,0.0,0.0,0,0,0,0,0,0,0,0.0,0,0,0.0,0,0,7,7,0,0,0,0.0,0,0.0,0,0,0.0,0,0,0,0,0,0,0,0,0,1,0,0.0,0,0,0,0,0,0,0,0,0,0,0,0,0.0,0,0,0,0,0,1,0
DFB-Pokal,QUARTI DI FINALE,10.02.2026,Hertha,Friburgo,Ospite,Friburgo,Scherhant Derry,Ala,Titolare,6.1,0,2,0,1,0,0,0.0,1,0,0,0,0,0,0,0.0,0,3,0.4,5,2,1.0,2,2,0.357,0.25,12,3,14,5,0,0,0.002,0.18,0.29,0.125,0.0,0,0,1,0,0,0,0,0,0.125,0.125,0.0,0,0,0,0,0,0,0,0.0,0,0,0.0,0,0,63,63,0,0,0,0.692,9,0.667,2,3,0.667,8,12,13,0,0,0,0,0,0,0,0,0.0,0,0,0,0,0,2,0,0,0,0,2,2,0.0,1,0,0,0,5,31,6
DFB-Pokal,QUARTI DI FINALE,10.02.2026,Hertha,Friburgo,Ospite,Friburgo,Beste Jan-Niklas,Ala,Titolare,6.0,0,3,0,0,0,0,0.0,4,0,0,0,2,4,0,0.0,0,4,0.5,2,1,0.5,2,1,0.556,0.571,7,4,9,5,0,0,0.098,0.102,0.048,1.494,0.0,0,3,1,0,0,1,0,0,0.494,0.494,0.0,0,0,0,0,0,0,0,0.0,0,0,1.0,1,1,116,116,0,0,0,0.85,17,0.8,4,5,0.842,16,19,20,0,0,0,0,0,0,0,0,0.0,0,0,0,0,0,2,0,1,0,1,1,2,1.0,3,3,0,0,4,42,4
DFB-Pokal,QUARTI DI FINALE,10.02.2026,Hertha,Friburgo,Casa,Hertha,Ernst Tjark,Portiere,Titolare,8.0,0,14,0,0,1,0,0.0,0,0,0,0,1,0,0,0.0,0,0,0.0,0,0,0.0,0,0,0.0,0.0,1,0,1,0,0,0,0.003,0.0,0.0,1.546,0.0,0,3,0,0,0,1,0,0,0.546,0.546,0.0,0,0,0,0,0,10,0,0.0,0,0,0.583,14,24,120,120,0,0,0,0.814,48,0.333,1,3,0.891,41,46,59,0,0,0,0,0,1,0,0,0.0,0,0,0,7,0,0,0,8,0,0,0,0,0.0,0,0,0,0,0,76,0
DFB-Pokal,QUARTI DI FINALE,10.02.2026,Hertha,Friburgo,Casa,Hertha,Gechter Linus,Difensore centrale,Titolare,5.4,0,4,0,0,0,0,0.0,1,0,0,0,3,5,0,0.0,0,1,0.0,1,0,0.6,5,3,0.5,0.444,9,4,14,7,1,0,0.107,0.041,0.125,1.546,0.0,0,4,1,0,0,1,0,0,0.546,0.546,0.0,0,0,0,0,0,0,0,0.0,0,0,0.5,1,2,120,120,0,0,0,0.857,66,0.714,5,7,0.857,66,77,77,0,0,0,0,0,0,0,0,0.0,0,0,0,0,0,1,0,1,1,0,1,1,0.75,4,3,0,0,3,98,0
DFB-Pokal,QUARTI DI FINALE,10.02.2026,Hertha,Friburgo,Casa,Hertha,Leistner Toni,Difensore centrale,Titolare,7.3,0,1,0,0,0,0,0.0,0,0,1,0,0,6,0,0.0,0,0,0.0,0,0,1.0,5,5,0.8,0.6,5,3,10,8,0,1,0.014,0.2,0.0,1.546,0.0,0,5,2,1,0,1,0,0,0.546,0.546,0.0,0,0,0,5,0,0,1,0.0,0,0,0.4,2,5,99,99,0,0,1,0.862,50,0.6,3,5,0.855,47,55,58,0,0,0,0,0,0,0,0,0.0,0,0,0,0,0,1,0,1,1,1,0,1,1.0,2,2,0,0,1,75,1
DFB-Pokal,QUARTI DI FINALE,10.02.2026,Hertha,Friburgo,Casa,Hertha,Dudziak Jeremy,Difensore,Subentrato,6.2,0,3,0,0,0,0,0.0,0,0,0,0,0,0,0,0.0,0,0,0.0,1,0,0.0,0,0,0.2,0.2,5,1,5,1,0,0,0.009,0.0,0.0,0.0,0.0,0,3,0,0,0,0,0,0,0.0,0.0,0.0,0,0,0,0,0,0,0,0.0,0,0,0.0,0,1,21,21,0,0,0,0.75,6,0.667,2,3,0.75,6,8,8,0,0,0,0,0,0,0,0,0.0,0,0,0,0,0,0,0,0,0,0,0,0,0.0,1,0,0,0,0,17,4
DFB-Pokal,QUARTI DI FINALE,10.02.2026,Hertha,Friburgo,Casa,Hertha,Reese Fabian,Centrocampista offensivo,Titolare,7.8,0,5,0,0,0,0,0.0,11,0,0,0,2,3,0,0.2,1,5,0.5,2,1,1.0,2,2,0.5,0.417,12,5,14,7,0,0,0.091,0.117,0.671,1.546,0.0,0,4,2,1,1,1,0,0,0.546,0.546,0.0,0,0,0,1,0,0,1,0.0,0,0,0.6,3,5,120,120,0,0,0,0.71,22,0.5,5,10,0.71,22,31,31,0,0,0,0,0,0,1,0,0.0,0,0,0,0,1,0,3,1,0,0,2,3,0.667,3,2,0,0,2,71,7
DFB-Pokal,QUARTI DI FINALE,10.02.2026,Hertha,Friburgo,Casa,Hertha,Dardai Marton,Difensore centrale,Titolare,6.4,0,3,0,0,1,0,0.0,2,0,0,0,0,8,0,0.0,0,1,0.0,0,0,0.667,3,2,0.667,0.0,0,0,3,2,0,0,0.009,0.019,0.0,1.546,0.0,0,11,0,0,0,1,0,0,0.546,0.546,0.0,0,0,0,0,0,0,0,0.0,0,0,0.333,3,9,120,120,0,0,1,0.848,56,0.538,7,13,0.848,56,66,66,0,0,0,0,0,0,0,0,0.0,0,0,0,0,0,1,0,1,1,1,0,1,0.0,0,0,0,0,2,83,0
DFB-Pokal,QUARTI DI FINALE,10.02.2026,Hertha,Friburgo,Casa,Hertha,Karbownik Michal,Esterno,Titolare,5.8,0,6,0,0,0,0,0.0,3,0,0,0,1,2,0,0.333,1,3,0.5,2,1,0.0,1,0,0.375,0.429,7,3,8,3,0,0,0.028,0.0,0.0,1.546,0.0,0,2,0,2,0,1,0,0,0.546,0.546,0.0,0,0,0,1,0,0,0,0.0,0,0,0.0,0,2,120,120,0,0,0,0.818,36,1.0,11,11,0.81,34,42,44,0,0,0,0,0,0,0,0,0.0,0,0,0,0,0,0,0,1,0,0,0,0,0.0,0,0,0,0,2,64,5
DFB-Pokal,QUARTI DI FINALE,10.02.2026,Hertha,Friburgo,Casa,Hertha,Brekalo Josip,Attaccante,Subentrato,6.5,0,5,0,0,0,0,0.0,2,0,0,0,1,0,0,0.5,1,2,1.0,1,1,0.0,2,0,0.5,0.75,4,3,6,3,0,0,0.052,0.0,0.0,0.833,0.0,0,2,0,0,0,1,0,0,-0.167,-0.167,0.0,0,0,0,0,0,0,0,0.0,0,0,0.5,1,2,40,40,0,0,0,0.875,14,0.714,5,7,0.875,14,16,16,0,0,0,0,0,0,1,0,0.0,0,0,0,0,0,0,0,1,0,0,0,0,0.0,2,0,0,0,1,23,2
DFB-Pokal,QUARTI DI FINALE,10.02.2026,Hertha,Friburgo,Casa,Hertha,Cuisance Michael,Centrocampista,Titolare,6.4,0,4,0,0,0,0,0.0,5,0,0,0,1,2,0,0.333,1,3,0.75,4,3,0.0,2,0,0.385,0.455,11,5,13,5,0,0,0.249,0.199,0.698,1.546,0.0,0,1,2,0,0,1,0,0,0.546,0.546,0.0,0,0,0,0,0,0,1,1.0,1,1,0.333,1,3,120,120,0,0,0,0.737,28,0.6,6,10,0.737,28,38,38,0,0,0,0,1,0,0,0,0.0,0,0,0,0,0,3,0,1,0,2,1,3,1.0,2,2,0,0,6,64,6
DFB-Pokal,QUARTI DI FINALE,10.02.2026,Hertha,Friburgo,Casa,Hertha,Seguin Paul,Centrocampista,Titolare,6.9,1,11,0,0,0,0,0.0,7,0,1,0,0,1,0,0.25,1,4,0.5,2,1,1.0,3,3,0.538,0.4,10,4,13,7,0,1,0.094,0.0,0.0,1.546,0.0,0,9,2,0,0,1,0,0,0.546,0.546,0.0,0,0,0,0,0,0,2,1.0,2,2,0.3,3,10,120,120,0,0,0,0.806,54,0.533,8,15,0.806,50,62,67,0,0,0,0,0,0,1,0,0.0,0,0,0,0,0,0,0,1,0,0,0,0,0.667,3,2,0,0,1,85,3
DFB-Pokal,QUARTI DI FINALE,10.02.2026,Hertha,Friburgo,Casa,Hertha,Eitschberger Julian,Esterno,Titolare,7.2,0,2,1,0,0,0,0.0,4,0,0,0,2,3,0,0.5,1,2,0.0,0,0,0.333,3,1,0.462,0.5,10,5,13,6,0,0,0.2,0.0,0.0,1.546,0.0,0,4,2,1,0,1,0,0,0.546,0.546,0.0,0,0,0,3,0,0,2,0.0,0,0,0.0,0,2,116,116,0,1,1,0.763,29,0.636,7,11,0.763,29,38,38,0,0,0,0,0,0,0,0,0.0,0,0,0,0,0,0,0,1,0,0,0,0,0.75,4,3,0,1,2,57,3
DFB-Pokal,QUARTI DI FINALE,10.02.2026,Hertha,Friburgo,Casa,Hertha,Klemens Pascal,Centrocampista,Subentrato,,0,0,0,0,0,0,0.0,1,0,0,0,0,0,0,0.0,0,0,0.0,0,0,0.0,0,0,0.0,0.0,0,0,0,0,0,0,0.0,0.0,0.0,0.0,0.0,0,1,0,0,0,0,0,0,0.0,0.0,0.0,0,0,0,0,0,0,0,0.0,0,0,0.0,0,1,4,4,0,0,0,0.667,2,0.5,1,2,0.667,2,3,3,0,0,0,0,1,0,0,0,0.0,0,0,0,0,0,0,0,0,0,0,0,0,0.0,0,0,0,0,0,4,0
DFB-Pokal,QUARTI DI FINALE,10.02.2026,Hertha,Friburgo,Casa,Hertha,Kownacki Dawid,Attaccante,Titolare,6.2,0,1,0,0,0,0,0.0,1,0,0,0,0,2,0,0.0,0,0,0.0,2,0,0.556,18,10,0.542,0.5,6,3,24,13,0,0,0.003,0.0,0.0,0.713,0.0,0,4,1,1,0,0,0,0,0.713,0.713,0.0,0,0,0,0,0,0,0,0.5,1,2,0.667,2,3,80,80,0,0,0,0.48,12,0.286,2,7,0.48,12,25,25,0,0,0,0,0,0,0,0,0.0,0,0,0,0,0,0,0,0,0,0,0,0,1.0,2,2,0,0,3,40,1
DFB-Pokal,QUARTI DI FINALE,10.02.2026,Hertha,Friburgo,Casa,Hertha,Schuler Luca,Attaccante,Subentrato,6.8,0,2,0,0,0,0,0.0,1,0,1,0,0,1,0,0.0,0,0,0.0,0,0,0.833,6,5,0.667,0.333,3,1,9,6,0,0,0.021,0.0,0.0,0.833,0.0,0,1,2,0,0,1,0,0,-0.167,-0.167,0.0,0,0,0,0,0,0,0,1.0,1,1,1.0,1,1,40,40,0,0,0,0.563,9,0.571,4,7,0.5,7,14,16,0,0,0,0,0,0,1,0,0.0,0,0,0,0,0,0,0,1,0,0,0,0,0.0,1,0,0,0,3,22,3
DFB-Pokal,QUARTI DI FINALE,10.02.2026,Hertha,Friburgo,Casa,Hertha,Winkler Marten,Centrocampista offensivo,Titolare,6.0,0,2,0,1,0,0,0.0,2,0,0,0,0,1,0,0.0,0,0,1.0,1,1,0.5,2,1,0.714,0.8,5,4,7,5,0,0,0.024,0.112,0.0,0.713,0.0,0,0,0,2,0,0,0,0,0.713,0.713,0.0,0,0,0,0,0,0,1,0.5,1,2,0.0,0,0,80,80,0,1,0,0.571,8,0.714,5,7,0.571,8,14,14,0,0,0,0,0,0,0,0,0.0,0,0,0,0,0,2,0,0,1,2,0,2,1.0,1,1,0,0,3,31,7
DFB-Pokal,QUARTI DI FINALE,04.02.2026,Kiel,Stoccarda,Ospite,Stoccarda,Mittelstadt Maximilian,Terzino,Titolare,7.9,0,6,0,0,0,0,0.0,5,0,0,0,1,5,0,0.0,0,2,0.0,0,0,1.0,2,2,0.8,0.667,3,2,5,4,0,0,0.01,0.038,0.0,0.336,0.0,0,7,0,0,0,0,0,0,0.336,0.336,0.0,0,0,0,5,0,0,0,0.0,0,0,0.25,2,8,90,90,0,0,2,0.754,43,0.467,7,15,0.754,43,57,57,0,0,0,0,0,0,0,0,0.0,0,0,0,0,0,1,0,0,0,1,0,1,0.5,2,1,0,0,2,83,1
DFB-Pokal,QUARTI DI FINALE,04.02.2026,Kiel,Stoccarda,Ospite,Stoccarda,Leweling Jamie,Ala,Titolare,5.9,0,2,0,0,0,0,0.0,5,0,0,0,3,0,0,0.0,0,5,0.0,1,0,0.333,3,1,0.167,0.111,9,1,12,2,0,0,0.028,0.223,0.061,0.283,0.0,0,4,0,1,0,0,0,0,0.283,0.283,0.0,0,0,0,0,0,0,0,1.0,1,1,0.0,0,1,81,81,0,1,0,0.767,23,0.688,11,16,0.767,23,30,30,0,0,0,0,0,0,0,0,0.0,0,0,0,0,0,1,2,0,0,2,1,3,0.0,0,0,0,2,3,48,5
DFB-Pokal,QUARTI DI FINALE,04.02.2026,Kiel,Stoccarda,Ospite,Stoccarda,Stiller Angelo,Centrocampista,Titolare,8.2,0,10,0,0,0,0,0.0,7,0,0,0,0,1,0,0.2,1,5,0.0,0,0,1.0,2,2,0.714,0.667,12,8,14,10,0,0,0.298,0.0,0.0,0.336,0.0,0,11,4,1,0,0,0,0,0.336,0.336,0.0,0,0,0,2,0,0,3,1.0,3,3,0.333,2,6,89,89,0,0,1,0.852,69,0.8,20,25,0.844,65,77,81,0,0,0,0,0,0,0,0,0.0,0,0,0,0,0,0,0,0,0,0,0,0,0.286,7,2,0,1,1,101,1
DFB-Pokal,QUARTI DI FINALE,04.02.2026,Kiel,Stoccarda,Ospite,Stoccarda,El Khannouss Bilal,Centrocampista offensivo,Titolare,8.3,0,8,0,0,0,0,0.0,3,0,1,0,1,0,0,0.25,1,4,1.0,5,5,0.0,0,0,0.818,0.818,11,9,11,9,0,0,0.501,0.226,0.0,0.336,0.0,0,9,1,1,0,0,0,0,0.336,0.336,0.0,0,0,0,1,0,0,2,1.0,3,3,0.8,4,5,89,89,0,0,0,0.854,41,0.828,24,29,0.854,41,48,48,0,0,0,0,0,0,0,0,0.0,0,0,0,0,2,2,0,0,0,0,0,2,0.667,3,2,0,1,5,68,2
DFB-Pokal,QUARTI DI FINALE,04.02.2026,Kiel,Stoccarda,Ospite,Stoccarda,Bouanani Badredine,Attaccante,Subentrato,,0,0,0,0,0,0,0.0,0,0,0,0,0,0,0,0.0,0,0,0.0,0,0,0.0,0,0,0.0,0.0,0,0,0,0,0,0,0.0,0.0,0.0,0.0,0.0,0,0,0,0,0,0,0,0,0.0,0.0,0.0,0,0,0,0,0,0,0,0.0,0,0,0.0,0,0,1,1,0,0,0,1.0,1,0.0,0,0,1.0,1,1,1,0,0,0,0,0,0,0,0,0.0,0,0,0,0,0,0,0,0,0,0,0,0,0.0,0,0,0,0,0,3,1
DFB-Pokal,QUARTI DI FINALE,04.02.2026,Kiel,Stoccarda,Ospite,Stoccarda,Chabot Jeff,Difensore centrale,Titolare,7.3,0,3,0,0,0,0,0.0,2,0,0,0,1,2,0,0.0,0,0,0.0,0,0,1.0,1,1,0.6,0.5,4,2,5,3,0,0,0.026,0.0,0.0,0.336,0.0,0,9,0,1,0,0,0,0,0.336,0.336,0.0,0,0,0,1,0,0,0,0.0,0,0,0.615,8,13,90,90,0,0,0,0.908,69,0.818,9,11,0.9,63,70,76,0,0,0,0,0,0,0,0,0.0,0,0,0,0,0,0,0,0,0,0,0,0,1.0,1,1,0,0,0,85,1
DFB-Pokal,QUARTI DI FINALE,04.02.2026,Kiel,Stoccarda,Ospite,Stoccarda,Hendriks Ramon,Difensore centrale,Titolare,7.2,0,1,0,0,0,0,0.0,1,0,0,0,0,1,0,0.0,0,0,1.0,1,1,0.0,1,0,0.667,0.8,5,4,6,4,0,0,0.013,0.0,0.0,0.336,0.0,0,9,1,3,0,0,0,0,0.336,0.336,0.0,0,0,0,1,0,0,0,0.0,0,0,0.5,2,4,90,90,0,0,0,0.951,58,0.833,10,12,0.95,57,60,61,0,0,0,0,0,0,0,0,0.0,0,0,0,0,0,0,0,0,0,0,0,0,0.0,0,0,0,0,0,74,0
DFB-Pokal,QUARTI DI FINALE,04.02.2026,Kiel,Stoccarda,Ospite,Stoccarda,Nubel Alexander,Portiere,Titolare,7.5,0,7,0,0,1,0,0.0,0,0,0,0,0,0,0,0.0,0,0,0.0,0,0,0.0,0,0,0.0,0.0,0,0,0,0,0,0,0.0,0.0,0.0,0.336,0.0,0,2,0,0,0,0,0,0,0.336,0.336,1.0,1,1,0,0,1,6,0,0.0,0,0,0.167,1,6,90,90,0,0,0,0.722,13,0.0,0,2,0.769,10,13,18,0,0,0,0,0,0,0,0,0.0,0,0,0,3,0,0,0,3,0,0,0,0,0.0,0,0,0,0,0,28,0
DFB-Pokal,QUARTI DI FINALE,04.02.2026,Kiel,Stoccarda,Ospite,Stoccarda,Undav Deniz,Attaccante,Titolare,9.2,1,2,1,1,0,0,0.0,3,0,0,0,1,0,0,0.0,0,1,0.0,0,0,0.0,0,0,0.333,0.333,6,2,6,2,0,0,0.754,0.578,0.886,0.336,0.0,0,6,2,0,1,0,0,0,0.336,0.336,0.0,0,0,0,0,0,0,6,0.667,4,6,1.0,1,1,90,90,0,1,0,0.719,23,0.722,13,18,0.719,23,32,32,0,0,0,0,0,0,0,0,0.0,0,0,0,0,1,4,0,0,2,2,1,4,0.0,2,0,0,3,9,46,3
DFB-Pokal,QUARTI DI FINALE,04.02.2026,Kiel,Stoccarda,Ospite,Stoccarda,Andres Chema,Centrocampista,Subentrato,,0,0,0,0,0,0,0.0,0,0,0,0,0,0,0,0.0,0,0,0.0,0,0,0.0,0,0,0.0,0.0,0,0,0,0,0,0,0.002,0.0,0.0,0.0,0.0,0,0,0,0,0,0,0,0,0.0,0.0,0.0,0,0,0,0,0,0,0,0.0,0,0,0.0,0,0,1,1,0,0,0,1.0,4,1.0,1,1,1.0,4,4,4,0,0,0,0,0,0,0,0,0.0,0,0,0,0,0,0,0,0,0,0,0,0,0.0,0,0,0,0,0,5,0
DFB-Pokal,QUARTI DI FINALE,04.02.2026,Kiel,Stoccarda,Ospite,Stoccarda,Fuhrich Chris,Ala,Titolare,8.7,0,6,1,0,0,0,0.0,5,0,0,0,0,1,0,1.0,3,3,0.5,4,2,0.0,0,0,0.625,0.625,8,5,8,5,0,0,0.419,0.951,1.035,0.336,0.0,0,5,0,1,1,0,0,0,0.336,0.336,0.0,0,0,0,2,0,0,1,0.0,0,0,0.0,0,0,89,89,0,0,0,0.822,37,0.739,17,23,0.822,37,45,45,0,0,0,0,0,0,0,0,0.0,0,0,0,0,0,3,1,0,0,2,2,4,0.0,2,0,0,0,8,69,5
DFB-Pokal,QUARTI DI FINALE,04.02.2026,Kiel,Stoccarda,Ospite,Stoccarda,Vagnoman Josha,Terzino,Titolare,6.5,0,4,0,0,0,0,0.0,2,0,0,0,0,2,0,0.0,0,3,1.0,1,1,0.0,0,0,0.4,0.4,5,2,5,2,0,0,0.016,0.0,0.0,0.336,0.0,0,4,3,0,0,0,0,0,0.336,0.336,0.0,0,0,0,0,0,0,0,0.0,0,0,0.75,3,4,90,90,0,0,0,0.842,48,0.857,12,14,0.842,48,57,57,0,0,0,0,0,0,0,0,0.0,0,0,0,0,0,0,0,0,0,0,0,0,0.0,1,0,0,0,1,81,2
DFB-Pokal,QUARTI DI FINALE,04.02.2026,Kiel,Stoccarda,Ospite,Stoccarda,Demirovic Ermedin,Attaccante,Subentrato,,1,0,1,0,0,0,0.0,0,0,0,0,0,0,0,0.0,0,0,0.0,0,0,0.0,0,0,0.0,0.0,3,0,3,0,0,0,0.19,0.0,0.0,0.053,0.0,0,0,1,0,0,0,0,0,0.053,0.053,0.0,0,0,0,0,0,0,1,0.0,0,0,0.0,0,0,9,9,0,0,0,1.0,4,1.0,2,2,1.0,4,4,4,0,0,0,0,0,0,0,0,0.0,0,0,0,0,0,0,0,0,0,0,0,0,0.0,0,0,0,0,1,6,2
DFB-Pokal,QUARTI DI FINALE,04.02.2026,Kiel,Stoccarda,Ospite,Stoccarda,Jeltsch Finn,Difensore,Subentrato,,0,1,0,0,0,0,0.0,0,0,0,0,0,1,0,0.0,0,0,1.0,1,1,0.0,0,0,1.0,1.0,1,1,1,1,0,0,0.0,0.0,0.0,0.0,0.0,0,0,0,0,0,0,0,0,0.0,0.0,0.0,0,0,0,0,0,0,0,0.0,0,0,0.0,0,0,1,1,0,0,0,1.0,2,1.0,1,1,1.0,2,2,2,0,0,0,0,0,0,0,0,0.0,0,0,0,0,0,0,0,0,0,0,0,0,0.0,0,0,0,0,0,4,0
DFB-Pokal,QUARTI DI FINALE,04.02.2026,Kiel,Stoccarda,Ospite,Stoccarda,Karazor Atakan,Centrocampista,Titolare,7.7,0,7,0,0,0,0,0.0,2,0,0,0,1,1,0,0.0,0,0,0.667,3,2,0.0,2,0,0.3,0.375,8,3,10,3,0,0,0.073,0.804,0.99,0.336,0.0,0,4,2,1,1,0,0,0,0.336,0.336,0.0,0,0,0,2,0,0,0,1.0,4,4,0.0,0,1,90,90,0,0,0,0.902,46,0.733,11,15,0.9,45,50,51,0,0,0,0,0,0,0,0,0.0,0,0,0,0,1,2,0,0,1,0,1,2,0.0,0,0,0,0,4,70,2
DFB-Pokal,QUARTI DI FINALE,04.02.2026,Kiel,Stoccarda,Casa,Kiel,Tohumcu Umut,Centrocampista,Titolare,6.2,0,4,0,0,0,0,0.0,0,0,0,0,1,0,0,0.0,0,0,0.5,2,1,0.0,0,0,0.4,0.4,10,4,10,4,0,0,0.002,0.03,0.0,0.061,0.0,0,1,0,2,0,0,0,0,0.061,0.061,0.0,0,0,0,1,0,0,2,0.0,0,0,0.0,0,0,54,54,0,0,0,0.6,6,1.0,1,1,0.6,6,10,10,0,0,0,0,0,0,0,0,0.0,0,0,0,0,1,0,2,0,0,1,0,2,1.0,1,1,0,0,0,28,5
DFB-Pokal,QUARTI DI FINALE,04.02.2026,Kiel,Stoccarda,Casa,Kiel,Niehoff Niklas,Centrocampista,Subentrato,,0,2,0,0,0,0,0.0,1,0,0,0,0,0,0,0.0,0,0,0.0,0,0,0.0,0,0,0.0,0.0,0,0,0,0,0,0,0.0,0.0,0.0,2.025,0.0,0,1,0,0,0,2,0,0,0.025,0.025,0.0,0,0,0,0,0,0,0,0.0,0,0,0.5,1,2,5,5,0,0,0,0.8,4,0.0,0,1,0.8,4,5,5,0,0,0,0,0,0,0,0,0.0,0,0,0,0,0,0,0,2,0,0,0,0,0.0,0,0,0,0,0,5,0
DFB-Pokal,QUARTI DI FINALE,04.02.2026,Kiel,Stoccarda,Casa,Kiel,Nekic Ivan,Terzino,Titolare,7.0,0,6,1,0,0,0,0.0,1,0,0,0,0,7,0,0.0,0,0,0.667,3,2,0.0,1,0,0.714,0.833,6,5,7,5,0,0,0.006,0.055,0.0,0.948,0.0,0,4,0,1,0,1,0,0,-0.052,-0.052,0.0,0,0,0,1,0,0,1,0.0,0,0,0.25,1,4,85,85,0,0,0,0.9,27,0.75,3,4,0.9,27,30,30,0,0,0,0,0,0,0,0,0.0,0,0,0,0,1,1,0,1,0,0,0,1,1.0,2,2,0,0,5,54,2
DFB-Pokal,QUARTI DI FINALE,04.02.2026,Kiel,Stoccarda,Casa,Kiel,Kapralik Adrian,Attaccante,Titolare,5.9,0,1,0,1,0,0,0.0,0,0,0,0,0,0,0,0.0,0,0,0.0,1,0,0.0,1,0,0.25,0.333,3,1,4,1,0,0,0.004,0.268,0.245,0.948,0.0,0,1,1,0,0,1,0,0,-0.052,-0.052,0.0,0,0,0,1,0,0,1,0.0,0,1,0.0,0,0,70,70,0,0,0,0.167,1,0.25,1,4,0.167,1,6,6,0,0,0,0,0,0,0,0,0.0,0,0,0,0,0,2,0,1,0,1,1,2,0.0,1,0,0,0,2,16,3
DFB-Pokal,QUARTI DI FINALE,04.02.2026,Kiel,Stoccarda,Casa,Kiel,Meffert Jonas,Centrocampista,Titolare,5.7,0,9,0,0,0,0,0.0,0,0,0,0,2,4,0,0.0,0,0,0.0,1,0,0.0,0,0,0.25,0.25,8,2,8,2,0,0,0.007,0.0,0.0,2.973,0.0,0,2,2,0,0,3,0,0,-0.027,-0.027,0.0,0,0,0,1,0,0,0,1.0,1,1,0.333,1,3,90,90,0,0,0,0.881,52,0.5,2,4,0.875,49,56,59,0,0,0,0,0,0,0,0,0.0,0,0,0,0,0,0,0,3,0,0,0,0,0.5,2,1,0,0,0,74,2
DFB-Pokal,QUARTI DI FINALE,04.02.2026,Kiel,Stoccarda,Casa,Kiel,Tolkin John,Terzino,Titolare,6.0,0,4,0,0,0,0,0.0,7,0,0,0,1,2,0,0.2,1,5,1.0,1,1,0.0,0,0,0.5,0.5,2,1,2,1,0,0,0.082,0.0,0.0,2.973,0.0,0,3,0,0,0,3,0,0,-0.027,-0.027,0.0,0,0,0,2,0,0,2,0.0,0,0,0.545,6,11,90,90,0,0,0,0.827,43,0.75,6,8,0.84,42,50,52,0,0,0,0,0,0,0,0,0.0,0,0,0,0,0,0,0,3,0,0,0,0,0.0,0,0,0,0,0,71,2
DFB-Pokal,QUARTI DI FINALE,04.02.2026,Kiel,Stoccarda,Casa,Kiel,Davidsen Kasper,Centrocampista,Titolare,6.6,0,3,0,0,0,0,0.0,0,0,0,0,0,2,0,0.0,0,0,0.5,2,1,0.0,0,0,0.2,0.2,5,1,5,1,0,0,0.008,0.0,0.0,0.948,0.0,0,2,2,0,0,1,0,0,-0.052,-0.052,0.0,0,0,0,5,0,0,1,0.0,0,0,0.333,1,3,70,70,0,0,3,0.72,18,0.667,4,6,0.708,17,24,25,0,0,0,0,0,0,0,0,0.0,0,0,0,0,0,0,0,1,0,0,0,0,0.0,0,0,0,0,0,45,4
DFB-Pokal,QUARTI DI FINALE,04.02.2026,Kiel,Stoccarda,Casa,Kiel,Harres Phil,Attaccante,Titolare,6.1,0,1,1,0,0,0,0.0,1,0,0,0,2,1,0,0.0,0,0,0.0,1,0,1.0,1,1,0.429,0.333,6,2,7,3,0,0,0.002,0.105,0.053,2.973,0.0,0,1,2,2,0,3,0,0,-0.027,-0.027,0.0,0,0,0,0,0,0,1,1.0,1,1,0.0,0,0,90,90,0,1,0,0.647,11,0.25,1,4,0.538,7,13,17,0,0,0,0,0,0,0,0,0.0,0,0,0,0,0,1,1,3,1,1,1,2,0.0,0,0,0,0,2,33,6
DFB-Pokal,QUARTI DI FINALE,04.02.2026,Kiel,Stoccarda,Casa,Kiel,Weiner Timon,Portiere,Titolare,5.8,0,9,0,0,0,0,0.0,0,0,0,0,2,0,0,0.0,0,0,0.0,0,0,0.0,0,0,0.333,0.333,3,1,3,1,0,1,0.004,0.0,0.0,2.973,0.0,0,3,0,0,0,3,0,0,-0.027,-0.027,0.5,1,2,0,0,0,5,0,0.0,0,0,0.6,12,20,90,90,0,0,0,0.771,27,1.0,3,3,0.769,20,26,35,0,0,0,0,0,0,0,0,0.0,0,0,0,2,0,0,0,5,0,0,0,0,1.0,1,1,0,0,0,45,0
DFB-Pokal,QUARTI DI FINALE,04.02.2026,Kiel,Stoccarda,Casa,Kiel,Kelati Andu,Centrocampista offensivo,Titolare,6.0,0,4,0,0,0,0,0.0,3,0,0,0,1,3,0,0.0,0,2,0.667,3,2,0.0,0,0,0.6,0.6,10,6,10,6,0,0,0.018,0.046,0.0,0.948,0.0,0,6,1,3,0,1,0,0,-0.052,-0.052,0.0,0,0,0,0,0,0,0,0.0,0,0,0.5,2,4,85,85,0,0,0,0.75,18,0.429,3,7,0.75,18,24,24,0,0,0,0,0,0,0,0,0.0,0,0,0,0,0,1,0,1,0,1,0,1,0.0,1,0,0,0,2,47,4
DFB-Pokal,QUARTI DI FINALE,04.02.2026,Kiel,Stoccarda,Casa,Kiel,Zec David,Difensore centrale,Titolare,6.7,0,1,0,0,0,0,0.0,0,0,0,0,1,9,0,0.0,0,0,0.0,1,0,0.0,2,0,0.636,0.778,9,7,11,7,0,0,0.004,0.0,0.0,2.973,0.0,0,2,0,3,0,3,0,0,-0.027,-0.027,0.0,0,0,0,1,0,0,0,0.0,0,0,0.667,2,3,90,90,0,0,0,0.878,36,1.0,2,2,0.875,35,40,41,0,0,0,0,0,0,0,0,0.0,0,0,0,0,0,0,0,3,0,0,0,0,0.75,4,3,1,0,0,61,0
DFB-Pokal,QUARTI DI FINALE,04.02.2026,Kiel,Stoccarda,Casa,Kiel,Schwab Stefan,Centrocampista,Subentrato,5.4,0,3,0,0,0,0,0.0,1,0,0,0,2,0,0,0.0,0,0,0.0,1,0,0.0,1,0,0.143,0.167,6,1,7,1,0,1,0.001,0.0,0.0,2.912,0.0,0,1,1,0,0,3,0,0,-0.088,-0.088,0.0,0,0,0,0,0,0,0,0.0,0,0,0.0,0,1,36,36,0,0,0,0.611,11,0.0,0,2,0.588,10,17,18,0,0,0,0,0,0,0,0,0.0,0,0,0,0,0,0,0,3,0,0,0,0,1.0,1,1,0,0,0,22,1
DFB-Pokal,QUARTI DI FINALE,04.02.2026,Kiel,Stoccarda,Casa,Kiel,Therkelsen Jonas,Centrocampista,Subentrato,6.3,0,1,0,0,0,0,0.0,2,0,0,0,0,0,0,0.0,0,1,0.0,0,0,1.0,1,1,1.0,1.0,1,1,2,2,0,0,0.018,0.0,0.0,2.025,0.0,0,0,0,1,0,2,0,0,0.025,0.025,0.0,0,0,0,0,0,0,0,0.0,0,0,0.0,0,0,20,20,0,0,0,0.75,3,0.5,1,2,0.75,3,4,4,0,0,0,0,0,0,0,0,0.0,0,0,0,0,0,0,0,2,0,0,0,0,0.0,0,0,0,0,1,10,1
DFB-Pokal,QUARTI DI FINALE,04.02.2026,Kiel,Stoccarda,Casa,Kiel,Jakupovic Aldin,Attaccante,Subentrato,6.2,0,1,0,1,0,0,0.0,0,0,0,0,0,0,0,0.0,0,0,0.0,1,0,0.0,0,0,0.5,0.5,2,1,2,1,0,0,0.0,0.349,0.037,2.025,0.0,0,0,0,1,0,2,0,0,0.025,0.025,0.0,0,0,0,0,0,0,0,0.0,0,0,0.0,0,0,20,20,0,0,0,0.667,2,0.0,0,0,0.667,2,3,3,0,0,0,0,0,0,0,0,0.0,0,0,0,0,0,1,1,2,0,1,1,2,0.0,0,0,0,0,1,11,2
DFB-Pokal,QUARTI DI FINALE,04.02.2026,Kiel,Stoccarda,Casa,Kiel,Ivezic Marko,Difensore centrale,Titolare,6.3,0,4,0,0,0,0,0.0,0,0,0,0,0,6,0,0.0,0,0,1.0,1,1,1.0,2,2,0.833,0.75,4,3,6,5,0,0,0.006,0.0,0.0,2.973,0.0,0,3,1,0,0,3,0,0,-0.027,-0.027,0.0,0,0,0,0,0,0,0,1.0,1,1,0.6,3,5,90,90,0,0,1,0.937,59,0.75,3,4,0.925,49,53,63,0,0,0,0,0,0,0,0,0.0,0,0,0,0,0,0,0,3,0,0,0,0,0.5,2,1,0,0,0,80,1
DFB-Pokal,QUARTI DI FINALE,04.02.2026,Kiel,Stoccarda,Casa,Kiel,Muller Marcus,Attaccante,Subentrato,,0,0,0,0,0,0,0.0,0,0,0,0,0,0,0,0.0,0,0,0.0,0,0,0.5,2,1,0.5,0.0,0,0,2,1,0,0,0.003,0.028,0.0,2.025,0.0,0,0,0,0,0,2,0,0,0.025,0.025,0.0,0,0,0,0,0,0,1,0.0,0,0,0.0,0,0,5,5,0,0,0,1.0,1,1.0,1,1,1.0,1,1,1,0,0,0,0,0,0,0,0,0.0,0,0,0,0,1,0,1,2,0,0,0,1,0.0,0,0,0,0,1,4,2
DFB-Pokal,QUARTI DI FINALE,03.02.2026,Leverkusen,St. Pauli,Ospite,St. Pauli,Pereira Lage Mathias,Centrocampista offensivo,Titolare,6.6,0,2,1,0,0,0,0.0,2,0,0,0,0,0,0,0.0,0,1,0.0,1,0,0.0,1,0,0.333,0.4,5,2,6,2,0,0,0.188,0.0,0.0,0.376,0.0,0,1,1,1,0,1,0,0,-0.624,-0.624,0.0,0,0,0,0,0,0,2,1.0,1,1,0.0,0,0,45,45,0,1,0,0.857,12,0.9,9,10,0.846,11,13,14,0,0,0,0,0,0,0,0,0.0,0,0,0,0,0,0,0,1,0,0,0,0,1.0,1,1,0,0,5,22,2
DFB-Pokal,QUARTI DI FINALE,03.02.2026,Leverkusen,St. Pauli,Ospite,St. Pauli,Pyrka Arkadiusz,Esterno,Titolare,6.6,0,7,1,0,0,0,0.0,1,0,0,0,1,1,0,0.0,0,0,0.333,3,1,0.0,0,0,0.5,0.5,8,4,8,4,0,0,0.605,0.0,0.0,1.145,0.0,0,3,1,2,0,3,0,0,-1.855,-1.855,0.0,0,0,0,2,0,0,1,1.0,1,1,0.5,1,2,90,90,0,0,0,0.833,30,0.5,5,10,0.833,30,36,36,0,0,0,0,0,0,0,0,0.0,0,0,0,0,0,0,0,3,0,0,0,0,0.0,1,0,0,0,5,49,0
DFB-Pokal,QUARTI DI FINALE,03.02.2026,Leverkusen,St. Pauli,Ospite,St. Pauli,Sinani Danel,Centrocampista offensivo,Titolare,6.5,0,4,0,0,0,0,0.0,10,0,0,0,0,1,0,0.2,1,5,0.5,2,1,0.0,1,0,0.625,0.714,7,5,8,5,0,0,0.14,0.086,0.0,1.145,0.0,0,4,1,0,0,3,0,0,-1.855,-1.855,0.0,0,0,0,0,0,0,1,1.0,2,2,1.0,1,1,90,90,0,1,0,0.841,37,0.682,15,22,0.833,35,42,44,0,0,0,0,0,0,0,0,0.0,0,0,0,0,2,0,2,3,0,0,0,2,0.5,4,2,0,0,0,61,1
DFB-Pokal,QUARTI DI FINALE,03.02.2026,Leverkusen,St. Pauli,Ospite,St. Pauli,Irvine Jackson,Centrocampista,Subentrato,6.3,0,4,0,0,0,0,0.0,0,0,0,0,0,0,0,0.0,0,0,0.0,0,0,0.0,0,0,1.0,1.0,1,1,1,1,0,0,0.029,0.0,0.0,0.178,0.0,0,3,0,0,0,1,0,0,-0.822,-0.822,0.0,0,0,0,0,0,0,0,0.0,0,0,0.0,0,0,22,22,0,0,0,0.905,19,0.6,3,5,0.905,19,21,21,0,0,0,0,0,0,0,0,0.0,0,0,0,0,0,0,0,1,0,0,0,0,0.0,1,0,0,0,0,22,0
DFB-Pokal,QUARTI DI FINALE,03.02.2026,Leverkusen,St. Pauli,Ospite,St. Pauli,Kaars Martijn,Attaccante,Titolare,6.0,0,2,0,3,0,0,0.0,0,0,0,0,1,0,0,0.0,0,0,0.0,2,0,0.5,2,1,0.286,0.2,5,1,7,2,0,0,0.089,0.695,0.0,1.145,0.0,0,0,1,0,0,3,0,0,-1.855,-1.855,0.0,0,0,0,0,0,0,2,1.0,1,1,0.0,0,0,90,90,0,0,0,0.65,13,0.571,4,7,0.632,12,19,20,0,0,0,0,0,0,0,0,0.0,0,0,0,0,1,4,0,3,0,2,1,4,0.0,1,0,0,0,7,31,1
DFB-Pokal,QUARTI DI FINALE,03.02.2026,Leverkusen,St. Pauli,Ospite,St. Pauli,Hara Taichi,Attaccante,Subentrato,6.2,0,0,0,0,0,0,0.0,0,0,0,0,0,0,0,0.0,0,0,0.0,0,0,0.0,1,0,0.0,0.0,1,0,2,0,0,0,0.002,0.0,0.0,0.178,0.0,0,1,1,0,0,1,0,0,-0.822,-0.822,0.0,0,0,0,0,0,0,0,0.0,0,0,0.0,0,0,10,10,0,0,0,0.667,2,0.5,1,2,0.5,1,2,3,0,0,0,0,0,0,0,0,0.0,0,0,0,0,0,0,0,1,0,0,0,0,0.0,0,0,0,0,0,3,0
DFB-Pokal,QUARTI DI FINALE,03.02.2026,Leverkusen,St. Pauli,Ospite,St. Pauli,Rasmussen Mathias,Centrocampista,Titolare,7.3,0,3,1,0,0,0,0.0,1,0,0,0,3,0,0,0.0,0,0,1.0,2,2,1.0,1,1,0.727,0.7,10,7,11,8,0,1,0.843,0.0,0.0,0.967,0.0,0,8,0,1,0,2,0,0,-1.033,-1.033,0.0,0,0,0,1,0,0,2,1.0,4,4,0.5,1,2,89,89,0,0,1,0.836,46,0.583,7,12,0.836,46,55,55,0,0,0,0,0,0,0,0,0.0,0,0,0,0,0,0,0,2,0,0,0,0,0.75,4,3,0,0,3,65,0
DFB-Pokal,QUARTI DI FINALE,03.02.2026,Leverkusen,St. Pauli,Ospite,St. Pauli,Mets Karol,Difensore centrale,Titolare,6.2,0,4,0,0,1,0,0.0,1,0,0,0,0,3,1,0.0,0,0,1.0,1,1,1.0,1,1,0.75,0.667,3,2,4,3,0,0,0.022,0.0,0.0,1.145,0.0,0,4,1,1,0,3,0,0,-1.855,-1.855,0.0,0,0,0,0,0,0,0,0.0,0,0,0.0,0,3,90,90,0,0,1,0.887,55,0.8,4,5,0.898,53,59,62,0,0,0,0,0,0,0,0,0.0,0,0,0,0,0,0,0,3,0,0,0,0,0.0,0,0,0,0,0,71,1
DFB-Pokal,QUARTI DI FINALE,03.02.2026,Leverkusen,St. Pauli,Ospite,St. Pauli,Saliakas Manolis,Difensore,Subentrato,6.4,0,7,0,0,0,0,0.0,1,0,0,0,0,0,0,0.0,0,1,0.0,0,0,0.0,0,0,0.0,0.0,0,0,0,0,0,0,0.008,0.031,0.0,0.77,0.0,0,2,0,0,0,2,0,0,-1.23,-1.23,0.0,0,0,0,1,0,0,0,0.0,0,0,0.5,3,6,45,45,0,0,0,0.786,22,0.5,2,4,0.786,22,28,28,0,0,0,0,0,0,0,0,0.0,0,0,0,0,1,1,0,2,0,0,0,1,0.0,0,0,0,0,1,35,1
DFB-Pokal,QUARTI DI FINALE,03.02.2026,Leverkusen,St. Pauli,Ospite,St. Pauli,Sands James,Difensore centrale,Titolare,6.6,0,2,0,0,0,0,0.0,0,0,0,0,0,3,0,0.0,0,0,0.0,0,0,0.75,4,3,0.5,0.25,4,1,8,4,0,0,0.01,0.062,0.0,1.145,0.0,0,5,3,1,0,3,0,0,-1.855,-1.855,0.0,0,0,0,2,0,0,0,0.0,0,0,0.667,6,9,90,90,0,0,0,0.931,67,0.8,4,5,0.944,67,71,72,0,0,0,0,0,0,0,0,0.0,0,0,0,0,1,1,0,3,1,0,0,1,1.0,1,1,0,0,1,83,0
DFB-Pokal,QUARTI DI FINALE,03.02.2026,Leverkusen,St. Pauli,Ospite,St. Pauli,Ceesay Abdoulie,Attaccante,Subentrato,,0,0,0,0,0,0,0.0,0,0,0,0,0,0,0,0.0,0,0,0.0,1,0,0.0,0,0,0.667,0.667,3,2,3,2,0,0,0.0,0.0,0.0,0.178,0.0,0,0,0,0,0,1,0,0,-0.822,-0.822,0.0,0,0,0,0,0,0,0,0.0,0,0,0.0,0,0,1,1,0,0,0,1.0,1,0.0,0,0,1.0,1,1,1,0,0,0,0,0,0,0,0,0.0,0,0,0,0,0,0,0,1,0,0,0,0,0.5,2,1,0,0,0,5,1
DFB-Pokal,QUARTI DI FINALE,03.02.2026,Leverkusen,St. Pauli,Ospite,St. Pauli,Jones Ricky-Jade,Attaccante,Subentrato,6.2,0,0,0,0,0,0,0.0,1,0,0,0,0,1,0,0.0,0,1,1.0,1,1,0.0,1,0,0.25,0.333,3,1,4,1,0,0,0.001,0.0,0.0,0.591,0.0,0,1,1,0,0,1,0,0,-0.409,-0.409,0.0,0,0,0,0,0,0,0,0.0,0,0,0.0,0,1,35,35,0,0,0,0.333,1,0.5,1,2,0.333,1,3,3,0,0,0,0,0,0,0,0,0.0,0,0,0,0,0,0,0,1,0,0,0,0,0.0,0,0,0,0,2,8,1
DFB-Pokal,QUARTI DI FINALE,03.02.2026,Leverkusen,St. Pauli,Ospite,St. Pauli,Oppie Louis,Esterno,Titolare,6.9,0,1,0,0,0,0,0.0,4,0,0,0,0,2,0,0.0,0,0,0.0,0,0,0.0,0,0,0.857,0.857,7,6,7,6,0,0,0.027,0.011,0.0,0.376,0.0,0,3,1,0,0,1,0,0,-0.624,-0.624,0.0,0,0,0,0,0,0,0,0.0,0,0,1.0,2,2,45,45,0,0,0,0.591,13,0.545,6,11,0.591,13,22,22,0,0,0,0,0,0,0,0,0.0,0,0,0,0,1,0,1,1,0,0,0,1,0.667,6,4,0,0,2,37,0
DFB-Pokal,QUARTI DI FINALE,03.02.2026,Leverkusen,St. Pauli,Ospite,St. Pauli,Fujita Joel,Centrocampista,Titolare,5.9,0,5,0,0,0,0,0.0,1,0,1,0,0,0,0,0.0,0,0,0.0,0,0,0.0,0,0,0.333,0.333,6,2,6,2,0,0,0.074,0.06,0.0,0.967,0.0,0,6,2,0,0,2,0,0,-1.033,-1.033,0.0,0,0,0,1,0,0,0,0.0,0,0,0.0,0,2,68,68,0,0,0,0.84,42,0.667,8,12,0.84,42,50,50,0,0,0,0,0,0,0,0,0.0,0,0,0,0,0,1,0,2,0,1,0,1,0.0,2,0,0,0,2,60,3
DFB-Pokal,QUARTI DI FINALE,03.02.2026,Leverkusen,St. Pauli,Ospite,St. Pauli,Voll Ben Alexander,Portiere,Titolare,4.5,0,2,0,0,0,0,0.0,0,0,0,0,1,0,0,0.0,0,0,0.0,0,0,0.0,0,0,0.0,0.0,1,0,1,0,0,1,0.001,0.0,0.0,1.145,0.0,0,3,0,0,0,3,0,0,-1.855,-1.855,0.0,0,0,0,0,0,1,0,0.0,0,0,0.235,4,17,90,90,0,0,0,0.481,13,0.0,0,3,0.435,10,23,27,0,0,0,0,0,0,0,0,0.0,0,0,0,0,0,0,0,3,0,0,0,0,0.0,0,0,0,0,0,28,0
DFB-Pokal,QUARTI DI FINALE,03.02.2026,Leverkusen,St. Pauli,Ospite,St. Pauli,Ando Tomoya,Difensore centrale,Titolare,6.9,0,3,0,0,0,0,0.0,1,0,1,0,1,4,0,1.0,1,1,0.0,0,0,0.667,3,2,0.636,0.625,8,5,11,7,0,0,0.033,0.0,0.0,1.145,0.0,0,3,1,0,0,3,0,0,-1.855,-1.855,0.0,0,0,0,2,0,0,0,0.0,0,0,0.25,1,4,90,90,0,0,1,0.872,41,0.75,3,4,0.87,40,46,47,0,0,0,0,0,0,0,0,0.0,0,0,0,0,0,0,0,3,0,0,0,0,0.8,5,4,0,0,0,65,2
DFB-Pokal,QUARTI DI FINALE,03.02.2026,Leverkusen,St. Pauli,Casa,Leverkusen,Schick Patrik,Attaccante,Titolare,7.5,0,0,0,1,0,0,0.0,0,0,0,0,1,1,0,0.0,0,0,0.75,4,3,0.25,4,1,0.5,0.667,6,4,10,5,0,0,0.016,0.755,0.591,0.0,0.0,0,3,0,1,1,0,0,0,0.0,0.0,0.0,0,0,0,0,0,0,0,0.0,0,1,1.0,1,1,89,89,0,0,0,0.733,11,0.75,3,4,0.714,10,14,15,0,0,0,0,0,0,0,0,0.0,0,0,0,0,0,2,0,0,0,0,2,2,0.0,0,0,0,0,5,28,2
DFB-Pokal,QUARTI DI FINALE,03.02.2026,Leverkusen,St. Pauli,Casa,Leverkusen,Terrier Martin,Centrocampista offensivo,Titolare,8.0,0,5,1,0,0,0,0.0,0,0,0,0,1,0,0,0.0,0,0,0.5,2,1,0.25,4,1,0.4,0.5,6,3,10,4,0,0,0.238,0.273,0.376,0.0,0.0,0,2,1,2,1,0,0,0,0.0,0.0,0.0,0,0,0,0,0,0,2,1.0,2,2,1.0,1,1,65,65,0,0,0,1.0,33,1.0,6,6,1.0,33,33,33,0,0,0,0,0,0,0,0,0.0,0,0,0,0,1,2,0,0,1,0,1,2,0.0,0,0,0,0,4,42,2
DFB-Pokal,QUARTI DI FINALE,03.02.2026,Leverkusen,St. Pauli,Casa,Leverkusen,Lucas Vazquez Iglesias,Esterno,Titolare,6.9,0,4,0,0,0,0,0.0,1,0,0,0,0,0,0,0.5,1,2,0.0,1,0,0.0,0,0,0.429,0.429,7,3,7,3,0,0,0.222,0.0,0.0,0.0,0.0,0,2,1,2,0,0,0,0,0.0,0.0,0.0,0,0,0,2,0,0,1,0.667,2,3,0.0,0,1,58,58,0,0,0,0.722,13,0.5,2,4,0.722,13,18,18,0,0,0,0,0,0,0,0,0.0,0,0,0,0,0,0,0,0,0,0,0,0,1.0,1,1,0,0,3,42,4
DFB-Pokal,QUARTI DI FINALE,03.02.2026,Leverkusen,St. Pauli,Casa,Leverkusen,Quansah Jarell,Difensore centrale,Titolare,6.2,0,3,0,0,0,0,0.0,2,0,0,0,0,2,0,0.0,0,1,0.0,2,0,1.0,1,1,0.2,0.0,4,0,5,1,0,0,0.007,0.0,0.0,0.0,0.0,0,3,1,0,0,0,0,0,0.0,0.0,0.0,0,0,0,2,0,0,0,0.0,0,0,0.0,0,1,90,90,0,0,1,0.918,67,0.5,2,4,0.914,64,70,73,0,0,0,0,0,0,0,0,0.0,0,0,0,0,0,0,0,0,0,0,0,0,0.0,0,0,0,0,0,85,1
DFB-Pokal,QUARTI DI FINALE,03.02.2026,Leverkusen,St. Pauli,Casa,Leverkusen,Grimaldo Alejandro,Esterno,Titolare,6.9,1,6,1,0,0,0,0.0,5,0,0,0,0,0,0,0.4,2,5,0.0,2,0,0.0,0,0,0.2,0.2,5,1,5,1,0,1,0.484,0.02,0.0,0.0,0.0,0,3,0,0,0,0,0,0,0.0,0.0,0.0,0,0,0,0,0,0,1,0.0,0,0,0.0,0,0,90,90,0,1,0,0.921,58,0.769,10,13,0.918,56,61,63,0,0,0,0,0,0,0,0,0.0,0,0,0,0,1,1,0,0,0,0,0,1,1.0,1,1,0,0,1,79,3
DFB-Pokal,QUARTI DI FINALE,03.02.2026,Leverkusen,St. Pauli,Casa,Leverkusen,Blaswich Janis,Portiere,Titolare,6.8,0,2,0,0,0,0,0.0,0,0,0,0,0,2,0,0.0,0,0,0.0,0,0,0.0,0,0,0.0,0.0,0,0,0,0,0,0,0.0,0.0,0.0,0.0,0.0,0,0,0,0,0,0,0,0,0.0,0.0,1.0,1,1,0,0,1,2,0,0.0,0,0,0.273,3,11,90,90,0,0,0,0.591,13,0.0,0,0,0.579,11,19,22,0,0,0,0,0,0,0,0,0.0,0,0,2,0,0,0,0,0,0,0,0,0,0.0,0,0,0,0,0,28,0
DFB-Pokal,QUARTI DI FINALE,03.02.2026,Leverkusen,St. Pauli,Casa,Leverkusen,Tapsoba Edmond,Difensore centrale,Titolare,7.2,0,4,0,0,0,0,0.0,0,0,0,0,0,7,0,0.0,0,0,0.0,0,0,1.0,1,1,0.5,0.0,1,0,2,1,0,0,0.013,0.0,0.0,0.0,0.0,0,5,0,0,0,0,0,0,0.0,0.0,0.0,0,0,0,4,0,0,0,0.0,0,0,0.6,3,5,90,90,0,0,1,0.924,97,0.667,4,6,0.92,92,100,105,0,0,0,0,0,0,0,0,0.0,0,0,0,0,0,0,0,0,0,0,0,0,0.0,0,0,0,0,0,120,1
DFB-Pokal,QUARTI DI FINALE,03.02.2026,Leverkusen,St. Pauli,Casa,Leverkusen,Kofane Christian,Attaccante,Subentrato,,0,0,0,0,0,0,0.0,0,0,0,0,0,0,0,0.0,0,0,0.0,0,0,0.0,0,0,0.0,0.0,1,0,1,0,0,0,0.0,0.0,0.0,0.0,0.0,0,0,0,0,0,0,0,0,0.0,0.0,0.0,0,0,0,0,0,0,0,0.0,0,0,0.0,0,0,1,1,0,0,0,0.0,0,0.0,0,0,0.0,0,0,0,0,0,0,0,0,0,0,0,0.0,0,0,0,0,0,0,0,0,0,0,0,0,0.0,0,0,0,0,0,1,1
DFB-Pokal,QUARTI DI FINALE,03.02.2026,Leverkusen,St. Pauli,Casa,Leverkusen,Garcia Aleix,Centrocampista,Titolare,8.0,1,6,1,0,0,0,0.0,4,0,1,0,1,0,0,0.0,0,0,0.0,0,0,0.0,0,0,0.0,0.0,2,0,2,0,0,0,0.164,0.0,0.0,0.0,0.0,0,11,1,0,0,0,0,0,0.0,0.0,0.0,0,0,0,1,0,0,1,1.0,3,3,0.667,6,9,89,89,0,0,0,0.943,133,0.667,10,15,0.942,131,139,141,0,0,0,0,0,0,0,0,0.0,0,0,0,0,0,0,0,0,0,0,0,0,0.0,0,0,0,1,0,145,0
DFB-Pokal,QUARTI DI FINALE,03.02.2026,Leverkusen,St. Pauli,Casa,Leverkusen,Palacios Exequiel,Centrocampista,Titolare,7.9,0,5,0,0,0,0,0.0,0,0,0,0,0,0,0,0.0,0,0,0.333,3,1,0.0,1,0,0.75,0.818,11,9,12,9,0,0,0.016,0.0,0.0,0.0,0.0,0,5,0,4,0,0,0,0,0.0,0.0,0.0,0,0,0,2,0,0,0,1.0,1,1,0.6,3,5,58,58,0,0,1,0.944,85,0.8,4,5,0.943,82,87,90,0,0,0,0,0,0,0,0,0.0,0,0,0,0,0,0,0,0,0,0,0,0,1.0,4,4,0,0,0,108,2
DFB-Pokal,QUARTI DI FINALE,03.02.2026,Leverkusen,St. Pauli,Casa,Leverkusen,Fernandez Ezequiel,Centrocampista,Subentrato,6.8,0,1,0,0,0,0,0.0,0,0,0,0,1,0,0,0.0,0,0,0.0,0,0,0.0,0,0,0.333,0.333,3,1,3,1,0,0,0.012,0.0,0.0,0.0,0.0,0,2,0,1,0,0,0,0,0.0,0.0,0.0,0,0,0,1,0,0,1,1.0,1,1,0.0,0,0,32,32,0,0,1,0.955,42,1.0,3,3,0.953,41,43,44,0,0,0,0,0,0,0,0,0.0,0,0,0,0,0,0,0,0,0,0,0,0,0.0,0,0,0,0,0,49,1
DFB-Pokal,QUARTI DI FINALE,03.02.2026,Leverkusen,St. Pauli,Casa,Leverkusen,Bade Loic,Difensore,Subentrato,,0,1,0,0,0,0,0.0,0,0,0,0,0,1,0,0.0,0,0,1.0,1,1,1.0,1,1,1.0,1.0,2,2,3,3,0,0,0.0,0.0,0.0,0.0,0.0,0,0,0,0,0,0,0,0,0.0,0.0,0.0,0,0,0,0,0,0,0,0.0,0,0,0.5,1,2,1,1,0,0,0,0.8,4,0.0,0,0,0.8,4,5,5,0,0,0,0,0,0,0,0,0.0,0,0,0,0,0,0,0,0,0,0,0,0,1.0,1,1,0,0,0,8,0
DFB-Pokal,QUARTI DI FINALE,03.02.2026,Leverkusen,St. Pauli,Casa,Leverkusen,Andrich Robert,Difensore centrale,Titolare,8.2,0,4,0,0,1,0,0.0,1,0,0,0,1,5,1,0.0,0,0,0.0,0,0,0.5,2,1,0.75,0.833,6,5,8,6,0,0,0.017,0.0,0.0,0.0,0.0,0,7,0,2,0,0,0,0,0.0,0.0,0.0,0,0,0,0,0,0,0,0.0,0,0,0.333,2,6,90,90,0,0,3,0.915,107,0.571,4,7,0.912,103,113,117,0,0,0,0,0,0,0,0,0.0,0,0,0,0,0,0,0,0,0,0,0,0,0.667,3,2,0,0,0,132,0
DFB-Pokal,QUARTI DI FINALE,03.02.2026,Leverkusen,St. Pauli,Casa,Leverkusen,Hofmann Jonas,Centrocampista,Subentrato,7.5,0,3,0,0,0,0,0.0,0,0,0,0,1,0,0,0.0,0,0,0.0,0,0,0.0,0,0,0.0,0.0,1,0,1,0,0,0,0.009,0.223,0.178,0.0,0.0,0,2,0,0,1,0,0,0,0.0,0.0,0.0,0,0,0,0,0,0,0,1.0,5,5,1.0,1,1,25,25,0,0,0,0.944,17,1.0,3,3,0.944,17,18,18,0,0,0,0,0,0,0,0,0.0,0,0,0,0,0,1,1,0,0,1,1,2,0.0,0,0,0,0,2,21,1
DFB-Pokal,QUARTI DI FINALE,03.02.2026,Leverkusen,St. Pauli,Casa,Leverkusen,Tillman Malik,Centrocampista offensivo,Titolare,6.1,0,3,0,0,0,0,0.0,1,0,0,0,0,0,0,0.0,0,1,0.0,3,0,1.0,1,1,0.333,0.286,14,4,15,5,0,0,0.012,0.0,0.0,0.0,0.0,0,3,1,2,0,0,0,0,0.0,0.0,0.0,0,0,0,2,0,0,0,1.0,6,6,1.0,1,1,90,90,0,1,0,0.829,34,0.333,2,6,0.829,34,41,41,0,0,0,0,0,0,0,0,0.0,0,0,0,0,0,0,0,0,0,0,0,0,1.0,2,2,0,1,2,67,7
DFB-Pokal,QUARTI DI FINALE,03.02.2026,Leverkusen,St. Pauli,Casa,Leverkusen,Arthur,Difensore,Subentrato,6.6,0,1,0,0,0,0,0.0,1,0,0,0,0,0,0,0.0,0,0,1.0,1,1,0.0,0,0,0.333,0.333,3,1,3,1,0,0,0.004,0.007,0.0,0.0,0.0,0,1,1,0,0,0,0,0,0.0,0.0,0.0,0,0,0,1,0,0,0,0.0,0,0,1.0,1,1,32,32,0,0,0,0.769,10,0.6,3,5,0.769,10,13,13,0,0,0,0,0,0,0,0,0.0,0,0,0,0,0,0,1,0,0,1,0,1,0.0,0,0,0,0,0,22,1
DFB-Pokal,1/8 FINALE,03.12.2025,Amburgo,Kiel,Casa,Amburgo,Soumahoro Aboubaka,Difensore,Subentrato,6.1,0,1,0,0,0,0,0.0,0,0,0,0,0,0,0,0.0,0,0,1.0,1,1,0.0,1,0,0.5,1.0,1,1,2,1,0,0,0.003,0.0,0.0,0.455,0.0,0,3,0,0,0,1,0,0,-0.545,-0.545,0.0,0,0,0,0,0,0,0,0.0,0,0,0.0,0,0,22,22,0,0,0,1.0,15,1.0,3,3,1.0,15,15,15,0,0,0,0,1,0,0,0,0.0,0,0,0,0,0,0,0,1,0,0,0,0,0.0,0,0,0,0,0,16,0
DFB-Pokal,1/8 FINALE,03.12.2025,Amburgo,Kiel,Casa,Amburgo,Muheim Miro,Esterno,Titolare,7.8,1,6,1,0,0,0,0.0,6,0,0,0,2,1,0,0.375,3,8,0.75,4,3,0.5,2,1,0.643,0.667,12,8,14,9,0,0,0.498,0.139,0.0,1.188,0.0,0,15,0,3,0,1,0,0,0.188,0.188,0.0,0,0,0,1,0,0,3,0.0,0,0,0.4,4,10,120,120,0,0,1,0.823,65,0.667,18,27,0.811,60,74,79,0,0,0,0,1,0,0,0,0.0,0,0,0,0,0,1,2,1,0,3,0,3,0.5,2,1,0,0,5,131,5
DFB-Pokal,1/8 FINALE,03.12.2025,Amburgo,Kiel,Casa,Amburgo,Vieira Fabio,Centrocampista,Titolare,7.7,0,5,0,0,0,0,0.0,8,0,0,0,1,0,0,0.2,1,5,0.0,0,0,0.0,0,0,0.667,0.667,9,6,9,6,0,0,0.335,0.22,0.236,1.188,0.0,0,7,1,4,0,1,0,0,0.188,0.188,0.0,0,0,0,0,0,0,3,0.0,0,0,1.0,4,4,120,120,0,0,1,0.878,36,0.864,19,22,0.868,33,38,41,0,0,0,0,0,0,1,0,0.0,0,0,0,0,2,2,3,1,0,0,3,5,0.5,2,1,0,2,6,63,3
DFB-Pokal,1/8 FINALE,03.12.2025,Amburgo,Kiel,Casa,Amburgo,Ramos Guilherme,Difensore centrale,Titolare,6.8,0,3,0,0,0,0,0.0,0,0,0,0,0,5,0,0.0,0,0,1.0,1,1,0.667,3,2,0.588,0.571,14,8,17,10,0,0,0.019,0.063,0.0,1.188,0.0,0,14,4,1,0,1,0,0,0.188,0.188,0.0,0,0,0,0,0,0,0,0.0,0,0,0.167,1,6,120,120,0,0,0,0.815,53,0.778,14,18,0.813,52,64,65,0,0,0,0,0,0,0,0,0.0,0,0,0,0,0,1,0,1,1,1,0,1,0.667,6,4,0,0,1,88,4
DFB-Pokal,1/8 FINALE,03.12.2025,Amburgo,Kiel,Casa,Amburgo,Sahiti Emir,Attaccante,Subentrato,7.1,0,5,0,0,0,0,0.0,5,0,0,0,0,0,0,0.0,0,2,0.25,4,1,0.0,1,0,0.556,0.625,8,5,9,5,0,0,0.091,0.0,0.0,0.714,0.0,0,4,0,1,0,1,0,0,-0.286,-0.286,0.0,0,0,0,1,0,0,2,0.0,0,0,0.0,0,1,56,56,0,0,0,0.793,23,0.81,17,21,0.793,23,29,29,0,0,0,0,0,0,0,0,0.0,0,0,0,0,0,0,0,1,0,0,0,0,1.0,3,3,0,0,1,48,2
DFB-Pokal,1/8 FINALE,03.12.2025,Amburgo,Kiel,Casa,Amburgo,Philippe Rayan,Centrocampista offensivo,Titolare,6.0,0,1,0,0,0,0,0.0,1,0,0,0,0,1,0,0.0,0,0,0.0,2,0,0.333,3,1,0.143,0.0,4,0,7,1,0,0,0.019,0.381,0.041,1.188,0.0,0,2,2,0,0,1,0,0,0.188,0.188,0.0,0,0,0,1,0,0,1,1.0,4,4,0.0,0,0,120,120,0,0,0,0.786,22,0.722,13,18,0.769,20,26,28,0,0,0,0,0,0,1,0,0.0,0,0,0,0,1,3,0,1,1,1,1,3,0.0,0,0,0,0,6,46,7
DFB-Pokal,1/8 FINALE,03.12.2025,Amburgo,Kiel,Casa,Amburgo,Konigsdorffer Ransford,Attaccante,Titolare,6.2,0,2,0,0,0,0,0.0,0,0,0,0,1,3,0,0.0,0,0,0.0,2,0,0.5,6,3,0.25,0.1,10,1,16,4,0,0,0.26,0.0,0.0,0.732,0.0,0,1,1,1,0,0,0,0,0.732,0.732,0.0,0,0,0,1,0,0,2,1.0,2,2,1.0,1,1,98,98,0,0,0,0.667,12,0.5,4,8,0.647,11,17,18,0,0,0,0,0,0,0,0,0.0,0,0,0,0,0,0,0,0,0,0,0,0,0.0,0,0,0,0,3,33,5
DFB-Pokal,1/8 FINALE,03.12.2025,Amburgo,Kiel,Casa,Amburgo,Rossing-Lelesiit Alexander,Centrocampista offensivo,Titolare,5.8,0,1,0,0,0,0,0.0,1,0,0,0,0,1,0,0.0,0,2,0.0,5,0,0.0,1,0,0.125,0.143,7,1,8,1,0,0,0.013,0.159,0.0,0.474,0.0,0,3,0,0,0,0,0,0,0.474,0.474,0.0,0,0,0,1,0,0,1,0.0,0,0,0.0,0,0,64,64,0,0,0,0.933,14,0.909,10,11,0.933,14,15,15,0,0,0,0,0,0,0,0,0.0,0,0,0,0,1,1,0,0,0,0,0,1,1.0,1,1,0,0,3,39,6
DFB-Pokal,1/8 FINALE,03.12.2025,Amburgo,Kiel,Casa,Amburgo,Remberg Nicolai,Centrocampista,Titolare,6.3,0,2,0,0,0,0,0.0,0,0,1,0,0,0,0,0.0,0,0,0.5,2,1,1.0,2,2,0.667,0.5,4,2,6,4,0,0,0.005,0.0,0.0,0.474,0.0,0,2,1,0,0,0,0,0,0.474,0.474,0.0,0,0,0,1,0,0,0,0.0,0,0,0.5,1,2,64,64,0,0,0,0.9,27,0.333,1,3,0.9,27,30,30,0,0,0,0,0,0,0,0,0.0,0,0,0,0,0,0,0,0,0,0,0,0,0.0,1,0,0,0,0,37,0
DFB-Pokal,1/8 FINALE,03.12.2025,Amburgo,Kiel,Casa,Amburgo,Jatta Bakery,Attaccante,Subentrato,7.3,0,1,0,0,0,0,0.0,0,0,0,0,0,1,0,0.0,0,0,0.0,0,0,0.0,0,0,0.0,0.0,0,0,0,0,0,0,0.012,0.552,0.931,0.455,0.0,0,3,0,0,1,1,0,0,-0.545,-0.545,0.0,0,0,0,0,0,0,0,0.0,0,0,0.0,0,0,22,22,0,0,0,1.0,10,1.0,7,7,1.0,10,10,10,0,0,0,0,0,0,0,0,0.0,0,0,0,0,0,1,0,1,0,0,1,1,0.0,0,0,0,0,2,17,0
DFB-Pokal,1/8 FINALE,03.12.2025,Amburgo,Kiel,Casa,Amburgo,Peretz Daniel,Portiere,Titolare,7.2,0,6,0,0,1,0,0.0,0,0,0,0,0,1,0,0.0,0,0,0.0,0,0,0.0,0,0,0.0,0.0,0,0,0,0,0,0,0.001,0.0,0.0,1.188,0.0,0,8,0,0,0,1,0,0,0.188,0.188,0.0,0,0,0,0,0,1,0,0.0,0,0,0.13,3,23,120,120,0,0,0,0.608,31,0.0,0,8,0.643,27,42,51,0,0,0,0,0,1,0,0,0.0,0,0,1,3,0,0,0,4,0,0,0,0,0.0,0,0,0,0,0,56,0
DFB-Pokal,1/8 FINALE,03.12.2025,Amburgo,Kiel,Casa,Amburgo,Vuskovic Luka,Difensore centrale,Titolare,7.1,0,6,0,0,0,0,0.0,2,0,0,0,0,5,0,0.0,0,0,0.0,0,0,0.75,8,6,0.692,0.6,5,3,13,9,0,0,0.049,0.028,0.0,1.188,0.0,0,6,2,2,0,1,0,0,0.188,0.188,0.0,0,0,0,0,0,0,0,0.0,0,0,0.667,8,12,120,120,0,0,3,0.886,62,0.333,2,6,0.896,60,67,70,0,0,0,0,0,0,0,0,0.0,0,0,0,0,0,0,1,1,0,1,0,1,0.5,2,1,0,0,0,91,3
DFB-Pokal,1/8 FINALE,03.12.2025,Amburgo,Kiel,Casa,Amburgo,Torunarigha Jordan,Difensore centrale,Titolare,6.4,0,7,0,0,0,0,0.0,0,0,1,0,0,2,0,0.0,0,0,0.0,1,0,0.0,0,0,0.5,0.5,4,2,4,2,0,0,0.03,0.0,0.0,0.732,0.0,0,7,1,1,0,0,0,0,0.732,0.732,0.0,0,0,0,2,0,0,0,0.0,0,0,0.4,2,5,98,98,0,1,0,0.908,59,0.692,9,13,0.898,53,59,65,0,0,0,0,0,0,0,0,0.0,0,0,0,0,0,0,0,0,0,0,0,0,0.0,1,0,0,0,1,76,2
DFB-Pokal,1/8 FINALE,03.12.2025,Amburgo,Kiel,Casa,Amburgo,Meffert Jonas,Centrocampista,Subentrato,6.2,0,2,0,0,0,0,0.0,0,0,1,0,0,0,0,0.0,0,0,0.0,0,0,1.0,1,1,0.333,0.0,2,0,3,1,0,0,0.014,0.069,0.04,0.714,0.0,0,2,1,0,0,1,0,0,-0.286,-0.286,0.0,0,0,0,0,0,0,1,0.0,0,0,0.0,0,0,56,56,0,0,0,0.889,24,0.8,4,5,0.889,24,27,27,0,0,0,0,0,0,0,0,0.0,0,0,0,0,0,0,1,1,0,0,1,1,0.0,0,0,0,0,0,33,3
DFB-Pokal,1/8 FINALE,03.12.2025,Amburgo,Kiel,Casa,Amburgo,Gocholeishvili Giorgi,Esterno,Titolare,6.3,0,4,0,0,0,0,0.0,2,0,0,0,1,0,0,0.0,0,2,0.333,3,1,0.0,1,0,0.444,0.5,8,4,9,4,0,0,0.013,0.101,0.568,0.502,0.0,0,1,1,1,0,0,0,0,0.502,0.502,0.0,0,0,0,0,0,0,0,0.0,0,0,0.5,1,2,82,82,0,0,0,0.962,25,1.0,6,6,0.962,25,26,26,0,0,0,0,0,0,0,0,0.0,0,0,0,0,0,2,0,0,0,1,1,2,1.0,2,2,0,0,3,46,3
DFB-Pokal,1/8 FINALE,03.12.2025,Amburgo,Kiel,Casa,Amburgo,Dompe Jean-Luc,Attaccante,Subentrato,6.6,0,2,0,0,0,0,0.0,5,0,0,0,0,0,0,0.0,0,5,0.0,0,0,0.0,0,0,0.0,0.0,0,0,0,0,0,0,0.069,0.044,0.0,0.685,0.0,0,1,0,0,0,1,0,0,-0.315,-0.315,0.0,0,0,0,0,0,0,2,0.0,0,0,0.0,0,1,38,38,0,0,0,0.875,7,0.857,6,7,0.857,6,7,8,0,0,0,0,0,0,0,0,0.0,0,0,0,0,0,1,0,1,0,1,0,1,0.0,0,0,0,1,3,15,1
DFB-Pokal,1/8 FINALE,03.12.2025,Amburgo,Kiel,Ospite,Kiel,Weiner Timon,Portiere,Titolare,7.9,0,9,0,0,0,0,0.0,0,0,0,0,0,3,0,0.0,0,0,0.0,0,0,1.0,1,1,1.0,0.0,0,0,1,1,0,0,0.002,0.0,0.0,1.818,0.0,0,3,0,0,0,1,0,0,0.818,0.818,0.0,0,0,0,0,2,5,0,0.0,0,0,0.474,9,19,120,120,0,0,0,0.762,32,1.0,3,3,0.846,22,26,42,0,0,0,0,0,1,0,0,0.0,0,0,2,6,0,0,0,7,0,0,0,0,0.0,0,0,0,0,0,57,0
DFB-Pokal,1/8 FINALE,03.12.2025,Amburgo,Kiel,Ospite,Kiel,Tolkin John,Esterno,Titolare,8.0,0,5,2,0,0,0,0.0,16,0,1,0,1,3,0,0.385,5,13,0.4,5,2,0.0,0,0,0.563,0.563,16,9,16,9,0,0,1.004,0.0,0.0,1.818,0.0,0,3,2,2,0,1,0,0,0.818,0.818,0.0,0,0,0,2,0,0,3,0.0,0,0,0.0,0,5,120,120,0,0,2,0.676,25,0.25,1,4,0.647,22,34,37,0,0,0,0,0,0,0,0,0.0,0,0,0,0,0,0,0,1,0,0,0,0,0.4,5,2,0,0,0,89,3
DFB-Pokal,1/8 FINALE,03.12.2025,Amburgo,Kiel,Ospite,Kiel,Komenda Marco,Difensore centrale,Titolare,7.0,0,3,0,0,0,0,0.0,0,0,0,0,0,3,0,0.0,0,1,0.0,0,0,0.8,5,4,0.833,1.0,1,1,6,5,0,0,0.042,0.0,0.0,0.065,0.0,0,6,0,0,0,0,0,0,0.065,0.065,0.0,0,0,0,1,0,0,1,0.0,0,0,0.1,1,10,78,78,0,0,1,0.683,28,0.429,3,7,0.667,26,39,41,0,0,0,0,0,0,0,0,0.0,0,0,0,0,0,0,0,0,0,0,0,0,1.0,1,1,0,0,2,51,0
DFB-Pokal,1/8 FINALE,03.12.2025,Amburgo,Kiel,Ospite,Kiel,Muller Marcus,Attaccante,Subentrato,6.2,0,0,0,0,0,0,0.0,0,0,0,0,0,0,0,0.0,0,0,0.0,0,0,0.0,0,0,0.0,0.0,1,0,1,0,0,0,0.0,0.0,0.0,0.973,0.0,0,0,1,0,0,1,0,0,-0.027,-0.027,0.0,0,0,0,0,0,0,0,0.0,0,0,0.0,0,0,15,15,0,0,0,0.0,0,0.0,0,0,0.0,0,0,0,0,0,0,0,0,0,0,0,0.0,0,0,0,0,0,0,0,1,0,0,0,0,0.0,0,0,0,0,0,1,1
DFB-Pokal,1/8 FINALE,03.12.2025,Amburgo,Kiel,Ospite,Kiel,Knudsen Magnus,Centrocampista,Titolare,5.7,0,9,0,0,0,0,0.0,2,0,0,0,3,1,0,1.0,1,1,0.0,0,0,0.0,0,0,0.167,0.167,6,1,6,1,0,0,0.054,0.007,0.0,1.818,0.0,0,4,2,0,0,1,0,0,0.818,0.818,0.0,0,0,0,1,0,0,2,1.0,1,1,0.333,1,3,120,120,0,0,0,0.927,51,0.6,3,5,0.926,50,54,55,0,0,0,0,0,0,0,0,0.0,0,0,0,0,0,0,1,1,0,1,0,1,0.0,1,0,0,0,0,67,2
DFB-Pokal,1/8 FINALE,03.12.2025,Amburgo,Kiel,Ospite,Kiel,Davidsen Kasper,Centrocampista,Titolare,6.3,0,3,0,0,0,0,0.0,0,0,1,0,1,1,0,0.0,0,0,0.5,2,1,0.0,1,0,0.545,0.6,10,6,11,6,0,0,0.001,0.0,0.0,0.01,0.0,0,0,2,0,0,0,0,0,0.01,0.01,0.0,0,0,0,0,0,0,0,1.0,3,3,0.0,0,0,60,60,0,0,0,0.813,13,0.0,0,0,0.8,12,15,16,0,0,0,0,0,0,0,0,0.0,0,0,0,0,0,0,0,0,0,0,0,0,0.4,5,2,0,0,0,33,3
DFB-Pokal,1/8 FINALE,03.12.2025,Amburgo,Kiel,Ospite,Kiel,Nekic Ivan,Difensore,Subentrato,6.8,0,0,0,0,0,0,0.0,0,0,1,0,0,2,0,0.0,0,0,0.0,0,0,0.333,3,1,0.333,0.0,0,0,3,1,0,0,0.005,0.0,0.0,1.752,0.0,0,6,0,0,0,1,0,0,0.752,0.752,0.0,0,0,0,0,0,0,0,0.0,0,0,0.4,2,5,42,42,0,0,0,0.75,15,0.333,2,6,0.75,15,20,20,0,0,0,0,0,0,1,0,0.0,0,0,0,0,0,0,0,1,0,0,0,0,0.0,0,0,0,0,0,22,0
DFB-Pokal,1/8 FINALE,03.12.2025,Amburgo,Kiel,Ospite,Kiel,Harres Phil,Attaccante,Titolare,7.0,0,2,0,1,0,0,0.0,2,0,0,0,0,0,0,0.0,0,1,0.0,0,0,0.25,4,1,0.5,1.0,2,2,6,3,0,0,0.007,0.674,0.929,1.818,0.0,0,2,1,1,1,1,0,0,0.818,0.818,0.0,0,0,0,1,0,0,1,0.0,0,1,0.333,1,3,120,120,0,1,0,0.533,8,0.75,3,4,0.417,5,12,15,0,0,0,0,0,0,1,0,0.0,0,0,0,0,1,1,3,1,0,1,2,4,0.0,1,0,0,0,1,26,3
DFB-Pokal,1/8 FINALE,03.12.2025,Amburgo,Kiel,Ospite,Kiel,Ivezic Marko,Difensore centrale,Titolare,6.2,0,5,0,0,0,0,0.0,0,0,1,0,0,4,0,0.0,0,0,0.0,1,0,0.5,2,1,0.667,0.714,7,5,9,6,0,0,0.002,0.011,0.0,1.818,0.0,0,2,1,0,0,1,0,0,0.818,0.818,0.0,0,0,0,0,0,0,0,0.0,0,0,0.2,1,5,120,120,0,0,1,0.833,55,0.0,0,3,0.828,53,64,66,0,0,0,0,1,0,0,0,0.0,0,0,0,0,1,1,0,1,1,0,0,1,0.8,5,4,0,0,2,83,0
DFB-Pokal,1/8 FINALE,03.12.2025,Amburgo,Kiel,Ospite,Kiel,Schwab Stefan,Centrocampista,Subentrato,6.4,0,0,0,0,0,0,0.0,1,0,0,0,1,2,0,0.0,0,1,0.0,0,0,0.0,3,0,0.25,0.4,5,2,8,2,0,0,0.126,0.0,0.0,1.807,0.0,0,1,2,1,0,1,0,0,0.807,0.807,0.0,0,0,0,1,0,0,0,0.0,0,0,0.0,0,2,60,60,0,0,0,0.75,15,0.4,2,5,0.75,15,20,20,0,0,0,0,0,0,1,0,0.0,0,0,0,0,0,0,0,1,0,0,0,0,0.0,1,0,0,0,1,30,0
DFB-Pokal,1/8 FINALE,03.12.2025,Amburgo,Kiel,Ospite,Kiel,Zec David,Difensore centrale,Titolare,6.0,0,5,0,1,0,0,0.0,1,0,1,0,0,4,0,0.0,0,0,0.0,0,0,1.0,2,2,0.857,0.8,5,4,7,6,0,0,0.198,0.986,0.0,1.818,0.0,0,4,0,2,0,1,0,0,0.818,0.818,0.0,0,0,0,3,0,0,1,0.0,0,0,0.5,3,6,120,120,0,0,0,0.877,64,0.8,4,5,0.871,61,70,73,0,0,0,0,0,0,1,0,0.0,0,0,0,0,0,2,0,1,0,2,0,2,0.5,2,1,0,1,4,92,2
DFB-Pokal,1/8 FINALE,03.12.2025,Amburgo,Kiel,Ospite,Kiel,Koster Louis,Attaccante,Subentrato,6.3,0,0,0,0,0,0,0.0,1,0,0,0,0,0,0,0.0,0,0,0.0,1,0,0.0,0,0,0.429,0.429,7,3,7,3,0,0,0.0,0.0,0.0,1.144,0.0,0,1,2,3,0,1,0,0,0.144,0.144,0.0,0,0,0,0,0,0,0,0.0,0,0,0.0,0,1,26,26,0,0,0,0.5,1,0.0,0,1,0.5,1,2,2,0,0,0,0,0,0,0,0,0.0,0,0,0,0,0,0,0,1,0,0,0,0,0.0,0,0,0,0,2,12,3
DFB-Pokal,1/8 FINALE,03.12.2025,Amburgo,Kiel,Ospite,Kiel,Rosenboom Lasse,Esterno,Titolare,6.5,0,1,0,0,0,0,0.0,0,0,1,0,0,6,0,0.0,0,0,0.0,1,0,0.75,4,3,0.727,0.714,7,5,11,8,0,0,0.005,0.315,0.0,0.845,0.0,0,4,0,1,0,0,0,0,0.845,0.845,0.0,0,0,0,1,0,0,1,0.0,0,0,0.333,1,3,105,105,0,0,0,0.45,9,0.6,3,5,0.45,9,20,20,0,0,0,0,0,0,0,0,0.0,0,0,0,0,1,1,0,0,1,0,0,1,0.25,4,1,0,0,1,48,2
DFB-Pokal,1/8 FINALE,03.12.2025,Amburgo,Kiel,Ospite,Kiel,Kapralik Adrian,Attaccante,Titolare,6.8,0,5,1,1,0,0,0.0,2,0,0,0,1,0,0,0.0,0,1,0.25,4,1,0.0,1,0,0.333,0.364,11,4,12,4,0,0,0.326,0.64,0.0,0.674,0.0,0,1,2,1,0,0,0,0,0.674,0.674,0.0,0,0,0,0,0,0,2,0.0,0,0,0.0,0,0,94,94,0,0,0,0.545,6,0.667,2,3,0.545,6,11,11,0,0,0,0,0,0,0,0,0.0,0,0,0,0,1,2,3,0,1,4,0,5,1.0,2,2,0,1,2,32,6
DFB-Pokal,1/8 FINALE,03.12.2025,Amburgo,Kiel,Ospite,Kiel,Niehoff Niklas,Centrocampista,Subentrato,6.7,0,2,0,0,0,0,0.0,0,0,0,0,0,1,0,0.0,0,1,0.0,0,0,0.0,1,0,0.0,0.0,0,0,1,0,0,0,0.0,0.046,0.23,1.752,0.0,0,0,0,0,0,1,0,0,0.752,0.752,0.0,0,0,0,0,0,0,0,0.0,0,0,0.0,0,1,42,42,0,0,0,0.889,8,0.0,0,0,0.889,8,9,9,0,0,0,0,0,0,0,0,0.0,0,0,0,0,0,1,0,1,0,0,1,1,0.0,0,0,0,0,2,16,1
DFB-Pokal,1/8 FINALE,03.12.2025,Amburgo,Kiel,Ospite,Kiel,Therkelsen Jonas,Centrocampista,Titolare,6.4,0,3,0,0,0,0,0.0,0,0,0,0,1,1,0,0.0,0,0,0.333,3,1,0.0,2,0,0.417,0.5,10,5,12,5,0,0,0.007,0.184,0.029,0.065,0.0,0,2,0,2,0,0,0,0,0.065,0.065,0.0,0,0,0,0,0,0,0,1.0,1,1,0.0,0,0,78,78,0,0,0,0.882,15,0.75,3,4,0.882,15,17,17,0,0,0,0,0,0,0,0,0.0,0,0,0,0,1,2,2,0,0,2,1,4,0.5,2,1,0,0,2,35,3
DFB-Pokal,1/8 FINALE,03.12.2025,Union Berlino,Bayern,Ospite,Bayern,Upamecano Dayot,Difensore centrale,Titolare,8.0,0,9,0,0,0,0,0.0,1,0,1,0,0,7,0,0.0,0,0,0.0,0,0,0.75,4,3,0.857,0.9,10,9,14,12,0,0,0.014,0.0,0.0,2.194,0.0,0,6,1,2,0,2,0,0,0.194,0.563,0.0,0,0,0,1,0,0,0,0.0,0,0,0.0,0,8,90,90,0,0,0,0.704,38,0.5,4,8,0.704,38,54,54,0,0,0,0,0,0,0,0,0.0,0,0,0,0,0,0,0,2,0,0,0,0,0.714,7,5,0,0,0,71,0
DFB-Pokal,1/8 FINALE,03.12.2025,Union Berlino,Bayern,Ospite,Bayern,Laimer Konrad,Terzino,Titolare,6.9,0,5,0,0,0,0,0.0,2,0,0,0,0,5,0,0.0,0,2,0.333,3,1,0.0,3,0,0.5,0.667,9,6,12,6,0,0,0.018,0.0,0.0,2.169,0.0,0,4,2,1,0,2,0,0,0.169,0.538,0.0,0,0,0,0,0,0,2,0.0,0,0,0.25,1,4,86,86,0,0,1,0.674,31,0.667,8,12,0.674,31,46,46,0,0,0,0,0,0,0,0,0.0,0,0,0,0,0,0,0,2,0,0,0,0,0.75,4,3,0,0,2,83,3
DFB-Pokal,1/8 FINALE,03.12.2025,Union Berlino,Bayern,Ospite,Bayern,Kim Min-Jae,Difensore,Subentrato,,0,0,0,0,0,0,0.0,0,0,0,0,0,3,0,0.0,0,0,0.0,0,0,1.0,1,1,1.0,0.0,0,0,1,1,0,0,0.0,0.0,0.0,0.025,0.0,0,0,0,0,0,0,0,0,0.025,0.025,0.0,0,0,0,0,0,0,0,0.0,0,0,0.0,0,0,4,4,0,0,0,1.0,1,0.0,0,0,1.0,1,1,1,0,0,0,0,0,0,0,0,0.0,0,0,0,0,0,0,0,0,0,0,0,0,0.0,0,0,0,0,0,4,0
DFB-Pokal,1/8 FINALE,03.12.2025,Union Berlino,Bayern,Ospite,Bayern,Goretzka Leon,Centrocampista,Subentrato,6.3,0,2,0,0,0,0,0.0,1,0,0,0,0,1,0,0.0,0,0,0.0,0,0,1.0,1,1,0.667,0.5,2,1,3,2,0,1,0.003,0.0,0.0,0.983,0.0,0,1,1,0,0,1,0,0,-0.017,0.22,0.0,0,0,0,1,0,0,0,1.0,1,1,0.0,0,0,41,41,0,0,1,0.583,7,0.333,1,3,0.583,7,12,12,0,0,0,0,0,0,0,0,0.0,0,0,0,0,0,0,0,1,0,0,0,0,0.0,1,0,0,0,0,17,1
DFB-Pokal,1/8 FINALE,03.12.2025,Union Berlino,Bayern,Ospite,Bayern,Pavlovic Aleksandar,Centrocampista,Titolare,6.3,0,3,0,0,0,0,0.0,0,0,0,0,0,1,0,0.0,0,0,0.0,0,0,0.0,1,0,0.5,1.0,1,1,2,1,0,0,0.022,0.0,0.0,1.21,0.0,0,1,0,0,0,1,0,0,0.21,0.343,0.0,0,0,0,0,0,0,0,1.0,1,1,0.5,1,2,49,49,0,0,0,0.875,28,0.6,3,5,0.875,28,32,32,0,0,0,0,0,0,0,0,0.0,0,0,0,0,0,0,0,1,0,0,0,0,0.0,1,0,0,0,0,35,0
DFB-Pokal,1/8 FINALE,03.12.2025,Union Berlino,Bayern,Ospite,Bayern,Kimmich Joshua,Centrocampista,Titolare,7.5,1,6,1,0,0,0,0.0,6,0,0,0,0,1,0,0.2,1,5,0.0,1,0,0.2,5,1,0.5,0.8,5,4,10,5,0,1,0.278,0.0,0.0,2.194,0.0,0,8,0,1,0,2,0,0,0.194,0.563,0.0,0,0,0,2,0,0,2,0.0,0,0,0.571,4,7,90,90,0,0,1,0.755,37,0.714,10,14,0.744,32,43,49,0,0,0,0,0,0,0,0,0.0,0,0,0,0,0,0,0,2,0,0,0,0,1.0,3,3,0,0,0,70,2
DFB-Pokal,1/8 FINALE,03.12.2025,Union Berlino,Bayern,Ospite,Bayern,Ito Hiroki,Difensore,Subentrato,,0,1,0,0,0,0,0.0,0,0,0,0,0,1,0,0.0,0,0,0.0,0,0,0.0,0,0,0.0,0.0,0,0,0,0,0,0,0.0,0.0,0.0,0.025,0.0,0,0,0,0,0,0,0,0,0.025,0.025,0.0,0,0,0,1,0,0,0,0.0,0,0,0.667,2,3,4,4,0,0,0,0.5,2,0.0,0,0,0.5,2,4,4,0,0,0,0,0,0,0,0,0.0,0,0,0,0,0,0,0,0,0,0,0,0,0.0,0,0,0,0,0,8,0
DFB-Pokal,1/8 FINALE,03.12.2025,Union Berlino,Bayern,Ospite,Bayern,Karl Lennart,Centrocampista offensivo,Titolare,6.0,0,2,0,0,0,0,0.0,1,0,0,0,0,1,0,0.0,0,0,1.0,2,2,0.0,1,0,0.333,0.375,8,3,9,3,0,0,0.026,0.02,0.033,2.152,0.0,0,1,2,1,0,2,0,0,0.152,0.521,0.0,0,0,0,0,0,0,0,1.0,1,1,1.0,2,2,73,73,0,0,0,0.778,21,0.556,5,9,0.778,21,27,27,0,0,0,0,0,0,0,0,0.0,0,0,0,0,0,0,1,2,0,0,1,1,0.0,0,0,0,0,2,40,5
DFB-Pokal,1/8 FINALE,03.12.2025,Union Berlino,Bayern,Ospite,Bayern,Kane Harry,Attaccante,Titolare,6.6,0,3,0,0,0,0,0.0,0,0,1,0,0,5,0,0.0,0,0,0.0,0,0,0.625,8,5,0.563,0.5,8,4,16,9,0,0,0.0,0.52,1.255,2.194,0.0,0,2,2,3,1,2,0,0,0.194,0.563,0.0,0,0,0,0,0,0,0,0.5,1,2,0.5,1,2,90,90,0,1,0,0.308,4,0.0,0,6,0.308,4,13,13,1,0,0,0,0,0,0,0,0.0,0,0,0,0,0,1,1,2,1,0,2,2,1.0,1,1,0,0,2,33,4
DFB-Pokal,1/8 FINALE,03.12.2025,Union Berlino,Bayern,Ospite,Bayern,Stanisic Josip,Terzino,Titolare,5.7,0,3,0,0,0,0,0.0,1,0,0,0,0,1,0,0.0,0,0,0.0,0,0,0.333,3,1,0.5,0.667,3,2,6,3,0,0,0.009,0.0,0.0,2.194,0.0,0,4,0,1,0,2,0,0,0.194,0.563,0.0,0,0,0,2,0,0,0,0.0,0,1,0.5,2,4,90,90,0,0,0,0.721,31,0.75,6,8,0.721,31,43,43,0,0,0,0,0,0,0,0,0.0,0,0,0,0,0,0,0,2,0,0,0,0,0.0,1,0,0,0,1,57,3
DFB-Pokal,1/8 FINALE,03.12.2025,Union Berlino,Bayern,Ospite,Bayern,Olise Michael,Ala,Titolare,6.6,0,2,0,0,0,0,0.0,4,0,0,0,0,0,0,0.0,0,3,0.625,8,5,0.0,3,0,0.5,0.615,13,8,16,8,0,0,0.042,0.056,0.065,2.169,0.0,0,2,0,2,0,2,0,0,0.169,0.538,0.0,0,0,0,0,0,0,0,1.0,3,3,0.0,0,0,86,86,0,0,0,0.8,28,0.733,11,15,0.794,27,34,35,0,0,0,0,0,0,0,0,0.0,0,0,0,0,0,1,1,2,0,0,2,2,1.0,1,1,0,0,5,63,9
DFB-Pokal,1/8 FINALE,03.12.2025,Union Berlino,Bayern,Ospite,Bayern,Gnabry Serge,Attaccante,Subentrato,6.6,0,0,1,0,0,0,0.0,1,0,0,0,1,0,0,0.0,0,0,0.0,0,0,0.0,0,0,0.0,0.0,1,0,1,0,0,0,0.019,0.0,0.0,0.042,0.0,0,2,0,0,0,0,0,0,0.042,0.042,0.0,0,0,0,0,0,0,1,0.0,0,0,0.0,0,3,17,17,0,0,0,0.5,4,0.75,3,4,0.5,4,8,8,0,0,0,0,0,0,0,0,0.0,0,0,0,0,0,0,0,0,0,0,0,0,0.0,0,0,0,0,0,11,1
DFB-Pokal,1/8 FINALE,03.12.2025,Union Berlino,Bayern,Casa,Union Berlino,Schafer Andras,Centrocampista,Titolare,7.5,0,8,0,0,0,0,0.0,1,0,0,0,1,4,0,0.0,0,0,0.0,0,0,0.75,4,3,0.667,0.6,5,3,9,6,0,0,0.025,0.152,0.178,1.353,0.0,0,2,1,1,0,3,0,0,0.353,0.353,0.0,0,0,0,5,0,0,2,0.0,0,0,1.0,1,1,83,83,0,0,0,0.875,21,0.9,9,10,0.864,19,22,24,0,0,0,0,0,0,0,0,0.0,0,0,0,0,0,1,2,3,0,2,1,3,1.0,2,2,0,0,1,45,2
DFB-Pokal,1/8 FINALE,03.12.2025,Union Berlino,Bayern,Ospite,Bayern,Neuer Manuel,Portiere,Titolare,7.3,0,12,0,0,0,0,0.0,0,0,1,0,0,0,0,0.0,0,0,0.0,0,0,0.0,0,0,0.0,0.0,0,0,0,0,0,0,0.002,0.0,0.0,2.194,0.0,0,4,0,0,0,2,0,0,0.194,0.563,0.0,0,0,0,0,0,9,0,0.0,0,0,0.536,15,28,90,90,0,0,0,0.729,35,0.25,1,4,0.758,25,33,48,0,0,0,0,0,0,0,0,0.0,0,0,0,5,0,0,0,7,0,0,0,0,0.0,0,0,0,0,0,62,0
DFB-Pokal,1/8 FINALE,03.12.2025,Union Berlino,Bayern,Casa,Union Berlino,Doekhi Danilho,Difensore centrale,Titolare,6.3,0,3,0,0,0,0,0.0,0,0,0,0,1,3,0,0.0,0,0,0.0,0,0,0.5,4,2,0.444,0.4,5,2,9,4,0,0,0.012,0.179,0.314,1.353,0.0,0,8,2,1,0,3,0,0,0.353,0.353,0.0,0,0,0,3,0,0,0,0.0,0,0,0.625,5,8,90,90,0,0,0,0.656,21,0.455,5,11,0.656,21,32,32,0,0,0,0,0,0,0,0,0.0,0,0,0,0,0,1,0,3,1,0,1,1,1.0,1,1,0,0,4,42,0
DFB-Pokal,1/8 FINALE,03.12.2025,Union Berlino,Bayern,Ospite,Bayern,Diaz Luis,Ala,Titolare,6.4,0,4,0,1,0,0,0.0,4,0,0,0,0,0,0,0.0,0,0,1.0,5,5,0.5,2,1,0.5,0.5,12,6,14,7,0,0,0.072,0.248,0.0,2.194,0.0,0,1,2,1,0,2,0,0,0.194,0.563,0.0,0,0,0,0,0,0,1,1.0,2,2,0.0,0,0,90,90,0,1,0,0.742,23,0.714,10,14,0.714,20,28,31,0,0,0,0,0,0,0,0,0.0,0,0,0,0,0,1,0,2,0,0,1,1,0.0,0,0,0,0,1,49,9
DFB-Pokal,1/8 FINALE,03.12.2025,Union Berlino,Bayern,Casa,Union Berlino,Ansah Ilyas,Attaccante,Titolare,5.8,0,6,1,1,0,0,0.0,2,0,1,0,0,0,0,0.0,0,2,0.0,3,0,0.4,5,2,0.286,0.25,16,4,21,6,0,0,0.017,0.607,0.046,1.353,0.0,0,0,2,2,0,3,1,0,0.353,0.353,0.0,0,0,0,1,0,0,1,1.0,2,2,0.0,0,0,90,90,0,2,0,1.0,10,1.0,6,6,1.0,10,10,10,0,0,0,0,0,0,0,0,0.0,0,0,0,0,2,3,2,3,0,1,2,5,0.5,2,1,0,0,5,44,10
DFB-Pokal,1/8 FINALE,03.12.2025,Union Berlino,Bayern,Casa,Union Berlino,Skarke Tim,Attaccante,Subentrato,,0,0,0,0,0,0,0.0,1,0,0,0,0,0,0,1.0,1,1,0.0,0,0,0.0,0,0,0.0,0.0,0,0,0,0,0,0,0.06,0.05,0.025,0.0,0.0,0,0,0,0,0,0,0,0,0.0,0.0,0.0,0,0,0,0,0,0,1,0.0,0,0,0.0,0,0,7,7,0,0,0,0.5,1,0.5,1,2,0.5,1,2,2,0,0,0,0,0,0,0,0,0.0,0,0,0,0,0,1,0,0,1,0,1,1,0.0,0,0,0,0,1,4,0
DFB-Pokal,1/8 FINALE,03.12.2025,Union Berlino,Bayern,Casa,Union Berlino,Khedira Rani,Centrocampista offensivo,Titolare,6.5,0,6,1,0,0,0,0.0,2,0,0,0,0,2,0,0.25,1,4,0.0,1,0,0.667,3,2,0.4,0.286,7,2,10,4,0,0,0.194,0.0,0.0,1.353,0.0,0,0,3,0,0,3,0,0,0.353,0.353,0.0,0,0,0,0,0,0,2,0.0,0,0,0.0,0,1,90,90,0,0,0,0.5,5,0.667,4,6,0.5,5,10,10,0,0,0,0,0,0,0,0,0.0,0,0,0,0,0,0,0,3,0,0,0,0,0.0,2,0,0,0,0,27,1
DFB-Pokal,1/8 FINALE,03.12.2025,Union Berlino,Bayern,Casa,Union Berlino,Ronnow Frederik,Portiere,Titolare,6.5,0,9,0,0,0,0,0.0,1,0,0,0,0,0,0,0.0,0,0,0.0,0,0,0.0,0,0,0.0,0.0,0,0,0,0,0,0,0.002,0.0,0.0,1.353,0.0,0,5,0,0,0,3,0,0,0.353,0.353,0.0,0,0,0,0,0,3,0,0.0,0,0,0.35,7,20,90,90,0,0,0,0.5,13,0.2,1,5,0.571,12,21,26,0,0,0,0,0,0,0,0,0.0,0,0,0,4,0,0,0,7,0,0,0,0,0.0,0,0,0,0,0,35,1
DFB-Pokal,1/8 FINALE,03.12.2025,Union Berlino,Bayern,Ospite,Bayern,Tah Jonathan,Difensore centrale,Titolare,5.6,0,4,0,0,0,0,0.0,0,0,0,0,0,7,0,0.0,0,0,0.0,0,0,0.667,3,2,0.833,1.0,3,3,6,5,0,0,0.004,0.0,0.0,2.194,0.0,0,2,1,2,0,2,0,0,0.194,0.563,0.0,0,0,0,0,0,0,0,0.0,0,0,0.5,1,2,90,90,0,0,0,0.878,43,0.667,2,3,0.864,38,44,49,1,0,0,0,0,0,0,0,0.0,0,0,0,0,0,0,0,2,0,0,0,0,0.0,1,0,0,0,0,63,0
DFB-Pokal,1/8 FINALE,03.12.2025,Union Berlino,Bayern,Casa,Union Berlino,Querfeld Leopold,Difensore centrale,Titolare,7.6,0,6,0,0,0,0,0.0,1,0,0,0,2,6,0,0.0,0,0,0.0,0,0,0.571,7,4,0.5,0.333,3,1,10,5,0,0,0.01,1.614,1.631,1.353,0.0,0,11,0,0,2,3,0,2,0.353,0.353,0.0,0,0,0,3,0,0,0,1.0,1,1,0.357,5,14,90,90,0,0,0,0.568,21,0.4,6,15,0.568,21,37,37,0,0,0,0,0,0,0,0,0.0,0,0,0,0,0,3,0,3,1,1,2,3,0.0,1,0,0,0,4,52,1
DFB-Pokal,1/8 FINALE,03.12.2025,Union Berlino,Bayern,Casa,Union Berlino,Burcu Livan,Attaccante,Subentrato,,0,0,0,0,0,0,0.0,0,0,1,0,0,0,0,0.0,0,0,0.0,0,0,0.0,0,0,0.0,0.0,1,0,1,0,0,0,0.003,0.0,0.0,0.0,0.0,0,1,1,0,0,0,0,0,0.0,0.0,0.0,0,0,0,0,0,0,0,0.0,0,0,0.0,0,0,7,7,0,0,0,1.0,2,1.0,2,2,1.0,2,2,2,0,0,0,0,0,0,0,0,0.0,0,0,0,0,0,0,0,0,0,0,0,0,0.0,0,0,0,0,0,3,0
DFB-Pokal,1/8 FINALE,03.12.2025,Union Berlino,Bayern,Casa,Union Berlino,Kemlein Aljoscha,Centrocampista,Titolare,6.1,0,4,0,0,0,0,0.0,4,0,1,0,0,2,0,0.0,0,3,0.0,0,0,1.0,1,1,0.375,0.286,7,2,8,3,0,0,0.014,0.019,0.0,1.353,0.0,0,5,2,1,0,3,0,0,0.353,0.353,0.0,0,0,0,1,0,0,0,0.0,0,0,0.333,2,6,90,90,0,0,0,0.613,19,0.545,6,11,0.613,19,31,31,0,0,0,0,0,0,0,0,0.0,0,0,0,0,0,0,1,3,0,1,0,1,1.0,1,1,0,0,0,48,4
DFB-Pokal,1/8 FINALE,03.12.2025,Union Berlino,Bayern,Casa,Union Berlino,Haberer Janik,Esterno,Titolare,6.4,0,5,0,1,0,0,0.0,9,0,0,0,5,2,0,0.5,3,6,0.0,0,0,0.75,4,3,0.5,0.375,8,3,12,6,0,0,0.241,0.191,0.0,1.353,0.0,0,8,0,1,0,3,0,0,0.353,0.353,0.0,0,0,0,2,0,0,2,0.0,0,0,0.667,4,6,90,90,0,0,0,0.731,19,0.692,9,13,0.714,15,21,26,0,0,0,0,0,0,0,0,0.0,0,0,0,0,0,1,0,3,0,1,0,1,0.5,2,1,0,0,2,50,0
DFB-Pokal,1/8 FINALE,03.12.2025,Union Berlino,Bayern,Casa,Union Berlino,Nsoki Stanley,Difensore,Subentrato,,0,1,0,0,0,0,0.0,0,0,0,0,0,1,0,0.0,0,1,1.0,1,1,0.0,0,0,1.0,1.0,1,1,1,1,0,0,0.0,0.0,0.0,0.0,0.0,0,0,0,0,0,0,0,0,0.0,0.0,0.0,0,0,0,1,0,0,0,0.0,0,0,1.0,1,1,2,2,0,0,0,0.667,2,0.0,0,1,0.667,2,3,3,0,0,0,0,0,0,0,0,0.0,0,0,0,0,0,0,0,0,0,0,0,0,0.0,0,0,0,0,0,10,0
DFB-Pokal,1/8 FINALE,03.12.2025,Union Berlino,Bayern,Casa,Union Berlino,Rothe Tom,Esterno,Titolare,7.1,0,10,0,0,0,0,0.0,11,0,0,0,2,1,0,0.25,1,4,0.0,2,0,0.5,2,1,0.385,0.364,11,4,13,5,0,0,0.086,0.051,0.0,1.353,0.0,0,4,1,0,0,3,0,0,0.353,0.353,0.0,0,0,0,3,0,0,1,0.0,0,0,0.667,4,6,88,88,0,0,0,0.633,19,0.5,9,18,0.633,19,30,30,0,0,0,0,0,0,0,0,0.0,0,0,0,0,1,1,0,3,0,0,0,1,0.5,4,2,0,0,1,73,7
DFB-Pokal,1/8 FINALE,03.12.2025,Union Berlino,Bayern,Casa,Union Berlino,Jeong Woo-Yeong,Attaccante,Titolare,6.2,0,5,0,0,0,0,0.0,5,0,0,0,0,0,0,0.333,1,3,0.0,0,0,0.5,4,2,0.6,1.0,1,1,5,3,0,0,0.091,0.054,0.0,1.353,0.0,0,4,0,1,0,3,0,0,0.353,0.353,0.0,0,0,0,2,0,0,0,0.0,0,0,0.0,0,1,83,83,0,0,0,0.435,10,0.25,3,12,0.381,8,21,23,0,0,0,0,0,0,0,0,0.0,0,0,0,0,0,0,1,3,0,1,0,1,0.0,1,0,0,1,0,33,1
DFB-Pokal,1/8 FINALE,03.12.2025,Union Berlino,Bayern,Casa,Union Berlino,Leite Diogo,Difensore centrale,Titolare,7.4,0,2,0,0,1,0,0.0,0,0,0,0,2,4,1,0.0,0,1,0.0,1,0,0.0,1,0,0.455,0.5,10,5,11,5,0,0,0.018,0.084,0.0,1.353,0.0,0,9,2,2,0,3,1,0,0.353,0.353,0.0,0,0,0,5,0,0,2,0.0,0,0,0.4,2,5,90,90,0,0,1,0.686,24,0.579,11,19,0.686,24,35,35,0,0,0,1,0,0,0,0,0.0,0,0,0,0,0,1,0,3,1,1,0,1,1.0,3,3,0,0,3,61,0
DFB-Pokal,1/8 FINALE,03.12.2025,Bochum,Stoccarda,Ospite,Stoccarda,El Khannouss Bilal,Centrocampista offensivo,Titolare,6.3,0,3,0,0,0,0,0.0,4,0,0,0,0,1,0,0.333,1,3,0.0,1,0,0.333,3,1,0.25,0.2,5,1,8,2,0,0,0.09,0.0,0.0,0.475,0.0,0,5,2,0,0,0,0,0,0.475,0.475,0.0,0,0,0,0,0,0,1,1.0,1,1,0.0,0,0,61,61,0,0,0,0.704,19,0.462,6,13,0.692,18,26,27,0,0,0,0,0,0,0,0,0.0,0,0,0,0,0,0,0,0,0,0,0,0,0.0,1,0,0,0,1,38,2
DFB-Pokal,1/8 FINALE,03.12.2025,Bochum,Stoccarda,Ospite,Stoccarda,Leweling Jamie,Centrocampista offensivo,Titolare,7.5,1,1,1,0,0,0,0.0,4,0,0,0,0,0,0,0.4,2,5,1.0,2,2,0.0,0,0,1.0,1.0,5,5,5,5,0,0,0.225,0.098,0.105,0.475,0.0,0,0,0,3,0,0,0,0,0.475,0.475,0.0,0,0,0,0,0,0,1,0.0,0,1,0.0,0,0,76,76,0,1,0,0.864,19,0.8,12,15,0.864,19,22,22,0,0,0,0,0,0,0,0,0.0,0,0,0,0,0,1,0,0,0,0,1,1,0.0,0,0,0,0,2,36,2
DFB-Pokal,1/8 FINALE,03.12.2025,Bochum,Stoccarda,Ospite,Stoccarda,Stiller Angelo,Centrocampista,Titolare,7.7,0,4,0,0,0,0,0.0,7,0,0,0,0,1,0,1.0,1,1,0.0,0,0,0.667,3,2,0.667,0.0,0,0,3,2,0,0,0.145,0.027,0.0,0.475,0.0,0,17,0,0,0,0,0,0,0.475,0.475,0.0,0,0,0,0,0,0,0,0.0,0,0,0.714,5,7,76,76,0,0,1,0.88,81,0.75,24,32,0.898,79,88,92,0,0,0,0,0,0,0,0,0.0,0,0,0,0,0,0,1,0,0,1,0,1,0.0,0,0,0,1,3,99,0
DFB-Pokal,1/8 FINALE,03.12.2025,Bochum,Stoccarda,Ospite,Stoccarda,Assignon Lorenz,Esterno,Titolare,6.7,0,3,0,0,0,0,0.0,1,0,0,0,0,2,0,0.0,0,3,0.333,3,1,0.0,0,0,0.375,0.375,8,3,8,3,0,1,0.12,0.088,0.0,0.475,0.0,0,9,1,0,0,0,0,0,0.475,0.475,0.0,0,0,0,0,0,0,2,1.0,1,1,0.25,1,4,90,90,0,0,0,0.837,41,0.778,14,18,0.837,41,49,49,0,0,0,0,0,0,0,0,0.0,0,0,0,0,0,1,0,0,0,1,0,1,1.0,2,2,0,0,7,77,5
DFB-Pokal,1/8 FINALE,03.12.2025,Bochum,Stoccarda,Ospite,Stoccarda,Nartey Nikolas,Difensore,Subentrato,6.8,0,3,0,0,0,0,0.0,1,0,0,0,0,0,0,0.0,0,0,0.0,0,0,0.0,0,0,0.0,0.0,0,0,0,0,0,0,0.048,0.046,0.0,0.0,0.0,0,2,0,0,0,0,0,0,0.0,0.0,0.0,0,0,0,1,0,0,1,1.0,3,3,1.0,1,1,29,29,0,1,0,0.95,19,0.857,6,7,0.947,18,19,20,0,0,0,0,0,0,0,0,0.0,0,0,0,0,0,0,1,0,0,1,0,1,0.0,0,0,0,0,0,23,0
DFB-Pokal,1/8 FINALE,03.12.2025,Bochum,Stoccarda,Ospite,Stoccarda,Stergiou Leonidas,Difensore,Subentrato,,0,0,0,0,0,0,0.0,0,0,0,0,0,0,0,0.0,0,0,0.0,0,0,0.0,0,0,0.0,0.0,0,0,0,0,0,0,0.0,0.0,0.0,0.0,0.0,0,0,0,0,0,0,0,0,0.0,0.0,0.0,0,0,0,0,0,0,0,0.0,0,0,0.0,0,0,1,1,0,0,1,1.0,2,0.0,0,0,1.0,2,2,2,0,0,0,0,0,0,0,0,0.0,0,0,0,0,0,0,0,0,0,0,0,0,0.0,0,0,0,0,0,4,0
DFB-Pokal,1/8 FINALE,03.12.2025,Bochum,Stoccarda,Ospite,Stoccarda,Chabot Jeff,Difensore centrale,Titolare,8.6,0,5,0,0,0,0,0.0,4,0,0,0,0,4,0,0.0,0,0,0.0,0,0,0.8,5,4,0.833,1.0,1,1,6,5,0,0,0.063,0.0,0.0,0.475,0.0,0,27,0,0,0,0,0,0,0.475,0.475,0.0,0,0,0,0,0,0,0,0.0,0,0,0.75,12,16,90,90,0,0,2,0.93,119,0.865,32,37,0.926,113,122,128,0,0,0,0,0,0,0,0,0.0,0,0,0,0,0,0,0,0,0,0,0,0,1.0,1,1,0,0,0,138,0
DFB-Pokal,1/8 FINALE,03.12.2025,Bochum,Stoccarda,Ospite,Stoccarda,Jeltsch Finn,Difensore centrale,Titolare,7.3,0,4,0,0,0,0,0.0,1,0,0,0,1,2,0,0.0,0,1,0.0,1,0,0.714,7,5,0.583,0.4,5,2,12,7,0,1,0.048,0.0,0.0,0.475,0.0,0,12,0,1,0,0,0,0,0.475,0.475,0.0,0,0,0,2,0,0,0,0.0,0,0,0.0,0,0,89,89,0,0,0,0.931,81,0.893,25,28,0.93,80,86,87,0,0,0,0,0,0,0,0,0.0,0,0,0,0,0,0,0,0,0,0,0,0,0.0,1,0,0,0,0,98,1
DFB-Pokal,1/8 FINALE,03.12.2025,Bochum,Stoccarda,Ospite,Stoccarda,Karazor Atakan,Centrocampista,Titolare,7.0,0,5,0,0,0,0,0.0,2,0,0,0,0,3,0,0.0,0,0,0.0,2,0,0.5,6,3,0.429,0.375,8,3,14,6,0,0,0.093,0.0,0.0,0.475,0.0,0,7,2,1,0,0,0,0,0.475,0.475,0.0,0,0,0,0,0,0,1,1.0,4,4,0.0,0,2,90,90,0,1,0,0.869,53,0.773,17,22,0.869,53,61,61,0,0,0,0,0,0,0,0,0.0,0,0,0,0,0,0,0,0,0,0,0,0,0.5,2,1,0,0,1,75,2
DFB-Pokal,1/8 FINALE,03.12.2025,Bochum,Stoccarda,Ospite,Stoccarda,Hendriks Ramon,Difensore centrale,Titolare,6.7,0,3,0,0,0,0,0.0,5,0,0,0,0,3,0,0.0,0,2,0.0,0,0,0.0,3,0,0.4,1.0,2,2,5,2,0,0,0.013,0.0,0.0,0.475,0.0,0,6,0,1,0,0,0,0,0.475,0.475,0.0,0,0,0,0,0,0,0,0.0,0,0,0.0,0,1,61,61,0,0,0,0.863,44,0.667,10,15,0.86,43,50,51,0,0,0,0,0,0,0,0,0.0,0,0,0,0,0,0,0,0,0,0,0,0,1.0,1,1,0,1,1,69,2
DFB-Pokal,1/8 FINALE,03.12.2025,Bochum,Stoccarda,Ospite,Stoccarda,Bouanani Badredine,Attaccante,Subentrato,6.4,0,1,0,0,0,0,0.0,1,0,0,0,0,0,0,0.0,0,1,1.0,2,2,0.0,0,0,1.0,1.0,2,2,2,2,0,0,0.002,0.0,0.0,0.0,0.0,0,0,0,0,0,0,0,0,0.0,0.0,0.0,0,0,0,0,0,0,0,0.0,0,0,0.0,0,0,14,14,0,1,0,0.625,5,0.333,1,3,0.625,5,8,8,0,0,0,0,0,0,0,0,0.0,0,0,0,0,0,0,0,0,0,0,0,0,0.0,0,0,0,0,2,14,0
DFB-Pokal,1/8 FINALE,03.12.2025,Bochum,Stoccarda,Ospite,Stoccarda,Mittelstadt Maximilian,Esterno,Titolare,7.8,0,6,0,0,0,0,0.0,9,0,0,0,2,1,0,0.125,1,8,1.0,1,1,0.667,3,2,0.7,0.714,7,5,10,7,0,0,0.458,0.0,0.0,0.475,0.0,0,7,0,2,0,0,0,0,0.475,0.475,0.0,0,0,0,1,0,0,1,0.0,0,0,0.333,1,3,90,90,0,0,0,0.882,75,0.811,30,37,0.881,74,84,85,0,0,0,0,0,0,0,0,0.0,0,0,0,0,0,0,0,0,0,0,0,0,0.5,2,1,0,0,1,106,0
DFB-Pokal,1/8 FINALE,03.12.2025,Bochum,Stoccarda,Ospite,Stoccarda,Fuhrich Chris,Attaccante,Subentrato,7.0,0,1,0,0,0,0,0.0,2,0,0,0,0,0,0,0.0,0,1,0.0,0,0,0.0,0,0,0.0,0.0,2,0,2,0,0,0,0.045,0.196,0.849,0.0,0.0,0,0,0,0,0,0,0,0,0.0,0.0,0.0,0,0,0,0,0,0,0,0.0,0,0,0.0,0,1,29,29,0,0,0,0.862,25,0.733,11,15,0.862,25,29,29,0,0,0,0,0,0,0,0,0.0,0,0,0,0,1,2,1,0,0,0,2,3,0.0,0,0,0,0,5,39,5
DFB-Pokal,1/8 FINALE,03.12.2025,Bochum,Stoccarda,Ospite,Stoccarda,Andres Chema,Centrocampista,Subentrato,6.5,0,2,0,0,0,0,0.0,1,0,0,0,1,0,0,0.0,0,0,0.0,0,0,0.0,2,0,0.4,0.667,3,2,5,2,0,0,0.052,0.0,0.0,0.0,0.0,0,0,0,1,0,0,0,0,0.0,0.0,0.0,0,0,0,0,0,0,0,0.0,0,0,0.0,0,1,14,14,0,0,0,0.917,11,1.0,1,1,0.909,10,11,12,0,0,0,0,0,0,0,0,0.0,0,0,0,0,0,0,0,0,0,0,0,0,1.0,1,1,0,0,0,17,0
DFB-Pokal,1/8 FINALE,03.12.2025,Bochum,Stoccarda,Ospite,Stoccarda,Bredlow Fabian,Portiere,Titolare,7.4,0,10,0,0,0,0,0.0,0,0,0,0,0,1,0,0.0,0,0,0.0,0,0,0.0,0,0,1.0,1.0,1,1,1,1,0,0,0.0,0.0,0.0,0.475,0.0,0,0,0,1,0,0,0,0,0.475,0.475,0.0,0,0,0,0,1,5,0,0.0,0,0,0.8,4,5,90,90,0,0,0,0.962,25,0.0,0,0,0.955,21,22,26,0,0,0,0,0,0,0,0,0.0,0,0,0,3,0,0,0,3,0,0,0,0,0.0,0,0,0,0,0,36,0
DFB-Pokal,1/8 FINALE,03.12.2025,Bochum,Stoccarda,Ospite,Stoccarda,Undav Deniz,Attaccante,Titolare,7.6,0,2,0,0,0,0,0.0,1,0,0,0,0,0,0,0.0,0,0,0.0,0,0,0.0,1,0,0.667,1.0,2,2,3,2,0,0,0.101,0.539,0.978,0.475,0.0,0,1,0,1,1,0,0,0,0.475,0.475,0.0,0,0,0,1,0,0,0,1.0,2,2,0.0,0,0,90,90,0,3,0,0.846,22,0.625,5,8,0.846,22,26,26,0,0,0,0,0,0,0,0,0.0,0,0,0,0,1,2,1,0,1,1,1,3,1.0,1,1,0,0,3,35,0
DFB-Pokal,1/8 FINALE,03.12.2025,Bochum,Stoccarda,Casa,Bochum,Masovic Erhan,Difensore,Subentrato,6.6,0,2,0,0,0,0,0.0,0,0,0,0,0,2,0,0.0,0,0,0.0,0,0,0.0,1,0,0.5,1.0,1,1,2,1,0,0,0.0,0.0,0.0,1.827,0.0,0,0,0,0,0,1,0,0,0.827,0.827,0.0,0,0,0,1,0,0,0,0.0,0,0,0.25,1,4,45,45,0,0,1,0.733,11,0.0,0,0,0.733,11,15,15,0,0,0,0,0,0,0,0,0.0,0,0,0,0,0,0,0,1,0,0,0,0,1.0,1,1,0,0,0,21,0
DFB-Pokal,1/8 FINALE,03.12.2025,Bochum,Stoccarda,Casa,Bochum,Lenz Cajetan,Centrocampista,Titolare,6.4,0,2,0,0,0,0,0.0,0,0,0,0,0,0,0,0.0,0,0,0.0,0,0,0.0,2,0,0.0,0.0,0,0,2,0,0,0,0.001,0.038,0.0,0.105,0.0,0,1,0,0,0,1,0,0,0.105,0.105,0.0,0,0,0,0,0,0,2,0.0,0,0,0.0,0,0,45,45,0,0,1,0.857,6,1.0,1,1,0.857,6,7,7,0,0,0,0,0,0,0,0,0.0,0,0,0,0,1,0,1,1,0,0,0,1,0.0,0,0,0,0,0,11,2
DFB-Pokal,1/8 FINALE,03.12.2025,Bochum,Stoccarda,Casa,Bochum,Loosli Noah,Difensore centrale,Titolare,6.0,0,1,0,0,0,0,0.0,0,0,0,0,0,9,0,0.0,0,0,0.0,0,0,1.0,2,2,0.667,0.0,1,0,3,2,0,0,0.0,0.144,0.39,1.932,0.0,0,0,1,0,0,2,0,0,0.932,0.932,0.0,0,0,0,2,0,0,0,0.0,0,0,0.0,0,3,90,90,0,0,0,0.857,18,0.0,0,0,0.842,16,19,21,0,0,0,0,0,0,0,0,0.0,0,0,0,0,0,1,0,2,1,0,1,1,0.0,0,0,0,0,1,41,0
DFB-Pokal,1/8 FINALE,03.12.2025,Bochum,Stoccarda,Casa,Bochum,Watjen Kjell,Centrocampista,Titolare,6.1,0,6,0,0,0,0,0.0,1,0,0,0,1,0,0,0.0,0,1,0.5,2,1,0.25,4,1,0.462,0.556,9,5,13,6,0,0,0.017,0.107,0.049,1.418,0.0,0,2,2,1,0,2,0,0,0.418,0.418,0.0,0,0,0,0,0,0,0,0.0,0,1,0.0,0,0,76,76,0,0,0,0.765,13,0.833,5,6,0.75,12,16,17,0,0,0,0,0,0,0,0,0.0,0,0,0,0,1,2,1,2,0,1,1,3,0.667,3,2,0,0,2,31,3
DFB-Pokal,1/8 FINALE,03.12.2025,Bochum,Stoccarda,Casa,Bochum,Passlack Felix,Difensore,Subentrato,6.2,0,2,0,0,0,0,0.0,0,0,0,0,0,2,0,0.0,0,0,0.0,1,0,0.0,0,0,0.0,0.0,1,0,1,0,0,0,0.01,0.0,0.0,0.849,0.0,0,0,0,0,0,0,0,0,0.849,0.849,0.0,0,0,0,0,0,0,1,0.0,0,0,0.0,0,1,30,30,0,0,0,0.625,5,1.0,2,2,0.625,5,8,8,0,0,0,0,0,0,0,0,0.0,0,0,0,0,0,0,0,0,0,0,0,0,0.0,0,0,0,0,0,14,0
DFB-Pokal,1/8 FINALE,03.12.2025,Bochum,Stoccarda,Casa,Bochum,Morgalla Leandro,Esterno,Titolare,5.7,0,1,0,0,0,0,0.0,0,0,0,0,1,2,0,0.0,0,0,0.0,1,0,0.0,1,0,0.0,0.0,4,0,5,0,0,0,0.003,0.0,0.0,1.083,0.0,0,4,2,0,0,2,0,0,0.083,0.083,0.0,0,0,0,0,0,0,0,0.0,0,0,0.167,1,6,60,60,0,0,0,0.455,5,0.5,2,4,0.455,5,11,11,0,0,0,0,0,0,0,0,0.0,0,0,0,0,0,0,0,2,0,0,0,0,0.0,0,0,0,0,0,21,0
DFB-Pokal,1/8 FINALE,03.12.2025,Bochum,Stoccarda,Casa,Bochum,Sissoko Ibrahima,Difensore centrale,Titolare,5.6,0,7,0,0,0,0,0.0,1,0,0,0,0,5,0,0.0,0,0,0.5,4,2,1.0,1,1,0.636,0.6,10,6,11,7,0,0,0.012,0.0,0.0,1.932,0.0,0,2,2,2,0,2,0,0,0.932,0.932,0.0,0,0,0,0,0,0,0,0.0,0,0,0.0,0,4,90,90,0,0,0,0.63,17,0.5,2,4,0.615,16,26,27,0,0,0,0,0,0,0,0,0.0,0,0,0,0,0,0,0,2,0,0,0,0,0.0,2,0,0,0,0,44,1
DFB-Pokal,1/8 FINALE,03.12.2025,Bochum,Stoccarda,Casa,Bochum,Koscierski Kacper,Difensore,Subentrato,6.1,0,2,0,0,0,0,0.0,1,0,0,0,0,0,0,0.0,0,1,0.0,1,0,0.0,1,0,0.0,0.0,3,0,4,0,0,0,0.0,0.018,0.0,0.849,0.0,0,1,1,0,0,0,0,0,0.849,0.849,0.0,0,0,0,0,0,0,0,0.0,0,0,0.0,0,0,30,30,0,1,0,0.4,2,1.0,1,1,0.4,2,5,5,0,0,0,0,0,0,0,0,0.0,0,0,0,0,1,1,0,0,0,0,0,1,0.0,0,0,0,0,3,13,3
DFB-Pokal,1/8 FINALE,03.12.2025,Bochum,Stoccarda,Casa,Bochum,Hofmann Philipp,Attaccante,Subentrato,6.4,0,0,0,0,0,0,0.0,0,0,0,0,0,0,0,0.0,0,0,0.0,0,0,1.0,3,3,0.75,0.0,1,0,4,3,0,0,0.0,0.0,0.0,0.515,0.0,0,1,0,0,0,0,0,0,0.515,0.515,0.0,0,0,0,0,0,0,0,1.0,1,1,0.0,0,0,14,14,0,0,0,0.75,3,0.0,0,1,0.75,3,4,4,0,0,0,0,0,0,0,0,0.0,0,0,0,0,0,0,0,0,0,0,0,0,0.0,0,0,0,0,0,5,1
DFB-Pokal,1/8 FINALE,03.12.2025,Bochum,Stoccarda,Casa,Bochum,Kwarteng Moritz-Broni,Centrocampista,Subentrato,6.6,0,3,0,0,0,0,0.0,1,0,0,0,0,0,0,0.0,0,0,1.0,1,1,0.0,1,0,0.333,0.5,2,1,3,1,0,0,0.021,0.0,0.0,1.827,0.0,0,1,0,0,0,1,0,0,0.827,0.827,0.0,0,0,0,1,0,0,1,1.0,1,1,0.0,0,0,45,45,0,1,0,0.7,7,0.5,2,4,0.7,7,10,10,0,0,0,0,0,0,0,0,0.0,0,0,0,0,0,0,0,1,0,0,0,0,0.0,0,0,0,0,0,18,1
DFB-Pokal,1/8 FINALE,03.12.2025,Bochum,Stoccarda,Casa,Bochum,Strompf Philipp,Difensore centrale,Titolare,4.5,0,2,0,0,0,0,0.0,0,1,0,0,0,3,0,0.0,0,0,0.0,0,0,0.667,3,2,0.5,0.0,1,0,4,2,0,0,0.0,0.014,0.036,0.105,0.0,0,0,1,0,0,1,1,0,0.105,0.105,0.0,0,0,0,1,0,0,1,0.0,0,0,0.5,1,2,45,45,0,0,0,0.9,9,0.0,0,0,0.889,8,9,10,0,0,0,0,0,0,0,0,0.0,0,0,0,0,0,1,0,1,1,0,1,1,0.0,0,0,0,0,1,18,1
DFB-Pokal,1/8 FINALE,03.12.2025,Bochum,Stoccarda,Casa,Bochum,Wittek Maximilian,Esterno,Titolare,6.2,0,2,0,0,0,0,0.0,8,0,0,0,3,2,0,0.143,1,7,0.0,0,0,0.0,0,0,0.625,0.625,8,5,8,5,0,0,0.115,0.014,0.0,1.932,0.0,0,5,0,1,0,2,0,0,0.932,0.932,0.0,0,0,0,2,0,0,1,0.0,0,0,0.0,0,4,90,90,0,0,0,0.684,13,0.4,2,5,0.722,13,18,19,0,0,0,0,0,0,0,0,0.0,0,0,0,0,0,0,1,2,0,1,0,1,0.5,4,2,0,0,0,46,0
DFB-Pokal,1/8 FINALE,03.12.2025,Bochum,Stoccarda,Casa,Bochum,Pannewig Mats,Centrocampista,Titolare,6.8,0,4,1,0,0,0,0.0,1,0,0,0,0,5,0,0.0,0,1,0.0,1,0,0.375,8,3,0.462,0.6,5,3,13,6,0,0,0.015,0.029,0.0,1.932,0.0,0,4,0,1,0,2,0,0,0.932,0.932,0.0,0,0,0,0,0,0,2,1.0,2,2,0.5,1,2,90,90,0,0,0,0.65,13,0.75,6,8,0.65,13,20,20,0,0,0,0,0,0,0,0,0.0,0,0,0,0,0,1,0,2,1,1,0,1,1.0,2,2,0,0,1,38,2
DFB-Pokal,1/8 FINALE,03.12.2025,Bochum,Stoccarda,Casa,Bochum,Horn Timo,Portiere,Titolare,7.0,0,10,0,0,0,0,0.0,0,0,0,0,0,3,0,0.0,0,0,0.0,0,0,1.0,1,1,1.0,0.0,0,0,1,1,0,0,0.003,0.0,0.0,1.932,0.0,0,7,0,0,0,2,0,0,0.932,0.932,1.0,1,1,0,0,1,3,0,0.0,0,0,0.286,8,28,90,90,0,0,0,0.364,12,0.286,2,7,0.5,6,12,33,0,0,0,0,0,0,0,0,0.0,0,0,1,3,0,0,0,5,0,0,0,0,0.0,0,0,0,0,0,44,1
DFB-Pokal,1/8 FINALE,03.12.2025,Bochum,Stoccarda,Casa,Bochum,Alfa-Ruprecht Farid,Centrocampista,Titolare,5.7,0,3,0,1,0,0,0.0,0,0,0,0,1,0,0,0.0,0,2,0.0,0,0,1.0,3,3,0.6,0.0,2,0,5,3,0,0,0.002,0.127,0.0,1.083,0.0,0,0,1,0,0,2,0,0,0.083,0.083,0.0,0,0,0,0,0,0,0,0.0,0,0,0.0,0,0,60,60,0,0,0,0.5,5,0.5,1,2,0.5,5,10,10,0,0,0,0,0,0,0,0,0.0,0,0,0,0,0,0,1,2,0,1,0,1,0.0,0,0,0,0,2,18,4
DFB-Pokal,1/8 FINALE,03.12.2025,Bochum,Stoccarda,Casa,Bochum,Onyeka Francis,Attaccante,Titolare,5.9,0,2,0,1,0,0,0.0,0,0,0,0,0,0,0,0.0,0,0,0.0,0,0,0.0,2,0,0.2,0.333,3,1,5,1,0,0,0.004,0.43,0.0,0.105,0.0,0,1,1,0,0,1,0,0,0.105,0.105,0.0,0,0,0,1,0,0,1,1.0,1,1,1.0,1,1,45,45,0,0,0,1.0,7,1.0,3,3,1.0,5,5,7,0,0,0,0,0,0,0,0,0.0,0,0,0,0,1,2,1,1,0,2,0,3,1.0,1,1,0,0,2,18,2
DFB-Pokal,1/8 FINALE,03.12.2025,Friburgo,Darmstadt,Casa,Friburgo,Beste Jan-Niklas,Ala,Titolare,6.7,0,3,0,0,0,0,0.0,4,0,0,0,1,1,0,0.0,0,4,0.0,3,0,1.0,1,1,0.4,0.333,9,3,10,4,0,0,0.019,0.025,0.0,0.756,0.0,0,0,0,0,0,0,0,0,0.756,0.756,0.0,0,0,0,1,0,0,0,0.0,0,0,1.0,1,1,64,64,0,0,0,0.8,16,0.667,4,6,0.8,16,20,20,0,0,0,0,0,0,0,0,0.0,0,0,0,0,0,0,1,0,0,1,0,1,0.667,3,2,0,0,3,40,3
DFB-Pokal,1/8 FINALE,03.12.2025,Friburgo,Darmstadt,Casa,Friburgo,Matanovic Igor,Attaccante,Subentrato,,0,0,0,0,0,0,0.0,0,0,0,0,0,0,0,0.0,0,0,0.0,0,0,1.0,1,1,1.0,0.0,0,0,1,1,0,0,0.001,0.0,0.0,0.0,0.0,0,0,0,0,0,0,0,0,0.0,0.0,0.0,0,0,0,0,0,0,0,0.0,0,0,0.0,0,0,1,1,0,0,0,0.5,1,0.0,0,1,0.5,1,2,2,0,0,0,0,0,0,0,0,0.0,0,0,0,0,0,0,0,0,0,0,0,0,0.0,0,0,0,0,1,2,0
DFB-Pokal,1/8 FINALE,03.12.2025,Friburgo,Darmstadt,Casa,Friburgo,Kubler Lukas,Terzino,Titolare,7.1,0,1,0,0,0,0,0.0,2,0,0,0,1,3,0,0.0,0,1,0.0,0,0,0.333,3,1,0.556,0.667,6,4,9,5,0,0,0.015,0.0,0.0,1.285,0.0,0,3,1,0,0,0,0,0,1.285,1.285,0.0,0,0,0,2,0,0,0,0.0,0,0,0.667,2,3,90,90,0,0,0,0.844,27,0.714,5,7,0.839,26,31,32,0,0,0,0,0,0,0,0,0.0,0,0,0,0,0,0,0,0,0,0,0,0,0.75,4,3,0,0,0,50,0
DFB-Pokal,1/8 FINALE,03.12.2025,Friburgo,Darmstadt,Casa,Friburgo,Grifo Vincenzo,Ala,Titolare,7.9,1,3,1,1,0,0,0.0,5,0,0,0,0,2,0,0.5,2,4,0.0,0,0,0.0,0,0,0.5,0.5,2,1,2,1,0,0,0.512,1.743,1.488,1.285,0.0,0,6,1,0,1,0,0,1,1.285,1.285,0.0,0,0,0,0,0,0,1,1.0,1,1,0.2,1,5,89,89,0,0,0,0.913,42,0.778,14,18,0.911,41,45,46,0,1,0,0,0,0,0,0,0.0,0,0,0,0,1,4,1,0,0,2,2,5,1.0,1,1,0,1,5,61,1
DFB-Pokal,1/8 FINALE,03.12.2025,Friburgo,Darmstadt,Casa,Friburgo,Suzuki Yuito,Centrocampista offensivo,Titolare,6.9,0,3,0,0,0,0,0.0,1,0,0,0,0,0,0,0.0,0,1,0.0,0,0,1.0,1,1,0.5,0.333,3,1,4,2,0,0,0.091,0.034,0.0,0.756,0.0,0,4,0,1,0,0,0,0,0.756,0.756,0.0,0,0,0,0,0,0,3,0.0,0,0,0.0,0,0,64,64,0,0,0,0.813,26,0.833,15,18,0.813,26,32,32,0,0,0,0,0,0,0,0,0.0,0,0,0,0,0,0,1,0,0,1,0,1,0.0,0,0,0,0,1,39,3
DFB-Pokal,1/8 FINALE,03.12.2025,Friburgo,Darmstadt,Casa,Friburgo,Manzambi Johan,Centrocampista,Titolare,7.2,0,2,0,1,0,0,0.0,1,0,0,0,1,0,0,0.0,0,0,0.333,3,1,0.5,2,1,0.7,0.75,8,6,10,7,0,0,0.03,0.557,0.743,1.285,0.0,0,4,2,2,0,0,0,0,1.285,1.285,0.0,0,0,0,0,0,0,0,1.0,1,1,1.0,2,2,85,85,0,0,0,0.894,42,0.938,15,16,0.894,42,47,47,0,0,0,1,0,0,0,0,0.0,0,0,0,0,1,1,1,0,0,0,1,2,0.667,3,2,0,0,4,64,3
DFB-Pokal,1/8 FINALE,03.12.2025,Friburgo,Darmstadt,Casa,Friburgo,Muller Florian,Portiere,Titolare,8.5,0,13,0,0,0,0,0.0,0,0,0,0,0,1,0,0.0,0,0,0.0,0,0,0.0,0,0,0.0,0.0,0,0,0,0,0,0,0.005,0.0,0.0,1.285,0.0,0,4,0,0,0,0,0,0,1.285,1.285,0.0,0,0,0,0,2,7,0,0.0,0,0,0.364,4,11,90,90,0,0,0,0.731,19,0.5,2,4,0.85,17,20,26,0,0,0,0,0,0,0,0,0.0,0,0,1,6,0,0,0,6,0,0,0,0,0.0,0,0,0,0,0,41,0
DFB-Pokal,1/8 FINALE,03.12.2025,Friburgo,Darmstadt,Casa,Friburgo,Osterhage Patrick,Centrocampista,Subentrato,6.5,0,2,0,0,0,0,0.0,0,0,0,0,1,1,0,0.0,0,0,0.0,0,0,1.0,2,2,0.75,0.5,2,1,4,3,0,0,0.0,0.0,0.0,0.53,0.0,0,0,0,0,0,0,0,0,0.53,0.53,0.0,0,0,0,1,0,0,0,0.0,0,0,0.0,0,0,26,26,0,0,0,1.0,5,0.0,0,0,1.0,5,5,5,0,0,0,0,0,0,0,0,0.0,0,0,0,0,0,0,0,0,0,0,0,0,0.0,1,0,0,0,0,8,0
DFB-Pokal,1/8 FINALE,03.12.2025,Friburgo,Darmstadt,Casa,Friburgo,Holer Lucas,Attaccante,Titolare,7.3,0,3,0,0,0,0,0.0,1,0,0,0,0,2,0,0.0,0,0,0.0,0,0,0.5,4,2,0.5,0.5,4,2,8,4,0,0,0.055,0.62,0.355,1.285,0.0,0,0,2,1,1,0,0,0,1.285,1.285,0.0,0,0,0,0,0,0,0,1.0,1,1,0.0,0,1,89,89,0,1,0,0.714,10,0.5,3,6,0.714,10,14,14,0,0,0,0,0,0,0,0,0.0,0,0,0,0,0,1,0,0,0,0,1,1,1.0,1,1,0,0,5,26,3
DFB-Pokal,1/8 FINALE,03.12.2025,Friburgo,Darmstadt,Casa,Friburgo,Ginter Matthias,Difensore centrale,Titolare,7.1,0,1,0,0,0,0,0.0,4,0,0,0,0,3,0,0.0,0,1,0.0,0,0,0.375,8,3,0.545,1.0,3,3,11,6,0,0,0.014,0.0,0.0,1.285,0.0,0,9,0,1,0,0,0,0,1.285,1.285,0.0,0,0,0,2,0,0,0,1.0,1,1,0.4,2,5,90,90,0,0,0,0.878,65,0.4,4,10,0.887,63,71,74,0,0,0,0,0,0,0,0,0.0,0,0,0,0,0,0,0,0,0,0,0,0,0.5,2,1,0,0,1,88,0
DFB-Pokal,1/8 FINALE,03.12.2025,Friburgo,Darmstadt,Casa,Friburgo,Gunter Christian,Terzino,Titolare,6.8,0,2,0,0,0,0,0.0,6,0,0,0,0,1,0,0.0,0,7,0.0,0,0,0.0,1,0,0.5,1.0,1,1,2,1,0,0,0.01,0.0,0.0,1.285,0.0,0,2,0,0,0,0,0,0,1.285,1.285,0.0,0,0,0,0,0,0,0,0.0,0,0,0.333,1,3,90,90,0,0,0,0.9,27,0.875,7,8,0.9,27,30,30,0,0,0,0,0,0,0,0,0.0,0,0,0,0,0,0,0,0,0,0,0,0,0.0,1,0,0,0,1,47,1
DFB-Pokal,1/8 FINALE,03.12.2025,Friburgo,Darmstadt,Casa,Friburgo,Adamu Junior,Attaccante,Subentrato,,0,1,0,0,0,0,0.0,0,0,0,0,1,0,0,0.0,0,0,0.0,0,0,0.0,1,0,0.0,0.0,1,0,2,0,0,0,0.002,0.0,0.0,0.0,0.0,0,0,0,0,0,0,0,0,0.0,0.0,0.0,0,0,0,0,0,0,0,0.0,0,0,0.0,0,0,5,5,0,1,0,1.0,2,1.0,1,1,1.0,2,2,2,0,0,0,0,0,0,0,0,0.0,0,0,0,0,0,0,0,0,0,0,0,0,0.0,0,0,0,0,0,3,1
DFB-Pokal,1/8 FINALE,03.12.2025,Friburgo,Darmstadt,Casa,Friburgo,Scherhant Derry,Attaccante,Subentrato,,0,0,0,0,0,0,0.0,0,0,0,0,0,0,0,0.0,0,0,0.0,0,0,0.0,0,0,0.0,0.0,0,0,0,0,0,0,0.0,0.0,0.0,0.0,0.0,0,0,0,0,0,0,0,0,0.0,0.0,0.0,0,0,0,0,0,0,0,0.0,0,0,0.0,0,0,1,1,0,0,0,0.0,0,0.0,0,0,0.0,0,0,0,0,0,0,0,0,0,0,0,0.0,0,0,0,0,0,0,0,0,0,0,0,0,0.0,0,0,0,0,0,1,1
DFB-Pokal,1/8 FINALE,03.12.2025,Friburgo,Darmstadt,Casa,Friburgo,Rosenfelder Max,Difensore centrale,Titolare,7.5,0,2,0,0,0,0,0.0,0,0,0,0,0,5,0,0.0,0,0,1.0,1,1,0.429,7,3,0.667,1.0,5,5,12,8,0,0,0.018,0.025,0.0,1.285,0.0,0,5,0,1,0,0,0,0,1.285,1.285,0.0,0,0,0,1,0,0,0,0.0,0,0,0.333,1,3,90,90,0,0,0,0.912,52,0.857,6,7,0.911,51,56,57,0,0,0,0,0,0,0,0,0.0,0,0,0,0,0,0,1,0,0,1,0,1,1.0,3,3,0,0,1,72,0
DFB-Pokal,1/8 FINALE,03.12.2025,Friburgo,Darmstadt,Casa,Friburgo,Eggestein Maximilian,Centrocampista,Titolare,7.6,0,6,0,0,0,0,0.0,2,0,0,0,0,2,0,0.0,0,0,0.0,1,0,1.0,1,1,0.667,0.5,2,1,3,2,0,0,0.204,0.0,0.0,1.285,0.0,0,13,0,0,0,0,0,0,1.285,1.285,0.0,0,0,0,0,0,0,2,0.0,0,0,0.5,1,2,90,90,0,0,0,0.885,54,0.792,19,24,0.885,54,61,61,0,0,0,0,0,0,0,0,0.0,0,0,0,0,0,0,0,0,0,0,0,0,1.0,1,1,0,0,0,69,0
DFB-Pokal,1/8 FINALE,03.12.2025,Friburgo,Darmstadt,Casa,Friburgo,Treu Philipp,Difensore,Subentrato,6.9,0,0,0,0,0,0,0.0,1,0,0,0,0,1,0,1.0,1,1,0.0,0,0,0.0,0,0,1.0,1.0,1,1,1,1,0,0,0.026,0.0,0.0,0.53,0.0,0,0,0,1,0,0,0,0,0.53,0.53,0.0,0,0,0,0,0,0,1,0.0,0,0,0.0,0,1,26,26,0,0,1,0.667,4,0.0,0,1,0.667,4,6,6,0,0,0,1,0,0,0,0,0.0,0,0,0,0,0,0,0,0,0,0,0,0,0.0,0,0,0,0,1,12,0
DFB-Pokal,1/8 FINALE,03.12.2025,Friburgo,Darmstadt,Ospite,Darmstadt,Lakenmacher Fynn,Attaccante,Subentrato,,0,0,0,0,0,0,0.0,0,0,0,0,0,0,0,0.0,0,0,0.0,0,0,0.5,2,1,0.333,0.0,1,0,3,1,0,0,0.0,0.0,0.0,0.0,0.0,0,0,0,0,0,0,0,0,0.0,0.0,0.0,0,0,0,0,0,0,0,0.0,0,0,0.0,0,0,1,1,0,0,0,0.0,0,0.0,0,0,0.0,0,0,0,0,0,0,0,0,0,0,0,0.0,0,0,0,0,0,0,0,0,0,0,0,0,0.0,0,0,0,0,1,2,2
DFB-Pokal,1/8 FINALE,03.12.2025,Friburgo,Darmstadt,Ospite,Darmstadt,Pfeiffer Patric,Difensore centrale,Titolare,6.0,0,6,0,0,0,0,0.0,2,0,0,0,0,10,0,0.0,0,1,0.0,0,0,0.0,1,0,0.0,0.0,1,0,2,0,0,0,0.01,0.025,0.0,2.586,0.0,0,7,1,0,0,2,0,0,0.586,0.595,0.0,0,0,0,1,0,0,1,0.0,0,0,0.538,7,13,90,90,0,0,1,0.881,59,0.75,6,8,0.881,59,67,67,1,0,0,0,0,0,0,0,0.0,0,0,0,0,0,1,0,2,0,1,0,1,0.0,0,0,0,0,1,82,0
DFB-Pokal,1/8 FINALE,03.12.2025,Friburgo,Darmstadt,Ospite,Darmstadt,Maglica Matej,Difensore centrale,Titolare,5.8,0,4,0,0,0,0,0.0,0,1,0,1,0,9,0,0.0,0,0,0.0,0,0,0.75,8,6,0.727,0.667,3,2,11,8,0,1,0.003,0.208,0.53,2.586,0.0,0,8,1,0,0,2,0,0,0.586,0.595,0.0,0,0,0,2,0,0,0,0.0,0,0,0.455,5,11,88,88,0,0,0,0.792,42,0.375,3,8,0.778,35,45,53,0,0,0,0,0,0,0,0,0.0,0,0,0,0,0,2,1,2,2,0,3,3,0.5,2,1,0,0,2,73,1
DFB-Pokal,1/8 FINALE,03.12.2025,Friburgo,Darmstadt,Ospite,Darmstadt,Schuhen Marcel,Portiere,Titolare,6.9,0,2,0,0,1,0,0.0,0,0,0,0,0,0,0,0.0,0,0,0.0,0,0,0.0,0,0,0.0,0.0,0,0,0,0,0,0,0.0,0.0,0.0,2.586,0.0,0,3,0,0,0,2,0,0,0.586,0.595,1.0,1,1,0,0,0,2,0,0.0,0,0,0.286,4,14,90,90,0,0,0,0.762,32,0.0,0,3,0.816,31,38,42,0,0,0,0,0,0,0,0,0.0,0,0,0,2,0,0,0,4,0,0,0,0,0.0,0,0,0,0,0,47,0
DFB-Pokal,1/8 FINALE,03.12.2025,Friburgo,Darmstadt,Ospite,Darmstadt,Will Paul,Centrocampista,Subentrato,,0,1,0,0,0,0,0.0,0,0,0,0,0,0,0,1.0,1,1,0.0,0,0,0.0,0,0,0.0,0.0,0,0,0,0,0,0,0.005,0.0,0.0,0.0,0.0,0,0,0,0,0,0,0,0,0.0,0.0,0.0,0,0,0,0,0,0,0,0.0,0,0,0.0,0,0,1,1,0,0,0,1.0,2,0.0,0,0,1.0,2,2,2,0,0,0,0,0,0,0,0,0.0,0,0,0,0,0,0,0,0,0,0,0,0,0.0,0,0,0,0,0,5,0
DFB-Pokal,1/8 FINALE,03.12.2025,Friburgo,Darmstadt,Ospite,Darmstadt,Akiyama Hiroki,Centrocampista,Titolare,6.1,0,1,0,0,0,0,0.0,1,0,0,0,0,1,0,0.0,0,0,0.0,0,0,0.5,2,1,0.5,0.5,2,1,4,2,0,0,0.019,0.0,0.0,2.586,0.0,0,3,0,0,0,2,0,0,0.586,0.595,0.0,0,0,0,1,0,0,1,1.0,4,4,0.667,2,3,89,89,0,0,0,0.946,35,0.8,4,5,0.946,35,37,37,0,0,0,0,0,0,0,0,0.0,0,0,0,0,0,0,0,2,0,0,0,0,1.0,1,1,0,0,0,42,2
DFB-Pokal,1/8 FINALE,03.12.2025,Friburgo,Darmstadt,Ospite,Darmstadt,Lidberg Isac,Attaccante,Titolare,6.2,0,2,0,0,0,0,0.0,1,0,0,0,0,1,0,0.0,0,0,0.5,2,1,0.444,9,4,0.4,0.333,6,2,15,6,0,0,0.012,0.038,0.485,2.586,0.0,0,1,1,0,0,2,0,0,0.586,0.595,0.0,0,0,0,0,0,0,1,1.0,2,2,1.0,1,1,90,90,0,1,0,0.762,16,1.0,4,4,0.722,13,18,21,0,0,0,0,0,0,0,0,0.0,0,0,0,0,0,1,1,2,0,0,2,2,0.0,1,0,0,0,2,38,5
DFB-Pokal,1/8 FINALE,03.12.2025,Friburgo,Darmstadt,Ospite,Darmstadt,Bialek Bartosz,Attaccante,Subentrato,,0,0,0,0,0,0,0.0,1,0,0,0,0,0,0,0.0,0,0,0.0,0,0,0.0,0,0,0.0,0.0,0,0,0,0,0,0,0.017,0.033,0.0,0.0,0.0,0,1,0,0,0,0,0,0,0.0,0.0,0.0,0,0,0,0,0,0,0,0.0,0,0,1.0,1,1,6,6,0,0,0,1.0,2,1.0,2,2,1.0,2,2,2,0,0,0,0,0,0,0,0,0.0,0,0,0,0,1,1,0,0,1,0,0,1,0.0,0,0,0,0,1,4,1
DFB-Pokal,1/8 FINALE,03.12.2025,Friburgo,Darmstadt,Ospite,Darmstadt,Papela Merveille,Centrocampista,Titolare,5.9,0,2,0,0,0,0,0.0,1,0,0,0,2,0,0,0.0,0,0,1.0,2,2,0.333,3,1,0.364,0.375,8,3,11,4,0,0,0.007,0.0,0.0,2.586,0.0,0,5,1,1,0,2,0,0,0.586,0.595,0.0,0,0,0,1,0,0,0,1.0,3,3,0.0,0,0,89,89,0,0,0,0.828,24,0.625,5,8,0.828,24,29,29,0,0,0,0,0,0,0,0,0.0,0,0,0,0,0,0,0,2,0,0,0,0,0.0,0,0,0,0,0,39,3
DFB-Pokal,1/8 FINALE,03.12.2025,Friburgo,Darmstadt,Ospite,Darmstadt,Marseiler Luca,Esterno,Titolare,6.9,0,6,0,0,0,0,0.0,9,0,0,0,0,4,0,0.333,3,9,0.0,0,0,0.0,0,0,0.375,0.375,8,3,8,3,0,0,0.282,0.019,0.0,2.586,0.0,0,4,1,1,0,2,0,0,0.586,0.595,0.0,0,0,0,1,0,0,5,0.0,0,0,0.5,2,4,84,84,0,0,0,0.833,20,0.909,10,11,0.818,18,22,24,0,0,0,0,0,0,0,0,0.0,0,0,0,0,0,0,1,2,0,1,0,1,0.5,2,1,0,0,2,57,4
DFB-Pokal,1/8 FINALE,03.12.2025,Friburgo,Darmstadt,Ospite,Darmstadt,Lopez Sergio,Difensore,Subentrato,5.7,0,1,0,0,0,0,0.0,4,0,0,0,0,0,0,0.333,1,3,0.0,0,0,0.0,0,0,0.0,0.0,1,0,1,0,0,0,0.03,0.0,0.0,0.355,0.0,0,2,1,0,0,1,0,0,-0.645,-0.645,0.0,0,0,0,0,0,0,1,0.0,0,0,0.0,0,2,22,22,0,0,0,0.917,22,0.333,1,3,0.917,22,24,24,1,0,0,0,0,0,0,0,0.0,0,0,0,0,0,0,0,1,0,0,0,0,0.0,0,0,0,0,0,30,0
DFB-Pokal,1/8 FINALE,03.12.2025,Friburgo,Darmstadt,Ospite,Darmstadt,Corredor Killian,Centrocampista,Titolare,5.2,0,2,0,0,0,0,0.0,3,0,0,0,0,0,0,0.0,0,2,0.0,1,0,0.333,3,1,0.25,0.2,5,1,8,2,0,0,0.016,0.0,0.0,2.586,0.0,0,1,0,1,0,2,0,0,0.586,0.595,0.0,0,0,0,1,0,0,0,1.0,1,1,0.0,0,1,90,90,0,0,0,0.882,15,0.714,5,7,0.882,15,17,17,0,0,0,0,0,0,0,0,0.0,0,0,0,0,0,0,0,2,0,0,0,0,0.0,0,0,0,1,0,31,5
DFB-Pokal,1/8 FINALE,03.12.2025,Friburgo,Darmstadt,Ospite,Darmstadt,Bader Matthias,Esterno,Titolare,6.4,0,3,0,0,0,0,0.0,1,0,0,0,0,1,0,0.0,0,0,0.0,0,0,1.0,1,1,0.6,0.5,4,2,5,3,0,0,0.021,0.065,0.27,2.231,0.0,0,1,0,0,0,1,0,0,1.231,1.24,0.0,0,0,0,1,0,0,1,0.0,0,0,0.667,2,3,68,68,0,0,0,0.895,17,0.833,5,6,0.895,17,19,19,0,0,0,0,0,0,0,0,0.0,0,0,0,0,0,1,0,1,0,0,1,1,1.0,2,2,0,0,2,36,3
DFB-Pokal,1/8 FINALE,03.12.2025,Friburgo,Darmstadt,Ospite,Darmstadt,Klefisch Kai,Difensore centrale,Titolare,6.3,0,2,0,0,0,0,0.0,1,0,0,0,0,4,0,0.0,0,0,0.0,0,0,0.5,2,1,0.25,0.0,2,0,4,1,0,0,0.015,0.02,0.0,2.586,0.0,0,4,1,0,0,2,0,0,0.586,0.595,0.0,0,0,0,0,0,0,0,1.0,1,1,0.75,3,4,90,90,0,0,0,0.962,51,0.75,6,8,0.96,48,50,53,0,0,0,0,0,0,0,0,0.0,0,0,0,0,0,0,1,2,0,1,0,1,0.0,0,0,0,0,0,60,1
DFB-Pokal,1/8 FINALE,03.12.2025,Friburgo,Darmstadt,Ospite,Darmstadt,Richter Marco,Centrocampista,Titolare,5.7,0,5,0,0,0,0,0.0,2,0,0,0,0,0,0,0.0,0,1,0.5,2,1,0.0,1,0,0.5,0.6,5,3,6,3,0,1,0.004,0.071,0.0,2.231,0.0,0,1,0,1,0,1,0,0,1.231,1.24,0.0,0,0,0,0,0,0,1,0.0,0,0,0.25,1,4,68,68,0,0,0,0.778,14,0.75,3,4,0.778,14,18,18,0,0,0,0,0,0,0,0,0.0,0,0,0,0,0,1,0,1,0,1,0,1,0.0,1,0,0,0,2,29,3
DFB-Pokal,1/8 FINALE,03.12.2025,Friburgo,Darmstadt,Ospite,Darmstadt,Holland Fabian,Difensore,Subentrato,6.4,0,2,0,0,0,0,0.0,1,0,0,0,0,0,0,1.0,1,1,1.0,1,1,0.0,0,0,1.0,1.0,1,1,1,1,0,0,0.022,0.0,0.0,0.355,0.0,0,6,0,0,0,1,0,0,-0.645,-0.645,0.0,0,0,0,1,0,0,0,0.0,0,0,0.333,1,3,22,22,0,0,0,0.8,12,0.667,6,9,0.8,12,15,15,0,0,0,0,0,0,0,0,0.0,0,0,0,0,0,0,0,1,0,0,0,0,0.0,0,0,0,0,0,20,0
DFB-Pokal,1/8 FINALE,02.12.2025,Dortmund,Leverkusen,Ospite,Leverkusen,Tella Nathan,Centrocampista,Subentrato,,0,1,0,0,0,0,0.0,0,0,0,0,1,0,0,0.0,0,0,0.0,2,0,0.0,1,0,0.333,0.4,5,2,6,2,0,0,0.001,0.0,0.0,0.469,0.0,0,0,0,2,0,0,0,0,0.469,0.469,0.0,0,0,0,0,0,0,0,0.0,0,0,0.0,0,0,7,7,0,0,0,0.5,1,0.5,1,2,0.5,1,2,2,0,0,0,0,0,0,0,0,0.0,0,0,0,0,0,0,0,0,0,0,0,0,0.0,0,0,0,0,0,7,1
DFB-Pokal,1/8 FINALE,02.12.2025,Dortmund,Leverkusen,Ospite,Leverkusen,Flekken Mark,Portiere,Titolare,8.0,0,10,0,0,1,0,0.0,1,0,0,0,0,2,0,0.0,0,0,0.0,0,0,0.0,0,0,0.0,0.0,0,0,0,0,0,0,0.0,0.0,0.0,0.702,0.0,0,8,0,0,0,0,0,0,0.702,0.702,1.0,1,1,0,0,1,2,0,0.0,0,0,0.105,2,19,90,90,0,0,0,0.614,27,0.0,0,8,0.759,22,29,44,0,0,0,0,0,0,0,0,0.0,0,0,0,4,0,0,0,4,0,0,0,0,0.0,0,0,0,0,0,53,0
DFB-Pokal,1/8 FINALE,02.12.2025,Dortmund,Leverkusen,Ospite,Leverkusen,Quansah Jarell,Difensore centrale,Titolare,6.4,0,4,0,0,0,0,0.0,0,0,0,0,0,6,0,0.0,0,0,0.0,0,0,0.75,4,3,0.8,1.0,1,1,5,4,0,1,0.003,0.0,0.0,0.702,0.0,0,2,0,0,0,0,0,0,0.702,0.702,0.0,0,0,0,0,0,0,0,0.0,0,0,0.5,2,4,90,90,0,0,0,0.851,40,0.5,1,2,0.851,40,47,47,0,0,0,0,0,0,0,0,0.0,0,0,0,0,0,0,0,0,0,0,0,0,1.0,1,1,0,0,0,57,3
DFB-Pokal,1/8 FINALE,02.12.2025,Dortmund,Leverkusen,Ospite,Leverkusen,Maza Ibrahim,Centrocampista,Titolare,7.4,0,6,0,0,0,0,0.0,1,0,0,0,5,6,0,0.0,0,0,0.333,3,1,0.2,5,1,0.35,0.4,15,6,20,7,0,0,0.019,0.127,0.461,0.702,0.0,0,2,2,0,1,0,0,0,0.702,0.702,0.0,0,0,0,0,0,0,1,1.0,3,3,0.5,2,4,90,90,0,1,0,0.8,24,0.5,3,6,0.793,23,29,30,0,0,0,0,0,0,0,0,0.0,0,0,0,0,0,2,0,0,0,1,1,2,0.6,5,3,0,0,3,52,1
DFB-Pokal,1/8 FINALE,02.12.2025,Dortmund,Leverkusen,Ospite,Leverkusen,Grimaldo Alejandro,Esterno,Titolare,6.5,0,3,0,0,0,0,0.0,0,0,0,0,1,4,0,0.0,0,0,0.333,3,1,0.0,0,0,0.571,0.571,7,4,7,4,0,0,0.012,0.0,0.0,0.702,0.0,0,3,0,1,0,0,0,0,0.702,0.702,0.0,0,0,0,0,0,0,0,1.0,1,1,0.0,0,0,90,90,0,0,1,0.946,35,0.778,7,9,0.946,35,37,37,0,0,0,0,0,0,0,0,0.0,0,0,0,0,0,0,0,0,0,0,0,0,0.5,2,1,0,0,1,65,2
DFB-Pokal,1/8 FINALE,02.12.2025,Dortmund,Leverkusen,Ospite,Leverkusen,Hofmann Jonas,Esterno,Titolare,6.6,0,2,0,0,0,0,0.0,0,0,0,0,1,6,0,0.0,0,0,0.0,0,0,1.0,3,3,0.833,0.667,3,2,6,5,0,0,0.006,0.0,0.0,0.233,0.0,0,1,0,0,0,0,0,0,0.233,0.233,0.0,0,0,0,0,0,0,0,1.0,1,1,1.0,3,3,89,89,0,0,0,0.793,23,0.667,2,3,0.793,23,29,29,0,0,0,0,0,0,0,0,0.0,0,0,0,0,0,0,0,0,0,0,0,0,0.5,2,1,0,0,0,50,1
DFB-Pokal,1/8 FINALE,02.12.2025,Dortmund,Leverkusen,Ospite,Leverkusen,Poku Ernest,Centrocampista offensivo,Titolare,5.6,0,5,0,0,0,0,0.0,1,0,0,0,2,1,0,0.0,0,0,0.5,4,2,1.0,1,1,0.3,0.222,9,2,10,3,0,0,0.014,0.0,0.0,0.233,0.0,0,1,1,0,0,0,0,0,0.233,0.233,0.0,0,0,0,0,0,0,0,0.0,0,0,0.0,0,0,83,83,0,1,1,0.833,15,0.833,5,6,0.833,15,18,18,0,0,0,0,0,0,0,0,0.0,0,0,0,0,0,0,0,0,0,0,0,0,0.0,0,0,0,0,2,36,6
DFB-Pokal,1/8 FINALE,02.12.2025,Dortmund,Leverkusen,Ospite,Leverkusen,Garcia Aleix,Centrocampista,Titolare,7.9,0,8,1,0,0,0,0.0,1,0,0,0,2,9,0,1.0,1,1,0.0,0,0,0.5,2,1,0.571,0.6,5,3,7,4,0,0,0.072,0.046,0.0,0.702,0.0,0,9,0,0,0,0,0,0,0.702,0.702,0.0,0,0,0,1,0,0,2,0.0,0,0,0.7,7,10,90,90,0,0,0,0.929,65,0.778,7,9,0.929,65,70,70,0,0,0,0,0,0,0,0,0.0,0,0,0,0,0,1,0,0,0,1,0,1,0.667,3,2,0,0,1,87,0
DFB-Pokal,1/8 FINALE,02.12.2025,Dortmund,Leverkusen,Ospite,Leverkusen,Tillman Malik,Centrocampista,Subentrato,6.5,0,3,0,0,0,0,0.0,0,0,1,0,0,1,0,0.0,0,0,0.0,0,0,0.0,0,0,0.667,0.667,3,2,3,2,0,0,0.0,0.0,0.0,0.679,0.0,0,0,0,0,0,0,0,0,0.679,0.679,0.0,0,0,0,1,0,0,0,1.0,1,1,0.0,0,0,29,29,0,0,0,0.615,8,0.0,0,1,0.615,8,13,13,0,0,0,0,0,0,0,0,0.0,0,0,0,0,0,0,0,0,0,0,0,0,0.0,2,0,0,0,0,21,2
DFB-Pokal,1/8 FINALE,02.12.2025,Dortmund,Leverkusen,Ospite,Leverkusen,Schick Patrik,Attaccante,Subentrato,6.3,0,0,0,1,0,0,0.0,0,0,0,0,0,1,0,0.0,0,0,0.0,1,0,0.5,2,1,0.4,0.333,3,1,5,2,0,0,0.001,0.031,0.127,0.679,0.0,0,0,1,1,0,0,0,0,0.679,0.679,0.0,0,0,0,0,0,0,0,0.0,0,0,0.0,0,0,29,29,0,0,0,1.0,6,0.0,0,0,1.0,6,6,6,0,0,0,0,0,0,0,0,0.0,0,0,0,0,0,1,0,0,1,0,1,1,0.0,0,0,0,0,1,11,1
DFB-Pokal,1/8 FINALE,02.12.2025,Dortmund,Leverkusen,Ospite,Leverkusen,Terrier Martin,Centrocampista offensivo,Titolare,6.4,0,4,0,0,0,0,0.0,1,0,0,0,0,0,0,0.0,0,0,0.0,1,0,0.5,2,1,0.75,1.0,2,2,4,3,0,0,0.009,0.0,0.0,0.023,0.0,0,4,0,0,0,0,0,0,0.023,0.023,0.0,0,0,0,0,0,0,0,1.0,2,2,0.0,0,0,61,61,0,0,0,0.84,21,0.5,3,6,0.84,21,25,25,0,0,0,0,0,0,0,0,0.0,0,0,0,0,0,0,0,0,0,0,0,0,0.0,2,0,0,0,0,33,1
DFB-Pokal,1/8 FINALE,02.12.2025,Dortmund,Leverkusen,Ospite,Leverkusen,Bade Loic,Difensore,Subentrato,,0,0,0,0,0,0,0.0,0,0,0,0,0,0,0,0.0,0,0,0.0,0,0,0.0,0,0,0.0,0.0,0,0,0,0,0,0,0.0,0.0,0.0,0.469,0.0,0,0,0,0,0,0,0,0,0.469,0.469,0.0,0,0,0,0,0,0,0,0.0,0,0,0.0,0,0,1,1,0,0,0,0.0,0,0.0,0,0,0.0,0,0,0,0,0,0,0,0,0,0,0,0.0,0,0,0,0,0,0,0,0,0,0,0,0,0.0,0,0,0,0,0,2,0
DFB-Pokal,1/8 FINALE,02.12.2025,Dortmund,Leverkusen,Ospite,Leverkusen,Tapsoba Edmond,Difensore centrale,Titolare,7.8,0,3,0,0,0,0,0.0,2,0,0,0,1,12,0,0.0,0,0,0.0,0,0,0.667,6,4,0.667,0.667,6,4,12,8,0,0,0.012,0.105,0.0,0.702,0.0,0,5,1,0,0,0,0,0,0.702,0.702,0.0,0,0,0,1,0,0,0,0.0,0,0,0.364,4,11,90,90,0,0,0,0.741,40,0.571,4,7,0.745,35,47,54,0,0,0,0,0,0,0,0,0.0,0,0,0,0,0,1,0,0,0,1,0,1,0.75,4,3,0,0,1,76,0
DFB-Pokal,1/8 FINALE,02.12.2025,Dortmund,Leverkusen,Ospite,Leverkusen,Kofane Christian,Attaccante,Titolare,6.4,0,2,0,0,0,0,0.0,1,0,0,0,1,2,0,0.0,0,0,0.333,3,1,0.0,4,0,0.273,0.429,7,3,11,3,0,0,0.002,0.0,0.0,0.023,0.0,0,0,1,1,0,0,0,0,0.023,0.023,0.0,0,0,0,0,0,0,1,0.75,3,4,0.0,0,0,61,61,0,2,1,0.583,7,0.5,2,4,0.583,7,12,12,0,0,0,0,0,0,0,0,0.0,0,0,0,0,0,0,0,0,0,0,0,0,0.0,1,0,0,0,1,28,5
DFB-Pokal,1/8 FINALE,02.12.2025,Dortmund,Leverkusen,Ospite,Leverkusen,Andrich Robert,Difensore centrale,Titolare,6.7,0,3,0,0,1,0,0.0,0,0,1,0,0,6,0,0.0,0,0,0.0,0,0,0.333,3,1,0.333,0.333,3,1,6,2,0,0,0.004,0.026,0.0,0.702,0.0,0,3,2,0,0,0,0,0,0.702,0.702,0.0,0,0,0,1,0,0,0,0.0,0,0,0.333,1,3,90,90,0,0,1,0.946,35,0.5,2,4,0.943,33,35,37,0,0,0,0,0,0,0,0,0.0,0,0,0,0,0,0,1,0,0,1,0,1,1.0,1,1,0,0,0,52,0
DFB-Pokal,1/8 FINALE,02.12.2025,Dortmund,Leverkusen,Casa,Dortmund,Nmecha Felix,Centrocampista,Titolare,6.5,0,4,0,0,0,0,0.0,3,0,0,0,0,0,0,0.0,0,1,0.0,0,0,0.667,3,2,0.833,1.0,3,3,6,5,0,0,0.018,0.16,0.023,0.588,0.0,0,3,0,1,0,1,0,0,-0.412,-0.412,0.0,0,0,0,0,0,0,0,1.0,5,5,0.0,0,1,74,74,0,0,0,0.722,26,0.636,7,11,0.714,25,35,36,0,0,0,0,0,0,0,0,0.0,0,0,0,0,0,1,2,1,0,2,1,3,0.5,2,1,0,0,2,44,1
DFB-Pokal,1/8 FINALE,02.12.2025,Dortmund,Leverkusen,Casa,Dortmund,Bensebaini Ramy,Difensore,Subentrato,,0,0,0,0,0,0,0.0,4,0,0,0,0,0,0,0.2,1,5,0.0,0,0,0.0,0,0,0.0,0.0,0,0,0,0,0,0,0.036,0.0,0.0,0.0,0.0,0,1,0,0,0,0,0,0,0.0,0.0,0.0,0,0,0,0,0,0,0,0.0,0,0,0.0,0,0,4,4,0,0,0,0.667,2,1.0,1,1,0.667,2,3,3,0,0,0,0,0,0,0,0,0.0,0,0,0,0,0,0,0,0,0,0,0,0,0.0,0,0,0,0,0,12,0
DFB-Pokal,1/8 FINALE,02.12.2025,Dortmund,Leverkusen,Casa,Dortmund,Adeyemi Karim,Centrocampista offensivo,Titolare,7.4,0,1,0,2,0,0,0.0,4,0,0,0,1,0,0,0.5,1,2,0.455,11,5,1.0,2,2,0.563,0.5,14,7,16,9,0,0,0.113,0.59,0.0,0.588,0.0,0,4,0,2,0,1,0,0,-0.412,-0.412,0.0,0,0,0,0,0,0,1,1.0,1,1,1.0,1,1,90,90,0,0,0,0.848,28,0.783,18,23,0.848,28,33,33,0,0,0,0,0,0,0,0,0.0,0,0,0,0,2,4,3,1,1,5,0,7,0.0,0,0,0,0,10,64,5
DFB-Pokal,1/8 FINALE,02.12.2025,Dortmund,Leverkusen,Casa,Dortmund,Kobel Gregor,Portiere,Titolare,6.4,0,10,0,0,1,0,0.0,0,0,0,0,0,2,0,0.0,0,0,0.0,0,0,0.0,0,0,0.0,0.0,0,0,0,0,0,0,0.003,0.0,0.0,0.588,0.0,0,3,0,0,0,1,0,0,-0.412,-0.412,0.0,0,0,0,0,2,3,0,0.0,0,0,0.533,8,15,90,90,0,0,0,0.8,28,0.333,1,3,0.839,26,31,35,0,0,0,0,0,0,0,0,0.0,0,0,0,1,0,0,0,2,0,0,0,0,0.0,0,0,0,0,0,41,0
DFB-Pokal,1/8 FINALE,02.12.2025,Dortmund,Leverkusen,Casa,Dortmund,Beier Maximilian,Attaccante,Subentrato,6.5,0,1,0,0,0,0,0.0,4,0,0,0,0,0,0,0.333,1,3,1.0,1,1,0.0,0,0,0.6,0.6,5,3,5,3,0,0,0.051,0.0,0.0,0.127,0.0,0,1,0,0,0,0,0,0,0.127,0.127,0.0,0,0,0,0,0,0,0,0.0,0,0,0.0,0,0,23,23,0,0,0,0.75,9,0.75,6,8,0.75,9,12,12,0,0,0,0,0,0,0,0,0.0,0,0,0,0,0,0,0,0,0,0,0,0,0.5,2,1,0,0,2,25,2
DFB-Pokal,1/8 FINALE,02.12.2025,Dortmund,Leverkusen,Casa,Dortmund,Guirassy Serhou,Attaccante,Subentrato,6.3,0,1,0,0,0,0,0.0,1,0,0,0,0,0,0,0.0,0,1,0.0,0,0,0.0,0,0,0.0,0.0,2,0,2,0,0,0,0.005,0.046,0.39,0.127,0.0,0,0,0,0,0,0,0,0,0.127,0.127,0.0,0,0,0,0,0,0,0,0.0,0,1,0.0,0,0,23,23,0,0,0,0.5,3,0.6,3,5,0.5,3,6,6,0,0,0,0,0,0,0,0,0.0,0,0,0,0,0,0,1,0,0,0,1,1,0.0,0,0,0,0,1,11,2
DFB-Pokal,1/8 FINALE,02.12.2025,Dortmund,Leverkusen,Casa,Dortmund,Svensson Daniel,Esterno,Titolare,6.0,0,4,0,0,0,0,0.0,7,0,0,0,0,1,0,0.182,2,11,0.0,1,0,0.0,3,0,0.0,0.0,3,0,6,0,0,0,0.049,0.0,0.0,0.588,0.0,0,3,0,0,0,1,0,0,-0.412,-0.412,0.0,0,0,0,0,0,0,3,0.0,0,0,0.0,0,1,86,86,0,0,0,0.857,18,0.889,8,9,0.857,18,21,21,0,0,0,0,0,0,0,0,0.0,0,0,0,0,0,0,0,1,0,0,0,0,0.0,0,0,0,0,5,41,3
DFB-Pokal,1/8 FINALE,02.12.2025,Dortmund,Leverkusen,Casa,Dortmund,Gross Pascal,Centrocampista,Subentrato,6.6,0,2,0,0,0,0,0.0,6,0,0,0,1,0,0,0.333,2,6,0.0,0,0,0.0,0,0,0.5,0.5,2,1,2,1,0,0,0.116,0.0,0.0,0.0,0.0,0,1,0,0,0,0,0,0,0.0,0.0,0.0,0,0,0,0,0,0,1,0.0,0,0,1.0,1,1,16,16,0,0,0,0.824,14,0.909,10,11,0.824,14,17,17,0,0,0,0,0,0,0,0,0.0,0,0,0,0,0,0,0,0,0,0,0,0,1.0,1,1,0,0,1,27,0
DFB-Pokal,1/8 FINALE,02.12.2025,Dortmund,Leverkusen,Casa,Dortmund,Silva Fabio,Attaccante,Titolare,6.8,0,0,1,0,0,0,0.0,2,0,0,0,0,0,0,0.0,0,1,1.0,1,1,0.2,5,1,0.429,1.0,2,2,7,3,0,0,0.172,0.017,0.0,0.461,0.0,0,1,0,1,0,1,0,0,-0.539,-0.539,0.0,0,0,0,0,0,0,2,1.0,3,3,0.0,0,0,67,67,0,1,0,0.563,9,0.455,5,11,0.533,8,15,16,0,0,0,0,0,0,0,0,0.0,0,0,0,0,0,0,1,1,0,1,0,1,0.0,0,0,0,0,6,21,0
DFB-Pokal,1/8 FINALE,02.12.2025,Dortmund,Leverkusen,Casa,Dortmund,Anton Waldemar,Difensore centrale,Titolare,7.0,0,2,0,1,0,0,0.0,1,0,1,0,2,4,0,0.0,0,2,0.0,0,0,1.0,3,3,0.636,0.5,8,4,11,7,0,0,0.023,0.35,0.21,0.588,0.0,0,9,2,1,0,1,0,0,-0.412,-0.412,0.0,0,0,0,0,0,0,0,0.0,0,0,0.8,4,5,90,90,0,0,0,0.975,78,0.833,10,12,0.975,77,79,80,0,0,0,0,0,0,0,0,0.0,0,0,0,0,1,3,0,1,2,1,1,3,0.0,3,0,0,0,3,98,0
DFB-Pokal,1/8 FINALE,02.12.2025,Dortmund,Leverkusen,Casa,Dortmund,Brandt Julian,Centrocampista,Subentrato,6.7,0,0,1,0,0,0,0.0,3,0,0,0,0,0,0,0.5,1,2,0.0,1,0,0.0,1,0,0.0,0.0,1,0,2,0,0,0,0.232,0.0,0.0,0.127,0.0,0,1,0,0,0,0,0,0,0.127,0.127,0.0,0,0,0,0,0,0,2,0.0,0,0,0.0,0,0,23,23,0,0,0,0.818,9,0.818,9,11,0.818,9,11,11,0,0,0,0,0,0,0,0,0.0,0,0,0,0,0,0,0,0,0,0,0,0,0.0,0,0,0,0,4,16,1
DFB-Pokal,1/8 FINALE,02.12.2025,Dortmund,Leverkusen,Casa,Dortmund,Chukwuemeka Carney,Centrocampista offensivo,Titolare,6.5,0,3,0,0,0,0,0.0,0,0,0,0,0,0,0,0.0,0,0,0.667,6,4,0.25,4,1,0.556,0.8,5,4,9,5,0,0,0.04,0.0,0.0,0.461,0.0,0,5,0,0,0,1,0,0,-0.539,-0.539,0.0,0,0,0,0,0,0,0,1.0,2,2,0.0,0,0,67,67,0,0,0,0.852,23,0.769,10,13,0.846,22,26,27,0,0,0,0,0,0,0,0,0.0,0,0,0,0,0,0,0,1,0,0,0,0,0.0,0,0,0,0,4,40,3
DFB-Pokal,1/8 FINALE,02.12.2025,Dortmund,Leverkusen,Casa,Dortmund,Schlotterbeck Nico,Difensore centrale,Titolare,7.7,0,5,1,0,0,0,0.0,5,0,0,0,0,0,0,0.5,1,2,0.5,2,1,0.5,4,2,0.375,0.25,4,1,8,3,0,0,0.25,0.034,0.0,0.588,0.0,0,18,0,0,0,1,0,0,-0.412,-0.412,0.0,0,0,0,0,0,0,1,0.0,0,0,0.556,5,9,90,90,0,0,0,0.846,66,0.781,25,32,0.836,61,73,78,0,0,0,0,0,0,0,0,0.0,0,0,0,0,0,1,1,1,1,2,0,2,0.0,0,0,0,0,2,96,4
DFB-Pokal,1/8 FINALE,02.12.2025,Dortmund,Leverkusen,Casa,Dortmund,Bellingham Jobe,Centrocampista,Titolare,6.4,0,5,0,0,0,0,0.0,2,0,1,0,0,0,0,0.0,0,0,1.0,1,1,0.667,6,4,0.6,0.5,4,2,10,6,0,0,0.066,0.038,0.079,0.588,0.0,0,6,1,1,0,1,0,0,-0.412,-0.412,0.0,0,0,0,1,0,0,1,1.0,1,1,0.5,1,2,90,90,0,0,0,0.843,43,0.9,18,20,0.84,42,50,51,0,0,0,0,0,0,0,0,0.0,0,0,0,0,0,1,0,1,1,0,1,1,0.0,0,0,0,0,3,63,2
DFB-Pokal,1/8 FINALE,02.12.2025,Dortmund,Leverkusen,Casa,Dortmund,Can Emre,Difensore centrale,Titolare,9.0,0,11,0,0,0,0,0.0,3,0,1,0,1,0,0,0.0,0,3,1.0,1,1,1.0,2,2,0.846,0.818,11,9,13,11,0,0,0.076,0.054,0.0,0.588,0.0,0,16,1,2,0,1,0,0,-0.412,-0.412,0.0,0,0,0,1,0,0,1,0.0,0,0,0.875,7,8,90,90,0,0,0,0.963,79,1.0,24,24,0.962,75,78,82,0,0,0,0,0,0,0,0,0.0,0,0,0,0,0,1,0,1,0,1,0,1,0.667,6,4,0,0,1,104,1
DFB-Pokal,1/8 FINALE,02.12.2025,Dortmund,Leverkusen,Casa,Dortmund,Ryerson Julian,Esterno,Titolare,6.8,0,6,0,0,0,0,0.0,7,0,0,0,0,0,0,0.5,3,6,0.0,3,0,0.0,0,0,0.0,0.0,5,0,5,0,0,0,0.353,0.031,0.0,0.461,0.0,0,7,1,0,0,1,0,0,-0.539,-0.539,0.0,0,0,0,0,0,0,3,0.0,0,0,0.8,4,5,67,67,0,0,0,0.871,27,0.875,14,16,0.867,26,30,31,0,0,0,0,0,0,0,0,0.0,0,0,0,0,1,0,1,1,0,0,0,1,0.0,0,0,0,0,3,54,3
DFB-Pokal,1/8 FINALE,02.12.2025,RB Lipsia,Magdeburg,Casa,RB Lipsia,Gomis Tidiam,Attaccante,Subentrato,6.6,0,3,0,0,0,0,0.0,0,0,0,0,0,0,0,0.0,0,0,1.0,1,1,0.0,0,0,0.333,0.333,3,1,3,1,0,0,0.004,0.0,0.0,0.0,0.0,0,0,1,0,0,0,0,0,0.0,0.0,0.0,0,0,0,0,0,0,0,0.0,0,0,0.0,0,0,24,24,0,0,0,0.667,4,0.667,2,3,0.667,4,6,6,0,0,0,0,0,0,0,0,0.0,0,0,0,0,0,0,0,0,0,0,0,0,0.0,0,0,0,0,1,11,2
DFB-Pokal,1/8 FINALE,02.12.2025,RB Lipsia,Magdeburg,Ospite,Magdeburg,Michel Falko,Centrocampista,Titolare,6.0,0,2,0,0,0,0,0.0,1,0,1,0,1,1,0,0.0,0,0,0.0,2,0,0.6,5,3,0.533,0.5,10,5,15,8,0,1,0.015,0.0,0.0,2.594,0.0,0,7,2,2,0,3,0,0,-0.406,-0.406,0.0,0,0,0,0,0,0,1,0.0,0,0,0.556,5,9,90,90,0,0,1,0.778,35,0.556,5,9,0.778,35,45,45,0,0,0,1,0,0,0,0,0.0,0,0,0,0,0,0,0,3,0,0,0,0,0.667,3,2,0,0,4,63,5
DFB-Pokal,1/8 FINALE,02.12.2025,RB Lipsia,Magdeburg,Ospite,Magdeburg,Nollenberger Alexander,Terzino,Titolare,6.6,0,5,0,0,0,0,0.0,3,0,0,0,1,1,0,0.5,1,2,0.333,3,1,0.0,0,0,0.7,0.7,10,7,10,7,0,0,0.09,0.103,0.064,2.594,0.0,0,3,0,0,0,3,0,0,-0.406,-0.406,0.0,0,0,0,0,0,0,1,1.0,1,1,0.333,1,3,90,90,0,1,0,0.811,30,0.733,11,15,0.806,29,36,37,0,0,0,0,0,0,0,0,0.0,0,0,0,0,0,1,1,3,0,1,1,2,0.667,6,4,0,0,4,62,3
DFB-Pokal,1/8 FINALE,02.12.2025,RB Lipsia,Magdeburg,Ospite,Magdeburg,Zukowski Mateusz,Attaccante,Titolare,5.9,0,3,0,0,0,0,0.0,0,0,0,0,0,0,0,0.0,0,0,0.0,1,0,1.0,2,2,0.6,0.333,3,1,5,3,0,0,0.0,0.123,0.0,2.594,0.0,0,0,1,0,0,3,0,0,-0.406,-0.406,0.0,0,0,0,0,0,0,0,0.5,1,2,0.0,0,0,59,59,0,0,0,0.625,5,0.0,0,0,0.4,2,5,8,0,0,0,0,0,0,0,0,0.0,0,0,0,0,0,1,0,3,1,1,0,1,1.0,1,1,0,0,1,12,1
DFB-Pokal,1/8 FINALE,02.12.2025,RB Lipsia,Magdeburg,Ospite,Magdeburg,Atik Baris,Ala,Titolare,6.9,0,3,0,0,0,0,0.0,13,0,0,0,1,0,0,0.0,0,4,0.0,1,0,0.0,0,0,0.4,0.4,5,2,5,2,0,0,0.241,0.0,0.0,2.594,0.0,0,7,1,0,0,3,0,0,-0.406,-0.406,0.0,0,0,0,1,0,0,1,0.0,0,0,0.4,2,5,90,90,0,0,0,0.77,47,0.667,18,27,0.768,43,56,61,0,0,0,0,0,0,0,0,0.0,0,0,0,0,0,0,0,3,0,0,0,0,1.0,2,2,0,2,1,75,2
DFB-Pokal,1/8 FINALE,02.12.2025,RB Lipsia,Magdeburg,Ospite,Magdeburg,Pesch Noah,Ala,Titolare,5.9,0,2,0,0,0,0,0.0,0,0,0,0,0,0,0,0.0,0,1,0.0,0,0,0.0,1,0,0.0,0.0,0,0,1,0,0,0,0.001,0.0,0.0,2.594,0.0,0,1,0,0,0,3,0,0,-0.406,-0.406,0.0,0,0,0,0,0,0,0,1.0,2,2,0.0,0,0,58,58,0,0,0,0.857,12,0.0,0,1,0.857,12,14,14,0,0,0,0,0,0,0,0,0.0,0,0,0,0,0,0,0,3,0,0,0,0,0.0,0,0,0,0,0,18,1
DFB-Pokal,1/8 FINALE,02.12.2025,RB Lipsia,Magdeburg,Ospite,Magdeburg,Muller Tobias,Difensore centrale,Titolare,6.3,0,7,0,0,0,0,0.0,0,0,1,0,1,4,0,0.0,0,0,0.0,0,0,0.0,1,0,0.714,0.833,6,5,7,5,0,1,0.005,0.0,0.0,2.594,0.0,0,5,0,0,0,3,0,0,-0.406,-0.406,0.0,0,0,0,1,0,0,0,0.0,0,0,0.667,4,6,90,90,0,0,0,0.906,58,0.667,4,6,0.9,54,60,64,0,0,0,0,0,0,0,0,0.0,0,0,0,0,0,0,0,3,0,0,0,0,0.6,5,3,0,0,0,78,0
DFB-Pokal,1/8 FINALE,02.12.2025,RB Lipsia,Magdeburg,Ospite,Magdeburg,Reimann Dominik,Portiere,Titolare,6.6,0,4,0,0,1,0,0.0,0,0,0,0,0,0,0,0.0,0,0,0.0,0,0,0.0,0,0,0.0,0.0,0,0,0,0,0,0,0.001,0.0,0.0,2.594,0.0,0,2,0,0,0,3,0,0,-0.406,-0.406,0.0,0,0,0,0,0,1,0,0.0,0,0,0.643,9,14,90,90,0,0,0,0.904,47,0.5,1,2,0.902,46,51,52,0,0,0,0,0,0,0,0,0.0,0,0,0,6,0,0,0,9,0,0,0,0,0.0,0,0,0,0,0,59,0
DFB-Pokal,1/8 FINALE,02.12.2025,RB Lipsia,Magdeburg,Ospite,Magdeburg,Diawara Kandet,Attaccante,Subentrato,,0,1,0,0,0,0,0.0,0,0,0,0,0,0,0,0.0,0,0,0.0,0,0,0.0,0,0,0.0,0.0,1,0,1,0,0,0,0.0,0.044,0.0,0.0,0.0,0,0,1,0,0,0,0,0,0.0,0.0,0.0,0,0,0,0,0,0,0,0.0,0,0,0.0,0,0,8,8,0,0,0,0.0,0,0.0,0,0,0.0,0,0,0,0,0,0,0,0,0,0,0,0.0,0,0,0,0,0,1,0,0,0,1,0,1,0.0,0,0,0,0,1,2,1
DFB-Pokal,1/8 FINALE,02.12.2025,RB Lipsia,Magdeburg,Ospite,Magdeburg,Musonda Lubambo,Terzino,Titolare,5.4,0,3,0,0,0,0,0.0,2,0,0,0,1,0,0,0.0,0,3,0.0,0,0,0.0,0,0,0.0,0.0,4,0,4,0,0,0,0.032,0.011,0.0,2.594,0.0,0,1,1,0,0,3,0,0,-0.406,-0.406,0.0,0,0,0,1,0,0,0,0.0,0,0,1.0,2,2,82,82,0,0,0,0.912,31,1.0,10,10,0.912,31,34,34,0,0,0,0,0,0,0,0,0.0,0,0,0,0,1,0,1,3,0,0,0,1,0.0,0,0,0,0,1,46,2
DFB-Pokal,1/8 FINALE,02.12.2025,RB Lipsia,Magdeburg,Ospite,Magdeburg,Breunig Maximilian,Attaccante,Subentrato,6.0,0,0,0,0,0,0,0.0,0,0,0,0,1,0,0,0.0,0,0,0.0,1,0,0.0,1,0,0.0,0.0,2,0,3,0,0,0,0.009,0.0,0.0,0.0,0.0,0,1,0,0,0,0,0,0,0.0,0.0,0.0,0,0,0,1,0,0,0,0.0,0,0,0.0,0,0,31,31,0,0,0,0.625,5,0.667,4,6,0.625,5,8,8,0,0,0,0,0,0,0,0,0.0,0,0,0,0,0,0,0,0,0,0,0,0,0.0,0,0,0,0,1,11,0
DFB-Pokal,1/8 FINALE,02.12.2025,RB Lipsia,Magdeburg,Ospite,Magdeburg,Bockhorn Herbert,Difensore,Subentrato,6.4,0,1,0,0,0,0,0.0,2,0,0,0,0,0,0,0.0,0,2,0.0,0,0,0.5,2,1,0.667,1.0,1,1,3,2,0,0,0.02,0.031,0.0,0.0,0.0,0,0,0,0,0,0,0,0,0.0,0.0,0.0,0,0,0,1,0,0,0,0.0,0,0,0.0,0,0,32,32,0,0,0,0.778,14,0.667,4,6,0.778,14,18,18,0,0,0,0,0,0,0,0,0.0,0,0,0,0,1,1,0,0,0,0,0,1,1.0,1,1,0,0,4,26,2
DFB-Pokal,1/8 FINALE,02.12.2025,RB Lipsia,Magdeburg,Ospite,Magdeburg,Gnaka Silas,Centrocampista,Titolare,7.1,0,9,0,0,0,0,0.0,1,0,0,0,2,2,0,0.0,0,0,0.0,0,0,0.333,3,1,0.455,0.5,8,4,11,5,0,0,0.02,0.841,0.766,2.594,0.0,0,4,2,1,1,3,0,1,-0.406,-0.406,0.0,0,0,0,3,0,0,0,1.0,2,2,1.0,2,2,90,90,0,0,0,0.914,53,0.909,10,11,0.912,52,57,58,0,0,0,0,0,0,0,0,0.0,0,0,0,0,1,1,1,3,0,0,1,2,0.333,3,1,0,0,1,73,2
DFB-Pokal,1/8 FINALE,02.12.2025,RB Lipsia,Magdeburg,Ospite,Magdeburg,Geschwill Max,Difensore,Subentrato,7.1,0,1,0,0,1,0,0.0,0,0,0,0,2,7,1,0.0,0,0,0.0,0,0,0.5,2,1,0.167,0.0,4,0,6,1,0,0,0.006,0.0,0.0,1.064,0.0,0,3,2,0,0,1,0,0,0.064,0.064,0.0,0,0,0,1,0,0,0,0.0,0,0,0.5,1,2,45,45,0,0,2,0.905,19,0.75,3,4,0.889,16,18,21,0,0,0,0,0,0,0,0,0.0,0,0,0,0,0,0,0,1,0,0,0,0,0.0,0,0,0,0,0,33,1
DFB-Pokal,1/8 FINALE,02.12.2025,RB Lipsia,Magdeburg,Ospite,Magdeburg,Ghrieb Rayan,Attaccante,Subentrato,6.5,0,1,0,0,0,0,0.0,1,0,0,0,0,0,0,0.0,0,0,1.0,1,1,0.0,1,0,0.5,1.0,1,1,2,1,0,0,0.014,0.016,0.0,0.0,0.0,0,0,0,0,0,0,0,0,0.0,0.0,0.0,0,0,0,0,0,0,0,0.0,0,0,1.0,1,1,19,19,0,0,0,0.875,7,0.833,5,6,0.857,6,7,8,0,0,0,0,0,0,0,0,0.0,0,0,0,0,1,0,1,0,0,0,0,1,0.0,0,0,0,0,0,11,1
DFB-Pokal,1/8 FINALE,02.12.2025,RB Lipsia,Magdeburg,Ospite,Magdeburg,Ulrich Laurin,Centrocampista,Titolare,6.1,0,3,0,0,0,0,0.0,2,0,0,0,0,2,0,0.0,0,1,0.0,0,0,0.0,1,0,0.5,0.667,3,2,4,2,0,0,0.01,0.23,0.392,2.594,0.0,0,4,0,2,0,3,0,0,-0.406,-0.406,0.0,0,0,0,0,0,0,0,0.0,0,0,1.0,2,2,71,71,0,0,0,0.897,26,0.667,6,9,0.889,24,27,29,0,0,0,0,0,0,0,0,0.0,0,0,0,0,1,2,0,3,0,0,1,2,0.0,0,0,0,1,2,45,4
DFB-Pokal,1/8 FINALE,02.12.2025,RB Lipsia,Magdeburg,Casa,RB Lipsia,Maksimovic Andrija,Centrocampista,Subentrato,,0,0,0,0,0,0,0.0,0,0,0,0,0,0,0,0.0,0,0,0.0,0,0,0.0,0,0,1.0,1.0,1,1,1,1,0,0,0.016,0.0,0.0,0.0,0.0,0,0,0,1,0,0,0,0,0.0,0.0,0.0,0,0,0,0,0,0,0,0.0,0,0,0.0,0,0,2,2,0,0,0,1.0,3,1.0,2,2,1.0,3,3,3,0,0,0,0,0,0,0,0,0.0,0,0,0,0,0,0,0,0,0,0,0,0,0.0,0,0,0,0,0,4,0
DFB-Pokal,1/8 FINALE,02.12.2025,RB Lipsia,Magdeburg,Ospite,Magdeburg,Mathisen Marcus,Difensore centrale,Titolare,6.6,0,0,0,0,0,0,0.0,3,0,1,0,0,2,0,1.0,1,1,0.0,0,0,0.0,0,0,0.5,0.5,2,1,2,1,0,0,0.19,0.0,0.0,1.53,0.0,0,6,1,0,0,2,0,0,-0.47,-0.47,0.0,0,0,0,0,0,0,2,0.0,0,0,0.364,4,11,45,45,0,0,1,0.775,31,0.222,2,9,0.789,30,38,40,0,0,0,0,0,0,0,0,0.0,0,0,0,0,0,0,0,2,0,0,0,0,1.0,1,1,0,0,0,47,0
DFB-Pokal,1/8 FINALE,02.12.2025,RB Lipsia,Magdeburg,Casa,RB Lipsia,Schlager Xaver,Centrocampista,Subentrato,6.6,0,0,0,0,0,0,0.0,1,0,0,0,0,1,0,0.0,0,0,0.0,0,0,0.0,0,0,0.667,0.667,3,2,3,2,0,0,0.032,0.0,0.0,0.0,0.0,0,3,0,1,0,0,0,0,0.0,0.0,0.0,0,0,0,0,0,0,0,0.0,0,0,1.0,2,2,45,45,0,0,0,0.867,26,0.9,9,10,0.862,25,29,30,0,0,0,0,0,0,0,0,0.0,0,0,0,0,0,0,0,0,0,0,0,0,1.0,1,1,0,0,2,38,3
DFB-Pokal,1/8 FINALE,02.12.2025,RB Lipsia,Magdeburg,Casa,RB Lipsia,Raum David,Terzino,Titolare,7.0,0,3,0,0,0,0,0.0,5,0,0,0,0,1,0,0.5,2,4,1.0,1,1,0.0,0,0,1.0,1.0,1,1,1,1,0,0,0.109,0.0,0.0,1.222,0.0,0,4,0,0,0,1,0,0,0.222,0.456,0.0,0,0,0,1,0,0,2,1.0,1,1,1.0,3,3,90,90,0,0,1,0.941,48,0.9,9,10,0.938,45,48,51,0,0,0,0,0,0,0,0,0.0,0,0,0,0,0,0,0,1,0,0,0,0,0.0,0,0,0,0,1,69,1
DFB-Pokal,1/8 FINALE,02.12.2025,RB Lipsia,Magdeburg,Casa,RB Lipsia,Seiwald Nicolas,Centrocampista,Titolare,6.6,0,5,0,0,0,0,0.0,1,0,0,0,1,2,0,0.0,0,0,0.0,0,0,0.5,2,1,0.5,0.5,2,1,4,2,0,0,0.027,0.055,0.067,1.222,0.0,0,5,0,0,0,1,0,0,0.222,0.456,0.0,0,0,0,1,0,0,1,1.0,1,1,1.0,2,2,90,90,0,0,2,0.854,35,0.75,6,8,0.85,34,40,41,0,0,0,0,0,0,0,0,0.0,0,0,0,0,0,1,0,1,0,0,1,1,0.0,1,0,0,0,1,54,2
DFB-Pokal,1/8 FINALE,02.12.2025,RB Lipsia,Magdeburg,Casa,RB Lipsia,Klostermann Lukas,Terzino,Titolare,6.5,0,2,0,0,0,0,0.0,2,0,0,0,0,1,0,0.0,0,0,0.0,0,0,0.0,0,0,0.5,0.5,2,1,2,1,0,0,0.026,0.0,0.0,1.222,0.0,0,4,1,0,0,1,0,0,0.222,0.456,0.0,0,0,0,2,0,0,1,0.0,0,0,0.0,0,1,45,45,0,1,1,0.737,14,0.714,5,7,0.737,14,19,19,1,0,0,0,0,0,0,0,0.0,0,0,0,0,0,0,0,1,0,0,0,0,1.0,1,1,0,0,0,33,1
DFB-Pokal,1/8 FINALE,02.12.2025,RB Lipsia,Magdeburg,Casa,RB Lipsia,Harder Conrad,Attaccante,Titolare,7.8,1,2,1,3,0,0,0.0,0,0,0,0,0,0,0,1.0,1,1,0.0,4,0,0.667,6,4,0.333,0.111,9,1,15,5,0,0,0.191,0.963,0.321,1.222,0.0,0,1,1,1,0,1,0,0,0.222,0.456,0.0,0,0,0,0,0,0,1,0.714,5,7,0.0,0,0,90,90,0,0,0,0.609,14,0.556,5,9,0.609,14,23,23,0,0,0,0,0,0,0,0,0.0,0,0,0,0,1,6,2,1,2,2,5,8,0.0,0,0,0,0,11,49,7
DFB-Pokal,1/8 FINALE,02.12.2025,RB Lipsia,Magdeburg,Casa,RB Lipsia,Finkgrafe Max,Difensore,Subentrato,,0,0,0,0,0,0,0.0,0,0,0,0,0,0,0,0.0,0,0,0.0,0,0,0.0,1,0,0.0,0.0,0,0,1,0,0,0,0.002,0.0,0.0,0.0,0.0,0,0,0,0,0,0,0,0,0.0,0.0,0.0,0,0,0,0,0,0,0,0.0,0,0,1.0,1,1,8,8,0,1,1,1.0,3,1.0,1,1,1.0,3,3,3,0,0,0,0,0,0,0,0,0.0,0,0,0,0,0,0,0,0,0,0,0,0,0.0,0,0,0,0,0,4,0
DFB-Pokal,1/8 FINALE,02.12.2025,RB Lipsia,Magdeburg,Casa,RB Lipsia,Banzuzi Ezechiel,Centrocampista,Titolare,6.5,0,2,0,0,0,0,0.0,0,0,1,0,0,1,0,0.0,0,0,0.0,0,0,1.0,2,2,0.5,0.0,2,0,4,2,0,0,0.028,0.025,0.0,1.222,0.0,0,0,2,0,0,1,0,0,0.222,0.456,0.0,0,0,0,0,0,0,0,0.0,0,0,0.0,0,0,45,45,0,0,0,0.933,14,1.0,6,6,0.933,14,15,15,0,0,0,0,0,0,0,0,0.0,0,0,0,0,1,0,1,1,0,0,0,1,0.0,0,0,0,0,0,17,0
DFB-Pokal,1/8 FINALE,02.12.2025,RB Lipsia,Magdeburg,Casa,RB Lipsia,Baumgartner Christoph,Centrocampista offensivo,Titolare,9.0,0,2,1,0,0,0,0.0,1,0,0,0,0,1,0,0.0,0,0,0.667,3,2,0.5,4,2,0.571,0.6,10,6,14,8,0,0,0.141,0.465,1.572,1.222,0.0,0,3,1,3,2,1,0,0,0.222,0.456,0.0,0,0,0,0,0,0,1,1.0,2,2,0.667,2,3,88,88,0,0,0,0.718,28,0.571,8,14,0.703,26,37,39,0,0,0,0,0,0,0,0,0.0,0,0,0,0,0,2,1,1,0,1,2,3,1.0,1,1,0,0,4,58,5
DFB-Pokal,1/8 FINALE,02.12.2025,RB Lipsia,Magdeburg,Casa,RB Lipsia,Diomande Yan,Ala,Titolare,7.6,1,5,0,0,0,0,0.0,3,0,0,0,0,0,0,0.0,0,1,0.444,9,4,0.0,0,0,0.538,0.538,13,7,13,7,0,0,0.064,0.215,0.086,1.222,0.0,0,6,0,1,0,1,0,0,0.222,0.456,0.0,0,0,0,3,0,0,1,0.0,0,0,1.0,1,1,66,66,0,0,0,0.838,31,0.8,16,20,0.833,30,36,37,0,0,0,0,0,0,0,0,0.0,0,0,0,0,1,2,0,1,0,0,1,2,0.5,2,1,0,0,2,60,2
DFB-Pokal,1/8 FINALE,02.12.2025,RB Lipsia,Magdeburg,Casa,RB Lipsia,Nusa Antonio,Ala,Titolare,8.3,1,4,1,0,0,0,0.0,3,0,0,0,1,0,0,0.0,0,3,0.5,4,2,0.0,1,0,0.625,0.714,7,5,8,5,0,0,0.162,0.077,0.548,1.222,0.0,0,2,0,1,1,1,0,0,0.222,0.456,0.0,0,0,0,0,0,0,1,1.0,1,1,1.0,3,3,82,82,0,0,0,0.952,20,0.923,12,13,0.952,20,21,21,0,0,0,0,0,0,0,0,0.0,0,0,0,0,0,0,1,1,0,0,1,1,1.0,2,2,0,0,3,38,3
DFB-Pokal,1/8 FINALE,02.12.2025,RB Lipsia,Magdeburg,Casa,RB Lipsia,Lukeba Castello,Difensore centrale,Titolare,6.5,0,3,0,0,0,0,0.0,0,0,0,0,0,4,0,0.0,0,0,0.0,0,0,0.0,0,0,0.667,0.667,3,2,3,2,0,0,0.015,0.0,0.0,1.222,0.0,0,4,1,1,0,1,0,0,0.222,0.456,0.0,0,0,0,1,0,0,0,0.0,0,0,0.5,3,6,90,90,0,0,0,0.932,68,0.5,2,4,0.919,57,62,73,0,0,0,0,0,0,0,0,0.0,0,0,0,0,0,0,0,1,0,0,0,0,1.0,1,1,0,0,0,82,0
DFB-Pokal,1/8 FINALE,02.12.2025,RB Lipsia,Magdeburg,Casa,RB Lipsia,Nedeljkovic Kosta,Difensore,Subentrato,6.7,0,0,0,0,0,0,0.0,2,0,0,0,0,2,0,0.5,1,2,0.0,0,0,0.0,0,0,1.0,1.0,1,1,1,1,0,0,0.096,0.0,0.0,0.0,0.0,0,2,0,1,0,0,0,0,0.0,0.0,0.0,0,0,0,0,0,0,1,1.0,1,1,0.0,0,1,45,45,0,0,0,0.88,22,0.75,6,8,0.875,21,24,25,0,0,0,0,0,0,0,0,0.0,0,0,0,0,0,0,0,0,0,0,0,0,0.0,0,0,0,0,1,33,0
DFB-Pokal,1/8 FINALE,02.12.2025,RB Lipsia,Magdeburg,Casa,RB Lipsia,Orban Willi,Difensore centrale,Titolare,7.0,0,5,0,0,0,0,0.0,0,0,0,0,0,7,0,0.0,0,0,0.0,0,0,0.5,2,1,0.6,0.667,3,2,5,3,0,0,0.007,0.0,0.0,1.222,0.0,0,8,0,1,0,1,0,0,0.222,0.456,0.0,0,0,0,1,0,0,0,0.0,0,0,0.167,1,6,90,90,0,0,0,0.906,58,0.667,6,9,0.921,58,63,64,0,0,0,0,0,0,0,0,0.0,0,0,0,0,0,0,0,1,0,0,0,0,1.0,1,1,0,0,0,79,2
DFB-Pokal,1/8 FINALE,02.12.2025,RB Lipsia,Magdeburg,Casa,RB Lipsia,Vandevoordt Maarten,Portiere,Titolare,7.0,0,4,0,0,0,0,0.0,0,0,0,0,0,1,0,0.0,0,0,0.0,0,0,1.0,1,1,1.0,0.0,0,0,1,1,0,0,0.001,0.0,0.0,1.222,0.0,0,1,0,0,0,1,0,0,0.222,0.456,0.0,0,0,0,0,0,2,0,0.0,0,0,0.75,12,16,90,90,0,0,0,0.902,37,1.0,1,1,0.943,33,35,41,0,0,0,0,0,0,0,0,0.0,0,0,1,2,0,0,0,3,0,0,0,0,0.0,0,0,0,0,0,46,0
DFB-Pokal,1/8 FINALE,02.12.2025,Hertha,Kaiserslautern,Ospite,Kaiserslautern,Elvedi Jan,Difensore centrale,Titolare,6.1,0,4,0,0,0,0,0.0,0,0,0,0,2,4,0,0.0,0,0,0.0,0,0,0.667,3,2,0.4,0.0,2,0,5,2,0,0,0.003,0.0,0.0,2.48,0.0,0,4,0,0,0,3,0,0,-0.52,-0.52,0.0,0,0,0,0,0,0,0,0.0,0,0,0.5,2,4,45,45,0,0,0,0.828,24,0.75,3,4,0.821,23,28,29,0,0,0,0,0,0,0,0,0.0,0,0,0,0,0,0,0,3,0,0,0,0,0.0,0,0,0,0,0,37,0
DFB-Pokal,1/8 FINALE,02.12.2025,Hertha,Kaiserslautern,Ospite,Kaiserslautern,Sahin Semih,Centrocampista,Titolare,6.5,0,4,0,0,0,0,0.0,0,0,0,0,0,2,0,0.0,0,0,0.0,0,0,0.333,3,1,0.538,0.6,10,6,13,7,0,0,0.031,0.06,0.0,3.944,0.0,0,5,3,1,0,6,0,0,-2.056,-2.056,0.0,0,0,0,1,0,0,1,1.0,1,1,0.75,3,4,83,83,0,0,1,0.861,31,0.75,9,12,0.861,31,36,36,0,0,0,0,0,0,0,0,0.0,0,0,0,0,2,0,2,6,0,0,0,2,0.4,5,2,0,0,0,50,1
DFB-Pokal,1/8 FINALE,02.12.2025,Hertha,Kaiserslautern,Ospite,Kaiserslautern,Abiama Dickson,Centrocampista offensivo,Titolare,5.7,0,6,0,0,0,0,0.0,0,0,0,0,0,0,0,0.0,0,0,0.0,2,0,0.0,3,0,0.25,0.4,5,2,8,2,0,0,0.019,0.053,0.0,2.606,0.0,0,2,0,1,0,4,0,0,-1.394,-1.394,0.0,0,0,0,1,0,0,1,0.0,0,0,0.0,0,1,62,62,0,0,0,0.533,8,0.571,4,7,0.533,8,15,15,0,0,0,0,0,0,0,0,0.0,0,0,0,0,0,1,1,4,0,2,0,2,1.0,1,1,0,0,3,34,6
DFB-Pokal,1/8 FINALE,02.12.2025,Hertha,Kaiserslautern,Ospite,Kaiserslautern,Ritter Marlon,Centrocampista offensivo,Titolare,7.8,0,7,1,0,0,0,0.0,9,0,1,0,3,0,0,0.0,0,4,0.0,0,0,0.0,0,0,0.2,0.2,5,1,5,1,0,0,0.5,0.217,0.475,3.944,0.0,0,6,1,0,1,6,0,0,-2.056,-2.056,0.0,0,0,0,0,0,0,3,1.0,1,1,0.6,3,5,90,90,0,0,0,0.833,30,0.833,15,18,0.824,28,34,36,0,0,0,0,0,0,0,0,0.0,0,0,0,0,0,1,3,6,0,2,2,4,1.0,1,1,0,0,2,49,1
DFB-Pokal,1/8 FINALE,02.12.2025,Hertha,Kaiserslautern,Ospite,Kaiserslautern,Alidou Faride,Attaccante,Subentrato,6.3,0,1,0,0,0,0,0.0,1,0,0,0,0,0,0,0.0,0,1,1.0,1,1,0.0,1,0,0.5,0.667,3,2,4,2,0,0,0.002,0.0,0.0,1.339,0.0,0,1,1,1,0,2,0,0,-0.661,-0.661,0.0,0,0,0,0,0,0,0,0.0,0,0,0.0,0,0,28,28,0,0,0,0.909,20,0.333,1,3,0.909,20,22,22,0,0,0,0,0,0,0,0,0.0,0,0,0,0,0,0,0,2,0,0,0,0,0.0,0,0,0,0,1,27,1
DFB-Pokal,1/8 FINALE,02.12.2025,Hertha,Kaiserslautern,Ospite,Kaiserslautern,Sirch Luca,Esterno,Titolare,7.0,0,4,0,0,0,0,0.0,7,0,0,0,0,0,0,0.0,0,2,0.0,1,0,1.0,1,1,0.75,0.667,3,2,4,3,0,0,0.074,0.0,0.0,3.944,0.0,0,17,1,2,0,6,0,0,-2.056,-2.056,0.0,0,0,0,3,0,0,1,0.0,0,0,0.286,2,7,90,90,0,0,0,0.827,67,0.52,13,25,0.823,65,79,81,0,0,0,0,0,0,0,0,0.0,0,0,0,0,0,0,0,6,0,0,0,0,0.0,0,0,0,0,1,96,0
DFB-Pokal,1/8 FINALE,02.12.2025,Hertha,Kaiserslautern,Ospite,Kaiserslautern,Prtajin Ivan,Attaccante,Titolare,6.1,0,3,0,1,0,0,0.0,4,0,0,0,0,0,0,1.0,1,1,0.0,0,0,0.429,7,3,0.333,0.0,2,0,9,3,0,0,0.067,0.458,0.327,2.606,0.0,0,3,1,0,0,4,0,0,-1.394,-1.394,0.0,0,0,0,0,0,0,0,0.0,0,0,1.0,1,1,74,74,0,0,0,0.647,11,0.429,3,7,0.625,10,16,17,0,0,0,0,0,0,0,0,0.0,0,0,0,0,0,2,0,4,1,1,1,2,0.0,0,0,0,0,2,25,4
DFB-Pokal,1/8 FINALE,02.12.2025,Hertha,Kaiserslautern,Ospite,Kaiserslautern,Gyamfi Maxwell,Difensore centrale,Titolare,4.7,0,1,0,0,0,0,0.0,1,0,1,0,0,6,0,0.0,0,1,0.0,0,0,0.75,4,3,0.625,0.5,4,2,8,5,1,1,0.021,0.0,0.0,3.944,0.0,0,4,1,1,0,6,0,0,-2.056,-2.056,0.0,0,0,0,1,0,0,0,0.0,0,0,1.0,1,1,90,90,0,0,0,0.938,61,1.0,7,7,0.937,59,63,65,0,0,0,0,0,0,0,0,0.0,0,0,0,0,0,0,0,6,0,0,0,0,1.0,1,1,0,0,2,82,2
DFB-Pokal,1/8 FINALE,02.12.2025,Hertha,Kaiserslautern,Ospite,Kaiserslautern,Hanslik Daniel,Attaccante,Subentrato,6.3,0,0,0,0,0,0,0.0,0,0,0,0,0,0,0,1.0,1,1,0.0,0,0,0.0,0,0,0.0,0.0,0,0,0,0,0,0,0.08,0.0,0.0,1.339,0.0,0,0,0,0,0,2,0,0,-0.661,-0.661,0.0,0,0,0,0,0,0,0,0.0,0,0,0.0,0,0,16,16,0,0,0,0.75,3,1.0,1,1,0.5,1,2,4,0,0,0,0,0,0,0,0,0.0,0,0,0,0,0,0,0,2,0,0,0,0,0.0,0,0,0,0,1,5,0
DFB-Pokal,1/8 FINALE,02.12.2025,Hertha,Kaiserslautern,Ospite,Kaiserslautern,Kleinhansl Florian,Esterno,Titolare,7.2,1,5,0,0,0,0,0.0,3,0,0,0,0,0,0,0.0,0,3,0.333,6,2,0.25,4,1,0.524,0.588,17,10,21,11,0,0,0.036,0.082,0.0,2.606,0.0,0,4,2,3,0,4,0,0,-1.394,-1.394,0.0,0,0,0,0,0,0,2,0.0,0,0,0.0,0,1,74,74,0,0,1,0.75,24,0.643,9,14,0.75,24,32,32,0,0,0,0,0,0,0,0,0.0,0,0,0,0,0,1,0,4,0,1,0,1,0.8,5,4,0,0,3,65,4
DFB-Pokal,1/8 FINALE,02.12.2025,Hertha,Kaiserslautern,Ospite,Kaiserslautern,Haas Mika,Difensore,Subentrato,6.3,0,0,0,0,0,0,0.0,0,0,0,0,0,0,0,0.0,0,1,0.0,0,0,0.0,1,0,0.5,0.667,3,2,4,2,0,0,0.002,0.0,0.0,1.339,0.0,0,0,0,1,0,2,0,0,-0.661,-0.661,0.0,0,0,0,0,0,0,0,1.0,1,1,0.0,0,0,16,16,0,0,0,1.0,5,1.0,2,2,1.0,5,5,5,0,0,0,0,0,0,0,0,0.0,0,0,0,0,0,0,0,2,0,0,0,0,0.0,1,0,0,0,0,10,2
DFB-Pokal,1/8 FINALE,02.12.2025,Hertha,Kaiserslautern,Ospite,Kaiserslautern,Aremu Afeez,Centrocampista,Subentrato,,0,0,0,0,0,0,0.0,1,0,0,0,0,0,0,0.0,0,0,0.0,0,0,0.0,0,0,1.0,1.0,1,1,1,1,0,0,0.0,0.0,0.0,0.0,0.0,0,0,0,0,0,0,0,0,0.0,0.0,0.0,0,0,0,0,0,0,0,0.0,0,0,0.0,0,0,7,7,0,0,0,0.714,5,0.0,0,2,0.714,5,7,7,0,0,0,0,0,0,0,0,0.0,0,0,0,0,0,0,0,0,0,0,0,0,1.0,1,1,0,0,0,8,0
DFB-Pokal,1/8 FINALE,02.12.2025,Hertha,Kaiserslautern,Ospite,Kaiserslautern,Skytta Naatan,Centrocampista,Titolare,6.4,0,1,0,0,0,0,0.0,6,0,1,0,1,0,0,0.25,1,4,0.0,0,0,0.0,3,0,0.167,0.333,3,1,6,1,0,0,0.164,0.037,0.0,3.944,0.0,0,5,1,0,0,6,0,0,-2.056,-2.056,0.0,0,0,0,1,0,0,3,0.0,0,0,0.0,0,1,90,90,0,0,0,0.8,28,0.765,13,17,0.774,24,31,35,0,0,0,0,0,0,0,0,0.0,0,0,0,0,1,1,0,6,0,0,0,1,1.0,1,1,0,0,7,45,1
DFB-Pokal,1/8 FINALE,02.12.2025,Hertha,Kaiserslautern,Ospite,Kaiserslautern,Simoni Simon,Portiere,Titolare,4.1,0,7,0,0,1,0,0.0,0,0,0,0,1,4,0,0.0,0,0,0.0,0,0,0.0,0,0,0.0,0.0,1,0,1,0,1,0,0.001,0.0,0.0,3.944,0.0,0,2,0,0,0,6,0,0,-2.056,-2.056,0.667,2,3,0,0,3,5,0,0.0,0,0,0.455,5,11,90,90,0,0,0,0.682,15,0.0,0,2,0.733,11,15,22,0,0,0,0,0,0,0,0,0.0,0,0,1,2,0,0,0,8,0,0,0,0,0.0,0,0,0,0,0,36,0
DFB-Pokal,1/8 FINALE,02.12.2025,Hertha,Kaiserslautern,Ospite,Kaiserslautern,Kunze Fabian,Difensore centrale,Titolare,6.5,0,5,0,0,0,0,0.0,0,0,0,0,0,6,0,0.0,0,0,0.0,0,0,0.5,4,2,0.6,0.667,6,4,10,6,0,0,0.009,0.0,0.0,3.944,0.0,0,7,2,1,0,6,0,0,-2.056,-2.056,0.0,0,0,0,3,0,0,0,0.0,0,0,0.4,2,5,90,90,0,0,0,0.846,44,0.857,6,7,0.84,42,50,52,0,0,0,0,0,0,0,0,0.0,0,0,0,0,0,0,0,6,0,0,0,0,0.667,3,2,0,0,0,67,0
DFB-Pokal,1/8 FINALE,02.12.2025,Hertha,Kaiserslautern,Ospite,Kaiserslautern,Robinson Leon,Centrocampista,Subentrato,6.7,0,2,0,0,0,0,0.0,1,0,0,0,1,1,0,0.0,0,1,0.0,1,0,0.0,0,0,0.0,0.0,2,0,2,0,0,0,0.014,0.0,0.0,1.464,0.0,0,9,0,0,0,3,0,0,-1.536,-1.536,0.0,0,0,0,1,0,0,0,0.0,0,0,0.75,6,8,45,45,0,0,0,0.915,43,0.909,10,11,0.915,43,47,47,0,0,0,0,0,0,0,0,0.0,0,0,0,0,0,0,0,3,0,0,0,0,0.0,0,0,0,0,0,53,1
DFB-Pokal,1/8 FINALE,02.12.2025,Hertha,Kaiserslautern,Casa,Hertha,Kolbe Niklas,Terzino,Titolare,5.8,0,5,0,0,0,0,0.0,0,0,0,0,0,4,0,0.0,0,1,0.0,0,0,0.333,3,1,0.625,0.8,5,4,8,5,0,2,0.02,0.0,0.0,0.802,0.0,0,6,1,3,0,1,0,0,-0.198,-0.198,0.0,0,0,0,2,0,0,1,0.0,0,0,0.375,3,8,90,90,0,0,0,0.732,30,0.8,4,5,0.725,29,40,41,0,0,0,0,0,0,0,0,0.0,0,0,0,0,0,0,0,1,0,0,0,0,1.0,1,1,0,0,1,65,2
DFB-Pokal,1/8 FINALE,02.12.2025,Hertha,Kaiserslautern,Casa,Hertha,Gechter Linus,Terzino,Titolare,7.2,0,0,0,0,0,0,0.0,1,0,0,0,0,7,0,0.0,0,1,0.0,0,0,0.8,5,4,0.667,0.5,4,2,9,6,0,0,0.003,0.0,0.0,0.802,0.0,0,2,2,0,0,1,0,0,-0.198,-0.198,0.0,0,0,0,3,0,0,0,0.0,0,0,0.6,3,5,90,90,0,0,0,0.857,36,0.667,2,3,0.854,35,41,42,0,0,0,0,0,0,0,0,0.0,0,0,0,0,0,0,0,1,0,0,0,0,1.0,2,2,0,0,0,62,0
DFB-Pokal,1/8 FINALE,02.12.2025,Hertha,Kaiserslautern,Casa,Hertha,Eichhorn Kennet,Centrocampista,Titolare,6.8,0,12,0,0,0,0,0.0,0,0,0,0,0,0,0,0.0,0,0,0.0,1,0,0.0,0,0,0.571,0.571,7,4,7,4,0,1,0.011,0.555,0.595,0.802,0.0,0,3,1,3,1,1,0,0,-0.198,-0.198,0.0,0,0,0,1,0,0,1,1.0,1,1,0.0,0,4,90,90,0,0,0,0.742,23,0.571,4,7,0.742,23,31,31,0,0,0,0,0,0,0,0,0.0,0,0,0,0,0,2,0,1,0,1,1,2,0.0,1,0,0,1,2,45,3
DFB-Pokal,1/8 FINALE,02.12.2025,Hertha,Kaiserslautern,Casa,Hertha,Thorsteinsson Jon,Attaccante,Subentrato,6.3,0,0,0,0,0,0,0.0,0,0,0,0,0,0,0,0.0,0,0,0.0,0,0,0.0,0,0,0.0,0.0,0,0,0,0,0,0,0.003,0.0,0.0,0.272,0.0,0,1,0,0,0,0,0,0,0.272,0.272,0.0,0,0,0,0,0,0,0,0.0,0,0,0.0,0,0,11,11,0,0,0,0.778,7,0.75,3,4,0.75,6,8,9,0,0,0,0,0,0,0,0,0.0,0,0,0,0,0,0,0,0,0,0,0,0,0.0,0,0,0,0,0,9,0
DFB-Pokal,1/8 FINALE,02.12.2025,Hertha,Kaiserslautern,Casa,Hertha,Kownacki Dawid,Attaccante,Subentrato,7.2,0,0,0,0,0,0,0.0,0,0,0,0,0,0,0,0.0,0,0,1.0,1,1,0.0,0,0,1.0,1.0,1,1,1,1,0,0,0.004,0.778,0.994,0.272,0.0,0,0,0,0,1,0,0,0,0.272,0.272,0.0,0,0,0,0,0,0,0,0.0,0,0,0.0,0,0,19,19,0,0,0,0.667,2,0.5,1,2,0.667,2,3,3,0,0,0,0,0,0,0,0,0.0,0,0,0,0,0,1,0,0,0,0,1,1,0.0,0,0,0,0,2,5,0
DFB-Pokal,1/8 FINALE,02.12.2025,Hertha,Kaiserslautern,Casa,Hertha,Leistner Toni,Difensore centrale,Titolare,7.2,0,2,0,0,0,0,0.0,1,0,0,0,0,12,0,0.0,0,0,0.0,0,0,0.714,7,5,0.75,1.0,1,1,8,6,0,0,0.001,0.0,0.0,0.802,0.0,0,3,0,0,0,1,0,0,-0.198,-0.198,0.0,0,0,0,1,0,0,0,0.0,0,0,0.0,0,3,90,90,0,0,1,0.86,43,0.0,0,4,0.87,40,46,50,0,0,0,0,0,0,0,0,0.0,0,0,0,0,0,0,0,1,0,0,0,0,0.0,1,0,0,0,0,67,0
DFB-Pokal,1/8 FINALE,02.12.2025,Hertha,Kaiserslautern,Casa,Hertha,Schuler Luca,Attaccante,Titolare,8.4,0,1,0,1,0,0,0.0,0,0,0,0,0,0,0,0.0,0,0,1.0,1,1,0.5,8,4,0.462,0.4,5,2,13,6,0,0,0.008,1.554,1.601,0.53,0.0,0,1,2,1,2,1,0,0,-0.47,-0.47,0.0,0,0,0,1,0,0,0,1.0,1,1,0.0,0,0,71,71,0,0,0,0.538,7,0.667,2,3,0.538,7,13,13,0,0,0,0,0,0,0,0,0.0,0,0,0,0,0,4,0,1,0,1,3,4,0.0,0,0,0,0,5,27,3
DFB-Pokal,1/8 FINALE,02.12.2025,Hertha,Kaiserslautern,Casa,Hertha,Reese Fabian,Ala,Titolare,6.6,0,5,0,0,0,0,0.0,3,0,0,0,0,0,0,0.167,1,6,0.25,4,1,0.5,2,1,0.333,0.3,10,3,12,4,0,0,0.008,0.09,0.131,0.53,0.0,0,1,1,0,0,1,0,0,-0.47,-0.47,0.0,0,0,0,0,0,0,0,0.0,0,0,1.0,1,1,71,71,0,0,1,0.7,7,1.0,3,3,0.7,7,10,10,0,0,0,0,0,0,0,0,0.0,0,0,0,0,1,3,0,1,0,1,1,3,0.5,2,1,0,0,7,36,4
DFB-Pokal,1/8 FINALE,02.12.2025,Hertha,Kaiserslautern,Casa,Hertha,Seguin Paul,Centrocampista,Titolare,6.6,0,6,0,0,0,0,0.0,5,0,0,0,1,1,0,0.0,0,1,0.0,1,0,0.5,2,1,0.333,0.25,4,1,6,2,0,0,0.031,0.0,0.0,0.53,0.0,0,5,0,0,0,1,0,0,-0.47,-0.47,0.0,0,0,0,0,0,0,0,1.0,2,2,0.571,4,7,79,79,0,0,1,0.8,28,0.6,6,10,0.893,25,28,35,0,0,0,0,0,0,0,0,0.0,0,0,0,0,0,0,0,1,0,0,0,0,1.0,1,1,0,0,0,45,1
DFB-Pokal,1/8 FINALE,02.12.2025,Hertha,Kaiserslautern,Casa,Hertha,Karbownik Michal,Difensore,Subentrato,6.4,0,1,0,0,0,0,0.0,1,0,0,0,0,0,0,0.0,0,0,0.0,0,0,0.0,0,0,0.5,0.5,2,1,2,1,0,0,0.002,0.0,0.0,0.272,0.0,0,0,1,0,0,0,0,0,0.272,0.272,0.0,0,0,0,0,0,0,0,0.0,0,0,0.0,0,1,11,11,0,0,0,0.667,4,0.5,1,2,0.667,4,6,6,0,0,0,0,0,0,0,0,0.0,0,0,0,0,0,0,0,0,0,0,0,0,1.0,1,1,0,0,0,9,0
DFB-Pokal,1/8 FINALE,02.12.2025,Hertha,Kaiserslautern,Casa,Hertha,Cuisance Michael,Centrocampista offensivo,Titolare,6.9,1,5,1,0,0,0,0.0,3,0,0,0,1,0,0,0.0,0,2,0.0,4,0,1.0,1,1,0.375,0.333,15,5,16,6,0,0,0.036,0.122,0.0,0.802,0.0,0,2,2,3,0,1,0,0,-0.198,-0.198,0.0,0,0,0,0,0,0,1,1.0,2,2,1.0,2,2,90,90,0,0,0,0.85,17,0.9,9,10,0.85,17,20,20,0,0,0,0,0,0,0,0,0.0,0,0,0,0,0,1,1,1,0,2,0,2,0.5,2,1,0,0,3,40,6
DFB-Pokal,1/8 FINALE,02.12.2025,Hertha,Kaiserslautern,Casa,Hertha,Winkler Marten,Ala,Titolare,7.8,0,6,0,0,0,0,0.0,1,0,0,0,0,0,0,0.0,0,2,1.0,3,3,0.333,3,1,0.636,0.75,8,6,11,7,0,0,0.034,0.208,0.279,0.53,0.0,0,3,1,2,1,1,0,0,-0.47,-0.47,0.0,0,0,0,0,0,0,1,0.5,1,2,0.667,2,3,79,79,0,0,0,0.762,16,0.625,5,8,0.762,16,21,21,0,0,0,0,0,0,0,0,0.0,0,0,0,0,1,1,1,1,0,0,1,2,1.0,1,1,0,0,5,41,5
DFB-Pokal,1/8 FINALE,02.12.2025,Hertha,Kaiserslautern,Casa,Hertha,Dardai Marton,Difensore centrale,Titolare,7.7,1,2,1,0,0,0,0.0,0,0,1,0,0,6,0,0.0,0,0,0.0,0,0,1.0,2,2,1.0,1.0,2,2,4,4,0,0,0.022,0.0,0.0,0.53,0.0,0,5,0,1,0,1,0,0,-0.47,-0.47,0.0,0,0,0,0,0,0,1,0.0,0,0,0.625,5,8,79,79,0,0,0,0.875,28,0.8,4,5,0.893,25,28,32,0,0,0,0,0,0,0,0,0.0,0,0,0,0,0,0,0,1,0,0,0,0,1.0,1,1,0,0,0,42,1
DFB-Pokal,1/8 FINALE,02.12.2025,Hertha,Kaiserslautern,Casa,Hertha,Ernst Tjark,Portiere,Titolare,6.9,0,9,0,0,1,0,0.0,0,0,0,0,0,1,0,0.0,0,0,0.0,0,0,0.0,0,0,0.0,0.0,0,0,0,0,0,0,0.001,0.0,0.0,0.802,0.0,0,5,0,0,0,1,0,0,-0.198,-0.198,1.0,1,1,0,0,0,4,0,0.0,0,0,0.368,7,19,90,90,0,0,0,0.7,28,0.0,0,5,0.758,25,33,40,0,0,0,0,0,0,0,0,0.0,0,0,0,2,0,0,0,3,0,0,0,0,0.0,0,0,0,0,0,49,0
DFB-Pokal,1/8 FINALE,02.12.2025,Hertha,Kaiserslautern,Casa,Hertha,Krattenmacher Maurice,Centrocampista,Subentrato,7.9,1,1,1,0,0,0,0.0,0,0,0,0,1,0,0,0.0,0,0,1.0,2,2,0.0,0,0,0.667,0.667,3,2,3,2,0,0,0.178,0.098,0.345,0.272,0.0,0,0,0,0,1,0,0,0,0.272,0.272,0.0,0,0,0,0,0,0,1,1.0,2,2,0.0,0,0,19,19,0,0,0,0.9,9,0.75,3,4,0.9,9,10,10,0,0,0,0,0,0,0,0,0.0,0,0,0,0,0,1,0,0,0,0,1,1,0.0,0,0,0,0,2,14,0
DFB-Pokal,1/8 FINALE,02.12.2025,Hertha,Kaiserslautern,Casa,Hertha,Demme Diego,Centrocampista,Subentrato,6.4,0,0,0,0,0,0,0.0,0,0,0,0,0,0,0,0.0,0,0,0.0,0,0,1.0,1,1,1.0,0.0,0,0,1,1,0,0,0.002,0.0,0.0,0.272,0.0,0,2,0,0,0,0,0,0,0.272,0.272,0.0,0,0,0,0,0,0,0,0.0,0,0,0.0,0,1,11,11,0,0,0,0.929,13,0.5,1,2,0.929,13,14,14,0,0,0,0,0,0,0,0,0.0,0,0,0,0,0,0,0,0,0,0,0,0,0.0,0,0,0,0,0,14,0
DFB-Pokal,1/8 FINALE,02.12.2025,Monchengladbach,St. Pauli,Ospite,St. Pauli,Sinani Danel,Attaccante,Subentrato,,0,0,0,0,0,0,0.0,0,0,0,0,0,1,0,0.0,0,0,0.0,0,0,1.0,1,1,1.0,0.0,0,0,1,1,0,0,0.0,0.0,0.0,0.062,0.0,0,1,0,0,0,0,0,0,0.062,0.062,0.0,0,0,0,0,0,0,0,0.0,0,0,0.0,0,0,1,1,0,0,0,0.0,0,0.0,0,1,0.0,0,1,1,0,0,0,0,0,0,0,0,0.0,0,0,0,0,0,0,0,0,0,0,0,0,0.0,0,0,0,0,0,3,1
DFB-Pokal,1/8 FINALE,02.12.2025,Monchengladbach,St. Pauli,Ospite,St. Pauli,Vasilj Nikola,Portiere,Titolare,7.6,0,9,0,0,1,0,0.0,0,0,0,0,0,0,0,0.0,0,0,0.0,0,0,0.0,0,0,0.0,0.0,0,0,0,0,0,0,0.0,0.0,0.0,1.509,0.0,0,4,0,0,0,1,0,0,0.509,0.509,1.0,1,1,0,0,0,3,0,0.0,0,0,0.273,3,11,90,90,0,0,0,0.795,31,0.25,1,4,0.897,26,29,39,0,0,0,0,0,0,0,0,0.0,0,0,0,5,0,0,0,6,0,0,0,0,0.0,0,0,0,0,0,48,0
DFB-Pokal,1/8 FINALE,02.12.2025,Monchengladbach,St. Pauli,Casa,Monchengladbach,Tabakovic Haris,Attaccante,Titolare,7.2,0,3,0,2,0,0,0.0,4,0,0,0,0,0,0,1.0,1,1,0.0,0,0,0.6,5,3,0.429,0.0,2,0,7,3,0,0,0.045,0.926,0.963,1.551,0.0,0,1,2,0,1,2,0,0,-0.449,-0.449,0.0,0,0,0,0,0,0,0,1.0,7,7,0.0,0,0,86,86,0,0,0,0.905,19,0.889,8,9,0.905,19,21,21,0,0,0,0,0,0,0,0,0.0,0,0,0,0,0,3,0,2,2,1,2,3,0.0,0,0,0,0,5,29,4
DFB-Pokal,1/8 FINALE,02.12.2025,Monchengladbach,St. Pauli,Casa,Monchengladbach,Reyna Giovanni,Centrocampista offensivo,Titolare,6.1,0,2,0,0,0,0,0.0,3,0,0,0,1,0,0,0.0,0,0,0.333,3,1,0.5,6,3,0.333,0.167,6,1,12,4,0,0,0.072,0.0,0.0,0.52,0.0,0,4,0,0,0,1,0,0,-0.48,-0.48,0.0,0,0,0,0,0,0,0,0.0,0,0,0.833,5,6,68,68,0,0,0,0.828,24,0.556,5,9,0.828,24,29,29,0,0,0,0,0,0,0,0,0.0,0,0,0,0,0,0,0,1,0,0,0,0,0.0,0,0,0,0,0,43,4
DFB-Pokal,1/8 FINALE,02.12.2025,Monchengladbach,St. Pauli,Casa,Monchengladbach,Stoger Kevin,Centrocampista,Titolare,6.7,0,1,1,0,0,0,0.0,5,0,0,0,0,1,0,0.333,1,3,0.0,0,0,0.0,0,0,0.0,0.0,2,0,2,0,0,0,0.215,0.293,0.252,1.551,0.0,0,6,1,0,0,2,0,0,-0.449,-0.449,0.0,0,0,0,1,0,0,1,1.0,3,3,0.333,2,6,86,86,0,0,0,0.767,33,0.8,8,10,0.75,30,40,43,0,0,0,0,0,0,0,0,0.0,0,0,0,0,2,2,1,2,0,0,1,3,0.0,0,0,0,0,4,62,5
DFB-Pokal,1/8 FINALE,02.12.2025,Monchengladbach,St. Pauli,Casa,Monchengladbach,Ullrich Lukas,Esterno,Titolare,5.5,0,2,0,0,0,0,0.0,2,0,0,0,0,4,0,0.0,0,2,0.0,2,0,0.0,1,0,0.0,0.0,2,0,3,0,0,0,0.01,0.0,0.0,1.56,0.0,0,6,0,0,0,2,0,0,-0.44,-0.44,0.0,0,0,0,0,0,0,0,0.0,0,0,0.333,2,6,90,90,0,1,1,0.698,37,0.455,5,11,0.698,37,53,53,0,0,0,0,0,0,0,0,0.0,0,0,0,0,0,0,0,2,0,0,0,0,0.0,0,0,0,0,3,74,1
DFB-Pokal,1/8 FINALE,02.12.2025,Monchengladbach,St. Pauli,Ospite,St. Pauli,Metcalfe Connor,Attaccante,Subentrato,,0,0,0,0,0,0,0.0,0,0,0,0,1,0,0,0.0,0,0,0.0,0,0,0.0,0,0,0.0,0.0,1,0,1,0,0,0,0.0,0.0,0.0,0.062,0.0,0,0,0,0,0,0,0,0,0.062,0.062,0.0,0,0,0,0,0,0,0,0.0,0,0,1.0,1,1,1,1,0,0,0,1.0,1,0.0,0,0,1.0,1,1,1,0,0,0,0,0,0,0,0,0.0,0,0,0,0,0,0,0,0,0,0,0,0,0.0,0,0,0,0,0,1,0
DFB-Pokal,1/8 FINALE,02.12.2025,Monchengladbach,St. Pauli,Casa,Monchengladbach,Honorat Franck,Esterno,Titolare,7.6,1,2,2,0,0,0,0.0,5,0,0,0,0,1,0,0.375,3,8,0.0,1,0,0.0,1,0,0.0,0.0,1,0,2,0,0,0,0.498,0.015,0.197,0.52,0.0,0,5,0,0,0,1,0,0,-0.48,-0.48,0.0,0,0,0,0,0,0,3,0.0,0,0,0.0,0,1,68,68,0,0,0,0.783,18,0.4,2,5,0.773,17,22,23,0,0,0,0,0,0,0,0,0.0,0,0,0,0,0,0,1,1,0,0,1,1,0.0,0,0,0,0,2,36,1
DFB-Pokal,1/8 FINALE,02.12.2025,Monchengladbach,St. Pauli,Casa,Monchengladbach,Scally Joe,Difensore centrale,Titolare,6.6,0,7,0,0,0,0,0.0,3,0,0,0,1,1,0,0.0,0,2,0.667,3,2,0.0,1,0,0.556,0.625,8,5,9,5,0,0,0.016,0.0,0.0,1.56,0.0,0,10,0,1,0,2,0,0,-0.44,-0.44,0.0,0,0,0,0,0,0,1,0.0,0,0,0.0,0,3,90,90,0,0,1,0.923,60,0.667,8,12,0.921,58,63,65,0,0,0,0,0,0,0,0,0.0,0,0,0,0,0,0,0,2,0,0,0,0,0.5,2,1,0,0,2,91,2
DFB-Pokal,1/8 FINALE,02.12.2025,Monchengladbach,St. Pauli,Casa,Monchengladbach,Diks Kevin,Difensore centrale,Titolare,6.4,0,3,0,0,0,0,0.0,0,0,0,0,0,2,0,0.0,0,0,0.0,0,0,0.0,1,0,0.667,0.8,5,4,6,4,1,0,0.013,0.0,0.0,1.551,0.0,0,9,1,2,0,2,0,0,-0.449,-0.449,0.0,0,0,0,0,0,0,0,0.0,0,0,0.556,5,9,86,86,0,0,0,0.916,87,0.778,7,9,0.911,82,90,95,0,0,0,0,0,0,0,0,0.0,0,0,0,0,0,0,0,2,0,0,0,0,1.0,2,2,1,0,0,105,2
DFB-Pokal,1/8 FINALE,02.12.2025,Monchengladbach,St. Pauli,Casa,Monchengladbach,Elvedi Nico,Difensore centrale,Titolare,6.5,0,5,0,0,0,0,0.0,0,0,0,0,0,3,0,0.0,0,0,0.0,0,0,0.75,4,3,0.8,1.0,1,1,5,4,0,0,0.033,0.014,0.0,1.56,0.0,0,9,0,0,0,2,0,0,-0.44,-0.44,0.0,0,0,0,0,0,0,0,0.0,0,0,0.4,2,5,90,90,0,0,0,0.896,86,0.667,6,9,0.894,84,94,96,0,0,0,0,0,0,0,0,0.0,0,0,0,0,0,0,1,2,0,1,0,1,1.0,1,1,0,0,0,102,0
DFB-Pokal,1/8 FINALE,02.12.2025,Monchengladbach,St. Pauli,Casa,Monchengladbach,Ranos Grant-Leon,Attaccante,Subentrato,,0,0,0,0,0,0,0.0,1,0,0,0,0,0,0,0.0,0,1,0.0,0,0,0.0,1,0,0.0,0.0,0,0,1,0,0,0,0.0,0.0,0.0,0.009,0.0,0,0,0,0,0,0,0,0,0.009,0.009,0.0,0,0,0,0,0,0,0,0.0,0,0,1.0,2,2,4,4,0,0,0,1.0,4,0.0,0,0,1.0,4,4,4,0,0,0,0,0,0,0,0,0.0,0,0,0,0,0,0,0,0,0,0,0,0,0.0,0,0,0,0,0,6,1
DFB-Pokal,1/8 FINALE,02.12.2025,Monchengladbach,St. Pauli,Casa,Monchengladbach,Engelhardt Yannik,Centrocampista,Titolare,6.7,0,2,0,0,0,0,0.0,2,0,1,0,1,2,0,0.0,0,0,0.0,0,0,0.0,1,0,0.167,0.2,5,1,6,1,0,0,0.17,0.0,0.0,1.56,0.0,0,6,2,1,0,2,0,0,-0.44,-0.44,0.0,0,0,0,3,0,0,2,1.0,3,3,0.333,1,3,90,90,0,0,0,0.943,66,0.75,9,12,0.942,65,69,70,0,0,0,0,0,0,0,0,0.0,0,0,0,0,0,0,0,2,0,0,0,0,0.0,0,0,0,0,1,83,1
DFB-Pokal,1/8 FINALE,02.12.2025,Monchengladbach,St. Pauli,Casa,Monchengladbach,Kleindienst Tim,Attaccante,Subentrato,,0,0,0,0,0,0,0.0,0,0,0,0,0,0,0,0.0,0,0,0.0,0,0,0.0,2,0,0.0,0.0,0,0,2,0,0,0,0.0,0.086,0.035,0.009,0.0,0,0,0,0,0,0,0,0,0.009,0.009,0.0,0,0,0,0,0,0,0,0.0,0,0,0.0,0,0,4,4,0,2,0,0.0,0,0.0,0,0,0.0,0,0,0,0,0,0,0,0,0,0,0,0.0,0,0,0,0,0,1,0,0,1,0,1,1,0.0,0,0,0,0,2,3,1
DFB-Pokal,1/8 FINALE,02.12.2025,Monchengladbach,St. Pauli,Casa,Monchengladbach,Nicolas Moritz,Portiere,Titolare,6.4,0,8,0,0,1,0,0.0,0,0,0,0,0,0,0,0.0,0,0,0.0,0,0,0.0,0,0,0.0,0.0,0,0,0,0,0,0,0.001,0.0,0.0,1.56,0.0,0,2,0,0,0,2,0,0,-0.44,-0.44,0.0,0,0,0,0,0,5,0,0.0,0,0,0.4,2,5,90,90,0,0,0,0.87,20,0.5,1,2,0.85,17,20,23,0,0,0,0,0,0,0,0,0.0,0,0,0,3,0,0,0,5,0,0,0,0,0.0,0,0,0,0,0,31,0
DFB-Pokal,1/8 FINALE,02.12.2025,Monchengladbach,St. Pauli,Casa,Monchengladbach,Machino Shuto,Centrocampista offensivo,Titolare,6.4,0,4,0,0,0,0,0.0,3,0,0,0,0,0,0,0.5,1,2,0.0,0,0,0.6,5,3,0.444,0.25,4,1,9,4,0,0,0.089,0.109,0.0,1.56,0.0,0,3,0,1,0,2,0,0,-0.44,-0.44,0.0,0,0,0,1,0,0,2,1.0,2,2,0.5,1,2,90,90,0,0,0,0.68,17,0.556,5,9,0.68,17,25,25,0,0,0,0,0,0,0,0,0.0,0,0,0,0,0,1,0,2,1,1,0,1,0.0,0,0,0,0,2,41,4
DFB-Pokal,1/8 FINALE,02.12.2025,Monchengladbach,St. Pauli,Casa,Monchengladbach,Mohya Wael,Centrocampista,Subentrato,,0,1,0,0,0,0,0.0,0,0,0,0,0,0,0,0.0,0,0,0.0,0,0,0.0,0,0,0.0,0.0,1,0,1,0,0,0,0.0,0.056,0.0,0.009,0.0,0,0,0,0,0,0,0,0,0.009,0.009,0.0,0,0,0,0,0,0,0,0.0,0,0,0.0,0,0,4,4,0,0,0,1.0,1,0.0,0,0,1.0,1,1,1,0,0,0,0,0,0,0,0,0.0,0,0,0,0,1,0,1,0,0,0,0,1,0.0,0,0,0,0,0,3,1
DFB-Pokal,1/8 FINALE,02.12.2025,Monchengladbach,St. Pauli,Ospite,St. Pauli,Irvine Jackson,Centrocampista,Titolare,7.7,0,7,0,1,0,0,0.0,5,0,1,0,0,3,0,0.0,0,1,0.0,0,0,0.667,3,2,0.833,1.0,3,3,6,5,0,0,0.228,0.125,0.849,1.509,0.0,0,2,0,0,0,1,0,0,0.509,0.509,0.0,0,0,0,1,0,0,2,0.0,0,1,0.0,0,0,90,90,0,0,0,0.719,41,0.765,13,17,0.719,41,57,57,0,0,0,0,0,0,0,0,0.0,0,0,0,0,1,1,1,1,0,0,1,2,1.0,3,3,0,1,3,71,2
DFB-Pokal,1/8 FINALE,02.12.2025,Monchengladbach,St. Pauli,Casa,Monchengladbach,Reitz Rocco,Centrocampista,Subentrato,6.7,0,2,0,0,0,0,0.0,3,0,0,0,0,2,0,0.0,0,1,1.0,1,1,0.0,1,0,0.667,1.0,2,2,3,2,0,0,0.052,0.308,0.062,1.04,0.0,0,5,0,1,0,1,0,0,0.04,0.04,0.0,0,0,0,2,0,0,0,0.0,0,0,0.4,2,5,22,22,0,0,0,0.611,11,0.625,5,8,0.611,11,18,18,0,0,0,0,0,0,0,0,0.0,0,0,0,0,0,1,1,1,0,1,1,2,0.0,0,0,0,0,1,30,1
DFB-Pokal,1/8 FINALE,02.12.2025,Monchengladbach,St. Pauli,Casa,Monchengladbach,Herrmann Charles,Attaccante,Subentrato,6.0,0,3,0,0,0,0,0.0,0,0,0,0,0,0,0,0.0,0,0,0.0,1,0,0.0,1,0,0.0,0.0,4,0,5,0,0,0,0.0,0.0,0.0,1.04,0.0,0,1,2,0,0,1,0,0,0.04,0.04,0.0,0,0,0,0,0,0,0,0.0,0,0,0.5,1,2,22,22,0,0,0,0.6,3,0.0,0,1,0.6,3,5,5,0,0,0,0,0,0,0,0,0.0,0,0,0,0,0,0,0,1,0,0,0,0,0.0,0,0,0,0,0,10,3
DFB-Pokal,1/8 FINALE,02.12.2025,Monchengladbach,St. Pauli,Ospite,St. Pauli,Ceesay Abdoulie,Attaccante,Subentrato,,0,0,0,0,0,0,0.0,0,0,0,0,0,0,0,0.0,0,0,0.0,0,0,0.5,4,2,0.6,1.0,1,1,5,3,0,0,0.001,0.004,0.009,0.062,0.0,0,0,0,1,0,0,0,0,0.062,0.062,0.0,0,0,0,0,0,0,0,0.0,0,0,0.0,0,0,1,1,0,0,0,0.5,1,0.0,0,1,0.5,1,2,2,0,0,0,0,0,0,0,0,0.0,0,0,0,0,0,1,0,0,1,0,1,1,0.0,0,0,0,0,1,4,0
DFB-Pokal,1/8 FINALE,02.12.2025,Monchengladbach,St. Pauli,Ospite,St. Pauli,Fujita Joel,Centrocampista,Titolare,8.0,1,5,1,0,0,0,0.0,1,0,0,0,2,0,0,0.0,0,0,1.0,1,1,0.0,0,0,0.727,0.727,11,8,11,8,0,0,0.263,0.043,0.0,1.509,0.0,0,9,0,2,0,1,0,0,0.509,0.509,0.0,0,0,0,1,0,0,2,1.0,4,4,0.0,0,5,90,90,0,0,0,0.807,46,0.619,13,21,0.807,46,57,57,0,0,0,0,0,0,0,0,0.0,0,0,0,0,1,0,2,1,0,1,0,2,0.2,5,1,0,2,2,74,3
DFB-Pokal,1/8 FINALE,02.12.2025,Monchengladbach,St. Pauli,Ospite,St. Pauli,Pereira Lage Mathias,Centrocampista,Titolare,5.9,0,2,0,0,0,0,0.0,1,0,0,0,1,1,0,0.0,0,0,0.0,0,0,0.0,1,0,0.0,0.0,4,0,5,0,0,0,0.209,0.035,0.0,1.447,0.0,0,1,1,0,0,1,0,0,0.447,0.447,0.0,0,0,0,0,0,0,1,0.0,0,1,1.0,1,1,89,89,0,1,0,0.773,17,0.556,5,9,0.773,17,22,22,0,0,0,0,0,0,0,0,0.0,0,0,0,0,0,0,1,1,0,1,0,1,0.0,0,0,0,1,0,31,5
DFB-Pokal,1/8 FINALE,02.12.2025,Monchengladbach,St. Pauli,Ospite,St. Pauli,Sands James,Centrocampista,Titolare,6.6,0,4,0,0,0,0,0.0,0,0,1,0,0,2,0,0.0,0,0,0.0,0,0,0.25,4,1,0.375,0.5,4,2,8,3,0,0,0.028,0.0,0.0,1.447,0.0,0,6,2,0,0,1,0,0,0.447,0.447,0.0,0,0,0,1,0,0,0,1.0,2,2,0.6,3,5,89,89,0,0,0,0.857,54,0.786,11,14,0.857,54,63,63,0,0,0,0,0,0,0,0,0.0,0,0,0,0,0,0,0,1,0,0,0,0,0.5,2,1,0,0,0,73,1
DFB-Pokal,1/8 FINALE,02.12.2025,Monchengladbach,St. Pauli,Ospite,St. Pauli,Kaars Martijn,Attaccante,Titolare,8.0,1,3,1,0,0,0,0.0,1,0,0,0,0,0,0,0.0,0,1,0.0,2,0,1.0,2,2,0.429,0.2,5,1,7,3,0,0,0.062,0.277,0.52,1.447,0.0,0,0,2,0,1,1,0,0,0.447,0.447,0.0,0,0,0,0,0,0,1,1.0,3,3,0.0,0,0,89,89,0,1,0,0.917,22,1.0,7,7,0.909,20,22,24,0,0,0,0,0,0,0,0,0.0,0,0,0,0,0,3,0,1,0,1,2,3,0.0,1,0,0,0,5,34,2
DFB-Pokal,1/8 FINALE,02.12.2025,Monchengladbach,St. Pauli,Ospite,St. Pauli,Smith Eric,Difensore centrale,Titolare,7.7,0,6,0,0,0,0,0.0,2,0,0,0,0,6,0,0.0,0,0,1.0,1,1,1.0,4,4,1.0,1.0,2,2,6,6,0,0,0.03,0.0,0.0,1.509,0.0,0,13,0,1,0,1,0,0,0.509,0.509,0.0,0,0,0,4,0,0,1,0.0,0,0,0.545,6,11,90,90,0,0,1,0.883,91,0.647,11,17,0.881,89,101,103,0,0,0,0,0,0,0,0,0.0,0,0,0,0,0,0,0,1,0,0,0,0,0.0,0,0,0,0,0,121,0
DFB-Pokal,1/8 FINALE,02.12.2025,Monchengladbach,St. Pauli,Ospite,St. Pauli,Ritzka Lars,Difensore,Subentrato,,0,0,0,0,0,0,0.0,0,0,0,0,0,2,0,0.0,0,0,0.0,0,0,0.0,0,0,0.0,0.0,0,0,0,0,0,0,0.0,0.0,0.0,0.062,0.0,0,0,0,0,0,0,0,0,0.062,0.062,0.0,0,0,0,0,0,0,0,0.0,0,0,0.0,0,0,1,1,0,0,0,0.0,0,0.0,0,0,0.0,0,0,0,0,0,0,0,0,0,0,0,0.0,0,0,0,0,0,0,0,0,0,0,0,0,0.0,0,0,0,0,0,2,0
DFB-Pokal,1/8 FINALE,02.12.2025,Monchengladbach,St. Pauli,Ospite,St. Pauli,Mets Karol,Difensore centrale,Titolare,6.5,0,2,0,0,0,0,0.0,0,0,0,0,0,7,0,0.0,0,0,0.0,0,0,0.4,5,2,0.333,0.0,1,0,6,2,0,0,0.011,0.0,0.0,1.509,0.0,0,8,1,0,0,1,0,0,0.509,0.509,0.0,0,0,0,1,0,0,0,0.0,0,0,0.25,1,4,90,90,0,0,2,0.893,75,0.727,8,11,0.878,65,74,84,0,0,0,0,0,0,0,0,0.0,0,0,0,0,0,0,0,1,0,0,0,0,0.0,0,0,0,0,0,96,0
DFB-Pokal,1/8 FINALE,02.12.2025,Monchengladbach,St. Pauli,Ospite,St. Pauli,Wahl Hauke,Difensore centrale,Titolare,7.1,0,6,0,0,0,0,0.0,0,0,0,0,0,6,0,0.0,0,0,0.0,0,0,0.5,2,1,0.75,1.0,2,2,4,3,0,0,0.017,0.0,0.0,1.509,0.0,0,8,0,1,0,1,0,0,0.509,0.509,0.0,0,0,0,0,0,0,0,0.0,0,0,0.667,2,3,90,90,0,0,0,0.953,82,0.909,10,11,0.952,80,84,86,0,0,0,0,0,0,0,0,0.0,0,0,0,0,0,0,0,1,0,0,0,0,1.0,1,1,0,0,1,97,1
DFB-Pokal,1/8 FINALE,02.12.2025,Monchengladbach,St. Pauli,Ospite,St. Pauli,Oppie Louis,Esterno,Titolare,7.3,0,3,0,0,0,0,0.0,3,0,0,0,0,2,0,0.0,0,4,0.0,0,0,1.0,2,2,1.0,1.0,6,6,8,8,0,0,0.007,0.18,0.183,1.447,0.0,0,2,0,3,1,1,0,0,0.447,0.447,0.0,0,0,0,0,0,0,0,0.0,0,0,0.0,0,2,89,89,0,0,0,0.66,31,0.444,4,9,0.66,31,47,47,0,0,0,0,0,0,0,0,0.0,0,0,0,0,0,2,0,1,0,1,1,2,0.667,3,2,0,0,4,75,1
DFB-Pokal,1/8 FINALE,02.12.2025,Monchengladbach,St. Pauli,Ospite,St. Pauli,Pyrka Arkadiusz,Esterno,Titolare,6.3,0,5,0,0,0,0,0.0,2,0,0,0,0,4,0,0.333,1,3,1.0,1,1,0.5,2,1,0.8,1.0,3,3,5,4,0,1,0.068,0.0,0.0,1.509,0.0,0,5,1,0,0,1,0,0,0.509,0.509,0.0,0,0,0,0,0,0,0,0.0,0,0,0.0,0,1,90,90,0,0,0,0.882,45,0.769,10,13,0.882,45,51,51,0,0,0,0,0,0,0,0,0.0,0,0,0,0,0,0,0,1,0,0,0,0,0.5,2,1,0,0,0,64,1
DFB-Pokal,1/16 FINALE,29.10.2025,Colonia,Bayern,Ospite,Bayern,Laimer Konrad,Terzino,Titolare,7.4,0,4,0,0,0,0,0.0,5,0,0,0,1,2,0,0.0,0,0,0.0,0,0,0.0,1,0,0.625,0.714,7,5,8,5,0,0,0.114,0.0,0.0,1.665,0.0,0,13,1,1,0,1,0,0,0.665,0.665,0.0,0,0,0,0,0,0,2,1.0,1,1,0.333,1,3,90,90,0,0,0,0.811,43,0.783,18,23,0.827,43,52,53,0,0,0,0,0,0,0,0,0.0,0,0,0,0,0,0,0,1,0,0,0,0,0.5,4,2,0,0,2,69,2
DFB-Pokal,1/16 FINALE,29.10.2025,Colonia,Bayern,Ospite,Bayern,Stanisic Josip,Terzino,Titolare,6.8,0,3,0,0,0,0,0.0,3,0,0,0,0,4,0,0.0,0,0,0.0,0,0,0.5,2,1,0.667,1.0,1,1,3,2,0,0,0.046,0.076,0.105,1.665,0.0,0,5,0,0,0,1,0,0,0.665,0.665,0.0,0,0,0,0,0,0,2,0.0,0,0,0.0,0,1,87,87,0,0,0,0.9,36,0.769,10,13,0.897,35,39,40,0,0,0,0,0,0,0,0,0.0,0,0,0,0,0,1,0,1,0,0,1,1,1.0,1,1,0,0,3,55,2
DFB-Pokal,1/16 FINALE,29.10.2025,Colonia,Bayern,Ospite,Bayern,Jackson Nicolas,Attaccante,Subentrato,,0,0,0,0,0,0,0.0,1,0,0,0,0,0,0,0.0,0,0,0.0,1,0,0.0,0,0,0.0,0.0,0,0,0,0,0,0,0.023,0.0,0.0,0.0,0.0,0,0,0,0,0,0,0,0,0.0,0.0,0.0,0,0,0,0,0,0,0,0.0,0,0,0.0,0,0,3,3,0,0,0,1.0,1,1.0,1,1,1.0,1,1,1,0,0,0,0,0,0,0,0,0.0,0,0,0,0,0,0,0,0,0,0,0,0,0.0,0,0,0,0,1,2,0
DFB-Pokal,1/16 FINALE,29.10.2025,Colonia,Bayern,Casa,Colonia,Martel Eric,Difensore centrale,Titolare,5.4,0,2,0,0,0,0,0.0,0,0,0,0,1,3,0,0.0,0,1,1.0,1,1,0.333,3,1,0.5,0.6,5,3,8,4,0,0,0.061,0.366,0.427,5.072,0.0,0,3,1,1,0,4,0,0,1.072,1.072,0.0,0,0,0,2,0,0,0,0.0,0,0,0.0,0,1,90,90,0,0,0,0.861,31,0.75,3,4,0.861,31,36,36,0,0,0,0,0,0,0,0,0.0,0,0,0,0,0,2,0,4,0,0,2,2,0.0,1,0,0,0,3,48,0
DFB-Pokal,1/16 FINALE,29.10.2025,Colonia,Bayern,Casa,Colonia,Krauss Tom,Difensore centrale,Titolare,5.9,0,0,0,0,0,0,0.0,3,0,0,0,2,0,0,0.0,0,0,0.5,2,1,0.0,0,0,0.444,0.444,9,4,9,4,0,0,0.043,0.137,0.0,5.072,0.0,0,4,2,1,0,4,0,0,1.072,1.072,0.0,0,0,0,1,0,0,1,0.0,0,0,0.0,0,1,75,75,0,0,0,0.765,13,0.667,6,9,0.765,13,17,17,0,0,0,0,0,0,0,0,0.0,0,0,0,0,1,1,0,4,0,0,0,1,0.0,2,0,0,0,2,28,1
DFB-Pokal,1/16 FINALE,29.10.2025,Colonia,Bayern,Casa,Colonia,Ache Ragnar,Attaccante,Titolare,7.6,0,1,0,0,0,0,0.0,1,0,0,0,0,3,0,0.0,0,0,0.0,1,0,0.556,18,10,0.5,0.375,8,3,26,13,0,0,0.208,0.632,0.922,5.072,0.0,0,5,3,3,1,4,0,0,1.072,1.072,0.0,0,0,0,0,0,0,3,0.0,0,0,0.0,0,0,90,90,0,0,0,0.476,10,0.462,6,13,0.45,9,20,21,0,0,0,0,0,0,0,0,0.0,0,0,0,0,0,3,0,4,3,1,2,3,0.0,0,0,0,0,7,41,5
DFB-Pokal,1/16 FINALE,29.10.2025,Colonia,Bayern,Casa,Colonia,Waldschmidt Luca,Attaccante,Subentrato,6.6,0,1,0,0,0,0,0.0,0,0,0,0,0,0,0,0.0,0,0,0.0,0,0,0.0,0,0,0.0,0.0,1,0,1,0,0,0,0.017,0.061,0.0,0.0,0.0,0,1,1,0,0,0,0,0,0.0,0.0,0.0,0,0,0,1,0,0,1,0.0,0,0,0.0,0,0,11,11,0,0,0,1.0,5,1.0,2,2,1.0,5,5,5,0,0,0,0,0,0,0,0,0.0,0,0,0,0,1,1,0,0,0,0,0,1,0.0,0,0,0,0,1,7,0
DFB-Pokal,1/16 FINALE,29.10.2025,Colonia,Bayern,Casa,Colonia,Kaminski Jakub,Centrocampista,Titolare,6.4,0,2,0,0,0,0,0.0,7,0,0,0,0,1,0,0.5,3,6,1.0,1,1,0.667,3,2,0.6,0.5,2,1,5,3,0,0,0.248,0.102,0.048,5.072,0.0,0,1,0,0,0,4,0,0,1.072,1.072,0.0,0,0,0,1,0,0,2,1.0,2,2,0.0,0,1,79,79,0,0,0,0.75,9,0.8,4,5,0.727,8,11,12,0,0,0,0,0,0,0,0,0.0,0,0,0,0,0,1,0,4,0,0,1,1,0.0,0,0,0,0,3,26,2
DFB-Pokal,1/16 FINALE,29.10.2025,Colonia,Bayern,Casa,Colonia,Sebulonsen Sebastian,Esterno,Titolare,5.7,0,1,0,0,0,0,0.0,2,0,0,0,1,4,0,0.0,0,1,0.0,2,0,1.0,1,1,0.5,0.429,7,3,8,4,0,0,0.004,0.0,0.0,5.072,0.0,0,5,0,2,0,4,0,0,1.072,1.072,0.0,0,0,0,0,0,0,0,0.0,0,0,0.25,1,4,90,90,0,0,0,0.636,14,0.5,3,6,0.667,14,21,22,0,0,0,0,0,0,0,0,0.0,0,0,0,0,0,0,0,4,0,0,0,0,0.0,1,0,0,0,0,43,2
DFB-Pokal,1/16 FINALE,29.10.2025,Colonia,Bayern,Casa,Colonia,Johannesson Isak,Centrocampista,Titolare,6.6,1,3,0,0,0,0,0.0,5,0,0,0,1,0,0,0.667,2,3,0.0,0,0,0.5,2,1,0.25,0.0,2,0,4,1,0,0,0.231,0.088,0.191,5.072,0.0,0,3,1,0,0,4,0,0,1.072,1.072,0.0,0,0,0,0,0,0,3,0.0,0,0,0.0,0,0,79,79,0,0,0,0.8,20,0.4,2,5,0.773,17,22,25,0,0,0,0,0,0,0,0,0.0,0,0,0,0,0,1,1,4,0,1,1,2,0.0,0,0,0,0,2,32,0
DFB-Pokal,1/16 FINALE,29.10.2025,Colonia,Bayern,Casa,Colonia,Ozkacar Cenk,Difensore,Subentrato,6.3,0,1,0,0,0,0,0.0,0,0,0,0,0,0,0,0.0,0,0,0.0,0,0,0.0,0,0,0.0,0.0,1,0,1,0,0,0,0.002,0.0,0.0,0.469,0.0,0,1,0,0,0,1,0,0,-0.531,-0.531,0.0,0,0,0,1,0,0,0,0.0,0,0,0.0,0,0,25,25,0,0,1,1.0,18,1.0,2,2,1.0,18,18,18,0,0,0,0,0,0,0,0,0.0,0,0,0,0,0,0,0,1,0,0,0,0,0.0,0,0,0,0,0,21,1
DFB-Pokal,1/16 FINALE,29.10.2025,Colonia,Bayern,Casa,Colonia,Lund Kristoffer,Esterno,Titolare,6.6,0,2,0,0,0,0,0.0,3,0,0,0,0,1,0,0.5,1,2,1.0,2,2,0.0,1,0,0.75,0.857,7,6,8,6,0,0,0.371,0.0,0.0,5.072,0.0,0,9,0,3,0,4,0,0,1.072,1.072,0.0,0,0,0,0,0,0,0,0.0,0,0,0.4,2,5,90,90,0,0,0,0.69,20,0.615,8,13,0.69,20,29,29,0,0,0,0,0,0,0,0,0.0,0,0,0,0,0,0,0,4,0,0,0,0,1.0,1,1,0,0,0,52,1
DFB-Pokal,1/16 FINALE,29.10.2025,Colonia,Bayern,Casa,Colonia,Schmied Joel,Difensore centrale,Titolare,5.8,0,0,0,0,0,0,0.0,2,0,0,0,0,5,0,0.0,0,0,0.0,0,0,1.0,3,3,1.0,0.0,0,0,3,3,0,0,0.002,0.089,0.0,5.072,0.0,0,3,0,0,0,4,0,0,1.072,1.072,0.0,0,0,0,1,0,0,0,0.0,0,0,0.333,1,3,90,90,0,0,1,0.867,26,0.5,2,4,0.867,26,30,30,0,0,0,0,0,0,0,0,0.0,0,0,0,0,1,1,0,4,0,0,0,1,0.0,0,0,0,0,1,38,0
DFB-Pokal,1/16 FINALE,29.10.2025,Colonia,Bayern,Casa,Colonia,Maina Linton,Attaccante,Subentrato,6.4,0,1,0,0,0,0,0.0,0,0,0,0,0,0,0,0.0,0,0,0.0,0,0,0.0,0,0,1.0,1.0,1,1,1,1,0,0,0.004,0.033,0.0,0.0,0.0,0,0,0,0,0,0,0,0,0.0,0.0,0.0,0,0,0,0,0,0,0,0.0,0,0,0.0,0,0,11,11,0,0,0,0.6,3,1.0,1,1,0.6,3,5,5,0,0,0,0,0,0,0,0,0.0,0,0,0,0,0,1,0,0,0,1,0,1,0.0,1,0,0,0,1,10,1
DFB-Pokal,1/16 FINALE,29.10.2025,Colonia,Bayern,Casa,Colonia,Huseinbasic Denis,Centrocampista,Subentrato,6.2,0,1,0,0,0,0,0.0,0,0,0,0,0,0,0,0.0,0,0,0.0,0,0,0.0,1,0,0.5,1.0,1,1,2,1,0,0,0.006,0.0,0.0,0.469,0.0,0,3,0,1,0,1,0,0,-0.531,-0.531,0.0,0,0,0,0,0,0,0,0.0,0,0,0.0,0,1,25,25,0,0,0,0.889,16,0.8,4,5,0.882,15,17,18,0,0,0,0,0,0,0,0,0.0,0,0,0,0,0,0,0,1,0,0,0,0,0.0,0,0,0,0,0,19,0
DFB-Pokal,1/16 FINALE,29.10.2025,Colonia,Bayern,Casa,Colonia,Bulter Marius,Centrocampista offensivo,Titolare,6.5,0,4,0,0,0,0,0.0,3,0,0,0,1,1,0,0.333,1,3,0.5,2,1,1.0,1,1,0.417,0.364,11,4,12,5,0,0,0.594,0.004,0.077,4.603,0.0,0,3,2,2,0,3,0,0,1.603,1.603,0.0,0,0,0,0,0,0,0,0.0,0,0,0.0,0,0,65,65,0,0,0,0.846,11,0.8,4,5,0.846,11,13,13,0,0,0,0,0,0,0,0,0.0,0,0,0,0,0,0,1,3,0,0,1,1,0.0,1,0,0,0,2,32,4
DFB-Pokal,1/16 FINALE,29.10.2025,Colonia,Bayern,Ospite,Bayern,Goretzka Leon,Centrocampista,Subentrato,6.5,0,2,0,0,0,0,0.0,0,0,0,0,0,0,0,0.0,0,0,0.0,0,0,0.5,2,1,0.5,0.5,2,1,4,2,0,0,0.004,0.0,0.0,0.0,0.0,0,1,1,1,0,0,0,0,0.0,0.0,0.0,0,0,0,0,0,0,0,1.0,2,2,1.0,1,1,28,28,0,0,0,0.81,17,0.5,2,4,0.789,15,19,21,0,0,0,0,0,0,0,0,0.0,0,0,0,0,0,0,0,0,0,0,0,0,0.0,0,0,0,0,0,24,1
DFB-Pokal,1/16 FINALE,29.10.2025,Colonia,Bayern,Casa,Colonia,Zieler Ron-Robert,Portiere,Titolare,7.4,0,3,0,0,2,0,0.0,2,0,0,0,0,2,0,0.0,0,0,0.0,0,0,0.333,3,1,0.333,0.0,0,0,3,1,0,0,0.018,0.0,0.0,5.072,0.0,0,15,0,0,0,4,0,0,1.072,1.072,0.0,0,0,0,0,1,2,0,0.0,0,0,0.511,23,45,90,90,0,0,0,0.593,35,0.438,7,16,0.579,22,38,59,0,0,0,0,0,0,0,0,0.0,0,0,0,5,0,0,0,9,0,0,0,0,0.0,0,0,0,0,1,68,0
DFB-Pokal,1/16 FINALE,29.10.2025,Colonia,Bayern,Casa,Colonia,Kainz Florian,Centrocampista,Subentrato,6.4,0,0,0,0,0,0,0.0,1,0,0,0,0,0,0,0.0,0,1,0.0,0,0,0.0,0,0,0.5,0.5,2,1,2,1,0,0,0.002,0.0,0.0,0.0,0.0,0,1,1,0,0,0,0,0,0.0,0.0,0.0,0,0,0,0,0,0,0,0.0,0,0,0.0,0,0,15,15,0,0,0,0.818,9,0.667,2,3,0.9,9,10,11,0,0,0,0,0,0,0,0,0.0,0,0,0,0,0,0,0,0,0,0,0,0,1.0,1,1,0,0,0,15,0
DFB-Pokal,1/16 FINALE,29.10.2025,Colonia,Bayern,Casa,Colonia,El Mala Said,Centrocampista offensivo,Titolare,5.6,0,2,0,0,0,0,0.0,1,0,1,0,0,0,0,1.0,1,1,0.0,3,0,1.0,1,1,0.333,0.2,5,1,6,2,0,0,0.027,0.0,0.0,4.603,0.0,0,0,1,0,0,3,0,0,1.603,1.603,0.0,0,0,0,0,0,0,0,0.0,0,0,0.0,0,0,65,65,0,1,0,0.533,8,0.556,5,9,0.533,8,15,15,0,0,0,0,0,0,0,0,0.0,0,0,0,0,0,0,0,3,0,0,0,0,0.0,1,0,0,0,3,22,0
DFB-Pokal,1/16 FINALE,29.10.2025,Colonia,Bayern,Ospite,Bayern,Gnabry Serge,Centrocampista offensivo,Titolare,6.8,0,1,0,0,0,0,0.0,1,0,0,0,0,0,0,0.0,0,0,0.667,3,2,0.0,0,0,0.667,0.667,3,2,3,2,0,0,0.025,0.026,0.0,1.665,0.0,0,3,1,0,0,1,0,0,0.665,0.665,0.0,0,0,0,0,0,0,2,1.0,2,2,0.0,0,0,62,62,0,1,0,0.926,25,0.9,9,10,0.926,25,27,27,0,0,0,0,0,0,0,0,0.0,0,0,0,0,0,1,0,1,0,1,0,1,0.0,0,0,0,0,2,34,1
DFB-Pokal,1/16 FINALE,29.10.2025,Colonia,Bayern,Ospite,Bayern,Diaz Luis,Ala,Titolare,8.8,1,2,2,2,0,0,0.0,1,0,1,0,0,0,0,0.0,0,0,0.0,2,0,0.0,2,0,0.333,0.5,4,2,6,2,0,0,0.853,2.008,1.775,1.665,0.0,0,3,0,1,1,1,0,0,0.665,0.665,0.0,0,0,0,0,0,0,3,0.0,0,0,1.0,1,1,88,88,0,1,0,0.861,31,0.786,11,14,0.857,30,35,36,0,0,0,0,0,0,0,0,0.0,0,0,0,0,0,4,0,1,0,1,3,4,1.0,1,1,0,0,10,51,5
DFB-Pokal,1/16 FINALE,29.10.2025,Colonia,Bayern,Ospite,Bayern,Tah Jonathan,Difensore centrale,Titolare,7.6,0,1,0,0,0,0,0.0,0,0,0,0,0,9,0,0.0,0,0,0.0,0,0,0.75,8,6,0.7,0.5,2,1,10,7,0,0,0.005,0.036,0.141,1.665,0.0,0,2,1,1,0,1,0,0,0.665,0.665,0.0,0,0,0,2,0,0,0,0.0,0,0,0.8,4,5,90,90,0,0,3,0.92,46,1.0,2,2,0.915,43,47,50,0,0,0,0,0,0,0,0,0.0,0,0,0,0,0,1,0,1,0,0,1,1,0.0,0,0,0,0,1,68,1
DFB-Pokal,1/16 FINALE,29.10.2025,Colonia,Bayern,Ospite,Bayern,Guerreiro Raphael,Difensore,Subentrato,,0,0,0,0,0,0,0.0,0,0,0,0,0,0,0,0.0,0,0,0.0,0,0,0.0,0,0,1.0,1.0,1,1,1,1,0,0,0.0,0.0,0.0,0.0,0.0,0,0,0,0,0,0,0,0,0.0,0.0,0.0,0,0,0,0,0,0,0,0.0,0,0,0.0,0,0,2,2,0,0,0,0.8,4,0.0,0,1,0.8,4,5,5,0,0,0,0,0,0,0,0,0.0,0,0,0,0,0,0,0,0,0,0,0,0,1.0,1,1,0,0,0,7,1
DFB-Pokal,1/16 FINALE,29.10.2025,Colonia,Bayern,Ospite,Bayern,Boey Sacha,Difensore,Subentrato,,0,1,0,0,0,0,0.0,0,0,0,0,0,0,0,0.0,0,0,0.0,0,0,0.0,0,0,0.0,0.0,0,0,0,0,0,0,0.001,0.0,0.0,0.0,0.0,0,0,0,0,0,0,0,0,0.0,0.0,0.0,0,0,0,0,0,0,0,0.0,0,0,0.0,0,0,3,3,0,0,0,0.667,2,1.0,1,1,0.667,2,3,3,0,0,0,0,0,0,0,0,0.0,0,0,0,0,0,0,0,0,0,0,0,0,0.0,0,0,0,0,0,6,2
DFB-Pokal,1/16 FINALE,29.10.2025,Colonia,Bayern,Ospite,Bayern,Urbig Jonas,Portiere,Titolare,7.6,0,10,0,0,0,0,0.0,0,0,0,0,0,0,0,0.0,0,0,0.0,0,0,1.0,1,1,1.0,0.0,0,0,1,1,0,0,0.0,0.0,0.0,1.665,0.0,0,7,0,1,0,1,0,0,0.665,0.665,0.0,0,0,0,0,1,5,0,0.0,0,0,0.154,2,13,90,90,0,0,0,0.647,22,0.0,0,7,0.679,19,28,34,0,0,0,0,0,0,0,0,0.0,0,0,0,6,0,0,0,7,0,0,0,0,0.0,0,0,0,0,0,46,0
DFB-Pokal,1/16 FINALE,29.10.2025,Colonia,Bayern,Ospite,Bayern,Kimmich Joshua,Centrocampista,Titolare,7.9,1,2,1,0,0,0,0.0,4,0,0,0,0,1,0,0.333,1,3,0.0,0,0,1.0,1,1,0.714,0.667,6,4,7,5,0,0,0.225,0.211,0.0,1.665,0.0,0,10,2,1,0,1,0,0,0.665,0.665,0.0,0,0,0,2,0,0,1,0.0,0,0,0.75,3,4,90,90,0,0,0,0.873,55,0.786,11,14,0.86,49,57,63,0,0,0,0,0,0,0,0,0.0,0,0,0,0,0,1,0,1,0,1,0,1,0.667,3,2,0,0,1,79,0
DFB-Pokal,1/16 FINALE,29.10.2025,Colonia,Bayern,Ospite,Bayern,Pavlovic Aleksandar,Centrocampista,Titolare,6.4,0,3,0,0,0,0,0.0,1,0,0,0,1,1,0,0.0,0,0,1.0,1,1,0.333,3,1,0.444,0.5,6,3,9,4,0,0,0.121,0.0,0.0,1.665,0.0,0,3,1,2,0,1,0,0,0.665,0.665,0.0,0,0,0,0,0,0,0,1.0,2,2,0.5,2,4,90,90,0,0,0,0.887,55,1.0,13,13,0.887,55,62,62,0,0,0,0,0,0,0,0,0.0,0,0,0,0,0,0,0,1,0,0,0,0,0.0,0,0,0,0,2,72,2
DFB-Pokal,1/16 FINALE,29.10.2025,Colonia,Bayern,Ospite,Bayern,Karl Lennart,Centrocampista,Subentrato,5.9,0,0,0,0,0,0,0.0,0,0,0,0,0,0,0,0.0,0,0,0.0,0,0,0.0,0,0,0.5,0.5,2,1,2,1,0,1,0.002,0.0,0.0,0.0,0.0,0,2,1,1,0,0,0,0,0.0,0.0,0.0,0,0,0,0,0,0,0,0.0,0,0,0.0,0,1,13,13,0,0,0,0.727,8,0.6,3,5,0.727,8,11,11,0,0,0,0,0,0,0,0,0.0,0,0,0,0,0,0,0,0,0,0,0,0,0.0,0,0,0,0,0,12,0
DFB-Pokal,1/16 FINALE,29.10.2025,Colonia,Bayern,Ospite,Bayern,Kane Harry,Attaccante,Titolare,9.1,0,1,1,2,0,0,0.0,3,0,0,0,1,2,0,0.0,0,0,0.5,2,1,0.2,5,1,0.385,0.5,8,4,13,5,0,0,0.031,1.4,2.723,1.665,0.0,0,4,1,1,2,1,0,0,0.665,0.665,0.0,0,0,0,0,0,0,1,1.0,2,2,0.667,2,3,87,87,0,0,0,0.769,20,0.778,7,9,0.76,19,25,26,0,0,0,0,0,0,0,0,0.0,0,0,0,0,1,5,0,1,3,1,3,5,0.5,2,1,0,0,5,40,2
DFB-Pokal,1/16 FINALE,29.10.2025,Colonia,Bayern,Ospite,Bayern,Olise Michael,Ala,Titolare,8.2,0,6,1,0,0,0,0.0,5,0,0,0,1,0,0,0.25,1,4,0.5,4,2,0.5,2,1,0.455,0.444,9,4,11,5,0,0,0.519,0.438,0.328,1.665,0.0,0,1,3,1,1,1,0,0,0.665,0.665,0.0,0,0,0,0,0,0,1,0.0,0,0,0.0,0,0,77,77,0,0,0,0.875,28,0.857,12,14,0.871,27,31,32,0,0,0,0,0,0,0,0,0.0,0,0,0,0,1,2,1,1,0,1,1,3,0.0,1,0,0,0,6,52,5
DFB-Pokal,1/16 FINALE,29.10.2025,Colonia,Bayern,Ospite,Bayern,Upamecano Dayot,Difensore centrale,Titolare,7.5,0,8,0,0,0,0,0.0,0,0,1,0,2,6,0,0.0,0,0,0.0,0,0,0.3,10,3,0.381,0.455,11,5,21,8,0,0,0.006,0.0,0.0,1.665,0.0,0,5,2,1,0,1,0,0,0.665,0.665,0.0,0,0,0,2,0,0,0,0.0,0,0,0.5,2,4,90,90,0,0,0,0.885,54,0.6,3,5,0.885,54,61,61,0,0,0,0,0,0,0,0,0.0,0,0,0,0,0,0,0,1,0,0,0,0,0.75,4,3,0,0,0,78,2
DFB-Pokal,1/16 FINALE,29.10.2025,Darmstadt,Schalke,Ospite,Schalke,El-Faouzi Soufian,Centrocampista,Titolare,5.9,0,3,0,0,0,0,0.0,3,0,0,0,0,0,0,0.0,0,2,0.5,2,1,0.0,3,0,0.25,0.333,9,3,12,3,0,0,0.058,0.0,0.0,3.446,0.0,0,6,4,1,0,4,0,0,-0.554,-0.554,0.0,0,0,0,2,0,0,1,0.0,0,0,0.0,0,1,90,90,0,0,0,0.833,30,0.765,13,17,0.829,29,35,36,0,0,0,0,0,0,0,0,0.0,0,0,0,0,0,0,0,4,0,0,0,0,1.0,1,1,0,0,2,49,3
DFB-Pokal,1/16 FINALE,29.10.2025,Darmstadt,Schalke,Ospite,Schalke,Katic Nikola,Difensore centrale,Titolare,5.9,0,5,0,0,0,0,0.0,0,0,0,0,0,3,0,0.0,0,0,0.0,0,0,0.0,3,0,0.556,0.833,6,5,9,5,0,0,0.013,0.0,0.0,3.446,0.0,0,4,2,2,0,4,0,0,-0.554,-0.554,0.0,0,0,0,0,0,0,0,0.0,0,0,0.6,3,5,63,63,0,0,0,0.87,40,0.6,3,5,0.864,38,44,46,0,0,0,0,0,0,0,0,0.0,0,0,0,0,0,0,0,4,0,0,0,0,0.333,3,1,0,0,0,54,0
DFB-Pokal,1/16 FINALE,29.10.2025,Darmstadt,Schalke,Ospite,Schalke,Porath Finn,Esterno,Titolare,6.7,0,3,0,0,0,0,0.0,4,0,0,0,0,2,0,0.0,0,2,0.0,0,0,1.0,2,2,1.0,1.0,5,5,7,7,0,0,0.241,0.0,0.0,3.446,0.0,0,12,0,4,0,4,0,0,-0.554,-0.554,0.0,0,0,0,1,0,0,0,0.0,0,0,0.333,2,6,90,90,0,0,0,0.656,21,0.529,9,17,0.645,20,31,32,0,0,0,0,0,0,0,0,0.0,0,0,0,0,0,0,0,4,0,0,0,0,1.0,1,1,0,0,0,46,2
DFB-Pokal,1/16 FINALE,29.10.2025,Darmstadt,Schalke,Ospite,Schalke,Gruger Max,Centrocampista,Subentrato,6.4,0,3,0,0,0,0,0.0,0,0,0,0,0,0,0,0.0,0,0,0.0,0,0,0.0,0,0,1.0,1.0,1,1,1,1,0,0,0.003,0.0,0.0,0.0,0.0,0,1,0,0,0,0,0,0,0.0,0.0,0.0,0,0,0,1,0,0,0,0.0,0,0,1.0,1,1,19,19,0,0,0,0.857,12,0.5,1,2,0.846,11,13,14,0,0,0,0,0,0,0,0,0.0,0,0,0,0,0,0,0,0,0,0,0,0,1.0,1,1,0,0,0,18,0
DFB-Pokal,1/16 FINALE,29.10.2025,Darmstadt,Schalke,Ospite,Schalke,Schallenberg Ron,Centrocampista,Titolare,6.6,0,7,0,0,0,0,0.0,2,0,0,0,0,1,1,0.0,0,0,0.0,0,0,1.0,1,1,0.75,0.667,3,2,4,3,0,1,0.027,0.0,0.0,3.446,0.0,0,7,1,2,0,4,0,0,-0.554,-0.554,0.0,0,0,0,1,0,0,0,0.0,0,0,0.2,1,5,71,71,0,0,1,0.821,32,0.583,7,12,0.842,32,38,39,0,0,0,0,0,0,0,0,0.0,0,0,0,0,0,0,0,4,0,0,0,0,0.0,0,0,0,0,0,46,0
DFB-Pokal,1/16 FINALE,29.10.2025,Darmstadt,Schalke,Ospite,Schalke,Sanchez Felipe,Difensore,Subentrato,6.1,0,1,0,0,0,0,0.0,0,0,1,0,0,2,0,0.0,0,0,0.0,0,0,0.25,4,1,0.333,0.5,2,1,6,2,0,0,0.002,0.0,0.0,0.0,0.0,0,2,1,1,0,0,0,0,0.0,0.0,0.0,0,0,0,1,0,0,0,0.0,0,0,0.0,0,0,27,27,0,0,0,0.913,21,1.0,2,2,0.913,21,23,23,0,0,0,0,0,0,0,0,0.0,0,0,0,0,0,0,0,0,0,0,0,0,0.0,0,0,0,0,0,33,1
DFB-Pokal,1/16 FINALE,29.10.2025,Darmstadt,Schalke,Ospite,Schalke,Donkor Anton-Leander,Difensore,Subentrato,6.3,0,2,0,1,0,0,0.0,2,0,0,0,0,0,0,0.0,0,4,0.0,0,0,0.0,0,0,0.0,0.0,0,0,0,0,0,0,0.002,0.132,0.0,0.0,0.0,0,1,0,0,0,0,0,0,0.0,0.0,0.0,0,0,0,0,0,0,0,0.0,0,0,0.0,0,2,19,19,0,0,0,0.455,5,0.4,2,5,0.455,5,11,11,0,0,0,0,0,0,0,0,0.0,0,0,0,0,0,1,0,0,0,1,0,1,0.0,0,0,0,0,4,17,0
DFB-Pokal,1/16 FINALE,29.10.2025,Darmstadt,Schalke,Ospite,Schalke,Karaman Kenan,Centrocampista offensivo,Titolare,5.9,0,3,1,1,0,0,0.0,2,0,0,0,1,1,0,0.0,0,0,0.0,3,0,1.0,2,2,0.375,0.167,6,1,8,3,1,0,0.092,0.428,0.657,3.446,0.0,0,3,0,1,0,4,0,0,-0.554,-0.554,0.0,0,0,0,0,0,0,2,0.0,0,0,0.333,1,3,63,63,0,0,0,0.609,14,0.455,5,11,0.609,14,23,23,0,0,0,0,0,0,0,0,0.0,0,0,0,0,0,1,0,4,0,0,1,1,0.0,0,0,0,0,4,36,4
DFB-Pokal,1/16 FINALE,29.10.2025,Darmstadt,Schalke,Ospite,Schalke,Gantenbein Adrian,Esterno,Titolare,5.7,0,5,0,0,0,0,0.0,2,0,0,0,2,0,0,0.0,0,3,0.0,1,0,0.0,1,0,0.0,0.0,4,0,5,0,0,0,0.003,0.027,0.0,3.446,0.0,0,1,2,0,0,4,0,0,-0.554,-0.554,0.0,0,0,0,1,0,0,0,0.0,0,0,0.0,0,1,71,71,0,0,1,0.769,10,0.667,2,3,0.769,10,13,13,0,0,0,0,0,0,0,0,0.0,0,0,0,0,0,0,1,4,0,1,0,1,0.0,0,0,0,0,3,25,0
DFB-Pokal,1/16 FINALE,29.10.2025,Darmstadt,Schalke,Ospite,Schalke,Sylla Moussa,Attaccante,Titolare,5.7,0,0,0,1,0,0,0.0,0,0,0,0,1,0,0,0.0,0,0,0.0,0,0,0.167,6,1,0.333,0.667,3,2,9,3,0,0,0.008,0.249,0.0,3.446,0.0,0,1,0,2,0,4,0,0,-0.554,-0.554,0.0,0,0,0,0,0,0,0,1.0,1,1,1.0,1,1,63,63,0,0,0,0.667,10,0.333,1,3,0.5,5,10,15,0,0,0,0,0,0,0,0,0.0,0,0,0,0,0,1,0,4,0,1,0,1,0.0,0,0,0,0,1,20,1
DFB-Pokal,1/16 FINALE,29.10.2025,Darmstadt,Schalke,Ospite,Schalke,Karius Loris,Portiere,Titolare,5.4,0,10,0,0,0,0,0.0,0,0,0,0,0,2,0,0.0,0,0,0.0,0,0,0.0,0,0,0.0,0.0,0,0,0,0,0,1,0.002,0.0,0.0,3.446,0.0,0,8,0,0,0,4,0,0,-0.554,-0.554,0.0,0,1,0,0,2,7,0,0.0,0,0,0.429,6,14,90,90,0,0,0,0.735,25,0.25,2,8,0.704,19,27,34,0,0,0,0,0,0,0,0,0.0,0,0,0,3,0,0,0,7,0,0,0,0,0.0,0,0,0,0,0,47,0
DFB-Pokal,1/16 FINALE,29.10.2025,Darmstadt,Schalke,Ospite,Schalke,Bachmann Janik,Centrocampista offensivo,Titolare,5.1,0,2,0,1,0,0,0.0,4,0,0,0,0,1,0,0.0,0,0,0.0,1,0,0.2,5,1,0.1,0.0,5,0,10,1,0,0,0.019,0.373,0.0,3.446,0.0,0,0,3,0,0,4,0,0,-0.554,-0.554,0.0,0,0,0,0,0,0,0,1.0,2,2,1.0,1,1,90,90,0,0,0,0.889,8,0.833,5,6,0.889,8,9,9,0,0,0,0,0,0,0,0,0.0,0,0,0,0,0,1,0,4,0,1,0,1,0.0,0,0,0,1,1,22,7
DFB-Pokal,1/16 FINALE,29.10.2025,Darmstadt,Schalke,Ospite,Schalke,Younes Amin,Attaccante,Subentrato,7.1,0,1,2,0,0,0,0.0,5,0,0,0,0,0,0,0.333,1,3,0.5,2,1,0.0,0,0,0.25,0.25,4,1,4,1,0,0,0.164,0.056,0.0,0.0,0.0,0,2,0,0,0,0,0,0,0.0,0.0,0.0,0,0,0,1,0,0,3,0.0,0,0,0.0,0,0,27,27,0,0,0,0.75,12,0.6,6,10,0.75,12,16,16,0,0,0,0,0,0,0,0,0.0,0,0,0,0,1,1,0,0,0,0,0,1,0.0,0,0,0,0,7,29,3
DFB-Pokal,1/16 FINALE,29.10.2025,Darmstadt,Schalke,Ospite,Schalke,Remmert Peter,Attaccante,Subentrato,6.3,0,0,0,0,0,0,0.0,0,0,0,0,0,0,0,0.0,0,0,0.0,1,0,1.0,1,1,0.5,0.0,1,0,2,1,0,0,0.004,0.059,0.0,0.0,0.0,0,0,0,0,0,0,0,0,0.0,0.0,0.0,0,0,0,0,0,0,0,1.0,1,1,0.0,0,0,27,27,0,0,0,1.0,2,1.0,2,2,1.0,2,2,2,0,0,0,0,0,0,0,0,0.0,0,0,0,0,0,1,0,0,1,1,0,1,0.0,0,0,0,0,1,6,1
DFB-Pokal,1/16 FINALE,29.10.2025,Darmstadt,Schalke,Ospite,Schalke,Kurucay Hasan,Difensore centrale,Titolare,6.8,0,4,0,0,0,0,0.0,1,0,0,0,1,0,0,0.0,0,1,0.0,0,0,1.0,2,2,0.667,0.5,4,2,6,4,0,0,0.062,0.0,0.0,3.446,0.0,0,7,0,1,0,4,0,0,-0.554,-0.554,0.0,0,0,0,2,0,0,0,0.0,0,0,0.889,8,9,90,90,0,0,3,0.917,66,0.75,6,8,0.906,58,64,72,0,0,0,0,0,0,0,0,0.0,0,0,0,0,0,0,0,4,0,0,0,0,1.0,1,1,0,0,1,85,1
DFB-Pokal,1/16 FINALE,29.10.2025,Darmstadt,Schalke,Ospite,Schalke,Ayhan Mertcan,Difensore centrale,Titolare,5.9,0,1,0,0,0,0,0.0,1,0,0,0,3,3,0,0.0,0,0,1.0,1,1,1.0,3,3,0.692,0.6,10,6,13,9,0,0,0.002,0.0,0.0,3.446,0.0,0,6,1,1,0,4,0,0,-0.554,-0.554,0.0,0,0,0,1,0,0,0,0.0,0,0,0.429,3,7,90,90,0,0,0,0.743,26,0.0,0,6,0.719,23,32,35,0,0,0,0,0,0,0,0,0.0,0,0,0,0,0,0,0,4,0,0,0,0,0.5,4,2,0,1,0,52,0
DFB-Pokal,1/16 FINALE,29.10.2025,Darmstadt,Schalke,Casa,Darmstadt,Lidberg Isac,Attaccante,Titolare,6.0,0,2,0,1,0,0,0.0,2,0,0,0,0,0,0,0.0,0,0,0.0,2,0,0.0,1,0,0.091,0.1,10,1,11,1,0,0,0.085,0.528,0.0,0.657,0.0,0,2,6,1,0,0,0,0,0.657,0.657,0.0,0,0,0,0,0,0,2,0.0,0,0,0.0,0,0,59,59,0,2,0,0.889,8,0.833,5,6,0.889,8,9,9,0,0,0,0,0,0,0,0,0.0,0,0,0,0,0,1,0,0,0,1,0,1,0.0,0,0,0,0,5,19,3
DFB-Pokal,1/16 FINALE,29.10.2025,Darmstadt,Schalke,Casa,Darmstadt,Holland Fabian,Difensore centrale,Titolare,7.3,0,2,0,0,0,0,0.0,3,0,0,0,0,3,0,0.0,0,1,0.0,0,0,1.0,4,4,0.9,0.833,6,5,10,9,0,0,0.1,0.0,0.0,0.657,0.0,0,6,1,4,0,0,0,0,0.657,0.657,0.0,0,0,0,1,0,0,1,0.0,0,0,0.429,3,7,90,90,0,0,0,0.833,35,0.8,8,10,0.829,34,41,42,0,0,0,0,0,0,0,0,0.0,0,0,0,0,0,0,0,0,0,0,0,0,1.0,1,1,0,0,0,62,1
DFB-Pokal,1/16 FINALE,29.10.2025,Darmstadt,Schalke,Casa,Darmstadt,Bader Matthias,Difensore,Subentrato,6.4,0,1,0,0,0,0,0.0,0,0,0,0,0,0,0,0.0,0,0,0.0,2,0,0.0,0,0,0.5,0.5,2,1,2,1,0,0,0.006,0.0,0.0,0.0,0.0,0,2,0,0,0,0,0,0,0.0,0.0,0.0,0,0,0,0,0,0,0,0.0,0,0,0.667,2,3,14,14,0,0,0,0.625,5,1.0,2,2,0.625,5,8,8,0,0,0,0,0,0,0,0,0.0,0,0,0,0,0,0,0,0,0,0,0,0,0.0,1,0,0,0,0,17,0
DFB-Pokal,1/16 FINALE,29.10.2025,Darmstadt,Schalke,Casa,Darmstadt,Pfeiffer Patric,Difensore centrale,Titolare,7.3,0,4,0,0,0,0,0.0,2,0,1,0,0,5,0,0.0,0,0,0.0,0,0,0.8,5,4,0.7,0.6,5,3,10,7,0,0,0.012,0.059,0.0,0.657,0.0,0,6,2,1,0,0,0,0,0.657,0.657,0.0,0,0,0,0,0,0,1,0.0,0,0,0.4,4,10,76,76,0,0,1,0.787,37,0.571,4,7,0.8,36,45,47,0,0,0,0,0,0,0,0,0.0,0,0,0,0,1,1,0,0,0,0,0,1,0.5,2,1,0,0,2,57,0
DFB-Pokal,1/16 FINALE,29.10.2025,Darmstadt,Schalke,Casa,Darmstadt,Papela Merveille,Centrocampista,Subentrato,6.4,0,2,0,0,0,0,0.0,0,0,0,0,0,0,0,0.0,0,0,1.0,1,1,0.0,0,0,1.0,1.0,2,2,2,2,0,0,0.003,0.0,0.0,0.0,0.0,0,1,0,1,0,0,0,0,0.0,0.0,0.0,0,0,0,0,0,0,0,0.0,0,0,1.0,1,1,14,14,0,0,0,0.833,5,1.0,1,1,0.833,5,6,6,0,0,0,0,0,0,0,0,0.0,0,0,0,0,0,0,0,0,0,0,0,0,0.0,0,0,0,0,0,8,0
DFB-Pokal,1/16 FINALE,29.10.2025,Darmstadt,Schalke,Casa,Darmstadt,Will Paul,Centrocampista,Subentrato,,0,1,0,0,0,0,0.0,0,0,0,0,0,1,0,0.0,0,0,0.0,0,0,0.0,0,0,1.0,1.0,1,1,1,1,0,0,0.001,0.0,0.0,0.0,0.0,0,0,0,0,0,0,0,0,0.0,0.0,0.0,0,0,0,0,0,0,0,0.0,0,0,0.5,1,2,10,10,0,0,0,0.857,12,0.0,0,0,0.857,12,14,14,0,0,0,0,0,0,0,0,0.0,0,0,0,0,0,0,0,0,0,0,0,0,1.0,1,1,0,0,0,16,0
DFB-Pokal,1/16 FINALE,29.10.2025,Darmstadt,Schalke,Casa,Darmstadt,Vukotic Aleksandar,Difensore,Subentrato,6.3,0,0,0,0,0,0,0.0,0,0,0,0,0,0,0,0.0,0,0,0.0,0,0,0.0,1,0,0.0,0.0,0,0,1,0,0,0,0.0,0.0,0.0,0.0,0.0,0,0,0,0,0,0,0,0,0.0,0.0,0.0,0,0,0,0,0,0,0,0.0,0,0,1.0,1,1,14,14,0,0,0,0.944,17,0.0,0,0,0.944,17,18,18,0,0,0,0,0,0,0,0,0.0,0,0,0,0,0,0,0,0,0,0,0,0,0.0,0,0,0,0,0,18,0
DFB-Pokal,1/16 FINALE,29.10.2025,Darmstadt,Schalke,Casa,Darmstadt,Maglica Matej,Difensore centrale,Titolare,8.6,0,4,0,0,0,0,0.0,2,0,0,0,0,9,0,0.0,0,0,0.0,0,0,0.833,6,5,0.714,0.0,1,0,7,5,0,0,0.033,0.115,0.671,0.657,0.0,0,7,1,1,1,0,0,0,0.657,0.657,0.0,0,0,0,4,0,0,0,0.0,0,0,0.385,5,13,90,90,0,0,0,0.797,51,0.444,4,9,0.8,40,50,64,0,0,0,0,0,0,0,0,0.0,0,0,0,0,0,1,0,0,1,0,1,1,0.0,0,0,0,0,1,79,0
DFB-Pokal,1/16 FINALE,29.10.2025,Darmstadt,Schalke,Casa,Darmstadt,Klefisch Kai,Centrocampista,Titolare,7.3,1,7,1,0,0,0,0.0,1,0,0,0,1,1,0,0.0,0,1,0.0,0,0,0.0,1,0,0.5,0.667,3,2,4,2,0,0,0.197,0.016,0.0,0.657,0.0,0,6,0,1,0,0,0,0,0.657,0.657,0.0,0,0,0,2,0,0,1,0.0,0,0,0.6,3,5,76,76,0,0,0,0.811,30,0.556,5,9,0.806,29,36,37,0,0,0,0,0,0,0,0,0.0,0,0,0,0,0,1,0,0,1,1,0,1,0.0,1,0,0,1,1,48,1
DFB-Pokal,1/16 FINALE,29.10.2025,Darmstadt,Schalke,Casa,Darmstadt,Lopez Sergio,Esterno,Titolare,7.7,1,5,1,0,0,0,0.0,3,0,0,0,1,1,0,0.5,2,4,1.0,3,3,0.0,0,0,0.714,0.714,7,5,7,5,0,0,0.088,0.0,0.0,0.657,0.0,0,4,1,0,0,0,0,0,0.657,0.657,0.0,0,0,0,2,0,0,2,0.0,0,0,0.8,8,10,76,76,0,0,0,0.889,32,0.5,2,4,0.889,32,36,36,0,0,0,0,0,0,0,0,0.0,0,0,0,0,0,0,0,0,0,0,0,0,0.5,2,1,0,1,1,57,0
DFB-Pokal,1/16 FINALE,29.10.2025,Darmstadt,Schalke,Casa,Darmstadt,Hornby Fraser,Centrocampista offensivo,Titolare,8.1,0,3,0,0,0,0,0.0,1,0,0,0,0,0,0,0.0,0,0,0.0,0,0,0.667,3,2,0.75,1.0,1,1,4,3,0,0,0.012,0.954,1.166,0.657,0.0,0,0,0,0,1,0,0,0,0.657,0.657,0.0,0,0,0,0,0,0,0,0.5,1,2,1.0,1,1,90,90,0,0,0,0.833,20,0.571,4,7,0.826,19,23,24,0,0,0,0,0,0,0,0,0.0,0,0,0,0,1,4,2,0,1,1,4,6,1.0,1,1,0,0,6,34,0
DFB-Pokal,1/16 FINALE,29.10.2025,Darmstadt,Schalke,Casa,Darmstadt,Marseiler Luca,Esterno,Titolare,7.9,1,2,1,0,0,0,0.0,8,0,0,0,0,1,0,0.167,1,6,0.429,7,3,0.5,2,1,0.583,0.6,10,6,12,7,0,0,0.248,0.007,0.089,0.657,0.0,0,5,0,2,0,0,0,0,0.657,0.657,0.0,0,0,0,0,0,0,2,0.0,0,0,0.25,1,4,80,80,0,0,0,0.556,10,0.5,7,14,0.556,10,18,18,0,0,0,0,0,0,0,0,0.0,0,0,0,0,0,0,1,0,0,0,1,1,1.0,1,1,0,1,4,38,0
DFB-Pokal,1/16 FINALE,29.10.2025,Darmstadt,Schalke,Casa,Darmstadt,Bialek Bartosz,Attaccante,Subentrato,7.4,0,2,0,0,0,0,0.0,1,0,0,0,0,0,0,0.0,0,1,0.0,0,0,0.6,5,3,0.5,0.0,1,0,6,3,0,0,0.0,0.502,0.763,0.0,0.0,0,1,1,0,1,0,0,0,0.0,0.0,0.0,0,0,0,0,0,0,0,0.0,0,0,0.0,0,0,31,31,0,0,0,0.333,1,0.0,0,1,0.333,1,3,3,0,0,0,0,0,0,0,0,0.0,0,0,0,0,0,1,0,0,0,0,1,1,0.0,0,0,0,0,1,11,5
DFB-Pokal,1/16 FINALE,29.10.2025,Darmstadt,Schalke,Casa,Darmstadt,Corredor Killian,Centrocampista offensivo,Titolare,6.2,0,6,1,0,0,0,0.0,0,0,0,0,0,1,0,0.0,0,1,0.25,4,1,0.0,5,0,0.308,0.5,8,4,13,4,0,0,0.008,0.0,0.0,0.657,0.0,0,2,1,1,0,0,0,0,0.657,0.657,0.0,0,0,0,0,0,0,1,0.0,0,0,1.0,2,2,90,90,0,1,0,0.882,15,0.8,4,5,0.882,15,17,17,0,0,0,0,0,0,0,0,0.0,0,0,0,0,0,0,0,0,0,0,0,0,0.0,2,0,0,0,0,33,2
DFB-Pokal,1/16 FINALE,29.10.2025,Darmstadt,Schalke,Casa,Darmstadt,Schuhen Marcel,Portiere,Titolare,7.6,0,11,0,0,1,0,0.0,2,0,0,0,0,0,0,0.0,0,0,0.0,0,0,0.0,0,0,0.0,0.0,0,0,0,0,0,0,0.02,0.0,0.0,0.657,0.0,0,6,0,0,0,0,0,0,0.657,0.657,1.0,3,3,0,0,0,9,0,0.0,0,0,0.188,3,16,90,90,0,0,0,0.741,40,0.167,1,6,0.813,39,48,54,0,0,0,0,0,0,0,0,0.0,0,0,0,1,0,0,0,1,0,0,0,0,0.0,0,0,0,0,0,68,0
DFB-Pokal,1/16 FINALE,29.10.2025,Darmstadt,Schalke,Casa,Darmstadt,Akiyama Hiroki,Centrocampista,Titolare,7.6,0,3,0,0,0,0,0.0,0,0,0,0,1,0,0,0.0,0,0,0.0,0,0,0.0,0,0,0.5,0.5,6,3,6,3,0,0,0.104,0.473,0.758,0.657,0.0,0,4,2,1,1,0,0,0,0.657,0.657,0.0,0,0,0,3,0,0,1,1.0,2,2,0.5,2,4,90,90,0,0,0,0.86,37,0.75,6,8,0.857,36,42,43,0,0,0,0,0,0,0,0,0.0,0,0,0,0,2,2,1,0,0,0,1,3,0.0,2,0,0,0,4,58,3
DFB-Pokal,1/16 FINALE,29.10.2025,Dusseldorf,Friburgo,Casa,Dusseldorf,Daland Jesper,Difensore centrale,Titolare,6.7,0,8,0,0,0,0,0.0,0,0,1,0,1,3,0,0.0,0,0,0.0,0,0,0.5,2,1,0.25,0.0,2,0,4,1,0,0,0.009,0.0,0.0,2.84,0.0,0,4,1,0,0,3,0,0,-0.16,-0.16,0.0,0,0,0,2,0,0,0,0.0,0,0,0.8,4,5,90,90,0,0,1,0.966,56,1.0,5,5,0.965,55,57,58,0,0,0,0,0,0,0,0,0.0,0,0,0,0,0,0,0,3,0,0,0,0,0.0,0,0,0,0,0,65,0
DFB-Pokal,1/16 FINALE,29.10.2025,Dusseldorf,Friburgo,Casa,Dusseldorf,Raimund Luca,Centrocampista,Subentrato,6.7,0,1,0,0,0,0,0.0,4,0,0,0,0,0,0,0.0,0,2,0.0,1,0,0.0,0,0,0.5,0.5,4,2,4,2,0,0,0.006,0.064,0.037,1.265,0.0,0,0,1,0,0,1,0,0,0.265,0.265,0.0,0,0,0,0,0,0,0,0.0,0,0,0.0,0,0,11,11,0,0,0,0.5,6,0.25,2,8,0.5,6,12,12,0,0,0,0,0,0,0,0,0.0,0,0,0,0,0,1,1,1,0,1,1,2,1.0,2,2,0,0,1,20,0
DFB-Pokal,1/16 FINALE,29.10.2025,Dusseldorf,Friburgo,Ospite,Friburgo,Makengo Jordy,Difensore,Subentrato,6.6,0,5,0,0,0,0,0.0,0,0,0,0,0,0,0,0.0,0,0,0.0,0,0,0.0,0,0,0.333,0.333,3,1,3,1,0,0,0.0,0.0,0.0,0.09,0.0,0,1,1,0,0,0,0,0,0.09,0.09,0.0,0,0,0,5,0,0,0,0.0,0,0,0.0,0,2,27,27,0,0,0,0.5,4,1.0,1,1,0.429,3,7,8,0,0,0,0,0,0,0,0,0.0,0,0,0,0,0,0,0,0,0,0,0,0,1.0,1,1,0,0,0,21,4
DFB-Pokal,1/16 FINALE,29.10.2025,Dusseldorf,Friburgo,Ospite,Friburgo,Treu Philipp,Difensore,Subentrato,,0,0,0,0,0,0,0.0,0,0,0,0,0,0,0,0.0,0,0,0.0,0,0,0.0,0,0,0.0,0.0,0,0,0,0,0,0,0.0,0.0,0.0,0.0,0.0,0,0,0,0,0,0,0,0,0.0,0.0,0.0,0,0,0,0,0,0,0,0.0,0,0,0.0,0,0,2,2,0,0,0,0.0,0,0.0,0,0,0.0,0,0,0,0,0,0,0,0,0,0,0,0.0,0,0,0,0,0,0,0,0,0,0,0,0,0.0,0,0,0,0,0,0,0
DFB-Pokal,1/16 FINALE,29.10.2025,Dusseldorf,Friburgo,Ospite,Friburgo,Suzuki Yuito,Centrocampista offensivo,Titolare,7.9,1,4,1,0,0,0,0.0,0,0,0,0,0,2,0,0.0,0,1,0.6,5,3,0.0,0,0,0.818,0.818,11,9,11,9,0,0,0.03,0.0,0.0,1.128,0.0,0,1,0,4,0,1,0,0,0.128,0.128,0.0,0,0,0,1,0,0,2,0.0,0,0,0.5,1,2,90,90,0,0,1,0.75,15,0.75,3,4,0.75,15,20,20,0,0,0,0,0,0,0,0,0.0,0,0,0,0,0,0,0,1,0,0,0,0,1.0,2,2,0,0,2,41,2
DFB-Pokal,1/16 FINALE,29.10.2025,Dusseldorf,Friburgo,Ospite,Friburgo,Ginter Matthias,Difensore centrale,Titolare,6.5,0,3,0,0,0,0,0.0,0,0,0,0,0,3,0,0.0,0,0,0.0,0,0,0.5,6,3,0.625,1.0,2,2,8,5,0,0,0.008,0.088,0.0,1.128,0.0,0,3,0,0,0,1,0,0,0.128,0.128,0.0,0,0,0,1,0,0,1,0.0,0,0,0.333,2,6,90,90,0,0,0,0.781,25,0.5,2,4,0.75,21,28,32,0,0,0,0,0,0,0,0,0.0,0,0,0,0,0,1,0,1,0,1,0,1,1.0,2,2,0,0,3,44,0
DFB-Pokal,1/16 FINALE,29.10.2025,Dusseldorf,Friburgo,Ospite,Friburgo,Grifo Vincenzo,Ala,Titolare,7.9,0,3,0,0,0,0,0.0,6,0,0,0,0,0,0,1.0,3,3,0.0,0,0,1.0,1,1,1.0,1.0,1,1,2,2,0,0,0.497,0.301,0.678,1.091,0.0,0,2,0,1,1,1,0,0,0.091,0.091,0.0,0,0,0,0,0,0,3,0.0,0,0,0.333,1,3,78,78,0,0,0,0.821,23,0.769,10,13,0.808,21,26,28,0,0,0,0,0,0,0,0,0.0,0,0,0,0,2,3,0,1,0,0,1,3,0.0,0,0,0,0,3,36,0
DFB-Pokal,1/16 FINALE,29.10.2025,Dusseldorf,Friburgo,Ospite,Friburgo,Rosenfelder Max,Difensore,Subentrato,6.5,0,1,0,0,0,0,0.0,1,0,0,0,0,0,0,0.0,0,0,0.0,0,0,0.0,0,0,0.667,0.667,3,2,3,2,0,0,0.024,0.0,0.0,0.037,0.0,0,1,0,1,0,0,0,0,0.037,0.037,0.0,0,0,0,0,0,0,0,0.0,0,0,1.0,1,1,12,12,0,0,0,0.667,2,1.0,2,2,0.667,2,3,3,0,0,0,0,0,0,0,0,0.0,0,0,0,0,0,0,0,0,0,0,0,0,1.0,1,1,0,0,0,8,1
DFB-Pokal,1/16 FINALE,29.10.2025,Dusseldorf,Friburgo,Ospite,Friburgo,Eggestein Maximilian,Centrocampista,Titolare,6.0,0,1,0,0,0,0,0.0,0,0,0,0,2,0,0,0.0,0,0,0.0,0,0,1.0,3,3,0.714,0.5,4,2,7,5,0,0,0.007,0.099,0.041,1.128,0.0,0,2,0,1,0,1,0,0,0.128,0.128,0.0,0,0,0,0,0,0,0,0.0,0,0,0.667,2,3,90,90,0,0,1,0.64,16,0.429,3,7,0.625,15,24,25,0,0,0,0,0,0,0,0,0.0,0,0,0,0,0,0,2,1,0,1,1,2,0.0,1,0,0,0,1,33,1
DFB-Pokal,1/16 FINALE,29.10.2025,Dusseldorf,Friburgo,Ospite,Friburgo,Gunter Christian,Terzino,Titolare,6.3,0,2,0,0,0,0,0.0,1,0,1,0,0,0,0,0.0,0,1,0.0,0,0,0.5,2,1,0.25,0.0,2,0,4,1,0,0,0.007,0.0,0.0,1.038,0.0,0,5,1,0,0,1,0,0,0.038,0.038,0.0,0,0,0,0,0,0,0,0.0,0,0,0.4,2,5,63,63,0,0,1,0.7,21,0.571,4,7,0.7,21,30,30,0,0,0,0,0,0,0,0,0.0,0,0,0,0,0,0,0,1,0,0,0,0,0.0,0,0,0,0,1,38,2
DFB-Pokal,1/16 FINALE,29.10.2025,Dusseldorf,Friburgo,Casa,Dusseldorf,Oberdorf Tim,Difensore centrale,Titolare,6.7,0,7,0,0,0,0,0.0,1,0,0,0,1,1,0,0.0,0,0,0.0,0,0,0.333,3,1,0.222,0.167,6,1,9,2,0,0,0.023,0.039,0.0,2.84,0.0,0,15,4,0,0,3,0,0,-0.16,-0.16,0.0,0,0,0,3,0,0,0,0.0,0,0,0.333,2,6,90,90,0,0,2,0.912,62,0.706,12,17,0.909,60,66,68,0,0,0,0,0,0,0,0,0.0,0,0,0,0,0,1,0,3,1,1,0,1,0.0,1,0,0,0,1,77,0
DFB-Pokal,1/16 FINALE,29.10.2025,Dusseldorf,Friburgo,Ospite,Friburgo,Kubler Lukas,Terzino,Titolare,6.4,0,1,0,0,0,0,0.0,3,0,0,0,0,3,0,0.0,0,2,0.0,0,0,0.5,4,2,0.5,0.0,0,0,4,2,0,0,0.042,0.0,0.0,1.128,0.0,0,6,0,0,0,1,0,0,0.128,0.128,0.0,0,0,0,1,0,0,0,0.0,0,0,0.667,2,3,88,88,0,0,1,0.72,18,0.375,3,8,0.72,18,25,25,0,0,0,0,0,0,0,0,0.0,0,0,0,0,0,0,0,1,0,0,0,0,0.0,0,0,0,0,0,33,0
DFB-Pokal,1/16 FINALE,29.10.2025,Dusseldorf,Friburgo,Casa,Dusseldorf,Heyer Moritz,Difensore,Subentrato,6.6,0,1,0,0,0,0,0.0,5,0,0,0,1,1,0,0.5,1,2,0.0,0,0,0.0,0,0,0.667,0.667,3,2,3,2,0,0,0.044,0.015,0.0,1.265,0.0,0,6,0,1,0,1,0,0,0.265,0.265,0.0,0,0,0,0,0,0,2,0.0,0,0,0.0,0,1,37,37,0,0,0,0.875,21,0.8,8,10,0.875,21,24,24,0,0,0,0,0,0,0,0,0.0,0,0,0,0,0,0,1,1,0,1,0,1,1.0,1,1,0,0,0,33,0
DFB-Pokal,1/16 FINALE,29.10.2025,Dusseldorf,Friburgo,Ospite,Friburgo,Scherhant Derry,Attaccante,Subentrato,7.7,0,0,0,0,0,0,0.0,4,0,1,0,0,0,0,0.333,1,3,1.0,1,1,0.0,0,0,1.0,1.0,2,2,2,2,0,0,0.023,0.247,1.096,0.037,0.0,0,1,0,1,1,0,0,0,0.037,0.037,0.0,0,0,0,0,0,0,1,0.0,0,0,1.0,1,1,12,12,0,0,0,0.833,5,0.5,1,2,0.8,4,5,6,0,0,0,0,0,0,0,0,0.0,0,0,0,0,0,1,1,0,0,0,2,2,0.0,0,0,0,0,2,13,0
DFB-Pokal,1/16 FINALE,29.10.2025,Dusseldorf,Friburgo,Ospite,Friburgo,Beste Jan-Niklas,Ala,Titolare,6.9,0,2,0,0,0,0,0.0,2,0,0,0,0,2,0,0.0,0,0,0.5,2,1,0.5,4,2,0.6,0.667,6,4,10,6,0,0,0.259,0.1,0.0,1.091,0.0,0,2,2,1,0,1,0,0,0.091,0.091,0.0,0,0,0,0,0,0,3,0.0,0,0,1.0,4,4,78,78,0,0,0,0.857,12,0.857,6,7,0.833,10,12,14,0,0,0,0,0,0,0,0,0.0,0,0,0,0,1,1,2,1,0,2,0,3,1.0,2,2,0,0,2,30,3
DFB-Pokal,1/16 FINALE,29.10.2025,Dusseldorf,Friburgo,Ospite,Friburgo,Manzambi Johan,Centrocampista,Titolare,8.2,0,11,0,0,0,0,0.0,1,0,0,0,0,0,0,0.0,0,1,0.6,5,3,0.0,3,0,0.75,0.882,17,15,20,15,0,0,0.138,0.173,0.0,1.128,0.0,0,1,0,6,0,1,0,0,0.128,0.128,0.0,0,0,0,1,0,0,1,0.0,0,0,0.333,2,6,90,90,0,1,2,0.793,23,0.8,4,5,0.786,22,28,29,0,0,0,0,0,0,0,0,0.0,0,0,0,0,2,2,0,1,0,0,0,2,0.833,6,5,0,0,9,58,4
DFB-Pokal,1/16 FINALE,29.10.2025,Dusseldorf,Friburgo,Ospite,Friburgo,Adamu Junior,Attaccante,Subentrato,6.8,0,0,0,0,0,0,0.0,0,0,0,0,0,0,0,0.0,0,0,0.0,0,0,0.429,7,3,0.5,0.667,3,2,10,5,0,0,0.009,0.016,0.128,0.09,0.0,0,1,1,2,0,0,0,0,0.09,0.09,0.0,0,0,0,0,0,0,2,0.0,0,0,0.0,0,0,27,27,0,0,0,0.4,4,0.333,2,6,0.4,4,10,10,0,0,0,0,0,0,0,0,0.0,0,0,0,0,0,1,0,0,1,0,1,1,0.0,0,0,0,0,5,20,2
DFB-Pokal,1/16 FINALE,29.10.2025,Dusseldorf,Friburgo,Ospite,Friburgo,Lienhart Philipp,Difensore centrale,Titolare,7.4,0,7,0,0,0,0,0.0,9,0,0,0,1,3,0,0.5,1,2,0.0,1,0,0.5,2,1,0.5,0.5,4,2,6,3,0,0,0.147,0.043,0.0,1.128,0.0,0,5,0,0,0,1,0,0,0.128,0.128,0.0,0,0,0,3,0,0,0,0.0,0,0,0.364,4,11,90,90,0,0,3,0.824,42,0.625,5,8,0.822,37,45,51,0,0,0,0,0,0,0,0,0.0,0,0,0,0,0,0,1,1,0,1,0,1,0.5,2,1,0,0,1,77,1
DFB-Pokal,1/16 FINALE,29.10.2025,Dusseldorf,Friburgo,Ospite,Friburgo,Muller Florian,Portiere,Titolare,7.0,0,8,0,0,0,0,0.0,0,0,1,0,0,1,0,0.0,0,0,0.0,0,0,0.0,0,0,0.0,0.0,0,0,0,0,0,0,0.005,0.0,0.0,1.128,0.0,0,14,0,0,0,1,0,0,0.128,0.128,1.0,1,1,0,0,0,1,1,0.0,0,0,0.5,14,28,90,90,0,0,0,0.632,24,0.5,7,14,0.625,15,24,38,0,0,0,0,0,0,0,0,0.0,0,0,1,3,0,0,0,4,0,0,0,0,0.0,0,0,0,0,0,44,0
DFB-Pokal,1/16 FINALE,29.10.2025,Dusseldorf,Friburgo,Ospite,Friburgo,Matanovic Igor,Attaccante,Titolare,8.0,1,3,1,0,0,0,0.0,0,0,1,0,0,1,0,0.0,0,0,0.0,1,0,0.286,7,2,0.231,0.167,6,1,13,3,0,0,0.038,0.717,0.897,1.038,0.0,0,1,3,1,1,1,0,0,0.038,0.038,0.0,0,0,0,0,0,0,1,0.0,0,0,1.0,3,3,63,63,0,0,0,0.692,9,0.667,4,6,0.692,9,13,13,0,0,0,0,0,0,0,0,0.0,0,0,0,0,1,3,1,1,2,1,2,4,0.0,0,0,0,0,4,25,4
DFB-Pokal,1/16 FINALE,29.10.2025,Dusseldorf,Friburgo,Casa,Dusseldorf,El Azzouzi Anouar,Centrocampista,Titolare,7.7,0,5,0,0,0,0,0.0,4,0,0,0,2,0,0,0.0,0,4,0.2,5,1,0.8,5,4,0.316,0.143,14,2,19,6,0,0,0.062,0.655,0.946,2.84,0.0,0,17,5,0,1,3,0,0,-0.16,-0.16,0.0,0,0,0,1,0,0,1,0.0,0,0,0.667,4,6,90,90,0,0,1,0.694,34,0.594,19,32,0.694,34,49,49,0,0,0,0,0,0,0,0,0.0,0,0,0,0,2,2,1,3,0,0,1,3,1.0,1,1,0,0,3,68,2
DFB-Pokal,1/16 FINALE,29.10.2025,Dusseldorf,Friburgo,Casa,Dusseldorf,Breithaupt Tim,Centrocampista,Titolare,7.0,0,8,0,0,0,0,0.0,0,0,0,0,0,4,0,0.0,0,0,0.0,0,0,0.7,10,7,0.733,0.8,5,4,15,11,0,0,0.069,0.105,0.0,2.84,0.0,0,5,1,3,0,3,0,0,-0.16,-0.16,0.0,0,0,0,0,0,0,1,1.0,2,2,0.5,1,2,90,90,0,0,0,0.792,38,0.833,10,12,0.787,37,47,48,0,0,0,0,0,0,0,0,0.0,0,0,0,0,2,0,2,3,0,0,0,2,1.0,1,1,0,0,1,62,1
DFB-Pokal,1/16 FINALE,29.10.2025,Dusseldorf,Friburgo,Casa,Dusseldorf,Suso Sima,Centrocampista,Subentrato,6.4,0,1,0,0,0,0,0.0,0,0,0,0,0,0,0,0.0,0,0,0.0,0,0,0.0,1,0,0.0,0.0,0,0,1,0,0,0,0.005,0.0,0.0,1.265,0.0,0,1,0,0,0,1,0,0,0.265,0.265,0.0,0,0,0,0,0,0,0,1.0,1,1,1.0,1,1,12,12,0,0,0,0.778,7,0.5,2,4,0.778,7,9,9,0,0,0,0,0,0,0,0,0.0,0,0,0,0,0,0,0,1,0,0,0,0,0.0,0,0,0,0,1,11,0
DFB-Pokal,1/16 FINALE,29.10.2025,Dusseldorf,Friburgo,Casa,Dusseldorf,Muslija Florent,Ala,Titolare,6.3,0,4,0,0,0,0,0.0,10,0,0,0,1,0,0,0.167,1,6,0.0,5,0,0.0,4,0,0.1,0.167,6,1,10,1,0,0,0.149,0.054,0.093,2.84,0.0,0,4,1,0,0,3,0,0,-0.16,-0.16,0.0,0,0,0,0,0,0,4,1.0,1,1,0.5,2,4,90,90,0,0,0,0.925,37,0.857,18,21,0.912,31,34,40,0,0,0,0,0,0,0,0,0.0,0,0,0,0,0,1,0,3,0,0,1,1,1.0,1,1,0,0,2,57,0
DFB-Pokal,1/16 FINALE,29.10.2025,Dusseldorf,Friburgo,Casa,Dusseldorf,Rasmussen Christian,Ala,Titolare,7.0,0,1,1,0,0,0,0.0,3,0,0,0,0,0,0,0.0,0,3,0.167,6,1,1.0,1,1,0.364,0.3,10,3,11,4,0,0,0.25,0.109,0.053,1.575,0.0,0,2,2,1,0,2,0,0,-0.425,-0.425,0.0,0,0,0,0,0,0,2,0.0,0,0,0.5,1,2,79,79,0,0,0,0.727,16,0.625,10,16,0.714,15,21,22,0,0,0,0,0,0,0,0,0.0,0,0,0,0,2,2,1,2,0,0,1,3,1.0,1,1,0,1,8,42,5
DFB-Pokal,1/16 FINALE,29.10.2025,Dusseldorf,Friburgo,Casa,Dusseldorf,Kastenmeier Florian,Portiere,Titolare,6.4,0,11,0,0,0,0,0.0,2,0,0,0,0,1,0,0.0,0,0,0.0,0,0,0.0,0,0,0.0,0.0,0,0,0,0,0,0,0.003,0.0,0.0,2.84,0.0,0,6,0,0,0,3,0,0,-0.16,-0.16,1.0,2,2,0,0,1,5,0,0.0,0,0,0.375,6,16,90,90,0,0,0,0.787,37,0.167,1,6,0.838,31,37,47,0,0,0,0,0,0,0,0,0.0,0,0,1,4,0,0,0,7,0,0,0,0,0.0,0,0,0,0,0,59,0
DFB-Pokal,1/16 FINALE,29.10.2025,Dusseldorf,Friburgo,Casa,Dusseldorf,Schmidt Danny,Centrocampista,Subentrato,5.8,0,2,0,1,0,0,0.0,1,0,0,0,1,3,0,0.0,0,1,0.0,1,0,0.333,6,2,0.25,0.0,2,0,8,2,0,0,0.043,0.453,0.0,1.265,0.0,0,1,0,0,0,1,0,0,0.265,0.265,0.0,0,0,0,0,0,0,2,0.0,0,0,0.0,0,0,68,68,0,0,0,0.688,11,0.667,4,6,0.667,10,15,16,0,0,0,0,0,0,0,0,0.0,0,0,0,0,2,2,1,1,1,1,0,3,0.0,0,0,0,0,4,28,4
DFB-Pokal,1/16 FINALE,29.10.2025,Dusseldorf,Friburgo,Casa,Dusseldorf,Appelkamp Shinta,Centrocampista offensivo,Titolare,6.6,0,3,0,0,0,0,0.0,2,0,0,0,1,0,0,0.0,0,0,1.0,1,1,0.0,1,0,0.4,0.5,4,2,5,2,0,0,0.087,0.137,0.0,2.84,0.0,0,3,2,0,0,3,0,0,-0.16,-0.16,0.0,0,0,0,1,0,0,3,0.0,0,0,1.0,4,4,90,90,0,0,0,0.816,40,0.688,11,16,0.809,38,47,49,0,0,0,0,0,0,0,0,0.0,0,0,0,0,1,2,0,3,0,1,0,2,1.0,1,1,0,0,4,59,0
DFB-Pokal,1/16 FINALE,29.10.2025,Dusseldorf,Friburgo,Casa,Dusseldorf,Zimmermann Matthias,Terzino,Titolare,6.3,0,2,0,0,0,0,0.0,6,0,1,0,0,0,0,0.333,1,3,0.0,1,0,0.0,0,0,0.5,0.5,4,2,4,2,0,0,0.111,0.0,0.0,1.575,0.0,0,8,1,1,0,2,0,0,-0.425,-0.425,0.0,0,0,0,1,0,0,0,0.0,0,0,0.2,1,5,53,53,0,0,1,0.724,21,0.5,6,12,0.724,21,29,29,0,0,0,0,0,0,0,0,0.0,0,0,0,0,0,0,0,2,0,0,0,0,0.0,1,0,0,0,0,49,0
DFB-Pokal,1/16 FINALE,29.10.2025,Dusseldorf,Friburgo,Casa,Dusseldorf,Itten Cedric,Attaccante,Titolare,6.2,0,0,0,0,0,0,0.0,0,0,0,0,0,0,0,0.0,0,0,0.0,0,0,0.667,3,2,0.5,0.0,1,0,4,2,0,0,0.004,0.014,0.0,1.575,0.0,0,1,1,0,0,2,0,0,-0.425,-0.425,0.0,0,0,0,0,0,0,0,0.0,0,0,0.0,0,0,22,22,0,3,0,1.0,4,1.0,2,2,1.0,3,3,4,0,0,0,0,0,0,0,0,0.0,0,0,0,0,0,1,0,2,1,1,0,1,0.0,0,0,0,0,1,7,0
DFB-Pokal,1/16 FINALE,29.10.2025,Dusseldorf,Friburgo,Casa,Dusseldorf,Schmidt Kenneth,Terzino,Titolare,7.1,1,3,1,0,0,0,0.0,0,0,0,0,0,3,0,0.0,0,0,0.0,0,0,1.0,3,3,0.833,0.667,3,2,6,5,0,0,0.476,0.0,0.0,1.575,0.0,0,4,1,1,0,2,0,0,-0.425,-0.425,0.0,0,0,0,1,0,0,1,0.0,0,0,0.0,0,1,78,78,0,1,0,0.828,24,1.0,5,5,0.828,24,29,29,0,0,0,0,0,0,0,0,0.0,0,0,0,0,0,0,0,2,0,0,0,0,1.0,1,1,0,0,1,43,2
DFB-Pokal,1/16 FINALE,29.10.2025,Union Berlino,Bielefeld,Ospite,Bielefeld,Young Isaiah,Attaccante,Subentrato,7.2,0,1,0,0,0,0,0.0,2,0,0,0,0,0,0,0.0,0,1,0.8,5,4,0.0,4,0,0.583,0.875,8,7,12,7,0,0,0.025,0.199,0.787,1.326,0.0,0,0,0,3,0,1,0,0,0.326,0.326,0.0,0,0,0,1,0,0,0,0.0,0,0,0.0,0,0,47,47,0,0,0,0.615,8,0.5,4,8,0.615,8,13,13,0,0,0,0,0,0,0,0,0.0,0,0,0,0,0,3,0,1,0,1,2,3,0.0,0,0,0,0,5,28,1
DFB-Pokal,1/16 FINALE,29.10.2025,Union Berlino,Bielefeld,Ospite,Bielefeld,Schneider Leon,Difensore centrale,Titolare,6.3,0,4,1,0,0,0,0.0,0,0,0,0,0,5,0,0.0,0,0,0.0,0,0,0.667,6,4,0.714,1.0,1,1,7,5,0,0,0.006,0.004,0.0,2.625,0.0,0,7,0,0,0,2,0,0,0.625,0.625,0.0,0,0,0,1,0,0,2,0.0,0,0,0.111,1,9,120,120,0,0,1,0.85,68,0.286,2,7,0.868,66,76,80,0,0,0,0,0,0,0,0,0.0,0,0,0,0,0,0,1,2,0,1,0,1,0.0,1,0,0,0,0,91,0
DFB-Pokal,1/16 FINALE,29.10.2025,Union Berlino,Bielefeld,Ospite,Bielefeld,Hagmann Felix,Difensore,Subentrato,6.2,0,3,0,0,0,0,0.0,0,0,0,0,0,2,0,0.0,0,0,0.0,1,0,1.0,1,1,0.75,0.667,3,2,4,3,0,0,0.013,0.0,0.0,1.326,0.0,0,2,0,1,0,1,0,0,0.326,0.326,0.0,0,0,0,0,0,0,0,0.0,0,0,0.0,0,0,39,39,0,0,0,0.85,17,0.857,6,7,0.85,17,20,20,0,0,0,0,0,0,0,0,0.0,0,0,0,0,0,0,0,1,0,0,0,0,1.0,1,1,0,0,0,30,0
DFB-Pokal,1/16 FINALE,29.10.2025,Union Berlino,Bielefeld,Ospite,Bielefeld,Handwerker Tim,Esterno,Titolare,7.0,0,6,1,0,0,0,0.0,13,0,0,0,0,0,0,0.333,3,9,0.0,1,0,0.0,2,0,0.25,0.5,2,1,4,1,0,0,0.249,0.0,0.0,2.625,0.0,0,13,0,1,0,2,0,0,0.625,0.625,0.0,0,0,0,1,0,0,1,0.0,0,0,0.231,3,13,120,120,0,0,1,0.742,46,0.5,8,16,0.778,42,54,62,0,0,0,0,0,0,0,0,0.0,0,0,0,0,0,0,0,2,0,0,0,0,0.0,0,0,0,0,0,81,1
DFB-Pokal,1/16 FINALE,29.10.2025,Union Berlino,Bielefeld,Casa,Union Berlino,Skarke Tim,Centrocampista offensivo,Titolare,6.7,0,1,0,0,0,0,0.0,2,0,0,0,0,1,0,0.333,1,3,0.0,0,0,0.5,2,1,0.5,0.5,2,1,4,2,0,0,0.056,0.024,0.0,1.108,0.0,0,0,1,0,0,1,0,0,0.108,0.108,0.0,0,0,0,2,0,0,2,0.0,0,0,0.0,0,0,67,67,0,1,0,0.667,6,0.5,2,4,0.667,6,9,9,0,0,0,0,0,0,0,0,0.0,0,0,0,0,0,0,1,1,0,1,0,1,1.0,1,1,0,0,3,18,0
DFB-Pokal,1/16 FINALE,29.10.2025,Union Berlino,Bielefeld,Ospite,Bielefeld,Sarenren Bazee Noah,Attaccante,Titolare,5.8,0,3,0,2,0,0,0.0,1,0,1,0,0,1,0,0.0,0,0,0.0,2,0,0.5,4,2,0.25,0.0,4,0,8,2,0,0,0.051,1.433,0.0,1.299,0.0,0,4,2,0,0,1,0,0,0.299,0.299,0.0,0,0,0,0,0,0,2,0.0,0,0,1.0,2,2,73,73,0,0,0,0.818,9,0.8,4,5,0.818,9,11,11,0,0,0,0,0,0,0,0,0.0,0,0,0,0,0,3,0,1,1,3,0,3,0.0,0,0,0,0,4,18,1
DFB-Pokal,1/16 FINALE,29.10.2025,Union Berlino,Bielefeld,Ospite,Bielefeld,Corboz Mael,Centrocampista,Titolare,7.2,1,4,1,0,0,0,0.0,4,0,0,0,0,4,0,0.0,0,2,0.0,1,0,0.667,3,2,0.667,0.667,6,4,9,6,0,0,0.125,0.0,0.0,2.625,0.0,0,8,1,3,0,2,0,0,0.625,0.625,0.0,0,0,0,0,0,0,2,0.0,0,0,0.0,0,4,120,120,0,0,0,0.742,23,0.727,8,11,0.767,23,30,31,0,0,0,0,0,0,0,0,0.0,0,0,0,0,0,0,0,2,0,0,0,0,1.0,1,1,0,0,2,50,1
DFB-Pokal,1/16 FINALE,29.10.2025,Union Berlino,Bielefeld,Casa,Union Berlino,Rothe Tom,Esterno,Titolare,7.8,0,8,0,0,0,0,0.0,11,0,0,0,2,0,0,0.154,2,13,0.167,6,1,0.8,5,4,0.474,0.357,14,5,19,9,0,0,0.075,0.542,0.491,1.895,0.0,0,7,2,0,0,1,0,0,0.895,0.895,0.0,0,0,0,1,0,0,3,0.0,0,0,0.667,2,3,120,120,0,1,0,0.812,56,0.769,20,26,0.812,56,69,69,0,0,0,0,0,0,0,0,0.0,0,0,0,0,1,4,1,1,2,2,2,5,0.75,4,3,0,0,8,115,3
DFB-Pokal,1/16 FINALE,29.10.2025,Union Berlino,Bielefeld,Casa,Union Berlino,Khedira Rani,Centrocampista,Titolare,6.9,0,4,0,0,0,0,0.0,4,0,0,0,0,1,0,0.0,0,1,0.0,0,0,0.0,1,0,0.667,1.0,2,2,3,2,0,0,0.051,0.051,0.0,1.895,0.0,0,10,0,1,0,1,0,0,0.895,0.895,0.0,0,0,0,3,0,0,2,0.0,0,0,0.286,2,7,120,120,0,0,0,0.789,30,0.688,11,16,0.778,28,36,38,0,0,0,0,0,0,0,0,0.0,0,0,0,0,1,1,1,1,0,1,0,2,1.0,1,1,0,0,1,48,0
DFB-Pokal,1/16 FINALE,29.10.2025,Union Berlino,Bielefeld,Ospite,Bielefeld,Kania Julian,Attaccante,Subentrato,5.8,0,1,0,0,0,0,0.0,1,0,0,0,0,0,0,0.0,0,0,0.0,4,0,0.111,9,1,0.143,0.2,5,1,14,2,0,0,0.021,0.0,0.0,1.326,0.0,0,2,1,1,0,1,0,0,0.326,0.326,0.0,0,0,0,1,0,0,1,0.0,0,1,0.0,0,0,47,47,0,0,0,0.462,6,0.429,3,7,0.364,4,11,13,0,0,0,0,0,0,0,0,0.0,0,0,0,0,0,0,0,1,0,0,0,0,0.0,0,0,0,0,7,21,1
DFB-Pokal,1/16 FINALE,29.10.2025,Union Berlino,Bielefeld,Casa,Union Berlino,Jeong Woo-Yeong,Centrocampista,Subentrato,6.9,0,2,0,0,0,0,0.0,3,0,0,0,1,1,0,0.0,0,3,0.0,0,0,1.0,1,1,0.333,0.0,2,0,3,1,0,0,0.096,0.0,0.0,0.787,0.0,0,1,1,0,0,0,0,0,0.787,0.787,0.0,0,0,0,0,0,0,0,0.0,0,0,0.0,0,1,60,60,0,0,0,0.818,18,0.846,11,13,0.818,18,22,22,0,0,0,0,0,0,0,0,0.0,0,0,0,0,0,0,0,0,0,0,0,0,0.0,0,0,0,0,2,28,1
DFB-Pokal,1/16 FINALE,29.10.2025,Union Berlino,Bielefeld,Casa,Union Berlino,Bogdanov Dmytro,Attaccante,Subentrato,7.3,1,0,0,0,0,0,0.0,1,0,0,0,0,1,0,0.0,0,1,0.333,3,1,0.5,4,2,0.545,0.571,7,4,11,6,0,0,0.083,0.226,0.31,0.787,0.0,0,0,1,1,0,0,0,0,0.787,0.787,0.0,0,0,0,0,0,0,1,1.0,1,1,0.0,0,0,53,53,0,2,0,0.6,3,0.333,1,3,0.6,3,5,5,0,0,0,0,0,0,0,0,0.0,0,0,0,0,0,1,0,0,1,0,1,1,0.5,2,1,0,0,6,15,0
DFB-Pokal,1/16 FINALE,29.10.2025,Union Berlino,Bielefeld,Ospite,Bielefeld,Grodowski Joel,Attaccante,Titolare,6.1,0,3,0,0,0,0,0.0,1,0,0,0,0,1,0,0.0,0,1,0.0,2,0,0.333,6,2,0.417,0.5,6,3,12,5,0,0,0.007,0.171,0.061,1.299,0.0,0,1,1,2,0,1,0,0,0.299,0.299,0.0,0,0,0,1,0,0,1,0.0,0,0,0.0,0,0,73,73,0,1,0,0.692,9,0.667,2,3,0.636,7,11,13,0,0,0,0,0,0,0,0,0.0,0,0,0,0,1,1,2,1,0,1,1,3,1.0,1,1,0,0,2,30,5
DFB-Pokal,1/16 FINALE,29.10.2025,Union Berlino,Bielefeld,Casa,Union Berlino,Schafer Andras,Centrocampista,Titolare,6.4,0,5,0,0,0,0,0.0,0,0,1,0,0,1,0,0.0,0,1,0.0,0,0,0.0,0,0,0.333,0.333,3,1,3,1,0,0,0.005,0.0,0.0,1.108,0.0,0,3,2,0,0,1,0,0,0.108,0.108,0.0,0,0,0,0,0,0,0,0.0,0,0,0.0,0,1,61,61,0,0,0,0.696,16,0.667,4,6,0.696,16,23,23,0,0,0,0,0,0,0,0,0.0,0,0,0,0,0,0,0,1,0,0,0,0,1.0,1,1,0,0,0,28,1
DFB-Pokal,1/16 FINALE,29.10.2025,Union Berlino,Bielefeld,Ospite,Bielefeld,Felix Joel,Difensore centrale,Titolare,6.8,0,4,0,0,0,0,0.0,0,0,0,0,0,7,0,0.0,0,0,0.0,0,0,1.0,1,1,0.75,0.667,3,2,4,3,0,0,0.002,0.0,0.0,1.644,0.0,0,3,1,1,0,1,0,0,0.644,0.644,0.0,0,0,0,3,0,0,0,0.0,0,0,0.4,2,5,104,104,0,0,2,0.855,47,0.667,2,3,0.868,46,53,55,0,0,0,0,0,0,0,0,0.0,0,0,0,0,0,0,0,1,0,0,0,0,1.0,1,1,0,0,0,70,0
DFB-Pokal,1/16 FINALE,29.10.2025,Union Berlino,Bielefeld,Casa,Union Berlino,Trimmel Christopher,Esterno,Titolare,8.2,1,2,1,0,0,0,0.0,17,0,0,0,0,0,0,0.273,3,11,0.0,1,0,0.5,2,1,0.25,0.0,2,0,4,1,0,0,0.684,0.0,0.0,1.108,0.0,0,13,2,0,0,1,0,0,0.108,0.108,0.0,0,0,0,2,0,0,3,0.0,0,0,0.182,2,11,76,76,0,0,1,0.622,23,0.313,5,16,0.639,23,36,37,0,0,0,0,0,0,0,0,0.0,0,0,0,0,0,0,0,1,0,0,0,0,0.0,0,0,0,0,0,59,0
DFB-Pokal,1/16 FINALE,29.10.2025,Union Berlino,Bielefeld,Ospite,Bielefeld,Kersken Jonas,Portiere,Titolare,7.5,0,16,0,0,0,0,0.0,1,0,0,0,0,3,0,0.0,0,0,0.0,0,0,1.0,2,2,0.75,0.5,2,1,4,3,0,0,0.011,0.168,0.0,2.625,0.0,0,17,0,0,0,2,0,0,0.625,0.625,1.0,1,1,0,0,1,9,1,0.0,0,0,0.25,8,32,120,120,0,0,0,0.51,26,0.167,3,18,0.581,18,31,51,0,0,0,0,0,0,0,0,0.0,0,0,1,9,0,1,0,11,1,1,0,1,0.0,0,0,0,0,1,76,1
DFB-Pokal,1/16 FINALE,29.10.2025,Union Berlino,Bielefeld,Casa,Union Berlino,Querfeld Leopold,Difensore centrale,Titolare,9.1,0,4,0,0,0,0,0.0,2,0,0,0,0,8,0,0.0,0,1,0.0,0,0,0.769,13,10,0.75,0.667,3,2,16,12,0,0,0.053,0.247,0.777,1.895,0.0,0,14,1,1,1,1,0,0,0.895,0.895,0.0,0,0,0,3,0,0,1,0.0,0,0,0.833,15,18,120,120,0,0,0,0.865,64,0.733,11,15,0.861,62,72,74,0,0,0,0,0,0,0,0,0.0,0,0,0,0,0,3,1,1,2,1,3,4,0.5,2,1,0,0,4,94,0
DFB-Pokal,1/16 FINALE,29.10.2025,Union Berlino,Bielefeld,Ospite,Bielefeld,Boakye Benjamin,Esterno,Titolare,6.2,0,8,0,0,0,0,0.0,4,0,0,0,1,4,0,0.0,0,3,0.0,6,0,0.0,4,0,0.267,0.364,11,4,15,4,0,0,0.03,0.051,0.009,2.625,0.0,0,8,0,1,0,2,0,0,0.625,0.625,0.0,0,0,0,4,0,0,0,0.0,0,0,0.143,1,7,120,120,0,0,0,0.697,46,0.647,11,17,0.697,46,66,66,0,0,0,0,0,0,0,0,0.0,0,0,0,0,0,0,2,2,0,1,1,2,1.0,3,3,0,0,0,110,2
DFB-Pokal,1/16 FINALE,29.10.2025,Union Berlino,Bielefeld,Casa,Union Berlino,Kemlein Aljoscha,Centrocampista,Subentrato,7.2,0,1,0,0,0,0,0.0,3,0,0,0,0,0,0,0.0,0,1,0.0,0,0,0.5,4,2,0.571,0.667,3,2,7,4,0,0,0.04,0.07,0.599,0.787,0.0,0,7,1,0,0,0,0,0,0.787,0.787,0.0,0,0,0,0,0,0,1,0.0,0,0,0.667,6,9,59,59,0,0,1,0.814,35,0.583,7,12,0.814,35,43,43,0,0,0,0,0,0,0,0,0.0,0,0,0,0,1,0,3,0,0,0,2,3,0.5,2,1,0,0,1,52,2
DFB-Pokal,1/16 FINALE,29.10.2025,Union Berlino,Bielefeld,Ospite,Bielefeld,Mehlem Marvin,Centrocampista,Subentrato,6.3,0,2,0,0,0,0,0.0,0,0,1,0,0,3,0,0.0,0,0,0.0,0,0,0.0,0,0,1.0,1.0,1,1,1,1,0,0,0.003,0.0,0.0,1.326,0.0,0,1,0,0,0,1,0,0,0.326,0.326,0.0,0,0,0,0,0,0,1,0.0,0,0,0.0,0,0,47,47,0,0,0,0.833,5,0.667,2,3,0.833,5,6,6,0,0,0,0,0,0,0,0,0.0,0,0,0,0,0,0,0,1,0,0,0,0,0.0,1,0,0,0,1,11,0
DFB-Pokal,1/16 FINALE,29.10.2025,Union Berlino,Bielefeld,Casa,Union Berlino,Haberer Janik,Centrocampista,Subentrato,7.0,0,1,0,0,0,0,0.0,15,0,0,0,1,0,0,0.583,7,12,0.0,2,0,0.0,0,0,0.286,0.286,7,2,7,2,0,0,0.656,0.098,0.0,0.787,0.0,0,5,2,0,0,0,0,0,0.787,0.787,0.0,0,0,0,0,0,0,3,0.0,0,0,0.25,1,4,44,44,0,0,0,0.844,27,0.769,10,13,0.839,26,31,32,0,0,0,0,0,0,0,0,0.0,0,0,0,0,1,2,0,0,0,1,0,2,0.5,2,1,0,0,2,53,0
DFB-Pokal,1/16 FINALE,29.10.2025,Union Berlino,Bielefeld,Ospite,Bielefeld,Momuluh Thaddaus-Monju,Centrocampista,Titolare,7.4,0,1,0,0,0,0,0.0,1,0,0,0,1,0,0,1.0,1,1,0.0,3,0,0.0,0,0,0.2,0.2,5,1,5,1,0,0,0.493,0.365,1.038,1.299,0.0,0,0,1,0,1,1,0,0,0.299,0.299,0.0,0,0,0,0,0,0,1,0.0,0,0,0.0,0,0,73,73,0,1,0,0.889,8,0.8,4,5,0.889,8,9,9,0,0,0,0,0,0,0,0,0.0,0,0,0,0,0,2,1,1,1,0,3,3,1.0,1,1,0,0,5,21,3
DFB-Pokal,1/16 FINALE,29.10.2025,Union Berlino,Bielefeld,Ospite,Bielefeld,Worl Marius,Centrocampista,Titolare,6.2,0,1,0,0,0,0,0.0,1,0,0,0,1,1,0,0.0,0,1,0.0,0,0,0.0,1,0,0.5,0.667,3,2,4,2,0,0,0.146,0.072,0.0,1.299,0.0,0,5,0,1,0,1,0,0,0.299,0.299,0.0,0,0,0,0,0,0,1,1.0,2,2,0.0,0,0,81,81,0,0,1,0.8,28,0.625,5,8,0.8,28,35,35,0,0,0,0,0,0,0,0,0.0,0,0,0,0,1,2,0,1,0,1,0,2,1.0,1,1,0,0,3,44,0
DFB-Pokal,1/16 FINALE,29.10.2025,Union Berlino,Bielefeld,Casa,Union Berlino,Ronnow Frederik,Portiere,Titolare,7.7,0,13,0,0,0,0,0.0,1,0,0,0,0,0,0,0.0,0,0,0.0,0,0,0.0,0,0,0.0,0.0,0,0,0,0,0,0,0.005,0.0,0.0,1.895,0.0,0,4,0,0,0,1,0,0,0.895,0.895,1.0,1,1,0,0,0,10,0,0.0,0,0,0.571,8,14,120,120,0,0,0,0.8,24,0.75,3,4,0.882,15,17,30,0,0,0,0,0,0,0,0,0.0,0,0,0,6,0,0,0,7,0,0,0,0,0.0,0,0,0,0,0,47,0
DFB-Pokal,1/16 FINALE,29.10.2025,Union Berlino,Bielefeld,Ospite,Bielefeld,Sicker Arne,Difensore,Subentrato,6.6,0,2,0,0,0,0,0.0,2,0,0,0,0,1,0,1.0,1,1,0.0,0,0,0.0,0,0,0.0,0.0,0,0,0,0,0,0,0.149,0.012,0.0,0.982,0.0,0,3,0,0,0,1,0,0,-0.018,-0.018,0.0,0,0,0,1,0,0,1,0.0,0,0,0.0,0,2,16,16,0,0,0,0.857,12,0.667,2,3,0.857,12,14,14,0,0,0,0,0,0,0,0,0.0,0,0,0,0,1,0,1,1,0,0,0,1,0.0,0,0,0,0,0,21,0
DFB-Pokal,1/16 FINALE,29.10.2025,Union Berlino,Bielefeld,Casa,Union Berlino,Burke Oliver,Attaccante,Subentrato,6.7,0,3,0,0,0,0,0.0,1,0,0,0,0,0,0,0.0,0,0,0.0,1,0,0.25,4,1,0.167,0.0,2,0,6,1,0,0,0.018,0.225,0.0,0.787,0.0,0,1,1,0,0,0,0,0,0.787,0.787,0.0,0,0,0,0,0,0,1,0.0,0,1,0.0,0,0,53,53,0,1,0,0.833,10,0.714,5,7,0.833,10,12,12,0,0,0,0,0,0,0,0,0.0,0,0,0,0,1,2,0,0,1,1,0,2,0.0,0,0,0,0,3,20,3
DFB-Pokal,1/16 FINALE,29.10.2025,Union Berlino,Bielefeld,Ospite,Bielefeld,Grosser Maximilian,Difensore centrale,Titolare,6.4,0,2,0,0,0,0,0.0,2,0,0,0,0,9,0,0.0,0,0,0.0,0,0,0.5,18,9,0.478,0.4,5,2,23,11,0,0,0.114,0.028,0.0,2.625,0.0,0,3,3,1,0,2,0,0,0.625,0.625,0.0,0,0,0,1,0,0,0,0.0,0,0,0.0,0,1,120,120,0,0,1,0.795,35,0.625,5,8,0.795,35,44,44,0,0,0,0,0,0,0,0,0.0,0,0,0,0,1,1,0,2,1,0,0,1,1.0,1,1,0,0,2,61,1
DFB-Pokal,1/16 FINALE,29.10.2025,Union Berlino,Bielefeld,Casa,Union Berlino,Doekhi Danilho,Difensore centrale,Titolare,8.8,0,9,0,0,0,0,0.0,2,0,1,0,0,1,0,0.0,0,1,0.0,0,0,0.8,10,8,0.842,0.889,9,8,19,16,0,0,0.125,0.378,0.236,1.895,0.0,0,12,1,2,1,1,0,0,0.895,0.895,0.0,0,0,0,0,0,0,1,0.0,0,0,0.833,5,6,120,120,0,0,0,0.857,72,0.7,14,20,0.857,72,84,84,0,0,0,0,0,0,0,0,0.0,0,0,0,0,1,4,0,1,2,1,2,4,0.667,6,4,0,0,7,101,0
DFB-Pokal,1/16 FINALE,29.10.2025,Union Berlino,Bielefeld,Casa,Union Berlino,Ilic Andrej,Attaccante,Titolare,6.7,0,3,0,0,0,0,0.0,0,0,1,0,0,0,0,0.0,0,0,0.0,1,0,0.4,10,4,0.5,1.0,2,2,12,6,0,0,0.033,0.222,0.0,1.108,0.0,0,1,1,2,0,1,0,0,0.108,0.108,0.0,0,0,0,0,0,0,1,0.0,0,0,0.0,0,1,67,67,0,0,0,0.889,8,0.8,4,5,0.875,7,8,9,0,0,0,0,0,0,0,0,0.0,0,0,0,0,1,3,0,1,2,2,0,3,0.0,0,0,0,0,5,17,1
DFB-Pokal,1/16 FINALE,29.10.2025,Union Berlino,Bielefeld,Casa,Union Berlino,Leite Diogo,Difensore centrale,Titolare,7.7,0,5,0,0,0,0,0.0,1,0,0,0,0,6,0,1.0,1,1,0.0,0,0,0.6,5,3,0.714,1.0,2,2,7,5,0,0,0.114,0.0,0.0,1.895,0.0,0,22,0,2,0,1,0,0,0.895,0.895,0.0,0,0,0,3,0,0,1,0.0,0,0,0.385,5,13,120,120,0,0,2,0.835,71,0.75,18,24,0.831,69,83,85,0,0,0,0,0,0,0,0,0.0,0,0,0,0,0,0,0,1,0,0,0,0,0.0,1,0,0,0,1,107,0
DFB-Pokal,1/16 FINALE,29.10.2025,Union Berlino,Bielefeld,Casa,Union Berlino,Ansah Ilyas,Centrocampista offensivo,Titolare,6.5,0,2,0,0,0,0,0.0,1,0,0,0,0,0,0,0.0,0,1,0.5,2,1,0.0,0,0,0.4,0.4,5,2,5,2,0,0,0.003,0.091,0.213,1.108,0.0,0,1,1,0,0,1,0,0,0.108,0.108,0.0,0,0,0,0,0,0,0,0.0,0,0,0.0,0,2,60,60,0,1,0,0.273,3,0.167,1,6,0.273,3,11,11,0,0,0,0,0,0,0,0,0.0,0,0,0,0,1,1,1,1,0,0,1,2,0.0,1,0,0,0,3,22,2
DFB-Pokal,1/16 FINALE,29.10.2025,Furth,Kaiserslautern,Casa,Furth,Klaus Felix,Centrocampista offensivo,Titolare,6.9,0,1,0,0,0,0,0.0,5,0,1,0,0,1,0,0.286,2,7,0.0,0,0,1.0,1,1,0.571,0.5,6,3,7,4,0,0,0.174,0.619,0.605,1.772,0.0,0,5,2,2,0,1,0,0,0.772,0.772,0.0,0,0,0,0,0,0,3,0.0,0,0,0.5,1,2,90,90,0,0,0,0.722,13,0.875,7,8,0.722,13,18,18,0,0,0,0,0,0,0,0,0.0,0,0,0,0,0,4,1,1,0,2,3,5,1.0,1,1,0,0,4,40,3
DFB-Pokal,1/16 FINALE,29.10.2025,Furth,Kaiserslautern,Casa,Furth,Prufrock Silas,Portiere,Titolare,6.9,0,6,0,0,2,0,0.0,1,0,0,0,0,1,0,0.0,0,0,0.0,0,0,1.0,1,1,1.0,1.0,1,1,2,2,0,1,0.001,0.0,0.0,1.772,0.0,0,3,0,1,0,1,0,0,0.772,0.772,0.0,0,0,0,0,0,3,0,0.0,0,0,0.533,8,15,90,90,0,0,0,0.745,35,0.0,0,3,0.692,27,39,47,0,0,0,0,0,0,0,0,0.0,0,0,1,2,0,0,0,3,0,0,0,0,0.0,0,0,0,0,0,54,0
DFB-Pokal,1/16 FINALE,29.10.2025,Furth,Kaiserslautern,Casa,Furth,Higl Felix,Attaccante,Subentrato,6.1,0,0,0,0,0,0,0.0,0,0,0,0,0,0,0,0.0,0,1,0.0,0,0,0.5,2,1,0.2,0.0,3,0,5,1,0,0,0.003,0.0,0.0,0.0,0.0,0,2,3,0,0,0,0,0,0.0,0.0,0.0,0,0,0,0,0,0,0,0.0,0,0,0.0,0,0,15,15,0,0,0,0.625,5,0.5,2,4,0.625,5,8,8,0,0,0,0,0,0,0,0,0.0,0,0,0,0,0,0,0,0,0,0,0,0,0.0,0,0,0,0,0,12,2
DFB-Pokal,1/16 FINALE,29.10.2025,Furth,Kaiserslautern,Casa,Furth,Futkeu Noel,Centrocampista offensivo,Titolare,5.8,0,2,0,0,0,0,0.0,2,0,0,0,0,0,0,0.0,0,0,0.0,0,0,0.0,1,0,0.222,0.25,8,2,9,2,0,0,0.062,0.0,0.0,1.772,0.0,0,0,3,1,0,1,0,0,0.772,0.772,0.0,0,0,0,0,0,0,1,1.0,3,3,0.0,0,0,75,75,0,0,1,0.913,21,0.9,9,10,0.909,20,22,23,0,0,0,0,0,0,0,0,0.0,0,0,0,0,0,0,0,1,0,0,0,0,1.0,1,1,0,0,2,31,3
DFB-Pokal,1/16 FINALE,29.10.2025,Furth,Kaiserslautern,Casa,Furth,Dietz Maximilian,Difensore centrale,Titolare,6.3,0,7,0,0,0,0,0.0,0,0,0,0,0,5,0,0.0,0,0,0.0,1,0,0.0,1,0,0.0,0.0,2,0,3,0,0,0,0.009,0.0,0.0,1.772,0.0,0,6,1,0,0,1,0,0,0.772,0.772,0.0,0,0,0,0,0,0,0,0.0,0,0,0.6,3,5,89,89,0,0,1,0.927,38,0.714,5,7,0.925,37,40,41,0,0,0,0,0,0,0,0,0.0,0,0,0,0,0,0,0,1,0,0,0,0,0.0,0,0,0,0,0,53,2
DFB-Pokal,1/16 FINALE,29.10.2025,Furth,Kaiserslautern,Casa,Furth,Ziereis Philipp,Difensore centrale,Titolare,7.4,0,3,0,0,0,0,0.0,1,0,1,0,0,16,0,0.0,0,0,0.0,0,0,0.571,7,4,0.6,0.667,3,2,10,6,0,0,0.091,0.137,0.0,1.772,0.0,0,5,1,1,0,1,0,0,0.772,0.772,0.0,0,0,0,0,0,0,1,0.0,0,0,0.625,5,8,90,90,0,0,2,0.943,50,0.571,4,7,0.933,42,45,53,0,0,0,0,0,0,0,0,0.0,0,0,0,0,0,1,0,1,1,1,0,1,1.0,1,1,0,0,2,78,1
DFB-Pokal,1/16 FINALE,29.10.2025,Furth,Kaiserslautern,Casa,Furth,Olesen Mathias,Centrocampista,Titolare,6.2,0,5,0,0,0,0,0.0,3,0,1,0,1,3,0,0.0,0,0,0.0,0,0,0.0,0,0,0.5,0.5,2,1,2,1,0,0,0.204,0.041,0.0,1.772,0.0,0,2,0,1,0,1,0,0,0.772,0.772,0.0,0,0,0,0,0,0,1,0.0,0,0,0.0,0,2,81,81,0,0,0,0.844,27,0.692,9,13,0.833,25,30,32,0,0,0,0,0,0,0,0,0.0,0,0,0,0,0,1,0,1,1,1,0,1,0.0,0,0,0,0,4,39,0
DFB-Pokal,1/16 FINALE,29.10.2025,Furth,Kaiserslautern,Casa,Furth,Sillah Omar,Attaccante,Subentrato,,0,0,0,0,0,0,0.0,0,1,0,1,0,0,0,0.0,0,0,0.0,0,0,0.0,0,0,0.0,0.0,1,0,1,0,0,0,0.0,0.0,0.0,0.0,0.0,0,0,1,0,0,0,0,0,0.0,0.0,0.0,0,0,0,0,0,0,0,0.0,0,0,0.0,0,0,1,1,0,0,0,0.0,0,0.0,0,0,0.0,0,0,0,0,0,0,0,0,0,0,0,0.0,0,0,0,0,0,0,0,0,0,0,0,0,0.0,0,0,0,0,0,1,1
DFB-Pokal,1/16 FINALE,29.10.2025,Furth,Kaiserslautern,Casa,Furth,Consbruch Jomaine,Centrocampista,Subentrato,,0,0,0,0,0,0,0.0,0,0,0,0,0,1,0,0.0,0,0,0.0,0,0,0.0,0,0,0.0,0.0,0,0,0,0,0,0,0.0,0.0,0.0,0.0,0.0,0,1,0,0,0,0,0,0,0.0,0.0,0.0,0,0,0,0,0,0,0,0.0,0,0,0.0,0,0,9,9,0,0,0,1.0,1,0.0,0,0,1.0,1,1,1,0,0,0,0,0,0,0,0,0.0,0,0,0,0,0,0,0,0,0,0,0,0,0.0,0,0,0,0,1,5,1
DFB-Pokal,1/16 FINALE,29.10.2025,Furth,Kaiserslautern,Casa,Furth,Munz Reno,Difensore centrale,Titolare,5.8,0,6,0,0,0,0,0.0,1,0,0,0,1,5,0,0.0,0,0,0.0,0,0,0.0,1,0,0.25,0.333,3,1,4,1,0,1,0.005,0.0,0.0,1.772,0.0,0,2,1,0,0,1,0,0,0.772,0.772,0.0,0,0,0,1,0,0,0,0.0,0,0,0.4,2,5,90,90,0,0,0,0.9,36,0.5,2,4,0.892,33,37,40,0,0,0,0,0,0,0,0,0.0,0,0,0,0,0,0,0,1,0,0,0,0,1.0,1,1,0,0,0,55,2
DFB-Pokal,1/16 FINALE,29.10.2025,Furth,Kaiserslautern,Casa,Furth,Green Julian,Centrocampista,Subentrato,,0,1,0,0,0,0,0.0,0,0,0,0,0,2,0,0.0,0,0,0.0,0,0,0.0,0,0,1.0,1.0,2,2,2,2,0,0,0.003,0.0,0.0,0.0,0.0,0,1,0,1,0,0,0,0,0.0,0.0,0.0,0,0,0,0,0,0,0,0.0,0,0,0.0,0,1,9,9,0,0,0,0.75,3,1.0,2,2,0.667,2,3,4,0,0,0,0,0,0,0,0,0.0,0,0,0,0,0,0,0,0,0,0,0,0,1.0,1,1,0,0,0,8,0
DFB-Pokal,1/16 FINALE,29.10.2025,Furth,Kaiserslautern,Casa,Furth,Hrgota Branimir,Attaccante,Titolare,7.5,0,8,0,0,0,0,0.0,6,0,0,0,0,0,0,0.167,1,6,0.75,4,3,0.0,0,0,0.727,0.727,11,8,11,8,0,0,0.483,0.129,0.106,1.772,0.0,0,5,1,1,0,1,0,0,0.772,0.772,0.0,0,0,0,0,0,0,3,1.0,1,1,0.333,1,3,90,90,0,0,0,0.714,20,0.733,11,15,0.708,17,24,28,0,0,0,0,0,0,0,0,0.0,0,0,0,0,0,1,1,1,0,0,2,2,0.75,4,3,0,1,7,59,9
DFB-Pokal,1/16 FINALE,29.10.2025,Furth,Kaiserslautern,Casa,Furth,John Marco,Centrocampista,Titolare,6.6,0,4,0,0,0,0,0.0,3,0,0,0,0,1,0,0.0,0,0,0.5,4,2,0.0,1,0,0.583,0.636,11,7,12,7,0,0,0.021,0.021,0.0,1.772,0.0,0,10,0,3,0,1,0,0,0.772,0.772,0.0,0,0,0,5,0,0,0,1.0,2,2,0.25,1,4,90,90,0,0,0,0.75,33,0.647,11,17,0.744,32,43,44,0,0,0,0,0,0,0,0,0.0,0,0,0,0,1,0,1,1,0,0,0,1,0.5,2,1,0,0,0,70,4
DFB-Pokal,1/16 FINALE,29.10.2025,Furth,Kaiserslautern,Casa,Furth,Reich Lukas,Esterno,Titolare,5.6,0,2,0,0,0,0,0.0,3,0,0,0,0,4,0,0.0,0,1,0.5,2,1,0.5,2,1,0.571,0.6,5,3,7,4,1,0,0.457,0.016,0.022,1.772,0.0,0,2,0,0,0,1,0,0,0.772,0.772,0.0,0,0,0,0,0,0,0,0.0,0,0,0.0,0,0,81,81,0,1,1,0.783,18,0.857,6,7,0.783,18,23,23,0,0,0,0,0,0,0,0,0.0,0,0,0,0,0,0,1,1,0,0,1,1,0.0,2,0,0,0,3,45,1
DFB-Pokal,1/16 FINALE,29.10.2025,Furth,Kaiserslautern,Casa,Furth,Keller Aaron,Centrocampista,Subentrato,6.5,0,3,0,0,0,0,0.0,1,0,0,0,0,0,0,0.0,0,0,0.0,0,0,0.0,0,0,0.667,0.667,3,2,3,2,0,0,0.002,0.0,0.0,0.0,0.0,0,1,0,1,0,0,0,0,0.0,0.0,0.0,0,0,0,0,0,0,0,0.0,0,0,0.0,0,1,15,15,0,0,0,0.6,3,0.0,0,1,0.6,3,5,5,0,0,0,0,0,0,0,0,0.0,0,0,0,0,0,0,0,0,0,0,0,0,1.0,1,1,0,0,1,14,2
DFB-Pokal,1/16 FINALE,29.10.2025,Furth,Kaiserslautern,Casa,Furth,Abrangao David,Esterno,Titolare,6.1,0,3,0,0,0,0,0.0,2,0,0,0,2,2,0,0.0,0,3,0.667,3,2,0.0,0,0,0.6,0.6,15,9,15,9,0,0,0.007,0.0,0.0,1.772,0.0,0,1,3,2,0,1,0,0,0.772,0.772,0.0,0,0,0,1,0,0,0,0.0,0,0,0.0,0,1,75,75,0,0,0,0.813,13,0.75,3,4,0.813,13,16,16,0,0,0,0,0,0,0,0,0.0,0,0,0,0,0,0,0,1,0,0,0,0,0.4,5,2,0,0,0,47,3
DFB-Pokal,1/16 FINALE,29.10.2025,Furth,Kaiserslautern,Ospite,Kaiserslautern,Alidou Faride,Attaccante,Titolare,5.7,0,0,0,1,0,0,0.0,2,0,0,0,1,2,0,0.0,0,0,0.0,0,0,0.4,5,2,0.286,0.0,2,0,7,2,0,0,0.008,0.128,0.241,0.269,0.0,0,2,1,0,0,0,0,0,0.269,0.269,0.0,0,0,0,0,0,0,0,0.0,0,0,0.0,0,0,73,73,0,2,0,0.2,1,0.333,1,3,0.2,1,5,5,0,0,0,0,0,0,0,0,0.0,0,0,0,0,0,1,0,0,0,0,1,1,0.0,0,0,0,0,1,9,0
DFB-Pokal,1/16 FINALE,29.10.2025,Furth,Kaiserslautern,Ospite,Kaiserslautern,Kunze Fabian,Centrocampista,Titolare,6.7,0,5,0,0,0,0,0.0,2,0,1,0,1,1,0,0.0,0,0,0.0,1,0,0.0,0,0,0.375,0.375,8,3,8,3,0,0,0.043,0.0,0.0,0.174,0.0,0,4,3,2,0,0,0,0,0.174,0.174,0.0,0,0,0,2,0,0,0,0.0,0,0,0.5,2,4,63,63,0,0,0,0.862,25,0.846,11,13,0.857,24,28,29,0,0,0,0,0,0,0,0,0.0,0,0,0,0,0,0,0,0,0,0,0,0,0.0,1,0,0,0,0,41,2
DFB-Pokal,1/16 FINALE,29.10.2025,Furth,Kaiserslautern,Ospite,Kaiserslautern,Ritter Marlon,Attaccante,Titolare,6.1,0,2,0,0,0,0,0.0,3,0,0,0,1,1,0,0.0,0,2,0.0,0,0,0.0,2,0,0.167,0.25,4,1,6,1,0,0,0.005,0.015,0.0,0.174,0.0,0,4,2,1,0,0,0,0,0.174,0.174,0.0,0,0,0,0,0,0,0,0.0,0,0,0.333,1,3,64,64,0,0,0,0.636,7,0.429,3,7,0.5,4,8,11,0,0,0,0,0,0,0,0,0.0,0,0,0,0,1,0,1,0,0,0,0,1,0.0,0,0,0,0,1,21,2
DFB-Pokal,1/16 FINALE,29.10.2025,Furth,Kaiserslautern,Ospite,Kaiserslautern,Aremu Afeez,Centrocampista,Subentrato,6.6,0,2,0,0,0,0,0.0,0,0,1,0,1,0,0,0.0,0,0,0.0,0,0,0.0,0,0,0.4,0.4,5,2,5,2,0,0,0.003,0.0,0.0,0.559,0.0,0,2,1,1,0,0,0,0,0.559,0.559,0.0,0,0,0,1,0,0,0,0.0,0,0,0.0,0,0,27,27,0,0,0,0.625,5,0.667,2,3,0.571,4,7,8,0,0,0,0,0,0,0,0,0.0,0,0,0,0,0,0,0,0,0,0,0,0,1.0,1,1,0,0,0,13,1
DFB-Pokal,1/16 FINALE,29.10.2025,Furth,Kaiserslautern,Ospite,Kaiserslautern,Joly Paul,Esterno,Titolare,6.7,0,4,0,0,0,0,0.0,8,0,1,0,1,1,0,0.25,2,8,0.4,5,2,0.0,1,0,0.429,0.462,13,6,14,6,0,0,0.079,0.0,0.0,0.733,0.0,0,4,1,1,0,0,0,0,0.733,0.733,0.0,0,0,0,0,0,0,0,0.0,0,0,0.2,1,5,82,82,0,1,0,0.625,20,0.818,9,11,0.613,19,31,32,0,0,0,0,0,0,0,0,0.0,0,0,0,0,0,0,0,0,0,0,0,0,0.333,3,1,0,0,2,66,4
DFB-Pokal,1/16 FINALE,29.10.2025,Furth,Kaiserslautern,Ospite,Kaiserslautern,Gyamfi Maxwell,Difensore centrale,Titolare,6.8,0,6,0,0,0,0,0.0,0,0,0,0,0,2,0,0.0,0,0,0.0,0,0,0.333,3,1,0.75,1.0,5,5,8,6,0,0,0.001,0.0,0.0,0.733,0.0,0,1,0,3,0,0,0,0,0.733,0.733,0.0,0,0,0,3,0,0,0,0.0,0,0,0.0,0,1,90,90,0,0,0,0.893,25,0.0,0,1,0.893,25,28,28,0,0,0,0,0,0,0,0,0.0,0,0,0,0,0,0,0,0,0,0,0,0,0.0,2,0,0,0,0,41,1
DFB-Pokal,1/16 FINALE,29.10.2025,Furth,Kaiserslautern,Ospite,Kaiserslautern,Raschl Tobias,Centrocampista,Subentrato,6.2,0,2,0,0,0,0,0.0,0,0,0,0,0,0,0,0.0,0,0,0.0,0,0,0.0,0,0,0.0,0.0,3,0,3,0,0,0,0.002,0.0,0.0,0.464,0.0,0,0,0,0,0,0,0,0,0.464,0.464,0.0,0,0,0,0,0,0,0,0.0,0,0,0.0,0,0,17,17,0,0,0,0.6,3,0.333,1,3,0.75,3,4,5,0,0,0,0,0,0,0,0,0.0,0,0,0,0,0,0,0,0,0,0,0,0,0.0,0,0,0,0,1,10,5
DFB-Pokal,1/16 FINALE,29.10.2025,Furth,Kaiserslautern,Ospite,Kaiserslautern,Haas Mika,Difensore,Subentrato,,0,1,0,0,0,0,0.0,2,0,0,0,0,0,0,0.0,0,0,0.0,0,0,0.0,0,0,0.0,0.0,1,0,1,0,0,0,0.002,0.0,0.0,0.0,0.0,0,2,0,0,0,0,0,0,0.0,0.0,0.0,0,0,0,0,0,0,0,0.0,0,0,0.5,1,2,8,8,0,0,0,0.667,2,1.0,2,2,0.5,1,2,3,0,0,0,0,0,0,0,0,0.0,0,0,0,0,0,0,0,0,0,0,0,0,0.0,0,0,0,0,0,8,2
DFB-Pokal,1/16 FINALE,29.10.2025,Furth,Kaiserslautern,Ospite,Kaiserslautern,Elvedi Jan,Difensore,Subentrato,,0,0,0,0,0,0,0.0,0,0,0,0,0,0,0,0.0,0,0,0.0,0,0,0.0,0,0,0.0,0.0,1,0,1,0,0,0,0.001,0.0,0.0,0.0,0.0,0,1,1,0,0,0,0,0,0.0,0.0,0.0,0,0,0,0,0,0,0,0.0,0,0,1.0,1,1,8,8,0,0,0,0.667,2,1.0,1,1,0.667,2,3,3,0,0,0,0,0,0,0,0,0.0,0,0,0,0,0,0,0,0,0,0,0,0,0.0,0,0,0,0,0,4,0
DFB-Pokal,1/16 FINALE,29.10.2025,Furth,Kaiserslautern,Ospite,Kaiserslautern,Robinson Leon,Difensore centrale,Titolare,7.2,0,8,0,0,0,0,0.0,1,0,0,0,0,2,0,0.0,0,0,0.0,1,0,1.0,3,3,0.667,0.5,6,3,9,6,0,0,0.008,0.1,0.0,0.733,0.0,0,4,1,1,0,0,0,0,0.733,0.733,0.0,0,0,0,2,0,0,0,0.0,0,0,0.75,3,4,90,90,0,0,0,0.778,35,0.4,2,5,0.775,31,40,45,0,0,0,0,0,0,0,0,0.0,0,0,0,0,0,1,0,0,1,1,0,1,0.5,2,1,0,0,2,63,3
DFB-Pokal,1/16 FINALE,29.10.2025,Furth,Kaiserslautern,Ospite,Kaiserslautern,Simoni Simon,Portiere,Titolare,8.2,0,15,0,0,0,0,0.0,0,0,1,0,0,1,0,0.0,0,0,0.0,0,0,0.0,0,0,0.0,0.0,0,0,0,0,0,0,0.001,0.0,0.0,0.733,0.0,0,1,0,0,0,0,0,0,0.733,0.733,1.0,1,1,0,0,0,7,0,0.0,0,0,0.379,11,29,90,90,0,0,0,0.571,24,0.0,0,1,0.652,15,23,42,0,0,0,0,0,0,0,0,0.0,0,0,1,6,0,0,0,6,0,0,0,0,0.0,0,0,0,0,0,57,0
DFB-Pokal,1/16 FINALE,29.10.2025,Furth,Kaiserslautern,Ospite,Kaiserslautern,Hanslik Daniel,Attaccante,Subentrato,6.4,0,0,0,0,0,0,0.0,0,0,0,0,0,0,0,0.0,0,0,0.0,1,0,0.0,0,0,0.333,0.333,3,1,3,1,0,0,0.0,0.0,0.0,0.559,0.0,0,1,0,1,0,0,0,0,0.559,0.559,0.0,0,0,0,0,0,0,0,0.0,0,0,0.0,0,0,26,26,0,0,0,0.2,1,0.0,0,3,0.2,1,5,5,0,0,0,0,0,0,0,0,0.0,0,0,0,0,0,0,0,0,0,0,0,0,0.0,0,0,0,0,2,12,4
DFB-Pokal,1/16 FINALE,29.10.2025,Furth,Kaiserslautern,Ospite,Kaiserslautern,Kleinhansl Florian,Esterno,Titolare,6.5,0,1,0,0,0,0,0.0,5,0,1,0,2,0,0,0.5,2,4,0.0,1,0,1.0,1,1,0.5,0.455,11,5,12,6,0,0,0.098,0.0,0.0,0.733,0.0,0,1,2,3,0,0,0,0,0.733,0.733,0.0,0,0,0,1,0,0,2,1.0,1,1,0.333,1,3,90,90,0,2,0,0.708,17,0.571,4,7,0.682,15,22,24,0,0,0,0,0,0,0,0,0.0,0,0,0,0,0,0,0,0,0,0,0,0,0.5,2,1,0,0,3,45,3
DFB-Pokal,1/16 FINALE,29.10.2025,Furth,Kaiserslautern,Ospite,Kaiserslautern,Sahin Semih,Centrocampista,Titolare,7.1,0,7,0,0,0,0,0.0,3,0,0,0,0,1,0,0.0,0,2,1.0,2,2,0.0,0,0,0.8,0.8,5,4,5,4,0,0,0.033,0.187,0.0,0.733,0.0,0,2,1,0,0,0,0,0,0.733,0.733,0.0,0,0,0,0,0,0,2,0.0,0,0,0.667,2,3,82,82,0,0,0,0.758,25,0.6,6,10,0.742,23,31,33,0,0,0,0,0,0,0,0,0.0,0,0,0,0,1,1,1,0,0,1,0,2,1.0,2,2,0,0,3,46,1
DFB-Pokal,1/16 FINALE,29.10.2025,Furth,Kaiserslautern,Ospite,Kaiserslautern,Sirch Luca,Difensore centrale,Titolare,7.3,0,8,0,0,0,0,0.0,3,0,0,0,1,3,0,0.0,0,1,0.0,0,0,1.0,2,2,0.571,0.4,5,2,7,4,0,0,0.018,0.071,0.0,0.733,0.0,0,6,1,0,0,0,0,0,0.733,0.733,0.0,0,0,0,2,0,0,0,0.0,0,0,0.4,4,10,90,90,0,0,0,0.8,32,0.5,4,8,0.8,32,40,40,0,0,0,0,0,0,0,0,0.0,0,0,0,0,2,1,1,0,0,0,0,2,1.0,2,2,0,0,1,56,2
DFB-Pokal,1/16 FINALE,29.10.2025,Furth,Kaiserslautern,Ospite,Kaiserslautern,Skytta Naatan,Centrocampista offensivo,Titolare,7.9,0,1,0,1,0,0,0.0,3,0,1,0,0,0,0,0.25,1,4,0.0,0,0,0.0,0,0,0.75,0.75,4,3,4,3,0,0,0.04,0.751,1.53,0.733,0.0,0,3,0,3,1,0,0,0,0.733,0.733,0.0,0,0,0,0,0,0,0,0.0,0,0,0.5,1,2,90,90,0,0,1,0.821,23,0.667,8,12,0.821,23,28,28,0,0,0,0,0,0,0,0,0.0,0,0,0,0,1,3,0,0,0,0,2,3,0.0,0,0,0,0,6,45,2
DFB-Pokal,1/16 FINALE,29.10.2025,Illertissen,Magdeburg,Ospite,Magdeburg,Heber Daniel,Difensore centrale,Titolare,8.9,0,6,0,0,0,0,0.0,2,0,0,0,1,4,0,0.0,0,0,1.0,1,1,0.8,5,4,0.778,0.75,4,3,9,7,0,0,0.211,0.0,0.0,0.018,0.0,0,12,0,1,0,0,0,0,0.018,0.018,0.0,0,0,0,4,0,0,2,0.0,0,0,0.889,8,9,90,90,0,0,0,0.963,104,0.929,13,14,0.963,104,108,108,0,0,0,0,0,0,0,0,0.0,0,0,0,0,0,0,0,0,0,0,0,0,1.0,1,1,0,0,0,125,0
DFB-Pokal,1/16 FINALE,29.10.2025,Illertissen,Magdeburg,Ospite,Magdeburg,Pesch Noah,Attaccante,Subentrato,8.1,0,1,0,0,0,0,0.0,4,0,0,0,0,0,0,0.0,0,1,0.667,3,2,0.0,0,0,0.667,0.667,6,4,6,4,0,0,0.172,0.324,0.582,0.0,0.0,0,0,0,1,1,0,0,0,0.0,0.0,0.0,0,0,0,0,0,0,1,0.0,0,0,0.0,0,0,45,45,0,0,0,0.769,20,0.667,8,12,0.769,20,26,26,0,0,0,0,0,0,0,0,0.0,0,0,0,0,0,2,0,0,0,1,1,2,1.0,1,1,0,0,7,36,1
DFB-Pokal,1/16 FINALE,29.10.2025,Illertissen,Magdeburg,Ospite,Magdeburg,Ghrieb Rayan,Ala,Titolare,8.0,1,4,2,0,0,0,0.0,5,0,0,0,1,0,0,0.0,0,5,0.333,3,1,0.0,1,0,0.5,0.556,9,5,10,5,0,0,0.44,0.068,0.025,0.018,0.0,0,5,0,0,0,0,0,0,0.018,0.018,0.0,0,0,0,0,0,0,2,0.0,0,0,0.8,4,5,86,86,0,0,0,0.795,35,0.692,18,26,0.775,31,40,44,0,0,0,0,0,0,0,0,0.0,0,0,0,0,0,0,2,0,0,1,1,2,0.75,4,3,0,0,7,64,2
DFB-Pokal,1/16 FINALE,29.10.2025,Illertissen,Magdeburg,Casa,Illertissen,Neuberger Maximilian,Difensore centrale,Titolare,4.8,0,3,0,0,0,0,0.0,0,0,1,0,1,4,0,0.0,0,0,0.0,2,0,0.5,2,1,0.3,0.25,8,2,10,3,0,0,0.004,0.0,0.0,2.592,0.0,0,3,3,0,0,3,0,0,-0.408,-1.071,0.0,0,0,0,2,0,0,0,0.0,0,0,0.0,0,2,90,90,0,0,0,0.647,11,0.5,3,6,0.625,10,16,17,1,0,0,0,0,0,0,0,0.0,0,0,0,0,0,0,0,3,0,0,0,0,0.0,2,0,0,0,2,31,0
DFB-Pokal,1/16 FINALE,29.10.2025,Illertissen,Magdeburg,Casa,Illertissen,Ruhle Tobias,Attaccante,Subentrato,6.3,0,1,0,0,0,0,0.0,0,0,0,0,0,0,0,0.0,0,0,0.0,0,0,0.333,3,1,0.5,0.667,3,2,6,3,0,0,0.003,0.017,0.0,0.767,0.0,0,1,1,1,0,1,0,0,-0.233,-0.233,0.0,0,0,0,0,0,0,0,0.0,0,0,0.0,0,0,28,28,0,0,0,0.5,4,0.333,1,3,0.5,4,8,8,0,0,0,0,0,0,0,0,0.0,0,0,0,0,1,0,1,1,0,0,0,1,1.0,1,1,0,0,0,13,1
DFB-Pokal,1/16 FINALE,29.10.2025,Illertissen,Magdeburg,Ospite,Magdeburg,Geschwill Max,Difensore,Subentrato,6.5,0,1,0,0,0,0,0.0,1,0,0,0,1,0,0,0.0,0,0,0.0,1,0,0.0,0,0,0.0,0.0,2,0,2,0,0,0,0.018,0.021,0.0,0.0,0.0,0,3,0,0,0,0,0,0,0.0,0.0,0.0,0,0,0,0,0,0,0,0.0,0,0,1.0,1,1,19,19,0,0,0,0.957,22,0.875,7,8,0.957,22,23,23,0,0,0,0,0,0,0,0,0.0,0,0,0,0,0,1,0,0,0,1,0,1,0.0,0,0,0,0,2,31,0
DFB-Pokal,1/16 FINALE,29.10.2025,Illertissen,Magdeburg,Ospite,Magdeburg,Reimann Dominik,Portiere,Titolare,7.1,0,9,0,0,0,0,0.0,0,0,0,0,0,1,0,0.0,0,0,0.0,0,0,0.0,0,0,0.0,0.0,0,0,0,0,0,0,0.001,0.0,0.0,0.018,0.0,0,3,0,0,0,0,0,0,0.018,0.018,1.0,2,2,0,0,1,6,0,0.0,0,0,0.5,4,8,90,90,0,0,0,0.896,43,0.333,1,3,0.909,40,44,48,0,0,0,0,0,0,0,0,0.0,0,0,0,1,0,0,0,1,0,0,0,0,0.0,0,0,0,0,0,58,0
DFB-Pokal,1/16 FINALE,29.10.2025,Illertissen,Magdeburg,Casa,Illertissen,Pfaumann Luis,Centrocampista,Titolare,6.6,0,3,0,0,0,0,0.0,1,0,0,0,2,0,0,0.0,0,0,1.0,3,3,0.0,3,0,0.5,0.667,9,6,12,6,0,0,0.02,0.0,0.0,1.451,0.0,0,1,1,1,0,2,0,0,-0.549,-1.212,0.0,0,0,0,1,0,0,0,0.0,0,0,0.0,0,0,45,45,0,0,1,0.667,8,0.667,2,3,0.667,8,12,12,0,0,0,0,0,0,0,0,0.0,0,0,0,0,0,0,0,2,0,0,0,0,1.0,2,2,0,0,0,21,1
DFB-Pokal,1/16 FINALE,29.10.2025,Illertissen,Magdeburg,Ospite,Magdeburg,Hercher Philipp,Centrocampista,Subentrato,6.9,0,2,0,0,0,0,0.0,2,0,0,0,0,0,0,0.0,0,0,0.0,0,0,0.0,0,0,1.0,1.0,1,1,1,1,0,0,0.242,0.03,0.051,0.0,0.0,0,2,0,0,0,0,0,0,0.0,0.0,0.0,0,0,0,1,0,0,1,0.0,0,0,0.0,0,1,24,24,0,0,0,0.636,7,0.571,4,7,0.636,7,11,11,0,0,0,0,0,0,0,0,0.0,0,0,0,0,0,1,0,0,0,0,1,1,1.0,1,1,0,0,2,15,0
DFB-Pokal,1/16 FINALE,29.10.2025,Illertissen,Magdeburg,Casa,Illertissen,Milic Denis,Centrocampista,Titolare,6.2,0,5,0,0,0,0,0.0,0,0,0,0,2,1,0,0.0,0,0,0.5,4,2,1.0,2,2,0.6,0.5,8,4,10,6,0,0,0.002,0.063,0.0,1.824,0.0,0,1,0,2,0,2,0,0,-0.176,-0.838,0.0,0,0,0,1,0,0,1,0.0,0,0,0.0,0,2,62,62,0,0,0,0.462,6,0.5,1,2,0.462,6,13,13,0,0,0,0,0,0,0,0,0.0,0,0,0,0,0,1,0,2,1,1,0,1,1.0,1,1,0,0,2,33,4
DFB-Pokal,1/16 FINALE,29.10.2025,Illertissen,Magdeburg,Ospite,Magdeburg,Breunig Maximilian,Attaccante,Titolare,7.5,0,3,0,3,0,0,0.0,0,0,0,0,0,1,0,0.0,0,0,0.0,1,0,0.833,6,5,0.6,0.25,4,1,10,6,0,0,0.002,1.852,1.094,0.018,0.0,0,2,1,2,1,0,0,0,0.018,0.018,0.0,0,0,0,1,0,0,0,0.0,0,0,0.0,0,0,90,90,0,2,0,0.619,13,0.0,0,4,0.619,13,21,21,0,1,0,1,0,0,0,0,0.0,0,0,0,0,0,7,0,0,2,3,4,7,0.0,0,0,0,0,9,36,1
DFB-Pokal,1/16 FINALE,29.10.2025,Illertissen,Magdeburg,Casa,Illertissen,Hausmann Daniel,Centrocampista,Subentrato,6.2,0,1,0,0,0,0,0.0,0,0,0,0,1,0,0,0.0,0,0,0.5,2,1,0.0,0,0,0.5,0.5,4,2,4,2,0,0,0.003,0.082,0.0,1.141,0.0,0,2,0,0,0,1,0,0,0.141,0.141,0.0,0,0,0,0,0,0,0,0.0,0,0,0.0,0,1,45,45,0,0,0,0.778,7,0.5,2,4,0.778,7,9,9,0,0,0,0,0,0,0,0,0.0,0,0,0,0,0,1,0,1,0,1,0,1,1.0,1,1,0,0,1,13,0
DFB-Pokal,1/16 FINALE,29.10.2025,Illertissen,Magdeburg,Ospite,Magdeburg,Ulrich Laurin,Centrocampista,Subentrato,6.2,0,2,0,0,0,0,0.0,1,0,0,0,1,0,0,0.0,0,0,0.0,2,0,0.0,0,0,0.333,0.333,6,2,6,2,0,0,0.032,0.0,0.0,0.0,0.0,0,1,0,1,0,0,0,0,0.0,0.0,0.0,0,0,0,0,0,0,0,0.0,0,0,1.0,1,1,19,19,0,0,0,1.0,11,1.0,7,7,1.0,11,11,11,0,0,0,0,0,0,0,0,0.0,0,0,0,0,0,0,0,0,0,0,0,0,0.0,1,0,0,0,0,16,1
DFB-Pokal,1/16 FINALE,29.10.2025,Illertissen,Magdeburg,Casa,Illertissen,Heckmann Eduard,Esterno,Titolare,6.2,0,4,0,0,0,0,0.0,1,0,0,0,0,2,0,0.0,0,1,0.0,1,0,0.0,0,0,0.8,0.8,5,4,5,4,0,0,0.001,0.024,0.018,1.824,0.0,0,3,0,2,0,2,0,0,-0.176,-0.838,0.0,0,0,0,2,0,0,0,0.0,0,0,0.5,2,4,77,77,0,0,0,0.625,5,0.5,1,2,0.625,5,8,8,0,0,0,0,0,0,0,0,0.0,0,0,0,0,0,0,1,2,0,0,1,1,0.5,2,1,0,0,0,29,1
DFB-Pokal,1/16 FINALE,29.10.2025,Illertissen,Magdeburg,Ospite,Magdeburg,Nollenberger Alexander,Terzino,Titolare,7.8,1,6,1,0,0,0,0.0,6,0,1,0,1,0,0,0.2,1,5,0.5,4,2,0.0,0,0,0.5,0.5,10,5,10,5,0,0,0.088,0.178,0.408,0.018,0.0,0,4,1,2,0,0,0,0,0.018,0.018,0.0,0,0,0,1,0,0,1,0.0,0,0,0.0,0,2,66,66,0,1,0,0.88,44,0.714,10,14,0.875,42,48,50,0,0,0,0,0,0,0,0,0.0,0,0,0,0,1,3,0,0,0,0,2,3,0.0,1,0,0,0,7,80,3
DFB-Pokal,1/16 FINALE,29.10.2025,Illertissen,Magdeburg,Casa,Illertissen,Zeller Max,Difensore centrale,Titolare,6.7,0,2,0,0,0,0,0.0,0,0,0,0,0,15,0,0.0,0,0,0.0,0,0,0.0,3,0,0.4,1.0,2,2,5,2,0,0,0.001,0.0,0.0,2.592,0.0,0,1,1,0,0,3,0,0,-0.408,-1.071,0.0,0,0,0,2,0,0,0,0.0,0,0,0.25,1,4,90,90,0,0,1,0.769,10,0.0,0,1,0.769,10,13,13,0,0,0,0,0,0,0,0,0.0,0,0,0,0,0,0,0,3,0,0,0,0,1.0,2,2,0,0,0,35,0
DFB-Pokal,1/16 FINALE,29.10.2025,Illertissen,Magdeburg,Ospite,Magdeburg,Michel Falko,Centrocampista,Titolare,7.2,0,11,0,0,0,0,0.0,2,0,0,0,1,2,0,0.0,0,0,1.0,2,2,0.0,1,0,0.375,0.429,7,3,8,3,0,0,0.058,0.0,0.0,0.018,0.0,0,12,2,1,0,0,0,0,0.018,0.018,0.0,0,0,0,2,0,0,2,0.0,0,0,0.333,4,12,90,90,0,0,0,0.809,55,0.682,15,22,0.809,55,68,68,0,0,0,0,0,0,0,0,0.0,0,0,0,0,0,0,0,0,0,0,0,0,0.0,0,0,0,0,2,83,5
DFB-Pokal,1/16 FINALE,29.10.2025,Illertissen,Magdeburg,Casa,Illertissen,Hingerl Marco,Centrocampista,Titolare,6.0,0,6,0,0,0,0,0.0,0,0,0,0,0,0,0,0.0,0,0,0.0,0,0,0.667,3,2,0.667,0.667,3,2,6,4,0,0,0.002,0.0,0.0,1.824,0.0,0,3,1,1,0,2,0,0,-0.176,-0.838,0.0,0,0,0,2,0,0,0,0.0,0,0,0.0,0,1,77,77,0,0,0,0.474,9,0.5,2,4,0.474,9,19,19,0,0,0,0,0,0,0,0,0.0,0,0,0,0,0,0,0,2,0,0,0,0,0.0,1,0,0,0,0,30,2
DFB-Pokal,1/16 FINALE,29.10.2025,Illertissen,Magdeburg,Ospite,Magdeburg,Mathisen Marcus,Centrocampista,Titolare,7.5,0,13,0,0,0,0,0.0,2,0,0,0,4,1,0,0.0,0,0,0.0,0,0,0.667,3,2,0.286,0.0,4,0,7,2,0,0,0.144,0.362,0.432,0.018,0.0,0,10,0,0,1,0,0,0,0.018,0.018,0.0,0,0,0,3,0,0,0,1.0,2,2,0.571,4,7,90,90,0,0,1,0.851,74,0.7,14,20,0.849,73,86,87,0,0,0,0,0,0,0,0,0.0,0,0,0,0,0,1,1,0,0,1,1,2,0.0,0,0,0,0,2,96,0
DFB-Pokal,1/16 FINALE,29.10.2025,Illertissen,Magdeburg,Casa,Illertissen,Fofanah Mussa,Attaccante,Subentrato,6.3,0,0,0,0,0,0,0.0,0,0,0,0,0,0,0,0.0,0,0,0.0,0,0,0.0,0,0,0.0,0.0,0,0,0,0,0,0,0.0,0.0,0.0,0.767,0.0,0,0,0,0,0,1,0,0,-0.233,-0.233,0.0,0,0,0,0,0,0,0,0.0,0,0,0.0,0,0,13,13,0,0,0,1.0,2,0.0,0,0,1.0,2,2,2,0,0,0,0,0,0,0,0,0.0,0,0,0,0,0,0,0,1,0,0,0,0,0.0,0,0,0,0,0,2,0
DFB-Pokal,1/16 FINALE,29.10.2025,Illertissen,Magdeburg,Ospite,Magdeburg,Diawara Kandet,Attaccante,Subentrato,,0,0,0,0,0,0,0.0,0,0,0,0,0,0,0,0.0,0,0,0.0,0,0,0.0,0,0,0.0,0.0,0,0,0,0,0,0,0.001,0.0,0.0,0.0,0.0,0,0,0,0,0,0,0,0,0.0,0.0,0.0,0,0,0,0,0,0,0,0.0,0,0,0.0,0,0,4,4,0,0,0,1.0,1,1.0,1,1,1.0,1,1,1,0,0,0,0,0,0,0,0,0.0,0,0,0,0,0,0,0,0,0,0,0,0,0.0,0,0,0,0,0,1,0
DFB-Pokal,1/16 FINALE,29.10.2025,Illertissen,Magdeburg,Ospite,Magdeburg,Atik Baris,Ala,Titolare,7.2,0,1,0,0,0,0,0.0,10,0,1,0,0,0,0,0.0,0,1,0.333,3,1,0.0,1,0,0.3,0.333,9,3,10,3,0,0,0.069,0.157,0.0,0.018,0.0,0,8,2,0,0,0,0,0,0.018,0.018,0.0,0,0,0,0,0,0,3,0.0,0,0,0.833,5,6,45,45,0,1,0,0.875,28,0.789,15,19,0.867,26,30,32,0,0,0,0,0,0,0,0,0.0,0,0,0,0,2,1,1,0,0,0,0,2,1.0,2,2,0,0,1,43,3
DFB-Pokal,1/16 FINALE,29.10.2025,Illertissen,Magdeburg,Casa,Illertissen,Golz Marco,Esterno,Titolare,6.5,0,6,0,0,0,0,0.0,1,0,0,0,3,2,0,1.0,1,1,0.25,4,1,1.0,1,1,0.579,0.556,18,10,19,11,0,0,0.093,0.0,0.0,2.592,0.0,0,4,1,1,0,3,0,0,-0.408,-1.071,0.0,0,0,0,0,0,0,0,0.0,0,0,0.0,0,3,90,90,0,0,0,0.64,16,0.667,4,6,0.625,15,24,25,0,0,0,0,0,0,0,0,0.0,0,0,0,0,0,0,0,3,0,0,0,0,0.875,8,7,0,0,0,53,2
DFB-Pokal,1/16 FINALE,29.10.2025,Illertissen,Magdeburg,Casa,Illertissen,Kopf Alexander,Difensore centrale,Titolare,6.7,0,3,0,0,0,0,0.0,1,0,0,0,0,5,0,0.0,0,1,0.0,0,0,0.5,2,1,0.667,0.75,4,3,6,4,0,0,0.003,0.0,0.0,2.592,0.0,0,5,0,0,0,3,0,0,-0.408,-1.071,0.0,0,0,0,1,0,0,1,0.0,0,0,0.5,2,4,90,90,0,0,2,0.783,18,0.8,4,5,0.688,11,16,23,0,0,0,0,0,0,0,0,0.0,0,0,0,0,0,0,0,3,0,0,0,0,0.667,3,2,0,0,0,38,2
DFB-Pokal,1/16 FINALE,29.10.2025,Illertissen,Magdeburg,Ospite,Magdeburg,Musonda Lubambo,Terzino,Titolare,6.9,0,6,0,0,0,0,0.0,4,0,0,0,1,0,0,0.25,1,4,0.5,2,1,0.0,0,0,0.25,0.25,8,2,8,2,0,0,0.22,0.048,0.0,0.018,0.0,0,6,1,0,0,0,0,0,0.018,0.018,0.0,0,0,0,0,0,0,2,0.0,0,0,1.0,1,1,71,71,0,0,0,0.844,38,0.786,11,14,0.844,38,45,45,0,0,0,0,0,0,0,0,0.0,0,0,0,0,0,0,1,0,0,1,0,1,0.0,1,0,0,0,2,65,4
DFB-Pokal,1/16 FINALE,29.10.2025,Illertissen,Magdeburg,Casa,Illertissen,Ekinci Patrick,Difensore,Subentrato,,0,0,0,0,0,0,0.0,0,0,0,0,0,0,0,0.0,0,0,0.0,0,0,0.0,0,0,0.0,0.0,0,0,0,0,0,0,0.001,0.0,0.0,0.186,0.0,0,1,0,0,0,0,0,0,0.186,0.186,0.0,0,0,0,0,0,0,0,0.0,0,0,0.0,0,0,4,4,0,0,0,1.0,2,1.0,1,1,1.0,2,2,2,0,0,0,0,0,0,0,0,0.0,0,0,0,0,0,0,0,0,0,0,0,0,0.0,0,0,0,0,0,2,0
DFB-Pokal,1/16 FINALE,29.10.2025,Illertissen,Magdeburg,Ospite,Magdeburg,Muller Tobias,Difensore centrale,Titolare,7.5,0,7,0,0,0,0,0.0,2,0,0,0,0,3,0,0.0,0,0,0.0,0,0,0.667,3,2,0.8,1.0,2,2,5,4,0,0,0.016,0.0,0.0,0.018,0.0,0,10,0,0,0,0,0,0,0.018,0.018,0.0,0,0,0,1,0,0,0,0.0,0,0,0.333,1,3,90,90,0,0,1,0.923,84,0.727,8,11,0.921,82,89,91,0,0,0,0,0,0,0,0,0.0,0,0,0,0,0,0,0,0,0,0,0,0,0.0,2,0,0,0,1,103,0
DFB-Pokal,1/16 FINALE,29.10.2025,Illertissen,Magdeburg,Casa,Illertissen,Glessing Yannick,Attaccante,Titolare,5.7,0,2,0,0,0,0,0.0,2,0,0,0,0,0,0,0.0,0,0,0.0,2,0,0.25,4,1,0.333,0.4,5,2,9,3,0,0,0.004,0.148,0.0,2.406,0.0,0,0,0,0,0,3,0,0,-0.594,-1.256,0.0,0,0,0,0,0,0,0,0.0,0,1,1.0,1,1,86,86,0,0,0,0.4,6,0.167,1,6,0.182,2,11,15,0,0,0,0,0,0,0,0,0.0,0,0,0,0,1,1,1,3,0,1,0,2,1.0,2,2,0,0,1,32,4
DFB-Pokal,1/16 FINALE,29.10.2025,Illertissen,Magdeburg,Ospite,Magdeburg,Krempicki Connor,Centrocampista,Titolare,6.9,0,2,0,0,0,0,0.0,2,0,0,0,0,0,0,0.0,0,0,0.0,0,0,0.333,3,1,0.333,0.333,3,1,6,2,0,0,0.137,0.029,0.0,0.018,0.0,0,4,1,0,0,0,0,0,0.018,0.018,0.0,0,0,0,1,0,0,2,1.0,2,2,0.0,0,0,71,71,0,0,0,0.848,28,0.789,15,19,0.844,27,32,33,0,0,0,0,0,0,0,0,0.0,0,0,0,0,1,0,1,0,0,0,0,1,1.0,1,1,0,0,2,41,2
DFB-Pokal,1/16 FINALE,29.10.2025,Illertissen,Magdeburg,Casa,Illertissen,Embaye Namrud,Centrocampista,Subentrato,6.5,0,4,0,0,0,0,0.0,0,0,0,0,0,0,0,0.0,0,0,1.0,2,2,0.0,0,0,1.0,1.0,2,2,2,2,0,0,0.001,0.0,0.0,0.767,0.0,0,1,0,0,0,1,0,0,-0.233,-0.233,0.0,0,0,0,1,0,0,0,0.0,0,0,0.0,0,0,13,13,0,0,0,0.75,6,0.0,0,2,0.75,6,8,8,0,0,0,0,0,0,0,0,0.0,0,0,0,0,0,0,0,1,0,0,0,0,0.0,0,0,0,0,1,11,0
DFB-Pokal,1/16 FINALE,29.10.2025,Illertissen,Magdeburg,Casa,Illertissen,Cocic Milos,Centrocampista,Titolare,6.3,0,6,0,0,0,0,0.0,6,0,0,0,1,0,0,0.5,2,4,0.667,3,2,0.0,0,0,0.5,0.5,4,2,4,2,0,0,0.133,0.07,0.0,2.592,0.0,0,7,0,0,0,3,0,0,-0.408,-1.071,0.0,0,0,0,2,0,0,2,1.0,1,1,0.0,0,3,90,90,0,0,0,0.531,17,0.4,4,10,0.548,17,31,32,0,0,0,0,0,0,0,0,0.0,0,0,0,0,0,0,1,3,0,1,0,1,0.0,0,0,0,0,0,44,1
DFB-Pokal,1/16 FINALE,29.10.2025,Illertissen,Magdeburg,Casa,Illertissen,Zok Malwin,Portiere,Titolare,6.7,0,12,0,0,1,0,0.0,0,0,0,0,0,1,0,0.0,0,0,0.0,0,0,0.0,0,0,0.0,0.0,0,0,0,0,0,0,0.002,0.0,0.0,2.592,0.0,0,6,0,0,0,3,0,0,-0.408,-1.071,0.0,0,0,0,0,0,7,0,0.0,0,0,0.269,7,26,90,90,0,0,0,0.259,7,0.167,1,6,0.231,3,13,27,0,0,1,0,0,0,0,0,0.0,0,0,0,7,0,0,0,10,0,0,0,0,0.0,0,0,0,0,0,43,0
DFB-Pokal,1/16 FINALE,29.10.2025,Magonza,Stoccarda,Ospite,Stoccarda,Nartey Nikolas,Difensore,Subentrato,,0,2,0,0,0,0,0.0,0,0,0,0,0,0,0,0.0,0,0,0.0,1,0,0.0,0,0,0.0,0.0,0,0,0,0,0,0,0.001,0.0,0.0,0.0,0.0,0,0,0,0,0,0,0,0,0.0,0.0,0.0,0,0,0,0,0,0,0,0.0,0,0,0.0,0,1,8,8,0,0,0,0.667,2,1.0,1,1,0.667,2,3,3,0,0,0,0,0,0,0,0,0.0,0,0,0,0,0,0,0,0,0,0,0,0,0.0,0,0,0,0,0,6,1
DFB-Pokal,1/16 FINALE,29.10.2025,Magonza,Stoccarda,Ospite,Stoccarda,Assignon Lorenz,Esterno,Titolare,6.5,0,3,0,0,0,0,0.0,0,0,1,0,0,1,0,0.0,0,1,0.0,0,0,0.0,0,0,1.0,1.0,3,3,3,3,0,0,0.011,0.052,0.0,0.263,0.0,0,4,0,2,0,0,0,0,0.263,0.263,0.0,0,0,0,2,0,0,0,0.0,0,0,0.5,1,2,90,90,0,0,0,0.75,18,0.556,5,9,0.75,18,24,24,0,0,0,0,0,0,0,0,0.0,0,0,0,0,2,1,1,0,0,0,0,2,0.0,1,0,0,0,3,49,0
DFB-Pokal,1/16 FINALE,29.10.2025,Magonza,Stoccarda,Ospite,Stoccarda,Hendriks Ramon,Difensore centrale,Titolare,6.9,0,2,0,0,0,0,0.0,4,0,0,0,0,6,0,0.0,0,0,0.0,1,0,0.0,4,0,0.286,0.667,3,2,7,2,0,0,0.016,0.0,0.0,0.263,0.0,0,10,0,1,0,0,0,0,0.263,0.263,0.0,0,0,0,0,0,0,0,1.0,1,1,0.4,2,5,90,90,0,0,2,0.774,24,0.778,7,9,0.774,24,31,31,0,0,0,0,0,0,0,0,0.0,0,0,0,0,0,0,0,0,0,0,0,0,1.0,1,1,0,0,0,57,0
DFB-Pokal,1/16 FINALE,29.10.2025,Magonza,Stoccarda,Ospite,Stoccarda,Undav Deniz,Attaccante,Titolare,8.3,1,4,2,0,0,0,0.0,4,0,1,0,0,0,0,0.0,0,0,1.0,1,1,0.25,4,1,0.333,0.4,5,2,9,3,0,0,0.526,0.248,0.111,0.263,0.0,0,2,1,0,0,0,0,0,0.263,0.263,0.0,0,0,0,0,0,0,4,0.5,1,2,0.5,1,2,82,82,0,1,0,0.81,17,0.909,10,11,0.81,17,21,21,0,0,0,0,0,0,0,0,0.0,0,0,0,0,1,2,1,0,0,1,1,3,1.0,1,1,0,1,5,35,7
DFB-Pokal,1/16 FINALE,29.10.2025,Magonza,Stoccarda,Ospite,Stoccarda,Bredlow Fabian,Portiere,Titolare,7.2,0,11,0,0,0,0,0.0,2,0,0,0,0,2,0,0.0,0,0,0.0,0,0,1.0,1,1,1.0,0.0,0,0,1,1,0,0,0.0,0.0,0.0,0.263,0.0,0,7,0,0,0,0,0,0,0.263,0.263,1.0,2,2,0,0,1,3,0,0.0,0,0,0.0,0,17,90,90,0,0,0,0.541,20,0.0,0,7,0.714,15,21,37,0,0,0,0,0,0,0,0,0.0,0,0,1,2,0,0,0,2,0,0,0,0,0.0,0,0,0,0,0,47,0
DFB-Pokal,1/16 FINALE,29.10.2025,Magonza,Stoccarda,Ospite,Stoccarda,Leweling Jamie,Attaccante,Subentrato,,0,2,0,0,0,0,0.0,0,0,0,0,0,0,0,0.0,0,0,0.0,0,0,0.0,1,0,0.167,0.2,5,1,6,1,0,0,0.0,0.0,0.0,0.0,0.0,0,0,2,0,0,0,0,0,0.0,0.0,0.0,0,0,0,0,0,0,0,0.0,0,0,0.0,0,0,8,8,0,0,0,0.667,2,0.0,0,1,0.667,2,3,3,0,0,0,0,0,0,0,0,0.0,0,0,0,0,0,0,0,0,0,0,0,0,1.0,1,1,0,0,0,8,4
DFB-Pokal,1/16 FINALE,29.10.2025,Magonza,Stoccarda,Ospite,Stoccarda,Karazor Atakan,Centrocampista,Titolare,7.8,0,0,0,0,0,0,0.0,2,0,0,0,0,1,0,0.0,0,0,0.0,1,0,0.714,7,5,0.667,0.625,8,5,15,10,0,0,0.03,0.432,0.907,0.263,0.0,0,4,0,4,1,0,0,0,0.263,0.263,0.0,0,0,0,1,0,0,2,1.0,2,2,0.0,0,2,90,90,0,0,0,0.727,24,0.429,3,7,0.727,24,33,33,0,0,0,0,0,0,0,0,0.0,0,0,0,0,0,1,0,0,0,0,1,1,1.0,2,2,0,0,1,54,8
DFB-Pokal,1/16 FINALE,29.10.2025,Magonza,Stoccarda,Ospite,Stoccarda,El Khannouss Bilal,Centrocampista offensivo,Titolare,8.2,1,9,1,0,0,0,0.0,8,0,0,0,0,0,0,0.333,2,6,1.0,1,1,1.0,2,2,0.714,0.6,5,3,7,5,0,0,0.355,0.021,0.0,0.263,0.0,0,8,1,1,0,0,0,0,0.263,0.263,0.0,0,0,0,2,0,0,2,1.0,3,3,0.75,6,8,82,82,0,0,0,0.743,26,0.625,10,16,0.735,25,34,35,0,0,0,0,0,0,0,0,0.0,0,0,0,0,1,0,2,0,0,1,0,2,0.0,1,0,0,0,1,52,4
DFB-Pokal,1/16 FINALE,29.10.2025,Magonza,Stoccarda,Ospite,Stoccarda,Bouanani Badredine,Centrocampista offensivo,Titolare,6.7,0,1,0,0,0,0,0.0,3,0,0,0,0,0,0,0.0,0,1,0.0,1,0,0.0,1,0,0.4,0.5,4,2,5,2,0,0,0.073,0.106,0.043,0.015,0.0,0,4,1,1,0,0,0,0,0.015,0.015,0.0,0,0,0,0,0,0,0,1.0,1,1,0.333,1,3,67,67,0,0,0,0.556,10,0.375,3,8,0.556,10,18,18,0,0,0,0,0,0,0,0,0.0,0,0,0,0,2,2,1,0,0,0,1,3,1.0,1,1,0,1,5,29,0
DFB-Pokal,1/16 FINALE,29.10.2025,Magonza,Stoccarda,Ospite,Stoccarda,Chabot Jeff,Difensore centrale,Titolare,7.3,0,5,0,0,0,0,0.0,1,0,0,0,1,6,0,0.0,0,0,0.0,1,0,0.5,6,3,0.417,0.333,6,2,12,5,0,0,0.015,0.0,0.0,0.263,0.0,0,3,2,1,0,0,0,0,0.263,0.263,0.0,0,0,0,0,0,0,0,0.0,0,0,0.111,1,9,90,90,0,0,3,0.745,35,0.75,3,4,0.714,30,42,47,0,0,0,0,0,0,0,0,0.0,0,0,0,0,0,0,0,0,0,0,0,0,1.0,1,1,0,0,1,61,0
DFB-Pokal,1/16 FINALE,29.10.2025,Magonza,Stoccarda,Ospite,Stoccarda,Mittelstadt Maximilian,Esterno,Titolare,6.5,0,2,0,0,0,0,0.0,1,0,0,0,0,2,0,1.0,1,1,0.0,0,0,1.0,1,1,1.0,1.0,3,3,4,4,0,0,0.057,0.0,0.0,0.015,0.0,0,1,0,1,0,0,0,0,0.015,0.015,0.0,0,0,0,0,0,0,1,0.0,0,0,0.5,2,4,67,67,0,0,0,0.739,17,1.0,4,4,0.739,17,23,23,0,0,0,0,0,0,0,0,0.0,0,0,0,0,0,0,0,0,0,0,0,0,0.0,2,0,0,0,1,37,0
DFB-Pokal,1/16 FINALE,29.10.2025,Magonza,Stoccarda,Ospite,Stoccarda,Fuhrich Chris,Attaccante,Subentrato,6.5,0,0,0,1,0,0,0.0,0,0,1,0,0,0,0,0.0,0,0,0.0,0,0,0.5,2,1,0.5,0.5,4,2,6,3,0,0,0.049,0.163,0.0,0.248,0.0,0,0,1,1,0,0,0,0,0.248,0.248,0.0,0,0,0,0,0,0,1,0.0,0,0,0.0,0,0,23,23,0,0,0,0.8,4,1.0,2,2,0.8,4,5,5,0,0,0,0,0,0,0,0,0.0,0,0,0,0,0,1,0,0,0,1,0,1,0.0,1,0,0,0,3,13,3
DFB-Pokal,1/16 FINALE,29.10.2025,Magonza,Stoccarda,Ospite,Stoccarda,Vagnoman Josha,Difensore,Subentrato,6.7,0,1,0,0,0,0,0.0,1,0,0,0,1,2,0,0.0,0,0,0.0,0,0,1.0,2,2,0.5,0.25,4,1,6,3,0,0,0.0,0.033,0.099,0.248,0.0,0,1,2,1,0,0,0,0,0.248,0.248,0.0,0,0,0,0,0,0,0,0.0,0,0,0.0,0,1,23,23,0,0,0,0.4,2,0.0,0,1,0.4,2,5,5,0,0,0,0,0,0,0,0,0.0,0,0,0,0,0,1,0,0,0,0,1,1,0.0,0,0,0,0,1,9,0
DFB-Pokal,1/16 FINALE,29.10.2025,Magonza,Stoccarda,Ospite,Stoccarda,Stiller Angelo,Centrocampista,Titolare,7.1,0,9,0,0,0,0,0.0,7,0,0,0,1,1,0,0.0,0,4,0.0,0,0,0.333,3,1,0.3,0.286,7,2,10,3,0,0,0.132,0.636,0.073,0.263,0.0,0,6,0,1,0,0,0,0,0.263,0.263,0.0,0,0,0,1,0,0,2,1.0,4,4,0.333,2,6,90,90,0,0,0,0.806,50,0.8,12,15,0.817,49,60,62,0,0,0,0,0,0,0,0,0.0,0,0,0,0,1,3,0,0,0,1,1,3,1.0,1,1,0,0,8,81,5
DFB-Pokal,1/16 FINALE,29.10.2025,Magonza,Stoccarda,Ospite,Stoccarda,Jaquez Luca,Difensore centrale,Titolare,7.9,0,3,0,0,0,0,0.0,1,0,0,0,0,3,0,0.0,0,0,0.0,0,0,0.75,4,3,0.833,1.0,2,2,6,5,0,0,0.236,0.392,0.926,0.263,0.0,0,4,0,0,1,0,0,0,0.263,0.263,0.0,0,0,0,1,0,0,0,0.0,0,0,0.7,7,10,90,90,0,0,0,0.766,36,0.8,4,5,0.756,34,45,47,0,0,0,0,0,0,0,0,0.0,0,0,0,0,0,1,0,0,1,0,1,1,0.5,2,1,0,0,2,54,0
DFB-Pokal,1/16 FINALE,29.10.2025,Magonza,Stoccarda,Casa,Magonza,Nebel Paul,Centrocampista offensivo,Titolare,6.8,0,5,0,0,0,0,0.0,8,0,0,0,0,1,0,0.111,1,9,0.0,0,0,0.5,2,1,0.429,0.4,5,2,7,3,0,0,0.286,0.042,0.0,2.158,0.0,0,5,2,1,0,2,0,0,0.158,0.158,0.0,0,0,0,0,0,0,2,0.0,0,0,0.4,2,5,90,90,0,0,1,0.721,31,0.467,7,15,0.721,31,43,43,0,0,0,0,0,0,0,0,0.0,0,0,0,0,1,1,0,2,0,0,0,1,1.0,1,1,0,0,3,71,4
DFB-Pokal,1/16 FINALE,29.10.2025,Magonza,Stoccarda,Casa,Magonza,Veratschnig Nikolas,Difensore,Subentrato,6.3,0,0,0,0,0,0,0.0,3,0,1,0,0,0,0,0.0,0,1,0.0,0,0,0.0,0,0,0.667,0.667,3,2,3,2,0,0,0.073,0.0,0.0,1.006,0.0,0,3,1,0,0,1,0,0,0.006,0.006,0.0,0,0,0,0,0,0,0,0.0,0,0,0.0,0,0,21,21,0,0,0,0.667,8,0.714,5,7,0.667,8,12,12,0,0,0,0,0,0,0,0,0.0,0,0,0,0,0,0,0,1,0,0,0,0,0.0,2,0,0,0,0,18,1
DFB-Pokal,1/16 FINALE,29.10.2025,Magonza,Stoccarda,Casa,Magonza,Amiri Nadiem,Centrocampista,Titolare,6.1,0,4,0,0,0,0,0.0,9,0,1,0,0,1,0,0.0,0,1,0.333,3,1,0.333,3,1,0.182,0.125,8,1,11,2,0,0,0.146,0.186,0.015,2.158,0.0,0,8,3,0,0,2,0,0,0.158,0.158,0.0,0,0,0,0,0,0,3,0.0,0,0,0.0,0,3,90,90,0,0,0,0.789,30,0.7,14,20,0.794,27,34,38,0,0,0,0,0,0,0,0,0.0,0,0,0,0,1,1,1,2,0,0,1,2,0.0,0,0,0,0,2,55,7
DFB-Pokal,1/16 FINALE,29.10.2025,Magonza,Stoccarda,Casa,Magonza,Sieb Armindo,Attaccante,Titolare,6.0,0,1,0,0,0,0,0.0,0,0,0,0,0,0,0,0.0,0,0,0.0,0,0,0.5,6,3,0.429,0.0,1,0,7,3,0,0,0.0,0.082,0.0,1.152,0.0,0,0,0,0,0,1,0,0,0.152,0.152,0.0,0,0,0,0,0,0,0,0.0,0,0,0.0,0,0,60,60,0,2,0,0.5,2,0.0,0,1,0.333,1,3,4,0,0,0,0,0,0,0,0,0.0,0,0,0,0,0,1,1,1,1,2,0,2,0.0,0,0,0,0,2,11,2
DFB-Pokal,1/16 FINALE,29.10.2025,Magonza,Stoccarda,Casa,Magonza,Maloney Lennard,Difensore centrale,Titolare,6.7,0,4,0,0,0,0,0.0,0,0,0,0,0,9,0,0.0,0,0,0.0,0,0,0.667,3,2,0.75,1.0,1,1,4,3,0,0,0.001,0.0,0.0,2.158,0.0,0,2,0,1,0,2,0,0,0.158,0.158,0.0,0,0,0,1,0,0,0,0.0,0,0,0.333,1,3,85,85,0,0,4,0.818,27,0.5,1,2,0.806,25,31,33,0,0,0,0,0,0,0,0,0.0,0,0,0,0,0,0,0,2,0,0,0,0,0.0,0,0,0,0,0,48,0
DFB-Pokal,1/16 FINALE,29.10.2025,Magonza,Stoccarda,Casa,Magonza,Widmer Silvan,Esterno,Titolare,5.9,0,1,0,0,0,0,0.0,2,0,0,0,0,1,0,0.0,0,0,0.0,0,0,0.0,0,0,0.0,0.0,0,0,0,0,0,0,0.038,0.033,0.0,1.152,0.0,0,3,0,0,0,1,0,0,0.152,0.152,0.0,0,0,0,0,0,0,0,0.0,0,0,0.25,1,4,69,69,0,0,0,0.611,11,0.833,5,6,0.611,11,18,18,0,0,0,0,0,0,0,0,0.0,0,0,0,0,0,0,1,1,0,1,0,1,0.0,0,0,0,0,0,30,2
DFB-Pokal,1/16 FINALE,29.10.2025,Magonza,Stoccarda,Casa,Magonza,Boving William,Attaccante,Subentrato,,0,1,0,0,0,0,0.0,0,0,0,0,0,0,0,0.0,0,0,0.0,0,0,0.0,1,0,0.0,0.0,1,0,2,0,0,0,0.049,0.054,0.0,0.0,0.0,0,2,0,0,0,0,0,0,0.0,0.0,0.0,0,0,0,0,0,0,0,0.0,0,0,1.0,1,1,5,5,0,0,0,0.833,5,0.8,4,5,0.833,5,6,6,0,0,0,0,0,0,0,0,0.0,0,0,0,0,1,1,0,0,0,0,0,1,0.0,0,0,0,0,3,10,3
DFB-Pokal,1/16 FINALE,29.10.2025,Magonza,Stoccarda,Casa,Magonza,Nordin Arnaud,Attaccante,Subentrato,6.3,0,1,0,0,0,0,0.0,2,0,0,0,0,0,0,0.0,0,3,1.0,1,1,0.0,2,0,0.6,1.0,3,3,5,3,0,0,0.008,0.0,0.0,1.006,0.0,0,1,0,2,0,1,0,0,0.006,0.006,0.0,0,0,0,0,0,0,0,0.0,0,0,0.0,0,0,21,21,0,0,0,0.875,7,0.8,4,5,0.875,7,8,8,0,0,0,0,0,0,0,0,0.0,0,0,0,0,0,0,0,1,0,0,0,0,0.0,0,0,0,0,0,18,0
DFB-Pokal,1/16 FINALE,29.10.2025,Magonza,Stoccarda,Casa,Magonza,Lee Jae-Sung,Centrocampista offensivo,Titolare,6.8,0,4,0,0,0,0,0.0,0,0,0,0,0,0,0,0.0,0,0,0.0,0,0,0.143,7,1,0.429,0.714,7,5,14,6,0,0,0.003,0.0,0.0,1.152,0.0,0,1,2,0,0,1,0,0,0.152,0.152,0.0,0,0,0,0,0,0,2,0.0,0,0,0.0,0,0,60,60,0,0,0,0.867,13,0.6,3,5,0.867,13,15,15,0,0,0,0,0,0,0,0,0.0,0,0,0,0,0,0,0,1,0,0,0,0,1.0,5,5,0,0,3,22,0
DFB-Pokal,1/16 FINALE,29.10.2025,Magonza,Stoccarda,Casa,Magonza,Hanche-Olsen Andreas,Difensore centrale,Titolare,6.7,0,5,0,0,0,0,0.0,0,0,1,0,0,0,0,0.0,0,1,1.0,1,1,0.857,7,6,0.692,0.5,6,3,13,9,0,0,0.018,0.214,0.248,2.158,0.0,0,11,2,0,0,2,0,0,0.158,0.158,0.0,0,0,0,0,0,0,0,0.0,0,0,0.3,3,10,90,90,0,0,1,0.7,42,0.556,10,18,0.7,42,60,60,0,0,0,0,0,0,0,0,0.0,0,0,0,0,1,2,0,2,1,0,1,2,1.0,2,2,0,0,5,71,1
DFB-Pokal,1/16 FINALE,29.10.2025,Magonza,Stoccarda,Casa,Magonza,Sano Kaishu,Centrocampista,Titolare,6.4,0,7,0,0,0,0,0.0,2,0,0,0,1,4,0,1.0,1,1,0.0,1,0,0.333,3,1,0.375,0.4,5,2,8,3,0,0,0.03,0.0,0.0,2.158,0.0,0,7,1,1,0,2,0,0,0.158,0.158,0.0,0,0,0,1,0,0,0,0.0,0,0,0.4,2,5,90,90,0,0,1,0.739,34,0.75,6,8,0.733,33,45,46,0,0,0,0,0,0,0,0,0.0,0,0,0,0,0,0,0,2,0,0,0,0,1.0,1,1,0,0,0,58,0
DFB-Pokal,1/16 FINALE,29.10.2025,Magonza,Stoccarda,Casa,Magonza,Hollerbach Benedict,Attaccante,Subentrato,6.5,0,0,0,0,0,0,0.0,2,0,0,0,0,1,0,0.0,0,1,0.0,0,0,1.0,1,1,0.667,0.5,2,1,3,2,0,0,0.081,0.039,0.0,1.006,0.0,0,0,0,1,0,1,0,0,0.006,0.006,0.0,0,0,0,0,0,0,1,0.0,0,0,0.0,0,0,30,30,0,0,0,0.8,8,0.75,6,8,0.8,8,10,10,0,0,0,0,0,0,0,0,0.0,0,0,0,0,1,1,0,1,0,0,0,1,0.0,0,0,0,0,5,18,1
DFB-Pokal,1/16 FINALE,29.10.2025,Magonza,Stoccarda,Casa,Magonza,Kohr Dominik,Difensore centrale,Titolare,7.3,0,8,0,0,0,0,0.0,3,0,1,0,1,0,0,0.0,0,0,0.0,0,0,0.0,0,0,0.545,0.545,11,6,11,6,0,0,0.024,0.0,0.0,2.158,0.0,0,13,3,1,0,2,0,0,0.158,0.158,0.0,0,0,0,6,0,0,0,0.0,0,0,0.444,4,9,90,90,0,0,0,0.833,50,0.65,13,20,0.831,49,59,60,0,0,0,0,0,0,0,0,0.0,0,0,0,0,0,0,0,2,0,0,0,0,0.6,5,3,0,0,1,80,3
DFB-Pokal,1/16 FINALE,29.10.2025,Magonza,Stoccarda,Casa,Magonza,Mwene Phillipp,Esterno,Titolare,6.1,0,5,0,0,0,0,0.0,1,0,0,0,0,0,0,0.0,0,1,0.0,0,0,0.5,2,1,0.25,0.0,2,0,4,1,0,0,0.011,0.0,0.0,1.152,0.0,0,3,0,0,0,1,0,0,0.152,0.152,0.0,0,0,0,2,0,0,0,0.0,0,0,0.0,0,1,69,69,0,0,0,0.714,15,0.75,6,8,0.714,15,21,21,0,0,0,0,0,0,0,0,0.0,0,0,0,0,0,0,0,1,0,0,0,0,0.0,0,0,0,0,2,32,3
DFB-Pokal,1/16 FINALE,29.10.2025,Magonza,Stoccarda,Casa,Magonza,Zentner Robin,Portiere,Titolare,6.7,0,12,0,0,0,0,0.0,0,0,1,0,0,1,0,0.0,0,0,0.0,0,0,0.0,0,0,1.0,1.0,2,2,2,2,0,0,0.011,0.0,0.0,2.158,0.0,0,15,0,2,0,2,0,0,0.158,0.158,1.0,1,1,0,0,0,7,0,0.0,0,0,0.423,11,26,90,90,0,0,0,0.717,38,0.333,5,15,0.696,32,46,53,0,0,0,0,0,0,0,0,0.0,0,0,0,4,0,0,0,6,0,0,0,0,0.0,0,0,0,0,0,68,0
DFB-Pokal,1/16 FINALE,29.10.2025,Magonza,Stoccarda,Casa,Magonza,Weiper Nelson,Attaccante,Subentrato,6.2,0,0,0,0,0,0,0.0,0,0,0,0,0,0,0,0.0,0,1,0.0,0,0,1.0,1,1,0.667,0.5,2,1,3,2,0,0,0.0,0.0,0.0,1.006,0.0,0,0,0,1,0,1,0,0,0.006,0.006,0.0,0,0,0,0,0,0,0,0.0,0,0,0.0,0,0,30,30,0,0,0,0.0,0,0.0,0,0,0.0,0,0,0,0,0,0,0,0,0,0,0,0.0,0,0,0,0,0,0,0,1,0,0,0,0,0.0,0,0,0,0,2,5,2
DFB-Pokal,1/16 FINALE,29.10.2025,Paderborn,Leverkusen,Casa,Paderborn,Engelns Luis,Centrocampista,Titolare,6.1,0,3,0,0,0,0,0.0,1,0,0,0,1,0,0,1.0,1,1,0.0,0,0,0.333,3,1,0.571,0.75,4,3,7,4,0,0,0.086,0.137,0.0,0.189,0.0,0,1,0,2,0,1,0,0,-0.811,-0.811,0.0,0,0,0,0,0,0,1,0.0,0,0,0.0,0,0,84,84,0,0,0,0.815,22,0.2,1,5,0.815,22,27,27,0,0,0,0,0,0,0,0,0.0,0,0,0,0,0,2,0,1,2,2,0,2,1.0,1,1,0,0,5,34,1
DFB-Pokal,1/16 FINALE,29.10.2025,Paderborn,Leverkusen,Casa,Paderborn,Obermair Raphael,Esterno,Titolare,7.4,1,7,0,0,0,0,0.0,9,0,1,0,1,2,0,0.6,3,5,0.0,1,0,0.5,4,2,0.529,0.538,13,7,17,9,0,0,0.187,0.115,0.0,5.289,0.0,0,6,2,0,0,4,0,0,1.289,1.289,0.0,0,0,0,0,0,0,3,0.0,0,0,0.111,1,9,120,120,0,0,0,0.657,23,0.5,5,10,0.697,23,33,35,0,0,0,0,0,0,0,0,0.0,0,0,0,0,0,1,0,4,0,1,0,1,1.0,7,7,0,0,3,65,4
DFB-Pokal,1/16 FINALE,29.10.2025,Paderborn,Leverkusen,Ospite,Leverkusen,Andrich Robert,Centrocampista,Titolare,7.5,1,6,1,0,0,0,0.0,0,0,1,0,1,7,0,0.0,0,0,0.0,0,0,1.0,1,1,0.667,0.6,5,3,6,4,0,0,0.037,0.162,0.485,1.168,0.0,0,5,1,0,0,2,0,0,-0.832,-0.832,0.0,0,0,0,2,0,0,1,1.0,2,2,0.778,7,9,120,120,0,0,0,0.915,75,0.789,15,19,0.91,71,78,82,0,0,0,0,0,0,0,0,0.0,0,0,0,0,1,1,2,2,0,1,1,3,0.333,3,1,0,0,1,102,0
DFB-Pokal,1/16 FINALE,29.10.2025,Paderborn,Leverkusen,Ospite,Leverkusen,Kofane Christian,Attaccante,Subentrato,7.4,1,2,2,2,0,0,0.0,3,0,0,0,0,1,0,0.0,0,0,0.0,0,0,0.667,6,4,0.538,0.429,7,3,13,7,0,0,0.139,0.63,0.0,1.168,0.0,0,0,2,3,0,2,0,0,-0.832,-0.832,0.0,0,0,0,0,0,0,2,1.0,3,3,0.0,0,0,75,75,0,1,0,0.85,17,0.7,7,10,0.824,14,17,20,0,0,0,0,0,0,0,0,0.0,0,0,0,0,0,3,0,2,2,3,0,3,0.0,0,0,0,0,5,32,4
DFB-Pokal,1/16 FINALE,29.10.2025,Paderborn,Leverkusen,Casa,Paderborn,Schubert Markus,Portiere,Titolare,8.0,0,10,0,0,3,0,0.0,1,0,0,0,0,1,0,0.0,0,0,0.0,0,0,0.0,1,0,0.0,0.0,0,0,1,0,0,0,0.007,0.0,0.0,5.289,0.0,0,16,0,0,0,4,0,0,1.289,1.289,0.0,0,0,0,0,0,0,0,0.0,0,0,0.488,20,41,120,120,0,0,0,0.632,36,0.313,5,16,0.781,25,32,57,0,0,0,0,0,0,0,0,0.0,0,0,1,10,0,0,0,14,0,0,0,0,0.0,0,0,0,0,0,68,0
DFB-Pokal,1/16 FINALE,29.10.2025,Paderborn,Leverkusen,Ospite,Leverkusen,Hofmann Jonas,Centrocampista offensivo,Titolare,6.4,0,2,0,0,0,0,0.0,0,0,0,0,0,1,0,0.0,0,0,0.0,0,0,0.5,2,1,0.5,0.0,0,0,2,1,0,0,0.006,0.091,0.0,0.124,0.0,0,4,0,0,0,0,0,0,0.124,0.124,0.0,0,0,0,0,0,0,0,0.857,6,7,1.0,4,4,83,83,0,2,0,0.872,34,0.8,4,5,0.872,34,39,39,0,0,0,0,0,0,0,0,0.0,0,0,0,0,0,1,1,0,0,2,0,2,0.0,0,0,0,0,1,45,1
DFB-Pokal,1/16 FINALE,29.10.2025,Paderborn,Leverkusen,Ospite,Leverkusen,Arthur,Esterno,Titolare,6.7,0,4,0,0,0,0,0.0,2,0,0,0,0,1,0,0.0,0,1,0.143,7,1,0.25,4,1,0.375,0.417,12,5,16,6,0,0,0.001,0.0,0.0,0.0,0.0,0,0,1,2,0,0,0,0,0.0,0.0,0.0,0,0,0,0,0,0,1,0.0,0,0,1.0,1,1,66,66,0,0,0,0.778,14,0.0,0,1,0.778,14,18,18,0,0,0,0,0,0,0,0,0.0,0,0,0,0,0,0,0,0,0,0,0,0,1.0,2,2,0,0,0,44,1
DFB-Pokal,1/16 FINALE,29.10.2025,Paderborn,Leverkusen,Ospite,Leverkusen,Tapsoba Edmond,Difensore centrale,Titolare,7.3,0,8,0,0,0,0,0.0,2,0,0,0,1,7,1,0.0,0,1,0.0,0,0,0.429,7,3,0.444,0.5,2,1,9,4,0,0,0.043,0.0,0.0,1.168,0.0,0,12,0,1,0,2,0,0,-0.832,-0.832,0.0,0,0,0,1,0,0,0,1.0,1,1,0.375,3,8,120,120,0,0,1,0.874,97,0.778,14,18,0.873,96,110,111,0,0,0,0,0,0,0,0,0.0,0,0,0,0,0,0,0,2,0,0,0,0,0.0,0,0,0,0,0,132,0
DFB-Pokal,1/16 FINALE,29.10.2025,Paderborn,Leverkusen,Casa,Paderborn,Worner Marco,Centrocampista offensivo,Titolare,6.4,0,3,0,0,0,0,0.0,2,0,0,0,0,0,0,0.0,0,0,0.0,0,0,0.0,1,0,0.333,0.4,5,2,6,2,0,0,0.102,0.0,0.0,0.189,0.0,0,0,1,2,0,1,0,0,-0.811,-0.811,0.0,0,0,0,2,0,0,2,0.0,0,0,0.0,0,0,61,61,0,0,1,0.5,4,0.6,3,5,0.5,4,8,8,0,0,0,0,0,0,0,0,0.0,0,0,0,0,0,0,0,1,0,0,0,0,0.0,0,0,0,0,1,19,5
DFB-Pokal,1/16 FINALE,29.10.2025,Paderborn,Leverkusen,Ospite,Leverkusen,Garcia Aleix,Centrocampista,Titolare,9.0,0,11,1,0,0,0,0.0,6,0,1,0,0,5,0,0.6,3,5,0.0,0,0,0.0,1,0,0.5,0.6,5,3,6,3,0,0,0.488,0.284,0.927,1.168,0.0,0,10,1,0,1,2,0,0,-0.832,-0.832,0.0,0,0,0,0,0,0,5,1.0,4,4,0.667,4,6,120,120,0,0,0,0.956,109,0.895,17,19,0.955,107,112,114,0,0,0,0,0,0,0,0,0.0,0,0,0,0,1,0,3,2,0,1,1,3,0.667,3,2,0,0,1,135,1
DFB-Pokal,1/16 FINALE,29.10.2025,Paderborn,Leverkusen,Ospite,Leverkusen,Belocian Jeanuel,Difensore centrale,Titolare,6.3,0,4,0,0,0,0,0.0,0,0,0,0,0,1,0,0.0,0,0,0.0,0,0,0.167,6,1,0.25,0.5,2,1,8,2,0,0,0.009,0.0,0.0,0.0,0.0,0,5,1,1,0,0,0,0,0.0,0.0,0.0,0,0,0,2,0,0,0,0.0,0,0,0.0,0,0,66,66,0,0,1,0.904,47,0.8,4,5,0.902,46,51,52,0,0,0,0,0,0,0,0,0.0,0,0,0,0,0,0,0,0,0,0,0,0,0.0,0,0,0,0,0,64,1
DFB-Pokal,1/16 FINALE,29.10.2025,Paderborn,Leverkusen,Ospite,Leverkusen,Bade Loic,Difensore centrale,Titolare,7.8,0,8,0,0,0,0,0.0,0,0,0,0,2,7,0,0.0,0,0,1.0,1,1,0.6,5,3,0.615,0.625,8,5,13,8,0,0,0.038,0.159,0.035,1.168,0.0,0,16,1,1,0,2,0,0,-0.832,-0.832,0.0,0,0,0,2,0,0,1,0.0,0,0,0.667,6,9,120,120,0,0,1,0.952,118,0.895,17,19,0.951,116,122,124,0,0,0,0,0,0,0,0,0.0,0,0,0,0,1,2,0,2,2,0,1,2,0.0,3,0,0,0,3,146,2
DFB-Pokal,1/16 FINALE,29.10.2025,Paderborn,Leverkusen,Ospite,Leverkusen,Poku Ernest,Attaccante,Subentrato,8.6,1,2,2,0,0,0,0.0,3,0,0,0,0,0,0,0.0,0,0,0.222,9,2,0.0,0,0,0.455,0.455,11,5,11,5,0,0,1.08,0.047,0.049,1.168,0.0,0,0,1,0,0,2,0,0,-0.832,-0.832,0.0,0,0,0,0,0,0,5,1.0,1,1,0.0,0,0,75,75,0,0,1,0.848,28,0.833,15,18,0.848,28,33,33,0,0,0,0,0,0,0,0,0.0,0,0,0,0,0,2,0,2,0,1,1,2,0.667,3,2,0,0,9,52,0
DFB-Pokal,1/16 FINALE,29.10.2025,Paderborn,Leverkusen,Casa,Paderborn,Hansen Mattes,Difensore centrale,Titolare,5.7,0,6,0,0,0,0,0.0,1,0,0,0,3,3,0,0.0,0,0,0.0,0,0,0.0,1,0,0.125,0.143,7,1,8,1,0,0,0.001,0.0,0.0,0.189,0.0,0,0,1,0,0,1,0,0,-0.811,-0.811,0.0,0,0,0,2,0,0,0,0.0,0,0,1.0,1,1,73,73,0,0,0,0.906,29,0.0,0,1,0.906,29,32,32,0,0,0,0,0,0,0,0,0.0,0,0,0,0,0,0,0,1,0,0,0,0,1.0,1,1,0,0,0,42,2
DFB-Pokal,1/16 FINALE,29.10.2025,Paderborn,Leverkusen,Ospite,Leverkusen,Maza Ibrahim,Centrocampista,Subentrato,8.0,0,2,0,2,0,0,0.0,4,0,0,0,0,1,0,0.75,3,4,1.0,2,2,1.0,1,1,0.833,0.8,5,4,6,5,0,0,0.629,1.162,1.774,1.044,0.0,0,2,1,2,1,2,0,0,-0.956,-0.956,0.0,0,0,0,1,0,0,1,1.0,4,4,0.0,0,0,37,37,0,0,0,0.8,20,0.733,11,15,0.792,19,24,25,0,0,0,0,0,0,0,0,0.0,0,0,0,0,0,4,0,2,2,0,4,4,0.0,0,0,0,0,6,41,2
DFB-Pokal,1/16 FINALE,29.10.2025,Paderborn,Leverkusen,Ospite,Leverkusen,Quansah Jarell,Difensore,Subentrato,7.8,0,1,0,0,0,0,0.0,1,0,0,0,1,3,0,0.0,0,0,0.5,2,1,0.667,6,4,0.545,0.4,5,2,11,6,0,0,0.033,0.668,0.979,1.168,0.0,0,4,1,1,1,2,0,0,-0.832,-0.832,0.0,0,0,0,0,0,0,1,0.0,0,0,0.0,0,1,54,54,0,0,0,0.813,26,0.923,12,13,0.813,26,32,32,0,0,0,0,0,0,0,0,0.0,0,0,0,0,1,3,1,2,1,1,2,4,0.0,0,0,0,0,4,49,1
DFB-Pokal,1/16 FINALE,29.10.2025,Paderborn,Leverkusen,Ospite,Leverkusen,Schick Patrik,Attaccante,Titolare,6.7,0,0,0,0,0,0,0.0,0,0,0,0,0,1,0,0.0,0,0,1.0,2,2,0.0,0,0,1.0,1.0,3,3,3,3,0,0,0.007,0.0,0.0,0.0,0.0,0,2,0,1,0,0,0,0,0.0,0.0,0.0,0,0,0,0,0,0,0,1.0,2,2,1.0,1,1,45,45,0,1,0,0.9,9,1.0,3,3,0.9,9,10,10,0,0,0,0,0,0,0,0,0.0,0,0,0,0,0,0,0,0,0,0,0,0,0.0,0,0,0,0,1,15,0
DFB-Pokal,1/16 FINALE,29.10.2025,Paderborn,Leverkusen,Ospite,Leverkusen,Grimaldo Alejandro,Esterno,Titolare,8.5,0,11,1,1,0,0,0.0,12,0,0,0,0,2,0,0.444,4,9,0.2,5,1,0.0,0,0,0.2,0.2,5,1,5,1,0,0,1.049,0.489,1.041,1.168,0.0,0,5,2,0,1,2,0,0,-0.832,-0.832,0.0,0,0,0,1,0,0,3,1.0,5,5,0.0,0,0,120,120,0,0,1,0.872,75,0.769,20,26,0.869,73,84,86,0,0,0,0,0,0,0,0,0.0,0,0,0,0,1,2,4,2,0,1,4,6,0.0,0,0,0,1,4,120,3
DFB-Pokal,1/16 FINALE,29.10.2025,Paderborn,Leverkusen,Casa,Paderborn,Sticker Jonah,Difensore,Subentrato,7.4,0,4,0,0,0,0,0.0,2,0,0,0,0,0,0,1.0,1,1,0.0,0,0,0.0,3,0,0.5,1.0,3,3,6,3,0,0,0.106,0.0,0.0,5.1,0.0,0,3,0,2,0,3,0,0,2.1,2.1,0.0,0,0,0,1,0,0,1,0.0,0,0,0.5,1,2,59,59,0,0,1,0.864,19,0.667,2,3,0.857,18,21,22,0,0,0,0,0,0,0,0,0.0,0,0,0,0,0,0,0,3,0,0,0,0,1.0,1,1,0,0,0,29,0
DFB-Pokal,1/16 FINALE,29.10.2025,Paderborn,Leverkusen,Ospite,Leverkusen,Ben Seghir Eliesse,Centrocampista offensivo,Titolare,6.8,0,1,0,0,0,0,0.0,2,0,0,0,0,0,0,0.0,0,2,0.167,6,1,1.0,1,1,0.5,0.455,11,5,12,6,0,0,0.719,0.0,0.0,0.0,0.0,0,1,0,3,0,0,0,0,0.0,0.0,0.0,0,0,0,0,0,0,0,0.0,0,0,0.0,0,0,45,45,0,0,0,0.786,11,0.4,2,5,0.786,11,14,14,0,0,0,0,0,0,0,0,0.0,0,0,0,0,0,0,0,0,0,0,0,0,0.0,1,0,0,0,1,31,3
DFB-Pokal,1/16 FINALE,29.10.2025,Paderborn,Leverkusen,Ospite,Leverkusen,Flekken Mark,Portiere,Titolare,6.2,0,16,0,0,0,0,0.0,0,0,0,0,0,0,0,0.0,0,0,0.0,0,0,0.0,0,0,0.0,0.0,0,0,0,0,0,0,0.0,0.0,0.0,1.168,0.0,0,4,0,0,0,2,0,0,-0.832,-0.832,0.5,1,2,0,0,0,8,0,0.0,0,1,0.25,3,12,120,120,0,0,0,0.706,24,0.25,1,4,0.692,18,26,34,0,0,0,0,0,0,0,0,0.0,0,0,0,2,0,0,0,4,0,0,0,0,0.0,0,0,0,0,0,46,0
DFB-Pokal,1/16 FINALE,29.10.2025,Paderborn,Leverkusen,Ospite,Leverkusen,Terrier Martin,Attaccante,Subentrato,7.5,0,2,0,0,0,0,0.0,3,0,0,0,0,3,0,0.5,2,4,0.0,1,0,1.0,1,1,0.857,0.833,6,5,7,6,0,0,0.156,0.0,0.0,1.168,0.0,0,6,0,1,0,2,0,0,-0.832,-0.832,0.0,0,0,0,0,0,0,1,1.0,2,2,0.0,0,0,54,54,0,0,0,0.885,23,0.8,12,15,0.88,22,25,26,0,0,0,0,0,0,0,0,0.0,0,0,0,0,0,0,0,2,0,0,0,0,1.0,4,4,0,0,3,42,1
DFB-Pokal,1/16 FINALE,29.10.2025,Paderborn,Leverkusen,Casa,Paderborn,Batzner Nick,Centrocampista,Subentrato,7.8,1,3,0,0,0,0,0.0,1,0,0,0,0,0,0,0.0,0,0,0.0,0,0,0.0,0,0,0.5,0.5,2,1,2,1,0,0,0.099,0.0,0.0,5.1,0.0,0,4,1,1,0,3,0,0,2.1,2.1,0.0,0,0,0,0,0,0,1,0.0,0,0,0.0,0,1,47,47,0,0,0,0.941,16,0.8,4,5,1.0,15,15,17,0,0,0,0,0,0,0,0,0.0,0,0,0,0,0,0,0,3,0,0,0,0,0.0,0,0,0,0,1,22,1
DFB-Pokal,1/16 FINALE,29.10.2025,Paderborn,Leverkusen,Casa,Paderborn,Michel Sven,Attaccante,Subentrato,7.1,0,1,0,0,0,0,0.0,0,0,0,0,0,1,0,0.0,0,0,1.0,1,1,0.667,3,2,0.429,0.25,4,1,7,3,0,0,0.0,0.384,0.532,5.1,0.0,0,0,0,0,1,3,0,0,2.1,2.1,0.0,0,0,0,0,0,0,0,0.0,0,0,0.0,0,0,36,36,0,0,0,0.571,4,0.0,0,2,0.571,4,7,7,0,0,0,0,0,0,0,0,0.0,0,0,0,0,1,2,1,3,0,0,2,3,0.0,0,0,0,0,3,18,5
DFB-Pokal,1/16 FINALE,29.10.2025,Paderborn,Leverkusen,Casa,Paderborn,Tigges Steffen,Attaccante,Subentrato,7.3,0,0,0,0,0,0,0.0,0,0,0,0,0,2,0,0.0,0,0,1.0,1,1,0.556,9,5,0.6,1.0,1,1,10,6,0,0,0.017,0.097,0.0,5.1,0.0,0,1,1,1,0,3,0,0,2.1,2.1,0.0,0,0,0,0,0,0,2,0.0,0,0,0.0,0,0,48,48,0,0,0,0.667,4,0.667,2,3,0.667,4,6,6,0,0,0,0,0,0,0,0,0.0,0,0,0,0,1,2,0,3,1,1,0,2,0.0,0,0,0,0,6,17,4
DFB-Pokal,1/16 FINALE,29.10.2025,Paderborn,Leverkusen,Casa,Paderborn,Scheller Tjark,Difensore centrale,Titolare,6.6,0,7,0,0,0,0,0.0,1,0,0,0,0,7,0,0.0,0,1,0.0,0,0,0.667,3,2,0.6,0.5,2,1,5,3,0,0,0.009,0.0,0.0,5.289,0.0,0,9,1,0,0,4,0,0,1.289,1.289,0.0,0,0,0,5,0,0,0,0.0,0,0,0.4,2,5,120,120,0,0,2,0.771,37,0.583,7,12,0.761,35,46,48,0,0,0,0,0,0,0,0,0.0,0,0,0,0,0,0,0,4,0,0,0,0,0.0,1,0,0,0,1,66,1
DFB-Pokal,1/16 FINALE,29.10.2025,Paderborn,Leverkusen,Casa,Paderborn,Gotze Felix,Difensore centrale,Titolare,5.0,0,7,0,0,0,0,0.0,1,1,0,0,0,3,0,0.0,0,1,0.0,0,0,1.0,2,2,0.6,0.333,3,1,5,3,0,0,0.027,0.081,0.0,0.0,0.0,0,3,2,1,0,0,0,0,0.0,0.0,0.0,0,0,0,1,0,0,0,0.0,0,0,0.75,3,4,58,58,0,0,0,0.951,39,0.75,3,4,0.947,36,38,41,0,0,0,0,0,0,0,0,0.0,0,0,0,0,0,1,1,0,1,2,0,2,0.0,0,0,0,0,1,49,0
DFB-Pokal,1/16 FINALE,29.10.2025,Paderborn,Leverkusen,Casa,Paderborn,Marino Stefano,Attaccante,Subentrato,7.8,0,2,0,0,0,0,0.0,1,0,1,0,0,1,0,0.0,0,1,1.0,1,1,1.0,1,1,0.556,0.5,8,4,9,5,0,0,0.004,0.197,0.512,5.1,0.0,0,2,1,1,1,3,0,0,2.1,2.1,0.0,0,0,0,1,0,0,0,0.0,0,0,0.0,0,0,47,47,0,0,0,0.875,7,0.75,3,4,0.875,7,8,8,0,0,0,0,0,0,0,0,0.0,0,0,0,0,0,2,0,3,2,0,2,2,1.0,2,2,0,0,3,24,6
DFB-Pokal,1/16 FINALE,29.10.2025,Paderborn,Leverkusen,Casa,Paderborn,Curda Laurin,Esterno,Titolare,6.9,0,4,0,0,0,0,0.0,7,0,0,0,3,3,0,0.0,0,2,1.0,1,1,0.571,7,4,0.667,0.706,17,12,24,16,0,0,0.04,0.11,0.124,5.289,0.0,0,10,1,0,0,4,0,0,1.289,1.289,0.0,0,0,0,1,0,0,1,0.0,0,0,0.167,1,6,120,120,0,0,0,0.578,26,0.529,9,17,0.578,26,45,45,0,0,0,0,0,0,0,0,0.0,0,0,0,0,2,1,2,4,0,0,1,3,0.818,11,9,0,0,1,81,3
DFB-Pokal,1/16 FINALE,29.10.2025,Paderborn,Leverkusen,Casa,Paderborn,Copado Lucas,Attaccante,Titolare,5.9,0,1,0,0,0,0,0.0,1,0,0,0,1,0,0,1.0,1,1,0.0,1,0,0.0,1,0,0.143,0.167,6,1,7,1,0,0,0.061,0.272,0.0,0.189,0.0,0,3,2,1,0,1,0,0,-0.811,-0.811,0.0,0,0,0,0,0,0,2,0.0,0,0,1.0,1,1,72,72,0,0,0,0.722,13,0.667,4,6,0.688,11,16,18,0,0,0,0,0,0,0,0,0.0,0,0,0,0,0,1,1,1,0,2,0,2,0.0,0,0,0,0,1,29,5
DFB-Pokal,1/16 FINALE,29.10.2025,Paderborn,Leverkusen,Casa,Paderborn,Bilbija Filip,Centrocampista offensivo,Titolare,5.6,0,2,0,0,0,0,0.0,2,0,0,0,1,0,0,0.0,0,1,1.0,1,1,0.5,2,1,0.333,0.25,4,1,6,2,0,0,0.007,0.0,0.0,0.189,0.0,0,2,1,0,0,1,0,0,-0.811,-0.811,0.0,0,0,0,0,0,0,0,0.0,0,0,0.0,0,1,73,73,0,0,1,0.625,10,0.571,4,7,0.625,10,16,16,0,0,0,0,0,0,0,0,0.0,0,0,0,0,0,0,0,1,0,0,0,0,0.0,0,0,0,1,0,23,2
DFB-Pokal,1/16 FINALE,29.10.2025,Paderborn,Leverkusen,Casa,Paderborn,Baur Mika,Centrocampista,Titolare,6.4,0,4,0,0,0,0,0.0,6,0,1,0,1,1,0,0.167,1,6,0.0,0,0,0.0,0,0,0.25,0.25,8,2,8,2,0,0,0.132,0.038,0.0,5.289,0.0,0,10,4,0,0,4,0,0,1.289,1.289,0.0,0,0,0,1,0,0,3,0.0,0,0,0.6,3,5,120,120,0,0,0,0.915,65,0.857,12,14,0.91,61,67,71,0,0,0,0,0,0,0,0,0.0,0,0,0,0,0,0,1,4,0,1,0,1,1.0,2,2,0,0,0,86,3
DFB-Pokal,1/16 FINALE,28.10.2025,Augusta,Bochum,Ospite,Bochum,Loosli Noah,Difensore centrale,Titolare,7.0,0,0,0,0,0,0,0.0,1,0,0,0,0,12,0,0.0,0,0,0.0,0,0,0.0,0,0,1.0,1.0,2,2,2,2,0,0,0.013,0.0,0.0,1.294,0.0,0,5,0,1,0,0,0,0,1.294,1.294,0.0,0,0,0,2,0,0,0,0.0,0,0,0.333,3,9,90,90,0,0,0,0.846,33,0.6,3,5,0.842,32,38,39,0,0,0,0,0,0,0,0,0.0,0,0,0,0,0,0,0,0,0,0,0,0,1.0,1,1,0,0,0,57,1
DFB-Pokal,1/16 FINALE,28.10.2025,Augusta,Bochum,Ospite,Bochum,Horn Timo,Portiere,Titolare,7.3,0,13,0,0,0,0,0.0,0,0,1,0,0,1,0,0.0,0,0,0.0,0,0,0.0,0,0,0.0,0.0,0,0,0,0,0,1,0.001,0.0,0.0,1.294,0.0,0,5,0,0,0,0,0,0,1.294,1.294,1.0,1,1,0,0,0,8,0,0.0,0,0,0.25,4,16,90,90,0,0,0,0.481,13,0.2,1,5,0.636,7,11,27,0,0,0,0,0,0,0,0,0.0,0,0,0,2,0,0,0,2,0,0,0,0,0.0,0,0,0,0,0,42,0
DFB-Pokal,1/16 FINALE,28.10.2025,Augusta,Bochum,Ospite,Bochum,Masovic Erhan,Difensore,Subentrato,6.6,0,0,0,0,0,0,0.0,0,0,0,0,0,2,0,0.0,0,0,0.0,0,0,1.0,1,1,1.0,0.0,0,0,1,1,0,0,0.0,0.0,0.0,0.472,0.0,0,1,0,0,0,0,0,0,0.472,0.472,0.0,0,0,0,0,0,0,0,0.0,0,0,0.5,1,2,20,20,0,0,1,0.857,6,0.0,0,1,0.857,6,7,7,0,0,0,0,0,0,0,0,0.0,0,0,0,0,0,0,0,0,0,0,0,0,0.0,0,0,0,0,0,11,0
DFB-Pokal,1/16 FINALE,28.10.2025,Augusta,Bochum,Ospite,Bochum,Pannewig Mats,Centrocampista,Titolare,7.3,0,5,0,0,0,0,0.0,4,0,0,0,0,3,0,0.0,0,3,1.0,2,2,0.8,5,4,0.6,0.5,10,5,15,9,0,0,0.021,0.04,0.0,1.294,0.0,0,5,2,1,0,0,0,0,1.294,1.294,0.0,0,0,0,2,0,0,2,0.0,0,0,0.5,3,6,90,90,0,0,1,0.8,28,0.75,9,12,0.8,28,35,35,0,0,0,0,0,0,0,0,0.0,0,0,0,0,2,2,0,0,2,0,0,2,0.5,2,1,0,0,3,56,3
DFB-Pokal,1/16 FINALE,28.10.2025,Augusta,Bochum,Ospite,Bochum,Morgalla Leandro,Terzino,Titolare,6.7,0,1,0,0,0,0,0.0,0,0,0,0,0,3,0,0.0,0,0,0.5,4,2,0.0,0,0,0.5,0.5,8,4,8,4,0,0,0.003,0.0,0.0,0.822,0.0,0,9,1,1,0,0,0,0,0.822,0.822,0.0,0,0,0,0,0,0,0,0.0,0,0,0.333,1,3,80,80,0,0,0,0.762,16,0.571,4,7,0.762,16,21,21,0,0,0,0,0,0,0,0,0.0,0,0,0,0,0,0,0,0,0,0,0,0,1.0,1,1,0,0,2,47,1
DFB-Pokal,1/16 FINALE,28.10.2025,Augusta,Bochum,Ospite,Bochum,Strompf Philipp,Difensore centrale,Titolare,7.5,0,1,0,0,0,0,0.0,2,0,0,0,0,4,0,0.0,0,0,0.0,0,0,0.0,0,0,1.0,1.0,4,4,4,4,0,0,0.01,0.254,0.0,0.822,0.0,0,6,0,2,0,0,0,0,0.822,0.822,0.0,0,0,0,1,0,0,0,0.0,0,0,0.5,5,10,70,70,0,0,2,0.815,22,0.333,2,6,0.808,21,26,27,0,0,0,0,0,0,0,0,0.0,0,0,0,0,1,2,0,0,0,1,0,2,1.0,2,2,0,0,2,41,0
DFB-Pokal,1/16 FINALE,28.10.2025,Augusta,Bochum,Ospite,Bochum,Passlack Felix,Difensore,Subentrato,6.5,0,2,0,0,0,0,0.0,1,0,1,0,1,2,0,0.0,0,0,0.0,0,0,1.0,1,1,0.25,0.0,3,0,4,1,0,0,0.077,0.0,0.0,0.472,0.0,0,0,1,0,0,0,0,0,0.472,0.472,0.0,0,0,0,0,0,0,0,0.0,0,0,0.667,2,3,30,30,0,0,0,0.643,9,0.5,1,2,0.643,9,14,14,0,0,0,0,0,0,0,0,0.0,0,0,0,0,0,0,0,0,0,0,0,0,0.0,0,0,0,0,0,19,1
DFB-Pokal,1/16 FINALE,28.10.2025,Augusta,Bochum,Ospite,Bochum,Obafemi Michael,Attaccante,Subentrato,,0,0,0,1,0,0,0.0,0,0,0,0,0,0,0,0.0,0,0,0.0,1,0,0.0,0,0,0.0,0.0,2,0,2,0,0,0,0.0,0.396,0.275,0.472,0.0,0,0,0,0,0,0,0,0,0.472,0.472,0.0,0,0,0,0,0,0,0,0.0,0,0,0.0,0,0,10,10,0,0,0,0.0,0,0.0,0,1,0.0,0,1,1,0,0,0,0,0,0,0,0,0.0,0,0,0,0,0,1,0,0,0,0,1,1,0.0,0,0,0,0,1,5,2
DFB-Pokal,1/16 FINALE,28.10.2025,Augusta,Bochum,Ospite,Bochum,Wittek Maximilian,Terzino,Titolare,6.9,0,3,0,0,0,0,0.0,7,0,0,0,1,4,0,0.4,2,5,0.0,0,0,1.0,1,1,0.75,0.667,3,2,4,3,0,0,0.095,0.028,0.0,1.294,0.0,0,8,0,1,0,0,0,0,1.294,1.294,0.0,0,0,0,0,0,0,3,0.0,0,0,0.222,2,9,90,90,0,0,1,0.667,22,0.727,8,11,0.677,21,31,33,0,0,0,0,0,0,0,0,0.0,0,0,0,0,0,0,1,0,0,1,0,1,0.0,1,0,0,0,0,62,0
DFB-Pokal,1/16 FINALE,28.10.2025,Augusta,Bochum,Ospite,Bochum,Alfa-Ruprecht Farid,Ala,Titolare,6.7,1,2,0,0,0,0,0.0,0,0,0,0,0,0,0,0.0,0,1,0.0,2,0,0.0,3,0,0.0,0.0,3,0,6,0,0,0,0.044,0.035,0.0,0.822,0.0,0,0,1,0,0,0,0,0,0.822,0.822,0.0,0,0,0,1,0,0,1,1.0,1,1,0.0,0,0,60,60,0,1,0,0.7,7,0.75,3,4,0.7,7,10,10,0,0,0,0,0,0,0,0,0.0,0,0,0,0,0,1,0,0,0,1,0,1,0.0,0,0,0,0,4,22,5
DFB-Pokal,1/16 FINALE,28.10.2025,Augusta,Bochum,Ospite,Bochum,Onyeka Francis,Attaccante,Titolare,6.5,0,4,0,0,0,0,0.0,0,0,0,0,0,1,0,1.0,1,1,0.0,1,0,0.0,1,0,0.5,0.667,3,2,4,2,0,0,0.112,0.082,0.0,1.294,0.0,0,1,0,0,0,0,0,0,1.294,1.294,0.0,0,0,0,0,0,0,2,1.0,1,1,0.0,0,2,90,90,0,0,0,0.643,9,0.75,3,4,0.615,8,13,14,0,0,0,0,0,0,0,0,0.0,0,0,0,0,0,1,1,0,0,2,0,2,0.5,2,1,0,0,3,27,5
DFB-Pokal,1/16 FINALE,28.10.2025,Augusta,Bochum,Ospite,Bochum,Kwarteng Moritz-Broni,Centrocampista,Subentrato,7.2,0,1,1,1,0,0,0.0,3,0,0,0,0,1,0,0.0,0,1,1.0,2,2,0.0,0,0,1.0,1.0,3,3,3,3,0,0,0.303,0.585,0.777,0.472,0.0,0,0,0,1,0,0,0,0,0.472,0.472,0.0,0,0,0,0,0,0,1,0.0,0,0,1.0,1,1,20,20,0,0,0,0.909,10,1.0,4,4,0.909,10,11,11,0,0,0,0,0,0,0,0,0.0,0,0,0,0,1,0,2,0,0,0,1,2,0.0,0,0,0,1,0,19,0
DFB-Pokal,1/16 FINALE,28.10.2025,Augusta,Bochum,Ospite,Bochum,Holtmann Gerrit,Ala,Titolare,7.7,0,5,0,0,0,0,0.0,3,0,0,0,0,0,0,0.0,0,3,0.0,3,0,0.0,2,0,0.333,0.5,4,2,6,2,0,0,0.008,0.36,0.772,0.822,0.0,0,0,1,0,1,0,0,0,0.822,0.822,0.0,0,0,0,1,0,0,0,0.0,0,0,1.0,1,1,70,70,0,0,0,0.769,10,0.6,3,5,0.769,10,13,13,0,0,0,0,0,0,0,0,0.0,0,0,0,0,0,2,3,0,0,3,2,5,0.5,2,1,0,0,3,31,1
DFB-Pokal,1/16 FINALE,28.10.2025,Augusta,Bochum,Ospite,Bochum,Lenz Cajetan,Centrocampista,Titolare,7.3,0,5,0,0,0,0,0.0,1,0,0,0,0,3,0,0.0,0,0,1.0,1,1,0.0,1,0,0.8,1.0,4,4,5,4,0,0,0.003,0.0,0.0,0.822,0.0,0,1,0,1,0,0,0,0,0.822,0.822,0.0,0,0,0,2,0,0,0,0.0,0,0,0.4,2,5,80,80,0,0,2,0.854,35,0.5,1,2,0.854,35,41,41,0,0,0,0,0,0,0,0,0.0,0,0,0,0,0,0,0,0,0,0,0,0,1.0,2,2,0,0,0,55,2
DFB-Pokal,1/16 FINALE,28.10.2025,Augusta,Bochum,Ospite,Bochum,Watjen Kjell,Centrocampista,Titolare,6.9,0,7,0,0,0,0,0.0,0,0,1,0,2,0,0,0.0,0,0,0.5,4,2,1.0,1,1,0.444,0.375,8,3,9,4,0,0,0.162,0.0,0.0,1.294,0.0,0,6,1,0,0,0,0,0,1.294,1.294,0.0,0,0,0,0,0,0,3,0.0,0,0,0.4,2,5,90,90,0,0,0,0.75,27,0.733,11,15,0.75,27,36,36,0,0,0,0,0,0,0,0,0.0,0,0,0,0,0,0,0,0,0,0,0,0,0.0,1,0,0,0,2,50,4
DFB-Pokal,1/16 FINALE,28.10.2025,Augusta,Bochum,Ospite,Bochum,Hofmann Philipp,Attaccante,Subentrato,,0,2,1,0,0,0,0.0,0,0,0,0,0,0,0,0.0,0,0,0.0,0,0,0.0,1,0,0.333,0.5,2,1,3,1,0,0,0.0,0.0,0.0,0.472,0.0,0,0,1,0,0,0,0,0,0.472,0.472,0.0,0,0,0,1,0,0,1,0.0,0,0,0.0,0,0,10,10,0,0,0,0.714,5,0.0,0,0,0.714,5,7,7,0,0,0,0,0,0,0,0,0.0,0,0,0,0,0,0,0,0,0,0,0,0,0.0,1,0,0,0,0,10,0
DFB-Pokal,1/16 FINALE,28.10.2025,Augusta,Bochum,Casa,Augusta,Jakic Kristijan,Difensore centrale,Titolare,6.6,0,2,0,0,0,0,0.0,2,0,0,0,0,6,0,0.0,0,0,0.0,0,0,0.5,2,1,0.8,1.0,3,3,5,4,0,0,0.015,0.0,0.0,1.824,0.0,0,10,0,0,0,1,0,0,0.824,0.824,0.0,0,0,0,1,0,0,0,0.0,0,0,0.4,2,5,90,90,0,0,0,0.783,47,0.533,8,15,0.783,47,60,60,0,0,0,0,0,0,0,0,0.0,0,0,0,0,0,0,0,1,0,0,0,0,0.667,3,2,0,0,2,76,3
DFB-Pokal,1/16 FINALE,28.10.2025,Augusta,Bochum,Casa,Augusta,Schlotterbeck Keven,Difensore,Subentrato,,0,2,0,0,0,0,0.0,0,0,0,0,0,0,0,0.0,0,0,0.0,0,0,0.0,0,0,0.0,0.0,0,0,0,0,0,0,0.008,0.168,0.0,1.052,0.0,0,4,0,0,0,0,0,0,1.052,1.052,0.0,0,0,0,0,0,0,0,0.0,0,0,0.0,0,0,10,10,0,0,0,1.0,9,1.0,5,5,1.0,8,8,9,0,0,0,0,0,0,0,0,0.0,0,0,0,0,0,1,0,0,1,1,0,1,0.0,0,0,0,0,1,10,0
DFB-Pokal,1/16 FINALE,28.10.2025,Augusta,Bochum,Casa,Augusta,Labrovic Nediljko,Portiere,Titolare,7.5,0,12,0,0,2,0,0.0,0,0,0,0,0,0,0,0.0,0,0,0.0,0,0,0.0,0,0,0.0,0.0,0,0,0,0,0,0,0.001,0.0,0.0,1.824,0.0,0,2,0,0,0,1,0,0,0.824,0.824,0.5,1,2,0,0,1,8,0,0.0,0,0,0.5,5,10,90,90,0,0,0,0.844,27,0.0,0,2,0.913,21,23,32,0,0,0,0,0,0,0,0,0.0,0,0,0,3,0,0,0,4,0,0,0,0,0.0,0,0,0,0,0,45,0
DFB-Pokal,1/16 FINALE,28.10.2025,Augusta,Bochum,Casa,Augusta,Komur Mert,Centrocampista,Subentrato,6.5,0,0,0,0,0,0,0.0,5,0,0,0,0,0,0,0.6,3,5,0.0,3,0,0.0,0,0,0.0,0.0,4,0,4,0,0,0,0.279,0.1,0.0,1.052,0.0,0,1,0,0,0,0,0,0,1.052,1.052,0.0,0,0,0,0,0,0,2,0.0,0,0,0.0,0,0,45,45,0,0,0,0.8,8,0.6,3,5,0.8,8,10,10,0,0,0,0,0,0,0,0,0.0,0,0,0,0,2,1,1,0,0,0,0,2,0.0,0,0,0,0,2,24,4
DFB-Pokal,1/16 FINALE,28.10.2025,Augusta,Bochum,Casa,Augusta,Giannoulis Dimitrios,Difensore,Subentrato,6.6,0,3,0,0,0,0,0.0,6,0,0,0,0,0,0,0.167,1,6,1.0,1,1,0.0,1,0,0.5,1.0,1,1,2,1,0,0,0.146,0.0,0.0,1.052,0.0,0,4,0,0,0,0,0,0,1.052,1.052,0.0,0,0,0,1,0,0,1,0.0,0,0,0.75,3,4,30,30,0,0,0,0.958,23,1.0,11,11,0.958,23,24,24,0,0,0,0,0,0,0,0,0.0,0,0,0,0,0,0,0,0,0,0,0,0,0.0,0,0,0,0,1,39,3
DFB-Pokal,1/16 FINALE,28.10.2025,Augusta,Bochum,Casa,Augusta,Wolf Marius,Esterno,Titolare,6.5,0,1,0,0,0,0,0.0,5,0,0,0,0,1,0,0.0,0,2,0.0,2,0,0.0,1,0,0.25,0.333,3,1,4,1,0,0,0.031,0.09,0.0,0.772,0.0,0,5,0,1,0,1,0,0,-0.228,-0.228,0.0,0,0,0,0,0,0,0,0.0,0,0,0.5,1,2,60,60,0,0,0,0.739,17,0.667,6,9,0.727,16,22,23,0,0,0,0,0,0,0,0,0.0,0,0,0,0,1,3,0,1,1,2,0,3,0.0,0,0,0,0,3,45,0
DFB-Pokal,1/16 FINALE,28.10.2025,Augusta,Bochum,Casa,Augusta,Rexhbecaj Elvis,Centrocampista,Titolare,6.6,0,3,0,0,0,0,0.0,4,0,0,0,1,1,0,0.0,0,1,0.0,0,0,0.25,4,1,0.5,0.75,4,3,8,4,0,0,0.017,0.0,0.0,1.824,0.0,0,10,0,1,0,1,0,0,0.824,0.824,0.0,0,0,0,1,0,0,0,1.0,2,2,0.5,2,4,90,90,0,0,1,0.884,38,0.636,7,11,0.884,38,43,43,0,0,0,0,0,0,0,0,0.0,0,0,0,0,0,0,0,1,0,0,0,0,0.0,2,0,0,0,0,53,0
DFB-Pokal,1/16 FINALE,28.10.2025,Augusta,Bochum,Casa,Augusta,Essende Samuel,Attaccante,Subentrato,6.4,0,0,0,0,0,0,0.0,0,0,0,0,0,0,0,0.0,0,0,0.0,0,0,0.5,2,1,0.25,0.0,2,0,4,1,0,0,0.105,0.0,0.0,1.052,0.0,0,0,2,0,0,0,0,0,1.052,1.052,0.0,0,0,0,0,0,0,1,0.0,0,0,0.0,0,0,31,31,0,0,0,1.0,2,1.0,1,1,1.0,2,2,2,0,0,0,0,0,0,0,0,0.0,0,0,0,0,0,0,0,0,0,0,0,0,0.0,0,0,0,0,4,5,1
DFB-Pokal,1/16 FINALE,28.10.2025,Augusta,Bochum,Casa,Augusta,Claude-Maurice Alexis,Attaccante,Subentrato,6.6,0,1,0,0,0,0,0.0,1,0,0,0,1,0,0,0.0,0,1,1.0,1,1,0.0,0,0,0.2,0.2,5,1,5,1,0,0,0.008,0.066,0.472,1.052,0.0,0,0,0,0,0,0,0,0,1.052,1.052,0.0,0,0,0,0,0,0,0,1.0,2,2,1.0,1,1,13,13,0,0,1,1.0,8,1.0,2,2,1.0,8,8,8,0,0,0,0,0,0,0,0,0.0,0,0,0,0,0,0,1,0,0,0,1,1,0.0,0,0,0,0,1,17,5
DFB-Pokal,1/16 FINALE,28.10.2025,Augusta,Bochum,Casa,Augusta,Tietz Phillip,Attaccante,Titolare,6.2,0,1,0,0,0,0,0.0,1,0,0,0,0,2,0,0.0,0,0,0.0,0,0,0.0,0,0,0.0,0.0,2,0,2,0,0,0,0.084,0.151,0.0,0.772,0.0,0,0,2,0,0,1,0,0,-0.228,-0.228,0.0,0,0,0,0,0,0,0,1.0,2,2,0.0,0,0,59,59,0,0,1,0.6,6,0.4,2,5,0.5,4,8,10,0,0,0,0,0,0,0,0,0.0,0,0,0,0,1,1,0,1,0,0,0,1,0.0,0,0,0,0,3,17,1
DFB-Pokal,1/16 FINALE,28.10.2025,Augusta,Bochum,Casa,Augusta,Rieder Fabian,Centrocampista offensivo,Titolare,6.2,0,2,0,0,0,0,0.0,2,0,0,0,1,0,0,0.0,0,2,0.0,0,0,0.0,0,0,0.0,0.0,3,0,3,0,0,0,0.074,0.071,0.0,0.772,0.0,0,3,2,0,0,1,0,0,-0.228,-0.228,0.0,0,0,0,0,0,0,1,0.0,0,0,0.5,1,2,45,45,0,0,0,0.917,11,0.833,5,6,0.917,11,12,12,0,0,0,0,0,0,0,0,0.0,0,0,0,0,0,1,0,1,0,1,0,1,0.0,0,0,0,0,3,19,3
DFB-Pokal,1/16 FINALE,28.10.2025,Augusta,Bochum,Casa,Augusta,Kade Anton,Esterno,Titolare,6.5,0,1,0,0,0,0,0.0,4,0,1,0,1,3,0,0.0,0,3,0.5,2,1,1.0,1,1,0.625,0.571,7,4,8,5,0,0,0.123,0.039,0.0,0.772,0.0,0,6,1,1,0,1,0,0,-0.228,-0.228,0.0,0,0,0,1,0,0,2,1.0,1,1,0.5,1,2,77,77,0,0,0,0.667,20,0.6,6,10,0.667,20,30,30,0,0,0,0,0,0,0,0,0.0,0,0,0,0,0,0,1,1,0,1,0,1,0.5,2,1,0,0,2,55,2
DFB-Pokal,1/16 FINALE,28.10.2025,Augusta,Bochum,Casa,Augusta,Gharbi Ismael,Centrocampista offensivo,Titolare,7.0,0,4,0,1,0,0,0.0,5,0,0,0,2,0,0,0.25,2,8,0.0,5,0,0.0,1,0,0.5,0.538,13,7,14,7,0,0,0.153,0.344,0.0,1.824,0.0,0,7,0,2,0,1,0,0,0.824,0.824,0.0,0,0,0,1,0,0,1,1.0,3,3,0.75,3,4,90,90,0,0,0,0.853,29,0.778,14,18,0.853,29,34,34,0,0,0,0,0,0,0,0,0.0,0,0,0,0,3,3,1,1,0,1,0,4,1.0,5,5,0,0,9,66,3
DFB-Pokal,1/16 FINALE,28.10.2025,Augusta,Bochum,Casa,Augusta,Zesiger Cedric,Difensore centrale,Titolare,7.6,0,4,0,0,0,0,0.0,7,0,0,0,2,4,0,1.0,2,2,0.0,0,0,1.0,1,1,0.714,0.667,6,4,7,5,0,0,0.076,0.186,0.822,1.824,0.0,0,28,0,1,0,1,0,0,0.824,0.824,0.0,0,0,0,2,0,0,1,0.0,0,1,0.429,6,14,90,90,0,0,0,0.829,87,0.563,18,32,0.824,84,102,105,0,0,0,0,0,0,0,0,0.0,0,0,0,0,0,1,0,1,1,0,1,1,0.667,3,2,0,0,1,121,1
DFB-Pokal,1/16 FINALE,28.10.2025,Augusta,Bochum,Casa,Augusta,Fellhauer Robin,Centrocampista,Titolare,6.2,0,5,0,0,0,0,0.0,1,0,0,0,1,3,0,0.0,0,0,1.0,1,1,1.0,3,3,0.75,0.6,5,3,8,6,0,0,0.006,0.0,0.0,1.824,0.0,0,4,1,1,0,1,0,0,0.824,0.824,0.0,0,0,0,0,0,0,0,1.0,1,1,0.0,0,3,90,90,0,0,0,0.732,30,0.3,3,10,0.732,30,41,41,0,0,0,0,0,0,0,0,0.0,0,0,0,0,0,0,0,1,0,0,0,0,1.0,1,1,0,0,4,50,1
DFB-Pokal,1/16 FINALE,28.10.2025,Augusta,Bochum,Casa,Augusta,Matsima Chrislain,Difensore centrale,Titolare,6.2,0,2,0,0,0,0,0.0,1,0,0,0,0,3,0,0.0,0,1,0.0,0,0,1.0,1,1,0.5,0.0,1,0,2,1,0,0,0.007,0.0,0.0,0.772,0.0,0,4,0,0,0,1,0,0,-0.228,-0.228,0.0,0,0,0,1,0,0,0,0.0,0,0,0.5,3,6,80,80,0,0,1,0.935,72,0.75,3,4,0.934,71,76,77,0,0,0,0,0,0,0,0,0.0,0,0,0,0,0,0,0,1,0,0,0,0,0.0,0,0,0,0,0,86,1
DFB-Pokal,1/16 FINALE,28.10.2025,Cottbus,RB Lipsia,Ospite,RB Lipsia,Klostermann Lukas,Difensore,Subentrato,6.6,0,1,0,0,0,0,0.0,0,0,0,0,0,0,0,0.0,0,0,0.0,0,0,0.0,0,0,1.0,1.0,2,2,2,2,0,0,0.006,0.0,0.0,0.076,0.0,0,2,0,0,0,1,0,0,-0.924,-0.924,0.0,0,0,0,0,0,0,0,0.0,0,0,1.0,1,1,26,26,0,0,0,0.714,10,0.333,1,3,0.714,10,14,14,0,0,0,0,0,0,0,0,0.0,0,0,0,0,0,0,0,1,0,0,0,0,1.0,2,2,0,0,1,20,1
DFB-Pokal,1/16 FINALE,28.10.2025,Cottbus,RB Lipsia,Ospite,RB Lipsia,Seiwald Nicolas,Centrocampista,Titolare,7.4,0,6,0,0,0,0,0.0,0,0,0,0,0,1,0,0.0,0,0,0.0,0,0,0.0,1,0,0.667,0.8,5,4,6,4,0,0,0.018,0.0,0.0,0.773,0.0,0,4,0,0,0,0,0,0,0.773,0.773,0.0,0,0,0,2,0,0,0,0.0,0,0,0.5,1,2,72,72,0,0,0,0.898,44,0.875,7,8,0.898,44,49,49,0,0,0,0,0,0,0,0,0.0,0,0,0,0,0,0,0,0,0,0,0,0,0.75,4,3,0,0,0,57,1
DFB-Pokal,1/16 FINALE,28.10.2025,Cottbus,RB Lipsia,Ospite,RB Lipsia,Banzuzi Ezechiel,Centrocampista,Titolare,8.2,0,7,1,0,0,0,0.0,2,0,1,0,1,5,0,0.0,0,0,1.0,1,1,1.0,2,2,0.5,0.4,10,4,12,6,0,0,0.05,0.175,0.578,0.849,0.0,0,6,3,0,1,1,0,0,-0.151,-0.151,0.0,0,0,0,1,0,0,2,1.0,3,3,1.0,3,3,90,90,0,0,0,0.894,42,0.857,12,14,0.894,42,47,47,0,0,0,0,0,0,0,0,0.0,0,0,0,0,0,2,0,1,1,1,1,2,0.333,3,1,0,0,5,66,4
DFB-Pokal,1/16 FINALE,28.10.2025,Cottbus,RB Lipsia,Ospite,RB Lipsia,Maksimovic Andrija,Centrocampista,Subentrato,6.3,0,2,0,1,0,0,0.0,1,0,0,0,0,0,0,0.0,0,0,1.0,1,1,0.0,1,0,0.5,1.0,1,1,2,1,0,0,0.01,0.165,0.0,0.076,0.0,0,0,0,0,0,1,0,0,-0.924,-0.924,0.0,0,0,0,0,0,0,0,0.0,0,0,0.0,0,0,18,18,0,0,0,0.889,8,1.0,3,3,0.889,8,9,9,0,0,0,0,0,0,0,0,0.0,0,0,0,0,0,1,0,1,0,1,0,1,0.0,0,0,0,0,1,11,0
DFB-Pokal,1/16 FINALE,28.10.2025,Cottbus,RB Lipsia,Ospite,RB Lipsia,Schlager Xaver,Centrocampista,Subentrato,6.8,0,5,0,0,0,0,0.0,0,0,0,0,0,1,0,0.0,0,0,0.0,0,0,1.0,1,1,0.571,0.5,6,3,7,4,0,0,0.029,0.0,0.0,0.137,0.0,0,3,2,2,0,1,0,0,-0.863,-0.863,0.0,0,0,0,2,0,0,1,1.0,1,1,1.0,2,2,45,45,0,0,0,0.938,30,0.857,6,7,0.935,29,31,32,0,0,0,0,0,0,0,0,0.0,0,0,0,0,0,0,0,1,0,0,0,0,0.0,1,0,0,0,0,42,2
DFB-Pokal,1/16 FINALE,28.10.2025,Cottbus,RB Lipsia,Ospite,RB Lipsia,Nusa Antonio,Ala,Titolare,6.2,0,2,0,0,0,0,0.0,3,0,0,0,1,0,0,0.0,0,1,0.0,2,0,0.0,1,0,0.25,0.286,7,2,8,2,0,0,0.055,0.023,0.0,0.773,0.0,0,3,1,1,0,0,0,0,0.773,0.773,0.0,0,0,0,0,0,0,0,1.0,2,2,0.667,2,3,63,63,0,0,0,0.84,21,0.727,8,11,0.84,21,25,25,0,0,0,0,0,0,0,0,0.0,0,0,0,0,1,1,0,0,0,0,0,1,0.0,1,0,0,0,2,34,2
DFB-Pokal,1/16 FINALE,28.10.2025,Cottbus,RB Lipsia,Ospite,RB Lipsia,Vandevoordt Maarten,Portiere,Titolare,6.6,0,7,0,0,0,0,0.0,0,0,0,0,0,0,0,0.0,0,0,0.0,0,0,0.0,0,0,0.0,0.0,0,0,0,0,1,0,0.0,0.0,0.0,0.849,0.0,0,0,0,0,0,1,0,0,-0.151,-0.151,0.0,0,0,0,0,1,6,0,0.0,0,0,1.0,3,3,90,90,0,0,0,1.0,28,0.0,0,0,1.0,22,22,28,0,0,0,0,0,0,0,0,0.0,0,0,0,7,0,0,0,8,0,0,0,0,0.0,0,0,0,0,0,41,0
DFB-Pokal,1/16 FINALE,28.10.2025,Cottbus,RB Lipsia,Ospite,RB Lipsia,Raum David,Terzino,Titolare,9.1,2,2,2,0,0,0,0.0,15,0,1,0,0,6,0,0.545,6,11,1.0,2,2,0.0,0,0,0.625,0.625,8,5,8,5,0,0,0.902,0.02,0.051,0.849,0.0,0,17,1,0,0,1,0,0,-0.151,-0.151,0.0,0,0,0,3,0,0,3,0.0,0,0,0.222,2,9,90,90,0,0,1,0.758,47,0.714,15,21,0.75,45,60,62,0,0,0,0,0,0,0,0,0.0,0,0,0,0,0,0,1,1,0,0,1,1,0.667,3,2,0,0,1,105,4
DFB-Pokal,1/16 FINALE,28.10.2025,Cottbus,RB Lipsia,Ospite,RB Lipsia,Romulo Cardoso,Attaccante,Titolare,6.3,0,2,0,0,0,0,0.0,1,0,0,0,0,1,0,0.0,0,0,0.0,0,0,0.5,2,1,0.5,0.0,0,0,2,1,0,0,0.032,0.0,0.0,0.773,0.0,0,0,0,0,0,0,0,0,0.773,0.773,0.0,0,0,0,0,0,0,1,0.0,0,1,0.5,1,2,63,63,0,0,0,0.733,11,0.8,4,5,0.733,11,15,15,0,0,0,0,0,0,0,0,0.0,0,0,0,0,0,0,0,0,0,0,0,0,0.0,0,0,0,0,2,21,3
DFB-Pokal,1/16 FINALE,28.10.2025,Cottbus,RB Lipsia,Ospite,RB Lipsia,Orban Willi,Difensore centrale,Titolare,8.5,1,7,0,0,0,0,0.0,0,0,0,0,0,7,0,0.0,0,0,0.0,0,0,0.667,3,2,0.875,1.0,5,5,8,7,0,0,0.018,0.107,0.0,0.849,0.0,0,5,0,0,0,1,0,0,-0.151,-0.151,0.0,0,0,0,1,0,0,1,0.0,0,0,0.778,7,9,90,90,0,0,0,0.959,71,0.857,6,7,0.958,69,72,74,0,0,0,0,0,0,0,0,0.0,0,0,0,0,1,1,0,1,1,0,0,1,0.8,5,4,0,0,1,89,0
DFB-Pokal,1/16 FINALE,28.10.2025,Cottbus,RB Lipsia,Ospite,RB Lipsia,Baumgartner Christoph,Centrocampista,Titolare,8.9,0,0,0,0,0,0,0.0,1,0,0,0,0,0,0,0.0,0,0,1.0,1,1,1.0,1,1,0.8,0.75,4,3,5,4,0,0,0.082,0.806,0.804,0.712,0.0,0,3,0,0,2,0,0,0,0.712,0.712,0.0,0,0,0,0,0,0,0,0.0,0,0,1.0,1,1,45,45,0,0,1,0.962,25,0.875,7,8,0.96,24,25,26,0,0,0,0,0,0,0,0,0.0,0,0,0,0,0,3,0,0,1,0,3,3,1.0,2,2,0,0,5,35,2
DFB-Pokal,1/16 FINALE,28.10.2025,Cottbus,RB Lipsia,Ospite,RB Lipsia,Bitshiabu El Chadaille,Difensore centrale,Titolare,7.3,0,5,0,0,0,0,0.0,0,0,0,0,1,4,0,0.0,0,0,0.0,0,0,0.0,0,0,0.857,0.857,7,6,7,6,0,0,0.016,0.062,0.0,0.849,0.0,0,10,0,1,0,1,0,0,-0.151,-0.151,0.0,0,0,0,0,0,0,0,0.0,0,0,0.667,4,6,90,90,0,0,0,0.918,78,0.818,9,11,0.917,77,84,85,0,0,0,0,0,0,0,0,0.0,0,0,0,0,1,1,0,1,0,0,0,1,0.4,5,2,0,0,1,98,0
DFB-Pokal,1/16 FINALE,28.10.2025,Cottbus,RB Lipsia,Ospite,RB Lipsia,Harder Conrad,Attaccante,Subentrato,6.6,0,0,0,1,0,0,0.0,0,0,0,0,0,0,0,0.0,0,0,0.667,3,2,0.667,3,2,0.444,0.333,6,2,9,4,0,0,0.001,0.231,0.372,0.076,0.0,0,0,2,0,0,1,0,0,-0.924,-0.924,0.0,0,0,0,0,0,0,0,0.0,0,0,0.0,0,0,27,27,0,0,1,0.833,5,0.0,0,1,0.8,4,5,6,0,0,0,0,0,0,0,0,0.0,0,0,0,0,1,2,1,1,1,1,1,3,0.0,0,0,0,0,3,14,1
DFB-Pokal,1/16 FINALE,28.10.2025,Cottbus,RB Lipsia,Ospite,RB Lipsia,Gomis Tidiam,Attaccante,Subentrato,7.4,0,1,1,0,0,0,0.0,3,0,0,0,0,0,0,0.0,0,0,0.75,4,3,0.0,0,0,0.8,0.8,5,4,5,4,0,0,0.139,0.121,0.014,0.076,0.0,0,0,0,1,0,1,0,0,-0.924,-0.924,0.0,0,0,0,0,0,0,2,1.0,1,1,0.0,0,0,27,27,0,0,0,0.818,9,0.714,5,7,0.818,9,11,11,0,0,0,0,0,0,0,0,0.0,0,0,0,0,1,2,1,1,0,1,1,3,0.0,0,0,0,0,4,23,3
DFB-Pokal,1/16 FINALE,28.10.2025,Cottbus,RB Lipsia,Ospite,RB Lipsia,Baku Ridle,Terzino,Titolare,8.0,1,2,0,0,0,0,0.0,3,0,1,0,1,1,0,0.5,1,2,0.0,1,0,0.0,0,0,0.727,0.727,11,8,11,8,0,0,0.046,0.0,0.0,0.773,0.0,0,6,1,3,0,0,0,0,0.773,0.773,0.0,0,0,0,1,0,0,1,1.0,2,2,0.375,3,8,64,64,0,0,2,0.848,39,0.692,9,13,0.844,38,45,46,0,0,0,0,0,0,0,0,0.0,0,0,0,0,0,0,0,0,0,0,0,0,0.6,5,3,0,0,2,74,4
DFB-Pokal,1/16 FINALE,28.10.2025,Cottbus,RB Lipsia,Ospite,RB Lipsia,Bakayoko Johan,Ala,Titolare,7.9,0,2,0,0,0,0,0.0,3,0,0,0,0,0,0,0.0,0,2,0.4,5,2,1.0,1,1,0.5,0.455,11,5,12,6,0,0,0.091,0.047,0.444,0.849,0.0,0,3,1,0,1,1,0,0,-0.151,-0.151,0.0,0,0,0,0,0,0,3,1.0,2,2,1.0,4,4,90,90,0,0,0,0.919,34,0.813,13,16,0.919,34,37,37,0,0,0,0,0,0,0,0,0.0,0,0,0,0,0,1,0,1,0,0,1,1,1.0,3,3,0,0,7,59,5
DFB-Pokal,1/16 FINALE,28.10.2025,Cottbus,RB Lipsia,Casa,Cottbus,Lucoqui Anderson-Lenda,Terzino,Titolare,6.6,0,8,0,0,0,0,0.0,1,0,0,0,1,2,0,0.0,0,1,0.0,0,0,0.0,0,0,0.615,0.615,13,8,13,8,0,0,0.007,0.011,0.0,2.198,0.0,0,6,2,6,0,4,0,0,-1.802,-1.802,0.0,0,0,0,1,0,0,0,0.0,0,0,0.0,0,4,72,72,0,0,2,0.724,21,0.7,7,10,0.714,20,28,29,0,0,0,0,0,0,0,0,0.0,0,0,0,0,1,0,1,4,0,0,0,1,1.0,2,2,0,0,0,55,3
DFB-Pokal,1/16 FINALE,28.10.2025,Cottbus,RB Lipsia,Casa,Cottbus,Hannemann Moritz,Ala,Titolare,5.7,0,1,0,0,0,0,0.0,1,0,0,0,3,0,0,0.0,0,1,0.5,2,1,1.0,1,1,0.538,0.5,12,6,13,7,0,0,0.031,0.0,0.0,2.263,0.0,0,3,0,1,0,4,0,0,-1.737,-1.737,0.0,0,0,0,0,0,0,1,0.0,0,0,1.0,2,2,90,90,0,0,0,0.688,11,0.6,3,5,0.688,11,16,16,0,0,0,0,0,0,0,0,0.0,0,0,0,0,0,0,0,4,0,0,0,0,0.5,4,2,0,0,4,34,3
DFB-Pokal,1/16 FINALE,28.10.2025,Cottbus,RB Lipsia,Casa,Cottbus,Guwara Leon,Difensore,Subentrato,6.4,0,0,0,0,0,0,0.0,0,0,0,0,0,0,0,0.0,0,1,0.0,0,0,0.0,1,0,0.5,1.0,1,1,2,1,0,0,0.008,0.0,0.0,0.064,0.0,0,0,0,0,0,0,0,0,0.064,0.064,0.0,0,0,0,0,0,0,0,0.0,0,0,0.0,0,0,18,18,0,0,0,0.571,4,0.25,1,4,0.571,4,7,7,0,0,0,0,0,0,0,0,0.0,0,0,0,0,0,0,0,0,0,0,0,0,1.0,1,1,0,0,1,11,0
DFB-Pokal,1/16 FINALE,28.10.2025,Cottbus,RB Lipsia,Casa,Cottbus,Funk Marius,Portiere,Titolare,5.5,0,5,0,0,1,0,0.0,0,0,0,0,0,1,0,0.0,0,0,0.0,0,0,0.0,0,0,0.0,0.0,0,0,0,0,0,0,0.002,0.0,0.0,2.263,0.0,0,2,0,0,0,4,0,0,-1.737,-1.737,0.0,0,1,0,0,0,0,0,0.0,0,0,0.545,12,22,90,90,0,0,0,0.697,23,0.5,1,2,0.727,16,22,33,0,0,0,0,0,0,0,0,0.0,0,0,0,4,0,0,0,8,0,0,0,0,0.0,0,0,0,0,0,39,0
DFB-Pokal,1/16 FINALE,28.10.2025,Cottbus,RB Lipsia,Casa,Cottbus,Awortwie-Grant Nyamekye,Difensore centrale,Titolare,6.2,0,1,0,0,0,0,0.0,0,0,0,0,0,5,0,0.0,0,0,0.0,0,0,0.0,2,0,0.333,1.0,1,1,3,1,0,0,0.001,0.0,0.0,1.249,0.0,0,2,0,0,0,3,0,0,-1.751,-1.751,0.0,0,0,0,0,0,0,0,0.0,0,0,0.333,1,3,45,45,0,0,0,0.833,15,0.0,0,2,0.833,15,18,18,0,0,0,0,0,0,0,0,0.0,0,0,0,0,0,0,0,3,0,0,0,0,1.0,1,1,0,0,0,25,0
DFB-Pokal,1/16 FINALE,28.10.2025,Cottbus,RB Lipsia,Casa,Cottbus,Moustfa Can,Centrocampista,Subentrato,6.0,0,0,0,0,0,0,0.0,4,0,0,0,1,0,0,0.333,1,3,0.0,2,0,0.0,0,0,0.2,0.2,5,1,5,1,0,0,0.045,0.0,0.0,0.436,0.0,0,1,0,0,0,0,0,0,0.436,0.436,0.0,0,0,0,0,0,0,1,0.0,0,0,1.0,1,1,30,30,0,0,0,0.6,6,0.6,3,5,0.6,6,10,10,0,0,0,0,0,0,0,0,0.0,0,0,0,0,0,0,0,0,0,0,0,0,0.0,1,0,0,0,0,20,1
DFB-Pokal,1/16 FINALE,28.10.2025,Cottbus,RB Lipsia,Casa,Cottbus,Campulka Tim,Difensore,Subentrato,6.5,0,0,0,0,0,0,0.0,0,0,0,0,1,3,0,0.0,0,0,0.0,0,0,0.0,2,0,0.4,0.667,3,2,5,2,0,0,0.155,0.0,0.0,1.014,0.0,0,5,0,1,0,1,0,0,0.014,0.014,0.0,0,0,0,0,0,0,1,0.0,0,0,0.833,5,6,45,45,0,0,0,0.955,21,1.0,6,6,0.947,18,19,22,0,0,0,0,0,0,0,0,0.0,0,0,0,0,0,0,0,1,0,0,0,0,0.0,1,0,0,0,1,27,0
DFB-Pokal,1/16 FINALE,28.10.2025,Cottbus,RB Lipsia,Casa,Cottbus,Butler Justin,Ala,Titolare,5.9,0,5,0,0,0,0,0.0,3,0,0,0,0,1,0,1.0,1,1,0.0,4,0,0.0,0,0,0.125,0.125,8,1,8,1,0,0,0.105,0.043,0.0,1.827,0.0,0,0,0,1,0,4,0,0,-2.173,-2.173,0.0,0,0,0,0,0,0,1,0.0,0,0,0.0,0,0,60,60,0,0,0,0.833,10,0.5,1,2,0.833,10,12,12,0,0,0,0,0,0,0,0,0.0,0,0,0,0,1,1,0,4,0,0,0,1,0.0,0,0,0,0,1,24,3
DFB-Pokal,1/16 FINALE,28.10.2025,Cottbus,RB Lipsia,Casa,Cottbus,Manu King Samuel,Difensore centrale,Titolare,6.6,0,6,0,0,0,0,0.0,0,0,0,0,1,3,0,0.0,0,0,0.0,0,0,0.667,3,2,0.571,0.5,4,2,7,4,0,0,0.005,0.037,0.0,2.263,0.0,0,3,1,0,0,4,0,0,-1.737,-1.737,0.0,0,0,0,2,0,0,1,0.0,0,0,1.0,7,7,90,90,0,0,2,0.976,41,1.0,3,3,0.975,39,40,42,0,0,0,0,0,0,0,0,0.0,0,0,0,0,1,1,0,4,1,0,0,1,0.5,2,1,0,0,1,57,2
DFB-Pokal,1/16 FINALE,28.10.2025,Cottbus,RB Lipsia,Casa,Cottbus,Pelivan Dominik,Centrocampista,Titolare,6.5,0,4,0,0,0,0,0.0,3,0,0,0,1,1,0,0.0,0,1,0.0,0,0,1.0,1,1,0.429,0.333,6,2,7,3,0,0,0.027,0.0,0.0,2.263,0.0,0,6,1,0,0,4,0,0,-1.737,-1.737,0.0,0,0,0,1,0,0,1,0.0,0,0,1.0,1,1,90,90,0,0,1,0.951,39,0.833,10,12,0.941,32,34,41,0,0,0,0,0,0,0,0,0.0,0,0,0,0,0,0,0,4,0,0,0,0,0.5,2,1,0,0,0,51,3
DFB-Pokal,1/16 FINALE,28.10.2025,Cottbus,RB Lipsia,Casa,Cottbus,Straudi Simon,Difensore,Subentrato,6.3,0,1,0,0,0,0,0.0,0,0,0,0,1,0,0,0.0,0,0,0.0,0,0,0.0,0,0,0.0,0.0,1,0,1,0,0,0,0.004,0.0,0.0,0.064,0.0,0,0,0,0,0,0,0,0,0.064,0.064,0.0,0,0,0,0,0,0,0,0.0,0,0,1.0,1,1,18,18,0,0,0,0.889,8,1.0,3,3,0.889,8,9,9,0,0,0,0,0,0,0,0,0.0,0,0,0,0,0,0,0,0,0,0,0,0,0.0,0,0,0,0,0,12,0
DFB-Pokal,1/16 FINALE,28.10.2025,Cottbus,RB Lipsia,Casa,Cottbus,Borgmann Axel,Centrocampista,Titolare,6.4,1,4,0,0,0,0,0.0,1,0,0,0,0,0,0,0.0,0,1,0.0,1,0,0.0,1,0,0.333,0.5,2,1,3,1,0,0,0.049,0.125,0.0,2.263,0.0,0,2,0,0,0,4,0,0,-1.737,-1.737,0.0,0,0,0,1,0,0,1,0.0,0,0,0.0,0,0,90,90,0,0,0,0.897,26,0.846,11,13,0.897,26,29,29,0,0,0,0,0,0,0,0,0.0,0,0,0,0,1,1,0,4,0,0,0,1,1.0,1,1,0,0,3,39,0
DFB-Pokal,1/16 FINALE,28.10.2025,Cottbus,RB Lipsia,Casa,Cottbus,Cigerci Tolcay,Centrocampista offensivo,Titolare,6.0,0,9,0,0,0,0,0.0,4,0,0,0,0,0,0,0.2,1,5,0.25,8,2,0.0,0,0,0.2,0.2,15,3,15,3,0,0,0.237,0.161,0.061,2.263,0.0,0,4,2,1,0,4,0,0,-1.737,-1.737,0.0,0,0,0,1,0,0,2,0.0,0,0,0.5,1,2,90,90,0,0,0,0.789,30,0.769,10,13,0.778,28,36,38,0,0,0,0,0,0,0,0,0.0,0,0,0,0,0,1,3,4,0,1,3,4,0.0,0,0,0,0,7,67,6
DFB-Pokal,1/16 FINALE,28.10.2025,Cottbus,RB Lipsia,Casa,Cottbus,Engelhardt Erik,Attaccante,Subentrato,6.9,0,0,0,0,0,0,0.0,1,0,0,0,1,0,0,0.0,0,0,0.0,0,0,0.0,1,0,0.0,0.0,3,0,4,0,0,0,0.003,0.197,0.066,1.014,0.0,0,1,0,0,1,1,0,0,0.014,0.014,0.0,0,0,0,0,0,0,1,0.0,0,0,1.0,1,1,45,45,0,1,0,0.375,3,0.25,1,4,0.375,3,8,8,0,0,0,0,0,0,0,0,0.0,0,0,0,0,0,1,1,1,0,1,1,2,0.0,0,0,0,0,3,17,2
DFB-Pokal,1/16 FINALE,28.10.2025,Cottbus,RB Lipsia,Casa,Cottbus,Rorig Henry,Terzino,Titolare,6.0,0,3,0,0,0,0,0.0,2,0,0,0,2,3,0,0.0,0,2,0.0,0,0,0.333,3,1,0.5,0.556,9,5,12,6,0,0,0.008,0.05,0.061,2.198,0.0,0,3,1,1,0,4,0,0,-1.802,-1.802,0.0,0,0,0,0,0,0,0,0.0,0,0,0.5,2,4,72,72,0,0,0,0.864,19,0.75,3,4,0.864,19,22,22,0,0,0,0,0,0,0,0,0.0,0,0,0,0,0,0,2,4,0,0,2,2,0.5,4,2,0,0,0,48,1
DFB-Pokal,1/16 FINALE,28.10.2025,Cottbus,RB Lipsia,Casa,Cottbus,Biankadi Merveille,Attaccante,Titolare,6.9,0,2,0,0,0,0,0.0,3,0,1,0,0,0,0,0.0,0,2,0.333,3,1,1.0,1,1,0.333,0.2,5,1,6,2,0,0,0.005,0.233,0.661,1.249,0.0,0,3,1,0,0,3,0,0,-1.751,-1.751,0.0,0,0,0,0,0,0,0,0.0,0,0,0.0,0,2,45,45,0,0,0,0.6,9,0.5,3,6,0.6,9,15,15,0,0,0,0,0,0,0,0,0.0,0,0,0,0,2,4,0,3,0,0,2,4,0.0,0,0,0,0,4,28,1
DFB-Pokal,1/16 FINALE,28.10.2025,Monchengladbach,Karlsruher,Casa,Monchengladbach,Machino Shuto,Centrocampista offensivo,Titolare,7.7,0,1,0,0,0,0,0.0,4,0,0,0,0,1,0,0.0,0,0,0.0,0,0,1.0,1,1,0.5,0.333,3,1,4,2,0,1,0.07,0.917,1.084,1.285,0.0,0,5,1,1,1,1,0,0,0.285,0.285,0.0,0,0,0,0,0,0,2,0.0,0,0,0.0,0,0,73,73,0,0,0,0.762,16,0.778,7,9,0.762,16,21,21,0,0,0,0,0,0,0,0,0.0,0,0,0,0,1,4,2,1,2,2,3,6,0.0,0,0,0,0,4,35,1
DFB-Pokal,1/16 FINALE,28.10.2025,Monchengladbach,Karlsruher,Casa,Monchengladbach,Friedrich Marvin,Difensore,Subentrato,,0,0,0,0,0,0,0.0,0,0,0,0,0,1,0,0.0,0,0,0.0,0,0,0.0,0,0,0.0,0.0,0,0,0,0,0,0,0.0,0.0,0.0,0.0,0.0,0,0,0,0,0,0,0,0,0.0,0.0,0.0,0,0,0,0,0,0,0,0.0,0,0,0.0,0,0,1,1,0,0,0,0.0,0,0.0,0,0,0.0,0,0,0,0,0,0,0,0,0,0,0,0.0,0,0,0,0,0,0,0,0,0,0,0,0,0.0,0,0,0,0,0,1,0
DFB-Pokal,1/16 FINALE,28.10.2025,Monchengladbach,Karlsruher,Casa,Monchengladbach,Scally Joe,Difensore,Subentrato,,0,0,0,0,0,0,0.0,0,0,0,0,0,0,0,0.0,0,0,0.0,0,0,0.0,0,0,0.0,0.0,0,0,0,0,0,0,0.0,0.0,0.0,0.0,0.0,0,0,0,0,0,0,0,0,0.0,0.0,0.0,0,0,0,0,0,0,0,0.0,0,0,0.0,0,0,1,1,0,0,0,1.0,2,0.0,0,0,1.0,2,2,2,0,0,0,0,0,0,0,0,0.0,0,0,0,0,0,0,0,0,0,0,0,0,0.0,0,0,0,0,0,2,0
DFB-Pokal,1/16 FINALE,28.10.2025,Monchengladbach,Karlsruher,Casa,Monchengladbach,Netz Luca,Esterno,Titolare,6.4,0,0,0,0,0,0,0.0,2,0,1,0,0,3,0,0.0,0,1,0.0,0,0,1.0,1,1,0.571,0.5,6,3,7,4,0,0,0.007,0.01,0.0,1.299,0.0,0,3,3,1,0,1,0,0,0.299,0.299,0.0,0,0,0,0,0,0,2,0.0,0,0,0.0,0,1,90,90,0,0,0,0.757,28,0.375,3,8,0.778,28,36,37,0,0,0,0,0,0,0,0,0.0,0,0,0,0,0,0,1,1,0,1,0,1,0.5,2,1,0,0,1,52,0
DFB-Pokal,1/16 FINALE,28.10.2025,Monchengladbach,Karlsruher,Casa,Monchengladbach,Diks Kevin,Difensore centrale,Titolare,7.0,0,1,0,0,0,0,0.0,1,0,0,0,0,3,0,0.0,0,0,0.0,0,0,0.0,1,0,0.0,0.0,0,0,1,0,0,0,0.025,0.0,0.0,1.299,0.0,0,7,0,0,0,1,0,0,0.299,0.299,0.0,0,0,0,0,0,0,0,0.0,0,0,0.889,8,9,90,90,0,0,1,0.951,58,0.9,9,10,0.946,53,56,61,0,0,0,0,0,0,0,0,0.0,0,0,0,0,0,0,0,1,0,0,0,0,0.0,0,0,0,0,2,69,1
DFB-Pokal,1/16 FINALE,28.10.2025,Monchengladbach,Karlsruher,Casa,Monchengladbach,Honorat Franck,Esterno,Titolare,8.0,1,2,2,1,0,0,0.0,7,0,0,0,0,0,0,0.286,2,7,1.0,1,1,0.0,0,0,1.0,1.0,2,2,2,2,0,0,0.365,0.262,0.0,1.299,0.0,0,5,0,0,0,1,0,0,0.299,0.299,0.0,0,0,0,0,0,0,5,0.0,0,0,1.0,3,3,89,89,0,0,0,0.742,23,0.6,9,15,0.704,19,27,31,0,0,0,0,0,0,0,0,0.0,0,0,0,0,1,1,1,1,0,0,1,2,1.0,1,1,0,0,4,48,1
DFB-Pokal,1/16 FINALE,28.10.2025,Monchengladbach,Karlsruher,Casa,Monchengladbach,Neuhaus Florian,Centrocampista,Subentrato,6.8,0,2,1,0,0,0,0.0,1,0,0,0,0,1,0,0.0,0,0,0.0,1,0,0.0,0,0,0.0,0.0,2,0,2,0,0,0,0.038,0.0,0.0,0.014,0.0,0,1,1,0,0,0,0,0,0.014,0.014,0.0,0,0,0,0,0,0,2,0.0,0,0,0.0,0,0,17,17,0,0,0,1.0,7,1.0,4,4,1.0,7,7,7,0,0,0,0,0,0,0,0,0.0,0,0,0,0,0,0,0,0,0,0,0,0,0.0,0,0,0,0,1,10,1
DFB-Pokal,1/16 FINALE,28.10.2025,Monchengladbach,Karlsruher,Casa,Monchengladbach,Reitz Rocco,Centrocampista,Titolare,7.8,0,9,1,0,0,0,0.0,8,0,0,0,0,1,0,0.5,2,4,0.0,2,0,0.0,0,0,0.778,0.778,9,7,9,7,0,0,0.118,0.056,0.0,1.299,0.0,0,6,0,5,0,1,0,0,0.299,0.299,0.0,0,0,0,1,0,0,2,0.0,0,0,0.333,2,6,90,90,0,0,1,0.764,42,0.533,8,15,0.76,38,50,55,0,0,0,0,0,0,0,0,0.0,0,0,0,0,2,0,2,1,0,0,0,2,1.0,2,2,0,0,1,76,1
DFB-Pokal,1/16 FINALE,28.10.2025,Monchengladbach,Karlsruher,Casa,Monchengladbach,Stoger Kevin,Centrocampista offensivo,Titolare,8.0,1,5,1,0,0,0,0.0,11,0,0,0,1,0,0,0.429,3,7,0.0,0,0,0.0,1,0,0.4,0.5,4,2,5,2,0,0,0.253,0.05,0.033,1.285,0.0,0,7,1,1,0,1,0,0,0.285,0.285,0.0,0,0,0,0,0,0,5,0.0,0,0,0.667,2,3,73,73,0,0,0,0.814,35,0.65,13,20,0.805,33,41,43,0,0,0,0,0,0,0,0,0.0,0,0,0,0,0,1,1,1,0,1,1,2,1.0,1,1,0,0,3,57,2
DFB-Pokal,1/16 FINALE,28.10.2025,Monchengladbach,Karlsruher,Casa,Monchengladbach,Mohya Wael,Centrocampista,Subentrato,,0,0,0,0,0,0,0.0,0,0,0,0,0,0,0,0.0,0,0,0.0,0,0,0.0,0,0,0.0,0.0,0,0,0,0,0,0,0.0,0.0,0.0,0.0,0.0,0,0,0,0,0,0,0,0,0.0,0.0,0.0,0,0,0,0,0,0,0,0.0,0,0,0.0,0,0,1,1,0,0,0,0.0,0,0.0,0,0,0.0,0,0,0,0,0,0,0,0,0,0,0,0.0,0,0,0,0,0,0,0,0,0,0,0,0,0.0,0,0,0,0,0,0,0
DFB-Pokal,1/16 FINALE,28.10.2025,Monchengladbach,Karlsruher,Casa,Monchengladbach,Elvedi Nico,Difensore centrale,Titolare,7.3,0,1,0,0,0,0,0.0,1,0,0,0,0,7,0,0.0,0,0,0.0,0,0,0.5,2,1,0.333,0.0,1,0,3,1,0,0,0.182,0.227,0.794,1.299,0.0,0,4,0,0,1,1,0,0,0.299,0.299,0.0,0,0,0,2,0,0,0,0.0,0,0,0.2,1,5,90,90,0,0,1,0.833,45,0.4,2,5,0.827,43,52,54,0,0,0,0,0,0,0,0,0.0,0,0,0,0,0,2,0,1,2,1,1,2,0.0,0,0,0,0,4,69,1
DFB-Pokal,1/16 FINALE,28.10.2025,Monchengladbach,Karlsruher,Casa,Monchengladbach,Sander Philipp,Difensore centrale,Titolare,6.6,0,4,0,0,0,0,0.0,1,0,0,0,0,0,0,0.0,0,1,0.0,0,0,1.0,5,5,1.0,1.0,1,1,6,6,0,0,0.008,0.093,0.0,1.299,0.0,0,5,0,0,0,1,0,0,0.299,0.299,0.0,0,0,0,0,0,0,0,0.0,0,0,0.5,2,4,89,89,0,0,0,0.909,50,1.0,4,4,0.907,49,54,55,0,0,0,0,0,0,0,0,0.0,0,0,0,0,2,1,1,1,0,0,0,2,1.0,1,1,0,0,2,63,0
DFB-Pokal,1/16 FINALE,28.10.2025,Monchengladbach,Karlsruher,Casa,Monchengladbach,Castrop Jens,Centrocampista,Subentrato,6.5,0,0,0,0,0,0,0.0,1,0,0,0,1,0,0,0.0,0,0,0.0,0,0,0.0,0,0,0.0,0.0,1,0,1,0,0,0,0.024,0.081,0.0,0.014,0.0,0,1,0,0,0,0,0,0,0.014,0.014,0.0,0,0,0,0,0,0,0,0.0,0,0,0.0,0,0,17,17,0,0,0,0.8,4,0.5,1,2,0.8,4,5,5,0,0,0,0,0,0,0,0,0.0,0,0,0,0,1,1,1,0,0,1,0,2,0.0,0,0,0,0,2,8,1
DFB-Pokal,1/16 FINALE,28.10.2025,Monchengladbach,Karlsruher,Casa,Monchengladbach,Nicolas Moritz,Portiere,Titolare,7.5,0,5,0,0,2,0,0.0,0,0,0,0,0,0,0,0.0,0,0,0.0,0,0,0.0,0,0,0.0,0.0,0,0,0,0,0,0,0.0,0.0,0.0,1.299,0.0,0,1,0,0,0,1,0,0,0.299,0.299,0.0,0,0,0,0,0,0,0,0.0,0,0,0.375,6,16,90,90,0,0,0,0.6,15,0.0,0,1,0.636,14,22,25,0,0,0,0,0,0,0,0,0.0,0,0,0,4,0,0,0,5,0,0,0,0,0.0,0,0,0,0,0,29,0
DFB-Pokal,1/16 FINALE,28.10.2025,Monchengladbach,Karlsruher,Casa,Monchengladbach,Engelhardt Yannik,Centrocampista,Titolare,6.2,0,4,0,0,0,0,0.0,2,0,0,0,0,2,0,0.0,0,0,0.333,3,1,0.0,0,0,0.286,0.286,7,2,7,2,0,0,0.032,0.056,0.153,1.299,0.0,0,3,3,1,0,1,0,0,0.299,0.299,0.0,0,0,0,2,0,0,1,0.0,0,0,1.0,3,3,90,90,0,0,0,1.0,37,1.0,7,7,1.0,35,35,37,0,0,0,0,0,0,0,0,0.0,0,0,0,0,0,0,1,1,0,0,1,1,0.0,0,0,0,0,0,49,0
DFB-Pokal,1/16 FINALE,28.10.2025,Monchengladbach,Karlsruher,Casa,Monchengladbach,Tabakovic Haris,Attaccante,Titolare,8.4,1,2,1,3,0,0,0.0,1,0,0,0,0,2,0,0.0,0,0,0.0,0,0,0.333,3,1,0.5,0.667,3,2,6,3,0,0,0.383,1.406,1.013,1.299,0.0,0,0,1,2,1,1,0,0,0.299,0.299,0.0,0,0,0,0,0,0,2,0.0,0,0,0.0,0,0,89,89,0,1,0,0.85,17,0.5,3,6,0.85,17,20,20,0,0,0,0,0,0,0,0,0.0,0,0,0,0,0,5,1,1,1,3,3,6,0.0,0,0,0,0,8,36,3
DFB-Pokal,1/16 FINALE,28.10.2025,Monchengladbach,Karlsruher,Ospite,Karlsruher,Pinto Pedrosa Rafael,Esterno,Titolare,5.3,0,0,0,1,0,0,0.0,0,0,0,0,0,1,0,0.0,0,0,0.5,2,1,0.0,1,0,0.5,0.6,5,3,6,3,0,0,0.003,0.198,0.362,3.077,0.0,0,0,0,2,0,3,0,0,0.077,0.077,0.0,0,0,0,0,0,0,0,0.0,0,0,1.0,1,1,90,90,0,0,0,0.789,15,1.0,1,1,0.778,14,18,19,0,0,0,0,0,0,0,0,0.0,0,0,0,0,0,1,0,3,0,0,1,1,0.0,0,0,0,0,1,40,1
DFB-Pokal,1/16 FINALE,28.10.2025,Monchengladbach,Karlsruher,Ospite,Karlsruher,Muller Andreas,Centrocampista,Titolare,6.2,0,2,0,0,0,0,0.0,1,0,0,0,1,0,0,0.0,0,0,0.0,0,0,1.0,1,1,0.5,0.429,7,3,8,4,0,0,0.019,0.0,0.0,2.137,0.0,0,9,3,0,0,2,0,0,0.137,0.137,0.0,0,0,0,1,0,0,0,0.0,0,0,0.125,1,8,77,77,0,0,0,0.778,42,0.643,9,14,0.769,40,52,54,0,0,0,0,0,0,0,0,0.0,0,0,0,0,0,0,0,2,0,0,0,0,0.667,3,2,0,0,0,61,0
DFB-Pokal,1/16 FINALE,28.10.2025,Monchengladbach,Karlsruher,Ospite,Karlsruher,Fukuda Shio,Attaccante,Subentrato,6.5,0,0,0,0,0,0,0.0,0,0,0,0,0,0,0,0.0,0,0,0.0,0,0,1.0,1,1,1.0,1.0,1,1,2,2,0,0,0.025,0.0,0.0,0.94,0.0,0,0,0,1,0,1,0,0,-0.06,-0.06,0.0,0,0,0,0,0,0,1,0.0,0,0,0.0,0,0,13,13,0,0,0,0.667,2,0.5,1,2,0.667,2,3,3,0,0,0,0,0,0,0,0,0.0,0,0,0,0,0,0,0,1,0,0,0,0,0.0,0,0,0,0,2,5,1
DFB-Pokal,1/16 FINALE,28.10.2025,Monchengladbach,Karlsruher,Ospite,Karlsruher,Forster Philipp,Attaccante,Titolare,6.5,0,3,0,0,0,0,0.0,0,0,0,0,0,0,0,0.0,0,1,0.0,0,0,0.0,0,0,1.0,1.0,3,3,3,3,0,0,0.018,0.0,0.0,2.137,0.0,0,6,0,2,0,2,0,0,0.137,0.137,0.0,0,0,0,0,0,0,2,0.0,0,0,1.0,1,1,77,77,0,0,0,0.765,26,0.667,10,15,0.758,25,33,34,0,0,0,0,0,0,0,0,0.0,0,0,0,0,0,0,0,2,0,0,0,0,1.0,1,1,0,0,1,38,1
DFB-Pokal,1/16 FINALE,28.10.2025,Monchengladbach,Karlsruher,Ospite,Karlsruher,Kobald Christopher,Difensore centrale,Titolare,6.2,0,2,0,0,0,0,0.0,1,0,0,0,0,2,0,0.0,0,0,0.0,0,0,0.667,3,2,0.667,0.667,3,2,6,4,0,0,0.014,0.068,0.0,3.077,0.0,0,8,2,1,0,3,0,0,0.077,0.077,0.0,0,0,0,2,0,0,0,0.0,0,0,0.25,2,8,90,90,0,0,2,0.867,65,0.333,3,9,0.861,62,72,75,0,0,0,0,0,0,0,0,0.0,0,0,0,0,2,2,0,3,1,0,0,2,0.0,1,0,0,0,2,88,0
DFB-Pokal,1/16 FINALE,28.10.2025,Monchengladbach,Karlsruher,Ospite,Karlsruher,Herold David,Esterno,Titolare,5.8,0,4,0,0,0,0,0.0,4,0,0,0,0,1,0,0.0,0,4,0.0,4,0,0.0,1,0,0.2,0.25,4,1,5,1,0,0,0.047,0.068,0.0,3.077,0.0,0,3,0,1,0,3,0,0,0.077,0.077,0.0,0,0,0,0,0,0,0,0.0,0,0,0.0,0,0,90,90,0,0,1,0.862,25,0.867,13,15,0.857,24,28,29,0,0,0,0,0,0,0,0,0.0,0,0,0,0,1,1,1,3,0,1,0,2,0.0,0,0,0,0,2,52,1
DFB-Pokal,1/16 FINALE,28.10.2025,Monchengladbach,Karlsruher,Ospite,Karlsruher,Bernat Christian,Portiere,Titolare,6.9,0,6,0,0,1,0,0.0,0,0,0,0,0,2,0,0.0,0,0,0.0,0,0,0.0,0,0,0.0,0.0,0,0,0,0,0,0,0.0,0.0,0.0,3.077,0.0,0,0,0,0,0,3,0,0,0.077,0.077,0.0,0,0,0,0,0,4,0,0.0,0,0,0.444,8,18,90,90,0,0,0,0.676,25,0.0,0,0,0.679,19,28,37,0,0,0,0,0,0,0,0,0.0,0,0,1,6,0,0,0,9,0,0,0,0,0.0,0,0,0,0,0,49,0
DFB-Pokal,1/16 FINALE,28.10.2025,Monchengladbach,Karlsruher,Ospite,Karlsruher,Beifus Marcel,Difensore centrale,Titolare,6.4,0,2,0,0,0,0,0.0,1,0,0,0,0,3,0,0.0,0,0,0.0,0,0,0.0,0,0,0.0,0.0,1,0,1,0,0,0,0.011,0.0,0.0,2.137,0.0,0,7,1,0,0,2,0,0,0.137,0.137,0.0,0,0,0,1,0,0,1,0.0,0,0,0.688,11,16,77,77,0,0,1,0.857,54,0.667,8,12,0.845,49,58,63,0,0,0,0,0,0,0,0,0.0,0,0,0,0,0,0,0,2,0,0,0,0,0.0,0,0,0,0,0,69,0
DFB-Pokal,1/16 FINALE,28.10.2025,Monchengladbach,Karlsruher,Ospite,Karlsruher,Simic Roko,Attaccante,Subentrato,6.5,0,0,0,0,0,0,0.0,0,0,0,0,0,0,0,0.0,0,1,1.0,1,1,0.0,0,0,0.5,0.5,2,1,2,1,0,0,0.0,0.087,0.014,0.94,0.0,0,0,1,0,0,1,0,0,-0.06,-0.06,0.0,0,0,0,0,0,0,0,0.0,0,0,0.0,0,0,13,13,0,0,0,0.0,0,0.0,0,1,0.0,0,2,2,0,0,0,0,0,0,0,0,0.0,0,0,0,0,0,2,0,1,0,1,1,2,0.0,0,0,0,0,5,6,0
DFB-Pokal,1/16 FINALE,28.10.2025,Monchengladbach,Karlsruher,Ospite,Karlsruher,Geller Robert,Centrocampista,Subentrato,,0,0,0,0,0,0,0.0,1,0,1,0,0,0,0,0.0,0,1,0.0,0,0,0.0,0,0,0.5,0.5,2,1,2,1,0,0,0.0,0.0,0.0,0.368,0.0,0,0,1,0,0,1,0,0,-0.632,-0.632,0.0,0,0,0,0,0,0,0,0.0,0,0,0.0,0,0,7,7,0,0,0,0.0,0,0.0,0,0,0.0,0,0,0,0,0,0,0,0,0,0,0,0.0,0,0,0,0,0,0,0,1,0,0,0,0,1.0,1,1,0,0,0,3,0
DFB-Pokal,1/16 FINALE,28.10.2025,Monchengladbach,Karlsruher,Ospite,Karlsruher,Rapp Nicolai,Difensore centrale,Titolare,7.2,0,3,0,0,1,0,0.0,1,0,1,0,0,7,1,0.0,0,0,0.0,0,0,0.5,2,1,0.5,0.5,2,1,4,2,0,0,0.043,0.0,0.0,2.709,0.0,0,5,1,0,0,2,0,0,0.709,0.709,0.0,0,0,0,1,0,0,1,0.0,0,0,0.75,6,8,88,88,0,1,2,0.932,55,0.833,5,6,0.931,54,58,59,0,0,0,0,0,0,0,0,0.0,0,0,0,0,0,0,0,2,0,0,0,0,1.0,1,1,0,0,0,70,0
DFB-Pokal,1/16 FINALE,28.10.2025,Monchengladbach,Karlsruher,Ospite,Karlsruher,Franke Marcel,Difensore,Subentrato,6.4,0,0,0,0,0,0,0.0,2,0,0,0,0,0,0,0.0,0,0,0.0,0,0,0.0,0,0,0.0,0.0,0,0,0,0,0,0,0.038,0.0,0.0,0.94,0.0,0,1,0,0,0,1,0,0,-0.06,-0.06,0.0,0,0,0,0,0,0,0,0.0,0,0,0.333,1,3,13,13,0,0,0,0.6,3,0.667,2,3,0.6,3,5,5,0,0,0,0,0,0,0,0,0.0,0,0,0,0,0,0,0,1,0,0,0,0,0.0,0,0,0,0,0,5,0
DFB-Pokal,1/16 FINALE,28.10.2025,Monchengladbach,Karlsruher,Ospite,Karlsruher,Wanitzek Marvin,Centrocampista offensivo,Titolare,7.4,0,0,1,0,0,0,0.0,10,0,0,0,0,5,0,0.5,2,4,0.0,1,0,0.0,4,0,0.0,0.0,1,0,5,0,0,0,0.232,0.074,0.167,3.077,0.0,0,7,0,0,0,3,0,0,0.077,0.077,0.0,0,0,0,0,0,0,4,0.0,0,0,1.0,2,2,90,90,0,0,0,0.903,28,0.813,13,16,0.9,27,30,31,0,0,0,0,0,0,0,0,0.0,0,0,0,0,0,0,2,3,0,1,1,2,0.0,0,0,0,0,0,46,2
DFB-Pokal,1/16 FINALE,28.10.2025,Monchengladbach,Karlsruher,Ospite,Karlsruher,Laghrissi Eymen,Attaccante,Subentrato,,0,0,0,0,0,0,0.0,0,0,0,0,0,0,0,0.0,0,0,0.0,0,0,0.0,0,0,1.0,1.0,1,1,1,1,0,0,0.005,0.0,0.0,0.368,0.0,0,1,0,1,0,1,0,0,-0.632,-0.632,0.0,0,0,0,0,0,0,0,0.0,0,0,1.0,1,1,2,2,0,0,0,1.0,1,1.0,1,1,1.0,1,1,1,0,0,0,0,0,0,0,0,0.0,0,0,0,0,0,0,0,1,0,0,0,0,0.0,0,0,0,0,0,2,0
DFB-Pokal,1/16 FINALE,28.10.2025,Monchengladbach,Karlsruher,Ospite,Karlsruher,Egloff Lilian,Centrocampista offensivo,Titolare,5.7,0,5,0,1,0,0,0.0,1,0,0,0,0,0,0,0.0,0,1,0.0,0,0,0.0,0,0,0.4,0.4,5,2,5,2,0,0,0.011,0.377,0.119,2.709,0.0,0,2,2,2,0,2,0,0,0.709,0.709,0.0,0,0,0,1,0,0,0,0.0,0,0,1.0,1,1,83,83,0,0,0,0.833,20,0.667,4,6,0.826,19,23,24,0,0,0,0,0,0,0,0,0.0,0,0,0,0,0,1,1,2,0,1,1,2,0.0,0,0,0,0,2,32,2
DFB-Pokal,1/16 FINALE,28.10.2025,Monchengladbach,Karlsruher,Ospite,Karlsruher,Schleusener Fabian,Attaccante,Titolare,7.2,0,0,0,0,0,0,0.0,2,0,0,0,0,3,0,1.0,1,1,0.0,0,0,0.0,1,0,0.0,0.0,1,0,2,0,0,0,0.075,0.941,0.637,3.077,0.0,0,2,1,0,1,3,0,0,0.077,0.077,0.0,0,0,0,0,0,0,1,1.0,1,1,0.0,0,0,90,90,0,0,0,0.75,15,0.875,7,8,0.737,14,19,20,0,0,0,0,0,0,0,0,0.0,0,0,0,0,0,1,0,3,0,0,1,1,0.0,0,0,0,0,3,27,1
DFB-Pokal,1/16 FINALE,28.10.2025,St. Pauli,Hoffenheim,Ospite,Hoffenheim,Baumann Oliver,Portiere,Titolare,6.6,0,12,0,0,0,0,0.0,1,0,1,0,0,1,0,0.0,0,0,0.0,0,0,0.0,0,0,0.0,0.0,0,0,0,0,0,0,0.014,0.0,0.0,1.778,0.0,0,10,0,0,0,2,0,0,-0.222,-0.222,1.0,1,1,0,0,0,7,0,0.0,0,0,0.357,5,14,120,120,0,0,0,0.697,23,0.4,4,10,0.619,13,21,33,0,0,0,0,0,1,0,0,0.0,0,0,1,2,0,0,0,4,0,0,0,0,0.0,0,0,0,0,0,44,0
DFB-Pokal,1/16 FINALE,28.10.2025,St. Pauli,Hoffenheim,Ospite,Hoffenheim,Promel Grischa,Centrocampista,Titolare,7.6,0,5,0,0,0,0,0.0,3,0,1,0,0,0,0,0.0,0,1,0.0,0,0,0.0,2,0,0.429,0.6,5,3,7,3,0,0,0.013,0.52,1.265,1.04,0.0,0,2,2,1,1,1,0,0,0.04,0.04,0.0,0,0,0,1,0,0,0,1.0,1,1,0.0,0,1,71,71,0,0,0,0.837,41,0.5,4,8,0.833,40,48,49,0,0,0,0,0,0,0,0,0.0,0,0,0,0,0,3,0,1,1,1,2,3,1.0,2,2,0,0,5,62,2
DFB-Pokal,1/16 FINALE,28.10.2025,St. Pauli,Hoffenheim,Ospite,Hoffenheim,Akpoguma Kevin,Difensore,Subentrato,6.3,0,1,0,0,0,0,0.0,0,0,0,0,0,0,0,0.0,0,0,0.0,0,0,0.0,0,0,0.0,0.0,0,0,0,0,0,0,0.0,0.0,0.0,0.738,0.0,0,0,0,0,0,1,0,0,-0.262,-0.262,0.0,0,0,0,0,0,0,0,0.0,0,0,0.0,0,0,12,12,0,0,0,1.0,2,0.0,0,0,1.0,1,1,2,0,0,0,0,0,0,0,0,0.0,0,0,0,0,0,0,0,1,0,0,0,0,0.0,0,0,0,0,0,3,0
DFB-Pokal,1/16 FINALE,28.10.2025,St. Pauli,Hoffenheim,Ospite,Hoffenheim,Lemperle Tim,Attaccante,Titolare,5.6,0,4,0,0,0,0,0.0,0,0,0,0,0,1,0,0.0,0,0,0.0,1,0,0.5,2,1,0.143,0.0,5,0,7,1,0,0,0.122,0.039,0.0,1.04,0.0,0,1,3,0,0,1,0,0,0.04,0.04,0.0,0,0,0,1,0,0,1,0.0,0,0,0.0,0,0,86,86,0,3,0,0.583,7,0.6,3,5,0.583,7,12,12,0,0,0,0,0,0,0,0,0.0,0,0,0,0,0,1,0,1,1,1,0,1,0.0,0,0,0,0,4,26,7
DFB-Pokal,1/16 FINALE,28.10.2025,St. Pauli,Hoffenheim,Ospite,Hoffenheim,Asllani Fisnik,Attaccante,Titolare,6.2,0,0,0,0,0,0,0.0,3,0,0,0,0,0,0,0.5,1,2,0.0,1,0,0.0,3,0,0.167,0.333,3,1,6,1,0,0,0.076,0.025,0.0,1.04,0.0,0,5,2,1,0,1,0,0,0.04,0.04,0.0,0,0,0,0,0,0,1,0.0,0,0,0.0,0,0,77,77,0,3,0,0.778,14,0.7,7,10,0.765,13,17,18,0,0,0,0,0,0,0,0,0.0,0,0,0,0,1,1,0,1,0,0,0,1,0.0,0,0,0,0,3,27,2
DFB-Pokal,1/16 FINALE,28.10.2025,St. Pauli,Hoffenheim,Ospite,Hoffenheim,Kramaric Andrej,Ala,Titolare,7.5,1,4,1,0,0,0,0.0,8,0,1,0,0,1,0,0.6,3,5,0.0,0,0,1.0,1,1,1.0,1.0,1,1,2,2,0,0,0.342,0.788,0.878,1.778,0.0,0,7,0,1,1,2,0,1,-0.222,-0.222,0.0,0,0,0,0,0,0,2,1.0,1,1,0.667,2,3,120,120,0,1,1,0.848,39,0.737,14,19,0.854,35,41,46,0,0,0,0,1,0,0,0,0.0,0,0,0,0,0,1,0,2,0,0,1,1,0.0,0,0,0,0,3,62,2
DFB-Pokal,1/16 FINALE,28.10.2025,St. Pauli,Hoffenheim,Ospite,Hoffenheim,Burger Wouter,Centrocampista,Subentrato,6.7,0,4,0,1,0,0,0.0,0,0,0,0,0,1,0,0.0,0,0,0.0,0,0,0.0,1,0,0.4,0.5,4,2,5,2,0,0,0.004,0.29,0.0,0.738,0.0,0,7,2,0,0,1,0,0,-0.262,-0.262,0.0,0,0,0,1,0,0,1,1.0,1,1,0.333,2,6,49,49,0,1,1,0.773,17,0.5,4,8,0.773,17,22,22,0,0,0,0,0,0,1,0,0.0,0,0,0,0,0,1,0,1,0,1,0,1,0.5,2,1,0,0,1,33,2
DFB-Pokal,1/16 FINALE,28.10.2025,St. Pauli,Hoffenheim,Ospite,Hoffenheim,Hranac Robin,Difensore centrale,Titolare,6.8,0,3,0,0,0,0,0.0,0,0,1,0,1,6,0,0.0,0,0,0.0,0,0,0.6,5,3,0.556,0.5,4,2,9,5,0,0,0.011,0.0,0.0,1.04,0.0,0,7,1,2,0,1,0,0,0.04,0.04,0.0,0,0,0,3,0,0,0,0.0,0,0,0.571,4,7,85,85,0,0,0,0.93,66,0.571,4,7,0.925,62,67,71,0,0,0,0,0,0,0,0,0.0,0,0,0,0,0,0,0,1,0,0,0,0,0.0,0,0,0,0,1,86,0
DFB-Pokal,1/16 FINALE,28.10.2025,St. Pauli,Hoffenheim,Ospite,Hoffenheim,Avdullahu Leon,Centrocampista,Titolare,5.9,0,6,0,0,0,0,0.0,1,0,0,0,1,1,0,0.0,0,0,0.5,2,1,0.0,2,0,0.333,0.429,7,3,9,3,0,0,0.026,0.0,0.0,1.778,0.0,0,10,2,1,0,2,0,0,-0.222,-0.222,0.0,0,0,0,1,0,0,0,1.0,2,2,0.0,0,2,120,120,0,0,1,0.914,85,0.667,8,12,0.912,83,91,93,0,0,0,0,0,0,1,0,0.0,0,0,0,0,0,0,0,2,0,0,0,0,0.0,1,0,0,0,1,106,2
DFB-Pokal,1/16 FINALE,28.10.2025,St. Pauli,Hoffenheim,Ospite,Hoffenheim,Bernardo,Terzino,Titolare,9.1,0,9,0,0,0,0,0.0,5,0,0,0,1,6,1,0.333,1,3,0.0,0,0,0.6,5,3,0.789,0.857,14,12,19,15,0,0,0.078,0.0,0.0,1.778,0.0,0,22,1,4,0,2,0,0,-0.222,-0.222,0.0,0,0,0,4,0,0,0,1.0,1,1,0.4,2,5,120,120,0,0,3,0.914,85,0.76,19,25,0.913,84,92,93,0,0,0,0,0,0,1,0,0.0,0,0,0,0,0,0,0,2,0,0,0,0,0.75,8,6,0,0,1,142,1
DFB-Pokal,1/16 FINALE,28.10.2025,St. Pauli,Hoffenheim,Ospite,Hoffenheim,Bebou Ihlas,Centrocampista,Subentrato,6.1,0,3,0,0,0,0,0.0,0,0,0,0,0,1,0,0.0,0,0,0.0,3,0,0.5,2,1,0.286,0.2,5,1,7,2,0,0,0.017,0.067,0.233,0.738,0.0,0,0,1,1,0,1,0,0,-0.262,-0.262,0.0,0,0,0,0,0,0,0,0.0,0,1,0.0,0,1,43,43,0,0,0,0.667,4,0.6,3,5,0.667,4,6,6,0,0,0,0,0,0,1,0,0.0,0,0,0,0,0,1,0,1,0,0,1,1,0.0,0,0,0,0,5,15,2
DFB-Pokal,1/16 FINALE,28.10.2025,St. Pauli,Hoffenheim,Ospite,Hoffenheim,Tohumcu Umut,Centrocampista,Subentrato,6.4,0,1,0,0,0,0,0.0,0,0,0,0,0,0,0,0.0,0,0,0.0,1,0,0.0,1,0,0.5,0.667,3,2,4,2,0,0,0.005,0.0,0.0,0.738,0.0,0,1,0,1,0,1,0,0,-0.262,-0.262,0.0,0,0,0,0,0,0,0,0.0,0,0,0.0,0,1,34,34,0,0,0,0.833,10,0.75,3,4,0.833,10,12,12,0,0,0,0,0,0,1,0,0.0,0,0,0,0,0,0,0,1,0,0,0,0,1.0,1,1,0,0,0,19,2
DFB-Pokal,1/16 FINALE,28.10.2025,St. Pauli,Hoffenheim,Ospite,Hoffenheim,Toure Bazoumana,Ala,Titolare,5.8,0,3,0,0,0,0,0.0,5,0,0,0,0,1,0,0.0,0,5,0.0,2,0,0.5,4,2,0.4,0.333,6,2,10,4,0,0,0.013,0.0,0.0,1.778,0.0,0,0,2,0,0,2,0,0,-0.222,-0.222,0.0,0,0,0,0,0,0,0,0.0,0,0,0.0,0,0,120,120,0,0,0,0.719,23,0.375,3,8,0.719,23,32,32,0,0,0,0,0,0,1,0,0.0,0,0,0,0,0,0,0,2,0,0,0,0,1.0,2,2,0,0,2,58,12
DFB-Pokal,1/16 FINALE,28.10.2025,St. Pauli,Hoffenheim,Ospite,Hoffenheim,Kabak Ozan,Difensore,Subentrato,6.5,0,0,0,0,0,0,0.0,3,0,0,0,0,5,0,0.0,0,0,0.0,0,0,1.0,1,1,1.0,0.0,0,0,1,1,0,0,0.036,0.0,0.0,0.738,0.0,0,4,0,0,0,1,0,0,-0.262,-0.262,0.0,0,0,0,0,0,0,0,1.0,1,1,0.0,0,1,35,35,0,0,0,0.769,20,0.333,2,6,0.75,18,24,26,0,0,0,0,0,0,1,0,0.0,0,0,0,0,0,0,0,1,0,0,0,0,0.0,0,0,0,0,0,33,0
DFB-Pokal,1/16 FINALE,28.10.2025,St. Pauli,Hoffenheim,Ospite,Hoffenheim,Prass Alexander,Terzino,Titolare,7.4,0,5,1,0,0,0,0.0,11,0,0,0,0,6,0,0.2,1,5,0.0,0,0,0.667,3,2,0.875,1.0,5,5,8,7,0,1,0.258,0.0,0.0,1.04,0.0,0,14,0,1,0,1,0,0,0.04,0.04,0.0,0,0,0,0,0,0,1,0.0,0,0,0.545,6,11,108,108,0,0,0,0.793,46,0.65,13,20,0.789,45,57,58,0,0,0,0,0,0,0,0,0.0,0,0,0,0,0,0,0,1,0,0,0,0,0.75,4,3,0,0,1,93,1
DFB-Pokal,1/16 FINALE,28.10.2025,St. Pauli,Hoffenheim,Ospite,Hoffenheim,Hajdari Albian,Difensore centrale,Titolare,7.7,0,4,0,0,0,0,0.0,3,0,1,0,0,14,0,0.0,0,2,0.0,0,0,0.875,8,7,0.75,0.5,4,2,12,9,0,0,0.028,0.0,0.0,1.778,0.0,0,19,2,1,0,2,0,0,-0.222,-0.222,0.0,0,0,0,4,0,0,0,0.0,0,0,0.235,4,17,120,120,0,0,2,0.853,99,0.263,5,19,0.85,96,113,116,0,0,0,0,1,0,0,0,0.0,0,0,0,0,0,0,0,2,0,0,0,0,1.0,1,1,0,0,0,146,2
DFB-Pokal,1/16 FINALE,28.10.2025,St. Pauli,Hoffenheim,Casa,St. Pauli,Voll Ben Alexander,Portiere,Titolare,7.4,0,5,0,0,0,0,0.0,0,0,0,0,0,1,0,0.0,0,0,0.0,0,0,0.0,0,0,0.0,0.0,0,0,0,0,0,0,0.002,0.0,0.0,2.376,0.0,0,14,0,0,0,2,0,0,0.376,0.498,0.0,0,0,0,0,0,2,0,0.0,0,0,0.259,7,27,120,120,0,0,0,0.545,24,0.286,4,14,0.68,17,25,44,0,0,0,0,0,2,0,0,0.0,0,0,0,2,0,0,0,4,0,0,0,0,0.0,0,0,0,0,0,50,0
DFB-Pokal,1/16 FINALE,28.10.2025,St. Pauli,Hoffenheim,Casa,St. Pauli,Saliakas Manolis,Difensore,Subentrato,6.1,0,2,0,0,0,0,0.0,2,0,1,0,0,1,0,0.0,0,1,0.0,1,0,0.5,2,1,0.286,0.2,5,1,7,2,0,0,0.018,0.0,0.0,1.111,0.0,0,3,2,0,0,1,0,0,0.111,0.233,0.0,0,0,0,0,0,0,0,0.0,0,0,0.0,0,3,54,54,0,0,0,0.619,13,0.556,5,9,0.619,13,21,21,0,0,0,0,0,0,1,0,0.0,0,0,0,0,0,0,0,1,0,0,0,0,1.0,1,1,0,0,1,37,1
DFB-Pokal,1/16 FINALE,28.10.2025,St. Pauli,Hoffenheim,Casa,St. Pauli,Mets Karol,Difensore centrale,Titolare,6.6,0,1,0,0,0,0,0.0,1,0,1,0,0,3,0,0.0,0,1,0.0,1,0,1.0,2,2,0.667,0.571,7,4,9,6,0,0,0.002,0.0,0.0,1.498,0.0,0,2,2,2,0,1,0,0,0.498,0.498,0.0,0,0,0,1,0,0,0,0.0,0,0,0.625,5,8,89,89,0,0,0,0.854,35,0.5,1,2,0.839,26,31,41,0,0,0,0,0,0,0,0,0.0,0,0,0,0,0,0,0,1,0,0,0,0,1.0,2,2,0,0,0,53,0
DFB-Pokal,1/16 FINALE,28.10.2025,St. Pauli,Hoffenheim,Casa,St. Pauli,Wahl Hauke,Difensore centrale,Titolare,7.5,0,4,0,0,0,0,0.0,2,0,0,0,0,5,0,0.0,0,0,0.0,0,0,1.0,4,4,0.889,0.8,5,4,9,8,0,0,0.049,0.239,0.952,2.376,0.0,0,10,0,1,1,2,0,0,0.376,0.498,0.0,0,0,0,1,0,0,0,0.0,0,0,0.273,3,11,120,120,0,0,0,0.75,42,0.765,13,17,0.759,41,54,56,0,0,0,0,0,0,1,0,0.0,0,0,0,0,0,1,0,2,0,0,1,1,0.333,3,1,0,0,1,73,3
DFB-Pokal,1/16 FINALE,28.10.2025,St. Pauli,Hoffenheim,Casa,St. Pauli,Ceesay Abdoulie,Attaccante,Subentrato,6.1,0,1,0,0,0,0,0.0,0,0,1,0,0,0,0,0.0,0,0,0.0,0,0,0.0,4,0,0.125,0.25,4,1,8,1,0,0,0.008,0.226,0.0,1.111,0.0,0,2,3,1,0,1,0,0,0.111,0.233,0.0,0,0,0,0,0,0,0,0.0,0,0,0.0,0,1,54,54,0,1,0,0.75,6,0.5,2,4,0.667,4,6,8,0,0,0,0,0,0,1,0,0.0,0,0,0,0,0,1,1,1,0,1,1,2,0.0,0,0,0,0,3,15,3
DFB-Pokal,1/16 FINALE,28.10.2025,St. Pauli,Hoffenheim,Casa,St. Pauli,Oppie Louis,Esterno,Titolare,6.3,0,5,0,0,0,0,0.0,6,0,0,0,0,6,0,0.167,1,6,0.0,0,0,0.667,3,2,0.6,0.5,2,1,5,3,0,0,0.099,0.078,0.0,2.376,0.0,0,6,0,1,0,2,0,0,0.376,0.498,0.0,0,0,0,0,0,0,2,0.0,0,0,0.0,0,2,120,120,0,0,0,0.783,36,0.667,12,18,0.783,36,46,46,0,0,0,0,0,0,1,0,0.0,0,0,0,0,0,0,2,2,0,2,0,2,0.0,0,0,0,0,1,72,1
DFB-Pokal,1/16 FINALE,28.10.2025,St. Pauli,Hoffenheim,Casa,St. Pauli,Hountondji Andreas,Attaccante,Titolare,6.4,0,3,0,0,0,0,0.0,1,0,0,0,0,2,0,0.333,1,3,0.5,2,1,0.333,9,3,0.357,0.4,5,2,14,5,0,0,0.029,0.036,0.0,1.265,0.0,0,0,1,1,0,1,0,0,0.265,0.265,0.0,0,0,0,0,0,0,1,1.0,2,2,0.0,0,0,66,66,0,0,0,0.8,12,0.5,2,4,0.769,10,13,15,0,0,0,0,0,0,0,0,0.0,0,0,0,0,0,0,1,1,0,1,0,1,0.0,0,0,0,0,5,29,2
DFB-Pokal,1/16 FINALE,28.10.2025,St. Pauli,Hoffenheim,Casa,St. Pauli,Metcalfe Connor,Centrocampista offensivo,Titolare,5.9,0,3,0,0,0,0,0.0,1,0,0,0,0,2,0,0.0,0,0,0.667,3,2,0.0,0,0,0.25,0.25,8,2,8,2,0,0,0.06,0.259,0.088,1.265,0.0,0,4,1,0,0,1,0,0,0.265,0.265,0.0,0,0,0,1,0,0,1,1.0,1,1,0.333,1,3,81,81,0,0,0,0.577,15,0.833,10,12,0.577,15,26,26,0,0,0,0,0,0,0,0,0.0,0,0,0,0,2,2,2,1,0,0,2,4,0.0,0,0,0,0,2,48,6
DFB-Pokal,1/16 FINALE,28.10.2025,St. Pauli,Hoffenheim,Casa,St. Pauli,Kaars Martijn,Attaccante,Subentrato,6.2,0,0,0,0,0,0,0.0,1,0,0,0,0,0,0,0.0,0,1,0.0,1,0,1.0,1,1,0.333,0.2,5,1,6,2,0,0,0.004,0.042,0.0,1.111,0.0,0,0,1,0,0,1,0,0,0.111,0.233,0.0,0,0,0,0,0,0,0,0.0,0,0,0.0,0,1,39,39,0,1,0,0.556,5,0.5,2,4,0.556,5,9,9,0,0,0,0,0,0,1,0,0.0,0,0,0,0,1,1,0,1,0,0,0,1,0.0,1,0,0,0,4,17,3
DFB-Pokal,1/16 FINALE,28.10.2025,St. Pauli,Hoffenheim,Casa,St. Pauli,Afolayan Oladapo,Centrocampista offensivo,Titolare,6.3,0,5,0,0,0,0,0.0,4,0,0,0,0,1,0,1.0,1,1,0.0,2,0,0.0,3,0,0.364,0.5,8,4,11,4,0,0,0.052,0.056,0.0,1.265,0.0,0,2,1,3,0,1,0,0,0.265,0.265,0.0,0,0,0,0,0,0,2,0.0,0,0,1.0,4,4,80,80,0,0,0,0.727,16,0.636,7,11,0.7,14,20,22,0,0,0,0,0,0,0,0,0.0,0,0,0,0,0,1,0,1,0,1,0,1,1.0,1,1,0,0,1,39,4
DFB-Pokal,1/16 FINALE,28.10.2025,St. Pauli,Hoffenheim,Casa,St. Pauli,Pereira Lage Mathias,Centrocampista,Subentrato,7.1,0,0,0,0,0,0,0.0,2,0,1,0,1,0,0,0.0,0,4,0.0,0,0,0.0,3,0,0.0,0.0,1,0,4,0,0,0,0.12,0.242,0.738,1.111,0.0,0,1,0,0,1,1,0,0,0.111,0.233,0.0,0,0,0,0,0,0,1,0.75,3,4,0.0,0,0,40,40,0,0,0,0.692,9,0.7,7,10,0.692,9,13,13,0,0,0,0,1,0,0,0,0.0,0,0,0,0,1,1,1,1,0,0,1,2,0.0,0,0,0,0,3,19,0
DFB-Pokal,1/16 FINALE,28.10.2025,St. Pauli,Hoffenheim,Casa,St. Pauli,Ritzka Lars,Difensore,Subentrato,6.5,0,3,0,0,0,0,0.0,1,0,0,0,0,2,0,0.0,0,0,0.0,0,0,0.5,2,1,0.667,1.0,1,1,3,2,0,0,0.053,0.0,0.0,0.878,0.0,0,7,0,0,0,1,0,0,-0.122,0.0,0.0,0,0,0,0,0,0,0,0.0,0,0,0.143,1,7,31,31,0,0,0,0.682,15,0.625,5,8,0.667,14,21,22,0,0,0,0,0,0,0,0,0.0,0,0,0,0,0,0,0,1,0,0,0,0,1.0,1,1,0,0,0,26,0
DFB-Pokal,1/16 FINALE,28.10.2025,St. Pauli,Hoffenheim,Casa,St. Pauli,Sands James,Centrocampista,Titolare,5.6,0,6,0,0,0,0,0.0,2,0,0,0,0,4,0,0.0,0,1,0.0,1,0,1.0,2,2,0.714,0.6,5,3,7,5,0,0,0.026,0.0,0.0,2.376,0.0,0,7,2,2,0,2,0,0,0.376,0.498,0.0,0,0,0,1,0,0,0,0.0,0,0,0.5,4,8,120,120,0,0,0,0.696,32,0.526,10,19,0.689,31,45,46,1,0,0,0,0,0,1,0,0.0,0,0,0,0,0,0,0,2,0,0,0,0,1.0,1,1,0,0,4,63,5
DFB-Pokal,1/16 FINALE,28.10.2025,St. Pauli,Hoffenheim,Casa,St. Pauli,Smith Eric,Difensore centrale,Titolare,7.1,1,8,0,0,0,0,0.0,2,0,0,0,0,10,0,0.0,0,2,0.0,0,0,0.5,2,1,0.667,1.0,1,1,3,2,0,0,0.007,0.226,0.0,2.376,0.0,0,8,0,0,0,2,0,0,0.376,0.498,0.0,0,0,0,2,0,0,1,0.0,0,0,0.0,0,5,120,120,0,0,0,0.745,35,0.444,4,9,0.762,32,42,47,0,0,0,0,0,0,1,0,0.0,0,0,0,0,1,2,1,2,2,2,0,3,1.0,1,1,0,0,3,67,0
DFB-Pokal,1/16 FINALE,28.10.2025,St. Pauli,Hoffenheim,Casa,St. Pauli,Pyrka Arkadiusz,Esterno,Titolare,6.4,0,4,0,0,0,0,0.0,0,0,1,0,0,2,0,0.0,0,0,0.0,0,0,0.0,1,0,0.5,0.6,5,3,6,3,0,0,0.117,0.0,0.0,1.265,0.0,0,2,2,1,0,1,0,0,0.265,0.265,0.0,0,0,0,0,0,0,1,0.0,0,0,0.0,0,2,66,66,0,0,1,0.5,8,0.286,2,7,0.5,8,16,16,0,0,0,0,0,0,0,0,0.0,0,0,0,0,0,0,0,1,0,0,0,0,0.5,2,1,0,0,2,31,2
DFB-Pokal,1/16 FINALE,28.10.2025,St. Pauli,Hoffenheim,Casa,St. Pauli,Fujita Joel,Centrocampista,Titolare,7.2,0,9,0,0,0,0,0.0,4,0,0,0,0,1,0,0.0,0,0,0.0,1,0,1.0,2,2,0.667,0.5,4,2,6,4,0,0,0.204,0.081,0.0,2.376,0.0,0,10,0,2,0,2,0,0,0.376,0.498,0.0,0,0,0,0,0,0,2,0.0,0,0,0.5,3,6,120,120,0,0,0,0.796,39,0.75,18,24,0.796,39,49,49,0,0,0,0,0,0,1,0,0.0,0,0,0,0,2,0,2,2,0,0,0,2,0.0,0,0,0,1,0,61,2
DFB-Pokal,1/16 FINALE,28.10.2025,Francoforte,Dortmund,Casa,Francoforte,Gotze Mario,Centrocampista offensivo,Titolare,6.7,1,1,1,0,0,0,0.0,3,0,0,0,1,0,0,0.0,0,1,0.0,1,0,0.0,3,0,0.25,0.4,5,2,8,2,0,0,0.178,0.048,0.0,0.547,0.0,0,2,1,1,0,1,0,0,-0.453,-0.453,0.0,0,0,0,0,0,0,2,1.0,1,1,1.0,1,1,72,72,0,0,0,0.818,27,0.556,5,9,0.813,26,32,33,0,0,0,0,0,0,0,0,0.0,0,0,0,0,1,1,0,1,0,0,0,1,1.0,1,1,0,1,2,45,3
DFB-Pokal,1/16 FINALE,28.10.2025,Francoforte,Dortmund,Casa,Francoforte,Skhiri Ellyes,Centrocampista,Subentrato,6.2,0,3,0,0,0,0,0.0,0,0,0,0,3,0,0,0.0,0,0,1.0,1,1,0.0,0,0,0.25,0.25,4,1,4,1,0,0,0.017,0.0,0.0,0.245,0.0,0,2,0,0,0,0,0,0,0.245,0.245,0.0,0,0,0,1,0,0,0,1.0,2,2,0.5,1,2,47,47,0,0,0,0.95,38,1.0,6,6,0.949,37,39,40,0,0,0,0,0,0,0,0,0.0,0,0,0,0,0,0,0,0,0,0,0,0,0.0,0,0,0,0,0,45,3
DFB-Pokal,1/16 FINALE,28.10.2025,Francoforte,Dortmund,Casa,Francoforte,Brown Nathaniel,Esterno,Titolare,8.0,0,12,0,0,0,0,0.0,3,0,0,0,0,1,0,0.5,2,4,0.667,3,2,0.0,0,0,0.81,0.81,21,17,21,17,0,0,0.092,0.047,0.028,0.792,0.0,0,8,1,4,0,1,0,0,-0.208,-0.208,0.0,0,0,0,3,0,0,2,0.0,0,0,0.444,4,9,120,120,0,0,0,0.827,43,0.941,16,17,0.82,41,50,52,0,0,0,0,0,0,0,0,0.0,0,0,0,0,0,1,1,1,0,1,1,2,0.727,11,8,0,0,4,108,7
DFB-Pokal,1/16 FINALE,28.10.2025,Francoforte,Dortmund,Casa,Francoforte,Theate Arthur,Difensore centrale,Titolare,6.4,0,3,0,0,0,0,0.0,2,0,0,0,3,6,0,0.0,0,0,0.0,0,0,1.0,1,1,0.571,0.5,6,3,7,4,0,0,0.027,0.016,0.022,0.792,0.0,0,11,0,0,0,1,0,0,-0.208,-0.208,0.0,0,0,0,0,0,0,0,0.0,0,0,0.6,9,15,120,120,0,0,1,0.857,60,0.615,8,13,0.848,56,66,70,0,0,0,0,0,0,0,0,0.0,0,0,0,0,0,0,1,1,0,0,1,1,0.0,3,0,0,0,0,87,0
DFB-Pokal,1/16 FINALE,28.10.2025,Francoforte,Dortmund,Casa,Francoforte,Larsson Hugo,Centrocampista,Titolare,6.9,0,4,0,0,0,0,0.0,0,0,0,0,0,4,0,0.0,0,0,0.0,0,0,1.0,1,1,1.0,1.0,2,2,3,3,0,0,0.022,0.0,0.0,0.547,0.0,0,5,0,0,0,1,0,0,-0.453,-0.453,0.0,0,0,0,1,0,0,1,1.0,2,2,0.5,3,6,73,73,0,0,0,0.868,33,0.714,5,7,0.861,31,36,38,0,0,0,0,0,0,0,0,0.0,0,0,0,0,0,0,0,1,0,0,0,0,1.0,2,2,0,0,0,49,0
DFB-Pokal,1/16 FINALE,28.10.2025,Francoforte,Dortmund,Casa,Francoforte,Batshuayi Michy,Attaccante,Subentrato,,0,0,0,0,0,0,0.0,0,0,0,0,0,0,0,0.0,0,0,0.0,0,0,0.0,0,0,0.0,0.0,0,0,0,0,0,0,0.0,0.0,0.0,0.0,0.0,0,0,0,0,0,0,0,0,0.0,0.0,0.0,0,0,0,0,0,0,0,0.0,0,0,0.0,0,0,1,1,0,0,0,0.0,0,0.0,0,0,0.0,0,0,0,0,0,0,0,0,0,1,0,0.0,0,0,0,0,0,0,0,0,0,0,0,0,0.0,0,0,0,0,0,2,2
DFB-Pokal,1/16 FINALE,28.10.2025,Francoforte,Dortmund,Casa,Francoforte,Bahoya Jean-Matteo,Centrocampista,Subentrato,5.9,0,2,0,0,0,0,0.0,2,0,0,0,3,0,0,0.5,1,2,0.0,1,0,0.0,2,0,0.143,0.2,5,1,7,1,0,0,0.114,0.0,0.0,0.245,0.0,0,0,0,0,0,0,0,0,0.245,0.245,0.0,0,0,0,0,0,0,2,1.0,1,1,0.0,0,0,30,30,0,0,0,0.857,12,0.75,3,4,0.857,12,14,14,0,0,0,0,0,0,0,0,0.0,0,0,0,0,0,0,0,0,0,0,0,0,1.0,1,1,0,0,1,20,1
DFB-Pokal,1/16 FINALE,28.10.2025,Francoforte,Dortmund,Casa,Francoforte,Doan Ritsu,Esterno,Titolare,6.1,0,2,0,0,0,0,0.0,3,0,0,0,0,4,0,0.0,0,3,0.667,6,4,0.333,3,1,0.571,0.636,11,7,14,8,0,0,0.048,0.154,0.365,0.792,0.0,0,5,1,1,0,1,0,0,-0.208,-0.208,0.0,0,0,0,2,0,0,1,0.0,0,0,0.333,1,3,120,120,0,0,0,0.723,34,0.684,13,19,0.723,34,47,47,0,0,0,0,1,0,0,0,0.0,0,0,0,0,0,3,0,1,1,2,1,3,0.5,2,1,0,0,5,86,8
DFB-Pokal,1/16 FINALE,28.10.2025,Francoforte,Dortmund,Casa,Francoforte,Koch Robin,Difensore centrale,Titolare,7.8,0,5,0,0,0,0,0.0,0,0,0,0,0,9,0,0.0,0,0,0.0,0,0,0.625,8,5,0.7,1.0,2,2,10,7,0,0,0.022,0.0,0.0,0.792,0.0,0,9,0,0,0,1,0,0,-0.208,-0.208,0.0,0,0,0,4,0,0,0,0.0,0,0,0.5,5,10,120,120,0,0,2,0.873,69,0.636,7,11,0.87,67,77,79,0,0,0,0,0,0,0,0,0.0,0,0,0,0,0,0,0,1,0,0,0,0,1.0,2,2,0,0,0,100,1
DFB-Pokal,1/16 FINALE,28.10.2025,Francoforte,Dortmund,Casa,Francoforte,Burkardt Jonathan,Attaccante,Titolare,5.6,0,2,0,0,0,0,0.0,0,0,0,0,0,1,0,1.0,1,1,0.0,2,0,0.25,4,1,0.286,0.3,10,3,14,4,0,0,0.038,0.024,0.0,0.792,0.0,0,1,2,3,0,1,0,0,-0.208,-0.208,0.0,0,0,0,0,0,0,1,1.0,1,1,1.0,1,1,120,120,0,3,0,0.889,16,0.833,5,6,0.875,14,16,18,0,0,0,0,0,0,0,0,0.0,0,0,0,0,0,1,0,1,1,1,0,1,0.0,0,0,0,0,4,38,6
DFB-Pokal,1/16 FINALE,28.10.2025,Francoforte,Dortmund,Ospite,Dortmund,Anton Waldemar,Difensore centrale,Titolare,6.5,0,5,0,0,0,0,0.0,1,0,0,0,0,7,0,0.0,0,0,0.0,0,0,1.0,1,1,0.429,0.333,6,2,7,3,0,0,0.012,0.0,0.0,1.559,0.0,0,7,3,1,0,1,0,0,0.559,0.559,0.0,0,0,0,3,0,0,1,0.0,0,0,0.667,4,6,120,120,0,0,1,0.904,66,0.875,7,8,0.903,65,72,73,0,0,0,0,0,0,0,0,0.0,0,0,0,0,0,0,0,1,0,0,0,0,0.0,1,0,0,0,0,93,2
DFB-Pokal,1/16 FINALE,28.10.2025,Francoforte,Dortmund,Casa,Francoforte,Zetterer Michael,Portiere,Titolare,6.4,0,14,0,0,0,0,0.0,1,0,0,0,0,1,0,0.0,0,0,0.0,0,0,0.0,0,0,0.0,0.0,0,0,0,0,0,0,0.002,0.0,0.0,0.792,0.0,0,11,0,0,0,1,0,0,-0.208,-0.208,0.0,0,0,0,0,0,8,1,0.0,0,0,0.345,10,29,120,120,0,0,0,0.487,19,0.273,3,11,0.5,13,26,39,0,0,0,0,0,0,0,0,0.0,0,0,1,2,0,0,0,3,0,0,0,0,0.0,0,0,0,0,0,51,0
DFB-Pokal,1/16 FINALE,28.10.2025,Francoforte,Dortmund,Casa,Francoforte,Chaibi Fares,Centrocampista,Titolare,6.4,0,7,0,0,0,0,0.0,3,0,1,0,0,2,0,0.0,0,2,0.0,0,0,1.0,2,2,0.75,0.667,6,4,8,6,0,0,0.051,0.073,0.089,0.792,0.0,0,5,2,1,0,1,0,0,-0.208,-0.208,0.0,0,0,0,2,0,0,1,1.0,7,7,0.667,4,6,120,120,0,0,0,0.824,61,0.762,16,21,0.822,60,73,74,0,0,0,0,1,0,0,0,0.0,0,0,0,0,1,0,3,1,0,1,1,3,0.333,3,1,0,0,0,97,5
DFB-Pokal,1/16 FINALE,28.10.2025,Francoforte,Dortmund,Casa,Francoforte,Kristensen Rasmus,Difensore centrale,Titolare,6.9,0,5,0,0,0,0,0.0,2,0,0,0,1,1,0,0.0,0,1,0.0,0,0,0.333,3,1,0.5,0.667,3,2,6,3,0,0,0.023,0.0,0.0,0.792,0.0,0,12,0,0,0,1,0,0,-0.208,-0.208,0.0,0,0,0,1,0,0,1,1.0,1,1,0.625,5,8,120,120,0,0,1,0.897,78,0.722,13,18,0.895,77,86,87,0,0,0,0,0,0,0,0,0.0,0,0,0,0,0,0,0,1,0,0,0,0,1.0,2,2,0,0,1,102,1
DFB-Pokal,1/16 FINALE,28.10.2025,Francoforte,Dortmund,Casa,Francoforte,Knauff Ansgar,Centrocampista offensivo,Titolare,6.7,0,4,0,0,0,0,0.0,0,0,0,0,1,0,0,0.0,0,0,0.0,3,0,0.0,2,0,0.273,0.333,9,3,11,3,0,0,0.073,0.361,0.969,0.547,0.0,0,2,2,2,1,1,0,0,-0.453,-0.453,0.0,0,0,0,1,0,0,0,0.0,0,0,0.0,0,0,89,89,0,1,0,0.609,14,0.625,5,8,0.609,14,23,23,0,0,0,0,0,0,0,0,0.0,0,0,0,0,0,2,0,1,0,0,2,2,1.0,1,1,0,0,4,41,4
DFB-Pokal,1/16 FINALE,28.10.2025,Francoforte,Dortmund,Ospite,Dortmund,Sule Niklas,Difensore,Subentrato,7.1,0,3,0,0,0,0,0.0,0,0,1,0,0,2,0,0.0,0,0,1.0,1,1,1.0,1,1,0.833,0.8,5,4,6,5,0,0,0.014,0.037,0.0,0.425,0.0,0,5,1,0,0,0,0,0,0.425,0.425,0.0,0,0,0,1,0,0,0,0.0,0,0,0.667,2,3,75,75,0,1,0,0.942,49,0.9,9,10,0.941,48,51,52,0,0,0,0,0,0,1,0,0.0,0,0,0,0,1,1,0,0,0,0,0,1,0.333,3,1,0,0,2,64,1
DFB-Pokal,1/16 FINALE,28.10.2025,Francoforte,Dortmund,Casa,Francoforte,Uzun Can,Centrocampista,Subentrato,7.2,0,4,0,0,0,0,0.0,4,0,0,0,0,0,0,0.0,0,0,1.0,2,2,0.0,0,0,0.833,0.833,6,5,6,5,0,0,0.147,0.096,0.086,0.245,0.0,0,5,0,1,0,0,0,0,0.245,0.245,0.0,0,0,0,0,0,0,1,0.0,0,0,0.5,1,2,48,48,0,0,0,0.846,22,0.8,12,15,0.846,22,26,26,0,0,0,0,0,0,1,0,0.0,0,0,0,0,1,0,3,0,0,1,1,3,1.0,2,2,0,0,1,40,5
DFB-Pokal,1/16 FINALE,28.10.2025,Francoforte,Dortmund,Ospite,Dortmund,Chukwuemeka Carney,Centrocampista,Subentrato,6.3,0,1,0,0,0,0,0.0,2,0,0,0,1,0,0,1.0,1,1,0.333,3,1,0.0,1,0,0.167,0.2,5,1,6,1,0,0,0.024,0.0,0.0,0.089,0.0,0,1,1,0,0,0,0,0,0.089,0.089,0.0,0,0,0,0,0,0,1,0.0,0,0,0.0,0,1,30,30,0,0,0,0.75,9,0.667,2,3,0.75,9,12,12,0,0,0,0,0,0,1,0,0.0,0,0,0,0,0,0,0,0,0,0,0,0,0.0,0,0,0,0,2,20,2
DFB-Pokal,1/16 FINALE,28.10.2025,Francoforte,Dortmund,Ospite,Dortmund,Nmecha Felix,Centrocampista,Subentrato,6.5,0,1,0,0,0,0,0.0,0,0,0,0,0,0,0,0.0,0,0,0.0,1,0,0.0,0,0,0.667,0.667,3,2,3,2,0,0,0.007,0.0,0.0,0.089,0.0,0,5,0,1,0,0,0,0,0.089,0.089,0.0,0,0,0,0,0,0,0,1.0,1,1,0.0,0,0,30,30,0,0,0,0.842,16,0.857,6,7,0.842,16,19,19,0,0,0,0,0,0,1,0,0.0,0,0,0,0,0,0,0,0,0,0,0,0,1.0,1,1,0,0,0,22,0
DFB-Pokal,1/16 FINALE,28.10.2025,Francoforte,Dortmund,Ospite,Dortmund,Silva Fabio,Attaccante,Subentrato,6.0,0,0,0,0,0,0,0.0,2,0,1,0,1,0,0,0.0,0,2,1.0,1,1,0.0,0,0,0.167,0.167,6,1,6,1,0,0,0.015,0.016,0.089,0.089,0.0,0,0,1,0,0,0,0,0,0.089,0.089,0.0,0,0,0,0,0,0,0,0.0,0,0,0.0,0,0,36,36,0,0,0,0.833,10,0.6,3,5,0.833,10,12,12,0,0,0,0,0,0,1,0,0.0,0,0,0,0,0,1,0,0,0,0,1,1,0.0,0,0,0,0,2,23,6
DFB-Pokal,1/16 FINALE,28.10.2025,Francoforte,Dortmund,Ospite,Dortmund,Sabitzer Marcel,Centrocampista,Titolare,7.2,0,8,0,0,0,0,0.0,6,0,0,0,0,2,0,0.4,2,5,0.0,0,0,0.0,1,0,0.5,0.667,3,2,4,2,0,0,0.207,0.0,0.0,1.47,0.0,0,9,0,1,0,1,0,0,0.47,0.47,0.0,0,0,0,1,0,0,2,0.0,0,0,0.75,3,4,90,90,0,0,0,0.87,47,0.944,17,18,0.865,45,52,54,0,0,0,0,0,0,0,0,0.0,0,0,0,0,0,0,0,1,0,0,0,0,0.0,1,0,0,0,0,69,2
DFB-Pokal,1/16 FINALE,28.10.2025,Francoforte,Dortmund,Ospite,Dortmund,Kobel Gregor,Portiere,Titolare,7.7,0,12,0,0,0,0,0.0,0,0,0,0,0,0,0,0.0,0,0,0.0,0,0,0.0,0,0,0.0,0.0,0,0,0,0,0,0,0.004,0.0,0.0,1.559,0.0,0,7,0,0,0,1,0,0,0.559,0.559,0.0,0,0,0,0,0,3,1,0.0,0,0,0.484,15,31,120,120,0,0,0,0.66,31,0.429,3,7,0.759,22,29,47,0,0,0,0,0,1,0,0,0.0,0,0,0,6,0,0,0,7,0,0,0,0,0.0,0,0,0,0,0,56,0
DFB-Pokal,1/16 FINALE,28.10.2025,Francoforte,Dortmund,Ospite,Dortmund,Anselmino Aaron,Difensore centrale,Titolare,7.1,0,6,0,0,0,0,0.0,1,0,1,0,0,1,0,0.0,0,1,0.0,1,0,1.0,2,2,0.556,0.429,7,3,9,5,0,0,0.007,0.0,0.0,1.134,0.0,0,2,2,1,0,1,0,0,0.134,0.134,0.0,0,0,0,3,0,0,0,0.0,0,0,1.0,2,2,45,45,0,0,0,0.9,36,0.5,1,2,0.897,35,39,40,0,0,0,0,0,0,0,0,0.0,0,0,0,0,0,0,0,1,0,0,0,0,1.0,2,2,0,0,0,55,1
DFB-Pokal,1/16 FINALE,28.10.2025,Francoforte,Dortmund,Ospite,Dortmund,Guirassy Serhou,Attaccante,Subentrato,6.5,0,1,0,0,0,0,0.0,0,0,0,0,0,0,0,0.0,0,0,1.0,1,1,0.5,4,2,0.6,1.0,1,1,5,3,0,0,0.006,0.112,0.0,0.175,0.0,0,2,0,0,0,0,0,0,0.175,0.175,0.0,0,0,0,0,0,0,1,1.0,2,2,0.0,0,0,43,43,0,0,0,0.867,13,0.75,3,4,0.857,12,14,15,0,0,0,0,0,0,0,0,0.0,0,0,0,0,0,2,0,0,1,2,0,2,0.0,0,0,0,0,2,22,2
DFB-Pokal,1/16 FINALE,28.10.2025,Francoforte,Dortmund,Ospite,Dortmund,Svensson Daniel,Esterno,Titolare,6.5,0,4,0,0,0,0,0.0,3,0,0,0,2,4,0,0.0,0,5,1.0,1,1,0.5,2,1,0.6,0.625,8,5,10,6,0,0,0.02,0.0,0.0,1.559,0.0,0,9,1,1,0,1,0,0,0.559,0.559,0.0,0,0,0,1,0,0,0,0.0,0,0,0.375,3,8,120,120,0,0,0,0.788,26,0.727,8,11,0.788,26,33,33,0,0,0,0,0,0,0,0,0.0,0,0,0,0,0,0,0,1,0,0,0,0,0.667,3,2,0,0,2,62,1
DFB-Pokal,1/16 FINALE,28.10.2025,Francoforte,Dortmund,Ospite,Dortmund,Ryerson Julian,Esterno,Titolare,8.3,1,2,1,0,0,0,0.0,14,0,0,0,1,2,0,0.4,4,10,0.5,6,3,1.0,2,2,0.5,0.444,18,8,20,10,0,0,0.551,0.0,0.0,1.559,0.0,0,3,2,2,0,1,0,0,0.559,0.559,0.0,0,0,0,2,0,0,4,0.0,0,0,0.333,2,6,120,120,0,0,0,0.716,48,0.682,15,22,0.716,48,67,67,0,0,0,0,0,0,0,0,0.0,0,0,0,0,0,0,0,1,0,0,0,0,1.0,3,3,0,0,3,115,7
DFB-Pokal,1/16 FINALE,28.10.2025,Francoforte,Dortmund,Ospite,Dortmund,Schlotterbeck Nico,Difensore centrale,Titolare,6.9,0,10,0,0,0,0,0.0,1,0,0,0,2,4,0,0.0,0,1,0.0,0,0,0.75,4,3,0.5,0.333,6,2,10,5,0,0,0.027,0.026,0.156,1.559,0.0,0,10,2,1,0,1,0,0,0.559,0.559,0.0,0,0,0,1,0,0,0,0.0,0,0,0.7,14,20,120,120,0,0,1,0.822,74,0.857,12,14,0.807,67,83,90,0,0,0,0,0,0,0,0,0.0,0,0,0,0,0,1,1,1,1,1,1,2,1.0,1,1,0,0,1,107,1
DFB-Pokal,1/16 FINALE,28.10.2025,Francoforte,Dortmund,Ospite,Dortmund,Bellingham Jobe,Centrocampista,Titolare,7.2,0,9,0,0,0,0,0.0,0,0,0,0,0,3,0,0.0,0,0,1.0,2,2,0.5,4,2,0.667,0.8,5,4,9,6,0,0,0.039,0.094,0.0,1.559,0.0,0,10,0,0,0,1,0,0,0.559,0.559,0.0,0,0,0,2,0,0,1,1.0,2,2,0.5,2,4,120,120,0,0,1,0.918,56,0.941,16,17,0.918,56,61,61,0,0,0,0,0,0,0,0,0.0,0,0,0,0,0,1,1,1,1,2,0,2,0.5,2,1,0,0,1,82,3
DFB-Pokal,1/16 FINALE,28.10.2025,Francoforte,Dortmund,Ospite,Dortmund,Adeyemi Karim,Centrocampista offensivo,Titolare,5.9,0,3,0,0,0,0,0.0,1,0,0,0,1,0,0,0.0,0,0,0.333,6,2,0.0,0,0,0.3,0.3,10,3,10,3,0,0,0.022,0.09,0.0,1.384,0.0,0,4,0,1,0,1,0,0,0.384,0.384,0.0,0,0,0,0,0,0,0,0.0,0,0,1.0,1,1,77,77,0,1,0,0.783,18,0.667,8,12,0.783,18,23,23,0,0,0,0,0,0,0,0,0.0,0,0,0,0,1,1,1,1,0,1,0,2,0.0,0,0,0,0,5,41,7
DFB-Pokal,1/16 FINALE,28.10.2025,Francoforte,Dortmund,Ospite,Dortmund,Brandt Julian,Centrocampista offensivo,Titolare,7.4,0,3,0,0,0,0,0.0,6,0,0,0,1,1,0,0.0,0,1,0.0,1,0,0.0,1,0,0.0,0.0,5,0,6,0,0,0,0.091,0.518,0.547,1.47,0.0,0,5,0,0,1,1,0,0,0.47,0.47,0.0,0,0,0,1,0,0,1,1.0,2,2,0.8,4,5,90,90,0,1,0,0.78,32,0.667,12,18,0.78,32,41,41,0,0,0,0,0,0,0,0,0.0,0,0,0,0,0,1,0,1,0,0,1,1,0.0,0,0,0,0,4,57,5
DFB-Pokal,1/16 FINALE,28.10.2025,Francoforte,Dortmund,Ospite,Dortmund,Beier Maximilian,Attaccante,Titolare,6.0,0,1,0,0,0,0,0.0,0,0,0,0,0,1,0,0.0,0,0,0.0,3,0,0.5,6,3,0.375,0.0,2,0,8,3,0,0,0.021,0.144,0.0,1.47,0.0,0,3,1,0,0,1,0,0,0.47,0.47,0.0,0,0,0,0,0,0,0,0.0,0,0,0.0,0,0,84,84,0,1,0,0.652,15,0.7,7,10,0.636,14,22,23,0,0,0,0,0,0,0,0,0.0,0,0,0,0,2,2,0,1,1,0,0,2,0.0,0,0,0,0,4,37,6
DFB-Pokal,1/16 FINALE,28.10.2025,Heidenheim,Amburgo,Ospite,Amburgo,Meffert Jonas,Centrocampista,Subentrato,6.9,0,1,0,0,0,0,0.0,2,0,0,0,0,1,0,0.0,0,0,0.0,0,0,0.5,2,1,0.4,0.333,3,1,5,2,0,0,0.058,0.0,0.0,0.016,0.0,0,5,1,0,0,0,0,0,0.016,0.016,0.0,0,0,0,0,0,0,2,0.0,0,0,0.5,1,2,45,45,0,0,0,0.895,34,0.813,13,16,0.895,34,38,38,0,0,0,0,0,0,0,0,0.0,0,0,0,0,0,0,0,0,0,0,0,0,1.0,1,1,0,0,1,42,1
DFB-Pokal,1/16 FINALE,28.10.2025,Heidenheim,Amburgo,Casa,Heidenheim,Pieringer Marvin,Attaccante,Subentrato,6.6,0,0,0,0,0,0,0.0,0,0,0,0,0,0,0,0.0,0,0,0.0,0,0,1.0,1,1,1.0,1.0,2,2,3,3,0,0,0.001,0.026,0.0,0.818,0.0,0,0,0,1,0,1,0,0,-0.182,0.037,0.0,0,0,0,0,0,0,0,0.0,0,0,0.0,0,0,17,17,0,0,0,0.667,2,0.0,0,0,0.5,1,2,3,0,0,0,0,0,0,0,0,0.0,0,0,0,0,0,1,0,1,1,1,0,1,1.0,1,1,0,0,1,7,1
DFB-Pokal,1/16 FINALE,28.10.2025,Heidenheim,Amburgo,Ospite,Amburgo,Muheim Miro,Esterno,Titolare,7.0,0,4,0,0,0,0,0.0,7,0,0,0,0,1,0,0.143,1,7,0.333,3,1,0.0,1,0,0.333,0.375,8,3,9,3,0,0,0.103,0.264,0.0,0.016,0.0,0,5,1,0,0,0,0,0,0.016,0.016,0.0,0,0,0,1,0,0,1,0.0,0,0,1.0,1,1,90,90,0,0,0,0.842,32,0.833,15,18,0.833,30,36,38,0,0,0,0,0,0,0,0,0.0,0,0,0,0,2,2,0,0,0,0,0,2,0.5,2,1,0,0,5,73,4
DFB-Pokal,1/16 FINALE,28.10.2025,Heidenheim,Amburgo,Casa,Heidenheim,Schoppner Jan,Centrocampista offensivo,Titolare,5.6,0,2,0,0,0,0,0.0,1,0,1,0,2,4,0,0.0,0,1,0.0,0,0,0.667,3,2,0.444,0.333,6,2,9,4,0,0,0.008,0.016,0.0,1.686,0.0,0,2,2,0,0,1,0,0,0.686,0.905,0.0,0,0,0,1,0,0,0,0.0,0,0,0.0,0,2,90,90,0,0,0,0.524,11,0.25,2,8,0.524,11,21,21,0,0,0,0,0,0,0,0,0.0,0,0,0,0,1,1,0,1,0,0,0,1,0.0,2,0,0,0,3,32,0
DFB-Pokal,1/16 FINALE,28.10.2025,Heidenheim,Amburgo,Casa,Heidenheim,Traore Omar Haktab,Terzino,Titolare,6.4,0,2,0,0,0,0,0.0,1,0,0,0,0,0,0,0.0,0,1,0.0,0,0,0.0,1,0,0.75,1.0,3,3,4,3,0,0,0.006,0.0,0.0,0.747,0.0,0,1,0,1,0,0,0,0,0.747,0.747,0.0,0,0,0,1,0,0,0,0.0,0,0,0.667,2,3,45,45,0,0,1,0.813,13,0.5,1,2,0.813,13,16,16,0,0,0,0,0,0,0,0,0.0,0,0,0,0,0,0,0,0,0,0,0,0,0.5,2,1,0,0,0,29,0
DFB-Pokal,1/16 FINALE,28.10.2025,Heidenheim,Amburgo,Casa,Heidenheim,Zivzivadze Budu,Attaccante,Titolare,5.9,0,4,0,0,0,0,0.0,0,0,0,0,1,0,0,1.0,1,1,0.0,0,0,0.25,4,1,0.455,0.571,7,4,11,5,0,0,0.039,0.0,0.0,0.868,0.0,0,3,2,2,0,0,0,0,0.868,0.868,0.0,0,0,0,1,0,0,0,0.0,0,0,1.0,1,1,72,72,0,0,0,0.882,15,0.857,6,7,0.882,15,17,17,0,0,0,0,0,0,0,0,0.0,0,0,0,0,0,0,0,0,0,0,0,0,0.5,2,1,0,0,0,26,1
DFB-Pokal,1/16 FINALE,28.10.2025,Heidenheim,Amburgo,Ospite,Amburgo,Pherai Immanuel,Centrocampista,Subentrato,6.6,0,1,0,0,0,0,0.0,2,0,0,0,1,0,0,0.0,0,1,0.0,0,0,0.0,1,0,0.4,0.5,4,2,5,2,0,0,0.194,0.0,0.0,0.016,0.0,0,0,1,2,0,0,0,0,0.016,0.016,0.0,0,0,0,0,0,0,0,0.0,0,0,0.0,0,0,29,29,0,0,0,0.857,6,1.0,4,4,0.833,5,6,7,0,0,0,0,0,0,0,0,0.0,0,0,0,0,0,0,0,0,0,0,0,0,0.0,0,0,0,0,0,12,1
DFB-Pokal,1/16 FINALE,28.10.2025,Heidenheim,Amburgo,Casa,Heidenheim,Busch Marnon,Difensore,Subentrato,6.2,0,1,0,0,0,0,0.0,0,0,0,0,1,1,0,0.0,0,1,0.0,0,0,0.0,0,0,0.5,0.5,4,2,4,2,0,0,0.001,0.0,0.0,0.94,0.0,0,3,1,1,0,1,0,0,-0.06,0.159,0.0,0,0,0,0,0,0,0,0.0,0,0,0.5,1,2,45,45,0,0,0,0.769,10,0.0,0,3,0.769,10,13,13,0,0,0,0,0,0,0,0,0.0,0,0,0,0,0,0,0,1,0,0,0,0,1.0,1,1,0,0,0,18,0
DFB-Pokal,1/16 FINALE,28.10.2025,Heidenheim,Amburgo,Casa,Heidenheim,Niehues Julian,Centrocampista,Titolare,5.9,0,2,0,0,0,0,0.0,0,0,1,0,1,5,0,0.0,0,0,0.0,1,0,1.0,2,2,0.556,0.429,7,3,9,5,0,0,0.005,0.0,0.0,1.686,0.0,0,1,2,0,0,1,0,0,0.686,0.905,0.0,0,0,0,0,0,0,0,0.0,0,0,0.5,1,2,86,86,0,0,3,0.848,28,0.0,0,1,0.844,27,32,33,1,0,0,0,0,0,0,0,0.0,0,0,0,0,0,0,0,1,0,0,0,0,0.333,3,1,0,0,0,48,0
DFB-Pokal,1/16 FINALE,28.10.2025,Heidenheim,Amburgo,Casa,Heidenheim,Schimmer Stefan,Attaccante,Titolare,5.9,0,3,0,0,0,0,0.0,2,0,0,0,1,1,0,0.0,0,1,0.0,0,0,0.5,2,1,0.333,0.0,1,0,3,1,0,0,0.026,0.0,0.0,0.868,0.0,0,1,0,0,0,0,0,0,0.868,0.868,0.0,0,0,0,0,0,0,0,1.0,3,3,0.5,1,2,73,73,0,0,0,0.438,7,0.143,1,7,0.438,7,16,16,0,0,0,0,0,0,0,0,0.0,0,0,0,0,0,0,0,0,0,0,0,0,0.0,0,0,0,0,3,22,2
DFB-Pokal,1/16 FINALE,28.10.2025,Heidenheim,Amburgo,Casa,Heidenheim,Kerber Luca,Centrocampista,Titolare,6.1,0,1,0,0,0,0,0.0,0,0,0,0,0,2,0,0.0,0,0,0.0,0,0,0.0,1,0,0.5,1.0,1,1,2,1,0,0,0.002,0.0,0.0,0.747,0.0,0,1,1,0,0,0,0,0,0.747,0.747,0.0,0,0,0,0,0,0,0,1.0,1,1,1.0,1,1,45,45,0,0,0,0.933,14,0.0,0,1,0.933,14,15,15,0,0,0,0,0,0,0,0,0.0,0,0,0,0,0,0,0,0,0,0,0,0,0.0,1,0,0,0,1,24,2
DFB-Pokal,1/16 FINALE,28.10.2025,Heidenheim,Amburgo,Casa,Heidenheim,Siersleben Tim,Difensore centrale,Titolare,4.5,0,1,0,0,0,0,0.0,1,1,0,0,0,2,0,0.0,0,2,0.0,0,0,0.5,2,1,0.5,0.5,2,1,4,2,0,0,0.004,0.0,0.0,0.747,0.0,0,3,1,0,0,0,0,0,0.747,0.747,0.0,0,0,0,1,0,0,0,0.0,0,0,0.7,7,10,44,44,0,0,0,0.871,27,0.75,3,4,0.867,26,30,31,0,0,0,0,0,0,0,0,0.0,0,0,0,0,0,0,0,0,0,0,0,0,0.0,1,0,0,0,0,40,2
DFB-Pokal,1/16 FINALE,28.10.2025,Heidenheim,Amburgo,Casa,Heidenheim,Fohrenbach Jonas,Terzino,Titolare,6.0,0,3,0,0,0,0,0.0,2,0,0,0,0,1,0,0.0,0,2,1.0,1,1,0.5,2,1,0.75,1.0,2,2,4,3,0,0,0.018,0.0,0.0,1.686,0.0,0,4,0,0,0,1,0,0,0.686,0.905,0.0,0,0,0,1,0,0,0,0.0,0,0,0.571,4,7,90,90,0,0,0,0.708,17,0.8,8,10,0.682,15,22,24,0,0,0,0,0,0,0,0,0.0,0,0,0,0,0,0,0,1,0,0,0,0,0.0,1,0,0,0,0,45,2
DFB-Pokal,1/16 FINALE,28.10.2025,Heidenheim,Amburgo,Casa,Heidenheim,Ibrahimovic Arijon,Centrocampista,Titolare,6.9,0,4,0,0,0,0,0.0,7,0,1,0,1,3,0,0.125,1,8,0.333,3,1,0.5,2,1,0.667,0.7,10,7,12,8,0,0,0.183,0.02,0.0,1.686,0.0,0,9,0,1,0,1,0,0,0.686,0.905,0.0,0,0,0,0,0,0,1,1.0,2,2,0.75,6,8,90,90,0,0,0,0.676,25,0.588,10,17,0.647,22,34,37,0,0,0,0,0,0,0,0,0.0,0,0,0,0,0,0,1,1,0,1,0,1,0.6,5,3,0,0,1,70,3
DFB-Pokal,1/16 FINALE,28.10.2025,Heidenheim,Amburgo,Casa,Heidenheim,Dorsch Niklas,Centrocampista,Subentrato,6.8,0,3,0,0,1,0,0.0,2,0,1,0,2,0,1,1.0,2,2,1.0,1,1,0.0,0,0,0.286,0.286,7,2,7,2,0,0,0.091,0.0,0.0,0.94,0.0,0,1,1,0,0,1,0,0,-0.06,0.159,0.0,0,0,0,1,0,0,2,0.0,0,0,0.0,0,0,45,45,0,0,1,1.0,9,1.0,3,3,1.0,9,9,9,0,0,0,0,0,0,0,0,0.0,0,0,0,0,0,0,0,1,0,0,0,0,0.0,1,0,0,0,0,20,4
DFB-Pokal,1/16 FINALE,28.10.2025,Heidenheim,Amburgo,Casa,Heidenheim,Kolle Adam,Difensore,Subentrato,,0,0,0,0,0,0,0.0,0,0,0,0,0,0,0,0.0,0,0,0.0,0,0,0.667,3,2,0.75,1.0,1,1,4,3,0,0,0.0,0.048,0.016,0.0,0.0,0,0,0,0,0,0,0,0,0.0,0.0,0.0,0,0,0,0,0,0,0,1.0,1,1,0.0,0,0,4,4,0,0,0,0.333,1,0.0,0,1,0.333,1,3,3,0,0,0,0,0,0,0,0,0.0,0,0,0,0,0,2,0,0,1,1,1,2,1.0,1,1,0,0,4,7,0
DFB-Pokal,1/16 FINALE,28.10.2025,Heidenheim,Amburgo,Casa,Heidenheim,Mainka Patrick,Difensore centrale,Titolare,6.8,0,3,0,0,0,0,0.0,0,0,0,0,0,5,0,0.0,0,0,0.0,0,0,0.75,4,3,0.857,1.0,3,3,7,6,0,0,0.013,0.02,0.0,1.686,0.0,0,4,0,1,0,1,0,0,0.686,0.905,0.0,0,0,0,1,0,0,0,0.0,0,0,1.0,2,2,90,90,0,0,1,0.968,30,1.0,6,6,0.968,30,31,31,0,0,0,0,0,0,0,0,0.0,0,0,0,0,0,1,0,1,1,1,0,1,0.5,2,1,0,0,2,42,0
DFB-Pokal,1/16 FINALE,28.10.2025,Heidenheim,Amburgo,Ospite,Amburgo,Vieira Fabio,Centrocampista,Titolare,7.8,0,2,0,1,0,0,0.0,7,0,0,0,0,1,0,0.167,1,6,1.0,1,1,1.0,2,2,0.8,0.667,3,2,5,4,0,0,0.141,0.393,0.037,0.016,0.0,0,5,0,1,0,0,0,0,0.016,0.016,0.0,0,0,0,0,0,0,0,0.0,0,0,0.667,2,3,90,90,0,0,0,0.925,37,0.864,19,22,0.921,35,38,40,0,0,0,1,0,0,0,0,0.0,0,0,0,0,1,2,2,0,0,1,2,4,0.0,0,0,0,0,4,57,1
DFB-Pokal,1/16 FINALE,28.10.2025,Heidenheim,Amburgo,Casa,Heidenheim,Honsak Mathias,Attaccante,Subentrato,6.4,0,1,0,0,0,0,0.0,3,0,0,0,0,0,0,1.0,1,1,0.0,0,0,0.0,1,0,0.0,0.0,0,0,1,0,0,0,0.006,0.0,0.0,0.818,0.0,0,1,0,0,0,1,0,0,-0.182,0.037,0.0,0,0,0,0,0,0,0,0.0,0,0,0.5,1,2,18,18,0,0,0,0.25,1,0.0,0,3,0.25,1,4,4,0,0,0,0,0,0,0,0,0.0,0,0,0,0,0,0,0,1,0,0,0,0,0.0,0,0,0,0,0,7,0
DFB-Pokal,1/16 FINALE,28.10.2025,Heidenheim,Amburgo,Casa,Heidenheim,Ramaj Diant,Portiere,Titolare,7.5,0,14,0,0,1,0,0.0,2,0,1,0,0,1,0,0.0,0,0,0.0,0,0,1.0,1,1,1.0,0.0,0,0,1,1,0,0,0.041,0.0,0.0,1.686,0.0,0,21,0,0,0,1,0,0,0.686,0.905,1.0,1,1,0,0,0,3,1,0.0,0,0,0.438,14,32,90,90,0,0,0,0.633,31,0.364,8,22,0.8,24,30,49,0,0,0,0,0,0,0,0,0.0,0,0,1,5,0,0,0,6,0,0,0,0,0.0,0,0,0,0,0,61,0
DFB-Pokal,1/16 FINALE,28.10.2025,Heidenheim,Amburgo,Ospite,Amburgo,Peretz Daniel,Portiere,Titolare,7.0,0,9,0,0,0,0,0.0,1,0,0,0,0,1,0,0.0,0,0,0.0,0,0,0.0,0,0,0.0,0.0,0,0,0,0,0,0,0.005,0.0,0.0,0.016,0.0,0,6,0,0,0,0,0,0,0.016,0.016,1.0,2,2,0,0,1,5,0,0.0,0,0,0.375,6,16,90,90,0,0,0,0.737,28,0.333,2,6,0.767,23,30,38,0,0,0,0,0,0,0,0,0.0,0,0,1,1,0,0,0,1,0,0,0,0,0.0,0,0,0,0,0,47,0
DFB-Pokal,1/16 FINALE,28.10.2025,Heidenheim,Amburgo,Ospite,Amburgo,Elfadli Daniel,Difensore centrale,Titolare,7.7,0,5,0,0,0,0,0.0,0,0,0,0,0,5,0,0.0,0,0,1.0,1,1,0.0,1,0,0.5,1.0,1,1,2,1,0,0,0.023,0.0,0.0,0.016,0.0,0,10,0,0,0,0,0,0,0.016,0.016,0.0,0,0,0,0,0,0,0,0.0,0,0,1.0,1,1,90,90,0,0,1,0.944,51,1.0,15,15,0.944,51,54,54,0,0,0,0,0,0,0,0,0.0,0,0,0,0,0,0,0,0,0,0,0,0,0.0,0,0,0,0,0,62,0
DFB-Pokal,1/16 FINALE,28.10.2025,Heidenheim,Amburgo,Ospite,Amburgo,Philippe Rayan,Centrocampista offensivo,Titolare,5.9,0,2,0,0,0,0,0.0,1,0,0,0,0,0,0,0.0,0,0,0.667,3,2,0.2,5,1,0.25,0.286,7,2,12,3,0,0,0.084,0.034,0.0,0.016,0.0,0,0,0,0,0,0,0,0,0.016,0.016,0.0,0,0,0,0,0,0,1,1.0,1,1,0.0,0,0,89,89,0,0,0,0.647,11,0.7,7,10,0.647,11,17,17,0,0,0,0,0,0,0,0,0.0,0,0,0,0,0,0,1,0,0,1,0,1,0.0,0,0,0,0,5,29,6
DFB-Pokal,1/16 FINALE,28.10.2025,Heidenheim,Amburgo,Ospite,Amburgo,Vuskovic Luka,Difensore centrale,Titolare,8.2,0,5,0,0,0,0,0.0,2,0,0,0,0,6,0,0.0,0,1,1.0,1,1,0.778,9,7,0.75,0.667,3,2,12,9,0,0,0.052,0.105,0.01,0.016,0.0,0,9,1,2,0,0,0,0,0.016,0.016,0.0,0,0,0,2,0,0,2,0.0,0,0,0.833,5,6,90,90,0,0,0,0.925,62,0.875,14,16,0.921,58,63,67,0,0,0,0,0,0,0,0,0.0,0,0,0,0,0,0,3,0,0,2,1,3,0.0,0,0,0,0,2,87,0
DFB-Pokal,1/16 FINALE,28.10.2025,Heidenheim,Amburgo,Ospite,Amburgo,Remberg Nicolai,Centrocampista,Titolare,6.4,0,3,0,0,0,0,0.0,1,0,1,0,0,1,0,0.0,0,0,0.0,0,0,0.0,0,0,0.667,0.667,3,2,3,2,0,0,0.006,0.0,0.0,0.0,0.0,0,1,1,1,0,0,0,0,0.0,0.0,0.0,0,0,0,0,0,0,0,0.0,0,0,0.333,1,3,45,45,0,0,0,0.895,17,0.5,1,2,0.895,17,19,19,0,0,0,0,0,0,0,0,0.0,0,0,0,0,0,0,0,0,0,0,0,0,0.0,1,0,0,0,0,22,0
DFB-Pokal,1/16 FINALE,28.10.2025,Heidenheim,Amburgo,Ospite,Amburgo,Poulsen Yussuf,Attaccante,Subentrato,,0,0,0,0,0,0,0.0,0,0,0,0,0,0,0,0.0,0,0,0.0,0,0,1.0,1,1,1.0,0.0,0,0,1,1,0,0,0.0,0.0,0.0,0.0,0.0,0,1,0,0,0,0,0,0,0.0,0.0,0.0,0,0,0,0,0,0,0,0.0,0,0,0.0,0,0,1,1,0,0,0,0.0,0,0.0,0,1,0.0,0,1,1,0,0,0,0,0,0,0,0,0.0,0,0,0,0,0,0,0,0,0,0,0,0,0.0,0,0,0,0,0,2,0
DFB-Pokal,1/16 FINALE,28.10.2025,Heidenheim,Amburgo,Ospite,Amburgo,Gocholeishvili Giorgi,Esterno,Titolare,7.2,0,3,1,0,0,0,0.0,6,0,0,0,1,0,0,0.0,0,5,0.333,3,1,0.0,0,0,0.375,0.375,8,3,8,3,0,0,0.019,0.076,0.091,0.016,0.0,0,4,0,2,0,0,0,0,0.016,0.016,0.0,0,0,0,0,0,0,1,0.0,0,0,0.6,3,5,90,90,0,0,0,0.867,26,0.7,7,10,0.867,26,30,30,0,0,0,0,0,0,0,0,0.0,0,0,0,0,1,0,2,0,0,0,1,2,0.0,0,0,0,0,3,60,2
DFB-Pokal,1/16 FINALE,28.10.2025,Heidenheim,Amburgo,Ospite,Amburgo,Konigsdorffer Ransford,Attaccante,Titolare,6.3,0,2,0,1,0,0,0.0,0,0,0,0,0,0,0,0.0,0,0,0.0,1,0,0.333,3,1,0.286,0.25,4,1,7,2,0,0,0.018,0.517,0.747,0.0,0.0,0,0,0,1,0,0,0,0,0.0,0.0,0.0,0,0,0,0,0,0,0,0.0,0,0,0.0,0,0,61,61,0,0,0,0.714,10,0.571,4,7,0.692,9,13,14,0,0,0,0,0,0,0,0,0.0,0,0,0,0,0,2,0,0,0,1,1,2,0.0,0,0,0,0,3,24,4
DFB-Pokal,1/16 FINALE,28.10.2025,Heidenheim,Amburgo,Ospite,Amburgo,Glatzel Robert,Attaccante,Subentrato,7.5,0,1,1,0,0,0,0.0,1,0,0,0,0,0,0,0.0,0,0,0.0,0,0,0.0,1,0,0.0,0.0,0,0,1,0,0,0,0.092,0.788,0.781,0.016,0.0,0,2,0,0,1,0,0,1,0.016,0.016,0.0,0,0,0,0,0,0,1,0.0,0,0,0.0,0,1,29,29,0,0,0,0.667,6,0.6,3,5,0.667,6,9,9,0,0,0,0,0,0,0,0,0.0,0,0,0,0,0,1,0,0,0,0,1,1,0.0,0,0,0,0,3,13,0
DFB-Pokal,1/16 FINALE,28.10.2025,Heidenheim,Amburgo,Ospite,Amburgo,Rossing-Lelesiit Alexander,Centrocampista offensivo,Titolare,6.7,0,2,0,0,0,0,0.0,2,0,0,0,1,0,0,0.5,1,2,0.4,5,2,0.0,0,0,0.4,0.4,10,4,10,4,0,0,0.044,0.073,0.02,0.0,0.0,0,1,2,0,0,0,0,0,0.0,0.0,0.0,0,0,0,0,0,0,1,0.0,0,0,0.0,0,0,61,61,0,0,0,0.857,12,0.818,9,11,0.833,10,12,14,0,0,0,0,0,0,0,0,0.0,0,0,0,0,1,1,1,0,0,0,1,2,0.0,2,0,0,0,2,28,3
DFB-Pokal,1/16 FINALE,28.10.2025,Heidenheim,Amburgo,Ospite,Amburgo,Torunarigha Jordan,Difensore centrale,Titolare,6.8,0,4,0,0,0,0,0.0,3,0,0,0,0,6,0,0.0,0,1,0.0,0,0,0.0,3,0,0.0,0.0,2,0,5,0,0,0,0.015,0.0,0.0,0.016,0.0,0,9,1,0,0,0,0,0,0.016,0.016,0.0,0,0,0,0,0,0,1,0.0,0,0,0.0,0,3,90,90,0,0,0,0.82,41,0.667,12,18,0.816,40,49,50,0,0,0,0,0,0,0,0,0.0,0,0,0,0,0,0,0,0,0,0,0,0,0.0,0,0,0,0,0,62,3
DFB-Pokal,1/16 FINALE,28.10.2025,Hertha,Elversberg,Casa,Hertha,Gronning Sebastian,Attaccante,Titolare,7.5,0,1,0,1,0,0,0.0,1,0,0,0,1,1,0,0.0,0,0,0.5,2,1,0.6,10,6,0.5,0.25,4,1,14,7,0,0,0.026,0.449,0.969,0.464,0.0,0,1,0,0,1,0,0,0,0.464,0.464,0.0,0,0,0,0,0,0,1,1.0,1,1,0.0,0,0,80,80,0,2,0,0.538,7,0.5,3,6,0.538,7,13,13,0,0,0,0,0,0,0,0,0.0,0,0,0,0,1,3,0,0,2,1,1,3,0.0,0,0,0,0,4,27,4
DFB-Pokal,1/16 FINALE,28.10.2025,Hertha,Elversberg,Casa,Hertha,Kolbe Niklas,Difensore,Subentrato,6.4,0,3,0,0,0,0,0.0,0,0,0,0,0,1,0,0.0,0,0,1.0,1,1,0.0,1,0,0.333,0.5,2,1,3,1,0,0,0.002,0.0,0.0,0.0,0.0,0,1,1,0,0,0,0,0,0.0,0.0,0.0,0,0,0,0,0,0,0,0.0,0,0,0.5,1,2,19,19,0,0,0,0.75,6,1.0,1,1,0.75,6,8,8,0,0,0,0,0,0,0,0,0.0,0,0,0,0,0,0,0,0,0,0,0,0,0.0,0,0,0,0,0,13,0
DFB-Pokal,1/16 FINALE,28.10.2025,Hertha,Elversberg,Casa,Hertha,Winkler Marten,Attaccante,Subentrato,,0,0,1,1,0,0,0.0,0,0,0,0,0,2,0,1.0,1,1,0.0,0,0,1.0,1,1,1.0,1.0,1,1,2,2,0,0,0.003,0.133,0.0,0.0,0.0,0,1,0,0,0,0,0,0,0.0,0.0,0.0,0,0,0,0,0,0,1,0.0,0,0,0.0,0,0,10,10,0,0,0,1.0,3,1.0,1,1,1.0,3,3,3,0,0,0,0,0,0,0,0,0.0,0,0,0,0,0,1,0,0,0,1,0,1,1.0,1,1,0,0,1,10,1
DFB-Pokal,1/16 FINALE,28.10.2025,Hertha,Elversberg,Casa,Hertha,Demme Diego,Centrocampista,Titolare,8.0,1,9,1,0,0,0,0.0,4,0,0,0,2,2,0,0.5,1,2,0.0,1,0,0.0,1,0,0.545,0.6,10,6,11,6,0,0,0.562,0.0,0.0,0.464,0.0,0,12,1,4,0,0,0,0,0.464,0.464,0.0,0,0,0,1,0,0,1,0.0,0,0,0.6,6,10,86,86,0,0,0,0.808,59,0.444,8,18,0.797,55,69,73,0,0,0,0,0,0,0,0,0.0,0,0,0,0,0,0,0,0,0,0,0,0,0.5,2,1,0,2,0,89,1
DFB-Pokal,1/16 FINALE,28.10.2025,Hertha,Elversberg,Casa,Hertha,Reese Fabian,Ala,Titolare,6.3,0,6,0,0,0,0,0.0,2,0,0,0,0,0,0,0.0,0,1,0.333,3,1,0.0,1,0,0.6,0.75,4,3,5,3,0,0,0.014,0.024,0.013,0.464,0.0,0,3,0,0,0,0,0,0,0.464,0.464,0.0,0,0,0,1,0,0,0,0.0,0,0,1.0,1,1,90,90,0,0,0,0.885,23,0.727,8,11,0.885,23,26,26,0,0,0,0,0,0,0,0,0.0,0,0,0,0,0,1,0,0,0,0,1,1,0.5,2,1,0,0,1,41,0
DFB-Pokal,1/16 FINALE,28.10.2025,Hertha,Elversberg,Casa,Hertha,Karbownik Michal,Terzino,Titolare,7.1,0,4,0,0,0,0,0.0,1,0,0,0,0,0,0,0.0,0,0,0.0,2,0,0.0,0,0,0.533,0.533,15,8,15,8,0,0,0.004,0.0,0.0,0.464,0.0,0,4,3,4,0,0,0,0,0.464,0.464,0.0,0,0,0,2,0,0,0,0.0,0,0,0.5,3,6,71,71,0,0,0,0.72,18,0.4,2,5,0.682,15,22,25,0,0,0,0,0,0,0,0,0.0,0,0,0,0,0,0,0,0,0,0,0,0,1.0,4,4,0,0,0,53,5
DFB-Pokal,1/16 FINALE,28.10.2025,Hertha,Elversberg,Casa,Hertha,Eichhorn Kennet,Centrocampista,Titolare,6.5,0,4,0,0,0,0,0.0,0,0,0,0,0,0,0,0.0,0,0,0.667,3,2,0.0,1,0,0.429,0.5,6,3,7,3,0,0,0.01,0.0,0.0,0.464,0.0,0,2,0,0,0,0,0,0,0.464,0.464,0.0,0,0,0,1,0,0,0,1.0,3,3,0.0,0,0,71,71,0,0,0,0.967,29,0.667,2,3,0.967,29,30,30,0,0,0,0,0,0,0,0,0.0,0,0,0,0,0,0,0,0,0,0,0,0,1.0,1,1,0,0,0,41,3
DFB-Pokal,1/16 FINALE,28.10.2025,Hertha,Elversberg,Casa,Hertha,Gechter Linus,Difensore centrale,Titolare,8.0,0,7,0,0,0,0,0.0,0,0,0,0,1,7,0,0.0,0,0,0.0,0,0,0.5,2,1,0.5,0.5,2,1,4,2,0,0,0.004,0.0,0.0,0.464,0.0,0,4,0,0,0,0,0,0,0.464,0.464,0.0,0,0,0,2,0,0,0,0.0,0,0,0.333,1,3,90,90,0,0,2,0.931,67,0.5,2,4,0.93,66,71,72,0,0,0,0,0,0,0,0,0.0,0,0,0,0,0,0,0,0,0,0,0,0,1.0,1,1,1,0,0,87,0
DFB-Pokal,1/16 FINALE,28.10.2025,Hertha,Elversberg,Casa,Hertha,Schuler Luca,Attaccante,Subentrato,,0,0,1,1,0,0,0.0,1,0,0,0,0,0,0,0.0,0,0,0.0,0,0,0.5,2,1,0.5,0.0,0,0,2,1,0,0,0.045,0.0,0.0,0.0,0.0,0,0,0,0,0,0,0,0,0.0,0.0,0.0,0,0,0,0,0,0,1,1.0,1,1,0.0,0,0,10,10,0,0,0,0.75,3,0.5,1,2,0.75,3,4,4,0,0,0,0,0,0,0,0,0.0,0,0,0,0,0,0,0,0,0,0,0,0,0.0,0,0,0,0,1,6,1
DFB-Pokal,1/16 FINALE,28.10.2025,Hertha,Elversberg,Casa,Hertha,Cuisance Michael,Centrocampista offensivo,Titolare,7.8,0,6,0,0,0,0,0.0,4,0,0,0,0,1,0,0.333,1,3,0.5,6,3,0.0,1,0,0.467,0.5,14,7,15,7,0,0,0.065,0.324,0.264,0.464,0.0,0,3,2,1,1,0,0,0,0.464,0.464,0.0,0,0,0,0,0,0,1,1.0,6,6,1.0,1,1,90,90,0,1,0,0.889,32,0.8,8,10,0.886,31,35,36,0,0,0,0,0,0,0,0,0.0,0,0,0,0,0,1,2,0,0,2,1,3,1.0,3,3,0,1,3,61,5
DFB-Pokal,1/16 FINALE,28.10.2025,Hertha,Elversberg,Casa,Hertha,Krattenmacher Maurice,Ala,Titolare,6.7,0,4,0,0,0,0,0.0,2,0,0,0,1,0,0,0.0,0,3,0.6,5,3,1.0,2,2,0.706,0.667,15,10,17,12,0,0,0.004,0.0,0.0,0.464,0.0,0,2,1,5,0,0,0,0,0.464,0.464,0.0,0,0,0,0,0,0,0,1.0,1,1,0.0,0,0,80,80,0,0,0,0.636,7,0.4,2,5,0.636,7,11,11,0,0,0,0,0,0,0,0,0.0,0,0,0,0,0,0,0,0,0,0,0,0,0.5,2,1,0,0,3,33,4
DFB-Pokal,1/16 FINALE,28.10.2025,Hertha,Elversberg,Casa,Hertha,Seguin Paul,Centrocampista,Subentrato,6.4,0,2,0,0,0,0,0.0,0,0,0,0,0,1,0,0.0,0,0,0.0,0,0,0.0,0,0,0.667,0.667,3,2,3,2,0,0,0.002,0.0,0.0,0.0,0.0,0,3,1,0,0,0,0,0,0.0,0.0,0.0,0,0,0,0,0,0,0,0.0,0,0,1.0,2,2,19,19,0,0,0,0.778,7,0.667,2,3,0.778,7,9,9,0,0,0,0,0,0,0,0,0.0,0,0,0,0,0,0,0,0,0,0,0,0,0.5,2,1,0,0,0,14,2
DFB-Pokal,1/16 FINALE,28.10.2025,Hertha,Elversberg,Casa,Hertha,Dardai Marton,Difensore centrale,Titolare,8.6,1,2,2,0,0,0,0.0,1,0,0,0,1,12,0,0.0,0,0,0.0,1,0,1.0,2,2,0.7,0.625,8,5,10,7,0,0,0.464,0.0,0.0,0.464,0.0,0,7,2,1,0,0,0,0,0.464,0.464,0.0,0,0,0,0,0,0,2,0.0,0,0,0.5,4,8,90,90,0,0,1,0.897,35,0.778,7,9,0.914,32,35,39,0,0,0,0,0,0,0,0,0.0,0,0,0,0,0,0,0,0,0,0,0,0,0.25,4,1,0,0,2,60,1
DFB-Pokal,1/16 FINALE,28.10.2025,Hertha,Elversberg,Casa,Hertha,Ernst Tjark,Portiere,Titolare,7.4,0,6,0,0,0,0,0.0,0,0,0,0,0,0,0,0.0,0,0,0.0,0,0,0.0,0,0,0.0,0.0,0,0,0,0,0,0,0.001,0.0,0.0,0.464,0.0,0,4,0,0,0,0,0,0,0.464,0.464,0.0,0,0,0,0,0,2,0,0.0,0,0,0.438,7,16,90,90,0,0,0,0.735,25,0.5,2,4,0.905,19,21,34,0,0,0,0,0,0,0,0,0.0,0,0,0,3,0,0,0,3,0,0,0,0,0.0,0,0,0,0,0,39,0
DFB-Pokal,1/16 FINALE,28.10.2025,Hertha,Elversberg,Casa,Hertha,Eitschberger Julian,Terzino,Titolare,7.1,0,0,0,0,0,0,0.0,3,0,0,0,1,4,0,0.0,0,3,0.5,2,1,0.0,0,0,0.778,0.778,9,7,9,7,0,0,0.011,0.0,0.0,0.464,0.0,0,9,1,1,0,0,0,0,0.464,0.464,0.0,0,0,0,1,0,0,0,0.0,0,0,0.0,0,3,90,90,0,0,0,0.735,25,0.462,6,13,0.735,25,34,34,0,0,0,0,0,0,0,0,0.0,0,0,0,0,0,0,0,0,0,0,0,0,0.4,5,2,0,1,0,65,1
DFB-Pokal,1/16 FINALE,28.10.2025,Hertha,Elversberg,Casa,Hertha,Thorsteinsson Jon,Attaccante,Subentrato,,0,0,0,0,0,0,0.0,0,0,0,0,0,0,0,0.0,0,0,1.0,1,1,0.0,0,0,1.0,1.0,2,2,2,2,0,0,0.005,0.788,0.956,0.0,0.0,0,1,0,1,1,0,0,1,0.0,0.0,0.0,0,0,0,0,0,0,0,0.0,0,0,0.0,0,0,4,4,0,0,0,1.0,1,1.0,1,1,1.0,1,1,1,0,0,0,1,0,0,0,0,0.0,0,0,0,0,0,1,0,0,0,0,1,1,0.0,0,0,0,0,2,4,0
DFB-Pokal,1/16 FINALE,28.10.2025,Hertha,Elversberg,Ospite,Elversberg,Conde Amara,Centrocampista,Titolare,6.7,0,7,0,0,0,0,0.0,4,0,1,0,4,0,0,0.0,0,0,0.0,0,0,0.8,5,4,0.643,0.556,9,5,14,9,0,0,0.054,0.021,0.0,2.202,0.0,0,3,0,1,0,3,0,0,-0.798,-0.754,0.0,0,0,0,0,0,0,0,1.0,1,1,0.5,1,2,90,90,0,0,0,0.953,41,0.857,12,14,0.953,41,43,43,0,0,0,0,0,0,0,0,0.0,0,0,0,0,1,0,1,3,0,0,0,1,0.75,4,3,0,0,0,56,4
DFB-Pokal,1/16 FINALE,28.10.2025,Hertha,Elversberg,Ospite,Elversberg,Zimmerschied Tom,Ala,Titolare,6.4,0,1,0,0,0,0,0.0,5,0,0,0,0,0,0,0.25,1,4,0.0,1,0,0.0,0,0,0.0,0.0,2,0,2,0,0,0,0.053,0.04,0.031,1.246,0.0,0,3,0,0,0,2,0,0,-0.754,-0.754,0.0,0,0,0,0,0,0,2,1.0,3,3,0.0,0,0,71,71,0,0,0,0.818,18,0.727,8,11,0.81,17,21,22,0,0,0,0,0,0,0,0,0.0,0,0,0,0,0,1,0,2,0,0,1,1,0.0,0,0,0,0,1,34,4
DFB-Pokal,1/16 FINALE,28.10.2025,Hertha,Elversberg,Ospite,Elversberg,Rohr Maximilian,Difensore centrale,Titolare,6.1,0,4,0,1,0,0,0.0,0,0,0,0,0,3,0,0.0,0,0,0.0,0,0,0.0,0,0,0.75,0.75,4,3,4,3,0,0,0.011,0.02,0.0,1.246,0.0,0,5,1,0,0,2,0,0,-0.754,-0.754,0.0,0,0,0,0,0,0,0,0.0,0,0,0.75,3,4,83,83,0,0,0,0.896,60,0.714,5,7,0.905,57,63,67,0,0,0,0,0,0,0,0,0.0,0,0,0,0,0,1,0,2,0,1,0,1,1.0,3,3,0,0,1,78,1
DFB-Pokal,1/16 FINALE,28.10.2025,Hertha,Elversberg,Ospite,Elversberg,Gyamerah Jan,Terzino,Titolare,6.9,0,6,0,0,0,0,0.0,0,0,1,0,2,1,0,0.0,0,0,0.0,0,0,0.0,1,0,0.444,0.5,8,4,9,4,0,0,0.004,0.0,0.0,0.264,0.0,0,3,2,0,0,1,0,0,-0.736,-0.736,0.0,0,0,0,2,0,0,0,0.0,0,0,0.0,0,3,54,54,0,0,0,0.8,24,0.75,3,4,0.778,21,27,30,0,0,0,0,0,0,0,0,0.0,0,0,0,0,0,0,0,1,0,0,0,0,0.75,4,3,0,0,0,51,2
DFB-Pokal,1/16 FINALE,28.10.2025,Hertha,Elversberg,Ospite,Elversberg,Poreba Lukasz,Centrocampista,Titolare,7.0,0,4,0,0,0,0,0.0,1,0,0,0,0,1,0,0.0,0,0,0.0,1,0,1.0,2,2,0.8,0.667,3,2,5,4,0,0,0.03,0.0,0.0,2.202,0.0,0,10,0,1,0,3,0,0,-0.798,-0.754,0.0,0,0,0,3,0,0,1,1.0,3,3,0.5,3,6,90,90,0,0,0,0.895,51,0.813,13,16,0.893,50,56,57,0,0,0,0,0,0,0,0,0.0,0,0,0,0,0,0,0,3,0,0,0,0,0.0,1,0,0,1,0,65,0
DFB-Pokal,1/16 FINALE,28.10.2025,Hertha,Elversberg,Ospite,Elversberg,Kristof Nicolas,Portiere,Titolare,5.7,0,6,0,0,0,0,0.0,0,0,0,0,0,0,0,0.0,0,0,0.0,0,0,0.0,0,0,0.0,0.0,0,0,0,0,0,0,0.001,0.0,0.0,2.202,0.0,0,1,0,0,0,3,0,0,-0.798,-0.754,1.0,1,1,0,0,0,5,0,0.0,0,0,0.5,4,8,90,90,0,0,0,0.913,42,1.0,1,1,0.895,34,38,46,0,0,0,0,0,0,0,0,0.0,0,0,0,1,0,0,0,4,0,0,0,0,0.0,0,0,0,0,0,53,0
DFB-Pokal,1/16 FINALE,28.10.2025,Hertha,Elversberg,Ospite,Elversberg,Malanga Jarzinho,Centrocampista,Subentrato,6.5,0,2,0,0,0,0,0.0,1,0,0,0,0,0,0,0.0,0,0,0.0,1,0,0.0,0,0,0.0,0.0,2,0,2,0,0,0,0.026,0.0,0.0,0.956,0.0,0,2,1,0,0,1,0,0,-0.044,0.0,0.0,0,0,0,0,0,0,0,0.0,0,0,0.0,0,0,19,19,0,0,0,0.818,9,0.667,4,6,0.818,9,11,11,0,0,0,0,0,0,0,0,0.0,0,0,0,0,0,0,0,1,0,0,0,0,0.0,0,0,0,0,1,14,1
DFB-Pokal,1/16 FINALE,28.10.2025,Hertha,Elversberg,Ospite,Elversberg,Mickelson Nicholas,Terzino,Titolare,5.8,0,4,0,0,1,0,0.0,0,0,0,0,1,5,0,0.0,0,2,0.4,5,2,0.0,1,0,0.231,0.25,12,3,13,3,0,0,0.026,0.0,0.0,2.202,0.0,0,7,3,1,0,3,0,0,-0.798,-0.754,0.0,0,0,0,0,0,0,0,0.0,0,0,0.0,0,1,90,90,0,0,1,0.95,38,1.0,14,14,0.949,37,39,40,0,0,0,0,0,0,0,0,0.0,0,0,0,0,0,0,0,3,0,0,0,0,0.0,0,0,0,0,1,69,3
DFB-Pokal,1/16 FINALE,28.10.2025,Hertha,Elversberg,Ospite,Elversberg,Keidel Felix,Centrocampista,Subentrato,6.3,0,1,1,0,0,0,0.0,7,0,0,0,0,0,0,0.4,2,5,0.0,1,0,0.0,0,0,0.0,0.0,3,0,3,0,0,0,0.12,0.0,0.0,1.938,0.0,0,2,2,0,0,2,0,0,-0.062,-0.018,0.0,0,0,0,0,0,0,2,1.0,1,1,0.0,0,0,36,36,0,0,0,0.917,11,0.75,3,4,0.917,11,12,12,0,0,0,0,0,0,0,0,0.0,0,0,0,0,0,0,0,2,0,0,0,0,0.0,0,0,0,0,0,20,0
DFB-Pokal,1/16 FINALE,28.10.2025,Hertha,Elversberg,Ospite,Elversberg,Stange Otto,Ala,Titolare,5.7,0,3,0,0,0,0,0.0,0,0,0,0,1,0,0,0.0,0,0,0.0,5,0,1.0,1,1,0.364,0.333,21,7,22,8,0,0,0.008,0.03,0.0,0.264,0.0,0,0,3,3,0,1,0,0,-0.736,-0.736,0.0,0,0,0,0,0,0,0,0.0,0,1,0.0,0,0,54,54,0,0,0,0.556,5,0.6,3,5,0.556,5,9,9,0,0,0,0,0,0,0,0,0.0,0,0,0,0,1,0,1,1,0,0,0,1,0.5,4,2,0,0,1,34,8
DFB-Pokal,1/16 FINALE,28.10.2025,Hertha,Elversberg,Ospite,Elversberg,Pinckert Lukas,Difensore centrale,Titolare,4.6,0,7,0,0,0,0,0.0,1,1,1,0,2,5,0,0.0,0,0,0.0,0,0,0.0,7,0,0.267,0.5,8,4,15,4,0,0,0.014,0.0,0.0,1.246,0.0,0,7,2,2,0,2,0,0,-0.754,-0.754,0.0,0,0,0,0,0,0,1,0.0,0,0,0.5,5,10,90,90,0,1,0,0.857,66,0.6,6,10,0.855,65,76,77,1,0,0,0,0,0,0,0,0.0,0,0,0,0,0,0,0,2,0,0,0,0,0.5,2,1,1,0,0,89,0
DFB-Pokal,1/16 FINALE,28.10.2025,Hertha,Elversberg,Ospite,Elversberg,Le Joncour Florian,Difensore,Subentrato,,0,0,0,1,0,0,0.0,0,0,0,0,0,0,0,0.0,0,0,0.0,0,0,0.0,0,0,0.0,0.0,0,0,0,0,0,0,0.0,0.101,0.0,0.956,0.0,0,0,0,0,0,1,0,0,-0.044,0.0,0.0,0,0,0,0,0,0,0,0.0,0,0,0.0,0,0,7,7,0,0,0,1.0,4,0.0,0,0,1.0,4,4,4,0,0,0,0,0,0,0,0,0.0,0,0,0,0,0,1,0,1,1,1,0,1,0.0,0,0,0,0,1,6,0
DFB-Pokal,1/16 FINALE,28.10.2025,Hertha,Elversberg,Ospite,Elversberg,Petkov Lukas,Attaccante,Subentrato,6.1,0,3,0,0,0,0,0.0,2,0,0,0,2,0,0,0.0,0,2,0.333,3,1,0.0,0,0,0.333,0.333,6,2,6,2,0,0,0.007,0.053,0.0,1.938,0.0,0,3,0,1,0,2,0,0,-0.062,-0.018,0.0,0,0,0,0,0,0,0,0.0,0,0,0.667,2,3,36,36,0,0,0,0.636,7,0.6,3,5,0.636,7,11,11,0,0,0,0,0,0,0,0,0.0,0,0,0,0,1,0,1,2,0,0,0,1,0.0,0,0,0,0,1,24,1
DFB-Pokal,1/16 FINALE,28.10.2025,Hertha,Elversberg,Ospite,Elversberg,Conte Bambase,Centrocampista offensivo,Titolare,7.1,0,6,1,0,0,0,0.0,5,0,0,0,1,0,0,0.0,0,1,0.8,5,4,0.5,4,2,0.5,0.5,16,8,20,10,0,0,0.134,0.051,0.0,2.202,0.0,0,3,3,2,0,3,0,0,-0.798,-0.754,0.0,0,0,0,0,0,0,3,1.0,1,1,0.0,0,0,90,90,0,1,0,0.767,23,0.737,14,19,0.75,21,28,30,0,0,0,0,0,0,0,0,0.0,0,0,0,0,0,2,0,3,1,2,0,2,0.5,2,1,0,1,8,57,8
DFB-Pokal,1/16 FINALE,28.10.2025,Hertha,Elversberg,Ospite,Elversberg,Ebnoutalib Younes,Attaccante,Titolare,5.8,0,0,0,0,0,0,0.0,0,0,0,0,0,0,0,0.0,0,0,0.0,0,0,0.5,2,1,0.333,0.0,1,0,3,1,0,0,0.009,0.089,0.434,1.246,0.0,0,0,0,0,0,2,0,0,-0.754,-0.754,0.0,0,0,0,0,0,0,0,0.0,0,0,0.0,0,0,71,71,0,0,0,0.833,5,1.0,3,3,0.75,3,4,6,0,0,0,0,0,0,0,0,0.0,0,0,0,0,0,2,0,2,1,1,1,2,0.0,0,0,0,0,2,12,3
DFB-Pokal,1/16 FINALE,28.10.2025,Hertha,Elversberg,Ospite,Elversberg,Schnellbacher Luca,Attaccante,Subentrato,6.2,0,0,0,1,0,0,0.0,0,0,0,0,0,0,0,0.0,0,0,0.0,0,0,1.0,1,1,1.0,0.0,0,0,1,1,0,0,0.0,0.189,0.0,0.956,0.0,0,0,0,0,0,1,0,0,-0.044,0.0,0.0,0,0,0,0,0,0,0,0.5,1,2,0.0,0,0,19,19,0,0,0,0.333,1,0.0,0,2,0.333,1,3,3,0,0,0,0,0,0,0,0,0.0,0,0,0,0,0,1,0,1,0,1,0,1,0.0,0,0,0,0,1,4,0
DFB-Pokal,1/16 FINALE,28.10.2025,Wolfsburg,Kiel,Ospite,Kiel,Bernhardsson Alexander,Centrocampista offensivo,Titolare,8.2,0,5,0,0,0,0,0.0,3,0,0,0,0,2,0,0.5,1,2,0.5,6,3,0.5,2,1,0.4,0.375,8,3,10,4,0,0,0.607,0.876,0.759,0.029,0.0,0,3,1,0,1,0,0,1,0.029,0.029,0.0,0,0,0,0,0,0,3,0.5,1,2,0.0,0,1,78,78,0,0,1,0.769,20,0.75,9,12,0.769,20,26,26,0,0,0,0,0,0,0,0,0.0,0,0,0,0,2,2,1,0,0,0,1,3,0.0,0,0,0,0,8,44,3
DFB-Pokal,1/16 FINALE,28.10.2025,Wolfsburg,Kiel,Casa,Wolfsburg,Daghim Adam,Attaccante,Subentrato,6.7,0,3,0,0,0,0,0.0,3,0,0,0,2,1,0,1.0,1,1,0.5,2,1,0.5,2,1,0.4,0.375,8,3,10,4,0,0,0.342,0.072,0.0,0.138,0.0,0,1,0,2,0,0,0,0,0.138,0.138,0.0,0,0,0,0,0,0,0,0.0,0,0,0.0,0,2,45,45,0,0,0,0.5,8,0.333,3,9,0.5,8,16,16,0,0,0,0,0,0,0,0,0.0,0,0,0,0,1,1,1,0,1,1,0,2,0.0,0,0,0,0,5,29,2
DFB-Pokal,1/16 FINALE,28.10.2025,Wolfsburg,Kiel,Ospite,Kiel,Zec David,Difensore centrale,Titolare,6.1,0,3,0,0,0,0,0.0,0,0,1,0,1,1,0,0.0,0,0,0.0,0,0,0.5,2,1,0.2,0.0,3,0,5,1,0,0,0.041,0.019,0.009,0.072,0.0,0,1,1,0,0,0,0,0,0.072,0.072,0.0,0,0,0,0,0,0,1,0.0,0,0,0.5,2,4,90,90,0,0,0,0.833,35,0.75,3,4,0.829,34,41,42,0,0,0,0,0,0,0,0,0.0,0,0,0,0,0,0,1,0,0,0,1,1,0.0,0,0,0,0,1,50,3
DFB-Pokal,1/16 FINALE,28.10.2025,Wolfsburg,Kiel,Ospite,Kiel,Tolkin John,Esterno,Titolare,7.3,0,2,0,0,0,0,0.0,10,0,0,0,2,2,0,0.3,3,10,1.0,1,1,0.5,2,1,0.571,0.6,5,3,7,4,0,0,0.766,0.03,0.0,0.072,0.0,0,4,0,2,0,0,0,0,0.072,0.072,0.0,0,0,0,0,0,0,1,0.0,0,0,0.2,1,5,90,90,0,1,0,0.792,38,0.636,7,11,0.8,36,45,48,0,0,0,0,0,0,0,0,0.0,0,0,0,0,1,0,1,0,0,0,0,1,0.0,0,0,0,0,3,75,1
DFB-Pokal,1/16 FINALE,28.10.2025,Wolfsburg,Kiel,Ospite,Kiel,Komenda Marco,Difensore centrale,Titolare,7.2,0,3,1,0,0,0,0.0,2,0,1,0,1,1,0,0.0,0,0,0.0,0,0,0.333,3,1,0.5,0.6,5,3,8,4,0,0,0.222,0.125,0.0,0.072,0.0,0,9,1,1,0,0,0,0,0.072,0.072,0.0,0,0,0,1,0,0,1,0.0,0,0,0.444,4,9,90,90,0,0,0,0.837,72,0.846,11,13,0.831,69,83,86,0,0,0,0,0,0,0,0,0.0,0,0,0,0,0,1,0,0,0,1,0,1,0.5,2,1,0,1,1,95,0
DFB-Pokal,1/16 FINALE,28.10.2025,Wolfsburg,Kiel,Casa,Wolfsburg,Skov Olsen Andreas,Ala,Titolare,6.1,0,1,0,0,0,0,0.0,0,0,0,0,0,0,0,0.0,0,0,0.0,0,0,0.0,1,0,0.0,0.0,0,0,1,0,0,0,0.009,0.0,0.0,0.768,0.0,0,0,0,0,0,1,0,0,-0.232,0.009,0.0,0,0,0,0,0,0,0,1.0,1,1,1.0,1,1,45,45,0,0,0,0.813,13,0.857,6,7,0.813,13,16,16,0,0,0,0,0,0,0,0,0.0,0,0,0,0,0,0,0,1,0,0,0,0,0.0,0,0,0,0,0,18,0
DFB-Pokal,1/16 FINALE,28.10.2025,Wolfsburg,Kiel,Casa,Wolfsburg,Koulierakis Konstantinos,Difensore centrale,Titolare,6.8,0,6,0,1,0,0,0.0,2,0,0,0,0,3,0,0.0,0,0,0.0,0,0,1.0,3,3,1.0,1.0,4,4,7,7,0,0,0.006,0.259,0.0,0.905,0.0,0,5,0,0,0,1,0,0,-0.095,0.146,0.0,0,0,0,3,0,0,0,0.0,0,0,0.222,2,9,90,90,0,0,0,0.844,54,0.333,2,6,0.828,48,58,64,0,0,0,0,0,0,0,0,0.0,0,0,0,0,0,1,0,1,1,1,0,1,0.5,4,2,0,0,2,78,1
DFB-Pokal,1/16 FINALE,28.10.2025,Wolfsburg,Kiel,Ospite,Kiel,Ivezic Marko,Difensore,Subentrato,,0,0,0,0,0,0,0.0,0,0,0,0,0,0,0,0.0,0,0,0.0,0,0,0.0,0,0,0.0,0.0,0,0,0,0,0,0,0.0,0.0,0.0,0.044,0.0,0,0,0,0,0,0,0,0,0.044,0.044,0.0,0,0,0,0,0,0,0,0.0,0,0,0.0,0,0,1,1,0,0,0,0.0,0,0.0,0,0,0.0,0,0,0,0,0,0,0,0,0,0,0,0.0,0,0,0,0,0,0,0,0,0,0,0,0,0.0,0,0,0,0,0,1,0
DFB-Pokal,1/16 FINALE,28.10.2025,Wolfsburg,Kiel,Casa,Wolfsburg,Maehle Joakim,Difensore,Subentrato,6.6,0,4,0,0,0,0,0.0,0,0,0,0,0,1,0,0.0,0,0,0.0,1,0,0.0,1,0,0.333,0.5,2,1,3,1,0,0,0.011,0.0,0.0,0.138,0.0,0,1,0,0,0,0,0,0,0.138,0.138,0.0,0,0,0,0,0,0,1,0.0,0,0,1.0,1,1,17,17,0,0,0,0.8,8,1.0,4,4,0.8,8,10,10,0,0,0,0,0,0,0,0,0.0,0,0,0,0,0,0,0,0,0,0,0,0,1.0,1,1,0,0,1,18,1
DFB-Pokal,1/16 FINALE,28.10.2025,Wolfsburg,Kiel,Casa,Wolfsburg,Dardai Bence,Centrocampista,Subentrato,,0,0,0,0,0,0,0.0,0,0,0,0,0,1,0,0.0,0,0,0.0,0,0,1.0,1,1,1.0,0.0,0,0,1,1,0,0,0.001,0.0,0.0,0.0,0.0,0,0,0,0,0,0,0,0,0.0,0.0,0.0,0,0,0,0,0,0,0,0.0,0,0,0.0,0,0,1,1,0,0,0,1.0,7,0.0,0,0,1.0,7,7,7,0,0,0,0,0,0,0,0,0.0,0,0,0,0,0,0,0,0,0,0,0,0,0.0,0,0,0,0,0,8,0
DFB-Pokal,1/16 FINALE,28.10.2025,Wolfsburg,Kiel,Ospite,Kiel,Kapralik Adrian,Attaccante,Titolare,7.1,0,1,0,0,0,0,0.0,3,0,0,0,0,0,0,0.0,0,1,0.4,5,2,0.5,2,1,0.563,0.571,14,8,16,9,0,0,0.015,0.06,0.0,0.029,0.0,0,1,0,5,0,0,0,0,0.029,0.029,0.0,0,0,0,1,0,0,0,0.0,0,0,0.0,0,0,63,63,0,0,0,0.75,3,0.667,2,3,0.667,2,3,4,0,0,0,1,0,0,0,0,0.0,0,0,0,0,0,1,0,0,0,1,0,1,0.0,1,0,0,0,5,25,6
DFB-Pokal,1/16 FINALE,28.10.2025,Wolfsburg,Kiel,Ospite,Kiel,Koster Louis,Attaccante,Subentrato,6.4,0,1,0,0,0,0,0.0,1,0,0,0,0,0,0,0.0,0,1,0.0,0,0,0.5,2,1,0.5,0.0,0,0,2,1,0,0,0.001,0.0,0.0,0.044,0.0,0,0,0,0,0,0,0,0,0.044,0.044,0.0,0,0,0,0,0,0,0,0.0,0,0,0.0,0,0,12,12,0,0,0,0.6,3,0.0,0,0,0.6,3,5,5,0,0,0,0,0,0,0,0,0.0,0,0,0,0,0,0,0,0,0,0,0,0,0.0,0,0,0,0,0,8,0
DFB-Pokal,1/16 FINALE,28.10.2025,Wolfsburg,Kiel,Ospite,Kiel,Therkelsen Jonas,Centrocampista offensivo,Titolare,6.7,0,4,0,0,0,0,0.0,3,0,0,0,0,1,0,0.0,0,2,0.0,0,0,0.0,2,0,0.556,0.714,7,5,9,5,0,0,0.048,0.309,0.0,0.072,0.0,0,4,1,2,0,0,0,0,0.072,0.072,0.0,0,0,0,0,0,0,0,0.0,0,0,0.0,0,1,90,90,0,0,0,0.87,20,0.786,11,14,0.87,20,23,23,0,0,0,0,0,0,0,0,0.0,0,0,0,0,0,2,0,0,1,2,0,2,0.667,3,2,0,1,6,38,3
DFB-Pokal,1/16 FINALE,28.10.2025,Wolfsburg,Kiel,Ospite,Kiel,Knudsen Magnus,Centrocampista,Titolare,6.2,0,2,0,0,0,0,0.0,1,0,0,0,2,0,0,0.0,0,0,0.5,2,1,0.0,0,0,0.333,0.333,12,4,12,4,0,0,0.015,0.0,0.0,0.029,0.0,0,2,3,1,0,0,0,0,0.029,0.029,0.0,0,0,0,1,0,0,1,0.0,0,0,0.0,0,0,89,89,0,0,1,0.936,44,0.667,4,6,0.935,43,46,47,0,0,0,0,0,0,0,0,0.0,0,0,0,0,0,0,0,0,0,0,0,0,0.5,2,1,0,1,0,58,2
DFB-Pokal,1/16 FINALE,28.10.2025,Wolfsburg,Kiel,Ospite,Kiel,Rosenboom Lasse,Esterno,Titolare,6.9,0,3,0,0,0,0,0.0,4,0,0,0,0,1,0,0.333,1,3,0.0,0,0,0.667,3,2,0.5,0.333,3,1,6,3,0,0,0.022,0.217,0.0,0.029,0.0,0,2,2,1,0,0,0,0,0.029,0.029,0.0,0,0,0,0,0,0,1,1.0,1,1,1.0,1,1,63,63,0,0,0,0.938,15,0.857,6,7,0.938,15,16,16,0,0,0,0,0,0,0,0,0.0,0,0,0,0,0,3,0,0,1,3,0,3,0.0,0,0,0,0,4,33,2
DFB-Pokal,1/16 FINALE,28.10.2025,Wolfsburg,Kiel,Casa,Wolfsburg,Amoura Mohamed,Ala,Titolare,7.0,0,1,1,0,0,0,0.0,1,0,1,0,0,0,0,0.0,0,1,0.0,1,0,0.0,3,0,0.467,0.583,12,7,15,7,0,0,0.35,0.116,0.0,0.905,0.0,0,1,3,3,0,1,0,0,-0.095,0.146,0.0,0,0,0,0,0,0,3,0.0,0,2,0.5,1,2,90,90,0,4,0,0.75,18,0.813,13,16,0.739,17,23,24,0,0,0,0,0,0,0,0,0.0,0,0,0,0,1,1,1,1,0,1,0,2,1.0,4,4,0,0,6,41,5
DFB-Pokal,1/16 FINALE,28.10.2025,Wolfsburg,Kiel,Casa,Wolfsburg,Muller Marius,Portiere,Titolare,6.8,0,8,0,0,1,0,0.0,0,0,1,0,0,2,0,0.0,0,0,0.0,0,0,0.0,0,0,0.0,0.0,0,0,0,0,0,0,0.002,0.0,0.0,0.905,0.0,0,4,0,0,0,1,0,0,-0.095,0.146,0.0,0,0,0,0,1,4,0,0.0,0,0,0.714,10,14,90,90,0,0,0,0.892,33,0.75,3,4,1.0,29,29,37,0,0,0,0,0,0,0,0,0.0,0,0,0,2,0,0,0,3,0,0,0,0,0.0,0,0,0,0,0,46,0
DFB-Pokal,1/16 FINALE,28.10.2025,Wolfsburg,Kiel,Casa,Wolfsburg,Pejcinovic Dzenan,Attaccante,Titolare,6.7,0,1,0,0,0,0,0.0,0,0,0,0,0,2,0,0.0,0,0,1.0,1,1,0.571,7,4,0.625,1.0,1,1,8,5,0,0,0.043,0.095,0.0,0.768,0.0,0,4,0,0,0,1,0,0,-0.232,0.009,0.0,0,0,0,0,0,0,1,1.0,1,1,1.0,3,3,45,45,0,0,0,0.75,12,0.857,6,7,0.733,11,15,16,0,0,0,0,0,0,0,0,0.0,0,0,0,0,0,2,0,1,1,2,0,2,0.0,0,0,0,0,3,23,1
DFB-Pokal,1/16 FINALE,28.10.2025,Wolfsburg,Kiel,Casa,Wolfsburg,Arnold Maximilian,Centrocampista,Titolare,7.5,0,5,0,0,0,0,0.0,7,0,0,0,2,5,0,0.5,2,4,0.0,0,0,0.6,5,3,0.5,0.4,5,2,10,5,0,0,0.228,0.069,0.0,0.905,0.0,0,14,0,2,0,1,0,0,-0.095,0.146,0.0,0,0,0,2,0,0,3,1.0,1,1,0.5,5,10,90,90,0,0,2,0.825,47,0.682,15,22,0.836,46,55,57,0,0,0,0,0,0,0,0,0.0,0,0,0,0,2,0,3,1,0,1,0,3,0.0,0,0,0,0,0,80,1
DFB-Pokal,1/16 FINALE,28.10.2025,Wolfsburg,Kiel,Casa,Wolfsburg,Vini Souza,Centrocampista,Titolare,5.5,0,1,0,0,0,0,0.0,0,0,1,0,0,2,0,0.0,0,0,0.0,0,0,1.0,1,1,0.571,0.5,6,3,7,4,0,0,0.011,0.0,0.0,0.905,0.0,0,2,3,0,0,1,0,0,-0.095,0.146,0.0,0,0,0,0,0,0,0,1.0,1,1,1.0,1,1,89,89,0,0,1,0.897,26,0.75,3,4,0.893,25,28,29,1,0,0,0,0,0,0,0,0.0,0,0,0,0,0,0,0,1,0,0,0,0,0.667,3,2,0,0,0,36,0
DFB-Pokal,1/16 FINALE,28.10.2025,Wolfsburg,Kiel,Casa,Wolfsburg,Kumbedi Sael,Terzino,Titolare,6.4,0,1,0,0,0,0,0.0,3,0,0,0,2,1,0,0.0,0,2,0.667,3,2,0.0,0,0,0.417,0.417,12,5,12,5,0,0,0.034,0.026,0.029,0.905,0.0,0,8,3,2,0,1,0,0,-0.095,0.146,0.0,0,0,0,2,0,0,0,1.0,1,1,0.25,1,4,90,90,0,0,0,0.896,43,0.833,10,12,0.894,42,47,48,0,0,0,0,0,0,0,0,0.0,0,0,0,0,0,0,1,1,0,0,1,1,0.0,1,0,0,0,0,76,2
DFB-Pokal,1/16 FINALE,28.10.2025,Wolfsburg,Kiel,Casa,Wolfsburg,Wimmer Patrick,Centrocampista,Subentrato,6.6,0,3,0,0,0,0,0.0,2,0,1,0,1,0,0,0.0,0,0,1.0,1,1,0.75,4,3,0.6,0.545,11,6,15,9,0,0,0.068,0.104,0.044,0.138,0.0,0,4,3,3,0,0,0,0,0.138,0.138,0.0,0,0,0,0,0,0,0,1.0,1,1,0.0,0,0,45,45,0,0,0,0.684,13,0.5,5,10,0.684,13,19,19,0,0,0,0,0,0,0,0,0.0,0,0,0,0,0,0,2,0,0,1,1,2,0.667,3,2,0,0,2,33,1
DFB-Pokal,1/16 FINALE,28.10.2025,Wolfsburg,Kiel,Casa,Wolfsburg,Eriksen Christian,Centrocampista offensivo,Titolare,6.9,0,2,0,0,0,0,0.0,4,0,0,0,0,1,0,0.25,1,4,0.5,2,1,1.0,1,1,0.5,0.4,5,2,6,3,0,0,0.042,0.014,0.0,0.905,0.0,0,8,0,1,0,1,0,0,-0.095,0.146,0.0,0,0,0,0,0,0,3,1.0,3,3,0.714,5,7,90,90,0,0,0,0.873,48,0.706,12,17,0.87,47,54,55,0,0,0,0,0,0,0,0,0.0,0,0,0,0,0,0,1,1,0,1,0,1,0.0,0,0,0,0,1,68,3
DFB-Pokal,1/16 FINALE,28.10.2025,Wolfsburg,Kiel,Ospite,Kiel,Wagner Robert,Centrocampista,Subentrato,6.3,0,3,0,0,0,0,0.0,0,0,0,0,0,0,0,0.0,0,0,0.0,0,0,1.0,1,1,1.0,1.0,2,2,3,3,0,1,0.002,0.0,0.0,0.044,0.0,0,2,0,0,0,0,0,0,0.044,0.044,0.0,0,0,0,0,0,0,0,0.0,0,0,1.0,1,1,12,12,0,0,0,0.857,6,1.0,2,2,0.833,5,6,7,0,0,0,0,0,0,0,0,0.0,0,0,0,0,0,0,0,0,0,0,0,0,1.0,2,2,0,0,0,10,0
DFB-Pokal,1/16 FINALE,28.10.2025,Wolfsburg,Kiel,Ospite,Kiel,Schwab Stefan,Centrocampista,Titolare,6.8,0,8,0,0,0,0,0.0,0,0,0,0,1,1,0,0.0,0,0,1.0,1,1,0.5,4,2,0.5,0.5,8,4,12,6,0,0,0.021,0.0,0.0,0.029,0.0,0,3,2,1,0,0,0,0,0.029,0.029,0.0,0,0,0,1,0,0,1,1.0,1,1,0.5,1,2,78,78,0,0,0,0.872,41,0.75,6,8,0.864,38,44,47,0,0,0,0,0,0,0,0,0.0,0,0,0,0,0,0,0,0,0,0,0,0,0.5,2,1,0,0,0,56,2
DFB-Pokal,1/16 FINALE,28.10.2025,Wolfsburg,Kiel,Casa,Wolfsburg,Zehnter Aaron,Terzino,Titolare,6.3,0,4,0,0,0,0,0.0,1,0,1,0,1,2,0,0.0,0,1,0.0,0,0,0.0,2,0,0.2,0.333,3,1,5,1,0,0,0.011,0.0,0.0,0.768,0.0,0,6,1,0,0,1,0,0,-0.232,0.009,0.0,0,0,0,1,0,0,0,0.0,0,0,0.5,3,6,73,73,0,0,0,0.9,36,0.8,8,10,0.897,35,39,40,0,0,0,0,0,0,0,0,0.0,0,0,0,0,0,0,0,1,0,0,0,0,1.0,1,1,0,0,0,51,3
DFB-Pokal,1/16 FINALE,28.10.2025,Wolfsburg,Kiel,Casa,Wolfsburg,Seelt Jenson,Difensore centrale,Titolare,4.5,0,2,0,0,0,0,0.0,0,1,0,1,0,1,0,0.0,0,0,1.0,1,1,1.0,1,1,0.6,0.5,4,2,5,3,0,0,0.011,0.0,0.0,0.009,0.0,0,3,2,0,0,0,0,0,0.009,0.009,0.0,0,0,0,0,0,0,0,0.0,0,0,0.8,4,5,36,36,0,0,0,0.875,21,0.667,2,3,0.875,21,24,24,0,0,0,0,0,0,0,0,0.0,0,0,0,0,0,0,0,0,0,0,0,0,1.0,1,1,0,0,0,29,1
DFB-Pokal,1/16 FINALE,28.10.2025,Wolfsburg,Kiel,Ospite,Kiel,Weiner Timon,Portiere,Titolare,7.1,0,7,0,0,0,0,0.0,0,0,0,0,0,2,0,0.0,0,0,0.0,0,0,1.0,1,1,1.0,0.0,0,0,1,1,0,0,0.002,0.0,0.0,0.072,0.0,0,4,0,0,0,0,0,0,0.072,0.072,1.0,1,1,0,0,0,4,0,0.0,0,0,0.692,9,13,90,90,0,0,0,0.871,27,0.5,2,4,0.889,16,18,31,0,0,0,0,0,0,0,0,0.0,0,0,0,2,0,0,0,2,0,0,0,0,0.0,0,0,0,0,0,40,0
DFB-Pokal,1/16 FINALE,28.10.2025,Wolfsburg,Kiel,Ospite,Kiel,Johansson Carl,Difensore centrale,Titolare,6.9,0,2,0,0,0,0,0.0,0,0,1,0,0,5,0,0.0,0,0,0.0,0,0,0.5,2,1,0.4,0.333,3,1,5,2,0,0,0.004,0.0,0.0,0.072,0.0,0,0,1,1,0,0,0,0,0.072,0.072,0.0,0,0,0,1,0,0,0,0.0,0,0,0.0,0,0,90,90,0,0,1,0.979,46,1.0,1,1,0.979,46,47,47,0,0,0,0,0,0,0,0,0.0,0,0,0,0,0,0,0,0,0,0,0,0,0.0,0,0,0,0,0,57,1
DFB-Pokal,1/16 FINALE,28.10.2025,Wolfsburg,Kiel,Ospite,Kiel,Nekic Ivan,Difensore,Subentrato,6.7,0,1,0,0,0,0,0.0,1,0,0,0,0,1,0,0.0,0,0,0.0,0,0,0.333,3,1,0.6,1.0,2,2,5,3,0,0,0.005,0.0,0.0,0.044,0.0,0,3,1,1,0,0,0,0,0.044,0.044,0.0,0,0,0,1,0,0,0,0.0,0,0,0.0,0,2,27,27,0,0,1,0.538,7,0.8,4,5,0.538,7,13,13,0,0,0,0,0,0,0,0,0.0,0,0,0,0,0,0,0,0,0,0,0,0,1.0,1,1,0,0,0,23,0
DFB-Pokal,1/16 FINALE,28.10.2025,Wolfsburg,Kiel,Ospite,Kiel,Harres Phil,Attaccante,Subentrato,6.2,0,0,0,1,0,0,0.0,0,0,0,0,0,1,0,0.0,0,0,0.0,1,0,0.0,3,0,0.0,0.0,1,0,4,0,0,0,0.002,0.081,0.138,0.044,0.0,0,0,1,0,0,0,0,0,0.044,0.044,0.0,0,0,0,0,0,0,0,0.667,2,3,0.5,1,2,27,27,0,0,0,0.667,4,1.0,1,1,0.667,4,6,6,0,0,0,0,0,0,0,0,0.0,0,0,0,0,0,1,0,0,0,0,1,1,0.0,0,0,0,0,2,12,2
DFB-Pokal,1/32 FINALE,27.08.2025,Wehen,Bayern,Ospite,Bayern,Kane Harry,Attaccante,Titolare,8.7,0,1,0,3,0,0,0.0,4,0,0,0,0,0,0,0.0,0,0,0.0,0,0,0.333,3,1,0.667,1.0,3,3,6,4,0,0,0.13,2.172,1.713,1.007,0.0,0,2,0,2,2,2,0,1,-0.993,-0.993,0.0,0,0,0,0,0,0,2,0.0,0,0,0.5,3,6,90,90,0,3,1,0.8,20,0.727,8,11,0.826,19,23,25,0,1,0,1,0,0,0,0,0.0,0,0,0,0,1,8,0,2,3,1,6,8,1.0,1,1,0,0,12,44,3
DFB-Pokal,1/32 FINALE,27.08.2025,Wehen,Bayern,Ospite,Bayern,Gnabry Serge,Attaccante,Subentrato,6.7,0,2,0,0,0,0,0.0,2,0,0,0,0,0,0,0.0,0,0,0.0,3,0,0.5,2,1,0.333,0.25,4,1,6,2,0,0,0.057,0.1,0.282,0.555,0.0,0,4,0,1,0,1,0,0,-0.445,-0.445,0.0,0,0,0,0,0,0,0,1.0,2,2,0.0,0,0,23,23,0,0,0,0.913,21,0.882,15,17,0.905,19,21,23,0,0,0,0,0,0,0,0,0.0,0,0,0,0,0,1,0,1,0,0,1,1,0.0,0,0,0,0,3,30,1
DFB-Pokal,1/32 FINALE,27.08.2025,Wehen,Bayern,Ospite,Bayern,Kimmich Joshua,Centrocampista,Titolare,8.6,0,2,2,0,0,0,0.0,12,0,0,0,1,0,0,0.0,0,5,0.0,1,0,0.0,0,0,0.25,0.25,4,1,4,1,0,0,0.393,0.0,0.0,1.007,0.0,0,30,1,1,0,2,0,0,-0.993,-0.993,0.0,0,0,0,0,0,0,3,1.0,2,2,0.667,4,6,90,90,0,0,0,0.935,129,0.883,53,60,0.933,125,134,138,0,0,0,0,0,0,0,0,0.0,0,0,0,0,0,0,0,2,0,0,0,0,0.0,0,0,0,0,1,148,0
DFB-Pokal,1/32 FINALE,27.08.2025,Wehen,Bayern,Ospite,Bayern,Laimer Konrad,Centrocampista,Subentrato,6.6,0,1,0,0,0,0,0.0,1,0,0,0,0,0,0,0.0,0,1,0.5,2,1,0.0,0,0,0.5,0.5,2,1,2,1,0,0,0.017,0.0,0.0,0.0,0.0,0,0,0,0,0,0,0,0,0.0,0.0,0.0,0,0,0,0,0,0,1,0.0,0,0,0.0,0,0,13,13,0,0,0,1.0,14,1.0,9,9,1.0,14,14,14,0,0,0,0,0,0,0,0,0.0,0,0,0,0,0,0,0,0,0,0,0,0,0.0,0,0,0,0,2,19,0
DFB-Pokal,1/32 FINALE,27.08.2025,Wehen,Bayern,Ospite,Bayern,Boey Sacha,Terzino,Titolare,7.3,0,1,1,0,0,0,0.0,0,0,0,0,1,1,0,0.0,0,0,0.0,3,0,0.0,0,0,0.273,0.273,11,3,11,3,0,0,0.374,0.056,0.227,1.007,0.0,0,4,4,1,0,2,0,0,-0.993,-0.993,0.0,0,0,0,2,0,0,1,0.0,0,0,0.0,0,0,77,77,0,0,0,0.969,62,0.957,22,23,0.969,62,64,64,0,0,0,1,0,0,0,0,0.0,0,0,0,0,1,1,1,2,0,0,1,2,0.5,2,1,0,0,3,81,2
DFB-Pokal,1/32 FINALE,27.08.2025,Wehen,Bayern,Ospite,Bayern,Goretzka Leon,Centrocampista,Subentrato,6.7,0,1,0,0,0,0,0.0,1,0,0,0,0,0,0,0.0,0,0,0.0,0,0,1.0,1,1,1.0,0.0,0,0,1,1,0,0,0.017,0.0,0.0,0.555,0.0,0,5,0,0,0,1,0,0,-0.445,-0.445,0.0,0,0,0,0,0,0,0,0.0,0,0,0.5,1,2,23,23,0,0,0,0.846,22,0.636,7,11,0.846,22,26,26,0,0,0,0,0,0,0,0,0.0,0,0,0,0,0,0,0,1,0,0,0,0,0.0,0,0,0,0,1,26,0
DFB-Pokal,1/32 FINALE,27.08.2025,Wehen,Bayern,Ospite,Bayern,Diaz Luis,Ala,Titolare,7.8,0,6,0,3,0,0,0.0,7,0,0,0,1,1,0,0.0,0,1,1.0,3,3,0.5,2,1,0.75,0.833,6,5,8,6,0,0,0.319,1.235,0.464,1.007,0.0,0,4,0,2,0,2,0,0,-0.993,-0.993,0.0,0,0,0,1,0,0,2,0.0,0,0,0.714,5,7,90,90,0,1,0,0.908,69,0.86,37,43,0.904,66,73,76,0,0,0,0,0,0,0,0,0.0,0,0,0,0,0,7,0,2,0,3,4,7,0.0,0,0,0,0,9,95,2
DFB-Pokal,1/32 FINALE,27.08.2025,Wehen,Bayern,Ospite,Bayern,Olise Michael,Ala,Titolare,8.7,0,5,0,0,0,0,0.0,13,0,0,0,2,0,0,0.0,0,8,0.5,8,4,0.0,0,0,0.4,0.4,10,4,10,4,0,0,0.169,0.223,0.321,1.007,0.0,0,6,0,0,1,2,0,0,-0.993,-0.993,0.0,0,0,0,0,0,0,1,1.0,4,4,0.75,3,4,90,90,0,0,0,0.907,78,0.864,51,59,0.905,76,84,86,0,0,0,0,0,0,0,0,0.0,0,0,0,0,0,1,2,2,0,1,2,3,0.0,0,0,0,0,5,119,2
DFB-Pokal,1/32 FINALE,27.08.2025,Wehen,Bayern,Ospite,Bayern,Guerreiro Raphael,Terzino,Titolare,6.7,0,2,0,0,0,0,0.0,4,0,0,0,1,2,0,0.5,1,2,0.0,1,0,0.0,0,0,0.0,0.0,3,0,3,0,0,0,0.191,0.095,0.129,1.007,0.0,0,1,1,0,0,2,0,0,-0.993,-0.993,0.0,0,0,0,0,0,0,2,1.0,2,2,0.0,0,0,78,78,0,1,0,0.927,38,0.864,19,22,0.925,37,40,41,0,0,0,0,0,0,0,0,0.0,0,0,0,0,0,1,0,2,0,0,1,1,0.0,0,0,0,0,3,54,0
DFB-Pokal,1/32 FINALE,27.08.2025,Wehen,Bayern,Ospite,Bayern,Kim Min-Jae,Difensore centrale,Titolare,8.5,0,7,0,0,0,0,0.0,0,0,0,0,0,3,0,0.0,0,0,0.0,0,0,0.5,4,2,0.6,1.0,1,1,5,3,0,0,0.056,0.0,0.0,1.007,0.0,0,30,0,1,0,2,0,0,-0.993,-0.993,0.0,0,0,0,2,0,0,0,0.0,0,0,1.0,5,5,90,90,0,0,2,0.966,115,0.951,39,41,0.966,115,119,119,0,0,0,0,0,0,0,0,0.0,0,0,0,0,0,0,0,2,0,0,0,0,0.0,0,0,0,0,0,127,0
DFB-Pokal,1/32 FINALE,27.08.2025,Wehen,Bayern,Ospite,Bayern,Pavlovic Aleksandar,Centrocampista,Titolare,7.7,0,3,1,0,0,0,0.0,2,0,1,0,1,0,0,0.0,0,0,1.0,1,1,0.0,0,0,0.5,0.5,4,2,4,2,0,0,0.068,0.0,0.0,0.452,0.0,0,12,1,0,0,1,0,0,-0.548,-0.548,0.0,0,0,0,0,0,0,1,1.0,2,2,1.0,3,3,67,67,0,0,0,0.944,85,0.933,28,30,0.944,85,90,90,0,0,0,0,0,0,0,0,0.0,0,0,0,0,0,0,0,1,0,0,0,0,1.0,1,1,0,0,0,93,1
DFB-Pokal,1/32 FINALE,27.08.2025,Wehen,Bayern,Ospite,Bayern,Stanisic Josip,Difensore,Subentrato,7.2,1,1,1,0,0,0,0.0,1,0,0,0,0,0,0,1.0,1,1,0.0,0,0,0.0,1,0,0.0,0.0,0,0,1,0,0,0,0.264,0.0,0.0,0.0,0.0,0,6,0,0,0,0,0,0,0.0,0.0,0.0,0,0,0,0,0,0,1,0.0,0,0,1.0,1,1,12,12,0,0,0,1.0,17,1.0,9,9,1.0,17,17,17,0,0,0,0,0,0,0,0,0.0,0,0,0,0,0,0,0,0,0,0,0,0,0.0,0,0,0,0,0,18,0
DFB-Pokal,1/32 FINALE,27.08.2025,Wehen,Bayern,Ospite,Bayern,Urbig Jonas,Portiere,Titolare,5.9,0,7,0,0,0,0,0.0,0,0,0,0,0,0,0,0.0,0,0,0.0,0,0,0.0,0,0,0.0,0.0,0,0,0,0,0,0,0.005,0.0,0.0,1.007,0.0,0,3,0,0,0,2,0,0,-0.993,-0.993,0.0,0,0,0,0,2,2,0,0.0,0,0,0.6,3,5,90,90,0,0,0,0.923,24,1.0,3,3,0.92,23,25,26,0,0,0,0,0,0,0,0,0.0,0,0,0,0,0,0,0,2,0,0,0,0,0.0,0,0,0,0,0,29,0
DFB-Pokal,1/32 FINALE,27.08.2025,Wehen,Bayern,Ospite,Bayern,Tah Jonathan,Difensore centrale,Titolare,7.4,0,1,0,0,0,0,0.0,0,0,0,0,0,3,0,0.0,0,0,0.0,0,0,0.333,3,1,0.625,0.8,5,4,8,5,1,0,0.057,0.0,0.0,1.007,0.0,0,16,1,2,0,2,0,0,-0.993,-0.993,0.0,0,0,0,0,0,0,0,1.0,1,1,1.0,5,5,90,90,0,0,0,0.983,115,1.0,26,26,0.983,113,115,117,0,0,0,0,0,0,0,0,0.0,0,0,0,0,0,0,0,2,0,0,0,0,0.5,2,1,0,0,0,129,0
DFB-Pokal,1/32 FINALE,27.08.2025,Wehen,Bayern,Ospite,Bayern,Karl Lennart,Centrocampista offensivo,Titolare,6.7,0,3,0,0,0,0,0.0,2,0,0,0,1,0,0,0.0,0,0,0.5,2,1,0.0,0,0,0.556,0.556,9,5,9,5,0,0,0.112,0.0,0.0,0.452,0.0,0,2,0,2,0,1,0,0,-0.548,-0.548,0.0,0,0,0,0,0,0,1,1.0,4,4,1.0,4,4,67,67,0,0,0,0.884,38,0.913,21,23,0.884,38,43,43,0,0,0,0,0,0,0,0,0.0,0,0,0,0,0,0,0,1,0,0,0,0,1.0,2,2,0,0,4,61,7
DFB-Pokal,1/32 FINALE,27.08.2025,Wehen,Bayern,Casa,Wehen,Flotho Moritz,Attaccante,Subentrato,6.7,1,3,1,0,0,0,0.0,0,0,0,0,1,0,0,0.0,0,0,0.0,1,0,0.5,2,1,0.333,0.25,4,1,6,2,0,0,0.005,0.0,0.0,1.562,0.0,0,2,1,1,0,1,0,0,0.562,-0.036,0.0,0,0,0,0,0,0,1,0.0,0,0,0.0,0,0,31,31,0,0,0,0.6,3,0.333,1,3,0.5,2,4,5,0,0,0,0,0,0,0,0,0.0,0,0,0,0,0,0,0,1,0,0,0,0,0.0,0,0,0,0,0,11,2
DFB-Pokal,1/32 FINALE,27.08.2025,Wehen,Bayern,Casa,Wehen,Lewald Jakob,Difensore,Subentrato,6.4,0,0,0,0,0,0,0.0,0,0,0,0,0,3,0,0.0,0,0,0.0,0,0,0.0,0,0,0.0,0.0,0,0,0,0,0,0,0.0,0.0,0.0,0.369,0.0,0,1,0,0,0,1,0,0,-0.631,-0.631,0.0,0,0,0,0,0,0,0,0.0,0,0,0.333,1,3,12,12,0,0,0,0.6,3,0.0,0,1,0.6,3,5,5,0,0,0,0,0,0,0,0,0.0,0,0,0,0,0,0,0,1,0,0,0,0,0.0,0,0,0,0,0,8,0
DFB-Pokal,1/32 FINALE,27.08.2025,Wehen,Bayern,Casa,Wehen,Bogicevic Donny,Centrocampista,Titolare,5.9,0,4,0,0,0,0,0.0,0,0,0,0,0,1,0,0.0,0,0,1.0,1,1,0.0,1,0,0.75,1.0,3,3,4,3,0,0,0.001,0.012,0.0,1.802,0.0,0,1,0,1,0,2,0,0,-0.198,0.043,0.0,0,0,0,1,0,0,0,0.0,0,0,1.0,1,1,71,71,0,0,0,0.857,12,0.5,1,2,0.857,12,14,14,0,0,0,0,0,0,0,0,0.0,0,0,0,0,1,0,1,2,0,0,0,1,1.0,1,1,0,0,0,21,1
DFB-Pokal,1/32 FINALE,27.08.2025,Wehen,Bayern,Casa,Wehen,Kaya Fatih,Attaccante,Titolare,7.8,0,0,0,0,0,0,0.0,0,0,0,0,0,1,0,0.0,0,0,0.0,0,0,0.5,2,1,0.2,0.0,3,0,5,1,0,0,0.0,1.029,1.007,2.768,0.0,0,0,3,0,2,2,0,0,0.768,0.411,0.0,0,0,0,0,0,0,0,1.0,1,1,0.0,0,0,78,78,0,0,0,0.714,5,0.0,0,0,0.6,3,5,7,0,0,0,0,0,0,0,0,0.0,0,0,0,0,1,3,0,2,0,0,2,3,0.0,0,0,0,0,3,12,0
DFB-Pokal,1/32 FINALE,27.08.2025,Wehen,Bayern,Casa,Wehen,Schleimer Lukas,Ala,Titolare,5.9,0,5,0,0,0,0,0.0,1,0,0,0,1,2,0,0.0,0,0,1.0,1,1,1.0,1,1,0.667,0.6,5,3,6,4,0,0,0.006,0.0,0.0,3.137,0.0,0,4,0,1,0,3,0,0,0.137,-0.22,0.0,0,0,0,2,0,0,0,0.0,0,0,0.333,1,3,90,90,0,0,0,0.476,10,0.4,2,5,0.476,10,21,21,0,0,0,0,0,0,0,0,0.0,0,0,0,0,0,0,0,3,0,0,0,0,0.0,1,0,0,0,0,32,3
DFB-Pokal,1/32 FINALE,27.08.2025,Wehen,Bayern,Casa,Wehen,Nejad Milad,Centrocampista,Subentrato,5.7,0,2,0,0,0,0,0.0,0,0,0,0,0,0,0,0.0,0,0,1.0,1,1,0.0,1,0,0.571,0.667,6,4,7,4,0,0,0.0,0.0,0.0,1.562,0.0,0,1,2,0,0,1,0,0,0.562,-0.036,0.0,0,0,0,0,0,0,0,0.0,0,0,0.0,0,1,31,31,0,0,0,0.8,4,0.0,0,1,0.8,4,5,5,1,0,0,0,0,0,0,0,0.0,0,0,0,0,0,0,0,1,0,0,0,0,0.667,3,2,0,0,0,9,0
DFB-Pokal,1/32 FINALE,27.08.2025,Wehen,Bayern,Casa,Wehen,Janitzek Justin,Difensore centrale,Titolare,5.7,0,0,0,0,0,0,0.0,0,0,0,0,2,11,0,0.0,0,0,0.0,0,0,0.333,3,1,0.333,0.333,3,1,6,2,0,0,0.001,0.0,0.0,3.137,0.0,0,1,0,0,0,3,0,0,0.137,-0.22,0.0,0,0,0,1,0,0,0,0.0,0,0,0.5,3,6,90,90,0,0,1,0.878,36,0.5,1,2,0.848,28,33,41,0,0,0,0,0,0,0,0,0.0,0,0,0,0,0,0,0,3,0,0,0,0,0.0,1,0,0,0,0,58,0
DFB-Pokal,1/32 FINALE,27.08.2025,Wehen,Bayern,Casa,Wehen,Johansson Ryan,Ala,Titolare,5.3,0,3,0,0,0,0,0.0,0,0,0,0,3,0,0,0.0,0,0,0.25,4,1,0.0,0,0,0.364,0.364,11,4,11,4,0,0,0.009,0.0,0.0,1.575,0.0,0,2,1,1,0,2,0,0,-0.425,-0.185,0.0,0,0,0,1,0,0,1,0.0,0,0,0.5,1,2,59,59,0,0,0,0.889,8,0.667,2,3,0.889,8,9,9,1,0,0,0,0,0,0,0,0.0,0,0,0,0,0,0,0,2,0,0,0,0,0.0,2,0,0,0,0,19,1
DFB-Pokal,1/32 FINALE,27.08.2025,Wehen,Bayern,Casa,Wehen,May Niklas,Terzino,Titolare,6.8,1,3,1,0,0,0,0.0,3,0,1,0,1,3,0,0.5,1,2,1.0,1,1,0.0,0,0,0.556,0.556,9,5,9,5,0,0,0.064,0.0,0.0,3.137,0.0,0,2,2,1,0,3,0,0,0.137,-0.22,0.0,0,0,0,3,0,0,1,0.0,0,0,0.333,2,6,90,90,0,0,0,0.682,15,0.0,0,2,0.7,14,20,22,0,0,0,0,0,0,0,0,0.0,0,0,0,0,0,0,0,3,0,0,0,0,0.667,3,2,0,0,0,48,2
DFB-Pokal,1/32 FINALE,27.08.2025,Wehen,Bayern,Casa,Wehen,Wohlers Ole,Difensore,Subentrato,6.3,0,0,0,0,0,0,0.0,0,0,0,0,0,0,0,0.0,0,0,0.0,0,0,0.0,0,0,1.0,1.0,1,1,1,1,0,0,0.0,0.0,0.0,1.335,0.0,0,0,0,0,0,1,0,0,0.335,-0.263,0.0,0,0,0,0,0,0,0,0.0,0,0,0.0,0,0,19,19,0,0,0,0.0,0,0.0,0,0,0.0,0,0,0,0,0,0,0,0,0,0,0,0.0,0,0,0,0,0,0,0,1,0,0,0,0,1.0,1,1,0,0,0,1,0
DFB-Pokal,1/32 FINALE,27.08.2025,Wehen,Bayern,Casa,Wehen,Agrafiotis Nikolas,Attaccante,Titolare,6.4,0,2,0,0,0,0,0.0,1,0,0,0,0,2,0,0.0,0,1,0.667,3,2,1.0,1,1,0.833,0.8,5,4,6,5,0,0,0.001,0.086,0.0,1.575,0.0,0,2,0,2,0,2,0,0,-0.425,-0.185,0.0,0,0,0,2,0,0,0,1.0,1,1,0.5,1,2,59,59,0,1,0,0.75,9,0.0,0,3,0.727,8,11,12,0,0,0,0,0,0,0,0,0.0,0,0,0,0,1,1,1,2,0,1,0,2,0.0,0,0,0,0,2,26,0
DFB-Pokal,1/32 FINALE,27.08.2025,Wehen,Bayern,Casa,Wehen,Gillekens Jordy,Difensore centrale,Titolare,6.3,0,1,0,0,1,0,0.0,0,0,0,0,0,6,1,0.0,0,0,0.0,0,0,1.0,3,3,1.0,0.0,0,0,3,3,0,1,0.0,0.0,0.0,3.137,0.0,0,0,0,0,0,3,0,0,0.137,-0.22,0.0,0,0,0,1,0,0,0,0.0,0,0,0.0,0,4,90,90,0,0,2,0.773,17,0.0,0,0,0.75,15,20,22,0,0,0,0,0,0,0,0,0.0,0,0,0,0,0,0,0,3,0,0,0,0,0.0,0,0,0,0,0,35,1
DFB-Pokal,1/32 FINALE,27.08.2025,Wehen,Bayern,Casa,Wehen,Mockenhaupt Sascha,Terzino,Titolare,5.4,0,2,0,0,0,0,0.0,2,0,0,0,2,2,0,0.5,1,2,0.0,0,0,0.0,0,0,0.0,0.0,5,0,5,0,0,0,0.026,0.0,0.0,1.802,0.0,0,1,3,0,0,2,0,0,-0.198,0.043,0.0,0,0,0,1,0,0,0,0.0,0,0,0.0,0,1,71,71,0,0,0,0.769,10,0.0,0,0,0.769,10,13,13,0,0,0,0,0,0,0,0,0.0,0,0,0,0,0,0,0,2,0,0,0,0,0.0,0,0,0,0,0,22,2
DFB-Pokal,1/32 FINALE,27.08.2025,Wehen,Bayern,Casa,Wehen,Stritzel Florian,Portiere,Titolare,7.8,0,3,0,0,3,0,0.0,0,0,0,0,0,3,0,0.0,0,0,0.0,0,0,0.0,0,0,0.0,0.0,0,0,0,0,0,0,0.001,0.0,0.0,3.137,0.0,0,6,0,0,0,3,0,0,0.137,-0.22,1.0,1,1,0,0,0,2,0,0.0,0,0,0.563,9,16,90,90,0,0,0,0.778,28,0.333,2,6,0.84,21,25,36,0,0,1,0,0,0,0,0,0.0,0,0,2,10,0,0,0,13,0,0,0,0,0.0,0,0,0,0,0,52,0
DFB-Pokal,1/32 FINALE,27.08.2025,Wehen,Bayern,Casa,Wehen,Gozusirin Tarik,Centrocampista,Titolare,6.7,0,5,0,0,0,0,0.0,3,0,0,0,0,3,0,0.0,0,1,1.0,1,1,1.0,1,1,0.875,0.857,7,6,8,7,0,0,0.001,0.0,0.0,3.137,0.0,0,3,0,1,0,3,0,0,0.137,-0.22,0.0,0,0,0,1,0,0,0,0.0,0,0,0.667,4,6,90,90,0,0,0,0.815,22,0.25,1,4,0.808,21,26,27,0,0,0,0,0,0,0,0,0.0,0,0,0,0,0,0,0,3,0,0,0,0,0.75,4,3,0,0,0,41,2
DFB-Pokal,1/32 FINALE,27.08.2025,Wehen,Bayern,Casa,Wehen,Greilinger Fabian,Difensore,Subentrato,6.9,0,0,0,0,0,0,0.0,0,0,0,0,0,0,1,0.0,0,0,0.0,0,0,0.0,1,0,0.0,0.0,0,0,1,0,0,0,0.0,0.0,0.0,1.335,0.0,0,1,0,0,0,1,0,0,0.335,-0.263,0.0,0,0,0,1,0,0,0,0.0,0,0,0.0,0,2,19,19,0,0,1,0.6,3,0.0,0,1,0.6,3,5,5,0,0,0,0,0,0,0,0,0.0,0,0,0,0,0,0,0,1,0,0,0,0,0.0,0,0,0,0,0,8,0
DFB-Pokal,1/32 FINALE,26.08.2025,Braunschweig,Stoccarda,Ospite,Stoccarda,Demirovic Ermedin,Attaccante,Titolare,8.6,0,3,0,1,0,0,0.0,1,0,0,0,1,0,0,0.0,0,0,0.0,1,0,0.5,12,6,0.389,0.167,6,1,18,7,0,0,0.018,1.438,1.561,1.671,0.0,0,3,2,0,2,4,0,0,-2.329,-2.329,0.0,0,0,0,0,0,0,0,1.0,4,4,0.0,0,0,120,120,0,2,0,0.692,18,0.444,4,9,0.636,14,22,26,0,0,0,0,0,0,1,0,0.0,0,0,0,0,2,6,1,4,3,2,3,7,0.0,1,0,0,1,7,45,6
DFB-Pokal,1/32 FINALE,26.08.2025,Braunschweig,Stoccarda,Ospite,Stoccarda,Undav Deniz,Centrocampista offensivo,Titolare,6.4,0,2,0,1,0,0,0.0,2,0,0,0,0,0,0,0.0,0,0,0.5,2,1,0.0,1,0,0.25,0.333,3,1,4,1,0,0,0.043,0.373,0.137,0.119,0.0,0,5,2,0,0,1,0,0,-0.881,-0.881,0.0,0,0,0,0,0,0,1,1.0,1,1,0.0,0,0,71,71,0,0,0,0.667,28,0.533,8,15,0.659,27,41,42,0,0,0,0,0,0,0,0,0.0,0,0,0,0,0,2,2,1,0,3,1,4,0.0,0,0,0,1,2,52,1
DFB-Pokal,1/32 FINALE,26.08.2025,Braunschweig,Stoccarda,Ospite,Stoccarda,Tomas Tiago,Ala,Titolare,6.3,0,2,0,0,0,0,0.0,5,0,0,0,0,1,0,0.0,0,1,0.5,2,1,0.333,3,1,0.571,0.636,11,7,14,8,0,0,0.026,0.033,0.0,0.806,0.0,0,5,3,3,0,3,0,0,-2.194,-2.194,0.0,0,0,0,0,0,0,0,1.0,1,1,0.0,0,0,96,96,0,0,0,0.633,19,0.571,8,14,0.633,19,30,30,0,0,0,0,0,0,0,0,0.0,0,0,0,0,1,1,0,3,0,0,0,1,0.667,3,2,0,1,5,49,4
DFB-Pokal,1/32 FINALE,26.08.2025,Braunschweig,Stoccarda,Casa,Braunschweig,Bell Bell Leon,Difensore,Subentrato,6.7,0,2,0,0,0,0,0.0,2,0,0,0,0,2,0,1.0,1,1,0.5,2,1,0.0,1,0,0.6,0.75,4,3,5,3,0,0,0.054,0.012,0.0,0.392,0.0,0,1,0,1,0,0,0,0,0.392,0.392,0.0,0,0,0,0,0,0,2,0.0,0,0,0.0,0,0,25,25,0,0,1,0.857,6,1.0,4,4,0.857,6,7,7,0,0,0,0,0,0,1,0,0.0,0,0,0,0,0,0,1,0,0,1,0,1,0.0,1,0,0,0,0,23,1
DFB-Pokal,1/32 FINALE,26.08.2025,Braunschweig,Stoccarda,Casa,Braunschweig,Aydin Mehmet,Esterno,Titolare,7.2,1,10,0,0,0,0,0.0,2,0,0,0,0,2,0,0.333,1,3,0.333,3,1,0.667,3,2,0.611,0.6,15,9,18,11,0,0,0.017,0.015,0.0,3.169,0.0,0,3,1,5,0,4,0,0,0.169,0.169,0.0,0,0,0,2,0,0,1,0.0,0,0,0.0,0,0,120,120,0,0,2,0.929,26,1.0,6,6,0.929,26,28,28,0,0,0,0,0,0,1,0,0.0,0,0,0,0,1,0,1,4,0,0,0,1,0.667,3,2,0,0,0,72,7
DFB-Pokal,1/32 FINALE,26.08.2025,Braunschweig,Stoccarda,Casa,Braunschweig,Heusser Robin,Centrocampista offensivo,Titolare,6.1,0,3,0,0,0,0,0.0,3,0,0,0,0,0,0,0.0,0,0,0.0,0,0,0.333,3,1,0.5,1.0,1,1,4,2,0,0,0.018,0.071,0.0,1.824,0.0,0,3,0,1,0,2,0,0,-0.176,-0.176,0.0,0,0,0,1,0,0,0,0.0,0,0,1.0,1,1,73,73,0,0,0,0.682,15,0.545,6,11,0.682,15,22,22,0,0,0,0,0,0,0,0,0.0,0,0,0,0,0,1,0,2,0,1,0,1,0.0,0,0,0,0,1,32,3
DFB-Pokal,1/32 FINALE,26.08.2025,Braunschweig,Stoccarda,Casa,Braunschweig,Ehlers Kevin,Difensore centrale,Titolare,6.1,0,2,0,0,0,0,0.0,3,0,0,0,1,4,0,0.0,0,0,0.0,0,0,0.6,5,3,0.583,0.571,7,4,12,7,0,0,0.007,0.0,0.0,3.169,0.0,0,9,2,2,0,4,0,0,0.169,0.169,0.0,0,0,0,2,0,0,0,0.0,0,0,0.4,2,5,120,120,0,0,0,0.72,18,0.4,4,10,0.739,17,23,25,0,0,0,0,0,0,1,0,0.0,0,0,0,0,0,0,0,4,0,0,0,0,0.5,2,1,0,0,1,37,2
DFB-Pokal,1/32 FINALE,26.08.2025,Braunschweig,Stoccarda,Casa,Braunschweig,Yardimci Erencan,Attaccante,Titolare,6.5,0,2,0,0,0,0,0.0,0,0,0,0,0,0,0,0.0,0,0,0.0,0,0,0.75,4,3,0.429,0.0,3,0,7,3,0,0,0.024,0.234,0.0,1.824,0.0,0,1,2,0,0,2,0,0,-0.176,-0.176,0.0,0,0,0,0,0,0,2,0.0,0,0,0.5,1,2,63,63,0,3,0,0.667,8,0.6,3,5,0.667,6,9,12,0,0,0,0,0,0,0,0,0.0,0,0,0,0,0,2,0,2,0,2,0,2,0.0,0,0,0,0,4,18,1
DFB-Pokal,1/32 FINALE,26.08.2025,Braunschweig,Stoccarda,Ospite,Stoccarda,Woltemade Nick,Attaccante,Subentrato,8.2,0,2,1,0,0,0,0.0,0,0,0,0,0,2,0,0.0,0,0,0.0,1,0,0.4,5,2,0.313,0.273,11,3,16,5,0,0,0.358,0.704,1.345,1.552,0.0,0,0,4,3,1,3,0,0,-1.448,-1.448,0.0,0,0,0,0,0,0,1,1.0,1,1,0.0,0,0,49,49,0,0,0,0.818,9,0.6,3,5,0.8,8,10,11,0,0,0,0,0,0,1,0,0.0,0,0,0,0,1,5,0,3,2,2,2,5,0.0,0,0,0,0,9,29,5
DFB-Pokal,1/32 FINALE,26.08.2025,Braunschweig,Stoccarda,Casa,Braunschweig,Conteh Christian,Attaccante,Subentrato,7.6,0,1,0,0,0,0,0.0,3,0,1,0,0,2,0,0.333,1,3,0.0,0,0,1.0,2,2,0.667,0.0,1,0,3,2,0,0,0.024,0.578,0.968,1.345,0.0,0,0,0,0,1,2,0,0,0.345,0.345,0.0,0,0,0,1,0,0,1,0.0,0,0,0.0,0,0,57,57,0,0,0,0.5,4,0.75,3,4,0.5,4,8,8,0,0,0,0,0,0,1,0,0.0,0,0,0,0,0,3,0,2,1,0,3,3,0.0,0,0,0,0,4,21,3
DFB-Pokal,1/32 FINALE,26.08.2025,Braunschweig,Stoccarda,Casa,Braunschweig,Polter Sebastian,Attaccante,Subentrato,6.4,0,0,0,0,0,0,0.0,1,0,0,0,0,2,0,0.0,0,0,0.0,0,0,0.5,2,1,0.5,0.5,2,1,4,2,0,0,0.0,0.0,0.0,0.392,0.0,0,1,1,1,0,1,0,0,0.392,0.392,0.0,0,0,0,0,0,0,0,0.0,0,0,0.0,0,1,31,31,0,0,0,0.25,1,0.0,0,2,0.333,1,3,4,0,0,0,0,0,0,1,0,0.0,0,0,0,0,0,0,0,1,0,0,0,0,0.0,0,0,0,0,1,13,2
DFB-Pokal,1/32 FINALE,26.08.2025,Braunschweig,Stoccarda,Casa,Braunschweig,Breunig Louis,Difensore centrale,Titolare,6.2,0,5,0,0,0,0,0.0,0,0,0,0,0,4,0,0.0,0,0,0.0,0,0,0.2,5,1,0.3,0.4,5,2,10,3,0,0,0.005,0.0,0.0,1.824,0.0,0,7,3,2,0,2,0,0,-0.176,-0.176,0.0,0,0,0,1,0,0,0,0.0,0,0,0.222,2,9,63,63,0,0,1,0.591,13,0.143,1,7,0.591,13,22,22,0,0,0,0,0,0,0,0,0.0,0,0,0,0,0,0,0,2,0,0,0,0,0.0,0,0,0,0,0,34,0
DFB-Pokal,1/32 FINALE,26.08.2025,Braunschweig,Stoccarda,Casa,Braunschweig,Hoffmann Ron-Thorben,Portiere,Titolare,6.7,0,9,0,0,0,0,0.0,1,0,0,0,0,0,0,0.0,0,0,0.0,0,0,0.0,0,0,0.0,0.0,0,0,0,0,0,0,0.015,0.0,0.0,3.169,0.0,0,14,0,0,0,4,0,0,0.169,0.169,1.0,1,1,0,0,1,7,0,0.0,0,0,0.385,10,26,120,120,0,0,0,0.485,16,0.2,3,15,0.533,8,15,33,0,0,0,0,0,1,0,0,0.0,0,0,0,4,0,0,0,8,0,0,0,0,0.0,0,0,0,0,0,45,0
DFB-Pokal,1/32 FINALE,26.08.2025,Braunschweig,Stoccarda,Casa,Braunschweig,Ba Sanoussy,Difensore,Subentrato,6.0,0,2,0,0,0,0,0.0,2,0,0,0,1,2,0,0.0,0,0,0.0,0,0,0.0,0,0,0.5,0.5,2,1,2,1,0,0,0.014,0.098,0.0,1.345,0.0,0,3,0,0,0,2,1,0,0.345,0.345,0.0,0,0,0,0,0,0,0,0.0,0,0,0.0,0,1,47,47,0,1,0,0.8,8,0.8,4,5,0.8,8,10,10,0,0,0,0,0,0,1,0,0.0,0,0,0,0,2,0,2,2,0,0,0,2,1.0,1,1,0,0,0,19,0
DFB-Pokal,1/32 FINALE,26.08.2025,Braunschweig,Stoccarda,Casa,Braunschweig,Szabo Levente,Attaccante,Subentrato,6.6,0,2,0,0,0,0,0.0,0,0,0,0,1,2,0,0.0,0,2,0.0,0,0,0.5,4,2,0.4,0.0,1,0,5,2,0,0,0.006,0.0,0.0,1.345,0.0,0,1,0,0,0,2,0,0,0.345,0.345,0.0,0,0,0,0,0,0,0,0.0,0,0,0.0,0,0,57,57,0,0,0,0.786,11,0.6,3,5,0.769,10,13,14,0,0,0,0,0,0,1,0,0.0,0,0,0,0,0,0,0,2,0,0,0,0,0.0,0,0,0,0,0,17,0
DFB-Pokal,1/32 FINALE,26.08.2025,Braunschweig,Stoccarda,Ospite,Stoccarda,Fuhrich Chris,Ala,Titolare,7.1,0,2,1,0,0,0,0.0,4,0,0,0,0,0,0,0.0,0,1,0.0,0,0,0.0,1,0,0.4,0.5,4,2,5,2,0,0,0.276,0.04,0.0,0.119,0.0,0,5,1,1,0,1,0,0,-0.881,-0.881,0.0,0,0,0,0,0,0,3,1.0,1,1,1.0,1,1,71,71,0,0,0,0.838,31,0.722,13,18,0.833,30,36,37,0,0,0,0,0,0,0,0,0.0,0,0,0,0,1,1,0,1,0,0,0,1,1.0,1,1,0,0,2,45,2
DFB-Pokal,1/32 FINALE,26.08.2025,Braunschweig,Stoccarda,Casa,Braunschweig,Di Michele Sanchez Fabio,Esterno,Titolare,7.9,0,7,0,0,0,0,0.0,4,0,0,0,1,3,0,0.333,1,3,0.0,3,0,0.0,1,0,0.0,0.0,4,0,5,0,0,0,0.058,0.105,0.584,2.777,0.0,0,2,1,0,2,4,0,0,-0.223,-0.223,0.0,0,0,0,1,0,0,2,0.0,0,0,1.0,1,1,95,95,0,0,0,0.964,27,0.909,10,11,0.964,27,28,28,0,0,0,0,0,0,0,0,0.0,0,0,0,0,0,2,0,4,0,0,2,2,0.0,0,0,0,0,2,52,5
DFB-Pokal,1/32 FINALE,26.08.2025,Braunschweig,Stoccarda,Casa,Braunschweig,Gomez Johan,Centrocampista offensivo,Titolare,7.0,0,8,0,1,0,0,0.0,4,0,0,0,0,0,0,0.0,0,2,0.333,9,3,1.0,2,2,0.533,0.462,13,6,15,8,0,0,0.144,0.463,0.0,3.169,0.0,0,3,1,3,0,4,0,0,0.169,0.169,0.0,0,0,0,1,0,0,3,1.0,1,1,0.0,0,0,120,120,0,0,0,0.839,26,0.813,13,16,0.839,26,31,31,0,0,0,0,1,0,0,0,0.0,0,0,0,0,4,3,2,4,0,1,0,5,0.0,0,0,0,0,10,57,3
DFB-Pokal,1/32 FINALE,26.08.2025,Braunschweig,Stoccarda,Ospite,Stoccarda,Jeltsch Finn,Difensore centrale,Titolare,7.7,0,5,0,0,1,0,0.0,1,0,1,0,0,3,0,0.0,0,0,0.0,0,0,0.8,5,4,0.786,0.778,9,7,14,11,0,0,0.011,0.0,0.0,1.671,0.0,0,6,2,0,0,4,0,0,-2.329,-2.329,0.0,0,0,0,0,0,0,0,0.0,0,0,0.556,5,9,116,116,0,0,3,0.886,78,0.571,4,7,0.893,75,84,88,0,0,0,0,0,0,0,0,0.0,0,0,0,0,0,0,0,4,0,0,0,0,0.714,7,5,0,0,1,105,0
DFB-Pokal,1/32 FINALE,26.08.2025,Braunschweig,Stoccarda,Casa,Braunschweig,Frenkert Lukas,Difensore centrale,Titolare,6.7,0,3,0,0,0,0,0.0,0,0,0,0,1,10,0,0.0,0,0,0.5,2,1,0.778,9,7,0.611,0.444,9,4,18,11,0,0,0.013,0.104,0.0,3.169,0.0,0,6,2,2,0,4,0,0,0.169,0.169,0.0,0,0,0,7,0,0,0,0.0,0,0,0.455,5,11,120,120,0,1,0,0.756,34,0.889,8,9,0.738,31,42,45,0,0,0,0,1,0,0,0,0.0,0,0,0,0,0,2,0,4,2,2,0,2,1.0,1,1,0,0,3,76,1
DFB-Pokal,1/32 FINALE,26.08.2025,Braunschweig,Stoccarda,Casa,Braunschweig,Kohler Sven,Centrocampista,Titolare,7.7,1,5,0,0,0,0,0.0,2,0,1,0,0,3,0,0.5,1,2,0.0,2,0,0.0,3,0,0.143,0.25,4,1,7,1,0,0,0.025,0.131,0.119,2.777,0.0,0,13,1,1,1,3,0,0,-0.223,-0.223,0.0,0,0,0,3,0,0,1,0.0,0,0,0.8,4,5,89,89,0,0,0,0.81,34,0.786,11,14,0.789,30,38,42,0,0,0,0,0,0,0,0,0.0,0,0,0,0,1,0,4,3,0,1,2,4,0.0,0,0,0,0,2,63,1
DFB-Pokal,1/32 FINALE,26.08.2025,Braunschweig,Stoccarda,Ospite,Stoccarda,Zagadou Dan-Axel,Difensore,Subentrato,,0,0,0,0,0,0,0.0,0,0,0,0,0,0,0,0.0,0,0,0.0,0,0,0.0,0,0,0.0,0.0,1,0,1,0,0,0,0.002,0.0,0.0,0.0,0.0,0,3,1,0,0,0,0,0,0.0,0.0,0.0,0,0,0,0,0,0,0,0.0,0,0,0.333,1,3,4,4,0,0,0,0.778,7,0.333,1,3,0.75,6,8,9,0,0,0,0,1,0,0,0,0.0,0,0,0,0,0,0,0,0,0,0,0,0,0.0,0,0,0,0,0,9,0
DFB-Pokal,1/32 FINALE,26.08.2025,Braunschweig,Stoccarda,Casa,Braunschweig,Marie Max,Centrocampista,Titolare,7.2,1,5,0,0,0,0,0.0,13,0,1,0,1,2,0,0.25,3,12,0.333,3,1,0.5,2,1,0.583,0.6,10,6,12,7,0,0,0.303,0.02,0.0,3.169,0.0,0,7,0,2,0,4,0,0,0.169,0.169,0.0,0,0,0,0,0,0,4,0.0,0,0,0.2,1,5,120,120,0,0,2,0.738,31,0.667,10,15,0.744,29,39,42,0,0,0,0,1,0,0,0,0.0,0,0,0,0,1,0,1,4,0,0,0,1,0.667,3,2,0,0,1,81,4
DFB-Pokal,1/32 FINALE,26.08.2025,Braunschweig,Stoccarda,Ospite,Stoccarda,Assignon Lorenz,Terzino,Titolare,6.0,0,8,0,0,0,0,0.0,4,0,1,0,1,5,0,0.333,1,3,0.0,0,0,0.5,4,2,0.5,0.5,2,1,6,3,0,0,0.089,0.29,0.127,1.671,0.0,0,9,0,0,0,4,0,0,-2.329,-2.329,0.0,0,0,0,0,0,0,0,0.0,0,0,0.333,1,3,120,120,0,0,0,0.864,51,0.7,14,20,0.86,49,57,59,0,0,0,0,0,0,1,0,0.0,0,0,0,0,1,2,0,4,0,0,1,2,0.0,1,0,0,0,3,93,3
DFB-Pokal,1/32 FINALE,26.08.2025,Braunschweig,Stoccarda,Ospite,Stoccarda,Mittelstadt Maximilian,Terzino,Titolare,7.3,1,5,1,0,0,0,0.0,15,0,0,0,3,2,0,0.455,5,11,0.0,0,0,0.0,1,0,0.286,0.333,6,2,7,2,0,0,0.655,0.0,0.0,1.671,0.0,0,7,1,1,0,4,0,0,-2.329,-2.329,0.0,0,0,0,1,0,0,4,1.0,1,1,0.6,6,10,120,120,0,0,1,0.814,57,0.696,16,23,0.814,57,70,70,0,0,0,0,0,0,1,0,0.0,0,0,0,0,0,0,0,4,0,0,0,0,1.0,1,1,0,0,2,99,1
DFB-Pokal,1/32 FINALE,26.08.2025,Braunschweig,Stoccarda,Ospite,Stoccarda,Stiller Angelo,Centrocampista,Titolare,8.6,1,4,2,0,0,0,0.0,6,0,0,0,1,0,0,0.667,2,3,1.0,1,1,0.5,2,1,0.5,0.5,6,3,8,4,0,0,0.712,0.0,0.0,0.806,0.0,0,14,1,1,0,3,0,0,-2.194,-2.194,0.0,0,0,0,1,0,0,3,1.0,2,2,0.667,6,9,96,96,0,0,1,0.909,90,0.8,20,25,0.908,89,98,99,0,0,0,0,0,0,0,0,0.0,0,0,0,0,0,0,0,3,0,0,0,0,1.0,1,1,0,1,2,113,2
DFB-Pokal,1/32 FINALE,26.08.2025,Braunschweig,Stoccarda,Ospite,Stoccarda,Karazor Atakan,Centrocampista,Titolare,7.9,0,6,0,0,0,0,0.0,2,0,1,0,0,3,0,0.0,0,0,0.0,0,0,0.5,4,2,0.727,0.857,7,6,11,8,0,0,0.177,0.0,0.0,1.671,0.0,0,14,1,1,0,4,0,0,-2.329,-2.329,0.0,0,0,0,2,0,0,2,1.0,3,3,0.9,9,10,120,120,0,0,1,0.881,74,0.808,21,26,0.873,69,79,84,0,0,0,0,0,0,1,0,0.0,0,0,0,0,0,0,0,4,0,0,0,0,0.4,5,2,0,0,1,104,2
DFB-Pokal,1/32 FINALE,26.08.2025,Braunschweig,Stoccarda,Ospite,Stoccarda,Vagnoman Josha,Difensore,Subentrato,6.4,0,0,0,0,0,0,0.0,0,0,0,0,1,1,0,0.0,0,1,0.0,1,0,1.0,1,1,0.5,0.0,1,0,2,1,0,0,0.004,0.0,0.0,0.864,0.0,0,0,0,0,0,1,0,0,-0.136,-0.136,0.0,0,0,0,0,0,0,0,0.0,0,0,0.0,0,0,24,24,0,0,0,1.0,6,1.0,1,1,1.0,6,6,6,0,0,0,0,0,0,1,0,0.0,0,0,0,0,0,0,0,1,0,0,0,0,0.0,0,0,0,0,1,11,0
DFB-Pokal,1/32 FINALE,26.08.2025,Braunschweig,Stoccarda,Ospite,Stoccarda,Leweling Jamie,Attaccante,Subentrato,8.0,1,3,0,0,0,0,0.0,8,0,1,0,0,1,0,0.167,1,6,0.667,3,2,0.0,1,0,0.5,0.6,5,3,6,3,0,0,0.603,0.0,0.0,1.552,0.0,0,2,1,0,0,3,0,0,-1.448,-1.448,0.0,0,0,0,0,0,0,4,0.0,0,0,1.0,1,1,49,49,0,1,2,0.793,23,0.615,8,13,0.793,23,29,29,0,0,0,0,0,0,1,0,0.0,0,0,0,0,0,0,0,3,0,0,0,0,1.0,1,1,0,0,3,48,3
DFB-Pokal,1/32 FINALE,26.08.2025,Braunschweig,Stoccarda,Ospite,Stoccarda,Hendriks Ramon,Difensore centrale,Titolare,6.2,0,8,0,1,0,0,0.0,5,0,1,0,0,6,0,0.0,0,0,1.0,1,1,0.25,4,1,0.545,0.714,7,5,11,6,0,0,0.022,0.149,0.0,1.671,0.0,0,7,2,3,0,4,0,0,-2.329,-2.329,0.0,0,0,0,2,0,0,0,0.0,0,0,0.333,2,6,120,120,0,0,1,0.944,101,0.75,6,8,0.939,92,98,107,0,0,0,0,0,0,1,0,0.0,0,0,0,0,0,1,0,4,1,1,0,1,1.0,1,1,0,0,1,128,0
DFB-Pokal,1/32 FINALE,26.08.2025,Braunschweig,Stoccarda,Ospite,Stoccarda,Nubel Alexander,Portiere,Titolare,6.3,0,11,0,0,0,0,0.0,0,0,0,0,0,1,0,0.0,0,0,0.0,0,0,1.0,1,1,1.0,0.0,0,0,1,1,0,0,0.001,0.0,0.0,1.671,0.0,0,3,0,0,0,4,0,0,-2.329,-2.329,1.0,2,2,0,0,0,5,0,0.0,0,0,0.423,11,26,120,120,0,0,0,0.742,46,0.0,0,3,0.741,40,54,62,0,0,0,0,0,3,0,0,0.0,0,0,1,3,0,0,0,7,0,0,0,0,0.0,0,0,0,0,0,76,1
DFB-Pokal,1/32 FINALE,26.08.2025,Braunschweig,Stoccarda,Ospite,Stoccarda,Andres Chema,Centrocampista,Subentrato,6.3,0,1,0,0,0,0,0.0,1,0,0,0,0,0,0,0.0,0,0,0.0,0,0,0.0,1,0,0.667,1.0,2,2,3,2,0,0,0.034,0.0,0.0,0.864,0.0,0,3,0,0,0,1,0,0,-0.136,-0.136,0.0,0,0,0,1,0,0,0,0.0,0,0,1.0,1,1,24,24,0,0,0,1.0,20,1.0,9,9,1.0,20,20,20,0,0,0,0,1,0,0,0,0.0,0,0,0,0,0,0,0,1,0,0,0,0,1.0,2,2,0,0,1,23,0
DFB-Pokal,1/32 FINALE,18.08.2025,RW Essen,Dortmund,Casa,RW Essen,Owusu Kelsey,Attaccante,Subentrato,,0,0,0,0,0,0,0.0,0,0,1,0,0,0,0,0.0,0,0,0.5,2,1,0.0,0,0,0.5,0.5,2,1,2,1,0,0,0.003,0.0,0.0,0.0,0.0,0,0,2,0,0,0,0,0,0.0,0.0,0.0,0,0,0,0,0,0,0,0.0,0,0,0.0,0,0,4,3,0,0,0,1.0,1,1.0,1,1,1.0,1,1,1,0,0,0,0,0,0,0,0,0.0,0,0,0,0,0,0,0,0,0,0,0,0,0.0,0,0,0,0,2,4,0
DFB-Pokal,1/32 FINALE,18.08.2025,RW Essen,Dortmund,Casa,RW Essen,Hofmann Jannik,Esterno,Titolare,5.8,0,2,0,0,0,0,0.0,4,0,0,0,0,1,0,0.333,1,3,0.0,1,0,0.5,2,1,0.286,0.2,5,1,7,2,0,0,0.088,0.019,0.0,0.531,0.0,0,4,3,0,0,1,0,0,-0.469,-0.469,0.0,0,0,0,0,0,0,0,0.0,0,0,0.333,2,6,90,90,0,0,1,0.733,11,0.571,4,7,0.733,11,15,15,0,0,0,0,0,0,0,0,0.0,0,0,0,0,0,0,1,1,0,1,0,1,1.0,1,1,0,0,0,31,3
DFB-Pokal,1/32 FINALE,18.08.2025,RW Essen,Dortmund,Casa,RW Essen,Schultz Michael,Difensore centrale,Titolare,6.7,0,4,0,0,0,0,0.0,0,0,0,0,0,6,0,0.0,0,0,1.0,1,1,0.6,5,3,0.714,1.0,2,2,7,5,0,0,0.002,0.0,0.0,0.531,0.0,0,5,0,0,0,1,0,0,-0.469,-0.469,0.0,0,0,0,1,0,0,0,0.0,0,0,0.125,1,8,90,90,0,1,1,0.774,41,0.0,0,6,0.75,36,48,53,0,0,0,0,0,0,0,0,0.0,0,0,0,0,0,0,0,1,0,0,0,0,1.0,1,1,0,0,1,63,0
DFB-Pokal,1/32 FINALE,18.08.2025,RW Essen,Dortmund,Casa,RW Essen,Bouebari Franci,Difensore,Subentrato,6.6,0,2,0,0,0,0,0.0,1,0,0,0,0,1,0,0.0,0,1,0.0,0,0,0.0,0,0,0.5,0.5,2,1,2,1,0,0,0.001,0.042,0.0,0.166,0.0,0,1,1,0,0,1,0,0,-0.834,-0.834,0.0,0,0,0,1,0,0,1,0.0,0,0,1.0,1,1,16,15,0,0,0,0.75,6,1.0,1,1,0.75,6,8,8,0,0,0,0,0,0,0,0,0.0,0,0,0,0,1,0,1,1,0,0,0,1,0.0,1,0,0,0,0,17,1
DFB-Pokal,1/32 FINALE,18.08.2025,RW Essen,Dortmund,Casa,RW Essen,Kraulich Tobias,Difensore centrale,Titolare,6.9,0,2,1,0,0,0,0.0,1,0,0,0,1,2,0,1.0,1,1,0.0,0,0,0.0,2,0,0.25,0.5,2,1,4,1,0,0,0.25,0.0,0.0,0.531,0.0,0,6,0,1,0,1,0,0,-0.469,-0.469,0.0,0,0,0,1,0,0,3,0.0,0,0,0.6,6,10,90,90,0,0,0,0.877,57,0.625,5,8,0.857,48,56,65,0,0,0,0,0,0,0,0,0.0,0,0,0,0,0,0,0,1,0,0,0,0,0.0,0,0,0,1,0,72,0
DFB-Pokal,1/32 FINALE,18.08.2025,RW Essen,Dortmund,Casa,RW Essen,Rios Alonso Jose-Enrique,Difensore centrale,Titolare,6.1,0,0,0,0,0,0,0.0,2,0,0,0,0,2,0,0.0,0,0,0.0,0,0,0.0,1,0,0.333,0.5,2,1,3,1,0,0,0.009,0.0,0.0,0.531,0.0,0,4,1,0,0,1,0,0,-0.469,-0.469,0.0,0,0,0,1,0,0,0,0.0,0,0,0.0,0,2,84,84,0,1,2,0.87,20,0.5,2,4,0.87,20,23,23,0,0,0,0,0,0,0,0,0.0,0,0,0,0,0,0,0,1,0,0,0,0,1.0,1,1,0,0,0,33,0
DFB-Pokal,1/32 FINALE,18.08.2025,RW Essen,Dortmund,Casa,RW Essen,Martinovic Dominik,Attaccante,Subentrato,,0,0,0,0,0,0,0.0,0,0,0,0,0,0,0,0.0,0,0,0.0,0,0,0.0,0,0,0.0,0.0,0,0,0,0,0,0,0.0,0.065,0.0,0.0,0.0,0,0,0,0,0,0,0,0,0.0,0.0,0.0,0,0,0,0,0,0,0,0.0,0,0,0.0,0,0,8,7,0,0,0,0.0,0,0.0,0,1,0.0,0,1,1,0,0,0,0,0,0,0,0,0.0,0,0,0,0,0,1,0,0,0,1,0,1,0.0,0,0,0,0,2,3,0
DFB-Pokal,1/32 FINALE,18.08.2025,RW Essen,Dortmund,Casa,RW Essen,Golz Jakob,Portiere,Titolare,6.3,0,7,0,0,0,0,0.0,0,0,0,0,0,1,0,0.0,0,0,0.0,0,0,0.0,0,0,0.0,0.0,0,0,0,0,0,0,0.0,0.0,0.0,0.531,0.0,0,4,0,0,0,1,0,0,-0.469,-0.469,0.0,0,0,0,0,0,3,0,0.0,0,0,0.25,3,12,90,90,0,0,0,0.7,21,0.0,0,4,0.792,19,24,30,0,0,0,0,0,0,0,0,0.0,0,0,0,3,0,0,0,4,0,0,0,0,0.0,0,0,0,0,0,38,0
DFB-Pokal,1/32 FINALE,18.08.2025,RW Essen,Dortmund,Casa,RW Essen,Obuz Marvin,Attaccante,Subentrato,6.5,0,0,0,0,0,0,0.0,0,0,0,0,0,0,0,0.0,0,0,1.0,1,1,1.0,1,1,0.667,0.5,2,1,3,2,0,0,0.004,0.131,0.0,0.166,0.0,0,0,0,0,0,1,0,0,-0.834,-0.834,0.0,0,0,0,0,0,0,0,1.0,1,1,0.0,0,0,15,14,0,0,0,0.75,3,0.5,1,2,0.667,2,3,4,0,0,0,0,0,0,0,0,0.0,0,0,0,0,0,0,1,1,0,1,0,1,0.0,0,0,0,0,2,7,1
DFB-Pokal,1/32 FINALE,18.08.2025,RW Essen,Dortmund,Casa,RW Essen,Moustier Tom,Centrocampista,Titolare,6.2,0,5,0,0,0,0,0.0,7,0,0,0,0,1,0,0.0,0,0,1.0,1,1,0.0,0,0,0.4,0.4,5,2,5,2,0,0,0.024,0.053,0.067,0.531,0.0,0,0,1,1,0,1,0,0,-0.469,-0.469,0.0,0,0,0,2,0,0,1,0.0,0,0,0.0,0,1,90,90,0,0,0,0.722,13,0.571,4,7,0.722,13,18,18,0,0,0,0,0,0,0,0,0.0,0,0,0,0,1,0,2,1,0,0,1,2,0.0,0,0,0,0,1,37,5
DFB-Pokal,1/32 FINALE,18.08.2025,RW Essen,Dortmund,Casa,RW Essen,Musel Torben,Centrocampista,Subentrato,,0,1,0,0,0,0,0.0,0,0,0,0,0,0,0,0.0,0,0,0.0,1,0,0.0,1,0,0.0,0.0,0,0,1,0,0,0,0.006,0.037,0.0,0.0,0.0,0,0,0,0,0,0,0,0,0.0,0.0,0.0,0,0,0,0,0,0,0,0.0,0,0,0.0,0,0,7,6,0,0,0,0.8,4,0.667,2,3,0.8,4,5,5,0,0,0,0,0,0,0,0,0.0,0,0,0,0,0,1,0,0,1,1,0,1,0.0,0,0,0,0,1,8,0
DFB-Pokal,1/32 FINALE,18.08.2025,RW Essen,Dortmund,Ospite,Dortmund,Couto Yan,Esterno,Titolare,7.2,0,2,0,0,0,0,0.0,12,0,0,0,3,1,0,0.545,6,11,0.667,3,2,0.0,0,0,0.571,0.571,14,8,14,8,0,0,0.703,0.0,0.0,0.871,0.0,0,3,1,1,0,0,0,0,0.871,0.871,0.0,0,0,0,1,0,0,4,1.0,1,1,0.5,1,2,90,90,0,0,0,0.767,33,0.611,11,18,0.762,32,42,43,0,0,0,0,0,0,0,0,0.0,0,0,0,0,0,0,0,0,0,0,0,0,0.4,5,2,0,0,8,88,8
DFB-Pokal,1/32 FINALE,18.08.2025,RW Essen,Dortmund,Ospite,Dortmund,Sabitzer Marcel,Centrocampista,Titolare,7.1,0,5,0,0,0,0,0.0,3,0,0,0,1,2,0,0.0,0,1,0.0,1,0,0.0,1,0,0.333,0.4,5,2,6,2,0,0,0.039,0.038,0.084,0.871,0.0,0,15,1,0,0,0,0,0,0.871,0.871,0.0,0,0,0,0,0,0,0,1.0,2,2,0.167,1,6,89,89,0,0,0,0.855,59,0.75,18,24,0.851,57,67,69,0,0,0,0,0,0,0,0,0.0,0,0,0,0,0,0,1,0,0,0,1,1,0.5,2,1,0,0,1,85,3
DFB-Pokal,1/32 FINALE,18.08.2025,RW Essen,Dortmund,Ospite,Dortmund,Anton Waldemar,Difensore centrale,Titolare,8.4,0,8,0,0,0,0,0.0,0,0,0,0,0,5,0,0.0,0,0,1.0,1,1,1.0,3,3,1.0,1.0,2,2,5,5,0,0,0.029,0.267,0.0,0.871,0.0,0,13,0,0,0,0,0,0,0.871,0.871,0.0,0,0,0,2,0,0,0,0.0,0,0,0.7,7,10,90,90,0,0,0,0.952,99,0.778,14,18,0.952,99,104,104,0,0,0,0,0,0,0,0,0.0,0,0,0,0,0,2,0,0,2,2,0,2,0.0,1,0,0,0,3,116,0
DFB-Pokal,1/32 FINALE,18.08.2025,RW Essen,Dortmund,Ospite,Dortmund,Nmecha Felix,Centrocampista,Titolare,7.0,0,9,0,0,0,0,0.0,1,0,0,0,1,1,0,0.0,0,0,0.5,2,1,0.5,2,1,0.556,0.571,7,4,9,5,0,0,0.037,0.134,0.155,0.871,0.0,0,5,2,2,0,0,0,0,0.871,0.871,0.0,0,0,0,1,0,0,1,1.0,4,4,0.0,0,2,90,90,0,0,2,0.867,39,0.706,12,17,0.867,39,45,45,0,0,0,0,0,0,0,0,0.0,0,0,0,0,2,2,1,0,0,0,1,3,0.0,1,0,0,0,6,66,4
DFB-Pokal,1/32 FINALE,18.08.2025,RW Essen,Dortmund,Ospite,Dortmund,Brandt Julian,Centrocampista,Subentrato,6.6,0,1,0,0,0,0,0.0,0,0,0,0,0,0,0,0.0,0,0,0.0,0,0,0.0,2,0,0.0,0.0,0,0,2,0,0,0,0.004,0.052,0.0,0.095,0.0,0,1,0,0,0,0,0,0,0.095,0.095,0.0,0,0,0,0,0,0,0,1.0,1,1,1.0,1,1,27,26,0,1,0,0.875,7,1.0,2,2,0.875,7,8,8,0,0,0,0,0,0,0,0,0.0,0,0,0,0,0,0,1,0,0,1,0,1,0.0,0,0,0,0,0,12,0
DFB-Pokal,1/32 FINALE,18.08.2025,RW Essen,Dortmund,Ospite,Dortmund,Bensebaini Ramy,Difensore centrale,Titolare,8.0,1,1,0,0,0,0,0.0,6,0,0,0,1,7,0,0.0,0,1,0.0,0,0,0.5,2,1,0.4,0.333,3,1,5,2,0,0,0.072,0.078,0.0,0.871,0.0,0,15,1,1,0,0,0,0,0.871,0.871,0.0,0,0,0,1,0,0,1,0.0,0,0,0.5,6,12,90,90,0,0,0,0.9,90,0.55,11,20,0.903,84,93,100,0,0,0,0,0,0,0,0,0.0,0,0,0,0,1,1,0,0,1,0,0,1,0.0,0,0,0,0,3,114,0
DFB-Pokal,1/32 FINALE,18.08.2025,RW Essen,Dortmund,Ospite,Dortmund,Gross Pascal,Centrocampista,Titolare,6.6,0,2,0,0,0,0,0.0,3,0,0,0,0,2,0,0.0,0,0,0.0,0,0,0.0,2,0,0.0,0.0,1,0,3,0,0,0,0.1,0.0,0.0,0.776,0.0,0,4,1,0,0,0,0,0,0.776,0.776,0.0,0,0,0,1,0,0,0,0.8,4,5,0.6,3,5,64,64,0,0,0,0.887,47,0.786,11,14,0.885,46,52,53,0,0,0,0,0,0,0,0,0.0,0,0,0,0,0,0,0,0,0,0,0,0,0.0,0,0,0,0,0,61,1
DFB-Pokal,1/32 FINALE,18.08.2025,RW Essen,Dortmund,Ospite,Dortmund,Kobel Gregor,Portiere,Titolare,8.3,0,6,0,0,1,0,0.0,0,0,0,0,0,2,0,0.0,0,0,0.0,0,0,0.0,0,0,0.0,0.0,0,0,0,0,0,0,0.0,0.0,0.0,0.871,0.0,0,4,0,0,0,0,0,0,0.871,0.871,0.0,0,0,0,0,3,3,0,0.0,0,0,0.6,9,15,90,90,0,0,0,0.85,34,0.25,1,4,0.839,26,31,40,0,0,0,0,0,0,0,0,0.0,0,0,0,5,0,0,0,5,0,0,0,0,0.0,0,0,0,0,0,50,0
DFB-Pokal,1/32 FINALE,18.08.2025,RW Essen,Dortmund,Ospite,Dortmund,Guirassy Serhou,Attaccante,Titolare,8.2,0,2,0,0,0,0,0.0,1,0,0,0,0,2,0,0.0,0,0,0.0,2,0,0.625,8,5,0.615,0.6,5,3,13,8,0,0,0.057,0.184,0.293,0.871,0.0,0,1,0,3,1,0,0,0,0.871,0.871,0.0,0,0,0,0,0,0,2,0.857,6,7,0.0,0,2,90,90,0,2,0,0.786,22,0.765,13,17,0.808,21,26,28,0,0,0,0,0,0,0,0,0.0,0,0,0,0,1,2,2,0,1,1,2,4,0.0,0,0,0,0,8,49,5
DFB-Pokal,1/32 FINALE,18.08.2025,RW Essen,Dortmund,Ospite,Dortmund,Mane Filippo,Difensore centrale,Titolare,7.8,0,6,0,0,0,0,0.0,2,0,0,0,1,2,0,0.0,0,1,0.0,0,0,0.5,2,1,0.429,0.4,5,2,7,3,0,0,0.034,0.0,0.0,0.871,0.0,0,15,2,0,0,0,0,0,0.871,0.871,0.0,0,0,0,0,0,0,0,0.0,0,0,0.6,3,5,90,90,0,0,0,0.926,88,0.846,22,26,0.926,88,95,95,0,0,0,0,0,0,0,0,0.0,0,0,0,0,0,0,0,0,0,0,0,0,0.5,2,1,0,0,0,102,1
DFB-Pokal,1/32 FINALE,18.08.2025,RW Essen,Dortmund,Ospite,Dortmund,Bellingham Jobe,Centrocampista,Subentrato,6.7,0,1,0,0,0,0,0.0,1,0,0,0,0,0,0,0.0,0,0,0.5,2,1,0.0,0,0,0.75,0.75,4,3,4,3,0,0,0.043,0.0,0.0,0.095,0.0,0,1,0,2,0,0,0,0,0.095,0.095,0.0,0,0,0,0,0,0,0,1.0,2,2,1.0,1,1,27,26,0,0,0,0.882,15,0.778,7,9,0.882,15,17,17,0,0,0,0,0,0,0,0,0.0,0,0,0,0,0,0,0,0,0,0,0,0,0.0,0,0,0,0,1,22,0
DFB-Pokal,1/32 FINALE,18.08.2025,RW Essen,Dortmund,Ospite,Dortmund,Ozcan Salih,Centrocampista,Subentrato,,0,1,0,0,0,0,0.0,0,0,0,0,0,0,0,0.0,0,0,0.0,0,0,0.0,0,0,1.0,1.0,1,1,1,1,0,0,0.0,0.0,0.0,0.0,0.0,0,0,0,0,0,0,0,0,0.0,0.0,0.0,0,0,0,0,0,0,0,0.0,0,0,0.0,0,0,1,1,0,0,0,1.0,2,0.0,0,0,1.0,2,2,2,0,0,0,0,0,0,0,0,0.0,0,0,0,0,0,0,0,0,0,0,0,0,1.0,1,1,0,0,0,3,0
DFB-Pokal,1/32 FINALE,18.08.2025,RW Essen,Dortmund,Casa,RW Essen,Gjasula Klaus,Centrocampista,Titolare,5.8,0,3,0,0,0,0,0.0,0,0,0,0,1,3,0,0.0,0,0,0.0,0,0,0.5,6,3,0.333,0.0,3,0,9,3,0,0,0.012,0.0,0.0,0.531,0.0,0,0,2,0,0,1,0,0,-0.469,-0.469,0.0,0,0,0,3,0,0,0,0.0,0,0,0.0,0,0,87,87,0,0,0,0.75,18,1.0,2,2,0.75,18,24,24,0,0,0,0,0,0,0,0,0.0,0,0,0,0,0,0,0,1,0,0,0,0,0.0,0,0,0,0,0,32,0
DFB-Pokal,1/32 FINALE,18.08.2025,RW Essen,Dortmund,Ospite,Dortmund,Svensson Daniel,Esterno,Titolare,6.3,0,3,0,0,0,0,0.0,3,0,1,0,0,1,0,1.0,3,3,0.0,0,0,0.5,2,1,0.5,0.5,4,2,6,3,0,0,0.068,0.109,0.0,0.871,0.0,0,2,1,1,0,0,0,0,0.871,0.871,0.0,0,0,0,0,0,0,1,1.0,1,1,0.0,0,1,90,90,0,1,0,0.839,26,0.667,6,9,0.828,24,29,31,0,0,0,0,0,0,0,0,0.0,0,0,0,0,0,1,0,0,0,1,0,1,1.0,1,1,0,0,3,49,2
DFB-Pokal,1/32 FINALE,18.08.2025,RW Essen,Dortmund,Ospite,Dortmund,Beier Maximilian,Attaccante,Titolare,6.6,0,0,0,0,0,0,0.0,0,0,0,0,0,1,0,0.0,0,1,0.0,1,0,0.0,0,0,0.0,0.0,1,0,1,0,0,0,0.158,0.0,0.0,0.776,0.0,0,0,0,0,0,0,0,0,0.776,0.776,0.0,0,0,0,0,0,0,2,0.0,0,0,0.0,0,0,64,64,0,0,0,0.778,7,0.833,5,6,0.778,7,9,9,0,0,0,0,0,0,0,0,0.0,0,0,0,0,0,0,0,0,0,0,0,0,0.0,0,0,0,0,4,17,2
DFB-Pokal,1/32 FINALE,18.08.2025,RW Essen,Dortmund,Casa,RW Essen,Mizuta Kaito,Centrocampista offensivo,Titolare,6.0,0,6,0,0,0,0,0.0,2,0,0,0,1,0,0,0.0,0,1,0.333,6,2,0.333,3,1,0.389,0.4,15,6,18,7,0,0,0.016,0.115,0.231,0.531,0.0,0,4,0,2,0,1,0,0,-0.469,-0.469,0.0,0,0,0,0,0,0,2,0.0,0,0,0.0,0,4,90,90,0,0,0,0.692,18,0.6,6,10,0.692,18,26,26,0,0,0,0,0,0,0,0,0.0,0,0,0,0,0,0,2,1,0,0,2,2,0.5,2,1,0,0,0,53,7
DFB-Pokal,1/32 FINALE,18.08.2025,RW Essen,Dortmund,Casa,RW Essen,Arslan Ahmet,Attaccante,Titolare,6.1,0,2,0,0,0,0,0.0,2,0,0,0,0,0,0,0.5,1,2,0.0,0,0,0.0,0,0,0.75,0.75,4,3,4,3,0,0,0.02,0.0,0.0,0.365,0.0,0,6,0,3,0,0,0,0,0.365,0.365,0.0,0,0,0,0,0,0,1,0.0,0,0,0.333,1,3,76,76,0,0,0,0.611,11,0.5,5,10,0.563,9,16,18,0,0,0,0,0,0,0,0,0.0,0,0,0,0,0,0,0,0,0,0,0,0,0.0,0,0,0,1,0,26,1
DFB-Pokal,1/32 FINALE,18.08.2025,RW Essen,Dortmund,Casa,RW Essen,Brumme Lucas,Esterno,Titolare,6.3,0,6,0,0,0,0,0.0,0,0,0,0,1,4,0,0.0,0,2,0.0,0,0,1.0,2,2,0.833,0.75,4,3,6,5,0,0,0.0,0.024,0.0,0.365,0.0,0,0,0,1,0,0,0,0,0.365,0.365,0.0,0,0,0,0,0,0,0,0.0,0,0,0.0,0,1,75,75,0,0,0,0.476,10,0.0,0,1,0.476,10,21,21,0,0,0,0,0,0,0,0,0.0,0,0,0,0,0,0,1,0,0,1,0,1,0.5,2,1,0,0,1,45,1
DFB-Pokal,1/32 FINALE,18.08.2025,RW Essen,Dortmund,Casa,RW Essen,Safi Ramien,Centrocampista offensivo,Titolare,5.8,0,2,0,1,0,0,0.0,2,0,0,0,1,2,0,0.0,0,0,1.0,1,1,1.0,1,1,0.6,0.5,4,2,5,3,0,0,0.002,0.432,0.574,0.531,0.0,0,0,1,1,0,1,0,0,-0.469,-0.469,0.0,0,0,0,0,0,0,0,0.0,0,0,0.0,0,0,83,83,0,0,0,0.4,4,0.333,2,6,0.4,4,10,10,0,0,0,0,0,0,0,0,0.0,0,0,0,0,0,1,1,1,0,0,2,2,0.0,0,0,0,0,1,18,1
DFB-Pokal,1/32 FINALE,18.08.2025,Dresda,Magonza,Casa,Dresda,Bunning Lars,Difensore centrale,Titolare,7.0,0,1,0,0,0,0,0.0,1,0,0,0,1,4,0,0.0,0,0,0.0,0,0,0.625,8,5,0.688,0.75,8,6,16,11,0,0,0.027,0.015,0.0,2.494,0.0,0,10,1,3,0,1,0,0,1.494,1.494,0.0,0,0,0,0,0,0,1,0.0,0,0,0.5,6,12,90,90,0,0,0,0.739,34,0.7,7,10,0.727,32,44,46,0,0,0,0,0,0,0,0,0.0,0,0,0,0,0,0,1,1,0,1,0,1,1.0,3,3,0,0,1,59,2
DFB-Pokal,1/32 FINALE,18.08.2025,Dresda,Magonza,Casa,Dresda,Kother Dominik,Ala,Titolare,6.4,0,7,1,0,0,0,0.0,4,0,0,0,0,1,0,0.333,1,3,0.0,1,0,0.333,3,1,0.333,0.333,3,1,6,2,0,0,0.076,0.058,0.166,2.494,0.0,0,3,0,0,0,1,0,0,1.494,1.494,0.0,0,0,0,0,0,0,1,0.0,0,0,0.0,0,1,78,78,0,0,0,0.778,14,0.75,3,4,0.778,14,18,18,0,0,0,0,0,0,0,0,0.0,0,0,0,0,0,1,0,1,0,0,1,1,1.0,1,1,0,0,1,30,1
DFB-Pokal,1/32 FINALE,18.08.2025,Dresda,Magonza,Casa,Dresda,Froling Nils,Attaccante,Titolare,6.2,0,3,0,1,0,0,0.0,2,0,1,0,0,0,0,0.0,0,0,1.0,1,1,0.75,4,3,0.571,0.333,3,1,7,4,0,0,0.009,0.221,0.273,2.494,0.0,0,0,0,0,0,1,0,0,1.494,1.494,0.0,0,0,0,0,0,0,1,0.0,0,0,1.0,1,1,77,77,0,0,0,0.727,8,1.0,3,3,0.7,7,10,11,0,0,0,0,0,0,0,0,0.0,0,0,0,0,1,3,0,1,1,1,1,3,0.0,0,0,0,0,5,23,4
DFB-Pokal,1/32 FINALE,18.08.2025,Dresda,Magonza,Casa,Dresda,Sapina Vinko,Centrocampista,Titolare,7.1,0,8,0,0,0,0,0.0,2,0,0,0,0,0,0,0.0,0,1,0.0,0,0,0.0,1,0,0.556,0.625,8,5,9,5,0,0,0.012,0.0,0.0,2.494,0.0,0,9,1,1,0,1,0,0,1.494,1.494,0.0,0,0,0,3,0,0,0,0.0,0,0,0.2,2,10,84,84,0,0,0,0.657,23,0.5,6,12,0.655,19,29,35,0,0,0,0,0,0,0,0,0.0,0,0,0,0,0,0,0,1,0,0,0,0,1.0,4,4,0,0,1,52,2
DFB-Pokal,1/32 FINALE,18.08.2025,Dresda,Magonza,Casa,Dresda,Herrmann Luca,Centrocampista,Subentrato,6.5,0,1,0,0,0,0,0.0,1,0,0,0,0,0,0,0.0,0,0,0.0,0,0,0.0,1,0,0.6,0.75,4,3,5,3,0,0,0.038,0.022,0.02,0.471,0.0,0,1,1,0,0,0,0,0,0.471,0.471,0.0,0,0,0,0,0,0,0,0.0,0,0,1.0,1,1,27,26,0,0,0,0.714,5,0.5,1,2,0.714,5,7,7,0,0,0,0,0,0,0,0,0.0,0,0,0,0,0,0,1,0,0,0,1,1,1.0,3,3,0,0,1,12,0
DFB-Pokal,1/32 FINALE,18.08.2025,Dresda,Magonza,Casa,Dresda,Faber Konrad,Terzino,Titolare,7.2,0,8,0,0,0,0,0.0,5,0,0,0,1,2,0,0.333,1,3,1.0,1,1,1.0,2,2,0.611,0.563,16,9,18,11,0,0,0.095,0.0,0.0,2.494,0.0,0,7,4,3,0,1,0,0,1.494,1.494,0.0,0,0,0,4,0,0,2,0.0,0,0,0.4,4,10,90,90,0,0,1,0.719,41,0.667,10,15,0.714,40,56,57,0,0,0,0,0,0,0,0,0.0,0,0,0,0,0,0,0,1,0,0,0,0,0.4,5,2,0,0,0,95,2
DFB-Pokal,1/32 FINALE,18.08.2025,Dresda,Magonza,Casa,Dresda,Menzel Tony,Attaccante,Subentrato,,0,2,0,0,0,0,0.0,0,0,0,0,0,0,0,0.0,0,0,0.0,0,0,0.0,0,0,0.667,0.667,3,2,3,2,0,0,0.0,0.0,0.0,0.0,0.0,0,0,1,0,0,0,0,0,0.0,0.0,0.0,0,0,0,1,0,0,0,0.0,0,0,1.0,1,1,7,6,0,0,0,0.6,3,0.0,0,0,0.6,3,5,5,0,0,0,0,0,0,0,0,0.0,0,0,0,0,0,0,0,0,0,0,0,0,0.5,2,1,0,0,0,8,0
DFB-Pokal,1/32 FINALE,18.08.2025,Dresda,Magonza,Casa,Dresda,Amoako Kofi,Centrocampista,Titolare,6.7,0,4,0,0,0,0,0.0,1,0,0,0,1,1,0,0.0,0,0,0.0,0,0,0.75,4,3,0.615,0.556,9,5,13,8,0,0,0.013,0.053,0.126,2.494,0.0,0,4,1,0,0,1,0,0,1.494,1.494,0.0,0,0,0,1,0,0,0,0.0,0,0,0.0,0,1,90,90,0,0,0,0.667,18,0.636,7,11,0.667,18,27,27,0,0,0,0,0,0,0,0,0.0,0,0,0,0,0,1,1,1,0,0,2,2,0.8,5,4,0,0,2,41,2
DFB-Pokal,1/32 FINALE,18.08.2025,Dresda,Magonza,Casa,Dresda,Oehmichen Jonas,Centrocampista,Subentrato,6.5,0,0,0,0,0,0,0.0,2,0,0,0,0,0,0,0.0,0,1,0.0,0,0,0.0,0,0,1.0,1.0,1,1,1,1,0,0,0.005,0.055,0.0,0.0,0.0,0,0,0,0,0,0,0,0,0.0,0.0,0.0,0,0,0,0,0,0,0,0.0,0,0,0.0,0,0,13,12,0,0,0,0.667,2,0.5,1,2,0.5,1,2,3,0,0,0,0,0,0,0,0,0.0,0,0,0,0,0,1,0,0,0,1,0,1,0.0,1,0,0,0,1,8,0
DFB-Pokal,1/32 FINALE,18.08.2025,Dresda,Magonza,Casa,Dresda,Lemmer Jakob,Ala,Titolare,5.8,0,4,1,2,0,0,0.0,5,0,0,0,1,2,0,0.0,0,3,0.333,6,2,0.6,5,3,0.333,0.231,13,3,18,6,0,0,0.051,1.051,0.737,2.494,0.0,0,4,1,1,0,1,0,0,1.494,1.494,0.0,0,0,0,0,0,0,3,0.0,0,0,0.667,2,3,90,90,0,0,0,0.783,18,0.818,9,11,0.783,18,23,23,0,1,0,0,0,0,0,0,0.0,0,0,0,0,1,2,2,1,0,2,1,4,0.0,0,0,0,0,5,51,9
DFB-Pokal,1/32 FINALE,18.08.2025,Dresda,Magonza,Casa,Dresda,Hauptmann Niklas,Centrocampista offensivo,Titolare,6.2,0,2,0,1,0,0,0.0,0,0,0,0,0,0,0,0.0,0,0,1.0,1,1,0.667,3,2,0.667,0.667,3,2,6,4,0,0,0.007,0.137,0.236,2.023,0.0,0,4,1,0,0,1,0,0,1.023,1.023,0.0,0,0,0,0,0,0,0,0.0,0,0,1.0,1,1,64,64,0,0,0,0.615,8,0.667,6,9,0.583,7,12,13,0,0,0,0,0,0,0,0,0.0,0,0,0,0,0,1,0,1,1,0,1,1,1.0,1,1,0,0,1,17,1
DFB-Pokal,1/32 FINALE,18.08.2025,Dresda,Magonza,Casa,Dresda,Risch Sascha,Terzino,Titolare,5.7,0,1,0,0,0,0,0.0,2,0,0,0,0,2,0,0.333,1,3,0.0,0,0,0.333,3,1,0.571,0.75,4,3,7,4,0,0,0.106,0.021,0.0,2.494,0.0,0,3,1,2,0,1,0,0,1.494,1.494,0.0,0,0,0,0,0,0,1,0.0,0,0,0.167,1,6,90,90,0,0,0,0.636,21,0.5,3,6,0.625,20,32,33,0,0,0,0,0,0,0,0,0.0,0,0,0,0,0,0,1,1,0,1,0,1,1.0,1,1,0,0,2,51,0
DFB-Pokal,1/32 FINALE,18.08.2025,Dresda,Magonza,Casa,Dresda,Boeder Lukas,Difensore centrale,Titolare,6.8,0,1,0,0,0,0,0.0,4,0,1,0,1,0,0,0.0,0,0,0.0,1,0,0.0,0,0,0.571,0.571,7,4,7,4,0,0,0.044,0.0,0.0,2.494,0.0,0,12,1,3,0,1,0,0,1.494,1.494,0.0,0,0,0,1,0,0,1,0.0,0,0,0.417,5,12,90,90,0,0,0,0.839,52,0.643,9,14,0.833,50,60,62,0,0,0,0,0,0,0,0,0.0,0,0,0,0,0,0,0,1,0,0,0,0,0.0,1,0,0,0,0,69,0
DFB-Pokal,1/32 FINALE,18.08.2025,Dresda,Magonza,Casa,Dresda,Schreiber Tim,Portiere,Titolare,7.8,0,16,0,0,1,0,0.0,1,0,0,0,0,1,0,0.0,0,0,0.0,0,0,0.0,0,0,0.0,0.0,0,0,0,0,0,0,0.011,0.0,0.0,2.494,0.0,0,13,0,0,0,1,0,0,1.494,1.494,0.0,0,0,0,0,0,5,0,0.0,0,0,0.313,10,32,90,90,0,0,0,0.52,26,0.385,5,13,0.556,20,36,50,0,0,0,0,0,0,0,0,0.0,0,0,1,5,0,0,0,6,0,0,0,0,0.0,0,0,0,0,0,61,0
DFB-Pokal,1/32 FINALE,18.08.2025,Dresda,Magonza,Casa,Dresda,Kutschke Stefan,Attaccante,Subentrato,7.1,0,0,1,0,0,0,0.0,2,0,0,0,0,0,0,0.0,0,0,0.0,0,0,0.857,7,6,0.875,1.0,1,1,8,7,0,0,0.075,0.031,0.0,0.0,0.0,0,0,0,1,0,0,0,0,0.0,0.0,0.0,0,0,0,0,0,0,2,0.0,0,0,0.0,0,0,14,13,0,0,0,0.4,2,0.5,2,4,0.4,2,5,5,0,0,0,0,0,0,0,0,0.0,0,0,0,0,0,1,0,0,1,1,0,1,0.0,0,0,0,0,3,9,0
DFB-Pokal,1/32 FINALE,18.08.2025,Dresda,Magonza,Ospite,Magonza,Kohr Dominik,Difensore centrale,Titolare,7.1,0,2,0,0,1,0,0.0,0,0,1,0,1,1,0,0.0,0,0,0.0,0,0,0.333,3,1,0.556,0.667,6,4,9,5,0,0,0.001,0.012,0.0,0.8,0.0,0,3,1,0,0,0,0,0,0.8,0.8,0.0,0,0,0,1,0,0,0,0.0,0,0,0.333,1,3,64,64,0,0,1,0.767,23,0.25,1,4,0.731,19,26,30,0,0,0,0,0,0,0,0,0.0,0,0,0,0,1,0,1,0,0,0,0,1,1.0,4,4,0,0,0,38,0
DFB-Pokal,1/32 FINALE,18.08.2025,Dresda,Magonza,Ospite,Magonza,Nordin Arnaud,Esterno,Titolare,7.6,0,7,0,0,0,0,0.0,5,0,0,0,2,3,0,0.0,0,3,0.0,0,0,0.0,3,0,0.5,0.667,9,6,12,6,0,0,0.032,0.067,0.0,1.557,0.0,0,8,1,3,0,0,0,0,1.557,0.82,0.0,0,0,0,3,0,0,1,0.0,0,0,0.556,5,9,90,90,0,0,0,0.84,21,0.667,8,12,0.84,21,25,25,0,0,0,0,0,0,0,0,0.0,0,0,0,0,0,1,1,0,0,2,0,2,1.0,3,3,0,0,2,56,2
DFB-Pokal,1/32 FINALE,18.08.2025,Dresda,Magonza,Ospite,Magonza,Hanche-Olsen Andreas,Difensore,Subentrato,6.6,0,1,0,0,0,0,0.0,1,0,0,0,0,1,0,0.0,0,0,0.0,0,0,1.0,1,1,1.0,0.0,0,0,1,1,0,0,0.001,0.0,0.0,0.757,0.0,0,3,0,0,0,0,0,0,0.757,0.02,0.0,0,0,0,1,0,0,0,0.0,0,0,0.5,1,2,27,26,0,0,0,0.588,10,0.333,1,3,0.563,9,16,17,0,0,0,0,0,0,0,0,0.0,0,0,0,0,0,0,0,0,0,0,0,0,0.0,0,0,0,0,0,19,0
DFB-Pokal,1/32 FINALE,18.08.2025,Dresda,Magonza,Ospite,Magonza,da Costa Danny,Difensore centrale,Titolare,6.5,0,6,0,0,0,0,0.0,0,0,0,0,0,2,0,0.0,0,0,0.0,1,0,0.0,1,0,0.333,0.5,2,1,3,1,0,0,0.003,0.0,0.0,1.557,0.0,0,5,0,0,0,0,0,0,1.557,0.82,0.0,0,0,0,1,0,0,0,0.0,0,0,0.333,2,6,90,90,0,0,0,0.737,28,0.375,3,8,0.73,27,37,38,0,0,0,0,0,0,0,0,0.0,0,0,0,0,0,0,0,0,0,0,0,0,1.0,1,1,0,0,0,48,0
DFB-Pokal,1/32 FINALE,18.08.2025,Dresda,Magonza,Ospite,Magonza,Amiri Nadiem,Centrocampista,Titolare,8.0,0,6,0,0,0,0,0.0,8,0,0,0,0,1,0,0.5,3,6,0.0,2,0,0.333,3,1,0.4,0.429,7,3,10,4,0,0,0.152,0.037,0.137,1.537,0.0,0,4,2,1,1,0,0,0,1.537,0.8,0.0,0,0,0,1,0,0,1,1.0,2,2,0.333,2,6,79,79,0,0,0,0.838,31,0.8,8,10,0.824,28,34,37,0,0,0,0,0,0,0,0,0.0,0,0,0,0,0,0,1,0,0,0,1,1,1.0,2,2,0,0,1,57,2
DFB-Pokal,1/32 FINALE,18.08.2025,Dresda,Magonza,Ospite,Magonza,Bobzien Ben,Attaccante,Subentrato,5.6,0,1,0,0,0,0,0.0,0,0,1,0,0,0,0,0.0,0,0,0.25,4,1,0.0,3,0,0.222,0.333,6,2,9,2,0,0,0.008,0.041,0.0,0.757,0.0,0,1,2,0,0,0,0,0,0.757,0.02,0.0,0,0,0,0,0,0,0,0.0,0,0,0.0,0,2,27,26,0,0,0,0.6,6,0.667,4,6,0.6,6,10,10,1,0,0,0,0,0,0,0,0.0,0,0,0,0,0,0,1,0,0,1,0,1,0.0,1,0,0,0,0,20,1
DFB-Pokal,1/32 FINALE,18.08.2025,Dresda,Magonza,Ospite,Magonza,Nebel Paul,Centrocampista offensivo,Titolare,6.8,0,5,0,1,0,0,0.0,2,0,0,0,0,0,0,0.0,0,2,1.0,1,1,0.5,2,1,0.571,0.6,5,3,7,4,0,0,0.01,0.566,1.037,1.537,0.0,0,0,0,2,0,0,0,0,1.537,0.8,0.0,0,0,0,2,0,0,0,1.0,4,4,0.0,0,0,75,75,0,0,0,0.826,19,0.7,7,10,0.826,19,23,23,0,0,0,0,0,0,0,0,0.0,0,0,0,0,0,2,0,0,1,0,2,2,0.0,0,0,0,0,3,39,5
DFB-Pokal,1/32 FINALE,18.08.2025,Dresda,Magonza,Ospite,Magonza,Bell Stefan,Difensore centrale,Titolare,7.0,0,2,0,0,0,0,0.0,0,0,0,0,2,4,0,0.0,0,0,0.0,0,0,0.5,6,3,0.444,0.333,3,1,9,4,0,0,0.008,0.122,0.849,0.8,0.0,0,2,0,0,0,0,0,0,0.8,0.8,0.0,0,0,0,0,0,0,0,0.0,0,0,0.667,2,3,45,45,0,0,0,0.7,14,0.4,2,5,0.7,14,20,20,0,0,0,0,0,0,0,0,0.0,0,0,0,0,0,2,0,0,2,0,2,2,1.0,1,1,0,0,3,28,0
DFB-Pokal,1/32 FINALE,18.08.2025,Dresda,Magonza,Ospite,Magonza,Hollerbach Benedict,Attaccante,Titolare,6.7,0,5,0,0,0,0,0.0,2,0,0,0,0,0,0,0.5,1,2,0.333,6,2,0.5,2,1,0.353,0.333,15,5,17,6,0,0,0.128,0.0,0.0,0.8,0.0,0,2,5,3,0,0,0,0,0.8,0.8,0.0,0,0,0,0,0,0,2,0.0,0,0,0.0,0,1,64,64,0,1,0,0.7,14,0.714,5,7,0.7,14,20,20,0,0,0,0,0,0,0,0,0.0,0,0,0,0,0,0,0,0,0,0,0,0,0.0,0,0,0,0,2,36,4
DFB-Pokal,1/32 FINALE,18.08.2025,Dresda,Magonza,Ospite,Magonza,Widmer Silvan,Esterno,Titolare,6.8,0,4,0,0,0,0,0.0,3,0,0,0,0,2,0,0.0,0,0,0.0,1,0,0.4,5,2,0.444,0.5,4,2,9,4,0,0,0.022,0.0,0.0,1.557,0.0,0,7,1,0,0,0,0,0,1.557,0.82,0.0,0,0,0,2,0,0,1,0.0,0,0,0.0,0,4,90,90,0,0,0,0.744,29,0.6,9,15,0.744,29,39,39,0,0,0,0,0,0,0,0,0.0,0,0,0,0,0,0,0,0,0,0,0,0,0.5,2,1,0,0,3,64,2
DFB-Pokal,1/32 FINALE,18.08.2025,Dresda,Magonza,Ospite,Magonza,Leitsch Maxim,Difensore,Subentrato,6.6,0,0,0,0,0,0,0.0,0,0,0,0,0,4,0,0.0,0,0,0.0,0,0,0.429,7,3,0.444,0.5,2,1,9,4,0,0,0.002,0.0,0.0,0.757,0.0,0,3,1,0,0,0,0,0,0.757,0.02,0.0,0,0,0,0,0,0,0,0.0,0,0,1.0,3,3,45,45,0,0,0,0.667,12,0.333,1,3,0.667,12,18,18,0,0,0,0,0,0,0,0,0.0,0,0,0,0,0,0,0,0,0,0,0,0,0.0,1,0,0,0,0,25,0
DFB-Pokal,1/32 FINALE,18.08.2025,Dresda,Magonza,Ospite,Magonza,Lee Jae-Sung,Centrocampista,Subentrato,6.4,0,2,0,0,0,0,0.0,0,0,0,0,0,0,0,0.0,0,0,0.0,1,0,0.0,1,0,0.25,0.333,3,1,4,1,0,0,0.004,0.0,0.0,0.02,0.0,0,1,1,0,0,0,0,0,0.02,0.02,0.0,0,0,0,0,0,0,0,1.0,1,1,0.0,0,0,16,15,0,0,0,0.75,6,0.75,3,4,0.75,6,8,8,0,0,0,0,0,0,0,0,0.0,0,0,0,0,0,0,0,0,0,0,0,0,0.0,1,0,0,0,1,15,5
DFB-Pokal,1/32 FINALE,18.08.2025,Dresda,Magonza,Ospite,Magonza,Sieb Armindo,Attaccante,Titolare,5.6,0,3,0,0,0,0,0.0,3,0,0,0,0,0,0,1.0,1,1,0.25,4,1,0.0,0,0,0.214,0.214,14,3,14,3,0,0,0.046,0.107,0.471,1.557,0.0,0,2,2,0,0,0,0,0,1.557,0.82,0.0,0,0,0,0,0,0,0,1.0,3,3,1.0,1,1,90,90,0,0,0,0.789,15,0.75,6,8,0.778,14,18,19,0,0,0,0,0,0,0,0,0.0,0,0,0,0,0,1,0,0,0,0,1,1,0.5,2,1,0,0,3,46,13
DFB-Pokal,1/32 FINALE,18.08.2025,Dresda,Magonza,Ospite,Magonza,Maloney Lennard,Difensore,Subentrato,6.3,0,0,0,0,0,0,0.0,0,0,0,0,0,0,0,0.0,0,0,0.0,0,0,0.333,3,1,0.5,1.0,1,1,4,2,0,0,0.0,0.0,0.0,0.02,0.0,0,0,0,1,0,0,0,0,0.02,0.02,0.0,0,0,0,0,0,0,0,0.0,0,0,0.0,0,1,12,11,0,0,0,0.75,3,0.0,0,1,0.75,3,4,4,0,0,0,0,0,0,0,0,0.0,0,0,0,0,0,0,0,0,0,0,0,0,0.0,0,0,0,0,0,5,0
DFB-Pokal,1/32 FINALE,18.08.2025,Dresda,Magonza,Ospite,Magonza,Sano Kaishu,Centrocampista,Titolare,7.3,0,4,0,0,0,0,0.0,1,0,0,0,0,0,0,0.0,0,0,0.0,1,0,0.0,0,0,0.667,0.667,6,4,6,4,0,0,0.011,0.101,0.0,1.557,0.0,0,10,0,2,0,0,0,0,1.557,0.82,0.0,0,0,0,1,0,0,1,0.0,0,0,0.5,1,2,90,90,0,0,1,0.815,22,0.733,11,15,0.815,22,27,27,0,0,0,0,0,0,0,0,0.0,0,0,0,0,0,0,2,0,0,2,0,2,0.5,2,1,0,0,0,40,2
DFB-Pokal,1/32 FINALE,18.08.2025,Dresda,Magonza,Ospite,Magonza,Zentner Robin,Portiere,Titolare,9.1,0,13,0,0,2,0,0.0,1,0,0,0,0,1,0,0.0,0,0,0.0,0,0,1.0,1,1,1.0,0.0,0,0,1,1,0,0,0.008,0.0,0.0,1.557,0.0,0,17,0,0,0,0,0,0,1.557,0.82,1.0,2,2,0,0,0,4,0,0.0,0,0,0.355,11,31,90,90,0,0,0,0.429,15,0.176,3,17,0.381,8,21,35,0,0,1,0,0,0,0,0,0.0,0,0,1,7,0,0,0,7,0,0,0,0,0.0,0,0,0,0,0,50,0
DFB-Pokal,1/32 FINALE,18.08.2025,Munster,Hertha,Ospite,Hertha,Kolbe Niklas,Difensore,Subentrato,6.5,0,3,0,0,0,0,0.0,0,0,1,0,0,3,0,0.0,0,0,0.0,0,0,0.0,0,0,0.5,0.5,2,1,2,1,0,0,0.003,0.0,0.0,0.439,0.0,0,1,1,0,0,0,0,0,0.439,0.439,0.0,0,0,0,0,0,0,0,0.0,0,0,1.0,1,1,65,64,0,0,0,0.952,20,0.5,1,2,0.95,19,20,21,0,0,0,0,0,0,0,0,0.0,0,0,0,0,0,0,0,0,0,0,0,0,1.0,1,1,0,0,0,30,1
DFB-Pokal,1/32 FINALE,18.08.2025,Munster,Hertha,Ospite,Hertha,Winkler Marten,Esterno,Titolare,6.2,0,6,0,0,0,0,0.0,5,0,0,0,0,3,0,0.0,0,6,0.5,2,1,0.0,2,0,0.5,0.6,10,6,12,6,0,0,0.03,0.0,0.0,1.325,0.0,0,4,4,3,0,0,0,0,1.325,1.325,0.0,0,0,0,0,0,0,0,0.0,0,0,0.167,1,6,112,112,0,0,0,0.5,10,0.571,4,7,0.5,10,20,20,0,0,0,0,0,0,0,0,0.0,0,0,0,0,0,0,0,0,0,0,0,0,1.0,2,2,0,0,3,49,3
DFB-Pokal,1/32 FINALE,18.08.2025,Munster,Hertha,Ospite,Hertha,Thorsteinsson Jon,Centrocampista offensivo,Titolare,6.1,0,4,0,0,0,0,0.0,0,0,0,0,0,0,0,0.0,0,0,0.0,0,0,0.0,0,0,0.8,0.8,5,4,5,4,0,0,0.004,0.0,0.0,1.085,0.0,0,1,1,0,0,0,0,0,1.085,1.085,0.0,0,0,0,0,0,0,0,0.0,0,0,0.0,0,1,76,76,0,0,1,0.5,5,0.4,2,5,0.5,5,10,10,0,0,0,0,0,0,0,0,0.0,0,0,0,0,0,0,0,0,0,0,0,0,0.5,4,2,0,0,3,18,1
DFB-Pokal,1/32 FINALE,18.08.2025,Munster,Hertha,Casa,Munster,ter Horst Jano,Terzino,Titolare,6.9,0,10,0,0,0,0,0.0,2,0,0,0,1,2,0,0.5,1,2,0.0,0,0,0.333,6,2,0.417,0.5,6,3,12,5,0,0,0.088,0.0,0.0,0.687,0.0,0,6,1,2,0,0,0,0,0.687,0.687,0.0,0,0,0,1,0,0,2,0.0,0,0,0.2,1,5,120,120,0,0,1,0.8,48,0.571,8,14,0.804,45,56,60,0,0,0,0,0,0,0,0,0.0,0,0,0,0,0,0,0,0,0,0,0,0,1.0,1,1,0,0,2,83,2
DFB-Pokal,1/32 FINALE,18.08.2025,Munster,Hertha,Ospite,Hertha,Sessa Kevin,Centrocampista,Titolare,5.8,0,1,0,0,0,0,0.0,0,0,0,0,2,0,0,0.0,0,0,0.0,2,0,0.0,1,0,0.143,0.167,6,1,7,1,0,0,0.001,0.0,0.0,0.886,0.0,0,2,1,0,0,0,0,0,0.886,0.886,0.0,0,0,0,1,0,0,0,0.0,0,0,0.5,2,4,56,56,0,0,1,0.636,7,0.333,1,3,0.667,6,9,11,0,0,0,0,0,0,0,0,0.0,0,0,0,0,0,0,0,0,0,0,0,0,0.0,1,0,0,0,0,18,1
DFB-Pokal,1/32 FINALE,18.08.2025,Munster,Hertha,Ospite,Hertha,Dardai Marton,Difensore centrale,Titolare,7.0,0,0,0,0,0,0,0.0,0,0,1,0,0,2,0,0.0,0,0,0.0,0,0,0.0,0,0,0.75,0.75,4,3,4,3,0,0,0.001,0.012,0.009,0.886,0.0,0,4,1,1,0,0,0,0,0.886,0.886,0.0,0,0,0,4,0,0,0,0.0,0,0,0.222,2,9,56,56,0,0,2,0.524,11,0.25,1,4,0.5,10,20,21,0,0,0,0,0,0,0,0,0.0,0,0,0,0,0,0,1,0,0,0,1,1,1.0,2,2,0,0,0,38,0
DFB-Pokal,1/32 FINALE,18.08.2025,Munster,Hertha,Casa,Munster,Bouchama Yassine,Centrocampista,Subentrato,6.5,0,2,0,0,0,0,0.0,0,0,0,0,0,1,0,1.0,1,1,0.5,2,1,0.0,1,0,0.333,0.4,5,2,6,2,0,0,0.075,0.082,0.0,0.086,0.0,0,3,1,1,0,0,0,0,0.086,0.086,0.0,0,0,0,1,0,0,1,1.0,1,1,1.0,1,1,42,41,0,0,0,0.975,39,1.0,18,18,0.975,39,40,40,0,0,0,0,0,0,0,0,0.0,0,0,0,0,0,1,0,0,1,1,0,1,0.0,0,0,0,0,4,48,1
DFB-Pokal,1/32 FINALE,18.08.2025,Munster,Hertha,Ospite,Hertha,Gronning Sebastian,Attaccante,Subentrato,6.1,0,0,0,0,0,0,0.0,0,0,0,0,1,0,0,0.0,0,0,0.0,0,0,0.0,1,0,0.0,0.0,2,0,3,0,0,0,0.0,0.0,0.0,0.0,0.0,0,0,1,0,0,0,0,0,0.0,0.0,0.0,0,0,0,0,0,0,0,0.0,0,0,0.0,0,0,19,18,0,0,0,0.0,0,0.0,0,0,0.0,0,0,0,0,0,0,0,0,0,1,0,0.0,0,0,0,0,0,0,0,0,0,0,0,0,0.0,0,0,0,0,0,0,0
DFB-Pokal,1/32 FINALE,18.08.2025,Munster,Hertha,Casa,Munster,Batista Meier Oliver,Attaccante,Titolare,7.8,0,4,1,0,0,0,0.0,15,0,1,0,0,0,0,0.273,3,11,0.4,5,2,0.0,2,0,0.5,0.625,8,5,10,5,0,0,0.373,0.095,0.0,0.687,0.0,0,10,1,3,0,0,0,0,0.687,0.687,0.0,0,0,0,0,0,0,4,0.0,0,0,1.0,3,3,120,120,0,0,0,0.899,80,0.767,23,30,0.895,77,86,89,0,0,0,0,0,0,1,0,0.0,0,0,0,0,1,0,3,0,0,2,0,3,0.0,0,0,0,1,0,119,2
DFB-Pokal,1/32 FINALE,18.08.2025,Munster,Hertha,Ospite,Hertha,Berner Janne,Difensore,Subentrato,,0,0,0,0,0,0,0.0,0,0,0,0,0,0,0,0.0,0,0,0.0,0,0,0.0,0,0,0.0,0.0,0,0,0,0,0,0,0.041,0.0,0.0,0.0,0.0,0,1,0,0,0,0,0,0,0.0,0.0,0.0,0,0,0,0,0,0,1,0.0,0,0,0.0,0,0,9,8,0,0,0,1.0,3,1.0,2,2,1.0,3,3,3,0,0,0,0,0,0,0,0,0.0,0,0,0,0,0,0,0,0,0,0,0,0,0.0,0,0,0,0,1,5,1
DFB-Pokal,1/32 FINALE,18.08.2025,Munster,Hertha,Ospite,Hertha,Cuisance Michael,Centrocampista,Titolare,6.9,0,7,0,0,0,0,0.0,5,0,0,0,1,0,0,1.0,1,1,0.5,2,1,0.0,1,0,0.538,0.583,12,7,13,7,0,0,0.168,0.0,0.0,1.325,0.0,0,9,0,2,0,0,0,0,1.325,1.325,0.0,0,0,0,2,0,0,2,1.0,1,1,0.333,2,6,120,120,0,0,2,0.75,27,0.588,10,17,0.781,25,32,36,0,0,0,0,0,0,1,0,0.0,0,0,0,0,0,0,0,0,0,0,0,0,0.5,4,2,0,1,1,61,5
DFB-Pokal,1/32 FINALE,18.08.2025,Munster,Hertha,Casa,Munster,Amenyido Etienne,Attaccante,Titolare,6.8,0,0,0,1,0,0,0.0,0,0,0,0,0,0,0,0.0,0,0,0.2,5,1,1.0,1,1,0.333,0.25,8,2,9,3,0,0,0.06,0.573,0.204,0.395,0.0,0,4,1,0,0,0,0,0,0.395,0.395,0.0,0,0,0,0,0,0,1,0.0,0,0,0.0,0,0,70,70,0,2,0,0.667,8,0.8,4,5,0.667,8,12,12,0,0,0,0,0,0,0,0,0.0,0,0,0,0,1,3,1,0,1,2,1,4,1.0,1,1,0,0,7,28,5
DFB-Pokal,1/32 FINALE,18.08.2025,Munster,Hertha,Ospite,Hertha,Reese Fabian,Centrocampista offensivo,Titolare,7.5,0,2,1,0,0,0,0.0,9,0,0,0,0,3,0,0.4,2,5,0.0,0,0,0.333,6,2,0.333,0.333,6,2,12,4,0,0,0.718,0.325,0.122,1.325,0.0,0,4,2,1,0,0,0,0,1.325,1.325,0.0,0,0,0,1,0,0,3,0.0,0,0,0.0,0,1,120,120,0,1,0,0.632,12,0.667,8,12,0.611,11,18,19,0,0,0,0,0,0,1,0,0.0,0,0,0,0,2,3,1,0,1,1,1,4,1.0,1,1,0,0,5,47,5
DFB-Pokal,1/32 FINALE,18.08.2025,Munster,Hertha,Casa,Munster,Lokotsch Lars,Attaccante,Subentrato,6.3,0,0,0,0,0,0,0.0,0,0,0,0,0,0,0,0.0,0,0,0.0,0,0,0.0,0,0,0.0,0.0,0,0,0,0,0,0,0.004,0.0,0.0,0.0,0.0,0,0,0,0,0,0,0,0,0.0,0.0,0.0,0,0,0,0,0,0,0,0.0,0,0,0.0,0,0,30,30,0,0,0,0.833,5,1.0,1,1,0.8,4,5,6,0,0,0,0,0,0,1,0,0.0,0,0,0,0,0,0,0,0,0,0,0,0,0.0,0,0,0,0,0,8,1
DFB-Pokal,1/32 FINALE,18.08.2025,Munster,Hertha,Ospite,Hertha,Eitschberger Julian,Esterno,Titolare,6.0,0,4,0,0,0,0,0.0,4,0,1,0,3,3,0,0.0,0,4,0.75,4,3,0.5,2,1,0.474,0.471,17,8,19,9,0,0,0.004,0.026,0.086,1.325,0.0,0,0,3,4,0,0,0,0,1.325,1.325,0.0,0,0,0,3,0,0,0,0.0,0,0,0.5,2,4,120,120,0,1,0,0.667,22,0.4,2,5,0.667,22,33,33,0,0,0,0,0,0,0,0,0.0,0,0,0,0,0,0,1,0,0,0,1,1,0.0,1,0,0,0,0,72,3
DFB-Pokal,1/32 FINALE,18.08.2025,Munster,Hertha,Casa,Munster,Makridis Charalampos,Attaccante,Subentrato,6.4,0,2,0,0,0,0,0.0,3,0,0,0,0,0,0,0.0,0,1,0.0,1,0,0.333,3,1,0.4,0.5,2,1,5,2,0,0,0.2,0.037,0.0,0.292,0.0,0,0,0,1,0,0,0,0,0.292,0.292,0.0,0,0,0,0,0,0,2,0.0,0,0,0.5,1,2,51,50,0,0,0,0.739,17,0.778,7,9,0.739,17,23,23,0,0,0,0,1,0,0,0,0.0,0,0,0,0,0,1,1,0,0,2,0,2,0.0,0,0,0,0,2,28,0
DFB-Pokal,1/32 FINALE,18.08.2025,Munster,Hertha,Ospite,Hertha,Kownacki Dawid,Attaccante,Titolare,6.7,0,4,0,1,0,0,0.0,2,0,0,0,0,1,0,0.0,0,0,0.667,3,2,0.385,13,5,0.471,0.75,4,3,17,8,0,0,0.069,0.748,0.264,1.325,0.0,0,3,0,1,0,0,0,0,1.325,1.325,0.0,0,0,0,0,0,0,2,1.0,2,2,0.333,1,3,102,102,0,0,0,0.56,14,0.538,7,13,0.56,14,25,25,0,0,0,0,0,0,0,0,0.0,0,0,0,0,1,2,1,0,1,1,1,3,0.0,0,0,0,0,6,35,1
DFB-Pokal,1/32 FINALE,18.08.2025,Munster,Hertha,Casa,Munster,Bolay Luca,Terzino,Titolare,6.5,0,3,0,0,0,0,0.0,4,0,0,0,1,0,0,0.667,2,3,0.0,0,0,0.0,2,0,0.286,0.4,5,2,7,2,0,0,0.082,0.012,0.0,0.395,0.0,0,3,2,0,0,0,0,0,0.395,0.395,0.0,0,0,0,2,0,0,2,0.0,0,0,0.333,1,3,70,70,0,0,0,0.914,53,0.75,6,8,0.909,50,55,58,0,0,0,0,0,0,0,0,0.0,0,0,0,0,1,0,1,0,0,0,0,1,0.5,2,1,0,0,0,72,2
DFB-Pokal,1/32 FINALE,18.08.2025,Munster,Hertha,Ospite,Hertha,Krattenmacher Maurice,Centrocampista,Subentrato,6.5,0,4,0,0,0,0,0.0,2,0,0,0,0,0,0,0.0,0,1,1.0,1,1,0.0,0,0,0.6,0.6,5,3,5,3,0,0,0.026,0.083,0.206,0.24,0.0,0,1,2,2,0,0,0,0,0.24,0.24,0.0,0,0,0,1,0,0,0,0.0,0,0,0.5,1,2,45,44,0,0,0,0.8,8,0.667,2,3,0.8,8,10,10,0,0,0,0,0,0,1,0,0.0,0,0,0,0,0,2,0,0,0,1,1,2,0.0,0,0,0,0,2,19,0
DFB-Pokal,1/32 FINALE,18.08.2025,Munster,Hertha,Casa,Munster,Meyerhofer Marco,Difensore,Subentrato,6.3,0,2,0,1,0,0,0.0,0,0,0,0,0,4,0,0.0,0,0,0.5,2,1,1.0,1,1,0.75,0.667,3,2,4,3,0,0,0.004,0.12,0.189,0.292,0.0,0,2,1,1,0,0,0,0,0.292,0.292,0.0,0,0,0,1,0,0,0,0.0,0,0,0.0,0,1,51,50,0,0,1,0.851,40,0.6,3,5,0.848,39,46,47,0,0,0,0,0,0,0,0,0.0,0,0,0,0,0,1,0,0,0,0,1,1,0.0,0,0,0,0,1,64,0
DFB-Pokal,1/32 FINALE,18.08.2025,Munster,Hertha,Ospite,Hertha,Leistner Toni,Difensore centrale,Titolare,7.1,0,2,0,0,0,0,0.0,2,0,0,0,1,7,0,0.0,0,0,0.0,0,0,0.75,4,3,0.636,0.571,7,4,11,7,0,0,0.026,0.0,0.0,1.325,0.0,0,8,2,1,0,0,0,0,1.325,1.325,0.0,0,0,0,4,0,0,0,0.0,0,0,0.5,6,12,120,120,0,0,1,0.831,49,0.4,4,10,0.843,43,51,59,0,0,0,0,0,0,0,0,0.0,0,0,0,0,0,0,0,0,0,0,0,0,0.667,3,2,0,0,0,76,0
DFB-Pokal,1/32 FINALE,18.08.2025,Munster,Hertha,Ospite,Hertha,Jensen Leon,Centrocampista,Subentrato,7.1,0,3,0,0,0,0,0.0,1,0,1,0,0,2,0,0.0,0,0,0.0,0,0,1.0,2,2,0.75,0.667,6,4,8,6,0,0,0.005,0.0,0.0,0.439,0.0,0,7,2,0,0,0,0,0,0.439,0.439,0.0,0,0,0,2,0,0,1,0.0,0,0,0.429,3,7,65,64,0,0,0,0.69,20,0.25,2,8,0.741,20,27,29,0,0,0,0,0,0,1,0,0.0,0,0,0,0,0,0,0,0,0,0,0,0,0.5,4,2,0,0,1,42,2
DFB-Pokal,1/32 FINALE,18.08.2025,Munster,Hertha,Casa,Munster,Mees Joshua,Centrocampista offensivo,Titolare,6.4,0,1,1,0,0,0,0.0,4,0,0,0,0,1,0,0.0,0,1,0.0,1,0,0.5,2,1,0.5,0.5,8,4,10,5,0,0,0.093,0.083,0.0,0.687,0.0,0,3,0,4,0,0,0,0,0.687,0.687,0.0,0,0,0,2,0,0,2,0.0,0,0,0.5,1,2,90,90,0,0,0,0.788,26,0.7,7,10,0.781,25,32,33,0,0,0,0,0,0,0,0,0.0,0,0,0,0,0,1,1,0,0,2,0,2,0.0,0,0,0,0,1,53,6
DFB-Pokal,1/32 FINALE,18.08.2025,Munster,Hertha,Casa,Munster,Heuer Jannis,Difensore centrale,Titolare,6.1,0,1,0,0,0,0,0.0,1,0,0,0,0,4,0,0.0,0,0,0.0,0,0,0.667,3,2,0.75,1.0,1,1,4,3,0,0,0.031,0.03,0.0,0.601,0.0,0,0,0,0,0,0,0,0,0.601,0.601,0.0,0,0,0,1,0,0,0,0.0,0,0,0.333,1,3,79,79,0,0,1,0.884,61,0.5,1,2,0.881,59,67,69,0,0,0,0,0,0,0,0,0.0,0,0,0,0,0,1,0,0,0,1,0,1,0.0,1,0,0,0,2,79,0
DFB-Pokal,1/32 FINALE,18.08.2025,Munster,Hertha,Casa,Munster,Jaeckel Paul,Difensore centrale,Titolare,8.3,0,6,0,0,0,0,0.0,1,0,1,0,1,18,0,0.0,0,0,0.0,0,0,0.889,9,8,0.733,0.5,6,3,15,11,0,0,0.008,0.011,0.011,0.687,0.0,0,4,2,2,0,0,0,0,0.687,0.687,0.0,0,0,0,3,0,0,0,0.0,0,0,0.6,3,5,120,120,0,0,0,0.949,131,0.4,2,5,0.948,128,135,138,0,0,0,0,0,0,0,0,0.0,0,0,0,0,0,1,0,0,1,0,1,1,1.0,1,1,0,0,3,165,0
DFB-Pokal,1/32 FINALE,18.08.2025,Munster,Hertha,Ospite,Hertha,Gechter Linus,Difensore centrale,Titolare,6.1,0,5,0,0,0,0,0.0,0,0,0,0,0,5,0,0.0,0,1,0.0,0,0,0.75,4,3,0.6,0.0,1,0,5,3,0,0,0.002,0.0,0.0,1.325,0.0,0,3,1,0,0,0,0,0,1.325,1.325,0.0,0,0,0,3,0,0,0,0.0,0,0,0.4,2,5,120,120,0,0,0,0.839,47,0.333,1,3,0.83,44,53,56,0,0,0,0,0,0,0,0,0.0,0,0,0,0,0,0,0,0,0,0,0,0,0.0,0,0,0,0,0,73,0
DFB-Pokal,1/32 FINALE,18.08.2025,Munster,Hertha,Casa,Munster,Hendrix Jorrit,Centrocampista,Titolare,7.6,0,5,0,1,0,0,0.0,8,0,0,0,2,4,0,0.0,0,3,0.5,2,1,1.0,3,3,0.647,0.571,14,8,17,11,0,0,0.164,0.374,0.24,0.687,0.0,0,16,2,3,0,0,0,0,0.687,0.687,0.0,0,0,0,0,0,0,0,1.0,3,3,0.6,3,5,120,120,0,0,0,0.915,107,0.778,21,27,0.912,103,113,117,0,0,0,0,0,0,0,0,0.0,0,0,0,0,2,4,3,0,1,4,1,7,0.75,4,3,0,1,9,155,3
DFB-Pokal,1/32 FINALE,18.08.2025,Munster,Hertha,Ospite,Hertha,Ernst Tjark,Portiere,Titolare,8.6,0,9,0,0,3,0,0.0,1,0,0,0,0,1,0,0.0,0,0,0.0,0,0,0.0,0,0,0.0,0.0,0,0,0,0,0,0,0.0,0.0,0.0,1.325,0.0,0,2,0,0,0,0,0,0,1.325,1.325,0.0,0,0,0,0,1,2,0,0.0,0,0,0.4,6,15,120,120,0,0,0,0.722,26,0.0,0,2,0.762,16,21,36,0,0,0,0,0,0,0,0,0.0,0,0,0,5,0,0,0,5,0,0,0,0,0.0,0,0,0,0,0,44,0
DFB-Pokal,1/32 FINALE,18.08.2025,Munster,Hertha,Casa,Munster,Schulz Marvin,Centrocampista,Titolare,7.0,0,3,0,1,0,0,0.0,3,0,1,0,0,0,0,0.0,0,1,0.667,3,2,0.5,2,1,0.417,0.4,10,4,12,5,0,0,0.185,0.362,0.681,0.601,0.0,0,5,3,1,0,0,0,0,0.601,0.601,0.0,0,0,0,0,0,0,1,1.0,4,4,1.0,1,1,79,79,0,0,0,0.933,28,0.818,9,11,0.933,28,30,30,0,0,0,0,0,0,0,0,0.0,0,0,0,0,2,2,2,0,0,1,1,4,1.0,1,1,0,0,2,47,2
DFB-Pokal,1/32 FINALE,18.08.2025,Munster,Hertha,Casa,Munster,Scherder Simon,Difensore,Subentrato,6.5,0,3,0,0,0,0,0.0,0,0,0,0,0,2,0,0.0,0,0,0.0,0,0,0.0,0,0,0.667,0.667,3,2,3,2,0,0,0.003,0.0,0.0,0.086,0.0,0,2,1,2,0,0,0,0,0.086,0.086,0.0,0,0,0,1,0,0,0,0.0,0,0,0.0,0,0,42,41,0,0,0,0.972,35,1.0,2,2,0.972,35,36,36,0,0,0,0,0,0,1,0,0.0,0,0,0,0,0,0,0,0,0,0,0,0,0.0,0,0,0,0,0,41,0
DFB-Pokal,1/32 FINALE,18.08.2025,Munster,Hertha,Casa,Munster,Preissinger Rico,Centrocampista,Titolare,6.5,0,9,0,0,0,0,0.0,4,0,0,0,3,3,0,0.0,0,1,0.0,0,0,0.0,1,0,0.222,0.25,8,2,9,2,0,0,0.067,0.0,0.0,0.687,0.0,0,20,0,1,0,0,0,0,0.687,0.687,0.0,0,0,0,3,0,0,2,1.0,3,3,0.25,2,8,120,120,0,0,0,0.861,105,0.708,17,24,0.858,103,120,122,0,0,0,0,0,0,0,0,0.0,0,0,0,0,0,0,0,0,0,0,0,0,1.0,1,1,0,0,0,136,3
DFB-Pokal,1/32 FINALE,18.08.2025,Munster,Hertha,Casa,Munster,Schenk Johannes,Portiere,Titolare,7.9,0,19,0,0,0,0,0.0,0,0,0,0,0,1,0,0.0,0,0,0.0,0,0,0.0,0,0,0.0,0.0,0,0,0,0,0,0,0.005,0.0,0.0,0.687,0.0,0,7,0,0,0,0,0,0,0.687,0.687,1.0,1,1,0,0,3,7,0,0.0,0,0,0.333,6,18,120,120,0,0,0,0.797,47,0.143,1,7,0.83,39,47,59,0,0,0,0,0,0,0,0,0.0,0,0,1,5,0,0,0,5,0,0,0,0,0.0,0,0,0,0,0,74,0
DFB-Pokal,1/32 FINALE,18.08.2025,Schweinfurt,Dusseldorf,Ospite,Dusseldorf,Haag Giovanni,Centrocampista,Subentrato,,0,0,0,0,0,0,0.0,0,0,0,0,0,0,0,0.0,0,0,0.0,0,0,0.0,0,0,1.0,1.0,1,1,1,1,0,0,0.0,0.0,0.0,0.0,0.0,0,0,0,0,0,0,0,0,0.0,0.0,0.0,0,0,0,0,0,0,0,0.0,0,0,0.0,0,0,2,2,0,0,0,0.75,3,0.0,0,0,0.667,2,3,4,0,0,0,0,0,0,0,0,0.0,0,0,0,0,0,0,0,0,0,0,0,0,0.0,1,0,0,0,0,5,0
DFB-Pokal,1/32 FINALE,18.08.2025,Schweinfurt,Dusseldorf,Ospite,Dusseldorf,Heyer Moritz,Terzino,Titolare,6.3,0,4,0,0,0,0,0.0,0,0,0,0,0,0,0,0.0,0,2,0.0,0,0,0.0,0,0,0.667,0.667,3,2,3,2,0,0,0.006,0.0,0.0,0.766,0.0,0,5,2,1,0,1,0,0,-0.234,0.073,0.0,0,0,0,0,0,0,0,0.0,0,0,0.333,1,3,45,45,0,0,0,0.833,15,0.833,5,6,0.824,14,17,18,1,0,0,0,0,0,0,0,0.0,0,0,0,0,0,0,0,1,0,0,0,0,1.0,1,1,0,0,0,29,0
DFB-Pokal,1/32 FINALE,18.08.2025,Schweinfurt,Dusseldorf,Ospite,Dusseldorf,Kastenmeier Florian,Portiere,Titolare,6.3,0,9,0,0,0,0,0.0,1,0,0,0,0,0,0,0.0,0,0,0.0,0,0,0.0,0,0,1.0,1.0,1,1,1,1,0,0,0.007,0.0,0.0,1.07,0.0,0,8,0,1,0,2,0,0,-0.93,-0.624,0.0,0,1,0,0,0,3,0,0.0,0,0,0.467,7,15,90,90,0,0,0,0.778,28,0.375,3,8,0.833,25,30,36,0,0,0,0,0,0,0,0,0.0,0,0,0,2,0,0,0,4,0,0,0,0,0.0,0,0,0,0,0,43,0
DFB-Pokal,1/32 FINALE,18.08.2025,Schweinfurt,Dusseldorf,Ospite,Dusseldorf,Hettwer Julian,Attaccante,Subentrato,,0,0,0,0,0,0,0.0,0,0,0,0,0,0,0,0.0,0,0,0.0,0,0,0.0,1,0,0.0,0.0,2,0,3,0,0,0,0.0,0.0,0.0,0.249,0.0,0,0,1,0,0,1,0,0,-0.751,-0.751,0.0,0,0,0,0,0,0,0,0.0,0,0,0.0,0,0,10,10,0,0,0,0.0,0,0.0,0,0,0.0,0,1,1,0,0,0,0,0,0,0,0,0.0,0,0,0,0,0,0,0,1,0,0,0,0,0.0,0,0,0,0,0,2,1
DFB-Pokal,1/32 FINALE,18.08.2025,Schweinfurt,Dusseldorf,Ospite,Dusseldorf,Rossmann Tim,Attaccante,Subentrato,6.9,0,3,0,0,0,0,0.0,5,0,0,0,0,0,0,0.2,1,5,0.0,3,0,0.667,3,2,0.571,0.5,4,2,7,4,0,0,0.011,0.015,0.0,0.303,0.0,0,1,1,2,0,1,0,0,-0.697,-0.697,0.0,0,0,0,0,0,0,2,0.0,0,0,0.0,0,0,45,45,0,0,0,0.852,23,0.833,5,6,0.852,23,27,27,0,0,0,0,0,0,0,0,0.0,0,0,0,0,0,0,1,1,0,1,0,1,0.0,0,0,0,0,0,46,0
DFB-Pokal,1/32 FINALE,18.08.2025,Schweinfurt,Dusseldorf,Ospite,Dusseldorf,Muslija Florent,Ala,Titolare,9.4,1,7,1,0,0,0,0.0,10,0,0,0,1,0,0,0.75,3,4,1.0,4,4,0.5,2,1,0.636,0.667,9,6,11,7,0,0,0.609,0.593,1.358,1.07,0.0,0,3,1,1,1,2,0,0,-0.93,-0.624,0.0,0,0,0,0,0,0,5,0.0,0,0,0.25,1,4,90,90,0,0,0,0.792,42,0.571,12,21,0.808,42,52,53,0,0,0,0,0,0,0,0,0.0,0,0,0,0,1,2,4,2,0,3,2,6,1.0,1,1,0,1,2,72,2
DFB-Pokal,1/32 FINALE,18.08.2025,Schweinfurt,Dusseldorf,Ospite,Dusseldorf,Lunddal Valgeir,Difensore,Subentrato,7.4,1,1,0,0,0,0,0.0,1,0,0,0,1,1,0,1.0,1,1,0.0,0,0,1.0,1,1,0.5,0.0,1,0,2,1,0,0,0.034,0.131,0.553,0.303,0.0,0,2,0,0,0,1,0,0,-0.697,-0.697,0.0,0,0,0,1,0,0,1,0.0,0,0,1.0,2,2,45,45,0,0,0,0.833,15,0.6,3,5,0.833,15,18,18,0,0,0,0,0,0,0,0,0.0,0,0,0,0,1,2,0,1,0,0,1,2,0.0,0,0,0,0,4,28,1
DFB-Pokal,1/32 FINALE,18.08.2025,Schweinfurt,Dusseldorf,Ospite,Dusseldorf,Rasmussen Christian,Ala,Titolare,7.0,0,6,1,0,0,0,0.0,8,0,1,0,0,0,0,0.0,0,6,0.0,5,0,1.0,1,1,0.462,0.417,12,5,13,6,0,0,0.187,0.021,0.0,0.821,0.0,0,3,2,4,0,1,0,0,-0.179,0.127,0.0,0,0,0,0,0,0,1,0.0,0,0,0.333,1,3,80,80,0,0,0,0.692,27,0.577,15,26,0.686,24,35,39,0,0,0,0,0,0,0,0,0.0,0,0,0,0,0,1,0,1,0,1,0,1,1.0,1,1,0,0,5,62,3
DFB-Pokal,1/32 FINALE,18.08.2025,Schweinfurt,Dusseldorf,Ospite,Dusseldorf,El Azzouzi Anouar,Centrocampista,Titolare,7.1,0,0,0,1,0,0,0.0,0,0,1,0,0,1,0,0.0,0,0,0.5,2,1,0.5,4,2,0.667,0.75,8,6,12,8,0,0,0.029,0.611,0.009,1.07,0.0,0,12,1,2,0,2,0,0,-0.93,-0.624,0.0,0,0,0,0,0,0,2,1.0,1,1,1.0,1,1,90,90,0,0,0,0.927,51,0.842,16,19,0.927,51,55,55,0,0,0,0,0,0,0,0,0.0,0,0,0,0,0,1,1,2,0,1,1,2,0.333,3,1,0,0,4,69,0
DFB-Pokal,1/32 FINALE,18.08.2025,Schweinfurt,Dusseldorf,Ospite,Dusseldorf,Appelkamp Shinta,Centrocampista offensivo,Titolare,9.5,1,4,1,0,0,0,0.0,3,0,0,0,1,1,0,1.0,1,1,1.0,1,1,0.0,0,0,0.5,0.5,4,2,4,2,0,0,0.279,0.935,1.281,1.07,0.0,0,9,1,1,2,2,0,0,-0.93,-0.624,0.0,0,0,0,0,0,0,4,0.0,0,0,1.0,2,2,88,88,0,0,0,0.897,35,0.87,20,23,0.895,34,38,39,0,0,0,0,0,0,0,0,0.0,0,0,0,0,1,1,2,2,0,0,2,3,0.0,0,0,0,0,4,48,0
DFB-Pokal,1/32 FINALE,18.08.2025,Schweinfurt,Dusseldorf,Ospite,Dusseldorf,Zimmermann Matthias,Terzino,Titolare,7.0,0,2,0,0,0,0,0.0,1,0,0,0,0,0,0,0.5,1,2,0.0,1,0,0.0,0,0,0.5,0.5,2,1,2,1,0,0,0.162,0.056,0.494,0.766,0.0,0,1,0,0,0,1,0,0,-0.234,0.073,0.0,0,0,0,0,0,0,1,0.0,0,0,0.0,0,0,45,45,0,1,0,0.92,23,0.75,6,8,0.92,23,25,25,0,0,0,0,0,0,0,0,0.0,0,0,0,0,0,1,0,1,0,0,1,1,1.0,1,1,0,0,2,33,0
DFB-Pokal,1/32 FINALE,18.08.2025,Schweinfurt,Dusseldorf,Ospite,Dusseldorf,Oberdorf Tim,Difensore centrale,Titolare,7.2,0,3,0,0,0,0,0.0,1,0,0,0,0,0,0,1.0,1,1,0.0,0,0,0.0,1,0,0.5,1.0,1,1,2,1,0,0,0.079,0.045,0.49,1.07,0.0,0,12,0,0,0,2,0,0,-0.93,-0.624,0.0,0,0,0,1,0,0,1,0.0,0,0,0.875,7,8,90,90,0,0,1,0.896,60,0.714,10,14,0.889,56,63,67,0,0,0,0,0,0,0,0,0.0,0,0,0,0,0,1,0,2,0,0,1,1,0.0,1,0,0,0,1,76,1
DFB-Pokal,1/32 FINALE,18.08.2025,Schweinfurt,Dusseldorf,Ospite,Dusseldorf,Itten Cedric,Attaccante,Titolare,8.1,0,4,0,0,0,0,0.0,2,0,1,0,0,0,0,0.0,0,0,0.0,0,0,0.25,4,1,0.222,0.2,5,1,9,2,0,0,0.053,0.974,1.486,1.07,0.0,0,0,3,0,1,2,0,0,-0.93,-0.624,0.0,0,0,0,0,0,0,2,0.0,0,0,0.0,0,0,88,88,0,0,0,0.857,12,0.778,7,9,0.833,10,12,14,0,0,0,0,0,0,0,0,0.0,0,0,0,0,2,6,0,2,3,2,2,6,1.0,1,1,0,0,7,27,2
DFB-Pokal,1/32 FINALE,18.08.2025,Schweinfurt,Dusseldorf,Ospite,Dusseldorf,Schmidt Danny,Centrocampista,Subentrato,,0,0,0,0,0,0,0.0,0,0,0,0,0,0,0,0.0,0,0,0.0,0,0,0.0,0,0,0.0,0.0,0,0,0,0,0,0,0.0,0.0,0.0,0.0,0.0,0,0,0,0,0,0,0,0,0.0,0.0,0.0,0,0,0,0,0,0,0,0.0,0,0,0.0,0,0,2,2,0,0,0,1.0,1,0.0,0,0,1.0,1,1,1,0,0,0,0,0,0,0,0,0.0,0,0,0,0,0,0,0,0,0,0,0,0,0.0,0,0,0,0,0,1,0
DFB-Pokal,1/32 FINALE,18.08.2025,Schweinfurt,Dusseldorf,Ospite,Dusseldorf,Siebert Jamil,Difensore centrale,Titolare,7.0,0,7,0,0,0,0,0.0,0,0,0,0,0,5,0,0.0,0,0,0.0,1,0,1.0,2,2,0.6,0.333,3,1,5,3,0,0,0.015,0.072,0.0,1.07,0.0,0,7,1,1,0,2,0,0,-0.93,-0.624,0.0,0,0,0,1,0,0,1,0.0,0,0,0.833,5,6,90,90,0,1,0,0.935,58,0.889,8,9,0.931,54,58,62,0,0,0,0,0,0,0,0,0.0,0,0,0,0,0,1,0,2,1,1,0,1,0.0,0,0,0,0,2,73,0
DFB-Pokal,1/32 FINALE,18.08.2025,Schweinfurt,Dusseldorf,Ospite,Dusseldorf,Alexandropoulos Sotiris,Centrocampista,Titolare,8.2,0,5,0,0,0,0,0.0,2,0,0,0,0,2,0,0.0,0,0,0.0,0,0,0.0,1,0,0.6,0.75,4,3,5,3,0,0,0.077,0.02,0.111,1.07,0.0,0,18,0,0,0,2,0,0,-0.93,-0.624,0.0,0,0,0,1,0,0,0,0.0,0,0,0.833,5,6,90,90,0,0,0,0.926,63,0.923,24,26,0.925,62,67,68,0,0,0,0,0,0,0,0,0.0,0,0,0,0,0,0,1,2,0,0,1,1,1.0,3,3,0,0,0,77,1
DFB-Pokal,1/32 FINALE,18.08.2025,Schweinfurt,Dusseldorf,Casa,Schweinfurt,Trslic Luka,Difensore centrale,Titolare,5.7,0,4,0,0,0,0,0.0,0,0,1,0,0,4,0,0.0,0,0,0.0,0,0,0.0,0,0,0.625,0.625,8,5,8,5,1,0,0.001,0.015,0.0,3.713,0.0,0,4,3,2,0,3,0,0,0.713,0.713,0.0,0,0,0,0,0,0,0,0.0,0,0,0.5,4,8,74,74,0,0,1,0.833,25,0.0,0,3,0.846,22,26,30,0,0,0,0,0,0,0,0,0.0,0,0,0,0,0,1,0,3,1,1,0,1,1.0,3,3,0,0,1,44,1
DFB-Pokal,1/32 FINALE,18.08.2025,Schweinfurt,Dusseldorf,Casa,Schweinfurt,Geis Johannes,Centrocampista,Titolare,6.9,0,2,0,0,0,0,0.0,6,0,0,0,1,1,0,0.333,1,3,0.0,0,0,0.5,2,1,0.667,0.75,4,3,6,4,0,0,0.051,0.028,0.054,5.781,0.0,0,9,1,3,0,4,0,0,1.781,1.781,0.0,0,0,0,1,0,0,1,1.0,1,1,0.545,6,11,90,90,0,0,0,0.742,23,0.6,6,10,0.731,19,26,31,0,0,0,0,0,0,0,0,0.0,0,0,0,0,0,0,2,4,0,1,1,2,0.0,0,0,0,0,0,42,0
DFB-Pokal,1/32 FINALE,18.08.2025,Schweinfurt,Dusseldorf,Casa,Schweinfurt,Zeller Lucas,Difensore centrale,Titolare,5.8,0,2,0,0,0,0,0.0,1,0,0,0,0,7,0,0.0,0,0,0.0,0,0,1.0,3,3,0.75,0.0,1,0,4,3,0,0,0.023,0.0,0.0,5.781,0.0,0,5,1,0,0,4,0,0,1.781,1.781,0.0,0,0,0,0,0,0,0,0.0,0,0,0.5,2,4,90,90,0,0,0,0.846,22,0.75,3,4,0.84,21,25,26,0,0,0,0,0,0,0,0,0.0,0,0,0,0,0,0,0,4,0,0,0,0,0.0,0,0,0,0,1,40,0
DFB-Pokal,1/32 FINALE,18.08.2025,Schweinfurt,Dusseldorf,Casa,Schweinfurt,Obiogumu Destiny Uche,Centrocampista,Titolare,5.3,0,3,0,0,0,0,0.0,1,0,0,0,0,0,0,0.0,0,1,0.0,3,0,0.0,0,0,0.333,0.333,6,2,6,2,0,0,0.0,0.025,0.073,3.713,0.0,0,0,1,1,0,3,0,0,0.713,0.713,0.0,0,0,0,1,0,0,0,0.0,0,0,1.0,1,1,74,74,0,0,0,0.857,6,0.0,0,1,0.857,6,7,7,0,0,0,0,0,0,0,0,0.0,0,0,0,0,0,1,0,3,0,0,1,1,0.0,1,0,0,0,1,17,2
DFB-Pokal,1/32 FINALE,18.08.2025,Schweinfurt,Dusseldorf,Casa,Schweinfurt,Angleberger Devin,Centrocampista,Titolare,6.5,0,2,0,0,0,0,0.0,1,0,0,0,1,1,0,0.0,0,1,1.0,1,1,0.0,0,0,0.667,0.667,6,4,6,4,0,0,0.023,0.0,0.0,5.781,0.0,0,7,1,1,0,4,0,0,1.781,1.781,0.0,0,0,0,1,0,0,1,1.0,1,1,0.6,3,5,88,88,0,0,0,0.889,40,0.9,9,10,0.889,40,45,45,0,0,0,0,0,0,0,0,0.0,0,0,0,0,0,0,0,4,0,0,0,0,0.0,2,0,0,0,0,56,2
DFB-Pokal,1/32 FINALE,18.08.2025,Schweinfurt,Dusseldorf,Casa,Schweinfurt,Wintzheimer Manuel,Attaccante,Titolare,6.6,0,2,0,0,0,0,0.0,4,0,1,0,0,0,0,0.0,0,2,0.5,2,1,0.333,3,1,0.25,0.222,9,2,12,3,0,0,0.023,0.808,0.694,5.781,0.0,0,6,4,1,1,4,0,1,1.781,1.781,0.0,0,0,0,0,0,0,2,0.0,0,0,0.0,0,0,90,90,0,0,0,0.606,20,0.412,7,17,0.552,16,29,33,0,0,0,0,0,0,0,0,0.0,0,0,0,0,0,1,1,4,0,1,1,2,0.0,0,0,0,0,1,45,4
DFB-Pokal,1/32 FINALE,18.08.2025,Schweinfurt,Dusseldorf,Casa,Schweinfurt,Weisbacker Maximilian,Portiere,Titolare,7.4,0,8,0,0,0,0,0.0,1,0,0,0,1,1,0,0.0,0,0,0.0,0,0,0.0,0,0,0.0,0.0,1,0,1,0,0,0,0.001,0.0,0.0,5.781,0.0,0,4,0,0,0,4,0,0,1.781,1.781,0.0,0,0,0,0,0,4,0,0.0,0,0,0.286,4,14,90,90,0,0,0,0.56,14,0.25,1,4,0.533,8,15,25,0,0,0,0,0,0,0,0,0.0,0,0,0,7,0,0,0,11,0,0,0,0,0.0,0,0,0,0,0,38,0
DFB-Pokal,1/32 FINALE,18.08.2025,Schweinfurt,Dusseldorf,Casa,Schweinfurt,Kratschmer Pius,Esterno,Titolare,6.4,0,3,0,0,0,0,0.0,1,0,1,0,2,1,0,0.0,0,1,0.0,1,0,0.667,3,2,0.556,0.5,6,3,9,5,0,0,0.011,0.0,0.0,5.781,0.0,0,4,0,1,0,4,0,0,1.781,1.781,0.0,0,0,0,0,0,0,0,1.0,1,1,0.333,1,3,88,88,0,0,2,0.75,18,0.714,5,7,0.75,18,24,24,0,0,0,0,0,0,0,0,0.0,0,0,0,0,0,0,0,4,0,0,0,0,1.0,2,2,0,0,0,37,0
DFB-Pokal,1/32 FINALE,18.08.2025,Schweinfurt,Dusseldorf,Casa,Schweinfurt,Muller Sebastian,Attaccante,Subentrato,6.1,0,1,0,0,0,0,0.0,1,0,0,0,0,0,0,0.0,0,1,0.0,0,0,0.0,2,0,0.0,0.0,1,0,3,0,0,0,0.007,0.0,0.0,4.047,0.0,0,2,1,0,0,4,0,0,0.047,0.047,0.0,0,0,0,1,0,0,0,0.0,0,0,1.0,1,1,25,25,0,0,0,0.9,9,0.75,3,4,0.9,9,10,10,0,0,0,0,0,0,0,0,0.0,0,0,0,0,0,0,0,4,0,0,0,0,0.0,0,0,0,0,0,14,0
DFB-Pokal,1/32 FINALE,18.08.2025,Schweinfurt,Dusseldorf,Casa,Schweinfurt,Meissner Thomas,Difensore centrale,Titolare,6.6,0,4,0,0,0,0,0.0,0,0,1,0,0,7,0,0.0,0,0,0.0,0,0,1.0,2,2,1.0,1.0,1,1,3,3,0,0,0.001,0.0,0.0,5.781,0.0,0,2,1,0,0,4,0,0,1.781,1.781,0.0,0,0,0,2,0,0,0,0.0,0,0,0.0,0,3,90,90,0,0,2,0.824,28,0.0,0,2,0.846,22,26,34,0,0,0,0,0,0,0,0,0.0,0,0,0,0,0,0,0,4,0,0,0,0,1.0,1,1,0,0,0,47,0
DFB-Pokal,1/32 FINALE,18.08.2025,Schweinfurt,Dusseldorf,Casa,Schweinfurt,Piwernetz Nils,Difensore,Subentrato,,0,1,0,0,0,0,0.0,0,0,0,0,0,0,0,0.0,0,0,0.0,0,0,0.0,0,0,0.0,0.0,2,0,2,0,0,0,0.001,0.0,0.0,0.0,0.0,0,1,0,0,0,0,0,0,0.0,0.0,0.0,0,0,0,0,0,0,0,0.0,0,0,1.0,1,1,2,2,0,0,0,1.0,3,1.0,1,1,1.0,3,3,3,0,0,0,0,0,0,0,0,0.0,0,0,0,0,0,0,0,0,0,0,0,0,0.0,0,0,0,0,0,6,2
DFB-Pokal,1/32 FINALE,18.08.2025,Schweinfurt,Dusseldorf,Casa,Schweinfurt,Latteier Tim,Centrocampista,Subentrato,6.4,0,0,0,0,0,0,0.0,1,0,0,0,0,0,0,0.0,0,0,0.0,0,0,0.0,0,0,1.0,1.0,1,1,1,1,0,0,0.008,0.05,0.0,2.068,0.0,0,1,0,1,0,1,0,0,1.068,1.068,0.0,0,0,0,0,0,0,0,0.0,0,0,0.0,0,0,16,16,0,0,0,0.857,6,0.75,3,4,0.857,6,7,7,0,0,0,0,0,0,0,0,0.0,0,0,0,0,0,0,1,1,0,1,0,1,0.0,0,0,0,0,0,11,1
DFB-Pokal,1/32 FINALE,18.08.2025,Schweinfurt,Dusseldorf,Casa,Schweinfurt,Shuranov Eric,Attaccante,Subentrato,7.2,0,0,0,0,0,0,0.0,0,0,0,0,0,0,0,0.0,0,0,0.0,0,0,0.0,0,0,0.5,0.5,2,1,2,1,0,0,0.004,0.047,0.249,2.068,0.0,0,0,0,0,1,1,0,0,1.068,1.068,0.0,0,0,0,0,0,0,0,0.0,0,0,0.0,0,0,16,16,0,0,0,1.0,4,1.0,2,2,1.0,4,4,4,0,0,0,0,0,0,0,0,0.0,0,0,0,0,0,1,1,1,0,1,1,2,1.0,1,1,0,0,1,8,1
DFB-Pokal,1/32 FINALE,18.08.2025,Schweinfurt,Dusseldorf,Casa,Schweinfurt,Bausenwein Lauris,Esterno,Titolare,5.9,0,2,0,0,0,0,0.0,0,0,0,0,0,0,0,0.0,0,2,0.5,2,1,0.0,3,0,0.556,0.833,6,5,9,5,0,0,0.008,0.0,0.0,5.781,0.0,0,1,0,2,0,4,0,0,1.781,1.781,0.0,0,0,0,2,0,0,0,0.0,0,0,1.0,1,1,90,90,0,0,0,0.895,17,1.0,5,5,0.889,16,18,19,0,0,0,0,0,0,0,0,0.0,0,0,0,0,0,0,0,4,0,0,0,0,1.0,2,2,0,0,1,33,1
DFB-Pokal,1/32 FINALE,18.08.2025,Schweinfurt,Dusseldorf,Casa,Schweinfurt,Bohnlein Kristian,Centrocampista,Subentrato,,0,0,0,0,0,0,0.0,0,0,0,0,0,0,0,0.0,0,0,0.0,0,0,0.0,0,0,1.0,1.0,1,1,1,1,0,0,0.003,0.0,0.0,0.0,0.0,0,0,0,0,0,0,0,0,0.0,0.0,0.0,0,0,0,0,0,0,1,0.0,0,0,0.0,0,0,2,2,0,0,0,1.0,2,1.0,1,1,1.0,2,2,2,0,0,0,0,0,0,0,0,0.0,0,0,0,0,0,0,0,0,0,0,0,0,1.0,1,1,0,0,0,3,0
DFB-Pokal,1/32 FINALE,18.08.2025,Schweinfurt,Dusseldorf,Casa,Schweinfurt,Endres Joshua,Centrocampista,Titolare,5.7,0,3,0,0,0,0,0.0,0,0,0,0,1,0,0,0.0,0,0,0.0,2,0,0.5,2,1,0.143,0.0,5,0,7,1,0,0,0.002,0.11,0.0,1.735,0.0,0,2,2,0,0,0,0,0,1.735,1.735,0.0,0,0,0,0,0,0,0,0.0,0,0,0.0,0,1,65,65,0,0,0,0.75,9,0.25,1,4,0.727,8,11,12,0,0,0,0,0,0,0,0,0.0,0,0,0,0,1,2,0,0,0,1,0,2,0.0,0,0,0,0,4,18,0
DFB-Pokal,1/32 FINALE,17.08.2025,Hallescher,Augusta,Casa,Hallescher,Fakhro Malek,Attaccante,Titolare,5.1,0,2,0,0,0,0,0.0,0,0,0,0,0,0,0,0.0,0,0,0.0,1,0,0.167,6,1,0.182,0.2,5,1,11,2,0,0,0.0,0.083,0.0,1.342,0.0,0,0,2,1,0,1,0,0,0.342,0.342,0.0,0,0,0,0,0,0,0,1.0,1,1,0.0,0,2,78,78,0,1,0,0.556,5,0.0,0,1,0.556,5,9,9,0,0,0,0,0,0,0,0,0.0,0,0,0,0,1,1,1,1,0,1,0,2,0.0,0,0,0,0,2,14,1
DFB-Pokal,1/32 FINALE,17.08.2025,Hallescher,Augusta,Ospite,Augusta,Dahmen Finn,Portiere,Titolare,7.3,0,3,0,0,0,0,0.0,3,0,0,0,0,3,0,0.0,0,0,0.0,0,0,1.0,1,1,1.0,1.0,1,1,2,2,0,0,0.001,0.0,0.0,0.344,0.0,0,3,0,0,0,0,0,0,0.344,0.344,1.0,1,1,0,0,1,2,0,0.0,0,0,0.429,6,14,90,90,0,0,0,0.714,20,0.0,0,3,0.739,17,23,28,0,0,0,0,0,0,0,0,0.0,0,0,1,2,0,0,0,2,0,0,0,0,1.0,1,1,0,0,0,37,0
DFB-Pokal,1/32 FINALE,17.08.2025,Hallescher,Augusta,Ospite,Augusta,Schlotterbeck Keven,Difensore centrale,Titolare,7.1,0,3,0,0,0,0,0.0,3,0,0,0,1,3,0,0.0,0,1,1.0,1,1,1.0,1,1,0.75,0.667,3,2,4,3,0,0,0.007,0.0,0.0,0.344,0.0,0,9,0,1,0,0,0,0,0.344,0.344,0.0,0,0,0,2,0,0,1,0.0,0,0,0.333,2,6,83,83,0,0,0,0.83,39,0.778,7,9,0.8,28,35,47,0,0,0,0,0,0,0,0,0.0,0,0,0,0,0,0,0,0,0,0,0,0,0.0,0,0,0,0,0,61,0
DFB-Pokal,1/32 FINALE,17.08.2025,Hallescher,Augusta,Ospite,Augusta,Wolf Marius,Ala,Titolare,7.5,0,1,0,0,0,0,0.0,11,0,0,0,0,1,0,0.5,4,8,0.0,1,0,0.0,0,0,0.333,0.333,3,1,3,1,0,0,0.434,0.0,0.0,0.344,0.0,0,7,1,1,0,0,0,0,0.344,0.344,0.0,0,0,0,0,0,0,4,0.0,0,0,0.5,2,4,90,90,0,1,0,0.625,20,0.667,10,15,0.625,20,32,32,0,0,0,0,0,0,0,0,0.0,0,0,0,0,0,0,0,0,0,0,0,0,0.0,0,0,0,0,2,58,1
DFB-Pokal,1/32 FINALE,17.08.2025,Hallescher,Augusta,Ospite,Augusta,Mounie Steve,Attaccante,Titolare,8.2,0,1,0,0,0,0,0.0,2,0,1,0,0,3,0,0.0,0,0,1.0,1,1,0.667,6,4,0.583,0.5,6,3,12,7,0,0,0.033,0.926,1.058,0.344,0.0,0,4,1,2,1,0,0,0,0.344,0.344,0.0,0,0,0,1,0,0,1,0.0,0,0,1.0,1,1,90,90,0,0,1,0.789,15,0.6,6,10,0.778,14,18,19,0,0,0,0,0,0,0,0,0.0,0,0,0,0,0,4,0,0,2,2,2,4,0.0,0,0,0,0,6,36,5
DFB-Pokal,1/32 FINALE,17.08.2025,Hallescher,Augusta,Casa,Hallescher,Stierlin Niclas,Centrocampista,Titolare,5.9,0,2,0,0,0,0,0.0,0,0,1,0,1,2,0,0.0,0,0,0.0,0,0,0.0,0,0,0.429,0.429,7,3,7,3,0,0,0.023,0.114,0.196,1.64,0.0,0,3,3,1,0,2,0,0,-0.36,-0.36,0.0,0,0,0,3,0,0,0,0.0,0,0,0.5,1,2,86,86,0,0,0,0.625,10,0.6,3,5,0.625,10,16,16,0,0,0,0,0,0,0,0,0.0,0,0,0,0,0,1,0,2,1,0,1,1,0.5,2,1,0,0,2,28,0
DFB-Pokal,1/32 FINALE,17.08.2025,Hallescher,Augusta,Ospite,Augusta,Tietz Phillip,Attaccante,Titolare,6.6,0,1,0,0,0,0,0.0,1,0,1,0,1,2,0,0.0,0,0,1.0,1,1,0.667,3,2,0.5,0.333,3,1,6,3,0,0,0.065,0.125,0.284,0.344,0.0,0,1,1,0,0,0,0,0,0.344,0.344,0.0,0,0,0,0,0,0,0,0.0,0,0,1.0,1,1,63,63,0,0,1,0.81,17,0.8,8,10,0.81,17,21,21,0,0,0,0,0,0,0,0,0.0,0,0,0,0,0,1,1,0,1,1,1,2,0.0,0,0,0,0,4,29,1
DFB-Pokal,1/32 FINALE,17.08.2025,Hallescher,Augusta,Ospite,Augusta,Zesiger Cedric,Difensore,Subentrato,,0,0,0,0,0,0,0.0,1,0,0,0,0,0,0,1.0,1,1,0.0,0,0,0.0,0,0,1.0,1.0,1,1,1,1,0,0,0.033,0.015,0.0,0.0,0.0,0,1,0,1,0,0,0,0,0.0,0.0,0.0,0,0,0,0,0,0,1,0.0,0,0,0.0,0,0,8,7,0,0,0,1.0,5,1.0,1,1,1.0,4,4,5,0,0,0,0,0,0,0,0,0.0,0,0,0,0,0,0,1,0,0,1,0,1,0.0,0,0,0,0,0,8,0
DFB-Pokal,1/32 FINALE,17.08.2025,Hallescher,Augusta,Ospite,Augusta,Komur Mert,Ala,Titolare,6.5,0,1,0,0,0,0,0.0,2,0,0,0,0,0,0,0.0,0,2,0.5,4,2,0.0,1,0,0.538,0.583,12,7,13,7,0,0,0.026,0.042,0.0,0.344,0.0,0,4,2,3,0,0,0,0,0.344,0.344,0.0,0,0,0,0,0,0,0,0.0,0,0,0.5,1,2,76,76,0,0,0,0.905,19,0.909,10,11,0.905,19,21,21,0,0,0,0,0,0,0,0,0.0,0,0,0,0,0,1,0,0,0,1,0,1,1.0,2,2,0,0,4,40,4
DFB-Pokal,1/32 FINALE,17.08.2025,Hallescher,Augusta,Ospite,Augusta,Essende Samuel,Attaccante,Subentrato,7.0,0,1,0,0,0,0,0.0,0,0,0,0,0,0,0,0.0,0,0,0.0,1,0,0.4,5,2,0.25,0.0,3,0,8,2,0,0,0.004,0.468,0.298,0.0,0.0,0,0,1,0,1,0,0,0,0.0,0.0,0.0,0,0,0,0,0,0,0,0.0,0,0,0.0,0,0,28,27,0,1,0,0.556,5,0.333,1,3,0.556,5,9,9,0,0,0,0,0,0,0,0,0.0,0,0,0,0,0,2,0,0,0,1,1,2,0.0,0,0,0,0,2,15,1
DFB-Pokal,1/32 FINALE,17.08.2025,Hallescher,Augusta,Ospite,Augusta,Gouweleeuw Jeffrey,Difensore centrale,Titolare,8.3,0,3,0,0,0,0,0.0,1,0,0,0,0,4,0,1.0,1,1,0.0,0,0,0.75,4,3,0.833,1.0,2,2,6,5,0,0,0.03,0.0,0.0,0.344,0.0,0,15,0,1,0,0,0,0,0.344,0.344,0.0,0,0,0,1,0,0,0,0.0,0,0,0.538,7,13,90,90,0,0,1,0.867,52,0.722,13,18,0.877,50,57,60,0,0,0,0,0,0,0,0,0.0,0,0,0,0,0,0,0,0,0,0,0,0,1.0,1,1,0,0,0,72,0
DFB-Pokal,1/32 FINALE,17.08.2025,Hallescher,Augusta,Ospite,Augusta,Jakic Kristijan,Centrocampista,Titolare,7.6,0,6,0,0,0,0,0.0,1,0,1,0,1,1,0,0.0,0,1,0.0,0,0,1.0,2,2,0.727,0.667,9,6,11,8,0,0,0.018,0.025,0.009,0.344,0.0,0,3,2,1,0,0,0,0,0.344,0.344,0.0,0,0,0,1,0,0,0,1.0,2,2,0.333,1,3,90,90,0,0,0,0.78,32,0.583,7,12,0.775,31,40,41,0,0,0,0,0,0,0,0,0.0,0,0,0,0,0,1,0,0,1,0,1,1,0.8,5,4,0,0,4,55,1
DFB-Pokal,1/32 FINALE,17.08.2025,Hallescher,Augusta,Ospite,Augusta,Fellhauer Robin,Centrocampista,Subentrato,7.6,1,3,1,0,0,0,0.0,2,0,0,0,0,1,0,0.0,0,1,1.0,1,1,0.0,0,0,0.5,0.5,2,1,2,1,0,0,0.298,0.159,0.155,0.0,0.0,0,5,1,0,0,0,0,0,0.0,0.0,0.0,0,0,0,1,0,0,2,0.0,0,0,0.0,0,4,45,45,0,0,0,0.579,11,0.545,6,11,0.579,11,19,19,0,0,0,0,0,0,0,0,0.0,0,0,0,0,0,1,0,0,0,0,1,1,0.0,0,0,0,0,3,30,1
DFB-Pokal,1/32 FINALE,17.08.2025,Hallescher,Augusta,Ospite,Augusta,Giannoulis Dimitrios,Terzino,Titolare,7.0,0,7,0,0,0,0,0.0,1,0,0,0,0,2,0,0.0,0,2,0.667,3,2,0.0,0,0,0.714,0.714,7,5,7,5,0,0,0.007,0.183,0.0,0.344,0.0,0,0,1,2,0,0,0,0,0.344,0.344,0.0,0,0,0,0,0,0,0,0.0,0,0,1.0,2,2,45,45,0,0,0,0.786,11,0.75,3,4,0.786,11,14,14,0,0,0,0,0,0,0,0,0.0,0,0,0,0,0,2,0,0,0,2,0,2,1.0,1,1,0,0,4,33,2
DFB-Pokal,1/32 FINALE,17.08.2025,Hallescher,Augusta,Ospite,Augusta,Saad Elias,Attaccante,Subentrato,7.4,1,2,1,0,0,0,0.0,1,0,0,0,0,0,0,0.0,0,0,0.4,5,2,0.0,0,0,0.4,0.4,5,2,5,2,0,0,0.075,0.159,0.0,0.0,0.0,0,0,0,0,0,0,0,0,0.0,0.0,0.0,0,0,0,0,0,0,2,0.0,0,0,0.0,0,0,15,14,0,0,0,0.833,5,1.0,5,5,0.8,4,5,6,0,0,0,0,0,0,0,0,0.0,0,0,0,0,0,1,0,0,0,1,0,1,0.0,0,0,0,0,4,15,1
DFB-Pokal,1/32 FINALE,17.08.2025,Hallescher,Augusta,Casa,Hallescher,Baro Bocar,Attaccante,Subentrato,5.9,0,0,0,0,0,0,0.0,0,0,0,0,0,0,0,0.0,0,0,0.0,0,0,0.0,0,0,0.0,0.0,3,0,3,0,0,0,0.001,0.0,0.0,0.461,0.0,0,1,2,0,0,1,0,0,-0.539,-0.539,0.0,0,0,0,0,0,0,0,0.0,0,0,0.0,0,0,26,25,0,0,0,0.5,1,0.5,1,2,0.5,1,2,2,0,0,0,0,0,0,0,0,0.0,0,0,0,0,0,0,0,1,0,0,0,0,0.0,0,0,0,0,0,4,1
DFB-Pokal,1/32 FINALE,17.08.2025,Hallescher,Augusta,Ospite,Augusta,Massengo Han-Noah,Centrocampista,Titolare,7.0,0,4,0,0,0,0,0.0,2,0,0,0,1,0,0,1.0,1,1,1.0,1,1,0.0,1,0,0.545,0.6,10,6,11,6,0,0,0.153,0.027,0.0,0.344,0.0,0,6,2,2,0,0,0,0,0.344,0.344,0.0,0,0,0,2,0,0,1,1.0,2,2,0.25,1,4,90,90,0,0,0,0.896,43,0.7,7,10,0.896,43,48,48,0,0,0,0,0,0,0,0,0.0,0,0,0,0,1,0,1,0,0,0,0,1,0.667,3,2,0,0,1,63,3
DFB-Pokal,1/32 FINALE,17.08.2025,Hallescher,Augusta,Ospite,Augusta,Matsima Chrislain,Terzino,Titolare,8.2,0,8,0,0,0,0,0.0,2,0,1,0,0,4,0,1.0,1,1,1.0,2,2,1.0,1,1,0.818,0.8,10,8,11,9,0,0,0.086,0.0,0.0,0.344,0.0,0,8,2,1,0,0,0,0,0.344,0.344,0.0,0,0,0,0,0,0,2,0.0,0,0,0.333,2,6,90,90,0,0,2,0.875,42,0.923,12,13,0.87,40,46,48,0,0,0,0,0,0,0,0,0.0,0,0,0,0,0,0,0,0,0,0,0,0,0.6,5,3,0,0,1,66,1
DFB-Pokal,1/32 FINALE,17.08.2025,Hallescher,Augusta,Casa,Hallescher,Lorenz Elias,Difensore,Subentrato,,0,0,0,0,0,0,0.0,0,0,0,0,1,0,0,0.0,0,0,0.0,0,0,0.0,0,0,0.0,0.0,1,0,1,0,0,0,0.001,0.0,0.0,0.083,0.0,0,0,0,0,0,0,0,0,0.083,0.083,0.0,0,0,0,0,0,0,0,0.0,0,0,0.0,0,0,5,4,0,0,0,1.0,1,1.0,1,1,1.0,1,1,1,0,0,0,0,0,0,0,0,0.0,0,0,0,0,0,0,0,0,0,0,0,0,0.0,0,0,0,0,0,1,0
DFB-Pokal,1/32 FINALE,17.08.2025,Hallescher,Augusta,Casa,Hallescher,Kulke Max,Centrocampista,Titolare,6.3,0,4,0,0,0,0,0.0,5,0,0,0,2,1,0,0.0,0,4,0.0,0,0,0.0,0,0,0.167,0.167,6,1,6,1,0,0,0.012,0.068,0.0,1.804,0.0,0,10,2,1,0,2,0,0,-0.196,-0.196,0.0,0,0,0,0,0,0,0,1.0,1,1,0.5,4,8,90,90,0,1,0,0.774,24,0.769,10,13,0.774,24,31,31,0,0,0,0,0,0,0,0,0.0,0,0,0,0,1,0,2,2,0,1,0,2,0.0,0,0,0,0,0,45,2
DFB-Pokal,1/32 FINALE,17.08.2025,Hallescher,Augusta,Casa,Hallescher,Lohmannsroben Jan,Difensore centrale,Titolare,7.1,0,5,0,0,0,0,0.0,4,0,0,0,1,6,0,1.0,1,1,0.5,2,1,0.5,4,2,0.643,0.7,10,7,14,9,0,0,0.011,0.0,0.0,1.804,0.0,0,24,1,1,0,2,0,0,-0.196,-0.196,0.0,0,0,0,0,0,0,0,0.0,0,0,0.333,10,30,90,90,0,0,0,0.593,35,0.28,7,25,0.589,33,56,59,0,0,0,0,0,0,0,0,0.0,0,0,0,0,0,0,0,2,0,0,0,0,0.6,5,3,0,0,1,79,1
DFB-Pokal,1/32 FINALE,17.08.2025,Hallescher,Augusta,Casa,Hallescher,Polat Serhat,Ala,Titolare,6.5,0,2,0,0,0,0,0.0,9,0,0,0,2,1,0,0.286,2,7,0.25,4,1,1.0,1,1,0.308,0.25,12,3,13,4,0,0,0.258,0.095,0.148,1.342,0.0,0,2,1,2,0,1,0,0,0.342,0.342,0.0,0,0,0,0,0,0,1,1.0,1,1,0.5,1,2,65,65,0,0,0,0.833,10,0.714,5,7,0.889,8,9,12,0,0,0,0,0,0,0,0,0.0,0,0,0,0,1,3,0,1,1,1,1,3,0.0,0,0,0,0,6,35,5
DFB-Pokal,1/32 FINALE,17.08.2025,Hallescher,Augusta,Casa,Hallescher,Elezi Fatlum,Centrocampista,Titolare,6.4,0,2,0,0,0,0,0.0,7,0,0,0,1,1,0,0.4,2,5,0.0,1,0,0.333,3,1,0.429,0.5,4,2,7,3,0,0,0.129,0.0,0.0,1.804,0.0,0,2,0,1,0,2,0,0,-0.196,-0.196,0.0,0,0,0,0,0,0,4,0.0,0,0,0.5,1,2,90,90,0,0,0,0.643,9,0.5,4,8,0.692,9,13,14,0,0,0,0,0,0,0,0,0.0,0,0,0,0,0,0,0,2,0,0,0,0,0.0,1,0,0,0,0,24,1
DFB-Pokal,1/32 FINALE,17.08.2025,Hallescher,Augusta,Casa,Hallescher,Halili Burim,Difensore,Subentrato,,0,1,0,0,0,0,0.0,0,0,0,0,0,0,0,0.0,0,0,0.0,0,0,1.0,1,1,1.0,0.0,0,0,1,1,0,0,0.0,0.0,0.0,0.164,0.0,0,0,0,0,0,0,0,0,0.164,0.164,0.0,0,0,0,1,0,0,0,0.0,0,0,0.0,0,0,5,4,0,0,0,0.8,4,0.0,0,0,0.8,4,5,5,0,0,0,0,0,0,0,0,0.0,0,0,0,0,0,0,0,0,0,0,0,0,0.0,0,0,0,0,0,6,0
DFB-Pokal,1/32 FINALE,17.08.2025,Hallescher,Augusta,Casa,Hallescher,Hauptmann Marius,Terzino,Titolare,6.0,0,3,0,0,0,0,0.0,1,0,0,0,2,3,0,0.0,0,0,0.25,4,1,1.0,1,1,0.455,0.4,10,4,11,5,0,0,0.035,0.067,0.0,1.804,0.0,0,2,1,1,0,2,0,0,-0.196,-0.196,0.0,0,0,0,1,0,0,1,0.0,0,0,0.4,2,5,90,90,0,0,0,0.647,11,0.75,3,4,0.625,10,16,17,0,0,0,0,0,0,0,0,0.0,0,0,0,0,1,1,0,2,0,0,0,1,1.0,2,2,0,0,1,41,0
DFB-Pokal,1/32 FINALE,17.08.2025,Hallescher,Augusta,Casa,Hallescher,Damelang Julien,Ala,Titolare,5.6,0,3,0,0,0,0,0.0,1,0,0,0,1,0,0,1.0,1,1,0.0,0,0,0.0,0,0,0.167,0.167,6,1,6,1,0,0,0.055,0.0,0.0,1.342,0.0,0,1,2,1,0,1,0,0,0.342,0.342,0.0,0,0,0,0,0,0,1,0.0,0,0,0.0,0,0,78,78,0,0,0,0.429,3,0.5,2,4,0.333,2,6,7,0,0,0,0,0,0,0,0,0.0,0,0,0,0,0,0,0,1,0,0,0,0,0.0,0,0,0,0,1,15,4
DFB-Pokal,1/32 FINALE,17.08.2025,Hallescher,Augusta,Casa,Hallescher,Schmedemann Pascal,Difensore centrale,Titolare,6.1,0,5,0,0,0,0,0.0,1,0,0,0,0,3,0,0.0,0,0,0.0,0,0,0.0,6,0,0.4,1.0,4,4,10,4,0,0,0.129,0.0,0.0,1.804,0.0,0,7,0,2,0,2,0,0,-0.196,-0.196,0.0,0,0,0,1,0,0,1,0.0,0,0,0.4,4,10,90,90,0,0,1,0.789,45,0.3,3,10,0.767,33,43,57,0,0,0,0,0,0,0,0,0.0,0,0,0,0,0,0,0,2,0,0,0,0,0.5,2,1,0,0,1,70,2
DFB-Pokal,1/32 FINALE,17.08.2025,Hallescher,Augusta,Casa,Hallescher,Ehrlich Lucas,Attaccante,Subentrato,6.3,0,0,0,0,0,0,0.0,0,0,0,0,0,0,0,0.0,0,0,0.0,0,0,0.0,1,0,0.0,0.0,0,0,1,0,0,0,0.0,0.0,0.0,0.461,0.0,0,0,0,0,0,1,0,0,-0.539,-0.539,0.0,0,0,0,0,0,0,0,0.0,0,0,0.0,0,0,13,12,0,0,0,0.667,2,0.0,0,0,0.5,1,2,3,0,0,0,0,0,0,0,0,0.0,0,0,0,0,0,0,0,1,0,0,0,0,0.0,0,0,0,0,0,3,0
DFB-Pokal,1/32 FINALE,17.08.2025,Hallescher,Augusta,Casa,Hallescher,Muller Sven,Portiere,Titolare,6.5,0,9,0,0,0,0,0.0,0,0,0,0,0,1,0,0.0,0,0,0.0,0,0,1.0,1,1,1.0,0.0,0,0,1,1,0,0,0.0,0.0,0.0,1.804,0.0,0,3,0,0,0,2,0,0,-0.196,-0.196,1.0,2,2,0,0,0,5,0,0.0,0,0,0.125,1,8,90,90,0,0,0,0.829,34,0.0,0,3,0.935,29,31,41,0,0,0,0,0,0,0,0,0.0,0,0,1,4,0,0,0,6,0,0,0,0,0.0,0,0,0,0,0,53,0
DFB-Pokal,1/32 FINALE,17.08.2025,Hallescher,Augusta,Casa,Hallescher,Landgraf Niklas,Terzino,Titolare,5.6,0,3,0,0,0,0,0.0,2,0,1,0,2,1,0,0.0,0,1,1.0,1,1,1.0,1,1,0.625,0.571,7,4,8,5,0,0,0.016,0.09,0.0,1.64,0.0,0,6,1,2,0,2,0,0,-0.36,-0.36,0.0,0,0,0,0,0,0,0,0.0,0,0,0.143,1,7,86,86,0,0,0,0.52,13,0.429,3,7,0.542,13,24,25,0,0,0,0,0,0,0,0,0.0,0,0,0,0,1,1,0,2,0,0,0,1,1.0,1,1,0,0,2,46,1
DFB-Pokal,1/32 FINALE,17.08.2025,Hallescher,Augusta,Casa,Hallescher,Wosz Joscha,Centrocampista,Subentrato,6.4,0,2,0,0,0,0,0.0,1,0,0,0,0,0,0,0.0,0,0,0.0,0,0,0.0,0,0,0.5,0.5,2,1,2,1,0,0,0.0,0.0,0.0,0.461,0.0,0,0,0,1,0,1,0,0,-0.539,-0.539,0.0,0,0,0,1,0,0,0,0.0,0,0,0.0,0,0,13,12,0,0,0,0.4,2,0.0,0,1,0.4,2,5,5,0,0,0,0,0,0,0,0,0.0,0,0,0,0,0,0,0,1,0,0,0,0,0.0,0,0,0,0,0,9,1
DFB-Pokal,1/32 FINALE,17.08.2025,Homburg,Kiel,Ospite,Kiel,Davidsen Kasper,Centrocampista,Subentrato,,0,0,0,0,0,0,0.0,0,0,0,0,0,0,0,0.0,0,0,0.0,0,0,0.0,0,0,0.0,0.0,0,0,0,0,0,0,0.0,0.0,0.0,0.0,0.0,0,0,0,0,0,0,0,0,0.0,0.0,0.0,0,0,0,0,0,0,0,0.0,0,0,0.0,0,0,1,1,0,0,0,0.0,0,0.0,0,0,0.0,0,0,0,0,0,0,0,0,0,0,0,0.0,0,0,0,0,0,0,0,0,0,0,0,0,0.0,0,0,0,0,0,0,0
DFB-Pokal,1/32 FINALE,17.08.2025,Homburg,Kiel,Ospite,Kiel,Tolkin John,Esterno,Titolare,8.9,0,4,0,0,0,0,0.0,18,0,0,0,0,2,0,0.333,5,15,1.0,1,1,0.0,0,0,0.6,0.6,5,3,5,3,0,0,0.509,0.107,0.29,0.076,0.0,0,5,2,1,1,0,0,0,0.076,0.076,0.0,0,0,0,1,0,0,7,0.0,0,0,0.667,2,3,90,90,0,0,0,0.956,43,0.95,19,20,0.953,41,43,45,0,0,0,0,0,0,0,0,0.0,0,0,0,0,0,1,0,0,0,0,1,1,1.0,1,1,0,0,2,78,3
DFB-Pokal,1/32 FINALE,17.08.2025,Homburg,Kiel,Ospite,Kiel,Zec David,Difensore centrale,Titolare,7.3,0,4,1,0,0,0,0.0,1,0,0,0,0,2,0,0.0,0,2,0.0,0,0,0.5,4,2,0.5,0.5,2,1,6,3,0,0,0.022,0.02,0.0,0.076,0.0,0,8,1,0,0,0,0,0,0.076,0.076,0.0,0,0,0,0,0,0,1,0.0,0,0,0.5,3,6,90,90,0,1,0,0.929,52,0.889,8,9,0.922,47,51,56,0,0,0,0,0,0,0,0,0.0,0,0,0,0,0,1,0,0,1,1,0,1,1.0,1,1,0,0,2,64,0
DFB-Pokal,1/32 FINALE,17.08.2025,Homburg,Kiel,Ospite,Kiel,Krumrey Jonas,Portiere,Subentrato,6.6,0,3,0,0,0,0,0.0,0,0,0,0,0,1,0,0.0,0,0,0.0,0,0,0.0,0,0,0.0,0.0,0,0,0,0,0,0,0.002,0.0,0.0,0.036,0.0,0,4,0,0,0,0,0,0,0.036,0.036,1.0,1,1,0,0,0,0,0,0.0,0,0,0.556,5,9,23,22,0,0,0,0.636,7,0.25,1,4,1.0,2,2,11,0,0,0,0,0,0,0,0,0.0,0,0,1,1,0,0,0,1,0,0,0,0,0.0,0,0,0,0,0,14,0
DFB-Pokal,1/32 FINALE,17.08.2025,Homburg,Kiel,Ospite,Kiel,Skrzybski Steven,Centrocampista offensivo,Titolare,7.1,0,6,0,0,0,0,0.0,5,0,0,0,3,0,0,0.0,0,5,0.5,2,1,0.0,1,0,0.385,0.417,12,5,13,5,0,0,0.029,0.127,0.082,0.076,0.0,0,5,1,2,0,0,0,0,0.076,0.076,0.0,0,0,0,1,0,0,4,0.0,0,0,0.0,0,2,85,85,0,0,0,0.765,26,0.786,11,14,0.758,25,33,34,0,0,0,0,0,0,0,0,0.0,0,0,0,0,1,0,4,0,0,2,1,4,1.0,2,2,0,0,4,56,5
DFB-Pokal,1/32 FINALE,17.08.2025,Homburg,Kiel,Ospite,Kiel,Bernhardsson Alexander,Attaccante,Subentrato,,0,1,0,1,0,0,0.0,0,0,0,0,0,0,0,0.0,0,0,1.0,1,1,0.0,0,0,1.0,1.0,4,4,4,4,0,0,0.003,1.011,1.381,0.0,0.0,0,0,0,2,1,0,0,0,0.0,0.0,0.0,0,0,0,1,0,0,0,0.0,0,0,0.0,0,0,6,5,0,0,0,1.0,3,1.0,1,1,1.0,3,3,3,0,0,0,0,0,0,0,0,0.0,0,0,0,0,0,2,0,0,0,0,2,2,1.0,1,1,0,0,2,11,1
DFB-Pokal,1/32 FINALE,17.08.2025,Homburg,Kiel,Ospite,Kiel,Porath Finn,Attaccante,Subentrato,6.6,0,1,0,0,0,0,0.0,0,0,0,0,1,3,0,0.0,0,0,0.0,0,0,0.0,0,0,0.5,0.5,2,1,2,1,0,0,0.003,0.0,0.0,0.036,0.0,0,1,0,1,0,0,0,0,0.036,0.036,0.0,0,0,0,1,0,0,0,0.0,0,0,1.0,2,2,24,23,0,0,1,0.875,7,1.0,3,3,0.875,7,8,8,0,0,0,0,0,0,0,0,0.0,0,0,0,0,0,0,0,0,0,0,0,0,0.0,0,0,0,0,0,20,1
DFB-Pokal,1/32 FINALE,17.08.2025,Homburg,Kiel,Ospite,Kiel,Weiner Timon,Portiere,Titolare,7.0,0,7,0,0,0,0,0.0,1,0,0,0,0,0,0,0.0,0,0,0.0,0,0,0.0,0,0,0.0,0.0,0,0,0,0,0,0,0.0,0.0,0.0,0.041,0.0,0,2,0,0,0,0,0,0,0.041,0.041,1.0,1,1,0,0,0,3,0,0.0,0,0,0.4,4,10,68,68,0,0,0,0.727,16,0.0,0,2,0.8,16,20,22,0,0,0,0,0,0,0,0,0.0,0,0,0,2,0,0,0,2,0,0,0,0,0.0,0,0,0,0,0,28,0
DFB-Pokal,1/32 FINALE,17.08.2025,Homburg,Kiel,Ospite,Kiel,Harres Phil,Attaccante,Titolare,7.4,0,0,1,0,0,0,0.0,1,0,0,0,0,4,0,0.0,0,0,1.0,2,2,0.6,5,3,0.556,0.5,4,2,9,5,0,0,0.051,0.451,0.423,0.076,0.0,0,2,0,0,0,0,0,0,0.076,0.076,0.0,0,0,0,0,0,0,2,0.0,0,0,0.0,0,0,90,90,0,0,0,0.6,9,0.429,3,7,0.571,8,14,15,0,0,0,0,0,0,0,0,0.0,0,0,0,0,2,3,3,0,2,1,3,6,0.0,0,0,0,0,3,34,3
DFB-Pokal,1/32 FINALE,17.08.2025,Homburg,Kiel,Ospite,Kiel,Knudsen Magnus,Centrocampista,Titolare,6.7,0,3,0,0,0,0,0.0,1,0,1,0,0,1,0,0.0,0,1,1.0,1,1,1.0,1,1,0.714,0.667,6,4,7,5,0,0,0.031,0.0,0.0,0.041,0.0,0,4,2,2,0,0,0,0,0.041,0.041,0.0,0,0,0,2,0,0,0,1.0,1,1,0.5,1,2,67,67,0,0,0,0.878,36,0.778,7,9,0.872,34,39,41,0,0,0,0,0,0,0,0,0.0,0,0,0,0,0,0,0,0,0,0,0,0,0.0,1,0,0,0,0,52,0
DFB-Pokal,1/32 FINALE,17.08.2025,Homburg,Kiel,Ospite,Kiel,Therkelsen Jonas,Centrocampista offensivo,Titolare,8.3,1,4,0,0,0,0,0.0,9,0,1,0,0,2,0,0.0,0,6,1.0,4,4,0.5,2,1,0.692,0.727,11,8,13,9,0,0,0.123,0.105,0.381,0.076,0.0,0,4,2,2,0,0,0,0,0.076,0.076,0.0,0,0,0,0,0,0,3,1.0,1,1,0.0,0,1,89,89,0,1,0,0.85,34,0.85,17,20,0.842,32,38,40,0,0,0,0,0,0,0,0,0.0,0,0,0,0,2,2,2,0,0,0,2,4,1.0,2,2,0,0,6,68,3
DFB-Pokal,1/32 FINALE,17.08.2025,Homburg,Kiel,Ospite,Kiel,Schwab Stefan,Centrocampista,Subentrato,7.6,1,1,1,0,0,0,0.0,2,0,0,0,2,2,0,0.0,0,0,0.0,0,0,1.0,5,5,0.636,0.333,6,2,11,7,0,0,0.115,0.032,0.0,0.036,0.0,0,5,1,0,0,0,0,0,0.036,0.036,0.0,0,0,0,0,0,0,2,0.0,0,0,0.0,0,0,24,23,0,0,1,0.625,10,0.625,5,8,0.6,9,15,16,0,0,0,0,0,0,0,0,0.0,0,0,0,0,0,0,1,0,0,1,0,1,1.0,2,2,0,0,0,24,1
DFB-Pokal,1/32 FINALE,17.08.2025,Homburg,Kiel,Ospite,Kiel,Wagner Robert,Centrocampista,Titolare,6.0,0,3,0,0,0,0,0.0,1,0,0,0,1,2,0,0.0,0,1,0.0,1,0,0.0,1,0,0.286,0.308,13,4,14,4,0,0,0.028,0.091,0.0,0.076,0.0,0,5,3,1,0,0,0,0,0.076,0.076,0.0,0,0,0,2,0,0,1,0.0,0,0,0.5,3,6,90,90,0,0,0,0.813,39,0.583,7,12,0.809,38,47,48,0,0,0,0,0,0,0,0,0.0,0,0,0,0,1,1,2,0,1,2,0,3,0.333,3,1,0,0,3,66,5
DFB-Pokal,1/32 FINALE,17.08.2025,Homburg,Kiel,Ospite,Kiel,Niehoff Niklas,Esterno,Titolare,6.0,0,3,0,0,0,0,0.0,3,0,0,0,1,1,0,0.0,0,3,0.333,3,1,0.5,2,1,0.286,0.2,5,1,7,2,0,0,0.02,0.102,0.0,0.041,0.0,0,2,0,0,0,0,0,0,0.041,0.041,0.0,0,0,0,1,0,0,0,0.0,0,0,1.0,1,1,67,67,0,0,0,0.783,18,0.571,4,7,0.783,18,23,23,0,0,0,0,0,0,0,0,0.0,0,0,0,0,1,1,0,0,0,0,0,1,0.0,0,0,0,0,3,47,2
DFB-Pokal,1/32 FINALE,17.08.2025,Homburg,Kiel,Ospite,Kiel,Johansson Carl,Difensore centrale,Titolare,6.8,0,2,0,0,0,0,0.0,0,0,1,0,0,6,0,0.0,0,0,0.0,0,0,0.833,6,5,0.556,0.0,3,0,9,5,0,0,0.001,0.068,0.0,0.076,0.0,0,1,2,0,0,0,0,0,0.076,0.076,0.0,0,0,0,1,0,0,0,0.0,0,0,1.0,1,1,90,90,0,0,1,0.879,29,0.0,0,1,0.879,29,33,33,0,0,0,0,0,0,0,0,0.0,0,0,0,0,1,2,0,0,2,1,0,2,0.0,0,0,0,0,2,46,1
DFB-Pokal,1/32 FINALE,17.08.2025,Homburg,Kiel,Casa,Homburg,Baum Frederic,Centrocampista,Titolare,6.4,0,2,0,0,0,0,0.0,1,0,0,0,1,5,0,0.0,0,0,1.0,1,1,0.333,6,2,0.444,0.667,3,2,9,4,0,0,0.102,0.294,0.0,2.765,0.0,0,4,0,1,0,2,0,0,0.765,0.765,0.0,0,0,0,4,0,0,0,0.0,0,0,0.5,2,4,90,90,0,0,1,0.64,16,0.571,4,7,0.64,16,25,25,0,0,0,0,0,0,0,0,0.0,0,0,0,0,0,1,2,2,1,3,0,3,0.0,0,0,0,0,1,46,1
DFB-Pokal,1/32 FINALE,17.08.2025,Homburg,Kiel,Ospite,Kiel,Nekic Ivan,Difensore centrale,Titolare,6.9,0,1,0,1,0,0,0.0,1,0,0,0,0,3,0,0.0,0,0,0.667,3,2,0.333,3,1,0.4,0.429,7,3,10,4,0,0,0.24,0.159,0.207,0.076,0.0,0,11,1,1,0,0,0,0,0.076,0.076,0.0,0,0,0,2,0,0,0,0.0,0,0,0.429,3,7,90,90,0,0,0,0.84,42,0.5,7,14,0.854,41,48,50,0,0,0,0,0,0,0,0,0.0,0,0,0,0,0,1,0,0,0,0,1,1,0.0,0,0,0,0,2,70,2
DFB-Pokal,1/32 FINALE,17.08.2025,Homburg,Kiel,Casa,Homburg,Ristl Mart,Centrocampista,Titolare,6.6,0,2,0,0,0,0,0.0,1,0,1,0,0,1,0,0.0,0,0,0.0,0,0,1.0,1,1,0.455,0.4,10,4,11,5,0,0,0.038,0.063,0.028,2.765,0.0,0,1,3,0,0,2,0,0,0.765,0.765,0.0,0,0,0,1,0,0,1,0.0,0,0,1.0,1,1,90,90,0,0,3,0.95,19,1.0,6,6,0.941,16,17,20,0,0,0,0,0,0,0,0,0.0,0,0,0,0,1,0,3,2,0,1,1,3,0.5,4,2,0,0,1,43,3
DFB-Pokal,1/32 FINALE,17.08.2025,Homburg,Kiel,Casa,Homburg,Steinmetz Tim,Difensore,Subentrato,,0,1,0,0,0,0,0.0,0,0,0,0,0,0,0,0.0,0,0,0.0,1,0,0.0,0,0,0.0,0.0,1,0,1,0,0,0,0.013,0.0,0.0,1.549,0.0,0,1,0,0,0,1,0,0,0.549,0.549,0.0,0,0,0,0,0,0,1,0.0,0,0,0.0,0,0,8,7,0,0,0,0.889,8,0.833,5,6,0.889,8,9,9,0,0,0,0,0,0,0,0,0.0,0,0,0,0,0,0,0,1,0,0,0,0,0.0,0,0,0,0,0,11,0
DFB-Pokal,1/32 FINALE,17.08.2025,Homburg,Kiel,Casa,Homburg,Jorg Nicolas,Centrocampista,Subentrato,6.6,0,0,0,0,0,0,0.0,4,0,0,0,0,0,0,0.5,2,4,0.667,3,2,0.0,0,0,0.5,0.5,4,2,4,2,0,0,0.269,0.0,0.0,1.655,0.0,0,0,1,0,0,1,0,0,0.655,0.655,0.0,0,0,0,0,0,0,2,0.0,0,0,0.0,0,0,19,18,0,0,0,0.833,5,0.75,3,4,0.833,5,6,6,0,0,0,0,0,0,0,0,0.0,0,0,0,0,0,0,0,1,0,0,0,0,0.0,0,0,0,0,2,16,2
DFB-Pokal,1/32 FINALE,17.08.2025,Homburg,Kiel,Casa,Homburg,Mendler Markus,Ala,Titolare,6.0,0,5,0,0,0,0,0.0,6,0,0,0,2,1,0,0.2,1,5,1.0,1,1,0.0,0,0,0.286,0.286,7,2,7,2,0,0,0.017,0.239,0.013,2.765,0.0,0,4,1,1,0,2,0,0,0.765,0.765,0.0,0,0,0,1,0,0,0,0.0,0,0,0.333,1,3,90,90,0,1,0,0.636,14,0.6,9,15,0.684,13,19,22,0,0,0,0,0,0,0,0,0.0,0,0,0,0,0,3,0,2,0,2,1,3,0.0,0,0,0,0,6,38,2
DFB-Pokal,1/32 FINALE,17.08.2025,Homburg,Kiel,Casa,Homburg,Schumann Frederik,Terzino,Titolare,6.5,0,2,0,0,0,0,0.0,5,0,0,0,3,4,0,0.167,1,6,1.0,1,1,0.5,2,1,0.5,0.5,6,3,8,4,0,0,0.148,0.072,0.0,2.765,0.0,0,9,0,0,0,2,0,0,0.765,0.765,0.0,0,0,0,2,0,0,2,0.0,0,0,0.556,5,9,90,90,0,0,0,0.706,24,0.714,10,14,0.697,23,33,34,0,0,0,0,0,0,0,0,0.0,0,0,0,0,1,1,0,2,0,0,0,1,0.5,2,1,0,0,3,70,1
DFB-Pokal,1/32 FINALE,17.08.2025,Homburg,Kiel,Casa,Homburg,Goncalves Miguel,Centrocampista,Titolare,6.4,0,2,0,0,0,0,0.0,2,0,0,0,1,2,0,1.0,2,2,0.0,1,0,0.0,2,0,0.5,0.583,12,7,14,7,0,0,0.148,0.006,0.036,1.216,0.0,0,0,2,3,0,1,0,0,0.216,0.216,0.0,0,0,0,1,0,0,3,0.0,0,0,0.0,0,0,83,83,0,0,0,0.643,9,0.571,4,7,0.615,8,13,14,0,0,0,0,0,0,0,0,0.0,0,0,0,0,0,0,1,1,0,0,1,1,0.5,4,2,0,0,1,32,2
DFB-Pokal,1/32 FINALE,17.08.2025,Homburg,Kiel,Casa,Homburg,Kovacic Oliver,Attaccante,Titolare,5.6,0,0,0,0,0,0,0.0,0,0,0,0,0,2,0,0.0,0,0,0.0,0,0,0.5,4,2,0.429,0.333,3,1,7,3,0,0,0.006,0.0,0.0,1.11,0.0,0,0,1,1,0,1,0,0,0.11,0.11,0.0,0,0,0,0,0,0,0,0.0,0,0,1.0,1,1,72,72,0,2,0,0.833,5,0.667,2,3,0.8,4,5,6,0,0,0,0,0,0,0,0,0.0,0,0,0,0,0,0,0,1,0,0,0,0,0.0,0,0,0,0,1,10,1
DFB-Pokal,1/32 FINALE,17.08.2025,Homburg,Kiel,Casa,Homburg,Roseler Nils,Difensore centrale,Titolare,6.5,0,4,0,0,0,0,0.0,0,0,0,0,1,9,0,0.0,0,0,0.0,0,0,0.25,4,1,0.375,0.5,4,2,8,3,0,0,0.002,0.0,0.0,2.765,0.0,0,5,2,1,0,2,0,0,0.765,0.765,0.0,0,0,0,1,0,0,0,0.0,0,0,0.5,2,4,90,90,0,0,1,0.879,29,0.6,3,5,0.862,25,29,33,0,0,0,0,0,0,0,0,0.0,0,0,0,0,0,0,0,2,0,0,0,0,1.0,1,1,0,0,0,50,0
DFB-Pokal,1/32 FINALE,17.08.2025,Homburg,Kiel,Casa,Homburg,Gouras Minos,Ala,Titolare,5.7,0,1,0,0,0,0,0.0,1,0,0,0,2,0,0,0.0,0,0,0.333,3,1,0.0,0,0,0.5,0.5,14,7,14,7,0,0,0.002,0.0,0.0,1.11,0.0,0,1,2,5,0,1,0,0,0.11,0.11,0.0,0,0,0,0,0,0,0,0.0,0,0,0.0,0,0,72,72,0,0,0,0.556,5,0.5,2,4,0.5,4,8,9,0,0,0,0,0,0,0,0,0.0,0,0,0,0,0,0,0,1,0,0,0,0,0.0,1,0,0,0,2,23,2
DFB-Pokal,1/32 FINALE,17.08.2025,Homburg,Kiel,Casa,Homburg,Suljic Amar,Attaccante,Subentrato,6.8,0,0,0,0,0,0,0.0,1,0,0,0,0,0,0,0.0,0,0,1.0,1,1,0.5,2,1,0.8,1.0,3,3,5,4,0,0,0.019,0.153,0.0,1.655,0.0,0,0,0,2,0,1,0,0,0.655,0.655,0.0,0,0,0,0,0,0,1,0.0,0,0,0.0,0,0,19,18,0,0,0,0.75,3,0.75,3,4,0.75,3,4,4,0,0,0,0,0,0,0,0,0.0,0,0,0,0,1,2,0,1,1,1,0,2,0.0,0,0,0,0,3,10,0
DFB-Pokal,1/32 FINALE,17.08.2025,Homburg,Kiel,Casa,Homburg,Littmann Tim,Terzino,Titolare,5.9,0,4,0,0,0,0,0.0,3,0,0,0,3,2,0,0.0,0,2,1.0,1,1,0.0,1,0,0.429,0.5,6,3,7,3,0,0,0.006,0.0,0.0,1.216,0.0,0,6,0,0,0,1,0,0,0.216,0.216,0.0,0,0,0,1,0,0,0,0.0,0,0,0.2,2,10,83,83,0,0,0,0.565,13,0.444,4,9,0.545,12,22,23,0,0,0,0,0,0,0,0,0.0,0,0,0,0,0,0,0,1,0,0,0,0,1.0,2,2,0,0,0,36,0
DFB-Pokal,1/32 FINALE,17.08.2025,Homburg,Kiel,Casa,Homburg,Kober Manuel,Difensore centrale,Titolare,6.8,0,3,0,0,0,0,0.0,2,0,1,0,0,2,0,0.0,0,0,0.0,0,0,0.4,5,2,0.667,0.857,7,6,12,8,0,0,0.005,0.0,0.0,2.765,0.0,0,5,1,1,0,2,0,0,0.765,0.765,0.0,0,0,0,0,0,0,0,0.0,0,0,0.1,1,10,90,90,0,0,3,0.711,32,0.5,4,8,0.705,31,44,45,0,0,0,0,0,0,0,0,0.0,0,0,0,0,0,0,0,2,0,0,0,0,0.6,5,3,0,0,0,59,0
DFB-Pokal,1/32 FINALE,17.08.2025,Homburg,Kiel,Casa,Homburg,Gelt Michael,Portiere,Titolare,7.9,0,7,0,0,2,0,0.0,1,0,0,0,0,1,0,0.0,0,0,0.0,0,0,1.0,1,1,1.0,0.0,0,0,1,1,0,0,0.0,0.0,0.0,2.765,0.0,0,5,0,0,0,2,0,0,0.765,0.765,1.0,1,1,0,0,1,3,0,0.0,0,0,0.188,3,16,90,90,0,0,0,0.588,20,0.2,1,5,0.64,16,25,34,0,0,0,0,0,0,0,0,0.0,0,0,1,8,0,0,0,10,0,0,0,0,0.0,0,0,0,0,0,48,0
DFB-Pokal,1/32 FINALE,17.08.2025,Homburg,Kiel,Casa,Homburg,Petermann Justin,Centrocampista,Subentrato,,0,0,0,0,0,0,0.0,1,0,0,0,0,0,0,0.0,0,0,0.0,0,0,0.0,2,0,0.0,0.0,0,0,2,0,0,0,0.02,0.0,0.0,1.549,0.0,0,0,0,0,0,1,0,0,0.549,0.549,0.0,0,0,0,0,0,0,1,0.0,0,0,0.0,0,0,8,7,0,0,0,1.0,5,1.0,3,3,1.0,5,5,5,0,0,0,0,0,0,0,0,0.0,0,0,0,0,0,0,0,1,0,0,0,0,0.0,0,0,0,0,0,7,0
DFB-Pokal,1/32 FINALE,17.08.2025,Ulm,Elversberg,Ospite,Elversberg,Conte Bambase,Centrocampista offensivo,Titolare,7.3,0,1,0,0,0,0,0.0,1,0,0,0,1,2,0,0.0,0,0,0.5,2,1,0.333,3,1,0.417,0.444,9,4,12,5,0,0,0.052,0.202,0.0,0.0,0.0,0,4,1,3,0,0,0,0,0.0,0.0,0.0,0,0,0,0,0,0,4,1.0,1,1,1.0,1,1,90,90,0,0,0,0.821,23,0.833,10,12,0.821,23,28,28,0,0,0,0,0,0,0,0,0.0,0,0,0,0,1,2,1,0,1,2,0,3,0.0,0,0,0,0,8,46,3
DFB-Pokal,1/32 FINALE,17.08.2025,Ulm,Elversberg,Ospite,Elversberg,Keidel Felix,Centrocampista,Subentrato,7.5,0,2,0,1,0,0,0.0,3,0,0,0,0,2,0,0.5,1,2,0.0,0,0,0.0,0,0,0.0,0.0,0,0,0,0,0,0,0.098,0.142,0.322,0.0,0.0,0,2,0,0,1,0,0,0,0.0,0.0,0.0,0,0,0,0,0,0,1,0.0,0,0,0.0,0,1,27,27,0,1,0,0.833,10,0.5,1,2,0.833,10,12,12,0,0,0,0,0,0,0,0,0.0,0,0,0,0,0,2,1,0,0,1,2,3,0.0,0,0,0,0,2,24,0
DFB-Pokal,1/32 FINALE,17.08.2025,Ulm,Elversberg,Ospite,Elversberg,Sickinger Carlo,Difensore,Subentrato,6.8,0,1,0,0,0,0,0.0,0,0,0,0,0,4,0,0.0,0,0,0.0,0,0,0.6,5,3,0.667,1.0,1,1,6,4,0,0,0.002,0.0,0.0,0.0,0.0,0,1,0,1,0,0,0,0,0.0,0.0,0.0,0,0,0,0,0,0,0,0.0,0,0,0.333,1,3,45,45,0,0,0,0.778,21,0.0,0,1,0.76,19,25,27,0,0,0,0,0,0,0,0,0.0,0,0,0,0,0,0,0,0,0,0,0,0,0.0,0,0,0,0,0,35,1
DFB-Pokal,1/32 FINALE,17.08.2025,Ulm,Elversberg,Ospite,Elversberg,Schnellbacher Luca,Attaccante,Subentrato,,0,0,0,0,0,0,0.0,1,0,0,0,0,0,0,0.0,0,0,0.0,0,0,1.0,2,2,1.0,1.0,1,1,3,3,0,0,0.0,0.0,0.0,0.0,0.0,0,0,0,1,0,0,0,0,0.0,0.0,0.0,0,0,0,1,0,0,0,0.0,0,0,0.0,0,0,6,6,0,0,0,0.0,0,0.0,0,2,0.0,0,2,2,0,0,0,0,0,0,0,0,0.0,0,0,0,0,0,0,0,0,0,0,0,0,0.0,0,0,0,0,0,4,0
DFB-Pokal,1/32 FINALE,17.08.2025,Ulm,Elversberg,Ospite,Elversberg,Kristof Nicolas,Portiere,Titolare,6.8,0,6,0,0,0,0,0.0,0,0,0,0,0,2,0,0.0,0,0,0.0,0,0,0.0,0,0,0.0,0.0,0,0,0,0,0,0,0.003,0.0,0.0,0.0,0.0,0,8,0,0,0,0,0,0,0.0,0.0,1.0,1,1,0,0,0,2,0,0.0,0,0,0.313,5,16,90,90,0,0,0,0.705,31,0.375,3,8,0.684,26,38,44,0,0,0,0,0,0,0,0,0.0,0,0,1,0,0,0,0,0,0,0,0,0,0.0,0,0,0,0,0,49,0
DFB-Pokal,1/32 FINALE,17.08.2025,Ulm,Elversberg,Casa,Ulm,Mazagg Lukas,Difensore centrale,Titolare,7.1,0,6,0,0,0,0,0.0,12,0,1,0,2,4,0,1.0,1,1,0.0,0,0,0.333,3,1,0.444,0.5,6,3,9,4,0,0,0.052,0.009,0.0,0.917,0.0,0,12,1,2,0,1,0,0,-0.083,-0.083,0.0,0,0,0,2,0,0,1,0.0,0,0,0.571,8,14,90,90,0,1,0,0.79,49,0.636,7,11,0.772,44,57,62,0,0,0,0,0,0,0,0,0.0,0,0,0,0,0,1,0,1,1,1,0,1,0.0,1,0,0,0,1,80,0
DFB-Pokal,1/32 FINALE,17.08.2025,Ulm,Elversberg,Ospite,Elversberg,Gunther Lasse,Terzino,Titolare,7.3,0,1,0,0,0,0,0.0,6,0,0,0,0,1,0,0.571,4,7,0.0,0,0,0.0,0,0,0.75,0.75,4,3,4,3,0,0,0.419,0.0,0.0,0.0,0.0,0,9,0,1,0,0,0,0,0.0,0.0,0.0,0,0,0,0,0,0,1,0.0,0,0,0.75,3,4,63,63,0,0,0,0.821,32,0.875,14,16,0.816,31,38,39,0,0,0,0,0,0,0,0,0.0,0,0,0,0,0,0,0,0,0,0,0,0,1.0,2,2,0,0,2,54,1
DFB-Pokal,1/32 FINALE,17.08.2025,Ulm,Elversberg,Ospite,Elversberg,Zimmerschied Tom,Ala,Titolare,7.7,0,4,1,0,0,0,0.0,13,0,0,0,0,2,0,0.444,4,9,0.0,1,0,1.0,1,1,1.0,1.0,4,4,5,5,0,0,0.12,0.213,0.566,0.0,0.0,0,4,0,3,0,0,0,0,0.0,0.0,0.0,0,0,0,0,0,0,5,0.0,0,0,1.0,1,1,89,89,0,0,0,0.786,33,0.632,12,19,0.775,31,40,42,0,0,0,0,0,0,0,0,0.0,0,0,0,0,1,1,2,0,0,0,2,3,0.0,1,0,0,0,5,65,1
DFB-Pokal,1/32 FINALE,17.08.2025,Ulm,Elversberg,Ospite,Elversberg,Feil Manuel,Attaccante,Subentrato,,0,0,0,0,0,0,0.0,0,0,0,0,0,0,0,0.0,0,0,0.0,0,0,0.0,0,0,0.0,0.0,0,0,0,0,0,0,0.0,0.0,0.0,0.0,0.0,0,0,0,0,0,0,0,0,0.0,0.0,0.0,0,0,0,0,0,0,0,0.0,0,0,0.0,0,0,1,1,0,0,0,0.0,0,0.0,0,0,0.0,0,0,0,0,0,0,0,0,0,0,0,0.0,0,0,0,0,0,0,0,0,0,0,0,0,0.0,0,0,0,0,0,0,0
DFB-Pokal,1/32 FINALE,17.08.2025,Ulm,Elversberg,Ospite,Elversberg,Schmahl Frederik,Centrocampista,Subentrato,6.7,0,0,0,0,0,0,0.0,0,0,0,0,0,1,0,0.0,0,0,0.0,0,0,1.0,1,1,0.833,0.8,5,4,6,5,0,0,0.003,0.0,0.0,0.0,0.0,0,0,0,1,0,0,0,0,0.0,0.0,0.0,0,0,0,0,0,0,0,0.0,0,0,0.0,0,1,27,27,0,0,1,0.7,7,1.0,1,1,0.7,7,10,10,0,0,0,0,0,0,0,0,0.0,0,0,0,0,0,0,0,0,0,0,0,0,0.333,3,1,0,0,0,20,1
DFB-Pokal,1/32 FINALE,17.08.2025,Ulm,Elversberg,Casa,Ulm,Kolle Niklas,Difensore,Subentrato,6.4,0,1,0,0,0,0,0.0,3,0,0,0,0,0,0,0.25,1,4,1.0,1,1,0.0,0,0,0.5,0.5,2,1,2,1,0,0,0.007,0.018,0.0,0.322,0.0,0,5,1,0,0,1,0,0,-0.678,-0.678,0.0,0,0,0,0,0,0,0,0.0,0,0,0.0,0,1,21,21,0,0,0,0.375,3,0.0,0,2,0.375,3,8,8,0,0,0,0,0,0,0,0,0.0,0,0,0,0,1,0,1,1,0,0,0,1,0.0,0,0,0,0,1,23,1
DFB-Pokal,1/32 FINALE,17.08.2025,Ulm,Elversberg,Ospite,Elversberg,Gyamerah Jan,Terzino,Titolare,8.1,0,10,0,0,0,0,0.0,4,0,0,0,0,2,0,0.0,0,1,1.0,2,2,1.0,1,1,1.0,1.0,6,6,7,7,0,0,0.048,0.067,0.0,0.0,0.0,0,5,0,0,0,0,0,0,0.0,0.0,0.0,0,0,0,1,0,0,0,0.0,0,0,0.5,2,4,90,90,0,0,1,0.943,66,1.0,9,9,0.943,66,70,70,0,0,0,0,0,0,0,0,0.0,0,0,0,0,0,2,0,0,0,2,0,2,0.75,4,3,0,0,2,98,1
DFB-Pokal,1/32 FINALE,17.08.2025,Ulm,Elversberg,Ospite,Elversberg,Le Joncour Florian,Difensore centrale,Titolare,7.8,0,3,0,0,0,0,0.0,0,0,0,0,1,6,0,0.0,0,0,0.0,0,0,0.5,4,2,0.5,0.5,2,1,6,3,0,0,0.017,0.0,0.0,0.0,0.0,0,7,0,0,0,0,0,0,0.0,0.0,0.0,0,0,0,4,0,0,0,0.0,0,0,0.5,2,4,90,90,0,0,2,0.883,53,0.8,8,10,0.868,46,53,60,0,0,0,0,0,0,0,0,0.0,0,0,0,0,0,0,0,0,0,0,0,0,1.0,1,1,0,0,0,74,0
DFB-Pokal,1/32 FINALE,17.08.2025,Ulm,Elversberg,Ospite,Elversberg,Poreba Lukasz,Centrocampista,Titolare,6.7,0,8,0,0,0,0,0.0,1,0,0,0,0,0,0,0.0,0,0,0.0,1,0,0.0,0,0,0.25,0.25,4,1,4,1,0,0,0.061,0.021,0.03,0.0,0.0,0,5,1,0,0,0,0,0,0.0,0.0,0.0,0,0,0,0,0,0,1,1.0,1,1,0.667,2,3,63,63,0,0,0,0.882,45,0.75,12,16,0.882,45,51,51,0,0,0,0,0,0,0,0,0.0,0,0,0,0,0,0,1,0,0,0,1,1,0.0,1,0,0,0,1,55,1
DFB-Pokal,1/32 FINALE,17.08.2025,Ulm,Elversberg,Ospite,Elversberg,Ebnoutalib Younes,Attaccante,Titolare,6.4,0,1,0,0,0,0,0.0,1,0,0,0,1,1,0,0.0,0,0,0.0,1,0,0.5,4,2,0.3,0.167,6,1,10,3,0,0,0.003,0.413,0.0,0.0,0.0,0,2,2,1,0,0,0,0,0.0,0.0,0.0,0,0,0,0,0,0,0,0.0,0,0,0.0,0,0,84,84,0,1,0,0.714,5,0.6,3,5,0.667,4,6,7,0,0,0,0,0,0,0,0,0.0,0,0,0,0,1,3,0,0,1,2,0,3,0.0,0,0,0,0,4,16,3
DFB-Pokal,1/32 FINALE,17.08.2025,Ulm,Elversberg,Ospite,Elversberg,Conde Amara,Centrocampista,Titolare,6.3,0,2,0,0,0,0,0.0,0,0,1,0,0,1,0,0.0,0,0,0.0,1,0,1.0,1,1,0.2,0.0,4,0,5,1,0,0,0.016,0.036,0.0,0.0,0.0,0,3,2,0,0,0,0,0,0.0,0.0,0.0,0,0,0,0,0,0,0,0.0,0,0,0.0,0,0,45,45,0,0,0,0.875,21,1.0,7,7,0.875,21,24,24,0,0,0,0,0,0,0,0,0.0,0,0,0,0,0,0,1,0,0,1,0,1,0.0,0,0,0,0,0,30,3
DFB-Pokal,1/32 FINALE,17.08.2025,Ulm,Elversberg,Ospite,Elversberg,Petkov Lukas,Ala,Titolare,6.5,0,6,0,1,0,0,0.0,1,0,0,0,1,3,0,0.5,1,2,0.375,8,3,0.0,1,0,0.462,0.5,12,6,13,6,0,0,0.083,0.507,0.0,0.0,0.0,0,1,1,1,0,0,0,0,0.0,0.0,0.0,0,0,0,1,0,0,1,0.0,0,0,0.0,0,2,90,90,0,0,0,0.75,24,0.583,7,12,0.733,22,30,32,0,0,0,0,0,0,0,0,0.0,0,0,0,0,0,1,1,0,0,2,0,2,0.5,2,1,0,0,6,63,6
DFB-Pokal,1/32 FINALE,17.08.2025,Ulm,Elversberg,Casa,Ulm,Castelle Niklas Horst,Attaccante,Subentrato,6.1,0,1,0,0,0,0,0.0,0,0,0,0,1,0,0,0.0,0,0,1.0,1,1,0.0,0,0,0.286,0.286,7,2,7,2,0,0,0.001,0.0,0.0,0.169,0.0,0,2,0,0,0,0,0,0,0.169,0.169,0.0,0,0,0,0,0,0,0,0.0,0,0,0.0,0,0,13,13,0,0,0,0.5,2,0.0,0,2,0.5,2,4,4,0,0,0,0,0,0,0,0,0.0,0,0,0,0,0,0,0,0,0,0,0,0,1.0,1,1,0,0,1,12,5
DFB-Pokal,1/32 FINALE,17.08.2025,Ulm,Elversberg,Ospite,Elversberg,Pinckert Lukas,Difensore centrale,Titolare,7.0,0,7,0,0,0,0,0.0,0,0,0,0,0,1,0,0.0,0,0,0.0,1,0,0.0,4,0,0.167,0.5,2,1,6,1,0,0,0.008,0.099,0.0,0.0,0.0,0,2,0,0,0,0,0,0,0.0,0.0,0.0,0,0,0,2,0,0,0,0.0,0,0,0.5,1,2,90,90,0,0,1,0.981,53,1.0,3,3,0.98,50,51,54,0,0,0,0,0,0,0,0,0.0,0,0,0,0,1,2,0,0,1,1,0,2,0.0,1,0,0,0,2,68,3
DFB-Pokal,1/32 FINALE,17.08.2025,Ulm,Elversberg,Casa,Ulm,Kahvic Aleksandar,Attaccante,Titolare,6.6,0,2,0,0,0,0,0.0,0,0,0,0,0,1,0,0.0,0,0,0.0,0,0,0.857,7,6,0.667,0.4,5,2,12,8,0,0,0.066,0.0,0.0,0.596,0.0,0,4,0,0,0,0,0,0,0.596,0.596,0.0,0,0,0,0,0,0,1,0.0,0,0,0.0,0,1,69,69,0,0,0,0.476,10,0.375,3,8,0.45,9,20,21,0,0,0,0,0,0,0,0,0.0,0,0,0,0,0,0,0,0,0,0,0,0,0.5,2,1,0,0,3,32,6
DFB-Pokal,1/32 FINALE,17.08.2025,Ulm,Elversberg,Casa,Ulm,Ortag Christian,Portiere,Titolare,6.9,0,6,0,0,1,0,0.0,1,0,0,0,0,1,0,0.0,0,0,0.0,0,0,0.0,0,0,0.0,0.0,0,0,0,0,0,0,0.002,0.0,0.0,0.917,0.0,0,4,0,0,0,1,0,0,-0.083,-0.083,0.0,0,0,0,0,0,2,0,0.0,0,0,0.538,14,26,90,90,0,0,0,0.674,31,0.0,0,5,0.69,20,29,46,0,0,0,0,0,0,0,0,0.0,0,0,0,4,0,0,0,5,0,0,0,0,0.0,0,0,0,0,0,53,0
DFB-Pokal,1/32 FINALE,17.08.2025,Ulm,Elversberg,Casa,Ulm,Wenig Marcel,Centrocampista,Subentrato,,0,0,0,0,0,0,0.0,1,0,0,0,0,0,0,0.0,0,1,0.0,0,0,0.0,0,0,0.0,0.0,0,0,0,0,0,0,0.046,0.0,0.0,0.0,0.0,0,0,0,0,0,0,0,0,0.0,0.0,0.0,0,0,0,0,0,0,0,0.0,0,0,0.0,0,0,3,3,0,0,0,1.0,3,1.0,2,2,1.0,3,3,3,0,0,0,0,0,0,0,0,0.0,0,0,0,0,0,0,0,0,0,0,0,0,0.0,0,0,0,0,0,4,0
DFB-Pokal,1/32 FINALE,17.08.2025,Ulm,Elversberg,Casa,Ulm,Dressel Dennis,Centrocampista,Titolare,6.9,0,6,0,0,0,0,0.0,3,0,0,0,1,3,0,0.0,0,0,1.0,1,1,0.5,4,2,0.667,0.75,8,6,12,8,0,0,0.036,0.051,0.0,0.917,0.0,0,9,1,2,0,1,0,0,-0.083,-0.083,0.0,0,0,0,1,0,0,0,0.0,0,0,0.5,1,2,90,90,0,0,2,0.714,30,0.462,6,13,0.714,30,42,42,0,0,0,0,0,0,0,0,0.0,0,0,0,0,1,2,1,1,0,2,0,3,0.333,3,1,0,0,4,61,1
DFB-Pokal,1/32 FINALE,17.08.2025,Ulm,Elversberg,Casa,Ulm,Seegert Marcel,Difensore centrale,Titolare,5.8,0,3,0,0,0,0,0.0,0,0,0,0,0,3,0,0.0,0,0,0.0,0,0,0.333,3,1,0.4,0.5,2,1,5,2,0,0,0.001,0.168,0.0,0.917,0.0,0,0,1,1,0,1,0,0,-0.083,-0.083,0.0,0,0,0,2,0,0,0,0.0,0,0,0.75,3,4,87,87,0,0,0,0.929,26,0.0,0,0,0.929,26,28,28,0,0,0,0,0,0,0,0,0.0,0,0,0,0,1,1,0,1,1,0,0,1,0.0,0,0,0,0,1,35,0
DFB-Pokal,1/32 FINALE,17.08.2025,Ulm,Elversberg,Casa,Ulm,Besong Paul-Philipp,Attaccante,Subentrato,6.2,0,0,0,0,0,0,0.0,0,0,1,0,0,0,0,0.0,0,0,0.0,0,0,0.0,0,0,0.0,0.0,0,0,0,0,0,0,0.001,0.135,0.0,0.322,0.0,0,1,1,0,0,1,0,0,-0.678,-0.678,0.0,0,0,0,0,0,0,0,0.0,0,0,0.0,0,0,21,21,0,0,0,0.5,2,0.333,1,3,0.5,2,4,4,0,0,0,0,0,0,0,0,0.0,0,0,0,0,0,1,0,1,0,1,0,1,0.0,0,0,0,0,1,6,1
DFB-Pokal,1/32 FINALE,17.08.2025,Ulm,Elversberg,Casa,Ulm,Brandt Max,Centrocampista,Titolare,6.2,0,3,0,0,0,0,0.0,1,0,0,0,0,1,0,0.5,1,2,1.0,1,1,0.0,1,0,0.429,0.5,6,3,7,3,0,0,0.052,0.025,0.0,0.917,0.0,0,8,2,1,0,1,0,0,-0.083,-0.083,0.0,0,0,0,0,0,0,0,0.0,0,0,0.8,4,5,90,90,0,0,0,0.867,39,0.714,10,14,0.864,38,44,45,0,0,0,0,0,0,0,0,0.0,0,0,0,0,1,0,1,1,0,0,0,1,0.0,1,0,0,0,0,57,2
DFB-Pokal,1/32 FINALE,17.08.2025,Ulm,Elversberg,Casa,Ulm,Chessa Dennis,Centrocampista offensivo,Titolare,5.7,0,0,0,0,0,0,0.0,2,0,0,0,0,0,0,0.0,0,1,0.0,0,0,0.0,1,0,0.5,0.571,7,4,8,4,0,0,0.012,0.0,0.0,0.748,0.0,0,1,1,1,0,1,0,0,-0.252,-0.252,0.0,0,0,0,1,0,0,0,1.0,1,1,0.0,0,0,77,77,0,0,1,0.667,8,0.4,2,5,0.667,8,12,12,0,0,0,0,0,0,0,0,0.0,0,0,0,0,0,0,0,1,0,0,0,0,0.0,3,0,0,0,1,26,3
DFB-Pokal,1/32 FINALE,17.08.2025,Ulm,Elversberg,Casa,Ulm,Scholze Max,Esterno,Titolare,5.5,0,3,0,0,0,0,0.0,4,0,0,0,0,2,0,0.0,0,5,0.0,0,0,0.0,0,0,0.0,0.0,3,0,3,0,0,0,0.003,0.0,0.0,0.917,0.0,0,1,0,0,0,1,0,0,-0.083,-0.083,0.0,0,0,0,0,0,0,0,0.0,0,0,0.0,0,2,90,90,0,0,0,0.81,17,0.667,2,3,0.81,17,21,21,0,0,0,0,0,0,0,0,0.0,0,0,0,0,0,0,0,1,0,0,0,0,0.0,0,0,0,0,1,38,4
DFB-Pokal,1/32 FINALE,17.08.2025,Ulm,Elversberg,Casa,Ulm,Becker Andre,Attaccante,Subentrato,6.3,0,0,0,0,0,0,0.0,1,0,0,0,0,0,0,0.0,0,0,0.0,0,0,0.0,0,0,0.5,0.5,2,1,2,1,0,0,0.013,0.0,0.0,0.169,0.0,0,1,0,0,0,0,0,0,0.169,0.169,0.0,0,0,0,0,0,0,0,0.0,0,0,0.0,0,0,13,13,0,0,0,0.667,2,0.667,2,3,0.667,2,3,3,0,0,0,0,0,0,0,0,0.0,0,0,0,0,0,0,0,0,0,0,0,0,0.0,1,0,0,0,0,6,2
DFB-Pokal,1/32 FINALE,17.08.2025,Ulm,Elversberg,Casa,Ulm,Meier Jonathan,Esterno,Titolare,6.1,0,1,0,0,0,0,0.0,3,0,0,0,2,1,0,0.333,1,3,0.0,0,0,0.0,1,0,0.4,0.5,4,2,5,2,0,0,0.105,0.0,0.0,0.596,0.0,0,4,0,0,0,0,0,0,0.596,0.596,0.0,0,0,0,0,0,0,1,0.0,0,0,0.5,1,2,69,69,0,0,0,0.529,9,0.429,3,7,0.529,9,17,17,0,0,0,0,0,0,0,0,0.0,0,0,0,0,0,0,0,0,0,0,0,0,1.0,2,2,0,0,1,31,1
DFB-Pokal,1/32 FINALE,17.08.2025,Ulm,Elversberg,Casa,Ulm,Boller Jan,Difensore centrale,Titolare,6.1,0,5,0,0,0,0,0.0,0,0,1,0,0,5,0,0.0,0,0,0.0,0,0,0.333,3,1,0.25,0.2,5,1,8,2,0,0,0.004,0.0,0.0,0.917,0.0,0,5,4,0,0,1,0,0,-0.083,-0.083,0.0,0,0,0,2,0,0,0,0.0,0,0,0.0,0,0,90,90,0,0,1,0.897,26,0.5,2,4,0.893,25,28,29,0,0,0,0,0,0,0,0,0.0,0,0,0,0,0,0,0,1,0,0,0,0,1.0,1,1,0,0,1,41,0
DFB-Pokal,1/32 FINALE,17.08.2025,Ulm,Elversberg,Casa,Ulm,Roser Lucas,Attaccante,Titolare,5.7,0,3,0,0,0,0,0.0,0,0,0,0,0,0,0,0.0,0,0,0.0,0,0,0.5,4,2,0.429,0.333,3,1,7,3,0,0,0.008,0.071,0.0,0.748,0.0,0,3,1,0,0,1,0,0,-0.252,-0.252,0.0,0,0,0,1,0,0,0,0.0,0,0,0.0,0,0,77,77,0,1,0,0.846,11,0.714,5,7,0.833,10,12,13,0,0,0,0,0,0,0,0,0.0,0,0,0,0,1,1,0,1,0,0,0,1,0.0,1,0,0,0,2,17,1
DFB-Pokal,1/32 FINALE,17.08.2025,Delmenhorst,Monchengladbach,Ospite,Monchengladbach,Fraulo Oscar,Centrocampista,Subentrato,,0,1,0,1,0,0,0.0,1,0,0,0,0,0,0,0.0,0,0,0.0,0,0,0.0,0,0,0.0,0.0,0,0,0,0,0,0,0.01,0.462,0.0,0.0,0.0,0,0,0,0,0,0,0,0,0.0,0.0,0.0,0,0,0,0,0,0,0,0.0,0,0,0.0,0,0,1,1,0,0,0,0.75,3,1.0,2,2,0.75,3,4,4,0,0,0,0,0,0,0,0,0.0,0,0,0,0,0,1,1,0,0,2,0,2,0.0,0,0,0,0,1,6,0
DFB-Pokal,1/32 FINALE,17.08.2025,Delmenhorst,Monchengladbach,Ospite,Monchengladbach,Castrop Jens,Centrocampista,Subentrato,,0,0,0,0,0,0,0.0,0,0,0,0,0,0,0,0.0,0,0,0.0,1,0,0.0,4,0,0.0,0.0,1,0,5,0,0,0,0.012,0.0,0.0,0.0,0.0,0,1,0,0,0,0,0,0,0.0,0.0,0.0,0,0,0,1,0,0,1,0.0,0,0,0.0,0,0,8,7,0,0,0,1.0,5,1.0,3,3,1.0,5,5,5,0,0,0,0,0,0,0,0,0.0,0,0,0,0,0,0,0,0,0,0,0,0,0.0,0,0,0,0,0,7,0
DFB-Pokal,1/32 FINALE,17.08.2025,Delmenhorst,Monchengladbach,Ospite,Monchengladbach,Sander Philipp,Centrocampista,Titolare,7.4,0,3,0,0,0,0,0.0,3,0,0,0,0,2,0,0.0,0,0,0.0,0,0,0.6,10,6,0.714,1.0,4,4,14,10,0,0,0.04,0.052,0.063,0.78,0.0,0,5,0,1,0,2,0,0,-1.22,-1.22,0.0,0,0,0,2,0,0,1,1.0,1,1,0.636,7,11,83,83,0,0,0,0.732,30,0.75,6,8,0.725,29,40,41,0,0,0,0,0,0,0,0,0.0,0,0,0,0,0,3,0,2,3,2,1,3,0.667,3,2,0,1,3,55,0
DFB-Pokal,1/32 FINALE,17.08.2025,Delmenhorst,Monchengladbach,Ospite,Monchengladbach,Chiarodia Fabio Cristian,Difensore,Subentrato,6.7,0,0,0,0,0,0,0.0,0,0,0,0,0,4,0,0.0,0,0,0.0,0,0,1.0,2,2,0.667,0.0,1,0,3,2,0,0,0.005,0.022,0.0,0.471,0.0,0,1,0,0,0,0,0,0,0.471,0.471,0.0,0,0,0,0,0,0,1,0.0,0,0,1.0,1,1,1,45,0,0,0,0.842,16,1.0,1,1,0.813,13,16,19,0,0,0,0,0,0,0,0,0.0,0,0,0,0,0,1,0,0,1,1,0,1,0.0,0,0,0,0,1,28,2
DFB-Pokal,1/32 FINALE,17.08.2025,Delmenhorst,Monchengladbach,Ospite,Monchengladbach,Scally Joe,Terzino,Titolare,7.5,0,4,0,0,0,0,0.0,7,0,0,0,1,4,0,0.0,0,6,1.0,2,2,0.75,8,6,0.8,0.857,7,6,15,12,0,0,0.023,0.0,0.0,0.78,0.0,0,10,0,3,0,2,0,0,-1.22,-1.22,0.0,0,0,0,0,0,0,0,0.0,0,0,0.714,5,7,90,90,0,0,0,0.755,40,0.636,7,11,0.76,38,50,53,0,0,0,0,0,0,0,0,0.0,0,0,0,0,0,0,0,2,0,0,0,0,1.0,1,1,0,0,0,84,1
DFB-Pokal,1/32 FINALE,17.08.2025,Delmenhorst,Monchengladbach,Ospite,Monchengladbach,Reitz Rocco,Centrocampista,Titolare,6.8,0,1,0,1,0,0,0.0,3,0,0,0,1,4,0,0.0,0,0,1.0,2,2,0.5,2,1,0.688,0.714,14,10,16,11,0,0,0.056,0.817,0.0,0.78,0.0,0,7,1,3,0,2,0,0,-1.22,-1.22,0.0,0,0,0,1,0,0,0,1.0,2,2,0.364,4,11,90,90,0,0,0,0.667,38,0.533,8,15,0.642,34,53,57,0,0,0,0,0,0,0,0,0.0,0,0,0,0,0,1,0,2,0,1,0,1,0.2,5,1,0,1,7,81,2
DFB-Pokal,1/32 FINALE,17.08.2025,Delmenhorst,Monchengladbach,Ospite,Monchengladbach,Nicolas Moritz,Portiere,Titolare,6.1,0,7,0,0,0,0,0.0,0,0,0,0,0,0,0,0.0,0,0,0.0,0,0,0.0,0,0,1.0,1.0,1,1,1,1,0,0,0.004,0.0,0.0,0.78,0.0,0,4,0,0,0,2,0,0,-1.22,-1.22,1.0,1,1,0,0,0,4,0,0.0,0,0,0.5,12,24,90,90,0,0,0,0.684,26,0.25,1,4,0.656,21,32,38,0,0,0,0,0,0,0,0,0.0,0,0,0,2,0,0,0,4,0,0,0,0,1.0,1,1,0,0,0,47,0
DFB-Pokal,1/32 FINALE,17.08.2025,Delmenhorst,Monchengladbach,Ospite,Monchengladbach,Diks Kevin,Difensore centrale,Titolare,6.9,0,4,0,0,0,0,0.0,0,0,0,0,0,3,0,0.0,0,0,0.0,0,0,1.0,1,1,1.0,1.0,2,2,3,3,0,0,0.003,0.0,0.0,0.309,0.0,0,2,0,1,0,2,0,0,-1.691,-1.691,0.0,0,0,0,0,0,0,0,0.0,0,0,0.333,1,3,90,45,0,0,0,0.867,13,0.5,1,2,0.857,12,14,15,0,0,0,0,0,0,0,0,0.0,0,0,0,0,0,0,0,2,0,0,0,0,1.0,1,1,0,0,0,22,0
DFB-Pokal,1/32 FINALE,17.08.2025,Delmenhorst,Monchengladbach,Ospite,Monchengladbach,Tabakovic Haris,Attaccante,Titolare,6.4,0,2,1,2,0,0,0.0,0,0,0,0,1,0,0,0.0,0,0,0.0,0,0,0.2,10,2,0.176,0.143,7,1,17,3,0,0,0.235,0.694,0.179,0.78,0.0,0,0,5,1,0,2,0,0,-1.22,-1.22,0.0,0,0,0,0,0,0,1,0.4,2,5,0.0,0,0,90,90,0,4,1,0.667,12,0.571,4,7,0.667,12,18,18,0,0,0,0,0,0,0,0,0.0,0,0,0,0,0,4,0,2,1,3,1,4,0.0,0,0,0,0,9,29,2
DFB-Pokal,1/32 FINALE,17.08.2025,Delmenhorst,Monchengladbach,Ospite,Monchengladbach,Honorat Franck,Ala,Titolare,9.6,1,6,6,0,0,0,0.0,7,0,0,0,0,1,0,0.667,4,6,1.0,3,3,0.667,3,2,0.727,0.75,8,6,11,8,0,0,0.981,0.088,0.274,0.78,0.0,0,2,0,0,0,2,0,0,-1.22,-1.22,0.0,0,0,0,0,0,0,8,1.0,1,1,0.333,2,6,90,90,0,0,0,0.756,31,0.75,12,16,0.756,31,41,41,0,0,0,0,0,0,0,0,0.0,0,0,0,0,1,1,1,2,0,0,1,2,1.0,3,3,0,0,10,61,2
DFB-Pokal,1/32 FINALE,17.08.2025,Delmenhorst,Monchengladbach,Ospite,Monchengladbach,Hack Robin,Ala,Titolare,8.6,0,0,0,3,0,0,0.0,2,0,0,0,0,0,0,0.0,0,0,1.0,1,1,0.5,2,1,0.625,0.667,6,4,8,5,0,0,0.182,1.626,1.345,0.78,0.0,0,5,0,3,2,2,0,0,-1.22,-1.22,0.0,0,0,0,1,0,0,0,0.0,0,0,0.333,1,3,89,89,0,1,0,0.813,26,0.714,10,14,0.813,26,32,32,0,0,0,0,0,0,0,0,0.0,0,0,0,0,0,4,2,2,1,1,5,6,0.0,0,0,0,0,10,52,4
DFB-Pokal,1/32 FINALE,17.08.2025,Delmenhorst,Monchengladbach,Casa,Delmenhorst,Urban Linus,Terzino,Titolare,7.2,0,3,0,0,0,0,0.0,13,0,1,0,1,5,0,0.167,1,6,0.0,0,0,1.0,2,2,0.5,0.0,2,0,4,2,0,0,0.059,0.034,0.181,2.158,0.0,0,12,1,0,1,3,0,0,-0.842,-0.842,0.0,0,0,0,1,0,0,1,0.0,0,0,0.222,2,9,90,90,0,0,0,0.467,14,0.357,5,14,0.5,14,28,30,0,0,0,0,0,0,0,0,0.0,0,0,0,0,0,0,2,3,0,0,2,2,0.0,0,0,0,0,0,57,2
DFB-Pokal,1/32 FINALE,17.08.2025,Delmenhorst,Monchengladbach,Ospite,Monchengladbach,Stoger Kevin,Centrocampista offensivo,Titolare,9.8,2,4,4,1,0,0,0.0,13,0,0,0,0,2,0,0.667,4,6,1.0,6,6,1.0,2,2,0.938,0.929,14,13,16,15,0,0,0.464,0.175,0.01,0.78,0.0,0,12,1,7,0,2,0,0,-1.22,-1.22,0.0,0,0,0,0,0,0,8,1.0,1,1,0.714,10,14,89,89,0,1,0,0.773,51,0.767,23,30,0.737,42,57,66,0,0,0,0,0,0,0,0,0.0,0,0,0,0,0,3,0,2,2,2,1,3,0.0,0,0,0,0,6,95,2
DFB-Pokal,1/32 FINALE,17.08.2025,Delmenhorst,Monchengladbach,Casa,Delmenhorst,Poplawski Nico,Attaccante,Titolare,6.1,0,0,0,0,1,0,0.0,0,0,0,0,0,0,1,0.0,0,0,0.0,1,0,0.0,3,0,0.25,0.4,5,2,8,2,0,0,0.042,0.0,0.0,1.883,0.0,0,2,1,1,0,3,0,0,-1.117,-1.117,0.0,0,0,0,0,0,0,0,1.0,1,1,0.0,0,0,83,83,0,1,2,0.778,7,0.857,6,7,0.75,6,8,9,0,0,0,0,0,0,0,0,0.0,0,0,0,0,0,0,0,3,0,0,0,0,0.0,1,0,0,0,2,19,5
DFB-Pokal,1/32 FINALE,17.08.2025,Delmenhorst,Monchengladbach,Ospite,Monchengladbach,Netz Luca,Difensore,Subentrato,,0,1,0,0,0,0,0.0,0,0,0,0,0,1,0,0.0,0,0,0.0,0,0,0.0,0,0,1.0,1.0,1,1,1,1,0,0,0.008,0.0,0.0,0.0,0.0,0,2,0,0,0,0,0,0,0.0,0.0,0.0,0,0,0,0,0,0,1,0.0,0,0,0.0,0,2,8,7,0,0,0,0.6,3,0.5,2,4,0.6,3,5,5,0,0,0,0,0,0,0,0,0.0,0,0,0,0,0,0,0,0,0,0,0,0,1.0,1,1,0,0,1,9,0
DFB-Pokal,1/32 FINALE,17.08.2025,Delmenhorst,Monchengladbach,Casa,Delmenhorst,Gijsen Dinand,Centrocampista,Titolare,5.4,0,1,0,0,0,0,0.0,2,0,0,0,3,3,0,0.0,0,2,0.0,1,0,0.0,3,0,0.2,0.286,7,2,10,2,0,0,0.059,0.0,0.0,1.883,0.0,0,6,1,1,0,3,0,0,-1.117,-1.117,0.0,0,0,0,0,0,0,2,0.0,0,0,0.0,0,1,83,83,0,0,0,0.682,15,0.6,6,10,0.667,14,21,22,0,0,0,0,0,0,0,0,0.0,0,0,0,0,0,0,0,3,0,0,0,0,1.0,1,1,0,0,0,35,2
DFB-Pokal,1/32 FINALE,17.08.2025,Delmenhorst,Monchengladbach,Ospite,Monchengladbach,Elvedi Nico,Difensore centrale,Titolare,7.1,0,2,0,1,0,0,0.0,0,0,0,0,0,9,0,0.0,0,0,0.0,0,0,0.5,2,1,0.6,0.667,3,2,5,3,0,0,0.003,0.449,0.286,0.78,0.0,0,3,1,1,1,2,0,0,-1.22,-1.22,0.0,0,0,0,2,0,0,0,0.0,0,0,0.714,5,7,90,90,0,0,0,0.871,27,0.667,2,3,0.846,22,26,31,0,0,0,0,0,0,0,0,0.0,0,0,0,0,1,3,0,2,0,1,1,3,0.0,1,0,0,0,3,47,0
DFB-Pokal,1/32 FINALE,17.08.2025,Delmenhorst,Monchengladbach,Casa,Delmenhorst,Tomic Josip,Centrocampista,Titolare,5.7,0,3,0,0,0,0,0.0,1,0,1,0,1,2,0,0.0,0,0,0.0,0,0,0.0,1,0,0.167,0.2,5,1,6,1,0,0,0.002,0.0,0.0,1.883,0.0,0,7,3,0,0,3,0,0,-1.117,-1.117,0.0,0,0,0,0,0,0,0,0.0,0,0,0.333,2,6,73,73,0,0,0,0.409,9,0.375,3,8,0.45,9,20,22,0,0,0,0,0,0,0,0,0.0,0,0,0,0,0,0,0,3,0,0,0,0,1.0,1,1,0,0,0,29,1
DFB-Pokal,1/32 FINALE,17.08.2025,Delmenhorst,Monchengladbach,Ospite,Monchengladbach,Ranos Grant-Leon,Attaccante,Subentrato,,0,1,0,0,0,0,0.0,0,0,0,0,0,0,0,0.0,0,1,0.0,0,0,0.0,0,0,0.0,0.0,0,0,0,0,0,0,0.033,0.0,0.0,0.0,0.0,0,0,0,0,0,0,0,0,0.0,0.0,0.0,0,0,0,0,0,0,1,0.0,0,0,0.0,0,1,2,1,0,0,0,0.5,2,1.0,1,1,0.5,2,4,4,0,0,0,0,0,0,0,0,0.0,0,0,0,0,0,0,0,0,0,0,0,0,0.0,0,0,0,0,1,6,0
DFB-Pokal,1/32 FINALE,17.08.2025,Delmenhorst,Monchengladbach,Casa,Delmenhorst,Lameyer Sven,Centrocampista,Subentrato,6.3,0,5,0,0,0,0,0.0,0,0,0,0,0,0,0,0.0,0,0,0.0,0,0,0.0,0,0,1.0,1.0,2,2,2,2,0,0,0.003,0.0,0.0,0.561,0.0,0,2,0,1,0,1,0,0,-0.439,-0.439,0.0,0,0,0,0,0,0,0,0.0,0,0,0.0,0,1,29,28,0,0,0,0.923,12,0.667,2,3,1.0,11,11,13,0,0,0,0,0,0,0,0,0.0,0,0,0,0,0,0,0,1,0,0,0,0,1.0,1,1,0,0,0,15,0
DFB-Pokal,1/32 FINALE,17.08.2025,Delmenhorst,Monchengladbach,Ospite,Monchengladbach,Ullrich Lukas,Terzino,Titolare,7.1,0,9,0,0,0,0,0.0,4,0,0,0,0,1,0,0.8,4,5,0.0,1,0,0.5,2,1,0.333,0.25,4,1,6,2,0,0,0.195,0.03,0.0,0.78,0.0,0,15,0,1,0,2,0,0,-1.22,-1.22,0.0,0,0,0,0,0,0,2,0.0,0,0,0.429,3,7,83,83,0,1,0,0.804,45,0.706,12,17,0.8,44,55,56,0,0,0,0,0,0,0,0,0.0,0,0,0,0,1,0,1,2,0,0,0,1,0.0,0,0,0,0,2,78,2
DFB-Pokal,1/32 FINALE,17.08.2025,Delmenhorst,Monchengladbach,Casa,Delmenhorst,Diop Lamine,Centrocampista offensivo,Titolare,6.7,1,2,0,0,0,0,0.0,1,0,1,0,0,0,0,0.0,0,0,0.667,3,2,0.5,10,5,0.429,0.364,11,4,21,9,0,0,0.08,0.024,0.0,1.883,0.0,0,4,3,1,0,3,0,0,-1.117,-1.117,0.0,0,0,0,1,0,0,1,0.0,0,0,1.0,2,2,73,73,0,0,0,0.438,7,0.444,4,9,0.438,7,16,16,0,0,0,0,0,0,0,0,0.0,0,0,0,0,0,0,1,3,0,1,0,1,1.0,1,1,0,0,4,27,3
DFB-Pokal,1/32 FINALE,17.08.2025,Delmenhorst,Monchengladbach,Casa,Delmenhorst,Dahnenkamp Justin,Attaccante,Subentrato,,0,0,0,0,0,0,0.0,0,0,0,0,0,0,0,0.0,0,0,0.0,0,0,0.0,0,0,0.0,0.0,1,0,1,0,0,0,0.0,0.0,0.0,0.274,0.0,0,0,0,0,0,0,0,0,0.274,0.274,0.0,0,0,0,0,0,0,0,0.0,0,0,0.0,0,0,8,7,0,0,0,0.0,0,0.0,0,0,0.0,0,0,0,0,0,0,0,0,0,0,0,0.0,0,0,0,0,0,0,0,0,0,0,0,0,0.0,0,0,0,0,0,2,1
DFB-Pokal,1/32 FINALE,17.08.2025,Delmenhorst,Monchengladbach,Casa,Delmenhorst,Temin Ibrahim,Terzino,Titolare,6.0,0,4,0,0,0,0,0.0,3,0,0,0,0,1,0,0.0,0,2,0.5,2,1,0.333,6,2,0.438,0.5,10,5,16,7,0,0,0.005,0.031,0.0,2.158,0.0,0,9,1,2,0,3,0,0,-0.842,-0.842,0.0,0,0,0,1,0,0,0,0.0,0,0,0.333,1,3,90,90,0,0,0,0.455,10,0.222,2,9,0.455,10,22,22,0,0,0,0,0,0,0,0,0.0,0,0,0,0,0,0,2,3,0,2,0,2,1.0,2,2,0,0,1,54,4
DFB-Pokal,1/32 FINALE,17.08.2025,Delmenhorst,Monchengladbach,Casa,Delmenhorst,Rohwedder Steffen,Attaccante,Titolare,6.5,0,3,0,0,0,0,0.0,1,0,0,0,1,1,0,1.0,1,1,0.0,0,0,0.625,8,5,0.5,0.25,4,1,12,6,0,0,0.056,0.175,0.145,2.158,0.0,0,0,1,0,1,3,0,0,-0.842,-0.842,0.0,0,0,0,0,0,0,0,1.0,1,1,0.0,0,0,90,90,0,1,0,0.643,9,0.2,1,5,0.615,8,13,14,0,0,0,0,0,0,0,0,0.0,0,0,0,0,0,0,1,3,0,0,1,1,1.0,1,1,0,0,0,24,3
DFB-Pokal,1/32 FINALE,17.08.2025,Delmenhorst,Monchengladbach,Casa,Delmenhorst,Fagerstrom Tobias,Attaccante,Subentrato,6.0,0,2,0,0,0,0,0.0,0,0,1,0,0,0,0,0.0,0,0,0.0,0,0,0.0,1,0,0.25,0.286,7,2,8,2,0,0,0.006,0.0,0.0,0.274,0.0,0,0,3,0,0,0,0,0,0.274,0.274,0.0,0,0,0,0,0,0,0,0.0,0,0,0.0,0,1,18,17,0,0,0,0.778,7,0.8,4,5,0.778,7,9,9,0,0,0,0,0,0,0,0,0.0,0,0,0,0,0,0,0,0,0,0,0,0,0.5,2,1,0,0,0,15,4
DFB-Pokal,1/32 FINALE,17.08.2025,Delmenhorst,Monchengladbach,Casa,Delmenhorst,Schallschmidt Joel,Centrocampista,Subentrato,6.4,0,0,0,0,0,0,0.0,1,0,0,0,0,0,0,0.0,0,0,0.0,0,0,0.75,4,3,0.75,0.0,0,0,4,3,0,0,0.006,0.0,0.0,0.274,0.0,0,1,0,0,0,0,0,0,0.274,0.274,0.0,0,0,0,0,0,0,0,0.0,0,0,0.0,0,0,18,17,0,0,0,0.7,7,0.5,2,4,0.7,7,10,10,0,0,0,0,0,0,0,0,0.0,0,0,0,0,0,0,0,0,0,0,0,0,0.0,0,0,0,0,0,11,0
DFB-Pokal,1/32 FINALE,17.08.2025,Delmenhorst,Monchengladbach,Casa,Delmenhorst,Schobert Damian,Portiere,Titolare,7.1,0,11,0,0,3,0,0.0,1,0,0,0,2,4,0,0.0,0,0,0.0,0,0,0.0,0,0,0.0,0.0,2,0,2,0,0,0,0.013,0.0,0.0,2.158,0.0,0,16,0,0,0,3,0,0,-0.842,-0.842,1.0,1,1,0,0,4,2,0,0.0,0,0,0.5,20,40,90,90,0,0,0,0.543,25,0.438,7,16,0.607,17,28,46,0,0,0,0,0,0,0,0,0.0,0,0,0,6,0,0,0,9,0,0,0,0,0.0,0,0,0,0,0,59,0
DFB-Pokal,1/32 FINALE,17.08.2025,Delmenhorst,Monchengladbach,Casa,Delmenhorst,Hefele Daniel,Centrocampista,Titolare,6.3,0,5,0,0,0,0,0.0,1,0,0,0,1,3,0,0.0,0,0,0.0,0,0,0.0,1,0,0.4,0.5,4,2,5,2,0,0,0.12,0.0,0.0,1.597,0.0,0,2,1,0,0,2,0,0,-0.403,-0.403,0.0,0,0,0,0,0,0,1,0.0,0,0,0.25,1,4,62,62,0,0,0,0.625,10,0.6,3,5,0.571,8,14,16,0,0,0,0,0,0,0,0,0.0,0,0,0,0,0,0,0,2,0,0,0,0,0.5,2,1,0,0,0,23,2
DFB-Pokal,1/32 FINALE,17.08.2025,Delmenhorst,Monchengladbach,Casa,Delmenhorst,Burke Dylan,Difensore centrale,Titolare,5.1,0,4,0,0,0,0,0.0,0,0,0,0,4,3,0,0.0,0,0,0.0,0,0,1.0,1,1,0.125,0.0,7,0,8,1,0,0,0.007,0.069,0.0,2.158,0.0,0,4,2,0,0,3,0,0,-0.842,-0.842,0.0,0,0,0,1,0,0,0,0.0,0,0,0.286,2,7,90,90,0,0,1,0.652,15,0.5,2,4,0.6,12,20,23,0,0,0,0,0,0,0,0,0.0,0,0,0,0,1,1,0,3,0,0,0,1,0.0,0,0,0,0,1,32,1
DFB-Pokal,1/32 FINALE,17.08.2025,Delmenhorst,Monchengladbach,Casa,Delmenhorst,Siech Marlo,Difensore centrale,Titolare,6.4,0,2,0,0,0,0,0.0,0,0,1,0,1,5,0,0.0,0,0,0.0,0,0,0.625,8,5,0.429,0.167,6,1,14,6,0,0,0.002,0.023,0.454,2.158,0.0,0,7,4,1,0,3,0,0,-0.842,-0.842,0.0,0,0,0,1,0,0,1,0.0,0,0,0.333,3,9,90,90,0,0,1,0.6,12,0.375,3,8,0.563,9,16,20,0,0,0,0,0,0,0,0,0.0,0,0,0,0,0,1,0,3,1,0,1,1,0.0,0,0,0,0,3,33,1
DFB-Pokal,1/32 FINALE,17.08.2025,Delmenhorst,Monchengladbach,Casa,Delmenhorst,Widiker Timon,Difensore,Subentrato,,0,0,0,0,0,0,0.0,1,0,0,0,0,0,0,0.0,0,0,0.0,0,0,0.0,0,0,0.0,0.0,0,0,0,0,0,0,0.0,0.0,0.0,0.274,0.0,0,4,0,0,0,0,0,0,0.274,0.274,0.0,0,0,0,0,0,0,0,0.0,0,0,0.25,1,4,8,7,0,0,0,0.5,3,0.25,1,4,0.5,3,6,6,0,0,0,0,0,0,0,0,0.0,0,0,0,0,0,0,0,0,0,0,0,0,0.0,0,0,0,0,0,7,0
DFB-Pokal,1/32 FINALE,17.08.2025,Lohne,Furth,Ospite,Furth,Sillah Omar,Attaccante,Subentrato,6.5,0,2,0,1,0,0,0.0,0,0,0,0,0,0,0,0.0,0,0,0.0,1,0,0.0,0,0,0.5,0.5,2,1,2,1,0,0,0.008,0.065,0.0,0.0,0.0,0,0,0,1,0,0,0,0,0.0,0.0,0.0,0,0,0,0,0,0,0,0.0,0,0,0.0,0,0,22,21,0,0,0,0.667,2,1.0,1,1,0.667,2,3,3,0,0,0,0,0,0,0,0,0.0,0,0,0,0,0,2,0,0,1,2,0,2,0.0,0,0,0,0,2,8,1
DFB-Pokal,1/32 FINALE,17.08.2025,Lohne,Furth,Ospite,Furth,Olesen Mathias,Centrocampista,Titolare,8.0,0,5,0,0,0,0,0.0,2,0,0,0,0,0,0,1.0,1,1,1.0,1,1,0.5,2,1,0.5,0.5,4,2,6,3,0,0,0.105,0.389,0.871,0.039,0.0,0,7,2,1,1,0,0,0,0.039,0.039,0.0,0,0,0,1,0,0,0,0.0,0,0,0.5,2,4,86,86,0,0,0,0.875,49,0.739,17,23,0.873,48,55,56,0,0,0,0,0,0,0,0,0.0,0,0,0,0,1,1,1,0,0,0,1,2,0.0,0,0,0,0,2,63,0
DFB-Pokal,1/32 FINALE,17.08.2025,Lohne,Furth,Ospite,Furth,Dehm Jannik,Esterno,Titolare,7.8,0,0,0,0,0,0,0.0,10,0,0,0,1,1,0,0.0,0,7,0.0,0,0,0.0,0,0,0.75,0.75,4,3,4,3,0,0,0.194,0.022,0.0,0.039,0.0,0,8,0,1,0,0,0,0,0.039,0.039,0.0,0,0,0,0,0,0,3,0.0,0,0,0.375,3,8,75,75,0,1,0,0.792,38,0.69,20,29,0.809,38,47,48,0,0,0,0,0,0,0,0,0.0,0,0,0,0,1,0,1,0,0,0,0,1,1.0,2,2,0,0,3,68,1
DFB-Pokal,1/32 FINALE,17.08.2025,Lohne,Furth,Ospite,Furth,Itter Gian-Luca,Esterno,Titolare,7.3,0,7,0,0,0,0,0.0,7,0,0,0,1,1,0,0.5,3,6,0.0,1,0,0.333,3,1,0.333,0.333,3,1,6,2,0,0,0.192,0.037,0.053,0.039,0.0,0,8,0,0,0,0,0,0,0.039,0.039,0.0,0,0,0,1,0,0,3,0.0,0,0,1.0,2,2,90,90,0,0,0,0.8,44,0.72,18,25,0.788,41,52,55,0,0,0,0,0,0,0,0,0.0,0,0,0,0,0,0,1,0,0,0,1,1,1.0,1,1,0,0,3,76,1
DFB-Pokal,1/32 FINALE,17.08.2025,Lohne,Furth,Ospite,Furth,Konig Noah,Difensore centrale,Titolare,7.5,0,1,0,0,0,0,0.0,1,0,0,0,0,1,0,0.0,0,0,0.0,0,0,0.643,14,9,0.588,0.333,3,1,17,10,0,0,0.039,0.205,0.27,0.039,0.0,0,4,3,1,1,0,0,0,0.039,0.039,0.0,0,0,0,2,0,0,0,0.0,0,0,0.429,3,7,90,90,0,0,0,0.855,53,0.5,3,6,0.85,51,60,62,0,0,0,0,0,0,0,0,0.0,0,0,0,0,1,3,0,0,3,1,1,3,0.0,0,0,0,0,3,72,0
DFB-Pokal,1/32 FINALE,17.08.2025,Lohne,Furth,Ospite,Furth,Klaus Felix,Centrocampista,Titolare,9.0,0,5,1,0,0,0,0.0,6,0,0,0,0,0,0,0.667,2,3,1.0,1,1,1.0,2,2,0.813,0.786,14,11,16,13,0,0,0.173,0.158,0.0,0.039,0.0,0,5,3,7,0,0,0,0,0.039,0.039,0.0,0,0,0,0,0,0,6,0.0,0,0,0.5,3,6,90,90,0,0,0,0.794,54,0.706,24,34,0.8,52,65,68,0,0,0,0,0,0,0,0,0.0,0,0,0,0,2,3,1,0,0,2,0,4,0.667,3,2,0,0,7,88,1
DFB-Pokal,1/32 FINALE,17.08.2025,Lohne,Furth,Ospite,Furth,Higl Felix,Attaccante,Titolare,7.2,0,2,0,0,0,0,0.0,1,0,0,0,0,0,0,0.0,0,1,0.0,0,0,0.667,3,2,0.571,0.5,4,2,7,4,0,0,0.021,0.373,0.271,0.039,0.0,0,1,0,2,0,0,0,0,0.039,0.039,0.0,0,0,0,0,0,0,0,0.0,0,0,0.0,0,0,69,69,0,0,0,0.941,16,0.875,7,8,0.941,16,17,17,0,0,0,0,0,0,0,0,0.0,0,0,0,0,2,4,2,0,3,2,2,6,0.0,0,0,0,0,8,30,4
DFB-Pokal,1/32 FINALE,17.08.2025,Lohne,Furth,Ospite,Furth,Ziereis Philipp,Difensore centrale,Titolare,8.0,0,5,0,0,0,0,0.0,0,0,0,0,0,3,0,0.0,0,0,0.0,0,0,0.8,5,4,0.714,0.5,2,1,7,5,0,0,0.021,0.17,0.0,0.039,0.0,0,11,1,0,0,0,0,0,0.039,0.039,0.0,0,0,0,2,0,0,0,0.0,0,0,0.5,3,6,90,90,0,0,1,0.898,53,0.818,9,11,0.898,53,59,59,0,0,0,0,0,0,0,0,0.0,0,0,0,0,1,1,0,0,0,0,0,1,1.0,1,1,0,0,4,71,0
DFB-Pokal,1/32 FINALE,17.08.2025,Lohne,Furth,Ospite,Furth,Cabrera Juan,Centrocampista,Subentrato,,0,0,0,0,0,0,0.0,0,0,0,0,0,0,0,0.0,0,0,0.0,0,0,0.0,0,0,0.0,0.0,0,0,0,0,0,0,0.0,0.0,0.0,0.0,0.0,0,0,0,0,0,0,0,0,0.0,0.0,0.0,0,0,0,0,0,0,0,0.0,0,0,0.0,0,1,5,4,0,0,0,0.0,0,0.0,0,1,0.0,0,2,2,0,0,0,0,0,0,0,0,0.0,0,0,0,0,0,0,0,0,0,0,0,0,0.0,0,0,0,0,0,3,0
DFB-Pokal,1/32 FINALE,17.08.2025,Lohne,Furth,Ospite,Furth,Fries Marlon,Centrocampista,Subentrato,6.4,0,0,0,0,0,0,0.0,0,0,0,0,0,0,0,0.0,0,0,1.0,1,1,0.0,0,0,1.0,1.0,2,2,2,2,0,0,0.056,0.0,0.0,0.0,0.0,0,1,0,1,0,0,0,0,0.0,0.0,0.0,0,0,0,0,0,0,0,0.0,0,0,1.0,1,1,16,15,0,0,0,0.857,6,1.0,3,3,0.857,6,7,7,0,0,0,0,0,0,0,0,0.0,0,0,0,0,0,0,0,0,0,0,0,0,0.0,0,0,0,0,1,10,0
DFB-Pokal,1/32 FINALE,17.08.2025,Lohne,Furth,Ospite,Furth,Hrgota Branimir,Attaccante,Titolare,7.3,0,2,0,0,0,0,0.0,7,0,0,0,0,0,0,0.0,0,0,1.0,1,1,0.0,0,0,0.667,0.667,9,6,9,6,0,0,0.249,0.141,0.0,0.039,0.0,0,5,1,2,0,0,0,0,0.039,0.039,0.0,0,0,0,0,0,0,1,0.0,0,0,0.0,0,0,86,86,0,1,0,0.781,25,0.682,15,22,0.8,24,30,32,0,0,0,0,0,0,0,0,0.0,0,0,0,0,1,1,2,0,0,2,0,3,1.0,3,3,0,0,2,46,2
DFB-Pokal,1/32 FINALE,17.08.2025,Lohne,Furth,Ospite,Furth,Dietz Maximilian,Difensore centrale,Titolare,8.0,0,2,0,0,0,0,0.0,3,0,0,0,0,1,0,1.0,1,1,0.0,0,0,0.5,2,1,0.5,0.5,4,2,6,3,0,0,0.072,0.079,0.0,0.039,0.0,0,16,1,0,0,0,0,0,0.039,0.039,0.0,0,0,0,1,0,0,2,0.0,0,0,0.667,2,3,90,90,0,0,0,0.933,70,0.963,26,27,0.929,65,70,75,0,0,0,0,0,0,0,0,0.0,0,0,0,0,1,1,0,0,0,0,0,1,0.5,2,1,0,0,1,83,1
DFB-Pokal,1/32 FINALE,17.08.2025,Lohne,Furth,Ospite,Furth,Boevink Pelle,Portiere,Titolare,6.9,0,6,0,0,0,0,0.0,0,0,0,0,0,0,0,0.0,0,0,0.0,0,0,0.0,0,0,0.0,0.0,0,0,0,0,0,0,0.0,0.0,0.0,0.039,0.0,0,1,0,0,0,0,0,0,0.039,0.039,0.0,0,0,0,0,0,4,0,0.0,0,0,0.667,6,9,90,90,0,0,0,0.857,18,1.0,1,1,0.786,11,14,21,0,0,0,0,0,0,0,0,0.0,0,0,0,1,0,0,0,1,0,0,0,0,0.0,0,0,0,0,0,26,0
DFB-Pokal,1/32 FINALE,17.08.2025,Lohne,Furth,Ospite,Furth,Green Julian,Centrocampista,Titolare,8.0,0,6,0,0,0,0,0.0,18,0,0,0,0,0,0,0.429,6,14,0.0,1,0,0.0,0,0,0.8,0.8,5,4,5,4,0,0,0.738,0.358,0.384,0.039,0.0,0,7,0,3,0,0,0,0,0.039,0.039,0.0,0,0,0,0,0,0,2,0.0,0,0,0.5,3,6,69,69,0,0,0,0.833,40,0.692,18,26,0.818,36,44,48,0,0,0,0,0,0,0,0,0.0,0,0,0,0,1,2,2,0,0,0,3,4,1.0,1,1,0,0,4,76,1
DFB-Pokal,1/32 FINALE,17.08.2025,Lohne,Furth,Ospite,Furth,Srbeny Dennis,Attaccante,Subentrato,,0,0,0,0,0,0,0.0,0,0,0,0,0,0,0,0.0,0,0,0.0,0,0,0.0,0,0,0.5,0.5,2,1,2,1,0,0,0.0,0.008,0.0,0.0,0.0,0,0,1,1,0,0,0,0,0.0,0.0,0.0,0,0,0,0,0,0,0,0.0,0,0,0.0,0,0,5,4,0,0,0,0.667,2,0.0,0,0,0.667,2,3,3,0,0,0,0,0,0,0,0,0.0,0,0,0,0,0,0,1,0,0,1,0,1,0.0,0,0,0,0,0,5,0
DFB-Pokal,1/32 FINALE,17.08.2025,Lohne,Furth,Ospite,Furth,Consbruch Jomaine,Centrocampista,Subentrato,7.4,1,0,1,0,0,0,0.0,3,0,0,0,0,0,0,0.25,1,4,0.5,2,1,1.0,1,1,0.6,0.5,4,2,5,3,0,0,0.028,0.0,0.0,0.0,0.0,0,3,0,1,0,0,0,0,0.0,0.0,0.0,0,0,0,0,0,0,2,0.0,0,0,0.0,0,1,22,21,0,0,0,0.667,6,0.667,4,6,0.667,6,9,9,0,0,0,0,0,0,0,0,0.0,0,0,0,0,0,0,0,0,0,0,0,0,0.0,0,0,0,0,2,19,1
DFB-Pokal,1/32 FINALE,17.08.2025,Lohne,Furth,Casa,Lohne,Sabah Johannes,Difensore centrale,Titolare,4.9,0,4,0,0,0,0,0.0,0,1,0,1,0,6,0,0.0,0,0,0.0,0,0,0.5,4,2,0.5,0.5,4,2,8,4,0,0,0.001,0.0,0.0,1.579,0.0,0,4,2,1,0,1,0,0,0.579,0.579,0.0,0,0,0,1,0,0,0,0.0,0,0,0.333,1,3,83,83,0,0,0,0.462,6,0.25,1,4,0.417,5,12,13,0,0,0,0,0,0,0,0,0.0,0,0,0,0,0,0,0,1,0,0,0,0,0.0,2,0,0,0,0,27,3
DFB-Pokal,1/32 FINALE,17.08.2025,Lohne,Furth,Casa,Lohne,Bredol Leonard,Difensore centrale,Titolare,5.9,0,3,0,0,0,0,0.0,3,0,0,0,3,5,0,1.0,2,2,0.0,1,0,0.0,2,0,0.111,0.143,7,1,9,1,0,0,0.122,0.0,0.0,1.849,0.0,0,5,2,0,0,2,0,0,-0.151,-0.151,0.0,0,0,0,1,0,0,1,0.0,0,0,0.2,1,5,90,90,0,0,3,0.412,7,0.5,3,6,0.412,7,17,17,0,0,0,0,0,0,0,0,0.0,0,0,0,0,0,0,0,2,0,0,0,0,1.0,1,1,0,0,0,38,1
DFB-Pokal,1/32 FINALE,17.08.2025,Lohne,Furth,Casa,Lohne,Neziri Rilind,Esterno,Titolare,5.6,0,2,0,0,0,0,0.0,0,0,0,0,0,2,0,0.0,0,1,0.5,2,1,0.0,1,0,0.25,0.333,3,1,4,1,0,0,0.001,0.0,0.0,1.579,0.0,0,1,0,0,0,1,0,0,0.579,0.579,0.0,0,0,0,1,0,0,0,0.0,0,0,0.5,1,2,78,78,0,0,0,0.727,8,1.0,2,2,0.727,8,11,11,0,0,0,0,0,0,0,0,0.0,0,0,0,0,0,0,0,1,0,0,0,0,0.0,0,0,0,0,1,23,3
DFB-Pokal,1/32 FINALE,17.08.2025,Lohne,Furth,Casa,Lohne,Helmdach Clinton,Centrocampista,Subentrato,6.3,0,2,0,0,0,0,0.0,0,0,0,0,0,0,0,0.0,0,0,0.0,0,0,0.0,0,0,0.0,0.0,0,0,0,0,0,0,0.0,0.094,0.0,0.323,0.0,0,0,0,0,0,1,0,0,-0.677,-0.677,0.0,0,0,0,0,0,0,0,0.0,0,0,0.0,0,0,22,21,0,0,0,0.0,0,0.0,0,0,0.0,0,1,1,0,0,0,0,0,0,0,0,0.0,0,0,0,0,0,1,1,1,1,2,0,2,0.0,0,0,0,0,1,5,2
DFB-Pokal,1/32 FINALE,17.08.2025,Lohne,Furth,Casa,Lohne,Westendorf Jakub,Centrocampista,Titolare,6.3,0,3,0,0,0,0,0.0,0,0,0,0,0,2,0,0.0,0,0,0.0,1,0,0.333,3,1,0.3,0.286,7,2,10,3,0,0,0.019,0.0,0.0,1.579,0.0,0,4,4,1,0,1,0,0,0.579,0.579,0.0,0,0,0,1,0,0,0,0.0,0,0,1.0,3,3,78,78,0,0,2,0.75,9,0.6,3,5,0.727,8,11,12,0,0,0,0,0,0,0,0,0.0,0,0,0,0,0,0,0,1,0,0,0,0,1.0,1,1,0,0,1,23,4
DFB-Pokal,1/32 FINALE,17.08.2025,Lohne,Furth,Casa,Lohne,Heskamp Sandro,Centrocampista,Subentrato,6.3,0,1,0,0,0,0,0.0,0,0,0,0,0,0,0,0.0,0,0,0.0,0,0,0.0,0,0,0.5,0.5,2,1,2,1,0,0,0.008,0.0,0.0,0.323,0.0,0,1,2,1,0,1,0,0,-0.677,-0.677,0.0,0,0,0,1,0,0,0,0.0,0,0,0.333,1,3,27,26,0,0,0,0.75,6,0.5,1,2,0.75,6,8,8,0,0,0,0,0,0,0,0,0.0,0,0,0,0,0,0,0,1,0,0,0,0,0.0,0,0,0,0,1,13,1
DFB-Pokal,1/32 FINALE,17.08.2025,Lohne,Furth,Casa,Lohne,Wengerowski Malte,Esterno,Titolare,5.4,0,5,0,0,0,0,0.0,2,1,0,0,0,4,0,0.5,1,2,1.0,1,1,0.6,5,3,0.667,0.75,4,3,9,6,0,0,0.007,0.0,0.0,1.849,0.0,0,5,1,1,0,2,0,0,-0.151,-0.151,0.0,0,0,0,0,0,0,1,0.0,0,0,0.0,0,1,90,90,0,0,1,0.583,14,0.714,5,7,0.583,14,24,24,0,0,0,0,0,0,0,0,0.0,0,0,0,0,0,0,0,2,0,0,0,0,1.0,1,1,0,0,1,44,3
DFB-Pokal,1/32 FINALE,17.08.2025,Lohne,Furth,Casa,Lohne,Thoben Nico,Centrocampista,Titolare,6.3,0,2,0,0,0,0,0.0,1,0,0,0,1,2,0,0.5,1,2,0.0,0,0,0.5,2,1,0.4,0.333,3,1,5,2,0,0,0.035,0.0,0.0,1.526,0.0,0,1,1,0,0,1,0,0,0.526,0.526,0.0,0,0,0,0,0,0,1,0.0,0,0,0.0,0,1,64,64,0,0,1,0.769,10,1.0,4,4,0.769,10,13,13,0,0,0,0,0,0,0,0,0.0,0,0,0,0,0,0,0,1,0,0,0,0,1.0,1,1,0,0,0,20,0
DFB-Pokal,1/32 FINALE,17.08.2025,Lohne,Furth,Casa,Lohne,Kobylanski Martin,Centrocampista,Titolare,5.8,0,3,0,0,0,0,0.0,2,0,0,0,0,1,0,0.0,0,2,0.0,0,0,0.0,0,0,0.286,0.286,7,2,7,2,0,0,0.077,0.046,0.0,1.526,0.0,0,3,2,2,0,1,0,0,0.526,0.526,0.0,0,0,0,0,0,0,2,0.0,0,0,0.5,1,2,69,69,0,0,1,0.769,10,0.8,4,5,0.818,9,11,13,0,0,0,0,0,0,0,0,0.0,0,0,0,0,1,1,0,1,0,0,0,1,0.0,0,0,0,0,1,24,3
DFB-Pokal,1/32 FINALE,17.08.2025,Lohne,Furth,Casa,Lohne,Tonnies Thorsten,Attaccante,Titolare,5.3,0,1,0,0,0,0,0.0,1,0,0,0,0,0,0,0.0,0,1,0.0,0,0,0.0,5,0,0.2,0.4,5,2,10,2,0,0,0.006,0.091,0.039,1.849,0.0,0,2,0,2,0,2,0,0,-0.151,-0.151,0.0,0,0,0,1,0,0,0,0.5,1,2,0.0,0,0,90,90,0,0,0,0.875,7,1.0,2,2,0.857,6,7,8,0,0,0,0,0,0,0,0,0.0,0,0,0,0,0,1,1,2,0,1,1,2,0.0,0,0,0,0,1,21,6
DFB-Pokal,1/32 FINALE,17.08.2025,Lohne,Furth,Casa,Lohne,Kasper Bjarne,Centrocampista,Subentrato,6.4,0,1,0,0,0,0,0.0,0,0,0,0,0,0,0,0.0,0,0,0.0,0,0,0.0,0,0,0.0,0.0,1,0,1,0,0,0,0.005,0.0,0.0,0.27,0.0,0,1,1,0,0,1,0,0,-0.73,-0.73,0.0,0,0,0,0,0,0,0,0.0,0,0,0.0,0,0,12,12,0,0,0,1.0,7,1.0,2,2,1.0,7,7,7,0,0,0,0,0,0,0,0,0.0,0,0,0,0,0,0,0,1,0,0,0,0,0.0,0,0,0,0,0,7,0
DFB-Pokal,1/32 FINALE,17.08.2025,Lohne,Furth,Casa,Lohne,Zander Luca,Difensore centrale,Titolare,6.0,0,2,0,0,0,0,0.0,1,0,1,0,1,5,0,0.0,0,1,0.0,1,0,1.0,1,1,0.333,0.25,8,2,9,3,0,0,0.003,0.0,0.0,1.849,0.0,0,5,4,1,0,2,0,0,-0.151,-0.151,0.0,0,0,0,3,0,0,0,0.0,0,0,0.286,2,7,90,90,0,1,0,0.556,10,0.25,1,4,0.625,10,16,18,0,0,0,0,0,0,0,0,0.0,0,0,0,0,0,0,0,2,0,0,0,0,1.0,1,1,0,0,0,34,1
DFB-Pokal,1/32 FINALE,17.08.2025,Lohne,Furth,Casa,Lohne,Schmiederer Felix,Attaccante,Titolare,6.2,0,0,0,0,0,0,0.0,1,0,0,0,0,3,0,0.0,0,1,0.0,0,0,0.333,9,3,0.4,0.5,6,3,15,6,0,0,0.006,0.055,0.0,1.526,0.0,0,2,3,2,0,1,0,0,0.526,0.526,0.0,0,0,0,1,0,0,0,1.0,1,1,1.0,1,1,69,69,0,0,3,0.571,8,0.667,4,6,0.571,8,14,14,0,0,0,0,0,0,0,0,0.0,0,0,0,0,0,1,0,1,1,1,0,1,0.0,1,0,0,0,1,28,1
DFB-Pokal,1/32 FINALE,17.08.2025,Lohne,Furth,Casa,Lohne,Hoppe Jan-Pelle,Centrocampista,Subentrato,6.2,0,0,0,0,0,0,0.0,0,0,0,0,0,1,0,0.0,0,0,0.0,1,0,0.0,0,0,0.6,0.6,5,3,5,3,0,0,0.0,0.0,0.0,0.323,0.0,0,0,0,1,0,1,0,0,-0.677,-0.677,0.0,0,0,0,0,0,0,0,0.0,0,0,0.0,0,0,22,21,0,0,0,1.0,2,0.0,0,0,1.0,1,1,2,0,0,0,0,0,0,0,0,0.0,0,0,0,0,0,0,0,1,0,0,0,0,0.0,2,0,0,0,0,8,1
DFB-Pokal,1/32 FINALE,17.08.2025,Lohne,Furth,Casa,Lohne,Reinert Tjark,Difensore,Subentrato,6.4,0,0,0,0,0,0,0.0,1,0,0,0,0,0,0,1.0,1,1,0.0,0,0,0.0,0,0,0.0,0.0,0,0,0,0,0,0,0.125,0.0,0.0,0.27,0.0,0,1,0,0,0,1,0,0,-0.73,-0.73,0.0,0,0,0,0,0,0,0,0.0,0,0,0.0,0,1,13,12,0,0,0,0.5,1,0.0,0,1,0.5,1,2,2,0,0,0,0,0,0,0,0,0.0,0,0,0,0,0,0,0,1,0,0,0,0,0.0,0,0,0,0,0,3,0
DFB-Pokal,1/32 FINALE,17.08.2025,Lohne,Furth,Casa,Lohne,Dedovic Marko,Portiere,Titolare,6.7,0,9,0,0,0,0,0.0,1,0,0,0,0,2,0,0.0,0,0,0.0,0,0,0.0,0,0,0.0,0.0,0,0,0,0,0,0,0.002,0.0,0.0,1.849,0.0,0,13,0,0,0,2,0,0,-0.151,-0.151,1.0,1,1,0,0,0,0,0,0.0,0,0,0.179,5,28,90,90,0,0,0,0.207,6,0.231,3,13,0.2,1,5,29,0,0,0,0,0,0,0,0,0.0,0,0,1,6,0,0,0,8,0,0,0,0,0.0,0,0,0,0,0,39,0
DFB-Pokal,1/32 FINALE,17.08.2025,Lokomotive Leipzig,Schalke,Ospite,Schalke,Antwi-Adjei Christopher,Esterno,Titolare,8.0,0,6,1,0,0,0,0.0,25,0,0,0,0,0,0,0.263,5,19,0.5,2,1,0.333,3,1,0.5,0.667,3,2,6,3,0,0,0.961,0.052,0.068,1.553,0.0,0,4,0,1,0,0,0,0,1.553,1.553,0.0,0,0,0,2,0,0,4,1.0,1,1,0.0,0,3,120,120,0,0,0,0.658,25,0.588,10,17,0.639,23,36,38,0,0,0,0,0,0,0,0,0.0,0,0,0,0,0,0,2,0,0,0,2,2,0.0,0,0,0,0,6,86,2
DFB-Pokal,1/32 FINALE,17.08.2025,Lokomotive Leipzig,Schalke,Ospite,Schalke,Sanchez Felipe,Difensore,Subentrato,6.5,0,4,0,0,0,0,0.0,2,0,0,0,1,8,0,1.0,1,1,0.0,0,0,0.2,5,1,0.222,0.25,4,1,9,2,0,0,0.023,0.0,0.0,0.0,0.0,0,3,2,0,0,0,0,0,0.0,0.0,0.0,0,0,0,0,0,0,0,0.0,0,0,0.333,1,3,51,51,0,0,0,0.842,16,0.333,1,3,0.889,16,18,19,0,0,0,0,0,0,0,0,0.0,0,0,0,0,0,0,0,0,0,0,0,0,1.0,1,1,0,0,0,33,0
DFB-Pokal,1/32 FINALE,17.08.2025,Lokomotive Leipzig,Schalke,Ospite,Schalke,Bachmann Janik,Centrocampista,Subentrato,6.6,0,1,0,0,0,0,0.0,2,0,0,0,1,4,0,0.0,0,0,0.0,0,0,0.667,6,4,0.556,0.333,3,1,9,5,0,0,0.028,0.048,0.0,0.0,0.0,0,3,1,0,0,0,0,0,0.0,0.0,0.0,0,0,0,0,0,0,0,0.0,0,0,0.0,0,0,51,51,0,0,0,0.667,10,0.625,5,8,0.667,10,15,15,0,0,0,0,0,0,0,0,0.0,0,0,0,0,0,0,1,0,0,1,0,1,0.0,1,0,0,0,0,26,1
DFB-Pokal,1/32 FINALE,17.08.2025,Lokomotive Leipzig,Schalke,Ospite,Schalke,Becker Vitalie,Esterno,Titolare,7.5,0,3,0,0,0,0,0.0,11,0,1,0,0,4,0,0.25,2,8,0.0,0,0,0.5,4,2,0.636,0.714,7,5,11,7,0,0,0.121,0.0,0.0,1.553,0.0,0,5,2,0,0,0,0,0,1.553,1.553,0.0,0,0,0,1,0,0,2,0.0,0,0,0.333,1,3,120,120,0,0,0,0.794,27,0.643,9,14,0.794,27,34,34,0,0,0,0,0,0,0,0,0.0,0,0,0,0,0,0,0,0,0,0,0,0,0.8,5,4,0,0,3,67,4
DFB-Pokal,1/32 FINALE,17.08.2025,Lokomotive Leipzig,Schalke,Ospite,Schalke,Becker Timo,Difensore centrale,Titolare,6.7,0,3,0,0,0,0,0.0,0,0,0,0,0,5,0,0.0,0,0,0.0,0,0,0.25,4,1,0.5,1.0,2,2,6,3,0,0,0.02,0.0,0.0,1.553,0.0,0,4,0,0,0,0,0,0,1.553,1.553,0.0,0,0,0,1,0,0,0,0.0,0,0,0.5,2,4,69,69,0,0,0,0.833,25,0.667,6,9,0.833,25,30,30,0,0,0,0,0,0,0,0,0.0,0,0,0,0,0,0,0,0,0,0,0,0,0.5,2,1,0,0,0,46,0
DFB-Pokal,1/32 FINALE,17.08.2025,Lokomotive Leipzig,Schalke,Ospite,Schalke,El-Faouzi Soufian,Centrocampista,Titolare,6.3,0,8,0,1,0,0,0.0,9,0,0,0,1,3,0,0.5,2,4,0.25,4,1,0.0,5,0,0.154,0.25,8,2,13,2,0,0,0.136,0.142,0.0,1.553,0.0,0,9,1,1,0,0,0,0,1.553,1.553,0.0,0,0,0,0,0,0,1,1.0,1,1,0.333,3,9,120,120,0,0,0,0.759,41,0.692,18,26,0.755,40,53,54,0,0,0,0,0,0,0,0,0.0,0,0,0,0,1,1,1,0,0,1,0,2,0.0,0,0,0,1,2,79,5
DFB-Pokal,1/32 FINALE,17.08.2025,Lokomotive Leipzig,Schalke,Ospite,Schalke,Gruger Max,Centrocampista,Titolare,6.8,0,2,0,0,0,0,0.0,3,0,0,0,1,0,0,1.0,2,2,0.0,0,0,0.0,1,0,0.25,0.333,3,1,4,1,0,0,0.058,0.0,0.0,1.553,0.0,0,7,1,0,0,0,0,0,1.553,1.553,0.0,0,0,0,0,0,0,1,1.0,2,2,0.333,1,3,80,80,0,0,1,0.78,32,0.5,5,10,0.78,32,41,41,0,0,0,0,0,0,0,0,0.0,0,0,0,0,0,0,0,0,0,0,0,0,1.0,1,1,0,0,0,46,0
DFB-Pokal,1/32 FINALE,17.08.2025,Lokomotive Leipzig,Schalke,Ospite,Schalke,Sylla Moussa,Attaccante,Titolare,7.7,0,3,0,3,0,0,0.0,1,0,0,0,0,0,0,0.0,0,0,0.0,1,0,0.833,6,5,0.818,0.8,5,4,11,9,0,0,0.215,1.164,1.294,1.553,0.0,0,4,0,3,0,0,0,0,1.553,1.553,0.0,0,0,0,0,0,0,2,0.5,1,2,1.0,2,2,120,120,0,1,0,0.8,24,0.813,13,16,0.786,22,28,30,0,0,0,0,0,0,0,0,0.0,0,0,0,0,1,7,1,0,0,4,3,8,1.0,1,1,0,1,12,49,5
DFB-Pokal,1/32 FINALE,17.08.2025,Lokomotive Leipzig,Schalke,Ospite,Schalke,Heekeren Justin,Portiere,Titolare,8.5,0,16,0,0,0,0,0.0,3,0,0,0,0,0,0,0.0,0,0,0.0,0,0,0.0,0,0,1.0,1.0,1,1,1,1,0,0,0.036,0.0,0.0,1.553,0.0,0,12,0,1,0,0,0,0,1.553,1.553,1.0,5,5,0,0,4,9,1,0.0,0,0,0.552,16,29,120,120,0,0,0,0.649,24,0.583,7,12,0.714,15,21,37,0,0,0,0,0,0,0,0,0.0,0,0,0,4,0,0,0,4,0,0,0,0,0.0,0,0,0,0,0,58,0
DFB-Pokal,1/32 FINALE,17.08.2025,Lokomotive Leipzig,Schalke,Ospite,Schalke,Kurucay Hasan,Difensore centrale,Titolare,7.5,0,5,0,0,0,0,0.0,1,0,0,0,0,6,0,0.0,0,0,0.0,0,0,0.5,2,1,0.8,1.0,3,3,5,4,0,0,0.183,0.0,0.0,1.553,0.0,0,12,0,1,0,0,0,0,1.553,1.553,0.0,0,0,0,0,0,0,1,0.0,0,0,0.0,0,4,80,80,0,0,0,0.841,53,0.737,14,19,0.836,51,61,63,0,0,0,0,0,0,0,0,0.0,0,0,0,0,0,0,0,0,0,0,0,0,0.5,2,1,0,0,0,79,0
DFB-Pokal,1/32 FINALE,17.08.2025,Lokomotive Leipzig,Schalke,Ospite,Schalke,Hojlund Emil,Centrocampista offensivo,Titolare,6.3,0,1,0,0,0,0,0.0,0,0,0,0,0,1,0,0.0,0,0,0.0,0,0,0.5,8,4,0.444,0.0,1,0,9,4,0,0,0.009,0.149,0.455,1.553,0.0,0,1,1,0,0,0,0,0,1.553,1.553,0.0,0,0,0,0,0,0,0,0.0,0,0,0.0,0,1,69,69,0,0,0,0.429,6,0.375,3,8,0.429,6,14,14,0,0,0,0,0,0,0,0,0.0,0,0,0,0,0,1,1,0,0,0,2,2,0.0,0,0,0,0,3,22,2
DFB-Pokal,1/32 FINALE,17.08.2025,Lokomotive Leipzig,Schalke,Ospite,Schalke,Lasme Bryan,Attaccante,Subentrato,8.4,0,3,0,0,0,0,0.0,1,0,0,0,0,0,0,0.5,1,2,0.0,1,0,1.0,2,2,0.6,0.333,3,1,5,3,0,0,0.031,0.433,1.462,0.0,0.0,0,0,2,0,1,0,0,0,0.0,0.0,0.0,0,0,0,1,0,0,1,0.0,0,0,0.0,0,0,40,40,0,0,0,0.583,7,0.714,5,7,0.583,7,12,12,0,0,0,0,0,0,0,0,0.0,0,0,0,0,1,5,0,0,2,2,2,5,0.0,1,0,0,0,7,26,3
DFB-Pokal,1/32 FINALE,17.08.2025,Lokomotive Leipzig,Schalke,Ospite,Schalke,Gantenbein Adrian,Difensore,Subentrato,6.8,0,1,0,0,0,0,0.0,0,0,0,0,0,0,0,0.0,0,0,0.0,1,0,1.0,1,1,0.833,0.8,5,4,6,5,0,0,0.004,0.012,0.009,0.0,0.0,0,1,0,2,0,0,0,0,0.0,0.0,0.0,0,0,0,0,0,0,0,0.0,0,0,0.0,0,1,30,30,0,0,0,0.667,6,0.667,2,3,0.625,5,8,9,0,0,0,0,0,0,0,0,0.0,0,0,0,0,0,0,1,0,0,0,1,1,0.5,2,1,0,0,2,21,3
DFB-Pokal,1/32 FINALE,17.08.2025,Lokomotive Leipzig,Schalke,Ospite,Schalke,Katic Nikola,Difensore centrale,Titolare,8.5,1,5,0,0,0,0,0.0,3,0,1,0,1,25,0,0.0,0,0,0.0,0,0,0.65,20,13,0.667,0.75,4,3,24,16,0,0,0.055,0.039,0.0,1.553,0.0,0,2,0,2,0,0,0,0,1.553,1.553,0.0,0,0,0,1,0,0,2,0.0,0,0,0.25,1,4,120,120,0,0,1,0.792,42,0.333,3,9,0.804,41,51,53,0,0,0,0,0,0,0,0,0.0,0,0,0,0,1,2,0,0,2,1,0,2,1.0,1,1,0,1,9,94,0
DFB-Pokal,1/32 FINALE,17.08.2025,Lokomotive Leipzig,Schalke,Ospite,Schalke,Karaman Kenan,Centrocampista offensivo,Titolare,7.0,0,2,1,0,0,0,0.0,6,0,0,0,0,0,0,0.0,0,1,0.5,2,1,0.364,11,4,0.333,0.286,7,2,18,6,0,0,0.233,0.102,0.0,1.553,0.0,0,2,2,0,0,0,0,0,1.553,1.553,0.0,0,0,0,0,0,0,1,1.0,3,3,0.0,0,0,90,90,0,1,0,0.767,23,0.667,12,18,0.767,23,30,30,0,0,0,0,0,0,0,0,0.0,0,0,0,0,1,1,0,0,0,0,0,1,0.0,1,0,0,1,5,42,4
DFB-Pokal,1/32 FINALE,17.08.2025,Lokomotive Leipzig,Schalke,Ospite,Schalke,Ayhan Mertcan,Difensore,Subentrato,6.9,0,2,1,0,0,0,0.0,0,0,0,0,0,4,0,0.0,0,0,0.0,1,0,0.5,2,1,0.25,0.0,2,0,4,1,0,0,0.006,0.113,0.331,0.0,0.0,0,1,1,0,0,0,0,0,0.0,0.0,0.0,0,0,0,1,0,0,1,0.0,0,0,0.5,1,2,40,40,0,0,0,0.818,9,1.0,4,4,0.8,8,10,11,0,0,0,0,0,0,0,0,0.0,0,0,0,0,0,2,0,0,1,1,1,2,0.0,0,0,0,0,2,20,0
DFB-Pokal,1/32 FINALE,17.08.2025,Lokomotive Leipzig,Schalke,Casa,Lokomotive Leipzig,Arcalean Jonas,Ala,Titolare,6.3,0,2,0,0,0,0,0.0,1,0,0,0,0,3,0,0.0,0,1,0.0,3,0,0.667,3,2,0.333,0.0,3,0,6,2,0,0,0.051,0.057,0.0,0.802,0.0,0,0,0,0,0,0,0,0,0.802,0.802,0.0,0,0,0,1,0,0,2,0.0,0,0,0.0,0,1,65,65,0,1,1,0.444,4,0.5,2,4,0.444,4,9,9,0,0,0,0,0,0,0,0,0.0,0,0,0,0,1,1,1,0,0,1,0,2,0.0,0,0,0,0,5,24,2
DFB-Pokal,1/32 FINALE,17.08.2025,Lokomotive Leipzig,Schalke,Casa,Lokomotive Leipzig,Maier Christoph,Attaccante,Titolare,5.9,0,2,0,0,0,0,0.0,1,0,0,0,3,3,0,0.0,0,0,0.0,0,0,1.0,2,2,0.3,0.125,8,1,10,3,0,0,0.002,0.047,0.513,0.802,0.0,0,3,3,1,0,0,0,0,0.802,0.802,0.0,0,0,0,0,0,0,0,1.0,1,1,0.0,0,1,65,65,0,1,0,0.583,7,0.6,3,5,0.583,7,12,12,0,0,0,0,0,0,0,0,0.0,0,0,0,0,0,1,0,0,0,0,1,1,0.0,0,0,0,0,1,22,2
DFB-Pokal,1/32 FINALE,17.08.2025,Lokomotive Leipzig,Schalke,Casa,Lokomotive Leipzig,Kang Min-gi,Attaccante,Subentrato,7.2,0,1,0,0,0,0,0.0,1,0,0,0,0,0,0,0.0,0,1,0.0,0,0,0.0,2,0,0.25,0.5,2,1,4,1,0,0,0.004,0.0,0.0,2.817,0.0,0,2,1,1,0,1,0,0,1.817,1.817,0.0,0,0,0,0,0,0,0,0.0,0,0,0.0,0,0,55,55,0,2,0,0.714,5,0.333,1,3,0.714,5,7,7,0,0,0,0,0,0,0,0,0.0,0,0,0,0,0,0,0,1,0,0,0,0,0.0,0,0,0,0,1,12,1
DFB-Pokal,1/32 FINALE,17.08.2025,Lokomotive Leipzig,Schalke,Casa,Lokomotive Leipzig,Verkamp Pasqual,Attaccante,Subentrato,6.4,0,1,0,0,0,0,0.0,5,0,0,0,0,0,0,0.0,0,4,1.0,1,1,0.5,2,1,0.667,1.0,1,1,3,2,0,0,0.001,0.06,0.0,2.817,0.0,0,1,0,0,0,1,0,0,1.817,1.817,0.0,0,0,0,0,0,0,0,0.0,0,0,0.0,0,0,24,24,0,0,0,0.333,1,0.5,1,2,0.5,1,2,3,0,0,0,0,0,0,0,0,0.0,0,0,0,0,1,1,0,1,0,0,0,1,0.0,0,0,0,0,1,11,1
DFB-Pokal,1/32 FINALE,17.08.2025,Lokomotive Leipzig,Schalke,Casa,Lokomotive Leipzig,Zimmer Linus,Difensore,Subentrato,6.4,0,0,0,0,0,0,0.0,0,0,0,0,0,1,0,0.0,0,0,0.0,3,0,0.0,1,0,0.375,0.429,7,3,8,3,0,0,0.001,0.0,0.0,1.663,0.0,0,0,1,1,0,1,0,0,0.663,0.663,0.0,0,0,0,0,0,0,0,0.0,0,0,0.0,0,1,15,15,0,0,0,0.333,1,1.0,1,1,0.333,1,3,3,0,0,0,0,0,0,0,0,0.0,0,0,0,0,0,0,0,1,0,0,0,0,0.5,2,1,0,0,0,15,1
DFB-Pokal,1/32 FINALE,17.08.2025,Lokomotive Leipzig,Schalke,Casa,Lokomotive Leipzig,Grozinger David,Terzino,Titolare,6.8,0,2,0,0,0,0,0.0,10,0,0,0,0,3,0,0.333,3,9,0.0,1,0,1.0,3,3,0.8,0.5,2,1,5,4,0,0,0.156,0.0,0.0,1.956,0.0,0,12,0,1,0,0,0,0,1.956,1.956,0.0,0,0,0,3,0,0,1,0.0,0,0,0.25,3,12,105,105,0,0,1,0.644,29,0.467,7,15,0.636,28,44,45,0,0,0,0,0,0,0,0,0.0,0,0,0,0,0,0,0,0,0,0,0,0,0.0,0,0,0,0,1,86,2
DFB-Pokal,1/32 FINALE,17.08.2025,Lokomotive Leipzig,Schalke,Casa,Lokomotive Leipzig,Wilton Lukas,Difensore centrale,Titolare,6.3,0,5,0,0,0,0,0.0,3,0,0,0,0,13,0,0.0,0,1,0.0,0,0,0.0,7,0,0.182,0.5,4,2,11,2,0,0,0.104,0.0,0.0,3.619,0.0,0,17,1,1,0,1,0,0,2.619,2.619,0.0,0,0,0,0,0,0,0,0.0,0,0,0.462,12,26,120,120,0,0,1,0.688,44,0.316,6,19,0.661,39,59,64,0,0,0,0,0,0,0,0,0.0,0,0,0,0,0,0,0,1,0,0,0,0,1.0,1,1,0,0,0,85,1
DFB-Pokal,1/32 FINALE,17.08.2025,Lokomotive Leipzig,Schalke,Casa,Lokomotive Leipzig,Maderer Stefan,Attaccante,Titolare,6.4,0,1,0,0,0,0,0.0,0,0,0,0,0,1,0,0.0,0,1,0.5,2,1,0.583,12,7,0.571,0.5,2,1,14,8,0,0,0.064,0.104,0.0,0.802,0.0,0,2,0,1,0,0,0,0,0.802,0.802,0.0,0,0,0,0,0,0,2,0.0,0,0,0.0,0,2,78,78,0,0,0,0.538,7,0.444,4,9,0.538,7,13,13,0,0,0,0,0,0,0,0,0.0,0,0,0,0,0,1,0,0,1,1,0,1,0.0,0,0,0,0,9,24,2
DFB-Pokal,1/32 FINALE,17.08.2025,Lokomotive Leipzig,Schalke,Casa,Lokomotive Leipzig,Siebeck Alexander,Centrocampista,Titolare,6.4,0,7,0,0,0,0,0.0,0,0,0,0,0,6,0,0.0,0,0,0.0,0,0,0.5,6,3,0.5,0.5,2,1,8,4,0,0,0.011,0.086,0.136,0.802,0.0,0,6,0,1,0,0,0,0,0.802,0.802,0.0,0,0,0,1,0,0,2,0.0,0,0,0.333,2,6,96,96,0,1,0,0.645,20,0.5,4,8,0.645,20,31,31,0,0,0,0,0,0,0,0,0.0,0,0,0,0,0,0,1,0,0,0,1,1,0.0,0,0,0,0,1,47,3
DFB-Pokal,1/32 FINALE,17.08.2025,Lokomotive Leipzig,Schalke,Casa,Lokomotive Leipzig,Ziane Djamal,Attaccante,Subentrato,7.2,0,0,0,0,0,0,0.0,1,0,1,0,0,1,0,0.0,0,0,0.0,0,0,0.6,10,6,0.6,0.6,5,3,15,9,0,0,0.036,0.0,0.0,2.817,0.0,0,1,1,2,0,1,0,0,1.817,1.817,0.0,0,0,0,0,0,0,1,1.0,2,2,0.0,0,0,42,42,0,0,0,0.571,8,0.429,3,7,0.5,6,12,14,0,0,0,0,0,0,0,0,0.0,0,0,0,0,0,0,0,1,0,0,0,0,1.0,1,1,0,0,1,22,1
DFB-Pokal,1/32 FINALE,17.08.2025,Lokomotive Leipzig,Schalke,Casa,Lokomotive Leipzig,Abderrahmane Farid,Centrocampista,Titolare,6.8,0,4,0,0,0,0,0.0,1,0,1,0,0,8,0,0.0,0,0,0.0,0,0,0.5,6,3,0.667,0.833,6,5,12,8,0,0,0.032,0.045,0.109,3.619,0.0,0,8,0,1,0,1,0,0,2.619,2.619,0.0,0,0,0,0,0,0,0,0.0,0,0,0.7,7,10,120,120,0,0,0,0.898,44,0.818,9,11,0.886,39,44,49,0,0,0,0,0,0,0,0,0.0,0,0,0,0,0,0,1,1,0,0,1,1,0.5,4,2,0,0,0,75,5
DFB-Pokal,1/32 FINALE,17.08.2025,Lokomotive Leipzig,Schalke,Casa,Lokomotive Leipzig,Cevis Dorian,Attaccante,Subentrato,7.2,0,1,0,0,0,0,0.0,2,0,0,0,0,1,0,0.0,0,2,0.5,2,1,0.5,4,2,0.625,0.75,4,3,8,5,0,0,0.034,0.0,0.0,2.817,0.0,0,4,0,0,0,1,0,0,1.817,1.817,0.0,0,0,0,0,0,0,0,0.0,0,0,0.0,0,0,55,55,0,0,0,0.842,16,0.917,11,12,0.842,16,19,19,0,0,0,0,0,0,0,0,0.0,0,0,0,0,0,0,0,1,0,0,0,0,1.0,2,2,0,0,0,31,2
DFB-Pokal,1/32 FINALE,17.08.2025,Lokomotive Leipzig,Schalke,Casa,Lokomotive Leipzig,Naumann Andreas,Portiere,Titolare,9.0,0,14,0,0,2,0,0.0,1,0,0,0,0,1,0,0.0,0,0,0.0,0,0,0.0,0,0,0.0,0.0,0,0,0,0,0,0,0.002,0.0,0.0,3.619,0.0,0,17,0,0,0,1,0,0,2.619,2.619,1.0,1,1,0,0,1,7,0,0.0,0,0,0.258,8,31,120,120,0,0,0,0.489,22,0.118,2,17,0.462,12,26,45,0,0,0,0,0,0,0,0,0.0,0,0,1,10,0,0,0,11,0,0,0,0,0.0,0,0,0,0,0,65,0
DFB-Pokal,1/32 FINALE,17.08.2025,Lokomotive Leipzig,Schalke,Casa,Lokomotive Leipzig,Adetula Ayodele,Ala,Titolare,6.1,0,8,0,0,0,0,0.0,6,0,0,0,0,2,0,0.0,0,5,0.5,2,1,0.25,4,1,0.222,0.2,5,1,9,2,0,0,0.056,0.225,0.795,3.619,0.0,0,5,2,0,0,1,0,0,2.619,2.619,0.0,0,0,0,0,0,0,0,0.0,0,0,0.5,1,2,120,120,0,1,0,0.517,15,0.474,9,19,0.5,14,28,29,0,0,0,0,0,0,0,0,0.0,0,0,0,0,0,1,2,1,0,2,1,3,0.0,0,0,0,1,3,48,4
DFB-Pokal,1/32 FINALE,17.08.2025,Lokomotive Leipzig,Schalke,Casa,Lokomotive Leipzig,Von-Piechowski Laurin,Difensore centrale,Titolare,6.6,0,1,0,0,0,0,0.0,0,0,0,0,0,14,0,0.0,0,0,0.0,0,0,0.545,11,6,0.5,0.333,3,1,14,7,0,0,0.002,0.0,0.0,3.619,0.0,0,6,2,1,0,1,0,0,2.619,2.619,0.0,0,0,0,2,0,0,0,0.0,0,0,0.143,1,7,120,120,0,0,1,0.795,31,0.0,0,6,0.795,31,39,39,0,0,0,0,0,0,0,0,0.0,0,0,0,0,0,0,0,1,0,0,0,0,0.0,0,0,0,0,0,60,0
DFB-Pokal,1/32 FINALE,17.08.2025,Lokomotive Leipzig,Schalke,Casa,Lokomotive Leipzig,Dombrowa Tobias,Terzino,Titolare,6.6,0,8,0,0,0,0,0.0,4,0,0,0,0,6,0,0.333,1,3,0.5,2,1,0.571,7,4,0.643,0.714,7,5,14,9,0,0,0.057,0.032,0.0,3.619,0.0,0,10,0,1,0,1,0,0,2.619,2.619,0.0,0,0,0,2,0,0,0,0.0,0,0,0.467,7,15,120,120,0,0,0,0.711,32,0.583,7,12,0.727,32,44,45,0,0,0,0,0,0,0,0,0.0,0,0,0,0,0,0,1,1,0,1,0,1,0.333,3,1,0,0,2,88,2
DFB-Pokal,1/32 FINALE,17.08.2025,Meuselwitz,Karlsruher,Ospite,Karlsruher,Bernat Christian,Portiere,Titolare,7.1,0,6,0,0,0,0,0.0,0,0,0,0,0,1,0,0.0,0,0,0.0,0,0,0.0,0,0,0.0,0.0,0,0,0,0,0,0,0.0,0.0,0.0,0.184,0.0,0,1,0,0,0,0,0,0,0.184,0.184,0.0,0,0,0,0,0,4,0,0.0,0,0,0.5,2,4,90,90,0,0,0,0.909,30,0.0,0,1,0.938,30,32,33,0,0,0,0,0,0,0,0,0.0,0,0,1,2,0,0,0,2,0,0,0,0,0.0,0,0,0,0,0,40,0
DFB-Pokal,1/32 FINALE,17.08.2025,Meuselwitz,Karlsruher,Ospite,Karlsruher,Muller Andreas,Centrocampista,Titolare,8.6,1,11,0,0,0,0,0.0,1,0,0,0,1,2,0,0.0,0,0,0.0,0,0,1.0,1,1,0.6,0.556,9,5,10,6,0,0,0.128,0.0,0.0,0.184,0.0,0,18,2,0,0,0,0,0,0.184,0.184,0.0,0,0,0,0,0,0,2,0.0,0,0,0.667,8,12,90,90,0,0,0,0.882,82,0.731,19,26,0.879,80,91,93,0,0,0,0,0,0,0,0,0.0,0,0,0,0,0,0,0,0,0,0,0,0,0.4,5,2,0,0,1,106,1
DFB-Pokal,1/32 FINALE,17.08.2025,Meuselwitz,Karlsruher,Ospite,Karlsruher,Jung Sebastian,Esterno,Titolare,7.1,0,4,1,0,0,0,0.0,1,0,0,0,1,2,0,0.0,0,0,0.0,0,0,0.0,0,0,0.0,0.0,1,0,1,0,0,0,0.446,0.0,0.0,0.171,0.0,0,2,0,0,0,0,0,0,0.171,0.171,0.0,0,0,0,1,0,0,2,0.0,0,0,0.5,2,4,60,60,0,0,0,0.88,22,0.857,6,7,0.88,22,25,25,0,0,0,0,0,0,0,0,0.0,0,0,0,0,0,0,0,0,0,0,0,0,0.0,0,0,0,1,1,33,0
DFB-Pokal,1/32 FINALE,17.08.2025,Meuselwitz,Karlsruher,Casa,Meuselwitz,Hansch Florian,Terzino,Titolare,5.4,0,1,0,0,0,0,0.0,1,0,0,0,0,0,0,0.0,0,2,0.0,1,0,0.0,1,0,0.4,0.5,4,2,5,2,0,0,0.004,0.213,0.171,3.918,0.0,0,0,1,1,0,5,0,0,-1.082,-1.082,0.0,0,0,0,0,0,0,0,0.0,0,0,1.0,2,2,73,73,0,0,1,0.75,6,0.5,1,2,0.75,6,8,8,0,0,0,0,0,0,0,0,0.0,0,0,0,0,0,2,0,5,1,1,1,2,1.0,1,1,0,0,4,22,2
DFB-Pokal,1/32 FINALE,17.08.2025,Meuselwitz,Karlsruher,Casa,Meuselwitz,Wurr Hendrik,Ala,Titolare,6.4,0,2,0,0,0,0,0.0,1,0,0,0,0,1,0,0.0,0,0,0.0,0,0,1.0,1,1,1.0,1.0,6,6,7,7,0,0,0.014,0.04,0.0,3.848,0.0,0,1,0,5,0,5,0,0,-1.152,-1.152,0.0,0,0,0,0,0,0,1,1.0,1,1,0.0,0,0,61,61,0,0,0,0.8,8,0.75,3,4,0.8,8,10,10,0,0,0,0,0,0,0,0,0.0,0,0,0,0,0,1,0,5,1,1,0,1,1.0,1,1,0,0,1,19,1
DFB-Pokal,1/32 FINALE,17.08.2025,Meuselwitz,Karlsruher,Casa,Meuselwitz,Raithel Fabian,Centrocampista,Titolare,6.9,0,8,0,0,0,0,0.0,3,0,1,0,0,3,0,0.5,1,2,0.0,1,0,1.0,2,2,0.545,0.444,9,4,11,6,0,0,0.012,0.0,0.0,5.038,0.0,0,11,4,2,0,5,0,0,0.038,0.038,0.0,0,0,0,1,0,0,1,0.0,0,0,0.125,1,8,90,90,0,0,1,0.836,51,0.5,6,12,0.825,47,57,61,0,0,0,0,0,0,0,0,0.0,0,0,0,0,0,0,0,5,0,0,0,0,1.0,2,2,0,0,0,85,0
DFB-Pokal,1/32 FINALE,17.08.2025,Meuselwitz,Karlsruher,Casa,Meuselwitz,Fischer Luis,Centrocampista,Subentrato,6.2,0,0,0,0,0,0,0.0,0,0,0,0,0,0,0,0.0,0,0,0.0,0,0,0.0,1,0,0.0,0.0,1,0,2,0,0,0,0.0,0.0,0.0,1.12,0.0,0,1,0,0,0,0,0,0,1.12,1.12,0.0,0,0,0,0,0,0,0,0.0,0,0,0.0,0,1,18,17,0,0,0,0.0,0,0.0,0,1,0.0,0,5,5,0,0,0,0,0,0,0,0,0.0,0,0,0,0,0,0,0,0,0,0,0,0,0.0,0,0,0,0,0,7,2
DFB-Pokal,1/32 FINALE,17.08.2025,Meuselwitz,Karlsruher,Ospite,Karlsruher,Kobald Christopher,Difensore centrale,Titolare,8.5,0,6,0,0,0,0,0.0,2,0,0,0,2,3,0,0.0,0,1,0.0,0,0,1.0,4,4,0.571,0.0,3,0,7,4,0,0,0.013,0.249,0.931,0.184,0.0,0,6,1,0,1,0,0,0,0.184,0.184,0.0,0,0,0,0,0,0,0,0.0,0,0,0.9,9,10,90,90,0,0,0,0.942,65,0.778,7,9,0.94,63,67,69,0,0,0,0,0,0,0,0,0.0,0,0,0,0,1,2,0,0,2,0,1,2,0.0,0,0,0,0,3,77,0
DFB-Pokal,1/32 FINALE,17.08.2025,Meuselwitz,Karlsruher,Casa,Meuselwitz,Pfeil David,Terzino,Titolare,7.2,0,3,0,0,0,0,0.0,7,0,0,0,0,3,0,0.429,3,7,1.0,1,1,0.0,1,0,0.7,0.778,9,7,10,7,0,0,0.204,0.0,0.0,5.038,0.0,0,3,1,1,0,5,0,0,0.038,0.038,0.0,0,0,0,1,0,0,4,0.0,0,0,0.4,2,5,90,90,0,0,0,0.778,28,0.5,3,6,0.794,27,34,36,0,0,0,0,0,0,0,0,0.0,0,0,0,0,0,0,0,5,0,0,0,0,1.0,5,5,0,0,0,59,2
DFB-Pokal,1/32 FINALE,17.08.2025,Meuselwitz,Karlsruher,Casa,Meuselwitz,Kaymaz Cemal,Centrocampista,Subentrato,6.5,0,0,0,0,0,0,0.0,0,0,0,0,0,0,0,0.0,0,0,0.0,0,0,1.0,1,1,0.4,0.25,4,1,5,2,0,0,0.003,0.0,0.0,1.12,0.0,0,4,3,0,0,0,0,0,1.12,1.12,0.0,0,0,0,1,0,0,0,0.0,0,0,0.0,0,1,18,17,0,0,0,0.818,9,0.75,3,4,0.818,9,11,11,0,0,0,0,0,0,0,0,0.0,0,0,0,0,0,0,0,0,0,0,0,0,1.0,1,1,0,0,0,14,0
DFB-Pokal,1/32 FINALE,17.08.2025,Meuselwitz,Karlsruher,Casa,Meuselwitz,Rehder Felix,Difensore centrale,Titolare,6.7,0,3,0,0,0,0,0.0,1,0,0,0,0,3,0,0.0,0,0,0.0,0,0,1.0,1,1,1.0,1.0,1,1,2,2,0,0,0.009,0.0,0.0,3.918,0.0,0,9,0,0,0,5,0,0,-1.082,-1.082,0.0,0,0,0,1,0,0,0,0.0,0,0,0.75,12,16,73,73,0,0,1,0.915,43,0.556,5,9,0.909,40,44,47,0,0,0,0,0,0,0,0,0.0,0,0,0,0,0,0,0,5,0,0,0,0,1.0,1,1,0,0,0,53,0
DFB-Pokal,1/32 FINALE,17.08.2025,Meuselwitz,Karlsruher,Casa,Meuselwitz,Eckardt Rene,Centrocampista,Titolare,6.9,0,5,0,0,0,0,0.0,5,0,0,0,0,2,0,0.0,0,2,0.5,2,1,0.2,5,1,0.429,0.556,9,5,14,6,0,0,0.024,0.026,0.0,5.038,0.0,0,3,2,2,0,5,0,0,0.038,0.038,0.0,0,0,0,5,0,0,1,0.0,0,0,0.667,2,3,90,90,0,0,1,0.739,17,0.5,4,8,0.762,16,21,23,0,0,0,0,0,0,0,0,0.0,0,0,0,0,0,0,1,5,0,1,0,1,1.0,2,2,0,0,0,43,1
DFB-Pokal,1/32 FINALE,17.08.2025,Meuselwitz,Karlsruher,Ospite,Karlsruher,Simic Roko,Attaccante,Titolare,6.5,0,3,1,1,0,0,0.0,1,0,0,0,0,0,0,0.0,0,0,0.0,1,0,0.0,1,0,0.182,0.2,10,2,11,2,0,0,0.458,0.495,0.0,0.184,0.0,0,5,5,2,0,0,0,0,0.184,0.184,0.0,0,0,0,1,0,0,2,1.0,3,3,0.0,0,0,90,90,0,0,0,0.818,18,0.833,10,12,0.818,18,22,22,0,0,0,0,0,0,0,0,0.0,0,0,0,0,3,3,1,0,1,1,0,4,0.0,0,0,0,1,5,36,3
DFB-Pokal,1/32 FINALE,17.08.2025,Meuselwitz,Karlsruher,Casa,Meuselwitz,Halasz Jan,Ala,Titolare,5.8,0,3,0,0,0,0,0.0,0,0,0,0,0,0,0,0.0,0,0,0.0,1,0,1.0,1,1,0.5,0.333,3,1,4,2,0,0,0.002,0.0,0.0,3.848,0.0,0,3,1,0,0,5,0,0,-1.152,-1.152,0.0,0,0,0,0,0,0,0,0.0,0,0,1.0,1,1,61,61,0,0,0,0.455,5,0.333,1,3,0.455,5,11,11,0,0,0,0,0,0,0,0,0.0,0,0,0,0,0,0,0,5,0,0,0,0,1.0,1,1,0,0,0,18,1
DFB-Pokal,1/32 FINALE,17.08.2025,Meuselwitz,Karlsruher,Casa,Meuselwitz,Schmokel Leon,Centrocampista,Subentrato,6.2,0,1,0,0,0,0,0.0,1,0,0,0,0,1,0,0.0,0,0,0.0,0,0,0.0,1,0,0.0,0.0,0,0,1,0,0,0,0.013,0.0,0.0,1.19,0.0,0,2,0,0,0,0,0,0,1.19,1.19,0.0,0,0,0,0,0,0,0,0.0,0,0,0.0,0,2,30,29,0,0,0,0.8,12,0.5,2,4,0.8,12,15,15,0,0,0,0,0,0,0,0,0.0,0,0,0,0,0,0,0,0,0,0,0,0,0.0,0,0,0,0,0,18,0
DFB-Pokal,1/32 FINALE,17.08.2025,Meuselwitz,Karlsruher,Casa,Meuselwitz,Sedlak Lukas,Portiere,Titolare,5.0,0,9,0,0,2,0,0.0,0,0,0,0,0,1,0,0.0,0,0,0.0,0,0,0.0,0,0,0.0,0.0,0,0,0,0,2,0,0.0,0.0,0.0,5.038,0.0,0,6,0,0,0,5,0,0,0.038,0.038,0.0,0,0,0,0,1,3,0,0.0,0,0,0.353,6,17,90,90,0,0,0,0.729,35,0.0,0,6,0.795,31,39,48,0,0,0,0,0,0,0,0,0.0,0,0,0,4,0,0,0,9,0,0,0,0,0.0,0,0,0,0,0,56,0
DFB-Pokal,1/32 FINALE,17.08.2025,Meuselwitz,Karlsruher,Casa,Meuselwitz,Trubenbach Andy,Attaccante,Titolare,6.5,0,2,0,0,0,0,0.0,1,0,0,0,1,0,0,0.0,0,1,0.75,4,3,0.167,6,1,0.4,0.556,9,5,15,6,0,0,0.018,0.184,0.0,5.038,0.0,0,5,1,2,0,5,0,0,0.038,0.038,0.0,0,0,0,1,0,0,0,0.0,0,0,1.0,2,2,90,90,0,0,0,0.719,23,0.667,6,9,0.679,19,28,32,0,0,0,0,0,0,0,0,0.0,0,0,0,0,2,2,1,5,0,1,0,3,0.0,0,0,0,0,3,48,3
DFB-Pokal,1/32 FINALE,17.08.2025,Meuselwitz,Karlsruher,Casa,Meuselwitz,Balde Califo,Attaccante,Subentrato,6.0,0,1,0,0,0,0,0.0,0,0,0,0,0,0,0,0.0,0,0,0.0,2,0,0.0,1,0,0.0,0.0,3,0,4,0,0,0,0.001,0.02,0.013,1.19,0.0,0,0,1,0,0,0,0,0,1.19,1.19,0.0,0,0,0,0,0,0,0,0.0,0,0,0.0,0,0,30,29,0,0,0,1.0,3,1.0,1,1,1.0,3,3,3,0,0,0,0,0,0,0,0,0.0,0,0,0,0,0,0,1,0,0,0,1,1,0.0,0,0,0,0,0,6,0
DFB-Pokal,1/32 FINALE,17.08.2025,Meuselwitz,Karlsruher,Ospite,Karlsruher,Geller Robert,Centrocampista,Subentrato,6.3,0,0,0,2,0,0,0.0,0,0,0,0,1,0,0,0.0,0,0,0.0,0,0,0.0,0,0,0.5,0.5,2,1,2,1,0,0,0.006,0.384,1.12,0.0,0.0,0,1,0,0,0,0,0,0,0.0,0.0,0.0,0,0,0,0,0,0,0,0.0,0,0,0.0,0,0,15,14,0,0,0,0.625,5,0.5,2,4,0.625,5,8,8,0,0,0,0,0,0,0,0,0.0,0,0,0,0,0,1,1,0,1,0,2,2,0.0,1,0,0,0,2,14,0
DFB-Pokal,1/32 FINALE,17.08.2025,Meuselwitz,Karlsruher,Casa,Meuselwitz,Pauling Christoph,Attaccante,Titolare,6.0,0,1,0,0,0,0,0.0,3,0,0,0,0,0,0,0.0,0,3,0.0,0,0,0.0,1,0,0.0,0.0,0,0,1,0,0,0,0.008,0.0,0.0,3.848,0.0,0,0,0,0,0,5,0,0,-1.152,-1.152,0.0,0,0,0,0,0,0,0,0.0,0,0,0.0,0,0,61,61,0,0,0,0.462,6,0.2,1,5,0.364,4,11,13,0,0,0,0,0,0,0,0,0.0,0,0,0,0,0,0,0,5,0,0,0,0,0.0,0,0,0,0,3,18,2
DFB-Pokal,1/32 FINALE,17.08.2025,Meuselwitz,Karlsruher,Casa,Meuselwitz,Kessler Ben,Difensore centrale,Titolare,6.2,0,3,0,0,0,0,0.0,1,0,0,0,0,3,0,0.0,0,0,0.0,0,0,0.0,1,0,0.6,0.75,4,3,5,3,0,0,0.003,0.0,0.0,5.038,0.0,0,4,1,2,0,5,0,0,0.038,0.038,0.0,0,0,0,1,0,0,0,0.0,0,0,0.429,3,7,90,90,0,0,5,0.907,68,0.25,1,4,0.917,66,72,75,0,0,0,0,0,0,0,0,0.0,0,0,0,0,0,0,0,5,0,0,0,0,1.0,1,1,0,0,0,87,0
DFB-Pokal,1/32 FINALE,17.08.2025,Meuselwitz,Karlsruher,Ospite,Karlsruher,Wanitzek Marvin,Centrocampista,Titolare,8.6,1,3,1,0,0,0,0.0,11,0,0,0,1,0,0,0.5,2,4,0.0,1,0,0.75,4,3,0.556,0.4,5,2,9,5,0,0,0.539,0.0,0.0,0.184,0.0,0,8,1,1,0,0,0,0,0.184,0.184,0.0,0,0,0,1,0,0,4,0.5,1,2,0.8,8,10,90,90,0,0,0,0.828,48,0.76,19,25,0.815,44,54,58,0,0,0,0,0,0,0,0,0.0,0,0,0,0,0,0,0,0,0,0,0,0,0.0,1,0,0,0,1,70,2
DFB-Pokal,1/32 FINALE,17.08.2025,Meuselwitz,Karlsruher,Casa,Meuselwitz,Oke Elias Ndukwe,Attaccante,Subentrato,6.4,0,3,0,0,0,0,0.0,0,0,0,0,0,0,0,0.0,0,0,1.0,1,1,0.0,1,0,0.333,0.5,2,1,3,1,0,0,0.008,0.022,0.0,1.19,0.0,0,4,0,0,0,0,0,0,1.19,1.19,0.0,0,0,0,3,0,0,0,0.0,0,0,0.333,1,3,30,29,0,0,0,0.625,10,0.625,5,8,0.625,10,16,16,0,0,0,0,0,0,0,0,0.0,0,0,0,0,0,0,1,0,0,1,0,1,0.0,0,0,0,0,0,27,1
DFB-Pokal,1/32 FINALE,17.08.2025,Meuselwitz,Karlsruher,Ospite,Karlsruher,Rapp Nicolai,Difensore centrale,Titolare,7.4,0,4,0,0,0,0,0.0,0,0,0,0,0,3,0,0.0,0,0,0.0,0,0,0.333,3,1,0.333,0.0,0,0,3,1,0,0,0.003,0.019,0.246,0.171,0.0,0,4,0,0,1,0,0,0,0.171,0.171,0.0,0,0,0,2,0,0,1,0.0,0,0,0.667,4,6,61,61,0,0,0,0.886,39,0.5,1,2,0.884,38,43,44,0,0,0,0,0,0,0,0,0.0,0,0,0,0,0,0,1,0,0,0,1,1,0.0,0,0,0,0,0,55,0
DFB-Pokal,1/32 FINALE,17.08.2025,Meuselwitz,Karlsruher,Ospite,Karlsruher,Rupp Noah,Centrocampista,Subentrato,6.5,0,0,0,0,0,0,0.0,0,0,0,0,0,0,0,0.0,0,0,0.0,1,0,0.0,1,0,0.6,0.75,4,3,5,3,0,0,0.005,0.087,0.0,0.0,0.0,0,1,0,2,0,0,0,0,0.0,0.0,0.0,0,0,0,0,0,0,0,0.0,0,0,0.0,0,0,15,14,0,0,0,0.714,5,0.667,2,3,0.714,5,7,7,0,0,0,0,0,0,0,0,0.0,0,0,0,0,2,0,2,0,0,0,0,2,1.0,1,1,0,0,0,16,1
DFB-Pokal,1/32 FINALE,17.08.2025,Meuselwitz,Karlsruher,Ospite,Karlsruher,Burnic Dzenis,Difensore,Subentrato,6.6,0,1,0,0,0,0,0.0,0,0,0,0,0,1,0,0.5,1,2,0.0,0,0,1.0,1,1,1.0,1.0,1,1,2,2,0,0,0.023,0.0,0.0,0.013,0.0,0,3,0,0,0,0,0,0,0.013,0.013,0.0,0,0,0,0,0,0,0,0.0,0,0,1.0,1,1,31,30,0,0,0,0.857,12,0.667,4,6,0.857,12,14,14,0,0,0,0,0,0,0,0,0.0,0,0,0,0,0,0,0,0,0,0,0,0,1.0,1,1,0,0,0,23,0
DFB-Pokal,1/32 FINALE,17.08.2025,Meuselwitz,Karlsruher,Ospite,Karlsruher,Egloff Lilian,Centrocampista,Titolare,8.7,1,5,1,1,0,0,0.0,4,0,0,0,0,2,0,0.0,0,0,0.0,1,0,1.0,1,1,0.556,0.5,8,4,9,5,0,0,0.081,1.212,1.015,0.184,0.0,0,7,2,3,1,0,0,0,0.184,0.184,0.0,0,0,0,3,0,0,1,0.0,0,0,0.0,0,1,76,76,0,0,0,0.841,37,0.762,16,21,0.841,37,44,44,0,0,0,0,0,0,0,0,0.0,0,0,0,0,1,2,3,0,0,2,2,5,1.0,1,1,0,0,4,63,2
DFB-Pokal,1/32 FINALE,17.08.2025,Meuselwitz,Karlsruher,Ospite,Karlsruher,Franke Marcel,Difensore centrale,Titolare,6.8,0,4,0,0,0,0,0.0,0,0,0,0,0,4,0,0.0,0,0,0.0,0,0,0.667,3,2,0.667,0.0,0,0,3,2,0,0,0.014,0.025,0.0,0.184,0.0,0,5,0,0,0,0,0,0,0.184,0.184,0.0,0,0,0,1,0,0,0,0.0,0,0,0.4,2,5,90,90,0,0,1,0.937,89,0.4,2,5,0.932,82,88,95,0,0,0,0,0,0,0,0,0.0,0,0,0,0,0,1,0,0,1,1,0,1,0.0,0,0,0,0,1,102,0
DFB-Pokal,1/32 FINALE,17.08.2025,Meuselwitz,Karlsruher,Ospite,Karlsruher,Herold David,Esterno,Titolare,7.4,1,2,1,0,0,0,0.0,5,0,0,0,0,0,0,0.4,2,5,0.0,2,0,0.5,2,1,0.556,0.571,7,4,9,5,0,0,0.171,0.229,0.0,0.171,0.0,0,0,1,3,0,0,0,0,0.171,0.171,0.0,0,0,0,1,0,0,2,0.0,0,0,0.0,0,0,60,60,0,0,1,0.769,10,0.5,1,2,0.75,9,12,13,0,0,0,0,0,0,0,0,0.0,0,0,0,0,2,1,1,0,0,0,0,2,0.0,1,0,0,0,1,32,0
DFB-Pokal,1/32 FINALE,17.08.2025,Meuselwitz,Karlsruher,Ospite,Karlsruher,Beifus Marcel,Difensore,Subentrato,6.7,0,0,0,0,0,0,0.0,0,0,0,0,0,1,0,0.0,0,0,0.0,0,0,1.0,2,2,1.0,1.0,1,1,3,3,0,0,0.001,0.0,0.0,0.013,0.0,0,1,0,1,0,0,0,0,0.013,0.013,0.0,0,0,0,0,0,0,0,0.0,0,0,0.5,2,4,30,29,0,0,0,0.778,14,0.0,0,1,0.765,13,17,18,0,0,0,0,0,0,0,0,0.0,0,0,0,0,0,0,0,0,0,0,0,0,0.0,0,0,0,0,0,20,0
DFB-Pokal,1/32 FINALE,17.08.2025,Meuselwitz,Karlsruher,Ospite,Karlsruher,Pinto Pedrosa Rafael,Difensore,Subentrato,7.2,0,3,1,0,0,0,0.0,2,0,0,0,0,0,0,0.5,1,2,1.0,1,1,1.0,1,1,0.714,0.667,6,4,7,5,0,0,0.15,0.0,0.0,0.013,0.0,0,1,1,2,0,0,0,0,0.013,0.013,0.0,0,0,0,1,0,0,1,0.0,0,0,0.0,0,0,31,30,0,0,0,1.0,9,1.0,2,2,1.0,7,7,9,0,0,0,0,0,0,0,0,0.0,0,0,0,0,0,0,0,0,0,0,0,0,1.0,1,1,0,0,0,21,2
DFB-Pokal,1/32 FINALE,17.08.2025,Meuselwitz,Karlsruher,Ospite,Karlsruher,Schleusener Fabian,Attaccante,Titolare,8.6,0,0,0,0,0,0,0.0,2,0,0,0,0,0,0,1.0,1,1,0.0,3,0,0.0,1,0,0.125,0.143,7,1,8,1,0,0,0.072,1.119,1.726,0.184,0.0,0,2,2,1,2,0,0,0,0.184,0.184,0.0,0,0,0,0,0,0,2,1.0,1,1,0.0,0,0,76,76,0,0,0,0.6,6,0.333,2,6,0.6,6,10,10,0,0,0,0,0,0,0,0,0.0,0,0,0,0,0,3,0,0,1,0,3,3,0.0,0,0,0,0,6,24,5
DFB-Pokal,1/32 FINALE,17.08.2025,Regensburg,Colonia,Ospite,Colonia,Kainz Florian,Centrocampista,Subentrato,6.8,0,0,1,0,0,0,0.0,3,0,0,0,0,0,0,0.0,0,1,0.0,0,0,0.5,2,1,0.333,0.0,1,0,3,1,0,0,0.246,0.0,0.0,0.0,0.0,0,5,0,0,0,0,0,0,0.0,0.0,0.0,0,0,0,0,0,0,2,0.0,0,0,0.5,2,4,16,15,0,0,0,0.75,9,0.778,7,9,0.75,9,12,12,0,0,0,0,0,0,0,0,0.0,0,0,0,0,0,0,0,0,0,0,0,0,0.0,0,0,0,2,0,16,1
DFB-Pokal,1/32 FINALE,17.08.2025,Regensburg,Colonia,Ospite,Colonia,Zieler Ron-Robert,Portiere,Titolare,6.4,0,9,0,0,0,0,0.0,5,0,0,0,0,1,0,0.0,0,0,0.0,0,0,0.0,0,0,1.0,1.0,1,1,1,1,0,0,0.048,0.0,0.0,0.361,0.0,0,19,0,1,0,1,0,0,-0.639,-0.639,0.0,0,0,0,0,2,4,0,0.0,0,0,0.5,15,30,90,90,0,0,0,0.789,56,0.45,9,20,0.797,51,64,71,0,0,0,0,0,0,0,0,0.0,0,0,1,1,0,0,0,2,0,0,0,0,0.0,0,0,0,0,0,78,0
DFB-Pokal,1/32 FINALE,17.08.2025,Regensburg,Colonia,Ospite,Colonia,Maina Linton,Esterno,Titolare,7.0,0,2,0,0,0,0,0.0,10,0,1,0,0,1,0,0.125,1,8,0.0,0,0,0.0,0,0,0.5,0.5,2,1,2,1,0,0,0.06,0.0,0.0,0.361,0.0,0,8,1,1,0,1,0,0,-0.639,-0.639,0.0,0,0,0,1,0,0,2,0.0,0,0,0.5,2,4,68,68,0,0,0,0.708,17,0.667,10,15,0.667,14,21,24,0,0,0,0,0,0,0,0,0.0,0,0,0,0,0,0,0,1,0,0,0,0,0.0,0,0,0,0,1,38,0
DFB-Pokal,1/32 FINALE,17.08.2025,Regensburg,Colonia,Ospite,Colonia,Lund Kristoffer,Difensore,Subentrato,6.5,0,0,0,0,0,0,0.0,3,0,0,0,0,0,0,0.5,1,2,0.0,0,0,0.0,0,0,1.0,1.0,1,1,1,1,0,0,0.022,0.0,0.0,0.0,0.0,0,0,0,1,0,0,0,0,0.0,0.0,0.0,0,0,0,0,0,0,0,0.0,0,1,0.0,0,1,22,21,0,0,0,0.692,9,0.0,0,1,0.692,9,13,13,0,0,0,0,0,0,0,0,0.0,0,0,0,0,0,0,0,0,0,0,0,0,0.0,0,0,0,0,0,21,0
DFB-Pokal,1/32 FINALE,17.08.2025,Regensburg,Colonia,Ospite,Colonia,El Mala Said,Centrocampista,Subentrato,6.8,0,2,0,1,0,0,0.0,1,0,0,0,0,0,0,0.0,0,0,1.0,2,2,1.0,1,1,1.0,1.0,3,3,4,4,0,0,0.018,0.202,0.0,0.0,0.0,0,1,0,0,0,0,0,0,0.0,0.0,0.0,0,0,0,0,0,0,0,0.0,0,0,1.0,1,1,16,15,0,0,0,0.625,5,0.6,3,5,0.625,5,8,8,0,0,0,0,0,0,0,0,0.0,0,0,0,0,1,2,1,0,0,2,0,3,1.0,1,1,0,0,4,16,2
DFB-Pokal,1/32 FINALE,17.08.2025,Regensburg,Colonia,Ospite,Colonia,Hubers Timo,Difensore centrale,Titolare,6.6,0,10,0,0,0,0,0.0,1,0,0,0,1,2,0,0.0,0,0,0.0,0,0,0.6,5,3,0.5,0.0,1,0,6,3,0,1,0.048,0.023,0.0,0.361,0.0,0,8,0,0,0,1,0,0,-0.639,-0.639,0.0,0,0,0,2,0,0,1,0.0,0,0,0.667,4,6,90,90,0,0,0,0.873,62,0.778,7,9,0.868,59,68,71,0,0,0,0,0,0,0,0,0.0,0,0,0,0,1,2,0,1,2,1,0,2,0.0,0,0,0,0,3,81,1
DFB-Pokal,1/32 FINALE,17.08.2025,Regensburg,Colonia,Ospite,Colonia,Kaminski Jakub,Centrocampista offensivo,Titolare,6.5,0,3,0,0,0,0,0.0,3,0,0,0,0,0,0,0.0,0,0,0.0,2,0,0.0,1,0,0.571,0.667,6,4,7,4,0,0,0.078,0.0,0.0,0.361,0.0,0,3,0,4,0,1,0,0,-0.639,-0.639,0.0,0,0,0,0,0,0,0,0.0,0,0,1.0,4,4,75,75,0,0,0,0.903,28,0.813,13,16,0.9,27,30,31,0,0,0,0,0,0,0,0,0.0,0,0,0,0,0,0,0,1,0,0,0,0,0.0,0,0,0,0,3,44,6
DFB-Pokal,1/32 FINALE,17.08.2025,Regensburg,Colonia,Ospite,Colonia,Ozkacar Cenk,Difensore centrale,Titolare,6.4,0,4,0,0,0,0,0.0,1,0,0,0,0,2,0,0.0,0,0,0.0,0,0,0.667,3,2,0.667,0.0,0,0,3,2,0,0,0.011,0.091,0.0,0.361,0.0,0,4,0,0,0,1,0,0,-0.639,-0.639,0.0,0,0,0,0,0,0,0,0.0,0,0,0.25,1,4,69,69,0,0,0,0.854,35,0.667,4,6,0.85,34,40,41,0,0,0,0,0,0,0,0,0.0,0,0,0,0,2,2,0,1,1,0,0,2,0.0,0,0,0,0,2,61,0
DFB-Pokal,1/32 FINALE,17.08.2025,Regensburg,Colonia,Ospite,Colonia,Ache Ragnar,Attaccante,Subentrato,8.1,2,2,2,0,0,0,0.0,0,0,0,0,0,1,0,0.0,0,0,0.0,0,0,0.8,5,4,0.667,0.0,1,0,6,4,0,0,0.162,0.026,0.0,0.0,0.0,0,0,0,0,0,0,0,0,0.0,0.0,0.0,0,0,0,0,0,0,2,1.0,1,1,1.0,1,1,16,15,0,0,0,0.833,5,0.667,2,3,0.833,5,6,6,0,0,0,0,0,0,0,0,0.0,0,0,0,0,0,1,0,0,1,1,0,1,0.0,0,0,0,0,3,9,1
DFB-Pokal,1/32 FINALE,17.08.2025,Regensburg,Colonia,Ospite,Colonia,Bulter Marius,Centrocampista offensivo,Titolare,6.5,0,3,0,0,0,0,0.0,3,0,0,0,0,0,0,0.0,0,3,0.0,0,0,0.5,2,1,0.667,1.0,1,1,3,2,0,0,0.022,0.012,0.0,0.361,0.0,0,5,0,1,0,1,0,0,-0.639,-0.639,0.0,0,0,0,0,0,0,0,0.0,0,0,1.0,1,1,75,75,0,1,0,0.778,14,0.778,7,9,0.778,14,18,18,0,0,0,0,0,0,0,0,0.0,0,0,0,0,0,0,1,1,0,1,0,1,0.0,0,0,0,0,2,24,0
DFB-Pokal,1/32 FINALE,17.08.2025,Regensburg,Colonia,Ospite,Colonia,Schmied Joel,Difensore centrale,Titolare,7.0,0,1,0,0,0,0,0.0,3,0,0,0,1,1,0,0.0,0,1,0.0,0,0,1.0,2,2,0.556,0.429,7,3,9,5,0,0,0.035,0.0,0.0,0.361,0.0,0,8,1,2,0,1,0,0,-0.639,-0.639,0.0,0,0,0,0,0,0,0,0.0,0,0,0.714,5,7,90,90,0,0,0,0.927,51,0.909,10,11,0.925,49,53,55,0,0,0,0,0,0,0,0,0.0,0,0,0,0,0,0,0,1,0,0,0,0,1.0,1,1,0,0,0,71,3
DFB-Pokal,1/32 FINALE,17.08.2025,Regensburg,Colonia,Ospite,Colonia,Waldschmidt Luca,Attaccante,Titolare,6.3,0,0,0,0,0,0,0.0,1,0,0,0,0,0,0,0.0,0,0,0.0,0,0,1.0,1,1,0.333,0.0,2,0,3,1,0,0,0.019,0.094,0.0,0.361,0.0,0,5,1,0,0,1,0,0,-0.639,-0.639,0.0,0,0,0,0,0,0,0,0.0,0,0,0.0,0,2,75,75,0,0,0,0.769,20,0.583,7,12,0.783,18,23,26,0,0,0,0,0,0,0,0,0.0,0,0,0,0,0,1,1,1,0,2,0,2,0.0,0,0,0,0,2,31,2
DFB-Pokal,1/32 FINALE,17.08.2025,Regensburg,Colonia,Ospite,Colonia,Martel Eric,Centrocampista,Titolare,8.3,0,4,0,0,0,0,0.0,3,0,1,0,0,0,0,0.0,0,1,0.0,0,0,0.667,3,2,0.571,0.545,11,6,14,8,0,0,0.08,0.15,0.236,0.361,0.0,0,15,4,2,1,1,0,0,-0.639,-0.639,0.0,0,0,0,1,0,0,1,0.0,0,0,0.5,2,4,90,90,0,0,0,0.824,61,0.76,19,25,0.831,59,71,74,0,0,0,0,0,0,0,0,0.0,0,0,0,0,1,1,1,1,0,0,1,2,1.0,4,4,0,0,1,87,1
DFB-Pokal,1/32 FINALE,17.08.2025,Regensburg,Colonia,Ospite,Colonia,Thielmann Jan,Attaccante,Subentrato,6.8,0,0,0,0,0,0,0.0,1,0,0,0,0,0,0,0.0,0,1,0.0,1,0,1.0,1,1,0.5,0.333,3,1,4,2,0,0,0.008,0.087,0.0,0.0,0.0,0,3,0,1,0,0,0,0,0.0,0.0,0.0,0,0,0,1,0,0,0,0.0,0,0,0.0,0,0,23,22,0,0,0,0.667,6,0.714,5,7,0.714,5,7,9,0,0,0,0,0,0,0,0,0.0,0,0,0,0,1,2,0,0,0,1,0,2,0.0,0,0,0,0,4,18,2
DFB-Pokal,1/32 FINALE,17.08.2025,Regensburg,Colonia,Ospite,Colonia,Sebulonsen Sebastian,Esterno,Titolare,6.7,0,1,0,0,0,0,0.0,2,0,0,0,0,0,0,0.0,0,2,1.0,1,1,1.0,2,2,0.75,0.5,2,1,4,3,0,0,0.111,0.029,0.0,0.361,0.0,0,4,1,0,0,1,0,0,-0.639,-0.639,0.0,0,0,0,0,0,0,1,0.0,0,0,0.75,3,4,90,90,0,0,0,0.886,39,0.857,12,14,0.886,39,44,44,0,0,0,0,0,0,0,0,0.0,0,0,0,0,0,1,0,1,1,1,0,1,0.0,0,0,0,0,3,56,4
DFB-Pokal,1/32 FINALE,17.08.2025,Regensburg,Colonia,Ospite,Colonia,Johannesson Isak,Centrocampista,Titolare,9.0,0,1,0,0,0,0,0.0,11,0,0,0,1,0,0,0.571,4,7,0.0,0,0,0.0,0,0,0.5,0.5,2,1,2,1,0,0,0.506,0.257,0.239,0.361,0.0,0,12,0,1,1,1,0,0,-0.639,-0.639,0.0,0,0,0,2,0,0,5,0.0,0,0,0.667,4,6,90,90,0,0,1,0.889,48,0.792,19,24,0.902,46,51,54,0,0,0,0,0,0,0,0,0.0,0,0,0,0,0,1,0,1,0,0,1,1,0.0,0,0,0,0,2,68,2
DFB-Pokal,1/32 FINALE,17.08.2025,Regensburg,Colonia,Casa,Regensburg,Forkel Dustin,Attaccante,Subentrato,6.3,0,0,0,0,0,0,0.0,0,0,0,0,1,0,0,0.0,0,0,0.5,2,1,0.0,1,0,0.333,0.5,2,1,3,1,0,0,0.0,0.037,0.0,0.475,0.0,0,0,0,0,0,2,0,0,-1.525,-1.525,0.0,0,0,0,0,0,0,0,0.0,0,0,0.0,0,0,16,15,0,0,0,0.0,0,0.0,0,1,0.0,0,1,2,0,0,0,0,0,0,0,0,0.0,0,0,0,0,0,0,1,2,0,1,0,1,0.0,0,0,0,0,0,8,0
DFB-Pokal,1/32 FINALE,17.08.2025,Regensburg,Colonia,Casa,Regensburg,Wurm Leopold,Difensore centrale,Titolare,5.7,0,0,0,0,0,0,0.0,1,0,0,0,0,7,0,0.0,0,0,0.0,0,0,1.0,1,1,0.5,0.0,1,0,2,1,0,0,0.173,0.0,0.0,0.475,0.0,0,6,1,0,0,2,0,0,-1.525,-1.525,0.0,0,0,0,1,0,0,0,0.0,0,0,0.0,0,8,90,90,0,0,0,0.478,11,0.111,1,9,0.474,9,19,23,0,0,0,0,0,0,0,0,0.0,0,0,0,0,0,0,0,2,0,0,0,0,0.0,0,0,0,0,2,32,0
DFB-Pokal,1/32 FINALE,17.08.2025,Regensburg,Colonia,Casa,Regensburg,Kuhlwetter Christian,Centrocampista offensivo,Titolare,6.0,1,0,0,0,0,0,0.0,1,0,0,0,0,1,0,0.0,0,1,0.0,0,0,0.25,4,1,0.4,0.5,6,3,10,4,0,0,0.001,0.026,0.0,0.475,0.0,0,1,1,2,0,2,0,0,-1.525,-1.525,0.0,0,0,0,0,0,0,1,0.0,0,0,0.5,1,2,90,90,0,0,0,0.167,1,0.5,1,2,0.167,1,6,6,0,0,0,0,0,0,0,0,0.0,0,0,0,0,0,0,1,2,0,1,0,1,1.0,1,1,0,0,1,18,3
DFB-Pokal,1/32 FINALE,17.08.2025,Regensburg,Colonia,Casa,Regensburg,Geipl Andreas,Centrocampista,Titolare,5.3,0,1,0,0,0,0,0.0,4,0,1,0,1,0,0,0.5,1,2,0.0,0,0,0.0,2,0,0.143,0.2,5,1,7,1,0,0,0.005,0.032,0.0,0.475,0.0,0,7,3,1,0,2,0,0,-1.525,-1.525,0.0,0,0,0,0,0,0,0,0.0,0,0,0.0,0,5,90,90,0,0,1,0.353,6,0.0,0,7,0.375,6,16,17,0,0,0,0,0,0,0,0,0.0,0,0,0,0,1,0,1,2,0,0,0,1,0.0,0,0,0,0,0,25,0
DFB-Pokal,1/32 FINALE,17.08.2025,Regensburg,Colonia,Casa,Regensburg,Matzler Leo,Centrocampista,Titolare,7.0,0,3,0,0,0,0,0.0,0,0,0,0,0,7,0,0.0,0,0,0.0,0,0,0.4,5,2,0.5,0.667,3,2,8,4,0,0,0.002,0.144,0.0,0.475,0.0,0,3,1,0,0,2,0,0,-1.525,-1.525,0.0,0,0,0,2,0,0,0,0.0,0,0,0.0,0,0,90,90,0,0,2,0.444,4,0.333,1,3,0.444,4,9,9,0,0,0,0,0,0,0,0,0.0,0,0,0,0,0,1,0,2,0,1,0,1,1.0,2,2,0,0,1,24,0
DFB-Pokal,1/32 FINALE,17.08.2025,Regensburg,Colonia,Casa,Regensburg,Ziegele Robin,Difensore centrale,Titolare,7.0,0,6,0,0,0,0,0.0,5,0,0,0,0,11,0,0.0,0,1,1.0,1,1,0.0,2,0,0.571,0.8,5,4,7,4,0,0,0.036,0.0,0.0,0.475,0.0,0,4,1,0,0,2,0,0,-1.525,-1.525,0.0,0,0,0,4,0,0,0,0.0,0,0,0.167,1,6,90,90,0,0,0,0.636,14,0.4,2,5,0.667,14,21,22,0,0,0,0,0,0,0,0,0.0,0,0,0,0,0,0,0,2,0,0,0,0,0.667,3,2,0,0,0,45,0
DFB-Pokal,1/32 FINALE,17.08.2025,Regensburg,Colonia,Casa,Regensburg,Bauer Benedikt,Esterno,Titolare,6.8,0,2,0,0,0,0,0.0,1,0,0,0,0,2,0,1.0,1,1,0.0,0,0,0.0,1,0,0.167,0.2,5,1,6,1,0,0,0.056,0.069,0.318,0.475,0.0,0,6,2,0,1,2,0,0,-1.525,-1.525,0.0,0,0,0,0,0,0,1,0.0,0,0,0.8,4,5,90,90,0,0,1,0.6,6,0.667,4,6,0.6,6,10,10,0,0,0,0,0,0,0,0,0.0,0,0,0,0,0,0,2,2,0,1,1,2,0.0,1,0,0,0,0,28,2
DFB-Pokal,1/32 FINALE,17.08.2025,Regensburg,Colonia,Casa,Regensburg,Stolze Sebastian,Attaccante,Subentrato,,0,1,0,0,0,0,0.0,0,0,0,0,0,0,0,0.0,0,0,0.0,0,0,0.0,1,0,0.5,1.0,1,1,2,1,0,0,0.0,0.0,0.0,0.475,0.0,0,2,0,0,0,2,0,0,-1.525,-1.525,0.0,0,0,0,0,0,0,0,0.0,0,0,0.0,0,0,8,7,0,0,0,0.0,0,0.0,0,0,0.0,0,1,1,0,0,0,0,0,0,0,0,0.0,0,0,0,0,0,0,0,2,0,0,0,0,0.0,1,0,0,0,0,5,0
DFB-Pokal,1/32 FINALE,17.08.2025,Regensburg,Colonia,Casa,Regensburg,Gebhardt Felix,Portiere,Titolare,5.3,0,4,0,0,0,0,0.0,1,0,0,0,0,2,0,0.0,0,0,0.0,0,0,0.0,0,0,0.0,0.0,0,0,0,0,0,0,0.002,0.0,0.0,0.475,0.0,0,9,0,0,0,2,0,0,-1.525,-1.525,1.0,1,1,0,0,0,3,0,0.0,0,0,0.278,5,18,90,90,0,0,0,0.618,21,0.111,1,9,0.867,13,15,34,0,0,0,0,0,0,0,0,0.0,0,0,2,0,0,0,0,2,0,0,0,0,0.0,0,0,0,0,0,40,0
DFB-Pokal,1/32 FINALE,17.08.2025,Regensburg,Colonia,Casa,Regensburg,Hermes Lucas,Attaccante,Titolare,5.5,0,2,0,0,0,0,0.0,0,0,0,0,0,1,0,0.0,0,0,1.0,1,1,0.0,1,0,0.25,0.333,3,1,4,1,0,0,0.002,0.104,0.042,0.0,0.0,0,0,1,0,0,0,0,0,0.0,0.0,0.0,0,0,0,0,0,0,0,0.0,0,0,0.0,0,0,89,89,0,0,0,0.75,3,1.0,1,1,0.667,2,3,4,0,0,0,0,0,0,0,0,0.0,0,0,0,0,0,1,0,0,0,0,1,1,0.0,0,0,0,0,1,10,3
DFB-Pokal,1/32 FINALE,17.08.2025,Regensburg,Colonia,Casa,Regensburg,Asante Davis,Attaccante,Titolare,5.9,0,0,0,0,0,0,0.0,0,0,0,0,0,1,0,0.0,0,0,0.0,0,0,0.5,2,1,0.5,0.5,6,3,8,4,0,0,0.009,0.0,0.0,0.0,0.0,0,0,2,2,0,0,0,0,0.0,0.0,0.0,0,0,0,0,0,0,2,0.0,0,0,0.0,0,0,75,75,0,1,0,0.5,2,0.667,2,3,0.5,2,4,4,0,0,0,0,0,0,0,0,0.0,0,0,0,0,0,0,0,0,0,0,0,0,1.0,1,1,0,0,1,11,1
DFB-Pokal,1/32 FINALE,17.08.2025,Regensburg,Colonia,Casa,Regensburg,Oliveira Nicolas,Esterno,Titolare,6.1,0,7,0,0,0,0,0.0,2,0,1,0,1,3,0,0.0,0,0,0.0,0,0,0.25,4,1,0.375,0.5,4,2,8,3,0,0,0.004,0.0,0.0,0.0,0.0,0,6,1,2,0,0,0,0,0.0,0.0,0.0,0,0,0,0,0,0,0,0.0,0,0,0.25,1,4,83,83,0,1,0,0.438,7,0.5,2,4,0.438,7,16,16,0,0,0,0,0,0,0,0,0.0,0,0,0,0,0,0,0,0,0,0,0,0,0.0,0,0,0,0,0,32,1
DFB-Pokal,1/32 FINALE,17.08.2025,Regensburg,Colonia,Casa,Regensburg,Strauss Felix,Difensore centrale,Titolare,6.1,0,4,0,0,1,0,0.0,0,0,1,0,0,5,0,0.0,0,0,0.0,0,0,0.25,4,1,0.333,0.5,2,1,6,2,0,0,0.0,0.0,0.0,0.475,0.0,0,2,1,0,0,2,0,0,-1.525,-1.525,0.0,0,0,0,0,0,0,0,0.0,0,0,0.5,3,6,90,90,0,0,2,0.8,16,0.0,0,2,0.8,16,20,20,0,0,0,0,0,0,0,0,0.0,0,0,0,0,0,0,0,2,0,0,0,0,1.0,1,1,0,0,0,30,0
DFB-Pokal,1/32 FINALE,17.08.2025,Regensburg,Colonia,Casa,Regensburg,Eichinger Noel,Attaccante,Subentrato,,0,0,0,0,0,0,0.0,0,0,0,0,0,1,0,0.0,0,0,0.0,0,0,1.0,1,1,1.0,1.0,1,1,2,2,0,0,0.0,0.0,0.0,0.475,0.0,0,0,0,0,0,2,0,0,-1.525,-1.525,0.0,0,0,0,0,0,0,0,0.0,0,0,0.0,0,0,1,1,0,0,0,1.0,1,0.0,0,0,0.0,0,0,1,0,0,0,0,0,0,0,0,0.0,0,0,0,0,0,0,0,2,0,0,0,0,0.0,1,0,0,0,0,3,0
DFB-Pokal,1/32 FINALE,17.08.2025,RSV Eintracht,Kaiserslautern,Ospite,Kaiserslautern,Ritter Marlon,Centrocampista offensivo,Titolare,9.5,2,5,3,0,0,0,0.0,13,0,0,0,1,0,0,0.286,2,7,1.0,1,1,0.0,0,0,0.5,0.5,4,2,4,2,0,0,0.814,0.568,0.637,0.016,0.0,0,8,0,1,1,0,0,0,0.016,0.016,0.0,0,0,0,0,0,0,4,1.0,1,1,1.0,1,1,73,73,0,0,0,0.932,41,0.905,19,21,0.93,40,43,44,0,0,0,0,0,0,0,0,0.0,0,0,0,0,0,2,0,0,0,0,2,2,0.0,0,0,0,0,3,59,1
DFB-Pokal,1/32 FINALE,17.08.2025,RSV Eintracht,Kaiserslautern,Casa,RSV Eintracht,Lehmann Henry,Centrocampista,Subentrato,,0,0,0,0,0,0,0.0,0,0,0,0,0,0,0,0.0,0,0,0.0,0,0,0.0,0,0,0.0,0.0,0,0,0,0,0,0,0.0,0.0,0.0,0.763,0.0,0,0,0,0,0,1,0,0,-0.237,-0.237,0.0,0,0,0,0,0,0,0,0.0,0,0,0.0,0,0,7,7,0,0,0,0.0,0,0.0,0,0,0.0,0,0,0,0,0,0,0,0,0,0,0,0.0,0,0,0,0,0,0,0,1,0,0,0,0,0.0,0,0,0,0,0,0,0
DFB-Pokal,1/32 FINALE,17.08.2025,RSV Eintracht,Kaiserslautern,Casa,RSV Eintracht,Yatkiner Mert,Centrocampista,Subentrato,,0,0,0,0,0,0,0.0,0,0,0,0,0,0,0,0.0,0,0,0.0,1,0,0.0,0,0,0.333,0.333,3,1,3,1,0,0,0.0,0.0,0.0,0.763,0.0,0,1,2,0,0,1,0,0,-0.237,-0.237,0.0,0,0,0,0,0,0,0,0.0,0,0,0.0,0,1,7,7,0,1,0,0.0,0,0.0,0,1,0.0,0,1,1,0,0,0,0,0,0,0,0,0.0,0,0,0,0,0,0,0,1,0,0,0,0,0.0,1,0,0,0,0,4,0
DFB-Pokal,1/32 FINALE,17.08.2025,RSV Eintracht,Kaiserslautern,Casa,RSV Eintracht,Kruska Dominik,Esterno,Titolare,6.3,0,5,0,0,0,0,0.0,0,0,0,0,0,4,0,0.0,0,0,0.0,1,0,1.0,1,1,0.6,0.5,4,2,5,3,0,0,0.003,0.0,0.0,4.263,0.0,0,2,1,0,0,7,0,0,-2.737,-2.737,0.0,0,0,0,1,0,0,0,0.0,0,0,0.25,1,4,90,90,0,0,0,0.643,9,0.4,2,5,0.692,9,13,14,0,0,0,0,0,0,0,0,0.0,0,0,0,0,0,0,0,7,0,0,0,0,1.0,2,2,0,0,0,26,1
DFB-Pokal,1/32 FINALE,17.08.2025,RSV Eintracht,Kaiserslautern,Casa,RSV Eintracht,Steinborn Matthias,Attaccante,Titolare,6.1,0,2,0,0,0,0,0.0,4,0,1,0,2,3,0,0.0,0,1,1.0,3,3,0.5,4,2,0.588,0.615,13,8,17,10,0,0,0.0,0.017,0.057,4.263,0.0,0,2,2,3,0,6,0,0,-1.737,-1.737,0.0,0,0,0,0,0,0,0,0.0,0,0,0.5,1,2,83,83,0,1,0,0.5,4,0.0,0,3,0.5,4,8,8,0,0,0,0,0,0,0,0,0.0,0,0,0,0,0,1,0,6,0,0,1,1,0.5,2,1,0,0,1,26,1
DFB-Pokal,1/32 FINALE,17.08.2025,RSV Eintracht,Kaiserslautern,Ospite,Kaiserslautern,Kim Ji-Soo,Difensore centrale,Titolare,8.3,0,3,0,0,0,0,0.0,2,0,0,0,0,4,0,0.0,0,0,1.0,1,1,0.833,6,5,0.75,0.5,2,1,8,6,0,0,0.012,0.079,0.208,0.073,0.0,0,7,0,0,1,0,0,0,0.073,0.073,0.0,0,0,0,0,0,0,0,0.0,0,0,0.75,6,8,90,90,0,1,0,0.952,80,0.75,6,8,0.951,77,81,84,0,0,0,0,0,0,0,0,0.0,0,0,0,0,0,1,0,0,1,0,1,1,0.0,0,0,0,0,1,95,1
DFB-Pokal,1/32 FINALE,17.08.2025,RSV Eintracht,Kaiserslautern,Casa,RSV Eintracht,Plumpe Till,Attaccante,Titolare,5.9,0,1,0,0,0,0,0.0,1,0,0,0,2,0,0,0.0,0,0,0.0,2,0,0.5,2,1,0.364,0.333,9,3,11,4,0,0,0.004,0.141,0.0,3.25,0.0,0,2,3,0,0,5,0,0,-1.75,-1.75,0.0,0,0,0,0,0,0,0,0.0,0,0,0.333,1,3,68,68,0,0,0,0.708,17,0.25,1,4,0.611,11,18,24,0,0,0,0,0,0,0,0,0.0,0,0,0,0,0,1,0,5,0,1,0,1,0.667,3,2,0,0,1,32,1
DFB-Pokal,1/32 FINALE,17.08.2025,RSV Eintracht,Kaiserslautern,Casa,RSV Eintracht,Brenn Liam,Portiere,Titolare,3.8,0,10,0,0,0,0,0.0,0,0,0,0,0,1,0,0.0,0,0,1.0,1,1,0.0,0,0,0.5,0.5,2,1,2,1,1,0,0.001,0.0,0.0,5.026,0.0,0,8,0,0,0,7,0,0,-1.974,-1.974,0.0,0,0,0,0,2,3,0,0.0,0,0,0.44,11,25,90,90,0,0,0,0.579,22,0.25,2,8,0.571,16,28,38,0,0,0,0,0,0,0,0,0.0,0,0,0,3,0,0,0,10,0,0,0,0,0.0,0,0,0,0,0,50,2
DFB-Pokal,1/32 FINALE,17.08.2025,RSV Eintracht,Kaiserslautern,Casa,RSV Eintracht,Jupolli Endi,Attaccante,Subentrato,5.8,0,0,0,0,0,0,0.0,1,0,0,0,0,0,0,0.0,0,0,0.0,1,0,0.0,1,0,0.286,0.333,6,2,7,2,0,0,0.0,0.027,0.0,1.777,0.0,0,0,2,1,0,2,0,0,-0.223,-0.223,0.0,0,0,0,0,0,0,0,0.0,0,0,0.0,0,0,22,22,0,0,0,0.333,1,0.0,0,1,0.0,0,2,3,0,0,0,0,0,0,0,0,0.0,0,0,0,0,0,0,1,2,0,1,0,1,0.0,1,0,0,0,0,9,2
DFB-Pokal,1/32 FINALE,17.08.2025,RSV Eintracht,Kaiserslautern,Casa,RSV Eintracht,Samson Louis,Difensore centrale,Titolare,6.1,0,3,0,0,0,0,0.0,2,0,0,0,1,8,0,0.0,0,0,0.0,0,0,1.0,1,1,0.778,0.75,8,6,9,7,0,0,0.0,0.0,0.0,5.026,0.0,0,7,0,2,0,7,0,0,-1.974,-1.974,0.0,0,0,0,1,0,0,0,0.0,0,0,0.25,2,8,90,90,0,0,0,0.75,21,0.143,1,7,0.708,17,24,28,0,0,0,0,0,0,0,0,0.0,0,0,0,0,0,0,0,7,0,0,0,0,0.25,4,1,0,0,0,47,2
DFB-Pokal,1/32 FINALE,17.08.2025,RSV Eintracht,Kaiserslautern,Casa,RSV Eintracht,Fron Tom,Centrocampista offensivo,Titolare,6.0,0,3,0,0,0,0,0.0,0,0,0,0,1,1,0,0.0,0,0,0.0,0,0,0.0,1,0,0.5,0.6,5,3,6,3,0,0,0.001,0.0,0.0,5.026,0.0,0,3,1,0,0,6,0,0,-0.974,-0.974,0.0,0,0,0,0,0,0,0,0.0,0,0,0.0,0,2,83,83,0,0,0,0.7,7,0.333,1,3,0.7,7,10,10,0,0,0,0,0,0,0,0,0.0,0,0,0,0,0,0,0,6,0,0,0,0,1.0,3,3,0,0,0,18,3
DFB-Pokal,1/32 FINALE,17.08.2025,RSV Eintracht,Kaiserslautern,Casa,RSV Eintracht,Sommer Lukas,Difensore,Subentrato,6.2,0,2,0,0,0,0,0.0,0,0,0,0,0,0,0,0.0,0,0,0.0,0,0,0.0,1,0,0.25,0.333,3,1,4,1,0,0,0.0,0.0,0.0,1.777,0.0,0,1,0,0,0,2,0,0,-0.223,-0.223,0.0,0,0,0,0,0,0,0,0.0,0,0,0.25,1,4,22,22,0,0,0,0.5,4,0.0,0,1,0.429,3,7,8,0,0,0,0,0,0,0,0,0.0,0,0,0,0,0,0,0,2,0,0,0,0,1.0,1,1,0,0,0,11,2
DFB-Pokal,1/32 FINALE,17.08.2025,RSV Eintracht,Kaiserslautern,Casa,RSV Eintracht,Hellwig Leon,Centrocampista,Titolare,5.6,0,3,0,0,0,0,0.0,0,0,0,0,0,0,0,0.0,0,0,1.0,2,2,1.0,1,1,0.6,0.5,4,2,5,3,0,0,0.008,0.0,0.0,3.25,0.0,0,2,2,0,0,5,0,0,-1.75,-1.75,0.0,0,0,0,1,0,0,0,1.0,1,1,0.167,1,6,68,68,0,0,0,0.647,22,0.5,2,4,0.647,22,34,34,0,0,0,0,0,0,0,0,0.0,0,0,0,0,0,0,0,5,0,0,0,0,0.0,0,0,0,0,0,37,0
DFB-Pokal,1/32 FINALE,17.08.2025,RSV Eintracht,Kaiserslautern,Casa,RSV Eintracht,Seeger Fabian,Centrocampista,Subentrato,,0,0,0,0,0,0,0.0,1,0,0,0,0,0,0,0.0,0,0,0.0,0,0,0.0,0,0,0.0,0.0,0,0,0,0,0,0,0.0,0.0,0.0,0.763,0.0,0,1,0,0,0,1,0,0,-0.237,-0.237,0.0,0,0,0,0,0,0,0,0.0,0,0,0.0,0,1,7,7,0,0,0,0.0,0,0.0,0,1,0.0,0,1,1,0,0,0,0,0,0,0,0,0.0,0,0,0,0,0,0,0,1,0,0,0,0,0.0,0,0,0,0,0,1,0
DFB-Pokal,1/32 FINALE,17.08.2025,RSV Eintracht,Kaiserslautern,Casa,RSV Eintracht,Krusemann Luca,Centrocampista,Titolare,5.7,0,6,0,0,0,0,0.0,1,0,0,0,2,0,0,0.0,0,0,0.0,0,0,0.333,3,1,0.125,0.0,5,0,8,1,0,0,0.051,0.0,0.0,4.263,0.0,0,2,1,0,0,6,0,0,-1.737,-1.737,0.0,0,0,0,0,0,0,2,1.0,1,1,0.0,0,0,83,83,0,0,0,0.917,11,1.0,5,5,0.917,11,12,12,0,0,0,0,0,0,0,0,0.0,0,0,0,0,0,0,0,6,0,0,0,0,0.0,0,0,0,0,0,16,2
DFB-Pokal,1/32 FINALE,17.08.2025,RSV Eintracht,Kaiserslautern,Casa,RSV Eintracht,Ekalle Arthur,Difensore centrale,Titolare,5.8,0,9,0,0,0,0,0.0,2,0,0,0,1,4,0,0.0,0,1,1.0,1,1,0.0,2,0,0.429,0.6,5,3,7,3,0,0,0.0,0.0,0.0,5.026,0.0,0,2,1,0,0,7,0,0,-1.974,-1.974,0.0,0,0,0,2,0,0,0,0.0,0,0,0.1,1,10,90,90,0,0,0,0.667,24,0.0,0,3,0.676,23,34,36,0,0,0,0,0,0,0,0,0.0,0,0,0,0,0,0,0,7,0,0,0,0,0.5,2,1,0,0,1,47,0
DFB-Pokal,1/32 FINALE,17.08.2025,RSV Eintracht,Kaiserslautern,Casa,RSV Eintracht,Goth Tim,Esterno,Titolare,5.6,0,2,0,0,0,0,0.0,2,0,0,0,2,1,0,0.0,0,2,0.333,3,1,1.0,2,2,0.4,0.25,8,2,10,4,0,0,0.001,0.027,0.016,5.026,0.0,0,2,0,0,0,7,0,0,-1.974,-1.974,0.0,0,0,0,1,0,0,0,0.0,0,0,0.0,0,2,90,90,0,1,0,0.526,10,0.0,0,2,0.5,9,18,19,0,0,0,0,0,0,0,0,0.0,0,0,0,0,0,0,2,7,0,1,1,2,1.0,1,1,0,0,0,53,4
DFB-Pokal,1/32 FINALE,17.08.2025,RSV Eintracht,Kaiserslautern,Casa,RSV Eintracht,Mustapha Saheed,Difensore centrale,Titolare,6.8,0,5,0,0,0,0,0.0,0,0,0,0,0,4,0,0.0,0,0,1.0,4,4,0.667,3,2,0.833,0.889,9,8,12,10,0,0,0.002,0.0,0.0,5.026,0.0,0,3,0,0,0,7,0,0,-1.974,-1.974,0.0,0,0,0,4,0,0,1,0.0,0,0,0.333,1,3,90,90,0,0,0,0.577,15,0.25,1,4,0.577,15,26,26,0,0,0,0,0,0,0,0,0.0,0,0,0,0,0,0,0,7,0,0,0,0,0.5,4,2,0,0,0,48,1
DFB-Pokal,1/32 FINALE,17.08.2025,RSV Eintracht,Kaiserslautern,Ospite,Kaiserslautern,Hanslik Daniel,Attaccante,Titolare,7.5,0,1,0,0,0,0,0.0,3,0,0,0,2,0,0,0.0,0,0,0.0,0,0,1.0,1,1,0.2,0.0,4,0,5,1,0,0,0.062,0.441,0.985,0.0,0.0,0,2,0,0,1,0,0,0,0.0,0.0,0.0,0,0,0,0,0,0,0,0.667,2,3,0.0,0,0,60,60,0,0,0,0.611,11,0.667,8,12,0.611,11,18,18,0,0,0,0,0,0,0,0,0.0,0,0,0,0,0,1,0,0,1,0,1,1,0.0,0,0,0,0,4,25,3
DFB-Pokal,1/32 FINALE,17.08.2025,RSV Eintracht,Kaiserslautern,Ospite,Kaiserslautern,Kleinhansl Florian,Difensore,Subentrato,7.8,1,10,1,0,0,0,0.0,4,0,0,0,2,1,0,0.5,2,4,1.0,1,1,1.0,1,1,0.667,0.6,5,3,6,4,0,0,0.084,0.0,0.0,0.073,0.0,0,6,0,1,0,0,0,0,0.073,0.073,0.0,0,0,0,1,0,0,1,0.0,0,0,0.25,1,4,50,50,0,0,0,0.857,48,0.625,5,8,0.868,46,53,56,0,0,0,0,0,0,0,0,0.0,0,0,0,0,0,0,0,0,0,0,0,0,1.0,1,1,0,0,0,66,0
DFB-Pokal,1/32 FINALE,17.08.2025,RSV Eintracht,Kaiserslautern,Ospite,Kaiserslautern,Krahl Julian,Portiere,Titolare,7.1,0,7,0,0,0,0,0.0,0,0,1,0,0,2,0,0.0,0,0,0.0,0,0,0.0,0,0,1.0,1.0,1,1,1,1,0,0,0.001,0.0,0.0,0.073,0.0,0,2,0,1,0,0,0,0,0.073,0.073,0.0,0,0,0,0,1,4,0,0.0,0,0,0.429,3,7,90,90,0,0,0,0.875,28,0.5,1,2,0.846,22,26,32,0,0,0,0,0,0,0,0,0.0,0,0,0,2,0,0,0,2,0,0,0,0,0.0,0,0,0,0,0,41,0
DFB-Pokal,1/32 FINALE,17.08.2025,RSV Eintracht,Kaiserslautern,Ospite,Kaiserslautern,Tachie Richmond,Attaccante,Subentrato,7.3,0,0,1,0,0,0,0.0,0,0,0,0,0,0,0,0.0,0,0,0.0,1,0,0.0,2,0,0.0,0.0,2,0,4,0,0,0,0.053,0.501,0.763,0.057,0.0,0,0,0,0,1,0,0,0,0.057,0.057,0.0,0,0,0,0,0,0,1,1.0,1,1,0.0,0,0,17,17,0,0,0,1.0,7,1.0,3,3,1.0,7,7,7,0,0,0,0,0,0,0,0,0.0,0,0,0,0,0,1,1,0,1,1,1,2,0.0,0,0,0,0,2,12,1
DFB-Pokal,1/32 FINALE,17.08.2025,RSV Eintracht,Kaiserslautern,Ospite,Kaiserslautern,Sahin Semih,Centrocampista,Titolare,7.6,1,3,1,0,0,0,0.0,3,0,0,0,1,0,0,0.0,0,0,1.0,2,2,0.0,0,0,0.667,0.667,3,2,3,2,0,0,0.362,0.0,0.0,0.0,0.0,0,5,0,0,0,0,0,0,0.0,0.0,0.0,0,0,0,0,0,0,1,1.0,3,3,0.0,0,1,45,45,0,0,0,0.902,37,0.8,12,15,0.902,37,41,41,0,0,0,0,0,0,0,0,0.0,0,0,0,0,0,0,0,0,0,0,0,0,0.0,0,0,0,1,0,46,3
DFB-Pokal,1/32 FINALE,17.08.2025,RSV Eintracht,Kaiserslautern,Ospite,Kaiserslautern,Aremu Afeez,Centrocampista,Subentrato,6.7,0,3,0,0,0,0,0.0,0,0,0,0,0,0,0,0.0,0,0,0.667,3,2,0.0,0,0,0.5,0.5,4,2,4,2,0,0,0.022,0.0,0.0,0.073,0.0,0,5,0,0,0,0,0,0,0.073,0.073,0.0,0,0,0,0,0,0,0,0.0,0,0,0.75,3,4,30,30,0,0,0,0.941,32,0.857,6,7,0.941,32,34,34,0,0,0,0,0,0,0,0,0.0,0,0,0,0,0,0,0,0,0,0,0,0,0.0,0,0,0,0,0,38,1
DFB-Pokal,1/32 FINALE,17.08.2025,RSV Eintracht,Kaiserslautern,Ospite,Kaiserslautern,Emreli Mahir,Centrocampista offensivo,Titolare,7.6,0,3,0,2,0,0,0.0,2,0,0,0,3,0,0,0.0,0,3,0.0,0,0,0.0,2,0,0.4,0.5,8,4,10,4,0,0,0.206,0.793,0.474,0.073,0.0,0,3,1,2,1,0,0,0,0.073,0.073,0.0,0,0,0,0,0,0,0,1.0,3,3,0.0,0,0,90,90,0,0,0,0.9,54,0.778,14,18,0.898,53,59,60,0,0,0,0,0,0,0,0,0.0,0,0,0,0,0,3,1,0,0,2,2,4,1.0,2,2,0,0,10,75,2
DFB-Pokal,1/32 FINALE,17.08.2025,RSV Eintracht,Kaiserslautern,Ospite,Kaiserslautern,Raschl Tobias,Centrocampista,Subentrato,8.3,0,4,0,0,0,0,0.0,4,0,0,0,1,0,0,0.0,0,1,1.0,1,1,1.0,2,2,0.889,0.857,7,6,9,8,0,0,0.139,0.948,0.995,0.073,0.0,0,9,0,1,1,0,0,0,0.073,0.073,0.0,0,0,0,0,0,0,0,1.0,2,2,1.0,3,3,45,45,0,0,0,0.932,55,0.875,21,24,0.931,54,58,59,0,0,0,0,0,0,0,0,0.0,0,0,0,0,0,1,0,0,0,0,1,1,0.75,4,3,0,0,6,71,2
DFB-Pokal,1/32 FINALE,17.08.2025,RSV Eintracht,Kaiserslautern,Ospite,Kaiserslautern,Alidou Faride,Attaccante,Subentrato,7.2,1,3,1,0,0,0,0.0,0,0,0,0,1,0,0,0.0,0,0,0.0,2,0,0.0,0,0,0.286,0.286,7,2,7,2,0,0,0.021,0.057,0.0,0.073,0.0,0,2,0,0,0,0,0,0,0.073,0.073,0.0,0,0,0,0,0,0,2,0.0,0,0,0.0,0,0,30,30,0,0,0,0.833,10,0.8,8,10,0.833,10,12,12,0,0,0,0,0,0,0,0,0.0,0,0,0,0,0,0,1,0,0,1,0,1,1.0,2,2,0,0,6,23,2
DFB-Pokal,1/32 FINALE,17.08.2025,RSV Eintracht,Kaiserslautern,Ospite,Kaiserslautern,Gyamfi Maxwell,Difensore centrale,Titolare,6.5,0,5,0,0,0,0,0.0,0,0,1,0,0,1,0,0.0,0,0,0.0,0,0,0.0,1,0,0.0,0.0,2,0,3,0,0,0,0.005,0.0,0.0,0.0,0.0,0,1,2,0,0,0,0,0,0.0,0.0,0.0,0,0,0,1,0,0,0,0.0,0,0,1.0,1,1,40,40,0,0,0,1.0,38,1.0,1,1,1.0,35,35,38,0,0,0,0,0,0,0,0,0.0,0,0,0,0,0,0,0,0,0,0,0,0,0.0,0,0,0,0,0,42,1
DFB-Pokal,1/32 FINALE,17.08.2025,RSV Eintracht,Kaiserslautern,Ospite,Kaiserslautern,Sirch Luca,Difensore centrale,Titolare,7.8,0,3,0,0,0,0,0.0,9,0,0,0,0,2,0,0.0,0,3,0.0,3,0,0.0,0,0,0.25,0.25,8,2,8,2,0,0,0.122,0.0,0.0,0.073,0.0,0,21,1,0,0,0,0,0,0.073,0.073,0.0,0,0,0,2,0,0,0,0.0,0,0,0.615,8,13,90,90,0,0,0,0.909,110,0.679,19,28,0.908,109,120,121,0,0,0,0,0,0,0,0,0.0,0,0,0,0,0,0,0,0,0,0,0,0,1.0,2,2,0,0,0,138,3
DFB-Pokal,1/32 FINALE,17.08.2025,RSV Eintracht,Kaiserslautern,Ospite,Kaiserslautern,Asta Simon,Esterno,Titolare,6.8,0,10,0,0,0,0,0.0,0,0,0,0,0,2,0,0.0,0,2,0.0,0,0,0.0,1,0,0.5,0.667,3,2,4,2,0,0,0.213,0.112,0.0,0.073,0.0,0,2,0,1,0,0,0,0,0.073,0.073,0.0,0,0,0,2,0,0,1,0.0,0,0,0.5,1,2,90,90,0,0,0,0.909,50,0.769,10,13,0.909,50,55,55,0,0,0,0,0,0,0,0,0.0,0,0,0,0,0,1,0,0,1,1,0,1,0.0,1,0,0,0,5,71,3
DFB-Pokal,1/32 FINALE,17.08.2025,RSV Eintracht,Kaiserslautern,Ospite,Kaiserslautern,Haas Mika,Esterno,Titolare,9.0,2,3,2,0,0,0,0.0,4,0,0,0,0,0,0,0.167,1,6,0.5,4,2,0.0,2,0,0.588,0.667,15,10,17,10,0,0,0.842,0.0,0.0,0.073,0.0,0,4,1,5,0,0,0,0,0.073,0.073,0.0,0,0,0,0,0,0,3,0.0,0,0,0.0,0,0,90,90,0,0,0,0.842,32,0.722,13,18,0.833,30,36,38,0,0,0,0,0,0,0,0,0.0,0,0,0,0,0,0,0,0,0,0,0,0,0.667,3,2,0,0,9,69,5
DFB-Pokal,1/32 FINALE,17.08.2025,RSV Eintracht,Kaiserslautern,Ospite,Kaiserslautern,Kunze Fabian,Centrocampista,Titolare,8.0,0,4,0,0,0,0,0.0,0,0,0,0,1,3,0,0.0,0,0,1.0,1,1,0.5,4,2,0.538,0.556,9,5,13,7,0,0,0.044,0.562,0.964,0.0,0.0,0,8,1,3,1,0,0,0,0.0,0.0,0.0,0,0,0,1,0,0,0,0.0,0,0,0.667,2,3,60,60,0,0,0,0.886,62,0.75,12,16,0.884,61,69,70,0,0,0,0,0,0,0,0,0.0,0,0,0,0,0,1,1,0,0,0,2,2,1.0,1,1,0,0,1,84,3
DFB-Pokal,1/32 FINALE,17.08.2025,Engers,Francoforte,Ospite,Francoforte,Collins Nnamdi,Difensore centrale,Titolare,7.6,0,3,0,0,0,0,0.0,2,0,1,0,3,0,0,0.0,0,0,1.0,1,1,0.5,2,1,0.444,0.429,7,3,9,4,0,0,0.053,0.0,0.0,0.0,0.0,0,9,1,0,0,0,0,0,0.0,0.0,0.0,0,0,0,3,0,0,0,0.0,0,0,0.625,5,8,90,90,0,0,1,0.944,68,0.75,9,12,0.943,66,70,72,0,0,0,0,0,0,0,0,0.0,0,0,0,0,0,0,0,0,0,0,0,0,1.0,2,2,0,0,0,81,0
DFB-Pokal,1/32 FINALE,17.08.2025,Engers,Francoforte,Ospite,Francoforte,Uzun Can,Centrocampista offensivo,Titolare,8.2,1,2,1,0,0,0,0.0,6,0,0,0,1,0,0,0.0,0,1,1.0,1,1,0.0,0,0,0.5,0.5,2,1,2,1,0,0,0.543,0.316,0.0,0.0,0.0,0,2,0,0,0,0,0,0,0.0,0.0,0.0,0,0,0,0,0,0,3,1.0,1,1,0.333,1,3,62,62,0,0,0,0.706,24,0.571,12,21,0.697,23,33,34,0,0,0,0,0,0,0,0,0.0,0,0,0,0,1,2,1,0,1,2,0,3,0.0,0,0,0,0,7,42,1
DFB-Pokal,1/32 FINALE,17.08.2025,Engers,Francoforte,Ospite,Francoforte,Larsson Hugo,Centrocampista,Titolare,8.3,1,4,0,0,0,0,0.0,3,0,0,0,0,0,0,0.0,0,0,0.0,0,0,0.0,1,0,0.5,1.0,1,1,2,1,0,0,0.123,0.031,0.0,0.0,0.0,0,10,0,0,0,0,0,0,0.0,0.0,0.0,0,0,0,1,0,0,3,0.0,0,0,0.0,0,1,71,71,0,0,0,0.941,64,0.879,29,33,0.941,64,68,68,0,0,0,0,0,0,0,0,0.0,0,0,0,0,1,0,1,0,0,0,0,1,1.0,1,1,0,0,2,74,0
DFB-Pokal,1/32 FINALE,17.08.2025,Engers,Francoforte,Ospite,Francoforte,Kristensen Rasmus,Terzino,Titolare,8.2,0,3,1,0,0,0,0.0,10,0,1,0,0,1,0,0.375,3,8,0.5,2,1,0.0,2,0,0.286,0.4,5,2,7,2,0,0,0.535,0.102,0.0,0.0,0.0,0,14,3,1,0,0,0,0,0.0,0.0,0.0,0,0,0,1,0,0,3,0.0,0,0,0.75,9,12,90,90,0,0,0,0.86,74,0.766,36,47,0.859,73,85,86,0,0,0,0,0,0,0,0,0.0,0,0,0,0,0,1,0,0,0,1,0,1,0.0,0,0,0,0,6,110,0
DFB-Pokal,1/32 FINALE,17.08.2025,Engers,Francoforte,Ospite,Francoforte,Aaronson Paxten,Centrocampista,Subentrato,,0,2,0,0,0,0,0.0,0,0,0,0,0,0,0,0.0,0,0,1.0,1,1,0.0,0,0,1.0,1.0,1,1,1,1,0,0,0.03,0.67,0.991,0.0,0.0,0,2,0,0,1,0,0,0,0.0,0.0,0.0,0,0,0,0,0,0,0,0.0,0,0,0.0,0,0,11,10,0,0,0,1.0,7,1.0,4,4,1.0,7,7,7,0,0,0,0,0,0,0,0,0.0,0,0,0,0,0,1,0,0,0,0,1,1,0.0,0,0,0,0,2,10,0
DFB-Pokal,1/32 FINALE,17.08.2025,Engers,Francoforte,Ospite,Francoforte,Bahoya Jean-Matteo,Ala,Titolare,8.5,0,0,1,0,0,0,0.0,5,0,0,0,0,1,0,0.25,1,4,0.0,0,0,0.0,0,0,0.0,0.0,1,0,1,0,0,0,0.469,0.976,1.183,0.0,0.0,0,1,0,0,1,0,0,0,0.0,0.0,0.0,0,0,0,0,0,0,2,0.0,0,0,0.0,0,2,62,62,0,0,0,0.579,11,0.364,4,11,0.579,11,19,19,0,0,0,0,0,0,0,0,0.0,0,0,0,0,0,3,1,0,0,2,2,4,0.0,0,0,0,0,4,31,1
DFB-Pokal,1/32 FINALE,17.08.2025,Engers,Francoforte,Ospite,Francoforte,Batshuayi Michy,Attaccante,Subentrato,,0,0,0,0,0,0,0.0,0,0,1,0,0,0,0,0.0,0,0,0.0,0,0,0.0,0,0,0.0,0.0,0,0,0,0,0,0,0.004,0.106,0.0,0.0,0.0,0,1,0,0,0,0,0,0,0.0,0.0,0.0,0,0,0,0,0,0,1,0.0,0,0,0.0,0,0,11,10,0,1,0,0.667,2,1.0,1,1,0.667,2,3,3,0,0,0,0,0,0,0,0,0.0,0,0,0,0,0,1,0,0,0,1,0,1,0.0,0,0,0,0,1,4,0
DFB-Pokal,1/32 FINALE,17.08.2025,Engers,Francoforte,Ospite,Francoforte,Wahi Elye,Attaccante,Subentrato,8.3,1,0,1,0,0,0,0.0,1,0,0,0,0,0,0,0.0,0,2,0.0,0,0,0.0,1,0,0.0,0.0,0,0,1,0,0,0,0.55,0.523,0.427,0.0,0.0,0,0,0,0,1,0,0,0,0.0,0.0,0.0,0,0,0,0,0,0,1,0.0,0,0,0.0,0,0,29,28,0,0,0,0.667,2,0.667,2,3,0.667,2,3,3,0,0,0,0,0,0,0,0,0.0,0,0,0,0,1,6,0,0,1,3,2,6,0.0,0,0,0,0,9,16,3
DFB-Pokal,1/32 FINALE,17.08.2025,Engers,Francoforte,Ospite,Francoforte,Chaibi Fares,Centrocampista,Titolare,8.4,0,3,0,0,0,0,0.0,12,0,0,0,0,1,0,0.222,2,9,0.5,4,2,1.0,3,3,0.667,0.5,6,3,9,6,0,0,0.151,0.061,0.034,0.0,0.0,0,14,0,0,0,0,0,0,0.0,0.0,0.0,0,0,0,1,0,0,4,0.0,0,0,0.5,3,6,90,90,0,0,0,0.849,62,0.82,41,50,0.857,60,70,73,0,0,0,0,0,0,0,0,0.0,0,0,0,0,0,1,1,0,0,1,1,2,1.0,1,1,0,0,5,98,4
DFB-Pokal,1/32 FINALE,17.08.2025,Engers,Francoforte,Ospite,Francoforte,Hojlund Oscar,Centrocampista,Subentrato,6.3,0,1,0,0,0,0,0.0,0,0,0,0,0,1,0,0.0,0,0,0.0,0,0,0.0,0,0,1.0,1.0,1,1,1,1,0,0,0.007,0.0,0.0,0.0,0.0,0,0,0,1,0,0,0,0,0.0,0.0,0.0,0,0,0,0,0,0,0,0.0,0,0,0.0,0,0,20,19,0,0,0,1.0,16,1.0,2,2,1.0,16,16,16,0,0,0,0,0,0,0,0,0.0,0,0,0,0,0,0,0,0,0,0,0,0,0.0,0,0,0,0,0,18,0
DFB-Pokal,1/32 FINALE,17.08.2025,Engers,Francoforte,Ospite,Francoforte,Grahl Jens,Portiere,Titolare,6.8,0,7,0,0,0,0,0.0,0,0,0,0,0,0,0,0.0,0,0,0.0,0,0,1.0,1,1,1.0,0.0,0,0,1,1,0,0,0.0,0.0,0.0,0.0,0.0,0,0,0,1,0,0,0,0,0.0,0.0,0.0,0,0,0,0,0,4,0,0.0,0,0,1.0,4,4,90,90,0,0,0,0.967,29,0.0,0,0,0.947,18,19,30,0,0,0,0,0,0,0,0,0.0,0,0,0,0,0,0,0,0,0,0,0,0,0.0,0,0,0,0,0,35,0
DFB-Pokal,1/32 FINALE,17.08.2025,Engers,Francoforte,Ospite,Francoforte,Doan Ritsu,Ala,Titolare,9.4,0,6,0,3,0,0,0.0,16,0,0,0,1,0,0,0.2,2,10,0.571,7,4,0.0,0,0,0.75,0.75,12,9,12,9,0,0,0.821,1.994,2.407,0.0,0.0,0,3,0,3,2,0,0,0,0.0,0.0,0.0,0,0,0,0,0,0,2,0.0,0,0,0.0,0,2,80,80,0,0,0,0.898,44,0.879,29,33,0.898,44,49,49,0,0,0,0,0,0,0,0,0.0,0,0,0,0,2,6,1,0,0,2,3,7,1.0,2,2,0,0,13,84,2
DFB-Pokal,1/32 FINALE,17.08.2025,Engers,Francoforte,Ospite,Francoforte,Knauff Ansgar,Attaccante,Subentrato,6.6,0,1,0,1,0,0,0.0,2,0,0,0,0,0,0,0.0,0,1,0.0,0,0,0.0,0,0,0.0,0.0,0,0,0,0,0,0,0.027,0.234,0.0,0.0,0.0,0,2,0,0,0,0,0,0,0.0,0.0,0.0,0,0,0,0,0,0,0,0.0,0,0,0.0,0,0,29,28,0,0,0,0.9,9,0.833,5,6,0.9,9,10,10,0,0,0,0,0,0,0,0,0.0,0,0,0,0,1,2,0,0,0,1,0,2,0.0,0,0,0,0,4,14,0
DFB-Pokal,1/32 FINALE,17.08.2025,Engers,Francoforte,Ospite,Francoforte,Koch Robin,Difensore centrale,Titolare,8.8,1,4,1,0,0,0,0.0,2,0,0,0,0,1,0,0.0,0,0,0.0,0,0,0.8,5,4,0.667,0.0,1,0,6,4,0,0,0.606,0.0,0.0,0.0,0.0,0,13,1,0,0,0,0,0,0.0,0.0,0.0,0,0,0,0,0,0,3,0.0,0,0,0.9,9,10,90,90,0,0,0,0.92,92,0.8,16,20,0.916,87,95,100,0,0,0,0,0,0,0,0,0.0,0,0,0,0,0,0,0,0,0,0,0,0,0.0,0,0,0,0,1,102,0
DFB-Pokal,1/32 FINALE,17.08.2025,Engers,Francoforte,Ospite,Francoforte,Burkardt Jonathan,Attaccante,Titolare,6.7,0,0,1,2,0,0,0.0,2,0,0,0,0,0,0,0.0,0,1,0.0,0,0,0.0,2,0,0.0,0.0,0,0,2,0,0,0,0.138,0.571,0.012,0.0,0.0,0,1,1,0,0,0,0,0,0.0,0.0,0.0,0,0,0,0,0,0,2,1.0,1,1,0.0,0,0,80,80,0,0,0,1.0,11,1.0,8,8,1.0,10,10,11,0,0,0,0,0,0,0,0,0.0,0,0,0,0,0,2,0,0,2,1,1,2,0.0,0,0,0,0,8,16,1
DFB-Pokal,1/32 FINALE,17.08.2025,Engers,Francoforte,Ospite,Francoforte,Nkounkou Niels,Terzino,Titolare,9.3,0,4,2,0,0,0,0.0,11,0,0,0,1,0,1,0.5,3,6,0.5,4,2,1.0,1,1,0.7,0.667,9,6,10,7,0,0,0.78,0.046,0.0,0.0,0.0,0,12,1,2,0,0,0,0,0.0,0.0,0.0,0,0,0,1,0,0,4,0.0,0,0,0.5,3,6,90,90,0,0,1,0.873,69,0.842,32,38,0.872,68,78,79,0,0,0,0,0,0,0,0,0.0,0,0,0,0,0,0,1,0,0,1,0,1,0.5,2,1,0,0,3,104,1
DFB-Pokal,1/32 FINALE,17.08.2025,Engers,Francoforte,Casa,Engers,Semchuk Vadim,Centrocampista,Titolare,5.5,0,0,0,0,0,0,0.0,1,0,1,0,0,0,0,0.0,0,0,0.0,0,0,0.0,0,0,0.0,0.0,1,0,1,0,0,0,0.0,0.0,0.0,2.888,0.0,0,2,1,0,0,3,0,0,-0.112,-0.112,0.0,0,0,0,0,0,0,0,0.0,0,0,0.0,0,0,78,78,0,0,0,0.0,0,0.0,0,1,0.0,0,3,3,0,0,0,0,0,0,0,0,0.0,0,0,0,0,0,0,0,3,0,0,0,0,0.0,0,0,0,0,0,6,1
DFB-Pokal,1/32 FINALE,17.08.2025,Engers,Francoforte,Casa,Engers,Abursu Delil,Centrocampista,Subentrato,6.3,0,2,0,0,0,0,0.0,2,0,1,0,1,1,0,0.5,1,2,0.0,0,0,0.0,0,0,0.333,0.333,3,1,3,1,0,0,0.029,0.0,0.0,2.164,0.0,0,4,0,0,0,2,0,0,0.164,0.164,0.0,0,0,0,0,0,0,1,0.0,0,0,0.0,0,1,36,35,0,2,0,0.571,4,0.6,3,5,0.571,4,7,7,0,0,0,0,0,0,0,0,0.0,0,0,0,0,0,0,0,2,0,0,0,0,0.0,1,0,0,0,0,13,1
DFB-Pokal,1/32 FINALE,17.08.2025,Engers,Francoforte,Casa,Engers,Muller Lukas,Centrocampista,Titolare,5.4,0,1,0,0,0,0,0.0,1,0,0,0,2,1,0,0.0,0,0,0.0,0,0,0.0,1,0,0.0,0.0,2,0,3,0,0,0,0.009,0.0,0.0,2.888,0.0,0,1,1,0,0,3,0,0,-0.112,-0.112,0.0,0,0,0,1,0,0,1,0.0,0,0,0.5,1,2,78,78,0,0,0,0.5,3,1.0,1,1,0.4,2,5,6,0,0,0,0,0,0,0,0,0.0,0,0,0,0,0,0,0,3,0,0,0,0,0.0,0,0,0,0,0,9,0
DFB-Pokal,1/32 FINALE,17.08.2025,Engers,Francoforte,Casa,Engers,Meinert Christian,Difensore centrale,Titolare,7.2,0,3,0,0,0,0,0.0,2,0,0,0,1,20,0,0.0,0,1,0.0,0,0,1.0,4,4,0.833,0.5,2,1,6,5,0,0,0.0,0.0,0.0,5.052,0.0,0,1,0,1,0,5,0,0,0.052,0.052,0.0,0,0,0,2,0,0,0,0.0,0,0,0.25,1,4,90,90,0,0,2,0.667,8,0.0,0,1,0.667,8,12,12,0,0,0,0,0,0,0,0,0.0,0,0,0,0,0,0,0,5,0,0,0,0,1.0,1,1,0,0,0,44,0
DFB-Pokal,1/32 FINALE,17.08.2025,Engers,Francoforte,Casa,Engers,Eberhardt David,Difensore centrale,Titolare,6.2,0,1,0,0,0,0,0.0,1,0,0,0,0,12,0,0.0,0,0,0.0,0,0,1.0,1,1,1.0,0.0,0,0,1,1,0,0,0.001,0.0,0.0,5.052,0.0,0,3,0,0,0,5,0,0,0.052,0.052,0.0,0,0,0,2,0,0,0,0.0,0,0,0.167,1,6,90,90,0,0,2,0.25,2,0.333,1,3,0.143,1,7,8,0,0,0,0,0,0,0,0,0.0,0,0,0,0,0,0,0,5,0,0,0,0,0.0,0,0,0,0,0,26,0
DFB-Pokal,1/32 FINALE,17.08.2025,Engers,Francoforte,Casa,Engers,Simons Manuel,Ala,Titolare,6.3,0,1,0,0,0,0,0.0,1,0,0,0,0,5,0,0.0,0,2,1.0,3,3,0.0,5,0,0.444,1.0,4,4,9,4,0,0,0.08,0.306,0.0,2.888,0.0,0,0,0,0,0,3,0,0,-0.112,-0.112,0.0,0,0,0,0,0,0,0,0.0,0,0,0.0,0,0,78,78,0,0,0,0.444,4,1.0,2,2,0.444,4,9,9,0,0,0,0,0,0,0,0,0.0,0,0,0,0,0,1,0,3,0,1,0,1,0.0,1,0,0,0,4,22,0
DFB-Pokal,1/32 FINALE,17.08.2025,Engers,Francoforte,Casa,Engers,Thewalt Mattis,Centrocampista,Titolare,5.1,0,0,0,0,0,0,0.0,0,0,0,0,1,1,0,0.0,0,0,0.0,1,0,0.0,0,0,0.0,0.0,6,0,6,0,0,0,0.001,0.0,0.0,5.052,0.0,0,4,4,0,0,5,0,0,0.052,0.052,0.0,0,0,0,0,0,0,0,0.0,0,0,0.2,1,5,90,90,0,0,0,0.3,3,0.25,1,4,0.3,3,10,10,0,0,0,0,0,0,0,0,0.0,0,0,0,0,0,0,0,5,0,0,0,0,0.0,0,0,0,0,0,15,1
DFB-Pokal,1/32 FINALE,17.08.2025,Engers,Francoforte,Casa,Engers,Serdarusic Franjo,Portiere,Titolare,6.5,0,4,0,0,2,0,0.0,0,0,0,0,1,1,0,0.0,0,0,0.0,0,0,0.0,0,0,0.0,0.0,1,0,1,0,0,0,0.001,0.0,0.0,5.052,0.0,0,10,0,0,0,5,0,0,0.052,0.052,0.0,0,0,0,0,0,2,0,0.0,0,0,0.182,6,33,90,90,0,0,0,0.206,7,0.2,2,10,0.125,1,8,34,0,0,0,0,0,0,0,0,0.0,0,0,0,5,0,0,0,10,0,0,0,0,0.0,0,0,0,0,0,44,0
DFB-Pokal,1/32 FINALE,17.08.2025,Engers,Francoforte,Casa,Engers,Hoti Altrin,Centrocampista,Subentrato,6.3,0,0,0,0,0,0,0.0,0,0,0,0,0,1,0,0.0,0,0,0.0,0,0,0.0,0,0,0.0,0.0,0,0,0,0,0,0,0.0,0.0,0.0,2.164,0.0,0,0,0,0,0,2,0,0,0.164,0.164,0.0,0,0,0,0,0,0,0,0.0,0,0,0.0,0,0,13,12,0,0,0,1.0,1,0.0,0,0,0.0,0,0,1,0,0,0,0,0,0,0,0,0.0,0,0,0,0,0,0,0,2,0,0,0,0,0.0,0,0,0,0,0,3,1
DFB-Pokal,1/32 FINALE,17.08.2025,Engers,Francoforte,Casa,Engers,Kesikci Hasan-Huseyin,Attaccante,Subentrato,6.2,0,0,0,0,0,0,0.0,0,0,0,0,0,0,0,0.0,0,0,0.0,1,0,0.0,1,0,0.5,0.667,3,2,4,2,0,0,0.0,0.198,0.0,2.164,0.0,0,0,0,2,0,2,0,0,0.164,0.164,0.0,0,0,0,0,0,0,0,0.0,0,0,0.0,0,0,29,28,0,1,0,1.0,3,0.0,0,0,1.0,2,2,3,0,0,0,0,0,0,0,0,0.0,0,0,0,0,0,1,0,2,0,1,0,1,0.0,0,0,0,0,2,7,0
DFB-Pokal,1/32 FINALE,17.08.2025,Engers,Francoforte,Casa,Engers,Splettstoesser Manuel,Centrocampista,Subentrato,6.3,0,0,0,0,0,0,0.0,0,0,0,0,0,0,0,0.0,0,0,0.0,0,0,0.0,0,0,0.0,0.0,0,0,0,0,0,0,0.0,0.0,0.0,2.164,0.0,0,0,0,0,0,2,0,0,0.164,0.164,0.0,0,0,0,0,0,0,0,0.0,0,0,0.0,0,0,12,12,0,0,0,0.0,0,0.0,0,0,0.0,0,0,0,0,0,0,0,0,0,0,0,0.0,0,0,0,0,0,0,0,2,0,0,0,0,0.0,0,0,0,0,0,1,0
DFB-Pokal,1/32 FINALE,17.08.2025,Engers,Francoforte,Casa,Engers,Naric Goran,Attaccante,Titolare,6.0,0,0,0,0,0,0,0.0,0,0,1,0,1,0,0,0.0,0,0,1.0,1,1,0.0,0,0,0.6,0.6,5,3,5,3,0,0,0.0,0.059,0.0,2.888,0.0,0,1,1,1,0,3,0,0,-0.112,-0.112,0.0,0,0,0,0,0,0,0,0.0,0,0,0.0,0,1,55,55,0,0,0,0.333,2,0.0,0,2,0.2,1,5,6,0,0,0,0,0,0,0,0,0.0,0,0,0,0,0,1,0,3,0,0,1,1,0.0,1,0,0,0,1,11,0
DFB-Pokal,1/32 FINALE,17.08.2025,Engers,Francoforte,Casa,Engers,Ed Daoudi Ayman,Ala,Titolare,5.8,0,1,0,0,0,0,0.0,0,0,0,0,2,1,0,0.0,0,2,1.0,1,1,0.333,3,1,0.3,0.286,7,2,10,3,0,0,0.072,0.0,0.0,2.888,0.0,0,1,1,0,0,3,0,0,-0.112,-0.112,0.0,0,0,0,1,0,0,1,0.0,0,0,0.0,0,1,62,62,0,4,0,0.5,4,0.5,2,4,0.4,2,5,8,0,0,0,0,0,0,0,0,0.0,0,0,0,0,0,0,0,3,0,0,0,0,0.0,1,0,0,0,2,17,2
DFB-Pokal,1/32 FINALE,17.08.2025,Engers,Francoforte,Casa,Engers,Schmitten Max,Terzino,Titolare,6.0,0,2,0,0,0,0,0.0,1,0,0,0,0,3,0,0.0,0,0,1.0,1,1,0.0,1,0,0.667,0.8,5,4,6,4,0,0,0.005,0.039,0.0,5.052,0.0,0,3,1,1,0,5,0,0,0.052,0.052,0.0,0,0,0,1,0,0,0,0.0,0,0,0.5,1,2,90,90,0,0,1,0.667,6,1.0,2,2,0.667,6,9,9,0,0,0,0,0,0,0,0,0.0,0,0,0,0,0,0,1,5,0,1,0,1,1.0,2,2,0,0,0,30,1
DFB-Pokal,1/32 FINALE,17.08.2025,Engers,Francoforte,Casa,Engers,Willma Justin,Attaccante,Subentrato,6.4,0,1,0,0,0,0,0.0,0,0,0,0,0,0,0,0.0,0,0,0.0,0,0,0.0,0,0,0.0,0.0,0,0,0,0,0,0,0.007,0.093,0.0,2.164,0.0,0,0,0,0,0,2,0,0,0.164,0.164,0.0,0,0,0,0,0,0,0,0.0,0,0,0.0,0,0,13,12,0,0,0,0.5,2,1.0,1,1,0.5,2,4,4,0,0,0,0,0,0,0,0,0.0,0,0,0,0,0,1,0,2,0,1,0,1,0.0,0,0,0,0,1,5,0
DFB-Pokal,1/32 FINALE,17.08.2025,Engers,Francoforte,Casa,Engers,Muller Gabriel,Terzino,Titolare,5.5,0,5,0,0,1,0,0.0,1,0,0,0,3,4,0,1.0,1,1,0.0,1,0,1.0,2,2,0.444,0.286,7,2,9,4,0,0,0.075,0.148,0.0,5.052,0.0,0,3,0,2,0,5,0,0,0.052,0.052,0.0,0,0,0,1,0,0,0,0.0,0,0,0.333,1,3,90,90,0,0,1,0.455,5,0.5,1,2,0.455,5,11,11,0,0,0,0,0,0,0,0,0.0,0,0,0,0,1,1,0,5,1,0,0,1,0.0,1,0,0,0,1,33,3
DFB-Pokal,1/32 FINALE,17.08.2025,Viktoria Koln,Paderborn,Casa,Viktoria Koln,Kloss Tim,Difensore,Subentrato,6.3,0,3,0,1,0,0,0.0,1,0,0,0,1,0,0,0.0,0,1,1.0,1,1,0.5,2,1,0.6,0.667,3,2,5,3,0,0,0.013,0.115,0.0,0.531,0.0,0,6,0,1,0,0,0,0,0.531,0.531,0.0,0,0,0,1,0,0,1,0.0,0,0,0.0,0,1,45,45,0,0,0,0.829,34,0.727,8,11,0.829,34,41,41,0,0,0,0,0,0,0,0,0.0,0,0,0,0,0,1,0,0,1,1,0,1,0.0,0,0,0,1,1,50,1
DFB-Pokal,1/32 FINALE,17.08.2025,Viktoria Koln,Paderborn,Casa,Viktoria Koln,Lobinger Lex-Tyger,Attaccante,Titolare,7.1,0,2,1,0,0,0,0.0,2,0,0,0,0,1,0,0.0,0,2,0.0,1,0,1.0,3,3,0.8,0.5,2,1,5,4,0,0,0.197,0.246,0.098,3.115,0.0,0,4,0,1,0,3,0,0,0.115,0.123,0.0,0,0,0,0,0,0,2,0.0,0,0,0.0,0,3,90,90,0,1,0,0.474,9,0.444,4,9,0.333,5,15,19,0,0,0,0,0,0,0,0,0.0,0,0,0,0,2,3,1,3,1,1,1,4,1.0,1,1,0,0,6,37,4
DFB-Pokal,1/32 FINALE,17.08.2025,Viktoria Koln,Paderborn,Casa,Viktoria Koln,Eisenhuth Tobias,Centrocampista,Titolare,6.7,0,3,0,0,0,0,0.0,4,0,0,0,1,0,0,0.0,0,2,1.0,1,1,0.0,0,0,0.5,0.5,4,2,4,2,0,0,0.1,0.121,0.0,2.584,0.0,0,9,0,1,0,3,0,0,-0.416,-0.408,0.0,0,0,0,2,0,0,0,0.0,0,0,0.667,2,3,87,87,0,0,0,0.951,58,0.846,11,13,0.946,53,56,61,0,0,0,0,0,0,0,0,0.0,0,0,0,0,0,0,1,3,0,1,0,1,0.0,0,0,0,0,0,71,1
DFB-Pokal,1/32 FINALE,17.08.2025,Viktoria Koln,Paderborn,Casa,Viktoria Koln,Sticker Jonah,Difensore centrale,Titolare,7.1,1,7,0,0,0,0,0.0,5,0,1,0,1,1,0,0.5,1,2,0.0,0,0,0.0,0,0,0.667,0.667,9,6,9,6,0,0,0.315,0.0,0.0,3.115,0.0,0,5,1,4,0,3,0,0,0.115,0.123,0.0,0,0,0,2,0,0,1,0.0,0,0,0.5,1,2,90,90,0,0,0,0.925,37,0.714,5,7,0.925,37,40,40,0,0,0,0,0,0,0,0,0.0,0,0,0,0,0,0,0,3,0,0,0,0,1.0,2,2,0,0,1,58,2
DFB-Pokal,1/32 FINALE,17.08.2025,Viktoria Koln,Paderborn,Casa,Viktoria Koln,Popp Leander,Attaccante,Subentrato,6.4,0,1,0,0,0,0,0.0,0,0,0,0,0,0,0,0.0,0,0,0.0,0,0,0.0,0,0,0.0,0.0,1,0,1,0,0,0,0.001,0.079,0.026,0.531,0.0,0,1,0,0,0,0,0,0,0.531,0.531,0.0,0,0,0,0,0,0,0,0.0,0,0,0.0,0,0,13,12,0,0,0,0.333,1,0.5,1,2,0.333,1,3,3,0,0,0,0,0,0,0,0,0.0,0,0,0,0,0,1,0,0,0,0,1,1,0.0,0,0,0,0,1,6,1
DFB-Pokal,1/32 FINALE,17.08.2025,Viktoria Koln,Paderborn,Casa,Viktoria Koln,Engelhardt Florian,Centrocampista,Titolare,5.4,0,2,0,0,0,0,0.0,1,0,0,0,0,1,0,0.0,0,1,0.0,0,0,0.0,0,0,0.0,0.0,2,0,2,0,0,0,0.006,0.027,0.0,2.584,0.0,0,2,2,0,0,3,0,0,-0.416,-0.408,0.0,0,0,0,1,0,0,0,0.0,0,0,0.5,1,2,45,45,0,0,0,0.844,27,1.0,2,2,0.844,27,32,32,1,0,0,0,0,0,0,0,0.0,0,0,0,0,0,0,1,3,0,1,0,1,0.0,0,0,0,0,0,38,0
DFB-Pokal,1/32 FINALE,17.08.2025,Viktoria Koln,Paderborn,Casa,Viktoria Koln,Wolf Lucas,Esterno,Titolare,6.1,0,2,0,0,0,0,0.0,1,0,0,0,0,0,0,0.0,0,1,1.0,1,1,0.0,0,0,0.4,0.4,5,2,5,2,0,0,0.004,0.0,0.0,2.584,0.0,0,3,2,1,0,3,0,0,-0.416,-0.408,0.0,0,0,0,0,0,0,1,0.0,0,0,1.0,1,1,45,45,0,0,0,0.739,17,0.75,3,4,0.727,16,22,23,0,0,0,0,0,0,0,0,0.0,0,0,0,0,0,0,0,3,0,0,0,0,0.0,0,0,0,0,0,28,1
DFB-Pokal,1/32 FINALE,17.08.2025,Viktoria Koln,Paderborn,Casa,Viktoria Koln,Zank Benjamin,Centrocampista,Subentrato,,0,1,0,0,0,0,0.0,0,0,0,0,0,0,0,0.0,0,0,0.0,0,0,0.0,0,0,0.0,0.0,1,0,1,0,0,0,0.013,0.0,0.0,0.531,0.0,0,0,0,0,0,0,0,0,0.531,0.531,0.0,0,0,0,0,0,0,0,0.0,0,0,0.0,0,0,4,3,0,0,0,1.0,1,1.0,1,1,1.0,1,1,1,0,0,0,0,0,0,0,0,0.0,0,0,0,0,0,0,0,0,0,0,0,0,0.0,0,0,0,0,1,2,1
DFB-Pokal,1/32 FINALE,17.08.2025,Viktoria Koln,Paderborn,Casa,Viktoria Koln,Velasco Robin,Centrocampista offensivo,Titolare,6.2,0,0,0,1,0,0,0.0,1,0,0,0,1,0,0,0.0,0,1,0.0,1,0,0.0,1,0,0.5,0.6,5,3,6,3,0,0,0.0,0.373,0.0,2.584,0.0,0,0,0,2,0,3,0,0,-0.416,-0.408,0.0,0,0,0,0,0,0,0,0.0,0,0,0.0,0,0,45,45,0,1,0,0.571,4,0.0,0,2,0.571,4,7,7,0,0,0,0,0,0,0,0,0.0,0,0,0,0,1,2,0,3,0,1,0,2,0.0,1,0,0,0,2,15,1
DFB-Pokal,1/32 FINALE,17.08.2025,Viktoria Koln,Paderborn,Casa,Viktoria Koln,Dudu,Portiere,Titolare,6.7,0,10,0,0,1,0,0.0,1,0,0,0,0,1,0,0.0,0,0,1.0,1,1,0.0,0,0,1.0,1.0,2,2,2,2,0,0,0.0,0.0,0.0,3.115,0.0,0,1,0,0,0,3,0,0,0.115,0.123,0.0,0,0,0,0,1,6,0,0.0,0,0,0.444,4,9,90,90,0,0,0,0.813,26,0.0,0,1,0.828,24,29,32,0,0,0,0,0,0,0,0,0.0,0,0,0,4,0,0,0,7,0,0,0,0,1.0,1,1,0,0,0,46,0
DFB-Pokal,1/32 FINALE,17.08.2025,Viktoria Koln,Paderborn,Casa,Viktoria Koln,Handle Simon,Esterno,Titolare,6.7,0,8,0,0,0,0,0.0,8,0,0,0,0,0,0,0.0,0,1,0.0,1,0,0.0,0,0,0.4,0.4,5,2,5,2,0,0,0.129,0.0,0.0,2.584,0.0,0,5,1,0,0,3,0,0,-0.416,-0.408,0.0,0,0,0,0,0,0,2,0.0,0,0,0.333,1,3,78,78,0,0,0,0.774,24,0.917,11,12,0.774,24,31,31,0,0,0,0,0,0,0,0,0.0,0,0,0,0,0,0,0,3,0,0,0,0,0.5,2,1,0,0,0,44,2
DFB-Pokal,1/32 FINALE,17.08.2025,Viktoria Koln,Paderborn,Casa,Viktoria Koln,Greger Christoph,Difensore centrale,Titolare,6.9,0,3,0,0,0,0,0.0,1,0,0,0,1,2,0,0.0,0,0,0.0,0,0,0.375,8,3,0.538,0.8,5,4,13,7,0,0,0.098,0.0,0.0,3.115,0.0,0,9,0,0,0,3,0,0,0.115,0.123,0.0,0,0,0,4,0,0,0,0.0,0,0,0.286,2,7,90,90,0,0,0,0.926,87,0.636,7,11,0.931,81,87,94,0,0,0,0,0,0,0,0,0.0,0,0,0,0,0,0,0,3,0,0,0,0,0.75,4,3,0,0,1,106,0
DFB-Pokal,1/32 FINALE,17.08.2025,Viktoria Koln,Paderborn,Ospite,Paderborn,Brackelmann Calvin,Difensore centrale,Titolare,6.4,0,0,0,0,0,0,0.0,0,0,0,0,1,4,0,0.0,0,0,0.0,0,0,0.0,1,0,0.0,0.0,1,0,2,0,0,0,0.001,0.0,0.0,0.911,0.0,0,0,0,0,0,1,0,0,-0.089,-0.089,0.0,0,0,0,2,0,0,0,0.0,0,0,0.429,3,7,60,60,0,0,0,0.844,27,0.0,0,0,0.844,27,32,32,0,0,0,0,0,0,0,0,0.0,0,0,0,0,0,0,0,1,0,0,0,0,0.0,0,0,0,0,0,41,0
DFB-Pokal,1/32 FINALE,17.08.2025,Viktoria Koln,Paderborn,Casa,Viktoria Koln,Otto David,Centrocampista offensivo,Titolare,6.9,0,3,0,0,0,0,0.0,5,0,0,0,2,0,0,0.5,1,2,0.5,2,1,0.5,2,1,0.5,0.5,8,4,10,5,1,0,0.124,0.255,0.814,3.115,0.0,0,4,0,3,1,3,0,0,0.115,0.123,0.0,0,0,0,0,0,0,1,0.0,0,0,0.0,0,1,90,90,0,0,0,0.63,17,0.667,10,15,0.63,17,27,27,0,0,0,0,0,0,0,0,0.0,0,0,0,0,1,2,1,3,0,0,2,3,1.0,1,1,0,0,7,43,2
DFB-Pokal,1/32 FINALE,17.08.2025,Viktoria Koln,Paderborn,Casa,Viktoria Koln,Tonye Yannick,Attaccante,Subentrato,6.7,0,3,0,0,0,0,0.0,3,0,1,0,0,0,0,1.0,1,1,0.25,4,1,1.0,2,2,0.5,0.4,10,4,12,6,0,0,0.268,0.049,0.0,0.531,0.0,0,1,1,2,0,0,0,0,0.531,0.531,0.0,0,0,0,1,0,0,1,0.0,0,0,0.0,0,0,45,45,0,0,0,0.636,7,0.4,2,5,0.636,7,11,11,0,0,0,0,0,0,0,0,0.0,0,0,0,0,1,0,1,0,0,0,0,1,1.0,1,1,0,0,3,28,2
DFB-Pokal,1/32 FINALE,17.08.2025,Viktoria Koln,Paderborn,Ospite,Paderborn,Hoffmeier Marcel,Difensore centrale,Titolare,7.5,0,3,0,0,0,0,0.0,0,0,1,0,1,5,0,0.0,0,0,0.0,0,0,1.0,2,2,0.6,0.5,8,4,10,6,0,0,0.001,0.052,0.07,0.937,0.0,0,1,2,0,0,1,0,0,-0.063,-0.063,0.0,0,0,0,3,0,0,0,0.0,0,0,0.429,3,7,90,90,0,0,2,0.853,29,0.0,0,1,0.848,28,33,34,0,0,0,0,0,0,0,0,0.0,0,0,0,0,0,0,2,1,0,1,1,2,0.75,4,3,0,0,0,54,1
DFB-Pokal,1/32 FINALE,17.08.2025,Viktoria Koln,Paderborn,Ospite,Paderborn,Batzner Nick,Centrocampista offensivo,Titolare,5.8,0,2,0,0,0,0,0.0,0,0,0,0,0,0,0,0.0,0,0,0.0,1,0,0.0,2,0,0.0,0.0,1,0,3,0,0,0,0.0,0.0,0.0,0.911,0.0,0,2,0,0,0,1,0,0,-0.089,-0.089,0.0,0,0,0,0,0,0,0,0.0,0,0,0.0,0,1,60,60,0,0,0,0.667,8,0.0,0,2,0.667,8,12,12,0,0,0,0,0,0,0,0,0.0,0,0,0,0,0,0,0,1,0,0,0,0,0.0,0,0,0,0,0,14,0
DFB-Pokal,1/32 FINALE,17.08.2025,Viktoria Koln,Paderborn,Casa,Viktoria Koln,Dietz Lars,Difensore centrale,Titolare,6.5,0,8,0,0,0,0,0.0,0,0,0,0,1,2,0,0.0,0,0,1.0,3,3,0.625,8,5,0.667,0.75,4,3,12,8,0,0,0.011,0.119,0.0,3.115,0.0,0,7,0,0,0,3,0,0,0.115,0.123,0.0,0,0,0,1,0,0,0,0.0,0,0,0.667,6,9,90,90,0,0,0,0.833,55,0.727,8,11,0.831,54,65,66,0,0,0,0,0,0,0,0,0.0,0,0,0,0,0,1,0,3,1,1,0,1,0.0,0,0,0,0,1,74,0
DFB-Pokal,1/32 FINALE,17.08.2025,Viktoria Koln,Paderborn,Ospite,Paderborn,Schubert Markus,Portiere,Titolare,6.9,0,14,0,0,0,0,0.0,0,0,0,0,0,2,0,0.0,0,0,0.0,0,0,0.0,0,0,0.0,0.0,0,0,0,0,0,0,0.002,0.0,0.0,0.937,0.0,0,10,0,0,0,1,0,0,-0.063,-0.063,1.0,1,1,0,0,0,9,0,0.0,0,0,0.4,16,40,90,90,0,0,0,0.579,33,0.2,2,10,0.587,27,46,57,0,0,0,0,0,0,0,0,0.0,0,0,1,3,0,0,0,4,0,0,0,0,0.0,0,0,0,0,0,73,0
DFB-Pokal,1/32 FINALE,17.08.2025,Viktoria Koln,Paderborn,Casa,Viktoria Koln,Munst Leonhard,Centrocampista,Subentrato,6.9,0,3,1,0,0,0,0.0,6,0,0,0,0,0,0,0.0,0,2,0.333,3,1,0.0,0,0,0.429,0.429,7,3,7,3,0,0,0.122,0.0,0.0,0.531,0.0,0,7,2,1,0,0,0,0,0.531,0.531,0.0,0,0,0,0,0,0,2,0.0,0,0,0.333,2,6,45,45,0,0,0,0.692,18,0.583,7,12,0.727,16,22,26,0,0,0,0,0,0,0,0,0.0,0,0,0,0,0,0,0,0,0,0,0,0,1.0,1,1,0,0,2,35,0
DFB-Pokal,1/32 FINALE,17.08.2025,Viktoria Koln,Paderborn,Ospite,Paderborn,Gotze Felix,Difensore centrale,Titolare,7.4,0,6,0,0,0,0,0.0,0,0,0,0,0,2,0,0.0,0,0,1.0,1,1,0.25,4,1,0.571,1.0,3,3,7,4,0,0,0.003,0.0,0.0,0.937,0.0,0,2,1,0,0,1,0,0,-0.063,-0.063,0.0,0,0,0,6,0,0,0,0.0,0,0,1.0,1,1,90,90,0,0,2,0.861,31,0.75,3,4,0.853,29,34,36,0,0,0,0,0,0,0,0,0.0,0,0,0,0,0,0,0,1,0,0,0,0,0.5,2,1,0,0,1,51,1
DFB-Pokal,1/32 FINALE,17.08.2025,Viktoria Koln,Paderborn,Ospite,Paderborn,Klaas Sebastian,Centrocampista,Titolare,6.7,0,3,0,0,0,0,0.0,1,0,0,0,2,1,0,0.0,0,0,0.0,1,0,0.0,0,0,0.5,0.5,8,4,8,4,0,0,0.019,0.0,0.0,0.911,0.0,0,2,0,3,0,1,0,0,-0.089,-0.089,0.0,0,0,0,1,0,0,0,0.0,0,0,0.0,0,0,60,60,0,0,0,0.652,15,0.333,1,3,0.619,13,21,23,0,0,0,1,0,0,0,0,0.0,0,0,0,0,0,0,0,1,0,0,0,0,1.0,1,1,0,0,1,32,1
DFB-Pokal,1/32 FINALE,17.08.2025,Viktoria Koln,Paderborn,Ospite,Paderborn,Curda Laurin,Esterno,Titolare,7.5,0,6,0,0,1,0,0.0,3,0,0,0,1,3,0,0.0,0,1,0.5,2,1,1.0,2,2,0.615,0.545,11,6,13,8,0,0,0.042,0.083,0.155,0.937,0.0,0,10,3,0,0,1,0,0,-0.063,-0.063,0.0,0,0,0,1,0,0,1,0.0,0,0,0.222,2,9,90,90,0,0,1,0.586,17,0.545,6,11,0.586,17,29,29,0,0,0,0,0,0,0,0,0.0,0,0,0,0,0,0,2,1,0,1,1,2,0.8,5,4,0,0,1,62,2
DFB-Pokal,1/32 FINALE,17.08.2025,Viktoria Koln,Paderborn,Ospite,Paderborn,Bilbija Filip,Centrocampista offensivo,Titolare,6.0,0,3,0,0,0,0,0.0,1,0,0,0,1,1,0,0.0,0,0,0.5,2,1,0.0,1,0,0.2,0.222,9,2,10,2,0,0,0.041,0.788,0.992,0.937,0.0,0,0,4,0,1,1,0,1,-0.063,-0.063,0.0,0,0,0,0,0,0,1,0.0,0,0,0.0,0,1,90,90,0,1,0,0.75,9,0.6,3,5,0.75,9,12,12,0,0,0,0,0,0,0,0,0.0,0,0,0,0,0,1,0,1,0,0,1,1,1.0,1,1,0,0,2,21,3
DFB-Pokal,1/32 FINALE,17.08.2025,Viktoria Koln,Paderborn,Ospite,Paderborn,Engelns Luis,Centrocampista,Titolare,6.9,0,2,0,0,0,0,0.0,0,0,0,0,2,0,0,0.0,0,0,0.0,0,0,1.0,1,1,0.769,0.75,12,9,13,10,0,0,0.007,0.0,0.0,0.911,0.0,0,4,0,5,0,1,0,0,-0.089,-0.089,0.0,0,0,0,0,0,0,0,1.0,1,1,0.0,0,0,85,85,0,0,0,0.875,21,0.833,5,6,0.87,20,23,24,0,0,0,0,0,0,0,0,0.0,0,0,0,0,0,0,0,1,0,0,0,0,0.5,4,2,0,0,0,37,2
DFB-Pokal,1/32 FINALE,17.08.2025,Viktoria Koln,Paderborn,Ospite,Paderborn,Obermair Raphael,Esterno,Titolare,7.5,1,8,1,0,0,0,0.0,6,0,0,0,0,0,0,0.25,1,4,0.0,1,0,0.0,1,0,0.333,0.4,5,2,6,2,0,0,0.378,0.0,0.0,0.937,0.0,0,4,2,1,0,1,0,0,-0.063,-0.063,0.0,0,0,0,2,0,0,2,0.0,0,0,0.333,2,6,90,90,0,0,0,0.824,28,0.5,3,6,0.824,28,34,34,0,0,0,0,0,0,0,0,0.0,0,0,0,0,0,0,0,1,0,0,0,0,0.0,1,0,0,0,0,59,0
DFB-Pokal,1/32 FINALE,17.08.2025,Viktoria Koln,Paderborn,Ospite,Paderborn,Scheller Tjark,Difensore,Subentrato,6.1,0,0,0,0,0,0,0.0,0,0,1,0,0,2,0,0.0,0,0,0.5,2,1,0.25,4,1,0.286,0.333,3,1,7,2,0,0,0.0,0.0,0.0,0.026,0.0,0,1,2,0,0,0,0,0,0.026,0.026,0.0,0,0,0,0,0,0,0,0.0,0,0,0.333,1,3,31,30,0,0,0,0.714,10,0.0,0,1,0.714,10,14,14,0,0,0,0,0,0,0,0,0.0,0,0,0,0,0,0,0,0,0,0,0,0,0.0,0,0,0,0,0,19,0
DFB-Pokal,1/32 FINALE,17.08.2025,Viktoria Koln,Paderborn,Ospite,Paderborn,Castaneda Santiago,Centrocampista,Subentrato,,0,1,0,0,0,0,0.0,1,0,0,0,0,0,0,0.0,0,0,0.0,0,0,0.0,0,0,0.0,0.0,1,0,1,0,0,0,0.07,0.059,0.0,0.026,0.0,0,0,1,0,0,0,0,0,0.026,0.026,0.0,0,0,0,0,0,0,0,0.0,0,0,0.0,0,0,6,5,0,0,0,0.833,5,0.75,3,4,0.833,5,6,6,0,0,0,0,0,0,0,0,0.0,0,0,0,0,0,1,0,0,0,1,0,1,0.0,0,0,0,0,1,7,0
DFB-Pokal,1/32 FINALE,17.08.2025,Viktoria Koln,Paderborn,Ospite,Paderborn,Hansen Mattes,Centrocampista,Subentrato,6.9,0,1,1,0,0,0,0.0,1,0,1,0,2,0,0,0.0,0,0,0.0,0,0,1.0,1,1,0.25,0.0,3,0,4,1,0,0,0.012,0.075,0.21,0.026,0.0,0,2,1,0,0,0,0,0,0.026,0.026,0.0,0,0,0,0,0,0,1,0.0,0,0,0.0,0,0,31,30,0,0,0,0.923,12,0.8,4,5,0.923,12,13,13,0,0,0,0,0,0,0,0,0.0,0,0,0,0,0,1,0,0,0,0,1,1,0.0,0,0,0,0,1,15,1
DFB-Pokal,1/32 FINALE,17.08.2025,Viktoria Koln,Paderborn,Ospite,Paderborn,Grimaldi Adriano,Attaccante,Titolare,8.6,0,0,0,0,0,0,0.0,0,0,0,0,0,1,0,0.0,0,0,0.5,2,1,0.4,5,2,0.429,0.5,2,1,7,3,0,0,0.051,1.236,1.592,0.911,0.0,0,2,0,0,2,1,0,0,-0.089,-0.089,0.0,0,0,0,0,0,0,0,0.0,0,0,0.0,0,0,60,60,0,1,0,0.417,5,0.375,3,8,0.417,5,12,12,0,0,0,0,0,0,0,0,0.0,0,0,0,0,0,2,0,1,1,0,2,2,0.0,0,0,0,0,6,19,1
DFB-Pokal,1/32 FINALE,17.08.2025,Viktoria Koln,Paderborn,Ospite,Paderborn,Baur Mika,Attaccante,Subentrato,6.5,0,6,0,1,0,0,0.0,0,0,0,0,0,0,0,0.0,0,0,0.5,2,1,0.0,0,0,0.5,0.5,2,1,2,1,0,0,0.004,0.088,0.096,0.026,0.0,0,1,0,0,0,0,0,0,0.026,0.026,0.0,0,0,0,0,0,0,0,1.0,1,1,0.5,1,2,31,30,0,0,0,0.8,16,0.75,3,4,0.8,16,20,20,0,0,0,0,0,0,0,0,0.0,0,0,0,0,0,1,0,0,0,0,1,1,0.0,0,0,0,0,2,24,0
DFB-Pokal,1/32 FINALE,17.08.2025,Viktoria Koln,Paderborn,Ospite,Paderborn,Marino Stefano,Attaccante,Subentrato,6.8,0,1,0,0,0,0,0.0,0,0,0,0,0,0,0,0.0,0,0,0.5,4,2,0.5,2,1,0.5,0.5,4,2,6,3,0,0,0.129,0.0,0.0,0.026,0.0,0,2,0,0,0,0,0,0,0.026,0.026,0.0,0,0,0,0,0,0,2,0.0,0,0,0.0,0,0,31,30,0,0,0,0.583,7,0.5,4,8,0.545,6,11,12,0,0,0,0,0,0,0,0,0.0,0,0,0,0,0,0,0,0,0,0,0,0,0.0,0,0,0,0,6,16,0
DFB-Pokal,1/32 FINALE,16.08.2025,Cottbus,Hannover,Ospite,Hannover,Chakroun Husseyn,Centrocampista offensivo,Titolare,6.4,0,4,0,0,0,0,0.0,2,0,0,0,0,1,0,0.0,0,1,0.313,16,5,0.5,2,1,0.448,0.444,27,12,29,13,0,0,0.1,0.0,0.0,0.885,0.0,0,1,3,3,0,1,0,0,-0.115,-0.115,0.0,0,0,0,0,0,0,1,0.0,0,0,0.0,0,0,90,90,0,1,0,0.565,13,0.529,9,17,0.565,13,23,23,0,0,0,0,0,0,0,0,0.0,0,0,0,0,0,0,0,1,0,0,0,0,0.75,4,3,0,0,9,60,8
DFB-Pokal,1/32 FINALE,16.08.2025,Cottbus,Hannover,Ospite,Hannover,Neubauer Maurice,Esterno,Titolare,6.4,0,0,0,0,0,0,0.0,2,0,0,0,0,2,0,0.0,0,0,0.0,0,0,0.0,0,0,0.0,0.0,0,0,0,0,0,0,0.038,0.0,0.0,0.582,0.0,0,4,0,0,0,1,0,0,-0.418,-0.418,0.0,0,0,0,1,0,0,0,0.0,0,0,0.0,0,0,45,45,0,0,0,0.929,13,1.0,7,7,0.923,12,13,14,0,0,0,0,0,0,0,0,0.0,0,0,0,0,0,0,0,1,0,0,0,0,0.0,0,0,0,0,0,24,1
DFB-Pokal,1/32 FINALE,16.08.2025,Cottbus,Hannover,Ospite,Hannover,Yokota Daisuke,Attaccante,Subentrato,6.5,0,1,0,0,0,0,0.0,2,0,0,0,0,0,0,0.0,0,1,0.0,2,0,1.0,1,1,0.429,0.333,6,2,7,3,0,0,0.049,0.0,0.0,0.303,0.0,0,4,1,1,0,0,0,0,0.303,0.303,0.0,0,0,0,0,0,0,1,0.0,0,0,1.0,2,2,45,45,0,0,0,0.852,23,0.75,12,16,0.852,23,27,27,0,0,0,0,0,0,0,0,0.0,0,0,0,0,0,0,0,0,0,0,0,0,1.0,1,1,0,0,2,35,2
DFB-Pokal,1/32 FINALE,16.08.2025,Cottbus,Hannover,Ospite,Hannover,Oudenne Kolja,Centrocampista,Subentrato,6.6,0,6,0,0,0,0,0.0,2,0,0,0,0,0,0,0.0,0,1,0.0,1,0,0.0,0,0,0.75,0.75,4,3,4,3,0,0,0.055,0.104,0.049,0.303,0.0,0,4,0,3,0,0,0,0,0.303,0.303,0.0,0,0,0,0,0,0,0,0.0,0,0,1.0,1,1,45,45,0,0,0,0.895,17,0.846,11,13,0.895,17,19,19,0,0,0,0,0,0,0,0,0.0,0,0,0,0,0,2,1,0,0,1,2,3,0.0,0,0,0,0,4,34,0
DFB-Pokal,1/32 FINALE,16.08.2025,Cottbus,Hannover,Ospite,Hannover,Pichler Benedikt,Attaccante,Titolare,6.4,0,0,0,0,0,0,0.0,0,0,0,0,0,0,0,0.0,0,0,0.0,0,0,0.0,2,0,0.5,1.0,2,2,4,2,0,0,0.005,0.098,0.393,0.582,0.0,0,1,0,2,0,1,0,0,-0.418,-0.418,0.0,0,0,0,0,0,0,0,0.667,2,3,0.0,0,0,71,71,0,2,0,0.778,7,0.6,3,5,0.714,5,7,9,0,0,0,1,0,0,0,0,0.0,0,0,0,0,0,1,0,1,0,0,1,1,0.0,0,0,0,0,6,15,1
DFB-Pokal,1/32 FINALE,16.08.2025,Cottbus,Hannover,Ospite,Hannover,Aseko-Nkili Noel,Centrocampista,Titolare,6.1,0,2,0,0,0,0,0.0,5,0,1,0,0,2,0,0.0,0,0,0.667,3,2,1.0,1,1,0.526,0.5,18,9,19,10,0,0,0.043,0.153,0.248,0.885,0.0,0,4,4,3,0,1,0,0,-0.115,-0.115,0.0,0,0,0,1,0,0,0,0.0,0,0,0.0,0,2,90,90,0,0,0,0.75,24,0.455,5,11,0.75,24,32,32,0,0,0,0,0,0,0,0,0.0,0,0,0,0,1,1,1,1,0,0,1,2,0.5,4,2,0,0,3,57,5
DFB-Pokal,1/32 FINALE,16.08.2025,Cottbus,Hannover,Ospite,Hannover,Noll Nahuel,Portiere,Titolare,6.3,0,13,0,0,0,0,0.0,0,0,0,0,0,1,0,0.0,0,0,0.0,0,0,0.0,0,0,0.0,0.0,0,0,0,0,0,0,0.002,0.0,0.0,0.885,0.0,0,6,0,0,0,1,0,0,-0.115,-0.115,0.0,0,0,0,0,2,2,0,0.0,0,0,0.273,3,11,90,90,0,0,0,0.804,37,0.167,1,6,0.846,33,39,46,0,0,0,0,0,0,0,0,0.0,0,0,0,1,0,0,0,2,0,0,0,0,0.0,0,0,0,0,0,50,0
DFB-Pokal,1/32 FINALE,16.08.2025,Cottbus,Hannover,Ospite,Hannover,Okon Ime,Difensore centrale,Titolare,6.6,0,2,0,0,0,0,0.0,0,0,1,0,0,2,0,0.0,0,0,0.0,0,0,0.625,8,5,0.667,0.75,4,3,12,8,0,0,0.013,0.0,0.0,0.885,0.0,0,8,1,2,0,1,0,0,-0.115,-0.115,0.0,0,0,0,1,0,0,0,0.0,0,0,0.0,0,3,90,90,0,0,0,0.852,52,0.667,8,12,0.85,51,60,61,0,0,0,0,0,0,0,0,0.0,0,0,0,0,0,0,0,1,0,0,0,0,1.0,1,1,0,0,1,78,2
DFB-Pokal,1/32 FINALE,16.08.2025,Cottbus,Hannover,Ospite,Hannover,Tomiak Boris,Difensore centrale,Titolare,6.6,0,5,0,1,0,0,0.0,1,0,1,0,1,2,0,0.0,0,0,1.0,1,1,0.667,3,2,0.6,0.571,7,4,10,6,0,0,0.021,0.951,0.746,0.885,0.0,0,9,1,2,0,1,0,0,-0.115,-0.115,0.0,0,0,0,3,0,0,0,0.0,0,0,0.8,8,10,90,90,0,0,0,0.916,76,0.583,7,12,0.921,70,76,83,0,1,0,0,0,0,0,0,0.0,0,0,0,0,0,3,0,1,0,1,2,3,1.0,1,1,0,0,5,99,1
DFB-Pokal,1/32 FINALE,16.08.2025,Cottbus,Hannover,Ospite,Hannover,Kallman Benjamin,Attaccante,Subentrato,6.5,0,0,0,0,0,0,0.0,0,0,0,0,0,0,0,0.0,0,0,0.0,1,0,0.333,3,1,0.25,0.0,1,0,4,1,0,0,0.06,0.0,0.0,0.303,0.0,0,0,0,0,0,0,0,0,0.303,0.303,0.0,0,0,0,0,0,0,1,0.0,0,0,0.0,0,0,20,19,0,1,0,0.667,2,0.5,1,2,0.667,2,3,3,0,0,0,0,0,0,0,0,0.0,0,0,0,0,0,0,0,0,0,0,0,0,0.0,0,0,0,0,3,4,0
DFB-Pokal,1/32 FINALE,16.08.2025,Cottbus,Hannover,Ospite,Hannover,Matsuda Hayate,Esterno,Titolare,5.4,0,3,0,0,0,0,0.0,6,0,0,0,3,2,0,0.0,0,1,0.0,1,0,0.0,1,0,0.2,0.222,9,2,10,2,0,0,0.04,0.022,0.0,0.885,0.0,0,8,0,1,0,1,0,0,-0.115,-0.115,0.0,0,0,0,0,0,0,1,0.0,0,0,0.5,1,2,90,90,0,0,0,0.784,29,0.813,13,16,0.784,29,37,37,0,0,0,0,0,0,0,0,0.0,0,0,0,0,2,0,2,1,0,0,0,2,0.0,1,0,0,0,1,68,9
DFB-Pokal,1/32 FINALE,16.08.2025,Cottbus,Hannover,Ospite,Hannover,Leopold Enzo,Centrocampista,Titolare,7.2,0,4,0,0,0,0,0.0,7,0,0,0,1,1,0,0.0,0,7,0.0,2,0,0.75,4,3,0.615,0.556,9,5,13,8,0,0,0.033,0.131,0.0,0.885,0.0,0,10,1,0,0,1,0,0,-0.115,-0.115,0.0,0,0,0,0,0,0,0,0.0,0,0,1.0,3,3,90,90,0,0,2,0.917,66,0.75,12,16,0.913,63,69,72,0,0,0,0,0,0,0,0,0.0,0,0,0,0,1,0,2,1,0,1,0,2,0.6,5,3,0,0,0,97,3
DFB-Pokal,1/32 FINALE,16.08.2025,Cottbus,Hannover,Ospite,Hannover,Ghita Virgil,Difensore centrale,Titolare,7.3,0,4,0,0,0,0,0.0,1,0,0,0,0,3,0,0.0,0,1,0.0,0,0,0.75,4,3,0.833,1.0,2,2,6,5,0,0,0.018,0.03,0.0,0.885,0.0,0,13,0,0,0,1,0,0,-0.115,-0.115,0.0,0,0,0,0,0,0,0,0.0,0,0,0.5,4,8,90,90,0,1,0,0.853,64,0.688,11,16,0.847,61,72,75,0,0,0,0,0,0,0,0,0.0,0,0,0,0,1,1,0,1,1,0,0,1,1.0,2,2,0,0,1,84,0
DFB-Pokal,1/32 FINALE,16.08.2025,Cottbus,Hannover,Ospite,Hannover,Rochelt Jannik,Centrocampista offensivo,Titolare,6.3,0,1,0,0,0,0,0.0,3,0,0,0,0,0,0,0.0,0,2,0.0,1,0,0.0,0,0,0.333,0.333,3,1,3,1,0,0,0.018,0.0,0.0,0.582,0.0,0,0,0,1,0,1,0,0,-0.418,-0.418,0.0,0,0,0,2,0,0,0,0.0,0,0,0.0,0,0,45,45,0,0,0,0.667,8,0.667,4,6,0.667,8,12,12,0,0,0,0,0,0,0,0,0.0,0,0,0,0,0,0,0,1,0,0,0,0,0.0,0,0,0,0,2,21,2
DFB-Pokal,1/32 FINALE,16.08.2025,Cottbus,Hannover,Casa,Cottbus,Awortwie-Grant Nyamekye,Difensore centrale,Titolare,8.3,0,1,0,0,0,0,0.0,0,0,0,0,0,10,1,0.0,0,0,0.0,0,0,1.0,3,3,1.0,1.0,1,1,4,4,0,0,0.001,0.0,0.0,1.436,0.0,0,5,0,1,0,0,0,0,1.436,0.755,0.0,0,0,0,3,0,0,0,0.0,0,0,0.5,2,4,90,90,0,0,2,0.739,17,0.333,2,6,0.737,14,19,23,0,0,0,0,0,0,0,0,0.0,0,0,0,0,0,0,0,0,0,0,0,0,0.0,0,0,0,0,0,40,0
DFB-Pokal,1/32 FINALE,16.08.2025,Cottbus,Hannover,Casa,Cottbus,Hofmann Jonas,Centrocampista,Titolare,6.5,0,2,0,0,0,0,0.0,1,0,0,0,0,0,0,0.0,0,1,0.0,0,0,0.25,4,1,0.4,0.5,6,3,10,4,0,0,0.014,0.0,0.0,1.37,0.0,0,2,3,1,0,0,0,0,1.37,0.69,0.0,0,0,0,1,0,0,0,0.0,0,0,0.0,0,2,67,67,0,0,1,0.75,6,0.667,2,3,0.75,6,8,8,0,0,0,0,0,0,0,0,0.0,0,0,0,0,0,0,0,0,0,0,0,0,0.5,2,1,0,0,0,15,0
DFB-Pokal,1/32 FINALE,16.08.2025,Cottbus,Hannover,Casa,Cottbus,Engelhardt Erik,Attaccante,Titolare,7.0,1,4,0,0,0,0,0.0,1,0,0,0,0,0,0,0.0,0,1,1.0,2,2,0.0,3,0,0.4,0.5,12,6,15,6,0,0,0.07,0.0,0.0,1.436,0.0,0,3,4,1,0,0,0,0,1.436,0.755,0.0,0,0,0,0,0,0,2,0.0,0,0,0.0,0,3,77,77,0,0,0,0.6,9,0.545,6,11,0.571,8,14,15,0,0,0,0,0,0,0,0,0.0,0,0,0,0,0,0,0,0,0,0,0,0,0.667,3,2,0,0,3,30,3
DFB-Pokal,1/32 FINALE,16.08.2025,Cottbus,Hannover,Casa,Cottbus,Cigerci Tolcay,Ala,Titolare,7.0,0,6,0,0,0,0,0.0,2,0,0,0,0,0,0,0.0,0,0,0.0,2,0,0.0,4,0,0.0,0.0,9,0,13,0,0,0,0.065,0.135,0.582,1.436,0.0,0,3,2,0,1,0,0,0,1.436,0.755,0.0,0,0,0,0,0,0,2,0.0,0,0,0.0,0,0,90,90,0,0,0,0.833,20,0.786,11,14,0.826,19,23,24,0,0,0,0,0,0,0,0,0.0,0,0,0,0,1,2,0,0,0,0,1,2,0.0,0,0,0,0,2,38,5
DFB-Pokal,1/32 FINALE,16.08.2025,Cottbus,Hannover,Casa,Cottbus,Tattermusch Ted,Attaccante,Subentrato,6.6,0,1,0,0,0,0,0.0,0,0,0,0,0,0,0,0.0,0,0,0.0,0,0,0.5,2,1,0.5,0.5,2,1,4,2,0,0,0.001,0.034,0.0,0.065,0.0,0,0,0,1,0,0,0,0,0.065,0.065,0.0,0,0,0,0,0,0,0,0.0,0,0,0.0,0,3,24,23,0,1,1,0.333,2,0.0,0,1,0.333,2,6,6,0,0,0,0,0,0,0,0,0.0,0,0,0,0,1,0,1,0,0,0,0,1,0.0,0,0,0,0,0,11,2
DFB-Pokal,1/32 FINALE,16.08.2025,Cottbus,Hannover,Casa,Cottbus,Pelivan Dominik,Centrocampista,Titolare,5.7,0,3,0,0,0,0,0.0,1,0,0,0,0,1,0,0.0,0,0,0.0,0,0,1.0,1,1,0.5,0.444,9,4,10,5,0,0,0.003,0.0,0.0,1.436,0.0,0,2,3,1,0,0,0,0,1.436,0.755,0.0,0,0,0,2,0,0,0,0.0,0,0,0.333,2,6,90,90,0,0,1,0.667,16,0.5,2,4,0.636,14,22,24,1,0,0,0,0,0,0,0,0.0,0,0,0,0,0,0,0,0,0,0,0,0,0.0,3,0,0,0,0,40,3
DFB-Pokal,1/32 FINALE,16.08.2025,Cottbus,Hannover,Casa,Cottbus,Boziaris Jannis,Centrocampista,Subentrato,6.3,0,1,0,0,0,0,0.0,1,0,1,0,2,0,0,0.0,0,0,0.0,0,0,0.0,0,0,0.0,0.0,4,0,4,0,0,0,0.002,0.0,0.0,0.065,0.0,0,2,1,0,0,0,0,0,0.065,0.065,0.0,0,0,0,0,0,0,0,0.0,0,0,0.0,0,0,24,23,0,0,0,0.5,1,0.5,1,2,0.5,1,2,2,0,0,0,0,0,0,0,0,0.0,0,0,0,0,0,0,0,0,0,0,0,0,0.0,0,0,0,0,0,3,1
DFB-Pokal,1/32 FINALE,16.08.2025,Cottbus,Hannover,Casa,Cottbus,Campulka Tim,Difensore centrale,Titolare,6.6,0,2,0,0,0,0,0.0,0,0,1,0,2,7,0,0.0,0,0,0.0,0,0,1.0,2,2,0.625,0.5,6,3,8,5,0,0,0.003,0.016,0.0,1.436,0.0,0,0,1,1,0,0,0,0,1.436,0.755,0.0,0,0,0,0,0,0,0,0.0,0,0,1.0,2,2,90,90,0,0,0,0.8,20,1.0,1,1,0.792,19,24,25,0,0,0,0,0,0,0,0,0.0,0,0,0,0,0,1,0,0,1,1,0,1,0.5,2,1,0,0,1,37,0
DFB-Pokal,1/32 FINALE,16.08.2025,Cottbus,Hannover,Casa,Cottbus,Borgmann Axel,Centrocampista,Titolare,7.4,0,3,0,0,0,0,0.0,2,0,1,0,2,2,0,0.0,0,2,1.0,1,1,0.0,2,0,0.588,0.667,15,10,17,10,0,0,0.004,0.0,0.0,1.436,0.0,0,3,1,2,0,0,0,0,1.436,0.755,0.0,0,0,0,1,0,0,0,0.0,0,0,1.0,1,1,90,90,0,0,1,0.706,12,0.6,3,5,0.706,12,17,17,0,0,0,0,0,0,0,0,0.0,0,0,0,0,0,0,0,0,0,0,0,0,0.857,7,6,0,0,2,41,3
DFB-Pokal,1/32 FINALE,16.08.2025,Cottbus,Hannover,Casa,Cottbus,Guwara Leon,Terzino,Titolare,6.8,0,4,0,0,0,0,0.0,1,0,0,0,1,3,0,0.0,0,0,0.0,0,0,0.667,3,2,0.571,0.5,4,2,7,4,0,0,0.016,0.031,0.303,1.436,0.0,0,3,1,0,0,0,0,0,1.436,0.755,0.0,0,0,0,0,0,0,0,0.0,0,0,0.5,3,6,90,90,0,0,0,0.667,18,0.857,6,7,0.654,17,26,27,0,0,0,0,0,0,0,0,0.0,0,0,0,0,0,1,0,0,0,0,1,1,1.0,2,2,0,0,1,50,1
DFB-Pokal,1/32 FINALE,16.08.2025,Cottbus,Hannover,Casa,Cottbus,Sebald Alexander,Portiere,Titolare,8.8,0,10,0,0,1,0,0.0,2,0,1,0,0,1,0,0.0,0,0,0.0,0,0,0.0,0,0,0.0,0.0,0,0,0,0,0,0,0.003,0.0,0.0,1.436,0.0,0,18,0,0,0,0,0,0,1.436,0.755,0.0,0,0,0,0,0,0,0,0.0,0,0,0.222,10,45,90,90,0,0,0,0.255,12,0.167,3,18,0.222,6,27,47,0,0,1,0,0,0,0,0,0.0,0,0,0,6,0,0,0,6,0,0,0,0,0.0,0,0,0,0,0,56,0
DFB-Pokal,1/32 FINALE,16.08.2025,Cottbus,Hannover,Casa,Cottbus,Rorig Henry,Terzino,Titolare,7.9,0,6,0,0,0,0,0.0,7,0,0,0,1,4,0,0.0,0,5,0.0,0,0,0.0,1,0,0.833,0.909,11,10,12,10,0,0,0.006,0.0,0.0,1.436,0.0,0,2,0,1,0,0,0,0,1.436,0.755,0.0,0,0,0,0,0,0,0,0.0,0,0,0.333,1,3,90,90,0,0,0,0.714,15,0.333,2,6,0.722,13,18,21,0,0,0,0,0,0,0,0,0.0,0,0,0,0,0,0,0,0,0,0,0,0,0.667,9,6,0,0,0,47,0
DFB-Pokal,1/32 FINALE,16.08.2025,Cottbus,Hannover,Casa,Cottbus,Moustfa Can,Centrocampista,Subentrato,6.5,0,3,0,0,0,0,0.0,0,0,0,0,0,0,0,0.0,0,0,0.5,2,1,0.0,2,0,0.5,0.667,6,4,8,4,0,0,0.009,0.0,0.0,0.0,0.0,0,0,1,2,0,0,0,0,0.0,0.0,0.0,0,0,0,0,0,0,0,0.0,0,0,0.0,0,0,14,13,0,0,0,0.8,4,1.0,2,2,0.8,4,5,5,0,0,0,0,0,0,0,0,0.0,0,0,0,0,0,0,0,0,0,0,0,0,1.0,1,1,0,0,0,11,1
DFB-Pokal,1/32 FINALE,16.08.2025,Cottbus,Hannover,Casa,Cottbus,Butler Justin,Ala,Titolare,6.2,0,2,0,0,0,0,0.0,2,0,0,0,0,0,0,0.0,0,1,0.333,3,1,1.0,2,2,0.556,0.429,7,3,9,5,0,0,0.005,0.0,0.0,1.37,0.0,0,1,1,0,0,0,0,0,1.37,0.69,0.0,0,0,0,0,0,0,0,0.0,0,0,0.0,0,1,67,67,0,0,0,0.333,4,0.286,2,7,0.333,4,12,12,0,0,0,0,0,0,0,0,0.0,0,0,0,0,0,0,0,0,0,0,0,0,1.0,2,2,0,0,3,27,6
DFB-Pokal,1/32 FINALE,16.08.2025,Lotte,Friburgo,Ospite,Friburgo,Beste Jan-Niklas,Centrocampista,Subentrato,6.4,0,0,0,0,0,0,0.0,4,0,0,0,0,0,0,0.25,1,4,0.5,2,1,0.0,0,0,0.5,0.5,2,1,2,1,0,0,0.064,0.0,0.0,0.0,0.0,0,0,0,0,0,0,0,0,0.0,0.0,0.0,0,0,0,0,0,0,0,0.0,0,0,1.0,1,1,13,12,0,0,0,1.0,5,1.0,1,1,1.0,5,5,5,0,0,0,0,0,0,0,0,0.0,0,0,0,0,0,0,0,0,0,0,0,0,0.0,0,0,0,0,0,11,0
DFB-Pokal,1/32 FINALE,16.08.2025,Lotte,Friburgo,Ospite,Friburgo,Makengo Jordy,Difensore,Subentrato,6.3,0,1,0,0,0,0,0.0,0,0,0,0,1,0,0,0.0,0,0,0.0,0,0,0.0,0,0,0.0,0.0,1,0,1,0,0,0,0.002,0.0,0.0,0.0,0.0,0,0,0,0,0,0,0,0,0.0,0.0,0.0,0,0,0,0,0,0,0,0.0,0,0,0.0,0,0,13,12,0,0,0,1.0,9,1.0,2,2,1.0,9,9,9,0,0,0,0,0,0,0,0,0.0,0,0,0,0,0,0,0,0,0,0,0,0,0.0,0,0,0,0,0,10,0
DFB-Pokal,1/32 FINALE,16.08.2025,Lotte,Friburgo,Ospite,Friburgo,Scherhant Derry,Attaccante,Subentrato,6.4,0,1,0,0,0,0,0.0,0,0,0,0,0,0,0,0.0,0,0,0.0,1,0,0.0,0,0,0.5,0.5,4,2,4,2,0,0,0.005,0.0,0.0,0.0,0.0,0,0,1,2,0,0,0,0,0.0,0.0,0.0,0,0,0,0,0,0,0,0.0,0,0,0.0,0,0,29,28,0,0,0,1.0,5,1.0,2,2,1.0,5,5,5,0,0,0,0,0,0,0,0,0.0,0,0,0,0,0,0,0,0,0,0,0,0,0.0,0,0,0,0,0,9,1
DFB-Pokal,1/32 FINALE,16.08.2025,Lotte,Friburgo,Casa,Lotte,Demaj Leon,Attaccante,Titolare,5.4,0,5,0,0,0,0,0.0,1,0,1,0,0,1,0,0.5,1,2,1.0,2,2,0.0,1,0,0.25,0.286,7,2,8,2,0,0,0.049,0.022,0.0,1.27,0.0,0,0,4,0,0,2,0,0,-0.73,-0.73,0.0,0,0,0,0,0,0,0,0.0,0,0,1.0,2,2,78,78,0,0,0,0.615,8,0.5,1,2,0.5,5,10,13,0,0,0,0,0,0,0,0,0.0,0,0,0,0,0,0,1,2,0,1,0,1,0.0,0,0,0,0,0,22,3
DFB-Pokal,1/32 FINALE,16.08.2025,Lotte,Friburgo,Ospite,Friburgo,Kubler Lukas,Terzino,Titolare,7.7,0,1,0,0,0,0,0.0,2,0,0,0,0,0,0,0.0,0,1,0.0,0,0,1.0,1,1,1.0,1.0,4,4,5,5,0,0,0.031,0.0,0.0,0.0,0.0,0,13,0,4,0,0,0,0,0.0,0.0,0.0,0,0,0,0,0,0,0,0.0,0,0,0.8,8,10,90,90,0,0,0,0.94,47,0.85,17,20,0.938,45,48,50,0,0,0,0,0,0,0,0,0.0,0,0,0,0,0,0,0,0,0,0,0,0,0.0,0,0,0,0,0,70,1
DFB-Pokal,1/32 FINALE,16.08.2025,Lotte,Friburgo,Casa,Lotte,Ruth Fabian,Difensore centrale,Titolare,6.3,0,1,0,0,0,0,0.0,2,0,1,0,0,8,0,0.0,0,0,0.0,0,0,0.0,0,0,0.4,0.4,5,2,5,2,0,0,0.002,0.0,0.0,1.27,0.0,0,1,3,0,0,2,0,0,-0.73,-0.73,0.0,0,0,0,0,0,0,0,0.0,0,0,0.0,0,1,90,90,0,0,3,0.375,3,0.5,1,2,0.429,3,7,8,0,0,0,0,0,0,0,0,0.0,0,0,0,0,0,0,0,2,0,0,0,0,0.5,2,1,0,0,0,26,1
DFB-Pokal,1/32 FINALE,16.08.2025,Lotte,Friburgo,Casa,Lotte,Krasniqi Kamer,Centrocampista,Titolare,5.6,0,3,0,0,0,0,0.0,1,0,0,0,1,5,0,0.0,0,1,1.0,1,1,0.0,0,0,0.5,0.5,4,2,4,2,0,0,0.0,0.029,0.0,1.27,0.0,0,1,1,1,0,2,0,0,-0.73,-0.73,0.0,0,0,0,0,0,0,0,0.0,0,0,0.0,0,1,72,72,0,0,0,0.429,3,0.0,0,1,0.429,3,7,7,0,0,0,0,0,0,0,0,0.0,0,0,0,0,1,0,1,2,0,0,0,1,0.0,0,0,0,0,0,18,1
DFB-Pokal,1/32 FINALE,16.08.2025,Lotte,Friburgo,Ospite,Friburgo,Gunter Christian,Terzino,Titolare,7.5,0,0,1,0,0,0,0.0,9,0,0,0,0,1,0,0.222,2,9,0.0,0,0,0.0,0,0,1.0,1.0,1,1,1,1,0,0,0.111,0.0,0.0,0.0,0.0,0,3,0,1,0,0,0,0,0.0,0.0,0.0,0,0,0,1,0,0,2,0.0,0,0,0.5,1,2,78,78,0,1,0,0.938,30,0.778,7,9,0.938,30,32,32,0,0,0,0,0,0,0,0,0.0,0,0,0,0,0,0,0,0,0,0,0,0,0.0,0,0,0,0,0,54,1
DFB-Pokal,1/32 FINALE,16.08.2025,Lotte,Friburgo,Ospite,Friburgo,Grifo Vincenzo,Centrocampista,Titolare,7.1,0,1,0,0,0,0,0.0,6,0,0,0,0,0,0,0.0,0,1,0.0,1,0,0.0,0,0,0.5,0.5,2,1,2,1,0,0,0.05,0.091,0.0,0.0,0.0,0,7,0,1,0,0,0,0,0.0,0.0,0.0,0,0,0,0,0,0,1,0.0,0,0,0.8,4,5,62,62,0,0,0,0.884,38,0.833,15,18,0.905,38,42,43,0,0,0,0,0,0,0,0,0.0,0,0,0,0,1,0,2,0,0,1,0,2,0.0,0,0,0,0,0,51,0
DFB-Pokal,1/32 FINALE,16.08.2025,Lotte,Friburgo,Casa,Lotte,Kerkemeyer Luca,Esterno,Titolare,6.4,0,0,0,0,0,0,0.0,5,0,0,0,2,3,0,0.0,0,2,0.0,0,0,0.333,3,1,0.5,0.556,9,5,12,6,0,0,0.01,0.0,0.0,1.27,0.0,0,5,1,0,0,2,0,0,-0.73,-0.73,0.0,0,0,0,0,0,0,0,0.0,0,0,0.0,0,4,90,90,0,0,0,0.273,3,0.2,1,5,0.273,3,11,11,0,0,0,0,0,0,0,0,0.0,0,0,0,0,0,0,0,2,0,0,0,0,1.0,5,5,0,0,1,33,2
DFB-Pokal,1/32 FINALE,16.08.2025,Lotte,Friburgo,Ospite,Friburgo,Ginter Matthias,Difensore centrale,Titolare,8.2,0,3,0,1,0,0,0.0,0,0,0,0,0,5,0,0.0,0,0,0.0,0,0,0.0,0,0,1.0,1.0,2,2,2,2,0,0,0.056,0.074,0.072,0.0,0.0,0,23,0,2,0,0,0,0,0.0,0.0,0.0,0,0,0,0,0,0,1,0.0,0,0,0.833,10,12,90,90,0,0,0,0.948,110,0.786,22,28,0.946,105,111,116,0,0,0,0,0,0,0,0,0.0,0,0,0,0,0,2,0,0,2,1,1,2,0.0,0,0,0,0,7,127,0
DFB-Pokal,1/32 FINALE,16.08.2025,Lotte,Friburgo,Casa,Lotte,Meyer Ron,Portiere,Titolare,6.0,0,4,0,0,1,0,0.0,2,0,0,0,0,0,0,0.0,0,0,0.0,0,0,0.0,0,0,0.0,0.0,0,0,0,0,0,0,0.011,0.0,0.0,1.27,0.0,0,5,0,0,0,2,0,0,-0.73,-0.73,0.0,0,0,0,0,0,2,0,0.0,0,0,0.294,5,17,90,90,0,0,0,0.4,8,0.4,2,5,0.333,1,3,20,0,0,0,0,0,0,0,0,0.0,0,0,0,1,0,0,0,3,0,0,0,0,0.0,0,0,0,0,0,23,0
DFB-Pokal,1/32 FINALE,16.08.2025,Lotte,Friburgo,Ospite,Friburgo,Osterhage Patrick,Centrocampista,Titolare,6.7,0,2,0,0,0,0,0.0,1,0,1,0,0,0,0,0.0,0,1,0.0,1,0,0.0,1,0,0.0,0.0,2,0,3,0,0,0,0.087,0.027,0.0,0.0,0.0,0,10,1,0,0,0,0,0,0.0,0.0,0.0,0,0,0,0,0,0,1,0.0,0,0,0.0,0,1,62,62,0,0,0,0.882,45,0.857,18,21,0.882,45,51,51,0,0,0,0,0,0,0,0,0.0,0,0,0,0,1,0,1,0,0,0,0,1,0.0,0,0,0,0,1,58,3
DFB-Pokal,1/32 FINALE,16.08.2025,Lotte,Friburgo,Casa,Lotte,Holzweiler Kevin,Centrocampista,Subentrato,6.1,0,3,0,0,0,0,0.0,1,0,0,0,0,1,0,0.0,0,0,0.0,1,0,0.0,0,0,0.0,0.0,3,0,3,0,0,0,0.011,0.0,0.0,0.713,0.0,0,1,2,0,0,1,0,0,-0.287,-0.287,0.0,0,0,0,0,0,0,0,0.0,0,0,1.0,1,1,27,26,0,0,0,1.0,3,1.0,1,1,1.0,3,3,3,0,0,0,0,0,0,0,0,0.0,0,0,0,0,0,0,0,1,0,0,0,0,0.0,0,0,0,0,0,5,0
DFB-Pokal,1/32 FINALE,16.08.2025,Lotte,Friburgo,Ospite,Friburgo,Lienhart Philipp,Difensore centrale,Titolare,8.5,0,4,0,0,0,0,0.0,12,0,0,0,0,3,0,0.0,0,1,0.0,0,0,0.5,2,1,0.5,0.0,0,0,2,1,0,0,0.093,0.0,0.0,0.0,0.0,0,38,0,0,0,0,0,0,0.0,0.0,0.0,0,0,0,0,0,0,0,0.0,0,0,0.444,4,9,90,90,0,0,0,0.941,128,0.81,34,42,0.941,128,136,136,0,0,0,0,0,0,0,0,0.0,0,0,0,0,0,0,0,0,0,0,0,0,0.0,0,0,0,0,0,151,0
DFB-Pokal,1/32 FINALE,16.08.2025,Lotte,Friburgo,Casa,Lotte,Heider Marc,Attaccante,Subentrato,6.3,0,0,0,0,0,0,0.0,0,0,0,0,0,1,0,0.0,0,0,0.0,0,0,0.0,0,0,0.0,0.0,0,0,0,0,0,0,0.0,0.0,0.0,0.0,0.0,0,1,0,0,0,0,0,0,0.0,0.0,0.0,0,0,0,0,0,0,0,0.0,0,0,0.0,0,1,19,18,0,0,0,0.0,0,0.0,0,1,0.0,0,1,1,0,0,0,0,0,0,0,0,0.0,0,0,0,0,0,0,0,0,0,0,0,0,0.0,0,0,0,0,0,2,0
DFB-Pokal,1/32 FINALE,16.08.2025,Lotte,Friburgo,Ospite,Friburgo,Dinkci Eren,Ala,Titolare,8.1,0,6,1,0,0,0,0.0,7,0,0,0,1,1,0,0.25,1,4,0.0,6,0,0.5,2,1,0.333,0.3,10,3,12,4,0,0,0.205,0.142,0.557,0.0,0.0,0,2,1,1,1,0,0,0,0.0,0.0,0.0,0,0,0,0,0,0,1,0.0,0,0,0.333,1,3,78,78,0,0,0,0.711,27,0.556,10,18,0.711,27,38,38,0,0,0,0,0,0,0,0,0.0,0,0,0,0,2,1,3,0,0,1,1,4,1.0,2,2,0,0,4,65,5
DFB-Pokal,1/32 FINALE,16.08.2025,Lotte,Friburgo,Casa,Lotte,Santos,Difensore,Subentrato,6.4,0,0,0,0,0,0,0.0,0,0,0,0,0,0,0,0.0,0,0,0.0,0,0,0.0,0,0,1.0,1.0,1,1,1,1,0,0,0.0,0.0,0.0,0.0,0.0,0,0,0,0,0,0,0,0,0.0,0.0,0.0,0,0,0,0,0,0,0,0.0,0,0,0.0,0,0,13,12,0,0,0,0.0,0,0.0,0,0,0.0,0,0,0,0,0,0,0,0,0,0,0,0.0,0,0,0,0,0,0,0,0,0,0,0,0,1.0,1,1,0,0,0,1,0
DFB-Pokal,1/32 FINALE,16.08.2025,Lotte,Friburgo,Casa,Lotte,Ciccarelli Nazzareno,Attaccante,Subentrato,6.4,0,1,0,0,0,0,0.0,0,0,1,0,0,0,0,0.0,0,0,0.0,0,0,0.0,0,0,0.667,0.667,3,2,3,2,0,0,0.001,0.0,0.0,0.0,0.0,0,1,1,0,0,0,0,0,0.0,0.0,0.0,0,0,0,0,0,0,0,0.0,0,0,0.0,0,0,13,12,0,0,0,0.667,2,1.0,1,1,0.667,2,3,3,0,0,0,0,0,0,0,0,0.0,0,0,0,0,0,0,0,0,0,0,0,0,0.5,2,1,0,0,0,5,0
DFB-Pokal,1/32 FINALE,16.08.2025,Lotte,Friburgo,Casa,Lotte,Uzelac Franko,Difensore centrale,Titolare,6.1,0,0,0,0,0,0,0.0,2,0,0,0,0,16,0,0.0,0,0,0.0,0,0,0.0,0,0,0.0,0.0,0,0,0,0,0,0,0.009,0.0,0.0,1.27,0.0,0,3,0,0,0,2,0,0,-0.73,-0.73,0.0,0,0,0,0,0,0,0,0.0,0,0,0.0,0,2,90,90,0,0,1,0.417,5,0.143,1,7,0.455,5,11,12,0,0,0,0,0,0,0,0,0.0,0,0,0,0,0,0,0,2,0,0,0,0,0.0,0,0,0,0,1,31,0
DFB-Pokal,1/32 FINALE,16.08.2025,Lotte,Friburgo,Ospite,Friburgo,Rohl Merlin,Centrocampista,Subentrato,,0,0,0,0,0,0,0.0,0,0,0,0,0,0,0,0.0,0,0,0.0,0,0,0.0,0,0,1.0,1.0,1,1,1,1,0,0,0.002,0.0,0.0,0.0,0.0,0,0,0,1,0,0,0,0,0.0,0.0,0.0,0,0,0,0,0,0,0,0.0,0,0,0.0,0,0,6,5,0,0,0,1.0,3,1.0,2,2,1.0,3,3,3,0,0,0,0,0,0,0,0,0.0,0,0,0,0,0,0,0,0,0,0,0,0,0.0,0,0,0,0,0,4,0
DFB-Pokal,1/32 FINALE,16.08.2025,Lotte,Friburgo,Ospite,Friburgo,Holer Lucas,Ala,Titolare,7.5,0,3,0,0,0,0,0.0,0,0,0,0,0,0,0,0.0,0,0,0.0,0,0,0.5,2,1,0.5,0.0,0,0,2,1,0,0,0.039,0.082,0.642,0.0,0.0,0,1,0,0,1,0,0,0,0.0,0.0,0.0,0,0,0,1,0,0,1,1.0,2,2,1.0,2,2,90,90,0,0,0,0.857,24,0.769,10,13,0.852,23,27,28,0,0,0,0,0,0,0,0,0.0,0,0,0,0,0,1,0,0,0,0,1,1,0.0,0,0,0,0,8,34,0
DFB-Pokal,1/32 FINALE,16.08.2025,Lotte,Friburgo,Casa,Lotte,Milic Denis,Difensore centrale,Titolare,6.2,0,3,0,0,0,0,0.0,0,0,0,0,0,9,0,0.0,0,0,0.0,0,0,0.5,2,1,0.5,0.5,2,1,4,2,0,0,0.001,0.0,0.0,1.27,0.0,0,5,1,1,0,2,0,0,-0.73,-0.73,0.0,0,0,0,3,0,0,0,0.0,0,0,0.0,0,9,90,90,0,0,0,0.375,6,0.4,2,5,0.4,6,15,16,0,0,0,0,0,0,0,0,0.0,0,0,0,0,0,0,0,2,0,0,0,0,0.0,0,0,0,0,0,29,0
DFB-Pokal,1/32 FINALE,16.08.2025,Lotte,Friburgo,Ospite,Friburgo,Eggestein Maximilian,Centrocampista,Titolare,8.0,0,6,0,0,0,0,0.0,1,0,0,0,2,3,0,0.0,0,0,0.5,2,1,0.0,0,0,0.5,0.5,6,3,6,3,0,0,0.083,0.297,0.0,0.0,0.0,0,14,1,1,0,0,0,0,0.0,0.0,0.0,0,0,0,1,0,0,1,0.0,0,0,0.571,4,7,90,90,0,0,1,0.928,90,0.833,25,30,0.926,87,94,97,0,0,0,0,0,0,0,0,0.0,0,0,0,0,2,2,2,0,0,2,0,4,1.0,1,1,0,0,5,112,1
DFB-Pokal,1/32 FINALE,16.08.2025,Lotte,Friburgo,Casa,Lotte,Horn Luca,Centrocampista offensivo,Titolare,6.3,0,0,0,0,0,0,0.0,0,0,0,0,1,2,0,0.0,0,0,0.0,0,0,1.0,1,1,0.4,0.25,4,1,5,2,0,0,0.091,0.0,0.0,0.557,0.0,0,1,1,0,0,1,0,0,-0.443,-0.443,0.0,0,0,0,2,0,0,1,1.0,1,1,0.0,0,0,64,64,0,0,0,0.6,3,0.5,2,4,0.6,3,5,5,0,0,0,0,0,0,0,0,0.0,0,0,0,0,0,0,0,1,0,0,0,0,1.0,1,1,0,0,3,12,1
DFB-Pokal,1/32 FINALE,16.08.2025,Lotte,Friburgo,Ospite,Friburgo,Atubolu Noah,Portiere,Titolare,6.8,0,3,0,0,0,0,0.0,0,0,0,0,0,1,0,0.0,0,0,0.0,0,0,0.0,0,0,0.0,0.0,0,0,0,0,0,0,0.001,0.0,0.0,0.0,0.0,0,1,0,0,0,0,0,0,0.0,0.0,0.0,0,0,0,0,1,0,0,0.0,0,0,0.455,5,11,90,90,0,0,0,0.806,25,0.0,0,1,0.808,21,26,31,0,0,0,0,0,0,0,0,0.0,0,0,0,0,0,0,0,0,0,0,0,0,0.0,0,0,0,0,0,32,0
DFB-Pokal,1/32 FINALE,16.08.2025,Lotte,Friburgo,Casa,Lotte,Kehl Jonas,Esterno,Titolare,6.4,0,4,0,0,0,0,0.0,1,0,0,0,0,2,0,0.0,0,0,1.0,1,1,0.0,0,0,0.8,0.8,5,4,5,4,0,0,0.008,0.0,0.0,1.27,0.0,0,1,1,1,0,2,0,0,-0.73,-0.73,0.0,0,0,0,3,0,0,0,0.0,0,0,0.333,1,3,90,90,0,0,1,0.533,8,0.333,1,3,0.533,8,15,15,0,0,0,0,0,0,0,0,0.0,0,0,0,0,0,0,0,2,0,0,0,0,0.5,2,1,0,0,1,34,3
DFB-Pokal,1/32 FINALE,16.08.2025,Lotte,Friburgo,Ospite,Friburgo,Suzuki Yuito,Attaccante,Subentrato,6.6,0,3,0,0,0,0,0.0,2,0,0,0,0,0,0,0.0,0,1,0.0,0,0,0.0,0,0,0.333,0.333,3,1,3,1,0,0,0.017,0.0,0.0,0.0,0.0,0,2,0,1,0,0,0,0,0.0,0.0,0.0,0,0,0,0,0,0,0,0.0,0,0,0.0,0,0,29,28,0,0,0,0.909,10,1.0,4,4,0.9,9,10,11,0,0,0,0,0,0,0,0,0.0,0,0,0,0,0,0,0,0,0,0,0,0,0.0,0,0,0,0,0,16,2
DFB-Pokal,1/32 FINALE,16.08.2025,Lotte,Friburgo,Ospite,Friburgo,Manzambi Johan,Attaccante,Titolare,8.6,0,4,0,1,0,0,0.0,10,0,0,0,0,0,0,0.6,3,5,0.833,6,5,0.0,0,0,0.765,0.765,17,13,17,13,0,0,0.35,0.693,0.0,0.0,0.0,0,11,0,5,0,0,0,0,0.0,0.0,0.0,0,0,0,2,0,0,1,0.0,0,0,1.0,2,2,85,85,0,0,0,0.897,52,0.815,22,27,0.895,51,57,58,0,0,0,0,0,0,0,0,0.0,0,0,0,0,0,2,1,0,1,3,0,3,0.667,3,2,0,0,3,90,6
DFB-Pokal,1/32 FINALE,16.08.2025,Lotte,Friburgo,Casa,Lotte,Stublla Shkrep,Attaccante,Subentrato,5.9,0,4,0,0,0,0,0.0,1,0,0,0,1,0,0,0.0,0,0,0.0,0,0,0.0,0,0,0.0,0.0,5,0,5,0,0,0,0.0,0.0,0.0,0.713,0.0,0,0,2,0,0,1,0,0,-0.287,-0.287,0.0,0,0,0,1,0,0,0,0.0,0,0,0.0,0,0,45,45,0,0,0,0.5,5,0.0,0,3,0.5,5,10,10,0,0,0,0,0,0,0,0,0.0,0,0,0,0,0,0,0,1,0,0,0,0,0.0,0,0,0,0,1,13,2
DFB-Pokal,1/32 FINALE,16.08.2025,Lotte,Friburgo,Casa,Lotte,Addai Samuel,Centrocampista offensivo,Titolare,6.0,0,1,0,0,0,0,0.0,0,0,1,0,0,0,0,0.0,0,0,0.0,0,0,0.0,0,0,0.5,0.5,2,1,2,1,0,0,0.0,0.0,0.0,0.557,0.0,0,0,1,0,0,1,0,0,-0.443,-0.443,0.0,0,0,0,0,0,0,0,0.0,0,0,0.0,0,0,45,45,0,0,0,0.333,1,0.0,0,1,0.333,1,3,3,0,0,0,0,0,0,0,0,0.0,0,0,0,0,0,0,0,1,0,0,0,0,1.0,1,1,0,0,1,8,1
DFB-Pokal,1/32 FINALE,16.08.2025,Lotte,Friburgo,Casa,Lotte,Klefisch Ben,Centrocampista,Titolare,5.6,0,4,0,0,0,0,0.0,0,0,1,0,2,4,0,0.0,0,0,0.0,0,0,1.0,1,1,0.5,0.4,5,2,6,3,0,0,0.001,0.0,0.0,1.27,0.0,0,3,1,1,0,2,0,0,-0.73,-0.73,0.0,0,0,0,0,0,0,0,0.0,0,0,0.0,0,2,78,78,0,0,0,0.583,7,0.0,0,3,0.583,7,12,12,0,0,0,0,0,0,0,0,0.0,0,0,0,0,0,0,0,2,0,0,0,0,0.0,1,0,0,0,0,19,1
DFB-Pokal,1/32 FINALE,16.08.2025,VfB Lubeck,Darmstadt,Ospite,Darmstadt,Richter Marco,Centrocampista,Titolare,6.7,0,3,0,1,0,0,0.0,4,0,0,0,2,1,0,0.333,1,3,0.0,0,0,1.0,1,1,0.5,0.4,5,2,6,3,0,0,0.174,0.4,0.594,0.155,0.0,0,0,1,1,0,0,0,0,0.155,0.155,0.0,0,0,0,2,0,0,0,0.0,0,0,0.0,0,2,71,71,0,0,0,0.87,20,0.875,7,8,0.87,20,23,23,0,0,0,0,0,0,0,0,0.0,0,0,0,0,0,2,1,0,0,1,2,3,1.0,1,1,0,0,4,45,0
DFB-Pokal,1/32 FINALE,16.08.2025,VfB Lubeck,Darmstadt,Ospite,Darmstadt,Boetius Jean-Paul,Centrocampista,Subentrato,,0,0,0,0,0,0,0.0,0,0,0,0,0,0,0,0.0,0,0,0.0,0,0,0.0,0,0,1.0,1.0,1,1,1,1,0,0,0.005,0.0,0.0,0.0,0.0,0,0,0,1,0,0,0,0,0.0,0.0,0.0,0,0,0,0,0,0,1,0.0,0,0,0.0,0,0,1,1,0,0,0,1.0,4,1.0,4,4,1.0,2,2,4,0,0,0,0,0,0,0,0,0.0,0,0,0,0,0,0,0,0,0,0,0,0,0.0,0,0,0,0,0,5,0
DFB-Pokal,1/32 FINALE,16.08.2025,VfB Lubeck,Darmstadt,Ospite,Darmstadt,Riedel Clemens,Difensore,Subentrato,7.3,1,0,1,0,0,0,0.0,2,0,0,0,0,0,0,1.0,1,1,0.0,0,0,0.0,0,0,0.0,0.0,0,0,0,0,0,0,0.179,0.0,0.0,0.866,0.0,0,4,0,0,0,1,0,0,-0.134,-0.134,0.0,0,0,0,5,0,0,2,0.0,0,0,0.0,0,0,20,19,0,0,0,0.909,10,0.8,4,5,0.909,10,11,11,0,0,0,0,0,0,0,0,0.0,0,0,0,0,0,0,0,1,0,0,0,0,0.0,0,0,0,0,0,19,0
DFB-Pokal,1/32 FINALE,16.08.2025,VfB Lubeck,Darmstadt,Ospite,Darmstadt,Papela Merveille,Centrocampista,Subentrato,6.3,0,1,0,0,0,0,0.0,0,0,0,0,0,0,0,0.0,0,0,0.0,0,0,0.0,1,0,0.0,0.0,1,0,2,0,0,0,0.001,0.0,0.0,0.866,0.0,0,0,0,0,0,1,0,0,-0.134,-0.134,0.0,0,0,0,0,0,0,0,0.0,0,0,0.0,0,0,20,19,0,0,0,0.909,10,0.0,0,0,0.9,9,10,11,0,0,0,0,0,0,0,0,0.0,0,0,0,0,0,0,0,1,0,0,0,0,0.0,0,0,0,0,0,12,1
DFB-Pokal,1/32 FINALE,16.08.2025,VfB Lubeck,Darmstadt,Ospite,Darmstadt,Maglica Matej,Difensore centrale,Titolare,7.3,0,5,0,0,0,0,0.0,0,0,0,0,0,0,0,0.0,0,0,1.0,1,1,0.5,2,1,0.273,0.222,9,2,11,3,0,0,0.109,0.558,0.939,0.155,0.0,0,10,3,0,1,0,0,0,0.155,0.155,0.0,0,0,0,0,0,0,1,0.0,0,0,0.583,7,12,71,71,0,0,0,0.788,41,0.571,8,14,0.796,39,49,52,0,0,0,0,0,0,0,0,0.0,0,0,0,0,0,1,0,0,0,0,1,1,1.0,1,1,0,0,4,64,6
DFB-Pokal,1/32 FINALE,16.08.2025,VfB Lubeck,Darmstadt,Ospite,Darmstadt,Lidberg Isac,Attaccante,Titolare,6.1,0,0,0,0,0,0,0.0,2,0,0,0,1,0,0,0.0,0,1,0.0,0,0,0.667,3,2,0.375,0.2,5,1,8,3,0,0,0.047,0.0,0.0,0.155,0.0,0,2,2,1,0,0,0,0,0.155,0.155,0.0,0,0,0,0,0,0,0,0.0,0,0,1.0,1,1,86,86,0,0,0,0.615,8,0.625,5,8,0.583,7,12,13,0,0,0,0,0,0,0,0,0.0,0,0,0,0,0,0,0,0,0,0,0,0,0.0,0,0,0,0,2,16,1
DFB-Pokal,1/32 FINALE,16.08.2025,VfB Lubeck,Darmstadt,Ospite,Darmstadt,Pfeiffer Patric,Difensore centrale,Titolare,8.6,0,8,0,0,0,0,0.0,4,0,0,0,0,3,0,0.0,0,1,1.0,1,1,0.7,10,7,0.786,1.0,4,4,14,11,0,0,0.014,0.151,0.0,1.021,0.0,0,15,0,1,0,1,0,0,0.021,0.021,0.0,0,0,0,3,0,0,0,0.0,0,0,0.467,7,15,90,90,0,0,1,0.753,58,0.45,9,20,0.736,53,72,77,0,0,0,0,0,0,0,0,0.0,0,0,0,0,1,2,1,1,2,2,0,3,1.0,2,2,0,0,3,94,0
DFB-Pokal,1/32 FINALE,16.08.2025,VfB Lubeck,Darmstadt,Ospite,Darmstadt,Klefisch Kai,Centrocampista,Titolare,7.9,0,16,0,0,0,0,0.0,6,0,0,0,0,1,0,0.0,0,0,1.0,1,1,0.0,0,0,0.7,0.7,10,7,10,7,0,0,0.122,0.095,0.0,1.021,0.0,0,10,1,4,0,1,0,0,0.021,0.021,0.0,0,0,0,3,0,0,3,0.0,0,0,0.6,3,5,90,90,0,0,0,0.907,78,0.731,19,26,0.906,77,85,86,0,0,0,0,0,0,0,0,0.0,0,0,0,0,2,0,3,1,0,1,0,3,1.0,2,2,0,0,0,106,4
DFB-Pokal,1/32 FINALE,16.08.2025,VfB Lubeck,Darmstadt,Ospite,Darmstadt,Bialek Bartosz,Attaccante,Subentrato,,0,1,0,0,0,0,0.0,0,0,0,0,0,0,0,0.0,0,0,0.0,0,0,0.0,0,0,0.5,0.5,2,1,2,1,0,0,0.006,0.033,0.11,0.866,0.0,0,0,0,1,0,1,0,0,-0.134,-0.134,0.0,0,0,0,0,0,0,0,0.0,0,0,0.0,0,0,5,4,0,0,0,1.0,3,1.0,2,2,1.0,2,2,3,0,0,0,0,0,0,0,0,0.0,0,0,0,0,0,1,0,1,0,0,1,1,0.0,0,0,0,0,1,6,1
DFB-Pokal,1/32 FINALE,16.08.2025,VfB Lubeck,Darmstadt,Ospite,Darmstadt,Vukotic Aleksandar,Difensore centrale,Titolare,7.7,0,6,0,0,0,0,0.0,1,0,1,0,0,4,0,0.0,0,0,1.0,1,1,1.0,5,5,0.889,0.75,4,3,9,8,0,0,0.015,0.0,0.0,1.021,0.0,0,6,1,0,0,1,0,0,0.021,0.021,0.0,0,0,0,1,0,0,0,0.0,0,0,0.667,12,18,90,90,0,0,1,0.84,63,0.571,4,7,0.845,60,71,75,0,0,0,0,0,0,0,0,0.0,0,0,0,0,0,0,0,1,0,0,0,0,1.0,2,2,0,0,1,84,0
DFB-Pokal,1/32 FINALE,16.08.2025,VfB Lubeck,Darmstadt,Ospite,Darmstadt,Schuhen Marcel,Portiere,Titolare,6.9,0,13,0,0,0,0,0.0,0,0,0,0,0,0,0,0.0,0,0,0.0,0,0,0.0,0,0,0.0,0.0,0,0,0,0,0,0,0.002,0.0,0.0,1.021,0.0,0,2,0,0,0,1,0,0,0.021,0.021,0.0,0,0,0,0,0,11,0,0.0,0,0,0.643,9,14,90,90,0,0,0,0.867,39,0.5,1,2,0.838,31,37,45,0,0,0,0,0,0,0,0,0.0,0,0,0,3,0,0,0,4,0,0,0,0,0.0,0,0,0,0,0,59,0
DFB-Pokal,1/32 FINALE,16.08.2025,VfB Lubeck,Darmstadt,Ospite,Darmstadt,Nurnberger Fabian,Esterno,Titolare,7.9,0,3,0,0,0,0,0.0,3,0,0,0,1,0,0,1.0,1,1,0.0,0,0,1.0,2,2,0.846,0.818,11,9,13,11,0,0,0.089,0.046,0.016,1.021,0.0,0,6,0,2,0,1,0,0,0.021,0.021,0.0,0,0,0,2,0,0,2,1.0,1,1,0.75,6,8,90,90,0,0,0,0.887,47,0.733,11,15,0.9,45,50,53,0,0,0,0,0,0,0,0,0.0,0,0,0,0,1,0,2,1,0,0,1,2,0.571,7,4,0,0,2,70,2
DFB-Pokal,1/32 FINALE,16.08.2025,VfB Lubeck,Darmstadt,Ospite,Darmstadt,Hornby Fraser,Attaccante,Titolare,8.8,0,7,0,0,0,0,0.0,5,0,0,0,0,0,0,0.5,1,2,1.0,3,3,0.833,6,5,0.923,1.0,7,7,13,12,0,0,0.042,0.27,0.828,1.021,0.0,0,11,0,2,1,1,0,0,0.021,0.021,0.0,0,0,0,0,0,0,0,1.0,1,1,0.5,2,4,89,89,0,0,0,0.682,30,0.593,16,27,0.682,30,44,44,0,0,0,0,0,0,0,0,0.0,0,0,0,0,0,2,0,1,2,0,2,2,0.5,2,1,0,0,3,61,2
DFB-Pokal,1/32 FINALE,16.08.2025,VfB Lubeck,Darmstadt,Ospite,Darmstadt,Furukawa Yosuke,Centrocampista,Subentrato,,0,0,0,0,0,0,0.0,0,0,0,0,0,0,0,0.0,0,0,0.0,0,0,0.0,0,0,0.0,0.0,0,0,0,0,0,0,0.003,0.0,0.0,0.866,0.0,0,0,0,0,0,1,0,0,-0.134,-0.134,0.0,0,0,0,0,0,0,0,0.0,0,0,0.0,0,0,5,4,0,0,0,0.8,4,0.75,3,4,0.8,4,5,5,0,0,0,0,0,0,0,0,0.0,0,0,0,0,0,0,0,1,0,0,0,0,0.0,0,0,0,0,0,5,0
DFB-Pokal,1/32 FINALE,16.08.2025,VfB Lubeck,Darmstadt,Ospite,Darmstadt,Marseiler Luca,Esterno,Titolare,7.0,0,3,0,0,0,0,0.0,6,0,0,0,0,0,0,0.0,0,4,0.25,4,1,0.0,2,0,0.412,0.467,15,7,17,7,0,0,0.234,0.068,0.081,0.155,0.0,0,8,1,4,0,0,0,0,0.155,0.155,0.0,0,0,0,3,0,0,1,0.0,0,0,0.4,2,5,86,86,0,0,0,0.622,23,0.455,10,22,0.611,22,36,37,0,0,0,0,0,0,0,0,0.0,0,0,0,0,0,2,0,0,0,1,1,2,1.0,2,2,0,0,7,73,6
DFB-Pokal,1/32 FINALE,16.08.2025,VfB Lubeck,Darmstadt,Ospite,Darmstadt,Corredor Killian,Centrocampista,Titolare,6.4,0,6,0,0,0,0,0.0,2,0,0,0,0,0,0,0.0,0,2,1.0,1,1,0.6,5,3,0.636,0.667,6,4,11,7,0,0,0.059,0.037,0.0,1.021,0.0,0,7,0,2,0,1,0,0,0.021,0.021,0.0,0,0,0,0,0,0,2,1.0,1,1,0.0,0,1,90,90,0,0,0,0.656,21,0.471,8,17,0.656,21,32,32,0,0,0,0,0,0,0,0,0.0,0,0,0,0,0,0,1,1,0,1,0,1,0.0,1,0,0,0,2,45,5
DFB-Pokal,1/32 FINALE,16.08.2025,VfB Lubeck,Darmstadt,Casa,VfB Lubeck,Shivani Rohin,Centrocampista,Subentrato,,0,1,0,0,0,0,0.0,0,0,0,0,0,0,0,0.0,0,0,0.0,0,0,0.0,1,0,0.0,0.0,2,0,3,0,0,0,0.0,0.0,0.0,0.11,0.0,0,0,1,0,0,0,0,0,0.11,0.11,0.0,0,0,0,0,0,0,0,0.0,0,0,0.5,1,2,5,4,0,0,0,0.667,2,0.0,0,0,0.667,2,3,3,0,0,0,0,0,0,0,0,0.0,0,0,0,0,0,0,0,0,0,0,0,0,0.0,0,0,0,0,0,4,1
DFB-Pokal,1/32 FINALE,16.08.2025,VfB Lubeck,Darmstadt,Casa,VfB Lubeck,Karimani Dardan,Centrocampista,Subentrato,7.0,1,3,1,0,0,0,0.0,2,0,0,0,0,0,0,0.0,0,1,0.0,2,0,0.0,0,0,0.0,0.0,3,0,3,0,0,0,0.401,0.0,0.0,0.126,0.0,0,1,1,0,0,0,0,0,0.126,0.126,0.0,0,0,0,0,0,0,1,0.0,0,0,0.0,0,0,13,12,0,0,0,1.0,3,1.0,2,2,1.0,3,3,3,0,0,0,0,0,0,0,0,0.0,0,0,0,0,0,0,0,0,0,0,0,0,0.0,0,0,0,1,0,7,0
DFB-Pokal,1/32 FINALE,16.08.2025,VfB Lubeck,Darmstadt,Casa,VfB Lubeck,Albrecht Julian,Centrocampista,Titolare,5.5,0,4,0,0,0,0,0.0,4,0,0,0,1,2,0,0.0,0,1,0.0,0,0,0.0,1,0,0.0,0.0,7,0,8,0,0,0,0.009,0.018,0.018,2.567,0.0,0,8,4,0,0,2,0,0,0.567,0.567,0.0,0,0,0,1,0,0,0,0.0,0,0,0.182,2,11,90,90,0,0,1,0.657,23,0.3,3,10,0.657,23,35,35,0,0,0,0,0,0,0,0,0.0,0,0,0,0,0,0,1,2,0,0,1,1,0.0,0,0,0,0,0,46,2
DFB-Pokal,1/32 FINALE,16.08.2025,VfB Lubeck,Darmstadt,Casa,VfB Lubeck,Menke Luca,Difensore centrale,Titolare,6.1,0,4,0,0,0,0,0.0,0,0,0,0,0,5,0,0.0,0,0,0.0,0,0,0.286,7,2,0.4,0.667,3,2,10,4,0,0,0.004,0.0,0.0,2.567,0.0,0,1,1,1,0,2,0,0,0.567,0.567,0.0,0,0,0,1,0,0,0,0.0,0,0,0.167,1,6,90,90,0,0,1,0.677,21,1.0,1,1,0.679,19,28,31,0,0,0,0,0,0,0,0,0.0,0,0,0,0,0,0,0,2,0,0,0,0,1.0,1,1,0,0,0,42,0
DFB-Pokal,1/32 FINALE,16.08.2025,VfB Lubeck,Darmstadt,Casa,VfB Lubeck,Diestel Philipp,Portiere,Titolare,7.3,0,10,0,0,1,0,0.0,0,0,0,0,0,0,0,0.0,0,0,1.0,1,1,0.0,0,0,1.0,1.0,1,1,1,1,0,0,0.0,0.0,0.0,2.567,0.0,0,2,0,0,0,2,0,0,0.567,0.567,0.0,0,0,0,0,0,5,0,0.0,0,0,0.235,4,17,90,90,0,0,0,0.552,16,0.0,0,2,0.438,7,16,29,0,0,0,0,0,0,0,0,0.0,0,0,0,6,0,0,0,8,0,0,0,0,0.0,0,0,0,0,0,42,0
DFB-Pokal,1/32 FINALE,16.08.2025,VfB Lubeck,Darmstadt,Casa,VfB Lubeck,Polat Mikail,Centrocampista,Titolare,6.6,0,5,0,0,0,0,0.0,3,0,0,0,1,1,0,0.0,0,2,0.0,1,0,0.5,2,1,0.444,0.429,7,3,9,4,0,0,0.023,0.0,0.0,2.457,0.0,0,6,2,1,0,2,0,0,0.457,0.457,0.0,0,0,0,2,0,0,1,0.0,0,0,0.6,3,5,86,86,0,0,1,0.818,18,0.778,7,9,0.818,18,22,22,0,0,0,0,0,0,0,0,0.0,0,0,0,0,0,0,0,2,0,0,0,0,1.0,2,2,0,0,0,37,3
DFB-Pokal,1/32 FINALE,16.08.2025,VfB Lubeck,Darmstadt,Casa,VfB Lubeck,Lehnfeld Mika,Attaccante,Subentrato,6.0,0,0,0,0,0,0,0.0,1,0,0,0,2,0,0,0.0,0,0,0.0,0,0,0.0,1,0,0.0,0.0,2,0,3,0,0,0,0.001,0.0,0.0,0.938,0.0,0,1,0,0,0,1,0,0,-0.062,-0.062,0.0,0,0,0,0,0,0,0,0.0,0,0,0.0,0,0,25,24,0,0,0,0.4,2,0.25,1,4,0.4,2,5,5,0,0,0,0,0,0,0,0,0.0,0,0,0,0,0,0,0,1,0,0,0,0,0.0,0,0,0,0,1,5,0
DFB-Pokal,1/32 FINALE,16.08.2025,VfB Lubeck,Darmstadt,Casa,VfB Lubeck,Ulrich Colin,Ala,Titolare,6.8,0,4,0,0,0,0,0.0,2,0,0,0,0,2,0,0.0,0,1,0.667,3,2,0.667,3,2,0.769,0.8,10,8,13,10,0,0,0.02,0.074,0.0,2.567,0.0,0,0,1,3,0,2,0,0,0.567,0.567,0.0,0,0,0,0,0,0,1,0.0,0,0,0.5,1,2,90,90,0,0,0,0.632,12,1.0,1,1,0.632,12,19,19,0,0,0,0,0,0,0,0,0.0,0,0,0,0,1,1,0,2,0,0,0,1,0.667,3,2,0,0,1,37,3
DFB-Pokal,1/32 FINALE,16.08.2025,VfB Lubeck,Darmstadt,Casa,VfB Lubeck,Amadi Joel,Terzino,Titolare,5.4,0,6,0,0,0,0,0.0,3,0,0,0,0,0,0,0.0,0,0,0.0,3,0,1.0,1,1,0.286,0.167,6,1,7,2,0,0,0.015,0.06,0.0,2.441,0.0,0,3,1,0,0,2,0,0,0.441,0.441,0.0,0,0,0,1,0,0,0,0.0,0,0,0.667,2,3,78,78,0,0,0,0.654,17,0.5,4,8,0.625,15,24,26,0,0,0,0,0,0,0,0,0.0,0,0,0,0,0,1,0,2,0,1,0,1,1.0,1,1,0,0,3,47,2
DFB-Pokal,1/32 FINALE,16.08.2025,VfB Lubeck,Darmstadt,Casa,VfB Lubeck,Verinac Antonio,Attaccante,Titolare,5.3,0,4,0,0,0,0,0.0,0,0,1,0,0,0,0,0.0,0,0,0.0,4,0,0.286,7,2,0.25,0.2,5,1,12,3,0,0,0.01,0.0,0.0,2.567,0.0,0,4,1,0,0,2,0,0,0.567,0.567,0.0,0,0,0,1,0,0,0,0.0,0,0,0.0,0,1,90,90,0,0,0,0.563,9,0.375,3,8,0.462,6,13,16,0,0,0,0,0,0,0,0,0.0,0,0,0,0,0,0,0,2,0,0,0,0,1.0,1,1,0,0,2,26,3
DFB-Pokal,1/32 FINALE,16.08.2025,VfB Lubeck,Darmstadt,Casa,VfB Lubeck,Becken Pierre,Difensore centrale,Titolare,7.9,0,8,0,0,0,0,0.0,2,0,1,0,0,8,0,0.0,0,0,0.0,0,0,0.0,3,0,0.375,0.6,5,3,8,3,0,0,0.013,0.328,0.866,2.567,0.0,0,7,2,2,1,2,0,0,0.567,0.567,0.0,0,0,0,5,0,0,0,0.0,0,0,0.267,4,15,90,90,0,0,1,0.634,26,0.375,3,8,0.615,24,39,41,0,0,0,0,0,0,0,0,0.0,0,0,0,0,0,1,0,2,0,0,1,1,1.0,1,1,0,0,1,61,1
DFB-Pokal,1/32 FINALE,16.08.2025,VfB Lubeck,Darmstadt,Casa,VfB Lubeck,Istefo Fabian,Ala,Titolare,5.5,0,0,0,0,0,0,0.0,1,0,0,0,1,0,0,0.0,0,1,0.0,0,0,0.0,2,0,0.143,0.2,5,1,7,1,0,0,0.008,0.124,0.0,1.63,0.0,0,2,0,0,0,1,0,0,0.63,0.63,0.0,0,0,0,0,0,0,0,0.0,0,0,0.0,0,0,66,66,0,0,0,0.625,5,0.6,3,5,0.625,5,8,8,0,0,0,0,0,0,0,0,0.0,0,0,0,0,1,1,1,1,0,1,0,2,1.0,1,1,0,0,1,16,3
DFB-Pokal,1/32 FINALE,16.08.2025,VfB Lubeck,Darmstadt,Casa,VfB Lubeck,Thiel Marvin,Terzino,Titolare,6.4,0,3,0,0,0,0,0.0,1,0,1,0,3,6,0,0.0,0,1,0.0,0,0,0.5,2,1,0.5,0.5,10,5,12,6,0,0,0.007,0.09,0.137,2.567,0.0,0,8,2,0,0,2,0,0,0.567,0.567,0.0,0,0,0,2,0,0,0,0.0,0,0,0.333,3,9,90,90,0,1,0,0.516,16,0.556,5,9,0.533,16,30,31,0,0,0,0,0,0,0,0,0.0,0,0,0,0,0,1,1,2,0,0,2,2,0.6,5,3,0,0,1,66,1
DFB-Pokal,1/32 FINALE,16.08.2025,VfB Lubeck,Darmstadt,Casa,VfB Lubeck,Pfundheller Bjarne,Centrocampista,Titolare,6.7,0,7,0,0,0,0,0.0,1,0,0,0,1,2,0,0.0,0,0,1.0,1,1,0.286,7,2,0.429,0.5,14,7,21,9,0,0,0.184,0.0,0.0,2.567,0.0,0,3,4,2,0,2,0,0,0.567,0.567,0.0,0,0,0,2,0,0,2,1.0,1,1,0.5,1,2,90,90,0,0,0,0.71,22,0.8,8,10,0.71,22,31,31,0,0,0,0,0,0,0,0,0.0,0,0,0,0,0,0,0,2,0,0,0,0,0.5,4,2,0,0,3,48,3
DFB-Pokal,1/32 FINALE,16.08.2025,Bahlinger,Heidenheim,Ospite,Heidenheim,Kerber Luca,Centrocampista,Subentrato,6.5,0,1,0,1,0,0,0.0,1,0,0,0,0,0,0,0.0,0,0,0.0,0,0,1.0,1,1,0.5,0.333,3,1,4,2,0,0,0.044,0.188,0.0,0.0,0.0,0,0,1,1,0,0,0,0,0.0,0.0,0.0,0,0,0,0,0,0,0,0.0,0,0,1.0,1,1,26,25,0,0,0,1.0,8,1.0,1,1,1.0,8,8,8,0,0,0,0,0,0,0,0,0.0,0,0,0,0,0,1,0,0,1,1,0,1,0.0,0,0,0,0,1,13,2
DFB-Pokal,1/32 FINALE,16.08.2025,Bahlinger,Heidenheim,Ospite,Heidenheim,Scienza Leo,Centrocampista offensivo,Titolare,9.3,0,5,1,0,0,0,0.0,6,0,0,0,0,0,0,0.75,3,4,0.8,5,4,0.0,0,0,0.714,0.714,7,5,7,5,0,0,0.375,0.061,0.188,0.92,0.0,0,5,0,1,2,0,0,0,0.92,0.0,0.0,0,0,0,1,0,0,5,0.0,0,0,0.667,2,3,82,82,0,0,0,0.733,22,0.529,9,17,0.733,22,30,30,0,0,0,0,0,0,0,0,0.0,0,0,0,0,0,0,3,0,0,0,3,3,0.0,0,0,0,0,7,54,5
DFB-Pokal,1/32 FINALE,16.08.2025,Bahlinger,Heidenheim,Ospite,Heidenheim,Ramaj Diant,Portiere,Titolare,7.6,0,12,0,0,1,0,0.0,1,0,0,0,0,0,0,0.0,0,0,0.0,0,0,0.0,0,0,1.0,1.0,1,1,1,1,0,0,0.024,0.0,0.0,0.92,0.0,0,7,0,0,0,0,0,0,0.92,0.0,1.0,1,1,0,0,0,5,0,0.0,0,0,0.682,15,22,90,90,0,0,0,0.87,47,0.571,4,7,0.907,39,43,54,0,0,1,0,0,0,0,0,0.0,0,0,0,1,0,0,0,1,0,0,0,0,0.0,0,0,0,0,0,62,0
DFB-Pokal,1/32 FINALE,16.08.2025,Bahlinger,Heidenheim,Ospite,Heidenheim,Ibrahimovic Arijon,Esterno,Titolare,7.1,1,4,0,0,0,0,0.0,3,0,1,0,0,0,0,0.5,1,2,0.0,0,0,1.0,1,1,0.333,0.0,2,0,3,1,0,0,0.202,0.14,0.251,0.92,0.0,0,3,1,0,0,0,0,0,0.92,0.0,0.0,0,0,0,1,0,0,2,1.0,1,1,0.667,2,3,75,75,0,1,0,0.73,27,0.706,12,17,0.714,25,35,37,0,0,0,0,0,0,0,0,0.0,0,0,0,0,0,1,0,0,0,0,1,1,0.0,0,0,0,0,2,48,2
DFB-Pokal,1/32 FINALE,16.08.2025,Bahlinger,Heidenheim,Ospite,Heidenheim,Kaufmann Mikkel,Attaccante,Subentrato,8.0,1,0,1,0,0,0,0.0,1,0,0,0,0,0,0,1.0,1,1,0.0,0,0,0.0,0,0,0.5,0.5,2,1,2,1,0,0,0.243,0.103,0.197,0.0,0.0,0,0,0,1,1,0,0,0,0.0,0.0,0.0,0,0,0,0,0,0,1,1.0,1,1,0.0,0,0,26,25,0,0,0,0.5,2,0.0,0,2,0.5,2,4,4,0,0,0,0,0,0,0,0,0.0,0,0,0,0,0,1,0,0,0,0,1,1,0.0,0,0,0,0,3,10,3
DFB-Pokal,1/32 FINALE,16.08.2025,Bahlinger,Heidenheim,Ospite,Heidenheim,Busch Marnon,Difensore,Subentrato,6.3,0,0,0,0,0,0,0.0,1,0,0,0,0,0,0,0.0,0,0,0.0,0,0,0.0,0,0,0.0,0.0,0,0,0,0,0,0,0.008,0.0,0.0,0.0,0.0,0,1,0,0,0,0,0,0,0.0,0.0,0.0,0,0,0,0,0,0,0,0.0,0,0,1.0,2,2,16,15,0,0,0,1.0,8,1.0,1,1,1.0,8,8,8,0,0,0,0,0,0,0,0,0.0,0,0,0,0,0,0,0,0,0,0,0,0,0.0,0,0,0,0,0,8,0
DFB-Pokal,1/32 FINALE,16.08.2025,Bahlinger,Heidenheim,Ospite,Heidenheim,Zivzivadze Budu,Attaccante,Titolare,7.0,0,2,1,0,0,0,0.0,2,0,0,0,2,1,0,0.0,0,0,0.0,1,0,0.6,5,3,0.462,0.375,8,3,13,6,0,0,0.195,0.382,0.528,0.92,0.0,0,3,2,1,0,0,0,0,0.92,0.0,0.0,0,0,0,0,0,0,2,1.0,2,2,0.0,0,0,90,90,0,0,0,0.8,16,0.727,8,11,0.8,16,20,20,0,0,0,0,0,0,0,0,0.0,0,0,0,0,0,1,1,0,0,1,1,2,0.5,2,1,0,1,1,32,2
DFB-Pokal,1/32 FINALE,16.08.2025,Bahlinger,Heidenheim,Ospite,Heidenheim,Siersleben Tim,Difensore centrale,Titolare,7.6,0,0,0,0,1,0,0.0,4,0,1,0,1,0,1,0.25,1,4,0.0,0,0,0.667,3,2,0.444,0.333,6,2,9,4,0,0,0.194,0.085,0.104,0.92,0.0,0,4,2,1,0,0,0,0,0.92,0.0,0.0,0,0,0,3,0,0,1,0.0,0,0,0.5,1,2,65,65,0,1,1,0.923,36,1.0,5,5,0.921,35,38,39,0,0,0,0,0,0,0,0,0.0,0,0,0,0,0,1,0,0,1,0,1,1,1.0,1,1,0,0,1,54,2
DFB-Pokal,1/32 FINALE,16.08.2025,Bahlinger,Heidenheim,Ospite,Heidenheim,Mainka Patrick,Difensore centrale,Titolare,7.5,0,4,0,0,0,0,0.0,1,0,0,0,1,3,0,0.0,0,0,1.0,1,1,1.0,3,3,0.857,0.75,4,3,7,6,0,0,0.022,0.135,0.0,0.92,0.0,0,4,0,0,0,0,0,0,0.92,0.0,0.0,0,0,0,3,0,0,0,0.0,0,0,0.0,0,2,90,90,0,1,0,0.878,43,0.5,3,6,0.878,43,49,49,0,0,0,0,0,0,0,0,0.0,0,0,0,0,1,1,0,0,1,0,0,1,1.0,2,2,0,0,1,61,0
DFB-Pokal,1/32 FINALE,16.08.2025,Bahlinger,Heidenheim,Ospite,Heidenheim,Schoppner Jan,Centrocampista,Titolare,7.0,0,7,0,0,0,0,0.0,0,0,0,0,1,1,0,0.0,0,0,0.0,1,0,0.0,0,0,0.4,0.4,10,4,10,4,0,0,0.022,0.0,0.0,0.92,0.0,0,5,2,1,0,0,0,0,0.92,0.0,0.0,0,0,0,2,0,0,1,0.0,0,0,0.5,1,2,90,90,0,0,0,0.833,30,0.692,9,13,0.833,30,36,36,0,0,0,0,0,0,0,0,0.0,0,0,0,0,0,0,0,0,0,0,0,0,0.667,3,2,0,0,0,47,3
DFB-Pokal,1/32 FINALE,16.08.2025,Bahlinger,Heidenheim,Ospite,Heidenheim,Honsak Mathias,Centrocampista offensivo,Titolare,7.8,0,2,0,0,0,0,0.0,0,0,0,0,0,1,0,0.0,0,0,0.5,2,1,1.0,1,1,0.8,0.75,4,3,5,4,0,0,0.005,0.967,0.995,0.0,0.0,0,2,0,1,1,0,0,0,0.0,0.0,0.0,0,0,0,0,0,0,0,1.0,1,1,0.0,0,1,45,45,0,0,0,0.824,14,0.6,3,5,0.824,14,17,17,0,0,0,0,0,0,0,0,0.0,0,0,0,0,0,1,0,0,0,0,1,1,0.0,1,0,0,0,2,24,1
DFB-Pokal,1/32 FINALE,16.08.2025,Bahlinger,Heidenheim,Ospite,Heidenheim,Gimber Benedikt,Difensore centrale,Titolare,7.1,0,3,0,0,0,0,0.0,0,0,0,0,0,4,0,0.0,0,0,1.0,1,1,1.0,1,1,0.778,0.75,8,6,9,7,0,0,0.01,0.029,0.0,0.92,0.0,0,2,1,1,0,0,0,0,0.92,0.0,0.0,0,0,0,0,0,0,0,0.0,0,0,0.6,3,5,90,90,0,0,0,0.946,70,0.75,3,4,0.943,66,70,74,0,0,0,0,0,0,0,0,0.0,0,0,0,0,0,1,0,0,0,1,0,1,0.5,4,2,0,0,1,88,2
DFB-Pokal,1/32 FINALE,16.08.2025,Bahlinger,Heidenheim,Ospite,Heidenheim,Conteh Sirlord,Esterno,Titolare,7.5,0,4,0,1,0,0,0.0,2,0,0,0,0,1,0,0.0,0,1,0.0,0,0,0.0,0,0,0.0,0.0,1,0,1,0,0,0,0.015,1.055,1.232,0.92,0.0,0,3,0,0,1,0,0,0,0.92,0.0,0.0,0,0,0,1,0,0,0,0.0,0,0,0.5,1,2,90,90,0,0,0,0.85,34,0.75,6,8,0.85,34,40,40,0,0,0,0,0,0,0,0,0.0,0,0,0,0,1,2,1,0,0,0,2,3,0.0,0,0,0,0,2,60,3
DFB-Pokal,1/32 FINALE,16.08.2025,Bahlinger,Heidenheim,Ospite,Heidenheim,Fohrenbach Jonas,Difensore,Subentrato,6.7,0,1,0,0,0,0,0.0,0,0,0,0,1,1,0,0.0,0,1,0.0,0,0,1.0,1,1,0.667,0.5,2,1,3,2,0,0,0.019,0.0,0.0,0.92,0.0,0,1,0,0,0,0,0,0,0.92,0.0,0.0,0,0,0,1,0,0,0,0.0,0,0,1.0,1,1,45,45,0,0,0,0.85,17,0.857,6,7,0.85,17,20,20,0,0,0,0,0,0,0,0,0.0,0,0,0,0,0,0,0,0,0,0,0,0,1.0,1,1,0,0,0,25,0
DFB-Pokal,1/32 FINALE,16.08.2025,Bahlinger,Heidenheim,Ospite,Heidenheim,Wagner Yannik,Attaccante,Subentrato,,0,1,0,0,0,0,0.0,0,0,0,0,0,0,0,0.0,0,0,0.0,0,0,0.0,0,0,1.0,1.0,1,1,1,1,0,0,0.003,0.0,0.0,0.0,0.0,0,0,0,0,0,0,0,0,0.0,0.0,0.0,0,0,0,0,0,0,0,0.0,0,0,0.0,0,0,9,8,0,0,0,1.0,2,1.0,1,1,1.0,2,2,2,0,0,0,0,0,0,0,0,0.0,0,0,0,0,0,0,0,0,0,0,0,0,1.0,1,1,0,0,0,3,0
DFB-Pokal,1/32 FINALE,16.08.2025,Bahlinger,Heidenheim,Casa,Bahlinger,Herrmann Kolja,Terzino,Titolare,6.2,0,7,0,0,0,0,0.0,3,0,0,0,1,2,0,0.0,0,1,0.0,0,0,0.0,1,0,0.6,0.75,4,3,5,3,0,0,0.012,0.0,0.0,2.136,0.0,0,2,0,1,0,3,0,0,-0.864,-0.864,0.0,0,0,0,1,0,0,1,0.0,0,0,0.5,2,4,67,66,0,0,0,0.909,30,0.6,3,5,0.906,29,32,33,0,0,0,0,0,0,0,0,0.0,0,0,0,0,0,0,0,3,0,0,0,0,0.5,2,1,0,0,0,46,1
DFB-Pokal,1/32 FINALE,16.08.2025,Bahlinger,Heidenheim,Ospite,Heidenheim,Dorsch Niklas,Centrocampista,Titolare,7.1,1,6,0,0,0,0,0.0,2,0,0,0,0,1,0,0.0,0,1,0.0,0,0,1.0,1,1,0.4,0.25,4,1,5,2,0,0,0.024,0.0,0.0,0.92,0.0,0,11,2,0,0,0,0,0,0.92,0.0,0.0,0,0,0,0,0,0,1,1.0,1,1,0.833,5,6,65,65,0,0,1,0.936,44,0.813,13,16,0.933,42,45,47,1,0,0,0,0,0,0,0,0.0,0,0,0,0,0,0,0,0,0,0,0,0,0.0,1,0,0,0,0,54,1
DFB-Pokal,1/32 FINALE,16.08.2025,Bahlinger,Heidenheim,Casa,Bahlinger,Shaqiri Erijon,Centrocampista,Subentrato,6.1,0,0,0,0,0,0,0.0,0,0,0,0,0,0,0,0.0,0,0,1.0,1,1,0.0,1,0,0.667,1.0,2,2,3,2,0,0,0.001,0.0,0.0,1.359,0.0,0,0,0,1,0,2,0,0,-0.641,-0.641,0.0,0,0,0,0,0,0,0,0.0,0,0,0.0,0,0,25,24,0,0,0,0.625,5,0.0,0,1,0.625,5,8,8,0,0,0,0,0,0,0,0,0.0,0,0,0,0,0,0,0,2,0,0,0,0,0.0,0,0,0,0,0,11,0
DFB-Pokal,1/32 FINALE,16.08.2025,Bahlinger,Heidenheim,Casa,Bahlinger,Kobele Luca,Ala,Titolare,6.2,0,2,0,0,0,0,0.0,2,0,0,0,1,1,0,0.0,0,0,0.667,3,2,0.5,2,1,0.625,0.667,6,4,8,5,0,0,0.021,0.0,0.0,1.75,0.0,0,2,0,0,0,2,0,0,-0.25,-0.25,0.0,0,0,0,0,0,0,0,0.0,0,0,0.0,0,1,45,45,0,0,0,0.889,16,0.667,2,3,0.882,15,17,18,0,0,0,0,0,0,0,0,0.0,0,0,0,0,0,0,0,2,0,0,0,0,0.0,2,0,0,0,0,25,0
DFB-Pokal,1/32 FINALE,16.08.2025,Bahlinger,Heidenheim,Casa,Bahlinger,Scholl Ferdinand,Centrocampista,Titolare,6.2,0,2,0,0,0,0,0.0,3,0,0,0,0,0,0,0.0,0,1,0.667,3,2,0.0,1,0,0.6,0.75,4,3,5,3,0,0,0.117,0.072,0.0,2.136,0.0,0,3,0,0,0,3,0,0,-0.864,-0.864,0.0,0,0,0,1,0,0,0,0.0,0,0,1.0,2,2,66,66,0,0,1,0.889,16,1.0,6,6,0.867,13,15,18,0,0,0,0,0,0,0,0,0.0,0,0,0,0,1,1,1,3,0,1,0,2,1.0,1,1,0,0,1,31,3
DFB-Pokal,1/32 FINALE,16.08.2025,Bahlinger,Heidenheim,Casa,Bahlinger,Wuttke Rico,Terzino,Titolare,5.3,0,5,0,0,0,0,0.0,2,0,0,0,0,0,0,0.0,0,2,0.0,1,0,0.0,1,0,0.0,0.0,1,0,2,0,0,0,0.006,0.012,0.0,3.494,0.0,0,1,0,0,0,5,0,0,-1.506,-1.506,0.0,0,0,0,2,0,0,0,0.0,0,0,0.5,2,4,90,90,0,0,1,0.727,16,1.0,2,2,0.727,16,22,22,0,0,0,0,0,0,0,0,0.0,0,0,0,0,0,0,1,5,0,1,0,1,0.0,0,0,0,0,0,34,1
DFB-Pokal,1/32 FINALE,16.08.2025,Bahlinger,Heidenheim,Casa,Bahlinger,Bux Holger,Centrocampista,Titolare,4.3,0,2,0,1,0,0,0.0,0,0,0,0,1,0,0,0.0,0,0,0.0,1,0,0.0,1,0,0.333,0.4,5,2,6,2,1,0,0.005,0.788,0.92,3.494,0.0,0,0,2,1,0,5,0,0,-1.506,-1.506,0.0,0,0,0,0,0,0,0,0.0,0,0,0.5,3,6,90,90,0,0,0,0.851,40,0.333,1,3,0.844,38,45,47,0,1,0,1,0,0,0,0,0.0,0,0,0,0,0,1,0,5,0,0,1,1,0.0,1,0,0,0,4,54,2
DFB-Pokal,1/32 FINALE,16.08.2025,Bahlinger,Heidenheim,Casa,Bahlinger,Pepic Hasan,Centrocampista offensivo,Titolare,6.3,0,2,0,0,0,0,0.0,3,0,0,0,0,0,0,0.0,0,1,0.0,0,0,0.0,0,0,0.667,0.667,3,2,3,2,0,0,0.018,0.04,0.0,3.494,0.0,0,10,1,2,0,5,0,0,-1.506,-1.506,0.0,0,0,0,0,0,0,0,0.0,0,0,0.333,4,12,90,90,0,0,0,0.774,41,0.538,7,13,0.766,36,47,53,0,0,0,0,0,0,0,0,0.0,0,0,0,0,0,0,1,5,0,1,0,1,0.0,0,0,0,0,0,59,2
DFB-Pokal,1/32 FINALE,16.08.2025,Bahlinger,Heidenheim,Casa,Bahlinger,El Abed Karim,Difensore centrale,Titolare,5.9,0,1,0,0,0,0,0.0,0,0,0,0,0,2,0,0.0,0,0,0.0,0,0,0.5,2,1,0.667,0.75,4,3,6,4,0,0,0.008,0.0,0.0,3.494,0.0,0,1,1,1,0,5,0,0,-1.506,-1.506,0.0,0,0,0,1,0,0,0,0.0,0,0,0.0,0,0,90,90,0,0,0,1.0,46,1.0,2,2,1.0,46,46,46,0,0,0,0,0,0,0,0,0.0,0,0,0,0,0,0,0,5,0,0,0,0,0.5,2,1,0,0,0,55,0
DFB-Pokal,1/32 FINALE,16.08.2025,Bahlinger,Heidenheim,Casa,Bahlinger,Tost Laurin,Difensore centrale,Titolare,5.8,0,6,0,1,0,0,0.0,0,0,0,0,0,2,0,0.0,0,0,0.0,0,0,0.0,1,0,0.571,0.667,6,4,7,4,0,0,0.004,0.477,0.0,3.494,0.0,0,1,2,2,0,5,0,0,-1.506,-1.506,0.0,0,0,0,5,0,0,0,0.0,0,0,0.333,1,3,90,90,0,0,0,0.811,30,0.333,1,3,0.811,30,37,37,0,0,0,0,0,0,0,0,0.0,0,0,0,0,0,1,0,5,0,0,1,1,1.0,2,2,0,0,1,51,0
DFB-Pokal,1/32 FINALE,16.08.2025,Bahlinger,Heidenheim,Casa,Bahlinger,Echner Alex,Centrocampista,Subentrato,5.6,0,2,0,0,0,0,0.0,1,0,0,0,1,1,0,0.0,0,1,0.333,3,1,0.0,3,0,0.143,0.25,4,1,7,1,0,0,0.011,0.0,0.0,1.744,0.0,0,2,1,0,0,3,0,0,-1.256,-1.256,0.0,0,0,0,0,0,0,0,0.0,0,0,0.0,0,2,45,45,0,0,0,0.643,9,0.4,2,5,0.643,9,14,14,0,0,0,0,0,0,0,0,0.0,0,0,0,0,0,0,0,3,0,0,0,0,0.0,0,0,0,0,0,24,1
DFB-Pokal,1/32 FINALE,16.08.2025,Bahlinger,Heidenheim,Casa,Bahlinger,Petzold Luca,Portiere,Titolare,4.8,0,9,0,0,1,0,0.0,1,0,0,0,1,0,0,0.0,0,0,0.0,0,0,0.0,0,0,0.0,0.0,1,0,1,0,1,0,0.007,0.0,0.0,3.494,0.0,0,2,0,0,0,5,0,0,-1.506,-1.506,1.0,1,1,0,0,0,4,0,0.0,0,0,0.286,4,14,90,90,0,0,0,0.655,19,0.5,1,2,0.714,15,21,29,0,0,0,0,0,0,0,0,0.0,0,0,0,5,0,0,0,10,0,0,0,0,0.0,0,0,0,0,0,39,0
DFB-Pokal,1/32 FINALE,16.08.2025,Bahlinger,Heidenheim,Casa,Bahlinger,Monga Daniel,Centrocampista,Subentrato,6.2,0,2,0,0,0,0,0.0,0,0,0,0,0,0,0,0.0,0,0,0.0,0,0,0.0,0,0,1.0,1.0,1,1,1,1,0,0,0.011,0.0,0.0,1.359,0.0,0,2,0,1,0,2,0,0,-0.641,-0.641,0.0,0,0,0,0,0,0,0,0.0,0,0,0.0,0,0,24,24,0,0,0,1.0,14,1.0,4,4,1.0,14,14,14,0,0,0,0,0,0,0,0,0.0,0,0,0,0,0,0,0,2,0,0,0,0,0.0,0,0,0,0,0,15,0
DFB-Pokal,1/32 FINALE,16.08.2025,Bahlinger,Heidenheim,Casa,Bahlinger,Wehrle Rico,Ala,Titolare,6.5,0,0,0,0,0,0,0.0,2,0,0,0,1,2,0,0.0,0,2,0.0,1,0,0.333,3,1,0.4,0.429,7,3,10,4,0,0,0.025,0.0,0.0,1.75,0.0,0,0,0,1,0,2,0,0,-0.25,-0.25,0.0,0,0,0,0,0,0,1,0.0,0,0,1.0,1,1,45,45,0,0,0,0.857,6,0.5,1,2,0.857,6,7,7,0,0,0,0,0,0,0,0,0.0,0,0,0,0,0,0,0,2,0,0,0,0,1.0,2,2,0,0,0,20,2
DFB-Pokal,1/32 FINALE,16.08.2025,Bahlinger,Heidenheim,Casa,Bahlinger,Rienhardt Marco,Attaccante,Subentrato,6.1,0,0,0,0,0,0,0.0,0,0,0,0,1,0,0,0.0,0,0,0.0,0,0,0.0,1,0,0.375,0.429,7,3,8,3,0,0,0.003,0.048,0.0,1.744,0.0,0,2,3,1,0,3,0,0,-1.256,-1.256,0.0,0,0,0,0,0,0,0,0.0,0,0,0.0,0,0,45,45,0,0,0,0.714,5,0.5,1,2,0.667,4,6,7,0,0,0,0,0,0,0,0,0.0,0,0,0,0,0,0,1,3,0,1,0,1,0.5,2,1,0,0,0,13,1
DFB-Pokal,1/32 FINALE,16.08.2025,Bahlinger,Heidenheim,Casa,Bahlinger,Diakite As Ibrahima,Attaccante,Titolare,6.3,0,1,1,0,0,0,0.0,1,0,0,0,0,0,0,0.0,0,1,0.0,4,0,0.0,0,0,0.0,0.0,5,0,5,0,0,0,0.0,0.146,0.0,2.136,0.0,0,2,0,0,0,3,0,0,-0.864,-0.864,0.0,0,0,0,1,0,0,1,0.0,0,0,0.0,0,0,66,66,0,0,0,0.6,3,0.0,0,2,0.6,3,5,5,0,0,0,0,0,0,0,0,0.0,0,0,0,0,0,2,0,3,0,2,0,2,0.0,0,0,0,0,5,16,1
DFB-Pokal,1/32 FINALE,16.08.2025,Bahlinger,Heidenheim,Casa,Bahlinger,Bauer Marco,Difensore,Subentrato,6.0,0,2,0,0,0,0,0.0,0,0,0,0,0,0,0,0.0,0,0,0.0,2,0,0.0,0,0,0.0,0.0,3,0,3,0,0,0,0.007,0.0,0.0,1.359,0.0,0,2,0,0,0,2,0,0,-0.641,-0.641,0.0,0,0,0,0,0,0,0,0.0,0,0,0.0,0,0,25,24,0,0,0,0.9,9,0.667,2,3,0.889,8,9,10,0,0,0,0,0,0,0,0,0.0,0,0,0,0,0,0,0,2,0,0,0,0,0.0,0,0,0,0,0,15,2
DFB-Pokal,1/32 FINALE,16.08.2025,Hemelingen,Wolfsburg,Ospite,Wolfsburg,Fischer Kilian,Terzino,Titolare,8.5,1,3,2,0,0,0,0.0,2,0,0,0,0,0,0,0.0,0,2,0.0,2,0,0.0,0,0,0.417,0.417,12,5,12,5,0,0,0.44,0.0,0.0,0.186,0.0,0,3,2,2,0,0,0,0,0.186,0.186,0.0,0,0,0,0,0,0,3,0.0,0,0,0.833,5,6,90,90,0,0,0,0.943,50,0.917,11,12,0.942,49,52,53,0,0,0,0,0,0,0,0,0.0,0,0,0,0,0,0,0,0,0,0,0,0,1.0,3,3,0,0,2,76,3
DFB-Pokal,1/32 FINALE,16.08.2025,Hemelingen,Wolfsburg,Ospite,Wolfsburg,Majer Lovro,Centrocampista offensivo,Titolare,9.4,2,2,3,0,0,0,0.0,6,0,0,0,0,0,0,1.0,2,2,0.5,2,1,0.0,0,0,0.714,0.714,7,5,7,5,0,0,0.549,0.923,1.087,0.186,0.0,0,7,0,0,1,0,0,1,0.186,0.186,0.0,0,0,0,0,0,0,5,1.0,4,4,0.5,1,2,59,59,0,1,0,0.872,41,0.762,16,21,0.872,41,47,47,0,0,0,0,0,0,0,0,0.0,0,0,0,0,0,2,0,0,0,0,2,2,0.75,4,3,0,0,7,60,3
DFB-Pokal,1/32 FINALE,16.08.2025,Hemelingen,Wolfsburg,Ospite,Wolfsburg,Vavro Denis,Difensore centrale,Titolare,,0,0,0,0,0,0,0.0,0,0,0,0,0,0,0,0.0,0,0,0.0,0,0,0.0,0,0,1.0,1.0,1,1,1,1,0,0,0.003,0.008,0.0,0.0,0.0,0,2,0,0,0,0,0,0,0.0,0.0,0.0,0,0,0,0,0,0,0,0.0,0,0,1.0,1,1,10,10,0,0,0,1.0,9,1.0,2,2,1.0,9,9,9,0,0,0,0,0,0,0,0,0.0,0,0,0,0,0,0,1,0,0,1,0,1,1.0,1,1,0,0,0,11,0
DFB-Pokal,1/32 FINALE,16.08.2025,Hemelingen,Wolfsburg,Ospite,Wolfsburg,Skov Olsen Andreas,Ala,Titolare,7.6,0,2,0,2,0,0,0.0,2,0,0,0,0,0,0,1.0,1,1,0.0,1,0,0.0,0,0,0.75,0.75,4,3,4,3,0,0,0.155,1.006,0.768,0.186,0.0,0,2,0,0,1,0,0,0,0.186,0.186,0.0,0,0,0,0,0,0,2,0.0,0,0,0.0,0,0,59,59,0,1,0,0.903,28,0.786,11,14,0.9,27,30,31,0,0,0,0,0,0,0,0,0.0,0,0,0,0,0,3,0,0,0,2,1,3,0.667,3,2,0,0,5,41,1
DFB-Pokal,1/32 FINALE,16.08.2025,Hemelingen,Wolfsburg,Ospite,Wolfsburg,Cerny Vaclav,Centrocampista,Subentrato,8.0,0,2,2,0,0,0,0.0,3,0,0,0,2,0,0,0.0,0,0,0.0,0,0,0.0,0,0,0.333,0.333,3,1,3,1,0,0,0.123,0.147,0.269,0.0,0.0,0,2,0,0,1,0,0,0,0.0,0.0,0.0,0,0,0,0,0,0,3,0.0,0,0,0.0,0,1,32,31,0,0,0,0.792,19,0.706,12,17,0.792,19,24,24,0,0,0,0,0,0,0,0,0.0,0,0,0,0,0,1,0,0,0,0,1,1,1.0,1,1,0,0,1,29,2
DFB-Pokal,1/32 FINALE,16.08.2025,Hemelingen,Wolfsburg,Ospite,Wolfsburg,Grabara Kamil,Portiere,Titolare,7.2,0,6,0,0,0,0,0.0,0,0,0,0,0,1,0,0.0,0,0,0.0,0,0,0.0,0,0,0.0,0.0,0,0,0,0,0,0,0.001,0.0,0.0,0.186,0.0,0,1,0,0,0,0,0,0,0.186,0.186,0.0,0,0,0,0,1,3,0,0.0,0,0,1.0,8,8,90,90,0,0,0,1.0,19,1.0,1,1,1.0,13,13,19,0,0,0,0,0,0,0,0,0.0,0,0,0,2,0,0,0,2,0,0,0,0,0.0,0,0,0,0,0,25,0
DFB-Pokal,1/32 FINALE,16.08.2025,Hemelingen,Wolfsburg,Casa,Hemelingen,Pfarr Marcel,Portiere,Titolare,6.6,0,11,0,0,5,0,0.0,0,0,0,0,0,1,0,0.0,0,0,0.0,0,0,0.0,0,0,1.0,1.0,1,1,1,1,0,0,0.0,0.0,0.0,8.891,0.0,0,4,0,1,0,9,0,0,-0.109,-0.1,0.0,0,0,0,0,0,5,0,0.0,0,0,0.368,7,19,90,90,0,0,0,0.7,28,0.0,0,4,0.824,14,17,40,0,0,0,0,0,0,0,0,0.0,0,0,0,8,0,0,0,17,0,0,0,0,0.0,0,0,0,0,0,56,0
DFB-Pokal,1/32 FINALE,16.08.2025,Hemelingen,Wolfsburg,Ospite,Wolfsburg,Pejcinovic Dzenan,Attaccante,Titolare,10.0,1,2,2,2,0,0,0.0,0,0,0,0,1,0,0,0.0,0,0,0.333,3,1,1.0,1,1,0.6,0.5,4,2,5,3,0,0,0.136,1.929,3.103,0.186,0.0,0,3,0,0,3,0,0,0,0.186,0.186,0.0,0,0,0,2,0,0,4,0.0,0,0,0.0,0,0,90,90,0,1,0,0.842,16,0.727,8,11,0.833,15,18,19,0,0,0,0,0,0,0,0,0.0,0,0,0,0,1,8,0,0,2,2,5,8,1.0,1,1,0,0,11,36,1
DFB-Pokal,1/32 FINALE,16.08.2025,Hemelingen,Wolfsburg,Casa,Hemelingen,Yohena Shizu,Centrocampista,Subentrato,6.3,0,1,0,0,0,0,0.0,0,0,0,0,1,0,0,0.0,0,0,0.0,0,0,0.0,0,0,0.0,0.0,2,0,2,0,0,0,0.0,0.0,0.0,2.645,0.0,0,0,0,0,0,2,0,0,0.645,0.645,0.0,0,0,0,0,0,0,0,0.0,0,0,0.0,0,0,16,15,0,0,0,1.0,1,0.0,0,0,1.0,1,1,1,0,0,0,0,0,0,0,0,0.0,0,0,0,0,0,0,0,2,0,0,0,0,0.0,0,0,0,0,0,4,2
DFB-Pokal,1/32 FINALE,16.08.2025,Hemelingen,Wolfsburg,Ospite,Wolfsburg,Jenz Moritz,Difensore,Subentrato,7.9,0,3,0,0,0,0,0.0,0,0,0,0,0,3,0,0.0,0,0,0.0,0,0,0.0,0,0,0.0,0.0,2,0,2,0,0,0,0.012,0.534,0.894,0.186,0.0,0,4,2,0,1,0,0,0,0.186,0.186,0.0,0,0,0,1,0,0,0,0.0,0,0,0.0,0,0,81,80,0,0,0,1.0,58,1.0,4,4,1.0,57,57,58,0,0,0,0,0,0,0,0,0.0,0,0,0,0,0,1,0,0,0,0,1,1,0.0,0,0,0,0,1,63,0
DFB-Pokal,1/32 FINALE,16.08.2025,Hemelingen,Wolfsburg,Casa,Hemelingen,Berisha Florent,Difensore centrale,Titolare,5.5,0,2,0,0,0,0,0.0,0,0,0,0,1,7,0,0.0,0,0,0.0,0,0,0.0,0,0,0.0,0.0,1,0,1,0,0,0,0.001,0.0,0.0,8.891,0.0,0,1,0,0,0,9,0,0,-0.109,-0.1,0.0,0,0,0,1,0,0,0,0.0,0,0,0.625,5,8,90,90,0,0,1,0.861,31,1.0,1,1,0.861,31,36,36,0,0,0,0,0,0,0,0,0.0,0,0,0,0,0,0,0,9,0,0,0,0,0.0,0,0,0,0,0,46,0
DFB-Pokal,1/32 FINALE,16.08.2025,Hemelingen,Wolfsburg,Ospite,Wolfsburg,Arnold Maximilian,Centrocampista,Titolare,8.4,0,6,0,0,0,0,0.0,17,0,0,0,0,0,0,0.364,4,11,0.0,0,0,0.0,0,0,0.75,0.75,4,3,4,3,0,0,0.254,0.143,0.0,0.186,0.0,0,28,1,3,0,0,0,0,0.186,0.186,0.0,0,0,0,0,0,0,4,0.0,0,0,0.75,6,8,90,90,0,0,0,0.925,99,0.854,35,41,0.932,96,103,107,0,0,0,0,0,0,0,0,0.0,0,0,0,0,1,0,2,0,0,1,0,2,0.0,0,0,0,0,0,129,0
DFB-Pokal,1/32 FINALE,16.08.2025,Hemelingen,Wolfsburg,Casa,Hemelingen,Amadou Radin,Attaccante,Subentrato,6.3,0,0,0,0,0,0,0.0,0,0,0,0,0,0,0,0.0,0,0,0.0,0,0,1.0,1,1,0.25,0.0,3,0,4,1,0,0,0.003,0.034,0.06,7.23,0.0,0,1,1,0,0,7,0,0,0.23,0.239,0.0,0,0,0,1,0,0,0,0.0,0,0,1.0,2,2,71,70,0,1,0,0.714,10,0.5,1,2,0.429,3,7,14,0,0,0,0,0,0,0,0,0.0,0,0,0,0,0,1,0,7,0,0,1,1,0.0,0,0,0,0,1,22,4
DFB-Pokal,1/32 FINALE,16.08.2025,Hemelingen,Wolfsburg,Ospite,Wolfsburg,Gerhardt Yannick,Centrocampista,Subentrato,6.8,0,4,0,0,0,0,0.0,0,0,0,0,0,0,0,0.0,0,0,0.0,0,0,0.0,0,0,1.0,1.0,2,2,2,2,0,0,0.081,0.0,0.0,0.0,0.0,0,5,0,1,0,0,0,0,0.0,0.0,0.0,0,0,0,0,0,0,1,0.0,0,0,1.0,1,1,32,31,0,0,0,0.95,19,0.75,3,4,1.0,18,18,20,0,0,0,0,0,0,0,0,0.0,0,0,0,0,0,0,0,0,0,0,0,0,1.0,1,1,0,0,1,25,0
DFB-Pokal,1/32 FINALE,16.08.2025,Hemelingen,Wolfsburg,Casa,Hemelingen,Isik Berkay,Centrocampista,Titolare,5.9,0,2,0,0,0,0,0.0,0,0,1,0,0,1,0,0.0,0,0,0.0,0,0,0.0,0,0,0.25,0.25,4,1,4,1,0,0,0.0,0.0,0.0,5.348,0.0,0,0,2,0,0,5,0,0,0.348,0.357,0.0,0,0,0,1,0,0,0,0.0,0,0,0.0,0,2,66,66,0,0,0,0.875,14,0.0,0,0,0.875,14,16,16,0,0,0,0,0,0,0,0,0.0,0,0,0,0,0,0,0,5,0,0,0,0,1.0,1,1,0,0,0,22,1
DFB-Pokal,1/32 FINALE,16.08.2025,Hemelingen,Wolfsburg,Ospite,Wolfsburg,Svanberg Mattias,Centrocampista,Subentrato,8.9,1,4,0,1,0,0,0.0,2,0,0,0,0,0,0,1.0,1,1,0.0,1,0,0.0,0,0,0.333,0.333,3,1,3,1,0,0,0.063,0.724,1.367,0.0,0.0,0,1,1,1,2,0,0,0,0.0,0.0,0.0,0,0,0,0,0,0,3,0.0,0,0,0.0,0,1,32,31,0,0,0,0.818,9,0.778,7,9,0.818,9,11,11,0,0,0,0,0,0,0,0,0.0,0,0,0,0,0,3,0,0,0,0,3,3,0.0,0,0,0,1,4,18,1
DFB-Pokal,1/32 FINALE,16.08.2025,Hemelingen,Wolfsburg,Ospite,Wolfsburg,Wimmer Patrick,Ala,Titolare,9.2,2,3,1,1,0,0,0.0,9,0,0,0,1,0,0,0.6,3,5,1.0,1,1,0.0,1,0,0.455,0.5,10,5,11,5,0,0,0.556,0.653,0.434,0.186,0.0,0,9,2,1,0,0,0,0,0.186,0.186,0.0,0,0,0,0,0,0,4,0.0,0,0,0.25,1,4,90,90,0,0,0,0.745,35,0.6,15,25,0.739,34,46,47,0,0,0,1,0,0,0,0,0.0,0,0,0,0,3,6,1,0,0,3,1,7,0.667,3,2,0,0,13,77,4
DFB-Pokal,1/32 FINALE,16.08.2025,Hemelingen,Wolfsburg,Casa,Hemelingen,Hannawald Dean,Terzino,Titolare,5.6,0,4,0,0,0,0,0.0,0,0,0,0,1,4,0,0.0,0,0,0.0,1,0,1.0,1,1,0.6,0.556,9,5,10,6,0,0,0.001,0.0,0.0,8.891,0.0,0,4,1,1,0,9,0,0,-0.109,-0.1,0.0,0,0,0,1,0,0,0,0.0,0,0,0.5,2,4,90,90,0,0,2,0.632,12,0.0,0,3,0.632,12,19,19,1,0,0,0,0,0,0,0,0.0,0,0,0,0,0,0,0,9,0,0,0,0,0.5,4,2,0,0,0,42,2
DFB-Pokal,1/32 FINALE,16.08.2025,Hemelingen,Wolfsburg,Casa,Hemelingen,Sido Serhat,Attaccante,Titolare,5.9,0,0,0,0,0,0,0.0,0,0,1,0,0,0,0,0.0,0,0,0.0,0,0,0.0,1,0,0.0,0.0,5,0,6,0,0,0,0.0,0.0,0.0,1.661,0.0,0,0,3,0,0,2,0,0,-0.339,-0.339,0.0,0,0,0,0,0,0,0,0.0,0,0,0.0,0,0,20,20,0,0,0,1.0,3,0.0,0,0,0.0,0,0,3,0,0,0,0,0,0,0,0,0.0,0,0,0,0,0,0,0,2,0,0,0,0,0.0,0,0,0,0,0,5,2
DFB-Pokal,1/32 FINALE,16.08.2025,Hemelingen,Wolfsburg,Ospite,Wolfsburg,Dardai Bence,Centrocampista,Subentrato,6.9,0,2,0,0,0,0,0.0,1,0,0,0,0,0,0,0.0,0,0,0.0,0,0,0.0,0,0,0.5,0.5,4,2,4,2,0,0,0.022,0.198,0.0,0.0,0.0,0,2,0,0,0,0,0,0,0.0,0.0,0.0,0,0,0,0,0,0,0,0.0,0,0,0.0,0,0,21,20,0,0,0,0.923,12,0.667,2,3,0.923,12,13,13,0,0,0,0,0,0,0,0,0.0,0,0,0,0,1,2,1,0,0,2,0,3,1.0,2,2,0,0,2,21,2
DFB-Pokal,1/32 FINALE,16.08.2025,Hemelingen,Wolfsburg,Casa,Hemelingen,Erten Yusuf,Centrocampista,Titolare,6.5,0,2,0,0,0,0,0.0,0,0,0,0,0,1,0,0.0,0,0,0.0,1,0,0.5,2,1,0.545,0.556,9,5,11,6,0,0,0.002,0.0,0.0,6.246,0.0,0,3,2,1,0,7,0,0,-0.754,-0.745,0.0,0,0,0,1,0,0,0,0.0,0,0,0.667,2,3,75,75,0,0,0,0.824,14,0.667,2,3,0.824,14,17,17,0,0,0,0,0,0,0,0,0.0,0,0,0,0,0,0,0,7,0,0,0,0,1.0,4,4,0,0,0,28,3
DFB-Pokal,1/32 FINALE,16.08.2025,Hemelingen,Wolfsburg,Ospite,Wolfsburg,Koulierakis Konstantinos,Difensore centrale,Titolare,7.2,0,2,0,0,0,0,0.0,2,0,0,0,0,0,0,0.0,0,0,0.0,0,0,0.75,4,3,0.833,1.0,2,2,6,5,0,0,0.011,0.147,0.649,0.186,0.0,0,7,0,1,0,0,0,0,0.186,0.186,0.0,0,0,0,0,0,0,1,0.0,0,0,0.5,2,4,59,59,0,0,0,0.94,63,0.714,5,7,0.939,62,66,67,0,0,0,0,0,0,0,0,0.0,0,0,0,0,0,2,0,0,1,0,2,2,0.0,1,0,0,0,2,73,0
DFB-Pokal,1/32 FINALE,16.08.2025,Hemelingen,Wolfsburg,Casa,Hemelingen,Sahan Kerem,Difensore centrale,Titolare,5.6,0,2,0,0,1,0,0.0,0,0,0,0,0,1,0,0.0,0,0,0.5,2,1,0.0,0,0,0.286,0.286,7,2,7,2,0,0,0.0,0.0,0.0,5.348,0.0,0,2,1,0,0,5,0,0,0.348,0.357,0.0,0,0,0,1,0,0,0,0.0,0,0,0.333,1,3,67,67,0,0,3,0.765,13,0.0,0,2,0.765,13,17,17,0,0,0,0,0,0,0,0,0.0,0,0,0,0,0,0,0,5,0,0,0,0,1.0,1,1,0,0,0,31,4
DFB-Pokal,1/32 FINALE,16.08.2025,Hemelingen,Wolfsburg,Ospite,Wolfsburg,Vini Souza,Centrocampista,Titolare,6.8,0,3,0,2,0,0,0.0,2,0,1,0,0,0,0,0.0,0,0,0.0,1,0,0.0,1,0,0.444,0.5,8,4,9,4,0,0,0.047,0.784,0.321,0.186,0.0,0,8,2,2,0,0,0,0,0.186,0.186,0.0,0,0,0,0,0,0,1,0.0,0,0,0.5,1,2,70,70,0,0,0,0.935,29,0.882,15,17,0.933,28,30,31,0,0,0,0,0,0,0,0,0.0,0,0,0,0,1,3,0,0,0,1,1,3,1.0,2,2,0,0,3,41,2
DFB-Pokal,1/32 FINALE,16.08.2025,Hemelingen,Wolfsburg,Casa,Hemelingen,Nouwame Salem,Terzino,Titolare,5.5,0,5,0,0,0,0,0.0,1,0,0,0,0,0,0,1.0,1,1,0.333,6,2,0.0,1,0,0.471,0.5,16,8,17,8,0,0,0.043,0.0,0.0,8.891,0.0,0,3,1,4,0,9,0,0,-0.109,-0.1,0.0,0,0,0,2,0,0,1,0.0,0,0,0.5,2,4,90,90,0,0,0,0.8,20,0.75,3,4,0.75,15,20,25,0,0,0,0,0,0,0,0,0.0,0,0,0,0,0,0,0,9,0,0,0,0,0.5,2,1,0,0,0,52,5
DFB-Pokal,1/32 FINALE,16.08.2025,Hemelingen,Wolfsburg,Ospite,Wolfsburg,Maehle Joakim,Terzino,Titolare,9.1,0,5,2,0,0,0,0.0,1,0,0,0,0,0,0,0.0,0,0,0.6,5,3,0.0,0,0,0.667,0.667,12,8,12,8,0,0,0.474,0.056,0.0,0.186,0.0,0,6,0,3,0,0,0,0,0.186,0.186,0.0,0,0,0,1,0,0,4,0.0,0,0,0.75,3,4,90,90,0,0,0,0.983,59,1.0,20,20,0.983,58,59,60,0,0,0,0,0,0,0,0,0.0,0,0,0,0,0,1,1,0,1,2,0,2,1.0,2,2,0,0,4,92,3
DFB-Pokal,1/32 FINALE,16.08.2025,Hemelingen,Wolfsburg,Casa,Hemelingen,Ebone Ekweh Cyril-Jeniour,Centrocampista,Subentrato,6.3,0,2,0,0,0,0,0.0,0,0,0,0,0,1,0,0.0,0,0,0.0,0,0,0.0,0,0,0.6,0.6,5,3,5,3,0,0,0.0,0.0,0.0,3.543,0.0,0,0,1,0,0,4,0,0,-0.457,-0.457,0.0,0,0,0,0,0,0,0,0.0,0,0,0.0,0,0,25,24,0,1,0,1.0,4,0.0,0,0,1.0,3,3,4,0,0,0,0,0,0,0,0,0.0,0,0,0,0,0,0,0,4,0,0,0,0,0.667,3,2,0,0,0,9,1
DFB-Pokal,1/32 FINALE,16.08.2025,Hemelingen,Wolfsburg,Casa,Hemelingen,Fenski Nicolas,Ala,Titolare,5.7,0,2,0,0,0,0,0.0,0,0,0,0,1,1,0,0.0,0,0,0.0,1,0,0.0,0,0,0.5,0.5,4,2,4,2,0,0,0.0,0.0,0.0,5.348,0.0,0,1,0,0,0,5,0,0,0.348,0.357,0.0,0,0,0,0,0,0,0,0.0,0,0,0.0,0,1,66,66,0,0,0,0.5,4,0.5,1,2,0.429,3,7,8,0,0,0,0,0,0,0,0,0.0,0,0,0,0,0,0,0,5,0,0,0,0,1.0,2,2,0,0,0,15,1
DFB-Pokal,1/32 FINALE,16.08.2025,Hemelingen,Wolfsburg,Casa,Hemelingen,Prusse Henning,Difensore,Subentrato,6.3,0,0,0,0,0,0,0.0,0,0,0,0,1,1,0,0.0,0,0,0.0,0,0,0.0,0,0,0.667,0.667,3,2,3,2,0,0,0.0,0.0,0.0,3.543,0.0,0,1,0,0,0,4,0,0,-0.457,-0.457,0.0,0,0,0,0,0,0,0,0.0,0,0,0.0,0,1,24,23,0,0,0,0.714,5,0.0,0,1,0.667,4,6,7,0,0,0,0,0,0,0,0,0.0,0,0,0,0,0,0,0,4,0,0,0,0,1.0,2,2,0,0,0,11,0
DFB-Pokal,1/32 FINALE,16.08.2025,Hemelingen,Wolfsburg,Casa,Hemelingen,Genaev Abdula,Centrocampista offensivo,Titolare,5.9,0,1,0,0,0,0,0.0,1,0,0,0,1,1,0,0.0,0,0,0.0,0,0,0.0,1,0,0.4,0.5,4,2,5,2,0,0,0.009,0.0,0.0,8.891,0.0,0,2,1,2,0,9,0,0,-0.109,-0.1,0.0,0,0,0,0,0,0,1,0.0,0,0,1.0,1,1,90,90,0,0,0,0.667,8,0.75,3,4,0.667,8,12,12,0,0,0,0,0,0,0,0,0.0,0,0,0,0,0,0,0,9,0,0,0,0,0.0,0,0,0,0,0,16,0
DFB-Pokal,1/32 FINALE,16.08.2025,Hemelingen,Wolfsburg,Casa,Hemelingen,Cristescu Leonardo,Ala,Titolare,5.6,0,2,0,0,0,0,0.0,0,0,0,0,0,0,0,0.0,0,0,0.0,2,0,0.0,0,0,1.0,1.0,1,1,1,1,0,0,0.001,0.056,0.126,8.891,0.0,0,2,0,0,0,9,0,0,-0.109,-0.1,0.0,0,0,0,0,0,0,0,0.0,0,0,0.0,0,3,90,90,0,0,0,0.667,14,0.333,1,3,0.65,13,20,21,0,0,0,0,0,0,0,0,0.0,0,0,0,0,0,2,0,9,1,1,1,2,1.0,1,1,0,0,2,28,1
DFB-Pokal,1/32 FINALE,16.08.2025,Hemelingen,Wolfsburg,Casa,Hemelingen,Corogli Enes,Centrocampista,Subentrato,6.3,0,2,0,0,0,0,0.0,0,0,1,0,0,0,0,0.0,0,0,0.5,2,1,0.0,0,0,0.5,0.5,4,2,4,2,0,0,0.0,0.0,0.0,3.543,0.0,0,1,1,1,0,4,0,0,-0.457,-0.457,0.0,0,0,0,1,0,0,0,0.0,0,0,0.0,0,1,25,24,0,0,0,0.833,5,0.0,0,1,1.0,5,5,6,0,0,0,0,0,0,0,0,0.0,0,0,0,0,0,0,0,4,0,0,0,0,0.0,0,0,0,0,0,10,0
DFB-Pokal,1/32 FINALE,16.08.2025,Illertissen,Norimberga,Ospite,Norimberga,Knoche Robin,Difensore centrale,Titolare,7.4,0,3,1,0,0,0,0.0,8,0,0,0,0,1,0,0.333,1,3,0.0,0,0,0.5,2,1,0.75,1.0,2,2,4,3,0,0,0.181,0.0,0.0,1.637,0.0,0,16,1,1,0,2,0,0,-0.363,-0.363,0.0,0,0,0,0,0,0,2,0.0,0,0,0.857,6,7,45,45,0,0,0,0.9,63,0.778,14,18,0.9,63,70,70,0,0,0,0,0,0,0,0,0.0,0,0,0,0,0,0,0,2,0,0,0,0,0.0,1,0,0,0,0,81,0
DFB-Pokal,1/32 FINALE,16.08.2025,Illertissen,Norimberga,Ospite,Norimberga,Janisch Tim,Esterno,Titolare,6.3,0,0,0,0,0,0,0.0,2,0,0,0,0,0,0,0.0,0,2,1.0,1,1,0.0,0,0,0.5,0.5,2,1,2,1,0,0,0.009,0.0,0.0,1.637,0.0,0,0,0,0,0,2,0,0,-0.363,-0.363,0.0,0,0,0,0,0,0,0,0.0,0,0,0.0,0,0,90,45,0,0,0,0.952,20,1.0,10,10,0.952,20,21,21,0,0,0,0,0,0,0,0,0.0,0,0,0,0,0,0,0,2,0,0,0,0,0.0,0,0,0,0,0,34,2
DFB-Pokal,1/32 FINALE,16.08.2025,Illertissen,Norimberga,Casa,Illertissen,Zeller Max,Difensore centrale,Titolare,7.7,0,1,0,0,1,0,0.0,0,0,1,0,2,15,0,0.0,0,0,0.0,0,0,1.0,1,1,0.8,0.778,9,7,10,8,0,0,0.001,0.0,0.0,3.143,0.0,0,3,0,2,0,3,0,0,0.143,0.27,0.0,0,0,0,5,0,0,0,0.0,0,0,0.2,1,5,120,120,0,0,4,0.667,8,0.333,1,3,0.667,8,12,12,0,0,0,0,0,0,1,0,0.0,0,0,0,0,0,0,0,3,0,0,0,0,0.2,5,1,0,0,0,43,0
DFB-Pokal,1/32 FINALE,16.08.2025,Illertissen,Norimberga,Ospite,Norimberga,Lochoshvili Luka,Difensore centrale,Titolare,6.4,0,8,0,0,0,0,0.0,1,0,0,0,1,1,0,0.0,0,0,0.0,0,0,0.625,8,5,0.65,0.667,12,8,20,13,1,0,0.24,0.015,0.0,2.288,0.0,0,18,1,2,0,3,0,0,-0.712,-0.712,0.0,0,0,0,4,0,0,1,0.0,0,0,0.429,3,7,120,120,0,0,0,0.904,123,0.762,16,21,0.902,120,133,136,0,0,0,0,1,0,0,0,0.0,0,0,0,0,0,0,1,3,0,1,0,1,0.667,6,4,0,0,3,155,4
DFB-Pokal,1/32 FINALE,16.08.2025,Illertissen,Norimberga,Casa,Illertissen,Heckmann Eduard,Terzino,Titolare,5.9,0,4,0,0,0,0,0.0,4,0,1,0,2,2,0,0.0,0,3,0.0,0,0,0.0,0,0,0.5,0.5,10,5,10,5,0,0,0.003,0.0,0.0,3.143,0.0,0,3,2,1,0,3,0,0,0.143,0.27,0.0,0,0,0,0,0,0,0,0.0,0,0,0.25,1,4,120,120,0,0,1,0.538,7,0.5,2,4,0.538,7,13,13,0,0,0,0,0,0,1,0,0.0,0,0,0,0,0,0,0,3,0,0,0,0,0.5,4,2,0,0,0,35,2
DFB-Pokal,1/32 FINALE,16.08.2025,Illertissen,Norimberga,Casa,Illertissen,Neuberger Maximilian,Difensore centrale,Titolare,6.5,0,4,0,0,0,0,0.0,0,0,1,0,1,14,0,0.0,0,0,0.0,0,0,0.25,4,1,0.273,0.286,7,2,11,3,0,0,0.002,0.0,0.0,3.143,0.0,0,7,3,0,0,3,0,0,0.143,0.27,0.0,0,0,0,2,0,0,0,0.0,0,0,0.2,1,5,120,120,0,0,2,0.619,13,0.429,3,7,0.632,12,19,21,0,0,0,0,0,0,0,0,0.0,0,0,0,0,0,0,0,3,0,0,0,0,1.0,2,2,0,0,0,44,1
DFB-Pokal,1/32 FINALE,16.08.2025,Illertissen,Norimberga,Ospite,Norimberga,Yilmaz Berkay,Centrocampista,Titolare,9.7,1,7,1,0,0,0,0.0,25,0,0,0,0,0,0,0.333,4,12,0.8,15,12,0.0,1,0,0.75,0.783,23,18,24,18,0,0,1.072,0.104,0.685,2.288,0.0,0,13,1,4,1,3,0,0,-0.712,-0.712,0.0,0,0,0,1,0,0,7,1.0,2,2,1.0,2,2,120,120,0,0,0,0.813,78,0.75,48,64,0.806,75,93,96,0,0,0,0,0,0,0,0,0.0,0,0,0,0,1,2,0,3,0,0,1,2,1.0,2,2,0,0,10,144,3
DFB-Pokal,1/32 FINALE,16.08.2025,Illertissen,Norimberga,Casa,Illertissen,Embaye Namrud,Centrocampista,Titolare,6.4,0,1,0,0,0,0,0.0,1,0,0,0,1,6,0,0.0,0,0,0.0,1,0,0.667,3,2,0.5,0.429,7,3,10,5,0,0,0.0,0.0,0.0,2.841,0.0,0,2,2,0,0,3,0,0,-0.159,-0.032,0.0,0,0,0,1,0,0,0,0.0,0,0,0.0,0,2,100,100,0,0,0,0.625,5,0.0,0,2,0.571,4,7,8,0,0,0,0,0,0,0,0,0.0,0,0,0,0,0,0,0,3,0,0,0,0,1.0,3,3,0,0,0,21,0
DFB-Pokal,1/32 FINALE,16.08.2025,Illertissen,Norimberga,Casa,Illertissen,Muth Robin,Centrocampista,Subentrato,6.4,0,1,0,0,0,0,0.0,0,0,0,0,3,2,0,0.0,0,0,0.0,0,0,0.0,0,0,0.429,0.429,7,3,7,3,0,0,0.002,0.0,0.0,2.051,0.0,0,0,1,1,0,2,0,0,0.051,0.178,0.0,0,0,0,0,0,0,0,0.0,0,0,0.0,0,0,31,43,0,0,1,0.636,7,0.333,1,3,0.6,6,10,11,0,0,0,0,0,0,1,0,0.0,0,0,0,0,0,0,0,2,0,0,0,0,0.5,2,1,0,0,0,18,1
DFB-Pokal,1/32 FINALE,16.08.2025,Illertissen,Norimberga,Casa,Illertissen,Milic Denis,Centrocampista offensivo,Titolare,6.6,0,2,0,0,0,0,0.0,2,0,0,0,1,1,0,0.0,0,1,0.0,2,0,0.0,4,0,0.0,0.0,4,0,8,0,0,0,0.004,0.244,0.782,0.76,0.0,0,2,0,0,1,1,0,0,-0.24,-0.24,0.0,0,0,0,0,0,0,0,0.0,0,0,0.0,0,1,66,66,0,0,0,0.429,6,0.25,1,4,0.429,6,14,14,0,0,0,0,0,0,0,0,0.0,0,0,0,0,0,1,0,1,0,0,1,1,0.0,0,0,0,0,2,27,4
DFB-Pokal,1/32 FINALE,16.08.2025,Illertissen,Norimberga,Casa,Illertissen,Hausmann Daniel,Ala,Titolare,7.8,2,6,2,0,0,0,0.0,2,0,0,0,1,3,0,0.0,0,0,0.0,0,0,0.0,1,0,0.0,0.0,1,0,2,0,0,0,0.226,0.0,0.0,1.092,0.0,0,3,0,0,0,1,0,0,0.092,0.092,0.0,0,0,0,1,0,0,2,1.0,1,1,1.0,1,1,90,77,0,0,0,0.8,12,1.0,4,4,0.769,10,13,15,0,0,0,0,0,0,0,0,0.0,0,0,0,0,0,0,0,1,0,0,0,0,0.0,0,0,0,1,1,21,2
DFB-Pokal,1/32 FINALE,16.08.2025,Illertissen,Norimberga,Casa,Illertissen,Gerstmayer Daniel,Centrocampista,Subentrato,6.1,0,3,0,0,0,0,0.0,2,0,0,0,0,0,0,0.0,0,1,0.333,3,1,0.5,2,1,0.25,0.167,6,1,8,2,0,0,0.045,0.0,0.0,0.441,0.0,0,0,2,1,0,0,0,0,0.441,0.441,0.0,0,0,0,0,0,0,0,0.0,0,0,0.0,0,0,30,31,0,0,0,0.6,3,1.0,1,1,0.6,3,5,5,0,0,0,0,0,0,1,0,0.0,0,0,0,0,0,0,0,0,0,0,0,0,0.0,0,0,0,0,0,11,1
DFB-Pokal,1/32 FINALE,16.08.2025,Illertissen,Norimberga,Ospite,Norimberga,Lubach Rafael,Centrocampista,Titolare,8.8,0,1,1,0,0,0,0.0,14,0,0,0,0,0,0,0.429,6,14,0.5,2,1,0.333,3,1,0.733,0.833,12,10,15,11,0,0,0.393,0.157,0.058,2.288,0.0,0,15,3,6,0,3,0,0,-0.712,-0.712,0.0,0,0,0,1,0,0,4,1.0,5,5,0.625,5,8,120,120,0,0,0,0.929,91,0.857,36,42,0.924,85,92,98,0,0,0,0,0,0,1,0,0.0,0,0,0,0,1,0,4,3,0,2,1,4,0.667,3,2,0,0,1,138,2
DFB-Pokal,1/32 FINALE,16.08.2025,Illertissen,Norimberga,Casa,Illertissen,Witte Michel,Portiere,Titolare,8.1,0,10,0,0,2,0,0.0,1,0,1,0,0,4,0,0.0,0,0,0.0,0,0,1.0,3,3,1.0,0.0,0,0,3,3,0,0,0.001,0.0,0.0,3.143,0.0,0,11,0,1,0,3,0,0,0.143,0.27,0.0,0,0,0,0,1,1,0,0.0,0,0,0.214,9,42,120,120,0,0,0,0.292,14,0.091,1,11,0.364,4,11,48,0,0,0,0,0,2,0,0,0.0,0,0,2,7,0,0,0,10,0,0,0,0,0.0,0,0,0,0,0,61,0
DFB-Pokal,1/32 FINALE,16.08.2025,Illertissen,Norimberga,Casa,Illertissen,Golz Marco,Terzino,Titolare,6.1,0,3,0,0,0,0,0.0,1,0,0,0,4,4,0,0.0,0,0,0.5,2,1,1.0,1,1,0.5,0.444,9,4,10,5,0,0,0.0,0.0,0.0,1.092,0.0,0,5,0,1,0,1,0,0,0.092,0.092,0.0,0,0,0,2,0,0,0,0.0,0,0,0.0,0,6,90,77,0,0,0,0.444,8,0.0,0,5,0.444,8,18,18,0,0,0,0,0,0,0,0,0.0,0,0,0,0,0,0,0,1,0,0,0,0,0.5,2,1,0,0,0,37,0
DFB-Pokal,1/32 FINALE,16.08.2025,Illertissen,Norimberga,Ospite,Norimberga,Stepanov Artem,Attaccante,Subentrato,7.8,0,0,1,2,0,0,0.0,0,0,0,0,0,0,0,0.0,0,0,0.667,3,2,0.5,2,1,0.5,0.5,6,3,8,4,0,0,0.473,0.522,0.516,0.651,0.0,0,0,2,0,1,1,0,0,-0.349,-0.349,0.0,0,0,0,0,0,0,1,0.667,2,3,0.0,0,0,75,75,0,1,1,0.875,14,0.9,9,10,0.867,13,15,16,0,0,0,0,0,0,0,0,0.0,0,0,0,0,1,4,0,1,2,1,2,4,0.0,1,0,0,0,11,30,0
DFB-Pokal,1/32 FINALE,16.08.2025,Illertissen,Norimberga,Casa,Illertissen,Ruhle Tobias,Attaccante,Subentrato,7.5,0,1,0,0,0,0,0.0,1,0,1,0,0,0,0,0.0,0,0,0.0,1,0,1.0,3,3,0.529,0.429,14,6,17,9,0,0,0.002,0.054,0.651,2.383,0.0,0,4,7,5,1,2,0,0,0.383,0.51,0.0,0,0,0,0,0,0,0,0.0,0,0,0.0,0,1,55,54,0,0,0,0.692,9,0.333,2,6,0.6,6,10,13,0,0,0,0,0,0,1,0,0.0,0,0,0,0,0,1,0,2,1,0,1,1,1.0,1,1,0,0,2,25,3
DFB-Pokal,1/32 FINALE,16.08.2025,Illertissen,Norimberga,Casa,Illertissen,Hingerl Marco,Centrocampista,Titolare,6.3,0,4,0,0,0,0,0.0,0,0,1,0,0,4,0,0.0,0,0,0.0,1,0,0.667,3,2,0.429,0.25,4,1,7,3,0,0,0.003,0.0,0.0,2.702,0.0,0,2,2,0,0,3,0,0,-0.298,-0.171,0.0,0,0,0,1,0,0,0,0.0,0,0,0.0,0,4,89,89,0,0,1,0.733,11,0.5,1,2,0.733,11,15,15,0,0,0,0,0,0,0,0,0.0,0,0,0,0,0,0,0,3,0,0,0,0,1.0,1,1,0,0,0,25,1
DFB-Pokal,1/32 FINALE,16.08.2025,Illertissen,Norimberga,Casa,Illertissen,Ekinci Patrick,Difensore,Subentrato,6.3,0,0,0,1,0,0,0.0,0,0,0,0,0,1,0,0.0,0,0,0.0,0,0,0.0,1,0,0.0,0.0,0,0,1,0,0,0,0.0,0.125,0.0,0.301,0.0,0,0,0,0,0,0,0,0,0.301,0.301,0.0,0,0,0,0,0,0,0,0.0,0,0,0.0,0,0,21,20,0,0,2,0.5,1,0.0,0,0,0.5,1,2,2,0,0,0,0,0,0,0,0,0.0,0,0,0,0,0,1,0,0,1,1,0,1,0.0,0,0,0,0,1,6,0
DFB-Pokal,1/32 FINALE,16.08.2025,Illertissen,Norimberga,Casa,Illertissen,Glessing Yannick,Attaccante,Titolare,6.2,0,3,0,0,0,0,0.0,2,0,1,0,3,3,0,0.0,0,0,0.0,1,0,0.143,7,1,0.292,0.353,17,6,24,7,0,0,0.079,0.306,0.856,3.143,0.0,0,3,4,4,1,3,0,0,0.143,0.27,0.0,0,0,0,1,0,0,1,1.0,1,1,0.667,2,3,120,120,0,0,0,0.824,14,0.833,5,6,0.813,13,16,17,1,0,0,0,0,0,0,0,0.0,0,0,0,0,1,1,1,3,0,0,1,2,1.0,2,2,0,0,1,38,5
DFB-Pokal,1/32 FINALE,16.08.2025,Illertissen,Norimberga,Ospite,Norimberga,Maboulou Noah,Attaccante,Subentrato,6.4,0,4,0,2,0,0,0.0,2,0,1,0,0,0,0,0.5,1,2,0.25,4,1,0.5,2,1,0.4,0.375,8,3,10,4,0,0,0.042,0.585,0.804,0.651,0.0,0,1,2,2,0,1,0,0,-0.349,-0.349,0.0,0,0,0,0,0,0,0,0.0,0,0,1.0,1,1,57,56,0,0,0,0.875,14,0.857,6,7,0.875,14,16,16,0,0,0,0,1,0,0,0,0.0,0,0,0,0,3,5,1,1,1,1,2,6,0.0,0,0,0,0,5,32,1
DFB-Pokal,1/32 FINALE,16.08.2025,Illertissen,Norimberga,Casa,Illertissen,Cocic Milos,Ala,Titolare,7.1,1,3,2,0,0,0,0.0,11,0,0,0,1,5,0,0.286,2,7,0.0,1,0,1.0,2,2,0.375,0.167,6,1,8,3,0,0,0.191,0.071,0.0,3.143,0.0,0,8,2,0,0,3,0,0,0.143,0.27,0.0,0,0,0,0,0,0,2,0.0,0,0,0.286,2,7,120,120,0,0,0,0.6,15,0.444,4,9,0.619,13,21,25,0,0,0,0,1,0,0,0,0.0,0,0,0,0,0,1,0,3,0,1,0,1,1.0,1,1,0,0,2,47,2
DFB-Pokal,1/32 FINALE,16.08.2025,Illertissen,Norimberga,Ospite,Norimberga,Koudossou Henri,Esterno,Titolare,6.9,0,2,0,1,0,0,0.0,10,0,0,0,0,1,0,0.0,0,6,0.333,6,2,0.0,0,0,0.6,0.6,5,3,5,3,0,0,0.055,0.136,0.0,2.288,0.0,0,7,0,1,0,3,0,0,-0.712,-0.712,0.0,0,0,0,0,0,0,1,0.0,0,0,0.0,0,1,89,89,0,0,0,0.906,58,0.909,20,22,0.906,58,64,64,0,0,0,0,0,0,0,0,0.0,0,0,0,0,0,1,1,3,0,2,0,2,0.0,0,0,0,0,3,95,3
DFB-Pokal,1/32 FINALE,16.08.2025,Illertissen,Norimberga,Ospite,Norimberga,Gruber Fabio,Difensore centrale,Titolare,7.2,0,7,0,0,0,0,0.0,0,0,0,0,0,2,0,0.0,0,0,1.0,1,1,0.714,7,5,0.643,0.571,7,4,14,9,0,0,0.036,0.122,0.081,2.288,0.0,0,16,3,1,0,3,0,0,-0.712,-0.712,0.0,0,0,0,1,0,0,0,0.0,0,0,0.455,5,11,120,120,0,0,0,0.893,108,0.8,20,25,0.891,106,119,121,0,0,0,0,0,0,1,0,0.0,0,0,0,0,0,2,0,3,2,1,1,2,1.0,2,2,0,0,2,138,3
DFB-Pokal,1/32 FINALE,16.08.2025,Illertissen,Norimberga,Casa,Illertissen,Irigoyen Clayton,Difensore,Subentrato,5.9,0,1,0,0,0,0,0.0,0,0,0,0,5,0,0,0.0,0,0,0.0,0,0,0.0,0,0,0.0,0.0,6,0,6,0,0,0,0.004,0.0,0.0,2.051,0.0,0,2,1,0,0,2,0,0,0.051,0.178,0.0,0,0,0,1,0,0,0,0.0,0,0,0.0,0,0,31,43,0,0,1,0.857,12,0.8,4,5,0.857,12,14,14,0,0,0,0,0,0,1,0,0.0,0,0,0,0,0,0,0,2,0,0,0,0,0.0,0,0,0,0,1,18,0
DFB-Pokal,1/32 FINALE,16.08.2025,Illertissen,Norimberga,Ospite,Norimberga,Chaikhoun Ayoub,Centrocampista,Titolare,7.5,0,4,1,1,0,0,0.0,8,0,0,0,0,0,0,0.0,0,5,0.0,0,0,0.0,1,0,0.5,1.0,1,1,2,1,0,0,0.446,0.377,0.0,2.288,0.0,0,11,0,0,0,3,0,0,-0.712,-0.712,0.0,0,0,0,1,0,0,2,1.0,1,1,0.667,2,3,120,120,0,0,0,0.89,73,0.786,22,28,0.889,72,81,82,0,0,0,0,0,0,0,0,0.0,0,0,0,0,4,4,2,3,0,2,0,6,1.0,1,1,0,1,4,98,1
DFB-Pokal,1/32 FINALE,16.08.2025,Illertissen,Norimberga,Ospite,Norimberga,Biron Mickael,Attaccante,Titolare,5.9,0,1,0,1,0,0,0.0,1,0,0,0,1,0,0,0.0,0,0,0.0,2,0,0.333,3,1,0.167,0.0,3,0,6,1,0,0,0.03,0.196,0.0,1.637,0.0,0,0,0,0,0,2,0,0,-0.363,-0.363,0.0,0,0,0,1,0,0,1,0.0,0,1,0.0,0,0,64,64,0,0,0,0.688,11,0.5,5,10,0.615,8,13,16,0,0,0,0,0,0,0,0,0.0,0,0,0,0,0,1,0,2,1,1,0,1,0.0,0,0,0,0,3,25,4
DFB-Pokal,1/32 FINALE,16.08.2025,Illertissen,Norimberga,Ospite,Norimberga,Jander Caspar,Centrocampista,Subentrato,9.8,1,4,3,0,0,0,0.0,3,0,0,0,0,0,0,0.0,0,2,1.0,3,3,0.0,0,0,0.846,0.846,13,11,13,11,0,0,0.48,0.138,0.05,0.651,0.0,0,14,1,7,0,1,0,0,-0.349,-0.349,0.0,0,0,0,0,0,0,7,0.0,0,0,0.8,4,5,30,75,0,0,0,0.973,71,0.941,32,34,0.986,69,70,73,0,0,0,1,0,0,1,0,0.0,0,0,0,0,1,0,3,1,0,1,1,3,0.0,1,0,0,0,9,92,2
DFB-Pokal,1/32 FINALE,16.08.2025,Illertissen,Norimberga,Ospite,Norimberga,Telalovic Semir,Attaccante,Titolare,7.3,0,2,0,0,0,0,0.0,0,0,1,0,0,1,0,0.0,0,0,0.0,5,0,0.5,4,2,0.286,0.2,10,2,14,4,0,0,0.02,1.364,0.948,2.288,0.0,0,1,2,1,1,3,0,1,-0.712,-0.712,0.0,0,0,0,0,0,0,0,0.0,0,0,1.0,1,1,120,120,0,0,0,0.769,10,0.714,5,7,0.769,10,13,13,0,0,0,0,0,0,1,0,0.0,0,0,0,0,2,6,0,3,2,2,2,6,1.0,1,1,0,0,12,37,7
DFB-Pokal,1/32 FINALE,16.08.2025,Illertissen,Norimberga,Ospite,Norimberga,Karafiat Ondrej,Difensore,Subentrato,7.0,0,2,0,0,0,0,0.0,9,0,0,0,0,1,0,0.2,1,5,0.5,2,1,0.5,2,1,0.6,0.667,3,2,5,3,0,0,0.129,0.0,0.0,0.0,0.0,0,6,0,0,0,0,0,0,0.0,0.0,0.0,0,0,0,1,0,0,1,0.0,0,0,0.0,0,1,30,31,0,0,0,0.909,30,0.895,17,19,0.9,27,30,33,0,0,0,0,0,0,1,0,0.0,0,0,0,0,0,0,0,0,0,0,0,0,1.0,1,1,0,0,2,47,1
DFB-Pokal,1/32 FINALE,16.08.2025,Illertissen,Norimberga,Ospite,Norimberga,Mathenia Christian,Portiere,Titolare,5.7,0,12,0,0,0,0,0.0,0,0,1,0,0,0,0,0.0,0,0,0.0,0,0,0.0,0,0,0.0,0.0,0,0,0,0,0,0,0.001,0.0,0.0,2.288,0.0,0,2,0,0,0,3,0,0,-0.712,-0.712,1.0,1,1,0,0,0,7,0,0.0,0,0,0.625,5,8,120,120,0,0,0,0.923,36,0.0,0,2,0.966,28,29,39,0,0,0,0,0,0,0,0,0.0,0,0,0,0,0,0,0,3,0,0,0,0,0.0,0,0,0,0,0,48,0
DFB-Pokal,1/32 FINALE,16.08.2025,Norderstedt,St. Pauli,Ospite,St. Pauli,Metcalfe Connor,Attaccante,Subentrato,7.0,0,1,2,0,0,0,0.0,3,0,0,0,0,0,0,0.5,1,2,0.0,0,0,0.0,1,0,0.5,1.0,1,1,2,1,0,0,0.076,0.0,0.0,0.692,0.0,0,1,0,0,0,0,0,0,0.692,0.692,0.0,0,0,0,0,0,0,2,0.0,0,0,1.0,1,1,30,31,0,0,1,1.0,10,1.0,5,5,1.0,10,10,10,0,0,0,0,0,0,0,0,0.0,0,0,0,0,0,0,0,0,0,0,0,0,1.0,1,1,0,0,1,16,1
DFB-Pokal,1/32 FINALE,16.08.2025,Norderstedt,St. Pauli,Ospite,St. Pauli,Saliakas Manolis,Difensore,Subentrato,7.1,0,2,0,0,0,0,0.0,10,0,0,0,1,0,0,0.444,4,9,0.0,0,0,0.0,1,0,0.333,0.5,2,1,3,1,0,0,0.244,0.0,0.0,0.998,0.0,0,9,0,0,0,0,0,0,0.998,0.998,0.0,0,0,0,1,0,0,2,0.0,0,0,0.333,1,3,61,60,0,1,0,0.886,31,0.818,18,22,0.886,31,35,35,0,0,0,0,0,0,0,0,0.0,0,0,0,0,0,0,0,0,0,0,0,0,1.0,1,1,0,0,0,53,0
DFB-Pokal,1/32 FINALE,16.08.2025,Norderstedt,St. Pauli,Ospite,St. Pauli,Sinani Danel,Attaccante,Titolare,7.5,0,3,2,2,0,0,0.0,22,0,0,0,1,1,0,0.083,1,12,0.5,2,1,0.0,3,0,0.1,0.143,7,1,10,1,0,0,0.634,0.728,0.741,0.998,0.0,0,17,4,0,0,0,0,0,0.998,0.998,0.0,0,0,0,0,0,0,4,1.0,1,1,0.0,0,2,120,120,0,0,0,0.778,56,0.729,43,59,0.783,54,69,72,0,0,0,0,0,0,1,0,0.0,0,0,0,0,3,5,3,0,0,1,4,8,0.0,0,0,0,0,16,104,5
DFB-Pokal,1/32 FINALE,16.08.2025,Norderstedt,St. Pauli,Ospite,St. Pauli,Vasilj Nikola,Portiere,Titolare,7.8,0,11,0,0,0,0,0.0,0,0,0,0,0,1,0,0.0,0,0,0.0,0,0,0.0,0,0,0.0,0.0,0,0,0,0,0,0,0.0,0.0,0.0,0.998,0.0,0,1,0,0,0,0,0,0,0.998,0.998,0.0,0,0,0,0,2,3,0,0.0,0,0,0.333,1,3,120,120,0,0,0,0.941,32,0.0,0,1,0.926,25,27,34,0,0,0,0,0,1,0,0,0.0,0,0,0,3,0,0,0,3,0,0,0,0,0.0,0,0,0,0,0,41,0
DFB-Pokal,1/32 FINALE,16.08.2025,Norderstedt,St. Pauli,Ospite,St. Pauli,Sands James,Centrocampista,Titolare,7.4,0,2,0,0,0,0,0.0,7,0,0,0,0,0,0,0.0,0,1,1.0,1,1,1.0,1,1,0.6,0.556,9,5,10,6,0,0,0.137,0.038,0.0,0.307,0.0,0,11,1,0,0,0,0,0,0.307,0.307,0.0,0,0,0,0,0,0,2,1.0,3,3,0.0,0,1,89,89,0,0,0,0.87,60,0.824,28,34,0.868,59,68,69,0,0,0,0,0,0,0,0,0.0,0,0,0,0,1,0,1,0,0,0,0,1,0.75,4,3,0,0,2,87,6
DFB-Pokal,1/32 FINALE,16.08.2025,Norderstedt,St. Pauli,Ospite,St. Pauli,Afolayan Oladapo,Attaccante,Subentrato,6.9,0,0,0,0,0,0,0.0,3,0,0,0,0,0,0,1.0,1,1,0.5,4,2,0.0,0,0,0.7,0.7,10,7,10,7,0,0,0.056,0.13,0.023,0.998,0.0,0,2,2,3,0,0,0,0,0.998,0.998,0.0,0,0,0,0,0,0,2,1.0,3,3,1.0,1,1,61,60,0,0,0,0.655,19,0.5,9,18,0.643,18,28,29,0,0,0,0,0,0,0,0,0.0,0,0,0,0,1,1,1,0,0,0,1,2,1.0,2,2,0,0,6,51,6
DFB-Pokal,1/32 FINALE,16.08.2025,Norderstedt,St. Pauli,Ospite,St. Pauli,Fujita Joel,Centrocampista,Titolare,7.9,0,12,1,0,0,0,0.0,15,0,0,0,1,0,0,0.0,0,2,0.0,0,0,0.5,2,1,0.583,0.6,10,6,12,7,0,0,0.449,0.368,0.09,0.998,0.0,0,14,1,3,0,0,0,0,0.998,0.998,0.0,0,0,0,3,0,0,4,0.0,0,0,0.444,4,9,120,120,0,1,1,0.778,56,0.629,22,35,0.775,55,71,72,0,0,0,0,1,0,0,0,0.0,0,0,0,0,2,4,0,0,0,1,1,4,0.667,3,2,0,0,9,95,5
DFB-Pokal,1/32 FINALE,16.08.2025,Norderstedt,St. Pauli,Ospite,St. Pauli,Ceesay Abdoulie,Attaccante,Subentrato,6.3,0,0,0,1,0,0,0.0,0,0,0,0,1,0,0,0.0,0,0,0.0,0,0,0.25,4,1,0.167,0.0,2,0,6,1,0,0,0.006,0.654,0.386,0.692,0.0,0,0,1,0,0,0,0,0,0.692,0.692,0.0,0,0,0,0,0,0,0,1.0,1,1,0.0,0,0,31,31,0,0,0,0.5,5,0.375,3,8,0.5,5,10,10,0,0,0,0,0,0,0,0,0.0,0,0,0,0,0,5,0,0,3,2,3,5,0.0,0,0,0,0,10,16,1
DFB-Pokal,1/32 FINALE,16.08.2025,Norderstedt,St. Pauli,Ospite,St. Pauli,Wahl Hauke,Difensore centrale,Titolare,7.7,0,7,0,0,0,0,0.0,3,0,0,0,0,3,0,0.0,0,2,0.0,0,0,0.5,8,4,0.6,1.0,2,2,10,6,0,0,0.382,0.196,0.147,0.998,0.0,0,34,0,1,0,0,0,0,0.998,0.998,0.0,0,0,0,1,0,0,0,0.0,0,0,0.667,2,3,120,120,0,0,0,0.951,137,0.893,50,56,0.951,136,143,144,0,0,0,0,1,0,0,0,0.0,0,0,0,0,1,2,1,0,2,1,1,3,1.0,1,1,0,0,6,162,1
DFB-Pokal,1/32 FINALE,16.08.2025,Norderstedt,St. Pauli,Ospite,St. Pauli,Ritzka Lars,Difensore,Subentrato,,0,0,0,0,0,0,0.0,0,0,0,0,0,0,0,0.0,0,0,0.0,0,0,0.0,0,0,0.0,0.0,0,0,0,0,0,0,0.003,0.0,0.0,0.692,0.0,0,2,0,0,0,0,0,0,0.692,0.692,0.0,0,0,0,0,0,0,0,0.0,0,0,0.0,0,0,9,8,0,0,0,0.875,7,0.667,2,3,0.875,7,8,8,0,0,0,0,0,0,0,0,0.0,0,0,0,0,0,0,0,0,0,0,0,0,0.0,0,0,0,0,0,8,0
DFB-Pokal,1/32 FINALE,16.08.2025,Norderstedt,St. Pauli,Ospite,St. Pauli,Pyrka Arkadiusz,Esterno,Titolare,7.4,0,3,1,0,0,0,0.0,8,0,0,0,0,0,0,0.0,0,6,0.0,2,0,0.0,1,0,0.556,0.625,8,5,9,5,0,0,0.175,0.03,0.033,0.0,0.0,0,3,0,4,0,0,0,0,0.0,0.0,0.0,0,0,0,0,0,0,4,0.0,0,0,1.0,2,2,60,60,0,0,0,0.923,48,0.862,25,29,0.922,47,51,52,0,0,0,0,0,0,0,0,0.0,0,0,0,0,0,1,0,0,0,0,1,1,1.0,1,1,0,0,4,74,2
DFB-Pokal,1/32 FINALE,16.08.2025,Norderstedt,St. Pauli,Ospite,St. Pauli,Pereira Lage Mathias,Centrocampista offensivo,Titolare,7.3,0,4,0,1,0,0,0.0,18,0,0,0,0,0,0,0.467,7,15,0.0,2,0,0.0,2,0,0.143,0.2,5,1,7,1,0,0,1.038,0.406,0.522,0.307,0.0,0,0,0,0,0,0,0,0,0.307,0.307,0.0,0,0,0,1,0,0,4,1.0,4,4,0.0,0,0,90,89,0,0,0,0.813,26,0.706,12,17,0.813,26,32,32,0,0,0,0,0,0,0,0,0.0,0,0,0,0,0,3,1,0,0,2,2,4,1.0,1,1,0,0,8,59,4
DFB-Pokal,1/32 FINALE,16.08.2025,Norderstedt,St. Pauli,Ospite,St. Pauli,Oppie Louis,Esterno,Titolare,7.8,0,8,0,1,0,0,0.0,8,0,0,0,0,2,0,0.25,1,4,0.0,3,0,1.0,1,1,0.5,0.4,5,2,6,3,0,0,0.484,0.303,0.232,0.998,0.0,0,7,0,1,0,0,0,0,0.998,0.998,0.0,0,0,0,0,0,0,5,0.0,0,0,1.0,3,3,120,120,0,0,0,0.868,59,0.724,21,29,0.864,57,66,68,0,0,0,0,0,0,1,0,0.0,0,0,0,0,1,3,2,0,0,2,2,5,1.0,1,1,0,0,7,102,1
DFB-Pokal,1/32 FINALE,16.08.2025,Norderstedt,St. Pauli,Ospite,St. Pauli,Hountondji Andreas,Centrocampista offensivo,Titolare,6.6,0,0,0,2,0,0,0.0,3,0,0,0,0,0,0,0.0,0,3,0.5,2,1,0.0,0,0,0.5,0.5,2,1,2,1,0,0,0.052,0.586,0.179,0.0,0.0,0,0,0,0,0,0,0,0,0.0,0.0,0.0,0,0,0,0,0,0,1,0.75,3,4,0.0,0,0,60,60,0,0,0,0.714,10,0.889,8,9,0.714,10,14,14,0,0,0,0,0,0,0,0,0.0,0,0,0,0,3,4,1,0,0,1,1,5,0.0,0,0,0,0,7,29,4
DFB-Pokal,1/32 FINALE,16.08.2025,Norderstedt,St. Pauli,Ospite,St. Pauli,Smith Eric,Difensore centrale,Titolare,8.5,0,9,1,0,0,0,0.0,6,0,0,0,0,3,0,0.667,2,3,0.0,0,0,0.5,6,3,0.5,0.0,0,0,6,3,0,0,0.496,0.0,0.0,0.307,0.0,0,23,0,0,0,0,0,0,0.307,0.307,0.0,0,0,0,2,0,0,1,0.0,0,0,0.615,8,13,112,112,0,0,0,0.956,152,0.862,25,29,0.955,147,154,159,0,0,0,0,0,0,0,0,0.0,0,0,0,0,0,0,0,0,0,0,0,0,0.0,0,0,0,0,0,170,0
DFB-Pokal,1/32 FINALE,16.08.2025,Norderstedt,St. Pauli,Ospite,St. Pauli,Nemeth David,Difensore centrale,Titolare,8.0,0,5,0,0,0,0,0.0,1,0,0,0,2,4,0,0.0,0,0,0.333,3,1,0.444,9,4,0.438,0.429,7,3,16,7,0,0,0.301,0.27,0.0,0.998,0.0,0,21,1,1,0,0,0,0,0.998,0.998,0.0,0,0,0,0,0,0,2,0.0,0,0,0.5,3,6,120,120,0,0,0,0.946,122,0.882,30,34,0.946,122,129,129,0,0,0,0,0,0,1,0,0.0,0,0,0,0,2,3,0,0,2,1,0,3,1.0,1,1,0,0,6,145,1
DFB-Pokal,1/32 FINALE,16.08.2025,Norderstedt,St. Pauli,Casa,Norderstedt,Grau Fabian,Difensore centrale,Titolare,7.4,0,3,0,0,1,0,0.0,1,0,0,0,1,14,0,0.0,0,0,1.0,1,1,0.25,4,1,0.429,0.667,3,2,7,3,0,0,0.008,0.202,0.307,2.354,0.0,0,6,0,0,0,0,0,0,2.354,2.354,0.0,0,0,0,2,0,0,0,0.0,0,0,0.6,6,10,120,120,0,1,5,0.696,16,0.571,4,7,0.706,12,17,23,0,0,0,0,0,0,0,0,0.0,0,0,0,0,1,4,0,0,2,2,1,4,1.0,1,1,0,0,5,54,0
DFB-Pokal,1/32 FINALE,16.08.2025,Norderstedt,St. Pauli,Casa,Norderstedt,Gross Falk Christopher,Centrocampista,Subentrato,6.8,0,1,0,0,0,0,0.0,0,0,0,0,3,2,0,0.0,0,0,0.0,0,0,0.0,1,0,0.222,0.25,8,2,9,2,0,0,0.005,0.092,0.526,1.486,0.0,0,1,1,0,0,0,0,0,1.486,1.486,0.0,0,0,0,0,0,0,1,0.0,0,0,0.5,1,2,75,75,0,0,0,0.625,5,1.0,2,2,0.625,5,8,8,0,0,0,0,0,0,1,0,0.0,0,0,0,0,0,1,0,0,0,0,1,1,0.5,2,1,0,0,1,18,4
DFB-Pokal,1/32 FINALE,16.08.2025,Norderstedt,St. Pauli,Casa,Norderstedt,Gutmann Nick,Esterno,Titolare,7.1,0,4,0,0,0,0,0.0,1,0,0,0,0,7,0,0.0,0,0,0.0,1,0,1.0,1,1,0.667,0.625,8,5,9,6,0,0,0.016,0.0,0.0,2.354,0.0,0,2,1,0,0,0,0,0,2.354,2.354,0.0,0,0,0,2,0,0,0,0.0,0,0,0.0,0,1,120,119,0,0,1,0.667,12,0.5,2,4,0.667,12,18,18,0,0,0,0,0,0,0,0,0.0,0,0,0,0,0,0,0,0,0,0,0,0,0.8,5,4,0,0,2,42,1
DFB-Pokal,1/32 FINALE,16.08.2025,Norderstedt,St. Pauli,Casa,Norderstedt,Kruger Lukas,Attaccante,Titolare,5.6,0,2,0,0,0,0,0.0,1,0,0,0,0,0,0,0.0,0,0,0.333,3,1,0.5,4,2,0.375,0.25,4,1,8,3,0,0,0.009,0.0,0.0,2.092,0.0,0,3,0,0,0,0,0,0,2.092,2.092,0.0,0,0,0,0,0,0,0,0.0,0,0,0.5,1,2,90,90,0,0,0,0.563,9,0.25,1,4,0.533,8,15,16,0,0,0,0,0,0,0,0,0.0,0,0,0,0,0,0,0,0,0,0,0,0,0.0,0,0,0,0,0,20,1
DFB-Pokal,1/32 FINALE,16.08.2025,Norderstedt,St. Pauli,Casa,Norderstedt,Brendel Manuel,Attaccante,Subentrato,6.4,0,2,0,0,0,0,0.0,0,0,0,0,0,0,0,1.0,1,1,0.0,0,0,1.0,4,4,1.0,1.0,1,1,5,5,0,0,0.014,0.232,0.0,0.262,0.0,0,4,0,1,0,0,0,0,0.262,0.262,0.0,0,0,0,0,0,0,0,0.0,0,0,1.0,2,2,30,30,0,0,0,0.5,6,0.5,3,6,0.455,5,11,12,0,0,0,0,1,0,0,0,0.0,0,0,0,0,0,1,0,0,0,1,0,1,0.0,0,0,0,0,1,17,1
DFB-Pokal,1/32 FINALE,16.08.2025,Norderstedt,St. Pauli,Casa,Norderstedt,Koch Philipp,Centrocampista,Subentrato,,0,0,0,0,0,0,0.0,0,0,0,0,0,0,0,0.0,0,0,0.0,0,0,0.0,0,0,0.0,0.0,0,0,0,0,0,0,0.0,0.0,0.0,0.0,0.0,0,0,0,0,0,0,0,0,0.0,0.0,0.0,0,0,0,0,0,0,0,0.0,0,0,0.0,0,0,1,1,0,0,0,0.0,0,0.0,0,0,0.0,0,0,0,0,0,0,0,1,0,0,0,0.0,0,0,0,0,0,0,0,0,0,0,0,0,0.0,0,0,0,0,0,0,0
DFB-Pokal,1/32 FINALE,16.08.2025,Norderstedt,St. Pauli,Casa,Norderstedt,Frahm Moritz,Difensore centrale,Titolare,7.5,0,1,0,0,0,0,0.0,0,0,0,0,1,19,0,0.0,0,0,0.0,0,0,0.75,4,3,0.6,0.5,6,3,10,6,0,0,0.004,0.0,0.0,2.354,0.0,0,2,2,0,0,0,0,0,2.354,2.354,0.0,0,0,0,4,0,0,0,0.0,0,0,0.75,3,4,120,120,0,0,2,0.813,13,0.5,1,2,0.8,12,15,16,0,0,0,0,0,0,1,0,0.0,0,0,0,0,0,0,0,0,0,0,0,0,0.333,3,1,0,0,0,48,1
DFB-Pokal,1/32 FINALE,16.08.2025,Norderstedt,St. Pauli,Casa,Norderstedt,Bera Leo,Esterno,Titolare,6.5,0,0,0,0,0,0,0.0,2,0,1,0,1,5,0,0.0,0,1,0.0,1,0,0.0,0,0,0.5,0.5,8,4,8,4,0,0,0.001,0.0,0.0,1.268,0.0,0,3,2,0,0,0,0,0,1.268,1.268,0.0,0,0,0,1,0,0,0,0.0,0,0,0.333,1,3,69,69,0,0,0,0.364,4,0.0,0,3,0.364,4,11,11,0,0,0,0,0,0,0,0,0.0,0,0,0,0,0,0,0,0,0,0,0,0,0.75,4,3,0,0,0,27,2
DFB-Pokal,1/32 FINALE,16.08.2025,Norderstedt,St. Pauli,Casa,Norderstedt,Obushnyi Yevgeniy,Centrocampista,Titolare,7.6,0,5,0,0,0,0,0.0,2,0,1,0,0,8,0,1.0,1,1,0.5,2,1,0.7,10,7,0.72,0.733,15,11,25,18,0,0,0.025,0.0,0.0,2.354,0.0,0,5,2,4,0,0,0,0,2.354,2.354,0.0,0,0,0,5,0,0,0,0.0,0,0,0.2,1,5,120,120,0,0,0,0.5,18,0.429,3,7,0.5,17,34,36,0,0,0,0,0,0,0,0,0.0,0,0,0,0,0,0,0,0,0,0,0,0,0.667,6,4,0,0,0,75,5
DFB-Pokal,1/32 FINALE,16.08.2025,Norderstedt,St. Pauli,Casa,Norderstedt,Ampofo Ezra,Attaccante,Subentrato,6.9,0,1,0,0,0,0,0.0,1,0,0,0,0,2,0,0.0,0,1,1.0,2,2,0.0,2,0,0.4,0.667,3,2,5,2,0,0,0.117,0.193,0.166,1.085,0.0,0,1,1,0,0,0,0,0,1.085,1.085,0.0,0,0,0,0,0,0,2,0.0,0,0,0.0,0,0,52,51,0,0,0,0.714,10,0.667,4,6,0.714,10,14,14,0,0,0,0,0,0,0,0,0.0,0,0,0,0,0,1,0,0,0,0,1,1,0.0,0,0,0,0,5,23,2
DFB-Pokal,1/32 FINALE,16.08.2025,Norderstedt,St. Pauli,Casa,Norderstedt,Huxsohl Lars,Portiere,Titolare,9.6,0,21,0,0,4,0,0.0,2,0,0,0,0,9,0,0.0,0,0,0.0,0,0,1.0,2,2,1.0,0.0,0,0,2,2,0,0,0.0,0.0,0.0,2.354,0.0,0,11,0,1,0,0,0,0,2.354,2.354,0.0,0,0,0,0,0,12,0,0.0,0,0,0.13,3,23,120,120,0,0,0,0.286,8,0.0,0,11,0.375,3,8,28,0,0,0,0,0,1,0,0,0.0,0,0,5,16,0,0,0,16,0,0,0,0,0.0,0,0,0,0,0,66,0
DFB-Pokal,1/32 FINALE,16.08.2025,Norderstedt,St. Pauli,Casa,Norderstedt,Zimmer Melvin Noah,Centrocampista,Titolare,6.5,0,2,0,0,0,0,0.0,0,0,0,0,0,0,0,0.0,0,0,0.0,0,0,0.0,1,0,0.0,0.0,0,0,1,0,0,0,0.0,0.0,0.0,0.868,0.0,0,1,0,0,0,0,0,0,0.868,0.868,0.0,0,0,0,0,0,0,0,0.0,0,0,0.0,0,1,45,45,0,0,3,0.571,4,0.0,0,1,0.571,4,7,7,0,0,0,0,0,0,0,0,0.0,0,0,0,0,0,0,0,0,0,0,0,0,0.0,0,0,0,0,0,14,3
DFB-Pokal,1/32 FINALE,16.08.2025,Norderstedt,St. Pauli,Casa,Norderstedt,Drinkuth Felix,Attaccante,Titolare,6.0,0,3,0,0,0,0,0.0,2,0,0,0,0,1,0,0.0,0,0,0.0,1,0,0.5,2,1,0.2,0.0,3,0,5,1,0,0,0.043,0.0,0.0,1.268,0.0,0,3,1,0,0,0,0,0,1.268,1.268,0.0,0,0,0,1,0,0,0,0.0,0,0,0.5,2,4,69,69,0,0,1,0.538,7,0.667,4,6,0.538,7,13,13,0,0,0,0,0,0,0,0,0.0,0,0,0,0,0,0,0,0,0,0,0,0,0.0,0,0,0,0,1,20,1
DFB-Pokal,1/32 FINALE,16.08.2025,Norderstedt,St. Pauli,Casa,Norderstedt,Kummerfeld Dane,Centrocampista,Subentrato,6.9,0,0,0,0,0,0,0.0,1,0,1,0,0,0,0,0.0,0,0,0.0,0,0,0.0,0,0,0.0,0.0,1,0,1,0,0,0,0.019,0.0,0.0,1.085,0.0,0,5,1,0,0,0,0,0,1.085,1.085,0.0,0,0,0,0,0,0,0,0.0,0,0,1.0,2,2,52,51,0,0,0,0.75,6,1.0,4,4,0.75,6,8,8,0,0,0,0,0,0,0,0,0.0,0,0,0,0,0,0,0,0,0,0,0,0,0.0,0,0,0,0,0,15,0
DFB-Pokal,1/32 FINALE,16.08.2025,Norderstedt,St. Pauli,Casa,Norderstedt,Yago Abdul-Malik,Difensore centrale,Titolare,6.7,0,4,0,0,1,0,0.0,0,0,1,0,0,21,0,0.0,0,0,0.0,1,0,0.0,0,0,0.333,0.333,3,1,3,1,0,0,0.001,0.0,0.0,2.354,0.0,0,4,1,1,0,0,0,0,2.354,2.354,0.0,0,0,0,1,0,0,0,0.0,0,0,0.385,5,13,120,120,0,0,1,0.6,15,0.25,1,4,0.647,11,17,25,0,0,0,0,0,0,0,0,0.0,0,0,0,0,0,0,0,0,0,0,0,0,0.0,0,0,0,0,0,57,2
DFB-Pokal,1/32 FINALE,16.08.2025,Norderstedt,St. Pauli,Casa,Norderstedt,Behounek Jonas,Centrocampista,Titolare,5.7,0,8,0,0,0,0,0.0,3,0,0,0,0,0,0,1.0,3,3,1.0,1,1,0.75,4,3,0.545,0.429,7,3,11,6,0,0,0.114,0.035,0.0,2.354,0.0,0,4,2,2,0,0,0,0,2.354,2.354,0.0,0,0,0,2,0,0,3,0.0,0,0,0.75,3,4,120,120,0,1,1,0.625,15,0.6,3,5,0.625,15,24,24,0,0,0,0,1,0,0,0,0.0,0,0,0,0,1,0,2,0,0,1,0,2,0.0,0,0,0,0,1,42,6
DFB-Pokal,1/32 FINALE,16.08.2025,Rostock,Hoffenheim,Ospite,Hoffenheim,Toure Bazoumana,Esterno,Titolare,7.5,0,7,0,0,0,0,0.0,7,0,0,0,2,1,0,0.125,1,8,0.8,5,4,0.0,2,0,0.462,0.545,11,6,13,6,0,0,0.177,0.086,0.0,0.25,0.0,0,1,1,1,0,0,0,0,0.25,0.25,0.0,0,0,0,2,0,0,1,0.0,0,0,1.0,1,1,79,79,0,1,0,0.84,21,0.833,10,12,0.84,21,25,25,0,0,0,0,0,0,0,0,0.0,0,0,0,0,0,1,0,0,0,1,0,1,1.0,1,1,0,0,3,51,5
DFB-Pokal,1/32 FINALE,16.08.2025,Rostock,Hoffenheim,Ospite,Hoffenheim,Arthur Chaves,Difensore,Subentrato,,0,0,0,0,0,0,0.0,0,0,0,0,0,1,0,0.0,0,0,0.0,0,0,0.0,0,0,0.0,0.0,0,0,0,0,0,0,0.0,0.0,0.0,0.0,0.0,0,0,0,0,0,0,0,0,0.0,0.0,0.0,0,0,0,0,0,0,0,0.0,0,0,0.0,0,0,4,3,0,0,1,0.5,1,0.0,0,0,0.5,1,2,2,0,0,0,0,0,0,0,0,0.0,0,0,0,0,0,0,0,0,0,0,0,0,0.0,0,0,0,0,0,4,0
DFB-Pokal,1/32 FINALE,16.08.2025,Rostock,Hoffenheim,Ospite,Hoffenheim,Lemperle Tim,Attaccante,Titolare,6.2,0,2,0,1,0,0,0.0,1,0,0,0,0,0,0,0.0,0,0,0.0,1,0,0.5,2,1,0.222,0.143,7,1,9,2,0,0,0.026,0.282,0.886,0.011,0.0,0,3,3,0,0,0,0,0,0.011,0.011,0.0,0,0,0,0,0,0,0,0.0,0,0,0.0,0,0,66,66,0,3,0,0.636,7,0.556,5,9,0.636,7,11,11,0,0,0,0,0,0,0,0,0.0,0,0,0,0,0,2,0,0,0,0,2,2,0.0,1,0,0,0,5,22,4
DFB-Pokal,1/32 FINALE,16.08.2025,Rostock,Hoffenheim,Ospite,Hoffenheim,Tohumcu Umut,Centrocampista,Subentrato,,0,1,0,0,0,0,0.0,0,0,0,0,0,0,0,0.0,0,0,0.0,1,0,0.0,0,0,0.0,0.0,1,0,1,0,0,0,0.0,0.0,0.0,0.0,0.0,0,1,0,0,0,0,0,0,0.0,0.0,0.0,0,0,0,0,0,0,0,0.0,0,0,0.0,0,1,4,3,0,0,0,0.5,1,0.0,0,1,0.5,1,2,2,0,0,0,0,0,0,0,0,0.0,0,0,0,0,0,0,0,0,0,0,0,0,0.0,0,0,0,0,0,3,0
DFB-Pokal,1/32 FINALE,16.08.2025,Rostock,Hoffenheim,Ospite,Hoffenheim,Coufal Vladimir,Esterno,Titolare,7.0,0,3,0,0,0,0,0.0,9,0,0,0,0,2,0,0.25,1,4,0.0,2,0,0.0,0,0,0.556,0.556,9,5,9,5,0,0,0.165,0.019,0.0,0.287,0.0,0,5,2,3,0,0,0,0,0.287,0.287,0.0,0,0,0,1,0,0,0,0.0,0,0,0.2,1,5,90,90,0,0,0,0.75,24,0.556,5,9,0.733,22,30,32,0,0,0,0,0,0,0,0,0.0,0,0,0,0,0,0,1,0,0,1,0,1,0.5,2,1,0,0,0,60,2
DFB-Pokal,1/32 FINALE,16.08.2025,Rostock,Hoffenheim,Ospite,Hoffenheim,Bernardo,Difensore centrale,Titolare,9.3,0,6,0,0,0,0,0.0,8,0,0,0,1,2,1,0.333,1,3,1.0,1,1,1.0,4,4,0.875,0.833,12,10,16,14,0,0,0.039,0.0,0.0,0.287,0.0,0,9,1,2,0,0,0,0,0.287,0.287,0.0,0,0,0,1,0,0,0,0.0,0,0,0.375,3,8,90,90,0,0,3,0.709,39,0.583,14,24,0.717,38,53,55,0,0,0,0,0,0,0,0,0.0,0,0,0,0,0,0,0,0,0,0,0,0,0.714,7,5,0,0,1,87,0
DFB-Pokal,1/32 FINALE,16.08.2025,Rostock,Hoffenheim,Ospite,Hoffenheim,Asllani Fisnik,Centrocampista offensivo,Titolare,8.2,1,2,0,0,0,0,0.0,2,0,0,0,0,1,0,0.0,0,1,0.0,0,0,0.0,3,0,0.167,0.333,3,1,6,1,0,0,0.063,0.537,0.668,0.287,0.0,0,1,1,0,1,0,0,0,0.287,0.287,0.0,0,0,0,0,0,0,2,0.0,0,0,1.0,1,1,87,87,0,0,0,0.833,15,0.8,8,10,0.833,15,18,18,0,0,0,0,0,0,0,0,0.0,0,0,0,0,2,3,0,0,0,0,1,3,1.0,1,1,0,0,11,32,2
DFB-Pokal,1/32 FINALE,16.08.2025,Rostock,Hoffenheim,Ospite,Hoffenheim,Moerstedt Max,Attaccante,Subentrato,8.3,0,2,0,1,0,0,0.0,0,0,0,0,0,1,0,0.0,0,0,1.0,1,1,1.0,1,1,0.75,0.667,3,2,4,3,0,0,0.005,0.861,1.335,0.276,0.0,0,0,0,0,2,0,0,0,0.276,0.276,0.0,0,0,0,0,0,0,0,0.0,0,0,0.0,0,0,25,24,0,0,0,0.6,3,0.5,2,4,0.6,3,5,5,0,0,0,0,0,0,0,0,0.0,0,0,0,0,0,3,0,0,1,1,2,3,0.0,1,0,0,0,4,14,2
DFB-Pokal,1/32 FINALE,16.08.2025,Rostock,Hoffenheim,Ospite,Hoffenheim,Kramaric Andrej,Centrocampista offensivo,Titolare,8.2,1,3,1,0,0,0,0.0,10,0,0,0,0,0,0,0.3,3,10,0.0,1,0,0.0,0,0,0.333,0.333,3,1,3,1,0,0,1.003,0.211,0.821,0.25,0.0,0,3,0,1,0,0,0,0,0.25,0.25,0.0,0,0,0,0,0,0,2,0.0,0,0,0.0,0,0,79,79,0,0,0,0.881,37,0.81,17,21,0.878,36,41,42,0,0,0,0,0,0,0,0,0.0,0,0,0,0,0,0,3,0,0,0,3,3,0.0,0,0,0,0,4,62,1
DFB-Pokal,1/32 FINALE,16.08.2025,Rostock,Hoffenheim,Ospite,Hoffenheim,Baumann Oliver,Portiere,Titolare,7.5,0,10,0,0,1,0,0.0,0,0,0,0,1,0,0,0.0,0,0,0.0,0,0,0.0,0,0,0.5,0.5,2,1,2,1,0,0,0.009,0.0,0.0,0.287,0.0,0,3,0,1,0,0,0,0,0.287,0.287,1.0,1,1,0,0,1,1,0,0.0,0,0,0.5,3,6,90,90,0,0,0,0.857,18,0.667,2,3,0.875,14,16,21,0,0,0,0,0,0,0,0,0.0,0,0,0,3,0,0,0,3,0,0,0,0,0.0,0,0,0,0,0,28,0
DFB-Pokal,1/32 FINALE,16.08.2025,Rostock,Hoffenheim,Ospite,Hoffenheim,Burger Wouter,Centrocampista,Titolare,9.3,1,6,2,0,0,0,0.0,9,0,0,0,3,1,0,0.0,0,1,0.0,0,0,1.0,2,2,0.583,0.5,10,5,12,7,0,0,0.524,0.114,0.699,0.287,0.0,0,6,1,1,1,0,0,0,0.287,0.287,0.0,0,0,0,2,0,0,3,1.0,1,1,0.5,2,4,90,90,0,0,0,0.731,38,0.519,14,27,0.731,38,52,52,0,0,0,0,0,0,0,0,0.0,0,0,0,0,0,1,0,0,0,0,1,1,0.25,4,1,0,1,6,70,4
DFB-Pokal,1/32 FINALE,16.08.2025,Rostock,Hoffenheim,Ospite,Hoffenheim,Avdullahu Leon,Centrocampista,Titolare,7.5,0,5,0,0,0,0,0.0,2,0,0,0,2,2,0,1.0,1,1,0.0,1,0,0.0,0,0,0.375,0.375,8,3,8,3,0,0,0.182,0.0,0.0,0.287,0.0,0,14,2,1,0,0,0,0,0.287,0.287,0.0,0,0,0,2,0,0,0,0.0,0,0,0.4,2,5,90,90,0,0,0,0.878,65,0.789,15,19,0.878,65,74,74,0,0,0,0,0,0,0,0,0.0,0,0,0,0,0,0,0,0,0,0,0,0,0.5,2,1,0,0,0,91,2
DFB-Pokal,1/32 FINALE,16.08.2025,Rostock,Hoffenheim,Ospite,Hoffenheim,Machida Koki,Difensore centrale,Titolare,8.4,0,2,0,0,1,0,0.0,0,0,1,0,0,5,1,0.0,0,0,0.0,0,0,1.0,1,1,0.2,0.0,4,0,5,1,0,0,0.018,0.0,0.0,0.287,0.0,0,14,4,0,0,0,0,0,0.287,0.287,0.0,0,0,0,2,0,0,0,0.0,0,0,0.727,8,11,90,90,0,0,1,0.914,64,0.875,14,16,0.91,61,67,70,0,0,0,0,0,0,0,0,0.0,0,0,0,0,0,0,0,0,0,0,0,0,0.0,0,0,0,0,0,80,0
DFB-Pokal,1/32 FINALE,16.08.2025,Rostock,Hoffenheim,Ospite,Hoffenheim,Prass Alexander,Centrocampista,Subentrato,6.3,0,0,0,0,0,0,0.0,0,0,0,0,0,0,0,0.0,0,0,1.0,1,1,0.0,0,0,1.0,1.0,2,2,2,2,0,0,0.0,0.0,0.0,0.038,0.0,0,0,0,1,0,0,0,0,0.038,0.038,0.0,0,0,0,0,0,0,0,0.0,0,0,1.0,1,1,12,11,0,1,0,0.667,2,0.0,0,0,0.667,2,3,3,0,0,0,0,0,0,0,0,0.0,0,0,0,0,0,0,0,0,0,0,0,0,0.0,0,0,0,0,0,9,1
DFB-Pokal,1/32 FINALE,16.08.2025,Rostock,Hoffenheim,Ospite,Hoffenheim,Hranac Robin,Difensore centrale,Titolare,6.9,0,1,0,0,0,0,0.0,0,0,0,0,0,1,0,0.0,0,0,0.0,0,0,1.0,2,2,0.625,0.5,6,3,8,5,0,0,0.008,0.264,0.0,0.287,0.0,0,6,2,1,0,0,0,0,0.287,0.287,0.0,0,0,0,2,0,0,0,0.0,0,0,0.2,1,5,87,87,0,0,0,0.931,54,0.667,4,6,0.93,53,57,58,0,0,0,0,0,0,0,0,0.0,0,0,0,0,0,1,0,0,1,1,0,1,0.5,2,1,0,0,2,67,2
DFB-Pokal,1/32 FINALE,16.08.2025,Rostock,Hoffenheim,Ospite,Hoffenheim,Damar Muhammed,Centrocampista,Subentrato,7.1,1,1,1,0,0,0,0.0,3,0,0,0,1,0,0,1.0,2,2,0.0,0,0,0.0,0,0,0.0,0.0,2,0,2,0,0,0,0.216,0.0,0.0,0.038,0.0,0,1,0,0,0,0,0,0,0.038,0.038,0.0,0,0,0,0,0,0,1,0.0,0,0,1.0,1,1,12,11,0,1,0,0.6,3,0.75,3,4,0.5,2,4,5,0,0,0,0,0,0,0,0,0.0,0,0,0,0,0,0,0,0,0,0,0,0,0.0,0,0,0,0,0,11,2
DFB-Pokal,1/32 FINALE,16.08.2025,Rostock,Hoffenheim,Casa,Rostock,Lebeau Adrien,Attaccante,Subentrato,6.4,0,0,0,0,0,0,0.0,3,0,0,0,0,1,0,0.0,0,3,0.0,0,0,0.0,0,0,0.0,0.0,1,0,1,0,0,0,0.001,0.044,0.0,1.984,0.0,0,0,0,0,0,2,0,0,-0.016,-0.016,0.0,0,0,0,0,0,0,0,0.0,0,0,0.0,0,0,17,16,0,0,0,0.5,2,1.0,1,1,0.333,1,3,4,0,0,0,0,0,0,0,0,0.0,0,0,0,0,0,0,1,2,0,1,0,1,0.0,0,0,0,0,0,11,1
DFB-Pokal,1/32 FINALE,16.08.2025,Rostock,Hoffenheim,Casa,Rostock,Wallner Lukas,Difensore,Subentrato,6.2,0,1,0,0,0,0,0.0,0,0,0,0,0,0,0,0.0,0,0,0.0,0,0,0.0,0,0,0.667,0.667,3,2,3,2,0,0,0.002,0.0,0.0,2.393,0.0,0,1,0,0,0,3,0,0,-0.607,-0.607,0.0,0,0,0,0,0,0,0,0.0,0,0,1.0,1,1,29,28,0,0,0,0.75,9,1.0,1,1,0.727,8,11,12,0,0,0,0,0,0,0,0,0.0,0,0,0,0,0,0,0,3,0,0,0,0,0.5,2,1,0,0,0,16,1
DFB-Pokal,1/32 FINALE,16.08.2025,Rostock,Hoffenheim,Casa,Rostock,Carstens Florian,Difensore centrale,Titolare,5.8,0,2,0,1,0,0,0.0,1,0,0,0,0,6,0,0.0,0,0,0.0,0,0,0.5,4,2,0.5,0.5,4,2,8,4,0,0,0.004,0.055,0.011,4.41,0.0,0,4,1,1,0,4,0,0,0.41,0.41,0.0,0,0,0,1,0,0,0,0.0,0,0,0.5,3,6,90,90,0,0,1,0.667,18,0.6,3,5,0.68,17,25,27,0,0,0,0,0,0,0,0,0.0,0,0,0,0,1,1,1,4,1,0,1,2,1.0,1,1,0,0,1,43,1
DFB-Pokal,1/32 FINALE,16.08.2025,Rostock,Hoffenheim,Casa,Rostock,Dietze Benno,Centrocampista offensivo,Titolare,5.3,0,7,0,0,0,0,0.0,0,0,0,0,2,4,0,0.0,0,0,0.4,5,2,0.0,2,0,0.25,0.286,14,4,16,4,0,0,0.001,0.024,0.0,2.427,0.0,0,0,4,2,0,2,0,0,0.427,0.427,0.0,0,0,0,1,0,0,0,0.0,0,0,0.667,2,3,74,74,0,0,0,0.846,11,0.0,0,0,0.846,11,13,13,0,0,0,0,0,0,0,0,0.0,0,0,0,0,0,1,0,2,0,0,1,1,0.0,0,0,0,0,1,36,6
DFB-Pokal,1/32 FINALE,16.08.2025,Rostock,Hoffenheim,Casa,Rostock,Mejdr Jan,Esterno,Titolare,5.1,0,2,0,0,0,0,0.0,1,0,0,0,2,1,0,0.0,0,1,0.0,1,0,0.0,2,0,0.222,0.286,7,2,9,2,0,0,0.002,0.012,0.0,2.427,0.0,0,0,0,1,0,2,0,0,0.427,0.427,0.0,0,0,0,1,0,0,0,0.0,0,0,0.0,0,1,74,74,0,0,0,0.857,6,1.0,1,1,0.857,6,7,7,0,0,0,0,0,0,0,0,0.0,0,0,0,0,1,0,1,2,0,0,0,1,1.0,1,1,0,0,0,31,6
DFB-Pokal,1/32 FINALE,16.08.2025,Rostock,Hoffenheim,Casa,Rostock,Kinsombi Christian,Attaccante,Subentrato,6.6,0,2,0,0,0,0,0.0,0,0,0,0,0,0,0,0.0,0,0,1.0,1,1,0.0,0,0,0.6,0.6,5,3,5,3,0,0,0.006,0.0,0.0,1.984,0.0,0,2,1,1,0,2,0,0,-0.016,-0.016,0.0,0,0,0,1,0,0,0,0.0,0,0,1.0,1,1,17,16,0,0,0,0.6,3,0.5,2,4,0.6,3,5,5,0,0,0,0,0,0,0,0,0.0,0,0,0,0,0,0,0,2,0,0,0,0,1.0,1,1,0,0,3,13,3
DFB-Pokal,1/32 FINALE,16.08.2025,Rostock,Hoffenheim,Casa,Rostock,Hummel David,Attaccante,Titolare,5.6,0,4,0,1,0,0,0.0,1,0,0,0,0,0,0,0.0,0,0,0.5,2,1,0.0,4,0,0.412,0.538,13,7,17,7,0,0,0.01,0.446,0.0,4.41,0.0,0,3,3,3,0,4,0,0,0.41,0.41,0.0,0,0,0,1,0,0,0,0.0,0,0,0.0,0,0,90,90,0,0,0,0.895,17,0.667,2,3,0.857,12,14,19,0,0,0,0,0,0,0,0,0.0,0,0,0,0,0,1,0,4,0,0,1,1,1.0,3,3,0,0,2,41,7
DFB-Pokal,1/32 FINALE,16.08.2025,Rostock,Hoffenheim,Casa,Rostock,Schuster Marco,Centrocampista,Titolare,6.5,0,0,1,0,0,0,0.0,2,0,0,0,1,8,0,0.333,1,3,1.0,1,1,0.0,0,0,0.5,0.5,4,2,4,2,0,0,0.027,0.0,0.0,2.017,0.0,0,2,0,0,0,1,0,0,1.017,1.017,0.0,0,0,0,1,0,0,1,0.0,0,0,0.0,0,0,62,62,0,0,0,0.647,11,0.333,1,3,0.625,10,16,17,0,0,0,0,0,0,0,0,0.0,0,0,0,0,0,0,0,1,0,0,0,0,1.0,1,1,0,0,1,37,3
DFB-Pokal,1/32 FINALE,16.08.2025,Rostock,Hoffenheim,Casa,Rostock,Gurleyen Ahmet,Difensore centrale,Titolare,6.4,0,3,0,0,0,0,0.0,0,0,0,0,0,6,0,0.0,0,0,0.0,0,0,0.5,2,1,0.625,0.667,6,4,8,5,0,0,0.006,0.078,0.038,4.41,0.0,0,5,0,2,0,4,0,0,0.41,0.41,0.0,0,0,0,3,0,0,0,0.0,0,0,0.75,3,4,90,90,0,0,1,0.84,21,0.6,3,5,0.857,18,21,25,0,0,0,0,0,0,0,0,0.0,0,0,0,0,0,1,0,4,1,0,1,1,0.5,2,1,0,0,1,45,3
DFB-Pokal,1/32 FINALE,16.08.2025,Rostock,Hoffenheim,Casa,Rostock,Fatkic Kenan,Centrocampista,Titolare,6.1,0,4,0,0,0,0,0.0,3,0,0,0,0,6,0,0.0,0,3,0.0,0,0,1.0,1,1,0.8,0.75,4,3,5,4,0,0,0.003,0.0,0.0,4.41,0.0,0,0,0,1,0,4,0,0,0.41,0.41,0.0,0,0,0,1,0,0,0,1.0,1,1,0.5,1,2,90,90,0,0,0,0.652,15,0.667,2,3,0.636,14,22,23,0,0,0,0,0,0,0,0,0.0,0,0,0,0,0,0,0,4,0,0,0,0,0.5,2,1,0,0,1,38,2
DFB-Pokal,1/32 FINALE,16.08.2025,Rostock,Hoffenheim,Casa,Rostock,Uphoff Benjamin,Portiere,Titolare,6.7,0,8,0,0,1,0,0.0,0,0,0,0,0,1,0,0.0,0,0,0.0,0,0,0.0,0,0,0.0,0.0,0,0,0,0,0,0,0.0,0.0,0.0,4.41,0.0,0,2,0,0,0,4,0,0,0.41,0.41,0.0,0,0,0,0,1,7,0,0.0,0,0,0.333,4,12,90,90,0,0,0,0.724,21,1.0,2,2,0.65,13,20,29,0,0,0,0,0,0,0,0,0.0,0,0,0,5,0,0,0,9,0,0,0,0,0.0,0,0,0,0,0,42,0
DFB-Pokal,1/32 FINALE,16.08.2025,Rostock,Hoffenheim,Casa,Rostock,Pfanne Franz,Difensore centrale,Titolare,6.8,0,0,0,0,0,0,0.0,1,0,0,0,0,9,0,0.0,0,0,0.0,0,0,1.0,1,1,1.0,1.0,2,2,3,3,0,0,0.002,0.0,0.0,2.017,0.0,0,5,0,1,0,1,0,0,1.017,1.017,0.0,0,0,0,1,0,0,0,0.0,0,0,0.25,1,4,62,62,0,0,0,0.773,17,0.2,1,5,0.824,14,17,22,0,0,0,0,0,0,0,0,0.0,0,0,0,0,0,0,0,1,0,0,0,0,1.0,1,1,0,0,0,38,1
DFB-Pokal,1/32 FINALE,16.08.2025,Rostock,Hoffenheim,Casa,Rostock,Bergh Viktor,Esterno,Titolare,6.0,0,6,1,0,0,0,0.0,1,0,1,0,0,4,0,0.0,0,0,0.5,2,1,0.0,0,0,0.571,0.571,7,4,7,4,0,0,0.042,0.0,0.0,4.41,0.0,0,5,3,2,0,4,0,0,0.41,0.41,0.0,0,0,0,0,0,0,1,0.0,0,0,0.286,2,7,89,89,0,0,0,0.4,6,0.2,1,5,0.357,5,14,15,0,0,0,0,0,0,0,0,0.0,0,0,0,0,0,0,0,4,0,0,0,0,0.0,1,0,0,0,3,40,4
DFB-Pokal,1/32 FINALE,16.08.2025,Rostock,Hoffenheim,Casa,Rostock,Krauss Maximilian,Centrocampista offensivo,Titolare,6.7,0,3,0,0,0,0,0.0,2,0,0,0,1,3,0,0.0,0,2,0.75,4,3,0.0,0,0,0.6,0.6,10,6,10,6,0,0,0.002,0.085,0.239,4.41,0.0,0,4,0,3,0,4,0,0,0.41,0.41,0.0,0,0,0,0,0,0,0,0.0,0,0,0.5,1,2,90,90,0,0,0,0.538,7,0.2,1,5,0.538,7,13,13,0,0,0,0,0,0,0,0,0.0,0,0,0,0,1,3,0,4,0,1,1,3,0.0,0,0,0,0,6,33,3
DFB-Pokal,1/32 FINALE,16.08.2025,Rostock,Hoffenheim,Casa,Rostock,Dirkner Jonas,Centrocampista,Subentrato,6.5,0,4,0,0,0,0,0.0,2,0,0,0,1,0,0,0.5,1,2,1.0,1,1,1.0,1,1,0.75,0.667,3,2,4,3,0,0,0.039,0.0,0.0,2.393,0.0,0,2,0,0,0,3,0,0,-0.607,-0.607,0.0,0,0,0,0,0,0,3,0.0,0,0,1.0,2,2,29,28,0,0,0,0.889,8,1.0,2,2,0.889,8,9,9,0,0,0,0,0,0,0,0,0.0,0,0,0,0,0,0,0,3,0,0,0,0,0.0,1,0,0,0,0,15,1
DFB-Pokal,1/32 FINALE,16.08.2025,Rostock,Hoffenheim,Casa,Rostock,Reichardt Leon,Difensore,Subentrato,,0,0,0,0,0,0,0.0,0,0,0,0,0,0,0,0.0,0,0,0.0,0,0,0.0,0,0,0.0,0.0,0,0,0,0,0,0,0.001,0.0,0.0,0.0,0.0,0,1,0,0,0,0,0,0,0.0,0.0,0.0,0,0,0,0,0,0,0,0.0,0,0,1.0,1,1,2,1,0,0,0,0.667,2,0.5,1,2,0.667,2,3,3,0,0,0,0,0,0,0,0,0.0,0,0,0,0,0,0,0,0,0,0,0,0,0.0,0,0,0,0,0,4,0
DFB-Pokal,1/32 FINALE,16.08.2025,Sandhausen,RB Lipsia,Ospite,RB Lipsia,Raum David,Terzino,Titolare,8.4,0,6,2,0,0,0,0.0,19,0,0,0,1,3,0,0.308,4,13,0.0,0,0,1.0,2,2,0.8,0.667,3,2,5,4,0,0,0.454,0.032,0.0,1.776,0.0,0,10,0,1,0,2,0,0,-0.224,-0.224,0.0,0,0,0,1,0,0,6,0.0,0,0,0.5,1,2,90,90,0,0,0,0.857,48,0.769,20,26,0.855,47,55,56,0,0,0,0,0,0,0,0,0.0,0,0,0,0,1,1,0,2,0,0,0,1,1.0,1,1,0,0,5,93,0
DFB-Pokal,1/32 FINALE,16.08.2025,Sandhausen,RB Lipsia,Ospite,RB Lipsia,Nusa Antonio,Ala,Titolare,6.8,0,2,0,0,0,0,0.0,4,0,0,0,0,0,0,0.0,0,1,0.0,3,0,0.0,0,0,0.0,0.0,3,0,3,0,0,0,0.133,0.038,0.0,1.702,0.0,0,1,1,0,0,2,0,0,-0.298,-0.298,0.0,0,0,0,0,0,0,3,0.0,0,0,0.0,0,0,62,62,0,1,0,0.882,15,0.778,7,9,0.882,15,17,17,0,0,0,0,0,0,0,0,0.0,0,0,0,0,1,1,0,2,0,0,0,1,0.0,0,0,0,0,4,25,1
DFB-Pokal,1/32 FINALE,16.08.2025,Sandhausen,RB Lipsia,Ospite,RB Lipsia,Orban Willi,Difensore centrale,Titolare,8.0,1,8,1,0,0,0,0.0,0,0,0,0,0,2,0,0.0,0,0,0.0,1,0,1.0,2,2,0.75,0.5,2,1,4,3,0,0,0.139,0.272,0.711,1.776,0.0,0,6,0,1,1,2,0,0,-0.224,-0.224,0.0,0,0,0,1,0,0,2,0.0,0,0,0.4,2,5,90,90,0,0,0,0.924,85,0.571,4,7,0.933,84,90,92,0,0,0,0,0,0,0,0,0.0,0,0,0,0,1,3,0,2,3,1,1,3,0.0,0,0,0,0,6,102,0
DFB-Pokal,1/32 FINALE,16.08.2025,Sandhausen,RB Lipsia,Ospite,RB Lipsia,Ouedraogo Assan,Centrocampista,Subentrato,,1,0,0,1,0,0,0.0,0,0,0,0,0,0,0,0.0,0,0,0.0,1,0,0.0,0,0,0.0,0.0,1,0,1,0,0,0,0.015,0.254,0.279,0.074,0.0,0,0,0,0,0,0,0,0,0.074,0.074,0.0,0,0,0,0,0,0,1,0.0,0,0,0.0,0,0,5,5,0,0,0,1.0,3,1.0,2,2,1.0,3,3,3,0,0,0,0,0,0,0,0,0.0,0,0,0,0,0,1,0,0,0,0,1,1,0.0,0,0,0,0,4,5,0
DFB-Pokal,1/32 FINALE,16.08.2025,Sandhausen,RB Lipsia,Ospite,RB Lipsia,Lukeba Castello,Difensore centrale,Titolare,8.1,1,6,1,0,0,0,0.0,2,0,0,0,0,0,0,1.0,1,1,1.0,1,1,1.0,2,2,1.0,1.0,3,3,5,5,0,0,0.556,0.0,0.0,1.776,0.0,0,9,0,0,0,2,0,0,-0.224,-0.224,0.0,0,0,0,1,0,0,3,0.0,0,0,0.6,3,5,89,89,0,0,0,0.924,85,0.929,13,14,0.924,85,92,92,0,0,0,0,0,0,0,0,0.0,0,0,0,0,0,0,0,2,0,0,0,0,1.0,2,2,0,1,3,97,0
DFB-Pokal,1/32 FINALE,16.08.2025,Sandhausen,RB Lipsia,Ospite,RB Lipsia,Openda Lois,Attaccante,Titolare,7.2,0,0,0,0,0,0,0.0,0,0,0,0,0,0,0,0.0,0,0,0.0,2,0,0.5,2,1,0.333,0.25,4,1,6,2,0,0,0.041,0.258,0.0,1.702,0.0,0,3,1,1,0,2,0,0,-0.298,-0.298,0.0,0,0,0,0,0,0,0,1.0,1,1,1.0,1,1,86,86,0,1,0,0.833,20,0.786,11,14,0.81,17,21,24,0,0,0,0,0,0,0,0,0.0,0,0,0,0,2,5,0,2,2,3,0,5,0.0,0,0,0,0,11,39,4
DFB-Pokal,1/32 FINALE,16.08.2025,Sandhausen,RB Lipsia,Ospite,RB Lipsia,Bitshiabu El Chadaille,Difensore,Subentrato,,0,0,0,0,0,0,0.0,0,0,0,0,0,1,0,0.0,0,0,0.0,0,0,0.0,0,0,0.0,0.0,0,0,0,0,0,0,0.0,0.0,0.0,0.0,0.0,0,0,0,0,0,0,0,0,0.0,0.0,0.0,0,0,0,0,0,0,0,0.0,0,0,0.0,0,0,1,1,0,0,0,0.0,0,0.0,0,0,0.0,0,0,0,0,0,0,0,0,0,0,0,0.0,0,0,0,0,0,0,0,0,0,0,0,0,0.0,0,0,0,0,0,1,0
DFB-Pokal,1/32 FINALE,16.08.2025,Sandhausen,RB Lipsia,Casa,Sandhausen,Herrmann Jahn,Attaccante,Titolare,7.2,0,1,1,0,0,0,0.0,2,0,0,0,0,0,0,0.0,0,1,0.0,1,0,0.0,0,0,0.5,0.5,4,2,4,2,0,0,0.039,0.228,0.942,1.454,0.0,0,1,1,1,1,3,0,0,-1.546,-1.546,0.0,0,0,0,1,0,0,1,1.0,1,1,0.0,0,0,86,86,0,1,0,0.7,7,0.5,3,6,0.7,7,10,10,0,0,0,0,0,0,0,0,0.0,0,0,0,0,0,1,0,3,0,0,1,1,1.0,1,1,0,0,4,18,0
DFB-Pokal,1/32 FINALE,16.08.2025,Sandhausen,RB Lipsia,Casa,Sandhausen,Gipson Ken,Terzino,Titolare,6.1,0,1,0,0,0,0,0.0,0,0,1,0,2,3,0,0.0,0,0,0.0,0,0,0.0,0,0,0.2,0.2,5,1,5,1,0,0,0.0,0.0,0.0,1.277,0.0,0,0,2,0,0,2,0,0,-0.723,-0.723,0.0,0,0,0,1,0,0,0,0.0,0,0,0.0,0,1,43,43,0,0,0,0.778,7,0.0,0,0,0.875,7,8,9,0,0,0,0,0,0,0,0,0.0,0,0,0,0,0,0,0,2,0,0,0,0,1.0,1,1,0,0,0,18,0
DFB-Pokal,1/32 FINALE,16.08.2025,Sandhausen,RB Lipsia,Ospite,RB Lipsia,Schlager Xaver,Centrocampista,Titolare,7.0,0,1,0,0,0,0,0.0,3,0,0,0,0,0,0,0.0,0,0,0.0,1,0,0.0,0,0,0.4,0.4,5,2,5,2,0,0,0.11,0.097,0.0,1.702,0.0,0,1,1,2,0,2,0,0,-0.298,-0.298,0.0,0,0,0,0,0,0,2,0.0,0,0,1.0,1,1,62,62,0,1,0,0.783,18,0.846,11,13,0.783,18,23,23,0,0,0,0,0,0,0,0,0.0,0,0,0,0,1,2,0,2,1,1,0,2,0.0,0,0,0,0,5,30,1
DFB-Pokal,1/32 FINALE,16.08.2025,Sandhausen,RB Lipsia,Ospite,RB Lipsia,Diomande Yan,Ala,Titolare,8.2,0,4,0,0,0,0,0.0,9,0,0,0,0,0,0,0.5,1,2,0.4,5,2,0.0,0,0,0.545,0.545,11,6,11,6,0,0,0.199,0.163,0.401,1.702,0.0,0,5,0,2,1,2,0,0,-0.298,-0.298,0.0,0,0,0,0,0,0,0,1.0,1,1,0.0,0,0,85,85,0,0,0,0.844,38,0.767,23,30,0.844,38,45,45,0,0,0,0,0,0,0,0,0.0,0,0,0,0,0,3,0,2,0,2,1,3,0.5,2,1,0,1,9,67,5
DFB-Pokal,1/32 FINALE,16.08.2025,Sandhausen,RB Lipsia,Casa,Sandhausen,Testroet Pascal,Attaccante,Titolare,5.5,0,4,0,0,0,0,0.0,4,0,0,0,1,3,0,0.0,0,2,0.0,1,0,0.0,5,0,0.0,0.0,5,0,10,0,0,0,0.046,0.012,0.0,2.086,0.0,0,3,2,0,0,4,0,0,-1.914,-1.914,0.0,0,0,0,1,0,0,0,0.0,0,0,0.6,3,5,90,90,0,0,1,0.583,14,0.571,4,7,0.474,9,19,24,0,0,0,0,0,0,0,0,0.0,0,0,0,0,0,0,1,4,0,1,0,1,0.0,0,0,0,0,2,36,1
DFB-Pokal,1/32 FINALE,16.08.2025,Sandhausen,RB Lipsia,Casa,Sandhausen,Ampadu Leon,Centrocampista,Titolare,7.9,0,11,0,0,0,0,0.0,1,0,0,0,0,3,0,0.0,0,0,0.0,0,0,0.0,0,0,0.8,0.8,5,4,5,4,0,0,0.023,0.101,0.76,2.086,0.0,0,3,1,1,1,4,0,0,-1.914,-1.914,0.0,0,0,0,1,0,0,1,0.0,0,0,0.0,0,2,90,90,0,0,1,0.704,19,0.25,1,4,0.704,19,27,27,0,0,0,0,0,0,0,0,0.0,0,0,0,0,0,1,0,4,0,0,1,1,1.0,3,3,0,0,1,40,1
DFB-Pokal,1/32 FINALE,16.08.2025,Sandhausen,RB Lipsia,Ospite,RB Lipsia,Simons Xavi,Centrocampista,Titolare,9.3,1,7,2,1,0,0,0.0,15,0,1,0,0,1,0,0.143,1,7,0.3,10,3,0.0,1,0,0.4,0.429,14,6,15,6,0,0,0.436,1.141,0.518,1.776,0.0,0,5,2,2,1,2,0,0,-0.224,-0.224,0.0,0,0,0,2,0,0,4,1.0,3,3,1.0,1,1,90,90,0,0,0,0.88,44,0.839,26,31,0.87,40,46,50,0,0,0,0,0,0,0,0,0.0,0,0,0,0,1,6,1,2,0,3,3,7,0.0,1,0,0,0,13,86,3
DFB-Pokal,1/32 FINALE,16.08.2025,Sandhausen,RB Lipsia,Ospite,RB Lipsia,Seiwald Nicolas,Centrocampista,Titolare,6.7,0,4,0,0,0,0,0.0,0,0,0,0,0,1,0,1.0,1,1,0.0,0,0,0.0,0,0,0.0,0.0,0,0,0,0,0,0,0.189,0.0,0.0,1.776,0.0,0,4,0,0,0,2,0,0,-0.224,-0.224,0.0,0,0,0,1,0,0,1,0.0,0,0,1.0,1,1,90,90,0,0,0,1.0,35,1.0,10,10,1.0,35,35,35,0,0,0,0,0,0,0,0,0.0,0,0,0,0,0,0,0,2,0,0,0,0,0.0,0,0,0,0,3,42,2
DFB-Pokal,1/32 FINALE,16.08.2025,Sandhausen,RB Lipsia,Ospite,RB Lipsia,Baumgartner Christoph,Centrocampista,Subentrato,,0,0,0,0,0,0,0.0,0,0,0,0,0,0,0,0.0,0,0,0.0,0,0,1.0,1,1,0.5,0.0,1,0,2,1,0,0,0.003,0.0,0.0,0.074,0.0,0,0,1,0,0,0,0,0,0.074,0.074,0.0,0,0,0,0,0,0,0,0.0,0,0,0.0,0,0,5,4,0,0,0,0.5,1,0.5,1,2,0.5,1,2,2,0,0,0,0,0,0,0,0,0.0,0,0,0,0,0,0,0,0,0,0,0,0,0.0,0,0,0,0,0,3,0
DFB-Pokal,1/32 FINALE,16.08.2025,Sandhausen,RB Lipsia,Ospite,RB Lipsia,Banzuzi Ezechiel,Attaccante,Subentrato,7.9,0,2,0,0,0,0,0.0,0,0,0,0,0,0,0,0.0,0,0,0.0,0,0,1.0,2,2,1.0,1.0,2,2,4,4,0,0,0.157,0.256,0.176,0.074,0.0,0,3,0,2,1,0,0,0,0.074,0.074,0.0,0,0,0,2,0,0,1,0.0,0,0,0.0,0,0,29,28,0,0,0,0.727,8,0.4,2,5,0.727,8,11,11,0,0,0,0,0,0,0,0,0.0,0,0,0,0,1,2,1,0,1,1,1,3,0.0,0,0,0,0,3,18,0
DFB-Pokal,1/32 FINALE,16.08.2025,Sandhausen,RB Lipsia,Ospite,RB Lipsia,Bakayoko Johan,Attaccante,Subentrato,6.6,0,1,0,1,0,0,0.0,2,0,0,0,0,0,0,0.0,0,1,0.667,3,2,0.0,0,0,0.5,0.5,4,2,4,2,0,0,0.083,0.053,0.0,0.074,0.0,0,4,1,0,0,0,0,0,0.074,0.074,0.0,0,0,0,0,0,0,1,0.0,0,0,0.0,0,0,29,28,0,0,0,0.917,11,0.9,9,10,0.917,11,12,12,0,0,0,0,0,0,0,0,0.0,0,0,0,0,0,1,0,0,0,1,0,1,0.0,0,0,0,0,1,18,0
DFB-Pokal,1/32 FINALE,16.08.2025,Sandhausen,RB Lipsia,Ospite,RB Lipsia,Vandevoordt Maarten,Portiere,Titolare,5.7,0,7,0,0,0,0,0.0,0,0,0,0,0,1,0,0.0,0,0,0.0,0,0,0.0,0,0,0.0,0.0,0,0,0,0,1,0,0.004,0.0,0.0,1.776,0.0,0,2,0,0,0,2,0,0,-0.224,-0.224,1.0,1,1,0,0,0,3,0,0.0,0,0,0.8,4,5,90,90,0,0,0,0.967,29,0.5,1,2,1.0,22,22,30,0,0,0,0,0,0,0,0,0.0,0,0,0,1,0,0,0,3,0,0,0,0,0.0,0,0,0,0,0,37,0
DFB-Pokal,1/32 FINALE,16.08.2025,Sandhausen,RB Lipsia,Ospite,RB Lipsia,Baku Ridle,Terzino,Titolare,7.2,0,1,0,0,0,0,0.0,3,0,0,0,1,2,0,1.0,1,1,0.0,0,0,0.0,1,0,0.25,0.333,3,1,4,1,0,0,0.167,0.042,0.0,1.776,0.0,0,9,1,0,0,2,0,0,-0.224,-0.224,0.0,0,0,0,0,0,0,2,0.0,0,0,0.667,2,3,90,90,0,0,0,0.897,61,0.852,23,27,0.897,61,68,68,0,0,0,0,0,0,0,0,0.0,0,0,0,0,1,1,1,2,0,1,0,2,1.0,1,1,0,0,1,84,1
DFB-Pokal,1/32 FINALE,16.08.2025,Sandhausen,RB Lipsia,Casa,Sandhausen,Lyska Arthur,Portiere,Titolare,5.2,0,5,0,0,1,0,0.0,0,0,0,0,1,1,0,0.0,0,0,0.0,0,0,0.0,1,0,0.0,0.0,1,0,2,0,0,0,0.001,0.0,0.0,2.086,0.0,0,3,0,0,0,4,0,0,-1.914,-1.914,0.0,0,0,0,0,0,5,0,0.0,0,0,0.3,3,10,90,90,0,0,0,0.708,17,0.333,1,3,0.8,12,15,24,0,0,0,0,0,0,0,0,0.0,0,0,1,3,0,0,0,7,0,0,0,0,0.0,0,0,0,0,0,33,0
DFB-Pokal,1/32 FINALE,16.08.2025,Sandhausen,RB Lipsia,Casa,Sandhausen,Tarnat Niklas,Centrocampista,Titolare,6.1,0,3,0,0,0,0,0.0,0,0,1,0,0,2,0,0.0,0,0,0.0,0,0,0.0,0,0,0.333,0.333,3,1,3,1,0,0,0.001,0.0,0.0,1.454,0.0,0,4,2,0,0,3,0,0,-1.546,-1.546,0.0,0,0,0,2,0,0,0,0.0,0,0,0.4,2,5,87,87,0,0,2,0.706,12,0.25,1,4,0.706,12,17,17,0,0,0,0,0,0,0,0,0.0,0,0,0,0,0,0,0,3,0,0,0,0,0.0,1,0,0,0,0,25,0
DFB-Pokal,1/32 FINALE,16.08.2025,Sandhausen,RB Lipsia,Casa,Sandhausen,Kolbe Louis,Terzino,Titolare,6.6,1,0,1,0,0,0,0.0,1,0,0,0,0,3,0,0.0,0,1,0.0,0,0,0.5,2,1,0.857,1.0,5,5,7,6,0,0,0.142,0.077,0.074,2.086,0.0,0,2,0,0,0,4,0,0,-1.914,-1.914,0.0,0,0,0,0,0,0,1,0.0,0,0,0.0,0,3,90,90,0,0,1,0.643,9,0.333,1,3,0.643,9,14,14,0,0,0,0,0,0,0,0,0.0,0,0,0,0,0,2,0,4,0,1,1,2,0.4,5,2,0,0,3,28,0
DFB-Pokal,1/32 FINALE,16.08.2025,Sandhausen,RB Lipsia,Casa,Sandhausen,Halbauer Philipp,Attaccante,Subentrato,6.1,0,0,0,0,0,0,0.0,2,0,0,0,0,0,0,0.0,0,2,0.0,0,0,0.0,0,0,0.0,0.0,0,0,0,0,0,0,0.001,0.0,0.0,0.808,0.0,0,1,0,0,0,2,0,0,-1.192,-1.192,0.0,0,0,0,0,0,0,0,0.0,0,0,0.0,0,1,27,26,0,0,0,0.75,3,0.5,1,2,0.75,3,4,4,0,0,0,0,0,0,0,0,0.0,0,0,0,0,0,0,0,2,0,0,0,0,0.0,0,0,0,0,0,8,0
DFB-Pokal,1/32 FINALE,16.08.2025,Sandhausen,RB Lipsia,Casa,Sandhausen,Schulz Kwabe,Difensore centrale,Titolare,5.6,0,3,0,0,0,0,0.0,0,0,0,0,1,8,0,0.0,0,0,0.0,0,0,0.5,2,1,0.25,0.0,2,0,4,1,0,0,0.0,0.0,0.0,2.086,0.0,0,3,1,0,0,4,0,0,-1.914,-1.914,0.0,0,0,0,0,0,0,0,0.0,0,0,0.375,3,8,90,90,0,0,0,0.793,23,0.0,0,3,0.789,15,19,29,0,0,0,0,0,0,0,0,0.0,0,0,0,0,0,0,0,4,0,0,0,0,0.0,0,0,0,0,0,41,0
DFB-Pokal,1/32 FINALE,16.08.2025,Sandhausen,RB Lipsia,Casa,Sandhausen,Wagner Maximilian,Attaccante,Subentrato,6.5,0,0,0,0,0,0,0.0,1,0,0,0,0,2,0,0.0,0,0,0.0,0,0,0.0,0,0,0.667,0.667,6,4,6,4,0,0,0.0,0.0,0.0,0.808,0.0,0,0,0,0,0,2,0,0,-1.192,-1.192,0.0,0,0,0,0,0,0,0,0.0,0,0,0.0,0,0,28,27,0,0,0,1.0,2,0.0,0,0,1.0,2,2,2,0,0,0,0,0,0,0,0,0.0,0,0,0,0,0,0,0,2,0,0,0,0,0.5,4,2,0,0,0,12,2
DFB-Pokal,1/32 FINALE,16.08.2025,Sandhausen,RB Lipsia,Casa,Sandhausen,Osee Yannick,Difensore centrale,Titolare,6.5,0,1,0,0,0,0,0.0,0,0,0,0,1,5,0,0.0,0,0,0.0,0,0,0.5,2,1,0.714,0.8,5,4,7,5,0,0,0.002,0.144,0.0,2.086,0.0,0,6,0,1,0,4,0,0,-1.914,-1.914,0.0,0,0,0,3,0,0,0,0.0,0,0,0.214,3,14,90,90,0,0,0,0.636,21,0.4,2,5,0.586,17,29,33,0,0,0,0,0,0,0,0,0.0,0,0,0,0,0,1,0,4,1,1,0,1,1.0,3,3,0,0,1,51,0
DFB-Pokal,1/32 FINALE,16.08.2025,Sandhausen,RB Lipsia,Casa,Sandhausen,de Meester Luca,Ala,Titolare,6.2,0,1,0,0,0,0,0.0,3,0,0,0,0,1,0,0.5,1,2,1.0,1,1,0.0,0,0,0.667,0.667,3,2,3,2,0,0,0.087,0.0,0.0,1.277,0.0,0,1,0,0,0,2,0,0,-0.723,-0.723,0.0,0,0,0,0,0,0,1,0.0,0,0,1.0,1,1,64,64,0,0,0,1.0,7,1.0,2,2,1.0,7,7,7,0,0,0,0,0,0,0,0,0.0,0,0,0,0,0,0,0,2,0,0,0,0,1.0,1,1,0,0,1,17,4
DFB-Pokal,1/32 FINALE,16.08.2025,Sandhausen,RB Lipsia,Casa,Sandhausen,Burkle Julian,Attaccante,Subentrato,,0,0,0,0,0,0,0.0,0,0,0,0,0,0,0,0.0,0,0,0.0,0,0,0.0,0,0,0.0,0.0,0,0,0,0,0,0,0.0,0.0,0.0,0.632,0.0,0,0,0,0,0,1,0,0,-0.368,-0.368,0.0,0,0,0,0,0,0,0,0.0,0,0,0.0,0,0,5,4,0,0,0,0.0,0,0.0,0,0,0.0,0,0,0,0,0,0,0,0,0,0,0,0.0,0,0,0,0,0,0,0,1,0,0,0,0,0.0,0,0,0,0,0,0,0
DFB-Pokal,1/32 FINALE,16.08.2025,Sandhausen,RB Lipsia,Casa,Sandhausen,Pfaffenrot Denis,Ala,Titolare,5.9,0,0,0,1,0,0,0.0,0,0,0,0,0,0,0,1.0,1,1,1.0,1,1,0.0,0,0,0.6,0.6,5,3,5,3,0,0,0.015,0.051,0.0,1.277,0.0,0,0,1,1,0,2,0,0,-0.723,-0.723,0.0,0,0,0,1,0,0,1,0.0,0,0,0.0,0,0,63,63,0,0,1,0.25,1,0.0,0,1,0.25,1,4,4,0,0,0,0,0,0,0,0,0.0,0,0,0,0,0,1,0,2,0,1,0,1,1.0,1,1,0,0,2,15,2
DFB-Pokal,1/32 FINALE,16.08.2025,Sandhausen,RB Lipsia,Casa,Sandhausen,Ramusovic Melvin,Centrocampista,Subentrato,,0,0,0,0,0,0,0.0,1,0,0,0,0,0,0,0.0,0,1,0.0,0,0,0.0,1,0,0.5,1.0,1,1,2,1,0,0,0.002,0.0,0.0,0.632,0.0,0,1,0,1,0,1,0,0,-0.368,-0.368,0.0,0,0,0,0,0,0,0,0.0,0,0,1.0,1,1,4,3,0,0,0,1.0,3,1.0,1,1,1.0,3,3,3,0,0,0,0,0,0,0,0,0.0,0,0,0,0,0,0,0,1,0,0,0,0,0.0,0,0,0,0,0,6,0
DFB-Pokal,1/32 FINALE,16.08.2025,Sandhausen,RB Lipsia,Casa,Sandhausen,Akmestanli Teoman,Difensore,Subentrato,6.7,0,2,0,0,0,0,0.0,0,0,0,0,2,3,0,0.0,0,0,0.0,0,0,0.0,0,0,0.5,0.5,6,3,6,3,0,0,0.005,0.0,0.0,0.808,0.0,0,3,1,1,0,2,0,0,-1.192,-1.192,0.0,0,0,0,2,0,0,0,0.0,0,0,0.333,1,3,48,47,0,0,1,0.727,8,0.5,1,2,0.7,7,10,11,0,0,0,0,0,0,0,0,0.0,0,0,0,0,0,0,0,2,0,0,0,0,0.5,2,1,0,0,0,22,1
DFB-Pokal,1/32 FINALE,16.08.2025,BFC Dynamo,Bochum,Ospite,Bochum,Pannewig Mats,Centrocampista,Subentrato,6.7,0,2,0,1,0,0,0.0,1,0,1,0,0,0,0,0.0,0,1,0.0,0,0,0.5,2,1,0.462,0.455,11,5,13,6,0,0,0.044,0.432,0.594,0.163,0.0,0,3,5,2,0,1,0,0,-0.837,-0.837,0.0,0,0,0,2,0,0,2,1.0,1,1,0.5,1,2,67,66,0,0,0,0.857,24,0.875,7,8,0.857,24,28,28,0,0,0,0,0,0,0,0,0.0,0,0,0,0,1,2,0,1,1,0,1,2,0.667,3,2,0,0,4,46,3
DFB-Pokal,1/32 FINALE,16.08.2025,BFC Dynamo,Bochum,Ospite,Bochum,Clairicia Mathis,Attaccante,Subentrato,6.7,0,0,0,0,0,0,0.0,1,0,0,0,0,0,0,0.0,0,1,0.5,4,2,0.0,1,0,0.222,0.25,8,2,9,2,0,0,0.436,0.022,0.036,0.052,0.0,0,0,1,0,0,0,0,0,0.052,0.052,0.0,0,0,0,0,0,0,1,1.0,1,1,0.0,0,0,46,45,0,0,0,0.533,8,0.4,4,10,0.533,8,15,15,0,0,0,0,0,0,0,0,0.0,0,0,0,0,0,1,0,0,0,0,1,1,0.0,0,0,0,0,7,24,3
DFB-Pokal,1/32 FINALE,16.08.2025,BFC Dynamo,Bochum,Casa,BFC Dynamo,Oellers Larry,Difensore centrale,Titolare,4.7,0,2,0,0,0,0,0.0,0,1,0,0,0,0,0,0.0,0,0,0.0,2,0,0.0,1,0,0.167,0.2,5,1,6,1,0,0,0.009,0.035,0.0,0.785,0.0,0,1,2,0,0,0,0,0,0.785,0.785,0.0,0,0,0,1,0,0,1,0.0,0,0,0.0,0,1,80,80,0,0,0,0.769,10,0.5,1,2,0.769,10,13,13,0,0,0,0,0,0,0,0,0.0,0,0,0,0,1,0,1,0,0,0,0,1,0.0,1,0,0,0,0,18,0
DFB-Pokal,1/32 FINALE,16.08.2025,BFC Dynamo,Bochum,Casa,BFC Dynamo,Mattmuller Levin,Centrocampista,Titolare,5.9,0,2,0,0,0,0,0.0,0,0,1,0,1,2,0,0.0,0,0,0.0,0,0,0.5,2,1,0.615,0.636,11,7,13,8,0,0,0.004,0.011,0.038,5.515,0.0,0,2,3,4,0,3,0,0,2.515,1.677,0.0,0,0,0,1,0,0,0,0.0,0,0,0.4,2,5,120,120,0,0,0,0.867,26,1.0,3,3,0.852,23,27,30,0,0,0,0,0,0,0,0,0.0,0,0,0,0,0,0,1,3,1,0,1,1,1.0,3,3,0,0,0,45,2
DFB-Pokal,1/32 FINALE,16.08.2025,BFC Dynamo,Bochum,Casa,BFC Dynamo,Liebelt John,Esterno,Titolare,7.3,0,6,0,0,0,0,0.0,2,0,0,0,0,2,0,0.333,1,3,0.0,0,0,0.0,1,0,0.867,0.929,14,13,15,13,0,0,0.057,0.0,0.0,4.248,0.0,0,6,0,2,0,2,0,0,2.248,1.409,0.0,0,0,0,1,0,0,0,0.0,0,0,0.5,4,8,113,113,0,0,0,0.76,19,0.556,5,9,0.76,19,25,25,0,0,0,0,0,0,0,0,0.0,0,0,0,0,0,0,0,2,0,0,0,0,0.818,11,9,0,0,3,54,3
DFB-Pokal,1/32 FINALE,16.08.2025,BFC Dynamo,Bochum,Ospite,Bochum,Horn Timo,Portiere,Titolare,6.8,0,11,0,0,1,0,0.0,0,0,0,0,0,0,0,0.0,0,0,0.0,0,0,0.0,0,0,0.0,0.0,0,0,0,0,0,0,0.003,0.0,0.0,0.369,0.0,0,5,0,0,0,1,0,0,-0.631,-0.631,0.0,0,0,0,0,0,5,1,0.0,0,0,0.357,5,14,120,120,0,0,0,0.775,31,0.2,1,5,0.794,27,34,40,0,0,0,0,0,0,0,0,0.0,0,0,0,4,0,0,0,5,0,0,0,0,0.0,0,0,0,0,0,50,0
DFB-Pokal,1/32 FINALE,16.08.2025,BFC Dynamo,Bochum,Casa,BFC Dynamo,Windsheimer Tim,Centrocampista,Subentrato,6.3,0,3,0,0,0,0,0.0,1,0,0,0,1,2,0,0.0,0,1,0.0,0,0,0.0,0,0,0.75,0.75,4,3,4,3,0,0,0.012,0.0,0.0,4.73,0.0,0,2,0,1,0,3,0,0,1.73,0.892,0.0,0,0,0,0,0,0,0,0.0,0,0,0.667,2,3,39,38,0,0,1,0.6,3,0.5,1,2,0.6,3,5,5,0,0,0,0,0,0,0,0,0.0,0,0,0,0,0,0,0,3,0,0,0,0,0.0,2,0,0,0,0,15,1
DFB-Pokal,1/32 FINALE,16.08.2025,BFC Dynamo,Bochum,Casa,BFC Dynamo,Dadashov Rufat,Attaccante,Titolare,5.5,1,7,0,1,0,0,0.0,1,1,0,0,0,1,0,0.0,0,0,0.0,0,0,0.667,9,6,0.625,0.571,7,4,16,10,0,0,0.001,0.247,0.153,2.602,0.0,0,9,3,4,0,1,0,0,1.602,0.764,0.0,0,0,0,2,0,0,1,0.0,0,0,0.0,0,4,103,103,0,0,0,0.321,9,0.091,1,11,0.269,7,26,28,0,0,0,0,0,0,0,0,0.0,0,0,0,0,0,1,2,1,0,2,1,3,0.0,0,0,0,1,1,45,2
DFB-Pokal,1/32 FINALE,16.08.2025,BFC Dynamo,Bochum,Ospite,Bochum,Watjen Kjell,Centrocampista,Subentrato,7.8,1,4,1,0,0,0,0.0,3,0,0,0,1,0,0,0.5,1,2,0.0,1,0,0.0,0,0,0.25,0.25,4,1,4,1,0,0,0.66,0.221,0.263,0.052,0.0,0,3,1,0,0,0,0,0,0.052,0.052,0.0,0,0,0,0,0,0,1,0.0,0,0,0.0,0,0,46,45,0,0,0,0.85,17,0.75,9,12,0.85,17,20,20,0,0,0,0,0,0,0,0,0.0,0,0,0,0,0,1,0,0,0,0,1,1,1.0,1,1,0,0,6,30,3
DFB-Pokal,1/32 FINALE,16.08.2025,BFC Dynamo,Bochum,Casa,BFC Dynamo,Rogero Jamal,Attaccante,Subentrato,7.0,0,1,1,0,0,0,0.0,0,0,0,0,0,3,0,0.0,0,0,0.0,2,0,0.5,4,2,0.417,0.375,8,3,12,5,0,0,0.092,0.0,0.0,4.921,0.0,0,3,2,2,0,3,0,0,1.921,1.083,0.0,0,0,0,0,0,0,2,0.0,0,0,1.0,1,1,57,56,0,0,1,0.688,11,0.857,6,7,0.615,8,13,16,0,0,0,0,0,0,0,0,0.0,0,0,0,0,0,0,0,3,0,0,0,0,1.0,1,1,0,0,2,29,2
DFB-Pokal,1/32 FINALE,16.08.2025,BFC Dynamo,Bochum,Casa,BFC Dynamo,Karatas Can,Centrocampista offensivo,Titolare,6.1,0,2,0,0,0,0,0.0,2,0,1,0,0,0,0,0.0,0,1,0.5,2,1,0.0,0,0,0.429,0.429,7,3,7,3,0,0,0.261,0.0,0.0,0.785,0.0,0,2,3,1,0,0,0,0,0.785,0.785,0.0,0,0,0,1,0,0,0,0.0,0,0,0.0,0,1,82,82,0,0,0,0.818,9,0.667,4,6,0.9,9,10,11,0,0,0,0,0,0,0,0,0.0,0,0,0,0,0,0,0,0,0,0,0,0,1.0,1,1,0,0,2,20,1
DFB-Pokal,1/32 FINALE,16.08.2025,BFC Dynamo,Bochum,Casa,BFC Dynamo,Ortegel Nicolas,Portiere,Titolare,8.1,0,18,0,0,2,0,0.0,0,0,0,0,0,3,0,0.0,0,0,0.0,0,0,1.0,2,2,1.0,0.0,0,0,2,2,0,1,0.004,0.0,0.0,5.515,0.0,0,7,0,0,0,3,0,0,2.515,1.677,0.0,0,0,0,0,0,7,0,0.0,0,0,0.513,20,39,120,120,0,0,0,0.636,35,0.286,2,7,0.714,25,35,55,0,0,1,0,0,0,0,0,0.0,0,0,2,7,0,0,0,10,0,0,0,0,0.0,0,0,0,0,0,74,0
DFB-Pokal,1/32 FINALE,16.08.2025,BFC Dynamo,Bochum,Ospite,Bochum,Bamba Samuel,Attaccante,Subentrato,8.7,0,0,0,1,0,0,0.0,9,0,0,0,0,0,0,0.0,0,3,0.75,4,3,0.0,1,0,0.545,0.6,10,6,11,6,0,0,0.16,0.639,0.754,0.052,0.0,0,2,2,3,1,0,0,0,0.052,0.052,0.0,0,0,0,0,0,0,0,0.0,0,0,0.333,1,3,57,56,0,1,0,0.692,18,0.625,10,16,0.692,18,26,26,0,0,0,0,0,0,0,0,0.0,0,0,0,0,2,7,1,0,1,5,1,8,0.0,0,0,0,0,10,48,4
DFB-Pokal,1/32 FINALE,16.08.2025,BFC Dynamo,Bochum,Casa,BFC Dynamo,Knezevic Ivan,Centrocampista,Subentrato,6.8,0,3,0,0,0,0,0.0,0,0,1,0,0,0,0,0.0,0,0,0.5,2,1,0.0,0,0,0.5,0.5,2,1,2,1,0,0,0.002,0.027,0.0,4.921,0.0,0,3,0,0,0,3,0,0,1.921,1.083,0.0,0,0,0,0,0,0,0,0.0,0,0,0.0,0,2,57,56,0,0,0,0.818,9,0.6,3,5,0.818,9,11,11,0,0,0,0,0,0,0,0,0.0,0,0,0,0,0,0,1,3,0,1,0,1,0.0,0,0,0,0,1,14,0
DFB-Pokal,1/32 FINALE,16.08.2025,BFC Dynamo,Bochum,Casa,BFC Dynamo,Gunte Tobias,Difensore centrale,Titolare,5.3,0,7,0,1,0,0,0.0,1,0,1,0,2,9,0,0.0,0,0,0.0,0,0,0.667,3,2,0.444,0.333,6,2,9,4,0,1,0.002,0.028,0.109,5.515,0.0,0,5,2,0,0,3,0,0,2.515,1.677,0.0,0,0,0,1,0,0,0,0.0,0,0,0.333,4,12,120,120,0,0,2,0.696,32,0.167,1,6,0.6,21,35,46,1,0,0,0,0,0,0,0,0.0,0,0,0,0,0,1,0,3,1,0,1,1,1.0,2,2,0,0,2,64,2
DFB-Pokal,1/32 FINALE,16.08.2025,BFC Dynamo,Bochum,Casa,BFC Dynamo,Fritzsche Leander,Attaccante,Subentrato,,0,0,0,0,0,0,0.0,1,0,0,0,0,0,0,0.0,0,0,0.0,0,0,0.0,0,0,0.0,0.0,1,0,1,0,0,0,0.003,0.0,0.0,1.268,0.0,0,1,0,0,0,1,0,0,0.268,0.268,0.0,0,0,0,0,0,0,0,0.0,0,0,0.0,0,1,8,7,0,0,0,0.5,1,0.5,1,2,0.5,1,2,2,0,0,0,0,0,0,0,0,0.0,0,0,0,0,0,0,0,1,0,0,0,0,0.0,0,0,0,0,0,3,1
DFB-Pokal,1/32 FINALE,16.08.2025,BFC Dynamo,Bochum,Casa,BFC Dynamo,Breitfeld Joey,Centrocampista,Subentrato,6.8,0,1,0,0,0,0,0.0,4,0,0,0,1,0,0,0.0,0,0,0.0,1,0,0.0,0,0,0.4,0.4,5,2,5,2,0,0,0.022,0.095,0.014,4.921,0.0,0,3,1,1,0,3,0,0,1.921,1.083,0.0,0,0,0,0,0,0,0,0.0,0,0,0.667,2,3,57,56,0,0,0,0.667,8,0.625,5,8,0.667,6,9,12,0,0,0,0,0,0,0,0,0.0,0,0,0,0,0,0,2,3,0,1,1,2,0.0,1,0,0,0,0,20,0
DFB-Pokal,1/32 FINALE,16.08.2025,BFC Dynamo,Bochum,Casa,BFC Dynamo,Putaro Leandro,Attaccante,Titolare,6.0,0,0,0,0,0,0,0.0,1,0,0,0,0,0,0,0.0,0,0,0.0,0,0,0.5,2,1,0.333,0.0,1,0,3,1,0,0,0.016,0.0,0.0,0.594,0.0,0,1,0,0,0,0,0,0,0.594,0.594,0.0,0,0,0,0,0,0,1,0.0,0,0,0.0,0,1,64,64,0,1,0,0.333,2,0.333,1,3,0.333,2,6,6,0,0,0,0,0,0,0,0,0.0,0,0,0,0,0,0,0,0,0,0,0,0,0.0,0,0,0,0,2,9,1
DFB-Pokal,1/32 FINALE,16.08.2025,BFC Dynamo,Bochum,Ospite,Bochum,Lenz Cajetan,Centrocampista,Titolare,7.6,1,5,1,0,0,0,0.0,2,0,1,0,1,1,0,0.0,0,1,1.0,1,1,0.333,6,2,0.5,0.667,6,4,12,6,0,0,0.558,0.006,0.01,0.369,0.0,0,10,1,3,0,1,0,0,-0.631,-0.631,0.0,0,0,0,1,0,0,1,1.0,1,1,0.714,5,7,120,120,0,0,1,0.863,63,0.85,17,20,0.863,63,73,73,0,0,0,0,0,0,0,0,0.0,0,0,0,0,0,0,1,1,0,0,1,1,0.0,0,0,0,0,2,85,2
DFB-Pokal,1/32 FINALE,16.08.2025,BFC Dynamo,Bochum,Casa,BFC Dynamo,Shcherbakovski Jan-Rafael,Centrocampista offensivo,Titolare,7.0,0,5,0,0,0,0,0.0,1,0,0,0,1,1,0,0.0,0,0,0.5,2,1,1.0,1,1,0.667,0.625,8,5,9,6,0,0,0.006,0.011,0.054,0.594,0.0,0,0,0,3,1,0,0,0,0.594,0.594,0.0,0,0,0,1,0,0,0,0.0,0,0,1.0,1,1,64,64,0,0,0,0.333,3,0.5,1,2,0.333,3,9,9,0,0,0,0,0,0,0,0,0.0,0,0,0,0,0,0,1,0,0,0,1,1,1.0,1,1,0,0,1,27,4
DFB-Pokal,1/32 FINALE,16.08.2025,BFC Dynamo,Bochum,Casa,BFC Dynamo,Reincke Willi,Esterno,Titolare,6.3,0,1,1,0,0,0,0.0,4,0,1,0,0,2,0,0.5,1,2,0.0,1,0,0.0,0,0,0.333,0.333,6,2,6,2,0,0,0.031,0.0,0.0,0.594,0.0,0,7,4,0,0,0,0,0,0.594,0.594,0.0,0,0,0,0,0,0,1,0.0,0,0,0.2,1,5,64,64,0,0,0,0.3,3,0.0,0,6,0.333,3,9,10,0,0,0,0,0,0,0,0,0.0,0,0,0,0,0,0,0,0,0,0,0,0,1.0,2,2,0,0,0,24,1
DFB-Pokal,1/32 FINALE,16.08.2025,BFC Dynamo,Bochum,Casa,BFC Dynamo,Polte Moritz,Difensore centrale,Titolare,5.8,0,3,0,0,0,0,0.0,4,0,0,0,1,5,0,0.0,0,0,0.5,2,1,0.667,3,2,0.571,0.5,4,2,7,4,0,0,0.003,0.0,0.0,5.515,0.0,0,10,0,1,0,3,0,0,2.515,1.677,0.0,0,0,0,0,0,0,0,0.0,0,0,0.333,2,6,120,120,0,0,1,0.741,20,0.5,1,2,0.708,17,24,27,0,0,0,0,0,0,0,0,0.0,0,0,0,0,0,0,0,3,0,0,0,0,0.0,0,0,0,0,0,56,1
DFB-Pokal,1/32 FINALE,16.08.2025,BFC Dynamo,Bochum,Ospite,Bochum,Holtmann Gerrit,Ala,Titolare,6.2,0,2,0,0,0,0,0.0,5,0,0,0,1,0,0,0.0,0,2,0.0,4,0,1.0,1,1,0.273,0.2,10,2,11,3,0,0,0.032,0.011,0.0,0.317,0.0,0,1,0,1,0,1,0,0,-0.683,-0.683,0.0,0,0,0,0,0,0,1,0.0,0,0,0.333,1,3,64,64,0,0,0,0.625,10,0.545,6,11,0.625,10,16,16,0,0,0,0,0,0,0,0,0.0,0,0,0,0,0,0,1,1,0,1,0,1,0.0,1,0,0,0,2,30,3
DFB-Pokal,1/32 FINALE,16.08.2025,BFC Dynamo,Bochum,Ospite,Bochum,Bero Matus,Centrocampista,Titolare,8.4,0,5,1,1,0,0,0.0,12,0,0,0,0,0,0,0.571,4,7,0.0,1,0,1.0,1,1,0.556,0.5,8,4,9,5,0,0,0.598,1.627,1.833,0.369,0.0,0,11,3,3,1,1,0,0,-0.631,-0.631,0.0,0,0,0,0,0,0,5,1.0,2,2,0.5,2,4,120,120,0,0,0,0.84,42,0.846,22,26,0.833,35,42,50,0,1,0,0,0,0,0,0,0.0,0,0,0,0,0,2,1,1,0,1,2,3,1.0,1,1,0,0,5,79,2
DFB-Pokal,1/32 FINALE,16.08.2025,BFC Dynamo,Bochum,Ospite,Bochum,Wittek Maximilian,Terzino,Titolare,7.4,0,8,0,0,0,0,0.0,8,0,0,0,0,0,0,0.125,1,8,0.0,0,0,1.0,1,1,0.625,0.571,7,4,8,5,0,0,0.089,0.058,0.0,0.369,0.0,0,13,2,2,0,1,0,0,-0.631,-0.631,0.0,0,0,0,2,0,0,2,1.0,1,1,0.333,1,3,120,120,0,0,0,0.905,76,0.839,26,31,0.902,74,82,84,0,0,0,0,0,0,0,0,0.0,0,0,0,0,1,0,2,1,0,1,0,2,1.0,2,2,0,0,1,116,3
DFB-Pokal,1/32 FINALE,16.08.2025,BFC Dynamo,Bochum,Ospite,Bochum,Miyoshi Koji,Ala,Titolare,6.4,0,3,0,1,0,0,0.0,1,0,0,0,0,0,0,0.0,0,1,0.0,1,0,0.0,1,0,0.25,0.286,7,2,8,2,0,0,0.096,0.288,0.0,0.317,0.0,0,3,1,2,0,1,0,0,-0.683,-0.683,0.0,0,0,0,0,0,0,1,1.0,1,1,1.0,2,2,75,75,0,0,0,0.789,15,0.727,8,11,0.789,15,19,19,0,0,0,0,0,0,0,0,0.0,0,0,0,0,1,3,1,1,0,3,0,4,0.0,0,0,0,0,7,32,5
DFB-Pokal,1/32 FINALE,16.08.2025,BFC Dynamo,Bochum,Ospite,Bochum,Loosli Noah,Difensore centrale,Titolare,7.7,0,4,0,0,0,0,0.0,0,0,0,0,0,4,0,0.0,0,0,0.0,0,0,0.667,6,4,0.625,0.5,2,1,8,5,0,0,0.038,0.471,0.979,0.369,0.0,0,8,1,0,1,1,0,0,-0.631,-0.631,0.0,0,0,0,1,0,0,0,0.0,0,0,0.556,5,9,120,120,0,0,0,0.916,98,0.857,12,14,0.913,94,103,107,0,0,0,0,0,0,0,0,0.0,0,0,0,0,0,1,0,1,0,0,1,1,1.0,1,1,0,0,1,118,0
DFB-Pokal,1/32 FINALE,16.08.2025,BFC Dynamo,Bochum,Ospite,Bochum,Sissoko Ibrahima,Centrocampista,Titolare,,0,0,0,0,0,0,0.0,0,0,0,0,0,0,0,0.0,0,0,0.0,0,0,0.0,0,0,0.0,0.0,0,0,0,0,0,0,0.0,0.0,0.0,0.153,0.0,0,0,0,0,0,0,0,0,0.153,0.153,0.0,0,0,0,0,0,0,0,0.0,0,0,0.0,0,0,9,9,0,0,0,1.0,1,0.0,0,0,1.0,1,1,1,0,0,0,0,0,0,0,0,0.0,0,0,0,0,0,0,0,0,0,0,0,0,0.0,0,0,0,0,1,2,1
DFB-Pokal,1/32 FINALE,16.08.2025,BFC Dynamo,Bochum,Ospite,Bochum,Koscierski Kacper,Terzino,Titolare,6.3,0,3,0,0,0,0,0.0,3,0,0,0,0,1,0,0.5,1,2,0.0,1,0,0.0,1,0,0.0,0.0,2,0,3,0,0,0,0.04,0.022,0.0,0.317,0.0,0,4,1,0,0,1,0,0,-0.683,-0.683,0.0,0,0,0,0,0,0,0,0.0,0,0,0.714,5,7,75,75,0,0,0,0.724,21,0.667,6,9,0.724,21,29,29,0,0,0,0,0,0,0,0,0.0,0,0,0,0,0,0,1,1,0,1,0,1,0.0,0,0,0,0,2,44,3
DFB-Pokal,1/32 FINALE,16.08.2025,BFC Dynamo,Bochum,Ospite,Bochum,Passlack Felix,Difensore,Subentrato,7.3,0,3,0,0,0,0,0.0,5,0,0,0,0,1,0,0.0,0,2,0.0,0,0,0.0,1,0,0.8,1.0,4,4,5,4,0,0,0.053,0.0,0.0,0.052,0.0,0,3,0,1,0,0,0,0,0.052,0.052,0.0,0,0,0,1,0,0,0,0.0,0,0,0.75,3,4,46,45,0,0,0,0.957,22,0.875,7,8,0.957,22,23,23,0,0,0,0,0,0,0,0,0.0,0,0,0,0,0,0,0,0,0,0,0,0,1.0,3,3,0,0,0,41,1
DFB-Pokal,1/32 FINALE,16.08.2025,BFC Dynamo,Bochum,Ospite,Bochum,Hofmann Philipp,Attaccante,Titolare,7.9,0,5,1,0,0,0,0.0,1,0,1,0,0,1,0,0.0,0,0,1.0,1,1,0.2,5,1,0.455,0.667,6,4,11,5,0,0,0.176,0.61,1.046,0.369,0.0,0,5,1,2,0,1,0,0,-0.631,-0.631,0.0,0,0,0,0,0,0,3,1.0,1,1,0.0,0,0,120,120,0,1,0,0.652,15,0.667,8,12,0.636,14,22,23,0,0,0,1,0,0,0,0,0.0,0,0,0,0,0,3,0,1,1,1,2,3,0.0,1,0,0,0,8,37,4
DFB-Pokal,1/32 FINALE,16.08.2025,BFC Dynamo,Bochum,Ospite,Bochum,Vogt Kevin,Difensore centrale,Titolare,8.1,0,11,0,0,0,0,0.0,6,0,0,0,1,5,0,0.0,0,0,0.0,0,0,0.0,1,0,0.4,0.5,4,2,5,2,0,0,0.212,0.0,0.0,0.369,0.0,0,34,1,1,0,1,0,0,-0.631,-0.631,0.0,0,0,0,1,0,0,2,0.0,0,0,0.792,19,24,120,120,0,0,0,0.906,115,0.886,39,44,0.904,103,114,127,0,0,0,0,0,0,0,0,0.0,0,0,0,0,0,0,0,1,0,0,0,0,0.0,1,0,0,0,0,138,1
DFB-Pokal,1/32 FINALE,16.08.2025,Pirmasens,Amburgo,Ospite,Amburgo,Sahiti Emir,Attaccante,Subentrato,7.8,0,3,0,0,0,0,0.0,6,0,0,0,0,0,0,0.333,1,3,1.0,3,3,0.0,0,0,0.8,0.8,10,8,10,8,0,0,0.141,0.199,0.194,0.104,0.0,0,8,0,3,0,0,0,0,0.104,0.104,0.0,0,0,0,0,0,0,1,1.0,1,1,0.625,5,8,52,52,0,0,0,0.722,26,0.75,12,16,0.722,26,36,36,0,0,0,0,0,0,0,0,0.0,0,0,0,0,0,2,0,0,0,1,1,2,1.0,2,2,0,0,4,55,3
DFB-Pokal,1/32 FINALE,16.08.2025,Pirmasens,Amburgo,Ospite,Amburgo,Philippe Rayan,Attaccante,Titolare,6.5,0,5,0,0,0,0,0.0,1,0,0,0,1,0,0,0.0,0,2,0.5,4,2,0.0,1,0,0.375,0.429,7,3,8,3,0,0,0.014,0.0,0.0,0.201,0.0,0,2,0,1,0,0,0,0,0.201,0.201,0.0,0,0,0,0,0,0,0,1.0,1,1,1.0,1,1,45,45,0,0,0,0.75,9,0.625,5,8,0.75,9,12,12,0,0,0,0,0,0,0,0,0.0,0,0,0,0,0,0,0,0,0,0,0,0,0.0,0,0,0,0,1,22,1
DFB-Pokal,1/32 FINALE,16.08.2025,Pirmasens,Amburgo,Ospite,Amburgo,Gocholeishvili Giorgi,Esterno,Titolare,6.5,0,0,0,0,0,0,0.0,0,0,0,0,0,0,0,0.0,0,0,0.0,1,0,0.0,0,0,0.333,0.333,3,1,3,1,0,0,0.008,0.0,0.0,0.201,0.0,0,2,0,0,0,0,0,0,0.201,0.201,0.0,0,0,0,0,0,0,0,0.0,0,0,0.5,1,2,45,45,0,0,0,0.947,18,1.0,5,5,0.944,17,18,19,0,0,0,0,0,0,0,0,0.0,0,0,0,0,0,0,0,0,0,0,0,0,1.0,1,1,0,0,0,27,3
DFB-Pokal,1/32 FINALE,16.08.2025,Pirmasens,Amburgo,Ospite,Amburgo,Konigsdorffer Ransford,Centrocampista offensivo,Titolare,7.6,0,2,0,0,0,0,0.0,2,0,0,0,2,0,0,0.0,0,2,0.333,6,2,0.5,2,1,0.333,0.3,10,3,12,4,0,0,0.04,0.398,0.389,1.298,0.0,0,5,0,1,1,1,0,0,0.298,0.298,0.0,0,0,0,0,0,0,0,0.0,0,0,0.5,1,2,120,120,0,1,0,0.76,19,0.722,13,18,0.75,18,24,25,0,0,0,0,0,0,0,0,0.0,0,0,0,0,1,3,0,1,2,1,1,3,0.0,0,0,0,0,9,45,2
DFB-Pokal,1/32 FINALE,16.08.2025,Pirmasens,Amburgo,Ospite,Amburgo,Elfadli Daniel,Difensore centrale,Titolare,7.0,0,4,0,0,0,0,0.0,0,0,0,0,0,2,0,0.0,0,0,1.0,1,1,1.0,1,1,0.625,0.571,7,4,8,5,0,0,0.15,0.0,0.0,1.298,0.0,0,13,3,2,0,1,0,0,0.298,0.298,0.0,0,0,0,0,0,0,1,0.0,0,0,0.6,3,5,120,120,0,0,0,0.956,108,0.875,14,16,0.956,108,113,113,0,0,0,0,0,0,0,0,0.0,0,0,0,0,0,0,0,1,0,0,0,0,1.0,1,1,0,0,3,124,1
DFB-Pokal,1/32 FINALE,16.08.2025,Pirmasens,Amburgo,Ospite,Amburgo,Muheim Miro,Esterno,Titolare,9.4,1,10,3,0,1,0,0.0,26,0,0,0,1,3,1,0.4,10,25,0.0,1,0,1.0,1,1,0.4,0.333,9,3,10,4,0,0,1.117,0.096,0.24,1.298,0.0,0,18,3,0,0,1,0,0,0.298,0.298,0.0,0,0,0,0,0,0,8,1.0,2,2,0.333,3,9,120,120,0,0,2,0.787,74,0.629,22,35,0.785,73,93,94,0,0,0,0,0,0,0,0,0.0,0,0,0,0,0,0,1,1,0,0,1,1,0.333,3,1,0,0,0,142,2
DFB-Pokal,1/32 FINALE,16.08.2025,Pirmasens,Amburgo,Ospite,Amburgo,Rossing-Lelesiit Alexander,Centrocampista offensivo,Titolare,6.3,0,1,0,0,0,0,0.0,0,0,0,0,0,0,0,1.0,1,1,0.0,4,0,0.0,0,0,0.5,0.5,10,5,10,5,0,0,0.006,0.0,0.0,0.201,0.0,0,0,2,4,0,0,0,0,0.201,0.201,0.0,0,0,0,0,0,0,0,0.0,0,0,0.0,0,0,45,45,0,0,0,0.727,8,0.5,3,6,0.7,7,10,11,0,0,0,0,0,0,0,0,0.0,0,0,0,0,0,0,0,0,0,0,0,0,1.0,1,1,0,0,0,23,2
DFB-Pokal,1/32 FINALE,16.08.2025,Pirmasens,Amburgo,Casa,Pirmasens,Wiltz Nico,Centrocampista,Subentrato,6.6,0,3,0,0,0,0,0.0,9,0,1,0,0,0,0,0.5,4,8,0.667,3,2,0.0,2,0,0.429,0.6,5,3,7,3,0,0,0.285,0.0,0.0,1.218,0.0,0,2,1,0,0,2,0,0,-0.782,-0.782,0.0,0,0,0,0,0,0,1,0.0,0,0,0.0,0,2,57,57,0,0,0,0.333,4,0.125,1,8,0.333,4,12,12,0,0,0,0,0,0,0,0,0.0,0,0,0,0,0,0,0,2,0,0,0,0,1.0,1,1,0,0,1,27,3
DFB-Pokal,1/32 FINALE,16.08.2025,Pirmasens,Amburgo,Casa,Pirmasens,Grunnagel Manuel,Terzino,Titolare,6.7,0,6,0,0,0,0,0.0,0,0,1,0,2,4,0,0.0,0,0,0.0,1,0,0.0,0,0,0.526,0.526,19,10,19,10,0,0,0.002,0.035,0.0,1.458,0.0,0,4,5,4,0,2,0,0,-0.542,-0.542,0.0,0,0,0,3,0,0,0,0.0,0,0,0.2,1,5,120,120,0,0,0,0.471,8,0.2,1,5,0.5,8,16,17,0,0,0,0,0,0,0,0,0.0,0,0,0,0,1,1,0,2,0,0,0,1,0.833,6,5,0,0,1,54,2
DFB-Pokal,1/32 FINALE,16.08.2025,Pirmasens,Amburgo,Casa,Pirmasens,Muller Michael,Difensore centrale,Titolare,6.7,0,4,0,0,0,0,0.0,1,0,1,0,0,6,0,0.0,0,0,0.0,1,0,1.0,1,1,0.545,0.5,10,5,11,6,0,0,0.003,0.0,0.0,1.458,0.0,0,5,3,0,0,2,0,0,-0.542,-0.542,0.0,0,0,0,2,0,0,1,0.0,0,0,0.333,2,6,120,120,0,0,2,0.762,16,0.333,2,6,0.8,16,20,21,0,0,0,0,0,0,0,0,0.0,0,0,0,0,0,0,0,2,0,0,0,0,0.6,5,3,0,0,1,39,1
DFB-Pokal,1/32 FINALE,16.08.2025,Pirmasens,Amburgo,Casa,Pirmasens,Sannoh Ousmane,Attaccante,Subentrato,6.4,0,2,0,0,0,0,0.0,0,0,0,0,0,1,0,0.0,0,0,0.5,2,1,0.0,0,0,1.0,1.0,1,1,1,1,0,0,0.002,0.074,0.104,0.583,0.0,0,2,0,0,0,1,0,0,-0.417,-0.417,0.0,0,0,0,0,0,0,0,0.0,0,0,1.0,2,2,26,26,0,0,0,0.8,4,0.667,2,3,0.667,2,3,5,0,0,0,0,0,0,0,0,0.0,0,0,0,0,0,1,0,1,1,0,1,1,0.0,0,0,0,0,1,9,0
DFB-Pokal,1/32 FINALE,16.08.2025,Pirmasens,Amburgo,Casa,Pirmasens,Dimitrijevic Luka,Ala,Titolare,6.9,0,3,1,0,0,0,0.0,2,0,0,0,0,0,0,0.0,0,2,0.0,2,0,0.0,0,0,0.667,0.667,3,2,3,2,0,0,0.368,0.019,0.011,0.24,0.0,0,5,0,0,0,0,0,0,0.24,0.24,0.0,0,0,0,0,0,0,2,0.0,0,0,0.5,1,2,63,63,0,0,0,0.733,11,0.75,6,8,0.733,11,15,15,0,0,0,0,0,0,0,0,0.0,0,0,0,0,0,0,1,0,0,0,1,1,1.0,2,2,0,0,0,27,1
DFB-Pokal,1/32 FINALE,16.08.2025,Pirmasens,Amburgo,Ospite,Amburgo,Balde Fabio,Attaccante,Subentrato,6.8,0,5,0,0,0,0,0.0,3,0,0,0,0,0,0,0.5,2,4,0.667,3,2,0.0,0,0,0.714,0.714,7,5,7,5,0,0,0.146,0.0,0.0,1.096,0.0,0,0,0,2,0,1,0,0,0.096,0.096,0.0,0,0,0,1,0,0,1,0.0,0,0,0.0,0,2,75,75,0,0,0,0.878,36,0.7,7,10,0.878,36,41,41,0,0,0,0,0,0,0,0,0.0,0,0,0,0,0,0,0,1,0,0,0,0,1.0,1,1,0,0,3,60,2
DFB-Pokal,1/32 FINALE,16.08.2025,Pirmasens,Amburgo,Ospite,Amburgo,Capaldo Nicolas,Centrocampista,Titolare,6.7,0,3,0,0,0,0,0.0,5,0,0,0,2,2,0,0.0,0,1,0.0,2,0,1.0,2,2,0.5,0.417,12,5,14,7,0,0,0.123,0.0,0.0,1.298,0.0,0,7,2,3,0,1,0,0,0.298,0.298,0.0,0,0,0,2,0,0,1,1.0,1,1,0.429,3,7,120,120,0,0,0,0.774,48,0.6,12,20,0.767,46,60,62,0,0,0,0,0,0,0,0,0.0,0,0,0,0,0,0,0,1,0,0,0,0,0.5,2,1,0,0,3,83,2
DFB-Pokal,1/32 FINALE,16.08.2025,Pirmasens,Amburgo,Ospite,Amburgo,Ramos Guilherme,Difensore,Subentrato,7.2,0,1,0,1,0,0,0.0,1,0,0,0,1,0,0,0.0,0,0,0.0,1,0,0.0,2,0,0.0,0.0,2,0,4,0,0,0,0.044,0.429,0.347,0.104,0.0,0,1,0,0,1,0,0,0,0.104,0.104,0.0,0,0,0,0,0,0,0,0.0,0,0,0.0,0,1,34,34,0,0,2,0.75,15,0.4,2,5,0.75,15,20,20,0,0,0,0,0,0,0,0,0.0,0,0,0,0,1,5,0,0,2,2,2,5,0.0,0,0,0,0,8,30,0
DFB-Pokal,1/32 FINALE,16.08.2025,Pirmasens,Amburgo,Casa,Pirmasens,Prokopchuk Oskar,Attaccante,Subentrato,5.6,0,1,0,0,0,0,0.0,0,0,0,0,3,2,0,0.0,0,0,0.0,0,0,0.0,2,0,0.167,0.25,4,1,6,1,0,0,0.074,0.0,0.0,1.218,0.0,0,1,0,1,0,2,0,0,-0.782,-0.782,0.0,0,0,0,0,0,0,0,0.0,0,0,1.0,1,1,43,43,0,1,0,0.429,3,0.4,2,5,0.429,3,7,7,0,0,0,0,0,0,0,0,0.0,0,0,0,0,0,0,0,2,0,0,0,0,0.0,0,0,0,0,1,12,0
DFB-Pokal,1/32 FINALE,16.08.2025,Pirmasens,Amburgo,Casa,Pirmasens,Eichhorn Luca,Ala,Titolare,5.8,0,4,0,0,0,0,0.0,0,0,0,0,1,1,0,0.0,0,0,0.0,0,0,0.0,0,0,0.8,0.8,5,4,5,4,0,0,0.007,0.005,0.0,0.528,0.0,0,1,0,1,0,0,0,0,0.528,0.528,0.0,0,0,0,2,0,0,0,0.0,0,0,0.333,2,6,87,87,0,0,0,0.611,11,0.667,2,3,0.611,11,18,18,0,0,0,0,0,0,0,0,0.0,0,0,0,0,0,0,1,0,0,1,0,1,0.667,3,2,0,0,0,29,0
DFB-Pokal,1/32 FINALE,16.08.2025,Pirmasens,Amburgo,Casa,Pirmasens,Reitz Benjamin,Portiere,Titolare,6.6,0,9,0,0,1,0,0.0,2,0,0,0,0,5,0,0.0,0,0,0.0,0,0,1.0,1,1,1.0,0.0,0,0,1,1,0,0,0.002,0.0,0.0,1.458,0.0,0,22,0,0,0,2,0,0,-0.542,-0.542,0.0,0,0,0,0,1,0,0,0.0,0,0,0.194,7,36,120,120,0,0,0,0.237,9,0.182,4,22,0.667,4,6,38,0,0,0,0,0,0,0,0,0.0,0,0,0,5,0,0,0,7,0,0,0,0,0.0,0,0,0,0,0,50,0
DFB-Pokal,1/32 FINALE,16.08.2025,Pirmasens,Amburgo,Casa,Pirmasens,Andreas Mike,Centrocampista,Titolare,6.6,0,2,0,0,0,0,0.0,2,0,1,0,0,7,0,0.0,0,1,0.0,0,0,1.0,1,1,0.667,0.625,8,5,9,6,0,0,0.005,0.0,0.0,1.458,0.0,0,7,1,3,0,2,0,0,-0.542,-0.542,0.0,0,0,0,3,0,0,0,0.0,0,0,0.111,1,9,120,120,0,0,0,0.5,9,0.286,2,7,0.692,9,13,18,0,0,0,0,0,0,0,0,0.0,0,0,0,0,0,0,0,2,0,0,0,0,1.0,2,2,0,0,0,37,2
DFB-Pokal,1/32 FINALE,16.08.2025,Pirmasens,Amburgo,Casa,Pirmasens,Gutmann Silas,Centrocampista,Subentrato,6.0,0,0,0,0,0,0,0.0,1,0,0,0,0,2,0,0.0,0,0,0.0,0,0,0.0,0,0,0.5,0.5,2,1,2,1,0,0,0.0,0.045,0.0,1.218,0.0,0,0,0,0,0,2,0,0,-0.782,-0.782,0.0,0,0,0,0,0,0,0,0.0,0,0,0.333,1,3,43,43,0,0,0,0.5,5,0.0,0,1,0.444,4,9,10,0,0,0,0,0,0,0,0,0.0,0,0,0,0,1,0,1,2,0,0,0,1,0.0,1,0,0,0,0,20,1
DFB-Pokal,1/32 FINALE,16.08.2025,Pirmasens,Amburgo,Ospite,Amburgo,Heuer Fernandes Daniel,Portiere,Titolare,7.1,0,9,0,0,0,0,0.0,1,0,0,0,1,1,0,0.0,0,0,0.0,0,0,0.0,0,0,0.0,0.0,1,0,1,0,0,0,0.001,0.0,0.0,1.298,0.0,0,4,0,0,0,1,0,0,0.298,0.298,0.0,0,0,0,0,1,5,0,0.0,0,0,0.5,7,14,120,120,0,0,0,0.794,27,0.25,1,4,0.818,18,22,34,0,0,0,0,0,0,0,0,0.0,0,0,0,3,0,0,0,4,0,0,0,0,0.0,0,0,0,0,0,43,0
DFB-Pokal,1/32 FINALE,16.08.2025,Pirmasens,Amburgo,Casa,Pirmasens,Krob Dennis,Centrocampista offensivo,Titolare,6.7,0,6,0,1,0,0,0.0,1,0,0,0,0,0,0,0.0,0,0,0.857,7,6,0.667,3,2,0.688,0.692,13,9,16,11,0,0,0.028,0.15,0.0,0.24,0.0,0,6,2,2,0,0,0,0,0.24,0.24,0.0,0,0,0,0,0,0,0,0.0,0,0,0.6,3,5,77,77,0,0,0,0.5,10,0.444,4,9,0.474,9,19,20,0,0,0,0,0,0,0,0,0.0,0,0,0,0,0,1,0,0,0,0,1,1,1.0,1,1,0,0,3,35,3
DFB-Pokal,1/32 FINALE,16.08.2025,Pirmasens,Amburgo,Casa,Pirmasens,Griess Yannick,Difensore centrale,Titolare,5.4,0,0,0,1,0,0,0.0,0,0,0,0,3,9,0,0.0,0,0,0.0,0,0,0.0,1,0,0.2,0.25,4,1,5,1,0,0,0.0,1.555,0.993,1.458,0.0,0,2,0,0,1,2,0,0,-0.542,-0.542,0.0,0,0,0,1,0,0,0,0.0,0,0,0.0,0,1,120,120,0,1,0,0.75,9,0.0,0,2,0.818,9,11,12,0,0,0,0,0,0,0,0,0.0,0,0,0,0,0,4,0,2,3,3,1,4,1.0,1,1,0,0,4,28,0
DFB-Pokal,1/32 FINALE,16.08.2025,Pirmasens,Amburgo,Ospite,Amburgo,Meffert Jonas,Centrocampista,Titolare,6.9,0,3,0,0,0,0,0.0,3,0,0,0,0,1,0,0.0,0,0,0.0,1,0,0.0,1,0,0.5,0.667,3,2,4,2,0,0,0.054,0.0,0.0,1.194,0.0,0,7,0,0,0,1,0,0,0.194,0.194,0.0,0,0,0,0,0,0,0,1.0,1,1,0.667,2,3,86,86,0,0,0,0.932,55,0.9,18,20,0.932,55,59,59,0,0,0,0,0,0,0,0,0.0,0,0,0,0,0,0,0,1,0,0,0,0,0.5,2,1,0,0,0,64,1
DFB-Pokal,1/32 FINALE,16.08.2025,Pirmasens,Amburgo,Ospite,Amburgo,Omari Warmed,Difensore centrale,Titolare,6.9,0,6,0,1,0,0,0.0,4,0,0,0,0,2,0,0.0,0,0,0.0,0,0,0.5,2,1,0.5,0.0,0,0,2,1,0,0,0.051,0.636,0.0,1.298,0.0,0,24,0,0,0,1,0,0,0.298,0.298,0.0,0,0,0,1,0,0,1,0.0,0,0,0.667,4,6,120,120,0,0,1,0.903,102,0.806,25,31,0.901,100,111,113,0,0,0,0,0,0,0,0,0.0,0,0,0,0,0,2,0,1,1,2,0,2,0.0,0,0,0,0,2,130,0
DFB-Pokal,1/32 FINALE,16.08.2025,Pirmasens,Amburgo,Casa,Pirmasens,Deho Miguel,Difensore,Subentrato,6.2,0,0,0,0,0,0,0.0,0,0,1,0,0,0,0,0.0,0,0,0.0,0,0,0.0,0,0,0.333,0.333,3,1,3,1,0,0,0.002,0.0,0.0,0.929,0.0,0,5,2,1,0,2,0,0,-1.071,-1.071,0.0,0,0,0,1,0,0,0,0.0,0,0,0.0,0,1,33,33,0,0,0,0.375,3,0.167,1,6,0.286,2,7,8,0,0,0,0,0,0,0,0,0.0,0,0,0,0,0,0,0,2,0,0,0,0,0.0,0,0,0,0,1,12,0
DFB-Pokal,1/32 FINALE,16.08.2025,Pirmasens,Amburgo,Ospite,Amburgo,Stange Otto,Attaccante,Subentrato,6.4,0,1,0,0,0,0,0.0,5,0,0,0,1,0,0,0.25,1,4,0.4,5,2,0.0,0,0,0.25,0.25,12,3,12,3,0,0,0.071,0.031,0.0,1.096,0.0,0,0,4,0,0,1,0,0,0.096,0.096,0.0,0,0,0,0,0,0,2,0.0,0,0,0.0,0,0,75,75,0,0,0,0.769,10,0.75,6,8,0.769,10,13,13,0,0,0,0,0,0,0,0,0.0,0,0,0,0,0,1,0,1,0,1,0,1,1.0,1,1,0,0,3,27,1
DFB-Pokal,1/32 FINALE,16.08.2025,Pirmasens,Amburgo,Ospite,Amburgo,Glatzel Robert,Attaccante,Subentrato,6.6,0,1,0,0,0,0,0.0,0,0,0,0,0,0,0,0.0,0,0,0.0,1,0,0.0,0,0,0.0,0.0,2,0,2,0,0,0,0.055,0.386,0.289,1.096,0.0,0,0,0,0,0,1,0,0,0.096,0.096,0.0,0,0,0,0,0,0,0,0.0,0,0,0.0,0,0,75,75,0,0,0,1.0,12,1.0,5,5,1.0,12,12,12,0,0,0,0,0,0,0,0,0.0,0,0,0,0,1,3,0,1,0,0,2,3,0.0,0,0,0,0,4,19,2
DFB-Pokal,1/32 FINALE,16.08.2025,Pirmasens,Amburgo,Casa,Pirmasens,Buchler Kevin,Terzino,Titolare,8.0,1,3,2,0,0,0,0.0,7,0,1,0,1,2,0,0.4,2,5,1.0,1,1,0.0,0,0,0.625,0.625,8,5,8,5,0,0,0.654,0.0,0.0,0.875,0.0,0,3,1,0,0,1,0,0,-0.125,-0.125,0.0,0,0,0,2,0,0,4,0.0,0,0,0.5,4,8,94,94,0,0,0,0.5,10,0.375,3,8,0.471,8,17,20,0,0,0,0,0,0,0,0,0.0,0,0,0,0,0,0,0,1,0,0,0,0,0.75,4,3,0,0,0,45,2
DFB-Pokal,1/32 FINALE,16.08.2025,Pirmasens,Amburgo,Casa,Pirmasens,Selensky Thomas,Centrocampista,Titolare,6.2,0,4,0,0,0,0,0.0,0,0,0,0,1,1,0,0.0,0,0,0.0,0,0,0.0,0,0,0.667,0.667,9,6,9,6,0,0,0.059,0.318,0.191,1.458,0.0,0,3,2,1,0,2,0,0,-0.542,-0.542,0.0,0,0,0,0,0,0,1,0.0,0,0,0.333,1,3,120,120,0,0,0,0.692,9,0.5,2,4,0.692,9,13,13,0,0,0,0,0,0,0,0,0.0,0,0,0,0,1,2,1,2,0,1,1,3,0.8,5,4,0,0,3,30,0
DFB-Pokal,1/32 FINALE,16.08.2025,Pirmasens,Amburgo,Casa,Pirmasens,Ehrhart Marc,Attaccante,Titolare,6.5,0,2,0,1,0,0,0.0,0,0,0,0,1,1,0,0.0,0,0,0.333,3,1,0.5,4,2,0.4,0.333,6,2,10,4,0,0,0.271,0.838,0.0,0.24,0.0,0,2,0,1,0,0,0,0,0.24,0.24,0.0,0,0,0,0,0,0,4,0.0,0,0,0.0,0,0,77,77,0,0,0,0.65,13,0.75,6,8,0.65,13,20,20,0,0,0,0,0,0,0,0,0.0,0,0,0,0,1,3,0,0,0,2,0,3,0.0,0,0,0,0,4,38,2
DFB-Pokal,1/32 FINALE,16.08.2025,Pirmasens,Amburgo,Ospite,Amburgo,Torunarigha Jordan,Difensore centrale,Titolare,7.4,0,6,0,0,0,0,0.0,3,0,1,0,2,4,0,0.0,0,0,0.0,0,0,0.667,3,2,0.5,0.4,5,2,8,4,0,0,0.037,0.0,0.0,1.194,0.0,0,25,1,1,0,1,0,0,0.194,0.194,0.0,0,0,0,0,0,0,0,0.0,0,0,0.5,6,12,68,68,0,0,0,0.83,73,0.724,21,29,0.828,72,87,88,0,0,0,0,0,0,0,0,0.0,0,0,0,0,0,0,0,1,0,0,0,0,1.0,1,1,0,0,0,97,0
DFB-Pokal,1/32 FINALE,15.08.2025,Bielefeld,Brema,Casa,Bielefeld,Kersken Jonas,Portiere,Titolare,7.1,0,10,0,0,0,0,0.0,1,0,0,0,0,3,0,0.0,0,0,0.0,0,0,0.0,0,0,0.0,0.0,0,0,0,0,0,0,0.013,0.0,0.0,0.0,0.0,0,6,0,0,0,0,0,0,0.0,0.0,1.0,2,2,0,0,4,4,0,0.0,0,0,0.471,8,17,90,90,0,0,0,0.78,32,0.333,2,6,0.962,25,26,41,0,0,0,0,0,0,0,0,0.0,0,0,0,0,0,0,0,0,0,0,0,0,0.0,0,0,0,0,0,50,0
DFB-Pokal,1/32 FINALE,15.08.2025,Bielefeld,Brema,Casa,Bielefeld,Mehlem Marvin,Ala,Titolare,6.4,0,3,0,0,0,0,0.0,1,0,0,0,1,0,0,0.0,0,0,0.5,2,1,0.0,1,0,0.6,0.667,9,6,10,6,0,0,0.003,0.0,0.0,0.0,0.0,0,1,1,2,0,0,0,0,0.0,0.0,0.0,0,0,0,1,0,0,2,1.0,1,1,0.0,0,2,79,79,0,0,0,0.75,15,0.5,1,2,0.75,15,20,20,0,0,0,0,0,0,0,0,0.0,0,0,0,0,0,0,0,0,0,0,0,0,0.333,3,1,0,1,0,33,1
DFB-Pokal,1/32 FINALE,15.08.2025,Bielefeld,Brema,Ospite,Brema,Lynen Senne,Centrocampista,Titolare,6.9,0,6,0,0,0,0,0.0,3,0,1,0,0,1,0,0.0,0,0,0.0,0,0,0.0,0,0,0.667,0.667,6,4,6,4,0,0,0.035,0.0,0.0,1.278,0.0,0,6,2,1,0,1,0,0,0.278,0.278,0.0,0,0,0,2,0,0,0,1.0,1,1,0.75,6,8,90,90,0,0,0,0.811,30,0.786,11,14,0.806,29,36,37,0,0,0,0,0,0,0,0,0.0,0,0,0,0,0,0,0,1,0,0,0,0,0.667,3,2,0,0,0,50,0
DFB-Pokal,1/32 FINALE,15.08.2025,Bielefeld,Brema,Casa,Bielefeld,Corboz Mael,Ala,Titolare,7.2,0,3,1,0,0,0,0.0,2,0,0,0,0,1,0,0.5,1,2,1.0,1,1,0.0,1,0,0.667,1.0,2,2,3,2,0,0,0.446,0.036,0.0,0.0,0.0,0,5,0,0,0,0,0,0,0.0,0.0,0.0,0,0,0,0,0,0,2,1.0,2,2,0.4,2,5,90,90,0,0,0,0.8,28,0.75,9,12,0.8,28,35,35,0,0,0,0,0,0,0,0,0.0,0,0,0,0,0,1,0,0,0,1,0,1,0.0,1,0,0,0,3,46,1
DFB-Pokal,1/32 FINALE,15.08.2025,Bielefeld,Brema,Ospite,Brema,Topp Keke,Attaccante,Subentrato,6.6,0,0,0,0,0,0,0.0,2,0,0,0,1,0,0,0.0,0,1,0.0,0,0,0.0,2,0,0.25,0.5,2,1,4,1,0,0,0.006,0.027,0.0,1.014,0.0,0,0,0,0,0,1,0,0,0.014,0.014,0.0,0,0,0,0,0,0,0,0.0,0,0,0.0,0,0,19,18,0,0,1,1.0,2,1.0,1,1,1.0,1,1,2,0,0,0,0,0,0,0,0,0.0,0,0,0,0,1,1,0,1,0,0,0,1,1.0,1,1,0,0,1,6,0
DFB-Pokal,1/32 FINALE,15.08.2025,Bielefeld,Brema,Casa,Bielefeld,Boakye Benjamin,Attaccante,Subentrato,7.2,1,1,1,0,0,0,0.0,1,0,1,0,0,0,0,0.0,0,0,0.5,4,2,0.0,0,0,0.375,0.375,8,3,8,3,0,0,0.074,0.016,0.093,0.0,0.0,0,0,2,0,0,0,0,0,0.0,0.0,0.0,0,0,0,0,0,0,1,0.0,0,0,0.0,0,0,12,11,0,0,0,0.5,2,0.5,1,2,0.5,2,4,4,0,0,0,0,0,0,0,0,0.0,0,0,0,0,0,1,0,0,0,0,1,1,0.0,1,0,0,0,3,15,3
DFB-Pokal,1/32 FINALE,15.08.2025,Bielefeld,Brema,Ospite,Brema,Agu Felix,Terzino,Titolare,6.1,0,4,0,1,0,0,0.0,2,0,0,0,0,3,0,0.0,0,1,1.0,1,1,0.667,3,2,0.5,0.429,7,3,10,5,0,0,0.019,0.258,0.0,1.278,0.0,0,2,3,1,0,1,0,0,0.278,0.278,0.0,0,0,0,2,0,0,0,0.0,0,0,0.0,0,0,90,90,0,0,0,0.875,28,1.0,11,11,0.875,28,32,32,0,0,0,0,0,0,0,0,0.0,0,0,0,0,0,1,0,1,0,1,0,1,1.0,2,2,0,0,1,63,5
DFB-Pokal,1/32 FINALE,15.08.2025,Bielefeld,Brema,Casa,Bielefeld,Schreck Sam,Centrocampista,Titolare,6.6,0,4,0,0,0,0,0.0,1,0,0,0,1,3,0,0.0,0,0,0.0,1,0,0.0,0,0,0.5,0.5,8,4,8,4,0,0,0.009,0.015,0.009,0.0,0.0,0,5,1,3,0,0,0,0,0.0,0.0,0.0,0,0,0,1,0,0,0,0.0,0,0,0.5,2,4,90,90,0,0,0,0.889,32,0.833,5,6,0.889,32,36,36,0,0,0,0,0,0,0,0,0.0,0,0,0,0,0,0,1,0,0,0,1,1,1.0,1,1,0,0,0,48,1
DFB-Pokal,1/32 FINALE,15.08.2025,Bielefeld,Brema,Ospite,Brema,Schmid Romano,Centrocampista offensivo,Titolare,7.7,0,4,1,0,0,0,0.0,10,0,0,0,0,0,0,0.2,1,5,0.6,5,3,1.0,1,1,0.7,0.667,9,6,10,7,0,0,0.379,0.0,0.0,1.278,0.0,0,5,1,2,0,1,0,0,0.278,0.278,0.0,0,0,0,1,0,0,3,0.5,1,2,0.0,0,0,90,90,0,0,0,0.824,28,0.778,21,27,0.818,27,33,34,0,0,0,0,0,0,0,0,0.0,0,0,0,0,0,0,0,1,0,0,0,0,0.0,1,0,0,1,2,54,2
DFB-Pokal,1/32 FINALE,15.08.2025,Bielefeld,Brema,Ospite,Brema,Njinmah Justin,Ala,Titolare,6.4,0,0,0,1,0,0,0.0,1,0,0,0,0,0,0,0.0,0,0,0.333,3,1,0.0,2,0,0.4,0.667,3,2,5,2,0,0,0.06,0.441,0.0,0.255,0.0,0,0,0,1,0,0,0,0,0.255,0.255,0.0,0,0,0,0,0,0,3,0.0,0,1,0.0,0,0,60,60,0,2,0,0.875,7,1.0,4,4,0.857,6,7,8,0,0,0,0,0,0,0,0,0.0,0,0,0,0,0,2,0,0,0,2,0,2,0.0,0,0,0,0,6,18,2
DFB-Pokal,1/32 FINALE,15.08.2025,Bielefeld,Brema,Casa,Bielefeld,Grodowski Joel,Attaccante,Titolare,6.8,0,1,0,0,0,0,0.0,2,0,0,0,0,0,0,0.0,0,2,0.571,7,4,0.4,5,2,0.353,0.333,12,4,17,6,0,0,0.001,0.015,0.0,0.0,0.0,0,2,4,0,0,0,0,0,0.0,0.0,0.0,0,0,0,0,0,0,0,0.0,0,0,0.0,0,0,79,79,0,0,0,0.667,8,0.25,1,4,0.667,8,12,12,0,0,0,0,0,0,0,0,0.0,0,0,0,0,0,0,1,0,0,1,0,1,0.0,0,0,0,0,6,28,6
DFB-Pokal,1/32 FINALE,15.08.2025,Bielefeld,Brema,Casa,Bielefeld,Young Isaiah,Attaccante,Subentrato,7.4,0,2,0,0,0,0,0.0,1,0,0,0,1,1,0,0.0,0,2,0.0,0,0,0.0,0,0,0.5,0.5,4,2,4,2,0,0,0.0,0.599,0.921,0.0,0.0,0,0,0,2,1,0,0,0,0.0,0.0,0.0,0,0,0,0,0,0,0,0.0,0,0,0.0,0,0,12,11,0,0,0,0.667,2,0.0,0,1,0.667,2,3,3,0,0,0,0,0,0,0,0,0.0,0,0,0,0,0,1,0,0,0,0,1,1,0.0,0,0,0,0,1,10,1
DFB-Pokal,1/32 FINALE,15.08.2025,Bielefeld,Brema,Ospite,Brema,Mbangula Samuel,Attaccante,Subentrato,6.0,0,0,0,0,0,0,0.0,0,0,0,0,0,0,0,0.0,0,0,0.333,3,1,0.0,1,0,0.333,0.4,5,2,6,2,0,0,0.022,0.0,0.0,1.023,0.0,0,0,1,1,0,1,0,0,0.023,0.023,0.0,0,0,0,0,0,0,0,0.0,0,0,0.0,0,0,30,30,0,0,0,0.857,6,0.833,5,6,0.857,6,7,7,0,0,0,0,0,0,0,0,0.0,0,0,0,0,0,0,0,1,0,0,0,0,0.0,0,0,0,0,0,14,1
DFB-Pokal,1/32 FINALE,15.08.2025,Bielefeld,Brema,Casa,Bielefeld,Russo Stefano,Centrocampista,Titolare,7.9,0,5,0,0,0,0,0.0,2,0,0,0,2,4,0,0.0,0,2,0.0,0,0,0.75,4,3,0.583,0.5,8,4,12,7,0,0,0.017,0.072,0.0,0.0,0.0,0,14,1,1,0,0,0,0,0.0,0.0,0.0,0,0,0,2,0,0,1,0.0,0,0,0.417,5,12,90,90,0,0,0,0.836,61,0.875,14,16,0.828,53,64,73,0,0,0,0,0,0,0,0,0.0,0,0,0,0,0,0,1,0,0,1,0,1,1.0,3,3,0,0,0,90,1
DFB-Pokal,1/32 FINALE,15.08.2025,Bielefeld,Brema,Ospite,Brema,Bittencourt Leonardo,Centrocampista,Titolare,5.4,0,4,0,0,0,0,0.0,2,1,0,1,0,0,0,0.0,0,0,0.0,0,0,0.5,2,1,0.714,0.8,5,4,7,5,0,0,0.088,0.017,0.0,0.0,0.0,0,1,1,1,0,0,0,0,0.0,0.0,0.0,0,0,0,1,0,0,0,1.0,2,2,0.5,2,4,54,54,0,0,0,0.867,26,0.778,7,9,0.862,25,29,30,0,0,0,0,0,0,0,0,0.0,0,0,0,0,0,0,1,0,0,1,0,1,1.0,3,3,0,0,0,40,0
DFB-Pokal,1/32 FINALE,15.08.2025,Bielefeld,Brema,Casa,Bielefeld,Handwerker Tim,Terzino,Titolare,6.7,0,3,0,0,0,0,0.0,1,0,0,0,0,0,0,1.0,1,1,0.0,0,0,0.0,0,0,0.0,0.0,1,0,1,0,0,0,0.05,0.0,0.0,0.0,0.0,0,3,0,0,0,0,0,0,0.0,0.0,0.0,0,0,0,0,0,0,1,0.0,0,0,0.0,0,1,21,21,0,0,0,0.8,8,0.5,2,4,0.8,8,10,10,0,0,0,0,0,0,0,0,0.0,0,0,0,0,0,0,0,0,0,0,0,0,0.0,0,0,0,0,0,15,1
DFB-Pokal,1/32 FINALE,15.08.2025,Bielefeld,Brema,Ospite,Brema,Friedl Marco,Difensore centrale,Titolare,6.5,0,6,0,0,0,0,0.0,0,0,1,0,1,2,0,0.0,0,0,0.0,0,0,0.667,3,2,0.6,0.571,7,4,10,6,0,0,0.007,0.0,0.0,1.278,0.0,0,6,2,0,0,1,0,0,0.278,0.278,0.0,0,0,0,1,0,0,0,0.0,0,0,0.667,4,6,90,90,0,0,0,0.841,37,0.75,6,8,0.8,28,35,44,0,0,0,0,0,0,0,0,0.0,0,0,0,0,0,0,0,1,0,0,0,0,0.5,4,2,0,0,0,54,2
DFB-Pokal,1/32 FINALE,15.08.2025,Bielefeld,Brema,Casa,Bielefeld,Sarenren Bazee Noah,Attaccante,Titolare,6.2,0,3,0,0,0,0,0.0,1,0,0,0,0,0,0,0.0,0,0,1.0,1,1,0.333,3,1,0.25,0.222,9,2,12,3,0,0,0.001,0.0,0.0,0.0,0.0,0,1,1,1,0,0,0,0,0.0,0.0,0.0,0,0,0,0,0,0,0,1.0,1,1,0.0,0,0,45,45,0,0,0,0.6,3,0.5,1,2,0.6,3,5,5,0,0,0,0,0,0,0,0,0.0,0,0,0,0,0,0,0,0,0,0,0,0,0.0,0,0,0,0,0,15,7
DFB-Pokal,1/32 FINALE,15.08.2025,Bielefeld,Brema,Ospite,Brema,Grull Marco,Attaccante,Titolare,6.1,0,1,0,0,0,0,0.0,2,0,0,0,0,0,0,0.333,1,3,0.25,4,1,0.0,3,0,0.375,0.462,13,6,16,6,0,0,0.032,0.149,0.0,1.278,0.0,0,3,1,3,0,1,0,0,0.278,0.278,0.0,0,0,0,0,0,0,0,0.667,2,3,0.0,0,1,90,90,0,0,0,0.7,14,0.833,10,12,0.737,14,19,20,0,0,0,0,0,0,0,0,0.0,0,0,0,0,1,2,1,1,0,2,0,3,0.0,2,0,0,0,4,49,9
DFB-Pokal,1/32 FINALE,15.08.2025,Bielefeld,Brema,Casa,Bielefeld,Grosser Maximilian,Difensore centrale,Titolare,7.1,0,2,0,0,0,0,0.0,0,0,0,0,1,7,0,0.0,0,0,0.0,0,0,1.0,6,6,0.875,0.5,2,1,8,7,0,0,0.002,0.0,0.0,0.0,0.0,0,4,0,1,0,0,0,0,0.0,0.0,0.0,0,0,0,0,0,0,0,0.0,0,0,0.5,2,4,90,90,0,0,1,0.897,35,0.5,2,4,0.897,35,39,39,0,0,0,0,0,0,0,0,0.0,0,0,0,0,0,0,0,0,0,0,0,0,0.0,0,0,0,0,0,50,0
DFB-Pokal,1/32 FINALE,15.08.2025,Bielefeld,Brema,Ospite,Brema,Wober Maximilian,Terzino,Titolare,6.7,0,4,0,0,0,0,0.0,4,0,0,0,3,0,0,0.2,1,5,0.0,0,0,0.5,2,1,0.429,0.4,5,2,7,3,0,0,0.022,0.0,0.0,0.264,0.0,0,13,0,0,0,0,0,0,0.264,0.264,0.0,0,0,0,0,0,0,1,0.0,0,0,0.4,2,5,79,79,0,0,0,0.649,24,0.438,7,16,0.639,23,36,37,0,0,0,0,0,0,0,0,0.0,0,0,0,0,0,0,0,0,0,0,0,0,0.5,2,1,0,0,1,54,0
DFB-Pokal,1/32 FINALE,15.08.2025,Bielefeld,Brema,Casa,Bielefeld,Hagmann Felix,Difensore,Subentrato,7.0,0,3,0,0,0,0,0.0,3,0,0,0,0,2,0,0.5,1,2,1.0,1,1,0.0,0,0,1.0,1.0,5,5,5,5,0,0,0.048,0.0,0.0,0.0,0.0,0,5,0,1,0,0,0,0,0.0,0.0,0.0,0,0,0,1,0,0,0,0.0,0,0,0.4,2,5,70,69,0,0,1,0.719,23,0.714,5,7,0.719,23,32,32,0,0,0,0,0,0,0,0,0.0,0,0,0,0,0,0,0,0,0,0,0,0,0.667,3,2,0,0,1,52,1
DFB-Pokal,1/32 FINALE,15.08.2025,Bielefeld,Brema,Ospite,Brema,Covic Patrice,Ala,Titolare,6.1,0,3,1,0,0,0,0.0,3,0,0,0,2,0,0,1.0,1,1,0.0,2,0,0.0,2,0,0.1,0.125,8,1,10,1,0,0,0.095,0.017,0.0,0.264,0.0,0,3,2,0,0,0,0,0,0.264,0.264,0.0,0,0,0,0,0,0,1,0.75,3,4,0.75,3,4,72,72,0,0,0,0.833,30,0.923,12,13,0.833,30,36,36,0,0,0,0,0,0,0,0,0.0,0,0,0,0,1,1,0,0,1,0,0,1,1.0,1,1,0,0,1,49,3
DFB-Pokal,1/32 FINALE,15.08.2025,Bielefeld,Brema,Casa,Bielefeld,Kania Julian,Attaccante,Subentrato,6.8,0,1,0,1,0,0,0.0,2,0,0,0,0,1,0,1.0,1,1,0.0,0,0,0.5,2,1,0.5,0.5,2,1,4,2,0,0,0.032,0.603,0.255,0.0,0.0,0,1,1,1,0,0,0,0,0.0,0.0,0.0,0,0,0,0,0,0,0,0.0,0,0,1.0,1,1,45,45,0,1,0,0.778,7,0.75,3,4,0.778,7,9,9,0,0,0,0,0,0,0,0,0.0,0,0,0,0,0,1,3,0,0,3,1,4,0.0,0,0,0,0,3,18,2
DFB-Pokal,1/32 FINALE,15.08.2025,Bielefeld,Brema,Ospite,Brema,Deman Olivier,Centrocampista,Subentrato,6.5,0,2,0,0,0,0,0.0,0,0,1,0,1,0,0,0.0,0,0,0.0,0,0,1.0,1,1,0.667,0.5,2,1,3,2,0,0,0.013,0.0,0.0,1.014,0.0,0,2,0,0,0,1,0,0,0.014,0.014,0.0,0,0,0,0,0,0,0,0.0,0,0,0.5,1,2,12,11,0,0,0,0.778,7,0.8,4,5,0.778,7,9,9,0,0,0,0,0,0,0,0,0.0,0,0,0,0,0,0,0,1,0,0,0,0,0.0,1,0,0,0,1,13,2
DFB-Pokal,1/32 FINALE,15.08.2025,Bielefeld,Brema,Casa,Bielefeld,Schneider Leon,Difensore centrale,Titolare,7.5,0,4,0,0,0,0,0.0,0,0,0,0,1,6,0,0.0,0,0,0.0,0,0,0.8,5,4,0.667,0.5,4,2,9,6,0,0,0.005,0.071,0.0,0.0,0.0,0,4,2,0,0,0,0,0,0.0,0.0,0.0,0,0,0,0,0,0,0,0.0,0,0,0.5,3,6,90,90,0,0,1,0.935,43,0.75,3,4,0.933,42,45,46,0,0,0,0,0,0,0,0,0.0,0,0,0,0,0,1,0,0,0,1,0,1,1.0,2,2,0,0,1,57,0
DFB-Pokal,1/32 FINALE,15.08.2025,Bielefeld,Brema,Ospite,Brema,Stark Niklas,Difensore centrale,Titolare,5.9,0,3,0,0,0,0,0.0,2,0,0,0,1,0,0,0.0,0,0,0.0,0,0,0.333,6,2,0.615,0.857,7,6,13,8,0,0,0.005,0.011,0.0,1.278,0.0,0,6,0,4,0,1,0,0,0.278,0.278,0.0,0,0,0,0,0,0,0,0.0,0,0,0.4,4,10,90,90,0,0,0,0.778,35,0.4,4,10,0.756,31,41,45,0,0,0,0,0,0,0,0,0.0,0,0,0,0,0,1,0,1,1,1,0,1,0.5,2,1,0,0,1,53,0
DFB-Pokal,1/32 FINALE,15.08.2025,Bielefeld,Brema,Casa,Bielefeld,Lannert Christopher,Terzino,Titolare,6.7,0,4,0,0,0,0,0.0,3,0,0,0,0,5,0,0.0,0,3,0.0,2,0,1.0,1,1,0.429,0.333,6,2,7,3,0,0,0.023,0.056,0.0,0.0,0.0,0,4,1,1,0,0,0,0,0.0,0.0,0.0,0,0,0,3,0,0,0,0.0,0,0,0.5,3,6,90,90,0,0,0,0.762,32,0.667,8,12,0.762,32,42,42,0,0,0,0,0,0,0,0,0.0,0,0,0,0,1,1,1,0,0,1,0,2,0.0,1,0,0,0,1,73,2
DFB-Pokal,1/32 FINALE,15.08.2025,Bielefeld,Brema,Ospite,Brema,Zetterer Michael,Portiere,Titolare,7.0,0,17,0,0,1,0,0.0,1,0,0,0,1,2,0,0.0,0,0,0.0,0,0,0.0,0,0,0.0,0.0,1,0,1,0,0,0,0.009,0.0,0.0,1.278,0.0,0,16,0,0,0,1,0,0,0.278,0.278,1.0,1,1,0,0,2,4,0,0.0,0,0,0.405,15,37,90,90,0,0,0,0.569,29,0.25,4,16,0.622,23,37,51,0,0,0,0,0,0,0,0,0.0,0,0,2,3,0,0,0,4,0,0,0,0,0.0,0,0,0,0,0,63,0
DFB-Pokal,1/32 FINALE,15.08.2025,FC Gutersloh,Union Berlino,Ospite,Union Berlino,Skarke Tim,Attaccante,Subentrato,,0,1,0,0,0,0,0.0,0,0,0,0,0,1,0,0.0,0,0,0.0,0,0,1.0,1,1,1.0,0.0,0,0,1,1,0,0,0.007,0.0,0.0,0.0,0.0,0,0,0,0,0,0,0,0,0.0,0.0,0.0,0,0,0,0,0,0,0,0.0,0,0,1.0,1,1,6,5,0,0,0,1.0,3,1.0,3,3,1.0,3,3,3,0,0,0,0,0,0,0,0,0.0,0,0,0,0,0,0,0,0,0,0,0,0,0.0,0,0,0,0,0,6,1
DFB-Pokal,1/32 FINALE,15.08.2025,FC Gutersloh,Union Berlino,Ospite,Union Berlino,Ansah Ilyas,Attaccante,Titolare,6.6,0,4,0,0,0,0,0.0,2,0,0,0,0,0,0,0.0,0,2,1.0,3,3,0.4,5,2,0.588,0.667,12,8,17,10,0,0,0.009,0.024,0.0,1.024,0.0,0,0,1,3,0,0,0,0,1.024,1.024,0.0,0,0,0,0,0,0,1,0.0,0,0,0.0,0,1,85,85,0,0,0,0.769,10,0.6,3,5,0.769,10,13,13,0,0,0,0,0,0,0,0,0.0,0,0,0,0,1,0,1,0,0,0,0,1,1.0,2,2,0,0,3,35,7
DFB-Pokal,1/32 FINALE,15.08.2025,FC Gutersloh,Union Berlino,Ospite,Union Berlino,Khedira Rani,Centrocampista,Titolare,8.1,0,4,0,0,0,0,0.0,2,0,0,0,1,2,0,0.0,0,0,0.0,0,0,0.833,6,5,0.667,0.333,3,1,9,6,0,0,0.026,0.576,0.91,1.024,0.0,0,11,0,0,1,0,0,0,1.024,1.024,0.0,0,0,0,1,0,0,0,0.0,0,0,0.5,4,8,90,90,0,0,2,0.7,28,0.583,7,12,0.692,27,39,40,0,0,0,0,0,0,0,0,0.0,0,0,0,0,0,1,0,0,0,0,1,1,0.0,1,0,0,0,2,51,1
DFB-Pokal,1/32 FINALE,15.08.2025,FC Gutersloh,Union Berlino,Ospite,Union Berlino,Querfeld Leopold,Difensore centrale,Titolare,8.7,0,8,0,0,0,0,0.0,1,0,0,0,1,5,0,0.0,0,0,0.0,0,0,0.6,10,6,0.706,0.857,7,6,17,12,0,0,0.064,0.306,0.669,1.024,0.0,0,9,0,4,1,0,0,0,1.024,1.024,0.0,0,0,0,1,0,0,0,0.0,0,0,0.467,7,15,90,90,0,0,1,0.682,30,0.444,4,9,0.732,30,41,44,0,0,0,0,0,0,0,0,0.0,0,0,0,0,0,1,1,0,0,1,1,2,0.5,2,1,0,0,1,59,0
DFB-Pokal,1/32 FINALE,15.08.2025,FC Gutersloh,Union Berlino,Ospite,Union Berlino,Rothe Tom,Difensore centrale,Titolare,7.0,0,2,0,0,0,0,0.0,2,0,0,0,0,4,0,0.0,0,1,0.0,0,0,0.636,11,7,0.529,0.333,6,2,17,9,0,0,0.002,0.0,0.0,1.024,0.0,0,6,4,0,0,0,0,0,1.024,1.024,0.0,0,0,0,0,0,0,0,0.0,0,0,0.167,1,6,85,85,0,0,1,0.636,21,0.333,3,9,0.677,21,31,33,0,0,0,0,0,0,0,0,0.0,0,0,0,0,0,0,0,0,0,0,0,0,0.5,2,1,0,0,0,49,1
DFB-Pokal,1/32 FINALE,15.08.2025,FC Gutersloh,Union Berlino,Ospite,Union Berlino,Burke Oliver,Centrocampista offensivo,Titolare,5.6,0,0,0,0,0,0,0.0,1,0,0,0,0,0,0,0.0,0,1,0.0,2,0,0.4,5,2,0.222,0.0,4,0,9,2,0,0,0.006,0.0,0.0,0.836,0.0,0,2,2,0,0,0,0,0,0.836,0.836,0.0,0,0,0,0,0,0,0,0.0,0,0,0.0,0,0,68,68,0,0,0,0.455,5,0.375,3,8,0.455,5,11,11,0,0,0,0,0,0,0,0,0.0,0,0,0,0,0,0,0,0,0,0,0,0,0.0,0,0,0,0,0,17,2
DFB-Pokal,1/32 FINALE,15.08.2025,FC Gutersloh,Union Berlino,Ospite,Union Berlino,Ilic Andrej,Centrocampista offensivo,Titolare,9.0,1,3,1,0,0,0,0.0,2,0,0,0,0,2,0,0.0,0,2,0.0,1,0,0.5,16,8,0.429,0.2,5,1,21,9,0,0,0.559,0.468,0.892,1.024,0.0,0,2,1,1,1,0,0,0,1.024,1.024,0.0,0,0,0,1,0,0,3,0.0,0,0,1.0,1,1,90,90,0,1,0,0.714,10,0.6,6,10,0.714,10,14,14,0,0,0,0,0,0,0,0,0.0,0,0,0,0,0,3,0,0,1,2,1,3,0.0,0,0,0,0,8,32,5
DFB-Pokal,1/32 FINALE,15.08.2025,FC Gutersloh,Union Berlino,Ospite,Union Berlino,Skov Robert,Esterno,Titolare,7.8,0,2,0,0,0,0,0.0,8,0,0,0,1,0,0,0.0,0,4,0.5,4,2,0.0,0,0,0.571,0.571,7,4,7,4,0,0,0.037,0.104,0.3,0.836,0.0,0,10,0,2,1,0,0,0,0.836,0.836,0.0,0,0,0,2,0,0,0,0.0,0,0,0.2,1,5,68,68,0,0,0,0.727,16,0.375,3,8,0.8,16,20,22,0,0,0,0,0,0,0,0,0.0,0,0,0,0,0,0,2,0,0,0,2,2,0.0,0,0,0,0,1,50,5
DFB-Pokal,1/32 FINALE,15.08.2025,FC Gutersloh,Union Berlino,Ospite,Union Berlino,Haberer Janik,Centrocampista,Subentrato,7.4,1,1,1,0,0,0,0.0,1,0,0,0,1,0,0,0.0,0,0,0.0,0,0,1.0,1,1,0.667,0.5,2,1,3,2,0,0,0.569,0.0,0.0,0.188,0.0,0,0,0,1,0,0,0,0,0.188,0.188,0.0,0,0,0,1,0,0,1,0.0,0,0,0.0,0,0,23,22,0,0,0,0.875,14,0.75,3,4,0.875,14,16,16,0,0,0,0,0,0,0,0,0.0,0,0,0,0,0,0,0,0,0,0,0,0,0.0,0,0,0,0,1,19,0
DFB-Pokal,1/32 FINALE,15.08.2025,FC Gutersloh,Union Berlino,Ospite,Union Berlino,Schafer Andras,Centrocampista,Titolare,7.0,0,7,0,0,0,0,0.0,2,0,0,0,0,1,0,0.0,0,1,1.0,1,1,0.4,5,2,0.667,0.857,7,6,12,8,0,0,0.039,0.047,0.039,1.024,0.0,0,7,2,1,0,0,0,0,1.024,1.024,0.0,0,0,0,1,0,0,1,1.0,1,1,0.0,0,2,90,90,0,0,0,0.6,21,0.5,8,16,0.6,21,35,35,0,0,0,0,0,0,0,0,0.0,0,0,0,0,0,0,1,0,0,0,1,1,0.25,4,1,0,0,3,53,2
DFB-Pokal,1/32 FINALE,15.08.2025,FC Gutersloh,Union Berlino,Ospite,Union Berlino,Doekhi Danilho,Difensore centrale,Titolare,8.8,1,6,0,0,0,0,0.0,0,0,0,0,0,5,0,0.0,0,0,0.0,0,0,0.667,6,4,0.818,1.0,5,5,11,9,0,0,0.003,0.225,0.0,1.024,0.0,0,4,0,1,0,0,0,0,1.024,1.024,0.0,0,0,0,2,0,0,1,0.0,0,0,0.333,2,6,90,90,0,0,2,0.743,26,0.4,2,5,0.743,26,35,35,0,0,0,0,0,0,0,0,0.0,0,0,0,0,1,2,0,0,1,1,0,2,1.0,4,4,0,0,2,54,1
DFB-Pokal,1/32 FINALE,15.08.2025,FC Gutersloh,Union Berlino,Ospite,Union Berlino,Jeong Woo-Yeong,Centrocampista,Subentrato,,0,2,0,0,0,0,0.0,0,0,0,0,0,0,0,0.0,0,0,1.0,1,1,0.0,2,0,0.333,1.0,1,1,3,1,0,0,0.03,0.446,1.509,0.0,0.0,0,0,0,0,1,0,0,0,0.0,0.0,0.0,0,0,0,0,0,0,0,0.0,0,0,0.0,0,0,6,5,0,0,0,1.0,7,1.0,4,4,1.0,7,7,7,0,0,0,0,0,0,0,0,0.0,0,0,0,0,0,2,0,0,0,0,2,2,0.0,0,0,0,0,2,10,0
DFB-Pokal,1/32 FINALE,15.08.2025,FC Gutersloh,Union Berlino,Ospite,Union Berlino,Trimmel Christopher,Esterno,Titolare,7.5,0,5,0,0,0,0,0.0,10,0,0,0,1,2,0,0.333,2,6,0.0,0,0,0.0,2,0,0.25,0.5,2,1,4,1,0,0,0.215,0.015,0.0,1.024,0.0,0,12,0,0,0,0,0,0,1.024,1.024,0.0,0,0,0,4,0,0,3,0.0,0,0,0.455,5,11,90,90,0,0,0,0.706,24,0.722,13,18,0.697,23,33,34,0,0,0,0,0,0,0,0,0.0,0,0,0,0,1,0,1,0,0,0,0,1,1.0,1,1,0,0,0,62,1
DFB-Pokal,1/32 FINALE,15.08.2025,FC Gutersloh,Union Berlino,Ospite,Union Berlino,Kral Alex,Centrocampista,Subentrato,6.6,0,0,0,0,0,0,0.0,0,0,0,0,0,1,0,0.0,0,0,0.0,0,0,0.667,3,2,0.5,0.0,1,0,4,2,0,0,0.003,0.0,0.0,0.188,0.0,0,2,1,0,0,0,0,0,0.188,0.188,0.0,0,0,0,0,0,0,0,0.0,0,0,0.0,0,1,23,22,0,0,1,0.875,7,0.5,1,2,0.875,7,8,8,0,0,0,0,0,0,0,0,0.0,0,0,0,0,0,0,0,0,0,0,0,0,0.0,0,0,0,0,0,10,0
DFB-Pokal,1/32 FINALE,15.08.2025,FC Gutersloh,Union Berlino,Ospite,Union Berlino,Ronnow Frederik,Portiere,Titolare,6.8,0,5,0,0,0,0,0.0,1,0,0,0,0,0,0,0.0,0,0,0.0,0,0,0.0,0,0,0.0,0.0,0,0,0,0,0,0,0.002,0.0,0.0,0.069,0.0,0,11,0,0,0,0,0,0,0.069,0.069,0.0,0,0,0,0,0,3,0,0.0,0,0,0.25,4,16,50,50,0,0,0,0.52,13,0.273,3,11,0.632,12,19,25,0,0,0,0,0,0,0,0,0.0,0,0,0,1,0,0,0,1,0,0,0,0,0.0,0,0,0,0,0,29,0
DFB-Pokal,1/32 FINALE,15.08.2025,FC Gutersloh,Union Berlino,Ospite,Union Berlino,Raab Matheo,Portiere,Subentrato,7.8,0,10,0,0,0,0,0.0,0,0,0,0,0,1,0,0.0,0,0,0.0,0,0,0.0,0,0,0.0,0.0,0,0,0,0,0,0,0.003,0.0,0.0,0.955,0.0,0,4,0,0,0,0,0,0,0.955,0.955,0.0,0,0,0,0,1,5,0,0.0,0,0,0.438,7,16,41,40,0,0,0,0.591,13,0.5,2,4,0.909,10,11,22,0,0,0,0,0,0,0,0,0.0,0,0,0,4,0,0,0,4,0,0,0,0,0.0,0,0,0,0,0,32,0
DFB-Pokal,1/32 FINALE,15.08.2025,FC Gutersloh,Union Berlino,Casa,FC Gutersloh,Twardzik Patrik,Attaccante,Titolare,7.3,0,4,1,0,0,0,0.0,1,0,0,0,1,0,0,0.0,0,0,0.5,2,1,0.304,23,7,0.333,0.4,10,4,33,11,0,0,0.195,0.362,0.567,4.319,0.0,0,5,2,3,0,5,0,0,-0.681,-0.681,0.0,0,0,0,0,0,0,2,1.0,2,2,0.0,0,0,90,90,0,0,0,0.542,13,0.111,1,9,0.421,8,19,24,0,0,0,0,0,0,0,0,0.0,0,0,0,0,1,5,1,5,2,3,2,6,0.0,0,0,0,0,7,40,5
DFB-Pokal,1/32 FINALE,15.08.2025,FC Gutersloh,Union Berlino,Casa,FC Gutersloh,Lanfer Erik,Terzino,Titolare,6.3,0,2,0,0,0,0,0.0,13,0,0,0,1,3,0,0.143,1,7,0.0,0,0,0.333,3,1,0.333,0.333,3,1,6,2,0,0,0.198,0.0,0.0,4.319,0.0,0,7,0,1,0,5,0,0,-0.681,-0.681,0.0,0,0,0,0,0,0,2,0.0,0,0,0.333,2,6,90,90,0,0,0,0.756,31,0.643,9,14,0.744,29,39,41,0,0,0,0,0,0,0,0,0.0,0,0,0,0,0,0,0,5,0,0,0,0,0.0,0,0,0,0,1,67,2
DFB-Pokal,1/32 FINALE,15.08.2025,FC Gutersloh,Union Berlino,Casa,FC Gutersloh,Henke Justus,Difensore centrale,Titolare,6.6,0,3,0,0,0,0,0.0,1,0,1,0,1,4,0,0.0,0,0,1.0,1,1,0.5,8,4,0.5,0.5,6,3,14,7,0,0,0.003,0.069,0.0,3.406,0.0,0,6,1,0,0,4,0,0,-0.594,-0.594,0.0,0,0,0,2,0,0,0,0.0,0,0,0.3,3,10,89,89,0,0,2,0.756,31,0.286,2,7,0.744,29,39,41,0,0,0,0,0,0,0,0,0.0,0,0,0,0,0,1,0,4,1,1,0,1,1.0,2,2,0,0,1,57,3
DFB-Pokal,1/32 FINALE,15.08.2025,FC Gutersloh,Union Berlino,Casa,FC Gutersloh,Liehr Jan-Lukas,Centrocampista,Titolare,6.1,0,3,0,0,0,0,0.0,0,0,0,0,1,4,0,0.0,0,0,0.0,0,0,0.8,5,4,0.5,0.2,5,1,10,5,0,0,0.013,0.15,0.207,2.81,0.0,0,5,2,0,0,4,0,0,-1.19,-1.19,0.0,0,0,0,0,0,0,1,0.0,0,0,0.6,3,5,79,79,0,0,0,0.632,12,0.429,3,7,0.611,11,18,19,0,0,0,0,0,0,0,0,0.0,0,0,0,0,1,2,0,4,1,0,1,2,1.0,1,1,0,0,2,27,1
DFB-Pokal,1/32 FINALE,15.08.2025,FC Gutersloh,Union Berlino,Casa,FC Gutersloh,John Hannes,Centrocampista,Subentrato,,0,0,0,0,0,0,0.0,2,0,0,0,0,0,0,1.0,1,1,0.0,0,0,0.0,0,0,0.0,0.0,0,0,0,0,0,0,0.063,0.0,0.0,0.913,0.0,0,0,0,0,0,1,0,0,-0.087,-0.087,0.0,0,0,0,0,0,0,0,0.0,0,0,0.0,0,0,1,1,0,0,0,0.5,1,0.0,0,1,0.5,1,2,2,0,0,0,0,0,0,0,0,0.0,0,0,0,0,0,0,0,1,0,0,0,0,0.0,0,0,0,0,0,3,0
DFB-Pokal,1/32 FINALE,15.08.2025,FC Gutersloh,Union Berlino,Casa,FC Gutersloh,Maiella Paolo,Attaccante,Subentrato,6.5,0,1,0,0,0,0,0.0,1,0,0,0,0,0,0,0.0,0,1,0.0,1,0,0.0,0,0,0.0,0.0,1,0,1,0,0,0,0.051,0.0,0.0,1.509,0.0,0,1,0,0,0,1,0,0,0.509,0.509,0.0,0,0,0,0,0,0,1,0.0,0,0,0.0,0,0,12,11,0,1,0,0.833,5,1.0,3,3,0.833,5,6,6,0,0,0,0,0,0,0,0,0.0,0,0,0,0,0,0,0,1,0,0,0,0,0.0,0,0,0,0,1,9,0
DFB-Pokal,1/32 FINALE,15.08.2025,FC Gutersloh,Union Berlino,Casa,FC Gutersloh,Arkenberg Fynn,Terzino,Titolare,6.8,0,3,0,0,0,0,0.0,3,0,1,0,2,3,0,0.0,0,0,0.0,0,0,0.8,5,4,0.545,0.333,6,2,11,6,0,0,0.545,0.0,0.0,3.406,0.0,0,4,1,2,0,4,0,0,-0.594,-0.594,0.0,0,0,0,2,0,0,4,0.0,0,0,0.5,2,4,89,89,0,0,0,0.793,23,0.875,7,8,0.793,23,29,29,0,0,0,0,0,0,0,0,0.0,0,0,0,0,0,0,0,4,0,0,0,0,0.0,0,0,0,0,1,48,1
DFB-Pokal,1/32 FINALE,15.08.2025,FC Gutersloh,Union Berlino,Casa,FC Gutersloh,Langfeld Julius,Ala,Titolare,5.5,0,4,0,0,0,0,0.0,4,0,0,0,0,0,0,0.0,0,3,0.0,0,0,0.0,4,0,0.25,0.375,8,3,12,3,0,0,0.04,0.164,0.0,4.319,0.0,0,2,2,2,0,5,0,0,-0.681,-0.681,0.0,0,0,0,0,0,0,0,1.0,1,1,0.333,1,3,90,90,0,0,0,0.593,16,0.5,7,14,0.593,16,27,27,0,0,0,0,0,0,0,0,0.0,0,0,0,0,2,2,1,5,0,1,0,3,1.0,1,1,0,0,5,53,8
DFB-Pokal,1/32 FINALE,15.08.2025,FC Gutersloh,Union Berlino,Casa,FC Gutersloh,Reyes Sandro,Centrocampista,Subentrato,6.6,0,6,0,0,0,0,0.0,7,0,1,0,0,1,0,0.0,0,4,0.0,0,0,0.0,3,0,0.2,0.5,2,1,5,1,0,0,0.045,0.073,0.0,2.527,0.0,0,11,1,0,0,2,0,0,0.527,0.527,0.0,0,0,0,0,0,0,1,0.0,0,0,0.4,2,5,1,45,0,0,0,0.871,27,0.778,14,18,0.862,25,29,31,0,0,0,0,0,0,0,0,0.0,0,0,0,0,2,1,1,2,0,0,0,2,0.0,1,0,0,0,1,44,2
DFB-Pokal,1/32 FINALE,15.08.2025,FC Gutersloh,Union Berlino,Casa,FC Gutersloh,Rother Bjorn,Centrocampista,Titolare,7.5,0,5,0,0,0,0,0.0,2,0,0,0,1,7,0,0.0,0,0,0.0,1,0,0.875,8,7,0.667,0.429,7,3,15,10,0,0,0.056,0.0,0.0,4.319,0.0,0,9,2,1,0,5,0,0,-0.681,-0.681,0.0,0,0,0,5,0,0,2,0.0,0,0,0.563,9,16,90,90,0,0,0,0.654,34,0.615,8,13,0.653,32,49,52,0,0,0,0,0,0,0,0,0.0,0,0,0,0,0,0,0,5,0,0,0,0,0.5,2,1,0,0,1,71,0
DFB-Pokal,1/32 FINALE,15.08.2025,FC Gutersloh,Union Berlino,Casa,FC Gutersloh,Matuschewsky Tim,Portiere,Titolare,5.6,0,13,0,0,0,0,0.0,0,0,0,0,0,2,0,0.0,0,0,0.0,0,0,0.0,0,0,0.0,0.0,0,0,0,0,0,0,0.005,0.0,0.0,4.319,0.0,0,6,0,0,0,5,0,0,-0.681,-0.681,0.0,0,0,0,0,3,7,0,0.0,0,0,0.273,6,22,90,90,0,0,0,0.543,19,0.167,1,6,0.519,14,27,35,0,0,0,0,0,0,0,0,0.0,0,0,0,3,0,0,0,8,0,0,0,0,0.0,0,0,0,0,0,47,0
DFB-Pokal,1/32 FINALE,15.08.2025,FC Gutersloh,Union Berlino,Casa,FC Gutersloh,Frieling Luis,Ala,Titolare,5.9,0,6,0,0,0,0,0.0,2,0,0,0,0,1,0,0.0,0,0,1.0,2,2,0.5,6,3,0.357,0.25,8,2,14,5,0,0,0.011,0.12,0.25,2.81,0.0,0,4,2,0,0,4,0,0,-1.19,-1.19,0.0,0,0,0,0,0,0,0,0.0,0,0,0.0,0,1,79,79,0,2,0,0.313,5,0.333,3,9,0.313,5,16,16,0,0,0,0,0,0,0,0,0.0,0,0,0,0,0,2,1,4,1,1,2,3,0.0,0,0,0,0,4,36,9
DFB-Pokal,1/32 FINALE,15.08.2025,FC Gutersloh,Union Berlino,Casa,FC Gutersloh,Borgmann Jannik,Difensore,Subentrato,,0,0,0,0,0,0,0.0,0,0,0,0,0,1,0,0.0,0,0,0.0,0,0,0.0,1,0,0.0,0.0,0,0,1,0,0,0,0.0,0.0,0.0,0.913,0.0,0,0,0,0,0,1,0,0,-0.087,-0.087,0.0,0,0,0,0,0,0,0,0.0,0,0,0.0,0,0,1,1,0,0,0,1.0,3,0.0,0,0,1.0,3,3,3,0,0,0,0,0,0,0,0,0.0,0,0,0,0,0,0,0,1,0,0,0,0,0.0,0,0,0,0,0,4,0
DFB-Pokal,1/32 FINALE,15.08.2025,FC Gutersloh,Union Berlino,Casa,FC Gutersloh,Winke David,Difensore centrale,Titolare,7.1,0,8,0,0,0,0,0.0,0,0,0,0,0,7,0,0.0,0,0,1.0,1,1,0.5,6,3,0.727,1.0,5,5,11,8,0,0,0.006,0.131,0.0,4.319,0.0,0,3,0,1,0,5,0,0,-0.681,-0.681,0.0,0,0,0,3,0,0,0,0.0,0,0,0.625,5,8,90,90,0,0,0,0.904,47,0.667,2,3,0.918,45,49,52,0,0,0,0,0,0,0,0,0.0,0,0,0,0,1,1,0,5,0,0,0,1,0.667,3,2,0,0,1,71,0
DFB-Pokal,1/32 FINALE,15.08.2025,FC Gutersloh,Union Berlino,Casa,FC Gutersloh,Frese Niklas,Attaccante,Subentrato,6.3,0,0,0,1,0,0,0.0,1,0,0,0,0,0,0,0.0,0,1,0.0,0,0,0.0,0,0,0.0,0.0,0,0,0,0,0,0,0.003,0.259,0.0,1.509,0.0,0,0,0,0,0,1,0,0,0.509,0.509,0.0,0,0,0,0,0,0,0,0.0,0,0,0.0,0,0,12,11,0,0,0,0.5,1,0.5,1,2,0.5,1,2,2,0,0,0,0,0,0,0,0,0.0,0,0,0,0,0,1,0,1,0,1,0,1,0.0,0,0,0,0,1,4,0
DFB-Pokal,1/32 FINALE,15.08.2025,FC Gutersloh,Union Berlino,Casa,FC Gutersloh,Kandic Aleksandar,Centrocampista,Titolare,6.1,0,1,0,0,0,0,0.0,0,0,1,0,0,1,0,0.0,0,0,0.0,0,0,0.0,1,0,0.5,1.0,1,1,2,1,0,0,0.004,0.0,0.0,1.792,0.0,0,3,0,0,0,3,0,0,-1.208,-1.208,0.0,0,0,0,0,0,0,0,0.0,0,0,0.333,1,3,90,45,0,0,0,0.429,3,0.333,1,3,0.429,3,7,7,0,0,0,0,0,0,0,0,0.0,0,0,0,0,0,0,0,3,0,0,0,0,1.0,1,1,0,0,0,10,1
DFB-Pokal,1/32 FINALE,15.08.2025,Grossaspach,Leverkusen,Ospite,Leverkusen,Garcia Aleix,Centrocampista,Titolare,8.7,1,4,1,0,0,0,0.0,10,0,0,0,1,1,0,0.286,2,7,0.333,3,1,0.0,0,0,0.333,0.333,6,2,6,2,0,0,0.481,0.054,0.0,0.6,0.0,0,16,0,1,0,0,0,0,0.6,0.6,0.0,0,0,0,0,0,0,2,1.0,1,1,0.8,4,5,90,90,0,0,1,0.937,89,0.893,25,28,0.935,87,93,95,0,0,0,0,0,0,0,0,0.0,0,0,0,0,1,1,0,0,0,0,0,1,0.0,0,0,0,1,6,116,2
DFB-Pokal,1/32 FINALE,15.08.2025,Grossaspach,Leverkusen,Ospite,Leverkusen,Schick Patrik,Attaccante,Titolare,8.3,0,0,0,1,0,0,0.0,1,0,0,0,1,0,1,0.0,0,0,0.0,1,0,0.5,2,1,0.286,0.2,5,1,7,2,0,0,0.114,0.98,0.831,0.572,0.0,0,0,0,2,1,0,0,0,0.572,0.572,0.0,0,0,0,0,0,0,1,1.0,1,1,0.0,0,0,78,78,0,1,1,0.75,3,1.0,2,2,0.75,3,4,4,0,0,0,0,0,0,0,0,0.0,0,0,0,0,0,3,0,0,2,1,2,3,0.0,0,0,0,0,7,18,6
DFB-Pokal,1/32 FINALE,15.08.2025,Grossaspach,Leverkusen,Ospite,Leverkusen,Grimaldo Alejandro,Difensore,Subentrato,7.5,0,4,0,0,0,0,0.0,4,0,0,0,0,1,0,0.333,1,3,0.5,2,1,0.0,0,0,0.667,0.667,3,2,3,2,0,0,0.188,0.872,0.906,0.344,0.0,0,0,0,0,1,0,0,1,0.344,0.344,0.0,0,0,0,0,0,0,2,0.0,0,0,0.0,0,0,45,45,0,0,0,0.889,32,0.75,12,16,0.886,31,35,36,0,0,0,0,0,0,0,0,0.0,0,0,0,0,0,2,0,0,0,0,2,2,1.0,1,1,0,0,4,53,2
DFB-Pokal,1/32 FINALE,15.08.2025,Grossaspach,Leverkusen,Casa,Grossaspach,Kleinschrodt Michael,Attaccante,Titolare,5.2,0,1,0,0,0,0,0.0,0,0,1,0,0,1,0,0.0,0,0,0.0,1,0,0.0,4,0,0.25,0.375,8,3,12,3,0,0,0.0,0.083,0.316,3.954,0.0,0,2,2,2,0,4,0,0,-0.046,0.204,0.0,0,0,0,0,0,0,0,0.0,0,2,0.0,0,0,88,88,0,0,0,0.286,2,0.0,0,4,0.167,1,6,7,0,0,0,0,0,0,0,0,0.0,0,0,0,0,0,1,0,4,0,0,1,1,0.0,1,0,0,0,2,21,5
DFB-Pokal,1/32 FINALE,15.08.2025,Grossaspach,Leverkusen,Casa,Grossaspach,Pollex Niklas,Centrocampista,Subentrato,,0,0,0,0,0,0,0.0,0,0,0,0,0,0,0,0.0,0,0,0.0,0,0,0.0,0,0,0.0,0.0,0,0,0,0,0,0,0.0,0.0,0.0,0.0,0.0,0,0,0,0,0,0,0,0,0.0,0.0,0.0,0,0,0,0,0,0,0,0.0,0,0,0.0,0,0,2,2,0,0,0,0.0,0,0.0,0,0,0.0,0,0,0,0,0,0,0,0,0,0,0,0.0,0,0,0,0,0,0,0,0,0,0,0,0,0.0,0,0,0,0,0,0,0
DFB-Pokal,1/32 FINALE,15.08.2025,Grossaspach,Leverkusen,Ospite,Leverkusen,Hincapie Piero,Difensore centrale,Titolare,7.7,0,4,0,0,0,0,0.0,2,0,0,0,0,5,0,0.0,0,0,0.0,0,0,0.667,3,2,0.833,1.0,3,3,6,5,0,0,0.031,0.029,0.034,0.572,0.0,0,9,0,1,0,0,0,0,0.572,0.572,0.0,0,0,0,3,0,0,0,0.0,0,0,0.75,6,8,65,65,0,0,1,0.938,60,0.846,11,13,0.935,58,62,64,0,0,0,0,0,0,0,0,0.0,0,0,0,0,0,0,1,0,0,0,1,1,0.0,2,0,0,0,0,88,1
DFB-Pokal,1/32 FINALE,15.08.2025,Grossaspach,Leverkusen,Casa,Grossaspach,Reule Maximilian,Portiere,Titolare,6.9,0,6,0,0,2,0,0.0,1,0,0,0,0,1,0,0.0,0,0,0.0,0,0,0.0,0,0,1.0,1.0,1,1,1,1,0,0,0.001,0.0,0.0,3.954,0.0,0,3,0,0,0,4,0,0,-0.046,0.204,0.0,0,0,0,0,0,3,0,0.0,0,0,0.1,1,10,90,90,0,0,0,0.64,16,0.0,0,3,0.692,9,13,25,0,0,0,0,0,0,0,0,0.0,0,0,1,6,0,0,0,10,0,0,0,0,1.0,1,1,0,0,0,36,0
DFB-Pokal,1/32 FINALE,15.08.2025,Grossaspach,Leverkusen,Casa,Grossaspach,Tasdelen Mert,Centrocampista offensivo,Titolare,6.1,0,3,0,0,0,0,0.0,11,1,0,0,1,0,0,0.333,5,15,1.0,2,2,0.0,1,0,0.5,0.6,5,3,6,3,0,0,0.351,0.21,0.022,3.135,0.0,0,0,1,1,0,2,0,0,1.135,1.135,0.0,0,0,0,0,0,0,2,0.0,0,0,0.0,0,0,82,82,0,0,0,0.882,15,0.833,10,12,0.875,14,16,17,0,0,0,0,0,0,0,0,0.0,0,0,0,0,3,1,3,2,0,0,1,4,0.0,0,0,0,0,6,42,2
DFB-Pokal,1/32 FINALE,15.08.2025,Grossaspach,Leverkusen,Ospite,Leverkusen,Andrich Robert,Centrocampista,Titolare,6.5,0,1,0,0,0,0,0.0,2,0,0,0,0,0,0,0.0,0,0,0.0,0,0,0.5,2,1,0.286,0.2,5,1,7,2,0,0,0.058,0.0,0.0,0.6,0.0,0,6,2,1,0,0,0,0,0.6,0.6,0.0,0,0,0,0,0,0,0,1.0,3,3,0.333,1,3,90,90,0,0,0,0.929,52,0.813,13,16,0.929,52,56,56,0,0,0,0,0,0,0,0,0.0,0,0,0,0,0,0,0,0,0,0,0,0,0.0,0,0,0,0,0,61,2
DFB-Pokal,1/32 FINALE,15.08.2025,Grossaspach,Leverkusen,Casa,Grossaspach,Maier Loris,Centrocampista offensivo,Titolare,7.0,0,7,0,0,0,0,0.0,1,0,0,0,0,0,0,0.0,0,0,0.0,1,0,1.0,1,1,0.667,0.6,5,3,6,4,0,0,0.159,0.049,0.0,3.954,0.0,0,3,1,1,0,4,0,0,-0.046,0.204,0.0,0,0,0,2,0,0,2,1.0,2,2,0.0,0,2,88,88,0,0,0,0.8,20,0.833,10,12,0.8,20,25,25,0,0,0,0,0,0,0,0,0.0,0,0,0,0,0,0,1,4,0,1,0,1,1.0,2,2,0,0,4,38,0
DFB-Pokal,1/32 FINALE,15.08.2025,Grossaspach,Leverkusen,Casa,Grossaspach,Celiktas Volkan,Centrocampista,Titolare,4.5,0,1,0,0,0,0,0.0,1,1,0,1,1,0,0,0.0,0,0,0.0,0,0,1.0,2,2,0.625,0.5,6,3,8,5,0,0,0.025,0.06,0.0,1.778,0.0,0,2,2,0,0,1,0,0,0.778,0.778,0.0,0,0,0,1,0,0,0,1.0,1,1,0.5,1,2,66,66,0,0,0,0.75,12,0.5,2,4,0.733,11,15,16,0,0,0,0,0,0,0,0,0.0,0,0,0,0,0,1,0,1,0,0,1,1,0.333,3,1,0,0,1,23,0
DFB-Pokal,1/32 FINALE,15.08.2025,Grossaspach,Leverkusen,Casa,Grossaspach,Eisele Fabian,Attaccante,Titolare,6.6,0,2,0,0,0,0,0.0,2,0,0,0,0,0,0,0.0,0,2,0.0,0,0,0.25,4,1,0.615,0.778,9,7,13,8,0,0,0.168,0.097,0.0,1.778,0.0,0,1,2,4,0,1,0,0,0.778,0.778,0.0,0,0,0,0,0,0,1,0.0,0,1,0.0,0,1,70,70,0,0,0,0.417,5,0.571,4,7,0.364,4,11,12,0,0,0,0,0,0,0,0,0.0,0,0,0,0,0,2,0,1,1,2,0,2,0.667,3,2,0,0,6,28,4
DFB-Pokal,1/32 FINALE,15.08.2025,Grossaspach,Leverkusen,Casa,Grossaspach,Landwehr Benedikt,Terzino,Titolare,6.7,0,3,0,0,0,0,0.0,2,0,0,0,2,2,0,0.0,0,2,0.0,2,0,1.0,1,1,0.615,0.583,12,7,13,8,0,0,0.008,0.0,0.0,3.135,0.0,0,4,2,0,0,2,0,0,1.135,1.135,0.0,0,0,0,1,0,0,0,0.0,0,0,0.429,3,7,77,77,0,0,0,0.778,14,0.75,3,4,0.778,14,18,18,0,0,0,0,0,0,0,0,0.0,0,0,0,0,0,0,0,2,0,0,0,0,0.714,7,5,0,0,1,44,1
DFB-Pokal,1/32 FINALE,15.08.2025,Grossaspach,Leverkusen,Casa,Grossaspach,Nuraj Arbnor,Difensore centrale,Titolare,5.9,0,2,0,0,0,0,0.0,1,0,0,0,1,4,0,0.0,0,1,0.0,0,0,0.5,2,1,0.5,0.5,4,2,6,3,0,0,0.019,0.0,0.0,3.954,0.0,0,3,0,1,0,4,0,0,-0.046,0.204,0.0,0,0,0,1,0,0,1,0.0,0,0,1.0,2,2,90,90,0,0,1,1.0,25,1.0,6,6,1.0,21,21,25,0,0,0,0,0,0,0,0,0.0,0,0,0,0,0,0,0,4,0,0,0,0,0.0,1,0,0,0,1,36,1
DFB-Pokal,1/32 FINALE,15.08.2025,Grossaspach,Leverkusen,Casa,Grossaspach,Stoppel Lukas,Centrocampista,Subentrato,5.7,0,1,0,0,0,0,0.0,0,0,0,0,0,0,0,0.0,0,0,0.0,1,0,0.0,0,0,0.0,0.0,2,0,2,0,0,0,0.009,0.0,0.0,2.176,0.0,0,2,1,0,0,3,0,0,-0.824,-0.574,0.0,0,0,0,0,0,0,1,0.0,0,0,1.0,2,2,20,20,0,0,0,0.6,3,0.5,1,2,0.6,3,5,5,1,0,0,0,0,0,0,0,0.0,0,0,0,0,0,0,0,3,0,0,0,0,0.0,0,0,0,0,0,8,0
DFB-Pokal,1/32 FINALE,15.08.2025,Grossaspach,Leverkusen,Casa,Grossaspach,Ender Lorenz,Difensore,Subentrato,,0,0,0,0,0,0,0.0,0,0,0,0,0,0,0,0.0,0,0,0.0,0,0,0.0,0,0,0.0,0.0,0,0,0,0,0,0,0.0,0.0,0.0,0.0,0.0,0,0,0,0,0,0,0,0,0.0,0.0,0.0,0,0,0,0,0,0,0,0.0,0,0,0.0,0,0,2,2,0,0,0,0.0,0,0.0,0,0,0.0,0,0,0,0,0,0,0,0,0,0,0,0.0,0,0,0,0,0,0,0,0,0,0,0,0,0.0,0,0,0,0,0,0,0
DFB-Pokal,1/32 FINALE,15.08.2025,Grossaspach,Leverkusen,Casa,Grossaspach,Kunde Marius,Attaccante,Subentrato,6.3,0,0,0,0,0,0,0.0,0,0,0,0,0,0,0,0.0,0,0,0.0,0,0,0.0,0,0,0.0,0.0,2,0,2,0,0,0,0.0,0.043,0.028,2.176,0.0,0,1,2,0,0,3,0,0,-0.824,-0.574,0.0,0,0,0,1,0,0,0,0.0,0,0,0.333,1,3,20,20,0,0,0,0.625,5,0.0,0,2,0.5,3,6,8,0,0,0,0,0,0,0,0,0.0,0,0,0,0,0,1,0,3,0,0,1,1,0.0,0,0,0,0,1,10,0
DFB-Pokal,1/32 FINALE,15.08.2025,Grossaspach,Leverkusen,Ospite,Leverkusen,Kofane Christian,Attaccante,Subentrato,7.6,0,1,0,0,0,0,0.0,0,0,0,0,0,0,0,0.0,0,0,0.0,0,0,0.0,0,0,0.5,0.5,2,1,2,1,0,0,0.019,0.254,0.069,0.028,0.0,0,1,0,1,1,0,0,0,0.028,0.028,0.0,0,0,0,0,0,0,0,0.0,0,0,0.0,0,0,12,12,0,0,0,0.5,1,0.5,1,2,0.5,1,2,2,0,0,0,1,0,0,0,0,0.0,0,0,0,0,1,1,1,0,0,0,1,2,0.0,0,0,0,0,3,6,1
DFB-Pokal,1/32 FINALE,15.08.2025,Grossaspach,Leverkusen,Casa,Grossaspach,Aidonis Antonis,Difensore centrale,Titolare,5.9,0,1,0,0,0,0,0.0,4,0,0,0,2,5,0,0.0,0,2,1.0,1,1,0.0,1,0,0.286,0.333,6,2,7,2,0,0,0.011,0.0,0.0,3.954,0.0,0,7,3,0,0,4,0,0,-0.046,0.204,0.0,0,0,0,2,0,0,0,0.0,0,0,0.538,7,13,90,90,0,0,2,0.774,24,0.375,3,8,0.808,21,26,31,0,0,0,0,0,0,0,0,0.0,0,0,0,0,0,0,0,4,0,0,0,0,0.0,1,0,0,0,0,49,1
DFB-Pokal,1/32 FINALE,15.08.2025,Grossaspach,Leverkusen,Casa,Grossaspach,Mistl Christian,Centrocampista,Titolare,6.0,0,3,0,0,0,0,0.0,1,0,0,0,1,1,0,0.0,0,0,0.0,0,0,0.0,1,0,0.6,0.75,4,3,5,3,0,0,0.027,0.0,0.0,1.778,0.0,0,2,0,1,0,1,0,0,0.778,0.778,0.0,0,0,0,1,0,0,0,1.0,1,1,0.0,0,1,70,70,0,0,0,0.762,16,0.833,5,6,0.737,14,19,21,0,0,0,0,0,0,0,0,0.0,0,0,0,0,0,0,0,1,0,0,0,0,0.5,2,1,0,0,0,27,0
DFB-Pokal,1/32 FINALE,15.08.2025,Grossaspach,Leverkusen,Casa,Grossaspach,Maier Leon,Centrocampista,Subentrato,6.3,0,1,0,0,0,0,0.0,0,0,0,0,0,0,0,0.0,0,0,0.0,0,0,0.0,0,0,1.0,1.0,1,1,1,1,0,0,0.0,0.0,0.0,0.819,0.0,0,0,0,0,0,2,0,0,-1.181,-0.931,0.0,0,0,0,1,0,0,0,0.0,0,0,0.0,0,2,13,13,0,0,0,0.333,1,0.0,0,0,0.333,1,3,3,0,0,0,0,0,0,0,0,0.0,0,0,0,0,0,0,0,2,0,0,0,0,0.0,1,0,0,0,0,6,0
DFB-Pokal,1/32 FINALE,15.08.2025,Grossaspach,Leverkusen,Ospite,Leverkusen,Adli Amine,Centrocampista offensivo,Titolare,7.4,1,1,1,1,0,0,0.0,1,0,1,0,0,0,0,1.0,2,2,1.0,1,1,0.0,0,0,0.333,0.333,3,1,3,1,0,0,0.237,0.759,0.0,0.256,0.0,0,2,2,0,0,0,0,0,0.256,0.256,0.0,0,0,0,0,0,0,2,0.0,0,0,1.0,1,1,45,45,0,0,0,1.0,10,1.0,6,6,1.0,9,9,10,0,0,0,0,0,0,0,0,0.0,0,0,0,0,0,2,0,0,0,2,0,2,0.0,0,0,0,0,4,18,2
DFB-Pokal,1/32 FINALE,15.08.2025,Grossaspach,Leverkusen,Casa,Grossaspach,Mohr Niklas,Terzino,Titolare,6.4,0,3,0,0,0,0,0.0,3,0,0,0,1,1,0,0.0,0,1,0.0,0,0,1.0,1,1,0.8,0.75,4,3,5,4,0,0,0.014,0.078,0.233,3.954,0.0,0,4,0,0,0,4,0,0,-0.046,0.204,0.0,0,0,0,1,0,0,0,1.0,1,1,0.667,2,3,90,90,0,0,0,0.857,24,0.917,11,12,0.857,24,28,28,0,0,0,0,0,0,0,0,0.0,0,0,0,0,0,1,1,4,0,1,1,2,1.0,3,3,0,0,2,44,2
DFB-Pokal,1/32 FINALE,15.08.2025,Grossaspach,Leverkusen,Ospite,Leverkusen,Mensah Jeremiah,Centrocampista,Subentrato,,0,0,0,0,0,0,0.0,0,0,0,0,0,0,0,0.0,0,0,0.0,0,0,0.0,0,0,0.0,0.0,0,0,0,0,0,0,0.0,0.0,0.0,0.028,0.0,0,0,0,0,0,0,0,0,0.028,0.028,0.0,0,0,0,0,0,0,0,0.0,0,0,0.0,0,0,5,5,0,0,0,1.0,1,0.0,0,0,1.0,1,1,1,0,0,0,0,0,0,0,0,0.0,0,0,0,0,0,0,0,0,0,0,0,0,0.0,0,0,0,0,0,1,0
DFB-Pokal,1/32 FINALE,15.08.2025,Grossaspach,Leverkusen,Ospite,Leverkusen,Tape Axel,Centrocampista,Subentrato,6.8,0,2,0,0,0,0,0.0,0,0,0,0,0,0,0,0.0,0,0,0.0,1,0,1.0,1,1,0.667,0.5,2,1,3,2,0,0,0.028,0.221,0.0,0.028,0.0,0,2,0,1,0,0,0,0,0.028,0.028,0.0,0,0,0,1,0,0,0,0.0,0,0,0.0,0,0,25,25,0,0,0,1.0,15,1.0,6,6,1.0,14,14,15,0,0,0,0,0,0,0,0,0.0,0,0,0,0,0,1,0,0,0,1,0,1,0.0,0,0,0,0,1,20,0
DFB-Pokal,1/32 FINALE,15.08.2025,Grossaspach,Leverkusen,Ospite,Leverkusen,Flekken Mark,Portiere,Titolare,7.7,0,11,0,0,0,0,0.0,0,0,0,0,0,1,0,0.0,0,0,0.0,0,0,0.0,0,0,1.0,1.0,1,1,1,1,0,0,0.003,0.0,0.0,0.6,0.0,0,3,0,1,0,0,0,0,0.6,0.6,1.0,1,1,0,0,0,5,0,0.0,0,0,0.636,7,11,90,90,0,0,0,0.848,28,0.667,2,3,0.875,21,24,33,0,0,0,0,0,0,0,0,0.0,0,0,0,4,0,0,0,4,0,0,0,0,0.0,0,0,0,0,0,46,1
DFB-Pokal,1/32 FINALE,15.08.2025,Grossaspach,Leverkusen,Ospite,Leverkusen,Arthur,Esterno,Titolare,8.7,0,3,2,0,0,0,0.0,4,0,0,0,1,1,0,1.0,3,3,0.0,0,0,0.5,2,1,0.4,0.333,3,1,5,2,0,0,0.891,0.572,0.918,0.6,0.0,0,0,1,1,1,0,0,0,0.6,0.6,0.0,0,0,0,0,0,0,3,0.0,0,0,0.0,0,2,90,90,0,0,0,0.769,20,0.733,11,15,0.769,20,26,26,0,0,0,0,0,0,0,0,0.0,0,0,0,0,0,1,0,0,0,0,1,1,0.0,0,0,0,0,3,40,0
DFB-Pokal,1/32 FINALE,15.08.2025,Grossaspach,Leverkusen,Ospite,Leverkusen,Maza Ibrahim,Centrocampista offensivo,Titolare,7.1,0,3,0,0,0,0,0.0,4,0,0,0,0,0,0,0.0,0,1,0.75,4,3,0.0,1,0,0.5,0.545,11,6,12,6,0,0,0.083,0.036,0.0,0.572,0.0,0,3,1,3,0,0,0,0,0.572,0.572,0.0,0,0,0,0,0,0,1,1.0,4,4,1.0,2,2,85,85,0,0,0,0.75,24,0.667,12,18,0.75,24,32,32,0,0,0,0,0,0,0,0,0.0,0,0,0,0,0,0,1,0,0,1,0,1,0.0,0,0,0,0,5,47,3
DFB-Pokal,1/32 FINALE,15.08.2025,Grossaspach,Leverkusen,Ospite,Leverkusen,Quansah Jarell,Difensore centrale,Titolare,7.5,0,6,0,1,0,0,0.0,1,0,0,0,0,4,0,0.0,0,0,0.0,0,0,1.0,2,2,0.8,0.667,3,2,5,4,0,0,0.043,0.117,0.392,0.6,0.0,0,7,0,2,0,0,0,0,0.6,0.6,0.0,0,0,0,3,0,0,1,0.0,0,0,0.667,2,3,90,90,0,0,1,0.939,62,0.929,13,14,0.938,60,64,66,0,0,0,0,0,0,0,0,0.0,0,0,0,0,0,1,0,0,1,0,1,1,0.0,0,0,0,0,1,81,1
DFB-Pokal,1/32 FINALE,15.08.2025,Grossaspach,Leverkusen,Ospite,Leverkusen,Poku Ernest,Attaccante,Subentrato,7.7,1,0,2,0,0,0,0.0,3,0,0,0,0,0,0,0.0,0,0,0.333,3,1,0.0,0,0,0.5,0.5,4,2,4,2,0,0,1.071,0.0,0.0,0.028,0.0,0,0,0,0,0,0,0,0,0.028,0.028,0.0,0,0,0,0,0,0,2,1.0,1,1,0.0,0,0,25,25,0,0,0,1.0,14,1.0,10,10,1.0,14,14,14,0,0,0,0,0,0,0,0,0.0,0,0,0,0,0,0,0,0,0,0,0,0,0.0,1,0,0,0,4,18,0
DFB-Pokal,1/32 FINALE,15.08.2025,Grossaspach,Leverkusen,Ospite,Leverkusen,Tapsoba Edmond,Difensore centrale,Titolare,8.1,0,2,0,0,0,0,0.0,2,0,1,0,0,4,0,0.0,0,0,0.0,0,0,1.0,3,3,0.571,0.25,4,1,7,4,0,0,0.052,0.221,0.0,0.6,0.0,0,17,3,0,0,0,0,0,0.6,0.6,0.0,0,0,0,1,0,0,0,0.0,0,0,0.333,2,6,90,90,0,0,0,0.933,84,0.818,18,22,0.931,81,87,90,0,0,0,0,0,0,0,0,0.0,0,0,0,0,0,2,0,0,2,2,0,2,1.0,1,1,0,0,2,98,0
DFB-Pokal,1/32 FINALE,15.08.2025,Grossaspach,Leverkusen,Ospite,Leverkusen,Tella Nathan,Esterno,Titolare,6.7,0,2,0,0,0,0,0.0,0,0,0,0,0,0,0,0.0,0,1,0.5,4,2,0.0,2,0,0.375,0.429,14,6,16,6,0,0,0.095,0.25,0.805,0.572,0.0,0,0,1,2,0,0,0,0,0.572,0.572,0.0,0,0,0,1,0,0,1,0.0,0,0,0.0,0,1,65,65,0,0,0,0.895,17,1.0,5,5,0.895,17,19,19,0,0,0,0,0,0,0,0,0.0,0,0,0,0,1,3,0,0,1,1,1,3,0.0,2,0,0,0,5,48,8
DFB-Pokal,1/32 FINALE,15.08.2025,Saarbrucken,Magdeburg,Ospite,Magdeburg,Atik Baris,Centrocampista offensivo,Titolare,7.1,1,1,0,0,0,0,0.0,7,0,0,0,0,0,0,0.0,0,4,0.0,1,0,0.0,0,0,0.25,0.25,4,1,4,1,0,0,0.115,0.036,0.0,0.637,0.0,0,6,1,0,0,1,0,0,-0.363,-0.363,0.0,0,0,0,0,0,0,1,0.0,0,0,1.0,1,1,71,71,0,0,0,0.731,19,0.583,7,12,0.731,19,26,26,0,0,0,0,0,0,0,0,0.0,0,0,0,0,0,0,1,1,0,1,0,1,1.0,1,1,0,1,1,37,3
DFB-Pokal,1/32 FINALE,15.08.2025,Saarbrucken,Magdeburg,Ospite,Magdeburg,Hoti Andi,Difensore centrale,Titolare,7.1,0,5,0,0,0,0,0.0,0,0,0,0,0,1,0,0.0,0,0,0.0,0,0,0.0,0,0,0.0,0.0,0,0,0,0,0,0,0.012,0.0,0.0,0.637,0.0,0,7,0,0,0,1,0,0,-0.363,-0.363,0.0,0,0,0,3,0,0,0,0.0,0,0,1.0,3,3,90,90,0,0,1,0.953,61,1.0,7,7,0.952,60,63,64,0,0,0,0,0,0,0,0,0.0,0,0,0,0,0,0,0,1,0,0,0,0,0.0,0,0,0,0,0,73,0
DFB-Pokal,1/32 FINALE,15.08.2025,Saarbrucken,Magdeburg,Ospite,Magdeburg,Ulrich Laurin,Centrocampista,Subentrato,6.9,0,2,1,0,0,0,0.0,1,0,0,0,0,0,0,0.0,0,0,1.0,1,1,0.0,0,0,1.0,1.0,2,2,2,2,0,0,0.02,0.173,0.023,0.0,0.0,0,1,0,0,0,0,0,0,0.0,0.0,0.0,0,0,0,1,0,0,1,0.0,0,0,0.0,0,0,19,19,0,0,1,1.0,5,1.0,2,2,1.0,5,5,5,0,0,0,0,0,0,0,0,0.0,0,0,0,0,1,1,1,0,0,0,1,2,1.0,1,1,0,0,1,12,0
DFB-Pokal,1/32 FINALE,15.08.2025,Saarbrucken,Magdeburg,Casa,Saarbrucken,Krahn Elijah,Centrocampista,Titolare,7.5,0,6,0,0,0,0,0.0,0,0,0,0,0,0,0,0.0,0,0,1.0,2,2,0.333,3,1,0.769,0.9,10,9,13,10,0,0,0.012,0.018,0.0,1.315,0.0,0,6,0,3,0,3,0,0,-1.685,-1.685,0.0,0,0,0,2,0,0,1,0.0,0,0,0.667,2,3,90,90,0,0,1,0.857,36,0.625,5,8,0.854,35,41,42,0,0,0,0,0,0,0,0,0.0,0,0,0,0,0,0,1,3,0,1,0,1,0.75,4,3,0,0,1,60,3
DFB-Pokal,1/32 FINALE,15.08.2025,Saarbrucken,Magdeburg,Casa,Saarbrucken,Multhaup Maurice,Attaccante,Subentrato,6.5,0,0,0,0,0,0,0.0,0,0,0,0,0,0,0,0.0,0,0,0.0,0,0,0.0,0,0,0.0,0.0,0,0,0,0,0,0,0.024,0.12,0.0,0.0,0.0,0,1,0,0,0,0,0,0,0.0,0.0,0.0,0,0,0,0,0,0,0,0.0,0,0,0.0,0,0,13,13,0,0,0,0.625,5,0.667,4,6,0.625,5,8,8,0,0,0,0,0,0,0,0,0.0,0,0,0,0,0,1,0,0,0,1,0,1,0.0,0,0,0,0,3,13,1
DFB-Pokal,1/32 FINALE,15.08.2025,Saarbrucken,Magdeburg,Casa,Saarbrucken,Bichsel Joel,Difensore centrale,Titolare,6.1,0,8,0,0,0,0,0.0,1,0,0,0,1,4,0,0.0,0,0,0.0,1,0,0.5,2,1,0.286,0.2,5,1,7,2,0,0,0.089,0.0,0.0,1.315,0.0,0,3,2,0,0,3,0,0,-1.685,-1.685,0.0,0,0,0,2,0,0,2,0.0,0,0,0.833,5,6,90,90,0,0,2,0.891,49,0.75,6,8,0.885,46,52,55,0,0,0,0,0,0,0,0,0.0,0,0,0,0,0,0,0,3,0,0,0,0,0.0,1,0,0,0,3,67,2
DFB-Pokal,1/32 FINALE,15.08.2025,Saarbrucken,Magdeburg,Casa,Saarbrucken,Zeitz Manuel,Centrocampista,Titolare,6.5,0,3,0,0,0,0,0.0,0,0,1,0,0,2,0,0.0,0,0,0.0,0,0,1.0,1,1,0.8,0.75,4,3,5,4,0,0,0.009,0.0,0.0,1.292,0.0,0,3,1,2,0,3,0,0,-1.708,-1.708,0.0,0,0,0,1,0,0,1,0.0,0,0,0.0,0,1,63,63,0,0,0,0.833,25,1.0,5,5,0.808,21,26,30,0,0,0,0,0,0,0,0,0.0,0,0,0,0,0,0,0,3,0,0,0,0,1.0,1,1,0,0,0,37,0
DFB-Pokal,1/32 FINALE,15.08.2025,Saarbrucken,Magdeburg,Casa,Saarbrucken,Baumann Dominic,Attaccante,Subentrato,,0,0,0,0,0,0,0.0,1,0,1,0,0,0,0,0.0,0,0,0.0,0,0,0.0,0,0,0.667,0.667,3,2,3,2,0,0,0.005,0.128,0.0,0.0,0.0,0,0,1,1,0,0,0,0,0.0,0.0,0.0,0,0,0,0,0,0,0,0.0,0,0,0.0,0,0,8,8,0,0,0,1.0,2,1.0,1,1,1.0,2,2,2,0,0,0,0,0,0,0,0,0.0,0,0,0,0,1,1,0,0,0,0,0,1,1.0,1,1,0,0,1,7,2
DFB-Pokal,1/32 FINALE,15.08.2025,Saarbrucken,Magdeburg,Casa,Saarbrucken,Rabihic Kasim,Attaccante,Subentrato,6.8,0,2,1,0,0,0,0.0,3,0,0,0,1,0,0,1.0,2,2,0.5,2,1,1.0,1,1,0.5,0.333,3,1,4,2,0,0,0.537,0.025,0.0,0.023,0.0,0,1,0,0,0,0,0,0,0.023,0.023,0.0,0,0,0,0,0,0,3,0.0,0,0,1.0,1,1,27,27,0,0,0,0.938,15,0.75,3,4,0.929,13,14,16,0,0,0,0,0,0,0,0,0.0,0,0,0,0,1,1,0,0,0,0,0,1,0.0,0,0,0,0,3,23,1
DFB-Pokal,1/32 FINALE,15.08.2025,Saarbrucken,Magdeburg,Ospite,Magdeburg,Muller Tobias,Difensore centrale,Titolare,6.6,0,3,0,0,0,0,0.0,0,0,0,0,0,6,0,0.0,0,0,1.0,3,3,0.5,2,1,0.625,0.667,6,4,8,5,0,0,0.008,0.0,0.0,0.637,0.0,0,4,2,0,0,1,0,0,-0.363,-0.363,0.0,0,0,0,1,0,0,0,0.0,0,0,0.333,1,3,90,90,0,0,1,0.93,53,0.75,3,4,0.922,47,51,57,0,0,0,0,0,0,0,0,0.0,0,0,0,0,0,0,0,1,0,0,0,0,1.0,1,1,0,0,0,72,0
DFB-Pokal,1/32 FINALE,15.08.2025,Saarbrucken,Magdeburg,Casa,Saarbrucken,Elongo-Yombo Rodney,Centrocampista,Subentrato,6.7,0,1,0,1,0,0,0.0,4,0,0,0,0,0,0,0.667,2,3,1.0,1,1,1.0,1,1,0.833,0.8,5,4,6,5,0,0,0.141,0.311,0.0,0.023,0.0,0,0,0,0,0,0,0,0,0.023,0.023,0.0,0,0,0,0,0,0,1,0.0,0,0,0.0,0,0,27,27,0,0,0,1.0,7,1.0,2,2,1.0,7,7,7,0,0,0,0,0,0,0,0,0.0,0,0,0,0,1,2,1,0,1,2,0,3,0.667,3,2,0,0,3,19,1
DFB-Pokal,1/32 FINALE,15.08.2025,Saarbrucken,Magdeburg,Casa,Saarbrucken,Wilhelm Lasse,Difensore centrale,Titolare,6.4,0,1,0,0,0,0,0.0,1,0,0,0,0,5,0,0.0,0,0,0.0,0,0,0.5,2,1,0.714,0.8,5,4,7,5,0,0,0.006,0.071,0.0,1.315,0.0,0,6,0,0,0,3,0,0,-1.685,-1.685,0.0,0,0,0,0,0,0,1,0.0,0,0,0.333,1,3,90,90,0,0,0,0.837,36,0.75,6,8,0.833,35,42,43,0,0,0,0,0,0,0,0,0.0,0,0,0,0,0,1,0,3,1,1,0,1,0.75,4,3,0,0,1,63,1
DFB-Pokal,1/32 FINALE,15.08.2025,Saarbrucken,Magdeburg,Casa,Saarbrucken,Pick Florian,Attaccante,Titolare,6.2,0,4,0,0,0,0,0.0,2,0,0,0,0,0,0,0.0,0,0,0.0,1,0,0.0,3,0,0.286,0.5,4,2,7,2,0,0,0.006,0.32,0.0,1.292,0.0,0,0,1,1,0,3,0,0,-1.708,-1.708,0.0,0,0,0,0,0,0,1,0.0,0,0,0.0,0,0,63,63,0,0,0,0.714,15,0.571,4,7,0.7,14,20,21,0,0,0,0,0,0,0,0,0.0,0,0,0,0,0,2,0,3,0,2,0,2,1.0,1,1,0,0,3,28,2
DFB-Pokal,1/32 FINALE,15.08.2025,Saarbrucken,Magdeburg,Casa,Saarbrucken,Sonnenberg Sven,Difensore centrale,Titolare,7.0,0,5,0,0,0,0,0.0,0,0,0,0,1,1,0,0.0,0,0,0.0,0,0,1.0,2,2,0.833,0.75,4,3,6,5,0,0,0.007,0.071,0.0,1.315,0.0,0,4,0,0,0,3,0,0,-1.685,-1.685,0.0,0,0,0,3,0,0,1,0.0,0,0,0.5,1,2,90,90,0,0,1,0.918,45,1.0,4,4,0.915,43,47,49,0,0,0,0,0,0,0,0,0.0,0,0,0,0,1,2,0,3,2,1,0,2,1.0,3,3,0,0,3,60,1
DFB-Pokal,1/32 FINALE,15.08.2025,Saarbrucken,Magdeburg,Casa,Saarbrucken,Civeja Tim,Centrocampista,Titolare,7.1,0,1,0,0,0,0,0.0,6,0,0,0,0,1,0,1.0,4,4,0.0,3,0,0.0,1,0,0.417,0.455,11,5,12,5,0,0,0.119,0.349,0.311,1.315,0.0,0,3,1,4,1,3,0,0,-1.685,-1.685,0.0,0,0,0,1,0,0,3,1.0,1,1,0.4,2,5,77,77,0,0,0,0.727,16,0.667,4,6,0.714,15,21,22,0,0,0,0,0,0,0,0,0.0,0,0,0,0,0,2,2,3,0,2,2,4,1.0,1,1,0,0,2,48,6
DFB-Pokal,1/32 FINALE,15.08.2025,Saarbrucken,Magdeburg,Casa,Saarbrucken,Brunker Kai,Attaccante,Titolare,7.6,1,0,0,0,0,0,0.0,3,0,0,0,1,0,0,0.333,1,3,0.0,1,0,0.8,5,4,0.75,0.714,7,5,12,9,0,0,0.044,0.189,0.0,1.315,0.0,0,2,0,4,0,3,0,0,-1.685,-1.685,0.0,0,0,0,0,0,0,3,0.0,0,0,0.0,0,2,90,90,0,0,0,0.556,10,0.222,2,9,0.467,7,15,18,0,0,0,0,0,0,0,0,0.0,0,0,0,0,0,2,0,3,2,2,0,2,1.0,1,1,0,0,9,30,1
DFB-Pokal,1/32 FINALE,15.08.2025,Saarbrucken,Magdeburg,Casa,Saarbrucken,Bretschneider Niko,Esterno,Titolare,5.9,0,2,0,0,0,0,0.0,3,0,0,0,2,3,0,0.75,3,4,0.0,1,0,0.0,0,0,0.0,0.0,3,0,3,0,0,0,0.184,0.016,0.0,1.315,0.0,0,3,0,0,0,3,0,0,-1.685,-1.685,0.0,0,0,0,0,0,0,1,0.0,0,0,0.8,4,5,82,82,0,0,0,0.778,21,1.0,2,2,0.769,20,26,27,0,0,0,0,0,0,0,0,0.0,0,0,0,0,0,0,1,3,0,1,0,1,0.0,0,0,0,0,0,46,1
DFB-Pokal,1/32 FINALE,15.08.2025,Saarbrucken,Magdeburg,Casa,Saarbrucken,Menzel Phillip,Portiere,Titolare,5.2,0,9,0,0,0,0,0.0,0,0,0,0,0,0,0,0.0,0,0,0.0,0,0,0.0,0,0,1.0,1.0,1,1,1,1,0,0,0.001,0.0,0.0,1.315,0.0,0,2,0,0,0,3,0,0,-1.685,-1.685,0.0,0,0,0,0,0,7,0,0.0,0,0,0.417,5,12,90,90,0,0,0,0.811,30,0.5,1,2,0.8,24,30,37,0,0,0,0,0,0,0,0,0.0,0,0,0,2,0,0,0,5,0,0,0,0,0.0,1,0,0,0,0,48,1
DFB-Pokal,1/32 FINALE,15.08.2025,Saarbrucken,Magdeburg,Casa,Saarbrucken,Rizzuto Calogero,Esterno,Titolare,6.4,0,4,0,0,0,0,0.0,5,0,1,0,2,2,0,0.0,0,3,1.0,1,1,0.0,0,0,0.333,0.333,3,1,3,1,0,0,0.038,0.235,0.325,1.315,0.0,0,7,0,0,0,3,0,0,-1.685,-1.685,0.0,0,0,0,0,0,0,0,0.0,0,0,0.333,2,6,90,90,0,0,0,0.645,20,0.4,4,10,0.645,20,31,31,0,0,0,0,0,0,0,0,0.0,0,0,0,0,2,1,2,3,0,0,1,3,0.0,0,0,0,0,3,54,3
DFB-Pokal,1/32 FINALE,15.08.2025,Saarbrucken,Magdeburg,Ospite,Magdeburg,Stalmach Dariusz,Centrocampista,Subentrato,6.7,0,1,0,0,0,0,0.0,0,0,0,0,0,1,0,0.0,0,0,0.5,2,1,0.0,0,0,0.5,0.5,6,3,6,3,0,0,0.022,0.0,0.0,0.277,0.0,0,0,0,0,0,1,0,0,-0.723,-0.723,0.0,0,0,0,1,0,0,0,0.0,0,0,0.5,1,2,29,29,0,0,0,0.81,17,0.5,2,4,0.81,17,21,21,0,0,0,0,0,0,0,0,0.0,0,0,0,0,0,0,0,1,0,0,0,0,1.0,2,2,0,0,2,31,2
DFB-Pokal,1/32 FINALE,15.08.2025,Saarbrucken,Magdeburg,Ospite,Magdeburg,Michel Falko,Centrocampista,Titolare,6.9,1,3,0,0,0,0,0.0,1,0,0,0,1,1,0,0.0,0,0,0.0,2,0,1.0,1,1,0.4,0.333,9,3,10,4,0,0,0.046,0.056,0.113,0.359,0.0,0,1,3,1,0,0,0,0,0.359,0.359,0.0,0,0,0,0,0,0,1,0.5,1,2,1.0,1,1,61,61,0,0,0,0.773,17,0.667,4,6,0.773,17,22,22,0,0,0,0,0,0,0,0,0.0,0,0,0,0,1,2,0,0,0,0,1,2,0.5,2,1,0,0,4,35,3
DFB-Pokal,1/32 FINALE,15.08.2025,Saarbrucken,Magdeburg,Ospite,Magdeburg,Bockhorn Herbert,Esterno,Titolare,6.4,0,5,0,0,0,0,0.0,1,0,0,0,2,3,0,0.0,0,1,0.333,3,1,0.0,2,0,0.333,0.4,10,4,12,4,0,0,0.022,0.0,0.0,0.637,0.0,0,3,1,3,0,1,0,0,-0.363,-0.363,0.0,0,0,0,1,0,0,1,0.0,0,0,0.667,2,3,90,90,0,0,1,0.932,41,0.857,12,14,0.93,40,43,44,0,0,0,0,0,0,0,0,0.0,0,0,0,0,0,0,0,1,0,0,0,0,0.0,0,0,0,0,2,72,1
DFB-Pokal,1/32 FINALE,15.08.2025,Saarbrucken,Magdeburg,Ospite,Magdeburg,Gnaka Silas,Centrocampista,Titolare,7.5,1,4,1,0,0,0,0.0,1,0,0,0,0,1,0,0.0,0,1,0.0,0,0,0.0,0,0,0.333,0.333,3,1,3,1,0,0,0.051,0.0,0.0,0.359,0.0,0,7,0,0,0,0,0,0,0.359,0.359,0.0,0,0,0,0,0,0,2,1.0,1,1,0.0,0,1,61,61,0,0,0,0.892,33,0.846,11,13,0.889,32,36,37,0,0,0,0,0,0,0,0,0.0,0,0,0,0,0,0,0,0,0,0,0,0,0.0,1,0,0,0,0,43,3
DFB-Pokal,1/32 FINALE,15.08.2025,Saarbrucken,Magdeburg,Ospite,Magdeburg,Pesch Noah,Attaccante,Subentrato,6.3,0,2,0,0,0,0,0.0,1,0,0,0,1,0,0,0.0,0,0,0.0,1,0,0.0,0,0,0.0,0.0,4,0,4,0,0,0,0.042,0.0,0.0,0.0,0.0,0,0,1,0,0,0,0,0,0.0,0.0,0.0,0,0,0,0,0,0,1,0.0,0,0,0.0,0,0,19,19,0,0,1,0.667,6,0.667,2,3,0.667,6,9,9,0,0,0,0,0,0,0,0,0.0,0,0,0,0,0,0,0,0,0,0,0,0,0.0,0,0,0,0,2,13,2
DFB-Pokal,1/32 FINALE,15.08.2025,Saarbrucken,Magdeburg,Ospite,Magdeburg,Reimann Dominik,Portiere,Titolare,6.6,0,4,0,0,0,0,0.0,1,0,1,0,0,0,0,0.0,0,0,0.0,0,0,0.0,0,0,0.0,0.0,0,0,0,0,0,0,0.005,0.0,0.0,0.637,0.0,0,7,0,0,0,1,0,0,-0.363,-0.363,1.0,1,1,0,0,0,4,0,0.0,0,0,0.571,8,14,90,90,0,0,0,0.86,37,0.571,4,7,0.861,31,36,43,0,0,0,0,0,0,0,0,0.0,0,0,0,2,0,0,0,3,0,0,0,0,0.0,0,0,0,0,0,51,0
DFB-Pokal,1/32 FINALE,15.08.2025,Saarbrucken,Magdeburg,Ospite,Magdeburg,Ghrieb Rayan,Centrocampista offensivo,Titolare,8.8,0,2,0,0,0,0,0.0,7,0,0,0,0,0,0,0.0,0,3,0.333,6,2,0.5,2,1,0.375,0.333,6,2,8,3,0,0,0.03,0.173,0.869,0.637,0.0,0,0,2,0,2,1,0,0,-0.363,-0.363,0.0,0,0,0,1,0,0,0,0.0,0,0,1.0,1,1,71,71,0,0,0,0.667,16,0.556,10,18,0.667,16,24,24,0,0,0,0,0,0,0,0,0.0,0,0,0,0,2,3,1,1,0,0,2,4,0.0,0,0,0,0,6,40,0
DFB-Pokal,1/32 FINALE,15.08.2025,Saarbrucken,Magdeburg,Ospite,Magdeburg,Kaars Martijn,Attaccante,Titolare,6.9,0,5,0,1,0,0,0.0,3,0,0,0,0,0,0,0.0,0,0,0.0,2,0,0.0,1,0,0.0,0.0,3,0,4,0,0,0,0.074,0.51,0.31,0.637,0.0,0,2,1,0,1,1,0,0,-0.363,-0.363,0.0,0,0,0,0,0,0,0,0.0,0,0,1.0,1,1,90,90,0,1,0,0.862,25,0.769,10,13,0.852,23,27,29,0,0,0,0,0,0,0,0,0.0,0,0,0,0,0,2,0,1,0,1,1,2,0.0,0,0,0,0,4,35,1
DFB-Pokal,1/32 FINALE,15.08.2025,Saarbrucken,Magdeburg,Ospite,Magdeburg,Hugonet Jean,Difensore centrale,Titolare,6.2,0,1,0,0,0,0,0.0,2,0,0,0,0,3,0,0.0,0,0,0.0,1,0,0.375,8,3,0.333,0.286,7,2,15,5,1,0,0.044,0.0,0.0,0.637,0.0,0,10,3,0,0,1,0,0,-0.363,-0.363,0.0,0,0,0,1,0,0,0,1.0,2,2,0.6,3,5,90,90,0,0,1,0.912,52,0.8,16,20,0.909,50,55,57,0,0,0,0,0,0,0,0,0.0,0,0,0,0,0,0,0,1,0,0,0,0,0.0,2,0,0,0,0,69,1
DFB-Pokal,1/32 FINALE,15.08.2025,Saarbrucken,Magdeburg,Ospite,Magdeburg,Holmstrom Alexander,Attaccante,Subentrato,6.5,0,2,0,0,0,0,0.0,0,0,0,0,0,0,0,0.0,0,0,0.0,0,0,0.6,5,3,0.625,0.667,3,2,8,5,0,0,0.003,0.0,0.0,0.277,0.0,0,0,1,1,0,1,0,0,-0.723,-0.723,0.0,0,0,0,0,0,0,0,0.0,0,0,0.0,0,1,29,29,0,0,0,0.667,4,1.0,2,2,0.667,4,6,6,0,0,0,0,0,0,0,0,0.0,0,0,0,0,0,0,0,1,0,0,0,0,1.0,1,1,0,0,0,13,3
DFB-Pokal,1/32 FINALE,15.08.2025,Saarbrucken,Magdeburg,Ospite,Magdeburg,Heber Daniel,Difensore,Subentrato,,0,1,0,0,0,0,0.0,0,0,0,0,0,0,0,0.0,0,0,0.0,0,0,0.0,0,0,1.0,1.0,1,1,1,1,0,0,0.0,0.0,0.0,0.0,0.0,0,0,0,1,0,0,0,0,0.0,0.0,0.0,0,0,0,0,0,0,0,0.0,0,0,0.0,0,0,2,2,0,0,0,1.0,1,0.0,0,0,1.0,1,1,1,0,0,0,0,0,0,0,0,0.0,0,0,0,0,0,0,0,0,0,0,0,0,0.0,0,0,0,0,0,3,0
DFB-Pokal,1/32 FINALE,15.08.2025,Saarbrucken,Magdeburg,Ospite,Magdeburg,Musonda Lubambo,Esterno,Titolare,6.6,0,8,0,0,0,0,0.0,3,0,0,0,1,4,0,0.5,1,2,0.0,1,0,0.0,0,0,0.5,0.5,4,2,4,2,0,0,0.022,0.0,0.0,0.637,0.0,0,0,0,0,0,1,0,0,-0.363,-0.363,0.0,0,0,0,1,0,0,0,0.0,0,0,1.0,3,3,88,88,0,0,0,0.9,27,0.7,7,10,0.9,27,30,30,0,0,0,0,0,0,0,0,0.0,0,0,0,0,0,0,0,1,0,0,0,0,0.5,2,1,0,0,1,54,4
