club_id,club_name,club_qid,manager_qid,prec_da,prec_a,manager_nome,manager_nascita,wd_da,wd_a,rank
3,1.FC Köln,Q104770,Q1568284,11.0,11.0,Markus Anfang,1974-06-12,2018-07-01,2019-04-27,normal
3,1.FC Köln,Q104770,Q19257969,11.0,11.0,Achim Beierlorzer,1967-11-20,2019-07-01,2019-11-09,normal
3,1.FC Köln,Q104770,Q63382856,11.0,11.0,André Pawlak,1971-02-12,2019-11-09,2019-11-18,normal
3,1.FC Köln,Q104770,Q9318057,11.0,11.0,Markus Gisdol,1969-08-17,2019-11-18,2021-04-11,normal
3,1.FC Köln,Q104770,Q679901,11.0,11.0,Friedhelm Funkel,1953-12-10,2021-04-11,2021-06-30,normal
3,1.FC Köln,Q104770,Q2338559,11.0,11.0,Steffen Baumgart,1972-01-05,2021-07-01,2023-12-31,normal
3,1.FC Köln,Q104770,Q487074,11.0,11.0,Timo Schultz,1977-08-26,2024-01-04,2024-06-30,normal
3,1.FC Köln,Q104770,Q5550774,11.0,11.0,Gerhard Struber,1977-01-24,2024-07-01,2025-05-04,normal
3,1.FC Köln,Q104770,Q679901,11.0,11.0,Friedhelm Funkel,1953-12-10,2025-05-05,2025-06-30,normal
3,1.FC Köln,Q104770,Q27960236,11.0,11.0,Lukas Kwasniok,1981-06-12,2025-07-01,2026-03-22,normal
3,1.FC Köln,Q104770,Q138763771,11.0,,René Wagner,1988-07-17,2026-03-23,,preferred
4,1.FC Nuremberg,Q15786,Q21055706,10.0,10.0,Michael Köllner,1969-12-29,2017-03-01,2019-02-01,normal
4,1.FC Nuremberg,Q15786,Q16765990,10.0,11.0,Damir Canadi,1970-05-06,2019-05-01,2019-11-05,normal
4,1.FC Nuremberg,Q15786,Q63028,11.0,11.0,Jens Keller,1970-11-24,2019-11-13,2020-06-29,normal
4,1.FC Nuremberg,Q15786,Q651506,11.0,11.0,Michael Wiesinger,1972-12-27,2020-06-29,2020-07-11,normal
4,1.FC Nuremberg,Q15786,Q55443134,11.0,11.0,Robert Klauß,1984-12-01,2020-07-30,2022-10-03,normal
4,1.FC Nuremberg,Q15786,Q80471,11.0,,Miroslav Klose,1978-06-09,2024-06-11,,preferred
5,AC Milan,Q1543,Q297768,11.0,11.0,Vincenzo Montella,1974-06-18,2016-07-01,2017-11-27,normal
5,AC Milan,Q1543,Q116980,11.0,11.0,Gennaro Gattuso,1978-01-09,2017-11-27,2019-05-28,normal
5,AC Milan,Q1543,Q2704759,11.0,11.0,Marco Giampaolo,1967-08-02,2019-06-19,2019-10-08,normal
5,AC Milan,Q1543,Q923088,11.0,11.0,Stefano Pioli,1965-10-20,2019-10-09,2024-05-26,normal
5,AC Milan,Q1543,Q10346582,11.0,11.0,Paulo Fonseca,1973-03-05,2024-07-01,2024-12-30,normal
5,AC Milan,Q1543,Q317298,11.0,11.0,Sérgio Conceição,1974-11-15,2024-12-30,2025-05-29,normal
5,AC Milan,Q1543,Q354529,11.0,11.0,Massimiliano Allegri,1967-08-11,2025-05-30,2026-05-25,normal
5,AC Milan,Q1543,Q368682,11.0,,Rúben Amorim,1985-01-27,2026-06-16,,preferred
10,Arminia Bielefeld,Q105844,Q535093,11.0,11.0,Jeff Saibene,1968-09-13,2017-03-19,2018-12-10,normal
10,Arminia Bielefeld,Q105844,Q113305,11.0,11.0,Uwe Neuhaus,1959-11-26,2018-12-10,2021-03-01,normal
10,Arminia Bielefeld,Q105844,Q1443598,11.0,11.0,Frank Kramer,1972-05-03,2021-03-02,2022-04-20,normal
10,Arminia Bielefeld,Q105844,Q107153253,11.0,,Daniel Scherning,1983-10-29,2022-08-18,,preferred
11,Arsenal FC,Q9617,Q47576,11.0,11.0,Arsène Wenger,1949-10-22,1996-10-01,2018-05-21,normal
11,Arsenal FC,Q9617,Q295610,11.0,11.0,Unai Emery,1971-11-03,2018-05-23,2019-11-29,normal
11,Arsenal FC,Q9617,Q10560,11.0,11.0,Fredrik Ljungberg,1977-04-16,2019-11-29,2019-12-20,normal
11,Arsenal FC,Q9617,Q185572,11.0,,Mikel Arteta,1982-03-26,2019-12-20,,preferred
12,Associazione Sportiva Roma,Q2739,Q396154,11.0,11.0,Eusebio Di Francesco,1969-09-08,2017-06-13,2019-03-07,normal
12,Associazione Sportiva Roma,Q2739,Q235068,11.0,11.0,Claudio Ranieri,1951-10-20,2019-03-08,2019-06-30,normal
12,Associazione Sportiva Roma,Q2739,Q10346582,11.0,11.0,Paulo Fonseca,1973-03-05,2019-07-01,2021-06-30,normal
12,Associazione Sportiva Roma,Q2739,Q79983,11.0,11.0,José Mourinho,1963-01-26,2021-07-01,2024-01-16,normal
12,Associazione Sportiva Roma,Q2739,Q168497,11.0,11.0,Daniele De Rossi,1983-07-24,2024-01-16,2024-09-18,normal
12,Associazione Sportiva Roma,Q2739,Q556688,11.0,11.0,Ivan Jurić,1975-08-25,2024-09-18,2024-11-10,normal
12,Associazione Sportiva Roma,Q2739,Q235068,11.0,10.0,Claudio Ranieri,1951-10-20,2024-11-14,2025-06-01,normal
12,Associazione Sportiva Roma,Q2739,Q367846,11.0,,Gian Piero Gasperini,1958-01-26,2025-06-06,,preferred
13,Atlético de Madrid,Q8701,Q258115,11.0,,Diego Simeone,1970-04-28,2011-12-23,,preferred
15,Bayer 04 Leverkusen,Q104761,Q677546,11.0,11.0,Heiko Herrlich,1971-12-03,2017-07-01,2018-12-23,normal
15,Bayer 04 Leverkusen,Q104761,Q1029982,11.0,11.0,Peter Bosz,1963-11-21,2018-12-23,2021-03-23,normal
15,Bayer 04 Leverkusen,Q104761,Q26945754,11.0,11.0,Hannes Wolf,1981-04-15,2021-03-23,2021-06-30,normal
15,Bayer 04 Leverkusen,Q104761,Q339173,11.0,11.0,Gerardo Seoane,1978-10-30,2021-07-01,2022-10-05,normal
15,Bayer 04 Leverkusen,Q104761,Q208104,11.0,11.0,Xabi Alonso,1981-11-25,2022-10-05,2025-05-25,normal
15,Bayer 04 Leverkusen,Q104761,Q2844569,11.0,11.0,Erik ten Hag,1970-02-03,2025-07-01,2025-09-01,normal
15,Bayer 04 Leverkusen,Q104761,Q2406011,11.0,11.0,Kasper Hjulmand,1972-04-09,2025-09-08,2026-06-04,normal
15,Bayer 04 Leverkusen,Q104761,Q119505783,11.0,,Carles Martínez Novell,1984-01-01,2026-06-04,,preferred
16,Borussia Dortmund,Q41420,Q1029982,11.0,11.0,Peter Bosz,1963-11-21,2017-07-01,2017-12-09,normal
16,Borussia Dortmund,Q41420,Q697397,11.0,11.0,Peter Stöger,1966-04-11,2017-12-10,2018-06-30,normal
16,Borussia Dortmund,Q41420,Q539920,11.0,11.0,Lucien Favre,1957-11-02,2018-07-01,2020-12-13,normal
16,Borussia Dortmund,Q41420,Q61709977,11.0,11.0,Edin Terzić,1982-10-30,2020-12-13,2021-06-30,normal
16,Borussia Dortmund,Q41420,Q542990,11.0,11.0,Marco Rose,1976-09-11,2021-07-01,2022-05-20,normal
16,Borussia Dortmund,Q41420,Q61709977,11.0,11.0,Edin Terzić,1982-10-30,2022-05-23,2024-06-30,normal
16,Borussia Dortmund,Q41420,Q75857,11.0,11.0,Nuri Şahin,1988-09-05,2024-06-14,2025-01-22,normal
16,Borussia Dortmund,Q41420,Q460260,11.0,11.0,Mike Tullberg,1985-12-25,2025-01-22,2025-01-30,normal
16,Borussia Dortmund,Q41420,Q154305,11.0,,Niko Kovač,1971-10-15,2025-01-30,,preferred
18,Borussia Mönchengladbach,Q101959,Q73135,11.0,11.0,Dieter Hecking,1964-09-12,2016-12-21,2019-05-18,normal
18,Borussia Mönchengladbach,Q101959,Q542990,11.0,11.0,Marco Rose,1976-09-11,2019-07-01,2021-06-30,normal
18,Borussia Mönchengladbach,Q101959,Q362506,11.0,11.0,Adolf Hütter,1970-02-11,2021-07-01,2022-06-30,normal
18,Borussia Mönchengladbach,Q101959,Q30015253,11.0,11.0,Daniel Farke,1976-10-30,2022-07-01,2023-06-02,normal
18,Borussia Mönchengladbach,Q101959,Q339173,11.0,11.0,Gerardo Seoane,1978-10-30,2023-06-06,2025-09-15,normal
18,Borussia Mönchengladbach,Q101959,Q5117,11.0,,Eugen Polanski,1986-03-17,2025-09-15,,preferred
19,Brescia Calcio,Q6651,Q13527921,11.0,11.0,Roberto Boscaglia,1968-03-20,2018-01-16,2018-04-29,normal
19,Brescia Calcio,Q6651,Q511092,11.0,11.0,Eugenio Corini,1970-07-30,2018-09-18,2019-11-03,normal
19,Brescia Calcio,Q6651,Q230529,11.0,11.0,Fabio Grosso,1977-11-28,2019-11-03,2019-12-02,normal
19,Brescia Calcio,Q6651,Q511092,11.0,11.0,Eugenio Corini,1970-07-30,2019-12-02,2020-02-05,normal
19,Brescia Calcio,Q6651,Q954307,11.0,11.0,Diego Luis López,1974-08-22,2020-02-05,2020-08-20,normal
19,Brescia Calcio,Q6651,Q1403552,11.0,9.0,Pierpaolo Bisoli,1966-11-20,2024-12-09,2025-01-01,normal
24,Eintracht Frankfurt,Q38245,Q154305,11.0,11.0,Niko Kovač,1971-10-15,2016-03-08,2018-06-30,normal
24,Eintracht Frankfurt,Q38245,Q362506,11.0,11.0,Adolf Hütter,1970-02-11,2018-07-01,2021-06-30,normal
24,Eintracht Frankfurt,Q38245,Q874777,11.0,11.0,Oliver Glasner,1974-08-28,2021-07-01,2023-06-30,normal
24,Eintracht Frankfurt,Q38245,Q877918,11.0,11.0,Dino Toppmöller,1980-11-23,2023-07-01,2026-01-18,normal
24,Eintracht Frankfurt,Q38245,Q215435,11.0,10.0,Albert Riera,1982-04-15,2026-02-02,2026-05-01,normal
24,Eintracht Frankfurt,Q38245,Q362506,11.0,,Adolf Hütter,1970-02-11,2026-05-31,,preferred
27,Bayern Munich,Q15789,Q174614,11.0,11.0,Carlo Ancelotti,1959-06-10,2016-07-01,2017-09-28,normal
27,Bayern Munich,Q15789,Q152107,11.0,11.0,Jupp Heynckes,1945-05-09,2017-10-09,2018-06-30,normal
27,Bayern Munich,Q15789,Q154305,11.0,11.0,Niko Kovač,1971-10-15,2018-07-01,2019-11-03,normal
27,Bayern Munich,Q15789,Q577384,11.0,11.0,Hans-Dieter Flick,1965-02-24,2019-11-03,2021-06-30,normal
27,Bayern Munich,Q15789,Q21226404,11.0,11.0,Julian Nagelsmann,1987-07-23,2021-07-01,2023-03-24,normal
27,Bayern Munich,Q15789,Q702233,11.0,11.0,Thomas Tuchel,1973-08-29,2023-03-24,2024-06-30,normal
27,Bayern Munich,Q15789,Q201381,11.0,,Vincent Kompany,1986-04-10,2024-07-01,,preferred
29,Everton FC,Q5794,Q334388,11.0,11.0,Sam Allardyce,1954-10-19,2017-11-30,2018-05-16,normal
29,Everton FC,Q5794,Q6757714,11.0,11.0,Marco Silva,1977-07-12,2018-05-31,2019-12-05,normal
29,Everton FC,Q5794,Q465623,11.0,11.0,Duncan Ferguson,1971-12-27,2019-12-05,2019-12-21,normal
29,Everton FC,Q5794,Q174614,11.0,11.0,Carlo Ancelotti,1959-06-10,2019-12-22,2021-06-30,normal
29,Everton FC,Q5794,Q144048,11.0,11.0,Rafael Benítez,1960-04-16,2021-06-30,2022-01-16,normal
29,Everton FC,Q5794,Q41533,11.0,11.0,Frank Lampard,1978-06-20,2022-01-31,2023-01-23,normal
29,Everton FC,Q5794,Q10599,11.0,11.0,Sean Dyche,1971-06-28,2023-01-30,2025-01-09,normal
29,Everton FC,Q5794,Q297252,11.0,,David Moyes,1963-04-25,2025-01-11,,preferred
31,Liverpool FC,Q1130849,Q83106,11.0,11.0,Jürgen Klopp,1967-06-16,2015-10-08,2024-05-19,normal
31,Liverpool FC,Q1130849,Q1029223,11.0,11.0,Arne Slot,1978-09-17,2024-06-01,2026-05-30,normal
31,Liverpool FC,Q1130849,Q317216,11.0,,Andoni Iraola,1982-06-22,2026-06-04,,preferred
33,FC Schalke 04,Q32494,Q28916689,11.0,11.0,Domenico Tedesco,1985-09-12,2017-06-09,2019-03-14,normal
33,FC Schalke 04,Q32494,Q436057,11.0,11.0,Huub Stevens,1953-11-29,2019-03-15,2019-05-18,normal
33,FC Schalke 04,Q32494,Q871069,11.0,11.0,David Wagner,1971-10-19,2019-07-01,2020-09-27,normal
33,FC Schalke 04,Q32494,Q15896593,11.0,11.0,Manuel Baum,1979-08-30,2020-09-30,2020-12-18,normal
33,FC Schalke 04,Q32494,Q436057,11.0,11.0,Huub Stevens,1953-11-29,2020-12-18,2020-12-22,normal
33,FC Schalke 04,Q32494,Q115587,11.0,11.0,Christian Gross,1954-08-14,2020-12-27,2021-02-28,normal
33,FC Schalke 04,Q32494,Q470558,11.0,11.0,Dīmītrīs Grammozīs,1978-07-08,2021-03-02,2022-03-06,normal
33,FC Schalke 04,Q32494,Q551610,11.0,11.0,Michael Büskens,1968-03-19,2022-03-07,2022-05-15,normal
33,FC Schalke 04,Q32494,Q1443598,11.0,11.0,Frank Kramer,1972-05-03,2022-06-07,2022-10-19,normal
33,FC Schalke 04,Q32494,Q2426747,11.0,11.0,Thomas Reis,1973-10-04,2022-10-27,2023-09-27,normal
33,FC Schalke 04,Q32494,Q642325,11.0,11.0,Karel Geraerts,1982-01-05,2023-10-09,2024-09-21,normal
33,FC Schalke 04,Q32494,Q130337238,11.0,11.0,Jakob Fimpel,1989-03-18,2024-09-21,2024-10-06,normal
33,FC Schalke 04,Q32494,Q675519,11.0,11.0,Kees van Wonderen,1969-01-04,2024-10-07,2025-05-03,normal
33,FC Schalke 04,Q32494,Q130337238,11.0,11.0,Jakob Fimpel,1989-03-18,2025-05-03,2025-05-30,normal
33,FC Schalke 04,Q32494,Q59336294,11.0,,Miron Muslic,1982-09-14,2025-05-31,,preferred
35,FC St. Pauli,Q6463,Q996002,11.0,11.0,Markus Kauczinski,1970-02-20,2017-12-08,2019-04-10,normal
35,FC St. Pauli,Q6463,Q820948,11.0,11.0,Jos Luhukay,1963-06-13,2019-04-11,2020-06-30,normal
35,FC St. Pauli,Q6463,Q487074,11.0,11.0,Timo Schultz,1977-08-26,2020-07-12,2022-12-06,normal
35,FC St. Pauli,Q6463,Q115819313,11.0,11.0,Fabian Hürzeler,1993-02-26,2022-12-06,2024-06-30,normal
35,FC St. Pauli,Q6463,Q1560347,11.0,,Alexander Blessin,1973-05-28,2024-07-01,,preferred
38,Fortuna Düsseldorf,Q151747,Q566127,11.0,11.0,Uwe Rösler,1968-11-15,2020-01-29,2021-06-30,normal
38,Fortuna Düsseldorf,Q151747,Q20744639,11.0,11.0,Christian Preußer,1984-01-23,2021-07-01,2022-02-07,normal
38,Fortuna Düsseldorf,Q151747,Q123126,11.0,11.0,Daniel Thioune,1974-07-21,2022-02-08,2025-10-06,normal
38,Fortuna Düsseldorf,Q151747,Q1568284,11.0,11.0,Markus Anfang,1974-06-12,2025-10-06,2026-04-12,normal
38,Fortuna Düsseldorf,Q151747,Q121249351,11.0,,Alexander Ende,1979-09-19,2026-04-13,,preferred
39,1.FSV Mainz 05,Q105254,Q1582732,11.0,11.0,Sandro Schwarz,1978-10-17,2017-07-01,2019-11-10,normal
39,1.FSV Mainz 05,Q105254,Q72200628,11.0,11.0,Jan-Moritz Lichte,1980-01-12,2019-11-10,2019-11-18,normal
39,1.FSV Mainz 05,Q105254,Q19257969,11.0,11.0,Achim Beierlorzer,1967-11-20,2019-11-18,2020-09-28,normal
39,1.FSV Mainz 05,Q105254,Q72200628,11.0,11.0,Jan-Moritz Lichte,1980-01-12,2020-09-28,2020-12-28,normal
39,1.FSV Mainz 05,Q105254,Q887456,11.0,11.0,Bo Svensson,1979-08-04,2021-01-04,2023-11-02,normal
39,1.FSV Mainz 05,Q105254,Q60738841,11.0,11.0,Jan Siewert,1982-08-23,2023-11-03,2024-02-12,normal
39,1.FSV Mainz 05,Q105254,Q4931102,11.0,11.0,Bo Henriksen,1975-02-07,2024-02-13,2025-12-03,normal
39,1.FSV Mainz 05,Q105254,Q347771,11.0,,Urs Fischer,1966-02-20,2025-12-07,,preferred
40,FC Girondins Bordeaux,Q172476,Q440999,11.0,10.0,Ricardo Gomes,1964-12-13,2018-09-05,2019-03-01,normal
40,FC Girondins Bordeaux,Q172476,Q314440,10.0,11.0,Paulo Sousa,1970-08-30,2019-03-01,2020-08-10,normal
40,FC Girondins Bordeaux,Q172476,Q2732465,11.0,11.0,Jean-Louis Gasset,1953-12-09,2020-08-12,2021-07-27,normal
40,FC Girondins Bordeaux,Q172476,Q123937,11.0,11.0,Vladimir Petković,1963-08-15,2021-07-27,2022-02-12,normal
40,FC Girondins Bordeaux,Q172476,Q5234461,11.0,11.0,David Guion,1967-09-30,2022-02-17,2023-10-07,normal
40,FC Girondins Bordeaux,Q172476,Q215435,11.0,,Albert Riera,1982-04-15,2023-10-12,,preferred
41,Hamburger SV,Q51974,Q2338559,11.0,11.0,Steffen Baumgart,1972-01-05,2024-02-20,2024-11-24,normal
41,Hamburger SV,Q51974,Q124514448,11.0,,Merlin Polzin,1990-11-07,2024-11-25,,preferred
42,Hannover 96,Q33748,Q16259764,11.0,11.0,Kenan Koçak,1981-01-05,2019-11-14,2021-06-30,normal
42,Hannover 96,Q33748,Q106779234,11.0,11.0,Jan Zimmermann,1979-10-05,2021-07-01,2021-11-29,normal
42,Hannover 96,Q33748,Q2336933,11.0,11.0,Stefan Leitl,1977-08-29,2022-07-01,2024-12-29,normal
42,Hannover 96,Q33748,Q517257,11.0,11.0,André Breitenreiter,1973-10-02,2024-12-29,2025-04-23,normal
42,Hannover 96,Q33748,Q50404825,11.0,,Christian Titz,1971-04-01,2025-06-15,,preferred
44,Hertha BSC,Q102720,Q742429,11.0,11.0,Pál Dárdai,1976-03-16,2015-02-05,2019-06-30,normal
44,Hertha BSC,Q102720,Q571639,11.0,11.0,Ante Čović,1975-08-31,2019-07-01,2019-11-27,normal
44,Hertha BSC,Q102720,Q57079,11.0,11.0,Jürgen Klinsmann,1964-07-30,2019-11-27,2020-02-11,normal
44,Hertha BSC,Q102720,Q2642761,11.0,11.0,Alexander Nouri,1979-08-20,2020-02-11,2020-04-09,normal
44,Hertha BSC,Q102720,Q57548,11.0,11.0,Bruno Labbadia,1966-02-08,2020-04-09,2021-01-24,normal
44,Hertha BSC,Q102720,Q742429,11.0,11.0,Pál Dárdai,1976-03-16,2021-01-25,2021-11-29,normal
44,Hertha BSC,Q102720,Q708808,11.0,11.0,Tayfun Korkut,1974-04-02,2021-11-29,2022-03-13,normal
44,Hertha BSC,Q102720,Q153293,11.0,11.0,Felix Magath,1953-07-26,2022-03-13,2022-06-02,normal
44,Hertha BSC,Q102720,Q1582732,11.0,11.0,Sandro Schwarz,1978-10-17,2022-06-02,2023-04-16,normal
44,Hertha BSC,Q102720,Q742429,11.0,10.0,Pál Dárdai,1976-03-16,2023-04-16,2024-07-01,normal
44,Hertha BSC,Q102720,Q317071,10.0,11.0,Cristian Fiél,1980-03-12,2024-07-01,2025-02-16,normal
44,Hertha BSC,Q102720,Q2336933,11.0,,Stefan Leitl,1977-08-29,2025-02-17,,preferred
46,Inter Milan,Q631,Q310813,11.0,11.0,Luciano Spalletti,1959-03-07,2017-07-01,2019-06-30,normal
46,Inter Milan,Q631,Q26580,11.0,11.0,Antonio Conte,1969-07-31,2019-07-01,2021-06-30,normal
46,Inter Milan,Q631,Q314670,11.0,11.0,Simone Inzaghi,1976-04-05,2021-07-01,2025-06-03,normal
46,Inter Milan,Q631,Q210491,11.0,,Cristian Chivu,1980-10-26,2025-06-09,,preferred
60,SC Freiburg,Q106394,Q129121,11.0,11.0,Christian Streich,1965-06-11,2011-12-29,2024-06-30,normal
60,SC Freiburg,Q106394,Q66301,11.0,,Julian Schuster,1985-04-15,2024-07-01,,preferred
65,SpVgg Greuther Fürth,Q153539,Q543119,11.0,,Thomas Kleine,1977-12-28,2025-05-05,,preferred
65,SpVgg Greuther Fürth,Q153539,Q60738841,,11.0,Jan Siewert,1982-08-23,,2025-05-05,normal
79,VfB Stuttgart,Q4512,Q26945754,11.0,11.0,Hannes Wolf,1981-04-15,2016-09-21,2018-01-28,normal
79,VfB Stuttgart,Q4512,Q708808,11.0,11.0,Tayfun Korkut,1974-04-02,2018-01-30,2018-10-07,normal
79,VfB Stuttgart,Q4512,Q15772,11.0,11.0,Markus Weinzierl,1974-12-28,2018-10-09,2019-04-20,normal
79,VfB Stuttgart,Q4512,Q63244015,11.0,11.0,Nico Willig,1980-12-11,2019-04-21,2019-06-30,normal
79,VfB Stuttgart,Q4512,Q54087426,11.0,11.0,Tim Walter,1975-11-08,2019-07-01,2019-12-23,normal
79,VfB Stuttgart,Q4512,Q80310717,11.0,11.0,Pellegrino Matarazzo,1977-11-28,2019-12-30,2022-10-10,normal
79,VfB Stuttgart,Q4512,Q57548,11.0,11.0,Bruno Labbadia,1966-02-08,2022-12-05,2023-04-03,normal
79,VfB Stuttgart,Q4512,Q64626953,11.0,,Sebastian Hoeneß,1982-05-12,2023-04-03,,preferred
80,VfL Bochum,Q105861,Q1687342,11.0,11.0,Jens Rasiejewski,1975-01-01,2017-10-10,2018-02-07,normal
80,VfL Bochum,Q105861,Q664521,11.0,11.0,Robin Dutt,1965-01-24,2018-02-12,2019-08-26,normal
80,VfL Bochum,Q105861,Q2426747,11.0,11.0,Thomas Reis,1973-10-04,2019-09-06,2022-09-12,normal
80,VfL Bochum,Q105861,Q22692810,11.0,11.0,Thomas Letsch,1968-08-26,2022-09-22,2024-04-08,normal
80,VfL Bochum,Q105861,Q719435,11.0,11.0,Heiko Butscher,1980-07-28,2024-04-09,2024-06-30,normal
80,VfL Bochum,Q105861,Q3376975,11.0,11.0,Peter Zeidler,1962-08-08,2024-07-01,2024-10-21,normal
80,VfL Bochum,Q105861,Q1901472,11.0,11.0,Markus Feldhoff,1974-08-29,2024-10-21,2024-11-03,normal
80,VfL Bochum,Q105861,Q73135,11.0,11.0,Dieter Hecking,1964-09-12,2024-11-04,2025-09-15,normal
80,VfL Bochum,Q105861,Q566127,11.0,,Uwe Rösler,1968-11-15,2025-10-06,,preferred
82,VfL Wolfsburg,Q101859,Q17352998,11.0,11.0,Martin Schmidt,1967-04-12,2017-09-18,2018-02-19,normal
82,VfL Wolfsburg,Q101859,Q57548,11.0,11.0,Bruno Labbadia,1966-02-08,2018-02-20,2019-06-30,normal
82,VfL Wolfsburg,Q101859,Q874777,11.0,11.0,Oliver Glasner,1974-08-28,2019-07-01,2021-06-30,normal
82,VfL Wolfsburg,Q101859,Q151853,11.0,11.0,Mark van Bommel,1977-04-22,2021-07-01,2021-10-24,normal
82,VfL Wolfsburg,Q101859,Q23061384,11.0,11.0,Florian Kohfeldt,1982-10-05,2021-10-26,2022-05-15,normal
82,VfL Wolfsburg,Q101859,Q154305,11.0,11.0,Niko Kovač,1971-10-15,2022-07-01,2024-03-17,normal
82,VfL Wolfsburg,Q101859,Q874628,11.0,11.0,Ralph Hasenhüttl,1967-08-09,2024-03-17,2025-05-04,normal
82,VfL Wolfsburg,Q101859,Q831115,11.0,11.0,Daniel Bauer,1982-10-17,2025-05-04,2025-06-30,normal
82,VfL Wolfsburg,Q101859,Q129485667,11.0,11.0,Paul Simonis,1985-02-14,2025-07-01,2025-11-09,normal
82,VfL Wolfsburg,Q101859,Q831115,11.0,11.0,Daniel Bauer,1982-10-17,2025-11-09,2026-03-08,normal
82,VfL Wolfsburg,Q101859,Q73135,11.0,,Dieter Hecking,1964-09-12,2026-03-08,,preferred
86,SV Werder Bremen,Q51976,Q23061384,11.0,11.0,Florian Kohfeldt,1982-10-05,2017-10-31,2021-05-16,normal
86,SV Werder Bremen,Q51976,Q157370,11.0,11.0,Thomas Schaaf,1961-04-30,2021-05-16,2021-05-31,normal
86,SV Werder Bremen,Q51976,Q1568284,11.0,11.0,Markus Anfang,1974-06-12,2021-06-01,2021-11-19,normal
86,SV Werder Bremen,Q51976,Q109651255,11.0,11.0,Danijel Zenkovic,1987-03-31,2021-11-20,2021-11-27,normal
86,SV Werder Bremen,Q51976,Q27050003,11.0,11.0,Ole Werner,1988-05-04,2021-11-28,2025-05-27,normal
86,SV Werder Bremen,Q51976,Q1629978,11.0,11.0,Horst Steffen,1969-03-03,2025-05-29,2026-02-01,normal
86,SV Werder Bremen,Q51976,Q123126,11.0,,Daniel Thioune,1974-07-21,2026-02-04,,preferred
89,1.FC Union Berlin,Q141971,Q63028,11.0,11.0,Jens Keller,1970-11-24,2016-07-01,2017-12-04,normal
89,1.FC Union Berlin,Q141971,Q519675,11.0,11.0,André Hofschneider,1970-06-10,2017-12-05,2018-06-30,normal
89,1.FC Union Berlin,Q141971,Q347771,11.0,11.0,Urs Fischer,1966-02-20,2018-07-01,2023-11-15,normal
89,1.FC Union Berlin,Q141971,Q97601443,11.0,11.0,Marco Grote,1972-10-11,2023-11-15,2023-11-26,normal
89,1.FC Union Berlin,Q141971,Q269404,11.0,11.0,Nenad Bjelica,1971-08-20,2023-11-27,2024-05-06,normal
89,1.FC Union Berlin,Q141971,Q97601443,11.0,11.0,Marco Grote,1972-10-11,2024-05-06,2024-06-30,normal
89,1.FC Union Berlin,Q141971,Q887456,11.0,11.0,Bo Svensson,1979-08-04,2024-07-01,2024-12-27,normal
89,1.FC Union Berlin,Q141971,Q97601443,11.0,11.0,Marco Grote,1972-10-11,2024-12-27,2024-12-30,normal
89,1.FC Union Berlin,Q141971,Q2338559,11.0,11.0,Steffen Baumgart,1972-01-05,2025-01-02,2026-04-11,normal
89,1.FC Union Berlin,Q141971,Q1897161,11.0,,Marie-Louise Eta,1991-07-07,2026-04-11,,preferred
105,SV Darmstadt 98,Q479351,Q107076,11.0,11.0,Torsten Frings,1976-11-22,2017-01-03,2017-12-09,normal
105,SV Darmstadt 98,Q479351,Q463936,11.0,11.0,Dirk Schuster,1967-12-29,2017-12-12,2019-02-18,normal
105,SV Darmstadt 98,Q479351,Q470558,11.0,11.0,Dīmītrīs Grammozīs,1978-07-08,2019-02-24,2020-06-30,normal
105,SV Darmstadt 98,Q479351,Q1673975,11.0,11.0,Torsten Lieberknecht,1973-08-01,2021-07-01,2024-09-01,normal
105,SV Darmstadt 98,Q479351,Q23061384,11.0,,Florian Kohfeldt,1982-10-05,2024-09-07,,preferred
127,SC Paderborn 07,Q160532,Q2338559,11.0,9.0,Steffen Baumgart,1972-01-05,2017-04-16,2021-01-01,normal
127,SC Paderborn 07,Q160532,Q27960236,9.0,9.0,Lukas Kwasniok,1981-06-12,2021-01-01,2025-01-01,normal
127,SC Paderborn 07,Q160532,Q2129274,9.0,,Ralf Kettemann,1986-08-20,2025-01-01,,preferred
130,Parma Calcio 1913,Q2693,Q573195,11.0,11.0,Roberto D'Aversa,1975-08-12,2016-12-03,2020-08-23,normal
130,Parma Calcio 1913,Q2693,Q381262,11.0,11.0,Fabio Liverani,1976-04-29,2020-08-28,2021-01-07,normal
130,Parma Calcio 1913,Q2693,Q573195,11.0,11.0,Roberto D'Aversa,1975-08-12,2021-01-07,2021-05-24,normal
130,Parma Calcio 1913,Q2693,Q317282,11.0,11.0,Enzo Maresca,1980-02-10,2021-05-27,2021-11-23,normal
130,Parma Calcio 1913,Q2693,Q604969,11.0,11.0,Giuseppe Iachini,1964-05-07,2021-11-23,2022-05-17,normal
130,Parma Calcio 1913,Q2693,Q1087530,11.0,11.0,Fabio Pecchia,1973-08-24,2022-06-02,2025-02-17,normal
130,Parma Calcio 1913,Q2693,Q210491,11.0,10.0,Cristian Chivu,1980-10-26,2025-02-18,2025-06-01,normal
130,Parma Calcio 1913,Q2693,Q116776804,11.0,,Carlos Cuesta,1995-07-29,2025-06-19,,preferred
131,FC Barcelona,Q7156,Q359118,11.0,11.0,Ernesto Valverde,1964-02-09,2017-07-01,2020-01-13,normal
131,FC Barcelona,Q7156,Q2444534,11.0,11.0,Quique Setién,1958-09-27,2020-01-13,2020-08-17,normal
131,FC Barcelona,Q7156,Q192635,11.0,11.0,Ronald Koeman,1963-03-21,2020-08-19,2021-10-28,normal
131,FC Barcelona,Q7156,Q17500,11.0,11.0,Xavi,1980-01-25,2021-11-06,2024-06-30,normal
131,FC Barcelona,Q7156,Q577384,11.0,,Hans-Dieter Flick,1965-02-24,2024-07-01,,preferred
148,Tottenham Hotspur,Q18741,Q313000,11.0,11.0,Mauricio Pochettino,1972-03-02,2014-05-27,2019-11-19,normal
148,Tottenham Hotspur,Q18741,Q79983,11.0,11.0,José Mourinho,1963-01-26,2019-11-20,2021-04-19,normal
148,Tottenham Hotspur,Q18741,Q4459692,11.0,11.0,Ryan Mason,1991-06-13,2021-04-20,2021-06-30,normal
148,Tottenham Hotspur,Q18741,Q372372,11.0,11.0,Nuno Espírito Santo,1974-01-25,2021-07-01,2021-11-01,normal
148,Tottenham Hotspur,Q18741,Q26580,11.0,11.0,Antonio Conte,1969-07-31,2021-11-02,2023-03-26,normal
148,Tottenham Hotspur,Q18741,Q461177,11.0,11.0,Cristian Stellini,1974-04-27,2023-03-26,2023-04-24,normal
148,Tottenham Hotspur,Q18741,Q4459692,11.0,11.0,Ryan Mason,1991-06-13,2023-04-24,2023-06-30,normal
148,Tottenham Hotspur,Q18741,Q2849301,11.0,11.0,Ange Postecoglou,1965-08-27,2023-07-01,2025-06-06,normal
148,Tottenham Hotspur,Q18741,Q13469562,11.0,11.0,Thomas Frank,1973-10-09,2025-06-13,2026-02-11,normal
148,Tottenham Hotspur,Q18741,Q276544,11.0,11.0,Igor Tudor,1978-04-16,2026-02-14,2026-03-29,normal
148,Tottenham Hotspur,Q18741,Q2032119,11.0,,Roberto De Zerbi,1979-06-06,2026-03-31,,preferred
150,Real Betis Balompié,Q8723,Q296036,11.0,,Manuel Pellegrini,1953-09-16,2020-08-01,,preferred
162,AS Monaco,Q180305,Q2162382,11.0,11.0,Leonardo Jardim,1974-08-01,2014-07-01,2018-10-11,normal
162,AS Monaco,Q180305,Q45901,11.0,11.0,Thierry Henry,1977-08-17,2018-10-13,2019-01-24,normal
162,AS Monaco,Q180305,Q2162382,11.0,11.0,Leonardo Jardim,1974-08-01,2019-01-27,2019-12-27,normal
162,AS Monaco,Q180305,Q63969036,11.0,11.0,Robert Moreno,1977-09-19,2019-12-28,2020-07-18,normal
162,AS Monaco,Q180305,Q154305,11.0,11.0,Niko Kovač,1971-10-15,2020-07-19,2022-01-01,normal
162,AS Monaco,Q180305,Q1338480,11.0,11.0,Philippe Clement,1974-03-22,2022-01-03,2023-06-04,normal
162,AS Monaco,Q180305,Q362506,11.0,11.0,Adolf Hütter,1970-02-11,2023-07-04,2025-10-09,normal
162,AS Monaco,Q180305,Q468114,11.0,11.0,Sébastien Pocognoli,1987-08-01,2025-10-11,2026-06-01,normal
180,Southampton FC,Q18732,Q874628,11.0,11.0,Ralph Hasenhüttl,1967-08-09,2018-12-06,2022-11-07,normal
180,Southampton FC,Q18732,Q10387537,11.0,11.0,Nathan Jones,1973-05-28,2022-11-10,2023-02-12,normal
180,Southampton FC,Q18732,Q115156958,11.0,11.0,Rubén Sellés,1983-06-15,2023-02-13,2023-06-30,normal
180,Southampton FC,Q18732,Q555382,11.0,11.0,Russell Martin,1986-01-04,2023-07-01,2024-12-15,normal
180,Southampton FC,Q18732,Q7519709,11.0,11.0,Simon Rusk,1981-12-17,2024-12-15,2024-12-22,normal
180,Southampton FC,Q18732,Q556688,11.0,11.0,Ivan Jurić,1975-08-25,2024-12-22,2025-04-07,normal
180,Southampton FC,Q18732,Q7519709,11.0,10.0,Simon Rusk,1981-12-17,2025-04-07,2025-05-01,normal
180,Southampton FC,Q18732,Q42097340,11.0,11.0,Will Still,1992-10-14,2025-05-25,2025-11-02,normal
180,Southampton FC,Q18732,Q136700977,11.0,,Tonda Eckert,1993-01-31,2025-11-03,,preferred
237,RCD Mallorca,Q8835,Q2531438,11.0,11.0,Luis García Plaza,1972-12-01,2020-08-06,2022-03-22,normal
237,RCD Mallorca,Q8835,Q194311,11.0,11.0,Javier Aguirre,1958-12-01,2022-03-24,2024-06-30,normal
237,RCD Mallorca,Q8835,Q13422032,11.0,11.0,Jagoba Arrasate,1978-04-22,2024-07-01,2026-02-23,normal
237,RCD Mallorca,Q8835,Q150947,11.0,,Martín Demichelis,1980-12-20,2026-02-26,,preferred
244,Olympique Marseille,Q132885,Q923131,11.0,11.0,Rudi Garcia,1964-02-20,2016-10-20,2019-06-30,normal
244,Olympique Marseille,Q132885,Q212914,11.0,11.0,André Villas-Boas,1977-10-17,2019-07-01,2021-02-02,normal
244,Olympique Marseille,Q132885,Q3336239,11.0,11.0,Nasser Larguet,1958-11-06,2021-02-03,2021-03-07,normal
244,Olympique Marseille,Q132885,Q1089864,11.0,11.0,Jorge Sampaoli,1960-03-13,2021-03-08,2022-07-01,normal
244,Olympique Marseille,Q132885,Q276544,11.0,11.0,Igor Tudor,1978-04-16,2022-07-04,2023-06-30,normal
244,Olympique Marseille,Q132885,Q1339589,11.0,11.0,Marcelino García Toral,1965-08-14,2023-07-01,2023-09-20,normal
244,Olympique Marseille,Q132885,Q368200,11.0,11.0,Jacques Abardonado,1978-05-27,2023-09-20,2023-09-26,normal
244,Olympique Marseille,Q132885,Q116980,11.0,11.0,Gennaro Gattuso,1978-01-09,2023-09-27,2024-02-20,normal
244,Olympique Marseille,Q132885,Q2732465,11.0,11.0,Jean-Louis Gasset,1953-12-09,2024-02-20,2024-06-30,normal
244,Olympique Marseille,Q132885,Q2032119,11.0,11.0,Roberto De Zerbi,1979-06-06,2024-07-01,2026-02-11,normal
244,Olympique Marseille,Q132885,Q314643,11.0,11.0,Habib Beye,1977-10-19,2026-02-19,2026-06-30,normal
252,Genoa CFC,Q2074,Q556688,11.0,11.0,Ivan Jurić,1975-08-25,2018-10-09,2018-12-06,normal
252,Genoa CFC,Q2074,Q218380,11.0,11.0,Cesare Prandelli,1957-08-19,2018-12-07,2019-06-30,normal
252,Genoa CFC,Q2074,Q4734615,11.0,11.0,Aurelio Andreazzoli,1953-11-05,2019-07-01,2019-10-22,normal
252,Genoa CFC,Q2074,Q191885,11.0,11.0,Thiago Motta,1982-08-28,2019-10-22,2019-12-28,normal
252,Genoa CFC,Q2074,Q3019103,11.0,11.0,Davide Nicola,1973-03-05,2019-12-28,2020-08-26,normal
252,Genoa CFC,Q2074,Q3940276,11.0,11.0,Rolando Maran,1963-07-14,2020-08-26,2020-12-21,normal
252,Genoa CFC,Q2074,Q1024171,11.0,11.0,Davide Ballardini,1964-01-06,2020-12-21,2021-11-06,normal
252,Genoa CFC,Q2074,Q41244,11.0,11.0,Andrij Ševčenko,1976-09-29,2021-11-07,2022-01-15,normal
252,Genoa CFC,Q2074,Q308391,11.0,11.0,Abdoulay Konko,1984-03-09,2022-01-16,2022-01-19,normal
252,Genoa CFC,Q2074,Q1560347,11.0,11.0,Alexander Blessin,1973-05-28,2022-01-19,2022-12-06,normal
252,Genoa CFC,Q2074,Q182451,11.0,11.0,Alberto Gilardino,1982-07-05,2022-12-06,2024-11-19,normal
252,Genoa CFC,Q2074,Q46347,11.0,11.0,Patrick Vieira,1976-06-23,2024-11-20,2025-11-02,normal
252,Genoa CFC,Q2074,Q168497,11.0,,Daniele De Rossi,1983-07-24,2025-11-06,,preferred
269,Holstein Kiel,Q157828,Q1893160,11.0,11.0,Marcel Rapp,1979-04-16,2021-10-04,2026-02-24,normal
269,Holstein Kiel,Q157828,Q54087426,11.0,,Tim Walter,1975-11-08,2026-02-25,,preferred
273,Stade Rennais FC,Q19509,Q59390957,11.0,11.0,Julien Stéphan,1980-09-18,2018-12-03,2021-03-01,normal
273,Stade Rennais FC,Q19509,Q130916868,11.0,11.0,Philippe Bizeul,1971-02-26,2021-03-01,2021-03-03,normal
273,Stade Rennais FC,Q19509,Q2926833,11.0,11.0,Bruno Gènèsio,1966-09-01,2021-03-04,2023-11-19,normal
273,Stade Rennais FC,Q19509,Q59390957,11.0,11.0,Julien Stéphan,1980-09-18,2023-11-19,2024-11-07,normal
273,Stade Rennais FC,Q19509,Q131143401,11.0,11.0,Sébastien Tambouret,1976-07-04,2024-11-07,2024-11-11,normal
273,Stade Rennais FC,Q19509,Q1089864,11.0,11.0,Jorge Sampaoli,1960-03-13,2024-11-11,2025-01-30,normal
273,Stade Rennais FC,Q19509,Q314643,11.0,11.0,Habib Beye,1977-10-19,2025-01-30,2026-02-09,normal
273,Stade Rennais FC,Q19509,Q3082153,11.0,,Franck Haise,1971-04-15,2026-02-18,,preferred
276,Hellas Verona,Q8639,Q230529,11.0,11.0,Fabio Grosso,1977-11-28,2018-06-21,2019-05-01,normal
276,Hellas Verona,Q8639,Q556688,11.0,11.0,Ivan Jurić,1975-08-25,2019-06-14,2021-05-28,normal
276,Hellas Verona,Q8639,Q396154,11.0,11.0,Eusebio Di Francesco,1969-09-08,2021-06-07,2021-09-14,normal
276,Hellas Verona,Q8639,Q276544,11.0,11.0,Igor Tudor,1978-04-16,2021-09-14,2022-05-28,normal
276,Hellas Verona,Q8639,Q1615609,11.0,11.0,Gabriele Cioffi,1975-09-07,2022-06-14,2022-10-11,normal
276,Hellas Verona,Q8639,Q3846591,11.0,11.0,Marco Zaffaroni,1969-01-20,2022-12-03,2023-06-30,normal
276,Hellas Verona,Q8639,Q1317738,11.0,11.0,Marco Baroni,1963-09-11,2023-07-01,2024-06-10,normal
276,Hellas Verona,Q8639,Q1494098,11.0,11.0,Paolo Zanetti,1982-12-16,2024-06-13,2026-02-02,normal
276,Hellas Verona,Q8639,Q2706967,11.0,,Paolo Sammarco,1983-03-17,2026-02-03,,preferred
281,Manchester City,Q50602,Q164038,11.0,10.0,Josep Guardiola,1971-01-18,2016-07-01,2026-05-01,normal
281,Manchester City,Q50602,Q317282,11.0,,Enzo Maresca,1980-02-10,2026-06-29,,preferred
289,Sunderland AFC,Q18739,Q381769,11.0,11.0,Chris Coleman,1970-06-10,2017-11-19,2018-04-29,normal
289,Sunderland AFC,Q18739,Q3805645,11.0,11.0,Jack Ross,1976-06-05,2018-05-25,2019-10-08,normal
289,Sunderland AFC,Q18739,Q797757,11.0,11.0,Phil Parkinson,1967-12-01,2019-10-17,2020-11-29,normal
289,Sunderland AFC,Q18739,Q1828808,11.0,11.0,Alex Neil,1981-06-09,2022-02-11,2022-08-28,normal
289,Sunderland AFC,Q18739,Q717959,11.0,11.0,Tony Mowbray,1963-11-22,2022-08-30,2023-12-05,normal
289,Sunderland AFC,Q18739,Q112339753,11.0,11.0,Michael Beale,1980-09-04,2023-12-18,2024-02-19,normal
289,Sunderland AFC,Q18739,Q111180951,11.0,11.0,Mike Dodds,1986-06-03,2024-02-19,2024-06-30,normal
289,Sunderland AFC,Q18739,Q3455749,11.0,,Régis Le Bris,1975-12-06,2024-07-01,,preferred
290,AJ Auxerre,Q182876,Q129086,11.0,11.0,Jean-Marc Furlan,1957-11-20,2019-07-01,2022-10-11,normal
290,AJ Auxerre,Q182876,Q3310493,11.0,11.0,Michel Padovani,1962-01-21,2022-10-11,2022-10-25,normal
290,AJ Auxerre,Q182876,Q25201554,11.0,11.0,Christophe Pélissier,1965-10-05,2022-10-26,2026-06-04,normal
290,AJ Auxerre,Q182876,Q42097340,11.0,,Will Still,1992-10-14,2026-06-12,,preferred
331,CA Osasuna,Q10286,Q13422032,11.0,11.0,Jagoba Arrasate,1978-04-22,2018-07-01,2024-06-30,normal
331,CA Osasuna,Q10286,Q3321444,11.0,11.0,Vicente Moreno,1974-10-26,2024-07-01,2025-05-24,normal
331,CA Osasuna,Q10286,Q109890596,11.0,,Alessio Lisci,1985-11-04,2025-07-01,,preferred
347,FC Metz,Q221525,Q128824,9.0,11.0,Frédéric Antonetti,1961-08-19,2018-01-01,2019-06-30,normal
347,FC Metz,Q221525,Q1383750,11.0,11.0,Vincent Hognon,1974-08-16,2019-05-18,2020-10-12,normal
347,FC Metz,Q221525,Q128824,11.0,11.0,Frédéric Antonetti,1961-08-19,2020-10-13,2022-06-09,normal
347,FC Metz,Q221525,Q353222,11.0,11.0,László Bölöni,1953-03-11,2022-06-16,2024-07-04,normal
347,FC Metz,Q221525,Q3501900,11.0,11.0,Stéphane Le Mignan,1974-06-04,2024-07-04,2026-01-20,normal
347,FC Metz,Q221525,Q127420708,11.0,11.0,Benoît Tavenot,1977-01-03,2026-01-20,2026-06-05,normal
347,FC Metz,Q221525,Q981251,11.0,,Luc Holtz,1969-06-14,2026-06-05,,preferred
350,Sheffield United,Q19607,Q5108471,11.0,11.0,Chris Wilder,1967-09-23,2016-05-12,2021-03-12,normal
350,Sheffield United,Q19607,Q944426,11.0,11.0,Slaviša Jokanović,1968-08-16,2021-05-27,2021-11-25,normal
350,Sheffield United,Q19607,Q7151218,11.0,11.0,Paul Heckingbottom,1977-07-17,2021-11-25,2023-12-05,normal
350,Sheffield United,Q19607,Q5108471,11.0,11.0,Chris Wilder,1967-09-23,2023-12-05,2025-06-18,normal
350,Sheffield United,Q19607,Q115156958,11.0,11.0,Rubén Sellés,1983-06-15,2025-06-18,2025-09-14,normal
350,Sheffield United,Q19607,Q5108471,11.0,,Chris Wilder,1967-09-23,2025-09-15,,preferred
366,Real Valladolid CF,Q10319,Q145808,11.0,11.0,Sergio González,1976-11-10,2018-04-10,2021-06-30,normal
366,Real Valladolid CF,Q10319,Q1704254,11.0,11.0,José Rojo Martín,1968-03-23,2021-07-01,2023-04-03,normal
366,Real Valladolid CF,Q10319,Q2740889,11.0,11.0,Paulo Pezzolano,1983-04-25,2023-04-04,2024-12-01,normal
366,Real Valladolid CF,Q10319,Q27777,11.0,11.0,Álvaro Rubio,1979-04-18,2024-12-02,2024-12-15,normal
366,Real Valladolid CF,Q10319,Q772376,11.0,11.0,Diego Cocca,1972-02-11,2024-12-15,2025-02-17,normal
366,Real Valladolid CF,Q10319,Q3259945,11.0,,Fran Escribá,1965-05-03,2026-02-16,,preferred
367,Rayo Vallecano,Q10300,Q2637295,11.0,11.0,Miguel Ángel Sánchez Muñoz,1975-10-30,2017-02-21,2019-03-18,normal
367,Rayo Vallecano,Q10300,Q317216,11.0,11.0,Andoni Iraola,1982-06-22,2020-08-06,2023-06-30,normal
367,Rayo Vallecano,Q10300,Q3823451,11.0,11.0,Francisco Javier Rodríguez Vílchez,1978-06-17,2023-07-01,2024-02-13,normal
367,Rayo Vallecano,Q10300,Q2499750,11.0,10.0,Iñigo Pérez,1988-01-18,2024-02-14,2026-06-01,normal
367,Rayo Vallecano,Q10300,Q10556689,11.0,,Beñat San José,1979-09-24,2026-06-18,,preferred
367,Rayo Vallecano,Q10300,Q5751239,,,Carlos Orúe,1952-03-09,,,normal
368,Sevilla FC,Q10329,Q297768,11.0,11.0,Vincenzo Montella,1974-06-18,2017-12-28,2018-04-28,normal
368,Sevilla FC,Q10329,Q11697229,10.0,10.0,Pablo Machín,1975-04-07,2018-07-01,2019-03-01,normal
368,Sevilla FC,Q10329,Q358692,10.0,10.0,Joaquín Caparrós,1955-10-15,2019-03-01,2019-06-01,normal
368,Sevilla FC,Q10329,Q115119,10.0,10.0,Julen Lopetegui,1966-08-28,2019-07-01,2022-10-01,normal
368,Sevilla FC,Q10329,Q1089864,11.0,11.0,Jorge Sampaoli,1960-03-13,2022-10-06,2023-03-20,normal
368,Sevilla FC,Q10329,Q460576,11.0,11.0,José Luis Mendilibar,1961-03-14,2023-03-21,2023-10-08,normal
368,Sevilla FC,Q10329,Q2144609,11.0,11.0,Diego Alonso,1975-04-16,2023-10-10,2023-12-16,normal
368,Sevilla FC,Q10329,Q352313,11.0,11.0,Quique Sánchez Flores,1965-02-05,2023-12-18,2024-06-30,normal
368,Sevilla FC,Q10329,Q2671442,11.0,11.0,Francisco Javier García Pimienta,1974-08-03,2024-07-01,2025-04-13,normal
368,Sevilla FC,Q10329,Q358692,11.0,10.0,Joaquín Caparrós,1955-10-15,2025-04-13,2025-06-01,normal
368,Sevilla FC,Q10329,Q359494,11.0,11.0,Matías Almeyda,1973-12-21,2025-06-16,2026-03-23,normal
368,Sevilla FC,Q10329,Q2531438,11.0,,Luis García Plaza,1972-12-01,2026-03-25,,preferred
379,West Ham United,Q18747,Q296036,11.0,11.0,Manuel Pellegrini,1953-09-16,2018-07-01,2019-12-28,normal
379,West Ham United,Q18747,Q297252,11.0,11.0,David Moyes,1963-04-25,2019-12-29,2024-06-30,normal
379,West Ham United,Q18747,Q115119,11.0,11.0,Julen Lopetegui,1966-08-28,2024-07-01,2025-01-08,normal
379,West Ham United,Q18747,Q5593150,11.0,11.0,Graham Potter,1975-05-20,2025-01-09,2025-09-27,normal
379,West Ham United,Q18747,Q372372,11.0,,Nuno Espírito Santo,1974-01-25,2025-09-27,,preferred
380,US Salernitana 1919,Q847587,Q3737975,11.0,11.0,Fabrizio Castori,1954-07-11,2020-08-10,2021-10-17,normal
380,US Salernitana 1919,Q847587,Q3019103,11.0,11.0,Davide Nicola,1973-03-05,2022-02-15,2023-02-15,normal
380,US Salernitana 1919,Q847587,Q314440,11.0,11.0,Paulo Sousa,1970-08-30,2023-02-15,2023-10-09,normal
380,US Salernitana 1919,Q847587,Q126503,11.0,11.0,Filippo Inzaghi,1973-08-09,2023-10-10,2024-02-11,normal
380,US Salernitana 1919,Q847587,Q381262,11.0,11.0,Fabio Liverani,1976-04-29,2024-02-11,2024-03-19,normal
380,US Salernitana 1919,Q847587,Q1466614,11.0,11.0,Roberto Breda,1969-10-21,2025-01-03,2025-04-07,normal
380,US Salernitana 1919,Q847587,Q2305065,11.0,,Pasquale Marino,1962-07-13,2025-04-07,,preferred
398,Società Sportiva Lazio S.p.A.,Q2609,Q314670,11.0,11.0,Simone Inzaghi,1976-04-05,2016-04-04,2021-06-30,normal
398,Società Sportiva Lazio S.p.A.,Q2609,Q3852721,11.0,11.0,Maurizio Sarri,1959-01-10,2021-07-01,2024-03-13,normal
398,Società Sportiva Lazio S.p.A.,Q2609,Q276544,11.0,11.0,Igor Tudor,1978-04-16,2024-03-18,2024-06-05,normal
398,Società Sportiva Lazio S.p.A.,Q2609,Q1317738,11.0,11.0,Marco Baroni,1963-09-11,2024-07-01,2025-05-30,normal
398,Società Sportiva Lazio S.p.A.,Q2609,Q3852721,11.0,11.0,Maurizio Sarri,1959-01-10,2025-06-02,2026-05-27,normal
398,Società Sportiva Lazio S.p.A.,Q2609,Q116980,11.0,,Gennaro Gattuso,1978-01-09,2026-06-23,,preferred
399,Leeds United,Q1128631,Q1336179,11.0,11.0,Jesse Marsch,1973-11-08,2022-02-28,2023-02-06,normal
399,Leeds United,Q1128631,Q4886441,11.0,11.0,Javi Gracia,1970-05-01,2023-02-24,2023-05-02,normal
399,Leeds United,Q1128631,Q334388,11.0,11.0,Sam Allardyce,1954-10-19,2023-05-03,2023-06-30,normal
399,Leeds United,Q1128631,Q30015253,11.0,,Daniel Farke,1976-10-30,2023-07-04,,preferred
405,Aston Villa,Q18711,Q5246473,11.0,11.0,Dean Smith,1971-03-19,2018-10-10,2021-11-07,normal
405,Aston Villa,Q18711,Q459830,11.0,11.0,Steven Gerrard,1980-05-30,2021-11-11,2022-10-20,normal
405,Aston Villa,Q18711,Q295610,11.0,,Unai Emery,1971-11-03,2022-11-01,,preferred
410,Udinese Calcio,Q2798,Q3019103,11.0,11.0,Davide Nicola,1973-03-05,2018-11-13,2019-03-20,normal
410,Udinese Calcio,Q2798,Q276544,11.0,11.0,Igor Tudor,1978-04-16,2019-03-20,2019-11-01,normal
410,Udinese Calcio,Q2798,Q3838152,11.0,11.0,Luca Gotti,1967-09-13,2019-11-01,2021-12-07,normal
410,Udinese Calcio,Q2798,Q1615609,11.0,11.0,Gabriele Cioffi,1975-09-07,2021-12-07,2022-06-07,normal
410,Udinese Calcio,Q2798,Q547067,11.0,11.0,Andrea Sottil,1974-01-04,2022-06-07,2023-10-24,normal
410,Udinese Calcio,Q2798,Q1615609,11.0,11.0,Gabriele Cioffi,1975-09-07,2023-10-25,2024-04-22,normal
410,Udinese Calcio,Q2798,Q102027,11.0,11.0,Fabio Cannavaro,1973-09-13,2024-04-22,2024-06-08,normal
410,Udinese Calcio,Q2798,Q1785131,11.0,,Kosta Runjaić,1971-06-04,2024-07-01,,preferred
415,FC Toulouse,Q19518,Q3311772,11.0,11.0,Michaël Debève,1970-12-01,2018-01-22,2018-05-30,normal
415,FC Toulouse,Q19518,Q128842,11.0,11.0,Alain Casanova,1961-09-18,2018-06-25,2019-10-10,normal
415,FC Toulouse,Q19518,Q586555,11.0,11.0,Antoine Kombouaré,1963-11-16,2019-10-14,2020-01-05,normal
415,FC Toulouse,Q19518,Q3022980,11.0,11.0,Denis Zanko,1964-04-13,2020-01-05,2020-06-22,normal
415,FC Toulouse,Q19518,Q933813,11.0,11.0,Patrice Garande,1960-11-27,2020-06-22,2021-06-02,normal
415,FC Toulouse,Q19518,Q746357,11.0,11.0,Philippe Montanier,1964-11-15,2021-06-23,2023-06-30,normal
415,FC Toulouse,Q19518,Q119505783,11.0,11.0,Carles Martínez Novell,1984-01-01,2023-07-01,2026-05-17,normal
415,FC Toulouse,Q19518,Q3807922,11.0,,Jens Berthel Askou,1982-08-19,2026-05-21,,preferred
416,Torino FC,Q2768,Q294351,11.0,11.0,Siniša Mihajlović,1969-02-20,2016-05-25,2018-01-04,normal
416,Torino FC,Q2768,Q370838,11.0,11.0,Walter Mazzarri,1961-10-01,2018-01-04,2020-02-04,normal
416,Torino FC,Q2768,Q3862936,11.0,11.0,Moreno Longo,1976-02-14,2020-02-04,2020-08-07,normal
416,Torino FC,Q2768,Q2704759,11.0,11.0,Marco Giampaolo,1967-08-02,2020-08-07,2021-01-18,normal
416,Torino FC,Q2768,Q3019103,11.0,11.0,Davide Nicola,1973-03-05,2021-01-19,2021-05-28,normal
416,Torino FC,Q2768,Q556688,11.0,11.0,Ivan Jurić,1975-08-25,2021-07-01,2024-06-30,normal
416,Torino FC,Q2768,Q3362674,11.0,11.0,Paolo Vanoli,1972-08-12,2024-07-01,2025-06-05,normal
416,Torino FC,Q2768,Q1317738,11.0,11.0,Marco Baroni,1963-09-11,2025-06-05,2026-02-23,normal
416,Torino FC,Q2768,Q573195,11.0,,Roberto D'Aversa,1975-08-12,2026-02-23,,preferred
417,OGC Nice,Q185163,Q46347,11.0,11.0,Patrick Vieira,1976-06-23,2018-07-01,2020-12-04,normal
417,OGC Nice,Q185163,Q27307092,11.0,11.0,Adrian Ursea,1967-09-14,2020-12-04,2021-05-24,normal
417,OGC Nice,Q185163,Q129023,11.0,11.0,Christophe Galtier,1966-08-23,2021-07-01,2022-06-30,normal
417,OGC Nice,Q185163,Q539920,11.0,11.0,Lucien Favre,1957-11-02,2022-07-01,2023-01-09,normal
417,OGC Nice,Q185163,Q267128,11.0,11.0,Didier Digard,1986-07-12,2023-01-10,2023-06-30,normal
417,OGC Nice,Q185163,Q106247695,11.0,11.0,Francesco Farioli,1989-04-10,2023-07-01,2024-06-30,normal
417,OGC Nice,Q185163,Q3082153,11.0,11.0,Franck Haise,1971-04-15,2024-07-01,2025-12-29,normal
417,OGC Nice,Q185163,Q128898,11.0,11.0,Claude Puel,1961-09-02,2025-12-29,2026-06-17,normal
417,OGC Nice,Q185163,Q2073968,11.0,,Olivier Pantaloni,1966-12-13,2026-06-17,,preferred
418,Real Madrid,Q8682,Q1835,11.0,11.0,Zinédine Zidane,1972-06-23,2016-01-04,2018-06-30,normal
418,Real Madrid,Q8682,Q115119,11.0,11.0,Julen Lopetegui,1966-08-28,2018-07-01,2018-10-29,normal
418,Real Madrid,Q8682,Q315471,11.0,11.0,Santiago Solari,1976-10-07,2018-10-29,2019-03-11,normal
418,Real Madrid,Q8682,Q1835,11.0,11.0,Zinédine Zidane,1972-06-23,2019-03-11,2021-06-30,normal
418,Real Madrid,Q8682,Q174614,11.0,11.0,Carlo Ancelotti,1959-06-10,2021-07-01,2025-05-24,normal
418,Real Madrid,Q8682,Q208104,11.0,11.0,Xabi Alonso,1981-11-25,2025-05-25,2026-01-12,normal
418,Real Madrid,Q8682,Q79983,9.0,,José Mourinho,1963-01-26,2026-01-01,,preferred
418,Real Madrid,Q8682,Q250901,11.0,9.0,Álvaro Arbeloa,1983-01-17,2026-01-13,2026-01-01,normal
430,ACF Fiorentina,Q2052,Q923088,11.0,11.0,Stefano Pioli,1965-10-20,2017-06-06,2019-04-09,normal
430,ACF Fiorentina,Q2052,Q297768,11.0,11.0,Vincenzo Montella,1974-06-18,2019-04-10,2019-12-21,normal
430,ACF Fiorentina,Q2052,Q604969,11.0,11.0,Giuseppe Iachini,1964-05-07,2019-12-23,2020-11-09,normal
430,ACF Fiorentina,Q2052,Q218380,11.0,11.0,Cesare Prandelli,1957-08-19,2020-11-09,2021-03-23,normal
430,ACF Fiorentina,Q2052,Q604969,11.0,11.0,Giuseppe Iachini,1964-05-07,2021-03-24,2021-06-30,normal
430,ACF Fiorentina,Q2052,Q1091404,11.0,11.0,Vincenzo Italiano,1977-12-10,2021-07-01,2024-06-04,normal
430,ACF Fiorentina,Q2052,Q282551,11.0,11.0,Raffaele Palladino,1984-04-17,2024-07-01,2025-05-30,normal
430,ACF Fiorentina,Q2052,Q923088,11.0,11.0,Stefano Pioli,1965-10-20,2025-07-12,2025-11-04,normal
430,ACF Fiorentina,Q2052,Q3362674,11.0,10.0,Paolo Vanoli,1972-08-12,2025-11-07,2026-06-01,normal
430,ACF Fiorentina,Q2052,Q230529,11.0,,Fabio Grosso,1977-11-28,2026-06-08,,preferred
472,UD Las Palmas,Q11979,Q723458,11.0,11.0,Pako Ayestarán,1963-02-05,2017-09-28,2017-11-30,normal
472,UD Las Palmas,Q11979,Q2311040,11.0,11.0,Francisco Jémez Martín,1970-04-18,2018-01-01,2018-06-30,normal
472,UD Las Palmas,Q11979,Q27687,11.0,11.0,Manuel Jiménez Jiménez,1964-01-26,2018-07-01,2018-11-16,normal
472,UD Las Palmas,Q11979,Q3235400,11.0,11.0,Paco Herrera,1953-12-02,2018-11-17,2019-03-04,normal
472,UD Las Palmas,Q11979,Q2409599,11.0,11.0,Pepe Mel,1963-02-28,2019-03-05,2022-01-23,normal
472,UD Las Palmas,Q11979,Q2671442,11.0,11.0,Francisco Javier García Pimienta,1974-08-03,2022-01-24,2024-06-30,normal
472,UD Las Palmas,Q11979,Q2310536,11.0,11.0,Luis Carrión,1979-02-07,2024-07-01,2024-10-08,normal
472,UD Las Palmas,Q11979,Q23939734,11.0,11.0,Diego Martínez Penas,1980-12-16,2024-10-08,2025-06-05,normal
472,UD Las Palmas,Q11979,Q440855,11.0,,Luis García Fernández,1981-02-06,2025-07-01,,preferred
506,Juventus FC,Q1422,Q354529,11.0,11.0,Massimiliano Allegri,1967-08-11,2014-07-16,2019-06-16,normal
506,Juventus FC,Q1422,Q3852721,11.0,11.0,Maurizio Sarri,1959-01-10,2019-06-16,2020-08-08,normal
506,Juventus FC,Q1422,Q43926,11.0,11.0,Andrea Pirlo,1979-05-19,2020-08-08,2021-06-30,normal
506,Juventus FC,Q1422,Q354529,11.0,11.0,Massimiliano Allegri,1967-08-11,2021-07-01,2024-05-17,normal
506,Juventus FC,Q1422,Q342484,11.0,11.0,Paolo Montero,1971-09-03,2024-05-17,2024-06-30,normal
506,Juventus FC,Q1422,Q191885,11.0,11.0,Thiago Motta,1982-08-28,2024-07-01,2025-03-23,normal
506,Juventus FC,Q1422,Q276544,11.0,11.0,Igor Tudor,1978-04-16,2025-03-23,2025-10-27,normal
506,Juventus FC,Q1422,Q310813,11.0,,Luciano Spalletti,1959-03-07,2025-10-30,,preferred
512,Stoke City,Q18736,Q5525857,11.0,11.0,Gary Rowett,1974-03-06,2018-05-22,2019-01-08,normal
512,Stoke City,Q18736,Q10387537,10.0,11.0,Nathan Jones,1973-05-28,2019-01-01,2019-11-01,normal
512,Stoke City,Q18736,Q1778362,11.0,11.0,Michael Andrew Martin O'Neill,1969-07-05,2019-11-20,2022-08-25,normal
512,Stoke City,Q18736,Q1828808,11.0,11.0,Alex Neil,1981-06-09,2022-08-28,2023-12-10,normal
512,Stoke City,Q18736,Q7615248,11.0,11.0,Steven Schumacher,1984-04-30,2023-12-19,2024-09-16,normal
512,Stoke City,Q18736,Q114049138,11.0,11.0,Narcís Pelach,1988-09-05,2024-09-18,2024-12-27,normal
512,Stoke City,Q18736,Q247462,11.0,11.0,Ryan Shawcross,1987-10-04,2024-12-27,2024-12-31,normal
512,Stoke City,Q18736,Q1900410,11.0,,Mark Robins,1969-12-22,2025-01-01,,preferred
533,TSG 1899 Hoffenheim,Q22707,Q21226404,11.0,11.0,Julian Nagelsmann,1987-07-23,2016-02-11,2019-06-30,normal
533,TSG 1899 Hoffenheim,Q22707,Q348301,11.0,11.0,Alfred Schreuder,1972-11-02,2019-07-01,2020-06-09,normal
533,TSG 1899 Hoffenheim,Q22707,Q1893160,11.0,11.0,Marcel Rapp,1979-04-16,2020-06-09,2020-07-26,normal
533,TSG 1899 Hoffenheim,Q22707,Q64626953,11.0,11.0,Sebastian Hoeneß,1982-05-12,2020-07-27,2022-06-30,normal
533,TSG 1899 Hoffenheim,Q22707,Q517257,11.0,11.0,André Breitenreiter,1973-10-02,2022-07-01,2023-02-06,normal
533,TSG 1899 Hoffenheim,Q22707,Q80310717,11.0,11.0,Pellegrino Matarazzo,1977-11-28,2023-02-08,2024-11-11,normal
533,TSG 1899 Hoffenheim,Q22707,Q32592613,11.0,,Christian Ilzer,1977-10-21,2024-11-15,,preferred
543,Wolverhampton Wanderers,Q19500,Q372372,11.0,11.0,Nuno Espírito Santo,1974-01-25,2017-07-01,2021-05-23,normal
543,Wolverhampton Wanderers,Q19500,Q56434101,11.0,11.0,Bruno Lage,1976-05-12,2021-07-01,2022-10-02,normal
543,Wolverhampton Wanderers,Q19500,Q7612354,11.0,11.0,Steve Davis,1965-07-26,2022-10-03,2022-11-13,normal
543,Wolverhampton Wanderers,Q19500,Q115119,11.0,11.0,Julen Lopetegui,1966-08-28,2022-11-14,2023-08-08,normal
543,Wolverhampton Wanderers,Q19500,Q731946,11.0,11.0,Gary O'Neil,1983-05-18,2023-08-09,2024-12-15,normal
543,Wolverhampton Wanderers,Q19500,Q556610,11.0,11.0,Vítor Pereira,1968-07-26,2024-12-19,2025-11-02,normal
543,Wolverhampton Wanderers,Q19500,Q2067092,11.0,11.0,Rob Edwards,1982-12-25,2025-11-12,2026-06-11,normal
543,Wolverhampton Wanderers,Q19500,Q981657,11.0,,César Peixoto,1980-05-12,2026-06-15,,preferred
583,Paris Saint-Germain,Q483020,Q295610,11.0,11.0,Unai Emery,1971-11-03,2016-07-01,2018-06-30,normal
583,Paris Saint-Germain,Q483020,Q702233,11.0,11.0,Thomas Tuchel,1973-08-29,2018-07-01,2020-12-29,normal
583,Paris Saint-Germain,Q483020,Q313000,11.0,11.0,Mauricio Pochettino,1972-03-02,2021-01-02,2022-07-05,normal
583,Paris Saint-Germain,Q483020,Q129023,11.0,11.0,Christophe Galtier,1966-08-23,2022-07-05,2023-06-30,normal
583,Paris Saint-Germain,Q483020,Q222789,11.0,,Luis Enrique,1970-05-08,2023-07-05,,preferred
603,Cardiff City,Q18662,Q948505,11.0,11.0,Neil Warnock,1948-12-01,2016-10-05,2019-11-11,normal
603,Cardiff City,Q18662,Q1018476,11.0,11.0,Neil Harris,1977-07-12,2019-11-16,2021-01-21,normal
603,Cardiff City,Q18662,Q437925,11.0,11.0,Mick McCarthy,1959-02-07,2021-01-22,2021-10-23,normal
603,Cardiff City,Q18662,Q715041,11.0,11.0,Steve Morison,1983-08-29,2021-10-23,2022-09-18,normal
603,Cardiff City,Q18662,Q302325,11.0,11.0,Mark Alexander Hudson,1982-03-30,2022-09-19,2023-01-14,normal
603,Cardiff City,Q18662,Q1883,11.0,11.0,Sabri Lamouchi,1971-11-09,2023-01-27,2023-06-02,normal
603,Cardiff City,Q18662,Q562157,11.0,11.0,Erol Bulut,1975-01-30,2023-07-01,2024-09-22,normal
603,Cardiff City,Q18662,Q297499,11.0,11.0,Ömer Rıza,1979-11-08,2024-09-23,2025-04-19,normal
603,Cardiff City,Q18662,Q213427,11.0,,Aaron Ramsey,1990-12-26,2025-04-19,,preferred
607,Venezia FC,Q501245,Q126503,11.0,9.0,Filippo Inzaghi,1973-08-09,2016-06-07,2018-01-01,normal
607,Venezia FC,Q501245,Q294302,11.0,11.0,Walter Zenga,1960-04-28,2018-10-12,2019-03-05,normal
607,Venezia FC,Q501245,Q65127311,11.0,11.0,Alessio Dionisi,1980-04-01,2019-07-03,2020-08-14,normal
607,Venezia FC,Q501245,Q1494098,11.0,11.0,Paolo Zanetti,1982-12-16,2020-08-14,2022-04-27,normal
607,Venezia FC,Q501245,Q3804721,11.0,10.0,Ivan Javorčić,1979-01-24,2022-06-09,2022-10-01,normal
607,Venezia FC,Q501245,Q3362674,11.0,11.0,Paolo Vanoli,1972-08-12,2022-11-07,2024-06-20,normal
607,Venezia FC,Q501245,Q396154,11.0,11.0,Eusebio Di Francesco,1969-09-08,2024-06-26,2025-06-26,normal
607,Venezia FC,Q501245,Q2656692,11.0,,Giovanni Stroppa,1968-01-24,2025-07-01,,preferred
618,AS Saint-Étienne,Q19521,Q18704794,11.0,11.0,Ghislain Printant,1961-05-13,2019-06-06,2019-10-04,normal
618,AS Saint-Étienne,Q19521,Q128898,11.0,11.0,Claude Puel,1961-09-02,2019-10-04,2021-12-05,normal
618,AS Saint-Étienne,Q19521,Q3367394,11.0,11.0,Pascal Dupraz,1962-09-19,2021-12-14,2022-06-30,normal
618,AS Saint-Étienne,Q19521,Q732431,11.0,11.0,Laurent Batlles,1975-09-23,2022-07-01,2023-12-06,normal
618,AS Saint-Étienne,Q19521,Q2399059,11.0,11.0,Olivier Dall'Oglio,1964-05-16,2023-12-12,2024-12-14,normal
618,AS Saint-Étienne,Q19521,Q1253294,11.0,11.0,Laurent Huard,1973-08-26,2024-12-14,2024-12-31,normal
618,AS Saint-Étienne,Q19521,Q17629332,11.0,11.0,Eirik Horneland,1975-03-14,2025-01-01,2026-01-31,normal
618,AS Saint-Étienne,Q19521,Q746357,11.0,11.0,Philippe Montanier,1964-11-15,2026-02-01,2026-06-06,normal
621,Athletic Bilbao,Q8687,Q704571,11.0,11.0,José Ángel Ziganda,1966-10-01,2017-07-01,2018-06-30,normal
621,Athletic Bilbao,Q8687,Q586415,11.0,11.0,Eduardo Berizzo,1969-11-13,2018-07-01,2018-12-04,normal
621,Athletic Bilbao,Q8687,Q742677,11.0,11.0,Gaizka Garitano,1975-07-09,2018-12-05,2021-01-03,normal
621,Athletic Bilbao,Q8687,Q1339589,11.0,11.0,Marcelino García Toral,1965-08-14,2021-01-04,2022-06-30,normal
621,Athletic Bilbao,Q8687,Q61709977,10.0,,Edin Terzić,1982-10-30,2026-05-01,,preferred
631,Chelsea FC,Q9616,Q26580,11.0,11.0,Antonio Conte,1969-07-31,2016-07-01,2018-07-13,normal
631,Chelsea FC,Q9616,Q3852721,11.0,11.0,Maurizio Sarri,1959-01-10,2018-06-14,2019-06-30,normal
631,Chelsea FC,Q9616,Q41533,11.0,11.0,Frank Lampard,1978-06-20,2019-07-03,2021-01-25,normal
631,Chelsea FC,Q9616,Q702233,11.0,11.0,Thomas Tuchel,1973-08-29,2021-01-26,2022-09-07,normal
631,Chelsea FC,Q9616,Q5593150,11.0,11.0,Graham Potter,1975-05-20,2022-09-08,2023-04-02,normal
631,Chelsea FC,Q9616,Q440431,11.0,11.0,Bruno Saltor,1980-10-01,2023-04-03,2023-04-05,normal
631,Chelsea FC,Q9616,Q41533,11.0,11.0,Frank Lampard,1978-06-20,2023-04-06,2023-06-30,normal
631,Chelsea FC,Q9616,Q313000,11.0,11.0,Mauricio Pochettino,1972-03-02,2023-07-01,2024-06-30,normal
631,Chelsea FC,Q9616,Q317282,11.0,11.0,Enzo Maresca,1980-02-10,2024-07-01,2026-01-01,normal
631,Chelsea FC,Q9616,Q1336865,11.0,11.0,Liam Rosenior,1984-07-09,2026-01-06,2026-04-22,normal
631,Chelsea FC,Q9616,Q137668183,11.0,11.0,Calum McFarlane,1985-11-13,2026-04-22,2026-06-01,normal
667,RC Strasbourg Alsace,Q126334,Q3524369,11.0,11.0,Thierry Laurey,1964-02-17,2016-07-01,2021-05-24,normal
667,RC Strasbourg Alsace,Q126334,Q59390957,11.0,11.0,Julien Stéphan,1980-09-18,2021-05-28,2023-01-09,normal
667,RC Strasbourg Alsace,Q126334,Q116282627,11.0,11.0,Mathieu Le Scornet,1983-05-02,2023-01-09,2023-06-30,normal
667,RC Strasbourg Alsace,Q126334,Q128824,11.0,11.0,Frédéric Antonetti,1961-08-19,2023-02-13,2023-06-30,normal
667,RC Strasbourg Alsace,Q126334,Q46347,11.0,11.0,Patrick Vieira,1976-06-23,2023-07-02,2024-07-18,normal
667,RC Strasbourg Alsace,Q126334,Q1336865,11.0,11.0,Liam Rosenior,1984-07-09,2024-07-25,2026-01-06,normal
667,RC Strasbourg Alsace,Q126334,Q731946,11.0,10.0,Gary O'Neil,1983-05-18,2026-01-07,2026-06-01,normal
677,Ipswich Town,Q9653,Q437925,11.0,11.0,Mick McCarthy,1959-02-07,2012-11-01,2018-04-10,normal
677,Ipswich Town,Q9653,Q7151437,11.0,11.0,Paul Hurst,1974-09-25,2018-05-30,2018-10-25,normal
677,Ipswich Town,Q9653,Q246724,11.0,11.0,Paul Lambert,1969-08-07,2018-10-28,2021-02-28,normal
677,Ipswich Town,Q9653,Q3305315,11.0,11.0,Paul Cook,1967-02-22,2021-03-02,2021-12-04,normal
677,Ipswich Town,Q9653,Q6247850,11.0,11.0,John McGreal,1972-06-02,2021-12-06,2021-12-19,normal
677,Ipswich Town,Q9653,Q57017948,11.0,11.0,Kieran McKenna,1986-05-14,2021-12-20,2026-06-10,normal
677,Ipswich Town,Q9653,Q731946,11.0,,Gary O'Neil,1983-05-18,2026-06-23,,preferred
681,Real Sociedad,Q10315,Q4806891,11.0,11.0,Asier Garitano,1969-12-06,2018-07-01,2018-12-26,normal
681,Real Sociedad,Q10315,Q9008053,11.0,11.0,Imanol Alguacil,1971-07-04,2018-12-27,2025-06-30,normal
681,Real Sociedad,Q10315,Q3824000,11.0,11.0,Sergio Francisco,1979-03-19,2025-07-01,2025-12-14,normal
681,Real Sociedad,Q10315,Q80310717,11.0,,Pellegrino Matarazzo,1977-11-28,2025-12-20,,preferred
703,Nottingham Forest,Q19490,Q16194857,11.0,11.0,Mark Warburton,1962-09-06,2017-03-14,2017-12-31,normal
703,Nottingham Forest,Q19490,Q373064,11.0,11.0,Aitor Karanka,1973-09-18,2018-01-08,2019-01-11,normal
703,Nottingham Forest,Q19490,Q310263,11.0,11.0,Martin O'Neill,1952-03-01,2019-01-15,2019-06-30,normal
703,Nottingham Forest,Q19490,Q1883,11.0,11.0,Sabri Lamouchi,1971-11-09,2019-07-01,2020-10-06,normal
703,Nottingham Forest,Q19490,Q351004,11.0,11.0,Chris Hughton,1958-12-11,2020-10-06,2021-09-16,normal
703,Nottingham Forest,Q19490,Q24183505,11.0,11.0,Steve Cooper,1979-12-10,2021-09-21,2023-12-19,normal
703,Nottingham Forest,Q19490,Q372372,11.0,11.0,Nuno Espírito Santo,1974-01-25,2023-12-20,2025-09-09,normal
703,Nottingham Forest,Q19490,Q2849301,11.0,11.0,Ange Postecoglou,1965-08-27,2025-09-09,2025-10-18,normal
703,Nottingham Forest,Q19490,Q10599,11.0,11.0,Sean Dyche,1971-06-28,2025-10-21,2026-02-12,normal
703,Nottingham Forest,Q19490,Q556610,11.0,11.0,Vítor Pereira,1968-07-26,2026-02-15,2026-07-01,normal
714,RCD Espanyol Barcelona,Q8780,Q5573535,11.0,11.0,Joan Francesc Ferrer Sicilia,1970-02-05,2018-07-01,2019-06-30,normal
714,RCD Espanyol Barcelona,Q8780,Q17030351,11.0,11.0,David Gallego,1972-01-26,2019-07-01,2019-10-07,normal
714,RCD Espanyol Barcelona,Q8780,Q11697229,11.0,11.0,Pablo Machín,1975-04-07,2019-10-07,2019-12-23,normal
714,RCD Espanyol Barcelona,Q8780,Q318546,11.0,11.0,Abelardo Fernández Antuña,1970-04-19,2019-12-27,2020-06-27,normal
714,RCD Espanyol Barcelona,Q8780,Q534178,11.0,11.0,Francisco Rufete,1976-11-20,2020-06-27,2020-07-20,normal
714,RCD Espanyol Barcelona,Q8780,Q3321444,11.0,11.0,Vicente Moreno,1974-10-26,2020-08-04,2022-05-13,normal
714,RCD Espanyol Barcelona,Q8780,Q111660241,11.0,11.0,Luis Blanco Garrido,1978-05-31,2022-05-13,2022-06-30,normal
714,RCD Espanyol Barcelona,Q8780,Q23939734,11.0,11.0,Diego Martínez Penas,1980-12-16,2022-07-01,2023-04-03,normal
714,RCD Espanyol Barcelona,Q8780,Q440855,11.0,11.0,Luis García Fernández,1981-02-06,2023-04-03,2023-11-05,normal
714,RCD Espanyol Barcelona,Q8780,Q3323952,11.0,11.0,Luis Miguel Ramis,1970-07-25,2023-11-06,2024-03-12,normal
714,RCD Espanyol Barcelona,Q8780,Q107613083,11.0,,Manolo González,1979-01-14,2024-03-12,,preferred
738,Le Havre AC,Q328658,Q7108172,11.0,11.0,Oswald Tanchot,1973-08-07,2016-10-04,2019-05-28,normal
738,Le Havre AC,Q328658,Q239958,11.0,11.0,Paul Le Guen,1964-03-01,2019-07-01,2022-06-30,normal
738,Le Havre AC,Q328658,Q1695581,11.0,11.0,Luka Elsner,1982-08-02,2022-06-20,2024-06-30,normal
738,Le Havre AC,Q328658,Q267128,11.0,,Didier Digard,1986-07-12,2024-07-01,,preferred
749,FC Empoli,Q6703,Q604969,11.0,11.0,Giuseppe Iachini,1964-05-07,2018-11-06,2019-03-13,normal
749,FC Empoli,Q6703,Q4734615,11.0,11.0,Aurelio Andreazzoli,1953-11-05,2019-03-13,2019-06-30,normal
749,FC Empoli,Q6703,Q1140277,11.0,11.0,Cristian Bucchi,1977-05-30,2019-06-18,2019-11-12,normal
749,FC Empoli,Q6703,Q2305065,11.0,11.0,Pasquale Marino,1962-07-13,2020-01-26,2020-08-11,normal
749,FC Empoli,Q6703,Q65127311,11.0,11.0,Alessio Dionisi,1980-04-01,2020-08-19,2021-06-15,normal
749,FC Empoli,Q6703,Q4734615,11.0,11.0,Aurelio Andreazzoli,1953-11-05,2021-06-21,2022-06-01,normal
749,FC Empoli,Q6703,Q1494098,11.0,11.0,Paolo Zanetti,1982-12-16,2022-06-06,2023-09-19,normal
749,FC Empoli,Q6703,Q4734615,11.0,11.0,Aurelio Andreazzoli,1953-11-05,2023-09-19,2024-01-15,normal
749,FC Empoli,Q6703,Q3019103,11.0,11.0,Davide Nicola,1973-03-05,2024-01-15,2024-07-02,normal
749,FC Empoli,Q6703,Q573195,11.0,11.0,Roberto D'Aversa,1975-08-12,2024-07-02,2025-06-30,normal
749,FC Empoli,Q6703,Q123920027,11.0,11.0,Guido Pagliuca,1976-02-17,2025-06-16,2025-10-15,normal
749,FC Empoli,Q6703,Q267797,11.0,,Fabio Caserta,1978-09-24,2026-03-10,,preferred
762,Newcastle United,Q18716,Q144048,11.0,11.0,Rafael Benítez,1960-04-16,2016-03-11,2019-06-30,normal
762,Newcastle United,Q18716,Q331904,11.0,11.0,Steve Bruce,1960-12-31,2019-07-17,2021-10-20,normal
762,Newcastle United,Q18716,Q5336135,11.0,11.0,Eddie Howe,1977-11-29,2021-11-08,2026-07-30,normal
762,Newcastle United,Q18716,Q108437605,,,position not filled,,,,preferred
800,Atalanta BC,Q1886,Q367846,11.0,10.0,Gian Piero Gasperini,1958-01-26,2016-07-01,2025-06-01,normal
800,Atalanta BC,Q1886,Q556688,11.0,11.0,Ivan Jurić,1975-08-25,2025-06-06,2025-11-10,normal
800,Atalanta BC,Q1886,Q282551,11.0,10.0,Raffaele Palladino,1984-04-17,2025-11-11,2026-06-01,normal
800,Atalanta BC,Q1886,Q3852721,11.0,,Maurizio Sarri,1959-01-10,2026-06-15,,preferred
826,RC Lens,Q191843,Q3082153,11.0,11.0,Franck Haise,1971-04-15,2020-02-25,2024-06-30,normal
826,RC Lens,Q191843,Q42097340,11.0,11.0,Will Still,1992-10-14,2024-07-01,2025-05-18,normal
826,RC Lens,Q191843,Q123584452,11.0,10.0,Pierre Sage,1979-05-05,2025-06-02,2026-06-01,normal
826,RC Lens,Q191843,Q877918,11.0,,Dino Toppmöller,1980-11-23,2026-06-16,,preferred
855,EA Guingamp,Q459148,Q2702339,11.0,10.0,Jocelyn Gourvennec,1972-03-22,2018-11-08,2019-05-01,normal
855,EA Guingamp,Q459148,Q3368970,10.0,11.0,Patrice Lair,1961-06-16,2019-05-01,2019-09-23,normal
855,EA Guingamp,Q459148,Q3506979,11.0,11.0,Sylvain Didot,1975-10-08,2019-09-24,2020-08-30,normal
855,EA Guingamp,Q459148,Q518054,11.0,11.0,Mehmed Baždarević,1960-09-28,2020-08-30,2021-02-01,normal
855,EA Guingamp,Q459148,Q2180092,11.0,,Stéphane Dumont,1982-09-06,2021-05-27,,preferred
862,Chievo Verona,Q2037,Q2631653,11.0,11.0,Gian Piero Ventura,1948-01-14,2018-10-10,2018-11-13,normal
862,Chievo Verona,Q2037,Q507043,11.0,11.0,Domenico Di Carlo,1964-03-23,2018-11-13,2019-05-31,normal
862,Chievo Verona,Q2037,Q2162463,11.0,11.0,Michele Marcolini,1975-10-02,2019-07-04,2020-03-01,normal
862,Chievo Verona,Q2037,Q868751,11.0,11.0,Alfredo Aglietti,1970-09-16,2020-03-01,2021-05-31,normal
862,Chievo Verona,Q2037,Q3846591,11.0,,Marco Zaffaroni,1969-01-20,2021-07-09,,preferred
873,Crystal Palace,Q19467,Q46347,11.0,11.0,Patrick Vieira,1976-06-23,2021-07-04,2023-03-17,normal
873,Crystal Palace,Q19467,Q203781,11.0,11.0,Roy Hodgson,1947-08-09,2023-03-21,2024-02-19,normal
873,Crystal Palace,Q19467,Q874777,11.0,10.0,Oliver Glasner,1974-08-28,2024-02-20,2026-05-01,normal
873,Crystal Palace,Q19467,Q123584452,11.0,,Pierre Sage,1979-05-05,2026-06-15,,preferred
897,Deportivo de La Coruña,Q8760,Q11929086,11.0,11.0,Natxo González,1966-07-29,2018-07-01,2019-04-07,normal
897,Deportivo de La Coruña,Q8760,Q705601,11.0,11.0,José Luis Martí,1975-04-28,2019-04-08,2019-06-30,normal
897,Deportivo de La Coruña,Q8760,Q283997,11.0,11.0,Juan Antonio Anquela,1957-09-11,2019-07-02,2019-10-07,normal
897,Deportivo de La Coruña,Q8760,Q3392030,11.0,11.0,Luis César Sampedro,1966-05-03,2019-10-07,2019-12-28,normal
897,Deportivo de La Coruña,Q8760,Q977909,11.0,11.0,Fernando Vázquez,1954-10-24,2019-12-29,2021-01-11,normal
897,Deportivo de La Coruña,Q8760,Q24090734,11.0,11.0,Rubén de la Barrera,1985-01-18,2021-01-12,2021-06-30,normal
897,Deportivo de La Coruña,Q8760,Q66752039,11.0,11.0,Borja Jiménez,1985-01-21,2021-07-01,2022-10-11,normal
897,Deportivo de La Coruña,Q8760,Q11705577,11.0,11.0,Óscar Cano,1972-11-06,2022-10-12,2023-05-15,normal
897,Deportivo de La Coruña,Q8760,Q24090734,11.0,11.0,Rubén de la Barrera,1985-01-18,2023-05-16,2023-06-30,normal
897,Deportivo de La Coruña,Q8760,Q16214008,11.0,11.0,Imanol Idiakez,1972-03-14,2023-07-01,2024-10-28,normal
897,Deportivo de La Coruña,Q8760,Q117853573,11.0,11.0,Óscar Gilsanz,1973-01-04,2024-11-05,2025-06-10,normal
897,Deportivo de La Coruña,Q8760,Q602465,11.0,,Antonio Hidalgo,1979-02-06,2025-06-10,,preferred
931,Fulham FC,Q18708,Q235068,11.0,11.0,Claudio Ranieri,1951-10-20,2018-11-14,2019-02-28,normal
931,Fulham FC,Q18708,Q213989,11.0,11.0,Scott Parker,1980-10-13,2019-02-28,2021-06-30,normal
931,Fulham FC,Q18708,Q6757714,11.0,11.0,Marco Silva,1977-07-12,2021-07-01,2026-06-02,normal
940,Celta de Vigo,Q8749,Q2547652,11.0,11.0,Eduardo Coudet,1974-09-12,2020-11-12,2022-11-03,normal
940,Celta de Vigo,Q8749,Q1042799,11.0,11.0,Carlos Carvalhal,1965-12-04,2022-11-02,2023-06-30,normal
940,Celta de Vigo,Q8749,Q144048,11.0,11.0,Rafael Benítez,1960-04-16,2023-07-01,2024-03-12,normal
940,Celta de Vigo,Q8749,Q20534503,11.0,,Claudio Giráldez,1988-02-24,2024-03-12,,preferred
969,Montpellier HSC,Q19513,Q965558,11.0,11.0,Michel Der Zakarian,1963-02-18,2017-05-23,2021-05-24,normal
969,Montpellier HSC,Q19513,Q2399059,11.0,11.0,Olivier Dall'Oglio,1964-05-16,2021-06-01,2022-10-17,normal
969,Montpellier HSC,Q19513,Q2213222,11.0,11.0,Romain Pitau,1977-08-08,2022-10-17,2023-02-07,normal
969,Montpellier HSC,Q19513,Q965558,11.0,11.0,Michel Der Zakarian,1963-02-18,2023-02-08,2024-10-20,normal
969,Montpellier HSC,Q19513,Q2732465,11.0,11.0,Jean-Louis Gasset,1953-12-09,2024-10-22,2025-04-07,normal
969,Montpellier HSC,Q19513,Q227053,11.0,,Zoumana Camara,1979-04-03,2025-04-08,,preferred
984,West Bromwich Albion,Q18744,Q725692,11.0,11.0,Darren Moore,1974-04-22,2018-04-02,2019-03-09,normal
984,West Bromwich Albion,Q18744,Q62081702,11.0,11.0,James Shan,1978-10-28,2019-03-10,2019-06-13,normal
984,West Bromwich Albion,Q18744,Q489107,11.0,11.0,Slaven Bilić,1968-09-11,2019-07-01,2020-12-16,normal
984,West Bromwich Albion,Q18744,Q334388,11.0,11.0,Sam Allardyce,1954-10-19,2020-12-16,2021-06-30,normal
984,West Bromwich Albion,Q18744,Q456652,11.0,11.0,Valérien Ismaël,1975-09-28,2021-07-01,2022-02-02,normal
984,West Bromwich Albion,Q18744,Q331904,11.0,11.0,Steve Bruce,1960-12-31,2022-02-03,2022-10-10,normal
984,West Bromwich Albion,Q18744,Q27983031,11.0,11.0,Carlos Corberán,1983-04-07,2022-10-25,2024-12-24,normal
984,West Bromwich Albion,Q18744,Q372140,11.0,11.0,Chris Brunt,1984-12-14,2024-12-25,2025-01-18,normal
984,West Bromwich Albion,Q18744,Q717959,11.0,11.0,Tony Mowbray,1963-11-22,2025-01-19,2025-04-21,normal
984,West Bromwich Albion,Q18744,Q4459692,11.0,,Ryan Mason,1991-06-13,2025-06-02,,preferred
985,Manchester United,Q18656,Q79983,11.0,11.0,José Mourinho,1963-01-26,2016-05-27,2018-12-18,normal
985,Manchester United,Q18656,Q18976,11.0,11.0,Ole Gunnar Solskjær,1973-02-26,2018-12-19,2021-11-21,normal
985,Manchester United,Q18656,Q29566,11.0,11.0,Michael Carrick,1981-07-28,2021-11-21,2021-11-29,normal
985,Manchester United,Q18656,Q57902,11.0,11.0,Ralf Rangnick,1958-06-29,2021-12-03,2022-05-31,normal
985,Manchester United,Q18656,Q2844569,11.0,11.0,Erik ten Hag,1970-02-03,2022-07-01,2024-10-28,normal
985,Manchester United,Q18656,Q45626,11.0,11.0,Ruud van Nistelrooij,1976-07-01,2024-10-28,2024-11-11,normal
985,Manchester United,Q18656,Q368682,11.0,11.0,Rúben Amorim,1985-01-27,2024-11-11,2026-01-05,normal
985,Manchester United,Q18656,Q172792,11.0,11.0,Darren Fletcher,1984-02-01,2026-01-05,2026-01-13,normal
985,Manchester United,Q18656,Q29566,11.0,,Michael Carrick,1981-07-28,2026-01-13,,preferred
989,AFC Bournemouth,Q19568,Q5336135,11.0,11.0,Eddie Howe,1977-11-29,2012-10-14,2020-08-01,normal
989,AFC Bournemouth,Q19568,Q6163630,11.0,11.0,Jason Tindall,1977-11-15,2020-08-08,2021-02-03,normal
989,AFC Bournemouth,Q19568,Q296635,11.0,11.0,Jonathan Woodgate,1980-01-22,2021-02-04,2021-06-30,normal
989,AFC Bournemouth,Q19568,Q213989,11.0,11.0,Scott Parker,1980-10-13,2021-07-01,2022-08-30,normal
989,AFC Bournemouth,Q19568,Q731946,11.0,11.0,Gary O'Neil,1983-05-18,2022-08-30,2022-11-27,normal
989,AFC Bournemouth,Q19568,Q731946,11.0,11.0,Gary O'Neil,1983-05-18,2022-11-28,2023-06-19,normal
989,AFC Bournemouth,Q19568,Q317216,11.0,10.0,Andoni Iraola,1982-06-22,2023-07-01,2026-05-01,normal
989,AFC Bournemouth,Q19568,Q542990,11.0,,Marco Rose,1976-09-11,2026-06-03,,preferred
995,FC Nantes,Q192071,Q235068,11.0,11.0,Claudio Ranieri,1951-10-20,2017-07-01,2018-06-30,normal
995,FC Nantes,Q192071,Q30612224,11.0,11.0,José Miguel Azevedo Cardoso,1972-05-28,2018-06-13,2018-10-02,normal
995,FC Nantes,Q192071,Q463933,11.0,11.0,Vahid Halilhodžić,1952-10-15,2018-10-02,2019-08-02,normal
995,FC Nantes,Q192071,Q128900,11.0,11.0,Christian Gourcuff,1955-04-05,2019-08-08,2020-12-08,normal
995,FC Nantes,Q192071,Q192648,11.0,11.0,Raymond Domenech,1952-01-24,2020-12-26,2021-02-10,normal
995,FC Nantes,Q192071,Q586555,11.0,11.0,Antoine Kombouaré,1963-11-16,2021-02-11,2023-05-09,normal
995,FC Nantes,Q192071,Q3383764,11.0,11.0,Pierre Aristouy,1979-12-30,2023-05-09,2023-11-29,normal
995,FC Nantes,Q192071,Q2702339,11.0,11.0,Jocelyn Gourvennec,1972-03-22,2023-11-29,2024-03-17,normal
995,FC Nantes,Q192071,Q586555,11.0,11.0,Antoine Kombouaré,1963-11-16,2024-03-17,2025-05-20,normal
995,FC Nantes,Q192071,Q15896123,11.0,11.0,Luís Castro,1961-09-03,2025-06-11,2025-12-11,normal
995,FC Nantes,Q192071,Q44656,11.0,11.0,Ahmed Kantari,1985-06-28,2025-12-11,2026-03-10,normal
995,FC Nantes,Q192071,Q463933,11.0,10.0,Vahid Halilhodžić,1952-10-15,2026-03-10,2026-06-01,normal
995,FC Nantes,Q192071,Q108437605,,,position not filled,,,,preferred
1003,Leicester City,Q19481,Q128898,11.0,11.0,Claude Puel,1961-09-02,2017-10-25,2019-02-24,normal
1003,Leicester City,Q19481,Q310623,11.0,11.0,Brendan Rodgers,1973-01-26,2019-02-27,2023-04-02,normal
1003,Leicester City,Q19481,Q5246473,11.0,11.0,Dean Smith,1971-03-19,2023-04-11,2023-06-30,normal
1003,Leicester City,Q19481,Q317282,11.0,11.0,Enzo Maresca,1980-02-10,2023-07-01,2024-06-30,normal
1003,Leicester City,Q19481,Q24183505,11.0,11.0,Steve Cooper,1979-12-10,2024-07-01,2024-11-24,normal
1003,Leicester City,Q19481,Q45626,11.0,11.0,Ruud van Nistelrooij,1976-07-01,2024-11-29,2025-06-27,normal
1003,Leicester City,Q19481,Q68772002,11.0,11.0,Martí Cifuentes,1982-07-07,2025-07-15,2026-01-25,normal
1003,Leicester City,Q19481,Q5525857,11.0,,Gary Rowett,1974-03-06,2026-02-18,,preferred
1005,US Lecce,Q13391,Q381262,11.0,11.0,Fabio Liverani,1976-04-29,2017-09-17,2020-08-19,normal
1005,US Lecce,Q13391,Q511092,11.0,11.0,Eugenio Corini,1970-07-30,2020-08-22,2021-05-22,normal
1005,US Lecce,Q13391,Q1317738,11.0,11.0,Marco Baroni,1963-09-11,2021-07-01,2023-06-27,normal
1005,US Lecce,Q13391,Q573195,11.0,11.0,Roberto D'Aversa,1975-08-12,2023-06-27,2024-03-11,normal
1005,US Lecce,Q13391,Q3838152,11.0,11.0,Luca Gotti,1967-09-13,2024-03-13,2024-11-09,normal
1005,US Lecce,Q13391,Q2704759,11.0,10.0,Marco Giampaolo,1967-08-02,2024-11-11,2025-06-01,normal
1005,US Lecce,Q13391,Q396154,11.0,,Eusebio Di Francesco,1969-09-08,2025-06-26,,preferred
1010,Watford FC,Q2714,Q4886441,11.0,11.0,Javi Gracia,1970-05-01,2018-01-21,2019-09-07,normal
1010,Watford FC,Q2714,Q352313,11.0,11.0,Quique Sánchez Flores,1965-02-05,2019-09-07,2019-12-01,normal
1010,Watford FC,Q2714,Q154126,11.0,11.0,Nigel Pearson,1963-08-21,2019-12-09,2020-07-19,normal
1010,Watford FC,Q2714,Q945233,11.0,11.0,Hayden Mullins,1979-03-27,2020-07-19,2020-07-27,normal
1010,Watford FC,Q2714,Q2061129,11.0,11.0,Vladimir Ivić,1977-05-07,2020-08-15,2020-12-19,normal
1010,Watford FC,Q2714,Q301390,11.0,11.0,Francisco Javier Muñoz,1980-09-05,2020-12-20,2021-10-03,normal
1010,Watford FC,Q2714,Q235068,11.0,11.0,Claudio Ranieri,1951-10-20,2021-10-04,2022-01-24,normal
1010,Watford FC,Q2714,Q203781,11.0,11.0,Roy Hodgson,1947-08-09,2022-01-25,2022-06-30,normal
1010,Watford FC,Q2714,Q2067092,11.0,11.0,Rob Edwards,1982-12-25,2022-07-01,2022-09-26,normal
1010,Watford FC,Q2714,Q489107,11.0,11.0,Slaven Bilić,1968-09-11,2022-09-26,2023-03-07,normal
1010,Watford FC,Q2714,Q5108471,11.0,11.0,Chris Wilder,1967-09-23,2023-03-07,2023-05-10,normal
1010,Watford FC,Q2714,Q456652,11.0,11.0,Valérien Ismaël,1975-09-28,2023-07-01,2024-03-09,normal
1010,Watford FC,Q2714,Q10577,11.0,11.0,Tom Cleverley,1989-08-12,2024-03-10,2025-05-06,normal
1010,Watford FC,Q2714,Q2740889,11.0,11.0,Paulo Pezzolano,1983-04-25,2025-05-13,2025-10-08,normal
1010,Watford FC,Q2714,Q4886441,11.0,11.0,Javi Gracia,1970-05-01,2025-10-08,2026-02-01,normal
1010,Watford FC,Q2714,Q42097417,11.0,11.0,Edward Still,1990-12-30,2026-02-09,2026-05-03,normal
1010,Watford FC,Q2714,Q65127311,11.0,,Alessio Dionisi,1980-04-01,2026-06-15,,preferred
1025,Bologna Football Club 1909,Q1893,Q126503,11.0,11.0,Filippo Inzaghi,1973-08-09,2018-07-01,2019-01-28,normal
1025,Bologna Football Club 1909,Q1893,Q294351,11.0,11.0,Siniša Mihajlović,1969-02-20,2019-01-28,2022-09-06,normal
1025,Bologna Football Club 1909,Q1893,Q2262270,11.0,11.0,Luca Vigiani,1976-08-25,2022-09-07,2022-09-12,normal
1025,Bologna Football Club 1909,Q1893,Q191885,11.0,11.0,Thiago Motta,1982-08-28,2022-09-12,2024-06-04,normal
1025,Bologna Football Club 1909,Q1893,Q1091404,11.0,11.0,Vincenzo Italiano,1977-12-10,2024-06-05,2026-05-28,normal
1025,Bologna Football Club 1909,Q1893,Q28916689,11.0,,Domenico Tedesco,1985-09-12,2026-06-02,,preferred
1031,Luton Town,Q18520,Q707158,11.0,11.0,Nathan Jones,1969-08-21,2020-05-28,2022-11-10,normal
1031,Luton Town,Q18520,Q2067092,11.0,11.0,Rob Edwards,1982-12-25,2022-11-17,2025-01-08,normal
1031,Luton Town,Q18520,Q6788368,11.0,11.0,Matt Bloomfield,1984-02-08,2025-01-14,2025-10-06,normal
1031,Luton Town,Q18520,Q4717348,11.0,11.0,Alex Lawless,1985-03-26,2025-10-06,2025-10-13,normal
1031,Luton Town,Q18520,Q15199,11.0,,Jack Wilshere,1992-01-01,2025-10-13,,preferred
1038,UC Sampdoria,Q1457,Q2704759,11.0,11.0,Marco Giampaolo,1967-08-02,2016-07-04,2019-06-19,normal
1038,UC Sampdoria,Q1457,Q396154,11.0,11.0,Eusebio Di Francesco,1969-09-08,2019-06-23,2019-10-07,normal
1038,UC Sampdoria,Q1457,Q235068,11.0,11.0,Claudio Ranieri,1951-10-20,2019-10-11,2021-06-30,normal
1038,UC Sampdoria,Q1457,Q573195,11.0,11.0,Roberto D'Aversa,1975-08-12,2021-07-04,2022-01-17,normal
1038,UC Sampdoria,Q1457,Q2704759,11.0,11.0,Marco Giampaolo,1967-08-02,2022-01-19,2022-10-02,normal
1038,UC Sampdoria,Q1457,Q192640,11.0,11.0,Dejan Stanković,1978-09-11,2022-10-06,2023-06-06,normal
1038,UC Sampdoria,Q1457,Q43926,11.0,11.0,Andrea Pirlo,1979-05-19,2023-06-28,2024-08-29,normal
1038,UC Sampdoria,Q1457,Q547067,11.0,11.0,Andrea Sottil,1974-01-04,2024-08-30,2024-12-09,normal
1038,UC Sampdoria,Q1457,Q26696437,11.0,11.0,Leonardo Semplici,1967-07-18,2024-12-11,2025-04-07,normal
1038,UC Sampdoria,Q1457,Q458474,11.0,11.0,Alberico Evani,1963-01-01,2025-04-07,2025-06-30,normal
1038,UC Sampdoria,Q1457,Q533727,11.0,11.0,Massimo Donati,1981-03-26,2025-07-13,2025-10-18,normal
1038,UC Sampdoria,Q1457,Q742534,11.0,,Angelo Gregucci,1964-06-10,2025-10-19,,preferred
1041,Olympique Lyon,Q704,Q2926833,11.0,11.0,Bruno Gènèsio,1966-09-01,2015-12-24,2019-06-30,normal
1041,Olympique Lyon,Q704,Q312002,11.0,11.0,Sylvinho,1974-04-12,2019-07-01,2019-10-07,normal
1041,Olympique Lyon,Q704,Q923131,11.0,11.0,Rudi Garcia,1964-02-20,2019-10-14,2021-05-24,normal
1041,Olympique Lyon,Q704,Q1029982,11.0,11.0,Peter Bosz,1963-11-21,2021-05-29,2022-10-09,normal
1041,Olympique Lyon,Q704,Q1839,11.0,11.0,Laurent Blanc,1965-11-19,2022-10-09,2023-09-11,normal
1041,Olympique Lyon,Q704,Q130914360,11.0,11.0,Jean-François Vulliez,1972-11-30,2023-09-11,2023-09-17,normal
1041,Olympique Lyon,Q704,Q230529,11.0,11.0,Fabio Grosso,1977-11-28,2023-09-18,2023-11-30,normal
1041,Olympique Lyon,Q704,Q123584452,11.0,11.0,Pierre Sage,1979-05-05,2023-11-30,2025-01-27,normal
1041,Olympique Lyon,Q704,Q10346582,11.0,,Paulo Fonseca,1973-03-05,2025-01-31,,preferred
1047,Como 1907,Q1120838,Q16199536,11.0,11.0,Osian Roberts,1965-08-18,2023-12-20,2024-07-18,normal
1047,Como 1907,Q1120838,Q17499,11.0,,Cesc Fàbregas,1987-05-04,2024-07-19,,preferred
1049,Valencia CF,Q10333,Q1339589,11.0,11.0,Marcelino García Toral,1965-08-14,2017-07-01,2019-09-11,normal
1049,Valencia CF,Q10333,Q459099,11.0,11.0,Albert Celades,1975-09-29,2019-09-11,2020-06-29,normal
1049,Valencia CF,Q10333,Q460497,11.0,11.0,Salvador González Marco,1963-10-09,2020-06-29,2020-07-20,normal
1049,Valencia CF,Q10333,Q4886441,11.0,11.0,Javi Gracia,1970-05-01,2020-07-27,2021-05-03,normal
1049,Valencia CF,Q10333,Q460497,11.0,11.0,Salvador González Marco,1963-10-09,2021-05-03,2021-06-30,normal
1049,Valencia CF,Q10333,Q3323802,11.0,11.0,José Bordalás,1964-03-05,2021-05-27,2022-06-03,normal
1049,Valencia CF,Q10333,Q116980,11.0,11.0,Gennaro Gattuso,1978-01-09,2022-07-01,2023-01-30,normal
1049,Valencia CF,Q10333,Q460497,11.0,11.0,Salvador González Marco,1963-10-09,2023-01-31,2023-02-13,normal
1049,Valencia CF,Q10333,Q299488,11.0,11.0,Rubén Baraja,1975-07-11,2023-02-14,2024-12-23,normal
1049,Valencia CF,Q10333,Q27983031,11.0,,Carlos Corberán,1983-04-07,2024-12-24,,preferred
1050,Villarreal CF,Q12297,Q1332523,11.0,11.0,Javier Calleja,1978-05-12,2017-09-25,2018-12-10,normal
1050,Villarreal CF,Q12297,Q2531438,11.0,11.0,Luis García Plaza,1972-12-01,2018-12-10,2019-01-29,normal
1050,Villarreal CF,Q12297,Q1332523,11.0,11.0,Javier Calleja,1978-05-12,2019-01-29,2020-07-20,normal
1050,Villarreal CF,Q12297,Q295610,11.0,11.0,Unai Emery,1971-11-03,2020-07-23,2022-10-25,normal
1050,Villarreal CF,Q12297,Q2444534,11.0,11.0,Quique Setién,1958-09-27,2022-10-25,2023-09-05,normal
1050,Villarreal CF,Q12297,Q1704254,11.0,11.0,José Rojo Martín,1968-03-23,2023-09-09,2023-11-10,normal
1050,Villarreal CF,Q12297,Q2551128,11.0,11.0,Miguel Ángel Tena,1982-01-17,2023-11-10,2023-11-12,normal
1050,Villarreal CF,Q12297,Q1339589,11.0,11.0,Marcelino García Toral,1965-08-14,2023-11-13,2026-05-31,normal
1050,Villarreal CF,Q12297,Q2499750,11.0,,Iñigo Pérez,1988-01-18,2026-06-01,,preferred
1082,LOSC Lille,Q19516,Q129023,11.0,11.0,Christophe Galtier,1966-08-23,2017-12-29,2021-05-25,normal
1082,LOSC Lille,Q19516,Q2702339,11.0,11.0,Jocelyn Gourvennec,1972-03-22,2021-07-05,2022-06-16,normal
1082,LOSC Lille,Q19516,Q10346582,11.0,11.0,Paulo Fonseca,1973-03-05,2022-07-01,2024-06-30,normal
1082,LOSC Lille,Q19516,Q2926833,11.0,11.0,Bruno Gènèsio,1966-09-01,2024-07-01,2026-05-25,normal
1082,LOSC Lille,Q19516,Q113627113,11.0,,Davide Ancelotti,1989-07-22,2026-06-01,,preferred
1084,Málaga CF,Q8857,Q6056049,11.0,11.0,Pablo Guede,1974-11-12,2022-04-03,2022-09-20,normal
1084,Málaga CF,Q8857,Q2409599,11.0,11.0,Pepe Mel,1963-02-28,2022-09-21,2023-01-25,normal
1084,Málaga CF,Q8857,Q28094306,11.0,,Sergio Pellicer,1973-09-09,2023-01-26,,preferred
1095,ESTAC Troyes,Q501693,Q732431,11.0,11.0,Laurent Batlles,1975-09-23,2019-06-14,2021-12-30,normal
1095,ESTAC Troyes,Q501693,Q2926839,11.0,11.0,Bruno Irles,1975-08-16,2022-01-03,2022-11-08,normal
1095,ESTAC Troyes,Q501693,Q553373,11.0,10.0,Patrick Kisnorbo,1981-03-24,2022-11-23,2023-11-01,normal
1095,ESTAC Troyes,Q501693,Q5234461,11.0,10.0,David Guion,1967-09-30,2023-12-05,2024-08-01,normal
1095,ESTAC Troyes,Q501693,Q2180092,10.0,,Stéphane Dumont,1982-09-06,2024-08-01,,preferred
1108,Deportivo Alavés,Q223620,Q4806891,11.0,11.0,Asier Garitano,1969-12-06,2019-07-01,2020-07-05,normal
1108,Deportivo Alavés,Q223620,Q11697229,11.0,11.0,Pablo Machín,1975-04-07,2020-08-05,2021-01-12,normal
1108,Deportivo Alavés,Q223620,Q318546,11.0,11.0,Abelardo Fernández Antuña,1970-04-19,2021-01-12,2021-04-05,normal
1108,Deportivo Alavés,Q223620,Q1332523,11.0,11.0,Javier Calleja,1978-05-12,2021-04-05,2021-12-28,normal
1108,Deportivo Alavés,Q223620,Q460576,11.0,11.0,José Luis Mendilibar,1961-03-14,2021-12-28,2022-04-04,normal
1108,Deportivo Alavés,Q223620,Q901237,11.0,11.0,Julio Velázquez,1981-10-05,2022-04-05,2022-06-30,normal
1108,Deportivo Alavés,Q223620,Q2531438,11.0,11.0,Luis García Plaza,1972-12-01,2022-07-01,2024-12-02,normal
1108,Deportivo Alavés,Q223620,Q2547652,11.0,11.0,Eduardo Coudet,1974-09-12,2024-12-02,2026-03-03,normal
1108,Deportivo Alavés,Q223620,Q352313,11.0,,Quique Sánchez Flores,1965-02-05,2026-03-03,,preferred
1110,Huddersfield Town,Q19473,Q871069,11.0,11.0,David Wagner,1971-10-19,2015-11-09,2019-01-14,normal
1110,Huddersfield Town,Q19473,Q60738841,11.0,11.0,Jan Siewert,1982-08-23,2019-01-21,2019-08-16,normal
1110,Huddersfield Town,Q19473,Q28925194,11.0,11.0,Danny Cowley,1978-10-22,2019-09-09,2020-07-19,normal
1110,Huddersfield Town,Q19473,Q5220807,11.0,11.0,Danny Schofield,1980-04-10,2020-07-20,2022-09-14,normal
1110,Huddersfield Town,Q19473,Q27983031,11.0,11.0,Carlos Corberán,1983-04-07,2020-07-23,2022-07-07,normal
1110,Huddersfield Town,Q19473,Q325447,11.0,11.0,Mark Fotheringham,1983-10-22,2022-09-28,2023-02-08,normal
1110,Huddersfield Town,Q19473,Q114049138,11.0,11.0,Narcís Pelach,1988-09-05,2023-02-09,2023-02-15,normal
1110,Huddersfield Town,Q19473,Q948505,11.0,11.0,Neil Warnock,1948-12-01,2023-02-16,2023-09-21,normal
1110,Huddersfield Town,Q19473,Q725692,11.0,11.0,Darren Moore,1974-04-22,2023-09-21,2024-01-29,normal
1110,Huddersfield Town,Q19473,Q6271786,11.0,11.0,Jon Worthington,1983-04-16,2024-01-29,2024-02-18,normal
1110,Huddersfield Town,Q19473,Q517257,11.0,11.0,André Breitenreiter,1973-10-02,2024-02-19,2024-05-10,normal
1110,Huddersfield Town,Q19473,Q983931,11.0,11.0,Michael Duff,1978-01-11,2024-05-13,2025-03-09,normal
1110,Huddersfield Town,Q19473,Q6271786,11.0,9.0,Jon Worthington,1983-04-16,2025-03-09,2025-01-01,normal
1110,Huddersfield Town,Q19473,Q97138662,11.0,,Liam Manning,1985-08-20,2026-01-20,,preferred
1123,Norwich City,Q18721,Q5246473,11.0,11.0,Dean Smith,1971-03-19,2021-11-15,2022-12-27,normal
1123,Norwich City,Q18721,Q871069,11.0,11.0,David Wagner,1971-10-19,2023-01-06,2024-05-17,normal
1123,Norwich City,Q18721,Q118483155,11.0,11.0,Johannes Hoff Thorup,1989-02-19,2024-05-30,2025-04-22,normal
1123,Norwich City,Q18721,Q15199,11.0,11.0,Jack Wilshere,1992-01-01,2025-04-22,2025-06-03,normal
1123,Norwich City,Q18721,Q97138662,11.0,11.0,Liam Manning,1985-08-20,2025-06-03,2025-11-08,normal
1123,Norwich City,Q18721,Q1338480,11.0,,Philippe Clement,1974-03-22,2025-11-18,,preferred
1132,Burnley FC,Q19458,Q10599,11.0,11.0,Sean Dyche,1971-06-28,2012-10-30,2022-04-15,normal
1132,Burnley FC,Q19458,Q201381,11.0,11.0,Vincent Kompany,1986-04-10,2022-07-01,2024-06-30,normal
1132,Burnley FC,Q19458,Q213989,11.0,11.0,Scott Parker,1980-10-13,2024-07-05,2026-04-30,normal
1132,Burnley FC,Q19458,Q6831556,11.0,,Michael Jackson,1973-12-04,2026-04-30,,preferred
1147,AC Ajaccio,Q270051,Q2073968,11.0,,Olivier Pantaloni,1966-12-13,2014-11-06,,preferred
1148,Brentford FC,Q19571,Q5246473,11.0,11.0,Dean Smith,1971-03-19,2015-12-01,2018-10-09,normal
1148,Brentford FC,Q19571,Q13469562,11.0,11.0,Thomas Frank,1973-10-09,2018-10-16,2025-06-12,normal
1148,Brentford FC,Q19571,Q316704,11.0,,Keith Joseph Andrews,1980-09-13,2025-06-27,,preferred
1158,FC Lorient,Q48911,Q149933,11.0,10.0,Mickaël Landreau,1979-05-14,2017-05-30,2019-05-01,normal
1158,FC Lorient,Q48911,Q25201554,10.0,11.0,Christophe Pélissier,1965-10-05,2019-05-01,2022-06-26,normal
1158,FC Lorient,Q48911,Q3455749,11.0,11.0,Régis Le Bris,1975-12-06,2022-06-27,2024-06-30,normal
1158,FC Lorient,Q48911,Q2073968,11.0,11.0,Olivier Pantaloni,1966-12-13,2024-07-01,2026-05-17,normal
1158,FC Lorient,Q48911,Q2833638,11.0,,Alexandre Dujeux,1976-01-08,2026-06-09,,preferred
1160,Nîmes Olympique,Q730809,Q2897549,9.0,11.0,Bernard Blaquart,1957-08-16,2015-01-01,2020-06-23,normal
1160,Nîmes Olympique,Q730809,Q3367563,11.0,11.0,Pascal Plancque,1963-08-20,2021-02-06,2022-01-04,normal
1160,Nîmes Olympique,Q730809,Q24192128,11.0,11.0,Nicolas Usaï,1974-05-01,2022-01-05,2022-11-16,normal
1160,Nîmes Olympique,Q730809,Q106161984,11.0,11.0,Frédéric Bompard,1962-12-30,2022-11-21,2024-04-08,normal
1160,Nîmes Olympique,Q730809,Q662053,11.0,,Adil Hermach,1986-06-27,2024-04-08,,preferred
1162,SM Caen,Q193377,Q20723081,11.0,11.0,Rui Almeida,1969-09-29,2019-07-01,2019-09-28,normal
1162,SM Caen,Q193377,Q3367394,11.0,11.0,Pascal Dupraz,1962-09-19,2019-10-01,2021-03-23,normal
1162,SM Caen,Q193377,Q3501975,11.0,9.0,Stéphane Moulin,1967-08-04,2021-06-04,2023-01-01,normal
1162,SM Caen,Q193377,Q129086,9.0,10.0,Jean-Marc Furlan,1957-11-20,2023-01-01,2023-11-01,normal
1162,SM Caen,Q193377,Q2548784,10.0,11.0,Nicolas Seube,1979-08-11,2023-11-01,2024-12-29,normal
1162,SM Caen,Q193377,Q4979321,11.0,,Bruno Miguel Nunes Baltazar,1977-07-06,2024-12-29,,preferred
1237,Brighton & Hove Albion,Q19453,Q351004,11.0,11.0,Chris Hughton,1958-12-11,2014-12-31,2019-05-13,normal
1237,Brighton & Hove Albion,Q19453,Q5593150,11.0,11.0,Graham Potter,1975-05-20,2019-05-20,2022-09-07,normal
1237,Brighton & Hove Albion,Q19453,Q2032119,11.0,11.0,Roberto De Zerbi,1979-06-06,2022-09-18,2024-05-20,normal
1237,Brighton & Hove Albion,Q19453,Q115819313,11.0,,Fabian Hürzeler,1993-02-26,2024-07-01,,preferred
1244,CD Leganés,Q856119,Q705601,11.0,11.0,José Luis Martí,1975-04-28,2020-08-03,2021-01-26,normal
1244,CD Leganés,Q856119,Q4806891,11.0,11.0,Asier Garitano,1969-12-06,2021-01-26,2021-10-30,normal
1244,CD Leganés,Q856119,Q380173,11.0,11.0,Mehdi Nafti,1978-11-28,2021-10-31,2022-06-30,normal
1244,CD Leganés,Q856119,Q16214008,11.0,11.0,Imanol Idiakez,1972-03-14,2022-07-01,2023-04-03,normal
1244,CD Leganés,Q856119,Q5042351,11.0,11.0,Carlos Martínez Fernández,1980-11-13,2023-04-04,2023-06-30,normal
1244,CD Leganés,Q856119,Q66752039,11.0,11.0,Borja Jiménez,1985-01-21,2023-07-01,2025-06-30,normal
1244,CD Leganés,Q856119,Q115487074,11.0,,Igor Oca,1981-05-07,2025-12-05,,preferred
1390,Cagliari Calcio,Q1900,Q3940276,11.0,11.0,Rolando Maran,1963-07-14,2018-06-07,2020-03-03,normal
1390,Cagliari Calcio,Q1900,Q294302,11.0,11.0,Walter Zenga,1960-04-28,2020-03-03,2020-08-02,normal
1390,Cagliari Calcio,Q1900,Q396154,11.0,11.0,Eusebio Di Francesco,1969-09-08,2020-08-03,2021-02-22,normal
1390,Cagliari Calcio,Q1900,Q26696437,11.0,11.0,Leonardo Semplici,1967-07-18,2021-02-22,2021-09-14,normal
1390,Cagliari Calcio,Q1900,Q370838,11.0,11.0,Walter Mazzarri,1961-10-01,2021-09-15,2022-05-02,normal
1390,Cagliari Calcio,Q1900,Q869044,11.0,11.0,Alessandro Agostini,1979-07-23,2022-05-03,2022-05-23,normal
1390,Cagliari Calcio,Q1900,Q381262,11.0,11.0,Fabio Liverani,1976-04-29,2022-07-01,2022-12-20,normal
1390,Cagliari Calcio,Q1900,Q235068,11.0,11.0,Claudio Ranieri,1951-10-20,2023-01-01,2024-06-30,normal
1390,Cagliari Calcio,Q1900,Q3019103,11.0,11.0,Davide Nicola,1973-03-05,2024-07-05,2025-06-04,normal
1390,Cagliari Calcio,Q1900,Q3737807,11.0,,Fabio Pisacane,1986-01-28,2025-06-11,,preferred
1416,Amiens SC,Q866884,Q25201554,11.0,11.0,Christophe Pélissier,1965-10-05,2014-12-31,2019-05-28,normal
1416,Amiens SC,Q866884,Q1695581,11.0,11.0,Luka Elsner,1982-08-02,2019-07-01,2020-09-20,normal
1416,Amiens SC,Q866884,Q977105,11.0,10.0,Philippe Hinschberger,1959-11-19,2021-06-17,2023-04-01,normal
1416,Amiens SC,Q866884,Q465144,10.0,,Omar Daf,1977-02-12,2023-06-01,,preferred
1420,Angers SCO,Q845137,Q3501975,11.0,11.0,Stéphane Moulin,1967-08-04,2011-07-01,2021-05-24,deprecated
1420,Angers SCO,Q845137,Q2019843,11.0,11.0,Gérald Baticle,1969-09-10,2021-05-27,2022-12-23,deprecated
1420,Angers SCO,Q845137,Q116059330,11.0,11.0,Abdel Bouhazama,1969-01-04,2022-11-28,2023-03-07,normal
1420,Angers SCO,Q845137,Q2833638,11.0,11.0,Alexandre Dujeux,1976-01-08,2023-03-07,2026-06-03,normal
1420,Angers SCO,Q845137,Q121891089,11.0,,Stéphane Gilli,1974-04-30,2026-06-09,,preferred
1420,Angers SCO,Q845137,Q522864,,,André Simonyi,1914-03-31,,,deprecated
1421,Stade Reims,Q208228,Q5234461,11.0,11.0,David Guion,1967-09-30,2017-04-23,2021-06-30,normal
1421,Stade Reims,Q208228,Q130917257,11.0,11.0,Sébastien Desmazeau,1973-07-22,2018-07-01,2019-03-30,normal
1421,Stade Reims,Q208228,Q293353,11.0,11.0,Óscar García Junyent,1973-04-26,2021-06-23,2022-10-13,normal
1421,Stade Reims,Q208228,Q42097340,11.0,11.0,Will Still,1992-10-14,2022-10-13,2024-05-02,normal
1421,Stade Reims,Q208228,Q3470677,11.0,11.0,Samba Diawara,1978-03-15,2024-05-02,2024-06-30,normal
1421,Stade Reims,Q208228,Q1695581,11.0,11.0,Luka Elsner,1982-08-02,2024-07-01,2025-02-03,normal
1421,Stade Reims,Q208228,Q3470677,11.0,11.0,Samba Diawara,1978-03-15,2025-02-03,2025-06-30,normal
1421,Stade Reims,Q208228,Q642325,11.0,,Karel Geraerts,1982-01-05,2025-07-01,,preferred
1531,Elche CF,Q10512,Q1704254,11.0,11.0,José Rojo Martín,1968-03-23,2018-02-27,2020-08-25,normal
1531,Elche CF,Q10512,Q6277636,11.0,11.0,Jorge Almirón,1971-06-19,2020-08-26,2021-02-12,normal
1531,Elche CF,Q10512,Q3259945,11.0,11.0,Fran Escribá,1965-05-03,2021-02-14,2021-11-21,normal
1531,Elche CF,Q10512,Q7454313,11.0,11.0,Sergio Mantecón,1980-06-08,2021-11-25,2021-11-29,normal
1531,Elche CF,Q10512,Q130903735,11.0,11.0,Pablo Manusovich,1982-02-16,2021-11-25,2021-11-29,normal
1531,Elche CF,Q10512,Q3823451,11.0,11.0,Francisco Javier Rodríguez Vílchez,1978-06-17,2021-11-30,2022-10-04,normal
1531,Elche CF,Q10512,Q96624646,11.0,11.0,Alberto Gallego,1974-03-16,2022-10-05,2022-10-12,normal
1531,Elche CF,Q10512,Q6277636,11.0,11.0,Jorge Almirón,1971-06-19,2022-10-12,2022-11-07,normal
1531,Elche CF,Q10512,Q7454313,11.0,11.0,Sergio Mantecón,1980-06-08,2022-11-07,2022-11-16,normal
1531,Elche CF,Q10512,Q11697229,11.0,11.0,Pablo Machín,1975-04-07,2022-11-17,2023-03-20,normal
1531,Elche CF,Q10512,Q7442628,11.0,11.0,Sebastián Beccacece,1980-12-17,2023-03-21,2024-06-30,normal
1531,Elche CF,Q10512,Q106834887,11.0,11.0,Eder Sarabia,1980-09-27,2024-07-01,2026-05-27,preferred
1531,Elche CF,Q10512,Q110278664,11.0,,Martín Anselmi,1985-07-11,2026-06-13,,normal
1533,SD Eibar,Q770740,Q460576,11.0,11.0,José Luis Mendilibar,1961-03-14,2015-07-01,2021-06-30,normal
1533,SD Eibar,Q770740,Q742677,11.0,11.0,Gaizka Garitano,1975-07-09,2021-07-01,2023-06-30,normal
1533,SD Eibar,Q770740,Q310354,11.0,11.0,Joseba Etxeberria,1977-09-05,2023-07-01,2025-02-16,normal
1533,SD Eibar,Q770740,Q10556689,11.0,,Beñat San José,1979-09-24,2025-02-16,,preferred
2036,1. Fußballclub Heidenheim 1846,Q162251,Q212139,11.0,,Frank Schmidt,1974-01-03,2007-09-17,,normal
2239,US Cremonese,Q759482,Q1317738,11.0,11.0,Marco Baroni,1963-09-11,2019-10-08,2020-01-08,normal
2239,US Cremonese,Q759482,Q98581426,11.0,11.0,Massimiliano Alvini,1970-04-20,2022-06-09,2023-01-14,normal
2239,US Cremonese,Q759482,Q2656692,11.0,11.0,Giovanni Stroppa,1968-01-24,2023-09-19,2024-10-08,normal
2239,US Cremonese,Q759482,Q3019103,11.0,11.0,Davide Nicola,1973-03-05,2025-07-02,2026-03-18,normal
2239,US Cremonese,Q759482,Q2704759,11.0,,Marco Giampaolo,1967-08-02,2026-03-18,,preferred
2288,Swansea City,Q18659,Q15708728,11.0,11.0,Paul Clement,1972-01-08,2017-01-04,2017-12-20,normal
2288,Swansea City,Q18659,Q5593150,11.0,11.0,Graham Potter,1975-05-20,2018-07-01,2019-05-19,normal
2288,Swansea City,Q18659,Q24183505,11.0,11.0,Steve Cooper,1979-12-10,2019-07-01,2021-07-21,normal
2288,Swansea City,Q18659,Q555382,11.0,11.0,Russell Martin,1986-01-04,2021-08-01,2023-06-30,normal
2288,Swansea City,Q18659,Q983931,11.0,11.0,Michael Duff,1978-01-11,2023-07-01,2023-12-04,normal
2288,Swansea City,Q18659,Q22007424,11.0,11.0,Luke Williams,1981-05-01,2024-01-05,2025-02-17,normal
2288,Swansea City,Q18659,Q3607774,11.0,,Alan Sheehan,1986-09-14,2025-02-18,,preferred
2497,Real Oviedo,Q271574,Q283997,11.0,11.0,Juan Antonio Anquela,1957-09-11,2017-06-23,2019-04-22,normal
2497,Real Oviedo,Q271574,Q7454244,11.0,11.0,Sergio Egea Rueda,1957-09-21,2019-04-22,2019-09-15,normal
2497,Real Oviedo,Q271574,Q67940463,11.0,11.0,Javi Rozada,1982-07-03,2019-09-15,2020-02-18,normal
2497,Real Oviedo,Q271574,Q704571,11.0,11.0,José Ángel Ziganda,1966-10-01,2020-02-18,2022-08-06,normal
2497,Real Oviedo,Q271574,Q2722024,11.0,11.0,Jon Andoni Pérez,1974-03-05,2022-06-15,2022-10-16,normal
2497,Real Oviedo,Q271574,Q250859,11.0,11.0,Álvaro Cervera,1965-09-20,2022-10-18,2023-09-21,normal
2497,Real Oviedo,Q271574,Q2310536,11.0,11.0,Luis Carrión,1979-02-07,2023-09-21,2024-06-30,normal
2497,Real Oviedo,Q271574,Q1332523,11.0,11.0,Javier Calleja,1978-05-12,2024-07-06,2025-03-25,normal
2497,Real Oviedo,Q271574,Q612930,11.0,11.0,Veljko Paunović,1977-08-21,2025-03-26,2025-10-09,normal
2497,Real Oviedo,Q271574,Q2310536,11.0,11.0,Luis Carrión,1979-02-07,2025-10-09,2025-12-14,normal
2497,Real Oviedo,Q271574,Q5888276,11.0,11.0,Guillermo Almada,1969-06-18,2025-12-16,2026-05-23,normal
2687,Cádiz CF,Q460448,Q313131,11.0,11.0,Mauricio Pellegrino,1971-10-05,2024-01-24,2024-06-30,normal
2687,Cádiz CF,Q460448,Q2519433,11.0,11.0,Paco López,1967-09-19,2024-07-01,2024-12-08,normal
2687,Cádiz CF,Q460448,Q742677,11.0,,Gaizka Garitano,1975-07-09,2024-12-08,,preferred
2722,SPAL,Q13385,Q26696437,11.0,11.0,Leonardo Semplici,1967-07-18,2014-12-08,2020-02-10,normal
2722,SPAL,Q13385,Q314053,11.0,11.0,Luigi Di Biagio,1971-06-03,2020-02-10,2020-08-12,normal
2722,SPAL,Q13385,Q2305065,11.0,10.0,Pasquale Marino,1962-07-13,2020-08-12,2021-03-01,normal
2919,AC Monza,Q289482,Q3846591,11.0,11.0,Marco Zaffaroni,1969-01-20,2016-05-24,2018-10-22,normal
2919,AC Monza,Q289482,Q311619,11.0,11.0,Cristian Brocchi,1976-01-30,2018-10-22,2021-05-28,normal
2919,AC Monza,Q289482,Q2656692,11.0,11.0,Giovanni Stroppa,1968-01-24,2021-07-01,2022-09-13,normal
2919,AC Monza,Q289482,Q282551,11.0,11.0,Raffaele Palladino,1984-04-17,2022-09-13,2024-06-30,normal
2919,AC Monza,Q289482,Q227892,11.0,11.0,Alessandro Nesta,1976-03-19,2024-07-01,2024-12-23,normal
2919,AC Monza,Q289482,Q314744,11.0,11.0,Salvatore Bocchetti,1986-11-30,2024-12-23,2025-02-10,normal
2919,AC Monza,Q289482,Q227892,11.0,11.0,Alessandro Nesta,1976-03-19,2025-02-10,2025-06-11,normal
2919,AC Monza,Q289482,Q1444184,11.0,10.0,Paolo Bianco,1977-08-20,2025-07-01,2026-06-01,normal
2919,AC Monza,Q289482,Q556688,11.0,,Ivan Jurić,1975-08-25,2026-06-29,,preferred
2969,Dijon FCO,Q503317,Q586555,11.0,11.0,Antoine Kombouaré,1963-11-16,2019-01-10,2019-06-20,normal
2969,Dijon FCO,Q503317,Q66021525,11.0,11.0,Stéphane Jobard,1971-02-22,2019-06-20,2020-11-05,normal
2969,Dijon FCO,Q503317,Q3018303,11.0,11.0,David Linarès,1975-10-05,2020-11-06,2021-08-23,normal
2969,Dijon FCO,Q503317,Q933813,11.0,11.0,Patrice Garande,1960-11-27,2021-08-23,2022-05-15,normal
2969,Dijon FCO,Q503317,Q465144,11.0,11.0,Omar Daf,1977-02-12,2022-06-17,2023-04-03,normal
2969,Dijon FCO,Q503317,Q127420708,9.0,9.0,Benoît Tavenot,1977-01-03,2023-01-01,2026-01-01,normal
2969,Dijon FCO,Q503317,Q139827258,9.0,,Baptiste Ridira,1983-06-13,2026-01-01,,preferred
3302,UD Almería,Q10407,Q194461,11.0,11.0,José María Gutiérrez,1976-10-31,2019-11-05,2020-06-27,normal
3302,UD Almería,Q10407,Q3054646,11.0,11.0,Mário Silva,1977-04-24,2020-06-28,2020-07-27,normal
3302,UD Almería,Q10407,Q4342579,11.0,11.0,José Manuel Gomes,1970-08-28,2020-07-27,2021-04-27,normal
3302,UD Almería,Q10407,Q5573535,11.0,11.0,Joan Francesc Ferrer Sicilia,1970-02-05,2021-04-28,2023-06-30,normal
3302,UD Almería,Q10407,Q3321444,11.0,11.0,Vicente Moreno,1974-10-26,2023-07-01,2023-09-29,normal
3302,UD Almería,Q10407,Q122854664,11.0,11.0,Alberto Lasarte,1981-05-08,2023-09-29,2023-10-08,normal
3302,UD Almería,Q10407,Q742677,11.0,11.0,Gaizka Garitano,1975-07-09,2023-10-08,2024-03-13,normal
3302,UD Almería,Q10407,Q2409599,11.0,11.0,Pepe Mel,1963-02-28,2024-03-13,2024-06-30,normal
3302,UD Almería,Q10407,Q5573535,11.0,,Joan Francesc Ferrer Sicilia,1970-02-05,2024-07-01,,preferred
3368,Levante UD,Q8823,Q2519433,11.0,11.0,Paco López,1967-09-19,2018-03-05,2021-10-03,normal
3368,Levante UD,Q8823,Q104853253,11.0,11.0,Javier Pereira,1966-05-13,2021-10-07,2021-11-29,normal
3368,Levante UD,Q8823,Q109890596,11.0,11.0,Alessio Lisci,1985-11-04,2021-11-30,2022-06-30,normal
3368,Levante UD,Q8823,Q380173,11.0,11.0,Mehdi Nafti,1978-11-28,2022-07-01,2022-10-10,normal
3368,Levante UD,Q8823,Q1339327,11.0,11.0,Felipe Miñambres,1965-04-29,2022-10-11,2022-10-16,normal
3368,Levante UD,Q8823,Q1332523,11.0,11.0,Javier Calleja,1978-05-12,2022-10-17,2024-02-19,normal
3368,Levante UD,Q8823,Q1339327,11.0,11.0,Felipe Miñambres,1965-04-29,2024-02-19,2024-06-30,normal
3368,Levante UD,Q8823,Q24565063,11.0,11.0,Julián Calero,1970-10-26,2024-07-01,2025-11-30,normal
3368,Levante UD,Q8823,Q15896123,11.0,,Luís Castro,1961-09-03,2025-12-20,,preferred
3522,Spezia Calcio,Q8615,Q1091404,11.0,11.0,Vincenzo Italiano,1977-12-10,2019-07-01,2021-06-30,normal
3522,Spezia Calcio,Q8615,Q191885,11.0,11.0,Thiago Motta,1982-08-28,2021-07-08,2022-06-28,normal
3522,Spezia Calcio,Q8615,Q3838152,11.0,11.0,Luca Gotti,1967-09-13,2022-07-01,2023-02-15,normal
3522,Spezia Calcio,Q8615,Q98581426,11.0,11.0,Massimiliano Alvini,1970-04-20,2023-07-06,2023-11-15,normal
3522,Spezia Calcio,Q8615,Q3838092,11.0,11.0,Luca D'Angelo,1971-07-26,2023-11-15,2025-11-04,normal
3522,Spezia Calcio,Q8615,Q294718,11.0,,Roberto Donadoni,1963-09-09,2025-11-04,,preferred
3524,Clermont Foot 63,Q870182,Q3367427,11.0,11.0,Pascal Gastien,1963-12-02,2017-09-01,2024-06-30,normal
3524,Clermont Foot 63,Q870182,Q732431,11.0,,Laurent Batlles,1975-09-23,2024-10-30,,preferred
3709,Getafe CF,Q8806,Q352313,11.0,11.0,Quique Sánchez Flores,1965-02-05,2021-10-06,2023-04-27,normal
3709,Getafe CF,Q8806,Q3323802,11.0,,José Bordalás,1964-03-05,2023-04-29,,preferred
3911,Stade Brestois 29,Q218372,Q129086,11.0,11.0,Jean-Marc Furlan,1957-11-20,2016-07-01,2019-05-31,normal
3911,Stade Brestois 29,Q218372,Q2399059,11.0,11.0,Olivier Dall'Oglio,1964-05-16,2019-05-31,2021-05-31,normal
3911,Stade Brestois 29,Q218372,Q965558,11.0,11.0,Michel Der Zakarian,1963-02-18,2021-06-22,2022-10-11,normal
3911,Stade Brestois 29,Q218372,Q39730,11.0,11.0,Bruno Grougi,1983-04-26,2022-10-11,2023-01-03,normal
3911,Stade Brestois 29,Q218372,Q2410614,11.0,11.0,Éric Roy,1967-09-26,2023-01-03,2026-06-17,normal
3911,Stade Brestois 29,Q218372,Q3189545,11.0,,Julien Lachuer,1976-11-15,2026-06-27,,preferred
4083,FC Crotone,Q6690,Q294302,11.0,11.0,Walter Zenga,1960-04-28,2016-12-08,2018-06-30,normal
4083,FC Crotone,Q6690,Q2656692,11.0,11.0,Giovanni Stroppa,1968-01-24,2018-12-28,2021-03-01,normal
4083,FC Crotone,Q6690,Q2584470,11.0,11.0,Francesco Modesto,1982-02-16,2021-06-09,2021-10-29,normal
4083,FC Crotone,Q6690,Q2584470,11.0,11.0,Francesco Modesto,1982-02-16,2021-12-10,2022-05-29,normal
4083,FC Crotone,Q6690,Q2657704,11.0,,Franco Lerda,1967-08-19,2022-05-30,,preferred
4171,Benevento Calcio,Q652516,Q126503,11.0,11.0,Filippo Inzaghi,1973-08-09,2019-06-22,2021-06-08,normal
4171,Benevento Calcio,Q652516,Q267797,11.0,,Fabio Caserta,1978-09-24,2021-06-15,,preferred
4172,Pisa Sporting Club,Q289613,Q3660370,11.0,11.0,Carmine Gautieri,1970-07-20,2017-06-14,2017-10-19,normal
4172,Pisa Sporting Club,Q289613,Q381747,11.0,11.0,Michele Pazienza,1982-08-05,2017-10-19,2018-03-26,normal
4172,Pisa Sporting Club,Q289613,Q21076846,11.0,11.0,Mario Petrone,1973-03-20,2018-03-26,2018-06-24,normal
4172,Pisa Sporting Club,Q289613,Q3838092,11.0,11.0,Luca D'Angelo,1971-07-26,2018-06-24,2022-06-14,normal
4172,Pisa Sporting Club,Q289613,Q3940276,11.0,11.0,Rolando Maran,1963-07-14,2022-07-01,2022-09-19,normal
4172,Pisa Sporting Club,Q289613,Q3838092,11.0,11.0,Luca D'Angelo,1971-07-26,2022-09-19,2023-06-02,normal
4172,Pisa Sporting Club,Q289613,Q191151,11.0,11.0,Alberto Aquilani,1984-07-07,2023-06-29,2024-06-18,normal
4172,Pisa Sporting Club,Q289613,Q126503,11.0,11.0,Filippo Inzaghi,1973-08-09,2024-07-03,2025-06-13,normal
4172,Pisa Sporting Club,Q289613,Q182451,11.0,11.0,Alberto Gilardino,1982-07-05,2025-06-26,2026-02-01,normal
4172,Pisa Sporting Club,Q289613,Q152067,11.0,11.0,Oscar Hiljemark,1992-06-28,2026-02-03,2026-06-08,normal
4172,Pisa Sporting Club,Q289613,Q1444184,11.0,,Paolo Bianco,1977-08-20,2026-06-22,,preferred
5358,SD Huesca,Q11971,Q3823451,11.0,11.0,Francisco Javier Rodríguez Vílchez,1978-06-17,2018-10-10,2019-06-30,normal
5358,SD Huesca,Q11971,Q2637295,11.0,11.0,Miguel Ángel Sánchez Muñoz,1975-10-30,2019-07-01,2021-01-11,normal
5358,SD Huesca,Q11971,Q301390,11.0,11.0,Francisco Javier Muñoz,1980-09-05,2021-10-27,2022-06-30,normal
5358,SD Huesca,Q11971,Q704571,11.0,11.0,José Ángel Ziganda,1966-10-01,2022-06-13,2023-10-07,normal
5358,SD Huesca,Q11971,Q602465,11.0,,Antonio Hidalgo,1979-02-06,2023-10-11,,preferred
6195,SSC Napoli,Q2641,Q3852721,11.0,11.0,Maurizio Sarri,1959-01-10,2015-07-01,2018-07-13,normal
6195,SSC Napoli,Q2641,Q174614,11.0,11.0,Carlo Ancelotti,1959-06-10,2018-07-01,2019-12-10,normal
6195,SSC Napoli,Q2641,Q116980,11.0,11.0,Gennaro Gattuso,1978-01-09,2019-12-11,2021-05-23,normal
6195,SSC Napoli,Q2641,Q310813,11.0,11.0,Luciano Spalletti,1959-03-07,2021-07-01,2023-06-30,normal
6195,SSC Napoli,Q2641,Q923131,11.0,11.0,Rudi Garcia,1964-02-20,2023-07-01,2023-11-14,normal
6195,SSC Napoli,Q2641,Q370838,11.0,11.0,Walter Mazzarri,1961-10-01,2023-11-14,2024-02-19,normal
6195,SSC Napoli,Q2641,Q113652572,11.0,11.0,Francesco Calzona,1968-10-24,2024-02-19,2024-06-30,normal
6195,SSC Napoli,Q2641,Q26580,11.0,11.0,Antonio Conte,1969-07-31,2024-07-01,2026-05-24,normal
6574,US Sassuolo,Q8603,Q2032119,11.0,11.0,Roberto De Zerbi,1979-06-06,2018-06-13,2021-05-25,normal
6574,US Sassuolo,Q8603,Q65127311,11.0,11.0,Alessio Dionisi,1980-04-01,2021-06-15,2024-02-25,normal
6574,US Sassuolo,Q8603,Q1024171,11.0,11.0,Davide Ballardini,1964-01-06,2024-03-01,2024-06-03,normal
6574,US Sassuolo,Q8603,Q230529,11.0,11.0,Fabio Grosso,1977-11-28,2024-06-03,2026-06-08,normal
6574,US Sassuolo,Q8603,Q191151,,,Alberto Aquilani,1984-07-07,,,preferred
8970,Frosinone Calcio,Q845043,Q3862936,11.0,11.0,Moreno Longo,1976-02-14,2017-06-14,2018-12-19,normal
8970,Frosinone Calcio,Q845043,Q1317738,11.0,11.0,Marco Baroni,1963-09-11,2018-12-19,2019-06-02,normal
8970,Frosinone Calcio,Q845043,Q227892,11.0,11.0,Alessandro Nesta,1976-03-19,2019-07-01,2021-03-22,normal
8970,Frosinone Calcio,Q845043,Q396154,11.0,11.0,Eusebio Di Francesco,1969-09-08,2023-07-01,2024-06-25,normal
8970,Frosinone Calcio,Q845043,Q26972310,11.0,11.0,Vincenzo Vivarini,1966-09-05,2024-07-01,2024-10-22,normal
8970,Frosinone Calcio,Q845043,Q935117,11.0,,Leandro Greco,1986-07-19,2024-10-22,,preferred
10004,Paris FC,Q1051013,Q518054,9.0,9.0,Mehmed Baždarević,1960-09-28,2018-01-01,2019-01-01,normal
10004,Paris FC,Q1051013,Q121891089,11.0,11.0,Stéphane Gilli,1974-04-30,2023-07-01,2026-02-22,normal
10004,Paris FC,Q1051013,Q586555,11.0,11.0,Antoine Kombouaré,1963-11-16,2026-02-22,2026-07-01,normal
12321,Girona FC,Q11945,Q366816,11.0,11.0,Eusebio Sacristán,1964-04-13,2018-07-01,2019-06-30,normal
12321,Girona FC,Q11945,Q560712,11.0,11.0,Juan Carlos Unzué,1967-04-22,2019-07-01,2019-10-21,normal
12321,Girona FC,Q11945,Q2494806,11.0,11.0,Juan Carlos Moreno,1975-04-19,2019-10-21,2019-10-28,normal
12321,Girona FC,Q11945,Q705601,11.0,11.0,José Luis Martí,1975-04-28,2019-10-28,2020-06-30,normal
12321,Girona FC,Q11945,Q3823451,11.0,11.0,Francisco Javier Rodríguez Vílchez,1978-06-17,2020-07-01,2021-06-30,normal
12321,Girona FC,Q11945,Q2637295,11.0,,Miguel Ángel Sánchez Muñoz,1975-10-30,2021-07-09,,preferred
16795,Granada CF,Q8812,Q23939734,11.0,11.0,Diego Martínez Penas,1980-12-16,2018-07-01,2021-06-30,normal
16795,Granada CF,Q8812,Q4888917,11.0,11.0,Rubén Torrecilla,1979-05-24,2022-03-07,2022-04-17,normal
16795,Granada CF,Q8812,Q373064,11.0,11.0,Aitor Karanka,1973-09-18,2022-04-18,2022-11-08,normal
16795,Granada CF,Q8812,Q2519433,11.0,11.0,Paco López,1967-09-19,2022-11-09,2023-11-26,normal
16795,Granada CF,Q8812,Q371399,11.0,11.0,Alexander Medina,1978-08-08,2023-11-27,2024-03-19,normal
16795,Granada CF,Q8812,Q302532,11.0,11.0,José Ramón Sandoval,1968-05-02,2024-03-19,2024-06-30,normal
16795,Granada CF,Q8812,Q51844726,11.0,11.0,Guillermo Abascal,1989-04-13,2024-07-01,2024-09-21,normal
16795,Granada CF,Q8812,Q3259945,11.0,11.0,Fran Escribá,1965-05-03,2024-09-23,2025-05-14,normal
16795,Granada CF,Q8812,Q1704254,11.0,,José Rojo Martín,1968-03-23,2025-05-14,,preferred
23826,RB Leipzig,Q702455,Q874628,11.0,11.0,Ralph Hasenhüttl,1967-08-09,2016-07-01,2018-05-16,normal
23826,RB Leipzig,Q702455,Q57902,11.0,11.0,Ralf Rangnick,1958-06-29,2018-07-09,2019-06-30,normal
23826,RB Leipzig,Q702455,Q21226404,11.0,11.0,Julian Nagelsmann,1987-07-23,2019-07-01,2021-06-30,normal
23826,RB Leipzig,Q702455,Q1336179,11.0,11.0,Jesse Marsch,1973-11-08,2021-07-01,2021-12-05,normal
23826,RB Leipzig,Q702455,Q19257969,11.0,11.0,Achim Beierlorzer,1967-11-20,2021-12-05,2021-12-09,normal
23826,RB Leipzig,Q702455,Q28916689,11.0,11.0,Domenico Tedesco,1985-09-12,2021-12-09,2022-09-07,normal
23826,RB Leipzig,Q702455,Q542990,11.0,11.0,Marco Rose,1976-09-11,2022-09-08,2025-03-30,normal
23826,RB Leipzig,Q702455,Q227356,11.0,10.0,Zsolt Lőw,1979-04-29,2025-03-30,2025-06-01,normal
23826,RB Leipzig,Q702455,Q27050003,11.0,11.0,Ole Werner,1988-05-04,2025-06-24,2026-06-17,normal
23826,RB Leipzig,Q702455,Q150947,11.0,,Martín Demichelis,1980-12-20,2026-06-22,,preferred
