Giornata,Data,Squadra,Campo,Avversario,Risultato squadra,Esito,Periodo,Goal previsti (xG),Possesso palla %,Tiri totali,Tiri in porta,Grandi occasioni,Calci d'angolo,Passaggi riusciti,Passaggi totali,Passaggi %,Cartellini gialli,Cartellini rossi,xG sui Tiri in porta (xGOT),Tiri fuori,Tiri fermati,Tiri dall'area di rigore,Tiri da fuori area,Pali colpiti,Palloni toccati nell'area avversaria,Passaggi filtranti riusciti,Fuorigioco,Punizioni,Passaggi lunghi riusciti,Passaggi lunghi totali,Passaggi lunghi %,Passaggi offensivi riusciti,Passaggi offensivi totali,Passaggi offensivi %,Cross riusciti,Cross totali,Cross %,Assist previsti (xA),Rimesse Laterali,Falli,Tackles riusciti,Tackles totali,Tackles %,Contrasti vinti,Respinte difensive,Palle intercettate,Errori che hanno portato al tiro,Errori che hanno portato al gol,Parate,xGot affrontati,Gol evitati,Gol di testa
1,24.08.2025,Atalanta,Casa,Pisa,1-1,N,Totale,1.91,66,21,6,3,10,477,552,86,2,,2.04,12,3,14,7,1,44,1,0,10,33,53,62,121,157,77,10,32,31,2.01,22,9,8,12,67,57,23,5,0,0,2,0.67,0.67,
1,24.08.2025,Pisa,Trasferta,Atalanta,1-1,N,Totale,0.64,34,11,2,1,4,218,289,75,0,,0.67,6,3,7,4,0,13,1,2,9,37,70,53,44,80,55,6,15,40,1.07,13,10,9,17,53,62,32,8,1,0,5,2.04,1.04,
1,24.08.2025,Atalanta,Casa,Pisa,1-1,N,1° tempo,0.47,60,8,1,0,6,188,235,80,1,,0.37,5,2,5,3,0,16,1,0,3,19,31,61,40,60,67,3,13,23,1.04,14,5,3,7,43,26,15,4,0,0,2,0.67,0.67,
1,24.08.2025,Pisa,Trasferta,Atalanta,1-1,N,1° tempo,0.47,40,6,2,1,3,115,154,75,0,,0.67,4,0,4,2,0,7,1,0,5,20,38,53,27,47,57,4,11,36,0.82,9,3,5,7,71,29,16,7,0,0,1,0.37,0.37,
1,24.08.2025,Atalanta,Casa,Pisa,1-1,N,2° tempo,1.44,71,13,5,3,4,289,317,91,1,,1.67,7,1,9,4,1,28,0,0,7,14,22,64,81,97,84,7,19,37,0.97,8,4,5,5,100,31,8,1,0,0,0,0,0,
1,24.08.2025,Pisa,Trasferta,Atalanta,1-1,N,2° tempo,0.17,29,5,0,0,1,103,135,76,0,,0,2,3,3,2,0,6,0,2,4,17,32,53,17,33,52,2,4,50,0.25,4,7,4,10,40,33,16,1,1,0,4,1.67,0.67,
1,24.08.2025,Cagliari,Casa,Fiorentina,1-1,N,Totale,1.14,45,14,6,2,3,293,356,82,4,,1.01,7,1,10,4,0,25,0,1,14,26,43,60,66,89,74,5,13,38,0.88,18,18,7,12,58,39,27,3,0,0,0,0.78,-0.22,1
1,24.08.2025,Fiorentina,Trasferta,Cagliari,1-1,N,Totale,0.98,55,4,1,2,2,365,439,83,2,,0.78,2,1,2,2,0,10,0,4,18,15,47,32,51,92,55,4,9,44,0.85,15,14,12,18,67,54,16,6,0,1,4,1.01,0.01,1
1,24.08.2025,Cagliari,Casa,Fiorentina,1-1,N,1° tempo,0.17,44,5,2,0,3,153,185,83,2,,0.06,3,0,3,2,0,12,0,1,6,16,26,62,32,47,68,4,10,40,0.2,7,10,2,6,33,15,8,2,0,0,0,0,0,
1,24.08.2025,Fiorentina,Trasferta,Cagliari,1-1,N,1° tempo,0,56,0,0,0,1,211,247,85,0,,0,0,0,0,0,0,2,0,1,10,5,19,26,18,36,50,1,3,33,0.09,8,6,4,7,57,25,12,3,0,0,1,0.06,0.06,
1,24.08.2025,Cagliari,Casa,Fiorentina,1-1,N,2° tempo,0.97,47,9,4,2,0,140,171,82,2,,0.95,4,1,7,2,0,13,0,0,8,10,17,59,34,42,81,1,3,33,0.68,11,8,5,6,83,24,19,1,0,0,0,0.78,-0.22,1
1,24.08.2025,Fiorentina,Trasferta,Cagliari,1-1,N,2° tempo,0.98,53,4,1,2,1,154,192,80,2,,0.78,2,1,2,2,0,8,0,3,8,10,28,36,33,56,59,3,6,50,0.76,7,8,8,11,73,29,4,3,0,1,3,0.95,-0.05,1
1,24.08.2025,Como,Casa,Lazio,2-0,V,Totale,1.31,63,19,6,2,6,484,537,90,2,,1.88,12,1,12,7,1,32,1,0,12,21,32,66,96,124,77,4,15,27,1.18,24,15,18,25,72,59,8,10,0,0,1,0.29,0.29,
1,24.08.2025,Lazio,Trasferta,Como,0-2,P,Totale,0.25,37,5,1,0,0,260,309,84,3,,0.29,3,1,3,2,0,14,0,1,15,20,33,61,38,51,75,3,6,50,0.32,26,12,12,24,50,50,19,11,1,0,4,1.88,-0.12,
1,24.08.2025,Como,Casa,Lazio,2-0,V,1° tempo,0.58,69,8,2,0,3,278,306,91,2,,0.59,5,1,7,1,0,19,0,0,4,11,17,65,50,67,75,3,8,38,0.82,17,11,6,10,60,24,1,7,0,0,1,0.29,0.29,
1,24.08.2025,Lazio,Trasferta,Como,0-2,P,1° tempo,0.12,31,2,1,0,0,108,133,81,1,,0.29,1,0,2,0,0,12,0,0,11,8,16,50,18,24,75,2,3,67,0.21,10,4,5,12,42,28,11,8,0,0,2,0.59,0.59,
1,24.08.2025,Como,Casa,Lazio,2-0,V,2° tempo,0.73,57,11,4,2,3,206,231,89,0,,1.29,7,0,5,6,1,13,1,0,8,10,15,67,46,57,81,1,7,14,0.36,7,4,12,15,80,35,7,3,0,0,0,0,0,
1,24.08.2025,Lazio,Trasferta,Como,0-2,P,2° tempo,0.13,43,3,0,0,0,152,176,86,2,,0,2,1,1,2,0,2,0,1,4,12,17,71,20,27,74,1,3,33,0.11,16,8,7,12,58,22,8,3,1,0,2,1.29,-0.71,
1,23.08.2025,Genoa,Casa,Lecce,0-0,N,Totale,0.5,59,5,2,0,3,327,435,75,2,,0.71,2,1,2,3,0,6,0,0,13,16,54,30,40,80,50,0,10,0,0.22,19,16,15,23,65,60,24,6,0,0,0,0,0,
1,23.08.2025,Lecce,Trasferta,Genoa,0-0,N,Totale,0.37,41,7,0,1,7,207,294,70,3,,0,3,4,5,2,0,16,1,2,16,21,55,38,66,104,63,3,21,14,0.29,28,13,8,15,53,49,18,12,0,0,2,0.71,0.71,
1,23.08.2025,Genoa,Casa,Lecce,0-0,N,1° tempo,0.39,58,2,1,0,1,182,239,76,0,,0.66,1,0,2,0,0,5,0,0,7,8,29,28,21,38,55,0,4,0,0.18,8,5,4,8,50,27,14,3,0,0,0,0,0,
1,23.08.2025,Lecce,Trasferta,Genoa,0-0,N,1° tempo,0.27,42,5,0,1,5,120,169,71,2,,0,1,4,3,2,0,7,1,0,5,10,32,31,31,55,56,1,11,9,0.14,15,7,3,5,60,16,8,5,0,0,1,0.66,0.66,
1,23.08.2025,Genoa,Casa,Lecce,0-0,N,2° tempo,0.11,60,3,1,0,2,145,196,74,2,,0.05,1,1,0,3,0,1,0,0,6,8,25,32,19,42,45,0,6,0,0.04,11,11,11,15,73,33,10,3,0,0,0,0,0,
1,23.08.2025,Lecce,Trasferta,Genoa,0-0,N,2° tempo,0.1,40,2,0,0,2,87,125,70,1,,0,2,0,2,0,0,9,0,2,11,11,23,48,35,49,71,2,10,20,0.15,13,6,5,10,50,33,10,7,0,0,1,0.05,0.05,
1,25.08.2025,Inter,Casa,Torino,5-0,V,Totale,1.59,60,20,9,6,6,530,577,92,,,2.66,8,3,14,6,0,37,0,4,6,36,47,77,83,104,80,7,14,50,1.23,12,14,8,14,57,39,16,6,2,0,4,1.16,1.16,2
1,25.08.2025,Torino,Trasferta,Inter,0-5,P,Totale,0.94,40,12,4,1,5,328,379,87,,,1.16,3,5,8,4,0,16,0,1,14,20,41,49,52,65,80,5,16,31,0.88,12,6,4,10,40,38,10,3,1,3,4,2.66,-2.34,0
1,25.08.2025,Inter,Casa,Torino,5-0,V,1° tempo,0.73,58,11,5,2,4,269,295,91,,,0.97,5,1,8,3,0,18,0,4,2,17,23,74,46,58,79,5,11,45,0.67,9,6,7,11,64,22,6,3,0,0,3,1.13,1.13,1
1,25.08.2025,Torino,Trasferta,Inter,0-5,P,1° tempo,0.33,42,5,3,0,2,185,211,88,,,1.13,1,1,3,2,0,6,0,0,6,13,25,52,25,28,89,4,7,57,0.4,7,2,1,3,33,20,6,1,0,1,3,0.97,-1.03,0
1,25.08.2025,Inter,Casa,Torino,5-0,V,2° tempo,0.86,62,9,4,4,2,261,282,93,,,1.69,3,2,6,3,0,19,0,0,4,19,24,79,37,46,80,2,3,67,0.56,3,8,1,3,33,17,10,3,2,0,1,0.03,0.03,1
1,25.08.2025,Torino,Trasferta,Inter,0-5,P,2° tempo,0.61,38,7,1,1,3,143,168,85,,,0.03,2,4,5,2,0,10,0,1,8,7,16,44,27,37,73,1,9,11,0.48,5,4,3,7,43,18,4,2,1,2,1,1.69,-1.31,0
1,24.08.2025,Juventus,Casa,Parma,2-0,V,Totale,2.35,64,25,8,4,6,457,512,89,1,1,2.18,12,5,14,11,1,35,1,0,13,13,28,46,172,197,87,7,18,39,1.68,15,9,9,15,60,61,19,12,0,0,1,0.05,0.05,
1,24.08.2025,Parma,Trasferta,Juventus,0-2,P,Totale,0.62,36,8,2,1,6,207,275,75,2,0,0.05,4,2,4,4,0,10,0,0,9,23,51,45,38,64,59,4,17,24,0.85,17,13,7,12,58,38,18,6,0,0,6,2.18,0.18,
1,24.08.2025,Juventus,Casa,Parma,2-0,V,1° tempo,1.01,70,12,3,2,3,249,271,92,1,,0.16,8,1,7,5,0,20,1,0,5,9,15,60,104,118,88,3,11,27,0.86,7,7,4,10,40,34,11,9,0,0,0,0,0,
1,24.08.2025,Parma,Trasferta,Juventus,0-2,P,1° tempo,0.04,30,1,0,0,3,82,112,73,0,,0,0,1,1,0,0,5,0,0,7,10,22,45,14,24,58,1,8,13,0.23,9,5,3,7,43,22,13,1,0,0,3,0.16,0.16,
1,24.08.2025,Juventus,Casa,Parma,2-0,V,2° tempo,1.34,59,13,5,2,3,208,241,86,0,1,2.02,4,4,7,6,1,15,0,0,8,4,13,31,68,79,86,4,7,57,0.82,8,2,5,5,100,27,8,3,0,0,1,0.05,0.05,
1,24.08.2025,Parma,Trasferta,Juventus,0-2,P,2° tempo,0.58,41,7,2,1,3,125,163,77,2,0,0.05,4,1,3,4,0,5,0,0,2,13,29,45,24,40,60,3,9,33,0.62,8,8,4,5,80,16,5,5,0,0,3,2.02,0.02,
1,23.08.2025,Milan,Casa,Cremonese,1-2,P,Totale,1.92,64,24,6,2,9,551,608,91,1,,1.5,9,9,16,8,2,49,0,1,14,25,37,68,149,185,81,9,22,41,2.2,28,10,5,8,63,47,20,4,1,0,1,1.21,-0.79,1
1,23.08.2025,Cremonese,Trasferta,Milan,2-1,V,Totale,0.2,36,4,3,1,2,278,340,82,4,,1.21,1,0,4,0,0,5,0,1,10,18,50,36,31,59,53,4,16,25,0.22,14,14,13,17,76,40,37,6,1,0,4,1.5,0.5,1
1,23.08.2025,Milan,Casa,Cremonese,1-2,P,1° tempo,0.76,69,9,1,1,3,353,384,92,,,0.81,4,4,6,3,1,18,0,1,3,13,20,65,87,109,80,1,8,13,0.97,17,2,1,2,50,10,8,3,1,0,1,0.59,-0.41,1
1,23.08.2025,Cremonese,Trasferta,Milan,2-1,V,1° tempo,0.11,31,3,2,1,2,138,167,83,,,0.59,1,0,3,0,0,4,0,1,2,10,22,45,13,26,50,3,10,30,0.09,6,3,7,9,78,16,23,4,0,0,0,0.81,-0.19,1
1,23.08.2025,Milan,Casa,Cremonese,1-2,P,2° tempo,1.16,57,15,5,1,6,198,224,88,1,,0.69,5,5,10,5,1,31,0,0,11,12,17,71,62,76,82,8,14,57,1.23,11,8,4,6,67,37,12,1,0,0,0,0.62,-0.38,
1,23.08.2025,Cremonese,Trasferta,Milan,2-1,V,2° tempo,0.09,43,1,1,0,0,140,173,81,4,,0.62,0,0,1,0,0,1,0,0,8,8,28,29,18,33,55,1,6,17,0.13,8,11,6,8,75,24,14,2,1,0,4,0.69,0.69,
1,23.08.2025,Roma,Casa,Bologna,1-0,V,Totale,1.57,51,14,4,2,2,338,414,82,1,,1.2,9,1,8,6,1,24,0,1,13,26,59,44,66,96,69,3,8,38,0.34,16,15,7,13,54,43,17,9,0,0,2,0.63,0.63,
1,23.08.2025,Bologna,Trasferta,Roma,0-1,P,Totale,0.58,49,10,2,0,4,301,388,78,1,,0.63,7,1,6,4,1,10,0,1,15,36,70,51,33,59,56,4,14,29,0.26,23,13,9,14,64,48,16,5,2,1,3,1.2,0.2,
1,23.08.2025,Roma,Casa,Bologna,1-0,V,1° tempo,0.35,54,7,2,0,0,214,257,83,0,,0.32,5,0,4,3,1,11,0,0,5,10,32,31,34,51,67,2,4,50,0.18,5,7,4,7,57,18,10,3,0,0,1,0.61,0.61,
1,23.08.2025,Bologna,Trasferta,Roma,0-1,P,1° tempo,0.07,46,2,1,0,3,160,210,76,1,,0.61,1,0,1,1,0,2,0,1,7,15,35,43,12,25,48,0,7,0,0.02,11,5,4,5,80,23,9,3,1,0,2,0.32,0.32,
1,23.08.2025,Roma,Casa,Bologna,1-0,V,2° tempo,1.22,46,7,2,2,2,124,157,79,1,,0.88,4,1,4,3,0,13,0,1,8,16,27,59,32,45,71,1,4,25,0.16,11,8,3,6,50,25,7,6,0,0,1,0.02,0.02,
1,23.08.2025,Bologna,Trasferta,Roma,0-1,P,2° tempo,0.51,54,8,1,0,1,141,178,79,0,,0.02,6,1,5,3,1,8,0,0,8,21,35,60,21,34,62,4,7,57,0.24,12,8,5,9,56,25,7,2,1,1,1,0.88,-0.12,
1,23.08.2025,Sassuolo,Casa,Napoli,0-2,P,Totale,0.38,38,7,2,0,1,311,368,85,3,1,0.04,4,1,3,4,0,9,0,0,17,12,39,31,54,78,69,0,4,0,0.38,10,17,13,16,81,45,14,12,2,0,2,1.24,-0.76,0
1,23.08.2025,Napoli,Trasferta,Sassuolo,2-0,V,Totale,1.19,62,13,4,2,2,545,606,90,1,0,1.24,4,5,7,6,2,12,2,0,17,17,32,53,84,108,78,2,10,20,0.67,18,17,9,14,64,54,10,5,0,0,2,0.04,0.04,1
1,23.08.2025,Sassuolo,Casa,Napoli,0-2,P,1° tempo,0.02,39,1,1,0,0,149,186,80,,,0.03,0,0,0,1,0,3,0,0,10,7,23,30,22,41,54,0,1,0,0.03,8,7,10,12,83,25,9,7,2,0,1,0.63,-0.37,0
1,23.08.2025,Napoli,Trasferta,Sassuolo,2-0,V,1° tempo,0.53,61,6,2,1,2,250,284,88,,,0.63,3,1,4,2,1,7,1,0,7,5,11,45,33,43,77,2,8,25,0.44,13,10,5,8,63,27,8,4,0,0,1,0.03,0.03,1
1,23.08.2025,Sassuolo,Casa,Napoli,0-2,P,2° tempo,0.36,37,6,1,0,1,162,182,89,3,1,0.01,4,1,3,3,0,6,0,0,7,5,16,31,32,37,86,0,3,0,0.35,2,10,3,4,75,20,5,5,0,0,1,0.61,-0.39,
1,23.08.2025,Napoli,Trasferta,Sassuolo,2-0,V,2° tempo,0.66,63,7,2,1,0,295,322,92,1,0,0.61,1,4,3,4,1,5,1,0,10,12,21,57,51,65,78,0,2,0,0.23,5,7,4,6,67,27,2,1,0,0,1,0.01,0.01,
1,25.08.2025,Udinese,Casa,Verona,1-1,N,Totale,0.73,63,14,4,1,5,416,478,87,3,,0.76,6,4,8,6,2,18,1,2,14,33,48,69,85,121,70,4,21,19,0.84,19,10,9,13,69,59,35,3,0,0,2,0.96,-0.04,1
1,25.08.2025,Verona,Trasferta,Udinese,1-1,N,Totale,0.55,37,9,3,1,1,210,286,73,2,,0.96,4,2,2,7,1,5,0,2,10,24,58,41,44,84,52,1,8,13,0.15,20,14,12,22,55,56,26,10,0,0,4,0.76,-0.24,0
1,25.08.2025,Udinese,Casa,Verona,1-1,N,1° tempo,0.25,67,6,2,0,3,257,289,89,1,,0.13,2,2,3,3,0,8,0,1,6,17,27,63,56,79,71,2,12,17,0.33,8,4,5,9,56,32,18,3,0,0,1,0.07,0.07,
1,25.08.2025,Verona,Trasferta,Udinese,1-1,N,1° tempo,0.09,33,3,1,0,0,102,147,69,0,,0.07,1,1,0,3,0,1,0,1,4,12,30,40,21,43,49,0,2,0,0.04,7,6,9,17,53,31,17,7,0,0,3,0.13,0.13,
1,25.08.2025,Udinese,Casa,Verona,1-1,N,2° tempo,0.48,58,8,2,1,2,159,189,84,2,,0.63,4,2,5,3,2,10,1,1,8,16,21,76,29,42,69,2,9,22,0.51,11,6,4,4,100,27,17,0,0,0,1,0.89,-0.11,1
1,25.08.2025,Verona,Trasferta,Udinese,1-1,N,2° tempo,0.46,42,6,2,1,1,108,139,78,2,,0.89,3,1,2,4,1,4,0,1,6,12,28,43,23,41,56,1,6,17,0.11,13,8,3,5,60,25,9,3,0,0,1,0.63,-0.37,0
2,30.08.2025,Bologna,Casa,Como,1-0,V,Totale,1.1,36,15,2,1,7,169,242,70,4,,0.76,6,7,10,5,0,17,0,3,19,21,56,38,28,59,47,5,17,29,0.57,28,13,11,16,69,53,26,9,0,0,2,0.02,0.02,
2,30.08.2025,Como,Trasferta,Bologna,0-1,P,Totale,0.7,64,13,2,0,4,379,459,83,3,,0.02,5,6,8,5,0,30,0,0,13,18,41,44,54,88,61,4,11,36,0.61,21,19,10,16,63,48,25,7,0,0,1,0.76,-0.24,
2,30.08.2025,Bologna,Casa,Como,1-0,V,1° tempo,0.6,41,5,1,1,3,98,132,74,2,,0.06,2,2,4,1,0,6,0,1,11,12,29,41,15,29,52,2,9,22,0.27,17,4,5,10,50,27,6,5,0,0,0,0,0,
2,30.08.2025,Como,Trasferta,Bologna,0-1,P,1° tempo,0.22,59,5,0,0,2,165,200,83,2,,0,3,2,3,2,0,11,0,0,4,9,18,50,17,31,55,2,5,40,0.09,10,11,6,8,75,17,12,3,0,0,1,0.06,0.06,
2,30.08.2025,Bologna,Casa,Como,1-0,V,2° tempo,0.5,31,10,1,0,4,71,110,65,2,,0.7,4,5,6,4,0,11,0,2,8,9,27,33,13,30,43,3,8,38,0.3,11,9,6,6,100,26,20,4,0,0,2,0.02,0.02,
2,30.08.2025,Como,Trasferta,Bologna,0-1,P,2° tempo,0.48,69,8,2,0,2,214,259,83,1,,0.02,2,4,5,3,0,19,0,0,9,9,23,39,37,57,65,2,6,33,0.52,11,8,4,8,50,31,13,4,0,0,0,0.7,-0.3,
2,29.08.2025,Cremonese,Casa,Sassuolo,3-2,V,Totale,3.31,42,11,6,6,5,271,359,75,2,,3.2,2,3,8,3,0,17,0,0,17,21,58,36,55,91,60,2,16,13,0.59,30,12,12,19,63,55,17,5,0,0,4,1.96,-0.04,1
2,29.08.2025,Sassuolo,Trasferta,Cremonese,2-3,P,Totale,1.32,58,9,6,2,4,428,507,84,2,,1.96,2,1,6,3,1,22,0,2,12,28,59,47,78,115,68,4,14,29,0.41,14,17,8,11,73,42,27,3,0,1,3,3.2,0.2,0
2,29.08.2025,Cremonese,Casa,Sassuolo,3-2,V,1° tempo,1.84,41,5,2,3,4,129,167,77,1,,1.78,1,2,4,1,0,6,0,0,6,12,27,44,18,34,53,1,8,13,0.14,16,8,5,9,56,21,7,3,0,0,4,0.45,0.45,1
2,29.08.2025,Sassuolo,Trasferta,Cremonese,2-3,P,1° tempo,0.18,59,5,4,0,3,207,242,86,1,,0.45,0,1,3,2,1,8,0,1,8,13,28,46,39,60,65,2,7,29,0.13,8,6,2,3,67,19,12,2,0,1,0,1.78,-0.22,0
2,29.08.2025,Cremonese,Casa,Sassuolo,3-2,V,2° tempo,1.47,42,6,4,3,1,142,192,74,1,,1.42,1,1,4,2,0,11,0,0,11,9,31,29,37,57,65,1,8,13,0.45,14,4,7,10,70,34,10,2,0,0,0,1.51,-0.49,
2,29.08.2025,Sassuolo,Trasferta,Cremonese,2-3,P,2° tempo,1.14,58,4,2,2,1,221,265,83,1,,1.51,2,0,3,1,0,14,0,1,4,15,31,48,39,55,71,2,7,29,0.28,6,11,6,8,75,23,15,1,0,0,3,1.42,0.42,
2,31.08.2025,Genoa,Casa,Juventus,0-1,P,Totale,0.55,44,10,1,0,3,264,350,75,1,,0.12,6,3,6,4,1,14,0,0,15,12,44,27,45,77,58,3,17,18,0.57,23,14,12,21,57,60,20,6,0,0,2,1.35,0.35,0
2,31.08.2025,Juventus,Trasferta,Genoa,1-0,V,Totale,1.03,56,13,3,2,4,358,449,80,2,,1.35,4,6,8,5,0,20,0,2,14,21,46,46,63,90,70,5,14,36,0.61,31,15,13,26,50,59,21,6,1,0,1,0.12,0.12,1
2,31.08.2025,Genoa,Casa,Juventus,0-1,P,1° tempo,0.13,39,2,1,0,0,119,156,76,0,,0.12,1,0,1,1,0,5,0,0,11,6,17,35,15,28,54,1,7,14,0.21,10,9,7,14,50,31,9,1,0,0,2,0.68,0.68,
2,31.08.2025,Juventus,Trasferta,Genoa,1-0,V,1° tempo,0.67,61,7,2,1,2,209,250,84,1,,0.68,1,4,5,2,0,9,0,1,9,6,20,30,27,37,73,2,6,33,0.18,11,11,7,14,50,30,3,3,0,0,1,0.12,0.12,
2,31.08.2025,Genoa,Casa,Juventus,0-1,P,2° tempo,0.42,50,8,0,0,3,145,194,75,1,,0,5,3,5,3,1,9,0,0,4,6,27,22,30,49,61,2,10,20,0.36,13,5,5,7,71,29,11,5,0,0,0,0.67,-0.33,0
2,31.08.2025,Juventus,Trasferta,Genoa,1-0,V,2° tempo,0.36,50,6,1,1,2,149,199,75,1,,0.67,3,2,3,3,0,11,0,1,5,15,26,58,36,53,68,3,8,38,0.43,20,4,6,12,50,29,18,3,1,0,0,0,0,1
2,31.08.2025,Inter,Casa,Udinese,1-2,P,Totale,1.97,68,16,4,3,13,426,497,86,1,,1.43,10,2,13,3,0,41,0,2,5,36,62,58,106,149,71,8,37,22,0.93,25,17,6,12,50,48,16,5,1,0,3,2.07,0.07,
2,31.08.2025,Udinese,Trasferta,Inter,2-1,V,Totale,1.21,32,10,5,1,2,179,245,73,3,,2.07,4,1,4,6,0,13,0,0,17,21,59,36,46,78,59,1,12,8,0.29,21,5,3,8,38,47,45,4,0,0,2,1.43,0.43,
2,31.08.2025,Inter,Casa,Udinese,1-2,P,1° tempo,1.22,52,6,2,1,2,164,195,84,0,,0.99,4,0,6,0,0,12,0,0,2,10,24,42,15,30,50,3,6,50,0.22,10,8,5,11,45,22,8,3,0,0,2,2.04,0.04,
2,31.08.2025,Udinese,Trasferta,Inter,2-1,V,1° tempo,1.04,48,6,4,1,2,146,178,82,1,,2.04,2,0,2,4,0,8,0,0,8,14,31,45,36,53,68,0,6,0,0.19,13,2,1,3,33,20,10,1,0,0,0,0.99,-0.01,
2,31.08.2025,Inter,Casa,Udinese,1-2,P,2° tempo,0.75,82,10,2,2,11,262,302,87,1,,0.44,6,2,7,3,0,29,0,2,3,26,38,68,91,119,76,5,31,16,0.71,15,9,1,1,100,26,8,2,1,0,1,0.03,0.03,
2,31.08.2025,Udinese,Trasferta,Inter,2-1,V,2° tempo,0.17,18,4,1,0,0,33,67,49,2,,0.03,2,1,2,2,0,5,0,0,9,7,28,25,10,25,40,1,6,17,0.1,8,3,2,5,40,27,35,3,0,0,2,0.44,0.44,
2,31.08.2025,Lazio,Casa,Verona,4-0,V,Totale,4.13,70,22,6,6,8,643,702,92,,,3.63,8,8,14,8,0,31,3,1,19,37,48,77,127,162,78,4,20,20,2.31,17,8,6,9,67,52,5,14,4,0,4,0.8,0.8,1
2,31.08.2025,Verona,Trasferta,Lazio,0-4,P,Totale,0.92,30,12,4,0,1,236,300,79,,,0.8,5,3,8,4,1,20,1,1,8,23,49,47,33,53,62,2,7,29,0.64,12,19,12,20,60,37,24,9,0,2,2,3.63,-0.37,0
2,31.08.2025,Lazio,Casa,Verona,4-0,V,1° tempo,1.78,68,9,3,3,2,305,333,92,,,2.44,3,3,6,3,0,14,1,0,11,24,30,80,70,84,83,2,11,18,1.07,9,6,2,2,100,24,3,11,2,0,3,0.77,0.77,1
2,31.08.2025,Verona,Trasferta,Lazio,0-4,P,1° tempo,0.35,32,6,3,0,0,121,155,78,,,0.77,2,1,3,3,1,7,1,1,6,11,25,44,18,28,64,0,4,0,0.39,7,11,7,13,54,22,12,4,0,2,0,2.44,-0.56,0
2,31.08.2025,Lazio,Casa,Verona,4-0,V,2° tempo,2.35,72,13,3,3,6,338,369,92,,,1.19,5,5,8,5,0,17,2,1,8,13,18,72,57,78,73,2,9,22,1.24,8,2,4,7,57,28,2,3,2,0,1,0.03,0.03,
2,31.08.2025,Verona,Trasferta,Lazio,0-4,P,2° tempo,0.57,28,6,1,0,1,115,145,79,,,0.03,3,2,5,1,0,13,0,0,2,12,24,50,15,25,60,2,3,67,0.25,5,8,5,7,71,15,12,5,0,0,2,1.19,0.19,
2,29.08.2025,Lecce,Casa,Milan,0-2,P,Totale,0.29,45,7,2,0,4,331,388,85,1,,0.6,2,3,5,2,1,19,0,1,8,31,51,61,79,111,71,4,19,21,1.42,13,10,9,16,56,40,18,1,0,1,4,2.66,0.66,0
2,29.08.2025,Milan,Trasferta,Lecce,2-0,V,Totale,1.84,55,14,6,4,5,416,482,86,0,,2.66,5,3,11,3,0,35,2,4,10,23,51,45,89,117,76,7,16,44,1.44,17,8,11,18,61,42,17,9,0,0,2,0.6,0.6,1
2,29.08.2025,Lecce,Casa,Milan,0-2,P,1° tempo,0.12,39,3,0,0,1,150,179,84,,,0,1,2,2,1,1,10,0,1,5,15,27,56,22,36,61,3,8,38,0.33,2,6,9,14,64,29,14,0,0,0,1,0.56,0.56,
2,29.08.2025,Milan,Trasferta,Lecce,2-0,V,1° tempo,0.91,61,5,1,2,3,252,287,88,,,0.56,2,2,4,1,0,19,2,0,6,15,32,47,53,69,77,3,10,30,1.01,11,5,7,12,58,25,4,3,0,0,0,0,0,
2,29.08.2025,Lecce,Casa,Milan,0-2,P,2° tempo,0.17,52,4,2,0,3,181,209,87,1,,0.6,1,1,3,1,0,9,0,0,3,16,24,67,57,75,76,1,11,9,1.09,11,4,0,2,0,11,4,1,0,1,3,2.1,0.1,0
2,29.08.2025,Milan,Trasferta,Lecce,2-0,V,2° tempo,0.93,48,9,5,2,2,164,195,84,0,,2.1,3,1,7,2,0,16,0,4,4,8,19,42,36,48,75,4,6,67,0.43,6,3,4,6,67,17,13,6,0,0,2,0.6,0.6,1
2,30.08.2025,Napoli,Casa,Cagliari,1-0,V,Totale,1.59,67,20,6,2,13,554,615,90,2,,0.85,8,6,15,5,1,37,1,3,12,16,20,80,133,174,76,7,42,17,1.8,23,16,3,4,75,32,6,7,1,0,1,0.01,0.01,
2,30.08.2025,Cagliari,Trasferta,Napoli,0-1,P,Totale,0.54,33,10,1,1,0,252,310,81,1,,0.01,8,1,3,7,0,9,0,1,16,16,44,36,26,43,60,3,6,50,0.36,5,12,8,16,50,48,42,4,2,0,5,0.85,-0.15,
2,30.08.2025,Napoli,Casa,Cagliari,1-0,V,1° tempo,0.26,63,6,2,0,3,304,329,92,0,,0.38,1,3,3,3,0,17,1,1,4,8,11,73,65,81,80,0,16,0,0.4,11,8,0,0,0,10,3,5,1,0,0,0,0,
2,30.08.2025,Cagliari,Trasferta,Napoli,0-1,P,1° tempo,0.22,37,5,0,0,0,173,204,85,1,,0,5,0,2,3,0,4,0,1,8,11,23,48,15,26,58,1,2,50,0.18,3,4,4,5,80,20,14,2,1,0,2,0.38,0.38,
2,30.08.2025,Napoli,Casa,Cagliari,1-0,V,2° tempo,1.33,73,14,4,2,10,250,286,87,2,,0.47,7,3,12,2,1,20,0,2,8,8,9,89,68,93,73,7,26,27,1.4,12,8,3,4,75,22,3,2,0,0,1,0.01,0.01,
2,30.08.2025,Cagliari,Trasferta,Napoli,0-1,P,2° tempo,0.32,27,5,1,1,0,79,106,75,0,,0.01,3,1,1,4,0,5,0,0,8,5,21,24,11,17,65,2,4,50,0.18,2,8,4,11,36,28,28,2,1,0,3,0.47,-0.53,
2,30.08.2025,Parma,Casa,Atalanta,1-1,N,Totale,0.68,46,7,3,1,1,269,345,78,2,,1.23,3,1,3,4,0,19,0,1,15,23,57,40,68,117,58,3,23,13,0.29,17,8,6,10,60,41,16,8,1,0,2,0.55,-0.45,
2,30.08.2025,Atalanta,Trasferta,Parma,1-1,N,Totale,0.81,54,11,3,1,2,334,420,80,2,,0.55,4,4,8,3,1,25,0,4,8,31,66,47,64,100,64,2,9,22,1.26,17,15,14,23,61,59,49,7,0,0,2,1.23,0.23,
2,30.08.2025,Parma,Casa,Atalanta,1-1,N,1° tempo,0.11,47,4,1,0,0,176,217,81,,,0.17,2,1,0,4,0,10,0,1,5,14,35,40,40,63,63,0,6,0,0.14,8,1,3,5,60,15,11,4,1,0,0,0,0,
2,30.08.2025,Atalanta,Trasferta,Parma,1-1,N,1° tempo,0.29,53,5,0,0,2,200,242,83,,,0,3,2,3,2,1,11,0,2,1,15,32,47,30,48,63,0,5,0,0.64,8,5,9,15,60,32,22,4,0,0,1,0.17,0.17,
2,30.08.2025,Parma,Casa,Atalanta,1-1,N,2° tempo,0.57,45,3,2,1,1,93,128,73,2,,1.06,1,0,3,0,0,9,0,0,10,9,22,41,28,54,52,3,17,18,0.15,9,7,3,5,60,26,5,4,0,0,2,0.55,-0.45,
2,30.08.2025,Atalanta,Trasferta,Parma,1-1,N,2° tempo,0.52,55,6,3,1,0,134,178,75,2,,0.55,1,2,5,1,0,14,0,2,7,16,34,47,34,52,65,2,4,50,0.62,9,10,5,8,63,27,27,3,0,0,1,1.06,0.06,
2,30.08.2025,Pisa,Casa,Roma,0-1,P,Totale,0.55,31,7,3,2,1,176,266,66,2,,0.4,4,0,2,5,0,8,0,2,10,18,54,33,42,68,62,2,11,18,0.46,19,14,12,22,55,53,37,11,0,0,4,0.81,-0.19,
2,30.08.2025,Roma,Trasferta,Pisa,1-0,V,Totale,0.78,69,10,5,1,7,485,581,83,1,,0.81,2,3,6,4,0,35,0,1,14,30,62,48,147,199,74,5,27,19,1.46,26,10,7,16,44,66,23,7,0,0,3,0.4,0.4,
2,30.08.2025,Pisa,Casa,Roma,0-1,P,1° tempo,0.36,28,2,1,2,0,85,128,66,1,,0.32,1,0,2,0,0,5,0,0,5,11,25,44,24,38,63,1,5,20,0.33,10,4,4,9,44,26,21,6,0,0,1,0.2,0.2,
2,30.08.2025,Roma,Trasferta,Pisa,1-0,V,1° tempo,0.07,72,2,1,0,2,277,330,84,1,,0.2,0,1,1,1,0,7,0,1,4,14,33,42,68,98,69,3,12,25,0.24,14,5,3,7,43,28,8,5,0,0,1,0.32,0.32,
2,30.08.2025,Pisa,Casa,Roma,0-1,P,2° tempo,0.19,35,5,2,0,1,91,138,66,1,,0.08,3,0,0,5,0,3,0,2,5,7,29,24,18,30,60,1,6,17,0.13,9,10,8,13,62,27,16,5,0,0,3,0.61,-0.39,
2,30.08.2025,Roma,Trasferta,Pisa,1-0,V,2° tempo,0.71,65,8,4,1,5,208,251,83,0,,0.61,2,2,5,3,0,28,0,0,10,16,29,55,79,101,78,2,15,13,1.22,12,5,4,9,44,38,15,2,0,0,2,0.08,0.08,
2,31.08.2025,Torino,Casa,Fiorentina,0-0,N,Totale,1.02,45,7,4,2,7,225,292,77,2,,1.35,2,1,6,1,0,22,0,2,13,24,44,55,54,89,61,5,18,28,0.6,18,21,5,7,71,43,21,6,0,0,3,0.38,0.38,
2,31.08.2025,Fiorentina,Trasferta,Torino,0-0,N,Totale,1.75,55,16,4,1,3,307,369,83,2,,0.38,8,4,8,8,0,20,1,1,21,17,36,47,46,70,66,4,11,36,0.54,13,13,5,11,45,48,23,10,0,0,4,1.35,1.35,
2,31.08.2025,Torino,Casa,Fiorentina,0-0,N,1° tempo,0.77,42,5,4,2,1,109,143,76,1,,1.35,1,0,4,1,0,7,0,1,8,16,23,70,23,39,59,2,4,50,0.25,9,12,2,4,50,22,7,4,0,0,2,0.3,0.3,
2,31.08.2025,Fiorentina,Trasferta,Torino,0-0,N,1° tempo,0.53,58,8,2,0,2,170,202,84,1,,0.3,5,1,3,5,0,6,1,0,12,10,20,50,21,37,57,3,6,50,0.38,4,8,3,6,50,26,6,8,0,0,4,1.35,1.35,
2,31.08.2025,Torino,Casa,Fiorentina,0-0,N,2° tempo,0.25,49,2,0,0,6,116,149,78,1,,0,1,1,2,0,0,15,0,1,5,8,21,38,31,50,62,3,14,21,0.35,9,9,3,3,100,21,14,2,0,0,1,0.08,0.08,
2,31.08.2025,Fiorentina,Trasferta,Torino,0-0,N,2° tempo,1.22,51,8,2,1,1,137,167,82,1,,0.08,3,3,5,3,0,14,0,1,9,7,16,44,25,33,76,1,5,20,0.16,9,5,2,5,40,22,17,2,0,0,0,0,0,
3,14.09.2025,Atalanta,Casa,Lecce,4-1,V,Totale,2.12,57,19,8,4,8,390,456,86,,,2.13,8,3,13,6,1,34,0,3,7,14,34,41,95,130,73,3,23,13,0.91,14,12,11,14,79,47,20,6,1,0,2,0.65,-0.35,1
3,14.09.2025,Lecce,Trasferta,Atalanta,1-4,P,Totale,0.47,43,12,3,1,2,284,357,80,,,0.65,4,5,4,8,0,18,0,1,12,20,52,38,94,140,67,4,12,33,0.45,18,7,6,13,46,44,30,9,1,1,4,2.13,-1.87,0
3,14.09.2025,Atalanta,Casa,Lecce,4-1,V,1° tempo,0.34,54,6,1,1,5,178,220,81,,,0.52,3,2,4,2,0,12,0,1,5,8,20,40,46,70,66,3,15,20,0.36,9,6,4,6,67,24,8,3,1,0,1,0.03,0.03,1
3,14.09.2025,Lecce,Trasferta,Atalanta,1-4,P,1° tempo,0.2,46,7,1,0,1,152,196,78,,,0.03,3,3,1,6,0,12,0,1,6,13,32,41,54,86,63,2,5,40,0.27,10,5,1,5,20,20,19,7,0,0,0,0.52,-0.48,0
3,14.09.2025,Atalanta,Casa,Lecce,4-1,V,2° tempo,1.78,59,13,7,3,3,212,236,90,,,1.61,5,1,9,4,1,22,0,2,2,6,14,43,49,60,82,0,8,0,0.55,5,6,7,8,88,23,12,3,0,0,1,0.62,-0.38,
3,14.09.2025,Lecce,Trasferta,Atalanta,1-4,P,2° tempo,0.27,41,5,2,1,1,132,161,82,,,0.62,1,2,3,2,0,6,0,0,6,7,20,35,40,54,74,2,7,29,0.18,8,2,5,8,63,24,11,2,1,1,4,1.61,-1.39,
3,13.09.2025,Cagliari,Casa,Parma,2-0,V,Totale,1.12,51,12,5,4,4,319,396,81,3,,1.59,3,4,8,4,1,16,0,3,18,23,53,43,42,67,63,2,13,15,0.49,21,15,8,14,57,53,32,10,2,0,6,1.03,1.03,1
3,13.09.2025,Parma,Trasferta,Cagliari,0-2,P,Totale,1.96,49,17,5,4,5,303,375,81,1,,1.03,5,7,11,6,1,26,0,0,15,18,49,37,71,115,62,7,20,35,0.99,19,18,13,20,65,58,14,5,0,0,3,1.59,-0.41,0
3,13.09.2025,Cagliari,Casa,Parma,2-0,V,1° tempo,0.74,59,7,2,2,3,213,254,84,1,,1.02,2,3,3,4,0,8,0,1,8,7,18,39,20,31,65,2,11,18,0.36,13,6,6,7,86,28,21,5,2,0,3,0.44,0.44,1
3,13.09.2025,Parma,Trasferta,Cagliari,0-2,P,1° tempo,1.15,41,9,3,3,3,131,174,75,1,,0.44,1,5,6,3,0,16,0,0,6,6,25,24,30,52,58,3,12,25,0.48,10,8,7,11,64,31,6,4,0,0,1,1.02,0.02,0
3,13.09.2025,Cagliari,Casa,Parma,2-0,V,2° tempo,0.38,41,5,3,2,1,106,142,75,2,,0.57,1,1,5,0,1,8,0,2,10,16,35,46,22,36,61,0,2,0,0.13,8,9,2,7,29,25,11,5,0,0,3,0.59,0.59,
3,13.09.2025,Parma,Trasferta,Cagliari,0-2,P,2° tempo,0.81,59,8,2,1,2,172,201,86,0,,0.59,4,2,5,3,1,10,0,0,9,12,24,50,41,63,65,4,8,50,0.51,9,10,6,9,67,27,8,1,0,0,2,0.57,-0.43,
3,15.09.2025,Como,Casa,Genoa,1-1,N,Totale,1.83,53,13,4,2,0,379,452,84,2,1,1.02,3,6,7,6,0,16,0,0,17,25,45,56,58,80,73,0,7,0,0.42,32,13,6,15,40,55,24,6,0,0,4,1.32,0.32,
3,15.09.2025,Genoa,Trasferta,Como,1-1,N,Totale,2.34,47,12,6,5,8,323,396,82,2,0,1.32,0,6,9,3,1,23,1,0,13,24,43,56,59,92,64,2,18,11,0.84,22,17,20,30,67,69,17,10,0,0,3,1.02,0.02,
3,15.09.2025,Como,Casa,Genoa,1-1,N,1° tempo,1.25,57,9,3,2,0,226,264,86,1,,0.89,2,4,4,5,0,8,0,0,10,10,16,63,23,31,74,0,3,0,0.14,19,3,2,8,25,33,8,1,0,0,3,0.31,0.31,
3,15.09.2025,Genoa,Trasferta,Como,1-1,N,1° tempo,0.97,43,4,3,2,2,156,197,79,1,,0.31,0,1,3,1,0,6,1,0,3,13,24,54,20,37,54,0,7,0,0.22,9,10,11,18,61,30,2,5,0,0,2,0.89,-0.11,
3,15.09.2025,Como,Casa,Genoa,1-1,N,2° tempo,0.58,48,4,1,0,0,153,188,81,1,1,0.13,1,2,3,1,0,8,0,0,7,15,29,52,35,49,71,0,4,0,0.28,13,10,4,7,57,22,16,5,0,0,1,1.01,0.01,
3,15.09.2025,Genoa,Trasferta,Como,1-1,N,2° tempo,1.37,52,8,3,3,6,167,199,84,1,0,1.01,0,5,6,2,1,17,0,0,10,11,19,58,39,55,71,2,11,18,0.62,13,7,9,12,75,39,15,5,0,0,1,0.13,0.13,
3,13.09.2025,Fiorentina,Casa,Napoli,1-3,P,Totale,1.65,53,19,3,2,8,373,456,82,,,0.43,8,8,14,5,0,32,1,0,14,18,47,38,69,112,62,7,23,30,1.44,14,14,7,13,54,52,15,6,0,0,5,3.53,0.53,
3,13.09.2025,Napoli,Trasferta,Fiorentina,3-1,V,Totale,3.29,47,14,9,6,5,346,419,83,,,3.53,2,3,11,3,1,27,2,0,14,16,47,34,72,105,69,1,12,8,1.71,11,14,11,14,79,53,32,6,1,0,2,0.43,-0.57,
3,13.09.2025,Fiorentina,Casa,Napoli,1-3,P,1° tempo,0.47,51,6,0,0,2,199,238,84,,,0,3,3,5,1,0,9,0,0,6,8,23,35,30,51,59,2,7,29,0.3,8,6,3,6,50,23,9,3,0,0,2,2.23,0.23,
3,13.09.2025,Napoli,Trasferta,Fiorentina,3-1,V,1° tempo,2.08,49,7,5,3,2,200,232,86,,,2.23,0,2,6,1,0,16,2,0,6,7,19,37,39,54,72,0,7,0,0.86,2,6,5,6,83,22,13,2,0,0,0,0,0,
3,13.09.2025,Fiorentina,Casa,Napoli,1-3,P,2° tempo,1.18,55,13,3,2,6,174,218,80,,,0.43,5,5,9,4,0,23,1,0,8,10,24,42,39,61,64,5,16,31,1.14,6,8,4,7,57,29,6,3,0,0,3,1.3,0.3,
3,13.09.2025,Napoli,Trasferta,Fiorentina,3-1,V,2° tempo,1.21,45,7,4,3,3,146,187,78,,,1.3,2,1,5,2,1,11,0,0,8,9,28,32,33,51,65,1,5,20,0.85,9,8,6,8,75,31,19,4,1,0,2,0.43,-0.57,
3,13.09.2025,Juventus,Casa,Inter,4-3,V,Totale,0.68,41,12,4,1,5,296,357,83,2,,1.23,3,5,5,7,0,15,1,1,10,14,37,38,56,83,67,3,10,30,0.66,14,14,10,17,59,40,38,6,1,0,1,1.18,-1.82,1
3,13.09.2025,Inter,Trasferta,Juventus,3-4,P,Totale,0.96,59,18,4,1,9,452,503,90,2,,1.18,8,6,8,10,0,33,0,1,14,20,30,67,158,186,85,10,32,31,1.08,21,10,4,9,44,44,19,6,0,0,0,1.23,-2.77,1
3,13.09.2025,Juventus,Casa,Inter,4-3,V,1° tempo,0.44,37,7,2,0,4,124,159,78,1,,0.25,1,4,3,4,0,11,1,0,4,5,23,22,20,32,63,1,7,14,0.46,6,9,4,8,50,15,15,3,0,0,1,0.71,-0.29,
3,13.09.2025,Inter,Trasferta,Juventus,3-4,P,1° tempo,0.51,63,10,2,0,3,255,281,91,0,,0.71,5,3,3,7,0,13,0,0,9,12,18,67,73,87,84,3,13,23,0.36,10,4,1,2,50,24,14,5,0,0,0,0.25,-1.75,
3,13.09.2025,Juventus,Casa,Inter,4-3,V,2° tempo,0.24,46,5,2,1,1,172,198,87,1,,0.98,2,1,2,3,0,4,0,1,6,9,14,64,36,51,71,2,3,67,0.2,8,5,6,9,67,25,23,3,1,0,0,0.47,-1.53,1
3,13.09.2025,Inter,Trasferta,Juventus,3-4,P,2° tempo,0.45,54,8,2,1,6,197,222,89,2,,0.47,3,3,5,3,0,20,0,1,5,8,12,67,85,99,86,7,19,37,0.72,11,6,3,7,43,20,5,1,0,0,0,0.98,-1.02,1
3,14.09.2025,Milan,Casa,Bologna,1-0,V,Totale,1,39,14,3,3,7,286,336,85,3,,1.11,7,4,10,4,4,23,2,2,16,17,34,50,62,85,73,3,14,21,0.79,18,17,11,14,79,48,24,5,1,0,0,0,0,
3,14.09.2025,Bologna,Trasferta,Milan,0-1,P,Totale,0.17,61,5,0,0,4,453,521,87,2,,0,2,3,3,2,1,9,0,1,17,31,52,60,78,102,76,5,19,26,0.24,12,16,7,13,54,47,19,5,3,0,2,1.11,0.11,
3,14.09.2025,Milan,Casa,Bologna,1-0,V,1° tempo,0.39,41,6,1,1,6,161,183,88,3,,0.17,3,2,4,2,2,8,0,1,6,9,18,50,21,30,70,1,9,11,0.08,8,13,3,6,50,20,8,2,0,0,0,0,0,
3,14.09.2025,Bologna,Trasferta,Milan,0-1,P,1° tempo,0.11,59,3,0,0,1,236,268,88,0,,0,1,2,2,1,1,5,0,1,13,14,24,58,37,48,77,2,6,33,0.1,2,6,4,7,57,30,12,1,1,0,1,0.17,0.17,
3,14.09.2025,Milan,Casa,Bologna,1-0,V,2° tempo,0.61,37,8,2,2,1,125,153,82,0,,0.94,4,2,6,2,2,15,2,1,10,8,16,50,41,55,75,2,5,40,0.71,10,4,8,8,100,28,16,3,1,0,0,0,0,
3,14.09.2025,Bologna,Trasferta,Milan,0-1,P,2° tempo,0.06,63,2,0,0,3,217,253,86,2,,0,1,1,1,1,0,4,0,0,4,17,28,61,41,54,76,3,13,23,0.14,10,10,3,6,50,17,7,4,2,0,1,0.94,-0.06,
3,14.09.2025,Pisa,Casa,Udinese,0-1,P,Totale,0.53,51,12,2,2,8,318,382,83,1,,0.06,6,4,9,3,0,22,0,1,15,21,41,51,81,109,74,5,29,17,0.5,16,13,9,14,64,57,23,4,2,0,2,0.87,-0.13,
3,14.09.2025,Udinese,Trasferta,Pisa,1-0,V,Totale,1,49,13,3,4,6,301,375,80,2,,0.87,4,6,7,6,0,23,0,1,13,21,55,38,62,96,65,1,17,6,0.54,20,15,7,13,54,43,34,5,2,0,2,0.06,0.06,
3,14.09.2025,Pisa,Casa,Udinese,0-1,P,1° tempo,0.23,40,5,1,2,3,131,162,81,1,,0.02,3,1,4,1,0,8,0,1,6,13,26,50,20,30,67,2,6,33,0.18,6,5,2,4,50,25,16,3,1,0,1,0.8,-0.2,
3,14.09.2025,Udinese,Trasferta,Pisa,1-0,V,1° tempo,0.52,60,10,2,2,4,210,246,85,1,,0.8,2,6,5,5,0,11,0,1,5,11,25,44,41,62,66,0,9,0,0.22,14,6,4,6,67,18,10,0,2,0,1,0.02,0.02,
3,14.09.2025,Pisa,Casa,Udinese,0-1,P,2° tempo,0.3,64,7,1,0,5,187,220,85,0,,0.04,3,3,5,2,0,14,0,0,9,8,15,53,61,79,77,3,23,13,0.32,10,8,7,10,70,32,7,1,1,0,1,0.07,0.07,
3,14.09.2025,Udinese,Trasferta,Pisa,1-0,V,2° tempo,0.48,36,3,1,2,2,91,129,71,1,,0.07,2,0,2,1,0,12,0,0,8,10,30,33,21,34,62,1,8,13,0.32,6,9,3,7,43,25,24,5,0,0,1,0.04,0.04,
3,14.09.2025,Roma,Casa,Torino,0-1,P,Totale,1.14,73,22,5,0,7,530,590,90,2,,0.8,10,7,12,10,0,30,0,1,17,25,40,63,163,194,84,7,31,23,0.92,19,11,6,12,50,51,11,7,0,0,3,2.14,1.14,
3,14.09.2025,Torino,Trasferta,Roma,1-0,V,Totale,0.65,27,8,4,1,4,155,223,70,3,,2.14,3,1,4,4,0,9,0,4,11,16,55,29,42,84,50,3,7,43,0.54,14,17,15,23,65,58,42,5,0,0,5,0.8,0.8,
3,14.09.2025,Roma,Casa,Torino,0-1,P,1° tempo,0.42,70,9,2,0,3,264,294,90,0,,0.31,2,5,4,5,0,7,0,0,8,12,22,55,68,88,77,3,10,30,0.37,8,5,2,6,33,23,8,6,0,0,1,0.5,0.5,
3,14.09.2025,Torino,Trasferta,Roma,1-0,V,1° tempo,0.29,30,3,1,1,1,92,122,75,2,,0.5,2,0,2,1,0,2,0,1,5,11,27,41,23,41,56,2,6,33,0.33,9,8,4,8,50,24,16,3,0,0,2,0.31,0.31,
3,14.09.2025,Roma,Casa,Torino,0-1,P,2° tempo,0.72,76,13,3,0,4,266,296,90,2,,0.49,8,2,8,5,0,23,0,1,9,13,18,72,95,106,90,4,21,19,0.55,11,6,4,6,67,28,3,1,0,0,2,1.64,0.64,
3,14.09.2025,Torino,Trasferta,Roma,1-0,V,2° tempo,0.36,24,5,3,0,3,63,101,62,1,,1.64,1,1,2,3,0,7,0,3,6,5,28,18,19,43,44,1,1,100,0.21,5,9,11,15,73,34,26,2,0,0,3,0.49,0.49,
3,14.09.2025,Sassuolo,Casa,Lazio,1-0,V,Totale,1.16,41,10,3,1,3,350,415,84,6,,1.72,5,2,8,2,0,22,0,0,11,25,52,48,52,85,61,4,10,40,0.33,18,15,12,20,60,49,31,12,0,0,3,1.05,1.05,
3,14.09.2025,Lazio,Trasferta,Sassuolo,0-1,P,Totale,0.76,59,13,3,1,7,514,590,87,3,,1.05,6,4,11,2,0,21,1,1,15,15,40,38,127,170,75,5,24,21,0.6,18,11,7,12,58,42,15,9,1,0,2,1.72,0.72,
3,14.09.2025,Sassuolo,Casa,Lazio,1-0,V,1° tempo,0.26,42,5,2,0,0,201,238,84,2,,0.94,2,1,4,1,0,8,0,0,6,11,25,44,23,41,56,2,4,50,0.14,11,7,5,9,56,22,12,5,0,0,0,0,0,
3,14.09.2025,Lazio,Trasferta,Sassuolo,0-1,P,1° tempo,0.11,58,4,0,0,2,295,333,89,2,,0,2,2,3,1,0,7,0,1,7,8,20,40,52,74,70,1,8,13,0.18,7,6,4,5,80,17,7,6,1,0,2,0.94,0.94,
3,14.09.2025,Sassuolo,Casa,Lazio,1-0,V,2° tempo,0.9,40,5,1,1,3,149,177,84,4,,0.78,3,1,4,1,0,14,0,0,5,14,27,52,29,44,66,2,6,33,0.19,7,8,7,11,64,27,19,7,0,0,3,1.05,1.05,
3,14.09.2025,Lazio,Trasferta,Sassuolo,0-1,P,2° tempo,0.65,60,9,3,1,5,219,257,85,1,,1.05,4,2,8,1,0,14,1,0,8,7,20,35,75,96,78,4,16,25,0.42,11,5,3,7,43,25,8,3,0,0,0,0.78,-0.22,
3,15.09.2025,Verona,Casa,Cremonese,0-0,N,Totale,1.46,46,20,9,3,10,332,412,81,2,,1.37,6,5,12,8,0,27,3,4,3,20,50,40,83,129,64,4,24,17,0.92,15,18,7,11,64,40,21,9,0,0,3,0.33,0.33,
3,15.09.2025,Cremonese,Trasferta,Verona,0-0,N,Totale,0.25,54,6,2,0,1,401,492,82,1,,0.33,2,2,2,4,0,5,0,1,18,21,58,36,39,79,49,3,7,43,0.41,19,3,3,8,38,48,33,4,2,0,9,1.37,1.37,
3,15.09.2025,Verona,Casa,Cremonese,0-0,N,1° tempo,0.69,51,12,5,3,8,158,197,80,2,,0.83,4,3,7,5,0,12,1,3,2,14,29,48,41,67,61,4,16,25,0.56,5,12,2,2,100,20,10,5,0,0,0,0,0,
3,15.09.2025,Cremonese,Trasferta,Verona,0-0,N,1° tempo,0.1,49,2,0,0,0,155,205,76,0,,0,1,1,1,1,0,1,0,1,12,14,37,38,13,34,38,1,1,100,0.14,11,2,0,2,0,24,17,2,1,0,5,0.83,0.83,
3,15.09.2025,Verona,Casa,Cremonese,0-0,N,2° tempo,0.77,43,8,4,0,2,174,215,81,0,,0.54,2,2,5,3,0,15,2,1,1,6,21,29,42,62,68,0,8,0,0.36,10,6,5,9,56,20,11,4,0,0,3,0.33,0.33,
3,15.09.2025,Cremonese,Trasferta,Verona,0-0,N,2° tempo,0.15,57,4,2,0,1,246,287,86,1,,0.33,1,1,1,3,0,4,0,0,6,7,21,33,26,45,58,2,6,33,0.27,8,1,3,6,50,24,16,2,1,0,4,0.54,0.54,
4,20.09.2025,Bologna,Casa,Genoa,2-1,V,Totale,1.59,59,14,6,2,8,320,406,79,1,,2.56,5,3,12,2,1,25,0,4,15,36,75,48,86,136,63,5,19,26,0.72,26,12,9,13,69,58,22,9,0,0,3,0.96,-0.04,
4,20.09.2025,Genoa,Trasferta,Bologna,1-2,P,Totale,0.53,41,7,4,2,2,196,290,68,5,,0.96,2,1,5,2,0,11,1,1,12,33,82,40,38,73,52,2,9,22,0.56,28,15,13,20,65,54,25,8,0,0,4,2.56,0.56,
4,20.09.2025,Bologna,Casa,Genoa,2-1,V,1° tempo,0.22,60,6,2,0,4,160,198,81,1,,0.33,1,3,4,2,0,8,0,3,7,19,35,54,31,57,54,1,7,14,0.15,9,6,2,4,50,28,12,4,0,0,3,0.77,0.77,
4,20.09.2025,Genoa,Trasferta,Bologna,1-2,P,1° tempo,0.3,40,4,3,0,2,91,131,69,3,,0.77,1,0,3,1,0,8,1,0,6,13,35,37,12,20,60,1,7,14,0.45,15,7,4,6,67,19,10,3,0,0,2,0.33,0.33,
4,20.09.2025,Bologna,Casa,Genoa,2-1,V,2° tempo,1.37,58,8,4,2,4,160,208,77,0,,2.23,4,0,8,0,1,17,0,1,8,17,40,43,55,79,70,4,12,33,0.57,17,6,7,9,78,30,10,5,0,0,0,0.19,-0.81,
4,20.09.2025,Genoa,Trasferta,Bologna,1-2,P,2° tempo,0.23,42,3,1,2,0,105,159,66,2,,0.19,1,1,2,1,0,3,0,1,6,20,47,43,26,53,49,1,2,50,0.11,13,8,9,14,64,35,15,5,0,0,2,2.23,0.23,
4,21.09.2025,Cremonese,Casa,Parma,0-0,N,Totale,0.12,52,3,1,0,3,343,416,82,1,,0.49,1,1,2,1,0,12,0,6,8,24,58,41,56,83,67,3,14,21,0.51,18,16,4,10,40,38,41,3,0,0,3,0.17,0.17,
4,21.09.2025,Parma,Trasferta,Cremonese,0-0,N,Totale,0.84,48,15,3,0,3,307,377,81,0,,0.17,6,6,10,5,1,14,0,0,16,20,50,40,63,106,59,5,19,26,0.62,20,8,11,16,69,44,20,7,0,0,1,0.49,0.49,
4,21.09.2025,Cremonese,Casa,Parma,0-0,N,1° tempo,0,48,0,0,0,0,163,202,81,,,0,0,0,0,0,0,0,0,3,4,14,34,41,25,40,63,0,4,0,0.05,8,7,2,4,50,16,16,3,0,0,1,0.06,0.06,
4,21.09.2025,Parma,Trasferta,Cremonese,0-0,N,1° tempo,0.28,52,5,1,0,1,180,216,83,,,0.06,2,2,3,2,1,4,0,0,7,14,30,47,24,44,55,1,7,14,0.23,13,4,4,6,67,21,6,4,0,0,0,0,0,
4,21.09.2025,Cremonese,Casa,Parma,0-0,N,2° tempo,0.12,57,3,1,0,3,180,214,84,1,,0.49,1,1,2,1,0,12,0,3,4,10,24,42,31,43,72,3,10,30,0.46,10,9,2,6,33,22,25,0,0,0,2,0.11,0.11,
4,21.09.2025,Parma,Trasferta,Cremonese,0-0,N,2° tempo,0.56,43,10,2,0,2,127,161,79,0,,0.11,4,4,7,3,0,10,0,0,9,6,20,30,39,62,63,4,12,33,0.39,7,4,7,10,70,23,14,3,0,0,1,0.49,0.49,
4,21.09.2025,Fiorentina,Casa,Como,1-2,P,Totale,0.49,39,8,1,0,2,241,313,77,4,,0.44,4,3,4,4,0,14,0,2,19,22,52,42,43,79,54,3,16,19,0.3,10,16,11,22,50,60,17,11,0,0,5,1.14,-0.86,0
4,21.09.2025,Como,Trasferta,Fiorentina,2-1,V,Totale,1.25,61,19,7,4,6,426,502,85,3,,1.14,9,3,10,9,0,24,1,2,16,24,43,56,94,125,75,5,19,26,0.72,17,19,11,18,61,58,33,5,0,0,0,0.44,-0.56,1
4,21.09.2025,Fiorentina,Casa,Como,1-2,P,1° tempo,0.41,35,5,1,0,2,115,148,78,1,,0.44,2,2,3,2,0,8,0,1,8,8,23,35,23,42,55,2,8,25,0.15,6,7,4,8,50,24,3,9,0,0,2,0.23,0.23,
4,21.09.2025,Como,Trasferta,Fiorentina,2-1,V,1° tempo,0.39,65,5,2,1,2,242,284,85,1,,0.23,2,1,2,3,0,3,1,2,7,10,21,48,39,50,78,3,8,38,0.26,6,8,6,7,86,20,13,2,0,0,0,0.44,-0.56,
4,21.09.2025,Fiorentina,Casa,Como,1-2,P,2° tempo,0.08,43,3,0,0,0,126,165,76,3,,0,2,1,1,2,0,6,0,1,11,14,29,48,20,37,54,1,8,13,0.15,4,9,7,14,50,36,14,2,0,0,3,0.91,-1.09,0
4,21.09.2025,Como,Trasferta,Fiorentina,2-1,V,2° tempo,0.86,57,14,5,3,4,184,218,84,2,,0.91,7,2,8,6,0,21,0,0,9,14,22,64,55,75,73,2,11,18,0.46,11,11,5,11,45,38,20,3,0,0,0,0,0,1
4,21.09.2025,Inter,Casa,Sassuolo,2-1,V,Totale,1.9,61,20,6,5,7,433,489,89,2,,1.38,8,6,16,4,0,45,0,2,8,24,39,62,139,172,81,10,26,38,1.71,15,15,14,18,78,50,23,2,0,0,4,1.42,0.42,
4,21.09.2025,Sassuolo,Trasferta,Inter,1-2,P,Totale,0.89,39,9,5,2,3,257,316,81,1,,1.42,1,3,5,4,0,10,1,3,15,28,54,52,37,60,62,1,8,13,0.56,12,8,6,19,32,53,32,5,0,0,5,1.38,0.38,
4,21.09.2025,Inter,Casa,Sassuolo,2-1,V,1° tempo,0.94,62,8,2,2,2,231,257,90,1,,0.55,6,0,6,2,0,17,0,0,2,14,21,67,50,64,78,5,12,42,0.41,7,8,10,12,83,28,12,0,0,0,1,0.08,0.08,
4,21.09.2025,Sassuolo,Trasferta,Inter,1-2,P,1° tempo,0.1,38,3,1,0,2,131,163,80,0,,0.08,1,1,2,1,0,5,0,3,8,12,29,41,17,35,49,0,4,0,0.04,7,2,4,13,31,29,16,1,0,0,1,0.55,-0.45,
4,21.09.2025,Inter,Casa,Sassuolo,2-1,V,2° tempo,0.96,60,12,4,3,5,202,232,87,1,,0.83,2,6,10,2,0,28,0,2,6,10,18,56,89,108,82,5,14,36,1.3,8,7,4,6,67,22,11,2,0,0,3,1.34,0.34,
4,21.09.2025,Sassuolo,Trasferta,Inter,1-2,P,2° tempo,0.79,40,6,4,2,1,126,153,82,1,,1.34,0,2,3,3,0,5,1,0,7,16,25,64,20,25,80,1,4,25,0.52,5,6,2,6,33,24,16,4,0,0,4,0.83,0.83,
4,21.09.2025,Lazio,Casa,Roma,0-1,P,Totale,1.05,49,10,2,1,3,315,390,81,1,2,0.19,8,0,6,4,1,14,1,0,22,19,43,44,53,81,65,3,15,20,0.38,14,14,9,14,64,56,16,8,0,1,5,1.53,0.53,
4,21.09.2025,Roma,Trasferta,Lazio,1-0,V,Totale,1.16,51,13,6,1,6,336,408,82,1,0,1.53,6,1,12,1,0,23,0,4,14,24,47,51,104,129,81,4,17,24,1.15,20,22,9,17,53,43,20,11,1,0,2,0.19,0.19,
4,21.09.2025,Lazio,Casa,Roma,0-1,P,1° tempo,0.17,44,4,1,0,1,148,180,82,,,0.14,3,0,2,2,0,5,0,0,10,8,16,50,23,37,62,2,4,50,0.08,7,4,3,3,100,22,8,4,0,1,4,1.4,0.4,
4,21.09.2025,Roma,Trasferta,Lazio,1-0,V,1° tempo,0.53,56,8,5,1,2,199,230,87,,,1.4,2,1,7,1,0,12,0,2,4,9,19,47,62,74,84,3,8,38,0.7,14,10,4,7,57,17,7,6,0,0,1,0.14,0.14,
4,21.09.2025,Lazio,Casa,Roma,0-1,P,2° tempo,0.88,54,6,1,1,2,167,210,80,1,2,0.05,5,0,4,2,1,9,1,0,12,11,27,41,30,44,68,1,11,9,0.3,7,10,6,11,55,34,8,4,0,0,1,0.13,0.13,
4,21.09.2025,Roma,Trasferta,Lazio,1-0,V,2° tempo,0.63,46,5,1,0,4,137,178,77,1,0,0.13,4,0,5,0,0,11,0,2,10,15,28,54,42,55,76,1,9,11,0.45,6,12,5,10,50,26,13,5,1,0,1,0.05,0.05,
4,19.09.2025,Lecce,Casa,Cagliari,1-2,P,Totale,0.99,52,11,5,2,4,319,378,84,2,,1.04,6,0,8,3,0,18,0,0,19,26,45,58,72,99,73,7,16,44,0.82,23,10,8,17,47,60,23,3,1,0,4,2.67,0.67,1
4,19.09.2025,Cagliari,Trasferta,Lecce,2-1,V,Totale,2.24,48,15,6,3,7,284,351,81,3,,2.67,6,3,13,2,2,29,1,2,10,15,40,38,55,82,67,5,18,28,0.95,15,19,8,20,40,49,17,10,1,0,4,1.04,0.04,0
4,19.09.2025,Lecce,Casa,Cagliari,1-2,P,1° tempo,0.72,47,6,3,1,2,133,160,83,2,,0.87,3,0,4,2,0,9,0,0,10,15,24,63,39,48,81,4,9,44,0.63,8,4,4,7,57,28,17,0,1,0,3,1.76,0.76,1
4,19.09.2025,Cagliari,Trasferta,Lecce,2-1,V,1° tempo,1.18,53,11,4,2,7,150,182,82,1,,1.76,4,3,10,1,2,21,1,1,4,10,18,56,28,46,61,5,14,36,0.8,8,10,4,8,50,24,7,5,0,0,2,0.87,-0.13,0
4,19.09.2025,Lecce,Casa,Cagliari,1-2,P,2° tempo,0.27,56,5,2,1,2,186,218,85,0,,0.17,3,0,4,1,0,9,0,0,9,11,21,52,33,51,65,3,7,43,0.19,15,6,4,10,40,32,6,3,0,0,1,0.91,-0.09,
4,19.09.2025,Cagliari,Trasferta,Lecce,2-1,V,2° tempo,1.06,44,4,2,1,0,134,169,79,2,,0.91,2,0,3,1,0,8,0,1,6,5,22,23,27,36,75,0,4,0,0.15,7,9,4,12,33,25,10,5,1,0,2,0.17,0.17,
4,22.09.2025,Napoli,Casa,Pisa,3-2,V,Totale,1.09,63,18,6,0,5,533,594,90,1,,2.17,4,8,12,6,0,29,1,1,18,15,29,52,112,143,78,2,16,13,1,17,10,12,16,75,46,14,8,1,1,4,3.18,1.18,
4,22.09.2025,Pisa,Trasferta,Napoli,2-3,P,Totale,2.61,37,15,6,4,3,267,331,81,2,,3.18,3,6,11,4,0,17,0,0,10,20,44,45,59,78,76,3,15,20,0.96,11,18,16,19,84,42,20,8,3,0,3,2.17,-0.83,
4,22.09.2025,Napoli,Casa,Pisa,3-2,V,1° tempo,0.42,62,8,2,0,4,260,295,88,,,0.87,1,5,6,2,0,17,0,1,4,5,12,42,56,72,78,1,12,8,0.32,11,5,5,7,71,17,9,3,0,0,2,1.1,1.1,
4,22.09.2025,Pisa,Trasferta,Napoli,2-3,P,1° tempo,0.45,38,7,2,1,2,140,178,79,,,1.1,2,3,5,2,0,8,0,0,5,12,28,43,37,51,73,2,7,29,0.45,8,4,5,8,63,22,11,4,1,0,1,0.87,-0.13,
4,22.09.2025,Napoli,Casa,Pisa,3-2,V,2° tempo,0.67,65,10,4,0,1,273,299,91,1,,1.3,3,3,6,4,0,12,1,0,14,10,17,59,56,71,79,1,4,25,0.68,6,5,7,9,78,29,5,5,1,1,2,2.08,0.08,
4,22.09.2025,Pisa,Trasferta,Napoli,2-3,P,2° tempo,2.16,35,8,4,3,1,127,153,83,2,,2.08,1,3,6,2,0,9,0,0,5,8,16,50,22,27,81,1,8,13,0.51,3,14,11,11,100,20,9,4,2,0,2,1.3,-0.7,
4,21.09.2025,Torino,Casa,Atalanta,0-3,P,Totale,1.19,39,11,5,2,1,324,386,84,,,1.28,3,3,5,6,0,19,0,1,9,24,46,52,62,97,64,2,13,15,0.75,16,11,9,14,64,38,19,12,0,0,2,2.66,-0.34,
4,21.09.2025,Atalanta,Trasferta,Torino,3-0,V,Totale,1.64,61,9,5,2,0,541,617,88,,,2.66,3,1,8,1,1,20,1,0,11,34,66,52,102,127,80,3,10,30,1.36,13,9,11,16,69,48,20,3,0,0,5,1.28,1.28,
4,21.09.2025,Torino,Casa,Atalanta,0-3,P,1° tempo,0.12,34,2,0,0,0,138,169,82,,,0,2,0,1,1,0,4,0,0,5,13,24,54,16,31,52,1,2,50,0.14,5,5,8,11,73,22,12,4,0,0,1,2.54,-0.46,
4,21.09.2025,Atalanta,Trasferta,Torino,3-0,V,1° tempo,1.53,66,7,4,2,0,290,328,88,,,2.54,2,1,7,0,1,14,1,0,5,21,34,62,66,82,80,1,5,20,1.16,5,5,8,11,73,30,6,1,0,0,0,0,0,
4,21.09.2025,Torino,Casa,Atalanta,0-3,P,2° tempo,1.07,44,9,5,2,1,186,217,86,,,1.28,1,3,4,5,0,15,0,1,4,11,22,50,46,66,70,1,11,9,0.61,11,6,1,3,33,16,7,8,0,0,1,0.12,0.12,
4,21.09.2025,Atalanta,Trasferta,Torino,3-0,V,2° tempo,0.11,56,2,1,0,0,251,289,87,,,0.12,1,0,1,1,0,6,0,0,6,13,32,41,36,45,80,2,5,40,0.2,8,4,3,5,60,18,14,2,0,0,5,1.28,1.28,
4,20.09.2025,Udinese,Casa,Milan,0-3,P,Totale,0.34,40,10,4,0,1,351,393,89,2,,0.2,3,3,2,8,0,20,0,3,7,7,19,37,99,121,82,7,18,39,0.5,14,9,13,13,100,35,21,11,0,1,4,1.6,-1.4,
4,20.09.2025,Milan,Trasferta,Udinese,3-0,V,Totale,1.43,60,13,6,2,4,550,607,91,0,,1.6,6,1,11,2,0,29,2,2,9,33,47,70,91,115,79,2,17,12,0.76,18,7,10,17,59,40,17,4,0,0,4,0.2,0.2,
4,20.09.2025,Udinese,Casa,Milan,0-3,P,1° tempo,0.05,36,2,1,0,0,154,177,87,1,,0.01,0,1,0,2,0,4,0,1,3,1,8,13,22,31,71,2,5,40,0.09,8,6,9,9,100,17,13,5,0,0,3,0.5,-0.5,
4,20.09.2025,Milan,Trasferta,Udinese,3-0,V,1° tempo,0.72,64,3,3,2,2,290,316,92,0,,0.5,0,0,3,0,0,14,2,2,6,14,16,88,62,75,83,0,11,0,0.47,16,3,4,8,50,19,5,2,0,0,1,0.01,0.01,
4,20.09.2025,Udinese,Casa,Milan,0-3,P,2° tempo,0.29,43,8,3,0,1,197,216,91,1,,0.19,3,2,2,6,0,16,0,2,4,6,11,55,77,90,86,5,13,38,0.41,6,3,4,4,100,18,8,6,0,1,1,1.1,-0.9,
4,20.09.2025,Milan,Trasferta,Udinese,3-0,V,2° tempo,0.71,57,10,3,0,2,260,291,89,0,,1.1,6,1,8,2,0,15,0,0,3,19,31,61,29,40,73,2,6,33,0.29,2,4,6,9,67,21,12,2,0,0,3,0.19,0.19,
4,20.09.2025,Verona,Casa,Juventus,1-1,N,Totale,1.53,28,14,4,2,5,146,216,68,3,,1.72,8,2,7,7,0,14,0,1,10,16,45,36,43,75,57,3,13,23,0.35,21,18,14,23,61,43,21,15,0,0,3,0.85,-0.15,
4,20.09.2025,Juventus,Trasferta,Verona,1-1,N,Totale,0.47,72,10,4,1,3,495,570,87,3,,0.85,4,2,6,4,0,21,0,1,18,30,49,61,131,167,78,4,20,20,0.86,22,10,9,16,56,58,24,6,1,0,3,1.72,0.72,
4,20.09.2025,Verona,Casa,Juventus,1-1,N,1° tempo,1.16,25,5,2,2,1,76,108,70,2,,1.47,2,1,2,3,0,5,0,0,6,6,19,32,20,31,65,0,7,0,0.11,14,9,6,9,67,15,9,8,0,0,0,0.58,-0.42,
4,20.09.2025,Juventus,Trasferta,Verona,1-1,N,1° tempo,0.27,75,4,1,0,0,288,325,89,2,,0.58,3,0,3,1,0,10,0,0,9,14,24,58,52,70,74,2,7,29,0.5,8,6,3,4,75,22,11,2,1,0,1,1.47,0.47,
4,20.09.2025,Verona,Casa,Juventus,1-1,N,2° tempo,0.37,31,9,2,0,4,70,108,65,1,,0.25,6,1,5,4,0,9,0,1,4,10,26,38,23,44,52,3,6,50,0.24,7,9,8,14,57,28,12,7,0,0,3,0.27,0.27,
4,20.09.2025,Juventus,Trasferta,Verona,1-1,N,2° tempo,0.2,69,6,3,1,3,207,245,84,1,,0.27,1,2,3,3,0,11,0,1,9,16,25,64,79,97,81,2,13,15,0.36,14,4,6,12,50,36,13,4,0,0,2,0.25,0.25,
5,27.09.2025,Cagliari,Casa,Inter,0-2,P,Totale,0.18,42,6,0,1,4,301,374,80,0,,0,4,2,5,1,1,10,0,1,14,27,43,63,59,90,66,4,22,18,0.23,23,13,7,12,58,41,17,17,1,0,3,2.26,0.26,0
5,27.09.2025,Inter,Trasferta,Cagliari,2-0,V,Totale,2.82,58,20,5,7,4,453,537,84,2,,2.26,11,4,15,5,2,38,0,2,13,30,60,50,138,185,75,7,20,35,1.56,15,14,8,11,73,42,20,8,0,0,0,0,0,1
5,27.09.2025,Cagliari,Casa,Inter,0-2,P,1° tempo,0,36,0,0,0,0,126,164,77,0,,0,0,0,0,0,0,1,0,1,10,13,21,62,15,32,47,1,5,20,0.04,10,6,2,4,50,20,9,8,1,0,2,1.09,0.09,0
5,27.09.2025,Inter,Trasferta,Cagliari,2-0,V,1° tempo,0.49,64,7,3,1,2,255,294,87,1,,1.09,2,2,5,2,0,14,0,2,6,20,34,59,66,93,71,3,11,27,0.64,7,10,4,4,100,18,6,4,0,0,0,0,0,1
5,27.09.2025,Cagliari,Casa,Inter,0-2,P,2° tempo,0.18,47,6,0,1,4,175,210,83,0,,0,4,2,5,1,1,9,0,0,4,14,22,64,44,58,76,3,17,18,0.19,13,7,5,8,63,21,8,9,0,0,1,1.17,0.17,
5,27.09.2025,Inter,Trasferta,Cagliari,2-0,V,2° tempo,2.33,53,13,2,6,2,198,243,81,1,,1.17,9,2,10,3,2,24,0,0,7,10,26,38,72,92,78,4,9,44,0.92,8,4,4,7,57,24,14,4,0,0,0,0,0,
5,27.09.2025,Como,Casa,Cremonese,1-1,N,Totale,1.31,58,14,6,3,4,377,451,84,3,1,1.31,5,3,7,7,0,14,0,0,17,25,53,47,52,93,56,3,9,33,0.51,23,16,11,15,73,47,21,4,1,0,1,0.82,-0.18,0
5,27.09.2025,Cremonese,Trasferta,Como,1-1,N,Totale,0.45,42,9,2,1,3,241,316,76,4,0,0.82,7,0,6,3,0,13,0,4,16,19,55,35,38,63,60,5,15,33,0.2,22,17,10,17,59,48,13,8,1,0,5,1.31,0.31,1
5,27.09.2025,Como,Casa,Cremonese,1-1,N,1° tempo,0.96,67,5,2,2,1,270,302,89,2,,1.05,1,2,3,2,0,6,0,0,9,16,29,55,24,44,55,1,5,20,0.27,9,8,6,9,67,21,10,1,1,0,0,0,0,
5,27.09.2025,Cremonese,Trasferta,Como,1-1,N,1° tempo,0.08,33,3,0,0,1,106,146,73,1,,0,3,0,1,2,0,5,0,2,8,10,27,37,18,36,50,0,3,0,0.06,10,9,4,9,44,27,5,4,1,0,1,1.05,0.05,
5,27.09.2025,Como,Casa,Cremonese,1-1,N,2° tempo,0.35,45,9,4,1,3,107,149,72,1,1,0.26,4,1,4,5,0,8,0,0,8,9,24,38,28,49,57,2,4,50,0.24,14,8,5,6,83,26,11,3,0,0,1,0.82,-0.18,0
5,27.09.2025,Cremonese,Trasferta,Como,1-1,N,2° tempo,0.37,55,6,2,1,2,135,170,79,3,0,0.82,4,0,5,1,0,8,0,2,8,9,28,32,20,27,74,5,12,42,0.14,12,8,6,8,75,21,8,4,0,0,4,0.26,0.26,1
5,29.09.2025,Genoa,Casa,Lazio,0-3,P,Totale,1.64,65,17,5,3,6,431,503,86,5,,1.3,8,4,10,7,0,24,2,1,16,22,46,48,89,126,71,7,28,25,0.77,27,18,7,12,58,55,10,5,1,1,2,1.25,-1.75,
5,29.09.2025,Lazio,Trasferta,Genoa,3-0,V,Totale,1.06,35,9,6,6,0,194,280,69,1,,1.25,3,0,8,1,1,16,1,2,18,17,52,33,27,55,49,2,4,50,1.07,13,16,5,16,31,59,36,5,1,0,5,1.3,1.3,
5,29.09.2025,Genoa,Casa,Lazio,0-3,P,1° tempo,1.13,69,8,3,2,1,254,295,86,2,,1.2,3,2,4,4,0,12,2,0,9,11,23,48,48,72,67,3,10,30,0.56,20,7,4,6,67,32,5,3,0,1,1,1.15,-0.85,
5,29.09.2025,Lazio,Trasferta,Genoa,3-0,V,1° tempo,0.65,31,3,3,2,0,91,135,67,1,,1.15,0,0,2,1,0,7,1,2,7,9,26,35,17,28,61,1,1,100,0.28,7,9,3,9,33,28,17,3,1,0,3,1.2,1.2,
5,29.09.2025,Genoa,Casa,Lazio,0-3,P,2° tempo,0.51,60,9,2,1,5,177,208,85,3,,0.1,5,2,6,3,0,12,0,1,7,11,23,48,41,54,76,4,18,22,0.21,7,11,3,6,50,23,5,2,1,0,1,0.1,-0.9,
5,29.09.2025,Lazio,Trasferta,Genoa,3-0,V,2° tempo,0.41,40,6,3,4,0,103,145,71,0,,0.1,3,0,6,0,1,9,0,0,11,8,26,31,10,27,37,1,3,33,0.79,6,7,2,7,29,31,19,2,0,0,2,0.1,0.1,
5,27.09.2025,Juventus,Casa,Atalanta,1-1,N,Totale,1.59,67,24,10,2,14,537,600,90,0,0,2.84,6,8,14,10,1,39,0,1,7,39,58,67,150,194,77,12,43,28,0.88,19,6,4,13,31,46,9,4,1,1,1,0.77,-0.23,
5,27.09.2025,Atalanta,Trasferta,Juventus,1-1,N,Totale,0.73,33,12,2,1,5,235,299,79,3,1,0.77,7,3,7,5,0,12,0,0,6,16,44,36,44,66,67,5,14,36,0.41,9,7,5,12,42,35,40,9,1,1,9,2.84,1.84,
5,27.09.2025,Juventus,Casa,Atalanta,1-1,N,1° tempo,0.57,65,12,4,0,9,262,292,90,0,,1.17,3,5,8,4,1,18,0,1,2,16,27,59,55,73,75,8,17,47,0.48,10,3,1,7,14,21,5,2,1,1,0,0.51,-0.49,
5,27.09.2025,Atalanta,Trasferta,Juventus,1-1,N,1° tempo,0.38,35,7,1,0,3,126,158,80,1,,0.51,4,2,3,4,0,7,0,0,3,8,19,42,27,34,79,2,7,29,0.24,3,2,2,5,40,17,18,3,1,0,4,1.17,1.17,
5,27.09.2025,Juventus,Casa,Atalanta,1-1,N,2° tempo,1.02,69,12,6,2,5,275,308,89,0,0,1.67,3,3,6,6,0,21,0,0,5,23,31,74,95,121,79,4,26,15,0.4,9,3,3,6,50,25,4,2,0,0,1,0.26,0.26,
5,27.09.2025,Atalanta,Trasferta,Juventus,1-1,N,2° tempo,0.35,31,5,1,1,2,109,141,77,2,1,0.26,3,1,4,1,0,5,0,0,3,8,25,32,17,32,53,3,7,43,0.17,6,5,3,7,43,18,22,6,0,1,5,1.67,0.67,
5,28.09.2025,Lecce,Casa,Bologna,2-2,N,Totale,1.8,33,12,4,4,3,166,252,66,4,,1.47,5,3,10,2,3,23,0,1,13,26,71,37,30,73,41,5,13,38,0.73,16,13,17,21,81,60,18,5,1,0,3,1.66,-0.34,1
5,28.09.2025,Bologna,Trasferta,Lecce,2-2,N,Totale,1.37,67,14,5,2,9,442,517,85,2,,1.66,3,6,9,5,0,25,0,4,13,23,55,42,87,123,71,4,19,21,0.78,18,13,9,14,64,53,21,5,1,0,2,1.47,-0.53,0
5,28.09.2025,Lecce,Casa,Bologna,2-2,N,1° tempo,0.95,30,6,2,1,1,63,102,62,0,,0.78,1,3,4,2,1,8,0,1,6,12,31,39,12,32,38,2,4,50,0.16,7,4,6,9,67,29,11,2,1,0,2,1.07,0.07,
5,28.09.2025,Bologna,Trasferta,Lecce,2-2,N,1° tempo,0.97,70,9,3,2,8,189,230,82,1,,1.07,2,4,5,4,0,18,0,4,4,13,29,45,43,65,66,2,14,14,0.33,13,6,5,5,100,18,5,3,0,0,1,0.78,-0.22,
5,28.09.2025,Lecce,Casa,Bologna,2-2,N,2° tempo,0.85,35,6,2,3,2,103,150,69,4,,0.69,4,0,6,0,2,15,0,0,7,14,40,35,18,41,44,3,9,33,0.57,9,9,11,12,92,31,7,3,0,0,1,0.59,-0.41,1
5,28.09.2025,Bologna,Trasferta,Lecce,2-2,N,2° tempo,0.4,65,5,2,0,1,253,287,88,1,,0.59,1,2,4,1,0,7,0,0,9,10,26,38,44,58,76,2,5,40,0.45,5,7,4,9,44,35,16,2,1,0,1,0.69,-0.31,0
5,28.09.2025,Milan,Casa,Napoli,2-1,V,Totale,0.75,36,6,3,1,1,298,359,83,1,1,0.68,2,1,5,1,0,12,1,1,7,20,51,39,31,49,63,0,2,0,0.78,9,7,6,11,55,29,24,10,1,0,6,2.89,1.89,
5,28.09.2025,Napoli,Trasferta,Milan,1-2,P,Totale,2.96,64,19,7,2,7,551,604,91,0,0,2.89,6,6,12,7,1,21,2,0,7,17,22,77,169,196,86,8,32,25,1.67,13,7,6,12,50,34,7,3,0,0,1,0.68,-1.32,
5,28.09.2025,Milan,Casa,Napoli,2-1,V,1° tempo,0.75,39,6,3,1,1,190,222,86,,,0.68,2,1,5,1,0,10,1,1,3,11,23,48,23,33,70,0,2,0,0.76,5,2,4,6,67,15,7,6,0,0,3,1.02,1.02,
5,28.09.2025,Napoli,Trasferta,Milan,1-2,P,1° tempo,0.81,61,6,3,0,2,309,339,91,,,1.02,3,0,5,1,0,8,1,0,2,8,12,67,48,61,79,3,9,33,0.5,3,3,3,5,60,13,4,1,0,0,1,0.68,-1.32,
5,28.09.2025,Milan,Casa,Napoli,2-1,V,2° tempo,0,33,0,0,0,0,108,137,79,1,1,0,0,0,0,0,0,2,0,0,4,9,28,32,8,16,50,0,0,0,0.02,4,5,2,5,40,14,17,4,1,0,3,1.87,0.87,
5,28.09.2025,Napoli,Trasferta,Milan,1-2,P,2° tempo,2.15,67,13,4,2,5,242,265,91,0,0,1.87,3,6,7,6,1,13,1,0,5,9,10,90,121,135,90,5,23,22,1.17,10,4,3,7,43,21,3,2,0,0,0,0,0,
5,29.09.2025,Parma,Casa,Torino,2-1,V,Totale,1.34,37,13,2,2,4,195,270,72,3,,0.79,7,4,6,7,0,12,0,1,12,17,47,36,41,79,52,4,11,36,0.25,16,10,9,15,60,49,31,5,0,0,3,0.93,-0.07,1
5,29.09.2025,Torino,Trasferta,Parma,1-2,P,Totale,0.76,63,15,4,0,3,363,442,82,3,,0.93,3,8,8,7,0,39,0,1,10,25,67,37,92,122,75,8,29,28,0.68,18,12,10,16,63,53,28,6,2,0,1,0.79,-1.21,0
5,29.09.2025,Parma,Casa,Torino,2-1,V,1° tempo,0.96,37,5,1,1,0,120,156,77,1,,0.61,3,1,3,2,0,5,0,1,5,10,23,43,9,22,41,3,3,100,0.14,7,1,2,5,40,20,15,3,0,0,1,0.06,0.06,
5,29.09.2025,Torino,Trasferta,Parma,1-2,P,1° tempo,0.42,63,7,1,0,2,216,253,85,1,,0.06,2,4,5,2,0,16,0,1,1,17,37,46,42,55,76,3,14,21,0.34,9,5,4,6,67,17,10,3,1,0,0,0.61,-0.39,
5,29.09.2025,Parma,Casa,Torino,2-1,V,2° tempo,0.38,38,8,1,1,4,75,114,66,2,,0.18,4,3,3,5,0,7,0,0,7,7,24,29,32,57,56,1,8,13,0.11,9,9,7,10,70,29,16,2,0,0,2,0.87,-0.13,1
5,29.09.2025,Torino,Trasferta,Parma,1-2,P,2° tempo,0.34,62,8,3,0,1,147,189,78,2,,0.87,1,4,3,5,0,23,0,0,9,8,30,27,50,67,75,5,15,33,0.34,9,7,6,10,60,36,18,3,1,0,1,0.18,-0.82,0
5,28.09.2025,Pisa,Casa,Fiorentina,0-0,N,Totale,0.8,38,11,1,0,4,162,230,70,0,,0.04,7,3,9,2,2,19,0,1,15,16,46,35,43,71,61,4,17,24,0.59,16,15,16,29,55,66,29,7,0,0,2,0.29,0.29,
5,28.09.2025,Fiorentina,Trasferta,Pisa,0-0,N,Totale,0.89,62,14,2,0,6,315,385,82,1,,0.29,7,5,8,6,0,27,0,5,15,25,46,54,55,85,65,3,13,23,0.35,19,15,9,26,35,62,20,5,1,0,1,0.04,0.04,
5,28.09.2025,Pisa,Casa,Fiorentina,0-0,N,1° tempo,0.58,37,5,0,0,3,93,121,77,0,,0,4,1,5,0,1,12,0,1,2,9,23,39,28,44,64,3,13,23,0.34,8,9,8,15,53,24,9,5,0,0,2,0.29,0.29,
5,28.09.2025,Fiorentina,Trasferta,Pisa,0-0,N,1° tempo,0.58,63,8,2,0,1,199,234,85,1,,0.29,4,2,4,4,0,8,0,1,9,11,20,55,29,44,66,2,3,67,0.24,9,2,3,9,33,26,12,3,0,0,0,0,0,
5,28.09.2025,Pisa,Casa,Fiorentina,0-0,N,2° tempo,0.22,41,6,1,0,1,69,109,63,,,0.04,3,2,4,2,1,7,0,0,13,7,23,30,15,27,56,1,4,25,0.25,8,6,8,14,57,42,20,2,0,0,0,0,0,
5,28.09.2025,Fiorentina,Trasferta,Pisa,0-0,N,2° tempo,0.31,59,6,0,0,5,116,151,77,,,0,3,3,4,2,0,19,0,4,6,14,26,54,26,41,63,1,10,10,0.11,10,13,6,17,35,36,8,2,1,0,1,0.04,0.04,
5,28.09.2025,Roma,Casa,Verona,2-0,V,Totale,0.95,57,10,5,2,8,315,432,73,0,,2.23,2,3,6,4,0,16,0,0,19,16,60,27,73,119,61,4,19,21,0.52,26,11,6,16,38,58,25,7,2,0,3,0.49,0.49,1
5,28.09.2025,Verona,Trasferta,Roma,0-2,P,Totale,1.39,43,12,3,2,1,217,320,68,4,,0.49,6,3,6,6,1,18,0,2,11,15,53,28,72,119,61,7,17,41,1.23,23,19,8,18,44,62,27,15,0,0,3,2.23,0.23,0
5,28.09.2025,Roma,Casa,Verona,2-0,V,1° tempo,0.13,61,5,1,0,4,152,208,73,0,,0.51,1,3,3,2,0,6,0,0,7,4,27,15,41,58,71,3,12,25,0.28,13,6,3,8,38,30,14,5,0,0,1,0.31,0.31,1
5,28.09.2025,Verona,Trasferta,Roma,0-2,P,1° tempo,1.15,39,5,1,2,1,81,132,61,2,,0.31,2,2,3,2,1,10,0,0,6,8,26,31,24,49,49,4,11,36,0.71,17,7,3,5,60,22,14,7,0,0,0,0.51,-0.49,0
5,28.09.2025,Roma,Casa,Verona,2-0,V,2° tempo,0.82,55,5,4,2,4,163,224,73,0,,1.72,1,0,3,2,0,10,0,0,12,12,33,36,32,61,52,1,7,14,0.24,13,5,3,8,38,28,11,2,2,0,2,0.18,0.18,
5,28.09.2025,Verona,Trasferta,Roma,0-2,P,2° tempo,0.24,45,7,2,0,0,136,188,72,2,,0.18,4,1,3,4,0,8,0,2,5,7,27,26,48,70,69,3,6,50,0.52,6,12,5,13,38,40,13,8,0,0,3,1.72,0.72,
5,28.09.2025,Sassuolo,Casa,Udinese,3-1,V,Totale,1.25,44,11,5,4,1,252,321,79,0,,1.99,3,3,8,3,0,18,1,5,22,16,51,31,68,109,62,2,8,25,0.95,16,5,6,13,46,52,24,6,0,0,4,1.4,0.4,1
5,28.09.2025,Udinese,Trasferta,Sassuolo,1-3,P,Totale,1.32,56,12,5,2,5,342,404,85,3,,1.4,6,1,6,6,0,19,0,1,5,21,37,57,80,102,78,4,18,22,0.43,16,22,3,12,25,41,21,8,0,0,2,1.99,-1.01,0
5,28.09.2025,Sassuolo,Casa,Udinese,3-1,V,1° tempo,0.44,46,5,2,2,1,133,162,82,0,,1.05,1,2,4,1,0,9,1,4,9,8,21,38,35,54,65,0,5,0,0.15,10,0,4,7,57,29,8,2,0,0,1,0.14,0.14,
5,28.09.2025,Udinese,Trasferta,Sassuolo,1-3,P,1° tempo,0.1,54,4,1,1,2,157,190,83,2,,0.14,2,1,1,3,0,7,0,1,0,9,18,50,37,49,76,2,7,29,0.18,6,9,2,6,33,19,13,4,0,0,0,1.05,-0.95,
5,28.09.2025,Sassuolo,Casa,Udinese,3-1,V,2° tempo,0.81,42,6,3,2,0,119,159,75,0,,0.94,2,1,4,2,0,9,0,1,13,8,30,27,33,55,60,2,3,67,0.8,6,5,2,6,33,23,16,4,0,0,3,1.26,0.26,1
5,28.09.2025,Udinese,Trasferta,Sassuolo,1-3,P,2° tempo,1.22,58,8,4,1,3,185,214,86,1,,1.26,4,0,5,3,0,12,0,0,5,12,19,63,43,53,81,2,11,18,0.25,10,13,1,6,17,22,8,4,0,0,2,0.94,-0.06,0
6,04.10.2025,Atalanta,Casa,Como,1-1,N,Totale,1.4,50,16,4,3,8,391,457,86,1,,0.61,5,7,8,8,0,37,2,2,19,24,44,55,81,113,72,2,20,10,1.07,12,10,7,19,37,53,15,9,1,1,3,1.14,0.14,
6,04.10.2025,Como,Trasferta,Atalanta,1-1,N,Totale,1.31,50,12,4,1,3,389,460,85,3,,1.14,4,4,8,4,0,21,0,1,10,13,31,42,53,82,65,3,10,30,0.35,7,19,11,18,61,49,38,10,1,0,2,0.61,-0.39,
6,04.10.2025,Atalanta,Casa,Como,1-1,N,1° tempo,1.03,52,7,3,2,3,218,251,87,,,0.59,1,3,4,3,0,24,0,1,5,16,26,62,47,65,72,1,6,17,0.61,8,6,3,11,27,24,7,4,1,1,2,1.11,0.11,
6,04.10.2025,Como,Trasferta,Atalanta,1-1,N,1° tempo,1.15,48,6,3,1,1,202,234,86,,,1.11,2,1,5,1,0,11,0,0,6,7,17,41,24,41,59,0,3,0,0.16,1,5,6,9,67,26,17,6,1,0,1,0.59,-0.41,
6,04.10.2025,Atalanta,Casa,Como,1-1,N,2° tempo,0.37,48,9,1,1,5,173,206,84,1,,0.02,4,4,4,5,0,13,2,1,14,8,18,44,34,48,71,1,14,7,0.46,4,4,4,8,50,29,8,5,0,0,1,0.03,0.03,
6,04.10.2025,Como,Trasferta,Atalanta,1-1,N,2° tempo,0.16,52,6,1,0,2,187,226,83,3,,0.03,2,3,3,3,0,10,0,1,4,6,14,43,29,41,71,3,7,43,0.19,6,14,5,9,56,23,21,4,0,0,1,0.02,0.02,
6,05.10.2025,Bologna,Casa,Pisa,4-0,V,Totale,3.62,71,24,7,6,2,485,547,89,0,0,2.7,12,5,15,9,1,35,1,1,12,37,55,67,148,175,85,4,17,24,1.83,23,16,11,17,65,46,15,4,0,0,0,0,0,
6,05.10.2025,Pisa,Trasferta,Bologna,0-4,P,Totale,0.03,29,2,0,0,2,147,211,70,1,1,0,2,0,2,0,0,5,0,2,16,20,52,38,28,48,58,4,14,29,0.48,17,12,15,19,79,51,13,10,0,0,3,2.7,-1.3,
6,05.10.2025,Bologna,Casa,Pisa,4-0,V,1° tempo,1.34,69,10,6,4,1,198,233,85,,0,2.53,2,2,5,5,1,8,1,1,7,14,26,54,47,59,80,1,9,11,0.52,10,6,7,7,100,23,11,3,0,0,0,0,0,
6,05.10.2025,Pisa,Trasferta,Bologna,0-4,P,1° tempo,0.02,31,1,0,0,2,62,99,63,,1,0,1,0,1,0,0,4,0,2,6,7,23,30,21,36,58,2,9,22,0.42,11,7,7,8,88,24,6,6,0,0,3,2.53,-0.47,
6,05.10.2025,Bologna,Casa,Pisa,4-0,V,2° tempo,2.28,73,14,1,2,1,287,314,91,0,,0.17,10,3,10,4,0,27,0,0,5,23,29,79,101,116,87,3,8,38,1.31,13,10,4,10,40,23,4,1,0,0,0,0,0,
6,05.10.2025,Pisa,Trasferta,Bologna,0-4,P,2° tempo,0.01,27,1,0,0,0,85,112,76,1,,0,1,0,1,0,0,1,0,0,10,13,29,45,7,12,58,2,5,40,0.06,6,5,8,11,73,27,7,4,0,0,0,0.17,-0.83,
6,05.10.2025,Fiorentina,Casa,Roma,1-2,P,Totale,1.1,45,11,3,2,3,293,373,79,2,,0.14,6,2,4,7,2,10,0,2,21,13,43,30,48,82,59,3,18,17,0.51,17,19,8,12,67,49,13,11,0,0,2,1,-1,0
6,05.10.2025,Roma,Trasferta,Fiorentina,2-1,V,Totale,1.35,55,8,3,2,4,384,467,82,3,,1,3,2,5,3,0,16,0,0,19,21,52,40,71,102,70,4,13,31,1,13,21,7,17,41,47,22,7,0,0,2,0.14,-0.86,1
6,05.10.2025,Fiorentina,Casa,Roma,1-2,P,1° tempo,0.33,44,5,2,0,1,160,200,80,1,,0.13,2,1,2,3,1,5,0,1,11,8,24,33,27,42,64,1,4,25,0.18,6,8,2,3,67,20,6,4,0,0,1,0.71,-1.29,0
6,05.10.2025,Roma,Trasferta,Fiorentina,2-1,V,1° tempo,1.02,56,5,2,1,3,215,255,84,1,,0.71,1,2,3,2,0,8,0,0,8,5,21,24,29,44,66,2,7,29,0.61,5,11,4,11,36,22,5,5,0,0,1,0.13,-0.87,1
6,05.10.2025,Fiorentina,Casa,Roma,1-2,P,2° tempo,0.77,46,6,1,2,2,133,173,77,1,,0.01,4,1,2,4,1,5,0,1,10,5,19,26,21,40,53,2,14,14,0.33,11,11,6,9,67,29,7,7,0,0,1,0.29,0.29,
6,05.10.2025,Roma,Trasferta,Fiorentina,2-1,V,2° tempo,0.33,54,3,1,1,1,169,212,80,2,,0.29,2,0,2,1,0,8,0,0,11,16,31,52,42,58,72,2,6,33,0.39,8,10,3,6,50,25,17,2,0,0,1,0.01,0.01,
6,04.10.2025,Inter,Casa,Cremonese,4-1,V,Totale,3.58,66,27,9,11,13,525,595,88,1,,3.78,12,6,16,11,0,44,2,4,8,25,43,58,163,205,80,14,35,40,2.34,20,9,6,12,50,33,17,10,0,0,1,0.38,-0.62,1
6,04.10.2025,Cremonese,Trasferta,Inter,1-4,P,Totale,0.64,34,3,2,1,1,243,316,77,1,,0.38,1,0,2,1,0,8,0,2,9,17,48,35,38,59,64,2,10,20,0.51,11,8,6,10,60,34,36,8,0,2,5,3.78,-0.22,0
6,04.10.2025,Inter,Casa,Cremonese,4-1,V,1° tempo,1.98,71,15,5,7,5,270,310,87,,,1.72,6,4,10,5,0,27,2,3,3,19,28,68,84,108,78,7,14,50,1.21,14,5,4,8,50,19,11,6,0,0,1,0.07,0.07,1
6,04.10.2025,Cremonese,Trasferta,Inter,1-4,P,1° tempo,0.07,29,1,1,0,0,93,132,70,,,0.07,0,0,0,1,0,4,0,1,5,7,25,28,10,23,43,0,0,0,0.09,7,3,3,6,50,17,15,5,0,1,3,1.72,-0.28,0
6,04.10.2025,Inter,Casa,Cremonese,4-1,V,2° tempo,1.6,61,12,4,4,8,255,285,89,1,,2.06,6,2,6,6,0,17,0,1,5,6,15,40,79,97,81,7,21,33,1.13,6,4,2,4,50,14,6,4,0,0,0,0.31,-0.69,
6,04.10.2025,Cremonese,Trasferta,Inter,1-4,P,2° tempo,0.57,39,2,1,1,1,150,184,82,1,,0.31,1,0,2,0,0,4,0,1,4,10,23,43,28,36,78,2,10,20,0.42,4,5,3,4,75,17,21,3,0,1,2,2.06,0.06,
6,05.10.2025,Juventus,Casa,Milan,0-0,N,Totale,1.13,51,12,3,1,6,422,475,89,2,,0.86,7,2,8,4,0,22,0,0,8,17,39,44,100,124,81,5,24,21,0.61,14,15,4,5,80,26,12,8,1,0,4,1.29,1.29,
6,05.10.2025,Milan,Trasferta,Juventus,0-0,N,Totale,1.74,49,13,4,3,0,416,466,89,2,,1.29,7,2,7,6,0,16,1,1,15,26,39,67,60,81,74,2,9,22,0.81,16,8,3,7,43,36,31,6,0,0,3,0.86,0.86,
6,05.10.2025,Juventus,Casa,Milan,0-0,N,1° tempo,0.32,47,6,1,0,2,214,233,92,0,,0.03,4,1,4,2,0,12,0,0,3,3,10,30,56,63,89,4,10,40,0.42,5,5,1,2,50,13,7,2,0,0,1,0.2,0.2,
6,05.10.2025,Milan,Trasferta,Juventus,0-0,N,1° tempo,0.4,53,4,1,0,0,244,274,89,1,,0.2,3,0,3,1,0,7,0,1,5,11,19,58,21,34,62,1,5,20,0.15,8,3,2,3,67,14,9,3,0,0,1,0.03,0.03,
6,05.10.2025,Juventus,Casa,Milan,0-0,N,2° tempo,0.81,56,6,2,1,4,208,242,86,2,,0.83,3,1,4,2,0,10,0,0,5,14,29,48,44,61,72,1,14,7,0.19,9,10,3,3,100,13,5,6,1,0,3,1.09,1.09,
6,05.10.2025,Milan,Trasferta,Juventus,0-0,N,2° tempo,1.34,44,9,3,3,0,172,192,90,1,,1.09,4,2,4,5,0,9,1,0,10,15,20,75,39,47,83,1,4,25,0.66,8,5,1,4,25,22,22,3,0,0,2,0.83,0.83,
6,04.10.2025,Lazio,Casa,Torino,3-3,N,Totale,1.35,49,9,4,2,3,333,411,81,3,,1.63,3,2,4,5,0,21,1,1,22,25,56,45,62,90,69,3,13,23,0.57,20,13,14,19,74,62,20,13,1,0,5,3.83,0.83,0
6,04.10.2025,Torino,Trasferta,Lazio,3-3,N,Totale,1.76,51,16,8,4,5,352,425,83,3,,3.83,7,1,10,6,0,22,0,1,13,20,46,43,66,94,70,5,19,26,0.93,23,22,3,12,25,43,24,11,1,0,1,1.63,-1.37,1
6,04.10.2025,Lazio,Casa,Torino,3-3,N,1° tempo,0.5,48,6,2,1,1,188,223,84,0,,0.86,2,2,2,4,0,11,1,1,11,15,29,52,24,36,67,1,4,25,0.41,6,5,7,11,64,35,10,3,1,0,4,1.56,0.56,
6,04.10.2025,Torino,Trasferta,Lazio,3-3,N,1° tempo,0.87,52,9,5,2,2,207,240,86,1,,1.56,3,1,6,3,0,13,0,0,5,15,26,58,39,53,74,2,8,25,0.21,10,11,3,6,50,17,7,5,1,0,0,0.86,-1.14,
6,04.10.2025,Lazio,Casa,Torino,3-3,N,2° tempo,0.85,50,3,2,1,2,145,188,77,3,,0.77,1,0,2,1,0,10,0,0,11,10,27,37,38,54,70,2,9,22,0.16,14,8,7,8,88,27,10,10,0,0,1,2.27,0.27,0
6,04.10.2025,Torino,Trasferta,Lazio,3-3,N,2° tempo,0.89,50,7,3,2,3,145,185,78,2,,2.27,4,0,4,3,0,9,0,1,8,5,20,25,27,41,66,3,11,27,0.72,13,11,0,6,0,26,17,6,0,0,1,0.77,-0.23,1
6,05.10.2025,Napoli,Casa,Genoa,2-1,V,Totale,1.31,69,12,5,4,7,462,554,83,1,,2.01,4,3,10,2,1,28,0,2,15,26,56,46,98,144,68,8,21,38,0.77,26,16,5,13,38,50,22,4,0,0,0,0.46,-0.54,1
6,05.10.2025,Genoa,Trasferta,Napoli,1-2,P,Totale,0.44,31,6,1,1,5,168,245,69,3,,0.46,3,2,1,5,0,8,0,2,16,14,50,28,31,56,55,3,12,25,0.61,17,15,15,15,100,46,34,10,0,0,3,2.01,0.01,0
6,05.10.2025,Napoli,Casa,Genoa,2-1,V,1° tempo,0.31,72,1,0,2,2,287,332,86,0,,0,1,0,1,0,0,8,0,1,7,10,26,38,38,59,64,3,9,33,0.31,9,6,3,8,38,27,8,2,0,0,0,0.46,-0.54,
6,05.10.2025,Genoa,Trasferta,Napoli,1-2,P,1° tempo,0.42,28,4,1,1,1,90,125,72,2,,0.46,3,0,1,3,0,4,0,1,6,3,18,17,20,34,59,3,5,60,0.48,8,7,3,3,100,12,20,2,0,0,0,0,0,
6,05.10.2025,Napoli,Casa,Genoa,2-1,V,2° tempo,1,65,11,5,2,5,175,222,79,1,,2.01,3,3,9,2,1,20,0,1,8,16,30,53,60,85,71,5,12,42,0.46,17,10,2,5,40,23,14,2,0,0,0,0,0,1
6,05.10.2025,Genoa,Trasferta,Napoli,1-2,P,2° tempo,0.02,35,2,0,0,4,78,120,65,1,,0,0,2,0,2,0,4,0,1,10,11,32,34,11,22,50,0,7,0,0.13,9,8,12,12,100,34,14,8,0,0,3,2.01,0.01,0
6,04.10.2025,Parma,Casa,Lecce,0-1,P,Totale,0.58,63,10,2,2,4,388,476,82,1,,0.23,6,2,7,3,0,19,0,2,16,26,51,51,78,123,63,4,17,24,0.56,15,16,11,14,79,59,20,3,0,0,2,0.36,-0.64,
6,04.10.2025,Lecce,Trasferta,Parma,1-0,V,Totale,0.5,37,7,3,1,9,182,277,66,2,,0.36,3,1,4,3,0,12,0,2,16,22,64,34,44,93,47,4,14,29,0.31,14,16,7,15,47,49,31,4,0,0,2,0.23,0.23,
6,04.10.2025,Parma,Casa,Lecce,0-1,P,1° tempo,0.14,61,4,1,0,0,179,215,83,,,0.18,2,1,2,2,0,8,0,1,5,14,20,70,37,53,70,1,6,17,0.21,8,6,6,8,75,24,7,3,0,0,2,0.36,-0.64,
6,04.10.2025,Lecce,Trasferta,Parma,1-0,V,1° tempo,0.46,39,6,3,1,4,94,133,71,,,0.36,2,1,3,3,0,6,0,1,6,6,19,32,25,42,60,2,7,29,0.21,9,5,5,10,50,26,12,2,0,0,1,0.18,0.18,
6,04.10.2025,Parma,Casa,Lecce,0-1,P,2° tempo,0.44,64,6,1,2,4,209,261,80,1,,0.05,4,1,5,1,0,11,0,1,11,12,31,39,41,70,59,3,11,27,0.35,7,10,5,6,83,35,13,0,0,0,0,0,0,
6,04.10.2025,Lecce,Trasferta,Parma,1-0,V,2° tempo,0.04,36,1,0,0,5,88,144,61,2,,0,1,0,1,0,0,6,0,1,10,16,45,36,19,51,37,2,7,29,0.1,5,11,2,5,40,23,19,2,0,0,1,0.05,0.05,
6,05.10.2025,Udinese,Casa,Cagliari,1-1,N,Totale,2.69,60,23,4,7,7,368,441,83,1,,2.07,9,10,15,8,2,39,0,0,16,39,66,59,96,143,67,5,18,28,1.49,23,14,9,14,64,59,21,10,1,0,2,0.88,-0.12,
6,05.10.2025,Cagliari,Trasferta,Udinese,1-1,N,Totale,0.97,40,8,2,1,2,216,299,72,2,,0.88,4,2,5,3,0,12,0,0,14,18,52,35,34,53,64,3,6,50,0.27,18,16,11,20,55,47,36,5,3,1,3,2.07,1.07,
6,05.10.2025,Udinese,Casa,Cagliari,1-1,N,1° tempo,0.94,66,12,2,2,2,208,248,84,0,,0.73,4,6,7,5,2,20,0,0,8,22,35,63,54,78,69,3,9,33,0.48,12,6,3,5,60,31,11,5,0,0,2,0.88,-0.12,
6,05.10.2025,Cagliari,Trasferta,Udinese,1-1,N,1° tempo,0.71,34,5,2,1,1,90,133,68,1,,0.88,1,2,2,3,0,4,0,0,6,10,26,38,6,12,50,0,2,0,0.06,7,8,3,9,33,21,18,3,1,0,2,0.73,0.73,
6,05.10.2025,Udinese,Casa,Cagliari,1-1,N,2° tempo,1.75,54,11,2,5,5,160,193,83,1,,1.34,5,4,8,3,0,19,0,0,8,17,31,55,42,65,65,2,9,22,1.01,11,8,6,9,67,28,10,5,1,0,0,0,0,
6,05.10.2025,Cagliari,Trasferta,Udinese,1-1,N,2° tempo,0.26,46,3,0,0,1,126,166,76,1,,0,3,0,3,0,0,8,0,0,8,8,26,31,28,41,68,3,4,75,0.21,11,8,8,11,73,26,18,2,2,1,1,1.34,0.34,
6,03.10.2025,Verona,Casa,Sassuolo,0-1,P,Totale,0.8,58,17,9,0,4,348,438,79,2,,1.42,6,2,9,8,0,25,0,0,12,23,50,46,100,134,75,4,19,21,1.11,23,14,12,17,71,47,16,6,0,0,2,1.55,0.55,
6,03.10.2025,Sassuolo,Trasferta,Verona,1-0,V,Totale,1.67,42,11,3,2,2,238,315,76,2,,1.55,4,4,6,5,0,17,0,1,14,23,52,44,44,78,56,3,8,38,0.34,18,12,7,15,47,54,36,7,0,0,9,1.42,1.42,
6,03.10.2025,Verona,Casa,Sassuolo,0-1,P,1° tempo,0.45,56,10,5,0,1,186,228,82,1,,0.48,4,1,4,6,0,13,0,0,4,12,24,50,53,69,77,2,7,29,0.67,9,6,7,9,78,22,7,3,0,0,1,0.06,0.06,
6,03.10.2025,Sassuolo,Trasferta,Verona,1-0,V,1° tempo,0.5,44,5,1,0,1,143,179,80,0,,0.06,2,2,3,2,0,10,0,0,6,11,25,44,16,29,55,2,7,29,0.18,6,4,3,7,43,21,13,6,0,0,5,0.48,0.48,
6,03.10.2025,Verona,Casa,Sassuolo,0-1,P,2° tempo,0.35,61,7,4,0,3,162,210,77,1,,0.94,2,1,5,2,0,12,0,0,8,11,26,42,47,65,72,2,12,17,0.44,14,8,5,8,63,25,9,3,0,0,1,1.49,0.49,
6,03.10.2025,Sassuolo,Trasferta,Verona,1-0,V,2° tempo,1.17,39,6,2,2,1,95,136,70,2,,1.49,2,2,3,3,0,7,0,1,8,12,27,44,28,49,57,1,1,100,0.16,12,8,4,8,50,33,23,1,0,0,4,0.94,0.94,
7,19.10.2025,Atalanta,Casa,Lazio,0-0,N,Totale,2.19,58,16,6,3,7,553,611,91,4,,1.35,7,3,12,4,2,39,0,3,5,35,54,65,155,180,86,10,26,38,1.76,22,10,8,14,57,33,10,7,0,0,1,0.13,0.13,
7,19.10.2025,Lazio,Trasferta,Atalanta,0-0,N,Totale,0.25,42,4,1,0,1,389,448,87,0,,0.13,2,1,1,3,0,7,0,0,10,27,53,51,72,91,79,2,7,29,0.26,15,5,13,26,50,40,22,12,0,0,6,1.35,1.35,
7,19.10.2025,Atalanta,Casa,Lazio,0-0,N,1° tempo,0.14,56,2,1,0,2,293,331,89,2,,0.21,1,0,2,0,0,10,0,0,1,22,34,65,65,78,83,1,7,14,0.34,12,4,4,7,57,14,5,4,0,0,1,0.13,0.13,
7,19.10.2025,Lazio,Trasferta,Atalanta,0-0,N,1° tempo,0.17,44,2,1,0,0,231,260,89,0,,0.13,1,0,1,1,0,5,0,0,4,14,26,54,54,67,81,2,3,67,0.23,12,1,6,13,46,19,11,7,0,0,1,0.21,0.21,
7,19.10.2025,Atalanta,Casa,Lazio,0-0,N,2° tempo,2.05,60,14,5,3,5,260,280,93,2,,1.14,6,3,10,4,2,29,0,3,4,13,20,65,90,102,88,9,19,47,1.42,10,6,4,7,57,19,5,3,0,0,0,0,0,
7,19.10.2025,Lazio,Trasferta,Atalanta,0-0,N,2° tempo,0.08,40,2,0,0,1,158,188,84,0,,0,1,1,0,2,0,2,0,0,6,13,27,48,18,24,75,0,4,0,0.03,3,4,7,13,54,21,11,5,0,0,5,1.14,1.14,
7,19.10.2025,Cagliari,Casa,Bologna,0-2,P,Totale,0.21,42,4,3,1,2,242,311,78,1,,0.22,1,0,1,3,0,8,1,5,22,21,43,49,31,60,52,1,14,7,0.32,24,15,7,12,58,51,26,7,1,0,5,1.6,-0.4,
7,19.10.2025,Bologna,Trasferta,Cagliari,2-0,V,Totale,1.11,58,10,7,2,7,368,436,84,3,,1.6,2,1,4,6,0,18,0,1,15,35,73,48,63,104,61,5,19,26,0.6,17,22,13,16,81,45,26,10,0,0,3,0.22,0.22,
7,19.10.2025,Cagliari,Casa,Bologna,0-2,P,1° tempo,0.08,36,1,1,1,2,110,151,73,0,,0.19,0,0,0,1,0,2,1,3,11,8,22,36,6,23,26,0,4,0,0.17,8,3,4,6,67,26,16,2,0,0,3,0.98,-0.02,
7,19.10.2025,Bologna,Trasferta,Cagliari,2-0,V,1° tempo,0.73,64,6,4,1,5,228,263,87,1,,0.98,1,1,2,4,0,7,0,0,3,17,34,50,37,58,64,3,12,25,0.52,10,11,6,7,86,18,14,6,0,0,1,0.19,0.19,
7,19.10.2025,Cagliari,Casa,Bologna,0-2,P,2° tempo,0.13,49,3,2,0,0,132,160,83,1,,0.03,1,0,1,2,0,6,0,2,11,13,21,62,25,37,68,1,10,10,0.15,16,12,3,6,50,25,10,5,1,0,2,0.62,-0.38,
7,19.10.2025,Bologna,Trasferta,Cagliari,2-0,V,2° tempo,0.38,51,4,3,1,2,140,173,81,2,,0.62,1,0,2,2,0,11,0,1,12,18,39,46,26,46,57,2,7,29,0.08,7,11,7,9,78,27,12,4,0,0,2,0.03,0.03,
7,19.10.2025,Como,Casa,Juventus,2-0,V,Totale,1.46,45,12,6,2,4,293,361,81,3,,2.03,3,3,9,3,0,26,0,1,15,22,43,51,63,84,75,6,13,46,0.84,22,17,11,23,48,47,21,5,0,0,4,0.58,0.58,
7,19.10.2025,Juventus,Trasferta,Como,0-2,P,Totale,0.88,55,15,3,1,1,373,447,83,1,,0.58,8,4,9,6,0,35,0,2,17,14,31,45,56,96,58,2,8,25,0.78,21,15,4,10,40,49,8,9,1,0,4,2.03,0.03,
7,19.10.2025,Como,Casa,Juventus,2-0,V,1° tempo,0.82,47,6,3,1,4,165,199,83,3,,1.16,1,2,6,0,0,17,0,1,6,10,18,56,35,47,74,4,8,50,0.67,14,7,4,10,40,20,9,3,0,0,0,0,0,
7,19.10.2025,Juventus,Trasferta,Como,0-2,P,1° tempo,0.58,53,9,0,0,0,192,229,84,1,,0,5,4,6,3,0,17,0,2,7,6,17,35,27,45,60,0,1,0,0.43,10,6,3,6,50,18,4,6,1,0,2,1.16,0.16,
7,19.10.2025,Como,Casa,Juventus,2-0,V,2° tempo,0.64,43,6,3,1,0,128,162,79,,,0.87,2,1,3,3,0,9,0,0,9,12,25,48,28,37,76,2,5,40,0.17,8,10,7,13,54,27,12,2,0,0,4,0.58,0.58,
7,19.10.2025,Juventus,Trasferta,Como,0-2,P,2° tempo,0.3,57,6,3,1,1,181,218,83,,,0.58,3,0,3,3,0,18,0,0,10,8,14,57,29,51,57,2,7,29,0.35,11,9,1,4,25,31,4,3,0,0,2,0.87,-0.13,
7,20.10.2025,Cremonese,Casa,Udinese,1-1,N,Totale,1.07,52,11,4,2,5,283,367,77,4,,0.93,5,2,6,5,2,11,0,1,14,34,69,49,48,89,54,3,15,20,0.69,22,15,9,16,56,46,24,2,0,0,0,0.6,-0.4,1
7,20.10.2025,Udinese,Trasferta,Cremonese,1-1,N,Totale,0.55,48,8,1,2,4,275,340,81,2,,0.6,5,2,6,2,0,28,0,2,15,43,60,72,84,116,72,5,16,31,0.66,18,14,10,22,45,64,34,6,0,0,2,0.93,-0.07,1
7,20.10.2025,Cremonese,Casa,Udinese,1-1,N,1° tempo,0.51,52,7,3,1,3,154,196,79,2,,0.65,3,1,4,3,1,7,0,1,7,19,40,48,14,34,41,3,7,43,0.6,7,7,4,9,44,22,11,0,0,0,0,0,0,1
7,20.10.2025,Udinese,Trasferta,Cremonese,1-1,N,1° tempo,0.05,48,1,0,0,0,146,179,82,1,,0,1,0,1,0,0,11,0,1,7,22,33,67,46,64,72,1,7,14,0.14,13,7,4,11,36,33,20,3,0,0,1,0.65,-0.35,0
7,20.10.2025,Cremonese,Casa,Udinese,1-1,N,2° tempo,0.56,52,4,1,1,2,129,171,75,2,,0.28,2,1,2,2,1,4,0,0,7,15,29,52,34,55,62,0,8,0,0.09,15,8,5,7,71,24,13,2,0,0,0,0.6,-0.4,0
7,20.10.2025,Udinese,Trasferta,Cremonese,1-1,N,2° tempo,0.5,48,7,1,2,4,129,161,80,1,,0.6,4,2,5,2,0,17,0,1,8,21,27,78,38,52,73,4,9,44,0.52,5,7,6,11,55,31,14,3,0,0,1,0.28,0.28,1
7,19.10.2025,Genoa,Casa,Parma,0-0,N,Totale,2.2,68,23,7,3,3,477,543,88,2,0,1.95,9,7,10,13,0,32,0,2,13,18,36,50,148,178,83,7,27,26,1.62,20,15,4,11,36,41,23,5,0,0,0,0,0,
7,19.10.2025,Parma,Trasferta,Genoa,0-0,N,Totale,0.05,32,1,0,0,0,172,257,67,5,1,0,1,0,0,1,0,6,0,1,15,17,57,30,27,65,42,1,4,25,0.09,22,13,8,15,53,44,30,7,0,0,7,1.95,1.95,
7,19.10.2025,Genoa,Casa,Parma,0-0,N,1° tempo,0.39,56,7,1,1,1,184,227,81,1,0,0.12,3,3,2,5,0,7,0,1,7,8,19,42,39,59,66,2,6,33,0.35,9,8,2,7,29,21,8,4,0,0,0,0,0,
7,19.10.2025,Parma,Trasferta,Genoa,0-0,N,1° tempo,0.05,44,1,0,0,0,140,183,77,3,1,0,1,0,0,1,0,2,0,0,8,8,26,31,14,31,45,1,1,100,0.07,13,7,4,5,80,20,11,6,0,0,1,0.12,0.12,
7,19.10.2025,Genoa,Casa,Parma,0-0,N,2° tempo,1.81,81,16,6,2,2,293,316,93,1,,1.83,6,4,8,8,0,25,0,1,6,10,17,59,109,119,92,5,21,24,1.27,11,7,2,4,50,20,15,1,0,0,0,0,0,
7,19.10.2025,Parma,Trasferta,Genoa,0-0,N,2° tempo,0,19,0,0,0,0,32,74,43,2,,0,0,0,0,0,0,4,0,1,7,9,31,29,13,34,38,0,3,0,0.02,9,6,4,10,40,24,19,1,0,0,6,1.83,1.83,
7,18.10.2025,Lecce,Casa,Sassuolo,0-0,N,Totale,0.7,52,11,2,0,6,339,414,82,2,,1.11,6,3,5,6,0,16,1,1,14,23,57,40,91,131,69,4,19,21,0.77,22,16,6,13,46,51,24,6,1,0,2,0.27,0.27,
7,18.10.2025,Sassuolo,Trasferta,Lecce,0-0,N,Totale,0.39,48,9,2,2,4,306,394,78,2,,0.27,4,3,5,4,0,12,0,1,16,20,59,34,48,88,55,2,12,17,0.18,15,14,7,11,64,39,17,8,0,0,2,1.11,1.11,
7,18.10.2025,Lecce,Casa,Sassuolo,0-0,N,1° tempo,0.41,52,7,1,0,2,187,224,83,,,0.57,4,2,3,4,0,9,1,0,4,11,29,38,51,73,70,1,9,11,0.4,12,8,3,6,50,25,11,2,0,0,1,0.11,0.11,
7,18.10.2025,Sassuolo,Trasferta,Lecce,0-0,N,1° tempo,0.08,48,3,1,0,1,167,214,78,,,0.11,2,0,1,2,0,3,0,1,8,13,36,36,11,27,41,2,3,67,0.09,8,4,3,7,43,22,6,3,0,0,1,0.57,0.57,
7,18.10.2025,Lecce,Casa,Sassuolo,0-0,N,2° tempo,0.29,51,4,1,0,4,152,190,80,2,,0.54,2,1,2,2,0,7,0,1,10,12,28,43,40,58,69,3,10,30,0.37,10,8,3,7,43,26,13,4,1,0,1,0.16,0.16,
7,18.10.2025,Sassuolo,Trasferta,Lecce,0-0,N,2° tempo,0.31,49,6,1,2,3,139,180,77,2,,0.16,2,3,4,2,0,9,0,0,8,7,23,30,37,61,61,0,9,0,0.09,7,10,4,4,100,17,11,5,0,0,1,0.54,0.54,
7,19.10.2025,Milan,Casa,Fiorentina,2-1,V,Totale,1.98,56,14,4,3,1,424,485,87,3,,1.19,7,3,10,4,0,21,0,0,12,26,43,60,109,145,75,4,13,31,0.59,20,14,15,21,71,48,21,4,0,0,1,0.99,-0.01,
7,19.10.2025,Fiorentina,Trasferta,Milan,1-2,P,Totale,1.08,44,5,1,1,3,306,362,85,3,,0.99,3,1,2,3,0,10,0,2,14,18,45,40,58,84,69,3,22,14,0.25,24,12,5,7,71,32,16,9,1,0,2,1.19,-0.81,
7,19.10.2025,Milan,Casa,Fiorentina,2-1,V,1° tempo,0.67,57,4,0,2,0,227,264,86,,,0,4,0,2,2,0,8,0,0,3,15,25,60,64,89,72,0,6,0,0.12,13,4,4,6,67,20,10,3,0,0,0,0,0,
7,19.10.2025,Fiorentina,Trasferta,Milan,1-2,P,1° tempo,0,43,0,0,0,2,158,190,83,,,0,0,0,0,0,0,3,0,1,4,7,20,35,20,31,65,1,11,9,0.07,15,3,2,4,50,11,11,4,0,0,0,0,0,
7,19.10.2025,Milan,Casa,Fiorentina,2-1,V,2° tempo,1.31,56,10,4,1,1,197,221,89,3,,1.19,3,3,8,2,0,13,0,0,9,11,18,61,45,56,80,4,7,57,0.47,7,10,11,15,73,28,11,1,0,0,1,0.99,-0.01,
7,19.10.2025,Fiorentina,Trasferta,Milan,1-2,P,2° tempo,1.08,44,5,1,1,1,148,172,86,3,,0.99,3,1,2,3,0,7,0,1,10,11,25,44,38,53,72,2,11,18,0.18,9,9,3,3,100,21,5,5,1,0,2,1.19,-0.81,
7,18.10.2025,Pisa,Casa,Verona,0-0,N,Totale,0.65,60,7,0,0,3,377,459,82,4,,0,5,2,5,2,0,17,0,0,14,41,73,56,55,99,56,3,13,23,0.51,22,8,7,11,64,58,56,5,1,0,3,0.31,0.31,
7,18.10.2025,Verona,Trasferta,Pisa,0-0,N,Totale,1.53,40,15,3,2,8,197,290,68,2,,0.31,8,4,12,3,0,27,0,2,8,22,59,37,58,112,52,7,27,26,0.97,41,14,10,22,45,55,24,4,0,0,0,0,0,
7,18.10.2025,Pisa,Casa,Verona,0-0,N,1° tempo,0.41,65,4,0,0,3,246,287,86,,,0,3,1,3,1,0,9,0,0,9,24,38,63,44,74,59,2,9,22,0.27,11,2,1,3,33,22,21,1,0,0,1,0.12,0.12,
7,18.10.2025,Verona,Trasferta,Pisa,0-0,N,1° tempo,1,35,7,1,1,3,105,148,71,,,0.12,4,2,6,1,0,11,0,1,2,10,26,38,28,47,60,3,13,23,0.24,21,9,5,7,71,22,12,3,0,0,0,0,0,
7,18.10.2025,Pisa,Casa,Verona,0-0,N,2° tempo,0.24,54,3,0,0,0,131,172,76,4,,0,2,1,2,1,0,8,0,0,5,17,35,49,11,25,44,1,4,25,0.24,11,6,6,8,75,36,35,4,1,0,2,0.19,0.19,
7,18.10.2025,Verona,Trasferta,Pisa,0-0,N,2° tempo,0.53,46,8,2,1,5,92,142,65,2,,0.19,4,2,6,2,0,16,0,1,6,12,33,36,30,65,46,4,14,29,0.73,20,5,5,15,33,33,12,1,0,0,0,0,0,
7,18.10.2025,Roma,Casa,Inter,0-1,P,Totale,1.35,57,15,5,3,4,444,509,87,4,,1.59,6,4,11,4,0,22,1,3,29,35,59,59,93,120,78,6,24,25,1.11,16,18,4,8,50,54,25,9,2,0,2,0.51,-0.49,
7,18.10.2025,Inter,Trasferta,Roma,1-0,V,Totale,0.63,43,12,3,1,5,302,389,78,3,,0.51,7,2,7,5,1,25,1,0,18,24,55,44,58,95,61,1,15,7,0.51,13,29,14,23,61,56,24,6,0,0,5,1.59,1.59,
7,18.10.2025,Roma,Casa,Inter,0-1,P,1° tempo,0.26,54,3,0,0,2,230,264,87,1,,0,2,1,2,1,0,4,0,1,10,21,31,68,56,66,85,2,13,15,0.33,8,9,1,3,33,20,14,6,1,0,1,0.45,-0.55,
7,18.10.2025,Inter,Trasferta,Roma,1-0,V,1° tempo,0.27,46,6,2,1,1,187,231,81,1,,0.45,3,1,3,3,0,11,1,0,9,11,24,46,34,51,67,0,8,0,0.24,7,10,8,11,73,25,11,4,0,0,0,0,0,
7,18.10.2025,Roma,Casa,Inter,0-1,P,2° tempo,1.09,61,12,5,3,2,214,245,87,3,,1.59,4,3,9,3,0,18,1,2,19,14,28,50,37,54,69,4,11,36,0.78,8,9,3,5,60,34,11,3,1,0,1,0.06,0.06,
7,18.10.2025,Inter,Trasferta,Roma,1-0,V,2° tempo,0.36,39,6,1,0,4,115,158,73,2,,0.06,4,1,4,2,1,14,0,0,9,13,31,42,24,44,55,1,7,14,0.27,6,19,6,12,50,31,13,2,0,0,5,1.59,1.59,
7,18.10.2025,Torino,Casa,Napoli,1-0,V,Totale,1.99,31,12,2,3,3,214,281,76,1,,1.31,8,2,8,4,1,17,0,2,9,26,65,40,44,68,65,2,13,15,0.45,17,9,6,13,46,43,48,11,1,0,5,0.56,0.56,
7,18.10.2025,Napoli,Trasferta,Torino,0-1,P,Totale,2.06,69,22,5,1,11,545,615,89,2,,0.56,13,4,14,8,2,45,1,2,9,25,40,63,148,188,79,9,34,26,1.81,14,9,6,9,67,47,21,7,0,0,1,1.31,0.31,
7,18.10.2025,Torino,Casa,Napoli,1-0,V,1° tempo,1.67,36,7,1,2,1,142,169,84,0,,1,5,1,5,2,1,9,0,2,3,15,31,48,22,31,71,0,6,0,0.25,7,5,3,7,43,18,19,8,1,0,2,0.3,0.3,
7,18.10.2025,Napoli,Trasferta,Torino,0-1,P,1° tempo,1.33,64,9,2,1,3,279,313,89,1,,0.3,5,2,6,3,0,16,1,1,5,14,19,74,85,110,77,4,9,44,1.07,5,3,3,4,75,21,9,3,0,0,0,1,0,
7,18.10.2025,Torino,Casa,Napoli,1-0,V,2° tempo,0.32,27,5,1,1,2,72,112,64,1,,0.31,3,1,3,2,0,8,0,0,6,11,34,32,22,37,59,2,7,29,0.2,10,4,3,6,50,25,29,3,0,0,3,0.26,0.26,
7,18.10.2025,Napoli,Trasferta,Torino,0-1,P,2° tempo,0.73,73,13,3,0,8,266,302,88,1,,0.26,8,2,8,5,2,29,0,1,4,11,21,52,63,78,81,5,25,20,0.74,9,6,3,5,60,26,12,4,0,0,1,0.31,0.31,
8,25.10.2025,Cremonese,Casa,Atalanta,1-1,N,Totale,1.12,35,9,5,3,2,189,277,68,3,,1.01,4,0,4,5,0,10,0,3,8,20,67,30,48,91,53,3,14,21,0.72,10,6,12,21,57,53,35,4,0,0,5,1.3,0.3,
8,25.10.2025,Atalanta,Trasferta,Cremonese,1-1,N,Totale,1.15,65,20,6,1,10,441,523,84,1,,1.3,6,8,12,8,0,30,0,2,6,26,50,52,133,182,73,6,26,23,1.41,22,8,5,10,50,42,23,0,0,0,4,1.01,0.01,
8,25.10.2025,Cremonese,Casa,Atalanta,1-1,N,1° tempo,0.38,43,6,2,1,2,133,180,74,1,,0.18,4,0,2,4,0,7,0,2,3,14,36,39,35,57,61,3,12,25,0.61,5,1,5,8,63,24,12,3,0,0,2,0.48,0.48,
8,25.10.2025,Atalanta,Trasferta,Cremonese,1-1,N,1° tempo,0.39,57,7,2,0,5,201,246,82,0,,0.48,0,5,5,2,0,12,0,1,1,11,23,48,47,75,63,2,9,22,0.67,5,3,1,5,20,23,20,0,0,0,2,0.18,0.18,
8,25.10.2025,Cremonese,Casa,Atalanta,1-1,N,2° tempo,0.74,25,3,3,2,0,56,97,58,2,,0.83,0,0,2,1,0,3,0,1,5,6,31,19,13,34,38,0,2,0,0.11,5,5,7,13,54,29,23,1,0,0,3,0.82,-0.18,
8,25.10.2025,Atalanta,Trasferta,Cremonese,1-1,N,2° tempo,0.76,75,13,4,1,5,240,277,87,1,,0.82,6,3,7,6,0,18,0,1,5,15,27,56,86,107,80,4,17,24,0.74,17,5,4,5,80,19,3,0,0,0,2,0.83,-0.17,
8,26.10.2025,Fiorentina,Casa,Bologna,2-2,N,Totale,3.72,50,19,7,6,5,256,326,79,3,0,2.53,7,5,15,4,0,21,0,5,20,19,52,37,52,84,62,5,22,23,0.69,17,13,7,10,70,42,18,6,0,0,1,1.86,-0.14,
8,26.10.2025,Bologna,Trasferta,Fiorentina,2-2,N,Totale,0.55,50,6,3,2,6,252,330,76,5,1,1.86,2,1,4,2,0,17,0,3,13,17,53,32,48,81,59,3,14,21,0.95,21,20,9,12,75,40,30,8,0,0,4,2.53,0.53,
8,26.10.2025,Fiorentina,Casa,Bologna,2-2,N,1° tempo,0.86,44,5,1,1,2,141,175,81,1,,0.07,4,0,4,1,0,6,0,4,9,6,22,27,22,36,61,2,7,29,0.32,6,7,1,3,33,18,17,2,0,0,1,0.95,-0.05,
8,26.10.2025,Bologna,Trasferta,Fiorentina,2-2,N,1° tempo,0.13,56,3,2,1,4,180,220,82,1,,0.95,1,0,2,1,0,8,0,1,7,12,28,43,23,41,56,1,11,9,0.08,11,9,5,7,71,24,9,2,0,0,1,0.07,0.07,
8,26.10.2025,Fiorentina,Casa,Bologna,2-2,N,2° tempo,2.86,59,14,6,5,3,115,151,76,2,0,2.46,3,5,11,3,0,15,0,1,11,13,30,43,30,48,63,3,15,20,0.37,11,6,6,7,86,24,1,4,0,0,0,0.91,-0.09,
8,26.10.2025,Bologna,Trasferta,Fiorentina,2-2,N,2° tempo,0.42,41,3,1,1,2,72,110,65,4,1,0.91,1,1,2,1,0,9,0,2,6,5,25,20,25,40,63,2,3,67,0.87,10,11,4,5,80,16,21,6,0,0,3,2.46,0.46,
8,26.10.2025,Lazio,Casa,Juventus,1-0,V,Totale,0.78,40,13,3,0,2,270,343,79,2,,0.33,6,4,9,4,0,27,0,0,18,18,46,39,46,74,62,3,8,38,0.27,16,11,6,9,67,51,33,5,0,0,5,0.76,0.76,
8,26.10.2025,Juventus,Trasferta,Lazio,0-1,P,Totale,1.49,60,14,5,3,5,440,498,88,4,,0.76,5,4,11,3,0,26,2,2,11,25,44,57,98,122,80,6,34,18,1.72,14,18,9,12,75,44,15,9,1,1,2,0.33,-0.67,
8,26.10.2025,Lazio,Casa,Juventus,1-0,V,1° tempo,0.29,38,4,1,0,0,133,171,78,1,,0.13,2,1,3,1,0,12,0,0,9,9,20,45,15,29,52,0,4,0,0.04,8,5,3,4,75,25,16,1,0,0,1,0.19,0.19,
8,26.10.2025,Juventus,Trasferta,Lazio,0-1,P,1° tempo,0.74,62,7,1,1,1,245,272,90,1,,0.19,4,2,6,1,0,13,1,1,5,12,17,71,58,68,85,4,17,24,0.74,7,9,5,7,71,22,9,4,1,1,0,0.13,-0.87,
8,26.10.2025,Lazio,Casa,Juventus,1-0,V,2° tempo,0.49,42,9,2,0,2,137,172,80,1,,0.2,4,3,6,3,0,15,0,0,9,9,26,35,31,45,69,3,4,75,0.23,8,6,3,5,60,26,17,4,0,0,4,0.57,0.57,
8,26.10.2025,Juventus,Trasferta,Lazio,0-1,P,2° tempo,0.75,58,7,4,2,4,195,226,86,3,,0.57,1,2,5,2,0,13,1,1,6,13,27,48,40,54,74,2,17,12,0.98,7,9,4,5,80,22,6,5,0,0,2,0.2,0.2,
8,24.10.2025,Milan,Casa,Pisa,2-2,N,Totale,1.53,68,20,7,3,6,556,620,90,1,,1.34,8,5,9,11,1,41,2,2,21,28,41,68,173,215,80,5,21,24,2.05,20,8,11,14,79,62,10,5,0,0,0,1.02,-0.98,
8,24.10.2025,Pisa,Trasferta,Milan,2-2,N,Totale,1.42,32,8,2,2,2,231,291,79,3,,1.02,3,3,3,5,0,12,1,1,8,18,48,38,44,61,72,2,11,18,0.29,10,21,9,20,45,40,31,11,0,0,5,1.34,-0.66,
8,24.10.2025,Milan,Casa,Pisa,2-2,N,1° tempo,0.35,73,7,3,0,2,342,370,92,0,,0.86,3,1,1,6,0,17,0,2,13,18,24,75,95,116,82,1,6,17,0.71,9,3,5,6,83,27,5,2,0,0,0,0,0,
8,24.10.2025,Pisa,Trasferta,Milan,2-2,N,1° tempo,0.05,27,2,0,0,1,107,131,82,1,,0,2,0,1,1,0,5,0,1,3,12,20,60,22,28,79,1,6,17,0.06,5,13,3,9,33,16,12,6,0,0,2,0.86,-0.14,
8,24.10.2025,Milan,Casa,Pisa,2-2,N,2° tempo,1.18,62,13,4,3,4,214,250,86,1,,0.48,5,4,8,5,1,24,2,0,8,10,17,59,78,99,79,4,15,27,1.34,11,5,6,8,75,35,5,3,0,0,0,1.02,-0.98,
8,24.10.2025,Pisa,Trasferta,Milan,2-2,N,2° tempo,1.37,38,6,2,2,1,124,160,78,2,,1.02,1,3,2,4,0,7,1,0,5,6,28,21,22,33,67,1,5,20,0.23,5,8,6,11,55,24,19,5,0,0,3,0.48,-0.52,
8,25.10.2025,Napoli,Casa,Inter,3-1,V,Totale,1.25,43,7,3,1,1,336,419,80,2,,1.63,1,3,4,3,0,15,0,1,10,23,51,45,88,128,69,1,6,17,0.31,15,15,8,12,67,38,23,12,1,0,2,1.62,0.62,
8,25.10.2025,Inter,Trasferta,Napoli,1-3,P,Totale,1.88,57,15,3,2,4,461,536,86,1,,1.62,9,3,9,6,2,25,0,1,15,22,49,45,93,126,74,11,22,50,0.99,21,10,7,9,78,38,16,9,0,0,0,1.63,-1.37,
8,25.10.2025,Napoli,Casa,Inter,3-1,V,1° tempo,0.91,43,4,1,1,1,174,211,82,2,,0.71,1,2,1,3,0,9,0,0,4,11,23,48,51,71,72,1,5,20,0.2,4,4,4,5,80,19,12,6,1,0,2,0.84,0.84,
8,25.10.2025,Inter,Trasferta,Napoli,1-3,P,1° tempo,0.86,57,8,2,1,3,240,277,87,0,,0.84,6,0,5,3,2,12,0,1,4,12,23,52,50,65,77,5,10,50,0.58,12,4,2,4,50,16,6,5,0,0,0,0.71,-0.29,
8,25.10.2025,Napoli,Casa,Inter,3-1,V,2° tempo,0.34,43,3,2,0,0,162,208,78,0,,0.92,0,1,3,0,0,6,0,1,6,12,28,43,37,57,65,0,1,0,0.11,11,11,4,7,57,19,11,6,0,0,0,0.78,-0.22,
8,25.10.2025,Inter,Trasferta,Napoli,1-3,P,2° tempo,1.02,57,7,1,1,1,221,259,85,1,,0.78,3,3,4,3,0,13,0,0,11,10,26,38,43,61,70,6,12,50,0.41,9,6,5,5,100,22,10,4,0,0,0,0.92,-1.08,
8,25.10.2025,Parma,Casa,Como,0-0,N,Totale,0.57,29,10,3,4,3,177,234,76,0,,0.49,4,3,6,4,1,21,0,3,14,22,47,47,44,74,59,4,12,33,0.4,17,7,11,16,69,48,15,9,0,0,2,0.28,0.28,
8,25.10.2025,Como,Trasferta,Parma,0-0,N,Totale,0.43,71,6,2,0,3,525,584,90,1,,0.28,3,1,4,2,0,22,0,3,7,10,25,40,104,138,75,6,19,32,0.81,25,14,11,19,58,42,26,6,0,0,3,0.49,0.49,
8,25.10.2025,Parma,Casa,Como,0-0,N,1° tempo,0.4,27,6,2,3,1,89,111,80,,,0.27,3,1,4,2,1,9,0,2,7,8,18,44,21,35,60,3,6,50,0.2,9,2,4,5,80,22,10,4,0,0,0,0,0,
8,25.10.2025,Como,Trasferta,Parma,0-0,N,1° tempo,0.19,73,3,0,0,2,282,310,91,,,0,2,1,1,2,0,6,0,3,2,5,12,42,60,76,79,1,8,13,0.38,13,7,7,8,88,18,10,2,0,0,2,0.27,0.27,
8,25.10.2025,Parma,Casa,Como,0-0,N,2° tempo,0.17,31,4,1,1,2,88,123,72,0,,0.22,1,2,2,2,0,12,0,1,7,14,29,48,23,39,59,1,6,17,0.2,8,5,7,11,64,26,5,5,0,0,2,0.28,0.28,
8,25.10.2025,Como,Trasferta,Parma,0-0,N,2° tempo,0.24,69,3,2,0,1,243,274,89,1,,0.28,1,0,3,0,0,16,0,0,5,5,13,38,44,62,71,5,11,45,0.43,12,7,4,11,36,24,16,4,0,0,1,0.22,0.22,
8,26.10.2025,Sassuolo,Casa,Roma,0-1,P,Totale,1.06,41,11,1,2,6,255,334,76,3,,0.39,7,3,7,4,0,21,0,1,16,24,50,48,58,98,59,4,14,29,0.93,21,18,12,19,63,58,27,11,1,0,7,1.48,0.48,
8,26.10.2025,Roma,Trasferta,Sassuolo,1-0,V,Totale,1.73,59,15,8,5,6,398,483,82,2,,1.48,6,1,11,4,1,19,1,1,18,31,61,51,90,126,71,1,15,7,0.76,19,16,9,14,64,55,23,2,0,0,1,0.39,0.39,
8,26.10.2025,Sassuolo,Casa,Roma,0-1,P,1° tempo,0.75,42,5,1,2,3,135,176,77,2,,0.39,3,1,2,3,0,7,0,1,8,13,28,46,24,45,53,2,3,67,0.47,11,11,4,8,50,28,12,5,0,0,3,0.93,-0.07,
8,26.10.2025,Roma,Trasferta,Sassuolo,1-0,V,1° tempo,0.49,58,7,4,2,1,198,236,84,1,,0.93,3,0,4,3,0,8,1,0,11,17,31,55,36,50,72,0,6,0,0.27,6,8,5,8,63,27,9,2,0,0,1,0.39,0.39,
8,26.10.2025,Sassuolo,Casa,Roma,0-1,P,2° tempo,0.31,40,6,0,0,3,120,158,76,1,,0,4,2,5,1,0,14,0,0,8,11,22,50,34,53,64,2,11,18,0.46,10,7,8,11,73,30,15,6,1,0,4,0.55,0.55,
8,26.10.2025,Roma,Trasferta,Sassuolo,1-0,V,2° tempo,1.24,60,8,4,3,5,200,247,81,1,,0.55,3,1,7,1,1,11,0,1,7,14,30,47,54,76,71,1,9,11,0.49,13,8,4,6,67,28,14,0,0,0,0,0,0,
8,26.10.2025,Torino,Casa,Genoa,2-1,V,Totale,1.35,59,13,6,3,9,392,484,81,2,,1.94,3,4,9,4,0,28,0,1,9,25,56,45,94,144,65,8,33,24,1.33,31,14,14,16,88,55,21,3,1,1,2,0.81,-0.19,
8,26.10.2025,Genoa,Trasferta,Torino,1-2,P,Totale,1.9,41,11,3,4,1,269,344,78,2,,0.81,5,3,8,3,0,18,0,0,14,21,54,39,78,108,72,4,15,27,0.73,22,9,9,14,64,48,47,4,0,0,5,1.94,0.94,
8,26.10.2025,Torino,Casa,Genoa,2-1,V,1° tempo,0.27,59,3,1,1,3,214,263,81,1,,0.24,1,1,2,1,0,11,0,1,4,15,31,48,45,76,59,1,13,8,0.24,17,6,3,4,75,24,7,1,1,1,0,0.29,-0.71,
8,26.10.2025,Genoa,Trasferta,Torino,1-2,P,1° tempo,0.93,41,4,1,2,0,147,184,80,1,,0.29,3,0,3,1,0,6,0,0,6,11,29,38,41,54,76,1,6,17,0.17,7,4,5,8,63,23,22,3,0,0,1,0.24,0.24,
8,26.10.2025,Torino,Casa,Genoa,2-1,V,2° tempo,1.08,59,10,5,2,6,178,221,81,1,,1.7,2,3,7,3,0,17,0,0,5,10,25,40,49,68,72,7,20,35,1.09,14,8,11,12,92,31,14,2,0,0,2,0.52,0.52,
8,26.10.2025,Genoa,Trasferta,Torino,1-2,P,2° tempo,0.97,41,7,2,2,1,122,160,76,1,,0.52,2,3,5,2,0,12,0,0,8,10,25,40,37,54,69,3,9,33,0.56,15,5,4,6,67,25,25,1,0,0,4,1.7,0.7,
8,25.10.2025,Udinese,Casa,Lecce,3-2,V,Totale,1.03,44,8,4,3,4,264,354,75,2,,1.4,2,2,8,0,1,23,0,1,12,36,84,43,61,103,59,2,15,13,0.46,20,12,21,30,70,63,27,9,1,0,1,0.8,-1.2,1
8,25.10.2025,Lecce,Trasferta,Udinese,2-3,P,Totale,0.38,56,13,3,0,9,351,441,80,2,,0.8,7,3,2,11,0,16,0,0,12,30,66,45,80,122,66,6,23,26,0.29,23,12,19,26,73,63,14,9,1,0,1,1.4,-1.6,0
8,25.10.2025,Udinese,Casa,Lecce,3-2,V,1° tempo,0.71,57,6,3,2,3,180,219,82,1,,1.11,1,2,6,0,1,16,0,0,6,23,42,55,44,59,75,1,10,10,0.35,12,6,9,14,64,29,10,5,1,0,0,0,0,1
8,25.10.2025,Lecce,Trasferta,Udinese,2-3,P,1° tempo,0.17,43,5,0,0,4,118,158,75,2,,0,4,1,1,4,0,9,0,0,6,12,29,41,33,48,69,1,11,9,0.14,9,6,10,12,83,31,10,5,1,0,1,1.11,-0.89,0
8,25.10.2025,Udinese,Casa,Lecce,3-2,V,2° tempo,0.32,32,2,1,1,1,84,135,62,1,,0.29,1,0,2,0,0,7,0,1,6,13,42,31,17,44,39,1,5,20,0.11,8,6,12,16,75,34,17,4,0,0,1,0.8,-1.2,
8,25.10.2025,Lecce,Trasferta,Udinese,2-3,P,2° tempo,0.21,68,8,3,0,5,233,283,82,0,,0.8,3,2,1,7,0,7,0,0,6,18,37,49,47,74,64,5,12,42,0.15,14,6,9,14,64,32,4,4,0,0,0,0.29,-0.71,
8,26.10.2025,Verona,Casa,Cagliari,2-2,N,Totale,2.02,37,10,6,4,3,249,355,70,3,,2.25,1,3,7,3,1,15,0,1,12,12,57,21,76,135,56,4,12,33,0.82,17,16,11,20,55,57,18,11,0,0,1,1.08,-0.92,1
8,26.10.2025,Cagliari,Trasferta,Verona,2-2,N,Totale,0.44,63,7,3,3,2,505,599,84,4,,1.08,2,2,3,4,0,11,1,3,16,14,41,34,88,123,72,1,10,10,0.34,21,12,6,12,50,45,26,10,0,0,4,2.25,0.25,0
8,26.10.2025,Verona,Casa,Cagliari,2-2,N,1° tempo,0.82,38,6,3,2,1,134,187,72,1,,0.95,1,2,3,3,1,8,0,0,3,6,30,20,34,63,54,1,4,25,0.1,12,8,6,10,60,28,9,5,0,0,1,0.05,0.05,1
8,26.10.2025,Cagliari,Trasferta,Verona,2-2,N,1° tempo,0.14,62,3,1,1,1,249,299,83,0,,0.05,2,0,1,2,0,7,0,1,8,6,22,27,44,64,69,1,5,20,0.11,12,3,2,6,33,27,14,5,0,0,2,0.95,-0.05,0
8,26.10.2025,Verona,Casa,Cagliari,2-2,N,2° tempo,1.2,36,4,3,2,2,115,168,68,2,,1.3,0,1,4,0,0,7,0,1,9,6,27,22,42,72,58,3,8,38,0.72,5,8,5,10,50,29,9,6,0,0,0,1.03,-0.97,
8,26.10.2025,Cagliari,Trasferta,Verona,2-2,N,2° tempo,0.3,64,4,2,2,1,256,300,85,4,,1.03,0,2,2,2,0,4,1,2,8,8,19,42,44,59,75,0,5,0,0.23,9,9,4,6,67,18,12,5,0,0,2,1.3,0.3,
9,28.10.2025,Atalanta,Casa,Milan,1-1,N,Totale,1.34,56,17,3,2,9,464,509,91,1,,0.45,8,6,11,6,0,20,0,0,8,27,43,63,130,148,88,7,25,28,1.37,15,9,7,10,70,33,14,9,1,0,0,0.53,-0.47,
9,28.10.2025,Milan,Trasferta,Atalanta,1-1,N,Totale,0.36,44,6,1,0,4,342,407,84,3,,0.53,2,3,4,2,0,14,0,1,9,10,32,31,55,92,60,3,12,25,0.51,13,8,9,15,60,37,22,5,1,0,2,0.45,-0.55,
9,28.10.2025,Atalanta,Casa,Milan,1-1,N,1° tempo,0.82,59,10,2,2,4,247,270,91,0,,0.4,6,2,6,4,0,10,0,0,4,12,17,71,58,68,85,5,11,45,0.81,8,3,4,6,67,17,7,4,1,0,0,0.53,-0.47,
9,28.10.2025,Milan,Trasferta,Atalanta,1-1,N,1° tempo,0.05,41,2,1,0,2,157,189,83,1,,0.53,0,1,0,2,0,1,0,1,3,5,18,28,18,35,51,0,5,0,0.07,5,4,5,7,71,16,8,1,1,0,1,0.4,-0.6,
9,28.10.2025,Atalanta,Casa,Milan,1-1,N,2° tempo,0.52,53,7,1,0,5,217,239,91,1,,0.05,2,4,5,2,0,10,0,0,4,15,26,58,72,80,90,2,14,14,0.56,7,6,3,4,75,16,7,5,0,0,0,0,0,
9,28.10.2025,Milan,Trasferta,Atalanta,1-1,N,2° tempo,0.31,47,4,0,0,2,185,218,85,2,,0,2,2,4,0,0,13,0,0,6,5,14,36,37,57,65,3,7,43,0.44,8,4,4,8,50,21,14,4,0,0,1,0.05,0.05,
9,29.10.2025,Bologna,Casa,Torino,0-0,N,Totale,0.42,71,11,2,0,3,570,641,89,2,,0.86,7,2,4,7,0,23,1,0,20,50,76,66,130,171,76,5,21,24,1.07,32,11,5,18,28,56,16,1,1,0,2,0.11,0.11,
9,29.10.2025,Torino,Trasferta,Bologna,0-0,N,Totale,0.55,29,8,2,1,3,178,254,70,3,,0.11,4,2,4,4,1,14,0,2,11,24,57,42,33,55,60,2,11,18,0.55,12,20,7,18,39,55,29,9,0,0,2,0.86,0.86,
9,29.10.2025,Bologna,Casa,Torino,0-0,N,1° tempo,0.06,76,3,1,0,1,379,415,91,0,,0.49,1,1,1,2,0,13,0,0,10,31,41,76,71,92,77,3,11,27,0.21,11,4,2,3,67,17,3,0,1,0,0,0,0,
9,29.10.2025,Torino,Trasferta,Bologna,0-0,N,1° tempo,0.29,24,2,0,1,0,96,128,75,2,,0,2,0,2,0,1,3,0,0,4,8,24,33,9,20,45,2,5,40,0.1,4,10,2,6,33,15,17,3,0,0,1,0.49,0.49,
9,29.10.2025,Bologna,Casa,Torino,0-0,N,2° tempo,0.36,64,8,1,0,2,191,226,85,2,,0.37,6,1,3,5,0,10,1,0,10,19,35,54,59,79,75,2,10,20,0.86,21,7,3,15,20,39,13,1,0,0,2,0.11,0.11,
9,29.10.2025,Torino,Trasferta,Bologna,0-0,N,2° tempo,0.26,36,6,2,0,3,82,126,65,1,,0.11,2,2,2,4,0,11,0,2,7,16,33,48,24,35,69,0,6,0,0.45,8,10,5,12,42,40,12,6,0,0,1,0.37,0.37,
9,30.10.2025,Cagliari,Casa,Sassuolo,1-2,P,Totale,0.73,46,8,1,1,3,264,337,78,4,,0.46,3,4,4,4,1,9,0,2,21,26,57,46,50,86,58,7,20,35,0.45,12,20,11,18,61,61,30,7,0,0,2,0.67,-1.33,
9,30.10.2025,Sassuolo,Trasferta,Cagliari,2-1,V,Totale,0.57,54,12,4,1,7,345,404,85,4,,0.67,5,3,6,6,1,23,0,3,20,11,32,34,87,122,71,4,18,22,0.65,17,21,6,6,100,43,20,5,0,0,0,0.46,-0.54,
9,30.10.2025,Cagliari,Casa,Sassuolo,1-2,P,1° tempo,0.18,40,4,0,0,1,128,162,79,1,,0,1,3,1,3,0,4,0,1,9,10,23,43,21,31,68,2,5,40,0.19,7,6,7,12,58,29,18,3,0,0,2,0.07,0.07,
9,30.10.2025,Sassuolo,Trasferta,Cagliari,2-1,V,1° tempo,0.15,60,5,2,0,5,209,233,90,1,,0.07,1,2,2,3,0,7,0,2,6,5,12,42,50,68,74,3,12,25,0.24,12,9,1,1,100,16,9,0,0,0,0,0,0,
9,30.10.2025,Cagliari,Casa,Sassuolo,1-2,P,2° tempo,0.55,52,4,1,1,2,136,175,78,3,,0.46,2,1,3,1,1,5,0,1,12,16,34,47,29,55,53,5,15,33,0.26,5,14,4,6,67,32,12,4,0,0,0,0.6,-1.4,
9,30.10.2025,Sassuolo,Trasferta,Cagliari,2-1,V,2° tempo,0.42,48,7,2,1,2,136,171,80,3,,0.6,4,1,4,3,1,16,0,1,14,6,20,30,37,54,69,1,6,17,0.41,5,12,5,5,100,27,11,5,0,0,0,0.46,-0.54,
9,29.10.2025,Como,Casa,Verona,3-1,V,Totale,1.5,71,15,5,3,1,517,587,88,1,,1.61,6,4,7,8,1,21,1,1,21,18,39,46,119,152,78,4,20,20,0.98,18,11,6,14,43,67,27,11,0,2,7,1.38,0.38,2
9,29.10.2025,Verona,Trasferta,Como,1-3,P,Totale,1.52,29,13,9,3,3,150,241,62,4,,1.38,2,2,11,2,0,24,1,1,11,23,63,37,39,88,44,4,8,50,0.84,25,21,11,21,52,50,22,9,0,0,2,1.61,-1.39,0
9,29.10.2025,Como,Casa,Verona,3-1,V,1° tempo,0.87,76,8,2,1,1,284,319,89,0,,1,4,2,4,4,1,8,1,1,11,11,21,52,68,85,80,3,11,27,0.57,8,3,4,9,44,34,14,3,0,2,2,0.72,-0.28,1
9,29.10.2025,Verona,Trasferta,Como,1-3,P,1° tempo,1.25,24,7,4,3,3,63,101,62,2,,0.72,2,1,6,1,0,14,1,1,3,12,27,44,20,43,47,2,5,40,0.62,11,11,8,13,62,27,13,6,0,0,1,1,0,0
9,29.10.2025,Como,Casa,Verona,3-1,V,2° tempo,0.63,66,7,3,2,0,233,268,87,1,,0.61,2,2,3,4,0,13,0,0,10,7,18,39,51,67,76,1,9,11,0.41,10,8,2,5,40,33,13,8,0,0,5,0.66,0.66,1
9,29.10.2025,Verona,Trasferta,Como,1-3,P,2° tempo,0.27,34,6,5,0,0,87,140,62,2,,0.66,0,1,5,1,0,10,0,0,8,11,36,31,19,45,42,2,3,67,0.22,14,10,3,8,38,23,9,3,0,0,1,0.61,-1.39,0
9,29.10.2025,Genoa,Casa,Cremonese,0-2,P,Totale,1.31,54,16,1,1,7,265,366,72,3,,0.08,8,7,10,6,0,20,0,3,13,25,54,46,60,94,64,5,21,24,0.91,27,16,10,18,56,61,21,16,0,0,2,1.14,-0.86,
9,29.10.2025,Cremonese,Trasferta,Genoa,2-0,V,Totale,1.39,46,11,4,2,3,206,318,65,1,,1.14,7,0,7,4,0,12,0,0,16,22,79,28,42,80,53,2,10,20,0.51,27,13,12,22,55,64,34,10,0,0,1,0.08,0.08,
9,29.10.2025,Genoa,Casa,Cremonese,0-2,P,1° tempo,0.55,48,7,0,0,3,140,182,77,1,,0,3,4,4,3,0,11,0,2,5,11,23,48,35,48,73,1,7,14,0.35,17,9,6,9,67,22,13,7,0,0,1,0.63,-0.37,
9,29.10.2025,Cremonese,Trasferta,Genoa,2-0,V,1° tempo,0.78,52,7,2,0,1,152,205,74,0,,0.63,5,0,4,3,0,7,0,0,9,14,41,34,32,48,67,0,5,0,0.15,15,5,5,8,63,29,15,5,0,0,0,0,0,
9,29.10.2025,Genoa,Casa,Cremonese,0-2,P,2° tempo,0.76,63,9,1,1,4,125,184,68,2,,0.08,5,3,6,3,0,9,0,1,8,14,31,45,25,46,54,4,14,29,0.56,10,7,4,9,44,39,8,9,0,0,1,0.51,-0.49,
9,29.10.2025,Cremonese,Trasferta,Genoa,2-0,V,2° tempo,0.61,37,4,2,2,2,54,113,48,1,,0.51,2,0,3,1,0,5,0,0,7,8,38,21,10,32,31,2,5,40,0.36,12,8,7,14,50,35,19,5,0,0,1,0.08,0.08,
9,29.10.2025,Inter,Casa,Fiorentina,3-0,V,Totale,2.63,64,22,8,6,8,488,564,87,1,0,3.75,6,8,19,3,0,41,0,0,16,42,59,71,146,195,75,12,28,43,1.18,16,11,14,20,70,56,15,2,0,0,2,0.27,0.27,
9,29.10.2025,Fiorentina,Trasferta,Inter,0-3,P,Totale,0.71,36,10,2,2,5,258,323,80,2,1,0.27,3,5,6,4,0,18,0,1,11,19,49,39,42,70,60,4,10,40,0.53,14,16,7,14,50,40,25,19,0,0,5,3.75,0.75,
9,29.10.2025,Inter,Casa,Fiorentina,3-0,V,1° tempo,0.95,62,10,2,2,3,263,313,84,,,0.65,6,2,8,2,0,17,0,0,7,22,32,69,70,104,67,6,14,43,0.49,9,6,6,10,60,29,9,1,0,0,1,0.13,0.13,
9,29.10.2025,Fiorentina,Trasferta,Inter,0-3,P,1° tempo,0.1,38,3,1,0,3,152,194,78,,,0.13,0,2,1,2,0,9,0,0,6,11,31,35,13,28,46,1,4,25,0.14,7,7,2,6,33,19,17,12,0,0,2,0.65,0.65,
9,29.10.2025,Inter,Casa,Fiorentina,3-0,V,2° tempo,1.68,66,12,6,4,5,225,251,90,1,0,3.1,0,6,11,1,0,24,0,0,9,20,27,74,76,91,84,6,14,43,0.69,7,5,8,10,80,27,6,1,0,0,1,0.14,0.14,
9,29.10.2025,Fiorentina,Trasferta,Inter,0-3,P,2° tempo,0.61,34,7,1,2,2,106,129,82,2,1,0.14,3,3,5,2,0,9,0,1,5,8,18,44,29,42,69,3,6,50,0.39,7,9,5,8,63,21,8,7,0,0,3,3.1,0.1,
9,29.10.2025,Juventus,Casa,Udinese,3-1,V,Totale,3.17,57,25,11,3,8,376,443,85,1,,3.67,7,7,17,8,1,49,1,2,13,36,59,61,84,113,74,8,26,31,1.41,19,12,7,14,50,45,23,4,2,1,1,0.64,-0.36,1
9,29.10.2025,Udinese,Trasferta,Juventus,1-3,P,Totale,0.54,43,8,2,1,4,277,345,80,4,,0.64,3,3,7,1,0,12,0,0,12,27,58,47,36,64,56,2,15,13,0.23,14,13,8,14,57,45,31,5,1,0,9,3.67,0.67,0
9,29.10.2025,Juventus,Casa,Udinese,3-1,V,1° tempo,1.26,54,8,5,1,3,180,212,85,0,,1.59,2,1,5,3,0,16,1,2,6,14,23,61,39,55,71,2,8,25,0.61,11,9,4,9,44,20,11,1,1,1,0,0.57,-0.43,
9,29.10.2025,Udinese,Trasferta,Juventus,1-3,P,1° tempo,0.26,46,4,1,0,1,152,185,82,2,,0.57,1,2,4,0,0,9,0,0,9,18,30,60,21,42,50,1,6,17,0.05,8,6,6,7,86,23,11,5,0,0,4,1.59,0.59,
9,29.10.2025,Juventus,Casa,Udinese,3-1,V,2° tempo,1.91,60,17,6,2,5,196,231,85,1,,2.08,5,6,12,5,1,33,0,0,7,22,36,61,45,58,78,6,18,33,0.8,8,3,3,5,60,25,12,3,1,0,1,0.07,0.07,1
9,29.10.2025,Udinese,Trasferta,Juventus,1-3,P,2° tempo,0.28,40,4,1,1,3,125,160,78,2,,0.07,2,1,3,1,0,3,0,0,3,9,28,32,15,22,68,1,9,11,0.18,6,7,2,7,29,22,20,0,1,0,5,2.08,0.08,0
9,28.10.2025,Lecce,Casa,Napoli,0-1,P,Totale,1.17,41,7,2,1,3,291,363,80,2,,0.95,3,2,5,2,0,13,0,1,14,19,54,35,61,91,67,4,13,31,0.4,20,10,14,29,48,52,27,9,0,0,2,1.09,0.09,0
9,28.10.2025,Napoli,Trasferta,Lecce,1-0,V,Totale,0.82,59,14,3,1,5,452,522,87,1,,1.09,5,6,9,5,0,26,0,0,10,18,39,46,88,129,68,4,14,29,0.64,28,14,18,23,78,52,14,11,0,0,2,0.95,0.95,1
9,28.10.2025,Lecce,Casa,Napoli,0-1,P,1° tempo,0.1,33,1,0,0,0,131,166,79,0,,0,1,0,1,0,0,3,0,0,6,3,24,13,17,25,68,1,2,50,0.05,7,6,1,8,13,15,14,4,0,0,1,0.24,0.24,
9,28.10.2025,Napoli,Trasferta,Lecce,1-0,V,1° tempo,0.46,67,8,1,0,2,299,337,89,1,,0.24,3,4,6,2,0,16,0,0,6,12,22,55,46,69,67,2,7,29,0.3,14,6,8,9,89,22,3,4,0,0,0,0,0,
9,28.10.2025,Lecce,Casa,Napoli,0-1,P,2° tempo,1.07,52,6,2,1,3,160,197,81,2,,0.95,2,2,4,2,0,10,0,1,8,16,30,53,44,66,67,3,11,27,0.35,13,4,13,21,62,37,13,5,0,0,1,0.85,-0.15,0
9,28.10.2025,Napoli,Trasferta,Lecce,1-0,V,2° tempo,0.36,48,6,2,1,3,153,185,83,0,,0.85,2,2,3,3,0,10,0,0,4,6,17,35,42,60,70,2,7,29,0.34,14,8,10,14,71,30,11,7,0,0,2,0.95,0.95,1
9,30.10.2025,Pisa,Casa,Lazio,0-0,N,Totale,0.93,39,10,2,2,3,291,367,79,2,,0.25,5,3,7,3,0,14,0,1,12,22,60,37,44,75,59,6,15,40,0.76,22,16,7,17,41,49,14,9,0,0,6,0.28,0.28,
9,30.10.2025,Lazio,Trasferta,Pisa,0-0,N,Totale,0.48,61,11,6,1,1,509,579,88,2,,0.28,5,0,5,6,1,12,0,0,16,25,52,48,77,101,76,1,7,14,0.33,22,12,2,9,22,35,14,6,0,0,2,0.25,0.25,
9,30.10.2025,Pisa,Casa,Lazio,0-0,N,1° tempo,0.41,44,3,0,1,0,189,232,81,1,,0,3,0,1,2,0,5,0,1,7,13,33,39,18,34,53,1,5,20,0.22,10,8,5,7,71,20,6,4,0,0,4,0.25,0.25,
9,30.10.2025,Lazio,Trasferta,Pisa,0-0,N,1° tempo,0.31,56,6,4,1,0,264,300,88,0,,0.25,2,0,3,3,1,9,0,0,8,11,20,55,37,50,74,1,3,33,0.25,9,7,0,5,0,16,3,3,0,0,0,0,0,
9,30.10.2025,Pisa,Casa,Lazio,0-0,N,2° tempo,0.52,34,7,2,1,3,102,135,76,1,,0.25,2,3,6,1,0,9,0,0,5,9,27,33,26,41,63,5,10,50,0.54,12,8,2,10,20,29,8,5,0,0,2,0.03,0.03,
9,30.10.2025,Lazio,Trasferta,Pisa,0-0,N,2° tempo,0.17,66,5,2,0,1,245,279,88,2,,0.03,3,0,2,3,0,3,0,0,8,14,32,44,40,51,78,0,4,0,0.08,13,5,2,4,50,19,11,3,0,0,2,0.25,0.25,
9,29.10.2025,Roma,Casa,Parma,2-1,V,Totale,1.01,60,18,6,1,9,439,519,85,0,,1.6,8,4,11,7,0,27,1,3,9,12,32,38,111,155,72,7,28,25,0.95,23,8,5,11,45,47,15,11,0,0,4,1.73,0.73,1
9,29.10.2025,Parma,Trasferta,Roma,1-2,P,Totale,1.21,40,8,5,2,2,261,348,75,4,,1.73,2,1,5,3,0,11,0,2,8,21,54,39,37,75,49,1,11,9,0.41,12,9,10,17,59,52,36,11,0,0,4,1.6,-0.4,0
9,29.10.2025,Roma,Casa,Parma,2-1,V,1° tempo,0.24,57,4,2,1,3,219,260,84,0,,0.16,1,1,2,2,0,9,1,3,6,7,18,39,52,76,68,2,11,18,0.53,11,1,1,2,50,15,5,5,0,0,1,0.11,0.11,
9,29.10.2025,Parma,Trasferta,Roma,1-2,P,1° tempo,0.3,43,4,1,0,1,156,201,78,2,,0.11,2,1,3,1,0,3,0,2,1,12,26,46,21,40,53,1,4,25,0.05,6,6,5,9,56,25,16,6,0,0,2,0.16,0.16,
9,29.10.2025,Roma,Casa,Parma,2-1,V,2° tempo,0.77,64,14,4,0,6,220,259,85,0,,1.44,7,3,9,5,0,18,0,0,3,5,14,36,59,79,75,5,17,29,0.42,12,7,4,9,44,32,10,6,0,0,3,1.62,0.62,1
9,29.10.2025,Parma,Trasferta,Roma,1-2,P,2° tempo,0.91,36,4,4,2,1,105,147,71,2,,1.62,0,0,2,2,0,8,0,0,7,9,28,32,16,35,46,0,7,0,0.36,6,3,5,8,63,27,20,5,0,0,2,1.44,-0.56,0
10,01.11.2025,Cremonese,Casa,Juventus,1-2,P,Totale,0.54,51,9,2,1,2,399,470,85,1,,1.04,2,5,5,4,0,16,0,0,14,27,57,47,59,79,75,3,21,14,0.26,19,10,10,18,56,50,28,9,2,2,3,1.62,-0.38,
10,01.11.2025,Juventus,Trasferta,Cremonese,2-1,V,Totale,2.04,49,15,5,4,3,381,458,83,0,,1.62,7,3,9,6,1,30,1,2,10,33,59,56,90,127,71,1,15,7,1.37,21,14,10,14,71,40,19,5,0,1,1,1.04,0.04,
10,01.11.2025,Cremonese,Casa,Juventus,1-2,P,1° tempo,0.07,46,2,0,0,0,206,237,87,,,0,1,1,1,1,0,4,0,0,6,13,26,50,20,30,67,2,8,25,0.08,7,5,3,6,50,22,17,3,2,1,3,1.18,0.18,
10,01.11.2025,Juventus,Trasferta,Cremonese,2-1,V,1° tempo,0.71,54,8,4,2,3,245,280,88,,,1.18,3,1,4,4,1,15,1,2,5,23,37,62,48,65,74,0,10,0,0.3,8,6,4,5,80,18,6,3,0,0,0,0,0,
10,01.11.2025,Cremonese,Casa,Juventus,1-2,P,2° tempo,0.47,57,7,2,1,2,193,233,83,1,,1.04,1,4,4,3,0,12,0,0,8,14,31,45,39,49,80,1,13,8,0.18,12,5,7,12,58,28,11,6,0,1,0,0.44,-0.56,
10,01.11.2025,Juventus,Trasferta,Cremonese,2-1,V,2° tempo,1.33,43,7,1,2,0,136,178,76,0,,0.44,4,2,5,2,0,15,0,0,5,10,22,45,42,62,68,1,5,20,1.07,13,8,6,9,67,22,13,2,0,1,1,1.04,0.04,
10,02.11.2025,Fiorentina,Casa,Lecce,0-1,P,Totale,1.46,63,15,4,2,4,383,459,83,4,,1.58,7,4,11,4,0,30,0,3,21,28,58,48,86,131,66,8,26,31,0.87,15,14,9,11,82,61,21,7,0,1,3,0.9,-0.1,
10,02.11.2025,Lecce,Trasferta,Fiorentina,1-0,V,Totale,1.15,37,11,4,2,4,188,276,68,1,,0.9,5,2,5,6,0,10,0,0,14,24,70,34,51,100,51,3,14,21,0.32,22,21,11,21,52,59,43,2,0,0,4,1.58,1.58,
10,02.11.2025,Fiorentina,Casa,Lecce,0-1,P,1° tempo,0.5,65,6,3,1,2,240,271,89,2,,0.8,1,2,4,2,0,19,0,1,11,14,24,58,45,63,71,3,12,25,0.46,7,4,3,4,75,28,11,2,0,1,2,0.89,-0.11,
10,02.11.2025,Lecce,Trasferta,Fiorentina,1-0,V,1° tempo,0.99,35,6,3,2,4,108,141,77,1,,0.89,2,1,4,2,0,8,0,0,4,13,28,46,24,40,60,3,11,27,0.26,7,11,8,10,80,28,21,1,0,0,3,0.8,0.8,
10,02.11.2025,Fiorentina,Casa,Lecce,0-1,P,2° tempo,0.96,60,9,1,1,2,143,188,76,2,,0.78,6,2,7,2,0,11,0,2,10,14,34,41,41,68,60,5,14,36,0.41,8,10,6,7,86,33,10,5,0,0,1,0.01,0.01,
10,02.11.2025,Lecce,Trasferta,Fiorentina,1-0,V,2° tempo,0.16,40,5,1,0,0,80,135,59,0,,0.01,3,1,1,4,0,2,0,0,10,11,42,26,27,60,45,0,3,0,0.06,15,10,3,11,27,31,22,1,0,0,1,0.78,0.78,
10,03.11.2025,Lazio,Casa,Cagliari,2-0,V,Totale,0.69,51,8,3,0,7,375,443,85,0,,1.97,5,0,6,2,0,18,0,0,18,30,51,59,71,105,68,3,18,17,0.48,15,8,7,17,41,54,29,5,0,0,5,0.3,0.3,
10,03.11.2025,Cagliari,Trasferta,Lazio,0-2,P,Totale,1.52,49,17,5,2,5,359,428,84,2,,0.3,7,5,9,8,0,20,0,0,8,12,37,32,50,84,60,4,14,29,0.46,27,18,6,8,75,29,24,8,0,1,1,1.97,-0.03,
10,03.11.2025,Lazio,Casa,Cagliari,2-0,V,1° tempo,0.32,53,4,1,0,4,215,253,85,,,0.29,3,0,3,1,0,10,0,0,12,12,24,50,43,64,67,3,11,27,0.32,12,4,5,8,63,28,11,3,0,0,2,0.14,0.14,
10,03.11.2025,Cagliari,Trasferta,Lazio,0-2,P,1° tempo,0.4,47,7,2,1,1,204,231,88,,,0.14,3,2,4,3,0,9,0,0,4,5,12,42,23,33,70,1,6,17,0.29,9,12,3,3,100,12,14,4,0,0,1,0.29,0.29,
10,03.11.2025,Lazio,Casa,Cagliari,2-0,V,2° tempo,0.37,50,4,2,0,3,160,190,84,0,,1.68,2,0,3,1,0,8,0,0,6,18,27,67,28,41,68,0,7,0,0.16,3,4,2,9,22,26,18,2,0,0,3,0.16,0.16,
10,03.11.2025,Cagliari,Trasferta,Lazio,0-2,P,2° tempo,1.12,50,10,3,1,4,155,197,79,2,,0.16,4,3,5,5,0,11,0,0,4,7,25,28,27,51,53,3,8,38,0.17,18,6,3,5,60,17,10,4,0,1,0,1.68,-0.32,
10,02.11.2025,Milan,Casa,Roma,1-0,V,Totale,3.32,37,17,8,6,7,259,313,83,1,,1.51,7,2,13,4,1,27,0,2,13,16,41,39,58,81,72,5,14,36,1.41,10,12,6,11,55,49,36,2,4,0,7,1.41,1.41,
10,02.11.2025,Roma,Trasferta,Milan,0-1,P,Totale,1.95,63,20,6,1,8,470,523,90,5,,1.41,10,4,14,6,0,33,0,1,12,17,38,45,151,176,86,11,38,29,1.21,13,13,12,22,55,59,22,10,3,0,6,1.51,0.51,
10,02.11.2025,Milan,Casa,Roma,1-0,V,1° tempo,1.23,44,7,2,2,4,186,217,86,0,,0.57,4,1,6,1,0,12,0,0,6,6,20,30,38,50,76,1,6,17,0.84,6,5,2,5,40,24,10,0,4,0,4,0.7,0.7,
10,02.11.2025,Roma,Trasferta,Milan,0-1,P,1° tempo,0.71,56,11,4,0,0,242,271,89,1,,0.7,7,0,8,3,0,17,0,0,5,12,25,48,45,59,76,4,9,44,0.42,5,6,7,13,54,27,8,9,2,0,1,0.57,-0.43,
10,02.11.2025,Milan,Casa,Roma,1-0,V,2° tempo,2.09,27,10,6,4,3,73,96,76,1,,0.94,3,1,7,3,1,15,0,2,7,10,21,48,20,31,65,4,8,50,0.57,4,7,4,6,67,25,26,2,0,0,3,0.71,0.71,
10,02.11.2025,Roma,Trasferta,Milan,0-1,P,2° tempo,1.24,73,9,2,1,8,228,252,90,4,,0.71,3,4,6,3,0,16,0,1,7,5,13,38,106,117,91,7,29,24,0.79,8,7,5,9,56,32,14,1,1,0,5,0.94,0.94,
10,01.11.2025,Napoli,Casa,Como,0-0,N,Totale,0.79,45,13,8,2,4,320,392,82,3,,1.06,4,1,6,7,0,19,0,0,16,15,44,34,62,100,62,4,12,33,0.52,21,15,11,24,46,64,15,6,1,0,2,0.77,0.77,
10,01.11.2025,Como,Trasferta,Napoli,0-0,N,Totale,1.08,55,13,2,1,2,414,484,86,2,,0.77,5,6,4,9,0,18,1,0,15,17,40,43,82,100,82,3,10,30,0.55,7,16,14,25,56,64,18,9,1,0,8,1.06,1.06,
10,01.11.2025,Napoli,Casa,Como,0-0,N,1° tempo,0.24,42,6,3,0,2,124,160,78,1,,0.23,2,1,3,3,0,10,0,0,8,8,25,32,18,31,58,1,6,17,0.18,11,7,2,7,29,26,8,5,1,0,2,0.77,0.77,
10,01.11.2025,Como,Trasferta,Napoli,0-0,N,1° tempo,0.99,58,9,2,1,1,185,216,86,2,,0.77,5,2,2,7,0,11,1,0,7,8,17,47,39,43,91,1,7,14,0.29,2,8,5,10,50,32,6,6,0,0,3,0.23,0.23,
10,01.11.2025,Napoli,Casa,Como,0-0,N,2° tempo,0.55,47,7,5,2,2,196,232,84,2,,0.83,2,0,3,4,0,9,0,0,8,7,19,37,44,69,64,3,6,50,0.34,10,8,9,17,53,38,7,1,0,0,0,0,0,
10,01.11.2025,Como,Trasferta,Napoli,0-0,N,2° tempo,0.09,53,4,0,0,1,229,268,85,0,,0,0,4,2,2,0,7,0,0,8,9,23,39,43,57,75,2,3,67,0.26,5,8,9,15,60,32,12,3,1,0,5,0.83,0.83,
10,02.11.2025,Parma,Casa,Bologna,1-3,P,Totale,0.51,35,7,1,1,1,148,235,63,3,1,0.82,3,3,5,2,1,12,1,1,15,34,69,49,34,87,39,0,4,0,0.2,13,16,9,14,64,52,28,5,0,0,3,1.47,-1.53,
10,02.11.2025,Bologna,Trasferta,Parma,3-1,V,Totale,2.72,65,22,6,7,5,367,424,87,2,0,1.47,13,3,16,6,0,36,4,6,16,29,46,63,120,143,84,7,25,28,1.63,20,15,6,11,55,50,30,5,0,0,0,0.82,-0.18,
10,02.11.2025,Parma,Casa,Bologna,1-3,P,1° tempo,0.25,34,4,1,1,0,78,114,68,2,1,0.82,2,1,3,1,1,6,0,0,4,14,30,47,10,27,37,0,0,0,0.04,8,9,5,8,63,21,17,1,0,0,2,0.76,-0.24,
10,02.11.2025,Bologna,Trasferta,Parma,3-1,V,1° tempo,1.81,66,14,3,5,5,188,212,89,0,0,0.76,8,3,9,5,0,18,3,2,9,15,18,83,48,60,80,3,12,25,0.96,9,4,4,7,57,30,13,4,0,0,0,0.82,-0.18,
10,02.11.2025,Parma,Casa,Bologna,1-3,P,2° tempo,0.26,36,3,0,0,1,70,121,58,1,,0,1,2,2,1,0,6,1,1,11,20,39,51,24,60,40,0,4,0,0.16,5,7,4,6,67,31,11,4,0,0,1,0.71,-1.29,
10,02.11.2025,Bologna,Trasferta,Parma,3-1,V,2° tempo,0.91,64,8,3,2,0,179,212,84,2,,0.71,5,0,7,1,0,18,1,4,7,14,28,50,72,83,87,4,13,31,0.67,11,11,2,4,50,20,17,1,0,0,0,0,0,
10,03.11.2025,Sassuolo,Casa,Genoa,1-2,P,Totale,1.15,61,13,4,2,3,438,520,84,1,,1.05,7,2,8,5,0,17,0,3,13,19,46,41,86,118,73,5,15,33,0.89,21,13,3,14,21,44,18,3,0,0,2,1.9,-0.1,0
10,03.11.2025,Genoa,Trasferta,Sassuolo,2-1,V,Totale,1.76,39,16,5,3,7,247,324,76,3,,1.9,9,2,11,5,0,15,0,2,13,28,66,42,57,91,63,10,21,48,0.85,13,13,12,18,67,52,15,12,0,0,3,1.05,0.05,1
10,03.11.2025,Sassuolo,Casa,Genoa,1-2,P,1° tempo,0.44,58,7,2,1,1,213,250,85,0,,0.14,5,0,5,2,0,8,0,2,6,6,16,38,37,47,79,2,6,33,0.62,13,3,0,6,0,19,12,1,0,0,1,0.91,-0.09,
10,03.11.2025,Genoa,Trasferta,Sassuolo,2-1,V,1° tempo,0.79,42,9,3,2,4,145,180,81,2,,0.91,5,1,5,4,0,7,0,1,3,15,33,45,33,54,61,4,11,36,0.22,5,6,5,7,71,17,4,4,0,0,2,0.14,0.14,
10,03.11.2025,Sassuolo,Casa,Genoa,1-2,P,2° tempo,0.71,65,6,2,1,2,225,270,83,1,,0.91,2,2,3,3,0,9,0,1,7,13,30,43,49,71,69,3,9,33,0.27,8,10,3,8,38,25,6,2,0,0,1,0.99,-0.01,0
10,03.11.2025,Genoa,Trasferta,Sassuolo,2-1,V,2° tempo,0.97,35,7,2,1,3,102,144,71,1,,0.99,4,1,6,1,0,8,0,1,10,13,33,39,24,37,65,6,10,60,0.63,8,7,7,11,64,35,11,8,0,0,1,0.91,-0.09,1
10,02.11.2025,Torino,Casa,Pisa,2-2,N,Totale,0.91,64,15,3,2,4,447,541,83,2,,1.42,6,6,11,4,1,33,1,1,8,27,54,50,118,175,67,4,19,21,0.87,19,14,7,8,88,45,16,5,1,0,1,1.93,-0.07,1
10,02.11.2025,Pisa,Trasferta,Torino,2-2,N,Totale,1.52,36,11,3,3,2,215,300,72,1,,1.93,6,2,8,3,1,19,0,1,14,23,62,37,38,76,50,4,10,40,0.45,17,8,5,12,42,56,39,8,0,0,1,1.42,-0.58,0
10,02.11.2025,Torino,Casa,Pisa,2-2,N,1° tempo,0.48,69,7,3,2,0,241,285,85,1,,1.42,2,2,5,2,1,19,1,0,5,13,22,59,53,83,64,2,7,29,0.53,11,6,1,1,100,23,2,5,0,0,0,1.51,-0.49,1
10,02.11.2025,Pisa,Trasferta,Torino,2-2,N,1° tempo,1.12,31,4,2,3,0,85,127,67,1,,1.51,2,0,4,0,1,7,0,0,6,12,33,36,13,32,41,2,3,67,0.19,5,5,3,7,43,28,18,5,0,0,1,1.42,-0.58,0
10,02.11.2025,Torino,Casa,Pisa,2-2,N,2° tempo,0.43,60,8,0,0,4,206,256,80,1,,0,4,4,6,2,0,14,0,1,3,14,32,44,65,92,71,2,12,17,0.34,8,8,6,7,86,22,14,0,1,0,1,0.42,0.42,
10,02.11.2025,Pisa,Trasferta,Torino,2-2,N,2° tempo,0.4,40,7,1,0,2,130,173,75,0,,0.42,4,2,4,3,0,12,0,1,8,11,29,38,25,44,57,2,7,29,0.26,12,3,2,5,40,28,21,3,0,0,0,0,0,
10,01.11.2025,Udinese,Casa,Atalanta,1-0,V,Totale,0.53,40,11,5,1,5,286,341,84,1,,0.73,4,2,3,8,0,10,0,0,11,23,45,51,79,111,71,2,16,13,0.24,17,14,11,20,55,49,28,13,1,0,0,0,0,
10,01.11.2025,Atalanta,Trasferta,Udinese,0-1,P,Totale,0.37,60,5,0,0,4,456,519,88,3,,0,1,4,3,2,0,16,0,3,14,23,43,53,73,93,78,1,15,7,0.57,19,11,10,14,71,44,16,7,0,0,4,0.73,-0.27,
10,01.11.2025,Udinese,Casa,Atalanta,1-0,V,1° tempo,0.42,44,8,4,1,2,162,182,89,,,0.71,2,2,2,6,0,5,0,0,4,11,16,69,30,39,77,2,11,18,0.16,9,6,6,11,55,22,11,5,1,0,0,0,0,
10,01.11.2025,Atalanta,Trasferta,Udinese,0-1,P,1° tempo,0.22,56,2,0,0,2,206,242,85,,,0,0,2,2,0,0,5,0,1,6,16,27,59,29,40,73,1,3,33,0.25,7,4,4,6,67,18,12,1,0,0,3,0.71,-0.29,
10,01.11.2025,Udinese,Casa,Atalanta,1-0,V,2° tempo,0.11,36,3,1,0,3,124,159,78,1,,0.02,2,0,1,2,0,5,0,0,7,12,29,41,49,72,68,0,5,0,0.08,8,8,5,9,56,27,17,8,0,0,0,0,0,
10,01.11.2025,Atalanta,Trasferta,Udinese,0-1,P,2° tempo,0.15,64,3,0,0,2,250,277,90,3,,0,1,2,1,2,0,11,0,2,8,7,16,44,44,53,83,0,12,0,0.32,12,7,6,8,75,26,4,6,0,0,1,0.02,0.02,
10,02.11.2025,Verona,Casa,Inter,1-2,P,Totale,0.38,27,8,2,0,4,177,247,72,2,,0.31,4,2,5,3,1,13,0,1,4,17,51,33,46,83,55,3,13,23,0.26,16,16,3,8,38,23,37,9,0,0,4,0.6,-0.4,
10,02.11.2025,Inter,Trasferta,Verona,2-1,V,Totale,1.1,73,21,6,2,8,580,659,88,1,,0.6,6,9,13,8,0,27,1,1,16,34,57,60,135,170,79,10,28,36,1.2,24,4,13,17,76,56,15,6,0,0,1,0.31,-0.69,
10,02.11.2025,Verona,Casa,Inter,1-2,P,1° tempo,0.36,26,7,2,0,3,99,129,77,1,,0.31,4,1,5,2,1,9,0,0,0,8,23,35,21,36,58,2,6,33,0.18,6,6,2,5,40,8,11,5,0,0,3,0.55,-0.45,
10,02.11.2025,Inter,Trasferta,Verona,2-1,V,1° tempo,0.72,74,9,5,2,4,339,375,90,0,,0.55,1,3,7,2,0,13,1,1,6,23,32,72,41,56,73,4,6,67,0.53,10,0,3,4,75,19,6,2,0,0,1,0.31,-0.69,
10,02.11.2025,Verona,Casa,Inter,1-2,P,2° tempo,0.02,29,1,0,0,1,78,118,66,1,,0,0,1,0,1,0,4,0,1,4,9,28,32,25,47,53,1,7,14,0.08,10,10,1,3,33,15,26,4,0,0,1,0.05,0.05,
10,02.11.2025,Inter,Trasferta,Verona,2-1,V,2° tempo,0.38,71,12,1,0,4,241,284,85,1,,0.05,5,6,6,6,0,14,0,0,10,11,25,44,94,114,82,6,22,27,0.67,14,4,10,13,77,37,9,4,0,0,0,0,0,
11,09.11.2025,Atalanta,Casa,Sassuolo,0-3,P,Totale,0.91,67,14,2,0,4,582,654,89,0,,0.04,7,5,7,7,0,30,0,2,8,31,50,62,128,164,78,3,23,13,1.32,25,9,10,14,71,42,3,2,0,0,1,2.34,-0.66,
11,09.11.2025,Sassuolo,Trasferta,Atalanta,3-0,V,Totale,1.81,33,8,4,3,1,247,323,76,2,,2.34,3,1,6,2,0,15,1,2,9,19,52,37,36,66,55,1,4,25,0.49,20,8,11,16,69,38,27,8,0,0,1,0.04,0.04,
11,09.11.2025,Atalanta,Casa,Sassuolo,0-3,P,1° tempo,0.31,64,4,1,0,0,279,312,89,0,,0,1,2,3,1,0,8,0,1,4,19,31,61,45,58,78,2,8,25,0.39,9,7,6,6,100,21,2,0,0,0,1,0.77,-0.23,
11,09.11.2025,Sassuolo,Trasferta,Atalanta,3-0,V,1° tempo,1.07,36,4,2,1,1,145,179,81,1,,0.77,1,1,3,1,0,9,0,1,7,15,28,54,28,43,65,1,4,25,0.2,12,4,7,8,88,17,8,3,0,0,0,0,0,
11,09.11.2025,Atalanta,Casa,Sassuolo,0-3,P,2° tempo,0.6,71,10,1,0,4,303,342,89,0,,0.04,6,3,4,6,0,22,0,1,4,12,19,63,83,106,78,1,15,7,0.93,16,2,4,8,50,21,1,2,0,0,0,1.57,-0.43,
11,09.11.2025,Sassuolo,Trasferta,Atalanta,3-0,V,2° tempo,0.74,29,4,2,2,0,102,144,71,1,,1.57,2,0,3,1,0,6,1,1,2,4,24,17,8,23,35,0,0,0,0.29,8,4,4,8,50,21,19,5,0,0,1,0.04,0.04,
11,09.11.2025,Bologna,Casa,Napoli,2-0,V,Totale,0.92,41,11,4,3,5,297,370,80,1,,1.16,4,3,6,5,0,14,0,0,15,24,56,43,76,108,70,5,15,33,0.91,13,14,7,14,50,48,17,7,0,0,1,0.1,0.1,1
11,09.11.2025,Napoli,Trasferta,Bologna,0-2,P,Totale,0.24,59,4,1,0,4,467,551,85,3,,0.1,1,2,1,3,1,13,0,0,14,29,53,55,79,110,72,1,13,8,0.24,21,15,6,9,67,34,14,4,0,0,2,1.16,-0.84,0
11,09.11.2025,Bologna,Casa,Napoli,2-0,V,1° tempo,0.32,42,4,1,0,4,162,194,84,,,0.04,2,1,2,2,0,3,0,0,4,9,28,32,34,47,72,2,9,22,0.26,10,7,5,8,63,21,10,2,0,0,1,0.1,0.1,
11,09.11.2025,Napoli,Trasferta,Bologna,0-2,P,1° tempo,0.19,58,3,1,0,2,232,270,86,,,0.1,1,1,1,2,0,6,0,0,7,18,29,62,39,51,76,1,7,14,0.14,10,4,1,2,50,15,7,3,0,0,1,0.04,0.04,
11,09.11.2025,Bologna,Casa,Napoli,2-0,V,2° tempo,0.6,39,7,3,3,1,135,176,77,1,,1.12,2,2,4,3,0,11,0,0,11,15,28,54,42,61,69,3,6,50,0.65,3,7,2,6,33,27,7,5,0,0,0,0,0,1
11,09.11.2025,Napoli,Trasferta,Bologna,0-2,P,2° tempo,0.05,61,1,0,0,2,235,281,84,3,,0,0,1,0,1,1,7,0,0,7,11,24,46,40,59,68,0,6,0,0.1,11,11,5,7,71,19,7,1,0,0,1,1.12,-0.88,0
11,08.11.2025,Como,Casa,Cagliari,0-0,N,Totale,1.06,75,10,6,1,10,554,635,87,3,,1.38,2,2,5,5,0,23,0,1,15,16,33,48,111,163,68,4,23,17,0.56,25,21,10,12,83,52,10,9,1,0,2,0.54,0.54,
11,08.11.2025,Cagliari,Trasferta,Como,0-0,N,Totale,0.64,25,4,2,1,0,141,219,64,1,,0.54,2,0,4,0,0,5,0,2,21,12,47,26,11,36,31,1,1,100,0.4,20,15,9,14,64,59,22,14,0,0,6,1.38,1.38,
11,08.11.2025,Como,Casa,Cagliari,0-0,N,1° tempo,0.19,75,5,2,0,5,297,334,89,,,0.23,1,2,2,3,0,12,0,0,5,10,16,63,68,95,72,2,12,17,0.31,15,8,4,4,100,17,5,6,1,0,1,0.34,0.34,
11,08.11.2025,Cagliari,Trasferta,Como,0-0,N,1° tempo,0.58,25,3,1,0,0,79,115,69,,,0.34,2,0,3,0,0,3,0,0,8,6,21,29,5,12,42,1,1,100,0.37,10,5,5,7,71,26,13,4,0,0,2,0.23,0.23,
11,08.11.2025,Como,Casa,Cagliari,0-0,N,2° tempo,0.87,75,5,4,1,5,257,301,85,3,,1.15,1,0,3,2,0,11,0,1,10,6,17,35,43,68,63,2,11,18,0.25,10,13,6,8,75,35,5,3,0,0,1,0.2,0.2,
11,08.11.2025,Cagliari,Trasferta,Como,0-0,N,2° tempo,0.06,25,1,1,1,0,62,104,60,1,,0.2,0,0,1,0,0,2,0,2,13,6,26,23,6,24,25,0,0,0,0.03,10,10,4,7,57,33,9,10,0,0,4,1.15,1.15,
11,09.11.2025,Genoa,Casa,Fiorentina,2-2,N,Totale,1.59,41,10,6,3,3,214,281,76,2,,2.64,3,1,9,1,0,18,0,0,15,19,48,40,53,83,64,8,22,36,0.6,24,20,6,9,67,44,28,8,0,1,1,1.64,-0.36,1
11,09.11.2025,Fiorentina,Trasferta,Genoa,2-2,N,Totale,1.56,59,7,3,3,7,343,418,82,3,,1.64,2,2,5,2,0,12,1,0,20,26,53,49,45,80,56,2,17,12,0.89,14,15,10,17,59,67,28,5,0,0,4,2.64,0.64,0
11,09.11.2025,Genoa,Casa,Fiorentina,2-2,N,1° tempo,0.44,47,4,2,1,2,141,172,82,0,,0.95,1,1,3,1,0,6,0,0,8,9,22,41,30,42,71,4,13,31,0.41,11,10,3,4,75,23,7,4,0,0,0,0.85,-0.15,1
11,09.11.2025,Fiorentina,Trasferta,Genoa,2-2,N,1° tempo,1.14,53,4,1,2,3,174,206,84,2,,0.85,2,1,3,1,0,6,0,0,10,15,26,58,27,41,66,2,9,22,0.54,5,8,2,6,33,32,16,2,0,0,1,0.95,-0.05,0
11,09.11.2025,Genoa,Casa,Fiorentina,2-2,N,2° tempo,1.15,35,6,4,2,1,73,109,67,2,,1.69,2,0,6,0,0,12,0,0,7,10,26,38,23,41,56,4,9,44,0.19,13,10,3,5,60,21,21,4,0,1,1,0.79,-0.21,
11,09.11.2025,Fiorentina,Trasferta,Genoa,2-2,N,2° tempo,0.42,65,3,2,1,4,169,212,80,1,,0.79,0,1,2,1,0,6,1,0,10,11,27,41,18,39,46,0,8,0,0.35,9,7,8,11,73,35,12,3,0,0,3,1.69,0.69,
11,09.11.2025,Inter,Casa,Lazio,2-0,V,Totale,1.91,54,8,3,3,3,489,559,87,3,,1.44,4,1,7,1,0,23,0,2,11,33,60,55,109,145,75,3,21,14,1.38,19,26,6,14,43,39,11,4,0,0,5,0.9,0.9,
11,09.11.2025,Lazio,Trasferta,Inter,0-2,P,Totale,0.63,46,8,5,2,1,425,494,86,1,,0.9,3,0,3,5,1,5,1,0,26,35,52,67,93,119,78,1,6,17,0.47,5,11,1,5,20,40,20,9,1,1,1,1.44,-0.56,
11,09.11.2025,Inter,Casa,Lazio,2-0,V,1° tempo,0.88,59,5,1,2,3,258,294,88,2,,0.41,3,1,4,1,0,17,0,1,5,17,28,61,51,73,70,1,12,8,0.62,9,16,3,6,50,17,6,2,0,0,1,0.01,0.01,
11,09.11.2025,Lazio,Trasferta,Inter,0-2,P,1° tempo,0.07,41,3,1,0,0,172,208,83,0,,0.01,2,0,0,3,0,1,0,0,16,18,29,62,27,41,66,0,2,0,0.12,2,5,1,5,20,25,15,5,1,1,0,0.41,-0.59,
11,09.11.2025,Inter,Casa,Lazio,2-0,V,2° tempo,1.03,49,3,2,1,0,231,265,87,1,,1.03,1,0,3,0,0,6,0,1,6,16,32,50,58,72,81,2,9,22,0.76,10,10,3,8,38,22,5,2,0,0,4,0.89,0.89,
11,09.11.2025,Lazio,Trasferta,Inter,0-2,P,2° tempo,0.56,51,5,4,2,1,253,286,88,1,,0.89,1,0,3,2,1,4,1,0,10,17,23,74,66,78,85,1,4,25,0.35,3,6,0,0,0,15,5,4,0,0,1,1.03,0.03,
11,08.11.2025,Juventus,Casa,Torino,0-0,N,Totale,1.21,72,22,6,2,6,686,768,89,0,,1.3,6,10,16,6,0,42,0,1,4,35,50,70,182,230,79,8,25,32,1.23,22,9,12,16,75,46,18,6,0,0,3,0.29,0.29,
11,08.11.2025,Torino,Trasferta,Juventus,0-0,N,Totale,0.54,28,8,3,1,2,222,291,76,1,,0.29,3,2,7,1,0,18,1,2,9,21,56,38,32,52,62,5,11,45,0.48,11,4,6,14,43,43,45,15,0,0,6,1.3,1.3,
11,08.11.2025,Juventus,Casa,Torino,0-0,N,1° tempo,0.45,75,9,2,1,1,376,417,90,,,0.57,3,4,5,4,0,17,0,1,1,16,23,70,87,104,84,4,8,50,0.61,8,4,5,8,63,22,7,4,0,0,1,0.09,0.09,
11,08.11.2025,Torino,Trasferta,Juventus,0-0,N,1° tempo,0.1,25,1,1,0,1,105,141,74,,,0.09,0,0,1,0,0,5,1,1,4,10,28,36,11,22,50,0,3,0,0.24,8,1,2,6,33,19,14,6,0,0,2,0.57,0.57,
11,08.11.2025,Juventus,Casa,Torino,0-0,N,2° tempo,0.76,70,13,4,1,5,310,351,88,0,,0.73,3,6,11,2,0,25,0,0,3,19,27,70,95,126,75,4,17,24,0.62,14,5,7,8,88,24,11,2,0,0,2,0.2,0.2,
11,08.11.2025,Torino,Trasferta,Juventus,0-0,N,2° tempo,0.44,30,7,2,1,1,117,150,78,1,,0.2,3,2,6,1,0,13,0,1,5,11,28,39,21,30,70,5,8,63,0.24,3,3,4,8,50,24,31,9,0,0,4,0.73,0.73,
11,08.11.2025,Lecce,Casa,Verona,0-0,N,Totale,0.49,59,11,6,0,7,281,384,73,1,,0.36,1,4,5,6,0,16,0,2,18,20,60,33,66,106,62,5,29,17,0.37,40,10,9,20,45,70,21,6,1,0,2,0.9,0.9,
11,08.11.2025,Verona,Trasferta,Lecce,0-0,N,Totale,0.64,41,5,2,1,2,174,270,64,4,,0.9,2,1,4,1,0,20,0,2,10,20,61,33,48,93,52,5,12,42,0.72,18,18,10,18,56,66,50,10,0,0,6,0.36,0.36,
11,08.11.2025,Lecce,Casa,Verona,0-0,N,1° tempo,0.27,58,6,3,0,3,129,189,68,1,,0.21,1,2,3,3,0,6,0,1,10,9,32,28,33,56,59,3,10,30,0.21,14,3,4,7,57,36,16,3,1,0,1,0.1,0.1,
11,08.11.2025,Verona,Trasferta,Lecce,0-0,N,1° tempo,0.18,42,3,1,0,2,82,137,60,2,,0.1,1,1,2,1,0,8,0,0,3,7,31,23,28,55,51,1,7,14,0.15,12,10,4,7,57,29,21,5,0,0,3,0.21,0.21,
11,08.11.2025,Lecce,Casa,Verona,0-0,N,2° tempo,0.22,61,5,3,0,4,152,195,78,0,,0.15,0,2,2,3,0,10,0,1,8,11,28,39,33,50,66,2,19,11,0.16,26,7,5,13,38,34,5,3,0,0,1,0.8,0.8,
11,08.11.2025,Verona,Trasferta,Lecce,0-0,N,2° tempo,0.46,39,2,1,1,0,92,133,69,2,,0.8,1,0,2,0,0,12,0,2,7,13,30,43,20,38,53,4,5,80,0.57,6,8,6,11,55,37,29,5,0,0,3,0.15,0.15,
11,08.11.2025,Parma,Casa,Milan,2-2,N,Totale,1.88,43,14,4,4,4,355,414,86,1,,1.79,6,4,9,5,1,22,0,2,10,12,31,39,59,86,69,5,23,22,0.75,17,14,5,7,71,33,26,7,1,0,3,1.42,-0.58,1
11,08.11.2025,Milan,Trasferta,Parma,2-2,N,Totale,1.94,57,9,5,4,3,487,554,88,1,,1.42,4,0,6,3,0,32,2,3,14,20,41,49,123,156,79,2,16,13,1.18,15,10,6,9,67,41,22,6,0,0,3,1.79,-0.21,0
11,08.11.2025,Parma,Casa,Milan,2-2,N,1° tempo,0.52,50,8,2,0,2,219,248,88,,,1.14,2,4,4,4,0,8,0,1,4,7,15,47,35,46,76,3,11,27,0.23,6,8,3,4,75,18,9,3,1,0,2,1.21,-0.79,
11,08.11.2025,Milan,Trasferta,Parma,2-2,N,1° tempo,0.97,50,4,4,1,2,217,248,88,,,1.21,0,0,2,2,0,15,0,1,8,14,23,61,41,57,72,1,8,13,0.39,6,4,4,5,80,21,8,5,0,0,1,1.14,0.14,
11,08.11.2025,Parma,Casa,Milan,2-2,N,2° tempo,1.36,36,6,2,4,2,136,166,82,1,,0.65,4,0,5,1,1,14,0,1,6,5,16,31,24,40,60,2,12,17,0.52,11,6,2,3,67,15,17,4,0,0,1,0.21,0.21,1
11,08.11.2025,Milan,Trasferta,Parma,2-2,N,2° tempo,0.97,64,5,1,3,1,270,306,88,1,,0.21,4,0,4,1,0,17,2,2,6,6,18,33,82,99,83,1,8,13,0.79,9,6,2,4,50,20,14,1,0,0,2,0.65,-0.35,0
11,07.11.2025,Pisa,Casa,Cremonese,1-0,V,Totale,0.92,38,13,6,4,4,226,299,76,4,,0.95,7,0,11,2,0,28,0,2,17,35,64,55,49,77,64,10,23,43,0.95,16,11,12,19,63,69,28,8,0,0,3,0.33,0.33,1
11,07.11.2025,Cremonese,Trasferta,Pisa,0-1,P,Totale,0.98,62,13,3,1,5,418,500,84,2,,0.33,6,4,9,4,1,30,1,1,11,23,52,44,102,145,70,6,26,23,0.97,19,17,10,16,63,39,23,6,1,1,5,0.95,-0.05,0
11,07.11.2025,Pisa,Casa,Cremonese,1-0,V,1° tempo,0.31,37,6,3,1,2,115,145,79,1,,0.11,3,0,4,2,0,10,0,2,7,18,28,64,21,30,70,5,12,42,0.23,11,6,1,4,25,30,12,5,0,0,0,0,0,
11,07.11.2025,Cremonese,Trasferta,Pisa,0-1,P,1° tempo,0.35,63,6,0,0,2,214,253,85,1,,0,3,3,3,3,0,11,0,1,6,13,27,48,45,70,64,1,10,10,0.24,6,7,3,8,38,19,13,5,1,0,3,0.11,0.11,
11,07.11.2025,Pisa,Casa,Cremonese,1-0,V,2° tempo,0.61,39,7,3,3,2,111,154,72,3,,0.84,4,0,7,0,0,18,0,0,10,17,36,47,28,47,60,5,11,45,0.72,5,5,11,15,73,39,16,3,0,0,3,0.33,0.33,1
11,07.11.2025,Cremonese,Trasferta,Pisa,0-1,P,2° tempo,0.63,61,7,3,1,3,204,247,83,1,,0.33,3,1,6,1,1,19,1,0,5,10,25,40,57,75,76,5,16,31,0.73,13,10,7,8,88,20,10,1,0,1,2,0.84,-0.16,0
11,09.11.2025,Roma,Casa,Udinese,2-0,V,Totale,1.53,58,13,4,2,3,413,488,85,2,,1.72,2,7,11,2,1,22,0,2,14,43,81,53,121,163,74,1,16,6,0.63,20,13,5,13,38,36,11,5,1,0,4,1.13,1.13,
11,09.11.2025,Udinese,Trasferta,Roma,0-2,P,Totale,1.08,42,10,4,1,4,282,361,78,1,,1.13,1,5,7,3,1,15,0,0,13,30,61,49,37,60,62,2,8,25,0.37,20,14,11,17,65,49,25,7,0,0,2,1.72,-0.28,
11,09.11.2025,Roma,Casa,Udinese,2-0,V,1° tempo,1.36,56,10,2,1,1,153,191,80,2,,0.86,2,6,8,2,1,16,0,1,7,15,37,41,49,71,69,1,10,10,0.41,12,8,2,7,29,19,4,2,0,0,1,0.01,0.01,
11,09.11.2025,Udinese,Trasferta,Roma,0-2,P,1° tempo,0.16,44,4,1,0,0,113,157,72,0,,0.01,1,2,2,2,0,4,0,0,8,13,36,36,13,23,57,0,2,0,0.04,7,7,6,8,75,22,13,4,0,0,1,0.86,-0.14,
11,09.11.2025,Roma,Casa,Udinese,2-0,V,2° tempo,0.17,59,3,2,1,2,260,297,88,0,,0.86,0,1,3,0,0,6,0,1,7,28,44,64,72,92,78,0,6,0,0.22,8,5,3,6,50,17,7,3,1,0,3,1.12,1.12,
11,09.11.2025,Udinese,Trasferta,Roma,0-2,P,2° tempo,0.92,41,6,3,1,4,169,204,83,1,,1.12,0,3,5,1,1,11,0,0,5,17,25,68,24,37,65,2,6,33,0.33,13,7,5,9,56,27,12,3,0,0,1,0.86,-0.14,
12,22.11.2025,Cagliari,Casa,Genoa,3-3,N,Totale,0.9,50,11,5,2,6,255,343,74,4,0,2.49,4,2,8,3,0,18,0,0,16,18,47,38,59,99,60,10,24,42,0.91,22,22,10,22,45,51,9,6,0,1,4,2.99,-0.01,2
12,22.11.2025,Genoa,Trasferta,Cagliari,3-3,N,Totale,1.42,50,13,8,3,2,305,363,84,3,1,2.99,4,1,10,3,0,20,0,4,22,22,45,49,50,82,61,5,12,42,0.57,18,16,12,15,80,59,39,3,0,0,2,2.49,-0.51,0
12,22.11.2025,Cagliari,Casa,Genoa,3-3,N,1° tempo,0.67,59,6,3,1,5,181,222,82,1,,1.67,2,1,5,1,0,13,0,0,11,10,23,43,39,55,71,7,18,39,0.62,11,7,2,6,33,22,2,0,0,0,2,2.72,0.72,1
12,22.11.2025,Genoa,Trasferta,Cagliari,3-3,N,1° tempo,1.26,41,8,5,3,0,143,163,88,1,,2.72,2,1,7,1,0,12,0,1,7,13,18,72,28,38,74,2,3,67,0.36,6,11,6,7,86,29,25,2,0,0,1,1.67,-0.33,0
12,22.11.2025,Cagliari,Casa,Genoa,3-3,N,2° tempo,0.23,39,5,2,1,1,74,121,61,3,0,0.82,2,1,3,2,0,5,0,0,5,8,24,33,20,44,45,3,6,50,0.29,11,15,8,16,50,29,7,6,0,1,2,0.27,-0.73,1
12,22.11.2025,Genoa,Trasferta,Cagliari,3-3,N,2° tempo,0.16,61,5,3,0,2,162,200,81,2,1,0.27,2,0,3,2,0,8,0,3,15,9,27,33,22,44,50,3,9,33,0.21,12,5,6,8,75,30,14,1,0,0,1,0.82,-0.18,0
12,23.11.2025,Cremonese,Casa,Roma,1-3,P,Totale,0.9,50,9,4,3,3,342,430,80,2,,1.32,2,3,5,4,1,15,2,3,16,23,62,37,69,106,65,2,15,13,0.79,22,12,5,16,31,54,26,9,0,1,3,1.74,-1.26,1
12,23.11.2025,Roma,Trasferta,Cremonese,3-1,V,Totale,1.9,50,12,6,3,5,348,434,80,2,,1.74,3,3,6,6,0,31,2,2,12,15,42,36,109,146,75,1,14,7,1.27,19,16,5,9,56,38,21,6,0,0,3,1.32,0.32,0
12,23.11.2025,Cremonese,Casa,Roma,1-3,P,1° tempo,0.67,44,5,3,2,0,148,198,75,1,,0.87,1,1,3,2,1,8,0,2,6,10,33,30,20,40,50,1,2,50,0.3,13,7,2,10,20,28,16,4,0,0,3,0.96,-0.04,
12,23.11.2025,Roma,Trasferta,Cremonese,3-1,V,1° tempo,0.81,56,6,4,1,2,198,256,77,1,,0.96,1,1,2,4,0,16,1,1,7,7,25,28,59,89,66,0,5,0,0.6,16,6,3,5,60,19,5,2,0,0,3,0.87,0.87,
12,23.11.2025,Cremonese,Casa,Roma,1-3,P,2° tempo,0.23,57,4,1,1,3,194,232,84,1,,0.45,1,2,2,2,0,7,2,1,10,13,29,45,49,66,74,1,13,8,0.49,9,5,3,6,50,26,10,5,0,1,0,0.78,-1.22,1
12,23.11.2025,Roma,Trasferta,Cremonese,3-1,V,2° tempo,1.09,43,6,2,2,3,150,178,84,1,,0.78,2,2,4,2,0,15,1,1,5,8,17,47,50,57,88,1,9,11,0.67,3,10,2,4,50,19,16,4,0,0,0,0.45,-0.55,0
12,22.11.2025,Fiorentina,Casa,Juventus,1-1,N,Totale,0.57,41,11,2,0,7,291,342,85,2,,0.51,6,3,6,5,1,17,0,0,18,31,52,60,56,83,67,3,22,14,0.25,12,11,3,6,50,39,23,11,1,0,3,0.95,-0.05,
12,22.11.2025,Juventus,Trasferta,Fiorentina,1-1,N,Totale,1.5,59,17,4,2,3,446,507,88,3,,0.95,4,9,10,7,0,30,0,0,11,35,51,69,124,152,82,3,22,14,0.75,12,18,10,17,59,40,27,6,0,0,1,0.51,-0.49,
12,22.11.2025,Fiorentina,Casa,Juventus,1-1,N,1° tempo,0.29,42,5,0,0,1,173,193,90,1,,0,4,1,3,2,1,6,0,0,12,10,18,56,25,33,76,1,7,14,0.09,6,6,1,2,50,20,7,2,0,0,0,0.04,-0.96,
12,22.11.2025,Juventus,Trasferta,Fiorentina,1-1,N,1° tempo,0.56,58,4,1,1,0,243,268,91,1,,0.04,1,2,2,2,0,6,0,0,6,27,37,73,36,45,80,1,7,14,0.16,6,12,4,6,67,15,10,2,0,0,0,0,0,
12,22.11.2025,Fiorentina,Casa,Juventus,1-1,N,2° tempo,0.28,40,6,2,0,6,118,149,79,1,,0.51,2,2,3,3,0,11,0,0,6,21,34,62,31,50,62,2,15,13,0.16,6,5,2,4,50,19,16,9,1,0,3,0.91,0.91,
12,22.11.2025,Juventus,Trasferta,Fiorentina,1-1,N,2° tempo,0.94,60,13,3,1,3,203,239,85,2,,0.91,3,7,8,5,0,24,0,0,5,8,14,57,88,107,82,2,15,13,0.59,6,6,6,11,55,25,17,4,0,0,1,0.51,-0.49,
12,23.11.2025,Inter,Casa,Milan,0-1,P,Totale,1.92,64,20,6,2,9,563,624,90,1,,2.02,8,6,12,8,2,47,0,2,9,25,34,74,182,211,86,9,32,28,1.27,21,7,6,12,50,41,19,5,0,0,2,1.43,0.43,
12,23.11.2025,Milan,Trasferta,Inter,1-0,V,Totale,1.01,36,7,3,1,1,301,361,83,2,,1.43,4,0,4,3,0,16,0,3,7,19,44,43,56,82,68,0,10,0,0.21,11,9,7,13,54,31,44,7,1,0,6,2.02,2.02,
12,23.11.2025,Inter,Casa,Milan,0-1,P,1° tempo,0.59,58,10,2,1,4,283,318,89,0,,1.09,5,3,6,4,2,15,0,0,5,13,19,68,78,92,85,6,13,46,0.52,13,4,4,6,67,19,12,4,0,0,0,0,0,
12,23.11.2025,Milan,Trasferta,Inter,1-0,V,1° tempo,0.23,42,4,0,0,0,198,233,85,1,,0,4,0,2,2,0,8,0,0,4,14,22,64,36,55,65,0,6,0,0.11,8,5,4,6,67,17,21,6,1,0,2,1.09,1.09,
12,23.11.2025,Inter,Casa,Milan,0-1,P,2° tempo,1.33,71,10,4,1,5,280,306,92,1,,0.93,3,3,6,4,0,32,0,2,4,12,15,80,104,119,87,3,19,16,0.75,8,3,2,6,33,22,7,1,0,0,2,1.43,0.43,
12,23.11.2025,Milan,Trasferta,Inter,1-0,V,2° tempo,0.78,29,3,3,1,1,103,128,80,1,,1.43,0,0,2,1,0,8,0,3,3,5,22,23,20,27,74,0,4,0,0.1,3,4,3,7,43,14,23,1,0,0,4,0.93,0.93,
12,23.11.2025,Lazio,Casa,Lecce,2-0,V,Totale,1.89,67,19,9,2,8,642,711,90,1,,3.14,6,4,11,8,2,34,1,0,13,29,52,56,112,152,74,2,20,10,0.89,23,8,5,8,63,41,15,15,0,0,2,0.07,0.07,1
12,23.11.2025,Lecce,Trasferta,Lazio,0-2,P,Totale,0.62,33,5,1,1,2,265,342,77,1,,0.07,1,3,2,3,0,5,0,2,8,25,61,41,44,73,60,3,12,25,0.23,21,13,5,15,33,38,27,7,3,0,7,3.14,1.14,0
12,23.11.2025,Lazio,Casa,Lecce,2-0,V,1° tempo,0.65,72,10,4,0,2,379,416,91,,,0.97,2,4,5,5,0,14,0,0,5,15,29,52,73,102,72,1,9,11,0.35,17,2,3,5,60,21,0,7,0,0,0,0,0,
12,23.11.2025,Lecce,Trasferta,Lazio,0-2,P,1° tempo,0,28,0,0,0,0,122,165,74,,,0,0,0,0,0,0,0,0,0,2,10,31,32,12,26,46,0,0,0,0.04,9,5,4,8,50,17,15,5,3,0,3,0.97,-0.03,
12,23.11.2025,Lazio,Casa,Lecce,2-0,V,2° tempo,1.24,62,9,5,2,6,263,295,89,1,,2.17,4,0,6,3,2,20,1,0,8,14,23,61,39,50,78,1,11,9,0.54,6,6,2,3,67,20,15,8,0,0,2,0.07,0.07,1
12,23.11.2025,Lecce,Trasferta,Lazio,0-2,P,2° tempo,0.62,38,5,1,1,2,143,177,81,1,,0.07,1,3,2,3,0,5,0,2,6,15,30,50,32,47,68,3,12,25,0.19,12,8,1,7,14,21,12,2,0,0,4,2.17,1.17,0
12,22.11.2025,Napoli,Casa,Atalanta,3-1,V,Totale,1.58,45,11,6,3,5,355,436,81,1,,1.62,3,2,8,3,0,15,0,3,12,19,48,40,59,95,62,1,9,11,0.8,16,11,6,10,60,38,15,9,0,0,2,0.93,-0.07,1
12,22.11.2025,Atalanta,Trasferta,Napoli,1-3,P,Totale,0.78,55,14,3,1,3,452,533,85,2,,0.93,9,2,6,8,0,19,0,1,11,33,61,54,115,147,78,5,18,28,0.61,18,12,12,20,60,46,17,6,0,0,3,1.62,-1.38,0
12,22.11.2025,Napoli,Casa,Atalanta,3-1,V,1° tempo,0.91,46,5,3,2,1,210,244,86,,,1.31,2,0,4,1,0,6,0,0,4,10,21,48,39,54,72,0,4,0,0.73,7,5,4,6,67,22,7,4,0,0,0,0,0,1
12,22.11.2025,Atalanta,Trasferta,Napoli,1-3,P,1° tempo,0.18,54,3,0,0,1,236,283,83,,,0,3,0,0,3,0,3,0,1,5,18,36,50,47,64,73,0,4,0,0.15,15,4,5,10,50,19,4,2,0,0,0,1.31,-1.69,0
12,22.11.2025,Napoli,Casa,Atalanta,3-1,V,2° tempo,0.67,43,6,3,1,4,145,192,76,1,,0.31,1,2,4,2,0,9,0,3,8,9,27,33,20,41,49,1,5,20,0.07,9,6,2,4,50,16,8,5,0,0,2,0.93,-0.07,
12,22.11.2025,Atalanta,Trasferta,Napoli,1-3,P,2° tempo,0.6,57,11,3,1,2,216,250,86,2,,0.93,6,2,6,5,0,16,0,0,6,15,25,60,68,83,82,5,14,36,0.46,3,8,7,10,70,27,13,4,0,0,3,0.31,0.31,
12,24.11.2025,Sassuolo,Casa,Pisa,2-2,N,Totale,1.75,63,22,7,4,5,443,510,87,2,,2.52,10,5,14,8,0,34,0,1,10,24,41,59,157,201,78,9,25,36,1.77,19,10,9,17,53,52,19,3,0,0,1,1.69,-0.31,
12,24.11.2025,Pisa,Trasferta,Sassuolo,2-2,N,Totale,1.54,37,10,3,1,2,234,307,76,1,,1.69,5,2,10,0,0,25,0,2,10,32,65,49,29,54,54,6,14,43,0.34,10,10,4,11,36,37,32,7,1,0,5,2.52,0.52,
12,24.11.2025,Sassuolo,Casa,Pisa,2-2,N,1° tempo,0.35,56,6,1,1,4,196,228,86,1,,0.6,4,1,4,2,0,8,0,1,4,11,21,52,49,68,72,5,13,38,0.34,4,6,6,10,60,25,13,2,0,0,0,0.99,-0.01,
12,24.11.2025,Pisa,Trasferta,Sassuolo,2-2,N,1° tempo,1.33,44,7,1,1,2,142,176,81,1,,0.99,4,2,7,0,0,18,0,1,6,13,26,50,21,36,58,4,11,36,0.24,4,4,2,6,33,21,12,1,0,0,0,0.6,-0.4,
12,24.11.2025,Sassuolo,Casa,Pisa,2-2,N,2° tempo,1.4,69,16,6,3,1,247,282,88,1,,1.92,6,4,10,6,0,26,0,0,6,13,20,65,108,133,81,4,12,33,1.43,15,4,3,7,43,27,6,1,0,0,1,0.7,-0.3,
12,24.11.2025,Pisa,Trasferta,Sassuolo,2-2,N,2° tempo,0.21,31,3,2,0,0,92,131,70,0,,0.7,1,0,3,0,0,7,0,1,4,19,39,49,8,18,44,2,3,67,0.1,6,6,2,5,40,16,20,6,1,0,5,1.92,0.92,
12,24.11.2025,Torino,Casa,Como,1-5,P,Totale,1.34,35,10,2,2,3,230,289,80,0,,1.43,7,1,7,3,0,20,2,3,9,20,39,51,55,80,69,5,21,24,0.82,17,6,11,15,73,39,21,15,1,3,1,2.97,-2.03,0
12,24.11.2025,Como,Trasferta,Torino,5-1,V,Totale,2.81,65,15,7,7,4,486,555,88,1,,2.97,5,3,13,2,0,35,1,0,6,33,55,60,94,131,72,3,16,19,2.22,22,9,11,22,50,47,22,9,0,0,1,1.43,0.43,1
12,24.11.2025,Torino,Casa,Como,1-5,P,1° tempo,0.97,31,5,1,1,2,99,128,77,0,,0.83,3,1,3,2,0,9,1,1,8,13,21,62,25,36,69,2,11,18,0.4,6,4,6,9,67,28,13,7,0,1,1,1.28,0.28,
12,24.11.2025,Como,Trasferta,Torino,5-1,V,1° tempo,1.57,69,7,3,4,2,258,297,87,1,,1.28,3,1,7,0,0,17,0,0,4,16,26,62,53,78,68,2,11,18,1.41,10,8,6,10,60,26,10,4,0,0,0,0.83,-0.17,
12,24.11.2025,Torino,Casa,Como,1-5,P,2° tempo,0.37,39,5,1,1,1,131,161,81,,,0.6,4,0,4,1,0,11,1,2,1,7,18,39,30,44,68,3,10,30,0.42,11,2,5,6,83,11,8,8,1,2,0,1.69,-2.31,0
12,24.11.2025,Como,Trasferta,Torino,5-1,V,2° tempo,1.24,61,8,4,3,2,228,258,88,,,1.69,2,2,6,2,0,18,1,0,2,17,29,59,41,53,77,1,5,20,0.81,12,1,5,12,42,21,12,5,0,0,1,0.6,0.6,1
12,22.11.2025,Udinese,Casa,Bologna,0-3,P,Totale,1.46,47,12,3,4,7,225,303,74,0,,0.34,7,2,7,5,0,26,0,2,16,27,52,52,56,94,60,4,24,17,1.23,23,19,13,20,65,59,20,10,0,2,2,2.97,-0.03,
12,22.11.2025,Bologna,Trasferta,Udinese,3-0,V,Totale,2.22,53,10,5,4,2,258,346,75,1,,2.97,4,1,8,2,0,18,0,3,19,35,73,48,57,95,60,1,11,9,0.57,16,16,12,15,80,57,31,8,1,0,3,0.34,0.34,
12,22.11.2025,Udinese,Casa,Bologna,0-3,P,1° tempo,0.71,49,7,3,2,4,119,149,80,0,,0.34,2,2,5,2,0,16,0,1,7,18,29,62,31,47,66,2,15,13,0.65,12,8,2,6,33,26,10,7,0,0,1,0.6,0.6,
12,22.11.2025,Bologna,Trasferta,Udinese,3-0,V,1° tempo,0.84,51,3,1,1,1,122,161,76,1,,0.6,2,0,2,1,0,6,0,2,8,17,34,50,17,34,50,0,6,0,0.05,6,7,5,6,83,21,17,2,0,0,3,0.34,0.34,
12,22.11.2025,Udinese,Casa,Bologna,0-3,P,2° tempo,0.75,46,5,0,2,3,106,154,69,,,0,5,0,2,3,0,10,0,1,9,9,23,39,25,47,53,2,9,22,0.58,11,11,11,14,79,33,10,3,0,2,1,2.37,-0.63,
12,22.11.2025,Bologna,Trasferta,Udinese,3-0,V,2° tempo,1.38,54,7,4,3,1,136,185,74,,,2.37,2,1,6,1,0,12,0,1,11,18,39,46,40,61,66,1,5,20,0.52,10,9,7,9,78,36,14,6,1,0,0,0,0,
12,23.11.2025,Verona,Casa,Parma,1-2,P,Totale,0.63,59,10,2,1,4,377,467,81,4,,0.45,3,5,5,5,0,20,0,5,6,12,40,30,99,134,74,3,21,14,0.35,22,24,16,24,67,55,23,10,1,1,5,0.81,-1.19,0
12,23.11.2025,Parma,Trasferta,Verona,2-1,V,Totale,1.44,41,15,7,4,4,243,332,73,3,,0.81,3,5,7,8,1,17,1,1,24,27,64,42,46,87,53,4,12,33,0.57,14,6,11,21,52,72,30,8,0,1,1,0.45,-0.55,1
12,23.11.2025,Verona,Casa,Parma,1-2,P,1° tempo,0.31,53,5,0,0,2,170,213,80,1,,0,2,3,3,2,0,9,0,4,2,5,22,23,48,64,75,1,5,20,0.11,14,13,8,13,62,30,7,9,0,0,0,0.22,-0.78,0
12,23.11.2025,Parma,Trasferta,Verona,2-1,V,1° tempo,0.56,47,3,1,2,1,146,188,78,2,,0.22,2,0,2,1,1,5,0,1,13,13,26,50,19,43,44,0,3,0,0.28,8,2,6,13,46,35,14,5,0,0,0,0,0,1
12,23.11.2025,Verona,Casa,Parma,1-2,P,2° tempo,0.32,64,5,2,1,2,207,254,81,3,,0.45,1,2,2,3,0,11,0,1,4,7,18,39,51,70,73,2,16,13,0.24,8,11,8,11,73,25,16,1,1,1,5,0.59,-0.41,
12,23.11.2025,Parma,Trasferta,Verona,2-1,V,2° tempo,0.88,36,12,6,2,3,97,144,67,1,,0.59,1,5,5,7,0,12,1,0,11,14,38,37,27,44,61,4,9,44,0.29,6,4,5,8,63,37,16,3,0,1,1,0.45,-0.55,
13,30.11.2025,Atalanta,Casa,Fiorentina,2-0,V,Totale,1.6,48,21,9,3,4,365,431,85,1,,2.14,6,6,14,7,0,43,2,2,10,24,51,47,104,138,75,8,14,57,1.27,14,15,6,14,43,46,19,8,1,0,3,0.78,0.78,
13,30.11.2025,Fiorentina,Trasferta,Atalanta,0-2,P,Totale,1.58,52,15,3,3,5,387,466,83,3,,0.78,8,4,13,2,1,20,2,1,15,34,72,47,54,93,58,6,15,40,0.96,20,10,6,12,50,43,14,8,1,0,7,2.14,0.14,
13,30.11.2025,Atalanta,Casa,Fiorentina,2-0,V,1° tempo,0.81,54,13,5,1,2,215,246,87,,,0.81,4,4,7,6,0,23,1,0,4,10,22,45,56,71,79,4,7,57,0.67,6,7,3,6,50,23,8,3,0,0,3,0.78,0.78,
13,30.11.2025,Fiorentina,Trasferta,Atalanta,0-2,P,1° tempo,0.68,46,4,3,2,1,174,214,81,,,0.78,1,0,4,0,0,6,2,0,7,16,39,41,19,38,50,1,5,20,0.28,8,4,3,4,75,16,8,2,1,0,4,0.81,-0.19,
13,30.11.2025,Atalanta,Casa,Fiorentina,2-0,V,2° tempo,0.79,43,8,4,2,2,150,185,81,1,,1.33,2,2,7,1,0,20,1,2,6,14,29,48,48,67,72,4,7,57,0.6,8,8,3,8,38,23,11,5,1,0,0,0,0,
13,30.11.2025,Fiorentina,Trasferta,Atalanta,0-2,P,2° tempo,0.9,57,11,0,1,4,213,252,85,3,,0,7,4,9,2,1,14,0,1,8,18,33,55,35,55,64,5,10,50,0.68,12,6,3,8,38,27,6,6,0,0,3,1.33,0.33,
13,01.12.2025,Bologna,Casa,Cremonese,1-3,P,Totale,2.72,65,29,7,3,13,386,468,82,0,,1.8,14,8,20,9,1,57,1,4,12,37,53,70,119,159,75,10,44,23,1.06,22,13,8,15,53,61,21,9,0,2,2,2.2,-0.8,
13,01.12.2025,Cremonese,Trasferta,Bologna,3-1,V,Totale,2.14,35,10,5,4,8,150,250,60,2,,2.2,2,3,7,3,1,16,1,3,13,16,68,24,22,58,38,4,19,21,0.54,22,12,7,14,50,43,49,11,1,0,7,1.8,0.8,
13,01.12.2025,Bologna,Casa,Cremonese,1-3,P,1° tempo,1.73,59,11,3,2,3,182,222,82,0,,1.04,5,3,9,2,1,19,0,2,5,17,24,71,52,70,74,3,12,25,0.54,12,5,5,8,63,32,15,6,0,1,0,0.7,-1.3,
13,01.12.2025,Cremonese,Trasferta,Bologna,3-1,V,1° tempo,0.79,41,3,2,2,3,98,152,64,1,,0.7,1,0,2,1,0,7,1,3,5,8,36,22,10,29,34,1,9,11,0.3,16,5,5,6,83,21,10,8,0,0,2,1.04,0.04,
13,01.12.2025,Bologna,Casa,Cremonese,1-3,P,2° tempo,0.99,72,18,4,1,10,204,246,83,0,,0.76,9,5,11,7,0,38,1,2,7,20,29,69,67,89,75,7,32,22,0.52,10,8,3,7,43,29,6,3,0,1,2,1.5,0.5,
13,01.12.2025,Cremonese,Trasferta,Bologna,3-1,V,2° tempo,1.35,28,7,3,2,5,52,98,53,1,,1.5,1,3,5,2,1,9,0,0,8,8,32,25,12,29,41,3,10,30,0.24,6,7,2,8,25,22,39,3,1,0,5,0.76,0.76,
13,28.11.2025,Como,Casa,Sassuolo,2-0,V,Totale,1.81,63,18,13,4,4,564,628,90,2,,2.17,3,2,12,6,0,25,5,2,7,22,38,58,95,133,71,3,16,19,1.02,16,11,6,11,55,35,16,3,2,0,5,0.55,0.55,1
13,28.11.2025,Sassuolo,Trasferta,Como,0-2,P,Totale,0.78,37,12,5,3,4,307,362,85,1,,0.55,3,4,9,3,0,18,0,3,11,18,32,56,62,87,71,6,15,40,0.35,10,7,2,9,22,28,19,17,0,1,11,2.17,0.17,0
13,28.11.2025,Como,Casa,Sassuolo,2-0,V,1° tempo,0.87,67,10,6,2,2,306,340,90,0,,1.09,2,2,7,3,0,15,2,1,3,12,18,67,56,79,71,1,6,17,0.3,12,3,4,4,100,13,5,2,2,0,3,0.26,0.26,
13,28.11.2025,Sassuolo,Trasferta,Como,0-2,P,1° tempo,0.28,33,6,3,0,1,141,165,85,1,,0.26,0,3,3,3,0,6,0,2,3,11,18,61,39,49,80,2,6,33,0.15,7,3,1,7,14,16,8,11,0,0,5,1.09,0.09,
13,28.11.2025,Como,Casa,Sassuolo,2-0,V,2° tempo,0.94,59,8,7,2,2,258,288,90,2,,1.08,1,0,5,3,0,10,3,1,4,10,20,50,39,54,72,2,10,20,0.72,4,8,2,7,29,22,11,1,0,0,2,0.29,0.29,1
13,28.11.2025,Sassuolo,Trasferta,Como,0-2,P,2° tempo,0.5,41,6,2,3,3,166,197,84,0,,0.29,3,1,6,0,0,12,0,1,8,7,14,50,23,38,61,4,9,44,0.2,3,4,1,2,50,12,11,6,0,1,6,1.08,0.08,0
13,29.11.2025,Genoa,Casa,Verona,2-1,V,Totale,1.75,60,15,4,3,2,366,455,80,1,,1.96,7,4,11,4,1,20,1,4,19,27,53,51,82,122,67,9,19,47,1.24,16,9,13,19,68,78,37,4,0,1,4,1.99,0.99,1
13,29.11.2025,Verona,Trasferta,Genoa,1-2,P,Totale,2.28,40,13,5,4,3,203,299,68,3,,1.99,3,5,11,2,1,24,0,5,9,17,55,31,43,88,49,5,14,36,0.94,19,19,15,22,68,66,15,13,0,0,2,1.96,-0.04,0
13,29.11.2025,Genoa,Casa,Verona,2-1,V,1° tempo,0.71,70,4,1,1,1,262,306,86,1,,0.92,2,1,3,1,0,10,1,2,5,13,22,59,51,74,69,2,10,20,0.37,12,6,5,11,45,35,15,1,0,1,2,1.36,0.36,
13,29.11.2025,Verona,Trasferta,Genoa,1-2,P,1° tempo,0.77,30,6,3,1,2,83,132,63,1,,1.36,1,2,5,1,0,8,0,1,6,10,30,33,14,40,35,2,5,40,0.06,5,5,12,16,75,40,8,10,0,0,0,0.92,-0.08,
13,29.11.2025,Genoa,Casa,Verona,2-1,V,2° tempo,1.04,47,11,3,2,1,104,149,70,0,,1.04,5,3,8,3,1,10,0,2,14,14,31,45,31,48,65,7,9,78,0.87,4,3,8,8,100,43,22,3,0,0,2,0.63,0.63,1
13,29.11.2025,Verona,Trasferta,Genoa,1-2,P,2° tempo,1.51,53,7,2,3,1,120,167,72,2,,0.63,2,3,6,1,1,16,0,4,3,7,25,28,29,48,60,3,9,33,0.88,14,14,3,6,50,26,7,3,0,0,2,1.04,0.04,0
13,29.11.2025,Juventus,Casa,Cagliari,2-1,V,Totale,1.71,57,14,6,2,1,560,610,92,1,,1.87,5,3,10,4,0,28,1,1,16,24,35,69,129,162,80,4,12,33,1.07,14,16,7,16,44,47,18,7,0,1,2,1.31,0.31,
13,29.11.2025,Cagliari,Trasferta,Juventus,1-2,P,Totale,0.54,43,5,3,1,6,390,454,86,5,,1.31,1,1,3,2,0,11,0,0,16,16,36,44,37,60,62,3,14,21,0.7,10,16,12,19,63,41,19,9,1,0,4,1.87,-0.13,
13,29.11.2025,Juventus,Casa,Cagliari,2-1,V,1° tempo,0.79,58,8,4,1,0,264,288,92,0,,1.36,2,2,6,2,0,11,0,0,8,17,24,71,52,69,75,2,8,25,0.42,8,8,2,6,33,21,5,6,0,1,0,0.9,-0.1,
13,29.11.2025,Cagliari,Trasferta,Juventus,1-2,P,1° tempo,0.41,42,2,1,1,1,165,205,80,1,,0.9,0,1,1,1,0,3,0,0,8,8,23,35,15,28,54,0,3,0,0.48,8,8,6,9,67,18,9,2,1,0,2,1.36,-0.64,
13,29.11.2025,Juventus,Casa,Cagliari,2-1,V,2° tempo,0.92,55,6,2,1,1,296,322,92,1,,0.51,3,1,4,2,0,17,1,1,8,7,11,64,77,93,83,2,4,50,0.65,6,8,5,10,50,26,13,1,0,0,2,0.41,0.41,
13,29.11.2025,Cagliari,Trasferta,Juventus,1-2,P,2° tempo,0.13,45,3,2,0,5,225,249,90,4,,0.41,1,0,2,1,0,8,0,0,8,8,13,62,22,32,69,3,11,27,0.22,2,8,6,10,60,23,10,7,0,0,2,0.51,0.51,
13,30.11.2025,Lecce,Casa,Torino,2-1,V,Totale,0.99,48,10,2,1,6,251,342,73,2,,1.31,3,5,6,4,0,15,0,1,22,28,71,39,57,107,53,4,12,33,0.74,13,16,9,17,53,73,39,2,3,0,5,1.88,0.88,1
13,30.11.2025,Torino,Trasferta,Lecce,1-2,P,Totale,1.75,52,15,6,3,6,276,358,77,3,,1.88,5,4,9,6,1,18,0,2,16,26,57,46,71,111,64,6,29,21,1.11,18,22,11,19,58,50,15,5,0,0,0,1.31,-0.69,0
13,30.11.2025,Lecce,Casa,Torino,2-1,V,1° tempo,0.83,48,6,2,1,3,106,155,68,,,1.31,2,2,4,2,0,7,0,0,10,17,37,46,13,34,38,2,5,40,0.52,11,8,0,4,0,31,20,1,3,0,4,0.27,0.27,1
13,30.11.2025,Torino,Trasferta,Lecce,1-2,P,1° tempo,0.8,52,11,4,2,5,118,159,74,,,0.27,4,3,7,4,1,11,0,2,8,10,29,34,32,49,65,5,20,25,0.92,8,10,5,5,100,20,7,3,0,0,0,1.31,-0.69,0
13,30.11.2025,Lecce,Casa,Torino,2-1,V,2° tempo,0.16,48,4,0,0,3,145,187,78,2,,0,1,3,2,2,0,8,0,1,12,11,34,32,44,73,60,2,7,29,0.22,2,8,9,13,69,42,19,1,0,0,1,1.61,0.61,
13,30.11.2025,Torino,Trasferta,Lecce,1-2,P,2° tempo,0.95,52,4,2,1,1,158,199,79,3,,1.61,1,1,2,2,0,7,0,0,8,16,28,57,39,62,63,1,9,11,0.19,10,12,6,14,43,30,8,2,0,0,0,0,0,
13,29.11.2025,Milan,Casa,Lazio,1-0,V,Totale,1.47,46,16,4,1,1,437,493,89,3,,1.37,5,7,11,5,0,23,0,1,12,21,40,53,88,113,78,5,13,38,1.06,22,10,9,17,53,40,23,10,1,0,4,1.24,1.24,
13,29.11.2025,Lazio,Trasferta,Milan,0-1,P,Totale,0.68,54,9,4,3,4,498,569,88,3,,1.24,4,1,5,4,1,16,0,2,10,25,45,56,96,124,77,4,16,25,0.71,14,12,9,12,75,35,10,10,0,0,3,1.37,0.37,
13,29.11.2025,Milan,Casa,Lazio,1-0,V,1° tempo,0.27,52,4,0,0,0,266,296,90,1,,0,2,2,4,0,0,9,0,0,6,9,21,43,37,51,73,2,4,50,0.27,12,4,7,10,70,20,10,4,1,0,2,0.86,0.86,
13,29.11.2025,Lazio,Trasferta,Milan,0-1,P,1° tempo,0.37,48,3,2,2,3,229,270,85,0,,0.86,1,0,2,1,1,11,0,0,4,11,21,52,28,46,61,3,5,60,0.38,9,6,4,6,67,16,3,6,0,0,0,0,0,
13,29.11.2025,Milan,Casa,Lazio,1-0,V,2° tempo,1.2,40,12,4,1,1,171,197,87,2,,1.37,3,5,7,5,0,14,0,1,6,12,19,63,51,62,82,3,9,33,0.79,10,6,2,7,29,20,13,6,0,0,2,0.38,0.38,
13,29.11.2025,Lazio,Trasferta,Milan,0-1,P,2° tempo,0.31,60,6,2,1,1,269,299,90,3,,0.38,3,1,3,3,0,5,0,2,6,14,24,58,68,78,87,1,11,9,0.33,5,6,5,6,83,19,7,4,0,0,3,1.37,0.37,
13,29.11.2025,Parma,Casa,Udinese,0-2,P,Totale,0.96,51,17,2,1,5,249,341,73,1,1,0.17,6,9,8,9,0,19,0,2,19,26,55,47,52,100,52,4,25,16,0.3,19,6,9,21,43,60,26,6,0,1,3,2.79,0.79,
13,29.11.2025,Udinese,Trasferta,Parma,2-0,V,Totale,1.74,49,14,5,3,9,266,348,76,2,1,2.79,6,3,10,4,0,20,1,1,6,22,69,32,41,72,57,5,14,36,0.52,22,19,8,16,50,46,45,6,0,0,2,0.17,0.17,
13,29.11.2025,Parma,Casa,Udinese,0-2,P,1° tempo,0.17,53,7,1,0,2,140,189,74,1,,0.02,2,4,1,6,0,4,0,1,10,14,28,50,22,49,45,1,7,14,0.08,7,3,6,15,40,33,18,3,0,1,1,0.99,-0.01,
13,29.11.2025,Udinese,Trasferta,Parma,2-0,V,1° tempo,0.44,47,6,2,1,5,123,169,73,1,,0.99,4,0,3,3,0,9,0,0,3,12,38,32,24,43,56,2,8,25,0.21,16,10,4,7,57,21,19,5,0,0,1,0.02,0.02,
13,29.11.2025,Parma,Casa,Udinese,0-2,P,2° tempo,0.79,48,10,1,1,3,109,152,72,0,1,0.15,4,5,7,3,0,15,0,1,9,12,27,44,30,51,59,3,18,17,0.22,12,3,3,6,50,27,8,3,0,0,2,1.8,0.8,
13,29.11.2025,Udinese,Trasferta,Parma,2-0,V,2° tempo,1.3,52,8,3,2,4,143,179,80,1,1,1.8,2,3,7,1,0,11,1,1,3,10,31,32,17,29,59,3,6,50,0.31,6,9,4,9,44,25,26,1,0,0,1,0.15,0.15,
13,30.11.2025,Pisa,Casa,Inter,0-2,P,Totale,1.72,40,10,2,2,4,256,326,79,2,,0.19,5,3,8,2,0,22,1,3,15,36,69,52,47,78,60,4,20,20,1.62,14,13,1,6,17,42,34,7,0,0,1,1.25,-0.75,
13,30.11.2025,Inter,Trasferta,Pisa,2-0,V,Totale,2,60,14,3,3,6,433,506,86,1,,1.25,6,5,10,4,1,33,0,2,13,25,49,51,148,193,77,5,21,24,1.87,20,15,5,10,50,36,27,8,0,0,2,0.19,0.19,
13,30.11.2025,Pisa,Casa,Inter,0-2,P,1° tempo,0.36,40,5,1,0,1,134,171,78,1,,0.18,3,1,4,1,0,10,1,0,9,17,36,47,23,40,57,1,10,10,0.36,7,7,1,5,20,22,16,3,0,0,1,0.04,0.04,
13,30.11.2025,Inter,Trasferta,Pisa,2-0,V,1° tempo,0.38,60,7,1,0,1,232,272,85,1,,0.04,5,1,5,2,0,19,0,1,7,15,27,56,77,102,75,3,9,33,0.42,8,9,3,5,60,19,17,6,0,0,1,0.18,0.18,
13,30.11.2025,Pisa,Casa,Inter,0-2,P,2° tempo,1.36,40,5,1,2,3,122,155,79,1,,0.01,2,2,4,1,0,12,0,3,6,19,33,58,24,38,63,3,10,30,1.26,7,6,0,1,0,20,18,4,0,0,0,1.21,-0.79,
13,30.11.2025,Inter,Trasferta,Pisa,2-0,V,2° tempo,1.62,60,7,2,3,5,201,234,86,0,,1.21,1,4,5,2,1,14,0,1,6,10,22,45,71,91,78,2,12,17,1.45,12,6,2,5,40,17,10,2,0,0,1,0.01,0.01,
13,30.11.2025,Roma,Casa,Napoli,0-1,P,Totale,0.52,56,8,2,1,4,449,546,82,4,,0.5,5,1,5,3,0,13,1,0,13,29,68,43,100,150,67,2,14,14,0.68,24,14,10,14,71,45,15,6,0,0,5,1.34,0.34,
13,30.11.2025,Napoli,Trasferta,Roma,1-0,V,Totale,1.18,44,7,5,3,2,343,434,79,3,,1.34,2,0,3,4,0,12,2,4,14,20,61,33,56,97,58,3,8,38,1.09,20,13,12,21,57,54,29,9,0,0,2,0.5,0.5,
13,30.11.2025,Roma,Casa,Napoli,0-1,P,1° tempo,0.23,40,4,1,1,1,151,196,77,,,0.18,3,0,3,1,0,9,0,0,3,14,30,47,37,58,64,1,7,14,0.27,12,6,5,6,83,14,7,3,0,0,3,0.49,-0.51,
13,30.11.2025,Napoli,Trasferta,Roma,1-0,V,1° tempo,0.77,60,5,3,2,1,247,294,84,,,0.49,2,0,2,3,0,9,2,2,6,12,30,40,43,61,70,2,6,33,0.58,14,3,4,8,50,24,15,1,0,0,1,0.18,0.18,
13,30.11.2025,Roma,Casa,Napoli,0-1,P,2° tempo,0.29,72,4,1,0,3,298,350,85,4,,0.32,2,1,2,2,0,4,1,0,10,15,38,39,63,92,68,1,7,14,0.41,12,8,5,8,63,31,8,3,0,0,2,0.85,0.85,
13,30.11.2025,Napoli,Trasferta,Roma,1-0,V,2° tempo,0.41,28,2,2,1,1,96,140,69,3,,0.85,0,0,1,1,0,3,0,2,8,8,31,26,13,36,36,1,2,50,0.51,6,10,8,13,62,30,14,8,0,0,1,0.32,0.32,
14,07.12.2025,Cagliari,Casa,Roma,1-0,V,Totale,1.8,47,15,8,4,4,283,361,78,2,0,1.52,4,3,10,5,0,21,1,4,16,32,66,48,63,98,64,3,14,21,0.54,18,18,14,23,61,60,22,9,0,0,2,0.51,0.51,
14,07.12.2025,Roma,Trasferta,Cagliari,0-1,P,Totale,0.36,53,6,2,0,1,328,417,79,1,1,0.51,0,4,6,0,0,26,0,0,18,35,63,56,62,95,65,3,11,27,0.46,28,16,4,11,36,44,21,8,0,0,8,1.52,0.52,
14,07.12.2025,Cagliari,Casa,Roma,1-0,V,1° tempo,0.52,41,7,3,1,3,122,160,76,,,0.22,2,2,5,2,0,9,0,1,8,20,38,53,22,32,69,2,9,22,0.25,12,8,7,10,70,26,13,1,0,0,1,0.44,0.44,
14,07.12.2025,Roma,Trasferta,Cagliari,0-1,P,1° tempo,0.3,59,5,1,0,1,191,235,81,,,0.44,0,4,5,0,0,20,0,0,8,16,32,50,44,59,75,3,9,33,0.36,10,8,3,6,50,25,11,3,0,0,3,0.22,0.22,
14,07.12.2025,Cagliari,Casa,Roma,1-0,V,2° tempo,1.28,53,8,5,3,1,161,201,80,2,0,1.3,2,1,5,3,0,12,1,3,8,12,28,43,41,66,62,1,5,20,0.29,6,10,7,13,54,34,9,8,0,0,1,0.07,0.07,
14,07.12.2025,Roma,Trasferta,Cagliari,0-1,P,2° tempo,0.06,47,1,1,0,0,137,182,75,1,1,0.07,0,0,1,0,0,6,0,0,10,19,31,61,18,36,50,0,2,0,0.1,18,8,1,5,20,19,10,5,0,0,5,1.3,0.3,
14,07.12.2025,Cremonese,Casa,Lecce,2-0,V,Totale,2.08,49,11,4,3,5,250,339,74,1,,1.51,3,4,8,3,0,20,1,0,12,27,62,44,54,93,58,3,18,17,1.11,24,15,8,20,40,54,40,10,1,0,1,0.06,0.06,1
14,07.12.2025,Lecce,Trasferta,Cremonese,0-2,P,Totale,0.92,51,9,1,2,5,264,350,75,2,,0.06,6,2,7,2,0,13,0,0,15,26,67,39,85,127,67,7,24,29,0.79,24,12,9,19,47,55,35,7,0,0,2,1.51,-0.49,0
14,07.12.2025,Cremonese,Casa,Lecce,2-0,V,1° tempo,0.36,50,5,1,0,2,145,191,76,0,,0.04,2,2,3,2,0,8,1,0,6,13,31,42,22,34,65,2,6,33,0.42,11,5,3,10,30,24,21,6,1,0,1,0.06,0.06,
14,07.12.2025,Lecce,Trasferta,Cremonese,0-2,P,1° tempo,0.65,50,5,1,1,3,136,179,76,1,,0.06,3,1,4,1,0,7,0,0,5,15,34,44,44,68,65,5,13,38,0.46,13,6,4,10,40,21,12,6,0,0,1,0.04,0.04,
14,07.12.2025,Cremonese,Casa,Lecce,2-0,V,2° tempo,1.72,47,6,3,3,3,105,148,71,1,,1.47,1,2,5,1,0,12,0,0,6,14,31,45,32,59,54,1,12,8,0.69,13,10,5,10,50,30,19,4,0,0,0,0,0,1
14,07.12.2025,Lecce,Trasferta,Cremonese,0-2,P,2° tempo,0.27,53,4,0,1,2,128,171,75,1,,0,3,1,3,1,0,6,0,0,10,11,33,33,41,59,69,2,11,18,0.33,11,6,5,9,56,34,23,1,0,0,1,1.47,-0.53,0
14,06.12.2025,Inter,Casa,Como,4-0,V,Totale,1.37,42,11,7,6,7,293,354,83,1,,3.46,2,2,9,2,0,16,2,3,13,18,38,47,54,77,70,5,15,33,1.16,13,16,8,10,80,39,20,9,0,0,3,0.06,0.06,
14,06.12.2025,Como,Trasferta,Inter,0-4,P,Totale,1.02,58,15,3,1,4,440,500,88,2,,0.06,10,2,8,7,0,19,0,1,16,23,47,49,96,127,76,8,18,44,1.28,19,13,3,7,43,42,10,6,0,0,3,3.46,-0.54,
14,06.12.2025,Inter,Casa,Como,4-0,V,1° tempo,0.57,45,5,2,3,6,181,210,86,0,,1.27,1,2,5,0,0,8,2,1,8,5,13,38,38,48,79,2,10,20,0.65,6,7,5,6,83,26,8,6,0,0,0,0,0,
14,06.12.2025,Como,Trasferta,Inter,0-4,P,1° tempo,0.02,55,1,0,0,2,228,261,87,2,,0,1,0,1,0,0,6,0,1,7,11,26,42,38,56,68,1,5,20,0.14,6,8,2,4,50,15,6,2,0,0,1,1.27,0.27,
14,06.12.2025,Inter,Casa,Como,4-0,V,2° tempo,0.8,38,6,5,3,1,112,144,78,1,,2.19,1,0,4,2,0,8,0,2,5,13,25,52,16,29,55,3,5,60,0.51,7,9,3,4,75,13,12,3,0,0,3,0.06,0.06,
14,06.12.2025,Como,Trasferta,Inter,0-4,P,2° tempo,1,62,14,3,1,2,212,239,89,0,,0.06,9,2,7,7,0,13,0,0,9,12,21,57,58,71,82,7,13,54,1.14,13,5,1,3,33,27,4,4,0,0,2,2.19,-0.81,
14,07.12.2025,Lazio,Casa,Bologna,1-1,N,Totale,1.21,47,16,9,2,7,322,407,79,4,1,3.18,5,2,11,5,0,23,0,1,18,24,49,49,38,75,51,7,17,41,0.7,23,13,6,11,55,50,7,7,2,0,4,1.07,0.07,
14,07.12.2025,Bologna,Trasferta,Lazio,1-1,N,Totale,1.11,53,13,6,1,3,389,465,84,3,0,1.07,4,3,8,5,1,12,0,1,13,40,74,54,59,93,63,3,11,27,0.22,11,18,7,15,47,48,22,6,1,0,8,3.18,2.18,
14,07.12.2025,Lazio,Casa,Bologna,1-1,N,1° tempo,0.81,52,7,4,2,4,184,227,81,1,,1.45,2,1,5,2,0,11,0,1,6,12,22,55,19,37,51,2,7,29,0.26,10,7,3,7,43,22,3,6,2,0,3,0.95,-0.05,
14,07.12.2025,Bologna,Trasferta,Lazio,1-1,N,1° tempo,0.91,48,9,5,1,1,172,209,82,1,,0.95,3,1,7,2,1,8,0,0,7,18,36,50,26,34,76,2,7,29,0.12,6,6,1,5,20,19,9,4,1,0,3,1.45,0.45,
14,07.12.2025,Lazio,Casa,Bologna,1-1,N,2° tempo,0.4,43,9,5,0,3,138,180,77,3,1,1.73,3,1,6,3,0,12,0,0,12,12,27,44,19,38,50,5,10,50,0.44,13,6,3,4,75,28,4,1,0,0,1,0.12,0.12,
14,07.12.2025,Bologna,Trasferta,Lazio,1-1,N,2° tempo,0.2,57,4,1,0,2,217,256,85,2,0,0.12,1,2,1,3,0,4,0,1,6,22,38,58,33,59,56,1,4,25,0.1,5,12,6,10,60,29,13,2,0,0,5,1.73,1.73,
14,07.12.2025,Napoli,Casa,Juventus,2-1,V,Totale,1.66,50,9,4,4,9,414,497,83,2,,2.25,4,1,7,2,1,16,0,1,15,16,45,36,89,132,67,4,22,18,1.03,16,6,6,15,40,47,13,10,0,0,1,0.5,-0.5,1
14,07.12.2025,Juventus,Trasferta,Napoli,1-2,P,Totale,0.29,50,5,2,0,0,444,511,87,1,,0.5,3,0,2,3,0,8,0,4,6,14,38,37,84,101,83,0,8,0,0.41,12,15,11,15,73,38,21,12,0,1,3,2.25,0.25,0
14,07.12.2025,Napoli,Casa,Juventus,2-1,V,1° tempo,0.85,54,4,2,3,6,257,299,86,1,,0.98,2,0,4,0,1,9,0,1,5,8,22,36,45,73,62,3,11,27,0.92,8,2,4,8,50,24,4,4,0,0,0,0,0,
14,07.12.2025,Juventus,Trasferta,Napoli,1-2,P,1° tempo,0.1,46,2,0,0,0,226,258,88,0,,0,2,0,0,2,0,1,0,3,2,4,15,27,32,39,82,0,1,0,0.09,7,5,3,4,75,13,9,5,0,0,1,0.98,-0.02,
14,07.12.2025,Napoli,Casa,Juventus,2-1,V,2° tempo,0.81,45,5,2,1,3,157,198,79,1,,1.27,2,1,3,2,0,7,0,0,10,8,23,35,44,59,75,1,11,9,0.11,8,4,2,7,29,23,9,6,0,0,1,0.5,-0.5,1
14,07.12.2025,Juventus,Trasferta,Napoli,1-2,P,2° tempo,0.19,55,3,2,0,0,218,253,86,1,,0.5,1,0,2,1,0,7,0,1,4,10,23,43,52,62,84,0,7,0,0.32,5,10,8,11,73,25,12,7,0,1,2,1.27,0.27,0
14,08.12.2025,Pisa,Casa,Parma,0-1,P,Totale,1.52,60,14,2,2,6,337,418,81,2,1,0.06,9,3,10,4,0,32,0,0,7,32,58,55,88,135,65,18,49,37,1.8,25,15,9,13,69,47,23,4,0,0,1,0.85,-0.15,
14,08.12.2025,Parma,Trasferta,Pisa,1-0,V,Totale,1.17,40,9,2,3,0,221,295,75,2,0,0.85,5,2,6,3,0,7,0,1,15,21,58,36,33,60,55,1,11,9,0.22,23,7,11,13,85,46,52,5,0,0,2,0.06,0.06,
14,08.12.2025,Pisa,Casa,Parma,0-1,P,1° tempo,0.04,51,1,1,0,1,154,183,84,0,,0.03,0,0,1,0,0,11,0,0,4,14,26,54,36,54,67,7,22,32,0.49,7,6,4,7,57,21,14,3,0,0,1,0.85,-0.15,
14,08.12.2025,Parma,Trasferta,Pisa,1-0,V,1° tempo,0.91,49,5,2,2,0,158,186,85,1,,0.85,2,1,3,2,0,4,0,0,6,16,26,62,26,36,72,0,7,0,0.1,10,4,5,5,100,19,19,1,0,0,1,0.03,0.03,
14,08.12.2025,Pisa,Casa,Parma,0-1,P,2° tempo,1.48,70,13,1,2,5,183,235,78,2,1,0.03,9,3,9,4,0,21,0,0,3,18,32,56,52,81,64,11,27,41,1.31,18,9,5,6,83,26,9,1,0,0,0,0,0,
14,08.12.2025,Parma,Trasferta,Pisa,1-0,V,2° tempo,0.26,30,4,0,1,0,63,109,58,1,0,0,3,1,3,1,0,3,0,1,9,5,32,16,7,24,29,1,4,25,0.12,13,3,6,8,75,27,33,4,0,0,1,0.03,0.03,
14,06.12.2025,Sassuolo,Casa,Fiorentina,3-1,V,Totale,1,40,13,5,2,7,260,324,80,2,,0.96,4,4,9,4,1,27,0,1,15,22,56,39,64,99,65,6,19,32,0.87,17,15,6,10,60,45,24,7,0,0,0,0.77,-0.23,
14,06.12.2025,Fiorentina,Trasferta,Sassuolo,1-3,P,Totale,1.21,60,9,1,1,1,423,498,85,3,,0.77,5,3,5,4,0,14,0,4,15,11,39,28,87,131,66,4,23,17,0.78,13,15,9,17,53,46,26,7,0,2,2,0.96,-2.04,
14,06.12.2025,Sassuolo,Casa,Fiorentina,3-1,V,1° tempo,0.78,46,11,4,1,3,155,179,87,2,,0.85,4,3,7,4,0,18,0,1,8,12,26,46,32,43,74,6,11,55,0.72,6,8,2,3,67,22,7,4,0,0,0,0.77,-0.23,
14,06.12.2025,Fiorentina,Trasferta,Sassuolo,1-3,P,1° tempo,1.03,54,5,1,1,0,185,217,85,0,,0.77,2,2,3,2,0,6,0,3,8,3,19,16,27,45,60,1,5,20,0.39,6,8,3,5,60,18,12,2,0,2,2,0.85,-1.15,
14,06.12.2025,Sassuolo,Casa,Fiorentina,3-1,V,2° tempo,0.22,35,2,1,1,4,105,145,72,0,,0.11,0,1,2,0,1,9,0,0,7,10,30,33,32,56,57,0,8,0,0.15,11,7,4,7,57,23,17,3,0,0,0,0,0,
14,06.12.2025,Fiorentina,Trasferta,Sassuolo,1-3,P,2° tempo,0.18,65,4,0,0,1,238,281,85,3,,0,3,1,2,2,0,8,0,1,7,8,20,40,60,86,70,3,18,17,0.39,7,7,6,12,50,28,14,5,0,0,0,0.11,-0.89,
14,08.12.2025,Torino,Casa,Milan,2-3,P,Totale,1.02,36,8,4,1,2,242,308,79,2,,0.87,2,2,3,5,0,14,0,1,7,36,66,55,56,89,63,1,10,10,0.29,9,16,14,24,58,46,20,3,0,0,3,2.02,-0.98,
14,08.12.2025,Milan,Trasferta,Torino,3-2,V,Totale,1.68,64,17,6,3,4,494,552,89,1,,2.02,5,6,13,4,0,29,1,3,16,33,48,69,117,147,80,7,23,30,1.18,22,7,6,11,55,49,15,6,0,0,2,0.87,-1.13,
14,08.12.2025,Torino,Casa,Milan,2-3,P,1° tempo,0.85,33,4,3,1,2,130,160,81,0,,0.78,0,1,2,2,0,9,0,0,3,18,31,58,32,43,74,1,6,17,0.16,5,5,6,9,67,16,8,3,0,0,0,0.07,-0.93,
14,08.12.2025,Milan,Trasferta,Torino,3-2,V,1° tempo,0.27,67,5,1,0,2,292,324,90,1,,0.07,3,1,3,2,0,8,1,1,5,24,31,77,53,76,70,3,12,25,0.42,14,3,4,6,67,23,6,2,0,0,1,0.78,-1.22,
14,08.12.2025,Torino,Casa,Milan,2-3,P,2° tempo,0.17,39,4,1,0,0,112,148,76,2,,0.09,2,1,1,3,0,5,0,1,4,18,35,51,24,46,52,0,4,0,0.13,4,11,8,15,53,30,12,0,0,0,3,1.95,-0.05,
14,08.12.2025,Milan,Trasferta,Torino,3-2,V,2° tempo,1.41,61,12,5,3,2,202,228,89,0,,1.95,2,5,10,2,0,21,0,2,11,9,17,53,64,71,90,4,11,36,0.76,8,4,2,5,40,26,9,4,0,0,1,0.09,0.09,
14,08.12.2025,Udinese,Casa,Genoa,1-2,P,Totale,1.17,58,23,6,1,6,337,420,80,1,,1.54,9,8,16,7,0,38,0,3,12,18,44,41,91,132,69,10,24,42,1.07,21,16,14,20,70,68,20,14,0,0,4,2.83,0.83,
14,08.12.2025,Genoa,Trasferta,Udinese,2-1,V,Totale,1.57,42,12,6,3,2,241,312,77,0,,2.83,5,1,7,5,0,16,0,3,16,15,48,31,44,70,63,2,9,22,0.34,19,12,8,17,47,49,34,6,0,0,5,1.54,0.54,
14,08.12.2025,Udinese,Casa,Genoa,1-2,P,1° tempo,0.53,51,11,2,0,3,145,176,82,,,0.12,4,5,8,3,0,19,0,2,8,7,16,44,33,44,75,6,15,40,0.36,9,8,7,8,88,28,11,8,0,0,2,1.45,0.45,
14,08.12.2025,Genoa,Trasferta,Udinese,2-1,V,1° tempo,0.92,49,6,3,1,1,153,183,84,,,1.45,2,1,3,3,0,7,0,2,8,10,23,43,27,38,71,0,3,0,0.04,10,8,3,8,38,22,14,1,0,0,2,0.12,0.12,
14,08.12.2025,Udinese,Casa,Genoa,1-2,P,2° tempo,0.64,65,12,4,1,3,192,244,79,1,,1.42,5,3,8,4,0,19,0,1,4,11,28,39,58,88,66,4,9,44,0.71,12,8,7,12,58,40,9,6,0,0,2,1.38,0.38,
14,08.12.2025,Genoa,Trasferta,Udinese,2-1,V,2° tempo,0.65,35,6,3,2,1,88,129,68,0,,1.38,3,0,4,2,0,9,0,1,8,5,25,20,17,32,53,2,6,33,0.3,9,4,5,9,56,27,20,5,0,0,3,1.42,0.42,
14,06.12.2025,Verona,Casa,Atalanta,3-1,V,Totale,0.99,36,12,7,2,5,195,278,70,2,,2.36,1,4,6,6,0,22,2,3,7,18,59,31,59,104,57,2,15,13,0.89,14,14,11,21,52,54,30,15,0,0,3,1.27,0.27,
14,06.12.2025,Atalanta,Trasferta,Verona,1-3,P,Totale,1.47,64,12,5,2,5,396,488,81,1,,1.27,2,5,9,3,0,30,0,1,14,28,61,46,63,93,68,4,20,20,0.82,29,7,9,15,60,57,16,10,0,0,4,2.36,-0.64,
14,06.12.2025,Verona,Casa,Atalanta,3-1,V,1° tempo,0.37,38,5,4,1,0,120,167,72,1,,0.94,0,1,1,4,0,6,0,3,2,9,29,31,26,48,54,1,5,20,0.18,7,5,6,12,50,29,16,9,0,0,2,0.2,0.2,
14,06.12.2025,Atalanta,Trasferta,Verona,1-3,P,1° tempo,0.51,62,9,3,1,4,218,270,81,0,,0.2,2,4,7,2,0,16,0,1,5,17,34,50,41,55,75,2,11,18,0.41,16,2,6,11,55,30,5,9,0,0,2,0.94,-1.06,
14,06.12.2025,Verona,Casa,Atalanta,3-1,V,2° tempo,0.62,34,7,3,1,5,75,111,68,1,,1.42,1,3,5,2,0,16,2,0,5,9,30,30,33,56,59,1,10,10,0.71,7,9,5,9,56,25,14,6,0,0,1,1.07,0.07,
14,06.12.2025,Atalanta,Trasferta,Verona,1-3,P,2° tempo,0.96,66,3,2,1,1,178,218,82,1,,1.07,0,1,2,1,0,14,0,0,9,11,27,41,22,38,58,2,9,22,0.41,13,5,3,4,75,27,11,1,0,0,2,1.42,0.42,
15,13.12.2025,Atalanta,Casa,Cagliari,2-1,V,Totale,2.49,58,17,8,4,5,468,547,86,1,,2.88,5,4,12,5,0,29,1,0,15,16,35,46,123,163,75,1,12,8,0.86,19,13,7,14,50,44,24,8,0,0,0,0.79,-0.21,
15,13.12.2025,Cagliari,Trasferta,Atalanta,1-2,P,Totale,0.54,42,8,1,2,4,307,378,81,2,,0.79,5,2,5,3,0,10,2,4,13,22,47,47,38,61,62,4,15,27,0.69,17,15,11,23,48,57,21,10,1,0,6,2.88,0.88,
15,13.12.2025,Atalanta,Casa,Cagliari,2-1,V,1° tempo,1.67,60,11,4,3,4,259,296,88,1,,2.16,4,3,9,2,0,17,1,0,8,10,13,77,84,101,83,1,7,14,0.73,6,6,3,10,30,27,15,4,0,0,0,0,0,
15,13.12.2025,Cagliari,Trasferta,Atalanta,1-2,P,1° tempo,0.26,40,6,0,1,1,152,190,80,0,,0,4,2,3,3,0,6,1,0,6,13,29,45,23,37,62,3,9,33,0.44,9,8,7,11,64,31,11,4,0,0,3,2.16,1.16,
15,13.12.2025,Atalanta,Casa,Cagliari,2-1,V,2° tempo,0.82,57,6,4,1,1,209,251,83,0,,0.72,1,1,3,3,0,12,0,0,7,6,22,27,39,62,63,0,5,0,0.13,13,7,4,4,100,17,9,4,0,0,0,0.79,-0.21,
15,13.12.2025,Cagliari,Trasferta,Atalanta,1-2,P,2° tempo,0.28,43,2,1,1,3,155,188,82,2,,0.79,1,0,2,0,0,4,1,4,7,9,18,50,15,24,63,1,6,17,0.25,8,7,4,12,33,26,10,6,1,0,3,0.72,-0.28,
15,14.12.2025,Bologna,Casa,Juventus,0-1,P,Totale,0.55,51,11,4,1,3,377,455,83,3,1,0.91,3,4,7,4,1,22,0,0,11,35,72,49,65,95,68,5,19,26,0.45,16,10,8,18,44,40,27,16,2,0,2,1.51,0.51,0
15,14.12.2025,Juventus,Trasferta,Bologna,1-0,V,Totale,1.68,49,13,3,4,4,371,449,83,1,0,1.51,5,5,9,4,0,31,1,2,10,25,53,47,86,124,69,2,10,20,1.27,17,11,7,14,50,39,19,2,0,0,4,0.91,0.91,1
15,14.12.2025,Bologna,Casa,Juventus,0-1,P,1° tempo,0.27,51,5,3,1,1,197,241,82,1,,0.9,1,1,4,1,1,13,0,0,6,23,43,53,32,47,68,3,8,38,0.22,10,5,5,10,50,19,15,6,0,0,1,0.11,0.11,
15,14.12.2025,Juventus,Trasferta,Bologna,1-0,V,1° tempo,0.32,49,5,1,1,1,199,235,85,1,,0.11,3,1,4,1,0,18,1,1,5,10,19,53,42,61,69,1,5,20,0.58,6,6,3,5,60,19,8,1,0,0,3,0.9,0.9,
15,14.12.2025,Bologna,Casa,Juventus,0-1,P,2° tempo,0.28,51,6,1,0,2,180,214,84,2,1,0.01,2,3,3,3,0,9,0,0,5,12,29,41,33,48,69,2,11,18,0.23,6,5,3,8,38,21,12,10,2,0,1,1.4,0.4,0
15,14.12.2025,Juventus,Trasferta,Bologna,1-0,V,2° tempo,1.36,49,8,2,3,3,172,214,80,0,0,1.4,2,4,5,3,0,13,0,1,5,15,34,44,44,63,70,1,5,20,0.69,11,5,4,9,44,20,11,1,0,0,1,0.01,0.01,1
15,14.12.2025,Fiorentina,Casa,Verona,1-2,P,Totale,1.71,65,20,4,5,9,407,475,86,1,,0.88,9,7,15,5,1,27,1,1,22,26,48,54,102,141,72,6,37,16,0.92,20,10,7,12,58,53,24,5,0,0,1,0.74,-1.26,
15,14.12.2025,Verona,Trasferta,Fiorentina,2-1,V,Totale,0.94,35,13,3,2,4,181,259,70,5,,0.74,7,3,7,6,1,19,1,1,10,20,64,31,42,82,51,3,9,33,0.92,13,22,16,24,67,59,46,12,1,0,4,0.88,0.88,
15,14.12.2025,Fiorentina,Casa,Verona,1-2,P,1° tempo,0.91,65,10,2,3,5,207,238,87,1,,0.41,2,6,7,3,0,14,1,1,9,10,18,56,36,56,64,4,16,25,0.7,11,2,5,6,83,24,8,2,0,0,0,0.32,-0.68,
15,14.12.2025,Verona,Trasferta,Fiorentina,2-1,V,1° tempo,0.28,35,5,1,0,1,99,130,76,3,,0.32,3,1,3,2,1,12,1,1,2,9,26,35,19,32,59,2,3,67,0.44,7,9,4,7,57,24,20,5,0,0,2,0.41,0.41,
15,14.12.2025,Fiorentina,Casa,Verona,1-2,P,2° tempo,0.8,65,10,2,2,4,200,237,84,0,,0.47,7,1,8,2,1,13,0,0,13,16,30,53,66,85,78,2,21,10,0.22,9,8,2,6,33,29,16,3,0,0,1,0.42,-0.58,
15,14.12.2025,Verona,Trasferta,Fiorentina,2-1,V,2° tempo,0.66,35,8,2,2,3,82,129,64,2,,0.42,4,2,4,4,0,7,0,0,8,11,38,29,23,50,46,1,6,17,0.48,6,13,12,17,71,35,26,7,1,0,2,0.47,0.47,
15,14.12.2025,Genoa,Casa,Inter,1-2,P,Totale,0.97,36,5,3,1,1,217,286,76,2,,1.01,2,0,3,2,0,12,0,0,20,24,52,46,34,69,49,2,13,15,0.17,23,10,12,13,92,46,29,3,2,0,6,1.83,-0.17,
15,14.12.2025,Inter,Trasferta,Genoa,2-1,V,Totale,1.27,64,18,8,4,6,452,532,85,3,,1.83,2,8,9,9,0,25,1,1,10,20,45,44,141,179,79,4,13,31,0.86,23,20,15,18,83,56,19,8,0,0,2,1.01,0.01,
15,14.12.2025,Genoa,Casa,Inter,1-2,P,1° tempo,0.05,31,1,0,0,0,110,137,80,,,0,1,0,1,0,0,6,0,0,9,16,27,59,14,27,52,1,7,14,0.12,9,4,4,4,100,20,12,1,1,0,3,1.1,-0.9,
15,14.12.2025,Inter,Trasferta,Genoa,2-1,V,1° tempo,0.72,69,10,5,1,1,282,313,90,,,1.1,1,4,5,5,0,13,1,1,4,12,22,55,67,76,88,0,6,0,0.42,12,9,3,3,100,18,6,4,0,0,0,0,0,
15,14.12.2025,Genoa,Casa,Inter,1-2,P,2° tempo,0.92,41,4,3,1,1,107,149,72,2,,1.01,1,0,2,2,0,6,0,0,11,8,25,32,20,42,48,1,6,17,0.05,14,6,8,9,89,26,17,2,1,0,3,0.73,0.73,
15,14.12.2025,Inter,Trasferta,Genoa,2-1,V,2° tempo,0.55,59,8,3,3,5,170,219,78,3,,0.73,1,4,4,4,0,12,0,0,6,8,23,35,74,103,72,4,7,57,0.44,11,11,12,15,80,38,13,4,0,0,2,1.01,0.01,
15,12.12.2025,Lecce,Casa,Pisa,1-0,V,Totale,2.2,51,21,3,4,12,295,375,79,2,,1.13,11,7,15,6,0,32,0,1,6,23,60,38,72,110,65,9,22,41,1.71,21,17,11,14,79,43,23,4,0,0,0,0,0,
15,12.12.2025,Pisa,Trasferta,Lecce,0-1,P,Totale,0.22,49,5,0,0,1,286,368,78,1,,0,2,3,5,0,0,12,0,3,17,23,61,38,31,57,54,3,9,33,0.41,20,6,12,21,57,65,27,6,1,0,2,1.13,0.13,
15,12.12.2025,Lecce,Casa,Pisa,1-0,V,1° tempo,1.18,59,11,2,1,6,172,216,80,0,,0.19,3,6,7,4,0,17,0,0,1,14,30,47,32,47,68,4,8,50,0.84,11,9,8,9,89,29,13,2,0,0,0,0,0,
15,12.12.2025,Pisa,Trasferta,Lecce,0-1,P,1° tempo,0.09,41,2,0,0,1,102,152,67,1,,0,1,1,2,0,0,8,0,2,9,10,39,26,10,24,42,1,2,50,0.12,10,1,9,14,64,37,11,3,1,0,2,0.19,0.19,
15,12.12.2025,Lecce,Casa,Pisa,1-0,V,2° tempo,1.02,44,10,1,3,6,123,159,77,2,,0.94,8,1,8,2,0,15,0,1,5,9,30,30,40,63,63,5,14,36,0.87,10,8,3,5,60,14,10,2,0,0,0,0,0,
15,12.12.2025,Pisa,Trasferta,Lecce,0-1,P,2° tempo,0.13,56,3,0,0,0,184,216,85,0,,0,1,2,3,0,0,4,0,1,8,13,22,59,21,33,64,2,7,29,0.29,10,5,3,7,43,28,16,3,0,0,0,0.94,-0.06,
15,14.12.2025,Milan,Casa,Sassuolo,2-2,N,Totale,1.44,59,13,5,4,7,476,537,89,1,,0.74,5,3,9,4,0,36,0,2,12,17,31,55,97,133,73,6,31,19,0.55,23,12,10,17,59,51,23,4,1,0,1,2.12,0.12,
15,14.12.2025,Sassuolo,Trasferta,Milan,2-2,N,Totale,1.07,41,8,3,2,3,318,377,84,3,,2.12,2,3,5,3,1,17,0,1,12,16,36,44,66,93,71,4,15,27,0.99,14,12,13,16,81,37,30,14,1,0,2,0.74,-1.26,
15,14.12.2025,Milan,Casa,Sassuolo,2-2,N,1° tempo,0.81,65,6,2,2,3,279,303,92,1,,0.41,3,1,4,2,0,15,0,1,7,10,14,71,63,79,80,3,17,18,0.29,16,7,6,8,75,27,7,2,0,0,0,0.71,-0.29,
15,14.12.2025,Sassuolo,Trasferta,Milan,2-2,N,1° tempo,0.43,35,2,1,1,1,141,165,85,1,,0.71,0,1,1,1,0,3,0,0,7,6,16,38,6,17,35,1,4,25,0.04,2,7,10,13,77,20,17,6,1,0,1,0.41,-0.59,
15,14.12.2025,Milan,Casa,Sassuolo,2-2,N,2° tempo,0.63,53,7,3,2,4,197,234,84,0,,0.33,2,2,5,2,0,21,0,1,5,7,17,41,34,54,63,3,14,21,0.26,7,5,4,9,44,24,16,2,1,0,1,1.41,0.41,
15,14.12.2025,Sassuolo,Trasferta,Milan,2-2,N,2° tempo,0.64,47,6,2,1,2,177,212,83,2,,1.41,2,2,4,2,1,14,0,1,5,10,20,50,60,76,79,3,11,27,0.95,12,5,3,3,100,17,13,8,0,0,1,0.33,-0.67,
15,13.12.2025,Parma,Casa,Lazio,0-1,P,Totale,1.08,47,19,5,0,4,316,367,86,2,0,0.79,9,5,13,6,0,26,0,2,8,20,37,54,66,91,73,9,37,24,0.86,16,14,1,6,17,37,21,8,1,1,3,1.46,0.46,
15,13.12.2025,Lazio,Trasferta,Parma,1-0,V,Totale,1.35,53,15,5,4,4,368,435,85,1,2,1.46,6,4,9,6,0,17,0,0,14,21,46,46,69,104,66,7,18,39,0.6,11,8,6,12,50,48,39,5,1,0,6,0.79,0.79,
15,13.12.2025,Parma,Casa,Lazio,0-1,P,1° tempo,0.42,34,6,2,0,0,132,158,84,,0,0.25,4,0,6,0,0,7,0,1,6,10,17,59,18,26,69,3,9,33,0.17,4,7,0,4,0,19,15,3,1,0,2,0.45,0.45,
15,13.12.2025,Lazio,Trasferta,Parma,1-0,V,1° tempo,0.79,66,12,3,3,4,274,306,90,,1,0.45,6,3,8,4,0,15,0,0,7,12,20,60,44,62,71,7,15,47,0.54,6,6,5,10,50,29,6,3,0,0,2,0.25,0.25,
15,13.12.2025,Parma,Casa,Lazio,0-1,P,2° tempo,0.66,64,13,3,0,4,184,209,88,2,0,0.54,5,5,7,6,0,19,0,1,2,10,20,50,48,65,74,6,28,21,0.69,12,7,1,2,50,18,6,5,0,1,1,1.01,0.01,
15,13.12.2025,Lazio,Trasferta,Parma,1-0,V,2° tempo,0.56,36,3,2,1,0,94,129,73,1,1,1.01,0,1,1,2,0,2,0,0,7,9,26,35,25,42,60,0,3,0,0.06,5,2,1,2,50,19,33,2,1,0,4,0.54,0.54,
15,15.12.2025,Roma,Casa,Como,1-0,V,Totale,1.15,53,14,4,3,6,321,396,81,3,,0.63,4,6,12,2,0,34,0,3,8,29,56,52,84,130,65,6,17,35,1.37,27,16,12,21,57,47,23,8,0,0,1,0.13,0.13,
15,15.12.2025,Como,Trasferta,Roma,0-1,P,Totale,0.55,47,13,1,0,3,279,358,78,3,,0.13,5,7,8,5,0,21,0,1,16,17,50,34,54,91,59,2,10,20,0.31,24,8,8,15,53,53,26,11,0,0,3,0.63,-0.37,
15,15.12.2025,Roma,Casa,Como,1-0,V,1° tempo,1.03,56,10,1,2,5,181,220,82,,,0.24,3,6,9,1,0,27,0,2,4,13,25,52,49,72,68,5,13,38,1.22,10,5,5,8,63,18,12,3,0,0,0,0,0,
15,15.12.2025,Como,Trasferta,Roma,0-1,P,1° tempo,0.15,44,5,0,0,1,132,175,75,,,0,2,3,2,3,0,8,0,1,5,6,24,25,20,40,50,1,4,25,0.06,12,4,5,9,56,21,13,8,0,0,1,0.24,0.24,
15,15.12.2025,Roma,Casa,Como,1-0,V,2° tempo,0.12,49,4,3,1,1,140,176,80,3,,0.39,1,0,3,1,0,7,0,1,4,16,31,52,35,58,60,1,4,25,0.15,17,11,7,13,54,29,11,5,0,0,1,0.13,0.13,
15,15.12.2025,Como,Trasferta,Roma,0-1,P,2° tempo,0.4,51,8,1,0,2,147,183,80,3,,0.13,3,4,6,2,0,13,0,0,11,11,26,42,34,51,67,1,6,17,0.25,12,4,3,6,50,32,13,3,0,0,2,0.39,-0.61,
15,13.12.2025,Torino,Casa,Cremonese,1-0,V,Totale,1.05,46,18,6,2,6,314,398,79,1,,1.54,4,8,15,3,0,34,0,1,13,47,88,53,76,114,67,5,22,23,0.99,23,20,11,21,52,57,36,5,0,0,3,0.8,0.8,
15,13.12.2025,Cremonese,Trasferta,Torino,0-1,P,Totale,0.69,54,10,3,2,6,361,454,80,2,,0.8,4,3,7,3,0,19,0,1,20,29,67,43,77,121,64,7,30,23,0.66,18,13,9,20,45,75,32,10,0,0,5,1.54,0.54,
15,13.12.2025,Torino,Casa,Cremonese,1-0,V,1° tempo,0.4,49,6,2,1,2,181,221,82,0,,0.7,3,1,5,1,0,14,0,0,5,28,46,61,38,56,68,3,10,30,0.27,14,8,7,9,78,23,13,2,0,0,2,0.76,0.76,
15,13.12.2025,Cremonese,Trasferta,Torino,0-1,P,1° tempo,0.24,51,4,2,1,3,186,226,82,1,,0.76,0,2,4,0,0,9,0,1,8,12,27,44,34,52,65,4,11,36,0.3,10,5,7,12,58,35,15,4,0,0,1,0.7,-0.3,
15,13.12.2025,Torino,Casa,Cremonese,1-0,V,2° tempo,0.65,43,12,4,1,4,133,177,75,1,,0.84,1,7,10,2,0,20,0,1,8,19,42,45,38,58,66,2,12,17,0.72,9,12,4,12,33,34,23,3,0,0,1,0.04,0.04,
15,13.12.2025,Cremonese,Trasferta,Torino,0-1,P,2° tempo,0.45,57,6,1,1,3,175,228,77,1,,0.04,4,1,3,3,0,10,0,0,12,17,40,43,43,69,62,3,19,16,0.36,8,8,2,8,25,40,17,6,0,0,4,0.84,0.84,
15,14.12.2025,Udinese,Casa,Napoli,1-0,V,Totale,1.31,38,18,5,3,1,245,322,76,1,,0.6,6,7,7,11,1,20,0,1,9,19,55,35,83,114,73,1,8,13,0.43,10,16,6,18,33,48,32,11,1,0,0,0,0,
15,14.12.2025,Napoli,Trasferta,Udinese,0-1,P,Totale,0.93,62,7,0,1,3,426,518,82,0,,0,6,1,5,2,1,19,0,1,16,20,48,42,89,135,66,2,15,13,0.97,17,9,6,11,55,46,12,7,0,0,4,0.6,-0.4,
15,14.12.2025,Udinese,Casa,Napoli,1-0,V,1° tempo,0.32,48,8,2,0,0,177,219,81,1,,0.14,3,3,2,6,0,6,0,0,4,7,26,27,62,80,78,1,4,25,0.26,6,8,2,5,40,19,17,4,0,0,0,0,0,
15,14.12.2025,Napoli,Trasferta,Udinese,0-1,P,1° tempo,0.07,52,2,0,0,2,187,238,79,0,,0,2,0,2,0,0,9,0,1,8,10,30,33,28,55,51,1,3,33,0.19,10,4,2,5,40,18,3,5,0,0,2,0.14,0.14,
15,14.12.2025,Udinese,Casa,Napoli,1-0,V,2° tempo,0.99,27,10,3,3,1,68,103,66,,,0.46,3,4,5,5,1,14,0,1,5,12,29,41,21,34,62,0,4,0,0.17,4,8,4,13,31,29,15,7,1,0,0,0,0,
15,14.12.2025,Napoli,Trasferta,Udinese,0-1,P,2° tempo,0.86,73,5,0,1,1,239,280,85,,,0,4,1,3,2,1,10,0,0,8,10,18,56,61,80,76,1,12,8,0.78,7,5,4,6,67,28,9,2,0,0,2,0.46,-0.54,
16,21.12.2025,Cagliari,Casa,Pisa,2-2,N,Totale,1.43,59,14,5,1,2,315,401,79,3,,1.88,4,5,5,9,0,17,0,2,20,32,69,46,47,90,52,1,13,8,0.55,23,15,6,15,40,56,38,5,0,0,1,1.83,-0.17,1
16,21.12.2025,Pisa,Trasferta,Cagliari,2-2,N,Totale,2.53,41,15,3,3,6,194,264,73,2,,1.83,7,5,14,1,0,31,0,0,15,26,54,48,53,92,58,4,21,19,0.81,15,20,9,14,64,49,25,11,0,0,3,1.88,-0.12,0
16,21.12.2025,Cagliari,Casa,Pisa,2-2,N,1° tempo,0.3,65,6,2,0,0,195,240,81,,,0.03,2,2,3,3,0,14,0,1,8,17,38,45,30,55,55,0,9,0,0.12,14,6,3,10,30,27,21,4,0,0,1,1.03,0.03,
16,21.12.2025,Pisa,Trasferta,Cagliari,2-2,N,1° tempo,1.86,35,8,2,2,5,85,122,70,,,1.03,4,2,8,0,0,18,0,0,6,13,25,52,20,40,50,3,11,27,0.69,9,8,7,10,70,30,18,7,0,0,2,0.03,0.03,
16,21.12.2025,Cagliari,Casa,Pisa,2-2,N,2° tempo,1.13,52,8,3,1,2,120,161,75,3,,1.85,2,3,2,6,0,3,0,1,12,15,31,48,17,35,49,1,4,25,0.43,9,9,3,5,60,29,17,1,0,0,0,0.8,-0.2,1
16,21.12.2025,Pisa,Trasferta,Cagliari,2-2,N,2° tempo,0.67,48,7,1,1,1,109,142,77,2,,0.8,3,3,6,1,0,13,0,0,9,13,29,45,33,52,63,1,10,10,0.12,6,12,2,4,50,19,7,4,0,0,1,1.85,-0.15,0
16,15.01.2026,Como,Casa,Milan,1-3,P,Totale,1.87,68,18,8,2,8,617,659,94,1,,2.88,7,3,10,8,1,30,2,0,5,16,24,67,148,168,88,7,30,23,1.52,17,7,5,12,42,37,18,7,0,0,1,1.15,-1.85,1
16,15.01.2026,Milan,Trasferta,Como,3-1,V,Totale,1.28,32,7,4,2,4,254,320,79,0,,1.15,3,0,4,3,0,10,1,3,7,13,46,28,36,66,55,2,9,22,0.36,11,5,8,20,40,40,34,7,0,0,8,2.88,1.88,0
16,15.01.2026,Como,Casa,Milan,1-3,P,1° tempo,1.43,62,8,5,2,3,313,331,95,,,1.8,3,0,6,2,0,10,1,0,2,11,17,65,52,61,85,3,10,30,1.06,7,4,2,7,29,16,11,6,0,0,1,0.81,-0.19,1
16,15.01.2026,Milan,Trasferta,Como,3-1,V,1° tempo,0.9,38,3,2,1,1,177,210,84,,,0.81,1,0,2,1,0,5,0,0,4,7,22,32,21,35,60,0,4,0,0.1,6,2,6,12,50,25,12,2,0,0,4,1.8,0.8,0
16,15.01.2026,Como,Casa,Milan,1-3,P,2° tempo,0.44,75,10,3,0,5,304,328,93,1,,1.08,4,3,4,6,1,20,1,0,3,5,7,71,96,107,90,4,20,20,0.46,10,3,3,5,60,21,7,1,0,0,0,0.34,-1.66,
16,15.01.2026,Milan,Trasferta,Como,3-1,V,2° tempo,0.38,25,4,2,1,3,77,110,70,0,,0.34,2,0,2,2,0,5,1,3,3,6,24,25,15,31,48,2,5,40,0.26,5,3,2,8,25,15,22,5,0,0,4,1.08,1.08,
16,21.12.2025,Fiorentina,Casa,Udinese,5-1,V,Totale,3.19,63,20,7,6,1,532,590,90,3,0,3.31,10,3,11,9,3,29,4,0,8,19,38,50,132,154,86,3,13,23,1.45,17,10,3,11,27,39,23,3,0,0,3,0.69,-0.31,1
16,21.12.2025,Udinese,Trasferta,Fiorentina,1-5,P,Totale,0.64,37,11,4,1,4,271,334,81,1,1,0.69,5,2,8,3,1,17,1,2,10,22,43,51,60,86,70,4,16,25,0.43,13,8,8,10,80,43,16,10,0,2,1,3.31,-1.69,0
16,21.12.2025,Fiorentina,Casa,Udinese,5-1,V,1° tempo,1.35,57,14,4,2,0,219,252,87,1,0,1.81,7,3,6,8,2,16,2,0,5,7,18,39,62,74,84,2,7,29,0.8,10,2,3,7,43,23,14,3,0,0,1,0.12,0.12,1
16,21.12.2025,Udinese,Trasferta,Fiorentina,1-5,P,1° tempo,0.26,43,5,1,0,1,150,187,80,1,1,0.12,2,2,3,2,0,8,0,0,2,14,28,50,42,61,69,1,5,20,0.12,8,5,4,5,80,16,10,4,0,0,1,1.81,-1.19,0
16,21.12.2025,Fiorentina,Casa,Udinese,5-1,V,2° tempo,1.84,68,6,3,4,1,313,338,93,2,,1.5,3,0,5,1,1,13,2,0,3,12,20,60,70,80,88,1,6,17,0.65,7,8,0,4,0,16,9,0,0,0,2,0.57,-0.43,
16,21.12.2025,Udinese,Trasferta,Fiorentina,1-5,P,2° tempo,0.38,32,6,3,1,3,121,147,82,0,,0.57,3,0,5,1,1,9,1,2,8,8,15,53,18,25,72,3,11,27,0.31,5,3,4,5,80,27,6,6,0,2,0,1.5,-0.5,
16,21.12.2025,Genoa,Casa,Atalanta,0-1,P,Totale,0.8,29,6,3,2,6,161,220,73,1,1,0.85,3,0,6,0,1,17,0,1,19,31,62,50,33,58,57,6,18,33,0.76,10,11,10,16,63,53,29,7,1,1,3,1.09,0.09,0
16,21.12.2025,Atalanta,Trasferta,Genoa,1-0,V,Totale,1.44,71,16,4,2,10,486,542,90,2,0,1.09,9,3,12,4,0,30,0,0,11,24,35,69,207,237,87,9,31,29,1.96,17,19,11,21,52,52,18,10,0,0,3,0.85,0.85,1
16,21.12.2025,Genoa,Casa,Atalanta,0-1,P,1° tempo,0.21,32,4,2,0,3,98,128,77,,1,0.12,2,0,4,0,0,8,0,0,9,16,31,52,14,29,48,3,9,33,0.36,6,4,6,8,75,27,19,3,1,0,1,0.06,0.06,
16,21.12.2025,Atalanta,Trasferta,Genoa,1-0,V,1° tempo,0.31,68,7,1,0,6,243,274,89,,0,0.06,4,2,4,3,0,13,0,0,4,7,14,50,101,114,89,1,16,6,0.46,10,9,3,7,43,22,10,6,0,0,2,0.12,0.12,
16,21.12.2025,Genoa,Casa,Atalanta,0-1,P,2° tempo,0.59,26,2,1,2,3,63,92,68,1,,0.73,1,0,2,0,1,9,0,1,10,15,31,48,19,29,66,3,9,33,0.4,4,7,4,8,50,26,10,4,0,1,2,1.03,0.03,0
16,21.12.2025,Atalanta,Trasferta,Genoa,1-0,V,2° tempo,1.13,74,9,3,2,4,243,268,91,2,,1.03,5,1,8,1,0,17,0,0,7,17,21,81,106,123,86,8,15,53,1.5,7,10,8,14,57,30,8,4,0,0,1,0.73,0.73,1
16,14.01.2026,Inter,Casa,Lecce,1-0,V,Totale,1.83,68,21,7,2,11,439,516,85,2,,2.06,9,5,13,8,0,38,0,3,14,14,38,37,126,169,75,11,40,28,1.72,25,11,9,18,50,65,24,3,0,0,1,0.57,0.57,
16,14.01.2026,Lecce,Trasferta,Inter,0-1,P,Totale,0.49,32,10,1,0,3,162,253,64,1,,0.57,2,7,6,4,0,11,0,1,11,17,62,27,34,62,55,1,9,11,0.17,15,14,11,16,69,49,46,3,1,0,6,2.06,1.06,
16,14.01.2026,Inter,Casa,Lecce,1-0,V,1° tempo,0.45,73,8,2,0,5,246,282,87,1,,0.77,5,1,5,3,0,19,0,1,4,8,13,62,65,82,79,4,16,25,0.46,15,5,6,11,55,34,11,1,0,0,0,0,0,
16,14.01.2026,Lecce,Trasferta,Inter,0-1,P,1° tempo,0.16,27,4,0,0,2,64,106,60,0,,0,1,3,3,1,0,4,0,1,5,8,29,28,16,34,47,1,3,33,0.09,9,4,8,10,80,23,23,2,1,0,2,0.77,0.77,
16,14.01.2026,Inter,Casa,Lecce,1-0,V,2° tempo,1.38,62,13,5,2,6,193,234,82,1,,1.29,4,4,8,5,0,19,0,2,10,6,25,24,61,87,70,7,24,29,1.26,10,6,3,7,43,31,13,2,0,0,1,0.57,0.57,
16,14.01.2026,Lecce,Trasferta,Inter,0-1,P,2° tempo,0.33,38,6,1,0,1,98,147,67,1,,0.57,1,4,3,3,0,7,0,0,6,9,33,27,18,28,64,0,6,0,0.08,6,10,3,6,50,26,23,1,0,0,4,1.29,0.29,
16,20.12.2025,Juventus,Casa,Roma,2-1,V,Totale,2.54,41,13,9,6,2,321,398,81,2,,2.55,3,1,9,4,1,28,2,2,13,12,40,30,94,125,75,1,7,14,2.4,29,14,16,25,64,61,20,5,1,1,4,1.85,0.85,
16,20.12.2025,Roma,Trasferta,Juventus,1-2,P,Totale,1.44,59,14,5,1,4,505,575,88,3,,1.85,5,4,9,5,0,30,0,0,14,14,37,38,168,210,80,2,13,15,1.47,23,13,16,20,80,53,23,8,0,0,7,2.55,0.55,
16,20.12.2025,Juventus,Casa,Roma,2-1,V,1° tempo,0.89,45,6,4,2,1,184,224,82,1,,0.73,1,1,4,2,0,12,1,1,5,6,22,27,41,56,73,0,2,0,0.77,16,5,10,16,63,33,8,2,0,0,2,0.32,0.32,
16,20.12.2025,Roma,Trasferta,Juventus,1-2,P,1° tempo,0.49,55,8,2,0,1,235,273,86,1,,0.32,3,3,6,2,0,16,0,0,5,7,21,33,74,92,80,0,2,0,0.73,11,5,9,12,75,26,8,3,0,0,3,0.73,-0.27,
16,20.12.2025,Juventus,Casa,Roma,2-1,V,2° tempo,1.65,36,7,5,4,1,137,174,79,1,,1.82,2,0,5,2,1,16,1,1,8,6,18,33,53,69,77,1,5,20,1.63,13,9,6,9,67,28,12,3,1,1,2,1.53,0.53,
16,20.12.2025,Roma,Trasferta,Juventus,1-2,P,2° tempo,0.95,64,6,3,1,3,270,302,89,2,,1.53,2,1,3,3,0,14,0,0,9,7,16,44,94,118,80,2,11,18,0.74,12,8,7,8,88,27,15,5,0,0,4,1.82,0.82,
16,20.12.2025,Lazio,Casa,Cremonese,0-0,N,Totale,0.41,57,8,2,0,3,478,554,86,4,0,0.05,5,1,4,4,0,11,1,0,21,15,34,44,72,107,67,4,18,22,0.39,14,13,9,12,75,50,12,5,2,0,2,0.07,0.07,
16,20.12.2025,Cremonese,Trasferta,Lazio,0-0,N,Totale,0.68,43,9,2,1,0,334,412,81,3,1,0.07,4,3,1,8,0,4,0,2,13,20,52,38,21,54,39,2,8,25,0.44,21,21,5,8,63,31,18,3,0,0,2,0.05,0.05,
16,20.12.2025,Lazio,Casa,Cremonese,0-0,N,1° tempo,0.02,58,2,0,0,2,265,307,86,1,,0,1,1,0,2,0,2,0,0,12,5,18,28,33,49,67,0,6,0,0.13,8,6,4,6,67,24,5,4,2,0,0,0,0,
16,20.12.2025,Cremonese,Trasferta,Lazio,0-0,N,1° tempo,0.03,42,2,0,0,0,187,228,82,1,,0,2,0,0,2,0,2,0,1,6,10,27,37,9,31,29,1,1,100,0.07,9,12,3,5,60,21,8,1,0,0,0,0,0,
16,20.12.2025,Lazio,Casa,Cremonese,0-0,N,2° tempo,0.39,57,6,2,0,1,213,247,86,3,0,0.05,4,0,4,2,0,9,1,0,9,10,16,63,39,58,67,4,12,33,0.26,6,7,5,6,83,26,7,1,0,0,2,0.07,0.07,
16,20.12.2025,Cremonese,Trasferta,Lazio,0-0,N,2° tempo,0.65,43,7,2,1,0,147,184,80,2,1,0.07,2,3,1,6,0,2,0,1,7,10,25,40,12,23,52,1,7,14,0.37,12,9,2,3,67,10,10,2,0,0,2,0.05,0.05,
16,14.01.2026,Napoli,Casa,Parma,0-0,N,Totale,1.37,69,16,4,1,7,639,712,90,1,,1.07,5,7,13,3,0,45,2,1,12,11,28,39,222,265,84,12,43,28,1.7,20,11,8,11,73,47,8,6,0,0,1,0.05,0.05,
16,14.01.2026,Parma,Trasferta,Napoli,0-0,N,Totale,0.18,31,4,1,0,1,246,326,75,3,,0.05,0,3,1,3,0,4,1,0,11,17,69,25,34,50,68,0,4,0,0.19,9,12,6,10,60,35,44,7,0,0,4,1.07,1.07,
16,14.01.2026,Napoli,Casa,Parma,0-0,N,1° tempo,0.86,64,6,2,1,2,298,329,91,,,0.69,3,1,6,0,0,16,1,1,6,6,10,60,95,106,90,5,22,23,0.97,11,3,3,5,60,22,3,3,0,0,1,0.05,0.05,
16,14.01.2026,Parma,Trasferta,Napoli,0-0,N,1° tempo,0.18,36,4,1,0,1,161,198,81,,,0.05,0,3,1,3,0,3,1,0,3,10,30,33,25,32,78,0,2,0,0.16,4,6,2,2,100,17,23,3,0,0,2,0.69,0.69,
16,14.01.2026,Napoli,Casa,Parma,0-0,N,2° tempo,0.51,75,10,2,0,5,341,383,89,1,,0.38,2,6,7,3,0,29,1,0,6,5,18,28,127,159,80,7,21,33,0.73,9,8,5,6,83,25,5,3,0,0,0,0,0,
16,14.01.2026,Parma,Trasferta,Napoli,0-0,N,2° tempo,0,25,0,0,0,0,85,128,66,3,,0,0,0,0,0,0,1,0,0,8,7,39,18,9,18,50,0,2,0,0.03,5,6,4,8,50,18,21,4,0,0,2,0.38,0.38,
16,21.12.2025,Sassuolo,Casa,Torino,0-1,P,Totale,0.43,53,7,1,1,2,376,462,81,3,,0.02,5,1,5,2,0,18,0,3,17,27,62,44,69,112,62,2,10,20,0.7,22,15,4,6,67,40,21,9,1,0,4,1.89,0.89,
16,21.12.2025,Torino,Trasferta,Sassuolo,1-0,V,Totale,1.72,47,10,5,4,3,306,398,77,1,,1.89,4,1,6,4,0,11,0,0,15,18,65,28,46,84,55,3,18,17,0.25,19,17,16,22,73,63,37,8,0,0,1,0.02,0.02,
16,21.12.2025,Sassuolo,Casa,Torino,0-1,P,1° tempo,0.02,51,1,0,0,0,202,244,83,2,,0,1,0,1,0,0,7,0,1,10,12,31,39,21,40,53,0,2,0,0.26,12,8,2,2,100,19,10,6,1,0,0,0,0,
16,21.12.2025,Torino,Trasferta,Sassuolo,1-0,V,1° tempo,0.23,49,3,0,1,0,176,221,80,0,,0,2,1,2,1,0,6,0,0,8,12,28,43,26,45,58,2,10,20,0.13,13,10,6,10,60,27,5,6,0,0,0,0,0,
16,21.12.2025,Sassuolo,Casa,Torino,0-1,P,2° tempo,0.41,55,6,1,1,2,174,218,80,1,,0.02,4,1,4,2,0,11,0,2,7,15,31,48,48,72,67,2,8,25,0.44,10,7,2,4,50,21,11,3,0,0,4,1.89,0.89,
16,21.12.2025,Torino,Trasferta,Sassuolo,1-0,V,2° tempo,1.49,45,7,5,3,3,130,177,73,1,,1.89,2,0,4,3,0,5,0,0,7,6,37,16,20,39,51,1,8,13,0.12,6,7,10,12,83,36,32,2,0,0,1,0.02,0.02,
16,15.01.2026,Verona,Casa,Bologna,2-3,P,Totale,1.2,39,15,5,4,4,253,342,74,1,,0.69,4,6,10,5,0,20,0,5,14,16,59,27,46,77,60,4,15,27,0.48,13,13,9,18,50,72,32,7,0,0,2,1.36,-1.64,
16,15.01.2026,Bologna,Trasferta,Verona,3-2,V,Totale,0.79,61,14,5,0,5,436,532,82,2,,1.36,7,2,6,8,0,23,0,2,13,40,76,53,68,101,67,5,20,25,0.63,25,14,5,10,50,54,16,5,0,0,3,0.69,-0.31,
16,15.01.2026,Verona,Casa,Bologna,2-3,P,1° tempo,0.62,39,8,2,2,1,138,179,77,1,,0.33,2,4,3,5,0,10,0,2,4,10,27,37,36,52,69,2,7,29,0.34,5,5,2,8,25,26,10,6,0,0,1,1.27,-1.73,
16,15.01.2026,Bologna,Trasferta,Verona,3-2,V,1° tempo,0.47,61,8,4,0,3,242,284,85,1,,1.27,3,1,5,3,0,14,0,0,5,18,33,55,32,44,73,5,10,50,0.33,9,4,2,6,33,23,8,3,0,0,1,0.33,-0.67,
16,15.01.2026,Verona,Casa,Bologna,2-3,P,2° tempo,0.58,40,7,3,2,3,115,163,71,0,,0.36,2,2,7,0,0,10,0,3,10,6,32,19,10,25,40,2,8,25,0.14,8,8,7,10,70,46,22,1,0,0,1,0.09,0.09,
16,15.01.2026,Bologna,Trasferta,Verona,3-2,V,2° tempo,0.32,60,6,1,0,2,194,248,78,1,,0.09,4,1,1,5,0,9,0,2,8,22,43,51,36,57,63,0,10,0,0.3,16,10,3,4,75,31,8,2,0,0,2,0.36,0.36,
17,28.12.2025,Atalanta,Casa,Inter,0-1,P,Totale,0.78,45,7,0,3,4,358,426,84,2,,0,4,3,3,4,0,14,0,3,12,44,65,68,84,109,77,4,18,22,0.89,13,8,7,12,58,37,26,11,1,1,3,0.88,-0.12,
17,28.12.2025,Inter,Trasferta,Atalanta,1-0,V,Totale,1.16,55,15,4,3,7,461,528,87,1,,0.88,7,4,11,4,0,27,1,2,8,24,48,50,102,142,72,4,14,29,0.78,17,12,9,17,53,40,23,6,0,0,0,0,0,
17,28.12.2025,Atalanta,Casa,Inter,0-1,P,1° tempo,0.1,36,4,0,1,0,159,187,85,1,,0,2,2,1,3,0,1,0,0,5,18,28,64,37,46,80,0,5,0,0.07,5,2,3,5,60,18,14,7,0,0,2,0.35,0.35,
17,28.12.2025,Inter,Trasferta,Atalanta,1-0,V,1° tempo,0.44,64,9,2,0,5,308,342,90,0,,0.35,4,3,6,3,0,17,1,2,2,17,26,65,68,91,75,3,8,38,0.48,7,5,6,10,60,18,5,3,0,0,0,0,0,
17,28.12.2025,Atalanta,Casa,Inter,0-1,P,2° tempo,0.68,57,3,0,2,4,199,239,83,1,,0,2,1,2,1,0,13,0,3,7,26,37,70,47,63,75,4,13,31,0.82,8,6,4,7,57,19,12,4,1,1,1,0.53,-0.47,
17,28.12.2025,Inter,Trasferta,Atalanta,1-0,V,2° tempo,0.72,43,6,2,3,2,153,186,82,1,,0.53,3,1,5,1,0,10,0,0,6,7,22,32,34,51,67,1,6,17,0.3,10,7,3,7,43,22,18,3,0,0,0,0,0,
17,28.12.2025,Bologna,Casa,Sassuolo,1-1,N,Totale,0.89,58,16,6,2,2,384,455,84,2,,1.01,8,2,8,8,0,23,1,2,19,28,60,47,103,143,72,7,29,24,1.13,18,18,11,16,69,52,14,10,2,0,4,2.33,1.33,0
17,28.12.2025,Sassuolo,Trasferta,Bologna,1-1,N,Totale,1.62,42,8,5,4,3,254,336,76,3,,2.33,3,0,7,1,1,13,2,3,18,24,66,36,29,63,46,2,7,29,0.74,19,19,12,14,86,53,34,9,1,0,4,1.01,0.01,1
17,28.12.2025,Bologna,Casa,Sassuolo,1-1,N,1° tempo,0.35,56,7,2,0,1,185,220,84,1,,0.01,4,1,4,3,0,11,1,1,8,10,28,36,52,72,72,2,10,20,0.17,8,8,8,10,80,27,7,1,1,0,2,1.02,1.02,
17,28.12.2025,Sassuolo,Trasferta,Bologna,1-1,N,1° tempo,0.49,44,4,2,1,2,146,186,78,1,,1.02,2,0,3,1,1,7,2,1,8,17,36,47,15,38,39,0,1,0,0.38,11,8,7,8,88,24,13,5,0,0,1,0.01,0.01,
17,28.12.2025,Bologna,Casa,Sassuolo,1-1,N,2° tempo,0.54,61,9,4,2,1,199,235,85,1,,1,4,1,4,5,0,12,0,1,11,18,32,56,51,71,72,5,19,26,0.96,10,10,3,6,50,25,7,9,1,0,2,1.31,0.31,0
17,28.12.2025,Sassuolo,Trasferta,Bologna,1-1,N,2° tempo,1.13,39,4,3,3,1,108,150,72,2,,1.31,1,0,4,0,0,6,0,2,10,7,30,23,14,25,56,2,6,33,0.36,8,11,5,6,83,29,21,4,1,0,3,1,0,1
17,28.12.2025,Cremonese,Casa,Napoli,0-2,P,Totale,0.45,47,6,2,0,1,326,409,80,2,,0.06,3,1,3,3,0,10,0,3,8,27,65,42,69,104,66,3,19,16,0.35,15,13,10,13,77,34,14,11,0,0,6,2,0,
17,28.12.2025,Napoli,Trasferta,Cremonese,2-0,V,Totale,2.54,53,22,8,3,10,390,463,84,2,,2,9,5,12,10,0,30,0,2,13,22,45,49,114,148,77,5,17,29,1.22,21,8,4,10,40,42,22,6,0,0,2,0.06,0.06,
17,28.12.2025,Cremonese,Casa,Napoli,0-2,P,1° tempo,0.23,47,3,1,0,0,172,215,80,0,,0.02,1,1,2,1,0,6,0,0,3,13,31,42,29,44,66,2,9,22,0.14,6,6,3,5,60,16,9,5,0,0,0,1.48,-0.52,
17,28.12.2025,Napoli,Trasferta,Cremonese,2-0,V,1° tempo,1.4,53,8,2,2,5,208,247,84,2,,1.48,4,2,6,2,0,17,0,1,6,10,20,50,52,71,73,3,10,30,0.74,12,3,2,5,40,21,9,2,0,0,1,0.02,0.02,
17,28.12.2025,Cremonese,Casa,Napoli,0-2,P,2° tempo,0.22,48,3,1,0,1,154,194,79,2,,0.04,2,0,1,2,0,4,0,3,5,14,34,41,40,60,67,1,10,10,0.21,9,7,7,8,88,18,5,6,0,0,6,0.52,0.52,
17,28.12.2025,Napoli,Trasferta,Cremonese,2-0,V,2° tempo,1.14,52,14,6,1,5,182,216,84,0,,0.52,5,3,6,8,0,13,0,1,7,12,25,48,62,77,81,2,7,29,0.48,9,5,2,5,40,21,13,4,0,0,1,0.04,0.04,
17,27.12.2025,Lecce,Casa,Como,0-3,P,Totale,0.77,38,11,5,2,4,207,281,74,2,,1.07,4,2,6,5,0,22,0,2,24,19,48,40,57,89,64,4,20,20,0.39,14,10,11,20,55,61,27,15,0,1,3,2.55,-0.45,0
17,27.12.2025,Como,Trasferta,Lecce,3-0,V,Totale,1.62,62,12,6,4,6,395,462,85,4,,2.55,3,3,9,3,0,27,1,2,10,13,28,46,52,83,63,4,18,22,1.74,20,24,6,9,67,38,26,9,0,0,5,1.07,1.07,1
17,27.12.2025,Lecce,Casa,Como,0-3,P,1° tempo,0.17,33,2,1,0,0,78,124,63,1,,0.05,0,1,1,1,0,12,0,1,11,9,30,30,12,29,41,2,7,29,0.13,7,4,6,12,50,32,15,10,0,1,2,1.01,0.01,
17,27.12.2025,Como,Trasferta,Lecce,3-0,V,1° tempo,0.59,67,8,3,1,2,220,257,86,1,,1.01,3,2,6,2,0,16,0,1,4,4,11,36,27,43,63,3,11,27,0.3,11,11,4,5,80,21,7,4,0,0,1,0.05,0.05,
17,27.12.2025,Lecce,Casa,Como,0-3,P,2° tempo,0.6,44,9,4,2,4,129,157,82,1,,1.02,4,1,5,4,0,10,0,1,13,10,18,56,45,60,75,2,13,15,0.26,7,6,5,8,63,29,12,5,0,0,1,1.54,-0.46,0
17,27.12.2025,Como,Trasferta,Lecce,3-0,V,2° tempo,1.03,56,4,3,3,4,175,205,85,3,,1.54,0,1,3,1,0,11,1,1,6,9,17,53,25,40,63,1,7,14,1.44,9,13,2,4,50,17,19,5,0,0,4,1.02,1.02,1
17,28.12.2025,Milan,Casa,Verona,3-0,V,Totale,2.43,52,11,5,4,7,359,426,84,0,,2.93,5,1,7,4,1,21,0,1,15,16,37,43,72,106,68,4,15,27,0.53,21,5,8,15,53,50,17,10,0,0,1,0.04,0.04,
17,28.12.2025,Verona,Trasferta,Milan,0-3,P,Totale,0.39,48,9,1,0,3,329,393,84,1,,0.04,4,4,3,6,0,13,0,1,5,22,42,52,71,102,70,5,17,29,0.3,19,15,12,18,67,35,26,9,0,0,2,2.93,-0.07,
17,28.12.2025,Milan,Casa,Verona,3-0,V,1° tempo,0.46,61,5,1,1,5,202,235,86,0,,0.83,3,1,3,2,0,9,0,0,10,9,17,53,32,50,64,2,10,20,0.19,15,4,4,8,50,33,10,6,0,0,0,0,0,
17,28.12.2025,Verona,Trasferta,Milan,0-3,P,1° tempo,0.06,39,3,0,0,0,122,154,79,1,,0,1,2,0,3,0,6,0,0,4,15,27,56,17,36,47,2,4,50,0.11,13,10,6,9,67,17,18,5,0,0,0,0.83,-0.17,
17,28.12.2025,Milan,Casa,Verona,3-0,V,2° tempo,1.97,44,6,4,3,2,157,191,82,,,2.1,2,0,4,2,1,12,0,1,5,7,20,35,40,56,71,2,5,40,0.34,6,1,4,7,57,17,7,4,0,0,1,0.04,0.04,
17,28.12.2025,Verona,Trasferta,Milan,0-3,P,2° tempo,0.33,56,6,1,0,3,207,239,87,,,0.04,3,2,3,3,0,7,0,1,1,7,15,47,54,66,82,3,13,23,0.19,6,5,6,9,67,18,8,4,0,0,2,2.1,0.1,
17,27.12.2025,Parma,Casa,Fiorentina,1-0,V,Totale,0.95,42,13,2,2,5,261,326,80,2,,0.85,8,3,9,4,0,24,0,0,15,34,64,53,76,102,75,5,21,24,0.33,18,10,8,16,50,50,31,7,0,0,4,1.14,1.14,1
17,27.12.2025,Fiorentina,Trasferta,Parma,0-1,P,Totale,1.23,58,23,4,1,6,392,452,87,2,,1.14,12,7,14,9,0,37,0,3,10,25,51,49,113,145,78,9,35,26,1.08,21,15,15,17,88,49,19,9,1,0,1,0.85,-0.15,0
17,27.12.2025,Parma,Casa,Fiorentina,1-0,V,1° tempo,0.48,47,8,1,1,4,158,190,83,1,,0.05,4,3,5,3,0,16,0,0,7,14,26,54,39,53,74,4,12,33,0.22,12,5,4,9,44,24,8,4,0,0,1,0.5,0.5,
17,27.12.2025,Fiorentina,Trasferta,Parma,0-1,P,1° tempo,0.28,53,7,1,0,1,194,220,88,1,,0.5,3,3,4,3,0,14,0,0,5,13,26,50,48,60,80,2,6,33,0.4,9,7,6,6,100,25,13,5,0,0,1,0.05,0.05,
17,27.12.2025,Parma,Casa,Fiorentina,1-0,V,2° tempo,0.47,36,5,1,1,1,103,136,76,1,,0.8,4,0,4,1,0,8,0,0,8,20,38,53,37,49,76,1,9,11,0.11,6,5,4,7,57,26,23,3,0,0,3,0.64,0.64,1
17,27.12.2025,Fiorentina,Trasferta,Parma,0-1,P,2° tempo,0.95,64,16,3,1,5,198,232,85,1,,0.64,9,4,10,6,0,23,0,3,5,12,25,48,65,85,76,7,29,24,0.68,12,8,9,11,82,24,6,4,1,0,0,0.8,-0.2,0
17,27.12.2025,Pisa,Casa,Juventus,0-2,P,Totale,0.65,41,8,0,1,2,257,337,76,4,,0,6,2,6,2,2,18,0,1,12,27,61,44,68,108,63,4,19,21,0.57,23,10,9,12,75,47,35,13,1,0,5,2.15,0.15,
17,27.12.2025,Juventus,Trasferta,Pisa,2-0,V,Totale,1.74,59,15,7,1,8,418,502,83,1,,2.15,4,4,8,7,1,45,0,1,10,24,47,51,140,180,78,2,22,9,1.56,25,12,12,17,71,53,27,5,0,0,0,0,0,
17,27.12.2025,Pisa,Casa,Juventus,0-2,P,1° tempo,0.22,41,4,0,0,1,143,188,76,1,,0,3,1,3,1,1,8,0,0,7,19,39,49,22,43,51,1,6,17,0.16,12,6,5,6,83,26,18,6,1,0,2,0.29,0.29,
17,27.12.2025,Juventus,Trasferta,Pisa,2-0,V,1° tempo,0.39,59,6,2,0,4,225,270,83,0,,0.29,2,2,4,2,0,20,0,1,6,14,27,52,64,85,75,2,13,15,0.48,12,7,5,6,83,24,10,3,0,0,0,0,0,
17,27.12.2025,Pisa,Casa,Juventus,0-2,P,2° tempo,0.43,40,4,0,1,1,114,149,77,3,,0,3,1,3,1,1,10,0,1,5,8,22,36,46,65,71,3,13,23,0.41,11,4,4,6,67,21,17,7,0,0,3,1.86,-0.14,
17,27.12.2025,Juventus,Trasferta,Pisa,2-0,V,2° tempo,1.35,60,9,5,1,4,193,232,83,1,,1.86,2,2,4,5,1,25,0,0,4,10,20,50,76,95,80,0,9,0,1.08,13,5,7,11,64,29,17,2,0,0,0,0,0,
17,29.12.2025,Roma,Casa,Genoa,3-1,V,Totale,1.37,61,16,8,3,6,476,563,85,0,,2.35,3,5,14,2,1,40,0,1,13,21,56,38,131,172,76,2,12,17,0.97,20,13,17,21,81,54,21,14,1,0,1,1.04,0.04,
17,29.12.2025,Genoa,Trasferta,Roma,1-3,P,Totale,0.71,39,10,2,1,1,282,371,76,1,,1.04,5,3,8,2,0,15,1,3,13,15,59,25,53,92,58,3,7,43,0.87,27,13,19,22,86,56,19,14,0,2,5,2.35,-0.65,
17,29.12.2025,Roma,Casa,Genoa,3-1,V,1° tempo,1.15,58,8,6,3,2,227,270,84,,,1.77,1,1,8,0,1,18,0,1,7,9,24,38,55,78,71,0,5,0,0.53,10,8,7,9,78,27,8,8,1,0,1,0.52,0.52,
17,29.12.2025,Genoa,Trasferta,Roma,1-3,P,1° tempo,0.4,42,4,1,1,0,155,202,77,,,0.52,2,1,3,1,0,4,0,1,8,7,34,21,16,33,48,1,3,33,0.47,11,7,10,12,83,24,7,5,0,2,3,1.77,-1.23,
17,29.12.2025,Roma,Casa,Genoa,3-1,V,2° tempo,0.22,64,8,2,0,4,249,293,85,0,,0.58,2,4,6,2,0,22,0,0,6,12,32,38,76,94,81,2,7,29,0.44,10,5,10,12,83,27,13,6,0,0,0,0.52,-0.48,
17,29.12.2025,Genoa,Trasferta,Roma,1-3,P,2° tempo,0.31,36,6,1,0,1,127,169,75,1,,0.52,3,2,5,1,0,11,1,2,5,8,25,32,37,59,63,2,4,50,0.4,16,6,9,10,90,32,12,9,0,0,2,0.58,0.58,
17,27.12.2025,Torino,Casa,Cagliari,1-2,P,Totale,1.6,56,19,10,5,6,380,467,81,3,,3.57,4,5,11,8,0,35,0,1,13,27,54,50,95,139,68,9,29,31,0.91,24,14,6,10,60,44,10,10,0,0,2,1.91,-0.09,
17,27.12.2025,Cagliari,Trasferta,Torino,2-1,V,Totale,0.77,44,9,4,2,2,299,386,77,0,,1.91,3,2,4,5,0,11,1,0,14,22,53,42,40,79,51,2,5,40,0.3,12,13,9,12,75,36,35,14,1,0,9,3.57,2.57,
17,27.12.2025,Torino,Casa,Cagliari,1-2,P,1° tempo,0.78,55,4,2,2,2,200,245,82,1,,1.37,1,1,4,0,0,14,0,1,7,16,31,52,35,56,63,3,9,33,0.38,8,7,3,4,75,15,6,5,0,0,2,1.05,0.05,
17,27.12.2025,Cagliari,Trasferta,Torino,2-1,V,1° tempo,0.46,45,7,3,2,2,168,205,82,0,,1.05,2,2,3,4,0,7,1,0,7,10,22,45,18,40,45,2,4,50,0.17,4,7,3,5,60,15,16,8,0,0,1,1.37,0.37,
17,27.12.2025,Torino,Casa,Cagliari,1-2,P,2° tempo,0.82,57,15,8,3,4,180,222,81,2,,2.2,3,4,7,8,0,21,0,0,6,11,23,48,60,83,72,6,20,30,0.53,16,7,3,6,50,29,4,5,0,0,0,0.86,-0.14,
17,27.12.2025,Cagliari,Trasferta,Torino,2-1,V,2° tempo,0.31,43,2,1,0,0,131,181,72,0,,0.86,1,0,1,1,0,4,0,0,7,12,31,39,22,39,56,0,1,0,0.13,8,6,6,7,86,21,19,6,1,0,8,2.2,2.2,
17,27.12.2025,Udinese,Casa,Lazio,1-1,N,Totale,0.87,46,15,4,0,5,300,367,82,3,,1.2,7,4,8,7,0,23,0,0,14,13,38,34,67,101,66,5,23,22,0.69,13,19,10,14,71,45,24,1,0,0,1,0.13,0.13,
17,27.12.2025,Lazio,Trasferta,Udinese,1-1,N,Totale,0.71,54,14,1,1,6,379,432,88,4,,0.13,5,8,5,9,1,16,0,3,19,31,48,65,58,75,77,2,20,10,0.35,12,14,5,11,45,50,27,9,1,0,3,1.2,0.2,
17,27.12.2025,Udinese,Casa,Lazio,1-1,N,1° tempo,0.5,45,7,1,0,3,156,190,82,1,,0.24,5,1,5,2,0,13,0,0,7,9,19,47,39,60,65,3,13,23,0.49,6,11,5,8,63,23,14,1,0,0,0,0,0,
17,27.12.2025,Lazio,Trasferta,Udinese,1-1,N,1° tempo,0.42,55,9,0,0,4,210,235,89,2,,0,3,6,4,5,1,10,0,2,11,21,27,78,35,40,88,2,15,13,0.24,5,7,2,4,50,23,11,6,0,0,1,0.24,0.24,
17,27.12.2025,Udinese,Casa,Lazio,1-1,N,2° tempo,0.37,48,8,3,0,2,144,177,81,2,,0.96,2,3,3,5,0,10,0,0,7,4,19,21,28,41,68,2,10,20,0.2,7,8,5,6,83,22,10,0,0,0,1,0.13,0.13,
17,27.12.2025,Lazio,Trasferta,Udinese,1-1,N,2° tempo,0.29,52,5,1,1,2,169,197,86,2,,0.13,2,2,1,4,0,6,0,1,8,10,21,48,23,35,66,0,5,0,0.11,7,7,3,7,43,27,16,3,1,0,2,0.96,-0.04,
18,03.01.2026,Atalanta,Casa,Roma,1-0,V,Totale,1.88,45,13,2,3,7,296,384,77,1,,1,3,8,8,5,0,24,1,2,15,25,52,48,95,141,67,1,13,8,0.66,22,16,16,28,57,69,29,8,1,0,3,0.5,0.5,
18,03.01.2026,Roma,Trasferta,Atalanta,0-1,P,Totale,0.78,55,10,4,1,5,376,462,81,2,,0.5,3,3,7,3,0,27,0,1,16,29,59,49,83,119,70,2,15,13,0.89,14,15,13,20,65,55,26,7,0,1,1,1,0,
18,03.01.2026,Atalanta,Casa,Roma,1-0,V,1° tempo,1.34,51,8,1,2,3,165,209,79,1,,0.92,2,5,5,3,0,17,0,2,9,12,25,48,49,72,68,0,6,0,0.23,10,6,8,14,57,33,16,2,1,0,1,0.06,0.06,
18,03.01.2026,Roma,Trasferta,Atalanta,0-1,P,1° tempo,0.21,49,4,2,0,1,157,199,79,2,,0.06,1,1,1,3,0,9,0,1,6,15,33,45,29,50,58,0,6,0,0.24,8,9,8,12,67,26,14,3,0,1,0,0.92,-0.08,
18,03.01.2026,Atalanta,Casa,Roma,1-0,V,2° tempo,0.54,40,5,1,1,4,131,175,75,,,0.08,1,3,3,2,0,7,1,0,6,13,27,48,46,69,67,1,7,14,0.43,12,10,8,14,57,36,13,6,0,0,2,0.44,0.44,
18,03.01.2026,Roma,Trasferta,Atalanta,0-1,P,2° tempo,0.57,60,6,2,1,4,219,263,83,,,0.44,2,2,6,0,0,18,0,0,10,14,26,54,54,69,78,2,9,22,0.65,6,6,5,8,63,29,12,4,0,0,1,0.08,0.08,
18,02.01.2026,Cagliari,Casa,Milan,0-1,P,Totale,0.37,46,6,1,0,6,389,447,87,2,,0.02,4,1,4,2,0,14,0,0,8,21,46,46,54,82,66,2,19,11,0.26,14,10,17,22,77,44,20,5,0,0,3,1.34,0.34,
18,02.01.2026,Milan,Trasferta,Cagliari,1-0,V,Totale,0.7,54,11,4,1,7,470,538,87,1,,1.34,4,3,7,4,0,28,0,2,10,30,54,56,102,144,71,6,13,46,0.81,23,8,6,14,43,51,26,9,1,0,1,0.02,0.02,
18,02.01.2026,Cagliari,Casa,Milan,0-1,P,1° tempo,0.3,47,5,1,0,5,220,255,86,,,0.02,4,0,3,2,0,9,0,0,3,9,25,36,33,53,62,0,13,0,0.16,7,3,10,13,77,22,7,2,0,0,0,0,0,
18,02.01.2026,Milan,Trasferta,Cagliari,1-0,V,1° tempo,0.19,53,5,0,0,2,265,293,90,,,0,2,3,3,2,0,11,0,1,3,15,24,63,57,70,81,2,5,40,0.4,10,3,3,6,50,22,20,6,1,0,1,0.02,0.02,
18,02.01.2026,Cagliari,Casa,Milan,0-1,P,2° tempo,0.07,44,1,0,0,1,169,192,88,2,,0,0,1,1,0,0,5,0,0,5,12,21,57,21,29,72,2,6,33,0.1,7,7,7,9,78,22,13,3,0,0,3,1.34,0.34,
18,02.01.2026,Milan,Trasferta,Cagliari,1-0,V,2° tempo,0.51,56,6,4,1,5,205,245,84,1,,1.34,2,0,4,2,0,17,0,1,7,15,30,50,45,74,61,4,8,50,0.41,13,5,3,8,38,29,6,3,0,0,0,0,0,
18,03.01.2026,Como,Casa,Udinese,1-0,V,Totale,2.24,62,15,3,3,3,474,566,84,1,,1.3,7,5,11,4,1,39,1,0,15,18,51,35,123,172,72,2,15,13,1.3,18,12,17,26,65,54,15,8,1,0,0,0,0,
18,03.01.2026,Udinese,Trasferta,Como,0-1,P,Totale,0.61,38,3,0,1,2,263,346,76,3,,0,3,0,2,1,0,9,0,3,12,19,55,35,27,59,46,3,9,33,0.2,19,15,12,14,86,47,30,13,1,0,2,1.3,0.3,
18,03.01.2026,Como,Casa,Udinese,1-0,V,1° tempo,1.53,72,10,3,2,1,319,358,89,0,,1.3,4,3,7,3,0,25,1,0,6,8,21,38,79,108,73,2,11,18,1.13,10,6,8,11,73,24,2,3,1,0,0,0,0,
18,03.01.2026,Udinese,Trasferta,Como,0-1,P,1° tempo,0.09,28,2,0,0,1,99,140,71,1,,0,2,0,1,1,0,3,0,0,6,7,27,26,4,14,29,2,2,100,0.07,7,6,5,6,83,20,18,8,1,0,2,1.3,0.3,
18,03.01.2026,Como,Casa,Udinese,1-0,V,2° tempo,0.71,50,5,0,1,2,155,208,75,1,,0,3,2,4,1,1,14,0,0,9,10,30,33,44,64,69,0,4,0,0.17,8,6,9,15,60,30,13,5,0,0,0,0,0,
18,03.01.2026,Udinese,Trasferta,Como,0-1,P,2° tempo,0.52,50,1,0,1,1,164,206,80,2,,0,1,0,1,0,0,6,0,3,6,12,28,43,23,45,51,1,7,14,0.13,12,9,7,8,88,27,12,5,0,0,0,0,0,
18,04.01.2026,Fiorentina,Casa,Cremonese,1-0,V,Totale,2.05,65,22,8,2,7,442,518,85,1,,1.84,4,10,13,9,1,43,1,0,19,19,42,45,144,185,78,2,36,6,1.18,28,10,3,9,33,41,18,8,0,0,2,0.95,0.95,
18,04.01.2026,Cremonese,Trasferta,Fiorentina,0-1,P,Totale,0.73,35,6,2,1,3,201,283,71,2,,0.95,3,1,3,3,0,9,0,1,10,17,51,33,19,51,37,3,10,30,0.45,15,19,2,8,25,31,48,10,1,0,7,1.84,0.84,
18,04.01.2026,Fiorentina,Casa,Cremonese,1-0,V,1° tempo,0.6,61,12,4,1,2,213,243,88,1,,0.38,2,6,6,6,1,20,0,0,8,8,18,44,71,88,81,0,16,0,0.66,15,7,1,4,25,17,3,3,0,0,0,0,0,
18,04.01.2026,Cremonese,Trasferta,Fiorentina,0-1,P,1° tempo,0.05,39,2,0,0,2,118,155,76,2,,0,2,0,0,2,0,0,0,1,7,13,28,46,7,16,44,1,3,33,0.03,6,8,2,5,40,16,20,4,1,0,4,0.38,0.38,
18,04.01.2026,Fiorentina,Casa,Cremonese,1-0,V,2° tempo,1.45,68,10,4,1,5,229,275,83,,,1.46,2,4,7,3,0,23,1,0,11,11,24,46,73,97,75,2,20,10,0.52,13,3,2,5,40,24,15,5,0,0,2,0.95,0.95,
18,04.01.2026,Cremonese,Trasferta,Fiorentina,0-1,P,2° tempo,0.68,32,4,2,1,1,83,128,65,,,0.95,1,1,3,1,0,9,0,0,3,4,23,17,12,35,34,2,7,29,0.42,9,11,0,3,0,15,28,6,0,0,3,1.46,0.46,
18,03.01.2026,Genoa,Casa,Pisa,1-1,N,Totale,0.55,62,12,4,0,2,356,439,81,1,,2.07,5,3,8,4,0,17,0,4,17,24,52,46,86,120,72,7,19,37,0.8,24,9,10,15,67,74,42,6,0,1,1,0.46,-0.54,
18,03.01.2026,Pisa,Trasferta,Genoa,1-1,N,Totale,0.62,38,10,2,3,7,177,259,68,3,,0.46,4,4,6,4,1,21,0,1,9,32,73,44,62,111,56,5,18,28,0.67,16,17,16,22,73,63,37,12,0,0,3,2.07,1.07,
18,03.01.2026,Genoa,Casa,Pisa,1-1,N,1° tempo,0.45,58,7,3,0,2,162,207,78,1,,1.65,3,1,4,3,0,4,0,0,6,12,21,57,51,70,73,2,8,25,0.21,17,4,5,7,71,32,28,2,0,1,1,0.46,-0.54,
18,03.01.2026,Pisa,Trasferta,Genoa,1-1,N,1° tempo,0.34,42,5,2,2,4,99,137,72,1,,0.46,3,0,3,2,1,8,0,0,4,13,33,39,29,52,56,3,15,20,0.3,10,6,6,8,75,28,19,6,0,0,2,1.65,0.65,
18,03.01.2026,Genoa,Casa,Pisa,1-1,N,2° tempo,0.1,66,5,1,0,0,194,232,84,0,,0.42,2,2,4,1,0,13,0,4,11,12,31,39,35,50,70,5,11,45,0.59,7,5,5,8,63,42,14,4,0,0,0,0,0,
18,03.01.2026,Pisa,Trasferta,Genoa,1-1,N,2° tempo,0.28,34,5,0,1,3,78,122,64,2,,0,1,4,3,2,0,13,0,1,5,19,40,48,33,59,56,2,3,67,0.37,6,11,10,14,71,35,18,6,0,0,1,0.42,0.42,
18,04.01.2026,Inter,Casa,Bologna,3-1,V,Totale,2.92,58,19,10,9,7,392,460,85,3,,3.06,5,4,15,4,1,30,1,3,21,20,41,49,68,99,69,5,20,25,1.22,19,20,10,17,59,56,9,6,1,0,1,0.28,-0.72,1
18,04.01.2026,Bologna,Trasferta,Inter,1-3,P,Totale,0.86,42,6,2,2,1,266,340,78,3,,0.28,3,1,4,2,0,10,0,0,20,29,69,42,31,55,56,3,9,33,0.39,18,21,9,21,43,53,34,9,1,0,7,3.06,0.06,0
18,04.01.2026,Inter,Casa,Bologna,3-1,V,1° tempo,0.78,60,8,6,2,1,215,251,86,2,,1.42,1,1,6,2,0,13,0,2,8,9,20,45,38,56,68,2,5,40,0.31,12,8,4,9,44,26,7,1,0,0,1,0.06,0.06,
18,04.01.2026,Bologna,Trasferta,Inter,1-3,P,1° tempo,0.15,40,3,1,1,0,127,166,77,0,,0.06,2,0,2,1,0,2,0,0,8,13,36,36,16,29,55,1,4,25,0.04,13,8,5,10,50,24,17,6,0,0,5,1.42,0.42,
18,04.01.2026,Inter,Casa,Bologna,3-1,V,2° tempo,2.14,55,11,4,7,6,177,209,85,1,,1.64,4,3,9,2,1,17,1,1,13,11,21,52,30,43,70,3,15,20,0.91,7,12,6,8,75,30,2,5,1,0,0,0.22,-0.78,1
18,04.01.2026,Bologna,Trasferta,Inter,1-3,P,2° tempo,0.71,45,3,1,1,1,139,174,80,3,,0.22,1,1,2,1,0,8,0,0,12,16,33,48,15,26,58,2,5,40,0.35,5,13,4,11,36,29,17,3,1,0,2,1.64,-0.36,0
18,03.01.2026,Juventus,Casa,Lecce,1-1,N,Totale,2.77,72,25,5,6,10,600,675,89,0,,1.46,8,12,16,9,2,64,3,4,7,17,28,61,216,263,82,9,37,24,1.86,32,6,10,20,50,54,4,3,0,1,0,0.75,-0.25,
18,03.01.2026,Lecce,Trasferta,Juventus,1-1,N,Totale,0.26,28,6,1,0,1,208,276,75,3,,0.75,3,2,1,5,0,6,0,0,6,14,47,30,43,64,67,0,5,0,0.07,14,7,15,30,50,49,60,7,2,0,4,1.46,0.46,
18,03.01.2026,Juventus,Casa,Lecce,1-1,N,1° tempo,0.95,67,12,2,2,8,300,342,88,,,0.23,4,6,9,3,1,44,0,1,1,10,14,71,117,146,80,6,16,38,0.95,17,3,7,14,50,33,2,2,0,1,0,0.75,-0.25,
18,03.01.2026,Lecce,Trasferta,Juventus,1-1,N,1° tempo,0.19,33,4,1,0,0,141,175,81,,,0.75,1,2,1,3,0,5,0,0,3,7,25,28,27,36,75,0,2,0,0.04,7,1,8,15,53,25,29,3,2,0,2,0.23,0.23,
18,03.01.2026,Juventus,Casa,Lecce,1-1,N,2° tempo,1.82,77,13,3,4,2,300,333,90,0,,1.23,4,6,7,6,1,20,3,3,6,7,14,50,99,117,85,3,21,14,0.91,15,3,3,6,50,21,2,1,0,0,0,0,0,
18,03.01.2026,Lecce,Trasferta,Juventus,1-1,N,2° tempo,0.07,23,2,0,0,1,67,101,66,3,,0,2,0,0,2,0,1,0,0,3,7,22,32,16,28,57,0,3,0,0.03,7,6,7,15,47,24,31,4,0,0,2,1.23,0.23,
18,04.01.2026,Lazio,Casa,Napoli,0-2,P,Totale,0.37,35,5,0,1,2,298,347,86,4,2,0,3,2,5,0,1,12,0,1,13,27,40,68,44,60,73,6,11,55,0.46,9,10,14,19,74,38,27,6,1,0,1,0.97,-1.03,0
18,04.01.2026,Napoli,Trasferta,Lazio,2-0,V,Totale,1.86,65,14,3,4,6,601,650,92,1,1,0.97,8,3,11,3,1,29,0,0,10,16,29,55,85,110,77,9,23,39,1.59,17,13,5,8,63,30,6,1,1,0,0,0,0,1
18,04.01.2026,Lazio,Casa,Napoli,0-2,P,1° tempo,0.04,32,1,0,0,1,137,166,83,1,,0,0,1,1,0,0,4,0,1,6,11,19,58,15,22,68,2,4,50,0.16,6,4,6,10,60,18,15,2,0,0,0,0.95,-1.05,0
18,04.01.2026,Napoli,Trasferta,Lazio,2-0,V,1° tempo,1.26,68,7,2,3,4,316,346,91,0,,0.95,3,2,6,1,1,14,0,0,4,10,20,50,42,59,71,7,14,50,1.23,10,6,2,3,67,13,3,1,1,0,0,0,0,1
18,04.01.2026,Lazio,Casa,Napoli,0-2,P,2° tempo,0.33,38,4,0,1,1,161,181,89,3,2,0,3,1,4,0,1,8,0,0,7,16,21,76,29,38,76,4,7,57,0.3,3,6,8,9,89,20,12,4,1,0,1,0.02,0.02,
18,04.01.2026,Napoli,Trasferta,Lazio,2-0,V,2° tempo,0.6,62,7,1,1,2,285,304,94,1,1,0.02,5,1,5,2,0,15,0,0,6,6,9,67,43,51,84,2,9,22,0.36,7,7,3,5,60,17,3,0,0,0,0,0,0,
18,03.01.2026,Sassuolo,Casa,Parma,1-1,N,Totale,0.86,53,11,3,1,4,446,503,89,2,,1.08,5,3,6,5,1,26,1,2,7,17,38,45,173,206,84,5,20,25,1.12,21,12,5,13,38,34,35,6,0,1,4,1.63,0.63,1
18,03.01.2026,Parma,Trasferta,Sassuolo,1-1,N,Totale,1.21,47,16,5,2,7,381,448,85,1,,1.63,4,7,8,8,0,20,2,0,12,22,46,48,86,120,72,4,22,18,0.62,17,7,12,21,57,50,23,11,0,0,2,1.08,0.08,0
18,03.01.2026,Sassuolo,Casa,Parma,1-1,N,1° tempo,0.43,49,7,3,0,2,228,253,90,,,1.08,2,2,3,4,0,12,1,1,5,11,19,58,69,84,82,2,8,25,0.49,7,3,2,4,50,12,16,2,0,1,1,0.85,-0.15,1
18,03.01.2026,Parma,Trasferta,Sassuolo,1-1,N,1° tempo,0.58,51,9,2,1,5,221,252,88,,,0.85,2,5,4,5,0,11,0,0,3,10,21,48,55,70,79,2,13,15,0.24,4,5,4,7,57,19,5,6,0,0,2,1.08,0.08,0
18,03.01.2026,Sassuolo,Casa,Parma,1-1,N,2° tempo,0.43,56,4,0,1,2,218,250,87,2,,0,3,1,3,1,1,14,0,1,2,6,19,32,104,122,85,3,12,25,0.63,14,9,3,9,33,22,19,4,0,0,3,0.78,0.78,
18,03.01.2026,Parma,Trasferta,Sassuolo,1-1,N,2° tempo,0.63,44,7,3,1,2,160,196,82,1,,0.78,2,2,4,3,0,9,2,0,9,12,25,48,31,50,62,2,9,22,0.38,13,2,8,14,57,31,18,5,0,0,0,0,0,
18,04.01.2026,Verona,Casa,Torino,0-3,P,Totale,0.13,48,7,3,0,4,298,397,75,0,,0.04,2,2,3,4,0,18,0,0,7,20,45,44,86,132,65,1,24,4,0.31,21,13,12,15,80,55,37,10,0,1,2,1.86,-1.14,
18,04.01.2026,Torino,Trasferta,Verona,3-0,V,Totale,1.54,52,21,5,2,7,343,444,77,2,,1.86,7,9,9,12,0,15,0,2,13,21,61,34,47,87,54,2,17,12,0.25,17,7,14,26,54,68,28,14,0,0,3,0.04,0.04,
18,04.01.2026,Verona,Casa,Torino,0-3,P,1° tempo,0.01,35,1,1,0,1,108,156,69,,,0.02,0,0,0,1,0,6,0,0,3,9,24,38,27,47,57,0,9,0,0.08,5,3,8,11,73,29,19,7,0,1,2,1,0,
18,04.01.2026,Torino,Trasferta,Verona,3-0,V,1° tempo,1.05,65,14,3,1,5,229,287,80,,,1,5,6,6,8,0,11,0,1,3,13,31,42,34,55,62,2,11,18,0.19,14,3,9,14,64,30,8,5,0,0,1,0.02,0.02,
18,04.01.2026,Verona,Casa,Torino,0-3,P,2° tempo,0.12,61,6,2,0,3,190,241,79,0,,0.02,2,2,3,3,0,12,0,0,4,11,21,52,59,85,69,1,15,7,0.23,16,10,4,4,100,26,18,3,0,0,0,0.86,-1.14,
18,04.01.2026,Torino,Trasferta,Verona,3-0,V,2° tempo,0.49,39,7,2,1,2,114,157,73,2,,0.86,2,3,3,4,0,4,0,1,10,8,30,27,13,32,41,0,6,0,0.06,3,4,5,12,42,38,20,9,0,0,2,0.02,0.02,
19,07.01.2026,Bologna,Casa,Atalanta,0-2,P,Totale,1.1,53,11,2,1,6,318,415,77,,,0.55,5,4,9,2,1,22,0,1,15,21,60,35,61,96,64,5,23,22,0.75,18,16,6,11,55,43,35,4,0,0,3,1.5,-0.5,
19,07.01.2026,Atalanta,Trasferta,Bologna,2-0,V,Totale,1.38,47,11,5,2,6,283,385,74,,,1.5,4,2,7,4,0,27,0,5,16,22,63,35,86,135,64,3,11,27,1.33,25,15,10,16,63,61,29,8,0,0,2,0.55,0.55,
19,07.01.2026,Bologna,Casa,Atalanta,0-2,P,1° tempo,0.54,46,4,0,1,0,142,184,77,,,0,3,1,3,1,1,9,0,0,9,9,28,32,26,40,65,3,6,50,0.51,10,5,4,6,67,22,21,3,0,0,1,1.13,0.13,
19,07.01.2026,Atalanta,Trasferta,Bologna,2-0,V,1° tempo,1.17,54,7,2,2,6,163,213,77,,,1.13,3,2,6,1,0,19,0,2,5,9,28,32,54,81,67,3,11,27,0.66,15,9,5,10,50,27,7,6,0,0,0,0,0,
19,07.01.2026,Bologna,Casa,Atalanta,0-2,P,2° tempo,0.56,59,7,2,0,6,176,231,76,,,0.55,2,3,6,1,0,13,0,1,6,12,32,38,35,56,63,2,17,12,0.24,8,11,2,5,40,21,14,1,0,0,2,0.37,-0.63,
19,07.01.2026,Atalanta,Trasferta,Bologna,2-0,V,2° tempo,0.21,41,4,3,0,0,120,172,70,,,0.37,1,0,1,3,0,8,0,3,11,13,35,37,32,54,59,0,0,0,0.67,10,6,5,6,83,34,22,2,0,0,2,0.55,0.55,
19,08.01.2026,Cremonese,Casa,Cagliari,2-2,N,Totale,1.81,44,12,5,4,2,326,405,80,2,,1.75,5,2,8,4,0,14,0,0,12,17,60,28,55,91,60,3,13,23,0.44,15,16,6,11,55,40,35,4,0,0,3,1.28,-0.72,
19,08.01.2026,Cagliari,Trasferta,Cremonese,2-2,N,Totale,1.8,56,21,5,2,4,453,517,88,2,,1.28,9,7,13,8,0,37,1,1,16,26,42,62,102,133,77,9,24,38,1.43,20,12,5,11,45,51,28,3,1,2,3,1.75,-0.25,
19,08.01.2026,Cremonese,Casa,Cagliari,2-2,N,1° tempo,0.82,46,4,3,2,1,194,229,85,1,,1.45,1,0,4,0,0,8,0,0,5,8,25,32,26,40,65,1,5,20,0.17,8,8,4,5,80,18,18,0,0,0,2,0.32,0.32,
19,08.01.2026,Cagliari,Trasferta,Cremonese,2-2,N,1° tempo,0.84,54,10,2,1,2,227,260,87,1,,0.32,3,5,5,5,0,21,0,0,8,8,14,57,61,83,73,3,12,25,0.65,11,5,3,6,50,27,7,1,0,2,1,1.45,-0.55,
19,08.01.2026,Cremonese,Casa,Cagliari,2-2,N,2° tempo,0.99,41,8,2,2,1,132,176,75,1,,0.3,4,2,4,4,0,6,0,0,7,9,35,26,29,51,57,2,8,25,0.27,7,8,2,6,33,22,17,4,0,0,1,0.96,-1.04,
19,08.01.2026,Cagliari,Trasferta,Cremonese,2-2,N,2° tempo,0.96,59,11,3,1,2,226,257,88,1,,0.96,6,2,8,3,0,16,1,1,8,18,28,64,41,50,82,6,12,50,0.78,9,7,2,5,40,24,21,2,1,0,2,0.3,0.3,
19,07.01.2026,Lazio,Casa,Fiorentina,2-2,N,Totale,2.73,49,17,9,4,8,374,438,85,3,,2.95,2,6,12,5,0,37,4,0,15,18,36,50,90,125,72,5,21,24,1.58,15,11,9,12,75,36,13,7,1,0,3,2.67,0.67,
19,07.01.2026,Fiorentina,Trasferta,Lazio,2-2,N,Totale,1.72,51,8,5,3,2,423,475,89,5,,2.67,1,2,6,2,0,17,1,1,11,26,45,58,68,97,70,2,8,25,0.4,11,15,12,16,75,38,33,4,0,0,6,2.95,0.95,
19,07.01.2026,Lazio,Casa,Fiorentina,2-2,N,1° tempo,0.63,55,10,4,0,7,229,259,88,1,,0.23,2,4,7,3,0,19,2,0,7,12,18,67,59,78,76,4,15,27,0.74,5,6,3,4,75,16,2,1,0,0,0,0,0,
19,07.01.2026,Fiorentina,Trasferta,Lazio,2-2,N,1° tempo,0,45,0,0,0,0,196,219,89,2,,0,0,0,0,0,0,4,0,1,6,8,15,53,30,37,81,0,3,0,0.08,5,7,6,8,75,19,14,3,0,0,3,0.23,0.23,
19,07.01.2026,Lazio,Casa,Fiorentina,2-2,N,2° tempo,2.1,42,7,5,4,1,145,179,81,2,,2.72,0,2,5,2,0,18,2,0,8,6,18,33,31,47,66,1,6,17,0.84,10,5,6,8,75,20,11,6,1,0,3,2.67,0.67,
19,07.01.2026,Fiorentina,Trasferta,Lazio,2-2,N,2° tempo,1.72,58,8,5,3,2,227,256,89,3,,2.67,1,2,6,2,0,13,1,0,5,18,30,60,38,60,63,2,5,40,0.32,6,8,6,8,75,19,19,1,0,0,3,2.72,0.72,
19,06.01.2026,Lecce,Casa,Roma,0-2,P,Totale,0.55,51,6,1,1,2,314,415,76,3,,0.03,1,4,2,4,0,12,0,2,20,22,69,32,76,129,59,2,16,13,0.41,26,10,8,14,57,54,27,12,0,0,1,1.58,-0.42,
19,06.01.2026,Roma,Trasferta,Lecce,2-0,V,Totale,1.33,49,10,3,3,2,307,408,75,1,,1.58,5,2,6,4,0,19,0,2,10,26,65,40,102,146,70,0,8,0,0.31,28,20,18,29,62,65,28,14,0,0,1,0.03,0.03,
19,06.01.2026,Lecce,Casa,Roma,0-2,P,1° tempo,0.06,42,2,0,0,2,128,174,74,2,,0,0,2,0,2,0,5,0,1,9,4,31,13,37,66,56,1,10,10,0.08,8,6,2,4,50,24,16,10,0,0,1,0.79,-0.21,
19,06.01.2026,Roma,Trasferta,Lecce,2-0,V,1° tempo,0.5,58,5,2,1,1,192,244,79,0,,0.79,1,2,3,2,0,10,0,1,6,15,34,44,63,89,71,0,3,0,0.18,12,9,7,11,64,31,12,7,0,0,0,0,0,
19,06.01.2026,Lecce,Casa,Roma,0-2,P,2° tempo,0.49,59,4,1,1,0,186,241,77,1,,0.03,1,2,2,2,0,7,0,1,11,18,38,47,39,63,62,1,6,17,0.33,18,4,6,10,60,30,11,2,0,0,0,0.79,-0.21,
19,06.01.2026,Roma,Trasferta,Lecce,2-0,V,2° tempo,0.83,41,5,1,2,1,115,164,70,1,,0.79,4,0,3,2,0,9,0,1,4,11,31,35,39,57,68,0,5,0,0.13,16,11,11,18,61,34,16,7,0,0,1,0.03,0.03,
19,08.01.2026,Milan,Casa,Genoa,1-1,N,Totale,2.44,61,32,8,1,12,499,558,89,4,,2.32,9,15,25,7,2,56,0,1,8,20,33,61,199,237,84,14,49,29,1.9,18,12,8,14,57,50,8,5,0,0,1,0.88,-0.12,1
19,08.01.2026,Genoa,Trasferta,Milan,1-1,N,Totale,1.32,39,7,2,2,1,299,371,81,1,,0.88,3,2,5,2,0,13,0,1,12,22,53,42,38,57,67,4,13,31,0.57,17,8,6,12,50,45,51,7,1,0,7,2.32,1.32,0
19,08.01.2026,Milan,Casa,Genoa,1-1,N,1° tempo,1.13,55,12,3,1,3,240,265,91,,,1.21,4,5,8,4,1,18,0,0,3,8,15,53,69,84,82,6,16,38,0.81,7,5,5,8,63,24,3,2,0,0,1,0.88,-0.12,
19,08.01.2026,Genoa,Trasferta,Milan,1-1,N,1° tempo,0.49,45,5,2,1,1,187,222,84,,,0.88,1,2,3,2,0,6,0,0,5,10,21,48,19,25,76,2,8,25,0.48,9,3,6,10,60,27,15,3,1,0,3,1.21,1.21,
19,08.01.2026,Milan,Casa,Genoa,1-1,N,2° tempo,1.31,68,20,5,0,9,259,293,88,4,,1.11,5,10,17,3,1,38,0,1,5,12,18,67,130,153,85,8,33,24,1.09,11,7,3,6,50,26,5,3,0,0,0,0,0,1
19,08.01.2026,Genoa,Trasferta,Milan,1-1,N,2° tempo,0.83,32,2,0,1,0,112,149,75,1,,0,2,0,2,0,0,7,0,1,7,12,32,38,19,32,59,2,5,40,0.09,8,5,0,2,0,18,36,4,0,0,4,1.11,0.11,0
19,07.01.2026,Napoli,Casa,Verona,2-2,N,Totale,1.21,70,15,4,3,6,597,679,88,0,,1.93,6,5,11,4,0,26,2,2,15,6,24,25,121,163,74,6,29,21,1.15,23,7,4,8,50,52,17,6,0,0,2,2.09,0.09,1
19,07.01.2026,Verona,Trasferta,Napoli,2-2,N,Totale,1.82,30,11,4,2,1,227,305,74,3,,2.09,5,2,2,9,0,10,1,1,7,15,54,28,55,89,62,1,6,17,0.78,8,15,13,20,65,41,38,13,0,1,2,1.93,-0.07,0
19,07.01.2026,Napoli,Casa,Verona,2-2,N,1° tempo,0.57,73,4,1,1,2,361,400,90,0,,0.16,1,2,4,0,0,8,1,1,6,0,9,0,61,81,75,2,11,18,0.67,14,3,1,3,33,22,10,3,0,0,1,2.03,0.03,
19,07.01.2026,Verona,Trasferta,Napoli,2-2,N,1° tempo,1.63,27,4,3,1,0,110,149,74,1,,2.03,1,0,2,2,0,6,0,1,3,5,24,21,13,25,52,1,3,33,0.57,3,6,8,12,67,19,18,6,0,0,1,0.16,0.16,
19,07.01.2026,Napoli,Casa,Verona,2-2,N,2° tempo,0.64,65,11,3,2,4,236,279,85,0,,1.77,5,3,7,4,0,18,1,1,9,6,15,40,60,82,73,4,18,22,0.48,9,4,3,5,60,30,7,3,0,0,1,0.06,0.06,1
19,07.01.2026,Verona,Trasferta,Napoli,2-2,N,2° tempo,0.19,35,7,1,1,1,117,156,75,2,,0.06,4,2,0,7,0,4,1,0,4,10,30,33,42,64,66,0,3,0,0.21,5,9,5,8,63,22,20,7,0,1,1,1.77,-0.23,0
19,07.01.2026,Parma,Casa,Inter,0-2,P,Totale,0.33,37,4,0,0,1,298,386,77,1,,0,3,1,3,1,1,7,0,1,20,16,47,34,58,87,67,3,14,21,0.34,13,4,7,12,58,38,22,13,0,0,6,1.19,-0.81,
19,07.01.2026,Inter,Trasferta,Parma,2-0,V,Totale,2.58,63,26,8,4,3,591,662,89,3,,1.19,11,7,16,10,2,44,0,1,4,16,27,59,206,248,83,9,35,26,2.31,16,20,11,18,61,40,18,9,0,0,0,0,0,
19,07.01.2026,Parma,Casa,Inter,0-2,P,1° tempo,0.2,39,2,0,0,0,152,199,76,0,,0,1,1,1,1,1,3,0,1,9,8,24,33,34,47,72,1,3,33,0.17,4,2,5,5,100,20,13,5,0,0,3,0.4,-0.6,
19,07.01.2026,Inter,Trasferta,Parma,2-0,V,1° tempo,1.33,61,18,4,2,2,269,302,89,1,,0.4,8,6,10,8,2,24,0,0,2,8,12,67,106,129,82,7,25,28,1.23,6,9,4,10,40,19,4,4,0,0,0,0,0,
19,07.01.2026,Parma,Casa,Inter,0-2,P,2° tempo,0.13,35,2,0,0,1,146,187,78,1,,0,2,0,2,0,0,4,0,0,11,8,23,35,24,40,60,2,11,18,0.17,9,2,2,7,29,18,9,8,0,0,3,0.79,-0.21,
19,07.01.2026,Inter,Trasferta,Parma,2-0,V,2° tempo,1.25,65,8,4,2,1,322,360,89,2,,0.79,3,1,6,2,0,20,0,1,2,8,15,53,100,119,84,2,10,20,1.08,10,11,7,8,88,21,14,5,0,0,0,0,0,
19,06.01.2026,Pisa,Casa,Como,0-3,P,Totale,1.56,27,10,4,2,1,147,221,67,2,,0.94,3,3,8,2,0,21,1,2,13,25,56,45,40,77,52,1,6,17,0.25,16,9,13,20,65,65,34,9,0,0,5,1.87,-1.13,
19,06.01.2026,Como,Trasferta,Pisa,3-0,V,Totale,1.67,73,15,7,3,5,526,595,88,2,,1.87,7,1,10,5,0,32,0,0,9,14,35,40,135,178,76,5,17,29,0.92,15,13,8,17,47,52,27,6,1,0,4,0.94,0.94,
19,06.01.2026,Pisa,Casa,Como,0-3,P,1° tempo,0.29,25,3,0,0,0,64,102,63,1,,0,2,1,2,1,0,8,0,1,10,12,27,44,19,36,53,0,5,0,0.12,8,3,6,8,75,36,18,7,0,0,2,0.23,0.23,
19,06.01.2026,Como,Trasferta,Pisa,3-0,V,1° tempo,0.24,75,6,2,1,2,280,316,89,2,,0.23,3,1,5,1,0,16,0,0,3,8,19,42,62,84,74,1,10,10,0.36,7,10,4,5,80,21,14,3,1,0,0,0,0,
19,06.01.2026,Pisa,Casa,Como,0-3,P,2° tempo,1.27,30,7,4,2,1,83,119,70,1,,0.94,1,2,6,1,0,13,1,1,3,13,29,45,21,41,51,1,1,100,0.13,8,6,7,12,58,29,16,2,0,0,3,1.64,-1.36,
19,06.01.2026,Como,Trasferta,Pisa,3-0,V,2° tempo,1.43,70,9,5,2,3,246,279,88,0,,1.64,4,0,5,4,0,16,0,0,6,6,16,38,73,94,78,4,7,57,0.56,8,3,4,12,33,31,13,3,0,0,4,0.94,0.94,
19,06.01.2026,Sassuolo,Casa,Juventus,0-3,P,Totale,0.21,44,6,2,0,5,397,482,82,,,0.15,4,0,2,4,0,13,0,1,12,22,54,41,67,97,69,2,13,15,0.23,13,3,5,9,56,38,20,12,3,1,8,2.76,0.76,
19,06.01.2026,Juventus,Trasferta,Sassuolo,3-0,V,Totale,2.57,56,17,10,4,5,554,621,89,,,2.76,6,1,13,4,0,32,0,0,3,18,38,47,222,255,87,2,20,10,0.92,17,12,10,15,67,31,9,11,2,0,2,0.15,0.15,
19,06.01.2026,Sassuolo,Casa,Juventus,0-3,P,1° tempo,0.14,34,3,0,0,1,154,200,77,,,0,3,0,1,2,0,4,0,0,6,11,31,35,26,43,60,0,2,0,0.08,9,2,2,3,67,16,14,10,2,0,6,0.69,0.69,
19,06.01.2026,Juventus,Trasferta,Sassuolo,3-0,V,1° tempo,0.55,66,9,6,0,1,354,392,90,,,0.69,3,0,6,3,0,19,0,0,2,11,20,55,154,180,86,0,10,0,0.58,10,6,4,7,57,16,2,9,2,0,0,0,0,
19,06.01.2026,Sassuolo,Casa,Juventus,0-3,P,2° tempo,0.07,55,3,2,0,4,243,282,86,,,0.15,1,0,1,2,0,9,0,1,6,11,23,48,41,54,76,2,11,18,0.15,4,1,3,6,50,22,6,2,1,1,2,2.07,0.07,
19,06.01.2026,Juventus,Trasferta,Sassuolo,3-0,V,2° tempo,2.02,45,8,4,4,4,200,229,87,,,2.07,3,1,7,1,0,13,0,0,1,7,18,39,68,75,91,2,10,20,0.34,7,6,6,8,75,15,7,2,0,0,2,0.15,0.15,
19,07.01.2026,Torino,Casa,Udinese,1-2,P,Totale,1.09,54,10,4,4,3,354,444,80,2,,1.14,5,1,7,3,0,20,0,1,8,44,72,61,92,139,66,6,22,27,1.21,13,16,10,19,53,57,22,8,0,0,2,1.53,-0.47,1
19,07.01.2026,Udinese,Trasferta,Torino,2-1,V,Totale,2.15,46,9,4,3,6,298,391,76,1,,1.53,3,2,9,0,0,31,0,0,16,18,49,37,71,106,67,3,12,25,1.23,24,8,7,10,70,50,37,8,0,0,3,1.14,0.14,0
19,07.01.2026,Torino,Casa,Udinese,1-2,P,1° tempo,0.4,47,4,2,1,1,155,197,79,1,,0.77,2,0,3,1,0,6,0,0,5,23,37,62,38,63,60,4,10,40,0.45,7,11,3,9,33,29,15,2,0,0,1,0.25,0.25,
19,07.01.2026,Udinese,Trasferta,Torino,2-1,V,1° tempo,0.5,53,3,1,1,3,182,225,81,0,,0.25,2,0,3,0,0,17,0,0,11,11,25,44,40,54,74,2,8,25,0.83,9,5,5,6,83,29,15,6,0,0,2,0.77,0.77,
19,07.01.2026,Torino,Casa,Udinese,1-2,P,2° tempo,0.69,60,6,2,3,2,199,247,81,1,,0.37,3,1,4,2,0,14,0,1,3,21,35,60,54,76,71,2,12,17,0.76,6,5,7,10,70,28,7,6,0,0,1,1.28,-0.72,1
19,07.01.2026,Udinese,Trasferta,Torino,2-1,V,2° tempo,1.65,40,6,3,2,3,116,166,70,1,,1.28,1,2,6,0,0,14,0,0,5,7,24,29,31,52,60,1,4,25,0.4,15,3,2,4,50,21,22,2,0,0,1,0.37,-0.63,0
20,10.01.2026,Atalanta,Casa,Torino,2-0,V,Totale,2.61,56,18,5,4,5,418,492,85,1,,2.43,4,9,11,7,1,27,2,4,17,24,50,48,129,165,78,6,16,38,1.75,21,14,11,22,50,61,23,7,0,0,3,0.41,0.41,1
20,10.01.2026,Torino,Trasferta,Atalanta,0-2,P,Totale,0.82,44,10,3,2,4,301,382,79,2,,0.41,5,2,7,3,0,24,1,3,14,24,53,45,63,97,65,5,14,36,0.71,16,17,12,23,52,62,30,11,0,1,4,2.43,0.43,0
20,10.01.2026,Atalanta,Casa,Torino,2-0,V,1° tempo,1.06,66,11,3,2,4,268,307,87,0,,1.13,2,6,6,5,0,14,2,3,9,12,24,50,87,110,79,3,11,27,1.04,11,4,4,9,44,30,5,3,0,0,1,0.13,0.13,1
20,10.01.2026,Torino,Trasferta,Atalanta,0-2,P,1° tempo,0.12,34,2,1,0,1,120,160,75,1,,0.13,1,0,1,1,0,2,0,1,4,12,30,40,15,23,65,2,5,40,0.17,7,9,3,10,30,28,14,6,0,0,2,1.13,0.13,0
20,10.01.2026,Atalanta,Casa,Torino,2-0,V,2° tempo,1.55,45,7,2,2,1,150,185,81,1,,1.3,2,3,5,2,1,13,0,1,8,12,26,46,42,55,76,3,5,60,0.71,10,10,7,13,54,31,18,4,0,0,2,0.28,0.28,
20,10.01.2026,Torino,Trasferta,Atalanta,0-2,P,2° tempo,0.7,55,8,2,2,3,181,222,82,1,,0.28,4,2,6,2,0,22,1,2,10,12,23,52,48,74,65,3,9,33,0.54,9,8,9,13,69,34,16,5,0,1,2,1.3,0.3,
20,10.01.2026,Como,Casa,Bologna,1-1,N,Totale,0.83,59,12,3,1,4,365,437,84,3,0,0.77,9,0,10,2,1,25,0,2,3,27,55,49,79,119,66,5,17,29,0.75,30,14,10,18,56,43,17,3,0,2,1,1.05,0.05,
20,10.01.2026,Bologna,Trasferta,Como,1-1,N,Totale,1.15,41,7,2,3,2,223,302,74,3,1,1.05,2,3,7,0,0,19,0,4,14,35,79,44,25,54,46,5,12,42,0.62,20,3,9,15,60,42,24,9,1,0,2,0.77,-0.23,
20,10.01.2026,Como,Casa,Bologna,1-1,N,1° tempo,0.21,48,4,2,0,2,150,188,80,1,,0.05,2,0,2,2,0,8,0,2,2,18,36,50,32,51,63,2,6,33,0.2,13,9,7,13,54,24,8,3,0,0,1,0.91,0.91,
20,10.01.2026,Bologna,Trasferta,Como,1-1,N,1° tempo,0.86,52,4,1,2,2,152,195,78,0,,0.91,2,1,4,0,0,12,0,1,9,18,42,43,15,36,42,4,8,50,0.52,12,2,5,8,63,19,8,4,1,0,2,0.05,0.05,
20,10.01.2026,Como,Casa,Bologna,1-1,N,2° tempo,0.62,69,8,1,1,2,215,249,86,2,0,0.72,7,0,8,0,1,17,0,0,1,9,19,47,47,68,69,3,11,27,0.55,17,5,3,5,60,19,9,0,0,2,0,0.14,-0.86,
20,10.01.2026,Bologna,Trasferta,Como,1-1,N,2° tempo,0.29,31,3,1,1,0,71,107,66,3,1,0.14,0,2,3,0,0,7,0,3,5,17,37,46,10,18,56,1,4,25,0.1,8,1,4,7,57,23,16,5,0,0,0,0.72,-0.28,
20,11.01.2026,Fiorentina,Casa,Milan,1-1,N,Totale,1.9,52,20,7,5,8,384,429,90,2,,2.38,6,7,16,4,1,32,1,1,14,22,43,51,103,116,89,6,33,18,1.07,10,10,7,10,70,43,15,6,0,0,2,0.76,-0.24,1
20,11.01.2026,Milan,Trasferta,Fiorentina,1-1,N,Totale,1.51,48,13,3,3,5,345,401,86,3,,0.76,7,3,9,4,0,23,1,0,10,20,35,57,85,107,79,9,19,47,1.27,11,14,8,13,62,38,20,3,2,0,6,2.38,1.38,0
20,11.01.2026,Fiorentina,Casa,Milan,1-1,N,1° tempo,0.37,52,6,1,1,1,199,225,88,1,,0.08,3,2,4,2,0,12,0,0,7,14,22,64,42,50,84,1,12,8,0.29,5,4,5,7,71,24,9,3,0,0,2,0.45,0.45,
20,11.01.2026,Milan,Trasferta,Fiorentina,1-1,N,1° tempo,0.88,48,5,2,2,2,188,214,88,0,,0.45,3,0,4,1,0,6,0,0,4,10,21,48,30,41,73,1,6,17,0.23,6,7,3,6,50,16,9,1,2,0,1,0.08,0.08,
20,11.01.2026,Fiorentina,Casa,Milan,1-1,N,2° tempo,1.53,53,14,6,4,7,185,204,91,1,,2.3,3,5,12,2,1,20,1,1,7,8,21,38,61,66,92,5,21,24,0.78,5,6,2,3,67,19,6,3,0,0,0,0.31,-0.69,1
20,11.01.2026,Milan,Trasferta,Fiorentina,1-1,N,2° tempo,0.63,47,8,1,1,3,157,187,84,3,,0.31,4,3,5,3,0,17,1,0,6,10,14,71,55,66,83,8,13,62,1.04,5,7,5,7,71,22,11,2,0,0,5,2.3,1.3,0
20,12.01.2026,Genoa,Casa,Cagliari,3-0,V,Totale,1.08,44,11,7,3,2,330,400,83,2,,1.18,2,2,5,6,0,15,1,1,20,18,39,46,46,74,62,2,13,15,0.85,9,17,12,17,71,54,25,9,0,0,3,0.49,0.49,
20,12.01.2026,Cagliari,Trasferta,Genoa,0-3,P,Totale,1.26,56,15,3,1,3,439,504,87,5,,0.49,6,6,7,8,0,22,1,1,17,23,40,57,97,125,78,6,23,26,0.91,25,20,10,14,71,41,25,9,0,0,4,1.18,-1.82,
20,12.01.2026,Genoa,Casa,Cagliari,3-0,V,1° tempo,0.35,39,3,2,1,2,132,164,80,1,,0.28,0,1,1,2,0,8,1,1,9,9,19,47,17,27,63,0,6,0,0.44,4,9,6,10,60,27,15,4,0,0,1,0.25,0.25,
20,12.01.2026,Cagliari,Trasferta,Genoa,0-3,P,1° tempo,0.72,61,11,1,0,3,235,259,91,2,,0.25,5,5,6,5,0,19,0,0,9,12,18,67,63,75,84,6,16,38,0.71,10,9,5,7,71,21,12,5,0,0,1,0.28,-0.72,
20,12.01.2026,Genoa,Casa,Cagliari,3-0,V,2° tempo,0.73,49,8,5,2,0,198,236,84,1,,0.9,2,1,4,4,0,7,0,0,11,9,20,45,29,47,62,2,7,29,0.41,5,8,6,7,86,27,10,5,0,0,2,0.24,0.24,
20,12.01.2026,Cagliari,Trasferta,Genoa,0-3,P,2° tempo,0.54,51,4,2,1,0,204,245,83,3,,0.24,1,1,1,3,0,3,1,1,8,11,22,50,34,50,68,0,7,0,0.2,15,11,5,7,71,20,13,4,0,0,3,0.9,-1.1,
20,11.01.2026,Inter,Casa,Napoli,2-2,N,Totale,1.45,50,13,4,2,4,420,486,86,0,,1.42,4,5,10,3,1,27,2,2,11,31,55,56,141,169,83,1,17,6,1.05,18,12,13,21,62,44,15,10,2,0,1,1.41,-0.59,
20,11.01.2026,Napoli,Trasferta,Inter,2-2,N,Totale,0.74,50,7,3,3,1,406,487,83,2,,1.41,3,1,5,2,1,20,0,1,12,18,51,35,48,75,64,3,12,25,0.92,18,11,6,13,46,37,20,6,0,1,2,1.42,-0.58,
20,11.01.2026,Inter,Casa,Napoli,2-2,N,1° tempo,0.56,55,8,3,1,2,272,307,89,,,0.51,3,2,7,1,0,18,1,0,2,17,29,59,73,88,83,1,11,9,0.73,8,3,8,9,89,18,8,5,1,0,1,0.8,-0.2,
20,11.01.2026,Napoli,Trasferta,Inter,2-2,N,1° tempo,0.22,45,3,2,1,0,219,259,85,,,0.8,1,0,2,1,0,7,0,1,3,10,28,36,21,34,62,1,4,25,0.31,5,2,3,6,50,12,11,5,0,1,2,0.51,-0.49,
20,11.01.2026,Inter,Casa,Napoli,2-2,N,2° tempo,0.89,44,5,1,1,2,148,179,83,0,,0.91,1,3,3,2,1,9,1,2,9,14,26,54,68,81,84,0,6,0,0.32,10,9,5,12,42,26,7,5,1,0,0,0.61,-0.39,
20,11.01.2026,Napoli,Trasferta,Inter,2-2,N,2° tempo,0.52,56,4,1,2,1,187,228,82,2,,0.61,2,1,3,1,1,13,0,0,9,8,23,35,27,41,66,2,8,25,0.61,13,9,3,7,43,25,9,1,0,0,0,0.91,-0.09,
20,12.01.2026,Juventus,Casa,Cremonese,5-0,V,Totale,3.4,58,18,11,6,4,528,584,90,0,,4.24,3,4,13,5,2,33,4,3,8,17,28,61,138,165,84,3,13,23,1.15,18,16,8,11,73,31,13,8,1,0,2,0.5,0.5,2
20,12.01.2026,Cremonese,Trasferta,Juventus,0-5,P,Totale,0.9,42,9,2,1,5,341,407,84,1,,0.5,3,4,6,3,0,19,0,0,16,12,33,36,60,82,73,5,17,29,0.62,16,8,9,13,69,31,25,11,1,0,6,4.24,0.24,0
20,12.01.2026,Juventus,Casa,Cremonese,5-0,V,1° tempo,2.14,57,11,6,4,3,252,283,89,,,3.39,2,3,8,3,2,16,1,0,4,11,15,73,55,68,81,2,7,29,0.36,8,10,4,6,67,15,5,2,1,0,1,0.25,0.25,1
20,12.01.2026,Cremonese,Trasferta,Juventus,0-5,P,1° tempo,0.58,43,6,1,1,1,172,208,83,,,0.25,2,3,3,3,0,9,0,0,10,4,17,24,28,43,65,3,8,38,0.18,8,4,2,4,50,14,15,5,1,0,3,3.39,0.39,0
20,12.01.2026,Juventus,Casa,Cremonese,5-0,V,2° tempo,1.26,59,7,5,2,1,276,301,92,0,,0.85,1,1,5,2,0,17,3,3,4,6,13,46,83,97,86,1,6,17,0.79,10,6,4,5,80,16,8,6,0,0,1,0.25,0.25,1
20,12.01.2026,Cremonese,Trasferta,Juventus,0-5,P,2° tempo,0.32,41,3,1,0,4,169,199,85,1,,0.25,1,1,3,0,0,10,0,0,6,8,16,50,32,39,82,2,9,22,0.44,8,4,7,9,78,17,10,6,0,0,3,0.85,-0.15,0
20,11.01.2026,Lecce,Casa,Parma,1-2,P,Totale,0.85,41,10,1,1,3,213,284,75,3,2,0.35,6,3,6,4,1,17,0,0,17,20,50,40,62,92,67,5,19,26,0.51,23,16,10,20,50,60,35,4,2,0,1,0.67,-0.33,0
20,11.01.2026,Parma,Trasferta,Lecce,2-1,V,Totale,1.04,59,12,2,3,3,347,412,84,1,0,0.67,6,4,6,6,2,14,0,2,16,20,39,51,65,96,68,2,22,9,0.46,29,17,14,19,74,63,20,7,0,0,0,0.35,-0.65,1
20,11.01.2026,Lecce,Casa,Parma,1-2,P,1° tempo,0.58,39,7,1,1,2,106,141,75,1,,0.35,4,2,4,3,1,9,0,0,9,10,24,42,31,48,65,5,10,50,0.38,11,11,5,9,56,28,17,1,0,0,1,0.03,0.03,
20,11.01.2026,Parma,Trasferta,Lecce,2-1,V,1° tempo,0.14,61,3,1,0,0,190,226,84,0,,0.03,1,1,0,3,0,1,0,0,11,12,23,52,22,37,59,0,5,0,0.06,16,9,7,10,70,32,6,3,0,0,0,0.35,-0.65,
20,11.01.2026,Lecce,Casa,Parma,1-2,P,2° tempo,0.27,43,3,0,0,1,107,143,75,2,2,0,2,1,2,1,0,8,0,0,8,10,26,38,31,44,70,0,9,0,0.13,12,5,5,11,45,32,18,3,2,0,0,0.64,-0.36,0
20,11.01.2026,Parma,Trasferta,Lecce,2-1,V,2° tempo,0.9,57,9,1,3,3,157,186,84,1,0,0.64,5,3,6,3,2,13,0,2,5,8,16,50,43,59,73,2,17,12,0.4,13,8,7,9,78,31,14,4,0,0,0,0,0,1
20,10.01.2026,Roma,Casa,Sassuolo,2-0,V,Totale,2.54,64,26,6,5,5,518,588,88,2,,2.13,13,7,16,10,0,47,0,2,16,24,43,56,174,212,82,5,23,22,1.96,19,15,15,23,65,67,12,7,0,0,3,0.95,0.95,1
20,10.01.2026,Sassuolo,Trasferta,Roma,0-2,P,Totale,0.74,36,5,3,2,2,248,329,75,2,,0.95,1,1,4,1,0,11,1,1,15,31,61,51,37,60,62,0,5,0,0.29,13,16,14,20,70,54,28,11,1,0,4,2.13,0.13,0
20,10.01.2026,Roma,Casa,Sassuolo,2-0,V,1° tempo,0.46,62,9,1,0,2,281,310,91,2,,0.04,4,4,5,4,0,13,0,0,9,17,26,65,68,82,83,3,14,21,0.49,9,8,4,10,40,30,7,2,0,0,2,0.86,0.86,
20,10.01.2026,Sassuolo,Trasferta,Roma,0-2,P,1° tempo,0.67,38,3,2,2,1,152,190,80,0,,0.86,1,0,3,0,0,7,1,1,8,19,32,59,22,36,61,0,3,0,0.24,6,9,7,8,88,26,9,3,1,0,1,0.04,0.04,
20,10.01.2026,Roma,Casa,Sassuolo,2-0,V,2° tempo,2.08,67,17,5,5,3,237,278,85,0,,2.09,9,3,11,6,0,34,0,2,7,7,17,41,106,130,82,2,9,22,1.47,10,7,11,13,85,37,5,5,0,0,1,0.09,0.09,1
20,10.01.2026,Sassuolo,Trasferta,Roma,0-2,P,2° tempo,0.07,33,2,1,0,1,96,139,69,2,,0.09,0,1,1,1,0,4,0,0,7,12,29,41,15,24,63,0,2,0,0.05,7,7,7,12,58,28,19,8,0,0,3,2.09,0.09,0
20,10.01.2026,Udinese,Casa,Pisa,2-2,N,Totale,2.23,54,11,2,3,3,288,370,78,1,,1.6,7,2,6,5,1,21,1,5,16,24,57,42,77,105,73,4,20,20,1.3,13,13,4,5,80,47,32,8,1,0,5,1.67,-0.33,1
20,10.01.2026,Pisa,Trasferta,Udinese,2-2,N,Totale,1.48,46,14,7,2,8,217,305,71,4,,1.67,5,2,12,2,1,23,0,3,13,25,53,47,58,94,62,7,34,21,0.4,17,16,5,11,45,49,33,8,0,0,0,1.6,-0.4,0
20,10.01.2026,Udinese,Casa,Pisa,2-2,N,1° tempo,1.43,62,8,2,2,3,179,214,84,0,,1.6,4,2,3,5,0,12,0,3,8,12,24,50,39,50,78,1,12,8,0.36,7,6,2,2,100,20,14,2,0,0,1,0.69,-0.31,1
20,10.01.2026,Pisa,Trasferta,Udinese,2-2,N,1° tempo,0.31,38,4,2,0,3,87,126,69,1,,0.69,2,0,4,0,0,7,0,2,6,11,25,44,19,35,54,2,15,13,0.07,6,8,2,4,50,22,20,3,0,0,0,1.6,-0.4,0
20,10.01.2026,Udinese,Casa,Pisa,2-2,N,2° tempo,0.8,46,3,0,1,0,109,156,70,1,,0,3,0,3,0,1,9,1,2,8,12,33,36,38,55,69,3,8,38,0.94,6,7,2,3,67,27,18,6,1,0,4,0.98,-0.02,
20,10.01.2026,Pisa,Trasferta,Udinese,2-2,N,2° tempo,1.17,54,10,5,2,5,130,179,73,3,,0.98,3,2,8,2,1,16,0,1,7,14,28,50,39,59,66,5,19,26,0.33,11,8,3,7,43,27,13,5,0,0,0,0,0,
20,11.01.2026,Verona,Casa,Lazio,0-1,P,Totale,0.53,36,10,2,1,2,298,391,76,2,,0.12,6,2,6,4,0,19,1,1,7,16,64,25,64,109,59,2,10,20,0.67,18,12,9,15,60,42,16,15,1,0,2,0.2,0.2,
20,11.01.2026,Lazio,Trasferta,Verona,1-0,V,Totale,1.38,64,11,2,2,1,605,701,86,1,,0.2,7,2,6,5,0,23,0,0,12,32,49,65,82,125,66,3,6,50,0.54,21,7,10,13,77,59,23,7,0,0,2,0.12,0.12,
20,11.01.2026,Verona,Casa,Lazio,0-1,P,1° tempo,0.14,31,3,1,0,0,136,184,74,2,,0.07,0,2,2,1,0,5,1,1,5,5,33,15,17,35,49,0,4,0,0.25,7,9,6,10,60,27,9,9,1,0,0,0,0,
20,11.01.2026,Lazio,Trasferta,Verona,1-0,V,1° tempo,1.02,69,4,0,2,1,356,405,88,1,,0,3,1,4,0,0,14,0,0,9,22,30,73,21,43,49,2,3,67,0.27,10,5,4,6,67,27,6,4,0,0,1,0.07,0.07,
20,11.01.2026,Verona,Casa,Lazio,0-1,P,2° tempo,0.39,42,7,1,1,2,162,207,78,,,0.05,6,0,4,3,0,14,0,0,2,11,31,35,47,74,64,2,6,33,0.42,11,3,3,5,60,15,7,6,0,0,2,0.2,0.2,
20,11.01.2026,Lazio,Trasferta,Verona,1-0,V,2° tempo,0.36,58,7,2,0,0,249,296,84,,,0.2,4,1,2,5,0,9,0,0,3,10,19,53,61,82,74,1,3,33,0.27,11,2,6,7,86,32,17,3,0,0,1,0.05,0.05,
21,18.01.2026,Bologna,Casa,Fiorentina,1-2,P,Totale,1.27,61,18,3,1,7,452,512,88,3,,1.05,8,7,13,5,1,39,0,0,13,23,41,56,120,149,81,16,42,38,1.74,13,14,12,15,80,48,10,1,0,1,2,2.13,0.13,1
21,18.01.2026,Fiorentina,Trasferta,Bologna,2-1,V,Totale,1.73,39,11,4,2,1,285,346,82,0,,2.13,4,3,9,2,0,20,0,3,14,18,51,35,44,65,68,2,5,40,0.52,14,13,5,10,50,41,31,7,0,1,2,1.05,0.05,0
21,18.01.2026,Bologna,Casa,Fiorentina,1-2,P,1° tempo,0.17,56,3,0,0,4,208,243,86,1,,0,1,2,2,1,0,9,0,0,7,9,26,35,39,51,76,3,14,21,0.28,7,3,5,7,71,21,7,1,0,1,1,1.87,-0.13,
21,18.01.2026,Fiorentina,Trasferta,Bologna,2-1,V,1° tempo,1.3,44,8,3,2,1,166,197,84,0,,1.87,3,2,6,2,0,13,0,3,3,8,21,38,30,40,75,2,4,50,0.34,9,7,3,6,50,16,15,3,0,0,0,0,0,
21,18.01.2026,Bologna,Casa,Fiorentina,1-2,P,2° tempo,1.1,66,15,3,1,3,244,269,91,2,,1.05,7,5,11,4,1,30,0,0,6,14,15,93,81,98,83,13,28,46,1.46,6,11,7,8,88,27,3,0,0,0,1,0.26,0.26,1
21,18.01.2026,Fiorentina,Trasferta,Bologna,2-1,V,2° tempo,0.43,34,3,1,0,0,119,149,80,0,,0.26,1,1,3,0,0,7,0,0,11,10,30,33,14,25,56,0,1,0,0.18,5,6,2,4,50,25,16,4,0,1,2,1.05,0.05,0
21,17.01.2026,Cagliari,Casa,Juventus,1-0,V,Totale,0.11,22,3,1,0,1,130,195,67,0,,0.45,2,0,3,0,0,4,0,0,12,15,51,29,13,31,42,2,6,33,0.18,15,16,12,21,57,45,45,7,0,0,5,0.63,0.63,
21,17.01.2026,Juventus,Trasferta,Cagliari,0-1,P,Totale,1.34,78,21,5,0,18,615,680,90,1,,0.63,8,8,11,10,1,40,0,1,16,25,35,71,238,280,85,5,34,15,1.62,22,12,8,11,73,46,7,7,0,0,0,0.45,-0.55,
21,17.01.2026,Cagliari,Casa,Juventus,1-0,V,1° tempo,0,26,0,0,0,0,82,119,69,0,,0,0,0,0,0,0,1,0,0,9,6,24,25,6,13,46,0,2,0,0.01,8,8,4,6,67,18,21,4,0,0,1,0.15,0.15,
21,17.01.2026,Juventus,Trasferta,Cagliari,0-1,P,1° tempo,0.25,74,6,1,0,6,297,333,89,1,,0.15,2,3,3,3,0,15,0,1,8,11,18,61,89,108,82,1,15,7,0.33,12,9,5,7,71,21,2,3,0,0,0,0,0,
21,17.01.2026,Cagliari,Casa,Juventus,1-0,V,2° tempo,0.11,18,3,1,0,1,48,76,63,,,0.45,2,0,3,0,0,3,0,0,3,9,27,33,7,18,39,2,4,50,0.17,7,8,8,15,53,27,24,3,0,0,4,0.48,0.48,
21,17.01.2026,Juventus,Trasferta,Cagliari,0-1,P,2° tempo,1.09,82,15,4,0,12,318,347,92,,,0.48,6,5,8,7,1,25,0,0,8,14,17,82,149,172,87,4,19,21,1.29,10,3,3,4,75,25,5,4,0,0,0,0.45,-0.55,
21,19.01.2026,Cremonese,Casa,Verona,0-0,N,Totale,0.7,56,7,1,0,3,339,431,79,3,,0.08,3,3,3,4,0,11,0,3,13,20,65,31,32,68,47,2,20,10,0.4,23,13,4,5,80,42,20,10,0,0,4,0.28,0.28,
21,19.01.2026,Verona,Trasferta,Cremonese,0-0,N,Totale,0.5,44,11,4,0,6,251,331,76,0,,0.28,4,3,7,4,0,15,1,4,13,21,50,42,68,115,59,5,20,25,0.48,15,13,8,10,80,46,38,14,0,0,1,0.08,0.08,
21,19.01.2026,Cremonese,Casa,Verona,0-0,N,1° tempo,0.22,53,3,0,0,2,159,198,80,2,,0,2,1,2,1,0,4,0,0,7,12,32,38,14,30,47,2,14,14,0.24,11,9,2,3,67,21,5,7,0,0,1,0.06,0.06,
21,19.01.2026,Verona,Trasferta,Cremonese,0-0,N,1° tempo,0.1,47,2,1,0,4,139,175,79,0,,0.06,1,0,2,0,0,4,0,1,9,10,20,50,22,44,50,2,13,15,0.1,6,7,4,6,67,21,27,6,0,0,0,0,0,
21,19.01.2026,Cremonese,Casa,Verona,0-0,N,2° tempo,0.48,59,4,1,0,1,180,233,77,1,,0.08,1,2,1,3,0,7,0,3,6,8,33,24,18,38,47,0,6,0,0.16,12,4,2,2,100,21,15,3,0,0,3,0.22,0.22,
21,19.01.2026,Verona,Trasferta,Cremonese,0-0,N,2° tempo,0.4,41,9,3,0,2,112,156,72,0,,0.22,3,3,5,4,0,11,1,3,4,11,30,37,46,71,65,3,7,43,0.38,9,6,4,4,100,25,11,8,0,0,1,0.08,0.08,
21,19.01.2026,Lazio,Casa,Como,0-3,P,Totale,0.29,34,8,4,1,3,332,384,86,4,,0.3,3,1,2,6,0,11,0,1,9,17,33,52,51,77,66,0,10,0,0.12,14,14,7,14,50,30,6,10,1,0,3,2.41,-0.59,
21,19.01.2026,Como,Trasferta,Lazio,3-0,V,Totale,2.31,66,11,6,3,2,699,754,93,3,,2.41,3,2,9,2,0,27,1,0,14,19,31,61,60,77,78,5,8,63,0.81,12,9,10,18,56,47,22,5,0,0,4,0.3,0.3,
21,19.01.2026,Lazio,Casa,Como,0-3,P,1° tempo,0.21,41,5,3,1,0,191,217,88,3,,0.28,1,1,2,3,0,6,0,0,6,8,16,50,35,52,67,0,6,0,0.08,7,9,0,6,0,17,3,4,0,0,2,1.28,-0.72,
21,19.01.2026,Como,Trasferta,Lazio,3-0,V,1° tempo,1.3,59,6,4,2,1,288,318,91,1,,1.28,0,2,6,0,0,12,0,0,9,5,14,36,27,35,77,2,4,50,0.28,4,6,3,5,60,22,14,3,0,0,3,0.28,0.28,
21,19.01.2026,Lazio,Casa,Como,0-3,P,2° tempo,0.08,28,3,1,0,3,141,167,84,1,,0.02,2,0,0,3,0,5,0,1,3,9,17,53,16,25,64,0,4,0,0.04,7,5,7,8,88,13,3,6,1,0,1,1.13,0.13,
21,19.01.2026,Como,Trasferta,Lazio,3-0,V,2° tempo,1.01,72,5,2,1,1,411,436,94,2,,1.13,3,0,3,2,0,15,1,0,5,14,17,82,33,42,79,3,4,75,0.53,8,3,7,13,54,25,8,2,0,0,1,0.02,0.02,
21,18.01.2026,Milan,Casa,Lecce,1-0,V,Totale,3.4,69,20,6,6,10,633,691,92,1,,3.23,8,6,16,4,0,42,1,6,11,36,47,77,150,177,85,12,23,52,2.6,15,9,9,17,53,51,13,6,0,0,0,0,0,1
21,18.01.2026,Lecce,Trasferta,Milan,0-1,P,Totale,0.17,31,3,0,0,2,235,311,76,1,,0,3,0,2,1,0,8,0,0,9,20,62,32,37,72,51,4,9,44,0.26,10,11,15,20,75,40,29,3,1,0,5,3.23,2.23,0
21,18.01.2026,Milan,Casa,Lecce,1-0,V,1° tempo,0.49,66,7,1,2,4,314,344,91,1,,0.16,2,4,4,3,0,10,0,6,6,9,14,64,48,60,80,2,7,29,0.42,5,5,5,8,63,24,5,2,0,0,0,0,0,
21,18.01.2026,Lecce,Trasferta,Milan,0-1,P,1° tempo,0.14,34,2,0,0,0,135,174,78,0,,0,2,0,2,0,0,5,0,0,5,12,34,35,17,32,53,2,4,50,0.14,7,6,7,11,64,22,9,2,0,0,1,0.16,0.16,
21,18.01.2026,Milan,Casa,Lecce,1-0,V,2° tempo,2.91,71,13,5,4,6,319,347,92,0,,3.07,6,2,12,1,0,32,1,0,5,27,33,82,102,117,87,10,16,63,2.18,10,4,4,9,44,27,8,4,0,0,0,0,0,1
21,18.01.2026,Lecce,Trasferta,Milan,0-1,P,2° tempo,0.03,29,1,0,0,2,100,137,73,1,,0,1,0,0,1,0,3,0,0,4,8,28,29,20,40,50,2,5,40,0.12,3,5,8,9,89,18,20,1,1,0,4,3.07,2.07,0
21,17.01.2026,Napoli,Casa,Sassuolo,1-0,V,Totale,0.58,53,11,4,0,5,416,498,84,0,,0.91,6,1,5,6,0,14,0,0,11,13,45,29,47,86,55,4,9,44,0.43,14,10,8,11,73,34,23,5,1,0,4,1.05,1.05,
21,17.01.2026,Sassuolo,Trasferta,Napoli,0-1,P,Totale,0.9,47,21,4,1,4,369,439,84,3,,1.05,7,10,9,12,0,25,1,2,10,21,48,44,71,108,66,5,15,33,0.62,19,11,8,10,80,41,16,9,1,0,3,0.91,-0.09,
21,17.01.2026,Napoli,Casa,Sassuolo,1-0,V,1° tempo,0.49,52,7,3,0,4,209,245,85,,,0.8,4,0,5,2,0,9,0,0,7,9,22,41,18,39,46,4,5,80,0.33,5,6,2,4,50,17,10,3,0,0,3,0.79,0.79,
21,17.01.2026,Sassuolo,Trasferta,Napoli,0-1,P,1° tempo,0.56,48,12,3,1,3,196,224,88,,,0.79,5,4,6,6,0,15,0,1,6,16,29,55,38,50,76,2,9,22,0.38,3,7,5,7,71,23,6,1,0,0,2,0.8,-0.2,
21,17.01.2026,Napoli,Casa,Sassuolo,1-0,V,2° tempo,0.09,54,4,1,0,1,207,253,82,0,,0.11,2,1,0,4,0,5,0,0,4,4,23,17,29,47,62,0,4,0,0.1,9,4,6,7,86,17,13,2,1,0,1,0.26,0.26,
21,17.01.2026,Sassuolo,Trasferta,Napoli,0-1,P,2° tempo,0.34,46,9,1,0,1,173,215,80,3,,0.26,2,6,3,6,0,10,1,1,4,5,19,26,33,58,57,3,6,50,0.24,16,4,3,3,100,18,10,8,1,0,1,0.11,0.11,
21,18.01.2026,Parma,Casa,Genoa,0-0,N,Totale,0.44,51,14,2,0,7,327,387,84,3,,0.24,6,6,7,7,0,18,0,1,18,26,44,59,75,99,76,5,25,20,0.54,33,13,6,15,40,63,18,9,1,0,3,0.94,0.94,
21,18.01.2026,Genoa,Trasferta,Parma,0-0,N,Totale,1.04,49,11,3,1,3,302,375,81,2,,0.94,5,3,8,3,0,23,1,1,13,12,42,29,52,72,72,6,22,27,0.8,14,18,13,20,65,60,32,5,0,0,2,0.24,0.24,
21,18.01.2026,Parma,Casa,Genoa,0-0,N,1° tempo,0.14,53,6,1,0,4,175,200,88,3,,0.11,0,5,3,3,0,6,0,0,9,16,25,64,27,39,69,3,12,25,0.24,13,10,1,4,25,23,8,6,1,0,2,0.67,0.67,
21,18.01.2026,Genoa,Trasferta,Parma,0-0,N,1° tempo,0.88,47,8,2,1,2,146,175,83,1,,0.67,4,2,6,2,0,16,1,0,10,5,14,36,19,28,68,5,13,38,0.7,7,9,5,9,56,33,13,1,0,0,1,0.11,0.11,
21,18.01.2026,Parma,Casa,Genoa,0-0,N,2° tempo,0.3,49,8,1,0,3,152,187,81,0,,0.13,6,1,4,4,0,12,0,1,9,10,19,53,48,60,80,2,13,15,0.3,20,3,5,11,45,40,10,3,0,0,1,0.27,0.27,
21,18.01.2026,Genoa,Trasferta,Parma,0-0,N,2° tempo,0.16,51,3,1,0,1,156,200,78,1,,0.27,1,1,2,1,0,7,0,1,3,7,28,25,33,44,75,1,9,11,0.1,7,9,8,11,73,27,19,4,0,0,1,0.13,0.13,
21,16.01.2026,Pisa,Casa,Atalanta,1-1,N,Totale,1.19,43,14,6,3,10,244,327,75,1,,2.05,5,3,13,1,1,43,0,0,11,24,59,41,112,159,70,7,26,27,1.37,25,12,10,17,59,55,20,6,0,1,3,1.86,0.86,1
21,16.01.2026,Atalanta,Trasferta,Pisa,1-1,N,Totale,1.15,57,9,4,2,1,373,451,83,2,,1.86,3,2,8,1,0,22,1,1,12,25,46,54,96,120,80,5,19,26,1.25,22,11,9,13,69,55,37,3,0,0,5,2.05,1.05,0
21,16.01.2026,Pisa,Casa,Atalanta,1-1,N,1° tempo,0.43,45,5,2,3,5,149,195,76,0,,0.55,2,1,5,0,1,21,0,0,6,13,32,41,59,84,70,3,15,20,0.63,16,4,4,7,57,27,3,4,0,0,1,0.08,0.08,
21,16.01.2026,Atalanta,Trasferta,Pisa,1-1,N,1° tempo,0.15,55,3,1,0,0,210,255,82,1,,0.08,2,0,3,0,0,7,1,0,4,12,22,55,35,51,69,4,5,80,0.49,12,6,6,8,75,26,17,2,0,0,2,0.55,0.55,
21,16.01.2026,Pisa,Casa,Atalanta,1-1,N,2° tempo,0.76,40,9,4,0,5,95,132,72,1,,1.5,3,2,8,1,0,22,0,0,5,11,27,41,53,75,71,4,11,36,0.74,9,8,6,10,60,28,17,2,0,1,2,1.78,0.78,1
21,16.01.2026,Atalanta,Trasferta,Pisa,1-1,N,2° tempo,1,60,6,3,2,1,163,196,83,1,,1.78,1,2,5,1,0,15,0,1,8,13,24,54,61,69,88,1,14,7,0.76,10,5,3,5,60,29,20,1,0,0,3,1.5,0.5,0
21,18.01.2026,Torino,Casa,Roma,0-2,P,Totale,0.44,37,8,4,0,2,207,307,67,2,,0.25,4,0,4,4,0,25,1,1,9,24,60,40,54,104,52,3,18,17,0.5,25,13,14,21,67,54,23,12,0,0,3,1.9,-0.1,
21,18.01.2026,Roma,Trasferta,Torino,2-0,V,Totale,1.86,63,14,5,3,1,433,532,81,1,,1.9,5,4,10,4,0,23,1,3,13,22,58,38,137,180,76,0,12,0,1.29,22,9,11,12,92,56,32,10,0,0,4,0.25,0.25,
21,18.01.2026,Torino,Casa,Roma,0-2,P,1° tempo,0.05,30,3,2,0,2,76,114,67,1,,0.1,1,0,0,3,0,7,0,0,5,15,31,48,20,39,51,2,10,20,0.09,11,8,2,4,50,18,11,6,0,0,1,0.8,-0.2,
21,18.01.2026,Roma,Trasferta,Torino,2-0,V,1° tempo,1.09,70,9,2,1,1,225,271,83,0,,0.8,3,4,5,4,0,11,0,2,8,11,26,42,73,96,76,0,8,0,0.55,10,5,4,4,100,27,17,3,0,0,2,0.1,0.1,
21,18.01.2026,Torino,Casa,Roma,0-2,P,2° tempo,0.39,43,5,2,0,0,131,193,68,1,,0.15,3,0,4,1,0,18,1,1,4,9,29,31,34,65,52,1,8,13,0.41,14,5,12,17,71,36,12,6,0,0,2,1.1,0.1,
21,18.01.2026,Roma,Trasferta,Torino,2-0,V,2° tempo,0.77,57,5,3,2,0,208,261,80,1,,1.1,2,0,5,0,0,12,1,1,5,11,32,34,64,84,76,0,4,0,0.74,12,4,7,8,88,29,15,7,0,0,2,0.15,0.15,
21,17.01.2026,Udinese,Casa,Inter,0-1,P,Totale,0.22,37,5,1,0,2,302,371,81,0,,0.2,2,2,2,3,0,12,0,1,11,18,44,41,41,74,55,1,10,10,0.33,13,17,7,12,58,43,22,11,2,0,4,2.04,1.04,
21,17.01.2026,Inter,Trasferta,Udinese,1-0,V,Totale,1.6,63,14,5,3,5,537,616,87,1,,2.04,5,4,11,3,0,26,1,2,17,15,43,35,97,133,73,2,17,12,0.58,16,11,11,17,65,39,14,7,0,0,1,0.2,0.2,
21,17.01.2026,Udinese,Casa,Inter,0-1,P,1° tempo,0.1,27,1,1,0,1,103,140,74,,,0.2,0,0,0,1,0,5,0,0,3,10,27,37,14,33,42,0,4,0,0.17,7,6,2,6,33,20,12,7,1,0,3,1.95,0.95,
21,17.01.2026,Inter,Trasferta,Udinese,1-0,V,1° tempo,0.77,73,9,4,2,3,344,384,90,,,1.95,4,1,7,2,0,15,0,1,6,9,19,47,48,61,79,1,12,8,0.23,7,3,5,6,83,12,4,2,0,0,1,0.2,0.2,
21,17.01.2026,Udinese,Casa,Inter,0-1,P,2° tempo,0.12,50,4,0,0,1,199,231,86,0,,0,2,2,2,2,0,7,0,1,8,8,17,47,27,41,66,1,6,17,0.16,6,11,5,6,83,23,10,4,1,0,1,0.09,0.09,
21,17.01.2026,Inter,Trasferta,Udinese,1-0,V,2° tempo,0.83,50,5,1,1,2,193,232,83,1,,0.09,1,3,4,1,0,11,1,1,11,6,24,25,49,72,68,1,5,20,0.35,9,8,6,11,55,27,10,5,0,0,0,0,0,
22,25.01.2026,Atalanta,Casa,Parma,4-0,V,Totale,4.19,48,21,9,7,6,365,429,85,1,,4.43,3,9,16,5,0,45,0,2,8,27,50,54,94,113,83,4,23,17,2.16,11,14,4,10,40,37,30,14,1,0,2,1.15,1.15,
22,25.01.2026,Parma,Trasferta,Atalanta,0-4,P,Totale,1.65,52,15,2,3,9,375,457,82,0,,1.15,8,5,10,5,0,23,0,0,14,19,48,40,70,121,58,7,26,27,1.43,18,8,9,14,64,47,24,6,0,0,4,4.43,0.43,
22,25.01.2026,Atalanta,Casa,Parma,4-0,V,1° tempo,1.9,54,9,4,3,3,215,252,85,,,1.59,2,3,6,3,0,22,0,1,5,11,24,46,58,72,81,2,12,17,0.93,9,5,1,3,33,20,7,7,0,0,1,0.69,0.69,
22,25.01.2026,Parma,Trasferta,Atalanta,0-4,P,1° tempo,0.34,46,4,1,1,3,173,215,80,,,0.69,2,1,3,1,0,5,0,0,5,8,28,29,24,44,55,3,9,33,0.32,8,5,4,7,57,21,17,2,0,0,1,1.59,-0.41,
22,25.01.2026,Atalanta,Casa,Parma,4-0,V,2° tempo,2.29,42,12,5,4,3,150,177,85,1,,2.84,1,6,10,2,0,23,0,1,3,16,26,62,36,41,88,2,11,18,1.23,2,9,3,7,43,17,23,7,1,0,1,0.46,0.46,
22,25.01.2026,Parma,Trasferta,Atalanta,0-4,P,2° tempo,1.31,58,11,1,2,6,202,242,83,0,,0.46,6,4,7,4,0,18,0,0,9,11,20,55,46,77,60,4,17,24,1.11,10,3,5,7,71,26,7,4,0,0,3,2.84,0.84,
22,24.01.2026,Como,Casa,Torino,6-0,V,Totale,2.88,59,17,7,4,2,472,554,85,0,,4.33,6,4,11,6,0,24,2,1,15,14,34,41,93,131,71,2,10,20,1.33,10,9,4,6,67,39,16,8,1,0,1,0.07,0.07,
22,24.01.2026,Torino,Trasferta,Como,0-6,P,Totale,0.48,41,7,1,0,1,295,372,79,1,,0.07,5,1,5,2,0,16,0,7,9,20,46,43,55,86,64,4,13,31,0.41,11,15,1,8,13,30,10,1,0,0,1,4.33,-1.67,
22,24.01.2026,Como,Casa,Torino,6-0,V,1° tempo,1.15,49,11,3,2,0,174,220,79,0,,1.56,6,2,6,5,0,11,1,1,9,10,22,45,30,47,64,1,4,25,0.56,5,3,2,3,67,24,7,7,0,0,0,0,0,
22,24.01.2026,Torino,Trasferta,Como,0-6,P,1° tempo,0.36,51,4,0,0,1,171,215,80,1,,0,3,1,3,1,0,8,0,2,3,15,29,52,38,59,64,2,9,22,0.34,4,9,0,6,0,20,4,1,0,0,1,1.56,-0.44,
22,24.01.2026,Como,Casa,Torino,6-0,V,2° tempo,1.73,67,6,4,2,2,298,334,89,,,2.77,0,2,5,1,0,13,1,0,6,4,12,33,63,84,75,1,6,17,0.77,5,6,2,3,67,15,9,1,1,0,1,0.07,0.07,
22,24.01.2026,Torino,Trasferta,Como,0-6,P,2° tempo,0.12,33,3,1,0,0,124,157,79,,,0.07,2,0,2,1,0,8,0,5,6,5,17,29,17,27,63,2,4,50,0.07,7,6,1,2,50,10,6,0,0,0,0,2.77,-1.23,
22,24.01.2026,Fiorentina,Casa,Cagliari,1-2,P,Totale,2.03,70,15,3,3,8,547,613,89,2,,1.28,6,6,9,6,1,35,0,1,17,19,34,56,166,211,79,7,39,18,2.09,22,11,4,10,40,44,7,7,1,0,4,1.86,-0.14,0
22,24.01.2026,Cagliari,Trasferta,Fiorentina,2-1,V,Totale,1.28,30,10,6,1,3,204,272,75,3,,1.86,1,3,7,3,0,10,0,1,11,22,54,41,35,58,60,3,7,43,0.31,11,17,11,14,79,38,41,17,0,0,2,1.28,0.28,1
22,24.01.2026,Fiorentina,Casa,Cagliari,1-2,P,1° tempo,0.5,65,6,1,1,6,266,297,90,,,0.18,4,1,3,3,0,13,0,0,9,13,19,68,62,85,73,2,17,12,0.51,6,4,1,5,20,24,5,3,0,0,1,0.68,-0.32,0
22,24.01.2026,Cagliari,Trasferta,Fiorentina,2-1,V,1° tempo,0.32,35,4,2,1,1,132,167,79,,,0.68,0,2,3,1,0,6,0,1,4,9,22,41,17,25,68,2,5,40,0.19,5,9,6,6,100,19,23,8,0,0,1,0.18,0.18,1
22,24.01.2026,Fiorentina,Casa,Cagliari,1-2,P,2° tempo,1.53,75,9,2,2,2,281,316,89,2,,1.1,2,5,6,3,1,22,0,1,8,6,15,40,104,126,83,5,22,23,1.58,16,7,3,5,60,20,2,4,1,0,3,1.18,0.18,
22,24.01.2026,Cagliari,Trasferta,Fiorentina,2-1,V,2° tempo,0.96,25,6,4,0,2,72,105,69,3,,1.18,1,1,4,2,0,4,0,0,7,13,32,41,18,33,55,1,2,50,0.12,6,8,5,8,63,19,18,9,0,0,1,1.1,0.1,
22,25.01.2026,Genoa,Casa,Bologna,3-2,V,Totale,0.53,49,8,6,2,5,252,330,76,2,0,2.13,1,1,4,4,0,18,0,1,17,23,57,40,58,95,61,4,24,17,0.6,25,14,7,9,78,50,21,4,0,0,2,0.14,-0.86,
22,25.01.2026,Bologna,Trasferta,Genoa,2-3,P,Totale,0.55,51,13,3,0,2,279,358,78,2,1,0.14,4,6,7,6,0,22,0,2,14,23,71,32,78,116,67,8,16,50,0.63,14,17,6,12,50,42,34,5,0,0,3,2.13,-0.87,
22,25.01.2026,Genoa,Casa,Bologna,3-2,V,1° tempo,0.15,37,1,0,0,1,98,138,71,,,0,0,1,1,0,0,6,0,1,9,12,31,39,13,26,50,1,10,10,0.33,16,5,4,6,67,24,12,2,0,0,2,0.14,-0.86,
22,25.01.2026,Bologna,Trasferta,Genoa,2-3,P,1° tempo,0.44,63,10,3,0,1,210,242,87,,,0.14,3,4,4,6,0,14,0,1,5,12,29,41,62,77,81,6,12,50,0.39,8,9,5,7,71,23,15,3,0,0,0,0,0,
22,25.01.2026,Genoa,Casa,Bologna,3-2,V,2° tempo,0.38,63,7,6,2,4,154,192,80,2,0,2.13,1,0,3,4,0,12,0,0,8,11,26,42,45,69,65,3,14,21,0.27,9,9,3,3,100,26,9,2,0,0,0,0,0,
22,25.01.2026,Bologna,Trasferta,Genoa,2-3,P,2° tempo,0.11,37,3,0,0,1,69,116,59,2,1,0,1,2,3,0,0,8,0,1,9,11,42,26,16,39,41,2,4,50,0.24,6,8,1,5,20,19,19,2,0,0,3,2.13,-0.87,
22,23.01.2026,Inter,Casa,Pisa,6-2,V,Totale,5.07,66,34,14,10,7,469,534,88,2,,6.54,13,7,31,3,2,78,0,0,11,27,41,66,174,208,84,18,43,42,3.06,23,8,11,16,69,55,22,3,0,1,1,0.76,-1.24,3
22,23.01.2026,Pisa,Trasferta,Inter,2-6,P,Totale,0.35,34,8,3,1,5,215,274,78,3,,0.76,2,3,5,3,0,10,0,2,8,18,44,41,27,45,60,4,18,22,0.27,12,11,11,23,48,45,39,19,0,0,5,6.54,0.54,1
22,23.01.2026,Inter,Casa,Pisa,6-2,V,1° tempo,2.64,80,16,4,5,3,278,310,90,1,,3.38,7,5,15,1,1,37,0,0,4,15,22,68,113,131,86,10,27,37,1.68,15,5,4,6,67,26,14,1,0,1,0,0.75,-1.25,2
22,23.01.2026,Pisa,Trasferta,Inter,2-6,P,1° tempo,0.21,20,6,2,0,4,52,76,68,1,,0.75,1,3,4,2,0,6,0,0,5,5,20,25,10,16,63,2,9,22,0.11,5,4,4,8,50,19,26,9,0,0,1,3.38,0.38,1
22,23.01.2026,Inter,Casa,Pisa,6-2,V,2° tempo,2.43,54,18,10,5,4,191,224,85,1,,3.16,6,2,16,2,1,41,0,0,7,12,19,63,61,77,79,8,16,50,1.38,8,3,7,10,70,29,8,2,0,0,1,0.01,0.01,1
22,23.01.2026,Pisa,Trasferta,Inter,2-6,P,2° tempo,0.14,46,2,1,1,1,163,198,82,2,,0.01,1,0,1,1,0,4,0,2,3,13,24,54,17,29,59,2,9,22,0.16,7,7,7,15,47,26,13,10,0,0,4,3.16,0.16,0
22,25.01.2026,Juventus,Casa,Napoli,3-0,V,Totale,1.49,42,12,6,3,2,374,446,84,1,,1.47,3,3,7,5,1,20,2,1,11,22,50,44,106,133,80,1,12,8,1.08,15,21,17,26,65,47,15,9,1,0,1,0.61,0.61,
22,25.01.2026,Napoli,Trasferta,Juventus,0-3,P,Totale,0.51,58,9,1,1,2,544,612,89,2,,0.61,4,4,2,7,0,15,0,1,21,9,24,38,87,106,82,0,12,0,0.74,24,11,7,11,64,42,18,9,2,1,2,1.47,-1.53,
22,25.01.2026,Juventus,Casa,Napoli,3-0,V,1° tempo,1.09,43,6,3,2,2,188,223,84,0,,0.74,2,1,5,1,1,14,2,1,4,10,18,56,55,67,82,1,8,13,0.85,8,9,11,15,73,24,10,2,1,0,1,0.61,0.61,
22,25.01.2026,Napoli,Trasferta,Juventus,0-3,P,1° tempo,0.16,57,5,1,0,1,264,301,88,1,,0.61,1,3,0,5,0,7,0,0,9,4,11,36,61,73,84,0,7,0,0.52,14,4,6,7,86,22,10,5,1,0,1,0.74,-0.26,
22,25.01.2026,Juventus,Casa,Napoli,3-0,V,2° tempo,0.4,41,6,3,1,0,186,223,83,1,,0.73,1,2,2,4,0,6,0,0,7,12,32,38,51,66,77,0,4,0,0.23,7,12,6,11,55,23,5,7,0,0,0,0,0,
22,25.01.2026,Napoli,Trasferta,Juventus,0-3,P,2° tempo,0.35,59,4,0,1,1,280,311,90,1,,0,3,1,2,2,0,8,0,1,12,5,13,38,26,33,79,0,5,0,0.22,10,7,1,4,25,20,8,4,1,1,1,0.73,-1.27,
22,24.01.2026,Lecce,Casa,Lazio,0-0,N,Totale,0.59,39,15,2,0,4,271,343,79,2,,0.26,6,7,7,8,1,18,0,0,6,18,47,38,70,107,65,5,17,29,0.6,25,16,20,24,83,56,22,9,0,0,1,0.21,0.21,
22,24.01.2026,Lazio,Trasferta,Lecce,0-0,N,Totale,0.39,61,6,1,1,1,474,559,85,1,,0.21,2,3,5,1,0,16,1,0,16,12,36,33,63,108,58,0,10,0,0.36,25,6,9,12,75,50,17,4,0,0,2,0.26,0.26,
22,24.01.2026,Lecce,Casa,Lazio,0-0,N,1° tempo,0.26,43,7,1,0,1,187,215,87,,,0.12,3,3,3,4,1,10,0,0,2,13,21,62,54,68,79,2,8,25,0.49,15,10,10,11,91,29,10,6,0,0,0,0,0,
22,24.01.2026,Lazio,Trasferta,Lecce,0-0,N,1° tempo,0,57,0,0,0,0,251,291,86,,,0,0,0,0,0,0,1,0,0,10,4,13,31,34,56,61,0,2,0,0.04,9,2,7,10,70,28,7,2,0,0,1,0.12,0.12,
22,24.01.2026,Lecce,Casa,Lazio,0-0,N,2° tempo,0.33,33,8,1,0,3,84,128,66,2,,0.14,3,4,4,4,0,8,0,0,4,5,26,19,16,39,41,3,9,33,0.11,10,6,10,13,77,27,12,3,0,0,1,0.21,0.21,
22,24.01.2026,Lazio,Trasferta,Lecce,0-0,N,2° tempo,0.39,67,6,1,1,1,223,268,83,1,,0.21,2,3,5,1,0,15,1,0,6,8,23,35,29,52,56,0,8,0,0.32,16,4,2,2,100,22,10,2,0,0,1,0.14,0.14,
22,25.01.2026,Roma,Casa,Milan,1-1,N,Totale,2.73,58,15,7,4,5,511,586,87,0,,2.59,3,5,11,4,0,47,1,1,11,25,41,61,196,246,80,5,27,19,1.56,23,15,6,12,50,43,12,10,0,0,1,1.01,0.01,0
22,25.01.2026,Milan,Trasferta,Roma,1-1,N,Totale,0.44,42,5,2,1,3,359,434,83,4,,1.01,2,1,4,1,0,12,0,1,15,19,47,40,53,78,68,2,11,18,0.46,15,11,9,21,43,50,26,9,2,0,6,2.59,1.59,1
22,25.01.2026,Roma,Casa,Milan,1-1,N,1° tempo,1.77,57,11,5,3,3,273,309,88,,,1.6,3,3,9,2,0,30,1,0,4,17,24,71,100,127,79,3,13,23,1.29,12,7,4,7,57,20,6,5,0,0,0,0,0,
22,25.01.2026,Milan,Trasferta,Roma,1-1,N,1° tempo,0.02,43,1,0,0,1,201,242,83,,,0,1,0,0,1,0,2,0,0,7,13,26,50,32,46,70,0,5,0,0.05,8,4,5,11,45,23,11,9,2,0,5,1.6,1.6,
22,25.01.2026,Roma,Casa,Milan,1-1,N,2° tempo,0.96,59,4,2,1,2,238,277,86,0,,0.99,0,2,2,2,0,17,0,1,7,8,17,47,96,119,81,2,14,14,0.27,11,8,2,5,40,23,6,5,0,0,1,1.01,0.01,0
22,25.01.2026,Milan,Trasferta,Roma,1-1,N,2° tempo,0.42,41,4,2,1,2,158,192,82,4,,1.01,1,1,4,0,0,10,0,1,8,6,21,29,21,32,66,2,6,33,0.41,7,7,4,10,40,27,15,0,0,0,1,0.99,-0.01,1
22,25.01.2026,Sassuolo,Casa,Cremonese,1-0,V,Totale,1.06,45,13,7,2,3,311,377,82,1,,1.64,5,1,7,6,1,17,0,4,14,20,50,40,86,119,72,3,6,50,0.4,21,13,7,12,58,42,30,10,0,0,4,0.42,0.42,
22,25.01.2026,Cremonese,Trasferta,Sassuolo,0-1,P,Totale,0.65,55,10,4,1,5,358,444,81,2,,0.42,2,4,4,6,0,15,1,3,13,21,57,37,99,147,67,1,25,4,0.52,21,14,12,20,60,44,12,6,0,1,6,1.64,0.64,
22,25.01.2026,Sassuolo,Casa,Cremonese,1-0,V,1° tempo,0.67,42,7,5,1,0,148,174,85,0,,1.33,2,0,2,5,0,6,0,3,8,12,19,63,46,60,77,1,3,33,0.16,8,5,4,6,67,24,18,7,0,0,2,0.16,0.16,
22,25.01.2026,Cremonese,Trasferta,Sassuolo,0-1,P,1° tempo,0.37,58,5,2,1,4,192,230,83,1,,0.16,1,2,2,3,0,7,0,0,5,9,24,38,54,78,69,0,17,0,0.19,13,8,1,5,20,12,3,4,0,1,4,1.33,0.33,
22,25.01.2026,Sassuolo,Casa,Cremonese,1-0,V,2° tempo,0.39,49,6,2,1,3,163,203,80,1,,0.31,3,1,5,1,1,11,0,1,6,8,31,26,40,59,68,2,3,67,0.24,13,8,3,6,50,18,12,3,0,0,2,0.26,0.26,
22,25.01.2026,Cremonese,Trasferta,Sassuolo,0-1,P,2° tempo,0.28,51,5,2,0,1,166,214,78,1,,0.26,1,2,2,3,0,8,1,3,8,12,33,36,45,69,65,1,8,13,0.33,8,6,11,15,73,32,9,2,0,0,2,0.31,0.31,
22,26.01.2026,Verona,Casa,Udinese,1-3,P,Totale,0.87,53,7,4,0,3,340,434,78,2,,1.37,1,2,5,2,0,10,1,1,11,15,62,24,87,130,67,2,12,17,0.49,18,8,12,25,48,60,23,9,0,1,4,1.99,-1.01,
22,26.01.2026,Udinese,Trasferta,Verona,3-1,V,Totale,1.69,47,20,7,2,8,322,383,84,0,,1.99,6,7,11,9,0,34,0,2,8,14,36,39,79,104,76,3,18,17,0.67,21,11,13,17,76,61,27,10,0,0,3,1.37,0.37,
22,26.01.2026,Verona,Casa,Udinese,1-3,P,1° tempo,0.27,41,3,2,0,1,114,164,70,,,0.64,0,1,2,1,0,3,0,0,5,8,32,25,35,59,59,0,7,0,0.11,9,3,5,12,42,25,16,3,0,1,2,0.59,-0.41,
22,26.01.2026,Udinese,Trasferta,Verona,3-1,V,1° tempo,0.64,59,8,3,0,2,203,239,85,,,0.59,2,3,4,4,0,16,0,2,3,6,17,35,43,57,75,1,7,14,0.42,15,5,5,8,63,30,14,6,0,0,1,0.64,-0.36,
22,26.01.2026,Verona,Casa,Udinese,1-3,P,2° tempo,0.6,64,4,2,0,2,226,270,84,2,,0.73,1,1,3,1,0,7,1,1,6,7,30,23,52,71,73,2,5,40,0.38,9,5,7,13,54,35,7,6,0,0,2,1.4,-0.6,
22,26.01.2026,Udinese,Trasferta,Verona,3-1,V,2° tempo,1.05,36,12,4,2,6,119,144,83,0,,1.4,4,4,7,5,0,18,0,0,5,8,19,42,36,47,77,2,11,18,0.25,6,6,8,9,89,31,13,4,0,0,2,0.73,0.73,
23,03.02.2026,Bologna,Casa,Milan,0-3,P,Totale,0.46,54,13,2,0,5,430,491,88,3,,0.15,9,2,7,6,0,29,0,0,10,50,64,78,134,169,79,10,26,38,0.91,20,14,7,18,39,47,11,7,0,2,4,2.58,-0.42,
23,03.02.2026,Milan,Trasferta,Bologna,3-0,V,Totale,2.66,46,10,7,9,0,361,429,84,0,,2.58,2,1,10,0,0,20,1,1,14,24,49,49,49,63,78,4,6,67,0.97,18,10,6,14,43,43,28,7,0,0,2,0.15,0.15,
23,03.02.2026,Bologna,Casa,Milan,0-3,P,1° tempo,0.38,56,9,1,0,3,201,231,87,,,0.01,6,2,6,3,0,18,0,0,5,26,35,74,64,81,79,4,12,33,0.57,4,7,4,11,36,26,6,4,0,1,1,1.61,-0.39,
23,03.02.2026,Milan,Trasferta,Bologna,3-0,V,1° tempo,1.86,44,5,3,6,0,151,186,81,,,1.61,2,0,5,0,0,9,1,0,7,14,29,48,23,29,79,3,4,75,0.77,13,5,2,5,40,21,9,2,0,0,1,0.01,0.01,
23,03.02.2026,Bologna,Casa,Milan,0-3,P,2° tempo,0.08,53,4,1,0,2,229,260,88,3,,0.14,3,0,1,3,0,11,0,0,5,24,29,83,70,88,80,6,14,43,0.34,16,7,3,7,43,21,5,3,0,1,3,0.97,-0.03,
23,03.02.2026,Milan,Trasferta,Bologna,3-0,V,2° tempo,0.8,47,5,4,3,0,210,243,86,0,,0.97,0,1,5,0,0,11,0,1,7,10,20,50,26,34,76,1,2,50,0.2,5,5,4,9,44,22,19,5,0,0,1,0.14,0.14,
23,31.01.2026,Cagliari,Casa,Verona,4-0,V,Totale,1.74,62,13,7,4,6,536,622,86,0,0,2.28,2,4,6,7,0,16,0,3,14,26,57,46,52,79,66,4,12,33,0.55,16,9,7,13,54,46,29,5,0,0,2,0.36,0.36,1
23,31.01.2026,Verona,Trasferta,Cagliari,0-4,P,Totale,0.45,38,9,3,0,3,298,381,78,2,1,0.36,3,3,6,3,0,15,0,0,9,17,42,40,44,96,46,1,10,10,0.16,20,14,7,16,44,38,17,9,0,0,3,2.28,-1.72,0
23,31.01.2026,Cagliari,Casa,Verona,4-0,V,1° tempo,0.44,46,5,3,1,2,160,213,75,0,,0.7,1,1,3,2,0,9,0,3,6,11,28,39,17,27,63,1,5,20,0.25,9,6,5,9,56,27,12,3,0,0,1,0.22,0.22,
23,31.01.2026,Verona,Trasferta,Cagliari,0-4,P,1° tempo,0.31,54,5,2,0,0,197,253,78,1,,0.22,3,0,3,2,0,7,0,0,6,9,23,39,28,61,46,0,5,0,0.08,11,6,4,7,57,22,6,7,0,0,1,0.7,-1.3,
23,31.01.2026,Cagliari,Casa,Verona,4-0,V,2° tempo,1.3,76,8,4,3,4,376,409,92,0,0,1.58,1,3,3,5,0,7,0,0,8,15,29,52,35,52,67,3,7,43,0.3,7,3,2,4,50,19,17,2,0,0,1,0.14,0.14,1
23,31.01.2026,Verona,Trasferta,Cagliari,0-4,P,2° tempo,0.14,24,4,1,0,3,101,128,79,1,1,0.14,0,3,3,1,0,8,0,0,3,8,19,42,16,35,46,1,5,20,0.08,9,8,3,9,33,16,11,2,0,0,2,1.58,-0.42,0
23,01.02.2026,Como,Casa,Atalanta,0-0,N,Totale,5.05,79,28,9,12,7,698,765,91,4,0,2.02,12,7,19,9,0,50,1,1,11,22,35,63,238,277,86,11,28,39,3.19,22,9,5,8,63,44,17,6,0,0,2,0.67,0.67,
23,01.02.2026,Atalanta,Trasferta,Como,0-0,N,Totale,0.52,21,6,2,1,1,121,194,62,3,1,0.67,2,2,3,3,0,9,1,2,9,14,55,25,32,66,48,2,9,22,0.36,16,11,17,23,74,48,37,9,0,0,9,2.02,2.02,
23,01.02.2026,Como,Casa,Atalanta,0-0,N,1° tempo,1.91,78,15,6,6,4,379,410,92,2,0,0.9,5,4,10,5,0,24,1,0,6,13,19,68,110,128,86,5,13,38,1.27,9,2,3,5,60,25,5,6,0,0,1,0.07,0.07,
23,01.02.2026,Atalanta,Trasferta,Como,0-0,N,1° tempo,0.12,22,2,1,0,0,74,109,68,1,1,0.07,0,1,1,1,0,3,0,0,2,7,25,28,21,38,55,0,4,0,0.05,7,6,7,10,70,16,18,4,0,0,6,0.9,0.9,
23,01.02.2026,Como,Casa,Atalanta,0-0,N,2° tempo,3.14,80,13,3,6,3,319,355,90,2,,1.12,7,3,9,4,0,26,0,1,5,9,16,56,128,149,86,6,15,40,1.92,13,7,2,3,67,19,12,0,0,0,1,0.6,0.6,
23,01.02.2026,Atalanta,Trasferta,Como,0-0,N,2° tempo,0.4,20,4,1,1,1,47,85,55,2,,0.6,2,1,2,2,0,6,1,2,7,7,30,23,11,28,39,2,5,40,0.31,9,5,10,13,77,32,19,5,0,0,3,1.12,1.12,
23,01.02.2026,Cremonese,Casa,Inter,0-2,P,Totale,0.72,31,9,3,0,1,202,283,71,3,,0.18,3,3,7,2,1,13,1,1,14,29,60,48,39,62,63,4,13,31,0.44,13,19,6,15,40,44,32,4,1,0,2,1.22,-0.78,0
23,01.02.2026,Inter,Trasferta,Cremonese,2-0,V,Totale,1.41,69,15,4,4,6,561,638,88,0,,1.22,5,6,11,4,0,27,0,1,19,24,44,55,181,225,80,8,24,33,1.47,21,14,5,8,63,44,26,4,1,0,3,0.18,0.18,1
23,01.02.2026,Cremonese,Casa,Inter,0-2,P,1° tempo,0.2,26,3,1,0,1,75,112,67,,,0.04,2,0,2,1,0,2,0,1,5,10,27,37,13,20,65,2,6,33,0.09,8,8,1,7,14,17,16,2,1,0,1,0.91,-1.09,0
23,01.02.2026,Inter,Trasferta,Cremonese,2-0,V,1° tempo,1.04,74,11,3,3,5,302,337,90,,,0.91,4,4,7,4,0,14,0,0,8,13,22,59,93,116,80,5,16,31,0.89,8,5,2,3,67,19,10,1,1,0,1,0.04,0.04,1
23,01.02.2026,Cremonese,Casa,Inter,0-2,P,2° tempo,0.52,37,6,2,0,0,127,171,74,3,,0.14,1,3,5,1,1,11,1,0,9,19,33,58,26,42,62,2,7,29,0.35,5,11,5,8,63,27,16,2,0,0,1,0.31,0.31,
23,01.02.2026,Inter,Trasferta,Cremonese,2-0,V,2° tempo,0.37,63,4,1,1,1,259,301,86,0,,0.31,1,2,4,0,0,13,0,1,11,11,22,50,88,109,81,3,8,38,0.58,13,9,3,5,60,25,16,3,0,0,2,0.14,0.14,
23,30.01.2026,Lazio,Casa,Genoa,3-2,V,Totale,2.12,55,14,4,3,5,454,521,87,2,,2.59,5,5,7,7,0,22,0,2,12,18,36,50,125,160,78,3,11,27,0.66,24,12,8,9,89,33,18,6,0,0,2,1.89,-0.11,
23,30.01.2026,Genoa,Trasferta,Lazio,2-3,P,Totale,1.76,45,16,4,2,3,359,412,87,3,,1.89,3,9,9,7,1,15,1,1,12,20,38,53,35,54,65,5,22,23,0.51,14,12,10,13,77,38,20,6,0,0,2,2.59,-0.41,
23,30.01.2026,Lazio,Casa,Genoa,3-2,V,1° tempo,0.23,54,6,0,0,4,274,306,90,,,0,4,2,3,3,0,10,0,0,7,7,15,47,78,94,83,2,9,22,0.28,10,4,4,4,100,16,9,4,0,0,2,0.25,0.25,
23,30.01.2026,Genoa,Trasferta,Lazio,2-3,P,1° tempo,0.57,46,8,2,1,2,233,261,89,,,0.25,0,6,5,3,0,9,1,1,4,13,23,57,23,35,66,4,9,44,0.46,6,7,7,9,78,20,12,3,0,0,1,0,0,
23,30.01.2026,Lazio,Casa,Genoa,3-2,V,2° tempo,1.89,57,8,4,3,1,180,215,84,2,,2.59,1,3,4,4,0,12,0,2,5,11,21,52,47,66,71,1,2,50,0.38,14,8,4,5,80,17,9,2,0,0,0,1.64,-0.36,
23,30.01.2026,Genoa,Trasferta,Lazio,2-3,P,2° tempo,1.19,43,8,2,1,1,126,151,83,3,,1.64,3,3,4,4,1,6,0,0,8,7,15,47,12,19,63,1,13,8,0.05,8,5,3,4,75,18,8,3,0,0,1,2.59,-0.41,
23,31.01.2026,Napoli,Casa,Fiorentina,2-1,V,Totale,1.73,53,19,6,2,4,423,482,88,1,,1.87,6,7,13,6,0,33,0,0,13,28,54,52,99,126,79,2,10,20,0.87,14,21,4,8,50,43,21,3,0,0,4,1.91,0.91,
23,31.01.2026,Fiorentina,Trasferta,Napoli,1-2,P,Totale,1.23,47,15,5,4,4,358,419,85,1,,1.91,8,2,12,3,1,18,2,2,21,25,47,53,48,73,66,8,14,57,1.1,9,13,6,8,75,37,25,5,0,0,4,1.87,-0.13,
23,31.01.2026,Napoli,Casa,Fiorentina,2-1,V,1° tempo,1.2,64,12,2,2,2,242,278,87,0,,0.89,5,5,8,4,0,19,0,0,5,13,27,48,54,73,74,1,5,20,0.23,13,7,0,1,0,15,11,0,0,0,2,0.96,0.96,
23,31.01.2026,Fiorentina,Trasferta,Napoli,1-2,P,1° tempo,0.32,36,4,2,1,3,125,154,81,1,,0.96,1,1,4,0,1,7,0,1,7,10,24,42,6,17,35,4,7,57,0.49,7,5,2,3,67,14,18,5,0,0,1,0.89,-0.11,
23,31.01.2026,Napoli,Casa,Fiorentina,2-1,V,2° tempo,0.53,43,7,4,0,2,181,204,89,1,,0.98,1,2,5,2,0,14,0,0,8,15,27,56,45,53,85,1,5,20,0.64,1,14,4,7,57,28,10,3,0,0,2,0.95,-0.05,
23,31.01.2026,Fiorentina,Trasferta,Napoli,1-2,P,2° tempo,0.91,57,11,3,3,1,233,265,88,0,,0.95,7,1,8,3,0,11,2,1,14,15,23,65,42,56,75,4,7,57,0.61,2,8,4,5,80,23,7,0,0,0,3,0.98,-0.02,
23,01.02.2026,Parma,Casa,Juventus,1-4,P,Totale,0.62,39,10,4,1,5,303,361,84,1,,0.36,3,3,4,6,0,17,1,1,13,14,27,52,69,100,69,2,19,11,0.84,15,10,7,9,78,37,22,14,1,1,3,4.12,0.12,0
23,01.02.2026,Juventus,Trasferta,Parma,4-1,V,Totale,4.14,61,15,8,7,3,489,567,86,3,,4.12,4,3,13,2,2,41,2,2,10,25,42,60,140,174,80,5,16,31,1.73,10,13,8,17,47,41,16,8,1,0,4,0.36,0.36,1
23,01.02.2026,Parma,Casa,Juventus,1-4,P,1° tempo,0.15,38,5,2,0,4,121,146,83,0,,0.11,1,2,1,4,0,8,0,1,9,10,17,59,26,40,65,0,13,0,0.27,5,3,4,5,80,23,12,8,0,0,1,1.97,-0.03,0
23,01.02.2026,Juventus,Trasferta,Parma,4-1,V,1° tempo,0.89,62,7,3,3,3,209,248,84,3,,1.97,2,2,6,1,1,28,2,0,3,11,18,61,62,79,78,4,13,31,1.37,6,9,2,5,40,19,10,4,1,0,2,0.11,0.11,1
23,01.02.2026,Parma,Casa,Juventus,1-4,P,2° tempo,0.47,41,5,2,1,1,182,215,85,1,,0.25,2,1,3,2,0,9,1,0,4,4,10,40,43,60,72,2,6,33,0.57,10,7,3,4,75,14,10,6,1,1,2,2.15,0.15,
23,01.02.2026,Juventus,Trasferta,Parma,4-1,V,2° tempo,3.25,59,8,5,4,0,280,319,88,0,,2.15,2,1,7,1,1,13,0,2,7,14,24,58,78,95,82,1,3,33,0.36,4,4,6,12,50,22,6,4,0,0,2,0.25,0.25,
23,31.01.2026,Pisa,Casa,Sassuolo,1-3,P,Totale,1.06,54,15,6,3,2,354,443,80,3,,1.47,7,2,9,6,0,22,0,4,8,31,57,54,87,126,69,4,18,22,0.49,17,13,7,18,39,53,31,9,3,0,4,2.42,0.42,
23,31.01.2026,Sassuolo,Trasferta,Pisa,3-1,V,Totale,2.26,46,21,5,3,5,293,371,79,3,,2.42,10,6,18,3,0,44,0,1,13,29,58,50,88,123,72,7,20,35,1.51,13,8,11,16,69,50,33,8,4,0,4,1.47,0.47,
23,31.01.2026,Pisa,Casa,Sassuolo,1-3,P,1° tempo,0.59,59,6,2,1,1,197,246,80,0,,0.25,4,0,4,2,0,13,0,2,5,17,31,55,49,70,70,2,13,15,0.2,11,6,2,10,20,26,10,3,1,0,1,0.51,-0.49,
23,31.01.2026,Sassuolo,Trasferta,Pisa,3-1,V,1° tempo,1,41,5,2,2,1,138,174,79,2,,0.51,3,0,5,0,0,11,0,0,6,14,27,52,32,44,73,1,6,17,0.36,7,5,3,7,43,24,19,5,1,0,2,0.25,0.25,
23,31.01.2026,Pisa,Casa,Sassuolo,1-3,P,2° tempo,0.47,49,9,4,2,1,157,197,80,3,,1.22,3,2,5,4,0,9,0,2,3,14,26,54,38,56,68,2,5,40,0.29,6,7,5,8,63,27,21,6,2,0,3,1.91,0.91,
23,31.01.2026,Sassuolo,Trasferta,Pisa,3-1,V,2° tempo,1.26,51,16,3,1,4,155,197,79,1,,1.91,7,6,13,3,0,33,0,1,7,15,31,48,56,79,71,6,14,43,1.15,6,3,8,9,89,26,14,3,3,0,2,1.22,0.22,
23,01.02.2026,Torino,Casa,Lecce,1-0,V,Totale,1.81,42,17,5,4,3,240,323,74,2,,1.71,7,5,12,5,0,21,1,4,12,26,59,44,49,79,62,4,12,33,0.94,14,14,15,30,50,73,43,8,0,0,2,0.11,0.11,
23,01.02.2026,Lecce,Trasferta,Torino,0-1,P,Totale,0.64,58,14,2,0,8,343,435,79,2,,0.11,5,7,5,9,0,13,0,1,14,27,64,42,99,140,71,5,31,16,0.58,33,12,5,13,38,48,15,2,0,0,3,1.71,0.71,
23,01.02.2026,Torino,Casa,Lecce,1-0,V,1° tempo,0.66,48,5,3,1,0,143,183,78,1,,0.99,2,0,3,2,0,5,1,3,7,17,30,57,24,40,60,2,5,40,0.38,5,6,7,9,78,29,18,1,0,0,2,0.11,0.11,
23,01.02.2026,Lecce,Trasferta,Torino,0-1,P,1° tempo,0.34,52,8,2,0,6,150,192,78,0,,0.11,4,2,3,5,0,5,0,0,6,15,34,44,38,54,70,2,17,12,0.19,11,7,1,5,20,19,7,1,0,0,2,0.99,-0.01,
23,01.02.2026,Torino,Casa,Lecce,1-0,V,2° tempo,1.15,37,12,2,3,3,97,140,69,1,,0.72,5,5,9,3,0,16,0,1,5,9,29,31,25,39,64,2,7,29,0.56,9,8,8,21,38,44,25,7,0,0,0,0,0,
23,01.02.2026,Lecce,Trasferta,Torino,0-1,P,2° tempo,0.3,63,6,0,0,2,193,243,79,2,,0,1,5,2,4,0,8,0,1,8,12,30,40,61,86,71,3,14,21,0.39,22,5,4,8,50,29,8,1,0,0,1,0.72,0.72,
23,02.02.2026,Udinese,Casa,Roma,1-0,V,Totale,0.54,36,7,4,1,4,224,294,76,5,,0.35,3,0,1,6,0,6,0,0,17,16,45,36,36,63,57,1,4,25,0.18,18,18,11,24,46,60,34,12,0,0,3,1.63,1.63,
23,02.02.2026,Roma,Trasferta,Udinese,0-1,P,Totale,0.74,64,10,3,0,7,439,507,87,4,,1.63,2,5,7,3,0,26,0,2,18,32,57,56,79,113,70,5,23,22,0.73,18,17,12,18,67,62,19,16,0,0,3,0.35,-0.65,
23,02.02.2026,Udinese,Casa,Roma,1-0,V,1° tempo,0.47,46,5,2,1,2,164,199,82,2,,0.1,3,0,1,4,0,3,0,0,7,13,26,50,21,30,70,0,1,0,0.05,15,5,4,10,40,22,10,4,0,0,1,0.68,0.68,
23,02.02.2026,Roma,Trasferta,Udinese,0-1,P,1° tempo,0.34,54,3,1,0,3,196,228,86,1,,0.68,1,1,2,1,0,6,0,1,5,15,27,56,39,58,67,2,7,29,0.32,4,7,6,8,75,24,10,11,0,0,2,0.1,0.1,
23,02.02.2026,Udinese,Casa,Roma,1-0,V,2° tempo,0.07,25,2,2,0,2,60,95,63,3,,0.25,0,0,0,2,0,3,0,0,10,3,19,16,15,33,45,1,3,33,0.13,3,13,7,14,50,38,24,8,0,0,2,0.95,0.95,
23,02.02.2026,Roma,Trasferta,Udinese,0-1,P,2° tempo,0.4,75,7,2,0,4,243,279,87,3,,0.95,1,4,5,2,0,20,0,1,13,17,30,57,40,55,73,3,16,19,0.41,14,10,6,10,60,38,9,5,0,0,1,0.25,-0.75,
24,09.02.2026,Atalanta,Casa,Cremonese,2-1,V,Totale,1.78,56,29,9,0,13,401,487,82,2,,1.87,10,10,21,8,2,42,0,3,11,31,54,57,105,139,76,11,32,34,1.06,13,11,8,10,80,49,25,5,0,0,1,0.95,-0.05,
24,09.02.2026,Cremonese,Trasferta,Atalanta,1-2,P,Totale,0.99,44,12,2,2,2,296,388,76,0,,0.95,7,3,7,5,0,20,0,3,11,33,76,43,52,91,57,6,17,35,0.83,22,11,4,8,50,57,36,11,1,1,7,1.87,-0.13,
24,09.02.2026,Atalanta,Casa,Cremonese,2-1,V,1° tempo,0.69,60,13,6,0,4,242,281,86,,,1.6,2,5,9,4,2,20,0,2,8,16,25,64,80,99,81,6,17,35,0.61,7,7,5,6,83,28,7,2,0,0,0,0,0,
24,09.02.2026,Cremonese,Trasferta,Atalanta,1-2,P,1° tempo,0.06,40,2,0,0,0,144,192,75,,,0,2,0,1,1,0,6,0,0,7,12,38,32,16,30,53,1,3,33,0.13,10,8,2,3,67,23,18,6,0,1,4,1.6,-0.4,
24,09.02.2026,Atalanta,Casa,Cremonese,2-1,V,2° tempo,1.09,52,16,3,0,9,159,206,77,2,,0.27,8,5,12,4,0,22,0,1,3,15,29,52,25,40,63,5,15,33,0.45,6,4,3,4,75,21,18,3,0,0,1,0.95,-0.05,
24,09.02.2026,Cremonese,Trasferta,Atalanta,1-2,P,2° tempo,0.93,48,10,2,2,2,152,196,78,0,,0.95,5,3,6,4,0,14,0,3,4,21,38,55,36,61,59,5,14,36,0.7,12,3,2,5,40,34,18,5,1,0,3,0.27,0.27,
24,08.02.2026,Bologna,Casa,Parma,0-1,P,Totale,1.11,52,16,2,3,4,321,392,82,1,1,0.53,9,5,10,6,1,24,0,3,14,32,66,48,137,172,80,10,32,31,0.86,13,10,8,11,73,47,19,5,0,0,0,0.22,-0.78,
24,08.02.2026,Parma,Trasferta,Bologna,1-0,V,Totale,0.19,48,5,1,0,5,315,376,84,3,1,0.22,1,3,0,5,0,8,0,4,10,26,45,58,63,88,72,3,19,16,0.35,17,14,6,9,67,30,22,7,1,0,3,0.53,0.53,
24,08.02.2026,Bologna,Casa,Parma,0-1,P,1° tempo,0.26,50,5,1,1,0,185,225,82,,1,0.17,2,2,3,2,0,8,0,1,6,15,33,45,59,79,75,2,7,29,0.25,5,6,3,4,75,23,11,4,0,0,0,0,0,
24,08.02.2026,Parma,Trasferta,Bologna,1-0,V,1° tempo,0.14,50,3,0,0,2,186,218,85,,0,0,1,2,0,3,0,8,0,2,6,12,19,63,44,59,75,2,14,14,0.32,11,6,3,5,60,16,11,4,1,0,1,0.17,0.17,
24,08.02.2026,Bologna,Casa,Parma,0-1,P,2° tempo,0.85,54,11,1,2,4,136,167,81,1,0,0.36,7,3,7,4,1,16,0,2,8,17,33,52,78,93,84,8,25,32,0.61,8,4,5,7,71,24,8,1,0,0,0,0.22,-0.78,
24,08.02.2026,Parma,Trasferta,Bologna,1-0,V,2° tempo,0.05,46,2,1,0,3,129,158,82,3,1,0.22,0,1,0,2,0,0,0,2,4,14,26,54,19,29,66,1,5,20,0.03,6,8,3,4,75,14,11,3,0,0,2,0.36,0.36,
24,07.02.2026,Fiorentina,Casa,Torino,2-2,N,Totale,1.53,55,21,5,1,9,437,502,87,2,,1.75,10,6,14,7,0,24,1,3,23,24,42,57,98,129,76,7,25,28,0.99,13,6,4,6,67,54,25,4,1,0,2,1.61,-0.39,0
24,07.02.2026,Torino,Trasferta,Fiorentina,2-2,N,Totale,0.96,45,12,4,1,4,352,418,84,5,,1.61,2,6,10,2,0,23,0,1,6,32,53,60,69,100,69,6,17,35,0.73,12,23,7,13,54,39,34,5,0,1,3,1.75,-0.25,2
24,07.02.2026,Fiorentina,Casa,Torino,2-2,N,1° tempo,1.03,57,13,3,1,7,252,284,89,1,,0.82,5,5,9,4,0,14,1,1,9,12,17,71,63,76,83,2,12,17,0.64,6,3,4,5,80,26,9,2,1,0,0,0.59,-0.41,0
24,07.02.2026,Torino,Trasferta,Fiorentina,2-2,N,1° tempo,0.39,43,5,1,1,3,177,211,84,1,,0.59,2,2,5,0,0,9,0,0,3,17,29,59,24,37,65,1,6,17,0.31,7,9,3,6,50,16,14,3,0,0,3,0.82,0.82,1
24,07.02.2026,Fiorentina,Casa,Torino,2-2,N,2° tempo,0.5,51,8,2,0,2,185,218,85,1,,0.93,5,1,5,3,0,10,0,2,14,12,25,48,35,53,66,5,13,38,0.35,7,3,0,1,0,28,16,2,0,0,2,1.02,0.02,0
24,07.02.2026,Torino,Trasferta,Fiorentina,2-2,N,2° tempo,0.57,49,7,3,0,1,175,207,85,4,,1.02,0,4,5,2,0,14,0,1,3,15,24,63,45,63,71,5,11,45,0.42,5,14,4,7,57,23,20,2,0,1,0,0.93,-1.07,1
24,07.02.2026,Genoa,Casa,Napoli,2-3,P,Totale,1.36,40,12,3,2,4,250,313,80,2,0,1.48,8,1,6,6,0,18,0,1,12,20,47,43,69,104,66,5,27,19,0.55,10,16,12,25,48,55,12,6,0,0,2,2.25,-0.75,
24,07.02.2026,Napoli,Trasferta,Genoa,3-2,V,Totale,2.48,60,14,5,2,3,421,501,84,3,1,2.25,7,2,9,5,0,19,1,1,16,31,59,53,42,57,74,2,8,25,0.47,16,12,10,15,67,54,32,6,0,1,1,1.48,-0.52,
24,07.02.2026,Genoa,Casa,Napoli,2-3,P,1° tempo,1.13,35,7,2,1,2,119,147,81,0,,0.79,4,1,3,4,0,9,0,0,6,6,22,27,23,39,59,1,8,13,0.38,5,6,6,14,43,25,5,3,0,0,2,1.49,-0.51,
24,07.02.2026,Napoli,Trasferta,Genoa,3-2,V,1° tempo,1.05,65,7,4,1,2,257,288,89,1,,1.49,2,1,5,2,0,6,1,0,6,19,31,61,24,30,80,1,4,25,0.33,6,6,4,7,57,27,9,3,0,0,1,0.79,-0.21,
24,07.02.2026,Genoa,Casa,Napoli,2-3,P,2° tempo,0.23,46,5,1,1,2,131,166,79,2,0,0.69,4,0,3,2,0,9,0,1,6,14,25,56,46,65,71,4,19,21,0.17,5,10,6,11,55,30,7,3,0,0,0,0.76,-0.24,
24,07.02.2026,Napoli,Trasferta,Genoa,3-2,V,2° tempo,1.43,54,7,1,1,1,164,213,77,2,1,0.76,5,1,4,3,0,13,0,1,10,12,28,43,18,27,67,1,4,25,0.14,10,6,6,8,75,27,23,3,0,1,0,0.69,-0.31,
24,08.02.2026,Juventus,Casa,Lazio,2-2,N,Totale,2.81,63,34,8,4,8,558,630,89,0,,1.76,13,13,20,14,0,50,2,7,4,16,34,47,163,199,82,11,37,30,2.87,29,10,14,23,61,51,8,7,0,1,0,0.28,-1.72,2
24,08.02.2026,Lazio,Trasferta,Juventus,2-2,N,Totale,1.17,37,9,2,0,1,316,389,81,2,,0.28,5,2,6,3,0,20,0,1,10,21,56,38,36,62,58,1,2,50,0.64,10,4,20,24,83,52,33,8,1,0,6,1.76,-0.24,0
24,08.02.2026,Juventus,Casa,Lazio,2-2,N,1° tempo,0.87,56,11,2,2,3,279,317,88,0,,0.1,5,4,7,4,0,19,0,3,3,7,19,37,56,71,79,4,14,29,1.3,12,4,7,12,58,26,4,6,0,1,0,0.19,-0.81,
24,08.02.2026,Lazio,Trasferta,Juventus,2-2,N,1° tempo,0.34,44,4,1,0,1,227,259,88,1,,0.19,1,2,2,2,0,5,0,0,4,7,21,33,16,24,67,1,2,50,0.26,7,3,6,9,67,22,16,2,0,0,2,0.1,0.1,
24,08.02.2026,Juventus,Casa,Lazio,2-2,N,2° tempo,1.94,72,23,6,2,5,279,313,89,0,,1.66,8,9,13,10,0,31,2,4,1,9,15,60,107,128,84,7,23,30,1.57,17,6,7,11,64,25,4,1,0,0,0,0.09,-0.91,2
24,08.02.2026,Lazio,Trasferta,Juventus,2-2,N,2° tempo,0.83,28,5,1,0,0,89,130,68,1,,0.09,4,0,4,1,0,15,0,1,6,14,35,40,20,38,53,0,0,0,0.38,3,1,14,15,93,30,17,6,1,0,4,1.66,-0.34,0
24,08.02.2026,Lecce,Casa,Udinese,2-1,V,Totale,1.47,54,16,5,3,7,268,377,71,1,,1.6,5,6,8,8,1,23,1,3,21,22,73,30,84,137,61,8,28,29,0.93,24,9,12,17,71,61,26,5,2,0,0,0.79,-0.21,
24,08.02.2026,Udinese,Trasferta,Lecce,1-2,P,Totale,0.89,46,6,1,1,0,236,339,70,2,,0.79,4,1,2,4,0,9,0,2,9,17,66,26,37,78,47,0,8,0,0.13,14,21,12,16,75,60,34,7,0,1,3,1.6,-0.4,
24,08.02.2026,Lecce,Casa,Udinese,2-1,V,1° tempo,0.93,45,5,1,3,4,100,152,66,,,0.64,3,1,3,2,0,7,0,1,10,9,33,27,21,46,46,4,14,29,0.41,9,7,7,10,70,30,18,3,1,0,0,0.79,-0.21,
24,08.02.2026,Udinese,Trasferta,Lecce,1-2,P,1° tempo,0.83,55,3,1,1,0,147,202,73,,,0.79,2,0,1,2,0,6,0,1,7,8,34,24,22,46,48,0,4,0,0.05,6,10,7,8,88,33,14,5,0,1,0,0.64,-0.36,
24,08.02.2026,Lecce,Casa,Udinese,2-1,V,2° tempo,0.54,63,11,4,0,3,168,225,75,1,,0.96,2,5,5,6,1,16,1,2,11,13,40,33,63,91,69,4,14,29,0.52,15,2,5,7,71,31,8,2,1,0,0,0,0,
24,08.02.2026,Udinese,Trasferta,Lecce,1-2,P,2° tempo,0.06,37,3,0,0,0,89,137,65,2,,0,2,1,1,2,0,3,0,1,2,9,32,28,15,32,47,0,4,0,0.08,8,11,5,8,63,27,20,2,0,0,3,0.96,-0.04,
24,18.02.2026,Milan,Casa,Como,1-1,N,Totale,0.77,54,6,4,2,4,461,509,91,2,,1.07,2,0,5,1,0,11,0,5,12,21,35,60,81,108,75,4,17,24,0.7,21,11,12,27,44,45,8,8,0,1,3,1.18,0.18,
24,18.02.2026,Como,Trasferta,Milan,1-1,N,Totale,1.34,46,10,4,3,4,401,443,91,3,,1.18,3,3,7,3,0,19,0,1,11,13,25,52,80,99,81,5,9,56,1.22,14,12,11,15,73,41,14,7,0,0,3,1.07,0.07,
24,18.02.2026,Milan,Casa,Como,1-1,N,1° tempo,0.09,47,2,2,0,2,226,245,92,,,0.2,0,0,2,0,0,4,0,2,6,11,15,73,35,42,83,3,7,43,0.13,8,6,6,12,50,20,4,3,0,1,1,1.09,0.09,
24,18.02.2026,Como,Trasferta,Milan,1-1,N,1° tempo,1.05,53,4,2,2,3,258,280,92,,,1.09,1,1,3,1,0,7,0,1,6,8,12,67,48,59,81,3,5,60,0.88,8,6,6,7,86,20,7,3,0,0,2,0.2,0.2,
24,18.02.2026,Milan,Casa,Como,1-1,N,2° tempo,0.68,62,4,2,2,2,235,264,89,2,,0.87,2,0,3,1,0,7,0,3,6,10,20,50,46,66,70,1,10,10,0.57,13,5,6,15,40,25,4,5,0,0,2,0.09,0.09,
24,18.02.2026,Como,Trasferta,Milan,1-1,N,2° tempo,0.29,38,6,2,1,1,143,163,88,3,,0.09,2,2,4,2,0,12,0,0,5,5,13,38,32,40,80,2,4,50,0.34,6,6,5,8,63,21,7,4,0,0,1,0.87,-0.13,
24,09.02.2026,Roma,Casa,Cagliari,2-0,V,Totale,1.23,52,15,5,3,7,429,505,85,2,,1.75,6,4,15,0,0,34,0,3,14,25,45,56,126,179,70,7,26,27,0.86,17,18,5,10,50,41,7,12,0,0,1,0.01,0.01,
24,09.02.2026,Cagliari,Trasferta,Roma,0-2,P,Totale,0.5,48,3,1,1,1,379,475,80,4,,0.01,2,0,2,1,1,6,0,0,18,13,55,24,26,57,46,0,5,0,0.11,14,14,9,14,64,44,26,15,0,0,3,1.75,-0.25,
24,09.02.2026,Roma,Casa,Cagliari,2-0,V,1° tempo,0.73,59,10,2,2,5,220,266,83,0,,0.62,4,4,10,0,0,19,0,1,8,13,24,54,74,109,68,4,16,25,0.61,12,7,1,3,33,23,2,3,0,0,1,0.01,0.01,
24,09.02.2026,Cagliari,Trasferta,Roma,0-2,P,1° tempo,0.01,41,1,1,0,0,146,192,76,2,,0.01,0,0,1,0,0,3,0,0,7,8,33,24,9,22,41,0,1,0,0.07,4,8,5,8,63,21,18,9,0,0,1,0.62,-0.38,
24,09.02.2026,Roma,Casa,Cagliari,2-0,V,2° tempo,0.5,46,5,3,1,2,209,239,87,2,,1.13,2,0,5,0,0,15,0,2,6,12,21,57,52,70,74,3,10,30,0.25,5,11,4,7,57,18,5,9,0,0,0,0,0,
24,09.02.2026,Cagliari,Trasferta,Roma,0-2,P,2° tempo,0.49,54,2,0,1,1,233,283,82,2,,0,2,0,1,1,1,3,0,0,11,5,22,23,17,35,49,0,4,0,0.04,10,6,4,6,67,23,8,6,0,0,2,1.13,0.13,
24,08.02.2026,Sassuolo,Casa,Inter,0-5,P,Totale,0.78,38,7,2,1,5,265,320,83,1,1,0.25,2,3,5,2,0,13,0,3,10,23,44,52,41,69,59,2,10,20,0.18,11,6,4,6,67,30,22,2,0,0,4,3.29,-1.71,0
24,08.02.2026,Inter,Trasferta,Sassuolo,5-0,V,Totale,2.57,62,23,11,5,6,478,530,90,1,0,3.29,6,6,17,6,2,39,0,1,6,10,28,36,181,213,85,4,13,31,1.32,9,10,9,13,69,33,16,4,0,0,1,0.25,0.25,2
24,08.02.2026,Sassuolo,Casa,Inter,0-5,P,1° tempo,0.75,45,6,2,1,3,141,176,80,,,0.25,2,2,5,1,0,12,0,2,4,12,22,55,30,48,63,2,7,29,0.15,7,5,2,4,50,16,5,1,0,0,2,1.2,-0.8,0
24,08.02.2026,Inter,Trasferta,Sassuolo,5-0,V,1° tempo,1.33,55,9,4,3,2,181,214,85,,,1.2,2,3,7,2,1,17,0,0,5,7,20,35,47,60,78,2,6,33,0.65,5,4,5,9,56,23,12,2,0,0,1,0.25,0.25,1
24,08.02.2026,Sassuolo,Casa,Inter,0-5,P,2° tempo,0.03,32,1,0,0,2,124,144,86,1,1,0,0,1,0,1,0,1,0,1,6,11,22,50,11,21,52,0,3,0,0.03,4,1,2,2,100,14,17,1,0,0,2,2.09,-0.91,0
24,08.02.2026,Inter,Trasferta,Sassuolo,5-0,V,2° tempo,1.24,68,14,7,2,4,297,316,94,1,0,2.09,4,3,10,4,1,22,0,1,1,3,8,38,134,153,88,2,7,29,0.67,4,6,4,4,100,10,4,2,0,0,0,0,0,1
24,06.02.2026,Verona,Casa,Pisa,0-0,N,Totale,0.06,61,3,0,0,8,358,464,77,1,,0,3,0,1,2,1,7,0,0,16,17,59,29,42,90,47,0,18,0,0.12,27,13,4,8,50,55,39,5,1,0,3,0.87,0.87,
24,06.02.2026,Pisa,Trasferta,Verona,0-0,N,Totale,0.82,39,11,3,2,4,195,294,66,2,,0.87,5,3,9,2,1,20,1,1,13,24,69,35,30,68,44,4,16,25,0.76,29,16,4,9,44,52,45,9,0,0,0,0,0,
24,06.02.2026,Verona,Casa,Pisa,0-0,N,1° tempo,0.06,69,3,0,0,6,183,231,79,0,,0,3,0,1,2,1,5,0,0,7,5,22,23,17,35,49,0,11,0,0.07,14,6,2,2,100,26,19,0,0,0,0,0,0,
24,06.02.2026,Pisa,Trasferta,Verona,0-0,N,1° tempo,0.1,31,2,0,0,2,57,105,54,1,,0,1,1,2,0,0,6,0,0,6,4,27,15,7,24,29,1,4,25,0.09,20,7,1,1,100,22,21,7,0,0,0,0,0,
24,06.02.2026,Verona,Casa,Pisa,0-0,N,2° tempo,0,55,0,0,0,2,175,233,75,1,,0,0,0,0,0,0,2,0,0,9,12,37,32,25,55,45,0,7,0,0.05,13,7,2,6,33,29,20,5,1,0,3,0.87,0.87,
24,06.02.2026,Pisa,Trasferta,Verona,0-0,N,2° tempo,0.72,45,9,3,2,2,138,189,73,1,,0.87,4,2,7,2,1,14,1,1,7,20,42,48,23,44,52,3,12,25,0.67,9,9,3,8,38,30,24,2,0,0,0,0,0,
25,16.02.2026,Cagliari,Casa,Lecce,0-2,P,Totale,1.18,59,11,0,2,8,346,440,79,,,0,8,3,9,2,0,19,1,0,14,17,44,39,64,98,65,5,26,19,0.65,23,16,10,20,50,69,25,7,1,1,2,0.97,-1.03,0
25,16.02.2026,Lecce,Trasferta,Cagliari,2-0,V,Totale,1.39,41,13,4,2,2,217,301,72,,,0.97,3,6,12,1,0,26,0,0,16,24,58,41,50,81,62,4,19,21,0.97,24,14,12,21,57,66,33,8,0,0,0,0,0,1
25,16.02.2026,Cagliari,Casa,Lecce,0-2,P,1° tempo,0.51,57,5,0,1,3,171,214,80,,,0,4,1,5,0,0,12,0,0,2,7,16,44,31,49,63,3,12,25,0.24,12,8,5,10,50,36,19,3,1,0,1,0.24,0.24,
25,16.02.2026,Lecce,Trasferta,Cagliari,2-0,V,1° tempo,0.38,43,6,1,0,1,117,162,72,,,0.24,1,4,5,1,0,13,0,0,8,11,25,44,28,48,58,1,9,11,0.28,18,2,4,8,50,33,14,7,0,0,0,0,0,
25,16.02.2026,Cagliari,Casa,Lecce,0-2,P,2° tempo,0.67,62,6,0,1,5,175,226,77,,,0,4,2,4,2,0,7,1,0,12,10,28,36,33,49,67,2,14,14,0.41,11,8,5,10,50,33,6,4,0,1,1,0.73,-1.27,0
25,16.02.2026,Lecce,Trasferta,Cagliari,2-0,V,2° tempo,1.01,38,7,3,2,1,100,139,72,,,0.73,2,2,7,0,0,13,0,0,8,13,33,39,22,33,67,3,10,30,0.69,6,12,8,13,62,33,19,1,0,0,0,0,0,1
25,14.02.2026,Como,Casa,Fiorentina,1-2,P,Totale,0.85,67,16,3,2,4,506,568,89,4,1,0.1,10,3,12,4,0,31,0,3,12,7,17,41,134,166,81,7,24,29,0.84,12,14,12,19,63,54,13,4,0,1,1,1.93,-0.07,
25,14.02.2026,Fiorentina,Trasferta,Como,2-1,V,Totale,1.53,33,7,3,3,2,214,280,76,2,0,1.93,2,2,4,3,0,10,1,2,14,11,55,20,41,71,58,1,8,13,0.22,11,12,5,6,83,45,17,10,0,0,3,0.1,0.1,
25,14.02.2026,Como,Casa,Fiorentina,1-2,P,1° tempo,0.42,64,8,1,0,1,326,353,92,,,0.02,6,1,5,3,0,10,0,1,2,5,9,56,86,105,82,2,9,22,0.46,4,5,4,10,40,21,7,4,0,1,0,0.89,-0.11,
25,14.02.2026,Fiorentina,Trasferta,Como,2-1,V,1° tempo,0.69,36,4,1,1,1,160,193,83,,,0.89,2,1,3,1,0,5,0,1,5,6,28,21,24,37,65,1,6,17,0.06,5,2,4,5,80,22,4,5,0,0,1,0.02,0.02,
25,14.02.2026,Como,Casa,Fiorentina,1-2,P,2° tempo,0.43,72,8,2,2,3,180,215,84,4,1,0.08,4,2,7,1,0,21,0,2,10,2,8,25,48,61,79,5,15,33,0.38,8,9,8,9,89,33,6,0,0,0,1,1.04,0.04,
25,14.02.2026,Fiorentina,Trasferta,Como,2-1,V,2° tempo,0.84,28,3,2,2,1,54,87,62,2,0,1.04,0,1,1,2,0,5,1,1,9,5,27,19,17,34,50,0,2,0,0.16,6,10,1,1,100,23,13,5,0,0,2,0.08,0.08,
25,15.02.2026,Cremonese,Casa,Genoa,0-0,N,Totale,1.88,35,19,8,0,6,181,259,70,2,,2.85,4,7,14,5,1,30,0,0,12,35,62,56,64,110,58,11,26,42,1.41,11,10,6,18,33,60,34,5,0,0,6,1.35,1.35,
25,15.02.2026,Genoa,Trasferta,Cremonese,0-0,N,Totale,1.34,65,19,6,1,11,458,516,89,0,,1.35,7,6,13,6,0,34,0,1,10,11,28,39,96,124,77,7,25,28,1.1,21,12,13,16,81,56,34,3,0,0,8,2.85,2.85,
25,15.02.2026,Cremonese,Casa,Genoa,0-0,N,1° tempo,0.7,41,8,3,0,4,102,146,70,2,,1.52,2,3,7,1,0,18,0,0,9,15,26,58,35,63,56,6,15,40,0.98,4,6,5,11,45,38,13,3,0,0,5,0.63,0.63,
25,15.02.2026,Genoa,Trasferta,Cremonese,0-0,N,1° tempo,0.42,59,9,5,0,6,190,220,86,0,,0.63,3,1,3,6,0,11,0,0,6,4,15,27,34,45,76,3,11,27,0.39,9,9,8,9,89,24,15,0,0,0,3,1.52,1.52,
25,15.02.2026,Cremonese,Casa,Genoa,0-0,N,2° tempo,1.18,28,11,5,0,2,79,113,70,,,1.33,2,4,7,4,1,12,0,0,3,20,36,56,29,47,62,5,11,45,0.43,7,4,1,7,14,22,21,2,0,0,1,0.72,0.72,
25,15.02.2026,Genoa,Trasferta,Cremonese,0-0,N,2° tempo,0.92,72,10,1,1,5,268,296,91,,,0.72,4,5,10,0,0,23,0,1,4,7,13,54,62,79,78,4,14,29,0.71,12,3,5,7,71,32,19,3,0,0,5,1.33,1.33,
25,14.02.2026,Inter,Casa,Juventus,3-2,V,Totale,2.29,60,21,9,4,4,541,599,90,4,0,2.76,7,5,11,10,1,29,1,1,7,19,34,56,228,251,91,8,26,31,1.86,19,15,9,15,60,38,17,8,0,0,6,2.48,0.48,1
25,14.02.2026,Juventus,Trasferta,Inter,2-3,P,Totale,0.92,40,10,8,2,1,333,403,83,2,1,2.48,2,0,8,2,0,28,1,1,15,13,42,31,83,118,70,5,12,42,0.96,12,7,8,15,53,47,17,8,1,0,5,2.76,0.76,0
25,14.02.2026,Inter,Casa,Juventus,3-2,V,1° tempo,0.74,50,6,3,1,1,230,263,87,1,0,0.08,2,1,4,2,1,11,1,1,6,10,18,56,56,69,81,1,5,20,0.68,7,7,7,10,70,22,7,4,0,0,2,1.39,0.39,
25,14.02.2026,Juventus,Trasferta,Inter,2-3,P,1° tempo,0.64,50,4,3,2,0,235,259,91,2,1,1.39,1,0,4,0,0,17,1,0,7,7,16,44,65,80,81,3,6,50,0.74,5,6,1,3,33,13,3,6,1,0,1,0.08,0.08,
25,14.02.2026,Inter,Casa,Juventus,3-2,V,2° tempo,1.55,70,15,6,3,3,311,336,93,3,,2.68,5,4,7,8,0,18,0,0,1,9,16,56,172,182,95,7,21,33,1.18,12,8,2,5,40,16,10,4,0,0,4,1.09,0.09,1
25,14.02.2026,Juventus,Trasferta,Inter,2-3,P,2° tempo,0.28,30,6,5,0,1,98,144,68,0,,1.09,1,0,4,2,0,11,0,1,8,6,26,23,18,38,47,2,6,33,0.22,7,1,7,12,58,34,14,2,0,0,4,2.68,0.68,0
25,14.02.2026,Lazio,Casa,Atalanta,0-2,P,Totale,1.07,50,18,5,4,5,414,478,87,1,,1.54,7,6,11,7,2,27,0,3,16,30,44,68,95,129,74,8,25,32,1,17,10,13,16,81,36,9,8,2,0,2,1.59,-0.41,
25,14.02.2026,Atalanta,Trasferta,Lazio,2-0,V,Totale,1.59,50,12,5,3,4,443,494,90,4,,1.59,4,3,5,7,0,18,0,1,10,33,56,59,69,94,73,1,7,14,0.43,8,16,5,10,50,26,22,5,0,0,6,1.54,1.54,
25,14.02.2026,Lazio,Casa,Atalanta,0-2,P,1° tempo,0.18,46,4,3,1,1,205,241,85,0,,1.08,1,0,2,2,1,11,0,1,7,18,24,75,28,44,64,3,4,75,0.36,9,6,3,4,75,13,2,1,1,0,2,0.86,-0.14,
25,14.02.2026,Atalanta,Trasferta,Lazio,2-0,V,1° tempo,1.37,54,7,4,3,2,255,277,92,2,,0.86,2,1,5,2,0,11,0,1,6,15,24,63,42,56,75,1,3,33,0.36,4,7,2,4,50,10,8,5,0,0,3,1.08,1.08,
25,14.02.2026,Lazio,Casa,Atalanta,0-2,P,2° tempo,0.89,54,14,2,3,4,209,237,88,1,,0.46,6,6,9,5,1,16,0,2,9,12,20,60,67,85,79,5,21,24,0.64,8,4,10,12,83,23,7,7,1,0,0,0.73,-0.27,
25,14.02.2026,Atalanta,Trasferta,Lazio,2-0,V,2° tempo,0.22,46,5,1,0,2,188,217,87,2,,0.73,2,2,0,5,0,7,0,0,4,18,32,56,27,38,71,0,4,0,0.07,4,9,3,6,50,16,14,0,0,0,3,0.46,0.46,
25,15.02.2026,Napoli,Casa,Roma,2-2,N,Totale,0.56,61,11,7,0,2,503,590,85,1,,0.86,1,3,7,4,0,22,0,1,14,14,42,33,83,131,63,2,11,18,0.39,26,14,14,18,78,43,9,3,0,0,0,1.31,-0.69,
25,15.02.2026,Roma,Trasferta,Napoli,2-2,N,Totale,1.79,39,9,2,2,1,300,358,84,1,,1.31,4,3,7,2,0,24,0,2,14,12,37,32,73,99,74,7,15,47,1.09,12,14,11,14,79,45,35,11,0,0,5,0.86,-1.14,
25,15.02.2026,Napoli,Casa,Roma,2-2,N,1° tempo,0.17,62,4,2,0,1,273,320,85,0,,0.1,0,2,2,2,0,11,0,0,8,8,24,33,47,71,66,0,2,0,0.23,14,7,6,9,67,18,3,2,0,0,0,0.46,-0.54,
25,15.02.2026,Roma,Trasferta,Napoli,2-2,N,1° tempo,0.77,38,5,1,1,0,159,190,84,1,,0.46,3,1,4,1,0,14,0,0,7,5,16,31,43,57,75,2,5,40,0.62,6,8,9,9,100,23,15,10,0,0,1,0.1,-0.9,
25,15.02.2026,Napoli,Casa,Roma,2-2,N,2° tempo,0.39,61,7,5,0,1,230,270,85,1,,0.76,1,1,5,2,0,11,0,1,6,6,18,33,36,60,60,2,9,22,0.16,12,7,8,9,89,25,6,1,0,0,0,0.85,-0.15,
25,15.02.2026,Roma,Trasferta,Napoli,2-2,N,2° tempo,1.02,39,4,1,1,1,141,168,84,0,,0.85,1,2,3,1,0,10,0,2,7,7,21,33,30,42,71,5,10,50,0.47,6,6,2,5,40,22,20,1,0,0,4,0.76,-0.24,
25,15.02.2026,Parma,Casa,Verona,2-1,V,Totale,1.66,76,27,8,4,12,535,599,89,2,0,1.45,10,9,12,15,1,36,0,2,14,24,44,55,206,244,84,7,47,15,1.5,34,7,6,12,50,38,7,5,0,0,0,0.95,-0.05,1
25,15.02.2026,Verona,Trasferta,Parma,1-2,P,Totale,0.91,24,4,1,1,1,131,201,65,1,1,0.95,2,1,2,2,0,9,0,0,7,19,53,36,22,57,39,2,4,50,0.23,12,14,13,16,81,42,49,4,0,0,5,1.45,-0.55,0
25,15.02.2026,Parma,Casa,Verona,2-1,V,1° tempo,0.53,73,9,3,1,4,281,315,89,2,0,0.45,2,4,2,7,0,13,0,1,5,12,24,50,87,107,81,1,17,6,0.5,15,4,3,5,60,16,2,2,0,0,0,0.95,-0.05,
25,15.02.2026,Verona,Trasferta,Parma,1-2,P,1° tempo,0.79,27,1,1,1,0,86,123,70,0,1,0.95,0,0,1,0,0,2,0,0,4,10,24,42,9,26,35,0,1,0,0.06,6,5,4,4,100,18,17,1,0,0,2,0.45,-0.55,
25,15.02.2026,Parma,Casa,Verona,2-1,V,2° tempo,1.13,79,18,5,3,8,254,284,89,0,,1,8,5,10,8,1,23,0,1,9,12,20,60,119,137,87,6,30,20,1,19,3,3,7,43,22,5,3,0,0,0,0,0,1
25,15.02.2026,Verona,Trasferta,Parma,1-2,P,2° tempo,0.12,21,3,0,0,1,45,78,58,1,,0,2,1,1,2,0,7,0,0,3,9,29,31,13,31,42,2,3,67,0.17,6,9,9,12,75,24,32,3,0,0,3,1,0,0
25,13.02.2026,Pisa,Casa,Milan,1-2,P,Totale,0.77,34,7,2,2,3,267,338,79,1,0,0.53,3,2,3,4,0,8,1,1,9,15,46,33,58,92,63,2,17,12,0.37,18,14,9,12,75,37,18,12,0,0,0,1.68,-0.32,0
25,13.02.2026,Milan,Trasferta,Pisa,2-1,V,Totale,2.34,66,7,2,4,1,612,681,90,3,1,1.68,4,1,7,0,1,20,0,2,14,39,60,65,92,117,79,3,17,18,0.69,18,9,10,15,67,45,20,3,0,0,1,0.53,-0.47,1
25,13.02.2026,Pisa,Casa,Milan,1-2,P,1° tempo,0.39,36,2,1,1,1,176,216,81,1,,0.27,1,0,2,0,0,4,1,0,5,8,27,30,26,43,60,1,7,14,0.3,2,8,7,9,78,23,7,7,0,0,0,0.74,-0.26,0
25,13.02.2026,Milan,Trasferta,Pisa,2-1,V,1° tempo,0.6,64,3,1,1,0,342,382,90,0,,0.74,2,0,3,0,0,5,0,0,8,24,34,71,40,52,77,2,9,22,0.31,8,5,5,9,56,29,7,1,0,0,1,0.27,0.27,1
25,13.02.2026,Pisa,Casa,Milan,1-2,P,2° tempo,0.38,30,5,1,1,2,91,122,75,0,0,0.26,2,2,1,4,0,4,0,1,4,7,19,37,32,49,65,1,10,10,0.07,16,6,2,3,67,14,11,5,0,0,0,0.94,-0.06,
25,13.02.2026,Milan,Trasferta,Pisa,2-1,V,2° tempo,1.74,70,4,1,3,1,270,299,90,3,1,0.94,2,1,4,0,1,15,0,2,6,15,26,58,52,65,80,1,8,13,0.38,10,4,5,6,83,16,13,2,0,0,0,0.26,-0.74,
25,15.02.2026,Torino,Casa,Bologna,1-2,P,Totale,0.42,47,7,2,0,4,304,385,79,3,,0.4,1,4,5,2,0,12,0,2,10,21,53,40,43,80,54,4,13,31,0.59,17,14,7,13,54,42,22,9,0,0,5,2.03,0.03,
25,15.02.2026,Bologna,Trasferta,Torino,2-1,V,Totale,1.32,53,15,7,4,2,371,448,83,1,,2.03,6,2,11,4,0,26,0,1,14,30,62,48,73,111,66,2,6,33,1.08,25,10,5,6,83,42,20,6,0,0,1,0.4,-0.6,
25,15.02.2026,Torino,Casa,Bologna,1-2,P,1° tempo,0.11,50,3,0,0,3,183,222,82,1,,0,0,3,2,1,0,8,0,1,5,14,30,47,26,41,63,1,9,11,0.19,9,7,3,4,75,16,12,7,0,0,3,0.52,0.52,
25,15.02.2026,Bologna,Trasferta,Torino,2-1,V,1° tempo,0.75,50,8,3,2,1,194,227,85,0,,0.52,4,1,7,1,0,16,0,0,7,14,30,47,44,63,70,2,5,40,0.93,12,5,2,3,67,24,12,4,0,0,0,0,0,
25,15.02.2026,Torino,Casa,Bologna,1-2,P,2° tempo,0.31,43,4,2,0,1,121,163,74,2,,0.4,1,1,3,1,0,4,0,1,5,7,23,30,17,39,44,3,4,75,0.4,8,7,4,9,44,26,10,2,0,0,2,1.51,-0.49,
25,15.02.2026,Bologna,Trasferta,Torino,2-1,V,2° tempo,0.57,57,7,4,2,1,177,221,80,1,,1.51,2,1,4,3,0,10,0,1,7,16,32,50,29,48,60,0,1,0,0.15,13,5,3,3,100,18,8,2,0,0,1,0.4,-0.6,
25,15.02.2026,Udinese,Casa,Sassuolo,1-2,P,Totale,0.5,51,8,2,0,7,313,379,83,3,,0.83,3,3,6,2,0,27,1,1,14,23,48,48,61,100,61,5,20,25,0.56,23,14,14,22,64,51,15,4,1,0,1,2.36,0.36,0
25,15.02.2026,Sassuolo,Trasferta,Udinese,2-1,V,Totale,1.32,49,10,3,1,6,317,368,86,3,,2.36,4,3,8,2,0,24,2,4,14,18,41,44,54,80,68,5,15,33,0.93,12,14,9,17,53,41,33,6,0,0,2,0.83,-0.17,1
25,15.02.2026,Udinese,Casa,Sassuolo,1-2,P,1° tempo,0.27,47,4,2,0,1,172,201,86,1,,0.83,1,1,3,1,0,8,0,1,7,14,28,50,24,37,65,0,3,0,0.24,13,5,4,7,57,20,8,1,0,0,1,0.59,0.59,
25,15.02.2026,Sassuolo,Trasferta,Udinese,2-1,V,1° tempo,0.36,53,6,1,0,4,190,217,88,1,,0.59,3,2,5,1,0,8,1,0,5,9,19,47,20,35,57,3,10,30,0.2,6,7,6,11,55,22,12,2,0,0,1,0.83,-0.17,
25,15.02.2026,Udinese,Casa,Sassuolo,1-2,P,2° tempo,0.23,55,4,0,0,6,141,178,79,2,,0,2,2,3,1,0,19,1,0,7,9,20,45,37,63,59,5,17,29,0.32,10,9,10,15,67,31,7,3,1,0,0,1.77,-0.23,0
25,15.02.2026,Sassuolo,Trasferta,Udinese,2-1,V,2° tempo,0.96,45,4,2,1,2,127,151,84,2,,1.77,1,1,3,1,0,16,1,4,9,9,22,41,34,45,76,2,5,40,0.73,6,7,3,6,50,19,21,4,0,0,1,0,0,1
26,22.02.2026,Atalanta,Casa,Napoli,2-1,V,Totale,0.9,57,10,7,1,6,435,521,83,1,,2.72,2,1,8,2,0,17,1,1,9,26,64,41,166,206,81,4,22,18,1.12,20,10,15,17,88,54,21,12,0,0,3,0.96,-0.04,2
26,22.02.2026,Napoli,Trasferta,Atalanta,1-2,P,Totale,1.08,43,10,4,1,1,320,405,79,1,,0.96,4,2,6,4,0,19,0,2,10,12,41,29,61,95,64,1,11,9,0.54,16,9,12,21,57,51,27,11,0,0,5,2.72,0.72,1
26,22.02.2026,Atalanta,Casa,Napoli,2-1,V,1° tempo,0.44,59,4,3,0,3,245,295,83,0,,0.92,1,0,4,0,0,8,0,1,2,13,32,41,85,113,75,2,9,22,0.38,13,4,9,9,100,26,6,4,0,0,2,0.9,-0.1,0
26,22.02.2026,Napoli,Trasferta,Atalanta,1-2,P,1° tempo,0.82,41,5,3,1,0,165,208,79,1,,0.9,2,0,4,1,0,6,0,1,4,4,26,15,15,29,52,1,2,50,0.36,6,2,5,12,42,25,12,9,0,0,3,0.92,0.92,1
26,22.02.2026,Atalanta,Casa,Napoli,2-1,V,2° tempo,0.46,54,6,4,1,3,190,226,84,1,,1.8,1,1,4,2,0,9,1,0,7,13,32,41,81,93,87,2,13,15,0.74,7,6,6,8,75,28,15,8,0,0,1,0.06,0.06,2
26,22.02.2026,Napoli,Trasferta,Atalanta,1-2,P,2° tempo,0.26,46,5,1,0,1,155,197,79,0,,0.06,2,2,2,3,0,13,0,1,6,8,15,53,46,66,70,0,9,0,0.18,10,7,7,9,78,26,15,2,0,0,2,1.8,-0.2,0
26,23.02.2026,Bologna,Casa,Udinese,1-0,V,Totale,1.51,46,11,6,2,4,262,341,77,1,,1.19,3,2,6,5,0,16,1,3,13,20,49,41,50,77,65,3,10,30,0.65,22,10,18,34,53,65,33,11,0,0,3,0.14,0.14,
26,23.02.2026,Udinese,Trasferta,Bologna,0-1,P,Totale,0.6,54,10,3,0,7,320,398,80,1,,0.14,3,4,6,4,0,22,0,3,10,24,53,45,60,94,64,2,13,15,0.43,26,13,8,14,57,43,19,12,2,0,4,1.19,0.19,
26,23.02.2026,Bologna,Casa,Udinese,1-0,V,1° tempo,0.23,44,5,2,0,4,133,162,82,,,0.07,2,1,3,2,0,8,0,3,7,11,22,50,27,42,64,3,9,33,0.27,9,4,9,15,60,33,14,6,0,0,0,0,0,
26,23.02.2026,Udinese,Trasferta,Bologna,0-1,P,1° tempo,0.22,56,2,0,0,4,174,212,82,,,0,1,1,1,1,0,8,0,1,4,11,26,42,26,42,62,1,6,17,0.25,15,7,4,6,67,18,10,2,1,0,2,0.07,0.07,
26,23.02.2026,Bologna,Casa,Udinese,1-0,V,2° tempo,1.28,48,6,4,2,0,129,179,72,1,,1.12,1,1,3,3,0,8,1,0,6,9,27,33,23,35,66,0,1,0,0.38,13,6,9,19,47,32,19,5,0,0,3,0.14,0.14,
26,23.02.2026,Udinese,Trasferta,Bologna,0-1,P,2° tempo,0.38,52,8,3,0,3,146,186,78,1,,0.14,2,3,5,3,0,14,0,2,6,13,27,48,34,52,65,1,7,14,0.18,11,6,4,8,50,25,9,10,1,0,2,1.12,0.12,
26,21.02.2026,Cagliari,Casa,Lazio,0-0,N,Totale,0.57,42,11,2,1,3,396,460,86,3,1,0.06,8,1,7,4,1,14,0,2,15,17,35,49,35,61,57,5,10,50,0.56,11,12,8,15,53,42,16,5,0,0,3,0.28,0.28,
26,21.02.2026,Lazio,Trasferta,Cagliari,0-0,N,Totale,0.64,58,10,3,0,6,587,646,91,2,0,0.28,4,3,6,4,0,20,0,0,12,21,34,62,138,168,82,4,16,25,0.89,14,15,7,13,54,41,5,7,0,0,2,0.06,0.06,
26,21.02.2026,Cagliari,Casa,Lazio,0-0,N,1° tempo,0.34,53,5,0,1,2,259,294,88,1,,0,5,0,5,0,1,6,0,0,9,6,16,38,19,35,54,4,4,100,0.28,7,8,2,5,40,20,3,4,0,0,1,0.09,0.09,
26,21.02.2026,Lazio,Trasferta,Cagliari,0-0,N,1° tempo,0.4,47,4,1,0,3,221,254,87,1,,0.09,1,2,4,0,0,8,0,0,8,8,15,53,37,48,77,3,8,38,0.62,10,9,5,6,83,24,1,3,0,0,0,0,0,
26,21.02.2026,Cagliari,Casa,Lazio,0-0,N,2° tempo,0.23,30,6,2,0,1,137,166,83,2,1,0.06,3,1,2,4,0,8,0,2,6,11,19,58,16,26,62,1,6,17,0.28,4,4,6,10,60,22,13,1,0,0,2,0.19,0.19,
26,21.02.2026,Lazio,Trasferta,Cagliari,0-0,N,2° tempo,0.24,70,6,2,0,3,366,392,93,1,0,0.19,3,1,2,4,0,12,0,0,4,13,19,68,101,120,84,1,8,13,0.27,4,6,2,7,29,17,4,4,0,0,2,0.06,0.06,
26,23.02.2026,Fiorentina,Casa,Pisa,1-0,V,Totale,1.82,56,15,5,3,4,484,537,90,3,,2.23,6,4,3,12,0,12,2,0,19,18,34,53,111,139,80,1,24,4,0.58,11,8,7,9,78,50,18,4,0,0,1,0.03,0.03,
26,23.02.2026,Pisa,Trasferta,Fiorentina,0-1,P,Totale,0.28,44,7,1,0,3,350,402,87,3,,0.03,5,1,5,2,0,13,1,2,8,19,37,51,53,75,71,3,20,15,0.52,12,19,7,13,54,33,24,6,0,1,4,2.23,1.23,
26,23.02.2026,Fiorentina,Casa,Pisa,1-0,V,1° tempo,1,67,9,2,2,1,310,336,92,0,,1.12,4,3,2,7,0,6,0,0,10,9,13,69,57,74,77,1,13,8,0.29,7,4,4,5,80,27,4,0,0,0,0,0,0,
26,23.02.2026,Pisa,Trasferta,Fiorentina,0-1,P,1° tempo,0.02,33,1,0,0,1,133,162,82,1,,0,0,1,0,1,0,2,0,2,4,11,25,44,16,25,64,0,4,0,0.05,5,10,3,7,43,14,13,3,0,1,1,1.12,0.12,
26,23.02.2026,Fiorentina,Casa,Pisa,1-0,V,2° tempo,0.82,45,6,3,1,3,174,201,87,3,,1.11,2,1,1,5,0,6,2,0,9,9,21,43,54,65,83,0,11,0,0.29,4,4,3,4,75,23,14,4,0,0,1,0.03,0.03,
26,23.02.2026,Pisa,Trasferta,Fiorentina,0-1,P,2° tempo,0.26,55,6,1,0,2,217,240,90,2,,0.03,5,0,5,1,0,11,1,0,4,8,12,67,37,50,74,3,16,19,0.47,7,9,4,6,67,19,11,3,0,0,3,1.11,1.11,
26,22.02.2026,Genoa,Casa,Torino,3-0,V,Totale,1.87,62,16,5,3,1,560,632,89,0,0,2.75,5,6,13,3,0,25,0,0,14,20,42,48,75,112,67,3,14,21,0.5,15,9,10,18,56,44,22,6,0,0,2,0.07,0.07,
26,22.02.2026,Torino,Trasferta,Genoa,0-3,P,Totale,0.6,38,7,3,1,3,303,380,80,1,1,0.07,3,1,4,3,0,10,0,1,9,22,53,42,85,119,71,1,13,8,0.42,16,14,9,18,50,38,16,15,1,1,2,2.75,-0.25,
26,22.02.2026,Genoa,Casa,Torino,3-0,V,1° tempo,1.3,57,9,4,2,0,270,307,88,0,0,1.99,1,4,8,1,0,10,0,0,8,7,18,39,40,61,66,3,7,43,0.28,7,3,4,9,44,25,14,5,0,0,1,0.05,0.05,
26,22.02.2026,Torino,Trasferta,Genoa,0-3,P,1° tempo,0.17,43,2,1,0,2,182,226,81,1,1,0.05,0,1,1,1,0,4,0,1,3,10,23,43,52,73,71,0,9,0,0.18,8,8,3,6,50,12,7,9,0,0,2,1.99,-0.01,
26,22.02.2026,Genoa,Casa,Torino,3-0,V,2° tempo,0.57,68,7,1,1,1,290,325,89,,,0.76,4,2,5,2,0,15,0,0,6,13,24,54,35,51,69,0,7,0,0.22,8,6,6,9,67,19,8,1,0,0,1,0.02,0.02,
26,22.02.2026,Torino,Trasferta,Genoa,0-3,P,2° tempo,0.43,32,5,2,1,1,121,154,79,,,0.02,3,0,3,2,0,6,0,0,6,12,30,40,33,46,72,1,4,25,0.24,8,6,6,12,50,26,9,6,1,1,0,0.76,-0.24,
26,21.02.2026,Juventus,Casa,Como,0-2,P,Totale,0.82,52,11,3,2,7,412,481,86,1,,0.36,6,2,7,4,1,24,1,4,15,24,40,60,76,110,69,3,20,15,0.83,13,10,7,16,44,47,11,2,1,1,0,1.3,-0.7,
26,21.02.2026,Como,Trasferta,Juventus,2-0,V,Totale,1.38,48,11,2,2,2,392,456,86,0,,1.3,7,2,6,5,1,17,0,0,10,25,57,44,62,89,70,3,7,43,0.69,12,15,5,13,38,33,24,6,0,0,3,0.36,0.36,
26,21.02.2026,Juventus,Casa,Como,0-2,P,1° tempo,0.33,51,3,2,1,4,218,256,85,,,0.22,1,0,1,2,0,10,1,2,6,13,19,68,45,62,73,0,10,0,0.26,8,4,4,10,40,22,8,1,1,1,0,0.3,-0.7,
26,21.02.2026,Como,Trasferta,Juventus,2-0,V,1° tempo,0.2,49,6,1,1,1,221,254,87,,,0.3,4,1,3,3,1,11,0,0,4,10,24,42,37,50,74,2,4,50,0.31,5,6,4,7,57,18,10,4,0,0,2,0.22,0.22,
26,21.02.2026,Juventus,Casa,Como,0-2,P,2° tempo,0.49,53,8,1,1,3,194,225,86,1,,0.14,5,2,6,2,1,14,0,2,9,11,21,52,31,48,65,3,10,30,0.57,5,6,3,6,50,25,3,1,0,0,0,1,0,
26,21.02.2026,Como,Trasferta,Juventus,2-0,V,2° tempo,1.18,47,5,1,1,1,171,202,85,0,,1,3,1,3,2,0,6,0,0,6,15,33,45,25,39,64,1,3,33,0.38,7,9,1,6,17,15,14,2,0,0,1,0.14,0.14,
26,21.02.2026,Lecce,Casa,Inter,0-2,P,Totale,0.12,32,3,0,0,2,211,285,74,1,,0,3,0,1,2,0,11,0,3,8,28,64,44,38,67,57,1,10,10,0.13,15,10,9,16,56,40,49,5,0,0,6,2.5,0.5,0
26,21.02.2026,Inter,Trasferta,Lecce,2-0,V,Totale,2.46,68,24,9,4,10,511,592,86,2,,2.5,10,5,19,5,0,56,0,3,10,10,35,29,122,162,75,10,32,31,1.57,20,8,11,23,48,62,14,4,0,0,0,0,0,1
26,21.02.2026,Lecce,Casa,Inter,0-2,P,1° tempo,0.08,33,1,0,0,2,101,143,71,1,,0,1,0,1,0,0,4,0,1,3,11,33,33,18,35,51,0,4,0,0.03,8,5,6,12,50,21,28,3,0,0,4,1.51,1.51,
26,21.02.2026,Inter,Trasferta,Lecce,2-0,V,1° tempo,1.4,67,14,4,2,4,242,286,85,1,,1.51,7,3,12,2,0,31,0,1,5,5,19,26,39,59,66,6,16,38,0.94,13,3,4,11,36,29,7,2,0,0,0,0,0,
26,21.02.2026,Lecce,Casa,Inter,0-2,P,2° tempo,0.04,32,2,0,0,0,110,142,77,0,,0,2,0,0,2,0,7,0,2,5,17,31,55,20,32,63,1,6,17,0.1,7,5,3,4,75,19,21,2,0,0,2,0.99,-1.01,0
26,21.02.2026,Inter,Trasferta,Lecce,2-0,V,2° tempo,1.06,68,10,5,2,6,269,306,88,1,,0.99,3,2,7,3,0,25,0,2,5,5,16,31,83,103,81,4,16,25,0.63,7,5,7,12,58,33,7,2,0,0,0,0,0,1
26,22.02.2026,Milan,Casa,Parma,0-1,P,Totale,1.54,67,25,6,2,5,578,626,92,2,,0.77,10,9,17,8,1,63,5,1,10,19,28,68,259,290,89,14,42,33,1.87,16,13,5,10,50,39,11,12,1,0,2,0.82,-0.18,0
26,22.02.2026,Parma,Trasferta,Milan,1-0,V,Totale,0.45,33,9,3,1,2,252,315,80,1,,0.82,3,3,5,4,0,12,0,1,13,18,54,33,38,59,64,3,14,21,0.35,11,10,6,17,35,46,34,9,1,0,5,0.77,0.77,1
26,22.02.2026,Milan,Casa,Parma,0-1,P,1° tempo,0.73,64,9,5,1,0,316,338,93,1,,0.77,3,1,5,4,0,19,4,0,7,9,14,64,115,128,90,4,10,40,0.8,8,6,2,4,50,22,6,5,0,0,1,0.01,0.01,
26,22.02.2026,Parma,Trasferta,Milan,1-0,V,1° tempo,0.16,36,4,1,0,1,156,186,84,0,,0.01,2,1,2,2,0,5,0,1,6,11,32,34,21,32,66,1,8,13,0.09,5,7,5,9,56,21,6,7,1,0,5,0.77,0.77,
26,22.02.2026,Milan,Casa,Parma,0-1,P,2° tempo,0.81,70,16,1,1,5,262,288,91,1,,0,7,8,12,4,1,44,1,1,3,10,14,71,144,162,89,10,32,31,1.07,8,7,3,6,50,17,5,7,1,0,1,0.81,-0.19,0
26,22.02.2026,Parma,Trasferta,Milan,1-0,V,2° tempo,0.29,30,5,2,1,1,96,129,74,1,,0.81,1,2,3,2,0,7,0,0,7,7,22,32,17,27,63,2,6,33,0.26,6,3,1,8,13,25,28,2,0,0,0,0,0,1
26,22.02.2026,Roma,Casa,Cremonese,3-0,V,Totale,2.01,58,23,5,3,9,412,487,85,1,,2.45,12,6,19,4,1,42,0,0,11,18,43,42,135,173,78,8,30,27,1.58,23,12,6,12,50,49,19,6,0,0,0,0,0,1
26,22.02.2026,Cremonese,Trasferta,Roma,0-3,P,Totale,0.06,42,2,0,1,1,267,362,74,1,,0,2,0,1,1,0,8,1,3,12,28,66,42,49,86,57,1,10,10,0.39,28,11,7,16,44,49,31,8,0,0,2,2.45,-0.55,0
26,22.02.2026,Roma,Casa,Cremonese,3-0,V,1° tempo,0.6,57,7,0,0,3,211,245,86,0,,0,4,3,6,1,1,19,0,0,8,12,21,57,76,94,81,3,13,23,0.54,10,8,3,8,38,31,10,4,0,0,0,0,0,
26,22.02.2026,Cremonese,Trasferta,Roma,0-3,P,1° tempo,0,43,0,0,0,0,140,187,75,1,,0,0,0,0,0,0,3,0,1,8,15,38,39,31,48,65,0,6,0,0.06,13,8,4,9,44,31,18,1,0,0,0,0,0,
26,22.02.2026,Roma,Casa,Cremonese,3-0,V,2° tempo,1.41,59,16,5,3,6,201,242,83,1,,2.45,8,3,13,3,0,23,0,0,3,6,22,27,59,79,75,5,17,29,1.04,13,4,3,4,75,18,9,2,0,0,0,0,0,1
26,22.02.2026,Cremonese,Trasferta,Roma,0-3,P,2° tempo,0.06,41,2,0,1,1,127,175,73,0,,0,2,0,1,1,0,5,1,2,4,13,28,46,18,38,47,1,4,25,0.33,15,3,3,7,43,18,13,7,0,0,2,2.45,-0.55,0
26,20.02.2026,Sassuolo,Casa,Verona,3-0,V,Totale,2,47,8,4,4,6,368,426,86,2,0,2.61,3,1,7,1,0,17,0,1,14,16,38,42,65,101,64,5,16,31,0.59,11,12,8,13,62,38,36,9,0,0,1,0.32,0.32,
26,20.02.2026,Verona,Trasferta,Sassuolo,0-3,P,Totale,0.71,53,12,1,0,5,407,473,86,3,1,0.32,5,6,8,4,0,15,0,2,12,28,52,54,80,112,71,3,25,12,0.46,17,14,9,12,75,38,14,13,0,1,1,2.61,-0.39,
26,20.02.2026,Sassuolo,Casa,Verona,3-0,V,1° tempo,1.17,45,5,3,2,0,171,203,84,1,,2.14,2,0,4,1,0,11,0,0,9,5,17,29,35,56,63,3,6,50,0.26,8,4,2,5,40,20,19,6,0,0,0,0,0,
26,20.02.2026,Verona,Trasferta,Sassuolo,0-3,P,1° tempo,0.36,55,4,0,0,2,202,240,84,1,,0,1,3,3,1,0,4,0,2,4,17,33,52,27,45,60,0,12,0,0.11,7,9,3,4,75,15,8,5,0,1,1,2.14,0.14,
26,20.02.2026,Sassuolo,Casa,Verona,3-0,V,2° tempo,0.83,49,3,1,2,6,197,223,88,1,0,0.47,1,1,3,0,0,6,0,1,5,11,21,52,30,45,67,2,10,20,0.33,3,8,6,8,75,18,17,3,0,0,1,0.32,0.32,
26,20.02.2026,Verona,Trasferta,Sassuolo,0-3,P,2° tempo,0.35,51,8,1,0,3,205,233,88,2,1,0.32,4,3,5,3,0,11,0,0,8,11,19,58,53,67,79,3,13,23,0.35,10,5,6,8,75,23,6,8,0,0,0,0.47,-0.53,
27,28.02.2026,Como,Casa,Lecce,3-1,V,Totale,3.29,69,12,7,5,5,527,607,87,0,,3.61,3,2,12,0,0,27,7,1,12,26,48,54,92,127,72,4,16,25,2.54,27,15,5,12,42,48,20,7,0,0,1,0.64,-0.36,1
27,28.02.2026,Lecce,Trasferta,Como,1-3,P,Totale,0.25,31,5,2,1,1,197,271,73,1,,0.64,1,2,1,4,0,7,0,2,15,26,62,42,44,84,52,1,11,9,0.22,21,12,8,12,67,40,25,14,0,1,3,3.61,0.61,1
27,28.02.2026,Como,Casa,Lecce,3-1,V,1° tempo,2.08,76,8,4,3,3,284,320,89,,,2.91,2,2,8,0,0,18,4,0,6,14,26,54,60,80,75,2,10,20,1.44,14,8,1,2,50,17,6,2,0,0,1,0.64,-0.36,1
27,28.02.2026,Lecce,Trasferta,Como,1-3,P,1° tempo,0.18,24,3,2,1,0,64,101,63,,,0.64,1,0,1,2,0,1,0,0,8,10,33,30,18,38,47,1,4,25,0.13,6,6,4,7,57,19,11,3,0,1,1,2.91,-0.09,1
27,28.02.2026,Como,Casa,Lecce,3-1,V,2° tempo,1.21,62,4,3,2,2,243,287,85,0,,0.7,1,0,4,0,0,9,3,1,6,12,22,55,32,47,68,2,6,33,1.1,13,7,4,10,40,31,14,5,0,0,0,0,0,
27,28.02.2026,Lecce,Trasferta,Como,1-3,P,2° tempo,0.07,38,2,0,0,1,133,170,78,1,,0,0,2,0,2,0,6,0,2,7,16,29,55,26,46,57,0,7,0,0.09,15,6,4,5,80,21,14,11,0,0,2,0.7,0.7,
27,01.03.2026,Cremonese,Casa,Milan,0-2,P,Totale,0.99,47,15,3,1,6,300,366,82,2,,0.28,7,5,10,5,0,18,1,2,10,25,54,46,83,111,75,7,34,21,0.75,17,14,9,16,56,45,25,7,0,0,4,3.04,1.04,
27,01.03.2026,Milan,Trasferta,Cremonese,2-0,V,Totale,3.64,53,20,6,7,7,374,435,86,0,,3.04,9,5,15,5,0,32,2,3,14,20,37,54,103,130,79,5,21,24,1.78,15,10,5,14,36,53,32,10,2,0,3,0.28,0.28,
27,01.03.2026,Cremonese,Casa,Milan,0-2,P,1° tempo,0.52,44,9,2,0,4,136,182,75,,,0.13,4,3,6,3,0,9,0,0,3,7,26,27,43,62,69,6,18,33,0.37,10,4,5,9,56,20,19,6,0,0,2,0.95,0.95,
27,01.03.2026,Milan,Trasferta,Cremonese,2-0,V,1° tempo,1.32,56,11,2,3,5,197,236,83,,,0.95,5,4,8,3,0,20,2,3,4,11,22,50,49,67,73,2,13,15,0.7,13,3,2,5,40,25,14,8,1,0,2,0.13,0.13,
27,01.03.2026,Cremonese,Casa,Milan,0-2,P,2° tempo,0.47,49,6,1,1,2,164,184,89,2,,0.15,3,2,4,2,0,9,1,2,7,18,28,64,40,49,82,1,16,6,0.38,7,10,4,7,57,25,6,1,0,0,2,2.09,0.09,
27,01.03.2026,Milan,Trasferta,Cremonese,2-0,V,2° tempo,2.32,51,9,4,4,2,177,199,89,0,,2.09,4,1,7,2,0,12,0,0,10,9,15,60,54,63,86,3,8,38,1.08,2,7,3,9,33,28,18,2,1,0,1,0.15,0.15,
27,28.02.2026,Inter,Casa,Genoa,2-0,V,Totale,1.61,56,14,6,3,10,477,544,88,2,,2.45,2,6,12,2,2,38,1,2,8,21,40,53,141,168,84,5,24,21,0.97,14,13,11,23,48,56,14,11,1,0,3,0.08,0.08,
27,28.02.2026,Genoa,Trasferta,Inter,0-2,P,Totale,0.21,44,6,2,1,2,371,432,86,1,,0.08,3,1,3,3,0,20,0,1,13,13,30,43,58,82,71,3,12,25,0.67,14,8,14,21,67,51,21,13,1,0,4,2.45,0.45,
27,28.02.2026,Inter,Casa,Genoa,2-0,V,1° tempo,0.64,66,9,4,2,5,302,335,90,1,,1.59,2,3,7,2,1,24,1,1,4,13,22,59,92,106,87,5,12,42,0.86,6,5,6,13,46,28,4,4,0,0,1,0.06,0.06,
27,28.02.2026,Genoa,Trasferta,Inter,0-2,P,1° tempo,0.1,34,2,1,0,1,147,170,86,1,,0.06,1,0,1,1,0,5,0,0,5,4,9,44,20,28,71,1,5,20,0.13,10,4,5,10,50,24,11,6,1,0,3,1.59,0.59,
27,28.02.2026,Inter,Casa,Genoa,2-0,V,2° tempo,0.97,45,5,2,1,5,175,209,84,1,,0.86,0,3,5,0,1,14,0,1,4,8,18,44,49,62,79,0,12,0,0.11,8,8,5,10,50,28,10,7,1,0,2,0.02,0.02,
27,28.02.2026,Genoa,Trasferta,Inter,0-2,P,2° tempo,0.11,55,4,1,1,1,224,262,85,0,,0.02,2,1,2,2,0,15,0,1,8,9,21,43,38,54,70,2,7,29,0.54,4,4,9,11,82,27,10,7,0,0,1,0.86,-0.14,
27,27.02.2026,Parma,Casa,Cagliari,1-1,N,Totale,1.31,56,18,4,2,6,429,494,87,2,,1.71,6,8,10,8,0,21,0,0,8,13,37,35,109,150,73,7,21,33,0.8,18,14,5,9,56,39,14,6,1,0,4,0.41,-0.59,
27,27.02.2026,Cagliari,Trasferta,Parma,1-1,N,Totale,0.53,44,11,5,0,3,333,397,84,4,,0.41,3,3,6,5,0,16,0,2,14,20,43,47,56,83,67,0,11,0,0.34,16,8,10,15,67,53,25,10,1,0,3,1.71,0.71,
27,27.02.2026,Parma,Casa,Cagliari,1-1,N,1° tempo,0.84,41,9,2,1,4,158,186,85,0,,1.01,3,4,5,4,0,8,0,0,2,5,15,33,39,53,74,4,11,36,0.48,10,7,2,5,40,20,8,5,1,0,3,0.24,0.24,
27,27.02.2026,Cagliari,Trasferta,Parma,1-1,N,1° tempo,0.43,59,8,3,0,1,245,279,88,2,,0.24,2,3,4,4,0,10,0,1,7,6,19,32,40,53,75,0,5,0,0.1,10,2,6,8,75,30,10,3,0,0,2,1.01,1.01,
27,27.02.2026,Parma,Casa,Cagliari,1-1,N,2° tempo,0.47,72,9,2,1,2,271,308,88,2,,0.7,3,4,5,4,0,13,0,0,6,8,22,36,70,97,72,3,10,30,0.32,8,7,3,4,75,19,6,1,0,0,1,0.17,-0.83,
27,27.02.2026,Cagliari,Trasferta,Parma,1-1,N,2° tempo,0.1,28,3,2,0,2,88,118,75,2,,0.17,1,0,2,1,0,6,0,1,7,14,24,58,16,30,53,0,6,0,0.24,6,6,4,7,57,23,15,7,1,0,1,0.7,-0.3,
27,02.03.2026,Pisa,Casa,Bologna,0-1,P,Totale,0.47,41,6,3,3,7,226,327,69,0,,0.22,0,3,4,2,0,11,0,5,12,35,68,51,53,105,50,2,19,11,0.31,25,15,14,23,61,57,14,7,0,0,0,0.15,-0.85,
27,02.03.2026,Bologna,Trasferta,Pisa,1-0,V,Totale,0.64,59,8,1,2,4,408,491,83,2,,0.15,5,2,6,2,1,16,1,2,15,47,70,67,93,121,77,3,16,19,0.47,14,12,2,5,40,52,38,9,0,0,2,0.22,0.22,
27,02.03.2026,Pisa,Casa,Bologna,0-1,P,1° tempo,0.02,40,1,0,0,0,114,169,67,,,0,0,1,0,1,0,3,0,3,5,15,33,45,21,45,47,0,6,0,0.05,16,6,10,14,71,31,2,5,0,0,0,0,0,
27,02.03.2026,Bologna,Trasferta,Pisa,1-0,V,1° tempo,0.45,60,3,0,2,0,213,263,81,,,0,3,0,3,0,1,7,1,0,6,25,38,66,41,61,67,2,7,29,0.29,9,5,0,1,0,20,16,5,0,0,0,0,0,
27,02.03.2026,Pisa,Casa,Bologna,0-1,P,2° tempo,0.45,42,5,3,3,7,112,158,71,0,,0.22,0,2,4,1,0,8,0,2,7,20,35,57,32,60,53,2,13,15,0.26,9,9,4,9,44,26,12,2,0,0,0,0.15,-0.85,
27,02.03.2026,Bologna,Trasferta,Pisa,1-0,V,2° tempo,0.19,58,5,1,0,4,195,228,86,2,,0.15,2,2,3,2,0,9,0,2,9,22,32,69,52,60,87,1,9,11,0.18,5,7,2,4,50,32,22,4,0,0,2,0.22,0.22,
27,01.03.2026,Roma,Casa,Juventus,3-3,N,Totale,1.65,46,11,5,5,4,341,417,82,1,,1.6,4,2,11,0,0,19,1,2,12,24,56,43,87,121,72,3,20,15,0.84,17,7,10,24,42,55,26,18,0,0,2,2.09,-0.91,
27,01.03.2026,Juventus,Trasferta,Roma,3-3,N,Totale,1.35,54,13,5,3,1,403,490,82,0,,2.09,6,2,5,8,0,18,0,0,7,16,41,39,74,112,66,4,15,27,0.53,18,12,10,16,63,45,15,2,1,0,2,1.6,-1.4,
27,01.03.2026,Roma,Casa,Juventus,3-3,N,1° tempo,1.11,50,6,3,3,2,201,236,85,1,,0.78,3,0,6,0,0,10,0,2,7,14,27,52,40,56,71,2,14,14,0.33,7,4,4,11,36,30,11,7,0,0,0,0,0,
27,01.03.2026,Juventus,Trasferta,Roma,3-3,N,1° tempo,0.34,50,6,0,1,0,202,249,81,0,,0,4,2,2,4,0,9,0,0,4,5,20,25,31,53,58,2,4,50,0.35,7,7,6,7,86,22,8,1,1,0,2,0.78,-0.22,
27,01.03.2026,Roma,Casa,Juventus,3-3,N,2° tempo,0.54,42,5,2,2,2,140,181,77,,,0.82,1,2,5,0,0,9,1,0,5,10,29,34,47,65,72,1,6,17,0.51,10,3,6,13,46,25,15,11,0,0,2,2.09,-0.91,
27,01.03.2026,Juventus,Trasferta,Roma,3-3,N,2° tempo,1.01,58,7,5,2,1,201,241,83,,,2.09,2,0,3,4,0,9,0,0,3,11,21,52,43,59,73,2,11,18,0.18,11,5,4,9,44,23,7,1,0,0,0,0.82,-1.18,
27,01.03.2026,Sassuolo,Casa,Atalanta,2-1,V,Totale,1.52,24,7,5,4,3,144,208,69,2,1,1.75,1,1,6,1,0,13,0,1,13,17,46,37,38,59,64,5,7,71,0.85,8,3,15,18,83,47,41,11,1,0,6,2.68,1.68,
27,01.03.2026,Atalanta,Trasferta,Sassuolo,1-2,P,Totale,3.18,76,26,7,7,9,603,656,92,2,0,2.68,11,8,20,6,2,55,2,4,3,22,27,81,340,373,91,12,42,29,3.49,22,13,9,15,60,39,7,8,0,0,3,1.75,-0.25,
27,01.03.2026,Sassuolo,Casa,Atalanta,2-1,V,1° tempo,1.3,26,4,3,4,3,89,122,73,1,1,0.95,1,0,4,0,0,5,0,0,7,13,24,54,22,31,71,4,5,80,0.61,5,2,5,5,100,25,17,8,0,0,2,0.33,0.33,
27,01.03.2026,Atalanta,Trasferta,Sassuolo,1-2,P,1° tempo,1.26,74,9,2,3,2,307,343,90,1,0,0.33,6,1,8,1,0,20,2,2,2,13,17,76,138,162,85,5,18,28,1.17,10,7,3,6,50,15,5,4,0,0,2,0.95,-0.05,
27,01.03.2026,Sassuolo,Casa,Atalanta,2-1,V,2° tempo,0.22,21,3,2,0,0,55,86,64,1,,0.8,0,1,2,1,0,8,0,1,6,4,22,18,16,28,57,1,2,50,0.24,3,1,10,13,77,22,24,3,1,0,4,2.35,1.35,
27,01.03.2026,Atalanta,Trasferta,Sassuolo,1-2,P,2° tempo,1.92,79,17,5,4,7,296,313,95,1,,2.35,5,7,12,5,2,35,0,2,1,9,10,90,202,211,96,7,24,29,2.32,12,6,6,9,67,24,2,4,0,0,1,0.8,-0.2,
27,01.03.2026,Torino,Casa,Lazio,2-0,V,Totale,0.7,45,13,5,1,6,403,468,86,4,,1.46,3,5,8,5,0,19,0,0,5,23,46,50,55,78,71,6,20,30,0.58,15,13,8,18,44,48,29,10,1,0,2,0.77,0.77,1
27,01.03.2026,Lazio,Trasferta,Torino,0-2,P,Totale,1.05,55,12,3,1,9,515,588,88,1,,0.77,4,5,8,4,0,22,1,2,13,23,38,61,91,126,72,4,20,20,1.53,28,5,7,16,44,50,16,7,1,2,3,1.46,-0.54,0
27,01.03.2026,Torino,Casa,Lazio,2-0,V,1° tempo,0.41,50,8,3,1,3,214,249,86,1,,0.32,1,4,4,4,0,9,0,0,4,8,20,40,25,35,71,1,11,9,0.08,11,6,4,10,40,24,11,3,0,0,0,0,0,
27,01.03.2026,Lazio,Trasferta,Torino,0-2,P,1° tempo,0.27,50,4,1,0,3,221,251,88,0,,0,2,1,3,1,0,8,0,1,6,10,17,59,27,42,64,2,7,29,0.3,14,4,3,7,43,22,10,4,1,2,2,0.32,-0.68,
27,01.03.2026,Torino,Casa,Lazio,2-0,V,2° tempo,0.29,39,5,2,0,3,189,219,86,3,,1.14,2,1,4,1,0,10,0,0,1,15,26,58,30,43,70,5,9,56,0.5,4,7,4,8,50,24,18,7,1,0,2,0.77,0.77,1
27,01.03.2026,Lazio,Trasferta,Torino,0-2,P,2° tempo,0.78,61,8,2,1,6,294,337,87,1,,0.77,2,4,5,3,0,14,1,1,7,13,21,62,64,84,76,2,13,15,1.23,14,1,4,9,44,28,6,3,0,0,1,1.14,0.14,0
27,02.03.2026,Udinese,Casa,Fiorentina,3-0,V,Totale,1.58,35,10,7,3,5,238,299,80,1,,2.64,1,2,8,2,0,13,0,0,12,21,44,48,43,70,61,4,11,36,0.49,14,16,16,22,73,54,30,10,0,0,0,0,0,1
27,02.03.2026,Fiorentina,Trasferta,Udinese,0-3,P,Totale,0.74,65,10,0,0,2,488,556,88,4,,0,6,4,5,5,0,17,0,0,16,26,49,53,92,121,76,7,18,39,0.53,19,12,9,14,64,50,17,9,1,1,4,2.64,-0.36,0
27,02.03.2026,Udinese,Casa,Fiorentina,3-0,V,1° tempo,0.41,38,4,3,1,2,128,161,80,1,,0.92,1,0,3,1,0,5,0,0,5,9,22,41,22,38,58,2,6,33,0.26,9,8,7,11,64,28,14,5,0,0,0,0,0,1
27,02.03.2026,Fiorentina,Trasferta,Udinese,0-3,P,1° tempo,0.41,62,6,0,0,1,231,264,88,2,,0,4,2,2,4,0,9,0,0,8,13,28,46,17,27,63,3,7,43,0.1,9,5,6,8,75,27,10,5,0,0,2,0.92,-0.08,0
27,02.03.2026,Udinese,Casa,Fiorentina,3-0,V,2° tempo,1.17,32,6,4,2,3,110,138,80,0,,1.72,0,2,5,1,0,8,0,0,7,12,22,55,21,32,66,2,5,40,0.23,5,8,9,11,82,26,16,5,0,0,0,0,0,
27,02.03.2026,Fiorentina,Trasferta,Udinese,0-3,P,2° tempo,0.33,68,4,0,0,1,257,292,88,2,,0,2,2,3,1,0,8,0,0,8,13,21,62,75,94,80,4,11,36,0.43,10,7,3,6,50,23,7,4,1,1,2,1.72,-0.28,
27,28.02.2026,Verona,Casa,Napoli,1-2,P,Totale,0.31,35,8,2,0,2,247,322,77,3,,0.26,3,3,4,4,0,10,1,1,11,31,71,44,49,77,64,3,11,27,0.36,16,11,11,22,50,52,28,8,0,0,3,0.59,-1.41,0
27,28.02.2026,Napoli,Trasferta,Verona,2-1,V,Totale,0.69,65,8,5,2,5,518,596,87,4,,0.59,3,0,5,3,0,25,1,2,11,28,47,60,132,167,79,0,16,0,1,22,11,5,7,71,44,20,3,0,0,1,0.26,-0.74,1
27,28.02.2026,Verona,Casa,Napoli,1-2,P,1° tempo,0.15,39,3,1,0,0,160,201,80,1,,0.03,1,1,2,1,0,5,1,0,2,18,35,51,25,37,68,2,5,40,0.22,7,8,4,8,50,16,8,4,0,0,2,0.38,-0.62,0
27,28.02.2026,Napoli,Trasferta,Verona,2-1,V,1° tempo,0.25,61,4,3,1,1,274,313,88,0,,0.38,1,0,2,2,0,12,1,2,8,13,26,50,50,64,78,0,7,0,0.26,11,2,3,5,60,22,8,1,0,0,1,0.03,0.03,1
27,28.02.2026,Verona,Casa,Napoli,1-2,P,2° tempo,0.16,30,5,1,0,2,87,121,72,2,,0.23,2,2,2,3,0,5,0,1,9,13,36,36,24,40,60,1,6,17,0.14,9,3,7,14,50,36,20,4,0,0,1,0.21,-0.79,
27,28.02.2026,Napoli,Trasferta,Verona,2-1,V,2° tempo,0.44,70,4,2,1,4,244,283,86,4,,0.21,2,0,3,1,0,13,0,0,3,15,21,71,82,103,80,0,9,0,0.74,11,9,2,2,100,22,12,2,0,0,0,0.23,-0.77,
28,07.03.2026,Atalanta,Casa,Udinese,2-2,N,Totale,1.67,68,22,4,2,11,506,601,84,1,,1.39,13,5,14,8,1,33,2,0,10,30,62,48,104,157,66,8,37,22,1.67,17,7,14,20,70,43,9,3,0,0,0,0.95,-1.05,2
28,07.03.2026,Udinese,Trasferta,Atalanta,2-2,N,Totale,0.68,32,8,2,2,3,217,290,75,2,,0.95,4,2,5,3,1,12,0,0,7,23,58,40,55,79,70,1,10,10,0.37,13,10,10,12,83,47,56,7,0,1,2,1.39,-0.61,1
28,07.03.2026,Atalanta,Casa,Udinese,2-2,N,1° tempo,0.3,66,6,0,0,7,248,286,87,0,,0,5,1,2,4,0,12,2,0,6,17,28,61,49,70,70,2,18,11,0.54,5,4,8,9,89,18,5,1,0,0,0,0.68,-0.32,0
28,07.03.2026,Udinese,Trasferta,Atalanta,2-2,N,1° tempo,0.18,34,2,1,1,3,121,151,80,1,,0.68,1,0,1,1,1,1,0,0,4,11,27,41,23,30,77,1,7,14,0.19,6,6,3,4,75,18,21,2,0,0,0,0,0,1
28,07.03.2026,Atalanta,Casa,Udinese,2-2,N,2° tempo,1.37,70,16,4,2,4,258,315,82,1,,1.39,8,4,12,4,1,21,0,0,4,13,34,38,55,87,63,6,19,32,1.13,12,3,6,11,55,25,4,2,0,0,0,0.27,-0.73,2
28,07.03.2026,Udinese,Trasferta,Atalanta,2-2,N,2° tempo,0.5,30,6,1,1,0,96,139,69,1,,0.27,3,2,4,2,0,11,0,0,3,12,31,39,32,49,65,0,3,0,0.18,7,4,7,8,88,29,35,5,0,1,2,1.39,-0.61,0
28,08.03.2026,Bologna,Casa,Verona,1-2,P,Totale,1.3,67,19,2,0,5,390,476,82,1,,0.89,10,7,10,9,1,26,1,1,20,45,79,57,81,121,67,3,17,18,0.78,24,5,3,8,38,59,23,11,1,0,2,0.83,-1.17,
28,08.03.2026,Verona,Trasferta,Bologna,2-1,V,Totale,2,33,15,5,3,3,138,222,62,2,,0.83,7,3,9,6,0,17,1,4,5,11,58,19,51,79,65,6,17,35,0.86,18,20,13,28,46,57,34,13,2,0,1,0.89,-0.11,
28,08.03.2026,Bologna,Casa,Verona,1-2,P,1° tempo,0.59,65,9,0,0,2,202,245,82,1,,0,5,4,4,5,0,11,1,1,10,20,39,51,31,51,61,1,4,25,0.36,11,1,2,5,40,31,14,7,0,0,1,0.18,0.18,
28,08.03.2026,Verona,Trasferta,Bologna,2-1,V,1° tempo,1.22,35,8,2,2,2,84,122,69,2,,0.18,4,2,7,1,0,13,1,2,1,5,27,19,31,44,70,5,10,50,0.58,12,10,6,14,43,27,12,7,2,0,0,0,0,
28,08.03.2026,Bologna,Casa,Verona,1-2,P,2° tempo,0.71,69,10,2,0,3,188,231,81,,,0.89,5,3,6,4,1,15,0,0,10,25,40,63,50,70,71,2,13,15,0.42,13,4,1,3,33,28,9,4,1,0,1,0.65,-1.35,
28,08.03.2026,Verona,Trasferta,Bologna,2-1,V,2° tempo,0.78,31,7,3,1,1,54,100,54,,,0.65,3,1,2,5,0,4,0,2,4,6,31,19,20,35,57,1,7,14,0.28,6,10,7,14,50,30,22,6,0,0,1,0.89,-0.11,
28,07.03.2026,Cagliari,Casa,Como,1-2,P,Totale,0.46,43,8,3,1,2,283,364,78,3,,1.5,1,4,4,4,0,16,0,7,18,21,52,40,54,94,57,3,18,17,0.42,18,17,10,17,59,59,24,12,1,0,0,1.48,-0.52,1
28,07.03.2026,Como,Trasferta,Cagliari,2-1,V,Totale,0.54,57,8,2,1,3,407,493,83,1,,1.48,3,3,4,4,0,17,1,2,17,25,56,45,64,108,59,2,12,17,0.41,17,18,16,28,57,66,28,11,0,0,2,1.5,0.5,0
28,07.03.2026,Cagliari,Casa,Como,1-2,P,1° tempo,0.09,38,3,1,0,0,144,183,79,,,0.38,0,2,0,3,0,6,0,6,12,13,26,50,28,47,60,0,7,0,0.18,8,6,8,11,73,36,11,5,0,0,0,0.71,-0.29,
28,07.03.2026,Como,Trasferta,Cagliari,2-1,V,1° tempo,0.22,62,2,1,1,0,262,308,85,,,0.71,0,1,2,0,0,8,1,1,6,14,28,50,29,53,55,0,3,0,0.12,8,12,8,18,44,36,11,7,0,0,1,0.38,0.38,
28,07.03.2026,Cagliari,Casa,Como,1-2,P,2° tempo,0.37,50,5,2,1,2,139,181,77,3,,1.12,1,2,4,1,0,10,0,1,6,8,26,31,26,47,55,3,11,27,0.24,10,11,2,6,33,23,13,7,1,0,0,0.77,-0.23,1
28,07.03.2026,Como,Trasferta,Cagliari,2-1,V,2° tempo,0.32,50,6,1,0,3,145,185,78,1,,0.77,3,2,2,4,0,9,0,1,11,11,28,39,35,55,64,2,9,22,0.29,9,6,8,10,80,30,17,4,0,0,1,1.12,0.12,0
28,08.03.2026,Fiorentina,Casa,Parma,0-0,N,Totale,1.43,56,12,1,2,7,445,501,89,2,,0.25,6,5,8,4,0,34,1,1,14,17,31,55,132,151,87,6,36,17,1.32,10,12,7,13,54,47,19,6,1,0,0,0,0,
28,08.03.2026,Parma,Trasferta,Fiorentina,0-0,N,Totale,0.25,44,8,0,0,1,328,404,81,0,,0,6,2,2,6,0,7,0,0,12,29,59,49,76,116,66,3,11,27,0.53,14,14,9,15,60,50,29,4,0,0,1,0.25,0.25,
28,08.03.2026,Fiorentina,Casa,Parma,0-0,N,1° tempo,0.36,55,6,0,0,2,244,269,91,,,0,3,3,4,2,0,12,0,0,4,9,18,50,66,74,89,4,16,25,0.53,6,3,1,3,33,17,9,1,1,0,0,0,0,
28,08.03.2026,Parma,Trasferta,Fiorentina,0-0,N,1° tempo,0.12,45,5,0,0,0,190,224,85,,,0,4,1,1,4,0,4,0,0,3,11,27,41,47,70,67,2,7,29,0.18,5,4,3,5,60,20,11,1,0,0,0,0,0,
28,08.03.2026,Fiorentina,Casa,Parma,0-0,N,2° tempo,1.07,58,6,1,2,5,201,232,87,2,,0.25,3,2,4,2,0,22,1,1,10,8,13,62,66,77,86,2,20,10,0.79,4,9,6,10,60,30,10,5,0,0,0,0,0,
28,08.03.2026,Parma,Trasferta,Fiorentina,0-0,N,2° tempo,0.13,42,3,0,0,1,138,180,77,0,,0,2,1,1,2,0,3,0,0,9,18,32,56,29,46,63,1,4,25,0.35,9,10,6,10,60,30,18,3,0,0,1,0.25,0.25,
28,08.03.2026,Genoa,Casa,Roma,2-1,V,Totale,2.75,36,11,5,3,3,154,254,61,1,,3.53,5,1,8,3,0,25,0,1,17,17,56,30,54,105,51,4,14,29,1.06,25,11,10,14,71,62,32,16,0,0,0,0.81,-0.19,0
28,08.03.2026,Roma,Trasferta,Genoa,1-2,P,Totale,0.35,64,8,1,0,6,347,455,76,3,,0.81,2,5,7,1,0,29,0,5,11,21,66,32,93,142,65,8,23,35,0.67,30,17,3,7,43,57,28,7,0,0,3,3.53,1.53,1
28,08.03.2026,Genoa,Casa,Roma,2-1,V,1° tempo,0.21,35,4,1,0,0,88,140,63,1,,0.08,3,0,2,2,0,7,0,1,9,10,29,34,21,49,43,2,5,40,0.19,11,9,6,10,60,38,11,5,0,0,0,0,0,
28,08.03.2026,Roma,Trasferta,Genoa,1-2,P,1° tempo,0.07,65,2,0,0,2,196,251,78,2,,0,1,1,2,0,0,9,0,3,9,10,38,26,26,50,52,4,8,50,0.12,15,9,2,3,67,24,7,3,0,0,1,0.08,0.08,
28,08.03.2026,Genoa,Casa,Roma,2-1,V,2° tempo,2.54,36,7,4,3,3,66,114,58,0,,3.45,2,1,6,1,0,18,0,0,8,7,27,26,33,56,59,2,9,22,0.87,14,2,4,4,100,24,21,11,0,0,0,0.81,-0.19,0
28,08.03.2026,Roma,Trasferta,Genoa,1-2,P,2° tempo,0.28,64,6,1,0,4,151,204,74,1,,0.81,1,4,5,1,0,20,0,2,2,11,28,39,67,92,73,4,15,27,0.55,15,8,1,4,25,33,21,4,0,0,2,3.45,1.45,1
28,07.03.2026,Juventus,Casa,Pisa,4-0,V,Totale,2.89,59,25,7,4,4,481,550,87,1,,3.64,9,9,19,6,1,57,1,0,7,20,36,56,141,174,81,1,11,9,1.83,21,7,11,12,92,55,25,11,0,0,2,0.28,0.28,1
28,07.03.2026,Pisa,Trasferta,Juventus,0-4,P,Totale,0.45,41,7,2,0,4,290,364,80,3,,0.28,1,4,6,1,1,20,0,0,7,25,51,49,60,96,63,4,19,21,0.46,23,7,8,16,50,47,19,13,0,0,3,3.64,-0.36,0
28,07.03.2026,Juventus,Casa,Pisa,4-0,V,1° tempo,0.85,67,11,3,1,2,272,316,86,0,,0.25,3,5,7,4,0,24,0,0,2,12,21,57,74,97,76,0,5,0,0.74,14,3,7,7,100,29,12,4,0,0,2,0.28,0.28,
28,07.03.2026,Pisa,Trasferta,Juventus,0-4,P,1° tempo,0.39,33,6,2,0,4,114,150,76,1,,0.28,1,3,5,1,1,13,0,0,3,12,26,46,29,44,66,3,11,27,0.26,14,2,1,4,25,25,9,6,0,0,3,0.25,0.25,
28,07.03.2026,Juventus,Casa,Pisa,4-0,V,2° tempo,2.04,52,14,4,3,2,209,234,89,1,,3.39,6,4,12,2,1,33,1,0,5,8,15,53,67,77,87,1,6,17,1.09,7,4,4,5,80,26,13,7,0,0,0,0,0,1
28,07.03.2026,Pisa,Trasferta,Juventus,0-4,P,2° tempo,0.06,48,1,0,0,0,176,214,82,2,,0,0,1,1,0,0,7,0,0,4,13,25,52,31,52,60,1,8,13,0.2,9,5,7,12,58,22,10,7,0,0,0,3.39,-0.61,0
28,09.03.2026,Lazio,Casa,Sassuolo,2-1,V,Totale,2.54,50,13,5,4,1,472,531,89,0,,1.67,6,2,9,4,0,30,1,2,8,23,38,61,111,140,79,4,15,27,1.16,24,7,4,5,80,32,30,4,1,0,3,1.51,0.51,1
28,09.03.2026,Sassuolo,Trasferta,Lazio,1-2,P,Totale,0.71,50,7,4,0,6,457,525,87,4,,1.51,1,2,5,2,1,22,0,3,7,17,50,34,94,131,72,3,17,18,0.34,20,8,8,15,53,29,21,5,2,1,3,1.67,-0.33,0
28,09.03.2026,Lazio,Casa,Sassuolo,2-1,V,1° tempo,1.3,45,6,2,1,1,211,241,88,0,,1.26,3,1,4,2,0,11,0,1,2,14,22,64,41,52,79,1,6,17,0.22,12,2,2,3,67,12,12,2,0,0,1,1.06,0.06,
28,09.03.2026,Sassuolo,Trasferta,Lazio,1-2,P,1° tempo,0.4,55,4,2,0,2,260,297,88,1,,1.06,0,2,3,1,0,8,0,1,2,11,27,41,50,70,71,1,8,13,0.16,10,2,4,7,57,10,6,3,2,0,1,1.26,0.26,
28,09.03.2026,Lazio,Casa,Sassuolo,2-1,V,2° tempo,1.24,56,7,3,3,0,261,290,90,0,,0.41,3,1,5,2,0,19,1,1,6,9,16,56,70,88,80,3,9,33,0.94,12,5,2,2,100,20,18,2,1,0,2,0.45,0.45,1
28,09.03.2026,Sassuolo,Trasferta,Lazio,1-2,P,2° tempo,0.31,44,3,2,0,4,197,228,86,3,,0.45,1,0,2,1,1,14,0,2,5,6,23,26,44,61,72,2,9,22,0.18,10,6,4,8,50,19,15,2,0,1,2,0.41,-0.59,0
28,08.03.2026,Lecce,Casa,Cremonese,2-1,V,Totale,1.6,41,9,3,2,4,177,258,69,1,0,1.66,3,3,7,2,0,18,0,3,27,26,59,44,48,86,56,3,15,20,0.93,16,19,9,13,69,71,60,11,0,0,4,1.51,0.51,1
28,08.03.2026,Cremonese,Trasferta,Lecce,1-2,P,Totale,1.06,59,10,5,2,4,250,355,70,4,1,1.51,3,2,8,2,0,18,0,2,19,31,73,42,54,109,50,4,28,14,0.5,37,27,13,20,65,77,21,4,0,1,1,1.66,-0.34,0
28,08.03.2026,Lecce,Casa,Cremonese,2-1,V,1° tempo,1.34,40,4,2,2,1,98,136,72,1,,1.49,0,2,4,0,0,7,0,1,13,10,25,40,24,45,53,1,6,17,0.7,10,8,4,6,67,33,26,4,0,0,1,0.34,0.34,1
28,08.03.2026,Cremonese,Trasferta,Lecce,1-2,P,1° tempo,0.39,60,4,1,1,2,146,197,74,1,,0.34,1,2,4,0,0,4,0,1,8,14,37,38,13,29,45,0,10,0,0.09,14,13,9,14,64,36,10,1,0,1,0,1.49,-0.51,0
28,08.03.2026,Lecce,Casa,Cremonese,2-1,V,2° tempo,0.26,42,5,1,0,3,79,122,65,0,0,0.17,3,1,3,2,0,11,0,2,14,16,34,47,24,41,59,2,9,22,0.23,6,11,5,7,71,38,34,7,0,0,3,1.17,0.17,
28,08.03.2026,Cremonese,Trasferta,Lecce,1-2,P,2° tempo,0.67,58,6,4,1,2,104,158,66,3,1,1.17,2,0,4,2,0,14,0,1,11,17,36,47,41,80,51,4,18,22,0.41,23,14,4,6,67,41,11,3,0,0,1,0.17,0.17,
28,08.03.2026,Milan,Casa,Inter,1-0,V,Totale,0.85,37,9,2,1,1,327,382,86,2,,0.53,6,1,6,3,0,16,1,2,12,19,40,48,42,72,58,2,6,33,0.36,8,8,8,15,53,41,33,7,2,0,2,0.35,0.35,
28,08.03.2026,Inter,Trasferta,Milan,0-1,P,Totale,1.02,63,11,2,2,6,569,630,90,2,,0.35,5,4,7,4,0,28,0,1,8,29,44,66,195,228,86,5,31,16,1.15,15,12,6,12,50,29,12,8,1,0,1,0.53,-0.47,
28,08.03.2026,Milan,Casa,Inter,1-0,V,1° tempo,0.61,48,6,1,1,1,245,275,89,,,0.48,4,1,4,2,0,13,1,0,5,14,22,64,27,49,55,2,5,40,0.32,1,3,5,7,71,18,11,5,0,0,1,0.21,0.21,
28,08.03.2026,Inter,Trasferta,Milan,0-1,P,1° tempo,0.56,52,4,1,1,2,262,293,89,,,0.21,2,1,1,3,0,6,0,1,3,11,25,44,51,61,84,1,8,13,0.17,7,5,1,5,20,9,8,5,1,0,0,0.48,-0.52,
28,08.03.2026,Milan,Casa,Inter,1-0,V,2° tempo,0.24,24,3,1,0,0,82,107,77,2,,0.05,2,0,2,1,0,3,0,2,7,5,18,28,15,23,65,0,1,0,0.04,7,5,3,8,38,23,22,2,2,0,1,0.14,0.14,
28,08.03.2026,Inter,Trasferta,Milan,0-1,P,2° tempo,0.46,76,7,1,1,4,307,337,91,2,,0.14,3,3,6,1,0,22,0,0,5,18,19,95,144,167,86,4,23,17,0.98,8,7,5,7,71,20,4,3,0,0,1,0.05,0.05,
28,06.03.2026,Napoli,Casa,Torino,2-1,V,Totale,1.04,64,14,9,4,11,542,621,87,0,,1.87,3,2,8,6,0,23,0,1,11,15,43,35,96,143,67,6,14,43,1.12,19,9,6,10,60,37,16,6,0,0,3,0.89,-0.11,0
28,06.03.2026,Torino,Trasferta,Napoli,1-2,P,Totale,0.66,36,7,4,1,2,272,346,79,3,,0.89,0,3,3,4,0,11,1,1,9,27,63,43,36,70,51,1,9,11,1.07,21,11,10,19,53,33,16,13,1,0,7,1.87,-0.13,1
28,06.03.2026,Napoli,Casa,Torino,2-1,V,1° tempo,0.56,64,5,3,2,5,330,365,90,,,0.27,2,0,3,2,0,12,0,0,2,7,18,39,48,70,69,2,8,25,0.55,13,4,3,6,50,17,9,3,0,0,2,0.29,0.29,
28,06.03.2026,Torino,Trasferta,Napoli,1-2,P,1° tempo,0.2,36,4,2,0,1,167,202,83,,,0.29,0,2,1,3,0,5,0,0,4,16,34,47,10,31,32,0,5,0,0.03,7,2,8,14,57,21,7,8,1,0,2,0.27,-0.73,
28,06.03.2026,Napoli,Casa,Torino,2-1,V,2° tempo,0.48,64,9,6,2,6,212,256,83,0,,1.6,1,2,5,4,0,11,0,1,9,8,25,32,48,73,66,4,6,67,0.57,6,5,3,4,75,20,7,3,0,0,1,0.6,-0.4,0
28,06.03.2026,Torino,Trasferta,Napoli,1-2,P,2° tempo,0.46,36,3,2,1,1,105,144,73,3,,0.6,0,1,2,1,0,6,1,1,5,11,29,38,26,39,67,1,4,25,1.04,14,9,2,5,40,12,9,5,0,0,5,1.6,0.6,1
29,15.03.2026,Como,Casa,Roma,2-1,V,Totale,1.86,66,22,7,4,7,477,549,87,2,0,1.66,7,8,15,7,2,35,2,0,18,26,51,51,92,124,74,4,19,21,1.31,13,16,4,7,57,58,16,4,0,0,0,0.8,-0.2,
29,15.03.2026,Roma,Trasferta,Como,1-2,P,Totale,0.86,34,3,1,1,1,202,276,73,3,1,0.8,1,1,2,1,0,10,0,1,16,14,51,27,23,55,42,1,6,17,0.16,9,18,8,20,40,49,41,7,1,0,5,1.66,-0.34,
29,15.03.2026,Como,Casa,Roma,2-1,V,1° tempo,0.91,63,10,2,1,5,262,304,86,,,0.38,3,5,7,3,1,17,1,0,8,11,27,41,49,71,69,2,10,20,0.71,2,7,3,3,100,26,6,3,0,0,0,0.8,-0.2,
29,15.03.2026,Roma,Trasferta,Como,1-2,P,1° tempo,0.86,37,3,1,1,0,139,179,78,,,0.8,1,1,2,1,0,6,0,1,7,7,24,29,13,27,48,0,3,0,0.06,4,8,2,10,20,23,23,1,1,0,2,0.38,0.38,
29,15.03.2026,Como,Casa,Roma,2-1,V,2° tempo,0.95,71,12,5,3,2,215,245,88,2,0,1.28,4,3,8,4,1,18,1,0,10,15,24,63,43,53,81,2,9,22,0.6,11,9,1,4,25,32,10,1,0,0,0,0,0,
29,15.03.2026,Roma,Trasferta,Como,1-2,P,2° tempo,0,29,0,0,0,1,63,97,65,3,1,0,0,0,0,0,0,4,0,0,9,7,27,26,10,28,36,1,3,33,0.1,5,10,6,10,60,26,18,6,0,0,3,1.28,-0.72,
29,16.03.2026,Cremonese,Casa,Fiorentina,1-4,P,Totale,1.43,48,13,3,3,4,282,350,81,1,,1.05,8,2,10,3,0,22,0,0,16,29,57,51,73,120,61,9,36,25,1.29,27,17,9,14,64,46,23,3,0,0,2,2.62,-1.38,
29,16.03.2026,Fiorentina,Trasferta,Cremonese,4-1,V,Totale,1.68,52,13,6,2,6,335,398,84,0,,2.62,3,4,9,4,0,22,1,2,17,23,48,48,68,87,78,4,17,24,0.83,17,16,2,4,50,35,39,7,0,0,2,1.05,0.05,
29,16.03.2026,Cremonese,Casa,Fiorentina,1-4,P,1° tempo,0.29,46,2,1,1,1,142,173,82,1,,0.32,1,0,1,1,0,3,0,0,10,15,29,52,22,38,58,1,14,7,0.21,11,10,7,8,88,22,13,1,0,0,0,0.77,-1.23,
29,16.03.2026,Fiorentina,Trasferta,Cremonese,4-1,V,1° tempo,0.6,54,6,2,1,4,179,209,86,0,,0.77,1,3,6,0,0,15,1,0,10,11,20,55,46,60,77,4,11,36,0.48,10,10,0,0,0,16,14,5,0,0,1,0.32,0.32,
29,16.03.2026,Cremonese,Casa,Fiorentina,1-4,P,2° tempo,1.14,50,11,2,2,3,140,177,79,,,0.73,7,2,9,2,0,19,0,0,6,14,28,50,51,82,62,8,22,36,1.08,16,7,2,6,33,24,10,2,0,0,2,1.85,-0.15,
29,16.03.2026,Fiorentina,Trasferta,Cremonese,4-1,V,2° tempo,1.08,50,7,4,1,2,156,189,83,,,1.85,2,1,3,4,0,7,0,2,7,12,28,43,22,27,81,0,6,0,0.35,7,6,2,4,50,19,25,2,0,0,1,0.73,-0.27,
29,14.03.2026,Inter,Casa,Atalanta,1-1,N,Totale,1.54,57,16,3,3,2,575,653,88,2,,0.36,10,3,11,5,0,42,0,3,5,17,36,47,139,175,79,7,16,44,1.86,11,11,14,19,74,43,27,8,1,1,2,1.37,0.37,
29,14.03.2026,Atalanta,Trasferta,Inter,1-1,N,Totale,1.12,43,8,3,3,3,400,470,85,2,,1.37,5,0,5,3,0,15,0,2,11,29,57,51,73,108,68,1,22,5,0.5,13,5,9,13,69,34,15,10,0,1,2,0.36,-0.64,
29,14.03.2026,Inter,Casa,Atalanta,1-1,N,1° tempo,0.58,66,9,2,0,1,362,403,90,1,,0.1,5,2,6,3,0,16,0,0,2,6,16,38,88,112,79,4,6,67,0.89,5,4,7,8,88,19,14,3,1,0,1,0.05,0.05,
29,14.03.2026,Atalanta,Trasferta,Inter,1-1,N,1° tempo,0.04,34,2,1,0,1,167,204,82,1,,0.05,1,0,0,2,0,4,0,0,4,11,29,38,21,40,53,0,7,0,0.16,8,2,4,4,100,12,6,5,0,1,1,0.1,-0.9,
29,14.03.2026,Inter,Casa,Atalanta,1-1,N,2° tempo,0.96,48,7,1,3,1,213,250,85,1,,0.26,5,1,5,2,0,26,0,3,3,11,20,55,51,63,81,3,10,30,0.97,6,7,7,11,64,24,13,5,0,1,1,1.32,0.32,
29,14.03.2026,Atalanta,Trasferta,Inter,1-1,N,2° tempo,1.08,52,6,2,3,2,233,266,88,1,,1.32,4,0,5,1,0,11,0,2,7,18,28,64,52,68,76,1,15,7,0.34,5,3,5,9,56,22,9,5,0,0,1,0.26,0.26,
29,15.03.2026,Lazio,Casa,Milan,1-0,V,Totale,0.42,41,7,2,1,1,344,406,85,4,,0.43,2,3,2,5,1,16,0,3,19,25,52,48,57,88,65,1,11,9,0.3,12,7,13,16,81,49,38,11,0,0,3,0.73,0.73,
29,15.03.2026,Milan,Trasferta,Lazio,0-1,P,Totale,1.39,59,17,3,2,9,501,561,89,1,,0.73,8,6,12,5,0,41,1,4,7,25,38,66,121,156,78,9,33,27,1.77,22,19,10,15,67,35,16,8,0,0,2,0.43,-0.57,
29,15.03.2026,Lazio,Casa,Milan,1-0,V,1° tempo,0.35,43,5,2,1,1,197,226,87,,,0.43,1,2,2,3,1,7,0,2,10,16,24,67,34,48,71,0,6,0,0.11,6,3,6,8,75,23,11,5,0,0,0,0,0,
29,15.03.2026,Milan,Trasferta,Lazio,0-1,P,1° tempo,0.44,57,5,0,0,1,266,299,89,,,0,2,3,5,0,0,14,0,0,3,9,17,53,64,84,76,4,9,44,0.57,14,10,3,5,60,15,8,5,0,0,1,0.43,-0.57,
29,15.03.2026,Lazio,Casa,Milan,1-0,V,2° tempo,0.07,39,2,0,0,0,147,180,82,4,,0,1,1,0,2,0,9,0,1,9,9,28,32,23,40,57,1,5,20,0.19,6,4,7,8,88,26,27,6,0,0,3,0.73,0.73,
29,15.03.2026,Milan,Trasferta,Lazio,0-1,P,2° tempo,0.95,61,12,3,2,8,235,262,90,1,,0.73,6,3,7,5,0,27,1,4,4,16,21,76,57,72,79,5,24,21,1.2,8,9,7,10,70,20,8,3,0,0,1,0,0,
29,14.03.2026,Napoli,Casa,Lecce,2-1,V,Totale,1.28,70,12,4,1,7,528,601,88,0,,1.25,6,2,7,5,0,27,1,0,7,19,31,61,104,129,81,3,18,17,0.95,24,11,9,18,50,48,17,7,1,0,1,0.59,-0.41,0
29,14.03.2026,Lecce,Trasferta,Napoli,1-2,P,Totale,1.29,30,12,2,2,7,185,246,75,1,,0.59,6,4,8,4,0,16,0,0,11,17,45,38,43,70,61,6,22,27,0.49,23,7,16,20,80,52,24,5,0,0,2,1.25,-0.75,1
29,14.03.2026,Napoli,Casa,Lecce,2-1,V,1° tempo,0.29,71,4,0,0,4,290,330,88,0,,0,3,1,1,3,0,12,0,0,3,6,10,60,60,71,85,0,10,0,0.19,16,2,5,10,50,28,9,3,0,0,1,0.59,-0.41,0
29,14.03.2026,Lecce,Trasferta,Napoli,1-2,P,1° tempo,1.11,29,8,2,2,6,97,128,76,1,,0.59,3,3,6,2,0,8,0,0,2,7,21,33,20,29,69,3,12,25,0.38,11,3,8,11,73,23,12,2,0,0,0,0,0,1
29,14.03.2026,Napoli,Casa,Lecce,2-1,V,2° tempo,0.99,69,8,4,1,3,238,271,88,,,1.25,3,1,6,2,0,15,1,0,4,13,21,62,44,58,76,3,8,38,0.76,8,9,4,8,50,20,8,4,1,0,0,0,0,
29,14.03.2026,Lecce,Trasferta,Napoli,1-2,P,2° tempo,0.18,31,4,0,0,1,88,118,75,,,0,3,1,2,2,0,8,0,0,9,10,24,42,23,41,56,3,10,30,0.11,12,4,8,9,89,29,12,3,0,0,2,1.25,-0.75,
29,15.03.2026,Pisa,Casa,Cagliari,3-1,V,Totale,2.47,28,10,6,4,1,156,226,69,1,1,2.81,2,2,8,2,0,18,0,1,16,22,58,38,37,72,51,4,8,50,0.76,8,14,4,15,27,53,23,8,0,0,3,0.51,-0.49,
29,15.03.2026,Cagliari,Trasferta,Pisa,1-3,P,Totale,1.18,72,14,4,3,5,500,572,87,4,1,0.51,6,4,9,5,1,18,0,1,14,15,34,44,108,147,73,8,24,33,0.92,23,16,7,10,70,38,11,3,0,0,3,2.81,-0.19,
29,15.03.2026,Pisa,Casa,Cagliari,3-1,V,1° tempo,1.13,30,5,3,2,0,102,133,77,,1,1.21,1,1,4,1,0,7,0,1,6,11,27,41,14,25,56,2,3,67,0.4,3,9,4,8,50,22,9,4,0,0,1,0.09,0.09,
29,15.03.2026,Cagliari,Trasferta,Pisa,1-3,P,1° tempo,0.54,70,5,1,1,3,279,317,88,,0,0.09,2,2,3,2,1,7,0,1,9,8,18,44,44,65,68,4,8,50,0.52,13,6,5,8,63,23,3,2,0,0,2,1.21,0.21,
29,15.03.2026,Pisa,Casa,Cagliari,3-1,V,2° tempo,1.34,27,5,3,2,1,54,93,58,1,0,1.6,1,1,4,1,0,11,0,0,10,11,31,35,23,47,49,2,5,40,0.36,5,5,0,7,0,31,14,4,0,0,2,0.42,-0.58,
29,15.03.2026,Cagliari,Trasferta,Pisa,1-3,P,2° tempo,0.64,73,9,3,2,2,221,255,87,4,1,0.42,4,2,6,3,0,11,0,0,5,7,16,44,64,82,78,4,16,25,0.4,10,10,2,2,100,15,8,1,0,0,1,1.6,-0.4,
29,15.03.2026,Sassuolo,Casa,Bologna,0-1,P,Totale,0.49,54,9,3,0,7,344,422,82,1,,1,4,2,6,3,0,21,0,1,11,19,53,36,88,130,68,4,16,25,0.43,22,16,4,10,40,44,16,3,0,0,2,1.27,0.27,
29,15.03.2026,Bologna,Trasferta,Sassuolo,1-0,V,Totale,0.99,46,16,3,0,4,273,355,77,2,,1.27,8,5,8,8,0,19,0,2,16,29,72,40,72,109,66,3,13,23,0.53,14,11,9,20,45,46,29,6,0,0,3,1,1,
29,15.03.2026,Sassuolo,Casa,Bologna,0-1,P,1° tempo,0.23,54,2,2,0,1,201,236,85,0,,0.65,0,0,1,1,0,6,0,1,8,5,21,24,41,61,67,3,7,43,0.26,6,6,2,7,29,24,9,1,0,0,0,0.84,-0.16,
29,15.03.2026,Bologna,Trasferta,Sassuolo,1-0,V,1° tempo,0.43,46,9,1,0,1,160,197,81,1,,0.84,7,1,5,4,0,12,0,1,6,15,34,44,35,48,73,3,9,33,0.38,4,8,4,8,50,23,7,4,0,0,2,0.65,0.65,
29,15.03.2026,Sassuolo,Casa,Bologna,0-1,P,2° tempo,0.26,55,7,1,0,6,143,186,77,1,,0.35,4,2,5,2,0,15,0,0,3,14,32,44,47,69,68,1,9,11,0.17,16,10,2,3,67,20,7,2,0,0,2,0.43,0.43,
29,15.03.2026,Bologna,Trasferta,Sassuolo,1-0,V,2° tempo,0.56,45,7,2,0,3,113,158,72,1,,0.43,1,4,3,4,0,7,0,1,10,14,38,37,37,61,61,0,4,0,0.15,10,3,5,12,42,23,22,2,0,0,1,0.35,0.35,
29,13.03.2026,Torino,Casa,Parma,4-1,V,Totale,2.2,50,15,6,3,2,325,388,84,1,,1.98,7,2,7,8,1,19,0,4,13,32,50,64,67,98,68,3,12,25,0.89,12,17,9,12,75,49,28,10,0,0,2,1.6,0.6,0
29,13.03.2026,Parma,Trasferta,Torino,1-4,P,Totale,0.57,50,6,3,1,7,322,389,83,3,,1.6,2,1,4,2,0,12,0,3,17,29,52,56,67,104,64,3,14,21,0.67,20,13,3,6,50,50,23,6,0,2,3,1.98,-1.02,1
29,13.03.2026,Torino,Casa,Parma,4-1,V,1° tempo,0.23,55,6,2,0,1,184,216,85,,,0.3,3,1,3,3,0,6,0,3,7,19,27,70,38,55,69,3,9,33,0.17,5,7,7,7,100,25,11,6,0,0,2,1.6,0.6,0
29,13.03.2026,Parma,Trasferta,Torino,1-4,P,1° tempo,0.55,45,5,3,1,3,143,178,80,,,1.6,1,1,4,1,0,7,0,0,7,19,31,61,31,50,62,2,5,40,0.52,10,7,1,3,33,26,11,2,0,2,1,0.3,-0.7,1
29,13.03.2026,Torino,Casa,Parma,4-1,V,2° tempo,1.97,44,9,4,3,1,141,172,82,1,,1.68,4,1,4,5,1,13,0,1,6,13,23,57,29,43,67,0,3,0,0.72,7,10,2,5,40,24,17,4,0,0,0,0,0,
29,13.03.2026,Parma,Trasferta,Torino,1-4,P,2° tempo,0.02,56,1,0,0,4,179,211,85,3,,0,1,0,0,1,0,5,0,3,10,10,21,48,36,54,67,1,9,11,0.15,10,6,2,3,67,24,12,4,0,0,2,1.68,-0.32,
29,14.03.2026,Udinese,Casa,Juventus,0-1,P,Totale,0.68,45,10,2,1,2,341,401,85,3,,0.1,7,1,4,6,0,9,0,0,14,28,56,50,54,80,68,0,10,0,0.54,16,12,4,7,57,36,28,10,0,0,7,1.98,0.98,
29,14.03.2026,Juventus,Trasferta,Udinese,1-0,V,Totale,3.33,55,22,8,5,6,418,484,86,1,,1.98,9,5,16,6,1,52,2,3,12,31,51,61,135,175,77,6,22,27,3.08,12,14,10,17,59,47,10,6,0,0,2,0.1,0.1,
29,14.03.2026,Udinese,Casa,Juventus,0-1,P,1° tempo,0.14,41,5,1,0,1,174,202,86,1,,0.06,3,1,2,3,0,5,0,0,9,10,23,43,27,40,68,0,5,0,0.11,6,6,2,3,67,18,15,5,0,0,4,1.51,0.51,
29,14.03.2026,Juventus,Trasferta,Udinese,1-0,V,1° tempo,1.9,59,14,5,3,4,248,283,88,0,,1.51,5,4,11,3,1,30,2,1,6,21,28,75,75,92,82,3,10,30,1.98,3,9,7,10,70,24,4,3,0,0,1,0.06,0.06,
29,14.03.2026,Udinese,Casa,Juventus,0-1,P,2° tempo,0.54,49,5,1,1,1,167,199,84,2,,0.04,4,0,2,3,0,4,0,0,5,18,33,55,27,40,68,0,5,0,0.43,10,6,2,4,50,18,13,5,0,0,3,0.47,0.47,
29,14.03.2026,Juventus,Trasferta,Udinese,1-0,V,2° tempo,1.43,51,8,3,2,2,170,201,85,1,,0.47,4,1,5,3,0,22,0,2,6,10,23,43,60,83,72,3,12,25,1.1,9,5,3,7,43,23,6,3,0,0,1,0.04,0.04,
29,15.03.2026,Verona,Casa,Genoa,0-2,P,Totale,0.3,42,8,1,0,4,232,302,77,2,,0.05,4,3,3,5,1,10,0,3,9,18,41,44,46,75,61,5,18,28,0.37,17,22,9,16,56,58,40,8,0,0,1,0.51,-1.49,0
29,15.03.2026,Genoa,Trasferta,Verona,2-0,V,Totale,0.59,58,11,3,0,2,350,430,81,1,,0.51,3,5,7,4,0,17,0,1,22,28,62,45,49,88,56,2,13,15,0.5,21,9,10,16,63,64,26,6,0,0,1,0.05,0.05,1
29,15.03.2026,Verona,Casa,Genoa,0-2,P,1° tempo,0.08,40,3,1,0,2,105,140,75,2,,0.05,1,1,0,3,1,2,0,3,3,4,16,25,22,39,56,1,9,11,0.05,13,9,4,6,67,26,20,3,0,0,1,0.23,0.23,
29,15.03.2026,Genoa,Trasferta,Verona,2-0,V,1° tempo,0.24,60,5,1,0,1,184,222,83,0,,0.23,2,2,2,3,0,7,0,0,9,15,31,48,23,40,57,0,7,0,0.16,11,3,8,10,80,30,17,2,0,0,1,0.05,0.05,
29,15.03.2026,Verona,Casa,Genoa,0-2,P,2° tempo,0.22,45,5,0,0,2,127,162,78,0,,0,3,2,3,2,0,8,0,0,6,14,25,56,24,36,67,4,9,44,0.32,4,13,5,10,50,32,20,5,0,0,0,0.28,-1.72,0
29,15.03.2026,Genoa,Trasferta,Verona,2-0,V,2° tempo,0.35,55,6,2,0,1,166,208,80,1,,0.28,1,3,5,1,0,10,0,1,13,13,31,42,26,48,54,2,6,33,0.34,10,6,2,6,33,34,9,4,0,0,0,0,0,1
30,22.03.2026,Atalanta,Casa,Verona,1-0,V,Totale,0.96,60,11,3,3,2,445,533,83,1,,0.08,7,1,7,4,1,30,1,0,16,35,67,52,119,166,72,5,12,42,1.03,26,12,10,17,59,58,26,10,0,0,3,0.38,0.38,
30,22.03.2026,Verona,Trasferta,Atalanta,0-1,P,Totale,0.96,40,12,3,1,4,276,353,78,3,,0.38,7,2,6,6,0,18,0,1,12,15,45,33,49,85,58,6,15,40,0.58,25,16,12,18,67,63,29,9,0,0,1,0.08,-0.92,
30,22.03.2026,Atalanta,Casa,Verona,1-0,V,1° tempo,0.55,63,8,3,2,2,246,287,86,0,,0.08,4,1,5,3,0,25,0,0,9,17,25,68,80,103,78,4,9,44,0.74,16,4,4,6,67,28,10,5,0,0,0,0,0,
30,22.03.2026,Verona,Trasferta,Atalanta,0-1,P,1° tempo,0.05,37,2,0,0,2,129,170,76,1,,0,1,1,0,2,0,4,0,0,4,6,23,26,11,25,44,2,4,50,0.08,9,9,5,8,63,21,11,6,0,0,1,0.08,-0.92,
30,22.03.2026,Atalanta,Casa,Verona,1-0,V,2° tempo,0.41,56,3,0,1,0,199,246,81,1,,0,3,0,2,1,1,5,1,0,7,18,42,43,39,63,62,1,3,33,0.29,10,8,6,11,55,30,16,5,0,0,3,0.38,0.38,
30,22.03.2026,Verona,Trasferta,Atalanta,0-1,P,2° tempo,0.91,44,10,3,1,2,147,183,80,2,,0.38,6,1,6,4,0,14,0,1,8,9,22,41,38,60,63,4,11,36,0.5,16,7,7,10,70,42,18,3,0,0,0,0,0,
30,22.03.2026,Bologna,Casa,Lazio,0-2,P,Totale,1.46,54,15,4,1,2,528,585,90,1,,1,9,2,10,5,1,29,0,3,8,25,49,51,83,118,70,5,17,29,0.57,20,13,8,14,57,40,18,8,2,0,3,2.16,0.16,
30,22.03.2026,Lazio,Trasferta,Bologna,2-0,V,Totale,1.7,46,9,5,5,1,435,511,85,1,,2.16,1,3,5,4,0,17,1,1,13,28,63,44,48,66,73,0,8,0,0.26,19,8,6,9,67,36,26,8,0,0,3,1,1,
30,22.03.2026,Bologna,Casa,Lazio,0-2,P,1° tempo,0.3,50,6,1,0,1,261,289,90,,,0.1,4,1,3,3,1,11,0,1,2,17,28,61,48,67,72,2,7,29,0.18,11,7,2,6,33,15,12,4,0,0,1,0.22,0.22,
30,22.03.2026,Lazio,Trasferta,Bologna,2-0,V,1° tempo,0.35,50,3,1,1,1,255,291,88,,,0.22,1,1,1,2,0,8,0,0,7,13,29,45,24,35,69,0,6,0,0.07,11,2,2,3,67,13,12,4,0,0,1,0.1,0.1,
30,22.03.2026,Bologna,Casa,Lazio,0-2,P,2° tempo,1.16,58,9,3,1,1,267,296,90,1,,0.9,5,1,7,2,0,18,0,2,6,8,21,38,35,51,69,3,10,30,0.39,9,6,6,8,75,25,6,4,2,0,2,1.94,-0.06,
30,22.03.2026,Lazio,Trasferta,Bologna,2-0,V,2° tempo,1.35,42,6,4,4,0,180,220,82,1,,1.94,0,2,4,2,0,9,1,1,6,15,34,44,24,31,77,0,2,0,0.19,8,6,4,6,67,23,14,4,0,0,2,0.9,0.9,
30,20.03.2026,Cagliari,Casa,Napoli,0-1,P,Totale,0.33,33,7,0,0,2,256,324,79,2,,0,7,0,4,3,0,19,0,0,16,29,61,48,40,68,59,1,15,7,0.78,22,12,10,17,59,39,23,8,0,0,4,2.09,1.09,
30,20.03.2026,Napoli,Trasferta,Cagliari,1-0,V,Totale,1.74,67,17,5,3,7,613,682,90,2,,2.09,4,8,8,9,1,27,2,2,12,18,39,46,142,172,83,2,14,14,1.34,12,16,5,9,56,37,24,3,2,0,0,0,0,
30,20.03.2026,Cagliari,Casa,Napoli,0-1,P,1° tempo,0.19,33,3,0,0,0,135,173,78,1,,0,3,0,2,1,0,7,0,0,8,13,32,41,19,35,54,0,4,0,0.66,7,6,5,9,56,18,16,4,0,0,2,1.44,0.44,
30,20.03.2026,Napoli,Trasferta,Cagliari,1-0,V,1° tempo,1.14,67,8,3,2,6,309,347,89,1,,1.44,1,4,4,4,1,15,0,1,6,12,23,52,70,88,80,2,10,20,0.64,10,8,3,4,75,16,8,1,2,0,0,0,0,
30,20.03.2026,Cagliari,Casa,Napoli,0-1,P,2° tempo,0.14,32,4,0,0,2,121,151,80,1,,0,4,0,2,2,0,12,0,0,8,16,29,55,21,33,64,1,11,9,0.12,15,6,5,8,63,21,7,4,0,0,2,0.65,0.65,
30,20.03.2026,Napoli,Trasferta,Cagliari,1-0,V,2° tempo,0.6,68,9,2,1,1,304,335,91,1,,0.65,3,4,4,5,0,12,2,1,6,6,16,38,72,84,86,0,4,0,0.7,2,8,2,5,40,21,16,2,0,0,0,0,0,
30,22.03.2026,Como,Casa,Pisa,5-0,V,Totale,1.39,73,14,7,2,7,632,679,93,0,,2.83,6,1,13,1,0,31,1,2,6,20,30,67,134,165,81,5,20,25,1.31,23,5,14,21,67,43,24,7,3,0,0,0,0,
30,22.03.2026,Pisa,Trasferta,Como,0-5,P,Totale,0.43,27,7,0,0,1,197,248,79,2,,0,3,4,4,3,0,16,0,3,5,17,35,49,35,55,64,1,14,7,0.4,21,6,15,24,63,42,19,8,0,1,2,2.83,-2.17,
30,22.03.2026,Como,Casa,Pisa,5-0,V,1° tempo,0.47,77,8,4,1,5,312,337,93,0,,1.12,4,0,8,0,0,16,0,0,4,12,17,71,62,82,76,2,11,18,0.27,13,3,9,11,82,25,18,1,1,0,0,0,0,
30,22.03.2026,Pisa,Trasferta,Como,0-5,P,1° tempo,0.13,23,3,0,0,0,77,92,84,1,,0,2,1,2,1,0,7,0,0,3,6,15,40,14,17,82,0,9,0,0.08,11,4,8,14,57,23,11,5,0,1,2,1.12,-0.88,
30,22.03.2026,Como,Casa,Pisa,5-0,V,2° tempo,0.92,69,6,3,1,2,320,342,94,0,,1.71,2,1,5,1,0,15,1,2,2,8,13,62,72,83,87,3,9,33,1.04,10,2,5,10,50,18,6,6,2,0,0,0,0,
30,22.03.2026,Pisa,Trasferta,Como,0-5,P,2° tempo,0.3,31,4,0,0,1,120,156,77,1,,0,1,3,2,2,0,9,0,3,2,11,20,55,21,38,55,1,5,20,0.32,10,2,7,10,70,19,8,3,0,0,0,1.71,-1.29,
30,22.03.2026,Fiorentina,Casa,Inter,1-1,N,Totale,2.31,40,16,6,3,3,320,383,84,3,,1.46,7,3,9,7,0,21,0,5,12,23,51,45,65,87,75,1,17,6,0.4,11,16,2,4,50,30,31,9,0,0,3,1.98,0.98,0
30,22.03.2026,Inter,Trasferta,Fiorentina,1-1,N,Totale,1.32,60,12,4,2,5,497,577,86,3,,1.98,3,5,11,1,0,30,1,1,16,29,60,48,102,139,73,9,22,41,0.91,17,12,8,16,50,50,20,5,1,0,5,1.46,0.46,1
30,22.03.2026,Fiorentina,Casa,Inter,1-1,N,1° tempo,0.95,37,7,2,2,1,141,170,83,0,,0.14,3,2,4,3,0,8,0,4,8,10,21,48,29,37,78,1,8,13,0.23,5,4,1,2,50,16,15,4,0,0,1,1.24,0.24,0
30,22.03.2026,Inter,Trasferta,Fiorentina,1-1,N,1° tempo,0.82,63,4,2,2,2,260,293,89,2,,1.24,1,1,4,0,0,13,1,1,4,20,34,59,48,63,76,3,10,30,0.47,8,8,4,7,57,18,5,1,0,0,2,0.14,0.14,1
30,22.03.2026,Fiorentina,Casa,Inter,1-1,N,2° tempo,1.36,43,9,4,1,2,179,213,84,3,,1.32,4,1,5,4,0,13,0,1,4,13,30,43,36,50,72,0,9,0,0.17,6,12,1,2,50,14,16,5,0,0,2,0.74,0.74,
30,22.03.2026,Inter,Trasferta,Fiorentina,1-1,N,2° tempo,0.5,57,8,2,0,3,237,284,83,1,,0.74,2,4,7,1,0,17,0,0,12,9,26,35,54,76,71,6,12,50,0.44,9,4,4,9,44,32,15,4,1,0,3,1.32,0.32,
30,20.03.2026,Genoa,Casa,Udinese,0-2,P,Totale,1.19,62,18,2,2,7,374,450,83,1,,0.08,11,5,8,10,2,27,1,1,13,26,54,48,83,126,66,8,30,27,0.62,22,5,8,18,44,52,7,7,0,1,2,0.95,-1.05,0
30,20.03.2026,Udinese,Trasferta,Genoa,2-0,V,Totale,1.03,38,6,4,1,1,208,283,73,5,,0.95,1,1,4,2,0,11,0,1,5,12,42,29,25,45,56,3,7,43,0.48,13,13,8,13,62,40,49,8,1,0,2,0.08,0.08,1
30,20.03.2026,Genoa,Casa,Udinese,0-2,P,1° tempo,0.83,60,10,0,2,2,183,225,81,0,,0,8,2,4,6,2,10,0,0,6,15,32,47,43,61,70,4,11,36,0.32,13,3,3,9,33,24,2,4,0,0,1,0.14,0.14,
30,20.03.2026,Udinese,Trasferta,Genoa,2-0,V,1° tempo,0.06,40,2,1,0,1,126,158,80,1,,0.14,1,0,1,1,0,5,0,1,3,5,17,29,11,20,55,2,3,67,0.08,5,6,5,7,71,22,18,5,1,0,0,0,0,
30,20.03.2026,Genoa,Casa,Udinese,0-2,P,2° tempo,0.36,65,8,2,0,5,191,225,85,1,,0.08,3,3,4,4,0,17,1,1,7,11,22,50,40,65,62,4,19,21,0.3,9,2,5,9,56,28,5,3,0,1,1,0.81,-1.19,0
30,20.03.2026,Udinese,Trasferta,Genoa,2-0,V,2° tempo,0.97,35,4,3,1,0,82,125,66,4,,0.81,0,1,3,1,0,6,0,0,2,7,25,28,14,25,56,1,4,25,0.4,8,7,3,6,50,18,31,3,0,0,2,0.08,0.08,1
30,21.03.2026,Juventus,Casa,Sassuolo,1-1,N,Totale,2.09,66,18,8,3,9,494,570,87,1,,2.16,6,4,16,2,0,61,3,1,7,24,44,55,155,209,74,8,25,32,2.35,25,7,11,17,65,40,9,4,1,0,0,0.41,-0.59,
30,21.03.2026,Sassuolo,Trasferta,Juventus,1-1,N,Totale,0.53,34,7,1,2,4,239,300,80,2,,0.41,2,4,6,1,0,21,1,0,7,22,42,52,63,94,67,4,9,44,0.58,10,7,8,15,53,40,41,10,0,0,7,2.16,1.16,
30,21.03.2026,Juventus,Casa,Sassuolo,1-1,N,1° tempo,0.9,59,10,4,0,6,223,260,86,,,0.84,3,3,10,0,0,33,1,1,3,11,21,52,55,81,68,3,8,38,1.17,7,3,8,10,80,22,3,4,1,0,0,0,0,
30,21.03.2026,Sassuolo,Trasferta,Juventus,1-1,N,1° tempo,0.35,41,4,0,1,2,156,183,85,,,0,2,2,3,1,0,15,1,0,3,13,18,72,32,48,67,2,5,40,0.34,7,3,4,10,40,23,16,9,0,0,3,0.84,-0.16,
30,21.03.2026,Juventus,Casa,Sassuolo,1-1,N,2° tempo,1.19,73,8,4,3,3,271,310,87,1,,1.32,3,1,6,2,0,28,2,0,4,13,23,57,100,128,78,5,17,29,1.18,18,4,3,7,43,18,6,0,0,0,0,0.41,-0.59,
30,21.03.2026,Sassuolo,Trasferta,Juventus,1-1,N,2° tempo,0.18,27,3,1,1,2,83,117,71,2,,0.41,0,2,3,0,0,6,0,0,4,9,24,38,31,46,67,2,4,50,0.24,3,4,4,5,80,17,25,1,0,0,4,1.32,1.32,
30,21.03.2026,Milan,Casa,Torino,3-2,V,Totale,1.5,63,15,6,1,4,501,565,89,3,,2.17,3,6,9,6,0,18,0,1,10,22,39,56,133,160,83,3,17,18,1.56,20,9,5,8,63,31,21,8,0,0,5,2.64,0.64,
30,21.03.2026,Torino,Trasferta,Milan,2-3,P,Totale,2.24,37,19,7,3,6,265,315,84,1,,2.64,9,3,13,6,1,25,0,2,9,11,34,32,76,95,80,10,29,34,0.61,18,10,8,14,57,34,25,14,0,0,3,2.17,-0.83,
30,21.03.2026,Milan,Casa,Torino,3-2,V,1° tempo,0.2,58,5,2,0,1,238,275,87,1,,0.1,1,2,3,2,0,9,0,1,5,12,21,57,47,63,75,1,4,25,0.32,10,3,5,6,83,19,10,3,0,0,4,1.4,0.4,
30,21.03.2026,Torino,Trasferta,Milan,2-3,P,1° tempo,0.97,42,12,5,2,4,162,191,85,0,,1.4,5,2,8,4,1,13,0,2,3,6,22,27,33,40,83,5,14,36,0.26,9,5,5,9,56,20,9,8,0,0,1,0.1,-0.9,
30,21.03.2026,Milan,Casa,Torino,3-2,V,2° tempo,1.3,69,10,4,1,3,263,290,91,2,,2.07,2,4,6,4,0,9,0,0,5,10,18,56,86,97,89,2,13,15,1.24,10,6,0,2,0,12,11,5,0,0,1,1.24,0.24,
30,21.03.2026,Torino,Trasferta,Milan,2-3,P,2° tempo,1.27,31,7,2,1,2,103,124,83,1,,1.24,4,1,5,2,0,12,0,0,6,5,12,42,43,55,78,5,15,33,0.35,9,5,3,5,60,14,16,6,0,0,2,2.07,0.07,
30,21.03.2026,Parma,Casa,Cremonese,0-2,P,Totale,0.36,52,8,1,0,3,318,398,80,3,,0.33,4,3,3,5,0,16,0,0,15,17,46,37,62,111,56,6,20,30,0.43,32,20,2,7,29,51,15,4,0,0,2,1.05,-0.95,
30,21.03.2026,Cremonese,Trasferta,Parma,2-0,V,Totale,0.8,48,7,4,1,1,319,387,82,3,,1.05,2,1,4,3,0,5,0,3,20,29,72,40,31,50,62,2,9,22,0.22,13,15,13,20,65,57,36,4,0,0,1,0.33,0.33,
30,21.03.2026,Parma,Casa,Cremonese,0-2,P,1° tempo,0.08,36,2,0,0,1,109,147,74,,,0,2,0,1,1,0,3,0,0,7,6,22,27,14,35,40,1,3,33,0.09,15,7,0,3,0,19,9,2,0,0,2,0.18,0.18,
30,21.03.2026,Cremonese,Trasferta,Parma,2-0,V,1° tempo,0.11,64,2,2,0,1,230,264,87,,,0.18,0,0,2,0,0,2,0,2,7,17,40,43,20,29,69,1,6,17,0.1,9,7,6,8,75,23,7,4,0,0,0,0,0,
30,21.03.2026,Parma,Casa,Cremonese,0-2,P,2° tempo,0.28,68,6,1,0,2,209,251,83,3,,0.33,2,3,2,4,0,13,0,0,8,11,24,46,48,76,63,5,17,29,0.34,17,13,2,4,50,32,6,2,0,0,0,0.87,-1.13,
30,21.03.2026,Cremonese,Trasferta,Parma,2-0,V,2° tempo,0.69,32,5,2,1,0,89,123,72,3,,0.87,2,1,2,3,0,3,0,1,13,12,32,38,11,21,52,1,3,33,0.12,4,8,7,12,58,34,29,0,0,0,1,0.33,0.33,
30,22.03.2026,Roma,Casa,Lecce,1-0,V,Totale,0.84,67,14,2,1,10,472,577,82,2,,0.27,7,5,12,2,0,33,2,5,17,15,48,31,108,155,70,7,23,30,0.86,30,14,5,8,63,56,16,11,1,0,2,0.29,0.29,1
30,22.03.2026,Lecce,Trasferta,Roma,0-1,P,Totale,1.03,33,8,3,1,2,182,279,65,2,,0.29,3,2,5,3,0,13,0,0,14,18,64,28,25,58,43,2,14,14,0.67,17,17,13,28,46,67,39,15,0,0,1,0.27,-0.73,0
30,22.03.2026,Roma,Casa,Lecce,1-0,V,1° tempo,0.28,76,6,1,0,5,295,342,86,,,0.03,4,1,5,1,0,16,0,3,8,5,16,31,59,83,71,2,11,18,0.3,15,7,3,5,60,29,6,4,0,0,0,0,0,
30,22.03.2026,Lecce,Trasferta,Roma,0-1,P,1° tempo,0.05,24,2,0,0,0,65,108,60,,,0,1,1,1,1,0,5,0,0,7,13,36,36,7,21,33,0,5,0,0.11,8,8,8,19,42,36,22,7,0,0,1,0.03,0.03,
30,22.03.2026,Roma,Casa,Lecce,1-0,V,2° tempo,0.56,58,8,1,1,5,177,235,75,2,,0.24,3,4,7,1,0,17,2,2,9,10,32,31,49,72,68,5,12,42,0.56,15,7,2,3,67,27,10,7,1,0,2,0.29,0.29,1
30,22.03.2026,Lecce,Trasferta,Roma,0-1,P,2° tempo,0.98,42,6,3,1,2,117,171,68,2,,0.29,2,1,4,2,0,8,0,0,7,5,28,18,18,37,49,2,9,22,0.56,9,9,5,9,56,31,17,8,0,0,0,0.24,-0.76,0
31,05.04.2026,Cremonese,Casa,Bologna,1-2,P,Totale,1.42,37,9,3,2,2,266,339,78,2,1,1.93,4,2,6,3,0,11,0,0,15,22,48,46,34,63,54,3,14,21,0.12,22,15,9,13,69,44,15,5,1,1,5,0.74,-1.26,
31,05.04.2026,Bologna,Trasferta,Cremonese,2-1,V,Totale,1.14,63,14,7,2,4,527,588,90,3,1,0.74,5,2,10,4,1,23,0,3,15,34,60,57,88,116,76,2,9,22,0.66,8,15,5,9,56,43,19,7,0,0,2,1.93,0.93,
31,05.04.2026,Cremonese,Casa,Bologna,1-2,P,1° tempo,0.07,29,2,0,0,0,118,155,76,1,,0,1,1,0,2,0,0,0,0,5,11,21,52,6,16,38,0,2,0,0.02,9,5,4,5,80,15,8,2,1,1,3,0.64,-1.36,
31,05.04.2026,Bologna,Trasferta,Cremonese,2-1,V,1° tempo,0.89,71,9,5,2,2,351,377,93,0,,0.64,3,1,7,2,1,15,0,1,5,24,35,69,48,63,76,2,5,40,0.33,3,5,1,2,50,14,5,5,0,0,0,0,0,
31,05.04.2026,Cremonese,Casa,Bologna,1-2,P,2° tempo,1.35,48,7,3,2,2,148,184,80,1,1,1.93,3,1,6,1,0,11,0,0,10,11,27,41,28,47,60,3,12,25,0.1,13,10,5,8,63,29,7,3,0,0,2,0.1,0.1,
31,05.04.2026,Bologna,Trasferta,Cremonese,2-1,V,2° tempo,0.25,52,5,2,0,2,176,211,83,3,1,0.1,2,1,3,2,0,8,0,2,10,10,25,40,40,53,75,0,4,0,0.33,5,10,4,7,57,29,14,2,0,0,2,1.93,0.93,
31,05.04.2026,Inter,Casa,Roma,5-2,V,Totale,1.52,56,17,9,5,7,437,508,86,0,,2.54,4,4,13,4,0,31,0,1,10,20,50,40,90,115,78,5,20,25,1.26,17,11,13,22,59,51,17,11,1,0,1,2.12,0.12,1
31,05.04.2026,Roma,Trasferta,Inter,2-5,P,Totale,0.96,44,9,3,1,4,342,405,84,1,,2.12,5,1,6,3,0,23,0,1,11,20,43,47,85,118,72,7,16,44,1.1,16,10,7,13,54,44,24,9,2,1,4,2.54,-2.46,1
31,05.04.2026,Inter,Casa,Roma,5-2,V,1° tempo,0.48,50,10,5,1,4,203,235,86,,,0.78,1,4,6,4,0,12,0,1,5,7,22,32,36,47,77,2,9,22,0.72,6,6,8,13,62,28,11,7,0,0,1,1.52,0.52,0
31,05.04.2026,Roma,Trasferta,Inter,2-5,P,1° tempo,0.57,50,4,2,1,3,198,236,84,,,1.52,2,0,2,2,0,12,0,0,6,6,18,33,54,77,70,5,9,56,0.94,10,5,2,3,67,19,7,1,1,0,3,0.78,-1.22,1
31,05.04.2026,Inter,Casa,Roma,5-2,V,2° tempo,1.04,62,7,4,4,3,234,273,86,0,,1.76,3,0,7,0,0,19,0,0,5,13,28,46,54,68,79,3,11,27,0.54,11,5,5,9,56,23,6,4,1,0,0,0.6,-0.4,1
31,05.04.2026,Roma,Trasferta,Inter,2-5,P,2° tempo,0.39,38,5,1,0,1,144,169,85,1,,0.6,3,1,4,1,0,11,0,1,5,14,25,56,31,41,76,2,7,29,0.16,6,5,5,10,50,25,17,8,1,1,1,1.76,-1.24,0
31,06.04.2026,Juventus,Casa,Genoa,2-0,V,Totale,2.23,62,16,5,3,5,521,579,90,4,,1.09,8,3,10,6,1,34,0,0,8,40,66,61,118,150,79,5,16,31,2.88,21,10,10,13,77,35,19,7,1,0,3,0.87,0.87,1
31,06.04.2026,Genoa,Trasferta,Juventus,0-2,P,Totale,1.42,38,12,3,2,5,295,354,83,1,,0.87,2,7,7,5,0,18,0,0,10,18,40,45,46,75,61,3,15,20,0.36,13,8,15,22,68,42,20,9,0,0,3,1.09,-0.91,0
31,06.04.2026,Juventus,Casa,Genoa,2-0,V,1° tempo,1.32,74,10,4,2,2,345,374,92,2,,0.99,4,2,7,3,0,18,0,0,4,28,40,70,78,96,81,2,8,25,1.67,11,5,4,5,80,16,7,2,0,0,0,0,0,1
31,06.04.2026,Genoa,Trasferta,Juventus,0-2,P,1° tempo,0.1,26,2,0,0,2,100,127,79,0,,0,1,1,1,1,0,4,0,0,5,8,23,35,11,22,50,0,5,0,0.03,5,4,8,12,67,19,15,4,0,0,2,0.99,-1.01,0
31,06.04.2026,Juventus,Casa,Genoa,2-0,V,2° tempo,0.91,48,6,1,1,3,176,205,86,2,,0.1,4,1,3,3,1,16,0,0,4,12,26,46,40,54,74,3,8,38,1.21,10,5,6,8,75,19,12,5,1,0,3,0.87,0.87,
31,06.04.2026,Genoa,Trasferta,Juventus,0-2,P,2° tempo,1.32,52,10,3,2,3,195,227,86,1,,0.87,1,6,6,4,0,14,0,0,5,10,17,59,35,53,66,3,10,30,0.33,8,4,7,10,70,23,5,5,0,0,1,0.1,0.1,
31,04.04.2026,Lazio,Casa,Parma,1-1,N,Totale,0.4,61,7,3,0,7,534,576,93,1,,1.09,3,1,5,2,0,22,0,0,8,25,33,76,200,228,88,4,31,13,0.48,27,12,2,9,22,24,8,8,0,0,3,0.96,-0.04,
31,04.04.2026,Parma,Trasferta,Lazio,1-1,N,Totale,0.32,39,7,4,0,2,324,381,85,2,,0.96,1,2,4,3,0,10,0,1,12,20,41,49,35,58,60,3,6,50,0.18,21,8,7,11,64,40,30,2,0,0,2,1.09,0.09,
31,04.04.2026,Lazio,Casa,Parma,1-1,N,1° tempo,0.07,56,2,0,0,2,297,316,94,0,,0,1,1,2,0,0,8,0,0,5,13,18,72,101,114,89,1,11,9,0.2,7,8,1,7,14,15,5,4,0,0,2,0.93,-0.07,
31,04.04.2026,Parma,Trasferta,Lazio,1-1,N,1° tempo,0.22,44,4,3,0,1,223,248,90,2,,0.93,0,1,4,0,0,8,0,0,8,9,16,56,19,27,70,2,5,40,0.13,7,5,3,6,50,21,11,0,0,0,0,0,0,
31,04.04.2026,Lazio,Casa,Parma,1-1,N,2° tempo,0.33,67,5,3,0,5,237,260,91,1,,1.09,2,0,3,2,0,14,0,0,3,12,15,80,99,114,87,3,20,15,0.28,20,4,1,2,50,9,3,4,0,0,1,0.03,0.03,
31,04.04.2026,Parma,Trasferta,Lazio,1-1,N,2° tempo,0.1,33,3,1,0,1,101,133,76,0,,0.03,1,1,0,3,0,2,0,1,4,11,25,44,16,31,52,1,1,100,0.05,14,3,4,5,80,19,19,2,0,0,2,1.09,0.09,
31,06.04.2026,Lecce,Casa,Atalanta,0-3,P,Totale,0.44,42,11,0,0,2,263,324,81,0,,0,6,5,5,6,0,19,0,2,18,26,48,54,79,110,72,3,20,15,0.49,22,10,9,13,69,56,26,9,0,0,3,2.85,-0.15,
31,06.04.2026,Atalanta,Trasferta,Lecce,3-0,V,Totale,2.78,58,16,6,5,5,374,456,82,2,,2.85,6,4,13,3,0,38,0,5,10,21,49,43,82,120,68,4,10,40,1.6,32,18,8,16,50,47,17,7,0,0,0,0,0,
31,06.04.2026,Lecce,Casa,Atalanta,0-3,P,1° tempo,0.18,38,4,0,0,0,114,151,75,,,0,2,2,2,2,0,8,0,0,7,12,24,50,31,52,60,2,7,29,0.16,15,7,7,10,70,29,6,5,0,0,2,1.25,0.25,
31,06.04.2026,Atalanta,Trasferta,Lecce,3-0,V,1° tempo,1.31,62,6,3,3,2,213,253,84,,,1.25,2,1,5,1,0,13,0,2,7,11,25,44,34,51,67,2,4,50,0.55,16,7,4,10,40,29,8,5,0,0,0,0,0,
31,06.04.2026,Lecce,Casa,Atalanta,0-3,P,2° tempo,0.26,47,7,0,0,2,149,173,86,0,,0,4,3,3,4,0,11,0,2,11,14,24,58,48,58,83,1,13,8,0.33,7,3,2,3,67,27,20,4,0,0,1,1.6,-0.4,
31,06.04.2026,Atalanta,Trasferta,Lecce,3-0,V,2° tempo,1.47,53,10,3,2,3,161,203,79,2,,1.6,4,3,8,2,0,25,0,3,3,10,24,42,48,69,70,2,6,33,1.05,16,11,4,6,67,18,9,2,0,0,0,0,0,
31,06.04.2026,Napoli,Casa,Milan,1-0,V,Totale,0.8,53,10,3,1,4,469,522,90,2,,1.96,6,1,7,3,0,16,1,5,6,17,34,50,92,120,77,2,13,15,0.69,18,7,2,7,29,28,12,8,2,0,1,0.01,0.01,
31,06.04.2026,Milan,Trasferta,Napoli,0-1,P,Totale,0.6,47,7,1,1,3,396,466,85,0,,0.01,6,0,5,2,0,20,0,2,7,22,41,54,89,117,76,7,17,41,1.4,19,6,8,11,73,35,19,9,0,0,2,1.96,0.96,
31,06.04.2026,Napoli,Casa,Milan,1-0,V,1° tempo,0.49,56,4,0,0,2,261,292,89,1,,0,3,1,3,1,0,5,1,2,2,9,17,53,44,58,76,1,6,17,0.44,11,4,2,4,50,12,2,4,2,0,1,0.01,0.01,
31,06.04.2026,Milan,Trasferta,Napoli,0-1,P,1° tempo,0.41,44,3,1,1,0,196,229,86,0,,0.01,2,0,2,1,0,6,0,2,4,8,17,47,31,45,69,2,3,67,0.53,7,2,1,2,50,14,6,6,0,0,0,0,0,
31,06.04.2026,Napoli,Casa,Milan,1-0,V,2° tempo,0.31,49,6,3,1,2,208,230,90,1,,1.96,3,0,4,2,0,11,0,3,4,8,17,47,48,62,77,1,7,14,0.25,7,3,0,3,0,16,10,4,0,0,0,0,0,
31,06.04.2026,Milan,Trasferta,Napoli,0-1,P,2° tempo,0.19,51,4,0,0,3,200,237,84,0,,0,4,0,3,1,0,14,0,0,3,14,24,58,58,72,81,5,14,36,0.87,12,4,7,9,78,21,13,3,0,0,2,1.96,0.96,
31,05.04.2026,Pisa,Casa,Torino,0-1,P,Totale,0.32,50,7,1,0,1,328,419,78,1,,0.04,5,1,5,2,0,22,0,0,12,25,52,48,81,127,64,4,24,17,0.58,29,12,13,19,68,65,22,11,0,0,1,1.26,0.26,
31,05.04.2026,Torino,Trasferta,Pisa,1-0,V,Totale,1.83,50,13,2,2,2,342,428,80,0,,1.26,8,3,7,6,0,16,0,1,12,30,74,41,77,115,67,4,14,29,0.62,24,12,4,15,27,53,53,6,0,0,1,0.04,0.04,
31,05.04.2026,Pisa,Casa,Torino,0-1,P,1° tempo,0.14,53,3,0,0,1,170,209,81,1,,0,3,0,3,0,0,12,0,0,6,12,24,50,40,59,68,2,10,20,0.24,18,8,8,12,67,36,10,5,0,0,1,0.27,0.27,
31,05.04.2026,Torino,Trasferta,Pisa,1-0,V,1° tempo,0.17,47,4,1,0,2,148,188,79,0,,0.27,2,1,1,3,0,7,0,0,8,13,33,39,32,53,60,1,6,17,0.21,11,6,3,9,33,28,23,3,0,0,0,0,0,
31,05.04.2026,Pisa,Casa,Torino,0-1,P,2° tempo,0.18,47,4,1,0,0,158,210,75,,,0.04,2,1,2,2,0,10,0,0,6,13,28,46,41,68,60,2,14,14,0.34,11,4,5,7,71,29,12,6,0,0,0,0.99,-0.01,
31,05.04.2026,Torino,Trasferta,Pisa,1-0,V,2° tempo,1.66,53,9,1,2,0,194,240,81,,,0.99,6,2,6,3,0,9,0,1,4,17,41,41,45,62,73,3,8,38,0.41,13,6,1,6,17,25,30,3,0,0,1,0.04,0.04,
31,04.04.2026,Sassuolo,Casa,Cagliari,2-1,V,Totale,0.51,50,9,2,0,2,365,434,84,1,,0.82,5,2,5,4,0,15,0,2,11,13,37,35,85,114,75,1,8,13,0.34,14,14,6,15,40,36,16,5,1,0,2,1.07,0.07,
31,04.04.2026,Cagliari,Trasferta,Sassuolo,1-2,P,Totale,1.63,50,11,3,3,2,364,440,83,0,,1.07,5,3,8,3,0,28,2,1,14,16,37,43,63,101,62,3,13,23,0.91,12,11,11,19,58,49,11,4,1,0,0,0.82,-1.18,
31,04.04.2026,Sassuolo,Casa,Cagliari,2-1,V,1° tempo,0.12,52,2,0,0,1,195,230,85,,,0,1,1,2,0,0,7,0,1,5,6,13,46,47,58,81,1,7,14,0.16,10,6,4,7,57,16,11,2,0,0,2,1.07,0.07,
31,04.04.2026,Cagliari,Trasferta,Sassuolo,1-2,P,1° tempo,1.31,48,7,3,1,1,175,213,82,,,1.07,1,3,6,1,0,20,1,1,6,4,17,24,32,49,65,1,7,14,0.62,5,5,5,9,56,19,4,4,0,0,0,0,0,
31,04.04.2026,Sassuolo,Casa,Cagliari,2-1,V,2° tempo,0.39,47,7,2,0,1,170,204,83,1,,0.82,4,1,3,4,0,8,0,1,6,7,24,29,38,56,68,0,1,0,0.18,4,8,2,8,25,20,5,3,1,0,0,0,0,
31,04.04.2026,Cagliari,Trasferta,Sassuolo,1-2,P,2° tempo,0.32,53,4,0,2,1,189,227,83,0,,0,4,0,2,2,0,8,1,0,8,12,20,60,31,52,60,2,6,33,0.29,7,6,6,10,60,30,7,0,1,0,0,0.82,-1.18,
31,06.04.2026,Udinese,Casa,Como,0-0,N,Totale,0.93,49,14,4,1,6,366,423,87,2,,0.43,1,9,11,3,0,23,1,3,12,14,38,37,63,87,72,3,13,23,0.41,22,10,11,15,73,44,15,6,0,0,4,0.37,0.37,
31,06.04.2026,Como,Trasferta,Udinese,0-0,N,Totale,0.67,51,12,4,1,2,380,446,85,3,,0.37,4,4,7,5,0,14,1,2,10,23,40,57,89,126,71,3,9,33,0.66,18,12,16,32,50,59,16,9,2,0,4,0.43,0.43,
31,06.04.2026,Udinese,Casa,Como,0-0,N,1° tempo,0.52,48,7,2,1,1,227,250,91,,,0.36,1,4,6,1,0,12,1,1,4,6,14,43,26,39,67,1,6,17,0.14,7,6,9,10,90,23,7,3,0,0,2,0.19,0.19,
31,06.04.2026,Como,Trasferta,Udinese,0-0,N,1° tempo,0.32,52,7,2,0,2,245,272,90,,,0.19,2,3,3,4,0,8,1,1,6,16,23,70,54,72,75,1,4,25,0.45,6,4,6,13,46,23,7,6,1,0,2,0.36,0.36,
31,06.04.2026,Udinese,Casa,Como,0-0,N,2° tempo,0.41,50,7,2,0,5,139,173,80,2,,0.07,0,5,5,2,0,11,0,2,8,8,24,33,37,48,77,2,7,29,0.27,15,4,2,5,40,21,8,3,0,0,2,0.18,0.18,
31,06.04.2026,Como,Trasferta,Udinese,0-0,N,2° tempo,0.35,50,5,2,1,0,135,174,78,3,,0.18,2,1,4,1,0,6,0,1,4,7,17,41,35,54,65,2,5,40,0.21,12,8,10,19,53,36,9,3,1,0,2,0.07,0.07,
31,04.04.2026,Verona,Casa,Fiorentina,0-1,P,Totale,0.98,49,21,8,0,9,325,397,82,3,1,1.01,10,3,9,12,0,24,0,1,7,19,46,41,85,118,72,6,28,21,0.87,13,15,12,16,75,48,16,10,0,0,0,0.71,-0.29,
31,04.04.2026,Fiorentina,Trasferta,Verona,1-0,V,Totale,0.36,51,5,1,0,1,351,431,81,1,1,0.71,2,2,2,3,1,8,0,0,15,20,52,38,42,81,52,0,3,0,0.17,15,7,5,14,36,44,28,3,1,0,8,1.01,1.01,
31,04.04.2026,Verona,Casa,Fiorentina,0-1,P,1° tempo,0.62,42,10,6,0,4,169,205,82,1,,0.91,4,0,5,5,0,11,0,1,3,7,15,47,38,53,72,2,10,20,0.38,6,6,7,9,78,24,9,5,0,0,0,0,0,
31,04.04.2026,Fiorentina,Trasferta,Verona,1-0,V,1° tempo,0.21,58,4,0,0,1,248,289,86,0,,0,2,2,1,3,1,5,0,0,6,12,24,50,29,49,59,0,2,0,0.07,6,3,2,9,22,22,8,1,1,0,6,0.91,0.91,
31,04.04.2026,Verona,Casa,Fiorentina,0-1,P,2° tempo,0.36,59,11,2,0,5,156,192,81,2,1,0.1,6,3,4,7,0,13,0,0,4,12,31,39,47,65,72,4,18,22,0.49,7,9,5,7,71,24,7,5,0,0,0,0.71,-0.29,
31,04.04.2026,Fiorentina,Trasferta,Verona,1-0,V,2° tempo,0.15,41,1,1,0,0,103,142,73,1,1,0.71,0,0,1,0,0,3,0,0,9,8,28,29,13,32,41,0,1,0,0.1,9,4,3,5,60,22,20,2,0,0,2,0.1,0.1,
32,11.04.2026,Atalanta,Casa,Juventus,0-1,P,Totale,1.69,56,22,3,3,13,441,513,86,1,,0.79,11,8,14,8,1,38,0,3,11,17,40,43,118,157,75,8,24,33,2.22,17,7,8,12,67,51,11,9,0,1,1,0.37,-0.63,
32,11.04.2026,Juventus,Trasferta,Atalanta,1-0,V,Totale,0.61,44,7,2,2,2,342,419,82,3,,0.37,3,2,5,2,0,16,1,1,7,20,58,34,55,80,69,0,6,0,1.29,17,11,11,22,50,50,36,7,1,0,3,0.79,0.79,
32,11.04.2026,Atalanta,Casa,Juventus,0-1,P,1° tempo,0.75,44,10,1,1,4,166,204,81,,,0.18,6,3,7,3,1,21,0,2,2,8,22,36,54,77,70,3,7,43,0.97,10,2,4,5,80,15,5,4,0,0,1,0.14,0.14,
32,11.04.2026,Juventus,Trasferta,Atalanta,1-0,V,1° tempo,0.28,56,3,1,1,2,219,258,85,,,0.14,1,1,2,1,0,6,1,0,2,10,31,32,26,37,70,0,3,0,0.59,8,2,4,9,44,20,18,3,1,0,1,0.18,0.18,
32,11.04.2026,Atalanta,Casa,Juventus,0-1,P,2° tempo,0.94,66,12,2,2,9,275,309,89,1,,0.61,5,5,7,5,0,17,0,1,9,9,18,50,64,80,80,5,17,29,1.25,7,5,4,7,57,36,6,5,0,1,0,0.23,-0.77,
32,11.04.2026,Juventus,Trasferta,Atalanta,1-0,V,2° tempo,0.33,34,4,1,1,0,123,161,76,3,,0.23,2,1,3,1,0,10,0,1,5,10,27,37,29,43,67,0,3,0,0.7,9,9,7,13,54,30,18,4,0,0,2,0.61,0.61,
32,12.04.2026,Bologna,Casa,Lecce,2-0,V,Totale,2.16,64,12,4,4,8,418,493,85,0,,1.4,5,3,9,3,1,23,1,4,19,35,68,51,90,124,73,3,22,14,0.9,27,15,9,12,75,55,27,10,0,0,1,0.13,0.13,1
32,12.04.2026,Lecce,Trasferta,Bologna,0-2,P,Totale,0.32,36,6,1,1,6,191,267,72,2,,0.13,3,2,2,4,0,11,2,0,15,28,60,47,23,49,47,2,17,12,0.42,18,19,7,11,64,37,33,9,0,1,2,1.4,-0.6,0
32,12.04.2026,Bologna,Casa,Lecce,2-0,V,1° tempo,1.49,70,7,2,3,3,281,318,88,0,,1.05,5,0,5,2,1,10,0,2,12,21,39,54,56,73,77,2,10,20,0.5,12,5,5,6,83,30,9,4,0,0,1,0.13,0.13,1
32,12.04.2026,Lecce,Trasferta,Bologna,0-2,P,1° tempo,0.23,30,3,1,1,2,100,130,77,2,,0.13,1,1,0,3,0,4,1,0,5,15,30,50,12,24,50,0,6,0,0.25,3,12,3,5,60,15,14,4,0,1,1,1.05,0.05,0
32,12.04.2026,Bologna,Casa,Lecce,2-0,V,2° tempo,0.67,56,5,2,1,5,137,175,78,,,0.35,0,3,4,1,0,13,1,2,7,14,29,48,34,51,67,1,12,8,0.4,15,10,4,6,67,25,18,6,0,0,0,0,0,
32,12.04.2026,Lecce,Trasferta,Bologna,0-2,P,2° tempo,0.09,44,3,0,0,4,91,137,66,,,0,2,1,2,1,0,7,1,0,10,13,30,43,11,25,44,2,11,18,0.17,15,7,4,6,67,22,19,5,0,0,1,0.35,-0.65,
32,11.04.2026,Cagliari,Casa,Cremonese,1-0,V,Totale,1.17,35,17,5,2,6,187,253,74,1,,0.87,7,5,10,7,0,17,0,1,17,22,52,42,48,80,60,7,16,44,0.68,25,9,8,16,50,50,13,9,0,0,2,0.28,0.28,1
32,11.04.2026,Cremonese,Trasferta,Cagliari,0-1,P,Totale,0.28,65,5,2,0,5,429,504,85,1,,0.28,2,1,4,1,0,19,0,1,9,28,54,52,43,78,55,4,17,24,0.41,20,17,7,11,64,35,22,5,0,0,4,0.87,-0.13,0
32,11.04.2026,Cagliari,Casa,Cremonese,1-0,V,1° tempo,0.25,39,4,2,0,3,120,154,78,0,,0.2,0,2,2,2,0,7,0,1,11,12,25,48,18,32,56,2,7,29,0.13,8,3,5,11,45,29,3,6,0,0,2,0.28,0.28,
32,11.04.2026,Cremonese,Trasferta,Cagliari,0-1,P,1° tempo,0.17,61,4,2,0,3,215,253,85,1,,0.28,1,1,3,1,0,14,0,1,3,14,26,54,25,42,60,3,10,30,0.33,10,11,1,4,25,17,5,3,0,0,2,0.2,0.2,
32,11.04.2026,Cagliari,Casa,Cremonese,1-0,V,2° tempo,0.92,30,13,3,2,3,67,99,68,1,,0.67,7,3,8,5,0,10,0,0,6,10,27,37,30,48,63,5,9,56,0.55,17,6,3,5,60,21,10,3,0,0,0,0,0,1
32,11.04.2026,Cremonese,Trasferta,Cagliari,0-1,P,2° tempo,0.11,70,1,0,0,2,214,251,85,0,,0,1,0,1,0,0,5,0,0,6,14,28,50,18,36,50,1,7,14,0.08,10,6,6,7,86,18,17,2,0,0,2,0.67,-0.33,0
32,12.04.2026,Como,Casa,Inter,3-4,P,Totale,3.12,60,24,8,4,1,421,485,87,3,,2.51,9,7,16,8,1,33,0,2,17,23,46,50,113,144,78,5,18,28,0.82,19,12,6,7,86,43,7,6,0,1,2,2.48,-1.52,0
32,12.04.2026,Inter,Trasferta,Como,4-3,V,Totale,0.88,40,7,5,3,1,261,325,80,7,,2.48,1,1,5,2,0,9,0,4,12,17,47,36,39,64,61,3,9,33,0.46,12,17,10,17,59,47,23,10,2,0,5,2.51,-0.49,1
32,12.04.2026,Como,Casa,Inter,3-4,P,1° tempo,0.81,51,11,4,1,1,197,221,89,1,,1.27,3,4,6,5,0,10,0,2,6,12,24,50,48,59,81,1,4,25,0.18,10,6,3,4,75,16,4,4,0,0,1,0.7,-0.3,
32,12.04.2026,Inter,Trasferta,Como,4-3,V,1° tempo,0.17,49,1,1,0,1,182,208,88,0,,0.7,0,0,1,0,0,3,0,0,6,11,22,50,18,30,60,2,7,29,0.18,10,6,6,12,50,25,5,3,2,0,2,1.27,-0.73,
32,12.04.2026,Como,Casa,Inter,3-4,P,2° tempo,2.31,70,13,4,3,0,224,264,85,2,,1.24,6,3,10,3,1,23,0,0,11,11,22,50,65,85,76,4,14,29,0.64,9,6,3,3,100,27,3,2,0,1,1,1.78,-1.22,0
32,12.04.2026,Inter,Trasferta,Como,4-3,V,2° tempo,0.71,30,6,4,3,0,79,117,68,7,,1.78,1,1,4,2,0,6,0,4,6,6,25,24,21,34,62,1,2,50,0.28,2,11,4,5,80,22,18,7,0,0,3,1.24,0.24,1
32,13.04.2026,Fiorentina,Casa,Lazio,1-0,V,Totale,0.62,34,8,2,0,5,291,350,83,3,,1.06,4,2,4,4,0,13,1,0,10,28,52,54,49,70,70,6,14,43,1.44,21,10,7,13,54,44,25,4,1,0,6,1.83,1.83,1
32,13.04.2026,Lazio,Trasferta,Fiorentina,0-1,P,Totale,1.33,66,13,6,2,6,620,674,92,2,,1.83,3,4,8,5,0,24,0,0,10,16,26,62,135,165,82,6,22,27,1.03,9,10,9,11,82,34,17,7,0,0,1,1.06,0.06,0
32,13.04.2026,Fiorentina,Casa,Lazio,1-0,V,1° tempo,0.22,36,4,1,0,1,182,206,88,1,,0.46,2,1,1,3,0,4,1,0,5,18,28,64,26,33,79,4,9,44,1.05,7,6,2,5,40,19,12,1,0,0,4,1.45,1.45,1
32,13.04.2026,Lazio,Trasferta,Fiorentina,0-1,P,1° tempo,0.65,64,5,4,2,2,354,380,93,0,,1.45,0,1,3,2,0,10,0,0,6,7,13,54,49,65,75,1,8,13,0.48,4,5,2,2,100,14,9,1,0,0,0,0.46,-0.54,0
32,13.04.2026,Fiorentina,Casa,Lazio,1-0,V,2° tempo,0.4,33,4,1,0,4,109,144,76,2,,0.6,2,1,3,1,0,9,0,0,5,10,24,42,23,37,62,2,5,40,0.39,14,4,5,8,63,25,13,3,1,0,2,0.38,0.38,
32,13.04.2026,Lazio,Trasferta,Fiorentina,0-1,P,2° tempo,0.68,67,8,2,0,4,266,294,90,2,,0.38,3,3,5,3,0,14,0,0,4,9,13,69,86,100,86,5,14,36,0.55,5,5,7,9,78,20,8,6,0,0,1,0.6,0.6,
32,12.04.2026,Genoa,Casa,Sassuolo,2-1,V,Totale,1.18,52,14,7,1,5,378,440,86,2,1,2.54,4,3,6,8,0,18,1,1,14,29,46,63,75,112,67,3,15,20,1.28,11,9,8,15,53,35,12,9,0,0,5,1.37,0.37,
32,12.04.2026,Sassuolo,Trasferta,Genoa,1-2,P,Totale,1.23,48,15,6,1,3,349,411,85,3,1,1.37,7,2,9,6,0,17,0,1,9,17,39,44,70,96,73,6,11,55,0.61,15,14,7,13,54,36,20,9,1,0,5,2.54,0.54,
32,12.04.2026,Genoa,Casa,Sassuolo,2-1,V,1° tempo,0.47,59,11,5,0,3,215,252,85,2,1,1.38,3,3,5,6,0,10,0,0,6,16,25,64,41,62,66,3,7,43,0.26,7,5,3,6,50,16,8,4,0,0,4,0.43,0.43,
32,12.04.2026,Sassuolo,Trasferta,Genoa,1-2,P,1° tempo,0.41,41,10,4,0,2,137,172,80,2,1,0.43,5,1,6,4,0,11,0,0,5,9,22,41,33,45,73,4,6,67,0.43,10,6,1,1,100,12,9,4,0,0,4,1.38,0.38,
32,12.04.2026,Genoa,Casa,Sassuolo,2-1,V,2° tempo,0.71,44,3,2,1,2,163,188,87,0,,1.16,1,0,1,2,0,8,1,1,8,13,21,62,34,50,68,0,8,0,1.02,4,4,5,9,56,19,4,5,0,0,1,0.94,-0.06,
32,12.04.2026,Sassuolo,Trasferta,Genoa,1-2,P,2° tempo,0.82,56,5,2,1,1,212,239,89,1,,0.94,2,1,3,2,0,6,0,1,4,8,17,47,37,51,73,2,5,40,0.18,5,8,6,12,50,24,11,5,1,0,1,1.16,0.16,
32,11.04.2026,Milan,Casa,Udinese,0-3,P,Totale,2.08,63,20,3,2,4,493,558,88,1,,0.42,8,9,14,6,1,33,0,0,14,14,31,45,119,159,75,7,20,35,1.07,25,9,10,22,45,58,21,6,2,0,4,1.74,-0.26,0
32,11.04.2026,Udinese,Trasferta,Milan,3-0,V,Totale,1.4,37,12,6,2,3,269,326,83,1,,1.74,4,2,8,4,1,23,0,0,9,22,43,51,79,108,73,3,11,27,0.71,11,14,17,21,81,42,23,16,2,0,3,0.42,0.42,1
32,11.04.2026,Milan,Casa,Udinese,0-3,P,1° tempo,1.05,66,8,0,1,1,239,273,88,1,,0,4,4,7,1,0,13,0,0,7,7,16,44,53,76,70,4,10,40,0.61,12,5,7,15,47,31,9,4,0,0,2,1.4,0.4,0
32,11.04.2026,Udinese,Trasferta,Milan,3-0,V,1° tempo,1.11,34,6,3,2,1,115,140,82,0,,1.4,2,1,4,2,1,11,0,0,5,10,17,59,26,39,67,3,8,38,0.48,9,7,7,9,78,19,10,11,2,0,0,0,0,1
32,11.04.2026,Milan,Casa,Udinese,0-3,P,2° tempo,1.03,61,12,3,1,3,254,285,89,0,,0.42,4,5,7,5,1,20,0,0,7,7,15,47,66,83,80,3,10,30,0.46,13,4,3,7,43,27,12,2,2,0,2,0.34,-0.66,
32,11.04.2026,Udinese,Trasferta,Milan,3-0,V,2° tempo,0.29,39,6,3,0,2,154,186,83,1,,0.34,2,1,4,2,0,12,0,0,4,12,26,46,53,69,77,0,3,0,0.23,2,7,10,12,83,23,13,5,0,0,3,0.42,0.42,
32,12.04.2026,Parma,Casa,Napoli,1-1,N,Totale,0.2,26,3,2,0,3,178,246,72,1,,0.31,0,1,1,2,0,7,0,2,8,15,53,28,27,61,44,1,7,14,0.07,13,4,9,15,60,34,40,7,0,0,4,1.31,0.31,
32,12.04.2026,Napoli,Trasferta,Parma,1-1,N,Totale,1.22,74,20,6,1,7,657,715,92,0,,1.31,6,8,16,4,0,64,1,2,4,21,29,72,293,339,86,11,37,30,2.15,17,8,6,14,43,43,14,6,0,0,1,0.31,-0.69,
32,12.04.2026,Parma,Casa,Napoli,1-1,N,1° tempo,0.14,28,1,1,0,1,108,140,77,,,0.28,0,0,1,0,0,2,0,1,4,10,24,42,20,35,57,0,3,0,0.05,10,2,3,6,50,15,17,5,0,0,1,0.21,0.21,
32,12.04.2026,Napoli,Trasferta,Parma,1-1,N,1° tempo,0.28,72,5,2,0,2,340,369,92,,,0.21,0,3,4,1,0,27,1,2,2,10,12,83,154,178,87,4,13,31,1.17,6,4,3,8,38,19,6,2,0,0,0,0.28,-0.72,
32,12.04.2026,Parma,Casa,Napoli,1-1,N,2° tempo,0.06,23,2,1,0,2,70,106,66,1,,0.03,0,1,0,2,0,5,0,1,4,5,29,17,7,26,27,1,4,25,0.02,3,2,6,9,67,19,23,2,0,0,3,1.1,0.1,
32,12.04.2026,Napoli,Trasferta,Parma,1-1,N,2° tempo,0.94,77,15,4,1,5,317,346,92,0,,1.1,6,5,12,3,0,37,0,0,2,11,17,65,139,161,86,7,24,29,0.98,11,4,3,6,50,24,8,4,0,0,1,0.03,0.03,
32,10.04.2026,Roma,Casa,Pisa,3-0,V,Totale,1.53,59,8,3,2,1,513,591,87,1,,1.79,3,2,7,1,1,21,0,0,12,31,52,60,98,142,69,1,14,7,1.24,19,11,9,15,60,50,27,10,0,0,5,1.21,1.21,
32,10.04.2026,Pisa,Trasferta,Roma,0-3,P,Totale,1.26,41,9,5,1,3,313,412,76,1,,1.21,3,1,5,4,0,15,2,3,11,16,56,29,49,93,53,2,11,18,0.42,20,12,11,18,61,61,17,10,0,2,0,1.79,-1.21,
32,10.04.2026,Roma,Casa,Pisa,3-0,V,1° tempo,1.25,64,4,2,1,1,251,290,87,0,,1.02,1,1,3,1,1,12,0,0,6,15,30,50,52,73,71,1,7,14,0.97,15,6,4,6,67,24,12,2,0,0,1,0.77,0.77,
32,10.04.2026,Pisa,Trasferta,Roma,0-3,P,1° tempo,0.35,36,3,1,0,1,117,166,70,1,,0.77,2,0,1,2,0,4,0,2,6,7,30,23,13,34,38,1,2,50,0.11,9,6,9,12,75,34,9,5,0,2,0,1.02,-0.98,
32,10.04.2026,Roma,Casa,Pisa,3-0,V,2° tempo,0.28,55,4,1,1,0,262,301,87,1,,0.77,2,1,4,0,0,9,0,0,6,16,22,73,46,69,67,0,7,0,0.27,4,5,5,9,56,26,15,8,0,0,4,0.44,0.44,
32,10.04.2026,Pisa,Trasferta,Roma,0-3,P,2° tempo,0.91,45,6,4,1,2,196,246,80,0,,0.44,1,1,4,2,0,11,2,1,5,9,26,35,36,59,61,1,9,11,0.31,11,6,2,6,33,27,8,5,0,0,0,0.77,-0.23,
32,11.04.2026,Torino,Casa,Verona,2-1,V,Totale,1.31,46,11,2,2,3,265,358,74,1,,1.3,7,2,5,6,0,13,0,2,17,27,57,47,39,81,48,2,8,25,0.31,10,13,8,12,67,57,39,7,0,1,3,0.83,-0.17,
32,11.04.2026,Verona,Trasferta,Torino,1-2,P,Totale,1.48,54,18,4,4,6,307,396,78,4,,0.83,6,8,10,8,1,18,0,1,13,16,58,28,76,128,59,6,27,22,0.65,21,17,11,16,69,52,15,10,0,0,0,1.3,-0.7,
32,11.04.2026,Torino,Casa,Verona,2-1,V,1° tempo,0.55,44,6,1,1,1,135,183,74,1,,0.42,4,1,3,3,0,6,0,1,7,11,29,38,21,44,48,1,2,50,0.24,5,4,5,6,83,25,18,5,0,1,0,0.35,-0.65,
32,11.04.2026,Verona,Trasferta,Torino,1-2,P,1° tempo,0.74,56,8,1,2,2,182,226,81,1,,0.35,3,4,3,5,1,8,0,1,4,12,36,33,42,71,59,1,11,9,0.34,7,7,5,8,63,24,7,7,0,0,0,0.42,-0.58,
32,11.04.2026,Torino,Casa,Verona,2-1,V,2° tempo,0.76,49,5,1,1,2,130,175,74,0,,0.88,3,1,2,3,0,7,0,1,10,16,28,57,18,37,49,1,6,17,0.07,5,9,3,6,50,32,21,2,0,0,3,0.48,0.48,
32,11.04.2026,Verona,Trasferta,Torino,1-2,P,2° tempo,0.74,51,10,3,2,4,125,170,74,3,,0.48,3,4,7,3,0,10,0,0,9,4,22,18,34,57,60,5,16,31,0.31,14,10,6,8,75,28,8,3,0,0,0,0.88,-0.12,
33,19.04.2026,Cremonese,Casa,Torino,0-0,N,Totale,0.64,65,14,4,1,6,415,493,84,0,,0.75,5,5,9,5,0,26,0,0,12,25,59,42,94,129,73,4,29,14,0.69,26,11,7,12,58,37,20,7,0,0,1,0.2,0.2,
33,19.04.2026,Torino,Trasferta,Cremonese,0-0,N,Totale,0.14,35,4,1,0,1,214,278,77,3,,0.2,2,1,2,2,0,7,0,1,11,16,51,31,37,69,54,0,7,0,0.18,22,12,5,8,63,33,43,6,0,0,4,0.75,0.75,
33,19.04.2026,Cremonese,Casa,Torino,0-0,N,1° tempo,0.11,60,4,1,0,2,225,262,86,,,0.11,1,2,1,3,0,5,0,0,6,8,26,31,40,57,70,0,13,0,0.14,13,5,3,6,50,13,10,3,0,0,0,0,0,
33,19.04.2026,Torino,Trasferta,Cremonese,0-0,N,1° tempo,0.05,40,1,0,0,0,144,176,82,,,0,0,1,0,1,0,1,0,1,5,7,19,37,5,15,33,0,3,0,0.01,14,6,4,6,67,15,15,5,0,0,1,0.11,0.11,
33,19.04.2026,Cremonese,Casa,Torino,0-0,N,2° tempo,0.53,70,10,3,1,4,190,231,82,0,,0.64,4,3,8,2,0,21,0,0,6,17,33,52,54,72,75,4,16,25,0.55,13,6,4,6,67,24,10,4,0,0,1,0.2,0.2,
33,19.04.2026,Torino,Trasferta,Cremonese,0-0,N,2° tempo,0.09,30,3,1,0,1,70,102,69,3,,0.2,2,0,2,1,0,6,0,0,6,9,32,28,32,54,59,0,4,0,0.17,8,6,1,2,50,18,28,1,0,0,3,0.64,0.64,
33,17.04.2026,Inter,Casa,Cagliari,3-0,V,Totale,2.23,55,18,5,2,4,470,524,90,0,,1.62,8,5,12,6,0,35,1,1,6,11,24,46,140,177,79,7,20,35,1.59,14,17,5,11,45,36,21,7,0,0,1,0.27,0.27,
33,17.04.2026,Cagliari,Trasferta,Inter,0-3,P,Totale,0.41,45,10,1,0,9,352,421,84,2,,0.27,4,5,4,6,0,15,0,2,17,18,46,39,58,85,68,3,15,20,0.34,14,6,9,19,47,47,20,8,0,0,1,1.62,-1.38,
33,17.04.2026,Inter,Casa,Cagliari,3-0,V,1° tempo,0.99,60,8,2,1,4,260,291,89,0,,0.08,3,3,6,2,0,22,0,1,4,4,11,36,85,108,79,6,14,43,0.58,9,7,2,5,40,20,10,5,0,0,1,0.27,0.27,
33,17.04.2026,Cagliari,Trasferta,Inter,0-3,P,1° tempo,0.15,40,4,1,0,4,156,196,80,2,,0.27,2,1,1,3,0,4,0,0,7,9,29,31,26,38,68,1,8,13,0.07,7,4,6,14,43,26,14,3,0,0,1,0.08,0.08,
33,17.04.2026,Inter,Casa,Cagliari,3-0,V,2° tempo,1.24,51,10,3,1,0,210,233,90,,,1.54,5,2,6,4,0,13,1,0,2,7,13,54,55,69,80,1,6,17,1.01,5,10,3,6,50,16,11,2,0,0,0,0,0,
33,17.04.2026,Cagliari,Trasferta,Inter,0-3,P,2° tempo,0.26,49,6,0,0,5,196,225,87,,,0,2,4,3,3,0,11,0,2,10,9,17,53,32,47,68,2,7,29,0.27,7,2,3,5,60,21,6,5,0,0,0,1.54,-1.46,
33,19.04.2026,Juventus,Casa,Bologna,2-0,V,Totale,1.31,55,14,4,4,6,413,487,85,1,,1.82,4,6,9,5,1,28,1,4,5,23,54,43,134,173,77,4,15,27,1.52,22,10,11,15,73,40,7,8,0,0,1,0,0,2
33,19.04.2026,Bologna,Trasferta,Juventus,0-2,P,Totale,0.59,45,7,0,1,1,332,398,83,0,,0,5,2,4,3,1,11,0,0,10,30,58,52,45,66,68,0,6,0,0.48,21,5,6,14,43,43,21,7,0,0,2,1.82,-0.18,0
33,19.04.2026,Juventus,Casa,Bologna,2-0,V,1° tempo,1.09,57,10,3,3,4,228,264,86,,,1.22,3,4,7,3,1,19,1,2,3,13,27,48,82,101,81,2,9,22,1.05,12,4,5,7,71,25,6,6,0,0,0,0,0,1
33,19.04.2026,Bologna,Trasferta,Juventus,0-2,P,1° tempo,0.11,43,2,0,0,1,165,199,83,,,0,2,0,1,1,0,3,0,0,4,16,29,55,29,41,71,0,3,0,0.05,11,3,5,10,50,22,13,4,0,0,2,1.22,0.22,0
33,19.04.2026,Juventus,Casa,Bologna,2-0,V,2° tempo,0.22,53,4,1,1,2,185,223,83,1,,0.6,1,2,2,2,0,9,0,2,2,10,27,37,52,72,72,2,6,33,0.47,10,6,6,8,75,15,1,2,0,0,1,0,0,1
33,19.04.2026,Bologna,Trasferta,Juventus,0-2,P,2° tempo,0.48,47,5,0,1,0,167,199,84,0,,0,3,2,3,2,1,8,0,0,6,14,29,48,16,25,64,0,3,0,0.43,10,2,1,4,25,21,8,3,0,0,0,0.6,-0.4,0
33,20.04.2026,Lecce,Casa,Fiorentina,1-1,N,Totale,1.26,55,14,4,2,5,293,373,79,2,,0.58,7,3,9,5,0,36,0,2,13,16,43,37,113,156,72,10,32,31,1.34,26,8,13,21,62,70,17,5,0,0,2,0.76,-0.24,
33,20.04.2026,Fiorentina,Trasferta,Lecce,1-1,N,Totale,1.14,45,5,3,2,2,253,327,77,3,,0.76,2,0,4,1,0,6,0,1,8,15,51,29,30,56,54,2,5,40,0.78,25,13,10,18,56,48,49,6,1,0,2,0.58,-0.42,
33,20.04.2026,Lecce,Casa,Fiorentina,1-1,N,1° tempo,0.16,47,5,2,0,2,133,164,81,,,0.03,2,1,3,2,0,15,0,1,5,10,18,56,49,68,72,5,15,33,0.31,13,4,5,9,56,28,6,4,0,0,2,0.76,-0.24,
33,20.04.2026,Fiorentina,Trasferta,Lecce,1-1,N,1° tempo,1,53,4,3,1,0,170,196,87,,,0.76,1,0,3,1,0,4,0,1,4,8,20,40,20,31,65,1,1,100,0.65,10,5,4,6,67,18,22,2,1,0,1,0.03,0.03,
33,20.04.2026,Lecce,Casa,Fiorentina,1-1,N,2° tempo,1.1,63,9,2,2,3,160,209,77,2,,0.55,5,2,6,3,0,21,0,1,8,6,25,24,64,88,73,5,17,29,1.03,13,4,8,12,67,42,11,1,0,0,0,0,0,
33,20.04.2026,Fiorentina,Trasferta,Lecce,1-1,N,2° tempo,0.14,37,1,0,1,2,83,131,63,3,,0,1,0,1,0,0,2,0,0,4,7,31,23,10,25,40,1,4,25,0.13,15,8,6,12,50,30,27,4,0,0,1,0.55,-0.45,
33,18.04.2026,Napoli,Casa,Lazio,0-2,P,Totale,0.5,67,12,0,0,12,599,648,92,1,,0,8,4,8,4,1,25,0,2,9,28,43,65,137,173,79,4,36,11,0.76,24,11,9,10,90,33,9,3,0,0,5,2.71,0.71,
33,18.04.2026,Lazio,Trasferta,Napoli,2-0,V,Totale,2.26,33,14,7,5,0,274,334,82,3,,2.71,6,1,9,5,0,18,0,0,11,19,40,48,41,60,68,0,1,0,0.51,14,9,6,10,60,38,39,8,0,0,0,0,0,
33,18.04.2026,Napoli,Casa,Lazio,0-2,P,1° tempo,0.23,67,4,0,0,6,319,344,93,1,,0,4,0,2,2,0,10,0,2,4,16,24,67,61,79,77,0,16,0,0.48,8,6,5,5,100,16,7,1,0,0,5,2.43,1.43,
33,18.04.2026,Lazio,Trasferta,Napoli,2-0,V,1° tempo,1.6,33,9,6,4,0,143,172,83,1,,2.43,2,1,5,4,0,11,0,0,6,9,20,45,25,32,78,0,1,0,0.41,5,4,1,4,25,17,18,4,0,0,0,0,0,
33,18.04.2026,Napoli,Casa,Lazio,0-2,P,2° tempo,0.27,66,8,0,0,6,280,304,92,0,,0,4,4,6,2,1,15,0,0,5,12,19,63,76,94,81,4,20,20,0.28,16,5,4,5,80,17,2,2,0,0,0,0.28,-0.72,
33,18.04.2026,Lazio,Trasferta,Napoli,2-0,V,2° tempo,0.66,34,5,1,1,0,131,162,81,2,,0.28,4,0,4,1,0,7,0,0,5,10,20,50,16,28,57,0,0,0,0.1,9,5,5,6,83,21,21,4,0,0,0,0,0,
33,19.04.2026,Pisa,Casa,Genoa,1-2,P,Totale,1.13,44,12,4,1,5,250,316,79,3,,1.78,4,4,9,3,0,15,0,1,16,21,39,54,48,75,64,5,20,25,0.45,23,21,4,10,40,50,24,8,1,0,3,2.61,0.61,1
33,19.04.2026,Genoa,Trasferta,Pisa,2-1,V,Totale,1.65,56,13,5,3,5,327,405,81,1,,2.61,3,5,9,4,0,12,0,1,21,28,66,42,52,85,61,3,14,21,0.48,22,16,10,20,50,61,28,3,0,0,3,1.78,0.78,0
33,19.04.2026,Pisa,Casa,Genoa,1-2,P,1° tempo,0.79,32,4,2,1,2,95,122,78,1,,1.36,1,1,3,1,0,6,0,0,2,8,13,62,20,26,77,2,7,29,0.14,12,9,2,6,33,17,14,3,1,0,0,0.69,-0.31,1
33,19.04.2026,Genoa,Trasferta,Pisa,2-1,V,1° tempo,0.37,68,7,1,1,4,222,259,86,0,,0.69,2,4,3,4,0,5,0,1,9,11,30,37,25,41,61,2,11,18,0.18,14,2,5,8,63,27,11,1,0,0,1,1.36,0.36,0
33,19.04.2026,Pisa,Casa,Genoa,1-2,P,2° tempo,0.34,57,8,2,0,3,155,194,80,2,,0.42,3,3,6,2,0,9,0,1,14,13,26,50,28,49,57,3,13,23,0.31,11,12,2,4,50,33,10,5,0,0,3,1.92,0.92,
33,19.04.2026,Genoa,Trasferta,Pisa,2-1,V,2° tempo,1.28,43,6,4,2,1,105,146,72,1,,1.92,1,1,6,0,0,7,0,0,12,17,36,47,27,44,61,1,3,33,0.3,8,14,5,12,42,34,17,2,0,0,2,0.42,0.42,
33,18.04.2026,Roma,Casa,Atalanta,1-1,N,Totale,1.07,53,19,9,1,7,462,538,86,1,,1.99,4,6,15,4,1,32,1,1,14,18,43,42,115,159,72,9,22,41,1,15,4,8,9,89,45,23,11,1,0,1,0.44,-0.56,
33,18.04.2026,Atalanta,Trasferta,Roma,1-1,N,Totale,0.69,47,8,2,1,6,394,488,81,2,,0.44,3,3,2,6,0,17,0,3,4,27,65,42,82,128,64,3,13,23,0.39,11,14,9,16,56,51,23,10,0,0,8,1.99,0.99,
33,18.04.2026,Roma,Casa,Atalanta,1-1,N,1° tempo,0.71,62,8,6,1,4,290,333,87,,,1.29,1,1,6,2,0,16,0,0,5,8,19,42,68,92,74,3,11,27,0.6,9,2,4,5,80,24,11,3,1,0,1,0.44,-0.56,
33,18.04.2026,Atalanta,Trasferta,Roma,1-1,N,1° tempo,0.52,38,3,2,1,2,153,205,75,,,0.44,0,1,1,2,0,7,0,1,2,13,38,34,30,56,54,1,3,33,0.13,3,5,4,11,36,28,16,4,0,0,5,1.29,0.29,
33,18.04.2026,Roma,Casa,Atalanta,1-1,N,2° tempo,0.36,42,11,3,0,3,172,205,84,1,,0.7,3,5,9,2,1,16,1,1,9,10,24,42,47,67,70,6,11,55,0.4,6,2,4,4,100,21,12,8,0,0,0,0,0,
33,18.04.2026,Atalanta,Trasferta,Roma,1-1,N,2° tempo,0.17,58,5,0,0,4,241,283,85,2,,0,3,2,1,4,0,10,0,2,2,14,27,52,52,72,72,2,10,20,0.26,8,9,5,5,100,23,7,6,0,0,3,0.7,0.7,
33,17.04.2026,Sassuolo,Casa,Como,2-1,V,Totale,1.38,30,11,4,2,5,168,235,71,3,,0.61,5,2,6,5,0,12,1,0,11,16,54,30,45,85,53,3,7,43,0.41,18,14,12,22,55,51,23,8,0,0,2,1.4,0.4,0
33,17.04.2026,Como,Trasferta,Sassuolo,1-2,P,Totale,0.59,70,12,3,0,8,483,528,91,3,,1.4,4,5,5,7,0,21,0,0,14,20,27,74,151,183,83,5,43,12,0.75,21,11,10,22,45,49,15,6,1,0,2,0.61,-1.39,1
33,17.04.2026,Sassuolo,Casa,Como,2-1,V,1° tempo,0.99,31,6,3,2,4,89,122,73,0,,0.47,1,2,3,3,0,8,1,0,2,6,23,26,25,42,60,1,4,25,0.23,9,6,7,14,50,21,12,2,0,0,1,0.96,-0.04,0
33,17.04.2026,Como,Trasferta,Sassuolo,1-2,P,1° tempo,0.24,69,6,2,0,6,245,266,92,2,,0.96,2,2,2,4,0,12,0,0,6,8,12,67,83,98,85,3,21,14,0.42,14,2,3,10,30,20,9,3,0,0,1,0.47,-1.53,1
33,17.04.2026,Sassuolo,Casa,Como,2-1,V,2° tempo,0.39,29,5,1,0,1,79,113,70,3,,0.14,4,0,3,2,0,4,0,0,9,10,31,32,20,43,47,2,3,67,0.18,9,8,5,8,63,30,11,6,0,0,1,0.44,0.44,
33,17.04.2026,Como,Trasferta,Sassuolo,1-2,P,2° tempo,0.35,71,6,1,0,2,238,262,91,1,,0.44,2,3,3,3,0,9,0,0,8,12,15,80,68,85,80,2,22,9,0.33,7,9,7,12,58,29,6,3,1,0,1,0.14,0.14,
33,18.04.2026,Udinese,Casa,Parma,0-1,P,Totale,1.13,57,16,3,2,10,386,441,88,2,,0.52,9,4,10,6,1,41,0,2,8,12,27,44,151,190,79,4,33,12,1.49,16,11,9,11,82,37,15,6,1,1,0,0.66,-0.34,
33,18.04.2026,Parma,Trasferta,Udinese,1-0,V,Totale,1.23,43,10,1,3,5,292,349,84,0,,0.66,5,4,8,2,0,19,0,1,11,23,47,49,55,84,65,3,14,21,0.59,9,8,10,18,56,43,30,9,0,0,3,0.52,0.52,
33,18.04.2026,Udinese,Casa,Parma,0-1,P,1° tempo,0.11,56,4,0,0,4,201,231,87,,,0,3,1,2,2,0,12,0,2,3,8,19,42,64,87,74,1,9,11,0.21,9,7,4,5,80,15,9,3,0,0,0,0,0,
33,18.04.2026,Parma,Trasferta,Udinese,1-0,V,1° tempo,0.46,44,7,0,1,4,150,180,83,,,0,4,3,5,2,0,12,0,0,7,8,20,40,26,40,65,3,11,27,0.48,5,3,7,12,58,29,11,5,0,0,0,0,0,
33,18.04.2026,Udinese,Casa,Parma,0-1,P,2° tempo,1.02,58,12,3,2,6,185,210,88,2,,0.52,6,3,8,4,1,29,0,0,5,4,8,50,87,103,84,3,24,13,1.28,7,4,5,6,83,22,6,3,1,1,0,0.66,-0.34,
33,18.04.2026,Parma,Trasferta,Udinese,1-0,V,2° tempo,0.77,42,3,1,2,1,142,169,84,0,,0.66,1,1,3,0,0,7,0,1,4,15,27,56,29,44,66,0,3,0,0.11,4,5,3,6,50,14,19,4,0,0,3,0.52,0.52,
33,19.04.2026,Verona,Casa,Milan,0-1,P,Totale,0.71,47,13,2,1,6,357,421,85,2,,0.3,4,7,6,7,0,15,1,0,6,23,48,48,97,130,75,6,24,25,0.53,13,13,6,12,50,37,32,12,0,0,1,0.7,-0.3,
33,19.04.2026,Milan,Trasferta,Verona,1-0,V,Totale,0.85,53,6,3,1,1,408,491,83,0,,0.7,1,2,3,3,0,16,1,1,13,28,57,49,75,108,69,0,8,0,0.48,26,6,4,12,33,37,32,1,3,0,2,0.3,0.3,
33,19.04.2026,Verona,Casa,Milan,0-1,P,1° tempo,0.41,44,5,1,1,0,178,218,82,1,,0.2,1,3,1,4,0,6,1,0,1,12,30,40,31,50,62,3,8,38,0.26,4,3,5,7,71,13,14,6,0,0,1,0.7,-0.3,
33,19.04.2026,Milan,Trasferta,Verona,1-0,V,1° tempo,0.61,56,3,2,1,0,247,287,86,0,,0.7,1,0,2,1,0,11,1,0,3,17,30,57,40,52,77,0,4,0,0.39,15,1,0,2,0,13,16,0,2,0,1,0.2,0.2,
33,19.04.2026,Verona,Casa,Milan,0-1,P,2° tempo,0.3,51,8,1,0,6,179,203,88,1,,0.1,3,4,5,3,0,9,0,0,5,11,18,61,66,80,83,3,16,19,0.27,9,10,1,5,20,24,18,6,0,0,0,0,0,
33,19.04.2026,Milan,Trasferta,Verona,1-0,V,2° tempo,0.24,49,3,1,0,1,161,204,79,0,,0,0,2,1,2,0,5,0,1,10,11,27,41,35,56,63,0,4,0,0.09,11,5,4,10,40,24,16,1,1,0,1,0.1,0.1,
34,25.04.2026,Bologna,Casa,Roma,0-2,P,Totale,0.5,60,10,2,0,7,424,522,81,0,,0.11,4,4,7,3,1,17,2,2,16,11,48,23,64,98,65,2,20,10,0.4,22,10,10,14,71,46,13,7,1,1,0,1.87,-0.13,
34,25.04.2026,Roma,Trasferta,Bologna,2-0,V,Totale,2.13,40,7,2,3,7,250,342,73,3,,1.87,2,3,4,3,0,12,0,3,10,13,53,25,50,85,59,4,12,33,0.69,24,16,8,12,67,41,24,12,1,0,2,0.11,0.11,
34,25.04.2026,Bologna,Casa,Roma,0-2,P,1° tempo,0.18,55,4,1,0,2,208,260,80,,,0.1,2,1,4,0,0,7,0,0,9,4,24,17,18,30,60,1,6,17,0.08,8,5,5,8,63,22,9,4,1,1,0,1.87,-0.13,
34,25.04.2026,Roma,Trasferta,Bologna,2-0,V,1° tempo,2.13,45,7,2,3,5,159,210,76,,,1.87,2,3,4,3,0,10,0,0,5,10,28,36,33,54,61,3,9,33,0.62,16,9,5,8,63,23,9,5,0,0,1,0.1,0.1,
34,25.04.2026,Bologna,Casa,Roma,0-2,P,2° tempo,0.32,67,6,1,0,5,216,262,82,0,,0.01,2,3,3,3,1,10,2,2,7,7,24,29,46,68,68,1,14,7,0.32,14,5,5,6,83,24,4,3,0,0,0,0,0,
34,25.04.2026,Roma,Trasferta,Bologna,2-0,V,2° tempo,0,33,0,0,0,2,91,132,69,3,,0,0,0,0,0,0,2,0,3,5,3,25,12,17,31,55,1,3,33,0.07,8,7,3,4,75,18,15,7,1,0,1,0.01,0.01,
34,27.04.2026,Cagliari,Casa,Atalanta,3-2,V,Totale,1.56,26,9,4,5,4,177,263,67,,,2.57,3,2,7,2,0,14,0,0,11,16,55,29,30,62,48,2,10,20,0.41,22,8,12,16,75,49,38,16,0,0,5,1.86,-0.14,1
34,27.04.2026,Atalanta,Trasferta,Cagliari,2-3,P,Totale,1.18,74,12,6,3,6,639,737,87,,,1.86,3,3,11,1,0,32,0,3,8,23,47,49,144,194,74,3,18,17,1.01,31,11,8,16,50,46,24,18,1,1,1,2.57,-0.43,0
34,27.04.2026,Cagliari,Casa,Atalanta,3-2,V,1° tempo,0.9,31,4,3,3,1,109,163,67,,,1.79,1,0,3,1,0,5,0,0,7,7,28,25,13,36,36,1,3,33,0.16,11,6,4,4,100,21,8,7,0,0,1,1.04,-0.96,1
34,27.04.2026,Atalanta,Trasferta,Cagliari,2-3,P,1° tempo,0.31,69,4,2,1,0,301,354,85,,,1.04,1,1,4,0,0,7,0,2,6,13,30,43,47,61,77,1,6,17,0.21,12,7,2,7,29,26,15,13,1,1,1,1.79,-0.21,0
34,27.04.2026,Cagliari,Casa,Atalanta,3-2,V,2° tempo,0.66,21,5,1,2,3,68,100,68,,,0.78,2,2,4,1,0,9,0,0,4,9,27,33,17,26,65,1,7,14,0.25,11,2,8,12,67,28,30,9,0,0,4,0.82,0.82,
34,27.04.2026,Atalanta,Trasferta,Cagliari,2-3,P,2° tempo,0.87,79,8,4,2,6,338,383,88,,,0.82,2,2,7,1,0,25,0,1,2,10,17,59,97,133,73,2,12,17,0.8,19,4,6,9,67,20,9,5,0,0,0,0.78,-0.22,
34,26.04.2026,Fiorentina,Casa,Sassuolo,0-0,N,Totale,1.94,49,22,5,3,7,374,428,87,2,,0.66,12,5,12,10,0,42,1,1,12,20,36,56,114,142,80,7,26,27,1.29,13,13,11,16,69,45,14,3,1,0,2,0.45,0.45,
34,26.04.2026,Sassuolo,Trasferta,Fiorentina,0-0,N,Totale,0.88,51,11,1,1,4,408,469,87,1,,0.45,5,5,6,5,1,14,0,1,13,17,39,44,82,120,68,4,8,50,0.7,11,12,6,10,60,32,26,7,0,0,5,0.66,0.66,
34,26.04.2026,Fiorentina,Casa,Sassuolo,0-0,N,1° tempo,1.07,52,11,1,2,4,212,240,88,1,,0.18,7,3,8,3,0,27,1,0,4,12,19,63,52,68,76,4,13,31,0.8,5,8,4,6,67,18,6,2,0,0,1,0,0,
34,26.04.2026,Sassuolo,Trasferta,Fiorentina,0-0,N,1° tempo,0.23,48,4,0,0,1,199,229,87,0,,0,3,1,3,1,0,6,0,0,8,7,20,35,35,50,70,2,4,50,0.19,6,4,2,4,50,17,14,5,0,0,1,0.18,0.18,
34,26.04.2026,Fiorentina,Casa,Sassuolo,0-0,N,2° tempo,0.87,45,11,4,1,3,162,188,86,1,,0.48,5,2,4,7,0,15,0,1,8,8,17,47,62,74,84,3,13,23,0.49,8,5,7,10,70,27,8,1,1,0,1,0.45,0.45,
34,26.04.2026,Sassuolo,Trasferta,Fiorentina,0-0,N,2° tempo,0.65,55,7,1,1,3,209,240,87,1,,0.45,2,4,3,4,1,8,0,1,5,10,19,53,47,70,67,2,4,50,0.51,5,8,4,6,67,15,12,2,0,0,4,0.48,0.48,
34,26.04.2026,Genoa,Casa,Como,0-2,P,Totale,0.59,50,9,1,1,2,377,459,82,1,,0.04,5,3,4,5,0,20,2,3,15,22,52,42,69,111,62,4,11,36,0.66,17,12,18,25,72,66,15,6,0,0,0,1.4,-0.6,0
34,26.04.2026,Como,Trasferta,Genoa,2-0,V,Totale,1.06,50,8,2,2,3,387,455,85,3,,1.4,4,2,7,1,1,16,0,3,12,31,58,53,63,86,73,3,9,33,0.51,17,15,15,18,83,50,13,9,0,0,1,0.04,0.04,2
34,26.04.2026,Genoa,Casa,Como,0-2,P,1° tempo,0.23,44,2,1,1,0,182,222,82,0,,0.04,1,0,2,0,0,9,1,1,7,13,30,43,16,30,53,0,1,0,0.23,8,5,9,13,69,29,7,3,0,0,0,0.93,-0.07,0
34,26.04.2026,Como,Trasferta,Genoa,2-0,V,1° tempo,0.49,56,5,1,1,2,251,280,90,2,,0.93,3,1,5,0,1,8,0,2,5,13,21,62,39,48,81,3,6,50,0.32,4,7,6,8,75,24,6,6,0,0,1,0.04,0.04,1
34,26.04.2026,Genoa,Casa,Como,0-2,P,2° tempo,0.36,58,7,0,0,2,195,237,82,1,,0,4,3,2,5,0,11,1,2,8,9,22,41,53,81,65,4,10,40,0.43,9,7,9,12,75,37,8,3,0,0,0,0.47,-0.53,0
34,26.04.2026,Como,Trasferta,Genoa,2-0,V,2° tempo,0.57,42,3,1,1,1,136,175,78,1,,0.47,1,1,2,1,0,8,0,1,7,18,37,49,24,38,63,0,3,0,0.19,13,8,9,10,90,26,7,3,0,0,0,0,0,1
34,27.04.2026,Lazio,Casa,Udinese,3-3,N,Totale,2.45,47,13,5,1,4,402,458,88,3,,1.73,6,2,11,2,2,18,0,1,14,21,41,51,60,83,72,5,8,63,0.52,18,17,11,13,85,41,18,3,1,0,4,1.71,-1.29,
34,27.04.2026,Udinese,Trasferta,Lazio,3-3,N,Totale,1.94,53,16,7,5,5,468,512,91,1,,1.71,6,3,10,6,0,28,0,3,17,37,51,73,74,91,81,6,18,33,1.49,14,14,11,14,79,47,8,5,0,0,2,1.73,-1.27,
34,27.04.2026,Lazio,Casa,Udinese,3-3,N,1° tempo,0.45,43,3,0,0,3,195,219,89,1,,0,1,2,2,1,0,7,0,1,7,12,22,55,34,48,71,3,3,100,0.34,7,8,3,3,100,13,7,1,0,0,2,0.46,-0.54,
34,27.04.2026,Udinese,Trasferta,Lazio,3-3,N,1° tempo,0.76,57,8,3,2,1,272,296,92,0,,0.46,3,2,5,3,0,11,0,2,8,27,34,79,40,47,85,1,6,17,0.34,10,7,5,8,63,23,1,3,0,0,0,0,0,
34,27.04.2026,Lazio,Casa,Udinese,3-3,N,2° tempo,2,52,10,5,1,1,207,239,87,2,,1.73,5,0,9,1,2,11,0,0,7,9,19,47,26,35,74,2,5,40,0.18,11,9,8,10,80,28,11,2,1,0,2,1.25,-0.75,
34,27.04.2026,Udinese,Trasferta,Lazio,3-3,N,2° tempo,1.18,48,8,4,3,4,196,216,91,1,,1.25,3,1,5,3,0,17,0,1,9,10,17,59,34,44,77,5,12,42,1.15,4,7,6,6,100,24,7,2,0,0,2,1.73,-1.27,
34,26.04.2026,Milan,Casa,Juventus,0-0,N,Totale,0.65,47,8,1,1,1,392,454,86,2,,0.02,5,2,4,4,1,16,0,0,8,29,53,55,70,98,71,3,4,75,0.45,12,12,11,15,73,36,15,10,1,0,5,0.38,0.38,
34,26.04.2026,Juventus,Trasferta,Milan,0-0,N,Totale,0.52,53,10,5,0,3,462,503,92,3,,0.38,3,2,5,5,0,22,0,2,12,25,37,68,143,169,85,3,15,20,0.55,10,8,8,13,62,44,18,5,0,0,1,0.02,0.02,
34,26.04.2026,Milan,Casa,Juventus,0-0,N,1° tempo,0.29,49,5,1,0,0,213,241,88,1,,0.02,3,1,2,3,0,8,0,0,4,14,26,54,37,52,71,0,0,0,0.15,7,7,4,6,67,16,4,4,0,0,2,0.23,0.23,
34,26.04.2026,Juventus,Trasferta,Milan,0-0,N,1° tempo,0.18,51,4,2,0,2,224,241,93,1,,0.23,1,1,3,1,0,9,0,1,7,12,20,60,52,60,87,0,5,0,0.18,4,4,5,7,71,18,13,2,0,0,1,0.02,0.02,
34,26.04.2026,Milan,Casa,Juventus,0-0,N,2° tempo,0.36,45,3,0,1,1,179,213,84,1,,0,2,1,2,1,1,8,0,0,4,15,27,56,33,46,72,3,4,75,0.3,5,5,7,9,78,20,11,6,1,0,3,0.15,0.15,
34,26.04.2026,Juventus,Trasferta,Milan,0-0,N,2° tempo,0.34,55,6,3,0,1,238,262,91,2,,0.15,2,1,2,4,0,13,0,1,5,13,17,76,91,109,83,3,10,30,0.37,6,4,3,6,50,26,5,3,0,0,0,0,0,
34,24.04.2026,Napoli,Casa,Cremonese,4-0,V,Totale,3.16,56,25,9,5,7,509,573,89,,,3.17,10,6,15,10,1,31,3,2,11,23,41,56,90,124,73,5,12,42,1.02,17,7,6,14,43,46,16,7,1,0,5,0.65,0.65,
34,24.04.2026,Cremonese,Trasferta,Napoli,0-4,P,Totale,0.28,44,7,4,1,5,365,434,84,,,0.65,1,2,4,3,0,10,1,0,7,19,45,42,51,83,61,4,20,20,0.59,10,11,7,12,58,33,22,8,0,1,6,3.17,0.17,
34,24.04.2026,Napoli,Casa,Cremonese,4-0,V,1° tempo,1.33,56,14,4,3,3,247,279,89,,,1.27,8,2,7,7,0,14,1,1,4,13,22,59,39,54,72,3,7,43,0.47,12,6,4,12,33,24,6,2,0,0,0,0,0,
34,24.04.2026,Cremonese,Trasferta,Napoli,0-4,P,1° tempo,0,44,0,0,0,2,179,217,82,,,0,0,0,0,0,0,3,0,0,6,6,21,29,25,44,57,1,8,13,0.31,3,4,7,10,70,23,7,4,0,1,2,1.27,-0.73,
34,24.04.2026,Napoli,Casa,Cremonese,4-0,V,2° tempo,1.83,57,11,5,2,4,262,294,89,,,1.9,2,4,8,3,1,17,2,1,7,10,19,53,51,70,73,2,5,40,0.55,5,1,2,2,100,22,10,5,1,0,5,0.65,0.65,
34,24.04.2026,Cremonese,Trasferta,Napoli,0-4,P,2° tempo,0.28,43,7,4,1,3,186,217,86,,,0.65,1,2,4,3,0,7,1,0,1,13,24,54,26,39,67,3,12,25,0.28,7,7,0,2,0,10,15,4,0,0,4,1.9,0.9,
34,25.04.2026,Parma,Casa,Pisa,1-0,V,Totale,1.65,51,15,5,1,7,345,405,85,1,,1.15,3,7,10,5,0,28,2,0,19,12,35,34,64,93,69,3,17,18,0.7,14,10,6,10,60,46,24,5,1,0,3,0.99,0.99,
34,25.04.2026,Pisa,Trasferta,Parma,0-1,P,Totale,1.71,49,12,3,4,4,337,392,86,2,,0.99,7,2,7,5,2,21,2,3,10,21,47,45,61,93,66,3,13,23,0.58,10,19,9,13,69,45,13,9,1,0,4,1.15,0.15,
34,25.04.2026,Parma,Casa,Pisa,1-0,V,1° tempo,0.78,49,10,2,0,3,163,193,84,0,,0.06,3,5,6,4,0,14,1,0,8,6,19,32,22,35,63,1,7,14,0.19,11,7,2,4,50,18,15,1,0,0,2,0.83,0.83,
34,25.04.2026,Pisa,Trasferta,Parma,0-1,P,1° tempo,1.51,51,8,2,3,4,172,198,87,2,,0.83,5,1,5,3,2,18,1,0,7,9,19,47,31,48,65,2,9,22,0.31,3,8,4,5,80,23,6,6,1,0,2,0.06,0.06,
34,25.04.2026,Parma,Casa,Pisa,1-0,V,2° tempo,0.87,52,5,3,1,4,182,212,86,1,,1.09,0,2,4,1,0,14,1,0,11,6,16,38,42,58,72,2,10,20,0.51,3,3,4,6,67,28,9,4,1,0,1,0.16,0.16,
34,25.04.2026,Pisa,Trasferta,Parma,0-1,P,2° tempo,0.2,48,4,1,1,0,165,194,85,0,,0.16,2,1,2,2,0,3,1,3,3,12,28,43,30,45,67,1,4,25,0.27,7,11,5,8,63,22,7,3,0,0,2,1.09,0.09,
34,26.04.2026,Torino,Casa,Inter,2-2,N,Totale,2.47,37,14,2,3,5,276,343,80,1,,1.27,4,8,11,3,0,22,0,1,8,28,55,51,59,99,60,3,16,19,0.91,6,10,6,15,40,34,21,8,0,0,3,1.8,-0.2,0
34,26.04.2026,Inter,Trasferta,Torino,2-2,N,Totale,1.6,63,14,5,2,5,538,596,90,2,,1.8,4,5,9,5,0,26,0,1,10,18,36,50,107,138,78,5,19,26,1.81,18,8,9,13,69,31,24,8,2,0,0,1.27,-0.73,2
34,26.04.2026,Torino,Casa,Inter,2-2,N,1° tempo,0.2,35,4,0,0,2,158,196,81,,,0,2,2,4,0,0,11,0,0,0,14,28,50,34,54,63,0,5,0,0.48,3,2,2,6,33,11,9,5,0,0,2,1.02,0.02,0
34,26.04.2026,Inter,Trasferta,Torino,2-2,N,1° tempo,1.03,65,7,3,1,3,332,365,91,,,1.02,3,1,5,2,0,12,0,0,2,11,21,52,70,92,76,3,8,38,1.58,10,0,3,4,75,10,10,6,2,0,0,0,0,1
34,26.04.2026,Torino,Casa,Inter,2-2,N,2° tempo,2.27,39,10,2,3,3,118,147,80,1,,1.27,2,6,7,3,0,11,0,1,8,14,27,52,25,45,56,3,11,27,0.43,3,8,4,9,44,23,12,3,0,0,1,0.78,-0.22,0
34,26.04.2026,Inter,Trasferta,Torino,2-2,N,2° tempo,0.57,61,7,2,1,2,206,231,89,2,,0.78,1,4,4,3,0,14,0,1,8,7,15,47,37,46,80,2,11,18,0.23,8,8,6,9,67,21,14,2,0,0,0,1.27,-0.73,1
34,25.04.2026,Verona,Casa,Lecce,0-0,N,Totale,0.32,46,6,3,0,2,233,328,71,2,,0.45,1,2,3,3,0,22,0,3,19,36,80,45,57,90,63,5,17,29,0.89,18,15,22,32,69,83,40,6,1,0,2,0.93,0.93,
34,25.04.2026,Lecce,Trasferta,Verona,0-0,N,Totale,0.66,54,12,2,2,4,285,388,73,5,,0.93,5,5,7,5,0,26,0,1,15,31,75,41,72,129,56,4,15,27,0.53,27,19,10,20,50,68,25,8,0,0,3,0.45,0.45,
34,25.04.2026,Verona,Casa,Lecce,0-0,N,1° tempo,0.28,53,4,1,0,1,148,200,74,0,,0.26,1,2,2,2,0,11,0,0,11,22,45,49,40,60,67,1,7,14,0.4,10,5,9,12,75,35,8,4,1,0,1,0.64,0.64,
34,25.04.2026,Lecce,Trasferta,Verona,0-0,N,1° tempo,0.17,47,4,1,1,1,133,184,72,1,,0.64,1,2,1,3,0,4,0,1,5,17,40,43,20,47,43,1,3,33,0.04,17,11,7,15,47,35,15,4,0,0,1,0.26,0.26,
34,25.04.2026,Verona,Casa,Lecce,0-0,N,2° tempo,0.04,39,2,2,0,1,85,128,66,2,,0.19,0,0,1,1,0,11,0,3,8,14,35,40,17,30,57,4,10,40,0.49,8,10,13,20,65,48,32,2,0,0,1,0.29,0.29,
34,25.04.2026,Lecce,Trasferta,Verona,0-0,N,2° tempo,0.49,61,8,1,1,3,152,204,75,4,,0.29,4,3,6,2,0,22,0,0,10,14,35,40,52,82,63,3,12,25,0.49,10,8,3,5,60,33,10,4,0,0,2,0.19,0.19,
35,02.05.2026,Atalanta,Casa,Genoa,0-0,N,Totale,1.97,60,21,7,2,6,382,474,81,2,,1.41,8,6,15,6,1,40,0,1,10,21,47,45,125,172,73,5,21,24,1.3,35,14,9,16,56,57,17,14,0,0,2,0.23,0.23,
35,02.05.2026,Genoa,Trasferta,Atalanta,0-0,N,Totale,0.52,40,7,2,0,2,220,321,69,1,,0.23,3,2,3,4,0,7,0,0,14,22,67,33,36,75,48,3,7,43,0.21,17,10,14,18,78,53,35,15,1,0,7,1.41,1.41,
35,02.05.2026,Atalanta,Casa,Genoa,0-0,N,1° tempo,0.67,58,6,3,1,2,178,232,77,0,,0.68,2,1,5,1,0,18,0,1,7,9,28,32,60,88,68,3,12,25,0.73,23,4,3,5,60,30,7,9,0,0,1,0.18,0.18,
35,02.05.2026,Genoa,Trasferta,Atalanta,0-0,N,1° tempo,0.5,42,6,1,0,1,125,174,72,1,,0.18,3,2,3,3,0,6,0,0,4,10,30,33,20,38,53,3,4,75,0.16,7,7,6,8,75,22,26,7,0,0,3,0.68,0.68,
35,02.05.2026,Atalanta,Casa,Genoa,0-0,N,2° tempo,1.3,63,15,4,1,4,204,242,84,2,,0.73,6,5,10,5,1,22,0,0,3,12,19,63,65,84,77,2,9,22,0.57,12,10,6,11,55,27,10,5,0,0,1,0.05,0.05,
35,02.05.2026,Genoa,Trasferta,Atalanta,0-0,N,2° tempo,0.02,37,1,1,0,1,95,147,65,0,,0.05,0,0,0,1,0,1,0,0,10,12,37,32,16,37,43,0,3,0,0.05,10,3,8,10,80,31,9,8,1,0,4,0.73,0.73,
35,03.05.2026,Bologna,Casa,Cagliari,0-0,N,Totale,0.52,65,13,4,0,7,412,493,84,2,,0.43,5,4,6,7,0,24,0,3,12,20,48,42,97,147,66,5,15,33,0.69,17,13,15,19,79,67,15,6,1,0,2,0.37,0.37,
35,03.05.2026,Cagliari,Trasferta,Bologna,0-0,N,Totale,1.07,35,8,2,2,2,198,273,73,1,,0.37,3,3,6,2,0,15,0,5,13,19,55,35,35,67,52,4,5,80,0.54,15,12,10,18,56,49,27,8,1,0,4,0.43,0.43,
35,03.05.2026,Bologna,Casa,Cagliari,0-0,N,1° tempo,0.21,65,6,2,0,5,228,261,87,,,0.24,1,3,2,4,0,9,0,2,4,10,19,53,54,79,68,3,10,30,0.38,9,7,4,5,80,18,9,2,1,0,1,0.3,0.3,
35,03.05.2026,Cagliari,Trasferta,Bologna,0-0,N,1° tempo,0.58,35,5,1,1,1,109,146,75,,,0.3,1,3,4,1,0,10,0,4,7,5,23,22,16,32,50,1,2,50,0.29,5,4,6,11,55,25,18,5,0,0,2,0.24,0.24,
35,03.05.2026,Bologna,Casa,Cagliari,0-0,N,2° tempo,0.31,65,7,2,0,2,184,232,79,2,,0.19,4,1,4,3,0,15,0,1,8,10,29,34,43,68,63,2,5,40,0.31,8,6,11,14,79,49,6,4,0,0,1,0.07,0.07,
35,03.05.2026,Cagliari,Trasferta,Bologna,0-0,N,2° tempo,0.49,35,3,1,1,1,89,127,70,1,,0.07,2,0,2,1,0,5,0,1,6,14,32,44,19,35,54,3,3,100,0.25,10,8,4,7,57,24,9,3,1,0,2,0.19,0.19,
35,02.05.2026,Como,Casa,Napoli,0-0,N,Totale,1.79,57,16,5,2,3,466,508,92,1,,0.7,8,3,10,6,0,19,2,1,10,23,38,61,111,136,82,5,15,33,0.87,13,11,12,14,86,42,10,7,0,0,1,0.24,0.24,
35,02.05.2026,Napoli,Trasferta,Como,0-0,N,Totale,0.66,43,8,1,1,2,327,386,85,1,,0.24,4,3,4,4,1,16,1,1,11,19,51,37,44,74,59,4,7,57,0.63,15,10,3,10,30,34,12,2,2,0,4,0.7,0.7,
35,02.05.2026,Como,Casa,Napoli,0-0,N,1° tempo,1.35,61,10,4,2,2,242,261,93,,,0.45,4,2,5,5,0,10,1,1,3,12,19,63,58,69,84,2,9,22,0.37,7,5,4,5,80,18,6,1,0,0,1,0.24,0.24,
35,02.05.2026,Napoli,Trasferta,Como,0-0,N,1° tempo,0.42,39,5,1,1,1,137,168,82,,,0.24,2,2,3,2,0,9,0,0,5,8,25,32,13,27,48,1,3,33,0.36,9,3,1,2,50,14,7,0,1,0,3,0.45,0.45,
35,02.05.2026,Como,Casa,Napoli,0-0,N,2° tempo,0.44,53,6,1,0,1,224,247,91,1,,0.25,4,1,5,1,0,9,1,0,7,11,19,58,53,67,79,3,6,50,0.5,6,6,8,9,89,24,4,6,0,0,0,0,0,
35,02.05.2026,Napoli,Trasferta,Como,0-0,N,2° tempo,0.24,47,3,0,0,1,190,218,87,1,,0,2,1,1,2,1,7,1,1,6,11,26,42,31,47,66,3,4,75,0.27,6,7,2,8,25,20,5,2,1,0,1,0.25,0.25,
35,04.05.2026,Cremonese,Casa,Lazio,1-2,P,Totale,0.55,42,13,5,1,3,375,444,84,1,,0.26,4,4,5,8,0,7,0,1,13,6,47,13,48,78,62,5,22,23,0.27,20,16,5,13,38,39,26,13,0,0,1,1.74,-0.26,
35,04.05.2026,Lazio,Trasferta,Cremonese,2-1,V,Totale,0.8,58,8,3,2,3,568,630,90,2,,1.74,4,1,6,2,0,19,1,4,16,22,41,54,119,155,77,9,14,64,1,24,13,2,4,50,41,27,6,4,1,4,0.26,-0.74,
35,04.05.2026,Cremonese,Casa,Lazio,1-2,P,1° tempo,0.17,40,3,2,1,0,186,214,87,0,,0.13,1,0,1,2,0,2,0,0,7,2,20,10,17,27,63,2,7,29,0.08,9,9,4,8,50,18,15,3,0,0,0,0,0,
35,04.05.2026,Lazio,Trasferta,Cremonese,2-1,V,1° tempo,0.31,60,5,0,0,2,295,322,92,1,,0,4,1,3,2,0,8,0,2,9,10,17,59,63,82,77,5,8,63,0.37,10,7,1,2,50,20,4,2,1,1,1,0.13,-0.87,
35,04.05.2026,Cremonese,Casa,Lazio,1-2,P,2° tempo,0.38,44,10,3,0,3,189,230,82,1,,0.13,3,4,4,6,0,5,0,1,6,4,27,15,31,51,61,3,15,20,0.19,11,7,1,5,20,21,11,10,0,0,1,1.74,-0.26,
35,04.05.2026,Lazio,Trasferta,Cremonese,2-1,V,2° tempo,0.49,56,3,3,2,1,273,308,89,1,,1.74,0,0,3,0,0,11,1,2,7,12,24,50,56,73,77,4,6,67,0.63,14,6,1,2,50,21,23,4,3,0,3,0.13,0.13,
35,03.05.2026,Inter,Casa,Parma,2-0,V,Totale,2.08,59,12,5,3,8,536,584,92,1,,1.92,5,2,11,1,1,36,0,0,7,21,34,62,184,216,85,7,32,22,2.64,23,9,5,11,45,32,11,1,0,0,0,0,0,
35,03.05.2026,Parma,Trasferta,Inter,0-2,P,Totale,0.27,41,4,0,0,3,374,422,89,0,,0,3,1,3,1,0,6,0,3,9,25,46,54,48,71,68,3,10,30,0.29,10,7,10,14,71,31,25,3,0,0,3,1.92,-0.08,
35,03.05.2026,Inter,Casa,Parma,2-0,V,1° tempo,0.82,58,7,2,1,4,257,283,91,,,0.29,4,1,7,0,1,19,0,0,3,9,17,53,102,118,86,5,18,28,1.41,15,4,1,5,20,14,6,0,0,0,0,0,0,
35,03.05.2026,Parma,Trasferta,Inter,0-2,P,1° tempo,0.12,42,2,0,0,2,185,212,87,,,0,1,1,1,1,0,1,0,2,4,12,27,44,24,40,60,1,5,20,0.08,3,3,5,5,100,12,14,3,0,0,1,0.29,-0.71,
35,03.05.2026,Inter,Casa,Parma,2-0,V,2° tempo,1.26,59,5,3,2,4,279,301,93,1,,1.63,1,1,4,1,0,17,0,0,4,12,17,71,82,98,84,2,14,14,1.23,8,5,4,6,67,18,5,1,0,0,0,0,0,
35,03.05.2026,Parma,Trasferta,Inter,0-2,P,2° tempo,0.15,41,2,0,0,1,189,210,90,0,,0,2,0,2,0,0,5,0,1,5,13,19,68,24,31,77,2,5,40,0.21,7,4,5,9,56,19,11,0,0,0,2,1.63,0.63,
35,03.05.2026,Juventus,Casa,Verona,1-1,N,Totale,2.59,76,29,7,3,14,565,653,87,1,,1.33,9,13,17,12,2,56,0,0,19,29,48,60,204,255,80,10,39,26,2.75,20,9,7,9,78,55,5,9,0,1,2,0.62,-0.38,
35,03.05.2026,Verona,Trasferta,Juventus,1-1,N,Totale,0.3,24,7,3,0,1,148,214,69,4,,0.62,3,1,2,5,0,4,0,0,9,15,53,28,19,49,39,2,5,40,0.07,8,19,12,18,67,38,52,14,0,0,6,1.33,0.33,
35,03.05.2026,Juventus,Casa,Verona,1-1,N,1° tempo,0.84,74,14,2,1,9,269,308,87,1,,0.28,4,8,9,5,1,23,0,0,7,20,28,71,77,99,78,4,17,24,1.11,10,5,3,3,100,25,3,5,0,1,0,0.6,-0.4,
35,03.05.2026,Verona,Trasferta,Juventus,1-1,N,1° tempo,0.22,26,3,1,0,1,70,106,66,2,,0.6,1,1,2,1,0,3,0,0,5,6,28,21,4,18,22,2,4,50,0.05,5,7,8,10,80,22,21,5,0,0,2,0.28,0.28,
35,03.05.2026,Juventus,Casa,Verona,1-1,N,2° tempo,1.75,77,15,5,2,5,296,345,86,0,,1.05,5,5,8,7,1,33,0,0,12,9,20,45,127,156,81,6,22,27,1.64,10,4,4,6,67,30,2,4,0,0,2,0.02,0.02,
35,03.05.2026,Verona,Trasferta,Juventus,1-1,N,2° tempo,0.08,23,4,2,0,0,78,108,72,2,,0.02,2,0,0,4,0,1,0,0,4,9,25,36,15,31,48,0,1,0,0.02,3,12,4,8,50,16,31,9,0,0,4,1.05,0.05,
35,01.05.2026,Pisa,Casa,Lecce,1-2,P,Totale,2.23,58,17,7,4,6,309,396,78,4,,1.54,5,5,13,4,0,25,0,6,13,18,53,34,60,90,67,9,19,47,1.13,20,15,11,19,58,59,16,12,0,0,3,0.86,-1.14,
35,01.05.2026,Lecce,Trasferta,Pisa,2-1,V,Totale,0.88,42,7,4,2,1,203,285,71,2,,0.86,2,1,6,1,0,19,0,2,15,9,39,23,63,100,63,1,15,7,0.53,20,13,5,13,38,55,31,6,0,0,6,1.54,0.54,
35,01.05.2026,Pisa,Casa,Lecce,1-2,P,1° tempo,0.84,49,5,2,1,1,134,185,72,1,,0.23,2,1,4,1,0,6,0,3,8,6,25,24,9,18,50,2,2,100,0.15,11,9,8,11,73,31,10,6,0,0,3,0.3,0.3,
35,01.05.2026,Lecce,Trasferta,Pisa,2-1,V,1° tempo,0.54,51,2,2,1,0,134,181,74,0,,0.3,0,0,2,0,0,8,0,1,9,5,21,24,38,60,63,1,10,10,0.39,10,8,4,9,44,27,6,4,0,0,2,0.23,0.23,
35,01.05.2026,Pisa,Casa,Lecce,1-2,P,2° tempo,1.39,68,12,5,3,5,175,211,83,3,,1.31,3,4,9,3,0,19,0,3,5,12,28,43,51,72,71,7,17,41,0.98,9,6,3,8,38,28,6,6,0,0,0,0.56,-1.44,
35,01.05.2026,Lecce,Trasferta,Pisa,2-1,V,2° tempo,0.34,32,5,2,1,1,69,104,66,2,,0.56,2,1,4,1,0,11,0,1,6,4,18,22,25,40,63,0,5,0,0.14,10,5,1,4,25,28,25,2,0,0,4,1.31,0.31,
35,04.05.2026,Roma,Casa,Fiorentina,4-0,V,Totale,2.24,61,14,7,3,4,539,595,91,2,,3.35,3,4,11,3,2,26,0,1,10,19,39,49,116,144,81,3,6,50,1.74,16,12,10,21,48,42,26,13,0,0,1,0.18,0.18,2
35,04.05.2026,Fiorentina,Trasferta,Roma,0-4,P,Totale,0.13,39,4,1,0,5,311,373,83,2,,0.18,3,0,3,1,1,22,0,0,12,18,46,39,60,94,64,2,18,11,0.22,18,10,9,14,64,36,12,9,0,0,3,3.35,-0.65,0
35,04.05.2026,Roma,Casa,Fiorentina,4-0,V,1° tempo,1.56,63,7,4,2,1,298,330,90,0,,2.23,1,2,7,0,1,14,0,1,7,12,25,48,63,78,81,1,1,100,1,10,4,3,6,50,19,15,7,0,0,0,0,0,1
35,04.05.2026,Fiorentina,Trasferta,Roma,0-4,P,1° tempo,0.03,37,1,0,0,4,150,189,79,1,,0,1,0,1,0,0,7,0,0,4,7,24,29,29,52,56,0,7,0,0.08,7,7,4,6,67,16,7,4,0,0,1,2.23,-0.77,0
35,04.05.2026,Roma,Casa,Fiorentina,4-0,V,2° tempo,0.68,58,7,3,1,3,241,265,91,2,,1.12,2,2,4,3,1,12,0,0,3,7,14,50,53,66,80,2,5,40,0.74,6,8,7,15,47,23,11,6,0,0,1,0.18,0.18,1
35,04.05.2026,Fiorentina,Trasferta,Roma,0-4,P,2° tempo,0.1,42,3,1,0,1,161,184,88,1,,0.18,2,0,2,1,1,15,0,0,8,11,22,50,31,42,74,2,11,18,0.14,11,3,5,8,63,20,5,5,0,0,2,1.12,0.12,0
35,03.05.2026,Sassuolo,Casa,Milan,2-0,V,Totale,1.58,58,13,4,2,2,510,550,93,4,0,1.28,5,4,9,4,0,24,1,1,16,27,42,64,101,123,82,2,11,18,1.04,8,16,10,18,56,45,20,13,1,0,1,0.1,0.1,
35,03.05.2026,Milan,Trasferta,Sassuolo,0-2,P,Totale,0.24,42,7,1,0,3,339,392,86,4,1,0.1,5,1,2,5,0,17,0,1,16,15,22,68,101,131,77,3,17,18,0.47,11,16,9,14,64,37,14,1,0,0,2,1.28,-0.72,
35,03.05.2026,Sassuolo,Casa,Milan,2-0,V,1° tempo,0.32,49,6,2,1,1,201,223,90,1,0,1,1,3,3,3,0,8,1,1,8,11,17,65,45,58,78,0,4,0,0.42,3,6,3,6,50,21,9,6,1,0,0,0,0,
35,03.05.2026,Milan,Trasferta,Sassuolo,0-2,P,1° tempo,0.08,51,2,0,0,2,199,226,88,2,1,0,2,0,0,2,0,5,0,1,6,9,12,75,42,56,75,0,9,0,0.1,3,8,5,8,63,17,7,0,0,0,1,1,0,
35,03.05.2026,Sassuolo,Casa,Milan,2-0,V,2° tempo,1.26,65,7,2,1,1,309,327,94,3,,0.28,4,1,6,1,0,16,0,0,8,16,25,64,56,65,86,2,7,29,0.62,5,10,7,12,58,24,11,7,0,0,1,0.1,0.1,
35,03.05.2026,Milan,Trasferta,Sassuolo,0-2,P,2° tempo,0.16,35,5,1,0,1,140,166,84,2,,0.1,3,1,2,3,0,12,0,0,10,6,10,60,59,75,79,3,8,38,0.37,8,8,4,6,67,20,7,1,0,0,1,0.28,-0.72,
35,02.05.2026,Udinese,Casa,Torino,2-0,V,Totale,2,53,19,8,3,5,391,455,86,1,,2.77,4,7,13,6,0,22,0,2,18,25,46,54,72,102,71,7,10,70,0.89,17,11,14,21,67,68,24,6,1,0,1,0.31,0.31,1
35,02.05.2026,Torino,Trasferta,Udinese,0-2,P,Totale,0.83,47,9,1,1,2,330,388,85,1,,0.31,5,3,3,6,0,20,0,2,11,22,46,48,111,139,80,5,25,20,0.88,16,18,9,16,56,36,11,7,0,2,6,2.77,0.77,0
35,02.05.2026,Udinese,Casa,Torino,2-0,V,1° tempo,1.19,52,9,2,1,3,183,218,84,,,1.17,3,4,7,2,0,12,0,1,7,10,21,48,30,46,65,2,5,40,0.24,14,6,6,8,75,35,7,2,1,0,1,0.31,0.31,
35,02.05.2026,Torino,Trasferta,Udinese,0-2,P,1° tempo,0.54,48,3,1,1,1,164,199,82,,,0.31,1,1,2,1,0,6,0,1,6,13,31,42,42,58,72,0,10,0,0.3,12,7,6,11,55,19,5,5,0,1,1,1.17,0.17,
35,02.05.2026,Udinese,Casa,Torino,2-0,V,2° tempo,0.81,54,10,6,2,2,208,237,88,1,,1.6,1,3,6,4,0,10,0,1,11,15,25,60,42,56,75,5,5,100,0.65,3,5,8,13,62,33,17,4,0,0,0,0,0,1
35,02.05.2026,Torino,Trasferta,Udinese,0-2,P,2° tempo,0.29,46,6,0,0,1,166,189,88,1,,0,4,2,1,5,0,14,0,1,5,9,15,60,69,81,85,5,15,33,0.58,4,11,3,5,60,17,6,2,0,1,5,1.6,0.6,0
36,09.05.2026,Cagliari,Casa,Udinese,0-2,P,Totale,1.41,63,22,5,2,8,461,537,86,1,,0.82,11,6,15,7,0,33,1,3,13,19,51,37,84,127,66,6,26,23,1.15,18,10,6,15,40,42,8,8,1,0,4,2.56,0.49,
36,09.05.2026,Udinese,Trasferta,Cagliari,2-0,V,Totale,2.17,37,9,6,4,4,252,330,76,1,,2.56,2,1,6,3,1,16,0,3,10,29,57,51,44,72,61,1,6,17,1.21,13,13,10,14,71,45,38,3,0,0,3,0.82,0.82,
36,09.05.2026,Cagliari,Casa,Udinese,0-2,P,1° tempo,0.49,57,11,2,0,3,212,249,85,0,,0.62,7,2,6,5,0,13,1,2,6,5,18,28,41,62,66,3,13,23,0.73,9,4,2,10,20,24,3,3,0,0,1,0.08,0.08,
36,09.05.2026,Udinese,Trasferta,Cagliari,2-0,V,1° tempo,0.04,43,2,1,0,1,157,195,81,1,,0.08,0,1,0,2,0,2,0,1,4,20,34,59,11,23,48,0,1,0,0.04,6,6,6,6,100,17,14,3,0,0,2,0.62,0.62,
36,09.05.2026,Cagliari,Casa,Udinese,0-2,P,2° tempo,0.92,69,11,3,2,5,249,288,86,1,,0.2,4,4,9,2,0,20,0,1,7,14,33,42,43,65,66,3,13,23,0.42,9,6,4,5,80,18,5,5,1,0,3,2.48,0.41,
36,09.05.2026,Udinese,Trasferta,Cagliari,2-0,V,2° tempo,2.13,31,7,5,4,3,95,135,70,0,,2.48,2,0,6,1,1,14,0,2,6,9,23,39,33,49,67,1,5,20,1.17,7,7,4,8,50,28,24,0,0,0,1,0.2,0.2,
36,10.05.2026,Cremonese,Casa,Pisa,3-0,V,Totale,1.32,77,10,6,2,7,685,736,93,0,0,2.09,4,0,5,5,0,11,1,1,12,19,37,51,162,185,88,3,29,10,0.61,17,10,6,12,50,42,14,5,0,0,0,0,0,
36,10.05.2026,Pisa,Trasferta,Cremonese,0-3,P,Totale,0,23,0,0,0,1,162,222,73,4,2,0,0,0,0,0,0,3,0,2,10,12,46,26,22,47,47,0,7,0,0.06,10,12,11,16,69,39,25,5,2,0,2,2.09,-0.91,
36,10.05.2026,Cremonese,Casa,Pisa,3-0,V,1° tempo,0.52,68,6,3,1,5,225,264,85,0,0,0.76,3,0,2,4,0,6,0,0,6,10,23,43,63,81,78,3,22,14,0.25,12,7,1,4,25,20,6,3,0,0,0,0,0,
36,10.05.2026,Pisa,Trasferta,Cremonese,0-3,P,1° tempo,0,32,0,0,0,0,88,129,68,2,1,0,0,0,0,0,0,3,0,1,7,7,27,26,16,30,53,0,4,0,0.05,5,6,8,11,73,23,19,5,2,0,1,0.76,-0.24,
36,10.05.2026,Cremonese,Casa,Pisa,3-0,V,2° tempo,0.8,83,4,3,1,2,460,472,97,0,0,1.33,1,0,3,1,0,5,1,1,6,9,14,64,99,104,95,0,7,0,0.36,5,3,5,8,63,22,8,2,0,0,0,0,0,
36,10.05.2026,Pisa,Trasferta,Cremonese,0-3,P,2° tempo,0,17,0,0,0,1,74,93,80,2,1,0,0,0,0,0,0,0,0,1,3,5,19,26,6,17,35,0,3,0,0.01,5,6,3,5,60,16,6,0,0,0,1,1.33,-0.67,
36,10.05.2026,Fiorentina,Casa,Genoa,0-0,N,Totale,1,57,13,1,0,4,350,414,85,,,0,7,5,9,4,0,40,0,1,14,17,40,43,87,113,77,8,25,32,1.36,23,13,11,18,61,59,20,6,2,0,3,0.58,0.58,
36,10.05.2026,Genoa,Trasferta,Fiorentina,0-0,N,Totale,0.5,43,9,3,0,3,253,313,81,,,0.58,5,1,5,4,0,11,0,1,13,13,41,32,40,65,62,3,13,23,0.44,19,14,5,13,38,45,26,4,1,0,0,0,0,
36,10.05.2026,Fiorentina,Casa,Genoa,0-0,N,1° tempo,0.37,60,7,0,0,2,189,227,83,,,0,4,3,5,2,0,25,0,1,7,7,18,39,40,56,71,5,11,45,0.52,15,9,5,12,42,29,10,3,1,0,2,0.56,0.56,
36,10.05.2026,Genoa,Trasferta,Fiorentina,0-0,N,1° tempo,0.25,40,5,2,0,2,118,150,79,,,0.56,3,0,3,2,0,4,0,0,9,3,19,16,12,27,44,2,7,29,0.19,6,7,3,9,33,29,15,2,0,0,0,0,0,
36,10.05.2026,Fiorentina,Casa,Genoa,0-0,N,2° tempo,0.63,54,6,1,0,2,161,187,86,,,0,3,2,4,2,0,15,0,0,7,10,22,45,47,57,82,3,14,21,0.84,8,4,6,6,100,30,10,3,1,0,1,0.02,0.02,
36,10.05.2026,Genoa,Trasferta,Fiorentina,0-0,N,2° tempo,0.25,46,4,1,0,1,135,163,83,,,0.02,2,1,2,2,0,7,0,1,4,10,22,45,28,38,74,1,6,17,0.25,13,7,2,4,50,16,11,2,1,0,0,0,0,
36,09.05.2026,Lazio,Casa,Inter,0-3,P,Totale,0.55,42,9,5,1,5,404,450,90,2,1,0.69,3,1,4,5,0,14,0,0,8,24,35,69,58,73,79,2,10,20,0.21,20,10,5,6,83,25,15,5,0,0,2,1.52,-1.48,
36,09.05.2026,Inter,Trasferta,Lazio,3-0,V,Totale,1.14,58,14,5,3,1,593,638,93,1,0,1.52,6,3,10,4,0,31,0,1,10,7,18,39,46,70,66,1,8,13,0.93,11,8,7,14,50,32,10,8,0,0,4,0.69,0.69,
36,09.05.2026,Lazio,Casa,Inter,0-3,P,1° tempo,0.07,42,1,1,0,0,234,257,91,,,0.02,0,0,0,1,0,0,0,0,5,8,14,57,28,36,78,0,2,0,0.05,6,7,3,3,100,10,13,4,0,0,0,1.07,-0.93,
36,09.05.2026,Inter,Trasferta,Lazio,3-0,V,1° tempo,0.78,58,8,2,2,1,326,358,91,,,1.07,3,3,6,2,0,22,0,0,7,4,13,31,23,38,61,1,6,17,0.51,9,5,4,8,50,20,3,4,0,0,1,0.02,0.02,
36,09.05.2026,Lazio,Casa,Inter,0-3,P,2° tempo,0.48,42,8,4,1,5,170,193,88,2,1,0.67,3,1,4,4,0,14,0,0,3,16,21,76,30,37,81,2,8,25,0.16,14,3,2,3,67,15,2,1,0,0,2,0.45,-0.55,
36,09.05.2026,Inter,Trasferta,Lazio,3-0,V,2° tempo,0.36,58,6,3,1,0,267,280,95,1,0,0.45,3,0,4,2,0,9,0,1,3,3,5,60,23,32,72,0,2,0,0.42,2,3,3,6,50,12,7,4,0,0,3,0.67,0.67,
36,09.05.2026,Lecce,Casa,Juventus,0-1,P,Totale,0.89,35,8,3,1,1,197,270,73,1,,0.64,5,0,6,2,0,10,0,2,18,25,60,42,29,56,52,1,8,13,0.57,22,7,13,20,65,53,34,11,2,0,5,2.09,1.09,
36,09.05.2026,Juventus,Trasferta,Lecce,1-0,V,Totale,2.29,65,15,6,2,7,431,500,86,1,,2.09,7,2,14,1,1,39,1,6,7,35,63,56,135,174,78,3,19,16,1.27,27,18,23,33,70,66,17,2,2,0,3,0.64,0.64,
36,09.05.2026,Lecce,Casa,Juventus,0-1,P,1° tempo,0.25,30,2,1,1,0,96,128,75,,,0.54,1,0,1,1,0,3,0,0,7,13,27,48,17,29,59,0,2,0,0.31,12,3,6,10,60,25,22,5,1,0,1,0.89,-0.11,
36,09.05.2026,Juventus,Trasferta,Lecce,1-0,V,1° tempo,1.27,70,7,2,1,5,253,284,89,,,0.89,4,1,7,0,1,21,1,3,3,23,35,66,78,95,82,2,15,13,0.47,13,7,17,22,77,37,6,1,1,0,1,0.54,0.54,
36,09.05.2026,Lecce,Casa,Juventus,0-1,P,2° tempo,0.64,40,6,2,0,1,101,142,71,1,,0.1,4,0,5,1,0,7,0,2,11,12,33,36,12,27,44,1,6,17,0.26,10,4,7,10,70,28,12,6,1,0,4,1.2,1.2,
36,09.05.2026,Juventus,Trasferta,Lecce,1-0,V,2° tempo,1.02,60,8,4,1,2,178,216,82,1,,1.2,3,1,7,1,0,18,0,3,4,12,28,43,57,79,72,1,4,25,0.8,14,11,6,11,55,29,11,1,1,0,2,0.1,0.1,
36,10.05.2026,Milan,Casa,Atalanta,2-3,P,Totale,2.21,58,20,9,4,2,478,542,88,3,,2.49,8,3,9,11,2,23,1,2,17,20,34,59,98,126,78,3,13,23,1.06,18,8,7,13,54,47,6,6,0,0,2,1.97,-1.03,1
36,10.05.2026,Atalanta,Trasferta,Milan,3-2,V,Totale,1.38,42,9,5,2,2,326,408,80,3,,1.97,2,2,7,2,0,22,0,2,8,14,55,25,63,106,59,1,3,33,1,13,17,8,16,50,34,17,13,1,0,8,2.49,0.49,0
36,10.05.2026,Milan,Casa,Atalanta,2-3,P,1° tempo,0.25,54,6,4,1,0,278,309,90,1,,0.35,2,0,2,4,1,5,1,0,8,12,22,55,37,51,73,0,4,0,0.24,8,2,2,5,40,17,1,5,0,0,2,1.75,-0.25,
36,10.05.2026,Atalanta,Trasferta,Milan,3-2,V,1° tempo,0.82,46,5,4,1,1,226,264,86,0,,1.75,0,1,4,1,0,14,0,1,2,8,22,36,32,52,62,1,2,50,0.26,6,8,6,13,46,19,9,5,1,0,4,0.35,0.35,
36,10.05.2026,Milan,Casa,Atalanta,2-3,P,2° tempo,1.96,63,14,5,3,2,200,233,86,2,,2.14,6,3,7,7,1,18,0,2,9,8,12,67,61,75,81,3,9,33,0.82,10,6,5,8,63,30,5,1,0,0,0,0.22,-0.78,1
36,10.05.2026,Atalanta,Trasferta,Milan,3-2,V,2° tempo,0.56,37,4,1,1,1,100,144,69,3,,0.22,2,1,3,1,0,8,0,1,6,6,33,18,31,54,57,0,1,0,0.74,7,9,2,3,67,15,8,8,0,0,4,2.14,0.14,0
36,11.05.2026,Napoli,Casa,Bologna,2-3,P,Totale,0.8,52,14,5,2,8,425,485,88,1,,1.22,5,4,11,3,0,25,0,6,12,26,44,59,85,114,75,5,25,20,0.69,18,10,4,7,57,26,8,7,0,0,1,1.39,-1.61,
36,11.05.2026,Bologna,Trasferta,Napoli,3-2,V,Totale,1.26,48,10,4,1,1,386,458,84,4,,1.39,5,1,5,5,1,11,0,0,10,22,59,37,55,73,75,1,6,17,0.21,10,12,8,16,50,41,24,9,1,0,3,1.22,-0.78,
36,11.05.2026,Napoli,Casa,Bologna,2-3,P,1° tempo,0.53,52,8,3,2,5,222,249,89,0,,0.88,2,3,6,2,0,12,0,1,6,11,19,58,40,55,73,2,10,20,0.34,7,1,0,4,0,15,2,4,0,0,0,1.11,-0.89,
36,11.05.2026,Bologna,Trasferta,Napoli,3-2,V,1° tempo,0.98,48,4,2,1,1,196,235,83,1,,1.11,2,0,3,1,1,8,0,0,1,10,30,33,20,30,67,1,1,100,0.11,4,6,3,7,43,16,6,6,1,0,2,0.88,-0.12,
36,11.05.2026,Napoli,Casa,Bologna,2-3,P,2° tempo,0.27,52,6,2,0,3,203,236,86,1,,0.34,3,1,5,1,0,13,0,5,6,15,25,60,45,59,76,3,15,20,0.35,11,9,4,3,133,11,6,3,0,0,1,0.28,-0.72,
36,11.05.2026,Bologna,Trasferta,Napoli,3-2,V,2° tempo,0.28,48,6,2,0,0,190,223,85,3,,0.28,3,1,2,4,0,3,0,0,9,12,29,41,35,43,81,0,5,0,0.1,6,6,5,9,56,25,18,3,0,0,1,0.34,-0.66,
36,10.05.2026,Parma,Casa,Roma,2-3,P,Totale,0.73,34,11,3,0,3,227,291,78,4,1,0.95,5,3,6,5,0,15,1,4,8,23,57,40,60,93,65,5,13,38,0.55,13,14,10,19,53,44,29,9,2,0,4,2.79,-0.21,
36,10.05.2026,Roma,Trasferta,Parma,3-2,V,Totale,2.62,66,15,7,5,6,498,569,88,0,0,2.79,5,3,12,3,1,40,0,4,14,19,34,56,183,222,82,9,30,30,1.97,24,8,3,9,33,44,19,6,2,0,1,0.95,-1.05,
36,10.05.2026,Parma,Casa,Roma,2-3,P,1° tempo,0.4,34,7,1,0,1,133,169,79,,,0.21,4,2,3,4,0,8,0,2,5,10,25,40,25,38,66,2,5,40,0.13,9,3,7,11,64,23,7,3,0,0,0,0.29,-0.71,
36,10.05.2026,Roma,Trasferta,Parma,3-2,V,1° tempo,0.54,66,3,1,2,0,289,329,88,,,0.29,1,1,1,2,1,16,0,3,3,10,19,53,109,128,85,1,7,14,1,14,5,3,5,60,13,6,4,2,0,1,0.21,0.21,
36,10.05.2026,Parma,Casa,Roma,2-3,P,2° tempo,0.33,33,4,2,0,2,94,122,77,4,1,0.74,1,1,3,1,0,7,1,2,3,13,32,41,35,55,64,3,8,38,0.42,4,11,3,8,38,21,22,6,2,0,4,2.5,0.5,
36,10.05.2026,Roma,Trasferta,Parma,3-2,V,2° tempo,2.08,67,12,6,3,6,209,240,87,0,0,2.5,4,2,11,1,0,24,0,1,11,9,15,60,74,94,79,8,23,35,0.97,10,3,0,4,0,31,13,2,0,0,0,0.74,-1.26,
36,08.05.2026,Torino,Casa,Sassuolo,2-1,V,Totale,3.26,48,18,4,6,7,373,439,85,4,,1.87,10,4,13,5,2,34,2,0,9,28,55,51,82,117,70,7,25,28,1.77,16,13,4,13,31,42,26,4,1,0,5,1.87,0.87,2
36,08.05.2026,Sassuolo,Trasferta,Torino,1-2,P,Totale,2.25,52,13,7,5,5,420,482,87,2,,1.87,3,3,10,3,0,36,4,0,13,34,51,67,80,113,71,1,14,7,0.98,15,9,6,10,60,33,28,10,0,0,2,1.87,-0.13,0
36,08.05.2026,Torino,Casa,Sassuolo,2-1,V,1° tempo,0.93,55,7,1,2,5,232,264,88,0,,0.13,5,1,4,3,1,13,1,0,4,15,29,52,47,60,78,5,16,31,0.63,8,6,3,9,33,21,10,1,0,0,3,0.69,0.69,
36,08.05.2026,Sassuolo,Trasferta,Torino,1-2,P,1° tempo,1.07,45,8,4,3,2,199,225,88,1,,0.69,2,2,5,3,0,13,1,0,6,15,20,75,30,40,75,1,7,14,0.38,6,4,4,5,80,14,15,5,0,0,1,0.13,0.13,
36,08.05.2026,Torino,Casa,Sassuolo,2-1,V,2° tempo,2.33,41,11,3,4,2,141,175,81,4,,1.74,5,3,9,2,1,21,1,0,5,13,26,50,35,57,61,2,9,22,1.14,8,7,1,4,25,21,16,3,1,0,2,1.18,0.18,2
36,08.05.2026,Sassuolo,Trasferta,Torino,1-2,P,2° tempo,1.18,59,5,3,2,3,221,257,86,1,,1.18,1,1,5,0,0,23,3,0,7,19,31,61,50,73,68,0,7,0,0.6,9,5,2,5,40,19,13,5,0,0,1,1.74,-0.26,0
36,10.05.2026,Verona,Casa,Como,0-1,P,Totale,1.07,36,11,3,2,7,202,277,73,1,,0.2,5,3,8,3,0,25,0,3,14,21,55,38,51,85,60,6,19,32,0.61,6,17,13,21,62,57,27,15,1,1,3,0.98,-0.02,
36,10.05.2026,Como,Trasferta,Verona,1-0,V,Totale,0.85,64,11,4,1,7,442,506,87,1,,0.98,4,3,10,1,0,29,0,2,17,22,40,55,114,144,79,6,23,26,0.89,15,14,5,13,38,60,17,9,1,0,3,0.2,0.2,
36,10.05.2026,Verona,Casa,Como,0-1,P,1° tempo,0.86,32,6,2,2,4,97,134,72,,,0.19,2,2,5,1,0,16,0,1,5,10,20,50,22,33,67,2,10,20,0.38,2,7,7,12,58,29,13,6,0,0,1,0.02,0.02,
36,10.05.2026,Como,Trasferta,Verona,1-0,V,1° tempo,0.27,68,4,1,0,3,278,307,91,,,0.02,1,2,3,1,0,13,0,1,7,8,16,50,70,81,86,2,11,18,0.53,9,5,3,6,50,25,10,4,1,0,2,0.19,0.19,
36,10.05.2026,Verona,Casa,Como,0-1,P,2° tempo,0.21,42,5,1,0,3,105,143,73,1,,0.01,3,1,3,2,0,9,0,2,9,11,35,31,29,52,56,4,9,44,0.23,4,10,6,9,67,28,14,9,1,1,2,0.96,-0.04,
36,10.05.2026,Como,Trasferta,Verona,1-0,V,2° tempo,0.58,58,7,3,1,4,164,199,82,1,,0.96,3,1,7,0,0,16,0,1,10,14,24,58,44,63,70,4,12,33,0.36,6,9,2,7,29,35,7,5,0,0,1,0.01,0.01,
37,17.05.2026,Atalanta,Casa,Bologna,0-1,P,Totale,0.76,45,10,1,2,2,335,401,84,1,,0.37,5,4,7,3,1,18,1,3,6,17,44,39,69,105,66,5,10,50,0.7,12,17,18,26,69,48,23,19,1,0,4,1.05,0.05,
37,17.05.2026,Bologna,Trasferta,Atalanta,1-0,V,Totale,0.69,55,10,5,1,5,396,479,83,1,,1.05,3,2,7,3,0,20,0,1,17,22,47,47,94,132,71,5,16,31,0.61,24,6,3,8,38,43,16,10,0,0,1,0.37,0.37,
37,17.05.2026,Atalanta,Casa,Bologna,0-1,P,1° tempo,0.32,47,5,0,1,1,170,205,83,,,0,3,2,4,1,1,13,0,1,1,8,20,40,37,54,69,3,5,60,0.4,3,8,12,15,80,23,18,9,0,0,3,0.68,0.68,
37,17.05.2026,Bologna,Trasferta,Atalanta,1-0,V,1° tempo,0.36,53,6,3,0,5,191,224,85,,,0.68,2,1,4,2,0,16,0,1,8,14,22,64,44,58,76,3,12,25,0.32,14,1,2,5,40,25,7,7,0,0,0,0,0,
37,17.05.2026,Atalanta,Casa,Bologna,0-1,P,2° tempo,0.44,44,5,1,1,1,165,196,84,1,,0.37,2,2,3,2,0,5,1,2,5,9,24,38,32,51,63,2,5,40,0.3,9,9,6,11,55,25,5,10,1,0,1,0.37,-0.63,
37,17.05.2026,Bologna,Trasferta,Atalanta,1-0,V,2° tempo,0.33,56,4,2,1,0,205,255,80,1,,0.37,1,1,3,1,0,4,0,0,9,8,25,32,50,74,68,2,4,50,0.29,10,5,1,3,33,18,9,3,0,0,1,0.37,0.37,
37,17.05.2026,Cagliari,Casa,Torino,2-1,V,Totale,1.32,45,13,4,2,5,343,413,83,1,,1.28,6,3,8,5,0,18,0,1,13,20,55,36,72,106,68,4,19,21,0.59,25,8,8,18,44,46,32,9,1,0,2,0.56,-0.44,1
37,17.05.2026,Torino,Trasferta,Cagliari,1-2,P,Totale,0.98,55,10,3,3,1,434,510,85,1,,0.56,2,5,6,4,0,16,0,1,8,22,46,48,89,117,76,2,16,13,0.55,20,13,12,20,60,42,24,7,0,0,1,1.28,-0.72,0
37,17.05.2026,Cagliari,Casa,Torino,2-1,V,1° tempo,1.06,51,9,4,2,3,198,230,86,,,1.28,3,2,7,2,0,16,0,1,5,7,19,37,43,57,75,3,14,21,0.41,12,3,2,7,29,21,12,6,0,0,0,0.22,-0.78,1
37,17.05.2026,Torino,Trasferta,Cagliari,1-2,P,1° tempo,0.48,49,5,1,2,1,200,234,85,,,0.22,2,2,3,2,0,7,0,1,3,9,21,43,38,54,70,0,3,0,0.15,7,5,5,10,50,22,15,5,0,0,1,1.28,-0.72,0
37,17.05.2026,Cagliari,Casa,Torino,2-1,V,2° tempo,0.26,39,4,0,0,2,145,183,79,1,,0,3,1,1,3,0,2,0,0,8,13,36,36,29,49,59,1,5,20,0.18,13,5,6,11,55,25,20,3,1,0,2,0.34,0.34,
37,17.05.2026,Torino,Trasferta,Cagliari,1-2,P,2° tempo,0.5,61,5,2,1,0,234,276,85,1,,0.34,0,3,3,2,0,9,0,0,5,13,25,52,51,63,81,2,13,15,0.4,13,8,7,10,70,20,9,2,0,0,0,0,0,
37,17.05.2026,Como,Casa,Parma,1-0,V,Totale,2.77,66,23,7,4,15,387,453,85,2,,2.14,5,11,15,8,2,45,0,2,14,12,35,34,162,203,80,7,25,28,1.08,23,10,14,22,64,51,14,5,0,0,2,0.29,0.29,
37,17.05.2026,Parma,Trasferta,Como,0-1,P,Totale,0.43,34,2,2,1,2,166,227,73,0,,0.29,0,0,2,0,0,4,0,4,10,21,45,47,12,34,35,1,10,10,0.1,23,14,14,22,64,50,28,6,4,0,6,2.14,1.14,
37,17.05.2026,Como,Casa,Parma,1-0,V,1° tempo,0.98,74,15,3,1,11,263,297,89,,,0.7,2,10,9,6,1,31,0,1,2,7,14,50,121,143,85,6,18,33,0.71,14,4,9,13,69,25,7,5,0,0,0,0,0,
37,17.05.2026,Parma,Trasferta,Como,0-1,P,1° tempo,0,26,0,0,0,1,73,105,70,,,0,0,0,0,0,0,0,0,1,4,10,22,45,5,19,26,0,3,0,0.01,14,2,10,14,71,25,18,2,1,0,3,0.7,0.7,
37,17.05.2026,Como,Casa,Parma,1-0,V,2° tempo,1.79,56,8,4,3,4,124,156,79,2,,1.44,3,1,6,2,1,14,0,1,12,5,21,24,41,60,68,1,7,14,0.37,9,6,5,9,56,26,7,0,0,0,2,0.29,0.29,
37,17.05.2026,Parma,Trasferta,Como,0-1,P,2° tempo,0.43,44,2,2,1,1,93,122,76,0,,0.29,0,0,2,0,0,4,0,3,6,11,23,48,7,15,47,1,7,14,0.09,9,12,4,8,50,25,10,4,3,0,3,1.44,0.44,
37,17.05.2026,Genoa,Casa,Milan,1-2,P,Totale,1.31,62,11,2,3,4,404,477,85,2,,0.67,7,2,7,4,0,22,0,1,19,26,48,54,79,115,69,7,21,33,0.61,20,8,14,17,82,59,17,4,0,0,4,1.69,-0.31,
37,17.05.2026,Milan,Trasferta,Genoa,2-1,V,Totale,1.75,38,8,6,2,4,227,288,79,3,,1.69,1,1,6,2,0,23,0,1,8,20,46,43,71,103,69,5,12,42,0.74,13,19,8,14,57,33,23,6,1,0,1,0.67,-0.33,
37,17.05.2026,Genoa,Casa,Milan,1-2,P,1° tempo,0.18,63,4,0,0,0,257,294,87,,,0,3,1,2,2,0,10,0,0,8,15,26,58,44,63,70,2,6,33,0.16,9,5,10,12,83,26,5,2,0,0,1,0.12,0.12,
37,17.05.2026,Milan,Trasferta,Genoa,2-1,V,1° tempo,0.1,37,2,1,0,1,135,164,82,,,0.12,1,0,2,0,0,6,0,0,5,11,24,46,31,44,70,2,6,33,0.29,4,8,4,8,50,18,6,4,0,0,0,0,0,
37,17.05.2026,Genoa,Casa,Milan,1-2,P,2° tempo,1.13,60,7,2,3,4,147,183,80,2,,0.67,4,1,5,2,0,12,0,1,11,11,22,50,35,52,67,5,15,33,0.45,11,3,4,5,80,33,12,2,0,0,3,1.57,-0.43,
37,17.05.2026,Milan,Trasferta,Genoa,2-1,V,2° tempo,1.65,40,6,5,2,3,92,124,74,3,,1.57,0,1,4,2,0,17,0,1,3,9,22,41,40,59,68,3,6,50,0.45,9,11,4,6,67,15,17,2,1,0,1,0.67,-0.33,
37,17.05.2026,Inter,Casa,Verona,1-1,N,Totale,2.55,74,17,6,5,10,590,661,89,0,,0.65,7,4,13,4,0,43,0,0,12,22,38,58,179,216,83,6,26,23,1.13,14,9,11,18,61,47,12,4,1,0,4,1.02,0.02,
37,17.05.2026,Verona,Trasferta,Inter,1-1,N,Totale,1.19,26,14,5,2,2,176,228,77,2,,1.02,6,3,7,7,0,15,0,0,9,17,37,46,54,73,74,5,16,31,0.53,19,12,15,26,58,51,35,7,1,0,5,0.65,0.65,
37,17.05.2026,Inter,Casa,Verona,1-1,N,1° tempo,0.92,79,7,2,2,5,351,389,90,,,0.31,3,2,4,3,0,19,0,0,5,11,16,69,110,137,80,2,14,14,0.52,11,6,6,8,75,22,4,0,0,0,2,0.13,0.13,
37,17.05.2026,Verona,Trasferta,Inter,1-1,N,1° tempo,0.35,21,5,2,1,2,70,97,72,,,0.13,3,0,4,1,0,6,0,0,6,9,22,41,14,23,61,3,7,43,0.15,5,5,11,16,69,31,22,7,1,0,2,0.31,0.31,
37,17.05.2026,Inter,Casa,Verona,1-1,N,2° tempo,1.63,67,10,4,3,5,239,272,88,0,,0.34,4,2,9,1,0,24,0,0,7,11,22,50,69,79,87,4,12,33,0.61,3,3,5,10,50,25,8,4,1,0,2,0.89,-0.11,
37,17.05.2026,Verona,Trasferta,Inter,1-1,N,2° tempo,0.84,33,9,3,1,0,106,131,81,2,,0.89,3,3,3,6,0,9,0,0,3,8,15,53,40,50,80,2,9,22,0.38,14,7,4,10,40,20,13,0,0,0,3,0.34,0.34,
37,17.05.2026,Juventus,Casa,Fiorentina,0-2,P,Totale,1.98,58,26,9,1,6,387,479,81,1,0,0.66,10,7,17,9,0,56,0,1,12,28,46,61,171,227,75,15,28,54,3.6,17,15,7,15,47,52,13,5,0,0,2,1.28,-0.72,
37,17.05.2026,Fiorentina,Trasferta,Juventus,2-0,V,Totale,0.47,42,10,4,0,2,280,362,77,3,1,1.28,3,3,4,6,0,19,0,2,15,20,59,34,61,90,68,1,9,11,0.33,9,12,6,10,60,38,29,7,1,0,9,0.66,0.66,
37,17.05.2026,Juventus,Casa,Fiorentina,0-2,P,1° tempo,0.89,49,8,3,1,2,148,187,79,1,,0.28,3,2,5,3,0,18,0,0,3,16,26,62,49,74,66,6,13,46,0.37,11,9,4,10,40,21,9,5,0,0,1,0.76,-0.24,
37,17.05.2026,Fiorentina,Trasferta,Juventus,2-0,V,1° tempo,0.32,51,6,2,0,1,171,207,83,1,,0.76,2,2,3,3,0,14,0,0,9,15,29,52,41,56,73,0,4,0,0.25,6,3,2,3,67,21,12,3,1,0,3,0.28,0.28,
37,17.05.2026,Juventus,Casa,Fiorentina,0-2,P,2° tempo,1.09,66,18,6,0,4,239,292,82,0,0,0.38,7,5,12,6,0,38,0,1,9,12,20,60,122,153,80,9,15,60,3.23,6,6,3,5,60,31,4,0,0,0,1,0.52,-0.48,
37,17.05.2026,Fiorentina,Trasferta,Juventus,2-0,V,2° tempo,0.15,34,4,2,0,1,109,155,70,2,1,0.52,1,1,1,3,0,5,0,2,6,5,30,17,20,34,59,1,5,20,0.08,3,9,4,7,57,17,17,4,0,0,6,0.38,0.38,
37,17.05.2026,Pisa,Casa,Napoli,0-3,P,Totale,0.82,24,4,2,1,1,172,239,72,2,,0.62,2,0,4,0,0,12,0,0,8,16,43,37,30,62,48,3,6,50,0.18,13,13,10,14,71,33,10,17,1,1,2,2.64,-0.36,0
37,17.05.2026,Napoli,Trasferta,Pisa,3-0,V,Totale,1.09,76,10,5,2,6,708,770,92,2,,2.64,2,3,8,2,0,29,1,2,13,23,37,62,138,175,79,4,17,24,1.42,18,8,4,7,57,37,17,4,1,0,2,0.62,0.62,1
37,17.05.2026,Pisa,Casa,Napoli,0-3,P,1° tempo,0.71,28,2,1,1,0,103,143,72,,,0.32,1,0,2,0,0,6,0,0,4,9,27,33,23,43,53,2,4,50,0.08,8,6,5,8,63,17,9,12,1,0,2,1.66,-0.34,0
37,17.05.2026,Napoli,Trasferta,Pisa,3-0,V,1° tempo,0.36,72,8,4,0,5,343,376,91,,,1.66,1,3,6,2,0,20,1,1,6,10,16,63,98,118,83,2,12,17,0.56,11,4,3,4,75,21,11,2,1,0,1,0.32,0.32,1
37,17.05.2026,Pisa,Casa,Napoli,0-3,P,2° tempo,0.11,20,2,1,0,1,69,96,72,2,,0.3,1,0,2,0,0,6,0,0,4,7,16,44,7,19,37,1,2,50,0.1,5,7,5,6,83,16,1,5,0,1,0,0.98,-0.02,
37,17.05.2026,Napoli,Trasferta,Pisa,3-0,V,2° tempo,0.73,80,2,1,2,1,365,394,93,2,,0.98,1,0,2,0,0,9,0,1,7,13,21,62,40,57,70,2,5,40,0.86,7,4,1,3,33,16,6,2,0,0,1,0.3,0.3,
37,17.05.2026,Roma,Casa,Lazio,2-0,V,Totale,1.19,49,16,7,1,8,363,420,86,2,1,2.39,8,1,12,4,1,20,0,1,17,20,39,51,46,68,68,5,14,36,0.88,16,15,9,17,53,46,7,17,0,0,2,0.09,0.09,2
37,17.05.2026,Lazio,Trasferta,Roma,0-2,P,Totale,0.69,51,6,2,1,3,379,440,86,3,1,0.09,3,1,4,2,0,17,0,2,15,18,31,58,79,99,80,2,11,18,0.43,20,17,9,14,64,49,11,11,1,0,6,2.39,0.39,0
37,17.05.2026,Roma,Casa,Lazio,2-0,V,1° tempo,0.41,51,6,2,1,5,194,223,87,1,,1.06,3,1,4,2,0,6,0,0,10,15,23,65,31,45,69,3,8,38,0.24,9,8,3,6,50,19,2,11,0,0,1,0.08,0.08,1
37,17.05.2026,Lazio,Trasferta,Roma,0-2,P,1° tempo,0.64,49,4,1,1,1,180,215,84,2,,0.08,2,1,3,1,0,11,0,2,8,9,17,53,28,39,72,1,5,20,0.31,12,10,7,9,78,27,8,6,0,0,2,1.06,0.06,0
37,17.05.2026,Roma,Casa,Lazio,2-0,V,2° tempo,0.78,47,10,5,0,3,169,197,86,1,1,1.33,5,0,8,2,1,14,0,1,7,5,16,31,15,23,65,2,6,33,0.64,7,7,6,11,55,27,5,6,0,0,1,0.01,0.01,1
37,17.05.2026,Lazio,Trasferta,Roma,0-2,P,2° tempo,0.05,53,2,1,0,2,199,225,88,1,1,0.01,1,0,1,1,0,6,0,0,7,9,14,64,51,60,85,1,6,17,0.12,8,7,2,5,40,22,3,5,1,0,4,1.33,0.33,0
37,17.05.2026,Sassuolo,Casa,Lecce,2-3,P,Totale,2.45,74,15,6,6,2,547,634,86,1,,1.91,6,3,12,3,2,25,5,2,13,16,44,36,152,197,77,2,10,20,1.2,16,7,8,13,62,51,20,10,0,1,3,2.39,-0.61,0
37,17.05.2026,Lecce,Trasferta,Sassuolo,3-2,V,Totale,1.25,26,11,6,4,8,143,209,68,4,,2.39,4,1,9,2,0,21,2,2,7,16,49,33,53,79,67,4,23,17,0.66,20,13,6,14,43,37,28,7,0,0,4,1.91,-0.09,1
37,17.05.2026,Sassuolo,Casa,Lecce,2-3,P,1° tempo,0.8,74,8,3,2,2,249,289,86,,,0.57,3,2,5,3,0,9,2,1,5,7,22,32,73,96,76,0,4,0,0.45,8,2,4,6,67,22,7,5,0,1,2,1.41,-0.59,0
37,17.05.2026,Lecce,Trasferta,Sassuolo,3-2,V,1° tempo,0.6,26,7,4,2,5,69,93,74,,,1.41,2,1,6,1,0,13,1,2,2,8,19,42,30,39,77,2,11,18,0.3,7,5,1,7,14,13,14,5,0,0,2,0.57,-0.43,1
37,17.05.2026,Sassuolo,Casa,Lecce,2-3,P,2° tempo,1.65,73,7,3,4,0,298,345,86,1,,1.34,3,1,7,0,2,16,3,1,8,9,22,41,79,101,78,2,6,33,0.75,8,5,4,7,57,29,13,5,0,0,1,0.98,-0.02,
37,17.05.2026,Lecce,Trasferta,Sassuolo,3-2,V,2° tempo,0.65,27,4,2,2,3,74,116,64,4,,0.98,2,0,3,1,0,8,1,0,5,8,30,27,23,40,57,2,12,17,0.36,13,8,5,7,71,24,14,2,0,0,2,1.34,0.34,
37,17.05.2026,Udinese,Casa,Cremonese,0-1,P,Totale,0.35,63,10,2,0,5,452,525,86,1,,0.22,6,2,5,5,0,26,0,4,9,33,53,62,90,129,70,4,27,15,0.46,19,10,4,5,80,45,30,6,0,1,3,0.89,-0.11,
37,17.05.2026,Cremonese,Trasferta,Udinese,1-0,V,Totale,0.45,37,7,4,1,5,216,305,71,3,,0.89,2,1,2,5,0,6,0,5,10,27,64,42,31,66,47,1,16,6,0.08,19,9,6,11,55,44,26,9,0,0,2,0.22,0.22,
37,17.05.2026,Udinese,Casa,Cremonese,0-1,P,1° tempo,0.11,60,2,1,0,1,227,262,87,,,0.04,1,0,2,0,0,5,0,2,2,18,28,64,30,49,61,0,9,0,0.05,10,3,2,3,67,16,18,1,0,1,3,0.89,-0.11,
37,17.05.2026,Cremonese,Trasferta,Udinese,1-0,V,1° tempo,0.45,40,7,4,1,5,115,163,71,,,0.89,2,1,2,5,0,5,0,1,3,14,29,48,22,41,54,0,14,0,0.04,15,2,5,6,83,21,12,3,0,0,1,0.04,0.04,
37,17.05.2026,Udinese,Casa,Cremonese,0-1,P,2° tempo,0.24,66,8,1,0,4,225,263,86,1,,0.18,5,2,3,5,0,21,0,2,7,15,25,60,60,80,75,4,18,22,0.41,9,7,2,2,100,29,12,5,0,0,0,0,0,
37,17.05.2026,Cremonese,Trasferta,Udinese,1-0,V,2° tempo,0,34,0,0,0,0,101,142,71,3,,0,0,0,0,0,0,1,0,4,7,13,35,37,9,25,36,1,2,50,0.04,4,7,1,5,20,23,14,6,0,0,1,0.18,0.18,
38,23.05.2026,Bologna,Casa,Inter,3-3,N,Totale,1.4,44,11,3,3,1,346,385,90,0,,1.19,5,3,6,5,0,20,0,2,14,17,43,40,57,76,75,1,9,11,0.53,10,15,7,12,58,34,16,10,0,0,2,2.07,-0.93,
38,23.05.2026,Inter,Trasferta,Bologna,3-3,N,Totale,1.78,56,11,5,2,4,423,480,88,2,,2.07,5,1,9,2,1,24,1,0,15,33,51,65,58,82,71,2,8,25,0.82,18,14,7,11,64,31,10,5,0,0,1,1.19,-0.81,
38,23.05.2026,Bologna,Casa,Inter,3-3,N,1° tempo,1.27,36,9,2,3,1,146,161,91,0,,1.16,4,3,6,3,0,15,0,1,5,7,16,44,22,31,71,1,4,25,0.44,6,9,4,6,67,16,10,5,0,0,1,0.47,-0.53,
38,23.05.2026,Inter,Trasferta,Bologna,3-3,N,1° tempo,0.56,64,5,2,0,2,261,294,89,1,,0.47,2,1,4,1,0,12,0,0,9,21,33,64,36,49,73,2,5,40,0.62,10,5,4,5,80,16,5,3,0,0,0,1.16,-0.84,
38,23.05.2026,Bologna,Casa,Inter,3-3,N,2° tempo,0.13,54,2,1,0,0,200,224,89,0,,0.03,1,0,0,2,0,5,0,1,9,10,27,37,35,45,78,0,5,0,0.09,4,6,3,6,50,18,6,5,0,0,1,1.6,-0.4,
38,23.05.2026,Inter,Trasferta,Bologna,3-3,N,2° tempo,1.22,46,6,3,2,2,162,186,87,1,,1.6,3,0,5,1,1,12,1,0,6,12,18,67,22,33,67,0,3,0,0.2,8,9,3,6,50,15,5,2,0,0,1,0.03,0.03,
38,24.05.2026,Cremonese,Casa,Como,1-4,P,Totale,1.06,30,6,1,1,2,143,208,69,4,3,0.83,4,1,4,2,0,7,0,3,12,13,52,25,21,51,41,1,7,14,0.08,13,14,5,11,45,35,19,4,0,1,2,2.87,-1.13,
38,24.05.2026,Como,Trasferta,Cremonese,4-1,V,Totale,2.47,70,15,6,3,4,455,510,89,2,0,2.87,3,6,12,3,0,23,0,3,14,23,42,55,91,125,73,2,12,17,1.33,10,12,6,12,50,42,14,3,0,0,0,0.83,-0.17,
38,24.05.2026,Cremonese,Casa,Como,1-4,P,1° tempo,0,30,0,0,0,0,79,123,64,1,,0,0,0,0,0,0,1,0,3,9,8,36,22,11,30,37,0,3,0,0.01,7,6,4,8,50,22,11,2,0,0,1,0.98,-0.02,
38,24.05.2026,Como,Trasferta,Cremonese,4-1,V,1° tempo,1.06,70,9,2,1,2,266,304,88,1,,0.98,3,4,6,3,0,12,0,1,6,14,24,58,66,90,73,1,5,20,0.84,8,9,2,5,40,22,6,2,0,0,0,0,0,
38,24.05.2026,Cremonese,Casa,Como,1-4,P,2° tempo,1.06,30,6,1,1,2,64,85,75,3,3,0.83,4,1,4,2,0,6,0,0,3,5,16,31,10,21,48,1,4,25,0.07,6,8,1,3,33,13,8,2,0,1,1,1.89,-1.11,
38,24.05.2026,Como,Trasferta,Cremonese,4-1,V,2° tempo,1.41,70,6,4,2,2,189,206,92,1,0,1.89,0,2,6,0,0,11,0,2,8,9,18,50,25,35,71,1,7,14,0.49,2,3,4,7,57,20,8,1,0,0,0,0.83,-0.17,
38,22.05.2026,Fiorentina,Casa,Atalanta,1-1,N,Totale,0.85,40,11,4,2,3,350,409,86,0,,0.39,4,3,8,3,0,26,0,4,14,24,49,49,62,85,73,5,11,45,0.82,10,11,4,8,50,40,21,9,0,0,6,1,1,
38,22.05.2026,Atalanta,Trasferta,Fiorentina,1-1,N,Totale,1.38,60,21,6,2,3,552,612,90,2,,1,12,3,11,10,0,41,0,0,11,29,44,66,213,248,86,5,13,38,1.3,12,14,2,8,25,33,14,10,0,0,3,0.39,-0.61,
38,22.05.2026,Fiorentina,Casa,Atalanta,1-1,N,1° tempo,0.35,41,4,1,1,0,182,222,82,,,0.11,2,1,4,0,0,11,0,2,8,13,27,48,34,48,71,2,4,50,0.39,5,7,2,4,50,20,9,8,0,0,3,0.53,0.53,
38,22.05.2026,Atalanta,Trasferta,Fiorentina,1-1,N,1° tempo,0.45,59,9,3,0,0,290,325,89,,,0.53,4,2,1,8,0,9,0,0,7,16,25,64,95,112,85,1,5,20,0.39,8,8,1,3,33,15,10,9,0,0,0,0.11,-0.89,
38,22.05.2026,Fiorentina,Casa,Atalanta,1-1,N,2° tempo,0.5,40,7,3,1,3,168,187,90,0,,0.28,2,2,4,3,0,15,0,2,6,11,22,50,28,37,76,3,7,43,0.43,5,4,2,4,50,20,12,1,0,0,3,0.47,0.47,
38,22.05.2026,Atalanta,Trasferta,Fiorentina,1-1,N,2° tempo,0.93,60,12,3,2,3,262,287,91,2,,0.47,8,1,10,2,0,32,0,0,4,13,19,68,118,136,87,4,8,50,0.91,4,6,1,5,20,18,4,1,0,0,3,0.28,0.28,
38,23.05.2026,Lazio,Casa,Pisa,2-1,V,Totale,1.11,49,15,9,1,5,474,536,88,2,,3.07,5,1,8,7,1,21,0,2,8,20,37,54,78,101,77,2,9,22,0.48,20,9,7,10,70,28,11,6,0,0,1,0.71,-0.29,0
38,23.05.2026,Pisa,Trasferta,Lazio,1-2,P,Totale,1.56,51,8,2,2,1,488,552,88,1,,0.71,4,2,8,0,0,14,0,0,9,20,42,48,49,78,63,8,14,57,0.89,12,8,9,15,60,35,11,8,1,0,7,3.07,1.07,1
38,23.05.2026,Lazio,Casa,Pisa,2-1,V,1° tempo,0.61,50,8,6,0,3,248,283,88,2,,2.12,2,0,5,3,1,14,0,0,5,10,19,53,51,67,76,1,5,20,0.16,11,5,3,4,75,14,7,1,0,0,1,0.71,-0.29,0
38,23.05.2026,Pisa,Trasferta,Lazio,1-2,P,1° tempo,1.14,50,4,2,2,1,237,276,86,0,,0.71,1,1,4,0,0,8,0,0,5,11,24,46,29,48,60,4,8,50,0.55,4,5,4,6,67,16,7,7,1,0,4,2.12,0.12,1
38,23.05.2026,Lazio,Casa,Pisa,2-1,V,2° tempo,0.5,48,7,3,1,2,226,253,89,0,,0.95,3,1,3,4,0,7,0,2,3,10,18,56,27,34,79,1,4,25,0.32,9,4,4,6,67,14,4,5,0,0,0,0,0,
38,23.05.2026,Pisa,Trasferta,Lazio,1-2,P,2° tempo,0.42,52,4,0,0,0,251,276,91,1,,0,3,1,4,0,0,6,0,0,4,9,18,50,20,30,67,4,6,67,0.34,8,3,5,9,56,19,4,1,0,0,3,0.95,0.95,
38,24.05.2026,Lecce,Casa,Genoa,1-0,V,Totale,1.43,32,9,4,4,1,175,240,73,2,,1.89,5,0,7,2,2,23,0,3,6,29,59,49,40,73,55,2,10,20,0.56,28,11,3,8,38,34,22,4,0,0,1,0.19,0.19,
38,24.05.2026,Genoa,Trasferta,Lecce,0-1,P,Totale,0.68,68,8,1,3,6,432,510,85,0,,0.19,5,2,6,2,0,15,1,2,11,20,49,41,61,84,73,5,20,25,0.88,23,6,12,22,55,45,17,3,0,0,3,1.89,0.89,
38,24.05.2026,Lecce,Casa,Genoa,1-0,V,1° tempo,0.79,36,6,4,2,1,100,133,75,1,,1.89,2,0,5,1,0,13,0,1,3,16,30,53,21,33,64,2,6,33,0.05,19,6,0,2,0,15,11,1,0,0,0,0,0,
38,24.05.2026,Genoa,Trasferta,Lecce,0-1,P,1° tempo,0.25,64,3,0,2,2,195,240,81,0,,0,2,1,3,0,0,9,0,2,6,11,28,39,26,36,72,4,10,40,0.43,13,3,3,8,38,20,10,1,0,0,3,1.89,0.89,
38,24.05.2026,Lecce,Casa,Genoa,1-0,V,2° tempo,0.64,28,3,0,2,0,75,107,70,1,,0,3,0,2,1,2,10,0,2,3,13,29,45,19,40,48,0,4,0,0.51,9,5,3,6,50,19,11,3,0,0,1,0.19,0.19,
38,24.05.2026,Genoa,Trasferta,Lecce,0-1,P,2° tempo,0.43,72,5,1,1,4,237,270,88,0,,0.19,3,1,3,2,0,6,1,0,5,9,21,43,35,48,73,1,10,10,0.45,10,3,9,14,64,25,7,2,0,0,0,0,0,
38,24.05.2026,Milan,Casa,Cagliari,1-2,P,Totale,1.57,48,16,3,3,5,392,453,87,2,,1.17,11,2,13,3,0,38,0,3,9,31,48,65,105,144,73,12,23,52,1.43,17,8,7,14,50,49,22,6,1,0,9,4.59,2.59,0
38,24.05.2026,Cagliari,Trasferta,Milan,2-1,V,Totale,2.65,52,25,10,4,5,430,488,88,2,,4.59,8,7,16,9,0,23,0,0,8,19,37,51,73,94,78,3,19,16,0.61,12,9,9,15,60,36,28,12,1,0,2,1.17,0.17,1
38,24.05.2026,Milan,Casa,Cagliari,1-2,P,1° tempo,0.86,41,6,3,2,2,195,221,88,0,,1.17,3,0,6,0,0,14,0,0,2,16,25,64,31,48,65,4,4,100,0.72,5,5,1,4,25,11,16,3,0,0,3,1.77,0.77,
38,24.05.2026,Cagliari,Trasferta,Milan,2-1,V,1° tempo,0.75,59,10,4,1,2,278,310,90,1,,1.77,5,1,5,5,0,9,0,0,5,8,14,57,52,64,81,2,13,15,0.26,6,2,5,8,63,16,9,5,1,0,2,1.17,0.17,
38,24.05.2026,Milan,Casa,Cagliari,1-2,P,2° tempo,0.71,57,10,0,1,3,197,232,85,2,,0,8,2,7,3,0,24,0,3,7,15,23,65,74,96,77,8,19,42,0.71,12,3,6,10,60,38,6,3,1,0,6,2.82,1.82,0
38,24.05.2026,Cagliari,Trasferta,Milan,2-1,V,2° tempo,1.9,43,15,6,3,3,152,178,85,1,,2.82,3,6,11,4,0,14,0,0,3,11,23,48,21,30,70,1,6,17,0.35,6,7,4,7,57,20,19,7,0,0,0,0,0,1
38,24.05.2026,Napoli,Casa,Udinese,1-0,V,Totale,1.76,67,14,6,2,3,647,700,92,0,0,1.68,5,3,7,7,0,19,1,4,13,17,38,45,125,158,79,2,10,20,1.17,16,3,7,8,88,35,12,7,0,0,2,0.23,0.23,
38,24.05.2026,Udinese,Trasferta,Napoli,0-1,P,Totale,0.37,33,10,3,0,3,267,332,80,3,1,0.23,1,6,7,3,0,16,0,0,3,16,50,32,34,73,47,3,10,30,0.22,9,13,8,14,57,23,11,8,1,0,5,1.68,0.68,
38,24.05.2026,Napoli,Casa,Udinese,1-0,V,1° tempo,1.18,68,7,4,1,3,330,356,93,,,1.58,2,1,5,2,0,12,1,1,7,7,19,37,48,65,74,1,5,20,0.49,7,2,2,3,67,18,5,4,0,0,2,0.23,0.23,
38,24.05.2026,Udinese,Trasferta,Napoli,0-1,P,1° tempo,0.22,32,5,2,0,1,140,167,84,,,0.23,1,2,3,2,0,9,0,0,2,7,22,32,22,41,54,1,4,25,0.11,4,7,5,7,71,13,9,2,1,0,3,1.58,0.58,
38,24.05.2026,Napoli,Casa,Udinese,1-0,V,2° tempo,0.58,67,7,2,1,0,317,344,92,0,0,0.1,3,2,2,5,0,7,0,3,6,10,19,53,77,93,83,1,5,20,0.68,9,1,5,5,100,17,7,3,0,0,0,0,0,
38,24.05.2026,Udinese,Trasferta,Napoli,0-1,P,2° tempo,0.15,33,5,1,0,2,127,165,77,3,1,0,0,4,4,1,0,7,0,0,1,9,28,32,12,32,38,2,6,33,0.11,5,6,3,7,43,10,2,6,0,0,2,0.1,0.1,
38,24.05.2026,Parma,Casa,Sassuolo,1-0,V,Totale,1.12,52,16,3,2,1,335,402,83,2,,1.68,11,2,9,7,0,25,0,1,14,20,38,53,67,98,68,8,18,44,1.09,21,10,5,11,45,44,11,5,0,0,1,0.12,0.12,1
38,24.05.2026,Sassuolo,Trasferta,Parma,0-1,P,Totale,0.91,48,6,1,2,1,320,382,84,2,,0.12,4,1,3,3,1,12,0,2,10,27,54,50,79,106,75,1,7,14,0.53,13,14,6,11,55,38,17,10,0,0,2,1.68,0.68,0
38,24.05.2026,Parma,Casa,Sassuolo,1-0,V,1° tempo,0.66,50,9,1,1,0,160,191,84,2,,0.47,8,0,5,4,0,14,0,0,8,10,15,67,31,47,66,4,12,33,0.39,12,5,2,3,67,22,3,0,0,0,1,0.12,0.12,
38,24.05.2026,Sassuolo,Trasferta,Parma,0-1,P,1° tempo,0.7,50,3,1,1,0,171,195,88,2,,0.12,2,0,2,1,1,8,0,1,5,13,26,50,41,52,79,1,5,20,0.37,7,8,5,8,63,22,12,4,0,0,1,0.47,0.47,
38,24.05.2026,Parma,Casa,Sassuolo,1-0,V,2° tempo,0.46,53,7,2,1,1,175,211,83,,,1.21,3,2,4,3,0,11,0,1,6,10,23,43,36,51,71,4,6,67,0.7,9,5,3,8,38,22,8,5,0,0,0,0,0,1
38,24.05.2026,Sassuolo,Trasferta,Parma,0-1,P,2° tempo,0.21,47,3,0,1,1,149,187,80,,,0,2,1,1,2,0,4,0,1,5,14,28,50,38,54,70,0,2,0,0.16,6,6,1,3,33,16,5,6,0,0,1,1.21,0.21,0
38,24.05.2026,Torino,Casa,Juventus,2-2,N,Totale,0.86,43,12,5,2,6,258,327,79,1,,1.54,3,4,7,5,0,11,0,0,10,27,57,47,56,82,68,6,24,25,0.5,22,10,9,15,60,47,24,2,0,0,2,1.33,-0.67,1
38,24.05.2026,Juventus,Trasferta,Torino,2-2,N,Totale,1.92,57,17,4,5,6,373,440,85,2,,1.33,8,5,12,5,0,33,0,0,10,27,45,60,92,123,75,3,18,17,1.04,15,10,6,12,50,35,23,4,0,0,3,1.54,-0.46,0
38,24.05.2026,Torino,Casa,Juventus,2-2,N,1° tempo,0.34,34,6,0,0,2,99,126,79,,,0,3,3,3,3,0,4,0,0,3,13,24,54,29,43,67,4,13,31,0.25,9,3,6,8,75,18,16,0,0,0,0,0.58,-0.42,
38,24.05.2026,Juventus,Trasferta,Torino,2-2,N,1° tempo,1.3,66,10,1,3,3,237,269,88,,,0.58,5,4,9,1,0,23,0,0,3,18,29,62,57,74,77,2,8,25,0.78,9,3,3,4,75,12,8,1,0,0,0,0,0,
38,24.05.2026,Torino,Casa,Juventus,2-2,N,2° tempo,0.52,54,6,5,2,4,159,201,79,1,,1.54,0,1,4,2,0,7,0,0,7,14,33,42,27,39,69,2,11,18,0.25,13,7,3,7,43,29,8,2,0,0,2,0.75,-0.25,1
38,24.05.2026,Juventus,Trasferta,Torino,2-2,N,2° tempo,0.62,46,7,3,2,3,136,171,80,2,,0.75,3,1,3,4,0,10,0,0,7,9,16,56,35,49,71,1,10,10,0.26,6,7,3,8,38,23,15,3,0,0,3,1.54,-0.46,0
38,24.05.2026,Verona,Casa,Roma,0-2,P,Totale,0.84,33,8,3,1,6,205,272,75,3,1,0.96,2,3,4,4,0,20,1,0,10,26,57,46,45,81,56,5,16,31,0.74,20,12,14,26,54,57,34,11,0,0,5,3.49,1.49,
38,24.05.2026,Roma,Trasferta,Verona,2-0,V,Totale,3.4,67,19,7,5,6,510,580,88,1,0,3.49,7,5,14,5,0,42,0,1,12,16,34,47,116,152,76,5,14,36,2.18,19,10,8,14,57,45,35,8,0,0,3,0.96,0.96,
38,24.05.2026,Verona,Casa,Roma,0-2,P,1° tempo,0.75,25,5,3,1,3,88,113,78,2,,0.96,1,1,3,2,0,5,1,0,5,13,25,52,18,27,67,1,7,14,0.28,6,8,9,20,45,32,27,8,0,0,1,0.2,0.2,
38,24.05.2026,Roma,Trasferta,Verona,2-0,V,1° tempo,0.44,75,8,1,0,4,315,353,89,0,,0.2,4,3,5,3,0,21,0,0,8,9,15,60,82,103,80,2,10,20,0.67,9,5,4,6,67,25,10,2,0,0,3,0.96,0.96,
38,24.05.2026,Verona,Casa,Roma,0-2,P,2° tempo,0.09,42,3,0,0,3,117,159,74,1,1,0,1,2,1,2,0,15,0,0,5,13,32,41,27,54,50,4,9,44,0.46,14,4,5,6,83,25,7,3,0,0,4,3.29,1.29,
38,24.05.2026,Roma,Trasferta,Verona,2-0,V,2° tempo,2.96,58,11,6,5,2,195,227,86,1,0,3.29,3,2,9,2,0,21,0,1,4,7,19,37,34,49,69,3,4,75,1.51,10,5,4,8,50,20,25,6,0,0,0,0,0,