season,team,date,competition,home_away,opponent
1617,Hannover,2016-08-05,2. Bundesliga,A,1. FC Kaiserslautern
1617,Bochum,2016-08-06,2. Bundesliga,H,Union Berlin
1617,Fortuna Dusseldorf,2016-08-06,2. Bundesliga,A,SV Sandhausen
1617,Nurnberg,2016-08-06,2. Bundesliga,A,Dynamo Dresden
1617,Union Berlin,2016-08-06,2. Bundesliga,A,Bochum
1617,Bielefeld,2016-08-07,2. Bundesliga,H,Karlsruher SC
1617,Greuther Furth,2016-08-07,2. Bundesliga,H,TSV 1860 München
1617,Heidenheim,2016-08-07,2. Bundesliga,H,Erzgebirge Aue
1617,St Pauli,2016-08-08,2. Bundesliga,A,Stuttgart
1617,Stuttgart,2016-08-08,2. Bundesliga,H,St Pauli
1617,Fortuna Dusseldorf,2016-08-12,2. Bundesliga,H,Stuttgart
1617,Heidenheim,2016-08-12,2. Bundesliga,A,Nurnberg
1617,Nurnberg,2016-08-12,2. Bundesliga,H,Heidenheim
1617,Stuttgart,2016-08-12,2. Bundesliga,A,Fortuna Dusseldorf
1617,Bochum,2016-08-13,2. Bundesliga,A,Karlsruher SC
1617,St Pauli,2016-08-13,2. Bundesliga,H,Eintracht Braunschweig
1617,Bielefeld,2016-08-14,2. Bundesliga,A,TSV 1860 München
1617,Greuther Furth,2016-08-14,2. Bundesliga,A,Hannover
1617,Hannover,2016-08-14,2. Bundesliga,H,Greuther Furth
1617,Union Berlin,2016-08-15,2. Bundesliga,H,Dynamo Dresden
1617,Bayern Munich,2016-08-26,Bundesliga 2016-17,H,Werder Bremen
1617,Bochum,2016-08-26,2. Bundesliga,H,Hannover
1617,Hannover,2016-08-26,2. Bundesliga,A,Bochum
1617,Heidenheim,2016-08-26,2. Bundesliga,H,Würzburger Kickers
1617,Stuttgart,2016-08-26,2. Bundesliga,A,SV Sandhausen
1617,Werder Bremen,2016-08-26,Bundesliga 2016-17,A,Bayern Munich
1617,Augsburg,2016-08-27,Bundesliga 2016-17,H,Wolfsburg
1617,Darmstadt,2016-08-27,Bundesliga 2016-17,A,FC Koln
1617,Dortmund,2016-08-27,Bundesliga 2016-17,H,Mainz
1617,Ein Frankfurt,2016-08-27,Bundesliga 2016-17,H,Schalke 04
1617,FC Koln,2016-08-27,Bundesliga 2016-17,H,Darmstadt
1617,Greuther Furth,2016-08-27,2. Bundesliga,H,Erzgebirge Aue
1617,Hamburg,2016-08-27,Bundesliga 2016-17,H,FC Ingolstadt 04
1617,Leverkusen,2016-08-27,Bundesliga 2016-17,A,M'gladbach
1617,M'gladbach,2016-08-27,Bundesliga 2016-17,H,Leverkusen
1617,Mainz,2016-08-27,Bundesliga 2016-17,A,Dortmund
1617,Schalke 04,2016-08-27,Bundesliga 2016-17,A,Ein Frankfurt
1617,Wolfsburg,2016-08-27,Bundesliga 2016-17,A,Augsburg
1617,Bielefeld,2016-08-28,2. Bundesliga,H,Union Berlin
1617,Freiburg,2016-08-28,Bundesliga 2016-17,A,Hertha
1617,Hertha,2016-08-28,Bundesliga 2016-17,H,Freiburg
1617,Hoffenheim,2016-08-28,Bundesliga 2016-17,H,RB Leipzig
1617,Nurnberg,2016-08-28,2. Bundesliga,A,Eintracht Braunschweig
1617,RB Leipzig,2016-08-28,Bundesliga 2016-17,A,Hoffenheim
1617,St Pauli,2016-08-28,2. Bundesliga,A,Dynamo Dresden
1617,Union Berlin,2016-08-28,2. Bundesliga,A,Bielefeld
1617,Fortuna Dusseldorf,2016-08-29,2. Bundesliga,A,1. FC Kaiserslautern
1617,Bayern Munich,2016-09-09,Bundesliga 2016-17,A,Schalke 04
1617,Bochum,2016-09-09,2. Bundesliga,A,Würzburger Kickers
1617,Heidenheim,2016-09-09,2. Bundesliga,A,Stuttgart
1617,Schalke 04,2016-09-09,Bundesliga 2016-17,H,Bayern Munich
1617,Stuttgart,2016-09-09,2. Bundesliga,H,Heidenheim
1617,Bielefeld,2016-09-10,2. Bundesliga,A,St Pauli
1617,Darmstadt,2016-09-10,Bundesliga 2016-17,H,Ein Frankfurt
1617,Dortmund,2016-09-10,Bundesliga 2016-17,A,RB Leipzig
1617,Ein Frankfurt,2016-09-10,Bundesliga 2016-17,A,Darmstadt
1617,FC Koln,2016-09-10,Bundesliga 2016-17,A,Wolfsburg
1617,Freiburg,2016-09-10,Bundesliga 2016-17,H,M'gladbach
1617,Hamburg,2016-09-10,Bundesliga 2016-17,A,Leverkusen
1617,Hertha,2016-09-10,Bundesliga 2016-17,A,FC Ingolstadt 04
1617,Leverkusen,2016-09-10,Bundesliga 2016-17,H,Hamburg
1617,M'gladbach,2016-09-10,Bundesliga 2016-17,A,Freiburg
1617,RB Leipzig,2016-09-10,Bundesliga 2016-17,H,Dortmund
1617,St Pauli,2016-09-10,2. Bundesliga,H,Bielefeld
1617,Union Berlin,2016-09-10,2. Bundesliga,H,Karlsruher SC
1617,Wolfsburg,2016-09-10,Bundesliga 2016-17,H,FC Koln
1617,Augsburg,2016-09-11,Bundesliga 2016-17,A,Werder Bremen
1617,Fortuna Dusseldorf,2016-09-11,2. Bundesliga,H,Greuther Furth
1617,Greuther Furth,2016-09-11,2. Bundesliga,A,Fortuna Dusseldorf
1617,Hannover,2016-09-11,2. Bundesliga,H,Dynamo Dresden
1617,Hoffenheim,2016-09-11,Bundesliga 2016-17,A,Mainz
1617,Mainz,2016-09-11,Bundesliga 2016-17,H,Hoffenheim
1617,Werder Bremen,2016-09-11,Bundesliga 2016-17,H,Augsburg
1617,Nurnberg,2016-09-12,2. Bundesliga,H,TSV 1860 München
1617,Bochum,2016-09-16,2. Bundesliga,H,Nurnberg
1617,FC Koln,2016-09-16,Bundesliga 2016-17,H,Freiburg
1617,Freiburg,2016-09-16,Bundesliga 2016-17,A,FC Koln
1617,Greuther Furth,2016-09-16,2. Bundesliga,H,Würzburger Kickers
1617,Nurnberg,2016-09-16,2. Bundesliga,A,Bochum
1617,Union Berlin,2016-09-16,2. Bundesliga,A,TSV 1860 München
1617,Bayern Munich,2016-09-17,Bundesliga 2016-17,H,FC Ingolstadt 04
1617,Darmstadt,2016-09-17,Bundesliga 2016-17,A,Dortmund
1617,Dortmund,2016-09-17,Bundesliga 2016-17,H,Darmstadt
1617,Ein Frankfurt,2016-09-17,Bundesliga 2016-17,H,Leverkusen
1617,Fortuna Dusseldorf,2016-09-17,2. Bundesliga,A,Heidenheim
1617,Hamburg,2016-09-17,Bundesliga 2016-17,H,RB Leipzig
1617,Heidenheim,2016-09-17,2. Bundesliga,H,Fortuna Dusseldorf
1617,Hoffenheim,2016-09-17,Bundesliga 2016-17,H,Wolfsburg
1617,Leverkusen,2016-09-17,Bundesliga 2016-17,A,Ein Frankfurt
1617,M'gladbach,2016-09-17,Bundesliga 2016-17,H,Werder Bremen
1617,RB Leipzig,2016-09-17,Bundesliga 2016-17,A,Hamburg
1617,Stuttgart,2016-09-17,2. Bundesliga,A,1. FC Kaiserslautern
1617,Werder Bremen,2016-09-17,Bundesliga 2016-17,A,M'gladbach
1617,Wolfsburg,2016-09-17,Bundesliga 2016-17,A,Hoffenheim
1617,Augsburg,2016-09-18,Bundesliga 2016-17,H,Mainz
1617,Bielefeld,2016-09-18,2. Bundesliga,H,Hannover
1617,Hannover,2016-09-18,2. Bundesliga,A,Bielefeld
1617,Hertha,2016-09-18,Bundesliga 2016-17,H,Schalke 04
1617,Mainz,2016-09-18,Bundesliga 2016-17,A,Augsburg
1617,Schalke 04,2016-09-18,Bundesliga 2016-17,A,Hertha
1617,St Pauli,2016-09-18,2. Bundesliga,A,Karlsruher SC
1617,Bochum,2016-09-20,2. Bundesliga,A,Fortuna Dusseldorf
1617,Darmstadt,2016-09-20,Bundesliga 2016-17,H,Hoffenheim
1617,Dortmund,2016-09-20,Bundesliga 2016-17,A,Wolfsburg
1617,Ein Frankfurt,2016-09-20,Bundesliga 2016-17,A,FC Ingolstadt 04
1617,Fortuna Dusseldorf,2016-09-20,2. Bundesliga,H,Bochum
1617,Freiburg,2016-09-20,Bundesliga 2016-17,H,Hamburg
1617,Greuther Furth,2016-09-20,2. Bundesliga,A,Nurnberg
1617,Hamburg,2016-09-20,Bundesliga 2016-17,A,Freiburg
1617,Heidenheim,2016-09-20,2. Bundesliga,A,SV Sandhausen
1617,Hoffenheim,2016-09-20,Bundesliga 2016-17,A,Darmstadt
1617,Nurnberg,2016-09-20,2. Bundesliga,H,Greuther Furth
1617,Stuttgart,2016-09-20,2. Bundesliga,H,Eintracht Braunschweig
1617,Wolfsburg,2016-09-20,Bundesliga 2016-17,H,Dortmund
1617,Augsburg,2016-09-21,Bundesliga 2016-17,A,Leverkusen
1617,Bayern Munich,2016-09-21,Bundesliga 2016-17,H,Hertha
1617,Bielefeld,2016-09-21,2. Bundesliga,A,Erzgebirge Aue
1617,FC Koln,2016-09-21,Bundesliga 2016-17,A,Schalke 04
1617,Hannover,2016-09-21,2. Bundesliga,H,Karlsruher SC
1617,Hertha,2016-09-21,Bundesliga 2016-17,A,Bayern Munich
1617,Leverkusen,2016-09-21,Bundesliga 2016-17,H,Augsburg
1617,M'gladbach,2016-09-21,Bundesliga 2016-17,A,RB Leipzig
1617,Mainz,2016-09-21,Bundesliga 2016-17,A,Werder Bremen
1617,RB Leipzig,2016-09-21,Bundesliga 2016-17,H,M'gladbach
1617,Schalke 04,2016-09-21,Bundesliga 2016-17,H,FC Koln
1617,Union Berlin,2016-09-21,2. Bundesliga,A,Würzburger Kickers
1617,Werder Bremen,2016-09-21,Bundesliga 2016-17,H,Mainz
1617,St Pauli,2016-09-22,2. Bundesliga,H,TSV 1860 München
1617,Bochum,2016-09-23,2. Bundesliga,H,Stuttgart
1617,Dortmund,2016-09-23,Bundesliga 2016-17,H,Freiburg
1617,Fortuna Dusseldorf,2016-09-23,2. Bundesliga,A,Eintracht Braunschweig
1617,Freiburg,2016-09-23,Bundesliga 2016-17,A,Dortmund
1617,Greuther Furth,2016-09-23,2. Bundesliga,H,SV Sandhausen
1617,Stuttgart,2016-09-23,2. Bundesliga,A,Bochum
1617,Augsburg,2016-09-24,Bundesliga 2016-17,H,Darmstadt
1617,Bayern Munich,2016-09-24,Bundesliga 2016-17,A,Hamburg
1617,Darmstadt,2016-09-24,Bundesliga 2016-17,A,Augsburg
1617,Ein Frankfurt,2016-09-24,Bundesliga 2016-17,H,Hertha
1617,Hamburg,2016-09-24,Bundesliga 2016-17,H,Bayern Munich
1617,Heidenheim,2016-09-24,2. Bundesliga,H,1. FC Kaiserslautern
1617,Hertha,2016-09-24,Bundesliga 2016-17,A,Ein Frankfurt
1617,Leverkusen,2016-09-24,Bundesliga 2016-17,A,Mainz
1617,M'gladbach,2016-09-24,Bundesliga 2016-17,H,FC Ingolstadt 04
1617,Mainz,2016-09-24,Bundesliga 2016-17,H,Leverkusen
1617,Werder Bremen,2016-09-24,Bundesliga 2016-17,H,Wolfsburg
1617,Wolfsburg,2016-09-24,Bundesliga 2016-17,A,Werder Bremen
1617,Bielefeld,2016-09-25,2. Bundesliga,H,Nurnberg
1617,FC Koln,2016-09-25,Bundesliga 2016-17,H,RB Leipzig
1617,Hannover,2016-09-25,2. Bundesliga,A,TSV 1860 München
1617,Hoffenheim,2016-09-25,Bundesliga 2016-17,H,Schalke 04
1617,Nurnberg,2016-09-25,2. Bundesliga,A,Bielefeld
1617,RB Leipzig,2016-09-25,Bundesliga 2016-17,A,FC Koln
1617,Schalke 04,2016-09-25,Bundesliga 2016-17,A,Hoffenheim
1617,St Pauli,2016-09-26,2. Bundesliga,A,Union Berlin
1617,Union Berlin,2016-09-26,2. Bundesliga,H,St Pauli
1617,Augsburg,2016-09-30,Bundesliga 2016-17,A,RB Leipzig
1617,Bochum,2016-09-30,2. Bundesliga,A,Erzgebirge Aue
1617,Nurnberg,2016-09-30,2. Bundesliga,H,Union Berlin
1617,RB Leipzig,2016-09-30,Bundesliga 2016-17,H,Augsburg
1617,Union Berlin,2016-09-30,2. Bundesliga,A,Nurnberg
1617,Bayern Munich,2016-10-01,Bundesliga 2016-17,H,FC Koln
1617,Darmstadt,2016-10-01,Bundesliga 2016-17,H,Werder Bremen
1617,Dortmund,2016-10-01,Bundesliga 2016-17,A,Leverkusen
1617,Ein Frankfurt,2016-10-01,Bundesliga 2016-17,A,Freiburg
1617,FC Koln,2016-10-01,Bundesliga 2016-17,A,Bayern Munich
1617,Fortuna Dusseldorf,2016-10-01,2. Bundesliga,H,Karlsruher SC
1617,Freiburg,2016-10-01,Bundesliga 2016-17,H,Ein Frankfurt
1617,Hamburg,2016-10-01,Bundesliga 2016-17,A,Hertha
1617,Hannover,2016-10-01,2. Bundesliga,H,St Pauli
1617,Hertha,2016-10-01,Bundesliga 2016-17,H,Hamburg
1617,Hoffenheim,2016-10-01,Bundesliga 2016-17,A,FC Ingolstadt 04
1617,Leverkusen,2016-10-01,Bundesliga 2016-17,H,Dortmund
1617,St Pauli,2016-10-01,2. Bundesliga,A,Hannover
1617,Werder Bremen,2016-10-01,Bundesliga 2016-17,A,Darmstadt
1617,Bielefeld,2016-10-02,2. Bundesliga,A,1. FC Kaiserslautern
1617,Heidenheim,2016-10-02,2. Bundesliga,H,Eintracht Braunschweig
1617,M'gladbach,2016-10-02,Bundesliga 2016-17,A,Schalke 04
1617,Mainz,2016-10-02,Bundesliga 2016-17,A,Wolfsburg
1617,Schalke 04,2016-10-02,Bundesliga 2016-17,H,M'gladbach
1617,Wolfsburg,2016-10-02,Bundesliga 2016-17,H,Mainz
1617,Greuther Furth,2016-10-03,2. Bundesliga,A,Stuttgart
1617,Stuttgart,2016-10-03,2. Bundesliga,H,Greuther Furth
1617,Bielefeld,2016-10-14,2. Bundesliga,H,Würzburger Kickers
1617,Bochum,2016-10-14,2. Bundesliga,H,SV Sandhausen
1617,Dortmund,2016-10-14,Bundesliga 2016-17,H,Hertha
1617,Hertha,2016-10-14,Bundesliga 2016-17,A,Dortmund
1617,St Pauli,2016-10-14,2. Bundesliga,H,Erzgebirge Aue
1617,Augsburg,2016-10-15,Bundesliga 2016-17,H,Schalke 04
1617,Bayern Munich,2016-10-15,Bundesliga 2016-17,A,Ein Frankfurt
1617,Ein Frankfurt,2016-10-15,Bundesliga 2016-17,H,Bayern Munich
1617,FC Koln,2016-10-15,Bundesliga 2016-17,H,FC Ingolstadt 04
1617,Freiburg,2016-10-15,Bundesliga 2016-17,A,Hoffenheim
1617,Greuther Furth,2016-10-15,2. Bundesliga,H,Heidenheim
1617,Hamburg,2016-10-15,Bundesliga 2016-17,A,M'gladbach
1617,Heidenheim,2016-10-15,2. Bundesliga,A,Greuther Furth
1617,Hoffenheim,2016-10-15,Bundesliga 2016-17,H,Freiburg
1617,Leverkusen,2016-10-15,Bundesliga 2016-17,A,Werder Bremen
1617,M'gladbach,2016-10-15,Bundesliga 2016-17,H,Hamburg
1617,Schalke 04,2016-10-15,Bundesliga 2016-17,A,Augsburg
1617,Stuttgart,2016-10-15,2. Bundesliga,A,Dynamo Dresden
1617,Werder Bremen,2016-10-15,Bundesliga 2016-17,H,Leverkusen
1617,Darmstadt,2016-10-16,Bundesliga 2016-17,A,Mainz
1617,Fortuna Dusseldorf,2016-10-16,2. Bundesliga,A,TSV 1860 München
1617,Hannover,2016-10-16,2. Bundesliga,A,Union Berlin
1617,Mainz,2016-10-16,Bundesliga 2016-17,H,Darmstadt
1617,Nurnberg,2016-10-16,2. Bundesliga,A,Karlsruher SC
1617,RB Leipzig,2016-10-16,Bundesliga 2016-17,A,Wolfsburg
1617,Union Berlin,2016-10-16,2. Bundesliga,H,Hannover
1617,Wolfsburg,2016-10-16,Bundesliga 2016-17,H,RB Leipzig
1617,Bielefeld,2016-10-21,2. Bundesliga,A,Fortuna Dusseldorf
1617,Ein Frankfurt,2016-10-21,Bundesliga 2016-17,A,Hamburg
1617,Fortuna Dusseldorf,2016-10-21,2. Bundesliga,H,Bielefeld
1617,Hamburg,2016-10-21,Bundesliga 2016-17,H,Ein Frankfurt
1617,Stuttgart,2016-10-21,2. Bundesliga,H,TSV 1860 München
1617,Augsburg,2016-10-22,Bundesliga 2016-17,A,Freiburg
1617,Bayern Munich,2016-10-22,Bundesliga 2016-17,H,M'gladbach
1617,Darmstadt,2016-10-22,Bundesliga 2016-17,H,Wolfsburg
1617,Dortmund,2016-10-22,Bundesliga 2016-17,A,FC Ingolstadt 04
1617,FC Koln,2016-10-22,Bundesliga 2016-17,A,Hertha
1617,Freiburg,2016-10-22,Bundesliga 2016-17,H,Augsburg
1617,Heidenheim,2016-10-22,2. Bundesliga,H,Dynamo Dresden
1617,Hertha,2016-10-22,Bundesliga 2016-17,H,FC Koln
1617,Hoffenheim,2016-10-22,Bundesliga 2016-17,A,Leverkusen
1617,Leverkusen,2016-10-22,Bundesliga 2016-17,H,Hoffenheim
1617,M'gladbach,2016-10-22,Bundesliga 2016-17,A,Bayern Munich
1617,St Pauli,2016-10-22,2. Bundesliga,A,SV Sandhausen
1617,Wolfsburg,2016-10-22,Bundesliga 2016-17,A,Darmstadt
1617,Greuther Furth,2016-10-23,2. Bundesliga,A,Eintracht Braunschweig
1617,Hannover,2016-10-23,2. Bundesliga,A,Nurnberg
1617,Mainz,2016-10-23,Bundesliga 2016-17,A,Schalke 04
1617,Nurnberg,2016-10-23,2. Bundesliga,H,Hannover
1617,RB Leipzig,2016-10-23,Bundesliga 2016-17,H,Werder Bremen
1617,Schalke 04,2016-10-23,Bundesliga 2016-17,H,Mainz
1617,Union Berlin,2016-10-23,2. Bundesliga,A,Erzgebirge Aue
1617,Werder Bremen,2016-10-23,Bundesliga 2016-17,A,RB Leipzig
1617,Bochum,2016-10-24,2. Bundesliga,A,1. FC Kaiserslautern
1617,Bielefeld,2016-10-28,2. Bundesliga,H,SV Sandhausen
1617,Ein Frankfurt,2016-10-28,Bundesliga 2016-17,A,M'gladbach
1617,M'gladbach,2016-10-28,Bundesliga 2016-17,H,Ein Frankfurt
1617,Augsburg,2016-10-29,Bundesliga 2016-17,H,Bayern Munich
1617,Bayern Munich,2016-10-29,Bundesliga 2016-17,A,Augsburg
1617,Darmstadt,2016-10-29,Bundesliga 2016-17,H,RB Leipzig
1617,Dortmund,2016-10-29,Bundesliga 2016-17,H,Schalke 04
1617,Fortuna Dusseldorf,2016-10-29,2. Bundesliga,A,Union Berlin
1617,Freiburg,2016-10-29,Bundesliga 2016-17,A,Werder Bremen
1617,Greuther Furth,2016-10-29,2. Bundesliga,H,1. FC Kaiserslautern
1617,Leverkusen,2016-10-29,Bundesliga 2016-17,A,Wolfsburg
1617,Mainz,2016-10-29,Bundesliga 2016-17,H,FC Ingolstadt 04
1617,RB Leipzig,2016-10-29,Bundesliga 2016-17,A,Darmstadt
1617,Schalke 04,2016-10-29,Bundesliga 2016-17,A,Dortmund
1617,Union Berlin,2016-10-29,2. Bundesliga,H,Fortuna Dusseldorf
1617,Werder Bremen,2016-10-29,Bundesliga 2016-17,H,Freiburg
1617,Wolfsburg,2016-10-29,Bundesliga 2016-17,H,Leverkusen
1617,Bochum,2016-10-30,2. Bundesliga,H,Heidenheim
1617,FC Koln,2016-10-30,Bundesliga 2016-17,H,Hamburg
1617,Hamburg,2016-10-30,Bundesliga 2016-17,A,FC Koln
1617,Hannover,2016-10-30,2. Bundesliga,H,Würzburger Kickers
1617,Heidenheim,2016-10-30,2. Bundesliga,A,Bochum
1617,Hertha,2016-10-30,Bundesliga 2016-17,A,Hoffenheim
1617,Hoffenheim,2016-10-30,Bundesliga 2016-17,H,Hertha
1617,Stuttgart,2016-10-30,2. Bundesliga,A,Karlsruher SC
1617,Nurnberg,2016-10-31,2. Bundesliga,A,St Pauli
1617,St Pauli,2016-10-31,2. Bundesliga,H,Nurnberg
1617,Fortuna Dusseldorf,2016-11-04,2. Bundesliga,H,Dynamo Dresden
1617,Heidenheim,2016-11-04,2. Bundesliga,H,Karlsruher SC
1617,Hertha,2016-11-04,Bundesliga 2016-17,H,M'gladbach
1617,M'gladbach,2016-11-04,Bundesliga 2016-17,A,Hertha
1617,Nurnberg,2016-11-04,2. Bundesliga,A,Erzgebirge Aue
1617,Augsburg,2016-11-05,Bundesliga 2016-17,A,FC Ingolstadt 04
1617,Bayern Munich,2016-11-05,Bundesliga 2016-17,H,Hoffenheim
1617,Bochum,2016-11-05,2. Bundesliga,A,Greuther Furth
1617,Darmstadt,2016-11-05,Bundesliga 2016-17,A,Leverkusen
1617,Dortmund,2016-11-05,Bundesliga 2016-17,A,Hamburg
1617,Ein Frankfurt,2016-11-05,Bundesliga 2016-17,H,FC Koln
1617,FC Koln,2016-11-05,Bundesliga 2016-17,A,Ein Frankfurt
1617,Freiburg,2016-11-05,Bundesliga 2016-17,H,Wolfsburg
1617,Greuther Furth,2016-11-05,2. Bundesliga,H,Bochum
1617,Hamburg,2016-11-05,Bundesliga 2016-17,H,Dortmund
1617,Hoffenheim,2016-11-05,Bundesliga 2016-17,A,Bayern Munich
1617,Leverkusen,2016-11-05,Bundesliga 2016-17,H,Darmstadt
1617,Union Berlin,2016-11-05,2. Bundesliga,A,1. FC Kaiserslautern
1617,Wolfsburg,2016-11-05,Bundesliga 2016-17,A,Freiburg
1617,Bielefeld,2016-11-06,2. Bundesliga,A,Stuttgart
1617,Hannover,2016-11-06,2. Bundesliga,A,Eintracht Braunschweig
1617,Mainz,2016-11-06,Bundesliga 2016-17,A,RB Leipzig
1617,RB Leipzig,2016-11-06,Bundesliga 2016-17,H,Mainz
1617,Schalke 04,2016-11-06,Bundesliga 2016-17,H,Werder Bremen
1617,Stuttgart,2016-11-06,2. Bundesliga,H,Bielefeld
1617,Werder Bremen,2016-11-06,Bundesliga 2016-17,A,Schalke 04
1617,St Pauli,2016-11-07,2. Bundesliga,A,Würzburger Kickers
1617,Bielefeld,2016-11-18,2. Bundesliga,H,Heidenheim
1617,Bochum,2016-11-18,2. Bundesliga,H,Eintracht Braunschweig
1617,Heidenheim,2016-11-18,2. Bundesliga,A,Bielefeld
1617,Leverkusen,2016-11-18,Bundesliga 2016-17,H,RB Leipzig
1617,Nurnberg,2016-11-18,2. Bundesliga,H,Würzburger Kickers
1617,RB Leipzig,2016-11-18,Bundesliga 2016-17,A,Leverkusen
1617,Augsburg,2016-11-19,Bundesliga 2016-17,H,Hertha
1617,Bayern Munich,2016-11-19,Bundesliga 2016-17,A,Dortmund
1617,Darmstadt,2016-11-19,Bundesliga 2016-17,H,FC Ingolstadt 04
1617,Dortmund,2016-11-19,Bundesliga 2016-17,H,Bayern Munich
1617,FC Koln,2016-11-19,Bundesliga 2016-17,A,M'gladbach
1617,Freiburg,2016-11-19,Bundesliga 2016-17,A,Mainz
1617,Hannover,2016-11-19,2. Bundesliga,H,Erzgebirge Aue
1617,Hertha,2016-11-19,Bundesliga 2016-17,A,Augsburg
1617,M'gladbach,2016-11-19,Bundesliga 2016-17,H,FC Koln
1617,Mainz,2016-11-19,Bundesliga 2016-17,H,Freiburg
1617,Schalke 04,2016-11-19,Bundesliga 2016-17,A,Wolfsburg
1617,Wolfsburg,2016-11-19,Bundesliga 2016-17,H,Schalke 04
1617,Ein Frankfurt,2016-11-20,Bundesliga 2016-17,A,Werder Bremen
1617,Fortuna Dusseldorf,2016-11-20,2. Bundesliga,A,St Pauli
1617,Greuther Furth,2016-11-20,2. Bundesliga,A,Dynamo Dresden
1617,Hamburg,2016-11-20,Bundesliga 2016-17,A,Hoffenheim
1617,Hoffenheim,2016-11-20,Bundesliga 2016-17,H,Hamburg
1617,St Pauli,2016-11-20,2. Bundesliga,H,Fortuna Dusseldorf
1617,Stuttgart,2016-11-20,2. Bundesliga,A,Union Berlin
1617,Union Berlin,2016-11-20,2. Bundesliga,H,Stuttgart
1617,Werder Bremen,2016-11-20,Bundesliga 2016-17,H,Ein Frankfurt
1617,Bielefeld,2016-11-25,2. Bundesliga,A,Greuther Furth
1617,Fortuna Dusseldorf,2016-11-25,2. Bundesliga,H,Hannover
1617,Freiburg,2016-11-25,Bundesliga 2016-17,H,RB Leipzig
1617,Greuther Furth,2016-11-25,2. Bundesliga,H,Bielefeld
1617,Hannover,2016-11-25,2. Bundesliga,A,Fortuna Dusseldorf
1617,RB Leipzig,2016-11-25,Bundesliga 2016-17,A,Freiburg
1617,Augsburg,2016-11-26,Bundesliga 2016-17,A,FC Koln
1617,Bayern Munich,2016-11-26,Bundesliga 2016-17,H,Leverkusen
1617,Bochum,2016-11-26,2. Bundesliga,A,Dynamo Dresden
1617,Dortmund,2016-11-26,Bundesliga 2016-17,A,Ein Frankfurt
1617,Ein Frankfurt,2016-11-26,Bundesliga 2016-17,H,Dortmund
1617,FC Koln,2016-11-26,Bundesliga 2016-17,H,Augsburg
1617,Hamburg,2016-11-26,Bundesliga 2016-17,H,Werder Bremen
1617,Heidenheim,2016-11-26,2. Bundesliga,H,St Pauli
1617,Hoffenheim,2016-11-26,Bundesliga 2016-17,A,M'gladbach
1617,Leverkusen,2016-11-26,Bundesliga 2016-17,A,Bayern Munich
1617,M'gladbach,2016-11-26,Bundesliga 2016-17,H,Hoffenheim
1617,St Pauli,2016-11-26,2. Bundesliga,A,Heidenheim
1617,Werder Bremen,2016-11-26,Bundesliga 2016-17,A,Hamburg
1617,Wolfsburg,2016-11-26,Bundesliga 2016-17,A,FC Ingolstadt 04
1617,Darmstadt,2016-11-27,Bundesliga 2016-17,A,Schalke 04
1617,Hertha,2016-11-27,Bundesliga 2016-17,H,Mainz
1617,Mainz,2016-11-27,Bundesliga 2016-17,A,Hertha
1617,Schalke 04,2016-11-27,Bundesliga 2016-17,H,Darmstadt
1617,Union Berlin,2016-11-27,2. Bundesliga,A,SV Sandhausen
1617,Nurnberg,2016-11-28,2. Bundesliga,A,Stuttgart
1617,Stuttgart,2016-11-28,2. Bundesliga,H,Nurnberg
1617,Bayern Munich,2016-12-02,Bundesliga 2016-17,A,Mainz
1617,Greuther Furth,2016-12-02,2. Bundesliga,A,Karlsruher SC
1617,Hannover,2016-12-02,2. Bundesliga,H,Heidenheim
1617,Heidenheim,2016-12-02,2. Bundesliga,A,Hannover
1617,Mainz,2016-12-02,Bundesliga 2016-17,H,Bayern Munich
1617,St Pauli,2016-12-02,2. Bundesliga,H,1. FC Kaiserslautern
1617,Dortmund,2016-12-03,Bundesliga 2016-17,H,M'gladbach
1617,FC Koln,2016-12-03,Bundesliga 2016-17,A,Hoffenheim
1617,Freiburg,2016-12-03,Bundesliga 2016-17,A,Leverkusen
1617,Hertha,2016-12-03,Bundesliga 2016-17,A,Wolfsburg
1617,Hoffenheim,2016-12-03,Bundesliga 2016-17,H,FC Koln
1617,Leverkusen,2016-12-03,Bundesliga 2016-17,H,Freiburg
1617,M'gladbach,2016-12-03,Bundesliga 2016-17,A,Dortmund
1617,Nurnberg,2016-12-03,2. Bundesliga,H,SV Sandhausen
1617,RB Leipzig,2016-12-03,Bundesliga 2016-17,H,Schalke 04
1617,Schalke 04,2016-12-03,Bundesliga 2016-17,A,RB Leipzig
1617,Werder Bremen,2016-12-03,Bundesliga 2016-17,H,FC Ingolstadt 04
1617,Wolfsburg,2016-12-03,Bundesliga 2016-17,H,Hertha
1617,Augsburg,2016-12-04,Bundesliga 2016-17,H,Ein Frankfurt
1617,Bielefeld,2016-12-04,2. Bundesliga,H,Bochum
1617,Bochum,2016-12-04,2. Bundesliga,A,Bielefeld
1617,Darmstadt,2016-12-04,Bundesliga 2016-17,H,Hamburg
1617,Ein Frankfurt,2016-12-04,Bundesliga 2016-17,A,Augsburg
1617,Fortuna Dusseldorf,2016-12-04,2. Bundesliga,A,Würzburger Kickers
1617,Hamburg,2016-12-04,Bundesliga 2016-17,A,Darmstadt
1617,Stuttgart,2016-12-04,2. Bundesliga,A,Erzgebirge Aue
1617,Union Berlin,2016-12-05,2. Bundesliga,H,Eintracht Braunschweig
1617,Ein Frankfurt,2016-12-09,Bundesliga 2016-17,H,Hoffenheim
1617,Fortuna Dusseldorf,2016-12-09,2. Bundesliga,H,Nurnberg
1617,Heidenheim,2016-12-09,2. Bundesliga,H,Union Berlin
1617,Hoffenheim,2016-12-09,Bundesliga 2016-17,A,Ein Frankfurt
1617,Nurnberg,2016-12-09,2. Bundesliga,A,Fortuna Dusseldorf
1617,Union Berlin,2016-12-09,2. Bundesliga,A,Heidenheim
1617,Augsburg,2016-12-10,Bundesliga 2016-17,A,Hamburg
1617,Bayern Munich,2016-12-10,Bundesliga 2016-17,H,Wolfsburg
1617,Bochum,2016-12-10,2. Bundesliga,H,TSV 1860 München
1617,Darmstadt,2016-12-10,Bundesliga 2016-17,A,Freiburg
1617,Dortmund,2016-12-10,Bundesliga 2016-17,A,FC Koln
1617,FC Koln,2016-12-10,Bundesliga 2016-17,H,Dortmund
1617,Freiburg,2016-12-10,Bundesliga 2016-17,H,Darmstadt
1617,Hamburg,2016-12-10,Bundesliga 2016-17,H,Augsburg
1617,Hertha,2016-12-10,Bundesliga 2016-17,H,Werder Bremen
1617,RB Leipzig,2016-12-10,Bundesliga 2016-17,A,FC Ingolstadt 04
1617,Werder Bremen,2016-12-10,Bundesliga 2016-17,A,Hertha
1617,Wolfsburg,2016-12-10,Bundesliga 2016-17,A,Bayern Munich
1617,Bielefeld,2016-12-11,2. Bundesliga,A,Eintracht Braunschweig
1617,Greuther Furth,2016-12-11,2. Bundesliga,H,St Pauli
1617,Leverkusen,2016-12-11,Bundesliga 2016-17,A,Schalke 04
1617,M'gladbach,2016-12-11,Bundesliga 2016-17,H,Mainz
1617,Mainz,2016-12-11,Bundesliga 2016-17,A,M'gladbach
1617,Schalke 04,2016-12-11,Bundesliga 2016-17,H,Leverkusen
1617,St Pauli,2016-12-11,2. Bundesliga,A,Greuther Furth
1617,Hannover,2016-12-12,2. Bundesliga,A,Stuttgart
1617,Stuttgart,2016-12-12,2. Bundesliga,H,Hannover
1617,Dortmund,2016-12-16,Bundesliga 2016-17,A,Hoffenheim
1617,Fortuna Dusseldorf,2016-12-16,2. Bundesliga,A,Erzgebirge Aue
1617,Greuther Furth,2016-12-16,2. Bundesliga,A,Union Berlin
1617,Heidenheim,2016-12-16,2. Bundesliga,A,TSV 1860 München
1617,Hoffenheim,2016-12-16,Bundesliga 2016-17,H,Dortmund
1617,Union Berlin,2016-12-16,2. Bundesliga,H,Greuther Furth
1617,Augsburg,2016-12-17,Bundesliga 2016-17,H,M'gladbach
1617,Bochum,2016-12-17,2. Bundesliga,A,St Pauli
1617,Ein Frankfurt,2016-12-17,Bundesliga 2016-17,A,Wolfsburg
1617,FC Koln,2016-12-17,Bundesliga 2016-17,A,Werder Bremen
1617,Freiburg,2016-12-17,Bundesliga 2016-17,A,Schalke 04
1617,Hamburg,2016-12-17,Bundesliga 2016-17,A,Mainz
1617,Hertha,2016-12-17,Bundesliga 2016-17,A,RB Leipzig
1617,M'gladbach,2016-12-17,Bundesliga 2016-17,A,Augsburg
1617,Mainz,2016-12-17,Bundesliga 2016-17,H,Hamburg
1617,RB Leipzig,2016-12-17,Bundesliga 2016-17,H,Hertha
1617,Schalke 04,2016-12-17,Bundesliga 2016-17,H,Freiburg
1617,St Pauli,2016-12-17,2. Bundesliga,H,Bochum
1617,Werder Bremen,2016-12-17,Bundesliga 2016-17,H,FC Koln
1617,Wolfsburg,2016-12-17,Bundesliga 2016-17,H,Ein Frankfurt
1617,Bayern Munich,2016-12-18,Bundesliga 2016-17,A,Darmstadt
1617,Bielefeld,2016-12-18,2. Bundesliga,H,Dynamo Dresden
1617,Darmstadt,2016-12-18,Bundesliga 2016-17,H,Bayern Munich
1617,Hannover,2016-12-18,2. Bundesliga,H,SV Sandhausen
1617,Leverkusen,2016-12-18,Bundesliga 2016-17,H,FC Ingolstadt 04
1617,Stuttgart,2016-12-18,2. Bundesliga,A,Würzburger Kickers
1617,Nurnberg,2016-12-19,2. Bundesliga,H,1. FC Kaiserslautern
1617,Augsburg,2016-12-20,Bundesliga 2016-17,A,Dortmund
1617,Dortmund,2016-12-20,Bundesliga 2016-17,H,Augsburg
1617,Ein Frankfurt,2016-12-20,Bundesliga 2016-17,H,Mainz
1617,Hamburg,2016-12-20,Bundesliga 2016-17,H,Schalke 04
1617,M'gladbach,2016-12-20,Bundesliga 2016-17,H,Wolfsburg
1617,Mainz,2016-12-20,Bundesliga 2016-17,A,Ein Frankfurt
1617,Schalke 04,2016-12-20,Bundesliga 2016-17,A,Hamburg
1617,Wolfsburg,2016-12-20,Bundesliga 2016-17,A,M'gladbach
1617,Bayern Munich,2016-12-21,Bundesliga 2016-17,H,RB Leipzig
1617,Darmstadt,2016-12-21,Bundesliga 2016-17,A,Hertha
1617,FC Koln,2016-12-21,Bundesliga 2016-17,H,Leverkusen
1617,Freiburg,2016-12-21,Bundesliga 2016-17,A,FC Ingolstadt 04
1617,Hertha,2016-12-21,Bundesliga 2016-17,H,Darmstadt
1617,Hoffenheim,2016-12-21,Bundesliga 2016-17,H,Werder Bremen
1617,Leverkusen,2016-12-21,Bundesliga 2016-17,A,FC Koln
1617,RB Leipzig,2016-12-21,Bundesliga 2016-17,A,Bayern Munich
1617,Werder Bremen,2016-12-21,Bundesliga 2016-17,A,Hoffenheim
1617,Bayern Munich,2017-01-20,Bundesliga 2016-17,A,Freiburg
1617,Freiburg,2017-01-20,Bundesliga 2016-17,H,Bayern Munich
1617,Augsburg,2017-01-21,Bundesliga 2016-17,H,Hoffenheim
1617,Darmstadt,2017-01-21,Bundesliga 2016-17,H,M'gladbach
1617,Dortmund,2017-01-21,Bundesliga 2016-17,A,Werder Bremen
1617,Ein Frankfurt,2017-01-21,Bundesliga 2016-17,A,RB Leipzig
1617,Hamburg,2017-01-21,Bundesliga 2016-17,A,Wolfsburg
1617,Hoffenheim,2017-01-21,Bundesliga 2016-17,A,Augsburg
1617,M'gladbach,2017-01-21,Bundesliga 2016-17,A,Darmstadt
1617,RB Leipzig,2017-01-21,Bundesliga 2016-17,H,Ein Frankfurt
1617,Schalke 04,2017-01-21,Bundesliga 2016-17,H,FC Ingolstadt 04
1617,Werder Bremen,2017-01-21,Bundesliga 2016-17,H,Dortmund
1617,Wolfsburg,2017-01-21,Bundesliga 2016-17,H,Hamburg
1617,FC Koln,2017-01-22,Bundesliga 2016-17,A,Mainz
1617,Hertha,2017-01-22,Bundesliga 2016-17,A,Leverkusen
1617,Leverkusen,2017-01-22,Bundesliga 2016-17,H,Hertha
1617,Mainz,2017-01-22,Bundesliga 2016-17,H,FC Koln
1617,Bochum,2017-01-27,2. Bundesliga,A,Union Berlin
1617,Ein Frankfurt,2017-01-27,Bundesliga 2016-17,A,Schalke 04
1617,Fortuna Dusseldorf,2017-01-27,2. Bundesliga,H,SV Sandhausen
1617,Greuther Furth,2017-01-27,2. Bundesliga,A,TSV 1860 München
1617,Schalke 04,2017-01-27,Bundesliga 2016-17,H,Ein Frankfurt
1617,Union Berlin,2017-01-27,2. Bundesliga,H,Bochum
1617,Augsburg,2017-01-28,Bundesliga 2016-17,A,Wolfsburg
1617,Bayern Munich,2017-01-28,Bundesliga 2016-17,A,Werder Bremen
1617,Darmstadt,2017-01-28,Bundesliga 2016-17,H,FC Koln
1617,FC Koln,2017-01-28,Bundesliga 2016-17,A,Darmstadt
1617,Hamburg,2017-01-28,Bundesliga 2016-17,A,FC Ingolstadt 04
1617,Heidenheim,2017-01-28,2. Bundesliga,A,Erzgebirge Aue
1617,Hoffenheim,2017-01-28,Bundesliga 2016-17,A,RB Leipzig
1617,Leverkusen,2017-01-28,Bundesliga 2016-17,H,M'gladbach
1617,M'gladbach,2017-01-28,Bundesliga 2016-17,A,Leverkusen
1617,RB Leipzig,2017-01-28,Bundesliga 2016-17,H,Hoffenheim
1617,Werder Bremen,2017-01-28,Bundesliga 2016-17,H,Bayern Munich
1617,Wolfsburg,2017-01-28,Bundesliga 2016-17,H,Augsburg
1617,Bielefeld,2017-01-29,2. Bundesliga,A,Karlsruher SC
1617,Dortmund,2017-01-29,Bundesliga 2016-17,A,Mainz
1617,Freiburg,2017-01-29,Bundesliga 2016-17,H,Hertha
1617,Hertha,2017-01-29,Bundesliga 2016-17,A,Freiburg
1617,Mainz,2017-01-29,Bundesliga 2016-17,H,Dortmund
1617,Nurnberg,2017-01-29,2. Bundesliga,H,Dynamo Dresden
1617,St Pauli,2017-01-29,2. Bundesliga,H,Stuttgart
1617,Stuttgart,2017-01-29,2. Bundesliga,A,St Pauli
1617,Hannover,2017-01-30,2. Bundesliga,H,1. FC Kaiserslautern
1617,Bielefeld,2017-02-03,2. Bundesliga,H,TSV 1860 München
1617,Greuther Furth,2017-02-03,2. Bundesliga,H,Hannover
1617,Hamburg,2017-02-03,Bundesliga 2016-17,H,Leverkusen
1617,Hannover,2017-02-03,2. Bundesliga,A,Greuther Furth
1617,Leverkusen,2017-02-03,Bundesliga 2016-17,A,Hamburg
1617,Bayern Munich,2017-02-04,Bundesliga 2016-17,H,Schalke 04
1617,Dortmund,2017-02-04,Bundesliga 2016-17,H,RB Leipzig
1617,FC Koln,2017-02-04,Bundesliga 2016-17,H,Wolfsburg
1617,Freiburg,2017-02-04,Bundesliga 2016-17,A,M'gladbach
1617,Heidenheim,2017-02-04,2. Bundesliga,H,Nurnberg
1617,Hertha,2017-02-04,Bundesliga 2016-17,H,FC Ingolstadt 04
1617,Hoffenheim,2017-02-04,Bundesliga 2016-17,H,Mainz
1617,M'gladbach,2017-02-04,Bundesliga 2016-17,H,Freiburg
1617,Mainz,2017-02-04,Bundesliga 2016-17,A,Hoffenheim
1617,Nurnberg,2017-02-04,2. Bundesliga,A,Heidenheim
1617,RB Leipzig,2017-02-04,Bundesliga 2016-17,A,Dortmund
1617,Schalke 04,2017-02-04,Bundesliga 2016-17,A,Bayern Munich
1617,Wolfsburg,2017-02-04,Bundesliga 2016-17,A,FC Koln
1617,Augsburg,2017-02-05,Bundesliga 2016-17,H,Werder Bremen
1617,Bochum,2017-02-05,2. Bundesliga,H,Karlsruher SC
1617,Darmstadt,2017-02-05,Bundesliga 2016-17,A,Ein Frankfurt
1617,Ein Frankfurt,2017-02-05,Bundesliga 2016-17,H,Darmstadt
1617,St Pauli,2017-02-05,2. Bundesliga,A,Eintracht Braunschweig
1617,Union Berlin,2017-02-05,2. Bundesliga,A,Dynamo Dresden
1617,Werder Bremen,2017-02-05,Bundesliga 2016-17,A,Augsburg
1617,Fortuna Dusseldorf,2017-02-06,2. Bundesliga,A,Stuttgart
1617,Stuttgart,2017-02-06,2. Bundesliga,H,Fortuna Dusseldorf
1617,Augsburg,2017-02-10,Bundesliga 2016-17,A,Mainz
1617,Fortuna Dusseldorf,2017-02-10,2. Bundesliga,H,1. FC Kaiserslautern
1617,Greuther Furth,2017-02-10,2. Bundesliga,A,Erzgebirge Aue
1617,Mainz,2017-02-10,Bundesliga 2016-17,H,Augsburg
1617,Nurnberg,2017-02-10,2. Bundesliga,H,Eintracht Braunschweig
1617,Bayern Munich,2017-02-11,Bundesliga 2016-17,A,FC Ingolstadt 04
1617,Darmstadt,2017-02-11,Bundesliga 2016-17,H,Dortmund
1617,Dortmund,2017-02-11,Bundesliga 2016-17,A,Darmstadt
1617,Ein Frankfurt,2017-02-11,Bundesliga 2016-17,A,Leverkusen
1617,Hamburg,2017-02-11,Bundesliga 2016-17,A,RB Leipzig
1617,Heidenheim,2017-02-11,2. Bundesliga,A,Würzburger Kickers
1617,Hertha,2017-02-11,Bundesliga 2016-17,A,Schalke 04
1617,Leverkusen,2017-02-11,Bundesliga 2016-17,H,Ein Frankfurt
1617,M'gladbach,2017-02-11,Bundesliga 2016-17,A,Werder Bremen
1617,RB Leipzig,2017-02-11,Bundesliga 2016-17,H,Hamburg
1617,Schalke 04,2017-02-11,Bundesliga 2016-17,H,Hertha
1617,Werder Bremen,2017-02-11,Bundesliga 2016-17,H,M'gladbach
1617,Bielefeld,2017-02-12,2. Bundesliga,A,Union Berlin
1617,FC Koln,2017-02-12,Bundesliga 2016-17,A,Freiburg
1617,Freiburg,2017-02-12,Bundesliga 2016-17,H,FC Koln
1617,Hoffenheim,2017-02-12,Bundesliga 2016-17,A,Wolfsburg
1617,St Pauli,2017-02-12,2. Bundesliga,H,Dynamo Dresden
1617,Stuttgart,2017-02-12,2. Bundesliga,H,SV Sandhausen
1617,Union Berlin,2017-02-12,2. Bundesliga,H,Bielefeld
1617,Wolfsburg,2017-02-12,Bundesliga 2016-17,H,Hoffenheim
1617,Bochum,2017-02-13,2. Bundesliga,A,Hannover
1617,Hannover,2017-02-13,2. Bundesliga,H,Bochum
1617,Augsburg,2017-02-17,Bundesliga 2016-17,H,Leverkusen
1617,Heidenheim,2017-02-17,2. Bundesliga,H,Stuttgart
1617,Leverkusen,2017-02-17,Bundesliga 2016-17,A,Augsburg
1617,Stuttgart,2017-02-17,2. Bundesliga,A,Heidenheim
1617,Bayern Munich,2017-02-18,Bundesliga 2016-17,A,Hertha
1617,Bochum,2017-02-18,2. Bundesliga,H,Würzburger Kickers
1617,Darmstadt,2017-02-18,Bundesliga 2016-17,A,Hoffenheim
1617,Dortmund,2017-02-18,Bundesliga 2016-17,H,Wolfsburg
1617,Ein Frankfurt,2017-02-18,Bundesliga 2016-17,H,FC Ingolstadt 04
1617,Fortuna Dusseldorf,2017-02-18,2. Bundesliga,A,Greuther Furth
1617,Freiburg,2017-02-18,Bundesliga 2016-17,A,Hamburg
1617,Greuther Furth,2017-02-18,2. Bundesliga,H,Fortuna Dusseldorf
1617,Hamburg,2017-02-18,Bundesliga 2016-17,H,Freiburg
1617,Hertha,2017-02-18,Bundesliga 2016-17,H,Bayern Munich
1617,Hoffenheim,2017-02-18,Bundesliga 2016-17,H,Darmstadt
1617,Mainz,2017-02-18,Bundesliga 2016-17,H,Werder Bremen
1617,Werder Bremen,2017-02-18,Bundesliga 2016-17,A,Mainz
1617,Wolfsburg,2017-02-18,Bundesliga 2016-17,A,Dortmund
1617,Bielefeld,2017-02-19,2. Bundesliga,H,St Pauli
1617,FC Koln,2017-02-19,Bundesliga 2016-17,H,Schalke 04
1617,Hannover,2017-02-19,2. Bundesliga,A,Dynamo Dresden
1617,M'gladbach,2017-02-19,Bundesliga 2016-17,H,RB Leipzig
1617,RB Leipzig,2017-02-19,Bundesliga 2016-17,A,M'gladbach
1617,Schalke 04,2017-02-19,Bundesliga 2016-17,A,FC Koln
1617,St Pauli,2017-02-19,2. Bundesliga,A,Bielefeld
1617,Union Berlin,2017-02-19,2. Bundesliga,A,Karlsruher SC
1617,Nurnberg,2017-02-20,2. Bundesliga,A,TSV 1860 München
1617,Greuther Furth,2017-02-24,2. Bundesliga,A,Würzburger Kickers
1617,Union Berlin,2017-02-24,2. Bundesliga,H,TSV 1860 München
1617,Werder Bremen,2017-02-24,Bundesliga 2016-17,A,Wolfsburg
1617,Wolfsburg,2017-02-24,Bundesliga 2016-17,H,Werder Bremen
1617,Augsburg,2017-02-25,Bundesliga 2016-17,A,Darmstadt
1617,Bayern Munich,2017-02-25,Bundesliga 2016-17,H,Hamburg
1617,Bielefeld,2017-02-25,2. Bundesliga,A,Hannover
1617,Darmstadt,2017-02-25,Bundesliga 2016-17,H,Augsburg
1617,Dortmund,2017-02-25,Bundesliga 2016-17,A,Freiburg
1617,Ein Frankfurt,2017-02-25,Bundesliga 2016-17,A,Hertha
1617,FC Koln,2017-02-25,Bundesliga 2016-17,A,RB Leipzig
1617,Fortuna Dusseldorf,2017-02-25,2. Bundesliga,H,Heidenheim
1617,Freiburg,2017-02-25,Bundesliga 2016-17,H,Dortmund
1617,Hamburg,2017-02-25,Bundesliga 2016-17,A,Bayern Munich
1617,Hannover,2017-02-25,2. Bundesliga,H,Bielefeld
1617,Heidenheim,2017-02-25,2. Bundesliga,A,Fortuna Dusseldorf
1617,Hertha,2017-02-25,Bundesliga 2016-17,H,Ein Frankfurt
1617,Leverkusen,2017-02-25,Bundesliga 2016-17,H,Mainz
1617,Mainz,2017-02-25,Bundesliga 2016-17,A,Leverkusen
1617,RB Leipzig,2017-02-25,Bundesliga 2016-17,H,FC Koln
1617,Bochum,2017-02-26,2. Bundesliga,A,Nurnberg
1617,Hoffenheim,2017-02-26,Bundesliga 2016-17,A,Schalke 04
1617,M'gladbach,2017-02-26,Bundesliga 2016-17,A,FC Ingolstadt 04
1617,Nurnberg,2017-02-26,2. Bundesliga,H,Bochum
1617,Schalke 04,2017-02-26,Bundesliga 2016-17,H,Hoffenheim
1617,Stuttgart,2017-02-26,2. Bundesliga,H,1. FC Kaiserslautern
1617,St Pauli,2017-02-27,2. Bundesliga,H,Karlsruher SC
1617,Augsburg,2017-03-03,Bundesliga 2016-17,H,RB Leipzig
1617,Bochum,2017-03-03,2. Bundesliga,H,Fortuna Dusseldorf
1617,Fortuna Dusseldorf,2017-03-03,2. Bundesliga,A,Bochum
1617,RB Leipzig,2017-03-03,Bundesliga 2016-17,A,Augsburg
1617,Union Berlin,2017-03-03,2. Bundesliga,H,Würzburger Kickers
1617,Bayern Munich,2017-03-04,Bundesliga 2016-17,A,FC Koln
1617,Darmstadt,2017-03-04,Bundesliga 2016-17,A,Werder Bremen
1617,Dortmund,2017-03-04,Bundesliga 2016-17,H,Leverkusen
1617,FC Koln,2017-03-04,Bundesliga 2016-17,H,Bayern Munich
1617,Hannover,2017-03-04,2. Bundesliga,A,Karlsruher SC
1617,Hoffenheim,2017-03-04,Bundesliga 2016-17,H,FC Ingolstadt 04
1617,Leverkusen,2017-03-04,Bundesliga 2016-17,A,Dortmund
1617,M'gladbach,2017-03-04,Bundesliga 2016-17,H,Schalke 04
1617,Mainz,2017-03-04,Bundesliga 2016-17,H,Wolfsburg
1617,Schalke 04,2017-03-04,Bundesliga 2016-17,A,M'gladbach
1617,St Pauli,2017-03-04,2. Bundesliga,A,TSV 1860 München
1617,Werder Bremen,2017-03-04,Bundesliga 2016-17,H,Darmstadt
1617,Wolfsburg,2017-03-04,Bundesliga 2016-17,A,Mainz
1617,Bielefeld,2017-03-05,2. Bundesliga,H,Erzgebirge Aue
1617,Ein Frankfurt,2017-03-05,Bundesliga 2016-17,H,Freiburg
1617,Freiburg,2017-03-05,Bundesliga 2016-17,A,Ein Frankfurt
1617,Greuther Furth,2017-03-05,2. Bundesliga,H,Nurnberg
1617,Hamburg,2017-03-05,Bundesliga 2016-17,H,Hertha
1617,Heidenheim,2017-03-05,2. Bundesliga,H,SV Sandhausen
1617,Hertha,2017-03-05,Bundesliga 2016-17,A,Hamburg
1617,Nurnberg,2017-03-05,2. Bundesliga,A,Greuther Furth
1617,Stuttgart,2017-03-06,2. Bundesliga,A,Eintracht Braunschweig
1617,Bochum,2017-03-10,2. Bundesliga,A,Stuttgart
1617,Leverkusen,2017-03-10,Bundesliga 2016-17,H,Werder Bremen
1617,St Pauli,2017-03-10,2. Bundesliga,H,Union Berlin
1617,Stuttgart,2017-03-10,2. Bundesliga,H,Bochum
1617,Union Berlin,2017-03-10,2. Bundesliga,A,St Pauli
1617,Werder Bremen,2017-03-10,Bundesliga 2016-17,A,Leverkusen
1617,Bayern Munich,2017-03-11,Bundesliga 2016-17,H,Ein Frankfurt
1617,Darmstadt,2017-03-11,Bundesliga 2016-17,H,Mainz
1617,Dortmund,2017-03-11,Bundesliga 2016-17,A,Hertha
1617,Ein Frankfurt,2017-03-11,Bundesliga 2016-17,A,Bayern Munich
1617,FC Koln,2017-03-11,Bundesliga 2016-17,A,FC Ingolstadt 04
1617,Freiburg,2017-03-11,Bundesliga 2016-17,H,Hoffenheim
1617,Hannover,2017-03-11,2. Bundesliga,H,TSV 1860 München
1617,Hertha,2017-03-11,Bundesliga 2016-17,H,Dortmund
1617,Hoffenheim,2017-03-11,Bundesliga 2016-17,A,Freiburg
1617,Mainz,2017-03-11,Bundesliga 2016-17,A,Darmstadt
1617,RB Leipzig,2017-03-11,Bundesliga 2016-17,H,Wolfsburg
1617,Wolfsburg,2017-03-11,Bundesliga 2016-17,A,RB Leipzig
1617,Augsburg,2017-03-12,Bundesliga 2016-17,A,Schalke 04
1617,Bielefeld,2017-03-12,2. Bundesliga,A,Nurnberg
1617,Greuther Furth,2017-03-12,2. Bundesliga,A,SV Sandhausen
1617,Hamburg,2017-03-12,Bundesliga 2016-17,H,M'gladbach
1617,Heidenheim,2017-03-12,2. Bundesliga,A,1. FC Kaiserslautern
1617,M'gladbach,2017-03-12,Bundesliga 2016-17,A,Hamburg
1617,Nurnberg,2017-03-12,2. Bundesliga,H,Bielefeld
1617,Schalke 04,2017-03-12,Bundesliga 2016-17,H,Augsburg
1617,Fortuna Dusseldorf,2017-03-13,2. Bundesliga,H,Eintracht Braunschweig
1617,Bielefeld,2017-03-17,2. Bundesliga,H,1. FC Kaiserslautern
1617,Dortmund,2017-03-17,Bundesliga 2016-17,H,FC Ingolstadt 04
1617,Heidenheim,2017-03-17,2. Bundesliga,A,Eintracht Braunschweig
1617,Augsburg,2017-03-18,Bundesliga 2016-17,H,Freiburg
1617,Darmstadt,2017-03-18,Bundesliga 2016-17,A,Wolfsburg
1617,Ein Frankfurt,2017-03-18,Bundesliga 2016-17,H,Hamburg
1617,FC Koln,2017-03-18,Bundesliga 2016-17,H,Hertha
1617,Freiburg,2017-03-18,Bundesliga 2016-17,A,Augsburg
1617,Greuther Furth,2017-03-18,2. Bundesliga,H,Stuttgart
1617,Hamburg,2017-03-18,Bundesliga 2016-17,A,Ein Frankfurt
1617,Hannover,2017-03-18,2. Bundesliga,A,St Pauli
1617,Hertha,2017-03-18,Bundesliga 2016-17,A,FC Koln
1617,Hoffenheim,2017-03-18,Bundesliga 2016-17,H,Leverkusen
1617,Leverkusen,2017-03-18,Bundesliga 2016-17,A,Hoffenheim
1617,RB Leipzig,2017-03-18,Bundesliga 2016-17,A,Werder Bremen
1617,St Pauli,2017-03-18,2. Bundesliga,H,Hannover
1617,Stuttgart,2017-03-18,2. Bundesliga,A,Greuther Furth
1617,Werder Bremen,2017-03-18,Bundesliga 2016-17,H,RB Leipzig
1617,Wolfsburg,2017-03-18,Bundesliga 2016-17,H,Darmstadt
1617,Bayern Munich,2017-03-19,Bundesliga 2016-17,A,M'gladbach
1617,Bochum,2017-03-19,2. Bundesliga,H,Erzgebirge Aue
1617,Fortuna Dusseldorf,2017-03-19,2. Bundesliga,A,Karlsruher SC
1617,M'gladbach,2017-03-19,Bundesliga 2016-17,H,Bayern Munich
1617,Mainz,2017-03-19,Bundesliga 2016-17,H,Schalke 04
1617,Schalke 04,2017-03-19,Bundesliga 2016-17,A,Mainz
1617,Nurnberg,2017-03-20,2. Bundesliga,A,Union Berlin
1617,Union Berlin,2017-03-20,2. Bundesliga,H,Nurnberg
1617,Fortuna Dusseldorf,2017-03-31,2. Bundesliga,H,TSV 1860 München
1617,Hertha,2017-03-31,Bundesliga 2016-17,H,Hoffenheim
1617,Hoffenheim,2017-03-31,Bundesliga 2016-17,A,Hertha
1617,Nurnberg,2017-03-31,2. Bundesliga,H,Karlsruher SC
1617,St Pauli,2017-03-31,2. Bundesliga,A,Erzgebirge Aue
1617,Augsburg,2017-04-01,Bundesliga 2016-17,A,Bayern Munich
1617,Bayern Munich,2017-04-01,Bundesliga 2016-17,H,Augsburg
1617,Bielefeld,2017-04-01,2. Bundesliga,A,Würzburger Kickers
1617,Bochum,2017-04-01,2. Bundesliga,A,SV Sandhausen
1617,Darmstadt,2017-04-01,Bundesliga 2016-17,A,RB Leipzig
1617,Dortmund,2017-04-01,Bundesliga 2016-17,A,Schalke 04
1617,Ein Frankfurt,2017-04-01,Bundesliga 2016-17,H,M'gladbach
1617,FC Koln,2017-04-01,Bundesliga 2016-17,A,Hamburg
1617,Freiburg,2017-04-01,Bundesliga 2016-17,H,Werder Bremen
1617,Hamburg,2017-04-01,Bundesliga 2016-17,H,FC Koln
1617,Hannover,2017-04-01,2. Bundesliga,H,Union Berlin
1617,M'gladbach,2017-04-01,Bundesliga 2016-17,A,Ein Frankfurt
1617,RB Leipzig,2017-04-01,Bundesliga 2016-17,H,Darmstadt
1617,Schalke 04,2017-04-01,Bundesliga 2016-17,H,Dortmund
1617,Union Berlin,2017-04-01,2. Bundesliga,A,Hannover
1617,Werder Bremen,2017-04-01,Bundesliga 2016-17,A,Freiburg
1617,Greuther Furth,2017-04-02,2. Bundesliga,A,Heidenheim
1617,Heidenheim,2017-04-02,2. Bundesliga,H,Greuther Furth
1617,Leverkusen,2017-04-02,Bundesliga 2016-17,H,Wolfsburg
1617,Mainz,2017-04-02,Bundesliga 2016-17,A,FC Ingolstadt 04
1617,Stuttgart,2017-04-02,2. Bundesliga,H,Dynamo Dresden
1617,Wolfsburg,2017-04-02,Bundesliga 2016-17,A,Leverkusen
1617,Bayern Munich,2017-04-04,Bundesliga 2016-17,A,Hoffenheim
1617,Bielefeld,2017-04-04,2. Bundesliga,H,Fortuna Dusseldorf
1617,Dortmund,2017-04-04,Bundesliga 2016-17,H,Hamburg
1617,Ein Frankfurt,2017-04-04,Bundesliga 2016-17,A,FC Koln
1617,FC Koln,2017-04-04,Bundesliga 2016-17,H,Ein Frankfurt
1617,Fortuna Dusseldorf,2017-04-04,2. Bundesliga,A,Bielefeld
1617,Hamburg,2017-04-04,Bundesliga 2016-17,A,Dortmund
1617,Hannover,2017-04-04,2. Bundesliga,H,Nurnberg
1617,Hoffenheim,2017-04-04,Bundesliga 2016-17,H,Bayern Munich
1617,Nurnberg,2017-04-04,2. Bundesliga,A,Hannover
1617,Schalke 04,2017-04-04,Bundesliga 2016-17,A,Werder Bremen
1617,St Pauli,2017-04-04,2. Bundesliga,H,SV Sandhausen
1617,Werder Bremen,2017-04-04,Bundesliga 2016-17,H,Schalke 04
1617,Augsburg,2017-04-05,Bundesliga 2016-17,H,FC Ingolstadt 04
1617,Bochum,2017-04-05,2. Bundesliga,H,1. FC Kaiserslautern
1617,Darmstadt,2017-04-05,Bundesliga 2016-17,H,Leverkusen
1617,Freiburg,2017-04-05,Bundesliga 2016-17,A,Wolfsburg
1617,Greuther Furth,2017-04-05,2. Bundesliga,H,Eintracht Braunschweig
1617,Heidenheim,2017-04-05,2. Bundesliga,A,Dynamo Dresden
1617,Hertha,2017-04-05,Bundesliga 2016-17,A,M'gladbach
1617,Leverkusen,2017-04-05,Bundesliga 2016-17,A,Darmstadt
1617,M'gladbach,2017-04-05,Bundesliga 2016-17,H,Hertha
1617,Mainz,2017-04-05,Bundesliga 2016-17,H,RB Leipzig
1617,RB Leipzig,2017-04-05,Bundesliga 2016-17,A,Mainz
1617,Stuttgart,2017-04-05,2. Bundesliga,A,TSV 1860 München
1617,Union Berlin,2017-04-05,2. Bundesliga,H,Erzgebirge Aue
1617,Wolfsburg,2017-04-05,Bundesliga 2016-17,H,Freiburg
1617,Bielefeld,2017-04-07,2. Bundesliga,A,SV Sandhausen
1617,Ein Frankfurt,2017-04-07,Bundesliga 2016-17,H,Werder Bremen
1617,Hannover,2017-04-07,2. Bundesliga,A,Würzburger Kickers
1617,Nurnberg,2017-04-07,2. Bundesliga,H,St Pauli
1617,St Pauli,2017-04-07,2. Bundesliga,A,Nurnberg
1617,Werder Bremen,2017-04-07,Bundesliga 2016-17,A,Ein Frankfurt
1617,Bayern Munich,2017-04-08,Bundesliga 2016-17,H,Dortmund
1617,Bochum,2017-04-08,2. Bundesliga,A,Heidenheim
1617,Dortmund,2017-04-08,Bundesliga 2016-17,A,Bayern Munich
1617,FC Koln,2017-04-08,Bundesliga 2016-17,H,M'gladbach
1617,Freiburg,2017-04-08,Bundesliga 2016-17,H,Mainz
1617,Greuther Furth,2017-04-08,2. Bundesliga,A,1. FC Kaiserslautern
1617,Hamburg,2017-04-08,Bundesliga 2016-17,H,Hoffenheim
1617,Heidenheim,2017-04-08,2. Bundesliga,H,Bochum
1617,Hoffenheim,2017-04-08,Bundesliga 2016-17,A,Hamburg
1617,Leverkusen,2017-04-08,Bundesliga 2016-17,A,RB Leipzig
1617,M'gladbach,2017-04-08,Bundesliga 2016-17,A,FC Koln
1617,Mainz,2017-04-08,Bundesliga 2016-17,A,Freiburg
1617,RB Leipzig,2017-04-08,Bundesliga 2016-17,H,Leverkusen
1617,Schalke 04,2017-04-08,Bundesliga 2016-17,H,Wolfsburg
1617,Wolfsburg,2017-04-08,Bundesliga 2016-17,A,Schalke 04
1617,Augsburg,2017-04-09,Bundesliga 2016-17,A,Hertha
1617,Darmstadt,2017-04-09,Bundesliga 2016-17,A,FC Ingolstadt 04
1617,Fortuna Dusseldorf,2017-04-09,2. Bundesliga,H,Union Berlin
1617,Hertha,2017-04-09,Bundesliga 2016-17,H,Augsburg
1617,Stuttgart,2017-04-09,2. Bundesliga,H,Karlsruher SC
1617,Union Berlin,2017-04-09,2. Bundesliga,A,Fortuna Dusseldorf
1617,Augsburg,2017-04-15,Bundesliga 2016-17,H,FC Koln
1617,Bayern Munich,2017-04-15,Bundesliga 2016-17,A,Leverkusen
1617,Dortmund,2017-04-15,Bundesliga 2016-17,H,Ein Frankfurt
1617,Ein Frankfurt,2017-04-15,Bundesliga 2016-17,A,Dortmund
1617,FC Koln,2017-04-15,Bundesliga 2016-17,A,Augsburg
1617,Freiburg,2017-04-15,Bundesliga 2016-17,A,RB Leipzig
1617,Hannover,2017-04-15,2. Bundesliga,H,Eintracht Braunschweig
1617,Hertha,2017-04-15,Bundesliga 2016-17,A,Mainz
1617,Hoffenheim,2017-04-15,Bundesliga 2016-17,H,M'gladbach
1617,Leverkusen,2017-04-15,Bundesliga 2016-17,H,Bayern Munich
1617,M'gladbach,2017-04-15,Bundesliga 2016-17,A,Hoffenheim
1617,Mainz,2017-04-15,Bundesliga 2016-17,H,Hertha
1617,Nurnberg,2017-04-15,2. Bundesliga,H,Erzgebirge Aue
1617,RB Leipzig,2017-04-15,Bundesliga 2016-17,H,Freiburg
1617,Wolfsburg,2017-04-15,Bundesliga 2016-17,H,FC Ingolstadt 04
1617,Bochum,2017-04-16,2. Bundesliga,H,Greuther Furth
1617,Darmstadt,2017-04-16,Bundesliga 2016-17,H,Schalke 04
1617,Fortuna Dusseldorf,2017-04-16,2. Bundesliga,A,Dynamo Dresden
1617,Greuther Furth,2017-04-16,2. Bundesliga,A,Bochum
1617,Hamburg,2017-04-16,Bundesliga 2016-17,A,Werder Bremen
1617,Heidenheim,2017-04-16,2. Bundesliga,A,Karlsruher SC
1617,Schalke 04,2017-04-16,Bundesliga 2016-17,A,Darmstadt
1617,St Pauli,2017-04-16,2. Bundesliga,H,Würzburger Kickers
1617,Union Berlin,2017-04-16,2. Bundesliga,H,1. FC Kaiserslautern
1617,Werder Bremen,2017-04-16,Bundesliga 2016-17,H,Hamburg
1617,Bielefeld,2017-04-17,2. Bundesliga,H,Stuttgart
1617,Stuttgart,2017-04-17,2. Bundesliga,A,Bielefeld
1617,FC Koln,2017-04-21,Bundesliga 2016-17,H,Hoffenheim
1617,Fortuna Dusseldorf,2017-04-21,2. Bundesliga,H,St Pauli
1617,Greuther Furth,2017-04-21,2. Bundesliga,H,Dynamo Dresden
1617,Hoffenheim,2017-04-21,Bundesliga 2016-17,A,FC Koln
1617,St Pauli,2017-04-21,2. Bundesliga,A,Fortuna Dusseldorf
1617,Augsburg,2017-04-22,Bundesliga 2016-17,A,Ein Frankfurt
1617,Bayern Munich,2017-04-22,Bundesliga 2016-17,H,Mainz
1617,Bielefeld,2017-04-22,2. Bundesliga,A,Heidenheim
1617,Darmstadt,2017-04-22,Bundesliga 2016-17,A,Hamburg
1617,Dortmund,2017-04-22,Bundesliga 2016-17,A,M'gladbach
1617,Ein Frankfurt,2017-04-22,Bundesliga 2016-17,H,Augsburg
1617,Hamburg,2017-04-22,Bundesliga 2016-17,H,Darmstadt
1617,Hannover,2017-04-22,2. Bundesliga,A,Erzgebirge Aue
1617,Heidenheim,2017-04-22,2. Bundesliga,H,Bielefeld
1617,Hertha,2017-04-22,Bundesliga 2016-17,H,Wolfsburg
1617,M'gladbach,2017-04-22,Bundesliga 2016-17,H,Dortmund
1617,Mainz,2017-04-22,Bundesliga 2016-17,A,Bayern Munich
1617,Werder Bremen,2017-04-22,Bundesliga 2016-17,A,FC Ingolstadt 04
1617,Wolfsburg,2017-04-22,Bundesliga 2016-17,A,Hertha
1617,Bochum,2017-04-23,2. Bundesliga,A,Eintracht Braunschweig
1617,Freiburg,2017-04-23,Bundesliga 2016-17,H,Leverkusen
1617,Leverkusen,2017-04-23,Bundesliga 2016-17,A,Freiburg
1617,Nurnberg,2017-04-23,2. Bundesliga,A,Würzburger Kickers
1617,RB Leipzig,2017-04-23,Bundesliga 2016-17,A,Schalke 04
1617,Schalke 04,2017-04-23,Bundesliga 2016-17,H,RB Leipzig
1617,Stuttgart,2017-04-24,2. Bundesliga,H,Union Berlin
1617,Union Berlin,2017-04-24,2. Bundesliga,A,Stuttgart
1617,Bochum,2017-04-28,2. Bundesliga,H,Dynamo Dresden
1617,Heidenheim,2017-04-28,2. Bundesliga,A,St Pauli
1617,Leverkusen,2017-04-28,Bundesliga 2016-17,H,Schalke 04
1617,Schalke 04,2017-04-28,Bundesliga 2016-17,A,Leverkusen
1617,St Pauli,2017-04-28,2. Bundesliga,H,Heidenheim
1617,Union Berlin,2017-04-28,2. Bundesliga,H,SV Sandhausen
1617,Bayern Munich,2017-04-29,Bundesliga 2016-17,A,Wolfsburg
1617,Bielefeld,2017-04-29,2. Bundesliga,H,Greuther Furth
1617,Darmstadt,2017-04-29,Bundesliga 2016-17,H,Freiburg
1617,Dortmund,2017-04-29,Bundesliga 2016-17,H,FC Koln
1617,FC Koln,2017-04-29,Bundesliga 2016-17,A,Dortmund
1617,Freiburg,2017-04-29,Bundesliga 2016-17,A,Darmstadt
1617,Greuther Furth,2017-04-29,2. Bundesliga,A,Bielefeld
1617,Hertha,2017-04-29,Bundesliga 2016-17,A,Werder Bremen
1617,M'gladbach,2017-04-29,Bundesliga 2016-17,A,Mainz
1617,Mainz,2017-04-29,Bundesliga 2016-17,H,M'gladbach
1617,Nurnberg,2017-04-29,2. Bundesliga,H,Stuttgart
1617,RB Leipzig,2017-04-29,Bundesliga 2016-17,H,FC Ingolstadt 04
1617,Stuttgart,2017-04-29,2. Bundesliga,A,Nurnberg
1617,Werder Bremen,2017-04-29,Bundesliga 2016-17,H,Hertha
1617,Wolfsburg,2017-04-29,Bundesliga 2016-17,H,Bayern Munich
1617,Augsburg,2017-04-30,Bundesliga 2016-17,H,Hamburg
1617,Ein Frankfurt,2017-04-30,Bundesliga 2016-17,A,Hoffenheim
1617,Fortuna Dusseldorf,2017-04-30,2. Bundesliga,A,Hannover
1617,Hamburg,2017-04-30,Bundesliga 2016-17,A,Augsburg
1617,Hannover,2017-04-30,2. Bundesliga,H,Fortuna Dusseldorf
1617,Hoffenheim,2017-04-30,Bundesliga 2016-17,H,Ein Frankfurt
1617,FC Koln,2017-05-05,Bundesliga 2016-17,H,Werder Bremen
1617,Hannover,2017-05-05,2. Bundesliga,A,Heidenheim
1617,Heidenheim,2017-05-05,2. Bundesliga,H,Hannover
1617,St Pauli,2017-05-05,2. Bundesliga,A,1. FC Kaiserslautern
1617,Werder Bremen,2017-05-05,Bundesliga 2016-17,A,FC Koln
1617,Augsburg,2017-05-06,Bundesliga 2016-17,A,M'gladbach
1617,Bayern Munich,2017-05-06,Bundesliga 2016-17,H,Darmstadt
1617,Darmstadt,2017-05-06,Bundesliga 2016-17,A,Bayern Munich
1617,Dortmund,2017-05-06,Bundesliga 2016-17,H,Hoffenheim
1617,Ein Frankfurt,2017-05-06,Bundesliga 2016-17,H,Wolfsburg
1617,Fortuna Dusseldorf,2017-05-06,2. Bundesliga,H,Würzburger Kickers
1617,Hertha,2017-05-06,Bundesliga 2016-17,H,RB Leipzig
1617,Hoffenheim,2017-05-06,Bundesliga 2016-17,A,Dortmund
1617,Leverkusen,2017-05-06,Bundesliga 2016-17,A,FC Ingolstadt 04
1617,M'gladbach,2017-05-06,Bundesliga 2016-17,H,Augsburg
1617,Nurnberg,2017-05-06,2. Bundesliga,A,SV Sandhausen
1617,RB Leipzig,2017-05-06,Bundesliga 2016-17,A,Hertha
1617,Wolfsburg,2017-05-06,Bundesliga 2016-17,A,Ein Frankfurt
1617,Bielefeld,2017-05-07,2. Bundesliga,A,Bochum
1617,Bochum,2017-05-07,2. Bundesliga,H,Bielefeld
1617,Freiburg,2017-05-07,Bundesliga 2016-17,H,Schalke 04
1617,Greuther Furth,2017-05-07,2. Bundesliga,H,Karlsruher SC
1617,Hamburg,2017-05-07,Bundesliga 2016-17,H,Mainz
1617,Mainz,2017-05-07,Bundesliga 2016-17,A,Hamburg
1617,Schalke 04,2017-05-07,Bundesliga 2016-17,A,Freiburg
1617,Stuttgart,2017-05-07,2. Bundesliga,H,Erzgebirge Aue
1617,Union Berlin,2017-05-08,2. Bundesliga,A,Eintracht Braunschweig
1617,Augsburg,2017-05-13,Bundesliga 2016-17,H,Dortmund
1617,Bayern Munich,2017-05-13,Bundesliga 2016-17,A,RB Leipzig
1617,Darmstadt,2017-05-13,Bundesliga 2016-17,H,Hertha
1617,Dortmund,2017-05-13,Bundesliga 2016-17,A,Augsburg
1617,Ein Frankfurt,2017-05-13,Bundesliga 2016-17,A,Mainz
1617,FC Koln,2017-05-13,Bundesliga 2016-17,A,Leverkusen
1617,Freiburg,2017-05-13,Bundesliga 2016-17,H,FC Ingolstadt 04
1617,Hamburg,2017-05-13,Bundesliga 2016-17,A,Schalke 04
1617,Hertha,2017-05-13,Bundesliga 2016-17,A,Darmstadt
1617,Hoffenheim,2017-05-13,Bundesliga 2016-17,A,Werder Bremen
1617,Leverkusen,2017-05-13,Bundesliga 2016-17,H,FC Koln
1617,M'gladbach,2017-05-13,Bundesliga 2016-17,A,Wolfsburg
1617,Mainz,2017-05-13,Bundesliga 2016-17,H,Ein Frankfurt
1617,RB Leipzig,2017-05-13,Bundesliga 2016-17,H,Bayern Munich
1617,Schalke 04,2017-05-13,Bundesliga 2016-17,H,Hamburg
1617,Werder Bremen,2017-05-13,Bundesliga 2016-17,H,Hoffenheim
1617,Wolfsburg,2017-05-13,Bundesliga 2016-17,H,M'gladbach
1617,Bielefeld,2017-05-14,2. Bundesliga,H,Eintracht Braunschweig
1617,Bochum,2017-05-14,2. Bundesliga,A,TSV 1860 München
1617,Fortuna Dusseldorf,2017-05-14,2. Bundesliga,A,Nurnberg
1617,Greuther Furth,2017-05-14,2. Bundesliga,A,St Pauli
1617,Hannover,2017-05-14,2. Bundesliga,H,Stuttgart
1617,Heidenheim,2017-05-14,2. Bundesliga,A,Union Berlin
1617,Nurnberg,2017-05-14,2. Bundesliga,H,Fortuna Dusseldorf
1617,St Pauli,2017-05-14,2. Bundesliga,H,Greuther Furth
1617,Stuttgart,2017-05-14,2. Bundesliga,A,Hannover
1617,Union Berlin,2017-05-14,2. Bundesliga,H,Heidenheim
1617,Augsburg,2017-05-20,Bundesliga 2016-17,A,Hoffenheim
1617,Bayern Munich,2017-05-20,Bundesliga 2016-17,H,Freiburg
1617,Darmstadt,2017-05-20,Bundesliga 2016-17,A,M'gladbach
1617,Dortmund,2017-05-20,Bundesliga 2016-17,H,Werder Bremen
1617,Ein Frankfurt,2017-05-20,Bundesliga 2016-17,H,RB Leipzig
1617,FC Koln,2017-05-20,Bundesliga 2016-17,H,Mainz
1617,Freiburg,2017-05-20,Bundesliga 2016-17,A,Bayern Munich
1617,Hamburg,2017-05-20,Bundesliga 2016-17,H,Wolfsburg
1617,Hertha,2017-05-20,Bundesliga 2016-17,H,Leverkusen
1617,Hoffenheim,2017-05-20,Bundesliga 2016-17,H,Augsburg
1617,Leverkusen,2017-05-20,Bundesliga 2016-17,A,Hertha
1617,M'gladbach,2017-05-20,Bundesliga 2016-17,H,Darmstadt
1617,Mainz,2017-05-20,Bundesliga 2016-17,A,FC Koln
1617,RB Leipzig,2017-05-20,Bundesliga 2016-17,A,Ein Frankfurt
1617,Schalke 04,2017-05-20,Bundesliga 2016-17,A,FC Ingolstadt 04
1617,Werder Bremen,2017-05-20,Bundesliga 2016-17,A,Dortmund
1617,Wolfsburg,2017-05-20,Bundesliga 2016-17,A,Hamburg
1617,Bielefeld,2017-05-21,2. Bundesliga,A,Dynamo Dresden
1617,Bochum,2017-05-21,2. Bundesliga,H,St Pauli
1617,Fortuna Dusseldorf,2017-05-21,2. Bundesliga,H,Erzgebirge Aue
1617,Greuther Furth,2017-05-21,2. Bundesliga,H,Union Berlin
1617,Hannover,2017-05-21,2. Bundesliga,A,SV Sandhausen
1617,Heidenheim,2017-05-21,2. Bundesliga,H,TSV 1860 München
1617,Nurnberg,2017-05-21,2. Bundesliga,A,1. FC Kaiserslautern
1617,St Pauli,2017-05-21,2. Bundesliga,A,Bochum
1617,Stuttgart,2017-05-21,2. Bundesliga,H,Würzburger Kickers
1617,Union Berlin,2017-05-21,2. Bundesliga,A,Greuther Furth
1718,Freiburg,2017-07-27,Europa League (qual.),H,Domžale
1718,Bochum,2017-07-28,2. Bundesliga,H,St Pauli
1718,St Pauli,2017-07-28,2. Bundesliga,A,Bochum
1718,Bielefeld,2017-07-29,2. Bundesliga,H,Jahn Regensburg
1718,Darmstadt,2017-07-29,2. Bundesliga,H,Greuther Furth
1718,Greuther Furth,2017-07-29,2. Bundesliga,A,Darmstadt
1718,Union Berlin,2017-07-29,2. Bundesliga,A,FC Ingolstadt 04
1718,Holstein Kiel,2017-07-30,2. Bundesliga,H,SV Sandhausen
1718,Nurnberg,2017-07-30,2. Bundesliga,H,1. FC Kaiserslautern
1718,Fortuna Dusseldorf,2017-07-31,2. Bundesliga,H,Eintracht Braunschweig
1718,Freiburg,2017-08-03,Europa League (qual.),A,Domžale
1718,Darmstadt,2017-08-04,2. Bundesliga,A,1. FC Kaiserslautern
1718,Holstein Kiel,2017-08-04,2. Bundesliga,A,Union Berlin
1718,Union Berlin,2017-08-04,2. Bundesliga,H,Holstein Kiel
1718,Bayern Munich,2017-08-05,DFL-Supercup,A,Dortmund
1718,Bochum,2017-08-05,2. Bundesliga,A,MSV Duisburg
1718,Dortmund,2017-08-05,DFL-Supercup,H,Bayern Munich
1718,Heidenheim,2017-08-05,2. Bundesliga,A,Eintracht Braunschweig
1718,Bielefeld,2017-08-06,2. Bundesliga,A,Greuther Furth
1718,Fortuna Dusseldorf,2017-08-06,2. Bundesliga,A,Erzgebirge Aue
1718,Greuther Furth,2017-08-06,2. Bundesliga,H,Bielefeld
1718,Nurnberg,2017-08-06,2. Bundesliga,A,Jahn Regensburg
1718,St Pauli,2017-08-07,2. Bundesliga,H,Dynamo Dresden
1718,Heidenheim,2017-08-09,2. Bundesliga,H,Erzgebirge Aue
1718,Holstein Kiel,2017-08-11,DFB-Pokal,H,Eintracht Braunschweig
1718,Leverkusen,2017-08-11,DFB-Pokal,A,Karlsruher SC
1718,M'gladbach,2017-08-11,DFB-Pokal,A,Rot-Weiss Essen
1718,Bayern Munich,2017-08-12,DFB-Pokal,A,Chemnitzer FC
1718,Bielefeld,2017-08-12,DFB-Pokal,H,Fortuna Dusseldorf
1718,Darmstadt,2017-08-12,DFB-Pokal,A,Jahn Regensburg
1718,Dortmund,2017-08-12,DFB-Pokal,A,1. FC Rielasingen-Arlen
1718,Ein Frankfurt,2017-08-12,DFB-Pokal,A,TuS Erndtebrück
1718,FC Koln,2017-08-12,DFB-Pokal,A,Leher TS
1718,Fortuna Dusseldorf,2017-08-12,DFB-Pokal,A,Bielefeld
1718,Freiburg,2017-08-12,DFB-Pokal,A,Germania Halberstadt
1718,Heidenheim,2017-08-12,DFB-Pokal,A,SpVgg Unterhaching
1718,Hoffenheim,2017-08-12,DFB-Pokal,A,Rot-Weiß Erfurt
1718,Mainz,2017-08-12,DFB-Pokal,A,LSK Hansa
1718,Werder Bremen,2017-08-12,DFB-Pokal,A,Würzburger Kickers
1718,Augsburg,2017-08-13,DFB-Pokal,A,1. FC Magdeburg
1718,Bochum,2017-08-13,DFB-Pokal,A,FC Nöttingen
1718,Greuther Furth,2017-08-13,DFB-Pokal,A,SV Morlautern
1718,Hamburg,2017-08-13,DFB-Pokal,A,VfL Osnabrück
1718,Hannover,2017-08-13,DFB-Pokal,A,Bonner SC
1718,RB Leipzig,2017-08-13,DFB-Pokal,A,Sportfreunde Dorfmerkingen
1718,Stuttgart,2017-08-13,DFB-Pokal,A,Energie Cottbus
1718,Union Berlin,2017-08-13,DFB-Pokal,A,1. FC Saarbrücken
1718,Wolfsburg,2017-08-13,DFB-Pokal,A,Eintracht Norderstedt
1718,Hertha,2017-08-14,DFB-Pokal,A,Hansa Rostock
1718,Nurnberg,2017-08-14,DFB-Pokal,A,MSV Duisburg
1718,Paderborn,2017-08-14,DFB-Pokal,H,St Pauli
1718,Schalke 04,2017-08-14,DFB-Pokal,A,BFC Dynamo
1718,St Pauli,2017-08-14,DFB-Pokal,A,Paderborn
1718,Hoffenheim,2017-08-15,Champions League (qual.),H,Liverpool
1718,Bayern Munich,2017-08-18,Bundesliga,H,Leverkusen
1718,Darmstadt,2017-08-18,2. Bundesliga,H,St Pauli
1718,Leverkusen,2017-08-18,Bundesliga,A,Bayern Munich
1718,St Pauli,2017-08-18,2. Bundesliga,A,Darmstadt
1718,Augsburg,2017-08-19,Bundesliga,A,Hamburg
1718,Dortmund,2017-08-19,Bundesliga,A,Wolfsburg
1718,Fortuna Dusseldorf,2017-08-19,2. Bundesliga,H,1. FC Kaiserslautern
1718,Hamburg,2017-08-19,Bundesliga,H,Augsburg
1718,Hannover,2017-08-19,Bundesliga,A,Mainz
1718,Heidenheim,2017-08-19,2. Bundesliga,H,MSV Duisburg
1718,Hertha,2017-08-19,Bundesliga,H,Stuttgart
1718,Hoffenheim,2017-08-19,Bundesliga,H,Werder Bremen
1718,Mainz,2017-08-19,Bundesliga,H,Hannover
1718,RB Leipzig,2017-08-19,Bundesliga,A,Schalke 04
1718,Schalke 04,2017-08-19,Bundesliga,H,RB Leipzig
1718,Stuttgart,2017-08-19,Bundesliga,A,Hertha
1718,Werder Bremen,2017-08-19,Bundesliga,A,Hoffenheim
1718,Wolfsburg,2017-08-19,Bundesliga,H,Dortmund
1718,Ein Frankfurt,2017-08-20,Bundesliga,A,Freiburg
1718,FC Koln,2017-08-20,Bundesliga,A,M'gladbach
1718,Freiburg,2017-08-20,Bundesliga,H,Ein Frankfurt
1718,Greuther Furth,2017-08-20,2. Bundesliga,A,Holstein Kiel
1718,Holstein Kiel,2017-08-20,2. Bundesliga,H,Greuther Furth
1718,M'gladbach,2017-08-20,Bundesliga,H,FC Koln
1718,Nurnberg,2017-08-20,2. Bundesliga,H,Union Berlin
1718,Union Berlin,2017-08-20,2. Bundesliga,A,Nurnberg
1718,Bielefeld,2017-08-21,2. Bundesliga,H,Bochum
1718,Bochum,2017-08-21,2. Bundesliga,A,Bielefeld
1718,Hoffenheim,2017-08-23,Champions League (qual.),A,Liverpool
1718,Darmstadt,2017-08-25,2. Bundesliga,A,MSV Duisburg
1718,FC Koln,2017-08-25,Bundesliga,H,Hamburg
1718,Greuther Furth,2017-08-25,2. Bundesliga,H,FC Ingolstadt 04
1718,Hamburg,2017-08-25,Bundesliga,A,FC Koln
1718,Augsburg,2017-08-26,Bundesliga,H,M'gladbach
1718,Bayern Munich,2017-08-26,Bundesliga,A,Werder Bremen
1718,Dortmund,2017-08-26,Bundesliga,H,Hertha
1718,Ein Frankfurt,2017-08-26,Bundesliga,H,Wolfsburg
1718,Heidenheim,2017-08-26,2. Bundesliga,A,St Pauli
1718,Hertha,2017-08-26,Bundesliga,A,Dortmund
1718,Hoffenheim,2017-08-26,Bundesliga,A,Leverkusen
1718,Holstein Kiel,2017-08-26,2. Bundesliga,A,Jahn Regensburg
1718,Leverkusen,2017-08-26,Bundesliga,H,Hoffenheim
1718,M'gladbach,2017-08-26,Bundesliga,A,Augsburg
1718,Mainz,2017-08-26,Bundesliga,A,Stuttgart
1718,Nurnberg,2017-08-26,2. Bundesliga,A,Erzgebirge Aue
1718,St Pauli,2017-08-26,2. Bundesliga,H,Heidenheim
1718,Stuttgart,2017-08-26,Bundesliga,H,Mainz
1718,Werder Bremen,2017-08-26,Bundesliga,H,Bayern Munich
1718,Wolfsburg,2017-08-26,Bundesliga,A,Ein Frankfurt
1718,Bielefeld,2017-08-27,2. Bundesliga,A,Union Berlin
1718,Bochum,2017-08-27,2. Bundesliga,H,Dynamo Dresden
1718,Fortuna Dusseldorf,2017-08-27,2. Bundesliga,A,SV Sandhausen
1718,Freiburg,2017-08-27,Bundesliga,A,RB Leipzig
1718,Hannover,2017-08-27,Bundesliga,H,Schalke 04
1718,RB Leipzig,2017-08-27,Bundesliga,H,Freiburg
1718,Schalke 04,2017-08-27,Bundesliga,A,Hannover
1718,Union Berlin,2017-08-27,2. Bundesliga,H,Bielefeld
1718,Greuther Furth,2017-09-08,2. Bundesliga,A,Dynamo Dresden
1718,Hamburg,2017-09-08,Bundesliga,H,RB Leipzig
1718,Heidenheim,2017-09-08,2. Bundesliga,H,Jahn Regensburg
1718,RB Leipzig,2017-09-08,Bundesliga,A,Hamburg
1718,Augsburg,2017-09-09,Bundesliga,H,FC Koln
1718,Bayern Munich,2017-09-09,Bundesliga,A,Hoffenheim
1718,Bielefeld,2017-09-09,2. Bundesliga,H,MSV Duisburg
1718,Dortmund,2017-09-09,Bundesliga,A,Freiburg
1718,Ein Frankfurt,2017-09-09,Bundesliga,A,M'gladbach
1718,FC Koln,2017-09-09,Bundesliga,A,Augsburg
1718,Freiburg,2017-09-09,Bundesliga,H,Dortmund
1718,Hannover,2017-09-09,Bundesliga,A,Wolfsburg
1718,Hoffenheim,2017-09-09,Bundesliga,H,Bayern Munich
1718,Holstein Kiel,2017-09-09,2. Bundesliga,H,1. FC Kaiserslautern
1718,Leverkusen,2017-09-09,Bundesliga,A,Mainz
1718,M'gladbach,2017-09-09,Bundesliga,H,Ein Frankfurt
1718,Mainz,2017-09-09,Bundesliga,H,Leverkusen
1718,Wolfsburg,2017-09-09,Bundesliga,H,Hannover
1718,Bochum,2017-09-10,2. Bundesliga,A,Darmstadt
1718,Darmstadt,2017-09-10,2. Bundesliga,H,Bochum
1718,Fortuna Dusseldorf,2017-09-10,2. Bundesliga,H,Union Berlin
1718,Hertha,2017-09-10,Bundesliga,H,Werder Bremen
1718,Schalke 04,2017-09-10,Bundesliga,H,Stuttgart
1718,Stuttgart,2017-09-10,Bundesliga,A,Schalke 04
1718,Union Berlin,2017-09-10,2. Bundesliga,A,Fortuna Dusseldorf
1718,Werder Bremen,2017-09-10,Bundesliga,A,Hertha
1718,Nurnberg,2017-09-11,2. Bundesliga,H,St Pauli
1718,St Pauli,2017-09-11,2. Bundesliga,A,Nurnberg
1718,Bayern Munich,2017-09-12,Champions League,H,RSC Anderlecht
1718,Dortmund,2017-09-13,Champions League,A,Tottenham
1718,RB Leipzig,2017-09-13,Champions League,H,Monaco
1718,FC Koln,2017-09-14,Europa League,A,Arsenal
1718,Hertha,2017-09-14,Europa League,H,Athletic Bilbao
1718,Hoffenheim,2017-09-14,Europa League,H,Braga
1718,Hamburg,2017-09-15,Bundesliga,A,Hannover
1718,Hannover,2017-09-15,Bundesliga,H,Hamburg
1718,Holstein Kiel,2017-09-15,2. Bundesliga,A,Erzgebirge Aue
1718,Union Berlin,2017-09-15,2. Bundesliga,H,Eintracht Braunschweig
1718,Augsburg,2017-09-16,Bundesliga,A,Ein Frankfurt
1718,Bayern Munich,2017-09-16,Bundesliga,H,Mainz
1718,Ein Frankfurt,2017-09-16,Bundesliga,H,Augsburg
1718,M'gladbach,2017-09-16,Bundesliga,A,RB Leipzig
1718,Mainz,2017-09-16,Bundesliga,A,Bayern Munich
1718,Nurnberg,2017-09-16,2. Bundesliga,A,MSV Duisburg
1718,RB Leipzig,2017-09-16,Bundesliga,H,M'gladbach
1718,Schalke 04,2017-09-16,Bundesliga,A,Werder Bremen
1718,St Pauli,2017-09-16,2. Bundesliga,H,FC Ingolstadt 04
1718,Stuttgart,2017-09-16,Bundesliga,H,Wolfsburg
1718,Werder Bremen,2017-09-16,Bundesliga,H,Schalke 04
1718,Wolfsburg,2017-09-16,Bundesliga,A,Stuttgart
1718,Bielefeld,2017-09-17,2. Bundesliga,A,Darmstadt
1718,Bochum,2017-09-17,2. Bundesliga,H,Heidenheim
1718,Darmstadt,2017-09-17,2. Bundesliga,H,Bielefeld
1718,Dortmund,2017-09-17,Bundesliga,H,FC Koln
1718,FC Koln,2017-09-17,Bundesliga,A,Dortmund
1718,Fortuna Dusseldorf,2017-09-17,2. Bundesliga,A,Greuther Furth
1718,Freiburg,2017-09-17,Bundesliga,A,Leverkusen
1718,Greuther Furth,2017-09-17,2. Bundesliga,H,Fortuna Dusseldorf
1718,Heidenheim,2017-09-17,2. Bundesliga,A,Bochum
1718,Hertha,2017-09-17,Bundesliga,A,Hoffenheim
1718,Hoffenheim,2017-09-17,Bundesliga,H,Hertha
1718,Leverkusen,2017-09-17,Bundesliga,H,Freiburg
1718,Augsburg,2017-09-19,Bundesliga,H,RB Leipzig
1718,Bayern Munich,2017-09-19,Bundesliga,A,Schalke 04
1718,Holstein Kiel,2017-09-19,2. Bundesliga,H,St Pauli
1718,M'gladbach,2017-09-19,Bundesliga,H,Stuttgart
1718,RB Leipzig,2017-09-19,Bundesliga,A,Augsburg
1718,Schalke 04,2017-09-19,Bundesliga,H,Bayern Munich
1718,St Pauli,2017-09-19,2. Bundesliga,A,Holstein Kiel
1718,Stuttgart,2017-09-19,Bundesliga,A,M'gladbach
1718,Union Berlin,2017-09-19,2. Bundesliga,A,SV Sandhausen
1718,Werder Bremen,2017-09-19,Bundesliga,A,Wolfsburg
1718,Wolfsburg,2017-09-19,Bundesliga,H,Werder Bremen
1718,Bielefeld,2017-09-20,2. Bundesliga,A,Dynamo Dresden
1718,Darmstadt,2017-09-20,2. Bundesliga,A,Heidenheim
1718,Dortmund,2017-09-20,Bundesliga,A,Hamburg
1718,Ein Frankfurt,2017-09-20,Bundesliga,A,FC Koln
1718,FC Koln,2017-09-20,Bundesliga,H,Ein Frankfurt
1718,Fortuna Dusseldorf,2017-09-20,2. Bundesliga,H,Jahn Regensburg
1718,Freiburg,2017-09-20,Bundesliga,H,Hannover
1718,Greuther Furth,2017-09-20,2. Bundesliga,A,Eintracht Braunschweig
1718,Hamburg,2017-09-20,Bundesliga,H,Dortmund
1718,Hannover,2017-09-20,Bundesliga,A,Freiburg
1718,Heidenheim,2017-09-20,2. Bundesliga,H,Darmstadt
1718,Hertha,2017-09-20,Bundesliga,H,Leverkusen
1718,Hoffenheim,2017-09-20,Bundesliga,A,Mainz
1718,Leverkusen,2017-09-20,Bundesliga,A,Hertha
1718,Mainz,2017-09-20,Bundesliga,H,Hoffenheim
1718,Bochum,2017-09-21,2. Bundesliga,A,Nurnberg
1718,Nurnberg,2017-09-21,2. Bundesliga,H,Bochum
1718,Bayern Munich,2017-09-22,Bundesliga,H,Wolfsburg
1718,Holstein Kiel,2017-09-22,2. Bundesliga,A,MSV Duisburg
1718,Wolfsburg,2017-09-22,Bundesliga,A,Bayern Munich
1718,Augsburg,2017-09-23,Bundesliga,A,Stuttgart
1718,Bielefeld,2017-09-23,2. Bundesliga,H,Heidenheim
1718,Dortmund,2017-09-23,Bundesliga,H,M'gladbach
1718,Ein Frankfurt,2017-09-23,Bundesliga,A,RB Leipzig
1718,Fortuna Dusseldorf,2017-09-23,2. Bundesliga,A,St Pauli
1718,Freiburg,2017-09-23,Bundesliga,A,Werder Bremen
1718,Heidenheim,2017-09-23,2. Bundesliga,A,Bielefeld
1718,Hertha,2017-09-23,Bundesliga,A,Mainz
1718,Hoffenheim,2017-09-23,Bundesliga,H,Schalke 04
1718,M'gladbach,2017-09-23,Bundesliga,A,Dortmund
1718,Mainz,2017-09-23,Bundesliga,H,Hertha
1718,RB Leipzig,2017-09-23,Bundesliga,H,Ein Frankfurt
1718,Schalke 04,2017-09-23,Bundesliga,A,Hoffenheim
1718,St Pauli,2017-09-23,2. Bundesliga,H,Fortuna Dusseldorf
1718,Stuttgart,2017-09-23,Bundesliga,H,Augsburg
1718,Werder Bremen,2017-09-23,Bundesliga,H,Freiburg
1718,Bochum,2017-09-24,2. Bundesliga,H,FC Ingolstadt 04
1718,Darmstadt,2017-09-24,2. Bundesliga,H,Dynamo Dresden
1718,FC Koln,2017-09-24,Bundesliga,A,Hannover
1718,Greuther Furth,2017-09-24,2. Bundesliga,H,Nurnberg
1718,Hamburg,2017-09-24,Bundesliga,A,Leverkusen
1718,Hannover,2017-09-24,Bundesliga,H,FC Koln
1718,Leverkusen,2017-09-24,Bundesliga,H,Hamburg
1718,Nurnberg,2017-09-24,2. Bundesliga,A,Greuther Furth
1718,Union Berlin,2017-09-25,2. Bundesliga,H,1. FC Kaiserslautern
1718,Dortmund,2017-09-26,Champions League,H,Real Madrid
1718,RB Leipzig,2017-09-26,Champions League,A,Beşiktaş
1718,Bayern Munich,2017-09-27,Champions League,A,Paris SG
1718,FC Koln,2017-09-28,Europa League,H,Red Star Belgrade
1718,Hertha,2017-09-28,Europa League,A,Östersunds FK
1718,Hoffenheim,2017-09-28,Europa League,A,Ludogorets Razgrad
1718,Darmstadt,2017-09-29,2. Bundesliga,A,FC Ingolstadt 04
1718,Greuther Furth,2017-09-29,2. Bundesliga,A,1. FC Kaiserslautern
1718,Leverkusen,2017-09-29,Bundesliga,A,Schalke 04
1718,Schalke 04,2017-09-29,Bundesliga,H,Leverkusen
1718,Augsburg,2017-09-30,Bundesliga,H,Dortmund
1718,Bielefeld,2017-09-30,2. Bundesliga,A,Nurnberg
1718,Bochum,2017-09-30,2. Bundesliga,A,Holstein Kiel
1718,Dortmund,2017-09-30,Bundesliga,A,Augsburg
1718,Ein Frankfurt,2017-09-30,Bundesliga,H,Stuttgart
1718,Hamburg,2017-09-30,Bundesliga,H,Werder Bremen
1718,Hannover,2017-09-30,Bundesliga,A,M'gladbach
1718,Holstein Kiel,2017-09-30,2. Bundesliga,H,Bochum
1718,M'gladbach,2017-09-30,Bundesliga,H,Hannover
1718,Mainz,2017-09-30,Bundesliga,A,Wolfsburg
1718,Nurnberg,2017-09-30,2. Bundesliga,H,Bielefeld
1718,Stuttgart,2017-09-30,Bundesliga,A,Ein Frankfurt
1718,Union Berlin,2017-09-30,2. Bundesliga,A,Erzgebirge Aue
1718,Werder Bremen,2017-09-30,Bundesliga,A,Hamburg
1718,Wolfsburg,2017-09-30,Bundesliga,H,Mainz
1718,Bayern Munich,2017-10-01,Bundesliga,A,Hertha
1718,FC Koln,2017-10-01,Bundesliga,H,RB Leipzig
1718,Freiburg,2017-10-01,Bundesliga,H,Hoffenheim
1718,Heidenheim,2017-10-01,2. Bundesliga,H,Dynamo Dresden
1718,Hertha,2017-10-01,Bundesliga,H,Bayern Munich
1718,Hoffenheim,2017-10-01,Bundesliga,A,Freiburg
1718,RB Leipzig,2017-10-01,Bundesliga,A,FC Koln
1718,St Pauli,2017-10-01,2. Bundesliga,A,Eintracht Braunschweig
1718,Fortuna Dusseldorf,2017-10-02,2. Bundesliga,H,MSV Duisburg
1718,FC Koln,2017-10-13,Bundesliga,A,Stuttgart
1718,St Pauli,2017-10-13,2. Bundesliga,H,1. FC Kaiserslautern
1718,Stuttgart,2017-10-13,Bundesliga,H,FC Koln
1718,Augsburg,2017-10-14,Bundesliga,A,Hoffenheim
1718,Bayern Munich,2017-10-14,Bundesliga,H,Freiburg
1718,Bielefeld,2017-10-14,2. Bundesliga,H,Fortuna Dusseldorf
1718,Bochum,2017-10-14,2. Bundesliga,H,SV Sandhausen
1718,Dortmund,2017-10-14,Bundesliga,H,RB Leipzig
1718,Ein Frankfurt,2017-10-14,Bundesliga,A,Hannover
1718,Fortuna Dusseldorf,2017-10-14,2. Bundesliga,A,Bielefeld
1718,Freiburg,2017-10-14,Bundesliga,A,Bayern Munich
1718,Hamburg,2017-10-14,Bundesliga,A,Mainz
1718,Hannover,2017-10-14,Bundesliga,H,Ein Frankfurt
1718,Hertha,2017-10-14,Bundesliga,H,Schalke 04
1718,Hoffenheim,2017-10-14,Bundesliga,H,Augsburg
1718,Mainz,2017-10-14,Bundesliga,H,Hamburg
1718,RB Leipzig,2017-10-14,Bundesliga,A,Dortmund
1718,Schalke 04,2017-10-14,Bundesliga,A,Hertha
1718,Greuther Furth,2017-10-15,2. Bundesliga,H,Erzgebirge Aue
1718,Heidenheim,2017-10-15,2. Bundesliga,H,Holstein Kiel
1718,Holstein Kiel,2017-10-15,2. Bundesliga,A,Heidenheim
1718,Leverkusen,2017-10-15,Bundesliga,H,Wolfsburg
1718,M'gladbach,2017-10-15,Bundesliga,A,Werder Bremen
1718,Union Berlin,2017-10-15,2. Bundesliga,A,Jahn Regensburg
1718,Werder Bremen,2017-10-15,Bundesliga,H,M'gladbach
1718,Wolfsburg,2017-10-15,Bundesliga,A,Leverkusen
1718,Darmstadt,2017-10-16,2. Bundesliga,H,Nurnberg
1718,Nurnberg,2017-10-16,2. Bundesliga,A,Darmstadt
1718,Dortmund,2017-10-17,Champions League,A,APOEL Nikosia
1718,RB Leipzig,2017-10-17,Champions League,H,FC Porto
1718,Bayern Munich,2017-10-18,Champions League,H,Celtic FC
1718,FC Koln,2017-10-19,Europa League,A,BATE Borisov
1718,Hertha,2017-10-19,Europa League,A,Zorya Luhansk
1718,Hoffenheim,2017-10-19,Europa League,H,İstanbul Başakşehir
1718,Darmstadt,2017-10-20,2. Bundesliga,A,Fortuna Dusseldorf
1718,Fortuna Dusseldorf,2017-10-20,2. Bundesliga,H,Darmstadt
1718,Heidenheim,2017-10-20,2. Bundesliga,A,FC Ingolstadt 04
1718,Mainz,2017-10-20,Bundesliga,A,Schalke 04
1718,Schalke 04,2017-10-20,Bundesliga,H,Mainz
1718,Augsburg,2017-10-21,Bundesliga,H,Hannover
1718,Bayern Munich,2017-10-21,Bundesliga,A,Hamburg
1718,Bielefeld,2017-10-21,2. Bundesliga,A,Holstein Kiel
1718,Bochum,2017-10-21,2. Bundesliga,A,Eintracht Braunschweig
1718,Dortmund,2017-10-21,Bundesliga,A,Ein Frankfurt
1718,Ein Frankfurt,2017-10-21,Bundesliga,H,Dortmund
1718,Greuther Furth,2017-10-21,2. Bundesliga,A,Union Berlin
1718,Hamburg,2017-10-21,Bundesliga,H,Bayern Munich
1718,Hannover,2017-10-21,Bundesliga,A,Augsburg
1718,Holstein Kiel,2017-10-21,2. Bundesliga,H,Bielefeld
1718,Leverkusen,2017-10-21,Bundesliga,A,M'gladbach
1718,M'gladbach,2017-10-21,Bundesliga,H,Leverkusen
1718,RB Leipzig,2017-10-21,Bundesliga,H,Stuttgart
1718,Stuttgart,2017-10-21,Bundesliga,A,RB Leipzig
1718,Union Berlin,2017-10-21,2. Bundesliga,H,Greuther Furth
1718,FC Koln,2017-10-22,Bundesliga,H,Werder Bremen
1718,Freiburg,2017-10-22,Bundesliga,H,Hertha
1718,Hertha,2017-10-22,Bundesliga,A,Freiburg
1718,Hoffenheim,2017-10-22,Bundesliga,A,Wolfsburg
1718,Nurnberg,2017-10-22,2. Bundesliga,H,Dynamo Dresden
1718,Werder Bremen,2017-10-22,Bundesliga,A,FC Koln
1718,Wolfsburg,2017-10-22,Bundesliga,H,Hoffenheim
1718,St Pauli,2017-10-23,2. Bundesliga,A,SV Sandhausen
1718,Bochum,2017-10-24,DFB-Pokal,A,Paderborn
1718,Dortmund,2017-10-24,DFB-Pokal,A,1. FC Magdeburg
1718,Ein Frankfurt,2017-10-24,DFB-Pokal,A,Schweinfurt 05
1718,Fortuna Dusseldorf,2017-10-24,DFB-Pokal,H,M'gladbach
1718,Greuther Furth,2017-10-24,DFB-Pokal,H,FC Ingolstadt
1718,Holstein Kiel,2017-10-24,DFB-Pokal,A,Mainz
1718,Leverkusen,2017-10-24,DFB-Pokal,H,Union Berlin
1718,M'gladbach,2017-10-24,DFB-Pokal,A,Fortuna Dusseldorf
1718,Mainz,2017-10-24,DFB-Pokal,H,Holstein Kiel
1718,Paderborn,2017-10-24,DFB-Pokal,H,Bochum
1718,Schalke 04,2017-10-24,DFB-Pokal,A,Wehen Wiesbaden
1718,Union Berlin,2017-10-24,DFB-Pokal,A,Leverkusen
1718,Bayern Munich,2017-10-25,DFB-Pokal,A,RB Leipzig
1718,FC Koln,2017-10-25,DFB-Pokal,A,Hertha
1718,Freiburg,2017-10-25,DFB-Pokal,H,Dynamo Dresden
1718,Hannover,2017-10-25,DFB-Pokal,A,Wolfsburg
1718,Heidenheim,2017-10-25,DFB-Pokal,A,Jahn Regensburg
1718,Hertha,2017-10-25,DFB-Pokal,H,FC Koln
1718,Hoffenheim,2017-10-25,DFB-Pokal,A,Werder Bremen
1718,Nurnberg,2017-10-25,DFB-Pokal,A,VfL Osnabrück
1718,RB Leipzig,2017-10-25,DFB-Pokal,H,Bayern Munich
1718,Stuttgart,2017-10-25,DFB-Pokal,A,1. FC Kaiserslautern
1718,Werder Bremen,2017-10-25,DFB-Pokal,H,Hoffenheim
1718,Wolfsburg,2017-10-25,DFB-Pokal,H,Hannover
1718,Bielefeld,2017-10-27,2. Bundesliga,H,FC Ingolstadt 04
1718,Ein Frankfurt,2017-10-27,Bundesliga,A,Mainz
1718,Mainz,2017-10-27,Bundesliga,H,Ein Frankfurt
1718,St Pauli,2017-10-27,2. Bundesliga,H,Erzgebirge Aue
1718,Bayern Munich,2017-10-28,Bundesliga,H,RB Leipzig
1718,Darmstadt,2017-10-28,2. Bundesliga,H,Holstein Kiel
1718,Dortmund,2017-10-28,Bundesliga,A,Hannover
1718,FC Koln,2017-10-28,Bundesliga,A,Leverkusen
1718,Greuther Furth,2017-10-28,2. Bundesliga,H,SV Sandhausen
1718,Hamburg,2017-10-28,Bundesliga,A,Hertha
1718,Hannover,2017-10-28,Bundesliga,H,Dortmund
1718,Hertha,2017-10-28,Bundesliga,H,Hamburg
1718,Hoffenheim,2017-10-28,Bundesliga,H,M'gladbach
1718,Holstein Kiel,2017-10-28,2. Bundesliga,A,Darmstadt
1718,Leverkusen,2017-10-28,Bundesliga,H,FC Koln
1718,M'gladbach,2017-10-28,Bundesliga,A,Hoffenheim
1718,RB Leipzig,2017-10-28,Bundesliga,A,Bayern Munich
1718,Schalke 04,2017-10-28,Bundesliga,H,Wolfsburg
1718,Wolfsburg,2017-10-28,Bundesliga,A,Schalke 04
1718,Augsburg,2017-10-29,Bundesliga,A,Werder Bremen
1718,Freiburg,2017-10-29,Bundesliga,A,Stuttgart
1718,Heidenheim,2017-10-29,2. Bundesliga,H,Nurnberg
1718,Nurnberg,2017-10-29,2. Bundesliga,A,Heidenheim
1718,Stuttgart,2017-10-29,Bundesliga,H,Freiburg
1718,Union Berlin,2017-10-29,2. Bundesliga,A,MSV Duisburg
1718,Werder Bremen,2017-10-29,Bundesliga,H,Augsburg
1718,Bochum,2017-10-30,2. Bundesliga,H,Fortuna Dusseldorf
1718,Fortuna Dusseldorf,2017-10-30,2. Bundesliga,A,Bochum
1718,Bayern Munich,2017-10-31,Champions League,A,Celtic FC
1718,Dortmund,2017-11-01,Champions League,H,APOEL Nikosia
1718,RB Leipzig,2017-11-01,Champions League,A,FC Porto
1718,FC Koln,2017-11-02,Europa League,H,BATE Borisov
1718,Hertha,2017-11-02,Europa League,H,Zorya Luhansk
1718,Hoffenheim,2017-11-02,Europa League,A,İstanbul Başakşehir
1718,Bochum,2017-11-03,2. Bundesliga,A,1. FC Kaiserslautern
1718,Ein Frankfurt,2017-11-03,Bundesliga,H,Werder Bremen
1718,Werder Bremen,2017-11-03,Bundesliga,A,Ein Frankfurt
1718,Augsburg,2017-11-04,Bundesliga,H,Leverkusen
1718,Bayern Munich,2017-11-04,Bundesliga,A,Dortmund
1718,Darmstadt,2017-11-04,2. Bundesliga,A,Eintracht Braunschweig
1718,Dortmund,2017-11-04,Bundesliga,H,Bayern Munich
1718,Freiburg,2017-11-04,Bundesliga,H,Schalke 04
1718,Greuther Furth,2017-11-04,2. Bundesliga,A,Jahn Regensburg
1718,Hamburg,2017-11-04,Bundesliga,H,Stuttgart
1718,Hannover,2017-11-04,Bundesliga,A,RB Leipzig
1718,Leverkusen,2017-11-04,Bundesliga,A,Augsburg
1718,M'gladbach,2017-11-04,Bundesliga,H,Mainz
1718,Mainz,2017-11-04,Bundesliga,A,M'gladbach
1718,RB Leipzig,2017-11-04,Bundesliga,H,Hannover
1718,Schalke 04,2017-11-04,Bundesliga,A,Freiburg
1718,St Pauli,2017-11-04,2. Bundesliga,A,Union Berlin
1718,Stuttgart,2017-11-04,Bundesliga,A,Hamburg
1718,Union Berlin,2017-11-04,2. Bundesliga,H,St Pauli
1718,Bielefeld,2017-11-05,2. Bundesliga,A,Erzgebirge Aue
1718,FC Koln,2017-11-05,Bundesliga,H,Hoffenheim
1718,Fortuna Dusseldorf,2017-11-05,2. Bundesliga,H,Heidenheim
1718,Heidenheim,2017-11-05,2. Bundesliga,A,Fortuna Dusseldorf
1718,Hertha,2017-11-05,Bundesliga,A,Wolfsburg
1718,Hoffenheim,2017-11-05,Bundesliga,A,FC Koln
1718,Holstein Kiel,2017-11-05,2. Bundesliga,H,Dynamo Dresden
1718,Wolfsburg,2017-11-05,Bundesliga,H,Hertha
1718,Nurnberg,2017-11-06,2. Bundesliga,H,FC Ingolstadt 04
1718,Bielefeld,2017-11-17,2. Bundesliga,H,Eintracht Braunschweig
1718,Darmstadt,2017-11-17,2. Bundesliga,H,SV Sandhausen
1718,Dortmund,2017-11-17,Bundesliga,A,Stuttgart
1718,Stuttgart,2017-11-17,Bundesliga,H,Dortmund
1718,Augsburg,2017-11-18,Bundesliga,A,Bayern Munich
1718,Bayern Munich,2017-11-18,Bundesliga,H,Augsburg
1718,Bochum,2017-11-18,2. Bundesliga,H,Greuther Furth
1718,Ein Frankfurt,2017-11-18,Bundesliga,A,Hoffenheim
1718,FC Koln,2017-11-18,Bundesliga,A,Mainz
1718,Freiburg,2017-11-18,Bundesliga,A,Wolfsburg
1718,Greuther Furth,2017-11-18,2. Bundesliga,A,Bochum
1718,Heidenheim,2017-11-18,2. Bundesliga,H,Union Berlin
1718,Hertha,2017-11-18,Bundesliga,H,M'gladbach
1718,Hoffenheim,2017-11-18,Bundesliga,H,Ein Frankfurt
1718,Holstein Kiel,2017-11-18,2. Bundesliga,A,Nurnberg
1718,Leverkusen,2017-11-18,Bundesliga,H,RB Leipzig
1718,M'gladbach,2017-11-18,Bundesliga,A,Hertha
1718,Mainz,2017-11-18,Bundesliga,H,FC Koln
1718,Nurnberg,2017-11-18,2. Bundesliga,H,Holstein Kiel
1718,RB Leipzig,2017-11-18,Bundesliga,A,Leverkusen
1718,Union Berlin,2017-11-18,2. Bundesliga,A,Heidenheim
1718,Wolfsburg,2017-11-18,Bundesliga,H,Freiburg
1718,Fortuna Dusseldorf,2017-11-19,2. Bundesliga,A,FC Ingolstadt 04
1718,Hamburg,2017-11-19,Bundesliga,A,Schalke 04
1718,Hannover,2017-11-19,Bundesliga,A,Werder Bremen
1718,Schalke 04,2017-11-19,Bundesliga,H,Hamburg
1718,St Pauli,2017-11-19,2. Bundesliga,H,Jahn Regensburg
1718,Werder Bremen,2017-11-19,Bundesliga,H,Hannover
1718,Dortmund,2017-11-21,Champions League,H,Tottenham
1718,RB Leipzig,2017-11-21,Champions League,A,Monaco
1718,Bayern Munich,2017-11-22,Champions League,A,RSC Anderlecht
1718,FC Koln,2017-11-23,Europa League,H,Arsenal
1718,Hertha,2017-11-23,Europa League,A,Athletic Bilbao
1718,Hoffenheim,2017-11-23,Europa League,A,Braga
1718,Darmstadt,2017-11-24,2. Bundesliga,A,Union Berlin
1718,Hannover,2017-11-24,Bundesliga,H,Stuttgart
1718,Heidenheim,2017-11-24,2. Bundesliga,A,SV Sandhausen
1718,Stuttgart,2017-11-24,Bundesliga,A,Hannover
1718,Union Berlin,2017-11-24,2. Bundesliga,H,Darmstadt
1718,Augsburg,2017-11-25,Bundesliga,H,Wolfsburg
1718,Bayern Munich,2017-11-25,Bundesliga,A,M'gladbach
1718,Dortmund,2017-11-25,Bundesliga,H,Schalke 04
1718,Ein Frankfurt,2017-11-25,Bundesliga,H,Leverkusen
1718,Freiburg,2017-11-25,Bundesliga,H,Mainz
1718,Holstein Kiel,2017-11-25,2. Bundesliga,H,FC Ingolstadt 04
1718,Leverkusen,2017-11-25,Bundesliga,A,Ein Frankfurt
1718,M'gladbach,2017-11-25,Bundesliga,H,Bayern Munich
1718,Mainz,2017-11-25,Bundesliga,A,Freiburg
1718,Nurnberg,2017-11-25,2. Bundesliga,A,Eintracht Braunschweig
1718,RB Leipzig,2017-11-25,Bundesliga,H,Werder Bremen
1718,Schalke 04,2017-11-25,Bundesliga,A,Dortmund
1718,Werder Bremen,2017-11-25,Bundesliga,A,RB Leipzig
1718,Wolfsburg,2017-11-25,Bundesliga,A,Augsburg
1718,Bielefeld,2017-11-26,2. Bundesliga,A,1. FC Kaiserslautern
1718,Bochum,2017-11-26,2. Bundesliga,A,Erzgebirge Aue
1718,FC Koln,2017-11-26,Bundesliga,H,Hertha
1718,Greuther Furth,2017-11-26,2. Bundesliga,H,St Pauli
1718,Hamburg,2017-11-26,Bundesliga,H,Hoffenheim
1718,Hertha,2017-11-26,Bundesliga,A,FC Koln
1718,Hoffenheim,2017-11-26,Bundesliga,A,Hamburg
1718,St Pauli,2017-11-26,2. Bundesliga,A,Greuther Furth
1718,Fortuna Dusseldorf,2017-11-27,2. Bundesliga,H,Dynamo Dresden
1718,Bielefeld,2017-12-01,2. Bundesliga,H,St Pauli
1718,Freiburg,2017-12-01,Bundesliga,H,Hamburg
1718,Hamburg,2017-12-01,Bundesliga,A,Freiburg
1718,Heidenheim,2017-12-01,2. Bundesliga,H,1. FC Kaiserslautern
1718,St Pauli,2017-12-01,2. Bundesliga,A,Bielefeld
1718,Augsburg,2017-12-02,Bundesliga,A,Mainz
1718,Bayern Munich,2017-12-02,Bundesliga,H,Hannover
1718,Dortmund,2017-12-02,Bundesliga,A,Leverkusen
1718,FC Koln,2017-12-02,Bundesliga,A,Schalke 04
1718,Fortuna Dusseldorf,2017-12-02,2. Bundesliga,A,Holstein Kiel
1718,Greuther Furth,2017-12-02,2. Bundesliga,A,MSV Duisburg
1718,Hannover,2017-12-02,Bundesliga,A,Bayern Munich
1718,Hoffenheim,2017-12-02,Bundesliga,H,RB Leipzig
1718,Holstein Kiel,2017-12-02,2. Bundesliga,H,Fortuna Dusseldorf
1718,Leverkusen,2017-12-02,Bundesliga,H,Dortmund
1718,Mainz,2017-12-02,Bundesliga,H,Augsburg
1718,Nurnberg,2017-12-02,2. Bundesliga,H,SV Sandhausen
1718,RB Leipzig,2017-12-02,Bundesliga,A,Hoffenheim
1718,Schalke 04,2017-12-02,Bundesliga,H,FC Koln
1718,Stuttgart,2017-12-02,Bundesliga,A,Werder Bremen
1718,Werder Bremen,2017-12-02,Bundesliga,H,Stuttgart
1718,Bochum,2017-12-03,2. Bundesliga,H,Union Berlin
1718,Darmstadt,2017-12-03,2. Bundesliga,H,Jahn Regensburg
1718,Ein Frankfurt,2017-12-03,Bundesliga,A,Hertha
1718,Hertha,2017-12-03,Bundesliga,H,Ein Frankfurt
1718,M'gladbach,2017-12-03,Bundesliga,A,Wolfsburg
1718,Union Berlin,2017-12-03,2. Bundesliga,A,Bochum
1718,Wolfsburg,2017-12-03,Bundesliga,H,M'gladbach
1718,Bayern Munich,2017-12-05,Champions League,H,Paris SG
1718,Dortmund,2017-12-06,Champions League,A,Real Madrid
1718,RB Leipzig,2017-12-06,Champions League,H,Beşiktaş
1718,FC Koln,2017-12-07,Europa League,A,Red Star Belgrade
1718,Hertha,2017-12-07,Europa League,H,Östersunds FK
1718,Hoffenheim,2017-12-07,Europa League,H,Ludogorets Razgrad
1718,Darmstadt,2017-12-08,2. Bundesliga,A,Erzgebirge Aue
1718,Holstein Kiel,2017-12-08,2. Bundesliga,A,Eintracht Braunschweig
1718,Leverkusen,2017-12-08,Bundesliga,A,Stuttgart
1718,Stuttgart,2017-12-08,Bundesliga,H,Leverkusen
1718,Bayern Munich,2017-12-09,Bundesliga,A,Ein Frankfurt
1718,Bochum,2017-12-09,2. Bundesliga,A,Jahn Regensburg
1718,Dortmund,2017-12-09,Bundesliga,H,Werder Bremen
1718,Ein Frankfurt,2017-12-09,Bundesliga,H,Bayern Munich
1718,Greuther Furth,2017-12-09,2. Bundesliga,H,Heidenheim
1718,Hamburg,2017-12-09,Bundesliga,H,Wolfsburg
1718,Heidenheim,2017-12-09,2. Bundesliga,A,Greuther Furth
1718,M'gladbach,2017-12-09,Bundesliga,H,Schalke 04
1718,Mainz,2017-12-09,Bundesliga,A,RB Leipzig
1718,RB Leipzig,2017-12-09,Bundesliga,H,Mainz
1718,Schalke 04,2017-12-09,Bundesliga,A,M'gladbach
1718,Union Berlin,2017-12-09,2. Bundesliga,H,Dynamo Dresden
1718,Werder Bremen,2017-12-09,Bundesliga,A,Dortmund
1718,Wolfsburg,2017-12-09,Bundesliga,A,Hamburg
1718,Augsburg,2017-12-10,Bundesliga,H,Hertha
1718,Bielefeld,2017-12-10,2. Bundesliga,A,SV Sandhausen
1718,FC Koln,2017-12-10,Bundesliga,H,Freiburg
1718,Freiburg,2017-12-10,Bundesliga,A,FC Koln
1718,Hannover,2017-12-10,Bundesliga,H,Hoffenheim
1718,Hertha,2017-12-10,Bundesliga,A,Augsburg
1718,Hoffenheim,2017-12-10,Bundesliga,A,Hannover
1718,St Pauli,2017-12-10,2. Bundesliga,H,MSV Duisburg
1718,Fortuna Dusseldorf,2017-12-11,2. Bundesliga,H,Nurnberg
1718,Nurnberg,2017-12-11,2. Bundesliga,A,Fortuna Dusseldorf
1718,Dortmund,2017-12-12,Bundesliga,A,Mainz
1718,Ein Frankfurt,2017-12-12,Bundesliga,A,Hamburg
1718,Freiburg,2017-12-12,Bundesliga,H,M'gladbach
1718,Hamburg,2017-12-12,Bundesliga,H,Ein Frankfurt
1718,M'gladbach,2017-12-12,Bundesliga,A,Freiburg
1718,Mainz,2017-12-12,Bundesliga,H,Dortmund
1718,RB Leipzig,2017-12-12,Bundesliga,A,Wolfsburg
1718,Wolfsburg,2017-12-12,Bundesliga,H,RB Leipzig
1718,Augsburg,2017-12-13,Bundesliga,A,Schalke 04
1718,Bayern Munich,2017-12-13,Bundesliga,H,FC Koln
1718,FC Koln,2017-12-13,Bundesliga,A,Bayern Munich
1718,Hannover,2017-12-13,Bundesliga,A,Hertha
1718,Hertha,2017-12-13,Bundesliga,H,Hannover
1718,Hoffenheim,2017-12-13,Bundesliga,H,Stuttgart
1718,Leverkusen,2017-12-13,Bundesliga,H,Werder Bremen
1718,Schalke 04,2017-12-13,Bundesliga,H,Augsburg
1718,Stuttgart,2017-12-13,Bundesliga,A,Hoffenheim
1718,Werder Bremen,2017-12-13,Bundesliga,A,Leverkusen
1718,Fortuna Dusseldorf,2017-12-15,2. Bundesliga,A,Eintracht Braunschweig
1718,Hamburg,2017-12-15,Bundesliga,A,M'gladbach
1718,M'gladbach,2017-12-15,Bundesliga,H,Hamburg
1718,Union Berlin,2017-12-15,2. Bundesliga,H,FC Ingolstadt 04
1718,Augsburg,2017-12-16,Bundesliga,H,Freiburg
1718,Bayern Munich,2017-12-16,Bundesliga,A,Stuttgart
1718,Bielefeld,2017-12-16,2. Bundesliga,A,Jahn Regensburg
1718,Dortmund,2017-12-16,Bundesliga,H,Hoffenheim
1718,Ein Frankfurt,2017-12-16,Bundesliga,H,Schalke 04
1718,FC Koln,2017-12-16,Bundesliga,H,Wolfsburg
1718,Freiburg,2017-12-16,Bundesliga,A,Augsburg
1718,Heidenheim,2017-12-16,2. Bundesliga,A,Erzgebirge Aue
1718,Hoffenheim,2017-12-16,Bundesliga,A,Dortmund
1718,Mainz,2017-12-16,Bundesliga,A,Werder Bremen
1718,Nurnberg,2017-12-16,2. Bundesliga,A,1. FC Kaiserslautern
1718,Schalke 04,2017-12-16,Bundesliga,A,Ein Frankfurt
1718,Stuttgart,2017-12-16,Bundesliga,H,Bayern Munich
1718,Werder Bremen,2017-12-16,Bundesliga,H,Mainz
1718,Wolfsburg,2017-12-16,Bundesliga,A,FC Koln
1718,Darmstadt,2017-12-17,2. Bundesliga,A,Greuther Furth
1718,Greuther Furth,2017-12-17,2. Bundesliga,H,Darmstadt
1718,Hannover,2017-12-17,Bundesliga,H,Leverkusen
1718,Hertha,2017-12-17,Bundesliga,A,RB Leipzig
1718,Holstein Kiel,2017-12-17,2. Bundesliga,A,SV Sandhausen
1718,Leverkusen,2017-12-17,Bundesliga,A,Hannover
1718,RB Leipzig,2017-12-17,Bundesliga,H,Hertha
1718,Bochum,2017-12-18,2. Bundesliga,A,St Pauli
1718,St Pauli,2017-12-18,2. Bundesliga,H,Bochum
1718,FC Koln,2017-12-19,DFB-Pokal,A,Schalke 04
1718,Mainz,2017-12-19,DFB-Pokal,H,Stuttgart
1718,Nurnberg,2017-12-19,DFB-Pokal,H,Wolfsburg
1718,Paderborn,2017-12-19,DFB-Pokal,H,FC Ingolstadt
1718,Schalke 04,2017-12-19,DFB-Pokal,H,FC Koln
1718,Stuttgart,2017-12-19,DFB-Pokal,A,Mainz
1718,Wolfsburg,2017-12-19,DFB-Pokal,A,Nurnberg
1718,Bayern Munich,2017-12-20,DFB-Pokal,H,Dortmund
1718,Dortmund,2017-12-20,DFB-Pokal,A,Bayern Munich
1718,Ein Frankfurt,2017-12-20,DFB-Pokal,A,Heidenheim
1718,Freiburg,2017-12-20,DFB-Pokal,A,Werder Bremen
1718,Heidenheim,2017-12-20,DFB-Pokal,H,Ein Frankfurt
1718,Leverkusen,2017-12-20,DFB-Pokal,A,M'gladbach
1718,M'gladbach,2017-12-20,DFB-Pokal,H,Leverkusen
1718,Werder Bremen,2017-12-20,DFB-Pokal,H,Freiburg
1718,Bayern Munich,2018-01-12,Bundesliga,A,Leverkusen
1718,Leverkusen,2018-01-12,Bundesliga,H,Bayern Munich
1718,Augsburg,2018-01-13,Bundesliga,H,Hamburg
1718,Ein Frankfurt,2018-01-13,Bundesliga,H,Freiburg
1718,Freiburg,2018-01-13,Bundesliga,A,Ein Frankfurt
1718,Hamburg,2018-01-13,Bundesliga,A,Augsburg
1718,Hannover,2018-01-13,Bundesliga,H,Mainz
1718,Hertha,2018-01-13,Bundesliga,A,Stuttgart
1718,Hoffenheim,2018-01-13,Bundesliga,A,Werder Bremen
1718,Mainz,2018-01-13,Bundesliga,A,Hannover
1718,RB Leipzig,2018-01-13,Bundesliga,H,Schalke 04
1718,Schalke 04,2018-01-13,Bundesliga,A,RB Leipzig
1718,Stuttgart,2018-01-13,Bundesliga,H,Hertha
1718,Werder Bremen,2018-01-13,Bundesliga,H,Hoffenheim
1718,Dortmund,2018-01-14,Bundesliga,H,Wolfsburg
1718,FC Koln,2018-01-14,Bundesliga,H,M'gladbach
1718,M'gladbach,2018-01-14,Bundesliga,A,FC Koln
1718,Wolfsburg,2018-01-14,Bundesliga,A,Dortmund
1718,Dortmund,2018-01-19,Bundesliga,A,Hertha
1718,Hertha,2018-01-19,Bundesliga,H,Dortmund
1718,Augsburg,2018-01-20,Bundesliga,A,M'gladbach
1718,Ein Frankfurt,2018-01-20,Bundesliga,A,Wolfsburg
1718,FC Koln,2018-01-20,Bundesliga,A,Hamburg
1718,Freiburg,2018-01-20,Bundesliga,H,RB Leipzig
1718,Hamburg,2018-01-20,Bundesliga,H,FC Koln
1718,Hoffenheim,2018-01-20,Bundesliga,H,Leverkusen
1718,Leverkusen,2018-01-20,Bundesliga,A,Hoffenheim
1718,M'gladbach,2018-01-20,Bundesliga,H,Augsburg
1718,Mainz,2018-01-20,Bundesliga,H,Stuttgart
1718,RB Leipzig,2018-01-20,Bundesliga,A,Freiburg
1718,Stuttgart,2018-01-20,Bundesliga,A,Mainz
1718,Wolfsburg,2018-01-20,Bundesliga,H,Ein Frankfurt
1718,Bayern Munich,2018-01-21,Bundesliga,H,Werder Bremen
1718,Hannover,2018-01-21,Bundesliga,A,Schalke 04
1718,Schalke 04,2018-01-21,Bundesliga,H,Hannover
1718,Werder Bremen,2018-01-21,Bundesliga,A,Bayern Munich
1718,Bochum,2018-01-23,2. Bundesliga,H,MSV Duisburg
1718,Holstein Kiel,2018-01-23,2. Bundesliga,H,Union Berlin
1718,Nurnberg,2018-01-23,2. Bundesliga,H,Jahn Regensburg
1718,Union Berlin,2018-01-23,2. Bundesliga,A,Holstein Kiel
1718,Bielefeld,2018-01-24,2. Bundesliga,H,Greuther Furth
1718,Fortuna Dusseldorf,2018-01-24,2. Bundesliga,H,Erzgebirge Aue
1718,Greuther Furth,2018-01-24,2. Bundesliga,A,Bielefeld
1718,Heidenheim,2018-01-24,2. Bundesliga,H,Eintracht Braunschweig
1718,St Pauli,2018-01-25,2. Bundesliga,A,Dynamo Dresden
1718,Ein Frankfurt,2018-01-26,Bundesliga,H,M'gladbach
1718,M'gladbach,2018-01-26,Bundesliga,A,Ein Frankfurt
1718,Nurnberg,2018-01-26,2. Bundesliga,A,Union Berlin
1718,Union Berlin,2018-01-26,2. Bundesliga,H,Nurnberg
1718,Augsburg,2018-01-27,Bundesliga,A,FC Koln
1718,Bayern Munich,2018-01-27,Bundesliga,H,Hoffenheim
1718,Dortmund,2018-01-27,Bundesliga,H,Freiburg
1718,FC Koln,2018-01-27,Bundesliga,H,Augsburg
1718,Fortuna Dusseldorf,2018-01-27,2. Bundesliga,A,1. FC Kaiserslautern
1718,Freiburg,2018-01-27,Bundesliga,A,Dortmund
1718,Greuther Furth,2018-01-27,2. Bundesliga,H,Holstein Kiel
1718,Hamburg,2018-01-27,Bundesliga,A,RB Leipzig
1718,Heidenheim,2018-01-27,2. Bundesliga,A,MSV Duisburg
1718,Hertha,2018-01-27,Bundesliga,A,Werder Bremen
1718,Hoffenheim,2018-01-27,Bundesliga,A,Bayern Munich
1718,Holstein Kiel,2018-01-27,2. Bundesliga,A,Greuther Furth
1718,RB Leipzig,2018-01-27,Bundesliga,H,Hamburg
1718,Schalke 04,2018-01-27,Bundesliga,A,Stuttgart
1718,Stuttgart,2018-01-27,Bundesliga,H,Schalke 04
1718,Werder Bremen,2018-01-27,Bundesliga,H,Hertha
1718,Darmstadt,2018-01-28,2. Bundesliga,A,St Pauli
1718,Hannover,2018-01-28,Bundesliga,H,Wolfsburg
1718,Leverkusen,2018-01-28,Bundesliga,H,Mainz
1718,Mainz,2018-01-28,Bundesliga,A,Leverkusen
1718,St Pauli,2018-01-28,2. Bundesliga,H,Darmstadt
1718,Wolfsburg,2018-01-28,Bundesliga,A,Hannover
1718,Bielefeld,2018-01-29,2. Bundesliga,A,Bochum
1718,Bochum,2018-01-29,2. Bundesliga,H,Bielefeld
1718,Dortmund,2018-02-02,Bundesliga,A,FC Koln
1718,FC Koln,2018-02-02,Bundesliga,H,Dortmund
1718,Fortuna Dusseldorf,2018-02-02,2. Bundesliga,H,SV Sandhausen
1718,Nurnberg,2018-02-02,2. Bundesliga,H,Erzgebirge Aue
1718,Bayern Munich,2018-02-03,Bundesliga,A,Mainz
1718,Freiburg,2018-02-03,Bundesliga,H,Leverkusen
1718,Greuther Furth,2018-02-03,2. Bundesliga,A,FC Ingolstadt 04
1718,Heidenheim,2018-02-03,2. Bundesliga,H,St Pauli
1718,Hertha,2018-02-03,Bundesliga,H,Hoffenheim
1718,Hoffenheim,2018-02-03,Bundesliga,A,Hertha
1718,Holstein Kiel,2018-02-03,2. Bundesliga,H,Jahn Regensburg
1718,Leverkusen,2018-02-03,Bundesliga,A,Freiburg
1718,M'gladbach,2018-02-03,Bundesliga,H,RB Leipzig
1718,Mainz,2018-02-03,Bundesliga,H,Bayern Munich
1718,RB Leipzig,2018-02-03,Bundesliga,A,M'gladbach
1718,Schalke 04,2018-02-03,Bundesliga,H,Werder Bremen
1718,St Pauli,2018-02-03,2. Bundesliga,A,Heidenheim
1718,Stuttgart,2018-02-03,Bundesliga,A,Wolfsburg
1718,Werder Bremen,2018-02-03,Bundesliga,A,Schalke 04
1718,Wolfsburg,2018-02-03,Bundesliga,H,Stuttgart
1718,Augsburg,2018-02-04,Bundesliga,H,Ein Frankfurt
1718,Bochum,2018-02-04,2. Bundesliga,A,Dynamo Dresden
1718,Darmstadt,2018-02-04,2. Bundesliga,H,MSV Duisburg
1718,Ein Frankfurt,2018-02-04,Bundesliga,A,Augsburg
1718,Hamburg,2018-02-04,Bundesliga,H,Hannover
1718,Hannover,2018-02-04,Bundesliga,A,Hamburg
1718,Bielefeld,2018-02-05,2. Bundesliga,H,Union Berlin
1718,Union Berlin,2018-02-05,2. Bundesliga,A,Bielefeld
1718,Bayern Munich,2018-02-06,DFB-Pokal,A,Paderborn
1718,Leverkusen,2018-02-06,DFB-Pokal,H,Werder Bremen
1718,Paderborn,2018-02-06,DFB-Pokal,H,Bayern Munich
1718,Werder Bremen,2018-02-06,DFB-Pokal,A,Leverkusen
1718,Ein Frankfurt,2018-02-07,DFB-Pokal,H,Mainz
1718,Mainz,2018-02-07,DFB-Pokal,A,Ein Frankfurt
1718,Schalke 04,2018-02-07,DFB-Pokal,H,Wolfsburg
1718,Wolfsburg,2018-02-07,DFB-Pokal,A,Schalke 04
1718,Augsburg,2018-02-09,Bundesliga,A,RB Leipzig
1718,Bochum,2018-02-09,2. Bundesliga,H,Darmstadt
1718,Darmstadt,2018-02-09,2. Bundesliga,A,Bochum
1718,Holstein Kiel,2018-02-09,2. Bundesliga,A,1. FC Kaiserslautern
1718,RB Leipzig,2018-02-09,Bundesliga,H,Augsburg
1718,Bayern Munich,2018-02-10,Bundesliga,H,Schalke 04
1718,Bielefeld,2018-02-10,2. Bundesliga,A,MSV Duisburg
1718,Dortmund,2018-02-10,Bundesliga,H,Hamburg
1718,Ein Frankfurt,2018-02-10,Bundesliga,H,FC Koln
1718,FC Koln,2018-02-10,Bundesliga,A,Ein Frankfurt
1718,Fortuna Dusseldorf,2018-02-10,2. Bundesliga,A,Union Berlin
1718,Freiburg,2018-02-10,Bundesliga,A,Hannover
1718,Hamburg,2018-02-10,Bundesliga,A,Dortmund
1718,Hannover,2018-02-10,Bundesliga,H,Freiburg
1718,Heidenheim,2018-02-10,2. Bundesliga,A,Jahn Regensburg
1718,Hertha,2018-02-10,Bundesliga,A,Leverkusen
1718,Hoffenheim,2018-02-10,Bundesliga,H,Mainz
1718,Leverkusen,2018-02-10,Bundesliga,H,Hertha
1718,Mainz,2018-02-10,Bundesliga,A,Hoffenheim
1718,Schalke 04,2018-02-10,Bundesliga,A,Bayern Munich
1718,Union Berlin,2018-02-10,2. Bundesliga,H,Fortuna Dusseldorf
1718,Greuther Furth,2018-02-11,2. Bundesliga,H,Dynamo Dresden
1718,M'gladbach,2018-02-11,Bundesliga,A,Stuttgart
1718,Stuttgart,2018-02-11,Bundesliga,H,M'gladbach
1718,Werder Bremen,2018-02-11,Bundesliga,H,Wolfsburg
1718,Wolfsburg,2018-02-11,Bundesliga,A,Werder Bremen
1718,Nurnberg,2018-02-12,2. Bundesliga,A,St Pauli
1718,St Pauli,2018-02-12,2. Bundesliga,H,Nurnberg
1718,Dortmund,2018-02-15,Europa League,H,Atalanta
1718,RB Leipzig,2018-02-15,Europa League,A,Napoli
1718,Bochum,2018-02-16,2. Bundesliga,A,Heidenheim
1718,Heidenheim,2018-02-16,2. Bundesliga,H,Bochum
1718,Hertha,2018-02-16,Bundesliga,H,Mainz
1718,Mainz,2018-02-16,Bundesliga,A,Hertha
1718,Bayern Munich,2018-02-17,Bundesliga,A,Wolfsburg
1718,Bielefeld,2018-02-17,2. Bundesliga,H,Darmstadt
1718,Darmstadt,2018-02-17,2. Bundesliga,A,Bielefeld
1718,FC Koln,2018-02-17,Bundesliga,H,Hannover
1718,Fortuna Dusseldorf,2018-02-17,2. Bundesliga,H,Greuther Furth
1718,Freiburg,2018-02-17,Bundesliga,H,Werder Bremen
1718,Greuther Furth,2018-02-17,2. Bundesliga,A,Fortuna Dusseldorf
1718,Hamburg,2018-02-17,Bundesliga,H,Leverkusen
1718,Hannover,2018-02-17,Bundesliga,A,FC Koln
1718,Hoffenheim,2018-02-17,Bundesliga,A,Schalke 04
1718,Holstein Kiel,2018-02-17,2. Bundesliga,H,Erzgebirge Aue
1718,Leverkusen,2018-02-17,Bundesliga,A,Hamburg
1718,Schalke 04,2018-02-17,Bundesliga,H,Hoffenheim
1718,St Pauli,2018-02-17,2. Bundesliga,A,FC Ingolstadt 04
1718,Werder Bremen,2018-02-17,Bundesliga,A,Freiburg
1718,Wolfsburg,2018-02-17,Bundesliga,H,Bayern Munich
1718,Augsburg,2018-02-18,Bundesliga,H,Stuttgart
1718,Dortmund,2018-02-18,Bundesliga,A,M'gladbach
1718,M'gladbach,2018-02-18,Bundesliga,H,Dortmund
1718,Nurnberg,2018-02-18,2. Bundesliga,H,MSV Duisburg
1718,Stuttgart,2018-02-18,Bundesliga,A,Augsburg
1718,Union Berlin,2018-02-18,2. Bundesliga,A,Eintracht Braunschweig
1718,Ein Frankfurt,2018-02-19,Bundesliga,H,RB Leipzig
1718,RB Leipzig,2018-02-19,Bundesliga,A,Ein Frankfurt
1718,Bayern Munich,2018-02-20,Champions League,H,Beşiktaş
1718,Darmstadt,2018-02-21,2. Bundesliga,H,1. FC Kaiserslautern
1718,Dortmund,2018-02-22,Europa League,A,Atalanta
1718,RB Leipzig,2018-02-22,Europa League,H,Napoli
1718,Bielefeld,2018-02-23,2. Bundesliga,H,Dynamo Dresden
1718,Fortuna Dusseldorf,2018-02-23,2. Bundesliga,A,Jahn Regensburg
1718,Mainz,2018-02-23,Bundesliga,H,Wolfsburg
1718,Wolfsburg,2018-02-23,Bundesliga,A,Mainz
1718,Bayern Munich,2018-02-24,Bundesliga,H,Hertha
1718,Ein Frankfurt,2018-02-24,Bundesliga,A,Stuttgart
1718,Freiburg,2018-02-24,Bundesliga,A,Hoffenheim
1718,Greuther Furth,2018-02-24,2. Bundesliga,H,Eintracht Braunschweig
1718,Hamburg,2018-02-24,Bundesliga,A,Werder Bremen
1718,Hannover,2018-02-24,Bundesliga,H,M'gladbach
1718,Hertha,2018-02-24,Bundesliga,A,Bayern Munich
1718,Hoffenheim,2018-02-24,Bundesliga,H,Freiburg
1718,M'gladbach,2018-02-24,Bundesliga,A,Hannover
1718,Stuttgart,2018-02-24,Bundesliga,H,Ein Frankfurt
1718,Union Berlin,2018-02-24,2. Bundesliga,H,SV Sandhausen
1718,Werder Bremen,2018-02-24,Bundesliga,H,Hamburg
1718,Bochum,2018-02-25,2. Bundesliga,H,Nurnberg
1718,Darmstadt,2018-02-25,2. Bundesliga,H,Heidenheim
1718,FC Koln,2018-02-25,Bundesliga,A,RB Leipzig
1718,Heidenheim,2018-02-25,2. Bundesliga,A,Darmstadt
1718,Holstein Kiel,2018-02-25,2. Bundesliga,A,St Pauli
1718,Leverkusen,2018-02-25,Bundesliga,H,Schalke 04
1718,Nurnberg,2018-02-25,2. Bundesliga,A,Bochum
1718,RB Leipzig,2018-02-25,Bundesliga,H,FC Koln
1718,Schalke 04,2018-02-25,Bundesliga,A,Leverkusen
1718,St Pauli,2018-02-25,2. Bundesliga,H,Holstein Kiel
1718,Augsburg,2018-02-26,Bundesliga,A,Dortmund
1718,Dortmund,2018-02-26,Bundesliga,H,Augsburg
1718,Darmstadt,2018-03-02,2. Bundesliga,A,Dynamo Dresden
1718,M'gladbach,2018-03-02,Bundesliga,H,Werder Bremen
1718,Union Berlin,2018-03-02,2. Bundesliga,A,1. FC Kaiserslautern
1718,Werder Bremen,2018-03-02,Bundesliga,A,M'gladbach
1718,Augsburg,2018-03-03,Bundesliga,H,Hoffenheim
1718,Dortmund,2018-03-03,Bundesliga,A,RB Leipzig
1718,Ein Frankfurt,2018-03-03,Bundesliga,H,Hannover
1718,Greuther Furth,2018-03-03,2. Bundesliga,A,Nurnberg
1718,Hamburg,2018-03-03,Bundesliga,H,Mainz
1718,Hannover,2018-03-03,Bundesliga,A,Ein Frankfurt
1718,Hertha,2018-03-03,Bundesliga,A,Schalke 04
1718,Hoffenheim,2018-03-03,Bundesliga,A,Augsburg
1718,Holstein Kiel,2018-03-03,2. Bundesliga,H,MSV Duisburg
1718,Leverkusen,2018-03-03,Bundesliga,A,Wolfsburg
1718,Mainz,2018-03-03,Bundesliga,A,Hamburg
1718,Nurnberg,2018-03-03,2. Bundesliga,H,Greuther Furth
1718,RB Leipzig,2018-03-03,Bundesliga,H,Dortmund
1718,Schalke 04,2018-03-03,Bundesliga,H,Hertha
1718,Wolfsburg,2018-03-03,Bundesliga,H,Leverkusen
1718,Bayern Munich,2018-03-04,Bundesliga,A,Freiburg
1718,Bielefeld,2018-03-04,2. Bundesliga,A,Heidenheim
1718,FC Koln,2018-03-04,Bundesliga,H,Stuttgart
1718,Fortuna Dusseldorf,2018-03-04,2. Bundesliga,H,St Pauli
1718,Freiburg,2018-03-04,Bundesliga,H,Bayern Munich
1718,Heidenheim,2018-03-04,2. Bundesliga,H,Bielefeld
1718,St Pauli,2018-03-04,2. Bundesliga,A,Fortuna Dusseldorf
1718,Stuttgart,2018-03-04,Bundesliga,A,FC Koln
1718,Bochum,2018-03-05,2. Bundesliga,A,FC Ingolstadt 04
1718,Dortmund,2018-03-08,Europa League,H,Red Bull Salzburg
1718,RB Leipzig,2018-03-08,Europa League,H,Zenit Saint Petersburg
1718,Bielefeld,2018-03-09,2. Bundesliga,H,Nurnberg
1718,Heidenheim,2018-03-09,2. Bundesliga,A,Dynamo Dresden
1718,Mainz,2018-03-09,Bundesliga,H,Schalke 04
1718,Nurnberg,2018-03-09,2. Bundesliga,A,Bielefeld
1718,Schalke 04,2018-03-09,Bundesliga,A,Mainz
1718,Augsburg,2018-03-10,Bundesliga,A,Hannover
1718,Bayern Munich,2018-03-10,Bundesliga,H,Hamburg
1718,Bochum,2018-03-10,2. Bundesliga,H,Holstein Kiel
1718,Darmstadt,2018-03-10,2. Bundesliga,H,FC Ingolstadt 04
1718,Freiburg,2018-03-10,Bundesliga,A,Hertha
1718,Greuther Furth,2018-03-10,2. Bundesliga,H,1. FC Kaiserslautern
1718,Hamburg,2018-03-10,Bundesliga,A,Bayern Munich
1718,Hannover,2018-03-10,Bundesliga,H,Augsburg
1718,Hertha,2018-03-10,Bundesliga,H,Freiburg
1718,Hoffenheim,2018-03-10,Bundesliga,H,Wolfsburg
1718,Holstein Kiel,2018-03-10,2. Bundesliga,A,Bochum
1718,Leverkusen,2018-03-10,Bundesliga,H,M'gladbach
1718,M'gladbach,2018-03-10,Bundesliga,A,Leverkusen
1718,St Pauli,2018-03-10,2. Bundesliga,H,Eintracht Braunschweig
1718,Wolfsburg,2018-03-10,Bundesliga,A,Hoffenheim
1718,Dortmund,2018-03-11,Bundesliga,H,Ein Frankfurt
1718,Ein Frankfurt,2018-03-11,Bundesliga,A,Dortmund
1718,Fortuna Dusseldorf,2018-03-11,2. Bundesliga,A,MSV Duisburg
1718,RB Leipzig,2018-03-11,Bundesliga,A,Stuttgart
1718,Stuttgart,2018-03-11,Bundesliga,H,RB Leipzig
1718,Union Berlin,2018-03-11,2. Bundesliga,H,Erzgebirge Aue
1718,FC Koln,2018-03-12,Bundesliga,A,Werder Bremen
1718,Werder Bremen,2018-03-12,Bundesliga,H,FC Koln
1718,Bayern Munich,2018-03-14,Champions League,A,Beşiktaş
1718,Dortmund,2018-03-15,Europa League,A,Red Bull Salzburg
1718,RB Leipzig,2018-03-15,Europa League,A,Zenit Saint Petersburg
1718,Bielefeld,2018-03-16,2. Bundesliga,A,Fortuna Dusseldorf
1718,Fortuna Dusseldorf,2018-03-16,2. Bundesliga,H,Bielefeld
1718,Freiburg,2018-03-16,Bundesliga,H,Stuttgart
1718,Heidenheim,2018-03-16,2. Bundesliga,A,Holstein Kiel
1718,Holstein Kiel,2018-03-16,2. Bundesliga,H,Heidenheim
1718,Stuttgart,2018-03-16,Bundesliga,A,Freiburg
1718,Augsburg,2018-03-17,Bundesliga,H,Werder Bremen
1718,Bochum,2018-03-17,2. Bundesliga,A,SV Sandhausen
1718,Ein Frankfurt,2018-03-17,Bundesliga,H,Mainz
1718,Hamburg,2018-03-17,Bundesliga,H,Hertha
1718,Hertha,2018-03-17,Bundesliga,A,Hamburg
1718,Hoffenheim,2018-03-17,Bundesliga,A,M'gladbach
1718,M'gladbach,2018-03-17,Bundesliga,H,Hoffenheim
1718,Mainz,2018-03-17,Bundesliga,A,Ein Frankfurt
1718,Schalke 04,2018-03-17,Bundesliga,A,Wolfsburg
1718,St Pauli,2018-03-17,2. Bundesliga,A,1. FC Kaiserslautern
1718,Union Berlin,2018-03-17,2. Bundesliga,H,Jahn Regensburg
1718,Werder Bremen,2018-03-17,Bundesliga,A,Augsburg
1718,Wolfsburg,2018-03-17,Bundesliga,H,Schalke 04
1718,Bayern Munich,2018-03-18,Bundesliga,A,RB Leipzig
1718,Darmstadt,2018-03-18,2. Bundesliga,A,Nurnberg
1718,Dortmund,2018-03-18,Bundesliga,H,Hannover
1718,FC Koln,2018-03-18,Bundesliga,H,Leverkusen
1718,Hannover,2018-03-18,Bundesliga,A,Dortmund
1718,Leverkusen,2018-03-18,Bundesliga,A,FC Koln
1718,Nurnberg,2018-03-18,2. Bundesliga,H,Darmstadt
1718,RB Leipzig,2018-03-18,Bundesliga,H,Bayern Munich
1718,Greuther Furth,2018-03-19,2. Bundesliga,A,Erzgebirge Aue
1718,Augsburg,2018-03-31,Bundesliga,A,Leverkusen
1718,Bayern Munich,2018-03-31,Bundesliga,H,Dortmund
1718,Dortmund,2018-03-31,Bundesliga,A,Bayern Munich
1718,FC Koln,2018-03-31,Bundesliga,A,Hoffenheim
1718,Freiburg,2018-03-31,Bundesliga,A,Schalke 04
1718,Hamburg,2018-03-31,Bundesliga,A,Stuttgart
1718,Hannover,2018-03-31,Bundesliga,H,RB Leipzig
1718,Heidenheim,2018-03-31,2. Bundesliga,H,FC Ingolstadt 04
1718,Hertha,2018-03-31,Bundesliga,H,Wolfsburg
1718,Hoffenheim,2018-03-31,Bundesliga,H,FC Koln
1718,Leverkusen,2018-03-31,Bundesliga,H,Augsburg
1718,Nurnberg,2018-03-31,2. Bundesliga,A,Dynamo Dresden
1718,RB Leipzig,2018-03-31,Bundesliga,A,Hannover
1718,Schalke 04,2018-03-31,Bundesliga,H,Freiburg
1718,Stuttgart,2018-03-31,Bundesliga,H,Hamburg
1718,Wolfsburg,2018-03-31,Bundesliga,A,Hertha
1718,Bielefeld,2018-04-01,2. Bundesliga,H,Holstein Kiel
1718,Bochum,2018-04-01,2. Bundesliga,H,Eintracht Braunschweig
1718,Ein Frankfurt,2018-04-01,Bundesliga,A,Werder Bremen
1718,Greuther Furth,2018-04-01,2. Bundesliga,H,Union Berlin
1718,Holstein Kiel,2018-04-01,2. Bundesliga,A,Bielefeld
1718,M'gladbach,2018-04-01,Bundesliga,A,Mainz
1718,Mainz,2018-04-01,Bundesliga,H,M'gladbach
1718,St Pauli,2018-04-01,2. Bundesliga,H,SV Sandhausen
1718,Union Berlin,2018-04-01,2. Bundesliga,A,Greuther Furth
1718,Werder Bremen,2018-04-01,Bundesliga,H,Ein Frankfurt
1718,Darmstadt,2018-04-02,2. Bundesliga,H,Fortuna Dusseldorf
1718,Fortuna Dusseldorf,2018-04-02,2. Bundesliga,A,Darmstadt
1718,Bayern Munich,2018-04-03,Champions League,A,Sevilla
1718,RB Leipzig,2018-04-05,Europa League,H,Marseille
1718,Bochum,2018-04-06,2. Bundesliga,A,Fortuna Dusseldorf
1718,Fortuna Dusseldorf,2018-04-06,2. Bundesliga,H,Bochum
1718,Greuther Furth,2018-04-06,2. Bundesliga,A,SV Sandhausen
1718,Hannover,2018-04-06,Bundesliga,H,Werder Bremen
1718,Werder Bremen,2018-04-06,Bundesliga,A,Hannover
1718,Augsburg,2018-04-07,Bundesliga,H,Bayern Munich
1718,Bayern Munich,2018-04-07,Bundesliga,A,Augsburg
1718,Darmstadt,2018-04-07,2. Bundesliga,A,Holstein Kiel
1718,FC Koln,2018-04-07,Bundesliga,H,Mainz
1718,Freiburg,2018-04-07,Bundesliga,H,Wolfsburg
1718,Hamburg,2018-04-07,Bundesliga,H,Schalke 04
1718,Heidenheim,2018-04-07,2. Bundesliga,A,Nurnberg
1718,Hertha,2018-04-07,Bundesliga,A,M'gladbach
1718,Holstein Kiel,2018-04-07,2. Bundesliga,H,Darmstadt
1718,M'gladbach,2018-04-07,Bundesliga,H,Hertha
1718,Mainz,2018-04-07,Bundesliga,A,FC Koln
1718,Nurnberg,2018-04-07,2. Bundesliga,H,Heidenheim
1718,Schalke 04,2018-04-07,Bundesliga,A,Hamburg
1718,St Pauli,2018-04-07,2. Bundesliga,A,Erzgebirge Aue
1718,Union Berlin,2018-04-07,2. Bundesliga,H,MSV Duisburg
1718,Wolfsburg,2018-04-07,Bundesliga,A,Freiburg
1718,Bielefeld,2018-04-08,2. Bundesliga,A,FC Ingolstadt 04
1718,Dortmund,2018-04-08,Bundesliga,H,Stuttgart
1718,Ein Frankfurt,2018-04-08,Bundesliga,H,Hoffenheim
1718,Hoffenheim,2018-04-08,Bundesliga,A,Ein Frankfurt
1718,Stuttgart,2018-04-08,Bundesliga,A,Dortmund
1718,Leverkusen,2018-04-09,Bundesliga,A,RB Leipzig
1718,RB Leipzig,2018-04-09,Bundesliga,H,Leverkusen
1718,Bayern Munich,2018-04-11,Champions League,H,Sevilla
1718,RB Leipzig,2018-04-12,Europa League,A,Marseille
1718,Augsburg,2018-04-13,Bundesliga,A,Wolfsburg
1718,Bochum,2018-04-13,2. Bundesliga,H,1. FC Kaiserslautern
1718,Greuther Furth,2018-04-13,2. Bundesliga,H,Jahn Regensburg
1718,Wolfsburg,2018-04-13,Bundesliga,H,Augsburg
1718,Bayern Munich,2018-04-14,Bundesliga,H,M'gladbach
1718,Bielefeld,2018-04-14,2. Bundesliga,H,Erzgebirge Aue
1718,Ein Frankfurt,2018-04-14,Bundesliga,A,Leverkusen
1718,FC Koln,2018-04-14,Bundesliga,A,Hertha
1718,Hamburg,2018-04-14,Bundesliga,A,Hoffenheim
1718,Hannover,2018-04-14,Bundesliga,A,Stuttgart
1718,Hertha,2018-04-14,Bundesliga,H,FC Koln
1718,Hoffenheim,2018-04-14,Bundesliga,H,Hamburg
1718,Holstein Kiel,2018-04-14,2. Bundesliga,A,Dynamo Dresden
1718,Leverkusen,2018-04-14,Bundesliga,H,Ein Frankfurt
1718,M'gladbach,2018-04-14,Bundesliga,A,Bayern Munich
1718,St Pauli,2018-04-14,2. Bundesliga,H,Union Berlin
1718,Stuttgart,2018-04-14,Bundesliga,H,Hannover
1718,Union Berlin,2018-04-14,2. Bundesliga,A,St Pauli
1718,Darmstadt,2018-04-15,2. Bundesliga,H,Eintracht Braunschweig
1718,Dortmund,2018-04-15,Bundesliga,A,Schalke 04
1718,Fortuna Dusseldorf,2018-04-15,2. Bundesliga,A,Heidenheim
1718,Heidenheim,2018-04-15,2. Bundesliga,H,Fortuna Dusseldorf
1718,Nurnberg,2018-04-15,2. Bundesliga,A,FC Ingolstadt 04
1718,RB Leipzig,2018-04-15,Bundesliga,A,Werder Bremen
1718,Schalke 04,2018-04-15,Bundesliga,H,Dortmund
1718,Werder Bremen,2018-04-15,Bundesliga,H,RB Leipzig
1718,Freiburg,2018-04-16,Bundesliga,A,Mainz
1718,Mainz,2018-04-16,Bundesliga,H,Freiburg
1718,Bayern Munich,2018-04-17,DFB-Pokal,A,Leverkusen
1718,Leverkusen,2018-04-17,DFB-Pokal,H,Bayern Munich
1718,Ein Frankfurt,2018-04-18,DFB-Pokal,A,Schalke 04
1718,Schalke 04,2018-04-18,DFB-Pokal,H,Ein Frankfurt
1718,Bielefeld,2018-04-20,2. Bundesliga,A,Eintracht Braunschweig
1718,Bochum,2018-04-20,2. Bundesliga,A,Greuther Furth
1718,Greuther Furth,2018-04-20,2. Bundesliga,H,Bochum
1718,M'gladbach,2018-04-20,Bundesliga,H,Wolfsburg
1718,Wolfsburg,2018-04-20,Bundesliga,A,M'gladbach
1718,Bayern Munich,2018-04-21,Bundesliga,A,Hannover
1718,Darmstadt,2018-04-21,2. Bundesliga,A,SV Sandhausen
1718,Dortmund,2018-04-21,Bundesliga,H,Leverkusen
1718,Ein Frankfurt,2018-04-21,Bundesliga,H,Hertha
1718,Freiburg,2018-04-21,Bundesliga,A,Hamburg
1718,Hamburg,2018-04-21,Bundesliga,H,Freiburg
1718,Hannover,2018-04-21,Bundesliga,H,Bayern Munich
1718,Heidenheim,2018-04-21,2. Bundesliga,A,Union Berlin
1718,Hertha,2018-04-21,Bundesliga,A,Ein Frankfurt
1718,Hoffenheim,2018-04-21,Bundesliga,A,RB Leipzig
1718,Leverkusen,2018-04-21,Bundesliga,A,Dortmund
1718,RB Leipzig,2018-04-21,Bundesliga,H,Hoffenheim
1718,St Pauli,2018-04-21,2. Bundesliga,A,Jahn Regensburg
1718,Stuttgart,2018-04-21,Bundesliga,H,Werder Bremen
1718,Union Berlin,2018-04-21,2. Bundesliga,H,Heidenheim
1718,Werder Bremen,2018-04-21,Bundesliga,A,Stuttgart
1718,Augsburg,2018-04-22,Bundesliga,H,Mainz
1718,FC Koln,2018-04-22,Bundesliga,H,Schalke 04
1718,Fortuna Dusseldorf,2018-04-22,2. Bundesliga,H,FC Ingolstadt 04
1718,Mainz,2018-04-22,Bundesliga,A,Augsburg
1718,Schalke 04,2018-04-22,Bundesliga,A,FC Koln
1718,Holstein Kiel,2018-04-23,2. Bundesliga,H,Nurnberg
1718,Nurnberg,2018-04-23,2. Bundesliga,A,Holstein Kiel
1718,Bayern Munich,2018-04-25,Champions League,H,Real Madrid
1718,Bielefeld,2018-04-27,2. Bundesliga,H,1. FC Kaiserslautern
1718,Bochum,2018-04-27,2. Bundesliga,H,Erzgebirge Aue
1718,Hannover,2018-04-27,Bundesliga,A,Hoffenheim
1718,Hoffenheim,2018-04-27,Bundesliga,H,Hannover
1718,Augsburg,2018-04-28,Bundesliga,A,Hertha
1718,Bayern Munich,2018-04-28,Bundesliga,H,Ein Frankfurt
1718,Darmstadt,2018-04-28,2. Bundesliga,H,Union Berlin
1718,Ein Frankfurt,2018-04-28,Bundesliga,A,Bayern Munich
1718,FC Koln,2018-04-28,Bundesliga,A,Freiburg
1718,Fortuna Dusseldorf,2018-04-28,2. Bundesliga,A,Dynamo Dresden
1718,Freiburg,2018-04-28,Bundesliga,H,FC Koln
1718,Greuther Furth,2018-04-28,2. Bundesliga,A,St Pauli
1718,Hamburg,2018-04-28,Bundesliga,A,Wolfsburg
1718,Hertha,2018-04-28,Bundesliga,H,Augsburg
1718,Leverkusen,2018-04-28,Bundesliga,H,Stuttgart
1718,M'gladbach,2018-04-28,Bundesliga,A,Schalke 04
1718,Schalke 04,2018-04-28,Bundesliga,H,M'gladbach
1718,St Pauli,2018-04-28,2. Bundesliga,H,Greuther Furth
1718,Stuttgart,2018-04-28,Bundesliga,A,Leverkusen
1718,Union Berlin,2018-04-28,2. Bundesliga,A,Darmstadt
1718,Wolfsburg,2018-04-28,Bundesliga,H,Hamburg
1718,Dortmund,2018-04-29,Bundesliga,A,Werder Bremen
1718,Heidenheim,2018-04-29,2. Bundesliga,H,SV Sandhausen
1718,Holstein Kiel,2018-04-29,2. Bundesliga,A,FC Ingolstadt 04
1718,Mainz,2018-04-29,Bundesliga,H,RB Leipzig
1718,RB Leipzig,2018-04-29,Bundesliga,A,Mainz
1718,Werder Bremen,2018-04-29,Bundesliga,H,Dortmund
1718,Nurnberg,2018-04-30,2. Bundesliga,H,Eintracht Braunschweig
1718,Bayern Munich,2018-05-01,Champions League,A,Real Madrid
1718,Augsburg,2018-05-05,Bundesliga,H,Schalke 04
1718,Bayern Munich,2018-05-05,Bundesliga,A,FC Koln
1718,Dortmund,2018-05-05,Bundesliga,H,Mainz
1718,Ein Frankfurt,2018-05-05,Bundesliga,H,Hamburg
1718,FC Koln,2018-05-05,Bundesliga,H,Bayern Munich
1718,Freiburg,2018-05-05,Bundesliga,A,M'gladbach
1718,Hamburg,2018-05-05,Bundesliga,A,Ein Frankfurt
1718,Hannover,2018-05-05,Bundesliga,H,Hertha
1718,Hertha,2018-05-05,Bundesliga,A,Hannover
1718,Hoffenheim,2018-05-05,Bundesliga,A,Stuttgart
1718,Leverkusen,2018-05-05,Bundesliga,A,Werder Bremen
1718,M'gladbach,2018-05-05,Bundesliga,H,Freiburg
1718,Mainz,2018-05-05,Bundesliga,A,Dortmund
1718,RB Leipzig,2018-05-05,Bundesliga,H,Wolfsburg
1718,Schalke 04,2018-05-05,Bundesliga,A,Augsburg
1718,Stuttgart,2018-05-05,Bundesliga,H,Hoffenheim
1718,Werder Bremen,2018-05-05,Bundesliga,H,Leverkusen
1718,Wolfsburg,2018-05-05,Bundesliga,A,RB Leipzig
1718,Bielefeld,2018-05-06,2. Bundesliga,A,St Pauli
1718,Bochum,2018-05-06,2. Bundesliga,A,Union Berlin
1718,Darmstadt,2018-05-06,2. Bundesliga,A,Jahn Regensburg
1718,Fortuna Dusseldorf,2018-05-06,2. Bundesliga,H,Holstein Kiel
1718,Greuther Furth,2018-05-06,2. Bundesliga,H,MSV Duisburg
1718,Heidenheim,2018-05-06,2. Bundesliga,A,1. FC Kaiserslautern
1718,Holstein Kiel,2018-05-06,2. Bundesliga,A,Fortuna Dusseldorf
1718,Nurnberg,2018-05-06,2. Bundesliga,A,SV Sandhausen
1718,St Pauli,2018-05-06,2. Bundesliga,H,Bielefeld
1718,Union Berlin,2018-05-06,2. Bundesliga,H,Bochum
1718,Augsburg,2018-05-12,Bundesliga,A,Freiburg
1718,Bayern Munich,2018-05-12,Bundesliga,H,Stuttgart
1718,Dortmund,2018-05-12,Bundesliga,A,Hoffenheim
1718,Ein Frankfurt,2018-05-12,Bundesliga,A,Schalke 04
1718,FC Koln,2018-05-12,Bundesliga,A,Wolfsburg
1718,Freiburg,2018-05-12,Bundesliga,H,Augsburg
1718,Hamburg,2018-05-12,Bundesliga,H,M'gladbach
1718,Hannover,2018-05-12,Bundesliga,A,Leverkusen
1718,Hertha,2018-05-12,Bundesliga,H,RB Leipzig
1718,Hoffenheim,2018-05-12,Bundesliga,H,Dortmund
1718,Leverkusen,2018-05-12,Bundesliga,H,Hannover
1718,M'gladbach,2018-05-12,Bundesliga,A,Hamburg
1718,Mainz,2018-05-12,Bundesliga,H,Werder Bremen
1718,RB Leipzig,2018-05-12,Bundesliga,A,Hertha
1718,Schalke 04,2018-05-12,Bundesliga,H,Ein Frankfurt
1718,Stuttgart,2018-05-12,Bundesliga,A,Bayern Munich
1718,Werder Bremen,2018-05-12,Bundesliga,A,Mainz
1718,Wolfsburg,2018-05-12,Bundesliga,H,FC Koln
1718,Bielefeld,2018-05-13,2. Bundesliga,H,SV Sandhausen
1718,Bochum,2018-05-13,2. Bundesliga,H,Jahn Regensburg
1718,Darmstadt,2018-05-13,2. Bundesliga,H,Erzgebirge Aue
1718,Fortuna Dusseldorf,2018-05-13,2. Bundesliga,A,Nurnberg
1718,Greuther Furth,2018-05-13,2. Bundesliga,A,Heidenheim
1718,Heidenheim,2018-05-13,2. Bundesliga,H,Greuther Furth
1718,Holstein Kiel,2018-05-13,2. Bundesliga,H,Eintracht Braunschweig
1718,Nurnberg,2018-05-13,2. Bundesliga,H,Fortuna Dusseldorf
1718,St Pauli,2018-05-13,2. Bundesliga,A,MSV Duisburg
1718,Union Berlin,2018-05-13,2. Bundesliga,A,Dynamo Dresden
1718,Bayern Munich,2018-05-19,DFB-Pokal,H,Ein Frankfurt
1718,Ein Frankfurt,2018-05-19,DFB-Pokal,A,Bayern Munich
1819,RB Leipzig,2018-07-26,Europa League (qual.),H,BK Häcken
1819,RB Leipzig,2018-08-02,Europa League (qual.),A,BK Häcken
1819,Hamburg,2018-08-03,2. Bundesliga,H,Holstein Kiel
1819,Holstein Kiel,2018-08-03,2. Bundesliga,A,Hamburg
1819,Bochum,2018-08-04,2. Bundesliga,H,FC Koln
1819,FC Koln,2018-08-04,2. Bundesliga,A,Bochum
1819,Greuther Furth,2018-08-04,2. Bundesliga,H,SV Sandhausen
1819,Bielefeld,2018-08-05,2. Bundesliga,A,Heidenheim
1819,Darmstadt,2018-08-05,2. Bundesliga,H,Paderborn
1819,Heidenheim,2018-08-05,2. Bundesliga,H,Bielefeld
1819,Paderborn,2018-08-05,2. Bundesliga,A,Darmstadt
1819,St Pauli,2018-08-05,2. Bundesliga,A,1. FC Magdeburg
1819,Union Berlin,2018-08-05,2. Bundesliga,H,Erzgebirge Aue
1819,RB Leipzig,2018-08-09,Europa League (qual.),H,Universitatea Craiova
1819,Darmstadt,2018-08-10,2. Bundesliga,A,St Pauli
1819,Greuther Furth,2018-08-10,2. Bundesliga,A,FC Ingolstadt 04
1819,Paderborn,2018-08-10,2. Bundesliga,H,Jahn Regensburg
1819,St Pauli,2018-08-10,2. Bundesliga,H,Darmstadt
1819,Bielefeld,2018-08-11,2. Bundesliga,H,Dynamo Dresden
1819,Bochum,2018-08-11,2. Bundesliga,A,MSV Duisburg
1819,Bayern Munich,2018-08-12,DFL-Supercup,A,Ein Frankfurt
1819,Ein Frankfurt,2018-08-12,DFL-Supercup,H,Bayern Munich
1819,Hamburg,2018-08-12,2. Bundesliga,A,SV Sandhausen
1819,Heidenheim,2018-08-12,2. Bundesliga,A,Holstein Kiel
1819,Holstein Kiel,2018-08-12,2. Bundesliga,H,Heidenheim
1819,FC Koln,2018-08-13,2. Bundesliga,H,Union Berlin
1819,Union Berlin,2018-08-13,2. Bundesliga,A,FC Koln
1819,RB Leipzig,2018-08-16,Europa League (qual.),A,Universitatea Craiova
1819,Darmstadt,2018-08-17,DFB-Pokal,A,1. FC Magdeburg
1819,Schalke 04,2018-08-17,DFB-Pokal,A,1. FC Schweinfurt 05
1819,St Pauli,2018-08-17,DFB-Pokal,A,SV Wehen Wiesbaden
1819,Bayern Munich,2018-08-18,DFB-Pokal,A,SV Drochtersen/Assel
1819,Ein Frankfurt,2018-08-18,DFB-Pokal,A,SSV Ulm 1846
1819,Hamburg,2018-08-18,DFB-Pokal,A,TuS Erndtebrück
1819,Hoffenheim,2018-08-18,DFB-Pokal,A,1. FC Kaiserslautern
1819,Leverkusen,2018-08-18,DFB-Pokal,A,1. CfR Pforzheim
1819,Mainz,2018-08-18,DFB-Pokal,A,Erzgebirge Aue
1819,Nurnberg,2018-08-18,DFB-Pokal,A,SV Linx
1819,Stuttgart,2018-08-18,DFB-Pokal,A,Hansa Rostock
1819,Werder Bremen,2018-08-18,DFB-Pokal,A,Wormatia Worms
1819,Wolfsburg,2018-08-18,DFB-Pokal,A,SV 07 Elversberg
1819,Augsburg,2018-08-19,DFB-Pokal,A,TSV Steinbach Haiger
1819,Bielefeld,2018-08-19,DFB-Pokal,A,1. FC Lok Stendal
1819,Bochum,2018-08-19,DFB-Pokal,A,Weiche Flensburg 08
1819,FC Koln,2018-08-19,DFB-Pokal,A,BFC Dynamo
1819,Fortuna Dusseldorf,2018-08-19,DFB-Pokal,A,Rot-Weiß Koblenz
1819,Hannover,2018-08-19,DFB-Pokal,A,Karlsruher SC
1819,Heidenheim,2018-08-19,DFB-Pokal,A,SSV Jeddeloh II
1819,Holstein Kiel,2018-08-19,DFB-Pokal,A,TSV 1860 München
1819,M'gladbach,2018-08-19,DFB-Pokal,A,BSC Hastedt
1819,RB Leipzig,2018-08-19,DFB-Pokal,A,Viktoria Köln
1819,Union Berlin,2018-08-19,DFB-Pokal,A,FC Carl Zeiss Jena
1819,Dortmund,2018-08-20,DFB-Pokal,A,Greuther Furth
1819,Freiburg,2018-08-20,DFB-Pokal,A,Energie Cottbus
1819,Greuther Furth,2018-08-20,DFB-Pokal,H,Dortmund
1819,Hertha,2018-08-20,DFB-Pokal,A,Eintracht Braunschweig
1819,Paderborn,2018-08-20,DFB-Pokal,H,FC Ingolstadt 04
1819,RB Leipzig,2018-08-23,Europa League (qual.),A,Zorya Luhansk
1819,Bayern Munich,2018-08-24,Bundesliga,H,Hoffenheim
1819,Bochum,2018-08-24,2. Bundesliga,H,SV Sandhausen
1819,Darmstadt,2018-08-24,2. Bundesliga,H,MSV Duisburg
1819,Hoffenheim,2018-08-24,Bundesliga,A,Bayern Munich
1819,Augsburg,2018-08-25,Bundesliga,A,Fortuna Dusseldorf
1819,Ein Frankfurt,2018-08-25,Bundesliga,A,Freiburg
1819,FC Koln,2018-08-25,2. Bundesliga,H,Erzgebirge Aue
1819,Fortuna Dusseldorf,2018-08-25,Bundesliga,H,Augsburg
1819,Freiburg,2018-08-25,Bundesliga,H,Ein Frankfurt
1819,Greuther Furth,2018-08-25,2. Bundesliga,H,Paderborn
1819,Hannover,2018-08-25,Bundesliga,A,Werder Bremen
1819,Hertha,2018-08-25,Bundesliga,H,Nurnberg
1819,Leverkusen,2018-08-25,Bundesliga,A,M'gladbach
1819,M'gladbach,2018-08-25,Bundesliga,H,Leverkusen
1819,Nurnberg,2018-08-25,Bundesliga,A,Hertha
1819,Paderborn,2018-08-25,2. Bundesliga,A,Greuther Furth
1819,Schalke 04,2018-08-25,Bundesliga,A,Wolfsburg
1819,Werder Bremen,2018-08-25,Bundesliga,H,Hannover
1819,Wolfsburg,2018-08-25,Bundesliga,H,Schalke 04
1819,Dortmund,2018-08-26,Bundesliga,H,RB Leipzig
1819,Heidenheim,2018-08-26,2. Bundesliga,A,Dynamo Dresden
1819,Holstein Kiel,2018-08-26,2. Bundesliga,A,Jahn Regensburg
1819,Mainz,2018-08-26,Bundesliga,H,Stuttgart
1819,RB Leipzig,2018-08-26,Bundesliga,A,Dortmund
1819,St Pauli,2018-08-26,2. Bundesliga,A,Union Berlin
1819,Stuttgart,2018-08-26,Bundesliga,A,Mainz
1819,Union Berlin,2018-08-26,2. Bundesliga,H,St Pauli
1819,Bielefeld,2018-08-27,2. Bundesliga,A,Hamburg
1819,Hamburg,2018-08-27,2. Bundesliga,H,Bielefeld
1819,RB Leipzig,2018-08-30,Europa League (qual.),H,Zorya Luhansk
1819,Bochum,2018-08-31,2. Bundesliga,A,Paderborn
1819,Dortmund,2018-08-31,Bundesliga,A,Hannover
1819,Hannover,2018-08-31,Bundesliga,H,Dortmund
1819,Paderborn,2018-08-31,2. Bundesliga,H,Bochum
1819,Augsburg,2018-09-01,Bundesliga,H,M'gladbach
1819,Bayern Munich,2018-09-01,Bundesliga,A,Stuttgart
1819,Bielefeld,2018-09-01,2. Bundesliga,H,Jahn Regensburg
1819,Ein Frankfurt,2018-09-01,Bundesliga,H,Werder Bremen
1819,Freiburg,2018-09-01,Bundesliga,A,Hoffenheim
1819,Greuther Furth,2018-09-01,2. Bundesliga,A,MSV Duisburg
1819,Hoffenheim,2018-09-01,Bundesliga,H,Freiburg
1819,Leverkusen,2018-09-01,Bundesliga,H,Wolfsburg
1819,M'gladbach,2018-09-01,Bundesliga,A,Augsburg
1819,Mainz,2018-09-01,Bundesliga,A,Nurnberg
1819,Nurnberg,2018-09-01,Bundesliga,H,Mainz
1819,Stuttgart,2018-09-01,Bundesliga,H,Bayern Munich
1819,Werder Bremen,2018-09-01,Bundesliga,A,Ein Frankfurt
1819,Wolfsburg,2018-09-01,Bundesliga,A,Leverkusen
1819,Darmstadt,2018-09-02,2. Bundesliga,A,Heidenheim
1819,FC Koln,2018-09-02,2. Bundesliga,A,St Pauli
1819,Fortuna Dusseldorf,2018-09-02,Bundesliga,A,RB Leipzig
1819,Heidenheim,2018-09-02,2. Bundesliga,H,Darmstadt
1819,Hertha,2018-09-02,Bundesliga,A,Schalke 04
1819,RB Leipzig,2018-09-02,Bundesliga,H,Fortuna Dusseldorf
1819,Schalke 04,2018-09-02,Bundesliga,H,Hertha
1819,St Pauli,2018-09-02,2. Bundesliga,H,FC Koln
1819,Union Berlin,2018-09-02,2. Bundesliga,A,SV Sandhausen
1819,Holstein Kiel,2018-09-03,2. Bundesliga,H,1. FC Magdeburg
1819,Dortmund,2018-09-14,Bundesliga,H,Ein Frankfurt
1819,Ein Frankfurt,2018-09-14,Bundesliga,A,Dortmund
1819,Union Berlin,2018-09-14,2. Bundesliga,H,MSV Duisburg
1819,Augsburg,2018-09-15,Bundesliga,A,Mainz
1819,Bayern Munich,2018-09-15,Bundesliga,H,Leverkusen
1819,Darmstadt,2018-09-15,2. Bundesliga,H,SV Sandhausen
1819,Fortuna Dusseldorf,2018-09-15,Bundesliga,H,Hoffenheim
1819,Greuther Furth,2018-09-15,2. Bundesliga,H,Holstein Kiel
1819,Hamburg,2018-09-15,2. Bundesliga,H,Heidenheim
1819,Hannover,2018-09-15,Bundesliga,A,RB Leipzig
1819,Heidenheim,2018-09-15,2. Bundesliga,A,Hamburg
1819,Hertha,2018-09-15,Bundesliga,A,Wolfsburg
1819,Hoffenheim,2018-09-15,Bundesliga,A,Fortuna Dusseldorf
1819,Holstein Kiel,2018-09-15,2. Bundesliga,A,Greuther Furth
1819,Leverkusen,2018-09-15,Bundesliga,A,Bayern Munich
1819,M'gladbach,2018-09-15,Bundesliga,H,Schalke 04
1819,Mainz,2018-09-15,Bundesliga,H,Augsburg
1819,RB Leipzig,2018-09-15,Bundesliga,H,Hannover
1819,Schalke 04,2018-09-15,Bundesliga,A,M'gladbach
1819,Wolfsburg,2018-09-15,Bundesliga,H,Hertha
1819,Bochum,2018-09-16,2. Bundesliga,H,FC Ingolstadt 04
1819,FC Koln,2018-09-16,2. Bundesliga,H,Paderborn
1819,Freiburg,2018-09-16,Bundesliga,H,Stuttgart
1819,Nurnberg,2018-09-16,Bundesliga,A,Werder Bremen
1819,Paderborn,2018-09-16,2. Bundesliga,A,FC Koln
1819,St Pauli,2018-09-16,2. Bundesliga,A,Erzgebirge Aue
1819,Stuttgart,2018-09-16,Bundesliga,A,Freiburg
1819,Werder Bremen,2018-09-16,Bundesliga,H,Nurnberg
1819,Bielefeld,2018-09-17,2. Bundesliga,A,1. FC Magdeburg
1819,Dortmund,2018-09-18,Champions League,A,Club Brugge KV
1819,Hamburg,2018-09-18,2. Bundesliga,A,Dynamo Dresden
1819,Schalke 04,2018-09-18,Champions League,H,FC Porto
1819,Bayern Munich,2018-09-19,Champions League,A,SL Benfica
1819,Hoffenheim,2018-09-19,Champions League,A,Shakhtar Donetsk
1819,Ein Frankfurt,2018-09-20,Europa League,A,Marseille
1819,Leverkusen,2018-09-20,Europa League,A,Ludogorets Razgrad
1819,RB Leipzig,2018-09-20,Europa League,H,Red Bull Salzburg
1819,FC Koln,2018-09-21,2. Bundesliga,A,SV Sandhausen
1819,Fortuna Dusseldorf,2018-09-21,Bundesliga,A,Stuttgart
1819,St Pauli,2018-09-21,2. Bundesliga,A,FC Ingolstadt 04
1819,Stuttgart,2018-09-21,Bundesliga,H,Fortuna Dusseldorf
1819,Augsburg,2018-09-22,Bundesliga,H,Werder Bremen
1819,Bayern Munich,2018-09-22,Bundesliga,A,Schalke 04
1819,Bielefeld,2018-09-22,2. Bundesliga,H,Union Berlin
1819,Bochum,2018-09-22,2. Bundesliga,A,Holstein Kiel
1819,Darmstadt,2018-09-22,2. Bundesliga,A,Dynamo Dresden
1819,Dortmund,2018-09-22,Bundesliga,A,Hoffenheim
1819,Freiburg,2018-09-22,Bundesliga,A,Wolfsburg
1819,Hannover,2018-09-22,Bundesliga,A,Nurnberg
1819,Hertha,2018-09-22,Bundesliga,H,M'gladbach
1819,Hoffenheim,2018-09-22,Bundesliga,H,Dortmund
1819,Holstein Kiel,2018-09-22,2. Bundesliga,H,Bochum
1819,M'gladbach,2018-09-22,Bundesliga,A,Hertha
1819,Nurnberg,2018-09-22,Bundesliga,H,Hannover
1819,Schalke 04,2018-09-22,Bundesliga,H,Bayern Munich
1819,Union Berlin,2018-09-22,2. Bundesliga,A,Bielefeld
1819,Werder Bremen,2018-09-22,Bundesliga,A,Augsburg
1819,Wolfsburg,2018-09-22,Bundesliga,H,Freiburg
1819,Ein Frankfurt,2018-09-23,Bundesliga,H,RB Leipzig
1819,Greuther Furth,2018-09-23,2. Bundesliga,A,Heidenheim
1819,Hamburg,2018-09-23,2. Bundesliga,H,Jahn Regensburg
1819,Heidenheim,2018-09-23,2. Bundesliga,H,Greuther Furth
1819,Leverkusen,2018-09-23,Bundesliga,H,Mainz
1819,Mainz,2018-09-23,Bundesliga,A,Leverkusen
1819,Paderborn,2018-09-23,2. Bundesliga,H,1. FC Magdeburg
1819,RB Leipzig,2018-09-23,Bundesliga,A,Ein Frankfurt
1819,Augsburg,2018-09-25,Bundesliga,A,Bayern Munich
1819,Bayern Munich,2018-09-25,Bundesliga,H,Augsburg
1819,Bielefeld,2018-09-25,2. Bundesliga,A,Darmstadt
1819,Bochum,2018-09-25,2. Bundesliga,H,Dynamo Dresden
1819,Darmstadt,2018-09-25,2. Bundesliga,H,Bielefeld
1819,FC Koln,2018-09-25,2. Bundesliga,H,FC Ingolstadt 04
1819,Freiburg,2018-09-25,Bundesliga,H,Schalke 04
1819,Hannover,2018-09-25,Bundesliga,H,Hoffenheim
1819,Hertha,2018-09-25,Bundesliga,A,Werder Bremen
1819,Hoffenheim,2018-09-25,Bundesliga,A,Hannover
1819,Holstein Kiel,2018-09-25,2. Bundesliga,A,Union Berlin
1819,Schalke 04,2018-09-25,Bundesliga,A,Freiburg
1819,Union Berlin,2018-09-25,2. Bundesliga,H,Holstein Kiel
1819,Werder Bremen,2018-09-25,Bundesliga,H,Hertha
1819,Dortmund,2018-09-26,Bundesliga,H,Nurnberg
1819,Ein Frankfurt,2018-09-26,Bundesliga,A,M'gladbach
1819,Fortuna Dusseldorf,2018-09-26,Bundesliga,H,Leverkusen
1819,Heidenheim,2018-09-26,2. Bundesliga,A,Jahn Regensburg
1819,Leverkusen,2018-09-26,Bundesliga,A,Fortuna Dusseldorf
1819,M'gladbach,2018-09-26,Bundesliga,H,Ein Frankfurt
1819,Mainz,2018-09-26,Bundesliga,H,Wolfsburg
1819,Nurnberg,2018-09-26,Bundesliga,A,Dortmund
1819,Paderborn,2018-09-26,2. Bundesliga,A,St Pauli
1819,RB Leipzig,2018-09-26,Bundesliga,H,Stuttgart
1819,St Pauli,2018-09-26,2. Bundesliga,H,Paderborn
1819,Stuttgart,2018-09-26,Bundesliga,A,RB Leipzig
1819,Wolfsburg,2018-09-26,Bundesliga,A,Mainz
1819,Greuther Furth,2018-09-27,2. Bundesliga,H,Hamburg
1819,Hamburg,2018-09-27,2. Bundesliga,A,Greuther Furth
1819,Bayern Munich,2018-09-28,Bundesliga,A,Hertha
1819,Bielefeld,2018-09-28,2. Bundesliga,H,FC Koln
1819,Darmstadt,2018-09-28,2. Bundesliga,A,Holstein Kiel
1819,FC Koln,2018-09-28,2. Bundesliga,A,Bielefeld
1819,Hertha,2018-09-28,Bundesliga,H,Bayern Munich
1819,Holstein Kiel,2018-09-28,2. Bundesliga,H,Darmstadt
1819,Bochum,2018-09-29,2. Bundesliga,A,Heidenheim
1819,Dortmund,2018-09-29,Bundesliga,A,Leverkusen
1819,Fortuna Dusseldorf,2018-09-29,Bundesliga,A,Nurnberg
1819,Heidenheim,2018-09-29,2. Bundesliga,H,Bochum
1819,Hoffenheim,2018-09-29,Bundesliga,H,RB Leipzig
1819,Leverkusen,2018-09-29,Bundesliga,H,Dortmund
1819,M'gladbach,2018-09-29,Bundesliga,A,Wolfsburg
1819,Mainz,2018-09-29,Bundesliga,A,Schalke 04
1819,Nurnberg,2018-09-29,Bundesliga,H,Fortuna Dusseldorf
1819,Paderborn,2018-09-29,2. Bundesliga,H,Erzgebirge Aue
1819,RB Leipzig,2018-09-29,Bundesliga,A,Hoffenheim
1819,Schalke 04,2018-09-29,Bundesliga,H,Mainz
1819,Stuttgart,2018-09-29,Bundesliga,H,Werder Bremen
1819,Werder Bremen,2018-09-29,Bundesliga,A,Stuttgart
1819,Wolfsburg,2018-09-29,Bundesliga,H,M'gladbach
1819,Augsburg,2018-09-30,Bundesliga,H,Freiburg
1819,Ein Frankfurt,2018-09-30,Bundesliga,H,Hannover
1819,Freiburg,2018-09-30,Bundesliga,A,Augsburg
1819,Greuther Furth,2018-09-30,2. Bundesliga,A,Dynamo Dresden
1819,Hamburg,2018-09-30,2. Bundesliga,H,St Pauli
1819,Hannover,2018-09-30,Bundesliga,A,Ein Frankfurt
1819,St Pauli,2018-09-30,2. Bundesliga,A,Hamburg
1819,Union Berlin,2018-10-01,2. Bundesliga,A,FC Ingolstadt 04
1819,Bayern Munich,2018-10-02,Champions League,H,AFC Ajax
1819,Hoffenheim,2018-10-02,Champions League,H,Man City
1819,Dortmund,2018-10-03,Champions League,H,Monaco
1819,Schalke 04,2018-10-03,Champions League,A,Lokomotiv Moskva
1819,Ein Frankfurt,2018-10-04,Europa League,H,Lazio
1819,Leverkusen,2018-10-04,Europa League,H,AEK Larnaca
1819,RB Leipzig,2018-10-04,Europa League,A,Rosenborg
1819,Bielefeld,2018-10-05,2. Bundesliga,A,Bochum
1819,Bochum,2018-10-05,2. Bundesliga,H,Bielefeld
1819,Darmstadt,2018-10-05,2. Bundesliga,H,Hamburg
1819,Hamburg,2018-10-05,2. Bundesliga,A,Darmstadt
1819,Werder Bremen,2018-10-05,Bundesliga,H,Wolfsburg
1819,Wolfsburg,2018-10-05,Bundesliga,A,Werder Bremen
1819,Augsburg,2018-10-06,Bundesliga,A,Dortmund
1819,Bayern Munich,2018-10-06,Bundesliga,H,M'gladbach
1819,Dortmund,2018-10-06,Bundesliga,H,Augsburg
1819,Fortuna Dusseldorf,2018-10-06,Bundesliga,H,Schalke 04
1819,Greuther Furth,2018-10-06,2. Bundesliga,H,Jahn Regensburg
1819,Hannover,2018-10-06,Bundesliga,H,Stuttgart
1819,Hertha,2018-10-06,Bundesliga,A,Mainz
1819,Holstein Kiel,2018-10-06,2. Bundesliga,A,Erzgebirge Aue
1819,M'gladbach,2018-10-06,Bundesliga,A,Bayern Munich
1819,Mainz,2018-10-06,Bundesliga,H,Hertha
1819,Schalke 04,2018-10-06,Bundesliga,A,Fortuna Dusseldorf
1819,Stuttgart,2018-10-06,Bundesliga,A,Hannover
1819,Ein Frankfurt,2018-10-07,Bundesliga,A,Hoffenheim
1819,Freiburg,2018-10-07,Bundesliga,H,Leverkusen
1819,Heidenheim,2018-10-07,2. Bundesliga,A,Union Berlin
1819,Hoffenheim,2018-10-07,Bundesliga,H,Ein Frankfurt
1819,Leverkusen,2018-10-07,Bundesliga,A,Freiburg
1819,Nurnberg,2018-10-07,Bundesliga,A,RB Leipzig
1819,Paderborn,2018-10-07,2. Bundesliga,A,FC Ingolstadt 04
1819,RB Leipzig,2018-10-07,Bundesliga,H,Nurnberg
1819,St Pauli,2018-10-07,2. Bundesliga,H,SV Sandhausen
1819,Union Berlin,2018-10-07,2. Bundesliga,H,Heidenheim
1819,FC Koln,2018-10-08,2. Bundesliga,H,MSV Duisburg
1819,Ein Frankfurt,2018-10-19,Bundesliga,H,Fortuna Dusseldorf
1819,Fortuna Dusseldorf,2018-10-19,Bundesliga,A,Ein Frankfurt
1819,Augsburg,2018-10-20,Bundesliga,H,RB Leipzig
1819,Bayern Munich,2018-10-20,Bundesliga,A,Wolfsburg
1819,Bielefeld,2018-10-20,2. Bundesliga,H,Greuther Furth
1819,Dortmund,2018-10-20,Bundesliga,A,Stuttgart
1819,FC Koln,2018-10-20,2. Bundesliga,A,Holstein Kiel
1819,Greuther Furth,2018-10-20,2. Bundesliga,A,Bielefeld
1819,Hannover,2018-10-20,Bundesliga,A,Leverkusen
1819,Heidenheim,2018-10-20,2. Bundesliga,H,1. FC Magdeburg
1819,Hoffenheim,2018-10-20,Bundesliga,A,Nurnberg
1819,Holstein Kiel,2018-10-20,2. Bundesliga,H,FC Koln
1819,Leverkusen,2018-10-20,Bundesliga,H,Hannover
1819,Nurnberg,2018-10-20,Bundesliga,H,Hoffenheim
1819,RB Leipzig,2018-10-20,Bundesliga,A,Augsburg
1819,Schalke 04,2018-10-20,Bundesliga,H,Werder Bremen
1819,Stuttgart,2018-10-20,Bundesliga,H,Dortmund
1819,Werder Bremen,2018-10-20,Bundesliga,A,Schalke 04
1819,Wolfsburg,2018-10-20,Bundesliga,H,Bayern Munich
1819,Bochum,2018-10-21,2. Bundesliga,A,Hamburg
1819,Darmstadt,2018-10-21,2. Bundesliga,A,Jahn Regensburg
1819,Freiburg,2018-10-21,Bundesliga,A,Hertha
1819,Hamburg,2018-10-21,2. Bundesliga,H,Bochum
1819,Hertha,2018-10-21,Bundesliga,H,Freiburg
1819,M'gladbach,2018-10-21,Bundesliga,H,Mainz
1819,Mainz,2018-10-21,Bundesliga,A,M'gladbach
1819,Paderborn,2018-10-21,2. Bundesliga,H,Union Berlin
1819,Union Berlin,2018-10-21,2. Bundesliga,A,Paderborn
1819,St Pauli,2018-10-22,2. Bundesliga,A,MSV Duisburg
1819,Bayern Munich,2018-10-23,Champions League,A,AEK Athen
1819,Hoffenheim,2018-10-23,Champions League,H,Lyon
1819,Dortmund,2018-10-24,Champions League,H,Ath Madrid
1819,Schalke 04,2018-10-24,Champions League,A,Galatasaray
1819,Ein Frankfurt,2018-10-25,Europa League,H,Apollon Limassol
1819,Leverkusen,2018-10-25,Europa League,A,Zürich
1819,RB Leipzig,2018-10-25,Europa League,H,Celtic
1819,Darmstadt,2018-10-26,2. Bundesliga,H,Greuther Furth
1819,Freiburg,2018-10-26,Bundesliga,H,M'gladbach
1819,Greuther Furth,2018-10-26,2. Bundesliga,A,Darmstadt
1819,Hamburg,2018-10-26,2. Bundesliga,A,1. FC Magdeburg
1819,M'gladbach,2018-10-26,Bundesliga,A,Freiburg
1819,Augsburg,2018-10-27,Bundesliga,A,Hannover
1819,Bayern Munich,2018-10-27,Bundesliga,A,Mainz
1819,Bielefeld,2018-10-27,2. Bundesliga,A,Erzgebirge Aue
1819,Dortmund,2018-10-27,Bundesliga,H,Hertha
1819,FC Koln,2018-10-27,2. Bundesliga,H,Heidenheim
1819,Fortuna Dusseldorf,2018-10-27,Bundesliga,H,Wolfsburg
1819,Hannover,2018-10-27,Bundesliga,H,Augsburg
1819,Heidenheim,2018-10-27,2. Bundesliga,A,FC Koln
1819,Hertha,2018-10-27,Bundesliga,A,Dortmund
1819,Hoffenheim,2018-10-27,Bundesliga,H,Stuttgart
1819,Mainz,2018-10-27,Bundesliga,H,Bayern Munich
1819,Paderborn,2018-10-27,2. Bundesliga,H,SV Sandhausen
1819,Stuttgart,2018-10-27,Bundesliga,A,Hoffenheim
1819,Wolfsburg,2018-10-27,Bundesliga,A,Fortuna Dusseldorf
1819,Ein Frankfurt,2018-10-28,Bundesliga,A,Nurnberg
1819,Holstein Kiel,2018-10-28,2. Bundesliga,A,St Pauli
1819,Leverkusen,2018-10-28,Bundesliga,A,Werder Bremen
1819,Nurnberg,2018-10-28,Bundesliga,H,Ein Frankfurt
1819,RB Leipzig,2018-10-28,Bundesliga,H,Schalke 04
1819,Schalke 04,2018-10-28,Bundesliga,A,RB Leipzig
1819,St Pauli,2018-10-28,2. Bundesliga,H,Holstein Kiel
1819,Union Berlin,2018-10-28,2. Bundesliga,H,Dynamo Dresden
1819,Werder Bremen,2018-10-28,Bundesliga,H,Leverkusen
1819,Bochum,2018-10-29,2. Bundesliga,H,Jahn Regensburg
1819,Augsburg,2018-10-30,DFB-Pokal,H,Mainz
1819,Bayern Munich,2018-10-30,DFB-Pokal,A,SV Rödinghausen
1819,Darmstadt,2018-10-30,DFB-Pokal,H,Hertha
1819,Fortuna Dusseldorf,2018-10-30,DFB-Pokal,A,SSV Ulm 1846
1819,Hamburg,2018-10-30,DFB-Pokal,A,SV Wehen Wiesbaden
1819,Hannover,2018-10-30,DFB-Pokal,H,Wolfsburg
1819,Heidenheim,2018-10-30,DFB-Pokal,H,SV Sandhausen
1819,Hertha,2018-10-30,DFB-Pokal,A,Darmstadt
1819,Mainz,2018-10-30,DFB-Pokal,A,Augsburg
1819,Paderborn,2018-10-30,DFB-Pokal,A,BSG Chemie Leipzig
1819,Wolfsburg,2018-10-30,DFB-Pokal,A,Hannover
1819,Bielefeld,2018-10-31,DFB-Pokal,H,MSV Duisburg
1819,Dortmund,2018-10-31,DFB-Pokal,H,Union Berlin
1819,FC Koln,2018-10-31,DFB-Pokal,H,Schalke 04
1819,Freiburg,2018-10-31,DFB-Pokal,A,Holstein Kiel
1819,Hoffenheim,2018-10-31,DFB-Pokal,A,RB Leipzig
1819,Holstein Kiel,2018-10-31,DFB-Pokal,H,Freiburg
1819,Leverkusen,2018-10-31,DFB-Pokal,A,M'gladbach
1819,M'gladbach,2018-10-31,DFB-Pokal,H,Leverkusen
1819,Nurnberg,2018-10-31,DFB-Pokal,A,Hansa Rostock
1819,RB Leipzig,2018-10-31,DFB-Pokal,H,Hoffenheim
1819,Schalke 04,2018-10-31,DFB-Pokal,A,FC Koln
1819,Union Berlin,2018-10-31,DFB-Pokal,A,Dortmund
1819,Werder Bremen,2018-10-31,DFB-Pokal,A,Weiche Flensburg 08
1819,Bochum,2018-11-02,2. Bundesliga,A,Greuther Furth
1819,Ein Frankfurt,2018-11-02,Bundesliga,A,Stuttgart
1819,Greuther Furth,2018-11-02,2. Bundesliga,H,Bochum
1819,Stuttgart,2018-11-02,Bundesliga,H,Ein Frankfurt
1819,Augsburg,2018-11-03,Bundesliga,H,Nurnberg
1819,Bayern Munich,2018-11-03,Bundesliga,H,Freiburg
1819,Darmstadt,2018-11-03,2. Bundesliga,H,1. FC Magdeburg
1819,Dortmund,2018-11-03,Bundesliga,A,Wolfsburg
1819,Freiburg,2018-11-03,Bundesliga,A,Bayern Munich
1819,Hannover,2018-11-03,Bundesliga,A,Schalke 04
1819,Hertha,2018-11-03,Bundesliga,H,RB Leipzig
1819,Hoffenheim,2018-11-03,Bundesliga,A,Leverkusen
1819,Holstein Kiel,2018-11-03,2. Bundesliga,H,FC Ingolstadt 04
1819,Leverkusen,2018-11-03,Bundesliga,H,Hoffenheim
1819,Nurnberg,2018-11-03,Bundesliga,A,Augsburg
1819,Paderborn,2018-11-03,2. Bundesliga,A,MSV Duisburg
1819,RB Leipzig,2018-11-03,Bundesliga,A,Hertha
1819,Schalke 04,2018-11-03,Bundesliga,H,Hannover
1819,Wolfsburg,2018-11-03,Bundesliga,H,Dortmund
1819,Bielefeld,2018-11-04,2. Bundesliga,H,St Pauli
1819,Fortuna Dusseldorf,2018-11-04,Bundesliga,A,M'gladbach
1819,Heidenheim,2018-11-04,2. Bundesliga,H,Erzgebirge Aue
1819,M'gladbach,2018-11-04,Bundesliga,H,Fortuna Dusseldorf
1819,Mainz,2018-11-04,Bundesliga,H,Werder Bremen
1819,St Pauli,2018-11-04,2. Bundesliga,A,Bielefeld
1819,Union Berlin,2018-11-04,2. Bundesliga,A,Jahn Regensburg
1819,Werder Bremen,2018-11-04,Bundesliga,A,Mainz
1819,FC Koln,2018-11-05,2. Bundesliga,A,Hamburg
1819,Hamburg,2018-11-05,2. Bundesliga,H,FC Koln
1819,Dortmund,2018-11-06,Champions League,A,Ath Madrid
1819,Schalke 04,2018-11-06,Champions League,H,Galatasaray
1819,Bayern Munich,2018-11-07,Champions League,H,AEK Athen
1819,Hoffenheim,2018-11-07,Champions League,A,Lyon
1819,Ein Frankfurt,2018-11-08,Europa League,A,Apollon Limassol
1819,Leverkusen,2018-11-08,Europa League,H,Zürich
1819,RB Leipzig,2018-11-08,Europa League,A,Celtic
1819,Hannover,2018-11-09,Bundesliga,H,Wolfsburg
1819,Holstein Kiel,2018-11-09,2. Bundesliga,A,Paderborn
1819,Paderborn,2018-11-09,2. Bundesliga,H,Holstein Kiel
1819,Wolfsburg,2018-11-09,Bundesliga,A,Hannover
1819,Augsburg,2018-11-10,Bundesliga,A,Hoffenheim
1819,Bayern Munich,2018-11-10,Bundesliga,A,Dortmund
1819,Dortmund,2018-11-10,Bundesliga,H,Bayern Munich
1819,FC Koln,2018-11-10,2. Bundesliga,H,Dynamo Dresden
1819,Fortuna Dusseldorf,2018-11-10,Bundesliga,H,Hertha
1819,Freiburg,2018-11-10,Bundesliga,H,Mainz
1819,Hamburg,2018-11-10,2. Bundesliga,A,Erzgebirge Aue
1819,Heidenheim,2018-11-10,2. Bundesliga,A,St Pauli
1819,Hertha,2018-11-10,Bundesliga,A,Fortuna Dusseldorf
1819,Hoffenheim,2018-11-10,Bundesliga,H,Augsburg
1819,M'gladbach,2018-11-10,Bundesliga,A,Werder Bremen
1819,Mainz,2018-11-10,Bundesliga,A,Freiburg
1819,Nurnberg,2018-11-10,Bundesliga,H,Stuttgart
1819,St Pauli,2018-11-10,2. Bundesliga,H,Heidenheim
1819,Stuttgart,2018-11-10,Bundesliga,A,Nurnberg
1819,Werder Bremen,2018-11-10,Bundesliga,H,M'gladbach
1819,Bielefeld,2018-11-11,2. Bundesliga,A,FC Ingolstadt 04
1819,Ein Frankfurt,2018-11-11,Bundesliga,H,Schalke 04
1819,Greuther Furth,2018-11-11,2. Bundesliga,A,Union Berlin
1819,Leverkusen,2018-11-11,Bundesliga,A,RB Leipzig
1819,RB Leipzig,2018-11-11,Bundesliga,H,Leverkusen
1819,Schalke 04,2018-11-11,Bundesliga,A,Ein Frankfurt
1819,Union Berlin,2018-11-11,2. Bundesliga,H,Greuther Furth
1819,Bochum,2018-11-12,2. Bundesliga,H,Darmstadt
1819,Darmstadt,2018-11-12,2. Bundesliga,A,Bochum
1819,Bielefeld,2018-11-23,2. Bundesliga,H,MSV Duisburg
1819,Greuther Furth,2018-11-23,2. Bundesliga,H,1. FC Magdeburg
1819,Leverkusen,2018-11-23,Bundesliga,H,Stuttgart
1819,Stuttgart,2018-11-23,Bundesliga,A,Leverkusen
1819,Augsburg,2018-11-24,Bundesliga,H,Ein Frankfurt
1819,Bayern Munich,2018-11-24,Bundesliga,H,Fortuna Dusseldorf
1819,Bochum,2018-11-24,2. Bundesliga,H,Erzgebirge Aue
1819,Darmstadt,2018-11-24,2. Bundesliga,H,FC Koln
1819,Dortmund,2018-11-24,Bundesliga,A,Mainz
1819,Ein Frankfurt,2018-11-24,Bundesliga,A,Augsburg
1819,FC Koln,2018-11-24,2. Bundesliga,A,Darmstadt
1819,Fortuna Dusseldorf,2018-11-24,Bundesliga,A,Bayern Munich
1819,Hertha,2018-11-24,Bundesliga,H,Hoffenheim
1819,Hoffenheim,2018-11-24,Bundesliga,A,Hertha
1819,Holstein Kiel,2018-11-24,2. Bundesliga,H,SV Sandhausen
1819,Mainz,2018-11-24,Bundesliga,H,Dortmund
1819,Nurnberg,2018-11-24,Bundesliga,A,Schalke 04
1819,RB Leipzig,2018-11-24,Bundesliga,A,Wolfsburg
1819,Schalke 04,2018-11-24,Bundesliga,H,Nurnberg
1819,Wolfsburg,2018-11-24,Bundesliga,H,RB Leipzig
1819,Freiburg,2018-11-25,Bundesliga,H,Werder Bremen
1819,Hannover,2018-11-25,Bundesliga,A,M'gladbach
1819,Heidenheim,2018-11-25,2. Bundesliga,H,Paderborn
1819,M'gladbach,2018-11-25,Bundesliga,H,Hannover
1819,Paderborn,2018-11-25,2. Bundesliga,A,Heidenheim
1819,St Pauli,2018-11-25,2. Bundesliga,A,Jahn Regensburg
1819,Werder Bremen,2018-11-25,Bundesliga,A,Freiburg
1819,Hamburg,2018-11-26,2. Bundesliga,H,Union Berlin
1819,Union Berlin,2018-11-26,2. Bundesliga,A,Hamburg
1819,Bayern Munich,2018-11-27,Champions League,H,SL Benfica
1819,Hoffenheim,2018-11-27,Champions League,H,Shakhtar Donetsk
1819,Dortmund,2018-11-28,Champions League,H,Club Brugge KV
1819,Schalke 04,2018-11-28,Champions League,A,FC Porto
1819,Ein Frankfurt,2018-11-29,Europa League,H,Marseille
1819,Leverkusen,2018-11-29,Europa League,H,Ludogorets Razgrad
1819,RB Leipzig,2018-11-29,Europa League,A,Red Bull Salzburg
1819,Bielefeld,2018-11-30,2. Bundesliga,A,Paderborn
1819,Fortuna Dusseldorf,2018-11-30,Bundesliga,H,Mainz
1819,Mainz,2018-11-30,Bundesliga,A,Fortuna Dusseldorf
1819,Paderborn,2018-11-30,2. Bundesliga,H,Bielefeld
1819,Augsburg,2018-12-01,Bundesliga,A,Stuttgart
1819,Bayern Munich,2018-12-01,Bundesliga,A,Werder Bremen
1819,Darmstadt,2018-12-01,2. Bundesliga,A,Union Berlin
1819,Dortmund,2018-12-01,Bundesliga,H,Freiburg
1819,FC Koln,2018-12-01,2. Bundesliga,H,Greuther Furth
1819,Freiburg,2018-12-01,Bundesliga,A,Dortmund
1819,Greuther Furth,2018-12-01,2. Bundesliga,A,FC Koln
1819,Hamburg,2018-12-01,2. Bundesliga,A,FC Ingolstadt 04
1819,Hannover,2018-12-01,Bundesliga,H,Hertha
1819,Hertha,2018-12-01,Bundesliga,A,Hannover
1819,Hoffenheim,2018-12-01,Bundesliga,H,Schalke 04
1819,Schalke 04,2018-12-01,Bundesliga,A,Hoffenheim
1819,St Pauli,2018-12-01,2. Bundesliga,H,Dynamo Dresden
1819,Stuttgart,2018-12-01,Bundesliga,H,Augsburg
1819,Union Berlin,2018-12-01,2. Bundesliga,H,Darmstadt
1819,Werder Bremen,2018-12-01,Bundesliga,H,Bayern Munich
1819,Bochum,2018-12-02,2. Bundesliga,A,1. FC Magdeburg
1819,Ein Frankfurt,2018-12-02,Bundesliga,H,Wolfsburg
1819,Heidenheim,2018-12-02,2. Bundesliga,A,SV Sandhausen
1819,Holstein Kiel,2018-12-02,2. Bundesliga,A,MSV Duisburg
1819,M'gladbach,2018-12-02,Bundesliga,A,RB Leipzig
1819,RB Leipzig,2018-12-02,Bundesliga,H,M'gladbach
1819,Wolfsburg,2018-12-02,Bundesliga,A,Ein Frankfurt
1819,Leverkusen,2018-12-03,Bundesliga,A,Nurnberg
1819,Nurnberg,2018-12-03,Bundesliga,H,Leverkusen
1819,FC Koln,2018-12-07,2. Bundesliga,A,Jahn Regensburg
1819,Fortuna Dusseldorf,2018-12-07,Bundesliga,A,Werder Bremen
1819,Hamburg,2018-12-07,2. Bundesliga,H,Paderborn
1819,Paderborn,2018-12-07,2. Bundesliga,A,Hamburg
1819,Werder Bremen,2018-12-07,Bundesliga,H,Fortuna Dusseldorf
1819,Augsburg,2018-12-08,Bundesliga,A,Leverkusen
1819,Bayern Munich,2018-12-08,Bundesliga,H,Nurnberg
1819,Darmstadt,2018-12-08,2. Bundesliga,H,FC Ingolstadt 04
1819,Dortmund,2018-12-08,Bundesliga,A,Schalke 04
1819,Ein Frankfurt,2018-12-08,Bundesliga,A,Hertha
1819,Freiburg,2018-12-08,Bundesliga,H,RB Leipzig
1819,Greuther Furth,2018-12-08,2. Bundesliga,H,Erzgebirge Aue
1819,Heidenheim,2018-12-08,2. Bundesliga,H,MSV Duisburg
1819,Hertha,2018-12-08,Bundesliga,H,Ein Frankfurt
1819,Hoffenheim,2018-12-08,Bundesliga,A,Wolfsburg
1819,Leverkusen,2018-12-08,Bundesliga,H,Augsburg
1819,Nurnberg,2018-12-08,Bundesliga,A,Bayern Munich
1819,RB Leipzig,2018-12-08,Bundesliga,A,Freiburg
1819,Schalke 04,2018-12-08,Bundesliga,H,Dortmund
1819,Wolfsburg,2018-12-08,Bundesliga,H,Hoffenheim
1819,Bielefeld,2018-12-09,2. Bundesliga,H,SV Sandhausen
1819,Hannover,2018-12-09,Bundesliga,A,Mainz
1819,Holstein Kiel,2018-12-09,2. Bundesliga,A,Dynamo Dresden
1819,M'gladbach,2018-12-09,Bundesliga,H,Stuttgart
1819,Mainz,2018-12-09,Bundesliga,H,Hannover
1819,Stuttgart,2018-12-09,Bundesliga,A,M'gladbach
1819,Union Berlin,2018-12-09,2. Bundesliga,A,1. FC Magdeburg
1819,Bochum,2018-12-10,2. Bundesliga,H,St Pauli
1819,St Pauli,2018-12-10,2. Bundesliga,A,Bochum
1819,Dortmund,2018-12-11,Champions League,A,Monaco
1819,Schalke 04,2018-12-11,Champions League,H,Lokomotiv Moskva
1819,Bayern Munich,2018-12-12,Champions League,A,AFC Ajax
1819,Hoffenheim,2018-12-12,Champions League,A,Man City
1819,Ein Frankfurt,2018-12-13,Europa League,A,Lazio
1819,Leverkusen,2018-12-13,Europa League,A,AEK Larnaca
1819,RB Leipzig,2018-12-13,Europa League,H,Rosenborg
1819,Bielefeld,2018-12-14,2. Bundesliga,A,Holstein Kiel
1819,Hamburg,2018-12-14,2. Bundesliga,A,MSV Duisburg
1819,Holstein Kiel,2018-12-14,2. Bundesliga,H,Bielefeld
1819,Nurnberg,2018-12-14,Bundesliga,H,Wolfsburg
1819,Wolfsburg,2018-12-14,Bundesliga,A,Nurnberg
1819,Augsburg,2018-12-15,Bundesliga,H,Schalke 04
1819,Bayern Munich,2018-12-15,Bundesliga,A,Hannover
1819,Bochum,2018-12-15,2. Bundesliga,A,Union Berlin
1819,Dortmund,2018-12-15,Bundesliga,H,Werder Bremen
1819,Fortuna Dusseldorf,2018-12-15,Bundesliga,H,Freiburg
1819,Freiburg,2018-12-15,Bundesliga,A,Fortuna Dusseldorf
1819,Greuther Furth,2018-12-15,2. Bundesliga,A,St Pauli
1819,Hannover,2018-12-15,Bundesliga,H,Bayern Munich
1819,Hertha,2018-12-15,Bundesliga,A,Stuttgart
1819,Hoffenheim,2018-12-15,Bundesliga,H,M'gladbach
1819,M'gladbach,2018-12-15,Bundesliga,A,Hoffenheim
1819,Paderborn,2018-12-15,2. Bundesliga,H,Dynamo Dresden
1819,Schalke 04,2018-12-15,Bundesliga,A,Augsburg
1819,St Pauli,2018-12-15,2. Bundesliga,H,Greuther Furth
1819,Stuttgart,2018-12-15,Bundesliga,H,Hertha
1819,Union Berlin,2018-12-15,2. Bundesliga,H,Bochum
1819,Werder Bremen,2018-12-15,Bundesliga,A,Dortmund
1819,Darmstadt,2018-12-16,2. Bundesliga,A,Erzgebirge Aue
1819,Ein Frankfurt,2018-12-16,Bundesliga,H,Leverkusen
1819,Heidenheim,2018-12-16,2. Bundesliga,A,FC Ingolstadt 04
1819,Leverkusen,2018-12-16,Bundesliga,A,Ein Frankfurt
1819,Mainz,2018-12-16,Bundesliga,A,RB Leipzig
1819,RB Leipzig,2018-12-16,Bundesliga,H,Mainz
1819,FC Koln,2018-12-17,2. Bundesliga,H,1. FC Magdeburg
1819,Augsburg,2018-12-18,Bundesliga,A,Hertha
1819,Dortmund,2018-12-18,Bundesliga,A,Fortuna Dusseldorf
1819,Fortuna Dusseldorf,2018-12-18,Bundesliga,H,Dortmund
1819,Hertha,2018-12-18,Bundesliga,H,Augsburg
1819,M'gladbach,2018-12-18,Bundesliga,H,Nurnberg
1819,Nurnberg,2018-12-18,Bundesliga,A,M'gladbach
1819,Stuttgart,2018-12-18,Bundesliga,A,Wolfsburg
1819,Wolfsburg,2018-12-18,Bundesliga,H,Stuttgart
1819,Bayern Munich,2018-12-19,Bundesliga,H,RB Leipzig
1819,Ein Frankfurt,2018-12-19,Bundesliga,A,Mainz
1819,Freiburg,2018-12-19,Bundesliga,H,Hannover
1819,Hannover,2018-12-19,Bundesliga,A,Freiburg
1819,Hoffenheim,2018-12-19,Bundesliga,A,Werder Bremen
1819,Leverkusen,2018-12-19,Bundesliga,A,Schalke 04
1819,Mainz,2018-12-19,Bundesliga,H,Ein Frankfurt
1819,RB Leipzig,2018-12-19,Bundesliga,A,Bayern Munich
1819,Schalke 04,2018-12-19,Bundesliga,H,Leverkusen
1819,Werder Bremen,2018-12-19,Bundesliga,H,Hoffenheim
1819,Bochum,2018-12-21,2. Bundesliga,A,FC Koln
1819,Dortmund,2018-12-21,Bundesliga,H,M'gladbach
1819,FC Koln,2018-12-21,2. Bundesliga,H,Bochum
1819,Greuther Furth,2018-12-21,2. Bundesliga,A,SV Sandhausen
1819,M'gladbach,2018-12-21,Bundesliga,A,Dortmund
1819,Bayern Munich,2018-12-22,Bundesliga,A,Ein Frankfurt
1819,Bielefeld,2018-12-22,2. Bundesliga,H,Heidenheim
1819,Ein Frankfurt,2018-12-22,Bundesliga,H,Bayern Munich
1819,Fortuna Dusseldorf,2018-12-22,Bundesliga,A,Hannover
1819,Freiburg,2018-12-22,Bundesliga,A,Nurnberg
1819,Hannover,2018-12-22,Bundesliga,H,Fortuna Dusseldorf
1819,Heidenheim,2018-12-22,2. Bundesliga,A,Bielefeld
1819,Hertha,2018-12-22,Bundesliga,A,Leverkusen
1819,Leverkusen,2018-12-22,Bundesliga,H,Hertha
1819,Nurnberg,2018-12-22,Bundesliga,H,Freiburg
1819,RB Leipzig,2018-12-22,Bundesliga,H,Werder Bremen
1819,Schalke 04,2018-12-22,Bundesliga,A,Stuttgart
1819,St Pauli,2018-12-22,2. Bundesliga,H,1. FC Magdeburg
1819,Stuttgart,2018-12-22,Bundesliga,H,Schalke 04
1819,Werder Bremen,2018-12-22,Bundesliga,A,RB Leipzig
1819,Augsburg,2018-12-23,Bundesliga,H,Wolfsburg
1819,Darmstadt,2018-12-23,2. Bundesliga,A,Paderborn
1819,Hamburg,2018-12-23,2. Bundesliga,A,Holstein Kiel
1819,Hoffenheim,2018-12-23,Bundesliga,H,Mainz
1819,Holstein Kiel,2018-12-23,2. Bundesliga,H,Hamburg
1819,Mainz,2018-12-23,Bundesliga,A,Hoffenheim
1819,Paderborn,2018-12-23,2. Bundesliga,H,Darmstadt
1819,Union Berlin,2018-12-23,2. Bundesliga,A,Erzgebirge Aue
1819,Wolfsburg,2018-12-23,Bundesliga,A,Augsburg
1819,Bayern Munich,2019-01-18,Bundesliga,A,Hoffenheim
1819,Hoffenheim,2019-01-18,Bundesliga,H,Bayern Munich
1819,Augsburg,2019-01-19,Bundesliga,H,Fortuna Dusseldorf
1819,Dortmund,2019-01-19,Bundesliga,A,RB Leipzig
1819,Ein Frankfurt,2019-01-19,Bundesliga,H,Freiburg
1819,Fortuna Dusseldorf,2019-01-19,Bundesliga,A,Augsburg
1819,Freiburg,2019-01-19,Bundesliga,A,Ein Frankfurt
1819,Hannover,2019-01-19,Bundesliga,H,Werder Bremen
1819,Leverkusen,2019-01-19,Bundesliga,H,M'gladbach
1819,M'gladbach,2019-01-19,Bundesliga,A,Leverkusen
1819,Mainz,2019-01-19,Bundesliga,A,Stuttgart
1819,RB Leipzig,2019-01-19,Bundesliga,H,Dortmund
1819,Stuttgart,2019-01-19,Bundesliga,H,Mainz
1819,Werder Bremen,2019-01-19,Bundesliga,A,Hannover
1819,Hertha,2019-01-20,Bundesliga,A,Nurnberg
1819,Nurnberg,2019-01-20,Bundesliga,H,Hertha
1819,Schalke 04,2019-01-20,Bundesliga,H,Wolfsburg
1819,Wolfsburg,2019-01-20,Bundesliga,A,Schalke 04
1819,Hertha,2019-01-25,Bundesliga,H,Schalke 04
1819,Schalke 04,2019-01-25,Bundesliga,A,Hertha
1819,Augsburg,2019-01-26,Bundesliga,A,M'gladbach
1819,Dortmund,2019-01-26,Bundesliga,H,Hannover
1819,Ein Frankfurt,2019-01-26,Bundesliga,A,Werder Bremen
1819,Freiburg,2019-01-26,Bundesliga,H,Hoffenheim
1819,Hannover,2019-01-26,Bundesliga,A,Dortmund
1819,Hoffenheim,2019-01-26,Bundesliga,A,Freiburg
1819,Leverkusen,2019-01-26,Bundesliga,A,Wolfsburg
1819,M'gladbach,2019-01-26,Bundesliga,H,Augsburg
1819,Mainz,2019-01-26,Bundesliga,H,Nurnberg
1819,Nurnberg,2019-01-26,Bundesliga,A,Mainz
1819,Werder Bremen,2019-01-26,Bundesliga,H,Ein Frankfurt
1819,Wolfsburg,2019-01-26,Bundesliga,H,Leverkusen
1819,Bayern Munich,2019-01-27,Bundesliga,H,Stuttgart
1819,Fortuna Dusseldorf,2019-01-27,Bundesliga,H,RB Leipzig
1819,RB Leipzig,2019-01-27,Bundesliga,A,Fortuna Dusseldorf
1819,Stuttgart,2019-01-27,Bundesliga,A,Bayern Munich
1819,Bochum,2019-01-29,2. Bundesliga,H,MSV Duisburg
1819,Darmstadt,2019-01-29,2. Bundesliga,H,St Pauli
1819,Greuther Furth,2019-01-29,2. Bundesliga,H,FC Ingolstadt 04
1819,St Pauli,2019-01-29,2. Bundesliga,A,Darmstadt
1819,Bielefeld,2019-01-30,2. Bundesliga,A,Dynamo Dresden
1819,Hamburg,2019-01-30,2. Bundesliga,H,SV Sandhausen
1819,Heidenheim,2019-01-30,2. Bundesliga,H,Holstein Kiel
1819,Holstein Kiel,2019-01-30,2. Bundesliga,A,Heidenheim
1819,Paderborn,2019-01-30,2. Bundesliga,A,Jahn Regensburg
1819,FC Koln,2019-01-31,2. Bundesliga,A,Union Berlin
1819,Union Berlin,2019-01-31,2. Bundesliga,H,FC Koln
1819,Darmstadt,2019-02-01,2. Bundesliga,A,MSV Duisburg
1819,Hannover,2019-02-01,Bundesliga,H,RB Leipzig
1819,RB Leipzig,2019-02-01,Bundesliga,A,Hannover
1819,Bayern Munich,2019-02-02,Bundesliga,A,Leverkusen
1819,Bielefeld,2019-02-02,2. Bundesliga,H,Hamburg
1819,Dortmund,2019-02-02,Bundesliga,A,Ein Frankfurt
1819,Ein Frankfurt,2019-02-02,Bundesliga,H,Dortmund
1819,Fortuna Dusseldorf,2019-02-02,Bundesliga,A,Hoffenheim
1819,Greuther Furth,2019-02-02,2. Bundesliga,A,Paderborn
1819,Hamburg,2019-02-02,2. Bundesliga,A,Bielefeld
1819,Heidenheim,2019-02-02,2. Bundesliga,H,Dynamo Dresden
1819,Hertha,2019-02-02,Bundesliga,H,Wolfsburg
1819,Hoffenheim,2019-02-02,Bundesliga,H,Fortuna Dusseldorf
1819,Leverkusen,2019-02-02,Bundesliga,H,Bayern Munich
1819,M'gladbach,2019-02-02,Bundesliga,A,Schalke 04
1819,Nurnberg,2019-02-02,Bundesliga,H,Werder Bremen
1819,Paderborn,2019-02-02,2. Bundesliga,H,Greuther Furth
1819,Schalke 04,2019-02-02,Bundesliga,H,M'gladbach
1819,Werder Bremen,2019-02-02,Bundesliga,A,Nurnberg
1819,Wolfsburg,2019-02-02,Bundesliga,A,Hertha
1819,Augsburg,2019-02-03,Bundesliga,H,Mainz
1819,Bochum,2019-02-03,2. Bundesliga,A,SV Sandhausen
1819,Freiburg,2019-02-03,Bundesliga,A,Stuttgart
1819,Holstein Kiel,2019-02-03,2. Bundesliga,H,Jahn Regensburg
1819,Mainz,2019-02-03,Bundesliga,A,Augsburg
1819,Stuttgart,2019-02-03,Bundesliga,H,Freiburg
1819,St Pauli,2019-02-04,2. Bundesliga,H,Union Berlin
1819,Union Berlin,2019-02-04,2. Bundesliga,A,St Pauli
1819,Dortmund,2019-02-05,DFB-Pokal,H,Werder Bremen
1819,Hamburg,2019-02-05,DFB-Pokal,H,Nurnberg
1819,Heidenheim,2019-02-05,DFB-Pokal,H,Leverkusen
1819,Leverkusen,2019-02-05,DFB-Pokal,A,Heidenheim
1819,Nurnberg,2019-02-05,DFB-Pokal,A,Hamburg
1819,Paderborn,2019-02-05,DFB-Pokal,A,MSV Duisburg
1819,Werder Bremen,2019-02-05,DFB-Pokal,A,Dortmund
1819,Augsburg,2019-02-06,DFB-Pokal,A,Holstein Kiel
1819,Bayern Munich,2019-02-06,DFB-Pokal,A,Hertha
1819,Fortuna Dusseldorf,2019-02-06,DFB-Pokal,A,Schalke 04
1819,Hertha,2019-02-06,DFB-Pokal,H,Bayern Munich
1819,Holstein Kiel,2019-02-06,DFB-Pokal,H,Augsburg
1819,RB Leipzig,2019-02-06,DFB-Pokal,H,Wolfsburg
1819,Schalke 04,2019-02-06,DFB-Pokal,H,Fortuna Dusseldorf
1819,Wolfsburg,2019-02-06,DFB-Pokal,A,RB Leipzig
1819,Bielefeld,2019-02-08,2. Bundesliga,A,Jahn Regensburg
1819,FC Koln,2019-02-08,2. Bundesliga,H,St Pauli
1819,Leverkusen,2019-02-08,Bundesliga,A,Mainz
1819,Mainz,2019-02-08,Bundesliga,H,Leverkusen
1819,St Pauli,2019-02-08,2. Bundesliga,A,FC Koln
1819,Bayern Munich,2019-02-09,Bundesliga,H,Schalke 04
1819,Bochum,2019-02-09,2. Bundesliga,H,Paderborn
1819,Dortmund,2019-02-09,Bundesliga,H,Hoffenheim
1819,Ein Frankfurt,2019-02-09,Bundesliga,A,RB Leipzig
1819,Freiburg,2019-02-09,Bundesliga,H,Wolfsburg
1819,Greuther Furth,2019-02-09,2. Bundesliga,H,MSV Duisburg
1819,Hannover,2019-02-09,Bundesliga,H,Nurnberg
1819,Hertha,2019-02-09,Bundesliga,A,M'gladbach
1819,Hoffenheim,2019-02-09,Bundesliga,A,Dortmund
1819,M'gladbach,2019-02-09,Bundesliga,H,Hertha
1819,Nurnberg,2019-02-09,Bundesliga,A,Hannover
1819,Paderborn,2019-02-09,2. Bundesliga,A,Bochum
1819,RB Leipzig,2019-02-09,Bundesliga,H,Ein Frankfurt
1819,Schalke 04,2019-02-09,Bundesliga,A,Bayern Munich
1819,Union Berlin,2019-02-09,2. Bundesliga,H,SV Sandhausen
1819,Wolfsburg,2019-02-09,Bundesliga,A,Freiburg
1819,Augsburg,2019-02-10,Bundesliga,A,Werder Bremen
1819,Darmstadt,2019-02-10,2. Bundesliga,H,Heidenheim
1819,Fortuna Dusseldorf,2019-02-10,Bundesliga,H,Stuttgart
1819,Heidenheim,2019-02-10,2. Bundesliga,A,Darmstadt
1819,Holstein Kiel,2019-02-10,2. Bundesliga,A,1. FC Magdeburg
1819,Stuttgart,2019-02-10,Bundesliga,A,Fortuna Dusseldorf
1819,Werder Bremen,2019-02-10,Bundesliga,H,Augsburg
1819,Hamburg,2019-02-11,2. Bundesliga,H,Dynamo Dresden
1819,Dortmund,2019-02-13,Champions League,A,Tottenham
1819,Ein Frankfurt,2019-02-14,Europa League,A,Shakhtar Donetsk
1819,Leverkusen,2019-02-14,Europa League,A,Krasnodar
1819,Augsburg,2019-02-15,Bundesliga,H,Bayern Munich
1819,Bayern Munich,2019-02-15,Bundesliga,A,Augsburg
1819,Darmstadt,2019-02-15,2. Bundesliga,A,SV Sandhausen
1819,FC Koln,2019-02-15,2. Bundesliga,A,Paderborn
1819,Paderborn,2019-02-15,2. Bundesliga,H,FC Koln
1819,Bochum,2019-02-16,2. Bundesliga,A,FC Ingolstadt 04
1819,Freiburg,2019-02-16,Bundesliga,A,Schalke 04
1819,Hamburg,2019-02-16,2. Bundesliga,A,Heidenheim
1819,Hannover,2019-02-16,Bundesliga,A,Hoffenheim
1819,Heidenheim,2019-02-16,2. Bundesliga,H,Hamburg
1819,Hertha,2019-02-16,Bundesliga,H,Werder Bremen
1819,Hoffenheim,2019-02-16,Bundesliga,H,Hannover
1819,Mainz,2019-02-16,Bundesliga,A,Wolfsburg
1819,RB Leipzig,2019-02-16,Bundesliga,A,Stuttgart
1819,Schalke 04,2019-02-16,Bundesliga,H,Freiburg
1819,St Pauli,2019-02-16,2. Bundesliga,H,Erzgebirge Aue
1819,Stuttgart,2019-02-16,Bundesliga,H,RB Leipzig
1819,Union Berlin,2019-02-16,2. Bundesliga,A,MSV Duisburg
1819,Werder Bremen,2019-02-16,Bundesliga,A,Hertha
1819,Wolfsburg,2019-02-16,Bundesliga,H,Mainz
1819,Bielefeld,2019-02-17,2. Bundesliga,H,1. FC Magdeburg
1819,Ein Frankfurt,2019-02-17,Bundesliga,H,M'gladbach
1819,Fortuna Dusseldorf,2019-02-17,Bundesliga,A,Leverkusen
1819,Greuther Furth,2019-02-17,2. Bundesliga,A,Holstein Kiel
1819,Holstein Kiel,2019-02-17,2. Bundesliga,H,Greuther Furth
1819,Leverkusen,2019-02-17,Bundesliga,H,Fortuna Dusseldorf
1819,M'gladbach,2019-02-17,Bundesliga,A,Ein Frankfurt
1819,Dortmund,2019-02-18,Bundesliga,A,Nurnberg
1819,Nurnberg,2019-02-18,Bundesliga,H,Dortmund
1819,Bayern Munich,2019-02-19,Champions League,A,Liverpool
1819,Schalke 04,2019-02-20,Champions League,H,Man City
1819,Ein Frankfurt,2019-02-21,Europa League,H,Shakhtar Donetsk
1819,Leverkusen,2019-02-21,Europa League,H,Krasnodar
1819,Bielefeld,2019-02-22,2. Bundesliga,A,Union Berlin
1819,Greuther Furth,2019-02-22,2. Bundesliga,H,Heidenheim
1819,Heidenheim,2019-02-22,2. Bundesliga,A,Greuther Furth
1819,Stuttgart,2019-02-22,Bundesliga,A,Werder Bremen
1819,Union Berlin,2019-02-22,2. Bundesliga,H,Bielefeld
1819,Werder Bremen,2019-02-22,Bundesliga,H,Stuttgart
1819,Augsburg,2019-02-23,Bundesliga,A,Freiburg
1819,Bayern Munich,2019-02-23,Bundesliga,H,Hertha
1819,Bochum,2019-02-23,2. Bundesliga,H,Holstein Kiel
1819,Darmstadt,2019-02-23,2. Bundesliga,H,Dynamo Dresden
1819,FC Koln,2019-02-23,2. Bundesliga,H,SV Sandhausen
1819,Fortuna Dusseldorf,2019-02-23,Bundesliga,H,Nurnberg
1819,Freiburg,2019-02-23,Bundesliga,H,Augsburg
1819,Hertha,2019-02-23,Bundesliga,A,Bayern Munich
1819,Holstein Kiel,2019-02-23,2. Bundesliga,A,Bochum
1819,M'gladbach,2019-02-23,Bundesliga,H,Wolfsburg
1819,Mainz,2019-02-23,Bundesliga,H,Schalke 04
1819,Nurnberg,2019-02-23,Bundesliga,A,Fortuna Dusseldorf
1819,Schalke 04,2019-02-23,Bundesliga,A,Mainz
1819,St Pauli,2019-02-23,2. Bundesliga,H,FC Ingolstadt 04
1819,Wolfsburg,2019-02-23,Bundesliga,A,M'gladbach
1819,Dortmund,2019-02-24,Bundesliga,H,Leverkusen
1819,Ein Frankfurt,2019-02-24,Bundesliga,A,Hannover
1819,Hamburg,2019-02-24,2. Bundesliga,A,Jahn Regensburg
1819,Hannover,2019-02-24,Bundesliga,H,Ein Frankfurt
1819,Leverkusen,2019-02-24,Bundesliga,A,Dortmund
1819,Paderborn,2019-02-24,2. Bundesliga,A,1. FC Magdeburg
1819,Hoffenheim,2019-02-25,Bundesliga,A,RB Leipzig
1819,RB Leipzig,2019-02-25,Bundesliga,H,Hoffenheim
1819,FC Koln,2019-02-27,2. Bundesliga,A,Erzgebirge Aue
1819,Augsburg,2019-03-01,Bundesliga,H,Dortmund
1819,Dortmund,2019-03-01,Bundesliga,A,Augsburg
1819,Holstein Kiel,2019-03-01,2. Bundesliga,H,Union Berlin
1819,Union Berlin,2019-03-01,2. Bundesliga,A,Holstein Kiel
1819,Bayern Munich,2019-03-02,Bundesliga,A,M'gladbach
1819,Ein Frankfurt,2019-03-02,Bundesliga,H,Hoffenheim
1819,Fortuna Dusseldorf,2019-03-02,Bundesliga,A,Schalke 04
1819,Freiburg,2019-03-02,Bundesliga,A,Leverkusen
1819,Heidenheim,2019-03-02,2. Bundesliga,H,Jahn Regensburg
1819,Hertha,2019-03-02,Bundesliga,H,Mainz
1819,Hoffenheim,2019-03-02,Bundesliga,A,Ein Frankfurt
1819,Leverkusen,2019-03-02,Bundesliga,H,Freiburg
1819,M'gladbach,2019-03-02,Bundesliga,H,Bayern Munich
1819,Mainz,2019-03-02,Bundesliga,A,Hertha
1819,Nurnberg,2019-03-02,Bundesliga,H,RB Leipzig
1819,Paderborn,2019-03-02,2. Bundesliga,H,St Pauli
1819,RB Leipzig,2019-03-02,Bundesliga,A,Nurnberg
1819,Schalke 04,2019-03-02,Bundesliga,H,Fortuna Dusseldorf
1819,St Pauli,2019-03-02,2. Bundesliga,A,Paderborn
1819,Bielefeld,2019-03-03,2. Bundesliga,H,Darmstadt
1819,Bochum,2019-03-03,2. Bundesliga,A,Dynamo Dresden
1819,Darmstadt,2019-03-03,2. Bundesliga,A,Bielefeld
1819,FC Koln,2019-03-03,2. Bundesliga,A,FC Ingolstadt 04
1819,Hannover,2019-03-03,Bundesliga,A,Stuttgart
1819,Stuttgart,2019-03-03,Bundesliga,H,Hannover
1819,Werder Bremen,2019-03-03,Bundesliga,A,Wolfsburg
1819,Wolfsburg,2019-03-03,Bundesliga,H,Werder Bremen
1819,Greuther Furth,2019-03-04,2. Bundesliga,A,Hamburg
1819,Hamburg,2019-03-04,2. Bundesliga,H,Greuther Furth
1819,Dortmund,2019-03-05,Champions League,H,Tottenham
1819,Ein Frankfurt,2019-03-07,Europa League,H,Inter Milan
1819,Bochum,2019-03-08,2. Bundesliga,H,Heidenheim
1819,Heidenheim,2019-03-08,2. Bundesliga,A,Bochum
1819,Schalke 04,2019-03-08,Bundesliga,A,Werder Bremen
1819,Union Berlin,2019-03-08,2. Bundesliga,H,FC Ingolstadt 04
1819,Werder Bremen,2019-03-08,Bundesliga,H,Schalke 04
1819,Augsburg,2019-03-09,Bundesliga,A,RB Leipzig
1819,Bayern Munich,2019-03-09,Bundesliga,H,Wolfsburg
1819,Bielefeld,2019-03-09,2. Bundesliga,A,FC Koln
1819,Darmstadt,2019-03-09,2. Bundesliga,H,Holstein Kiel
1819,Dortmund,2019-03-09,Bundesliga,H,Stuttgart
1819,FC Koln,2019-03-09,2. Bundesliga,H,Bielefeld
1819,Freiburg,2019-03-09,Bundesliga,H,Hertha
1819,Hertha,2019-03-09,Bundesliga,A,Freiburg
1819,Holstein Kiel,2019-03-09,2. Bundesliga,A,Darmstadt
1819,M'gladbach,2019-03-09,Bundesliga,A,Mainz
1819,Mainz,2019-03-09,Bundesliga,H,M'gladbach
1819,Paderborn,2019-03-09,2. Bundesliga,A,Erzgebirge Aue
1819,RB Leipzig,2019-03-09,Bundesliga,H,Augsburg
1819,Stuttgart,2019-03-09,Bundesliga,A,Dortmund
1819,Wolfsburg,2019-03-09,Bundesliga,A,Bayern Munich
1819,Hamburg,2019-03-10,2. Bundesliga,A,St Pauli
1819,Hannover,2019-03-10,Bundesliga,H,Leverkusen
1819,Hoffenheim,2019-03-10,Bundesliga,H,Nurnberg
1819,Leverkusen,2019-03-10,Bundesliga,A,Hannover
1819,Nurnberg,2019-03-10,Bundesliga,A,Hoffenheim
1819,St Pauli,2019-03-10,2. Bundesliga,H,Hamburg
1819,Ein Frankfurt,2019-03-11,Bundesliga,A,Fortuna Dusseldorf
1819,Fortuna Dusseldorf,2019-03-11,Bundesliga,H,Ein Frankfurt
1819,Schalke 04,2019-03-12,Champions League,A,Man City
1819,Bayern Munich,2019-03-13,Champions League,H,Liverpool
1819,Ein Frankfurt,2019-03-14,Europa League,A,Inter Milan
1819,Freiburg,2019-03-15,Bundesliga,A,M'gladbach
1819,Heidenheim,2019-03-15,2. Bundesliga,H,Union Berlin
1819,Holstein Kiel,2019-03-15,2. Bundesliga,H,Erzgebirge Aue
1819,M'gladbach,2019-03-15,Bundesliga,H,Freiburg
1819,Union Berlin,2019-03-15,2. Bundesliga,A,Heidenheim
1819,Augsburg,2019-03-16,Bundesliga,H,Hannover
1819,Darmstadt,2019-03-16,2. Bundesliga,A,Hamburg
1819,Dortmund,2019-03-16,Bundesliga,A,Hertha
1819,Fortuna Dusseldorf,2019-03-16,Bundesliga,A,Wolfsburg
1819,Hamburg,2019-03-16,2. Bundesliga,H,Darmstadt
1819,Hannover,2019-03-16,Bundesliga,A,Augsburg
1819,Hertha,2019-03-16,Bundesliga,H,Dortmund
1819,Hoffenheim,2019-03-16,Bundesliga,A,Stuttgart
1819,RB Leipzig,2019-03-16,Bundesliga,A,Schalke 04
1819,Schalke 04,2019-03-16,Bundesliga,H,RB Leipzig
1819,St Pauli,2019-03-16,2. Bundesliga,A,SV Sandhausen
1819,Stuttgart,2019-03-16,Bundesliga,H,Hoffenheim
1819,Wolfsburg,2019-03-16,Bundesliga,H,Fortuna Dusseldorf
1819,Bayern Munich,2019-03-17,Bundesliga,H,Mainz
1819,Bielefeld,2019-03-17,2. Bundesliga,H,Bochum
1819,Bochum,2019-03-17,2. Bundesliga,A,Bielefeld
1819,Ein Frankfurt,2019-03-17,Bundesliga,H,Nurnberg
1819,Leverkusen,2019-03-17,Bundesliga,H,Werder Bremen
1819,Mainz,2019-03-17,Bundesliga,A,Bayern Munich
1819,Nurnberg,2019-03-17,Bundesliga,A,Ein Frankfurt
1819,Paderborn,2019-03-17,2. Bundesliga,H,FC Ingolstadt 04
1819,Werder Bremen,2019-03-17,Bundesliga,A,Leverkusen
1819,Greuther Furth,2019-03-18,2. Bundesliga,A,Jahn Regensburg
1819,Heidenheim,2019-03-29,2. Bundesliga,A,1. FC Magdeburg
1819,Hoffenheim,2019-03-29,Bundesliga,H,Leverkusen
1819,Leverkusen,2019-03-29,Bundesliga,A,Hoffenheim
1819,St Pauli,2019-03-29,2. Bundesliga,H,MSV Duisburg
1819,Augsburg,2019-03-30,Bundesliga,A,Nurnberg
1819,Bayern Munich,2019-03-30,Bundesliga,A,Freiburg
1819,Bochum,2019-03-30,2. Bundesliga,H,Hamburg
1819,Darmstadt,2019-03-30,2. Bundesliga,H,Jahn Regensburg
1819,Dortmund,2019-03-30,Bundesliga,H,Wolfsburg
1819,Fortuna Dusseldorf,2019-03-30,Bundesliga,H,M'gladbach
1819,Freiburg,2019-03-30,Bundesliga,H,Bayern Munich
1819,Hamburg,2019-03-30,2. Bundesliga,A,Bochum
1819,Hertha,2019-03-30,Bundesliga,A,RB Leipzig
1819,M'gladbach,2019-03-30,Bundesliga,A,Fortuna Dusseldorf
1819,Mainz,2019-03-30,Bundesliga,A,Werder Bremen
1819,Nurnberg,2019-03-30,Bundesliga,H,Augsburg
1819,Paderborn,2019-03-30,2. Bundesliga,A,Union Berlin
1819,RB Leipzig,2019-03-30,Bundesliga,H,Hertha
1819,Union Berlin,2019-03-30,2. Bundesliga,H,Paderborn
1819,Werder Bremen,2019-03-30,Bundesliga,H,Mainz
1819,Wolfsburg,2019-03-30,Bundesliga,A,Dortmund
1819,Bielefeld,2019-03-31,2. Bundesliga,A,Greuther Furth
1819,Ein Frankfurt,2019-03-31,Bundesliga,H,Stuttgart
1819,FC Koln,2019-03-31,2. Bundesliga,H,Holstein Kiel
1819,Greuther Furth,2019-03-31,2. Bundesliga,H,Bielefeld
1819,Hannover,2019-03-31,Bundesliga,H,Schalke 04
1819,Holstein Kiel,2019-03-31,2. Bundesliga,A,FC Koln
1819,Schalke 04,2019-03-31,Bundesliga,A,Hannover
1819,Stuttgart,2019-03-31,Bundesliga,A,Ein Frankfurt
1819,Augsburg,2019-04-02,DFB-Pokal,H,RB Leipzig
1819,Hamburg,2019-04-02,DFB-Pokal,A,Paderborn
1819,Paderborn,2019-04-02,DFB-Pokal,H,Hamburg
1819,RB Leipzig,2019-04-02,DFB-Pokal,A,Augsburg
1819,Bayern Munich,2019-04-03,DFB-Pokal,H,Heidenheim
1819,Heidenheim,2019-04-03,DFB-Pokal,A,Bayern Munich
1819,Schalke 04,2019-04-03,DFB-Pokal,H,Werder Bremen
1819,Werder Bremen,2019-04-03,DFB-Pokal,A,Schalke 04
1819,Greuther Furth,2019-04-04,2. Bundesliga,H,Dynamo Dresden
1819,Bielefeld,2019-04-05,2. Bundesliga,H,Erzgebirge Aue
1819,Bochum,2019-04-05,2. Bundesliga,A,Jahn Regensburg
1819,Freiburg,2019-04-05,Bundesliga,A,Mainz
1819,Mainz,2019-04-05,Bundesliga,H,Freiburg
1819,Bayern Munich,2019-04-06,Bundesliga,H,Dortmund
1819,Dortmund,2019-04-06,Bundesliga,A,Bayern Munich
1819,Ein Frankfurt,2019-04-06,Bundesliga,A,Schalke 04
1819,Fortuna Dusseldorf,2019-04-06,Bundesliga,A,Hertha
1819,Hannover,2019-04-06,Bundesliga,A,Wolfsburg
1819,Hertha,2019-04-06,Bundesliga,H,Fortuna Dusseldorf
1819,Holstein Kiel,2019-04-06,2. Bundesliga,H,St Pauli
1819,Leverkusen,2019-04-06,Bundesliga,H,RB Leipzig
1819,Nurnberg,2019-04-06,Bundesliga,A,Stuttgart
1819,Paderborn,2019-04-06,2. Bundesliga,A,SV Sandhausen
1819,RB Leipzig,2019-04-06,Bundesliga,A,Leverkusen
1819,Schalke 04,2019-04-06,Bundesliga,H,Ein Frankfurt
1819,St Pauli,2019-04-06,2. Bundesliga,A,Holstein Kiel
1819,Stuttgart,2019-04-06,Bundesliga,H,Nurnberg
1819,Wolfsburg,2019-04-06,Bundesliga,H,Hannover
1819,Augsburg,2019-04-07,Bundesliga,H,Hoffenheim
1819,Darmstadt,2019-04-07,2. Bundesliga,A,Greuther Furth
1819,FC Koln,2019-04-07,2. Bundesliga,A,Heidenheim
1819,Greuther Furth,2019-04-07,2. Bundesliga,H,Darmstadt
1819,Heidenheim,2019-04-07,2. Bundesliga,H,FC Koln
1819,Hoffenheim,2019-04-07,Bundesliga,A,Augsburg
1819,M'gladbach,2019-04-07,Bundesliga,H,Werder Bremen
1819,Union Berlin,2019-04-07,2. Bundesliga,A,Dynamo Dresden
1819,Werder Bremen,2019-04-07,Bundesliga,A,M'gladbach
1819,Hamburg,2019-04-08,2. Bundesliga,H,1. FC Magdeburg
1819,FC Koln,2019-04-10,2. Bundesliga,A,MSV Duisburg
1819,Ein Frankfurt,2019-04-11,Europa League,A,Benfica
1819,Heidenheim,2019-04-12,2. Bundesliga,A,Erzgebirge Aue
1819,Nurnberg,2019-04-12,Bundesliga,H,Schalke 04
1819,Schalke 04,2019-04-12,Bundesliga,A,Nurnberg
1819,Union Berlin,2019-04-12,2. Bundesliga,H,Jahn Regensburg
1819,Darmstadt,2019-04-13,2. Bundesliga,A,1. FC Magdeburg
1819,Dortmund,2019-04-13,Bundesliga,H,Mainz
1819,Freiburg,2019-04-13,Bundesliga,A,Werder Bremen
1819,Hannover,2019-04-13,Bundesliga,H,M'gladbach
1819,Leverkusen,2019-04-13,Bundesliga,A,Stuttgart
1819,M'gladbach,2019-04-13,Bundesliga,A,Hannover
1819,Mainz,2019-04-13,Bundesliga,A,Dortmund
1819,Paderborn,2019-04-13,2. Bundesliga,H,MSV Duisburg
1819,RB Leipzig,2019-04-13,Bundesliga,H,Wolfsburg
1819,Stuttgart,2019-04-13,Bundesliga,H,Leverkusen
1819,Werder Bremen,2019-04-13,Bundesliga,H,Freiburg
1819,Wolfsburg,2019-04-13,Bundesliga,A,RB Leipzig
1819,Augsburg,2019-04-14,Bundesliga,A,Ein Frankfurt
1819,Bayern Munich,2019-04-14,Bundesliga,A,Fortuna Dusseldorf
1819,Bielefeld,2019-04-14,2. Bundesliga,A,St Pauli
1819,Bochum,2019-04-14,2. Bundesliga,H,Greuther Furth
1819,Ein Frankfurt,2019-04-14,Bundesliga,H,Augsburg
1819,Fortuna Dusseldorf,2019-04-14,Bundesliga,H,Bayern Munich
1819,Greuther Furth,2019-04-14,2. Bundesliga,A,Bochum
1819,Hertha,2019-04-14,Bundesliga,A,Hoffenheim
1819,Hoffenheim,2019-04-14,Bundesliga,H,Hertha
1819,Holstein Kiel,2019-04-14,2. Bundesliga,A,FC Ingolstadt 04
1819,St Pauli,2019-04-14,2. Bundesliga,H,Bielefeld
1819,FC Koln,2019-04-15,2. Bundesliga,H,Hamburg
1819,Hamburg,2019-04-15,2. Bundesliga,A,FC Koln
1819,Ein Frankfurt,2019-04-18,Europa League,H,Benfica
1819,Augsburg,2019-04-20,Bundesliga,H,Stuttgart
1819,Bayern Munich,2019-04-20,Bundesliga,H,Werder Bremen
1819,Fortuna Dusseldorf,2019-04-20,Bundesliga,A,Mainz
1819,Greuther Furth,2019-04-20,2. Bundesliga,H,Union Berlin
1819,Hamburg,2019-04-20,2. Bundesliga,H,Erzgebirge Aue
1819,Hoffenheim,2019-04-20,Bundesliga,A,Schalke 04
1819,Holstein Kiel,2019-04-20,2. Bundesliga,H,Paderborn
1819,Leverkusen,2019-04-20,Bundesliga,H,Nurnberg
1819,M'gladbach,2019-04-20,Bundesliga,H,RB Leipzig
1819,Mainz,2019-04-20,Bundesliga,H,Fortuna Dusseldorf
1819,Nurnberg,2019-04-20,Bundesliga,A,Leverkusen
1819,Paderborn,2019-04-20,2. Bundesliga,A,Holstein Kiel
1819,RB Leipzig,2019-04-20,Bundesliga,A,M'gladbach
1819,Schalke 04,2019-04-20,Bundesliga,H,Hoffenheim
1819,Stuttgart,2019-04-20,Bundesliga,A,Augsburg
1819,Union Berlin,2019-04-20,2. Bundesliga,A,Greuther Furth
1819,Werder Bremen,2019-04-20,Bundesliga,A,Bayern Munich
1819,Bielefeld,2019-04-21,2. Bundesliga,H,FC Ingolstadt 04
1819,Bochum,2019-04-21,2. Bundesliga,A,Darmstadt
1819,Darmstadt,2019-04-21,2. Bundesliga,H,Bochum
1819,Dortmund,2019-04-21,Bundesliga,A,Freiburg
1819,FC Koln,2019-04-21,2. Bundesliga,A,Dynamo Dresden
1819,Freiburg,2019-04-21,Bundesliga,H,Dortmund
1819,Hannover,2019-04-21,Bundesliga,A,Hertha
1819,Heidenheim,2019-04-21,2. Bundesliga,H,St Pauli
1819,Hertha,2019-04-21,Bundesliga,H,Hannover
1819,St Pauli,2019-04-21,2. Bundesliga,A,Heidenheim
1819,Ein Frankfurt,2019-04-22,Bundesliga,A,Wolfsburg
1819,Wolfsburg,2019-04-22,Bundesliga,H,Ein Frankfurt
1819,Hamburg,2019-04-23,DFB-Pokal,H,RB Leipzig
1819,RB Leipzig,2019-04-23,DFB-Pokal,A,Hamburg
1819,Bayern Munich,2019-04-24,DFB-Pokal,A,Werder Bremen
1819,Werder Bremen,2019-04-24,DFB-Pokal,H,Bayern Munich
1819,Augsburg,2019-04-26,Bundesliga,H,Leverkusen
1819,Darmstadt,2019-04-26,2. Bundesliga,A,FC Koln
1819,FC Koln,2019-04-26,2. Bundesliga,H,Darmstadt
1819,Leverkusen,2019-04-26,Bundesliga,A,Augsburg
1819,Dortmund,2019-04-27,Bundesliga,H,Schalke 04
1819,Ein Frankfurt,2019-04-27,Bundesliga,H,Hertha
1819,Fortuna Dusseldorf,2019-04-27,Bundesliga,H,Werder Bremen
1819,Freiburg,2019-04-27,Bundesliga,A,RB Leipzig
1819,Greuther Furth,2019-04-27,2. Bundesliga,A,1. FC Magdeburg
1819,Hannover,2019-04-27,Bundesliga,H,Mainz
1819,Hertha,2019-04-27,Bundesliga,A,Ein Frankfurt
1819,Holstein Kiel,2019-04-27,2. Bundesliga,A,SV Sandhausen
1819,M'gladbach,2019-04-27,Bundesliga,A,Stuttgart
1819,Mainz,2019-04-27,Bundesliga,A,Hannover
1819,RB Leipzig,2019-04-27,Bundesliga,H,Freiburg
1819,Schalke 04,2019-04-27,Bundesliga,A,Dortmund
1819,St Pauli,2019-04-27,2. Bundesliga,H,Jahn Regensburg
1819,Stuttgart,2019-04-27,Bundesliga,H,M'gladbach
1819,Werder Bremen,2019-04-27,Bundesliga,A,Fortuna Dusseldorf
1819,Bayern Munich,2019-04-28,Bundesliga,A,Nurnberg
1819,Bochum,2019-04-28,2. Bundesliga,A,Erzgebirge Aue
1819,Hamburg,2019-04-28,2. Bundesliga,A,Union Berlin
1819,Heidenheim,2019-04-28,2. Bundesliga,A,Paderborn
1819,Hoffenheim,2019-04-28,Bundesliga,H,Wolfsburg
1819,Nurnberg,2019-04-28,Bundesliga,H,Bayern Munich
1819,Paderborn,2019-04-28,2. Bundesliga,H,Heidenheim
1819,Union Berlin,2019-04-28,2. Bundesliga,H,Hamburg
1819,Wolfsburg,2019-04-28,Bundesliga,A,Hoffenheim
1819,Bielefeld,2019-04-29,2. Bundesliga,A,MSV Duisburg
1819,Ein Frankfurt,2019-05-02,Europa League,H,Chelsea
1819,Bielefeld,2019-05-03,2. Bundesliga,H,Paderborn
1819,Mainz,2019-05-03,Bundesliga,H,RB Leipzig
1819,Paderborn,2019-05-03,2. Bundesliga,A,Bielefeld
1819,RB Leipzig,2019-05-03,Bundesliga,A,Mainz
1819,St Pauli,2019-05-03,2. Bundesliga,A,Dynamo Dresden
1819,Bayern Munich,2019-05-04,Bundesliga,H,Hannover
1819,Bochum,2019-05-04,2. Bundesliga,H,1. FC Magdeburg
1819,Dortmund,2019-05-04,Bundesliga,A,Werder Bremen
1819,Hamburg,2019-05-04,2. Bundesliga,H,FC Ingolstadt 04
1819,Hannover,2019-05-04,Bundesliga,A,Bayern Munich
1819,Heidenheim,2019-05-04,2. Bundesliga,H,SV Sandhausen
1819,Hertha,2019-05-04,Bundesliga,H,Stuttgart
1819,Hoffenheim,2019-05-04,Bundesliga,A,M'gladbach
1819,M'gladbach,2019-05-04,Bundesliga,H,Hoffenheim
1819,Nurnberg,2019-05-04,Bundesliga,A,Wolfsburg
1819,Stuttgart,2019-05-04,Bundesliga,A,Hertha
1819,Werder Bremen,2019-05-04,Bundesliga,H,Dortmund
1819,Wolfsburg,2019-05-04,Bundesliga,H,Nurnberg
1819,Augsburg,2019-05-05,Bundesliga,A,Schalke 04
1819,Darmstadt,2019-05-05,2. Bundesliga,H,Union Berlin
1819,Ein Frankfurt,2019-05-05,Bundesliga,A,Leverkusen
1819,Fortuna Dusseldorf,2019-05-05,Bundesliga,A,Freiburg
1819,Freiburg,2019-05-05,Bundesliga,H,Fortuna Dusseldorf
1819,Holstein Kiel,2019-05-05,2. Bundesliga,H,MSV Duisburg
1819,Leverkusen,2019-05-05,Bundesliga,H,Ein Frankfurt
1819,Schalke 04,2019-05-05,Bundesliga,H,Augsburg
1819,Union Berlin,2019-05-05,2. Bundesliga,A,Darmstadt
1819,FC Koln,2019-05-06,2. Bundesliga,A,Greuther Furth
1819,Greuther Furth,2019-05-06,2. Bundesliga,H,FC Koln
1819,Ein Frankfurt,2019-05-09,Europa League,A,Chelsea
1819,Augsburg,2019-05-11,Bundesliga,H,Hertha
1819,Bayern Munich,2019-05-11,Bundesliga,A,RB Leipzig
1819,Dortmund,2019-05-11,Bundesliga,H,Fortuna Dusseldorf
1819,Fortuna Dusseldorf,2019-05-11,Bundesliga,A,Dortmund
1819,Freiburg,2019-05-11,Bundesliga,A,Hannover
1819,Hannover,2019-05-11,Bundesliga,H,Freiburg
1819,Hertha,2019-05-11,Bundesliga,A,Augsburg
1819,Hoffenheim,2019-05-11,Bundesliga,H,Werder Bremen
1819,Leverkusen,2019-05-11,Bundesliga,H,Schalke 04
1819,M'gladbach,2019-05-11,Bundesliga,A,Nurnberg
1819,Nurnberg,2019-05-11,Bundesliga,H,M'gladbach
1819,RB Leipzig,2019-05-11,Bundesliga,H,Bayern Munich
1819,Schalke 04,2019-05-11,Bundesliga,A,Leverkusen
1819,Stuttgart,2019-05-11,Bundesliga,H,Wolfsburg
1819,Werder Bremen,2019-05-11,Bundesliga,A,Hoffenheim
1819,Wolfsburg,2019-05-11,Bundesliga,A,Stuttgart
1819,Bielefeld,2019-05-12,2. Bundesliga,A,SV Sandhausen
1819,Bochum,2019-05-12,2. Bundesliga,A,St Pauli
1819,Darmstadt,2019-05-12,2. Bundesliga,A,FC Ingolstadt 04
1819,Ein Frankfurt,2019-05-12,Bundesliga,H,Mainz
1819,FC Koln,2019-05-12,2. Bundesliga,H,Jahn Regensburg
1819,Greuther Furth,2019-05-12,2. Bundesliga,A,Erzgebirge Aue
1819,Hamburg,2019-05-12,2. Bundesliga,A,Paderborn
1819,Heidenheim,2019-05-12,2. Bundesliga,A,MSV Duisburg
1819,Holstein Kiel,2019-05-12,2. Bundesliga,H,Dynamo Dresden
1819,Mainz,2019-05-12,Bundesliga,A,Ein Frankfurt
1819,Paderborn,2019-05-12,2. Bundesliga,H,Hamburg
1819,St Pauli,2019-05-12,2. Bundesliga,H,Bochum
1819,Union Berlin,2019-05-12,2. Bundesliga,H,1. FC Magdeburg
1819,Augsburg,2019-05-18,Bundesliga,A,Wolfsburg
1819,Bayern Munich,2019-05-18,Bundesliga,H,Ein Frankfurt
1819,Dortmund,2019-05-18,Bundesliga,A,M'gladbach
1819,Ein Frankfurt,2019-05-18,Bundesliga,A,Bayern Munich
1819,Fortuna Dusseldorf,2019-05-18,Bundesliga,H,Hannover
1819,Freiburg,2019-05-18,Bundesliga,H,Nurnberg
1819,Hannover,2019-05-18,Bundesliga,A,Fortuna Dusseldorf
1819,Hertha,2019-05-18,Bundesliga,H,Leverkusen
1819,Hoffenheim,2019-05-18,Bundesliga,A,Mainz
1819,Leverkusen,2019-05-18,Bundesliga,A,Hertha
1819,M'gladbach,2019-05-18,Bundesliga,H,Dortmund
1819,Mainz,2019-05-18,Bundesliga,H,Hoffenheim
1819,Nurnberg,2019-05-18,Bundesliga,A,Freiburg
1819,RB Leipzig,2019-05-18,Bundesliga,A,Werder Bremen
1819,Schalke 04,2019-05-18,Bundesliga,H,Stuttgart
1819,Stuttgart,2019-05-18,Bundesliga,A,Schalke 04
1819,Werder Bremen,2019-05-18,Bundesliga,H,RB Leipzig
1819,Wolfsburg,2019-05-18,Bundesliga,H,Augsburg
1819,Bielefeld,2019-05-19,2. Bundesliga,H,Holstein Kiel
1819,Bochum,2019-05-19,2. Bundesliga,H,Union Berlin
1819,Darmstadt,2019-05-19,2. Bundesliga,H,Erzgebirge Aue
1819,FC Koln,2019-05-19,2. Bundesliga,A,1. FC Magdeburg
1819,Greuther Furth,2019-05-19,2. Bundesliga,H,St Pauli
1819,Hamburg,2019-05-19,2. Bundesliga,H,MSV Duisburg
1819,Heidenheim,2019-05-19,2. Bundesliga,H,FC Ingolstadt 04
1819,Holstein Kiel,2019-05-19,2. Bundesliga,A,Bielefeld
1819,Paderborn,2019-05-19,2. Bundesliga,A,Dynamo Dresden
1819,St Pauli,2019-05-19,2. Bundesliga,A,Greuther Furth
1819,Union Berlin,2019-05-19,2. Bundesliga,A,Bochum
1819,Bayern Munich,2019-05-25,DFB-Pokal,A,RB Leipzig
1819,RB Leipzig,2019-05-25,DFB-Pokal,H,Bayern Munich
1920,Ein Frankfurt,2019-07-25,Europa League (qual.),A,Flora
1920,Hannover,2019-07-26,2. Bundesliga,A,Stuttgart
1920,Stuttgart,2019-07-26,2. Bundesliga,H,Hannover
1920,Heidenheim,2019-07-27,2. Bundesliga,A,VfL Osnabrück
1920,Holstein Kiel,2019-07-27,2. Bundesliga,H,SV Sandhausen
1920,Nurnberg,2019-07-27,2. Bundesliga,A,Dynamo Dresden
1920,Bochum,2019-07-28,2. Bundesliga,A,Jahn Regensburg
1920,Darmstadt,2019-07-28,2. Bundesliga,A,Hamburg
1920,Greuther Furth,2019-07-28,2. Bundesliga,H,Erzgebirge Aue
1920,Hamburg,2019-07-28,2. Bundesliga,H,Darmstadt
1920,Bielefeld,2019-07-29,2. Bundesliga,H,St Pauli
1920,St Pauli,2019-07-29,2. Bundesliga,A,Bielefeld
1920,Ein Frankfurt,2019-08-01,Europa League (qual.),H,Flora
1920,Bielefeld,2019-08-02,2. Bundesliga,A,Bochum
1920,Bochum,2019-08-02,2. Bundesliga,H,Bielefeld
1920,Greuther Furth,2019-08-02,2. Bundesliga,A,St Pauli
1920,St Pauli,2019-08-02,2. Bundesliga,H,Greuther Furth
1920,Bayern Munich,2019-08-03,DFL-Supercup,A,Dortmund
1920,Dortmund,2019-08-03,DFL-Supercup,H,Bayern Munich
1920,Hannover,2019-08-03,2. Bundesliga,H,Jahn Regensburg
1920,Darmstadt,2019-08-04,2. Bundesliga,H,Holstein Kiel
1920,Heidenheim,2019-08-04,2. Bundesliga,H,Stuttgart
1920,Holstein Kiel,2019-08-04,2. Bundesliga,A,Darmstadt
1920,Stuttgart,2019-08-04,2. Bundesliga,A,Heidenheim
1920,Hamburg,2019-08-05,2. Bundesliga,A,Nurnberg
1920,Nurnberg,2019-08-05,2. Bundesliga,H,Hamburg
1920,Ein Frankfurt,2019-08-08,Europa League (qual.),A,Vaduz
1920,Dortmund,2019-08-09,DFB-Pokal,A,KFC Uerdingen 05
1920,M'gladbach,2019-08-09,DFB-Pokal,A,SV Sandhausen
1920,Nurnberg,2019-08-09,DFB-Pokal,A,FC Ingolstadt 04
1920,Augsburg,2019-08-10,DFB-Pokal,A,SC Verl
1920,Bielefeld,2019-08-10,DFB-Pokal,A,FC Viktoria 1889 Berlin
1920,Bochum,2019-08-10,DFB-Pokal,A,KSV Baunatal
1920,Fortuna Dusseldorf,2019-08-10,DFB-Pokal,A,FC 08 Villingen
1920,Freiburg,2019-08-10,DFB-Pokal,A,1. FC Magdeburg
1920,Heidenheim,2019-08-10,DFB-Pokal,A,SSV Ulm 1846
1920,Hoffenheim,2019-08-10,DFB-Pokal,A,Würzburger Kickers
1920,Leverkusen,2019-08-10,DFB-Pokal,A,Alemannia Aachen
1920,Mainz,2019-08-10,DFB-Pokal,A,1. FC Kaiserslautern
1920,Schalke 04,2019-08-10,DFB-Pokal,A,SV Drochtersen/Assel
1920,Werder Bremen,2019-08-10,DFB-Pokal,A,Atlas Delmenhorst
1920,Darmstadt,2019-08-11,DFB-Pokal,A,FC Oberneuland
1920,Ein Frankfurt,2019-08-11,DFB-Pokal,A,Waldhof Mannheim
1920,FC Koln,2019-08-11,DFB-Pokal,A,SV Wehen Wiesbaden
1920,Greuther Furth,2019-08-11,DFB-Pokal,A,MSV Duisburg
1920,Hamburg,2019-08-11,DFB-Pokal,A,Chemnitzer FC
1920,Hertha,2019-08-11,DFB-Pokal,A,VfB Eichstätt
1920,Holstein Kiel,2019-08-11,DFB-Pokal,A,FSV Salmrohr
1920,Paderborn,2019-08-11,DFB-Pokal,A,SV Rödinghausen
1920,RB Leipzig,2019-08-11,DFB-Pokal,A,VfL Osnabrück
1920,St Pauli,2019-08-11,DFB-Pokal,A,VfB Lübeck
1920,Union Berlin,2019-08-11,DFB-Pokal,A,Germania Halberstadt
1920,Bayern Munich,2019-08-12,DFB-Pokal,A,Energie Cottbus
1920,Hannover,2019-08-12,DFB-Pokal,A,Karlsruher SC
1920,Stuttgart,2019-08-12,DFB-Pokal,A,Hansa Rostock
1920,Wolfsburg,2019-08-12,DFB-Pokal,A,Hallescher FC
1920,Ein Frankfurt,2019-08-15,Europa League (qual.),H,Vaduz
1920,Bayern Munich,2019-08-16,Bundesliga,H,Hertha
1920,Bochum,2019-08-16,2. Bundesliga,A,Hamburg
1920,Hamburg,2019-08-16,2. Bundesliga,H,Bochum
1920,Hertha,2019-08-16,Bundesliga,A,Bayern Munich
1920,Nurnberg,2019-08-16,2. Bundesliga,A,SV Sandhausen
1920,Augsburg,2019-08-17,Bundesliga,A,Dortmund
1920,Bielefeld,2019-08-17,2. Bundesliga,H,Erzgebirge Aue
1920,Dortmund,2019-08-17,Bundesliga,H,Augsburg
1920,FC Koln,2019-08-17,Bundesliga,A,Wolfsburg
1920,Fortuna Dusseldorf,2019-08-17,Bundesliga,A,Werder Bremen
1920,Freiburg,2019-08-17,Bundesliga,H,Mainz
1920,Hannover,2019-08-17,2. Bundesliga,A,SV Wehen Wiesbaden
1920,Leverkusen,2019-08-17,Bundesliga,H,Paderborn
1920,M'gladbach,2019-08-17,Bundesliga,H,Schalke 04
1920,Mainz,2019-08-17,Bundesliga,A,Freiburg
1920,Paderborn,2019-08-17,Bundesliga,A,Leverkusen
1920,Schalke 04,2019-08-17,Bundesliga,A,M'gladbach
1920,St Pauli,2019-08-17,2. Bundesliga,A,Stuttgart
1920,Stuttgart,2019-08-17,2. Bundesliga,H,St Pauli
1920,Werder Bremen,2019-08-17,Bundesliga,H,Fortuna Dusseldorf
1920,Wolfsburg,2019-08-17,Bundesliga,H,FC Koln
1920,Ein Frankfurt,2019-08-18,Bundesliga,H,Hoffenheim
1920,Greuther Furth,2019-08-18,2. Bundesliga,H,Jahn Regensburg
1920,Heidenheim,2019-08-18,2. Bundesliga,A,Dynamo Dresden
1920,Hoffenheim,2019-08-18,Bundesliga,A,Ein Frankfurt
1920,Holstein Kiel,2019-08-18,2. Bundesliga,H,Karlsruher SC
1920,RB Leipzig,2019-08-18,Bundesliga,A,Union Berlin
1920,Union Berlin,2019-08-18,Bundesliga,H,RB Leipzig
1920,Darmstadt,2019-08-19,2. Bundesliga,A,VfL Osnabrück
1920,Ein Frankfurt,2019-08-22,Europa League (qual.),A,Strasbourg
1920,Darmstadt,2019-08-23,2. Bundesliga,H,Dynamo Dresden
1920,Dortmund,2019-08-23,Bundesliga,A,FC Koln
1920,FC Koln,2019-08-23,Bundesliga,H,Dortmund
1920,Stuttgart,2019-08-23,2. Bundesliga,A,Erzgebirge Aue
1920,Augsburg,2019-08-24,Bundesliga,H,Union Berlin
1920,Bayern Munich,2019-08-24,Bundesliga,A,Schalke 04
1920,Bielefeld,2019-08-24,2. Bundesliga,A,Jahn Regensburg
1920,Bochum,2019-08-24,2. Bundesliga,H,SV Wehen Wiesbaden
1920,Fortuna Dusseldorf,2019-08-24,Bundesliga,H,Leverkusen
1920,Freiburg,2019-08-24,Bundesliga,A,Paderborn
1920,Greuther Furth,2019-08-24,2. Bundesliga,A,Hannover
1920,Hannover,2019-08-24,2. Bundesliga,H,Greuther Furth
1920,Hoffenheim,2019-08-24,Bundesliga,H,Werder Bremen
1920,Leverkusen,2019-08-24,Bundesliga,A,Fortuna Dusseldorf
1920,M'gladbach,2019-08-24,Bundesliga,A,Mainz
1920,Mainz,2019-08-24,Bundesliga,H,M'gladbach
1920,Paderborn,2019-08-24,Bundesliga,H,Freiburg
1920,Schalke 04,2019-08-24,Bundesliga,H,Bayern Munich
1920,Union Berlin,2019-08-24,Bundesliga,A,Augsburg
1920,Werder Bremen,2019-08-24,Bundesliga,A,Hoffenheim
1920,Ein Frankfurt,2019-08-25,Bundesliga,A,RB Leipzig
1920,Hamburg,2019-08-25,2. Bundesliga,A,Karlsruher SC
1920,Heidenheim,2019-08-25,2. Bundesliga,H,SV Sandhausen
1920,Hertha,2019-08-25,Bundesliga,H,Wolfsburg
1920,Nurnberg,2019-08-25,2. Bundesliga,H,VfL Osnabrück
1920,RB Leipzig,2019-08-25,Bundesliga,H,Ein Frankfurt
1920,Wolfsburg,2019-08-25,Bundesliga,A,Hertha
1920,Holstein Kiel,2019-08-26,2. Bundesliga,A,St Pauli
1920,St Pauli,2019-08-26,2. Bundesliga,H,Holstein Kiel
1920,Ein Frankfurt,2019-08-29,Europa League (qual.),H,Strasbourg
1920,Darmstadt,2019-08-30,2. Bundesliga,A,SV Sandhausen
1920,Heidenheim,2019-08-30,2. Bundesliga,A,Nurnberg
1920,M'gladbach,2019-08-30,Bundesliga,H,RB Leipzig
1920,Nurnberg,2019-08-30,2. Bundesliga,H,Heidenheim
1920,RB Leipzig,2019-08-30,Bundesliga,A,M'gladbach
1920,Bayern Munich,2019-08-31,Bundesliga,H,Mainz
1920,Bielefeld,2019-08-31,2. Bundesliga,H,Greuther Furth
1920,Dortmund,2019-08-31,Bundesliga,A,Union Berlin
1920,FC Koln,2019-08-31,Bundesliga,A,Freiburg
1920,Freiburg,2019-08-31,Bundesliga,H,FC Koln
1920,Greuther Furth,2019-08-31,2. Bundesliga,A,Bielefeld
1920,Hertha,2019-08-31,Bundesliga,A,Schalke 04
1920,Hoffenheim,2019-08-31,Bundesliga,A,Leverkusen
1920,Leverkusen,2019-08-31,Bundesliga,H,Hoffenheim
1920,Mainz,2019-08-31,Bundesliga,A,Bayern Munich
1920,Paderborn,2019-08-31,Bundesliga,A,Wolfsburg
1920,Schalke 04,2019-08-31,Bundesliga,H,Hertha
1920,St Pauli,2019-08-31,2. Bundesliga,A,Dynamo Dresden
1920,Union Berlin,2019-08-31,Bundesliga,H,Dortmund
1920,Wolfsburg,2019-08-31,Bundesliga,H,Paderborn
1920,Augsburg,2019-09-01,Bundesliga,A,Werder Bremen
1920,Ein Frankfurt,2019-09-01,Bundesliga,H,Fortuna Dusseldorf
1920,Fortuna Dusseldorf,2019-09-01,Bundesliga,A,Ein Frankfurt
1920,Hamburg,2019-09-01,2. Bundesliga,H,Hannover
1920,Hannover,2019-09-01,2. Bundesliga,A,Hamburg
1920,Holstein Kiel,2019-09-01,2. Bundesliga,H,Erzgebirge Aue
1920,Werder Bremen,2019-09-01,Bundesliga,H,Augsburg
1920,Bochum,2019-09-02,2. Bundesliga,A,Stuttgart
1920,Stuttgart,2019-09-02,2. Bundesliga,H,Bochum
1920,Fortuna Dusseldorf,2019-09-13,Bundesliga,H,Wolfsburg
1920,Greuther Furth,2019-09-13,2. Bundesliga,H,SV Wehen Wiesbaden
1920,Wolfsburg,2019-09-13,Bundesliga,A,Fortuna Dusseldorf
1920,Augsburg,2019-09-14,Bundesliga,H,Ein Frankfurt
1920,Bayern Munich,2019-09-14,Bundesliga,A,RB Leipzig
1920,Bielefeld,2019-09-14,2. Bundesliga,A,Hannover
1920,Dortmund,2019-09-14,Bundesliga,H,Leverkusen
1920,Ein Frankfurt,2019-09-14,Bundesliga,A,Augsburg
1920,FC Koln,2019-09-14,Bundesliga,H,M'gladbach
1920,Hannover,2019-09-14,2. Bundesliga,H,Bielefeld
1920,Heidenheim,2019-09-14,2. Bundesliga,H,Holstein Kiel
1920,Hertha,2019-09-14,Bundesliga,A,Mainz
1920,Holstein Kiel,2019-09-14,2. Bundesliga,A,Heidenheim
1920,Leverkusen,2019-09-14,Bundesliga,A,Dortmund
1920,M'gladbach,2019-09-14,Bundesliga,A,FC Koln
1920,Mainz,2019-09-14,Bundesliga,H,Hertha
1920,RB Leipzig,2019-09-14,Bundesliga,H,Bayern Munich
1920,Stuttgart,2019-09-14,2. Bundesliga,A,Jahn Regensburg
1920,Union Berlin,2019-09-14,Bundesliga,H,Werder Bremen
1920,Werder Bremen,2019-09-14,Bundesliga,A,Union Berlin
1920,Bochum,2019-09-15,2. Bundesliga,H,Dynamo Dresden
1920,Darmstadt,2019-09-15,2. Bundesliga,H,Nurnberg
1920,Freiburg,2019-09-15,Bundesliga,A,Hoffenheim
1920,Hoffenheim,2019-09-15,Bundesliga,H,Freiburg
1920,Nurnberg,2019-09-15,2. Bundesliga,A,Darmstadt
1920,Paderborn,2019-09-15,Bundesliga,H,Schalke 04
1920,Schalke 04,2019-09-15,Bundesliga,A,Paderborn
1920,Hamburg,2019-09-16,2. Bundesliga,A,St Pauli
1920,St Pauli,2019-09-16,2. Bundesliga,H,Hamburg
1920,Dortmund,2019-09-17,Champions League,H,Barcelona
1920,RB Leipzig,2019-09-17,Champions League,A,SL Benfica
1920,Bayern Munich,2019-09-18,Champions League,H,Crvena Zvezda
1920,Leverkusen,2019-09-18,Champions League,H,Lokomotiv Moskva
1920,Ein Frankfurt,2019-09-19,Europa League,H,Arsenal
1920,M'gladbach,2019-09-19,Europa League,H,Wolfsberger AC
1920,Wolfsburg,2019-09-19,Europa League,H,Oleksandriya
1920,Darmstadt,2019-09-20,2. Bundesliga,A,Heidenheim
1920,Hannover,2019-09-20,2. Bundesliga,A,Holstein Kiel
1920,Heidenheim,2019-09-20,2. Bundesliga,H,Darmstadt
1920,Holstein Kiel,2019-09-20,2. Bundesliga,H,Hannover
1920,Mainz,2019-09-20,Bundesliga,A,Schalke 04
1920,Schalke 04,2019-09-20,Bundesliga,H,Mainz
1920,Augsburg,2019-09-21,Bundesliga,A,Freiburg
1920,Bayern Munich,2019-09-21,Bundesliga,H,FC Koln
1920,Bielefeld,2019-09-21,2. Bundesliga,A,SV Wehen Wiesbaden
1920,Bochum,2019-09-21,2. Bundesliga,A,SV Sandhausen
1920,FC Koln,2019-09-21,Bundesliga,A,Bayern Munich
1920,Freiburg,2019-09-21,Bundesliga,H,Augsburg
1920,Greuther Furth,2019-09-21,2. Bundesliga,A,Stuttgart
1920,Hertha,2019-09-21,Bundesliga,H,Paderborn
1920,Leverkusen,2019-09-21,Bundesliga,H,Union Berlin
1920,Nurnberg,2019-09-21,2. Bundesliga,H,Karlsruher SC
1920,Paderborn,2019-09-21,Bundesliga,A,Hertha
1920,RB Leipzig,2019-09-21,Bundesliga,A,Werder Bremen
1920,Stuttgart,2019-09-21,2. Bundesliga,H,Greuther Furth
1920,Union Berlin,2019-09-21,Bundesliga,A,Leverkusen
1920,Werder Bremen,2019-09-21,Bundesliga,H,RB Leipzig
1920,Dortmund,2019-09-22,Bundesliga,A,Ein Frankfurt
1920,Ein Frankfurt,2019-09-22,Bundesliga,H,Dortmund
1920,Fortuna Dusseldorf,2019-09-22,Bundesliga,A,M'gladbach
1920,Hamburg,2019-09-22,2. Bundesliga,H,Erzgebirge Aue
1920,M'gladbach,2019-09-22,Bundesliga,H,Fortuna Dusseldorf
1920,St Pauli,2019-09-22,2. Bundesliga,A,VfL Osnabrück
1920,Hoffenheim,2019-09-23,Bundesliga,A,Wolfsburg
1920,Wolfsburg,2019-09-23,Bundesliga,H,Hoffenheim
1920,Bielefeld,2019-09-27,2. Bundesliga,H,Stuttgart
1920,Ein Frankfurt,2019-09-27,Bundesliga,A,Union Berlin
1920,Stuttgart,2019-09-27,2. Bundesliga,A,Bielefeld
1920,Union Berlin,2019-09-27,Bundesliga,H,Ein Frankfurt
1920,Augsburg,2019-09-28,Bundesliga,H,Leverkusen
1920,Bayern Munich,2019-09-28,Bundesliga,A,Paderborn
1920,Bochum,2019-09-28,2. Bundesliga,H,Darmstadt
1920,Darmstadt,2019-09-28,2. Bundesliga,A,Bochum
1920,Dortmund,2019-09-28,Bundesliga,H,Werder Bremen
1920,Hamburg,2019-09-28,2. Bundesliga,A,Jahn Regensburg
1920,Heidenheim,2019-09-28,2. Bundesliga,A,Karlsruher SC
1920,Hoffenheim,2019-09-28,Bundesliga,H,M'gladbach
1920,Leverkusen,2019-09-28,Bundesliga,A,Augsburg
1920,M'gladbach,2019-09-28,Bundesliga,A,Hoffenheim
1920,Mainz,2019-09-28,Bundesliga,H,Wolfsburg
1920,Paderborn,2019-09-28,Bundesliga,H,Bayern Munich
1920,RB Leipzig,2019-09-28,Bundesliga,H,Schalke 04
1920,Schalke 04,2019-09-28,Bundesliga,A,RB Leipzig
1920,Werder Bremen,2019-09-28,Bundesliga,A,Dortmund
1920,Wolfsburg,2019-09-28,Bundesliga,A,Mainz
1920,FC Koln,2019-09-29,Bundesliga,H,Hertha
1920,Fortuna Dusseldorf,2019-09-29,Bundesliga,H,Freiburg
1920,Freiburg,2019-09-29,Bundesliga,A,Fortuna Dusseldorf
1920,Greuther Furth,2019-09-29,2. Bundesliga,H,Holstein Kiel
1920,Hertha,2019-09-29,Bundesliga,A,FC Koln
1920,Holstein Kiel,2019-09-29,2. Bundesliga,A,Greuther Furth
1920,St Pauli,2019-09-29,2. Bundesliga,H,SV Sandhausen
1920,Hannover,2019-09-30,2. Bundesliga,H,Nurnberg
1920,Nurnberg,2019-09-30,2. Bundesliga,A,Hannover
1920,Bayern Munich,2019-10-01,Champions League,A,Tottenham
1920,Leverkusen,2019-10-01,Champions League,A,Juventus
1920,Dortmund,2019-10-02,Champions League,A,Slavia Praha
1920,RB Leipzig,2019-10-02,Champions League,H,Lyon
1920,Ein Frankfurt,2019-10-03,Europa League,A,Vitória de Guimarães
1920,M'gladbach,2019-10-03,Europa League,A,İstanbul Başakşehir
1920,Wolfsburg,2019-10-03,Europa League,A,Saint-Étienne
1920,Darmstadt,2019-10-04,2. Bundesliga,H,Karlsruher SC
1920,Fortuna Dusseldorf,2019-10-04,Bundesliga,A,Hertha
1920,Hertha,2019-10-04,Bundesliga,H,Fortuna Dusseldorf
1920,Stuttgart,2019-10-04,2. Bundesliga,H,SV Wehen Wiesbaden
1920,Bayern Munich,2019-10-05,Bundesliga,H,Hoffenheim
1920,Dortmund,2019-10-05,Bundesliga,A,Freiburg
1920,FC Koln,2019-10-05,Bundesliga,A,Schalke 04
1920,Freiburg,2019-10-05,Bundesliga,H,Dortmund
1920,Greuther Furth,2019-10-05,2. Bundesliga,A,Hamburg
1920,Hamburg,2019-10-05,2. Bundesliga,H,Greuther Furth
1920,Hannover,2019-10-05,2. Bundesliga,A,Dynamo Dresden
1920,Hoffenheim,2019-10-05,Bundesliga,A,Bayern Munich
1920,Leverkusen,2019-10-05,Bundesliga,H,RB Leipzig
1920,Mainz,2019-10-05,Bundesliga,A,Paderborn
1920,Paderborn,2019-10-05,Bundesliga,H,Mainz
1920,RB Leipzig,2019-10-05,Bundesliga,A,Leverkusen
1920,Schalke 04,2019-10-05,Bundesliga,H,FC Koln
1920,Augsburg,2019-10-06,Bundesliga,A,M'gladbach
1920,Bochum,2019-10-06,2. Bundesliga,A,Heidenheim
1920,Ein Frankfurt,2019-10-06,Bundesliga,H,Werder Bremen
1920,Heidenheim,2019-10-06,2. Bundesliga,H,Bochum
1920,Holstein Kiel,2019-10-06,2. Bundesliga,H,Jahn Regensburg
1920,M'gladbach,2019-10-06,Bundesliga,H,Augsburg
1920,Nurnberg,2019-10-06,2. Bundesliga,H,St Pauli
1920,St Pauli,2019-10-06,2. Bundesliga,A,Nurnberg
1920,Union Berlin,2019-10-06,Bundesliga,A,Wolfsburg
1920,Werder Bremen,2019-10-06,Bundesliga,A,Ein Frankfurt
1920,Wolfsburg,2019-10-06,Bundesliga,H,Union Berlin
1920,Bielefeld,2019-10-07,2. Bundesliga,A,VfL Osnabrück
1920,Ein Frankfurt,2019-10-18,Bundesliga,H,Leverkusen
1920,Greuther Furth,2019-10-18,2. Bundesliga,H,Dynamo Dresden
1920,Leverkusen,2019-10-18,Bundesliga,A,Ein Frankfurt
1920,Nurnberg,2019-10-18,2. Bundesliga,A,Erzgebirge Aue
1920,Augsburg,2019-10-19,Bundesliga,H,Bayern Munich
1920,Bayern Munich,2019-10-19,Bundesliga,A,Augsburg
1920,Darmstadt,2019-10-19,2. Bundesliga,A,St Pauli
1920,Dortmund,2019-10-19,Bundesliga,H,M'gladbach
1920,Fortuna Dusseldorf,2019-10-19,Bundesliga,H,Mainz
1920,Freiburg,2019-10-19,Bundesliga,A,Union Berlin
1920,Heidenheim,2019-10-19,2. Bundesliga,A,SV Wehen Wiesbaden
1920,Hertha,2019-10-19,Bundesliga,A,Werder Bremen
1920,M'gladbach,2019-10-19,Bundesliga,A,Dortmund
1920,Mainz,2019-10-19,Bundesliga,A,Fortuna Dusseldorf
1920,RB Leipzig,2019-10-19,Bundesliga,H,Wolfsburg
1920,St Pauli,2019-10-19,2. Bundesliga,H,Darmstadt
1920,Union Berlin,2019-10-19,Bundesliga,H,Freiburg
1920,Werder Bremen,2019-10-19,Bundesliga,H,Hertha
1920,Wolfsburg,2019-10-19,Bundesliga,A,RB Leipzig
1920,Bochum,2019-10-20,2. Bundesliga,H,Karlsruher SC
1920,FC Koln,2019-10-20,Bundesliga,H,Paderborn
1920,Hannover,2019-10-20,2. Bundesliga,H,VfL Osnabrück
1920,Hoffenheim,2019-10-20,Bundesliga,H,Schalke 04
1920,Holstein Kiel,2019-10-20,2. Bundesliga,A,Stuttgart
1920,Paderborn,2019-10-20,Bundesliga,A,FC Koln
1920,Schalke 04,2019-10-20,Bundesliga,A,Hoffenheim
1920,Stuttgart,2019-10-20,2. Bundesliga,H,Holstein Kiel
1920,Bielefeld,2019-10-21,2. Bundesliga,H,Hamburg
1920,Hamburg,2019-10-21,2. Bundesliga,A,Bielefeld
1920,Bayern Munich,2019-10-22,Champions League,A,Olympiakos Piraeus
1920,Leverkusen,2019-10-22,Champions League,A,Ath Madrid
1920,Dortmund,2019-10-23,Champions League,A,Inter
1920,RB Leipzig,2019-10-23,Champions League,H,Zenit St. Petersburg
1920,Ein Frankfurt,2019-10-24,Europa League,H,Standard Liège
1920,M'gladbach,2019-10-24,Europa League,A,Roma
1920,Wolfsburg,2019-10-24,Europa League,A,Gent
1920,Bochum,2019-10-25,2. Bundesliga,A,Holstein Kiel
1920,Darmstadt,2019-10-25,2. Bundesliga,H,Erzgebirge Aue
1920,FC Koln,2019-10-25,Bundesliga,A,Mainz
1920,Holstein Kiel,2019-10-25,2. Bundesliga,H,Bochum
1920,Mainz,2019-10-25,Bundesliga,H,FC Koln
1920,Bayern Munich,2019-10-26,Bundesliga,H,Union Berlin
1920,Bielefeld,2019-10-26,2. Bundesliga,A,Dynamo Dresden
1920,Dortmund,2019-10-26,Bundesliga,A,Schalke 04
1920,Fortuna Dusseldorf,2019-10-26,Bundesliga,A,Paderborn
1920,Freiburg,2019-10-26,Bundesliga,H,RB Leipzig
1920,Hamburg,2019-10-26,2. Bundesliga,H,Stuttgart
1920,Hannover,2019-10-26,2. Bundesliga,A,Karlsruher SC
1920,Hertha,2019-10-26,Bundesliga,H,Hoffenheim
1920,Hoffenheim,2019-10-26,Bundesliga,A,Hertha
1920,Leverkusen,2019-10-26,Bundesliga,H,Werder Bremen
1920,Paderborn,2019-10-26,Bundesliga,H,Fortuna Dusseldorf
1920,RB Leipzig,2019-10-26,Bundesliga,A,Freiburg
1920,Schalke 04,2019-10-26,Bundesliga,H,Dortmund
1920,Stuttgart,2019-10-26,2. Bundesliga,A,Hamburg
1920,Union Berlin,2019-10-26,Bundesliga,A,Bayern Munich
1920,Werder Bremen,2019-10-26,Bundesliga,A,Leverkusen
1920,Augsburg,2019-10-27,Bundesliga,A,Wolfsburg
1920,Ein Frankfurt,2019-10-27,Bundesliga,A,M'gladbach
1920,Greuther Furth,2019-10-27,2. Bundesliga,A,VfL Osnabrück
1920,Heidenheim,2019-10-27,2. Bundesliga,H,St Pauli
1920,M'gladbach,2019-10-27,Bundesliga,H,Ein Frankfurt
1920,Nurnberg,2019-10-27,2. Bundesliga,H,Jahn Regensburg
1920,St Pauli,2019-10-27,2. Bundesliga,A,Heidenheim
1920,Wolfsburg,2019-10-27,Bundesliga,H,Augsburg
1920,Bayern Munich,2019-10-29,DFB-Pokal,A,Bochum
1920,Bielefeld,2019-10-29,DFB-Pokal,H,Schalke 04
1920,Bochum,2019-10-29,DFB-Pokal,H,Bayern Munich
1920,Darmstadt,2019-10-29,DFB-Pokal,H,Karlsruher SC
1920,FC Koln,2019-10-29,DFB-Pokal,A,1. FC Saarbrücken
1920,Freiburg,2019-10-29,DFB-Pokal,H,Union Berlin
1920,Hamburg,2019-10-29,DFB-Pokal,H,Stuttgart
1920,Hoffenheim,2019-10-29,DFB-Pokal,A,MSV Duisburg
1920,Leverkusen,2019-10-29,DFB-Pokal,H,Paderborn
1920,Paderborn,2019-10-29,DFB-Pokal,A,Leverkusen
1920,Schalke 04,2019-10-29,DFB-Pokal,A,Bielefeld
1920,Stuttgart,2019-10-29,DFB-Pokal,A,Hamburg
1920,Union Berlin,2019-10-29,DFB-Pokal,A,Freiburg
1920,Dortmund,2019-10-30,DFB-Pokal,H,M'gladbach
1920,Ein Frankfurt,2019-10-30,DFB-Pokal,A,St Pauli
1920,Fortuna Dusseldorf,2019-10-30,DFB-Pokal,H,Erzgebirge Aue
1920,Heidenheim,2019-10-30,DFB-Pokal,A,Werder Bremen
1920,Hertha,2019-10-30,DFB-Pokal,H,Dynamo Dresden
1920,Holstein Kiel,2019-10-30,DFB-Pokal,A,SC Verl
1920,M'gladbach,2019-10-30,DFB-Pokal,A,Dortmund
1920,Nurnberg,2019-10-30,DFB-Pokal,A,1. FC Kaiserslautern
1920,RB Leipzig,2019-10-30,DFB-Pokal,A,Wolfsburg
1920,St Pauli,2019-10-30,DFB-Pokal,H,Ein Frankfurt
1920,Werder Bremen,2019-10-30,DFB-Pokal,H,Heidenheim
1920,Wolfsburg,2019-10-30,DFB-Pokal,H,RB Leipzig
1920,Hannover,2019-11-01,2. Bundesliga,H,SV Sandhausen
1920,Hoffenheim,2019-11-01,Bundesliga,H,Paderborn
1920,Paderborn,2019-11-01,Bundesliga,A,Hoffenheim
1920,Bayern Munich,2019-11-02,Bundesliga,A,Ein Frankfurt
1920,Darmstadt,2019-11-02,2. Bundesliga,A,Greuther Furth
1920,Dortmund,2019-11-02,Bundesliga,H,Wolfsburg
1920,Ein Frankfurt,2019-11-02,Bundesliga,H,Bayern Munich
1920,Freiburg,2019-11-02,Bundesliga,A,Werder Bremen
1920,Greuther Furth,2019-11-02,2. Bundesliga,H,Darmstadt
1920,Heidenheim,2019-11-02,2. Bundesliga,A,Erzgebirge Aue
1920,Hertha,2019-11-02,Bundesliga,A,Union Berlin
1920,Leverkusen,2019-11-02,Bundesliga,H,M'gladbach
1920,M'gladbach,2019-11-02,Bundesliga,A,Leverkusen
1920,Mainz,2019-11-02,Bundesliga,A,RB Leipzig
1920,RB Leipzig,2019-11-02,Bundesliga,H,Mainz
1920,St Pauli,2019-11-02,2. Bundesliga,H,Karlsruher SC
1920,Union Berlin,2019-11-02,Bundesliga,H,Hertha
1920,Werder Bremen,2019-11-02,Bundesliga,H,Freiburg
1920,Wolfsburg,2019-11-02,Bundesliga,A,Dortmund
1920,Augsburg,2019-11-03,Bundesliga,H,Schalke 04
1920,Bielefeld,2019-11-03,2. Bundesliga,H,Holstein Kiel
1920,FC Koln,2019-11-03,Bundesliga,A,Fortuna Dusseldorf
1920,Fortuna Dusseldorf,2019-11-03,Bundesliga,H,FC Koln
1920,Hamburg,2019-11-03,2. Bundesliga,A,SV Wehen Wiesbaden
1920,Holstein Kiel,2019-11-03,2. Bundesliga,A,Bielefeld
1920,Schalke 04,2019-11-03,Bundesliga,A,Augsburg
1920,Stuttgart,2019-11-03,2. Bundesliga,H,Dynamo Dresden
1920,Bochum,2019-11-04,2. Bundesliga,H,Nurnberg
1920,Nurnberg,2019-11-04,2. Bundesliga,A,Bochum
1920,Dortmund,2019-11-05,Champions League,H,Inter
1920,RB Leipzig,2019-11-05,Champions League,A,Zenit St. Petersburg
1920,Bayern Munich,2019-11-06,Champions League,H,Olympiakos Piraeus
1920,Leverkusen,2019-11-06,Champions League,H,Ath Madrid
1920,Ein Frankfurt,2019-11-07,Europa League,A,Standard Liège
1920,M'gladbach,2019-11-07,Europa League,H,Roma
1920,Wolfsburg,2019-11-07,Europa League,H,Gent
1920,Bochum,2019-11-08,2. Bundesliga,A,St Pauli
1920,FC Koln,2019-11-08,Bundesliga,H,Hoffenheim
1920,Hoffenheim,2019-11-08,Bundesliga,A,FC Koln
1920,St Pauli,2019-11-08,2. Bundesliga,H,Bochum
1920,Augsburg,2019-11-09,Bundesliga,A,Paderborn
1920,Bayern Munich,2019-11-09,Bundesliga,H,Dortmund
1920,Dortmund,2019-11-09,Bundesliga,A,Bayern Munich
1920,Fortuna Dusseldorf,2019-11-09,Bundesliga,A,Schalke 04
1920,Greuther Furth,2019-11-09,2. Bundesliga,A,SV Sandhausen
1920,Hamburg,2019-11-09,2. Bundesliga,A,Holstein Kiel
1920,Hertha,2019-11-09,Bundesliga,H,RB Leipzig
1920,Holstein Kiel,2019-11-09,2. Bundesliga,H,Hamburg
1920,Mainz,2019-11-09,Bundesliga,H,Union Berlin
1920,Paderborn,2019-11-09,Bundesliga,H,Augsburg
1920,RB Leipzig,2019-11-09,Bundesliga,A,Hertha
1920,Schalke 04,2019-11-09,Bundesliga,H,Fortuna Dusseldorf
1920,Stuttgart,2019-11-09,2. Bundesliga,A,VfL Osnabrück
1920,Union Berlin,2019-11-09,Bundesliga,A,Mainz
1920,Bielefeld,2019-11-10,2. Bundesliga,A,Nurnberg
1920,Darmstadt,2019-11-10,2. Bundesliga,H,Jahn Regensburg
1920,Ein Frankfurt,2019-11-10,Bundesliga,A,Freiburg
1920,Freiburg,2019-11-10,Bundesliga,H,Ein Frankfurt
1920,Hannover,2019-11-10,2. Bundesliga,A,Heidenheim
1920,Heidenheim,2019-11-10,2. Bundesliga,H,Hannover
1920,Leverkusen,2019-11-10,Bundesliga,A,Wolfsburg
1920,M'gladbach,2019-11-10,Bundesliga,H,Werder Bremen
1920,Nurnberg,2019-11-10,2. Bundesliga,H,Bielefeld
1920,Werder Bremen,2019-11-10,Bundesliga,A,M'gladbach
1920,Wolfsburg,2019-11-10,Bundesliga,H,Leverkusen
1920,Bochum,2019-11-22,2. Bundesliga,H,VfL Osnabrück
1920,Dortmund,2019-11-22,Bundesliga,H,Paderborn
1920,Paderborn,2019-11-22,Bundesliga,A,Dortmund
1920,St Pauli,2019-11-22,2. Bundesliga,A,Erzgebirge Aue
1920,Bayern Munich,2019-11-23,Bundesliga,A,Fortuna Dusseldorf
1920,Bielefeld,2019-11-23,2. Bundesliga,H,SV Sandhausen
1920,Ein Frankfurt,2019-11-23,Bundesliga,H,Wolfsburg
1920,FC Koln,2019-11-23,Bundesliga,A,RB Leipzig
1920,Fortuna Dusseldorf,2019-11-23,Bundesliga,H,Bayern Munich
1920,Freiburg,2019-11-23,Bundesliga,A,Leverkusen
1920,Hamburg,2019-11-23,2. Bundesliga,H,Dynamo Dresden
1920,Holstein Kiel,2019-11-23,2. Bundesliga,A,SV Wehen Wiesbaden
1920,Leverkusen,2019-11-23,Bundesliga,H,Freiburg
1920,M'gladbach,2019-11-23,Bundesliga,A,Union Berlin
1920,RB Leipzig,2019-11-23,Bundesliga,H,FC Koln
1920,Schalke 04,2019-11-23,Bundesliga,A,Werder Bremen
1920,Union Berlin,2019-11-23,Bundesliga,H,M'gladbach
1920,Werder Bremen,2019-11-23,Bundesliga,H,Schalke 04
1920,Wolfsburg,2019-11-23,Bundesliga,A,Ein Frankfurt
1920,Augsburg,2019-11-24,Bundesliga,H,Hertha
1920,Greuther Furth,2019-11-24,2. Bundesliga,H,Nurnberg
1920,Heidenheim,2019-11-24,2. Bundesliga,A,Jahn Regensburg
1920,Hertha,2019-11-24,Bundesliga,A,Augsburg
1920,Hoffenheim,2019-11-24,Bundesliga,H,Mainz
1920,Mainz,2019-11-24,Bundesliga,A,Hoffenheim
1920,Nurnberg,2019-11-24,2. Bundesliga,A,Greuther Furth
1920,Stuttgart,2019-11-24,2. Bundesliga,H,Karlsruher SC
1920,Darmstadt,2019-11-25,2. Bundesliga,A,Hannover
1920,Hannover,2019-11-25,2. Bundesliga,H,Darmstadt
1920,Bayern Munich,2019-11-26,Champions League,A,Crvena Zvezda
1920,Leverkusen,2019-11-26,Champions League,A,Lokomotiv Moskva
1920,Dortmund,2019-11-27,Champions League,A,Barcelona
1920,RB Leipzig,2019-11-27,Champions League,H,SL Benfica
1920,Ein Frankfurt,2019-11-28,Europa League,A,Arsenal
1920,M'gladbach,2019-11-28,Europa League,A,Wolfsberger AC
1920,Wolfsburg,2019-11-28,Europa League,A,Oleksandriya
1920,Hamburg,2019-11-29,2. Bundesliga,A,VfL Osnabrück
1920,Schalke 04,2019-11-29,Bundesliga,H,Union Berlin
1920,Union Berlin,2019-11-29,Bundesliga,A,Schalke 04
1920,Augsburg,2019-11-30,Bundesliga,A,FC Koln
1920,Bayern Munich,2019-11-30,Bundesliga,H,Leverkusen
1920,Bochum,2019-11-30,2. Bundesliga,H,Erzgebirge Aue
1920,Dortmund,2019-11-30,Bundesliga,A,Hertha
1920,FC Koln,2019-11-30,Bundesliga,H,Augsburg
1920,Fortuna Dusseldorf,2019-11-30,Bundesliga,A,Hoffenheim
1920,Hannover,2019-11-30,2. Bundesliga,A,St Pauli
1920,Hertha,2019-11-30,Bundesliga,H,Dortmund
1920,Hoffenheim,2019-11-30,Bundesliga,H,Fortuna Dusseldorf
1920,Holstein Kiel,2019-11-30,2. Bundesliga,A,Dynamo Dresden
1920,Leverkusen,2019-11-30,Bundesliga,A,Bayern Munich
1920,Nurnberg,2019-11-30,2. Bundesliga,H,SV Wehen Wiesbaden
1920,Paderborn,2019-11-30,Bundesliga,H,RB Leipzig
1920,RB Leipzig,2019-11-30,Bundesliga,A,Paderborn
1920,St Pauli,2019-11-30,2. Bundesliga,H,Hannover
1920,Bielefeld,2019-12-01,2. Bundesliga,A,Darmstadt
1920,Darmstadt,2019-12-01,2. Bundesliga,H,Bielefeld
1920,Freiburg,2019-12-01,Bundesliga,A,M'gladbach
1920,Greuther Furth,2019-12-01,2. Bundesliga,A,Heidenheim
1920,Heidenheim,2019-12-01,2. Bundesliga,H,Greuther Furth
1920,M'gladbach,2019-12-01,Bundesliga,H,Freiburg
1920,Stuttgart,2019-12-01,2. Bundesliga,A,SV Sandhausen
1920,Werder Bremen,2019-12-01,Bundesliga,A,Wolfsburg
1920,Wolfsburg,2019-12-01,Bundesliga,H,Werder Bremen
1920,Ein Frankfurt,2019-12-02,Bundesliga,A,Mainz
1920,Mainz,2019-12-02,Bundesliga,H,Ein Frankfurt
1920,Bielefeld,2019-12-06,2. Bundesliga,H,Karlsruher SC
1920,Ein Frankfurt,2019-12-06,Bundesliga,H,Hertha
1920,Hamburg,2019-12-06,2. Bundesliga,H,Heidenheim
1920,Heidenheim,2019-12-06,2. Bundesliga,A,Hamburg
1920,Hertha,2019-12-06,Bundesliga,A,Ein Frankfurt
1920,Augsburg,2019-12-07,Bundesliga,H,Mainz
1920,Bayern Munich,2019-12-07,Bundesliga,A,M'gladbach
1920,Bochum,2019-12-07,2. Bundesliga,A,Greuther Furth
1920,Dortmund,2019-12-07,Bundesliga,H,Fortuna Dusseldorf
1920,Fortuna Dusseldorf,2019-12-07,Bundesliga,A,Dortmund
1920,Freiburg,2019-12-07,Bundesliga,H,Wolfsburg
1920,Greuther Furth,2019-12-07,2. Bundesliga,H,Bochum
1920,Hannover,2019-12-07,2. Bundesliga,H,Erzgebirge Aue
1920,Hoffenheim,2019-12-07,Bundesliga,A,RB Leipzig
1920,Holstein Kiel,2019-12-07,2. Bundesliga,H,VfL Osnabrück
1920,Leverkusen,2019-12-07,Bundesliga,H,Schalke 04
1920,M'gladbach,2019-12-07,Bundesliga,H,Bayern Munich
1920,Mainz,2019-12-07,Bundesliga,A,Augsburg
1920,RB Leipzig,2019-12-07,Bundesliga,H,Hoffenheim
1920,Schalke 04,2019-12-07,Bundesliga,A,Leverkusen
1920,Wolfsburg,2019-12-07,Bundesliga,A,Freiburg
1920,Darmstadt,2019-12-08,2. Bundesliga,A,SV Wehen Wiesbaden
1920,FC Koln,2019-12-08,Bundesliga,A,Union Berlin
1920,Paderborn,2019-12-08,Bundesliga,A,Werder Bremen
1920,St Pauli,2019-12-08,2. Bundesliga,A,Jahn Regensburg
1920,Union Berlin,2019-12-08,Bundesliga,H,FC Koln
1920,Werder Bremen,2019-12-08,Bundesliga,H,Paderborn
1920,Nurnberg,2019-12-09,2. Bundesliga,A,Stuttgart
1920,Stuttgart,2019-12-09,2. Bundesliga,H,Nurnberg
1920,Dortmund,2019-12-10,Champions League,H,Slavia Praha
1920,RB Leipzig,2019-12-10,Champions League,A,Lyon
1920,Bayern Munich,2019-12-11,Champions League,H,Tottenham
1920,Leverkusen,2019-12-11,Champions League,H,Juventus
1920,Ein Frankfurt,2019-12-12,Europa League,H,Vitória de Guimarães
1920,M'gladbach,2019-12-12,Europa League,H,İstanbul Başakşehir
1920,Wolfsburg,2019-12-12,Europa League,H,Saint-Étienne
1920,Augsburg,2019-12-13,Bundesliga,A,Hoffenheim
1920,Bochum,2019-12-13,2. Bundesliga,H,Hannover
1920,Hannover,2019-12-13,2. Bundesliga,A,Bochum
1920,Hoffenheim,2019-12-13,Bundesliga,H,Augsburg
1920,Bayern Munich,2019-12-14,Bundesliga,H,Werder Bremen
1920,Bielefeld,2019-12-14,2. Bundesliga,A,Heidenheim
1920,Dortmund,2019-12-14,Bundesliga,A,Mainz
1920,FC Koln,2019-12-14,Bundesliga,H,Leverkusen
1920,Fortuna Dusseldorf,2019-12-14,Bundesliga,H,RB Leipzig
1920,Freiburg,2019-12-14,Bundesliga,A,Hertha
1920,Greuther Furth,2019-12-14,2. Bundesliga,A,Karlsruher SC
1920,Heidenheim,2019-12-14,2. Bundesliga,H,Bielefeld
1920,Hertha,2019-12-14,Bundesliga,H,Freiburg
1920,Leverkusen,2019-12-14,Bundesliga,A,FC Koln
1920,Mainz,2019-12-14,Bundesliga,H,Dortmund
1920,Paderborn,2019-12-14,Bundesliga,H,Union Berlin
1920,RB Leipzig,2019-12-14,Bundesliga,A,Fortuna Dusseldorf
1920,St Pauli,2019-12-14,2. Bundesliga,H,SV Wehen Wiesbaden
1920,Union Berlin,2019-12-14,Bundesliga,A,Paderborn
1920,Werder Bremen,2019-12-14,Bundesliga,A,Bayern Munich
1920,Ein Frankfurt,2019-12-15,Bundesliga,A,Schalke 04
1920,Hamburg,2019-12-15,2. Bundesliga,A,SV Sandhausen
1920,Holstein Kiel,2019-12-15,2. Bundesliga,A,Nurnberg
1920,M'gladbach,2019-12-15,Bundesliga,A,Wolfsburg
1920,Nurnberg,2019-12-15,2. Bundesliga,H,Holstein Kiel
1920,Schalke 04,2019-12-15,Bundesliga,H,Ein Frankfurt
1920,Wolfsburg,2019-12-15,Bundesliga,H,M'gladbach
1920,Darmstadt,2019-12-16,2. Bundesliga,H,Stuttgart
1920,Stuttgart,2019-12-16,2. Bundesliga,A,Darmstadt
1920,Augsburg,2019-12-17,Bundesliga,H,Fortuna Dusseldorf
1920,Dortmund,2019-12-17,Bundesliga,H,RB Leipzig
1920,Fortuna Dusseldorf,2019-12-17,Bundesliga,A,Augsburg
1920,Hoffenheim,2019-12-17,Bundesliga,A,Union Berlin
1920,Mainz,2019-12-17,Bundesliga,A,Werder Bremen
1920,RB Leipzig,2019-12-17,Bundesliga,A,Dortmund
1920,Union Berlin,2019-12-17,Bundesliga,H,Hoffenheim
1920,Werder Bremen,2019-12-17,Bundesliga,H,Mainz
1920,Bayern Munich,2019-12-18,Bundesliga,A,Freiburg
1920,Ein Frankfurt,2019-12-18,Bundesliga,H,FC Koln
1920,FC Koln,2019-12-18,Bundesliga,A,Ein Frankfurt
1920,Freiburg,2019-12-18,Bundesliga,H,Bayern Munich
1920,Hertha,2019-12-18,Bundesliga,A,Leverkusen
1920,Leverkusen,2019-12-18,Bundesliga,H,Hertha
1920,M'gladbach,2019-12-18,Bundesliga,H,Paderborn
1920,Paderborn,2019-12-18,Bundesliga,A,M'gladbach
1920,Schalke 04,2019-12-18,Bundesliga,A,Wolfsburg
1920,Wolfsburg,2019-12-18,Bundesliga,H,Schalke 04
1920,Dortmund,2019-12-20,Bundesliga,A,Hoffenheim
1920,Hoffenheim,2019-12-20,Bundesliga,H,Dortmund
1920,Nurnberg,2019-12-20,2. Bundesliga,H,Dynamo Dresden
1920,Augsburg,2019-12-21,Bundesliga,A,RB Leipzig
1920,Bayern Munich,2019-12-21,Bundesliga,H,Wolfsburg
1920,Bielefeld,2019-12-21,2. Bundesliga,A,St Pauli
1920,Darmstadt,2019-12-21,2. Bundesliga,H,Hamburg
1920,FC Koln,2019-12-21,Bundesliga,H,Werder Bremen
1920,Freiburg,2019-12-21,Bundesliga,A,Schalke 04
1920,Greuther Furth,2019-12-21,2. Bundesliga,A,Erzgebirge Aue
1920,Hamburg,2019-12-21,2. Bundesliga,A,Darmstadt
1920,Hannover,2019-12-21,2. Bundesliga,H,Stuttgart
1920,Hertha,2019-12-21,Bundesliga,H,M'gladbach
1920,Leverkusen,2019-12-21,Bundesliga,A,Mainz
1920,M'gladbach,2019-12-21,Bundesliga,A,Hertha
1920,Mainz,2019-12-21,Bundesliga,H,Leverkusen
1920,RB Leipzig,2019-12-21,Bundesliga,H,Augsburg
1920,Schalke 04,2019-12-21,Bundesliga,H,Freiburg
1920,St Pauli,2019-12-21,2. Bundesliga,H,Bielefeld
1920,Stuttgart,2019-12-21,2. Bundesliga,A,Hannover
1920,Werder Bremen,2019-12-21,Bundesliga,A,FC Koln
1920,Wolfsburg,2019-12-21,Bundesliga,A,Bayern Munich
1920,Bochum,2019-12-22,2. Bundesliga,H,Jahn Regensburg
1920,Ein Frankfurt,2019-12-22,Bundesliga,A,Paderborn
1920,Fortuna Dusseldorf,2019-12-22,Bundesliga,H,Union Berlin
1920,Heidenheim,2019-12-22,2. Bundesliga,H,VfL Osnabrück
1920,Holstein Kiel,2019-12-22,2. Bundesliga,A,SV Sandhausen
1920,Paderborn,2019-12-22,Bundesliga,H,Ein Frankfurt
1920,Union Berlin,2019-12-22,Bundesliga,A,Fortuna Dusseldorf
1920,M'gladbach,2020-01-17,Bundesliga,A,Schalke 04
1920,Schalke 04,2020-01-17,Bundesliga,H,M'gladbach
1920,Augsburg,2020-01-18,Bundesliga,H,Dortmund
1920,Dortmund,2020-01-18,Bundesliga,A,Augsburg
1920,Ein Frankfurt,2020-01-18,Bundesliga,A,Hoffenheim
1920,FC Koln,2020-01-18,Bundesliga,H,Wolfsburg
1920,Fortuna Dusseldorf,2020-01-18,Bundesliga,H,Werder Bremen
1920,Freiburg,2020-01-18,Bundesliga,A,Mainz
1920,Hoffenheim,2020-01-18,Bundesliga,H,Ein Frankfurt
1920,Mainz,2020-01-18,Bundesliga,H,Freiburg
1920,RB Leipzig,2020-01-18,Bundesliga,H,Union Berlin
1920,Union Berlin,2020-01-18,Bundesliga,A,RB Leipzig
1920,Werder Bremen,2020-01-18,Bundesliga,A,Fortuna Dusseldorf
1920,Wolfsburg,2020-01-18,Bundesliga,A,FC Koln
1920,Bayern Munich,2020-01-19,Bundesliga,A,Hertha
1920,Hertha,2020-01-19,Bundesliga,H,Bayern Munich
1920,Leverkusen,2020-01-19,Bundesliga,A,Paderborn
1920,Paderborn,2020-01-19,Bundesliga,H,Leverkusen
1920,Dortmund,2020-01-24,Bundesliga,H,FC Koln
1920,FC Koln,2020-01-24,Bundesliga,A,Dortmund
1920,Augsburg,2020-01-25,Bundesliga,A,Union Berlin
1920,Bayern Munich,2020-01-25,Bundesliga,H,Schalke 04
1920,Ein Frankfurt,2020-01-25,Bundesliga,H,RB Leipzig
1920,Freiburg,2020-01-25,Bundesliga,H,Paderborn
1920,Hertha,2020-01-25,Bundesliga,A,Wolfsburg
1920,M'gladbach,2020-01-25,Bundesliga,H,Mainz
1920,Mainz,2020-01-25,Bundesliga,A,M'gladbach
1920,Paderborn,2020-01-25,Bundesliga,A,Freiburg
1920,RB Leipzig,2020-01-25,Bundesliga,A,Ein Frankfurt
1920,Schalke 04,2020-01-25,Bundesliga,A,Bayern Munich
1920,Union Berlin,2020-01-25,Bundesliga,H,Augsburg
1920,Wolfsburg,2020-01-25,Bundesliga,H,Hertha
1920,Fortuna Dusseldorf,2020-01-26,Bundesliga,A,Leverkusen
1920,Hoffenheim,2020-01-26,Bundesliga,A,Werder Bremen
1920,Leverkusen,2020-01-26,Bundesliga,H,Fortuna Dusseldorf
1920,Werder Bremen,2020-01-26,Bundesliga,H,Hoffenheim
1920,Bielefeld,2020-01-28,2. Bundesliga,H,Bochum
1920,Bochum,2020-01-28,2. Bundesliga,A,Bielefeld
1920,Greuther Furth,2020-01-28,2. Bundesliga,H,St Pauli
1920,Hannover,2020-01-28,2. Bundesliga,A,Jahn Regensburg
1920,St Pauli,2020-01-28,2. Bundesliga,A,Greuther Furth
1920,Darmstadt,2020-01-29,2. Bundesliga,A,Holstein Kiel
1920,Heidenheim,2020-01-29,2. Bundesliga,A,Stuttgart
1920,Holstein Kiel,2020-01-29,2. Bundesliga,H,Darmstadt
1920,Stuttgart,2020-01-29,2. Bundesliga,H,Heidenheim
1920,Hamburg,2020-01-30,2. Bundesliga,H,Nurnberg
1920,Nurnberg,2020-01-30,2. Bundesliga,A,Hamburg
1920,Bielefeld,2020-01-31,2. Bundesliga,A,Erzgebirge Aue
1920,Greuther Furth,2020-01-31,2. Bundesliga,A,Jahn Regensburg
1920,Hertha,2020-01-31,Bundesliga,H,Schalke 04
1920,Schalke 04,2020-01-31,Bundesliga,A,Hertha
1920,Augsburg,2020-02-01,Bundesliga,H,Werder Bremen
1920,Bayern Munich,2020-02-01,Bundesliga,A,Mainz
1920,Dortmund,2020-02-01,Bundesliga,H,Union Berlin
1920,Ein Frankfurt,2020-02-01,Bundesliga,A,Fortuna Dusseldorf
1920,Fortuna Dusseldorf,2020-02-01,Bundesliga,H,Ein Frankfurt
1920,Hannover,2020-02-01,2. Bundesliga,H,SV Wehen Wiesbaden
1920,Hoffenheim,2020-02-01,Bundesliga,H,Leverkusen
1920,Holstein Kiel,2020-02-01,2. Bundesliga,A,Karlsruher SC
1920,Leverkusen,2020-02-01,Bundesliga,A,Hoffenheim
1920,M'gladbach,2020-02-01,Bundesliga,A,RB Leipzig
1920,Mainz,2020-02-01,Bundesliga,H,Bayern Munich
1920,RB Leipzig,2020-02-01,Bundesliga,H,M'gladbach
1920,St Pauli,2020-02-01,2. Bundesliga,H,Stuttgart
1920,Stuttgart,2020-02-01,2. Bundesliga,A,St Pauli
1920,Union Berlin,2020-02-01,Bundesliga,A,Dortmund
1920,Werder Bremen,2020-02-01,Bundesliga,A,Augsburg
1920,Darmstadt,2020-02-02,2. Bundesliga,H,VfL Osnabrück
1920,FC Koln,2020-02-02,Bundesliga,H,Freiburg
1920,Freiburg,2020-02-02,Bundesliga,A,FC Koln
1920,Heidenheim,2020-02-02,2. Bundesliga,H,Dynamo Dresden
1920,Nurnberg,2020-02-02,2. Bundesliga,H,SV Sandhausen
1920,Paderborn,2020-02-02,Bundesliga,H,Wolfsburg
1920,Wolfsburg,2020-02-02,Bundesliga,A,Paderborn
1920,Bochum,2020-02-03,2. Bundesliga,H,Hamburg
1920,Hamburg,2020-02-03,2. Bundesliga,A,Bochum
1920,Dortmund,2020-02-04,DFB-Pokal,A,Werder Bremen
1920,Ein Frankfurt,2020-02-04,DFB-Pokal,H,RB Leipzig
1920,Fortuna Dusseldorf,2020-02-04,DFB-Pokal,A,1. FC Kaiserslautern
1920,Hertha,2020-02-04,DFB-Pokal,A,Schalke 04
1920,RB Leipzig,2020-02-04,DFB-Pokal,A,Ein Frankfurt
1920,Schalke 04,2020-02-04,DFB-Pokal,H,Hertha
1920,Werder Bremen,2020-02-04,DFB-Pokal,H,Dortmund
1920,Bayern Munich,2020-02-05,DFB-Pokal,H,Hoffenheim
1920,Hoffenheim,2020-02-05,DFB-Pokal,A,Bayern Munich
1920,Leverkusen,2020-02-05,DFB-Pokal,H,Stuttgart
1920,Stuttgart,2020-02-05,DFB-Pokal,A,Leverkusen
1920,Union Berlin,2020-02-05,DFB-Pokal,A,SC Verl
1920,Augsburg,2020-02-07,Bundesliga,A,Ein Frankfurt
1920,Darmstadt,2020-02-07,2. Bundesliga,A,Dynamo Dresden
1920,Ein Frankfurt,2020-02-07,Bundesliga,H,Augsburg
1920,Heidenheim,2020-02-07,2. Bundesliga,A,SV Sandhausen
1920,Dortmund,2020-02-08,Bundesliga,A,Leverkusen
1920,Fortuna Dusseldorf,2020-02-08,Bundesliga,A,Wolfsburg
1920,Freiburg,2020-02-08,Bundesliga,H,Hoffenheim
1920,Hamburg,2020-02-08,2. Bundesliga,H,Karlsruher SC
1920,Hertha,2020-02-08,Bundesliga,H,Mainz
1920,Hoffenheim,2020-02-08,Bundesliga,A,Freiburg
1920,Leverkusen,2020-02-08,Bundesliga,H,Dortmund
1920,Mainz,2020-02-08,Bundesliga,A,Hertha
1920,Nurnberg,2020-02-08,2. Bundesliga,A,VfL Osnabrück
1920,Paderborn,2020-02-08,Bundesliga,A,Schalke 04
1920,Schalke 04,2020-02-08,Bundesliga,H,Paderborn
1920,Stuttgart,2020-02-08,2. Bundesliga,H,Erzgebirge Aue
1920,Union Berlin,2020-02-08,Bundesliga,A,Werder Bremen
1920,Werder Bremen,2020-02-08,Bundesliga,H,Union Berlin
1920,Wolfsburg,2020-02-08,Bundesliga,H,Fortuna Dusseldorf
1920,Bayern Munich,2020-02-09,Bundesliga,H,RB Leipzig
1920,Bielefeld,2020-02-09,2. Bundesliga,H,Jahn Regensburg
1920,Bochum,2020-02-09,2. Bundesliga,A,SV Wehen Wiesbaden
1920,Greuther Furth,2020-02-09,2. Bundesliga,H,Hannover
1920,Hannover,2020-02-09,2. Bundesliga,A,Greuther Furth
1920,RB Leipzig,2020-02-09,Bundesliga,A,Bayern Munich
1920,Holstein Kiel,2020-02-10,2. Bundesliga,H,St Pauli
1920,St Pauli,2020-02-10,2. Bundesliga,A,Holstein Kiel
1920,Dortmund,2020-02-14,Bundesliga,H,Ein Frankfurt
1920,Ein Frankfurt,2020-02-14,Bundesliga,A,Dortmund
1920,Heidenheim,2020-02-14,2. Bundesliga,H,Nurnberg
1920,Nurnberg,2020-02-14,2. Bundesliga,A,Heidenheim
1920,St Pauli,2020-02-14,2. Bundesliga,H,Dynamo Dresden
1920,Augsburg,2020-02-15,Bundesliga,H,Freiburg
1920,Bielefeld,2020-02-15,2. Bundesliga,A,Greuther Furth
1920,Fortuna Dusseldorf,2020-02-15,Bundesliga,H,M'gladbach
1920,Freiburg,2020-02-15,Bundesliga,A,Augsburg
1920,Greuther Furth,2020-02-15,2. Bundesliga,H,Bielefeld
1920,Hamburg,2020-02-15,2. Bundesliga,A,Hannover
1920,Hannover,2020-02-15,2. Bundesliga,H,Hamburg
1920,Hertha,2020-02-15,Bundesliga,A,Paderborn
1920,Hoffenheim,2020-02-15,Bundesliga,H,Wolfsburg
1920,Leverkusen,2020-02-15,Bundesliga,A,Union Berlin
1920,M'gladbach,2020-02-15,Bundesliga,A,Fortuna Dusseldorf
1920,Paderborn,2020-02-15,Bundesliga,H,Hertha
1920,RB Leipzig,2020-02-15,Bundesliga,H,Werder Bremen
1920,Union Berlin,2020-02-15,Bundesliga,H,Leverkusen
1920,Werder Bremen,2020-02-15,Bundesliga,A,RB Leipzig
1920,Wolfsburg,2020-02-15,Bundesliga,A,Hoffenheim
1920,Bayern Munich,2020-02-16,Bundesliga,A,FC Koln
1920,Darmstadt,2020-02-16,2. Bundesliga,H,SV Sandhausen
1920,FC Koln,2020-02-16,Bundesliga,H,Bayern Munich
1920,Holstein Kiel,2020-02-16,2. Bundesliga,A,Erzgebirge Aue
1920,Mainz,2020-02-16,Bundesliga,H,Schalke 04
1920,Schalke 04,2020-02-16,Bundesliga,A,Mainz
1920,Bochum,2020-02-17,2. Bundesliga,H,Stuttgart
1920,Stuttgart,2020-02-17,2. Bundesliga,A,Bochum
1920,Dortmund,2020-02-18,Champions League,H,Paris SG
1920,RB Leipzig,2020-02-19,Champions League,A,Tottenham
1920,Ein Frankfurt,2020-02-20,Europa League,H,Red Bull Salzburg
1920,Leverkusen,2020-02-20,Europa League,H,Porto
1920,Wolfsburg,2020-02-20,Europa League,H,Malmö FF
1920,Bayern Munich,2020-02-21,Bundesliga,H,Paderborn
1920,Greuther Furth,2020-02-21,2. Bundesliga,A,SV Wehen Wiesbaden
1920,Paderborn,2020-02-21,Bundesliga,A,Bayern Munich
1920,Bochum,2020-02-22,2. Bundesliga,A,Dynamo Dresden
1920,Dortmund,2020-02-22,Bundesliga,A,Werder Bremen
1920,FC Koln,2020-02-22,Bundesliga,A,Hertha
1920,Fortuna Dusseldorf,2020-02-22,Bundesliga,A,Freiburg
1920,Freiburg,2020-02-22,Bundesliga,H,Fortuna Dusseldorf
1920,Hamburg,2020-02-22,2. Bundesliga,H,St Pauli
1920,Heidenheim,2020-02-22,2. Bundesliga,A,Holstein Kiel
1920,Hertha,2020-02-22,Bundesliga,H,FC Koln
1920,Hoffenheim,2020-02-22,Bundesliga,A,M'gladbach
1920,Holstein Kiel,2020-02-22,2. Bundesliga,H,Heidenheim
1920,M'gladbach,2020-02-22,Bundesliga,H,Hoffenheim
1920,RB Leipzig,2020-02-22,Bundesliga,A,Schalke 04
1920,Schalke 04,2020-02-22,Bundesliga,H,RB Leipzig
1920,St Pauli,2020-02-22,2. Bundesliga,A,Hamburg
1920,Stuttgart,2020-02-22,2. Bundesliga,H,Jahn Regensburg
1920,Werder Bremen,2020-02-22,Bundesliga,H,Dortmund
1920,Augsburg,2020-02-23,Bundesliga,A,Leverkusen
1920,Bielefeld,2020-02-23,2. Bundesliga,H,Hannover
1920,Darmstadt,2020-02-23,2. Bundesliga,A,Nurnberg
1920,Hannover,2020-02-23,2. Bundesliga,A,Bielefeld
1920,Leverkusen,2020-02-23,Bundesliga,H,Augsburg
1920,Mainz,2020-02-23,Bundesliga,A,Wolfsburg
1920,Nurnberg,2020-02-23,2. Bundesliga,H,Darmstadt
1920,Wolfsburg,2020-02-23,Bundesliga,H,Mainz
1920,Ein Frankfurt,2020-02-24,Bundesliga,H,Union Berlin
1920,Union Berlin,2020-02-24,Bundesliga,A,Ein Frankfurt
1920,Bayern Munich,2020-02-25,Champions League,A,Chelsea
1920,Leverkusen,2020-02-27,Europa League,A,Porto
1920,Wolfsburg,2020-02-27,Europa League,A,Malmö FF
1920,Ein Frankfurt,2020-02-28,Europa League,A,Red Bull Salzburg
1920,Fortuna Dusseldorf,2020-02-28,Bundesliga,H,Hertha
1920,Hertha,2020-02-28,Bundesliga,A,Fortuna Dusseldorf
1920,Nurnberg,2020-02-28,2. Bundesliga,A,Karlsruher SC
1920,Augsburg,2020-02-29,Bundesliga,H,M'gladbach
1920,Bayern Munich,2020-02-29,Bundesliga,A,Hoffenheim
1920,Darmstadt,2020-02-29,2. Bundesliga,H,Heidenheim
1920,Dortmund,2020-02-29,Bundesliga,H,Freiburg
1920,FC Koln,2020-02-29,Bundesliga,H,Schalke 04
1920,Freiburg,2020-02-29,Bundesliga,A,Dortmund
1920,Greuther Furth,2020-02-29,2. Bundesliga,H,Stuttgart
1920,Hamburg,2020-02-29,2. Bundesliga,A,Erzgebirge Aue
1920,Heidenheim,2020-02-29,2. Bundesliga,A,Darmstadt
1920,Hoffenheim,2020-02-29,Bundesliga,H,Bayern Munich
1920,M'gladbach,2020-02-29,Bundesliga,A,Augsburg
1920,Mainz,2020-02-29,Bundesliga,H,Paderborn
1920,Paderborn,2020-02-29,Bundesliga,A,Mainz
1920,Schalke 04,2020-02-29,Bundesliga,A,FC Koln
1920,Stuttgart,2020-02-29,2. Bundesliga,A,Greuther Furth
1920,Bielefeld,2020-03-01,2. Bundesliga,H,SV Wehen Wiesbaden
1920,Bochum,2020-03-01,2. Bundesliga,H,SV Sandhausen
1920,Leverkusen,2020-03-01,Bundesliga,A,RB Leipzig
1920,RB Leipzig,2020-03-01,Bundesliga,H,Leverkusen
1920,St Pauli,2020-03-01,2. Bundesliga,H,VfL Osnabrück
1920,Union Berlin,2020-03-01,Bundesliga,H,Wolfsburg
1920,Wolfsburg,2020-03-01,Bundesliga,A,Union Berlin
1920,Hannover,2020-03-02,2. Bundesliga,H,Holstein Kiel
1920,Holstein Kiel,2020-03-02,2. Bundesliga,A,Hannover
1920,Bayern Munich,2020-03-03,DFB-Pokal,A,Schalke 04
1920,Fortuna Dusseldorf,2020-03-03,DFB-Pokal,A,1. FC Saarbrücken
1920,Schalke 04,2020-03-03,DFB-Pokal,H,Bayern Munich
1920,Ein Frankfurt,2020-03-04,DFB-Pokal,H,Werder Bremen
1920,Leverkusen,2020-03-04,DFB-Pokal,H,Union Berlin
1920,Union Berlin,2020-03-04,DFB-Pokal,A,Leverkusen
1920,Werder Bremen,2020-03-04,DFB-Pokal,A,Ein Frankfurt
1920,FC Koln,2020-03-06,Bundesliga,A,Paderborn
1920,Hannover,2020-03-06,2. Bundesliga,A,Nurnberg
1920,Nurnberg,2020-03-06,2. Bundesliga,H,Hannover
1920,Paderborn,2020-03-06,Bundesliga,H,FC Koln
1920,Bochum,2020-03-07,2. Bundesliga,A,Darmstadt
1920,Darmstadt,2020-03-07,2. Bundesliga,H,Bochum
1920,Dortmund,2020-03-07,Bundesliga,A,M'gladbach
1920,Ein Frankfurt,2020-03-07,Bundesliga,A,Leverkusen
1920,Freiburg,2020-03-07,Bundesliga,H,Union Berlin
1920,Hamburg,2020-03-07,2. Bundesliga,H,Jahn Regensburg
1920,Heidenheim,2020-03-07,2. Bundesliga,H,Karlsruher SC
1920,Hertha,2020-03-07,Bundesliga,H,Werder Bremen
1920,Hoffenheim,2020-03-07,Bundesliga,A,Schalke 04
1920,Leverkusen,2020-03-07,Bundesliga,H,Ein Frankfurt
1920,M'gladbach,2020-03-07,Bundesliga,H,Dortmund
1920,RB Leipzig,2020-03-07,Bundesliga,A,Wolfsburg
1920,Schalke 04,2020-03-07,Bundesliga,H,Hoffenheim
1920,Union Berlin,2020-03-07,Bundesliga,A,Freiburg
1920,Werder Bremen,2020-03-07,Bundesliga,A,Hertha
1920,Wolfsburg,2020-03-07,Bundesliga,H,RB Leipzig
1920,Augsburg,2020-03-08,Bundesliga,A,Bayern Munich
1920,Bayern Munich,2020-03-08,Bundesliga,H,Augsburg
1920,Fortuna Dusseldorf,2020-03-08,Bundesliga,A,Mainz
1920,Greuther Furth,2020-03-08,2. Bundesliga,A,Holstein Kiel
1920,Holstein Kiel,2020-03-08,2. Bundesliga,H,Greuther Furth
1920,Mainz,2020-03-08,Bundesliga,H,Fortuna Dusseldorf
1920,St Pauli,2020-03-08,2. Bundesliga,A,SV Sandhausen
1920,Bielefeld,2020-03-09,2. Bundesliga,A,Stuttgart
1920,Stuttgart,2020-03-09,2. Bundesliga,H,Bielefeld
1920,RB Leipzig,2020-03-10,Champions League,H,Tottenham
1920,Dortmund,2020-03-11,Champions League,A,Paris SG
1920,FC Koln,2020-03-11,Bundesliga,A,M'gladbach
1920,M'gladbach,2020-03-11,Bundesliga,H,FC Koln
1920,Ein Frankfurt,2020-03-12,Europa League,H,Basel
1920,Leverkusen,2020-03-12,Europa League,A,Rangers
1920,Wolfsburg,2020-03-12,Europa League,H,Shakhtar Donetsk
1920,Augsburg,2020-05-16,Bundesliga,H,Wolfsburg
1920,Bochum,2020-05-16,2. Bundesliga,H,Heidenheim
1920,Darmstadt,2020-05-16,2. Bundesliga,A,Karlsruher SC
1920,Dortmund,2020-05-16,Bundesliga,H,Schalke 04
1920,Ein Frankfurt,2020-05-16,Bundesliga,H,M'gladbach
1920,Fortuna Dusseldorf,2020-05-16,Bundesliga,H,Paderborn
1920,Freiburg,2020-05-16,Bundesliga,A,RB Leipzig
1920,Heidenheim,2020-05-16,2. Bundesliga,A,Bochum
1920,Hertha,2020-05-16,Bundesliga,A,Hoffenheim
1920,Hoffenheim,2020-05-16,Bundesliga,H,Hertha
1920,Holstein Kiel,2020-05-16,2. Bundesliga,A,Jahn Regensburg
1920,M'gladbach,2020-05-16,Bundesliga,A,Ein Frankfurt
1920,Paderborn,2020-05-16,Bundesliga,A,Fortuna Dusseldorf
1920,RB Leipzig,2020-05-16,Bundesliga,H,Freiburg
1920,Schalke 04,2020-05-16,Bundesliga,A,Dortmund
1920,Wolfsburg,2020-05-16,Bundesliga,A,Augsburg
1920,Bayern Munich,2020-05-17,Bundesliga,A,Union Berlin
1920,Bielefeld,2020-05-17,2. Bundesliga,H,VfL Osnabrück
1920,FC Koln,2020-05-17,Bundesliga,H,Mainz
1920,Greuther Furth,2020-05-17,2. Bundesliga,H,Hamburg
1920,Hamburg,2020-05-17,2. Bundesliga,A,Greuther Furth
1920,Mainz,2020-05-17,Bundesliga,A,FC Koln
1920,Nurnberg,2020-05-17,2. Bundesliga,A,St Pauli
1920,St Pauli,2020-05-17,2. Bundesliga,H,Nurnberg
1920,Stuttgart,2020-05-17,2. Bundesliga,A,SV Wehen Wiesbaden
1920,Union Berlin,2020-05-17,Bundesliga,H,Bayern Munich
1920,Leverkusen,2020-05-18,Bundesliga,A,Werder Bremen
1920,Werder Bremen,2020-05-18,Bundesliga,H,Leverkusen
1920,Heidenheim,2020-05-22,2. Bundesliga,H,SV Wehen Wiesbaden
1920,Hertha,2020-05-22,Bundesliga,H,Union Berlin
1920,Nurnberg,2020-05-22,2. Bundesliga,H,Erzgebirge Aue
1920,Union Berlin,2020-05-22,Bundesliga,A,Hertha
1920,Bayern Munich,2020-05-23,Bundesliga,H,Ein Frankfurt
1920,Darmstadt,2020-05-23,2. Bundesliga,H,St Pauli
1920,Dortmund,2020-05-23,Bundesliga,A,Wolfsburg
1920,Ein Frankfurt,2020-05-23,Bundesliga,A,Bayern Munich
1920,Freiburg,2020-05-23,Bundesliga,H,Werder Bremen
1920,Hannover,2020-05-23,2. Bundesliga,A,VfL Osnabrück
1920,Hoffenheim,2020-05-23,Bundesliga,A,Paderborn
1920,Leverkusen,2020-05-23,Bundesliga,A,M'gladbach
1920,M'gladbach,2020-05-23,Bundesliga,H,Leverkusen
1920,Paderborn,2020-05-23,Bundesliga,H,Hoffenheim
1920,St Pauli,2020-05-23,2. Bundesliga,A,Darmstadt
1920,Werder Bremen,2020-05-23,Bundesliga,A,Freiburg
1920,Wolfsburg,2020-05-23,Bundesliga,H,Dortmund
1920,Augsburg,2020-05-24,Bundesliga,A,Schalke 04
1920,Bielefeld,2020-05-24,2. Bundesliga,A,Hamburg
1920,Bochum,2020-05-24,2. Bundesliga,A,Karlsruher SC
1920,FC Koln,2020-05-24,Bundesliga,H,Fortuna Dusseldorf
1920,Fortuna Dusseldorf,2020-05-24,Bundesliga,A,FC Koln
1920,Hamburg,2020-05-24,2. Bundesliga,H,Bielefeld
1920,Holstein Kiel,2020-05-24,2. Bundesliga,H,Stuttgart
1920,Mainz,2020-05-24,Bundesliga,H,RB Leipzig
1920,RB Leipzig,2020-05-24,Bundesliga,A,Mainz
1920,Schalke 04,2020-05-24,Bundesliga,H,Augsburg
1920,Stuttgart,2020-05-24,2. Bundesliga,A,Holstein Kiel
1920,Bayern Munich,2020-05-26,Bundesliga,A,Dortmund
1920,Darmstadt,2020-05-26,2. Bundesliga,A,Erzgebirge Aue
1920,Dortmund,2020-05-26,Bundesliga,H,Bayern Munich
1920,Ein Frankfurt,2020-05-26,Bundesliga,H,Freiburg
1920,Freiburg,2020-05-26,Bundesliga,A,Ein Frankfurt
1920,Greuther Furth,2020-05-26,2. Bundesliga,H,VfL Osnabrück
1920,Leverkusen,2020-05-26,Bundesliga,H,Wolfsburg
1920,M'gladbach,2020-05-26,Bundesliga,A,Werder Bremen
1920,Nurnberg,2020-05-26,2. Bundesliga,A,Jahn Regensburg
1920,Werder Bremen,2020-05-26,Bundesliga,H,M'gladbach
1920,Wolfsburg,2020-05-26,Bundesliga,A,Leverkusen
1920,Augsburg,2020-05-27,Bundesliga,H,Paderborn
1920,Bochum,2020-05-27,2. Bundesliga,H,Holstein Kiel
1920,FC Koln,2020-05-27,Bundesliga,A,Hoffenheim
1920,Fortuna Dusseldorf,2020-05-27,Bundesliga,H,Schalke 04
1920,Hannover,2020-05-27,2. Bundesliga,H,Karlsruher SC
1920,Heidenheim,2020-05-27,2. Bundesliga,A,St Pauli
1920,Hertha,2020-05-27,Bundesliga,A,RB Leipzig
1920,Hoffenheim,2020-05-27,Bundesliga,H,FC Koln
1920,Holstein Kiel,2020-05-27,2. Bundesliga,A,Bochum
1920,Mainz,2020-05-27,Bundesliga,A,Union Berlin
1920,Paderborn,2020-05-27,Bundesliga,A,Augsburg
1920,RB Leipzig,2020-05-27,Bundesliga,H,Hertha
1920,Schalke 04,2020-05-27,Bundesliga,A,Fortuna Dusseldorf
1920,St Pauli,2020-05-27,2. Bundesliga,H,Heidenheim
1920,Union Berlin,2020-05-27,Bundesliga,H,Mainz
1920,Hamburg,2020-05-28,2. Bundesliga,A,Stuttgart
1920,Stuttgart,2020-05-28,2. Bundesliga,H,Hamburg
1920,Darmstadt,2020-05-29,2. Bundesliga,H,Greuther Furth
1920,Freiburg,2020-05-29,Bundesliga,H,Leverkusen
1920,Greuther Furth,2020-05-29,2. Bundesliga,A,Darmstadt
1920,Leverkusen,2020-05-29,Bundesliga,A,Freiburg
1920,Augsburg,2020-05-30,Bundesliga,A,Hertha
1920,Bayern Munich,2020-05-30,Bundesliga,H,Fortuna Dusseldorf
1920,Bielefeld,2020-05-30,2. Bundesliga,A,Holstein Kiel
1920,Bochum,2020-05-30,2. Bundesliga,A,Nurnberg
1920,Ein Frankfurt,2020-05-30,Bundesliga,A,Wolfsburg
1920,Fortuna Dusseldorf,2020-05-30,Bundesliga,A,Bayern Munich
1920,Hannover,2020-05-30,2. Bundesliga,A,SV Sandhausen
1920,Hertha,2020-05-30,Bundesliga,H,Augsburg
1920,Hoffenheim,2020-05-30,Bundesliga,A,Mainz
1920,Holstein Kiel,2020-05-30,2. Bundesliga,H,Bielefeld
1920,Mainz,2020-05-30,Bundesliga,H,Hoffenheim
1920,Nurnberg,2020-05-30,2. Bundesliga,H,Bochum
1920,Schalke 04,2020-05-30,Bundesliga,H,Werder Bremen
1920,St Pauli,2020-05-30,2. Bundesliga,A,Karlsruher SC
1920,Werder Bremen,2020-05-30,Bundesliga,A,Schalke 04
1920,Wolfsburg,2020-05-30,Bundesliga,H,Ein Frankfurt
1920,Dortmund,2020-05-31,Bundesliga,A,Paderborn
1920,Hamburg,2020-05-31,2. Bundesliga,H,SV Wehen Wiesbaden
1920,Heidenheim,2020-05-31,2. Bundesliga,H,Erzgebirge Aue
1920,M'gladbach,2020-05-31,Bundesliga,H,Union Berlin
1920,Paderborn,2020-05-31,Bundesliga,H,Dortmund
1920,Stuttgart,2020-05-31,2. Bundesliga,A,Dynamo Dresden
1920,Union Berlin,2020-05-31,Bundesliga,A,M'gladbach
1920,FC Koln,2020-06-01,Bundesliga,H,RB Leipzig
1920,RB Leipzig,2020-06-01,Bundesliga,A,FC Koln
1920,Ein Frankfurt,2020-06-03,Bundesliga,A,Werder Bremen
1920,Hannover,2020-06-03,2. Bundesliga,H,Dynamo Dresden
1920,Werder Bremen,2020-06-03,Bundesliga,H,Ein Frankfurt
1920,Bochum,2020-06-05,2. Bundesliga,H,St Pauli
1920,Freiburg,2020-06-05,Bundesliga,H,M'gladbach
1920,Greuther Furth,2020-06-05,2. Bundesliga,H,SV Sandhausen
1920,M'gladbach,2020-06-05,Bundesliga,A,Freiburg
1920,St Pauli,2020-06-05,2. Bundesliga,A,Bochum
1920,Bayern Munich,2020-06-06,Bundesliga,A,Leverkusen
1920,Bielefeld,2020-06-06,2. Bundesliga,H,Nurnberg
1920,Darmstadt,2020-06-06,2. Bundesliga,A,Jahn Regensburg
1920,Dortmund,2020-06-06,Bundesliga,H,Hertha
1920,Ein Frankfurt,2020-06-06,Bundesliga,H,Mainz
1920,Fortuna Dusseldorf,2020-06-06,Bundesliga,H,Hoffenheim
1920,Hertha,2020-06-06,Bundesliga,A,Dortmund
1920,Hoffenheim,2020-06-06,Bundesliga,A,Fortuna Dusseldorf
1920,Leverkusen,2020-06-06,Bundesliga,H,Bayern Munich
1920,Mainz,2020-06-06,Bundesliga,A,Ein Frankfurt
1920,Nurnberg,2020-06-06,2. Bundesliga,A,Bielefeld
1920,Paderborn,2020-06-06,Bundesliga,A,RB Leipzig
1920,RB Leipzig,2020-06-06,Bundesliga,H,Paderborn
1920,Augsburg,2020-06-07,Bundesliga,H,FC Koln
1920,FC Koln,2020-06-07,Bundesliga,A,Augsburg
1920,Hannover,2020-06-07,2. Bundesliga,H,Heidenheim
1920,Heidenheim,2020-06-07,2. Bundesliga,A,Hannover
1920,Schalke 04,2020-06-07,Bundesliga,A,Union Berlin
1920,Stuttgart,2020-06-07,2. Bundesliga,H,VfL Osnabrück
1920,Union Berlin,2020-06-07,Bundesliga,H,Schalke 04
1920,Werder Bremen,2020-06-07,Bundesliga,H,Wolfsburg
1920,Wolfsburg,2020-06-07,Bundesliga,A,Werder Bremen
1920,Hamburg,2020-06-08,2. Bundesliga,H,Holstein Kiel
1920,Holstein Kiel,2020-06-08,2. Bundesliga,A,Hamburg
1920,Greuther Furth,2020-06-09,2. Bundesliga,A,Dynamo Dresden
1920,Leverkusen,2020-06-09,DFB-Pokal,A,1. FC Saarbrücken
1920,Bayern Munich,2020-06-10,DFB-Pokal,H,Ein Frankfurt
1920,Ein Frankfurt,2020-06-10,DFB-Pokal,A,Bayern Munich
1920,Bielefeld,2020-06-12,2. Bundesliga,A,SV Sandhausen
1920,Hamburg,2020-06-12,2. Bundesliga,A,Dynamo Dresden
1920,Hoffenheim,2020-06-12,Bundesliga,H,RB Leipzig
1920,RB Leipzig,2020-06-12,Bundesliga,A,Hoffenheim
1920,Bayern Munich,2020-06-13,Bundesliga,H,M'gladbach
1920,Bochum,2020-06-13,2. Bundesliga,A,VfL Osnabrück
1920,Dortmund,2020-06-13,Bundesliga,A,Fortuna Dusseldorf
1920,Ein Frankfurt,2020-06-13,Bundesliga,A,Hertha
1920,FC Koln,2020-06-13,Bundesliga,H,Union Berlin
1920,Fortuna Dusseldorf,2020-06-13,Bundesliga,H,Dortmund
1920,Freiburg,2020-06-13,Bundesliga,A,Wolfsburg
1920,Greuther Furth,2020-06-13,2. Bundesliga,A,Nurnberg
1920,Heidenheim,2020-06-13,2. Bundesliga,H,Jahn Regensburg
1920,Hertha,2020-06-13,Bundesliga,H,Ein Frankfurt
1920,Holstein Kiel,2020-06-13,2. Bundesliga,H,SV Wehen Wiesbaden
1920,M'gladbach,2020-06-13,Bundesliga,A,Bayern Munich
1920,Nurnberg,2020-06-13,2. Bundesliga,H,Greuther Furth
1920,Paderborn,2020-06-13,Bundesliga,H,Werder Bremen
1920,Union Berlin,2020-06-13,Bundesliga,A,FC Koln
1920,Werder Bremen,2020-06-13,Bundesliga,A,Paderborn
1920,Wolfsburg,2020-06-13,Bundesliga,H,Freiburg
1920,Augsburg,2020-06-14,Bundesliga,A,Mainz
1920,Darmstadt,2020-06-14,2. Bundesliga,H,Hannover
1920,Hannover,2020-06-14,2. Bundesliga,A,Darmstadt
1920,Leverkusen,2020-06-14,Bundesliga,A,Schalke 04
1920,Mainz,2020-06-14,Bundesliga,H,Augsburg
1920,Schalke 04,2020-06-14,Bundesliga,H,Leverkusen
1920,St Pauli,2020-06-14,2. Bundesliga,H,Erzgebirge Aue
1920,Stuttgart,2020-06-14,2. Bundesliga,A,Karlsruher SC
1920,Bielefeld,2020-06-15,2. Bundesliga,H,Dynamo Dresden
1920,Bayern Munich,2020-06-16,Bundesliga,A,Werder Bremen
1920,Freiburg,2020-06-16,Bundesliga,H,Hertha
1920,Greuther Furth,2020-06-16,2. Bundesliga,H,Heidenheim
1920,Hamburg,2020-06-16,2. Bundesliga,H,VfL Osnabrück
1920,Heidenheim,2020-06-16,2. Bundesliga,A,Greuther Furth
1920,Hertha,2020-06-16,Bundesliga,A,Freiburg
1920,M'gladbach,2020-06-16,Bundesliga,H,Wolfsburg
1920,Nurnberg,2020-06-16,2. Bundesliga,A,SV Wehen Wiesbaden
1920,Paderborn,2020-06-16,Bundesliga,A,Union Berlin
1920,Union Berlin,2020-06-16,Bundesliga,H,Paderborn
1920,Werder Bremen,2020-06-16,Bundesliga,H,Bayern Munich
1920,Wolfsburg,2020-06-16,Bundesliga,A,M'gladbach
1920,Augsburg,2020-06-17,Bundesliga,H,Hoffenheim
1920,Bochum,2020-06-17,2. Bundesliga,A,Erzgebirge Aue
1920,Dortmund,2020-06-17,Bundesliga,H,Mainz
1920,Ein Frankfurt,2020-06-17,Bundesliga,H,Schalke 04
1920,FC Koln,2020-06-17,Bundesliga,A,Leverkusen
1920,Fortuna Dusseldorf,2020-06-17,Bundesliga,A,RB Leipzig
1920,Hannover,2020-06-17,2. Bundesliga,H,St Pauli
1920,Hoffenheim,2020-06-17,Bundesliga,A,Augsburg
1920,Leverkusen,2020-06-17,Bundesliga,H,FC Koln
1920,Mainz,2020-06-17,Bundesliga,A,Dortmund
1920,RB Leipzig,2020-06-17,Bundesliga,H,Fortuna Dusseldorf
1920,Schalke 04,2020-06-17,Bundesliga,A,Ein Frankfurt
1920,St Pauli,2020-06-17,2. Bundesliga,A,Hannover
1920,Stuttgart,2020-06-17,2. Bundesliga,H,SV Sandhausen
1920,Bielefeld,2020-06-18,2. Bundesliga,H,Darmstadt
1920,Darmstadt,2020-06-18,2. Bundesliga,A,Bielefeld
1920,Holstein Kiel,2020-06-18,2. Bundesliga,H,Dynamo Dresden
1920,Augsburg,2020-06-20,Bundesliga,A,Fortuna Dusseldorf
1920,Bayern Munich,2020-06-20,Bundesliga,H,Freiburg
1920,Dortmund,2020-06-20,Bundesliga,A,RB Leipzig
1920,Ein Frankfurt,2020-06-20,Bundesliga,A,FC Koln
1920,FC Koln,2020-06-20,Bundesliga,H,Ein Frankfurt
1920,Fortuna Dusseldorf,2020-06-20,Bundesliga,H,Augsburg
1920,Freiburg,2020-06-20,Bundesliga,A,Bayern Munich
1920,Hertha,2020-06-20,Bundesliga,H,Leverkusen
1920,Hoffenheim,2020-06-20,Bundesliga,H,Union Berlin
1920,Leverkusen,2020-06-20,Bundesliga,A,Hertha
1920,M'gladbach,2020-06-20,Bundesliga,A,Paderborn
1920,Mainz,2020-06-20,Bundesliga,H,Werder Bremen
1920,Paderborn,2020-06-20,Bundesliga,H,M'gladbach
1920,RB Leipzig,2020-06-20,Bundesliga,H,Dortmund
1920,Schalke 04,2020-06-20,Bundesliga,H,Wolfsburg
1920,Union Berlin,2020-06-20,Bundesliga,A,Hoffenheim
1920,Werder Bremen,2020-06-20,Bundesliga,A,Mainz
1920,Wolfsburg,2020-06-20,Bundesliga,A,Schalke 04
1920,Bielefeld,2020-06-21,2. Bundesliga,A,Karlsruher SC
1920,Bochum,2020-06-21,2. Bundesliga,H,Greuther Furth
1920,Darmstadt,2020-06-21,2. Bundesliga,H,SV Wehen Wiesbaden
1920,Greuther Furth,2020-06-21,2. Bundesliga,A,Bochum
1920,Hamburg,2020-06-21,2. Bundesliga,A,Heidenheim
1920,Hannover,2020-06-21,2. Bundesliga,A,Erzgebirge Aue
1920,Heidenheim,2020-06-21,2. Bundesliga,H,Hamburg
1920,Holstein Kiel,2020-06-21,2. Bundesliga,A,VfL Osnabrück
1920,Nurnberg,2020-06-21,2. Bundesliga,H,Stuttgart
1920,St Pauli,2020-06-21,2. Bundesliga,H,Jahn Regensburg
1920,Stuttgart,2020-06-21,2. Bundesliga,A,Nurnberg
1920,Augsburg,2020-06-27,Bundesliga,H,RB Leipzig
1920,Bayern Munich,2020-06-27,Bundesliga,A,Wolfsburg
1920,Dortmund,2020-06-27,Bundesliga,H,Hoffenheim
1920,Ein Frankfurt,2020-06-27,Bundesliga,H,Paderborn
1920,FC Koln,2020-06-27,Bundesliga,A,Werder Bremen
1920,Fortuna Dusseldorf,2020-06-27,Bundesliga,A,Union Berlin
1920,Freiburg,2020-06-27,Bundesliga,H,Schalke 04
1920,Hertha,2020-06-27,Bundesliga,A,M'gladbach
1920,Hoffenheim,2020-06-27,Bundesliga,A,Dortmund
1920,Leverkusen,2020-06-27,Bundesliga,H,Mainz
1920,M'gladbach,2020-06-27,Bundesliga,H,Hertha
1920,Mainz,2020-06-27,Bundesliga,A,Leverkusen
1920,Paderborn,2020-06-27,Bundesliga,A,Ein Frankfurt
1920,RB Leipzig,2020-06-27,Bundesliga,A,Augsburg
1920,Schalke 04,2020-06-27,Bundesliga,A,Freiburg
1920,Union Berlin,2020-06-27,Bundesliga,H,Fortuna Dusseldorf
1920,Werder Bremen,2020-06-27,Bundesliga,H,FC Koln
1920,Wolfsburg,2020-06-27,Bundesliga,H,Bayern Munich
1920,Bielefeld,2020-06-28,2. Bundesliga,H,Heidenheim
1920,Bochum,2020-06-28,2. Bundesliga,A,Hannover
1920,Darmstadt,2020-06-28,2. Bundesliga,A,Stuttgart
1920,Greuther Furth,2020-06-28,2. Bundesliga,H,Karlsruher SC
1920,Hamburg,2020-06-28,2. Bundesliga,H,SV Sandhausen
1920,Hannover,2020-06-28,2. Bundesliga,H,Bochum
1920,Heidenheim,2020-06-28,2. Bundesliga,A,Bielefeld
1920,Holstein Kiel,2020-06-28,2. Bundesliga,H,Nurnberg
1920,Nurnberg,2020-06-28,2. Bundesliga,A,Holstein Kiel
1920,St Pauli,2020-06-28,2. Bundesliga,A,SV Wehen Wiesbaden
1920,Stuttgart,2020-06-28,2. Bundesliga,H,Darmstadt
1920,Bayern Munich,2020-07-04,DFB-Pokal,A,Leverkusen
1920,Leverkusen,2020-07-04,DFB-Pokal,H,Bayern Munich
1920,Wolfsburg,2020-08-05,Europa League,A,Shakhtar Donetsk
1920,Ein Frankfurt,2020-08-06,Europa League,A,Basel
1920,Leverkusen,2020-08-06,Europa League,H,Rangers
1920,Bayern Munich,2020-08-08,Champions League,H,Chelsea
2021,Leverkusen,2020-08-10,Europa League,A,Inter Milan
1920,RB Leipzig,2020-08-13,Champions League,H,Ath Madrid
1920,Bayern Munich,2020-08-14,Champions League,A,Barcelona
1920,RB Leipzig,2020-08-18,Champions League,H,Paris SG
1920,Bayern Munich,2020-08-19,Champions League,A,Lyon
1920,Bayern Munich,2020-08-23,Champions League,A,Paris SG
2021,Hertha,2020-09-11,DFB-Pokal,A,Eintracht Braunschweig
2021,Mainz,2020-09-11,DFB-Pokal,A,TSV Havelse
2021,Augsburg,2020-09-12,DFB-Pokal,A,MTV Eintracht Celle
2021,Bochum,2020-09-12,DFB-Pokal,A,FV Engers 07
2021,Ein Frankfurt,2020-09-12,DFB-Pokal,A,TSV 1860 München
2021,FC Koln,2020-09-12,DFB-Pokal,A,VSG Altglienicke
2021,Fortuna Dusseldorf,2020-09-12,DFB-Pokal,A,FC Ingolstadt 04
2021,Greuther Furth,2020-09-12,DFB-Pokal,A,RSV Meinerzhagen
2021,M'gladbach,2020-09-12,DFB-Pokal,A,FC Oberneuland
2021,Nurnberg,2020-09-12,DFB-Pokal,H,RB Leipzig
2021,RB Leipzig,2020-09-12,DFB-Pokal,A,Nurnberg
2021,Union Berlin,2020-09-12,DFB-Pokal,A,Karlsruher SC
2021,Werder Bremen,2020-09-12,DFB-Pokal,A,FC Carl Zeiss Jena
2021,Wolfsburg,2020-09-12,DFB-Pokal,A,Union Fürstenwalde
2021,Darmstadt,2020-09-13,DFB-Pokal,A,1. FC Magdeburg
2021,Freiburg,2020-09-13,DFB-Pokal,A,Waldhof Mannheim
2021,Heidenheim,2020-09-13,DFB-Pokal,A,SV Wehen Wiesbaden
2021,Hoffenheim,2020-09-13,DFB-Pokal,A,Chemnitzer FC
2021,Holstein Kiel,2020-09-13,DFB-Pokal,A,1. FC Rielasingen-Arlen
2021,Leverkusen,2020-09-13,DFB-Pokal,A,Eintracht Norderstedt
2021,Paderborn,2020-09-13,DFB-Pokal,A,SC Wiedenbrück
2021,St Pauli,2020-09-13,DFB-Pokal,A,SV 07 Elversberg
2021,Stuttgart,2020-09-13,DFB-Pokal,A,Hansa Rostock
2021,Bielefeld,2020-09-14,DFB-Pokal,A,Rot-Weiss Essen
2021,Dortmund,2020-09-14,DFB-Pokal,A,MSV Duisburg
2021,Hamburg,2020-09-14,DFB-Pokal,A,Dynamo Dresden
2021,Hannover,2020-09-14,DFB-Pokal,A,Würzburger Kickers
2021,Wolfsburg,2020-09-17,Europa League (qual.),A,Kukësi
2021,Bayern Munich,2020-09-18,Bundesliga,H,Schalke 04
2021,Fortuna Dusseldorf,2020-09-18,2. Bundesliga,A,Hamburg
2021,Hamburg,2020-09-18,2. Bundesliga,H,Fortuna Dusseldorf
2021,Nurnberg,2020-09-18,2. Bundesliga,A,Jahn Regensburg
2021,Schalke 04,2020-09-18,Bundesliga,A,Bayern Munich
2021,Augsburg,2020-09-19,Bundesliga,A,Union Berlin
2021,Bielefeld,2020-09-19,Bundesliga,A,Ein Frankfurt
2021,Darmstadt,2020-09-19,2. Bundesliga,A,SV Sandhausen
2021,Dortmund,2020-09-19,Bundesliga,H,M'gladbach
2021,Ein Frankfurt,2020-09-19,Bundesliga,H,Bielefeld
2021,FC Koln,2020-09-19,Bundesliga,H,Hoffenheim
2021,Freiburg,2020-09-19,Bundesliga,A,Stuttgart
2021,Hannover,2020-09-19,2. Bundesliga,H,Karlsruher SC
2021,Hertha,2020-09-19,Bundesliga,A,Werder Bremen
2021,Hoffenheim,2020-09-19,Bundesliga,A,FC Koln
2021,M'gladbach,2020-09-19,Bundesliga,A,Dortmund
2021,Stuttgart,2020-09-19,Bundesliga,H,Freiburg
2021,Union Berlin,2020-09-19,Bundesliga,H,Augsburg
2021,Werder Bremen,2020-09-19,Bundesliga,H,Hertha
2021,Greuther Furth,2020-09-20,2. Bundesliga,H,VfL Osnabrück
2021,Heidenheim,2020-09-20,2. Bundesliga,H,Eintracht Braunschweig
2021,Holstein Kiel,2020-09-20,2. Bundesliga,H,Paderborn
2021,Leverkusen,2020-09-20,Bundesliga,A,Wolfsburg
2021,Mainz,2020-09-20,Bundesliga,A,RB Leipzig
2021,Paderborn,2020-09-20,2. Bundesliga,A,Holstein Kiel
2021,RB Leipzig,2020-09-20,Bundesliga,H,Mainz
2021,Wolfsburg,2020-09-20,Bundesliga,H,Leverkusen
2021,Bochum,2020-09-21,2. Bundesliga,H,St Pauli
2021,St Pauli,2020-09-21,2. Bundesliga,A,Bochum
2021,Bayern Munich,2020-09-24,UEFA Super Cup,H,Sevilla
2021,Wolfsburg,2020-09-24,Europa League (qual.),H,Desna Chernihiv
2021,Ein Frankfurt,2020-09-25,Bundesliga,A,Hertha
2021,Greuther Furth,2020-09-25,2. Bundesliga,A,Erzgebirge Aue
2021,Hannover,2020-09-25,2. Bundesliga,A,VfL Osnabrück
2021,Hertha,2020-09-25,Bundesliga,H,Ein Frankfurt
2021,Augsburg,2020-09-26,Bundesliga,H,Dortmund
2021,Bielefeld,2020-09-26,Bundesliga,H,FC Koln
2021,Darmstadt,2020-09-26,2. Bundesliga,H,Jahn Regensburg
2021,Dortmund,2020-09-26,Bundesliga,A,Augsburg
2021,FC Koln,2020-09-26,Bundesliga,A,Bielefeld
2021,Fortuna Dusseldorf,2020-09-26,2. Bundesliga,H,Würzburger Kickers
2021,Holstein Kiel,2020-09-26,2. Bundesliga,A,Eintracht Braunschweig
2021,Leverkusen,2020-09-26,Bundesliga,H,RB Leipzig
2021,M'gladbach,2020-09-26,Bundesliga,H,Union Berlin
2021,Mainz,2020-09-26,Bundesliga,H,Stuttgart
2021,RB Leipzig,2020-09-26,Bundesliga,A,Leverkusen
2021,Schalke 04,2020-09-26,Bundesliga,H,Werder Bremen
2021,Stuttgart,2020-09-26,Bundesliga,A,Mainz
2021,Union Berlin,2020-09-26,Bundesliga,A,M'gladbach
2021,Werder Bremen,2020-09-26,Bundesliga,A,Schalke 04
2021,Bayern Munich,2020-09-27,Bundesliga,A,Hoffenheim
2021,Bochum,2020-09-27,2. Bundesliga,A,Karlsruher SC
2021,Freiburg,2020-09-27,Bundesliga,H,Wolfsburg
2021,Heidenheim,2020-09-27,2. Bundesliga,A,St Pauli
2021,Hoffenheim,2020-09-27,Bundesliga,H,Bayern Munich
2021,Nurnberg,2020-09-27,2. Bundesliga,H,SV Sandhausen
2021,St Pauli,2020-09-27,2. Bundesliga,H,Heidenheim
2021,Wolfsburg,2020-09-27,Bundesliga,A,Freiburg
2021,Hamburg,2020-09-28,2. Bundesliga,A,Paderborn
2021,Paderborn,2020-09-28,2. Bundesliga,H,Hamburg
2021,Bayern Munich,2020-09-30,DFL-Supercup,H,Dortmund
2021,Dortmund,2020-09-30,DFL-Supercup,A,Bayern Munich
2021,Wolfsburg,2020-10-01,Europa League (qual.),A,AEK Athens
2021,Bochum,2020-10-02,2. Bundesliga,H,VfL Osnabrück
2021,Mainz,2020-10-02,Bundesliga,A,Union Berlin
2021,St Pauli,2020-10-02,2. Bundesliga,A,SV Sandhausen
2021,Union Berlin,2020-10-02,Bundesliga,H,Mainz
2021,Bielefeld,2020-10-03,Bundesliga,A,Werder Bremen
2021,Dortmund,2020-10-03,Bundesliga,H,Freiburg
2021,Ein Frankfurt,2020-10-03,Bundesliga,H,Hoffenheim
2021,FC Koln,2020-10-03,Bundesliga,H,M'gladbach
2021,Freiburg,2020-10-03,Bundesliga,A,Dortmund
2021,Hannover,2020-10-03,2. Bundesliga,H,Eintracht Braunschweig
2021,Heidenheim,2020-10-03,2. Bundesliga,H,Paderborn
2021,Hoffenheim,2020-10-03,Bundesliga,A,Ein Frankfurt
2021,Leverkusen,2020-10-03,Bundesliga,A,Stuttgart
2021,M'gladbach,2020-10-03,Bundesliga,A,FC Koln
2021,Paderborn,2020-10-03,2. Bundesliga,A,Heidenheim
2021,RB Leipzig,2020-10-03,Bundesliga,H,Schalke 04
2021,Schalke 04,2020-10-03,Bundesliga,A,RB Leipzig
2021,Stuttgart,2020-10-03,Bundesliga,H,Leverkusen
2021,Werder Bremen,2020-10-03,Bundesliga,H,Bielefeld
2021,Augsburg,2020-10-04,Bundesliga,A,Wolfsburg
2021,Bayern Munich,2020-10-04,Bundesliga,H,Hertha
2021,Fortuna Dusseldorf,2020-10-04,2. Bundesliga,A,Holstein Kiel
2021,Greuther Furth,2020-10-04,2. Bundesliga,A,Würzburger Kickers
2021,Hertha,2020-10-04,Bundesliga,A,Bayern Munich
2021,Holstein Kiel,2020-10-04,2. Bundesliga,H,Fortuna Dusseldorf
2021,Wolfsburg,2020-10-04,Bundesliga,H,Augsburg
2021,Darmstadt,2020-10-05,2. Bundesliga,A,Nurnberg
2021,Nurnberg,2020-10-05,2. Bundesliga,H,Darmstadt
2021,Bayern Munich,2020-10-15,DFB-Pokal,A,1. FC Düren
2021,Augsburg,2020-10-17,Bundesliga,H,RB Leipzig
2021,Bayern Munich,2020-10-17,Bundesliga,A,Bielefeld
2021,Bielefeld,2020-10-17,Bundesliga,H,Bayern Munich
2021,Bochum,2020-10-17,2. Bundesliga,A,Eintracht Braunschweig
2021,Dortmund,2020-10-17,Bundesliga,A,Hoffenheim
2021,Freiburg,2020-10-17,Bundesliga,H,Werder Bremen
2021,Greuther Furth,2020-10-17,2. Bundesliga,H,Hamburg
2021,Hamburg,2020-10-17,2. Bundesliga,A,Greuther Furth
2021,Hertha,2020-10-17,Bundesliga,H,Stuttgart
2021,Hoffenheim,2020-10-17,Bundesliga,H,Dortmund
2021,Leverkusen,2020-10-17,Bundesliga,A,Mainz
2021,M'gladbach,2020-10-17,Bundesliga,H,Wolfsburg
2021,Mainz,2020-10-17,Bundesliga,H,Leverkusen
2021,RB Leipzig,2020-10-17,Bundesliga,A,Augsburg
2021,Stuttgart,2020-10-17,Bundesliga,A,Hertha
2021,Werder Bremen,2020-10-17,Bundesliga,A,Freiburg
2021,Wolfsburg,2020-10-17,Bundesliga,A,M'gladbach
2021,Ein Frankfurt,2020-10-18,Bundesliga,A,FC Koln
2021,FC Koln,2020-10-18,Bundesliga,H,Ein Frankfurt
2021,Fortuna Dusseldorf,2020-10-18,2. Bundesliga,H,Jahn Regensburg
2021,Hannover,2020-10-18,2. Bundesliga,A,Paderborn
2021,Heidenheim,2020-10-18,2. Bundesliga,A,Erzgebirge Aue
2021,Holstein Kiel,2020-10-18,2. Bundesliga,A,Würzburger Kickers
2021,Paderborn,2020-10-18,2. Bundesliga,H,Hannover
2021,Schalke 04,2020-10-18,Bundesliga,H,Union Berlin
2021,Union Berlin,2020-10-18,Bundesliga,A,Schalke 04
2021,Nurnberg,2020-10-19,2. Bundesliga,A,St Pauli
2021,St Pauli,2020-10-19,2. Bundesliga,H,Nurnberg
2021,Dortmund,2020-10-20,Champions League,A,Lazio
2021,RB Leipzig,2020-10-20,Champions League,H,İstanbul Başakşehir
2021,Bayern Munich,2020-10-21,Champions League,H,Ath Madrid
2021,Hamburg,2020-10-21,2. Bundesliga,H,Erzgebirge Aue
2021,M'gladbach,2020-10-21,Champions League,A,Inter
2021,Hoffenheim,2020-10-22,Europa League,H,Crvena Zvezda
2021,Leverkusen,2020-10-22,Europa League,H,Nice
2021,FC Koln,2020-10-23,Bundesliga,A,Stuttgart
2021,Nurnberg,2020-10-23,2. Bundesliga,H,Karlsruher SC
2021,Stuttgart,2020-10-23,Bundesliga,H,FC Koln
2021,Bayern Munich,2020-10-24,Bundesliga,H,Ein Frankfurt
2021,Darmstadt,2020-10-24,2. Bundesliga,H,St Pauli
2021,Dortmund,2020-10-24,Bundesliga,H,Schalke 04
2021,Ein Frankfurt,2020-10-24,Bundesliga,A,Bayern Munich
2021,Fortuna Dusseldorf,2020-10-24,2. Bundesliga,A,Hannover
2021,Freiburg,2020-10-24,Bundesliga,A,Union Berlin
2021,Greuther Furth,2020-10-24,2. Bundesliga,A,Holstein Kiel
2021,Hamburg,2020-10-24,2. Bundesliga,H,Würzburger Kickers
2021,Hannover,2020-10-24,2. Bundesliga,H,Fortuna Dusseldorf
2021,Hertha,2020-10-24,Bundesliga,A,RB Leipzig
2021,Holstein Kiel,2020-10-24,2. Bundesliga,H,Greuther Furth
2021,M'gladbach,2020-10-24,Bundesliga,A,Mainz
2021,Mainz,2020-10-24,Bundesliga,H,M'gladbach
2021,RB Leipzig,2020-10-24,Bundesliga,H,Hertha
2021,Schalke 04,2020-10-24,Bundesliga,A,Dortmund
2021,St Pauli,2020-10-24,2. Bundesliga,A,Darmstadt
2021,Union Berlin,2020-10-24,Bundesliga,H,Freiburg
2021,Bielefeld,2020-10-25,Bundesliga,A,Wolfsburg
2021,Bochum,2020-10-25,2. Bundesliga,H,Erzgebirge Aue
2021,Heidenheim,2020-10-25,2. Bundesliga,H,VfL Osnabrück
2021,Hoffenheim,2020-10-25,Bundesliga,A,Werder Bremen
2021,Paderborn,2020-10-25,2. Bundesliga,A,SV Sandhausen
2021,Werder Bremen,2020-10-25,Bundesliga,H,Hoffenheim
2021,Wolfsburg,2020-10-25,Bundesliga,H,Bielefeld
2021,Augsburg,2020-10-26,Bundesliga,A,Leverkusen
2021,Leverkusen,2020-10-26,Bundesliga,H,Augsburg
2021,Bayern Munich,2020-10-27,Champions League,A,Lokomotiv Moskva
2021,M'gladbach,2020-10-27,Champions League,H,Real Madrid
2021,Darmstadt,2020-10-28,2. Bundesliga,A,VfL Osnabrück
2021,Dortmund,2020-10-28,Champions League,H,Zenit St. Petersburg
2021,RB Leipzig,2020-10-28,Champions League,A,Man United
2021,Hoffenheim,2020-10-29,Europa League,A,KAA Gent
2021,Leverkusen,2020-10-29,Europa League,A,Slavia Praha
2021,Fortuna Dusseldorf,2020-10-30,2. Bundesliga,H,Heidenheim
2021,Hamburg,2020-10-30,2. Bundesliga,H,St Pauli
2021,Heidenheim,2020-10-30,2. Bundesliga,A,Fortuna Dusseldorf
2021,Schalke 04,2020-10-30,Bundesliga,H,Stuttgart
2021,St Pauli,2020-10-30,2. Bundesliga,A,Hamburg
2021,Stuttgart,2020-10-30,Bundesliga,A,Schalke 04
2021,Augsburg,2020-10-31,Bundesliga,H,Mainz
2021,Bayern Munich,2020-10-31,Bundesliga,A,FC Koln
2021,Bielefeld,2020-10-31,Bundesliga,H,Dortmund
2021,Dortmund,2020-10-31,Bundesliga,A,Bielefeld
2021,Ein Frankfurt,2020-10-31,Bundesliga,H,Werder Bremen
2021,FC Koln,2020-10-31,Bundesliga,H,Bayern Munich
2021,Holstein Kiel,2020-10-31,2. Bundesliga,A,Erzgebirge Aue
2021,M'gladbach,2020-10-31,Bundesliga,H,RB Leipzig
2021,Mainz,2020-10-31,Bundesliga,A,Augsburg
2021,Nurnberg,2020-10-31,2. Bundesliga,A,Eintracht Braunschweig
2021,Paderborn,2020-10-31,2. Bundesliga,H,Jahn Regensburg
2021,RB Leipzig,2020-10-31,Bundesliga,A,M'gladbach
2021,Werder Bremen,2020-10-31,Bundesliga,A,Ein Frankfurt
2021,Bochum,2020-11-01,2. Bundesliga,A,Würzburger Kickers
2021,Darmstadt,2020-11-01,2. Bundesliga,A,Karlsruher SC
2021,Freiburg,2020-11-01,Bundesliga,H,Leverkusen
2021,Greuther Furth,2020-11-01,2. Bundesliga,H,Hannover
2021,Hannover,2020-11-01,2. Bundesliga,A,Greuther Furth
2021,Hertha,2020-11-01,Bundesliga,H,Wolfsburg
2021,Leverkusen,2020-11-01,Bundesliga,A,Freiburg
2021,Wolfsburg,2020-11-01,Bundesliga,A,Hertha
2021,Hoffenheim,2020-11-02,Bundesliga,H,Union Berlin
2021,Union Berlin,2020-11-02,Bundesliga,A,Hoffenheim
2021,Bayern Munich,2020-11-03,Champions League,A,RB Salzburg
2021,M'gladbach,2020-11-03,Champions League,A,Shakhtar Donetsk
2021,Schalke 04,2020-11-03,DFB-Pokal,A,1. FC Schweinfurt 05
2021,Dortmund,2020-11-04,Champions League,A,Club Brugge KV
2021,RB Leipzig,2020-11-04,Champions League,H,Paris SG
2021,Hoffenheim,2020-11-05,Europa League,H,Slovan Liberec
2021,Leverkusen,2020-11-05,Europa League,A,Hapoel Be'er Sheva
2021,FC Koln,2020-11-06,Bundesliga,A,Werder Bremen
2021,Heidenheim,2020-11-06,2. Bundesliga,H,Würzburger Kickers
2021,Werder Bremen,2020-11-06,Bundesliga,H,FC Koln
2021,Augsburg,2020-11-07,Bundesliga,H,Hertha
2021,Bayern Munich,2020-11-07,Bundesliga,A,Dortmund
2021,Bielefeld,2020-11-07,Bundesliga,A,Union Berlin
2021,Bochum,2020-11-07,2. Bundesliga,H,Greuther Furth
2021,Dortmund,2020-11-07,Bundesliga,H,Bayern Munich
2021,Ein Frankfurt,2020-11-07,Bundesliga,A,Stuttgart
2021,Fortuna Dusseldorf,2020-11-07,2. Bundesliga,A,Nurnberg
2021,Freiburg,2020-11-07,Bundesliga,A,RB Leipzig
2021,Greuther Furth,2020-11-07,2. Bundesliga,A,Bochum
2021,Hannover,2020-11-07,2. Bundesliga,H,Erzgebirge Aue
2021,Hertha,2020-11-07,Bundesliga,A,Augsburg
2021,Mainz,2020-11-07,Bundesliga,H,Schalke 04
2021,Nurnberg,2020-11-07,2. Bundesliga,H,Fortuna Dusseldorf
2021,RB Leipzig,2020-11-07,Bundesliga,H,Freiburg
2021,Schalke 04,2020-11-07,Bundesliga,A,Mainz
2021,Stuttgart,2020-11-07,Bundesliga,H,Ein Frankfurt
2021,Union Berlin,2020-11-07,Bundesliga,H,Bielefeld
2021,Darmstadt,2020-11-08,2. Bundesliga,H,Paderborn
2021,Hoffenheim,2020-11-08,Bundesliga,A,Wolfsburg
2021,Leverkusen,2020-11-08,Bundesliga,H,M'gladbach
2021,M'gladbach,2020-11-08,Bundesliga,A,Leverkusen
2021,Paderborn,2020-11-08,2. Bundesliga,A,Darmstadt
2021,St Pauli,2020-11-08,2. Bundesliga,H,Karlsruher SC
2021,Wolfsburg,2020-11-08,Bundesliga,H,Hoffenheim
2021,Hamburg,2020-11-09,2. Bundesliga,A,Holstein Kiel
2021,Holstein Kiel,2020-11-09,2. Bundesliga,H,Hamburg
2021,Augsburg,2020-11-21,Bundesliga,A,M'gladbach
2021,Bayern Munich,2020-11-21,Bundesliga,H,Werder Bremen
2021,Bielefeld,2020-11-21,Bundesliga,H,Leverkusen
2021,Dortmund,2020-11-21,Bundesliga,A,Hertha
2021,Ein Frankfurt,2020-11-21,Bundesliga,H,RB Leipzig
2021,Fortuna Dusseldorf,2020-11-21,2. Bundesliga,H,SV Sandhausen
2021,Heidenheim,2020-11-21,2. Bundesliga,A,Holstein Kiel
2021,Hertha,2020-11-21,Bundesliga,H,Dortmund
2021,Hoffenheim,2020-11-21,Bundesliga,H,Stuttgart
2021,Holstein Kiel,2020-11-21,2. Bundesliga,H,Heidenheim
2021,Leverkusen,2020-11-21,Bundesliga,A,Bielefeld
2021,M'gladbach,2020-11-21,Bundesliga,H,Augsburg
2021,Paderborn,2020-11-21,2. Bundesliga,H,St Pauli
2021,RB Leipzig,2020-11-21,Bundesliga,A,Ein Frankfurt
2021,Schalke 04,2020-11-21,Bundesliga,H,Wolfsburg
2021,St Pauli,2020-11-21,2. Bundesliga,A,Paderborn
2021,Stuttgart,2020-11-21,Bundesliga,A,Hoffenheim
2021,Werder Bremen,2020-11-21,Bundesliga,A,Bayern Munich
2021,Wolfsburg,2020-11-21,Bundesliga,A,Schalke 04
2021,Bochum,2020-11-22,2. Bundesliga,A,Hamburg
2021,Darmstadt,2020-11-22,2. Bundesliga,A,Erzgebirge Aue
2021,FC Koln,2020-11-22,Bundesliga,H,Union Berlin
2021,Freiburg,2020-11-22,Bundesliga,H,Mainz
2021,Greuther Furth,2020-11-22,2. Bundesliga,H,Jahn Regensburg
2021,Hamburg,2020-11-22,2. Bundesliga,H,Bochum
2021,Hannover,2020-11-22,2. Bundesliga,A,Würzburger Kickers
2021,Mainz,2020-11-22,Bundesliga,A,Freiburg
2021,Union Berlin,2020-11-22,Bundesliga,A,FC Koln
2021,Nurnberg,2020-11-23,2. Bundesliga,A,VfL Osnabrück
2021,Dortmund,2020-11-24,Champions League,H,Club Brugge KV
2021,RB Leipzig,2020-11-24,Champions League,A,Paris SG
2021,Bayern Munich,2020-11-25,Champions League,H,RB Salzburg
2021,M'gladbach,2020-11-25,Champions League,H,Shakhtar Donetsk
2021,Hoffenheim,2020-11-26,Europa League,A,Slovan Liberec
2021,Leverkusen,2020-11-26,Europa League,H,Hapoel Be'er Sheva
2021,Darmstadt,2020-11-27,2. Bundesliga,H,Eintracht Braunschweig
2021,St Pauli,2020-11-27,2. Bundesliga,H,VfL Osnabrück
2021,Werder Bremen,2020-11-27,Bundesliga,A,Wolfsburg
2021,Wolfsburg,2020-11-27,Bundesliga,H,Werder Bremen
2021,Augsburg,2020-11-28,Bundesliga,H,Freiburg
2021,Bayern Munich,2020-11-28,Bundesliga,A,Stuttgart
2021,Bielefeld,2020-11-28,Bundesliga,A,RB Leipzig
2021,Dortmund,2020-11-28,Bundesliga,H,FC Koln
2021,Ein Frankfurt,2020-11-28,Bundesliga,A,Union Berlin
2021,FC Koln,2020-11-28,Bundesliga,A,Dortmund
2021,Freiburg,2020-11-28,Bundesliga,A,Augsburg
2021,M'gladbach,2020-11-28,Bundesliga,H,Schalke 04
2021,Paderborn,2020-11-28,2. Bundesliga,A,Karlsruher SC
2021,RB Leipzig,2020-11-28,Bundesliga,H,Bielefeld
2021,Schalke 04,2020-11-28,Bundesliga,A,M'gladbach
2021,Stuttgart,2020-11-28,Bundesliga,H,Bayern Munich
2021,Union Berlin,2020-11-28,Bundesliga,H,Ein Frankfurt
2021,Greuther Furth,2020-11-29,2. Bundesliga,A,Nurnberg
2021,Hamburg,2020-11-29,2. Bundesliga,A,Heidenheim
2021,Hannover,2020-11-29,2. Bundesliga,H,Holstein Kiel
2021,Heidenheim,2020-11-29,2. Bundesliga,H,Hamburg
2021,Hertha,2020-11-29,Bundesliga,A,Leverkusen
2021,Hoffenheim,2020-11-29,Bundesliga,A,Mainz
2021,Holstein Kiel,2020-11-29,2. Bundesliga,A,Hannover
2021,Leverkusen,2020-11-29,Bundesliga,H,Hertha
2021,Mainz,2020-11-29,Bundesliga,H,Hoffenheim
2021,Nurnberg,2020-11-29,2. Bundesliga,H,Greuther Furth
2021,Bochum,2020-11-30,2. Bundesliga,H,Fortuna Dusseldorf
2021,Fortuna Dusseldorf,2020-11-30,2. Bundesliga,A,Bochum
2021,Bayern Munich,2020-12-01,Champions League,A,Ath Madrid
2021,M'gladbach,2020-12-01,Champions League,H,Inter
2021,Dortmund,2020-12-02,Champions League,H,Lazio
2021,RB Leipzig,2020-12-02,Champions League,A,İstanbul Başakşehir
2021,Hoffenheim,2020-12-03,Europa League,A,Crvena Zvezda
2021,Leverkusen,2020-12-03,Europa League,A,Nice
2021,Bochum,2020-12-04,2. Bundesliga,A,Holstein Kiel
2021,Darmstadt,2020-12-04,2. Bundesliga,A,Fortuna Dusseldorf
2021,Fortuna Dusseldorf,2020-12-04,2. Bundesliga,H,Darmstadt
2021,Hertha,2020-12-04,Bundesliga,H,Union Berlin
2021,Holstein Kiel,2020-12-04,2. Bundesliga,H,Bochum
2021,Union Berlin,2020-12-04,Bundesliga,A,Hertha
2021,Bayern Munich,2020-12-05,Bundesliga,H,RB Leipzig
2021,Bielefeld,2020-12-05,Bundesliga,H,Mainz
2021,Dortmund,2020-12-05,Bundesliga,A,Ein Frankfurt
2021,Ein Frankfurt,2020-12-05,Bundesliga,H,Dortmund
2021,FC Koln,2020-12-05,Bundesliga,H,Wolfsburg
2021,Freiburg,2020-12-05,Bundesliga,H,M'gladbach
2021,Greuther Furth,2020-12-05,2. Bundesliga,H,Heidenheim
2021,Hamburg,2020-12-05,2. Bundesliga,H,Hannover
2021,Hannover,2020-12-05,2. Bundesliga,A,Hamburg
2021,Heidenheim,2020-12-05,2. Bundesliga,A,Greuther Furth
2021,M'gladbach,2020-12-05,Bundesliga,A,Freiburg
2021,Mainz,2020-12-05,Bundesliga,A,Bielefeld
2021,RB Leipzig,2020-12-05,Bundesliga,A,Bayern Munich
2021,St Pauli,2020-12-05,2. Bundesliga,A,Eintracht Braunschweig
2021,Wolfsburg,2020-12-05,Bundesliga,A,FC Koln
2021,Leverkusen,2020-12-06,Bundesliga,A,Schalke 04
2021,Nurnberg,2020-12-06,2. Bundesliga,A,Paderborn
2021,Paderborn,2020-12-06,2. Bundesliga,H,Nurnberg
2021,Schalke 04,2020-12-06,Bundesliga,H,Leverkusen
2021,Stuttgart,2020-12-06,Bundesliga,A,Werder Bremen
2021,Werder Bremen,2020-12-06,Bundesliga,H,Stuttgart
2021,Augsburg,2020-12-07,Bundesliga,A,Hoffenheim
2021,Hoffenheim,2020-12-07,Bundesliga,H,Augsburg
2021,Dortmund,2020-12-08,Champions League,A,Zenit St. Petersburg
2021,RB Leipzig,2020-12-08,Champions League,H,Man United
2021,Bayern Munich,2020-12-09,Champions League,H,Lokomotiv Moskva
2021,M'gladbach,2020-12-09,Champions League,A,Real Madrid
2021,Hoffenheim,2020-12-10,Europa League,H,KAA Gent
2021,Leverkusen,2020-12-10,Europa League,H,Slavia Praha
2021,Bochum,2020-12-11,2. Bundesliga,H,Paderborn
2021,Ein Frankfurt,2020-12-11,Bundesliga,A,Wolfsburg
2021,Greuther Furth,2020-12-11,2. Bundesliga,A,SV Sandhausen
2021,Paderborn,2020-12-11,2. Bundesliga,A,Bochum
2021,Wolfsburg,2020-12-11,Bundesliga,H,Ein Frankfurt
2021,Bayern Munich,2020-12-12,Bundesliga,A,Union Berlin
2021,Bielefeld,2020-12-12,Bundesliga,A,Freiburg
2021,Darmstadt,2020-12-12,2. Bundesliga,H,Hamburg
2021,Dortmund,2020-12-12,Bundesliga,H,Stuttgart
2021,FC Koln,2020-12-12,Bundesliga,A,Mainz
2021,Freiburg,2020-12-12,Bundesliga,H,Bielefeld
2021,Hamburg,2020-12-12,2. Bundesliga,A,Darmstadt
2021,Hannover,2020-12-12,2. Bundesliga,A,Heidenheim
2021,Heidenheim,2020-12-12,2. Bundesliga,H,Hannover
2021,Hertha,2020-12-12,Bundesliga,A,M'gladbach
2021,Holstein Kiel,2020-12-12,2. Bundesliga,A,Jahn Regensburg
2021,M'gladbach,2020-12-12,Bundesliga,H,Hertha
2021,Mainz,2020-12-12,Bundesliga,H,FC Koln
2021,RB Leipzig,2020-12-12,Bundesliga,H,Werder Bremen
2021,Stuttgart,2020-12-12,Bundesliga,A,Dortmund
2021,Union Berlin,2020-12-12,Bundesliga,H,Bayern Munich
2021,Werder Bremen,2020-12-12,Bundesliga,A,RB Leipzig
2021,Augsburg,2020-12-13,Bundesliga,H,Schalke 04
2021,Fortuna Dusseldorf,2020-12-13,2. Bundesliga,A,Karlsruher SC
2021,Hoffenheim,2020-12-13,Bundesliga,A,Leverkusen
2021,Leverkusen,2020-12-13,Bundesliga,H,Hoffenheim
2021,Nurnberg,2020-12-13,2. Bundesliga,H,Würzburger Kickers
2021,Schalke 04,2020-12-13,Bundesliga,A,Augsburg
2021,St Pauli,2020-12-13,2. Bundesliga,H,Erzgebirge Aue
2021,Bochum,2020-12-15,2. Bundesliga,A,Hannover
2021,Darmstadt,2020-12-15,2. Bundesliga,A,Greuther Furth
2021,Dortmund,2020-12-15,Bundesliga,A,Werder Bremen
2021,Ein Frankfurt,2020-12-15,Bundesliga,H,M'gladbach
2021,Greuther Furth,2020-12-15,2. Bundesliga,H,Darmstadt
2021,Hamburg,2020-12-15,2. Bundesliga,H,SV Sandhausen
2021,Hannover,2020-12-15,2. Bundesliga,H,Bochum
2021,Heidenheim,2020-12-15,2. Bundesliga,H,Jahn Regensburg
2021,Hertha,2020-12-15,Bundesliga,H,Mainz
2021,M'gladbach,2020-12-15,Bundesliga,A,Ein Frankfurt
2021,Mainz,2020-12-15,Bundesliga,A,Hertha
2021,Stuttgart,2020-12-15,Bundesliga,H,Union Berlin
2021,Union Berlin,2020-12-15,Bundesliga,A,Stuttgart
2021,Werder Bremen,2020-12-15,Bundesliga,H,Dortmund
2021,Augsburg,2020-12-16,Bundesliga,A,Bielefeld
2021,Bayern Munich,2020-12-16,Bundesliga,H,Wolfsburg
2021,Bielefeld,2020-12-16,Bundesliga,H,Augsburg
2021,FC Koln,2020-12-16,Bundesliga,H,Leverkusen
2021,Fortuna Dusseldorf,2020-12-16,2. Bundesliga,H,VfL Osnabrück
2021,Freiburg,2020-12-16,Bundesliga,A,Schalke 04
2021,Hoffenheim,2020-12-16,Bundesliga,H,RB Leipzig
2021,Holstein Kiel,2020-12-16,2. Bundesliga,H,Nurnberg
2021,Leverkusen,2020-12-16,Bundesliga,A,FC Koln
2021,Nurnberg,2020-12-16,2. Bundesliga,A,Holstein Kiel
2021,Paderborn,2020-12-16,2. Bundesliga,H,Eintracht Braunschweig
2021,RB Leipzig,2020-12-16,Bundesliga,A,Hoffenheim
2021,Schalke 04,2020-12-16,Bundesliga,H,Freiburg
2021,Wolfsburg,2020-12-16,Bundesliga,A,Bayern Munich
2021,Bochum,2020-12-18,2. Bundesliga,H,Heidenheim
2021,Dortmund,2020-12-18,Bundesliga,A,Union Berlin
2021,Hannover,2020-12-18,2. Bundesliga,A,Jahn Regensburg
2021,Heidenheim,2020-12-18,2. Bundesliga,A,Bochum
2021,Union Berlin,2020-12-18,Bundesliga,H,Dortmund
2021,Augsburg,2020-12-19,Bundesliga,H,Ein Frankfurt
2021,Bayern Munich,2020-12-19,Bundesliga,A,Leverkusen
2021,Bielefeld,2020-12-19,Bundesliga,A,Schalke 04
2021,Darmstadt,2020-12-19,2. Bundesliga,H,Würzburger Kickers
2021,Ein Frankfurt,2020-12-19,Bundesliga,A,Augsburg
2021,FC Koln,2020-12-19,Bundesliga,A,RB Leipzig
2021,Greuther Furth,2020-12-19,2. Bundesliga,A,Eintracht Braunschweig
2021,Hoffenheim,2020-12-19,Bundesliga,A,M'gladbach
2021,Leverkusen,2020-12-19,Bundesliga,H,Bayern Munich
2021,M'gladbach,2020-12-19,Bundesliga,H,Hoffenheim
2021,Mainz,2020-12-19,Bundesliga,H,Werder Bremen
2021,Paderborn,2020-12-19,2. Bundesliga,A,VfL Osnabrück
2021,RB Leipzig,2020-12-19,Bundesliga,H,FC Koln
2021,Schalke 04,2020-12-19,Bundesliga,H,Bielefeld
2021,Werder Bremen,2020-12-19,Bundesliga,A,Mainz
2021,Fortuna Dusseldorf,2020-12-20,2. Bundesliga,A,St Pauli
2021,Freiburg,2020-12-20,Bundesliga,H,Hertha
2021,Hertha,2020-12-20,Bundesliga,A,Freiburg
2021,Holstein Kiel,2020-12-20,2. Bundesliga,A,SV Sandhausen
2021,Nurnberg,2020-12-20,2. Bundesliga,H,Erzgebirge Aue
2021,St Pauli,2020-12-20,2. Bundesliga,H,Fortuna Dusseldorf
2021,Stuttgart,2020-12-20,Bundesliga,A,Wolfsburg
2021,Wolfsburg,2020-12-20,Bundesliga,H,Stuttgart
2021,Hamburg,2020-12-21,2. Bundesliga,A,Karlsruher SC
2021,Augsburg,2020-12-22,DFB-Pokal,H,RB Leipzig
2021,Darmstadt,2020-12-22,DFB-Pokal,A,Dynamo Dresden
2021,Dortmund,2020-12-22,DFB-Pokal,A,Eintracht Braunschweig
2021,FC Koln,2020-12-22,DFB-Pokal,H,VfL Osnabrück
2021,Greuther Furth,2020-12-22,DFB-Pokal,A,Hoffenheim
2021,Hoffenheim,2020-12-22,DFB-Pokal,H,Greuther Furth
2021,M'gladbach,2020-12-22,DFB-Pokal,A,SV 07 Elversberg
2021,Paderborn,2020-12-22,DFB-Pokal,A,Union Berlin
2021,RB Leipzig,2020-12-22,DFB-Pokal,A,Augsburg
2021,Schalke 04,2020-12-22,DFB-Pokal,A,SSV Ulm 1846
2021,Union Berlin,2020-12-22,DFB-Pokal,H,Paderborn
2021,Bochum,2020-12-23,DFB-Pokal,A,Mainz
2021,Fortuna Dusseldorf,2020-12-23,DFB-Pokal,A,Rot-Weiss Essen
2021,Freiburg,2020-12-23,DFB-Pokal,A,Stuttgart
2021,Hannover,2020-12-23,DFB-Pokal,H,Werder Bremen
2021,Mainz,2020-12-23,DFB-Pokal,H,Bochum
2021,Stuttgart,2020-12-23,DFB-Pokal,H,Freiburg
2021,Werder Bremen,2020-12-23,DFB-Pokal,A,Hannover
2021,Wolfsburg,2020-12-23,DFB-Pokal,H,SV Sandhausen
2021,Augsburg,2021-01-02,Bundesliga,A,FC Koln
2021,Bielefeld,2021-01-02,Bundesliga,H,M'gladbach
2021,Bochum,2021-01-02,2. Bundesliga,H,Darmstadt
2021,Darmstadt,2021-01-02,2. Bundesliga,A,Bochum
2021,Ein Frankfurt,2021-01-02,Bundesliga,H,Leverkusen
2021,FC Koln,2021-01-02,Bundesliga,H,Augsburg
2021,Freiburg,2021-01-02,Bundesliga,A,Hoffenheim
2021,Heidenheim,2021-01-02,2. Bundesliga,H,Nurnberg
2021,Hertha,2021-01-02,Bundesliga,H,Schalke 04
2021,Hoffenheim,2021-01-02,Bundesliga,H,Freiburg
2021,Leverkusen,2021-01-02,Bundesliga,A,Ein Frankfurt
2021,M'gladbach,2021-01-02,Bundesliga,A,Bielefeld
2021,Nurnberg,2021-01-02,2. Bundesliga,A,Heidenheim
2021,RB Leipzig,2021-01-02,Bundesliga,A,Stuttgart
2021,Schalke 04,2021-01-02,Bundesliga,A,Hertha
2021,Stuttgart,2021-01-02,Bundesliga,H,RB Leipzig
2021,Union Berlin,2021-01-02,Bundesliga,A,Werder Bremen
2021,Werder Bremen,2021-01-02,Bundesliga,H,Union Berlin
2021,Bayern Munich,2021-01-03,Bundesliga,H,Mainz
2021,Dortmund,2021-01-03,Bundesliga,H,Wolfsburg
2021,Greuther Furth,2021-01-03,2. Bundesliga,H,St Pauli
2021,Hamburg,2021-01-03,2. Bundesliga,H,Jahn Regensburg
2021,Hannover,2021-01-03,2. Bundesliga,H,SV Sandhausen
2021,Holstein Kiel,2021-01-03,2. Bundesliga,H,VfL Osnabrück
2021,Mainz,2021-01-03,Bundesliga,A,Bayern Munich
2021,St Pauli,2021-01-03,2. Bundesliga,A,Greuther Furth
2021,Wolfsburg,2021-01-03,Bundesliga,A,Dortmund
2021,Fortuna Dusseldorf,2021-01-04,2. Bundesliga,H,Paderborn
2021,Paderborn,2021-01-04,2. Bundesliga,A,Fortuna Dusseldorf
2021,St Pauli,2021-01-06,2. Bundesliga,A,Würzburger Kickers
2021,Bayern Munich,2021-01-08,Bundesliga,A,M'gladbach
2021,Greuther Furth,2021-01-08,2. Bundesliga,A,Karlsruher SC
2021,Heidenheim,2021-01-08,2. Bundesliga,A,SV Sandhausen
2021,M'gladbach,2021-01-08,Bundesliga,H,Bayern Munich
2021,Dortmund,2021-01-09,Bundesliga,A,RB Leipzig
2021,Ein Frankfurt,2021-01-09,Bundesliga,A,Mainz
2021,FC Koln,2021-01-09,Bundesliga,A,Freiburg
2021,Freiburg,2021-01-09,Bundesliga,H,FC Koln
2021,Hamburg,2021-01-09,2. Bundesliga,A,Nurnberg
2021,Hoffenheim,2021-01-09,Bundesliga,A,Schalke 04
2021,Holstein Kiel,2021-01-09,2. Bundesliga,A,St Pauli
2021,Leverkusen,2021-01-09,Bundesliga,H,Werder Bremen
2021,Mainz,2021-01-09,Bundesliga,H,Ein Frankfurt
2021,Nurnberg,2021-01-09,2. Bundesliga,H,Hamburg
2021,RB Leipzig,2021-01-09,Bundesliga,H,Dortmund
2021,Schalke 04,2021-01-09,Bundesliga,H,Hoffenheim
2021,St Pauli,2021-01-09,2. Bundesliga,H,Holstein Kiel
2021,Union Berlin,2021-01-09,Bundesliga,H,Wolfsburg
2021,Werder Bremen,2021-01-09,Bundesliga,A,Leverkusen
2021,Wolfsburg,2021-01-09,Bundesliga,A,Union Berlin
2021,Augsburg,2021-01-10,Bundesliga,H,Stuttgart
2021,Bielefeld,2021-01-10,Bundesliga,H,Hertha
2021,Bochum,2021-01-10,2. Bundesliga,A,Jahn Regensburg
2021,Darmstadt,2021-01-10,2. Bundesliga,H,Hannover
2021,Hannover,2021-01-10,2. Bundesliga,A,Darmstadt
2021,Hertha,2021-01-10,Bundesliga,A,Bielefeld
2021,Paderborn,2021-01-10,2. Bundesliga,H,Erzgebirge Aue
2021,Stuttgart,2021-01-10,Bundesliga,A,Augsburg
2021,Fortuna Dusseldorf,2021-01-11,2. Bundesliga,A,Eintracht Braunschweig
2021,Ein Frankfurt,2021-01-12,DFB-Pokal,A,Leverkusen
2021,Leverkusen,2021-01-12,DFB-Pokal,H,Ein Frankfurt
2021,Bayern Munich,2021-01-13,DFB-Pokal,A,Holstein Kiel
2021,Holstein Kiel,2021-01-13,DFB-Pokal,H,Bayern Munich
2021,Greuther Furth,2021-01-15,2. Bundesliga,H,Paderborn
2021,Leverkusen,2021-01-15,Bundesliga,A,Union Berlin
2021,Paderborn,2021-01-15,2. Bundesliga,A,Greuther Furth
2021,Union Berlin,2021-01-15,Bundesliga,H,Leverkusen
2021,Augsburg,2021-01-16,Bundesliga,A,Werder Bremen
2021,Bielefeld,2021-01-16,Bundesliga,A,Hoffenheim
2021,Bochum,2021-01-16,2. Bundesliga,H,Nurnberg
2021,Dortmund,2021-01-16,Bundesliga,H,Mainz
2021,FC Koln,2021-01-16,Bundesliga,H,Hertha
2021,Fortuna Dusseldorf,2021-01-16,2. Bundesliga,A,Erzgebirge Aue
2021,Hannover,2021-01-16,2. Bundesliga,H,St Pauli
2021,Hertha,2021-01-16,Bundesliga,A,FC Koln
2021,Hoffenheim,2021-01-16,Bundesliga,H,Bielefeld
2021,M'gladbach,2021-01-16,Bundesliga,A,Stuttgart
2021,Mainz,2021-01-16,Bundesliga,A,Dortmund
2021,Nurnberg,2021-01-16,2. Bundesliga,A,Bochum
2021,RB Leipzig,2021-01-16,Bundesliga,A,Wolfsburg
2021,St Pauli,2021-01-16,2. Bundesliga,A,Hannover
2021,Stuttgart,2021-01-16,Bundesliga,H,M'gladbach
2021,Werder Bremen,2021-01-16,Bundesliga,H,Augsburg
2021,Wolfsburg,2021-01-16,Bundesliga,H,RB Leipzig
2021,Bayern Munich,2021-01-17,Bundesliga,H,Freiburg
2021,Darmstadt,2021-01-17,2. Bundesliga,A,Heidenheim
2021,Ein Frankfurt,2021-01-17,Bundesliga,H,Schalke 04
2021,Freiburg,2021-01-17,Bundesliga,A,Bayern Munich
2021,Heidenheim,2021-01-17,2. Bundesliga,H,Darmstadt
2021,Holstein Kiel,2021-01-17,2. Bundesliga,H,Karlsruher SC
2021,Schalke 04,2021-01-17,Bundesliga,A,Ein Frankfurt
2021,Hamburg,2021-01-18,2. Bundesliga,H,VfL Osnabrück
2021,Dortmund,2021-01-19,Bundesliga,A,Leverkusen
2021,Hertha,2021-01-19,Bundesliga,H,Hoffenheim
2021,Hoffenheim,2021-01-19,Bundesliga,A,Hertha
2021,Leverkusen,2021-01-19,Bundesliga,H,Dortmund
2021,M'gladbach,2021-01-19,Bundesliga,H,Werder Bremen
2021,Mainz,2021-01-19,Bundesliga,H,Wolfsburg
2021,Werder Bremen,2021-01-19,Bundesliga,A,M'gladbach
2021,Wolfsburg,2021-01-19,Bundesliga,A,Mainz
2021,Augsburg,2021-01-20,Bundesliga,H,Bayern Munich
2021,Bayern Munich,2021-01-20,Bundesliga,A,Augsburg
2021,Bielefeld,2021-01-20,Bundesliga,H,Stuttgart
2021,Ein Frankfurt,2021-01-20,Bundesliga,A,Freiburg
2021,FC Koln,2021-01-20,Bundesliga,A,Schalke 04
2021,Freiburg,2021-01-20,Bundesliga,H,Ein Frankfurt
2021,RB Leipzig,2021-01-20,Bundesliga,H,Union Berlin
2021,Schalke 04,2021-01-20,Bundesliga,H,FC Koln
2021,Stuttgart,2021-01-20,Bundesliga,A,Bielefeld
2021,Union Berlin,2021-01-20,Bundesliga,A,RB Leipzig
2021,Dortmund,2021-01-22,Bundesliga,A,M'gladbach
2021,Fortuna Dusseldorf,2021-01-22,2. Bundesliga,H,Greuther Furth
2021,Greuther Furth,2021-01-22,2. Bundesliga,A,Fortuna Dusseldorf
2021,M'gladbach,2021-01-22,Bundesliga,H,Dortmund
2021,Augsburg,2021-01-23,Bundesliga,H,Union Berlin
2021,Bielefeld,2021-01-23,Bundesliga,H,Ein Frankfurt
2021,Ein Frankfurt,2021-01-23,Bundesliga,A,Bielefeld
2021,Freiburg,2021-01-23,Bundesliga,H,Stuttgart
2021,Hamburg,2021-01-23,2. Bundesliga,A,Eintracht Braunschweig
2021,Heidenheim,2021-01-23,2. Bundesliga,A,Karlsruher SC
2021,Hertha,2021-01-23,Bundesliga,H,Werder Bremen
2021,Leverkusen,2021-01-23,Bundesliga,H,Wolfsburg
2021,Mainz,2021-01-23,Bundesliga,H,RB Leipzig
2021,Paderborn,2021-01-23,2. Bundesliga,H,Würzburger Kickers
2021,RB Leipzig,2021-01-23,Bundesliga,A,Mainz
2021,Stuttgart,2021-01-23,Bundesliga,A,Freiburg
2021,Union Berlin,2021-01-23,Bundesliga,A,Augsburg
2021,Werder Bremen,2021-01-23,Bundesliga,A,Hertha
2021,Wolfsburg,2021-01-23,Bundesliga,A,Leverkusen
2021,Bayern Munich,2021-01-24,Bundesliga,A,Schalke 04
2021,Bochum,2021-01-24,2. Bundesliga,A,SV Sandhausen
2021,Darmstadt,2021-01-24,2. Bundesliga,H,Holstein Kiel
2021,FC Koln,2021-01-24,Bundesliga,A,Hoffenheim
2021,Hannover,2021-01-24,2. Bundesliga,A,Nurnberg
2021,Hoffenheim,2021-01-24,Bundesliga,H,FC Koln
2021,Holstein Kiel,2021-01-24,2. Bundesliga,A,Darmstadt
2021,Nurnberg,2021-01-24,2. Bundesliga,H,Hannover
2021,Schalke 04,2021-01-24,Bundesliga,H,Bayern Munich
2021,St Pauli,2021-01-24,2. Bundesliga,H,Jahn Regensburg
2021,Fortuna Dusseldorf,2021-01-26,2. Bundesliga,H,Hamburg
2021,Greuther Furth,2021-01-26,2. Bundesliga,A,VfL Osnabrück
2021,Hamburg,2021-01-26,2. Bundesliga,A,Fortuna Dusseldorf
2021,Heidenheim,2021-01-26,2. Bundesliga,A,Eintracht Braunschweig
2021,Darmstadt,2021-01-27,2. Bundesliga,H,SV Sandhausen
2021,Hannover,2021-01-27,2. Bundesliga,A,Karlsruher SC
2021,Holstein Kiel,2021-01-27,2. Bundesliga,A,Paderborn
2021,Nurnberg,2021-01-27,2. Bundesliga,H,Jahn Regensburg
2021,Paderborn,2021-01-27,2. Bundesliga,H,Holstein Kiel
2021,Bochum,2021-01-28,2. Bundesliga,A,St Pauli
2021,St Pauli,2021-01-28,2. Bundesliga,H,Bochum
2021,Fortuna Dusseldorf,2021-01-29,2. Bundesliga,A,Würzburger Kickers
2021,Greuther Furth,2021-01-29,2. Bundesliga,H,Erzgebirge Aue
2021,Mainz,2021-01-29,Bundesliga,A,Stuttgart
2021,Stuttgart,2021-01-29,Bundesliga,H,Mainz
2021,Augsburg,2021-01-30,Bundesliga,A,Dortmund
2021,Bayern Munich,2021-01-30,Bundesliga,H,Hoffenheim
2021,Darmstadt,2021-01-30,2. Bundesliga,A,Jahn Regensburg
2021,Dortmund,2021-01-30,Bundesliga,H,Augsburg
2021,Ein Frankfurt,2021-01-30,Bundesliga,H,Hertha
2021,Hamburg,2021-01-30,2. Bundesliga,H,Paderborn
2021,Hertha,2021-01-30,Bundesliga,A,Ein Frankfurt
2021,Hoffenheim,2021-01-30,Bundesliga,A,Bayern Munich
2021,Holstein Kiel,2021-01-30,2. Bundesliga,H,Eintracht Braunschweig
2021,Leverkusen,2021-01-30,Bundesliga,A,RB Leipzig
2021,M'gladbach,2021-01-30,Bundesliga,A,Union Berlin
2021,Paderborn,2021-01-30,2. Bundesliga,A,Hamburg
2021,RB Leipzig,2021-01-30,Bundesliga,H,Leverkusen
2021,Schalke 04,2021-01-30,Bundesliga,A,Werder Bremen
2021,Union Berlin,2021-01-30,Bundesliga,H,M'gladbach
2021,Werder Bremen,2021-01-30,Bundesliga,H,Schalke 04
2021,Bielefeld,2021-01-31,Bundesliga,A,FC Koln
2021,Bochum,2021-01-31,2. Bundesliga,H,Karlsruher SC
2021,FC Koln,2021-01-31,Bundesliga,H,Bielefeld
2021,Freiburg,2021-01-31,Bundesliga,A,Wolfsburg
2021,Heidenheim,2021-01-31,2. Bundesliga,H,St Pauli
2021,Nurnberg,2021-01-31,2. Bundesliga,A,SV Sandhausen
2021,St Pauli,2021-01-31,2. Bundesliga,A,Heidenheim
2021,Wolfsburg,2021-01-31,Bundesliga,H,Freiburg
2021,Hannover,2021-02-01,2. Bundesliga,H,VfL Osnabrück
2021,Darmstadt,2021-02-02,DFB-Pokal,A,Holstein Kiel
2021,Dortmund,2021-02-02,DFB-Pokal,H,Paderborn
2021,Greuther Furth,2021-02-02,DFB-Pokal,A,Werder Bremen
2021,Holstein Kiel,2021-02-02,DFB-Pokal,H,Darmstadt
2021,Leverkusen,2021-02-02,DFB-Pokal,A,Rot-Weiss Essen
2021,Paderborn,2021-02-02,DFB-Pokal,A,Dortmund
2021,Werder Bremen,2021-02-02,DFB-Pokal,H,Greuther Furth
2021,Bochum,2021-02-03,DFB-Pokal,A,RB Leipzig
2021,FC Koln,2021-02-03,DFB-Pokal,A,Jahn Regensburg
2021,M'gladbach,2021-02-03,DFB-Pokal,A,Stuttgart
2021,RB Leipzig,2021-02-03,DFB-Pokal,H,Bochum
2021,Schalke 04,2021-02-03,DFB-Pokal,A,Wolfsburg
2021,Stuttgart,2021-02-03,DFB-Pokal,H,M'gladbach
2021,Wolfsburg,2021-02-03,DFB-Pokal,H,Schalke 04
2021,Bayern Munich,2021-02-05,Bundesliga,A,Hertha
2021,Hamburg,2021-02-05,2. Bundesliga,A,Erzgebirge Aue
2021,Hertha,2021-02-05,Bundesliga,H,Bayern Munich
2021,St Pauli,2021-02-05,2. Bundesliga,H,SV Sandhausen
2021,Augsburg,2021-02-06,Bundesliga,H,Wolfsburg
2021,Bochum,2021-02-06,2. Bundesliga,A,VfL Osnabrück
2021,Darmstadt,2021-02-06,2. Bundesliga,H,Nurnberg
2021,Dortmund,2021-02-06,Bundesliga,A,Freiburg
2021,FC Koln,2021-02-06,Bundesliga,A,M'gladbach
2021,Freiburg,2021-02-06,Bundesliga,H,Dortmund
2021,Hannover,2021-02-06,2. Bundesliga,A,Eintracht Braunschweig
2021,Leverkusen,2021-02-06,Bundesliga,H,Stuttgart
2021,M'gladbach,2021-02-06,Bundesliga,H,FC Koln
2021,Mainz,2021-02-06,Bundesliga,H,Union Berlin
2021,Nurnberg,2021-02-06,2. Bundesliga,A,Darmstadt
2021,RB Leipzig,2021-02-06,Bundesliga,A,Schalke 04
2021,Schalke 04,2021-02-06,Bundesliga,H,RB Leipzig
2021,Stuttgart,2021-02-06,Bundesliga,A,Leverkusen
2021,Union Berlin,2021-02-06,Bundesliga,A,Mainz
2021,Wolfsburg,2021-02-06,Bundesliga,A,Augsburg
2021,Ein Frankfurt,2021-02-07,Bundesliga,A,Hoffenheim
2021,Greuther Furth,2021-02-07,2. Bundesliga,H,Würzburger Kickers
2021,Hoffenheim,2021-02-07,Bundesliga,H,Ein Frankfurt
2021,Fortuna Dusseldorf,2021-02-08,2. Bundesliga,H,Holstein Kiel
2021,Holstein Kiel,2021-02-08,2. Bundesliga,A,Fortuna Dusseldorf
2021,Augsburg,2021-02-12,Bundesliga,A,RB Leipzig
2021,Hannover,2021-02-12,2. Bundesliga,H,Paderborn
2021,Holstein Kiel,2021-02-12,2. Bundesliga,H,Würzburger Kickers
2021,Paderborn,2021-02-12,2. Bundesliga,A,Hannover
2021,RB Leipzig,2021-02-12,Bundesliga,H,Augsburg
2021,Dortmund,2021-02-13,Bundesliga,H,Hoffenheim
2021,Fortuna Dusseldorf,2021-02-13,2. Bundesliga,A,Jahn Regensburg
2021,Freiburg,2021-02-13,Bundesliga,A,Werder Bremen
2021,Greuther Furth,2021-02-13,2. Bundesliga,A,Hamburg
2021,Hamburg,2021-02-13,2. Bundesliga,H,Greuther Furth
2021,Heidenheim,2021-02-13,2. Bundesliga,H,Erzgebirge Aue
2021,Hertha,2021-02-13,Bundesliga,A,Stuttgart
2021,Hoffenheim,2021-02-13,Bundesliga,A,Dortmund
2021,Leverkusen,2021-02-13,Bundesliga,H,Mainz
2021,Mainz,2021-02-13,Bundesliga,A,Leverkusen
2021,Schalke 04,2021-02-13,Bundesliga,A,Union Berlin
2021,Stuttgart,2021-02-13,Bundesliga,H,Hertha
2021,Union Berlin,2021-02-13,Bundesliga,H,Schalke 04
2021,Werder Bremen,2021-02-13,Bundesliga,H,Freiburg
2021,Bochum,2021-02-14,2. Bundesliga,H,Eintracht Braunschweig
2021,Darmstadt,2021-02-14,2. Bundesliga,H,VfL Osnabrück
2021,Ein Frankfurt,2021-02-14,Bundesliga,H,FC Koln
2021,FC Koln,2021-02-14,Bundesliga,A,Ein Frankfurt
2021,M'gladbach,2021-02-14,Bundesliga,A,Wolfsburg
2021,Nurnberg,2021-02-14,2. Bundesliga,H,St Pauli
2021,St Pauli,2021-02-14,2. Bundesliga,A,Nurnberg
2021,Wolfsburg,2021-02-14,Bundesliga,H,M'gladbach
2021,Bayern Munich,2021-02-15,Bundesliga,H,Bielefeld
2021,Bielefeld,2021-02-15,Bundesliga,A,Bayern Munich
2021,RB Leipzig,2021-02-16,Champions League,H,Liverpool
2021,Dortmund,2021-02-17,Champions League,A,Sevilla
2021,Hoffenheim,2021-02-18,Europa League,A,Molde FK
2021,Leverkusen,2021-02-18,Europa League,A,BSC Young Boys
2021,Bielefeld,2021-02-19,Bundesliga,H,Wolfsburg
2021,Bochum,2021-02-19,2. Bundesliga,A,Erzgebirge Aue
2021,Wolfsburg,2021-02-19,Bundesliga,A,Bielefeld
2021,Bayern Munich,2021-02-20,Bundesliga,A,Ein Frankfurt
2021,Darmstadt,2021-02-20,2. Bundesliga,A,St Pauli
2021,Dortmund,2021-02-20,Bundesliga,A,Schalke 04
2021,Ein Frankfurt,2021-02-20,Bundesliga,H,Bayern Munich
2021,FC Koln,2021-02-20,Bundesliga,H,Stuttgart
2021,Freiburg,2021-02-20,Bundesliga,H,Union Berlin
2021,Heidenheim,2021-02-20,2. Bundesliga,A,VfL Osnabrück
2021,M'gladbach,2021-02-20,Bundesliga,H,Mainz
2021,Mainz,2021-02-20,Bundesliga,A,M'gladbach
2021,Paderborn,2021-02-20,2. Bundesliga,H,SV Sandhausen
2021,Schalke 04,2021-02-20,Bundesliga,H,Dortmund
2021,St Pauli,2021-02-20,2. Bundesliga,H,Darmstadt
2021,Stuttgart,2021-02-20,Bundesliga,A,FC Koln
2021,Union Berlin,2021-02-20,Bundesliga,A,Freiburg
2021,Augsburg,2021-02-21,Bundesliga,H,Leverkusen
2021,Fortuna Dusseldorf,2021-02-21,2. Bundesliga,H,Hannover
2021,Hamburg,2021-02-21,2. Bundesliga,A,Würzburger Kickers
2021,Hannover,2021-02-21,2. Bundesliga,A,Fortuna Dusseldorf
2021,Hertha,2021-02-21,Bundesliga,H,RB Leipzig
2021,Hoffenheim,2021-02-21,Bundesliga,H,Werder Bremen
2021,Leverkusen,2021-02-21,Bundesliga,A,Augsburg
2021,Nurnberg,2021-02-21,2. Bundesliga,A,Karlsruher SC
2021,RB Leipzig,2021-02-21,Bundesliga,A,Hertha
2021,Werder Bremen,2021-02-21,Bundesliga,A,Hoffenheim
2021,Greuther Furth,2021-02-22,2. Bundesliga,H,Holstein Kiel
2021,Holstein Kiel,2021-02-22,2. Bundesliga,A,Greuther Furth
2021,Bayern Munich,2021-02-23,Champions League,A,Lazio
2021,Heidenheim,2021-02-23,2. Bundesliga,A,Paderborn
2021,Paderborn,2021-02-23,2. Bundesliga,H,Heidenheim
2021,M'gladbach,2021-02-24,Champions League,H,Man City
2021,Hoffenheim,2021-02-25,Europa League,H,Molde FK
2021,Leverkusen,2021-02-25,Europa League,H,BSC Young Boys
2021,Darmstadt,2021-02-26,2. Bundesliga,H,Karlsruher SC
2021,Ein Frankfurt,2021-02-26,Bundesliga,A,Werder Bremen
2021,Paderborn,2021-02-26,2. Bundesliga,A,Jahn Regensburg
2021,Werder Bremen,2021-02-26,Bundesliga,H,Ein Frankfurt
2021,Bayern Munich,2021-02-27,Bundesliga,H,FC Koln
2021,Bielefeld,2021-02-27,Bundesliga,A,Dortmund
2021,Bochum,2021-02-27,2. Bundesliga,H,Würzburger Kickers
2021,Dortmund,2021-02-27,Bundesliga,H,Bielefeld
2021,FC Koln,2021-02-27,Bundesliga,A,Bayern Munich
2021,Greuther Furth,2021-02-27,2. Bundesliga,A,Hannover
2021,Hannover,2021-02-27,2. Bundesliga,H,Greuther Furth
2021,Hertha,2021-02-27,Bundesliga,A,Wolfsburg
2021,Holstein Kiel,2021-02-27,2. Bundesliga,H,Erzgebirge Aue
2021,M'gladbach,2021-02-27,Bundesliga,A,RB Leipzig
2021,RB Leipzig,2021-02-27,Bundesliga,H,M'gladbach
2021,Schalke 04,2021-02-27,Bundesliga,A,Stuttgart
2021,Stuttgart,2021-02-27,Bundesliga,H,Schalke 04
2021,Wolfsburg,2021-02-27,Bundesliga,H,Hertha
2021,Augsburg,2021-02-28,Bundesliga,A,Mainz
2021,Fortuna Dusseldorf,2021-02-28,2. Bundesliga,A,Heidenheim
2021,Freiburg,2021-02-28,Bundesliga,A,Leverkusen
2021,Heidenheim,2021-02-28,2. Bundesliga,H,Fortuna Dusseldorf
2021,Hoffenheim,2021-02-28,Bundesliga,A,Union Berlin
2021,Leverkusen,2021-02-28,Bundesliga,H,Freiburg
2021,Mainz,2021-02-28,Bundesliga,H,Augsburg
2021,Nurnberg,2021-02-28,2. Bundesliga,H,Eintracht Braunschweig
2021,Union Berlin,2021-02-28,Bundesliga,H,Hoffenheim
2021,Hamburg,2021-03-01,2. Bundesliga,A,St Pauli
2021,St Pauli,2021-03-01,2. Bundesliga,H,Hamburg
2021,Dortmund,2021-03-02,DFB-Pokal,A,M'gladbach
2021,M'gladbach,2021-03-02,DFB-Pokal,H,Dortmund
2021,Holstein Kiel,2021-03-03,DFB-Pokal,A,Rot-Weiss Essen
2021,RB Leipzig,2021-03-03,DFB-Pokal,H,Wolfsburg
2021,Wolfsburg,2021-03-03,DFB-Pokal,A,RB Leipzig
2021,Darmstadt,2021-03-05,2. Bundesliga,A,Paderborn
2021,Heidenheim,2021-03-05,2. Bundesliga,A,Würzburger Kickers
2021,Mainz,2021-03-05,Bundesliga,A,Schalke 04
2021,Paderborn,2021-03-05,2. Bundesliga,H,Darmstadt
2021,Schalke 04,2021-03-05,Bundesliga,H,Mainz
2021,Augsburg,2021-03-06,Bundesliga,A,Hertha
2021,Bayern Munich,2021-03-06,Bundesliga,H,Dortmund
2021,Bochum,2021-03-06,2. Bundesliga,A,Greuther Furth
2021,Dortmund,2021-03-06,Bundesliga,A,Bayern Munich
2021,Ein Frankfurt,2021-03-06,Bundesliga,H,Stuttgart
2021,Freiburg,2021-03-06,Bundesliga,H,RB Leipzig
2021,Greuther Furth,2021-03-06,2. Bundesliga,H,Bochum
2021,Hannover,2021-03-06,2. Bundesliga,A,Erzgebirge Aue
2021,Hertha,2021-03-06,Bundesliga,H,Augsburg
2021,Hoffenheim,2021-03-06,Bundesliga,H,Wolfsburg
2021,Leverkusen,2021-03-06,Bundesliga,A,M'gladbach
2021,M'gladbach,2021-03-06,Bundesliga,H,Leverkusen
2021,RB Leipzig,2021-03-06,Bundesliga,A,Freiburg
2021,St Pauli,2021-03-06,2. Bundesliga,A,Karlsruher SC
2021,Stuttgart,2021-03-06,Bundesliga,A,Ein Frankfurt
2021,Wolfsburg,2021-03-06,Bundesliga,A,Hoffenheim
2021,Bielefeld,2021-03-07,Bundesliga,H,Union Berlin
2021,FC Koln,2021-03-07,Bundesliga,H,Werder Bremen
2021,Fortuna Dusseldorf,2021-03-07,2. Bundesliga,H,Nurnberg
2021,Nurnberg,2021-03-07,2. Bundesliga,A,Fortuna Dusseldorf
2021,Union Berlin,2021-03-07,Bundesliga,A,Bielefeld
2021,Werder Bremen,2021-03-07,Bundesliga,A,FC Koln
2021,Hamburg,2021-03-08,2. Bundesliga,H,Holstein Kiel
2021,Holstein Kiel,2021-03-08,2. Bundesliga,A,Hamburg
2021,Dortmund,2021-03-09,Champions League,H,Sevilla
2021,Bielefeld,2021-03-10,Bundesliga,H,Werder Bremen
2021,RB Leipzig,2021-03-10,Champions League,A,Liverpool
2021,Werder Bremen,2021-03-10,Bundesliga,A,Bielefeld
2021,Augsburg,2021-03-12,Bundesliga,H,M'gladbach
2021,Bochum,2021-03-12,2. Bundesliga,H,Hamburg
2021,Hamburg,2021-03-12,2. Bundesliga,A,Bochum
2021,M'gladbach,2021-03-12,Bundesliga,A,Augsburg
2021,Bayern Munich,2021-03-13,Bundesliga,A,Werder Bremen
2021,Darmstadt,2021-03-13,2. Bundesliga,H,Erzgebirge Aue
2021,Dortmund,2021-03-13,Bundesliga,H,Hertha
2021,FC Koln,2021-03-13,Bundesliga,A,Union Berlin
2021,Fortuna Dusseldorf,2021-03-13,2. Bundesliga,A,SV Sandhausen
2021,Freiburg,2021-03-13,Bundesliga,A,Mainz
2021,Hertha,2021-03-13,Bundesliga,A,Dortmund
2021,Mainz,2021-03-13,Bundesliga,H,Freiburg
2021,Schalke 04,2021-03-13,Bundesliga,A,Wolfsburg
2021,Union Berlin,2021-03-13,Bundesliga,H,FC Koln
2021,Werder Bremen,2021-03-13,Bundesliga,H,Bayern Munich
2021,Wolfsburg,2021-03-13,Bundesliga,H,Schalke 04
2021,Bielefeld,2021-03-14,Bundesliga,A,Leverkusen
2021,Ein Frankfurt,2021-03-14,Bundesliga,A,RB Leipzig
2021,Hoffenheim,2021-03-14,Bundesliga,A,Stuttgart
2021,Leverkusen,2021-03-14,Bundesliga,H,Bielefeld
2021,Nurnberg,2021-03-14,2. Bundesliga,H,VfL Osnabrück
2021,RB Leipzig,2021-03-14,Bundesliga,H,Ein Frankfurt
2021,Stuttgart,2021-03-14,Bundesliga,H,Hoffenheim
2021,Paderborn,2021-03-15,2. Bundesliga,A,St Pauli
2021,St Pauli,2021-03-15,2. Bundesliga,H,Paderborn
2021,M'gladbach,2021-03-16,Champions League,A,Man City
2021,Bayern Munich,2021-03-17,Champions League,H,Lazio
2021,Greuther Furth,2021-03-17,2. Bundesliga,A,Jahn Regensburg
2021,Bielefeld,2021-03-19,Bundesliga,H,RB Leipzig
2021,Paderborn,2021-03-19,2. Bundesliga,H,Karlsruher SC
2021,RB Leipzig,2021-03-19,Bundesliga,A,Bielefeld
2021,Bayern Munich,2021-03-20,Bundesliga,H,Stuttgart
2021,Darmstadt,2021-03-20,2. Bundesliga,A,Eintracht Braunschweig
2021,Dortmund,2021-03-20,Bundesliga,A,FC Koln
2021,Ein Frankfurt,2021-03-20,Bundesliga,H,Union Berlin
2021,FC Koln,2021-03-20,Bundesliga,H,Dortmund
2021,Hamburg,2021-03-20,2. Bundesliga,H,Heidenheim
2021,Heidenheim,2021-03-20,2. Bundesliga,A,Hamburg
2021,M'gladbach,2021-03-20,Bundesliga,A,Schalke 04
2021,Schalke 04,2021-03-20,Bundesliga,H,M'gladbach
2021,Stuttgart,2021-03-20,Bundesliga,A,Bayern Munich
2021,Union Berlin,2021-03-20,Bundesliga,A,Ein Frankfurt
2021,Werder Bremen,2021-03-20,Bundesliga,H,Wolfsburg
2021,Wolfsburg,2021-03-20,Bundesliga,A,Werder Bremen
2021,Augsburg,2021-03-21,Bundesliga,A,Freiburg
2021,Freiburg,2021-03-21,Bundesliga,H,Augsburg
2021,Greuther Furth,2021-03-21,2. Bundesliga,H,Nurnberg
2021,Hertha,2021-03-21,Bundesliga,H,Leverkusen
2021,Hoffenheim,2021-03-21,Bundesliga,H,Mainz
2021,Leverkusen,2021-03-21,Bundesliga,A,Hertha
2021,Mainz,2021-03-21,Bundesliga,A,Hoffenheim
2021,Nurnberg,2021-03-21,2. Bundesliga,A,Greuther Furth
2021,St Pauli,2021-03-21,2. Bundesliga,A,VfL Osnabrück
2021,Bochum,2021-03-22,2. Bundesliga,A,Fortuna Dusseldorf
2021,Fortuna Dusseldorf,2021-03-22,2. Bundesliga,H,Bochum
2021,Augsburg,2021-04-03,Bundesliga,H,Hoffenheim
2021,Bayern Munich,2021-04-03,Bundesliga,A,RB Leipzig
2021,Bielefeld,2021-04-03,Bundesliga,A,Mainz
2021,Bochum,2021-04-03,2. Bundesliga,H,Holstein Kiel
2021,Dortmund,2021-04-03,Bundesliga,H,Ein Frankfurt
2021,Ein Frankfurt,2021-04-03,Bundesliga,A,Dortmund
2021,FC Koln,2021-04-03,Bundesliga,A,Wolfsburg
2021,Freiburg,2021-04-03,Bundesliga,A,M'gladbach
2021,Greuther Furth,2021-04-03,2. Bundesliga,A,Heidenheim
2021,Heidenheim,2021-04-03,2. Bundesliga,H,Greuther Furth
2021,Hoffenheim,2021-04-03,Bundesliga,A,Augsburg
2021,Holstein Kiel,2021-04-03,2. Bundesliga,A,Bochum
2021,Leverkusen,2021-04-03,Bundesliga,H,Schalke 04
2021,M'gladbach,2021-04-03,Bundesliga,H,Freiburg
2021,Mainz,2021-04-03,Bundesliga,H,Bielefeld
2021,RB Leipzig,2021-04-03,Bundesliga,H,Bayern Munich
2021,Schalke 04,2021-04-03,Bundesliga,A,Leverkusen
2021,Wolfsburg,2021-04-03,Bundesliga,H,FC Koln
2021,Darmstadt,2021-04-04,2. Bundesliga,H,Fortuna Dusseldorf
2021,Fortuna Dusseldorf,2021-04-04,2. Bundesliga,A,Darmstadt
2021,Hamburg,2021-04-04,2. Bundesliga,A,Hannover
2021,Hannover,2021-04-04,2. Bundesliga,H,Hamburg
2021,Hertha,2021-04-04,Bundesliga,A,Union Berlin
2021,Nurnberg,2021-04-04,2. Bundesliga,H,Paderborn
2021,Paderborn,2021-04-04,2. Bundesliga,A,Nurnberg
2021,Stuttgart,2021-04-04,Bundesliga,H,Werder Bremen
2021,Union Berlin,2021-04-04,Bundesliga,H,Hertha
2021,Werder Bremen,2021-04-04,Bundesliga,A,Stuttgart
2021,St Pauli,2021-04-05,2. Bundesliga,H,Eintracht Braunschweig
2021,Dortmund,2021-04-06,Champions League,A,Man City
2021,Heidenheim,2021-04-06,2. Bundesliga,H,Holstein Kiel
2021,Holstein Kiel,2021-04-06,2. Bundesliga,A,Heidenheim
2021,Bayern Munich,2021-04-07,Champions League,H,Paris SG
2021,Werder Bremen,2021-04-07,DFB-Pokal,A,Jahn Regensburg
2021,Hannover,2021-04-08,2. Bundesliga,H,Würzburger Kickers
2021,Bielefeld,2021-04-09,Bundesliga,H,Freiburg
2021,Darmstadt,2021-04-09,2. Bundesliga,A,Hamburg
2021,Freiburg,2021-04-09,Bundesliga,A,Bielefeld
2021,Hamburg,2021-04-09,2. Bundesliga,H,Darmstadt
2021,Bayern Munich,2021-04-10,Bundesliga,H,Union Berlin
2021,Bochum,2021-04-10,2. Bundesliga,A,Paderborn
2021,Dortmund,2021-04-10,Bundesliga,A,Stuttgart
2021,Ein Frankfurt,2021-04-10,Bundesliga,H,Wolfsburg
2021,Hertha,2021-04-10,Bundesliga,H,M'gladbach
2021,M'gladbach,2021-04-10,Bundesliga,A,Hertha
2021,Paderborn,2021-04-10,2. Bundesliga,H,Bochum
2021,RB Leipzig,2021-04-10,Bundesliga,A,Werder Bremen
2021,St Pauli,2021-04-10,2. Bundesliga,A,Erzgebirge Aue
2021,Stuttgart,2021-04-10,Bundesliga,H,Dortmund
2021,Union Berlin,2021-04-10,Bundesliga,A,Bayern Munich
2021,Werder Bremen,2021-04-10,Bundesliga,H,RB Leipzig
2021,Wolfsburg,2021-04-10,Bundesliga,A,Ein Frankfurt
2021,Augsburg,2021-04-11,Bundesliga,A,Schalke 04
2021,FC Koln,2021-04-11,Bundesliga,H,Mainz
2021,Hannover,2021-04-11,2. Bundesliga,H,Heidenheim
2021,Heidenheim,2021-04-11,2. Bundesliga,A,Hannover
2021,Mainz,2021-04-11,Bundesliga,A,FC Koln
2021,Nurnberg,2021-04-11,2. Bundesliga,A,Würzburger Kickers
2021,Schalke 04,2021-04-11,Bundesliga,H,Augsburg
2021,Hoffenheim,2021-04-12,Bundesliga,H,Leverkusen
2021,Leverkusen,2021-04-12,Bundesliga,A,Hoffenheim
2021,Bayern Munich,2021-04-13,Champions League,A,Paris SG
2021,Dortmund,2021-04-14,Champions League,H,Man City
2021,Darmstadt,2021-04-16,2. Bundesliga,H,Greuther Furth
2021,Greuther Furth,2021-04-16,2. Bundesliga,A,Darmstadt
2021,Hoffenheim,2021-04-16,Bundesliga,A,RB Leipzig
2021,Paderborn,2021-04-16,2. Bundesliga,A,Eintracht Braunschweig
2021,RB Leipzig,2021-04-16,Bundesliga,H,Hoffenheim
2021,Augsburg,2021-04-17,Bundesliga,H,Bielefeld
2021,Bayern Munich,2021-04-17,Bundesliga,A,Wolfsburg
2021,Bielefeld,2021-04-17,Bundesliga,A,Augsburg
2021,Ein Frankfurt,2021-04-17,Bundesliga,A,M'gladbach
2021,FC Koln,2021-04-17,Bundesliga,A,Leverkusen
2021,Freiburg,2021-04-17,Bundesliga,H,Schalke 04
2021,Leverkusen,2021-04-17,Bundesliga,H,FC Koln
2021,M'gladbach,2021-04-17,Bundesliga,H,Ein Frankfurt
2021,Schalke 04,2021-04-17,Bundesliga,A,Freiburg
2021,St Pauli,2021-04-17,2. Bundesliga,H,Würzburger Kickers
2021,Stuttgart,2021-04-17,Bundesliga,A,Union Berlin
2021,Union Berlin,2021-04-17,Bundesliga,H,Stuttgart
2021,Wolfsburg,2021-04-17,Bundesliga,H,Bayern Munich
2021,Bochum,2021-04-18,2. Bundesliga,H,Hannover
2021,Dortmund,2021-04-18,Bundesliga,H,Werder Bremen
2021,Fortuna Dusseldorf,2021-04-18,2. Bundesliga,A,VfL Osnabrück
2021,Hannover,2021-04-18,2. Bundesliga,A,Bochum
2021,Heidenheim,2021-04-18,2. Bundesliga,A,Jahn Regensburg
2021,Werder Bremen,2021-04-18,Bundesliga,A,Dortmund
2021,Augsburg,2021-04-20,Bundesliga,A,Ein Frankfurt
2021,Bayern Munich,2021-04-20,Bundesliga,H,Leverkusen
2021,Bielefeld,2021-04-20,Bundesliga,H,Schalke 04
2021,Darmstadt,2021-04-20,2. Bundesliga,A,Würzburger Kickers
2021,Ein Frankfurt,2021-04-20,Bundesliga,H,Augsburg
2021,FC Koln,2021-04-20,Bundesliga,H,RB Leipzig
2021,Greuther Furth,2021-04-20,2. Bundesliga,H,Eintracht Braunschweig
2021,Leverkusen,2021-04-20,Bundesliga,A,Bayern Munich
2021,Nurnberg,2021-04-20,2. Bundesliga,A,Erzgebirge Aue
2021,RB Leipzig,2021-04-20,Bundesliga,A,FC Koln
2021,Schalke 04,2021-04-20,Bundesliga,A,Bielefeld
2021,Bochum,2021-04-21,2. Bundesliga,A,Heidenheim
2021,Dortmund,2021-04-21,Bundesliga,H,Union Berlin
2021,Fortuna Dusseldorf,2021-04-21,2. Bundesliga,H,St Pauli
2021,Hannover,2021-04-21,2. Bundesliga,H,Jahn Regensburg
2021,Heidenheim,2021-04-21,2. Bundesliga,H,Bochum
2021,Hoffenheim,2021-04-21,Bundesliga,H,M'gladbach
2021,M'gladbach,2021-04-21,Bundesliga,A,Hoffenheim
2021,Mainz,2021-04-21,Bundesliga,A,Werder Bremen
2021,Paderborn,2021-04-21,2. Bundesliga,H,VfL Osnabrück
2021,St Pauli,2021-04-21,2. Bundesliga,A,Fortuna Dusseldorf
2021,Stuttgart,2021-04-21,Bundesliga,H,Wolfsburg
2021,Union Berlin,2021-04-21,Bundesliga,A,Dortmund
2021,Werder Bremen,2021-04-21,Bundesliga,H,Mainz
2021,Wolfsburg,2021-04-21,Bundesliga,A,Stuttgart
2021,Hamburg,2021-04-22,2. Bundesliga,A,SV Sandhausen
2021,Augsburg,2021-04-23,Bundesliga,H,FC Koln
2021,FC Koln,2021-04-23,Bundesliga,A,Augsburg
2021,Bayern Munich,2021-04-24,Bundesliga,A,Mainz
2021,Dortmund,2021-04-24,Bundesliga,A,Wolfsburg
2021,Ein Frankfurt,2021-04-24,Bundesliga,A,Leverkusen
2021,Fortuna Dusseldorf,2021-04-24,2. Bundesliga,A,Paderborn
2021,Freiburg,2021-04-24,Bundesliga,H,Hoffenheim
2021,Heidenheim,2021-04-24,2. Bundesliga,A,Nurnberg
2021,Hoffenheim,2021-04-24,Bundesliga,A,Freiburg
2021,Holstein Kiel,2021-04-24,2. Bundesliga,A,VfL Osnabrück
2021,Leverkusen,2021-04-24,Bundesliga,H,Ein Frankfurt
2021,Mainz,2021-04-24,Bundesliga,H,Bayern Munich
2021,Nurnberg,2021-04-24,2. Bundesliga,H,Heidenheim
2021,Paderborn,2021-04-24,2. Bundesliga,H,Fortuna Dusseldorf
2021,Union Berlin,2021-04-24,Bundesliga,H,Werder Bremen
2021,Werder Bremen,2021-04-24,Bundesliga,A,Union Berlin
2021,Wolfsburg,2021-04-24,Bundesliga,H,Dortmund
2021,Bielefeld,2021-04-25,Bundesliga,A,M'gladbach
2021,Greuther Furth,2021-04-25,2. Bundesliga,A,St Pauli
2021,Hamburg,2021-04-25,2. Bundesliga,A,Jahn Regensburg
2021,Hannover,2021-04-25,2. Bundesliga,A,SV Sandhausen
2021,M'gladbach,2021-04-25,Bundesliga,H,Bielefeld
2021,RB Leipzig,2021-04-25,Bundesliga,H,Stuttgart
2021,St Pauli,2021-04-25,2. Bundesliga,H,Greuther Furth
2021,Stuttgart,2021-04-25,Bundesliga,A,RB Leipzig
2021,Bochum,2021-04-26,2. Bundesliga,A,Darmstadt
2021,Darmstadt,2021-04-26,2. Bundesliga,H,Bochum
2021,Holstein Kiel,2021-04-27,2. Bundesliga,A,Nurnberg
2021,Nurnberg,2021-04-27,2. Bundesliga,H,Holstein Kiel
2021,Greuther Furth,2021-04-28,2. Bundesliga,H,SV Sandhausen
2021,Hamburg,2021-04-29,2. Bundesliga,H,Karlsruher SC
2021,RB Leipzig,2021-04-30,DFB-Pokal,A,Werder Bremen
2021,Werder Bremen,2021-04-30,DFB-Pokal,H,RB Leipzig
2021,Dortmund,2021-05-01,DFB-Pokal,H,Holstein Kiel
2021,Holstein Kiel,2021-05-01,DFB-Pokal,A,Dortmund
2021,Fortuna Dusseldorf,2021-05-03,2. Bundesliga,H,Karlsruher SC
2021,Hertha,2021-05-03,Bundesliga,A,Mainz
2021,Mainz,2021-05-03,Bundesliga,H,Hertha
2021,Holstein Kiel,2021-05-04,2. Bundesliga,H,SV Sandhausen
2021,Freiburg,2021-05-06,Bundesliga,A,Hertha
2021,Hertha,2021-05-06,Bundesliga,H,Freiburg
2021,Augsburg,2021-05-07,Bundesliga,A,Stuttgart
2021,Darmstadt,2021-05-07,2. Bundesliga,A,Hannover
2021,Hannover,2021-05-07,2. Bundesliga,H,Darmstadt
2021,Holstein Kiel,2021-05-07,2. Bundesliga,H,St Pauli
2021,St Pauli,2021-05-07,2. Bundesliga,A,Holstein Kiel
2021,Stuttgart,2021-05-07,Bundesliga,H,Augsburg
2021,Bayern Munich,2021-05-08,Bundesliga,H,M'gladbach
2021,Dortmund,2021-05-08,Bundesliga,H,RB Leipzig
2021,Fortuna Dusseldorf,2021-05-08,2. Bundesliga,H,Eintracht Braunschweig
2021,Greuther Furth,2021-05-08,2. Bundesliga,H,Karlsruher SC
2021,Hoffenheim,2021-05-08,Bundesliga,H,Schalke 04
2021,Leverkusen,2021-05-08,Bundesliga,A,Werder Bremen
2021,M'gladbach,2021-05-08,Bundesliga,A,Bayern Munich
2021,RB Leipzig,2021-05-08,Bundesliga,A,Dortmund
2021,Schalke 04,2021-05-08,Bundesliga,A,Hoffenheim
2021,Union Berlin,2021-05-08,Bundesliga,A,Wolfsburg
2021,Werder Bremen,2021-05-08,Bundesliga,H,Leverkusen
2021,Wolfsburg,2021-05-08,Bundesliga,H,Union Berlin
2021,Bielefeld,2021-05-09,Bundesliga,A,Hertha
2021,Bochum,2021-05-09,2. Bundesliga,H,Jahn Regensburg
2021,Ein Frankfurt,2021-05-09,Bundesliga,H,Mainz
2021,FC Koln,2021-05-09,Bundesliga,H,Freiburg
2021,Freiburg,2021-05-09,Bundesliga,A,FC Koln
2021,Heidenheim,2021-05-09,2. Bundesliga,H,SV Sandhausen
2021,Hertha,2021-05-09,Bundesliga,H,Bielefeld
2021,Mainz,2021-05-09,Bundesliga,A,Ein Frankfurt
2021,Paderborn,2021-05-09,2. Bundesliga,A,Erzgebirge Aue
2021,Hamburg,2021-05-10,2. Bundesliga,H,Nurnberg
2021,Hannover,2021-05-10,2. Bundesliga,A,Holstein Kiel
2021,Holstein Kiel,2021-05-10,2. Bundesliga,H,Hannover
2021,Nurnberg,2021-05-10,2. Bundesliga,A,Hamburg
2021,Hertha,2021-05-12,Bundesliga,A,Schalke 04
2021,Schalke 04,2021-05-12,Bundesliga,H,Hertha
2021,Dortmund,2021-05-13,DFB-Pokal,A,RB Leipzig
2021,Holstein Kiel,2021-05-13,2. Bundesliga,H,Jahn Regensburg
2021,RB Leipzig,2021-05-13,DFB-Pokal,H,Dortmund
2021,Augsburg,2021-05-15,Bundesliga,H,Werder Bremen
2021,Bayern Munich,2021-05-15,Bundesliga,A,Freiburg
2021,Bielefeld,2021-05-15,Bundesliga,H,Hoffenheim
2021,Ein Frankfurt,2021-05-15,Bundesliga,A,Schalke 04
2021,FC Koln,2021-05-15,Bundesliga,A,Hertha
2021,Freiburg,2021-05-15,Bundesliga,H,Bayern Munich
2021,Hertha,2021-05-15,Bundesliga,H,FC Koln
2021,Hoffenheim,2021-05-15,Bundesliga,A,Bielefeld
2021,Leverkusen,2021-05-15,Bundesliga,H,Union Berlin
2021,M'gladbach,2021-05-15,Bundesliga,H,Stuttgart
2021,Schalke 04,2021-05-15,Bundesliga,H,Ein Frankfurt
2021,Stuttgart,2021-05-15,Bundesliga,A,M'gladbach
2021,Union Berlin,2021-05-15,Bundesliga,A,Leverkusen
2021,Werder Bremen,2021-05-15,Bundesliga,A,Augsburg
2021,Bochum,2021-05-16,2. Bundesliga,A,Nurnberg
2021,Darmstadt,2021-05-16,2. Bundesliga,H,Heidenheim
2021,Dortmund,2021-05-16,Bundesliga,A,Mainz
2021,Fortuna Dusseldorf,2021-05-16,2. Bundesliga,H,Erzgebirge Aue
2021,Greuther Furth,2021-05-16,2. Bundesliga,A,Paderborn
2021,Hamburg,2021-05-16,2. Bundesliga,A,VfL Osnabrück
2021,Hannover,2021-05-16,2. Bundesliga,A,St Pauli
2021,Heidenheim,2021-05-16,2. Bundesliga,A,Darmstadt
2021,Holstein Kiel,2021-05-16,2. Bundesliga,A,Karlsruher SC
2021,Mainz,2021-05-16,Bundesliga,H,Dortmund
2021,Nurnberg,2021-05-16,2. Bundesliga,H,Bochum
2021,Paderborn,2021-05-16,2. Bundesliga,H,Greuther Furth
2021,RB Leipzig,2021-05-16,Bundesliga,H,Wolfsburg
2021,St Pauli,2021-05-16,2. Bundesliga,H,Hannover
2021,Wolfsburg,2021-05-16,Bundesliga,A,RB Leipzig
2021,Augsburg,2021-05-22,Bundesliga,A,Bayern Munich
2021,Bayern Munich,2021-05-22,Bundesliga,H,Augsburg
2021,Bielefeld,2021-05-22,Bundesliga,A,Stuttgart
2021,Dortmund,2021-05-22,Bundesliga,H,Leverkusen
2021,Ein Frankfurt,2021-05-22,Bundesliga,H,Freiburg
2021,FC Koln,2021-05-22,Bundesliga,H,Schalke 04
2021,Freiburg,2021-05-22,Bundesliga,A,Ein Frankfurt
2021,Hertha,2021-05-22,Bundesliga,A,Hoffenheim
2021,Hoffenheim,2021-05-22,Bundesliga,H,Hertha
2021,Leverkusen,2021-05-22,Bundesliga,A,Dortmund
2021,M'gladbach,2021-05-22,Bundesliga,A,Werder Bremen
2021,Mainz,2021-05-22,Bundesliga,A,Wolfsburg
2021,RB Leipzig,2021-05-22,Bundesliga,A,Union Berlin
2021,Schalke 04,2021-05-22,Bundesliga,A,FC Koln
2021,Stuttgart,2021-05-22,Bundesliga,H,Bielefeld
2021,Union Berlin,2021-05-22,Bundesliga,H,RB Leipzig
2021,Werder Bremen,2021-05-22,Bundesliga,H,M'gladbach
2021,Wolfsburg,2021-05-22,Bundesliga,H,Mainz
2021,Bochum,2021-05-23,2. Bundesliga,H,SV Sandhausen
2021,Darmstadt,2021-05-23,2. Bundesliga,A,Holstein Kiel
2021,Fortuna Dusseldorf,2021-05-23,2. Bundesliga,A,Greuther Furth
2021,Greuther Furth,2021-05-23,2. Bundesliga,H,Fortuna Dusseldorf
2021,Hamburg,2021-05-23,2. Bundesliga,H,Eintracht Braunschweig
2021,Hannover,2021-05-23,2. Bundesliga,H,Nurnberg
2021,Heidenheim,2021-05-23,2. Bundesliga,H,Karlsruher SC
2021,Holstein Kiel,2021-05-23,2. Bundesliga,H,Darmstadt
2021,Nurnberg,2021-05-23,2. Bundesliga,A,Hannover
2021,Paderborn,2021-05-23,2. Bundesliga,A,Würzburger Kickers
2021,St Pauli,2021-05-23,2. Bundesliga,A,Jahn Regensburg
2122,Hamburg,2021-07-23,2. Bundesliga,A,Schalke 04
2122,Schalke 04,2021-07-23,2. Bundesliga,H,Hamburg
2122,Darmstadt,2021-07-24,2. Bundesliga,H,Jahn Regensburg
2122,Hannover,2021-07-24,2. Bundesliga,A,Werder Bremen
2122,Heidenheim,2021-07-24,2. Bundesliga,H,Paderborn
2122,Paderborn,2021-07-24,2. Bundesliga,A,Heidenheim
2122,Werder Bremen,2021-07-24,2. Bundesliga,H,Hannover
2122,Fortuna Dusseldorf,2021-07-25,2. Bundesliga,A,SV Sandhausen
2122,Holstein Kiel,2021-07-25,2. Bundesliga,A,St Pauli
2122,Nurnberg,2021-07-25,2. Bundesliga,H,Erzgebirge Aue
2122,St Pauli,2021-07-25,2. Bundesliga,H,Holstein Kiel
2122,Darmstadt,2021-07-30,2. Bundesliga,A,Karlsruher SC
2122,Nurnberg,2021-07-30,2. Bundesliga,A,Paderborn
2122,Paderborn,2021-07-30,2. Bundesliga,H,Nurnberg
2122,Fortuna Dusseldorf,2021-07-31,2. Bundesliga,H,Werder Bremen
2122,Hannover,2021-07-31,2. Bundesliga,H,Hansa Rostock
2122,Heidenheim,2021-07-31,2. Bundesliga,A,FC Ingolstadt 04
2122,Werder Bremen,2021-07-31,2. Bundesliga,A,Fortuna Dusseldorf
2122,Hamburg,2021-08-01,2. Bundesliga,H,Dynamo Dresden
2122,Holstein Kiel,2021-08-01,2. Bundesliga,H,Schalke 04
2122,Schalke 04,2021-08-01,2. Bundesliga,A,Holstein Kiel
2122,St Pauli,2021-08-01,2. Bundesliga,A,Erzgebirge Aue
2122,Darmstadt,2021-08-06,DFB-Pokal,A,1860 Munich
2122,Paderborn,2021-08-06,DFB-Pokal,A,Dynamo Dresden
2122,Augsburg,2021-08-07,DFB-Pokal,A,Greifswalder FC
2122,Bielefeld,2021-08-07,DFB-Pokal,A,SpVgg Bayreuth
2122,Bochum,2021-08-07,DFB-Pokal,A,Wuppertaler SV
2122,Dortmund,2021-08-07,DFB-Pokal,A,SV Wehen Wiesbaden
2122,Greuther Furth,2021-08-07,DFB-Pokal,A,SV Babelsberg
2122,Hannover,2021-08-07,DFB-Pokal,A,Eintracht Norderstedt
2122,Holstein Kiel,2021-08-07,DFB-Pokal,A,Weiche Flensburg 08
2122,Leverkusen,2021-08-07,DFB-Pokal,A,1. FC Lok Leipzig
2122,Nurnberg,2021-08-07,DFB-Pokal,A,SSV Ulm 1846
2122,RB Leipzig,2021-08-07,DFB-Pokal,A,SV Sandhausen
2122,St Pauli,2021-08-07,DFB-Pokal,A,1. FC Magdeburg
2122,Stuttgart,2021-08-07,DFB-Pokal,A,BFC Dynamo
2122,Werder Bremen,2021-08-07,DFB-Pokal,A,VfL Osnabrück
2122,Ein Frankfurt,2021-08-08,DFB-Pokal,A,Waldhof Mannheim
2122,FC Koln,2021-08-08,DFB-Pokal,A,Carl Zeiss Jena
2122,Fortuna Dusseldorf,2021-08-08,DFB-Pokal,A,VfL Oldenburg
2122,Freiburg,2021-08-08,DFB-Pokal,A,Würzburger Kickers
2122,Hamburg,2021-08-08,DFB-Pokal,A,Eintracht Braunschweig
2122,Heidenheim,2021-08-08,DFB-Pokal,A,Hansa Rostock
2122,Hertha,2021-08-08,DFB-Pokal,A,SV Meppen
2122,Mainz,2021-08-08,DFB-Pokal,A,SV Elversberg
2122,Schalke 04,2021-08-08,DFB-Pokal,A,FC 08 Villingen
2122,Union Berlin,2021-08-08,DFB-Pokal,A,Türkgücü München
2122,Wolfsburg,2021-08-08,DFB-Pokal,A,Preußen Münster
2122,Hoffenheim,2021-08-09,DFB-Pokal,A,Viktoria Köln
2122,M'gladbach,2021-08-09,DFB-Pokal,A,1. FC Kaiserslautern
2122,Bayern Munich,2021-08-13,Bundesliga,A,M'gladbach
2122,Hamburg,2021-08-13,2. Bundesliga,A,St Pauli
2122,M'gladbach,2021-08-13,Bundesliga,H,Bayern Munich
2122,Schalke 04,2021-08-13,2. Bundesliga,H,Erzgebirge Aue
2122,St Pauli,2021-08-13,2. Bundesliga,H,Hamburg
2122,Augsburg,2021-08-14,Bundesliga,H,Hoffenheim
2122,Bielefeld,2021-08-14,Bundesliga,H,Freiburg
2122,Bochum,2021-08-14,Bundesliga,A,Wolfsburg
2122,Dortmund,2021-08-14,Bundesliga,H,Ein Frankfurt
2122,Ein Frankfurt,2021-08-14,Bundesliga,A,Dortmund
2122,Fortuna Dusseldorf,2021-08-14,2. Bundesliga,A,Nurnberg
2122,Freiburg,2021-08-14,Bundesliga,A,Bielefeld
2122,Greuther Furth,2021-08-14,Bundesliga,A,Stuttgart
2122,Hannover,2021-08-14,2. Bundesliga,A,Dynamo Dresden
2122,Hoffenheim,2021-08-14,Bundesliga,A,Augsburg
2122,Holstein Kiel,2021-08-14,2. Bundesliga,H,Jahn Regensburg
2122,Leverkusen,2021-08-14,Bundesliga,A,Union Berlin
2122,Nurnberg,2021-08-14,2. Bundesliga,H,Fortuna Dusseldorf
2122,Stuttgart,2021-08-14,Bundesliga,H,Greuther Furth
2122,Union Berlin,2021-08-14,Bundesliga,H,Leverkusen
2122,Wolfsburg,2021-08-14,Bundesliga,H,Bochum
2122,Darmstadt,2021-08-15,2. Bundesliga,H,FC Ingolstadt 04
2122,FC Koln,2021-08-15,Bundesliga,H,Hertha
2122,Heidenheim,2021-08-15,2. Bundesliga,H,Hansa Rostock
2122,Hertha,2021-08-15,Bundesliga,A,FC Koln
2122,Mainz,2021-08-15,Bundesliga,H,RB Leipzig
2122,Paderborn,2021-08-15,2. Bundesliga,A,Werder Bremen
2122,RB Leipzig,2021-08-15,Bundesliga,A,Mainz
2122,Werder Bremen,2021-08-15,2. Bundesliga,H,Paderborn
2122,Bayern Munich,2021-08-17,DFL-Supercup,A,Dortmund
2122,Dortmund,2021-08-17,DFL-Supercup,H,Bayern Munich
2122,Union Berlin,2021-08-19,Conference League (qual.),A,KuPS
2122,Fortuna Dusseldorf,2021-08-20,2. Bundesliga,H,Holstein Kiel
2122,Hannover,2021-08-20,2. Bundesliga,H,Heidenheim
2122,Heidenheim,2021-08-20,2. Bundesliga,A,Hannover
2122,Holstein Kiel,2021-08-20,2. Bundesliga,A,Fortuna Dusseldorf
2122,RB Leipzig,2021-08-20,Bundesliga,H,Stuttgart
2122,Stuttgart,2021-08-20,Bundesliga,A,RB Leipzig
2122,Augsburg,2021-08-21,Bundesliga,A,Ein Frankfurt
2122,Bielefeld,2021-08-21,Bundesliga,A,Greuther Furth
2122,Bochum,2021-08-21,Bundesliga,H,Mainz
2122,Dortmund,2021-08-21,Bundesliga,A,Freiburg
2122,Ein Frankfurt,2021-08-21,Bundesliga,H,Augsburg
2122,Freiburg,2021-08-21,Bundesliga,H,Dortmund
2122,Greuther Furth,2021-08-21,Bundesliga,H,Bielefeld
2122,Hertha,2021-08-21,Bundesliga,H,Wolfsburg
2122,Leverkusen,2021-08-21,Bundesliga,H,M'gladbach
2122,M'gladbach,2021-08-21,Bundesliga,A,Leverkusen
2122,Mainz,2021-08-21,Bundesliga,A,Bochum
2122,Paderborn,2021-08-21,2. Bundesliga,H,St Pauli
2122,Schalke 04,2021-08-21,2. Bundesliga,A,Jahn Regensburg
2122,St Pauli,2021-08-21,2. Bundesliga,A,Paderborn
2122,Werder Bremen,2021-08-21,2. Bundesliga,A,Karlsruher SC
2122,Wolfsburg,2021-08-21,Bundesliga,A,Hertha
2122,Bayern Munich,2021-08-22,Bundesliga,H,FC Koln
2122,Darmstadt,2021-08-22,2. Bundesliga,A,Hamburg
2122,FC Koln,2021-08-22,Bundesliga,A,Bayern Munich
2122,Hamburg,2021-08-22,2. Bundesliga,H,Darmstadt
2122,Hoffenheim,2021-08-22,Bundesliga,H,Union Berlin
2122,Nurnberg,2021-08-22,2. Bundesliga,A,FC Ingolstadt 04
2122,Union Berlin,2021-08-22,Bundesliga,A,Hoffenheim
2122,Bayern Munich,2021-08-25,DFB-Pokal,A,Bremer SV
2122,Union Berlin,2021-08-26,Conference League (qual.),H,KuPS
2122,Dortmund,2021-08-27,Bundesliga,H,Hoffenheim
2122,Hoffenheim,2021-08-27,Bundesliga,A,Dortmund
2122,Nurnberg,2021-08-27,2. Bundesliga,H,Karlsruher SC
2122,Augsburg,2021-08-28,Bundesliga,H,Leverkusen
2122,Bayern Munich,2021-08-28,Bundesliga,H,Hertha
2122,Bielefeld,2021-08-28,Bundesliga,H,Ein Frankfurt
2122,Bochum,2021-08-28,Bundesliga,A,FC Koln
2122,Darmstadt,2021-08-28,2. Bundesliga,H,Hannover
2122,Ein Frankfurt,2021-08-28,Bundesliga,A,Bielefeld
2122,FC Koln,2021-08-28,Bundesliga,H,Bochum
2122,Fortuna Dusseldorf,2021-08-28,2. Bundesliga,A,Schalke 04
2122,Freiburg,2021-08-28,Bundesliga,A,Stuttgart
2122,Greuther Furth,2021-08-28,Bundesliga,A,Mainz
2122,Hamburg,2021-08-28,2. Bundesliga,A,Heidenheim
2122,Hannover,2021-08-28,2. Bundesliga,A,Darmstadt
2122,Heidenheim,2021-08-28,2. Bundesliga,H,Hamburg
2122,Hertha,2021-08-28,Bundesliga,A,Bayern Munich
2122,Holstein Kiel,2021-08-28,2. Bundesliga,H,Erzgebirge Aue
2122,Leverkusen,2021-08-28,Bundesliga,A,Augsburg
2122,Mainz,2021-08-28,Bundesliga,H,Greuther Furth
2122,Schalke 04,2021-08-28,2. Bundesliga,H,Fortuna Dusseldorf
2122,Stuttgart,2021-08-28,Bundesliga,H,Freiburg
2122,M'gladbach,2021-08-29,Bundesliga,A,Union Berlin
2122,Paderborn,2021-08-29,2. Bundesliga,A,Dynamo Dresden
2122,RB Leipzig,2021-08-29,Bundesliga,A,Wolfsburg
2122,St Pauli,2021-08-29,2. Bundesliga,H,Jahn Regensburg
2122,Union Berlin,2021-08-29,Bundesliga,H,M'gladbach
2122,Werder Bremen,2021-08-29,2. Bundesliga,H,Hansa Rostock
2122,Wolfsburg,2021-08-29,Bundesliga,H,RB Leipzig
2122,Augsburg,2021-09-11,Bundesliga,A,Union Berlin
2122,Bayern Munich,2021-09-11,Bundesliga,A,RB Leipzig
2122,Dortmund,2021-09-11,Bundesliga,A,Leverkusen
2122,FC Koln,2021-09-11,Bundesliga,A,Freiburg
2122,Freiburg,2021-09-11,Bundesliga,H,FC Koln
2122,Greuther Furth,2021-09-11,Bundesliga,H,Wolfsburg
2122,Hamburg,2021-09-11,2. Bundesliga,H,SV Sandhausen
2122,Hannover,2021-09-11,2. Bundesliga,H,St Pauli
2122,Hoffenheim,2021-09-11,Bundesliga,H,Mainz
2122,Holstein Kiel,2021-09-11,2. Bundesliga,A,Karlsruher SC
2122,Leverkusen,2021-09-11,Bundesliga,H,Dortmund
2122,Mainz,2021-09-11,Bundesliga,A,Hoffenheim
2122,RB Leipzig,2021-09-11,Bundesliga,H,Bayern Munich
2122,St Pauli,2021-09-11,2. Bundesliga,A,Hannover
2122,Union Berlin,2021-09-11,Bundesliga,H,Augsburg
2122,Werder Bremen,2021-09-11,2. Bundesliga,A,FC Ingolstadt 04
2122,Wolfsburg,2021-09-11,Bundesliga,A,Greuther Furth
2122,Bielefeld,2021-09-12,Bundesliga,A,M'gladbach
2122,Bochum,2021-09-12,Bundesliga,H,Hertha
2122,Darmstadt,2021-09-12,2. Bundesliga,A,Hansa Rostock
2122,Ein Frankfurt,2021-09-12,Bundesliga,H,Stuttgart
2122,Fortuna Dusseldorf,2021-09-12,2. Bundesliga,A,Erzgebirge Aue
2122,Heidenheim,2021-09-12,2. Bundesliga,H,Dynamo Dresden
2122,Hertha,2021-09-12,Bundesliga,A,Bochum
2122,M'gladbach,2021-09-12,Bundesliga,H,Bielefeld
2122,Nurnberg,2021-09-12,2. Bundesliga,A,Jahn Regensburg
2122,Paderborn,2021-09-12,2. Bundesliga,H,Schalke 04
2122,Schalke 04,2021-09-12,2. Bundesliga,A,Paderborn
2122,Stuttgart,2021-09-12,Bundesliga,A,Ein Frankfurt
2122,Bayern Munich,2021-09-14,Champions League,A,Barcelona
2122,Wolfsburg,2021-09-14,Champions League,A,Lille
2122,Dortmund,2021-09-15,Champions League,A,Beşiktaş
2122,RB Leipzig,2021-09-15,Champions League,A,Man City
2122,Ein Frankfurt,2021-09-16,Europa League,H,Fenerbahçe
2122,Leverkusen,2021-09-16,Europa League,H,Ferencvárosi TC
2122,Union Berlin,2021-09-16,Conference League,A,Slavia Praha
2122,Greuther Furth,2021-09-17,Bundesliga,A,Hertha
2122,Hertha,2021-09-17,Bundesliga,H,Greuther Furth
2122,Nurnberg,2021-09-17,2. Bundesliga,H,Hansa Rostock
2122,Schalke 04,2021-09-17,2. Bundesliga,H,Karlsruher SC
2122,Augsburg,2021-09-18,Bundesliga,H,M'gladbach
2122,Bayern Munich,2021-09-18,Bundesliga,H,Bochum
2122,Bielefeld,2021-09-18,Bundesliga,H,Hoffenheim
2122,Bochum,2021-09-18,Bundesliga,A,Bayern Munich
2122,FC Koln,2021-09-18,Bundesliga,H,RB Leipzig
2122,Fortuna Dusseldorf,2021-09-18,2. Bundesliga,H,Jahn Regensburg
2122,Freiburg,2021-09-18,Bundesliga,A,Mainz
2122,Hamburg,2021-09-18,2. Bundesliga,A,Werder Bremen
2122,Hannover,2021-09-18,2. Bundesliga,A,Holstein Kiel
2122,Heidenheim,2021-09-18,2. Bundesliga,A,SV Sandhausen
2122,Hoffenheim,2021-09-18,Bundesliga,A,Bielefeld
2122,Holstein Kiel,2021-09-18,2. Bundesliga,H,Hannover
2122,M'gladbach,2021-09-18,Bundesliga,A,Augsburg
2122,Mainz,2021-09-18,Bundesliga,H,Freiburg
2122,RB Leipzig,2021-09-18,Bundesliga,A,FC Koln
2122,Werder Bremen,2021-09-18,2. Bundesliga,H,Hamburg
2122,Darmstadt,2021-09-19,2. Bundesliga,H,Dynamo Dresden
2122,Dortmund,2021-09-19,Bundesliga,H,Union Berlin
2122,Ein Frankfurt,2021-09-19,Bundesliga,A,Wolfsburg
2122,Leverkusen,2021-09-19,Bundesliga,A,Stuttgart
2122,Paderborn,2021-09-19,2. Bundesliga,A,Erzgebirge Aue
2122,St Pauli,2021-09-19,2. Bundesliga,H,FC Ingolstadt 04
2122,Stuttgart,2021-09-19,Bundesliga,H,Leverkusen
2122,Union Berlin,2021-09-19,Bundesliga,A,Dortmund
2122,Wolfsburg,2021-09-19,Bundesliga,H,Ein Frankfurt
2122,Bayern Munich,2021-09-24,Bundesliga,A,Greuther Furth
2122,Darmstadt,2021-09-24,2. Bundesliga,A,Heidenheim
2122,Greuther Furth,2021-09-24,Bundesliga,H,Bayern Munich
2122,Heidenheim,2021-09-24,2. Bundesliga,H,Darmstadt
2122,Bielefeld,2021-09-25,Bundesliga,A,Union Berlin
2122,Dortmund,2021-09-25,Bundesliga,A,M'gladbach
2122,Ein Frankfurt,2021-09-25,Bundesliga,H,FC Koln
2122,FC Koln,2021-09-25,Bundesliga,A,Ein Frankfurt
2122,Fortuna Dusseldorf,2021-09-25,2. Bundesliga,A,FC Ingolstadt 04
2122,Hertha,2021-09-25,Bundesliga,A,RB Leipzig
2122,Hoffenheim,2021-09-25,Bundesliga,H,Wolfsburg
2122,Holstein Kiel,2021-09-25,2. Bundesliga,A,Paderborn
2122,Leverkusen,2021-09-25,Bundesliga,H,Mainz
2122,M'gladbach,2021-09-25,Bundesliga,H,Dortmund
2122,Mainz,2021-09-25,Bundesliga,A,Leverkusen
2122,Paderborn,2021-09-25,2. Bundesliga,H,Holstein Kiel
2122,RB Leipzig,2021-09-25,Bundesliga,H,Hertha
2122,Schalke 04,2021-09-25,2. Bundesliga,A,Hansa Rostock
2122,St Pauli,2021-09-25,2. Bundesliga,A,Karlsruher SC
2122,Union Berlin,2021-09-25,Bundesliga,H,Bielefeld
2122,Wolfsburg,2021-09-25,Bundesliga,A,Hoffenheim
2122,Augsburg,2021-09-26,Bundesliga,A,Freiburg
2122,Bochum,2021-09-26,Bundesliga,H,Stuttgart
2122,Freiburg,2021-09-26,Bundesliga,H,Augsburg
2122,Hamburg,2021-09-26,2. Bundesliga,H,Nurnberg
2122,Hannover,2021-09-26,2. Bundesliga,H,SV Sandhausen
2122,Nurnberg,2021-09-26,2. Bundesliga,A,Hamburg
2122,Stuttgart,2021-09-26,Bundesliga,A,Bochum
2122,Werder Bremen,2021-09-26,2. Bundesliga,A,Dynamo Dresden
2122,Dortmund,2021-09-28,Champions League,H,Sporting CP
2122,RB Leipzig,2021-09-28,Champions League,H,Club Brugge KV
2122,Bayern Munich,2021-09-29,Champions League,H,Dinamo Kiev
2122,Wolfsburg,2021-09-29,Champions League,H,Sevilla
2122,Ein Frankfurt,2021-09-30,Europa League,A,Royal Antwerp FC
2122,Leverkusen,2021-09-30,Europa League,A,Celtic FC
2122,Union Berlin,2021-09-30,Conference League,H,Maccabi Haifa
2122,FC Koln,2021-10-01,Bundesliga,H,Greuther Furth
2122,Greuther Furth,2021-10-01,Bundesliga,A,FC Koln
2122,Hamburg,2021-10-01,2. Bundesliga,A,Erzgebirge Aue
2122,Heidenheim,2021-10-01,2. Bundesliga,A,Werder Bremen
2122,Werder Bremen,2021-10-01,2. Bundesliga,H,Heidenheim
2122,Augsburg,2021-10-02,Bundesliga,A,Dortmund
2122,Bochum,2021-10-02,Bundesliga,A,RB Leipzig
2122,Dortmund,2021-10-02,Bundesliga,H,Augsburg
2122,Fortuna Dusseldorf,2021-10-02,2. Bundesliga,H,Paderborn
2122,Freiburg,2021-10-02,Bundesliga,A,Hertha
2122,Hannover,2021-10-02,2. Bundesliga,A,Nurnberg
2122,Hertha,2021-10-02,Bundesliga,H,Freiburg
2122,Hoffenheim,2021-10-02,Bundesliga,A,Stuttgart
2122,Holstein Kiel,2021-10-02,2. Bundesliga,H,Hansa Rostock
2122,M'gladbach,2021-10-02,Bundesliga,A,Wolfsburg
2122,Nurnberg,2021-10-02,2. Bundesliga,H,Hannover
2122,Paderborn,2021-10-02,2. Bundesliga,A,Fortuna Dusseldorf
2122,RB Leipzig,2021-10-02,Bundesliga,H,Bochum
2122,Stuttgart,2021-10-02,Bundesliga,H,Hoffenheim
2122,Wolfsburg,2021-10-02,Bundesliga,H,M'gladbach
2122,Bayern Munich,2021-10-03,Bundesliga,H,Ein Frankfurt
2122,Bielefeld,2021-10-03,Bundesliga,H,Leverkusen
2122,Darmstadt,2021-10-03,2. Bundesliga,A,SV Sandhausen
2122,Ein Frankfurt,2021-10-03,Bundesliga,A,Bayern Munich
2122,Leverkusen,2021-10-03,Bundesliga,A,Bielefeld
2122,Mainz,2021-10-03,Bundesliga,H,Union Berlin
2122,Schalke 04,2021-10-03,2. Bundesliga,H,FC Ingolstadt 04
2122,St Pauli,2021-10-03,2. Bundesliga,H,Dynamo Dresden
2122,Union Berlin,2021-10-03,Bundesliga,A,Mainz
2122,FC Koln,2021-10-15,Bundesliga,A,Hoffenheim
2122,Hannover,2021-10-15,2. Bundesliga,H,Schalke 04
2122,Hoffenheim,2021-10-15,Bundesliga,H,FC Koln
2122,Paderborn,2021-10-15,2. Bundesliga,H,Jahn Regensburg
2122,Schalke 04,2021-10-15,2. Bundesliga,A,Hannover
2122,Bochum,2021-10-16,Bundesliga,A,Greuther Furth
2122,Dortmund,2021-10-16,Bundesliga,H,Mainz
2122,Ein Frankfurt,2021-10-16,Bundesliga,H,Hertha
2122,Fortuna Dusseldorf,2021-10-16,2. Bundesliga,A,Hamburg
2122,Freiburg,2021-10-16,Bundesliga,H,RB Leipzig
2122,Greuther Furth,2021-10-16,Bundesliga,H,Bochum
2122,Hamburg,2021-10-16,2. Bundesliga,H,Fortuna Dusseldorf
2122,Heidenheim,2021-10-16,2. Bundesliga,H,St Pauli
2122,Hertha,2021-10-16,Bundesliga,A,Ein Frankfurt
2122,Holstein Kiel,2021-10-16,2. Bundesliga,A,FC Ingolstadt 04
2122,M'gladbach,2021-10-16,Bundesliga,H,Stuttgart
2122,Mainz,2021-10-16,Bundesliga,A,Dortmund
2122,RB Leipzig,2021-10-16,Bundesliga,A,Freiburg
2122,St Pauli,2021-10-16,2. Bundesliga,A,Heidenheim
2122,Stuttgart,2021-10-16,Bundesliga,A,M'gladbach
2122,Union Berlin,2021-10-16,Bundesliga,H,Wolfsburg
2122,Wolfsburg,2021-10-16,Bundesliga,A,Union Berlin
2122,Augsburg,2021-10-17,Bundesliga,H,Bielefeld
2122,Bayern Munich,2021-10-17,Bundesliga,A,Leverkusen
2122,Bielefeld,2021-10-17,Bundesliga,A,Augsburg
2122,Darmstadt,2021-10-17,2. Bundesliga,H,Werder Bremen
2122,Leverkusen,2021-10-17,Bundesliga,H,Bayern Munich
2122,Nurnberg,2021-10-17,2. Bundesliga,A,Dynamo Dresden
2122,Werder Bremen,2021-10-17,2. Bundesliga,A,Darmstadt
2122,Dortmund,2021-10-19,Champions League,A,AFC Ajax
2122,RB Leipzig,2021-10-19,Champions League,A,Paris SG
2122,Bayern Munich,2021-10-20,Champions League,A,SL Benfica
2122,Wolfsburg,2021-10-20,Champions League,A,RB Salzburg
2122,Ein Frankfurt,2021-10-21,Europa League,H,Olympiakos Piraeus
2122,Leverkusen,2021-10-21,Europa League,A,Betis
2122,Union Berlin,2021-10-21,Conference League,A,Feyenoord
2122,Augsburg,2021-10-22,Bundesliga,A,Mainz
2122,Hamburg,2021-10-22,2. Bundesliga,A,Paderborn
2122,Mainz,2021-10-22,Bundesliga,H,Augsburg
2122,Paderborn,2021-10-22,2. Bundesliga,H,Hamburg
2122,Bayern Munich,2021-10-23,Bundesliga,H,Hoffenheim
2122,Bielefeld,2021-10-23,Bundesliga,H,Dortmund
2122,Darmstadt,2021-10-23,2. Bundesliga,A,Holstein Kiel
2122,Dortmund,2021-10-23,Bundesliga,A,Bielefeld
2122,Fortuna Dusseldorf,2021-10-23,2. Bundesliga,H,Karlsruher SC
2122,Freiburg,2021-10-23,Bundesliga,A,Wolfsburg
2122,Greuther Furth,2021-10-23,Bundesliga,A,RB Leipzig
2122,Heidenheim,2021-10-23,2. Bundesliga,A,Nurnberg
2122,Hertha,2021-10-23,Bundesliga,H,M'gladbach
2122,Hoffenheim,2021-10-23,Bundesliga,A,Bayern Munich
2122,Holstein Kiel,2021-10-23,2. Bundesliga,H,Darmstadt
2122,M'gladbach,2021-10-23,Bundesliga,A,Hertha
2122,Nurnberg,2021-10-23,2. Bundesliga,H,Heidenheim
2122,RB Leipzig,2021-10-23,Bundesliga,H,Greuther Furth
2122,Schalke 04,2021-10-23,2. Bundesliga,H,Dynamo Dresden
2122,Wolfsburg,2021-10-23,Bundesliga,H,Freiburg
2122,Bochum,2021-10-24,Bundesliga,H,Ein Frankfurt
2122,Ein Frankfurt,2021-10-24,Bundesliga,A,Bochum
2122,FC Koln,2021-10-24,Bundesliga,H,Leverkusen
2122,Hannover,2021-10-24,2. Bundesliga,A,Jahn Regensburg
2122,Leverkusen,2021-10-24,Bundesliga,A,FC Koln
2122,St Pauli,2021-10-24,2. Bundesliga,H,Hansa Rostock
2122,Stuttgart,2021-10-24,Bundesliga,H,Union Berlin
2122,Union Berlin,2021-10-24,Bundesliga,A,Stuttgart
2122,Werder Bremen,2021-10-24,2. Bundesliga,A,SV Sandhausen
2122,Bielefeld,2021-10-26,DFB-Pokal,A,Mainz
2122,Dortmund,2021-10-26,DFB-Pokal,H,FC Ingolstadt 04
2122,Freiburg,2021-10-26,DFB-Pokal,A,VfL Osnabrück
2122,Hamburg,2021-10-26,DFB-Pokal,A,Nurnberg
2122,Hertha,2021-10-26,DFB-Pokal,A,Preußen Münster
2122,Hoffenheim,2021-10-26,DFB-Pokal,H,Holstein Kiel
2122,Holstein Kiel,2021-10-26,DFB-Pokal,A,Hoffenheim
2122,Mainz,2021-10-26,DFB-Pokal,H,Bielefeld
2122,Nurnberg,2021-10-26,DFB-Pokal,H,Hamburg
2122,RB Leipzig,2021-10-26,DFB-Pokal,A,SV Babelsberg 03
2122,Schalke 04,2021-10-26,DFB-Pokal,A,TSV 1860 München
2122,Augsburg,2021-10-27,DFB-Pokal,A,Bochum
2122,Bayern Munich,2021-10-27,DFB-Pokal,A,M'gladbach
2122,Bochum,2021-10-27,DFB-Pokal,H,Augsburg
2122,FC Koln,2021-10-27,DFB-Pokal,A,Stuttgart
2122,Fortuna Dusseldorf,2021-10-27,DFB-Pokal,A,Hannover
2122,Hannover,2021-10-27,DFB-Pokal,H,Fortuna Dusseldorf
2122,Leverkusen,2021-10-27,DFB-Pokal,H,Karlsruher SC
2122,M'gladbach,2021-10-27,DFB-Pokal,H,Bayern Munich
2122,St Pauli,2021-10-27,DFB-Pokal,A,Dynamo Dresden
2122,Stuttgart,2021-10-27,DFB-Pokal,H,FC Koln
2122,Union Berlin,2021-10-27,DFB-Pokal,A,Waldhof Mannheim
2122,Darmstadt,2021-10-29,2. Bundesliga,H,Nurnberg
2122,Heidenheim,2021-10-29,2. Bundesliga,H,Schalke 04
2122,Hertha,2021-10-29,Bundesliga,A,Hoffenheim
2122,Hoffenheim,2021-10-29,Bundesliga,H,Hertha
2122,Nurnberg,2021-10-29,2. Bundesliga,A,Darmstadt
2122,Schalke 04,2021-10-29,2. Bundesliga,A,Heidenheim
2122,Bayern Munich,2021-10-30,Bundesliga,A,Union Berlin
2122,Bielefeld,2021-10-30,Bundesliga,H,Mainz
2122,Dortmund,2021-10-30,Bundesliga,H,FC Koln
2122,Ein Frankfurt,2021-10-30,Bundesliga,H,RB Leipzig
2122,FC Koln,2021-10-30,Bundesliga,A,Dortmund
2122,Freiburg,2021-10-30,Bundesliga,H,Greuther Furth
2122,Greuther Furth,2021-10-30,Bundesliga,A,Freiburg
2122,Hamburg,2021-10-30,2. Bundesliga,H,Holstein Kiel
2122,Hannover,2021-10-30,2. Bundesliga,H,Erzgebirge Aue
2122,Holstein Kiel,2021-10-30,2. Bundesliga,A,Hamburg
2122,Leverkusen,2021-10-30,Bundesliga,H,Wolfsburg
2122,Mainz,2021-10-30,Bundesliga,A,Bielefeld
2122,RB Leipzig,2021-10-30,Bundesliga,A,Ein Frankfurt
2122,St Pauli,2021-10-30,2. Bundesliga,A,Werder Bremen
2122,Union Berlin,2021-10-30,Bundesliga,H,Bayern Munich
2122,Werder Bremen,2021-10-30,2. Bundesliga,H,St Pauli
2122,Wolfsburg,2021-10-30,Bundesliga,A,Leverkusen
2122,Augsburg,2021-10-31,Bundesliga,H,Stuttgart
2122,Bochum,2021-10-31,Bundesliga,A,M'gladbach
2122,Fortuna Dusseldorf,2021-10-31,2. Bundesliga,A,Hansa Rostock
2122,M'gladbach,2021-10-31,Bundesliga,H,Bochum
2122,Paderborn,2021-10-31,2. Bundesliga,A,Karlsruher SC
2122,Stuttgart,2021-10-31,Bundesliga,A,Augsburg
2122,Bayern Munich,2021-11-02,Champions League,H,SL Benfica
2122,Wolfsburg,2021-11-02,Champions League,H,RB Salzburg
2122,Dortmund,2021-11-03,Champions League,H,AFC Ajax
2122,RB Leipzig,2021-11-03,Champions League,H,Paris SG
2122,Ein Frankfurt,2021-11-04,Europa League,A,Olympiakos Piraeus
2122,Leverkusen,2021-11-04,Europa League,H,Betis
2122,Union Berlin,2021-11-04,Conference League,H,Feyenoord
2122,Holstein Kiel,2021-11-05,2. Bundesliga,H,Dynamo Dresden
2122,M'gladbach,2021-11-05,Bundesliga,A,Mainz
2122,Mainz,2021-11-05,Bundesliga,H,M'gladbach
2122,Nurnberg,2021-11-05,2. Bundesliga,H,Werder Bremen
2122,Werder Bremen,2021-11-05,2. Bundesliga,A,Nurnberg
2122,Augsburg,2021-11-06,Bundesliga,A,Wolfsburg
2122,Bayern Munich,2021-11-06,Bundesliga,H,Freiburg
2122,Bielefeld,2021-11-06,Bundesliga,A,Stuttgart
2122,Bochum,2021-11-06,Bundesliga,H,Hoffenheim
2122,Dortmund,2021-11-06,Bundesliga,A,RB Leipzig
2122,Fortuna Dusseldorf,2021-11-06,2. Bundesliga,H,Hannover
2122,Freiburg,2021-11-06,Bundesliga,A,Bayern Munich
2122,Hamburg,2021-11-06,2. Bundesliga,A,Karlsruher SC
2122,Hannover,2021-11-06,2. Bundesliga,A,Fortuna Dusseldorf
2122,Hoffenheim,2021-11-06,Bundesliga,A,Bochum
2122,Paderborn,2021-11-06,2. Bundesliga,H,FC Ingolstadt 04
2122,RB Leipzig,2021-11-06,Bundesliga,H,Dortmund
2122,Stuttgart,2021-11-06,Bundesliga,H,Bielefeld
2122,Wolfsburg,2021-11-06,Bundesliga,H,Augsburg
2122,Darmstadt,2021-11-07,2. Bundesliga,A,Schalke 04
2122,Ein Frankfurt,2021-11-07,Bundesliga,A,Greuther Furth
2122,FC Koln,2021-11-07,Bundesliga,H,Union Berlin
2122,Greuther Furth,2021-11-07,Bundesliga,H,Ein Frankfurt
2122,Heidenheim,2021-11-07,2. Bundesliga,A,Erzgebirge Aue
2122,Hertha,2021-11-07,Bundesliga,H,Leverkusen
2122,Leverkusen,2021-11-07,Bundesliga,A,Hertha
2122,Schalke 04,2021-11-07,2. Bundesliga,H,Darmstadt
2122,Union Berlin,2021-11-07,Bundesliga,A,FC Koln
2122,Augsburg,2021-11-19,Bundesliga,H,Bayern Munich
2122,Bayern Munich,2021-11-19,Bundesliga,A,Augsburg
2122,Hannover,2021-11-19,2. Bundesliga,H,Paderborn
2122,Nurnberg,2021-11-19,2. Bundesliga,A,SV Sandhausen
2122,Paderborn,2021-11-19,2. Bundesliga,A,Hannover
2122,Bielefeld,2021-11-20,Bundesliga,H,Wolfsburg
2122,Bochum,2021-11-20,Bundesliga,A,Leverkusen
2122,Darmstadt,2021-11-20,2. Bundesliga,H,St Pauli
2122,Dortmund,2021-11-20,Bundesliga,H,Stuttgart
2122,Greuther Furth,2021-11-20,Bundesliga,A,M'gladbach
2122,Hamburg,2021-11-20,2. Bundesliga,H,Jahn Regensburg
2122,Hertha,2021-11-20,Bundesliga,A,Union Berlin
2122,Hoffenheim,2021-11-20,Bundesliga,H,RB Leipzig
2122,Leverkusen,2021-11-20,Bundesliga,H,Bochum
2122,M'gladbach,2021-11-20,Bundesliga,H,Greuther Furth
2122,RB Leipzig,2021-11-20,Bundesliga,A,Hoffenheim
2122,Schalke 04,2021-11-20,2. Bundesliga,A,Werder Bremen
2122,St Pauli,2021-11-20,2. Bundesliga,A,Darmstadt
2122,Stuttgart,2021-11-20,Bundesliga,A,Dortmund
2122,Union Berlin,2021-11-20,Bundesliga,H,Hertha
2122,Werder Bremen,2021-11-20,2. Bundesliga,H,Schalke 04
2122,Wolfsburg,2021-11-20,Bundesliga,A,Bielefeld
2122,Ein Frankfurt,2021-11-21,Bundesliga,A,Freiburg
2122,FC Koln,2021-11-21,Bundesliga,A,Mainz
2122,Fortuna Dusseldorf,2021-11-21,2. Bundesliga,A,Dynamo Dresden
2122,Freiburg,2021-11-21,Bundesliga,H,Ein Frankfurt
2122,Heidenheim,2021-11-21,2. Bundesliga,H,Holstein Kiel
2122,Holstein Kiel,2021-11-21,2. Bundesliga,A,Heidenheim
2122,Mainz,2021-11-21,Bundesliga,H,FC Koln
2122,Bayern Munich,2021-11-23,Champions League,A,Dinamo Kiev
2122,Wolfsburg,2021-11-23,Champions League,A,Sevilla
2122,Dortmund,2021-11-24,Champions League,A,Sporting CP
2122,RB Leipzig,2021-11-24,Champions League,A,Club Brugge KV
2122,St Pauli,2021-11-24,2. Bundesliga,H,SV Sandhausen
2122,Ein Frankfurt,2021-11-25,Europa League,H,Royal Antwerp FC
2122,Leverkusen,2021-11-25,Europa League,H,Celtic FC
2122,Union Berlin,2021-11-25,Conference League,A,Maccabi Haifa
2122,Fortuna Dusseldorf,2021-11-26,2. Bundesliga,H,Heidenheim
2122,Heidenheim,2021-11-26,2. Bundesliga,A,Fortuna Dusseldorf
2122,Mainz,2021-11-26,Bundesliga,A,Stuttgart
2122,Stuttgart,2021-11-26,Bundesliga,H,Mainz
2122,Augsburg,2021-11-27,Bundesliga,A,Hertha
2122,Bayern Munich,2021-11-27,Bundesliga,H,Bielefeld
2122,Bielefeld,2021-11-27,Bundesliga,A,Bayern Munich
2122,Bochum,2021-11-27,Bundesliga,H,Freiburg
2122,Darmstadt,2021-11-27,2. Bundesliga,A,Erzgebirge Aue
2122,Dortmund,2021-11-27,Bundesliga,A,Wolfsburg
2122,FC Koln,2021-11-27,Bundesliga,H,M'gladbach
2122,Freiburg,2021-11-27,Bundesliga,A,Bochum
2122,Greuther Furth,2021-11-27,Bundesliga,H,Hoffenheim
2122,Hannover,2021-11-27,2. Bundesliga,A,Karlsruher SC
2122,Hertha,2021-11-27,Bundesliga,H,Augsburg
2122,Hoffenheim,2021-11-27,Bundesliga,A,Greuther Furth
2122,Holstein Kiel,2021-11-27,2. Bundesliga,H,Werder Bremen
2122,M'gladbach,2021-11-27,Bundesliga,A,FC Koln
2122,Schalke 04,2021-11-27,2. Bundesliga,H,SV Sandhausen
2122,Werder Bremen,2021-11-27,2. Bundesliga,A,Holstein Kiel
2122,Wolfsburg,2021-11-27,Bundesliga,H,Dortmund
2122,Ein Frankfurt,2021-11-28,Bundesliga,H,Union Berlin
2122,Hamburg,2021-11-28,2. Bundesliga,H,FC Ingolstadt 04
2122,Leverkusen,2021-11-28,Bundesliga,A,RB Leipzig
2122,Nurnberg,2021-11-28,2. Bundesliga,H,St Pauli
2122,Paderborn,2021-11-28,2. Bundesliga,H,Hansa Rostock
2122,RB Leipzig,2021-11-28,Bundesliga,H,Leverkusen
2122,St Pauli,2021-11-28,2. Bundesliga,A,Nurnberg
2122,Union Berlin,2021-11-28,Bundesliga,A,Ein Frankfurt
2122,Darmstadt,2021-12-03,2. Bundesliga,H,Fortuna Dusseldorf
2122,Fortuna Dusseldorf,2021-12-03,2. Bundesliga,A,Darmstadt
2122,RB Leipzig,2021-12-03,Bundesliga,A,Union Berlin
2122,Union Berlin,2021-12-03,Bundesliga,H,RB Leipzig
2122,Werder Bremen,2021-12-03,2. Bundesliga,H,Erzgebirge Aue
2122,Augsburg,2021-12-04,Bundesliga,H,Bochum
2122,Bayern Munich,2021-12-04,Bundesliga,A,Dortmund
2122,Bielefeld,2021-12-04,Bundesliga,H,FC Koln
2122,Bochum,2021-12-04,Bundesliga,A,Augsburg
2122,Dortmund,2021-12-04,Bundesliga,H,Bayern Munich
2122,Ein Frankfurt,2021-12-04,Bundesliga,A,Hoffenheim
2122,FC Koln,2021-12-04,Bundesliga,A,Bielefeld
2122,Greuther Furth,2021-12-04,Bundesliga,A,Leverkusen
2122,Hoffenheim,2021-12-04,Bundesliga,H,Ein Frankfurt
2122,Holstein Kiel,2021-12-04,2. Bundesliga,A,Nurnberg
2122,Leverkusen,2021-12-04,Bundesliga,H,Greuther Furth
2122,Mainz,2021-12-04,Bundesliga,H,Wolfsburg
2122,Nurnberg,2021-12-04,2. Bundesliga,H,Holstein Kiel
2122,Paderborn,2021-12-04,2. Bundesliga,A,SV Sandhausen
2122,Schalke 04,2021-12-04,2. Bundesliga,A,St Pauli
2122,St Pauli,2021-12-04,2. Bundesliga,H,Schalke 04
2122,Wolfsburg,2021-12-04,Bundesliga,A,Mainz
2122,Freiburg,2021-12-05,Bundesliga,A,M'gladbach
2122,Hamburg,2021-12-05,2. Bundesliga,A,Hannover
2122,Hannover,2021-12-05,2. Bundesliga,H,Hamburg
2122,Heidenheim,2021-12-05,2. Bundesliga,H,Jahn Regensburg
2122,Hertha,2021-12-05,Bundesliga,A,Stuttgart
2122,M'gladbach,2021-12-05,Bundesliga,H,Freiburg
2122,Stuttgart,2021-12-05,Bundesliga,H,Hertha
2122,Dortmund,2021-12-07,Champions League,H,Beşiktaş
2122,RB Leipzig,2021-12-07,Champions League,H,Man City
2122,Bayern Munich,2021-12-08,Champions League,H,Barcelona
2122,Wolfsburg,2021-12-08,Champions League,H,Lille
2122,Ein Frankfurt,2021-12-09,Europa League,A,Fenerbahçe
2122,Leverkusen,2021-12-09,Europa League,A,Ferencvárosi TC
2122,Union Berlin,2021-12-09,Conference League,H,Slavia Praha
2122,Augsburg,2021-12-10,Bundesliga,A,FC Koln
2122,FC Koln,2021-12-10,Bundesliga,H,Augsburg
2122,Nurnberg,2021-12-10,2. Bundesliga,A,Schalke 04
2122,Schalke 04,2021-12-10,2. Bundesliga,H,Nurnberg
2122,Werder Bremen,2021-12-10,2. Bundesliga,A,Jahn Regensburg
2122,Bayern Munich,2021-12-11,Bundesliga,H,Mainz
2122,Bielefeld,2021-12-11,Bundesliga,A,Hertha
2122,Bochum,2021-12-11,Bundesliga,H,Dortmund
2122,Darmstadt,2021-12-11,2. Bundesliga,A,Paderborn
2122,Dortmund,2021-12-11,Bundesliga,A,Bochum
2122,Fortuna Dusseldorf,2021-12-11,2. Bundesliga,H,St Pauli
2122,Freiburg,2021-12-11,Bundesliga,H,Hoffenheim
2122,Hannover,2021-12-11,2. Bundesliga,A,FC Ingolstadt 04
2122,Hertha,2021-12-11,Bundesliga,H,Bielefeld
2122,Hoffenheim,2021-12-11,Bundesliga,A,Freiburg
2122,Holstein Kiel,2021-12-11,2. Bundesliga,H,SV Sandhausen
2122,M'gladbach,2021-12-11,Bundesliga,A,RB Leipzig
2122,Mainz,2021-12-11,Bundesliga,A,Bayern Munich
2122,Paderborn,2021-12-11,2. Bundesliga,H,Darmstadt
2122,RB Leipzig,2021-12-11,Bundesliga,H,M'gladbach
2122,St Pauli,2021-12-11,2. Bundesliga,A,Fortuna Dusseldorf
2122,Stuttgart,2021-12-11,Bundesliga,A,Wolfsburg
2122,Wolfsburg,2021-12-11,Bundesliga,H,Stuttgart
2122,Ein Frankfurt,2021-12-12,Bundesliga,H,Leverkusen
2122,Greuther Furth,2021-12-12,Bundesliga,H,Union Berlin
2122,Hamburg,2021-12-12,2. Bundesliga,H,Hansa Rostock
2122,Heidenheim,2021-12-12,2. Bundesliga,A,Karlsruher SC
2122,Leverkusen,2021-12-12,Bundesliga,A,Ein Frankfurt
2122,Union Berlin,2021-12-12,Bundesliga,A,Greuther Furth
2122,Bayern Munich,2021-12-14,Bundesliga,A,Stuttgart
2122,Bielefeld,2021-12-14,Bundesliga,H,Bochum
2122,Bochum,2021-12-14,Bundesliga,A,Bielefeld
2122,FC Koln,2021-12-14,Bundesliga,A,Wolfsburg
2122,Hertha,2021-12-14,Bundesliga,A,Mainz
2122,Mainz,2021-12-14,Bundesliga,H,Hertha
2122,Stuttgart,2021-12-14,Bundesliga,H,Bayern Munich
2122,Wolfsburg,2021-12-14,Bundesliga,H,FC Koln
2122,Augsburg,2021-12-15,Bundesliga,H,RB Leipzig
2122,Dortmund,2021-12-15,Bundesliga,H,Greuther Furth
2122,Ein Frankfurt,2021-12-15,Bundesliga,A,M'gladbach
2122,Freiburg,2021-12-15,Bundesliga,A,Union Berlin
2122,Greuther Furth,2021-12-15,Bundesliga,A,Dortmund
2122,Hoffenheim,2021-12-15,Bundesliga,A,Leverkusen
2122,Leverkusen,2021-12-15,Bundesliga,H,Hoffenheim
2122,M'gladbach,2021-12-15,Bundesliga,H,Ein Frankfurt
2122,RB Leipzig,2021-12-15,Bundesliga,A,Augsburg
2122,Union Berlin,2021-12-15,Bundesliga,H,Freiburg
2122,Bayern Munich,2021-12-17,Bundesliga,H,Wolfsburg
2122,Fortuna Dusseldorf,2021-12-17,2. Bundesliga,H,SV Sandhausen
2122,Holstein Kiel,2021-12-17,2. Bundesliga,H,St Pauli
2122,St Pauli,2021-12-17,2. Bundesliga,A,Holstein Kiel
2122,Wolfsburg,2021-12-17,Bundesliga,A,Bayern Munich
2122,Augsburg,2021-12-18,Bundesliga,A,Greuther Furth
2122,Bielefeld,2021-12-18,Bundesliga,A,RB Leipzig
2122,Bochum,2021-12-18,Bundesliga,H,Union Berlin
2122,Dortmund,2021-12-18,Bundesliga,A,Hertha
2122,Ein Frankfurt,2021-12-18,Bundesliga,H,Mainz
2122,Greuther Furth,2021-12-18,Bundesliga,H,Augsburg
2122,Hamburg,2021-12-18,2. Bundesliga,H,Schalke 04
2122,Heidenheim,2021-12-18,2. Bundesliga,A,Paderborn
2122,Hertha,2021-12-18,Bundesliga,H,Dortmund
2122,Hoffenheim,2021-12-18,Bundesliga,H,M'gladbach
2122,M'gladbach,2021-12-18,Bundesliga,A,Hoffenheim
2122,Mainz,2021-12-18,Bundesliga,A,Ein Frankfurt
2122,Nurnberg,2021-12-18,2. Bundesliga,A,Erzgebirge Aue
2122,Paderborn,2021-12-18,2. Bundesliga,H,Heidenheim
2122,RB Leipzig,2021-12-18,Bundesliga,H,Bielefeld
2122,Schalke 04,2021-12-18,2. Bundesliga,A,Hamburg
2122,Union Berlin,2021-12-18,Bundesliga,A,Bochum
2122,Darmstadt,2021-12-19,2. Bundesliga,A,Jahn Regensburg
2122,FC Koln,2021-12-19,Bundesliga,H,Stuttgart
2122,Freiburg,2021-12-19,Bundesliga,H,Leverkusen
2122,Hannover,2021-12-19,2. Bundesliga,H,Werder Bremen
2122,Leverkusen,2021-12-19,Bundesliga,A,Freiburg
2122,Stuttgart,2021-12-19,Bundesliga,A,FC Koln
2122,Werder Bremen,2021-12-19,2. Bundesliga,A,Hannover
2122,Bayern Munich,2022-01-07,Bundesliga,H,M'gladbach
2122,M'gladbach,2022-01-07,Bundesliga,A,Bayern Munich
2122,Augsburg,2022-01-08,Bundesliga,A,Hoffenheim
2122,Bielefeld,2022-01-08,Bundesliga,A,Freiburg
2122,Dortmund,2022-01-08,Bundesliga,A,Ein Frankfurt
2122,Ein Frankfurt,2022-01-08,Bundesliga,H,Dortmund
2122,Freiburg,2022-01-08,Bundesliga,H,Bielefeld
2122,Greuther Furth,2022-01-08,Bundesliga,H,Stuttgart
2122,Hoffenheim,2022-01-08,Bundesliga,H,Augsburg
2122,Leverkusen,2022-01-08,Bundesliga,H,Union Berlin
2122,Mainz,2022-01-08,Bundesliga,A,RB Leipzig
2122,RB Leipzig,2022-01-08,Bundesliga,H,Mainz
2122,Stuttgart,2022-01-08,Bundesliga,A,Greuther Furth
2122,Union Berlin,2022-01-08,Bundesliga,A,Leverkusen
2122,Bochum,2022-01-09,Bundesliga,H,Wolfsburg
2122,FC Koln,2022-01-09,Bundesliga,A,Hertha
2122,Hertha,2022-01-09,Bundesliga,H,FC Koln
2122,Wolfsburg,2022-01-09,Bundesliga,A,Bochum
2122,Dortmund,2022-01-14,Bundesliga,H,Freiburg
2122,Freiburg,2022-01-14,Bundesliga,A,Dortmund
2122,Hamburg,2022-01-14,2. Bundesliga,A,Dynamo Dresden
2122,Hannover,2022-01-14,2. Bundesliga,A,Hansa Rostock
2122,Bayern Munich,2022-01-15,Bundesliga,A,FC Koln
2122,Bochum,2022-01-15,Bundesliga,A,Mainz
2122,Darmstadt,2022-01-15,2. Bundesliga,H,Karlsruher SC
2122,FC Koln,2022-01-15,Bundesliga,H,Bayern Munich
2122,Fortuna Dusseldorf,2022-01-15,2. Bundesliga,A,Werder Bremen
2122,Hertha,2022-01-15,Bundesliga,A,Wolfsburg
2122,Hoffenheim,2022-01-15,Bundesliga,A,Union Berlin
2122,Leverkusen,2022-01-15,Bundesliga,A,M'gladbach
2122,M'gladbach,2022-01-15,Bundesliga,H,Leverkusen
2122,Mainz,2022-01-15,Bundesliga,H,Bochum
2122,Nurnberg,2022-01-15,2. Bundesliga,H,Paderborn
2122,Paderborn,2022-01-15,2. Bundesliga,A,Nurnberg
2122,RB Leipzig,2022-01-15,Bundesliga,A,Stuttgart
2122,St Pauli,2022-01-15,2. Bundesliga,H,Erzgebirge Aue
2122,Stuttgart,2022-01-15,Bundesliga,H,RB Leipzig
2122,Union Berlin,2022-01-15,Bundesliga,H,Hoffenheim
2122,Werder Bremen,2022-01-15,2. Bundesliga,H,Fortuna Dusseldorf
2122,Wolfsburg,2022-01-15,Bundesliga,H,Hertha
2122,Augsburg,2022-01-16,Bundesliga,H,Ein Frankfurt
2122,Bielefeld,2022-01-16,Bundesliga,H,Greuther Furth
2122,Ein Frankfurt,2022-01-16,Bundesliga,A,Augsburg
2122,Greuther Furth,2022-01-16,Bundesliga,A,Bielefeld
2122,Heidenheim,2022-01-16,2. Bundesliga,H,FC Ingolstadt 04
2122,Holstein Kiel,2022-01-16,2. Bundesliga,A,Schalke 04
2122,Schalke 04,2022-01-16,2. Bundesliga,H,Holstein Kiel
2122,Bochum,2022-01-18,DFB-Pokal,H,Mainz
2122,Dortmund,2022-01-18,DFB-Pokal,A,St Pauli
2122,FC Koln,2022-01-18,DFB-Pokal,H,Hamburg
2122,Hamburg,2022-01-18,DFB-Pokal,A,FC Koln
2122,Mainz,2022-01-18,DFB-Pokal,A,Bochum
2122,St Pauli,2022-01-18,DFB-Pokal,H,Dortmund
2122,Freiburg,2022-01-19,DFB-Pokal,A,Hoffenheim
2122,Hannover,2022-01-19,DFB-Pokal,H,M'gladbach
2122,Hertha,2022-01-19,DFB-Pokal,H,Union Berlin
2122,Hoffenheim,2022-01-19,DFB-Pokal,H,Freiburg
2122,M'gladbach,2022-01-19,DFB-Pokal,A,Hannover
2122,RB Leipzig,2022-01-19,DFB-Pokal,H,Hansa Rostock
2122,Union Berlin,2022-01-19,DFB-Pokal,A,Hertha
2122,Bielefeld,2022-01-21,Bundesliga,A,Ein Frankfurt
2122,Ein Frankfurt,2022-01-21,Bundesliga,H,Bielefeld
2122,Fortuna Dusseldorf,2022-01-21,2. Bundesliga,H,Nurnberg
2122,Hamburg,2022-01-21,2. Bundesliga,H,St Pauli
2122,Nurnberg,2022-01-21,2. Bundesliga,A,Fortuna Dusseldorf
2122,St Pauli,2022-01-21,2. Bundesliga,A,Hamburg
2122,Augsburg,2022-01-22,Bundesliga,A,Leverkusen
2122,Bochum,2022-01-22,Bundesliga,H,FC Koln
2122,Darmstadt,2022-01-22,2. Bundesliga,A,FC Ingolstadt 04
2122,Dortmund,2022-01-22,Bundesliga,A,Hoffenheim
2122,FC Koln,2022-01-22,Bundesliga,A,Bochum
2122,Freiburg,2022-01-22,Bundesliga,H,Stuttgart
2122,Greuther Furth,2022-01-22,Bundesliga,H,Mainz
2122,Heidenheim,2022-01-22,2. Bundesliga,A,Hansa Rostock
2122,Hoffenheim,2022-01-22,Bundesliga,H,Dortmund
2122,Leverkusen,2022-01-22,Bundesliga,H,Augsburg
2122,M'gladbach,2022-01-22,Bundesliga,H,Union Berlin
2122,Mainz,2022-01-22,Bundesliga,A,Greuther Furth
2122,Paderborn,2022-01-22,2. Bundesliga,H,Werder Bremen
2122,Schalke 04,2022-01-22,2. Bundesliga,A,Erzgebirge Aue
2122,Stuttgart,2022-01-22,Bundesliga,A,Freiburg
2122,Union Berlin,2022-01-22,Bundesliga,A,M'gladbach
2122,Werder Bremen,2022-01-22,2. Bundesliga,A,Paderborn
2122,Bayern Munich,2022-01-23,Bundesliga,A,Hertha
2122,Hannover,2022-01-23,2. Bundesliga,H,Dynamo Dresden
2122,Hertha,2022-01-23,Bundesliga,H,Bayern Munich
2122,Holstein Kiel,2022-01-23,2. Bundesliga,A,Jahn Regensburg
2122,RB Leipzig,2022-01-23,Bundesliga,H,Wolfsburg
2122,Wolfsburg,2022-01-23,Bundesliga,A,RB Leipzig
2122,Bochum,2022-02-04,Bundesliga,A,Hertha
2122,Hannover,2022-02-04,2. Bundesliga,A,Heidenheim
2122,Heidenheim,2022-02-04,2. Bundesliga,H,Hannover
2122,Hertha,2022-02-04,Bundesliga,H,Bochum
2122,Nurnberg,2022-02-04,2. Bundesliga,H,FC Ingolstadt 04
2122,Augsburg,2022-02-05,Bundesliga,H,Union Berlin
2122,Bayern Munich,2022-02-05,Bundesliga,H,RB Leipzig
2122,Bielefeld,2022-02-05,Bundesliga,H,M'gladbach
2122,Ein Frankfurt,2022-02-05,Bundesliga,A,Stuttgart
2122,FC Koln,2022-02-05,Bundesliga,H,Freiburg
2122,Freiburg,2022-02-05,Bundesliga,A,FC Koln
2122,Hoffenheim,2022-02-05,Bundesliga,A,Mainz
2122,M'gladbach,2022-02-05,Bundesliga,A,Bielefeld
2122,Mainz,2022-02-05,Bundesliga,H,Hoffenheim
2122,Paderborn,2022-02-05,2. Bundesliga,A,St Pauli
2122,RB Leipzig,2022-02-05,Bundesliga,A,Bayern Munich
2122,Schalke 04,2022-02-05,2. Bundesliga,H,Jahn Regensburg
2122,St Pauli,2022-02-05,2. Bundesliga,H,Paderborn
2122,Stuttgart,2022-02-05,Bundesliga,H,Ein Frankfurt
2122,Union Berlin,2022-02-05,Bundesliga,A,Augsburg
2122,Werder Bremen,2022-02-05,2. Bundesliga,H,Karlsruher SC
2122,Darmstadt,2022-02-06,2. Bundesliga,H,Hamburg
2122,Dortmund,2022-02-06,Bundesliga,H,Leverkusen
2122,Fortuna Dusseldorf,2022-02-06,2. Bundesliga,A,Holstein Kiel
2122,Greuther Furth,2022-02-06,Bundesliga,A,Wolfsburg
2122,Hamburg,2022-02-06,2. Bundesliga,A,Darmstadt
2122,Holstein Kiel,2022-02-06,2. Bundesliga,H,Fortuna Dusseldorf
2122,Leverkusen,2022-02-06,Bundesliga,A,Dortmund
2122,Wolfsburg,2022-02-06,Bundesliga,H,Greuther Furth
2122,FC Koln,2022-02-11,Bundesliga,A,RB Leipzig
2122,Holstein Kiel,2022-02-11,2. Bundesliga,A,Erzgebirge Aue
2122,RB Leipzig,2022-02-11,Bundesliga,H,FC Koln
2122,Werder Bremen,2022-02-11,2. Bundesliga,A,Hansa Rostock
2122,Augsburg,2022-02-12,Bundesliga,A,M'gladbach
2122,Bayern Munich,2022-02-12,Bundesliga,A,Bochum
2122,Bochum,2022-02-12,Bundesliga,H,Bayern Munich
2122,Ein Frankfurt,2022-02-12,Bundesliga,H,Wolfsburg
2122,Freiburg,2022-02-12,Bundesliga,H,Mainz
2122,Greuther Furth,2022-02-12,Bundesliga,H,Hertha
2122,Hamburg,2022-02-12,2. Bundesliga,H,Heidenheim
2122,Heidenheim,2022-02-12,2. Bundesliga,A,Hamburg
2122,Hertha,2022-02-12,Bundesliga,A,Greuther Furth
2122,Leverkusen,2022-02-12,Bundesliga,H,Stuttgart
2122,M'gladbach,2022-02-12,Bundesliga,H,Augsburg
2122,Mainz,2022-02-12,Bundesliga,A,Freiburg
2122,Nurnberg,2022-02-12,2. Bundesliga,A,Karlsruher SC
2122,Paderborn,2022-02-12,2. Bundesliga,H,Dynamo Dresden
2122,St Pauli,2022-02-12,2. Bundesliga,A,Jahn Regensburg
2122,Stuttgart,2022-02-12,Bundesliga,A,Leverkusen
2122,Wolfsburg,2022-02-12,Bundesliga,A,Ein Frankfurt
2122,Bielefeld,2022-02-13,Bundesliga,A,Hoffenheim
2122,Darmstadt,2022-02-13,2. Bundesliga,A,Hannover
2122,Dortmund,2022-02-13,Bundesliga,A,Union Berlin
2122,Fortuna Dusseldorf,2022-02-13,2. Bundesliga,H,Schalke 04
2122,Hannover,2022-02-13,2. Bundesliga,H,Darmstadt
2122,Hoffenheim,2022-02-13,Bundesliga,H,Bielefeld
2122,Schalke 04,2022-02-13,2. Bundesliga,A,Fortuna Dusseldorf
2122,Union Berlin,2022-02-13,Bundesliga,H,Dortmund
2122,Bayern Munich,2022-02-16,Champions League,A,RB Salzburg
2122,Dortmund,2022-02-17,Europa League,H,Rangers FC
2122,RB Leipzig,2022-02-17,Europa League,H,Sociedad
2122,Heidenheim,2022-02-18,2. Bundesliga,A,Dynamo Dresden
2122,Leverkusen,2022-02-18,Bundesliga,A,Mainz
2122,Mainz,2022-02-18,Bundesliga,H,Leverkusen
2122,Paderborn,2022-02-18,2. Bundesliga,A,Schalke 04
2122,Schalke 04,2022-02-18,2. Bundesliga,H,Paderborn
2122,Augsburg,2022-02-19,Bundesliga,H,Freiburg
2122,Bielefeld,2022-02-19,Bundesliga,H,Union Berlin
2122,Bochum,2022-02-19,Bundesliga,A,Stuttgart
2122,Ein Frankfurt,2022-02-19,Bundesliga,A,FC Koln
2122,FC Koln,2022-02-19,Bundesliga,H,Ein Frankfurt
2122,Freiburg,2022-02-19,Bundesliga,A,Augsburg
2122,Hamburg,2022-02-19,2. Bundesliga,A,SV Sandhausen
2122,Hoffenheim,2022-02-19,Bundesliga,A,Wolfsburg
2122,Holstein Kiel,2022-02-19,2. Bundesliga,H,Karlsruher SC
2122,Nurnberg,2022-02-19,2. Bundesliga,H,Jahn Regensburg
2122,Stuttgart,2022-02-19,Bundesliga,H,Bochum
2122,Union Berlin,2022-02-19,Bundesliga,A,Bielefeld
2122,Werder Bremen,2022-02-19,2. Bundesliga,H,FC Ingolstadt 04
2122,Wolfsburg,2022-02-19,Bundesliga,H,Hoffenheim
2122,Bayern Munich,2022-02-20,Bundesliga,H,Greuther Furth
2122,Darmstadt,2022-02-20,2. Bundesliga,H,Hansa Rostock
2122,Dortmund,2022-02-20,Bundesliga,H,M'gladbach
2122,Fortuna Dusseldorf,2022-02-20,2. Bundesliga,H,Erzgebirge Aue
2122,Greuther Furth,2022-02-20,Bundesliga,A,Bayern Munich
2122,Hannover,2022-02-20,2. Bundesliga,A,St Pauli
2122,Hertha,2022-02-20,Bundesliga,H,RB Leipzig
2122,M'gladbach,2022-02-20,Bundesliga,A,Dortmund
2122,RB Leipzig,2022-02-20,Bundesliga,A,Hertha
2122,St Pauli,2022-02-20,2. Bundesliga,H,Hannover
2122,Dortmund,2022-02-24,Europa League,A,Rangers FC
2122,RB Leipzig,2022-02-24,Europa League,A,Sociedad
2122,Hannover,2022-02-25,2. Bundesliga,H,Holstein Kiel
2122,Hoffenheim,2022-02-25,Bundesliga,H,Stuttgart
2122,Holstein Kiel,2022-02-25,2. Bundesliga,A,Hannover
2122,Paderborn,2022-02-25,2. Bundesliga,H,Erzgebirge Aue
2122,Stuttgart,2022-02-25,Bundesliga,A,Hoffenheim
2122,Bayern Munich,2022-02-26,Bundesliga,A,Ein Frankfurt
2122,Bielefeld,2022-02-26,Bundesliga,A,Leverkusen
2122,Darmstadt,2022-02-26,2. Bundesliga,A,Dynamo Dresden
2122,Ein Frankfurt,2022-02-26,Bundesliga,H,Bayern Munich
2122,FC Koln,2022-02-26,Bundesliga,A,Greuther Furth
2122,Freiburg,2022-02-26,Bundesliga,H,Hertha
2122,Greuther Furth,2022-02-26,Bundesliga,H,FC Koln
2122,Hertha,2022-02-26,Bundesliga,A,Freiburg
2122,Leverkusen,2022-02-26,Bundesliga,H,Bielefeld
2122,M'gladbach,2022-02-26,Bundesliga,H,Wolfsburg
2122,Mainz,2022-02-26,Bundesliga,A,Union Berlin
2122,Nurnberg,2022-02-26,2. Bundesliga,A,Hansa Rostock
2122,Schalke 04,2022-02-26,2. Bundesliga,A,Karlsruher SC
2122,St Pauli,2022-02-26,2. Bundesliga,A,FC Ingolstadt 04
2122,Union Berlin,2022-02-26,Bundesliga,H,Mainz
2122,Wolfsburg,2022-02-26,Bundesliga,A,M'gladbach
2122,Augsburg,2022-02-27,Bundesliga,H,Dortmund
2122,Bochum,2022-02-27,Bundesliga,H,RB Leipzig
2122,Dortmund,2022-02-27,Bundesliga,A,Augsburg
2122,Fortuna Dusseldorf,2022-02-27,2. Bundesliga,A,Jahn Regensburg
2122,Hamburg,2022-02-27,2. Bundesliga,H,Werder Bremen
2122,Heidenheim,2022-02-27,2. Bundesliga,H,SV Sandhausen
2122,RB Leipzig,2022-02-27,Bundesliga,A,Bochum
2122,Werder Bremen,2022-02-27,2. Bundesliga,A,Hamburg
2122,St Pauli,2022-03-01,DFB-Pokal,A,Union Berlin
2122,Union Berlin,2022-03-01,DFB-Pokal,H,St Pauli
2122,Bochum,2022-03-02,DFB-Pokal,H,Freiburg
2122,Freiburg,2022-03-02,DFB-Pokal,A,Bochum
2122,Hamburg,2022-03-02,DFB-Pokal,H,Karlsruher SC
2122,Hannover,2022-03-02,DFB-Pokal,H,RB Leipzig
2122,RB Leipzig,2022-03-02,DFB-Pokal,A,Hannover
2122,Augsburg,2022-03-04,Bundesliga,A,Bielefeld
2122,Bielefeld,2022-03-04,Bundesliga,H,Augsburg
2122,Darmstadt,2022-03-04,2. Bundesliga,H,Heidenheim
2122,Heidenheim,2022-03-04,2. Bundesliga,A,Darmstadt
2122,Holstein Kiel,2022-03-04,2. Bundesliga,H,Paderborn
2122,Paderborn,2022-03-04,2. Bundesliga,A,Holstein Kiel
2122,Bayern Munich,2022-03-05,Bundesliga,H,Leverkusen
2122,Bochum,2022-03-05,Bundesliga,H,Greuther Furth
2122,Ein Frankfurt,2022-03-05,Bundesliga,A,Hertha
2122,Freiburg,2022-03-05,Bundesliga,A,RB Leipzig
2122,Greuther Furth,2022-03-05,Bundesliga,A,Bochum
2122,Hamburg,2022-03-05,2. Bundesliga,A,Nurnberg
2122,Hannover,2022-03-05,2. Bundesliga,A,SV Sandhausen
2122,Hertha,2022-03-05,Bundesliga,H,Ein Frankfurt
2122,Leverkusen,2022-03-05,Bundesliga,A,Bayern Munich
2122,M'gladbach,2022-03-05,Bundesliga,A,Stuttgart
2122,Nurnberg,2022-03-05,2. Bundesliga,H,Hamburg
2122,RB Leipzig,2022-03-05,Bundesliga,H,Freiburg
2122,Schalke 04,2022-03-05,2. Bundesliga,H,Hansa Rostock
2122,St Pauli,2022-03-05,2. Bundesliga,H,Karlsruher SC
2122,Stuttgart,2022-03-05,Bundesliga,H,M'gladbach
2122,Union Berlin,2022-03-05,Bundesliga,A,Wolfsburg
2122,Wolfsburg,2022-03-05,Bundesliga,H,Union Berlin
2122,FC Koln,2022-03-06,Bundesliga,H,Hoffenheim
2122,Fortuna Dusseldorf,2022-03-06,2. Bundesliga,H,FC Ingolstadt 04
2122,Hoffenheim,2022-03-06,Bundesliga,A,FC Koln
2122,Werder Bremen,2022-03-06,2. Bundesliga,H,Dynamo Dresden
2122,Bayern Munich,2022-03-08,Champions League,H,RB Salzburg
2122,Ein Frankfurt,2022-03-09,Europa League,A,Betis
2122,Leverkusen,2022-03-10,Europa League,A,Atalanta
2122,RB Leipzig,2022-03-10,Europa League,H,Spartak Moskva
2122,Darmstadt,2022-03-11,2. Bundesliga,H,SV Sandhausen
2122,Holstein Kiel,2022-03-11,2. Bundesliga,A,Hansa Rostock
2122,Bayern Munich,2022-03-12,Bundesliga,A,Hoffenheim
2122,Fortuna Dusseldorf,2022-03-12,2. Bundesliga,A,Paderborn
2122,Freiburg,2022-03-12,Bundesliga,H,Wolfsburg
2122,Heidenheim,2022-03-12,2. Bundesliga,H,Werder Bremen
2122,Hertha,2022-03-12,Bundesliga,A,M'gladbach
2122,Hoffenheim,2022-03-12,Bundesliga,H,Bayern Munich
2122,M'gladbach,2022-03-12,Bundesliga,H,Hertha
2122,Paderborn,2022-03-12,2. Bundesliga,H,Fortuna Dusseldorf
2122,St Pauli,2022-03-12,2. Bundesliga,A,Dynamo Dresden
2122,Stuttgart,2022-03-12,Bundesliga,A,Union Berlin
2122,Union Berlin,2022-03-12,Bundesliga,H,Stuttgart
2122,Werder Bremen,2022-03-12,2. Bundesliga,A,Heidenheim
2122,Wolfsburg,2022-03-12,Bundesliga,A,Freiburg
2122,Bielefeld,2022-03-13,Bundesliga,A,Dortmund
2122,Bochum,2022-03-13,Bundesliga,A,Ein Frankfurt
2122,Dortmund,2022-03-13,Bundesliga,H,Bielefeld
2122,Ein Frankfurt,2022-03-13,Bundesliga,H,Bochum
2122,FC Koln,2022-03-13,Bundesliga,A,Leverkusen
2122,Greuther Furth,2022-03-13,Bundesliga,H,RB Leipzig
2122,Hannover,2022-03-13,2. Bundesliga,H,Nurnberg
2122,Leverkusen,2022-03-13,Bundesliga,H,FC Koln
2122,Nurnberg,2022-03-13,2. Bundesliga,A,Hannover
2122,RB Leipzig,2022-03-13,Bundesliga,A,Greuther Furth
2122,Schalke 04,2022-03-13,2. Bundesliga,A,FC Ingolstadt 04
2122,Dortmund,2022-03-16,Bundesliga,A,Mainz
2122,Mainz,2022-03-16,Bundesliga,H,Dortmund
2122,Ein Frankfurt,2022-03-17,Europa League,H,Betis
2122,Leverkusen,2022-03-17,Europa League,H,Atalanta
2122,RB Leipzig,2022-03-17,Europa League,A,Spartak Moskva
2122,Bochum,2022-03-18,Bundesliga,H,M'gladbach
2122,Heidenheim,2022-03-18,2. Bundesliga,A,St Pauli
2122,M'gladbach,2022-03-18,Bundesliga,A,Bochum
2122,St Pauli,2022-03-18,2. Bundesliga,H,Heidenheim
2122,Augsburg,2022-03-19,Bundesliga,A,Stuttgart
2122,Bayern Munich,2022-03-19,Bundesliga,H,Union Berlin
2122,Bielefeld,2022-03-19,Bundesliga,A,Mainz
2122,Darmstadt,2022-03-19,2. Bundesliga,A,Werder Bremen
2122,Fortuna Dusseldorf,2022-03-19,2. Bundesliga,H,Hamburg
2122,Freiburg,2022-03-19,Bundesliga,A,Greuther Furth
2122,Greuther Furth,2022-03-19,Bundesliga,H,Freiburg
2122,Hamburg,2022-03-19,2. Bundesliga,A,Fortuna Dusseldorf
2122,Hannover,2022-03-19,2. Bundesliga,A,Schalke 04
2122,Hertha,2022-03-19,Bundesliga,H,Hoffenheim
2122,Hoffenheim,2022-03-19,Bundesliga,A,Hertha
2122,Mainz,2022-03-19,Bundesliga,H,Bielefeld
2122,Schalke 04,2022-03-19,2. Bundesliga,H,Hannover
2122,Stuttgart,2022-03-19,Bundesliga,H,Augsburg
2122,Union Berlin,2022-03-19,Bundesliga,A,Bayern Munich
2122,Werder Bremen,2022-03-19,2. Bundesliga,H,Darmstadt
2122,Dortmund,2022-03-20,Bundesliga,A,FC Koln
2122,Ein Frankfurt,2022-03-20,Bundesliga,A,RB Leipzig
2122,FC Koln,2022-03-20,Bundesliga,H,Dortmund
2122,Holstein Kiel,2022-03-20,2. Bundesliga,H,FC Ingolstadt 04
2122,Leverkusen,2022-03-20,Bundesliga,A,Wolfsburg
2122,Nurnberg,2022-03-20,2. Bundesliga,H,Dynamo Dresden
2122,Paderborn,2022-03-20,2. Bundesliga,A,Jahn Regensburg
2122,RB Leipzig,2022-03-20,Bundesliga,H,Ein Frankfurt
2122,Wolfsburg,2022-03-20,Bundesliga,H,Leverkusen
2122,FC Koln,2022-04-01,Bundesliga,A,Union Berlin
2122,Schalke 04,2022-04-01,2. Bundesliga,A,Dynamo Dresden
2122,Union Berlin,2022-04-01,Bundesliga,H,FC Koln
2122,Bayern Munich,2022-04-02,Bundesliga,A,Freiburg
2122,Bielefeld,2022-04-02,Bundesliga,H,Stuttgart
2122,Bochum,2022-04-02,Bundesliga,A,Hoffenheim
2122,Darmstadt,2022-04-02,2. Bundesliga,H,Holstein Kiel
2122,Dortmund,2022-04-02,Bundesliga,H,RB Leipzig
2122,Ein Frankfurt,2022-04-02,Bundesliga,H,Greuther Furth
2122,Freiburg,2022-04-02,Bundesliga,H,Bayern Munich
2122,Greuther Furth,2022-04-02,Bundesliga,A,Ein Frankfurt
2122,Hamburg,2022-04-02,2. Bundesliga,H,Paderborn
2122,Hannover,2022-04-02,2. Bundesliga,H,Jahn Regensburg
2122,Hertha,2022-04-02,Bundesliga,A,Leverkusen
2122,Hoffenheim,2022-04-02,Bundesliga,H,Bochum
2122,Holstein Kiel,2022-04-02,2. Bundesliga,A,Darmstadt
2122,Leverkusen,2022-04-02,Bundesliga,H,Hertha
2122,Paderborn,2022-04-02,2. Bundesliga,A,Hamburg
2122,RB Leipzig,2022-04-02,Bundesliga,A,Dortmund
2122,St Pauli,2022-04-02,2. Bundesliga,A,Hansa Rostock
2122,Stuttgart,2022-04-02,Bundesliga,A,Bielefeld
2122,Augsburg,2022-04-03,Bundesliga,H,Wolfsburg
2122,Fortuna Dusseldorf,2022-04-03,2. Bundesliga,A,Karlsruher SC
2122,Heidenheim,2022-04-03,2. Bundesliga,H,Nurnberg
2122,M'gladbach,2022-04-03,Bundesliga,H,Mainz
2122,Mainz,2022-04-03,Bundesliga,A,M'gladbach
2122,Nurnberg,2022-04-03,2. Bundesliga,A,Heidenheim
2122,Werder Bremen,2022-04-03,2. Bundesliga,H,SV Sandhausen
2122,Wolfsburg,2022-04-03,Bundesliga,A,Augsburg
2122,Hamburg,2022-04-05,2. Bundesliga,H,Erzgebirge Aue
2122,Augsburg,2022-04-06,Bundesliga,H,Mainz
2122,Bayern Munich,2022-04-06,Champions League,A,Villarreal
2122,Mainz,2022-04-06,Bundesliga,A,Augsburg
2122,Ein Frankfurt,2022-04-07,Europa League,H,Barcelona
2122,RB Leipzig,2022-04-07,Europa League,H,Atalanta
2122,Dortmund,2022-04-08,Bundesliga,A,Stuttgart
2122,Fortuna Dusseldorf,2022-04-08,2. Bundesliga,H,Hansa Rostock
2122,Stuttgart,2022-04-08,Bundesliga,H,Dortmund
2122,Augsburg,2022-04-09,Bundesliga,A,Bayern Munich
2122,Bayern Munich,2022-04-09,Bundesliga,H,Augsburg
2122,Bielefeld,2022-04-09,Bundesliga,A,Wolfsburg
2122,Darmstadt,2022-04-09,2. Bundesliga,A,Nurnberg
2122,FC Koln,2022-04-09,Bundesliga,H,Mainz
2122,Greuther Furth,2022-04-09,Bundesliga,H,M'gladbach
2122,Hannover,2022-04-09,2. Bundesliga,A,Erzgebirge Aue
2122,Heidenheim,2022-04-09,2. Bundesliga,A,Schalke 04
2122,Hertha,2022-04-09,Bundesliga,H,Union Berlin
2122,M'gladbach,2022-04-09,Bundesliga,A,Greuther Furth
2122,Mainz,2022-04-09,Bundesliga,A,FC Koln
2122,Nurnberg,2022-04-09,2. Bundesliga,H,Darmstadt
2122,Schalke 04,2022-04-09,2. Bundesliga,H,Heidenheim
2122,St Pauli,2022-04-09,2. Bundesliga,H,Werder Bremen
2122,Union Berlin,2022-04-09,Bundesliga,A,Hertha
2122,Werder Bremen,2022-04-09,2. Bundesliga,A,St Pauli
2122,Wolfsburg,2022-04-09,Bundesliga,H,Bielefeld
2122,Bochum,2022-04-10,Bundesliga,H,Leverkusen
2122,Ein Frankfurt,2022-04-10,Bundesliga,H,Freiburg
2122,Freiburg,2022-04-10,Bundesliga,A,Ein Frankfurt
2122,Hamburg,2022-04-10,2. Bundesliga,A,Holstein Kiel
2122,Hoffenheim,2022-04-10,Bundesliga,A,RB Leipzig
2122,Holstein Kiel,2022-04-10,2. Bundesliga,H,Hamburg
2122,Leverkusen,2022-04-10,Bundesliga,A,Bochum
2122,Paderborn,2022-04-10,2. Bundesliga,H,Karlsruher SC
2122,RB Leipzig,2022-04-10,Bundesliga,H,Hoffenheim
2122,Bayern Munich,2022-04-12,Champions League,H,Villarreal
2122,Ein Frankfurt,2022-04-14,Europa League,A,Barcelona
2122,RB Leipzig,2022-04-14,Europa League,A,Atalanta
2122,Augsburg,2022-04-16,Bundesliga,H,Hertha
2122,Bochum,2022-04-16,Bundesliga,A,Freiburg
2122,Dortmund,2022-04-16,Bundesliga,H,Wolfsburg
2122,FC Koln,2022-04-16,Bundesliga,A,M'gladbach
2122,Fortuna Dusseldorf,2022-04-16,2. Bundesliga,A,Hannover
2122,Freiburg,2022-04-16,Bundesliga,H,Bochum
2122,Hamburg,2022-04-16,2. Bundesliga,H,Karlsruher SC
2122,Hannover,2022-04-16,2. Bundesliga,H,Fortuna Dusseldorf
2122,Hertha,2022-04-16,Bundesliga,A,Augsburg
2122,Holstein Kiel,2022-04-16,2. Bundesliga,A,Dynamo Dresden
2122,M'gladbach,2022-04-16,Bundesliga,H,FC Koln
2122,Mainz,2022-04-16,Bundesliga,H,Stuttgart
2122,St Pauli,2022-04-16,2. Bundesliga,A,SV Sandhausen
2122,Stuttgart,2022-04-16,Bundesliga,A,Mainz
2122,Wolfsburg,2022-04-16,Bundesliga,A,Dortmund
2122,Bayern Munich,2022-04-17,Bundesliga,A,Bielefeld
2122,Bielefeld,2022-04-17,Bundesliga,H,Bayern Munich
2122,Darmstadt,2022-04-17,2. Bundesliga,H,Schalke 04
2122,Ein Frankfurt,2022-04-17,Bundesliga,A,Union Berlin
2122,Greuther Furth,2022-04-17,Bundesliga,A,Hoffenheim
2122,Heidenheim,2022-04-17,2. Bundesliga,H,Erzgebirge Aue
2122,Hoffenheim,2022-04-17,Bundesliga,H,Greuther Furth
2122,Leverkusen,2022-04-17,Bundesliga,H,RB Leipzig
2122,Nurnberg,2022-04-17,2. Bundesliga,A,Werder Bremen
2122,Paderborn,2022-04-17,2. Bundesliga,A,FC Ingolstadt 04
2122,RB Leipzig,2022-04-17,Bundesliga,A,Leverkusen
2122,Schalke 04,2022-04-17,2. Bundesliga,A,Darmstadt
2122,Union Berlin,2022-04-17,Bundesliga,H,Ein Frankfurt
2122,Werder Bremen,2022-04-17,2. Bundesliga,H,Nurnberg
2122,Freiburg,2022-04-19,DFB-Pokal,A,Hamburg
2122,Hamburg,2022-04-19,DFB-Pokal,H,Freiburg
2122,RB Leipzig,2022-04-20,DFB-Pokal,H,Union Berlin
2122,Union Berlin,2022-04-20,DFB-Pokal,A,RB Leipzig
2122,Fortuna Dusseldorf,2022-04-22,2. Bundesliga,H,Dynamo Dresden
2122,Mainz,2022-04-22,Bundesliga,A,Wolfsburg
2122,Wolfsburg,2022-04-22,Bundesliga,H,Mainz
2122,Bayern Munich,2022-04-23,Bundesliga,H,Dortmund
2122,Bielefeld,2022-04-23,Bundesliga,A,FC Koln
2122,Darmstadt,2022-04-23,2. Bundesliga,A,St Pauli
2122,Dortmund,2022-04-23,Bundesliga,A,Bayern Munich
2122,Ein Frankfurt,2022-04-23,Bundesliga,H,Hoffenheim
2122,FC Koln,2022-04-23,Bundesliga,H,Bielefeld
2122,Freiburg,2022-04-23,Bundesliga,H,M'gladbach
2122,Greuther Furth,2022-04-23,Bundesliga,H,Leverkusen
2122,Hamburg,2022-04-23,2. Bundesliga,A,Jahn Regensburg
2122,Heidenheim,2022-04-23,2. Bundesliga,A,Holstein Kiel
2122,Hoffenheim,2022-04-23,Bundesliga,A,Ein Frankfurt
2122,Holstein Kiel,2022-04-23,2. Bundesliga,H,Heidenheim
2122,Leverkusen,2022-04-23,Bundesliga,A,Greuther Furth
2122,M'gladbach,2022-04-23,Bundesliga,A,Freiburg
2122,RB Leipzig,2022-04-23,Bundesliga,H,Union Berlin
2122,Schalke 04,2022-04-23,2. Bundesliga,H,Werder Bremen
2122,St Pauli,2022-04-23,2. Bundesliga,H,Darmstadt
2122,Union Berlin,2022-04-23,Bundesliga,A,RB Leipzig
2122,Werder Bremen,2022-04-23,2. Bundesliga,A,Schalke 04
2122,Augsburg,2022-04-24,Bundesliga,A,Bochum
2122,Bochum,2022-04-24,Bundesliga,H,Augsburg
2122,Hannover,2022-04-24,2. Bundesliga,A,Paderborn
2122,Hertha,2022-04-24,Bundesliga,H,Stuttgart
2122,Nurnberg,2022-04-24,2. Bundesliga,H,SV Sandhausen
2122,Paderborn,2022-04-24,2. Bundesliga,H,Hannover
2122,Stuttgart,2022-04-24,Bundesliga,A,Hertha
2122,Ein Frankfurt,2022-04-28,Europa League,A,West Ham
2122,RB Leipzig,2022-04-28,Europa League,H,Rangers FC
2122,Fortuna Dusseldorf,2022-04-29,2. Bundesliga,A,Heidenheim
2122,Greuther Furth,2022-04-29,Bundesliga,A,Union Berlin
2122,Hannover,2022-04-29,2. Bundesliga,H,Karlsruher SC
2122,Heidenheim,2022-04-29,2. Bundesliga,H,Fortuna Dusseldorf
2122,Holstein Kiel,2022-04-29,2. Bundesliga,A,Werder Bremen
2122,Nurnberg,2022-04-29,2. Bundesliga,A,St Pauli
2122,Schalke 04,2022-04-29,2. Bundesliga,A,SV Sandhausen
2122,St Pauli,2022-04-29,2. Bundesliga,H,Nurnberg
2122,Union Berlin,2022-04-29,Bundesliga,H,Greuther Furth
2122,Werder Bremen,2022-04-29,2. Bundesliga,H,Holstein Kiel
2122,Augsburg,2022-04-30,Bundesliga,H,FC Koln
2122,Bayern Munich,2022-04-30,Bundesliga,A,Mainz
2122,Bielefeld,2022-04-30,Bundesliga,H,Hertha
2122,Bochum,2022-04-30,Bundesliga,A,Dortmund
2122,Darmstadt,2022-04-30,2. Bundesliga,H,Erzgebirge Aue
2122,Dortmund,2022-04-30,Bundesliga,H,Bochum
2122,FC Koln,2022-04-30,Bundesliga,A,Augsburg
2122,Freiburg,2022-04-30,Bundesliga,A,Hoffenheim
2122,Hamburg,2022-04-30,2. Bundesliga,A,FC Ingolstadt 04
2122,Hertha,2022-04-30,Bundesliga,A,Bielefeld
2122,Hoffenheim,2022-04-30,Bundesliga,H,Freiburg
2122,Mainz,2022-04-30,Bundesliga,H,Bayern Munich
2122,Paderborn,2022-04-30,2. Bundesliga,A,Hansa Rostock
2122,Stuttgart,2022-04-30,Bundesliga,H,Wolfsburg
2122,Wolfsburg,2022-04-30,Bundesliga,A,Stuttgart
2122,Ein Frankfurt,2022-05-02,Bundesliga,A,Leverkusen
2122,Leverkusen,2022-05-02,Bundesliga,H,Ein Frankfurt
2122,M'gladbach,2022-05-02,Bundesliga,H,RB Leipzig
2122,RB Leipzig,2022-05-02,Bundesliga,A,M'gladbach
2122,Ein Frankfurt,2022-05-05,Europa League,H,West Ham
2122,RB Leipzig,2022-05-05,Europa League,A,Rangers FC
2122,Bielefeld,2022-05-06,Bundesliga,A,Bochum
2122,Bochum,2022-05-06,Bundesliga,H,Bielefeld
2122,Darmstadt,2022-05-06,2. Bundesliga,A,Fortuna Dusseldorf
2122,Fortuna Dusseldorf,2022-05-06,2. Bundesliga,H,Darmstadt
2122,Paderborn,2022-05-06,2. Bundesliga,H,SV Sandhausen
2122,Dortmund,2022-05-07,Bundesliga,A,Greuther Furth
2122,FC Koln,2022-05-07,Bundesliga,H,Wolfsburg
2122,Freiburg,2022-05-07,Bundesliga,H,Union Berlin
2122,Greuther Furth,2022-05-07,Bundesliga,H,Dortmund
2122,Hamburg,2022-05-07,2. Bundesliga,H,Hannover
2122,Hannover,2022-05-07,2. Bundesliga,A,Hamburg
2122,Heidenheim,2022-05-07,2. Bundesliga,A,Jahn Regensburg
2122,Hertha,2022-05-07,Bundesliga,H,Mainz
2122,Hoffenheim,2022-05-07,Bundesliga,H,Leverkusen
2122,Leverkusen,2022-05-07,Bundesliga,A,Hoffenheim
2122,Mainz,2022-05-07,Bundesliga,A,Hertha
2122,Schalke 04,2022-05-07,2. Bundesliga,H,St Pauli
2122,St Pauli,2022-05-07,2. Bundesliga,A,Schalke 04
2122,Union Berlin,2022-05-07,Bundesliga,A,Freiburg
2122,Wolfsburg,2022-05-07,Bundesliga,A,FC Koln
2122,Augsburg,2022-05-08,Bundesliga,A,RB Leipzig
2122,Bayern Munich,2022-05-08,Bundesliga,H,Stuttgart
2122,Ein Frankfurt,2022-05-08,Bundesliga,H,M'gladbach
2122,Holstein Kiel,2022-05-08,2. Bundesliga,H,Nurnberg
2122,M'gladbach,2022-05-08,Bundesliga,A,Ein Frankfurt
2122,Nurnberg,2022-05-08,2. Bundesliga,A,Holstein Kiel
2122,RB Leipzig,2022-05-08,Bundesliga,H,Augsburg
2122,Stuttgart,2022-05-08,Bundesliga,A,Bayern Munich
2122,Werder Bremen,2022-05-08,2. Bundesliga,A,Erzgebirge Aue
2122,Augsburg,2022-05-14,Bundesliga,H,Greuther Furth
2122,Bayern Munich,2022-05-14,Bundesliga,A,Wolfsburg
2122,Bielefeld,2022-05-14,Bundesliga,H,RB Leipzig
2122,Bochum,2022-05-14,Bundesliga,A,Union Berlin
2122,Dortmund,2022-05-14,Bundesliga,H,Hertha
2122,Ein Frankfurt,2022-05-14,Bundesliga,A,Mainz
2122,FC Koln,2022-05-14,Bundesliga,A,Stuttgart
2122,Freiburg,2022-05-14,Bundesliga,A,Leverkusen
2122,Greuther Furth,2022-05-14,Bundesliga,A,Augsburg
2122,Hertha,2022-05-14,Bundesliga,A,Dortmund
2122,Hoffenheim,2022-05-14,Bundesliga,A,M'gladbach
2122,Leverkusen,2022-05-14,Bundesliga,H,Freiburg
2122,M'gladbach,2022-05-14,Bundesliga,H,Hoffenheim
2122,Mainz,2022-05-14,Bundesliga,H,Ein Frankfurt
2122,RB Leipzig,2022-05-14,Bundesliga,A,Bielefeld
2122,Stuttgart,2022-05-14,Bundesliga,H,FC Koln
2122,Union Berlin,2022-05-14,Bundesliga,H,Bochum
2122,Wolfsburg,2022-05-14,Bundesliga,H,Bayern Munich
2122,Darmstadt,2022-05-15,2. Bundesliga,H,Paderborn
2122,Fortuna Dusseldorf,2022-05-15,2. Bundesliga,A,St Pauli
2122,Hamburg,2022-05-15,2. Bundesliga,A,Hansa Rostock
2122,Hannover,2022-05-15,2. Bundesliga,H,FC Ingolstadt 04
2122,Heidenheim,2022-05-15,2. Bundesliga,H,Karlsruher SC
2122,Holstein Kiel,2022-05-15,2. Bundesliga,A,SV Sandhausen
2122,Nurnberg,2022-05-15,2. Bundesliga,H,Schalke 04
2122,Paderborn,2022-05-15,2. Bundesliga,A,Darmstadt
2122,Schalke 04,2022-05-15,2. Bundesliga,A,Nurnberg
2122,St Pauli,2022-05-15,2. Bundesliga,H,Fortuna Dusseldorf
2122,Werder Bremen,2022-05-15,2. Bundesliga,H,Jahn Regensburg
2122,Ein Frankfurt,2022-05-18,Europa League,H,Rangers FC
2122,Freiburg,2022-05-21,DFB-Pokal,H,RB Leipzig
2122,RB Leipzig,2022-05-21,DFB-Pokal,A,Freiburg
2223,Hannover,2022-07-15,2. Bundesliga,A,1. FC Kaiserslautern
2223,Bielefeld,2022-07-16,2. Bundesliga,A,SV Sandhausen
2223,Darmstadt,2022-07-16,2. Bundesliga,A,Jahn Regensburg
2223,Fortuna Dusseldorf,2022-07-16,2. Bundesliga,A,1. FC Magdeburg
2223,Greuther Furth,2022-07-16,2. Bundesliga,H,Holstein Kiel
2223,Holstein Kiel,2022-07-16,2. Bundesliga,A,Greuther Furth
2223,Nurnberg,2022-07-16,2. Bundesliga,A,St Pauli
2223,St Pauli,2022-07-16,2. Bundesliga,H,Nurnberg
2223,Hamburg,2022-07-17,2. Bundesliga,A,Eintracht Braunschweig
2223,Heidenheim,2022-07-17,2. Bundesliga,A,Hansa Rostock
2223,Paderborn,2022-07-17,2. Bundesliga,H,Karlsruher SC
2223,Darmstadt,2022-07-22,2. Bundesliga,H,SV Sandhausen
2223,Fortuna Dusseldorf,2022-07-22,2. Bundesliga,H,Paderborn
2223,Paderborn,2022-07-22,2. Bundesliga,A,Fortuna Dusseldorf
2223,Greuther Furth,2022-07-23,2. Bundesliga,A,Nurnberg
2223,Hannover,2022-07-23,2. Bundesliga,H,St Pauli
2223,Heidenheim,2022-07-23,2. Bundesliga,H,Eintracht Braunschweig
2223,Holstein Kiel,2022-07-23,2. Bundesliga,H,1. FC Kaiserslautern
2223,Nurnberg,2022-07-23,2. Bundesliga,H,Greuther Furth
2223,St Pauli,2022-07-23,2. Bundesliga,A,Hannover
2223,Bielefeld,2022-07-24,2. Bundesliga,H,Jahn Regensburg
2223,Hamburg,2022-07-24,2. Bundesliga,H,Hansa Rostock
2223,Dortmund,2022-07-29,DFB-Pokal,A,TSV 1860 München
2223,Nurnberg,2022-07-29,DFB-Pokal,A,1. FC Kaan-Marienborn
2223,Stuttgart,2022-07-29,DFB-Pokal,A,Dynamo Dresden
2223,Bayern Munich,2022-07-30,DFL-Supercup,A,RB Leipzig
2223,Bochum,2022-07-30,DFB-Pokal,A,FC Viktoria 1889 Berlin
2223,FC Koln,2022-07-30,DFB-Pokal,A,Jahn Regensburg
2223,Fortuna Dusseldorf,2022-07-30,DFB-Pokal,A,Kickers Offenbach
2223,Greuther Furth,2022-07-30,DFB-Pokal,A,Stuttgarter Kickers
2223,Hamburg,2022-07-30,DFB-Pokal,A,SpVgg Bayreuth
2223,Heidenheim,2022-07-30,DFB-Pokal,A,FV Illertissen
2223,Leverkusen,2022-07-30,DFB-Pokal,A,SV 07 Elversberg
2223,Paderborn,2022-07-30,DFB-Pokal,A,Einheit Wernigerode
2223,RB Leipzig,2022-07-30,DFL-Supercup,H,Bayern Munich
2223,St Pauli,2022-07-30,DFB-Pokal,A,SV 19 Straelen
2223,Wolfsburg,2022-07-30,DFB-Pokal,A,FC Carl Zeiss Jena
2223,Augsburg,2022-07-31,DFB-Pokal,A,Blau-Weiß Lohne
2223,Bielefeld,2022-07-31,DFB-Pokal,A,FV Engers 07
2223,Freiburg,2022-07-31,DFB-Pokal,A,1. FC Kaiserslautern
2223,Hannover,2022-07-31,DFB-Pokal,A,TSV Schott Mainz
2223,Hertha,2022-07-31,DFB-Pokal,A,Eintracht Braunschweig
2223,Hoffenheim,2022-07-31,DFB-Pokal,A,SV Rödinghausen
2223,Holstein Kiel,2022-07-31,DFB-Pokal,A,Waldhof Mannheim
2223,M'gladbach,2022-07-31,DFB-Pokal,A,SV Oberachern
2223,Mainz,2022-07-31,DFB-Pokal,A,Erzgebirge Aue
2223,Schalke 04,2022-07-31,DFB-Pokal,A,Bremer SV
2223,Darmstadt,2022-08-01,DFB-Pokal,A,FC Ingolstadt 04
2223,Ein Frankfurt,2022-08-01,DFB-Pokal,A,1. FC Magdeburg
2223,Union Berlin,2022-08-01,DFB-Pokal,A,Chemnitzer FC
2223,Werder Bremen,2022-08-01,DFB-Pokal,A,Energie Cottbus
2223,Bayern Munich,2022-08-05,Bundesliga,A,Ein Frankfurt
2223,Ein Frankfurt,2022-08-05,Bundesliga,H,Bayern Munich
2223,Fortuna Dusseldorf,2022-08-05,2. Bundesliga,A,SV Sandhausen
2223,Greuther Furth,2022-08-05,2. Bundesliga,H,Karlsruher SC
2223,Augsburg,2022-08-06,Bundesliga,H,Freiburg
2223,Bielefeld,2022-08-06,2. Bundesliga,A,Hansa Rostock
2223,Bochum,2022-08-06,Bundesliga,H,Mainz
2223,Dortmund,2022-08-06,Bundesliga,H,Leverkusen
2223,Freiburg,2022-08-06,Bundesliga,A,Augsburg
2223,Hamburg,2022-08-06,2. Bundesliga,H,Heidenheim
2223,Hannover,2022-08-06,2. Bundesliga,A,Paderborn
2223,Heidenheim,2022-08-06,2. Bundesliga,A,Hamburg
2223,Hertha,2022-08-06,Bundesliga,A,Union Berlin
2223,Hoffenheim,2022-08-06,Bundesliga,A,M'gladbach
2223,Leverkusen,2022-08-06,Bundesliga,A,Dortmund
2223,M'gladbach,2022-08-06,Bundesliga,H,Hoffenheim
2223,Mainz,2022-08-06,Bundesliga,A,Bochum
2223,Nurnberg,2022-08-06,2. Bundesliga,A,Jahn Regensburg
2223,Paderborn,2022-08-06,2. Bundesliga,H,Hannover
2223,Union Berlin,2022-08-06,Bundesliga,H,Hertha
2223,Werder Bremen,2022-08-06,Bundesliga,A,Wolfsburg
2223,Wolfsburg,2022-08-06,Bundesliga,H,Werder Bremen
2223,Darmstadt,2022-08-07,2. Bundesliga,A,Eintracht Braunschweig
2223,FC Koln,2022-08-07,Bundesliga,H,Schalke 04
2223,Holstein Kiel,2022-08-07,2. Bundesliga,A,1. FC Magdeburg
2223,RB Leipzig,2022-08-07,Bundesliga,A,Stuttgart
2223,Schalke 04,2022-08-07,Bundesliga,A,FC Koln
2223,St Pauli,2022-08-07,2. Bundesliga,A,1. FC Kaiserslautern
2223,Stuttgart,2022-08-07,Bundesliga,H,RB Leipzig
2223,Ein Frankfurt,2022-08-10,UEFA Super Cup,A,Real Madrid
2223,Dortmund,2022-08-12,Bundesliga,A,Freiburg
2223,Freiburg,2022-08-12,Bundesliga,H,Dortmund
2223,Heidenheim,2022-08-12,2. Bundesliga,A,Nurnberg
2223,Nurnberg,2022-08-12,2. Bundesliga,H,Heidenheim
2223,Paderborn,2022-08-12,2. Bundesliga,A,1. FC Kaiserslautern
2223,Augsburg,2022-08-13,Bundesliga,A,Leverkusen
2223,Bielefeld,2022-08-13,2. Bundesliga,H,Hamburg
2223,Bochum,2022-08-13,Bundesliga,A,Hoffenheim
2223,Darmstadt,2022-08-13,2. Bundesliga,H,Hansa Rostock
2223,Ein Frankfurt,2022-08-13,Bundesliga,A,Hertha
2223,FC Koln,2022-08-13,Bundesliga,A,RB Leipzig
2223,Hamburg,2022-08-13,2. Bundesliga,A,Bielefeld
2223,Hertha,2022-08-13,Bundesliga,H,Ein Frankfurt
2223,Hoffenheim,2022-08-13,Bundesliga,H,Bochum
2223,Holstein Kiel,2022-08-13,2. Bundesliga,H,Eintracht Braunschweig
2223,Leverkusen,2022-08-13,Bundesliga,H,Augsburg
2223,M'gladbach,2022-08-13,Bundesliga,A,Schalke 04
2223,RB Leipzig,2022-08-13,Bundesliga,H,FC Koln
2223,Schalke 04,2022-08-13,Bundesliga,H,M'gladbach
2223,Stuttgart,2022-08-13,Bundesliga,A,Werder Bremen
2223,Werder Bremen,2022-08-13,Bundesliga,H,Stuttgart
2223,Bayern Munich,2022-08-14,Bundesliga,H,Wolfsburg
2223,Fortuna Dusseldorf,2022-08-14,2. Bundesliga,H,Greuther Furth
2223,Greuther Furth,2022-08-14,2. Bundesliga,A,Fortuna Dusseldorf
2223,Hannover,2022-08-14,2. Bundesliga,H,Jahn Regensburg
2223,Mainz,2022-08-14,Bundesliga,H,Union Berlin
2223,St Pauli,2022-08-14,2. Bundesliga,H,1. FC Magdeburg
2223,Union Berlin,2022-08-14,Bundesliga,A,Mainz
2223,Wolfsburg,2022-08-14,Bundesliga,A,Bayern Munich
2223,FC Koln,2022-08-18,Conference League (qual.),H,MOL Fehérvár
2223,Darmstadt,2022-08-19,2. Bundesliga,A,Hamburg
2223,Hamburg,2022-08-19,2. Bundesliga,H,Darmstadt
2223,Hannover,2022-08-19,2. Bundesliga,A,1. FC Magdeburg
2223,Hertha,2022-08-19,Bundesliga,A,M'gladbach
2223,M'gladbach,2022-08-19,Bundesliga,H,Hertha
2223,Augsburg,2022-08-20,Bundesliga,H,Mainz
2223,Dortmund,2022-08-20,Bundesliga,H,Werder Bremen
2223,Fortuna Dusseldorf,2022-08-20,2. Bundesliga,A,Eintracht Braunschweig
2223,Freiburg,2022-08-20,Bundesliga,A,Stuttgart
2223,Hoffenheim,2022-08-20,Bundesliga,A,Leverkusen
2223,Holstein Kiel,2022-08-20,2. Bundesliga,A,Paderborn
2223,Leverkusen,2022-08-20,Bundesliga,H,Hoffenheim
2223,Mainz,2022-08-20,Bundesliga,A,Augsburg
2223,Nurnberg,2022-08-20,2. Bundesliga,A,SV Sandhausen
2223,Paderborn,2022-08-20,2. Bundesliga,H,Holstein Kiel
2223,RB Leipzig,2022-08-20,Bundesliga,A,Union Berlin
2223,Schalke 04,2022-08-20,Bundesliga,A,Wolfsburg
2223,Stuttgart,2022-08-20,Bundesliga,H,Freiburg
2223,Union Berlin,2022-08-20,Bundesliga,H,RB Leipzig
2223,Werder Bremen,2022-08-20,Bundesliga,A,Dortmund
2223,Wolfsburg,2022-08-20,Bundesliga,H,Schalke 04
2223,Bayern Munich,2022-08-21,Bundesliga,A,Bochum
2223,Bielefeld,2022-08-21,2. Bundesliga,A,Heidenheim
2223,Bochum,2022-08-21,Bundesliga,H,Bayern Munich
2223,Ein Frankfurt,2022-08-21,Bundesliga,H,FC Koln
2223,FC Koln,2022-08-21,Bundesliga,A,Ein Frankfurt
2223,Greuther Furth,2022-08-21,2. Bundesliga,H,1. FC Kaiserslautern
2223,Heidenheim,2022-08-21,2. Bundesliga,H,Bielefeld
2223,St Pauli,2022-08-21,2. Bundesliga,A,Hansa Rostock
2223,FC Koln,2022-08-25,Conference League (qual.),A,MOL Fehérvár
2223,Bielefeld,2022-08-26,2. Bundesliga,H,Eintracht Braunschweig
2223,Bochum,2022-08-26,Bundesliga,A,Freiburg
2223,Fortuna Dusseldorf,2022-08-26,2. Bundesliga,H,Jahn Regensburg
2223,Freiburg,2022-08-26,Bundesliga,H,Bochum
2223,Augsburg,2022-08-27,Bundesliga,A,Hoffenheim
2223,Bayern Munich,2022-08-27,Bundesliga,H,M'gladbach
2223,Darmstadt,2022-08-27,2. Bundesliga,H,Heidenheim
2223,Dortmund,2022-08-27,Bundesliga,A,Hertha
2223,Hamburg,2022-08-27,2. Bundesliga,A,Nurnberg
2223,Heidenheim,2022-08-27,2. Bundesliga,A,Darmstadt
2223,Hertha,2022-08-27,Bundesliga,H,Dortmund
2223,Hoffenheim,2022-08-27,Bundesliga,H,Augsburg
2223,Leverkusen,2022-08-27,Bundesliga,A,Mainz
2223,M'gladbach,2022-08-27,Bundesliga,A,Bayern Munich
2223,Mainz,2022-08-27,Bundesliga,H,Leverkusen
2223,Nurnberg,2022-08-27,2. Bundesliga,H,Hamburg
2223,Paderborn,2022-08-27,2. Bundesliga,A,St Pauli
2223,RB Leipzig,2022-08-27,Bundesliga,H,Wolfsburg
2223,Schalke 04,2022-08-27,Bundesliga,H,Union Berlin
2223,St Pauli,2022-08-27,2. Bundesliga,H,Paderborn
2223,Union Berlin,2022-08-27,Bundesliga,A,Schalke 04
2223,Wolfsburg,2022-08-27,Bundesliga,A,RB Leipzig
2223,Ein Frankfurt,2022-08-28,Bundesliga,A,Werder Bremen
2223,FC Koln,2022-08-28,Bundesliga,H,Stuttgart
2223,Greuther Furth,2022-08-28,2. Bundesliga,A,Hannover
2223,Hannover,2022-08-28,2. Bundesliga,H,Greuther Furth
2223,Holstein Kiel,2022-08-28,2. Bundesliga,H,SV Sandhausen
2223,Stuttgart,2022-08-28,Bundesliga,A,FC Koln
2223,Werder Bremen,2022-08-28,Bundesliga,H,Ein Frankfurt
2223,RB Leipzig,2022-08-30,DFB-Pokal,A,FC Teutonia 05
2223,Bayern Munich,2022-08-31,DFB-Pokal,A,Viktoria Köln
2223,Dortmund,2022-09-02,Bundesliga,H,Hoffenheim
2223,Fortuna Dusseldorf,2022-09-02,2. Bundesliga,A,Heidenheim
2223,Heidenheim,2022-09-02,2. Bundesliga,H,Fortuna Dusseldorf
2223,Hoffenheim,2022-09-02,Bundesliga,A,Dortmund
2223,Nurnberg,2022-09-02,2. Bundesliga,A,Eintracht Braunschweig
2223,Bayern Munich,2022-09-03,Bundesliga,A,Union Berlin
2223,Bochum,2022-09-03,Bundesliga,H,Werder Bremen
2223,Ein Frankfurt,2022-09-03,Bundesliga,H,RB Leipzig
2223,FC Koln,2022-09-03,Bundesliga,A,Wolfsburg
2223,Freiburg,2022-09-03,Bundesliga,A,Leverkusen
2223,Greuther Furth,2022-09-03,2. Bundesliga,H,St Pauli
2223,Hamburg,2022-09-03,2. Bundesliga,H,Karlsruher SC
2223,Holstein Kiel,2022-09-03,2. Bundesliga,A,Jahn Regensburg
2223,Leverkusen,2022-09-03,Bundesliga,H,Freiburg
2223,Paderborn,2022-09-03,2. Bundesliga,H,1. FC Magdeburg
2223,RB Leipzig,2022-09-03,Bundesliga,A,Ein Frankfurt
2223,Schalke 04,2022-09-03,Bundesliga,A,Stuttgart
2223,St Pauli,2022-09-03,2. Bundesliga,A,Greuther Furth
2223,Stuttgart,2022-09-03,Bundesliga,H,Schalke 04
2223,Union Berlin,2022-09-03,Bundesliga,H,Bayern Munich
2223,Werder Bremen,2022-09-03,Bundesliga,A,Bochum
2223,Wolfsburg,2022-09-03,Bundesliga,H,FC Koln
2223,Augsburg,2022-09-04,Bundesliga,H,Hertha
2223,Bielefeld,2022-09-04,2. Bundesliga,A,Darmstadt
2223,Darmstadt,2022-09-04,2. Bundesliga,H,Bielefeld
2223,Hannover,2022-09-04,2. Bundesliga,A,Hansa Rostock
2223,Hertha,2022-09-04,Bundesliga,A,Augsburg
2223,M'gladbach,2022-09-04,Bundesliga,H,Mainz
2223,Mainz,2022-09-04,Bundesliga,A,M'gladbach
2223,Dortmund,2022-09-06,Champions League,H,FC København
2223,RB Leipzig,2022-09-06,Champions League,H,Shakhtar Donetsk
2223,Bayern Munich,2022-09-07,Champions League,A,Inter
2223,Ein Frankfurt,2022-09-07,Champions League,H,Sporting CP
2223,Leverkusen,2022-09-07,Champions League,A,Club Brugge KV
2223,FC Koln,2022-09-08,Conference League,A,Nice
2223,Freiburg,2022-09-08,Europa League,H,Qarabağ FK
2223,Union Berlin,2022-09-08,Europa League,H,Union Saint-Gilloise
2223,Augsburg,2022-09-09,Bundesliga,A,Werder Bremen
2223,Bielefeld,2022-09-09,2. Bundesliga,A,Nurnberg
2223,Hamburg,2022-09-09,2. Bundesliga,A,Holstein Kiel
2223,Holstein Kiel,2022-09-09,2. Bundesliga,H,Hamburg
2223,Nurnberg,2022-09-09,2. Bundesliga,H,Bielefeld
2223,Werder Bremen,2022-09-09,Bundesliga,H,Augsburg
2223,Bayern Munich,2022-09-10,Bundesliga,H,Stuttgart
2223,Bochum,2022-09-10,Bundesliga,A,Schalke 04
2223,Dortmund,2022-09-10,Bundesliga,A,RB Leipzig
2223,Ein Frankfurt,2022-09-10,Bundesliga,H,Wolfsburg
2223,Fortuna Dusseldorf,2022-09-10,2. Bundesliga,H,Hansa Rostock
2223,Hannover,2022-09-10,2. Bundesliga,H,Eintracht Braunschweig
2223,Heidenheim,2022-09-10,2. Bundesliga,A,Karlsruher SC
2223,Hertha,2022-09-10,Bundesliga,H,Leverkusen
2223,Hoffenheim,2022-09-10,Bundesliga,H,Mainz
2223,Leverkusen,2022-09-10,Bundesliga,A,Hertha
2223,Mainz,2022-09-10,Bundesliga,A,Hoffenheim
2223,Paderborn,2022-09-10,2. Bundesliga,H,Jahn Regensburg
2223,RB Leipzig,2022-09-10,Bundesliga,H,Dortmund
2223,Schalke 04,2022-09-10,Bundesliga,H,Bochum
2223,Stuttgart,2022-09-10,Bundesliga,A,Bayern Munich
2223,Wolfsburg,2022-09-10,Bundesliga,A,Ein Frankfurt
2223,Darmstadt,2022-09-11,2. Bundesliga,A,1. FC Kaiserslautern
2223,FC Koln,2022-09-11,Bundesliga,H,Union Berlin
2223,Freiburg,2022-09-11,Bundesliga,H,M'gladbach
2223,Greuther Furth,2022-09-11,2. Bundesliga,A,1. FC Magdeburg
2223,M'gladbach,2022-09-11,Bundesliga,A,Freiburg
2223,St Pauli,2022-09-11,2. Bundesliga,H,SV Sandhausen
2223,Union Berlin,2022-09-11,Bundesliga,A,FC Koln
2223,Bayern Munich,2022-09-13,Champions League,H,Barcelona
2223,Ein Frankfurt,2022-09-13,Champions League,A,Marseille
2223,Leverkusen,2022-09-13,Champions League,H,Ath Madrid
2223,Dortmund,2022-09-14,Champions League,A,Man City
2223,RB Leipzig,2022-09-14,Champions League,A,Real Madrid
2223,FC Koln,2022-09-15,Conference League,H,1. FC Slovácko
2223,Freiburg,2022-09-15,Europa League,A,Olympiakos Piraeus
2223,Union Berlin,2022-09-15,Europa League,A,Sporting Braga
2223,Hannover,2022-09-16,2. Bundesliga,A,SV Sandhausen
2223,Hertha,2022-09-16,Bundesliga,A,Mainz
2223,Mainz,2022-09-16,Bundesliga,H,Hertha
2223,Augsburg,2022-09-17,Bundesliga,H,Bayern Munich
2223,Bayern Munich,2022-09-17,Bundesliga,A,Augsburg
2223,Bielefeld,2022-09-17,2. Bundesliga,H,Holstein Kiel
2223,Darmstadt,2022-09-17,2. Bundesliga,H,Nurnberg
2223,Dortmund,2022-09-17,Bundesliga,H,Schalke 04
2223,Ein Frankfurt,2022-09-17,Bundesliga,A,Stuttgart
2223,Fortuna Dusseldorf,2022-09-17,2. Bundesliga,A,Hamburg
2223,Hamburg,2022-09-17,2. Bundesliga,H,Fortuna Dusseldorf
2223,Holstein Kiel,2022-09-17,2. Bundesliga,A,Bielefeld
2223,Leverkusen,2022-09-17,Bundesliga,H,Werder Bremen
2223,M'gladbach,2022-09-17,Bundesliga,H,RB Leipzig
2223,Nurnberg,2022-09-17,2. Bundesliga,A,Darmstadt
2223,RB Leipzig,2022-09-17,Bundesliga,A,M'gladbach
2223,Schalke 04,2022-09-17,Bundesliga,A,Dortmund
2223,Stuttgart,2022-09-17,Bundesliga,H,Ein Frankfurt
2223,Werder Bremen,2022-09-17,Bundesliga,A,Leverkusen
2223,Bochum,2022-09-18,Bundesliga,H,FC Koln
2223,FC Koln,2022-09-18,Bundesliga,A,Bochum
2223,Freiburg,2022-09-18,Bundesliga,A,Hoffenheim
2223,Greuther Furth,2022-09-18,2. Bundesliga,H,Paderborn
2223,Heidenheim,2022-09-18,2. Bundesliga,H,1. FC Kaiserslautern
2223,Hoffenheim,2022-09-18,Bundesliga,H,Freiburg
2223,Paderborn,2022-09-18,2. Bundesliga,A,Greuther Furth
2223,St Pauli,2022-09-18,2. Bundesliga,A,Jahn Regensburg
2223,Union Berlin,2022-09-18,Bundesliga,H,Wolfsburg
2223,Wolfsburg,2022-09-18,Bundesliga,A,Union Berlin
2223,Bayern Munich,2022-09-30,Bundesliga,H,Leverkusen
2223,Darmstadt,2022-09-30,2. Bundesliga,A,Paderborn
2223,Hamburg,2022-09-30,2. Bundesliga,A,Hannover
2223,Hannover,2022-09-30,2. Bundesliga,H,Hamburg
2223,Leverkusen,2022-09-30,Bundesliga,A,Bayern Munich
2223,Paderborn,2022-09-30,2. Bundesliga,H,Darmstadt
2223,Bielefeld,2022-10-01,2. Bundesliga,A,Fortuna Dusseldorf
2223,Bochum,2022-10-01,Bundesliga,A,RB Leipzig
2223,Dortmund,2022-10-01,Bundesliga,A,FC Koln
2223,Ein Frankfurt,2022-10-01,Bundesliga,H,Union Berlin
2223,FC Koln,2022-10-01,Bundesliga,H,Dortmund
2223,Fortuna Dusseldorf,2022-10-01,2. Bundesliga,H,Bielefeld
2223,Freiburg,2022-10-01,Bundesliga,H,Mainz
2223,Greuther Furth,2022-10-01,2. Bundesliga,H,SV Sandhausen
2223,Heidenheim,2022-10-01,2. Bundesliga,A,St Pauli
2223,Holstein Kiel,2022-10-01,2. Bundesliga,H,Hansa Rostock
2223,M'gladbach,2022-10-01,Bundesliga,A,Werder Bremen
2223,Mainz,2022-10-01,Bundesliga,A,Freiburg
2223,RB Leipzig,2022-10-01,Bundesliga,H,Bochum
2223,St Pauli,2022-10-01,2. Bundesliga,H,Heidenheim
2223,Stuttgart,2022-10-01,Bundesliga,A,Wolfsburg
2223,Union Berlin,2022-10-01,Bundesliga,A,Ein Frankfurt
2223,Werder Bremen,2022-10-01,Bundesliga,H,M'gladbach
2223,Wolfsburg,2022-10-01,Bundesliga,H,Stuttgart
2223,Augsburg,2022-10-02,Bundesliga,A,Schalke 04
2223,Hertha,2022-10-02,Bundesliga,H,Hoffenheim
2223,Hoffenheim,2022-10-02,Bundesliga,A,Hertha
2223,Nurnberg,2022-10-02,2. Bundesliga,A,Karlsruher SC
2223,Schalke 04,2022-10-02,Bundesliga,H,Augsburg
2223,Bayern Munich,2022-10-04,Champions League,H,Viktoria Plzeň
2223,Ein Frankfurt,2022-10-04,Champions League,H,Tottenham
2223,Leverkusen,2022-10-04,Champions League,A,FC Porto
2223,Dortmund,2022-10-05,Champions League,A,Sevilla
2223,RB Leipzig,2022-10-05,Champions League,H,Celtic FC
2223,FC Koln,2022-10-06,Conference League,H,Partizan
2223,Freiburg,2022-10-06,Europa League,H,Nantes
2223,Union Berlin,2022-10-06,Europa League,A,Malmö FF
2223,Bielefeld,2022-10-07,2. Bundesliga,H,Karlsruher SC
2223,Greuther Furth,2022-10-07,2. Bundesliga,A,Jahn Regensburg
2223,Hoffenheim,2022-10-07,Bundesliga,H,Werder Bremen
2223,Werder Bremen,2022-10-07,Bundesliga,A,Hoffenheim
2223,Augsburg,2022-10-08,Bundesliga,H,Wolfsburg
2223,Bayern Munich,2022-10-08,Bundesliga,A,Dortmund
2223,Bochum,2022-10-08,Bundesliga,H,Ein Frankfurt
2223,Darmstadt,2022-10-08,2. Bundesliga,H,Fortuna Dusseldorf
2223,Dortmund,2022-10-08,Bundesliga,H,Bayern Munich
2223,Ein Frankfurt,2022-10-08,Bundesliga,A,Bochum
2223,Fortuna Dusseldorf,2022-10-08,2. Bundesliga,A,Darmstadt
2223,Hamburg,2022-10-08,2. Bundesliga,H,1. FC Kaiserslautern
2223,Leverkusen,2022-10-08,Bundesliga,H,Schalke 04
2223,Mainz,2022-10-08,Bundesliga,H,RB Leipzig
2223,Paderborn,2022-10-08,2. Bundesliga,A,Hansa Rostock
2223,RB Leipzig,2022-10-08,Bundesliga,A,Mainz
2223,Schalke 04,2022-10-08,Bundesliga,A,Leverkusen
2223,St Pauli,2022-10-08,2. Bundesliga,A,Eintracht Braunschweig
2223,Wolfsburg,2022-10-08,Bundesliga,A,Augsburg
2223,FC Koln,2022-10-09,Bundesliga,A,M'gladbach
2223,Freiburg,2022-10-09,Bundesliga,A,Hertha
2223,Hannover,2022-10-09,2. Bundesliga,A,Heidenheim
2223,Heidenheim,2022-10-09,2. Bundesliga,H,Hannover
2223,Hertha,2022-10-09,Bundesliga,H,Freiburg
2223,Holstein Kiel,2022-10-09,2. Bundesliga,A,Nurnberg
2223,M'gladbach,2022-10-09,Bundesliga,H,FC Koln
2223,Nurnberg,2022-10-09,2. Bundesliga,H,Holstein Kiel
2223,Stuttgart,2022-10-09,Bundesliga,H,Union Berlin
2223,Union Berlin,2022-10-09,Bundesliga,A,Stuttgart
2223,Dortmund,2022-10-11,Champions League,H,Sevilla
2223,RB Leipzig,2022-10-11,Champions League,A,Celtic FC
2223,Bayern Munich,2022-10-12,Champions League,A,Viktoria Plzeň
2223,Ein Frankfurt,2022-10-12,Champions League,A,Tottenham
2223,Leverkusen,2022-10-12,Champions League,H,FC Porto
2223,FC Koln,2022-10-13,Conference League,A,Partizan
2223,Freiburg,2022-10-13,Europa League,A,Nantes
2223,Union Berlin,2022-10-13,Europa League,H,Malmö FF
2223,Greuther Furth,2022-10-14,2. Bundesliga,H,Hansa Rostock
2223,Hamburg,2022-10-14,2. Bundesliga,A,St Pauli
2223,Hoffenheim,2022-10-14,Bundesliga,A,Schalke 04
2223,Schalke 04,2022-10-14,Bundesliga,H,Hoffenheim
2223,St Pauli,2022-10-14,2. Bundesliga,H,Hamburg
2223,Bielefeld,2022-10-15,2. Bundesliga,A,Hannover
2223,Bochum,2022-10-15,Bundesliga,A,Stuttgart
2223,Darmstadt,2022-10-15,2. Bundesliga,A,Karlsruher SC
2223,Ein Frankfurt,2022-10-15,Bundesliga,H,Leverkusen
2223,Fortuna Dusseldorf,2022-10-15,2. Bundesliga,H,Nurnberg
2223,Hannover,2022-10-15,2. Bundesliga,H,Bielefeld
2223,Hertha,2022-10-15,Bundesliga,A,RB Leipzig
2223,Leverkusen,2022-10-15,Bundesliga,A,Ein Frankfurt
2223,M'gladbach,2022-10-15,Bundesliga,A,Wolfsburg
2223,Mainz,2022-10-15,Bundesliga,A,Werder Bremen
2223,Nurnberg,2022-10-15,2. Bundesliga,A,Fortuna Dusseldorf
2223,RB Leipzig,2022-10-15,Bundesliga,H,Hertha
2223,Stuttgart,2022-10-15,Bundesliga,H,Bochum
2223,Werder Bremen,2022-10-15,Bundesliga,H,Mainz
2223,Wolfsburg,2022-10-15,Bundesliga,H,M'gladbach
2223,Augsburg,2022-10-16,Bundesliga,A,FC Koln
2223,Bayern Munich,2022-10-16,Bundesliga,H,Freiburg
2223,Dortmund,2022-10-16,Bundesliga,A,Union Berlin
2223,FC Koln,2022-10-16,Bundesliga,H,Augsburg
2223,Freiburg,2022-10-16,Bundesliga,A,Bayern Munich
2223,Heidenheim,2022-10-16,2. Bundesliga,A,Holstein Kiel
2223,Holstein Kiel,2022-10-16,2. Bundesliga,H,Heidenheim
2223,Paderborn,2022-10-16,2. Bundesliga,H,SV Sandhausen
2223,Union Berlin,2022-10-16,Bundesliga,H,Dortmund
2223,Bochum,2022-10-18,DFB-Pokal,A,SV 07 Elversberg
2223,Darmstadt,2022-10-18,DFB-Pokal,H,M'gladbach
2223,Ein Frankfurt,2022-10-18,DFB-Pokal,A,Stuttgarter Kickers
2223,Hamburg,2022-10-18,DFB-Pokal,A,RB Leipzig
2223,Hoffenheim,2022-10-18,DFB-Pokal,H,Schalke 04
2223,M'gladbach,2022-10-18,DFB-Pokal,A,Darmstadt
2223,Mainz,2022-10-18,DFB-Pokal,A,VfB Lübeck
2223,Nurnberg,2022-10-18,DFB-Pokal,A,Waldhof Mannheim
2223,RB Leipzig,2022-10-18,DFB-Pokal,H,Hamburg
2223,Schalke 04,2022-10-18,DFB-Pokal,A,Hoffenheim
2223,Wolfsburg,2022-10-18,DFB-Pokal,A,Eintracht Braunschweig
2223,Augsburg,2022-10-19,DFB-Pokal,H,Bayern Munich
2223,Bayern Munich,2022-10-19,DFB-Pokal,A,Augsburg
2223,Bielefeld,2022-10-19,DFB-Pokal,A,Stuttgart
2223,Dortmund,2022-10-19,DFB-Pokal,A,Hannover
2223,Fortuna Dusseldorf,2022-10-19,DFB-Pokal,A,Jahn Regensburg
2223,Freiburg,2022-10-19,DFB-Pokal,H,St Pauli
2223,Hannover,2022-10-19,DFB-Pokal,H,Dortmund
2223,Heidenheim,2022-10-19,DFB-Pokal,A,Union Berlin
2223,Paderborn,2022-10-19,DFB-Pokal,H,Werder Bremen
2223,St Pauli,2022-10-19,DFB-Pokal,A,Freiburg
2223,Stuttgart,2022-10-19,DFB-Pokal,H,Bielefeld
2223,Union Berlin,2022-10-19,DFB-Pokal,H,Heidenheim
2223,Werder Bremen,2022-10-19,DFB-Pokal,A,Paderborn
2223,Darmstadt,2022-10-21,2. Bundesliga,H,Holstein Kiel
2223,FC Koln,2022-10-21,Bundesliga,A,Mainz
2223,Holstein Kiel,2022-10-21,2. Bundesliga,A,Darmstadt
2223,Mainz,2022-10-21,Bundesliga,H,FC Koln
2223,Augsburg,2022-10-22,Bundesliga,H,RB Leipzig
2223,Bayern Munich,2022-10-22,Bundesliga,A,Hoffenheim
2223,Bielefeld,2022-10-22,2. Bundesliga,H,St Pauli
2223,Dortmund,2022-10-22,Bundesliga,H,Stuttgart
2223,Ein Frankfurt,2022-10-22,Bundesliga,A,M'gladbach
2223,Freiburg,2022-10-22,Bundesliga,H,Werder Bremen
2223,Hannover,2022-10-22,2. Bundesliga,A,Nurnberg
2223,Hoffenheim,2022-10-22,Bundesliga,H,Bayern Munich
2223,Leverkusen,2022-10-22,Bundesliga,H,Wolfsburg
2223,M'gladbach,2022-10-22,Bundesliga,H,Ein Frankfurt
2223,Nurnberg,2022-10-22,2. Bundesliga,H,Hannover
2223,Paderborn,2022-10-22,2. Bundesliga,A,Eintracht Braunschweig
2223,RB Leipzig,2022-10-22,Bundesliga,A,Augsburg
2223,St Pauli,2022-10-22,2. Bundesliga,A,Bielefeld
2223,Stuttgart,2022-10-22,Bundesliga,A,Dortmund
2223,Werder Bremen,2022-10-22,Bundesliga,A,Freiburg
2223,Wolfsburg,2022-10-22,Bundesliga,A,Leverkusen
2223,Bochum,2022-10-23,Bundesliga,H,Union Berlin
2223,Fortuna Dusseldorf,2022-10-23,2. Bundesliga,A,Karlsruher SC
2223,Greuther Furth,2022-10-23,2. Bundesliga,A,Heidenheim
2223,Hamburg,2022-10-23,2. Bundesliga,H,1. FC Magdeburg
2223,Heidenheim,2022-10-23,2. Bundesliga,H,Greuther Furth
2223,Hertha,2022-10-23,Bundesliga,H,Schalke 04
2223,Schalke 04,2022-10-23,Bundesliga,A,Hertha
2223,Union Berlin,2022-10-23,Bundesliga,A,Bochum
2223,Dortmund,2022-10-25,Champions League,H,Man City
2223,RB Leipzig,2022-10-25,Champions League,H,Real Madrid
2223,Bayern Munich,2022-10-26,Champions League,A,Barcelona
2223,Ein Frankfurt,2022-10-26,Champions League,H,Marseille
2223,Leverkusen,2022-10-26,Champions League,A,Ath Madrid
2223,FC Koln,2022-10-27,Conference League,A,Slovácko
2223,Freiburg,2022-10-27,Europa League,H,Olympiakos Piraeus
2223,Union Berlin,2022-10-27,Europa League,H,Sporting Braga
2223,Bielefeld,2022-10-28,2. Bundesliga,A,Greuther Furth
2223,FC Koln,2022-10-28,Conference League,A,1. FC Slovácko
2223,Greuther Furth,2022-10-28,2. Bundesliga,H,Bielefeld
2223,Heidenheim,2022-10-28,2. Bundesliga,A,1. FC Magdeburg
2223,Hertha,2022-10-28,Bundesliga,A,Werder Bremen
2223,Werder Bremen,2022-10-28,Bundesliga,H,Hertha
2223,Augsburg,2022-10-29,Bundesliga,A,Stuttgart
2223,Bayern Munich,2022-10-29,Bundesliga,H,Mainz
2223,Bochum,2022-10-29,Bundesliga,A,Wolfsburg
2223,Darmstadt,2022-10-29,2. Bundesliga,A,St Pauli
2223,Dortmund,2022-10-29,Bundesliga,A,Ein Frankfurt
2223,Ein Frankfurt,2022-10-29,Bundesliga,H,Dortmund
2223,Fortuna Dusseldorf,2022-10-29,2. Bundesliga,A,Holstein Kiel
2223,Holstein Kiel,2022-10-29,2. Bundesliga,H,Fortuna Dusseldorf
2223,Leverkusen,2022-10-29,Bundesliga,A,RB Leipzig
2223,Mainz,2022-10-29,Bundesliga,A,Bayern Munich
2223,Nurnberg,2022-10-29,2. Bundesliga,A,1. FC Kaiserslautern
2223,RB Leipzig,2022-10-29,Bundesliga,H,Leverkusen
2223,St Pauli,2022-10-29,2. Bundesliga,H,Darmstadt
2223,Stuttgart,2022-10-29,Bundesliga,H,Augsburg
2223,Wolfsburg,2022-10-29,Bundesliga,H,Bochum
2223,FC Koln,2022-10-30,Bundesliga,H,Hoffenheim
2223,Freiburg,2022-10-30,Bundesliga,A,Schalke 04
2223,Hamburg,2022-10-30,2. Bundesliga,A,Paderborn
2223,Hannover,2022-10-30,2. Bundesliga,H,Karlsruher SC
2223,Hoffenheim,2022-10-30,Bundesliga,A,FC Koln
2223,M'gladbach,2022-10-30,Bundesliga,A,Union Berlin
2223,Paderborn,2022-10-30,2. Bundesliga,H,Hamburg
2223,Schalke 04,2022-10-30,Bundesliga,H,Freiburg
2223,Union Berlin,2022-10-30,Bundesliga,H,M'gladbach
2223,Bayern Munich,2022-11-01,Champions League,H,Inter
2223,Ein Frankfurt,2022-11-01,Champions League,A,Sporting CP
2223,Leverkusen,2022-11-01,Champions League,H,Club Brugge KV
2223,Dortmund,2022-11-02,Champions League,A,FC København
2223,RB Leipzig,2022-11-02,Champions League,A,Shakhtar Donetsk
2223,FC Koln,2022-11-03,Conference League,H,Nice
2223,Freiburg,2022-11-03,Europa League,A,Qarabağ FK
2223,Union Berlin,2022-11-03,Europa League,A,Union Saint-Gilloise
2223,Darmstadt,2022-11-04,2. Bundesliga,H,Hannover
2223,Hannover,2022-11-04,2. Bundesliga,A,Darmstadt
2223,M'gladbach,2022-11-04,Bundesliga,H,Stuttgart
2223,Stuttgart,2022-11-04,Bundesliga,A,M'gladbach
2223,Augsburg,2022-11-05,Bundesliga,H,Ein Frankfurt
2223,Bayern Munich,2022-11-05,Bundesliga,A,Hertha
2223,Bielefeld,2022-11-05,2. Bundesliga,H,1. FC Kaiserslautern
2223,Bochum,2022-11-05,Bundesliga,A,Dortmund
2223,Dortmund,2022-11-05,Bundesliga,H,Bochum
2223,Ein Frankfurt,2022-11-05,Bundesliga,A,Augsburg
2223,Fortuna Dusseldorf,2022-11-05,2. Bundesliga,H,St Pauli
2223,Heidenheim,2022-11-05,2. Bundesliga,H,Paderborn
2223,Hertha,2022-11-05,Bundesliga,H,Bayern Munich
2223,Hoffenheim,2022-11-05,Bundesliga,H,RB Leipzig
2223,Holstein Kiel,2022-11-05,2. Bundesliga,A,Karlsruher SC
2223,Mainz,2022-11-05,Bundesliga,H,Wolfsburg
2223,Paderborn,2022-11-05,2. Bundesliga,A,Heidenheim
2223,RB Leipzig,2022-11-05,Bundesliga,A,Hoffenheim
2223,Schalke 04,2022-11-05,Bundesliga,A,Werder Bremen
2223,St Pauli,2022-11-05,2. Bundesliga,A,Fortuna Dusseldorf
2223,Werder Bremen,2022-11-05,Bundesliga,H,Schalke 04
2223,Wolfsburg,2022-11-05,Bundesliga,A,Mainz
2223,FC Koln,2022-11-06,Bundesliga,A,Freiburg
2223,Freiburg,2022-11-06,Bundesliga,H,FC Koln
2223,Greuther Furth,2022-11-06,2. Bundesliga,A,Eintracht Braunschweig
2223,Hamburg,2022-11-06,2. Bundesliga,H,Jahn Regensburg
2223,Leverkusen,2022-11-06,Bundesliga,H,Union Berlin
2223,Nurnberg,2022-11-06,2. Bundesliga,H,1. FC Magdeburg
2223,Union Berlin,2022-11-06,Bundesliga,A,Leverkusen
2223,Bayern Munich,2022-11-08,Bundesliga,H,Werder Bremen
2223,Bielefeld,2022-11-08,2. Bundesliga,A,Paderborn
2223,Bochum,2022-11-08,Bundesliga,H,M'gladbach
2223,Dortmund,2022-11-08,Bundesliga,A,Wolfsburg
2223,Fortuna Dusseldorf,2022-11-08,2. Bundesliga,A,Hannover
2223,Hannover,2022-11-08,2. Bundesliga,H,Fortuna Dusseldorf
2223,Hertha,2022-11-08,Bundesliga,A,Stuttgart
2223,Holstein Kiel,2022-11-08,2. Bundesliga,A,St Pauli
2223,M'gladbach,2022-11-08,Bundesliga,A,Bochum
2223,Paderborn,2022-11-08,2. Bundesliga,H,Bielefeld
2223,St Pauli,2022-11-08,2. Bundesliga,H,Holstein Kiel
2223,Stuttgart,2022-11-08,Bundesliga,H,Hertha
2223,Werder Bremen,2022-11-08,Bundesliga,A,Bayern Munich
2223,Wolfsburg,2022-11-08,Bundesliga,H,Dortmund
2223,Augsburg,2022-11-09,Bundesliga,A,Union Berlin
2223,Ein Frankfurt,2022-11-09,Bundesliga,H,Hoffenheim
2223,FC Koln,2022-11-09,Bundesliga,H,Leverkusen
2223,Freiburg,2022-11-09,Bundesliga,A,RB Leipzig
2223,Greuther Furth,2022-11-09,2. Bundesliga,H,Hamburg
2223,Hamburg,2022-11-09,2. Bundesliga,A,Greuther Furth
2223,Heidenheim,2022-11-09,2. Bundesliga,A,SV Sandhausen
2223,Hoffenheim,2022-11-09,Bundesliga,A,Ein Frankfurt
2223,Leverkusen,2022-11-09,Bundesliga,A,FC Koln
2223,Mainz,2022-11-09,Bundesliga,A,Schalke 04
2223,Nurnberg,2022-11-09,2. Bundesliga,A,Hansa Rostock
2223,RB Leipzig,2022-11-09,Bundesliga,H,Freiburg
2223,Schalke 04,2022-11-09,Bundesliga,H,Mainz
2223,Union Berlin,2022-11-09,Bundesliga,H,Augsburg
2223,Darmstadt,2022-11-10,2. Bundesliga,A,1. FC Magdeburg
2223,Dortmund,2022-11-11,Bundesliga,A,M'gladbach
2223,Fortuna Dusseldorf,2022-11-11,2. Bundesliga,H,1. FC Kaiserslautern
2223,Hannover,2022-11-11,2. Bundesliga,A,Holstein Kiel
2223,Holstein Kiel,2022-11-11,2. Bundesliga,H,Hannover
2223,M'gladbach,2022-11-11,Bundesliga,H,Dortmund
2223,Augsburg,2022-11-12,Bundesliga,H,Bochum
2223,Bayern Munich,2022-11-12,Bundesliga,A,Schalke 04
2223,Bochum,2022-11-12,Bundesliga,A,Augsburg
2223,FC Koln,2022-11-12,Bundesliga,A,Hertha
2223,Hamburg,2022-11-12,2. Bundesliga,H,SV Sandhausen
2223,Heidenheim,2022-11-12,2. Bundesliga,H,Jahn Regensburg
2223,Hertha,2022-11-12,Bundesliga,H,FC Koln
2223,Hoffenheim,2022-11-12,Bundesliga,H,Wolfsburg
2223,Leverkusen,2022-11-12,Bundesliga,H,Stuttgart
2223,RB Leipzig,2022-11-12,Bundesliga,A,Werder Bremen
2223,Schalke 04,2022-11-12,Bundesliga,H,Bayern Munich
2223,St Pauli,2022-11-12,2. Bundesliga,A,Karlsruher SC
2223,Stuttgart,2022-11-12,Bundesliga,A,Leverkusen
2223,Werder Bremen,2022-11-12,Bundesliga,H,RB Leipzig
2223,Wolfsburg,2022-11-12,Bundesliga,A,Hoffenheim
2223,Bielefeld,2022-11-13,2. Bundesliga,H,1. FC Magdeburg
2223,Darmstadt,2022-11-13,2. Bundesliga,H,Greuther Furth
2223,Ein Frankfurt,2022-11-13,Bundesliga,A,Mainz
2223,Freiburg,2022-11-13,Bundesliga,H,Union Berlin
2223,Greuther Furth,2022-11-13,2. Bundesliga,A,Darmstadt
2223,Mainz,2022-11-13,Bundesliga,H,Ein Frankfurt
2223,Nurnberg,2022-11-13,2. Bundesliga,H,Paderborn
2223,Paderborn,2022-11-13,2. Bundesliga,A,Nurnberg
2223,Union Berlin,2022-11-13,Bundesliga,A,Freiburg
2223,Bayern Munich,2023-01-20,Bundesliga,A,RB Leipzig
2223,RB Leipzig,2023-01-20,Bundesliga,H,Bayern Munich
2223,Bochum,2023-01-21,Bundesliga,H,Hertha
2223,Ein Frankfurt,2023-01-21,Bundesliga,H,Schalke 04
2223,FC Koln,2023-01-21,Bundesliga,H,Werder Bremen
2223,Freiburg,2023-01-21,Bundesliga,A,Wolfsburg
2223,Hertha,2023-01-21,Bundesliga,A,Bochum
2223,Hoffenheim,2023-01-21,Bundesliga,A,Union Berlin
2223,Mainz,2023-01-21,Bundesliga,A,Stuttgart
2223,Schalke 04,2023-01-21,Bundesliga,A,Ein Frankfurt
2223,Stuttgart,2023-01-21,Bundesliga,H,Mainz
2223,Union Berlin,2023-01-21,Bundesliga,H,Hoffenheim
2223,Werder Bremen,2023-01-21,Bundesliga,A,FC Koln
2223,Wolfsburg,2023-01-21,Bundesliga,H,Freiburg
2223,Augsburg,2023-01-22,Bundesliga,A,Dortmund
2223,Dortmund,2023-01-22,Bundesliga,H,Augsburg
2223,Leverkusen,2023-01-22,Bundesliga,A,M'gladbach
2223,M'gladbach,2023-01-22,Bundesliga,H,Leverkusen
2223,Bayern Munich,2023-01-24,Bundesliga,H,FC Koln
2223,FC Koln,2023-01-24,Bundesliga,A,Bayern Munich
2223,Hertha,2023-01-24,Bundesliga,H,Wolfsburg
2223,Hoffenheim,2023-01-24,Bundesliga,H,Stuttgart
2223,RB Leipzig,2023-01-24,Bundesliga,A,Schalke 04
2223,Schalke 04,2023-01-24,Bundesliga,H,RB Leipzig
2223,Stuttgart,2023-01-24,Bundesliga,A,Hoffenheim
2223,Wolfsburg,2023-01-24,Bundesliga,A,Hertha
2223,Augsburg,2023-01-25,Bundesliga,H,M'gladbach
2223,Bochum,2023-01-25,Bundesliga,A,Leverkusen
2223,Dortmund,2023-01-25,Bundesliga,A,Mainz
2223,Ein Frankfurt,2023-01-25,Bundesliga,A,Freiburg
2223,Freiburg,2023-01-25,Bundesliga,H,Ein Frankfurt
2223,Leverkusen,2023-01-25,Bundesliga,H,Bochum
2223,M'gladbach,2023-01-25,Bundesliga,A,Augsburg
2223,Mainz,2023-01-25,Bundesliga,H,Dortmund
2223,Union Berlin,2023-01-25,Bundesliga,A,Werder Bremen
2223,Werder Bremen,2023-01-25,Bundesliga,H,Union Berlin
2223,Fortuna Dusseldorf,2023-01-27,2. Bundesliga,H,1. FC Magdeburg
2223,Paderborn,2023-01-27,2. Bundesliga,A,Karlsruher SC
2223,RB Leipzig,2023-01-27,Bundesliga,H,Stuttgart
2223,Stuttgart,2023-01-27,Bundesliga,A,RB Leipzig
2223,Augsburg,2023-01-28,Bundesliga,A,Freiburg
2223,Bayern Munich,2023-01-28,Bundesliga,H,Ein Frankfurt
2223,Bochum,2023-01-28,Bundesliga,A,Mainz
2223,Darmstadt,2023-01-28,2. Bundesliga,H,Jahn Regensburg
2223,Ein Frankfurt,2023-01-28,Bundesliga,A,Bayern Munich
2223,Freiburg,2023-01-28,Bundesliga,H,Augsburg
2223,Greuther Furth,2023-01-28,2. Bundesliga,A,Holstein Kiel
2223,Hannover,2023-01-28,2. Bundesliga,H,1. FC Kaiserslautern
2223,Heidenheim,2023-01-28,2. Bundesliga,H,Hansa Rostock
2223,Hertha,2023-01-28,Bundesliga,H,Union Berlin
2223,Hoffenheim,2023-01-28,Bundesliga,H,M'gladbach
2223,Holstein Kiel,2023-01-28,2. Bundesliga,H,Greuther Furth
2223,M'gladbach,2023-01-28,Bundesliga,A,Hoffenheim
2223,Mainz,2023-01-28,Bundesliga,H,Bochum
2223,Union Berlin,2023-01-28,Bundesliga,A,Hertha
2223,Werder Bremen,2023-01-28,Bundesliga,H,Wolfsburg
2223,Wolfsburg,2023-01-28,Bundesliga,A,Werder Bremen
2223,Bielefeld,2023-01-29,2. Bundesliga,H,SV Sandhausen
2223,Dortmund,2023-01-29,Bundesliga,A,Leverkusen
2223,FC Koln,2023-01-29,Bundesliga,A,Schalke 04
2223,Hamburg,2023-01-29,2. Bundesliga,H,Eintracht Braunschweig
2223,Leverkusen,2023-01-29,Bundesliga,H,Dortmund
2223,Nurnberg,2023-01-29,2. Bundesliga,H,St Pauli
2223,Schalke 04,2023-01-29,Bundesliga,H,FC Koln
2223,St Pauli,2023-01-29,2. Bundesliga,A,Nurnberg
2223,Paderborn,2023-01-31,DFB-Pokal,H,Stuttgart
2223,Stuttgart,2023-01-31,DFB-Pokal,A,Paderborn
2223,Union Berlin,2023-01-31,DFB-Pokal,H,Wolfsburg
2223,Wolfsburg,2023-01-31,DFB-Pokal,A,Union Berlin
2223,Bayern Munich,2023-02-01,DFB-Pokal,A,Mainz
2223,Hoffenheim,2023-02-01,DFB-Pokal,A,RB Leipzig
2223,Mainz,2023-02-01,DFB-Pokal,H,Bayern Munich
2223,RB Leipzig,2023-02-01,DFB-Pokal,H,Hoffenheim
2223,Augsburg,2023-02-03,Bundesliga,H,Leverkusen
2223,Darmstadt,2023-02-03,2. Bundesliga,A,SV Sandhausen
2223,Fortuna Dusseldorf,2023-02-03,2. Bundesliga,A,Paderborn
2223,Leverkusen,2023-02-03,Bundesliga,A,Augsburg
2223,Paderborn,2023-02-03,2. Bundesliga,H,Fortuna Dusseldorf
2223,Bielefeld,2023-02-04,2. Bundesliga,A,Jahn Regensburg
2223,Bochum,2023-02-04,Bundesliga,H,Hoffenheim
2223,Dortmund,2023-02-04,Bundesliga,H,Freiburg
2223,Ein Frankfurt,2023-02-04,Bundesliga,H,Hertha
2223,FC Koln,2023-02-04,Bundesliga,H,RB Leipzig
2223,Freiburg,2023-02-04,Bundesliga,A,Dortmund
2223,Greuther Furth,2023-02-04,2. Bundesliga,H,Nurnberg
2223,Heidenheim,2023-02-04,2. Bundesliga,A,Eintracht Braunschweig
2223,Hertha,2023-02-04,Bundesliga,A,Ein Frankfurt
2223,Hoffenheim,2023-02-04,Bundesliga,A,Bochum
2223,Holstein Kiel,2023-02-04,2. Bundesliga,A,1. FC Kaiserslautern
2223,M'gladbach,2023-02-04,Bundesliga,H,Schalke 04
2223,Mainz,2023-02-04,Bundesliga,A,Union Berlin
2223,Nurnberg,2023-02-04,2. Bundesliga,A,Greuther Furth
2223,RB Leipzig,2023-02-04,Bundesliga,A,FC Koln
2223,Schalke 04,2023-02-04,Bundesliga,A,M'gladbach
2223,Union Berlin,2023-02-04,Bundesliga,H,Mainz
2223,Bayern Munich,2023-02-05,Bundesliga,A,Wolfsburg
2223,Hamburg,2023-02-05,2. Bundesliga,A,Hansa Rostock
2223,Hannover,2023-02-05,2. Bundesliga,A,St Pauli
2223,St Pauli,2023-02-05,2. Bundesliga,H,Hannover
2223,Stuttgart,2023-02-05,Bundesliga,H,Werder Bremen
2223,Werder Bremen,2023-02-05,Bundesliga,A,Stuttgart
2223,Wolfsburg,2023-02-05,Bundesliga,H,Bayern Munich
2223,Darmstadt,2023-02-07,DFB-Pokal,A,Ein Frankfurt
2223,Ein Frankfurt,2023-02-07,DFB-Pokal,H,Darmstadt
2223,Freiburg,2023-02-07,DFB-Pokal,A,SV Sandhausen
2223,Bochum,2023-02-08,DFB-Pokal,H,Dortmund
2223,Dortmund,2023-02-08,DFB-Pokal,A,Bochum
2223,Fortuna Dusseldorf,2023-02-08,DFB-Pokal,A,Nurnberg
2223,Nurnberg,2023-02-08,DFB-Pokal,H,Fortuna Dusseldorf
2223,Bielefeld,2023-02-10,2. Bundesliga,H,Hansa Rostock
2223,Greuther Furth,2023-02-10,2. Bundesliga,A,Karlsruher SC
2223,Schalke 04,2023-02-10,Bundesliga,H,Wolfsburg
2223,Wolfsburg,2023-02-10,Bundesliga,A,Schalke 04
2223,Augsburg,2023-02-11,Bundesliga,A,Mainz
2223,Bayern Munich,2023-02-11,Bundesliga,H,Bochum
2223,Bochum,2023-02-11,Bundesliga,A,Bayern Munich
2223,Dortmund,2023-02-11,Bundesliga,A,Werder Bremen
2223,Freiburg,2023-02-11,Bundesliga,H,Stuttgart
2223,Hamburg,2023-02-11,2. Bundesliga,A,Heidenheim
2223,Hannover,2023-02-11,2. Bundesliga,H,Paderborn
2223,Heidenheim,2023-02-11,2. Bundesliga,H,Hamburg
2223,Hoffenheim,2023-02-11,Bundesliga,H,Leverkusen
2223,Holstein Kiel,2023-02-11,2. Bundesliga,H,1. FC Magdeburg
2223,Leverkusen,2023-02-11,Bundesliga,A,Hoffenheim
2223,Mainz,2023-02-11,Bundesliga,H,Augsburg
2223,Nurnberg,2023-02-11,2. Bundesliga,H,Jahn Regensburg
2223,Paderborn,2023-02-11,2. Bundesliga,A,Hannover
2223,RB Leipzig,2023-02-11,Bundesliga,H,Union Berlin
2223,Stuttgart,2023-02-11,Bundesliga,A,Freiburg
2223,Union Berlin,2023-02-11,Bundesliga,A,RB Leipzig
2223,Werder Bremen,2023-02-11,Bundesliga,H,Dortmund
2223,Darmstadt,2023-02-12,2. Bundesliga,H,Eintracht Braunschweig
2223,Ein Frankfurt,2023-02-12,Bundesliga,A,FC Koln
2223,FC Koln,2023-02-12,Bundesliga,H,Ein Frankfurt
2223,Fortuna Dusseldorf,2023-02-12,2. Bundesliga,H,SV Sandhausen
2223,Hertha,2023-02-12,Bundesliga,H,M'gladbach
2223,M'gladbach,2023-02-12,Bundesliga,A,Hertha
2223,St Pauli,2023-02-12,2. Bundesliga,H,1. FC Kaiserslautern
2223,Bayern Munich,2023-02-14,Champions League,A,Paris SG
2223,Dortmund,2023-02-15,Champions League,H,Chelsea
2223,Leverkusen,2023-02-16,Europa League,H,Monaco
2223,Union Berlin,2023-02-16,Europa League,A,AFC Ajax
2223,Augsburg,2023-02-17,Bundesliga,H,Hoffenheim
2223,Hoffenheim,2023-02-17,Bundesliga,A,Augsburg
2223,Holstein Kiel,2023-02-17,2. Bundesliga,A,Eintracht Braunschweig
2223,Paderborn,2023-02-17,2. Bundesliga,H,1. FC Kaiserslautern
2223,Bayern Munich,2023-02-18,Bundesliga,A,M'gladbach
2223,Bochum,2023-02-18,Bundesliga,H,Freiburg
2223,Darmstadt,2023-02-18,2. Bundesliga,A,Hansa Rostock
2223,Ein Frankfurt,2023-02-18,Bundesliga,H,Werder Bremen
2223,FC Koln,2023-02-18,Bundesliga,A,Stuttgart
2223,Fortuna Dusseldorf,2023-02-18,2. Bundesliga,A,Greuther Furth
2223,Freiburg,2023-02-18,Bundesliga,A,Bochum
2223,Greuther Furth,2023-02-18,2. Bundesliga,H,Fortuna Dusseldorf
2223,Hannover,2023-02-18,2. Bundesliga,A,Jahn Regensburg
2223,M'gladbach,2023-02-18,Bundesliga,H,Bayern Munich
2223,RB Leipzig,2023-02-18,Bundesliga,A,Wolfsburg
2223,St Pauli,2023-02-18,2. Bundesliga,A,1. FC Magdeburg
2223,Stuttgart,2023-02-18,Bundesliga,H,FC Koln
2223,Werder Bremen,2023-02-18,Bundesliga,A,Ein Frankfurt
2223,Wolfsburg,2023-02-18,Bundesliga,H,RB Leipzig
2223,Bielefeld,2023-02-19,2. Bundesliga,A,Hamburg
2223,Dortmund,2023-02-19,Bundesliga,H,Hertha
2223,Hamburg,2023-02-19,2. Bundesliga,H,Bielefeld
2223,Heidenheim,2023-02-19,2. Bundesliga,H,Nurnberg
2223,Hertha,2023-02-19,Bundesliga,A,Dortmund
2223,Leverkusen,2023-02-19,Bundesliga,H,Mainz
2223,Mainz,2023-02-19,Bundesliga,A,Leverkusen
2223,Nurnberg,2023-02-19,2. Bundesliga,A,Heidenheim
2223,Schalke 04,2023-02-19,Bundesliga,A,Union Berlin
2223,Union Berlin,2023-02-19,Bundesliga,H,Schalke 04
2223,Ein Frankfurt,2023-02-21,Champions League,H,Napoli
2223,RB Leipzig,2023-02-22,Champions League,H,Man City
2223,Leverkusen,2023-02-23,Europa League,A,Monaco
2223,Union Berlin,2023-02-23,Europa League,H,AFC Ajax
2223,Fortuna Dusseldorf,2023-02-24,2. Bundesliga,H,Eintracht Braunschweig
2223,M'gladbach,2023-02-24,Bundesliga,A,Mainz
2223,Mainz,2023-02-24,Bundesliga,H,M'gladbach
2223,Augsburg,2023-02-25,Bundesliga,A,Hertha
2223,Bochum,2023-02-25,Bundesliga,A,Werder Bremen
2223,Darmstadt,2023-02-25,2. Bundesliga,H,Hamburg
2223,Dortmund,2023-02-25,Bundesliga,A,Hoffenheim
2223,Ein Frankfurt,2023-02-25,Bundesliga,A,RB Leipzig
2223,FC Koln,2023-02-25,Bundesliga,H,Wolfsburg
2223,Greuther Furth,2023-02-25,2. Bundesliga,A,1. FC Kaiserslautern
2223,Hamburg,2023-02-25,2. Bundesliga,A,Darmstadt
2223,Hertha,2023-02-25,Bundesliga,H,Augsburg
2223,Hoffenheim,2023-02-25,Bundesliga,H,Dortmund
2223,Holstein Kiel,2023-02-25,2. Bundesliga,H,Paderborn
2223,Nurnberg,2023-02-25,2. Bundesliga,H,SV Sandhausen
2223,Paderborn,2023-02-25,2. Bundesliga,A,Holstein Kiel
2223,RB Leipzig,2023-02-25,Bundesliga,H,Ein Frankfurt
2223,Schalke 04,2023-02-25,Bundesliga,H,Stuttgart
2223,Stuttgart,2023-02-25,Bundesliga,A,Schalke 04
2223,Werder Bremen,2023-02-25,Bundesliga,H,Bochum
2223,Wolfsburg,2023-02-25,Bundesliga,A,FC Koln
2223,Bayern Munich,2023-02-26,Bundesliga,H,Union Berlin
2223,Bielefeld,2023-02-26,2. Bundesliga,H,Heidenheim
2223,Freiburg,2023-02-26,Bundesliga,H,Leverkusen
2223,Hannover,2023-02-26,2. Bundesliga,H,1. FC Magdeburg
2223,Heidenheim,2023-02-26,2. Bundesliga,A,Bielefeld
2223,Leverkusen,2023-02-26,Bundesliga,A,Freiburg
2223,St Pauli,2023-02-26,2. Bundesliga,H,Hansa Rostock
2223,Union Berlin,2023-02-26,Bundesliga,A,Bayern Munich
2223,Dortmund,2023-03-03,Bundesliga,H,RB Leipzig
2223,Paderborn,2023-03-03,2. Bundesliga,H,St Pauli
2223,RB Leipzig,2023-03-03,Bundesliga,A,Dortmund
2223,St Pauli,2023-03-03,2. Bundesliga,A,Paderborn
2223,Augsburg,2023-03-04,Bundesliga,H,Werder Bremen
2223,Bayern Munich,2023-03-04,Bundesliga,A,Stuttgart
2223,Bochum,2023-03-04,Bundesliga,H,Schalke 04
2223,Darmstadt,2023-03-04,2. Bundesliga,A,Heidenheim
2223,FC Koln,2023-03-04,Bundesliga,A,Union Berlin
2223,Fortuna Dusseldorf,2023-03-04,2. Bundesliga,A,Jahn Regensburg
2223,Freiburg,2023-03-04,Bundesliga,A,M'gladbach
2223,Hamburg,2023-03-04,2. Bundesliga,H,Nurnberg
2223,Heidenheim,2023-03-04,2. Bundesliga,H,Darmstadt
2223,Hoffenheim,2023-03-04,Bundesliga,A,Mainz
2223,Holstein Kiel,2023-03-04,2. Bundesliga,A,SV Sandhausen
2223,M'gladbach,2023-03-04,Bundesliga,H,Freiburg
2223,Mainz,2023-03-04,Bundesliga,H,Hoffenheim
2223,Nurnberg,2023-03-04,2. Bundesliga,A,Hamburg
2223,Schalke 04,2023-03-04,Bundesliga,A,Bochum
2223,Stuttgart,2023-03-04,Bundesliga,H,Bayern Munich
2223,Union Berlin,2023-03-04,Bundesliga,H,FC Koln
2223,Werder Bremen,2023-03-04,Bundesliga,A,Augsburg
2223,Bielefeld,2023-03-05,2. Bundesliga,A,Eintracht Braunschweig
2223,Ein Frankfurt,2023-03-05,Bundesliga,A,Wolfsburg
2223,Greuther Furth,2023-03-05,2. Bundesliga,H,Hannover
2223,Hannover,2023-03-05,2. Bundesliga,A,Greuther Furth
2223,Hertha,2023-03-05,Bundesliga,A,Leverkusen
2223,Leverkusen,2023-03-05,Bundesliga,H,Hertha
2223,Wolfsburg,2023-03-05,Bundesliga,H,Ein Frankfurt
2223,Dortmund,2023-03-07,Champions League,A,Chelsea
2223,Bayern Munich,2023-03-08,Champions League,H,Paris SG
2223,Freiburg,2023-03-09,Europa League,A,Juventus
2223,Leverkusen,2023-03-09,Europa League,H,Ferencvárosi TC
2223,Union Berlin,2023-03-09,Europa League,H,Union Saint-Gilloise
2223,Bochum,2023-03-10,Bundesliga,A,FC Koln
2223,FC Koln,2023-03-10,Bundesliga,H,Bochum
2223,Nurnberg,2023-03-10,2. Bundesliga,H,Eintracht Braunschweig
2223,Augsburg,2023-03-11,Bundesliga,A,Bayern Munich
2223,Bayern Munich,2023-03-11,Bundesliga,H,Augsburg
2223,Bielefeld,2023-03-11,2. Bundesliga,H,Darmstadt
2223,Darmstadt,2023-03-11,2. Bundesliga,A,Bielefeld
2223,Dortmund,2023-03-11,Bundesliga,A,Schalke 04
2223,Ein Frankfurt,2023-03-11,Bundesliga,H,Stuttgart
2223,Fortuna Dusseldorf,2023-03-11,2. Bundesliga,H,Heidenheim
2223,Greuther Furth,2023-03-11,2. Bundesliga,A,St Pauli
2223,Heidenheim,2023-03-11,2. Bundesliga,A,Fortuna Dusseldorf
2223,Hertha,2023-03-11,Bundesliga,H,Mainz
2223,M'gladbach,2023-03-11,Bundesliga,A,RB Leipzig
2223,Mainz,2023-03-11,Bundesliga,A,Hertha
2223,Paderborn,2023-03-11,2. Bundesliga,A,1. FC Magdeburg
2223,RB Leipzig,2023-03-11,Bundesliga,H,M'gladbach
2223,Schalke 04,2023-03-11,Bundesliga,H,Dortmund
2223,St Pauli,2023-03-11,2. Bundesliga,H,Greuther Furth
2223,Stuttgart,2023-03-11,Bundesliga,A,Ein Frankfurt
2223,Freiburg,2023-03-12,Bundesliga,H,Hoffenheim
2223,Hamburg,2023-03-12,2. Bundesliga,A,Karlsruher SC
2223,Hannover,2023-03-12,2. Bundesliga,H,Hansa Rostock
2223,Hoffenheim,2023-03-12,Bundesliga,A,Freiburg
2223,Holstein Kiel,2023-03-12,2. Bundesliga,H,Jahn Regensburg
2223,Leverkusen,2023-03-12,Bundesliga,A,Werder Bremen
2223,Union Berlin,2023-03-12,Bundesliga,A,Wolfsburg
2223,Werder Bremen,2023-03-12,Bundesliga,H,Leverkusen
2223,Wolfsburg,2023-03-12,Bundesliga,H,Union Berlin
2223,RB Leipzig,2023-03-14,Champions League,A,Man City
2223,Ein Frankfurt,2023-03-15,Champions League,A,Napoli
2223,Freiburg,2023-03-16,Europa League,H,Juventus
2223,Leverkusen,2023-03-16,Europa League,A,Ferencvárosi TC
2223,Union Berlin,2023-03-16,Europa League,A,Union Saint-Gilloise
2223,Bielefeld,2023-03-17,2. Bundesliga,H,Nurnberg
2223,Heidenheim,2023-03-17,2. Bundesliga,H,Karlsruher SC
2223,M'gladbach,2023-03-17,Bundesliga,H,Werder Bremen
2223,Nurnberg,2023-03-17,2. Bundesliga,A,Bielefeld
2223,Werder Bremen,2023-03-17,Bundesliga,A,M'gladbach
2223,Augsburg,2023-03-18,Bundesliga,H,Schalke 04
2223,Bochum,2023-03-18,Bundesliga,H,RB Leipzig
2223,Darmstadt,2023-03-18,2. Bundesliga,H,1. FC Kaiserslautern
2223,Dortmund,2023-03-18,Bundesliga,H,FC Koln
2223,FC Koln,2023-03-18,Bundesliga,A,Dortmund
2223,Greuther Furth,2023-03-18,2. Bundesliga,H,1. FC Magdeburg
2223,Hamburg,2023-03-18,2. Bundesliga,H,Holstein Kiel
2223,Hertha,2023-03-18,Bundesliga,A,Hoffenheim
2223,Hoffenheim,2023-03-18,Bundesliga,H,Hertha
2223,Holstein Kiel,2023-03-18,2. Bundesliga,A,Hamburg
2223,Paderborn,2023-03-18,2. Bundesliga,A,Jahn Regensburg
2223,RB Leipzig,2023-03-18,Bundesliga,A,Bochum
2223,Schalke 04,2023-03-18,Bundesliga,A,Augsburg
2223,Stuttgart,2023-03-18,Bundesliga,H,Wolfsburg
2223,Wolfsburg,2023-03-18,Bundesliga,A,Stuttgart
2223,Bayern Munich,2023-03-19,Bundesliga,A,Leverkusen
2223,Ein Frankfurt,2023-03-19,Bundesliga,A,Union Berlin
2223,Fortuna Dusseldorf,2023-03-19,2. Bundesliga,A,Hansa Rostock
2223,Freiburg,2023-03-19,Bundesliga,A,Mainz
2223,Hannover,2023-03-19,2. Bundesliga,A,Eintracht Braunschweig
2223,Leverkusen,2023-03-19,Bundesliga,H,Bayern Munich
2223,Mainz,2023-03-19,Bundesliga,H,Freiburg
2223,St Pauli,2023-03-19,2. Bundesliga,A,SV Sandhausen
2223,Union Berlin,2023-03-19,Bundesliga,H,Ein Frankfurt
2223,Bochum,2023-03-31,Bundesliga,A,Ein Frankfurt
2223,Darmstadt,2023-03-31,2. Bundesliga,A,Nurnberg
2223,Ein Frankfurt,2023-03-31,Bundesliga,H,Bochum
2223,Fortuna Dusseldorf,2023-03-31,2. Bundesliga,H,Hamburg
2223,Hamburg,2023-03-31,2. Bundesliga,A,Fortuna Dusseldorf
2223,Nurnberg,2023-03-31,2. Bundesliga,H,Darmstadt
2223,Augsburg,2023-04-01,Bundesliga,A,Wolfsburg
2223,Bayern Munich,2023-04-01,Bundesliga,H,Dortmund
2223,Dortmund,2023-04-01,Bundesliga,A,Bayern Munich
2223,Freiburg,2023-04-01,Bundesliga,H,Hertha
2223,Hannover,2023-04-01,2. Bundesliga,H,SV Sandhausen
2223,Heidenheim,2023-04-01,2. Bundesliga,A,1. FC Kaiserslautern
2223,Hertha,2023-04-01,Bundesliga,A,Freiburg
2223,Leverkusen,2023-04-01,Bundesliga,A,Schalke 04
2223,Mainz,2023-04-01,Bundesliga,A,RB Leipzig
2223,RB Leipzig,2023-04-01,Bundesliga,H,Mainz
2223,Schalke 04,2023-04-01,Bundesliga,H,Leverkusen
2223,St Pauli,2023-04-01,2. Bundesliga,H,Jahn Regensburg
2223,Stuttgart,2023-04-01,Bundesliga,A,Union Berlin
2223,Union Berlin,2023-04-01,Bundesliga,H,Stuttgart
2223,Wolfsburg,2023-04-01,Bundesliga,H,Augsburg
2223,Bielefeld,2023-04-02,2. Bundesliga,A,Holstein Kiel
2223,FC Koln,2023-04-02,Bundesliga,H,M'gladbach
2223,Greuther Furth,2023-04-02,2. Bundesliga,A,Paderborn
2223,Hoffenheim,2023-04-02,Bundesliga,A,Werder Bremen
2223,Holstein Kiel,2023-04-02,2. Bundesliga,H,Bielefeld
2223,M'gladbach,2023-04-02,Bundesliga,A,FC Koln
2223,Paderborn,2023-04-02,2. Bundesliga,H,Greuther Furth
2223,Werder Bremen,2023-04-02,Bundesliga,H,Hoffenheim
2223,Bayern Munich,2023-04-04,DFB-Pokal,H,Freiburg
2223,Ein Frankfurt,2023-04-04,DFB-Pokal,H,Union Berlin
2223,Freiburg,2023-04-04,DFB-Pokal,A,Bayern Munich
2223,Union Berlin,2023-04-04,DFB-Pokal,A,Ein Frankfurt
2223,Dortmund,2023-04-05,DFB-Pokal,A,RB Leipzig
2223,Nurnberg,2023-04-05,DFB-Pokal,H,Stuttgart
2223,RB Leipzig,2023-04-05,DFB-Pokal,H,Dortmund
2223,Stuttgart,2023-04-05,DFB-Pokal,A,Nurnberg
2223,Augsburg,2023-04-08,Bundesliga,H,FC Koln
2223,Bayern Munich,2023-04-08,Bundesliga,A,Freiburg
2223,Dortmund,2023-04-08,Bundesliga,H,Union Berlin
2223,Ein Frankfurt,2023-04-08,Bundesliga,A,Leverkusen
2223,FC Koln,2023-04-08,Bundesliga,A,Augsburg
2223,Freiburg,2023-04-08,Bundesliga,H,Bayern Munich
2223,Hamburg,2023-04-08,2. Bundesliga,H,Hannover
2223,Hannover,2023-04-08,2. Bundesliga,A,Hamburg
2223,Heidenheim,2023-04-08,2. Bundesliga,H,St Pauli
2223,Hertha,2023-04-08,Bundesliga,H,RB Leipzig
2223,Leverkusen,2023-04-08,Bundesliga,H,Ein Frankfurt
2223,Mainz,2023-04-08,Bundesliga,H,Werder Bremen
2223,Nurnberg,2023-04-08,2. Bundesliga,H,Karlsruher SC
2223,RB Leipzig,2023-04-08,Bundesliga,A,Hertha
2223,St Pauli,2023-04-08,2. Bundesliga,A,Heidenheim
2223,Union Berlin,2023-04-08,Bundesliga,A,Dortmund
2223,Werder Bremen,2023-04-08,Bundesliga,A,Mainz
2223,Bielefeld,2023-04-09,2. Bundesliga,H,Fortuna Dusseldorf
2223,Bochum,2023-04-09,Bundesliga,H,Stuttgart
2223,Darmstadt,2023-04-09,2. Bundesliga,H,Paderborn
2223,Fortuna Dusseldorf,2023-04-09,2. Bundesliga,A,Bielefeld
2223,Greuther Furth,2023-04-09,2. Bundesliga,A,SV Sandhausen
2223,Hoffenheim,2023-04-09,Bundesliga,H,Schalke 04
2223,Holstein Kiel,2023-04-09,2. Bundesliga,A,Hansa Rostock
2223,M'gladbach,2023-04-09,Bundesliga,H,Wolfsburg
2223,Paderborn,2023-04-09,2. Bundesliga,A,Darmstadt
2223,Schalke 04,2023-04-09,Bundesliga,A,Hoffenheim
2223,Stuttgart,2023-04-09,Bundesliga,A,Bochum
2223,Wolfsburg,2023-04-09,Bundesliga,A,M'gladbach
2223,Bayern Munich,2023-04-11,Champions League,A,Man City
2223,Leverkusen,2023-04-13,Europa League,H,Union Saint-Gilloise
2223,Greuther Furth,2023-04-14,2. Bundesliga,H,Jahn Regensburg
2223,Hannover,2023-04-14,2. Bundesliga,H,Heidenheim
2223,Heidenheim,2023-04-14,2. Bundesliga,A,Hannover
2223,Hertha,2023-04-14,Bundesliga,A,Schalke 04
2223,Schalke 04,2023-04-14,Bundesliga,H,Hertha
2223,Augsburg,2023-04-15,Bundesliga,A,RB Leipzig
2223,Bayern Munich,2023-04-15,Bundesliga,H,Hoffenheim
2223,Dortmund,2023-04-15,Bundesliga,A,Stuttgart
2223,Ein Frankfurt,2023-04-15,Bundesliga,H,M'gladbach
2223,FC Koln,2023-04-15,Bundesliga,H,Mainz
2223,Hamburg,2023-04-15,2. Bundesliga,A,1. FC Kaiserslautern
2223,Hoffenheim,2023-04-15,Bundesliga,A,Bayern Munich
2223,Holstein Kiel,2023-04-15,2. Bundesliga,H,Nurnberg
2223,M'gladbach,2023-04-15,Bundesliga,A,Ein Frankfurt
2223,Mainz,2023-04-15,Bundesliga,A,FC Koln
2223,Nurnberg,2023-04-15,2. Bundesliga,A,Holstein Kiel
2223,Paderborn,2023-04-15,2. Bundesliga,H,Hansa Rostock
2223,RB Leipzig,2023-04-15,Bundesliga,H,Augsburg
2223,Stuttgart,2023-04-15,Bundesliga,H,Dortmund
2223,Bielefeld,2023-04-16,2. Bundesliga,A,Karlsruher SC
2223,Bochum,2023-04-16,Bundesliga,A,Union Berlin
2223,Darmstadt,2023-04-16,2. Bundesliga,A,Fortuna Dusseldorf
2223,Fortuna Dusseldorf,2023-04-16,2. Bundesliga,H,Darmstadt
2223,Freiburg,2023-04-16,Bundesliga,A,Werder Bremen
2223,Leverkusen,2023-04-16,Bundesliga,A,Wolfsburg
2223,St Pauli,2023-04-16,2. Bundesliga,H,Eintracht Braunschweig
2223,Union Berlin,2023-04-16,Bundesliga,H,Bochum
2223,Werder Bremen,2023-04-16,Bundesliga,H,Freiburg
2223,Wolfsburg,2023-04-16,Bundesliga,H,Leverkusen
2223,Bayern Munich,2023-04-19,Champions League,H,Man City
2223,Leverkusen,2023-04-20,Europa League,A,Union Saint-Gilloise
2223,Augsburg,2023-04-21,Bundesliga,H,Stuttgart
2223,Darmstadt,2023-04-21,2. Bundesliga,H,Karlsruher SC
2223,Hamburg,2023-04-21,2. Bundesliga,H,St Pauli
2223,St Pauli,2023-04-21,2. Bundesliga,A,Hamburg
2223,Stuttgart,2023-04-21,Bundesliga,A,Augsburg
2223,Bayern Munich,2023-04-22,Bundesliga,A,Mainz
2223,Bielefeld,2023-04-22,2. Bundesliga,H,Hannover
2223,Bochum,2023-04-22,Bundesliga,H,Wolfsburg
2223,Dortmund,2023-04-22,Bundesliga,H,Ein Frankfurt
2223,Ein Frankfurt,2023-04-22,Bundesliga,A,Dortmund
2223,FC Koln,2023-04-22,Bundesliga,A,Hoffenheim
2223,Fortuna Dusseldorf,2023-04-22,2. Bundesliga,A,Nurnberg
2223,Greuther Furth,2023-04-22,2. Bundesliga,A,Hansa Rostock
2223,Hannover,2023-04-22,2. Bundesliga,A,Bielefeld
2223,Hertha,2023-04-22,Bundesliga,H,Werder Bremen
2223,Hoffenheim,2023-04-22,Bundesliga,H,FC Koln
2223,Mainz,2023-04-22,Bundesliga,H,Bayern Munich
2223,Nurnberg,2023-04-22,2. Bundesliga,H,Fortuna Dusseldorf
2223,Werder Bremen,2023-04-22,Bundesliga,A,Hertha
2223,Wolfsburg,2023-04-22,Bundesliga,A,Bochum
2223,Freiburg,2023-04-23,Bundesliga,H,Schalke 04
2223,Heidenheim,2023-04-23,2. Bundesliga,H,Holstein Kiel
2223,Holstein Kiel,2023-04-23,2. Bundesliga,A,Heidenheim
2223,Leverkusen,2023-04-23,Bundesliga,H,RB Leipzig
2223,M'gladbach,2023-04-23,Bundesliga,H,Union Berlin
2223,Paderborn,2023-04-23,2. Bundesliga,A,SV Sandhausen
2223,RB Leipzig,2023-04-23,Bundesliga,A,Leverkusen
2223,Schalke 04,2023-04-23,Bundesliga,A,Freiburg
2223,Union Berlin,2023-04-23,Bundesliga,A,M'gladbach
2223,Bochum,2023-04-28,Bundesliga,H,Dortmund
2223,Dortmund,2023-04-28,Bundesliga,A,Bochum
2223,Greuther Furth,2023-04-28,2. Bundesliga,H,Heidenheim
2223,Heidenheim,2023-04-28,2. Bundesliga,A,Greuther Furth
2223,Paderborn,2023-04-28,2. Bundesliga,H,Eintracht Braunschweig
2223,Augsburg,2023-04-29,Bundesliga,A,Ein Frankfurt
2223,Bielefeld,2023-04-29,2. Bundesliga,A,St Pauli
2223,Ein Frankfurt,2023-04-29,Bundesliga,H,Augsburg
2223,FC Koln,2023-04-29,Bundesliga,H,Freiburg
2223,Freiburg,2023-04-29,Bundesliga,A,FC Koln
2223,Hamburg,2023-04-29,2. Bundesliga,A,1. FC Magdeburg
2223,Hannover,2023-04-29,2. Bundesliga,H,Nurnberg
2223,Hoffenheim,2023-04-29,Bundesliga,A,RB Leipzig
2223,Leverkusen,2023-04-29,Bundesliga,A,Union Berlin
2223,M'gladbach,2023-04-29,Bundesliga,A,Stuttgart
2223,Nurnberg,2023-04-29,2. Bundesliga,A,Hannover
2223,RB Leipzig,2023-04-29,Bundesliga,H,Hoffenheim
2223,Schalke 04,2023-04-29,Bundesliga,H,Werder Bremen
2223,St Pauli,2023-04-29,2. Bundesliga,H,Bielefeld
2223,Stuttgart,2023-04-29,Bundesliga,H,M'gladbach
2223,Union Berlin,2023-04-29,Bundesliga,H,Leverkusen
2223,Werder Bremen,2023-04-29,Bundesliga,A,Schalke 04
2223,Bayern Munich,2023-04-30,Bundesliga,H,Hertha
2223,Darmstadt,2023-04-30,2. Bundesliga,A,Holstein Kiel
2223,Fortuna Dusseldorf,2023-04-30,2. Bundesliga,H,Karlsruher SC
2223,Hertha,2023-04-30,Bundesliga,A,Bayern Munich
2223,Holstein Kiel,2023-04-30,2. Bundesliga,H,Darmstadt
2223,Mainz,2023-04-30,Bundesliga,A,Wolfsburg
2223,Wolfsburg,2023-04-30,Bundesliga,H,Mainz
2223,Freiburg,2023-05-02,DFB-Pokal,H,RB Leipzig
2223,RB Leipzig,2023-05-02,DFB-Pokal,A,Freiburg
2223,Ein Frankfurt,2023-05-03,DFB-Pokal,A,Stuttgart
2223,Stuttgart,2023-05-03,DFB-Pokal,H,Ein Frankfurt
2223,Bielefeld,2023-05-05,2. Bundesliga,H,Greuther Furth
2223,FC Koln,2023-05-05,Bundesliga,A,Leverkusen
2223,Greuther Furth,2023-05-05,2. Bundesliga,A,Bielefeld
2223,Hamburg,2023-05-05,2. Bundesliga,H,Paderborn
2223,Leverkusen,2023-05-05,Bundesliga,H,FC Koln
2223,Mainz,2023-05-05,Bundesliga,H,Schalke 04
2223,Paderborn,2023-05-05,2. Bundesliga,A,Hamburg
2223,Schalke 04,2023-05-05,Bundesliga,A,Mainz
2223,Augsburg,2023-05-06,Bundesliga,H,Union Berlin
2223,Bayern Munich,2023-05-06,Bundesliga,A,Werder Bremen
2223,Bochum,2023-05-06,Bundesliga,A,M'gladbach
2223,Darmstadt,2023-05-06,2. Bundesliga,H,St Pauli
2223,Ein Frankfurt,2023-05-06,Bundesliga,A,Hoffenheim
2223,Fortuna Dusseldorf,2023-05-06,2. Bundesliga,H,Holstein Kiel
2223,Freiburg,2023-05-06,Bundesliga,H,RB Leipzig
2223,Hannover,2023-05-06,2. Bundesliga,A,Karlsruher SC
2223,Hertha,2023-05-06,Bundesliga,H,Stuttgart
2223,Hoffenheim,2023-05-06,Bundesliga,H,Ein Frankfurt
2223,Holstein Kiel,2023-05-06,2. Bundesliga,A,Fortuna Dusseldorf
2223,M'gladbach,2023-05-06,Bundesliga,H,Bochum
2223,RB Leipzig,2023-05-06,Bundesliga,A,Freiburg
2223,St Pauli,2023-05-06,2. Bundesliga,A,Darmstadt
2223,Stuttgart,2023-05-06,Bundesliga,A,Hertha
2223,Union Berlin,2023-05-06,Bundesliga,A,Augsburg
2223,Werder Bremen,2023-05-06,Bundesliga,H,Bayern Munich
2223,Dortmund,2023-05-07,Bundesliga,H,Wolfsburg
2223,Heidenheim,2023-05-07,2. Bundesliga,H,1. FC Magdeburg
2223,Nurnberg,2023-05-07,2. Bundesliga,H,1. FC Kaiserslautern
2223,Wolfsburg,2023-05-07,Bundesliga,A,Dortmund
2223,Leverkusen,2023-05-11,Europa League,A,Roma
2223,FC Koln,2023-05-12,Bundesliga,H,Hertha
2223,Hertha,2023-05-12,Bundesliga,A,FC Koln
2223,Nurnberg,2023-05-12,2. Bundesliga,A,1. FC Magdeburg
2223,Augsburg,2023-05-13,Bundesliga,A,Bochum
2223,Bayern Munich,2023-05-13,Bundesliga,H,Schalke 04
2223,Bielefeld,2023-05-13,2. Bundesliga,A,1. FC Kaiserslautern
2223,Bochum,2023-05-13,Bundesliga,H,Augsburg
2223,Dortmund,2023-05-13,Bundesliga,H,M'gladbach
2223,Ein Frankfurt,2023-05-13,Bundesliga,H,Mainz
2223,Fortuna Dusseldorf,2023-05-13,2. Bundesliga,A,St Pauli
2223,Freiburg,2023-05-13,Bundesliga,A,Union Berlin
2223,Greuther Furth,2023-05-13,2. Bundesliga,H,Eintracht Braunschweig
2223,Hoffenheim,2023-05-13,Bundesliga,A,Wolfsburg
2223,Holstein Kiel,2023-05-13,2. Bundesliga,H,Karlsruher SC
2223,M'gladbach,2023-05-13,Bundesliga,A,Dortmund
2223,Mainz,2023-05-13,Bundesliga,A,Ein Frankfurt
2223,Schalke 04,2023-05-13,Bundesliga,A,Bayern Munich
2223,St Pauli,2023-05-13,2. Bundesliga,H,Fortuna Dusseldorf
2223,Union Berlin,2023-05-13,Bundesliga,H,Freiburg
2223,Wolfsburg,2023-05-13,Bundesliga,H,Hoffenheim
2223,Darmstadt,2023-05-14,2. Bundesliga,A,Hannover
2223,Hamburg,2023-05-14,2. Bundesliga,A,Jahn Regensburg
2223,Hannover,2023-05-14,2. Bundesliga,H,Darmstadt
2223,Heidenheim,2023-05-14,2. Bundesliga,A,Paderborn
2223,Leverkusen,2023-05-14,Bundesliga,A,Stuttgart
2223,Paderborn,2023-05-14,2. Bundesliga,H,Heidenheim
2223,RB Leipzig,2023-05-14,Bundesliga,H,Werder Bremen
2223,Stuttgart,2023-05-14,Bundesliga,H,Leverkusen
2223,Werder Bremen,2023-05-14,Bundesliga,A,RB Leipzig
2223,Leverkusen,2023-05-18,Europa League,H,Roma
2223,Darmstadt,2023-05-19,2. Bundesliga,H,1. FC Magdeburg
2223,Freiburg,2023-05-19,Bundesliga,H,Wolfsburg
2223,Holstein Kiel,2023-05-19,2. Bundesliga,H,St Pauli
2223,St Pauli,2023-05-19,2. Bundesliga,A,Holstein Kiel
2223,Wolfsburg,2023-05-19,Bundesliga,A,Freiburg
2223,Bayern Munich,2023-05-20,Bundesliga,H,RB Leipzig
2223,Bielefeld,2023-05-20,2. Bundesliga,H,Paderborn
2223,Bochum,2023-05-20,Bundesliga,A,Hertha
2223,Ein Frankfurt,2023-05-20,Bundesliga,A,Schalke 04
2223,FC Koln,2023-05-20,Bundesliga,A,Werder Bremen
2223,Greuther Furth,2023-05-20,2. Bundesliga,A,Hamburg
2223,Hamburg,2023-05-20,2. Bundesliga,H,Greuther Furth
2223,Heidenheim,2023-05-20,2. Bundesliga,H,SV Sandhausen
2223,Hertha,2023-05-20,Bundesliga,H,Bochum
2223,Hoffenheim,2023-05-20,Bundesliga,H,Union Berlin
2223,Paderborn,2023-05-20,2. Bundesliga,A,Bielefeld
2223,RB Leipzig,2023-05-20,Bundesliga,A,Bayern Munich
2223,Schalke 04,2023-05-20,Bundesliga,H,Ein Frankfurt
2223,Union Berlin,2023-05-20,Bundesliga,A,Hoffenheim
2223,Werder Bremen,2023-05-20,Bundesliga,H,FC Koln
2223,Augsburg,2023-05-21,Bundesliga,H,Dortmund
2223,Dortmund,2023-05-21,Bundesliga,A,Augsburg
2223,Fortuna Dusseldorf,2023-05-21,2. Bundesliga,H,Hannover
2223,Hannover,2023-05-21,2. Bundesliga,A,Fortuna Dusseldorf
2223,Leverkusen,2023-05-21,Bundesliga,H,M'gladbach
2223,M'gladbach,2023-05-21,Bundesliga,A,Leverkusen
2223,Mainz,2023-05-21,Bundesliga,H,Stuttgart
2223,Nurnberg,2023-05-21,2. Bundesliga,H,Hansa Rostock
2223,Stuttgart,2023-05-21,Bundesliga,A,Mainz
2223,Augsburg,2023-05-27,Bundesliga,A,M'gladbach
2223,Bayern Munich,2023-05-27,Bundesliga,A,FC Koln
2223,Bochum,2023-05-27,Bundesliga,H,Leverkusen
2223,Dortmund,2023-05-27,Bundesliga,H,Mainz
2223,Ein Frankfurt,2023-05-27,Bundesliga,H,Freiburg
2223,FC Koln,2023-05-27,Bundesliga,H,Bayern Munich
2223,Freiburg,2023-05-27,Bundesliga,A,Ein Frankfurt
2223,Hertha,2023-05-27,Bundesliga,A,Wolfsburg
2223,Hoffenheim,2023-05-27,Bundesliga,A,Stuttgart
2223,Leverkusen,2023-05-27,Bundesliga,A,Bochum
2223,M'gladbach,2023-05-27,Bundesliga,H,Augsburg
2223,Mainz,2023-05-27,Bundesliga,A,Dortmund
2223,RB Leipzig,2023-05-27,Bundesliga,H,Schalke 04
2223,Schalke 04,2023-05-27,Bundesliga,A,RB Leipzig
2223,Stuttgart,2023-05-27,Bundesliga,H,Hoffenheim
2223,Union Berlin,2023-05-27,Bundesliga,H,Werder Bremen
2223,Werder Bremen,2023-05-27,Bundesliga,A,Union Berlin
2223,Wolfsburg,2023-05-27,Bundesliga,H,Hertha
2223,Bielefeld,2023-05-28,2. Bundesliga,A,1. FC Magdeburg
2223,Darmstadt,2023-05-28,2. Bundesliga,A,Greuther Furth
2223,Fortuna Dusseldorf,2023-05-28,2. Bundesliga,A,1. FC Kaiserslautern
2223,Greuther Furth,2023-05-28,2. Bundesliga,H,Darmstadt
2223,Hamburg,2023-05-28,2. Bundesliga,A,SV Sandhausen
2223,Hannover,2023-05-28,2. Bundesliga,H,Holstein Kiel
2223,Heidenheim,2023-05-28,2. Bundesliga,A,Jahn Regensburg
2223,Holstein Kiel,2023-05-28,2. Bundesliga,A,Hannover
2223,Nurnberg,2023-05-28,2. Bundesliga,A,Paderborn
2223,Paderborn,2023-05-28,2. Bundesliga,H,Nurnberg
2223,St Pauli,2023-05-28,2. Bundesliga,H,Karlsruher SC
2223,Ein Frankfurt,2023-06-03,DFB-Pokal,A,RB Leipzig
2223,RB Leipzig,2023-06-03,DFB-Pokal,H,Ein Frankfurt
2324,Hamburg,2023-07-28,2. Bundesliga,H,Schalke 04
2324,Schalke 04,2023-07-28,2. Bundesliga,A,Hamburg
2324,Fortuna Dusseldorf,2023-07-29,2. Bundesliga,H,Hertha
2324,Hannover,2023-07-29,2. Bundesliga,H,SV 07 Elversberg
2324,Hertha,2023-07-29,2. Bundesliga,A,Fortuna Dusseldorf
2324,St Pauli,2023-07-29,2. Bundesliga,A,1. FC Kaiserslautern
2324,Greuther Furth,2023-07-30,2. Bundesliga,H,Paderborn
2324,Holstein Kiel,2023-07-30,2. Bundesliga,A,Eintracht Braunschweig
2324,Nurnberg,2023-07-30,2. Bundesliga,A,Hansa Rostock
2324,Paderborn,2023-07-30,2. Bundesliga,A,Greuther Furth
2324,Hertha,2023-08-04,2. Bundesliga,H,SV Wehen Wiesbaden
2324,Paderborn,2023-08-04,2. Bundesliga,H,VfL Osnabrück
2324,Fortuna Dusseldorf,2023-08-05,2. Bundesliga,A,St Pauli
2324,Greuther Furth,2023-08-05,2. Bundesliga,A,Holstein Kiel
2324,Holstein Kiel,2023-08-05,2. Bundesliga,H,Greuther Furth
2324,Schalke 04,2023-08-05,2. Bundesliga,H,1. FC Kaiserslautern
2324,St Pauli,2023-08-05,2. Bundesliga,H,Fortuna Dusseldorf
2324,Hamburg,2023-08-06,2. Bundesliga,A,Karlsruher SC
2324,Hannover,2023-08-06,2. Bundesliga,A,Nurnberg
2324,Nurnberg,2023-08-06,2. Bundesliga,H,Hannover
2324,Hannover,2023-08-11,DFB-Pokal,A,SV Sandhausen
2324,M'gladbach,2023-08-11,DFB-Pokal,A,TuS Bersenbrück
2324,Schalke 04,2023-08-11,DFB-Pokal,A,Eintracht Braunschweig
2324,Bayern Munich,2023-08-12,DFL-Supercup,H,RB Leipzig
2324,Bielefeld,2023-08-12,DFB-Pokal,H,Bochum
2324,Bochum,2023-08-12,DFB-Pokal,A,Bielefeld
2324,Dortmund,2023-08-12,DFB-Pokal,A,TSV Schott Mainz
2324,Greuther Furth,2023-08-12,DFB-Pokal,A,Hallescher FC
2324,Hertha,2023-08-12,DFB-Pokal,A,FC Carl Zeiss Jena
2324,Holstein Kiel,2023-08-12,DFB-Pokal,A,FC Gütersloh
2324,Leverkusen,2023-08-12,DFB-Pokal,A,FC Teutonia 05
2324,Mainz,2023-08-12,DFB-Pokal,A,SV 07 Elversberg
2324,Nurnberg,2023-08-12,DFB-Pokal,A,FC Oberneuland
2324,RB Leipzig,2023-08-12,DFL-Supercup,A,Bayern Munich
2324,St Pauli,2023-08-12,DFB-Pokal,A,Atlas Delmenhorst
2324,Stuttgart,2023-08-12,DFB-Pokal,A,TSG Balingen
2324,Werder Bremen,2023-08-12,DFB-Pokal,A,Viktoria Köln
2324,Augsburg,2023-08-13,DFB-Pokal,A,SpVgg Unterhaching
2324,Ein Frankfurt,2023-08-13,DFB-Pokal,A,1. FC Lok Leipzig
2324,Fortuna Dusseldorf,2023-08-13,DFB-Pokal,A,FV Illertissen
2324,Freiburg,2023-08-13,DFB-Pokal,A,SV Oberachern
2324,Hamburg,2023-08-13,DFB-Pokal,A,Rot-Weiss Essen
2324,Heidenheim,2023-08-13,DFB-Pokal,A,Rostocker FC
2324,Paderborn,2023-08-13,DFB-Pokal,A,Energie Cottbus
2324,Union Berlin,2023-08-13,DFB-Pokal,A,FC-Astoria Walldorf
2324,Wolfsburg,2023-08-13,DFB-Pokal,A,TuS Makkabi Berlin
2324,Darmstadt,2023-08-14,DFB-Pokal,A,FC 08 Homburg
2324,FC Koln,2023-08-14,DFB-Pokal,A,VfL Osnabrück
2324,Hoffenheim,2023-08-14,DFB-Pokal,A,VfB Lübeck
2324,Bayern Munich,2023-08-18,Bundesliga,A,Werder Bremen
2324,Werder Bremen,2023-08-18,Bundesliga,H,Bayern Munich
2324,Augsburg,2023-08-19,Bundesliga,H,M'gladbach
2324,Bochum,2023-08-19,Bundesliga,A,Stuttgart
2324,Dortmund,2023-08-19,Bundesliga,H,FC Koln
2324,FC Koln,2023-08-19,Bundesliga,A,Dortmund
2324,Fortuna Dusseldorf,2023-08-19,2. Bundesliga,H,Paderborn
2324,Freiburg,2023-08-19,Bundesliga,A,Hoffenheim
2324,Greuther Furth,2023-08-19,2. Bundesliga,H,St Pauli
2324,Hamburg,2023-08-19,2. Bundesliga,H,Hertha
2324,Hannover,2023-08-19,2. Bundesliga,A,Hansa Rostock
2324,Heidenheim,2023-08-19,Bundesliga,A,Wolfsburg
2324,Hertha,2023-08-19,2. Bundesliga,A,Hamburg
2324,Hoffenheim,2023-08-19,Bundesliga,H,Freiburg
2324,Leverkusen,2023-08-19,Bundesliga,H,RB Leipzig
2324,M'gladbach,2023-08-19,Bundesliga,A,Augsburg
2324,Paderborn,2023-08-19,2. Bundesliga,A,Fortuna Dusseldorf
2324,RB Leipzig,2023-08-19,Bundesliga,A,Leverkusen
2324,St Pauli,2023-08-19,2. Bundesliga,A,Greuther Furth
2324,Stuttgart,2023-08-19,Bundesliga,H,Bochum
2324,Wolfsburg,2023-08-19,Bundesliga,H,Heidenheim
2324,Darmstadt,2023-08-20,Bundesliga,A,Ein Frankfurt
2324,Ein Frankfurt,2023-08-20,Bundesliga,H,Darmstadt
2324,Holstein Kiel,2023-08-20,2. Bundesliga,H,1. FC Magdeburg
2324,Mainz,2023-08-20,Bundesliga,A,Union Berlin
2324,Nurnberg,2023-08-20,2. Bundesliga,A,VfL Osnabrück
2324,Schalke 04,2023-08-20,2. Bundesliga,A,Eintracht Braunschweig
2324,Union Berlin,2023-08-20,Bundesliga,H,Mainz
2324,Ein Frankfurt,2023-08-24,Conference League (qual.),A,Levski Sofia
2324,Holstein Kiel,2023-08-25,2. Bundesliga,A,Schalke 04
2324,Paderborn,2023-08-25,2. Bundesliga,H,1. FC Kaiserslautern
2324,RB Leipzig,2023-08-25,Bundesliga,H,Stuttgart
2324,Schalke 04,2023-08-25,2. Bundesliga,H,Holstein Kiel
2324,Stuttgart,2023-08-25,Bundesliga,A,RB Leipzig
2324,Bochum,2023-08-26,Bundesliga,H,Dortmund
2324,Darmstadt,2023-08-26,Bundesliga,H,Union Berlin
2324,Dortmund,2023-08-26,Bundesliga,A,Bochum
2324,FC Koln,2023-08-26,Bundesliga,H,Wolfsburg
2324,Fortuna Dusseldorf,2023-08-26,2. Bundesliga,A,SV 07 Elversberg
2324,Freiburg,2023-08-26,Bundesliga,H,Werder Bremen
2324,Greuther Furth,2023-08-26,2. Bundesliga,A,Hertha
2324,Hamburg,2023-08-26,2. Bundesliga,A,Hannover
2324,Hannover,2023-08-26,2. Bundesliga,H,Hamburg
2324,Heidenheim,2023-08-26,Bundesliga,H,Hoffenheim
2324,Hertha,2023-08-26,2. Bundesliga,H,Greuther Furth
2324,Hoffenheim,2023-08-26,Bundesliga,A,Heidenheim
2324,Leverkusen,2023-08-26,Bundesliga,A,M'gladbach
2324,M'gladbach,2023-08-26,Bundesliga,H,Leverkusen
2324,Union Berlin,2023-08-26,Bundesliga,A,Darmstadt
2324,Werder Bremen,2023-08-26,Bundesliga,A,Freiburg
2324,Wolfsburg,2023-08-26,Bundesliga,A,FC Koln
2324,Augsburg,2023-08-27,Bundesliga,A,Bayern Munich
2324,Bayern Munich,2023-08-27,Bundesliga,H,Augsburg
2324,Ein Frankfurt,2023-08-27,Bundesliga,A,Mainz
2324,Mainz,2023-08-27,Bundesliga,H,Ein Frankfurt
2324,Nurnberg,2023-08-27,2. Bundesliga,H,SV Wehen Wiesbaden
2324,St Pauli,2023-08-27,2. Bundesliga,H,1. FC Magdeburg
2324,Ein Frankfurt,2023-08-31,Conference League (qual.),H,Levski Sofia
2324,Dortmund,2023-09-01,Bundesliga,H,Heidenheim
2324,Fortuna Dusseldorf,2023-09-01,2. Bundesliga,H,Karlsruher SC
2324,Heidenheim,2023-09-01,Bundesliga,A,Dortmund
2324,St Pauli,2023-09-01,2. Bundesliga,A,Eintracht Braunschweig
2324,Augsburg,2023-09-02,Bundesliga,H,Bochum
2324,Bayern Munich,2023-09-02,Bundesliga,A,M'gladbach
2324,Bochum,2023-09-02,Bundesliga,A,Augsburg
2324,Darmstadt,2023-09-02,Bundesliga,A,Leverkusen
2324,Freiburg,2023-09-02,Bundesliga,A,Stuttgart
2324,Hertha,2023-09-02,2. Bundesliga,A,1. FC Magdeburg
2324,Hoffenheim,2023-09-02,Bundesliga,H,Wolfsburg
2324,Holstein Kiel,2023-09-02,2. Bundesliga,H,Paderborn
2324,Leverkusen,2023-09-02,Bundesliga,H,Darmstadt
2324,M'gladbach,2023-09-02,Bundesliga,H,Bayern Munich
2324,Mainz,2023-09-02,Bundesliga,A,Werder Bremen
2324,Nurnberg,2023-09-02,2. Bundesliga,A,1. FC Kaiserslautern
2324,Paderborn,2023-09-02,2. Bundesliga,A,Holstein Kiel
2324,Schalke 04,2023-09-02,2. Bundesliga,A,SV Wehen Wiesbaden
2324,Stuttgart,2023-09-02,Bundesliga,H,Freiburg
2324,Werder Bremen,2023-09-02,Bundesliga,H,Mainz
2324,Wolfsburg,2023-09-02,Bundesliga,A,Hoffenheim
2324,Ein Frankfurt,2023-09-03,Bundesliga,H,FC Koln
2324,FC Koln,2023-09-03,Bundesliga,A,Ein Frankfurt
2324,Greuther Furth,2023-09-03,2. Bundesliga,H,Hannover
2324,Hamburg,2023-09-03,2. Bundesliga,H,Hansa Rostock
2324,Hannover,2023-09-03,2. Bundesliga,A,Greuther Furth
2324,RB Leipzig,2023-09-03,Bundesliga,A,Union Berlin
2324,Union Berlin,2023-09-03,Bundesliga,H,RB Leipzig
2324,Bayern Munich,2023-09-15,Bundesliga,H,Leverkusen
2324,Greuther Furth,2023-09-15,2. Bundesliga,A,Nurnberg
2324,Leverkusen,2023-09-15,Bundesliga,A,Bayern Munich
2324,Nurnberg,2023-09-15,2. Bundesliga,H,Greuther Furth
2324,Paderborn,2023-09-15,2. Bundesliga,H,SV Wehen Wiesbaden
2324,Augsburg,2023-09-16,Bundesliga,A,RB Leipzig
2324,Bochum,2023-09-16,Bundesliga,H,Ein Frankfurt
2324,Dortmund,2023-09-16,Bundesliga,A,Freiburg
2324,Ein Frankfurt,2023-09-16,Bundesliga,A,Bochum
2324,FC Koln,2023-09-16,Bundesliga,H,Hoffenheim
2324,Fortuna Dusseldorf,2023-09-16,2. Bundesliga,A,Hansa Rostock
2324,Freiburg,2023-09-16,Bundesliga,H,Dortmund
2324,Hamburg,2023-09-16,2. Bundesliga,A,SV 07 Elversberg
2324,Hoffenheim,2023-09-16,Bundesliga,A,FC Koln
2324,Mainz,2023-09-16,Bundesliga,H,Stuttgart
2324,RB Leipzig,2023-09-16,Bundesliga,H,Augsburg
2324,Schalke 04,2023-09-16,2. Bundesliga,H,1. FC Magdeburg
2324,Stuttgart,2023-09-16,Bundesliga,A,Mainz
2324,Union Berlin,2023-09-16,Bundesliga,A,Wolfsburg
2324,Wolfsburg,2023-09-16,Bundesliga,H,Union Berlin
2324,Darmstadt,2023-09-17,Bundesliga,H,M'gladbach
2324,Hannover,2023-09-17,2. Bundesliga,H,VfL Osnabrück
2324,Heidenheim,2023-09-17,Bundesliga,H,Werder Bremen
2324,Hertha,2023-09-17,2. Bundesliga,H,Eintracht Braunschweig
2324,Holstein Kiel,2023-09-17,2. Bundesliga,A,St Pauli
2324,M'gladbach,2023-09-17,Bundesliga,A,Darmstadt
2324,St Pauli,2023-09-17,2. Bundesliga,H,Holstein Kiel
2324,Werder Bremen,2023-09-17,Bundesliga,A,Heidenheim
2324,Dortmund,2023-09-19,Champions League,A,Paris SG
2324,RB Leipzig,2023-09-19,Champions League,A,BSC Young Boys
2324,Bayern Munich,2023-09-20,Champions League,H,Man United
2324,Union Berlin,2023-09-20,Champions League,A,Real Madrid
2324,Ein Frankfurt,2023-09-21,Conference League,H,Aberdeen FC
2324,Freiburg,2023-09-21,Europa League,A,Olympiakos Piraeus
2324,Leverkusen,2023-09-21,Europa League,H,BK Häcken
2324,Darmstadt,2023-09-22,Bundesliga,A,Stuttgart
2324,Hamburg,2023-09-22,2. Bundesliga,A,VfL Osnabrück
2324,Paderborn,2023-09-22,2. Bundesliga,A,1. FC Magdeburg
2324,Stuttgart,2023-09-22,Bundesliga,H,Darmstadt
2324,Augsburg,2023-09-23,Bundesliga,H,Mainz
2324,Bayern Munich,2023-09-23,Bundesliga,H,Bochum
2324,Bochum,2023-09-23,Bundesliga,A,Bayern Munich
2324,Dortmund,2023-09-23,Bundesliga,H,Wolfsburg
2324,FC Koln,2023-09-23,Bundesliga,A,Werder Bremen
2324,Greuther Furth,2023-09-23,2. Bundesliga,H,Karlsruher SC
2324,Hoffenheim,2023-09-23,Bundesliga,A,Union Berlin
2324,M'gladbach,2023-09-23,Bundesliga,H,RB Leipzig
2324,Mainz,2023-09-23,Bundesliga,A,Augsburg
2324,Nurnberg,2023-09-23,2. Bundesliga,A,Eintracht Braunschweig
2324,RB Leipzig,2023-09-23,Bundesliga,A,M'gladbach
2324,Schalke 04,2023-09-23,2. Bundesliga,A,St Pauli
2324,St Pauli,2023-09-23,2. Bundesliga,H,Schalke 04
2324,Union Berlin,2023-09-23,Bundesliga,H,Hoffenheim
2324,Werder Bremen,2023-09-23,Bundesliga,H,FC Koln
2324,Wolfsburg,2023-09-23,Bundesliga,A,Dortmund
2324,Ein Frankfurt,2023-09-24,Bundesliga,H,Freiburg
2324,Fortuna Dusseldorf,2023-09-24,2. Bundesliga,H,Hannover
2324,Freiburg,2023-09-24,Bundesliga,A,Ein Frankfurt
2324,Hannover,2023-09-24,2. Bundesliga,A,Fortuna Dusseldorf
2324,Heidenheim,2023-09-24,Bundesliga,A,Leverkusen
2324,Hertha,2023-09-24,2. Bundesliga,A,Holstein Kiel
2324,Holstein Kiel,2023-09-24,2. Bundesliga,H,Hertha
2324,Leverkusen,2023-09-24,Bundesliga,H,Heidenheim
2324,Bayern Munich,2023-09-26,DFB-Pokal,A,Preußen Münster
2324,RB Leipzig,2023-09-27,DFB-Pokal,A,SV Wehen Wiesbaden
2324,Dortmund,2023-09-29,Bundesliga,A,Hoffenheim
2324,Fortuna Dusseldorf,2023-09-29,2. Bundesliga,A,Hamburg
2324,Hamburg,2023-09-29,2. Bundesliga,H,Fortuna Dusseldorf
2324,Hoffenheim,2023-09-29,Bundesliga,H,Dortmund
2324,Paderborn,2023-09-29,2. Bundesliga,H,Schalke 04
2324,Schalke 04,2023-09-29,2. Bundesliga,A,Paderborn
2324,Bayern Munich,2023-09-30,Bundesliga,A,RB Leipzig
2324,Bochum,2023-09-30,Bundesliga,H,M'gladbach
2324,Ein Frankfurt,2023-09-30,Bundesliga,A,Wolfsburg
2324,FC Koln,2023-09-30,Bundesliga,H,Stuttgart
2324,Hannover,2023-09-30,2. Bundesliga,H,SV Wehen Wiesbaden
2324,Heidenheim,2023-09-30,Bundesliga,H,Union Berlin
2324,Hertha,2023-09-30,2. Bundesliga,H,St Pauli
2324,Holstein Kiel,2023-09-30,2. Bundesliga,A,Karlsruher SC
2324,Leverkusen,2023-09-30,Bundesliga,A,Mainz
2324,M'gladbach,2023-09-30,Bundesliga,A,Bochum
2324,Mainz,2023-09-30,Bundesliga,H,Leverkusen
2324,RB Leipzig,2023-09-30,Bundesliga,H,Bayern Munich
2324,St Pauli,2023-09-30,2. Bundesliga,A,Hertha
2324,Stuttgart,2023-09-30,Bundesliga,A,FC Koln
2324,Union Berlin,2023-09-30,Bundesliga,A,Heidenheim
2324,Wolfsburg,2023-09-30,Bundesliga,H,Ein Frankfurt
2324,Augsburg,2023-10-01,Bundesliga,A,Freiburg
2324,Darmstadt,2023-10-01,Bundesliga,H,Werder Bremen
2324,Freiburg,2023-10-01,Bundesliga,H,Augsburg
2324,Greuther Furth,2023-10-01,2. Bundesliga,A,SV 07 Elversberg
2324,Nurnberg,2023-10-01,2. Bundesliga,H,1. FC Magdeburg
2324,Werder Bremen,2023-10-01,Bundesliga,A,Darmstadt
2324,Bayern Munich,2023-10-03,Champions League,A,FC København
2324,Union Berlin,2023-10-03,Champions League,H,Sporting Clube de Braga
2324,Dortmund,2023-10-04,Champions League,H,Milan
2324,RB Leipzig,2023-10-04,Champions League,H,Man City
2324,Ein Frankfurt,2023-10-05,Conference League,A,PAOK Saloniki
2324,Freiburg,2023-10-05,Europa League,H,West Ham
2324,Leverkusen,2023-10-05,Europa League,A,Molde FK
2324,Fortuna Dusseldorf,2023-10-06,2. Bundesliga,H,VfL Osnabrück
2324,Hannover,2023-10-06,2. Bundesliga,A,1. FC Kaiserslautern
2324,M'gladbach,2023-10-06,Bundesliga,H,Mainz
2324,Mainz,2023-10-06,Bundesliga,A,M'gladbach
2324,Augsburg,2023-10-07,Bundesliga,H,Darmstadt
2324,Bochum,2023-10-07,Bundesliga,A,RB Leipzig
2324,Darmstadt,2023-10-07,Bundesliga,A,Augsburg
2324,Dortmund,2023-10-07,Bundesliga,H,Union Berlin
2324,Greuther Furth,2023-10-07,2. Bundesliga,H,Hansa Rostock
2324,Hamburg,2023-10-07,2. Bundesliga,A,SV Wehen Wiesbaden
2324,Hoffenheim,2023-10-07,Bundesliga,A,Werder Bremen
2324,Nurnberg,2023-10-07,2. Bundesliga,A,St Pauli
2324,RB Leipzig,2023-10-07,Bundesliga,H,Bochum
2324,St Pauli,2023-10-07,2. Bundesliga,H,Nurnberg
2324,Stuttgart,2023-10-07,Bundesliga,H,Wolfsburg
2324,Union Berlin,2023-10-07,Bundesliga,A,Dortmund
2324,Werder Bremen,2023-10-07,Bundesliga,H,Hoffenheim
2324,Wolfsburg,2023-10-07,Bundesliga,A,Stuttgart
2324,Bayern Munich,2023-10-08,Bundesliga,H,Freiburg
2324,Ein Frankfurt,2023-10-08,Bundesliga,H,Heidenheim
2324,FC Koln,2023-10-08,Bundesliga,A,Leverkusen
2324,Freiburg,2023-10-08,Bundesliga,A,Bayern Munich
2324,Heidenheim,2023-10-08,Bundesliga,A,Ein Frankfurt
2324,Hertha,2023-10-08,2. Bundesliga,A,Schalke 04
2324,Holstein Kiel,2023-10-08,2. Bundesliga,H,SV 07 Elversberg
2324,Leverkusen,2023-10-08,Bundesliga,H,FC Koln
2324,Paderborn,2023-10-08,2. Bundesliga,A,Eintracht Braunschweig
2324,Schalke 04,2023-10-08,2. Bundesliga,H,Hertha
2324,Dortmund,2023-10-20,Bundesliga,H,Werder Bremen
2324,Hannover,2023-10-20,2. Bundesliga,H,1. FC Magdeburg
2324,Werder Bremen,2023-10-20,Bundesliga,A,Dortmund
2324,Bayern Munich,2023-10-21,Bundesliga,A,Mainz
2324,Bochum,2023-10-21,Bundesliga,A,Freiburg
2324,Darmstadt,2023-10-21,Bundesliga,H,RB Leipzig
2324,Ein Frankfurt,2023-10-21,Bundesliga,A,Hoffenheim
2324,Fortuna Dusseldorf,2023-10-21,2. Bundesliga,H,1. FC Kaiserslautern
2324,Freiburg,2023-10-21,Bundesliga,H,Bochum
2324,Greuther Furth,2023-10-21,2. Bundesliga,A,Hamburg
2324,Hamburg,2023-10-21,2. Bundesliga,H,Greuther Furth
2324,Hoffenheim,2023-10-21,Bundesliga,H,Ein Frankfurt
2324,Leverkusen,2023-10-21,Bundesliga,A,Wolfsburg
2324,Mainz,2023-10-21,Bundesliga,H,Bayern Munich
2324,Paderborn,2023-10-21,2. Bundesliga,H,St Pauli
2324,RB Leipzig,2023-10-21,Bundesliga,A,Darmstadt
2324,St Pauli,2023-10-21,2. Bundesliga,A,Paderborn
2324,Stuttgart,2023-10-21,Bundesliga,A,Union Berlin
2324,Union Berlin,2023-10-21,Bundesliga,H,Stuttgart
2324,Wolfsburg,2023-10-21,Bundesliga,H,Leverkusen
2324,Augsburg,2023-10-22,Bundesliga,A,Heidenheim
2324,FC Koln,2023-10-22,Bundesliga,H,M'gladbach
2324,Heidenheim,2023-10-22,Bundesliga,H,Augsburg
2324,Hertha,2023-10-22,2. Bundesliga,A,Nurnberg
2324,Holstein Kiel,2023-10-22,2. Bundesliga,A,Hansa Rostock
2324,M'gladbach,2023-10-22,Bundesliga,A,FC Koln
2324,Nurnberg,2023-10-22,2. Bundesliga,H,Hertha
2324,Schalke 04,2023-10-22,2. Bundesliga,A,Karlsruher SC
2324,Bayern Munich,2023-10-24,Champions League,A,Galatasaray SK
2324,Union Berlin,2023-10-24,Champions League,H,Napoli
2324,Dortmund,2023-10-25,Champions League,A,Newcastle
2324,RB Leipzig,2023-10-25,Champions League,H,FK Crvena Zvezda
2324,Ein Frankfurt,2023-10-26,Conference League,H,HJK Helsinki
2324,Freiburg,2023-10-26,Europa League,A,TSC Bačka Topola
2324,Leverkusen,2023-10-26,Europa League,H,Qarabağ FK
2324,Bochum,2023-10-27,Bundesliga,H,Mainz
2324,Fortuna Dusseldorf,2023-10-27,2. Bundesliga,A,Eintracht Braunschweig
2324,Greuther Furth,2023-10-27,2. Bundesliga,H,VfL Osnabrück
2324,Mainz,2023-10-27,Bundesliga,A,Bochum
2324,Augsburg,2023-10-28,Bundesliga,H,Wolfsburg
2324,Bayern Munich,2023-10-28,Bundesliga,H,Darmstadt
2324,Darmstadt,2023-10-28,Bundesliga,A,Bayern Munich
2324,FC Koln,2023-10-28,Bundesliga,A,RB Leipzig
2324,Hamburg,2023-10-28,2. Bundesliga,A,1. FC Kaiserslautern
2324,Hannover,2023-10-28,2. Bundesliga,A,Schalke 04
2324,Heidenheim,2023-10-28,Bundesliga,A,M'gladbach
2324,Hertha,2023-10-28,2. Bundesliga,H,Paderborn
2324,Hoffenheim,2023-10-28,Bundesliga,A,Stuttgart
2324,M'gladbach,2023-10-28,Bundesliga,H,Heidenheim
2324,Paderborn,2023-10-28,2. Bundesliga,A,Hertha
2324,RB Leipzig,2023-10-28,Bundesliga,H,FC Koln
2324,Schalke 04,2023-10-28,2. Bundesliga,H,Hannover
2324,St Pauli,2023-10-28,2. Bundesliga,H,Karlsruher SC
2324,Stuttgart,2023-10-28,Bundesliga,H,Hoffenheim
2324,Union Berlin,2023-10-28,Bundesliga,A,Werder Bremen
2324,Werder Bremen,2023-10-28,Bundesliga,H,Union Berlin
2324,Wolfsburg,2023-10-28,Bundesliga,A,Augsburg
2324,Dortmund,2023-10-29,Bundesliga,A,Ein Frankfurt
2324,Ein Frankfurt,2023-10-29,Bundesliga,H,Dortmund
2324,Freiburg,2023-10-29,Bundesliga,A,Leverkusen
2324,Holstein Kiel,2023-10-29,2. Bundesliga,H,Nurnberg
2324,Leverkusen,2023-10-29,Bundesliga,H,Freiburg
2324,Nurnberg,2023-10-29,2. Bundesliga,A,Holstein Kiel
2324,Bielefeld,2023-10-31,DFB-Pokal,H,Hamburg
2324,FC Koln,2023-10-31,DFB-Pokal,A,1. FC Kaiserslautern
2324,Fortuna Dusseldorf,2023-10-31,DFB-Pokal,A,SpVgg Unterhaching
2324,Greuther Furth,2023-10-31,DFB-Pokal,A,FC 08 Homburg
2324,Hamburg,2023-10-31,DFB-Pokal,A,Bielefeld
2324,Heidenheim,2023-10-31,DFB-Pokal,A,M'gladbach
2324,M'gladbach,2023-10-31,DFB-Pokal,H,Heidenheim
2324,RB Leipzig,2023-10-31,DFB-Pokal,A,Wolfsburg
2324,Schalke 04,2023-10-31,DFB-Pokal,A,St Pauli
2324,St Pauli,2023-10-31,DFB-Pokal,H,Schalke 04
2324,Stuttgart,2023-10-31,DFB-Pokal,H,Union Berlin
2324,Union Berlin,2023-10-31,DFB-Pokal,A,Stuttgart
2324,Wolfsburg,2023-10-31,DFB-Pokal,H,RB Leipzig
2324,Bayern Munich,2023-11-01,DFB-Pokal,A,1. FC Saarbrücken
2324,Dortmund,2023-11-01,DFB-Pokal,H,Hoffenheim
2324,Ein Frankfurt,2023-11-01,DFB-Pokal,A,Viktoria Köln
2324,Freiburg,2023-11-01,DFB-Pokal,H,Paderborn
2324,Hertha,2023-11-01,DFB-Pokal,H,Mainz
2324,Hoffenheim,2023-11-01,DFB-Pokal,A,Dortmund
2324,Holstein Kiel,2023-11-01,DFB-Pokal,H,1. FC Magdeburg
2324,Leverkusen,2023-11-01,DFB-Pokal,A,SV Sandhausen
2324,Mainz,2023-11-01,DFB-Pokal,A,Hertha
2324,Nurnberg,2023-11-01,DFB-Pokal,H,Hansa Rostock
2324,Paderborn,2023-11-01,DFB-Pokal,A,Freiburg
2324,Bochum,2023-11-03,Bundesliga,A,Darmstadt
2324,Darmstadt,2023-11-03,Bundesliga,H,Bochum
2324,Fortuna Dusseldorf,2023-11-03,2. Bundesliga,H,SV Wehen Wiesbaden
2324,St Pauli,2023-11-03,2. Bundesliga,A,SV 07 Elversberg
2324,Augsburg,2023-11-04,Bundesliga,A,FC Koln
2324,Bayern Munich,2023-11-04,Bundesliga,A,Dortmund
2324,Dortmund,2023-11-04,Bundesliga,H,Bayern Munich
2324,Ein Frankfurt,2023-11-04,Bundesliga,A,Union Berlin
2324,FC Koln,2023-11-04,Bundesliga,H,Augsburg
2324,Freiburg,2023-11-04,Bundesliga,H,M'gladbach
2324,Greuther Furth,2023-11-04,2. Bundesliga,A,1. FC Kaiserslautern
2324,Hamburg,2023-11-04,2. Bundesliga,H,1. FC Magdeburg
2324,Hoffenheim,2023-11-04,Bundesliga,H,Leverkusen
2324,Holstein Kiel,2023-11-04,2. Bundesliga,A,VfL Osnabrück
2324,Leverkusen,2023-11-04,Bundesliga,A,Hoffenheim
2324,M'gladbach,2023-11-04,Bundesliga,A,Freiburg
2324,Mainz,2023-11-04,Bundesliga,H,RB Leipzig
2324,Nurnberg,2023-11-04,2. Bundesliga,H,Schalke 04
2324,RB Leipzig,2023-11-04,Bundesliga,A,Mainz
2324,Schalke 04,2023-11-04,2. Bundesliga,A,Nurnberg
2324,Union Berlin,2023-11-04,Bundesliga,H,Ein Frankfurt
2324,Hannover,2023-11-05,2. Bundesliga,H,Eintracht Braunschweig
2324,Heidenheim,2023-11-05,Bundesliga,H,Stuttgart
2324,Hertha,2023-11-05,2. Bundesliga,A,Hansa Rostock
2324,Paderborn,2023-11-05,2. Bundesliga,A,Karlsruher SC
2324,Stuttgart,2023-11-05,Bundesliga,A,Heidenheim
2324,Werder Bremen,2023-11-05,Bundesliga,A,Wolfsburg
2324,Wolfsburg,2023-11-05,Bundesliga,H,Werder Bremen
2324,Dortmund,2023-11-07,Champions League,H,Newcastle
2324,RB Leipzig,2023-11-07,Champions League,A,FK Crvena Zvezda
2324,Bayern Munich,2023-11-08,Champions League,H,Galatasaray SK
2324,Union Berlin,2023-11-08,Champions League,A,Napoli
2324,Ein Frankfurt,2023-11-09,Conference League,A,HJK Helsinki
2324,Freiburg,2023-11-09,Europa League,H,TSC Bačka Topola
2324,Leverkusen,2023-11-09,Europa League,A,Qarabağ FK
2324,Hannover,2023-11-10,2. Bundesliga,A,St Pauli
2324,M'gladbach,2023-11-10,Bundesliga,H,Wolfsburg
2324,Schalke 04,2023-11-10,2. Bundesliga,H,SV 07 Elversberg
2324,St Pauli,2023-11-10,2. Bundesliga,H,Hannover
2324,Wolfsburg,2023-11-10,Bundesliga,A,M'gladbach
2324,Augsburg,2023-11-11,Bundesliga,H,Hoffenheim
2324,Bayern Munich,2023-11-11,Bundesliga,H,Heidenheim
2324,Bochum,2023-11-11,Bundesliga,H,FC Koln
2324,Darmstadt,2023-11-11,Bundesliga,H,Mainz
2324,Dortmund,2023-11-11,Bundesliga,A,Stuttgart
2324,FC Koln,2023-11-11,Bundesliga,A,Bochum
2324,Hamburg,2023-11-11,2. Bundesliga,A,Holstein Kiel
2324,Heidenheim,2023-11-11,Bundesliga,A,Bayern Munich
2324,Hertha,2023-11-11,2. Bundesliga,H,Karlsruher SC
2324,Hoffenheim,2023-11-11,Bundesliga,A,Augsburg
2324,Holstein Kiel,2023-11-11,2. Bundesliga,H,Hamburg
2324,Mainz,2023-11-11,Bundesliga,A,Darmstadt
2324,Nurnberg,2023-11-11,2. Bundesliga,A,Paderborn
2324,Paderborn,2023-11-11,2. Bundesliga,H,Nurnberg
2324,Stuttgart,2023-11-11,Bundesliga,H,Dortmund
2324,Ein Frankfurt,2023-11-12,Bundesliga,A,Werder Bremen
2324,Fortuna Dusseldorf,2023-11-12,2. Bundesliga,A,Greuther Furth
2324,Freiburg,2023-11-12,Bundesliga,A,RB Leipzig
2324,Greuther Furth,2023-11-12,2. Bundesliga,H,Fortuna Dusseldorf
2324,Leverkusen,2023-11-12,Bundesliga,H,Union Berlin
2324,RB Leipzig,2023-11-12,Bundesliga,H,Freiburg
2324,Union Berlin,2023-11-12,Bundesliga,A,Leverkusen
2324,Werder Bremen,2023-11-12,Bundesliga,H,Ein Frankfurt
2324,Bayern Munich,2023-11-24,Bundesliga,A,FC Koln
2324,FC Koln,2023-11-24,Bundesliga,H,Bayern Munich
2324,Hamburg,2023-11-24,2. Bundesliga,H,Eintracht Braunschweig
2324,Hannover,2023-11-24,2. Bundesliga,H,Hertha
2324,Hertha,2023-11-24,2. Bundesliga,A,Hannover
2324,Augsburg,2023-11-25,Bundesliga,A,Union Berlin
2324,Darmstadt,2023-11-25,Bundesliga,A,Freiburg
2324,Dortmund,2023-11-25,Bundesliga,H,M'gladbach
2324,Ein Frankfurt,2023-11-25,Bundesliga,H,Stuttgart
2324,Fortuna Dusseldorf,2023-11-25,2. Bundesliga,H,Schalke 04
2324,Freiburg,2023-11-25,Bundesliga,H,Darmstadt
2324,Leverkusen,2023-11-25,Bundesliga,A,Werder Bremen
2324,M'gladbach,2023-11-25,Bundesliga,A,Dortmund
2324,Paderborn,2023-11-25,2. Bundesliga,A,SV 07 Elversberg
2324,RB Leipzig,2023-11-25,Bundesliga,A,Wolfsburg
2324,Schalke 04,2023-11-25,2. Bundesliga,A,Fortuna Dusseldorf
2324,St Pauli,2023-11-25,2. Bundesliga,A,Hansa Rostock
2324,Stuttgart,2023-11-25,Bundesliga,A,Ein Frankfurt
2324,Union Berlin,2023-11-25,Bundesliga,H,Augsburg
2324,Werder Bremen,2023-11-25,Bundesliga,H,Leverkusen
2324,Wolfsburg,2023-11-25,Bundesliga,H,RB Leipzig
2324,Bochum,2023-11-26,Bundesliga,A,Heidenheim
2324,Greuther Furth,2023-11-26,2. Bundesliga,H,SV Wehen Wiesbaden
2324,Heidenheim,2023-11-26,Bundesliga,H,Bochum
2324,Hoffenheim,2023-11-26,Bundesliga,H,Mainz
2324,Holstein Kiel,2023-11-26,2. Bundesliga,A,1. FC Kaiserslautern
2324,Mainz,2023-11-26,Bundesliga,A,Hoffenheim
2324,Nurnberg,2023-11-26,2. Bundesliga,A,Karlsruher SC
2324,Dortmund,2023-11-28,Champions League,A,Milan
2324,RB Leipzig,2023-11-28,Champions League,A,Man City
2324,Bayern Munich,2023-11-29,Champions League,H,FC København
2324,Union Berlin,2023-11-29,Champions League,A,Sporting Clube de Braga
2324,Ein Frankfurt,2023-11-30,Conference League,H,PAOK Saloniki
2324,Freiburg,2023-11-30,Europa League,H,Olympiakos Piraeus
2324,Leverkusen,2023-11-30,Europa League,A,BK Häcken
2324,Darmstadt,2023-12-01,Bundesliga,H,FC Koln
2324,FC Koln,2023-12-01,Bundesliga,A,Darmstadt
2324,Hamburg,2023-12-01,2. Bundesliga,A,St Pauli
2324,Schalke 04,2023-12-01,2. Bundesliga,H,VfL Osnabrück
2324,St Pauli,2023-12-01,2. Bundesliga,H,Hamburg
2324,Bochum,2023-12-02,Bundesliga,H,Wolfsburg
2324,Fortuna Dusseldorf,2023-12-02,2. Bundesliga,A,Nurnberg
2324,Greuther Furth,2023-12-02,2. Bundesliga,A,Eintracht Braunschweig
2324,Heidenheim,2023-12-02,Bundesliga,A,RB Leipzig
2324,Hoffenheim,2023-12-02,Bundesliga,A,M'gladbach
2324,Holstein Kiel,2023-12-02,2. Bundesliga,H,SV Wehen Wiesbaden
2324,M'gladbach,2023-12-02,Bundesliga,H,Hoffenheim
2324,Nurnberg,2023-12-02,2. Bundesliga,H,Fortuna Dusseldorf
2324,RB Leipzig,2023-12-02,Bundesliga,H,Heidenheim
2324,Stuttgart,2023-12-02,Bundesliga,H,Werder Bremen
2324,Werder Bremen,2023-12-02,Bundesliga,A,Stuttgart
2324,Wolfsburg,2023-12-02,Bundesliga,A,Bochum
2324,Augsburg,2023-12-03,Bundesliga,H,Ein Frankfurt
2324,Dortmund,2023-12-03,Bundesliga,A,Leverkusen
2324,Ein Frankfurt,2023-12-03,Bundesliga,A,Augsburg
2324,Freiburg,2023-12-03,Bundesliga,A,Mainz
2324,Hannover,2023-12-03,2. Bundesliga,A,Paderborn
2324,Hertha,2023-12-03,2. Bundesliga,H,SV 07 Elversberg
2324,Leverkusen,2023-12-03,Bundesliga,H,Dortmund
2324,Mainz,2023-12-03,Bundesliga,H,Freiburg
2324,Paderborn,2023-12-03,2. Bundesliga,H,Hannover
2324,Fortuna Dusseldorf,2023-12-05,DFB-Pokal,A,1. FC Magdeburg
2324,M'gladbach,2023-12-05,DFB-Pokal,H,Wolfsburg
2324,Nurnberg,2023-12-05,DFB-Pokal,A,1. FC Kaiserslautern
2324,St Pauli,2023-12-05,DFB-Pokal,A,FC 08 Homburg
2324,Wolfsburg,2023-12-05,DFB-Pokal,A,M'gladbach
2324,Dortmund,2023-12-06,DFB-Pokal,A,Stuttgart
2324,Ein Frankfurt,2023-12-06,DFB-Pokal,A,1. FC Saarbrücken
2324,Hamburg,2023-12-06,DFB-Pokal,A,Hertha
2324,Hertha,2023-12-06,DFB-Pokal,H,Hamburg
2324,Leverkusen,2023-12-06,DFB-Pokal,H,Paderborn
2324,Paderborn,2023-12-06,DFB-Pokal,A,Leverkusen
2324,Stuttgart,2023-12-06,DFB-Pokal,H,Dortmund
2324,Bochum,2023-12-08,Bundesliga,A,Hoffenheim
2324,Hannover,2023-12-08,2. Bundesliga,H,Karlsruher SC
2324,Hoffenheim,2023-12-08,Bundesliga,H,Bochum
2324,Augsburg,2023-12-09,Bundesliga,A,Werder Bremen
2324,Bayern Munich,2023-12-09,Bundesliga,A,Ein Frankfurt
2324,Darmstadt,2023-12-09,Bundesliga,A,Heidenheim
2324,Dortmund,2023-12-09,Bundesliga,H,RB Leipzig
2324,Ein Frankfurt,2023-12-09,Bundesliga,H,Bayern Munich
2324,Freiburg,2023-12-09,Bundesliga,A,Wolfsburg
2324,Greuther Furth,2023-12-09,2. Bundesliga,H,1. FC Magdeburg
2324,Hamburg,2023-12-09,2. Bundesliga,H,Paderborn
2324,Heidenheim,2023-12-09,Bundesliga,H,Darmstadt
2324,Hertha,2023-12-09,2. Bundesliga,A,1. FC Kaiserslautern
2324,M'gladbach,2023-12-09,Bundesliga,A,Union Berlin
2324,Paderborn,2023-12-09,2. Bundesliga,A,Hamburg
2324,RB Leipzig,2023-12-09,Bundesliga,A,Dortmund
2324,St Pauli,2023-12-09,2. Bundesliga,A,VfL Osnabrück
2324,Union Berlin,2023-12-09,Bundesliga,H,M'gladbach
2324,Werder Bremen,2023-12-09,Bundesliga,H,Augsburg
2324,Wolfsburg,2023-12-09,Bundesliga,H,Freiburg
2324,FC Koln,2023-12-10,Bundesliga,H,Mainz
2324,Fortuna Dusseldorf,2023-12-10,2. Bundesliga,H,Holstein Kiel
2324,Holstein Kiel,2023-12-10,2. Bundesliga,A,Fortuna Dusseldorf
2324,Leverkusen,2023-12-10,Bundesliga,A,Stuttgart
2324,Mainz,2023-12-10,Bundesliga,A,FC Koln
2324,Nurnberg,2023-12-10,2. Bundesliga,A,SV 07 Elversberg
2324,Schalke 04,2023-12-10,2. Bundesliga,A,Hansa Rostock
2324,Stuttgart,2023-12-10,Bundesliga,H,Leverkusen
2324,Bayern Munich,2023-12-12,Champions League,A,Man United
2324,Union Berlin,2023-12-12,Champions League,H,Real Madrid
2324,Dortmund,2023-12-13,Champions League,H,Paris SG
2324,RB Leipzig,2023-12-13,Champions League,H,BSC Young Boys
2324,Ein Frankfurt,2023-12-14,Conference League,A,Aberdeen FC
2324,Freiburg,2023-12-14,Europa League,A,West Ham
2324,Leverkusen,2023-12-14,Europa League,H,Molde FK
2324,Greuther Furth,2023-12-15,2. Bundesliga,A,Schalke 04
2324,M'gladbach,2023-12-15,Bundesliga,H,Werder Bremen
2324,Paderborn,2023-12-15,2. Bundesliga,H,Hansa Rostock
2324,Schalke 04,2023-12-15,2. Bundesliga,H,Greuther Furth
2324,Werder Bremen,2023-12-15,Bundesliga,A,M'gladbach
2324,Augsburg,2023-12-16,Bundesliga,H,Dortmund
2324,Bochum,2023-12-16,Bundesliga,H,Union Berlin
2324,Darmstadt,2023-12-16,Bundesliga,H,Wolfsburg
2324,Dortmund,2023-12-16,Bundesliga,A,Augsburg
2324,Fortuna Dusseldorf,2023-12-16,2. Bundesliga,A,1. FC Magdeburg
2324,Hamburg,2023-12-16,2. Bundesliga,A,Nurnberg
2324,Hannover,2023-12-16,2. Bundesliga,A,Holstein Kiel
2324,Heidenheim,2023-12-16,Bundesliga,A,Mainz
2324,Hertha,2023-12-16,2. Bundesliga,H,VfL Osnabrück
2324,Hoffenheim,2023-12-16,Bundesliga,A,RB Leipzig
2324,Holstein Kiel,2023-12-16,2. Bundesliga,H,Hannover
2324,Mainz,2023-12-16,Bundesliga,H,Heidenheim
2324,Nurnberg,2023-12-16,2. Bundesliga,H,Hamburg
2324,RB Leipzig,2023-12-16,Bundesliga,H,Hoffenheim
2324,Union Berlin,2023-12-16,Bundesliga,A,Bochum
2324,Wolfsburg,2023-12-16,Bundesliga,A,Darmstadt
2324,Bayern Munich,2023-12-17,Bundesliga,H,Stuttgart
2324,Ein Frankfurt,2023-12-17,Bundesliga,A,Leverkusen
2324,FC Koln,2023-12-17,Bundesliga,A,Freiburg
2324,Freiburg,2023-12-17,Bundesliga,H,FC Koln
2324,Leverkusen,2023-12-17,Bundesliga,H,Ein Frankfurt
2324,St Pauli,2023-12-17,2. Bundesliga,H,SV Wehen Wiesbaden
2324,Stuttgart,2023-12-17,Bundesliga,A,Bayern Munich
2324,Darmstadt,2023-12-19,Bundesliga,A,Hoffenheim
2324,Dortmund,2023-12-19,Bundesliga,H,Mainz
2324,Hoffenheim,2023-12-19,Bundesliga,H,Darmstadt
2324,Mainz,2023-12-19,Bundesliga,A,Dortmund
2324,RB Leipzig,2023-12-19,Bundesliga,A,Werder Bremen
2324,Werder Bremen,2023-12-19,Bundesliga,H,RB Leipzig
2324,Augsburg,2023-12-20,Bundesliga,A,Stuttgart
2324,Bayern Munich,2023-12-20,Bundesliga,A,Wolfsburg
2324,Bochum,2023-12-20,Bundesliga,A,Leverkusen
2324,Ein Frankfurt,2023-12-20,Bundesliga,H,M'gladbach
2324,FC Koln,2023-12-20,Bundesliga,A,Union Berlin
2324,Freiburg,2023-12-20,Bundesliga,A,Heidenheim
2324,Heidenheim,2023-12-20,Bundesliga,H,Freiburg
2324,Leverkusen,2023-12-20,Bundesliga,H,Bochum
2324,M'gladbach,2023-12-20,Bundesliga,A,Ein Frankfurt
2324,Stuttgart,2023-12-20,Bundesliga,H,Augsburg
2324,Union Berlin,2023-12-20,Bundesliga,H,FC Koln
2324,Wolfsburg,2023-12-20,Bundesliga,H,Bayern Munich
2324,Bayern Munich,2024-01-12,Bundesliga,H,Hoffenheim
2324,Hoffenheim,2024-01-12,Bundesliga,A,Bayern Munich
2324,Augsburg,2024-01-13,Bundesliga,H,Leverkusen
2324,Darmstadt,2024-01-13,Bundesliga,H,Dortmund
2324,Dortmund,2024-01-13,Bundesliga,A,Darmstadt
2324,Ein Frankfurt,2024-01-13,Bundesliga,A,RB Leipzig
2324,FC Koln,2024-01-13,Bundesliga,H,Heidenheim
2324,Freiburg,2024-01-13,Bundesliga,H,Union Berlin
2324,Heidenheim,2024-01-13,Bundesliga,A,FC Koln
2324,Leverkusen,2024-01-13,Bundesliga,A,Augsburg
2324,Mainz,2024-01-13,Bundesliga,H,Wolfsburg
2324,RB Leipzig,2024-01-13,Bundesliga,H,Ein Frankfurt
2324,Union Berlin,2024-01-13,Bundesliga,A,Freiburg
2324,Wolfsburg,2024-01-13,Bundesliga,A,Mainz
2324,Bochum,2024-01-14,Bundesliga,H,Werder Bremen
2324,M'gladbach,2024-01-14,Bundesliga,H,Stuttgart
2324,Stuttgart,2024-01-14,Bundesliga,A,M'gladbach
2324,Werder Bremen,2024-01-14,Bundesliga,A,Bochum
2324,Holstein Kiel,2024-01-19,2. Bundesliga,H,Eintracht Braunschweig
2324,Bochum,2024-01-20,Bundesliga,H,Stuttgart
2324,Darmstadt,2024-01-20,Bundesliga,H,Ein Frankfurt
2324,Dortmund,2024-01-20,Bundesliga,A,FC Koln
2324,Ein Frankfurt,2024-01-20,Bundesliga,A,Darmstadt
2324,FC Koln,2024-01-20,Bundesliga,H,Dortmund
2324,Freiburg,2024-01-20,Bundesliga,H,Hoffenheim
2324,Hamburg,2024-01-20,2. Bundesliga,A,Schalke 04
2324,Hannover,2024-01-20,2. Bundesliga,A,SV 07 Elversberg
2324,Heidenheim,2024-01-20,Bundesliga,H,Wolfsburg
2324,Hoffenheim,2024-01-20,Bundesliga,A,Freiburg
2324,Leverkusen,2024-01-20,Bundesliga,A,RB Leipzig
2324,Nurnberg,2024-01-20,2. Bundesliga,H,Hansa Rostock
2324,RB Leipzig,2024-01-20,Bundesliga,H,Leverkusen
2324,Schalke 04,2024-01-20,2. Bundesliga,H,Hamburg
2324,St Pauli,2024-01-20,2. Bundesliga,H,1. FC Kaiserslautern
2324,Stuttgart,2024-01-20,Bundesliga,A,Bochum
2324,Wolfsburg,2024-01-20,Bundesliga,A,Heidenheim
2324,Augsburg,2024-01-21,Bundesliga,A,M'gladbach
2324,Bayern Munich,2024-01-21,Bundesliga,H,Werder Bremen
2324,Fortuna Dusseldorf,2024-01-21,2. Bundesliga,A,Hertha
2324,Greuther Furth,2024-01-21,2. Bundesliga,A,Paderborn
2324,Hertha,2024-01-21,2. Bundesliga,H,Fortuna Dusseldorf
2324,M'gladbach,2024-01-21,Bundesliga,H,Augsburg
2324,Paderborn,2024-01-21,2. Bundesliga,H,Greuther Furth
2324,Werder Bremen,2024-01-21,Bundesliga,A,Bayern Munich
2324,Bayern Munich,2024-01-24,Bundesliga,H,Union Berlin
2324,Union Berlin,2024-01-24,Bundesliga,A,Bayern Munich
2324,Ein Frankfurt,2024-01-26,Bundesliga,H,Mainz
2324,Hannover,2024-01-26,2. Bundesliga,H,Nurnberg
2324,Mainz,2024-01-26,Bundesliga,A,Ein Frankfurt
2324,Nurnberg,2024-01-26,2. Bundesliga,A,Hannover
2324,Schalke 04,2024-01-26,2. Bundesliga,A,1. FC Kaiserslautern
2324,Augsburg,2024-01-27,Bundesliga,H,Bayern Munich
2324,Bayern Munich,2024-01-27,Bundesliga,A,Augsburg
2324,FC Koln,2024-01-27,Bundesliga,A,Wolfsburg
2324,Fortuna Dusseldorf,2024-01-27,2. Bundesliga,H,St Pauli
2324,Freiburg,2024-01-27,Bundesliga,A,Werder Bremen
2324,Heidenheim,2024-01-27,Bundesliga,A,Hoffenheim
2324,Hertha,2024-01-27,2. Bundesliga,A,SV Wehen Wiesbaden
2324,Hoffenheim,2024-01-27,Bundesliga,H,Heidenheim
2324,Leverkusen,2024-01-27,Bundesliga,H,M'gladbach
2324,M'gladbach,2024-01-27,Bundesliga,A,Leverkusen
2324,Paderborn,2024-01-27,2. Bundesliga,A,VfL Osnabrück
2324,RB Leipzig,2024-01-27,Bundesliga,A,Stuttgart
2324,St Pauli,2024-01-27,2. Bundesliga,A,Fortuna Dusseldorf
2324,Stuttgart,2024-01-27,Bundesliga,H,RB Leipzig
2324,Werder Bremen,2024-01-27,Bundesliga,H,Freiburg
2324,Wolfsburg,2024-01-27,Bundesliga,H,FC Koln
2324,Bochum,2024-01-28,Bundesliga,A,Dortmund
2324,Darmstadt,2024-01-28,Bundesliga,A,Union Berlin
2324,Dortmund,2024-01-28,Bundesliga,H,Bochum
2324,Greuther Furth,2024-01-28,2. Bundesliga,H,Holstein Kiel
2324,Hamburg,2024-01-28,2. Bundesliga,H,Karlsruher SC
2324,Holstein Kiel,2024-01-28,2. Bundesliga,A,Greuther Furth
2324,Union Berlin,2024-01-28,Bundesliga,H,Darmstadt
2324,Fortuna Dusseldorf,2024-01-30,DFB-Pokal,A,St Pauli
2324,St Pauli,2024-01-30,DFB-Pokal,H,Fortuna Dusseldorf
2324,Hertha,2024-01-31,DFB-Pokal,H,1. FC Kaiserslautern
2324,Dortmund,2024-02-02,Bundesliga,A,Heidenheim
2324,Heidenheim,2024-02-02,Bundesliga,H,Dortmund
2324,Holstein Kiel,2024-02-02,2. Bundesliga,A,1. FC Magdeburg
2324,Augsburg,2024-02-03,Bundesliga,A,Bochum
2324,Bayern Munich,2024-02-03,Bundesliga,H,M'gladbach
2324,Bochum,2024-02-03,Bundesliga,H,Augsburg
2324,Darmstadt,2024-02-03,Bundesliga,H,Leverkusen
2324,Ein Frankfurt,2024-02-03,Bundesliga,A,FC Koln
2324,FC Koln,2024-02-03,Bundesliga,H,Ein Frankfurt
2324,Freiburg,2024-02-03,Bundesliga,H,Stuttgart
2324,Greuther Furth,2024-02-03,2. Bundesliga,A,St Pauli
2324,Hamburg,2024-02-03,2. Bundesliga,A,Hertha
2324,Hertha,2024-02-03,2. Bundesliga,H,Hamburg
2324,Leverkusen,2024-02-03,Bundesliga,A,Darmstadt
2324,M'gladbach,2024-02-03,Bundesliga,A,Bayern Munich
2324,Mainz,2024-02-03,Bundesliga,H,Werder Bremen
2324,Nurnberg,2024-02-03,2. Bundesliga,H,VfL Osnabrück
2324,Schalke 04,2024-02-03,2. Bundesliga,H,Eintracht Braunschweig
2324,St Pauli,2024-02-03,2. Bundesliga,H,Greuther Furth
2324,Stuttgart,2024-02-03,Bundesliga,A,Freiburg
2324,Werder Bremen,2024-02-03,Bundesliga,A,Mainz
2324,Fortuna Dusseldorf,2024-02-04,2. Bundesliga,A,Paderborn
2324,Hannover,2024-02-04,2. Bundesliga,H,Hansa Rostock
2324,Hoffenheim,2024-02-04,Bundesliga,A,Wolfsburg
2324,Paderborn,2024-02-04,2. Bundesliga,H,Fortuna Dusseldorf
2324,RB Leipzig,2024-02-04,Bundesliga,H,Union Berlin
2324,Union Berlin,2024-02-04,Bundesliga,A,RB Leipzig
2324,Wolfsburg,2024-02-04,Bundesliga,H,Hoffenheim
2324,Leverkusen,2024-02-06,DFB-Pokal,H,Stuttgart
2324,Stuttgart,2024-02-06,DFB-Pokal,A,Leverkusen
2324,Mainz,2024-02-07,Bundesliga,H,Union Berlin
2324,Union Berlin,2024-02-07,Bundesliga,A,Mainz
2324,Dortmund,2024-02-09,Bundesliga,H,Freiburg
2324,Freiburg,2024-02-09,Bundesliga,A,Dortmund
2324,Hamburg,2024-02-09,2. Bundesliga,H,Hannover
2324,Hannover,2024-02-09,2. Bundesliga,A,Hamburg
2324,Nurnberg,2024-02-09,2. Bundesliga,A,SV Wehen Wiesbaden
2324,Augsburg,2024-02-10,Bundesliga,H,RB Leipzig
2324,Bayern Munich,2024-02-10,Bundesliga,A,Leverkusen
2324,Bochum,2024-02-10,Bundesliga,A,Ein Frankfurt
2324,Darmstadt,2024-02-10,Bundesliga,A,M'gladbach
2324,Ein Frankfurt,2024-02-10,Bundesliga,H,Bochum
2324,Fortuna Dusseldorf,2024-02-10,2. Bundesliga,H,SV 07 Elversberg
2324,Heidenheim,2024-02-10,Bundesliga,A,Werder Bremen
2324,Leverkusen,2024-02-10,Bundesliga,H,Bayern Munich
2324,M'gladbach,2024-02-10,Bundesliga,H,Darmstadt
2324,Paderborn,2024-02-10,2. Bundesliga,A,1. FC Kaiserslautern
2324,RB Leipzig,2024-02-10,Bundesliga,A,Augsburg
2324,St Pauli,2024-02-10,2. Bundesliga,A,1. FC Magdeburg
2324,Union Berlin,2024-02-10,Bundesliga,H,Wolfsburg
2324,Werder Bremen,2024-02-10,Bundesliga,H,Heidenheim
2324,Wolfsburg,2024-02-10,Bundesliga,A,Union Berlin
2324,FC Koln,2024-02-11,Bundesliga,A,Hoffenheim
2324,Greuther Furth,2024-02-11,2. Bundesliga,H,Hertha
2324,Hertha,2024-02-11,2. Bundesliga,A,Greuther Furth
2324,Hoffenheim,2024-02-11,Bundesliga,H,FC Koln
2324,Holstein Kiel,2024-02-11,2. Bundesliga,H,Schalke 04
2324,Mainz,2024-02-11,Bundesliga,A,Stuttgart
2324,Schalke 04,2024-02-11,2. Bundesliga,A,Holstein Kiel
2324,Stuttgart,2024-02-11,Bundesliga,H,Mainz
2324,RB Leipzig,2024-02-13,Champions League,H,Real Madrid
2324,Bayern Munich,2024-02-14,Champions League,A,Lazio
2324,Ein Frankfurt,2024-02-15,Conference League,A,Union Saint-Gilloise
2324,Freiburg,2024-02-15,Europa League,A,Lens
2324,FC Koln,2024-02-16,Bundesliga,H,Werder Bremen
2324,Greuther Furth,2024-02-16,2. Bundesliga,A,Hannover
2324,Hannover,2024-02-16,2. Bundesliga,H,Greuther Furth
2324,Hertha,2024-02-16,2. Bundesliga,H,1. FC Magdeburg
2324,Werder Bremen,2024-02-16,Bundesliga,A,FC Koln
2324,Augsburg,2024-02-17,Bundesliga,A,Mainz
2324,Darmstadt,2024-02-17,Bundesliga,H,Stuttgart
2324,Dortmund,2024-02-17,Bundesliga,A,Wolfsburg
2324,Fortuna Dusseldorf,2024-02-17,2. Bundesliga,A,Karlsruher SC
2324,Hamburg,2024-02-17,2. Bundesliga,A,Hansa Rostock
2324,Heidenheim,2024-02-17,Bundesliga,H,Leverkusen
2324,Hoffenheim,2024-02-17,Bundesliga,H,Union Berlin
2324,Holstein Kiel,2024-02-17,2. Bundesliga,A,Paderborn
2324,Leverkusen,2024-02-17,Bundesliga,A,Heidenheim
2324,M'gladbach,2024-02-17,Bundesliga,A,RB Leipzig
2324,Mainz,2024-02-17,Bundesliga,H,Augsburg
2324,Paderborn,2024-02-17,2. Bundesliga,H,Holstein Kiel
2324,RB Leipzig,2024-02-17,Bundesliga,H,M'gladbach
2324,Schalke 04,2024-02-17,2. Bundesliga,H,SV Wehen Wiesbaden
2324,Stuttgart,2024-02-17,Bundesliga,A,Darmstadt
2324,Union Berlin,2024-02-17,Bundesliga,A,Hoffenheim
2324,Wolfsburg,2024-02-17,Bundesliga,H,Dortmund
2324,Bayern Munich,2024-02-18,Bundesliga,A,Bochum
2324,Bochum,2024-02-18,Bundesliga,H,Bayern Munich
2324,Ein Frankfurt,2024-02-18,Bundesliga,A,Freiburg
2324,Freiburg,2024-02-18,Bundesliga,H,Ein Frankfurt
2324,Nurnberg,2024-02-18,2. Bundesliga,H,1. FC Kaiserslautern
2324,St Pauli,2024-02-18,2. Bundesliga,H,Eintracht Braunschweig
2324,Dortmund,2024-02-20,Champions League,A,PSV
2324,Ein Frankfurt,2024-02-22,Conference League,H,Union Saint-Gilloise
2324,Freiburg,2024-02-22,Europa League,H,Lens
2324,Holstein Kiel,2024-02-23,2. Bundesliga,H,St Pauli
2324,Leverkusen,2024-02-23,Bundesliga,H,Mainz
2324,Mainz,2024-02-23,Bundesliga,A,Leverkusen
2324,Paderborn,2024-02-23,2. Bundesliga,A,SV Wehen Wiesbaden
2324,St Pauli,2024-02-23,2. Bundesliga,A,Holstein Kiel
2324,Bayern Munich,2024-02-24,Bundesliga,H,RB Leipzig
2324,Bochum,2024-02-24,Bundesliga,A,M'gladbach
2324,Darmstadt,2024-02-24,Bundesliga,A,Werder Bremen
2324,FC Koln,2024-02-24,Bundesliga,A,Stuttgart
2324,Hannover,2024-02-24,2. Bundesliga,A,VfL Osnabrück
2324,Heidenheim,2024-02-24,Bundesliga,A,Union Berlin
2324,Hertha,2024-02-24,2. Bundesliga,A,Eintracht Braunschweig
2324,M'gladbach,2024-02-24,Bundesliga,H,Bochum
2324,RB Leipzig,2024-02-24,Bundesliga,A,Bayern Munich
2324,Schalke 04,2024-02-24,2. Bundesliga,A,1. FC Magdeburg
2324,Stuttgart,2024-02-24,Bundesliga,H,FC Koln
2324,Union Berlin,2024-02-24,Bundesliga,H,Heidenheim
2324,Werder Bremen,2024-02-24,Bundesliga,H,Darmstadt
2324,Augsburg,2024-02-25,Bundesliga,H,Freiburg
2324,Dortmund,2024-02-25,Bundesliga,H,Hoffenheim
2324,Ein Frankfurt,2024-02-25,Bundesliga,H,Wolfsburg
2324,Fortuna Dusseldorf,2024-02-25,2. Bundesliga,H,Hansa Rostock
2324,Freiburg,2024-02-25,Bundesliga,A,Augsburg
2324,Greuther Furth,2024-02-25,2. Bundesliga,H,Nurnberg
2324,Hamburg,2024-02-25,2. Bundesliga,H,SV 07 Elversberg
2324,Hoffenheim,2024-02-25,Bundesliga,A,Dortmund
2324,Nurnberg,2024-02-25,2. Bundesliga,A,Greuther Furth
2324,Wolfsburg,2024-02-25,Bundesliga,A,Ein Frankfurt
2324,Bayern Munich,2024-03-01,Bundesliga,A,Freiburg
2324,Freiburg,2024-03-01,Bundesliga,H,Bayern Munich
2324,Hertha,2024-03-01,2. Bundesliga,H,Holstein Kiel
2324,Holstein Kiel,2024-03-01,2. Bundesliga,A,Hertha
2324,Schalke 04,2024-03-01,2. Bundesliga,H,St Pauli
2324,St Pauli,2024-03-01,2. Bundesliga,A,Schalke 04
2324,Augsburg,2024-03-02,Bundesliga,A,Darmstadt
2324,Bochum,2024-03-02,Bundesliga,H,RB Leipzig
2324,Darmstadt,2024-03-02,Bundesliga,H,Augsburg
2324,Dortmund,2024-03-02,Bundesliga,A,Union Berlin
2324,Ein Frankfurt,2024-03-02,Bundesliga,A,Heidenheim
2324,Fortuna Dusseldorf,2024-03-02,2. Bundesliga,A,Hannover
2324,Greuther Furth,2024-03-02,2. Bundesliga,A,Karlsruher SC
2324,Hannover,2024-03-02,2. Bundesliga,H,Fortuna Dusseldorf
2324,Heidenheim,2024-03-02,Bundesliga,H,Ein Frankfurt
2324,M'gladbach,2024-03-02,Bundesliga,A,Mainz
2324,Mainz,2024-03-02,Bundesliga,H,M'gladbach
2324,Nurnberg,2024-03-02,2. Bundesliga,H,Eintracht Braunschweig
2324,RB Leipzig,2024-03-02,Bundesliga,A,Bochum
2324,Stuttgart,2024-03-02,Bundesliga,A,Wolfsburg
2324,Union Berlin,2024-03-02,Bundesliga,H,Dortmund
2324,Wolfsburg,2024-03-02,Bundesliga,H,Stuttgart
2324,FC Koln,2024-03-03,Bundesliga,H,Leverkusen
2324,Hamburg,2024-03-03,2. Bundesliga,H,VfL Osnabrück
2324,Hoffenheim,2024-03-03,Bundesliga,H,Werder Bremen
2324,Leverkusen,2024-03-03,Bundesliga,A,FC Koln
2324,Paderborn,2024-03-03,2. Bundesliga,H,1. FC Magdeburg
2324,Werder Bremen,2024-03-03,Bundesliga,A,Hoffenheim
2324,Bayern Munich,2024-03-05,Champions League,H,Lazio
2324,RB Leipzig,2024-03-06,Champions League,A,Real Madrid
2324,Freiburg,2024-03-07,Europa League,H,West Ham
2324,Leverkusen,2024-03-07,Europa League,A,Qarabağ FK
2324,Fortuna Dusseldorf,2024-03-08,2. Bundesliga,H,Hamburg
2324,Hamburg,2024-03-08,2. Bundesliga,A,Fortuna Dusseldorf
2324,Stuttgart,2024-03-08,Bundesliga,H,Union Berlin
2324,Union Berlin,2024-03-08,Bundesliga,A,Stuttgart
2324,Augsburg,2024-03-09,Bundesliga,H,Heidenheim
2324,Bayern Munich,2024-03-09,Bundesliga,H,Mainz
2324,Darmstadt,2024-03-09,Bundesliga,A,RB Leipzig
2324,Dortmund,2024-03-09,Bundesliga,A,Werder Bremen
2324,FC Koln,2024-03-09,Bundesliga,A,M'gladbach
2324,Hannover,2024-03-09,2. Bundesliga,A,SV Wehen Wiesbaden
2324,Heidenheim,2024-03-09,Bundesliga,A,Augsburg
2324,Holstein Kiel,2024-03-09,2. Bundesliga,H,Karlsruher SC
2324,M'gladbach,2024-03-09,Bundesliga,H,FC Koln
2324,Mainz,2024-03-09,Bundesliga,A,Bayern Munich
2324,Nurnberg,2024-03-09,2. Bundesliga,A,1. FC Magdeburg
2324,Paderborn,2024-03-09,2. Bundesliga,A,Schalke 04
2324,RB Leipzig,2024-03-09,Bundesliga,H,Darmstadt
2324,Schalke 04,2024-03-09,2. Bundesliga,H,Paderborn
2324,Werder Bremen,2024-03-09,Bundesliga,H,Dortmund
2324,Bochum,2024-03-10,Bundesliga,H,Freiburg
2324,Ein Frankfurt,2024-03-10,Bundesliga,H,Hoffenheim
2324,Freiburg,2024-03-10,Bundesliga,A,Bochum
2324,Greuther Furth,2024-03-10,2. Bundesliga,H,SV 07 Elversberg
2324,Hertha,2024-03-10,2. Bundesliga,A,St Pauli
2324,Hoffenheim,2024-03-10,Bundesliga,A,Ein Frankfurt
2324,Leverkusen,2024-03-10,Bundesliga,H,Wolfsburg
2324,St Pauli,2024-03-10,2. Bundesliga,H,Hertha
2324,Wolfsburg,2024-03-10,Bundesliga,A,Leverkusen
2324,M'gladbach,2024-03-12,DFB-Pokal,A,1. FC Saarbrücken
2324,Dortmund,2024-03-13,Champions League,H,PSV
2324,Freiburg,2024-03-14,Europa League,A,West Ham
2324,Leverkusen,2024-03-14,Europa League,H,Qarabağ FK
2324,FC Koln,2024-03-15,Bundesliga,H,RB Leipzig
2324,Fortuna Dusseldorf,2024-03-15,2. Bundesliga,A,VfL Osnabrück
2324,Paderborn,2024-03-15,2. Bundesliga,H,Eintracht Braunschweig
2324,RB Leipzig,2024-03-15,Bundesliga,A,FC Koln
2324,Augsburg,2024-03-16,Bundesliga,A,Wolfsburg
2324,Bayern Munich,2024-03-16,Bundesliga,A,Darmstadt
2324,Bochum,2024-03-16,Bundesliga,A,Mainz
2324,Darmstadt,2024-03-16,Bundesliga,H,Bayern Munich
2324,Greuther Furth,2024-03-16,2. Bundesliga,A,Hansa Rostock
2324,Hannover,2024-03-16,2. Bundesliga,H,1. FC Kaiserslautern
2324,Heidenheim,2024-03-16,Bundesliga,H,M'gladbach
2324,Hoffenheim,2024-03-16,Bundesliga,H,Stuttgart
2324,Holstein Kiel,2024-03-16,2. Bundesliga,A,SV 07 Elversberg
2324,M'gladbach,2024-03-16,Bundesliga,A,Heidenheim
2324,Mainz,2024-03-16,Bundesliga,H,Bochum
2324,Nurnberg,2024-03-16,2. Bundesliga,H,St Pauli
2324,St Pauli,2024-03-16,2. Bundesliga,A,Nurnberg
2324,Stuttgart,2024-03-16,Bundesliga,A,Hoffenheim
2324,Union Berlin,2024-03-16,Bundesliga,H,Werder Bremen
2324,Werder Bremen,2024-03-16,Bundesliga,A,Union Berlin
2324,Wolfsburg,2024-03-16,Bundesliga,H,Augsburg
2324,Dortmund,2024-03-17,Bundesliga,H,Ein Frankfurt
2324,Ein Frankfurt,2024-03-17,Bundesliga,A,Dortmund
2324,Freiburg,2024-03-17,Bundesliga,H,Leverkusen
2324,Hamburg,2024-03-17,2. Bundesliga,H,SV Wehen Wiesbaden
2324,Hertha,2024-03-17,2. Bundesliga,H,Schalke 04
2324,Leverkusen,2024-03-17,Bundesliga,A,Freiburg
2324,Schalke 04,2024-03-17,2. Bundesliga,A,Hertha
2324,Bayern Munich,2024-03-30,Bundesliga,H,Dortmund
2324,Dortmund,2024-03-30,Bundesliga,A,Bayern Munich
2324,Ein Frankfurt,2024-03-30,Bundesliga,H,Union Berlin
2324,Fortuna Dusseldorf,2024-03-30,2. Bundesliga,A,1. FC Kaiserslautern
2324,Freiburg,2024-03-30,Bundesliga,A,M'gladbach
2324,Hertha,2024-03-30,2. Bundesliga,H,Nurnberg
2324,Hoffenheim,2024-03-30,Bundesliga,A,Leverkusen
2324,Holstein Kiel,2024-03-30,2. Bundesliga,H,Hansa Rostock
2324,Leverkusen,2024-03-30,Bundesliga,H,Hoffenheim
2324,M'gladbach,2024-03-30,Bundesliga,H,Freiburg
2324,Mainz,2024-03-30,Bundesliga,A,RB Leipzig
2324,Nurnberg,2024-03-30,2. Bundesliga,A,Hertha
2324,RB Leipzig,2024-03-30,Bundesliga,H,Mainz
2324,Union Berlin,2024-03-30,Bundesliga,A,Ein Frankfurt
2324,Werder Bremen,2024-03-30,Bundesliga,H,Wolfsburg
2324,Wolfsburg,2024-03-30,Bundesliga,A,Werder Bremen
2324,Augsburg,2024-03-31,Bundesliga,H,FC Koln
2324,Bochum,2024-03-31,Bundesliga,H,Darmstadt
2324,Darmstadt,2024-03-31,Bundesliga,A,Bochum
2324,FC Koln,2024-03-31,Bundesliga,A,Augsburg
2324,Greuther Furth,2024-03-31,2. Bundesliga,H,Hamburg
2324,Hamburg,2024-03-31,2. Bundesliga,A,Greuther Furth
2324,Hannover,2024-03-31,2. Bundesliga,A,1. FC Magdeburg
2324,Heidenheim,2024-03-31,Bundesliga,A,Stuttgart
2324,Paderborn,2024-03-31,2. Bundesliga,A,St Pauli
2324,Schalke 04,2024-03-31,2. Bundesliga,H,Karlsruher SC
2324,St Pauli,2024-03-31,2. Bundesliga,H,Paderborn
2324,Stuttgart,2024-03-31,Bundesliga,H,Heidenheim
2324,Fortuna Dusseldorf,2024-04-03,DFB-Pokal,A,Leverkusen
2324,Leverkusen,2024-04-03,DFB-Pokal,H,Fortuna Dusseldorf
2324,Ein Frankfurt,2024-04-05,Bundesliga,H,Werder Bremen
2324,Hertha,2024-04-05,2. Bundesliga,A,Paderborn
2324,Paderborn,2024-04-05,2. Bundesliga,H,Hertha
2324,Werder Bremen,2024-04-05,Bundesliga,A,Ein Frankfurt
2324,Bayern Munich,2024-04-06,Bundesliga,A,Heidenheim
2324,Bochum,2024-04-06,Bundesliga,A,FC Koln
2324,Darmstadt,2024-04-06,Bundesliga,A,Mainz
2324,Dortmund,2024-04-06,Bundesliga,H,Stuttgart
2324,FC Koln,2024-04-06,Bundesliga,H,Bochum
2324,Freiburg,2024-04-06,Bundesliga,H,RB Leipzig
2324,Hamburg,2024-04-06,2. Bundesliga,H,1. FC Kaiserslautern
2324,Heidenheim,2024-04-06,Bundesliga,H,Bayern Munich
2324,Holstein Kiel,2024-04-06,2. Bundesliga,A,Nurnberg
2324,Leverkusen,2024-04-06,Bundesliga,A,Union Berlin
2324,Mainz,2024-04-06,Bundesliga,H,Darmstadt
2324,Nurnberg,2024-04-06,2. Bundesliga,H,Holstein Kiel
2324,RB Leipzig,2024-04-06,Bundesliga,A,Freiburg
2324,St Pauli,2024-04-06,2. Bundesliga,A,Karlsruher SC
2324,Stuttgart,2024-04-06,Bundesliga,A,Dortmund
2324,Union Berlin,2024-04-06,Bundesliga,H,Leverkusen
2324,Augsburg,2024-04-07,Bundesliga,A,Hoffenheim
2324,Fortuna Dusseldorf,2024-04-07,2. Bundesliga,H,Eintracht Braunschweig
2324,Greuther Furth,2024-04-07,2. Bundesliga,A,VfL Osnabrück
2324,Hannover,2024-04-07,2. Bundesliga,H,Schalke 04
2324,Hoffenheim,2024-04-07,Bundesliga,H,Augsburg
2324,M'gladbach,2024-04-07,Bundesliga,A,Wolfsburg
2324,Schalke 04,2024-04-07,2. Bundesliga,A,Hannover
2324,Wolfsburg,2024-04-07,Bundesliga,H,M'gladbach
2324,Bayern Munich,2024-04-09,Champions League,A,Arsenal
2324,Dortmund,2024-04-10,Champions League,A,Ath Madrid
2324,Leverkusen,2024-04-11,Europa League,H,West Ham
2324,Augsburg,2024-04-12,Bundesliga,H,Union Berlin
2324,Greuther Furth,2024-04-12,2. Bundesliga,H,1. FC Kaiserslautern
2324,Hertha,2024-04-12,2. Bundesliga,H,Hansa Rostock
2324,Union Berlin,2024-04-12,Bundesliga,A,Augsburg
2324,Bayern Munich,2024-04-13,Bundesliga,H,FC Koln
2324,Bochum,2024-04-13,Bundesliga,H,Heidenheim
2324,Dortmund,2024-04-13,Bundesliga,A,M'gladbach
2324,Ein Frankfurt,2024-04-13,Bundesliga,A,Stuttgart
2324,FC Koln,2024-04-13,Bundesliga,A,Bayern Munich
2324,Fortuna Dusseldorf,2024-04-13,2. Bundesliga,A,SV Wehen Wiesbaden
2324,Heidenheim,2024-04-13,Bundesliga,A,Bochum
2324,Hoffenheim,2024-04-13,Bundesliga,A,Mainz
2324,Holstein Kiel,2024-04-13,2. Bundesliga,H,VfL Osnabrück
2324,M'gladbach,2024-04-13,Bundesliga,H,Dortmund
2324,Mainz,2024-04-13,Bundesliga,H,Hoffenheim
2324,Nurnberg,2024-04-13,2. Bundesliga,A,Schalke 04
2324,Paderborn,2024-04-13,2. Bundesliga,H,Karlsruher SC
2324,RB Leipzig,2024-04-13,Bundesliga,H,Wolfsburg
2324,Schalke 04,2024-04-13,2. Bundesliga,H,Nurnberg
2324,Stuttgart,2024-04-13,Bundesliga,H,Ein Frankfurt
2324,Wolfsburg,2024-04-13,Bundesliga,A,RB Leipzig
2324,Darmstadt,2024-04-14,Bundesliga,H,Freiburg
2324,Freiburg,2024-04-14,Bundesliga,A,Darmstadt
2324,Hamburg,2024-04-14,2. Bundesliga,A,1. FC Magdeburg
2324,Hannover,2024-04-14,2. Bundesliga,A,Eintracht Braunschweig
2324,Leverkusen,2024-04-14,Bundesliga,H,Werder Bremen
2324,St Pauli,2024-04-14,2. Bundesliga,H,SV 07 Elversberg
2324,Werder Bremen,2024-04-14,Bundesliga,A,Leverkusen
2324,Dortmund,2024-04-16,Champions League,H,Ath Madrid
2324,Bayern Munich,2024-04-17,Champions League,H,Arsenal
2324,Leverkusen,2024-04-18,Europa League,A,West Ham
2324,Augsburg,2024-04-19,Bundesliga,A,Ein Frankfurt
2324,Ein Frankfurt,2024-04-19,Bundesliga,H,Augsburg
2324,Nurnberg,2024-04-19,2. Bundesliga,H,Paderborn
2324,Paderborn,2024-04-19,2. Bundesliga,A,Nurnberg
2324,Schalke 04,2024-04-19,2. Bundesliga,A,SV 07 Elversberg
2324,Bayern Munich,2024-04-20,Bundesliga,A,Union Berlin
2324,Bochum,2024-04-20,Bundesliga,A,Wolfsburg
2324,Darmstadt,2024-04-20,Bundesliga,A,FC Koln
2324,FC Koln,2024-04-20,Bundesliga,H,Darmstadt
2324,Fortuna Dusseldorf,2024-04-20,2. Bundesliga,H,Greuther Furth
2324,Greuther Furth,2024-04-20,2. Bundesliga,A,Fortuna Dusseldorf
2324,Hamburg,2024-04-20,2. Bundesliga,H,Holstein Kiel
2324,Heidenheim,2024-04-20,Bundesliga,H,RB Leipzig
2324,Hoffenheim,2024-04-20,Bundesliga,H,M'gladbach
2324,Holstein Kiel,2024-04-20,2. Bundesliga,A,Hamburg
2324,M'gladbach,2024-04-20,Bundesliga,A,Hoffenheim
2324,RB Leipzig,2024-04-20,Bundesliga,A,Heidenheim
2324,Union Berlin,2024-04-20,Bundesliga,H,Bayern Munich
2324,Wolfsburg,2024-04-20,Bundesliga,H,Bochum
2324,Dortmund,2024-04-21,Bundesliga,H,Leverkusen
2324,Freiburg,2024-04-21,Bundesliga,H,Mainz
2324,Hannover,2024-04-21,2. Bundesliga,H,St Pauli
2324,Hertha,2024-04-21,2. Bundesliga,A,Karlsruher SC
2324,Leverkusen,2024-04-21,Bundesliga,A,Dortmund
2324,Mainz,2024-04-21,Bundesliga,A,Freiburg
2324,St Pauli,2024-04-21,2. Bundesliga,A,Hannover
2324,Stuttgart,2024-04-21,Bundesliga,A,Werder Bremen
2324,Werder Bremen,2024-04-21,Bundesliga,H,Stuttgart
2324,Bochum,2024-04-26,Bundesliga,H,Hoffenheim
2324,Hannover,2024-04-26,2. Bundesliga,A,Hertha
2324,Hertha,2024-04-26,2. Bundesliga,H,Hannover
2324,Hoffenheim,2024-04-26,Bundesliga,A,Bochum
2324,St Pauli,2024-04-26,2. Bundesliga,H,Hansa Rostock
2324,Augsburg,2024-04-27,Bundesliga,H,Werder Bremen
2324,Bayern Munich,2024-04-27,Bundesliga,H,Ein Frankfurt
2324,Dortmund,2024-04-27,Bundesliga,A,RB Leipzig
2324,Ein Frankfurt,2024-04-27,Bundesliga,A,Bayern Munich
2324,Fortuna Dusseldorf,2024-04-27,2. Bundesliga,A,Schalke 04
2324,Freiburg,2024-04-27,Bundesliga,H,Wolfsburg
2324,Hamburg,2024-04-27,2. Bundesliga,A,Eintracht Braunschweig
2324,Holstein Kiel,2024-04-27,2. Bundesliga,H,1. FC Kaiserslautern
2324,Leverkusen,2024-04-27,Bundesliga,H,Stuttgart
2324,Paderborn,2024-04-27,2. Bundesliga,H,SV 07 Elversberg
2324,RB Leipzig,2024-04-27,Bundesliga,H,Dortmund
2324,Schalke 04,2024-04-27,2. Bundesliga,H,Fortuna Dusseldorf
2324,Stuttgart,2024-04-27,Bundesliga,A,Leverkusen
2324,Werder Bremen,2024-04-27,Bundesliga,A,Augsburg
2324,Wolfsburg,2024-04-27,Bundesliga,A,Freiburg
2324,Darmstadt,2024-04-28,Bundesliga,H,Heidenheim
2324,FC Koln,2024-04-28,Bundesliga,A,Mainz
2324,Greuther Furth,2024-04-28,2. Bundesliga,A,SV Wehen Wiesbaden
2324,Heidenheim,2024-04-28,Bundesliga,A,Darmstadt
2324,M'gladbach,2024-04-28,Bundesliga,H,Union Berlin
2324,Mainz,2024-04-28,Bundesliga,H,FC Koln
2324,Nurnberg,2024-04-28,2. Bundesliga,H,Karlsruher SC
2324,Union Berlin,2024-04-28,Bundesliga,A,M'gladbach
2324,Bayern Munich,2024-04-30,Champions League,H,Real Madrid
2324,Dortmund,2024-05-01,Champions League,H,Paris SG
2324,Leverkusen,2024-05-02,Europa League,A,Roma
2324,Fortuna Dusseldorf,2024-05-03,2. Bundesliga,H,Nurnberg
2324,Hamburg,2024-05-03,2. Bundesliga,H,St Pauli
2324,Hoffenheim,2024-05-03,Bundesliga,H,RB Leipzig
2324,Nurnberg,2024-05-03,2. Bundesliga,A,Fortuna Dusseldorf
2324,RB Leipzig,2024-05-03,Bundesliga,A,Hoffenheim
2324,St Pauli,2024-05-03,2. Bundesliga,A,Hamburg
2324,Augsburg,2024-05-04,Bundesliga,A,Dortmund
2324,Bayern Munich,2024-05-04,Bundesliga,A,Stuttgart
2324,Darmstadt,2024-05-04,Bundesliga,A,Wolfsburg
2324,Dortmund,2024-05-04,Bundesliga,H,Augsburg
2324,FC Koln,2024-05-04,Bundesliga,H,Freiburg
2324,Freiburg,2024-05-04,Bundesliga,A,FC Koln
2324,Greuther Furth,2024-05-04,2. Bundesliga,H,Eintracht Braunschweig
2324,M'gladbach,2024-05-04,Bundesliga,A,Werder Bremen
2324,Stuttgart,2024-05-04,Bundesliga,H,Bayern Munich
2324,Werder Bremen,2024-05-04,Bundesliga,H,M'gladbach
2324,Wolfsburg,2024-05-04,Bundesliga,H,Darmstadt
2324,Bochum,2024-05-05,Bundesliga,A,Union Berlin
2324,Ein Frankfurt,2024-05-05,Bundesliga,H,Leverkusen
2324,Hannover,2024-05-05,2. Bundesliga,H,Paderborn
2324,Heidenheim,2024-05-05,Bundesliga,H,Mainz
2324,Hertha,2024-05-05,2. Bundesliga,A,SV 07 Elversberg
2324,Holstein Kiel,2024-05-05,2. Bundesliga,A,SV Wehen Wiesbaden
2324,Leverkusen,2024-05-05,Bundesliga,A,Ein Frankfurt
2324,Mainz,2024-05-05,Bundesliga,A,Heidenheim
2324,Paderborn,2024-05-05,2. Bundesliga,A,Hannover
2324,Union Berlin,2024-05-05,Bundesliga,H,Bochum
2324,Dortmund,2024-05-07,Champions League,A,Paris SG
2324,Schalke 04,2024-05-07,2. Bundesliga,A,VfL Osnabrück
2324,Bayern Munich,2024-05-08,Champions League,A,Real Madrid
2324,Leverkusen,2024-05-09,Europa League,H,Roma
2324,Augsburg,2024-05-10,Bundesliga,H,Stuttgart
2324,Greuther Furth,2024-05-10,2. Bundesliga,A,1. FC Magdeburg
2324,Hamburg,2024-05-10,2. Bundesliga,A,Paderborn
2324,Paderborn,2024-05-10,2. Bundesliga,H,Hamburg
2324,Stuttgart,2024-05-10,Bundesliga,A,Augsburg
2324,Dortmund,2024-05-11,Bundesliga,A,Mainz
2324,Ein Frankfurt,2024-05-11,Bundesliga,A,M'gladbach
2324,FC Koln,2024-05-11,Bundesliga,H,Union Berlin
2324,Fortuna Dusseldorf,2024-05-11,2. Bundesliga,A,Holstein Kiel
2324,Freiburg,2024-05-11,Bundesliga,H,Heidenheim
2324,Heidenheim,2024-05-11,Bundesliga,A,Freiburg
2324,Hertha,2024-05-11,2. Bundesliga,H,1. FC Kaiserslautern
2324,Holstein Kiel,2024-05-11,2. Bundesliga,H,Fortuna Dusseldorf
2324,M'gladbach,2024-05-11,Bundesliga,H,Ein Frankfurt
2324,Mainz,2024-05-11,Bundesliga,H,Dortmund
2324,Nurnberg,2024-05-11,2. Bundesliga,H,SV 07 Elversberg
2324,RB Leipzig,2024-05-11,Bundesliga,H,Werder Bremen
2324,Schalke 04,2024-05-11,2. Bundesliga,H,Hansa Rostock
2324,Union Berlin,2024-05-11,Bundesliga,A,FC Koln
2324,Werder Bremen,2024-05-11,Bundesliga,A,RB Leipzig
2324,Bayern Munich,2024-05-12,Bundesliga,H,Wolfsburg
2324,Bochum,2024-05-12,Bundesliga,H,Leverkusen
2324,Darmstadt,2024-05-12,Bundesliga,H,Hoffenheim
2324,Hannover,2024-05-12,2. Bundesliga,A,Karlsruher SC
2324,Hoffenheim,2024-05-12,Bundesliga,A,Darmstadt
2324,Leverkusen,2024-05-12,Bundesliga,A,Bochum
2324,St Pauli,2024-05-12,2. Bundesliga,H,VfL Osnabrück
2324,Wolfsburg,2024-05-12,Bundesliga,A,Bayern Munich
2324,Augsburg,2024-05-18,Bundesliga,A,Leverkusen
2324,Bayern Munich,2024-05-18,Bundesliga,A,Hoffenheim
2324,Bochum,2024-05-18,Bundesliga,A,Werder Bremen
2324,Darmstadt,2024-05-18,Bundesliga,A,Dortmund
2324,Dortmund,2024-05-18,Bundesliga,H,Darmstadt
2324,Ein Frankfurt,2024-05-18,Bundesliga,H,RB Leipzig
2324,FC Koln,2024-05-18,Bundesliga,A,Heidenheim
2324,Freiburg,2024-05-18,Bundesliga,A,Union Berlin
2324,Heidenheim,2024-05-18,Bundesliga,H,FC Koln
2324,Hoffenheim,2024-05-18,Bundesliga,H,Bayern Munich
2324,Leverkusen,2024-05-18,Bundesliga,H,Augsburg
2324,M'gladbach,2024-05-18,Bundesliga,A,Stuttgart
2324,Mainz,2024-05-18,Bundesliga,A,Wolfsburg
2324,RB Leipzig,2024-05-18,Bundesliga,A,Ein Frankfurt
2324,Stuttgart,2024-05-18,Bundesliga,H,M'gladbach
2324,Union Berlin,2024-05-18,Bundesliga,H,Freiburg
2324,Werder Bremen,2024-05-18,Bundesliga,H,Bochum
2324,Wolfsburg,2024-05-18,Bundesliga,H,Mainz
2324,Fortuna Dusseldorf,2024-05-19,2. Bundesliga,H,1. FC Magdeburg
2324,Greuther Furth,2024-05-19,2. Bundesliga,H,Schalke 04
2324,Hamburg,2024-05-19,2. Bundesliga,H,Nurnberg
2324,Hannover,2024-05-19,2. Bundesliga,H,Holstein Kiel
2324,Hertha,2024-05-19,2. Bundesliga,A,VfL Osnabrück
2324,Holstein Kiel,2024-05-19,2. Bundesliga,A,Hannover
2324,Nurnberg,2024-05-19,2. Bundesliga,A,Hamburg
2324,Paderborn,2024-05-19,2. Bundesliga,A,Hansa Rostock
2324,Schalke 04,2024-05-19,2. Bundesliga,A,Greuther Furth
2324,St Pauli,2024-05-19,2. Bundesliga,A,SV Wehen Wiesbaden
2324,Leverkusen,2024-05-22,Europa League,A,Atalanta
2324,Leverkusen,2024-05-25,DFB-Pokal,A,1. FC Kaiserslautern
2324,Dortmund,2024-06-01,Champions League,H,Real Madrid
2425,FC Koln,2024-08-02,2. Bundesliga,H,Hamburg
2425,Hamburg,2024-08-02,2. Bundesliga,A,FC Koln
2425,Hannover,2024-08-03,2. Bundesliga,H,Jahn Regensburg
2425,Hertha,2024-08-03,2. Bundesliga,H,Paderborn
2425,Nurnberg,2024-08-03,2. Bundesliga,A,Karlsruher SC
2425,Paderborn,2024-08-03,2. Bundesliga,A,Hertha
2425,Schalke 04,2024-08-03,2. Bundesliga,H,Eintracht Braunschweig
2425,Darmstadt,2024-08-04,2. Bundesliga,H,Fortuna Dusseldorf
2425,Fortuna Dusseldorf,2024-08-04,2. Bundesliga,A,Darmstadt
2425,Greuther Furth,2024-08-04,2. Bundesliga,H,Preußen Münster
2425,Greuther Furth,2024-08-09,2. Bundesliga,A,1. FC Kaiserslautern
2425,FC Koln,2024-08-10,2. Bundesliga,A,SV 07 Elversberg
2425,Fortuna Dusseldorf,2024-08-10,2. Bundesliga,H,Karlsruher SC
2425,Hamburg,2024-08-10,2. Bundesliga,H,Hertha
2425,Hertha,2024-08-10,2. Bundesliga,A,Hamburg
2425,Nurnberg,2024-08-10,2. Bundesliga,H,Schalke 04
2425,Schalke 04,2024-08-10,2. Bundesliga,A,Nurnberg
2425,Darmstadt,2024-08-11,2. Bundesliga,A,Paderborn
2425,Hannover,2024-08-11,2. Bundesliga,A,Preußen Münster
2425,Paderborn,2024-08-11,2. Bundesliga,H,Darmstadt
2425,Bayern Munich,2024-08-16,DFB-Pokal,A,SSV Ulm 1846
2425,Hoffenheim,2024-08-16,DFB-Pokal,A,Würzburger Kickers
2425,Mainz,2024-08-16,DFB-Pokal,A,SV Wehen Wiesbaden
2425,St Pauli,2024-08-16,DFB-Pokal,A,Hallescher FC
2425,Bielefeld,2024-08-17,DFB-Pokal,H,Hannover
2425,Dortmund,2024-08-17,DFB-Pokal,A,1. FC Phönix Lübeck
2425,Freiburg,2024-08-17,DFB-Pokal,A,VfL Osnabrück
2425,Greuther Furth,2024-08-17,DFB-Pokal,A,TSV Schott Mainz
2425,Hannover,2024-08-17,DFB-Pokal,A,Bielefeld
2425,Heidenheim,2024-08-17,DFB-Pokal,A,FC 08 Villingen
2425,Holstein Kiel,2024-08-17,DFB-Pokal,A,Alemannia Aachen
2425,Leverkusen,2024-08-17,DFL-Supercup,H,Stuttgart
2425,M'gladbach,2024-08-17,DFB-Pokal,A,Erzgebirge Aue
2425,RB Leipzig,2024-08-17,DFB-Pokal,A,Rot-Weiss Essen
2425,Schalke 04,2024-08-17,DFB-Pokal,A,VfR Aalen
2425,Stuttgart,2024-08-17,DFL-Supercup,A,Leverkusen
2425,Union Berlin,2024-08-17,DFB-Pokal,A,Greifswalder FC
2425,Augsburg,2024-08-18,DFB-Pokal,A,FC Viktoria 1889 Berlin
2425,Bochum,2024-08-18,DFB-Pokal,A,Jahn Regensburg
2425,Darmstadt,2024-08-18,DFB-Pokal,A,FC Teutonia 05
2425,FC Koln,2024-08-18,DFB-Pokal,A,SV Sandhausen
2425,Fortuna Dusseldorf,2024-08-18,DFB-Pokal,A,Dynamo Dresden
2425,Hamburg,2024-08-18,DFB-Pokal,A,SV Meppen
2425,Hertha,2024-08-18,DFB-Pokal,A,Hansa Rostock
2425,Nurnberg,2024-08-18,DFB-Pokal,A,1. FC Saarbrücken
2425,Paderborn,2024-08-18,DFB-Pokal,A,Bremer SV
2425,Ein Frankfurt,2024-08-19,DFB-Pokal,A,Eintracht Braunschweig
2425,Werder Bremen,2024-08-19,DFB-Pokal,A,Energie Cottbus
2425,Wolfsburg,2024-08-19,DFB-Pokal,A,TuS Koblenz
2425,Heidenheim,2024-08-22,Conference League (qual.),A,BK Häcken
2425,Hamburg,2024-08-23,2. Bundesliga,A,Hannover
2425,Hannover,2024-08-23,2. Bundesliga,H,Hamburg
2425,Leverkusen,2024-08-23,Bundesliga,A,M'gladbach
2425,M'gladbach,2024-08-23,Bundesliga,H,Leverkusen
2425,Augsburg,2024-08-24,Bundesliga,H,Werder Bremen
2425,Bochum,2024-08-24,Bundesliga,A,RB Leipzig
2425,Dortmund,2024-08-24,Bundesliga,H,Ein Frankfurt
2425,Ein Frankfurt,2024-08-24,Bundesliga,A,Dortmund
2425,FC Koln,2024-08-24,2. Bundesliga,H,Eintracht Braunschweig
2425,Freiburg,2024-08-24,Bundesliga,H,Stuttgart
2425,Greuther Furth,2024-08-24,2. Bundesliga,H,Paderborn
2425,Hertha,2024-08-24,2. Bundesliga,H,Jahn Regensburg
2425,Hoffenheim,2024-08-24,Bundesliga,H,Holstein Kiel
2425,Holstein Kiel,2024-08-24,Bundesliga,A,Hoffenheim
2425,Mainz,2024-08-24,Bundesliga,H,Union Berlin
2425,Paderborn,2024-08-24,2. Bundesliga,A,Greuther Furth
2425,RB Leipzig,2024-08-24,Bundesliga,H,Bochum
2425,Stuttgart,2024-08-24,Bundesliga,A,Freiburg
2425,Union Berlin,2024-08-24,Bundesliga,A,Mainz
2425,Werder Bremen,2024-08-24,Bundesliga,A,Augsburg
2425,Bayern Munich,2024-08-25,Bundesliga,A,Wolfsburg
2425,Darmstadt,2024-08-25,2. Bundesliga,H,Nurnberg
2425,Fortuna Dusseldorf,2024-08-25,2. Bundesliga,A,SSV Ulm 1846
2425,Heidenheim,2024-08-25,Bundesliga,A,St Pauli
2425,Nurnberg,2024-08-25,2. Bundesliga,A,Darmstadt
2425,Schalke 04,2024-08-25,2. Bundesliga,A,1. FC Magdeburg
2425,St Pauli,2024-08-25,Bundesliga,H,Heidenheim
2425,Wolfsburg,2024-08-25,Bundesliga,H,Bayern Munich
2425,Stuttgart,2024-08-27,DFB-Pokal,A,Preußen Münster
2425,Leverkusen,2024-08-28,DFB-Pokal,A,FC Carl Zeiss Jena
2425,Heidenheim,2024-08-29,Conference League (qual.),H,BK Häcken
2425,Fortuna Dusseldorf,2024-08-30,2. Bundesliga,H,Hannover
2425,Greuther Furth,2024-08-30,2. Bundesliga,A,Jahn Regensburg
2425,Hannover,2024-08-30,2. Bundesliga,A,Fortuna Dusseldorf
2425,St Pauli,2024-08-30,Bundesliga,A,Union Berlin
2425,Union Berlin,2024-08-30,Bundesliga,H,St Pauli
2425,Bochum,2024-08-31,Bundesliga,H,M'gladbach
2425,Darmstadt,2024-08-31,2. Bundesliga,A,SV 07 Elversberg
2425,Dortmund,2024-08-31,Bundesliga,A,Werder Bremen
2425,Ein Frankfurt,2024-08-31,Bundesliga,H,Hoffenheim
2425,Hamburg,2024-08-31,2. Bundesliga,H,Preußen Münster
2425,Hertha,2024-08-31,2. Bundesliga,A,1. FC Kaiserslautern
2425,Hoffenheim,2024-08-31,Bundesliga,A,Ein Frankfurt
2425,Holstein Kiel,2024-08-31,Bundesliga,H,Wolfsburg
2425,Leverkusen,2024-08-31,Bundesliga,H,RB Leipzig
2425,M'gladbach,2024-08-31,Bundesliga,A,Bochum
2425,Mainz,2024-08-31,Bundesliga,A,Stuttgart
2425,Nurnberg,2024-08-31,2. Bundesliga,H,1. FC Magdeburg
2425,RB Leipzig,2024-08-31,Bundesliga,A,Leverkusen
2425,Stuttgart,2024-08-31,Bundesliga,H,Mainz
2425,Werder Bremen,2024-08-31,Bundesliga,H,Dortmund
2425,Wolfsburg,2024-08-31,Bundesliga,A,Holstein Kiel
2425,Augsburg,2024-09-01,Bundesliga,A,Heidenheim
2425,Bayern Munich,2024-09-01,Bundesliga,H,Freiburg
2425,FC Koln,2024-09-01,2. Bundesliga,A,Schalke 04
2425,Freiburg,2024-09-01,Bundesliga,A,Bayern Munich
2425,Heidenheim,2024-09-01,Bundesliga,H,Augsburg
2425,Paderborn,2024-09-01,2. Bundesliga,H,SSV Ulm 1846
2425,Schalke 04,2024-09-01,2. Bundesliga,H,FC Koln
2425,Dortmund,2024-09-13,Bundesliga,H,Heidenheim
2425,Heidenheim,2024-09-13,Bundesliga,A,Dortmund
2425,Paderborn,2024-09-13,2. Bundesliga,A,Preußen Münster
2425,Schalke 04,2024-09-13,2. Bundesliga,A,Karlsruher SC
2425,Bayern Munich,2024-09-14,Bundesliga,A,Holstein Kiel
2425,Bochum,2024-09-14,Bundesliga,A,Freiburg
2425,Darmstadt,2024-09-14,2. Bundesliga,H,Eintracht Braunschweig
2425,Ein Frankfurt,2024-09-14,Bundesliga,A,Wolfsburg
2425,FC Koln,2024-09-14,2. Bundesliga,H,1. FC Magdeburg
2425,Freiburg,2024-09-14,Bundesliga,H,Bochum
2425,Hannover,2024-09-14,2. Bundesliga,H,1. FC Kaiserslautern
2425,Hoffenheim,2024-09-14,Bundesliga,H,Leverkusen
2425,Holstein Kiel,2024-09-14,Bundesliga,H,Bayern Munich
2425,Leverkusen,2024-09-14,Bundesliga,A,Hoffenheim
2425,M'gladbach,2024-09-14,Bundesliga,H,Stuttgart
2425,Nurnberg,2024-09-14,2. Bundesliga,A,SSV Ulm 1846
2425,RB Leipzig,2024-09-14,Bundesliga,H,Union Berlin
2425,Stuttgart,2024-09-14,Bundesliga,A,M'gladbach
2425,Union Berlin,2024-09-14,Bundesliga,A,RB Leipzig
2425,Wolfsburg,2024-09-14,Bundesliga,H,Ein Frankfurt
2425,Augsburg,2024-09-15,Bundesliga,H,St Pauli
2425,Fortuna Dusseldorf,2024-09-15,2. Bundesliga,A,Hertha
2425,Greuther Furth,2024-09-15,2. Bundesliga,H,SV 07 Elversberg
2425,Hamburg,2024-09-15,2. Bundesliga,H,Jahn Regensburg
2425,Hertha,2024-09-15,2. Bundesliga,H,Fortuna Dusseldorf
2425,Mainz,2024-09-15,Bundesliga,H,Werder Bremen
2425,St Pauli,2024-09-15,Bundesliga,A,Augsburg
2425,Werder Bremen,2024-09-15,Bundesliga,A,Mainz
2425,Bayern Munich,2024-09-17,Champions League,H,GNK Dinamo Zagreb
2425,Stuttgart,2024-09-17,Champions League,A,Real Madrid
2425,Dortmund,2024-09-18,Champions League,A,Club Brugge KV
2425,Leverkusen,2024-09-19,Champions League,A,Feyenoord Rotterdam
2425,RB Leipzig,2024-09-19,Champions League,A,Ath Madrid
2425,Augsburg,2024-09-20,Bundesliga,H,Mainz
2425,Darmstadt,2024-09-20,2. Bundesliga,A,Schalke 04
2425,Hannover,2024-09-20,2. Bundesliga,A,Paderborn
2425,Mainz,2024-09-20,Bundesliga,A,Augsburg
2425,Paderborn,2024-09-20,2. Bundesliga,H,Hannover
2425,Schalke 04,2024-09-20,2. Bundesliga,H,Darmstadt
2425,Bayern Munich,2024-09-21,Bundesliga,A,Werder Bremen
2425,Bochum,2024-09-21,Bundesliga,H,Holstein Kiel
2425,Ein Frankfurt,2024-09-21,Bundesliga,H,M'gladbach
2425,FC Koln,2024-09-21,2. Bundesliga,A,Fortuna Dusseldorf
2425,Fortuna Dusseldorf,2024-09-21,2. Bundesliga,H,FC Koln
2425,Freiburg,2024-09-21,Bundesliga,A,Heidenheim
2425,Greuther Furth,2024-09-21,2. Bundesliga,A,Eintracht Braunschweig
2425,Hamburg,2024-09-21,2. Bundesliga,A,1. FC Kaiserslautern
2425,Heidenheim,2024-09-21,Bundesliga,H,Freiburg
2425,Hertha,2024-09-21,2. Bundesliga,A,Nurnberg
2425,Hoffenheim,2024-09-21,Bundesliga,A,Union Berlin
2425,Holstein Kiel,2024-09-21,Bundesliga,A,Bochum
2425,M'gladbach,2024-09-21,Bundesliga,A,Ein Frankfurt
2425,Nurnberg,2024-09-21,2. Bundesliga,H,Hertha
2425,Union Berlin,2024-09-21,Bundesliga,H,Hoffenheim
2425,Werder Bremen,2024-09-21,Bundesliga,H,Bayern Munich
2425,Dortmund,2024-09-22,Bundesliga,A,Stuttgart
2425,Leverkusen,2024-09-22,Bundesliga,H,Wolfsburg
2425,RB Leipzig,2024-09-22,Bundesliga,A,St Pauli
2425,St Pauli,2024-09-22,Bundesliga,H,RB Leipzig
2425,Stuttgart,2024-09-22,Bundesliga,H,Dortmund
2425,Wolfsburg,2024-09-22,Bundesliga,A,Leverkusen
2425,Hoffenheim,2024-09-25,Europa League,A,FC Midtjylland
2425,Ein Frankfurt,2024-09-26,Europa League,H,Viktoria Plzeň
2425,Bochum,2024-09-27,Bundesliga,A,Dortmund
2425,Dortmund,2024-09-27,Bundesliga,H,Bochum
2425,Fortuna Dusseldorf,2024-09-27,2. Bundesliga,A,Greuther Furth
2425,Greuther Furth,2024-09-27,2. Bundesliga,H,Fortuna Dusseldorf
2425,Augsburg,2024-09-28,Bundesliga,A,RB Leipzig
2425,Bayern Munich,2024-09-28,Bundesliga,H,Leverkusen
2425,Darmstadt,2024-09-28,2. Bundesliga,H,1. FC Magdeburg
2425,Freiburg,2024-09-28,Bundesliga,H,St Pauli
2425,Hamburg,2024-09-28,2. Bundesliga,H,Paderborn
2425,Heidenheim,2024-09-28,Bundesliga,A,Mainz
2425,Leverkusen,2024-09-28,Bundesliga,A,Bayern Munich
2425,M'gladbach,2024-09-28,Bundesliga,H,Union Berlin
2425,Mainz,2024-09-28,Bundesliga,H,Heidenheim
2425,Paderborn,2024-09-28,2. Bundesliga,A,Hamburg
2425,RB Leipzig,2024-09-28,Bundesliga,H,Augsburg
2425,Schalke 04,2024-09-28,2. Bundesliga,A,Preußen Münster
2425,St Pauli,2024-09-28,Bundesliga,A,Freiburg
2425,Stuttgart,2024-09-28,Bundesliga,A,Wolfsburg
2425,Union Berlin,2024-09-28,Bundesliga,A,M'gladbach
2425,Wolfsburg,2024-09-28,Bundesliga,H,Stuttgart
2425,Ein Frankfurt,2024-09-29,Bundesliga,A,Holstein Kiel
2425,FC Koln,2024-09-29,2. Bundesliga,H,Karlsruher SC
2425,Hannover,2024-09-29,2. Bundesliga,H,Nurnberg
2425,Hertha,2024-09-29,2. Bundesliga,H,SV 07 Elversberg
2425,Hoffenheim,2024-09-29,Bundesliga,H,Werder Bremen
2425,Holstein Kiel,2024-09-29,Bundesliga,H,Ein Frankfurt
2425,Nurnberg,2024-09-29,2. Bundesliga,A,Hannover
2425,Werder Bremen,2024-09-29,Bundesliga,A,Hoffenheim
2425,Dortmund,2024-10-01,Champions League,H,Celtic FC
2425,Leverkusen,2024-10-01,Champions League,H,Milan
2425,Stuttgart,2024-10-01,Champions League,H,AC Sparta Praha
2425,Bayern Munich,2024-10-02,Champions League,A,Aston Villa
2425,RB Leipzig,2024-10-02,Champions League,H,Juventus
2425,Ein Frankfurt,2024-10-03,Europa League,A,Beşiktaş
2425,Heidenheim,2024-10-03,Conference League,H,Olimpija Ljubljana
2425,Hoffenheim,2024-10-03,Europa League,H,Dinamo Kiev
2425,Augsburg,2024-10-04,Bundesliga,H,M'gladbach
2425,Darmstadt,2024-10-04,2. Bundesliga,A,Karlsruher SC
2425,M'gladbach,2024-10-04,Bundesliga,A,Augsburg
2425,Paderborn,2024-10-04,2. Bundesliga,H,Jahn Regensburg
2425,Bochum,2024-10-05,Bundesliga,H,Wolfsburg
2425,Dortmund,2024-10-05,Bundesliga,A,Union Berlin
2425,FC Koln,2024-10-05,2. Bundesliga,H,SSV Ulm 1846
2425,Freiburg,2024-10-05,Bundesliga,A,Werder Bremen
2425,Hertha,2024-10-05,2. Bundesliga,A,Schalke 04
2425,Holstein Kiel,2024-10-05,Bundesliga,A,Leverkusen
2425,Leverkusen,2024-10-05,Bundesliga,H,Holstein Kiel
2425,Mainz,2024-10-05,Bundesliga,A,St Pauli
2425,Nurnberg,2024-10-05,2. Bundesliga,H,Preußen Münster
2425,Schalke 04,2024-10-05,2. Bundesliga,H,Hertha
2425,St Pauli,2024-10-05,Bundesliga,H,Mainz
2425,Union Berlin,2024-10-05,Bundesliga,H,Dortmund
2425,Werder Bremen,2024-10-05,Bundesliga,H,Freiburg
2425,Wolfsburg,2024-10-05,Bundesliga,A,Bochum
2425,Bayern Munich,2024-10-06,Bundesliga,A,Ein Frankfurt
2425,Ein Frankfurt,2024-10-06,Bundesliga,H,Bayern Munich
2425,Fortuna Dusseldorf,2024-10-06,2. Bundesliga,H,Hamburg
2425,Greuther Furth,2024-10-06,2. Bundesliga,A,1. FC Magdeburg
2425,Hamburg,2024-10-06,2. Bundesliga,A,Fortuna Dusseldorf
2425,Hannover,2024-10-06,2. Bundesliga,A,Eintracht Braunschweig
2425,Heidenheim,2024-10-06,Bundesliga,H,RB Leipzig
2425,Hoffenheim,2024-10-06,Bundesliga,A,Stuttgart
2425,RB Leipzig,2024-10-06,Bundesliga,A,Heidenheim
2425,Stuttgart,2024-10-06,Bundesliga,H,Hoffenheim
2425,Darmstadt,2024-10-18,2. Bundesliga,H,FC Koln
2425,Dortmund,2024-10-18,Bundesliga,H,St Pauli
2425,FC Koln,2024-10-18,2. Bundesliga,A,Darmstadt
2425,Hertha,2024-10-18,2. Bundesliga,H,Eintracht Braunschweig
2425,St Pauli,2024-10-18,Bundesliga,A,Dortmund
2425,Augsburg,2024-10-19,Bundesliga,A,Freiburg
2425,Bayern Munich,2024-10-19,Bundesliga,H,Stuttgart
2425,Bochum,2024-10-19,Bundesliga,A,Hoffenheim
2425,Ein Frankfurt,2024-10-19,Bundesliga,A,Leverkusen
2425,Fortuna Dusseldorf,2024-10-19,2. Bundesliga,A,Jahn Regensburg
2425,Freiburg,2024-10-19,Bundesliga,H,Augsburg
2425,Hannover,2024-10-19,2. Bundesliga,H,Schalke 04
2425,Heidenheim,2024-10-19,Bundesliga,A,M'gladbach
2425,Hoffenheim,2024-10-19,Bundesliga,H,Bochum
2425,Leverkusen,2024-10-19,Bundesliga,H,Ein Frankfurt
2425,M'gladbach,2024-10-19,Bundesliga,H,Heidenheim
2425,Mainz,2024-10-19,Bundesliga,H,RB Leipzig
2425,Paderborn,2024-10-19,2. Bundesliga,A,1. FC Kaiserslautern
2425,RB Leipzig,2024-10-19,Bundesliga,A,Mainz
2425,Schalke 04,2024-10-19,2. Bundesliga,A,Hannover
2425,Stuttgart,2024-10-19,Bundesliga,A,Bayern Munich
2425,Greuther Furth,2024-10-20,2. Bundesliga,H,Nurnberg
2425,Hamburg,2024-10-20,2. Bundesliga,H,1. FC Magdeburg
2425,Holstein Kiel,2024-10-20,Bundesliga,H,Union Berlin
2425,Nurnberg,2024-10-20,2. Bundesliga,A,Greuther Furth
2425,Union Berlin,2024-10-20,Bundesliga,A,Holstein Kiel
2425,Werder Bremen,2024-10-20,Bundesliga,A,Wolfsburg
2425,Wolfsburg,2024-10-20,Bundesliga,H,Werder Bremen
2425,Dortmund,2024-10-22,Champions League,A,Real Madrid
2425,Stuttgart,2024-10-22,Champions League,A,Juventus
2425,Bayern Munich,2024-10-23,Champions League,A,Barcelona
2425,Leverkusen,2024-10-23,Champions League,A,Brest
2425,RB Leipzig,2024-10-23,Champions League,H,Liverpool
2425,Ein Frankfurt,2024-10-24,Europa League,H,FK RFS
2425,Heidenheim,2024-10-24,Conference League,A,Paphos FC
2425,Hoffenheim,2024-10-24,Europa League,A,FC Porto
2425,FC Koln,2024-10-25,2. Bundesliga,H,Paderborn
2425,M'gladbach,2024-10-25,Bundesliga,A,Mainz
2425,Mainz,2024-10-25,Bundesliga,H,M'gladbach
2425,Nurnberg,2024-10-25,2. Bundesliga,H,Jahn Regensburg
2425,Paderborn,2024-10-25,2. Bundesliga,A,FC Koln
2425,Augsburg,2024-10-26,Bundesliga,H,Dortmund
2425,Dortmund,2024-10-26,Bundesliga,A,Augsburg
2425,Fortuna Dusseldorf,2024-10-26,2. Bundesliga,H,1. FC Kaiserslautern
2425,Freiburg,2024-10-26,Bundesliga,A,RB Leipzig
2425,Greuther Furth,2024-10-26,2. Bundesliga,A,Schalke 04
2425,Hamburg,2024-10-26,2. Bundesliga,A,SV 07 Elversberg
2425,Hertha,2024-10-26,2. Bundesliga,A,Karlsruher SC
2425,Holstein Kiel,2024-10-26,Bundesliga,A,Stuttgart
2425,Leverkusen,2024-10-26,Bundesliga,A,Werder Bremen
2425,RB Leipzig,2024-10-26,Bundesliga,H,Freiburg
2425,Schalke 04,2024-10-26,2. Bundesliga,H,Greuther Furth
2425,St Pauli,2024-10-26,Bundesliga,H,Wolfsburg
2425,Stuttgart,2024-10-26,Bundesliga,H,Holstein Kiel
2425,Werder Bremen,2024-10-26,Bundesliga,H,Leverkusen
2425,Wolfsburg,2024-10-26,Bundesliga,A,St Pauli
2425,Bayern Munich,2024-10-27,Bundesliga,A,Bochum
2425,Bochum,2024-10-27,Bundesliga,H,Bayern Munich
2425,Darmstadt,2024-10-27,2. Bundesliga,H,SSV Ulm 1846
2425,Ein Frankfurt,2024-10-27,Bundesliga,A,Union Berlin
2425,Hannover,2024-10-27,2. Bundesliga,A,1. FC Magdeburg
2425,Heidenheim,2024-10-27,Bundesliga,H,Hoffenheim
2425,Hoffenheim,2024-10-27,Bundesliga,A,Heidenheim
2425,Union Berlin,2024-10-27,Bundesliga,H,Ein Frankfurt
2425,Augsburg,2024-10-29,DFB-Pokal,H,Schalke 04
2425,Dortmund,2024-10-29,DFB-Pokal,A,Wolfsburg
2425,FC Koln,2024-10-29,DFB-Pokal,H,Holstein Kiel
2425,Greuther Furth,2024-10-29,DFB-Pokal,A,Jahn Regensburg
2425,Holstein Kiel,2024-10-29,DFB-Pokal,A,FC Koln
2425,Leverkusen,2024-10-29,DFB-Pokal,H,SV 07 Elversberg
2425,RB Leipzig,2024-10-29,DFB-Pokal,H,St Pauli
2425,Schalke 04,2024-10-29,DFB-Pokal,A,Augsburg
2425,St Pauli,2024-10-29,DFB-Pokal,A,RB Leipzig
2425,Stuttgart,2024-10-29,DFB-Pokal,H,1. FC Kaiserslautern
2425,Wolfsburg,2024-10-29,DFB-Pokal,H,Dortmund
2425,Bayern Munich,2024-10-30,DFB-Pokal,A,Mainz
2425,Bielefeld,2024-10-30,DFB-Pokal,H,Union Berlin
2425,Darmstadt,2024-10-30,DFB-Pokal,A,Dynamo Dresden
2425,Ein Frankfurt,2024-10-30,DFB-Pokal,H,M'gladbach
2425,Freiburg,2024-10-30,DFB-Pokal,H,Hamburg
2425,Hamburg,2024-10-30,DFB-Pokal,A,Freiburg
2425,Heidenheim,2024-10-30,DFB-Pokal,A,Hertha
2425,Hertha,2024-10-30,DFB-Pokal,H,Heidenheim
2425,Hoffenheim,2024-10-30,DFB-Pokal,H,Nurnberg
2425,M'gladbach,2024-10-30,DFB-Pokal,A,Ein Frankfurt
2425,Mainz,2024-10-30,DFB-Pokal,H,Bayern Munich
2425,Nurnberg,2024-10-30,DFB-Pokal,A,Hoffenheim
2425,Paderborn,2024-10-30,DFB-Pokal,H,Werder Bremen
2425,Union Berlin,2024-10-30,DFB-Pokal,A,Bielefeld
2425,Werder Bremen,2024-10-30,DFB-Pokal,A,Paderborn
2425,Fortuna Dusseldorf,2024-11-01,2. Bundesliga,A,Preußen Münster
2425,Leverkusen,2024-11-01,Bundesliga,H,Stuttgart
2425,Schalke 04,2024-11-01,2. Bundesliga,A,SSV Ulm 1846
2425,Stuttgart,2024-11-01,Bundesliga,A,Leverkusen
2425,Augsburg,2024-11-02,Bundesliga,A,Wolfsburg
2425,Bayern Munich,2024-11-02,Bundesliga,H,Union Berlin
2425,Bochum,2024-11-02,Bundesliga,A,Ein Frankfurt
2425,Darmstadt,2024-11-02,2. Bundesliga,A,Greuther Furth
2425,Dortmund,2024-11-02,Bundesliga,H,RB Leipzig
2425,Ein Frankfurt,2024-11-02,Bundesliga,H,Bochum
2425,FC Koln,2024-11-02,2. Bundesliga,A,Hertha
2425,Greuther Furth,2024-11-02,2. Bundesliga,H,Darmstadt
2425,Hannover,2024-11-02,2. Bundesliga,H,Karlsruher SC
2425,Heidenheim,2024-11-02,Bundesliga,A,Holstein Kiel
2425,Hertha,2024-11-02,2. Bundesliga,H,FC Koln
2425,Hoffenheim,2024-11-02,Bundesliga,H,St Pauli
2425,Holstein Kiel,2024-11-02,Bundesliga,H,Heidenheim
2425,RB Leipzig,2024-11-02,Bundesliga,A,Dortmund
2425,St Pauli,2024-11-02,Bundesliga,A,Hoffenheim
2425,Union Berlin,2024-11-02,Bundesliga,A,Bayern Munich
2425,Wolfsburg,2024-11-02,Bundesliga,H,Augsburg
2425,Freiburg,2024-11-03,Bundesliga,H,Mainz
2425,Hamburg,2024-11-03,2. Bundesliga,H,Nurnberg
2425,M'gladbach,2024-11-03,Bundesliga,H,Werder Bremen
2425,Mainz,2024-11-03,Bundesliga,A,Freiburg
2425,Nurnberg,2024-11-03,2. Bundesliga,A,Hamburg
2425,Paderborn,2024-11-03,2. Bundesliga,H,Eintracht Braunschweig
2425,Werder Bremen,2024-11-03,Bundesliga,A,M'gladbach
2425,Dortmund,2024-11-05,Champions League,H,SK Sturm Graz
2425,Leverkusen,2024-11-05,Champions League,A,Liverpool
2425,RB Leipzig,2024-11-05,Champions League,A,Celtic FC
2425,Bayern Munich,2024-11-06,Champions League,H,Sport Lisboa e Benfica
2425,Stuttgart,2024-11-06,Champions League,H,Atalanta
2425,Ein Frankfurt,2024-11-07,Europa League,H,Slavia Praha
2425,Heidenheim,2024-11-07,Conference League,A,Heart of Midlothian
2425,Hoffenheim,2024-11-07,Europa League,H,Lyon
2425,Freiburg,2024-11-08,Bundesliga,A,Union Berlin
2425,Hamburg,2024-11-08,2. Bundesliga,A,Eintracht Braunschweig
2425,Nurnberg,2024-11-08,2. Bundesliga,H,1. FC Kaiserslautern
2425,Union Berlin,2024-11-08,Bundesliga,H,Freiburg
2425,Bayern Munich,2024-11-09,Bundesliga,A,St Pauli
2425,Bochum,2024-11-09,Bundesliga,H,Leverkusen
2425,Darmstadt,2024-11-09,2. Bundesliga,H,Hertha
2425,Dortmund,2024-11-09,Bundesliga,A,Mainz
2425,FC Koln,2024-11-09,2. Bundesliga,H,Greuther Furth
2425,Fortuna Dusseldorf,2024-11-09,2. Bundesliga,H,Paderborn
2425,Greuther Furth,2024-11-09,2. Bundesliga,A,FC Koln
2425,Hertha,2024-11-09,2. Bundesliga,A,Darmstadt
2425,Holstein Kiel,2024-11-09,Bundesliga,A,Werder Bremen
2425,Leverkusen,2024-11-09,Bundesliga,A,Bochum
2425,M'gladbach,2024-11-09,Bundesliga,A,RB Leipzig
2425,Mainz,2024-11-09,Bundesliga,H,Dortmund
2425,Paderborn,2024-11-09,2. Bundesliga,A,Fortuna Dusseldorf
2425,RB Leipzig,2024-11-09,Bundesliga,H,M'gladbach
2425,St Pauli,2024-11-09,Bundesliga,H,Bayern Munich
2425,Werder Bremen,2024-11-09,Bundesliga,H,Holstein Kiel
2425,Augsburg,2024-11-10,Bundesliga,H,Hoffenheim
2425,Ein Frankfurt,2024-11-10,Bundesliga,A,Stuttgart
2425,Hannover,2024-11-10,2. Bundesliga,A,SV 07 Elversberg
2425,Heidenheim,2024-11-10,Bundesliga,H,Wolfsburg
2425,Hoffenheim,2024-11-10,Bundesliga,A,Augsburg
2425,Schalke 04,2024-11-10,2. Bundesliga,H,Jahn Regensburg
2425,Stuttgart,2024-11-10,Bundesliga,H,Ein Frankfurt
2425,Wolfsburg,2024-11-10,Bundesliga,A,Heidenheim
2425,Augsburg,2024-11-22,Bundesliga,A,Bayern Munich
2425,Bayern Munich,2024-11-22,Bundesliga,H,Augsburg
2425,FC Koln,2024-11-22,2. Bundesliga,A,Preußen Münster
2425,Nurnberg,2024-11-22,2. Bundesliga,A,Paderborn
2425,Paderborn,2024-11-22,2. Bundesliga,H,Nurnberg
2425,Bochum,2024-11-23,Bundesliga,A,Stuttgart
2425,Darmstadt,2024-11-23,2. Bundesliga,A,Hannover
2425,Dortmund,2024-11-23,Bundesliga,H,Freiburg
2425,Ein Frankfurt,2024-11-23,Bundesliga,H,Werder Bremen
2425,Fortuna Dusseldorf,2024-11-23,2. Bundesliga,H,SV 07 Elversberg
2425,Freiburg,2024-11-23,Bundesliga,A,Dortmund
2425,Greuther Furth,2024-11-23,2. Bundesliga,H,Karlsruher SC
2425,Hamburg,2024-11-23,2. Bundesliga,H,Schalke 04
2425,Hannover,2024-11-23,2. Bundesliga,H,Darmstadt
2425,Heidenheim,2024-11-23,Bundesliga,A,Leverkusen
2425,Hertha,2024-11-23,2. Bundesliga,H,SSV Ulm 1846
2425,Hoffenheim,2024-11-23,Bundesliga,H,RB Leipzig
2425,Leverkusen,2024-11-23,Bundesliga,H,Heidenheim
2425,RB Leipzig,2024-11-23,Bundesliga,A,Hoffenheim
2425,Schalke 04,2024-11-23,2. Bundesliga,A,Hamburg
2425,Stuttgart,2024-11-23,Bundesliga,H,Bochum
2425,Union Berlin,2024-11-23,Bundesliga,A,Wolfsburg
2425,Werder Bremen,2024-11-23,Bundesliga,A,Ein Frankfurt
2425,Wolfsburg,2024-11-23,Bundesliga,H,Union Berlin
2425,Holstein Kiel,2024-11-24,Bundesliga,H,Mainz
2425,M'gladbach,2024-11-24,Bundesliga,H,St Pauli
2425,Mainz,2024-11-24,Bundesliga,A,Holstein Kiel
2425,St Pauli,2024-11-24,Bundesliga,A,M'gladbach
2425,Bayern Munich,2024-11-26,Champions League,H,Paris SG
2425,Leverkusen,2024-11-26,Champions League,H,FC Red Bull Salzburg
2425,RB Leipzig,2024-11-26,Champions League,A,Inter
2425,Dortmund,2024-11-27,Champions League,A,GNK Dinamo Zagreb
2425,Stuttgart,2024-11-27,Champions League,A,FK Crvena Zvezda
2425,Ein Frankfurt,2024-11-28,Europa League,A,FC Midtjylland
2425,Heidenheim,2024-11-28,Conference League,H,Chelsea
2425,Hoffenheim,2024-11-28,Europa League,A,Sporting Braga
2425,Hertha,2024-11-29,2. Bundesliga,A,1. FC Magdeburg
2425,Holstein Kiel,2024-11-29,Bundesliga,A,St Pauli
2425,Schalke 04,2024-11-29,2. Bundesliga,H,1. FC Kaiserslautern
2425,St Pauli,2024-11-29,Bundesliga,H,Holstein Kiel
2425,Augsburg,2024-11-30,Bundesliga,H,Bochum
2425,Bayern Munich,2024-11-30,Bundesliga,A,Dortmund
2425,Bochum,2024-11-30,Bundesliga,A,Augsburg
2425,Darmstadt,2024-11-30,2. Bundesliga,H,Preußen Münster
2425,Dortmund,2024-11-30,Bundesliga,H,Bayern Munich
2425,FC Koln,2024-11-30,2. Bundesliga,H,Hannover
2425,Freiburg,2024-11-30,Bundesliga,H,M'gladbach
2425,Hannover,2024-11-30,2. Bundesliga,A,FC Koln
2425,Leverkusen,2024-11-30,Bundesliga,A,Union Berlin
2425,M'gladbach,2024-11-30,Bundesliga,A,Freiburg
2425,Paderborn,2024-11-30,2. Bundesliga,A,SV 07 Elversberg
2425,RB Leipzig,2024-11-30,Bundesliga,H,Wolfsburg
2425,Stuttgart,2024-11-30,Bundesliga,A,Werder Bremen
2425,Union Berlin,2024-11-30,Bundesliga,H,Leverkusen
2425,Werder Bremen,2024-11-30,Bundesliga,H,Stuttgart
2425,Wolfsburg,2024-11-30,Bundesliga,A,RB Leipzig
2425,Ein Frankfurt,2024-12-01,Bundesliga,A,Heidenheim
2425,Fortuna Dusseldorf,2024-12-01,2. Bundesliga,A,Nurnberg
2425,Greuther Furth,2024-12-01,2. Bundesliga,A,SSV Ulm 1846
2425,Hamburg,2024-12-01,2. Bundesliga,A,Karlsruher SC
2425,Heidenheim,2024-12-01,Bundesliga,H,Ein Frankfurt
2425,Hoffenheim,2024-12-01,Bundesliga,A,Mainz
2425,Mainz,2024-12-01,Bundesliga,H,Hoffenheim
2425,Nurnberg,2024-12-01,2. Bundesliga,H,Fortuna Dusseldorf
2425,Bayern Munich,2024-12-03,DFB-Pokal,H,Leverkusen
2425,Bielefeld,2024-12-03,DFB-Pokal,H,Freiburg
2425,Darmstadt,2024-12-03,DFB-Pokal,A,Werder Bremen
2425,Freiburg,2024-12-03,DFB-Pokal,A,Bielefeld
2425,Leverkusen,2024-12-03,DFB-Pokal,A,Bayern Munich
2425,Stuttgart,2024-12-03,DFB-Pokal,A,Jahn Regensburg
2425,Werder Bremen,2024-12-03,DFB-Pokal,H,Darmstadt
2425,Augsburg,2024-12-04,DFB-Pokal,A,Karlsruher SC
2425,Ein Frankfurt,2024-12-04,DFB-Pokal,A,RB Leipzig
2425,FC Koln,2024-12-04,DFB-Pokal,H,Hertha
2425,Hertha,2024-12-04,DFB-Pokal,A,FC Koln
2425,Hoffenheim,2024-12-04,DFB-Pokal,A,Wolfsburg
2425,RB Leipzig,2024-12-04,DFB-Pokal,H,Ein Frankfurt
2425,Wolfsburg,2024-12-04,DFB-Pokal,H,Hoffenheim
2425,Nurnberg,2024-12-06,2. Bundesliga,A,SV 07 Elversberg
2425,Paderborn,2024-12-06,2. Bundesliga,H,Schalke 04
2425,Schalke 04,2024-12-06,2. Bundesliga,A,Paderborn
2425,Stuttgart,2024-12-06,Bundesliga,H,Union Berlin
2425,Union Berlin,2024-12-06,Bundesliga,A,Stuttgart
2425,Augsburg,2024-12-07,Bundesliga,A,Ein Frankfurt
2425,Bayern Munich,2024-12-07,Bundesliga,H,Heidenheim
2425,Bochum,2024-12-07,Bundesliga,H,Werder Bremen
2425,Dortmund,2024-12-07,Bundesliga,A,M'gladbach
2425,Ein Frankfurt,2024-12-07,Bundesliga,H,Augsburg
2425,Greuther Furth,2024-12-07,2. Bundesliga,H,Hertha
2425,Hannover,2024-12-07,2. Bundesliga,H,SSV Ulm 1846
2425,Heidenheim,2024-12-07,Bundesliga,A,Bayern Munich
2425,Hertha,2024-12-07,2. Bundesliga,A,Greuther Furth
2425,Holstein Kiel,2024-12-07,Bundesliga,H,RB Leipzig
2425,Leverkusen,2024-12-07,Bundesliga,H,St Pauli
2425,M'gladbach,2024-12-07,Bundesliga,H,Dortmund
2425,RB Leipzig,2024-12-07,Bundesliga,A,Holstein Kiel
2425,St Pauli,2024-12-07,Bundesliga,A,Leverkusen
2425,Werder Bremen,2024-12-07,Bundesliga,A,Bochum
2425,Darmstadt,2024-12-08,2. Bundesliga,A,Hamburg
2425,FC Koln,2024-12-08,2. Bundesliga,A,Jahn Regensburg
2425,Fortuna Dusseldorf,2024-12-08,2. Bundesliga,H,Eintracht Braunschweig
2425,Freiburg,2024-12-08,Bundesliga,A,Hoffenheim
2425,Hamburg,2024-12-08,2. Bundesliga,H,Darmstadt
2425,Hoffenheim,2024-12-08,Bundesliga,H,Freiburg
2425,Mainz,2024-12-08,Bundesliga,A,Wolfsburg
2425,Wolfsburg,2024-12-08,Bundesliga,H,Mainz
2425,Bayern Munich,2024-12-10,Champions League,A,FK Shakhtar Donetsk
2425,Leverkusen,2024-12-10,Champions League,H,Inter
2425,RB Leipzig,2024-12-10,Champions League,H,Aston Villa
2425,Dortmund,2024-12-11,Champions League,H,Barcelona
2425,Stuttgart,2024-12-11,Champions League,H,BSC Young Boys
2425,Ein Frankfurt,2024-12-12,Europa League,A,Lyon
2425,Heidenheim,2024-12-12,Conference League,A,İstanbul Başakşehir
2425,Hoffenheim,2024-12-12,Europa League,H,FCSB
2425,Freiburg,2024-12-13,Bundesliga,H,Wolfsburg
2425,Hertha,2024-12-13,2. Bundesliga,H,Preußen Münster
2425,Wolfsburg,2024-12-13,Bundesliga,A,Freiburg
2425,Augsburg,2024-12-14,Bundesliga,H,Leverkusen
2425,Bayern Munich,2024-12-14,Bundesliga,A,Mainz
2425,Bochum,2024-12-14,Bundesliga,A,Union Berlin
2425,Darmstadt,2024-12-14,2. Bundesliga,H,1. FC Kaiserslautern
2425,Fortuna Dusseldorf,2024-12-14,2. Bundesliga,A,Schalke 04
2425,Hamburg,2024-12-14,2. Bundesliga,A,SSV Ulm 1846
2425,Holstein Kiel,2024-12-14,Bundesliga,A,M'gladbach
2425,Leverkusen,2024-12-14,Bundesliga,A,Augsburg
2425,M'gladbach,2024-12-14,Bundesliga,H,Holstein Kiel
2425,Mainz,2024-12-14,Bundesliga,H,Bayern Munich
2425,Paderborn,2024-12-14,2. Bundesliga,A,1. FC Magdeburg
2425,Schalke 04,2024-12-14,2. Bundesliga,H,Fortuna Dusseldorf
2425,St Pauli,2024-12-14,Bundesliga,H,Werder Bremen
2425,Union Berlin,2024-12-14,Bundesliga,H,Bochum
2425,Werder Bremen,2024-12-14,Bundesliga,A,St Pauli
2425,Dortmund,2024-12-15,Bundesliga,H,Hoffenheim
2425,Ein Frankfurt,2024-12-15,Bundesliga,A,RB Leipzig
2425,FC Koln,2024-12-15,2. Bundesliga,H,Nurnberg
2425,Greuther Furth,2024-12-15,2. Bundesliga,H,Hannover
2425,Hannover,2024-12-15,2. Bundesliga,A,Greuther Furth
2425,Heidenheim,2024-12-15,Bundesliga,H,Stuttgart
2425,Hoffenheim,2024-12-15,Bundesliga,A,Dortmund
2425,Nurnberg,2024-12-15,2. Bundesliga,A,FC Koln
2425,RB Leipzig,2024-12-15,Bundesliga,H,Ein Frankfurt
2425,Stuttgart,2024-12-15,Bundesliga,A,Heidenheim
2425,Heidenheim,2024-12-19,Conference League,H,FC St. Gallen
2425,Bayern Munich,2024-12-20,Bundesliga,H,RB Leipzig
2425,Fortuna Dusseldorf,2024-12-20,2. Bundesliga,H,1. FC Magdeburg
2425,RB Leipzig,2024-12-20,Bundesliga,A,Bayern Munich
2425,Schalke 04,2024-12-20,2. Bundesliga,A,SV 07 Elversberg
2425,Augsburg,2024-12-21,Bundesliga,A,Holstein Kiel
2425,Ein Frankfurt,2024-12-21,Bundesliga,H,Mainz
2425,Freiburg,2024-12-21,Bundesliga,A,Leverkusen
2425,Greuther Furth,2024-12-21,2. Bundesliga,A,Hamburg
2425,Hamburg,2024-12-21,2. Bundesliga,H,Greuther Furth
2425,Hoffenheim,2024-12-21,Bundesliga,H,M'gladbach
2425,Holstein Kiel,2024-12-21,Bundesliga,H,Augsburg
2425,Leverkusen,2024-12-21,Bundesliga,H,Freiburg
2425,M'gladbach,2024-12-21,Bundesliga,A,Hoffenheim
2425,Mainz,2024-12-21,Bundesliga,A,Ein Frankfurt
2425,Nurnberg,2024-12-21,2. Bundesliga,H,Eintracht Braunschweig
2425,Paderborn,2024-12-21,2. Bundesliga,H,Karlsruher SC
2425,St Pauli,2024-12-21,Bundesliga,A,Stuttgart
2425,Stuttgart,2024-12-21,Bundesliga,H,St Pauli
2425,Union Berlin,2024-12-21,Bundesliga,A,Werder Bremen
2425,Werder Bremen,2024-12-21,Bundesliga,H,Union Berlin
2425,Bochum,2024-12-22,Bundesliga,H,Heidenheim
2425,Darmstadt,2024-12-22,2. Bundesliga,A,Jahn Regensburg
2425,Dortmund,2024-12-22,Bundesliga,A,Wolfsburg
2425,FC Koln,2024-12-22,2. Bundesliga,A,1. FC Kaiserslautern
2425,Hannover,2024-12-22,2. Bundesliga,H,Hertha
2425,Heidenheim,2024-12-22,Bundesliga,A,Bochum
2425,Hertha,2024-12-22,2. Bundesliga,A,Hannover
2425,Wolfsburg,2024-12-22,Bundesliga,H,Dortmund
2425,Dortmund,2025-01-10,Bundesliga,H,Leverkusen
2425,Leverkusen,2025-01-10,Bundesliga,A,Dortmund
2425,Bayern Munich,2025-01-11,Bundesliga,A,M'gladbach
2425,Bochum,2025-01-11,Bundesliga,A,Mainz
2425,Ein Frankfurt,2025-01-11,Bundesliga,A,St Pauli
2425,Freiburg,2025-01-11,Bundesliga,H,Holstein Kiel
2425,Heidenheim,2025-01-11,Bundesliga,H,Union Berlin
2425,Hoffenheim,2025-01-11,Bundesliga,H,Wolfsburg
2425,Holstein Kiel,2025-01-11,Bundesliga,A,Freiburg
2425,M'gladbach,2025-01-11,Bundesliga,H,Bayern Munich
2425,Mainz,2025-01-11,Bundesliga,H,Bochum
2425,St Pauli,2025-01-11,Bundesliga,H,Ein Frankfurt
2425,Union Berlin,2025-01-11,Bundesliga,A,Heidenheim
2425,Wolfsburg,2025-01-11,Bundesliga,A,Hoffenheim
2425,Augsburg,2025-01-12,Bundesliga,H,Stuttgart
2425,RB Leipzig,2025-01-12,Bundesliga,H,Werder Bremen
2425,Stuttgart,2025-01-12,Bundesliga,A,Augsburg
2425,Werder Bremen,2025-01-12,Bundesliga,A,RB Leipzig
2425,Dortmund,2025-01-14,Bundesliga,A,Holstein Kiel
2425,Ein Frankfurt,2025-01-14,Bundesliga,H,Freiburg
2425,Freiburg,2025-01-14,Bundesliga,A,Ein Frankfurt
2425,Holstein Kiel,2025-01-14,Bundesliga,H,Dortmund
2425,Leverkusen,2025-01-14,Bundesliga,H,Mainz
2425,M'gladbach,2025-01-14,Bundesliga,A,Wolfsburg
2425,Mainz,2025-01-14,Bundesliga,A,Leverkusen
2425,Wolfsburg,2025-01-14,Bundesliga,H,M'gladbach
2425,Augsburg,2025-01-15,Bundesliga,A,Union Berlin
2425,Bayern Munich,2025-01-15,Bundesliga,H,Hoffenheim
2425,Bochum,2025-01-15,Bundesliga,H,St Pauli
2425,Heidenheim,2025-01-15,Bundesliga,A,Werder Bremen
2425,Hoffenheim,2025-01-15,Bundesliga,A,Bayern Munich
2425,RB Leipzig,2025-01-15,Bundesliga,A,Stuttgart
2425,St Pauli,2025-01-15,Bundesliga,A,Bochum
2425,Stuttgart,2025-01-15,Bundesliga,H,RB Leipzig
2425,Union Berlin,2025-01-15,Bundesliga,H,Augsburg
2425,Werder Bremen,2025-01-15,Bundesliga,H,Heidenheim
2425,Darmstadt,2025-01-17,2. Bundesliga,A,Fortuna Dusseldorf
2425,Dortmund,2025-01-17,Bundesliga,A,Ein Frankfurt
2425,Ein Frankfurt,2025-01-17,Bundesliga,H,Dortmund
2425,Fortuna Dusseldorf,2025-01-17,2. Bundesliga,H,Darmstadt
2425,Hannover,2025-01-17,2. Bundesliga,A,Jahn Regensburg
2425,Bayern Munich,2025-01-18,Bundesliga,H,Wolfsburg
2425,Bochum,2025-01-18,Bundesliga,H,RB Leipzig
2425,FC Koln,2025-01-18,2. Bundesliga,A,Hamburg
2425,Freiburg,2025-01-18,Bundesliga,A,Stuttgart
2425,Greuther Furth,2025-01-18,2. Bundesliga,A,Preußen Münster
2425,Hamburg,2025-01-18,2. Bundesliga,H,FC Koln
2425,Heidenheim,2025-01-18,Bundesliga,H,St Pauli
2425,Hoffenheim,2025-01-18,Bundesliga,A,Holstein Kiel
2425,Holstein Kiel,2025-01-18,Bundesliga,H,Hoffenheim
2425,Leverkusen,2025-01-18,Bundesliga,H,M'gladbach
2425,M'gladbach,2025-01-18,Bundesliga,A,Leverkusen
2425,RB Leipzig,2025-01-18,Bundesliga,A,Bochum
2425,Schalke 04,2025-01-18,2. Bundesliga,A,Eintracht Braunschweig
2425,St Pauli,2025-01-18,Bundesliga,A,Heidenheim
2425,Stuttgart,2025-01-18,Bundesliga,H,Freiburg
2425,Wolfsburg,2025-01-18,Bundesliga,A,Bayern Munich
2425,Augsburg,2025-01-19,Bundesliga,A,Werder Bremen
2425,Hertha,2025-01-19,2. Bundesliga,A,Paderborn
2425,Mainz,2025-01-19,Bundesliga,A,Union Berlin
2425,Nurnberg,2025-01-19,2. Bundesliga,H,Karlsruher SC
2425,Paderborn,2025-01-19,2. Bundesliga,H,Hertha
2425,Union Berlin,2025-01-19,Bundesliga,H,Mainz
2425,Werder Bremen,2025-01-19,Bundesliga,H,Augsburg
2425,Dortmund,2025-01-21,Champions League,A,Bologna
2425,Leverkusen,2025-01-21,Champions League,A,Ath Madrid
2425,Stuttgart,2025-01-21,Champions League,A,ŠK Slovan Bratislava
2425,Bayern Munich,2025-01-22,Champions League,A,Feyenoord Rotterdam
2425,RB Leipzig,2025-01-22,Champions League,H,Sporting Clube de Portugal
2425,Ein Frankfurt,2025-01-23,Europa League,H,Ferencvárosi TC
2425,Hoffenheim,2025-01-23,Europa League,H,Tottenham
2425,Greuther Furth,2025-01-24,2. Bundesliga,H,1. FC Kaiserslautern
2425,Holstein Kiel,2025-01-24,Bundesliga,A,Wolfsburg
2425,Wolfsburg,2025-01-24,Bundesliga,H,Holstein Kiel
2425,Augsburg,2025-01-25,Bundesliga,H,Heidenheim
2425,Bayern Munich,2025-01-25,Bundesliga,A,Freiburg
2425,Bochum,2025-01-25,Bundesliga,A,M'gladbach
2425,Dortmund,2025-01-25,Bundesliga,H,Werder Bremen
2425,FC Koln,2025-01-25,2. Bundesliga,H,SV 07 Elversberg
2425,Fortuna Dusseldorf,2025-01-25,2. Bundesliga,A,Karlsruher SC
2425,Freiburg,2025-01-25,Bundesliga,H,Bayern Munich
2425,Hamburg,2025-01-25,2. Bundesliga,A,Hertha
2425,Heidenheim,2025-01-25,Bundesliga,A,Augsburg
2425,Hertha,2025-01-25,2. Bundesliga,H,Hamburg
2425,Leverkusen,2025-01-25,Bundesliga,A,RB Leipzig
2425,M'gladbach,2025-01-25,Bundesliga,H,Bochum
2425,Mainz,2025-01-25,Bundesliga,H,Stuttgart
2425,Nurnberg,2025-01-25,2. Bundesliga,A,Schalke 04
2425,RB Leipzig,2025-01-25,Bundesliga,H,Leverkusen
2425,Schalke 04,2025-01-25,2. Bundesliga,H,Nurnberg
2425,Stuttgart,2025-01-25,Bundesliga,A,Mainz
2425,Werder Bremen,2025-01-25,Bundesliga,A,Dortmund
2425,Darmstadt,2025-01-26,2. Bundesliga,H,Paderborn
2425,Ein Frankfurt,2025-01-26,Bundesliga,A,Hoffenheim
2425,Hannover,2025-01-26,2. Bundesliga,H,Preußen Münster
2425,Hoffenheim,2025-01-26,Bundesliga,H,Ein Frankfurt
2425,Paderborn,2025-01-26,2. Bundesliga,A,Darmstadt
2425,St Pauli,2025-01-26,Bundesliga,H,Union Berlin
2425,Union Berlin,2025-01-26,Bundesliga,A,St Pauli
2425,Bayern Munich,2025-01-29,Champions League,H,ŠK Slovan Bratislava
2425,Dortmund,2025-01-29,Champions League,H,FK Shakhtar Donetsk
2425,Leverkusen,2025-01-29,Champions League,H,AC Sparta Praha
2425,RB Leipzig,2025-01-29,Champions League,A,SK Sturm Graz
2425,Stuttgart,2025-01-29,Champions League,H,Paris SG
2425,Ein Frankfurt,2025-01-30,Europa League,A,Roma
2425,Hoffenheim,2025-01-30,Europa League,A,RSC Anderlecht
2425,Darmstadt,2025-01-31,2. Bundesliga,A,Nurnberg
2425,Mainz,2025-01-31,Bundesliga,A,Werder Bremen
2425,Nurnberg,2025-01-31,2. Bundesliga,H,Darmstadt
2425,Werder Bremen,2025-01-31,Bundesliga,H,Mainz
2425,Augsburg,2025-02-01,Bundesliga,A,St Pauli
2425,Bayern Munich,2025-02-01,Bundesliga,H,Holstein Kiel
2425,Bochum,2025-02-01,Bundesliga,H,Freiburg
2425,Dortmund,2025-02-01,Bundesliga,A,Heidenheim
2425,FC Koln,2025-02-01,2. Bundesliga,A,Eintracht Braunschweig
2425,Fortuna Dusseldorf,2025-02-01,2. Bundesliga,H,SSV Ulm 1846
2425,Freiburg,2025-02-01,Bundesliga,A,Bochum
2425,Heidenheim,2025-02-01,Bundesliga,H,Dortmund
2425,Hertha,2025-02-01,2. Bundesliga,A,Jahn Regensburg
2425,Holstein Kiel,2025-02-01,Bundesliga,A,Bayern Munich
2425,M'gladbach,2025-02-01,Bundesliga,A,Stuttgart
2425,RB Leipzig,2025-02-01,Bundesliga,A,Union Berlin
2425,Schalke 04,2025-02-01,2. Bundesliga,H,1. FC Magdeburg
2425,St Pauli,2025-02-01,Bundesliga,H,Augsburg
2425,Stuttgart,2025-02-01,Bundesliga,H,M'gladbach
2425,Union Berlin,2025-02-01,Bundesliga,H,RB Leipzig
2425,Ein Frankfurt,2025-02-02,Bundesliga,H,Wolfsburg
2425,Greuther Furth,2025-02-02,2. Bundesliga,A,Paderborn
2425,Hamburg,2025-02-02,2. Bundesliga,H,Hannover
2425,Hannover,2025-02-02,2. Bundesliga,A,Hamburg
2425,Hoffenheim,2025-02-02,Bundesliga,A,Leverkusen
2425,Leverkusen,2025-02-02,Bundesliga,H,Hoffenheim
2425,Paderborn,2025-02-02,2. Bundesliga,H,Greuther Furth
2425,Wolfsburg,2025-02-02,Bundesliga,A,Ein Frankfurt
2425,Augsburg,2025-02-04,DFB-Pokal,A,Stuttgart
2425,Stuttgart,2025-02-04,DFB-Pokal,H,Augsburg
2425,FC Koln,2025-02-05,DFB-Pokal,A,Leverkusen
2425,Leverkusen,2025-02-05,DFB-Pokal,H,FC Koln
2425,Bayern Munich,2025-02-07,Bundesliga,H,Werder Bremen
2425,Greuther Furth,2025-02-07,2. Bundesliga,H,Jahn Regensburg
2425,Hamburg,2025-02-07,2. Bundesliga,A,Preußen Münster
2425,Werder Bremen,2025-02-07,Bundesliga,A,Bayern Munich
2425,Augsburg,2025-02-08,Bundesliga,A,Mainz
2425,Darmstadt,2025-02-08,2. Bundesliga,H,SV 07 Elversberg
2425,Dortmund,2025-02-08,Bundesliga,H,Stuttgart
2425,Ein Frankfurt,2025-02-08,Bundesliga,A,M'gladbach
2425,Freiburg,2025-02-08,Bundesliga,H,Heidenheim
2425,Heidenheim,2025-02-08,Bundesliga,A,Freiburg
2425,Hertha,2025-02-08,2. Bundesliga,H,1. FC Kaiserslautern
2425,Hoffenheim,2025-02-08,Bundesliga,H,Union Berlin
2425,Leverkusen,2025-02-08,Bundesliga,A,Wolfsburg
2425,M'gladbach,2025-02-08,Bundesliga,H,Ein Frankfurt
2425,Mainz,2025-02-08,Bundesliga,H,Augsburg
2425,Nurnberg,2025-02-08,2. Bundesliga,A,1. FC Magdeburg
2425,Paderborn,2025-02-08,2. Bundesliga,A,SSV Ulm 1846
2425,Stuttgart,2025-02-08,Bundesliga,A,Dortmund
2425,Union Berlin,2025-02-08,Bundesliga,A,Hoffenheim
2425,Wolfsburg,2025-02-08,Bundesliga,H,Leverkusen
2425,Bochum,2025-02-09,Bundesliga,A,Holstein Kiel
2425,FC Koln,2025-02-09,2. Bundesliga,H,Schalke 04
2425,Fortuna Dusseldorf,2025-02-09,2. Bundesliga,A,Hannover
2425,Hannover,2025-02-09,2. Bundesliga,H,Fortuna Dusseldorf
2425,Holstein Kiel,2025-02-09,Bundesliga,H,Bochum
2425,RB Leipzig,2025-02-09,Bundesliga,H,St Pauli
2425,Schalke 04,2025-02-09,2. Bundesliga,A,FC Koln
2425,St Pauli,2025-02-09,Bundesliga,A,RB Leipzig
2425,Dortmund,2025-02-11,Champions League,A,Sporting Clube de Portugal
2425,Bayern Munich,2025-02-12,Champions League,A,Celtic FC
2425,Heidenheim,2025-02-13,Conference League,A,FC København
2425,Augsburg,2025-02-14,Bundesliga,H,RB Leipzig
2425,FC Koln,2025-02-14,2. Bundesliga,A,1. FC Magdeburg
2425,Paderborn,2025-02-14,2. Bundesliga,H,Preußen Münster
2425,RB Leipzig,2025-02-14,Bundesliga,A,Augsburg
2425,Bayern Munich,2025-02-15,Bundesliga,A,Leverkusen
2425,Bochum,2025-02-15,Bundesliga,H,Dortmund
2425,Darmstadt,2025-02-15,2. Bundesliga,A,Eintracht Braunschweig
2425,Dortmund,2025-02-15,Bundesliga,A,Bochum
2425,Fortuna Dusseldorf,2025-02-15,2. Bundesliga,H,Hertha
2425,Freiburg,2025-02-15,Bundesliga,A,St Pauli
2425,Greuther Furth,2025-02-15,2. Bundesliga,A,SV 07 Elversberg
2425,Hannover,2025-02-15,2. Bundesliga,A,1. FC Kaiserslautern
2425,Hertha,2025-02-15,2. Bundesliga,A,Fortuna Dusseldorf
2425,Leverkusen,2025-02-15,Bundesliga,H,Bayern Munich
2425,M'gladbach,2025-02-15,Bundesliga,A,Union Berlin
2425,St Pauli,2025-02-15,Bundesliga,H,Freiburg
2425,Stuttgart,2025-02-15,Bundesliga,H,Wolfsburg
2425,Union Berlin,2025-02-15,Bundesliga,H,M'gladbach
2425,Wolfsburg,2025-02-15,Bundesliga,A,Stuttgart
2425,Ein Frankfurt,2025-02-16,Bundesliga,H,Holstein Kiel
2425,Hamburg,2025-02-16,2. Bundesliga,A,Jahn Regensburg
2425,Heidenheim,2025-02-16,Bundesliga,H,Mainz
2425,Hoffenheim,2025-02-16,Bundesliga,A,Werder Bremen
2425,Holstein Kiel,2025-02-16,Bundesliga,A,Ein Frankfurt
2425,Mainz,2025-02-16,Bundesliga,A,Heidenheim
2425,Nurnberg,2025-02-16,2. Bundesliga,H,SSV Ulm 1846
2425,Schalke 04,2025-02-16,2. Bundesliga,H,Karlsruher SC
2425,Werder Bremen,2025-02-16,Bundesliga,H,Hoffenheim
2425,Bayern Munich,2025-02-18,Champions League,H,Celtic FC
2425,Dortmund,2025-02-19,Champions League,H,Sporting Clube de Portugal
2425,Heidenheim,2025-02-20,Conference League,H,FC København
2425,Freiburg,2025-02-21,Bundesliga,H,Werder Bremen
2425,Hamburg,2025-02-21,2. Bundesliga,H,1. FC Kaiserslautern
2425,Hertha,2025-02-21,2. Bundesliga,H,Nurnberg
2425,Nurnberg,2025-02-21,2. Bundesliga,A,Hertha
2425,Werder Bremen,2025-02-21,Bundesliga,A,Freiburg
2425,Augsburg,2025-02-22,Bundesliga,A,M'gladbach
2425,Bochum,2025-02-22,Bundesliga,A,Wolfsburg
2425,Dortmund,2025-02-22,Bundesliga,H,Union Berlin
2425,Hannover,2025-02-22,2. Bundesliga,H,Paderborn
2425,Holstein Kiel,2025-02-22,Bundesliga,H,Leverkusen
2425,Leverkusen,2025-02-22,Bundesliga,A,Holstein Kiel
2425,M'gladbach,2025-02-22,Bundesliga,H,Augsburg
2425,Mainz,2025-02-22,Bundesliga,H,St Pauli
2425,Paderborn,2025-02-22,2. Bundesliga,A,Hannover
2425,St Pauli,2025-02-22,Bundesliga,A,Mainz
2425,Union Berlin,2025-02-22,Bundesliga,A,Dortmund
2425,Wolfsburg,2025-02-22,Bundesliga,H,Bochum
2425,Bayern Munich,2025-02-23,Bundesliga,H,Ein Frankfurt
2425,Darmstadt,2025-02-23,2. Bundesliga,H,Schalke 04
2425,Ein Frankfurt,2025-02-23,Bundesliga,A,Bayern Munich
2425,FC Koln,2025-02-23,2. Bundesliga,H,Fortuna Dusseldorf
2425,Fortuna Dusseldorf,2025-02-23,2. Bundesliga,A,FC Koln
2425,Greuther Furth,2025-02-23,2. Bundesliga,H,Eintracht Braunschweig
2425,Heidenheim,2025-02-23,Bundesliga,A,RB Leipzig
2425,Hoffenheim,2025-02-23,Bundesliga,H,Stuttgart
2425,RB Leipzig,2025-02-23,Bundesliga,H,Heidenheim
2425,Schalke 04,2025-02-23,2. Bundesliga,A,Darmstadt
2425,Stuttgart,2025-02-23,Bundesliga,A,Hoffenheim
2425,Bielefeld,2025-02-25,DFB-Pokal,H,Werder Bremen
2425,Werder Bremen,2025-02-25,DFB-Pokal,A,Bielefeld
2425,RB Leipzig,2025-02-26,DFB-Pokal,H,Wolfsburg
2425,Wolfsburg,2025-02-26,DFB-Pokal,A,RB Leipzig
2425,Bayern Munich,2025-02-28,Bundesliga,A,Stuttgart
2425,Fortuna Dusseldorf,2025-02-28,2. Bundesliga,H,Greuther Furth
2425,Greuther Furth,2025-02-28,2. Bundesliga,A,Fortuna Dusseldorf
2425,Schalke 04,2025-02-28,2. Bundesliga,H,Preußen Münster
2425,Stuttgart,2025-02-28,Bundesliga,H,Bayern Munich
2425,Bochum,2025-03-01,Bundesliga,H,Hoffenheim
2425,Dortmund,2025-03-01,Bundesliga,A,St Pauli
2425,Ein Frankfurt,2025-03-01,Bundesliga,H,Leverkusen
2425,FC Koln,2025-03-01,2. Bundesliga,A,Karlsruher SC
2425,Hannover,2025-03-01,2. Bundesliga,A,Nurnberg
2425,Heidenheim,2025-03-01,Bundesliga,H,M'gladbach
2425,Hoffenheim,2025-03-01,Bundesliga,A,Bochum
2425,Leverkusen,2025-03-01,Bundesliga,A,Ein Frankfurt
2425,M'gladbach,2025-03-01,Bundesliga,A,Heidenheim
2425,Mainz,2025-03-01,Bundesliga,A,RB Leipzig
2425,Nurnberg,2025-03-01,2. Bundesliga,H,Hannover
2425,RB Leipzig,2025-03-01,Bundesliga,H,Mainz
2425,St Pauli,2025-03-01,Bundesliga,H,Dortmund
2425,Werder Bremen,2025-03-01,Bundesliga,H,Wolfsburg
2425,Wolfsburg,2025-03-01,Bundesliga,A,Werder Bremen
2425,Augsburg,2025-03-02,Bundesliga,H,Freiburg
2425,Darmstadt,2025-03-02,2. Bundesliga,A,1. FC Magdeburg
2425,Freiburg,2025-03-02,Bundesliga,A,Augsburg
2425,Hamburg,2025-03-02,2. Bundesliga,A,Paderborn
2425,Hertha,2025-03-02,2. Bundesliga,A,SV 07 Elversberg
2425,Holstein Kiel,2025-03-02,Bundesliga,A,Union Berlin
2425,Paderborn,2025-03-02,2. Bundesliga,H,Hamburg
2425,Union Berlin,2025-03-02,Bundesliga,H,Holstein Kiel
2425,Dortmund,2025-03-04,Champions League,H,Lille
2425,Bayern Munich,2025-03-05,Champions League,H,Leverkusen
2425,Leverkusen,2025-03-05,Champions League,A,Bayern Munich
2425,Ein Frankfurt,2025-03-06,Europa League,A,AFC Ajax
2425,Darmstadt,2025-03-07,2. Bundesliga,H,Karlsruher SC
2425,M'gladbach,2025-03-07,Bundesliga,H,Mainz
2425,Mainz,2025-03-07,Bundesliga,A,M'gladbach
2425,Augsburg,2025-03-08,Bundesliga,A,Dortmund
2425,Bayern Munich,2025-03-08,Bundesliga,H,Bochum
2425,Bochum,2025-03-08,Bundesliga,A,Bayern Munich
2425,Dortmund,2025-03-08,Bundesliga,H,Augsburg
2425,FC Koln,2025-03-08,2. Bundesliga,A,SSV Ulm 1846
2425,Fortuna Dusseldorf,2025-03-08,2. Bundesliga,A,Hamburg
2425,Freiburg,2025-03-08,Bundesliga,H,RB Leipzig
2425,Greuther Furth,2025-03-08,2. Bundesliga,H,1. FC Magdeburg
2425,Hamburg,2025-03-08,2. Bundesliga,H,Fortuna Dusseldorf
2425,Hertha,2025-03-08,2. Bundesliga,H,Schalke 04
2425,Holstein Kiel,2025-03-08,Bundesliga,H,Stuttgart
2425,Leverkusen,2025-03-08,Bundesliga,H,Werder Bremen
2425,RB Leipzig,2025-03-08,Bundesliga,A,Freiburg
2425,Schalke 04,2025-03-08,2. Bundesliga,A,Hertha
2425,St Pauli,2025-03-08,Bundesliga,A,Wolfsburg
2425,Stuttgart,2025-03-08,Bundesliga,A,Holstein Kiel
2425,Werder Bremen,2025-03-08,Bundesliga,A,Leverkusen
2425,Wolfsburg,2025-03-08,Bundesliga,H,St Pauli
2425,Ein Frankfurt,2025-03-09,Bundesliga,H,Union Berlin
2425,Hannover,2025-03-09,2. Bundesliga,H,Eintracht Braunschweig
2425,Heidenheim,2025-03-09,Bundesliga,A,Hoffenheim
2425,Hoffenheim,2025-03-09,Bundesliga,H,Heidenheim
2425,Nurnberg,2025-03-09,2. Bundesliga,A,Preußen Münster
2425,Paderborn,2025-03-09,2. Bundesliga,A,Jahn Regensburg
2425,Union Berlin,2025-03-09,Bundesliga,A,Ein Frankfurt
2425,Bayern Munich,2025-03-11,Champions League,A,Leverkusen
2425,Leverkusen,2025-03-11,Champions League,H,Bayern Munich
2425,Dortmund,2025-03-12,Champions League,A,Lille
2425,Ein Frankfurt,2025-03-13,Europa League,H,AFC Ajax
2425,Hamburg,2025-03-14,2. Bundesliga,A,1. FC Magdeburg
2425,Hannover,2025-03-14,2. Bundesliga,A,Schalke 04
2425,Hoffenheim,2025-03-14,Bundesliga,A,St Pauli
2425,Schalke 04,2025-03-14,2. Bundesliga,H,Hannover
2425,St Pauli,2025-03-14,Bundesliga,H,Hoffenheim
2425,Augsburg,2025-03-15,Bundesliga,H,Wolfsburg
2425,Bayern Munich,2025-03-15,Bundesliga,A,Union Berlin
2425,Darmstadt,2025-03-15,2. Bundesliga,A,FC Koln
2425,Dortmund,2025-03-15,Bundesliga,A,RB Leipzig
2425,FC Koln,2025-03-15,2. Bundesliga,H,Darmstadt
2425,Fortuna Dusseldorf,2025-03-15,2. Bundesliga,H,Jahn Regensburg
2425,Freiburg,2025-03-15,Bundesliga,A,Mainz
2425,M'gladbach,2025-03-15,Bundesliga,A,Werder Bremen
2425,Mainz,2025-03-15,Bundesliga,H,Freiburg
2425,Paderborn,2025-03-15,2. Bundesliga,H,1. FC Kaiserslautern
2425,RB Leipzig,2025-03-15,Bundesliga,H,Dortmund
2425,Union Berlin,2025-03-15,Bundesliga,H,Bayern Munich
2425,Werder Bremen,2025-03-15,Bundesliga,H,M'gladbach
2425,Wolfsburg,2025-03-15,Bundesliga,A,Augsburg
2425,Bochum,2025-03-16,Bundesliga,H,Ein Frankfurt
2425,Ein Frankfurt,2025-03-16,Bundesliga,A,Bochum
2425,Greuther Furth,2025-03-16,2. Bundesliga,A,Nurnberg
2425,Heidenheim,2025-03-16,Bundesliga,H,Holstein Kiel
2425,Hertha,2025-03-16,2. Bundesliga,A,Eintracht Braunschweig
2425,Holstein Kiel,2025-03-16,Bundesliga,A,Heidenheim
2425,Leverkusen,2025-03-16,Bundesliga,A,Stuttgart
2425,Nurnberg,2025-03-16,2. Bundesliga,H,Greuther Furth
2425,Stuttgart,2025-03-16,Bundesliga,H,Leverkusen
2425,Bochum,2025-03-28,Bundesliga,A,Leverkusen
2425,Darmstadt,2025-03-28,2. Bundesliga,A,SSV Ulm 1846
2425,Hamburg,2025-03-28,2. Bundesliga,H,SV 07 Elversberg
2425,Leverkusen,2025-03-28,Bundesliga,H,Bochum
2425,Augsburg,2025-03-29,Bundesliga,A,Hoffenheim
2425,Bayern Munich,2025-03-29,Bundesliga,H,St Pauli
2425,Ein Frankfurt,2025-03-29,Bundesliga,H,Stuttgart
2425,FC Koln,2025-03-29,2. Bundesliga,A,Paderborn
2425,Fortuna Dusseldorf,2025-03-29,2. Bundesliga,A,1. FC Kaiserslautern
2425,Hannover,2025-03-29,2. Bundesliga,H,1. FC Magdeburg
2425,Heidenheim,2025-03-29,Bundesliga,A,Wolfsburg
2425,Hertha,2025-03-29,2. Bundesliga,H,Karlsruher SC
2425,Hoffenheim,2025-03-29,Bundesliga,H,Augsburg
2425,Holstein Kiel,2025-03-29,Bundesliga,H,Werder Bremen
2425,M'gladbach,2025-03-29,Bundesliga,H,RB Leipzig
2425,Paderborn,2025-03-29,2. Bundesliga,H,FC Koln
2425,RB Leipzig,2025-03-29,Bundesliga,A,M'gladbach
2425,St Pauli,2025-03-29,Bundesliga,A,Bayern Munich
2425,Stuttgart,2025-03-29,Bundesliga,A,Ein Frankfurt
2425,Werder Bremen,2025-03-29,Bundesliga,A,Holstein Kiel
2425,Wolfsburg,2025-03-29,Bundesliga,H,Heidenheim
2425,Dortmund,2025-03-30,Bundesliga,H,Mainz
2425,Freiburg,2025-03-30,Bundesliga,H,Union Berlin
2425,Greuther Furth,2025-03-30,2. Bundesliga,H,Schalke 04
2425,Mainz,2025-03-30,Bundesliga,A,Dortmund
2425,Nurnberg,2025-03-30,2. Bundesliga,A,Jahn Regensburg
2425,Schalke 04,2025-03-30,2. Bundesliga,A,Greuther Furth
2425,Union Berlin,2025-03-30,Bundesliga,A,Freiburg
2425,Bielefeld,2025-04-01,DFB-Pokal,H,Leverkusen
2425,Leverkusen,2025-04-01,DFB-Pokal,A,Bielefeld
2425,RB Leipzig,2025-04-02,DFB-Pokal,A,Stuttgart
2425,Stuttgart,2025-04-02,DFB-Pokal,H,RB Leipzig
2425,Augsburg,2025-04-04,Bundesliga,H,Bayern Munich
2425,Bayern Munich,2025-04-04,Bundesliga,A,Augsburg
2425,Hannover,2025-04-04,2. Bundesliga,A,Karlsruher SC
2425,Paderborn,2025-04-04,2. Bundesliga,A,Eintracht Braunschweig
2425,Bochum,2025-04-05,Bundesliga,H,Stuttgart
2425,Darmstadt,2025-04-05,2. Bundesliga,H,Greuther Furth
2425,Dortmund,2025-04-05,Bundesliga,A,Freiburg
2425,Ein Frankfurt,2025-04-05,Bundesliga,A,Werder Bremen
2425,FC Koln,2025-04-05,2. Bundesliga,H,Hertha
2425,Fortuna Dusseldorf,2025-04-05,2. Bundesliga,H,Preußen Münster
2425,Freiburg,2025-04-05,Bundesliga,H,Dortmund
2425,Greuther Furth,2025-04-05,2. Bundesliga,A,Darmstadt
2425,Hamburg,2025-04-05,2. Bundesliga,A,Nurnberg
2425,Heidenheim,2025-04-05,Bundesliga,H,Leverkusen
2425,Hertha,2025-04-05,2. Bundesliga,A,FC Koln
2425,Hoffenheim,2025-04-05,Bundesliga,A,RB Leipzig
2425,Holstein Kiel,2025-04-05,Bundesliga,A,Mainz
2425,Leverkusen,2025-04-05,Bundesliga,A,Heidenheim
2425,Mainz,2025-04-05,Bundesliga,H,Holstein Kiel
2425,Nurnberg,2025-04-05,2. Bundesliga,H,Hamburg
2425,RB Leipzig,2025-04-05,Bundesliga,H,Hoffenheim
2425,Stuttgart,2025-04-05,Bundesliga,A,Bochum
2425,Werder Bremen,2025-04-05,Bundesliga,H,Ein Frankfurt
2425,M'gladbach,2025-04-06,Bundesliga,A,St Pauli
2425,Schalke 04,2025-04-06,2. Bundesliga,H,SSV Ulm 1846
2425,St Pauli,2025-04-06,Bundesliga,H,M'gladbach
2425,Union Berlin,2025-04-06,Bundesliga,H,Wolfsburg
2425,Wolfsburg,2025-04-06,Bundesliga,A,Union Berlin
2425,Bayern Munich,2025-04-08,Champions League,H,Inter
2425,Dortmund,2025-04-09,Champions League,A,Barcelona
2425,Ein Frankfurt,2025-04-10,Europa League,A,Tottenham
2425,FC Koln,2025-04-11,2. Bundesliga,A,Greuther Furth
2425,Greuther Furth,2025-04-11,2. Bundesliga,H,FC Koln
2425,Hamburg,2025-04-11,2. Bundesliga,H,Eintracht Braunschweig
2425,RB Leipzig,2025-04-11,Bundesliga,A,Wolfsburg
2425,Wolfsburg,2025-04-11,Bundesliga,H,RB Leipzig
2425,Augsburg,2025-04-12,Bundesliga,A,Bochum
2425,Bayern Munich,2025-04-12,Bundesliga,H,Dortmund
2425,Bochum,2025-04-12,Bundesliga,H,Augsburg
2425,Darmstadt,2025-04-12,2. Bundesliga,A,Hertha
2425,Dortmund,2025-04-12,Bundesliga,A,Bayern Munich
2425,Freiburg,2025-04-12,Bundesliga,A,M'gladbach
2425,Hannover,2025-04-12,2. Bundesliga,H,SV 07 Elversberg
2425,Hertha,2025-04-12,2. Bundesliga,H,Darmstadt
2425,Hoffenheim,2025-04-12,Bundesliga,H,Mainz
2425,Holstein Kiel,2025-04-12,Bundesliga,H,St Pauli
2425,Leverkusen,2025-04-12,Bundesliga,H,Union Berlin
2425,M'gladbach,2025-04-12,Bundesliga,H,Freiburg
2425,Mainz,2025-04-12,Bundesliga,A,Hoffenheim
2425,Nurnberg,2025-04-12,2. Bundesliga,A,1. FC Kaiserslautern
2425,St Pauli,2025-04-12,Bundesliga,A,Holstein Kiel
2425,Union Berlin,2025-04-12,Bundesliga,A,Leverkusen
2425,Ein Frankfurt,2025-04-13,Bundesliga,H,Heidenheim
2425,Fortuna Dusseldorf,2025-04-13,2. Bundesliga,A,Paderborn
2425,Heidenheim,2025-04-13,Bundesliga,A,Ein Frankfurt
2425,Paderborn,2025-04-13,2. Bundesliga,H,Fortuna Dusseldorf
2425,Schalke 04,2025-04-13,2. Bundesliga,A,Jahn Regensburg
2425,Stuttgart,2025-04-13,Bundesliga,H,Werder Bremen
2425,Werder Bremen,2025-04-13,Bundesliga,A,Stuttgart
2425,Dortmund,2025-04-15,Champions League,H,Barcelona
2425,Bayern Munich,2025-04-16,Champions League,A,Inter
2425,Ein Frankfurt,2025-04-17,Europa League,H,Tottenham
2425,Bayern Munich,2025-04-19,Bundesliga,A,Heidenheim
2425,Bochum,2025-04-19,Bundesliga,A,Werder Bremen
2425,Fortuna Dusseldorf,2025-04-19,2. Bundesliga,A,SV 07 Elversberg
2425,Freiburg,2025-04-19,Bundesliga,H,Hoffenheim
2425,Hamburg,2025-04-19,2. Bundesliga,A,Schalke 04
2425,Heidenheim,2025-04-19,Bundesliga,H,Bayern Munich
2425,Hoffenheim,2025-04-19,Bundesliga,A,Freiburg
2425,Holstein Kiel,2025-04-19,Bundesliga,A,RB Leipzig
2425,Mainz,2025-04-19,Bundesliga,H,Wolfsburg
2425,Nurnberg,2025-04-19,2. Bundesliga,H,Paderborn
2425,Paderborn,2025-04-19,2. Bundesliga,A,Nurnberg
2425,RB Leipzig,2025-04-19,Bundesliga,H,Holstein Kiel
2425,Schalke 04,2025-04-19,2. Bundesliga,H,Hamburg
2425,Stuttgart,2025-04-19,Bundesliga,A,Union Berlin
2425,Union Berlin,2025-04-19,Bundesliga,H,Stuttgart
2425,Werder Bremen,2025-04-19,Bundesliga,H,Bochum
2425,Wolfsburg,2025-04-19,Bundesliga,A,Mainz
2425,Augsburg,2025-04-20,Bundesliga,H,Ein Frankfurt
2425,Darmstadt,2025-04-20,2. Bundesliga,H,Hannover
2425,Dortmund,2025-04-20,Bundesliga,H,M'gladbach
2425,Ein Frankfurt,2025-04-20,Bundesliga,A,Augsburg
2425,FC Koln,2025-04-20,2. Bundesliga,H,Preußen Münster
2425,Greuther Furth,2025-04-20,2. Bundesliga,A,Karlsruher SC
2425,Hannover,2025-04-20,2. Bundesliga,A,Darmstadt
2425,Hertha,2025-04-20,2. Bundesliga,A,SSV Ulm 1846
2425,Leverkusen,2025-04-20,Bundesliga,A,St Pauli
2425,M'gladbach,2025-04-20,Bundesliga,A,Dortmund
2425,St Pauli,2025-04-20,Bundesliga,H,Leverkusen
2425,Greuther Furth,2025-04-25,2. Bundesliga,H,SSV Ulm 1846
2425,Heidenheim,2025-04-25,Bundesliga,A,Stuttgart
2425,Hertha,2025-04-25,2. Bundesliga,H,1. FC Magdeburg
2425,Stuttgart,2025-04-25,Bundesliga,H,Heidenheim
2425,Augsburg,2025-04-26,Bundesliga,A,Leverkusen
2425,Bayern Munich,2025-04-26,Bundesliga,H,Mainz
2425,Darmstadt,2025-04-26,2. Bundesliga,A,Preußen Münster
2425,Dortmund,2025-04-26,Bundesliga,A,Hoffenheim
2425,Ein Frankfurt,2025-04-26,Bundesliga,H,RB Leipzig
2425,Fortuna Dusseldorf,2025-04-26,2. Bundesliga,H,Nurnberg
2425,Freiburg,2025-04-26,Bundesliga,A,Wolfsburg
2425,Hoffenheim,2025-04-26,Bundesliga,H,Dortmund
2425,Holstein Kiel,2025-04-26,Bundesliga,H,M'gladbach
2425,Leverkusen,2025-04-26,Bundesliga,H,Augsburg
2425,M'gladbach,2025-04-26,Bundesliga,A,Holstein Kiel
2425,Mainz,2025-04-26,Bundesliga,A,Bayern Munich
2425,Nurnberg,2025-04-26,2. Bundesliga,A,Fortuna Dusseldorf
2425,Paderborn,2025-04-26,2. Bundesliga,H,SV 07 Elversberg
2425,RB Leipzig,2025-04-26,Bundesliga,A,Ein Frankfurt
2425,Wolfsburg,2025-04-26,Bundesliga,H,Freiburg
2425,Bochum,2025-04-27,Bundesliga,H,Union Berlin
2425,FC Koln,2025-04-27,2. Bundesliga,A,Hannover
2425,Hamburg,2025-04-27,2. Bundesliga,H,Karlsruher SC
2425,Hannover,2025-04-27,2. Bundesliga,H,FC Koln
2425,Schalke 04,2025-04-27,2. Bundesliga,A,1. FC Kaiserslautern
2425,St Pauli,2025-04-27,Bundesliga,A,Werder Bremen
2425,Union Berlin,2025-04-27,Bundesliga,A,Bochum
2425,Werder Bremen,2025-04-27,Bundesliga,H,St Pauli
2425,Bochum,2025-05-02,Bundesliga,A,Heidenheim
2425,Heidenheim,2025-05-02,Bundesliga,H,Bochum
2425,Paderborn,2025-05-02,2. Bundesliga,A,Schalke 04
2425,Schalke 04,2025-05-02,2. Bundesliga,H,Paderborn
2425,Bayern Munich,2025-05-03,Bundesliga,A,RB Leipzig
2425,Darmstadt,2025-05-03,2. Bundesliga,H,Hamburg
2425,Dortmund,2025-05-03,Bundesliga,H,Wolfsburg
2425,FC Koln,2025-05-03,2. Bundesliga,H,Jahn Regensburg
2425,Fortuna Dusseldorf,2025-05-03,2. Bundesliga,A,Eintracht Braunschweig
2425,Hamburg,2025-05-03,2. Bundesliga,A,Darmstadt
2425,Hannover,2025-05-03,2. Bundesliga,A,SSV Ulm 1846
2425,Hoffenheim,2025-05-03,Bundesliga,A,M'gladbach
2425,M'gladbach,2025-05-03,Bundesliga,H,Hoffenheim
2425,RB Leipzig,2025-05-03,Bundesliga,H,Bayern Munich
2425,St Pauli,2025-05-03,Bundesliga,H,Stuttgart
2425,Stuttgart,2025-05-03,Bundesliga,A,St Pauli
2425,Union Berlin,2025-05-03,Bundesliga,H,Werder Bremen
2425,Werder Bremen,2025-05-03,Bundesliga,A,Union Berlin
2425,Wolfsburg,2025-05-03,Bundesliga,A,Dortmund
2425,Augsburg,2025-05-04,Bundesliga,H,Holstein Kiel
2425,Ein Frankfurt,2025-05-04,Bundesliga,A,Mainz
2425,Freiburg,2025-05-04,Bundesliga,H,Leverkusen
2425,Greuther Furth,2025-05-04,2. Bundesliga,A,Hertha
2425,Hertha,2025-05-04,2. Bundesliga,H,Greuther Furth
2425,Holstein Kiel,2025-05-04,Bundesliga,A,Augsburg
2425,Leverkusen,2025-05-04,Bundesliga,A,Freiburg
2425,Mainz,2025-05-04,Bundesliga,H,Ein Frankfurt
2425,Nurnberg,2025-05-04,2. Bundesliga,H,SV 07 Elversberg
2425,FC Koln,2025-05-09,2. Bundesliga,A,Nurnberg
2425,Hertha,2025-05-09,2. Bundesliga,A,Preußen Münster
2425,Hoffenheim,2025-05-09,Bundesliga,A,Wolfsburg
2425,Nurnberg,2025-05-09,2. Bundesliga,H,FC Koln
2425,Wolfsburg,2025-05-09,Bundesliga,H,Hoffenheim
2425,Bayern Munich,2025-05-10,Bundesliga,H,M'gladbach
2425,Bochum,2025-05-10,Bundesliga,H,Mainz
2425,Fortuna Dusseldorf,2025-05-10,2. Bundesliga,H,Schalke 04
2425,Freiburg,2025-05-10,Bundesliga,A,Holstein Kiel
2425,Hamburg,2025-05-10,2. Bundesliga,H,SSV Ulm 1846
2425,Heidenheim,2025-05-10,Bundesliga,A,Union Berlin
2425,Holstein Kiel,2025-05-10,Bundesliga,H,Freiburg
2425,M'gladbach,2025-05-10,Bundesliga,A,Bayern Munich
2425,Mainz,2025-05-10,Bundesliga,A,Bochum
2425,Paderborn,2025-05-10,2. Bundesliga,H,1. FC Magdeburg
2425,RB Leipzig,2025-05-10,Bundesliga,A,Werder Bremen
2425,Schalke 04,2025-05-10,2. Bundesliga,A,Fortuna Dusseldorf
2425,Union Berlin,2025-05-10,Bundesliga,H,Heidenheim
2425,Werder Bremen,2025-05-10,Bundesliga,H,RB Leipzig
2425,Augsburg,2025-05-11,Bundesliga,A,Stuttgart
2425,Darmstadt,2025-05-11,2. Bundesliga,A,1. FC Kaiserslautern
2425,Dortmund,2025-05-11,Bundesliga,A,Leverkusen
2425,Ein Frankfurt,2025-05-11,Bundesliga,H,St Pauli
2425,Greuther Furth,2025-05-11,2. Bundesliga,A,Hannover
2425,Hannover,2025-05-11,2. Bundesliga,H,Greuther Furth
2425,Leverkusen,2025-05-11,Bundesliga,H,Dortmund
2425,St Pauli,2025-05-11,Bundesliga,A,Ein Frankfurt
2425,Stuttgart,2025-05-11,Bundesliga,H,Augsburg
2425,Augsburg,2025-05-17,Bundesliga,H,Union Berlin
2425,Bayern Munich,2025-05-17,Bundesliga,A,Hoffenheim
2425,Bochum,2025-05-17,Bundesliga,A,St Pauli
2425,Dortmund,2025-05-17,Bundesliga,H,Holstein Kiel
2425,Ein Frankfurt,2025-05-17,Bundesliga,A,Freiburg
2425,Freiburg,2025-05-17,Bundesliga,H,Ein Frankfurt
2425,Heidenheim,2025-05-17,Bundesliga,H,Werder Bremen
2425,Hoffenheim,2025-05-17,Bundesliga,H,Bayern Munich
2425,Holstein Kiel,2025-05-17,Bundesliga,A,Dortmund
2425,Leverkusen,2025-05-17,Bundesliga,A,Mainz
2425,M'gladbach,2025-05-17,Bundesliga,H,Wolfsburg
2425,Mainz,2025-05-17,Bundesliga,H,Leverkusen
2425,RB Leipzig,2025-05-17,Bundesliga,H,Stuttgart
2425,St Pauli,2025-05-17,Bundesliga,H,Bochum
2425,Stuttgart,2025-05-17,Bundesliga,A,RB Leipzig
2425,Union Berlin,2025-05-17,Bundesliga,A,Augsburg
2425,Werder Bremen,2025-05-17,Bundesliga,A,Heidenheim
2425,Wolfsburg,2025-05-17,Bundesliga,A,M'gladbach
2425,Darmstadt,2025-05-18,2. Bundesliga,H,Jahn Regensburg
2425,FC Koln,2025-05-18,2. Bundesliga,H,1. FC Kaiserslautern
2425,Fortuna Dusseldorf,2025-05-18,2. Bundesliga,A,1. FC Magdeburg
2425,Greuther Furth,2025-05-18,2. Bundesliga,H,Hamburg
2425,Hamburg,2025-05-18,2. Bundesliga,A,Greuther Furth
2425,Hannover,2025-05-18,2. Bundesliga,A,Hertha
2425,Hertha,2025-05-18,2. Bundesliga,H,Hannover
2425,Nurnberg,2025-05-18,2. Bundesliga,A,Eintracht Braunschweig
2425,Paderborn,2025-05-18,2. Bundesliga,A,Karlsruher SC
2425,Schalke 04,2025-05-18,2. Bundesliga,H,SV 07 Elversberg
2425,Bielefeld,2025-05-24,DFB-Pokal,H,Stuttgart
2425,Stuttgart,2025-05-24,DFB-Pokal,A,Bielefeld
2425,Bayern Munich,2025-06-15,FIFA Club World Cup,H,Auckland City
2425,Dortmund,2025-06-17,FIFA Club World Cup,A,Fluminense
2425,Bayern Munich,2025-06-20,FIFA Club World Cup,H,Boca Juniors
2425,Dortmund,2025-06-21,FIFA Club World Cup,A,Mamelodi Sundowns
2425,Bayern Munich,2025-06-24,FIFA Club World Cup,A,Benfica
2425,Dortmund,2025-06-25,FIFA Club World Cup,H,Ulsan HD
2425,Bayern Munich,2025-06-29,FIFA Club World Cup,A,Flamengo
2425,Dortmund,2025-07-01,FIFA Club World Cup,H,Monterrey
2526,Bayern Munich,2025-07-05,FIFA Club World Cup,A,Paris Saint-Germain
2526,Dortmund,2025-07-05,FIFA Club World Cup,A,Real Madrid
2526,Bielefeld,2025-08-15,DFB-Pokal,H,Werder Bremen
2526,Leverkusen,2025-08-15,DFB-Pokal,A,SG Sonnenhof Großaspach
2526,Union Berlin,2025-08-15,DFB-Pokal,A,FC Gütersloh
2526,Werder Bremen,2025-08-15,DFB-Pokal,A,Bielefeld
2526,Bayern Munich,2025-08-16,DFL-Supercup,A,Stuttgart
2526,Bochum,2025-08-16,DFB-Pokal,A,BFC Dynamo
2526,Darmstadt,2025-08-16,DFB-Pokal,A,VfB Lübeck
2526,Freiburg,2025-08-16,DFB-Pokal,A,Sportfreunde Lotte
2526,Hamburg,2025-08-16,DFB-Pokal,A,FK Pirmasens
2526,Hannover,2025-08-16,DFB-Pokal,A,Energie Cottbus
2526,Heidenheim,2025-08-16,DFB-Pokal,A,Bahlinger SC
2526,Hoffenheim,2025-08-16,DFB-Pokal,A,Hansa Rostock
2526,Nurnberg,2025-08-16,DFB-Pokal,A,FV Illertissen
2526,RB Leipzig,2025-08-16,DFB-Pokal,A,SV Sandhausen
2526,St Pauli,2025-08-16,DFB-Pokal,A,Eintracht Norderstedt
2526,Stuttgart,2025-08-16,DFL-Supercup,H,Bayern Munich
2526,Wolfsburg,2025-08-16,DFB-Pokal,A,SV Hemelingen
2526,Augsburg,2025-08-17,DFB-Pokal,A,Hallescher FC
2526,Ein Frankfurt,2025-08-17,DFB-Pokal,A,FV Engers 07
2526,FC Koln,2025-08-17,DFB-Pokal,A,Jahn Regensburg
2526,Greuther Furth,2025-08-17,DFB-Pokal,A,Blau-Weiß Lohne
2526,Holstein Kiel,2025-08-17,DFB-Pokal,A,FC 08 Homburg
2526,M'gladbach,2025-08-17,DFB-Pokal,A,Atlas Delmenhorst
2526,Paderborn,2025-08-17,DFB-Pokal,A,Viktoria Köln
2526,Schalke 04,2025-08-17,DFB-Pokal,A,1. FC Lok Leipzig
2526,Dortmund,2025-08-18,DFB-Pokal,A,Rot-Weiss Essen
2526,Fortuna Dusseldorf,2025-08-18,DFB-Pokal,A,1. FC Schweinfurt 05
2526,Hertha,2025-08-18,DFB-Pokal,A,Preußen Münster
2526,Mainz,2025-08-18,DFB-Pokal,A,Dynamo Dresden
2526,Mainz,2025-08-21,Conference League (qual.),A,Rosenborg BK
2526,Bayern Munich,2025-08-22,Bundesliga,H,RB Leipzig
2526,RB Leipzig,2025-08-22,Bundesliga,A,Bayern Munich
2526,Augsburg,2025-08-23,Bundesliga,A,Freiburg
2526,Dortmund,2025-08-23,Bundesliga,A,St Pauli
2526,Ein Frankfurt,2025-08-23,Bundesliga,H,Werder Bremen
2526,Freiburg,2025-08-23,Bundesliga,H,Augsburg
2526,Heidenheim,2025-08-23,Bundesliga,H,Wolfsburg
2526,Hoffenheim,2025-08-23,Bundesliga,A,Leverkusen
2526,Leverkusen,2025-08-23,Bundesliga,H,Hoffenheim
2526,St Pauli,2025-08-23,Bundesliga,H,Dortmund
2526,Stuttgart,2025-08-23,Bundesliga,A,Union Berlin
2526,Union Berlin,2025-08-23,Bundesliga,H,Stuttgart
2526,Werder Bremen,2025-08-23,Bundesliga,A,Ein Frankfurt
2526,Wolfsburg,2025-08-23,Bundesliga,A,Heidenheim
2526,FC Koln,2025-08-24,Bundesliga,A,Mainz
2526,Hamburg,2025-08-24,Bundesliga,A,M'gladbach
2526,M'gladbach,2025-08-24,Bundesliga,H,Hamburg
2526,Mainz,2025-08-24,Bundesliga,H,FC Koln
2526,Stuttgart,2025-08-26,DFB-Pokal,A,Eintracht Braunschweig
2526,Bayern Munich,2025-08-27,DFB-Pokal,A,SV Wehen Wiesbaden
2526,Mainz,2025-08-28,Conference League (qual.),H,Rosenborg BK
2526,Hamburg,2025-08-29,Bundesliga,H,St Pauli
2526,St Pauli,2025-08-29,Bundesliga,A,Hamburg
2526,Augsburg,2025-08-30,Bundesliga,H,Bayern Munich
2526,Bayern Munich,2025-08-30,Bundesliga,A,Augsburg
2526,Ein Frankfurt,2025-08-30,Bundesliga,A,Hoffenheim
2526,Heidenheim,2025-08-30,Bundesliga,A,RB Leipzig
2526,Hoffenheim,2025-08-30,Bundesliga,H,Ein Frankfurt
2526,Leverkusen,2025-08-30,Bundesliga,A,Werder Bremen
2526,M'gladbach,2025-08-30,Bundesliga,A,Stuttgart
2526,RB Leipzig,2025-08-30,Bundesliga,H,Heidenheim
2526,Stuttgart,2025-08-30,Bundesliga,H,M'gladbach
2526,Werder Bremen,2025-08-30,Bundesliga,H,Leverkusen
2526,Dortmund,2025-08-31,Bundesliga,H,Union Berlin
2526,FC Koln,2025-08-31,Bundesliga,H,Freiburg
2526,Freiburg,2025-08-31,Bundesliga,A,FC Koln
2526,Mainz,2025-08-31,Bundesliga,A,Wolfsburg
2526,Union Berlin,2025-08-31,Bundesliga,A,Dortmund
2526,Wolfsburg,2025-08-31,Bundesliga,H,Mainz
2526,Ein Frankfurt,2025-09-12,Bundesliga,A,Leverkusen
2526,Leverkusen,2025-09-12,Bundesliga,H,Ein Frankfurt
2526,Bayern Munich,2025-09-13,Bundesliga,H,Hamburg
2526,Dortmund,2025-09-13,Bundesliga,A,Heidenheim
2526,FC Koln,2025-09-13,Bundesliga,A,Wolfsburg
2526,Freiburg,2025-09-13,Bundesliga,H,Stuttgart
2526,Hamburg,2025-09-13,Bundesliga,A,Bayern Munich
2526,Heidenheim,2025-09-13,Bundesliga,H,Dortmund
2526,Hoffenheim,2025-09-13,Bundesliga,A,Union Berlin
2526,Mainz,2025-09-13,Bundesliga,H,RB Leipzig
2526,RB Leipzig,2025-09-13,Bundesliga,A,Mainz
2526,Stuttgart,2025-09-13,Bundesliga,A,Freiburg
2526,Union Berlin,2025-09-13,Bundesliga,H,Hoffenheim
2526,Wolfsburg,2025-09-13,Bundesliga,H,FC Koln
2526,Augsburg,2025-09-14,Bundesliga,A,St Pauli
2526,M'gladbach,2025-09-14,Bundesliga,H,Werder Bremen
2526,St Pauli,2025-09-14,Bundesliga,H,Augsburg
2526,Werder Bremen,2025-09-14,Bundesliga,A,M'gladbach
2526,Dortmund,2025-09-16,Champions League,A,Juventus
2526,Bayern Munich,2025-09-17,Champions League,H,Chelsea
2526,Ein Frankfurt,2025-09-18,Champions League,H,Galatasaray SK
2526,Leverkusen,2025-09-18,Champions League,A,FC København
2526,St Pauli,2025-09-19,Bundesliga,A,Stuttgart
2526,Stuttgart,2025-09-19,Bundesliga,H,St Pauli
2526,Augsburg,2025-09-20,Bundesliga,H,Mainz
2526,Bayern Munich,2025-09-20,Bundesliga,A,Hoffenheim
2526,FC Koln,2025-09-20,Bundesliga,A,RB Leipzig
2526,Freiburg,2025-09-20,Bundesliga,A,Werder Bremen
2526,Hamburg,2025-09-20,Bundesliga,H,Heidenheim
2526,Heidenheim,2025-09-20,Bundesliga,A,Hamburg
2526,Hoffenheim,2025-09-20,Bundesliga,H,Bayern Munich
2526,Mainz,2025-09-20,Bundesliga,A,Augsburg
2526,RB Leipzig,2025-09-20,Bundesliga,H,FC Koln
2526,Werder Bremen,2025-09-20,Bundesliga,H,Freiburg
2526,Dortmund,2025-09-21,Bundesliga,H,Wolfsburg
2526,Ein Frankfurt,2025-09-21,Bundesliga,H,Union Berlin
2526,Leverkusen,2025-09-21,Bundesliga,H,M'gladbach
2526,M'gladbach,2025-09-21,Bundesliga,A,Leverkusen
2526,Union Berlin,2025-09-21,Bundesliga,A,Ein Frankfurt
2526,Wolfsburg,2025-09-21,Bundesliga,A,Dortmund
2526,Freiburg,2025-09-24,Europa League,H,Basel
2526,Stuttgart,2025-09-25,Europa League,H,Celta Vigo
2526,Bayern Munich,2025-09-26,Bundesliga,H,Werder Bremen
2526,Werder Bremen,2025-09-26,Bundesliga,A,Bayern Munich
2526,Augsburg,2025-09-27,Bundesliga,A,Heidenheim
2526,Dortmund,2025-09-27,Bundesliga,A,Mainz
2526,Ein Frankfurt,2025-09-27,Bundesliga,A,M'gladbach
2526,Heidenheim,2025-09-27,Bundesliga,H,Augsburg
2526,Leverkusen,2025-09-27,Bundesliga,A,St Pauli
2526,M'gladbach,2025-09-27,Bundesliga,H,Ein Frankfurt
2526,Mainz,2025-09-27,Bundesliga,H,Dortmund
2526,RB Leipzig,2025-09-27,Bundesliga,A,Wolfsburg
2526,St Pauli,2025-09-27,Bundesliga,H,Leverkusen
2526,Wolfsburg,2025-09-27,Bundesliga,H,RB Leipzig
2526,FC Koln,2025-09-28,Bundesliga,H,Stuttgart
2526,Freiburg,2025-09-28,Bundesliga,H,Hoffenheim
2526,Hamburg,2025-09-28,Bundesliga,A,Union Berlin
2526,Hoffenheim,2025-09-28,Bundesliga,A,Freiburg
2526,Stuttgart,2025-09-28,Bundesliga,A,FC Koln
2526,Union Berlin,2025-09-28,Bundesliga,H,Hamburg
2526,Bayern Munich,2025-09-30,Champions League,A,Paphos FC
2526,Ein Frankfurt,2025-09-30,Champions League,A,Ath Madrid
2526,Dortmund,2025-10-01,Champions League,H,Ath Bilbao
2526,Leverkusen,2025-10-01,Champions League,H,PSV
2526,Freiburg,2025-10-02,Europa League,A,Bologna
2526,Mainz,2025-10-02,Conference League,A,Omonia
2526,Stuttgart,2025-10-02,Europa League,A,Basel
2526,FC Koln,2025-10-03,Bundesliga,A,Hoffenheim
2526,Hoffenheim,2025-10-03,Bundesliga,H,FC Koln
2526,Augsburg,2025-10-04,Bundesliga,H,Wolfsburg
2526,Bayern Munich,2025-10-04,Bundesliga,A,Ein Frankfurt
2526,Dortmund,2025-10-04,Bundesliga,H,RB Leipzig
2526,Ein Frankfurt,2025-10-04,Bundesliga,H,Bayern Munich
2526,Leverkusen,2025-10-04,Bundesliga,H,Union Berlin
2526,RB Leipzig,2025-10-04,Bundesliga,A,Dortmund
2526,St Pauli,2025-10-04,Bundesliga,A,Werder Bremen
2526,Union Berlin,2025-10-04,Bundesliga,A,Leverkusen
2526,Werder Bremen,2025-10-04,Bundesliga,H,St Pauli
2526,Wolfsburg,2025-10-04,Bundesliga,A,Augsburg
2526,Freiburg,2025-10-05,Bundesliga,A,M'gladbach
2526,Hamburg,2025-10-05,Bundesliga,H,Mainz
2526,Heidenheim,2025-10-05,Bundesliga,A,Stuttgart
2526,M'gladbach,2025-10-05,Bundesliga,H,Freiburg
2526,Mainz,2025-10-05,Bundesliga,A,Hamburg
2526,Stuttgart,2025-10-05,Bundesliga,H,Heidenheim
2526,M'gladbach,2025-10-17,Bundesliga,A,Union Berlin
2526,Union Berlin,2025-10-17,Bundesliga,H,M'gladbach
2526,Augsburg,2025-10-18,Bundesliga,A,FC Koln
2526,Bayern Munich,2025-10-18,Bundesliga,H,Dortmund
2526,Dortmund,2025-10-18,Bundesliga,A,Bayern Munich
2526,FC Koln,2025-10-18,Bundesliga,H,Augsburg
2526,Hamburg,2025-10-18,Bundesliga,A,RB Leipzig
2526,Heidenheim,2025-10-18,Bundesliga,H,Werder Bremen
2526,Leverkusen,2025-10-18,Bundesliga,A,Mainz
2526,Mainz,2025-10-18,Bundesliga,H,Leverkusen
2526,RB Leipzig,2025-10-18,Bundesliga,H,Hamburg
2526,Stuttgart,2025-10-18,Bundesliga,A,Wolfsburg
2526,Werder Bremen,2025-10-18,Bundesliga,A,Heidenheim
2526,Wolfsburg,2025-10-18,Bundesliga,H,Stuttgart
2526,Ein Frankfurt,2025-10-19,Bundesliga,A,Freiburg
2526,Freiburg,2025-10-19,Bundesliga,H,Ein Frankfurt
2526,Hoffenheim,2025-10-19,Bundesliga,A,St Pauli
2526,St Pauli,2025-10-19,Bundesliga,H,Hoffenheim
2526,Dortmund,2025-10-21,Champions League,A,FC København
2526,Leverkusen,2025-10-21,Champions League,H,Paris SG
2526,Bayern Munich,2025-10-22,Champions League,H,Club Brugge KV
2526,Ein Frankfurt,2025-10-22,Champions League,H,Liverpool
2526,Freiburg,2025-10-23,Europa League,H,Utrecht
2526,Mainz,2025-10-23,Conference League,H,Zrinjski Mostar
2526,Stuttgart,2025-10-23,Europa League,A,Fenerbahçe
2526,Union Berlin,2025-10-24,Bundesliga,A,Werder Bremen
2526,Werder Bremen,2025-10-24,Bundesliga,H,Union Berlin
2526,Augsburg,2025-10-25,Bundesliga,H,RB Leipzig
2526,Bayern Munich,2025-10-25,Bundesliga,A,M'gladbach
2526,Dortmund,2025-10-25,Bundesliga,H,FC Koln
2526,Ein Frankfurt,2025-10-25,Bundesliga,H,St Pauli
2526,FC Koln,2025-10-25,Bundesliga,A,Dortmund
2526,Hamburg,2025-10-25,Bundesliga,H,Wolfsburg
2526,Heidenheim,2025-10-25,Bundesliga,A,Hoffenheim
2526,Hoffenheim,2025-10-25,Bundesliga,H,Heidenheim
2526,M'gladbach,2025-10-25,Bundesliga,H,Bayern Munich
2526,RB Leipzig,2025-10-25,Bundesliga,A,Augsburg
2526,St Pauli,2025-10-25,Bundesliga,A,Ein Frankfurt
2526,Wolfsburg,2025-10-25,Bundesliga,A,Hamburg
2526,Freiburg,2025-10-26,Bundesliga,A,Leverkusen
2526,Leverkusen,2025-10-26,Bundesliga,H,Freiburg
2526,Mainz,2025-10-26,Bundesliga,A,Stuttgart
2526,Stuttgart,2025-10-26,Bundesliga,H,Mainz
2526,Augsburg,2025-10-28,DFB-Pokal,H,Bochum
2526,Bochum,2025-10-28,DFB-Pokal,A,Augsburg
2526,Dortmund,2025-10-28,DFB-Pokal,A,Ein Frankfurt
2526,Ein Frankfurt,2025-10-28,DFB-Pokal,H,Dortmund
2526,Hamburg,2025-10-28,DFB-Pokal,A,Heidenheim
2526,Heidenheim,2025-10-28,DFB-Pokal,H,Hamburg
2526,Hertha,2025-10-28,DFB-Pokal,H,SV 07 Elversberg
2526,Hoffenheim,2025-10-28,DFB-Pokal,A,St Pauli
2526,Holstein Kiel,2025-10-28,DFB-Pokal,A,Wolfsburg
2526,M'gladbach,2025-10-28,DFB-Pokal,H,Karlsruher SC
2526,RB Leipzig,2025-10-28,DFB-Pokal,A,Energie Cottbus
2526,St Pauli,2025-10-28,DFB-Pokal,H,Hoffenheim
2526,Wolfsburg,2025-10-28,DFB-Pokal,H,Holstein Kiel
2526,Bayern Munich,2025-10-29,DFB-Pokal,A,FC Koln
2526,Bielefeld,2025-10-29,DFB-Pokal,A,Union Berlin
2526,Darmstadt,2025-10-29,DFB-Pokal,H,Schalke 04
2526,FC Koln,2025-10-29,DFB-Pokal,H,Bayern Munich
2526,Fortuna Dusseldorf,2025-10-29,DFB-Pokal,H,Freiburg
2526,Freiburg,2025-10-29,DFB-Pokal,A,Fortuna Dusseldorf
2526,Greuther Furth,2025-10-29,DFB-Pokal,H,1. FC Kaiserslautern
2526,Leverkusen,2025-10-29,DFB-Pokal,A,Paderborn
2526,Mainz,2025-10-29,DFB-Pokal,H,Stuttgart
2526,Paderborn,2025-10-29,DFB-Pokal,H,Leverkusen
2526,Schalke 04,2025-10-29,DFB-Pokal,A,Darmstadt
2526,Stuttgart,2025-10-29,DFB-Pokal,A,Mainz
2526,Union Berlin,2025-10-29,DFB-Pokal,H,Bielefeld
2526,Augsburg,2025-10-31,Bundesliga,H,Dortmund
2526,Dortmund,2025-10-31,Bundesliga,A,Augsburg
2526,Bayern Munich,2025-11-01,Bundesliga,H,Leverkusen
2526,Ein Frankfurt,2025-11-01,Bundesliga,A,Heidenheim
2526,Freiburg,2025-11-01,Bundesliga,A,Union Berlin
2526,Heidenheim,2025-11-01,Bundesliga,H,Ein Frankfurt
2526,Leverkusen,2025-11-01,Bundesliga,A,Bayern Munich
2526,M'gladbach,2025-11-01,Bundesliga,A,St Pauli
2526,Mainz,2025-11-01,Bundesliga,H,Werder Bremen
2526,RB Leipzig,2025-11-01,Bundesliga,H,Stuttgart
2526,St Pauli,2025-11-01,Bundesliga,H,M'gladbach
2526,Stuttgart,2025-11-01,Bundesliga,A,RB Leipzig
2526,Union Berlin,2025-11-01,Bundesliga,H,Freiburg
2526,Werder Bremen,2025-11-01,Bundesliga,A,Mainz
2526,FC Koln,2025-11-02,Bundesliga,H,Hamburg
2526,Hamburg,2025-11-02,Bundesliga,A,FC Koln
2526,Hoffenheim,2025-11-02,Bundesliga,A,Wolfsburg
2526,Wolfsburg,2025-11-02,Bundesliga,H,Hoffenheim
2526,Bayern Munich,2025-11-04,Champions League,A,Paris SG
2526,Ein Frankfurt,2025-11-04,Champions League,A,Napoli
2526,Dortmund,2025-11-05,Champions League,A,Man City
2526,Leverkusen,2025-11-05,Champions League,A,Sport Lisboa e Benfica
2526,Freiburg,2025-11-06,Europa League,A,Nice
2526,Mainz,2025-11-06,Conference League,H,Fiorentina
2526,Stuttgart,2025-11-06,Europa League,H,Feyenoord
2526,Werder Bremen,2025-11-07,Bundesliga,H,Wolfsburg
2526,Wolfsburg,2025-11-07,Bundesliga,A,Werder Bremen
2526,Bayern Munich,2025-11-08,Bundesliga,A,Union Berlin
2526,Dortmund,2025-11-08,Bundesliga,A,Hamburg
2526,FC Koln,2025-11-08,Bundesliga,A,M'gladbach
2526,Hamburg,2025-11-08,Bundesliga,H,Dortmund
2526,Heidenheim,2025-11-08,Bundesliga,A,Leverkusen
2526,Hoffenheim,2025-11-08,Bundesliga,H,RB Leipzig
2526,Leverkusen,2025-11-08,Bundesliga,H,Heidenheim
2526,M'gladbach,2025-11-08,Bundesliga,H,FC Koln
2526,RB Leipzig,2025-11-08,Bundesliga,A,Hoffenheim
2526,Union Berlin,2025-11-08,Bundesliga,H,Bayern Munich
2526,Augsburg,2025-11-09,Bundesliga,A,Stuttgart
2526,Ein Frankfurt,2025-11-09,Bundesliga,H,Mainz
2526,Freiburg,2025-11-09,Bundesliga,H,St Pauli
2526,Mainz,2025-11-09,Bundesliga,A,Ein Frankfurt
2526,St Pauli,2025-11-09,Bundesliga,A,Freiburg
2526,Stuttgart,2025-11-09,Bundesliga,H,Augsburg
2526,Hoffenheim,2025-11-21,Bundesliga,A,Mainz
2526,Mainz,2025-11-21,Bundesliga,H,Hoffenheim
2526,Augsburg,2025-11-22,Bundesliga,H,Hamburg
2526,Bayern Munich,2025-11-22,Bundesliga,H,Freiburg
2526,Dortmund,2025-11-22,Bundesliga,H,Stuttgart
2526,Ein Frankfurt,2025-11-22,Bundesliga,A,FC Koln
2526,FC Koln,2025-11-22,Bundesliga,H,Ein Frankfurt
2526,Freiburg,2025-11-22,Bundesliga,A,Bayern Munich
2526,Hamburg,2025-11-22,Bundesliga,A,Augsburg
2526,Heidenheim,2025-11-22,Bundesliga,H,M'gladbach
2526,Leverkusen,2025-11-22,Bundesliga,A,Wolfsburg
2526,M'gladbach,2025-11-22,Bundesliga,A,Heidenheim
2526,Stuttgart,2025-11-22,Bundesliga,A,Dortmund
2526,Wolfsburg,2025-11-22,Bundesliga,H,Leverkusen
2526,RB Leipzig,2025-11-23,Bundesliga,H,Werder Bremen
2526,St Pauli,2025-11-23,Bundesliga,H,Union Berlin
2526,Union Berlin,2025-11-23,Bundesliga,A,St Pauli
2526,Werder Bremen,2025-11-23,Bundesliga,A,RB Leipzig
2526,Dortmund,2025-11-25,Champions League,H,Villarreal
2526,Leverkusen,2025-11-25,Champions League,A,Man City
2526,Bayern Munich,2025-11-26,Champions League,A,Arsenal
2526,Ein Frankfurt,2025-11-26,Champions League,H,Atalanta
2526,Freiburg,2025-11-27,Europa League,A,Viktoria Plzeň
2526,Mainz,2025-11-27,Conference League,A,Universitatea Craiova
2526,Stuttgart,2025-11-27,Europa League,A,Go Ahead Eagles
2526,M'gladbach,2025-11-28,Bundesliga,H,RB Leipzig
2526,RB Leipzig,2025-11-28,Bundesliga,A,M'gladbach
2526,Augsburg,2025-11-29,Bundesliga,A,Hoffenheim
2526,Bayern Munich,2025-11-29,Bundesliga,H,St Pauli
2526,Dortmund,2025-11-29,Bundesliga,A,Leverkusen
2526,FC Koln,2025-11-29,Bundesliga,A,Werder Bremen
2526,Heidenheim,2025-11-29,Bundesliga,A,Union Berlin
2526,Hoffenheim,2025-11-29,Bundesliga,H,Augsburg
2526,Leverkusen,2025-11-29,Bundesliga,H,Dortmund
2526,St Pauli,2025-11-29,Bundesliga,A,Bayern Munich
2526,Union Berlin,2025-11-29,Bundesliga,H,Heidenheim
2526,Werder Bremen,2025-11-29,Bundesliga,H,FC Koln
2526,Ein Frankfurt,2025-11-30,Bundesliga,H,Wolfsburg
2526,Freiburg,2025-11-30,Bundesliga,H,Mainz
2526,Hamburg,2025-11-30,Bundesliga,H,Stuttgart
2526,Mainz,2025-11-30,Bundesliga,A,Freiburg
2526,Stuttgart,2025-11-30,Bundesliga,A,Hamburg
2526,Wolfsburg,2025-11-30,Bundesliga,A,Ein Frankfurt
2526,Bayern Munich,2025-12-02,DFB-Pokal,A,Union Berlin
2526,Bochum,2025-12-02,DFB-Pokal,H,Stuttgart
2526,Darmstadt,2025-12-02,DFB-Pokal,A,Freiburg
2526,Dortmund,2025-12-02,DFB-Pokal,H,Leverkusen
2526,Freiburg,2025-12-02,DFB-Pokal,H,Darmstadt
2526,Hamburg,2025-12-02,DFB-Pokal,H,Holstein Kiel
2526,Hertha,2025-12-02,DFB-Pokal,H,1. FC Kaiserslautern
2526,Holstein Kiel,2025-12-02,DFB-Pokal,A,Hamburg
2526,Leverkusen,2025-12-02,DFB-Pokal,A,Dortmund
2526,M'gladbach,2025-12-02,DFB-Pokal,H,St Pauli
2526,RB Leipzig,2025-12-02,DFB-Pokal,H,1. FC Magdeburg
2526,St Pauli,2025-12-02,DFB-Pokal,A,M'gladbach
2526,Stuttgart,2025-12-02,DFB-Pokal,A,Bochum
2526,Union Berlin,2025-12-02,DFB-Pokal,H,Bayern Munich
2526,Bayern Munich,2025-12-03,DFB-Pokal,A,Union Berlin
2526,Bochum,2025-12-03,DFB-Pokal,H,Stuttgart
2526,Darmstadt,2025-12-03,DFB-Pokal,A,Freiburg
2526,Freiburg,2025-12-03,DFB-Pokal,H,Darmstadt
2526,Hamburg,2025-12-03,DFB-Pokal,H,Holstein Kiel
2526,Holstein Kiel,2025-12-03,DFB-Pokal,A,Hamburg
2526,Stuttgart,2025-12-03,DFB-Pokal,A,Bochum
2526,Union Berlin,2025-12-03,DFB-Pokal,H,Bayern Munich
2526,M'gladbach,2025-12-05,Bundesliga,A,Mainz
2526,Mainz,2025-12-05,Bundesliga,H,M'gladbach
2526,Augsburg,2025-12-06,Bundesliga,H,Leverkusen
2526,Bayern Munich,2025-12-06,Bundesliga,A,Stuttgart
2526,Ein Frankfurt,2025-12-06,Bundesliga,A,RB Leipzig
2526,FC Koln,2025-12-06,Bundesliga,H,St Pauli
2526,Freiburg,2025-12-06,Bundesliga,A,Heidenheim
2526,Heidenheim,2025-12-06,Bundesliga,H,Freiburg
2526,Leverkusen,2025-12-06,Bundesliga,A,Augsburg
2526,RB Leipzig,2025-12-06,Bundesliga,H,Ein Frankfurt
2526,St Pauli,2025-12-06,Bundesliga,A,FC Koln
2526,Stuttgart,2025-12-06,Bundesliga,H,Bayern Munich
2526,Union Berlin,2025-12-06,Bundesliga,A,Wolfsburg
2526,Wolfsburg,2025-12-06,Bundesliga,H,Union Berlin
2526,Dortmund,2025-12-07,Bundesliga,H,Hoffenheim
2526,Hamburg,2025-12-07,Bundesliga,H,Werder Bremen
2526,Hoffenheim,2025-12-07,Bundesliga,A,Dortmund
2526,Werder Bremen,2025-12-07,Bundesliga,A,Hamburg
2526,Bayern Munich,2025-12-09,Champions League,H,Sporting Clube de Portugal
2526,Ein Frankfurt,2025-12-09,Champions League,A,Barcelona
2526,Dortmund,2025-12-10,Champions League,H,FK Bodø/Glimt
2526,Leverkusen,2025-12-10,Champions League,H,Newcastle
2526,Freiburg,2025-12-11,Europa League,H,Red Bull Salzburg
2526,Mainz,2025-12-11,Conference League,A,Lech Poznań
2526,Stuttgart,2025-12-11,Europa League,H,Maccabi Tel Aviv
2526,RB Leipzig,2025-12-12,Bundesliga,A,Union Berlin
2526,Union Berlin,2025-12-12,Bundesliga,H,RB Leipzig
2526,Augsburg,2025-12-13,Bundesliga,A,Ein Frankfurt
2526,Ein Frankfurt,2025-12-13,Bundesliga,H,Augsburg
2526,FC Koln,2025-12-13,Bundesliga,A,Leverkusen
2526,Hamburg,2025-12-13,Bundesliga,A,Hoffenheim
2526,Heidenheim,2025-12-13,Bundesliga,A,St Pauli
2526,Hoffenheim,2025-12-13,Bundesliga,H,Hamburg
2526,Leverkusen,2025-12-13,Bundesliga,H,FC Koln
2526,M'gladbach,2025-12-13,Bundesliga,H,Wolfsburg
2526,St Pauli,2025-12-13,Bundesliga,H,Heidenheim
2526,Wolfsburg,2025-12-13,Bundesliga,A,M'gladbach
2526,Bayern Munich,2025-12-14,Bundesliga,H,Mainz
2526,Dortmund,2025-12-14,Bundesliga,A,Freiburg
2526,Freiburg,2025-12-14,Bundesliga,H,Dortmund
2526,Mainz,2025-12-14,Bundesliga,A,Bayern Munich
2526,Stuttgart,2025-12-14,Bundesliga,A,Werder Bremen
2526,Werder Bremen,2025-12-14,Bundesliga,H,Stuttgart
2526,Mainz,2025-12-18,Conference League,H,Samsunspor
2526,Dortmund,2025-12-19,Bundesliga,H,M'gladbach
2526,M'gladbach,2025-12-19,Bundesliga,A,Dortmund
2526,Augsburg,2025-12-20,Bundesliga,H,Werder Bremen
2526,Ein Frankfurt,2025-12-20,Bundesliga,A,Hamburg
2526,FC Koln,2025-12-20,Bundesliga,H,Union Berlin
2526,Freiburg,2025-12-20,Bundesliga,A,Wolfsburg
2526,Hamburg,2025-12-20,Bundesliga,H,Ein Frankfurt
2526,Hoffenheim,2025-12-20,Bundesliga,A,Stuttgart
2526,Leverkusen,2025-12-20,Bundesliga,A,RB Leipzig
2526,RB Leipzig,2025-12-20,Bundesliga,H,Leverkusen
2526,Stuttgart,2025-12-20,Bundesliga,H,Hoffenheim
2526,Union Berlin,2025-12-20,Bundesliga,A,FC Koln
2526,Werder Bremen,2025-12-20,Bundesliga,A,Augsburg
2526,Wolfsburg,2025-12-20,Bundesliga,H,Freiburg
2526,Bayern Munich,2025-12-21,Bundesliga,A,Heidenheim
2526,Heidenheim,2025-12-21,Bundesliga,H,Bayern Munich
2526,Mainz,2025-12-21,Bundesliga,H,St Pauli
2526,St Pauli,2025-12-21,Bundesliga,A,Mainz
2526,Dortmund,2026-01-09,Bundesliga,A,Ein Frankfurt
2526,Ein Frankfurt,2026-01-09,Bundesliga,H,Dortmund
2526,FC Koln,2026-01-10,Bundesliga,A,Heidenheim
2526,Freiburg,2026-01-10,Bundesliga,H,Hamburg
2526,Hamburg,2026-01-10,Bundesliga,A,Freiburg
2526,Heidenheim,2026-01-10,Bundesliga,H,FC Koln
2526,Leverkusen,2026-01-10,Bundesliga,H,Stuttgart
2526,Mainz,2026-01-10,Bundesliga,A,Union Berlin
2526,Stuttgart,2026-01-10,Bundesliga,A,Leverkusen
2526,Union Berlin,2026-01-10,Bundesliga,H,Mainz
2526,Augsburg,2026-01-11,Bundesliga,A,M'gladbach
2526,Bayern Munich,2026-01-11,Bundesliga,H,Wolfsburg
2526,M'gladbach,2026-01-11,Bundesliga,H,Augsburg
2526,Wolfsburg,2026-01-11,Bundesliga,A,Bayern Munich
2526,Dortmund,2026-01-13,Bundesliga,H,Werder Bremen
2526,Ein Frankfurt,2026-01-13,Bundesliga,A,Stuttgart
2526,Heidenheim,2026-01-13,Bundesliga,A,Mainz
2526,Mainz,2026-01-13,Bundesliga,H,Heidenheim
2526,Stuttgart,2026-01-13,Bundesliga,H,Ein Frankfurt
2526,Werder Bremen,2026-01-13,Bundesliga,A,Dortmund
2526,Bayern Munich,2026-01-14,Bundesliga,A,FC Koln
2526,FC Koln,2026-01-14,Bundesliga,H,Bayern Munich
2526,Freiburg,2026-01-14,Bundesliga,A,RB Leipzig
2526,Hoffenheim,2026-01-14,Bundesliga,H,M'gladbach
2526,M'gladbach,2026-01-14,Bundesliga,A,Hoffenheim
2526,RB Leipzig,2026-01-14,Bundesliga,H,Freiburg
2526,St Pauli,2026-01-14,Bundesliga,A,Wolfsburg
2526,Wolfsburg,2026-01-14,Bundesliga,H,St Pauli
2526,Augsburg,2026-01-15,Bundesliga,H,Union Berlin
2526,Union Berlin,2026-01-15,Bundesliga,A,Augsburg
2526,Ein Frankfurt,2026-01-16,Bundesliga,A,Werder Bremen
2526,Werder Bremen,2026-01-16,Bundesliga,H,Ein Frankfurt
2526,Bayern Munich,2026-01-17,Bundesliga,A,RB Leipzig
2526,Dortmund,2026-01-17,Bundesliga,H,St Pauli
2526,FC Koln,2026-01-17,Bundesliga,H,Mainz
2526,Hamburg,2026-01-17,Bundesliga,H,M'gladbach
2526,Heidenheim,2026-01-17,Bundesliga,A,Wolfsburg
2526,Hoffenheim,2026-01-17,Bundesliga,H,Leverkusen
2526,Leverkusen,2026-01-17,Bundesliga,A,Hoffenheim
2526,M'gladbach,2026-01-17,Bundesliga,A,Hamburg
2526,Mainz,2026-01-17,Bundesliga,A,FC Koln
2526,RB Leipzig,2026-01-17,Bundesliga,H,Bayern Munich
2526,St Pauli,2026-01-17,Bundesliga,A,Dortmund
2526,Wolfsburg,2026-01-17,Bundesliga,H,Heidenheim
2526,Augsburg,2026-01-18,Bundesliga,H,Freiburg
2526,Freiburg,2026-01-18,Bundesliga,A,Augsburg
2526,Stuttgart,2026-01-18,Bundesliga,H,Union Berlin
2526,Union Berlin,2026-01-18,Bundesliga,A,Stuttgart
2526,Dortmund,2026-01-20,Champions League,A,Tottenham
2526,Leverkusen,2026-01-20,Champions League,A,PAE Olympiakos SFP
2526,Bayern Munich,2026-01-21,Champions League,H,Royale Union Saint-Gilloise
2526,Ein Frankfurt,2026-01-21,Champions League,A,Qarabağ Ağdam FK
2526,Freiburg,2026-01-22,Europa League,H,Maccabi Tel Aviv
2526,Stuttgart,2026-01-22,Europa League,A,Roma
2526,Hamburg,2026-01-23,Bundesliga,A,St Pauli
2526,St Pauli,2026-01-23,Bundesliga,H,Hamburg
2526,Augsburg,2026-01-24,Bundesliga,A,Bayern Munich
2526,Bayern Munich,2026-01-24,Bundesliga,H,Augsburg
2526,Dortmund,2026-01-24,Bundesliga,A,Union Berlin
2526,Ein Frankfurt,2026-01-24,Bundesliga,H,Hoffenheim
2526,Heidenheim,2026-01-24,Bundesliga,H,RB Leipzig
2526,Hoffenheim,2026-01-24,Bundesliga,A,Ein Frankfurt
2526,Leverkusen,2026-01-24,Bundesliga,H,Werder Bremen
2526,Mainz,2026-01-24,Bundesliga,H,Wolfsburg
2526,RB Leipzig,2026-01-24,Bundesliga,A,Heidenheim
2526,Union Berlin,2026-01-24,Bundesliga,H,Dortmund
2526,Werder Bremen,2026-01-24,Bundesliga,A,Leverkusen
2526,Wolfsburg,2026-01-24,Bundesliga,A,Mainz
2526,FC Koln,2026-01-25,Bundesliga,A,Freiburg
2526,Freiburg,2026-01-25,Bundesliga,H,FC Koln
2526,M'gladbach,2026-01-25,Bundesliga,H,Stuttgart
2526,Stuttgart,2026-01-25,Bundesliga,A,M'gladbach
2526,Hoffenheim,2026-01-27,Bundesliga,A,Werder Bremen
2526,RB Leipzig,2026-01-27,Bundesliga,A,St Pauli
2526,St Pauli,2026-01-27,Bundesliga,H,RB Leipzig
2526,Werder Bremen,2026-01-27,Bundesliga,H,Hoffenheim
2526,Bayern Munich,2026-01-28,Champions League,A,PSV
2526,Dortmund,2026-01-28,Champions League,H,Inter
2526,Ein Frankfurt,2026-01-28,Champions League,H,Tottenham
2526,Leverkusen,2026-01-28,Champions League,H,Villarreal
2526,Freiburg,2026-01-29,Europa League,A,Lille
2526,Stuttgart,2026-01-29,Europa League,H,Young Boys
2526,FC Koln,2026-01-30,Bundesliga,H,Wolfsburg
2526,Wolfsburg,2026-01-30,Bundesliga,A,FC Koln
2526,Augsburg,2026-01-31,Bundesliga,H,St Pauli
2526,Bayern Munich,2026-01-31,Bundesliga,A,Hamburg
2526,Ein Frankfurt,2026-01-31,Bundesliga,H,Leverkusen
2526,Hamburg,2026-01-31,Bundesliga,H,Bayern Munich
2526,Hoffenheim,2026-01-31,Bundesliga,H,Union Berlin
2526,Leverkusen,2026-01-31,Bundesliga,A,Ein Frankfurt
2526,M'gladbach,2026-01-31,Bundesliga,A,Werder Bremen
2526,Mainz,2026-01-31,Bundesliga,A,RB Leipzig
2526,RB Leipzig,2026-01-31,Bundesliga,H,Mainz
2526,St Pauli,2026-01-31,Bundesliga,A,Augsburg
2526,Union Berlin,2026-01-31,Bundesliga,A,Hoffenheim
2526,Werder Bremen,2026-01-31,Bundesliga,H,M'gladbach
2526,Dortmund,2026-02-01,Bundesliga,H,Heidenheim
2526,Freiburg,2026-02-01,Bundesliga,A,Stuttgart
2526,Heidenheim,2026-02-01,Bundesliga,A,Dortmund
2526,Stuttgart,2026-02-01,Bundesliga,H,Freiburg
2526,Leverkusen,2026-02-03,DFB-Pokal,H,St Pauli
2526,St Pauli,2026-02-03,DFB-Pokal,A,Leverkusen
2526,Holstein Kiel,2026-02-04,DFB-Pokal,H,Stuttgart
2526,Stuttgart,2026-02-04,DFB-Pokal,A,Holstein Kiel
2526,Ein Frankfurt,2026-02-06,Bundesliga,A,Union Berlin
2526,Union Berlin,2026-02-06,Bundesliga,H,Ein Frankfurt
2526,Augsburg,2026-02-07,Bundesliga,A,Mainz
2526,Dortmund,2026-02-07,Bundesliga,A,Wolfsburg
2526,Freiburg,2026-02-07,Bundesliga,H,Werder Bremen
2526,Hamburg,2026-02-07,Bundesliga,A,Heidenheim
2526,Heidenheim,2026-02-07,Bundesliga,H,Hamburg
2526,Leverkusen,2026-02-07,Bundesliga,A,M'gladbach
2526,M'gladbach,2026-02-07,Bundesliga,H,Leverkusen
2526,Mainz,2026-02-07,Bundesliga,H,Augsburg
2526,St Pauli,2026-02-07,Bundesliga,H,Stuttgart
2526,Stuttgart,2026-02-07,Bundesliga,A,St Pauli
2526,Werder Bremen,2026-02-07,Bundesliga,A,Freiburg
2526,Wolfsburg,2026-02-07,Bundesliga,H,Dortmund
2526,Bayern Munich,2026-02-08,Bundesliga,H,Hoffenheim
2526,FC Koln,2026-02-08,Bundesliga,H,RB Leipzig
2526,Hoffenheim,2026-02-08,Bundesliga,A,Bayern Munich
2526,RB Leipzig,2026-02-08,Bundesliga,A,FC Koln
2526,Freiburg,2026-02-10,DFB-Pokal,A,Hertha
2526,Hertha,2026-02-10,DFB-Pokal,H,Freiburg
2526,Bayern Munich,2026-02-11,DFB-Pokal,H,RB Leipzig
2526,RB Leipzig,2026-02-11,DFB-Pokal,A,Bayern Munich
2526,Dortmund,2026-02-13,Bundesliga,H,Mainz
2526,Mainz,2026-02-13,Bundesliga,A,Dortmund
2526,Bayern Munich,2026-02-14,Bundesliga,A,Werder Bremen
2526,Ein Frankfurt,2026-02-14,Bundesliga,H,M'gladbach
2526,FC Koln,2026-02-14,Bundesliga,A,Stuttgart
2526,Freiburg,2026-02-14,Bundesliga,A,Hoffenheim
2526,Hamburg,2026-02-14,Bundesliga,H,Union Berlin
2526,Hoffenheim,2026-02-14,Bundesliga,H,Freiburg
2526,Leverkusen,2026-02-14,Bundesliga,H,St Pauli
2526,M'gladbach,2026-02-14,Bundesliga,A,Ein Frankfurt
2526,St Pauli,2026-02-14,Bundesliga,A,Leverkusen
2526,Stuttgart,2026-02-14,Bundesliga,H,FC Koln
2526,Union Berlin,2026-02-14,Bundesliga,A,Hamburg
2526,Werder Bremen,2026-02-14,Bundesliga,H,Bayern Munich
2526,Augsburg,2026-02-15,Bundesliga,H,Heidenheim
2526,Heidenheim,2026-02-15,Bundesliga,A,Augsburg
2526,RB Leipzig,2026-02-15,Bundesliga,H,Wolfsburg
2526,Wolfsburg,2026-02-15,Bundesliga,A,RB Leipzig
2526,Dortmund,2026-02-17,Champions League,H,Atalanta
2526,Leverkusen,2026-02-18,Champions League,A,PAE Olympiakos SFP
2526,Stuttgart,2026-02-19,Europa League,A,Celtic
2526,Hamburg,2026-02-20,Bundesliga,A,Mainz
2526,Mainz,2026-02-20,Bundesliga,H,Hamburg
2526,Augsburg,2026-02-21,Bundesliga,A,Wolfsburg
2526,Bayern Munich,2026-02-21,Bundesliga,H,Ein Frankfurt
2526,Dortmund,2026-02-21,Bundesliga,A,RB Leipzig
2526,Ein Frankfurt,2026-02-21,Bundesliga,A,Bayern Munich
2526,FC Koln,2026-02-21,Bundesliga,H,Hoffenheim
2526,Hoffenheim,2026-02-21,Bundesliga,A,FC Koln
2526,Leverkusen,2026-02-21,Bundesliga,A,Union Berlin
2526,RB Leipzig,2026-02-21,Bundesliga,H,Dortmund
2526,Union Berlin,2026-02-21,Bundesliga,H,Leverkusen
2526,Wolfsburg,2026-02-21,Bundesliga,H,Augsburg
2526,Freiburg,2026-02-22,Bundesliga,H,M'gladbach
2526,Heidenheim,2026-02-22,Bundesliga,H,Stuttgart
2526,M'gladbach,2026-02-22,Bundesliga,A,Freiburg
2526,St Pauli,2026-02-22,Bundesliga,H,Werder Bremen
2526,Stuttgart,2026-02-22,Bundesliga,A,Heidenheim
2526,Werder Bremen,2026-02-22,Bundesliga,A,St Pauli
2526,Leverkusen,2026-02-24,Champions League,H,PAE Olympiakos SFP
2526,Dortmund,2026-02-25,Champions League,A,Atalanta
2526,Stuttgart,2026-02-26,Europa League,H,Celtic
2526,Augsburg,2026-02-27,Bundesliga,H,FC Koln
2526,FC Koln,2026-02-27,Bundesliga,A,Augsburg
2526,Bayern Munich,2026-02-28,Bundesliga,A,Dortmund
2526,Dortmund,2026-02-28,Bundesliga,H,Bayern Munich
2526,Heidenheim,2026-02-28,Bundesliga,A,Werder Bremen
2526,Hoffenheim,2026-02-28,Bundesliga,H,St Pauli
2526,Leverkusen,2026-02-28,Bundesliga,H,Mainz
2526,M'gladbach,2026-02-28,Bundesliga,H,Union Berlin
2526,Mainz,2026-02-28,Bundesliga,A,Leverkusen
2526,St Pauli,2026-02-28,Bundesliga,A,Hoffenheim
2526,Union Berlin,2026-02-28,Bundesliga,A,M'gladbach
2526,Werder Bremen,2026-02-28,Bundesliga,H,Heidenheim
2526,Ein Frankfurt,2026-03-01,Bundesliga,H,Freiburg
2526,Freiburg,2026-03-01,Bundesliga,A,Ein Frankfurt
2526,Hamburg,2026-03-01,Bundesliga,H,RB Leipzig
2526,RB Leipzig,2026-03-01,Bundesliga,A,Hamburg
2526,Stuttgart,2026-03-01,Bundesliga,H,Wolfsburg
2526,Wolfsburg,2026-03-01,Bundesliga,A,Stuttgart
2526,Hamburg,2026-03-04,Bundesliga,H,Leverkusen
2526,Leverkusen,2026-03-04,Bundesliga,A,Hamburg
2526,Bayern Munich,2026-03-06,Bundesliga,H,M'gladbach
2526,M'gladbach,2026-03-06,Bundesliga,A,Bayern Munich
2526,Augsburg,2026-03-07,Bundesliga,A,RB Leipzig
2526,Dortmund,2026-03-07,Bundesliga,A,FC Koln
2526,FC Koln,2026-03-07,Bundesliga,H,Dortmund
2526,Freiburg,2026-03-07,Bundesliga,H,Leverkusen
2526,Hamburg,2026-03-07,Bundesliga,A,Wolfsburg
2526,Heidenheim,2026-03-07,Bundesliga,H,Hoffenheim
2526,Hoffenheim,2026-03-07,Bundesliga,A,Heidenheim
2526,Leverkusen,2026-03-07,Bundesliga,A,Freiburg
2526,Mainz,2026-03-07,Bundesliga,H,Stuttgart
2526,RB Leipzig,2026-03-07,Bundesliga,H,Augsburg
2526,Stuttgart,2026-03-07,Bundesliga,A,Mainz
2526,Wolfsburg,2026-03-07,Bundesliga,H,Hamburg
2526,Ein Frankfurt,2026-03-08,Bundesliga,A,St Pauli
2526,St Pauli,2026-03-08,Bundesliga,H,Ein Frankfurt
2526,Union Berlin,2026-03-08,Bundesliga,H,Werder Bremen
2526,Werder Bremen,2026-03-08,Bundesliga,A,Union Berlin
2526,Bayern Munich,2026-03-10,Champions League,A,Atalanta
2526,Leverkusen,2026-03-11,Champions League,H,Arsenal
2526,Freiburg,2026-03-12,Europa League,A,Genk
2526,Mainz,2026-03-12,Conference League,A,Sigma Olomouc
2526,Stuttgart,2026-03-12,Europa League,H,Porto
2526,M'gladbach,2026-03-13,Bundesliga,H,St Pauli
2526,St Pauli,2026-03-13,Bundesliga,A,M'gladbach
2526,Augsburg,2026-03-14,Bundesliga,A,Dortmund
2526,Bayern Munich,2026-03-14,Bundesliga,A,Leverkusen
2526,Dortmund,2026-03-14,Bundesliga,H,Augsburg
2526,Ein Frankfurt,2026-03-14,Bundesliga,H,Heidenheim
2526,FC Koln,2026-03-14,Bundesliga,A,Hamburg
2526,Hamburg,2026-03-14,Bundesliga,H,FC Koln
2526,Heidenheim,2026-03-14,Bundesliga,A,Ein Frankfurt
2526,Hoffenheim,2026-03-14,Bundesliga,H,Wolfsburg
2526,Leverkusen,2026-03-14,Bundesliga,H,Bayern Munich
2526,Wolfsburg,2026-03-14,Bundesliga,A,Hoffenheim
2526,Freiburg,2026-03-15,Bundesliga,H,Union Berlin
2526,Mainz,2026-03-15,Bundesliga,A,Werder Bremen
2526,RB Leipzig,2026-03-15,Bundesliga,A,Stuttgart
2526,Stuttgart,2026-03-15,Bundesliga,H,RB Leipzig
2526,Union Berlin,2026-03-15,Bundesliga,A,Freiburg
2526,Werder Bremen,2026-03-15,Bundesliga,H,Mainz
2526,Leverkusen,2026-03-17,Champions League,A,Arsenal
2526,Bayern Munich,2026-03-18,Champions League,H,Atalanta
2526,Freiburg,2026-03-19,Europa League,H,Genk
2526,Mainz,2026-03-19,Conference League,H,Sigma Olomouc
2526,Stuttgart,2026-03-19,Europa League,A,Porto
2526,Hoffenheim,2026-03-20,Bundesliga,A,RB Leipzig
2526,RB Leipzig,2026-03-20,Bundesliga,H,Hoffenheim
2526,Bayern Munich,2026-03-21,Bundesliga,H,Union Berlin
2526,Dortmund,2026-03-21,Bundesliga,H,Hamburg
2526,FC Koln,2026-03-21,Bundesliga,H,M'gladbach
2526,Hamburg,2026-03-21,Bundesliga,A,Dortmund
2526,Heidenheim,2026-03-21,Bundesliga,H,Leverkusen
2526,Leverkusen,2026-03-21,Bundesliga,A,Heidenheim
2526,M'gladbach,2026-03-21,Bundesliga,A,FC Koln
2526,Union Berlin,2026-03-21,Bundesliga,A,Bayern Munich
2526,Werder Bremen,2026-03-21,Bundesliga,A,Wolfsburg
2526,Wolfsburg,2026-03-21,Bundesliga,H,Werder Bremen
2526,Augsburg,2026-03-22,Bundesliga,H,Stuttgart
2526,Ein Frankfurt,2026-03-22,Bundesliga,A,Mainz
2526,Freiburg,2026-03-22,Bundesliga,A,St Pauli
2526,Mainz,2026-03-22,Bundesliga,H,Ein Frankfurt
2526,St Pauli,2026-03-22,Bundesliga,H,Freiburg
2526,Stuttgart,2026-03-22,Bundesliga,A,Augsburg
2526,Augsburg,2026-04-04,Bundesliga,A,Hamburg
2526,Bayern Munich,2026-04-04,Bundesliga,A,Freiburg
2526,Dortmund,2026-04-04,Bundesliga,A,Stuttgart
2526,Freiburg,2026-04-04,Bundesliga,H,Bayern Munich
2526,Hamburg,2026-04-04,Bundesliga,H,Augsburg
2526,Heidenheim,2026-04-04,Bundesliga,A,M'gladbach
2526,Hoffenheim,2026-04-04,Bundesliga,H,Mainz
2526,Leverkusen,2026-04-04,Bundesliga,H,Wolfsburg
2526,M'gladbach,2026-04-04,Bundesliga,H,Heidenheim
2526,Mainz,2026-04-04,Bundesliga,A,Hoffenheim
2526,RB Leipzig,2026-04-04,Bundesliga,A,Werder Bremen
2526,Stuttgart,2026-04-04,Bundesliga,H,Dortmund
2526,Werder Bremen,2026-04-04,Bundesliga,H,RB Leipzig
2526,Wolfsburg,2026-04-04,Bundesliga,A,Leverkusen
2526,Ein Frankfurt,2026-04-05,Bundesliga,H,FC Koln
2526,FC Koln,2026-04-05,Bundesliga,A,Ein Frankfurt
2526,St Pauli,2026-04-05,Bundesliga,A,Union Berlin
2526,Union Berlin,2026-04-05,Bundesliga,H,St Pauli
2526,Bayern Munich,2026-04-07,Champions League,A,Real Madrid
2526,Freiburg,2026-04-09,Europa League,H,Celta Vigo
2526,Mainz,2026-04-09,Conference League,H,Strasbourg
2526,Augsburg,2026-04-10,Bundesliga,H,Hoffenheim
2526,Hoffenheim,2026-04-10,Bundesliga,A,Augsburg
2526,Bayern Munich,2026-04-11,Bundesliga,A,St Pauli
2526,Dortmund,2026-04-11,Bundesliga,H,Leverkusen
2526,Ein Frankfurt,2026-04-11,Bundesliga,A,Wolfsburg
2526,Heidenheim,2026-04-11,Bundesliga,H,Union Berlin
2526,Leverkusen,2026-04-11,Bundesliga,A,Dortmund
2526,M'gladbach,2026-04-11,Bundesliga,A,RB Leipzig
2526,RB Leipzig,2026-04-11,Bundesliga,H,M'gladbach
2526,St Pauli,2026-04-11,Bundesliga,H,Bayern Munich
2526,Union Berlin,2026-04-11,Bundesliga,A,Heidenheim
2526,Wolfsburg,2026-04-11,Bundesliga,H,Ein Frankfurt
2526,FC Koln,2026-04-12,Bundesliga,H,Werder Bremen
2526,Freiburg,2026-04-12,Bundesliga,A,Mainz
2526,Hamburg,2026-04-12,Bundesliga,A,Stuttgart
2526,Mainz,2026-04-12,Bundesliga,H,Freiburg
2526,Stuttgart,2026-04-12,Bundesliga,H,Hamburg
2526,Werder Bremen,2026-04-12,Bundesliga,A,FC Koln
2526,Bayern Munich,2026-04-15,Champions League,H,Real Madrid
2526,Freiburg,2026-04-16,Europa League,A,Celta Vigo
2526,Mainz,2026-04-16,Conference League,A,Strasbourg
2526,FC Koln,2026-04-17,Bundesliga,A,St Pauli
2526,St Pauli,2026-04-17,Bundesliga,H,FC Koln
2526,Augsburg,2026-04-18,Bundesliga,A,Leverkusen
2526,Dortmund,2026-04-18,Bundesliga,A,Hoffenheim
2526,Ein Frankfurt,2026-04-18,Bundesliga,H,RB Leipzig
2526,Hamburg,2026-04-18,Bundesliga,A,Werder Bremen
2526,Hoffenheim,2026-04-18,Bundesliga,H,Dortmund
2526,Leverkusen,2026-04-18,Bundesliga,H,Augsburg
2526,RB Leipzig,2026-04-18,Bundesliga,A,Ein Frankfurt
2526,Union Berlin,2026-04-18,Bundesliga,H,Wolfsburg
2526,Werder Bremen,2026-04-18,Bundesliga,H,Hamburg
2526,Wolfsburg,2026-04-18,Bundesliga,A,Union Berlin
2526,Bayern Munich,2026-04-19,Bundesliga,H,Stuttgart
2526,Freiburg,2026-04-19,Bundesliga,H,Heidenheim
2526,Heidenheim,2026-04-19,Bundesliga,A,Freiburg
2526,M'gladbach,2026-04-19,Bundesliga,H,Mainz
2526,Mainz,2026-04-19,Bundesliga,A,M'gladbach
2526,Stuttgart,2026-04-19,Bundesliga,A,Bayern Munich
2526,Bayern Munich,2026-04-22,DFB-Pokal,A,Leverkusen
2526,Leverkusen,2026-04-22,DFB-Pokal,H,Bayern Munich
2526,Freiburg,2026-04-23,DFB-Pokal,A,Stuttgart
2526,Stuttgart,2026-04-23,DFB-Pokal,H,Freiburg
2526,RB Leipzig,2026-04-24,Bundesliga,H,Union Berlin
2526,Union Berlin,2026-04-24,Bundesliga,A,RB Leipzig
2526,Augsburg,2026-04-25,Bundesliga,H,Ein Frankfurt
2526,Bayern Munich,2026-04-25,Bundesliga,A,Mainz
2526,Ein Frankfurt,2026-04-25,Bundesliga,A,Augsburg
2526,FC Koln,2026-04-25,Bundesliga,H,Leverkusen
2526,Hamburg,2026-04-25,Bundesliga,H,Hoffenheim
2526,Heidenheim,2026-04-25,Bundesliga,H,St Pauli
2526,Hoffenheim,2026-04-25,Bundesliga,A,Hamburg
2526,Leverkusen,2026-04-25,Bundesliga,A,FC Koln
2526,M'gladbach,2026-04-25,Bundesliga,A,Wolfsburg
2526,Mainz,2026-04-25,Bundesliga,H,Bayern Munich
2526,St Pauli,2026-04-25,Bundesliga,A,Heidenheim
2526,Wolfsburg,2026-04-25,Bundesliga,H,M'gladbach
2526,Dortmund,2026-04-26,Bundesliga,H,Freiburg
2526,Freiburg,2026-04-26,Bundesliga,A,Dortmund
2526,Stuttgart,2026-04-26,Bundesliga,H,Werder Bremen
2526,Werder Bremen,2026-04-26,Bundesliga,A,Stuttgart
2526,Bayern Munich,2026-04-28,Champions League,A,Paris SG
2526,Freiburg,2026-04-30,Europa League,A,Braga
2526,Augsburg,2026-05-02,Bundesliga,A,Werder Bremen
2526,Bayern Munich,2026-05-02,Bundesliga,H,Heidenheim
2526,Ein Frankfurt,2026-05-02,Bundesliga,H,Hamburg
2526,FC Koln,2026-05-02,Bundesliga,A,Union Berlin
2526,Hamburg,2026-05-02,Bundesliga,A,Ein Frankfurt
2526,Heidenheim,2026-05-02,Bundesliga,A,Bayern Munich
2526,Hoffenheim,2026-05-02,Bundesliga,H,Stuttgart
2526,Leverkusen,2026-05-02,Bundesliga,H,RB Leipzig
2526,RB Leipzig,2026-05-02,Bundesliga,A,Leverkusen
2526,Stuttgart,2026-05-02,Bundesliga,A,Hoffenheim
2526,Union Berlin,2026-05-02,Bundesliga,H,FC Koln
2526,Werder Bremen,2026-05-02,Bundesliga,H,Augsburg
2526,Dortmund,2026-05-03,Bundesliga,A,M'gladbach
2526,Freiburg,2026-05-03,Bundesliga,H,Wolfsburg
2526,M'gladbach,2026-05-03,Bundesliga,H,Dortmund
2526,Mainz,2026-05-03,Bundesliga,A,St Pauli
2526,St Pauli,2026-05-03,Bundesliga,H,Mainz
2526,Wolfsburg,2026-05-03,Bundesliga,A,Freiburg
2526,Bayern Munich,2026-05-06,Champions League,H,Paris SG
2526,Freiburg,2026-05-07,Europa League,H,Braga
2526,Dortmund,2026-05-08,Bundesliga,H,Ein Frankfurt
2526,Ein Frankfurt,2026-05-08,Bundesliga,A,Dortmund
2526,Augsburg,2026-05-09,Bundesliga,H,M'gladbach
2526,Bayern Munich,2026-05-09,Bundesliga,A,Wolfsburg
2526,Hoffenheim,2026-05-09,Bundesliga,H,Werder Bremen
2526,Leverkusen,2026-05-09,Bundesliga,A,Stuttgart
2526,M'gladbach,2026-05-09,Bundesliga,A,Augsburg
2526,RB Leipzig,2026-05-09,Bundesliga,H,St Pauli
2526,St Pauli,2026-05-09,Bundesliga,A,RB Leipzig
2526,Stuttgart,2026-05-09,Bundesliga,H,Leverkusen
2526,Werder Bremen,2026-05-09,Bundesliga,A,Hoffenheim
2526,Wolfsburg,2026-05-09,Bundesliga,H,Bayern Munich
2526,FC Koln,2026-05-10,Bundesliga,H,Heidenheim
2526,Freiburg,2026-05-10,Bundesliga,A,Hamburg
2526,Hamburg,2026-05-10,Bundesliga,H,Freiburg
2526,Heidenheim,2026-05-10,Bundesliga,A,FC Koln
2526,Mainz,2026-05-10,Bundesliga,H,Union Berlin
2526,Union Berlin,2026-05-10,Bundesliga,A,Mainz
2526,Augsburg,2026-05-16,Bundesliga,A,Union Berlin
2526,Bayern Munich,2026-05-16,Bundesliga,H,FC Koln
2526,Dortmund,2026-05-16,Bundesliga,A,Werder Bremen
2526,Ein Frankfurt,2026-05-16,Bundesliga,H,Stuttgart
2526,FC Koln,2026-05-16,Bundesliga,A,Bayern Munich
2526,Freiburg,2026-05-16,Bundesliga,H,RB Leipzig
2526,Hamburg,2026-05-16,Bundesliga,A,Leverkusen
2526,Heidenheim,2026-05-16,Bundesliga,H,Mainz
2526,Hoffenheim,2026-05-16,Bundesliga,A,M'gladbach
2526,Leverkusen,2026-05-16,Bundesliga,H,Hamburg
2526,M'gladbach,2026-05-16,Bundesliga,H,Hoffenheim
2526,Mainz,2026-05-16,Bundesliga,A,Heidenheim
2526,RB Leipzig,2026-05-16,Bundesliga,A,Freiburg
2526,St Pauli,2026-05-16,Bundesliga,H,Wolfsburg
2526,Stuttgart,2026-05-16,Bundesliga,A,Ein Frankfurt
2526,Union Berlin,2026-05-16,Bundesliga,H,Augsburg
2526,Werder Bremen,2026-05-16,Bundesliga,H,Dortmund
2526,Wolfsburg,2026-05-16,Bundesliga,A,St Pauli
2526,Freiburg,2026-05-20,Europa League,H,Aston Villa
2526,Bayern Munich,2026-05-23,DFB-Pokal,H,Stuttgart
2526,Stuttgart,2026-05-23,DFB-Pokal,A,Bayern Munich
