Competizione,Turno,Data,Casa,Ospite,Lato,Squadra,Modulo,Gruppo,Ordine,Numero,Giocatore,Ruolo,Rating,Entrato al,Uscito al,ID partita
Coppa di Francia,32esimi di finale,19.12.2025,Canet Roussillon,Montpellier,Casa,Canet Roussillon,4-2-3-1,Titolare,1,1,Graves D.,Portiere,7.6,,,ENdFhWIr
Coppa di Francia,32esimi di finale,19.12.2025,Canet Roussillon,Montpellier,Casa,Canet Roussillon,4-2-3-1,Titolare,2,2,Zerkoune A.,,7.2,,,ENdFhWIr
Coppa di Francia,32esimi di finale,19.12.2025,Canet Roussillon,Montpellier,Casa,Canet Roussillon,4-2-3-1,Titolare,3,6,Algrin T.,,6.1,,,ENdFhWIr
Coppa di Francia,32esimi di finale,19.12.2025,Canet Roussillon,Montpellier,Casa,Canet Roussillon,4-2-3-1,Titolare,4,5,Decker V.,,6.2,,,ENdFhWIr
Coppa di Francia,32esimi di finale,19.12.2025,Canet Roussillon,Montpellier,Casa,Canet Roussillon,4-2-3-1,Titolare,5,3,Bonneil P.,,6.4,,,ENdFhWIr
Coppa di Francia,32esimi di finale,19.12.2025,Canet Roussillon,Montpellier,Casa,Canet Roussillon,4-2-3-1,Titolare,6,4,Thomas R.,,6.1,,86',ENdFhWIr
Coppa di Francia,32esimi di finale,19.12.2025,Canet Roussillon,Montpellier,Casa,Canet Roussillon,4-2-3-1,Titolare,7,8,Fievez T.,,6.4,,,ENdFhWIr
Coppa di Francia,32esimi di finale,19.12.2025,Canet Roussillon,Montpellier,Casa,Canet Roussillon,4-2-3-1,Titolare,8,11,Chaubet L.,,5.5,,60',ENdFhWIr
Coppa di Francia,32esimi di finale,19.12.2025,Canet Roussillon,Montpellier,Casa,Canet Roussillon,4-2-3-1,Titolare,9,7,El Khiar S.,,6.7,,61',ENdFhWIr
Coppa di Francia,32esimi di finale,19.12.2025,Canet Roussillon,Montpellier,Casa,Canet Roussillon,4-2-3-1,Titolare,10,10,Kingue B.,,5.5,,,ENdFhWIr
Coppa di Francia,32esimi di finale,19.12.2025,Canet Roussillon,Montpellier,Casa,Canet Roussillon,4-2-3-1,Titolare,11,9,Mboup I.,,5.5,,78',ENdFhWIr
Coppa di Francia,32esimi di finale,19.12.2025,Canet Roussillon,Montpellier,Casa,Canet Roussillon,4-2-3-1,Panchina,1,12,Akakpo C.,,,,,ENdFhWIr
Coppa di Francia,32esimi di finale,19.12.2025,Canet Roussillon,Montpellier,Casa,Canet Roussillon,4-2-3-1,Panchina,2,14,Baudin H.,,,,,ENdFhWIr
Coppa di Francia,32esimi di finale,19.12.2025,Canet Roussillon,Montpellier,Casa,Canet Roussillon,4-2-3-1,Panchina,3,15,Dembele Y.,,6.7,78',,ENdFhWIr
Coppa di Francia,32esimi di finale,19.12.2025,Canet Roussillon,Montpellier,Casa,Canet Roussillon,4-2-3-1,Panchina,4,16,Diamanka A.,Portiere,,,,ENdFhWIr
Coppa di Francia,32esimi di finale,19.12.2025,Canet Roussillon,Montpellier,Casa,Canet Roussillon,4-2-3-1,Panchina,5,13,Dorso F.,,,,,ENdFhWIr
Coppa di Francia,32esimi di finale,19.12.2025,Canet Roussillon,Montpellier,Casa,Canet Roussillon,4-2-3-1,Panchina,6,19,Mahamat B.,,5.9,60',,ENdFhWIr
Coppa di Francia,32esimi di finale,19.12.2025,Canet Roussillon,Montpellier,Casa,Canet Roussillon,4-2-3-1,Panchina,7,17,Malpon K.,,6.3,61',,ENdFhWIr
Coppa di Francia,32esimi di finale,19.12.2025,Canet Roussillon,Montpellier,Casa,Canet Roussillon,4-2-3-1,Panchina,8,18,Pujos J.,,,,,ENdFhWIr
Coppa di Francia,32esimi di finale,19.12.2025,Canet Roussillon,Montpellier,Casa,Canet Roussillon,4-2-3-1,Panchina,9,20,Saint-Germain C.,,,86',,ENdFhWIr
Coppa di Francia,32esimi di finale,19.12.2025,Canet Roussillon,Montpellier,Ospite,Montpellier,4-2-3-1,Titolare,1,1,Michel M.,Portiere,6.9,,,ENdFhWIr
Coppa di Francia,32esimi di finale,19.12.2025,Canet Roussillon,Montpellier,Ospite,Montpellier,4-2-3-1,Titolare,2,2,Tchato E.,,7.1,,,ENdFhWIr
Coppa di Francia,32esimi di finale,19.12.2025,Canet Roussillon,Montpellier,Ospite,Montpellier,4-2-3-1,Titolare,3,5,Omeragic B.,Capitano,6.7,,,ENdFhWIr
Coppa di Francia,32esimi di finale,19.12.2025,Canet Roussillon,Montpellier,Ospite,Montpellier,4-2-3-1,Titolare,4,6,Jullien C.,,7.2,,,ENdFhWIr
Coppa di Francia,32esimi di finale,19.12.2025,Canet Roussillon,Montpellier,Ospite,Montpellier,4-2-3-1,Titolare,5,3,Mincarelli L.,,8.1,,,ENdFhWIr
Coppa di Francia,32esimi di finale,19.12.2025,Canet Roussillon,Montpellier,Ospite,Montpellier,4-2-3-1,Titolare,6,4,Mouanga Y.,,7.6,,59',ENdFhWIr
Coppa di Francia,32esimi di finale,19.12.2025,Canet Roussillon,Montpellier,Ospite,Montpellier,4-2-3-1,Titolare,7,7,Junior Pereira da Silva E.,,7.4,,,ENdFhWIr
Coppa di Francia,32esimi di finale,19.12.2025,Canet Roussillon,Montpellier,Ospite,Montpellier,4-2-3-1,Titolare,8,10,Pays N.,,7.4,,,ENdFhWIr
Coppa di Francia,32esimi di finale,19.12.2025,Canet Roussillon,Montpellier,Ospite,Montpellier,4-2-3-1,Titolare,9,11,Savanier T.,,9.0,,,ENdFhWIr
Coppa di Francia,32esimi di finale,19.12.2025,Canet Roussillon,Montpellier,Ospite,Montpellier,4-2-3-1,Titolare,10,8,Orakpo V.,,6.5,,,ENdFhWIr
Coppa di Francia,32esimi di finale,19.12.2025,Canet Roussillon,Montpellier,Ospite,Montpellier,4-2-3-1,Titolare,11,9,Mendy A.,,7.3,,,ENdFhWIr
Coppa di Francia,32esimi di finale,19.12.2025,Canet Roussillon,Montpellier,Ospite,Montpellier,4-2-3-1,Panchina,1,16,Dzodic V.,Portiere,,,,ENdFhWIr
Coppa di Francia,32esimi di finale,19.12.2025,Canet Roussillon,Montpellier,Ospite,Montpellier,4-2-3-1,Panchina,2,14,Ebener A.,,,,,ENdFhWIr
Coppa di Francia,32esimi di finale,19.12.2025,Canet Roussillon,Montpellier,Ospite,Montpellier,4-2-3-1,Panchina,3,18,El Hannach N.,,,,,ENdFhWIr
Coppa di Francia,32esimi di finale,19.12.2025,Canet Roussillon,Montpellier,Ospite,Montpellier,4-2-3-1,Panchina,4,20,Gueguin A.,,,,,ENdFhWIr
Coppa di Francia,32esimi di finale,19.12.2025,Canet Roussillon,Montpellier,Ospite,Montpellier,4-2-3-1,Panchina,5,12,Issoufou Y.,,6.5,59',,ENdFhWIr
Coppa di Francia,32esimi di finale,19.12.2025,Canet Roussillon,Montpellier,Ospite,Montpellier,4-2-3-1,Panchina,6,19,Mohamed I.,,,,,ENdFhWIr
Coppa di Francia,32esimi di finale,19.12.2025,Canet Roussillon,Montpellier,Ospite,Montpellier,4-2-3-1,Panchina,7,15,Ndiaye J.,,,,,ENdFhWIr
Coppa di Francia,32esimi di finale,19.12.2025,Canet Roussillon,Montpellier,Ospite,Montpellier,4-2-3-1,Panchina,8,17,Vidal-Cartoux N.,,,,,ENdFhWIr
Coppa di Francia,32esimi di finale,19.12.2025,Canet Roussillon,Montpellier,Ospite,Montpellier,4-2-3-1,Panchina,9,13,Zeghadi M.,,,,,ENdFhWIr
Coppa di Francia,32esimi di finale,19.12.2025,Perigny,Le Mans,Casa,Perigny,5-3-2,Titolare,1,1,Baudry E.,Portiere,7.1,,,txNHmpyn
Coppa di Francia,32esimi di finale,19.12.2025,Perigny,Le Mans,Casa,Perigny,5-3-2,Titolare,2,11,Jolivet W.,,6.5,,,txNHmpyn
Coppa di Francia,32esimi di finale,19.12.2025,Perigny,Le Mans,Casa,Perigny,5-3-2,Titolare,3,2,Aboubakar O.,,5.7,,,txNHmpyn
Coppa di Francia,32esimi di finale,19.12.2025,Perigny,Le Mans,Casa,Perigny,5-3-2,Titolare,4,5,Servant C.,,5.9,,,txNHmpyn
Coppa di Francia,32esimi di finale,19.12.2025,Perigny,Le Mans,Casa,Perigny,5-3-2,Titolare,5,4,Courthes C.,,6.5,,81',txNHmpyn
Coppa di Francia,32esimi di finale,19.12.2025,Perigny,Le Mans,Casa,Perigny,5-3-2,Titolare,6,3,Paille M.,,7.1,,,txNHmpyn
Coppa di Francia,32esimi di finale,19.12.2025,Perigny,Le Mans,Casa,Perigny,5-3-2,Titolare,7,7,Kahramanca K.,,5.9,,68',txNHmpyn
Coppa di Francia,32esimi di finale,19.12.2025,Perigny,Le Mans,Casa,Perigny,5-3-2,Titolare,8,6,Christopher G.,,6.4,,,txNHmpyn
Coppa di Francia,32esimi di finale,19.12.2025,Perigny,Le Mans,Casa,Perigny,5-3-2,Titolare,9,8,Rousseau R.,Capitano,6.1,,,txNHmpyn
Coppa di Francia,32esimi di finale,19.12.2025,Perigny,Le Mans,Casa,Perigny,5-3-2,Titolare,10,10,Devaux M.,,5.6,,68',txNHmpyn
Coppa di Francia,32esimi di finale,19.12.2025,Perigny,Le Mans,Casa,Perigny,5-3-2,Titolare,11,9,Burgeaud R.,,5.0,,81',txNHmpyn
Coppa di Francia,32esimi di finale,19.12.2025,Perigny,Le Mans,Casa,Perigny,5-3-2,Panchina,1,12,Castel M.,,,,,txNHmpyn
Coppa di Francia,32esimi di finale,19.12.2025,Perigny,Le Mans,Casa,Perigny,5-3-2,Panchina,2,13,Da Silva B.,,,,,txNHmpyn
Coppa di Francia,32esimi di finale,19.12.2025,Perigny,Le Mans,Casa,Perigny,5-3-2,Panchina,3,14,Delouche T.,,,81',,txNHmpyn
Coppa di Francia,32esimi di finale,19.12.2025,Perigny,Le Mans,Casa,Perigny,5-3-2,Panchina,4,17,Faure Q.,,,,,txNHmpyn
Coppa di Francia,32esimi di finale,19.12.2025,Perigny,Le Mans,Casa,Perigny,5-3-2,Panchina,5,15,Juin B.,,6.2,68',,txNHmpyn
Coppa di Francia,32esimi di finale,19.12.2025,Perigny,Le Mans,Casa,Perigny,5-3-2,Panchina,6,16,Karalambakis N.,,,,,txNHmpyn
Coppa di Francia,32esimi di finale,19.12.2025,Perigny,Le Mans,Casa,Perigny,5-3-2,Panchina,7,20,Lambert P.,,,,,txNHmpyn
Coppa di Francia,32esimi di finale,19.12.2025,Perigny,Le Mans,Casa,Perigny,5-3-2,Panchina,8,19,Pitort K.,,,81',,txNHmpyn
Coppa di Francia,32esimi di finale,19.12.2025,Perigny,Le Mans,Casa,Perigny,5-3-2,Panchina,9,18,Thiburce G.,,6.3,68',,txNHmpyn
Coppa di Francia,32esimi di finale,19.12.2025,Perigny,Le Mans,Ospite,Le Mans,3-5-2,Titolare,1,1,Hatfout E.,Portiere,6.8,,,txNHmpyn
Coppa di Francia,32esimi di finale,19.12.2025,Perigny,Le Mans,Ospite,Le Mans,3-5-2,Titolare,2,2,Boisse N.,,6.8,,,txNHmpyn
Coppa di Francia,32esimi di finale,19.12.2025,Perigny,Le Mans,Ospite,Le Mans,3-5-2,Titolare,3,5,Yohou S.,,6.9,,,txNHmpyn
Coppa di Francia,32esimi di finale,19.12.2025,Perigny,Le Mans,Ospite,Le Mans,3-5-2,Titolare,4,3,Cossier I.,,6.8,,,txNHmpyn
Coppa di Francia,32esimi di finale,19.12.2025,Perigny,Le Mans,Ospite,Le Mans,3-5-2,Titolare,5,7,Buades L.,,7.8,,,txNHmpyn
Coppa di Francia,32esimi di finale,19.12.2025,Perigny,Le Mans,Ospite,Le Mans,3-5-2,Titolare,6,4,Hammoudi I.,,6.5,,61',txNHmpyn
Coppa di Francia,32esimi di finale,19.12.2025,Perigny,Le Mans,Ospite,Le Mans,3-5-2,Titolare,7,8,Rossignol M.,,7.7,,82',txNHmpyn
Coppa di Francia,32esimi di finale,19.12.2025,Perigny,Le Mans,Ospite,Le Mans,3-5-2,Titolare,8,6,Quarshie E.,Capitano,7.4,,,txNHmpyn
Coppa di Francia,32esimi di finale,19.12.2025,Perigny,Le Mans,Ospite,Le Mans,3-5-2,Titolare,9,11,Abanda L.,,6.5,,61',txNHmpyn
Coppa di Francia,32esimi di finale,19.12.2025,Perigny,Le Mans,Ospite,Le Mans,3-5-2,Titolare,10,10,Luvambo T.,,7.4,,70',txNHmpyn
Coppa di Francia,32esimi di finale,19.12.2025,Perigny,Le Mans,Ospite,Le Mans,3-5-2,Titolare,11,9,Gueye D.,,6.6,,61',txNHmpyn
Coppa di Francia,32esimi di finale,19.12.2025,Perigny,Le Mans,Ospite,Le Mans,3-5-2,Panchina,1,18,Caro T.,,,,,txNHmpyn
Coppa di Francia,32esimi di finale,19.12.2025,Perigny,Le Mans,Ospite,Le Mans,3-5-2,Panchina,2,14,Guillaume B.,,6.4,61',,txNHmpyn
Coppa di Francia,32esimi di finale,19.12.2025,Perigny,Le Mans,Ospite,Le Mans,3-5-2,Panchina,3,16,Kocik N.,Portiere,,,,txNHmpyn
Coppa di Francia,32esimi di finale,19.12.2025,Perigny,Le Mans,Ospite,Le Mans,3-5-2,Panchina,4,15,Lauray A.,,,82',,txNHmpyn
Coppa di Francia,32esimi di finale,19.12.2025,Perigny,Le Mans,Ospite,Le Mans,3-5-2,Panchina,5,13,Oggad B.,,7.2,61',,txNHmpyn
Coppa di Francia,32esimi di finale,19.12.2025,Perigny,Le Mans,Ospite,Le Mans,3-5-2,Panchina,6,19,Rabillard A.,,6.5,70',,txNHmpyn
Coppa di Francia,32esimi di finale,19.12.2025,Perigny,Le Mans,Ospite,Le Mans,3-5-2,Panchina,7,12,Ribelin A.,,,,,txNHmpyn
Coppa di Francia,32esimi di finale,19.12.2025,Perigny,Le Mans,Ospite,Le Mans,3-5-2,Panchina,8,17,Robin M.,,7.9,61',,txNHmpyn
Coppa di Francia,32esimi di finale,19.12.2025,Perigny,Le Mans,Ospite,Le Mans,3-5-2,Panchina,9,20,Voyer H.,,,,,txNHmpyn
Coppa di Francia,32esimi di finale,19.12.2025,IC Croix,Reims,Casa,IC Croix,4-3-3,Titolare,1,1,Vincent T.,Portiere,4.6,,,ryzrBvZ9
Coppa di Francia,32esimi di finale,19.12.2025,IC Croix,Reims,Casa,IC Croix,4-3-3,Titolare,2,2,Ouraghi K.,,4.3,,,ryzrBvZ9
Coppa di Francia,32esimi di finale,19.12.2025,IC Croix,Reims,Casa,IC Croix,4-3-3,Titolare,3,5,Cal C.,,6.3,,,ryzrBvZ9
Coppa di Francia,32esimi di finale,19.12.2025,IC Croix,Reims,Casa,IC Croix,4-3-3,Titolare,4,4,Robert H.,Capitano,4.4,,,ryzrBvZ9
Coppa di Francia,32esimi di finale,19.12.2025,IC Croix,Reims,Casa,IC Croix,4-3-3,Titolare,5,3,Lesage A.,,5.5,,,ryzrBvZ9
Coppa di Francia,32esimi di finale,19.12.2025,IC Croix,Reims,Casa,IC Croix,4-3-3,Titolare,6,8,Oumedjeber S.,,5.2,,,ryzrBvZ9
Coppa di Francia,32esimi di finale,19.12.2025,IC Croix,Reims,Casa,IC Croix,4-3-3,Titolare,7,6,Vanbaleghem V.,,6.3,,,ryzrBvZ9
Coppa di Francia,32esimi di finale,19.12.2025,IC Croix,Reims,Casa,IC Croix,4-3-3,Titolare,8,10,Coppin T.,,6.5,,69',ryzrBvZ9
Coppa di Francia,32esimi di finale,19.12.2025,IC Croix,Reims,Casa,IC Croix,4-3-3,Titolare,9,9,Burnel R.,,5.8,,69',ryzrBvZ9
Coppa di Francia,32esimi di finale,19.12.2025,IC Croix,Reims,Casa,IC Croix,4-3-3,Titolare,10,7,Habbas R.,,6.5,,,ryzrBvZ9
Coppa di Francia,32esimi di finale,19.12.2025,IC Croix,Reims,Casa,IC Croix,4-3-3,Titolare,11,11,Bouzar A.,,6.1,,,ryzrBvZ9
Coppa di Francia,32esimi di finale,19.12.2025,IC Croix,Reims,Casa,IC Croix,4-3-3,Panchina,1,19,Bennekrouf S.,,,,,ryzrBvZ9
Coppa di Francia,32esimi di finale,19.12.2025,IC Croix,Reims,Casa,IC Croix,4-3-3,Panchina,2,13,Garcia A.,,,,,ryzrBvZ9
Coppa di Francia,32esimi di finale,19.12.2025,IC Croix,Reims,Casa,IC Croix,4-3-3,Panchina,3,15,Lachaab M.,,6.2,69',,ryzrBvZ9
Coppa di Francia,32esimi di finale,19.12.2025,IC Croix,Reims,Casa,IC Croix,4-3-3,Panchina,4,20,Lorthiois L.,,,,,ryzrBvZ9
Coppa di Francia,32esimi di finale,19.12.2025,IC Croix,Reims,Casa,IC Croix,4-3-3,Panchina,5,14,Louchart M.,,,,,ryzrBvZ9
Coppa di Francia,32esimi di finale,19.12.2025,IC Croix,Reims,Casa,IC Croix,4-3-3,Panchina,6,16,Marchione G.,Portiere,,,,ryzrBvZ9
Coppa di Francia,32esimi di finale,19.12.2025,IC Croix,Reims,Casa,IC Croix,4-3-3,Panchina,7,17,Mendes B.,,,,,ryzrBvZ9
Coppa di Francia,32esimi di finale,19.12.2025,IC Croix,Reims,Casa,IC Croix,4-3-3,Panchina,8,12,Obino B.,,6.2,69',,ryzrBvZ9
Coppa di Francia,32esimi di finale,19.12.2025,IC Croix,Reims,Casa,IC Croix,4-3-3,Panchina,9,18,Vankelst M.,,,,,ryzrBvZ9
Coppa di Francia,32esimi di finale,19.12.2025,IC Croix,Reims,Ospite,Reims,4-2-3-1,Titolare,1,1,Olliero A.,Portiere,6.9,,,ryzrBvZ9
Coppa di Francia,32esimi di finale,19.12.2025,IC Croix,Reims,Ospite,Reims,4-2-3-1,Titolare,2,3,Sekine H.,,8.5,,,ryzrBvZ9
Coppa di Francia,32esimi di finale,19.12.2025,IC Croix,Reims,Ospite,Reims,4-2-3-1,Titolare,3,2,Elie,,8.5,,,ryzrBvZ9
Coppa di Francia,32esimi di finale,19.12.2025,IC Croix,Reims,Ospite,Reims,4-2-3-1,Titolare,4,5,Pallois N.,Capitano,8.4,,,ryzrBvZ9
Coppa di Francia,32esimi di finale,19.12.2025,IC Croix,Reims,Ospite,Reims,4-2-3-1,Titolare,5,4,Busi M.,,6.9,,46',ryzrBvZ9
Coppa di Francia,32esimi di finale,19.12.2025,IC Croix,Reims,Ospite,Reims,4-2-3-1,Titolare,6,8,Zabi P.,,7.9,,61',ryzrBvZ9
Coppa di Francia,32esimi di finale,19.12.2025,IC Croix,Reims,Ospite,Reims,4-2-3-1,Titolare,7,6,Leoni T.,,8.0,,62',ryzrBvZ9
Coppa di Francia,32esimi di finale,19.12.2025,IC Croix,Reims,Ospite,Reims,4-2-3-1,Titolare,8,9,Bojang A.,,7.9,,,ryzrBvZ9
Coppa di Francia,32esimi di finale,19.12.2025,IC Croix,Reims,Ospite,Reims,4-2-3-1,Titolare,9,10,Teuma T.,,8.8,,77',ryzrBvZ9
Coppa di Francia,32esimi di finale,19.12.2025,IC Croix,Reims,Ospite,Reims,4-2-3-1,Titolare,10,11,Diarra T.,,7.4,,62',ryzrBvZ9
Coppa di Francia,32esimi di finale,19.12.2025,IC Croix,Reims,Ospite,Reims,4-2-3-1,Titolare,11,7,Bassette N.,,7.8,,,ryzrBvZ9
Coppa di Francia,32esimi di finale,19.12.2025,IC Croix,Reims,Ospite,Reims,4-2-3-1,Panchina,1,12,Debondt M.,,7.0,46',,ryzrBvZ9
Coppa di Francia,32esimi di finale,19.12.2025,IC Croix,Reims,Ospite,Reims,4-2-3-1,Panchina,2,20,Demoncy Y.,,6.4,77',,ryzrBvZ9
Coppa di Francia,32esimi di finale,19.12.2025,IC Croix,Reims,Ospite,Reims,4-2-3-1,Panchina,3,15,Gbane M.,,,,,ryzrBvZ9
Coppa di Francia,32esimi di finale,19.12.2025,IC Croix,Reims,Ospite,Reims,4-2-3-1,Panchina,4,16,Jaouen E.,Portiere,,,,ryzrBvZ9
Coppa di Francia,32esimi di finale,19.12.2025,IC Croix,Reims,Ospite,Reims,4-2-3-1,Panchina,5,14,Mambuku J.,,,,,ryzrBvZ9
Coppa di Francia,32esimi di finale,19.12.2025,IC Croix,Reims,Ospite,Reims,4-2-3-1,Panchina,6,17,Nakamura K.,,,,,ryzrBvZ9
Coppa di Francia,32esimi di finale,19.12.2025,IC Croix,Reims,Ospite,Reims,4-2-3-1,Panchina,7,13,Patrick J.,,7.0,62',,ryzrBvZ9
Coppa di Francia,32esimi di finale,19.12.2025,IC Croix,Reims,Ospite,Reims,4-2-3-1,Panchina,8,19,Salama A.,,6.9,62',,ryzrBvZ9
Coppa di Francia,32esimi di finale,19.12.2025,IC Croix,Reims,Ospite,Reims,4-2-3-1,Panchina,9,18,Tia A.,,6.8,61',,ryzrBvZ9
Coppa di Francia,32esimi di finale,19.12.2025,Guingamp,Laval,Casa,Guingamp,4-4-2,Titolare,1,1,Ortola A.,Portiere,6.2,,,pQTMS30C
Coppa di Francia,32esimi di finale,19.12.2025,Guingamp,Laval,Casa,Guingamp,4-4-2,Titolare,2,2,Koffi E.,,6.8,,,pQTMS30C
Coppa di Francia,32esimi di finale,19.12.2025,Guingamp,Laval,Casa,Guingamp,4-4-2,Titolare,3,7,Gomis D.,,8.1,,,pQTMS30C
Coppa di Francia,32esimi di finale,19.12.2025,Guingamp,Laval,Casa,Guingamp,4-4-2,Titolare,4,5,Nair S.,,7.4,,,pQTMS30C
Coppa di Francia,32esimi di finale,19.12.2025,Guingamp,Laval,Casa,Guingamp,4-4-2,Titolare,5,3,Matumona J.,,6.0,,62',pQTMS30C
Coppa di Francia,32esimi di finale,19.12.2025,Guingamp,Laval,Casa,Guingamp,4-4-2,Titolare,6,11,Sagna A.,,7.3,,,pQTMS30C
Coppa di Francia,32esimi di finale,19.12.2025,Guingamp,Laval,Casa,Guingamp,4-4-2,Titolare,7,8,Sidibe K.,,6.9,,,pQTMS30C
Coppa di Francia,32esimi di finale,19.12.2025,Guingamp,Laval,Casa,Guingamp,4-4-2,Titolare,8,4,Louiserre D.,Capitano,7.0,,,pQTMS30C
Coppa di Francia,32esimi di finale,19.12.2025,Guingamp,Laval,Casa,Guingamp,4-4-2,Titolare,9,10,Ott G.,,6.8,,72',pQTMS30C
Coppa di Francia,32esimi di finale,19.12.2025,Guingamp,Laval,Casa,Guingamp,4-4-2,Titolare,10,6,Ahile T.,,6.4,,62',pQTMS30C
Coppa di Francia,32esimi di finale,19.12.2025,Guingamp,Laval,Casa,Guingamp,4-4-2,Titolare,11,9,Kielt S.,,6.1,,,pQTMS30C
Coppa di Francia,32esimi di finale,19.12.2025,Guingamp,Laval,Casa,Guingamp,4-4-2,Panchina,1,16,Bartouche-Selbonne T.,Portiere,,,,pQTMS30C
Coppa di Francia,32esimi di finale,19.12.2025,Guingamp,Laval,Casa,Guingamp,4-4-2,Panchina,2,14,Demouchy A.,,,,,pQTMS30C
Coppa di Francia,32esimi di finale,19.12.2025,Guingamp,Laval,Casa,Guingamp,4-4-2,Panchina,3,18,Diakite I.,,,,,pQTMS30C
Coppa di Francia,32esimi di finale,19.12.2025,Guingamp,Laval,Casa,Guingamp,4-4-2,Panchina,4,15,Gassama E.,,,,,pQTMS30C
Coppa di Francia,32esimi di finale,19.12.2025,Guingamp,Laval,Casa,Guingamp,4-4-2,Panchina,5,12,Mafouta L.,,6.3,62',,pQTMS30C
Coppa di Francia,32esimi di finale,19.12.2025,Guingamp,Laval,Casa,Guingamp,4-4-2,Panchina,6,19,Matondo J.,,,,,pQTMS30C
Coppa di Francia,32esimi di finale,19.12.2025,Guingamp,Laval,Casa,Guingamp,4-4-2,Panchina,7,20,Miraoui I.,,,,,pQTMS30C
Coppa di Francia,32esimi di finale,19.12.2025,Guingamp,Laval,Casa,Guingamp,4-4-2,Panchina,8,13,Njoya Y.,,6.4,72',,pQTMS30C
Coppa di Francia,32esimi di finale,19.12.2025,Guingamp,Laval,Casa,Guingamp,4-4-2,Panchina,9,17,Ourega D.,,6.0,62',,pQTMS30C
Coppa di Francia,32esimi di finale,19.12.2025,Guingamp,Laval,Ospite,Laval,4-5-1,Titolare,1,1,Hautbois M.,Portiere,7.3,,,pQTMS30C
Coppa di Francia,32esimi di finale,19.12.2025,Guingamp,Laval,Ospite,Laval,4-5-1,Titolare,2,7,Vargas T.,,6.5,,,pQTMS30C
Coppa di Francia,32esimi di finale,19.12.2025,Guingamp,Laval,Ospite,Laval,4-5-1,Titolare,3,4,Ouaneh P.,,7.3,,,pQTMS30C
Coppa di Francia,32esimi di finale,19.12.2025,Guingamp,Laval,Ospite,Laval,4-5-1,Titolare,4,3,Bianda W.,,6.4,,,pQTMS30C
Coppa di Francia,32esimi di finale,19.12.2025,Guingamp,Laval,Ospite,Laval,4-5-1,Titolare,5,5,Samb L.,,7.6,,,pQTMS30C
Coppa di Francia,32esimi di finale,19.12.2025,Guingamp,Laval,Ospite,Laval,4-5-1,Titolare,6,11,Faurand-Tournaire A.,,6.5,,70',pQTMS30C
Coppa di Francia,32esimi di finale,19.12.2025,Guingamp,Laval,Ospite,Laval,4-5-1,Titolare,7,8,Mandouki C.,Capitano,6.7,,,pQTMS30C
Coppa di Francia,32esimi di finale,19.12.2025,Guingamp,Laval,Ospite,Laval,4-5-1,Titolare,8,10,Montet E.,,7.4,,90+3',pQTMS30C
Coppa di Francia,32esimi di finale,19.12.2025,Guingamp,Laval,Ospite,Laval,4-5-1,Titolare,9,6,Benard W.,,6.4,,81',pQTMS30C
Coppa di Francia,32esimi di finale,19.12.2025,Guingamp,Laval,Ospite,Laval,4-5-1,Titolare,10,2,Clavreul E.,,5.4,,70',pQTMS30C
Coppa di Francia,32esimi di finale,19.12.2025,Guingamp,Laval,Ospite,Laval,4-5-1,Titolare,11,9,Tchokounte M.,,5.5,,81',pQTMS30C
Coppa di Francia,32esimi di finale,19.12.2025,Guingamp,Laval,Ospite,Laval,4-5-1,Panchina,1,12,Adilehou M.,,,,,pQTMS30C
Coppa di Francia,32esimi di finale,19.12.2025,Guingamp,Laval,Ospite,Laval,4-5-1,Panchina,2,13,Aradj Y.,,,81',,pQTMS30C
Coppa di Francia,32esimi di finale,19.12.2025,Guingamp,Laval,Ospite,Laval,4-5-1,Panchina,3,20,Beaudouin A.,,,,,pQTMS30C
Coppa di Francia,32esimi di finale,19.12.2025,Guingamp,Laval,Ospite,Laval,4-5-1,Panchina,4,16,Droyaux L.,Portiere,,,,pQTMS30C
Coppa di Francia,32esimi di finale,19.12.2025,Guingamp,Laval,Ospite,Laval,4-5-1,Panchina,5,19,Houdayer M.,,,90+3',,pQTMS30C
Coppa di Francia,32esimi di finale,19.12.2025,Guingamp,Laval,Ospite,Laval,4-5-1,Panchina,6,17,Maddy E.,,6.7,70',,pQTMS30C
Coppa di Francia,32esimi di finale,19.12.2025,Guingamp,Laval,Ospite,Laval,4-5-1,Panchina,7,18,Mupemba N.,,6.3,70',,pQTMS30C
Coppa di Francia,32esimi di finale,19.12.2025,Guingamp,Laval,Ospite,Laval,4-5-1,Panchina,8,14,Pellenard T.,,,,,pQTMS30C
Coppa di Francia,32esimi di finale,19.12.2025,Guingamp,Laval,Ospite,Laval,4-5-1,Panchina,9,15,Sellouki M.,,,81',,pQTMS30C
Coppa di Francia,32esimi di finale,19.12.2025,Les Herbiers,Angers,Casa,Les Herbiers,4-2-3-1,Titolare,1,1,Rempp B.,Portiere,8.4,,,MVlmkcCj
Coppa di Francia,32esimi di finale,19.12.2025,Les Herbiers,Angers,Casa,Les Herbiers,4-2-3-1,Titolare,2,10,Rissonga J.,,6.9,,,MVlmkcCj
Coppa di Francia,32esimi di finale,19.12.2025,Les Herbiers,Angers,Casa,Les Herbiers,4-2-3-1,Titolare,3,6,Kerriou A.,,7.0,,,MVlmkcCj
Coppa di Francia,32esimi di finale,19.12.2025,Les Herbiers,Angers,Casa,Les Herbiers,4-2-3-1,Titolare,4,4,Lopy M.,,7.0,,,MVlmkcCj
Coppa di Francia,32esimi di finale,19.12.2025,Les Herbiers,Angers,Casa,Les Herbiers,4-2-3-1,Titolare,5,3,Tegar A.,,6.4,,,MVlmkcCj
Coppa di Francia,32esimi di finale,19.12.2025,Les Herbiers,Angers,Casa,Les Herbiers,4-2-3-1,Titolare,6,2,Brelivet B.,,5.7,,,MVlmkcCj
Coppa di Francia,32esimi di finale,19.12.2025,Les Herbiers,Angers,Casa,Les Herbiers,4-2-3-1,Titolare,7,7,Lavenant P.,Capitano,6.4,,86',MVlmkcCj
Coppa di Francia,32esimi di finale,19.12.2025,Les Herbiers,Angers,Casa,Les Herbiers,4-2-3-1,Titolare,8,8,Lebas B.,,6.3,,,MVlmkcCj
Coppa di Francia,32esimi di finale,19.12.2025,Les Herbiers,Angers,Casa,Les Herbiers,4-2-3-1,Titolare,9,5,Butrot S.,,6.9,,,MVlmkcCj
Coppa di Francia,32esimi di finale,19.12.2025,Les Herbiers,Angers,Casa,Les Herbiers,4-2-3-1,Titolare,10,11,Vincent A.,,6.0,,78',MVlmkcCj
Coppa di Francia,32esimi di finale,19.12.2025,Les Herbiers,Angers,Casa,Les Herbiers,4-2-3-1,Titolare,11,9,Billy J.,,6.4,,,MVlmkcCj
Coppa di Francia,32esimi di finale,19.12.2025,Les Herbiers,Angers,Casa,Les Herbiers,4-2-3-1,Panchina,1,12,Breton L.,,6.5,78',,MVlmkcCj
Coppa di Francia,32esimi di finale,19.12.2025,Les Herbiers,Angers,Casa,Les Herbiers,4-2-3-1,Panchina,2,13,Denis R.,,,,,MVlmkcCj
Coppa di Francia,32esimi di finale,19.12.2025,Les Herbiers,Angers,Casa,Les Herbiers,4-2-3-1,Panchina,3,17,Fiquet A.,,,,,MVlmkcCj
Coppa di Francia,32esimi di finale,19.12.2025,Les Herbiers,Angers,Casa,Les Herbiers,4-2-3-1,Panchina,4,14,Letard Y.,,,86',,MVlmkcCj
Coppa di Francia,32esimi di finale,19.12.2025,Les Herbiers,Angers,Casa,Les Herbiers,4-2-3-1,Panchina,5,16,Pasture E.,Portiere,,,,MVlmkcCj
Coppa di Francia,32esimi di finale,19.12.2025,Les Herbiers,Angers,Casa,Les Herbiers,4-2-3-1,Panchina,6,15,Sacko M.,,,,,MVlmkcCj
Coppa di Francia,32esimi di finale,19.12.2025,Les Herbiers,Angers,Ospite,Angers,4-2-3-1,Titolare,1,1,Pona O.,Portiere,7.4,,,MVlmkcCj
Coppa di Francia,32esimi di finale,19.12.2025,Les Herbiers,Angers,Ospite,Angers,4-2-3-1,Titolare,2,2,Arcus C.,,6.8,,80',MVlmkcCj
Coppa di Francia,32esimi di finale,19.12.2025,Les Herbiers,Angers,Ospite,Angers,4-2-3-1,Titolare,3,4,Bamba A.,,6.2,,,MVlmkcCj
Coppa di Francia,32esimi di finale,19.12.2025,Les Herbiers,Angers,Ospite,Angers,4-2-3-1,Titolare,4,8,Lefort J.,,8.0,,,MVlmkcCj
Coppa di Francia,32esimi di finale,19.12.2025,Les Herbiers,Angers,Ospite,Angers,4-2-3-1,Titolare,5,3,Hanin F.,,7.9,,85',MVlmkcCj
Coppa di Francia,32esimi di finale,19.12.2025,Les Herbiers,Angers,Ospite,Angers,4-2-3-1,Titolare,6,5,Courcoul M.,,6.8,,,MVlmkcCj
Coppa di Francia,32esimi di finale,19.12.2025,Les Herbiers,Angers,Ospite,Angers,4-2-3-1,Titolare,7,10,Capelle P.,Capitano,6.6,,74',MVlmkcCj
Coppa di Francia,32esimi di finale,19.12.2025,Les Herbiers,Angers,Ospite,Angers,4-2-3-1,Titolare,8,11,Raolisoa L.,,6.3,,,MVlmkcCj
Coppa di Francia,32esimi di finale,19.12.2025,Les Herbiers,Angers,Ospite,Angers,4-2-3-1,Titolare,9,6,Mouton L.,,6.9,,,MVlmkcCj
Coppa di Francia,32esimi di finale,19.12.2025,Les Herbiers,Angers,Ospite,Angers,4-2-3-1,Titolare,10,7,Sbai A.,,6.6,,,MVlmkcCj
Coppa di Francia,32esimi di finale,19.12.2025,Les Herbiers,Angers,Ospite,Angers,4-2-3-1,Titolare,11,9,Peter P.,,5.6,,,MVlmkcCj
Coppa di Francia,32esimi di finale,19.12.2025,Les Herbiers,Angers,Ospite,Angers,4-2-3-1,Panchina,1,20,Biumla E.,,,,,MVlmkcCj
Coppa di Francia,32esimi di finale,19.12.2025,Les Herbiers,Angers,Ospite,Angers,4-2-3-1,Panchina,2,19,Cherif S.,,6.4,74',,MVlmkcCj
Coppa di Francia,32esimi di finale,19.12.2025,Les Herbiers,Angers,Ospite,Angers,4-2-3-1,Panchina,3,12,Garin I.,,,,,MVlmkcCj
Coppa di Francia,32esimi di finale,19.12.2025,Les Herbiers,Angers,Ospite,Angers,4-2-3-1,Panchina,4,13,Gernigon M.,,,,,MVlmkcCj
Coppa di Francia,32esimi di finale,19.12.2025,Les Herbiers,Angers,Ospite,Angers,4-2-3-1,Panchina,5,17,Kalumba J.,,,,,MVlmkcCj
Coppa di Francia,32esimi di finale,19.12.2025,Les Herbiers,Angers,Ospite,Angers,4-2-3-1,Panchina,6,18,Machine L.,,6.4,80',,MVlmkcCj
Coppa di Francia,32esimi di finale,19.12.2025,Les Herbiers,Angers,Ospite,Angers,4-2-3-1,Panchina,7,14,Sinate D.,,,85',,MVlmkcCj
Coppa di Francia,32esimi di finale,19.12.2025,Les Herbiers,Angers,Ospite,Angers,4-2-3-1,Panchina,8,15,Sonnerat-Deschamps N.,,,,,MVlmkcCj
Coppa di Francia,32esimi di finale,19.12.2025,Les Herbiers,Angers,Ospite,Angers,4-2-3-1,Panchina,9,16,Zinga M.,Portiere,,,,MVlmkcCj
Coppa di Francia,32esimi di finale,19.12.2025,Avranches,Brest,Casa,Avranches,5-3-2,Titolare,1,1,Beuve A.,Portiere,6.8,,,UX98duKG
Coppa di Francia,32esimi di finale,19.12.2025,Avranches,Brest,Casa,Avranches,5-3-2,Titolare,2,2,Bansais D.,,6.6,,,UX98duKG
Coppa di Francia,32esimi di finale,19.12.2025,Avranches,Brest,Casa,Avranches,5-3-2,Titolare,3,4,Mbaye B. A.,,6.6,,,UX98duKG
Coppa di Francia,32esimi di finale,19.12.2025,Avranches,Brest,Casa,Avranches,5-3-2,Titolare,4,5,Dudouit E.,,7.3,,,UX98duKG
Coppa di Francia,32esimi di finale,19.12.2025,Avranches,Brest,Casa,Avranches,5-3-2,Titolare,5,3,Bourdin P.,,6.1,,,UX98duKG
Coppa di Francia,32esimi di finale,19.12.2025,Avranches,Brest,Casa,Avranches,5-3-2,Titolare,6,7,Terrien P.,,6.5,,89',UX98duKG
Coppa di Francia,32esimi di finale,19.12.2025,Avranches,Brest,Casa,Avranches,5-3-2,Titolare,7,6,Adeoti J.,,5.4,,,UX98duKG
Coppa di Francia,32esimi di finale,19.12.2025,Avranches,Brest,Casa,Avranches,5-3-2,Titolare,8,8,Boateng C.,,6.2,,,UX98duKG
Coppa di Francia,32esimi di finale,19.12.2025,Avranches,Brest,Casa,Avranches,5-3-2,Titolare,9,10,Pi J.,Capitano,7.7,,,UX98duKG
Coppa di Francia,32esimi di finale,19.12.2025,Avranches,Brest,Casa,Avranches,5-3-2,Titolare,10,11,Lamrabette A.,,6.3,,81',UX98duKG
Coppa di Francia,32esimi di finale,19.12.2025,Avranches,Brest,Casa,Avranches,5-3-2,Titolare,11,9,Sabihi N.,,7.7,,,UX98duKG
Coppa di Francia,32esimi di finale,19.12.2025,Avranches,Brest,Casa,Avranches,5-3-2,Panchina,1,16,Bisson N.,Portiere,,,,UX98duKG
Coppa di Francia,32esimi di finale,19.12.2025,Avranches,Brest,Casa,Avranches,5-3-2,Panchina,2,12,Cisse S.,,,,,UX98duKG
Coppa di Francia,32esimi di finale,19.12.2025,Avranches,Brest,Casa,Avranches,5-3-2,Panchina,3,13,Delestre S.,,,,,UX98duKG
Coppa di Francia,32esimi di finale,19.12.2025,Avranches,Brest,Casa,Avranches,5-3-2,Panchina,4,14,Dicko A.,,,,,UX98duKG
Coppa di Francia,32esimi di finale,19.12.2025,Avranches,Brest,Casa,Avranches,5-3-2,Panchina,5,18,Gesmier K.,,,,,UX98duKG
Coppa di Francia,32esimi di finale,19.12.2025,Avranches,Brest,Casa,Avranches,5-3-2,Panchina,6,20,Le Gendre M.,,,,,UX98duKG
Coppa di Francia,32esimi di finale,19.12.2025,Avranches,Brest,Casa,Avranches,5-3-2,Panchina,7,19,Mazikou S.,,,89',,UX98duKG
Coppa di Francia,32esimi di finale,19.12.2025,Avranches,Brest,Casa,Avranches,5-3-2,Panchina,8,17,Sopromadze Z.,,,81',,UX98duKG
Coppa di Francia,32esimi di finale,19.12.2025,Avranches,Brest,Casa,Avranches,5-3-2,Panchina,9,15,Vincent Labadie E.,,,,,UX98duKG
Coppa di Francia,32esimi di finale,19.12.2025,Avranches,Brest,Ospite,Brest,4-2-3-1,Titolare,1,1,Coudert G.,Portiere,6.7,,,UX98duKG
Coppa di Francia,32esimi di finale,19.12.2025,Avranches,Brest,Ospite,Brest,4-2-3-1,Titolare,2,3,Zogbe L.,,6.8,,62',UX98duKG
Coppa di Francia,32esimi di finale,19.12.2025,Avranches,Brest,Ospite,Brest,4-2-3-1,Titolare,3,5,Le Cardinal J.,Capitano,4.5,,,UX98duKG
Coppa di Francia,32esimi di finale,19.12.2025,Avranches,Brest,Ospite,Brest,4-2-3-1,Titolare,4,4,Diaz Jr. M.,,7.5,,,UX98duKG
Coppa di Francia,32esimi di finale,19.12.2025,Avranches,Brest,Ospite,Brest,4-2-3-1,Titolare,5,2,Locko B.,,6.5,,85',UX98duKG
Coppa di Francia,32esimi di finale,19.12.2025,Avranches,Brest,Ospite,Brest,4-2-3-1,Titolare,6,8,Makalou H.,,6.5,,63',UX98duKG
Coppa di Francia,32esimi di finale,19.12.2025,Avranches,Brest,Ospite,Brest,4-2-3-1,Titolare,7,6,Tousart L.,,7.3,,,UX98duKG
Coppa di Francia,32esimi di finale,19.12.2025,Avranches,Brest,Ospite,Brest,4-2-3-1,Titolare,8,9,Labeau Lascary R.,,6.4,,,UX98duKG
Coppa di Francia,32esimi di finale,19.12.2025,Avranches,Brest,Ospite,Brest,4-2-3-1,Titolare,9,10,Del Castillo R.,,7.4,,,UX98duKG
Coppa di Francia,32esimi di finale,19.12.2025,Avranches,Brest,Ospite,Brest,4-2-3-1,Titolare,10,11,Bourgault J.,,6.4,,23',UX98duKG
Coppa di Francia,32esimi di finale,19.12.2025,Avranches,Brest,Ospite,Brest,4-2-3-1,Titolare,11,7,Balde M.,,6.4,,,UX98duKG
Coppa di Francia,32esimi di finale,19.12.2025,Avranches,Brest,Ospite,Brest,4-2-3-1,Panchina,1,15,Chardonnet B.,,7.1,23',,UX98duKG
Coppa di Francia,32esimi di finale,19.12.2025,Avranches,Brest,Ospite,Brest,4-2-3-1,Panchina,2,13,Chotard J.,,6.5,63',,UX98duKG
Coppa di Francia,32esimi di finale,19.12.2025,Avranches,Brest,Ospite,Brest,4-2-3-1,Panchina,3,18,Diop S.,,,,,UX98duKG
Coppa di Francia,32esimi di finale,19.12.2025,Avranches,Brest,Ospite,Brest,4-2-3-1,Panchina,4,19,Geraux N. D. B.,,,,,UX98duKG
Coppa di Francia,32esimi di finale,19.12.2025,Avranches,Brest,Ospite,Brest,4-2-3-1,Panchina,5,14,Guindo D.,,,85',,UX98duKG
Coppa di Francia,32esimi di finale,19.12.2025,Avranches,Brest,Ospite,Brest,4-2-3-1,Panchina,6,12,Kante I. Y.,,,,,UX98duKG
Coppa di Francia,32esimi di finale,19.12.2025,Avranches,Brest,Ospite,Brest,4-2-3-1,Panchina,7,20,Laine M. L. C.,,,,,UX98duKG
Coppa di Francia,32esimi di finale,19.12.2025,Avranches,Brest,Ospite,Brest,4-2-3-1,Panchina,8,17,Lala K.,,6.9,62',,UX98duKG
Coppa di Francia,32esimi di finale,19.12.2025,Avranches,Brest,Ospite,Brest,4-2-3-1,Panchina,9,16,Majecki R.,Portiere,,,,UX98duKG
Coppa di Francia,32esimi di finale,19.12.2025,Lens,Feignies-Aulnoye,Casa,Lens,3-4-2-1,Titolare,1,1,Gurtner R.,Portiere,6.4,,,OzP43mX0
Coppa di Francia,32esimi di finale,19.12.2025,Lens,Feignies-Aulnoye,Casa,Lens,3-4-2-1,Titolare,2,8,Ganiou I.,,8.4,,77',OzP43mX0
Coppa di Francia,32esimi di finale,19.12.2025,Lens,Feignies-Aulnoye,Casa,Lens,3-4-2-1,Titolare,3,6,Baidoo S.,,8.7,,,OzP43mX0
Coppa di Francia,32esimi di finale,19.12.2025,Lens,Feignies-Aulnoye,Casa,Lens,3-4-2-1,Titolare,4,4,Sarr M.,,7.6,,,OzP43mX0
Coppa di Francia,32esimi di finale,19.12.2025,Lens,Feignies-Aulnoye,Casa,Lens,3-4-2-1,Titolare,5,2,Abdulhamid S.,,9.2,,,OzP43mX0
Coppa di Francia,32esimi di finale,19.12.2025,Lens,Feignies-Aulnoye,Casa,Lens,3-4-2-1,Titolare,6,7,Sotoca F.,Capitano,7.3,,,OzP43mX0
Coppa di Francia,32esimi di finale,19.12.2025,Lens,Feignies-Aulnoye,Casa,Lens,3-4-2-1,Titolare,7,5,Bulatovic A.,,7.8,,76',OzP43mX0
Coppa di Francia,32esimi di finale,19.12.2025,Lens,Feignies-Aulnoye,Casa,Lens,3-4-2-1,Titolare,8,3,Bermont A.,,7.2,,70',OzP43mX0
Coppa di Francia,32esimi di finale,19.12.2025,Lens,Feignies-Aulnoye,Casa,Lens,3-4-2-1,Titolare,9,11,Guilavogui M.,,7.2,,,OzP43mX0
Coppa di Francia,32esimi di finale,19.12.2025,Lens,Feignies-Aulnoye,Casa,Lens,3-4-2-1,Titolare,10,10,Sima A.,,6.5,,70',OzP43mX0
Coppa di Francia,32esimi di finale,19.12.2025,Lens,Feignies-Aulnoye,Casa,Lens,3-4-2-1,Titolare,11,9,Fofana R.,,7.7,,70',OzP43mX0
Coppa di Francia,32esimi di finale,19.12.2025,Lens,Feignies-Aulnoye,Casa,Lens,3-4-2-1,Panchina,1,12,Aguilar R.,,,,,OzP43mX0
Coppa di Francia,32esimi di finale,19.12.2025,Lens,Feignies-Aulnoye,Casa,Lens,3-4-2-1,Panchina,2,15,Antonio K.,,5.6,77',,OzP43mX0
Coppa di Francia,32esimi di finale,19.12.2025,Lens,Feignies-Aulnoye,Casa,Lens,3-4-2-1,Panchina,3,13,Celik N.,,,,,OzP43mX0
Coppa di Francia,32esimi di finale,19.12.2025,Lens,Feignies-Aulnoye,Casa,Lens,3-4-2-1,Panchina,4,19,Edouard O.,,6.6,70',,OzP43mX0
Coppa di Francia,32esimi di finale,19.12.2025,Lens,Feignies-Aulnoye,Casa,Lens,3-4-2-1,Panchina,5,16,Risser R.,Portiere,,,,OzP43mX0
Coppa di Francia,32esimi di finale,19.12.2025,Lens,Feignies-Aulnoye,Casa,Lens,3-4-2-1,Panchina,6,20,Said W.,,6.9,70',,OzP43mX0
Coppa di Francia,32esimi di finale,19.12.2025,Lens,Feignies-Aulnoye,Casa,Lens,3-4-2-1,Panchina,7,18,Sylla F.,,6.6,76',,OzP43mX0
Coppa di Francia,32esimi di finale,19.12.2025,Lens,Feignies-Aulnoye,Casa,Lens,3-4-2-1,Panchina,8,17,Thomasson A.,,,,,OzP43mX0
Coppa di Francia,32esimi di finale,19.12.2025,Lens,Feignies-Aulnoye,Casa,Lens,3-4-2-1,Panchina,9,14,Udol M.,,7.1,70',,OzP43mX0
Coppa di Francia,32esimi di finale,19.12.2025,Lens,Feignies-Aulnoye,Ospite,Feignies-Aulnoye,5-4-1,Titolare,1,1,Bernard B.,Portiere,7.5,,,OzP43mX0
Coppa di Francia,32esimi di finale,19.12.2025,Lens,Feignies-Aulnoye,Ospite,Feignies-Aulnoye,5-4-1,Titolare,2,2,Lienard T.,,6.4,,60',OzP43mX0
Coppa di Francia,32esimi di finale,19.12.2025,Lens,Feignies-Aulnoye,Ospite,Feignies-Aulnoye,5-4-1,Titolare,3,5,Wackers M.,,6.1,,,OzP43mX0
Coppa di Francia,32esimi di finale,19.12.2025,Lens,Feignies-Aulnoye,Ospite,Feignies-Aulnoye,5-4-1,Titolare,4,4,Vasseur F.,,5.1,,,OzP43mX0
Coppa di Francia,32esimi di finale,19.12.2025,Lens,Feignies-Aulnoye,Ospite,Feignies-Aulnoye,5-4-1,Titolare,5,11,Ciss S.,,5.3,,75',OzP43mX0
Coppa di Francia,32esimi di finale,19.12.2025,Lens,Feignies-Aulnoye,Ospite,Feignies-Aulnoye,5-4-1,Titolare,6,3,Berenice J.,,5.7,,,OzP43mX0
Coppa di Francia,32esimi di finale,19.12.2025,Lens,Feignies-Aulnoye,Ospite,Feignies-Aulnoye,5-4-1,Titolare,7,10,De Parmentier T.,Capitano,5.3,,60',OzP43mX0
Coppa di Francia,32esimi di finale,19.12.2025,Lens,Feignies-Aulnoye,Ospite,Feignies-Aulnoye,5-4-1,Titolare,8,8,Chah Y.,,5.7,,75',OzP43mX0
Coppa di Francia,32esimi di finale,19.12.2025,Lens,Feignies-Aulnoye,Ospite,Feignies-Aulnoye,5-4-1,Titolare,9,6,Thiefin B.,,6.2,,,OzP43mX0
Coppa di Francia,32esimi di finale,19.12.2025,Lens,Feignies-Aulnoye,Ospite,Feignies-Aulnoye,5-4-1,Titolare,10,7,Hospital G.,,6.1,,,OzP43mX0
Coppa di Francia,32esimi di finale,19.12.2025,Lens,Feignies-Aulnoye,Ospite,Feignies-Aulnoye,5-4-1,Titolare,11,9,Vaast F.,,5.6,,60',OzP43mX0
Coppa di Francia,32esimi di finale,19.12.2025,Lens,Feignies-Aulnoye,Ospite,Feignies-Aulnoye,5-4-1,Panchina,1,19,Abeddou A.,,6.4,60',,OzP43mX0
Coppa di Francia,32esimi di finale,19.12.2025,Lens,Feignies-Aulnoye,Ospite,Feignies-Aulnoye,5-4-1,Panchina,2,17,Bonte N.,,7.4,75',,OzP43mX0
Coppa di Francia,32esimi di finale,19.12.2025,Lens,Feignies-Aulnoye,Ospite,Feignies-Aulnoye,5-4-1,Panchina,3,13,Camara O.,,6.3,75',,OzP43mX0
Coppa di Francia,32esimi di finale,19.12.2025,Lens,Feignies-Aulnoye,Ospite,Feignies-Aulnoye,5-4-1,Panchina,4,20,Cisse M.,,6.9,60',,OzP43mX0
Coppa di Francia,32esimi di finale,19.12.2025,Lens,Feignies-Aulnoye,Ospite,Feignies-Aulnoye,5-4-1,Panchina,5,18,Diarra S.,,,,,OzP43mX0
Coppa di Francia,32esimi di finale,19.12.2025,Lens,Feignies-Aulnoye,Ospite,Feignies-Aulnoye,5-4-1,Panchina,6,14,Dufour P.,,6.2,60',,OzP43mX0
Coppa di Francia,32esimi di finale,19.12.2025,Lens,Feignies-Aulnoye,Ospite,Feignies-Aulnoye,5-4-1,Panchina,7,12,Elonga G.,,,,,OzP43mX0
Coppa di Francia,32esimi di finale,19.12.2025,Lens,Feignies-Aulnoye,Ospite,Feignies-Aulnoye,5-4-1,Panchina,8,15,Ouattara A.,,,,,OzP43mX0
Coppa di Francia,32esimi di finale,19.12.2025,Lens,Feignies-Aulnoye,Ospite,Feignies-Aulnoye,5-4-1,Panchina,9,16,Plumain T.,Portiere,,,,OzP43mX0
Coppa di Francia,32esimi di finale,20.12.2025,Bayeux,Blois,Casa,Bayeux,3-4-1-2,Titolare,1,1,Lecanu O.,Portiere,8.0,,,IFgWllI7
Coppa di Francia,32esimi di finale,20.12.2025,Bayeux,Blois,Casa,Bayeux,3-4-1-2,Titolare,2,4,Lefevre L.,,6.1,,,IFgWllI7
Coppa di Francia,32esimi di finale,20.12.2025,Bayeux,Blois,Casa,Bayeux,3-4-1-2,Titolare,3,5,Delain G.,Capitano,6.7,,90+1',IFgWllI7
Coppa di Francia,32esimi di finale,20.12.2025,Bayeux,Blois,Casa,Bayeux,3-4-1-2,Titolare,4,8,Jouan T.,,7.6,,,IFgWllI7
Coppa di Francia,32esimi di finale,20.12.2025,Bayeux,Blois,Casa,Bayeux,3-4-1-2,Titolare,5,2,Mayette Q.,,7.5,,,IFgWllI7
Coppa di Francia,32esimi di finale,20.12.2025,Bayeux,Blois,Casa,Bayeux,3-4-1-2,Titolare,6,7,Lemasson F.,,6.9,,,IFgWllI7
Coppa di Francia,32esimi di finale,20.12.2025,Bayeux,Blois,Casa,Bayeux,3-4-1-2,Titolare,7,6,Marazzi J.,,6.0,,56',IFgWllI7
Coppa di Francia,32esimi di finale,20.12.2025,Bayeux,Blois,Casa,Bayeux,3-4-1-2,Titolare,8,3,Cathrine A.,,6.4,,63',IFgWllI7
Coppa di Francia,32esimi di finale,20.12.2025,Bayeux,Blois,Casa,Bayeux,3-4-1-2,Titolare,9,10,Aubel P.,,7.9,,,IFgWllI7
Coppa di Francia,32esimi di finale,20.12.2025,Bayeux,Blois,Casa,Bayeux,3-4-1-2,Titolare,10,11,Guillotte R.,,8.1,,,IFgWllI7
Coppa di Francia,32esimi di finale,20.12.2025,Bayeux,Blois,Casa,Bayeux,3-4-1-2,Titolare,11,9,Renaux B.,,8.7,,90',IFgWllI7
Coppa di Francia,32esimi di finale,20.12.2025,Bayeux,Blois,Casa,Bayeux,3-4-1-2,Panchina,1,14,Anquetil P.,,,90',,IFgWllI7
Coppa di Francia,32esimi di finale,20.12.2025,Bayeux,Blois,Casa,Bayeux,3-4-1-2,Panchina,2,12,Autin E.,,,,,IFgWllI7
Coppa di Francia,32esimi di finale,20.12.2025,Bayeux,Blois,Casa,Bayeux,3-4-1-2,Panchina,3,19,Connan L.,,6.7,63',,IFgWllI7
Coppa di Francia,32esimi di finale,20.12.2025,Bayeux,Blois,Casa,Bayeux,3-4-1-2,Panchina,4,20,Demelun C.,,,,,IFgWllI7
Coppa di Francia,32esimi di finale,20.12.2025,Bayeux,Blois,Casa,Bayeux,3-4-1-2,Panchina,5,16,Driaux C.,Portiere,,,,IFgWllI7
Coppa di Francia,32esimi di finale,20.12.2025,Bayeux,Blois,Casa,Bayeux,3-4-1-2,Panchina,6,15,Fleury M.,,,,,IFgWllI7
Coppa di Francia,32esimi di finale,20.12.2025,Bayeux,Blois,Casa,Bayeux,3-4-1-2,Panchina,7,18,Le Calve T.,,,,,IFgWllI7
Coppa di Francia,32esimi di finale,20.12.2025,Bayeux,Blois,Casa,Bayeux,3-4-1-2,Panchina,8,13,Levergeois P.,,,90+1',,IFgWllI7
Coppa di Francia,32esimi di finale,20.12.2025,Bayeux,Blois,Casa,Bayeux,3-4-1-2,Panchina,9,17,Nambot S.,,6.7,56',,IFgWllI7
Coppa di Francia,32esimi di finale,20.12.2025,Bayeux,Blois,Ospite,Blois,4-4-1-1,Titolare,1,1,Chiotti D.,Portiere,6.5,,,IFgWllI7
Coppa di Francia,32esimi di finale,20.12.2025,Bayeux,Blois,Ospite,Blois,4-4-1-1,Titolare,2,2,Belal L.,,6.4,,85',IFgWllI7
Coppa di Francia,32esimi di finale,20.12.2025,Bayeux,Blois,Ospite,Blois,4-4-1-1,Titolare,3,4,Abdallah Y. B.,,6.3,,46',IFgWllI7
Coppa di Francia,32esimi di finale,20.12.2025,Bayeux,Blois,Ospite,Blois,4-4-1-1,Titolare,4,5,Tronchet N.,,7.0,,,IFgWllI7
Coppa di Francia,32esimi di finale,20.12.2025,Bayeux,Blois,Ospite,Blois,4-4-1-1,Titolare,5,3,Kitenge G.,,6.4,,,IFgWllI7
Coppa di Francia,32esimi di finale,20.12.2025,Bayeux,Blois,Ospite,Blois,4-4-1-1,Titolare,6,11,Mai A.,,5.9,,46',IFgWllI7
Coppa di Francia,32esimi di finale,20.12.2025,Bayeux,Blois,Ospite,Blois,4-4-1-1,Titolare,7,8,Bonnet L.,,6.5,,46',IFgWllI7
Coppa di Francia,32esimi di finale,20.12.2025,Bayeux,Blois,Ospite,Blois,4-4-1-1,Titolare,8,6,Ben Nasr D.,Capitano,7.3,,,IFgWllI7
Coppa di Francia,32esimi di finale,20.12.2025,Bayeux,Blois,Ospite,Blois,4-4-1-1,Titolare,9,7,Ble N.,,6.8,,,IFgWllI7
Coppa di Francia,32esimi di finale,20.12.2025,Bayeux,Blois,Ospite,Blois,4-4-1-1,Titolare,10,10,Sommer N.,,8.1,,71',IFgWllI7
Coppa di Francia,32esimi di finale,20.12.2025,Bayeux,Blois,Ospite,Blois,4-4-1-1,Titolare,11,9,Kuyenga M.,,6.4,,,IFgWllI7
Coppa di Francia,32esimi di finale,20.12.2025,Bayeux,Blois,Ospite,Blois,4-4-1-1,Panchina,1,17,Ardouin N.,,6.4,46',,IFgWllI7
Coppa di Francia,32esimi di finale,20.12.2025,Bayeux,Blois,Ospite,Blois,4-4-1-1,Panchina,2,20,Boisset N.,,,85',,IFgWllI7
Coppa di Francia,32esimi di finale,20.12.2025,Bayeux,Blois,Ospite,Blois,4-4-1-1,Panchina,3,18,Diaby M.,,6.0,46',,IFgWllI7
Coppa di Francia,32esimi di finale,20.12.2025,Bayeux,Blois,Ospite,Blois,4-4-1-1,Panchina,4,13,Gnalega F.,,6.4,71',,IFgWllI7
Coppa di Francia,32esimi di finale,20.12.2025,Bayeux,Blois,Ospite,Blois,4-4-1-1,Panchina,5,15,Kapela G.,,6.4,46',,IFgWllI7
Coppa di Francia,32esimi di finale,20.12.2025,Bayeux,Blois,Ospite,Blois,4-4-1-1,Panchina,6,19,Medard Y.,,,,,IFgWllI7
Coppa di Francia,32esimi di finale,20.12.2025,Bayeux,Blois,Ospite,Blois,4-4-1-1,Panchina,7,12,Pandor D.,,,,,IFgWllI7
Coppa di Francia,32esimi di finale,20.12.2025,Bayeux,Blois,Ospite,Blois,4-4-1-1,Panchina,8,14,Tape G.,,,,,IFgWllI7
Coppa di Francia,32esimi di finale,20.12.2025,Bayeux,Blois,Ospite,Blois,4-4-1-1,Panchina,9,16,Toure Y.,Portiere,,,,IFgWllI7
Coppa di Francia,32esimi di finale,20.12.2025,Lusitanos,Lilla,Casa,Lusitanos,4-3-3,Titolare,1,1,Regulus E.,Portiere,6.6,,,jNQd592l
Coppa di Francia,32esimi di finale,20.12.2025,Lusitanos,Lilla,Casa,Lusitanos,4-3-3,Titolare,2,2,Doremus M.,,5.9,,,jNQd592l
Coppa di Francia,32esimi di finale,20.12.2025,Lusitanos,Lilla,Casa,Lusitanos,4-3-3,Titolare,3,5,Kone I.,,5.8,,,jNQd592l
Coppa di Francia,32esimi di finale,20.12.2025,Lusitanos,Lilla,Casa,Lusitanos,4-3-3,Titolare,4,4,Diedhiou C.,Capitano,5.3,,,jNQd592l
Coppa di Francia,32esimi di finale,20.12.2025,Lusitanos,Lilla,Casa,Lusitanos,4-3-3,Titolare,5,3,Dexet F.,,6.1,,90+1',jNQd592l
Coppa di Francia,32esimi di finale,20.12.2025,Lusitanos,Lilla,Casa,Lusitanos,4-3-3,Titolare,6,8,Dos Santos A.,,5.9,,83',jNQd592l
Coppa di Francia,32esimi di finale,20.12.2025,Lusitanos,Lilla,Casa,Lusitanos,4-3-3,Titolare,7,6,Pereira F.,,7.0,,,jNQd592l
Coppa di Francia,32esimi di finale,20.12.2025,Lusitanos,Lilla,Casa,Lusitanos,4-3-3,Titolare,8,10,Baku W.,,6.2,,84',jNQd592l
Coppa di Francia,32esimi di finale,20.12.2025,Lusitanos,Lilla,Casa,Lusitanos,4-3-3,Titolare,9,7,Meftah A.,,6.0,,46',jNQd592l
Coppa di Francia,32esimi di finale,20.12.2025,Lusitanos,Lilla,Casa,Lusitanos,4-3-3,Titolare,10,9,Keita S.,,5.9,,,jNQd592l
Coppa di Francia,32esimi di finale,20.12.2025,Lusitanos,Lilla,Casa,Lusitanos,4-3-3,Titolare,11,11,Tade Y.,,6.4,,83',jNQd592l
Coppa di Francia,32esimi di finale,20.12.2025,Lusitanos,Lilla,Casa,Lusitanos,4-3-3,Panchina,1,18,Cherif B.,,,,,jNQd592l
Coppa di Francia,32esimi di finale,20.12.2025,Lusitanos,Lilla,Casa,Lusitanos,4-3-3,Panchina,2,16,Dabo I.,Portiere,,,,jNQd592l
Coppa di Francia,32esimi di finale,20.12.2025,Lusitanos,Lilla,Casa,Lusitanos,4-3-3,Panchina,3,19,Doucoure O.,,,,,jNQd592l
Coppa di Francia,32esimi di finale,20.12.2025,Lusitanos,Lilla,Casa,Lusitanos,4-3-3,Panchina,4,12,Elodon E.,,,84',,jNQd592l
Coppa di Francia,32esimi di finale,20.12.2025,Lusitanos,Lilla,Casa,Lusitanos,4-3-3,Panchina,5,20,Kissy A.,,6.4,46',,jNQd592l
Coppa di Francia,32esimi di finale,20.12.2025,Lusitanos,Lilla,Casa,Lusitanos,4-3-3,Panchina,6,17,Leite K.,,,,,jNQd592l
Coppa di Francia,32esimi di finale,20.12.2025,Lusitanos,Lilla,Casa,Lusitanos,4-3-3,Panchina,7,13,Makagni E.,,,90+1',,jNQd592l
Coppa di Francia,32esimi di finale,20.12.2025,Lusitanos,Lilla,Casa,Lusitanos,4-3-3,Panchina,8,15,Millet P.,,,83',,jNQd592l
Coppa di Francia,32esimi di finale,20.12.2025,Lusitanos,Lilla,Casa,Lusitanos,4-3-3,Panchina,9,14,Zennouhi Y.,,,83',,jNQd592l
Coppa di Francia,32esimi di finale,20.12.2025,Lusitanos,Lilla,Ospite,Lilla,4-2-3-1,Titolare,1,1,Bodart A.,Portiere,7.7,,,jNQd592l
Coppa di Francia,32esimi di finale,20.12.2025,Lusitanos,Lilla,Ospite,Lilla,4-2-3-1,Titolare,2,3,Meunier T.,,8.1,,,jNQd592l
Coppa di Francia,32esimi di finale,20.12.2025,Lusitanos,Lilla,Ospite,Lilla,4-2-3-1,Titolare,3,4,Goffi A.,,6.8,,,jNQd592l
Coppa di Francia,32esimi di finale,20.12.2025,Lusitanos,Lilla,Ospite,Lilla,4-2-3-1,Titolare,4,6,Bentaleb N.,,8.4,,,jNQd592l
Coppa di Francia,32esimi di finale,20.12.2025,Lusitanos,Lilla,Ospite,Lilla,4-2-3-1,Titolare,5,2,Santos T.,,6.2,,69',jNQd592l
Coppa di Francia,32esimi di finale,20.12.2025,Lusitanos,Lilla,Ospite,Lilla,4-2-3-1,Titolare,6,5,Andre B.,Capitano,8.8,,,jNQd592l
Coppa di Francia,32esimi di finale,20.12.2025,Lusitanos,Lilla,Ospite,Lilla,4-2-3-1,Titolare,7,7,Bouaddi A.,,7.1,,77',jNQd592l
Coppa di Francia,32esimi di finale,20.12.2025,Lusitanos,Lilla,Ospite,Lilla,4-2-3-1,Titolare,8,8,Mbappe E.,,7.7,,77',jNQd592l
Coppa di Francia,32esimi di finale,20.12.2025,Lusitanos,Lilla,Ospite,Lilla,4-2-3-1,Titolare,9,10,Haraldsson H.,,7.7,,,jNQd592l
Coppa di Francia,32esimi di finale,20.12.2025,Lusitanos,Lilla,Ospite,Lilla,4-2-3-1,Titolare,10,11,Correia F.,,6.3,,70',jNQd592l
Coppa di Francia,32esimi di finale,20.12.2025,Lusitanos,Lilla,Ospite,Lilla,4-2-3-1,Titolare,11,9,Giroud O.,,6.9,,,jNQd592l
Coppa di Francia,32esimi di finale,20.12.2025,Lusitanos,Lilla,Ospite,Lilla,4-2-3-1,Panchina,1,15,Alexsandro,,,,,jNQd592l
Coppa di Francia,32esimi di finale,20.12.2025,Lusitanos,Lilla,Ospite,Lilla,4-2-3-1,Panchina,2,14,Broholm M.,,7.6,77',,jNQd592l
Coppa di Francia,32esimi di finale,20.12.2025,Lusitanos,Lilla,Ospite,Lilla,4-2-3-1,Panchina,3,13,Costarelli M.,,,,,jNQd592l
Coppa di Francia,32esimi di finale,20.12.2025,Lusitanos,Lilla,Ospite,Lilla,4-2-3-1,Panchina,4,19,Diaoune S.,,6.6,77',,jNQd592l
Coppa di Francia,32esimi di finale,20.12.2025,Lusitanos,Lilla,Ospite,Lilla,4-2-3-1,Panchina,5,20,Noumbissie S.,,,,,jNQd592l
Coppa di Francia,32esimi di finale,20.12.2025,Lusitanos,Lilla,Ospite,Lilla,4-2-3-1,Panchina,6,16,Ozer B.,Portiere,,,,jNQd592l
Coppa di Francia,32esimi di finale,20.12.2025,Lusitanos,Lilla,Ospite,Lilla,4-2-3-1,Panchina,7,18,Raghouber U.,,,,,jNQd592l
Coppa di Francia,32esimi di finale,20.12.2025,Lusitanos,Lilla,Ospite,Lilla,4-2-3-1,Panchina,8,17,Sahraoui O.,,7.0,70',,jNQd592l
Coppa di Francia,32esimi di finale,20.12.2025,Lusitanos,Lilla,Ospite,Lilla,4-2-3-1,Panchina,9,12,Verdonk C.,,6.7,69',,jNQd592l
Coppa di Francia,32esimi di finale,20.12.2025,Olympique Marcquois,Troyes,Casa,Olympique Marcquois,4-1-4-1,Titolare,1,1,Herbiniere R.,Portiere,6.0,,,6JteE4oJ
Coppa di Francia,32esimi di finale,20.12.2025,Olympique Marcquois,Troyes,Casa,Olympique Marcquois,4-1-4-1,Titolare,2,2,Pau W.,,6.3,,82',6JteE4oJ
Coppa di Francia,32esimi di finale,20.12.2025,Olympique Marcquois,Troyes,Casa,Olympique Marcquois,4-1-4-1,Titolare,3,4,Leganase A.,,6.9,,,6JteE4oJ
Coppa di Francia,32esimi di finale,20.12.2025,Olympique Marcquois,Troyes,Casa,Olympique Marcquois,4-1-4-1,Titolare,4,5,Gabert L.,,6.9,,,6JteE4oJ
Coppa di Francia,32esimi di finale,20.12.2025,Olympique Marcquois,Troyes,Casa,Olympique Marcquois,4-1-4-1,Titolare,5,3,Bensalah A.,,6.9,,,6JteE4oJ
Coppa di Francia,32esimi di finale,20.12.2025,Olympique Marcquois,Troyes,Casa,Olympique Marcquois,4-1-4-1,Titolare,6,6,Dos Santos A.,Capitano,6.6,,,6JteE4oJ
Coppa di Francia,32esimi di finale,20.12.2025,Olympique Marcquois,Troyes,Casa,Olympique Marcquois,4-1-4-1,Titolare,7,11,Diaby S.,,6.1,,58',6JteE4oJ
Coppa di Francia,32esimi di finale,20.12.2025,Olympique Marcquois,Troyes,Casa,Olympique Marcquois,4-1-4-1,Titolare,8,8,Lassilaa L.,,6.6,,,6JteE4oJ
Coppa di Francia,32esimi di finale,20.12.2025,Olympique Marcquois,Troyes,Casa,Olympique Marcquois,4-1-4-1,Titolare,9,10,Mawungu J.,,6.6,,75',6JteE4oJ
Coppa di Francia,32esimi di finale,20.12.2025,Olympique Marcquois,Troyes,Casa,Olympique Marcquois,4-1-4-1,Titolare,10,7,Mammou K.,,6.3,,82',6JteE4oJ
Coppa di Francia,32esimi di finale,20.12.2025,Olympique Marcquois,Troyes,Casa,Olympique Marcquois,4-1-4-1,Titolare,11,9,Merabti N.,,6.0,,,6JteE4oJ
Coppa di Francia,32esimi di finale,20.12.2025,Olympique Marcquois,Troyes,Casa,Olympique Marcquois,4-1-4-1,Panchina,1,19,Bossekota A.,,,82',,6JteE4oJ
Coppa di Francia,32esimi di finale,20.12.2025,Olympique Marcquois,Troyes,Casa,Olympique Marcquois,4-1-4-1,Panchina,2,15,Choupas H.,,,,,6JteE4oJ
Coppa di Francia,32esimi di finale,20.12.2025,Olympique Marcquois,Troyes,Casa,Olympique Marcquois,4-1-4-1,Panchina,3,16,Dalbaere T.,Portiere,,,,6JteE4oJ
Coppa di Francia,32esimi di finale,20.12.2025,Olympique Marcquois,Troyes,Casa,Olympique Marcquois,4-1-4-1,Panchina,4,17,Dansoko K.,,,82',,6JteE4oJ
Coppa di Francia,32esimi di finale,20.12.2025,Olympique Marcquois,Troyes,Casa,Olympique Marcquois,4-1-4-1,Panchina,5,13,Da Silva T.,,,,,6JteE4oJ
Coppa di Francia,32esimi di finale,20.12.2025,Olympique Marcquois,Troyes,Casa,Olympique Marcquois,4-1-4-1,Panchina,6,14,Diaby B.,,6.5,58',,6JteE4oJ
Coppa di Francia,32esimi di finale,20.12.2025,Olympique Marcquois,Troyes,Casa,Olympique Marcquois,4-1-4-1,Panchina,7,18,Sow M.,,,,,6JteE4oJ
Coppa di Francia,32esimi di finale,20.12.2025,Olympique Marcquois,Troyes,Casa,Olympique Marcquois,4-1-4-1,Panchina,8,20,Sylla T.,,,,,6JteE4oJ
Coppa di Francia,32esimi di finale,20.12.2025,Olympique Marcquois,Troyes,Casa,Olympique Marcquois,4-1-4-1,Panchina,9,12,Vanbaleghem M.,,6.5,75',,6JteE4oJ
Coppa di Francia,32esimi di finale,20.12.2025,Olympique Marcquois,Troyes,Ospite,Troyes,4-2-3-1,Titolare,1,1,Konate H.,Portiere,7.0,,,6JteE4oJ
Coppa di Francia,32esimi di finale,20.12.2025,Olympique Marcquois,Troyes,Ospite,Troyes,4-2-3-1,Titolare,2,2,Donkor N.,,7.0,,,6JteE4oJ
Coppa di Francia,32esimi di finale,20.12.2025,Olympique Marcquois,Troyes,Ospite,Troyes,4-2-3-1,Titolare,3,6,Gambor H.,,7.6,,,6JteE4oJ
Coppa di Francia,32esimi di finale,20.12.2025,Olympique Marcquois,Troyes,Ospite,Troyes,4-2-3-1,Titolare,4,4,Diawara S.,,8.4,,,6JteE4oJ
Coppa di Francia,32esimi di finale,20.12.2025,Olympique Marcquois,Troyes,Ospite,Troyes,4-2-3-1,Titolare,5,3,Hamdi M.,,7.6,,,6JteE4oJ
Coppa di Francia,32esimi di finale,20.12.2025,Olympique Marcquois,Troyes,Ospite,Troyes,4-2-3-1,Titolare,6,5,Phliponeau A.,,7.1,,90+1',6JteE4oJ
Coppa di Francia,32esimi di finale,20.12.2025,Olympique Marcquois,Troyes,Ospite,Troyes,4-2-3-1,Titolare,7,8,Diop M.,Capitano,7.6,,,6JteE4oJ
Coppa di Francia,32esimi di finale,20.12.2025,Olympique Marcquois,Troyes,Ospite,Troyes,4-2-3-1,Titolare,8,11,Odede E.,,7.7,,71',6JteE4oJ
Coppa di Francia,32esimi di finale,20.12.2025,Olympique Marcquois,Troyes,Ospite,Troyes,4-2-3-1,Titolare,9,10,Bentayeb T.,,8.5,,87',6JteE4oJ
Coppa di Francia,32esimi di finale,20.12.2025,Olympique Marcquois,Troyes,Ospite,Troyes,4-2-3-1,Titolare,10,7,Assoumou J.,,7.3,,71',6JteE4oJ
Coppa di Francia,32esimi di finale,20.12.2025,Olympique Marcquois,Troyes,Ospite,Troyes,4-2-3-1,Titolare,11,9,Ripart R.,,7.1,,,6JteE4oJ
Coppa di Francia,32esimi di finale,20.12.2025,Olympique Marcquois,Troyes,Ospite,Troyes,4-2-3-1,Panchina,1,14,Adeline M.,,,,,6JteE4oJ
Coppa di Francia,32esimi di finale,20.12.2025,Olympique Marcquois,Troyes,Ospite,Troyes,4-2-3-1,Panchina,2,18,Batola C.,,,87',,6JteE4oJ
Coppa di Francia,32esimi di finale,20.12.2025,Olympique Marcquois,Troyes,Ospite,Troyes,4-2-3-1,Panchina,3,16,Boucher Z.,Portiere,,,,6JteE4oJ
Coppa di Francia,32esimi di finale,20.12.2025,Olympique Marcquois,Troyes,Ospite,Troyes,4-2-3-1,Panchina,4,12,Chupin T.,,,,,6JteE4oJ
Coppa di Francia,32esimi di finale,20.12.2025,Olympique Marcquois,Troyes,Ospite,Troyes,4-2-3-1,Panchina,5,17,Detourbet M.,,7.2,71',,6JteE4oJ
Coppa di Francia,32esimi di finale,20.12.2025,Olympique Marcquois,Troyes,Ospite,Troyes,4-2-3-1,Panchina,6,20,Ifnaoui M.,,7.0,71',,6JteE4oJ
Coppa di Francia,32esimi di finale,20.12.2025,Olympique Marcquois,Troyes,Ospite,Troyes,4-2-3-1,Panchina,7,15,Murcy R.,,,90+1',,6JteE4oJ
Coppa di Francia,32esimi di finale,20.12.2025,Olympique Marcquois,Troyes,Ospite,Troyes,4-2-3-1,Panchina,8,19,Onambele F. O.,,,,,6JteE4oJ
Coppa di Francia,32esimi di finale,20.12.2025,Olympique Marcquois,Troyes,Ospite,Troyes,4-2-3-1,Panchina,9,13,Zenga P.,,,,,6JteE4oJ
Coppa di Francia,32esimi di finale,20.12.2025,Freyming,Chantilly,Casa,Freyming,4-1-4-1,Titolare,1,1,Ast R.,Portiere,6.0,,,x0QEUPVa
Coppa di Francia,32esimi di finale,20.12.2025,Freyming,Chantilly,Casa,Freyming,4-1-4-1,Titolare,2,2,Ghezzale M.,,5.5,,,x0QEUPVa
Coppa di Francia,32esimi di finale,20.12.2025,Freyming,Chantilly,Casa,Freyming,4-1-4-1,Titolare,3,4,Diarra M.,,5.8,,,x0QEUPVa
Coppa di Francia,32esimi di finale,20.12.2025,Freyming,Chantilly,Casa,Freyming,4-1-4-1,Titolare,4,5,Coignard J.,,6.7,,,x0QEUPVa
Coppa di Francia,32esimi di finale,20.12.2025,Freyming,Chantilly,Casa,Freyming,4-1-4-1,Titolare,5,3,Ezzaitouni A.,,5.8,,,x0QEUPVa
Coppa di Francia,32esimi di finale,20.12.2025,Freyming,Chantilly,Casa,Freyming,4-1-4-1,Titolare,6,10,Sido F.,,6.7,,82',x0QEUPVa
Coppa di Francia,32esimi di finale,20.12.2025,Freyming,Chantilly,Casa,Freyming,4-1-4-1,Titolare,7,7,Etarabti A.,,6.0,,82',x0QEUPVa
Coppa di Francia,32esimi di finale,20.12.2025,Freyming,Chantilly,Casa,Freyming,4-1-4-1,Titolare,8,8,Boukhalfa W.,,6.3,,72',x0QEUPVa
Coppa di Francia,32esimi di finale,20.12.2025,Freyming,Chantilly,Casa,Freyming,4-1-4-1,Titolare,9,6,Benachour A.,,6.4,,83',x0QEUPVa
Coppa di Francia,32esimi di finale,20.12.2025,Freyming,Chantilly,Casa,Freyming,4-1-4-1,Titolare,10,11,Jabir Y.,,6.6,,69',x0QEUPVa
Coppa di Francia,32esimi di finale,20.12.2025,Freyming,Chantilly,Casa,Freyming,4-1-4-1,Titolare,11,9,Ouadah M.,Capitano,6.3,,,x0QEUPVa
Coppa di Francia,32esimi di finale,20.12.2025,Freyming,Chantilly,Casa,Freyming,4-1-4-1,Panchina,1,15,Ammari S.,,6.0,69',,x0QEUPVa
Coppa di Francia,32esimi di finale,20.12.2025,Freyming,Chantilly,Casa,Freyming,4-1-4-1,Panchina,2,17,Amri C.,,,,,x0QEUPVa
Coppa di Francia,32esimi di finale,20.12.2025,Freyming,Chantilly,Casa,Freyming,4-1-4-1,Panchina,3,16,Canneddu T.,,,,,x0QEUPVa
Coppa di Francia,32esimi di finale,20.12.2025,Freyming,Chantilly,Casa,Freyming,4-1-4-1,Panchina,4,13,Dahane O.,,,,,x0QEUPVa
Coppa di Francia,32esimi di finale,20.12.2025,Freyming,Chantilly,Casa,Freyming,4-1-4-1,Panchina,5,12,Dahane Y.,,6.5,72',,x0QEUPVa
Coppa di Francia,32esimi di finale,20.12.2025,Freyming,Chantilly,Casa,Freyming,4-1-4-1,Panchina,6,18,El Hellaoui M.,,,82',,x0QEUPVa
Coppa di Francia,32esimi di finale,20.12.2025,Freyming,Chantilly,Casa,Freyming,4-1-4-1,Panchina,7,19,Kante S.,,,,,x0QEUPVa
Coppa di Francia,32esimi di finale,20.12.2025,Freyming,Chantilly,Casa,Freyming,4-1-4-1,Panchina,8,20,Kasmis T.,,,,,x0QEUPVa
Coppa di Francia,32esimi di finale,20.12.2025,Freyming,Chantilly,Casa,Freyming,4-1-4-1,Panchina,9,14,Mehiaoui M.,,,83',,x0QEUPVa
Coppa di Francia,32esimi di finale,20.12.2025,Freyming,Chantilly,Ospite,Chantilly,3-4-2-1,Titolare,1,1,Michel C.,Portiere,7.2,,,x0QEUPVa
Coppa di Francia,32esimi di finale,20.12.2025,Freyming,Chantilly,Ospite,Chantilly,3-4-2-1,Titolare,2,2,Decroix X.,,6.9,,65',x0QEUPVa
Coppa di Francia,32esimi di finale,20.12.2025,Freyming,Chantilly,Ospite,Chantilly,3-4-2-1,Titolare,3,5,Seka E.,,7.4,,,x0QEUPVa
Coppa di Francia,32esimi di finale,20.12.2025,Freyming,Chantilly,Ospite,Chantilly,3-4-2-1,Titolare,4,4,Coulibaly S.,,7.3,,,x0QEUPVa
Coppa di Francia,32esimi di finale,20.12.2025,Freyming,Chantilly,Ospite,Chantilly,3-4-2-1,Titolare,5,10,N'Diaye O.,,7.2,,65',x0QEUPVa
Coppa di Francia,32esimi di finale,20.12.2025,Freyming,Chantilly,Ospite,Chantilly,3-4-2-1,Titolare,6,8,Doumbia N.,,8.0,,,x0QEUPVa
Coppa di Francia,32esimi di finale,20.12.2025,Freyming,Chantilly,Ospite,Chantilly,3-4-2-1,Titolare,7,6,Issifou A.,,6.6,,,x0QEUPVa
Coppa di Francia,32esimi di finale,20.12.2025,Freyming,Chantilly,Ospite,Chantilly,3-4-2-1,Titolare,8,3,Rodrigues A.,,7.4,,79',x0QEUPVa
Coppa di Francia,32esimi di finale,20.12.2025,Freyming,Chantilly,Ospite,Chantilly,3-4-2-1,Titolare,9,11,Karamoko I.,,6.5,,,x0QEUPVa
Coppa di Francia,32esimi di finale,20.12.2025,Freyming,Chantilly,Ospite,Chantilly,3-4-2-1,Titolare,10,9,Kone D.,Capitano,7.9,,90+1',x0QEUPVa
Coppa di Francia,32esimi di finale,20.12.2025,Freyming,Chantilly,Ospite,Chantilly,3-4-2-1,Titolare,11,7,Joseph E.,,7.4,,90',x0QEUPVa
Coppa di Francia,32esimi di finale,20.12.2025,Freyming,Chantilly,Ospite,Chantilly,3-4-2-1,Panchina,1,18,Bacha I.,,,90',,x0QEUPVa
Coppa di Francia,32esimi di finale,20.12.2025,Freyming,Chantilly,Ospite,Chantilly,3-4-2-1,Panchina,2,19,Boucharoud Y.,,,,,x0QEUPVa
Coppa di Francia,32esimi di finale,20.12.2025,Freyming,Chantilly,Ospite,Chantilly,3-4-2-1,Panchina,3,14,Dibassy I.,,,,,x0QEUPVa
Coppa di Francia,32esimi di finale,20.12.2025,Freyming,Chantilly,Ospite,Chantilly,3-4-2-1,Panchina,4,15,Ferreira M.,,,90+1',,x0QEUPVa
Coppa di Francia,32esimi di finale,20.12.2025,Freyming,Chantilly,Ospite,Chantilly,3-4-2-1,Panchina,5,16,Golitin M.,Portiere,,,,x0QEUPVa
Coppa di Francia,32esimi di finale,20.12.2025,Freyming,Chantilly,Ospite,Chantilly,3-4-2-1,Panchina,6,17,Sadjo M.,,6.9,65',,x0QEUPVa
Coppa di Francia,32esimi di finale,20.12.2025,Freyming,Chantilly,Ospite,Chantilly,3-4-2-1,Panchina,7,12,Sissoko M.,,6.3,79',,x0QEUPVa
Coppa di Francia,32esimi di finale,20.12.2025,Freyming,Chantilly,Ospite,Chantilly,3-4-2-1,Panchina,8,13,Traore C.,,8.3,65',,x0QEUPVa
Coppa di Francia,32esimi di finale,20.12.2025,AS Le Gosier,Lorient,Casa,AS Le Gosier,4-1-4-1,Titolare,1,1,Edouard D.,Portiere,5.0,,,xIea0NKi
Coppa di Francia,32esimi di finale,20.12.2025,AS Le Gosier,Lorient,Casa,AS Le Gosier,4-1-4-1,Titolare,2,2,Tibeau N.,,7.1,,,xIea0NKi
Coppa di Francia,32esimi di finale,20.12.2025,AS Le Gosier,Lorient,Casa,AS Le Gosier,4-1-4-1,Titolare,3,4,Nandkissori Y.,,5.2,,,xIea0NKi
Coppa di Francia,32esimi di finale,20.12.2025,AS Le Gosier,Lorient,Casa,AS Le Gosier,4-1-4-1,Titolare,4,8,Hauterville R.,,5.6,,,xIea0NKi
Coppa di Francia,32esimi di finale,20.12.2025,AS Le Gosier,Lorient,Casa,AS Le Gosier,4-1-4-1,Titolare,5,3,Alphonse M.,,6.2,,90',xIea0NKi
Coppa di Francia,32esimi di finale,20.12.2025,AS Le Gosier,Lorient,Casa,AS Le Gosier,4-1-4-1,Titolare,6,6,Davillars T.,,5.9,,,xIea0NKi
Coppa di Francia,32esimi di finale,20.12.2025,AS Le Gosier,Lorient,Casa,AS Le Gosier,4-1-4-1,Titolare,7,9,Beauvue C.,,5.8,,,xIea0NKi
Coppa di Francia,32esimi di finale,20.12.2025,AS Le Gosier,Lorient,Casa,AS Le Gosier,4-1-4-1,Titolare,8,10,Rodriguez P.,,6.0,,84',xIea0NKi
Coppa di Francia,32esimi di finale,20.12.2025,AS Le Gosier,Lorient,Casa,AS Le Gosier,4-1-4-1,Titolare,9,5,Popote R.,,6.1,,69',xIea0NKi
Coppa di Francia,32esimi di finale,20.12.2025,AS Le Gosier,Lorient,Casa,AS Le Gosier,4-1-4-1,Titolare,10,7,Jacques W.,,5.8,,69',xIea0NKi
Coppa di Francia,32esimi di finale,20.12.2025,AS Le Gosier,Lorient,Casa,AS Le Gosier,4-1-4-1,Titolare,11,11,Gamby J.,,5.5,,84',xIea0NKi
Coppa di Francia,32esimi di finale,20.12.2025,AS Le Gosier,Lorient,Casa,AS Le Gosier,4-1-4-1,Panchina,1,12,Beaucal D.,,6.3,69',,xIea0NKi
Coppa di Francia,32esimi di finale,20.12.2025,AS Le Gosier,Lorient,Casa,AS Le Gosier,4-1-4-1,Panchina,2,17,Belfort C.,,,,,xIea0NKi
Coppa di Francia,32esimi di finale,20.12.2025,AS Le Gosier,Lorient,Casa,AS Le Gosier,4-1-4-1,Panchina,3,16,Calvados M.,Portiere,,,,xIea0NKi
Coppa di Francia,32esimi di finale,20.12.2025,AS Le Gosier,Lorient,Casa,AS Le Gosier,4-1-4-1,Panchina,4,14,Damas-Agis L.,,6.3,69',,xIea0NKi
Coppa di Francia,32esimi di finale,20.12.2025,AS Le Gosier,Lorient,Casa,AS Le Gosier,4-1-4-1,Panchina,5,20,Davidas S.,,,84',,xIea0NKi
Coppa di Francia,32esimi di finale,20.12.2025,AS Le Gosier,Lorient,Casa,AS Le Gosier,4-1-4-1,Panchina,6,15,Gaspard Y.,,,90',,xIea0NKi
Coppa di Francia,32esimi di finale,20.12.2025,AS Le Gosier,Lorient,Casa,AS Le Gosier,4-1-4-1,Panchina,7,19,George A.,,,,,xIea0NKi
Coppa di Francia,32esimi di finale,20.12.2025,AS Le Gosier,Lorient,Casa,AS Le Gosier,4-1-4-1,Panchina,8,13,Lujien L.,,,84',,xIea0NKi
Coppa di Francia,32esimi di finale,20.12.2025,AS Le Gosier,Lorient,Casa,AS Le Gosier,4-1-4-1,Panchina,9,18,Miath J.,,,,,xIea0NKi
Coppa di Francia,32esimi di finale,20.12.2025,AS Le Gosier,Lorient,Ospite,Lorient,3-4-2-1,Titolare,1,1,Kamara B.,Portiere,6.8,,,xIea0NKi
Coppa di Francia,32esimi di finale,20.12.2025,AS Le Gosier,Lorient,Ospite,Lorient,3-4-2-1,Titolare,2,5,Meite B.,,7.9,,,xIea0NKi
Coppa di Francia,32esimi di finale,20.12.2025,AS Le Gosier,Lorient,Ospite,Lorient,3-4-2-1,Titolare,3,4,Adjei N.,,6.4,,,xIea0NKi
Coppa di Francia,32esimi di finale,20.12.2025,AS Le Gosier,Lorient,Ospite,Lorient,3-4-2-1,Titolare,4,2,Igor Silva,,9.1,,,xIea0NKi
Coppa di Francia,32esimi di finale,20.12.2025,AS Le Gosier,Lorient,Ospite,Lorient,3-4-2-1,Titolare,5,3,Mvuka Mugisha J.,,9.3,,,xIea0NKi
Coppa di Francia,32esimi di finale,20.12.2025,AS Le Gosier,Lorient,Ospite,Lorient,3-4-2-1,Titolare,6,6,Karim D.,,9.0,,,xIea0NKi
Coppa di Francia,32esimi di finale,20.12.2025,AS Le Gosier,Lorient,Ospite,Lorient,3-4-2-1,Titolare,7,8,Cadiou N.,,7.1,,75',xIea0NKi
Coppa di Francia,32esimi di finale,20.12.2025,AS Le Gosier,Lorient,Ospite,Lorient,3-4-2-1,Titolare,8,10,Pagis P.,,7.9,,57',xIea0NKi
Coppa di Francia,32esimi di finale,20.12.2025,AS Le Gosier,Lorient,Ospite,Lorient,3-4-2-1,Titolare,9,7,Dieng B.,,9.6,,57',xIea0NKi
Coppa di Francia,32esimi di finale,20.12.2025,AS Le Gosier,Lorient,Ospite,Lorient,3-4-2-1,Titolare,10,11,Le Bris T.,Capitano,7.4,,57',xIea0NKi
Coppa di Francia,32esimi di finale,20.12.2025,AS Le Gosier,Lorient,Ospite,Lorient,3-4-2-1,Titolare,11,9,Bamba M.,,8.7,,75',xIea0NKi
Coppa di Francia,32esimi di finale,20.12.2025,AS Le Gosier,Lorient,Ospite,Lorient,3-4-2-1,Panchina,1,13,Akakpo I.,,,,,xIea0NKi
Coppa di Francia,32esimi di finale,20.12.2025,AS Le Gosier,Lorient,Ospite,Lorient,3-4-2-1,Panchina,2,15,Fadiga B.,,6.9,57',,xIea0NKi
Coppa di Francia,32esimi di finale,20.12.2025,AS Le Gosier,Lorient,Ospite,Lorient,3-4-2-1,Panchina,3,18,Kone M.,,6.5,75',,xIea0NKi
Coppa di Francia,32esimi di finale,20.12.2025,AS Le Gosier,Lorient,Ospite,Lorient,3-4-2-1,Panchina,4,12,Leaudais L.,,,,,xIea0NKi
Coppa di Francia,32esimi di finale,20.12.2025,AS Le Gosier,Lorient,Ospite,Lorient,3-4-2-1,Panchina,5,16,Leroy B.,Portiere,,,,xIea0NKi
Coppa di Francia,32esimi di finale,20.12.2025,AS Le Gosier,Lorient,Ospite,Lorient,3-4-2-1,Panchina,6,17,Makengo J.,,6.5,75',,xIea0NKi
Coppa di Francia,32esimi di finale,20.12.2025,AS Le Gosier,Lorient,Ospite,Lorient,3-4-2-1,Panchina,7,19,Monnier I.,,6.6,57',,xIea0NKi
Coppa di Francia,32esimi di finale,20.12.2025,AS Le Gosier,Lorient,Ospite,Lorient,3-4-2-1,Panchina,8,14,Sanusi T.,,7.7,57',,xIea0NKi
Coppa di Francia,32esimi di finale,20.12.2025,AS Le Gosier,Lorient,Ospite,Lorient,3-4-2-1,Panchina,9,20,Semedo D.,,,,,xIea0NKi
Coppa di Francia,32esimi di finale,20.12.2025,Biesheim,Metz,Casa,Biesheim,5-3-2,Titolare,1,1,Gentner A.,Portiere,5.2,,,x4GQoO5b
Coppa di Francia,32esimi di finale,20.12.2025,Biesheim,Metz,Casa,Biesheim,5-3-2,Titolare,2,2,Alves L.,,6.8,,,x4GQoO5b
Coppa di Francia,32esimi di finale,20.12.2025,Biesheim,Metz,Casa,Biesheim,5-3-2,Titolare,3,3,Gyeboaho J.,,6.5,,,x4GQoO5b
Coppa di Francia,32esimi di finale,20.12.2025,Biesheim,Metz,Casa,Biesheim,5-3-2,Titolare,4,4,Mbimba G.,,6.7,,,x4GQoO5b
Coppa di Francia,32esimi di finale,20.12.2025,Biesheim,Metz,Casa,Biesheim,5-3-2,Titolare,5,5,Fofana B.,,7.1,,83',x4GQoO5b
Coppa di Francia,32esimi di finale,20.12.2025,Biesheim,Metz,Casa,Biesheim,5-3-2,Titolare,6,7,Hayef R.,,6.5,,61',x4GQoO5b
Coppa di Francia,32esimi di finale,20.12.2025,Biesheim,Metz,Casa,Biesheim,5-3-2,Titolare,7,10,Valbon A.,,6.1,,62',x4GQoO5b
Coppa di Francia,32esimi di finale,20.12.2025,Biesheim,Metz,Casa,Biesheim,5-3-2,Titolare,8,6,Decherf A.,Capitano,5.7,,83',x4GQoO5b
Coppa di Francia,32esimi di finale,20.12.2025,Biesheim,Metz,Casa,Biesheim,5-3-2,Titolare,9,8,Diop P.,,5.5,,68',x4GQoO5b
Coppa di Francia,32esimi di finale,20.12.2025,Biesheim,Metz,Casa,Biesheim,5-3-2,Titolare,10,11,Glao D.,,6.2,,,x4GQoO5b
Coppa di Francia,32esimi di finale,20.12.2025,Biesheim,Metz,Casa,Biesheim,5-3-2,Titolare,11,9,Reppert A.,,6.3,,,x4GQoO5b
Coppa di Francia,32esimi di finale,20.12.2025,Biesheim,Metz,Casa,Biesheim,5-3-2,Panchina,1,15,Bonsu D.,,6.5,61',,x4GQoO5b
Coppa di Francia,32esimi di finale,20.12.2025,Biesheim,Metz,Casa,Biesheim,5-3-2,Panchina,2,19,Boutellaa C.,,,,,x4GQoO5b
Coppa di Francia,32esimi di finale,20.12.2025,Biesheim,Metz,Casa,Biesheim,5-3-2,Panchina,3,12,Camara F.,,,83',,x4GQoO5b
Coppa di Francia,32esimi di finale,20.12.2025,Biesheim,Metz,Casa,Biesheim,5-3-2,Panchina,4,16,Cortes S.,Portiere,,,,x4GQoO5b
Coppa di Francia,32esimi di finale,20.12.2025,Biesheim,Metz,Casa,Biesheim,5-3-2,Panchina,5,17,Mendy K.,,6.3,68',,x4GQoO5b
Coppa di Francia,32esimi di finale,20.12.2025,Biesheim,Metz,Casa,Biesheim,5-3-2,Panchina,6,20,Mousseni M.,,,,,x4GQoO5b
Coppa di Francia,32esimi di finale,20.12.2025,Biesheim,Metz,Casa,Biesheim,5-3-2,Panchina,7,13,Tahmouch M.,,,83',,x4GQoO5b
Coppa di Francia,32esimi di finale,20.12.2025,Biesheim,Metz,Casa,Biesheim,5-3-2,Panchina,8,18,Vallon A.,,,,,x4GQoO5b
Coppa di Francia,32esimi di finale,20.12.2025,Biesheim,Metz,Casa,Biesheim,5-3-2,Panchina,9,14,Walter T.,,6.8,62',,x4GQoO5b
Coppa di Francia,32esimi di finale,20.12.2025,Biesheim,Metz,Ospite,Metz,4-2-3-1,Titolare,1,1,Ba O.,Portiere,7.8,,,x4GQoO5b
Coppa di Francia,32esimi di finale,20.12.2025,Biesheim,Metz,Ospite,Metz,4-2-3-1,Titolare,2,3,Kouao K.,,7.1,,,x4GQoO5b
Coppa di Francia,32esimi di finale,20.12.2025,Biesheim,Metz,Ospite,Metz,4-2-3-1,Titolare,3,2,Colin M.,,6.0,,,x4GQoO5b
Coppa di Francia,32esimi di finale,20.12.2025,Biesheim,Metz,Ospite,Metz,4-2-3-1,Titolare,4,4,Mboula U.,,6.4,,68',x4GQoO5b
Coppa di Francia,32esimi di finale,20.12.2025,Biesheim,Metz,Ospite,Metz,4-2-3-1,Titolare,5,5,Deminguet J.,,7.1,,,x4GQoO5b
Coppa di Francia,32esimi di finale,20.12.2025,Biesheim,Metz,Ospite,Metz,4-2-3-1,Titolare,6,6,Stambouli B.,,7.3,,,x4GQoO5b
Coppa di Francia,32esimi di finale,20.12.2025,Biesheim,Metz,Ospite,Metz,4-2-3-1,Titolare,7,8,Traore B.,,8.7,,70',x4GQoO5b
Coppa di Francia,32esimi di finale,20.12.2025,Biesheim,Metz,Ospite,Metz,4-2-3-1,Titolare,8,11,Mbaye M.,,7.2,,71',x4GQoO5b
Coppa di Francia,32esimi di finale,20.12.2025,Biesheim,Metz,Ospite,Metz,4-2-3-1,Titolare,9,10,Hein G.,Capitano,8.6,,87',x4GQoO5b
Coppa di Francia,32esimi di finale,20.12.2025,Biesheim,Metz,Ospite,Metz,4-2-3-1,Titolare,10,7,Tsitaishvili G.,,7.3,,68',x4GQoO5b
Coppa di Francia,32esimi di finale,20.12.2025,Biesheim,Metz,Ospite,Metz,4-2-3-1,Titolare,11,9,Sane I.,,7.6,,,x4GQoO5b
Coppa di Francia,32esimi di finale,20.12.2025,Biesheim,Metz,Ospite,Metz,4-2-3-1,Panchina,1,13,Abuashvili G.,,6.0,71',,x4GQoO5b
Coppa di Francia,32esimi di finale,20.12.2025,Biesheim,Metz,Ospite,Metz,4-2-3-1,Panchina,2,19,Bokele Mputu M.,,7.6,68',,x4GQoO5b
Coppa di Francia,32esimi di finale,20.12.2025,Biesheim,Metz,Ospite,Metz,4-2-3-1,Panchina,3,15,Diop M.,,6.5,68',,x4GQoO5b
Coppa di Francia,32esimi di finale,20.12.2025,Biesheim,Metz,Ospite,Metz,4-2-3-1,Panchina,4,17,Dos Santos T.,,,,,x4GQoO5b
Coppa di Francia,32esimi di finale,20.12.2025,Biesheim,Metz,Ospite,Metz,4-2-3-1,Panchina,5,16,Fischer J.,Portiere,,,,x4GQoO5b
Coppa di Francia,32esimi di finale,20.12.2025,Biesheim,Metz,Ospite,Metz,4-2-3-1,Panchina,6,18,Mbala N.,,,87',,x4GQoO5b
Coppa di Francia,32esimi di finale,20.12.2025,Biesheim,Metz,Ospite,Metz,4-2-3-1,Panchina,7,14,Melieres C.,,,,,x4GQoO5b
Coppa di Francia,32esimi di finale,20.12.2025,Biesheim,Metz,Ospite,Metz,4-2-3-1,Panchina,8,20,Munongo B.,,,,,x4GQoO5b
Coppa di Francia,32esimi di finale,20.12.2025,Biesheim,Metz,Ospite,Metz,4-2-3-1,Panchina,9,12,Toure A.,,6.5,70',,x4GQoO5b
Coppa di Francia,32esimi di finale,20.12.2025,Grenoble,Nancy,Casa,Grenoble,5-3-2,Titolare,1,1,Allain B.,Portiere,6.2,,,ptAaPUgK
Coppa di Francia,32esimi di finale,20.12.2025,Grenoble,Nancy,Casa,Grenoble,5-3-2,Titolare,2,2,N'Gatta A. L.,,6.9,,83',ptAaPUgK
Coppa di Francia,32esimi di finale,20.12.2025,Grenoble,Nancy,Casa,Grenoble,5-3-2,Titolare,3,4,Mouyokolo L.,,6.8,,,ptAaPUgK
Coppa di Francia,32esimi di finale,20.12.2025,Grenoble,Nancy,Casa,Grenoble,5-3-2,Titolare,4,5,Vidal C.,,6.9,,,ptAaPUgK
Coppa di Francia,32esimi di finale,20.12.2025,Grenoble,Nancy,Casa,Grenoble,5-3-2,Titolare,5,3,Sarikaya E.,,6.6,,67',ptAaPUgK
Coppa di Francia,32esimi di finale,20.12.2025,Grenoble,Nancy,Casa,Grenoble,5-3-2,Titolare,6,10,Xantippe M.,,7.1,,,ptAaPUgK
Coppa di Francia,32esimi di finale,20.12.2025,Grenoble,Nancy,Casa,Grenoble,5-3-2,Titolare,7,6,Valls T.,Capitano,6.3,,83',ptAaPUgK
Coppa di Francia,32esimi di finale,20.12.2025,Grenoble,Nancy,Casa,Grenoble,5-3-2,Titolare,8,8,Benet J.,,7.3,,,ptAaPUgK
Coppa di Francia,32esimi di finale,20.12.2025,Grenoble,Nancy,Casa,Grenoble,5-3-2,Titolare,9,11,Bangre M.,,6.2,,67',ptAaPUgK
Coppa di Francia,32esimi di finale,20.12.2025,Grenoble,Nancy,Casa,Grenoble,5-3-2,Titolare,10,7,Diaby Y.,,7.8,,,ptAaPUgK
Coppa di Francia,32esimi di finale,20.12.2025,Grenoble,Nancy,Casa,Grenoble,5-3-2,Titolare,11,9,Elphege N.,,6.2,,18',ptAaPUgK
Coppa di Francia,32esimi di finale,20.12.2025,Grenoble,Nancy,Casa,Grenoble,5-3-2,Panchina,1,13,Bechikh M.,,,,,ptAaPUgK
Coppa di Francia,32esimi di finale,20.12.2025,Grenoble,Nancy,Casa,Grenoble,5-3-2,Panchina,2,17,Delos S.,,,83',,ptAaPUgK
Coppa di Francia,32esimi di finale,20.12.2025,Grenoble,Nancy,Casa,Grenoble,5-3-2,Panchina,3,12,Diba S.,,6.4,67',,ptAaPUgK
Coppa di Francia,32esimi di finale,20.12.2025,Grenoble,Nancy,Casa,Grenoble,5-3-2,Panchina,4,14,Kerouedan A.,,,,,ptAaPUgK
Coppa di Francia,32esimi di finale,20.12.2025,Grenoble,Nancy,Casa,Grenoble,5-3-2,Panchina,5,15,Mambo S.,,6.2,67',,ptAaPUgK
Coppa di Francia,32esimi di finale,20.12.2025,Grenoble,Nancy,Casa,Grenoble,5-3-2,Panchina,6,18,Mbock H.,,,83',,ptAaPUgK
Coppa di Francia,32esimi di finale,20.12.2025,Grenoble,Nancy,Casa,Grenoble,5-3-2,Panchina,7,20,Mion M.,,,,,ptAaPUgK
Coppa di Francia,32esimi di finale,20.12.2025,Grenoble,Nancy,Casa,Grenoble,5-3-2,Panchina,8,16,Pattier M.,Portiere,,,,ptAaPUgK
Coppa di Francia,32esimi di finale,20.12.2025,Grenoble,Nancy,Casa,Grenoble,5-3-2,Panchina,9,19,Zahui N.,,7.5,18',,ptAaPUgK
Coppa di Francia,32esimi di finale,20.12.2025,Grenoble,Nancy,Ospite,Nancy,3-4-3,Titolare,1,1,Lembet G.,Portiere,8.1,,,ptAaPUgK
Coppa di Francia,32esimi di finale,20.12.2025,Grenoble,Nancy,Ospite,Nancy,3-4-3,Titolare,2,4,Fernandez N.,,6.9,,,ptAaPUgK
Coppa di Francia,32esimi di finale,20.12.2025,Grenoble,Nancy,Ospite,Nancy,3-4-3,Titolare,3,3,Carlier M.,Capitano,6.1,,,ptAaPUgK
Coppa di Francia,32esimi di finale,20.12.2025,Grenoble,Nancy,Ospite,Nancy,3-4-3,Titolare,4,5,Nahounou Y.,,6.6,,76',ptAaPUgK
Coppa di Francia,32esimi di finale,20.12.2025,Grenoble,Nancy,Ospite,Nancy,3-4-3,Titolare,5,2,Tacafred E.,,7.8,,,ptAaPUgK
Coppa di Francia,32esimi di finale,20.12.2025,Grenoble,Nancy,Ospite,Nancy,3-4-3,Titolare,6,7,Gelin J.,,6.6,,,ptAaPUgK
Coppa di Francia,32esimi di finale,20.12.2025,Grenoble,Nancy,Ospite,Nancy,3-4-3,Titolare,7,6,Bouriaud T.,,6.4,,80',ptAaPUgK
Coppa di Francia,32esimi di finale,20.12.2025,Grenoble,Nancy,Ospite,Nancy,3-4-3,Titolare,8,8,Experience M.,,6.2,,,ptAaPUgK
Coppa di Francia,32esimi di finale,20.12.2025,Grenoble,Nancy,Ospite,Nancy,3-4-3,Titolare,9,9,Guendez M.,,6.3,,67',ptAaPUgK
Coppa di Francia,32esimi di finale,20.12.2025,Grenoble,Nancy,Ospite,Nancy,3-4-3,Titolare,10,10,Dabasse A.,,6.1,,67',ptAaPUgK
Coppa di Francia,32esimi di finale,20.12.2025,Grenoble,Nancy,Ospite,Nancy,3-4-3,Titolare,11,11,Evans J.,,6.6,,68',ptAaPUgK
Coppa di Francia,32esimi di finale,20.12.2025,Grenoble,Nancy,Ospite,Nancy,3-4-3,Panchina,1,17,Bamba R.,,6.6,67',,ptAaPUgK
Coppa di Francia,32esimi di finale,20.12.2025,Grenoble,Nancy,Ospite,Nancy,3-4-3,Panchina,2,19,Barbier H.,,6.4,76',,ptAaPUgK
Coppa di Francia,32esimi di finale,20.12.2025,Grenoble,Nancy,Ospite,Nancy,3-4-3,Panchina,3,16,Basilio E.,Portiere,,,,ptAaPUgK
Coppa di Francia,32esimi di finale,20.12.2025,Grenoble,Nancy,Ospite,Nancy,3-4-3,Panchina,4,20,Bokangu B.,,7.0,67',,ptAaPUgK
Coppa di Francia,32esimi di finale,20.12.2025,Grenoble,Nancy,Ospite,Nancy,3-4-3,Panchina,5,13,Camara B.,,,,,ptAaPUgK
Coppa di Francia,32esimi di finale,20.12.2025,Grenoble,Nancy,Ospite,Nancy,3-4-3,Panchina,6,12,Julloux A.,,,,,ptAaPUgK
Coppa di Francia,32esimi di finale,20.12.2025,Grenoble,Nancy,Ospite,Nancy,3-4-3,Panchina,7,14,Sidibe O.,,6.5,68',,ptAaPUgK
Coppa di Francia,32esimi di finale,20.12.2025,Grenoble,Nancy,Ospite,Nancy,3-4-3,Panchina,8,15,Suljic C.,,,,,ptAaPUgK
Coppa di Francia,32esimi di finale,20.12.2025,Grenoble,Nancy,Ospite,Nancy,3-4-3,Panchina,9,18,Ztouti Z.,,6.4,80',,ptAaPUgK
Coppa di Francia,32esimi di finale,20.12.2025,Lyon - La Duchere,Tolosa,Casa,Lyon - La Duchere,5-4-1,Titolare,1,1,Vita E.,Portiere,6.5,,,AVg7b1k4
Coppa di Francia,32esimi di finale,20.12.2025,Lyon - La Duchere,Tolosa,Casa,Lyon - La Duchere,5-4-1,Titolare,2,2,Haon M.,,6.5,,,AVg7b1k4
Coppa di Francia,32esimi di finale,20.12.2025,Lyon - La Duchere,Tolosa,Casa,Lyon - La Duchere,5-4-1,Titolare,3,6,Zouma Y.,,5.3,,83',AVg7b1k4
Coppa di Francia,32esimi di finale,20.12.2025,Lyon - La Duchere,Tolosa,Casa,Lyon - La Duchere,5-4-1,Titolare,4,5,Thunet R.,,6.2,,,AVg7b1k4
Coppa di Francia,32esimi di finale,20.12.2025,Lyon - La Duchere,Tolosa,Casa,Lyon - La Duchere,5-4-1,Titolare,5,4,Ighbane N.,,5.9,,,AVg7b1k4
Coppa di Francia,32esimi di finale,20.12.2025,Lyon - La Duchere,Tolosa,Casa,Lyon - La Duchere,5-4-1,Titolare,6,3,Clavel M.,,5.8,,,AVg7b1k4
Coppa di Francia,32esimi di finale,20.12.2025,Lyon - La Duchere,Tolosa,Casa,Lyon - La Duchere,5-4-1,Titolare,7,7,Etien A.,,7.2,,90+1',AVg7b1k4
Coppa di Francia,32esimi di finale,20.12.2025,Lyon - La Duchere,Tolosa,Casa,Lyon - La Duchere,5-4-1,Titolare,8,8,Martelat Y.,,6.5,,,AVg7b1k4
Coppa di Francia,32esimi di finale,20.12.2025,Lyon - La Duchere,Tolosa,Casa,Lyon - La Duchere,5-4-1,Titolare,9,10,Dhib N.,Capitano,5.8,,,AVg7b1k4
Coppa di Francia,32esimi di finale,20.12.2025,Lyon - La Duchere,Tolosa,Casa,Lyon - La Duchere,5-4-1,Titolare,10,11,Valey E.,,6.4,,86',AVg7b1k4
Coppa di Francia,32esimi di finale,20.12.2025,Lyon - La Duchere,Tolosa,Casa,Lyon - La Duchere,5-4-1,Titolare,11,9,Bourouis-Belle S.,,6.1,,87',AVg7b1k4
Coppa di Francia,32esimi di finale,20.12.2025,Lyon - La Duchere,Tolosa,Casa,Lyon - La Duchere,5-4-1,Panchina,1,14,Bafounta K.,,,,,AVg7b1k4
Coppa di Francia,32esimi di finale,20.12.2025,Lyon - La Duchere,Tolosa,Casa,Lyon - La Duchere,5-4-1,Panchina,2,15,Belmahi K.,,,90+1',,AVg7b1k4
Coppa di Francia,32esimi di finale,20.12.2025,Lyon - La Duchere,Tolosa,Casa,Lyon - La Duchere,5-4-1,Panchina,3,13,Benyounes O.,,,,,AVg7b1k4
Coppa di Francia,32esimi di finale,20.12.2025,Lyon - La Duchere,Tolosa,Casa,Lyon - La Duchere,5-4-1,Panchina,4,19,Boughanmi I.,,,,,AVg7b1k4
Coppa di Francia,32esimi di finale,20.12.2025,Lyon - La Duchere,Tolosa,Casa,Lyon - La Duchere,5-4-1,Panchina,5,20,Ihaddadene I.,,,83',,AVg7b1k4
Coppa di Francia,32esimi di finale,20.12.2025,Lyon - La Duchere,Tolosa,Casa,Lyon - La Duchere,5-4-1,Panchina,6,18,Laurent J.,,,86',,AVg7b1k4
Coppa di Francia,32esimi di finale,20.12.2025,Lyon - La Duchere,Tolosa,Casa,Lyon - La Duchere,5-4-1,Panchina,7,12,Ndoutoume L.,,,,,AVg7b1k4
Coppa di Francia,32esimi di finale,20.12.2025,Lyon - La Duchere,Tolosa,Casa,Lyon - La Duchere,5-4-1,Panchina,8,16,Rambaud A.,Portiere,,,,AVg7b1k4
Coppa di Francia,32esimi di finale,20.12.2025,Lyon - La Duchere,Tolosa,Casa,Lyon - La Duchere,5-4-1,Panchina,9,17,Souare K.,,,87',,AVg7b1k4
Coppa di Francia,32esimi di finale,20.12.2025,Lyon - La Duchere,Tolosa,Ospite,Tolosa,3-4-2-1,Titolare,1,1,Haug K.,Portiere,6.6,,,AVg7b1k4
Coppa di Francia,32esimi di finale,20.12.2025,Lyon - La Duchere,Tolosa,Ospite,Tolosa,3-4-2-1,Titolare,2,8,Vossah A.,,6.9,,,AVg7b1k4
Coppa di Francia,32esimi di finale,20.12.2025,Lyon - La Duchere,Tolosa,Ospite,Tolosa,3-4-2-1,Titolare,3,5,Koumbassa S.,,8.0,,,AVg7b1k4
Coppa di Francia,32esimi di finale,20.12.2025,Lyon - La Duchere,Tolosa,Ospite,Tolosa,3-4-2-1,Titolare,4,3,McKenzie M.,Capitano,8.4,,,AVg7b1k4
Coppa di Francia,32esimi di finale,20.12.2025,Lyon - La Duchere,Tolosa,Ospite,Tolosa,3-4-2-1,Titolare,5,2,Messali R.,,7.3,,76',AVg7b1k4
Coppa di Francia,32esimi di finale,20.12.2025,Lyon - La Duchere,Tolosa,Ospite,Tolosa,3-4-2-1,Titolare,6,4,Sauer M.,,5.7,,,AVg7b1k4
Coppa di Francia,32esimi di finale,20.12.2025,Lyon - La Duchere,Tolosa,Ospite,Tolosa,3-4-2-1,Titolare,7,6,Casseres C.,,8.3,,,AVg7b1k4
Coppa di Francia,32esimi di finale,20.12.2025,Lyon - La Duchere,Tolosa,Ospite,Tolosa,3-4-2-1,Titolare,8,11,Kamanzi W.,,6.8,,57',AVg7b1k4
Coppa di Francia,32esimi di finale,20.12.2025,Lyon - La Duchere,Tolosa,Ospite,Tolosa,3-4-2-1,Titolare,9,7,Donnum A.,,8.7,,,AVg7b1k4
Coppa di Francia,32esimi di finale,20.12.2025,Lyon - La Duchere,Tolosa,Ospite,Tolosa,3-4-2-1,Titolare,10,10,Gboho Y.,,7.7,,,AVg7b1k4
Coppa di Francia,32esimi di finale,20.12.2025,Lyon - La Duchere,Tolosa,Ospite,Tolosa,3-4-2-1,Titolare,11,9,Emersonn,,6.8,,,AVg7b1k4
Coppa di Francia,32esimi di finale,20.12.2025,Lyon - La Duchere,Tolosa,Ospite,Tolosa,3-4-2-1,Panchina,1,17,Bakhouche Piernas G.,,,,,AVg7b1k4
Coppa di Francia,32esimi di finale,20.12.2025,Lyon - La Duchere,Tolosa,Ospite,Tolosa,3-4-2-1,Panchina,2,20,Cresswell C.,,,,,AVg7b1k4
Coppa di Francia,32esimi di finale,20.12.2025,Lyon - La Duchere,Tolosa,Ospite,Tolosa,3-4-2-1,Panchina,3,16,Dominguez A.,Portiere,,,,AVg7b1k4
Coppa di Francia,32esimi di finale,20.12.2025,Lyon - La Duchere,Tolosa,Ospite,Tolosa,3-4-2-1,Panchina,4,13,Edjouma N.,,,,,AVg7b1k4
Coppa di Francia,32esimi di finale,20.12.2025,Lyon - La Duchere,Tolosa,Ospite,Tolosa,3-4-2-1,Panchina,5,14,Hidalgo S.,,6.8,57',,AVg7b1k4
Coppa di Francia,32esimi di finale,20.12.2025,Lyon - La Duchere,Tolosa,Ospite,Tolosa,3-4-2-1,Panchina,6,18,Methalie D.,,6.4,76',,AVg7b1k4
Coppa di Francia,32esimi di finale,20.12.2025,Lyon - La Duchere,Tolosa,Ospite,Tolosa,3-4-2-1,Panchina,7,12,Schmidt N.,,,,,AVg7b1k4
Coppa di Francia,32esimi di finale,20.12.2025,Lyon - La Duchere,Tolosa,Ospite,Tolosa,3-4-2-1,Panchina,8,19,Sidibe D.,,,,,AVg7b1k4
Coppa di Francia,32esimi di finale,20.12.2025,Lyon - La Duchere,Tolosa,Ospite,Tolosa,3-4-2-1,Panchina,9,15,Vignolo J.,,,,,AVg7b1k4
Coppa di Francia,32esimi di finale,20.12.2025,Raon L Etape,Paris FC,Casa,Raon L Etape,5-3-2,Titolare,1,1,Rodrigues L.,Portiere,7.7,,,QZyVQsVO
Coppa di Francia,32esimi di finale,20.12.2025,Raon L Etape,Paris FC,Casa,Raon L Etape,5-3-2,Titolare,2,2,Radisavljevic M.,,6.5,,63',QZyVQsVO
Coppa di Francia,32esimi di finale,20.12.2025,Raon L Etape,Paris FC,Casa,Raon L Etape,5-3-2,Titolare,3,6,Rateau E.,,6.1,,68',QZyVQsVO
Coppa di Francia,32esimi di finale,20.12.2025,Raon L Etape,Paris FC,Casa,Raon L Etape,5-3-2,Titolare,4,4,Mouakit A.,,6.3,,,QZyVQsVO
Coppa di Francia,32esimi di finale,20.12.2025,Raon L Etape,Paris FC,Casa,Raon L Etape,5-3-2,Titolare,5,5,Afangbom A.,,6.2,,,QZyVQsVO
Coppa di Francia,32esimi di finale,20.12.2025,Raon L Etape,Paris FC,Casa,Raon L Etape,5-3-2,Titolare,6,3,Rauzduel M.,,5.4,,,QZyVQsVO
Coppa di Francia,32esimi di finale,20.12.2025,Raon L Etape,Paris FC,Casa,Raon L Etape,5-3-2,Titolare,7,7,Corvino L.,,5.6,,,QZyVQsVO
Coppa di Francia,32esimi di finale,20.12.2025,Raon L Etape,Paris FC,Casa,Raon L Etape,5-3-2,Titolare,8,10,Hassidou O.,Capitano,6.1,,,QZyVQsVO
Coppa di Francia,32esimi di finale,20.12.2025,Raon L Etape,Paris FC,Casa,Raon L Etape,5-3-2,Titolare,9,8,Cherief M.,,6.8,,85',QZyVQsVO
Coppa di Francia,32esimi di finale,20.12.2025,Raon L Etape,Paris FC,Casa,Raon L Etape,5-3-2,Titolare,10,11,Fall P.,,5.3,,84',QZyVQsVO
Coppa di Francia,32esimi di finale,20.12.2025,Raon L Etape,Paris FC,Casa,Raon L Etape,5-3-2,Titolare,11,9,Toure A.,,5.8,,,QZyVQsVO
Coppa di Francia,32esimi di finale,20.12.2025,Raon L Etape,Paris FC,Casa,Raon L Etape,5-3-2,Panchina,1,18,Golovko O.,,,,,QZyVQsVO
Coppa di Francia,32esimi di finale,20.12.2025,Raon L Etape,Paris FC,Casa,Raon L Etape,5-3-2,Panchina,2,20,Herquel S.,,,,,QZyVQsVO
Coppa di Francia,32esimi di finale,20.12.2025,Raon L Etape,Paris FC,Casa,Raon L Etape,5-3-2,Panchina,3,15,Kog T.,,,,,QZyVQsVO
Coppa di Francia,32esimi di finale,20.12.2025,Raon L Etape,Paris FC,Casa,Raon L Etape,5-3-2,Panchina,4,16,Mangin B.,Portiere,,,,QZyVQsVO
Coppa di Francia,32esimi di finale,20.12.2025,Raon L Etape,Paris FC,Casa,Raon L Etape,5-3-2,Panchina,5,13,Petit L.,,6.6,63',,QZyVQsVO
Coppa di Francia,32esimi di finale,20.12.2025,Raon L Etape,Paris FC,Casa,Raon L Etape,5-3-2,Panchina,6,19,Ribas T.,,,85',,QZyVQsVO
Coppa di Francia,32esimi di finale,20.12.2025,Raon L Etape,Paris FC,Casa,Raon L Etape,5-3-2,Panchina,7,14,Saci M.,,,,,QZyVQsVO
Coppa di Francia,32esimi di finale,20.12.2025,Raon L Etape,Paris FC,Casa,Raon L Etape,5-3-2,Panchina,8,12,Savran S.,,,84',,QZyVQsVO
Coppa di Francia,32esimi di finale,20.12.2025,Raon L Etape,Paris FC,Casa,Raon L Etape,5-3-2,Panchina,9,17,Yattabare L.,,6.2,68',,QZyVQsVO
Coppa di Francia,32esimi di finale,20.12.2025,Raon L Etape,Paris FC,Ospite,Paris FC,4-2-3-1,Titolare,1,1,Nkambadio O.,Portiere,7.0,,,QZyVQsVO
Coppa di Francia,32esimi di finale,20.12.2025,Raon L Etape,Paris FC,Ospite,Paris FC,4-2-3-1,Titolare,2,2,Sangui N.,,6.9,,,QZyVQsVO
Coppa di Francia,32esimi di finale,20.12.2025,Raon L Etape,Paris FC,Ospite,Paris FC,4-2-3-1,Titolare,3,5,Mbow M.,,8.3,,,QZyVQsVO
Coppa di Francia,32esimi di finale,20.12.2025,Raon L Etape,Paris FC,Ospite,Paris FC,4-2-3-1,Titolare,4,6,Kolodziejczak T.,Capitano,7.3,,,QZyVQsVO
Coppa di Francia,32esimi di finale,20.12.2025,Raon L Etape,Paris FC,Ospite,Paris FC,4-2-3-1,Titolare,5,3,De Smet T.,,8.5,,90',QZyVQsVO
Coppa di Francia,32esimi di finale,20.12.2025,Raon L Etape,Paris FC,Ospite,Paris FC,4-2-3-1,Titolare,6,4,Marchetti V.,,7.6,,83',QZyVQsVO
Coppa di Francia,32esimi di finale,20.12.2025,Raon L Etape,Paris FC,Ospite,Paris FC,4-2-3-1,Titolare,7,8,Camara A.,,8.0,,,QZyVQsVO
Coppa di Francia,32esimi di finale,20.12.2025,Raon L Etape,Paris FC,Ospite,Paris FC,4-2-3-1,Titolare,8,7,Ikone J.,,9.0,,90',QZyVQsVO
Coppa di Francia,32esimi di finale,20.12.2025,Raon L Etape,Paris FC,Ospite,Paris FC,4-2-3-1,Titolare,9,10,Lopez J.,,7.1,,84',QZyVQsVO
Coppa di Francia,32esimi di finale,20.12.2025,Raon L Etape,Paris FC,Ospite,Paris FC,4-2-3-1,Titolare,10,11,Cafaro M.,,7.5,,68',QZyVQsVO
Coppa di Francia,32esimi di finale,20.12.2025,Raon L Etape,Paris FC,Ospite,Paris FC,4-2-3-1,Titolare,11,9,Geubbels W.,,7.7,,,QZyVQsVO
Coppa di Francia,32esimi di finale,20.12.2025,Raon L Etape,Paris FC,Ospite,Paris FC,4-2-3-1,Panchina,1,18,Dao M.,,,84',,QZyVQsVO
Coppa di Francia,32esimi di finale,20.12.2025,Raon L Etape,Paris FC,Ospite,Paris FC,4-2-3-1,Panchina,2,13,Fatahine A.,,,90',,QZyVQsVO
Coppa di Francia,32esimi di finale,20.12.2025,Raon L Etape,Paris FC,Ospite,Paris FC,4-2-3-1,Panchina,3,14,Gueye L.,,7.5,68',,QZyVQsVO
Coppa di Francia,32esimi di finale,20.12.2025,Raon L Etape,Paris FC,Ospite,Paris FC,4-2-3-1,Panchina,4,17,Khali Z.,,,,,QZyVQsVO
Coppa di Francia,32esimi di finale,20.12.2025,Raon L Etape,Paris FC,Ospite,Paris FC,4-2-3-1,Panchina,5,12,Ollila T.,,,,,QZyVQsVO
Coppa di Francia,32esimi di finale,20.12.2025,Raon L Etape,Paris FC,Ospite,Paris FC,4-2-3-1,Panchina,6,15,Prouchet K.,,,83',,QZyVQsVO
Coppa di Francia,32esimi di finale,20.12.2025,Raon L Etape,Paris FC,Ospite,Paris FC,4-2-3-1,Panchina,7,16,Trapp K.,Portiere,,,,QZyVQsVO
Coppa di Francia,32esimi di finale,20.12.2025,SA Merignac,Istres,Casa,SA Merignac,3-4-1-2,Titolare,1,1,Delrieu A.,Portiere,9.3,,,WxpQAVvR
Coppa di Francia,32esimi di finale,20.12.2025,SA Merignac,Istres,Casa,SA Merignac,3-4-1-2,Titolare,2,4,Sauvage Y.,,7.1,,,WxpQAVvR
Coppa di Francia,32esimi di finale,20.12.2025,SA Merignac,Istres,Casa,SA Merignac,3-4-1-2,Titolare,3,5,Clement P.,Capitano,6.2,,73',WxpQAVvR
Coppa di Francia,32esimi di finale,20.12.2025,SA Merignac,Istres,Casa,SA Merignac,3-4-1-2,Titolare,4,3,Akono J.,,7.3,,,WxpQAVvR
Coppa di Francia,32esimi di finale,20.12.2025,SA Merignac,Istres,Casa,SA Merignac,3-4-1-2,Titolare,5,2,Vindex A.,,5.8,,,WxpQAVvR
Coppa di Francia,32esimi di finale,20.12.2025,SA Merignac,Istres,Casa,SA Merignac,3-4-1-2,Titolare,6,6,Sane S.,,8.6,,,WxpQAVvR
Coppa di Francia,32esimi di finale,20.12.2025,SA Merignac,Istres,Casa,SA Merignac,3-4-1-2,Titolare,7,8,Sebal M.,,6.2,,87',WxpQAVvR
Coppa di Francia,32esimi di finale,20.12.2025,SA Merignac,Istres,Casa,SA Merignac,3-4-1-2,Titolare,8,11,Calavia T.,,7.1,,,WxpQAVvR
Coppa di Francia,32esimi di finale,20.12.2025,SA Merignac,Istres,Casa,SA Merignac,3-4-1-2,Titolare,9,10,Tazouti A.,,6.2,,59',WxpQAVvR
Coppa di Francia,32esimi di finale,20.12.2025,SA Merignac,Istres,Casa,SA Merignac,3-4-1-2,Titolare,10,9,Albert L.,,5.8,,87',WxpQAVvR
Coppa di Francia,32esimi di finale,20.12.2025,SA Merignac,Istres,Casa,SA Merignac,3-4-1-2,Titolare,11,7,Zerouni D.,,6.8,,87',WxpQAVvR
Coppa di Francia,32esimi di finale,20.12.2025,SA Merignac,Istres,Casa,SA Merignac,3-4-1-2,Panchina,1,16,Allo T.,Portiere,,,,WxpQAVvR
Coppa di Francia,32esimi di finale,20.12.2025,SA Merignac,Istres,Casa,SA Merignac,3-4-1-2,Panchina,2,19,Dia B.,,,87',,WxpQAVvR
Coppa di Francia,32esimi di finale,20.12.2025,SA Merignac,Istres,Casa,SA Merignac,3-4-1-2,Panchina,3,15,Fellat J.,,6.4,73',,WxpQAVvR
Coppa di Francia,32esimi di finale,20.12.2025,SA Merignac,Istres,Casa,SA Merignac,3-4-1-2,Panchina,4,14,Giraud E.,,,,,WxpQAVvR
Coppa di Francia,32esimi di finale,20.12.2025,SA Merignac,Istres,Casa,SA Merignac,3-4-1-2,Panchina,5,13,Haingue M.,,,87',,WxpQAVvR
Coppa di Francia,32esimi di finale,20.12.2025,SA Merignac,Istres,Casa,SA Merignac,3-4-1-2,Panchina,6,20,Kentzinger A.,,,,,WxpQAVvR
Coppa di Francia,32esimi di finale,20.12.2025,SA Merignac,Istres,Casa,SA Merignac,3-4-1-2,Panchina,7,12,Maury C.,,,,,WxpQAVvR
Coppa di Francia,32esimi di finale,20.12.2025,SA Merignac,Istres,Casa,SA Merignac,3-4-1-2,Panchina,8,17,Romero T.,,6.5,59',,WxpQAVvR
Coppa di Francia,32esimi di finale,20.12.2025,SA Merignac,Istres,Casa,SA Merignac,3-4-1-2,Panchina,9,18,Wallot J.,,,87',,WxpQAVvR
Coppa di Francia,32esimi di finale,20.12.2025,SA Merignac,Istres,Ospite,Istres,3-4-3,Titolare,1,1,Matimbou W.,Portiere,8.5,,,WxpQAVvR
Coppa di Francia,32esimi di finale,20.12.2025,SA Merignac,Istres,Ospite,Istres,3-4-3,Titolare,2,5,Dihad A.,,8.9,,,WxpQAVvR
Coppa di Francia,32esimi di finale,20.12.2025,SA Merignac,Istres,Ospite,Istres,3-4-3,Titolare,3,4,Nkulu L.,,7.4,,,WxpQAVvR
Coppa di Francia,32esimi di finale,20.12.2025,SA Merignac,Istres,Ospite,Istres,3-4-3,Titolare,4,2,Khechmar A.,,7.4,,,WxpQAVvR
Coppa di Francia,32esimi di finale,20.12.2025,SA Merignac,Istres,Ospite,Istres,3-4-3,Titolare,5,7,Marre E.,,7.5,,,WxpQAVvR
Coppa di Francia,32esimi di finale,20.12.2025,SA Merignac,Istres,Ospite,Istres,3-4-3,Titolare,6,6,Niakate A.,,6.9,,90+2',WxpQAVvR
Coppa di Francia,32esimi di finale,20.12.2025,SA Merignac,Istres,Ospite,Istres,3-4-3,Titolare,7,8,Kadir F.,Capitano,6.8,,,WxpQAVvR
Coppa di Francia,32esimi di finale,20.12.2025,SA Merignac,Istres,Ospite,Istres,3-4-3,Titolare,8,3,Relange T.,,6.2,,71',WxpQAVvR
Coppa di Francia,32esimi di finale,20.12.2025,SA Merignac,Istres,Ospite,Istres,3-4-3,Titolare,9,10,Nassiri A.,,6.0,,,WxpQAVvR
Coppa di Francia,32esimi di finale,20.12.2025,SA Merignac,Istres,Ospite,Istres,3-4-3,Titolare,10,9,Gueye A.,,6.2,,65',WxpQAVvR
Coppa di Francia,32esimi di finale,20.12.2025,SA Merignac,Istres,Ospite,Istres,3-4-3,Titolare,11,11,Cara S.,,6.7,,,WxpQAVvR
Coppa di Francia,32esimi di finale,20.12.2025,SA Merignac,Istres,Ospite,Istres,3-4-3,Panchina,1,13,Abergel S.,,6.5,71',,WxpQAVvR
Coppa di Francia,32esimi di finale,20.12.2025,SA Merignac,Istres,Ospite,Istres,3-4-3,Panchina,2,14,Badu B.,,,90+2',,WxpQAVvR
Coppa di Francia,32esimi di finale,20.12.2025,SA Merignac,Istres,Ospite,Istres,3-4-3,Panchina,3,12,Boukeroucha Y.,,,,,WxpQAVvR
Coppa di Francia,32esimi di finale,20.12.2025,SA Merignac,Istres,Ospite,Istres,3-4-3,Panchina,4,18,Dosso A.,,,,,WxpQAVvR
Coppa di Francia,32esimi di finale,20.12.2025,SA Merignac,Istres,Ospite,Istres,3-4-3,Panchina,5,15,Konte M.,,,,,WxpQAVvR
Coppa di Francia,32esimi di finale,20.12.2025,SA Merignac,Istres,Ospite,Istres,3-4-3,Panchina,6,17,Yara S.,,6.4,65',,WxpQAVvR
Coppa di Francia,32esimi di finale,20.12.2025,Pontivy,Bastia,Casa,Pontivy,4-3-3,Titolare,1,1,Le Corvaisier K.,Portiere,7.1,,,xbDGfJlT
Coppa di Francia,32esimi di finale,20.12.2025,Pontivy,Bastia,Casa,Pontivy,4-3-3,Titolare,2,4,Le Callonnec A.,,7.9,,,xbDGfJlT
Coppa di Francia,32esimi di finale,20.12.2025,Pontivy,Bastia,Casa,Pontivy,4-3-3,Titolare,3,5,Clemence T.,,7.0,,,xbDGfJlT
Coppa di Francia,32esimi di finale,20.12.2025,Pontivy,Bastia,Casa,Pontivy,4-3-3,Titolare,4,2,Mangan C.,,5.4,,,xbDGfJlT
Coppa di Francia,32esimi di finale,20.12.2025,Pontivy,Bastia,Casa,Pontivy,4-3-3,Titolare,5,3,Welsh S.,,7.3,,81',xbDGfJlT
Coppa di Francia,32esimi di finale,20.12.2025,Pontivy,Bastia,Casa,Pontivy,4-3-3,Titolare,6,8,Le Gal Y.,Capitano,5.9,,,xbDGfJlT
Coppa di Francia,32esimi di finale,20.12.2025,Pontivy,Bastia,Casa,Pontivy,4-3-3,Titolare,7,6,Jegat M.,,6.1,,,xbDGfJlT
Coppa di Francia,32esimi di finale,20.12.2025,Pontivy,Bastia,Casa,Pontivy,4-3-3,Titolare,8,7,Liri K.,,5.3,,,xbDGfJlT
Coppa di Francia,32esimi di finale,20.12.2025,Pontivy,Bastia,Casa,Pontivy,4-3-3,Titolare,9,10,Et Touguani I.,,6.5,,,xbDGfJlT
Coppa di Francia,32esimi di finale,20.12.2025,Pontivy,Bastia,Casa,Pontivy,4-3-3,Titolare,10,9,Guimard H.,,5.9,,66',xbDGfJlT
Coppa di Francia,32esimi di finale,20.12.2025,Pontivy,Bastia,Casa,Pontivy,4-3-3,Titolare,11,11,Laraba A.,,6.1,,66',xbDGfJlT
Coppa di Francia,32esimi di finale,20.12.2025,Pontivy,Bastia,Casa,Pontivy,4-3-3,Panchina,1,12,Amayota E.,,,,,xbDGfJlT
Coppa di Francia,32esimi di finale,20.12.2025,Pontivy,Bastia,Casa,Pontivy,4-3-3,Panchina,2,14,Camara P.,,,,,xbDGfJlT
Coppa di Francia,32esimi di finale,20.12.2025,Pontivy,Bastia,Casa,Pontivy,4-3-3,Panchina,3,19,Faure L.,,,81',,xbDGfJlT
Coppa di Francia,32esimi di finale,20.12.2025,Pontivy,Bastia,Casa,Pontivy,4-3-3,Panchina,4,15,Gomis V.,,6.0,66',,xbDGfJlT
Coppa di Francia,32esimi di finale,20.12.2025,Pontivy,Bastia,Casa,Pontivy,4-3-3,Panchina,5,17,Jestin M.,,,,,xbDGfJlT
Coppa di Francia,32esimi di finale,20.12.2025,Pontivy,Bastia,Casa,Pontivy,4-3-3,Panchina,6,20,Le Goff E.,,,,,xbDGfJlT
Coppa di Francia,32esimi di finale,20.12.2025,Pontivy,Bastia,Casa,Pontivy,4-3-3,Panchina,7,18,Le Nezet P.,,,,,xbDGfJlT
Coppa di Francia,32esimi di finale,20.12.2025,Pontivy,Bastia,Casa,Pontivy,4-3-3,Panchina,8,13,Nkassa J.,,6.1,66',,xbDGfJlT
Coppa di Francia,32esimi di finale,20.12.2025,Pontivy,Bastia,Casa,Pontivy,4-3-3,Panchina,9,16,Sogue M.,Portiere,,,,xbDGfJlT
Coppa di Francia,32esimi di finale,20.12.2025,Pontivy,Bastia,Ospite,Bastia,4-2-3-1,Titolare,1,1,Olmeta L.,Portiere,6.9,,,xbDGfJlT
Coppa di Francia,32esimi di finale,20.12.2025,Pontivy,Bastia,Ospite,Bastia,4-2-3-1,Titolare,2,2,Meynadier T.,,7.2,,,xbDGfJlT
Coppa di Francia,32esimi di finale,20.12.2025,Pontivy,Bastia,Ospite,Bastia,4-2-3-1,Titolare,3,4,Roncaglia A.,Capitano,6.8,,,xbDGfJlT
Coppa di Francia,32esimi di finale,20.12.2025,Pontivy,Bastia,Ospite,Bastia,4-2-3-1,Titolare,4,3,Guevara J.,,8.8,,90+3',xbDGfJlT
Coppa di Francia,32esimi di finale,20.12.2025,Pontivy,Bastia,Ospite,Bastia,4-2-3-1,Titolare,5,5,Bohnert F.,,6.3,,72',xbDGfJlT
Coppa di Francia,32esimi di finale,20.12.2025,Pontivy,Bastia,Ospite,Bastia,4-2-3-1,Titolare,6,6,Ducrocq T.,,8.0,,,xbDGfJlT
Coppa di Francia,32esimi di finale,20.12.2025,Pontivy,Bastia,Ospite,Bastia,4-2-3-1,Titolare,7,7,Petrignani M.,,7.1,,,xbDGfJlT
Coppa di Francia,32esimi di finale,20.12.2025,Pontivy,Bastia,Ospite,Bastia,4-2-3-1,Titolare,8,11,Sebas J.,,6.4,,72',xbDGfJlT
Coppa di Francia,32esimi di finale,20.12.2025,Pontivy,Bastia,Ospite,Bastia,4-2-3-1,Titolare,9,8,Karamoko I.,,6.8,,83',xbDGfJlT
Coppa di Francia,32esimi di finale,20.12.2025,Pontivy,Bastia,Ospite,Bastia,4-2-3-1,Titolare,10,10,Boutrah A.,,7.0,,72',xbDGfJlT
Coppa di Francia,32esimi di finale,20.12.2025,Pontivy,Bastia,Ospite,Bastia,4-2-3-1,Titolare,11,9,Tomi F.,,7.7,,,xbDGfJlT
Coppa di Francia,32esimi di finale,20.12.2025,Pontivy,Bastia,Ospite,Bastia,4-2-3-1,Panchina,1,20,Aiki A.,,6.9,72',,xbDGfJlT
Coppa di Francia,32esimi di finale,20.12.2025,Pontivy,Bastia,Ospite,Bastia,4-2-3-1,Panchina,2,15,Ariss Z.,,6.8,72',,xbDGfJlT
Coppa di Francia,32esimi di finale,20.12.2025,Pontivy,Bastia,Ospite,Bastia,4-2-3-1,Panchina,3,12,Basset D.,,,90+3',,xbDGfJlT
Coppa di Francia,32esimi di finale,20.12.2025,Pontivy,Bastia,Ospite,Bastia,4-2-3-1,Panchina,4,13,Beltaief Z.,,,,,xbDGfJlT
Coppa di Francia,32esimi di finale,20.12.2025,Pontivy,Bastia,Ospite,Bastia,4-2-3-1,Panchina,5,19,Ble M.,,6.2,72',,xbDGfJlT
Coppa di Francia,32esimi di finale,20.12.2025,Pontivy,Bastia,Ospite,Bastia,4-2-3-1,Panchina,6,14,Etoga L.,,,,,xbDGfJlT
Coppa di Francia,32esimi di finale,20.12.2025,Pontivy,Bastia,Ospite,Bastia,4-2-3-1,Panchina,7,16,Fabri J.,Portiere,,,,xbDGfJlT
Coppa di Francia,32esimi di finale,20.12.2025,Pontivy,Bastia,Ospite,Bastia,4-2-3-1,Panchina,8,17,Vincent C.,,,,,xbDGfJlT
Coppa di Francia,32esimi di finale,20.12.2025,Pontivy,Bastia,Ospite,Bastia,4-2-3-1,Panchina,9,18,Zaouai A.,,,83',,xbDGfJlT
Coppa di Francia,32esimi di finale,20.12.2025,Bethune,Sochaux,Casa,Bethune,4-3-3,Titolare,1,1,Lorandi R.,Portiere,5.3,,,M9DCxKSp
Coppa di Francia,32esimi di finale,20.12.2025,Bethune,Sochaux,Casa,Bethune,4-3-3,Titolare,2,2,Faouzi S.,,5.8,,,M9DCxKSp
Coppa di Francia,32esimi di finale,20.12.2025,Bethune,Sochaux,Casa,Bethune,4-3-3,Titolare,3,4,Debuire B.,,5.2,,,M9DCxKSp
Coppa di Francia,32esimi di finale,20.12.2025,Bethune,Sochaux,Casa,Bethune,4-3-3,Titolare,4,5,Mahieu H.,Capitano,6.2,,,M9DCxKSp
Coppa di Francia,32esimi di finale,20.12.2025,Bethune,Sochaux,Casa,Bethune,4-3-3,Titolare,5,3,Thumerel G.,,5.9,,,M9DCxKSp
Coppa di Francia,32esimi di finale,20.12.2025,Bethune,Sochaux,Casa,Bethune,4-3-3,Titolare,6,6,El Fadani A.,,6.8,,,M9DCxKSp
Coppa di Francia,32esimi di finale,20.12.2025,Bethune,Sochaux,Casa,Bethune,4-3-3,Titolare,7,10,Niangadou G.,,7.4,,,M9DCxKSp
Coppa di Francia,32esimi di finale,20.12.2025,Bethune,Sochaux,Casa,Bethune,4-3-3,Titolare,8,8,Evrard T.,,7.1,,76',M9DCxKSp
Coppa di Francia,32esimi di finale,20.12.2025,Bethune,Sochaux,Casa,Bethune,4-3-3,Titolare,9,7,Wieczorek N.,,6.0,,76',M9DCxKSp
Coppa di Francia,32esimi di finale,20.12.2025,Bethune,Sochaux,Casa,Bethune,4-3-3,Titolare,10,9,Janeszko A.,,6.1,,84',M9DCxKSp
Coppa di Francia,32esimi di finale,20.12.2025,Bethune,Sochaux,Casa,Bethune,4-3-3,Titolare,11,11,Kazmierczak T.,,5.7,,67',M9DCxKSp
Coppa di Francia,32esimi di finale,20.12.2025,Bethune,Sochaux,Casa,Bethune,4-3-3,Panchina,1,20,Cichocki M.,,,,,M9DCxKSp
Coppa di Francia,32esimi di finale,20.12.2025,Bethune,Sochaux,Casa,Bethune,4-3-3,Panchina,2,19,Cordiez T.,,,,,M9DCxKSp
Coppa di Francia,32esimi di finale,20.12.2025,Bethune,Sochaux,Casa,Bethune,4-3-3,Panchina,3,13,Galliano M.,,6.4,67',,M9DCxKSp
Coppa di Francia,32esimi di finale,20.12.2025,Bethune,Sochaux,Casa,Bethune,4-3-3,Panchina,4,14,Keita I.,,,84',,M9DCxKSp
Coppa di Francia,32esimi di finale,20.12.2025,Bethune,Sochaux,Casa,Bethune,4-3-3,Panchina,5,15,Lecolle J.,,,,,M9DCxKSp
Coppa di Francia,32esimi di finale,20.12.2025,Bethune,Sochaux,Casa,Bethune,4-3-3,Panchina,6,18,Loconte E.,,,,,M9DCxKSp
Coppa di Francia,32esimi di finale,20.12.2025,Bethune,Sochaux,Casa,Bethune,4-3-3,Panchina,7,17,Mendy J. C.,,6.3,76',,M9DCxKSp
Coppa di Francia,32esimi di finale,20.12.2025,Bethune,Sochaux,Casa,Bethune,4-3-3,Panchina,8,16,Salamon L.,Portiere,,,,M9DCxKSp
Coppa di Francia,32esimi di finale,20.12.2025,Bethune,Sochaux,Casa,Bethune,4-3-3,Panchina,9,12,Verbeke T.,,7.2,76',,M9DCxKSp
Coppa di Francia,32esimi di finale,20.12.2025,Bethune,Sochaux,Ospite,Sochaux,4-2-3-1,Titolare,1,1,Jeannin M.,Portiere,5.6,,,M9DCxKSp
Coppa di Francia,32esimi di finale,20.12.2025,Bethune,Sochaux,Ospite,Sochaux,4-2-3-1,Titolare,2,3,Mendes E.,,8.8,,,M9DCxKSp
Coppa di Francia,32esimi di finale,20.12.2025,Bethune,Sochaux,Ospite,Sochaux,4-2-3-1,Titolare,3,4,Mendy P.,Capitano,6.3,,,M9DCxKSp
Coppa di Francia,32esimi di finale,20.12.2025,Bethune,Sochaux,Ospite,Sochaux,4-2-3-1,Titolare,4,5,Toure M.,,,,,M9DCxKSp
Coppa di Francia,32esimi di finale,20.12.2025,Bethune,Sochaux,Ospite,Sochaux,4-2-3-1,Titolare,5,2,Saidi A.,,7.2,,,M9DCxKSp
Coppa di Francia,32esimi di finale,20.12.2025,Bethune,Sochaux,Ospite,Sochaux,4-2-3-1,Titolare,6,6,Bayanginisa H.,,6.2,,46',M9DCxKSp
Coppa di Francia,32esimi di finale,20.12.2025,Bethune,Sochaux,Ospite,Sochaux,4-2-3-1,Titolare,7,7,Mexique J.,,6.8,,,M9DCxKSp
Coppa di Francia,32esimi di finale,20.12.2025,Bethune,Sochaux,Ospite,Sochaux,4-2-3-1,Titolare,8,11,Vetro J.,,6.6,,46',M9DCxKSp
Coppa di Francia,32esimi di finale,20.12.2025,Bethune,Sochaux,Ospite,Sochaux,4-2-3-1,Titolare,9,8,Boutoutaou A.,,6.9,,90+2',M9DCxKSp
Coppa di Francia,32esimi di finale,20.12.2025,Bethune,Sochaux,Ospite,Sochaux,4-2-3-1,Titolare,10,10,Fofana B.,,7.5,,,M9DCxKSp
Coppa di Francia,32esimi di finale,20.12.2025,Bethune,Sochaux,Ospite,Sochaux,4-2-3-1,Titolare,11,9,Loubao S.,,7.0,,60',M9DCxKSp
Coppa di Francia,32esimi di finale,20.12.2025,Bethune,Sochaux,Ospite,Sochaux,4-2-3-1,Panchina,1,12,Djoco K.,,7.8,46',,M9DCxKSp
Coppa di Francia,32esimi di finale,20.12.2025,Bethune,Sochaux,Ospite,Sochaux,4-2-3-1,Panchina,2,18,Gomel B.,,7.6,46',,M9DCxKSp
Coppa di Francia,32esimi di finale,20.12.2025,Bethune,Sochaux,Ospite,Sochaux,4-2-3-1,Panchina,3,14,Joseph V.,,,90+2',,M9DCxKSp
Coppa di Francia,32esimi di finale,20.12.2025,Bethune,Sochaux,Ospite,Sochaux,4-2-3-1,Panchina,4,15,Lecolier M.,,6.7,60',,M9DCxKSp
Coppa di Francia,32esimi di finale,20.12.2025,Bethune,Sochaux,Ospite,Sochaux,4-2-3-1,Panchina,5,13,N'Gatta E.,,,,,M9DCxKSp
Coppa di Francia,32esimi di finale,20.12.2025,Bethune,Sochaux,Ospite,Sochaux,4-2-3-1,Panchina,6,17,Peybernes M.,,,,,M9DCxKSp
Coppa di Francia,32esimi di finale,20.12.2025,Bethune,Sochaux,Ospite,Sochaux,4-2-3-1,Panchina,7,16,Pierre A.,Portiere,,,,M9DCxKSp
Coppa di Francia,32esimi di finale,20.12.2025,Fontenay,PSG,Casa,Fontenay,5-4-1,Titolare,1,1,Renou N.,Portiere,6.3,,,Y5rmGQG6
Coppa di Francia,32esimi di finale,20.12.2025,Fontenay,PSG,Casa,Fontenay,5-4-1,Titolare,2,6,Vinet D.,,6.2,,69',Y5rmGQG6
Coppa di Francia,32esimi di finale,20.12.2025,Fontenay,PSG,Casa,Fontenay,5-4-1,Titolare,3,2,Moisdon A.,,4.5,,,Y5rmGQG6
Coppa di Francia,32esimi di finale,20.12.2025,Fontenay,PSG,Casa,Fontenay,5-4-1,Titolare,4,4,Bremond T.,,5.5,,,Y5rmGQG6
Coppa di Francia,32esimi di finale,20.12.2025,Fontenay,PSG,Casa,Fontenay,5-4-1,Titolare,5,5,Leriche Y.,,5.8,,,Y5rmGQG6
Coppa di Francia,32esimi di finale,20.12.2025,Fontenay,PSG,Casa,Fontenay,5-4-1,Titolare,6,3,Fromaget N.,,5.7,,79',Y5rmGQG6
Coppa di Francia,32esimi di finale,20.12.2025,Fontenay,PSG,Casa,Fontenay,5-4-1,Titolare,7,8,Keita N.,,5.5,,73',Y5rmGQG6
Coppa di Francia,32esimi di finale,20.12.2025,Fontenay,PSG,Casa,Fontenay,5-4-1,Titolare,8,7,Bisleau M.,,4.9,,69',Y5rmGQG6
Coppa di Francia,32esimi di finale,20.12.2025,Fontenay,PSG,Casa,Fontenay,5-4-1,Titolare,9,10,Belbachir M.,Capitano,6.5,,,Y5rmGQG6
Coppa di Francia,32esimi di finale,20.12.2025,Fontenay,PSG,Casa,Fontenay,5-4-1,Titolare,10,11,Millimono J.,,6.5,,73',Y5rmGQG6
Coppa di Francia,32esimi di finale,20.12.2025,Fontenay,PSG,Casa,Fontenay,5-4-1,Titolare,11,9,Diawara F.,,6.0,,,Y5rmGQG6
Coppa di Francia,32esimi di finale,20.12.2025,Fontenay,PSG,Casa,Fontenay,5-4-1,Panchina,1,15,Balliau K.,,6.2,69',,Y5rmGQG6
Coppa di Francia,32esimi di finale,20.12.2025,Fontenay,PSG,Casa,Fontenay,5-4-1,Panchina,2,12,Ernault K.,,6.4,79',,Y5rmGQG6
Coppa di Francia,32esimi di finale,20.12.2025,Fontenay,PSG,Casa,Fontenay,5-4-1,Panchina,3,19,Garnier T.,,,,,Y5rmGQG6
Coppa di Francia,32esimi di finale,20.12.2025,Fontenay,PSG,Casa,Fontenay,5-4-1,Panchina,4,20,Gibaud F.,,6.5,73',,Y5rmGQG6
Coppa di Francia,32esimi di finale,20.12.2025,Fontenay,PSG,Casa,Fontenay,5-4-1,Panchina,5,17,Girard L.,,6.3,69',,Y5rmGQG6
Coppa di Francia,32esimi di finale,20.12.2025,Fontenay,PSG,Casa,Fontenay,5-4-1,Panchina,6,14,Mornet N.,,,,,Y5rmGQG6
Coppa di Francia,32esimi di finale,20.12.2025,Fontenay,PSG,Casa,Fontenay,5-4-1,Panchina,7,13,Ouvrard H.,,,,,Y5rmGQG6
Coppa di Francia,32esimi di finale,20.12.2025,Fontenay,PSG,Casa,Fontenay,5-4-1,Panchina,8,16,Perian J.,Portiere,,,,Y5rmGQG6
Coppa di Francia,32esimi di finale,20.12.2025,Fontenay,PSG,Casa,Fontenay,5-4-1,Panchina,9,18,Renou E.,,6.4,73',,Y5rmGQG6
Coppa di Francia,32esimi di finale,20.12.2025,Fontenay,PSG,Ospite,PSG,4-3-3,Titolare,1,1,Marin R.,Portiere,7.3,,,Y5rmGQG6
Coppa di Francia,32esimi di finale,20.12.2025,Fontenay,PSG,Ospite,PSG,4-3-3,Titolare,2,2,Boly D.,,6.5,,29',Y5rmGQG6
Coppa di Francia,32esimi di finale,20.12.2025,Fontenay,PSG,Ospite,PSG,4-3-3,Titolare,3,6,Zabarnyi I.,,7.3,,,Y5rmGQG6
Coppa di Francia,32esimi di finale,20.12.2025,Fontenay,PSG,Ospite,PSG,4-3-3,Titolare,4,4,Beraldo L.,,7.9,,,Y5rmGQG6
Coppa di Francia,32esimi di finale,20.12.2025,Fontenay,PSG,Ospite,PSG,4-3-3,Titolare,5,3,Hernandez L.,,7.3,,,Y5rmGQG6
Coppa di Francia,32esimi di finale,20.12.2025,Fontenay,PSG,Ospite,PSG,4-3-3,Titolare,6,5,Ndjantou Q.,,6.4,,46',Y5rmGQG6
Coppa di Francia,32esimi di finale,20.12.2025,Fontenay,PSG,Ospite,PSG,4-3-3,Titolare,7,8,Zaire-Emery W.,,7.3,,61',Y5rmGQG6
Coppa di Francia,32esimi di finale,20.12.2025,Fontenay,PSG,Ospite,PSG,4-3-3,Titolare,8,7,Mayulu S.,,8.3,,,Y5rmGQG6
Coppa di Francia,32esimi di finale,20.12.2025,Fontenay,PSG,Ospite,PSG,4-3-3,Titolare,9,10,Dembele O.,Capitano,9.1,,61',Y5rmGQG6
Coppa di Francia,32esimi di finale,20.12.2025,Fontenay,PSG,Ospite,PSG,4-3-3,Titolare,10,9,Ramos G.,,9.5,,,Y5rmGQG6
Coppa di Francia,32esimi di finale,20.12.2025,Fontenay,PSG,Ospite,PSG,4-3-3,Titolare,11,11,Doue D.,,9.1,,61',Y5rmGQG6
Coppa di Francia,32esimi di finale,20.12.2025,Fontenay,PSG,Ospite,PSG,4-3-3,Panchina,1,16,Chevalier L.,Portiere,,,,Y5rmGQG6
Coppa di Francia,32esimi di finale,20.12.2025,Fontenay,PSG,Ospite,PSG,4-3-3,Panchina,2,20,James M.,Portiere,,,,Y5rmGQG6
Coppa di Francia,32esimi di finale,20.12.2025,Fontenay,PSG,Ospite,PSG,4-3-3,Panchina,3,19,Jangeal M.,,6.5,46',,Y5rmGQG6
Coppa di Francia,32esimi di finale,20.12.2025,Fontenay,PSG,Ospite,PSG,4-3-3,Panchina,4,14,Kamara N.,,6.5,61',,Y5rmGQG6
Coppa di Francia,32esimi di finale,20.12.2025,Fontenay,PSG,Ospite,PSG,4-3-3,Panchina,5,15,Mendes N.,,,,,Y5rmGQG6
Coppa di Francia,32esimi di finale,20.12.2025,Fontenay,PSG,Ospite,PSG,4-3-3,Panchina,6,18,Neves J.,,7.2,29',,Y5rmGQG6
Coppa di Francia,32esimi di finale,20.12.2025,Fontenay,PSG,Ospite,PSG,4-3-3,Panchina,7,13,Nsoki N.,,6.6,61',,Y5rmGQG6
Coppa di Francia,32esimi di finale,20.12.2025,Fontenay,PSG,Ospite,PSG,4-3-3,Panchina,8,12,Ruiz F.,,6.5,61',,Y5rmGQG6
Coppa di Francia,32esimi di finale,20.12.2025,Fontenay,PSG,Ospite,PSG,4-3-3,Panchina,9,17,Vitinha,,,,,Y5rmGQG6
Coppa di Francia,32esimi di finale,21.12.2025,Strasburgo,Dunkerque,Casa,Strasburgo,3-4-3,Titolare,1,1,Penders M.,Portiere,6.8,,,AkjOjAme
Coppa di Francia,32esimi di finale,21.12.2025,Strasburgo,Dunkerque,Casa,Strasburgo,3-4-3,Titolare,2,2,Hogsberg L.,,6.3,,,AkjOjAme
Coppa di Francia,32esimi di finale,21.12.2025,Strasburgo,Dunkerque,Casa,Strasburgo,3-4-3,Titolare,3,5,Doukoure I.,Capitano,7.6,,,AkjOjAme
Coppa di Francia,32esimi di finale,21.12.2025,Strasburgo,Dunkerque,Casa,Strasburgo,3-4-3,Titolare,4,3,Chilwell B.,,7.4,,,AkjOjAme
Coppa di Francia,32esimi di finale,21.12.2025,Strasburgo,Dunkerque,Casa,Strasburgo,3-4-3,Titolare,5,4,Ouattara A.,,6.2,,57',AkjOjAme
Coppa di Francia,32esimi di finale,21.12.2025,Strasburgo,Dunkerque,Casa,Strasburgo,3-4-3,Titolare,6,8,Barco V.,,9.1,,87',AkjOjAme
Coppa di Francia,32esimi di finale,21.12.2025,Strasburgo,Dunkerque,Casa,Strasburgo,3-4-3,Titolare,7,6,El Mourabet S.,,7.1,,,AkjOjAme
Coppa di Francia,32esimi di finale,21.12.2025,Strasburgo,Dunkerque,Casa,Strasburgo,3-4-3,Titolare,8,7,Moreira D.,,6.1,,57',AkjOjAme
Coppa di Francia,32esimi di finale,21.12.2025,Strasburgo,Dunkerque,Casa,Strasburgo,3-4-3,Titolare,9,11,Godo M.,,6.3,,74',AkjOjAme
Coppa di Francia,32esimi di finale,21.12.2025,Strasburgo,Dunkerque,Casa,Strasburgo,3-4-3,Titolare,10,9,Panichelli J.,,6.4,,,AkjOjAme
Coppa di Francia,32esimi di finale,21.12.2025,Strasburgo,Dunkerque,Casa,Strasburgo,3-4-3,Titolare,11,10,Enciso J.,,7.4,,,AkjOjAme
Coppa di Francia,32esimi di finale,21.12.2025,Strasburgo,Dunkerque,Casa,Strasburgo,3-4-3,Panchina,1,18,Amo-Ameyaw S.,,6.4,57',,AkjOjAme
Coppa di Francia,32esimi di finale,21.12.2025,Strasburgo,Dunkerque,Casa,Strasburgo,3-4-3,Panchina,2,17,Amougou M.,,,87',,AkjOjAme
Coppa di Francia,32esimi di finale,21.12.2025,Strasburgo,Dunkerque,Casa,Strasburgo,3-4-3,Panchina,3,16,Bajic S.,Portiere,,,,AkjOjAme
Coppa di Francia,32esimi di finale,21.12.2025,Strasburgo,Dunkerque,Casa,Strasburgo,3-4-3,Panchina,4,19,Kodia G.,,,,,AkjOjAme
Coppa di Francia,32esimi di finale,21.12.2025,Strasburgo,Dunkerque,Casa,Strasburgo,3-4-3,Panchina,5,14,Luis R.,,,,,AkjOjAme
Coppa di Francia,32esimi di finale,21.12.2025,Strasburgo,Dunkerque,Casa,Strasburgo,3-4-3,Panchina,6,15,Nanasi S.,,6.4,74',,AkjOjAme
Coppa di Francia,32esimi di finale,21.12.2025,Strasburgo,Dunkerque,Casa,Strasburgo,3-4-3,Panchina,7,20,Omobamidele A.,,6.4,57',,AkjOjAme
Coppa di Francia,32esimi di finale,21.12.2025,Strasburgo,Dunkerque,Casa,Strasburgo,3-4-3,Panchina,8,13,Paez K.,,,,,AkjOjAme
Coppa di Francia,32esimi di finale,21.12.2025,Strasburgo,Dunkerque,Casa,Strasburgo,3-4-3,Panchina,9,12,Sobol E.,,,,,AkjOjAme
Coppa di Francia,32esimi di finale,21.12.2025,Strasburgo,Dunkerque,Ospite,Dunkerque,4-1-4-1,Titolare,1,1,Lavin M.,Portiere,6.5,,,AkjOjAme
Coppa di Francia,32esimi di finale,21.12.2025,Strasburgo,Dunkerque,Ospite,Dunkerque,4-1-4-1,Titolare,2,6,Linguet A.,,6.2,,,AkjOjAme
Coppa di Francia,32esimi di finale,21.12.2025,Strasburgo,Dunkerque,Ospite,Dunkerque,4-1-4-1,Titolare,3,5,Sasso V.,Capitano,6.4,,,AkjOjAme
Coppa di Francia,32esimi di finale,21.12.2025,Strasburgo,Dunkerque,Ospite,Dunkerque,4-1-4-1,Titolare,4,8,Mayela V.,,6.3,,,AkjOjAme
Coppa di Francia,32esimi di finale,21.12.2025,Strasburgo,Dunkerque,Ospite,Dunkerque,4-1-4-1,Titolare,5,3,Kondo G.,,7.0,,,AkjOjAme
Coppa di Francia,32esimi di finale,21.12.2025,Strasburgo,Dunkerque,Ospite,Dunkerque,4-1-4-1,Titolare,6,2,Georgen A.,,6.5,,,AkjOjAme
Coppa di Francia,32esimi di finale,21.12.2025,Strasburgo,Dunkerque,Ospite,Dunkerque,4-1-4-1,Titolare,7,7,Yassine G.,,7.3,,,AkjOjAme
Coppa di Francia,32esimi di finale,21.12.2025,Strasburgo,Dunkerque,Ospite,Dunkerque,4-1-4-1,Titolare,8,4,Diop M.,,6.3,,62',AkjOjAme
Coppa di Francia,32esimi di finale,21.12.2025,Strasburgo,Dunkerque,Ospite,Dunkerque,4-1-4-1,Titolare,9,10,Bardeli E.,,6.7,,79',AkjOjAme
Coppa di Francia,32esimi di finale,21.12.2025,Strasburgo,Dunkerque,Ospite,Dunkerque,4-1-4-1,Titolare,10,11,Zossou A.,,6.0,,63',AkjOjAme
Coppa di Francia,32esimi di finale,21.12.2025,Strasburgo,Dunkerque,Ospite,Dunkerque,4-1-4-1,Titolare,11,9,Robinet T.,,7.1,,79',AkjOjAme
Coppa di Francia,32esimi di finale,21.12.2025,Strasburgo,Dunkerque,Ospite,Dunkerque,4-1-4-1,Panchina,1,18,Daho A.,,,,,AkjOjAme
Coppa di Francia,32esimi di finale,21.12.2025,Strasburgo,Dunkerque,Ospite,Dunkerque,4-1-4-1,Panchina,2,13,Dziki Loussilaho L.,,,,,AkjOjAme
Coppa di Francia,32esimi di finale,21.12.2025,Strasburgo,Dunkerque,Ospite,Dunkerque,4-1-4-1,Panchina,3,20,Essimi M.,,6.6,63',,AkjOjAme
Coppa di Francia,32esimi di finale,21.12.2025,Strasburgo,Dunkerque,Ospite,Dunkerque,4-1-4-1,Panchina,4,19,Kante A.,,6.4,79',,AkjOjAme
Coppa di Francia,32esimi di finale,21.12.2025,Strasburgo,Dunkerque,Ospite,Dunkerque,4-1-4-1,Panchina,5,12,N'Doye A.,,,,,AkjOjAme
Coppa di Francia,32esimi di finale,21.12.2025,Strasburgo,Dunkerque,Ospite,Dunkerque,4-1-4-1,Panchina,6,16,Niflore M.,Portiere,,,,AkjOjAme
Coppa di Francia,32esimi di finale,21.12.2025,Strasburgo,Dunkerque,Ospite,Dunkerque,4-1-4-1,Panchina,7,14,Seha Z.,,,,,AkjOjAme
Coppa di Francia,32esimi di finale,21.12.2025,Strasburgo,Dunkerque,Ospite,Dunkerque,4-1-4-1,Panchina,8,15,Sekongo A.,,6.2,62',,AkjOjAme
Coppa di Francia,32esimi di finale,21.12.2025,Strasburgo,Dunkerque,Ospite,Dunkerque,4-1-4-1,Panchina,9,17,Sylvestre E.,,6.6,79',,AkjOjAme
Coppa di Francia,32esimi di finale,21.12.2025,Nizza,St. Etienne,Casa,Nizza,4-2-3-1,Titolare,1,1,Dupe M.,Portiere,7.1,,,jRMtrt5N
Coppa di Francia,32esimi di finale,21.12.2025,Nizza,St. Etienne,Casa,Nizza,4-2-3-1,Titolare,2,2,Clauss J.,,7.8,,,jRMtrt5N
Coppa di Francia,32esimi di finale,21.12.2025,Nizza,St. Etienne,Casa,Nizza,4-2-3-1,Titolare,3,5,Bah J.,,6.4,,,jRMtrt5N
Coppa di Francia,32esimi di finale,21.12.2025,Nizza,St. Etienne,Casa,Nizza,4-2-3-1,Titolare,4,4,Peprah K.,,6.3,,,jRMtrt5N
Coppa di Francia,32esimi di finale,21.12.2025,Nizza,St. Etienne,Casa,Nizza,4-2-3-1,Titolare,5,3,Bard M.,Capitano,6.9,,,jRMtrt5N
Coppa di Francia,32esimi di finale,21.12.2025,Nizza,St. Etienne,Casa,Nizza,4-2-3-1,Titolare,6,6,Abdul Samed S.,,6.3,,,jRMtrt5N
Coppa di Francia,32esimi di finale,21.12.2025,Nizza,St. Etienne,Casa,Nizza,4-2-3-1,Titolare,7,7,Ndombele T.,,6.4,,63',jRMtrt5N
Coppa di Francia,32esimi di finale,21.12.2025,Nizza,St. Etienne,Casa,Nizza,4-2-3-1,Titolare,8,11,Cho M.,,7.3,,,jRMtrt5N
Coppa di Francia,32esimi di finale,21.12.2025,Nizza,St. Etienne,Casa,Nizza,4-2-3-1,Titolare,9,8,Sanson M.,,8.1,,,jRMtrt5N
Coppa di Francia,32esimi di finale,21.12.2025,Nizza,St. Etienne,Casa,Nizza,4-2-3-1,Titolare,10,10,Diop S.,,5.8,,82',jRMtrt5N
Coppa di Francia,32esimi di finale,21.12.2025,Nizza,St. Etienne,Casa,Nizza,4-2-3-1,Titolare,11,9,Diallo Z.,,7.0,,63',jRMtrt5N
Coppa di Francia,32esimi di finale,21.12.2025,Nizza,St. Etienne,Casa,Nizza,4-2-3-1,Panchina,1,15,Bernardeau G.,,,82',,jRMtrt5N
Coppa di Francia,32esimi di finale,21.12.2025,Nizza,St. Etienne,Casa,Nizza,4-2-3-1,Panchina,2,18,Brignone M.,,,,,jRMtrt5N
Coppa di Francia,32esimi di finale,21.12.2025,Nizza,St. Etienne,Casa,Nizza,4-2-3-1,Panchina,3,12,Gouveia T.,,6.5,63',,jRMtrt5N
Coppa di Francia,32esimi di finale,21.12.2025,Nizza,St. Etienne,Casa,Nizza,4-2-3-1,Panchina,4,19,Kevin,,,,,jRMtrt5N
Coppa di Francia,32esimi di finale,21.12.2025,Nizza,St. Etienne,Casa,Nizza,4-2-3-1,Panchina,5,13,Mantsounga B.,,,,,jRMtrt5N
Coppa di Francia,32esimi di finale,21.12.2025,Nizza,St. Etienne,Casa,Nizza,4-2-3-1,Panchina,6,17,Nguene B.,,6.5,63',,jRMtrt5N
Coppa di Francia,32esimi di finale,21.12.2025,Nizza,St. Etienne,Casa,Nizza,4-2-3-1,Panchina,7,14,Pereira E.,,,,,jRMtrt5N
Coppa di Francia,32esimi di finale,21.12.2025,Nizza,St. Etienne,Casa,Nizza,4-2-3-1,Panchina,8,20,Youssouf M.,,,,,jRMtrt5N
Coppa di Francia,32esimi di finale,21.12.2025,Nizza,St. Etienne,Casa,Nizza,4-2-3-1,Panchina,9,16,Zelazowski B.,Portiere,,,,jRMtrt5N
Coppa di Francia,32esimi di finale,21.12.2025,Nizza,St. Etienne,Ospite,St. Etienne,4-3-3,Titolare,1,1,Larsonneur G.,Portiere,6.6,,,jRMtrt5N
Coppa di Francia,32esimi di finale,21.12.2025,Nizza,St. Etienne,Ospite,St. Etienne,4-3-3,Titolare,2,6,Bernauer M.,,6.4,,,jRMtrt5N
Coppa di Francia,32esimi di finale,21.12.2025,Nizza,St. Etienne,Ospite,St. Etienne,4-3-3,Titolare,3,2,Pedro K.,,5.4,,,jRMtrt5N
Coppa di Francia,32esimi di finale,21.12.2025,Nizza,St. Etienne,Ospite,St. Etienne,4-3-3,Titolare,4,3,Nade M.,,7.0,,,jRMtrt5N
Coppa di Francia,32esimi di finale,21.12.2025,Nizza,St. Etienne,Ospite,St. Etienne,4-3-3,Titolare,5,11,Old B.,,5.9,,,jRMtrt5N
Coppa di Francia,32esimi di finale,21.12.2025,Nizza,St. Etienne,Ospite,St. Etienne,4-3-3,Titolare,6,4,Eymard P.,,6.0,,77',jRMtrt5N
Coppa di Francia,32esimi di finale,21.12.2025,Nizza,St. Etienne,Ospite,St. Etienne,4-3-3,Titolare,7,5,Jaber M.,,7.1,,,jRMtrt5N
Coppa di Francia,32esimi di finale,21.12.2025,Nizza,St. Etienne,Ospite,St. Etienne,4-3-3,Titolare,8,10,Tardieu F.,,7.7,,78',jRMtrt5N
Coppa di Francia,32esimi di finale,21.12.2025,Nizza,St. Etienne,Ospite,St. Etienne,4-3-3,Titolare,9,8,Boakye A.,,7.3,,,jRMtrt5N
Coppa di Francia,32esimi di finale,21.12.2025,Nizza,St. Etienne,Ospite,St. Etienne,4-3-3,Titolare,10,9,Stassin L.,,6.3,,,jRMtrt5N
Coppa di Francia,32esimi di finale,21.12.2025,Nizza,St. Etienne,Ospite,St. Etienne,4-3-3,Titolare,11,7,Davitashvili Z.,,8.0,,,jRMtrt5N
Coppa di Francia,32esimi di finale,21.12.2025,Nizza,St. Etienne,Ospite,St. Etienne,4-3-3,Panchina,1,12,Appiah D.,,,,,jRMtrt5N
Coppa di Francia,32esimi di finale,21.12.2025,Nizza,St. Etienne,Ospite,St. Etienne,4-3-3,Panchina,2,20,El Jamali N.,,6.4,77',,jRMtrt5N
Coppa di Francia,32esimi di finale,21.12.2025,Nizza,St. Etienne,Ospite,St. Etienne,4-3-3,Panchina,3,19,Gadegbeku L.,,,,,jRMtrt5N
Coppa di Francia,32esimi di finale,21.12.2025,Nizza,St. Etienne,Ospite,St. Etienne,4-3-3,Panchina,4,17,Macon Y.,,,,,jRMtrt5N
Coppa di Francia,32esimi di finale,21.12.2025,Nizza,St. Etienne,Ospite,St. Etienne,4-3-3,Panchina,5,16,Maubleu B.,Portiere,,,,jRMtrt5N
Coppa di Francia,32esimi di finale,21.12.2025,Nizza,St. Etienne,Ospite,St. Etienne,4-3-3,Panchina,6,18,Miladinovic I.,,6.5,78',,jRMtrt5N
Coppa di Francia,32esimi di finale,21.12.2025,Nizza,St. Etienne,Ospite,St. Etienne,4-3-3,Panchina,7,14,Mouton J.,,,,,jRMtrt5N
Coppa di Francia,32esimi di finale,21.12.2025,Nizza,St. Etienne,Ospite,St. Etienne,4-3-3,Panchina,8,15,N'Guessan D.,,,,,jRMtrt5N
Coppa di Francia,32esimi di finale,21.12.2025,Nizza,St. Etienne,Ospite,St. Etienne,4-3-3,Panchina,9,13,Stojkovic S.,,,,,jRMtrt5N
Coppa di Francia,32esimi di finale,21.12.2025,Bourg en Bresse,Marsiglia,Casa,Bourg en Bresse,5-3-2,Titolare,1,1,Mazuy A.,Portiere,4.3,,,K2ID1R1D
Coppa di Francia,32esimi di finale,21.12.2025,Bourg en Bresse,Marsiglia,Casa,Bourg en Bresse,5-3-2,Titolare,2,2,Pembele A.,,5.4,,,K2ID1R1D
Coppa di Francia,32esimi di finale,21.12.2025,Bourg en Bresse,Marsiglia,Casa,Bourg en Bresse,5-3-2,Titolare,3,4,Sylla M.,,4.9,,76',K2ID1R1D
Coppa di Francia,32esimi di finale,21.12.2025,Bourg en Bresse,Marsiglia,Casa,Bourg en Bresse,5-3-2,Titolare,4,5,Lacour Q.,Capitano,5.0,,,K2ID1R1D
Coppa di Francia,32esimi di finale,21.12.2025,Bourg en Bresse,Marsiglia,Casa,Bourg en Bresse,5-3-2,Titolare,5,6,Vitre N.,,5.1,,,K2ID1R1D
Coppa di Francia,32esimi di finale,21.12.2025,Bourg en Bresse,Marsiglia,Casa,Bourg en Bresse,5-3-2,Titolare,6,3,Koite C.,,5.5,,,K2ID1R1D
Coppa di Francia,32esimi di finale,21.12.2025,Bourg en Bresse,Marsiglia,Casa,Bourg en Bresse,5-3-2,Titolare,7,8,Bodmer M.,,5.8,,,K2ID1R1D
Coppa di Francia,32esimi di finale,21.12.2025,Bourg en Bresse,Marsiglia,Casa,Bourg en Bresse,5-3-2,Titolare,8,7,Slimani R.,,6.1,,63',K2ID1R1D
Coppa di Francia,32esimi di finale,21.12.2025,Bourg en Bresse,Marsiglia,Casa,Bourg en Bresse,5-3-2,Titolare,9,10,Meyer J.,,5.5,,75',K2ID1R1D
Coppa di Francia,32esimi di finale,21.12.2025,Bourg en Bresse,Marsiglia,Casa,Bourg en Bresse,5-3-2,Titolare,10,9,Cisse S.,,5.8,,,K2ID1R1D
Coppa di Francia,32esimi di finale,21.12.2025,Bourg en Bresse,Marsiglia,Casa,Bourg en Bresse,5-3-2,Titolare,11,11,Boumaaoui M.,,6.8,,85',K2ID1R1D
Coppa di Francia,32esimi di finale,21.12.2025,Bourg en Bresse,Marsiglia,Casa,Bourg en Bresse,5-3-2,Panchina,1,13,Abraou Y.,,,,,K2ID1R1D
Coppa di Francia,32esimi di finale,21.12.2025,Bourg en Bresse,Marsiglia,Casa,Bourg en Bresse,5-3-2,Panchina,2,16,Boulhendi T.,Portiere,,,,K2ID1R1D
Coppa di Francia,32esimi di finale,21.12.2025,Bourg en Bresse,Marsiglia,Casa,Bourg en Bresse,5-3-2,Panchina,3,17,Guel M.,,6.1,75',,K2ID1R1D
Coppa di Francia,32esimi di finale,21.12.2025,Bourg en Bresse,Marsiglia,Casa,Bourg en Bresse,5-3-2,Panchina,4,20,Keita E. M.,,,,,K2ID1R1D
Coppa di Francia,32esimi di finale,21.12.2025,Bourg en Bresse,Marsiglia,Casa,Bourg en Bresse,5-3-2,Panchina,5,15,Magassouba M.,,6.3,76',,K2ID1R1D
Coppa di Francia,32esimi di finale,21.12.2025,Bourg en Bresse,Marsiglia,Casa,Bourg en Bresse,5-3-2,Panchina,6,19,Mouaddeb N.,,,85',,K2ID1R1D
Coppa di Francia,32esimi di finale,21.12.2025,Bourg en Bresse,Marsiglia,Casa,Bourg en Bresse,5-3-2,Panchina,7,14,Muro R.,,,,,K2ID1R1D
Coppa di Francia,32esimi di finale,21.12.2025,Bourg en Bresse,Marsiglia,Casa,Bourg en Bresse,5-3-2,Panchina,8,18,Tankiev B.,,,86',,K2ID1R1D
Coppa di Francia,32esimi di finale,21.12.2025,Bourg en Bresse,Marsiglia,Casa,Bourg en Bresse,5-3-2,Panchina,9,12,Touray S.,,6.2,63',,K2ID1R1D
Coppa di Francia,32esimi di finale,21.12.2025,Bourg en Bresse,Marsiglia,Ospite,Marsiglia,3-4-1-2,Titolare,1,1,De Lange J.,Portiere,6.8,,,K2ID1R1D
Coppa di Francia,32esimi di finale,21.12.2025,Bourg en Bresse,Marsiglia,Ospite,Marsiglia,3-4-1-2,Titolare,2,4,Pavard B.,,7.5,,75',K2ID1R1D
Coppa di Francia,32esimi di finale,21.12.2025,Bourg en Bresse,Marsiglia,Ospite,Marsiglia,3-4-1-2,Titolare,3,5,Balerdi L.,Capitano,8.5,,,K2ID1R1D
Coppa di Francia,32esimi di finale,21.12.2025,Bourg en Bresse,Marsiglia,Ospite,Marsiglia,3-4-1-2,Titolare,4,3,Emerson,,7.7,,,K2ID1R1D
Coppa di Francia,32esimi di finale,21.12.2025,Bourg en Bresse,Marsiglia,Ospite,Marsiglia,3-4-1-2,Titolare,5,2,Weah T.,,6.6,,69',K2ID1R1D
Coppa di Francia,32esimi di finale,21.12.2025,Bourg en Bresse,Marsiglia,Ospite,Marsiglia,3-4-1-2,Titolare,6,6,O'Riley M.,,8.5,,,K2ID1R1D
Coppa di Francia,32esimi di finale,21.12.2025,Bourg en Bresse,Marsiglia,Ospite,Marsiglia,3-4-1-2,Titolare,7,8,Hojbjerg P.,,8.9,,,K2ID1R1D
Coppa di Francia,32esimi di finale,21.12.2025,Bourg en Bresse,Marsiglia,Ospite,Marsiglia,3-4-1-2,Titolare,8,11,Paixao I.,,9.0,,,K2ID1R1D
Coppa di Francia,32esimi di finale,21.12.2025,Bourg en Bresse,Marsiglia,Ospite,Marsiglia,3-4-1-2,Titolare,9,7,Gomes A.,,7.4,,62',K2ID1R1D
Coppa di Francia,32esimi di finale,21.12.2025,Bourg en Bresse,Marsiglia,Ospite,Marsiglia,3-4-1-2,Titolare,10,9,Maupay N.,,6.2,,63',K2ID1R1D
Coppa di Francia,32esimi di finale,21.12.2025,Bourg en Bresse,Marsiglia,Ospite,Marsiglia,3-4-1-2,Titolare,11,10,Greenwood M.,,8.3,,75',K2ID1R1D
Coppa di Francia,32esimi di finale,21.12.2025,Bourg en Bresse,Marsiglia,Ospite,Marsiglia,3-4-1-2,Panchina,1,20,Egan-Riley C.,,6.4,75',,K2ID1R1D
Coppa di Francia,32esimi di finale,21.12.2025,Bourg en Bresse,Marsiglia,Ospite,Marsiglia,3-4-1-2,Panchina,2,12,Kondogbia G.,,,,,K2ID1R1D
Coppa di Francia,32esimi di finale,21.12.2025,Bourg en Bresse,Marsiglia,Ospite,Marsiglia,3-4-1-2,Panchina,3,14,Medina F.,,6.4,62',,K2ID1R1D
Coppa di Francia,32esimi di finale,21.12.2025,Bourg en Bresse,Marsiglia,Ospite,Marsiglia,3-4-1-2,Panchina,4,13,Mmadi T.,,7.9,69',,K2ID1R1D
Coppa di Francia,32esimi di finale,21.12.2025,Bourg en Bresse,Marsiglia,Ospite,Marsiglia,3-4-1-2,Panchina,5,19,Murillo M.,,,,,K2ID1R1D
Coppa di Francia,32esimi di finale,21.12.2025,Bourg en Bresse,Marsiglia,Ospite,Marsiglia,3-4-1-2,Panchina,6,17,Nadir B.,,8.2,75',,K2ID1R1D
Coppa di Francia,32esimi di finale,21.12.2025,Bourg en Bresse,Marsiglia,Ospite,Marsiglia,3-4-1-2,Panchina,7,16,Rulli G.,Portiere,,,,K2ID1R1D
Coppa di Francia,32esimi di finale,21.12.2025,Bourg en Bresse,Marsiglia,Ospite,Marsiglia,3-4-1-2,Panchina,8,15,Vaz R.,,6.5,63',,K2ID1R1D
Coppa di Francia,32esimi di finale,21.12.2025,Bourg en Bresse,Marsiglia,Ospite,Marsiglia,3-4-1-2,Panchina,9,18,Vermeeren A.,,,,,K2ID1R1D
Coppa di Francia,32esimi di finale,21.12.2025,Auxerre,Monaco,Casa,Auxerre,5-3-2,Titolare,1,1,De Percin T.,Portiere,8.4,,,p2ozx8wQ
Coppa di Francia,32esimi di finale,21.12.2025,Auxerre,Monaco,Casa,Auxerre,5-3-2,Titolare,2,2,Sy L.,,7.0,,62',p2ozx8wQ
Coppa di Francia,32esimi di finale,21.12.2025,Auxerre,Monaco,Casa,Auxerre,5-3-2,Titolare,3,5,Senaya M.,,6.2,,,p2ozx8wQ
Coppa di Francia,32esimi di finale,21.12.2025,Auxerre,Monaco,Casa,Auxerre,5-3-2,Titolare,4,4,Sierralta F.,,7.2,,,p2ozx8wQ
Coppa di Francia,32esimi di finale,21.12.2025,Auxerre,Monaco,Casa,Auxerre,5-3-2,Titolare,5,3,Mensah G.,,8.1,,,p2ozx8wQ
Coppa di Francia,32esimi di finale,21.12.2025,Auxerre,Monaco,Casa,Auxerre,5-3-2,Titolare,6,11,Oppegard F.,,5.8,,,p2ozx8wQ
Coppa di Francia,32esimi di finale,21.12.2025,Auxerre,Monaco,Casa,Auxerre,5-3-2,Titolare,7,6,Diousse A.,Capitano,7.1,,,p2ozx8wQ
Coppa di Francia,32esimi di finale,21.12.2025,Auxerre,Monaco,Casa,Auxerre,5-3-2,Titolare,8,10,Danois K.,,6.6,,81',p2ozx8wQ
Coppa di Francia,32esimi di finale,21.12.2025,Auxerre,Monaco,Casa,Auxerre,5-3-2,Titolare,9,8,Matondo R.,,5.5,,81',p2ozx8wQ
Coppa di Francia,32esimi di finale,21.12.2025,Auxerre,Monaco,Casa,Auxerre,5-3-2,Titolare,10,7,Osman I.,,6.4,,89',p2ozx8wQ
Coppa di Francia,32esimi di finale,21.12.2025,Auxerre,Monaco,Casa,Auxerre,5-3-2,Titolare,11,9,Rodin R.,,5.8,,63',p2ozx8wQ
Coppa di Francia,32esimi di finale,21.12.2025,Auxerre,Monaco,Casa,Auxerre,5-3-2,Panchina,1,20,Cissokho M.,,6.2,63',,p2ozx8wQ
Coppa di Francia,32esimi di finale,21.12.2025,Auxerre,Monaco,Casa,Auxerre,5-3-2,Panchina,2,14,Coulibaly L.,,6.3,62',,p2ozx8wQ
Coppa di Francia,32esimi di finale,21.12.2025,Auxerre,Monaco,Casa,Auxerre,5-3-2,Panchina,3,15,Devernois T.,,,81',,p2ozx8wQ
Coppa di Francia,32esimi di finale,21.12.2025,Auxerre,Monaco,Casa,Auxerre,5-3-2,Panchina,4,12,Dioubate L.,,,89',,p2ozx8wQ
Coppa di Francia,32esimi di finale,21.12.2025,Auxerre,Monaco,Casa,Auxerre,5-3-2,Panchina,5,16,Leon D.,Portiere,,,,p2ozx8wQ
Coppa di Francia,32esimi di finale,21.12.2025,Auxerre,Monaco,Casa,Auxerre,5-3-2,Panchina,6,19,Petit Dol A.,,,,,p2ozx8wQ
Coppa di Francia,32esimi di finale,21.12.2025,Auxerre,Monaco,Casa,Auxerre,5-3-2,Panchina,7,18,Soumare E.,,,,,p2ozx8wQ
Coppa di Francia,32esimi di finale,21.12.2025,Auxerre,Monaco,Casa,Auxerre,5-3-2,Panchina,8,17,Zaddy Y.,,,81',,p2ozx8wQ
Coppa di Francia,32esimi di finale,21.12.2025,Auxerre,Monaco,Ospite,Monaco,4-2-3-1,Titolare,1,1,Hradecky L.,Portiere,7.7,,,p2ozx8wQ
Coppa di Francia,32esimi di finale,21.12.2025,Auxerre,Monaco,Ospite,Monaco,4-2-3-1,Titolare,2,2,Mawissa C.,,8.0,,65',p2ozx8wQ
Coppa di Francia,32esimi di finale,21.12.2025,Auxerre,Monaco,Ospite,Monaco,4-2-3-1,Titolare,3,5,Kehrer T.,,8.2,,,p2ozx8wQ
Coppa di Francia,32esimi di finale,21.12.2025,Auxerre,Monaco,Ospite,Monaco,4-2-3-1,Titolare,4,4,Salisu M.,,7.2,,,p2ozx8wQ
Coppa di Francia,32esimi di finale,21.12.2025,Auxerre,Monaco,Ospite,Monaco,4-2-3-1,Titolare,5,3,Caio Henrique,,7.8,,,p2ozx8wQ
Coppa di Francia,32esimi di finale,21.12.2025,Auxerre,Monaco,Ospite,Monaco,4-2-3-1,Titolare,6,8,Minamino T.,,6.4,,36',p2ozx8wQ
Coppa di Francia,32esimi di finale,21.12.2025,Auxerre,Monaco,Ospite,Monaco,4-2-3-1,Titolare,7,6,Zakaria D.,Capitano,7.2,,,p2ozx8wQ
Coppa di Francia,32esimi di finale,21.12.2025,Auxerre,Monaco,Ospite,Monaco,4-2-3-1,Titolare,8,11,Akliouche M.,,8.5,,,p2ozx8wQ
Coppa di Francia,32esimi di finale,21.12.2025,Auxerre,Monaco,Ospite,Monaco,4-2-3-1,Titolare,9,10,Golovin A.,,6.8,,65',p2ozx8wQ
Coppa di Francia,32esimi di finale,21.12.2025,Auxerre,Monaco,Ospite,Monaco,4-2-3-1,Titolare,10,9,Balogun F.,,7.1,,,p2ozx8wQ
Coppa di Francia,32esimi di finale,21.12.2025,Auxerre,Monaco,Ospite,Monaco,4-2-3-1,Titolare,11,7,Biereth M.,,8.5,,84',p2ozx8wQ
Coppa di Francia,32esimi di finale,21.12.2025,Auxerre,Monaco,Ospite,Monaco,4-2-3-1,Panchina,1,13,Bamba A.,,,,,p2ozx8wQ
Coppa di Francia,32esimi di finale,21.12.2025,Auxerre,Monaco,Ospite,Monaco,4-2-3-1,Panchina,2,14,Brunner P.,,,,,p2ozx8wQ
Coppa di Francia,32esimi di finale,21.12.2025,Auxerre,Monaco,Ospite,Monaco,4-2-3-1,Panchina,3,15,Cabral P.,,,,,p2ozx8wQ
Coppa di Francia,32esimi di finale,21.12.2025,Auxerre,Monaco,Ospite,Monaco,4-2-3-1,Panchina,4,18,Coulibaly M.,,7.8,36',,p2ozx8wQ
Coppa di Francia,32esimi di finale,21.12.2025,Auxerre,Monaco,Ospite,Monaco,4-2-3-1,Panchina,5,17,Idumbo S.,,6.7,65',,p2ozx8wQ
Coppa di Francia,32esimi di finale,21.12.2025,Auxerre,Monaco,Ospite,Monaco,4-2-3-1,Panchina,6,19,Ilenikhena G.,,,84',,p2ozx8wQ
Coppa di Francia,32esimi di finale,21.12.2025,Auxerre,Monaco,Ospite,Monaco,4-2-3-1,Panchina,7,16,Lienard Y.,Portiere,,,,p2ozx8wQ
Coppa di Francia,32esimi di finale,21.12.2025,Auxerre,Monaco,Ospite,Monaco,4-2-3-1,Panchina,8,20,Ouattara K.,,6.7,65',,p2ozx8wQ
Coppa di Francia,32esimi di finale,21.12.2025,Auxerre,Monaco,Ospite,Monaco,4-2-3-1,Panchina,9,12,Toure I.,,,,,p2ozx8wQ
Coppa di Francia,32esimi di finale,21.12.2025,Concarneau,Nantes,Casa,Concarneau,5-4-1,Titolare,1,1,Patron P.,Portiere,4.2,,,UBYXq2zB
Coppa di Francia,32esimi di finale,21.12.2025,Concarneau,Nantes,Casa,Concarneau,5-4-1,Titolare,2,5,Etcheverria B.,,6.8,,82',UBYXq2zB
Coppa di Francia,32esimi di finale,21.12.2025,Concarneau,Nantes,Casa,Concarneau,5-4-1,Titolare,3,6,Seba D.,,5.4,,65',UBYXq2zB
Coppa di Francia,32esimi di finale,21.12.2025,Concarneau,Nantes,Casa,Concarneau,5-4-1,Titolare,4,4,Jannez G.,Capitano,7.0,,,UBYXq2zB
Coppa di Francia,32esimi di finale,21.12.2025,Concarneau,Nantes,Casa,Concarneau,5-4-1,Titolare,5,2,Sinquin T.,,6.8,,,UBYXq2zB
Coppa di Francia,32esimi di finale,21.12.2025,Concarneau,Nantes,Casa,Concarneau,5-4-1,Titolare,6,3,Amede Kabongo R.,,6.3,,57',UBYXq2zB
Coppa di Francia,32esimi di finale,21.12.2025,Concarneau,Nantes,Casa,Concarneau,5-4-1,Titolare,7,11,Soukouna Y.,,6.6,,,UBYXq2zB
Coppa di Francia,32esimi di finale,21.12.2025,Concarneau,Nantes,Casa,Concarneau,5-4-1,Titolare,8,10,Goujon L.,,7.0,,,UBYXq2zB
Coppa di Francia,32esimi di finale,21.12.2025,Concarneau,Nantes,Casa,Concarneau,5-4-1,Titolare,9,8,Picouleau M.,,6.4,,81',UBYXq2zB
Coppa di Francia,32esimi di finale,21.12.2025,Concarneau,Nantes,Casa,Concarneau,5-4-1,Titolare,10,7,Samoura A.,,7.9,,,UBYXq2zB
Coppa di Francia,32esimi di finale,21.12.2025,Concarneau,Nantes,Casa,Concarneau,5-4-1,Titolare,11,9,Tell J.,,5.9,,66',UBYXq2zB
Coppa di Francia,32esimi di finale,21.12.2025,Concarneau,Nantes,Casa,Concarneau,5-4-1,Panchina,1,17,Daf O.,,6.9,66',,UBYXq2zB
Coppa di Francia,32esimi di finale,21.12.2025,Concarneau,Nantes,Casa,Concarneau,5-4-1,Panchina,2,12,El Khemiri Y.,,,81',,UBYXq2zB
Coppa di Francia,32esimi di finale,21.12.2025,Concarneau,Nantes,Casa,Concarneau,5-4-1,Panchina,3,14,Gbelle G.,,6.7,65',,UBYXq2zB
Coppa di Francia,32esimi di finale,21.12.2025,Concarneau,Nantes,Casa,Concarneau,5-4-1,Panchina,4,19,Hocquet G.,,,,,UBYXq2zB
Coppa di Francia,32esimi di finale,21.12.2025,Concarneau,Nantes,Casa,Concarneau,5-4-1,Panchina,5,13,Inquel S.,,6.3,57',,UBYXq2zB
Coppa di Francia,32esimi di finale,21.12.2025,Concarneau,Nantes,Casa,Concarneau,5-4-1,Panchina,6,15,Le Bonniec M.,,,,,UBYXq2zB
Coppa di Francia,32esimi di finale,21.12.2025,Concarneau,Nantes,Casa,Concarneau,5-4-1,Panchina,7,18,Sylvestre G.,,,,,UBYXq2zB
Coppa di Francia,32esimi di finale,21.12.2025,Concarneau,Nantes,Casa,Concarneau,5-4-1,Panchina,8,20,Tutu G.,,,82',,UBYXq2zB
Coppa di Francia,32esimi di finale,21.12.2025,Concarneau,Nantes,Casa,Concarneau,5-4-1,Panchina,9,16,Viot V.,Portiere,,,,UBYXq2zB
Coppa di Francia,32esimi di finale,21.12.2025,Concarneau,Nantes,Ospite,Nantes,3-4-3,Titolare,1,1,Lopes A.,Portiere,6.9,,,UBYXq2zB
Coppa di Francia,32esimi di finale,21.12.2025,Concarneau,Nantes,Ospite,Nantes,3-4-3,Titolare,2,2,Amian K.,,5.7,,,UBYXq2zB
Coppa di Francia,32esimi di finale,21.12.2025,Concarneau,Nantes,Ospite,Nantes,3-4-3,Titolare,3,4,Radakovic U.,,6.4,,,UBYXq2zB
Coppa di Francia,32esimi di finale,21.12.2025,Concarneau,Nantes,Ospite,Nantes,3-4-3,Titolare,4,3,Cozza N.,,6.2,,,UBYXq2zB
Coppa di Francia,32esimi di finale,21.12.2025,Concarneau,Nantes,Ospite,Nantes,3-4-3,Titolare,5,5,Centonze F.,,8.2,,90+5',UBYXq2zB
Coppa di Francia,32esimi di finale,21.12.2025,Concarneau,Nantes,Ospite,Nantes,3-4-3,Titolare,6,8,Mwanga J.,,7.0,,,UBYXq2zB
Coppa di Francia,32esimi di finale,21.12.2025,Concarneau,Nantes,Ospite,Nantes,3-4-3,Titolare,7,6,Deuff B.,,7.5,,,UBYXq2zB
Coppa di Francia,32esimi di finale,21.12.2025,Concarneau,Nantes,Ospite,Nantes,3-4-3,Titolare,8,11,Machado D.,,6.3,,,UBYXq2zB
Coppa di Francia,32esimi di finale,21.12.2025,Concarneau,Nantes,Ospite,Nantes,3-4-3,Titolare,9,7,Tabibou D.,,6.4,,69',UBYXq2zB
Coppa di Francia,32esimi di finale,21.12.2025,Concarneau,Nantes,Ospite,Nantes,3-4-3,Titolare,10,9,El Arabi Y.,,8.4,,81',UBYXq2zB
Coppa di Francia,32esimi di finale,21.12.2025,Concarneau,Nantes,Ospite,Nantes,3-4-3,Titolare,11,10,Abline M.,,9.6,,,UBYXq2zB
Coppa di Francia,32esimi di finale,21.12.2025,Concarneau,Nantes,Ospite,Nantes,3-4-3,Panchina,1,12,Acapandie M.,,,90+5',,UBYXq2zB
Coppa di Francia,32esimi di finale,21.12.2025,Concarneau,Nantes,Ospite,Nantes,3-4-3,Panchina,2,14,Camara A.,,,,,UBYXq2zB
Coppa di Francia,32esimi di finale,21.12.2025,Concarneau,Nantes,Ospite,Nantes,3-4-3,Panchina,3,16,Carlgren P.,Portiere,,,,UBYXq2zB
Coppa di Francia,32esimi di finale,21.12.2025,Concarneau,Nantes,Ospite,Nantes,3-4-3,Panchina,4,13,Coquelin F.,,,81',,UBYXq2zB
Coppa di Francia,32esimi di finale,21.12.2025,Concarneau,Nantes,Ospite,Nantes,3-4-3,Panchina,5,20,Doucoure S.,,,,,UBYXq2zB
Coppa di Francia,32esimi di finale,21.12.2025,Concarneau,Nantes,Ospite,Nantes,3-4-3,Panchina,6,18,Kwon Hyeok-Kyu,,,,,UBYXq2zB
Coppa di Francia,32esimi di finale,21.12.2025,Concarneau,Nantes,Ospite,Nantes,3-4-3,Panchina,7,15,Lahdo M.,,,,,UBYXq2zB
Coppa di Francia,32esimi di finale,21.12.2025,Concarneau,Nantes,Ospite,Nantes,3-4-3,Panchina,8,17,Lepenant J.,,6.7,69',,UBYXq2zB
Coppa di Francia,32esimi di finale,21.12.2025,Concarneau,Nantes,Ospite,Nantes,3-4-3,Panchina,9,19,Tati T.,,,,,UBYXq2zB
Coppa di Francia,32esimi di finale,21.12.2025,Orleans,Dieppe,Casa,Orleans,4-3-1-2,Titolare,1,1,Faham F.,Portiere,9.2,,,QPn8TtjU
Coppa di Francia,32esimi di finale,21.12.2025,Orleans,Dieppe,Casa,Orleans,4-3-1-2,Titolare,2,2,Mouton E.,,8.9,,,QPn8TtjU
Coppa di Francia,32esimi di finale,21.12.2025,Orleans,Dieppe,Casa,Orleans,4-3-1-2,Titolare,3,3,Baudry M.,,6.6,,89',QPn8TtjU
Coppa di Francia,32esimi di finale,21.12.2025,Orleans,Dieppe,Casa,Orleans,4-3-1-2,Titolare,4,8,Giraudon J.,,7.0,,,QPn8TtjU
Coppa di Francia,32esimi di finale,21.12.2025,Orleans,Dieppe,Casa,Orleans,4-3-1-2,Titolare,5,5,Luyambula S.,,6.8,,,QPn8TtjU
Coppa di Francia,32esimi di finale,21.12.2025,Orleans,Dieppe,Casa,Orleans,4-3-1-2,Titolare,6,7,Sanchez Da Silva F.,,6.7,,64',QPn8TtjU
Coppa di Francia,32esimi di finale,21.12.2025,Orleans,Dieppe,Casa,Orleans,4-3-1-2,Titolare,7,4,Morel J.,,8.3,,82',QPn8TtjU
Coppa di Francia,32esimi di finale,21.12.2025,Orleans,Dieppe,Casa,Orleans,4-3-1-2,Titolare,8,10,Khous G.,Capitano,6.8,,,QPn8TtjU
Coppa di Francia,32esimi di finale,21.12.2025,Orleans,Dieppe,Casa,Orleans,4-3-1-2,Titolare,9,6,Lallias A.,,6.6,,82',QPn8TtjU
Coppa di Francia,32esimi di finale,21.12.2025,Orleans,Dieppe,Casa,Orleans,4-3-1-2,Titolare,10,11,Ba P. I.,,8.1,,,QPn8TtjU
Coppa di Francia,32esimi di finale,21.12.2025,Orleans,Dieppe,Casa,Orleans,4-3-1-2,Titolare,11,9,El Khoumisti F.,,7.2,,82',QPn8TtjU
Coppa di Francia,32esimi di finale,21.12.2025,Orleans,Dieppe,Casa,Orleans,4-3-1-2,Panchina,1,18,Berthier G.,,7.0,64',,QPn8TtjU
Coppa di Francia,32esimi di finale,21.12.2025,Orleans,Dieppe,Casa,Orleans,4-3-1-2,Panchina,2,17,Bozkurt C.,,,82',,QPn8TtjU
Coppa di Francia,32esimi di finale,21.12.2025,Orleans,Dieppe,Casa,Orleans,4-3-1-2,Panchina,3,20,Courel A.,Portiere,,,,QPn8TtjU
Coppa di Francia,32esimi di finale,21.12.2025,Orleans,Dieppe,Casa,Orleans,4-3-1-2,Panchina,4,19,Diako M.,,,82',,QPn8TtjU
Coppa di Francia,32esimi di finale,21.12.2025,Orleans,Dieppe,Casa,Orleans,4-3-1-2,Panchina,5,16,Jan C.,Portiere,,,,QPn8TtjU
Coppa di Francia,32esimi di finale,21.12.2025,Orleans,Dieppe,Casa,Orleans,4-3-1-2,Panchina,6,15,Kebe K.,,,,,QPn8TtjU
Coppa di Francia,32esimi di finale,21.12.2025,Orleans,Dieppe,Casa,Orleans,4-3-1-2,Panchina,7,12,Obissa S.,,,89',,QPn8TtjU
Coppa di Francia,32esimi di finale,21.12.2025,Orleans,Dieppe,Casa,Orleans,4-3-1-2,Panchina,8,13,Sylla M.,,,82',,QPn8TtjU
Coppa di Francia,32esimi di finale,21.12.2025,Orleans,Dieppe,Casa,Orleans,4-3-1-2,Panchina,9,14,Tayot G.,,,,,QPn8TtjU
Coppa di Francia,32esimi di finale,21.12.2025,Orleans,Dieppe,Ospite,Dieppe,3-4-3,Titolare,1,1,Lefebvre A.,Portiere,5.7,,,QPn8TtjU
Coppa di Francia,32esimi di finale,21.12.2025,Orleans,Dieppe,Ospite,Dieppe,3-4-3,Titolare,2,2,Mendes B.,,6.1,,,QPn8TtjU
Coppa di Francia,32esimi di finale,21.12.2025,Orleans,Dieppe,Ospite,Dieppe,3-4-3,Titolare,3,4,Bentayou P.,Capitano,6.5,,,QPn8TtjU
Coppa di Francia,32esimi di finale,21.12.2025,Orleans,Dieppe,Ospite,Dieppe,3-4-3,Titolare,4,5,Faye S.,,6.3,,,QPn8TtjU
Coppa di Francia,32esimi di finale,21.12.2025,Orleans,Dieppe,Ospite,Dieppe,3-4-3,Titolare,5,11,Diaby S.,,6.8,,,QPn8TtjU
Coppa di Francia,32esimi di finale,21.12.2025,Orleans,Dieppe,Ospite,Dieppe,3-4-3,Titolare,6,6,Antunes R.,,6.4,,,QPn8TtjU
Coppa di Francia,32esimi di finale,21.12.2025,Orleans,Dieppe,Ospite,Dieppe,3-4-3,Titolare,7,8,Beuvain E.,,7.0,,85',QPn8TtjU
Coppa di Francia,32esimi di finale,21.12.2025,Orleans,Dieppe,Ospite,Dieppe,3-4-3,Titolare,8,3,Mbengue A.,,6.9,,68',QPn8TtjU
Coppa di Francia,32esimi di finale,21.12.2025,Orleans,Dieppe,Ospite,Dieppe,3-4-3,Titolare,9,10,Amrane N.,,5.3,,85',QPn8TtjU
Coppa di Francia,32esimi di finale,21.12.2025,Orleans,Dieppe,Ospite,Dieppe,3-4-3,Titolare,10,9,Far H.,,6.4,,76',QPn8TtjU
Coppa di Francia,32esimi di finale,21.12.2025,Orleans,Dieppe,Ospite,Dieppe,3-4-3,Titolare,11,7,Atheba Y.,,6.7,,68',QPn8TtjU
Coppa di Francia,32esimi di finale,21.12.2025,Orleans,Dieppe,Ospite,Dieppe,3-4-3,Panchina,1,13,Borja A.,,5.6,68',,QPn8TtjU
Coppa di Francia,32esimi di finale,21.12.2025,Orleans,Dieppe,Ospite,Dieppe,3-4-3,Panchina,2,18,Doner Y.,,,85',,QPn8TtjU
Coppa di Francia,32esimi di finale,21.12.2025,Orleans,Dieppe,Ospite,Dieppe,3-4-3,Panchina,3,20,Giffard D.,,,,,QPn8TtjU
Coppa di Francia,32esimi di finale,21.12.2025,Orleans,Dieppe,Ospite,Dieppe,3-4-3,Panchina,4,16,Gourdon N.,Portiere,,,,QPn8TtjU
Coppa di Francia,32esimi di finale,21.12.2025,Orleans,Dieppe,Ospite,Dieppe,3-4-3,Panchina,5,14,Jacqueray J.,,,85',,QPn8TtjU
Coppa di Francia,32esimi di finale,21.12.2025,Orleans,Dieppe,Ospite,Dieppe,3-4-3,Panchina,6,12,Jerome L.,,6.7,68',,QPn8TtjU
Coppa di Francia,32esimi di finale,21.12.2025,Orleans,Dieppe,Ospite,Dieppe,3-4-3,Panchina,7,17,Kitenge G.,,,,,QPn8TtjU
Coppa di Francia,32esimi di finale,21.12.2025,Orleans,Dieppe,Ospite,Dieppe,3-4-3,Panchina,8,15,Sertoglu O.,,6.4,76',,QPn8TtjU
Coppa di Francia,32esimi di finale,21.12.2025,Orleans,Dieppe,Ospite,Dieppe,3-4-3,Panchina,9,19,Tshiabu J.,,,,,QPn8TtjU
Coppa di Francia,32esimi di finale,21.12.2025,Le Puy-en-Velay,Bordeaux,Casa,Le Puy-en-Velay,3-4-3,Titolare,1,1,Carvalho M.,Portiere,7.3,,,UDoWJ8Hs
Coppa di Francia,32esimi di finale,21.12.2025,Le Puy-en-Velay,Bordeaux,Casa,Le Puy-en-Velay,3-4-3,Titolare,2,5,Zogba M.,,7.2,,,UDoWJ8Hs
Coppa di Francia,32esimi di finale,21.12.2025,Le Puy-en-Velay,Bordeaux,Casa,Le Puy-en-Velay,3-4-3,Titolare,3,6,Soualhia A.,,7.3,,,UDoWJ8Hs
Coppa di Francia,32esimi di finale,21.12.2025,Le Puy-en-Velay,Bordeaux,Casa,Le Puy-en-Velay,3-4-3,Titolare,4,3,Seidou E.,,6.5,,84',UDoWJ8Hs
Coppa di Francia,32esimi di finale,21.12.2025,Le Puy-en-Velay,Bordeaux,Casa,Le Puy-en-Velay,3-4-3,Titolare,5,2,Bouleghcha I.,,6.2,,,UDoWJ8Hs
Coppa di Francia,32esimi di finale,21.12.2025,Le Puy-en-Velay,Bordeaux,Casa,Le Puy-en-Velay,3-4-3,Titolare,6,8,Akkal S.,,6.9,,70',UDoWJ8Hs
Coppa di Francia,32esimi di finale,21.12.2025,Le Puy-en-Velay,Bordeaux,Casa,Le Puy-en-Velay,3-4-3,Titolare,7,4,Xhemo R.,Capitano,8.1,,,UDoWJ8Hs
Coppa di Francia,32esimi di finale,21.12.2025,Le Puy-en-Velay,Bordeaux,Casa,Le Puy-en-Velay,3-4-3,Titolare,8,7,Doumbia C.,,6.7,,70',UDoWJ8Hs
Coppa di Francia,32esimi di finale,21.12.2025,Le Puy-en-Velay,Bordeaux,Casa,Le Puy-en-Velay,3-4-3,Titolare,9,9,Rodrigues C.,,7.0,,,UDoWJ8Hs
Coppa di Francia,32esimi di finale,21.12.2025,Le Puy-en-Velay,Bordeaux,Casa,Le Puy-en-Velay,3-4-3,Titolare,10,11,Nsingi P.,,7.0,,,UDoWJ8Hs
Coppa di Francia,32esimi di finale,21.12.2025,Le Puy-en-Velay,Bordeaux,Casa,Le Puy-en-Velay,3-4-3,Titolare,11,10,Gromat J.,,7.0,,59',UDoWJ8Hs
Coppa di Francia,32esimi di finale,21.12.2025,Le Puy-en-Velay,Bordeaux,Casa,Le Puy-en-Velay,3-4-3,Panchina,1,15,Adelaide M.,,,84',,UDoWJ8Hs
Coppa di Francia,32esimi di finale,21.12.2025,Le Puy-en-Velay,Bordeaux,Casa,Le Puy-en-Velay,3-4-3,Panchina,2,20,Darnaud A.,,,,,UDoWJ8Hs
Coppa di Francia,32esimi di finale,21.12.2025,Le Puy-en-Velay,Bordeaux,Casa,Le Puy-en-Velay,3-4-3,Panchina,3,17,Esmel H.,,7.0,59',,UDoWJ8Hs
Coppa di Francia,32esimi di finale,21.12.2025,Le Puy-en-Velay,Bordeaux,Casa,Le Puy-en-Velay,3-4-3,Panchina,4,18,Gauthier A.,,,,,UDoWJ8Hs
Coppa di Francia,32esimi di finale,21.12.2025,Le Puy-en-Velay,Bordeaux,Casa,Le Puy-en-Velay,3-4-3,Panchina,5,19,Ghalem T.,,,,,UDoWJ8Hs
Coppa di Francia,32esimi di finale,21.12.2025,Le Puy-en-Velay,Bordeaux,Casa,Le Puy-en-Velay,3-4-3,Panchina,6,14,Goumot E.,,6.6,70',,UDoWJ8Hs
Coppa di Francia,32esimi di finale,21.12.2025,Le Puy-en-Velay,Bordeaux,Casa,Le Puy-en-Velay,3-4-3,Panchina,7,12,Irabor B.,,,,,UDoWJ8Hs
Coppa di Francia,32esimi di finale,21.12.2025,Le Puy-en-Velay,Bordeaux,Casa,Le Puy-en-Velay,3-4-3,Panchina,8,16,Maronne Y.,Portiere,,,,UDoWJ8Hs
Coppa di Francia,32esimi di finale,21.12.2025,Le Puy-en-Velay,Bordeaux,Casa,Le Puy-en-Velay,3-4-3,Panchina,9,13,Wade P.,,6.5,70',,UDoWJ8Hs
Coppa di Francia,32esimi di finale,21.12.2025,Le Puy-en-Velay,Bordeaux,Ospite,Bordeaux,4-4-2,Titolare,1,1,Diabate L.,Portiere,6.3,,,UDoWJ8Hs
Coppa di Francia,32esimi di finale,21.12.2025,Le Puy-en-Velay,Bordeaux,Ospite,Bordeaux,4-4-2,Titolare,2,2,El Hajjam O.,,5.4,,,UDoWJ8Hs
Coppa di Francia,32esimi di finale,21.12.2025,Le Puy-en-Velay,Bordeaux,Ospite,Bordeaux,4-4-2,Titolare,3,5,Grillot J.,Capitano,6.7,,,UDoWJ8Hs
Coppa di Francia,32esimi di finale,21.12.2025,Le Puy-en-Velay,Bordeaux,Ospite,Bordeaux,4-4-2,Titolare,4,4,Droehnle R.,,6.3,,90+4',UDoWJ8Hs
Coppa di Francia,32esimi di finale,21.12.2025,Le Puy-en-Velay,Bordeaux,Ospite,Bordeaux,4-4-2,Titolare,5,3,Trichard D.,,6.9,,,UDoWJ8Hs
Coppa di Francia,32esimi di finale,21.12.2025,Le Puy-en-Velay,Bordeaux,Ospite,Bordeaux,4-4-2,Titolare,6,10,Mannai F.,,6.6,,62',UDoWJ8Hs
Coppa di Francia,32esimi di finale,21.12.2025,Le Puy-en-Velay,Bordeaux,Ospite,Bordeaux,4-4-2,Titolare,7,6,Diagouraga T.,,6.3,,90+4',UDoWJ8Hs
Coppa di Francia,32esimi di finale,21.12.2025,Le Puy-en-Velay,Bordeaux,Ospite,Bordeaux,4-4-2,Titolare,8,8,Diop A.,,6.2,,,UDoWJ8Hs
Coppa di Francia,32esimi di finale,21.12.2025,Le Puy-en-Velay,Bordeaux,Ospite,Bordeaux,4-4-2,Titolare,9,7,Bahassa S.,,6.3,,62',UDoWJ8Hs
Coppa di Francia,32esimi di finale,21.12.2025,Le Puy-en-Velay,Bordeaux,Ospite,Bordeaux,4-4-2,Titolare,10,11,Etonde L.,,4.6,,,UDoWJ8Hs
Coppa di Francia,32esimi di finale,21.12.2025,Le Puy-en-Velay,Bordeaux,Ospite,Bordeaux,4-4-2,Titolare,11,9,Villette M.,,6.7,,90+4',UDoWJ8Hs
Coppa di Francia,32esimi di finale,21.12.2025,Le Puy-en-Velay,Bordeaux,Ospite,Bordeaux,4-4-2,Panchina,1,15,Arne P.,,6.5,62',,UDoWJ8Hs
Coppa di Francia,32esimi di finale,21.12.2025,Le Puy-en-Velay,Bordeaux,Ospite,Bordeaux,4-4-2,Panchina,2,12,Besse N.,,,90+4',,UDoWJ8Hs
Coppa di Francia,32esimi di finale,21.12.2025,Le Puy-en-Velay,Bordeaux,Ospite,Bordeaux,4-4-2,Panchina,3,16,Hoekstra J.,Portiere,,,,UDoWJ8Hs
Coppa di Francia,32esimi di finale,21.12.2025,Le Puy-en-Velay,Bordeaux,Ospite,Bordeaux,4-4-2,Panchina,4,13,Jousselin L.,,,90+4',,UDoWJ8Hs
Coppa di Francia,32esimi di finale,21.12.2025,Le Puy-en-Velay,Bordeaux,Ospite,Bordeaux,4-4-2,Panchina,5,17,Rizaldos L.,,,90+4',,UDoWJ8Hs
Coppa di Francia,32esimi di finale,21.12.2025,Le Puy-en-Velay,Bordeaux,Ospite,Bordeaux,4-4-2,Panchina,6,14,Shamal S.,,6.4,62',,UDoWJ8Hs
Coppa di Francia,32esimi di finale,21.12.2025,Rennes,Les Sables,Casa,Rennes,3-5-2,Titolare,1,1,Silistrie M.,Portiere,7.0,,,bBWICiAE
Coppa di Francia,32esimi di finale,21.12.2025,Rennes,Les Sables,Casa,Rennes,3-5-2,Titolare,2,4,Seidu A.,,8.7,,,bBWICiAE
Coppa di Francia,32esimi di finale,21.12.2025,Rennes,Les Sables,Casa,Rennes,3-5-2,Titolare,3,5,Rouault A.,,8.3,,,bBWICiAE
Coppa di Francia,32esimi di finale,21.12.2025,Rennes,Les Sables,Casa,Rennes,3-5-2,Titolare,4,3,Brassier L.,,7.7,,90',bBWICiAE
Coppa di Francia,32esimi di finale,21.12.2025,Rennes,Les Sables,Casa,Rennes,3-5-2,Titolare,5,2,Merlin Q.,,9.6,,,bBWICiAE
Coppa di Francia,32esimi di finale,21.12.2025,Rennes,Les Sables,Casa,Rennes,3-5-2,Titolare,6,8,Camara M.,,7.4,,90',bBWICiAE
Coppa di Francia,32esimi di finale,21.12.2025,Rennes,Les Sables,Casa,Rennes,3-5-2,Titolare,7,6,Rongier V.,Capitano,9.0,,,bBWICiAE
Coppa di Francia,32esimi di finale,21.12.2025,Rennes,Les Sables,Casa,Rennes,3-5-2,Titolare,8,10,Blas L.,,7.9,,85',bBWICiAE
Coppa di Francia,32esimi di finale,21.12.2025,Rennes,Les Sables,Casa,Rennes,3-5-2,Titolare,9,11,Tamari M.,,9.1,,85',bBWICiAE
Coppa di Francia,32esimi di finale,21.12.2025,Rennes,Les Sables,Casa,Rennes,3-5-2,Titolare,10,9,Lepaul E.,,6.6,,60',bBWICiAE
Coppa di Francia,32esimi di finale,21.12.2025,Rennes,Les Sables,Casa,Rennes,3-5-2,Titolare,11,7,Embolo B.,,9.1,,,bBWICiAE
Coppa di Francia,32esimi di finale,21.12.2025,Rennes,Les Sables,Casa,Rennes,3-5-2,Panchina,1,20,Belazzoug K.,Portiere,,,,bBWICiAE
Coppa di Francia,32esimi di finale,21.12.2025,Rennes,Les Sables,Casa,Rennes,3-5-2,Panchina,2,17,Cisse D.,,,85',,bBWICiAE
Coppa di Francia,32esimi di finale,21.12.2025,Rennes,Les Sables,Casa,Rennes,3-5-2,Panchina,3,14,Kamara G.,,,,,bBWICiAE
Coppa di Francia,32esimi di finale,21.12.2025,Rennes,Les Sables,Casa,Rennes,3-5-2,Panchina,4,18,Legendre E.,,,85',,bBWICiAE
Coppa di Francia,32esimi di finale,21.12.2025,Rennes,Les Sables,Casa,Rennes,3-5-2,Panchina,5,13,Limon P.,,,90',,bBWICiAE
Coppa di Francia,32esimi di finale,21.12.2025,Rennes,Les Sables,Casa,Rennes,3-5-2,Panchina,6,19,Meite M.,,6.7,60',,bBWICiAE
Coppa di Francia,32esimi di finale,21.12.2025,Rennes,Les Sables,Casa,Rennes,3-5-2,Panchina,7,15,Mukiele N.,,,,,bBWICiAE
Coppa di Francia,32esimi di finale,21.12.2025,Rennes,Les Sables,Casa,Rennes,3-5-2,Panchina,8,12,Rosier L.,,,90',,bBWICiAE
Coppa di Francia,32esimi di finale,21.12.2025,Rennes,Les Sables,Casa,Rennes,3-5-2,Panchina,9,16,Samba B.,Portiere,,,,bBWICiAE
Coppa di Francia,32esimi di finale,21.12.2025,Rennes,Les Sables,Ospite,Les Sables,3-5-2,Titolare,1,1,Adiceam R.,Portiere,6.7,,,bBWICiAE
Coppa di Francia,32esimi di finale,21.12.2025,Rennes,Les Sables,Ospite,Les Sables,3-5-2,Titolare,2,4,Mancal S.,,6.7,,,bBWICiAE
Coppa di Francia,32esimi di finale,21.12.2025,Rennes,Les Sables,Ospite,Les Sables,3-5-2,Titolare,3,5,Robin A.,,7.1,,,bBWICiAE
Coppa di Francia,32esimi di finale,21.12.2025,Rennes,Les Sables,Ospite,Les Sables,3-5-2,Titolare,4,3,Balde O.,,6.3,,,bBWICiAE
Coppa di Francia,32esimi di finale,21.12.2025,Rennes,Les Sables,Ospite,Les Sables,3-5-2,Titolare,5,2,Grosso M.,,7.0,,81',bBWICiAE
Coppa di Francia,32esimi di finale,21.12.2025,Rennes,Les Sables,Ospite,Les Sables,3-5-2,Titolare,6,8,Sarr M.,,5.4,,81',bBWICiAE
Coppa di Francia,32esimi di finale,21.12.2025,Rennes,Les Sables,Ospite,Les Sables,3-5-2,Titolare,7,6,Charlec Z.,,5.6,,,bBWICiAE
Coppa di Francia,32esimi di finale,21.12.2025,Rennes,Les Sables,Ospite,Les Sables,3-5-2,Titolare,8,10,Menuet M.,,6.1,,58',bBWICiAE
Coppa di Francia,32esimi di finale,21.12.2025,Rennes,Les Sables,Ospite,Les Sables,3-5-2,Titolare,9,11,Coulibaly H.,,6.7,,77',bBWICiAE
Coppa di Francia,32esimi di finale,21.12.2025,Rennes,Les Sables,Ospite,Les Sables,3-5-2,Titolare,10,7,Bochereau M.,,6.5,,,bBWICiAE
Coppa di Francia,32esimi di finale,21.12.2025,Rennes,Les Sables,Ospite,Les Sables,3-5-2,Titolare,11,9,Samb M. M.,,5.2,,,bBWICiAE
Coppa di Francia,32esimi di finale,21.12.2025,Rennes,Les Sables,Ospite,Les Sables,3-5-2,Panchina,1,20,Bacle T.,Portiere,,,,bBWICiAE
Coppa di Francia,32esimi di finale,21.12.2025,Rennes,Les Sables,Ospite,Les Sables,3-5-2,Panchina,2,14,Dabin A.,,6.4,58',,bBWICiAE
Coppa di Francia,32esimi di finale,21.12.2025,Rennes,Les Sables,Ospite,Les Sables,3-5-2,Panchina,3,13,Folly K.,,6.3,77',,bBWICiAE
Coppa di Francia,32esimi di finale,21.12.2025,Rennes,Les Sables,Ospite,Les Sables,3-5-2,Panchina,4,15,Gbelle Y. H.,,,,,bBWICiAE
Coppa di Francia,32esimi di finale,21.12.2025,Rennes,Les Sables,Ospite,Les Sables,3-5-2,Panchina,5,12,Guerlus S.,,,81',,bBWICiAE
Coppa di Francia,32esimi di finale,21.12.2025,Rennes,Les Sables,Ospite,Les Sables,3-5-2,Panchina,6,19,Lesieur J.,Portiere,,,,bBWICiAE
Coppa di Francia,32esimi di finale,21.12.2025,Rennes,Les Sables,Ospite,Les Sables,3-5-2,Panchina,7,18,Moreau B.,,,81',,bBWICiAE
Coppa di Francia,32esimi di finale,21.12.2025,Rennes,Les Sables,Ospite,Les Sables,3-5-2,Panchina,8,16,Nakkachi A.,Portiere,,,,bBWICiAE
Coppa di Francia,32esimi di finale,21.12.2025,Rennes,Les Sables,Ospite,Les Sables,3-5-2,Panchina,9,17,Segnane C.,,,,,bBWICiAE
Coppa di Francia,32esimi di finale,21.12.2025,Bassin d'Arcachon,Hauts Lyonnais,Casa,Bassin d'Arcachon,4-2-3-1,Titolare,1,1,Bernou G.,Portiere,6.9,,,Gpx6Wo1m
Coppa di Francia,32esimi di finale,21.12.2025,Bassin d'Arcachon,Hauts Lyonnais,Casa,Bassin d'Arcachon,4-2-3-1,Titolare,2,2,Thione C.,,6.4,,,Gpx6Wo1m
Coppa di Francia,32esimi di finale,21.12.2025,Bassin d'Arcachon,Hauts Lyonnais,Casa,Bassin d'Arcachon,4-2-3-1,Titolare,3,4,Fall M.,,6.4,,,Gpx6Wo1m
Coppa di Francia,32esimi di finale,21.12.2025,Bassin d'Arcachon,Hauts Lyonnais,Casa,Bassin d'Arcachon,4-2-3-1,Titolare,4,5,Michalet J.,,7.3,,,Gpx6Wo1m
Coppa di Francia,32esimi di finale,21.12.2025,Bassin d'Arcachon,Hauts Lyonnais,Casa,Bassin d'Arcachon,4-2-3-1,Titolare,5,3,Ducros S.,,6.8,,,Gpx6Wo1m
Coppa di Francia,32esimi di finale,21.12.2025,Bassin d'Arcachon,Hauts Lyonnais,Casa,Bassin d'Arcachon,4-2-3-1,Titolare,6,8,Dumai L.,,7.1,,74',Gpx6Wo1m
Coppa di Francia,32esimi di finale,21.12.2025,Bassin d'Arcachon,Hauts Lyonnais,Casa,Bassin d'Arcachon,4-2-3-1,Titolare,7,6,Carvalho H.,Capitano,6.5,,90+3',Gpx6Wo1m
Coppa di Francia,32esimi di finale,21.12.2025,Bassin d'Arcachon,Hauts Lyonnais,Casa,Bassin d'Arcachon,4-2-3-1,Titolare,8,11,Clichy D.,,4.2,,,Gpx6Wo1m
Coppa di Francia,32esimi di finale,21.12.2025,Bassin d'Arcachon,Hauts Lyonnais,Casa,Bassin d'Arcachon,4-2-3-1,Titolare,9,10,de Ataide L.,,6.5,,74',Gpx6Wo1m
Coppa di Francia,32esimi di finale,21.12.2025,Bassin d'Arcachon,Hauts Lyonnais,Casa,Bassin d'Arcachon,4-2-3-1,Titolare,10,7,Cisse B.,,5.7,,75',Gpx6Wo1m
Coppa di Francia,32esimi di finale,21.12.2025,Bassin d'Arcachon,Hauts Lyonnais,Casa,Bassin d'Arcachon,4-2-3-1,Titolare,11,9,Poingt E.,,5.1,,57',Gpx6Wo1m
Coppa di Francia,32esimi di finale,21.12.2025,Bassin d'Arcachon,Hauts Lyonnais,Casa,Bassin d'Arcachon,4-2-3-1,Panchina,1,19,Baskar N.,,,,,Gpx6Wo1m
Coppa di Francia,32esimi di finale,21.12.2025,Bassin d'Arcachon,Hauts Lyonnais,Casa,Bassin d'Arcachon,4-2-3-1,Panchina,2,15,Blasco M.,,6.5,74',,Gpx6Wo1m
Coppa di Francia,32esimi di finale,21.12.2025,Bassin d'Arcachon,Hauts Lyonnais,Casa,Bassin d'Arcachon,4-2-3-1,Panchina,3,12,Ciganda Formi S.,,6.0,57',,Gpx6Wo1m
Coppa di Francia,32esimi di finale,21.12.2025,Bassin d'Arcachon,Hauts Lyonnais,Casa,Bassin d'Arcachon,4-2-3-1,Panchina,4,17,Cisse S.,,,90+3',,Gpx6Wo1m
Coppa di Francia,32esimi di finale,21.12.2025,Bassin d'Arcachon,Hauts Lyonnais,Casa,Bassin d'Arcachon,4-2-3-1,Panchina,5,18,Clement A.,,6.4,75',,Gpx6Wo1m
Coppa di Francia,32esimi di finale,21.12.2025,Bassin d'Arcachon,Hauts Lyonnais,Casa,Bassin d'Arcachon,4-2-3-1,Panchina,6,13,Labat L.,,6.7,74',,Gpx6Wo1m
Coppa di Francia,32esimi di finale,21.12.2025,Bassin d'Arcachon,Hauts Lyonnais,Casa,Bassin d'Arcachon,4-2-3-1,Panchina,7,16,Lesec G.,Portiere,,,,Gpx6Wo1m
Coppa di Francia,32esimi di finale,21.12.2025,Bassin d'Arcachon,Hauts Lyonnais,Casa,Bassin d'Arcachon,4-2-3-1,Panchina,8,14,Pallaro L.,,,,,Gpx6Wo1m
Coppa di Francia,32esimi di finale,21.12.2025,Bassin d'Arcachon,Hauts Lyonnais,Casa,Bassin d'Arcachon,4-2-3-1,Panchina,9,20,Pintos N.,,,,,Gpx6Wo1m
Coppa di Francia,32esimi di finale,21.12.2025,Bassin d'Arcachon,Hauts Lyonnais,Ospite,Hauts Lyonnais,4-3-3,Titolare,1,1,Tissot I.,Portiere,6.8,,,Gpx6Wo1m
Coppa di Francia,32esimi di finale,21.12.2025,Bassin d'Arcachon,Hauts Lyonnais,Ospite,Hauts Lyonnais,4-3-3,Titolare,2,2,Hospital A.,,8.0,,,Gpx6Wo1m
Coppa di Francia,32esimi di finale,21.12.2025,Bassin d'Arcachon,Hauts Lyonnais,Ospite,Hauts Lyonnais,4-3-3,Titolare,3,4,Halaimia J.,,7.8,,,Gpx6Wo1m
Coppa di Francia,32esimi di finale,21.12.2025,Bassin d'Arcachon,Hauts Lyonnais,Ospite,Hauts Lyonnais,4-3-3,Titolare,4,5,Poncet R.,,7.7,,,Gpx6Wo1m
Coppa di Francia,32esimi di finale,21.12.2025,Bassin d'Arcachon,Hauts Lyonnais,Ospite,Hauts Lyonnais,4-3-3,Titolare,5,3,Blot T.,,7.9,,86',Gpx6Wo1m
Coppa di Francia,32esimi di finale,21.12.2025,Bassin d'Arcachon,Hauts Lyonnais,Ospite,Hauts Lyonnais,4-3-3,Titolare,6,6,Cottin J.,,7.2,,,Gpx6Wo1m
Coppa di Francia,32esimi di finale,21.12.2025,Bassin d'Arcachon,Hauts Lyonnais,Ospite,Hauts Lyonnais,4-3-3,Titolare,7,8,Bouguerra H.,Capitano,6.9,,86',Gpx6Wo1m
Coppa di Francia,32esimi di finale,21.12.2025,Bassin d'Arcachon,Hauts Lyonnais,Ospite,Hauts Lyonnais,4-3-3,Titolare,8,7,Thizy H.,,7.3,,75',Gpx6Wo1m
Coppa di Francia,32esimi di finale,21.12.2025,Bassin d'Arcachon,Hauts Lyonnais,Ospite,Hauts Lyonnais,4-3-3,Titolare,9,11,Moke Njedi A.,,6.7,,62',Gpx6Wo1m
Coppa di Francia,32esimi di finale,21.12.2025,Bassin d'Arcachon,Hauts Lyonnais,Ospite,Hauts Lyonnais,4-3-3,Titolare,10,9,Belaroussi A.,,6.9,,,Gpx6Wo1m
Coppa di Francia,32esimi di finale,21.12.2025,Bassin d'Arcachon,Hauts Lyonnais,Ospite,Hauts Lyonnais,4-3-3,Titolare,11,10,Boussaid M.,,5.9,,,Gpx6Wo1m
Coppa di Francia,32esimi di finale,21.12.2025,Bassin d'Arcachon,Hauts Lyonnais,Ospite,Hauts Lyonnais,4-3-3,Panchina,1,14,Besson G.,,,,,Gpx6Wo1m
Coppa di Francia,32esimi di finale,21.12.2025,Bassin d'Arcachon,Hauts Lyonnais,Ospite,Hauts Lyonnais,4-3-3,Panchina,2,15,Boulaghlem S.,,,86',,Gpx6Wo1m
Coppa di Francia,32esimi di finale,21.12.2025,Bassin d'Arcachon,Hauts Lyonnais,Ospite,Hauts Lyonnais,4-3-3,Panchina,3,16,Cochini L.,Portiere,,,,Gpx6Wo1m
Coppa di Francia,32esimi di finale,21.12.2025,Bassin d'Arcachon,Hauts Lyonnais,Ospite,Hauts Lyonnais,4-3-3,Panchina,4,19,Dumas A.,,6.1,62',,Gpx6Wo1m
Coppa di Francia,32esimi di finale,21.12.2025,Bassin d'Arcachon,Hauts Lyonnais,Ospite,Hauts Lyonnais,4-3-3,Panchina,5,17,Gabard B.,,,,,Gpx6Wo1m
Coppa di Francia,32esimi di finale,21.12.2025,Bassin d'Arcachon,Hauts Lyonnais,Ospite,Hauts Lyonnais,4-3-3,Panchina,6,20,Jeanpierre Q.,,,86',,Gpx6Wo1m
Coppa di Francia,32esimi di finale,21.12.2025,Bassin d'Arcachon,Hauts Lyonnais,Ospite,Hauts Lyonnais,4-3-3,Panchina,7,13,Lebrini G.,,,,,Gpx6Wo1m
Coppa di Francia,32esimi di finale,21.12.2025,Bassin d'Arcachon,Hauts Lyonnais,Ospite,Hauts Lyonnais,4-3-3,Panchina,8,18,Messili S.,,6.3,75',,Gpx6Wo1m
Coppa di Francia,32esimi di finale,21.12.2025,Bassin d'Arcachon,Hauts Lyonnais,Ospite,Hauts Lyonnais,4-3-3,Panchina,9,12,Muller A.,,,,,Gpx6Wo1m
Coppa di Francia,32esimi di finale,21.12.2025,Montreuil,Chauvigny,Casa,Montreuil,4-3-3,Titolare,1,1,Sissoko O.,Portiere,6.2,,,babB2iwo
Coppa di Francia,32esimi di finale,21.12.2025,Montreuil,Chauvigny,Casa,Montreuil,4-3-3,Titolare,2,2,Diallo O.,,6.8,,67',babB2iwo
Coppa di Francia,32esimi di finale,21.12.2025,Montreuil,Chauvigny,Casa,Montreuil,4-3-3,Titolare,3,5,Guede K.,,7.3,,,babB2iwo
Coppa di Francia,32esimi di finale,21.12.2025,Montreuil,Chauvigny,Casa,Montreuil,4-3-3,Titolare,4,4,Sow M.,,6.5,,,babB2iwo
Coppa di Francia,32esimi di finale,21.12.2025,Montreuil,Chauvigny,Casa,Montreuil,4-3-3,Titolare,5,3,Khaouad M.,,7.3,,86',babB2iwo
Coppa di Francia,32esimi di finale,21.12.2025,Montreuil,Chauvigny,Casa,Montreuil,4-3-3,Titolare,6,6,Toussi K.,,6.8,,,babB2iwo
Coppa di Francia,32esimi di finale,21.12.2025,Montreuil,Chauvigny,Casa,Montreuil,4-3-3,Titolare,7,10,Adel A.,,6.5,,86',babB2iwo
Coppa di Francia,32esimi di finale,21.12.2025,Montreuil,Chauvigny,Casa,Montreuil,4-3-3,Titolare,8,8,Mhadjiri E. A.,Capitano,7.0,,,babB2iwo
Coppa di Francia,32esimi di finale,21.12.2025,Montreuil,Chauvigny,Casa,Montreuil,4-3-3,Titolare,9,7,Muteba N.,,6.5,,56',babB2iwo
Coppa di Francia,32esimi di finale,21.12.2025,Montreuil,Chauvigny,Casa,Montreuil,4-3-3,Titolare,10,9,Kadded I.,,7.3,,86',babB2iwo
Coppa di Francia,32esimi di finale,21.12.2025,Montreuil,Chauvigny,Casa,Montreuil,4-3-3,Titolare,11,11,Semedo I.,,6.8,,,babB2iwo
Coppa di Francia,32esimi di finale,21.12.2025,Montreuil,Chauvigny,Casa,Montreuil,4-3-3,Panchina,1,19,Coulibaly M.,,,86',,babB2iwo
Coppa di Francia,32esimi di finale,21.12.2025,Montreuil,Chauvigny,Casa,Montreuil,4-3-3,Panchina,2,18,Diabate F.,,6.5,67',,babB2iwo
Coppa di Francia,32esimi di finale,21.12.2025,Montreuil,Chauvigny,Casa,Montreuil,4-3-3,Panchina,3,15,Lounici M.,,7.1,56',,babB2iwo
Coppa di Francia,32esimi di finale,21.12.2025,Montreuil,Chauvigny,Casa,Montreuil,4-3-3,Panchina,4,16,Minte S.,Portiere,,,,babB2iwo
Coppa di Francia,32esimi di finale,21.12.2025,Montreuil,Chauvigny,Casa,Montreuil,4-3-3,Panchina,5,12,Nkouka Y.,,,,,babB2iwo
Coppa di Francia,32esimi di finale,21.12.2025,Montreuil,Chauvigny,Casa,Montreuil,4-3-3,Panchina,6,20,Sangare M.,,,86',,babB2iwo
Coppa di Francia,32esimi di finale,21.12.2025,Montreuil,Chauvigny,Casa,Montreuil,4-3-3,Panchina,7,13,Serradj Y.,,,,,babB2iwo
Coppa di Francia,32esimi di finale,21.12.2025,Montreuil,Chauvigny,Casa,Montreuil,4-3-3,Panchina,8,17,Soumare S.,,6.7,86',,babB2iwo
Coppa di Francia,32esimi di finale,21.12.2025,Montreuil,Chauvigny,Casa,Montreuil,4-3-3,Panchina,9,14,Sylla L.,,,,,babB2iwo
Coppa di Francia,32esimi di finale,21.12.2025,Montreuil,Chauvigny,Ospite,Chauvigny,4-2-3-1,Titolare,1,1,Blondel L.,Portiere,5.6,,,babB2iwo
Coppa di Francia,32esimi di finale,21.12.2025,Montreuil,Chauvigny,Ospite,Chauvigny,4-2-3-1,Titolare,2,2,Assignon L.,,,,,babB2iwo
Coppa di Francia,32esimi di finale,21.12.2025,Montreuil,Chauvigny,Ospite,Chauvigny,4-2-3-1,Titolare,3,5,Bidard A.,,7.6,,,babB2iwo
Coppa di Francia,32esimi di finale,21.12.2025,Montreuil,Chauvigny,Ospite,Chauvigny,4-2-3-1,Titolare,4,4,Cisse L.,,5.8,,,babB2iwo
Coppa di Francia,32esimi di finale,21.12.2025,Montreuil,Chauvigny,Ospite,Chauvigny,4-2-3-1,Titolare,5,3,Soyhati I.,,6.2,,85',babB2iwo
Coppa di Francia,32esimi di finale,21.12.2025,Montreuil,Chauvigny,Ospite,Chauvigny,4-2-3-1,Titolare,6,8,Voirin T.,Capitano,6.2,,,babB2iwo
Coppa di Francia,32esimi di finale,21.12.2025,Montreuil,Chauvigny,Ospite,Chauvigny,4-2-3-1,Titolare,7,6,Barritault K.,,6.8,,,babB2iwo
Coppa di Francia,32esimi di finale,21.12.2025,Montreuil,Chauvigny,Ospite,Chauvigny,4-2-3-1,Titolare,8,7,Blin Y.,,6.5,,46',babB2iwo
Coppa di Francia,32esimi di finale,21.12.2025,Montreuil,Chauvigny,Ospite,Chauvigny,4-2-3-1,Titolare,9,10,Ayadi N.,,7.2,,85',babB2iwo
Coppa di Francia,32esimi di finale,21.12.2025,Montreuil,Chauvigny,Ospite,Chauvigny,4-2-3-1,Titolare,10,11,Batta B.,,6.5,,74',babB2iwo
Coppa di Francia,32esimi di finale,21.12.2025,Montreuil,Chauvigny,Ospite,Chauvigny,4-2-3-1,Titolare,11,9,Kingue-Ekedy H.,,6.1,,65',babB2iwo
Coppa di Francia,32esimi di finale,21.12.2025,Montreuil,Chauvigny,Ospite,Chauvigny,4-2-3-1,Panchina,1,17,Camara A.,,6.4,74',,babB2iwo
Coppa di Francia,32esimi di finale,21.12.2025,Montreuil,Chauvigny,Ospite,Chauvigny,4-2-3-1,Panchina,2,18,Hays H.,,6.3,46',,babB2iwo
Coppa di Francia,32esimi di finale,21.12.2025,Montreuil,Chauvigny,Ospite,Chauvigny,4-2-3-1,Panchina,3,16,Liquois L.,Portiere,,,,babB2iwo
Coppa di Francia,32esimi di finale,21.12.2025,Montreuil,Chauvigny,Ospite,Chauvigny,4-2-3-1,Panchina,4,12,Matignon L.,,,85',,babB2iwo
Coppa di Francia,32esimi di finale,21.12.2025,Montreuil,Chauvigny,Ospite,Chauvigny,4-2-3-1,Panchina,5,13,Mendy L.,,,,,babB2iwo
Coppa di Francia,32esimi di finale,21.12.2025,Montreuil,Chauvigny,Ospite,Chauvigny,4-2-3-1,Panchina,6,15,Meyrieu D.,,,85',,babB2iwo
Coppa di Francia,32esimi di finale,21.12.2025,Montreuil,Chauvigny,Ospite,Chauvigny,4-2-3-1,Panchina,7,19,Rochet L.,,,,,babB2iwo
Coppa di Francia,32esimi di finale,21.12.2025,Montreuil,Chauvigny,Ospite,Chauvigny,4-2-3-1,Panchina,8,14,Zeoula C.,,6.3,65',,babB2iwo
Coppa di Francia,32esimi di finale,21.12.2025,Le Havre,Amiens,Casa,Le Havre,4-1-3-2,Titolare,1,1,Argney P.,Portiere,6.0,,,lxsZC04c
Coppa di Francia,32esimi di finale,21.12.2025,Le Havre,Amiens,Casa,Le Havre,4-1-3-2,Titolare,2,7,Nego L.,,6.6,,,lxsZC04c
Coppa di Francia,32esimi di finale,21.12.2025,Le Havre,Amiens,Casa,Le Havre,4-1-3-2,Titolare,3,5,Sangante A.,Capitano,6.5,,,lxsZC04c
Coppa di Francia,32esimi di finale,21.12.2025,Le Havre,Amiens,Casa,Le Havre,4-1-3-2,Titolare,4,4,Gomis G.,,6.3,,46',lxsZC04c
Coppa di Francia,32esimi di finale,21.12.2025,Le Havre,Amiens,Casa,Le Havre,4-1-3-2,Titolare,5,3,Delaine T.,,6.6,,46',lxsZC04c
Coppa di Francia,32esimi di finale,21.12.2025,Le Havre,Amiens,Casa,Le Havre,4-1-3-2,Titolare,6,2,Mosengo D. N.,,6.5,,46',lxsZC04c
Coppa di Francia,32esimi di finale,21.12.2025,Le Havre,Amiens,Casa,Le Havre,4-1-3-2,Titolare,7,11,Kyeremeh G.,,6.3,,46',lxsZC04c
Coppa di Francia,32esimi di finale,21.12.2025,Le Havre,Amiens,Casa,Le Havre,4-1-3-2,Titolare,8,6,Ndiaye R.,,6.6,,,lxsZC04c
Coppa di Francia,32esimi di finale,21.12.2025,Le Havre,Amiens,Casa,Le Havre,4-1-3-2,Titolare,9,9,Soumare I.,,7.0,,,lxsZC04c
Coppa di Francia,32esimi di finale,21.12.2025,Le Havre,Amiens,Casa,Le Havre,4-1-3-2,Titolare,10,8,Quetant K.,,6.2,,,lxsZC04c
Coppa di Francia,32esimi di finale,21.12.2025,Le Havre,Amiens,Casa,Le Havre,4-1-3-2,Titolare,11,10,Namli Y.,,6.6,,78',lxsZC04c
Coppa di Francia,32esimi di finale,21.12.2025,Le Havre,Amiens,Casa,Le Havre,4-1-3-2,Panchina,1,14,Diabate A.,,,,,lxsZC04c
Coppa di Francia,32esimi di finale,21.12.2025,Le Havre,Amiens,Casa,Le Havre,4-1-3-2,Panchina,2,15,Ebonog S.,,6.3,46',,lxsZC04c
Coppa di Francia,32esimi di finale,21.12.2025,Le Havre,Amiens,Casa,Le Havre,4-1-3-2,Panchina,3,17,Kechta Y.,,6.5,46',,lxsZC04c
Coppa di Francia,32esimi di finale,21.12.2025,Le Havre,Amiens,Casa,Le Havre,4-1-3-2,Panchina,4,12,Lloris G.,,7.2,46',,lxsZC04c
Coppa di Francia,32esimi di finale,21.12.2025,Le Havre,Amiens,Casa,Le Havre,4-1-3-2,Panchina,5,18,Mambimbi F.,,,,,lxsZC04c
Coppa di Francia,32esimi di finale,21.12.2025,Le Havre,Amiens,Casa,Le Havre,4-1-3-2,Panchina,6,13,Monkolot Y.,,,,,lxsZC04c
Coppa di Francia,32esimi di finale,21.12.2025,Le Havre,Amiens,Casa,Le Havre,4-1-3-2,Panchina,7,19,Obougou N.,,6.4,78',,lxsZC04c
Coppa di Francia,32esimi di finale,21.12.2025,Le Havre,Amiens,Casa,Le Havre,4-1-3-2,Panchina,8,16,Teixeira A.,Portiere,,,,lxsZC04c
Coppa di Francia,32esimi di finale,21.12.2025,Le Havre,Amiens,Casa,Le Havre,4-1-3-2,Panchina,9,20,Vinette E. K.,,7.4,46',,lxsZC04c
Coppa di Francia,32esimi di finale,21.12.2025,Le Havre,Amiens,Ospite,Amiens,4-2-3-1,Titolare,1,1,Sauvage A.,Portiere,7.3,,,lxsZC04c
Coppa di Francia,32esimi di finale,21.12.2025,Le Havre,Amiens,Ospite,Amiens,4-2-3-1,Titolare,2,2,Chabane A.,,7.1,,,lxsZC04c
Coppa di Francia,32esimi di finale,21.12.2025,Le Havre,Amiens,Ospite,Amiens,4-2-3-1,Titolare,3,4,Bakayoko S.,,6.2,,,lxsZC04c
Coppa di Francia,32esimi di finale,21.12.2025,Le Havre,Amiens,Ospite,Amiens,4-2-3-1,Titolare,4,6,Kaiboue K.,,8.2,,,lxsZC04c
Coppa di Francia,32esimi di finale,21.12.2025,Le Havre,Amiens,Ospite,Amiens,4-2-3-1,Titolare,5,3,Louis C.,,7.3,,,lxsZC04c
Coppa di Francia,32esimi di finale,21.12.2025,Le Havre,Amiens,Ospite,Amiens,4-2-3-1,Titolare,6,8,Fofana I.,,8.0,,,lxsZC04c
Coppa di Francia,32esimi di finale,21.12.2025,Le Havre,Amiens,Ospite,Amiens,4-2-3-1,Titolare,7,5,Nduquidi J.,,6.6,,,lxsZC04c
Coppa di Francia,32esimi di finale,21.12.2025,Le Havre,Amiens,Ospite,Amiens,4-2-3-1,Titolare,8,10,Leautey A.,,7.1,,69',lxsZC04c
Coppa di Francia,32esimi di finale,21.12.2025,Le Havre,Amiens,Ospite,Amiens,4-2-3-1,Titolare,9,11,Aissat O.,,6.3,,53',lxsZC04c
Coppa di Francia,32esimi di finale,21.12.2025,Le Havre,Amiens,Ospite,Amiens,4-2-3-1,Titolare,10,7,Hamache I.,,6.8,,85',lxsZC04c
Coppa di Francia,32esimi di finale,21.12.2025,Le Havre,Amiens,Ospite,Amiens,4-2-3-1,Titolare,11,9,Ikia Dimi Y.,,5.6,,69',lxsZC04c
Coppa di Francia,32esimi di finale,21.12.2025,Le Havre,Amiens,Ospite,Amiens,4-2-3-1,Panchina,1,14,Abdelkrim I.,,6.3,53',,lxsZC04c
Coppa di Francia,32esimi di finale,21.12.2025,Le Havre,Amiens,Ospite,Amiens,4-2-3-1,Panchina,2,16,Alexandre L.,Portiere,,,,lxsZC04c
Coppa di Francia,32esimi di finale,21.12.2025,Le Havre,Amiens,Ospite,Amiens,4-2-3-1,Panchina,3,20,Daf I.,,,,,lxsZC04c
Coppa di Francia,32esimi di finale,21.12.2025,Le Havre,Amiens,Ospite,Amiens,4-2-3-1,Panchina,4,18,Drame A.,,,,,lxsZC04c
Coppa di Francia,32esimi di finale,21.12.2025,Le Havre,Amiens,Ospite,Amiens,4-2-3-1,Panchina,5,12,Kandil N.,,6.7,69',,lxsZC04c
Coppa di Francia,32esimi di finale,21.12.2025,Le Havre,Amiens,Ospite,Amiens,4-2-3-1,Panchina,6,15,Paul P.,,,,,lxsZC04c
Coppa di Francia,32esimi di finale,21.12.2025,Le Havre,Amiens,Ospite,Amiens,4-2-3-1,Panchina,7,19,Rafii Y.,,6.1,69',,lxsZC04c
Coppa di Francia,32esimi di finale,21.12.2025,Le Havre,Amiens,Ospite,Amiens,4-2-3-1,Panchina,8,13,Talbot N.,,,,,lxsZC04c
Coppa di Francia,32esimi di finale,21.12.2025,Le Havre,Amiens,Ospite,Amiens,4-2-3-1,Panchina,9,17,Traore A.,,,85',,lxsZC04c
Coppa di Francia,32esimi di finale,21.12.2025,Lione,Saint-Cyr Collonges,Casa,Lione,4-3-3,Titolare,1,1,Descamps R.,Portiere,6.8,,,xvkvInnf
Coppa di Francia,32esimi di finale,21.12.2025,Lione,Saint-Cyr Collonges,Casa,Lione,4-3-3,Titolare,2,2,Maitland-Niles A.,Capitano,8.3,,,xvkvInnf
Coppa di Francia,32esimi di finale,21.12.2025,Lione,Saint-Cyr Collonges,Casa,Lione,4-3-3,Titolare,3,5,Hateboer H.,,7.4,,,xvkvInnf
Coppa di Francia,32esimi di finale,21.12.2025,Lione,Saint-Cyr Collonges,Casa,Lione,4-3-3,Titolare,4,4,Kluivert R.,,7.3,,,xvkvInnf
Coppa di Francia,32esimi di finale,21.12.2025,Lione,Saint-Cyr Collonges,Casa,Lione,4-3-3,Titolare,5,3,Abner Vinicius,,8.7,,,xvkvInnf
Coppa di Francia,32esimi di finale,21.12.2025,Lione,Saint-Cyr Collonges,Casa,Lione,4-3-3,Titolare,6,6,de Carvalho M.,,7.2,,46',xvkvInnf
Coppa di Francia,32esimi di finale,21.12.2025,Lione,Saint-Cyr Collonges,Casa,Lione,4-3-3,Titolare,7,8,Morton T.,,8.1,,78',xvkvInnf
Coppa di Francia,32esimi di finale,21.12.2025,Lione,Saint-Cyr Collonges,Casa,Lione,4-3-3,Titolare,8,10,Merah K.,,7.6,,78',xvkvInnf
Coppa di Francia,32esimi di finale,21.12.2025,Lione,Saint-Cyr Collonges,Casa,Lione,4-3-3,Titolare,9,7,Karabec A.,,6.5,,66',xvkvInnf
Coppa di Francia,32esimi di finale,21.12.2025,Lione,Saint-Cyr Collonges,Casa,Lione,4-3-3,Titolare,10,9,Satriano M.,,6.5,,66',xvkvInnf
Coppa di Francia,32esimi di finale,21.12.2025,Lione,Saint-Cyr Collonges,Casa,Lione,4-3-3,Titolare,11,11,Moreira A.,,8.4,,,xvkvInnf
Coppa di Francia,32esimi di finale,21.12.2025,Lione,Saint-Cyr Collonges,Casa,Lione,4-3-3,Panchina,1,18,Ghezzal R.,,6.5,66',,xvkvInnf
Coppa di Francia,32esimi di finale,21.12.2025,Lione,Saint-Cyr Collonges,Casa,Lione,4-3-3,Panchina,2,15,Gomes Rodriguez A.,,7.3,66',,xvkvInnf
Coppa di Francia,32esimi di finale,21.12.2025,Lione,Saint-Cyr Collonges,Casa,Lione,4-3-3,Panchina,3,13,Goncalves T.,,,,,xvkvInnf
Coppa di Francia,32esimi di finale,21.12.2025,Lione,Saint-Cyr Collonges,Casa,Lione,4-3-3,Panchina,4,16,Greif D.,Portiere,,,,xvkvInnf
Coppa di Francia,32esimi di finale,21.12.2025,Lione,Saint-Cyr Collonges,Casa,Lione,4-3-3,Panchina,5,20,Mangala O.,,6.4,78',,xvkvInnf
Coppa di Francia,32esimi di finale,21.12.2025,Lione,Saint-Cyr Collonges,Casa,Lione,4-3-3,Panchina,6,17,Molebe E.,,,,,xvkvInnf
Coppa di Francia,32esimi di finale,21.12.2025,Lione,Saint-Cyr Collonges,Casa,Lione,4-3-3,Panchina,7,14,Sulc P.,,8.5,46',,xvkvInnf
Coppa di Francia,32esimi di finale,21.12.2025,Lione,Saint-Cyr Collonges,Casa,Lione,4-3-3,Panchina,8,19,Tessmann T.,,6.6,78',,xvkvInnf
Coppa di Francia,32esimi di finale,21.12.2025,Lione,Saint-Cyr Collonges,Casa,Lione,4-3-3,Panchina,9,12,Tolisso C.,,,,,xvkvInnf
Coppa di Francia,32esimi di finale,21.12.2025,Lione,Saint-Cyr Collonges,Ospite,Saint-Cyr Collonges,5-3-2,Titolare,1,1,Chakri M.,Portiere,6.9,,,xvkvInnf
Coppa di Francia,32esimi di finale,21.12.2025,Lione,Saint-Cyr Collonges,Ospite,Saint-Cyr Collonges,5-3-2,Titolare,2,2,Tahraoui D.,,6.3,,,xvkvInnf
Coppa di Francia,32esimi di finale,21.12.2025,Lione,Saint-Cyr Collonges,Ospite,Saint-Cyr Collonges,5-3-2,Titolare,3,3,Zemmouri O.,,5.1,,,xvkvInnf
Coppa di Francia,32esimi di finale,21.12.2025,Lione,Saint-Cyr Collonges,Ospite,Saint-Cyr Collonges,5-3-2,Titolare,4,5,Bakhtia F.,,7.3,,86',xvkvInnf
Coppa di Francia,32esimi di finale,21.12.2025,Lione,Saint-Cyr Collonges,Ospite,Saint-Cyr Collonges,5-3-2,Titolare,5,4,Souare S.,Capitano,8.4,,,xvkvInnf
Coppa di Francia,32esimi di finale,21.12.2025,Lione,Saint-Cyr Collonges,Ospite,Saint-Cyr Collonges,5-3-2,Titolare,6,7,Hebert J.,,6.0,,,xvkvInnf
Coppa di Francia,32esimi di finale,21.12.2025,Lione,Saint-Cyr Collonges,Ospite,Saint-Cyr Collonges,5-3-2,Titolare,7,8,Braillon A.,,5.7,,86',xvkvInnf
Coppa di Francia,32esimi di finale,21.12.2025,Lione,Saint-Cyr Collonges,Ospite,Saint-Cyr Collonges,5-3-2,Titolare,8,6,Ndiaye G.,,6.1,,,xvkvInnf
Coppa di Francia,32esimi di finale,21.12.2025,Lione,Saint-Cyr Collonges,Ospite,Saint-Cyr Collonges,5-3-2,Titolare,9,10,Baali H.,,5.5,,,xvkvInnf
Coppa di Francia,32esimi di finale,21.12.2025,Lione,Saint-Cyr Collonges,Ospite,Saint-Cyr Collonges,5-3-2,Titolare,10,9,Obissa Mvie L.,,5.8,,61',xvkvInnf
Coppa di Francia,32esimi di finale,21.12.2025,Lione,Saint-Cyr Collonges,Ospite,Saint-Cyr Collonges,5-3-2,Titolare,11,11,Antillo J.,,5.6,,69',xvkvInnf
Coppa di Francia,32esimi di finale,21.12.2025,Lione,Saint-Cyr Collonges,Ospite,Saint-Cyr Collonges,5-3-2,Panchina,1,13,Josue A.,,,86',,xvkvInnf
Coppa di Francia,32esimi di finale,21.12.2025,Lione,Saint-Cyr Collonges,Ospite,Saint-Cyr Collonges,5-3-2,Panchina,2,16,Lattoni A.,Portiere,,,,xvkvInnf
Coppa di Francia,32esimi di finale,21.12.2025,Lione,Saint-Cyr Collonges,Ospite,Saint-Cyr Collonges,5-3-2,Panchina,3,17,M'Madi Y.,,,,,xvkvInnf
Coppa di Francia,32esimi di finale,21.12.2025,Lione,Saint-Cyr Collonges,Ospite,Saint-Cyr Collonges,5-3-2,Panchina,4,15,Mendy L.,,,,,xvkvInnf
Coppa di Francia,32esimi di finale,21.12.2025,Lione,Saint-Cyr Collonges,Ospite,Saint-Cyr Collonges,5-3-2,Panchina,5,20,Neffati A.,,,86',,xvkvInnf
Coppa di Francia,32esimi di finale,21.12.2025,Lione,Saint-Cyr Collonges,Ospite,Saint-Cyr Collonges,5-3-2,Panchina,6,12,Terrier M.,,,,,xvkvInnf
Coppa di Francia,32esimi di finale,21.12.2025,Lione,Saint-Cyr Collonges,Ospite,Saint-Cyr Collonges,5-3-2,Panchina,7,14,Thuillier L.,,,,,xvkvInnf
Coppa di Francia,32esimi di finale,21.12.2025,Lione,Saint-Cyr Collonges,Ospite,Saint-Cyr Collonges,5-3-2,Panchina,8,18,Touitou H.,,6.3,69',,xvkvInnf
Coppa di Francia,32esimi di finale,21.12.2025,Lione,Saint-Cyr Collonges,Ospite,Saint-Cyr Collonges,5-3-2,Panchina,9,19,Wabanza S.,,6.1,61',,xvkvInnf
Coppa di Francia,16esimi di finale,10.01.2026,Montreuil,Amiens,Casa,Montreuil,4-3-3,Titolare,1,1,Sissoko O.,Portiere,5.6,,,tCiUKWfA
Coppa di Francia,16esimi di finale,10.01.2026,Montreuil,Amiens,Casa,Montreuil,4-3-3,Titolare,2,2,Guede K.,,6.2,,,tCiUKWfA
Coppa di Francia,16esimi di finale,10.01.2026,Montreuil,Amiens,Casa,Montreuil,4-3-3,Titolare,3,5,Niakate B.,Capitano,6.2,,31',tCiUKWfA
Coppa di Francia,16esimi di finale,10.01.2026,Montreuil,Amiens,Casa,Montreuil,4-3-3,Titolare,4,4,Sow M.,,5.0,,,tCiUKWfA
Coppa di Francia,16esimi di finale,10.01.2026,Montreuil,Amiens,Casa,Montreuil,4-3-3,Titolare,5,3,Khaouad M.,,6.3,,,tCiUKWfA
Coppa di Francia,16esimi di finale,10.01.2026,Montreuil,Amiens,Casa,Montreuil,4-3-3,Titolare,6,6,Toussi K.,,6.5,,74',tCiUKWfA
Coppa di Francia,16esimi di finale,10.01.2026,Montreuil,Amiens,Casa,Montreuil,4-3-3,Titolare,7,10,Adel A.,,8.2,,,tCiUKWfA
Coppa di Francia,16esimi di finale,10.01.2026,Montreuil,Amiens,Casa,Montreuil,4-3-3,Titolare,8,8,Mhadjiri E. A.,,5.8,,65',tCiUKWfA
Coppa di Francia,16esimi di finale,10.01.2026,Montreuil,Amiens,Casa,Montreuil,4-3-3,Titolare,9,7,Semedo I.,,7.3,,74',tCiUKWfA
Coppa di Francia,16esimi di finale,10.01.2026,Montreuil,Amiens,Casa,Montreuil,4-3-3,Titolare,10,9,Kadded I.,,7.2,,,tCiUKWfA
Coppa di Francia,16esimi di finale,10.01.2026,Montreuil,Amiens,Casa,Montreuil,4-3-3,Titolare,11,11,Soumare S.,,6.1,,65',tCiUKWfA
Coppa di Francia,16esimi di finale,10.01.2026,Montreuil,Amiens,Casa,Montreuil,4-3-3,Panchina,1,13,Coulibaly M.,,,,,tCiUKWfA
Coppa di Francia,16esimi di finale,10.01.2026,Montreuil,Amiens,Casa,Montreuil,4-3-3,Panchina,2,14,Diabate F.,,6.3,65',,tCiUKWfA
Coppa di Francia,16esimi di finale,10.01.2026,Montreuil,Amiens,Casa,Montreuil,4-3-3,Panchina,3,15,Diallo O.,,6.1,31',,tCiUKWfA
Coppa di Francia,16esimi di finale,10.01.2026,Montreuil,Amiens,Casa,Montreuil,4-3-3,Panchina,4,19,Lounici M.,,6.8,65',,tCiUKWfA
Coppa di Francia,16esimi di finale,10.01.2026,Montreuil,Amiens,Casa,Montreuil,4-3-3,Panchina,5,16,Minte S.,Portiere,,,,tCiUKWfA
Coppa di Francia,16esimi di finale,10.01.2026,Montreuil,Amiens,Casa,Montreuil,4-3-3,Panchina,6,17,Muteba N.,,,74',,tCiUKWfA
Coppa di Francia,16esimi di finale,10.01.2026,Montreuil,Amiens,Casa,Montreuil,4-3-3,Panchina,7,20,Sangare M.,,,,,tCiUKWfA
Coppa di Francia,16esimi di finale,10.01.2026,Montreuil,Amiens,Casa,Montreuil,4-3-3,Panchina,8,12,Serradj Y.,,6.3,74',,tCiUKWfA
Coppa di Francia,16esimi di finale,10.01.2026,Montreuil,Amiens,Casa,Montreuil,4-3-3,Panchina,9,18,Sylla L.,,,,,tCiUKWfA
Coppa di Francia,16esimi di finale,10.01.2026,Montreuil,Amiens,Ospite,Amiens,3-4-3,Titolare,1,1,Sauvage A.,Portiere,6.7,,,tCiUKWfA
Coppa di Francia,16esimi di finale,10.01.2026,Montreuil,Amiens,Ospite,Amiens,3-4-3,Titolare,2,4,Bakayoko S.,,6.0,,,tCiUKWfA
Coppa di Francia,16esimi di finale,10.01.2026,Montreuil,Amiens,Ospite,Amiens,3-4-3,Titolare,3,2,Lo A.,,6.8,,74',tCiUKWfA
Coppa di Francia,16esimi di finale,10.01.2026,Montreuil,Amiens,Ospite,Amiens,3-4-3,Titolare,4,6,Kaiboue K.,,7.1,,88',tCiUKWfA
Coppa di Francia,16esimi di finale,10.01.2026,Montreuil,Amiens,Ospite,Amiens,3-4-3,Titolare,5,11,Averlant T.,,8.8,,,tCiUKWfA
Coppa di Francia,16esimi di finale,10.01.2026,Montreuil,Amiens,Ospite,Amiens,3-4-3,Titolare,6,8,Fofana I.,,6.2,,87',tCiUKWfA
Coppa di Francia,16esimi di finale,10.01.2026,Montreuil,Amiens,Ospite,Amiens,3-4-3,Titolare,7,5,Nduquidi J.,,7.3,,,tCiUKWfA
Coppa di Francia,16esimi di finale,10.01.2026,Montreuil,Amiens,Ospite,Amiens,3-4-3,Titolare,8,3,Ikia Dimi Y.,,7.8,,,tCiUKWfA
Coppa di Francia,16esimi di finale,10.01.2026,Montreuil,Amiens,Ospite,Amiens,3-4-3,Titolare,9,7,Leautey A.,,7.3,,,tCiUKWfA
Coppa di Francia,16esimi di finale,10.01.2026,Montreuil,Amiens,Ospite,Amiens,3-4-3,Titolare,10,9,Rafii Y.,,8.1,,81',tCiUKWfA
Coppa di Francia,16esimi di finale,10.01.2026,Montreuil,Amiens,Ospite,Amiens,3-4-3,Titolare,11,10,Lutin R.,,7.6,,73',tCiUKWfA
Coppa di Francia,16esimi di finale,10.01.2026,Montreuil,Amiens,Ospite,Amiens,3-4-3,Panchina,1,19,Abdelkrim I.,,,87',,tCiUKWfA
Coppa di Francia,16esimi di finale,10.01.2026,Montreuil,Amiens,Ospite,Amiens,3-4-3,Panchina,2,14,Aissat O.,,6.5,73',,tCiUKWfA
Coppa di Francia,16esimi di finale,10.01.2026,Montreuil,Amiens,Ospite,Amiens,3-4-3,Panchina,3,20,Akinleye D.,,,,,tCiUKWfA
Coppa di Francia,16esimi di finale,10.01.2026,Montreuil,Amiens,Ospite,Amiens,3-4-3,Panchina,4,16,Alexandre L.,Portiere,,,,tCiUKWfA
Coppa di Francia,16esimi di finale,10.01.2026,Montreuil,Amiens,Ospite,Amiens,3-4-3,Panchina,5,12,Chabane A.,,,,,tCiUKWfA
Coppa di Francia,16esimi di finale,10.01.2026,Montreuil,Amiens,Ospite,Amiens,3-4-3,Panchina,6,17,Chibozo A.,,,,,tCiUKWfA
Coppa di Francia,16esimi di finale,10.01.2026,Montreuil,Amiens,Ospite,Amiens,3-4-3,Panchina,7,13,Daf I.,,6.2,74',,tCiUKWfA
Coppa di Francia,16esimi di finale,10.01.2026,Montreuil,Amiens,Ospite,Amiens,3-4-3,Panchina,8,18,Drame A.,,,88',,tCiUKWfA
Coppa di Francia,16esimi di finale,10.01.2026,Montreuil,Amiens,Ospite,Amiens,3-4-3,Panchina,9,15,Paul P.,,,81',,tCiUKWfA
Coppa di Francia,16esimi di finale,10.01.2026,Orleans,Monaco,Casa,Orleans,5-3-2,Titolare,1,1,Faham F.,Portiere,5.3,,,A7ZtaAkl
Coppa di Francia,16esimi di finale,10.01.2026,Orleans,Monaco,Casa,Orleans,5-3-2,Titolare,2,2,Mouton E.,,7.7,,,A7ZtaAkl
Coppa di Francia,16esimi di finale,10.01.2026,Orleans,Monaco,Casa,Orleans,5-3-2,Titolare,3,5,Sylla M.,,7.0,,,A7ZtaAkl
Coppa di Francia,16esimi di finale,10.01.2026,Orleans,Monaco,Casa,Orleans,5-3-2,Titolare,4,8,Giraudon J.,,6.8,,,A7ZtaAkl
Coppa di Francia,16esimi di finale,10.01.2026,Orleans,Monaco,Casa,Orleans,5-3-2,Titolare,5,3,Baudry M.,,6.1,,76',A7ZtaAkl
Coppa di Francia,16esimi di finale,10.01.2026,Orleans,Monaco,Casa,Orleans,5-3-2,Titolare,6,4,Obiang J.,,6.3,,64',A7ZtaAkl
Coppa di Francia,16esimi di finale,10.01.2026,Orleans,Monaco,Casa,Orleans,5-3-2,Titolare,7,10,Khous G.,Capitano,7.4,,,A7ZtaAkl
Coppa di Francia,16esimi di finale,10.01.2026,Orleans,Monaco,Casa,Orleans,5-3-2,Titolare,8,6,Morel J.,,7.7,,,A7ZtaAkl
Coppa di Francia,16esimi di finale,10.01.2026,Orleans,Monaco,Casa,Orleans,5-3-2,Titolare,9,7,Sanchez Da Silva F.,,6.6,,77',A7ZtaAkl
Coppa di Francia,16esimi di finale,10.01.2026,Orleans,Monaco,Casa,Orleans,5-3-2,Titolare,10,9,El Khoumisti F.,,8.3,,,A7ZtaAkl
Coppa di Francia,16esimi di finale,10.01.2026,Orleans,Monaco,Casa,Orleans,5-3-2,Titolare,11,11,Lallias A.,,6.5,,76',A7ZtaAkl
Coppa di Francia,16esimi di finale,10.01.2026,Orleans,Monaco,Casa,Orleans,5-3-2,Panchina,1,14,Ba P. I.,,6.3,76',,A7ZtaAkl
Coppa di Francia,16esimi di finale,10.01.2026,Orleans,Monaco,Casa,Orleans,5-3-2,Panchina,2,15,Berthier G.,,6.4,77',,A7ZtaAkl
Coppa di Francia,16esimi di finale,10.01.2026,Orleans,Monaco,Casa,Orleans,5-3-2,Panchina,3,17,Bozkurt C.,,6.2,76',,A7ZtaAkl
Coppa di Francia,16esimi di finale,10.01.2026,Orleans,Monaco,Casa,Orleans,5-3-2,Panchina,4,18,Diako M.,,,,,A7ZtaAkl
Coppa di Francia,16esimi di finale,10.01.2026,Orleans,Monaco,Casa,Orleans,5-3-2,Panchina,5,16,Jan C.,Portiere,,,,A7ZtaAkl
Coppa di Francia,16esimi di finale,10.01.2026,Orleans,Monaco,Casa,Orleans,5-3-2,Panchina,6,20,Kebe K.,,,,,A7ZtaAkl
Coppa di Francia,16esimi di finale,10.01.2026,Orleans,Monaco,Casa,Orleans,5-3-2,Panchina,7,12,Lemaitre M.,,,,,A7ZtaAkl
Coppa di Francia,16esimi di finale,10.01.2026,Orleans,Monaco,Casa,Orleans,5-3-2,Panchina,8,13,Luyambula S.,,6.4,64',,A7ZtaAkl
Coppa di Francia,16esimi di finale,10.01.2026,Orleans,Monaco,Casa,Orleans,5-3-2,Panchina,9,19,Ribeiro A.,,,,,A7ZtaAkl
Coppa di Francia,16esimi di finale,10.01.2026,Orleans,Monaco,Ospite,Monaco,4-3-1-2,Titolare,1,1,Kohn P.,Portiere,8.0,,,A7ZtaAkl
Coppa di Francia,16esimi di finale,10.01.2026,Orleans,Monaco,Ospite,Monaco,4-3-1-2,Titolare,2,2,Ouattara K.,,8.1,,,A7ZtaAkl
Coppa di Francia,16esimi di finale,10.01.2026,Orleans,Monaco,Ospite,Monaco,4-3-1-2,Titolare,3,3,Dier E.,,6.8,,,A7ZtaAkl
Coppa di Francia,16esimi di finale,10.01.2026,Orleans,Monaco,Ospite,Monaco,4-3-1-2,Titolare,4,5,Kehrer T.,,7.5,,,A7ZtaAkl
Coppa di Francia,16esimi di finale,10.01.2026,Orleans,Monaco,Ospite,Monaco,4-3-1-2,Titolare,5,8,Caio Henrique,,6.6,,,A7ZtaAkl
Coppa di Francia,16esimi di finale,10.01.2026,Orleans,Monaco,Ospite,Monaco,4-3-1-2,Titolare,6,6,Zakaria D.,Capitano,8.4,,,A7ZtaAkl
Coppa di Francia,16esimi di finale,10.01.2026,Orleans,Monaco,Ospite,Monaco,4-3-1-2,Titolare,7,4,Teze J.,,6.9,,,A7ZtaAkl
Coppa di Francia,16esimi di finale,10.01.2026,Orleans,Monaco,Ospite,Monaco,4-3-1-2,Titolare,8,11,Idumbo S.,,4.6,,,A7ZtaAkl
Coppa di Francia,16esimi di finale,10.01.2026,Orleans,Monaco,Ospite,Monaco,4-3-1-2,Titolare,9,10,Golovin A.,,6.6,,,A7ZtaAkl
Coppa di Francia,16esimi di finale,10.01.2026,Orleans,Monaco,Ospite,Monaco,4-3-1-2,Titolare,10,7,Biereth M.,,5.9,,77',A7ZtaAkl
Coppa di Francia,16esimi di finale,10.01.2026,Orleans,Monaco,Ospite,Monaco,4-3-1-2,Titolare,11,9,Balogun F.,,6.4,,86',A7ZtaAkl
Coppa di Francia,16esimi di finale,10.01.2026,Orleans,Monaco,Ospite,Monaco,4-3-1-2,Panchina,1,13,Bamba A.,,6.5,77',,A7ZtaAkl
Coppa di Francia,16esimi di finale,10.01.2026,Orleans,Monaco,Ospite,Monaco,4-3-1-2,Panchina,2,14,Brunner P.,,,,,A7ZtaAkl
Coppa di Francia,16esimi di finale,10.01.2026,Orleans,Monaco,Ospite,Monaco,4-3-1-2,Panchina,3,19,Ilenikhena G.,,,86',,A7ZtaAkl
Coppa di Francia,16esimi di finale,10.01.2026,Orleans,Monaco,Ospite,Monaco,4-3-1-2,Panchina,4,16,Lienard Y.,Portiere,,,,A7ZtaAkl
Coppa di Francia,16esimi di finale,10.01.2026,Orleans,Monaco,Ospite,Monaco,4-3-1-2,Panchina,5,17,Michal L.,,,,,A7ZtaAkl
Coppa di Francia,16esimi di finale,10.01.2026,Orleans,Monaco,Ospite,Monaco,4-3-1-2,Panchina,6,12,Nibombe S.,,,,,A7ZtaAkl
Coppa di Francia,16esimi di finale,10.01.2026,Orleans,Monaco,Ospite,Monaco,4-3-1-2,Panchina,7,15,Toure I.,,,,,A7ZtaAkl
Coppa di Francia,16esimi di finale,10.01.2026,Bastia,Troyes,Casa,Bastia,4-3-3,Titolare,1,1,Olmeta L.,Portiere,6.2,,,rLXlclK0
Coppa di Francia,16esimi di finale,10.01.2026,Bastia,Troyes,Casa,Bastia,4-3-3,Titolare,2,2,Meynadier T.,,5.8,,,rLXlclK0
Coppa di Francia,16esimi di finale,10.01.2026,Bastia,Troyes,Casa,Bastia,4-3-3,Titolare,3,3,Guevara J.,,4.7,,,rLXlclK0
Coppa di Francia,16esimi di finale,10.01.2026,Bastia,Troyes,Casa,Bastia,4-3-3,Titolare,4,6,Guidi D.,Capitano,6.4,,,rLXlclK0
Coppa di Francia,16esimi di finale,10.01.2026,Bastia,Troyes,Casa,Bastia,4-3-3,Titolare,5,4,Bohnert F.,,6.0,,,rLXlclK0
Coppa di Francia,16esimi di finale,10.01.2026,Bastia,Troyes,Casa,Bastia,4-3-3,Titolare,6,7,Ducrocq T.,,5.7,,73',rLXlclK0
Coppa di Francia,16esimi di finale,10.01.2026,Bastia,Troyes,Casa,Bastia,4-3-3,Titolare,7,8,Janneh J.,,6.6,,73',rLXlclK0
Coppa di Francia,16esimi di finale,10.01.2026,Bastia,Troyes,Casa,Bastia,4-3-3,Titolare,8,10,Zaouai A.,,6.1,,88',rLXlclK0
Coppa di Francia,16esimi di finale,10.01.2026,Bastia,Troyes,Casa,Bastia,4-3-3,Titolare,9,11,Sebas J.,,5.9,,46',rLXlclK0
Coppa di Francia,16esimi di finale,10.01.2026,Bastia,Troyes,Casa,Bastia,4-3-3,Titolare,10,9,Tomi F.,,5.8,,,rLXlclK0
Coppa di Francia,16esimi di finale,10.01.2026,Bastia,Troyes,Casa,Bastia,4-3-3,Titolare,11,5,Ariss Z.,,5.9,,88',rLXlclK0
Coppa di Francia,16esimi di finale,10.01.2026,Bastia,Troyes,Casa,Bastia,4-3-3,Panchina,1,17,Beltaief Z.,,,88',,rLXlclK0
Coppa di Francia,16esimi di finale,10.01.2026,Bastia,Troyes,Casa,Bastia,4-3-3,Panchina,2,15,Ble M.,,6.0,46',,rLXlclK0
Coppa di Francia,16esimi di finale,10.01.2026,Bastia,Troyes,Casa,Bastia,4-3-3,Panchina,3,13,Etoga L.,,6.6,73',,rLXlclK0
Coppa di Francia,16esimi di finale,10.01.2026,Bastia,Troyes,Casa,Bastia,4-3-3,Panchina,4,16,Fabri J.,Portiere,,,,rLXlclK0
Coppa di Francia,16esimi di finale,10.01.2026,Bastia,Troyes,Casa,Bastia,4-3-3,Panchina,5,18,Karamoko I.,,,88',,rLXlclK0
Coppa di Francia,16esimi di finale,10.01.2026,Bastia,Troyes,Casa,Bastia,4-3-3,Panchina,6,12,Petrignani M.,,6.5,73',,rLXlclK0
Coppa di Francia,16esimi di finale,10.01.2026,Bastia,Troyes,Casa,Bastia,4-3-3,Panchina,7,14,Roncaglia A.,,,,,rLXlclK0
Coppa di Francia,16esimi di finale,10.01.2026,Bastia,Troyes,Ospite,Troyes,4-2-3-1,Titolare,1,1,Konate H.,Portiere,7.2,,,rLXlclK0
Coppa di Francia,16esimi di finale,10.01.2026,Bastia,Troyes,Ospite,Troyes,4-2-3-1,Titolare,2,4,Titi Y.,,5.7,,90',rLXlclK0
Coppa di Francia,16esimi di finale,10.01.2026,Bastia,Troyes,Ospite,Troyes,4-2-3-1,Titolare,3,6,Monfray A.,Capitano,6.5,,,rLXlclK0
Coppa di Francia,16esimi di finale,10.01.2026,Bastia,Troyes,Ospite,Troyes,4-2-3-1,Titolare,4,2,Gambor H.,,6.3,,,rLXlclK0
Coppa di Francia,16esimi di finale,10.01.2026,Bastia,Troyes,Ospite,Troyes,4-2-3-1,Titolare,5,3,Boura I.,,7.9,,87',rLXlclK0
Coppa di Francia,16esimi di finale,10.01.2026,Bastia,Troyes,Ospite,Troyes,4-2-3-1,Titolare,6,8,Diop M.,,6.7,,,rLXlclK0
Coppa di Francia,16esimi di finale,10.01.2026,Bastia,Troyes,Ospite,Troyes,4-2-3-1,Titolare,7,7,Phliponeau A.,,6.2,,,rLXlclK0
Coppa di Francia,16esimi di finale,10.01.2026,Bastia,Troyes,Ospite,Troyes,4-2-3-1,Titolare,8,10,Ifnaoui M.,,6.6,,,rLXlclK0
Coppa di Francia,16esimi di finale,10.01.2026,Bastia,Troyes,Ospite,Troyes,4-2-3-1,Titolare,9,5,Adeline M.,,7.5,,74',rLXlclK0
Coppa di Francia,16esimi di finale,10.01.2026,Bastia,Troyes,Ospite,Troyes,4-2-3-1,Titolare,10,11,Assoumou J.,,6.6,,87',rLXlclK0
Coppa di Francia,16esimi di finale,10.01.2026,Bastia,Troyes,Ospite,Troyes,4-2-3-1,Titolare,11,9,Ripart R.,,7.8,,73',rLXlclK0
Coppa di Francia,16esimi di finale,10.01.2026,Bastia,Troyes,Ospite,Troyes,4-2-3-1,Panchina,1,19,Bentayeb T.,,7.4,73',,rLXlclK0
Coppa di Francia,16esimi di finale,10.01.2026,Bastia,Troyes,Ospite,Troyes,4-2-3-1,Panchina,2,16,Boucher Z.,Portiere,,,,rLXlclK0
Coppa di Francia,16esimi di finale,10.01.2026,Bastia,Troyes,Ospite,Troyes,4-2-3-1,Panchina,3,18,Detourbet M.,,,,,rLXlclK0
Coppa di Francia,16esimi di finale,10.01.2026,Bastia,Troyes,Ospite,Troyes,4-2-3-1,Panchina,4,14,Diawara S.,,,,,rLXlclK0
Coppa di Francia,16esimi di finale,10.01.2026,Bastia,Troyes,Ospite,Troyes,4-2-3-1,Panchina,5,20,El Idrissy M.,,6.4,74',,rLXlclK0
Coppa di Francia,16esimi di finale,10.01.2026,Bastia,Troyes,Ospite,Troyes,4-2-3-1,Panchina,6,13,Maronnier L.,,,90',,rLXlclK0
Coppa di Francia,16esimi di finale,10.01.2026,Bastia,Troyes,Ospite,Troyes,4-2-3-1,Panchina,7,17,Mille A.,,,,,rLXlclK0
Coppa di Francia,16esimi di finale,10.01.2026,Bastia,Troyes,Ospite,Troyes,4-2-3-1,Panchina,8,12,Odede E.,,,87',,rLXlclK0
Coppa di Francia,16esimi di finale,10.01.2026,Bastia,Troyes,Ospite,Troyes,4-2-3-1,Panchina,9,15,Ouzenadji A.,,,87',,rLXlclK0
Coppa di Francia,16esimi di finale,10.01.2026,Angers,Tolosa,Casa,Angers,4-2-3-1,Titolare,1,1,Pona O.,Portiere,8.2,,,lvCX75YI
Coppa di Francia,16esimi di finale,10.01.2026,Angers,Tolosa,Casa,Angers,4-2-3-1,Titolare,2,2,Raolisoa L.,,6.5,,64',lvCX75YI
Coppa di Francia,16esimi di finale,10.01.2026,Angers,Tolosa,Casa,Angers,4-2-3-1,Titolare,3,4,Biumla E.,,6.3,,,lvCX75YI
Coppa di Francia,16esimi di finale,10.01.2026,Angers,Tolosa,Casa,Angers,4-2-3-1,Titolare,4,5,Lefort J.,,7.7,,,lvCX75YI
Coppa di Francia,16esimi di finale,10.01.2026,Angers,Tolosa,Casa,Angers,4-2-3-1,Titolare,5,3,Ekomie J.,,6.8,,64',lvCX75YI
Coppa di Francia,16esimi di finale,10.01.2026,Angers,Tolosa,Casa,Angers,4-2-3-1,Titolare,6,8,Belkebla H.,,6.3,,,lvCX75YI
Coppa di Francia,16esimi di finale,10.01.2026,Angers,Tolosa,Casa,Angers,4-2-3-1,Titolare,7,10,Capelle P.,Capitano,5.7,,75',lvCX75YI
Coppa di Francia,16esimi di finale,10.01.2026,Angers,Tolosa,Casa,Angers,4-2-3-1,Titolare,8,11,Belkhdim Y.,,5.3,,75',lvCX75YI
Coppa di Francia,16esimi di finale,10.01.2026,Angers,Tolosa,Casa,Angers,4-2-3-1,Titolare,9,6,Mouton L.,,6.2,,,lvCX75YI
Coppa di Francia,16esimi di finale,10.01.2026,Angers,Tolosa,Casa,Angers,4-2-3-1,Titolare,10,7,Sbai A.,,7.1,,,lvCX75YI
Coppa di Francia,16esimi di finale,10.01.2026,Angers,Tolosa,Casa,Angers,4-2-3-1,Titolare,11,9,Peter P.,,5.8,,90+2',lvCX75YI
Coppa di Francia,16esimi di finale,10.01.2026,Angers,Tolosa,Casa,Angers,4-2-3-1,Panchina,1,12,Arcus C.,,6.7,64',,lvCX75YI
Coppa di Francia,16esimi di finale,10.01.2026,Angers,Tolosa,Casa,Angers,4-2-3-1,Panchina,2,14,Bamba A.,,,,,lvCX75YI
Coppa di Francia,16esimi di finale,10.01.2026,Angers,Tolosa,Casa,Angers,4-2-3-1,Panchina,3,19,Cherif S.,,,,,lvCX75YI
Coppa di Francia,16esimi di finale,10.01.2026,Angers,Tolosa,Casa,Angers,4-2-3-1,Panchina,4,15,Courcoul M.,,6.2,75',,lvCX75YI
Coppa di Francia,16esimi di finale,10.01.2026,Angers,Tolosa,Casa,Angers,4-2-3-1,Panchina,5,20,Hanin F.,,6.5,64',,lvCX75YI
Coppa di Francia,16esimi di finale,10.01.2026,Angers,Tolosa,Casa,Angers,4-2-3-1,Panchina,6,18,Machine L.,,,90+2',,lvCX75YI
Coppa di Francia,16esimi di finale,10.01.2026,Angers,Tolosa,Casa,Angers,4-2-3-1,Panchina,7,17,Moussaoui A.,,6.1,75',,lvCX75YI
Coppa di Francia,16esimi di finale,10.01.2026,Angers,Tolosa,Casa,Angers,4-2-3-1,Panchina,8,13,Sinate D.,,,,,lvCX75YI
Coppa di Francia,16esimi di finale,10.01.2026,Angers,Tolosa,Casa,Angers,4-2-3-1,Panchina,9,16,Zinga M.,Portiere,,,,lvCX75YI
Coppa di Francia,16esimi di finale,10.01.2026,Angers,Tolosa,Ospite,Tolosa,3-4-2-1,Titolare,1,1,Haug K.,Portiere,7.0,,,lvCX75YI
Coppa di Francia,16esimi di finale,10.01.2026,Angers,Tolosa,Ospite,Tolosa,3-4-2-1,Titolare,2,5,Koumbassa S.,,6.3,,,lvCX75YI
Coppa di Francia,16esimi di finale,10.01.2026,Angers,Tolosa,Ospite,Tolosa,3-4-2-1,Titolare,3,4,Cresswell C.,,6.7,,,lvCX75YI
Coppa di Francia,16esimi di finale,10.01.2026,Angers,Tolosa,Ospite,Tolosa,3-4-2-1,Titolare,4,3,McKenzie M.,Capitano,7.1,,,lvCX75YI
Coppa di Francia,16esimi di finale,10.01.2026,Angers,Tolosa,Ospite,Tolosa,3-4-2-1,Titolare,5,2,Messali R.,,7.3,,,lvCX75YI
Coppa di Francia,16esimi di finale,10.01.2026,Angers,Tolosa,Ospite,Tolosa,3-4-2-1,Titolare,6,8,Sauer M.,,6.2,,,lvCX75YI
Coppa di Francia,16esimi di finale,10.01.2026,Angers,Tolosa,Ospite,Tolosa,3-4-2-1,Titolare,7,6,Demba P.,,6.9,,,lvCX75YI
Coppa di Francia,16esimi di finale,10.01.2026,Angers,Tolosa,Ospite,Tolosa,3-4-2-1,Titolare,8,7,Vignolo J.,,7.0,,71',lvCX75YI
Coppa di Francia,16esimi di finale,10.01.2026,Angers,Tolosa,Ospite,Tolosa,3-4-2-1,Titolare,9,11,Edjouma N.,,7.0,,71',lvCX75YI
Coppa di Francia,16esimi di finale,10.01.2026,Angers,Tolosa,Ospite,Tolosa,3-4-2-1,Titolare,10,10,Gboho Y.,,6.9,,,lvCX75YI
Coppa di Francia,16esimi di finale,10.01.2026,Angers,Tolosa,Ospite,Tolosa,3-4-2-1,Titolare,11,9,Hidalgo S.,,6.9,,85',lvCX75YI
Coppa di Francia,16esimi di finale,10.01.2026,Angers,Tolosa,Ospite,Tolosa,3-4-2-1,Panchina,1,19,Casseres C.,,,,,lvCX75YI
Coppa di Francia,16esimi di finale,10.01.2026,Angers,Tolosa,Ospite,Tolosa,3-4-2-1,Panchina,2,15,Donnum A.,,,,,lvCX75YI
Coppa di Francia,16esimi di finale,10.01.2026,Angers,Tolosa,Ospite,Tolosa,3-4-2-1,Panchina,3,17,Faty E.,,,85',,lvCX75YI
Coppa di Francia,16esimi di finale,10.01.2026,Angers,Tolosa,Ospite,Tolosa,3-4-2-1,Panchina,4,13,Kamanzi W.,,7.0,,,lvCX75YI
Coppa di Francia,16esimi di finale,10.01.2026,Angers,Tolosa,Ospite,Tolosa,3-4-2-1,Panchina,5,14,Lahmadi N.,,,,,lvCX75YI
Coppa di Francia,16esimi di finale,10.01.2026,Angers,Tolosa,Ospite,Tolosa,3-4-2-1,Panchina,6,16,Restes G.,Portiere,,,,lvCX75YI
Coppa di Francia,16esimi di finale,10.01.2026,Angers,Tolosa,Ospite,Tolosa,3-4-2-1,Panchina,7,18,Reynaud L.,,6.4,71',,lvCX75YI
Coppa di Francia,16esimi di finale,10.01.2026,Angers,Tolosa,Ospite,Tolosa,3-4-2-1,Panchina,8,20,Schmidt N.,,6.5,71',,lvCX75YI
Coppa di Francia,16esimi di finale,10.01.2026,Angers,Tolosa,Ospite,Tolosa,3-4-2-1,Panchina,9,12,Wasbauer N.,,,,,lvCX75YI
Coppa di Francia,16esimi di finale,10.01.2026,Istres,Laval,Casa,Istres,3-4-3,Titolare,1,1,Matimbou W.,Portiere,5.6,,,MRKGBmZg
Coppa di Francia,16esimi di finale,10.01.2026,Istres,Laval,Casa,Istres,3-4-3,Titolare,2,5,Dihad A.,,6.5,,,MRKGBmZg
Coppa di Francia,16esimi di finale,10.01.2026,Istres,Laval,Casa,Istres,3-4-3,Titolare,3,4,Nkulu L.,,5.0,,79',MRKGBmZg
Coppa di Francia,16esimi di finale,10.01.2026,Istres,Laval,Casa,Istres,3-4-3,Titolare,4,3,Khechmar A.,,6.9,,,MRKGBmZg
Coppa di Francia,16esimi di finale,10.01.2026,Istres,Laval,Casa,Istres,3-4-3,Titolare,5,2,Marre E.,,6.0,,,MRKGBmZg
Coppa di Francia,16esimi di finale,10.01.2026,Istres,Laval,Casa,Istres,3-4-3,Titolare,6,8,Konte M.,,6.8,,,MRKGBmZg
Coppa di Francia,16esimi di finale,10.01.2026,Istres,Laval,Casa,Istres,3-4-3,Titolare,7,6,Kadir F.,Capitano,7.2,,89',MRKGBmZg
Coppa di Francia,16esimi di finale,10.01.2026,Istres,Laval,Casa,Istres,3-4-3,Titolare,8,11,Relange T.,,5.9,,74',MRKGBmZg
Coppa di Francia,16esimi di finale,10.01.2026,Istres,Laval,Casa,Istres,3-4-3,Titolare,9,10,Nassiri A.,,6.2,,,MRKGBmZg
Coppa di Francia,16esimi di finale,10.01.2026,Istres,Laval,Casa,Istres,3-4-3,Titolare,10,9,Cara S.,,5.3,,89',MRKGBmZg
Coppa di Francia,16esimi di finale,10.01.2026,Istres,Laval,Casa,Istres,3-4-3,Titolare,11,7,Amir Z.,,6.1,,75',MRKGBmZg
Coppa di Francia,16esimi di finale,10.01.2026,Istres,Laval,Casa,Istres,3-4-3,Panchina,1,12,Abergel S.,,6.3,74',,MRKGBmZg
Coppa di Francia,16esimi di finale,10.01.2026,Istres,Laval,Casa,Istres,3-4-3,Panchina,2,15,Bangoura A.,,,,,MRKGBmZg
Coppa di Francia,16esimi di finale,10.01.2026,Istres,Laval,Casa,Istres,3-4-3,Panchina,3,16,Ben Boina S.,Portiere,,,,MRKGBmZg
Coppa di Francia,16esimi di finale,10.01.2026,Istres,Laval,Casa,Istres,3-4-3,Panchina,4,17,Boukeroucha Y.,,,89',,MRKGBmZg
Coppa di Francia,16esimi di finale,10.01.2026,Istres,Laval,Casa,Istres,3-4-3,Panchina,5,18,Gassama B.,,6.4,79',,MRKGBmZg
Coppa di Francia,16esimi di finale,10.01.2026,Istres,Laval,Casa,Istres,3-4-3,Panchina,6,14,Quemard N.,,,,,MRKGBmZg
Coppa di Francia,16esimi di finale,10.01.2026,Istres,Laval,Casa,Istres,3-4-3,Panchina,7,19,Rico M.,,,,,MRKGBmZg
Coppa di Francia,16esimi di finale,10.01.2026,Istres,Laval,Casa,Istres,3-4-3,Panchina,8,13,Souare M.,,,89',,MRKGBmZg
Coppa di Francia,16esimi di finale,10.01.2026,Istres,Laval,Casa,Istres,3-4-3,Panchina,9,20,Yara S.,,6.4,75',,MRKGBmZg
Coppa di Francia,16esimi di finale,10.01.2026,Istres,Laval,Ospite,Laval,3-4-1-2,Titolare,1,1,Hautbois M.,Portiere,7.3,,,MRKGBmZg
Coppa di Francia,16esimi di finale,10.01.2026,Istres,Laval,Ospite,Laval,3-4-1-2,Titolare,2,4,Ouaneh P.,,7.2,,,MRKGBmZg
Coppa di Francia,16esimi di finale,10.01.2026,Istres,Laval,Ospite,Laval,3-4-1-2,Titolare,3,2,Tavares Y.,,6.4,,,MRKGBmZg
Coppa di Francia,16esimi di finale,10.01.2026,Istres,Laval,Ospite,Laval,3-4-1-2,Titolare,4,3,Bianda W.,,6.2,,90+2',MRKGBmZg
Coppa di Francia,16esimi di finale,10.01.2026,Istres,Laval,Ospite,Laval,3-4-1-2,Titolare,5,6,Sanna S.,Capitano,7.1,,,MRKGBmZg
Coppa di Francia,16esimi di finale,10.01.2026,Istres,Laval,Ospite,Laval,3-4-1-2,Titolare,6,8,Mandouki C.,,6.3,,90+2',MRKGBmZg
Coppa di Francia,16esimi di finale,10.01.2026,Istres,Laval,Ospite,Laval,3-4-1-2,Titolare,7,10,Benard W.,,9.1,,,MRKGBmZg
Coppa di Francia,16esimi di finale,10.01.2026,Istres,Laval,Ospite,Laval,3-4-1-2,Titolare,8,7,Samb L.,,7.5,,,MRKGBmZg
Coppa di Francia,16esimi di finale,10.01.2026,Istres,Laval,Ospite,Laval,3-4-1-2,Titolare,9,5,Maggiotti J.,,7.9,,74',MRKGBmZg
Coppa di Francia,16esimi di finale,10.01.2026,Istres,Laval,Ospite,Laval,3-4-1-2,Titolare,10,9,Maddy E.,,7.2,,84',MRKGBmZg
Coppa di Francia,16esimi di finale,10.01.2026,Istres,Laval,Ospite,Laval,3-4-1-2,Titolare,11,11,Dago T.,,7.2,,74',MRKGBmZg
Coppa di Francia,16esimi di finale,10.01.2026,Istres,Laval,Ospite,Laval,3-4-1-2,Panchina,1,17,Aradj Y.,,,90+2',,MRKGBmZg
Coppa di Francia,16esimi di finale,10.01.2026,Istres,Laval,Ospite,Laval,3-4-1-2,Panchina,2,20,Clavreul E.,,6.4,74',,MRKGBmZg
Coppa di Francia,16esimi di finale,10.01.2026,Istres,Laval,Ospite,Laval,3-4-1-2,Panchina,3,16,Droyaux L.,Portiere,,,,MRKGBmZg
Coppa di Francia,16esimi di finale,10.01.2026,Istres,Laval,Ospite,Laval,3-4-1-2,Panchina,4,14,Faurand-Tournaire A.,,,,,MRKGBmZg
Coppa di Francia,16esimi di finale,10.01.2026,Istres,Laval,Ospite,Laval,3-4-1-2,Panchina,5,15,Montet E.,,,,,MRKGBmZg
Coppa di Francia,16esimi di finale,10.01.2026,Istres,Laval,Ospite,Laval,3-4-1-2,Panchina,6,12,Pellenard T.,,,90+2',,MRKGBmZg
Coppa di Francia,16esimi di finale,10.01.2026,Istres,Laval,Ospite,Laval,3-4-1-2,Panchina,7,19,Sellouki M.,,,,,MRKGBmZg
Coppa di Francia,16esimi di finale,10.01.2026,Istres,Laval,Ospite,Laval,3-4-1-2,Panchina,8,18,Tchokounte M.,,6.4,74',,MRKGBmZg
Coppa di Francia,16esimi di finale,10.01.2026,Istres,Laval,Ospite,Laval,3-4-1-2,Panchina,9,13,Vargas T.,,,84',,MRKGBmZg
Coppa di Francia,16esimi di finale,10.01.2026,Le Puy-en-Velay,Reims,Casa,Le Puy-en-Velay,3-5-2,Titolare,1,1,Carvalho M.,Portiere,9.2,,,rck26hcE
Coppa di Francia,16esimi di finale,10.01.2026,Le Puy-en-Velay,Reims,Casa,Le Puy-en-Velay,3-5-2,Titolare,2,5,Zogba M.,,7.2,,,rck26hcE
Coppa di Francia,16esimi di finale,10.01.2026,Le Puy-en-Velay,Reims,Casa,Le Puy-en-Velay,3-5-2,Titolare,3,4,Mohamed I.,,6.1,,,rck26hcE
Coppa di Francia,16esimi di finale,10.01.2026,Le Puy-en-Velay,Reims,Casa,Le Puy-en-Velay,3-5-2,Titolare,4,3,Seidou E.,,6.9,,,rck26hcE
Coppa di Francia,16esimi di finale,10.01.2026,Le Puy-en-Velay,Reims,Casa,Le Puy-en-Velay,3-5-2,Titolare,5,2,Bouleghcha I.,,6.5,,,rck26hcE
Coppa di Francia,16esimi di finale,10.01.2026,Le Puy-en-Velay,Reims,Casa,Le Puy-en-Velay,3-5-2,Titolare,6,8,Akkal S.,,6.4,,86',rck26hcE
Coppa di Francia,16esimi di finale,10.01.2026,Le Puy-en-Velay,Reims,Casa,Le Puy-en-Velay,3-5-2,Titolare,7,6,Xhemo R.,Capitano,6.9,,,rck26hcE
Coppa di Francia,16esimi di finale,10.01.2026,Le Puy-en-Velay,Reims,Casa,Le Puy-en-Velay,3-5-2,Titolare,8,10,Esmel H.,,7.7,,82',rck26hcE
Coppa di Francia,16esimi di finale,10.01.2026,Le Puy-en-Velay,Reims,Casa,Le Puy-en-Velay,3-5-2,Titolare,9,7,Goumot E.,,6.6,,82',rck26hcE
Coppa di Francia,16esimi di finale,10.01.2026,Le Puy-en-Velay,Reims,Casa,Le Puy-en-Velay,3-5-2,Titolare,10,9,Rodrigues C.,,5.6,,70',rck26hcE
Coppa di Francia,16esimi di finale,10.01.2026,Le Puy-en-Velay,Reims,Casa,Le Puy-en-Velay,3-5-2,Titolare,11,11,Nsingi P.,,6.5,,86',rck26hcE
Coppa di Francia,16esimi di finale,10.01.2026,Le Puy-en-Velay,Reims,Casa,Le Puy-en-Velay,3-5-2,Panchina,1,15,Adelaide M.,,6.1,70',,rck26hcE
Coppa di Francia,16esimi di finale,10.01.2026,Le Puy-en-Velay,Reims,Casa,Le Puy-en-Velay,3-5-2,Panchina,2,18,Darnaud A.,,,86',,rck26hcE
Coppa di Francia,16esimi di finale,10.01.2026,Le Puy-en-Velay,Reims,Casa,Le Puy-en-Velay,3-5-2,Panchina,3,12,Doumbia C.,,,,,rck26hcE
Coppa di Francia,16esimi di finale,10.01.2026,Le Puy-en-Velay,Reims,Casa,Le Puy-en-Velay,3-5-2,Panchina,4,20,Faty M.,,,82',,rck26hcE
Coppa di Francia,16esimi di finale,10.01.2026,Le Puy-en-Velay,Reims,Casa,Le Puy-en-Velay,3-5-2,Panchina,5,19,Ghalem T.,,,,,rck26hcE
Coppa di Francia,16esimi di finale,10.01.2026,Le Puy-en-Velay,Reims,Casa,Le Puy-en-Velay,3-5-2,Panchina,6,14,Gromat J.,,,86',,rck26hcE
Coppa di Francia,16esimi di finale,10.01.2026,Le Puy-en-Velay,Reims,Casa,Le Puy-en-Velay,3-5-2,Panchina,7,16,Maronne Y.,Portiere,,,,rck26hcE
Coppa di Francia,16esimi di finale,10.01.2026,Le Puy-en-Velay,Reims,Casa,Le Puy-en-Velay,3-5-2,Panchina,8,17,Soualhia A.,,,,,rck26hcE
Coppa di Francia,16esimi di finale,10.01.2026,Le Puy-en-Velay,Reims,Casa,Le Puy-en-Velay,3-5-2,Panchina,9,13,Wade P.,,,82',,rck26hcE
Coppa di Francia,16esimi di finale,10.01.2026,Le Puy-en-Velay,Reims,Ospite,Reims,4-2-3-1,Titolare,1,1,Olliero A.,Portiere,8.8,,,rck26hcE
Coppa di Francia,16esimi di finale,10.01.2026,Le Puy-en-Velay,Reims,Ospite,Reims,4-2-3-1,Titolare,2,3,Sekine H.,,8.4,,,rck26hcE
Coppa di Francia,16esimi di finale,10.01.2026,Le Puy-en-Velay,Reims,Ospite,Reims,4-2-3-1,Titolare,3,2,Elie,,7.2,,,rck26hcE
Coppa di Francia,16esimi di finale,10.01.2026,Le Puy-en-Velay,Reims,Ospite,Reims,4-2-3-1,Titolare,4,5,Pallois N.,Capitano,7.0,,,rck26hcE
Coppa di Francia,16esimi di finale,10.01.2026,Le Puy-en-Velay,Reims,Ospite,Reims,4-2-3-1,Titolare,5,4,Akieme S.,,6.7,,,rck26hcE
Coppa di Francia,16esimi di finale,10.01.2026,Le Puy-en-Velay,Reims,Ospite,Reims,4-2-3-1,Titolare,6,8,Gbane M.,,6.3,,66',rck26hcE
Coppa di Francia,16esimi di finale,10.01.2026,Le Puy-en-Velay,Reims,Ospite,Reims,4-2-3-1,Titolare,7,6,Leoni T.,,8.1,,,rck26hcE
Coppa di Francia,16esimi di finale,10.01.2026,Le Puy-en-Velay,Reims,Ospite,Reims,4-2-3-1,Titolare,8,7,Diarra T.,,6.5,,66',rck26hcE
Coppa di Francia,16esimi di finale,10.01.2026,Le Puy-en-Velay,Reims,Ospite,Reims,4-2-3-1,Titolare,9,10,Teuma T.,,6.9,,67',rck26hcE
Coppa di Francia,16esimi di finale,10.01.2026,Le Puy-en-Velay,Reims,Ospite,Reims,4-2-3-1,Titolare,10,11,Salama A.,,7.1,,84',rck26hcE
Coppa di Francia,16esimi di finale,10.01.2026,Le Puy-en-Velay,Reims,Ospite,Reims,4-2-3-1,Titolare,11,9,Bojang A.,,6.4,,,rck26hcE
Coppa di Francia,16esimi di finale,10.01.2026,Le Puy-en-Velay,Reims,Ospite,Reims,4-2-3-1,Panchina,1,14,Busi M.,,,,,rck26hcE
Coppa di Francia,16esimi di finale,10.01.2026,Le Puy-en-Velay,Reims,Ospite,Reims,4-2-3-1,Panchina,2,19,Daramy M.,,,84',,rck26hcE
Coppa di Francia,16esimi di finale,10.01.2026,Le Puy-en-Velay,Reims,Ospite,Reims,4-2-3-1,Panchina,3,13,Diarrassouba T.,,,,,rck26hcE
Coppa di Francia,16esimi di finale,10.01.2026,Le Puy-en-Velay,Reims,Ospite,Reims,4-2-3-1,Panchina,4,16,Jaouen E.,Portiere,,,,rck26hcE
Coppa di Francia,16esimi di finale,10.01.2026,Le Puy-en-Velay,Reims,Ospite,Reims,4-2-3-1,Panchina,5,12,Kone A.,,,,,rck26hcE
Coppa di Francia,16esimi di finale,10.01.2026,Le Puy-en-Velay,Reims,Ospite,Reims,4-2-3-1,Panchina,6,17,Nakamura K.,,7.0,66',,rck26hcE
Coppa di Francia,16esimi di finale,10.01.2026,Le Puy-en-Velay,Reims,Ospite,Reims,4-2-3-1,Panchina,7,15,Patrick J.,,,,,rck26hcE
Coppa di Francia,16esimi di finale,10.01.2026,Le Puy-en-Velay,Reims,Ospite,Reims,4-2-3-1,Panchina,8,20,Tia A.,,6.4,67',,rck26hcE
Coppa di Francia,16esimi di finale,10.01.2026,Le Puy-en-Velay,Reims,Ospite,Reims,4-2-3-1,Panchina,9,18,Zabi P.,,6.6,66',,rck26hcE
Coppa di Francia,16esimi di finale,10.01.2026,Hauts Lyonnais,Lorient,Casa,Hauts Lyonnais,4-1-4-1,Titolare,1,1,Tissot I.,Portiere,5.5,,,0YPHbtv8
Coppa di Francia,16esimi di finale,10.01.2026,Hauts Lyonnais,Lorient,Casa,Hauts Lyonnais,4-1-4-1,Titolare,2,2,Hospital A.,,6.5,,64',0YPHbtv8
Coppa di Francia,16esimi di finale,10.01.2026,Hauts Lyonnais,Lorient,Casa,Hauts Lyonnais,4-1-4-1,Titolare,3,4,Halaimia J.,,5.7,,,0YPHbtv8
Coppa di Francia,16esimi di finale,10.01.2026,Hauts Lyonnais,Lorient,Casa,Hauts Lyonnais,4-1-4-1,Titolare,4,5,Poncet R.,,8.2,,,0YPHbtv8
Coppa di Francia,16esimi di finale,10.01.2026,Hauts Lyonnais,Lorient,Casa,Hauts Lyonnais,4-1-4-1,Titolare,5,3,Blot T.,,6.4,,,0YPHbtv8
Coppa di Francia,16esimi di finale,10.01.2026,Hauts Lyonnais,Lorient,Casa,Hauts Lyonnais,4-1-4-1,Titolare,6,6,Gabard B.,,6.7,,65',0YPHbtv8
Coppa di Francia,16esimi di finale,10.01.2026,Hauts Lyonnais,Lorient,Casa,Hauts Lyonnais,4-1-4-1,Titolare,7,11,Moke Njedi A.,,5.8,,64',0YPHbtv8
Coppa di Francia,16esimi di finale,10.01.2026,Hauts Lyonnais,Lorient,Casa,Hauts Lyonnais,4-1-4-1,Titolare,8,7,Thizy H.,,6.7,,,0YPHbtv8
Coppa di Francia,16esimi di finale,10.01.2026,Hauts Lyonnais,Lorient,Casa,Hauts Lyonnais,4-1-4-1,Titolare,9,8,Bouguerra H.,Capitano,5.8,,,0YPHbtv8
Coppa di Francia,16esimi di finale,10.01.2026,Hauts Lyonnais,Lorient,Casa,Hauts Lyonnais,4-1-4-1,Titolare,10,10,Messili S.,,7.4,,76',0YPHbtv8
Coppa di Francia,16esimi di finale,10.01.2026,Hauts Lyonnais,Lorient,Casa,Hauts Lyonnais,4-1-4-1,Titolare,11,9,Belaroussi A.,,6.4,,86',0YPHbtv8
Coppa di Francia,16esimi di finale,10.01.2026,Hauts Lyonnais,Lorient,Casa,Hauts Lyonnais,4-1-4-1,Panchina,1,19,Antonio Manuel M.,,6.3,76',,0YPHbtv8
Coppa di Francia,16esimi di finale,10.01.2026,Hauts Lyonnais,Lorient,Casa,Hauts Lyonnais,4-1-4-1,Panchina,2,14,Besson G.,,,,,0YPHbtv8
Coppa di Francia,16esimi di finale,10.01.2026,Hauts Lyonnais,Lorient,Casa,Hauts Lyonnais,4-1-4-1,Panchina,3,15,Boulaghlem S.,,,86',,0YPHbtv8
Coppa di Francia,16esimi di finale,10.01.2026,Hauts Lyonnais,Lorient,Casa,Hauts Lyonnais,4-1-4-1,Panchina,4,16,Cochini L.,Portiere,,,,0YPHbtv8
Coppa di Francia,16esimi di finale,10.01.2026,Hauts Lyonnais,Lorient,Casa,Hauts Lyonnais,4-1-4-1,Panchina,5,18,Dumas A.,,6.2,64',,0YPHbtv8
Coppa di Francia,16esimi di finale,10.01.2026,Hauts Lyonnais,Lorient,Casa,Hauts Lyonnais,4-1-4-1,Panchina,6,20,Laine N.,Portiere,,,,0YPHbtv8
Coppa di Francia,16esimi di finale,10.01.2026,Hauts Lyonnais,Lorient,Casa,Hauts Lyonnais,4-1-4-1,Panchina,7,12,Lebrini G.,,,,,0YPHbtv8
Coppa di Francia,16esimi di finale,10.01.2026,Hauts Lyonnais,Lorient,Casa,Hauts Lyonnais,4-1-4-1,Panchina,8,17,Lourenco D.,,6.3,65',,0YPHbtv8
Coppa di Francia,16esimi di finale,10.01.2026,Hauts Lyonnais,Lorient,Casa,Hauts Lyonnais,4-1-4-1,Panchina,9,13,Muller A.,,6.3,64',,0YPHbtv8
Coppa di Francia,16esimi di finale,10.01.2026,Hauts Lyonnais,Lorient,Ospite,Lorient,4-2-2-2,Titolare,1,1,Kamara B.,Portiere,7.3,,,0YPHbtv8
Coppa di Francia,16esimi di finale,10.01.2026,Hauts Lyonnais,Lorient,Ospite,Lorient,4-2-2-2,Titolare,2,5,Meite B.,,7.6,,61',0YPHbtv8
Coppa di Francia,16esimi di finale,10.01.2026,Hauts Lyonnais,Lorient,Ospite,Lorient,4-2-2-2,Titolare,3,4,Adjei N.,,7.7,,,0YPHbtv8
Coppa di Francia,16esimi di finale,10.01.2026,Hauts Lyonnais,Lorient,Ospite,Lorient,4-2-2-2,Titolare,4,2,Igor Silva,,7.9,,,0YPHbtv8
Coppa di Francia,16esimi di finale,10.01.2026,Hauts Lyonnais,Lorient,Ospite,Lorient,4-2-2-2,Titolare,5,11,Le Bris T.,,8.5,,,0YPHbtv8
Coppa di Francia,16esimi di finale,10.01.2026,Hauts Lyonnais,Lorient,Ospite,Lorient,4-2-2-2,Titolare,6,8,Makengo J.,,6.9,,,0YPHbtv8
Coppa di Francia,16esimi di finale,10.01.2026,Hauts Lyonnais,Lorient,Ospite,Lorient,4-2-2-2,Titolare,7,6,Abergel L.,Capitano,6.9,,90+1',0YPHbtv8
Coppa di Francia,16esimi di finale,10.01.2026,Hauts Lyonnais,Lorient,Ospite,Lorient,4-2-2-2,Titolare,8,9,Mvuka Mugisha J.,,7.3,,,0YPHbtv8
Coppa di Francia,16esimi di finale,10.01.2026,Hauts Lyonnais,Lorient,Ospite,Lorient,4-2-2-2,Titolare,9,10,Pagis P.,,8.1,,72',0YPHbtv8
Coppa di Francia,16esimi di finale,10.01.2026,Hauts Lyonnais,Lorient,Ospite,Lorient,4-2-2-2,Titolare,10,3,Sanusi T.,,6.7,,61',0YPHbtv8
Coppa di Francia,16esimi di finale,10.01.2026,Hauts Lyonnais,Lorient,Ospite,Lorient,4-2-2-2,Titolare,11,7,Dieng B.,,8.7,,72',0YPHbtv8
Coppa di Francia,16esimi di finale,10.01.2026,Hauts Lyonnais,Lorient,Ospite,Lorient,4-2-2-2,Panchina,1,20,Baldoni S.,,6.6,72',,0YPHbtv8
Coppa di Francia,16esimi di finale,10.01.2026,Hauts Lyonnais,Lorient,Ospite,Lorient,4-2-2-2,Panchina,2,15,Bley M.,,,90+1',,0YPHbtv8
Coppa di Francia,16esimi di finale,10.01.2026,Hauts Lyonnais,Lorient,Ospite,Lorient,4-2-2-2,Panchina,3,19,Fadiga B.,,6.8,72',,0YPHbtv8
Coppa di Francia,16esimi di finale,10.01.2026,Hauts Lyonnais,Lorient,Ospite,Lorient,4-2-2-2,Panchina,4,12,Faye A.,,6.5,61',,0YPHbtv8
Coppa di Francia,16esimi di finale,10.01.2026,Hauts Lyonnais,Lorient,Ospite,Lorient,4-2-2-2,Panchina,5,14,Kone M.,,6.9,61',,0YPHbtv8
Coppa di Francia,16esimi di finale,10.01.2026,Hauts Lyonnais,Lorient,Ospite,Lorient,4-2-2-2,Panchina,6,13,Leaudais L.,,,,,0YPHbtv8
Coppa di Francia,16esimi di finale,10.01.2026,Hauts Lyonnais,Lorient,Ospite,Lorient,4-2-2-2,Panchina,7,17,Le Gal N.,,,,,0YPHbtv8
Coppa di Francia,16esimi di finale,10.01.2026,Hauts Lyonnais,Lorient,Ospite,Lorient,4-2-2-2,Panchina,8,16,Leroy B.,Portiere,,,,0YPHbtv8
Coppa di Francia,16esimi di finale,10.01.2026,Avranches,Strasburgo,Casa,Avranches,5-3-2,Titolare,1,1,Beuve A.,Portiere,6.2,,,ppbLMhQc
Coppa di Francia,16esimi di finale,10.01.2026,Avranches,Strasburgo,Casa,Avranches,5-3-2,Titolare,2,2,Bansais D.,,6.4,,46',ppbLMhQc
Coppa di Francia,16esimi di finale,10.01.2026,Avranches,Strasburgo,Casa,Avranches,5-3-2,Titolare,3,4,Mbaye B. A.,,5.5,,72',ppbLMhQc
Coppa di Francia,16esimi di finale,10.01.2026,Avranches,Strasburgo,Casa,Avranches,5-3-2,Titolare,4,5,Dudouit E.,,6.5,,,ppbLMhQc
Coppa di Francia,16esimi di finale,10.01.2026,Avranches,Strasburgo,Casa,Avranches,5-3-2,Titolare,5,3,Terrien P.,,5.9,,,ppbLMhQc
Coppa di Francia,16esimi di finale,10.01.2026,Avranches,Strasburgo,Casa,Avranches,5-3-2,Titolare,6,7,Mazikou S.,,5.9,,72',ppbLMhQc
Coppa di Francia,16esimi di finale,10.01.2026,Avranches,Strasburgo,Casa,Avranches,5-3-2,Titolare,7,6,Sopromadze Z.,,6.2,,62',ppbLMhQc
Coppa di Francia,16esimi di finale,10.01.2026,Avranches,Strasburgo,Casa,Avranches,5-3-2,Titolare,8,8,Boateng C.,,5.6,,72',ppbLMhQc
Coppa di Francia,16esimi di finale,10.01.2026,Avranches,Strasburgo,Casa,Avranches,5-3-2,Titolare,9,10,Pi J.,,5.9,,,ppbLMhQc
Coppa di Francia,16esimi di finale,10.01.2026,Avranches,Strasburgo,Casa,Avranches,5-3-2,Titolare,10,9,Sabihi N.,Capitano,6.4,,,ppbLMhQc
Coppa di Francia,16esimi di finale,10.01.2026,Avranches,Strasburgo,Casa,Avranches,5-3-2,Titolare,11,11,Lamrabette A.,,6.7,,,ppbLMhQc
Coppa di Francia,16esimi di finale,10.01.2026,Avranches,Strasburgo,Casa,Avranches,5-3-2,Panchina,1,17,Adeoti J.,,,,,ppbLMhQc
Coppa di Francia,16esimi di finale,10.01.2026,Avranches,Strasburgo,Casa,Avranches,5-3-2,Panchina,2,16,Bisson N.,Portiere,,,,ppbLMhQc
Coppa di Francia,16esimi di finale,10.01.2026,Avranches,Strasburgo,Casa,Avranches,5-3-2,Panchina,3,15,Crehin V.,,6.1,46',,ppbLMhQc
Coppa di Francia,16esimi di finale,10.01.2026,Avranches,Strasburgo,Casa,Avranches,5-3-2,Panchina,4,20,Delestre S.,,6.4,72',,ppbLMhQc
Coppa di Francia,16esimi di finale,10.01.2026,Avranches,Strasburgo,Casa,Avranches,5-3-2,Panchina,5,12,Dicko A.,,,,,ppbLMhQc
Coppa di Francia,16esimi di finale,10.01.2026,Avranches,Strasburgo,Casa,Avranches,5-3-2,Panchina,6,13,Gesmier K.,,6.5,72',,ppbLMhQc
Coppa di Francia,16esimi di finale,10.01.2026,Avranches,Strasburgo,Casa,Avranches,5-3-2,Panchina,7,18,Le Gendre M.,,,,,ppbLMhQc
Coppa di Francia,16esimi di finale,10.01.2026,Avranches,Strasburgo,Casa,Avranches,5-3-2,Panchina,8,19,Vincent Labadie E.,,6.5,72',,ppbLMhQc
Coppa di Francia,16esimi di finale,10.01.2026,Avranches,Strasburgo,Ospite,Strasburgo,4-4-2,Titolare,1,1,Penders M.,Portiere,8.0,,,ppbLMhQc
Coppa di Francia,16esimi di finale,10.01.2026,Avranches,Strasburgo,Ospite,Strasburgo,4-4-2,Titolare,2,2,Ouattara A.,,6.5,,,ppbLMhQc
Coppa di Francia,16esimi di finale,10.01.2026,Avranches,Strasburgo,Ospite,Strasburgo,4-4-2,Titolare,3,4,Hogsberg L.,,6.5,,,ppbLMhQc
Coppa di Francia,16esimi di finale,10.01.2026,Avranches,Strasburgo,Ospite,Strasburgo,4-4-2,Titolare,4,5,Doukoure I.,Capitano,6.4,,46',ppbLMhQc
Coppa di Francia,16esimi di finale,10.01.2026,Avranches,Strasburgo,Ospite,Strasburgo,4-4-2,Titolare,5,3,Chilwell B.,,7.9,,,ppbLMhQc
Coppa di Francia,16esimi di finale,10.01.2026,Avranches,Strasburgo,Ospite,Strasburgo,4-4-2,Titolare,6,7,Moreira D.,,8.0,,61',ppbLMhQc
Coppa di Francia,16esimi di finale,10.01.2026,Avranches,Strasburgo,Ospite,Strasburgo,4-4-2,Titolare,7,6,El Mourabet S.,,6.9,,62',ppbLMhQc
Coppa di Francia,16esimi di finale,10.01.2026,Avranches,Strasburgo,Ospite,Strasburgo,4-4-2,Titolare,8,8,Barco V.,,9.6,,82',ppbLMhQc
Coppa di Francia,16esimi di finale,10.01.2026,Avranches,Strasburgo,Ospite,Strasburgo,4-4-2,Titolare,9,11,Godo M.,,9.2,,,ppbLMhQc
Coppa di Francia,16esimi di finale,10.01.2026,Avranches,Strasburgo,Ospite,Strasburgo,4-4-2,Titolare,10,10,Enciso J.,,9.2,,,ppbLMhQc
Coppa di Francia,16esimi di finale,10.01.2026,Avranches,Strasburgo,Ospite,Strasburgo,4-4-2,Titolare,11,9,Panichelli J.,,9.3,,62',ppbLMhQc
Coppa di Francia,16esimi di finale,10.01.2026,Avranches,Strasburgo,Ospite,Strasburgo,4-4-2,Panchina,1,18,Amo-Ameyaw S.,,6.6,62',,ppbLMhQc
Coppa di Francia,16esimi di finale,10.01.2026,Avranches,Strasburgo,Ospite,Strasburgo,4-4-2,Panchina,2,17,Amougou M.,,6.4,62',,ppbLMhQc
Coppa di Francia,16esimi di finale,10.01.2026,Avranches,Strasburgo,Ospite,Strasburgo,4-4-2,Panchina,3,16,Johnsson K.,Portiere,,,,ppbLMhQc
Coppa di Francia,16esimi di finale,10.01.2026,Avranches,Strasburgo,Ospite,Strasburgo,4-4-2,Panchina,4,14,Luis R.,,,82',,ppbLMhQc
Coppa di Francia,16esimi di finale,10.01.2026,Avranches,Strasburgo,Ospite,Strasburgo,4-4-2,Panchina,5,15,Nanasi S.,,7.6,61',,ppbLMhQc
Coppa di Francia,16esimi di finale,10.01.2026,Avranches,Strasburgo,Ospite,Strasburgo,4-4-2,Panchina,6,20,Nzingoula R.,,,,,ppbLMhQc
Coppa di Francia,16esimi di finale,10.01.2026,Avranches,Strasburgo,Ospite,Strasburgo,4-4-2,Panchina,7,19,Paez K.,,,,,ppbLMhQc
Coppa di Francia,16esimi di finale,10.01.2026,Avranches,Strasburgo,Ospite,Strasburgo,4-4-2,Panchina,8,12,Sobol E.,,,,,ppbLMhQc
Coppa di Francia,16esimi di finale,10.01.2026,Avranches,Strasburgo,Ospite,Strasburgo,4-4-2,Panchina,9,13,Sylla A.,,6.5,46',,ppbLMhQc
Coppa di Francia,16esimi di finale,11.01.2026,Sochaux,Lens,Casa,Sochaux,4-2-3-1,Titolare,1,1,Jeannin M.,Portiere,7.9,,,jNhA4WRQ
Coppa di Francia,16esimi di finale,11.01.2026,Sochaux,Lens,Casa,Sochaux,4-2-3-1,Titolare,2,2,Youssouf B.,,6.9,,75',jNhA4WRQ
Coppa di Francia,16esimi di finale,11.01.2026,Sochaux,Lens,Casa,Sochaux,4-2-3-1,Titolare,3,5,N'Gatta E.,,6.5,,,jNhA4WRQ
Coppa di Francia,16esimi di finale,11.01.2026,Sochaux,Lens,Casa,Sochaux,4-2-3-1,Titolare,4,4,Peybernes M.,Capitano,4.4,,,jNhA4WRQ
Coppa di Francia,16esimi di finale,11.01.2026,Sochaux,Lens,Casa,Sochaux,4-2-3-1,Titolare,5,3,Tavares D.,,6.1,,,jNhA4WRQ
Coppa di Francia,16esimi di finale,11.01.2026,Sochaux,Lens,Casa,Sochaux,4-2-3-1,Titolare,6,6,Mendes E.,,5.7,,87',jNhA4WRQ
Coppa di Francia,16esimi di finale,11.01.2026,Sochaux,Lens,Casa,Sochaux,4-2-3-1,Titolare,7,8,Masson J.,,6.4,,,jNhA4WRQ
Coppa di Francia,16esimi di finale,11.01.2026,Sochaux,Lens,Casa,Sochaux,4-2-3-1,Titolare,8,10,Boutoutaou A.,,6.2,,67',jNhA4WRQ
Coppa di Francia,16esimi di finale,11.01.2026,Sochaux,Lens,Casa,Sochaux,4-2-3-1,Titolare,9,11,Mexique J.,,6.3,,,jNhA4WRQ
Coppa di Francia,16esimi di finale,11.01.2026,Sochaux,Lens,Casa,Sochaux,4-2-3-1,Titolare,10,7,Gomel B.,,6.9,,67',jNhA4WRQ
Coppa di Francia,16esimi di finale,11.01.2026,Sochaux,Lens,Casa,Sochaux,4-2-3-1,Titolare,11,9,Djoco K.,,5.7,,75',jNhA4WRQ
Coppa di Francia,16esimi di finale,11.01.2026,Sochaux,Lens,Casa,Sochaux,4-2-3-1,Panchina,1,12,Fofana B.,,6.3,67',,jNhA4WRQ
Coppa di Francia,16esimi di finale,11.01.2026,Sochaux,Lens,Casa,Sochaux,4-2-3-1,Panchina,2,17,Joseph V.,,,,,jNhA4WRQ
Coppa di Francia,16esimi di finale,11.01.2026,Sochaux,Lens,Casa,Sochaux,4-2-3-1,Panchina,3,13,Loubao S.,,6.3,67',,jNhA4WRQ
Coppa di Francia,16esimi di finale,11.01.2026,Sochaux,Lens,Casa,Sochaux,4-2-3-1,Panchina,4,20,Mendy P.,,6.4,75',,jNhA4WRQ
Coppa di Francia,16esimi di finale,11.01.2026,Sochaux,Lens,Casa,Sochaux,4-2-3-1,Panchina,5,18,Monthieu P.,,,,,jNhA4WRQ
Coppa di Francia,16esimi di finale,11.01.2026,Sochaux,Lens,Casa,Sochaux,4-2-3-1,Panchina,6,16,Pierre A.,Portiere,,,,jNhA4WRQ
Coppa di Francia,16esimi di finale,11.01.2026,Sochaux,Lens,Casa,Sochaux,4-2-3-1,Panchina,7,14,Saidi A.,,,,,jNhA4WRQ
Coppa di Francia,16esimi di finale,11.01.2026,Sochaux,Lens,Casa,Sochaux,4-2-3-1,Panchina,8,15,Sidibe A.,,6.1,75',,jNhA4WRQ
Coppa di Francia,16esimi di finale,11.01.2026,Sochaux,Lens,Casa,Sochaux,4-2-3-1,Panchina,9,19,Vetro J.,,,87',,jNhA4WRQ
Coppa di Francia,16esimi di finale,11.01.2026,Sochaux,Lens,Ospite,Lens,3-4-3,Titolare,1,1,Risser R.,Portiere,6.8,,,jNhA4WRQ
Coppa di Francia,16esimi di finale,11.01.2026,Sochaux,Lens,Ospite,Lens,3-4-3,Titolare,2,4,Ganiou I.,,6.7,,,jNhA4WRQ
Coppa di Francia,16esimi di finale,11.01.2026,Sochaux,Lens,Ospite,Lens,3-4-3,Titolare,3,6,Baidoo S.,,7.9,,,jNhA4WRQ
Coppa di Francia,16esimi di finale,11.01.2026,Sochaux,Lens,Ospite,Lens,3-4-3,Titolare,4,3,Sarr M.,,7.5,,,jNhA4WRQ
Coppa di Francia,16esimi di finale,11.01.2026,Sochaux,Lens,Ospite,Lens,3-4-3,Titolare,5,2,Abdulhamid S.,,8.0,,76',jNhA4WRQ
Coppa di Francia,16esimi di finale,11.01.2026,Sochaux,Lens,Ospite,Lens,3-4-3,Titolare,6,7,Sotoca F.,Capitano,6.7,,84',jNhA4WRQ
Coppa di Francia,16esimi di finale,11.01.2026,Sochaux,Lens,Ospite,Lens,3-4-3,Titolare,7,5,Thomasson A.,,8.3,,,jNhA4WRQ
Coppa di Francia,16esimi di finale,11.01.2026,Sochaux,Lens,Ospite,Lens,3-4-3,Titolare,8,8,Udol M.,,8.2,,,jNhA4WRQ
Coppa di Francia,16esimi di finale,11.01.2026,Sochaux,Lens,Ospite,Lens,3-4-3,Titolare,9,9,Guilavogui M.,,7.1,,73',jNhA4WRQ
Coppa di Francia,16esimi di finale,11.01.2026,Sochaux,Lens,Ospite,Lens,3-4-3,Titolare,10,11,Edouard O.,,8.4,,76',jNhA4WRQ
Coppa di Francia,16esimi di finale,11.01.2026,Sochaux,Lens,Ospite,Lens,3-4-3,Titolare,11,10,Said W.,,7.7,,84',jNhA4WRQ
Coppa di Francia,16esimi di finale,11.01.2026,Sochaux,Lens,Ospite,Lens,3-4-3,Panchina,1,12,Aguilar R.,,6.4,76',,jNhA4WRQ
Coppa di Francia,16esimi di finale,11.01.2026,Sochaux,Lens,Ospite,Lens,3-4-3,Panchina,2,17,Bulatovic A.,,6.7,73',,jNhA4WRQ
Coppa di Francia,16esimi di finale,11.01.2026,Sochaux,Lens,Ospite,Lens,3-4-3,Panchina,3,13,Celik N.,,,,,jNhA4WRQ
Coppa di Francia,16esimi di finale,11.01.2026,Sochaux,Lens,Ospite,Lens,3-4-3,Panchina,4,20,Fofana R.,,6.5,76',,jNhA4WRQ
Coppa di Francia,16esimi di finale,11.01.2026,Sochaux,Lens,Ospite,Lens,3-4-3,Panchina,5,15,Garnier E.,,,,,jNhA4WRQ
Coppa di Francia,16esimi di finale,11.01.2026,Sochaux,Lens,Ospite,Lens,3-4-3,Panchina,6,16,Gurtner R.,Portiere,,,,jNhA4WRQ
Coppa di Francia,16esimi di finale,11.01.2026,Sochaux,Lens,Ospite,Lens,3-4-3,Panchina,7,19,Sima A.,,,84',,jNhA4WRQ
Coppa di Francia,16esimi di finale,11.01.2026,Sochaux,Lens,Ospite,Lens,3-4-3,Panchina,8,18,Sylla F.,,,,,jNhA4WRQ
Coppa di Francia,16esimi di finale,11.01.2026,Sochaux,Lens,Ospite,Lens,3-4-3,Panchina,9,14,Thauvin F.,,,84',,jNhA4WRQ
Coppa di Francia,16esimi di finale,11.01.2026,Metz,Montpellier,Casa,Metz,4-2-3-1,Titolare,1,1,Ba O.,Portiere,5.2,,,GQDP9R36
Coppa di Francia,16esimi di finale,11.01.2026,Metz,Montpellier,Casa,Metz,4-2-3-1,Titolare,2,2,Kouao K.,,6.6,,59',GQDP9R36
Coppa di Francia,16esimi di finale,11.01.2026,Metz,Montpellier,Casa,Metz,4-2-3-1,Titolare,3,5,Sane S.,,6.8,,,GQDP9R36
Coppa di Francia,16esimi di finale,11.01.2026,Metz,Montpellier,Casa,Metz,4-2-3-1,Titolare,4,4,Mboula U.,,6.3,,,GQDP9R36
Coppa di Francia,16esimi di finale,11.01.2026,Metz,Montpellier,Casa,Metz,4-2-3-1,Titolare,5,3,Ballo-Toure F.,,6.2,,59',GQDP9R36
Coppa di Francia,16esimi di finale,11.01.2026,Metz,Montpellier,Casa,Metz,4-2-3-1,Titolare,6,8,Traore B.,,7.2,,59',GQDP9R36
Coppa di Francia,16esimi di finale,11.01.2026,Metz,Montpellier,Casa,Metz,4-2-3-1,Titolare,7,6,Toure A.,,5.3,,74',GQDP9R36
Coppa di Francia,16esimi di finale,11.01.2026,Metz,Montpellier,Casa,Metz,4-2-3-1,Titolare,8,11,Mbaye M.,,6.2,,,GQDP9R36
Coppa di Francia,16esimi di finale,11.01.2026,Metz,Montpellier,Casa,Metz,4-2-3-1,Titolare,9,10,Hein G.,Capitano,7.1,,,GQDP9R36
Coppa di Francia,16esimi di finale,11.01.2026,Metz,Montpellier,Casa,Metz,4-2-3-1,Titolare,10,7,Tsitaishvili G.,,6.8,,,GQDP9R36
Coppa di Francia,16esimi di finale,11.01.2026,Metz,Montpellier,Casa,Metz,4-2-3-1,Titolare,11,9,Sane I.,,6.8,,65',GQDP9R36
Coppa di Francia,16esimi di finale,11.01.2026,Metz,Montpellier,Casa,Metz,4-2-3-1,Panchina,1,17,Abuashvili G.,,,,,GQDP9R36
Coppa di Francia,16esimi di finale,11.01.2026,Metz,Montpellier,Casa,Metz,4-2-3-1,Panchina,2,14,Asoro J.,,6.0,59',,GQDP9R36
Coppa di Francia,16esimi di finale,11.01.2026,Metz,Montpellier,Casa,Metz,4-2-3-1,Panchina,3,19,Bokele Mputu M.,,6.4,65',,GQDP9R36
Coppa di Francia,16esimi di finale,11.01.2026,Metz,Montpellier,Casa,Metz,4-2-3-1,Panchina,4,13,Colin M.,,6.2,59',,GQDP9R36
Coppa di Francia,16esimi di finale,11.01.2026,Metz,Montpellier,Casa,Metz,4-2-3-1,Panchina,5,16,Fischer J.,Portiere,,,,GQDP9R36
Coppa di Francia,16esimi di finale,11.01.2026,Metz,Montpellier,Casa,Metz,4-2-3-1,Panchina,6,18,Melieres C.,,,,,GQDP9R36
Coppa di Francia,16esimi di finale,11.01.2026,Metz,Montpellier,Casa,Metz,4-2-3-1,Panchina,7,20,Munongo B.,,6.4,74',,GQDP9R36
Coppa di Francia,16esimi di finale,11.01.2026,Metz,Montpellier,Casa,Metz,4-2-3-1,Panchina,8,12,Stambouli B.,,6.4,59',,GQDP9R36
Coppa di Francia,16esimi di finale,11.01.2026,Metz,Montpellier,Casa,Metz,4-2-3-1,Panchina,9,15,Yegbe T.,,,,,GQDP9R36
Coppa di Francia,16esimi di finale,11.01.2026,Metz,Montpellier,Ospite,Montpellier,4-2-3-1,Titolare,1,1,Dzodic V.,Portiere,8.0,,,GQDP9R36
Coppa di Francia,16esimi di finale,11.01.2026,Metz,Montpellier,Ospite,Montpellier,4-2-3-1,Titolare,2,2,Tchato E.,,7.2,,87',GQDP9R36
Coppa di Francia,16esimi di finale,11.01.2026,Metz,Montpellier,Ospite,Montpellier,4-2-3-1,Titolare,3,5,Laporte J.,,7.2,,,GQDP9R36
Coppa di Francia,16esimi di finale,11.01.2026,Metz,Montpellier,Ospite,Montpellier,4-2-3-1,Titolare,4,4,Mouanga Y.,,7.5,,,GQDP9R36
Coppa di Francia,16esimi di finale,11.01.2026,Metz,Montpellier,Ospite,Montpellier,4-2-3-1,Titolare,5,3,Mincarelli L.,,6.8,,,GQDP9R36
Coppa di Francia,16esimi di finale,11.01.2026,Metz,Montpellier,Ospite,Montpellier,4-2-3-1,Titolare,6,6,Omeragic B.,Capitano,6.0,,,GQDP9R36
Coppa di Francia,16esimi di finale,11.01.2026,Metz,Montpellier,Ospite,Montpellier,4-2-3-1,Titolare,7,7,Junior Pereira da Silva E.,,6.8,,,GQDP9R36
Coppa di Francia,16esimi di finale,11.01.2026,Metz,Montpellier,Ospite,Montpellier,4-2-3-1,Titolare,8,10,Pays N.,,8.0,,67',GQDP9R36
Coppa di Francia,16esimi di finale,11.01.2026,Metz,Montpellier,Ospite,Montpellier,4-2-3-1,Titolare,9,11,Savanier T.,,6.8,,87',GQDP9R36
Coppa di Francia,16esimi di finale,11.01.2026,Metz,Montpellier,Ospite,Montpellier,4-2-3-1,Titolare,10,8,Issoufou Y.,,7.9,,74',GQDP9R36
Coppa di Francia,16esimi di finale,11.01.2026,Metz,Montpellier,Ospite,Montpellier,4-2-3-1,Titolare,11,9,Mendy A.,,6.7,,,GQDP9R36
Coppa di Francia,16esimi di finale,11.01.2026,Metz,Montpellier,Ospite,Montpellier,4-2-3-1,Panchina,1,17,Da Silva L.,,,87',,GQDP9R36
Coppa di Francia,16esimi di finale,11.01.2026,Metz,Montpellier,Ospite,Montpellier,4-2-3-1,Panchina,2,18,El Hannach N.,,,87',,GQDP9R36
Coppa di Francia,16esimi di finale,11.01.2026,Metz,Montpellier,Ospite,Montpellier,4-2-3-1,Panchina,3,15,Fayad K.,,6.9,67',,GQDP9R36
Coppa di Francia,16esimi di finale,11.01.2026,Metz,Montpellier,Ospite,Montpellier,4-2-3-1,Panchina,4,12,Jullien C.,,,,,GQDP9R36
Coppa di Francia,16esimi di finale,11.01.2026,Metz,Montpellier,Ospite,Montpellier,4-2-3-1,Panchina,5,16,Kamdem K.,Portiere,,,,GQDP9R36
Coppa di Francia,16esimi di finale,11.01.2026,Metz,Montpellier,Ospite,Montpellier,4-2-3-1,Panchina,6,14,Orakpo V.,,,,,GQDP9R36
Coppa di Francia,16esimi di finale,11.01.2026,Metz,Montpellier,Ospite,Montpellier,4-2-3-1,Panchina,7,13,Thiland Herard R.,,6.4,74',,GQDP9R36
Coppa di Francia,16esimi di finale,11.01.2026,Le Mans,Nancy,Casa,Le Mans,3-1-4-2,Titolare,1,1,Hatfout E.,Portiere,7.8,,,UTuxJVtK
Coppa di Francia,16esimi di finale,11.01.2026,Le Mans,Nancy,Casa,Le Mans,3-1-4-2,Titolare,2,2,Eyoum T.,,7.4,,,UTuxJVtK
Coppa di Francia,16esimi di finale,11.01.2026,Le Mans,Nancy,Casa,Le Mans,3-1-4-2,Titolare,3,4,Lauray A.,,7.9,,,UTuxJVtK
Coppa di Francia,16esimi di finale,11.01.2026,Le Mans,Nancy,Casa,Le Mans,3-1-4-2,Titolare,4,3,Cossier I.,,8.3,,,UTuxJVtK
Coppa di Francia,16esimi di finale,11.01.2026,Le Mans,Nancy,Casa,Le Mans,3-1-4-2,Titolare,5,6,Quarshie E.,Capitano,7.7,,,UTuxJVtK
Coppa di Francia,16esimi di finale,11.01.2026,Le Mans,Nancy,Casa,Le Mans,3-1-4-2,Titolare,6,7,Ribelin A.,,6.2,,63',UTuxJVtK
Coppa di Francia,16esimi di finale,11.01.2026,Le Mans,Nancy,Casa,Le Mans,3-1-4-2,Titolare,7,8,Rossignol M.,,5.9,,71',UTuxJVtK
Coppa di Francia,16esimi di finale,11.01.2026,Le Mans,Nancy,Casa,Le Mans,3-1-4-2,Titolare,8,10,Robin M.,,6.6,,,UTuxJVtK
Coppa di Francia,16esimi di finale,11.01.2026,Le Mans,Nancy,Casa,Le Mans,3-1-4-2,Titolare,9,11,Buades L.,,6.3,,84',UTuxJVtK
Coppa di Francia,16esimi di finale,11.01.2026,Le Mans,Nancy,Casa,Le Mans,3-1-4-2,Titolare,10,5,Luvambo T.,,5.7,,71',UTuxJVtK
Coppa di Francia,16esimi di finale,11.01.2026,Le Mans,Nancy,Casa,Le Mans,3-1-4-2,Titolare,11,9,Rabillard A.,,7.1,,72',UTuxJVtK
Coppa di Francia,16esimi di finale,11.01.2026,Le Mans,Nancy,Casa,Le Mans,3-1-4-2,Panchina,1,15,Boisse N.,,,,,UTuxJVtK
Coppa di Francia,16esimi di finale,11.01.2026,Le Mans,Nancy,Casa,Le Mans,3-1-4-2,Panchina,2,18,Calodat L.,,6.7,63',,UTuxJVtK
Coppa di Francia,16esimi di finale,11.01.2026,Le Mans,Nancy,Casa,Le Mans,3-1-4-2,Panchina,3,19,Caro T.,,,,,UTuxJVtK
Coppa di Francia,16esimi di finale,11.01.2026,Le Mans,Nancy,Casa,Le Mans,3-1-4-2,Panchina,4,16,Delbecque A.,Portiere,,,,UTuxJVtK
Coppa di Francia,16esimi di finale,11.01.2026,Le Mans,Nancy,Casa,Le Mans,3-1-4-2,Panchina,5,20,Gueye D.,,6.5,71',,UTuxJVtK
Coppa di Francia,16esimi di finale,11.01.2026,Le Mans,Nancy,Casa,Le Mans,3-1-4-2,Panchina,6,14,Guillaume B.,,6.6,72',,UTuxJVtK
Coppa di Francia,16esimi di finale,11.01.2026,Le Mans,Nancy,Casa,Le Mans,3-1-4-2,Panchina,7,17,Hammoudi I.,,6.5,71',,UTuxJVtK
Coppa di Francia,16esimi di finale,11.01.2026,Le Mans,Nancy,Casa,Le Mans,3-1-4-2,Panchina,8,13,Oggad B.,,,84',,UTuxJVtK
Coppa di Francia,16esimi di finale,11.01.2026,Le Mans,Nancy,Casa,Le Mans,3-1-4-2,Panchina,9,12,Yohou S.,,,,,UTuxJVtK
Coppa di Francia,16esimi di finale,11.01.2026,Le Mans,Nancy,Ospite,Nancy,5-4-1,Titolare,1,1,Lembet G.,Portiere,7.6,,,UTuxJVtK
Coppa di Francia,16esimi di finale,11.01.2026,Le Mans,Nancy,Ospite,Nancy,5-4-1,Titolare,2,2,Tacafred E.,,6.8,,,UTuxJVtK
Coppa di Francia,16esimi di finale,11.01.2026,Le Mans,Nancy,Ospite,Nancy,5-4-1,Titolare,3,5,Saint-Ruf N.,Capitano,6.6,,80',UTuxJVtK
Coppa di Francia,16esimi di finale,11.01.2026,Le Mans,Nancy,Ospite,Nancy,5-4-1,Titolare,4,4,Fernandez N.,,5.7,,,UTuxJVtK
Coppa di Francia,16esimi di finale,11.01.2026,Le Mans,Nancy,Ospite,Nancy,5-4-1,Titolare,5,3,Mendy E.,,6.8,,,UTuxJVtK
Coppa di Francia,16esimi di finale,11.01.2026,Le Mans,Nancy,Ospite,Nancy,5-4-1,Titolare,6,9,Experience M.,,6.1,,,UTuxJVtK
Coppa di Francia,16esimi di finale,11.01.2026,Le Mans,Nancy,Ospite,Nancy,5-4-1,Titolare,7,11,Bamba R.,,7.2,,89',UTuxJVtK
Coppa di Francia,16esimi di finale,11.01.2026,Le Mans,Nancy,Ospite,Nancy,5-4-1,Titolare,8,10,Gelin J.,,6.7,,78',UTuxJVtK
Coppa di Francia,16esimi di finale,11.01.2026,Le Mans,Nancy,Ospite,Nancy,5-4-1,Titolare,9,6,Barbier H.,,6.0,,,UTuxJVtK
Coppa di Francia,16esimi di finale,11.01.2026,Le Mans,Nancy,Ospite,Nancy,5-4-1,Titolare,10,7,Fdaouch Z.,,6.6,,78',UTuxJVtK
Coppa di Francia,16esimi di finale,11.01.2026,Le Mans,Nancy,Ospite,Nancy,5-4-1,Titolare,11,8,Bouabdelli W.,,6.3,,78',UTuxJVtK
Coppa di Francia,16esimi di finale,11.01.2026,Le Mans,Nancy,Ospite,Nancy,5-4-1,Panchina,1,16,Basilio E.,Portiere,,,,UTuxJVtK
Coppa di Francia,16esimi di finale,11.01.2026,Le Mans,Nancy,Ospite,Nancy,5-4-1,Panchina,2,20,Bokangu B.,,,,,UTuxJVtK
Coppa di Francia,16esimi di finale,11.01.2026,Le Mans,Nancy,Ospite,Nancy,5-4-1,Panchina,3,13,Dabasse A.,,,,,UTuxJVtK
Coppa di Francia,16esimi di finale,11.01.2026,Le Mans,Nancy,Ospite,Nancy,5-4-1,Panchina,4,18,Evans J.,,6.3,78',,UTuxJVtK
Coppa di Francia,16esimi di finale,11.01.2026,Le Mans,Nancy,Ospite,Nancy,5-4-1,Panchina,5,17,Guendez M.,,,89',,UTuxJVtK
Coppa di Francia,16esimi di finale,11.01.2026,Le Mans,Nancy,Ospite,Nancy,5-4-1,Panchina,6,12,Julloux A.,,,,,UTuxJVtK
Coppa di Francia,16esimi di finale,11.01.2026,Le Mans,Nancy,Ospite,Nancy,5-4-1,Panchina,7,14,Nahounou Y.,,6.3,80',,UTuxJVtK
Coppa di Francia,16esimi di finale,11.01.2026,Le Mans,Nancy,Ospite,Nancy,5-4-1,Panchina,8,19,Ouotro P.,,6.1,78',,UTuxJVtK
Coppa di Francia,16esimi di finale,11.01.2026,Le Mans,Nancy,Ospite,Nancy,5-4-1,Panchina,9,15,Suljic C.,,6.5,78',,UTuxJVtK
Coppa di Francia,16esimi di finale,11.01.2026,Chantilly,Rennes,Casa,Chantilly,3-4-2-1,Titolare,1,1,Michel C.,Portiere,7.1,,,8Q7A029e
Coppa di Francia,16esimi di finale,11.01.2026,Chantilly,Rennes,Casa,Chantilly,3-4-2-1,Titolare,2,4,Coulibaly S.,,6.4,,79',8Q7A029e
Coppa di Francia,16esimi di finale,11.01.2026,Chantilly,Rennes,Casa,Chantilly,3-4-2-1,Titolare,3,5,Seka E.,,6.5,,,8Q7A029e
Coppa di Francia,16esimi di finale,11.01.2026,Chantilly,Rennes,Casa,Chantilly,3-4-2-1,Titolare,4,2,Gomis A.,,6.4,,50',8Q7A029e
Coppa di Francia,16esimi di finale,11.01.2026,Chantilly,Rennes,Casa,Chantilly,3-4-2-1,Titolare,5,10,N'Diaye O.,,6.3,,,8Q7A029e
Coppa di Francia,16esimi di finale,11.01.2026,Chantilly,Rennes,Casa,Chantilly,3-4-2-1,Titolare,6,8,Doumbia N.,,7.0,,60',8Q7A029e
Coppa di Francia,16esimi di finale,11.01.2026,Chantilly,Rennes,Casa,Chantilly,3-4-2-1,Titolare,7,6,Issifou A.,,6.1,,,8Q7A029e
Coppa di Francia,16esimi di finale,11.01.2026,Chantilly,Rennes,Casa,Chantilly,3-4-2-1,Titolare,8,3,Sissoko M.,,6.1,,,8Q7A029e
Coppa di Francia,16esimi di finale,11.01.2026,Chantilly,Rennes,Casa,Chantilly,3-4-2-1,Titolare,9,7,Joseph E.,,6.7,,79',8Q7A029e
Coppa di Francia,16esimi di finale,11.01.2026,Chantilly,Rennes,Casa,Chantilly,3-4-2-1,Titolare,10,9,Kone D.,Capitano,5.3,,,8Q7A029e
Coppa di Francia,16esimi di finale,11.01.2026,Chantilly,Rennes,Casa,Chantilly,3-4-2-1,Titolare,11,11,Karamoko I.,,5.8,,60',8Q7A029e
Coppa di Francia,16esimi di finale,11.01.2026,Chantilly,Rennes,Casa,Chantilly,3-4-2-1,Panchina,1,14,Boucharoud Y.,,6.8,60',,8Q7A029e
Coppa di Francia,16esimi di finale,11.01.2026,Chantilly,Rennes,Casa,Chantilly,3-4-2-1,Panchina,2,15,Decroix X.,,6.4,50',,8Q7A029e
Coppa di Francia,16esimi di finale,11.01.2026,Chantilly,Rennes,Casa,Chantilly,3-4-2-1,Panchina,3,18,Ferreira M.,,,,,8Q7A029e
Coppa di Francia,16esimi di finale,11.01.2026,Chantilly,Rennes,Casa,Chantilly,3-4-2-1,Panchina,4,16,Golitin M.,Portiere,,,,8Q7A029e
Coppa di Francia,16esimi di finale,11.01.2026,Chantilly,Rennes,Casa,Chantilly,3-4-2-1,Panchina,5,20,N’Guessan S.,,6.4,79',,8Q7A029e
Coppa di Francia,16esimi di finale,11.01.2026,Chantilly,Rennes,Casa,Chantilly,3-4-2-1,Panchina,6,17,Sadjo M.,,,,,8Q7A029e
Coppa di Francia,16esimi di finale,11.01.2026,Chantilly,Rennes,Casa,Chantilly,3-4-2-1,Panchina,7,19,Sy H.,,,,,8Q7A029e
Coppa di Francia,16esimi di finale,11.01.2026,Chantilly,Rennes,Casa,Chantilly,3-4-2-1,Panchina,8,13,Traore C.,,6.4,79',,8Q7A029e
Coppa di Francia,16esimi di finale,11.01.2026,Chantilly,Rennes,Casa,Chantilly,3-4-2-1,Panchina,9,12,Yatabare S.,,,60',,8Q7A029e
Coppa di Francia,16esimi di finale,11.01.2026,Chantilly,Rennes,Ospite,Rennes,3-5-2,Titolare,1,1,Samba B.,Portiere,6.4,,,8Q7A029e
Coppa di Francia,16esimi di finale,11.01.2026,Chantilly,Rennes,Ospite,Rennes,3-5-2,Titolare,2,3,Seidu A.,,7.5,,74',8Q7A029e
Coppa di Francia,16esimi di finale,11.01.2026,Chantilly,Rennes,Ospite,Rennes,3-5-2,Titolare,3,4,Rouault A.,,9.1,,,8Q7A029e
Coppa di Francia,16esimi di finale,11.01.2026,Chantilly,Rennes,Ospite,Rennes,3-5-2,Titolare,4,5,Jacquet J.,,7.4,,,8Q7A029e
Coppa di Francia,16esimi di finale,11.01.2026,Chantilly,Rennes,Ospite,Rennes,3-5-2,Titolare,5,2,Merlin Q.,,8.7,,,8Q7A029e
Coppa di Francia,16esimi di finale,11.01.2026,Chantilly,Rennes,Ospite,Rennes,3-5-2,Titolare,6,10,Blas L.,,8.2,,,8Q7A029e
Coppa di Francia,16esimi di finale,11.01.2026,Chantilly,Rennes,Ospite,Rennes,3-5-2,Titolare,7,6,Rongier V.,Capitano,8.2,,,8Q7A029e
Coppa di Francia,16esimi di finale,11.01.2026,Chantilly,Rennes,Ospite,Rennes,3-5-2,Titolare,8,8,Camara M.,,7.9,,,8Q7A029e
Coppa di Francia,16esimi di finale,11.01.2026,Chantilly,Rennes,Ospite,Rennes,3-5-2,Titolare,9,11,Tamari M.,,9.0,,,8Q7A029e
Coppa di Francia,16esimi di finale,11.01.2026,Chantilly,Rennes,Ospite,Rennes,3-5-2,Titolare,10,7,Meite M.,,6.5,,55',8Q7A029e
Coppa di Francia,16esimi di finale,11.01.2026,Chantilly,Rennes,Ospite,Rennes,3-5-2,Titolare,11,9,Lepaul E.,,6.7,,75',8Q7A029e
Coppa di Francia,16esimi di finale,11.01.2026,Chantilly,Rennes,Ospite,Rennes,3-5-2,Panchina,1,19,Brassier L.,,6.5,74',,8Q7A029e
Coppa di Francia,16esimi di finale,11.01.2026,Chantilly,Rennes,Ospite,Rennes,3-5-2,Panchina,2,20,Do Marcolino H.,,,,,8Q7A029e
Coppa di Francia,16esimi di finale,11.01.2026,Chantilly,Rennes,Ospite,Rennes,3-5-2,Panchina,3,17,Embolo B.,,6.9,55',,8Q7A029e
Coppa di Francia,16esimi di finale,11.01.2026,Chantilly,Rennes,Ospite,Rennes,3-5-2,Panchina,4,15,Frankowski P.,,,,,8Q7A029e
Coppa di Francia,16esimi di finale,11.01.2026,Chantilly,Rennes,Ospite,Rennes,3-5-2,Panchina,5,14,Kamara G.,,,,,8Q7A029e
Coppa di Francia,16esimi di finale,11.01.2026,Chantilly,Rennes,Ospite,Rennes,3-5-2,Panchina,6,18,Legendre E.,,7.2,75',,8Q7A029e
Coppa di Francia,16esimi di finale,11.01.2026,Chantilly,Rennes,Ospite,Rennes,3-5-2,Panchina,7,13,Limon P.,,,,,8Q7A029e
Coppa di Francia,16esimi di finale,11.01.2026,Chantilly,Rennes,Ospite,Rennes,3-5-2,Panchina,8,12,Rosier L.,,,,,8Q7A029e
Coppa di Francia,16esimi di finale,11.01.2026,Chantilly,Rennes,Ospite,Rennes,3-5-2,Panchina,9,16,Silistrie M.,Portiere,,,,8Q7A029e
Coppa di Francia,16esimi di finale,11.01.2026,Nantes,Nizza,Casa,Nantes,4-2-3-1,Titolare,1,1,Carlgren P.,Portiere,7.0,,,2NmjeSlD
Coppa di Francia,16esimi di finale,11.01.2026,Nantes,Nizza,Casa,Nantes,4-2-3-1,Titolare,2,2,Amian K.,Capitano,5.8,,,2NmjeSlD
Coppa di Francia,16esimi di finale,11.01.2026,Nantes,Nizza,Casa,Nantes,4-2-3-1,Titolare,3,5,Mwanga J.,,6.6,,,2NmjeSlD
Coppa di Francia,16esimi di finale,11.01.2026,Nantes,Nizza,Casa,Nantes,4-2-3-1,Titolare,4,4,Tati T.,,7.4,,57',2NmjeSlD
Coppa di Francia,16esimi di finale,11.01.2026,Nantes,Nizza,Casa,Nantes,4-2-3-1,Titolare,5,3,Cozza N.,,7.5,,,2NmjeSlD
Coppa di Francia,16esimi di finale,11.01.2026,Nantes,Nizza,Casa,Nantes,4-2-3-1,Titolare,6,6,Deuff B.,,7.3,,,2NmjeSlD
Coppa di Francia,16esimi di finale,11.01.2026,Nantes,Nizza,Casa,Nantes,4-2-3-1,Titolare,7,8,Lepenant J.,,6.3,,,2NmjeSlD
Coppa di Francia,16esimi di finale,11.01.2026,Nantes,Nizza,Casa,Nantes,4-2-3-1,Titolare,8,7,Tabibou D.,,5.9,,81',2NmjeSlD
Coppa di Francia,16esimi di finale,11.01.2026,Nantes,Nizza,Casa,Nantes,4-2-3-1,Titolare,9,10,Cabella R.,,7.0,,,2NmjeSlD
Coppa di Francia,16esimi di finale,11.01.2026,Nantes,Nizza,Casa,Nantes,4-2-3-1,Titolare,10,11,Guirassy B.,,7.4,,57',2NmjeSlD
Coppa di Francia,16esimi di finale,11.01.2026,Nantes,Nizza,Casa,Nantes,4-2-3-1,Titolare,11,9,Kone J.,,6.5,,57',2NmjeSlD
Coppa di Francia,16esimi di finale,11.01.2026,Nantes,Nizza,Casa,Nantes,4-2-3-1,Panchina,1,20,Abline M.,,6.5,57',,2NmjeSlD
Coppa di Francia,16esimi di finale,11.01.2026,Nantes,Nizza,Casa,Nantes,4-2-3-1,Panchina,2,12,Acapandie M.,,,,,2NmjeSlD
Coppa di Francia,16esimi di finale,11.01.2026,Nantes,Nizza,Casa,Nantes,4-2-3-1,Panchina,3,18,Doucoure S.,,,,,2NmjeSlD
Coppa di Francia,16esimi di finale,11.01.2026,Nantes,Nizza,Casa,Nantes,4-2-3-1,Panchina,4,19,El Arabi Y.,,6.3,57',,2NmjeSlD
Coppa di Francia,16esimi di finale,11.01.2026,Nantes,Nizza,Casa,Nantes,4-2-3-1,Panchina,5,17,Ganago I.,,,81',,2NmjeSlD
Coppa di Francia,16esimi di finale,11.01.2026,Nantes,Nizza,Casa,Nantes,4-2-3-1,Panchina,6,13,Leroux L.,,,,,2NmjeSlD
Coppa di Francia,16esimi di finale,11.01.2026,Nantes,Nizza,Casa,Nantes,4-2-3-1,Panchina,7,16,Lopes A.,Portiere,,,,2NmjeSlD
Coppa di Francia,16esimi di finale,11.01.2026,Nantes,Nizza,Casa,Nantes,4-2-3-1,Panchina,8,14,Machado D.,,6.3,57',,2NmjeSlD
Coppa di Francia,16esimi di finale,11.01.2026,Nantes,Nizza,Casa,Nantes,4-2-3-1,Panchina,9,15,Radakovic U.,,,,,2NmjeSlD
Coppa di Francia,16esimi di finale,11.01.2026,Nantes,Nizza,Ospite,Nizza,4-3-3,Titolare,1,1,Dupe M.,Portiere,8.4,,,2NmjeSlD
Coppa di Francia,16esimi di finale,11.01.2026,Nantes,Nizza,Ospite,Nizza,4-3-3,Titolare,2,2,Clauss J.,,8.5,,,2NmjeSlD
Coppa di Francia,16esimi di finale,11.01.2026,Nantes,Nizza,Ospite,Nizza,4-3-3,Titolare,3,5,Bah J.,,6.8,,,2NmjeSlD
Coppa di Francia,16esimi di finale,11.01.2026,Nantes,Nizza,Ospite,Nizza,4-3-3,Titolare,4,4,Mantsounga B.,,6.5,,,2NmjeSlD
Coppa di Francia,16esimi di finale,11.01.2026,Nantes,Nizza,Ospite,Nizza,4-3-3,Titolare,5,3,Bard M.,,6.8,,,2NmjeSlD
Coppa di Francia,16esimi di finale,11.01.2026,Nantes,Nizza,Ospite,Nizza,4-3-3,Titolare,6,8,Sanson M.,Capitano,5.5,,79',2NmjeSlD
Coppa di Francia,16esimi di finale,11.01.2026,Nantes,Nizza,Ospite,Nizza,4-3-3,Titolare,7,6,Vanhoutte C.,,6.4,,69',2NmjeSlD
Coppa di Francia,16esimi di finale,11.01.2026,Nantes,Nizza,Ospite,Nizza,4-3-3,Titolare,8,7,Ndombele T.,,6.6,,79',2NmjeSlD
Coppa di Francia,16esimi di finale,11.01.2026,Nantes,Nizza,Ospite,Nizza,4-3-3,Titolare,9,11,Louchet T.,,6.4,,,2NmjeSlD
Coppa di Francia,16esimi di finale,11.01.2026,Nantes,Nizza,Ospite,Nizza,4-3-3,Titolare,10,9,Wahi E.,,5.2,,,2NmjeSlD
Coppa di Francia,16esimi di finale,11.01.2026,Nantes,Nizza,Ospite,Nizza,4-3-3,Titolare,11,10,Diop S.,,7.6,,46',2NmjeSlD
Coppa di Francia,16esimi di finale,11.01.2026,Nantes,Nizza,Ospite,Nizza,4-3-3,Panchina,1,17,Abdul Samed S.,,6.3,79',,2NmjeSlD
Coppa di Francia,16esimi di finale,11.01.2026,Nantes,Nizza,Ospite,Nizza,4-3-3,Panchina,2,13,Alabi K.,,,,,2NmjeSlD
Coppa di Francia,16esimi di finale,11.01.2026,Nantes,Nizza,Ospite,Nizza,4-3-3,Panchina,3,20,Boudache K.,,,,,2NmjeSlD
Coppa di Francia,16esimi di finale,11.01.2026,Nantes,Nizza,Ospite,Nizza,4-3-3,Panchina,4,12,Brignone M.,,,,,2NmjeSlD
Coppa di Francia,16esimi di finale,11.01.2026,Nantes,Nizza,Ospite,Nizza,4-3-3,Panchina,5,15,Gouveia T.,,,89',,2NmjeSlD
Coppa di Francia,16esimi di finale,11.01.2026,Nantes,Nizza,Ospite,Nizza,4-3-3,Panchina,6,19,Kevin,,6.4,79',,2NmjeSlD
Coppa di Francia,16esimi di finale,11.01.2026,Nantes,Nizza,Ospite,Nizza,4-3-3,Panchina,7,18,Nguene B.,,6.5,46',89',2NmjeSlD
Coppa di Francia,16esimi di finale,11.01.2026,Nantes,Nizza,Ospite,Nizza,4-3-3,Panchina,8,14,Pereira E.,,6.4,69',,2NmjeSlD
Coppa di Francia,16esimi di finale,11.01.2026,Nantes,Nizza,Ospite,Nizza,4-3-3,Panchina,9,16,Zelazowski B.,Portiere,,,,2NmjeSlD
Coppa di Francia,16esimi di finale,11.01.2026,Lilla,Lione,Casa,Lilla,4-2-3-1,Titolare,1,1,Bodart A.,Portiere,6.0,,,dpZbOQIa
Coppa di Francia,16esimi di finale,11.01.2026,Lilla,Lione,Casa,Lilla,4-2-3-1,Titolare,2,2,Meunier T.,,6.2,,68',dpZbOQIa
Coppa di Francia,16esimi di finale,11.01.2026,Lilla,Lione,Casa,Lilla,4-2-3-1,Titolare,3,3,Ngoy N.,,7.0,,,dpZbOQIa
Coppa di Francia,16esimi di finale,11.01.2026,Lilla,Lione,Casa,Lilla,4-2-3-1,Titolare,4,6,Bentaleb N.,,6.6,,,dpZbOQIa
Coppa di Francia,16esimi di finale,11.01.2026,Lilla,Lione,Casa,Lilla,4-2-3-1,Titolare,5,4,Perraud R.,,5.5,,,dpZbOQIa
Coppa di Francia,16esimi di finale,11.01.2026,Lilla,Lione,Casa,Lilla,4-2-3-1,Titolare,6,8,Andre B.,Capitano,6.0,,59',dpZbOQIa
Coppa di Francia,16esimi di finale,11.01.2026,Lilla,Lione,Casa,Lilla,4-2-3-1,Titolare,7,5,Bouaddi A.,,6.3,,82',dpZbOQIa
Coppa di Francia,16esimi di finale,11.01.2026,Lilla,Lione,Casa,Lilla,4-2-3-1,Titolare,8,11,Correia F.,,6.8,,59',dpZbOQIa
Coppa di Francia,16esimi di finale,11.01.2026,Lilla,Lione,Casa,Lilla,4-2-3-1,Titolare,9,10,Haraldsson H.,,7.7,,,dpZbOQIa
Coppa di Francia,16esimi di finale,11.01.2026,Lilla,Lione,Casa,Lilla,4-2-3-1,Titolare,10,7,Fernandez-Pardo M.,,6.0,,,dpZbOQIa
Coppa di Francia,16esimi di finale,11.01.2026,Lilla,Lione,Casa,Lilla,4-2-3-1,Titolare,11,9,Giroud O.,,6.3,,81',dpZbOQIa
Coppa di Francia,16esimi di finale,11.01.2026,Lilla,Lione,Casa,Lilla,4-2-3-1,Panchina,1,14,Broholm M.,,,,,dpZbOQIa
Coppa di Francia,16esimi di finale,11.01.2026,Lilla,Lione,Casa,Lilla,4-2-3-1,Panchina,2,19,Diaoune S.,,,81',,dpZbOQIa
Coppa di Francia,16esimi di finale,11.01.2026,Lilla,Lione,Casa,Lilla,4-2-3-1,Panchina,3,20,Goffi A.,,,,,dpZbOQIa
Coppa di Francia,16esimi di finale,11.01.2026,Lilla,Lione,Casa,Lilla,4-2-3-1,Panchina,4,15,Mbappe E.,,6.2,59',,dpZbOQIa
Coppa di Francia,16esimi di finale,11.01.2026,Lilla,Lione,Casa,Lilla,4-2-3-1,Panchina,5,18,Mbemba Ch.,,,,,dpZbOQIa
Coppa di Francia,16esimi di finale,11.01.2026,Lilla,Lione,Casa,Lilla,4-2-3-1,Panchina,6,17,Mukau N.,,6.2,59',,dpZbOQIa
Coppa di Francia,16esimi di finale,11.01.2026,Lilla,Lione,Casa,Lilla,4-2-3-1,Panchina,7,16,Ozer B.,Portiere,,,,dpZbOQIa
Coppa di Francia,16esimi di finale,11.01.2026,Lilla,Lione,Casa,Lilla,4-2-3-1,Panchina,8,13,Sahraoui O.,,,82',,dpZbOQIa
Coppa di Francia,16esimi di finale,11.01.2026,Lilla,Lione,Casa,Lilla,4-2-3-1,Panchina,9,12,Santos T.,,6.2,68',,dpZbOQIa
Coppa di Francia,16esimi di finale,11.01.2026,Lilla,Lione,Ospite,Lione,4-3-3,Titolare,1,1,Descamps R.,Portiere,6.5,,,dpZbOQIa
Coppa di Francia,16esimi di finale,11.01.2026,Lilla,Lione,Ospite,Lione,4-3-3,Titolare,2,2,Maitland-Niles A.,,7.4,,,dpZbOQIa
Coppa di Francia,16esimi di finale,11.01.2026,Lilla,Lione,Ospite,Lione,4-3-3,Titolare,3,5,Mata C.,,7.2,,,dpZbOQIa
Coppa di Francia,16esimi di finale,11.01.2026,Lilla,Lione,Ospite,Lione,4-3-3,Titolare,4,4,Kluivert R.,,7.4,,,dpZbOQIa
Coppa di Francia,16esimi di finale,11.01.2026,Lilla,Lione,Ospite,Lione,4-3-3,Titolare,5,3,Tagliafico N.,,7.7,,,dpZbOQIa
Coppa di Francia,16esimi di finale,11.01.2026,Lilla,Lione,Ospite,Lione,4-3-3,Titolare,6,6,Tessmann T.,,6.2,,,dpZbOQIa
Coppa di Francia,16esimi di finale,11.01.2026,Lilla,Lione,Ospite,Lione,4-3-3,Titolare,7,7,Morton T.,,5.9,,82',dpZbOQIa
Coppa di Francia,16esimi di finale,11.01.2026,Lilla,Lione,Ospite,Lione,4-3-3,Titolare,8,8,Tolisso C.,Capitano,8.2,,,dpZbOQIa
Coppa di Francia,16esimi di finale,11.01.2026,Lilla,Lione,Ospite,Lione,4-3-3,Titolare,9,9,Endrick,,8.5,,72',dpZbOQIa
Coppa di Francia,16esimi di finale,11.01.2026,Lilla,Lione,Ospite,Lione,4-3-3,Titolare,10,10,Sulc P.,,6.8,,82',dpZbOQIa
Coppa di Francia,16esimi di finale,11.01.2026,Lilla,Lione,Ospite,Lione,4-3-3,Titolare,11,11,Moreira A.,,7.9,,,dpZbOQIa
Coppa di Francia,16esimi di finale,11.01.2026,Lilla,Lione,Ospite,Lione,4-3-3,Panchina,1,15,Da Silva M.,Portiere,,,,dpZbOQIa
Coppa di Francia,16esimi di finale,11.01.2026,Lilla,Lione,Ospite,Lione,4-3-3,Panchina,2,13,de Carvalho M.,,,,,dpZbOQIa
Coppa di Francia,16esimi di finale,11.01.2026,Lilla,Lione,Ospite,Lione,4-3-3,Panchina,3,18,Ghezzal R.,,,,,dpZbOQIa
Coppa di Francia,16esimi di finale,11.01.2026,Lilla,Lione,Ospite,Lione,4-3-3,Panchina,4,16,Greif D.,Portiere,,,,dpZbOQIa
Coppa di Francia,16esimi di finale,11.01.2026,Lilla,Lione,Ospite,Lione,4-3-3,Panchina,5,12,Hateboer H.,,,,,dpZbOQIa
Coppa di Francia,16esimi di finale,11.01.2026,Lilla,Lione,Ospite,Lione,4-3-3,Panchina,6,17,Karabec A.,,6.4,72',,dpZbOQIa
Coppa di Francia,16esimi di finale,11.01.2026,Lilla,Lione,Ospite,Lione,4-3-3,Panchina,7,19,Mangala O.,,,82',,dpZbOQIa
Coppa di Francia,16esimi di finale,11.01.2026,Lilla,Lione,Ospite,Lione,4-3-3,Panchina,8,14,Merah K.,,,,,dpZbOQIa
Coppa di Francia,16esimi di finale,11.01.2026,Lilla,Lione,Ospite,Lione,4-3-3,Panchina,9,20,Satriano M.,,,82',,dpZbOQIa
Coppa di Francia,16esimi di finale,12.01.2026,PSG,Paris FC,Casa,PSG,4-3-3,Titolare,1,1,Chevalier L.,Portiere,6.2,,,CbE12Ovq
Coppa di Francia,16esimi di finale,12.01.2026,PSG,Paris FC,Casa,PSG,4-3-3,Titolare,2,2,Zaire-Emery W.,,7.2,,,CbE12Ovq
Coppa di Francia,16esimi di finale,12.01.2026,PSG,Paris FC,Casa,PSG,4-3-3,Titolare,3,6,Zabarnyi I.,,6.0,,,CbE12Ovq
Coppa di Francia,16esimi di finale,12.01.2026,PSG,Paris FC,Casa,PSG,4-3-3,Titolare,4,4,Beraldo L.,,7.6,,,CbE12Ovq
Coppa di Francia,16esimi di finale,12.01.2026,PSG,Paris FC,Casa,PSG,4-3-3,Titolare,5,5,Pacho W.,,6.3,,64',CbE12Ovq
Coppa di Francia,16esimi di finale,12.01.2026,PSG,Paris FC,Casa,PSG,4-3-3,Titolare,6,3,Mayulu S.,,6.0,,65',CbE12Ovq
Coppa di Francia,16esimi di finale,12.01.2026,PSG,Paris FC,Casa,PSG,4-3-3,Titolare,7,10,Vitinha,Capitano,7.5,,,CbE12Ovq
Coppa di Francia,16esimi di finale,12.01.2026,PSG,Paris FC,Casa,PSG,4-3-3,Titolare,8,8,Ruiz F.,,6.9,,,CbE12Ovq
Coppa di Francia,16esimi di finale,12.01.2026,PSG,Paris FC,Casa,PSG,4-3-3,Titolare,9,7,Kvaratskhelia K.,,7.3,,64',CbE12Ovq
Coppa di Francia,16esimi di finale,12.01.2026,PSG,Paris FC,Casa,PSG,4-3-3,Titolare,10,9,Ramos G.,,7.2,,,CbE12Ovq
Coppa di Francia,16esimi di finale,12.01.2026,PSG,Paris FC,Casa,PSG,4-3-3,Titolare,11,11,Barcola B.,,7.6,,,CbE12Ovq
Coppa di Francia,16esimi di finale,12.01.2026,PSG,Paris FC,Casa,PSG,4-3-3,Panchina,1,19,Dembele O.,,6.5,64',,CbE12Ovq
Coppa di Francia,16esimi di finale,12.01.2026,PSG,Paris FC,Casa,PSG,4-3-3,Panchina,2,14,Doue D.,,6.5,65',,CbE12Ovq
Coppa di Francia,16esimi di finale,12.01.2026,PSG,Paris FC,Casa,PSG,4-3-3,Panchina,3,20,James M.,Portiere,,,,CbE12Ovq
Coppa di Francia,16esimi di finale,12.01.2026,PSG,Paris FC,Casa,PSG,4-3-3,Panchina,4,16,Marin R.,Portiere,,,,CbE12Ovq
Coppa di Francia,16esimi di finale,12.01.2026,PSG,Paris FC,Casa,PSG,4-3-3,Panchina,5,12,Marquinhos,,,,,CbE12Ovq
Coppa di Francia,16esimi di finale,12.01.2026,PSG,Paris FC,Casa,PSG,4-3-3,Panchina,6,15,Mendes N.,,6.9,64',,CbE12Ovq
Coppa di Francia,16esimi di finale,12.01.2026,PSG,Paris FC,Casa,PSG,4-3-3,Panchina,7,17,Neves J.,,,,,CbE12Ovq
Coppa di Francia,16esimi di finale,12.01.2026,PSG,Paris FC,Casa,PSG,4-3-3,Panchina,8,18,Nsoki N.,,,,,CbE12Ovq
Coppa di Francia,16esimi di finale,12.01.2026,PSG,Paris FC,Ospite,Paris FC,5-4-1,Titolare,1,1,Nkambadio O.,Portiere,8.9,,,CbE12Ovq
Coppa di Francia,16esimi di finale,12.01.2026,PSG,Paris FC,Ospite,Paris FC,5-4-1,Titolare,2,3,Sangui N.,,6.3,,,CbE12Ovq
Coppa di Francia,16esimi di finale,12.01.2026,PSG,Paris FC,Ospite,Paris FC,5-4-1,Titolare,3,5,Mbow M.,,5.9,,,CbE12Ovq
Coppa di Francia,16esimi di finale,12.01.2026,PSG,Paris FC,Ospite,Paris FC,5-4-1,Titolare,4,4,Kolodziejczak T.,,6.4,,,CbE12Ovq
Coppa di Francia,16esimi di finale,12.01.2026,PSG,Paris FC,Ospite,Paris FC,5-4-1,Titolare,5,6,Otavio,,6.2,,,CbE12Ovq
Coppa di Francia,16esimi di finale,12.01.2026,PSG,Paris FC,Ospite,Paris FC,5-4-1,Titolare,6,2,Ollila T.,,6.5,,46',CbE12Ovq
Coppa di Francia,16esimi di finale,12.01.2026,PSG,Paris FC,Ospite,Paris FC,5-4-1,Titolare,7,7,Gory A.,,6.5,,40',CbE12Ovq
Coppa di Francia,16esimi di finale,12.01.2026,PSG,Paris FC,Ospite,Paris FC,5-4-1,Titolare,8,8,Camara A.,,7.3,,,CbE12Ovq
Coppa di Francia,16esimi di finale,12.01.2026,PSG,Paris FC,Ospite,Paris FC,5-4-1,Titolare,9,10,Lopez M.,Capitano,6.8,,,CbE12Ovq
Coppa di Francia,16esimi di finale,12.01.2026,PSG,Paris FC,Ospite,Paris FC,5-4-1,Titolare,10,11,Cafaro M.,,6.7,,61',CbE12Ovq
Coppa di Francia,16esimi di finale,12.01.2026,PSG,Paris FC,Ospite,Paris FC,5-4-1,Titolare,11,9,Geubbels W.,,6.3,,46',CbE12Ovq
Coppa di Francia,16esimi di finale,12.01.2026,PSG,Paris FC,Ospite,Paris FC,5-4-1,Panchina,1,18,Dao M.,,,,,CbE12Ovq
Coppa di Francia,16esimi di finale,12.01.2026,PSG,Paris FC,Ospite,Paris FC,5-4-1,Panchina,2,12,De Smet T.,,7.3,46',,CbE12Ovq
Coppa di Francia,16esimi di finale,12.01.2026,PSG,Paris FC,Ospite,Paris FC,5-4-1,Panchina,3,13,Doucet L.,,,,,CbE12Ovq
Coppa di Francia,16esimi di finale,12.01.2026,PSG,Paris FC,Ospite,Paris FC,5-4-1,Panchina,4,14,Ikone J.,,7.8,40',,CbE12Ovq
Coppa di Francia,16esimi di finale,12.01.2026,PSG,Paris FC,Ospite,Paris FC,5-4-1,Panchina,5,17,Kebbal I.,,7.3,46',,CbE12Ovq
Coppa di Francia,16esimi di finale,12.01.2026,PSG,Paris FC,Ospite,Paris FC,5-4-1,Panchina,6,15,Khaldi Z.,,,,,CbE12Ovq
Coppa di Francia,16esimi di finale,12.01.2026,PSG,Paris FC,Ospite,Paris FC,5-4-1,Panchina,7,19,Koleosho L.,,6.4,61',,CbE12Ovq
Coppa di Francia,16esimi di finale,12.01.2026,PSG,Paris FC,Ospite,Paris FC,5-4-1,Panchina,8,20,Lopez J.,,,,,CbE12Ovq
Coppa di Francia,16esimi di finale,12.01.2026,PSG,Paris FC,Ospite,Paris FC,5-4-1,Panchina,9,16,Trapp K.,Portiere,,,,CbE12Ovq
Coppa di Francia,16esimi di finale,13.01.2026,Bayeux,Marsiglia,Casa,Bayeux,3-4-1-2,Titolare,1,1,Lecanu O.,Portiere,4.3,,,E1H8D94s
Coppa di Francia,16esimi di finale,13.01.2026,Bayeux,Marsiglia,Casa,Bayeux,3-4-1-2,Titolare,2,4,Lefevre L.,,5.6,,59',E1H8D94s
Coppa di Francia,16esimi di finale,13.01.2026,Bayeux,Marsiglia,Casa,Bayeux,3-4-1-2,Titolare,3,5,Delain G.,Capitano,6.0,,,E1H8D94s
Coppa di Francia,16esimi di finale,13.01.2026,Bayeux,Marsiglia,Casa,Bayeux,3-4-1-2,Titolare,4,8,Jouan T.,,5.9,,,E1H8D94s
Coppa di Francia,16esimi di finale,13.01.2026,Bayeux,Marsiglia,Casa,Bayeux,3-4-1-2,Titolare,5,2,Mayette Q.,,6.0,,,E1H8D94s
Coppa di Francia,16esimi di finale,13.01.2026,Bayeux,Marsiglia,Casa,Bayeux,3-4-1-2,Titolare,6,7,Lemasson F.,,4.5,,60',E1H8D94s
Coppa di Francia,16esimi di finale,13.01.2026,Bayeux,Marsiglia,Casa,Bayeux,3-4-1-2,Titolare,7,6,Marazzi J.,,6.6,,76',E1H8D94s
Coppa di Francia,16esimi di finale,13.01.2026,Bayeux,Marsiglia,Casa,Bayeux,3-4-1-2,Titolare,8,3,Cathrine A.,,6.1,,46',E1H8D94s
Coppa di Francia,16esimi di finale,13.01.2026,Bayeux,Marsiglia,Casa,Bayeux,3-4-1-2,Titolare,9,10,Aubel P.,,6.3,,,E1H8D94s
Coppa di Francia,16esimi di finale,13.01.2026,Bayeux,Marsiglia,Casa,Bayeux,3-4-1-2,Titolare,10,11,Guillotte R.,,6.5,,75',E1H8D94s
Coppa di Francia,16esimi di finale,13.01.2026,Bayeux,Marsiglia,Casa,Bayeux,3-4-1-2,Titolare,11,9,Renaux B.,,5.6,,,E1H8D94s
Coppa di Francia,16esimi di finale,13.01.2026,Bayeux,Marsiglia,Casa,Bayeux,3-4-1-2,Panchina,1,14,Anquetil P.,,6.3,75',,E1H8D94s
Coppa di Francia,16esimi di finale,13.01.2026,Bayeux,Marsiglia,Casa,Bayeux,3-4-1-2,Panchina,2,12,Autin E.,,,,,E1H8D94s
Coppa di Francia,16esimi di finale,13.01.2026,Bayeux,Marsiglia,Casa,Bayeux,3-4-1-2,Panchina,3,19,Connan L.,,6.1,46',,E1H8D94s
Coppa di Francia,16esimi di finale,13.01.2026,Bayeux,Marsiglia,Casa,Bayeux,3-4-1-2,Panchina,4,13,Demelun C.,,,,,E1H8D94s
Coppa di Francia,16esimi di finale,13.01.2026,Bayeux,Marsiglia,Casa,Bayeux,3-4-1-2,Panchina,5,16,Driaux C.,Portiere,,,,E1H8D94s
Coppa di Francia,16esimi di finale,13.01.2026,Bayeux,Marsiglia,Casa,Bayeux,3-4-1-2,Panchina,6,20,Guerin M.,,,,,E1H8D94s
Coppa di Francia,16esimi di finale,13.01.2026,Bayeux,Marsiglia,Casa,Bayeux,3-4-1-2,Panchina,7,18,Le Calve T.,,6.3,59',,E1H8D94s
Coppa di Francia,16esimi di finale,13.01.2026,Bayeux,Marsiglia,Casa,Bayeux,3-4-1-2,Panchina,8,17,Nambot S.,,6.2,76',,E1H8D94s
Coppa di Francia,16esimi di finale,13.01.2026,Bayeux,Marsiglia,Casa,Bayeux,3-4-1-2,Panchina,9,15,Pean E.,,6.4,60',,E1H8D94s
Coppa di Francia,16esimi di finale,13.01.2026,Bayeux,Marsiglia,Ospite,Marsiglia,4-2-3-1,Titolare,1,1,De Lange J.,Portiere,7.2,,,E1H8D94s
Coppa di Francia,16esimi di finale,13.01.2026,Bayeux,Marsiglia,Ospite,Marsiglia,4-2-3-1,Titolare,2,2,Murillo M.,,8.9,,,E1H8D94s
Coppa di Francia,16esimi di finale,13.01.2026,Bayeux,Marsiglia,Ospite,Marsiglia,4-2-3-1,Titolare,3,4,Pavard B.,,8.4,,,E1H8D94s
Coppa di Francia,16esimi di finale,13.01.2026,Bayeux,Marsiglia,Ospite,Marsiglia,4-2-3-1,Titolare,4,5,Medina F.,Capitano,7.2,,46',E1H8D94s
Coppa di Francia,16esimi di finale,13.01.2026,Bayeux,Marsiglia,Ospite,Marsiglia,4-2-3-1,Titolare,5,3,Emerson,,7.0,,46',E1H8D94s
Coppa di Francia,16esimi di finale,13.01.2026,Bayeux,Marsiglia,Ospite,Marsiglia,4-2-3-1,Titolare,6,7,Nadir B.,,7.8,,,E1H8D94s
Coppa di Francia,16esimi di finale,13.01.2026,Bayeux,Marsiglia,Ospite,Marsiglia,4-2-3-1,Titolare,7,8,Gomes A.,,8.4,,68',E1H8D94s
Coppa di Francia,16esimi di finale,13.01.2026,Bayeux,Marsiglia,Ospite,Marsiglia,4-2-3-1,Titolare,8,10,Greenwood M.,,10,,,E1H8D94s
Coppa di Francia,16esimi di finale,13.01.2026,Bayeux,Marsiglia,Ospite,Marsiglia,4-2-3-1,Titolare,9,6,O'Riley M.,,8.2,,,E1H8D94s
Coppa di Francia,16esimi di finale,13.01.2026,Bayeux,Marsiglia,Ospite,Marsiglia,4-2-3-1,Titolare,10,11,Traore H. J.,,9.2,,64',E1H8D94s
Coppa di Francia,16esimi di finale,13.01.2026,Bayeux,Marsiglia,Ospite,Marsiglia,4-2-3-1,Titolare,11,9,Gouiri A.,,9.2,,64',E1H8D94s
Coppa di Francia,16esimi di finale,13.01.2026,Bayeux,Marsiglia,Ospite,Marsiglia,4-2-3-1,Panchina,1,14,Bakola D.,,6.8,68',,E1H8D94s
Coppa di Francia,16esimi di finale,13.01.2026,Bayeux,Marsiglia,Ospite,Marsiglia,4-2-3-1,Panchina,2,13,Balerdi L.,,,,,E1H8D94s
Coppa di Francia,16esimi di finale,13.01.2026,Bayeux,Marsiglia,Ospite,Marsiglia,4-2-3-1,Panchina,3,12,Egan-Riley C.,,7.5,46',,E1H8D94s
Coppa di Francia,16esimi di finale,13.01.2026,Bayeux,Marsiglia,Ospite,Marsiglia,4-2-3-1,Panchina,4,20,Hojbjerg P.,,,,,E1H8D94s
Coppa di Francia,16esimi di finale,13.01.2026,Bayeux,Marsiglia,Ospite,Marsiglia,4-2-3-1,Panchina,5,19,Kondogbia G.,,,,,E1H8D94s
Coppa di Francia,16esimi di finale,13.01.2026,Bayeux,Marsiglia,Ospite,Marsiglia,4-2-3-1,Panchina,6,15,Maupay N.,,7.6,64',,E1H8D94s
Coppa di Francia,16esimi di finale,13.01.2026,Bayeux,Marsiglia,Ospite,Marsiglia,4-2-3-1,Panchina,7,17,Mmadi T.,,6.8,64',,E1H8D94s
Coppa di Francia,16esimi di finale,13.01.2026,Bayeux,Marsiglia,Ospite,Marsiglia,4-2-3-1,Panchina,8,16,Rulli G.,Portiere,,,,E1H8D94s
Coppa di Francia,16esimi di finale,13.01.2026,Bayeux,Marsiglia,Ospite,Marsiglia,4-2-3-1,Panchina,9,18,Weah T.,,7.1,46',,E1H8D94s
Coppa di Francia,Ottavi di finale,03.02.2026,Reims,Le Mans,Casa,Reims,4-1-4-1,Titolare,1,1,Olliero A.,Portiere,7.1,,,hjFNoA04
Coppa di Francia,Ottavi di finale,03.02.2026,Reims,Le Mans,Casa,Reims,4-1-4-1,Titolare,2,3,Sekine H.,,7.9,,,hjFNoA04
Coppa di Francia,Ottavi di finale,03.02.2026,Reims,Le Mans,Casa,Reims,4-1-4-1,Titolare,3,2,Elie,,7.4,,,hjFNoA04
Coppa di Francia,Ottavi di finale,03.02.2026,Reims,Le Mans,Casa,Reims,4-1-4-1,Titolare,4,5,Pallois N.,Capitano,7.9,,,hjFNoA04
Coppa di Francia,Ottavi di finale,03.02.2026,Reims,Le Mans,Casa,Reims,4-1-4-1,Titolare,5,4,Akieme S.,,6.7,,46',hjFNoA04
Coppa di Francia,Ottavi di finale,03.02.2026,Reims,Le Mans,Casa,Reims,4-1-4-1,Titolare,6,8,Gbane M.,,6.5,,,hjFNoA04
Coppa di Francia,Ottavi di finale,03.02.2026,Reims,Le Mans,Casa,Reims,4-1-4-1,Titolare,7,11,Bojang A.,,6.0,,69',hjFNoA04
Coppa di Francia,Ottavi di finale,03.02.2026,Reims,Le Mans,Casa,Reims,4-1-4-1,Titolare,8,10,Patrick J.,,6.9,,,hjFNoA04
Coppa di Francia,Ottavi di finale,03.02.2026,Reims,Le Mans,Casa,Reims,4-1-4-1,Titolare,9,6,Leoni T.,,9.1,,84',hjFNoA04
Coppa di Francia,Ottavi di finale,03.02.2026,Reims,Le Mans,Casa,Reims,4-1-4-1,Titolare,10,7,Diarra T.,,6.5,,69',hjFNoA04
Coppa di Francia,Ottavi di finale,03.02.2026,Reims,Le Mans,Casa,Reims,4-1-4-1,Titolare,11,9,Daramy M.,,6.4,,61',hjFNoA04
Coppa di Francia,Ottavi di finale,03.02.2026,Reims,Le Mans,Casa,Reims,4-1-4-1,Panchina,1,13,Benhattab Y.,,7.6,61',,hjFNoA04
Coppa di Francia,Ottavi di finale,03.02.2026,Reims,Le Mans,Casa,Reims,4-1-4-1,Panchina,2,14,Busi M.,,7.1,46',,hjFNoA04
Coppa di Francia,Ottavi di finale,03.02.2026,Reims,Le Mans,Casa,Reims,4-1-4-1,Panchina,3,19,Dansokho A.,,,84',,hjFNoA04
Coppa di Francia,Ottavi di finale,03.02.2026,Reims,Le Mans,Casa,Reims,4-1-4-1,Panchina,4,18,Debondt M.,,,,,hjFNoA04
Coppa di Francia,Ottavi di finale,03.02.2026,Reims,Le Mans,Casa,Reims,4-1-4-1,Panchina,5,15,Ibrahim H.,,6.3,69',,hjFNoA04
Coppa di Francia,Ottavi di finale,03.02.2026,Reims,Le Mans,Casa,Reims,4-1-4-1,Panchina,6,16,Jaouen E.,Portiere,,,,hjFNoA04
Coppa di Francia,Ottavi di finale,03.02.2026,Reims,Le Mans,Casa,Reims,4-1-4-1,Panchina,7,12,Kone A.,,,,,hjFNoA04
Coppa di Francia,Ottavi di finale,03.02.2026,Reims,Le Mans,Casa,Reims,4-1-4-1,Panchina,8,17,Nakamura K.,,7.3,69',,hjFNoA04
Coppa di Francia,Ottavi di finale,03.02.2026,Reims,Le Mans,Casa,Reims,4-1-4-1,Panchina,9,20,Sylla L.,,,,,hjFNoA04
Coppa di Francia,Ottavi di finale,03.02.2026,Reims,Le Mans,Ospite,Le Mans,3-5-2,Titolare,1,1,Hatfout E.,Portiere,6.6,,,hjFNoA04
Coppa di Francia,Ottavi di finale,03.02.2026,Reims,Le Mans,Ospite,Le Mans,3-5-2,Titolare,2,2,Eyoum T.,,5.3,,,hjFNoA04
Coppa di Francia,Ottavi di finale,03.02.2026,Reims,Le Mans,Ospite,Le Mans,3-5-2,Titolare,3,3,Yohou S.,Capitano,5.7,,,hjFNoA04
Coppa di Francia,Ottavi di finale,03.02.2026,Reims,Le Mans,Ospite,Le Mans,3-5-2,Titolare,4,4,Voyer H.,,6.5,,,hjFNoA04
Coppa di Francia,Ottavi di finale,03.02.2026,Reims,Le Mans,Ospite,Le Mans,3-5-2,Titolare,5,11,Ribelin A.,,6.6,,,hjFNoA04
Coppa di Francia,Ottavi di finale,03.02.2026,Reims,Le Mans,Ospite,Le Mans,3-5-2,Titolare,6,6,Hammoudi I.,,6.5,,46',hjFNoA04
Coppa di Francia,Ottavi di finale,03.02.2026,Reims,Le Mans,Ospite,Le Mans,3-5-2,Titolare,7,8,Lauray A.,,5.8,,,hjFNoA04
Coppa di Francia,Ottavi di finale,03.02.2026,Reims,Le Mans,Ospite,Le Mans,3-5-2,Titolare,8,5,Rossignol M.,,5.6,,62',hjFNoA04
Coppa di Francia,Ottavi di finale,03.02.2026,Reims,Le Mans,Ospite,Le Mans,3-5-2,Titolare,9,7,Buades L.,,6.4,,46',hjFNoA04
Coppa di Francia,Ottavi di finale,03.02.2026,Reims,Le Mans,Ospite,Le Mans,3-5-2,Titolare,10,10,Luvambo T.,,6.1,,55',hjFNoA04
Coppa di Francia,Ottavi di finale,03.02.2026,Reims,Le Mans,Ospite,Le Mans,3-5-2,Titolare,11,9,Guillaume B.,,6.2,,55',hjFNoA04
Coppa di Francia,Ottavi di finale,03.02.2026,Reims,Le Mans,Ospite,Le Mans,3-5-2,Panchina,1,19,Boisse N.,,,,,hjFNoA04
Coppa di Francia,Ottavi di finale,03.02.2026,Reims,Le Mans,Ospite,Le Mans,3-5-2,Panchina,2,20,Bourabaa A.,,6.3,62',,hjFNoA04
Coppa di Francia,Ottavi di finale,03.02.2026,Reims,Le Mans,Ospite,Le Mans,3-5-2,Panchina,3,17,Calodat L.,,6.3,46',,hjFNoA04
Coppa di Francia,Ottavi di finale,03.02.2026,Reims,Le Mans,Ospite,Le Mans,3-5-2,Panchina,4,18,Caro T.,,,,,hjFNoA04
Coppa di Francia,Ottavi di finale,03.02.2026,Reims,Le Mans,Ospite,Le Mans,3-5-2,Panchina,5,14,Colas E.,,6.3,55',,hjFNoA04
Coppa di Francia,Ottavi di finale,03.02.2026,Reims,Le Mans,Ospite,Le Mans,3-5-2,Panchina,6,12,Cossier I.,,,,,hjFNoA04
Coppa di Francia,Ottavi di finale,03.02.2026,Reims,Le Mans,Ospite,Le Mans,3-5-2,Panchina,7,16,Kocik N.,Portiere,,,,hjFNoA04
Coppa di Francia,Ottavi di finale,03.02.2026,Reims,Le Mans,Ospite,Le Mans,3-5-2,Panchina,8,13,Quarshie E.,,6.4,46',,hjFNoA04
Coppa di Francia,Ottavi di finale,03.02.2026,Reims,Le Mans,Ospite,Le Mans,3-5-2,Panchina,9,15,Rabillard A.,,6.1,55',,hjFNoA04
Coppa di Francia,Ottavi di finale,03.02.2026,Marsiglia,Rennes,Casa,Marsiglia,4-2-3-1,Titolare,1,1,De Lange J.,Portiere,7.5,,,dMzblRQk
Coppa di Francia,Ottavi di finale,03.02.2026,Marsiglia,Rennes,Casa,Marsiglia,4-2-3-1,Titolare,2,2,Weah T.,,8.1,,,dMzblRQk
Coppa di Francia,Ottavi di finale,03.02.2026,Marsiglia,Rennes,Casa,Marsiglia,4-2-3-1,Titolare,3,5,Balerdi L.,Capitano,8.2,,,dMzblRQk
Coppa di Francia,Ottavi di finale,03.02.2026,Marsiglia,Rennes,Casa,Marsiglia,4-2-3-1,Titolare,4,4,Medina F.,,6.8,,,dMzblRQk
Coppa di Francia,Ottavi di finale,03.02.2026,Marsiglia,Rennes,Casa,Marsiglia,4-2-3-1,Titolare,5,3,Emerson,,6.9,,82',dMzblRQk
Coppa di Francia,Ottavi di finale,03.02.2026,Marsiglia,Rennes,Casa,Marsiglia,4-2-3-1,Titolare,6,8,Hojbjerg P.,,7.0,,,dMzblRQk
Coppa di Francia,Ottavi di finale,03.02.2026,Marsiglia,Rennes,Casa,Marsiglia,4-2-3-1,Titolare,7,6,Timber Q.,,6.4,,70',dMzblRQk
Coppa di Francia,Ottavi di finale,03.02.2026,Marsiglia,Rennes,Casa,Marsiglia,4-2-3-1,Titolare,8,10,Greenwood M.,,8.5,,,dMzblRQk
Coppa di Francia,Ottavi di finale,03.02.2026,Marsiglia,Rennes,Casa,Marsiglia,4-2-3-1,Titolare,9,7,Nwaneri E.,,6.6,,46',dMzblRQk
Coppa di Francia,Ottavi di finale,03.02.2026,Marsiglia,Rennes,Casa,Marsiglia,4-2-3-1,Titolare,10,11,Paixao I.,,6.4,,78',dMzblRQk
Coppa di Francia,Ottavi di finale,03.02.2026,Marsiglia,Rennes,Casa,Marsiglia,4-2-3-1,Titolare,11,9,Gouiri A.,,8.2,,78',dMzblRQk
Coppa di Francia,Ottavi di finale,03.02.2026,Marsiglia,Rennes,Casa,Marsiglia,4-2-3-1,Panchina,1,20,Aguerd N.,,,,,dMzblRQk
Coppa di Francia,Ottavi di finale,03.02.2026,Marsiglia,Rennes,Casa,Marsiglia,4-2-3-1,Panchina,2,17,Aubameyang P.,,7.3,78',,dMzblRQk
Coppa di Francia,Ottavi di finale,03.02.2026,Marsiglia,Rennes,Casa,Marsiglia,4-2-3-1,Panchina,3,15,Egan-Riley C.,,,,,dMzblRQk
Coppa di Francia,Ottavi di finale,03.02.2026,Marsiglia,Rennes,Casa,Marsiglia,4-2-3-1,Panchina,4,19,Kondogbia G.,,6.3,70',,dMzblRQk
Coppa di Francia,Ottavi di finale,03.02.2026,Marsiglia,Rennes,Casa,Marsiglia,4-2-3-1,Panchina,5,14,Nadir B.,,6.5,46',,dMzblRQk
Coppa di Francia,Ottavi di finale,03.02.2026,Marsiglia,Rennes,Casa,Marsiglia,4-2-3-1,Panchina,6,13,Pavard B.,,,82',,dMzblRQk
Coppa di Francia,Ottavi di finale,03.02.2026,Marsiglia,Rennes,Casa,Marsiglia,4-2-3-1,Panchina,7,16,Rulli G.,Portiere,,,,dMzblRQk
Coppa di Francia,Ottavi di finale,03.02.2026,Marsiglia,Rennes,Casa,Marsiglia,4-2-3-1,Panchina,8,12,Traore H. J.,,6.4,78',,dMzblRQk
Coppa di Francia,Ottavi di finale,03.02.2026,Marsiglia,Rennes,Casa,Marsiglia,4-2-3-1,Panchina,9,18,Vermeeren A.,,,,,dMzblRQk
Coppa di Francia,Ottavi di finale,03.02.2026,Marsiglia,Rennes,Ospite,Rennes,5-4-1,Titolare,1,1,Samba B.,Portiere,5.5,,,dMzblRQk
Coppa di Francia,Ottavi di finale,03.02.2026,Marsiglia,Rennes,Ospite,Rennes,5-4-1,Titolare,2,2,Seidu A.,,6.2,,58',dMzblRQk
Coppa di Francia,Ottavi di finale,03.02.2026,Marsiglia,Rennes,Ospite,Rennes,5-4-1,Titolare,3,5,Ait Boudlal A.,,5.6,,79',dMzblRQk
Coppa di Francia,Ottavi di finale,03.02.2026,Marsiglia,Rennes,Ospite,Rennes,5-4-1,Titolare,4,6,Jacquet J.,,6.3,,,dMzblRQk
Coppa di Francia,Ottavi di finale,03.02.2026,Marsiglia,Rennes,Ospite,Rennes,5-4-1,Titolare,5,3,Rouault A.,,6.2,,,dMzblRQk
Coppa di Francia,Ottavi di finale,03.02.2026,Marsiglia,Rennes,Ospite,Rennes,5-4-1,Titolare,6,7,Merlin Q.,,5.6,,79',dMzblRQk
Coppa di Francia,Ottavi di finale,03.02.2026,Marsiglia,Rennes,Ospite,Rennes,5-4-1,Titolare,7,10,Szymanski S.,,7.1,,,dMzblRQk
Coppa di Francia,Ottavi di finale,03.02.2026,Marsiglia,Rennes,Ospite,Rennes,5-4-1,Titolare,8,8,Camara M.,,6.1,,,dMzblRQk
Coppa di Francia,Ottavi di finale,03.02.2026,Marsiglia,Rennes,Ospite,Rennes,5-4-1,Titolare,9,4,Kamara G.,,6.3,,31',dMzblRQk
Coppa di Francia,Ottavi di finale,03.02.2026,Marsiglia,Rennes,Ospite,Rennes,5-4-1,Titolare,10,11,Tamari M.,,5.7,,,dMzblRQk
Coppa di Francia,Ottavi di finale,03.02.2026,Marsiglia,Rennes,Ospite,Rennes,5-4-1,Titolare,11,9,Lepaul E.,,6.0,,46',dMzblRQk
Coppa di Francia,Ottavi di finale,03.02.2026,Marsiglia,Rennes,Ospite,Rennes,5-4-1,Panchina,1,20,Akabou A.,Portiere,,,,dMzblRQk
Coppa di Francia,Ottavi di finale,03.02.2026,Marsiglia,Rennes,Ospite,Rennes,5-4-1,Panchina,2,19,Blas L.,,6.2,58',,dMzblRQk
Coppa di Francia,Ottavi di finale,03.02.2026,Marsiglia,Rennes,Ospite,Rennes,5-4-1,Panchina,3,14,Brassier L.,,6.4,79',,dMzblRQk
Coppa di Francia,Ottavi di finale,03.02.2026,Marsiglia,Rennes,Ospite,Rennes,5-4-1,Panchina,4,17,Embolo B.,,5.6,46',,dMzblRQk
Coppa di Francia,Ottavi di finale,03.02.2026,Marsiglia,Rennes,Ospite,Rennes,5-4-1,Panchina,5,13,Legendre E.,,6.5,79',,dMzblRQk
Coppa di Francia,Ottavi di finale,03.02.2026,Marsiglia,Rennes,Ospite,Rennes,5-4-1,Panchina,6,15,Mukiele N.,,,,,dMzblRQk
Coppa di Francia,Ottavi di finale,03.02.2026,Marsiglia,Rennes,Ospite,Rennes,5-4-1,Panchina,7,18,Nagida M.,,6.1,31',,dMzblRQk
Coppa di Francia,Ottavi di finale,03.02.2026,Marsiglia,Rennes,Ospite,Rennes,5-4-1,Panchina,8,12,Rongier V.,,,,,dMzblRQk
Coppa di Francia,Ottavi di finale,03.02.2026,Marsiglia,Rennes,Ospite,Rennes,5-4-1,Panchina,9,16,Silistrie M.,Portiere,,,,dMzblRQk
Coppa di Francia,Ottavi di finale,04.02.2026,Nizza,Montpellier,Casa,Nizza,4-2-3-1,Titolare,1,1,Diouf Y.,Portiere,7.2,,,pphdVlGN
Coppa di Francia,Ottavi di finale,04.02.2026,Nizza,Montpellier,Casa,Nizza,4-2-3-1,Titolare,2,2,Peprah K.,,6.5,,46',pphdVlGN
Coppa di Francia,Ottavi di finale,04.02.2026,Nizza,Montpellier,Casa,Nizza,4-2-3-1,Titolare,3,5,Mendy A.,,7.5,,,pphdVlGN
Coppa di Francia,Ottavi di finale,04.02.2026,Nizza,Montpellier,Casa,Nizza,4-2-3-1,Titolare,4,4,Bah J.,,6.7,,,pphdVlGN
Coppa di Francia,Ottavi di finale,04.02.2026,Nizza,Montpellier,Casa,Nizza,4-2-3-1,Titolare,5,3,Mantsounga B.,,6.6,,46',pphdVlGN
Coppa di Francia,Ottavi di finale,04.02.2026,Nizza,Montpellier,Casa,Nizza,4-2-3-1,Titolare,6,6,Vanhoutte C.,Capitano,7.7,,,pphdVlGN
Coppa di Francia,Ottavi di finale,04.02.2026,Nizza,Montpellier,Casa,Nizza,4-2-3-1,Titolare,7,8,Abdul Samed S.,,6.5,,46',pphdVlGN
Coppa di Francia,Ottavi di finale,04.02.2026,Nizza,Montpellier,Casa,Nizza,4-2-3-1,Titolare,8,11,Louchet T.,,7.3,,,pphdVlGN
Coppa di Francia,Ottavi di finale,04.02.2026,Nizza,Montpellier,Casa,Nizza,4-2-3-1,Titolare,9,10,Bernardeau G.,,7.0,,,pphdVlGN
Coppa di Francia,Ottavi di finale,04.02.2026,Nizza,Montpellier,Casa,Nizza,4-2-3-1,Titolare,10,7,Jansson I.,,6.8,,64',pphdVlGN
Coppa di Francia,Ottavi di finale,04.02.2026,Nizza,Montpellier,Casa,Nizza,4-2-3-1,Titolare,11,9,Diallo Z.,,6.3,,64',pphdVlGN
Coppa di Francia,Ottavi di finale,04.02.2026,Nizza,Montpellier,Casa,Nizza,4-2-3-1,Panchina,1,15,Abdi A.,,,,,pphdVlGN
Coppa di Francia,Ottavi di finale,04.02.2026,Nizza,Montpellier,Casa,Nizza,4-2-3-1,Panchina,2,18,Boudache K.,,7.6,64',,pphdVlGN
Coppa di Francia,Ottavi di finale,04.02.2026,Nizza,Montpellier,Casa,Nizza,4-2-3-1,Panchina,3,12,Clauss J.,,8.0,46',,pphdVlGN
Coppa di Francia,Ottavi di finale,04.02.2026,Nizza,Montpellier,Casa,Nizza,4-2-3-1,Panchina,4,17,Diop S.,,7.9,64',,pphdVlGN
Coppa di Francia,Ottavi di finale,04.02.2026,Nizza,Montpellier,Casa,Nizza,4-2-3-1,Panchina,5,16,Dupe M.,Portiere,,,,pphdVlGN
Coppa di Francia,Ottavi di finale,04.02.2026,Nizza,Montpellier,Casa,Nizza,4-2-3-1,Panchina,6,14,Ndombele T.,,,,,pphdVlGN
Coppa di Francia,Ottavi di finale,04.02.2026,Nizza,Montpellier,Casa,Nizza,4-2-3-1,Panchina,7,13,Pereira E.,,,,,pphdVlGN
Coppa di Francia,Ottavi di finale,04.02.2026,Nizza,Montpellier,Casa,Nizza,4-2-3-1,Panchina,8,20,Sanson M.,,7.1,46',,pphdVlGN
Coppa di Francia,Ottavi di finale,04.02.2026,Nizza,Montpellier,Casa,Nizza,4-2-3-1,Panchina,9,19,Wahi E.,,7.5,46',,pphdVlGN
Coppa di Francia,Ottavi di finale,04.02.2026,Nizza,Montpellier,Ospite,Montpellier,5-4-1,Titolare,1,1,Michel M.,Portiere,5.5,,,pphdVlGN
Coppa di Francia,Ottavi di finale,04.02.2026,Nizza,Montpellier,Ospite,Montpellier,5-4-1,Titolare,2,3,El Hannach N.,,6.6,,64',pphdVlGN
Coppa di Francia,Ottavi di finale,04.02.2026,Nizza,Montpellier,Ospite,Montpellier,5-4-1,Titolare,3,5,Laporte J.,,6.8,,,pphdVlGN
Coppa di Francia,Ottavi di finale,04.02.2026,Nizza,Montpellier,Ospite,Montpellier,5-4-1,Titolare,4,6,Jullien C.,,6.7,,,pphdVlGN
Coppa di Francia,Ottavi di finale,04.02.2026,Nizza,Montpellier,Ospite,Montpellier,5-4-1,Titolare,5,4,Sainte-Luce T.,,6.7,,,pphdVlGN
Coppa di Francia,Ottavi di finale,04.02.2026,Nizza,Montpellier,Ospite,Montpellier,5-4-1,Titolare,6,2,Mincarelli L.,,6.5,,,pphdVlGN
Coppa di Francia,Ottavi di finale,04.02.2026,Nizza,Montpellier,Ospite,Montpellier,5-4-1,Titolare,7,10,Pays N.,,6.5,,64',pphdVlGN
Coppa di Francia,Ottavi di finale,04.02.2026,Nizza,Montpellier,Ospite,Montpellier,5-4-1,Titolare,8,8,Omeragic B.,Capitano,5.9,,81',pphdVlGN
Coppa di Francia,Ottavi di finale,04.02.2026,Nizza,Montpellier,Ospite,Montpellier,5-4-1,Titolare,9,7,Junior Pereira da Silva E.,,5.4,,,pphdVlGN
Coppa di Francia,Ottavi di finale,04.02.2026,Nizza,Montpellier,Ospite,Montpellier,5-4-1,Titolare,10,11,Savanier T.,,6.5,,64',pphdVlGN
Coppa di Francia,Ottavi di finale,04.02.2026,Nizza,Montpellier,Ospite,Montpellier,5-4-1,Titolare,11,9,Mendy A.,,7.9,,,pphdVlGN
Coppa di Francia,Ottavi di finale,04.02.2026,Nizza,Montpellier,Ospite,Montpellier,5-4-1,Panchina,1,13,Chennahi T.,,,81',,pphdVlGN
Coppa di Francia,Ottavi di finale,04.02.2026,Nizza,Montpellier,Ospite,Montpellier,5-4-1,Panchina,2,15,Fayad K.,,,,,pphdVlGN
Coppa di Francia,Ottavi di finale,04.02.2026,Nizza,Montpellier,Ospite,Montpellier,5-4-1,Panchina,3,14,Homssa N.,,,,,pphdVlGN
Coppa di Francia,Ottavi di finale,04.02.2026,Nizza,Montpellier,Ospite,Montpellier,5-4-1,Panchina,4,18,Issoufou Y.,,6.1,64',,pphdVlGN
Coppa di Francia,Ottavi di finale,04.02.2026,Nizza,Montpellier,Ospite,Montpellier,5-4-1,Panchina,5,17,Mbuku N.,,6.6,64',,pphdVlGN
Coppa di Francia,Ottavi di finale,04.02.2026,Nizza,Montpellier,Ospite,Montpellier,5-4-1,Panchina,6,20,Molebe E.,,,,,pphdVlGN
Coppa di Francia,Ottavi di finale,04.02.2026,Nizza,Montpellier,Ospite,Montpellier,5-4-1,Panchina,7,16,Ngapandouetnbu S.,Portiere,,,,pphdVlGN
Coppa di Francia,Ottavi di finale,04.02.2026,Nizza,Montpellier,Ospite,Montpellier,5-4-1,Panchina,8,12,Sishuba A.,,,,,pphdVlGN
Coppa di Francia,Ottavi di finale,04.02.2026,Nizza,Montpellier,Ospite,Montpellier,5-4-1,Panchina,9,19,Tchato E.,,6.4,64',,pphdVlGN
Coppa di Francia,Ottavi di finale,04.02.2026,Lione,Laval,Casa,Lione,4-3-3,Titolare,1,1,Descamps R.,Portiere,8.5,,,rwmYzgnn
Coppa di Francia,Ottavi di finale,04.02.2026,Lione,Laval,Casa,Lione,4-3-3,Titolare,2,3,Hateboer H.,,7.1,,79',rwmYzgnn
Coppa di Francia,Ottavi di finale,04.02.2026,Lione,Laval,Casa,Lione,4-3-3,Titolare,3,4,Mata C.,,7.5,,,rwmYzgnn
Coppa di Francia,Ottavi di finale,04.02.2026,Lione,Laval,Casa,Lione,4-3-3,Titolare,4,5,Niakhate M.,Capitano,8.7,,,rwmYzgnn
Coppa di Francia,Ottavi di finale,04.02.2026,Lione,Laval,Casa,Lione,4-3-3,Titolare,5,2,Abner Vinicius,,7.4,,,rwmYzgnn
Coppa di Francia,Ottavi di finale,04.02.2026,Lione,Laval,Casa,Lione,4-3-3,Titolare,6,11,Nartey N.,,6.2,,63',rwmYzgnn
Coppa di Francia,Ottavi di finale,04.02.2026,Lione,Laval,Casa,Lione,4-3-3,Titolare,7,6,Morton T.,,7.8,,79',rwmYzgnn
Coppa di Francia,Ottavi di finale,04.02.2026,Lione,Laval,Casa,Lione,4-3-3,Titolare,8,8,Merah K.,,6.8,,79',rwmYzgnn
Coppa di Francia,Ottavi di finale,04.02.2026,Lione,Laval,Casa,Lione,4-3-3,Titolare,9,7,Karabec A.,,6.5,,63',rwmYzgnn
Coppa di Francia,Ottavi di finale,04.02.2026,Lione,Laval,Casa,Lione,4-3-3,Titolare,10,9,Endrick,,8.1,,,rwmYzgnn
Coppa di Francia,Ottavi di finale,04.02.2026,Lione,Laval,Casa,Lione,4-3-3,Titolare,11,10,Sulc P.,,6.9,,,rwmYzgnn
Coppa di Francia,Ottavi di finale,04.02.2026,Lione,Laval,Casa,Lione,4-3-3,Panchina,1,13,de Carvalho M.,,,,,rwmYzgnn
Coppa di Francia,Ottavi di finale,04.02.2026,Lione,Laval,Casa,Lione,4-3-3,Panchina,2,20,Diarra L.,Portiere,,,,rwmYzgnn
Coppa di Francia,Ottavi di finale,04.02.2026,Lione,Laval,Casa,Lione,4-3-3,Panchina,3,14,Goncalves T.,,,,,rwmYzgnn
Coppa di Francia,Ottavi di finale,04.02.2026,Lione,Laval,Casa,Lione,4-3-3,Panchina,4,16,Greif D.,Portiere,,,,rwmYzgnn
Coppa di Francia,Ottavi di finale,04.02.2026,Lione,Laval,Casa,Lione,4-3-3,Panchina,5,15,Hamdani A.,,6.3,79',,rwmYzgnn
Coppa di Francia,Ottavi di finale,04.02.2026,Lione,Laval,Casa,Lione,4-3-3,Panchina,6,18,Himbert R.,,6.3,63',,rwmYzgnn
Coppa di Francia,Ottavi di finale,04.02.2026,Lione,Laval,Casa,Lione,4-3-3,Panchina,7,12,Maitland-Niles A.,,6.3,79',,rwmYzgnn
Coppa di Francia,Ottavi di finale,04.02.2026,Lione,Laval,Casa,Lione,4-3-3,Panchina,8,17,Moreira A.,,6.9,63',,rwmYzgnn
Coppa di Francia,Ottavi di finale,04.02.2026,Lione,Laval,Casa,Lione,4-3-3,Panchina,9,19,Tessmann T.,,6.4,79',,rwmYzgnn
Coppa di Francia,Ottavi di finale,04.02.2026,Lione,Laval,Ospite,Laval,5-4-1,Titolare,1,1,Hautbois M.,Portiere,5.9,,,rwmYzgnn
Coppa di Francia,Ottavi di finale,04.02.2026,Lione,Laval,Ospite,Laval,5-4-1,Titolare,2,7,Kouassi C.,,6.6,,64',rwmYzgnn
Coppa di Francia,Ottavi di finale,04.02.2026,Lione,Laval,Ospite,Laval,5-4-1,Titolare,3,5,Commaret M.,,6.9,,,rwmYzgnn
Coppa di Francia,Ottavi di finale,04.02.2026,Lione,Laval,Ospite,Laval,5-4-1,Titolare,4,3,Bianda W.,,6.8,,,rwmYzgnn
Coppa di Francia,Ottavi di finale,04.02.2026,Lione,Laval,Ospite,Laval,5-4-1,Titolare,5,4,Ouaneh P.,,5.8,,,rwmYzgnn
Coppa di Francia,Ottavi di finale,04.02.2026,Lione,Laval,Ospite,Laval,5-4-1,Titolare,6,2,Samb L.,,,,,rwmYzgnn
Coppa di Francia,Ottavi di finale,04.02.2026,Lione,Laval,Ospite,Laval,5-4-1,Titolare,7,11,Mbayo D.,,5.5,,64',rwmYzgnn
Coppa di Francia,Ottavi di finale,04.02.2026,Lione,Laval,Ospite,Laval,5-4-1,Titolare,8,8,Thomas T.,,5.9,,,rwmYzgnn
Coppa di Francia,Ottavi di finale,04.02.2026,Lione,Laval,Ospite,Laval,5-4-1,Titolare,9,10,Mandouki C.,,5.6,,84',rwmYzgnn
Coppa di Francia,Ottavi di finale,04.02.2026,Lione,Laval,Ospite,Laval,5-4-1,Titolare,10,6,Sanna S.,Capitano,5.7,,84',rwmYzgnn
Coppa di Francia,Ottavi di finale,04.02.2026,Lione,Laval,Ospite,Laval,5-4-1,Titolare,11,9,Camara M.,,5.6,,75',rwmYzgnn
Coppa di Francia,Ottavi di finale,04.02.2026,Lione,Laval,Ospite,Laval,5-4-1,Panchina,1,14,Benard W.,,,84',,rwmYzgnn
Coppa di Francia,Ottavi di finale,04.02.2026,Lione,Laval,Ospite,Laval,5-4-1,Panchina,2,17,Houdayer M.,,,84',,rwmYzgnn
Coppa di Francia,Ottavi di finale,04.02.2026,Lione,Laval,Ospite,Laval,5-4-1,Panchina,3,15,Maddy E.,,6.1,64',,rwmYzgnn
Coppa di Francia,Ottavi di finale,04.02.2026,Lione,Laval,Ospite,Laval,5-4-1,Panchina,4,13,Montet E.,,,,,rwmYzgnn
Coppa di Francia,Ottavi di finale,04.02.2026,Lione,Laval,Ospite,Laval,5-4-1,Panchina,5,16,Samassa M.,Portiere,,,,rwmYzgnn
Coppa di Francia,Ottavi di finale,04.02.2026,Lione,Laval,Ospite,Laval,5-4-1,Panchina,6,19,Sellouki M.,,6.7,64',,rwmYzgnn
Coppa di Francia,Ottavi di finale,04.02.2026,Lione,Laval,Ospite,Laval,5-4-1,Panchina,7,20,Sidibe M.,,,,,rwmYzgnn
Coppa di Francia,Ottavi di finale,04.02.2026,Lione,Laval,Ospite,Laval,5-4-1,Panchina,8,12,Tavares Y.,,,,,rwmYzgnn
Coppa di Francia,Ottavi di finale,04.02.2026,Lione,Laval,Ospite,Laval,5-4-1,Panchina,9,18,Tchokounte M.,,6.7,75',,rwmYzgnn
Coppa di Francia,Ottavi di finale,04.02.2026,Tolosa,Amiens,Casa,Tolosa,3-4-3,Titolare,1,1,Haug K.,Portiere,7.1,,,4UYSPSwo
Coppa di Francia,Ottavi di finale,04.02.2026,Tolosa,Amiens,Casa,Tolosa,3-4-3,Titolare,2,3,McKenzie M.,,7.4,,,4UYSPSwo
Coppa di Francia,Ottavi di finale,04.02.2026,Tolosa,Amiens,Casa,Tolosa,3-4-3,Titolare,3,4,Koumbassa S.,,6.8,,,4UYSPSwo
Coppa di Francia,Ottavi di finale,04.02.2026,Tolosa,Amiens,Casa,Tolosa,3-4-3,Titolare,4,2,Nicolaisen R.,Capitano,8.6,,,4UYSPSwo
Coppa di Francia,Ottavi di finale,04.02.2026,Tolosa,Amiens,Casa,Tolosa,3-4-3,Titolare,5,5,Kamanzi W.,,7.3,,87',4UYSPSwo
Coppa di Francia,Ottavi di finale,04.02.2026,Tolosa,Amiens,Casa,Tolosa,3-4-3,Titolare,6,8,Sauer M.,,6.7,,75',4UYSPSwo
Coppa di Francia,Ottavi di finale,04.02.2026,Tolosa,Amiens,Casa,Tolosa,3-4-3,Titolare,7,6,Casseres C.,,7.7,,,4UYSPSwo
Coppa di Francia,Ottavi di finale,04.02.2026,Tolosa,Amiens,Casa,Tolosa,3-4-3,Titolare,8,7,Donnum A.,,7.7,,,4UYSPSwo
Coppa di Francia,Ottavi di finale,04.02.2026,Tolosa,Amiens,Casa,Tolosa,3-4-3,Titolare,9,11,Vignolo J.,,6.9,,56',4UYSPSwo
Coppa di Francia,Ottavi di finale,04.02.2026,Tolosa,Amiens,Casa,Tolosa,3-4-3,Titolare,10,9,Emersonn,,6.1,,,4UYSPSwo
Coppa di Francia,Ottavi di finale,04.02.2026,Tolosa,Amiens,Casa,Tolosa,3-4-3,Titolare,11,10,Gboho Y.,,8.6,,,4UYSPSwo
Coppa di Francia,Ottavi di finale,04.02.2026,Tolosa,Amiens,Casa,Tolosa,3-4-3,Panchina,1,12,Bakhouche Piernas G.,,,,,4UYSPSwo
Coppa di Francia,Ottavi di finale,04.02.2026,Tolosa,Amiens,Casa,Tolosa,3-4-3,Panchina,2,18,Demba P.,,6.6,75',,4UYSPSwo
Coppa di Francia,Ottavi di finale,04.02.2026,Tolosa,Amiens,Casa,Tolosa,3-4-3,Panchina,3,20,Faty E.,,,,,4UYSPSwo
Coppa di Francia,Ottavi di finale,04.02.2026,Tolosa,Amiens,Casa,Tolosa,3-4-3,Panchina,4,14,Garondo T.,,,,,4UYSPSwo
Coppa di Francia,Ottavi di finale,04.02.2026,Tolosa,Amiens,Casa,Tolosa,3-4-3,Panchina,5,15,Hidalgo S.,,7.0,56',,4UYSPSwo
Coppa di Francia,Ottavi di finale,04.02.2026,Tolosa,Amiens,Casa,Tolosa,3-4-3,Panchina,6,16,Restes G.,Portiere,,,,4UYSPSwo
Coppa di Francia,Ottavi di finale,04.02.2026,Tolosa,Amiens,Casa,Tolosa,3-4-3,Panchina,7,13,Russell-Rowe J.,,,,,4UYSPSwo
Coppa di Francia,Ottavi di finale,04.02.2026,Tolosa,Amiens,Casa,Tolosa,3-4-3,Panchina,8,19,Sidibe D.,,,87',,4UYSPSwo
Coppa di Francia,Ottavi di finale,04.02.2026,Tolosa,Amiens,Casa,Tolosa,3-4-3,Panchina,9,17,Vossah A.,,,,,4UYSPSwo
Coppa di Francia,Ottavi di finale,04.02.2026,Tolosa,Amiens,Ospite,Amiens,4-4-2,Titolare,1,1,Sauvage A.,Portiere,8.0,,,4UYSPSwo
Coppa di Francia,Ottavi di finale,04.02.2026,Tolosa,Amiens,Ospite,Amiens,4-4-2,Titolare,2,2,Chabane A.,,6.0,,,4UYSPSwo
Coppa di Francia,Ottavi di finale,04.02.2026,Tolosa,Amiens,Ospite,Amiens,4-4-2,Titolare,3,3,Lo A.,,6.1,,,4UYSPSwo
Coppa di Francia,Ottavi di finale,04.02.2026,Tolosa,Amiens,Ospite,Amiens,4-4-2,Titolare,4,6,Kaiboue K.,,6.1,,,4UYSPSwo
Coppa di Francia,Ottavi di finale,04.02.2026,Tolosa,Amiens,Ospite,Amiens,4-4-2,Titolare,5,4,Roussillon J.,,6.2,,61',4UYSPSwo
Coppa di Francia,Ottavi di finale,04.02.2026,Tolosa,Amiens,Ospite,Amiens,4-4-2,Titolare,6,11,Leautey A.,,6.1,,61',4UYSPSwo
Coppa di Francia,Ottavi di finale,04.02.2026,Tolosa,Amiens,Ospite,Amiens,4-4-2,Titolare,7,5,Nduquidi J.,,5.7,,72',4UYSPSwo
Coppa di Francia,Ottavi di finale,04.02.2026,Tolosa,Amiens,Ospite,Amiens,4-4-2,Titolare,8,8,Fofana I.,,6.0,,,4UYSPSwo
Coppa di Francia,Ottavi di finale,04.02.2026,Tolosa,Amiens,Ospite,Amiens,4-4-2,Titolare,9,7,Hamache I.,,6.2,,,4UYSPSwo
Coppa di Francia,Ottavi di finale,04.02.2026,Tolosa,Amiens,Ospite,Amiens,4-4-2,Titolare,10,9,Lutin R.,,6.4,,86',4UYSPSwo
Coppa di Francia,Ottavi di finale,04.02.2026,Tolosa,Amiens,Ospite,Amiens,4-4-2,Titolare,11,10,Kandil N.,,6.6,,60',4UYSPSwo
Coppa di Francia,Ottavi di finale,04.02.2026,Tolosa,Amiens,Ospite,Amiens,4-4-2,Panchina,1,16,Alexandre L.,Portiere,,,,4UYSPSwo
Coppa di Francia,Ottavi di finale,04.02.2026,Tolosa,Amiens,Ospite,Amiens,4-4-2,Panchina,2,14,Averlant T.,,6.3,61',,4UYSPSwo
Coppa di Francia,Ottavi di finale,04.02.2026,Tolosa,Amiens,Ospite,Amiens,4-4-2,Panchina,3,17,Bakayoko S.,,,,,4UYSPSwo
Coppa di Francia,Ottavi di finale,04.02.2026,Tolosa,Amiens,Ospite,Amiens,4-4-2,Panchina,4,20,Daf I.,,,,,4UYSPSwo
Coppa di Francia,Ottavi di finale,04.02.2026,Tolosa,Amiens,Ospite,Amiens,4-4-2,Panchina,5,15,Ikia Dimi Y.,,,86',,4UYSPSwo
Coppa di Francia,Ottavi di finale,04.02.2026,Tolosa,Amiens,Ospite,Amiens,4-4-2,Panchina,6,18,Louis C.,,6.5,61',,4UYSPSwo
Coppa di Francia,Ottavi di finale,04.02.2026,Tolosa,Amiens,Ospite,Amiens,4-4-2,Panchina,7,12,Monconduit T.,,6.3,60',,4UYSPSwo
Coppa di Francia,Ottavi di finale,04.02.2026,Tolosa,Amiens,Ospite,Amiens,4-4-2,Panchina,8,19,Rafii Y.,,,,,4UYSPSwo
Coppa di Francia,Ottavi di finale,04.02.2026,Tolosa,Amiens,Ospite,Amiens,4-4-2,Panchina,9,13,Somon E.,,6.2,72',,4UYSPSwo
Coppa di Francia,Ottavi di finale,04.02.2026,Lorient,Paris FC,Casa,Lorient,3-4-2-1,Titolare,1,1,Kamara B.,Portiere,7.4,,,j3jtZWGb
Coppa di Francia,Ottavi di finale,04.02.2026,Lorient,Paris FC,Casa,Lorient,3-4-2-1,Titolare,2,5,Adjei N.,,7.8,,,j3jtZWGb
Coppa di Francia,Ottavi di finale,04.02.2026,Lorient,Paris FC,Casa,Lorient,3-4-2-1,Titolare,3,3,Talbi M.,Capitano,7.5,,,j3jtZWGb
Coppa di Francia,Ottavi di finale,04.02.2026,Lorient,Paris FC,Casa,Lorient,3-4-2-1,Titolare,4,4,Yongwa D.,,7.0,,78',j3jtZWGb
Coppa di Francia,Ottavi di finale,04.02.2026,Lorient,Paris FC,Casa,Lorient,3-4-2-1,Titolare,5,2,Leaudais L.,,7.3,,69',j3jtZWGb
Coppa di Francia,Ottavi di finale,04.02.2026,Lorient,Paris FC,Casa,Lorient,3-4-2-1,Titolare,6,8,Cadiou N.,,7.8,,,j3jtZWGb
Coppa di Francia,Ottavi di finale,04.02.2026,Lorient,Paris FC,Casa,Lorient,3-4-2-1,Titolare,7,6,Avom A.,,7.8,,,j3jtZWGb
Coppa di Francia,Ottavi di finale,04.02.2026,Lorient,Paris FC,Casa,Lorient,3-4-2-1,Titolare,8,11,Kouassi A.,,6.8,,68',j3jtZWGb
Coppa di Francia,Ottavi di finale,04.02.2026,Lorient,Paris FC,Casa,Lorient,3-4-2-1,Titolare,9,7,Makengo J.,,6.5,,68',j3jtZWGb
Coppa di Francia,Ottavi di finale,04.02.2026,Lorient,Paris FC,Casa,Lorient,3-4-2-1,Titolare,10,10,Karim D.,,7.3,,86',j3jtZWGb
Coppa di Francia,Ottavi di finale,04.02.2026,Lorient,Paris FC,Casa,Lorient,3-4-2-1,Titolare,11,9,Soumano S.,,6.7,,,j3jtZWGb
Coppa di Francia,Ottavi di finale,04.02.2026,Lorient,Paris FC,Casa,Lorient,3-4-2-1,Panchina,1,19,Abergel L.,,,,,j3jtZWGb
Coppa di Francia,Ottavi di finale,04.02.2026,Lorient,Paris FC,Casa,Lorient,3-4-2-1,Panchina,2,20,Bamba M.,,,,,j3jtZWGb
Coppa di Francia,Ottavi di finale,04.02.2026,Lorient,Paris FC,Casa,Lorient,3-4-2-1,Panchina,3,12,Dieng B.,,,,,j3jtZWGb
Coppa di Francia,Ottavi di finale,04.02.2026,Lorient,Paris FC,Casa,Lorient,3-4-2-1,Panchina,4,13,Katseris P.,,6.9,69',,j3jtZWGb
Coppa di Francia,Ottavi di finale,04.02.2026,Lorient,Paris FC,Casa,Lorient,3-4-2-1,Panchina,5,18,Le Bris T.,,7.0,68',,j3jtZWGb
Coppa di Francia,Ottavi di finale,04.02.2026,Lorient,Paris FC,Casa,Lorient,3-4-2-1,Panchina,6,14,Meite B.,,6.4,78',,j3jtZWGb
Coppa di Francia,Ottavi di finale,04.02.2026,Lorient,Paris FC,Casa,Lorient,3-4-2-1,Panchina,7,16,Mvogo Y.,Portiere,,,,j3jtZWGb
Coppa di Francia,Ottavi di finale,04.02.2026,Lorient,Paris FC,Casa,Lorient,3-4-2-1,Panchina,8,17,Pagis P.,,,86',,j3jtZWGb
Coppa di Francia,Ottavi di finale,04.02.2026,Lorient,Paris FC,Casa,Lorient,3-4-2-1,Panchina,9,15,Tosin A.,,6.2,68',,j3jtZWGb
Coppa di Francia,Ottavi di finale,04.02.2026,Lorient,Paris FC,Ospite,Paris FC,4-2-3-1,Titolare,1,1,Nkambadio O.,Portiere,8.0,,,j3jtZWGb
Coppa di Francia,Ottavi di finale,04.02.2026,Lorient,Paris FC,Ospite,Paris FC,4-2-3-1,Titolare,2,3,Sangui N.,,6.7,,,j3jtZWGb
Coppa di Francia,Ottavi di finale,04.02.2026,Lorient,Paris FC,Ospite,Paris FC,4-2-3-1,Titolare,3,6,Coppola D.,,6.5,,,j3jtZWGb
Coppa di Francia,Ottavi di finale,04.02.2026,Lorient,Paris FC,Ospite,Paris FC,4-2-3-1,Titolare,4,5,Mbow M.,,6.6,,,j3jtZWGb
Coppa di Francia,Ottavi di finale,04.02.2026,Lorient,Paris FC,Ospite,Paris FC,4-2-3-1,Titolare,5,2,Ollila T.,,6.3,,,j3jtZWGb
Coppa di Francia,Ottavi di finale,04.02.2026,Lorient,Paris FC,Ospite,Paris FC,4-2-3-1,Titolare,6,8,Munetsi M.,,6.2,,79',j3jtZWGb
Coppa di Francia,Ottavi di finale,04.02.2026,Lorient,Paris FC,Ospite,Paris FC,4-2-3-1,Titolare,7,4,Marchetti V.,,6.2,,58',j3jtZWGb
Coppa di Francia,Ottavi di finale,04.02.2026,Lorient,Paris FC,Ospite,Paris FC,4-2-3-1,Titolare,8,7,Ikone J.,,5.3,,74',j3jtZWGb
Coppa di Francia,Ottavi di finale,04.02.2026,Lorient,Paris FC,Ospite,Paris FC,4-2-3-1,Titolare,9,10,Lopez J.,Capitano,6.2,,,j3jtZWGb
Coppa di Francia,Ottavi di finale,04.02.2026,Lorient,Paris FC,Ospite,Paris FC,4-2-3-1,Titolare,10,11,Koleosho L.,,6.2,,58',j3jtZWGb
Coppa di Francia,Ottavi di finale,04.02.2026,Lorient,Paris FC,Ospite,Paris FC,4-2-3-1,Titolare,11,9,Geubbels W.,,6.0,,58',j3jtZWGb
Coppa di Francia,Ottavi di finale,04.02.2026,Lorient,Paris FC,Ospite,Paris FC,4-2-3-1,Panchina,1,17,Camara A.,,6.4,79',,j3jtZWGb
Coppa di Francia,Ottavi di finale,04.02.2026,Lorient,Paris FC,Ospite,Paris FC,4-2-3-1,Panchina,2,18,Immobile C.,,6.0,58',,j3jtZWGb
Coppa di Francia,Ottavi di finale,04.02.2026,Lorient,Paris FC,Ospite,Paris FC,4-2-3-1,Panchina,3,20,Kebbal I.,,6.6,58',,j3jtZWGb
Coppa di Francia,Ottavi di finale,04.02.2026,Lorient,Paris FC,Ospite,Paris FC,4-2-3-1,Panchina,4,15,Kolodziejczak T.,,,,,j3jtZWGb
Coppa di Francia,Ottavi di finale,04.02.2026,Lorient,Paris FC,Ospite,Paris FC,4-2-3-1,Panchina,5,14,Krasso J.,,6.5,74',,j3jtZWGb
Coppa di Francia,Ottavi di finale,04.02.2026,Lorient,Paris FC,Ospite,Paris FC,4-2-3-1,Panchina,6,12,Matondo R.,,6.3,58',,j3jtZWGb
Coppa di Francia,Ottavi di finale,04.02.2026,Lorient,Paris FC,Ospite,Paris FC,4-2-3-1,Panchina,7,19,Otavio,,,,,j3jtZWGb
Coppa di Francia,Ottavi di finale,04.02.2026,Lorient,Paris FC,Ospite,Paris FC,4-2-3-1,Panchina,8,13,Simon M.,,,,,j3jtZWGb
Coppa di Francia,Ottavi di finale,04.02.2026,Lorient,Paris FC,Ospite,Paris FC,4-2-3-1,Panchina,9,16,Trapp K.,Portiere,,,,j3jtZWGb
Coppa di Francia,Ottavi di finale,04.02.2026,Troyes,Lens,Casa,Troyes,4-3-3,Titolare,1,1,Konate H.,Portiere,6.4,,,CIvkXAoB
Coppa di Francia,Ottavi di finale,04.02.2026,Troyes,Lens,Casa,Troyes,4-3-3,Titolare,2,2,Titi Y.,,5.2,,,CIvkXAoB
Coppa di Francia,Ottavi di finale,04.02.2026,Troyes,Lens,Casa,Troyes,4-3-3,Titolare,3,6,Monfray A.,Capitano,6.9,,,CIvkXAoB
Coppa di Francia,Ottavi di finale,04.02.2026,Troyes,Lens,Casa,Troyes,4-3-3,Titolare,4,4,Gambor H.,,6.3,,,CIvkXAoB
Coppa di Francia,Ottavi di finale,04.02.2026,Troyes,Lens,Casa,Troyes,4-3-3,Titolare,5,3,Donkor N.,,6.5,,64',CIvkXAoB
Coppa di Francia,Ottavi di finale,04.02.2026,Troyes,Lens,Casa,Troyes,4-3-3,Titolare,6,7,Chavalerin X.,,6.1,,,CIvkXAoB
Coppa di Francia,Ottavi di finale,04.02.2026,Troyes,Lens,Casa,Troyes,4-3-3,Titolare,7,8,Diop M.,,6.2,,73',CIvkXAoB
Coppa di Francia,Ottavi di finale,04.02.2026,Troyes,Lens,Casa,Troyes,4-3-3,Titolare,8,5,Adeline M.,,7.4,,73',CIvkXAoB
Coppa di Francia,Ottavi di finale,04.02.2026,Troyes,Lens,Casa,Troyes,4-3-3,Titolare,9,10,Ifnaoui M.,,,,8',CIvkXAoB
Coppa di Francia,Ottavi di finale,04.02.2026,Troyes,Lens,Casa,Troyes,4-3-3,Titolare,10,9,Ripart R.,,6.8,,,CIvkXAoB
Coppa di Francia,Ottavi di finale,04.02.2026,Troyes,Lens,Casa,Troyes,4-3-3,Titolare,11,11,Detourbet M.,,6.4,,,CIvkXAoB
Coppa di Francia,Ottavi di finale,04.02.2026,Troyes,Lens,Casa,Troyes,4-3-3,Panchina,1,20,Bentayeb T.,,6.5,64',,CIvkXAoB
Coppa di Francia,Ottavi di finale,04.02.2026,Troyes,Lens,Casa,Troyes,4-3-3,Panchina,2,16,Boucher Z.,Portiere,,,,CIvkXAoB
Coppa di Francia,Ottavi di finale,04.02.2026,Troyes,Lens,Casa,Troyes,4-3-3,Panchina,3,15,Diawara S.,,,,,CIvkXAoB
Coppa di Francia,Ottavi di finale,04.02.2026,Troyes,Lens,Casa,Troyes,4-3-3,Panchina,4,14,El Idrissy M.,,6.9,73',,CIvkXAoB
Coppa di Francia,Ottavi di finale,04.02.2026,Troyes,Lens,Casa,Troyes,4-3-3,Panchina,5,17,Mille A.,,7.1,73',,CIvkXAoB
Coppa di Francia,Ottavi di finale,04.02.2026,Troyes,Lens,Casa,Troyes,4-3-3,Panchina,6,18,Murcy R.,,,,,CIvkXAoB
Coppa di Francia,Ottavi di finale,04.02.2026,Troyes,Lens,Casa,Troyes,4-3-3,Panchina,7,12,Odede E.,,6.0,8',64',CIvkXAoB
Coppa di Francia,Ottavi di finale,04.02.2026,Troyes,Lens,Casa,Troyes,4-3-3,Panchina,8,19,Onambele F. O.,,,,,CIvkXAoB
Coppa di Francia,Ottavi di finale,04.02.2026,Troyes,Lens,Casa,Troyes,4-3-3,Panchina,9,13,Ouzenadji A.,,6.5,64',,CIvkXAoB
Coppa di Francia,Ottavi di finale,04.02.2026,Troyes,Lens,Ospite,Lens,3-4-2-1,Titolare,1,1,Risser R.,Portiere,7.1,,,CIvkXAoB
Coppa di Francia,Ottavi di finale,04.02.2026,Troyes,Lens,Ospite,Lens,3-4-2-1,Titolare,2,6,Antonio K.,,6.0,,,CIvkXAoB
Coppa di Francia,Ottavi di finale,04.02.2026,Troyes,Lens,Ospite,Lens,3-4-2-1,Titolare,3,4,Ganiou I.,,6.9,,,CIvkXAoB
Coppa di Francia,Ottavi di finale,04.02.2026,Troyes,Lens,Ospite,Lens,3-4-2-1,Titolare,4,3,Sarr M.,,6.7,,,CIvkXAoB
Coppa di Francia,Ottavi di finale,04.02.2026,Troyes,Lens,Ospite,Lens,3-4-2-1,Titolare,5,2,Abdulhamid S.,,7.6,,69',CIvkXAoB
Coppa di Francia,Ottavi di finale,04.02.2026,Troyes,Lens,Ospite,Lens,3-4-2-1,Titolare,6,5,Bulatovic A.,,7.2,,,CIvkXAoB
Coppa di Francia,Ottavi di finale,04.02.2026,Troyes,Lens,Ospite,Lens,3-4-2-1,Titolare,7,8,Haidara A.,,6.9,,46',CIvkXAoB
Coppa di Francia,Ottavi di finale,04.02.2026,Troyes,Lens,Ospite,Lens,3-4-2-1,Titolare,8,10,Udol M.,,8.8,,,CIvkXAoB
Coppa di Francia,Ottavi di finale,04.02.2026,Troyes,Lens,Ospite,Lens,3-4-2-1,Titolare,9,7,Sotoca F.,Capitano,9.0,,62',CIvkXAoB
Coppa di Francia,Ottavi di finale,04.02.2026,Troyes,Lens,Ospite,Lens,3-4-2-1,Titolare,10,9,Sima A.,,8.9,,62',CIvkXAoB
Coppa di Francia,Ottavi di finale,04.02.2026,Troyes,Lens,Ospite,Lens,3-4-2-1,Titolare,11,11,Fofana R.,,5.7,,81',CIvkXAoB
Coppa di Francia,Ottavi di finale,04.02.2026,Troyes,Lens,Ospite,Lens,3-4-2-1,Panchina,1,12,Aguilar R.,,6.9,69',,CIvkXAoB
Coppa di Francia,Ottavi di finale,04.02.2026,Troyes,Lens,Ospite,Lens,3-4-2-1,Panchina,2,20,Edouard O.,,,,,CIvkXAoB
Coppa di Francia,Ottavi di finale,04.02.2026,Troyes,Lens,Ospite,Lens,3-4-2-1,Panchina,3,16,Gorgelin M.,Portiere,,,,CIvkXAoB
Coppa di Francia,Ottavi di finale,04.02.2026,Troyes,Lens,Ospite,Lens,3-4-2-1,Panchina,4,17,Masuaku A.,,,81',,CIvkXAoB
Coppa di Francia,Ottavi di finale,04.02.2026,Troyes,Lens,Ospite,Lens,3-4-2-1,Panchina,5,13,Said W.,,6.5,62',,CIvkXAoB
Coppa di Francia,Ottavi di finale,04.02.2026,Troyes,Lens,Ospite,Lens,3-4-2-1,Panchina,6,19,Saint-Maximin A.,,7.3,62',,CIvkXAoB
Coppa di Francia,Ottavi di finale,04.02.2026,Troyes,Lens,Ospite,Lens,3-4-2-1,Panchina,7,15,Sangare M.,,6.8,46',,CIvkXAoB
Coppa di Francia,Ottavi di finale,04.02.2026,Troyes,Lens,Ospite,Lens,3-4-2-1,Panchina,8,18,Sylla F.,,,,,CIvkXAoB
Coppa di Francia,Ottavi di finale,04.02.2026,Troyes,Lens,Ospite,Lens,3-4-2-1,Panchina,9,14,Thomasson A.,,,,,CIvkXAoB
Coppa di Francia,Ottavi di finale,05.02.2026,Strasburgo,Monaco,Casa,Strasburgo,4-2-3-1,Titolare,1,1,Penders M.,Portiere,7.4,,,dOLEmWVi
Coppa di Francia,Ottavi di finale,05.02.2026,Strasburgo,Monaco,Casa,Strasburgo,4-2-3-1,Titolare,2,2,Doue G.,,7.2,,,dOLEmWVi
Coppa di Francia,Ottavi di finale,05.02.2026,Strasburgo,Monaco,Casa,Strasburgo,4-2-3-1,Titolare,3,6,Doukoure I.,Capitano,6.7,,,dOLEmWVi
Coppa di Francia,Ottavi di finale,05.02.2026,Strasburgo,Monaco,Casa,Strasburgo,4-2-3-1,Titolare,4,5,Hogsberg L.,,6.7,,,dOLEmWVi
Coppa di Francia,Ottavi di finale,05.02.2026,Strasburgo,Monaco,Casa,Strasburgo,4-2-3-1,Titolare,5,3,Ouattara A.,,7.0,,69',dOLEmWVi
Coppa di Francia,Ottavi di finale,05.02.2026,Strasburgo,Monaco,Casa,Strasburgo,4-2-3-1,Titolare,6,4,El Mourabet S.,,5.9,,,dOLEmWVi
Coppa di Francia,Ottavi di finale,05.02.2026,Strasburgo,Monaco,Casa,Strasburgo,4-2-3-1,Titolare,7,8,Barco V.,,9.1,,,dOLEmWVi
Coppa di Francia,Ottavi di finale,05.02.2026,Strasburgo,Monaco,Casa,Strasburgo,4-2-3-1,Titolare,8,7,Moreira D.,,6.6,,77',dOLEmWVi
Coppa di Francia,Ottavi di finale,05.02.2026,Strasburgo,Monaco,Casa,Strasburgo,4-2-3-1,Titolare,9,10,Enciso J.,,8.4,,85',dOLEmWVi
Coppa di Francia,Ottavi di finale,05.02.2026,Strasburgo,Monaco,Casa,Strasburgo,4-2-3-1,Titolare,10,11,Godo M.,,7.7,,77',dOLEmWVi
Coppa di Francia,Ottavi di finale,05.02.2026,Strasburgo,Monaco,Casa,Strasburgo,4-2-3-1,Titolare,11,9,Panichelli J.,,8.4,,85',dOLEmWVi
Coppa di Francia,Ottavi di finale,05.02.2026,Strasburgo,Monaco,Casa,Strasburgo,4-2-3-1,Panchina,1,14,Amo-Ameyaw S.,,6.4,77',,dOLEmWVi
Coppa di Francia,Ottavi di finale,05.02.2026,Strasburgo,Monaco,Casa,Strasburgo,4-2-3-1,Panchina,2,17,Amougou M.,,,,,dOLEmWVi
Coppa di Francia,Ottavi di finale,05.02.2026,Strasburgo,Monaco,Casa,Strasburgo,4-2-3-1,Panchina,3,12,Chilwell B.,,6.7,69',,dOLEmWVi
Coppa di Francia,Ottavi di finale,05.02.2026,Strasburgo,Monaco,Casa,Strasburgo,4-2-3-1,Panchina,4,15,Fofana D. D.,,,85',,dOLEmWVi
Coppa di Francia,Ottavi di finale,05.02.2026,Strasburgo,Monaco,Casa,Strasburgo,4-2-3-1,Panchina,5,16,Johnsson K.,Portiere,,,,dOLEmWVi
Coppa di Francia,Ottavi di finale,05.02.2026,Strasburgo,Monaco,Casa,Strasburgo,4-2-3-1,Panchina,6,13,Luis R.,,,,,dOLEmWVi
Coppa di Francia,Ottavi di finale,05.02.2026,Strasburgo,Monaco,Casa,Strasburgo,4-2-3-1,Panchina,7,18,Mwanga J.,,,,,dOLEmWVi
Coppa di Francia,Ottavi di finale,05.02.2026,Strasburgo,Monaco,Casa,Strasburgo,4-2-3-1,Panchina,8,20,Omobamidele A.,,6.4,77',,dOLEmWVi
Coppa di Francia,Ottavi di finale,05.02.2026,Strasburgo,Monaco,Casa,Strasburgo,4-2-3-1,Panchina,9,19,Yassine G.,,,85',,dOLEmWVi
Coppa di Francia,Ottavi di finale,05.02.2026,Strasburgo,Monaco,Ospite,Monaco,3-4-2-1,Titolare,1,1,Kohn P.,Portiere,7.5,,,dOLEmWVi
Coppa di Francia,Ottavi di finale,05.02.2026,Strasburgo,Monaco,Ospite,Monaco,3-4-2-1,Titolare,2,4,Teze J.,,5.8,,73',dOLEmWVi
Coppa di Francia,Ottavi di finale,05.02.2026,Strasburgo,Monaco,Ospite,Monaco,3-4-2-1,Titolare,3,6,Zakaria D.,Capitano,6.6,,,dOLEmWVi
Coppa di Francia,Ottavi di finale,05.02.2026,Strasburgo,Monaco,Ospite,Monaco,3-4-2-1,Titolare,4,5,Kehrer T.,,7.0,,,dOLEmWVi
Coppa di Francia,Ottavi di finale,05.02.2026,Strasburgo,Monaco,Ospite,Monaco,3-4-2-1,Titolare,5,2,Vanderson,,6.8,,,dOLEmWVi
Coppa di Francia,Ottavi di finale,05.02.2026,Strasburgo,Monaco,Ospite,Monaco,3-4-2-1,Titolare,6,7,Coulibaly M.,,6.9,,84',dOLEmWVi
Coppa di Francia,Ottavi di finale,05.02.2026,Strasburgo,Monaco,Ospite,Monaco,3-4-2-1,Titolare,7,8,Camara L.,,7.2,,,dOLEmWVi
Coppa di Francia,Ottavi di finale,05.02.2026,Strasburgo,Monaco,Ospite,Monaco,3-4-2-1,Titolare,8,3,Caio Henrique,,6.5,,46',dOLEmWVi
Coppa di Francia,Ottavi di finale,05.02.2026,Strasburgo,Monaco,Ospite,Monaco,3-4-2-1,Titolare,9,11,Akliouche M.,,7.1,,,dOLEmWVi
Coppa di Francia,Ottavi di finale,05.02.2026,Strasburgo,Monaco,Ospite,Monaco,3-4-2-1,Titolare,10,10,Golovin A.,,6.0,,46',dOLEmWVi
Coppa di Francia,Ottavi di finale,05.02.2026,Strasburgo,Monaco,Ospite,Monaco,3-4-2-1,Titolare,11,9,Biereth M.,,7.0,,73',dOLEmWVi
Coppa di Francia,Ottavi di finale,05.02.2026,Strasburgo,Monaco,Ospite,Monaco,3-4-2-1,Panchina,1,14,Adingra S.,,7.5,46',,dOLEmWVi
Coppa di Francia,Ottavi di finale,05.02.2026,Strasburgo,Monaco,Ospite,Monaco,3-4-2-1,Panchina,2,19,Balogun F.,,6.4,73',,dOLEmWVi
Coppa di Francia,Ottavi di finale,05.02.2026,Strasburgo,Monaco,Ospite,Monaco,3-4-2-1,Panchina,3,13,Bamba A.,,,84',,dOLEmWVi
Coppa di Francia,Ottavi di finale,05.02.2026,Strasburgo,Monaco,Ospite,Monaco,3-4-2-1,Panchina,4,20,Brunner P.,,,,,dOLEmWVi
Coppa di Francia,Ottavi di finale,05.02.2026,Strasburgo,Monaco,Ospite,Monaco,3-4-2-1,Panchina,5,18,Diatta K.,,7.1,46',,dOLEmWVi
Coppa di Francia,Ottavi di finale,05.02.2026,Strasburgo,Monaco,Ospite,Monaco,3-4-2-1,Panchina,6,17,Idumbo S.,,6.3,73',,dOLEmWVi
Coppa di Francia,Ottavi di finale,05.02.2026,Strasburgo,Monaco,Ospite,Monaco,3-4-2-1,Panchina,7,16,Lienard Y.,Portiere,,,,dOLEmWVi
Coppa di Francia,Ottavi di finale,05.02.2026,Strasburgo,Monaco,Ospite,Monaco,3-4-2-1,Panchina,8,12,Nibombe S.,,,,,dOLEmWVi
Coppa di Francia,Ottavi di finale,05.02.2026,Strasburgo,Monaco,Ospite,Monaco,3-4-2-1,Panchina,9,15,Toure I.,,,,,dOLEmWVi
Coppa di Francia,Quarti di finale,03.03.2026,Strasburgo,Reims,Casa,Strasburgo,4-2-3-1,Titolare,1,39,Penders M.,Portiere,6.8,,,CAk4CKmL
Coppa di Francia,Quarti di finale,03.03.2026,Strasburgo,Reims,Casa,Strasburgo,4-2-3-1,Titolare,2,22,Doue G.,,7.4,,,CAk4CKmL
Coppa di Francia,Quarti di finale,03.03.2026,Strasburgo,Reims,Casa,Strasburgo,4-2-3-1,Titolare,3,24,Hogsberg L.,,7.5,,,CAk4CKmL
Coppa di Francia,Quarti di finale,03.03.2026,Strasburgo,Reims,Casa,Strasburgo,4-2-3-1,Titolare,4,6,Doukoure I.,Capitano,7.5,,,CAk4CKmL
Coppa di Francia,Quarti di finale,03.03.2026,Strasburgo,Reims,Casa,Strasburgo,4-2-3-1,Titolare,5,3,Chilwell B.,,6.6,,70',CAk4CKmL
Coppa di Francia,Quarti di finale,03.03.2026,Strasburgo,Reims,Casa,Strasburgo,4-2-3-1,Titolare,6,42,Ouattara A.,,7.0,,,CAk4CKmL
Coppa di Francia,Quarti di finale,03.03.2026,Strasburgo,Reims,Casa,Strasburgo,4-2-3-1,Titolare,7,32,Barco V.,,8.6,,85',CAk4CKmL
Coppa di Francia,Quarti di finale,03.03.2026,Strasburgo,Reims,Casa,Strasburgo,4-2-3-1,Titolare,8,80,Yassine G.,,7.8,,,CAk4CKmL
Coppa di Francia,Quarti di finale,03.03.2026,Strasburgo,Reims,Casa,Strasburgo,4-2-3-1,Titolare,9,11,Nanasi S.,,7.4,,70',CAk4CKmL
Coppa di Francia,Quarti di finale,03.03.2026,Strasburgo,Reims,Casa,Strasburgo,4-2-3-1,Titolare,10,20,Godo M.,,6.6,,61',CAk4CKmL
Coppa di Francia,Quarti di finale,03.03.2026,Strasburgo,Reims,Casa,Strasburgo,4-2-3-1,Titolare,11,9,Panichelli J.,,7.4,,85',CAk4CKmL
Coppa di Francia,Quarti di finale,03.03.2026,Strasburgo,Reims,Casa,Strasburgo,4-2-3-1,Panchina,1,27,Amo-Ameyaw S.,,6.7,70',,CAk4CKmL
Coppa di Francia,Quarti di finale,03.03.2026,Strasburgo,Reims,Casa,Strasburgo,4-2-3-1,Panchina,2,17,Amougou M.,,,,,CAk4CKmL
Coppa di Francia,Quarti di finale,03.03.2026,Strasburgo,Reims,Casa,Strasburgo,4-2-3-1,Panchina,3,29,El Mourabet S.,,,85',,CAk4CKmL
Coppa di Francia,Quarti di finale,03.03.2026,Strasburgo,Reims,Casa,Strasburgo,4-2-3-1,Panchina,4,19,Enciso J.,,7.9,61',,CAk4CKmL
Coppa di Francia,Quarti di finale,03.03.2026,Strasburgo,Reims,Casa,Strasburgo,4-2-3-1,Panchina,5,15,Fofana D. D.,,6.9,70',,CAk4CKmL
Coppa di Francia,Quarti di finale,03.03.2026,Strasburgo,Reims,Casa,Strasburgo,4-2-3-1,Panchina,6,1,Johnsson K.,Portiere,,,,CAk4CKmL
Coppa di Francia,Quarti di finale,03.03.2026,Strasburgo,Reims,Casa,Strasburgo,4-2-3-1,Panchina,7,18,Mwanga J.,,,85',,CAk4CKmL
Coppa di Francia,Quarti di finale,03.03.2026,Strasburgo,Reims,Casa,Strasburgo,4-2-3-1,Panchina,8,2,Omobamidele A.,,,,,CAk4CKmL
Coppa di Francia,Quarti di finale,03.03.2026,Strasburgo,Reims,Casa,Strasburgo,4-2-3-1,Panchina,9,8,Oyedele M.,,,,,CAk4CKmL
Coppa di Francia,Quarti di finale,03.03.2026,Strasburgo,Reims,Ospite,Reims,5-4-1,Titolare,1,20,Olliero A.,Portiere,7.6,,,CAk4CKmL
Coppa di Francia,Quarti di finale,03.03.2026,Strasburgo,Reims,Ospite,Reims,5-4-1,Titolare,2,3,Sekine H.,,7.0,,,CAk4CKmL
Coppa di Francia,Quarti di finale,03.03.2026,Strasburgo,Reims,Ospite,Reims,5-4-1,Titolare,3,28,Elie,,5.9,,,CAk4CKmL
Coppa di Francia,Quarti di finale,03.03.2026,Strasburgo,Reims,Ospite,Reims,5-4-1,Titolare,4,5,Pallois N.,Capitano,6.1,,,CAk4CKmL
Coppa di Francia,Quarti di finale,03.03.2026,Strasburgo,Reims,Ospite,Reims,5-4-1,Titolare,5,22,Kotto S.,,5.8,,,CAk4CKmL
Coppa di Francia,Quarti di finale,03.03.2026,Strasburgo,Reims,Ospite,Reims,5-4-1,Titolare,6,17,Nakamura K.,,5.0,,,CAk4CKmL
Coppa di Francia,Quarti di finale,03.03.2026,Strasburgo,Reims,Ospite,Reims,5-4-1,Titolare,7,30,Patrick J.,,5.5,,84',CAk4CKmL
Coppa di Francia,Quarti di finale,03.03.2026,Strasburgo,Reims,Ospite,Reims,5-4-1,Titolare,8,24,Gbane M.,,5.4,,,CAk4CKmL
Coppa di Francia,Quarti di finale,03.03.2026,Strasburgo,Reims,Ospite,Reims,5-4-1,Titolare,9,6,Leoni T.,,6.0,,,CAk4CKmL
Coppa di Francia,Quarti di finale,03.03.2026,Strasburgo,Reims,Ospite,Reims,5-4-1,Titolare,10,86,Zabi P.,,7.2,,,CAk4CKmL
Coppa di Francia,Quarti di finale,03.03.2026,Strasburgo,Reims,Ospite,Reims,5-4-1,Titolare,11,27,Bojang A.,,5.3,,66',CAk4CKmL
Coppa di Francia,Quarti di finale,03.03.2026,Strasburgo,Reims,Ospite,Reims,5-4-1,Panchina,1,4,Busi M.,,,,,CAk4CKmL
Coppa di Francia,Quarti di finale,03.03.2026,Strasburgo,Reims,Ospite,Reims,5-4-1,Panchina,2,9,Daramy M.,,6.2,66',,CAk4CKmL
Coppa di Francia,Quarti di finale,03.03.2026,Strasburgo,Reims,Ospite,Reims,5-4-1,Panchina,3,46,Diarrassouba T.,,,,,CAk4CKmL
Coppa di Francia,Quarti di finale,03.03.2026,Strasburgo,Reims,Ospite,Reims,5-4-1,Panchina,4,7,Diarra T.,,,,,CAk4CKmL
Coppa di Francia,Quarti di finale,03.03.2026,Strasburgo,Reims,Ospite,Reims,5-4-1,Panchina,5,8,Fofana Y.,,,,,CAk4CKmL
Coppa di Francia,Quarti di finale,03.03.2026,Strasburgo,Reims,Ospite,Reims,5-4-1,Panchina,6,29,Jaouen E.,Portiere,,,,CAk4CKmL
Coppa di Francia,Quarti di finale,03.03.2026,Strasburgo,Reims,Ospite,Reims,5-4-1,Panchina,7,56,Mambuku J.,,,,,CAk4CKmL
Coppa di Francia,Quarti di finale,03.03.2026,Strasburgo,Reims,Ospite,Reims,5-4-1,Panchina,8,76,Sylla L.,,,,,CAk4CKmL
Coppa di Francia,Quarti di finale,03.03.2026,Strasburgo,Reims,Ospite,Reims,5-4-1,Panchina,9,87,Tia A.,,,84',,CAk4CKmL
Coppa di Francia,Quarti di finale,04.03.2026,Lorient,Nizza,Casa,Lorient,3-4-2-1,Titolare,1,21,Kamara B.,Portiere,6.9,,,ELSG0mFL
Coppa di Francia,Quarti di finale,04.03.2026,Lorient,Nizza,Casa,Lorient,3-4-2-1,Titolare,2,5,Meite B.,,6.3,,,ELSG0mFL
Coppa di Francia,Quarti di finale,04.03.2026,Lorient,Nizza,Casa,Lorient,3-4-2-1,Titolare,3,3,Talbi M.,,7.4,,,ELSG0mFL
Coppa di Francia,Quarti di finale,04.03.2026,Lorient,Nizza,Casa,Lorient,3-4-2-1,Titolare,4,44,Yongwa D.,,6.6,,72',ELSG0mFL
Coppa di Francia,Quarti di finale,04.03.2026,Lorient,Nizza,Casa,Lorient,3-4-2-1,Titolare,5,11,Le Bris T.,,5.6,,80',ELSG0mFL
Coppa di Francia,Quarti di finale,04.03.2026,Lorient,Nizza,Casa,Lorient,3-4-2-1,Titolare,6,62,Avom A.,,7.0,,,ELSG0mFL
Coppa di Francia,Quarti di finale,04.03.2026,Lorient,Nizza,Casa,Lorient,3-4-2-1,Titolare,7,6,Abergel L.,Capitano,6.4,,57',ELSG0mFL
Coppa di Francia,Quarti di finale,04.03.2026,Lorient,Nizza,Casa,Lorient,3-4-2-1,Titolare,8,43,Kouassi A.,,6.9,,,ELSG0mFL
Coppa di Francia,Quarti di finale,04.03.2026,Lorient,Nizza,Casa,Lorient,3-4-2-1,Titolare,9,17,Makengo J.,,5.9,,71',ELSG0mFL
Coppa di Francia,Quarti di finale,04.03.2026,Lorient,Nizza,Casa,Lorient,3-4-2-1,Titolare,10,10,Pagis P.,,4.4,,,ELSG0mFL
Coppa di Francia,Quarti di finale,04.03.2026,Lorient,Nizza,Casa,Lorient,3-4-2-1,Titolare,11,12,Dieng B.,,5.7,,80',ELSG0mFL
Coppa di Francia,Quarti di finale,04.03.2026,Lorient,Nizza,Casa,Lorient,3-4-2-1,Panchina,1,32,Adjei N.,,,,,ELSG0mFL
Coppa di Francia,Quarti di finale,04.03.2026,Lorient,Nizza,Casa,Lorient,3-4-2-1,Panchina,2,9,Bamba M.,,,,,ELSG0mFL
Coppa di Francia,Quarti di finale,04.03.2026,Lorient,Nizza,Casa,Lorient,3-4-2-1,Panchina,3,8,Cadiou N.,,6.5,57',,ELSG0mFL
Coppa di Francia,Quarti di finale,04.03.2026,Lorient,Nizza,Casa,Lorient,3-4-2-1,Panchina,4,25,Faye A.,,6.5,72',,ELSG0mFL
Coppa di Francia,Quarti di finale,04.03.2026,Lorient,Nizza,Casa,Lorient,3-4-2-1,Panchina,5,29,Karim D.,,6.3,71',,ELSG0mFL
Coppa di Francia,Quarti di finale,04.03.2026,Lorient,Nizza,Casa,Lorient,3-4-2-1,Panchina,6,77,Katseris P.,,,80',,ELSG0mFL
Coppa di Francia,Quarti di finale,04.03.2026,Lorient,Nizza,Casa,Lorient,3-4-2-1,Panchina,7,38,Mvogo Y.,Portiere,,,,ELSG0mFL
Coppa di Francia,Quarti di finale,04.03.2026,Lorient,Nizza,Casa,Lorient,3-4-2-1,Panchina,8,28,Soumano S.,,,80',,ELSG0mFL
Coppa di Francia,Quarti di finale,04.03.2026,Lorient,Nizza,Casa,Lorient,3-4-2-1,Panchina,9,15,Tosin A.,,,,,ELSG0mFL
Coppa di Francia,Quarti di finale,04.03.2026,Lorient,Nizza,Ospite,Nizza,4-2-3-1,Titolare,1,80,Diouf Y.,Portiere,7.3,,,ELSG0mFL
Coppa di Francia,Quarti di finale,04.03.2026,Lorient,Nizza,Ospite,Nizza,4-2-3-1,Titolare,2,92,Clauss J.,,8.3,,,ELSG0mFL
Coppa di Francia,Quarti di finale,04.03.2026,Lorient,Nizza,Ospite,Nizza,4-2-3-1,Titolare,3,4,Dante,Capitano,7.5,,82',ELSG0mFL
Coppa di Francia,Quarti di finale,04.03.2026,Lorient,Nizza,Ospite,Nizza,4-2-3-1,Titolare,4,37,Peprah K.,,6.5,,46',ELSG0mFL
Coppa di Francia,Quarti di finale,04.03.2026,Lorient,Nizza,Ospite,Nizza,4-2-3-1,Titolare,5,26,Bard M.,,7.4,,,ELSG0mFL
Coppa di Francia,Quarti di finale,04.03.2026,Lorient,Nizza,Ospite,Nizza,4-2-3-1,Titolare,6,33,Mendy A.,,7.5,,,ELSG0mFL
Coppa di Francia,Quarti di finale,04.03.2026,Lorient,Nizza,Ospite,Nizza,4-2-3-1,Titolare,7,24,Vanhoutte C.,,6.8,,,ELSG0mFL
Coppa di Francia,Quarti di finale,04.03.2026,Lorient,Nizza,Ospite,Nizza,4-2-3-1,Titolare,8,32,Boudache K.,,5.6,,82',ELSG0mFL
Coppa di Francia,Quarti di finale,04.03.2026,Lorient,Nizza,Ospite,Nizza,4-2-3-1,Titolare,9,8,Sanson M.,,6.9,,,ELSG0mFL
Coppa di Francia,Quarti di finale,04.03.2026,Lorient,Nizza,Ospite,Nizza,4-2-3-1,Titolare,10,44,Diallo Z.,,6.0,,46',ELSG0mFL
Coppa di Francia,Quarti di finale,04.03.2026,Lorient,Nizza,Ospite,Nizza,4-2-3-1,Titolare,11,22,Ndombele T.,,5.8,,56',ELSG0mFL
Coppa di Francia,Quarti di finale,04.03.2026,Lorient,Nizza,Ospite,Nizza,4-2-3-1,Panchina,1,99,Abdul Samed S.,,,,,ELSG0mFL
Coppa di Francia,Quarti di finale,04.03.2026,Lorient,Nizza,Ospite,Nizza,4-2-3-1,Panchina,2,28,Bah J.,,,82',,ELSG0mFL
Coppa di Francia,Quarti di finale,04.03.2026,Lorient,Nizza,Ospite,Nizza,4-2-3-1,Panchina,3,23,Bernardeau G.,,,82',,ELSG0mFL
Coppa di Francia,Quarti di finale,04.03.2026,Lorient,Nizza,Ospite,Nizza,4-2-3-1,Panchina,4,25,Cho M.,,7.0,46',,ELSG0mFL
Coppa di Francia,Quarti di finale,04.03.2026,Lorient,Nizza,Ospite,Nizza,4-2-3-1,Panchina,5,39,Coulibaly D.,,,,,ELSG0mFL
Coppa di Francia,Quarti di finale,04.03.2026,Lorient,Nizza,Ospite,Nizza,4-2-3-1,Panchina,6,31,Dupe M.,Portiere,,,,ELSG0mFL
Coppa di Francia,Quarti di finale,04.03.2026,Lorient,Nizza,Ospite,Nizza,4-2-3-1,Panchina,7,47,Gouveia T.,,,,,ELSG0mFL
Coppa di Francia,Quarti di finale,04.03.2026,Lorient,Nizza,Ospite,Nizza,4-2-3-1,Panchina,8,90,Kevin,,6.1,56',,ELSG0mFL
Coppa di Francia,Quarti di finale,04.03.2026,Lorient,Nizza,Ospite,Nizza,4-2-3-1,Panchina,9,20,Louchet T.,,6.4,46',,ELSG0mFL
Coppa di Francia,Quarti di finale,04.03.2026,Marsiglia,Tolosa,Casa,Marsiglia,4-2-3-1,Titolare,1,1,Rulli G.,Portiere,7.5,,,S4U829p9
Coppa di Francia,Quarti di finale,04.03.2026,Marsiglia,Tolosa,Casa,Marsiglia,4-2-3-1,Titolare,2,22,Weah T.,,6.5,,,S4U829p9
Coppa di Francia,Quarti di finale,04.03.2026,Marsiglia,Tolosa,Casa,Marsiglia,4-2-3-1,Titolare,3,5,Balerdi L.,Capitano,6.7,,,S4U829p9
Coppa di Francia,Quarti di finale,04.03.2026,Marsiglia,Tolosa,Casa,Marsiglia,4-2-3-1,Titolare,4,21,Aguerd N.,,6.7,,,S4U829p9
Coppa di Francia,Quarti di finale,04.03.2026,Marsiglia,Tolosa,Casa,Marsiglia,4-2-3-1,Titolare,5,32,Medina F.,,6.4,,,S4U829p9
Coppa di Francia,Quarti di finale,04.03.2026,Marsiglia,Tolosa,Casa,Marsiglia,4-2-3-1,Titolare,6,19,Kondogbia G.,,7.6,,,S4U829p9
Coppa di Francia,Quarti di finale,04.03.2026,Marsiglia,Tolosa,Casa,Marsiglia,4-2-3-1,Titolare,7,18,Vermeeren A.,,6.1,,58',S4U829p9
Coppa di Francia,Quarti di finale,04.03.2026,Marsiglia,Tolosa,Casa,Marsiglia,4-2-3-1,Titolare,8,10,Greenwood M.,,8.1,,,S4U829p9
Coppa di Francia,Quarti di finale,04.03.2026,Marsiglia,Tolosa,Casa,Marsiglia,4-2-3-1,Titolare,9,8,Abdelli H.,,5.8,,46',S4U829p9
Coppa di Francia,Quarti di finale,04.03.2026,Marsiglia,Tolosa,Casa,Marsiglia,4-2-3-1,Titolare,10,14,Paixao I.,,6.9,,90',S4U829p9
Coppa di Francia,Quarti di finale,04.03.2026,Marsiglia,Tolosa,Casa,Marsiglia,4-2-3-1,Titolare,11,17,Aubameyang P.,,6.4,,,S4U829p9
Coppa di Francia,Quarti di finale,04.03.2026,Marsiglia,Tolosa,Casa,Marsiglia,4-2-3-1,Panchina,1,12,De Lange J.,Portiere,,,,S4U829p9
Coppa di Francia,Quarti di finale,04.03.2026,Marsiglia,Tolosa,Casa,Marsiglia,4-2-3-1,Panchina,2,4,Egan-Riley C.,,,,,S4U829p9
Coppa di Francia,Quarti di finale,04.03.2026,Marsiglia,Tolosa,Casa,Marsiglia,4-2-3-1,Panchina,3,33,Emerson,,,,,S4U829p9
Coppa di Francia,Quarti di finale,04.03.2026,Marsiglia,Tolosa,Casa,Marsiglia,4-2-3-1,Panchina,4,78,Lago E.,,,,,S4U829p9
Coppa di Francia,Quarti di finale,04.03.2026,Marsiglia,Tolosa,Casa,Marsiglia,4-2-3-1,Panchina,5,26,Nadir B.,,6.5,58',,S4U829p9
Coppa di Francia,Quarti di finale,04.03.2026,Marsiglia,Tolosa,Casa,Marsiglia,4-2-3-1,Panchina,6,6,Nnadi T.,,,,,S4U829p9
Coppa di Francia,Quarti di finale,04.03.2026,Marsiglia,Tolosa,Casa,Marsiglia,4-2-3-1,Panchina,7,11,Nwaneri E.,,6.2,46',,S4U829p9
Coppa di Francia,Quarti di finale,04.03.2026,Marsiglia,Tolosa,Casa,Marsiglia,4-2-3-1,Panchina,8,28,Pavard B.,,,,,S4U829p9
Coppa di Francia,Quarti di finale,04.03.2026,Marsiglia,Tolosa,Casa,Marsiglia,4-2-3-1,Panchina,9,20,Traore H. J.,,,90',,S4U829p9
Coppa di Francia,Quarti di finale,04.03.2026,Marsiglia,Tolosa,Ospite,Tolosa,5-4-1,Titolare,1,16,Haug K.,Portiere,6.4,,,S4U829p9
Coppa di Francia,Quarti di finale,04.03.2026,Marsiglia,Tolosa,Ospite,Tolosa,5-4-1,Titolare,2,19,Sidibe D.,,6.8,,,S4U829p9
Coppa di Francia,Quarti di finale,04.03.2026,Marsiglia,Tolosa,Ospite,Tolosa,5-4-1,Titolare,3,3,McKenzie M.,,6.2,,,S4U829p9
Coppa di Francia,Quarti di finale,04.03.2026,Marsiglia,Tolosa,Ospite,Tolosa,5-4-1,Titolare,4,4,Cresswell C.,,7.3,,65',S4U829p9
Coppa di Francia,Quarti di finale,04.03.2026,Marsiglia,Tolosa,Ospite,Tolosa,5-4-1,Titolare,5,2,Nicolaisen R.,Capitano,5.5,,,S4U829p9
Coppa di Francia,Quarti di finale,04.03.2026,Marsiglia,Tolosa,Ospite,Tolosa,5-4-1,Titolare,6,24,Methalie D.,,6.5,,,S4U829p9
Coppa di Francia,Quarti di finale,04.03.2026,Marsiglia,Tolosa,Ospite,Tolosa,5-4-1,Titolare,7,15,Donnum A.,,8.1,,,S4U829p9
Coppa di Francia,Quarti di finale,04.03.2026,Marsiglia,Tolosa,Ospite,Tolosa,5-4-1,Titolare,8,23,Casseres C.,,6.4,,,S4U829p9
Coppa di Francia,Quarti di finale,04.03.2026,Marsiglia,Tolosa,Ospite,Tolosa,5-4-1,Titolare,9,18,Demba P.,,6.4,,,S4U829p9
Coppa di Francia,Quarti di finale,04.03.2026,Marsiglia,Tolosa,Ospite,Tolosa,5-4-1,Titolare,10,10,Gboho Y.,,7.1,,,S4U829p9
Coppa di Francia,Quarti di finale,04.03.2026,Marsiglia,Tolosa,Ospite,Tolosa,5-4-1,Titolare,11,20,Emersonn,,5.9,,83',S4U829p9
Coppa di Francia,Quarti di finale,04.03.2026,Marsiglia,Tolosa,Ospite,Tolosa,5-4-1,Panchina,1,44,Bakhouche Piernas G.,,,,,S4U829p9
Coppa di Francia,Quarti di finale,04.03.2026,Marsiglia,Tolosa,Ospite,Tolosa,5-4-1,Panchina,2,11,Hidalgo S.,,,,,S4U829p9
Coppa di Francia,Quarti di finale,04.03.2026,Marsiglia,Tolosa,Ospite,Tolosa,5-4-1,Panchina,3,12,Kamanzi W.,,6.4,65',,S4U829p9
Coppa di Francia,Quarti di finale,04.03.2026,Marsiglia,Tolosa,Ospite,Tolosa,5-4-1,Panchina,4,35,Koumbassa S.,,,,,S4U829p9
Coppa di Francia,Quarti di finale,04.03.2026,Marsiglia,Tolosa,Ospite,Tolosa,5-4-1,Panchina,5,1,Restes G.,Portiere,,,,S4U829p9
Coppa di Francia,Quarti di finale,04.03.2026,Marsiglia,Tolosa,Ospite,Tolosa,5-4-1,Panchina,6,13,Russell-Rowe J.,,,83',,S4U829p9
Coppa di Francia,Quarti di finale,04.03.2026,Marsiglia,Tolosa,Ospite,Tolosa,5-4-1,Panchina,7,77,Sauer M.,,,,,S4U829p9
Coppa di Francia,Quarti di finale,04.03.2026,Marsiglia,Tolosa,Ospite,Tolosa,5-4-1,Panchina,8,7,Vignolo J.,,,,,S4U829p9
Coppa di Francia,Quarti di finale,04.03.2026,Marsiglia,Tolosa,Ospite,Tolosa,5-4-1,Panchina,9,45,Vossah A.,,,,,S4U829p9
Coppa di Francia,Quarti di finale,05.03.2026,Lione,Lens,Casa,Lione,5-3-2,Titolare,1,40,Descamps R.,Portiere,6.5,,,p4JneRxq
Coppa di Francia,Quarti di finale,05.03.2026,Lione,Lens,Casa,Lione,5-3-2,Titolare,2,98,Maitland-Niles A.,,6.3,,69',p4JneRxq
Coppa di Francia,Quarti di finale,05.03.2026,Lione,Lens,Casa,Lione,5-3-2,Titolare,3,22,Mata C.,,7.1,,,p4JneRxq
Coppa di Francia,Quarti di finale,05.03.2026,Lione,Lens,Casa,Lione,5-3-2,Titolare,4,19,Niakhate M.,,7.0,,,p4JneRxq
Coppa di Francia,Quarti di finale,05.03.2026,Lione,Lens,Casa,Lione,5-3-2,Titolare,5,3,Tagliafico N.,,6.2,,59',p4JneRxq
Coppa di Francia,Quarti di finale,05.03.2026,Lione,Lens,Casa,Lione,5-3-2,Titolare,6,16,Abner Vinicius,,6.4,,,p4JneRxq
Coppa di Francia,Quarti di finale,05.03.2026,Lione,Lens,Casa,Lione,5-3-2,Titolare,7,99,Nartey N.,,6.3,,87',p4JneRxq
Coppa di Francia,Quarti di finale,05.03.2026,Lione,Lens,Casa,Lione,5-3-2,Titolare,8,23,Morton T.,,6.0,,,p4JneRxq
Coppa di Francia,Quarti di finale,05.03.2026,Lione,Lens,Casa,Lione,5-3-2,Titolare,9,8,Tolisso C.,Capitano,7.7,,,p4JneRxq
Coppa di Francia,Quarti di finale,05.03.2026,Lione,Lens,Casa,Lione,5-3-2,Titolare,10,9,Endrick,,6.5,,,p4JneRxq
Coppa di Francia,Quarti di finale,05.03.2026,Lione,Lens,Casa,Lione,5-3-2,Titolare,11,77,Yaremchuk R.,,7.7,,,p4JneRxq
Coppa di Francia,Quarti di finale,05.03.2026,Lione,Lens,Casa,Lione,5-3-2,Panchina,1,18,Ghezzal R.,,,,,p4JneRxq
Coppa di Francia,Quarti di finale,05.03.2026,Lione,Lens,Casa,Lione,5-3-2,Panchina,2,1,Greif D.,Portiere,,,,p4JneRxq
Coppa di Francia,Quarti di finale,05.03.2026,Lione,Lens,Casa,Lione,5-3-2,Panchina,3,33,Hateboer H.,,6.4,69',,p4JneRxq
Coppa di Francia,Quarti di finale,05.03.2026,Lione,Lens,Casa,Lione,5-3-2,Panchina,4,45,Himbert R.,,7.7,59',,p4JneRxq
Coppa di Francia,Quarti di finale,05.03.2026,Lione,Lens,Casa,Lione,5-3-2,Panchina,5,85,Kamara N.,,,,,p4JneRxq
Coppa di Francia,Quarti di finale,05.03.2026,Lione,Lens,Casa,Lione,5-3-2,Panchina,6,7,Karabec A.,,,87',,p4JneRxq
Coppa di Francia,Quarti di finale,05.03.2026,Lione,Lens,Casa,Lione,5-3-2,Panchina,7,5,Mangala O.,,,,,p4JneRxq
Coppa di Francia,Quarti di finale,05.03.2026,Lione,Lens,Casa,Lione,5-3-2,Panchina,8,44,Merah K.,,,,,p4JneRxq
Coppa di Francia,Quarti di finale,05.03.2026,Lione,Lens,Casa,Lione,5-3-2,Panchina,9,6,Tessmann T.,,,,,p4JneRxq
Coppa di Francia,Quarti di finale,05.03.2026,Lione,Lens,Ospite,Lens,3-4-2-1,Titolare,1,40,Risser R.,Portiere,5.4,,,p4JneRxq
Coppa di Francia,Quarti di finale,05.03.2026,Lione,Lens,Ospite,Lens,3-4-2-1,Titolare,2,4,Celik N.,,5.8,,,p4JneRxq
Coppa di Francia,Quarti di finale,05.03.2026,Lione,Lens,Ospite,Lens,3-4-2-1,Titolare,3,25,Ganiou I.,,7.5,,,p4JneRxq
Coppa di Francia,Quarti di finale,05.03.2026,Lione,Lens,Ospite,Lens,3-4-2-1,Titolare,4,20,Sarr M.,,6.6,,,p4JneRxq
Coppa di Francia,Quarti di finale,05.03.2026,Lione,Lens,Ospite,Lens,3-4-2-1,Titolare,5,23,Abdulhamid S.,,7.3,,,p4JneRxq
Coppa di Francia,Quarti di finale,05.03.2026,Lione,Lens,Ospite,Lens,3-4-2-1,Titolare,6,8,Sangare M.,,7.6,,,p4JneRxq
Coppa di Francia,Quarti di finale,05.03.2026,Lione,Lens,Ospite,Lens,3-4-2-1,Titolare,7,28,Thomasson A.,Capitano,6.2,,,p4JneRxq
Coppa di Francia,Quarti di finale,05.03.2026,Lione,Lens,Ospite,Lens,3-4-2-1,Titolare,8,14,Udol M.,,6.7,,,p4JneRxq
Coppa di Francia,Quarti di finale,05.03.2026,Lione,Lens,Ospite,Lens,3-4-2-1,Titolare,9,10,Thauvin F.,,8.3,,,p4JneRxq
Coppa di Francia,Quarti di finale,05.03.2026,Lione,Lens,Ospite,Lens,3-4-2-1,Titolare,10,19,Sima A.,,6.1,,90+6',p4JneRxq
Coppa di Francia,Quarti di finale,05.03.2026,Lione,Lens,Ospite,Lens,3-4-2-1,Titolare,11,11,Edouard O.,,5.5,,78',p4JneRxq
Coppa di Francia,Quarti di finale,05.03.2026,Lione,Lens,Ospite,Lens,3-4-2-1,Panchina,1,26,Bermont A.,,,,,p4JneRxq
Coppa di Francia,Quarti di finale,05.03.2026,Lione,Lens,Ospite,Lens,3-4-2-1,Panchina,2,5,Bulatovic A.,,,,,p4JneRxq
Coppa di Francia,Quarti di finale,05.03.2026,Lione,Lens,Ospite,Lens,3-4-2-1,Panchina,3,38,Fofana R.,,,90+6',,p4JneRxq
Coppa di Francia,Quarti di finale,05.03.2026,Lione,Lens,Ospite,Lens,3-4-2-1,Panchina,4,16,Gorgelin M.,Portiere,,,,p4JneRxq
Coppa di Francia,Quarti di finale,05.03.2026,Lione,Lens,Ospite,Lens,3-4-2-1,Panchina,5,21,Haidara A.,,6.7,78',,p4JneRxq
Coppa di Francia,Quarti di finale,05.03.2026,Lione,Lens,Ospite,Lens,3-4-2-1,Panchina,6,27,Masuaku A.,,,,,p4JneRxq
Coppa di Francia,Quarti di finale,05.03.2026,Lione,Lens,Ospite,Lens,3-4-2-1,Panchina,7,22,Said W.,,,,,p4JneRxq
Coppa di Francia,Quarti di finale,05.03.2026,Lione,Lens,Ospite,Lens,3-4-2-1,Panchina,8,7,Sotoca F.,,,,,p4JneRxq
Coppa di Francia,Quarti di finale,05.03.2026,Lione,Lens,Ospite,Lens,3-4-2-1,Panchina,9,18,Sylla F.,,,,,p4JneRxq
Coppa di Francia,Semifinali,21.04.2026,Lens,Tolosa,Casa,Lens,3-4-2-1,Titolare,1,40,Risser R.,Portiere,6.2,,,KzyidZ9F
Coppa di Francia,Semifinali,21.04.2026,Lens,Tolosa,Casa,Lens,3-4-2-1,Titolare,2,25,Ganiou I.,,7.5,,,KzyidZ9F
Coppa di Francia,Semifinali,21.04.2026,Lens,Tolosa,Casa,Lens,3-4-2-1,Titolare,3,6,Baidoo S.,,5.6,,64',KzyidZ9F
Coppa di Francia,Semifinali,21.04.2026,Lens,Tolosa,Casa,Lens,3-4-2-1,Titolare,4,20,Sarr M.,,7.8,,,KzyidZ9F
Coppa di Francia,Semifinali,21.04.2026,Lens,Tolosa,Casa,Lens,3-4-2-1,Titolare,5,23,Abdulhamid S.,,8.4,,78',KzyidZ9F
Coppa di Francia,Semifinali,21.04.2026,Lens,Tolosa,Casa,Lens,3-4-2-1,Titolare,6,8,Sangare M.,,7.2,,,KzyidZ9F
Coppa di Francia,Semifinali,21.04.2026,Lens,Tolosa,Casa,Lens,3-4-2-1,Titolare,7,28,Thomasson A.,Capitano,8.1,,,KzyidZ9F
Coppa di Francia,Semifinali,21.04.2026,Lens,Tolosa,Casa,Lens,3-4-2-1,Titolare,8,14,Udol M.,,7.8,,,KzyidZ9F
Coppa di Francia,Semifinali,21.04.2026,Lens,Tolosa,Casa,Lens,3-4-2-1,Titolare,9,10,Thauvin F.,,8.6,,79',KzyidZ9F
Coppa di Francia,Semifinali,21.04.2026,Lens,Tolosa,Casa,Lens,3-4-2-1,Titolare,10,9,Saint-Maximin A.,,7.8,,64',KzyidZ9F
Coppa di Francia,Semifinali,21.04.2026,Lens,Tolosa,Casa,Lens,3-4-2-1,Titolare,11,11,Edouard O.,,6.9,,72',KzyidZ9F
Coppa di Francia,Semifinali,21.04.2026,Lens,Tolosa,Casa,Lens,3-4-2-1,Panchina,1,2,Aguilar R.,,6.4,78',,KzyidZ9F
Coppa di Francia,Semifinali,21.04.2026,Lens,Tolosa,Casa,Lens,3-4-2-1,Panchina,2,5,Bulatovic A.,,,,,KzyidZ9F
Coppa di Francia,Semifinali,21.04.2026,Lens,Tolosa,Casa,Lens,3-4-2-1,Panchina,3,38,Fofana R.,,,,,KzyidZ9F
Coppa di Francia,Semifinali,21.04.2026,Lens,Tolosa,Casa,Lens,3-4-2-1,Panchina,4,16,Gorgelin M.,Portiere,,,,KzyidZ9F
Coppa di Francia,Semifinali,21.04.2026,Lens,Tolosa,Casa,Lens,3-4-2-1,Panchina,5,21,Haidara A.,,6.4,79',,KzyidZ9F
Coppa di Francia,Semifinali,21.04.2026,Lens,Tolosa,Casa,Lens,3-4-2-1,Panchina,6,27,Masuaku A.,,6.8,64',,KzyidZ9F
Coppa di Francia,Semifinali,21.04.2026,Lens,Tolosa,Casa,Lens,3-4-2-1,Panchina,7,22,Said W.,,6.6,64',,KzyidZ9F
Coppa di Francia,Semifinali,21.04.2026,Lens,Tolosa,Casa,Lens,3-4-2-1,Panchina,8,19,Sima A.,,6.5,72',,KzyidZ9F
Coppa di Francia,Semifinali,21.04.2026,Lens,Tolosa,Casa,Lens,3-4-2-1,Panchina,9,7,Sotoca F.,,,,,KzyidZ9F
Coppa di Francia,Semifinali,21.04.2026,Lens,Tolosa,Ospite,Tolosa,3-4-2-1,Titolare,1,16,Haug K.,Portiere,6.3,,,KzyidZ9F
Coppa di Francia,Semifinali,21.04.2026,Lens,Tolosa,Ospite,Tolosa,3-4-2-1,Titolare,2,35,Koumbassa S.,,5.5,,76',KzyidZ9F
Coppa di Francia,Semifinali,21.04.2026,Lens,Tolosa,Ospite,Tolosa,3-4-2-1,Titolare,3,4,Cresswell C.,,5.7,,,KzyidZ9F
Coppa di Francia,Semifinali,21.04.2026,Lens,Tolosa,Ospite,Tolosa,3-4-2-1,Titolare,4,2,Nicolaisen R.,Capitano,6.3,,,KzyidZ9F
Coppa di Francia,Semifinali,21.04.2026,Lens,Tolosa,Ospite,Tolosa,3-4-2-1,Titolare,5,19,Sidibe D.,,6.2,,64',KzyidZ9F
Coppa di Francia,Semifinali,21.04.2026,Lens,Tolosa,Ospite,Tolosa,3-4-2-1,Titolare,6,23,Casseres C.,,6.4,,86',KzyidZ9F
Coppa di Francia,Semifinali,21.04.2026,Lens,Tolosa,Ospite,Tolosa,3-4-2-1,Titolare,7,18,Demba P.,,6.2,,64',KzyidZ9F
Coppa di Francia,Semifinali,21.04.2026,Lens,Tolosa,Ospite,Tolosa,3-4-2-1,Titolare,8,24,Methalie D.,,5.7,,,KzyidZ9F
Coppa di Francia,Semifinali,21.04.2026,Lens,Tolosa,Ospite,Tolosa,3-4-2-1,Titolare,9,15,Donnum A.,,6.2,,,KzyidZ9F
Coppa di Francia,Semifinali,21.04.2026,Lens,Tolosa,Ospite,Tolosa,3-4-2-1,Titolare,10,11,Hidalgo S.,,6.9,,76',KzyidZ9F
Coppa di Francia,Semifinali,21.04.2026,Lens,Tolosa,Ospite,Tolosa,3-4-2-1,Titolare,11,20,Emersonn,,7.2,,,KzyidZ9F
Coppa di Francia,Semifinali,21.04.2026,Lens,Tolosa,Ospite,Tolosa,3-4-2-1,Panchina,1,37,Azizi I.,,6.4,76',,KzyidZ9F
Coppa di Francia,Semifinali,21.04.2026,Lens,Tolosa,Ospite,Tolosa,3-4-2-1,Panchina,2,44,Bakhouche Piernas G.,,,,,KzyidZ9F
Coppa di Francia,Semifinali,21.04.2026,Lens,Tolosa,Ospite,Tolosa,3-4-2-1,Panchina,3,12,Kamanzi W.,,6.4,76',,KzyidZ9F
Coppa di Francia,Semifinali,21.04.2026,Lens,Tolosa,Ospite,Tolosa,3-4-2-1,Panchina,4,1,Restes G.,Portiere,,,,KzyidZ9F
Coppa di Francia,Semifinali,21.04.2026,Lens,Tolosa,Ospite,Tolosa,3-4-2-1,Panchina,5,13,Russell-Rowe J.,,6.3,64',,KzyidZ9F
Coppa di Francia,Semifinali,21.04.2026,Lens,Tolosa,Ospite,Tolosa,3-4-2-1,Panchina,6,40,Said Mchindra N.,Portiere,,,,KzyidZ9F
Coppa di Francia,Semifinali,21.04.2026,Lens,Tolosa,Ospite,Tolosa,3-4-2-1,Panchina,7,77,Sauer M.,,,86',,KzyidZ9F
Coppa di Francia,Semifinali,21.04.2026,Lens,Tolosa,Ospite,Tolosa,3-4-2-1,Panchina,8,7,Vignolo J.,,,,,KzyidZ9F
Coppa di Francia,Semifinali,21.04.2026,Lens,Tolosa,Ospite,Tolosa,3-4-2-1,Panchina,9,45,Vossah A.,,5.6,64',,KzyidZ9F
Coppa di Francia,Semifinali,22.04.2026,Strasburgo,Nizza,Casa,Strasburgo,4-2-3-1,Titolare,1,39,Penders M.,Portiere,6.4,,,jkORIym4
Coppa di Francia,Semifinali,22.04.2026,Strasburgo,Nizza,Casa,Strasburgo,4-2-3-1,Titolare,2,42,Ouattara A.,,6.8,,,jkORIym4
Coppa di Francia,Semifinali,22.04.2026,Strasburgo,Nizza,Casa,Strasburgo,4-2-3-1,Titolare,3,2,Omobamidele A.,,6.9,,88',jkORIym4
Coppa di Francia,Semifinali,22.04.2026,Strasburgo,Nizza,Casa,Strasburgo,4-2-3-1,Titolare,4,6,Doukoure I.,,5.8,,,jkORIym4
Coppa di Francia,Semifinali,22.04.2026,Strasburgo,Nizza,Casa,Strasburgo,4-2-3-1,Titolare,5,3,Chilwell B.,,6.6,,64',jkORIym4
Coppa di Francia,Semifinali,22.04.2026,Strasburgo,Nizza,Casa,Strasburgo,4-2-3-1,Titolare,6,8,Oyedele M.,,6.6,,72',jkORIym4
Coppa di Francia,Semifinali,22.04.2026,Strasburgo,Nizza,Casa,Strasburgo,4-2-3-1,Titolare,7,29,El Mourabet S.,,7.6,,,jkORIym4
Coppa di Francia,Semifinali,22.04.2026,Strasburgo,Nizza,Casa,Strasburgo,4-2-3-1,Titolare,8,7,Moreira D.,,8.1,,,jkORIym4
Coppa di Francia,Semifinali,22.04.2026,Strasburgo,Nizza,Casa,Strasburgo,4-2-3-1,Titolare,9,19,Enciso J.,,6.1,,,jkORIym4
Coppa di Francia,Semifinali,22.04.2026,Strasburgo,Nizza,Casa,Strasburgo,4-2-3-1,Titolare,10,20,Godo M.,,5.6,,,jkORIym4
Coppa di Francia,Semifinali,22.04.2026,Strasburgo,Nizza,Casa,Strasburgo,4-2-3-1,Titolare,11,10,Emegha E.,Capitano,6.2,,64',jkORIym4
Coppa di Francia,Semifinali,22.04.2026,Strasburgo,Nizza,Casa,Strasburgo,4-2-3-1,Panchina,1,27,Amo-Ameyaw S.,,6.5,72',,jkORIym4
Coppa di Francia,Semifinali,22.04.2026,Strasburgo,Nizza,Casa,Strasburgo,4-2-3-1,Panchina,2,15,Fofana D. D.,,,88',,jkORIym4
Coppa di Francia,Semifinali,22.04.2026,Strasburgo,Nizza,Casa,Strasburgo,4-2-3-1,Panchina,3,24,Hogsberg L.,,,,,jkORIym4
Coppa di Francia,Semifinali,22.04.2026,Strasburgo,Nizza,Casa,Strasburgo,4-2-3-1,Panchina,4,1,Johnsson K.,Portiere,,,,jkORIym4
Coppa di Francia,Semifinali,22.04.2026,Strasburgo,Nizza,Casa,Strasburgo,4-2-3-1,Panchina,5,83,Luis R.,,,,,jkORIym4
Coppa di Francia,Semifinali,22.04.2026,Strasburgo,Nizza,Casa,Strasburgo,4-2-3-1,Panchina,6,18,Mwanga J.,,,,,jkORIym4
Coppa di Francia,Semifinali,22.04.2026,Strasburgo,Nizza,Casa,Strasburgo,4-2-3-1,Panchina,7,11,Nanasi S.,,7.0,64',,jkORIym4
Coppa di Francia,Semifinali,22.04.2026,Strasburgo,Nizza,Casa,Strasburgo,4-2-3-1,Panchina,8,33,Sabaly I.,,,,,jkORIym4
Coppa di Francia,Semifinali,22.04.2026,Strasburgo,Nizza,Casa,Strasburgo,4-2-3-1,Panchina,9,80,Yassine G.,,6.6,64',,jkORIym4
Coppa di Francia,Semifinali,22.04.2026,Strasburgo,Nizza,Ospite,Nizza,5-4-1,Titolare,1,31,Dupe M.,Portiere,7.3,,,jkORIym4
Coppa di Francia,Semifinali,22.04.2026,Strasburgo,Nizza,Ospite,Nizza,5-4-1,Titolare,2,92,Clauss J.,,7.6,,,jkORIym4
Coppa di Francia,Semifinali,22.04.2026,Strasburgo,Nizza,Ospite,Nizza,5-4-1,Titolare,3,33,Mendy A.,,7.2,,,jkORIym4
Coppa di Francia,Semifinali,22.04.2026,Strasburgo,Nizza,Ospite,Nizza,5-4-1,Titolare,4,28,Bah J.,,5.8,,,jkORIym4
Coppa di Francia,Semifinali,22.04.2026,Strasburgo,Nizza,Ospite,Nizza,5-4-1,Titolare,5,37,Peprah K.,,6.5,,,jkORIym4
Coppa di Francia,Semifinali,22.04.2026,Strasburgo,Nizza,Ospite,Nizza,5-4-1,Titolare,6,26,Bard M.,,7.6,,,jkORIym4
Coppa di Francia,Semifinali,22.04.2026,Strasburgo,Nizza,Ospite,Nizza,5-4-1,Titolare,7,20,Louchet T.,,6.7,,59',jkORIym4
Coppa di Francia,Semifinali,22.04.2026,Strasburgo,Nizza,Ospite,Nizza,5-4-1,Titolare,8,6,Boudaoui H.,,6.2,,,jkORIym4
Coppa di Francia,Semifinali,22.04.2026,Strasburgo,Nizza,Ospite,Nizza,5-4-1,Titolare,9,99,Abdul Samed S.,,6.3,,,jkORIym4
Coppa di Francia,Semifinali,22.04.2026,Strasburgo,Nizza,Ospite,Nizza,5-4-1,Titolare,10,8,Sanson M.,Capitano,6.2,,73',jkORIym4
Coppa di Francia,Semifinali,22.04.2026,Strasburgo,Nizza,Ospite,Nizza,5-4-1,Titolare,11,11,Wahi E.,,7.8,,88',jkORIym4
Coppa di Francia,Semifinali,22.04.2026,Strasburgo,Nizza,Ospite,Nizza,5-4-1,Panchina,1,2,Abdi A.,,6.9,73',,jkORIym4
Coppa di Francia,Semifinali,22.04.2026,Strasburgo,Nizza,Ospite,Nizza,5-4-1,Panchina,2,32,Boudache K.,,,,,jkORIym4
Coppa di Francia,Semifinali,22.04.2026,Strasburgo,Nizza,Ospite,Nizza,5-4-1,Panchina,3,25,Cho M.,,6.9,59',,jkORIym4
Coppa di Francia,Semifinali,22.04.2026,Strasburgo,Nizza,Ospite,Nizza,5-4-1,Panchina,4,39,Coulibaly D.,,,,,jkORIym4
Coppa di Francia,Semifinali,22.04.2026,Strasburgo,Nizza,Ospite,Nizza,5-4-1,Panchina,5,10,Diop S.,,,,,jkORIym4
Coppa di Francia,Semifinali,22.04.2026,Strasburgo,Nizza,Ospite,Nizza,5-4-1,Panchina,6,80,Diouf Y.,Portiere,,,,jkORIym4
Coppa di Francia,Semifinali,22.04.2026,Strasburgo,Nizza,Ospite,Nizza,5-4-1,Panchina,7,90,Kevin,,,,,jkORIym4
Coppa di Francia,Semifinali,22.04.2026,Strasburgo,Nizza,Ospite,Nizza,5-4-1,Panchina,8,22,Ndombele T.,,,,,jkORIym4
Coppa di Francia,Semifinali,22.04.2026,Strasburgo,Nizza,Ospite,Nizza,5-4-1,Panchina,9,24,Vanhoutte C.,,,88',,jkORIym4
Coppa di Francia,Finale,22.05.2026,Lens,Nizza,Casa,Lens,3-4-3,Titolare,1,40,Risser R.,Portiere,7.3,,,SKrj5LdC
Coppa di Francia,Finale,22.05.2026,Lens,Nizza,Casa,Lens,3-4-3,Titolare,2,32,Antonio K.,,6.5,,,SKrj5LdC
Coppa di Francia,Finale,22.05.2026,Lens,Nizza,Casa,Lens,3-4-3,Titolare,3,25,Ganiou I.,,7.5,,,SKrj5LdC
Coppa di Francia,Finale,22.05.2026,Lens,Nizza,Casa,Lens,3-4-3,Titolare,4,20,Sarr M.,,6.8,,,SKrj5LdC
Coppa di Francia,Finale,22.05.2026,Lens,Nizza,Casa,Lens,3-4-3,Titolare,5,23,Abdulhamid S.,,6.5,,,SKrj5LdC
Coppa di Francia,Finale,22.05.2026,Lens,Nizza,Casa,Lens,3-4-3,Titolare,6,8,Sangare M.,,6.5,,,SKrj5LdC
Coppa di Francia,Finale,22.05.2026,Lens,Nizza,Casa,Lens,3-4-3,Titolare,7,28,Thomasson A.,Capitano,6.5,,,SKrj5LdC
Coppa di Francia,Finale,22.05.2026,Lens,Nizza,Casa,Lens,3-4-3,Titolare,8,14,Udol M.,,7.4,,,SKrj5LdC
Coppa di Francia,Finale,22.05.2026,Lens,Nizza,Casa,Lens,3-4-3,Titolare,9,10,Thauvin F.,,8.1,,77',SKrj5LdC
Coppa di Francia,Finale,22.05.2026,Lens,Nizza,Casa,Lens,3-4-3,Titolare,10,11,Edouard O.,,7.5,,65',SKrj5LdC
Coppa di Francia,Finale,22.05.2026,Lens,Nizza,Casa,Lens,3-4-3,Titolare,11,9,Saint-Maximin A.,,6.7,,64',SKrj5LdC
Coppa di Francia,Finale,22.05.2026,Lens,Nizza,Casa,Lens,3-4-3,Panchina,1,2,Aguilar R.,,,,,SKrj5LdC
Coppa di Francia,Finale,22.05.2026,Lens,Nizza,Casa,Lens,3-4-3,Panchina,2,5,Bulatovic A.,,,,,SKrj5LdC
Coppa di Francia,Finale,22.05.2026,Lens,Nizza,Casa,Lens,3-4-3,Panchina,3,38,Fofana R.,,,,,SKrj5LdC
Coppa di Francia,Finale,22.05.2026,Lens,Nizza,Casa,Lens,3-4-3,Panchina,4,16,Gorgelin M.,Portiere,,,,SKrj5LdC
Coppa di Francia,Finale,22.05.2026,Lens,Nizza,Casa,Lens,3-4-3,Panchina,5,21,Haidara A.,,,,,SKrj5LdC
Coppa di Francia,Finale,22.05.2026,Lens,Nizza,Casa,Lens,3-4-3,Panchina,6,27,Masuaku A.,,,,,SKrj5LdC
Coppa di Francia,Finale,22.05.2026,Lens,Nizza,Casa,Lens,3-4-3,Panchina,7,22,Said W.,,6.7,64',,SKrj5LdC
Coppa di Francia,Finale,22.05.2026,Lens,Nizza,Casa,Lens,3-4-3,Panchina,8,19,Sima A.,,7.5,65',,SKrj5LdC
Coppa di Francia,Finale,22.05.2026,Lens,Nizza,Casa,Lens,3-4-3,Panchina,9,7,Sotoca F.,,6.7,77',,SKrj5LdC
Coppa di Francia,Finale,22.05.2026,Lens,Nizza,Ospite,Nizza,3-4-2-1,Titolare,1,31,Dupe M.,Portiere,5.1,,,SKrj5LdC
Coppa di Francia,Finale,22.05.2026,Lens,Nizza,Ospite,Nizza,3-4-2-1,Titolare,2,33,Mendy A.,,6.7,,,SKrj5LdC
Coppa di Francia,Finale,22.05.2026,Lens,Nizza,Ospite,Nizza,3-4-2-1,Titolare,3,4,Dante,Capitano,5.6,,79',SKrj5LdC
Coppa di Francia,Finale,22.05.2026,Lens,Nizza,Ospite,Nizza,3-4-2-1,Titolare,4,37,Peprah K.,,7.4,,,SKrj5LdC
Coppa di Francia,Finale,22.05.2026,Lens,Nizza,Ospite,Nizza,3-4-2-1,Titolare,5,92,Clauss J.,,7.4,,,SKrj5LdC
Coppa di Francia,Finale,22.05.2026,Lens,Nizza,Ospite,Nizza,3-4-2-1,Titolare,6,39,Coulibaly D.,,6.8,,67',SKrj5LdC
Coppa di Francia,Finale,22.05.2026,Lens,Nizza,Ospite,Nizza,3-4-2-1,Titolare,7,6,Boudaoui H.,,6.2,,,SKrj5LdC
Coppa di Francia,Finale,22.05.2026,Lens,Nizza,Ospite,Nizza,3-4-2-1,Titolare,8,26,Bard M.,,6.0,,79',SKrj5LdC
Coppa di Francia,Finale,22.05.2026,Lens,Nizza,Ospite,Nizza,3-4-2-1,Titolare,9,25,Cho M.,,6.2,,66',SKrj5LdC
Coppa di Francia,Finale,22.05.2026,Lens,Nizza,Ospite,Nizza,3-4-2-1,Titolare,10,10,Diop S.,,6.9,,67',SKrj5LdC
Coppa di Francia,Finale,22.05.2026,Lens,Nizza,Ospite,Nizza,3-4-2-1,Titolare,11,11,Wahi E.,,6.4,,,SKrj5LdC
Coppa di Francia,Finale,22.05.2026,Lens,Nizza,Ospite,Nizza,3-4-2-1,Panchina,1,2,Abdi A.,,5.7,67',,SKrj5LdC
Coppa di Francia,Finale,22.05.2026,Lens,Nizza,Ospite,Nizza,3-4-2-1,Panchina,2,28,Bah J.,,,,,SKrj5LdC
Coppa di Francia,Finale,22.05.2026,Lens,Nizza,Ospite,Nizza,3-4-2-1,Panchina,3,32,Boudache K.,,6.2,66',,SKrj5LdC
Coppa di Francia,Finale,22.05.2026,Lens,Nizza,Ospite,Nizza,3-4-2-1,Panchina,4,80,Diouf Y.,Portiere,,,,SKrj5LdC
Coppa di Francia,Finale,22.05.2026,Lens,Nizza,Ospite,Nizza,3-4-2-1,Panchina,5,47,Gouveia T.,,,,,SKrj5LdC
Coppa di Francia,Finale,22.05.2026,Lens,Nizza,Ospite,Nizza,3-4-2-1,Panchina,6,90,Kevin,,6.7,79',,SKrj5LdC
Coppa di Francia,Finale,22.05.2026,Lens,Nizza,Ospite,Nizza,3-4-2-1,Panchina,7,20,Louchet T.,,6.4,79',,SKrj5LdC
Coppa di Francia,Finale,22.05.2026,Lens,Nizza,Ospite,Nizza,3-4-2-1,Panchina,8,8,Sanson M.,,6.4,67',,SKrj5LdC
Coppa di Francia,Finale,22.05.2026,Lens,Nizza,Ospite,Nizza,3-4-2-1,Panchina,9,24,Vanhoutte C.,,,,,SKrj5LdC