competizione,turno,data,squadra,club_id,nome_diretta,player_id,metodo,gruppo,numero,ruolo,id_diretta,game_id
Coppa Italia,FINALE,2026-05-13,Lazio,398,Motta E.,,,Titolare,40,Portiere,xYQFQSOk,
Coppa Italia,FINALE,2026-05-13,Lazio,398,Marusic A.,,,Titolare,77,,xYQFQSOk,
Coppa Italia,FINALE,2026-05-13,Lazio,398,Gila M.,,,Titolare,34,,xYQFQSOk,
Coppa Italia,FINALE,2026-05-13,Lazio,398,Romagnoli A.,,,Titolare,13,,xYQFQSOk,
Coppa Italia,FINALE,2026-05-13,Lazio,398,Tavares N.,,,Titolare,17,,xYQFQSOk,
Coppa Italia,FINALE,2026-05-13,Lazio,398,Basic T.,,,Titolare,26,,xYQFQSOk,
Coppa Italia,FINALE,2026-05-13,Lazio,398,Patric,,,Titolare,4,,xYQFQSOk,
Coppa Italia,FINALE,2026-05-13,Lazio,398,Taylor K.,,,Titolare,24,,xYQFQSOk,
Coppa Italia,FINALE,2026-05-13,Lazio,398,Isaksen G.,,,Titolare,18,,xYQFQSOk,
Coppa Italia,FINALE,2026-05-13,Lazio,398,Noslin T.,,,Titolare,14,,xYQFQSOk,
Coppa Italia,FINALE,2026-05-13,Lazio,398,Zaccagni M.,,,Titolare,10,Capitano,xYQFQSOk,
Coppa Italia,FINALE,2026-05-13,Lazio,398,Belahyane R.,,,Panchina,21,,xYQFQSOk,
Coppa Italia,FINALE,2026-05-13,Lazio,398,Cancellieri M.,,,Panchina,22,,xYQFQSOk,
Coppa Italia,FINALE,2026-05-13,Lazio,398,Cataldi D.,,,Panchina,32,,xYQFQSOk,
Coppa Italia,FINALE,2026-05-13,Lazio,398,Dele-Bashiru F.,,,Panchina,7,,xYQFQSOk,
Coppa Italia,FINALE,2026-05-13,Lazio,398,Dia B.,,,Panchina,19,,xYQFQSOk,
Coppa Italia,FINALE,2026-05-13,Lazio,398,Furlanetto A.,,,Panchina,55,Portiere,xYQFQSOk,
Coppa Italia,FINALE,2026-05-13,Lazio,398,Giacomone G.,,,Panchina,99,Portiere,xYQFQSOk,
Coppa Italia,FINALE,2026-05-13,Lazio,398,Hysaj E.,,,Panchina,23,,xYQFQSOk,
Coppa Italia,FINALE,2026-05-13,Lazio,398,Lazzari M.,,,Panchina,29,,xYQFQSOk,
Coppa Italia,FINALE,2026-05-13,Lazio,398,Maldini D.,,,Panchina,27,,xYQFQSOk,
Coppa Italia,FINALE,2026-05-13,Lazio,398,Pedro,,,Panchina,9,,xYQFQSOk,
Coppa Italia,FINALE,2026-05-13,Lazio,398,Pellegrini Lu.,,,Panchina,3,,xYQFQSOk,
Coppa Italia,FINALE,2026-05-13,Lazio,398,Provstgaard O.,,,Panchina,25,,xYQFQSOk,
Coppa Italia,FINALE,2026-05-13,Lazio,398,Ratkov P.,,,Panchina,20,,xYQFQSOk,
Coppa Italia,FINALE,2026-05-13,Lazio,398,Rovella N.,,,Panchina,6,,xYQFQSOk,
Coppa Italia,FINALE,2026-05-13,Inter,46,Martinez J.,,,Titolare,13,Portiere,xYQFQSOk,
Coppa Italia,FINALE,2026-05-13,Inter,46,Bisseck Y.,,,Titolare,31,,xYQFQSOk,
Coppa Italia,FINALE,2026-05-13,Inter,46,Akanji M.,,,Titolare,25,,xYQFQSOk,
Coppa Italia,FINALE,2026-05-13,Inter,46,Bastoni A.,,,Titolare,95,,xYQFQSOk,
Coppa Italia,FINALE,2026-05-13,Inter,46,Dumfries D.,,,Titolare,2,,xYQFQSOk,
Coppa Italia,FINALE,2026-05-13,Inter,46,Barella N.,,,Titolare,23,,xYQFQSOk,
Coppa Italia,FINALE,2026-05-13,Inter,46,Zielinski P.,,,Titolare,7,,xYQFQSOk,
Coppa Italia,FINALE,2026-05-13,Inter,46,Sucic P.,,,Titolare,8,,xYQFQSOk,
Coppa Italia,FINALE,2026-05-13,Inter,46,Dimarco F.,,,Titolare,32,,xYQFQSOk,
Coppa Italia,FINALE,2026-05-13,Inter,46,Thuram M.,,,Titolare,9,,xYQFQSOk,
Coppa Italia,FINALE,2026-05-13,Inter,46,Martinez L.,,,Titolare,10,Capitano,xYQFQSOk,
Coppa Italia,FINALE,2026-05-13,Inter,46,Acerbi F.,,,Panchina,15,,xYQFQSOk,
Coppa Italia,FINALE,2026-05-13,Inter,46,Bonny A.,,,Panchina,14,,xYQFQSOk,
Coppa Italia,FINALE,2026-05-13,Inter,46,Calhanoglu H.,,,Panchina,20,,xYQFQSOk,
Coppa Italia,FINALE,2026-05-13,Inter,46,Carlos Augusto,,,Panchina,30,,xYQFQSOk,
Coppa Italia,FINALE,2026-05-13,Inter,46,Cocchi M.,,,Panchina,43,,xYQFQSOk,
Coppa Italia,FINALE,2026-05-13,Inter,46,Darmian M.,,,Panchina,36,,xYQFQSOk,
Coppa Italia,FINALE,2026-05-13,Inter,46,de Vrij S.,,,Panchina,6,,xYQFQSOk,
Coppa Italia,FINALE,2026-05-13,Inter,46,Di Gennaro R.,,,Panchina,12,Portiere,xYQFQSOk,
Coppa Italia,FINALE,2026-05-13,Inter,46,Diouf A.,,,Panchina,17,,xYQFQSOk,
Coppa Italia,FINALE,2026-05-13,Inter,46,Esposito F.,,,Panchina,94,,xYQFQSOk,
Coppa Italia,FINALE,2026-05-13,Inter,46,Frattesi D.,,,Panchina,16,,xYQFQSOk,
Coppa Italia,FINALE,2026-05-13,Inter,46,Luis Henrique,,,Panchina,11,,xYQFQSOk,
Coppa Italia,FINALE,2026-05-13,Inter,46,Mkhitaryan H.,,,Panchina,22,,xYQFQSOk,
Coppa Italia,FINALE,2026-05-13,Inter,46,Mosconi M.,,,Panchina,48,,xYQFQSOk,
Coppa Italia,FINALE,2026-05-13,Inter,46,Sommer Y.,,,Panchina,1,Portiere,xYQFQSOk,
Coppa Italia,SEMI FINALI,2026-04-22,Atalanta,800,Carnesecchi M.,459763,nome,Titolare,29,Portiere,UTn2mTd2,4824556.0
Coppa Italia,SEMI FINALI,2026-04-22,Atalanta,800,Scalvini G.,571604,nome,Titolare,42,,UTn2mTd2,4824556.0
Coppa Italia,SEMI FINALI,2026-04-22,Atalanta,800,Djimsiti B.,165513,nome,Titolare,19,,UTn2mTd2,4824556.0
Coppa Italia,SEMI FINALI,2026-04-22,Atalanta,800,Kolasinac S.,94005,nome,Titolare,23,,UTn2mTd2,4824556.0
Coppa Italia,SEMI FINALI,2026-04-22,Atalanta,800,Zappacosta D.,173859,nome,Titolare,77,,UTn2mTd2,4824556.0
Coppa Italia,SEMI FINALI,2026-04-22,Atalanta,800,De Roon M.,133179,nome,Titolare,15,Capitano,UTn2mTd2,4824556.0
Coppa Italia,SEMI FINALI,2026-04-22,Atalanta,800,Ederson,607854,nome,Titolare,13,,UTn2mTd2,4824556.0
Coppa Italia,SEMI FINALI,2026-04-22,Atalanta,800,Bernasconi L.,708635,nome,Titolare,47,,UTn2mTd2,4824556.0
Coppa Italia,SEMI FINALI,2026-04-22,Atalanta,800,De Ketelaere C.,435772,nome,Titolare,17,,UTn2mTd2,4824556.0
Coppa Italia,SEMI FINALI,2026-04-22,Atalanta,800,Zalewski N.,550108,nome,Titolare,59,,UTn2mTd2,4824556.0
Coppa Italia,SEMI FINALI,2026-04-22,Atalanta,800,Krstovic N.,434433,nome,Titolare,90,,UTn2mTd2,4824556.0
Coppa Italia,SEMI FINALI,2026-04-22,Atalanta,800,Ahanor H.,1077175,nome,Panchina,69,,UTn2mTd2,4824556.0
Coppa Italia,SEMI FINALI,2026-04-22,Atalanta,800,Bakker M.,361065,nome,Panchina,5,,UTn2mTd2,4824556.0
Coppa Italia,SEMI FINALI,2026-04-22,Atalanta,800,Bellanova R.,357992,nome,Panchina,16,,UTn2mTd2,4824556.0
Coppa Italia,SEMI FINALI,2026-04-22,Atalanta,800,Kossounou O.,644771,nome,Panchina,3,,UTn2mTd2,4824556.0
Coppa Italia,SEMI FINALI,2026-04-22,Atalanta,800,Musah Y.,503991,nome,Panchina,6,,UTn2mTd2,4824556.0
Coppa Italia,SEMI FINALI,2026-04-22,Atalanta,800,Obric R.,940553,nome,Panchina,40,,UTn2mTd2,4824556.0
Coppa Italia,SEMI FINALI,2026-04-22,Atalanta,800,Pardel P.,970683,nome,Panchina,50,Portiere,UTn2mTd2,4824556.0
Coppa Italia,SEMI FINALI,2026-04-22,Atalanta,800,Pasalic M.,205938,nome,Panchina,8,,UTn2mTd2,4824556.0
Coppa Italia,SEMI FINALI,2026-04-22,Atalanta,800,Raspadori G.,405885,nome,Panchina,18,,UTn2mTd2,4824556.0
Coppa Italia,SEMI FINALI,2026-04-22,Atalanta,800,Samardzic L.,528833,nome,Panchina,10,,UTn2mTd2,4824556.0
Coppa Italia,SEMI FINALI,2026-04-22,Atalanta,800,Scamacca G.,315867,nome,Panchina,9,,UTn2mTd2,4824556.0
Coppa Italia,SEMI FINALI,2026-04-22,Atalanta,800,Sportiello M.,199976,nome,Panchina,57,Portiere,UTn2mTd2,4824556.0
Coppa Italia,SEMI FINALI,2026-04-22,Atalanta,800,Sulemana K.,746695,nome,Panchina,7,,UTn2mTd2,4824556.0
Coppa Italia,SEMI FINALI,2026-04-22,Lazio,398,Motta E.,916430,nome,Titolare,40,Portiere,UTn2mTd2,4824556.0
Coppa Italia,SEMI FINALI,2026-04-22,Lazio,398,Marusic A.,239802,nome,Titolare,77,,UTn2mTd2,4824556.0
Coppa Italia,SEMI FINALI,2026-04-22,Lazio,398,Gila M.,618341,nome,Titolare,34,,UTn2mTd2,4824556.0
Coppa Italia,SEMI FINALI,2026-04-22,Lazio,398,Romagnoli A.,197747,nome,Titolare,13,,UTn2mTd2,4824556.0
Coppa Italia,SEMI FINALI,2026-04-22,Lazio,398,Tavares N.,535955,nome,Titolare,17,,UTn2mTd2,4824556.0
Coppa Italia,SEMI FINALI,2026-04-22,Lazio,398,Basic T.,334835,nome,Titolare,26,,UTn2mTd2,4824556.0
Coppa Italia,SEMI FINALI,2026-04-22,Lazio,398,Patric,126729,nome,Titolare,4,,UTn2mTd2,4824556.0
Coppa Italia,SEMI FINALI,2026-04-22,Lazio,398,Taylor K.,470394,nome,Titolare,24,,UTn2mTd2,4824556.0
Coppa Italia,SEMI FINALI,2026-04-22,Lazio,398,Cancellieri M.,550106,nome,Titolare,22,,UTn2mTd2,4824556.0
Coppa Italia,SEMI FINALI,2026-04-22,Lazio,398,Noslin T.,457736,nome,Titolare,14,,UTn2mTd2,4824556.0
Coppa Italia,SEMI FINALI,2026-04-22,Lazio,398,Zaccagni M.,283735,nome,Titolare,10,Capitano,UTn2mTd2,4824556.0
Coppa Italia,SEMI FINALI,2026-04-22,Lazio,398,Belahyane R.,982855,nome,Panchina,21,,UTn2mTd2,4824556.0
Coppa Italia,SEMI FINALI,2026-04-22,Lazio,398,Cataldi D.,199733,nome,Panchina,32,,UTn2mTd2,4824556.0
Coppa Italia,SEMI FINALI,2026-04-22,Lazio,398,Dele-Bashiru F.,530742,nome,Panchina,7,,UTn2mTd2,4824556.0
Coppa Italia,SEMI FINALI,2026-04-22,Lazio,398,Dia B.,626913,nome,Panchina,19,,UTn2mTd2,4824556.0
Coppa Italia,SEMI FINALI,2026-04-22,Lazio,398,Giacomone G.,1320205,nome,Panchina,99,Portiere,UTn2mTd2,4824556.0
Coppa Italia,SEMI FINALI,2026-04-22,Lazio,398,Hysaj E.,200056,nome,Panchina,23,,UTn2mTd2,4824556.0
Coppa Italia,SEMI FINALI,2026-04-22,Lazio,398,Isaksen G.,462823,nome,Panchina,18,,UTn2mTd2,4824556.0
Coppa Italia,SEMI FINALI,2026-04-22,Lazio,398,Lazzari M.,331401,nome,Panchina,29,,UTn2mTd2,4824556.0
Coppa Italia,SEMI FINALI,2026-04-22,Lazio,398,Maldini D.,539134,nome,Panchina,27,,UTn2mTd2,4824556.0
Coppa Italia,SEMI FINALI,2026-04-22,Lazio,398,Pannozzo N.,1255816,nome,Panchina,72,Portiere,UTn2mTd2,4824556.0
Coppa Italia,SEMI FINALI,2026-04-22,Lazio,398,Pedro,65278,nome,Panchina,9,,UTn2mTd2,4824556.0
Coppa Italia,SEMI FINALI,2026-04-22,Lazio,398,Pellegrini Lu.,346567,nome,Panchina,3,,UTn2mTd2,4824556.0
Coppa Italia,SEMI FINALI,2026-04-22,Lazio,398,Provstgaard O.,644408,nome,Panchina,25,,UTn2mTd2,4824556.0
Coppa Italia,SEMI FINALI,2026-04-22,Lazio,398,Przyborek A.,1018395,nome,Panchina,28,,UTn2mTd2,4824556.0
Coppa Italia,SEMI FINALI,2026-04-22,Lazio,398,Ratkov P.,846254,nome,Panchina,20,,UTn2mTd2,4824556.0
Coppa Italia,SEMI FINALI,2026-04-21,Inter,46,Martinez J.,388516,nome,Titolare,13,Portiere,vyzoWyLG,4824555.0
Coppa Italia,SEMI FINALI,2026-04-21,Inter,46,Akanji M.,284730,nome,Titolare,25,,vyzoWyLG,4824555.0
Coppa Italia,SEMI FINALI,2026-04-21,Inter,46,Acerbi F.,131075,nome,Titolare,15,,vyzoWyLG,4824555.0
Coppa Italia,SEMI FINALI,2026-04-21,Inter,46,Carlos Augusto,585982,nome,Titolare,30,,vyzoWyLG,4824555.0
Coppa Italia,SEMI FINALI,2026-04-21,Inter,46,Luis Henrique,691316,nome,Titolare,11,,vyzoWyLG,4824555.0
Coppa Italia,SEMI FINALI,2026-04-21,Inter,46,Barella N.,255942,nome,Titolare,23,Capitano,vyzoWyLG,4824555.0
Coppa Italia,SEMI FINALI,2026-04-21,Inter,46,Calhanoglu H.,126414,nome,Titolare,20,,vyzoWyLG,4824555.0
Coppa Italia,SEMI FINALI,2026-04-21,Inter,46,Zielinski P.,181136,nome,Titolare,7,,vyzoWyLG,4824555.0
Coppa Italia,SEMI FINALI,2026-04-21,Inter,46,Dimarco F.,198116,nome,Titolare,32,,vyzoWyLG,4824555.0
Coppa Italia,SEMI FINALI,2026-04-21,Inter,46,Thuram M.,318528,nome,Titolare,9,,vyzoWyLG,4824555.0
Coppa Italia,SEMI FINALI,2026-04-21,Inter,46,Bonny A.,827734,nome,Titolare,14,,vyzoWyLG,4824555.0
Coppa Italia,SEMI FINALI,2026-04-21,Inter,46,Alexiou C.,898812,nome,Panchina,51,,vyzoWyLG,4824555.0
Coppa Italia,SEMI FINALI,2026-04-21,Inter,46,Bisseck Y.,441986,nome,Panchina,31,,vyzoWyLG,4824555.0
Coppa Italia,SEMI FINALI,2026-04-21,Inter,46,Darmian M.,54906,nome,Panchina,36,,vyzoWyLG,4824555.0
Coppa Italia,SEMI FINALI,2026-04-21,Inter,46,Di Gennaro R.,70580,nome,Panchina,12,Portiere,vyzoWyLG,4824555.0
Coppa Italia,SEMI FINALI,2026-04-21,Inter,46,Diouf A.,711976,nome,Panchina,17,,vyzoWyLG,4824555.0
Coppa Italia,SEMI FINALI,2026-04-21,Inter,46,Dumfries D.,321528,nome,Panchina,2,,vyzoWyLG,4824555.0
Coppa Italia,SEMI FINALI,2026-04-21,Inter,46,Esposito F.,930781,eliminazione,Panchina,94,,vyzoWyLG,4824555.0
Coppa Italia,SEMI FINALI,2026-04-21,Inter,46,Frattesi D.,394300,nome,Panchina,16,,vyzoWyLG,4824555.0
Coppa Italia,SEMI FINALI,2026-04-21,Inter,46,Mkhitaryan H.,55735,nome,Panchina,22,,vyzoWyLG,4824555.0
Coppa Italia,SEMI FINALI,2026-04-21,Inter,46,Mosconi M.,1008570,nome,Panchina,48,,vyzoWyLG,4824555.0
Coppa Italia,SEMI FINALI,2026-04-21,Inter,46,Sommer Y.,42205,nome,Panchina,1,Portiere,vyzoWyLG,4824555.0
Coppa Italia,SEMI FINALI,2026-04-21,Inter,46,Sucic P.,668207,nome,Panchina,8,,vyzoWyLG,4824555.0
Coppa Italia,SEMI FINALI,2026-04-21,Como,1047,Butez J.,290537,nome,Titolare,1,Portiere,vyzoWyLG,4824555.0
Coppa Italia,SEMI FINALI,2026-04-21,Como,1047,Ramon J.,948278,nome,Titolare,14,,vyzoWyLG,4824555.0
Coppa Italia,SEMI FINALI,2026-04-21,Como,1047,Diego Carlos,329145,nome,Titolare,34,,vyzoWyLG,4824555.0
Coppa Italia,SEMI FINALI,2026-04-21,Como,1047,Kempf M. O.,160938,nome,Titolare,2,,vyzoWyLG,4824555.0
Coppa Italia,SEMI FINALI,2026-04-21,Como,1047,Van der Brempt I.,490423,nome,Titolare,77,,vyzoWyLG,4824555.0
Coppa Italia,SEMI FINALI,2026-04-21,Como,1047,Da Cunha L.,495667,nome,Titolare,33,Capitano,vyzoWyLG,4824555.0
Coppa Italia,SEMI FINALI,2026-04-21,Como,1047,Perrone M.,668547,nome,Titolare,23,,vyzoWyLG,4824555.0
Coppa Italia,SEMI FINALI,2026-04-21,Como,1047,Valle A.,709957,nome,Titolare,3,,vyzoWyLG,4824555.0
Coppa Italia,SEMI FINALI,2026-04-21,Como,1047,Paz N.,948294,nome,Titolare,10,,vyzoWyLG,4824555.0
Coppa Italia,SEMI FINALI,2026-04-21,Como,1047,Baturina M.,580451,nome,Titolare,20,,vyzoWyLG,4824555.0
Coppa Italia,SEMI FINALI,2026-04-21,Como,1047,Douvikas A.,523318,nome,Titolare,11,,vyzoWyLG,4824555.0
Coppa Italia,SEMI FINALI,2026-04-21,Como,1047,Caqueret M.,395237,nome,Panchina,6,,vyzoWyLG,4824555.0
Coppa Italia,SEMI FINALI,2026-04-21,Como,1047,Cavlina N.,587505,nome,Panchina,44,Portiere,vyzoWyLG,4824555.0
Coppa Italia,SEMI FINALI,2026-04-21,Como,1047,De Paoli C.,1078795,nome,Panchina,56,,vyzoWyLG,4824555.0
Coppa Italia,SEMI FINALI,2026-04-21,Como,1047,Diao A.,1061282,nome,Panchina,38,,vyzoWyLG,4824555.0
Coppa Italia,SEMI FINALI,2026-04-21,Como,1047,Goldaniga E.,242940,nome,Panchina,5,,vyzoWyLG,4824555.0
Coppa Italia,SEMI FINALI,2026-04-21,Como,1047,Kuhn N.,336012,nome,Panchina,19,,vyzoWyLG,4824555.0
Coppa Italia,SEMI FINALI,2026-04-21,Como,1047,Lahdo A.,1231993,nome,Panchina,15,,vyzoWyLG,4824555.0
Coppa Italia,SEMI FINALI,2026-04-21,Como,1047,Morata A.,128223,nome,Panchina,7,,vyzoWyLG,4824555.0
Coppa Italia,SEMI FINALI,2026-04-21,Como,1047,Moreno A.,207917,nome,Panchina,18,,vyzoWyLG,4824555.0
Coppa Italia,SEMI FINALI,2026-04-21,Como,1047,Pisati S.,1206724,nome,Panchina,58,,vyzoWyLG,4824555.0
Coppa Italia,SEMI FINALI,2026-04-21,Como,1047,Rodriguez J.,1190411,nome,Panchina,17,,vyzoWyLG,4824555.0
Coppa Italia,SEMI FINALI,2026-04-21,Como,1047,Smolcic I.,571271,nome,Panchina,28,,vyzoWyLG,4824555.0
Coppa Italia,SEMI FINALI,2026-04-21,Como,1047,Tornqvist N.,730531,nome,Panchina,21,Portiere,vyzoWyLG,4824555.0
Coppa Italia,SEMI FINALI,2026-04-21,Como,1047,Vigorito M.,88595,nome,Panchina,22,Portiere,vyzoWyLG,4824555.0
Coppa Italia,SEMI FINALI,2026-03-04,Lazio,398,Provedel I.,197929,nome,Titolare,94,Portiere,M3qfkkSk,4824554.0
Coppa Italia,SEMI FINALI,2026-03-04,Lazio,398,Marusic A.,239802,nome,Titolare,77,,M3qfkkSk,4824554.0
Coppa Italia,SEMI FINALI,2026-03-04,Lazio,398,Gila M.,618341,nome,Titolare,34,,M3qfkkSk,4824554.0
Coppa Italia,SEMI FINALI,2026-03-04,Lazio,398,Romagnoli A.,197747,nome,Titolare,13,,M3qfkkSk,4824554.0
Coppa Italia,SEMI FINALI,2026-03-04,Lazio,398,Tavares N.,535955,nome,Titolare,17,,M3qfkkSk,4824554.0
Coppa Italia,SEMI FINALI,2026-03-04,Lazio,398,Dele-Bashiru F.,530742,nome,Titolare,7,,M3qfkkSk,4824554.0
Coppa Italia,SEMI FINALI,2026-03-04,Lazio,398,Cataldi D.,199733,nome,Titolare,32,,M3qfkkSk,4824554.0
Coppa Italia,SEMI FINALI,2026-03-04,Lazio,398,Taylor K.,470394,nome,Titolare,24,,M3qfkkSk,4824554.0
Coppa Italia,SEMI FINALI,2026-03-04,Lazio,398,Isaksen G.,462823,nome,Titolare,18,,M3qfkkSk,4824554.0
Coppa Italia,SEMI FINALI,2026-03-04,Lazio,398,Maldini D.,539134,nome,Titolare,27,,M3qfkkSk,4824554.0
Coppa Italia,SEMI FINALI,2026-03-04,Lazio,398,Zaccagni M.,283735,nome,Titolare,10,Capitano,M3qfkkSk,4824554.0
Coppa Italia,SEMI FINALI,2026-03-04,Lazio,398,Belahyane R.,982855,nome,Panchina,21,,M3qfkkSk,4824554.0
Coppa Italia,SEMI FINALI,2026-03-04,Lazio,398,Cancellieri M.,550106,nome,Panchina,22,,M3qfkkSk,4824554.0
Coppa Italia,SEMI FINALI,2026-03-04,Lazio,398,Dia B.,626913,nome,Panchina,19,,M3qfkkSk,4824554.0
Coppa Italia,SEMI FINALI,2026-03-04,Lazio,398,Furlanetto A.,538079,nome,Panchina,55,Portiere,M3qfkkSk,4824554.0
Coppa Italia,SEMI FINALI,2026-03-04,Lazio,398,Hysaj E.,200056,nome,Panchina,23,,M3qfkkSk,4824554.0
Coppa Italia,SEMI FINALI,2026-03-04,Lazio,398,Lazzari M.,331401,nome,Panchina,29,,M3qfkkSk,4824554.0
Coppa Italia,SEMI FINALI,2026-03-04,Lazio,398,Motta E.,916430,nome,Panchina,40,Portiere,M3qfkkSk,4824554.0
Coppa Italia,SEMI FINALI,2026-03-04,Lazio,398,Noslin T.,457736,nome,Panchina,14,,M3qfkkSk,4824554.0
Coppa Italia,SEMI FINALI,2026-03-04,Lazio,398,Patric,126729,nome,Panchina,4,,M3qfkkSk,4824554.0
Coppa Italia,SEMI FINALI,2026-03-04,Lazio,398,Pedro,65278,nome,Panchina,9,,M3qfkkSk,4824554.0
Coppa Italia,SEMI FINALI,2026-03-04,Lazio,398,Pellegrini Lu.,346567,nome,Panchina,3,,M3qfkkSk,4824554.0
Coppa Italia,SEMI FINALI,2026-03-04,Lazio,398,Provstgaard O.,644408,nome,Panchina,25,,M3qfkkSk,4824554.0
Coppa Italia,SEMI FINALI,2026-03-04,Lazio,398,Przyborek A.,1018395,nome,Panchina,28,,M3qfkkSk,4824554.0
Coppa Italia,SEMI FINALI,2026-03-04,Lazio,398,Ratkov P.,846254,nome,Panchina,20,,M3qfkkSk,4824554.0
Coppa Italia,SEMI FINALI,2026-03-04,Atalanta,800,Carnesecchi M.,459763,nome,Titolare,29,Portiere,M3qfkkSk,4824554.0
Coppa Italia,SEMI FINALI,2026-03-04,Atalanta,800,Scalvini G.,571604,nome,Titolare,42,,M3qfkkSk,4824554.0
Coppa Italia,SEMI FINALI,2026-03-04,Atalanta,800,Hien I.,503075,nome,Titolare,4,,M3qfkkSk,4824554.0
Coppa Italia,SEMI FINALI,2026-03-04,Atalanta,800,Kolasinac S.,94005,nome,Titolare,23,,M3qfkkSk,4824554.0
Coppa Italia,SEMI FINALI,2026-03-04,Atalanta,800,Zappacosta D.,173859,nome,Titolare,77,,M3qfkkSk,4824554.0
Coppa Italia,SEMI FINALI,2026-03-04,Atalanta,800,De Roon M.,133179,nome,Titolare,15,Capitano,M3qfkkSk,4824554.0
Coppa Italia,SEMI FINALI,2026-03-04,Atalanta,800,Pasalic M.,205938,nome,Titolare,8,,M3qfkkSk,4824554.0
Coppa Italia,SEMI FINALI,2026-03-04,Atalanta,800,Bernasconi L.,708635,nome,Titolare,47,,M3qfkkSk,4824554.0
Coppa Italia,SEMI FINALI,2026-03-04,Atalanta,800,Samardzic L.,528833,nome,Titolare,10,,M3qfkkSk,4824554.0
Coppa Italia,SEMI FINALI,2026-03-04,Atalanta,800,Zalewski N.,550108,nome,Titolare,59,,M3qfkkSk,4824554.0
Coppa Italia,SEMI FINALI,2026-03-04,Atalanta,800,Krstovic N.,434433,nome,Titolare,90,,M3qfkkSk,4824554.0
Coppa Italia,SEMI FINALI,2026-03-04,Atalanta,800,Ahanor H.,1077175,nome,Panchina,69,,M3qfkkSk,4824554.0
Coppa Italia,SEMI FINALI,2026-03-04,Atalanta,800,Bakker M.,361065,nome,Panchina,5,,M3qfkkSk,4824554.0
Coppa Italia,SEMI FINALI,2026-03-04,Atalanta,800,Bellanova R.,357992,nome,Panchina,16,,M3qfkkSk,4824554.0
Coppa Italia,SEMI FINALI,2026-03-04,Atalanta,800,Djimsiti B.,165513,nome,Panchina,19,,M3qfkkSk,4824554.0
Coppa Italia,SEMI FINALI,2026-03-04,Atalanta,800,Kossounou O.,644771,nome,Panchina,3,,M3qfkkSk,4824554.0
Coppa Italia,SEMI FINALI,2026-03-04,Atalanta,800,Musah Y.,503991,nome,Panchina,6,,M3qfkkSk,4824554.0
Coppa Italia,SEMI FINALI,2026-03-04,Atalanta,800,Rossi F.,126634,nome,Panchina,31,Portiere,M3qfkkSk,4824554.0
Coppa Italia,SEMI FINALI,2026-03-04,Atalanta,800,Scamacca G.,315867,nome,Panchina,9,,M3qfkkSk,4824554.0
Coppa Italia,SEMI FINALI,2026-03-04,Atalanta,800,Sportiello M.,199976,nome,Panchina,57,Portiere,M3qfkkSk,4824554.0
Coppa Italia,SEMI FINALI,2026-03-04,Atalanta,800,Sulemana K.,746695,nome,Panchina,7,,M3qfkkSk,4824554.0
Coppa Italia,SEMI FINALI,2026-03-04,Atalanta,800,Vavassori D.,936739,nome,Panchina,45,,M3qfkkSk,4824554.0
Coppa Italia,SEMI FINALI,2026-03-03,Como,1047,Butez J.,290537,nome,Titolare,1,Portiere,WAWxYcj4,4824553.0
Coppa Italia,SEMI FINALI,2026-03-03,Como,1047,Smolcic I.,571271,nome,Titolare,28,,WAWxYcj4,4824553.0
Coppa Italia,SEMI FINALI,2026-03-03,Como,1047,Ramon J.,948278,nome,Titolare,14,,WAWxYcj4,4824553.0
Coppa Italia,SEMI FINALI,2026-03-03,Como,1047,Diego Carlos,329145,nome,Titolare,34,,WAWxYcj4,4824553.0
Coppa Italia,SEMI FINALI,2026-03-03,Como,1047,Valle A.,709957,nome,Titolare,3,,WAWxYcj4,4824553.0
Coppa Italia,SEMI FINALI,2026-03-03,Como,1047,Caqueret M.,395237,nome,Titolare,6,,WAWxYcj4,4824553.0
Coppa Italia,SEMI FINALI,2026-03-03,Como,1047,Perrone M.,668547,nome,Titolare,23,,WAWxYcj4,4824553.0
Coppa Italia,SEMI FINALI,2026-03-03,Como,1047,Roberto S.,85370,nome,Titolare,8,,WAWxYcj4,4824553.0
Coppa Italia,SEMI FINALI,2026-03-03,Como,1047,Vojvoda M.,336125,nome,Titolare,31,,WAWxYcj4,4824553.0
Coppa Italia,SEMI FINALI,2026-03-03,Como,1047,Paz N.,948294,nome,Titolare,10,,WAWxYcj4,4824553.0
Coppa Italia,SEMI FINALI,2026-03-03,Como,1047,Da Cunha L.,495667,nome,Titolare,33,Capitano,WAWxYcj4,4824553.0
Coppa Italia,SEMI FINALI,2026-03-03,Como,1047,Baturina M.,580451,nome,Panchina,20,,WAWxYcj4,4824553.0
Coppa Italia,SEMI FINALI,2026-03-03,Como,1047,Cavlina N.,587505,nome,Panchina,44,Portiere,WAWxYcj4,4824553.0
Coppa Italia,SEMI FINALI,2026-03-03,Como,1047,Diao A.,1061282,nome,Panchina,38,,WAWxYcj4,4824553.0
Coppa Italia,SEMI FINALI,2026-03-03,Como,1047,Douvikas A.,523318,nome,Panchina,11,,WAWxYcj4,4824553.0
Coppa Italia,SEMI FINALI,2026-03-03,Como,1047,Goldaniga E.,242940,nome,Panchina,5,,WAWxYcj4,4824553.0
Coppa Italia,SEMI FINALI,2026-03-03,Como,1047,Kuhn N.,336012,nome,Panchina,19,,WAWxYcj4,4824553.0
Coppa Italia,SEMI FINALI,2026-03-03,Como,1047,Lahdo A.,1231993,nome,Panchina,15,,WAWxYcj4,4824553.0
Coppa Italia,SEMI FINALI,2026-03-03,Como,1047,Morata A.,128223,nome,Panchina,7,,WAWxYcj4,4824553.0
Coppa Italia,SEMI FINALI,2026-03-03,Como,1047,Moreno A.,207917,nome,Panchina,18,,WAWxYcj4,4824553.0
Coppa Italia,SEMI FINALI,2026-03-03,Como,1047,Rodriguez J.,1190411,nome,Panchina,17,,WAWxYcj4,4824553.0
Coppa Italia,SEMI FINALI,2026-03-03,Como,1047,Tornqvist N.,730531,nome,Panchina,21,Portiere,WAWxYcj4,4824553.0
Coppa Italia,SEMI FINALI,2026-03-03,Como,1047,Van der Brempt I.,490423,nome,Panchina,77,,WAWxYcj4,4824553.0
Coppa Italia,SEMI FINALI,2026-03-03,Como,1047,Vigorito M.,88595,nome,Panchina,22,Portiere,WAWxYcj4,4824553.0
Coppa Italia,SEMI FINALI,2026-03-03,Inter,46,Martinez J.,388516,nome,Titolare,13,Portiere,WAWxYcj4,4824553.0
Coppa Italia,SEMI FINALI,2026-03-03,Inter,46,Bisseck Y.,441986,nome,Titolare,31,,WAWxYcj4,4824553.0
Coppa Italia,SEMI FINALI,2026-03-03,Inter,46,Acerbi F.,131075,nome,Titolare,15,,WAWxYcj4,4824553.0
Coppa Italia,SEMI FINALI,2026-03-03,Inter,46,Bastoni A.,315853,nome,Titolare,95,Capitano,WAWxYcj4,4824553.0
Coppa Italia,SEMI FINALI,2026-03-03,Inter,46,Darmian M.,54906,nome,Titolare,36,,WAWxYcj4,4824553.0
Coppa Italia,SEMI FINALI,2026-03-03,Inter,46,Sucic P.,668207,nome,Titolare,8,,WAWxYcj4,4824553.0
Coppa Italia,SEMI FINALI,2026-03-03,Inter,46,Calhanoglu H.,126414,nome,Titolare,20,,WAWxYcj4,4824553.0
Coppa Italia,SEMI FINALI,2026-03-03,Inter,46,Carlos Augusto,585982,nome,Titolare,30,,WAWxYcj4,4824553.0
Coppa Italia,SEMI FINALI,2026-03-03,Inter,46,Diouf A.,711976,nome,Titolare,17,,WAWxYcj4,4824553.0
Coppa Italia,SEMI FINALI,2026-03-03,Inter,46,Frattesi D.,394300,nome,Titolare,16,,WAWxYcj4,4824553.0
Coppa Italia,SEMI FINALI,2026-03-03,Inter,46,Esposito F.,930781,eliminazione,Titolare,94,,WAWxYcj4,4824553.0
Coppa Italia,SEMI FINALI,2026-03-03,Inter,46,Akanji M.,284730,nome,Panchina,25,,WAWxYcj4,4824553.0
Coppa Italia,SEMI FINALI,2026-03-03,Inter,46,Barella N.,255942,nome,Panchina,23,,WAWxYcj4,4824553.0
Coppa Italia,SEMI FINALI,2026-03-03,Inter,46,de Vrij S.,111196,nome,Panchina,6,,WAWxYcj4,4824553.0
Coppa Italia,SEMI FINALI,2026-03-03,Inter,46,Di Gennaro R.,70580,nome,Panchina,12,Portiere,WAWxYcj4,4824553.0
Coppa Italia,SEMI FINALI,2026-03-03,Inter,46,Dimarco F.,198116,nome,Panchina,32,,WAWxYcj4,4824553.0
Coppa Italia,SEMI FINALI,2026-03-03,Inter,46,Dumfries D.,321528,nome,Panchina,2,,WAWxYcj4,4824553.0
Coppa Italia,SEMI FINALI,2026-03-03,Inter,46,Lavelli M.,972475,nome,Panchina,53,,WAWxYcj4,4824553.0
Coppa Italia,SEMI FINALI,2026-03-03,Inter,46,Luis Henrique,691316,nome,Panchina,11,,WAWxYcj4,4824553.0
Coppa Italia,SEMI FINALI,2026-03-03,Inter,46,Mkhitaryan H.,55735,nome,Panchina,22,,WAWxYcj4,4824553.0
Coppa Italia,SEMI FINALI,2026-03-03,Inter,46,Sommer Y.,42205,nome,Panchina,1,Portiere,WAWxYcj4,4824553.0
Coppa Italia,SEMI FINALI,2026-03-03,Inter,46,Thuram M.,318528,nome,Panchina,9,,WAWxYcj4,4824553.0
Coppa Italia,SEMI FINALI,2026-03-03,Inter,46,Zielinski P.,181136,nome,Panchina,7,,WAWxYcj4,4824553.0
Coppa Italia,QUARTI DI FINALE,2026-02-11,Bologna,1025,Skorupski L.,80894,nome,Titolare,1,Portiere,0KKE2Vjf,4785784.0
Coppa Italia,QUARTI DI FINALE,2026-02-11,Bologna,1025,Zortea N.,392966,nome,Titolare,20,,0KKE2Vjf,4785784.0
Coppa Italia,QUARTI DI FINALE,2026-02-11,Bologna,1025,Vitik M.,652054,nome,Titolare,41,,0KKE2Vjf,4785784.0
Coppa Italia,QUARTI DI FINALE,2026-02-11,Bologna,1025,Lucumi J.,413565,nome,Titolare,26,,0KKE2Vjf,4785784.0
Coppa Italia,QUARTI DI FINALE,2026-02-11,Bologna,1025,Miranda J.,341227,nome,Titolare,33,,0KKE2Vjf,4785784.0
Coppa Italia,QUARTI DI FINALE,2026-02-11,Bologna,1025,Moro N.,316934,nome,Titolare,6,,0KKE2Vjf,4785784.0
Coppa Italia,QUARTI DI FINALE,2026-02-11,Bologna,1025,Ferguson L.,428563,nome,Titolare,19,Capitano,0KKE2Vjf,4785784.0
Coppa Italia,QUARTI DI FINALE,2026-02-11,Bologna,1025,Orsolini R.,368482,nome,Titolare,7,,0KKE2Vjf,4785784.0
Coppa Italia,QUARTI DI FINALE,2026-02-11,Bologna,1025,Odgaard J.,345590,nome,Titolare,21,,0KKE2Vjf,4785784.0
Coppa Italia,QUARTI DI FINALE,2026-02-11,Bologna,1025,Cambiaghi N.,459151,nome,Titolare,28,,0KKE2Vjf,4785784.0
Coppa Italia,QUARTI DI FINALE,2026-02-11,Bologna,1025,Castro S.,849520,nome,Titolare,9,,0KKE2Vjf,4785784.0
Coppa Italia,QUARTI DI FINALE,2026-02-11,Bologna,1025,Bernardeschi F.,197300,nome,Panchina,10,,0KKE2Vjf,4785784.0
Coppa Italia,QUARTI DI FINALE,2026-02-11,Bologna,1025,Casale N.,389837,nome,Panchina,16,,0KKE2Vjf,4785784.0
Coppa Italia,QUARTI DI FINALE,2026-02-11,Bologna,1025,Dallinga T.,538964,nome,Panchina,24,,0KKE2Vjf,4785784.0
Coppa Italia,QUARTI DI FINALE,2026-02-11,Bologna,1025,Dominguez B.,961022,nome,Panchina,30,,0KKE2Vjf,4785784.0
Coppa Italia,QUARTI DI FINALE,2026-02-11,Bologna,1025,Fauske Helland E.,1129198,eliminazione,Panchina,5,,0KKE2Vjf,4785784.0
Coppa Italia,QUARTI DI FINALE,2026-02-11,Bologna,1025,Freuler R.,148252,nome,Panchina,8,,0KKE2Vjf,4785784.0
Coppa Italia,QUARTI DI FINALE,2026-02-11,Bologna,1025,Joao Mario,537602,nome,Panchina,17,,0KKE2Vjf,4785784.0
Coppa Italia,QUARTI DI FINALE,2026-02-11,Bologna,1025,Pessina M.,992569,nome,Panchina,25,Portiere,0KKE2Vjf,4785784.0
Coppa Italia,QUARTI DI FINALE,2026-02-11,Bologna,1025,Pobega T.,392538,nome,Panchina,4,,0KKE2Vjf,4785784.0
Coppa Italia,QUARTI DI FINALE,2026-02-11,Bologna,1025,Ravaglia F.,390304,nome,Panchina,13,Portiere,0KKE2Vjf,4785784.0
Coppa Italia,QUARTI DI FINALE,2026-02-11,Bologna,1025,Rowe J.,672381,nome,Panchina,11,,0KKE2Vjf,4785784.0
Coppa Italia,QUARTI DI FINALE,2026-02-11,Bologna,1025,Sohm S.,507486,nome,Panchina,23,,0KKE2Vjf,4785784.0
Coppa Italia,QUARTI DI FINALE,2026-02-11,Lazio,398,Provedel I.,197929,nome,Titolare,94,Portiere,0KKE2Vjf,4785784.0
Coppa Italia,QUARTI DI FINALE,2026-02-11,Lazio,398,Marusic A.,239802,nome,Titolare,77,Capitano,0KKE2Vjf,4785784.0
Coppa Italia,QUARTI DI FINALE,2026-02-11,Lazio,398,Gila M.,618341,nome,Titolare,34,,0KKE2Vjf,4785784.0
Coppa Italia,QUARTI DI FINALE,2026-02-11,Lazio,398,Romagnoli A.,197747,nome,Titolare,13,,0KKE2Vjf,4785784.0
Coppa Italia,QUARTI DI FINALE,2026-02-11,Lazio,398,Pellegrini Lu.,346567,nome,Titolare,3,,0KKE2Vjf,4785784.0
Coppa Italia,QUARTI DI FINALE,2026-02-11,Lazio,398,Dele-Bashiru F.,530742,nome,Titolare,7,,0KKE2Vjf,4785784.0
Coppa Italia,QUARTI DI FINALE,2026-02-11,Lazio,398,Rovella N.,525704,nome,Titolare,6,,0KKE2Vjf,4785784.0
Coppa Italia,QUARTI DI FINALE,2026-02-11,Lazio,398,Taylor K.,470394,nome,Titolare,24,,0KKE2Vjf,4785784.0
Coppa Italia,QUARTI DI FINALE,2026-02-11,Lazio,398,Isaksen G.,462823,nome,Titolare,18,,0KKE2Vjf,4785784.0
Coppa Italia,QUARTI DI FINALE,2026-02-11,Lazio,398,Maldini D.,539134,nome,Titolare,27,,0KKE2Vjf,4785784.0
Coppa Italia,QUARTI DI FINALE,2026-02-11,Lazio,398,Pedro,65278,nome,Titolare,9,,0KKE2Vjf,4785784.0
Coppa Italia,QUARTI DI FINALE,2026-02-11,Lazio,398,Basic T.,334835,nome,Panchina,26,,0KKE2Vjf,4785784.0
Coppa Italia,QUARTI DI FINALE,2026-02-11,Lazio,398,Belahyane R.,982855,nome,Panchina,21,,0KKE2Vjf,4785784.0
Coppa Italia,QUARTI DI FINALE,2026-02-11,Lazio,398,Cancellieri M.,550106,nome,Panchina,22,,0KKE2Vjf,4785784.0
Coppa Italia,QUARTI DI FINALE,2026-02-11,Lazio,398,Cataldi D.,199733,nome,Panchina,32,,0KKE2Vjf,4785784.0
Coppa Italia,QUARTI DI FINALE,2026-02-11,Lazio,398,Dia B.,626913,nome,Panchina,19,,0KKE2Vjf,4785784.0
Coppa Italia,QUARTI DI FINALE,2026-02-11,Lazio,398,Furlanetto A.,538079,nome,Panchina,55,Portiere,0KKE2Vjf,4785784.0
Coppa Italia,QUARTI DI FINALE,2026-02-11,Lazio,398,Hysaj E.,200056,nome,Panchina,23,,0KKE2Vjf,4785784.0
Coppa Italia,QUARTI DI FINALE,2026-02-11,Lazio,398,Motta E.,916430,nome,Panchina,40,Portiere,0KKE2Vjf,4785784.0
Coppa Italia,QUARTI DI FINALE,2026-02-11,Lazio,398,Noslin T.,457736,nome,Panchina,14,,0KKE2Vjf,4785784.0
Coppa Italia,QUARTI DI FINALE,2026-02-11,Lazio,398,Patric,126729,nome,Panchina,4,,0KKE2Vjf,4785784.0
Coppa Italia,QUARTI DI FINALE,2026-02-11,Lazio,398,Provstgaard O.,644408,nome,Panchina,25,,0KKE2Vjf,4785784.0
Coppa Italia,QUARTI DI FINALE,2026-02-11,Lazio,398,Przyborek A.,1018395,nome,Panchina,28,,0KKE2Vjf,4785784.0
Coppa Italia,QUARTI DI FINALE,2026-02-11,Lazio,398,Ratkov P.,846254,nome,Panchina,20,,0KKE2Vjf,4785784.0
Coppa Italia,QUARTI DI FINALE,2026-02-11,Lazio,398,Tavares N.,535955,nome,Panchina,17,,0KKE2Vjf,4785784.0
Coppa Italia,QUARTI DI FINALE,2026-02-10,Napoli,6195,Milinkovic-Savic V.,257474,nome,Titolare,32,Portiere,jHoo92Bk,4785787.0
Coppa Italia,QUARTI DI FINALE,2026-02-10,Napoli,6195,Beukema S.,433984,nome,Titolare,31,,jHoo92Bk,4785787.0
Coppa Italia,QUARTI DI FINALE,2026-02-10,Napoli,6195,Rrahmani A.,257732,nome,Titolare,13,,jHoo92Bk,4785787.0
Coppa Italia,QUARTI DI FINALE,2026-02-10,Napoli,6195,Juan Jesus,121985,nome,Titolare,5,,jHoo92Bk,4785787.0
Coppa Italia,QUARTI DI FINALE,2026-02-10,Napoli,6195,Mazzocchi P.,250153,nome,Titolare,30,,jHoo92Bk,4785787.0
Coppa Italia,QUARTI DI FINALE,2026-02-10,Napoli,6195,Elmas E.,400489,nome,Titolare,20,,jHoo92Bk,4785787.0
Coppa Italia,QUARTI DI FINALE,2026-02-10,Napoli,6195,Lobotka S.,192735,nome,Titolare,68,Capitano,jHoo92Bk,4785787.0
Coppa Italia,QUARTI DI FINALE,2026-02-10,Napoli,6195,Olivera M.,376514,nome,Titolare,17,,jHoo92Bk,4785787.0
Coppa Italia,QUARTI DI FINALE,2026-02-10,Napoli,6195,Giovane,1005165,nome,Titolare,23,,jHoo92Bk,4785787.0
Coppa Italia,QUARTI DI FINALE,2026-02-10,Napoli,6195,Vergara A.,703245,nome,Titolare,26,,jHoo92Bk,4785787.0
Coppa Italia,QUARTI DI FINALE,2026-02-10,Napoli,6195,Hojlund R.,610442,nome,Titolare,19,,jHoo92Bk,4785787.0
Coppa Italia,QUARTI DI FINALE,2026-02-10,Napoli,6195,Alisson Santos,830365,nome,Panchina,27,,jHoo92Bk,4785787.0
Coppa Italia,QUARTI DI FINALE,2026-02-10,Napoli,6195,Buongiorno A.,386446,nome,Panchina,4,,jHoo92Bk,4785787.0
Coppa Italia,QUARTI DI FINALE,2026-02-10,Napoli,6195,Contini N.,250683,nome,Panchina,14,Portiere,jHoo92Bk,4785787.0
Coppa Italia,QUARTI DI FINALE,2026-02-10,Napoli,6195,De Chiara E.,979361,nome,Panchina,98,,jHoo92Bk,4785787.0
Coppa Italia,QUARTI DI FINALE,2026-02-10,Napoli,6195,Gutierrez M.,525299,nome,Panchina,3,,jHoo92Bk,4785787.0
Coppa Italia,QUARTI DI FINALE,2026-02-10,Napoli,6195,Lukaku R.,96341,nome,Panchina,9,,jHoo92Bk,4785787.0
Coppa Italia,QUARTI DI FINALE,2026-02-10,Napoli,6195,Meret A.,240414,nome,Panchina,1,Portiere,jHoo92Bk,4785787.0
Coppa Italia,QUARTI DI FINALE,2026-02-10,Napoli,6195,Politano M.,165895,nome,Panchina,21,,jHoo92Bk,4785787.0
Coppa Italia,QUARTI DI FINALE,2026-02-10,Napoli,6195,Prisco V.,1132043,nome,Panchina,95,,jHoo92Bk,4785787.0
Coppa Italia,QUARTI DI FINALE,2026-02-10,Napoli,6195,Spinazzola L.,118689,nome,Panchina,37,,jHoo92Bk,4785787.0
Coppa Italia,QUARTI DI FINALE,2026-02-10,Como,1047,Butez J.,290537,nome,Titolare,1,Portiere,jHoo92Bk,4785787.0
Coppa Italia,QUARTI DI FINALE,2026-02-10,Como,1047,Smolcic I.,571271,nome,Titolare,28,,jHoo92Bk,4785787.0
Coppa Italia,QUARTI DI FINALE,2026-02-10,Como,1047,Ramon J.,948278,nome,Titolare,14,,jHoo92Bk,4785787.0
Coppa Italia,QUARTI DI FINALE,2026-02-10,Como,1047,Diego Carlos,329145,nome,Titolare,34,,jHoo92Bk,4785787.0
Coppa Italia,QUARTI DI FINALE,2026-02-10,Como,1047,Valle A.,709957,nome,Titolare,3,,jHoo92Bk,4785787.0
Coppa Italia,QUARTI DI FINALE,2026-02-10,Como,1047,Perrone M.,668547,nome,Titolare,23,,jHoo92Bk,4785787.0
Coppa Italia,QUARTI DI FINALE,2026-02-10,Como,1047,Roberto S.,85370,nome,Titolare,8,Capitano,jHoo92Bk,4785787.0
Coppa Italia,QUARTI DI FINALE,2026-02-10,Como,1047,Addai J.,747720,nome,Titolare,42,,jHoo92Bk,4785787.0
Coppa Italia,QUARTI DI FINALE,2026-02-10,Como,1047,Paz N.,948294,nome,Titolare,10,,jHoo92Bk,4785787.0
Coppa Italia,QUARTI DI FINALE,2026-02-10,Como,1047,Baturina M.,580451,nome,Titolare,20,,jHoo92Bk,4785787.0
Coppa Italia,QUARTI DI FINALE,2026-02-10,Como,1047,Caqueret M.,395237,nome,Titolare,6,,jHoo92Bk,4785787.0
Coppa Italia,QUARTI DI FINALE,2026-02-10,Como,1047,Da Cunha L.,495667,nome,Panchina,33,,jHoo92Bk,4785787.0
Coppa Italia,QUARTI DI FINALE,2026-02-10,Como,1047,Douvikas A.,523318,nome,Panchina,11,,jHoo92Bk,4785787.0
Coppa Italia,QUARTI DI FINALE,2026-02-10,Como,1047,Kempf M. O.,160938,nome,Panchina,2,,jHoo92Bk,4785787.0
Coppa Italia,QUARTI DI FINALE,2026-02-10,Como,1047,Kuhn N.,336012,nome,Panchina,19,,jHoo92Bk,4785787.0
Coppa Italia,QUARTI DI FINALE,2026-02-10,Como,1047,Lahdo A.,1231993,nome,Panchina,15,,jHoo92Bk,4785787.0
Coppa Italia,QUARTI DI FINALE,2026-02-10,Como,1047,Morata A.,128223,nome,Panchina,7,,jHoo92Bk,4785787.0
Coppa Italia,QUARTI DI FINALE,2026-02-10,Como,1047,Moreno A.,207917,nome,Panchina,18,,jHoo92Bk,4785787.0
Coppa Italia,QUARTI DI FINALE,2026-02-10,Como,1047,Pisati S.,1206724,nome,Panchina,58,,jHoo92Bk,4785787.0
Coppa Italia,QUARTI DI FINALE,2026-02-10,Como,1047,Rodriguez J.,1190411,nome,Panchina,17,,jHoo92Bk,4785787.0
Coppa Italia,QUARTI DI FINALE,2026-02-10,Como,1047,Tornqvist N.,730531,nome,Panchina,21,Portiere,jHoo92Bk,4785787.0
Coppa Italia,QUARTI DI FINALE,2026-02-10,Como,1047,Van der Brempt I.,490423,nome,Panchina,77,,jHoo92Bk,4785787.0
Coppa Italia,QUARTI DI FINALE,2026-02-10,Como,1047,Vigorito M.,88595,nome,Panchina,22,Portiere,jHoo92Bk,4785787.0
Coppa Italia,QUARTI DI FINALE,2026-02-10,Como,1047,Vojvoda M.,336125,nome,Panchina,31,,jHoo92Bk,4785787.0
Coppa Italia,QUARTI DI FINALE,2026-02-05,Atalanta,800,Carnesecchi M.,459763,nome,Titolare,29,Portiere,baWtW3x9,4785785.0
Coppa Italia,QUARTI DI FINALE,2026-02-05,Atalanta,800,Scalvini G.,571604,nome,Titolare,42,,baWtW3x9,4785785.0
Coppa Italia,QUARTI DI FINALE,2026-02-05,Atalanta,800,Djimsiti B.,165513,nome,Titolare,19,,baWtW3x9,4785785.0
Coppa Italia,QUARTI DI FINALE,2026-02-05,Atalanta,800,Ahanor H.,1077175,nome,Titolare,69,,baWtW3x9,4785785.0
Coppa Italia,QUARTI DI FINALE,2026-02-05,Atalanta,800,Zappacosta D.,173859,nome,Titolare,77,,baWtW3x9,4785785.0
Coppa Italia,QUARTI DI FINALE,2026-02-05,Atalanta,800,De Roon M.,133179,nome,Titolare,15,Capitano,baWtW3x9,4785785.0
Coppa Italia,QUARTI DI FINALE,2026-02-05,Atalanta,800,Ederson,607854,nome,Titolare,13,,baWtW3x9,4785785.0
Coppa Italia,QUARTI DI FINALE,2026-02-05,Atalanta,800,Bernasconi L.,708635,nome,Titolare,47,,baWtW3x9,4785785.0
Coppa Italia,QUARTI DI FINALE,2026-02-05,Atalanta,800,De Ketelaere C.,435772,nome,Titolare,17,,baWtW3x9,4785785.0
Coppa Italia,QUARTI DI FINALE,2026-02-05,Atalanta,800,Raspadori G.,405885,nome,Titolare,18,,baWtW3x9,4785785.0
Coppa Italia,QUARTI DI FINALE,2026-02-05,Atalanta,800,Scamacca G.,315867,nome,Titolare,9,,baWtW3x9,4785785.0
Coppa Italia,QUARTI DI FINALE,2026-02-05,Atalanta,800,Bakker M.,361065,nome,Panchina,5,,baWtW3x9,4785785.0
Coppa Italia,QUARTI DI FINALE,2026-02-05,Atalanta,800,Bellanova R.,357992,nome,Panchina,16,,baWtW3x9,4785785.0
Coppa Italia,QUARTI DI FINALE,2026-02-05,Atalanta,800,Hien I.,503075,nome,Panchina,4,,baWtW3x9,4785785.0
Coppa Italia,QUARTI DI FINALE,2026-02-05,Atalanta,800,Kolasinac S.,94005,nome,Panchina,23,,baWtW3x9,4785785.0
Coppa Italia,QUARTI DI FINALE,2026-02-05,Atalanta,800,Kossounou O.,644771,nome,Panchina,3,,baWtW3x9,4785785.0
Coppa Italia,QUARTI DI FINALE,2026-02-05,Atalanta,800,Krstovic N.,434433,nome,Panchina,90,,baWtW3x9,4785785.0
Coppa Italia,QUARTI DI FINALE,2026-02-05,Atalanta,800,Musah Y.,503991,nome,Panchina,6,,baWtW3x9,4785785.0
Coppa Italia,QUARTI DI FINALE,2026-02-05,Atalanta,800,Pasalic M.,205938,nome,Panchina,8,,baWtW3x9,4785785.0
Coppa Italia,QUARTI DI FINALE,2026-02-05,Atalanta,800,Rossi F.,126634,nome,Panchina,31,Portiere,baWtW3x9,4785785.0
Coppa Italia,QUARTI DI FINALE,2026-02-05,Atalanta,800,Samardzic L.,528833,nome,Panchina,10,,baWtW3x9,4785785.0
Coppa Italia,QUARTI DI FINALE,2026-02-05,Atalanta,800,Sportiello M.,199976,nome,Panchina,57,Portiere,baWtW3x9,4785785.0
Coppa Italia,QUARTI DI FINALE,2026-02-05,Atalanta,800,Sulemana K.,746695,nome,Panchina,7,,baWtW3x9,4785785.0
Coppa Italia,QUARTI DI FINALE,2026-02-05,Atalanta,800,Zalewski N.,550108,nome,Panchina,59,,baWtW3x9,4785785.0
Coppa Italia,QUARTI DI FINALE,2026-02-05,Juventus,506,Perin M.,110923,nome,Titolare,1,Portiere,baWtW3x9,4785785.0
Coppa Italia,QUARTI DI FINALE,2026-02-05,Juventus,506,Kalulu P.,585949,nome,Titolare,15,,baWtW3x9,4785785.0
Coppa Italia,QUARTI DI FINALE,2026-02-05,Juventus,506,Gatti F.,509022,nome,Titolare,4,,baWtW3x9,4785785.0
Coppa Italia,QUARTI DI FINALE,2026-02-05,Juventus,506,Bremer,516716,nome,Titolare,3,,baWtW3x9,4785785.0
Coppa Italia,QUARTI DI FINALE,2026-02-05,Juventus,506,Kelly L.,480116,nome,Titolare,6,,baWtW3x9,4785785.0
Coppa Italia,QUARTI DI FINALE,2026-02-05,Juventus,506,Locatelli M.,265088,nome,Titolare,5,Capitano,baWtW3x9,4785785.0
Coppa Italia,QUARTI DI FINALE,2026-02-05,Juventus,506,Thuram K.,463618,nome,Titolare,19,,baWtW3x9,4785785.0
Coppa Italia,QUARTI DI FINALE,2026-02-05,Juventus,506,Conceicao F.,487474,nome,Titolare,7,,baWtW3x9,4785785.0
Coppa Italia,QUARTI DI FINALE,2026-02-05,Juventus,506,McKennie W.,332697,nome,Titolare,22,,baWtW3x9,4785785.0
Coppa Italia,QUARTI DI FINALE,2026-02-05,Juventus,506,Cambiaso A.,459658,nome,Titolare,27,,baWtW3x9,4785785.0
Coppa Italia,QUARTI DI FINALE,2026-02-05,Juventus,506,David J.,533738,nome,Titolare,30,,baWtW3x9,4785785.0
Coppa Italia,QUARTI DI FINALE,2026-02-05,Juventus,506,Adzic V.,944570,nome,Panchina,17,,baWtW3x9,4785785.0
Coppa Italia,QUARTI DI FINALE,2026-02-05,Juventus,506,Boga J.,216569,nome,Panchina,13,,baWtW3x9,4785785.0
Coppa Italia,QUARTI DI FINALE,2026-02-05,Juventus,506,Cabal J.,686965,nome,Panchina,32,,baWtW3x9,4785785.0
Coppa Italia,QUARTI DI FINALE,2026-02-05,Juventus,506,Di Gregorio M.,301238,nome,Panchina,16,Portiere,baWtW3x9,4785785.0
Coppa Italia,QUARTI DI FINALE,2026-02-05,Juventus,506,Holm E.,496745,nome,Panchina,2,,baWtW3x9,4785785.0
Coppa Italia,QUARTI DI FINALE,2026-02-05,Juventus,506,Koopmeiners T.,360518,nome,Panchina,8,,baWtW3x9,4785785.0
Coppa Italia,QUARTI DI FINALE,2026-02-05,Juventus,506,Kostic F.,161011,nome,Panchina,18,,baWtW3x9,4785785.0
Coppa Italia,QUARTI DI FINALE,2026-02-05,Juventus,506,Miretti F.,571607,nome,Panchina,21,,baWtW3x9,4785785.0
Coppa Italia,QUARTI DI FINALE,2026-02-05,Juventus,506,Openda L.,368887,nome,Panchina,20,,baWtW3x9,4785785.0
Coppa Italia,QUARTI DI FINALE,2026-02-05,Juventus,506,Pinsoglio C.,75411,nome,Panchina,23,Portiere,baWtW3x9,4785785.0
Coppa Italia,QUARTI DI FINALE,2026-02-05,Juventus,506,Yildiz K.,845654,nome,Panchina,10,,baWtW3x9,4785785.0
Coppa Italia,QUARTI DI FINALE,2026-02-05,Juventus,506,Zhegrova E.,496857,nome,Panchina,11,,baWtW3x9,4785785.0
Coppa Italia,QUARTI DI FINALE,2026-02-04,Inter,46,Martinez J.,388516,nome,Titolare,13,Portiere,nB3jfHE8,4785786.0
Coppa Italia,QUARTI DI FINALE,2026-02-04,Inter,46,de Vrij S.,111196,nome,Titolare,6,Capitano,nB3jfHE8,4785786.0
Coppa Italia,QUARTI DI FINALE,2026-02-04,Inter,46,Acerbi F.,131075,nome,Titolare,15,,nB3jfHE8,4785786.0
Coppa Italia,QUARTI DI FINALE,2026-02-04,Inter,46,Carlos Augusto,585982,nome,Titolare,30,,nB3jfHE8,4785786.0
Coppa Italia,QUARTI DI FINALE,2026-02-04,Inter,46,Kamate I.,885623,nome,Titolare,41,,nB3jfHE8,4785786.0
Coppa Italia,QUARTI DI FINALE,2026-02-04,Inter,46,Frattesi D.,394300,nome,Titolare,16,,nB3jfHE8,4785786.0
Coppa Italia,QUARTI DI FINALE,2026-02-04,Inter,46,Mkhitaryan H.,55735,nome,Titolare,22,,nB3jfHE8,4785786.0
Coppa Italia,QUARTI DI FINALE,2026-02-04,Inter,46,Diouf A.,711976,nome,Titolare,17,,nB3jfHE8,4785786.0
Coppa Italia,QUARTI DI FINALE,2026-02-04,Inter,46,Cocchi M.,988987,nome,Titolare,43,,nB3jfHE8,4785786.0
Coppa Italia,QUARTI DI FINALE,2026-02-04,Inter,46,Thuram M.,318528,nome,Titolare,9,,nB3jfHE8,4785786.0
Coppa Italia,QUARTI DI FINALE,2026-02-04,Inter,46,Bonny A.,827734,nome,Titolare,14,,nB3jfHE8,4785786.0
Coppa Italia,QUARTI DI FINALE,2026-02-04,Inter,46,Alexiou C.,898812,nome,Panchina,51,,nB3jfHE8,4785786.0
Coppa Italia,QUARTI DI FINALE,2026-02-04,Inter,46,Bastoni A.,315853,nome,Panchina,95,,nB3jfHE8,4785786.0
Coppa Italia,QUARTI DI FINALE,2026-02-04,Inter,46,Berenbruch T.,930780,nome,Panchina,44,,nB3jfHE8,4785786.0
Coppa Italia,QUARTI DI FINALE,2026-02-04,Inter,46,Bisseck Y.,441986,nome,Panchina,31,,nB3jfHE8,4785786.0
Coppa Italia,QUARTI DI FINALE,2026-02-04,Inter,46,Bovo L.,884228,nome,Panchina,45,,nB3jfHE8,4785786.0
Coppa Italia,QUARTI DI FINALE,2026-02-04,Inter,46,Calligaris A.,746711,nome,Panchina,40,Portiere,nB3jfHE8,4785786.0
Coppa Italia,QUARTI DI FINALE,2026-02-04,Inter,46,Cinquegrano S.,919669,nome,Panchina,50,,nB3jfHE8,4785786.0
Coppa Italia,QUARTI DI FINALE,2026-02-04,Inter,46,Di Gennaro R.,70580,nome,Panchina,12,Portiere,nB3jfHE8,4785786.0
Coppa Italia,QUARTI DI FINALE,2026-02-04,Inter,46,Esposito F.,930781,eliminazione,Panchina,94,,nB3jfHE8,4785786.0
Coppa Italia,QUARTI DI FINALE,2026-02-04,Inter,46,Luis Henrique,691316,nome,Panchina,11,,nB3jfHE8,4785786.0
Coppa Italia,QUARTI DI FINALE,2026-02-04,Inter,46,Martinez L.,406625,nome,Panchina,10,,nB3jfHE8,4785786.0
Coppa Italia,QUARTI DI FINALE,2026-02-04,Inter,46,Sucic P.,668207,nome,Panchina,8,,nB3jfHE8,4785786.0
Coppa Italia,QUARTI DI FINALE,2026-02-04,Inter,46,Topalovic L.,991744,nome,Panchina,58,,nB3jfHE8,4785786.0
Coppa Italia,QUARTI DI FINALE,2026-02-04,Torino,416,Paleari A.,163048,nome,Titolare,1,Portiere,nB3jfHE8,4785786.0
Coppa Italia,QUARTI DI FINALE,2026-02-04,Torino,416,Tameze A.,157507,nome,Titolare,61,,nB3jfHE8,4785786.0
Coppa Italia,QUARTI DI FINALE,2026-02-04,Torino,416,Marianucci L.,814446,nome,Titolare,35,,nB3jfHE8,4785786.0
Coppa Italia,QUARTI DI FINALE,2026-02-04,Torino,416,Coco S.,588426,nome,Titolare,23,,nB3jfHE8,4785786.0
Coppa Italia,QUARTI DI FINALE,2026-02-04,Torino,416,Pedersen M.,583404,nome,Titolare,16,,nB3jfHE8,4785786.0
Coppa Italia,QUARTI DI FINALE,2026-02-04,Torino,416,Vlasic N.,293200,nome,Titolare,10,Capitano,nB3jfHE8,4785786.0
Coppa Italia,QUARTI DI FINALE,2026-02-04,Torino,416,Prati M.,876298,nome,Titolare,4,,nB3jfHE8,4785786.0
Coppa Italia,QUARTI DI FINALE,2026-02-04,Torino,416,Anjorin F.,433181,eliminazione,Titolare,14,,nB3jfHE8,4785786.0
Coppa Italia,QUARTI DI FINALE,2026-02-04,Torino,416,Obrador R.,646747,nome,Titolare,33,,nB3jfHE8,4785786.0
Coppa Italia,QUARTI DI FINALE,2026-02-04,Torino,416,Kulenovic S.,357778,nome,Titolare,17,,nB3jfHE8,4785786.0
Coppa Italia,QUARTI DI FINALE,2026-02-04,Torino,416,Njie A.,934527,nome,Titolare,92,,nB3jfHE8,4785786.0
Coppa Italia,QUARTI DI FINALE,2026-02-04,Torino,416,Ebosse E.,342877,nome,Panchina,77,,nB3jfHE8,4785786.0
Coppa Italia,QUARTI DI FINALE,2026-02-04,Torino,416,Ilkhan E.,743091,nome,Panchina,6,,nB3jfHE8,4785786.0
Coppa Italia,QUARTI DI FINALE,2026-02-04,Torino,416,Israel F.,492319,nome,Panchina,81,Portiere,nB3jfHE8,4785786.0
Coppa Italia,QUARTI DI FINALE,2026-02-04,Torino,416,Lazaro V.,186368,nome,Panchina,20,,nB3jfHE8,4785786.0
Coppa Italia,QUARTI DI FINALE,2026-02-04,Torino,416,Maripan G.,249730,nome,Panchina,13,,nB3jfHE8,4785786.0
Coppa Italia,QUARTI DI FINALE,2026-02-04,Torino,416,Nkounkou N.,591193,nome,Panchina,25,,nB3jfHE8,4785786.0
Coppa Italia,QUARTI DI FINALE,2026-02-04,Torino,416,Perciun S.,980632,nome,Panchina,83,,nB3jfHE8,4785786.0
Coppa Italia,QUARTI DI FINALE,2026-02-04,Torino,416,Siviero L.,942103,nome,Panchina,99,Portiere,nB3jfHE8,4785786.0
Coppa Italia,QUARTI DI FINALE,2026-02-04,Torino,416,Zapata D.,73794,nome,Panchina,91,,nB3jfHE8,4785786.0
Coppa Italia,1/8 FINALE,2026-01-27,Fiorentina,430,Christensen O.,471936,nome,Titolare,53,Portiere,hlp6vKjL,4736149.0
Coppa Italia,1/8 FINALE,2026-01-27,Fiorentina,430,Fortini N.,984964,nome,Titolare,29,,hlp6vKjL,4736149.0
Coppa Italia,1/8 FINALE,2026-01-27,Fiorentina,430,Comuzzo P.,746712,nome,Titolare,15,,hlp6vKjL,4736149.0
Coppa Italia,1/8 FINALE,2026-01-27,Fiorentina,430,Ranieri L.,346561,nome,Titolare,6,Capitano,hlp6vKjL,4736149.0
Coppa Italia,1/8 FINALE,2026-01-27,Fiorentina,430,Balbo L.,1012731,nome,Titolare,62,,hlp6vKjL,4736149.0
Coppa Italia,1/8 FINALE,2026-01-27,Fiorentina,430,Fabbian G.,633668,nome,Titolare,80,,hlp6vKjL,4736149.0
Coppa Italia,1/8 FINALE,2026-01-27,Fiorentina,430,Ndour C.,651005,nome,Titolare,27,,hlp6vKjL,4736149.0
Coppa Italia,1/8 FINALE,2026-01-27,Fiorentina,430,Brescianini M.,459128,nome,Titolare,4,,hlp6vKjL,4736149.0
Coppa Italia,1/8 FINALE,2026-01-27,Fiorentina,430,Harrison J.,417346,nome,Titolare,17,,hlp6vKjL,4736149.0
Coppa Italia,1/8 FINALE,2026-01-27,Fiorentina,430,Piccoli R.,432092,nome,Titolare,91,,hlp6vKjL,4736149.0
Coppa Italia,1/8 FINALE,2026-01-27,Fiorentina,430,Fazzini J.,691482,nome,Titolare,22,,hlp6vKjL,4736149.0
Coppa Italia,1/8 FINALE,2026-01-27,Fiorentina,430,Bonanno P.,1190028,nome,Panchina,63,,hlp6vKjL,4736149.0
Coppa Italia,1/8 FINALE,2026-01-27,Fiorentina,430,Braschi R.,934514,nome,Panchina,61,,hlp6vKjL,4736149.0
Coppa Italia,1/8 FINALE,2026-01-27,Fiorentina,430,de Gea D.,59377,nome,Panchina,43,Portiere,hlp6vKjL,4736149.0
Coppa Italia,1/8 FINALE,2026-01-27,Fiorentina,430,Deli L.,1057839,nome,Panchina,64,,hlp6vKjL,4736149.0
Coppa Italia,1/8 FINALE,2026-01-27,Fiorentina,430,Fagioli N.,432090,nome,Panchina,44,,hlp6vKjL,4736149.0
Coppa Italia,1/8 FINALE,2026-01-27,Fiorentina,430,Gosens R.,273132,nome,Panchina,21,,hlp6vKjL,4736149.0
Coppa Italia,1/8 FINALE,2026-01-27,Fiorentina,430,Gudmundsson A.,305947,nome,Panchina,10,,hlp6vKjL,4736149.0
Coppa Italia,1/8 FINALE,2026-01-27,Fiorentina,430,Kospo E.,1015822,nome,Panchina,23,,hlp6vKjL,4736149.0
Coppa Italia,1/8 FINALE,2026-01-27,Fiorentina,430,Kouadio E.,957822,nome,Panchina,60,,hlp6vKjL,4736149.0
Coppa Italia,1/8 FINALE,2026-01-27,Fiorentina,430,Lezzerini L.,135747,nome,Panchina,1,Portiere,hlp6vKjL,4736149.0
Coppa Italia,1/8 FINALE,2026-01-27,Fiorentina,430,Pongracic M.,282144,nome,Panchina,5,,hlp6vKjL,4736149.0
Coppa Italia,1/8 FINALE,2026-01-27,Fiorentina,430,Sadotti E.,934513,nome,Panchina,67,,hlp6vKjL,4736149.0
Coppa Italia,1/8 FINALE,2026-01-27,Fiorentina,430,Solomon M.,396638,nome,Panchina,19,,hlp6vKjL,4736149.0
Coppa Italia,1/8 FINALE,2026-01-27,Como,1047,Butez J.,290537,nome,Titolare,1,Portiere,hlp6vKjL,4736149.0
Coppa Italia,1/8 FINALE,2026-01-27,Como,1047,Van der Brempt I.,490423,nome,Titolare,77,,hlp6vKjL,4736149.0
Coppa Italia,1/8 FINALE,2026-01-27,Como,1047,Ramon J.,948278,nome,Titolare,14,,hlp6vKjL,4736149.0
Coppa Italia,1/8 FINALE,2026-01-27,Como,1047,Diego Carlos,329145,nome,Titolare,34,,hlp6vKjL,4736149.0
Coppa Italia,1/8 FINALE,2026-01-27,Como,1047,Moreno A.,207917,nome,Titolare,18,,hlp6vKjL,4736149.0
Coppa Italia,1/8 FINALE,2026-01-27,Como,1047,Da Cunha L.,495667,nome,Titolare,33,Capitano,hlp6vKjL,4736149.0
Coppa Italia,1/8 FINALE,2026-01-27,Como,1047,Roberto S.,85370,nome,Titolare,8,,hlp6vKjL,4736149.0
Coppa Italia,1/8 FINALE,2026-01-27,Como,1047,Kuhn N.,336012,nome,Titolare,19,,hlp6vKjL,4736149.0
Coppa Italia,1/8 FINALE,2026-01-27,Como,1047,Caqueret M.,395237,nome,Titolare,6,,hlp6vKjL,4736149.0
Coppa Italia,1/8 FINALE,2026-01-27,Como,1047,Rodriguez J.,1190411,nome,Titolare,17,,hlp6vKjL,4736149.0
Coppa Italia,1/8 FINALE,2026-01-27,Como,1047,Douvikas A.,523318,nome,Titolare,11,,hlp6vKjL,4736149.0
Coppa Italia,1/8 FINALE,2026-01-27,Como,1047,Addai J.,747720,nome,Panchina,42,,hlp6vKjL,4736149.0
Coppa Italia,1/8 FINALE,2026-01-27,Como,1047,Baturina M.,580451,nome,Panchina,20,,hlp6vKjL,4736149.0
Coppa Italia,1/8 FINALE,2026-01-27,Como,1047,De Paoli C.,1078795,nome,Panchina,56,,hlp6vKjL,4736149.0
Coppa Italia,1/8 FINALE,2026-01-27,Como,1047,Kempf M. O.,160938,nome,Panchina,2,,hlp6vKjL,4736149.0
Coppa Italia,1/8 FINALE,2026-01-27,Como,1047,Morata A.,128223,nome,Panchina,7,,hlp6vKjL,4736149.0
Coppa Italia,1/8 FINALE,2026-01-27,Como,1047,Paz N.,948294,nome,Panchina,10,,hlp6vKjL,4736149.0
Coppa Italia,1/8 FINALE,2026-01-27,Como,1047,Perrone M.,668547,nome,Panchina,23,,hlp6vKjL,4736149.0
Coppa Italia,1/8 FINALE,2026-01-27,Como,1047,Pisati S.,1206724,nome,Panchina,58,,hlp6vKjL,4736149.0
Coppa Italia,1/8 FINALE,2026-01-27,Como,1047,Smolcic I.,571271,nome,Panchina,28,,hlp6vKjL,4736149.0
Coppa Italia,1/8 FINALE,2026-01-27,Como,1047,Tornqvist N.,730531,nome,Panchina,21,Portiere,hlp6vKjL,4736149.0
Coppa Italia,1/8 FINALE,2026-01-27,Como,1047,Valle A.,709957,nome,Panchina,3,,hlp6vKjL,4736149.0
Coppa Italia,1/8 FINALE,2026-01-27,Como,1047,Vigorito M.,88595,nome,Panchina,22,Portiere,hlp6vKjL,4736149.0
Coppa Italia,1/8 FINALE,2026-01-27,Como,1047,Vojvoda M.,336125,nome,Panchina,31,,hlp6vKjL,4736149.0
Coppa Italia,1/8 FINALE,2026-01-13,Roma,12,Svilar M.,338670,nome,Titolare,99,Portiere,nHEM6Zzq,4736148.0
Coppa Italia,1/8 FINALE,2026-01-13,Roma,12,Celik Z.,251075,nome,Titolare,19,,nHEM6Zzq,4736148.0
Coppa Italia,1/8 FINALE,2026-01-13,Roma,12,Ziolkowski J.,1046867,nome,Titolare,24,,nHEM6Zzq,4736148.0
Coppa Italia,1/8 FINALE,2026-01-13,Roma,12,Ghilardi D.,701819,nome,Titolare,87,,nHEM6Zzq,4736148.0
Coppa Italia,1/8 FINALE,2026-01-13,Roma,12,Rensch D.,557407,nome,Titolare,2,,nHEM6Zzq,4736148.0
Coppa Italia,1/8 FINALE,2026-01-13,Roma,12,Cristante B.,199248,nome,Titolare,4,Capitano,nHEM6Zzq,4736148.0
Coppa Italia,1/8 FINALE,2026-01-13,Roma,12,Pisilli N.,813137,nome,Titolare,61,,nHEM6Zzq,4736148.0
Coppa Italia,1/8 FINALE,2026-01-13,Roma,12,Wesley Franca,964580,nome,Titolare,43,,nHEM6Zzq,4736148.0
Coppa Italia,1/8 FINALE,2026-01-13,Roma,12,Soule M.,668951,nome,Titolare,18,,nHEM6Zzq,4736148.0
Coppa Italia,1/8 FINALE,2026-01-13,Roma,12,Bailey L.,387626,nome,Titolare,31,,nHEM6Zzq,4736148.0
Coppa Italia,1/8 FINALE,2026-01-13,Roma,12,El Shaarawy S.,94529,nome,Titolare,92,,nHEM6Zzq,4736148.0
Coppa Italia,1/8 FINALE,2026-01-13,Roma,12,Arena A.,1251220,nome,Panchina,68,,nHEM6Zzq,4736148.0
Coppa Italia,1/8 FINALE,2026-01-13,Roma,12,Bah M.,1080788,nome,Panchina,69,,nHEM6Zzq,4736148.0
Coppa Italia,1/8 FINALE,2026-01-13,Roma,12,Dybala P.,206050,nome,Panchina,21,,nHEM6Zzq,4736148.0
Coppa Italia,1/8 FINALE,2026-01-13,Roma,12,Hermoso M.,281769,nome,Panchina,22,,nHEM6Zzq,4736148.0
Coppa Italia,1/8 FINALE,2026-01-13,Roma,12,Kone M.,624690,nome,Panchina,17,,nHEM6Zzq,4736148.0
Coppa Italia,1/8 FINALE,2026-01-13,Roma,12,Lulli E.,1175298,nome,Panchina,77,,nHEM6Zzq,4736148.0
Coppa Italia,1/8 FINALE,2026-01-13,Roma,12,Ndicka E.,371149,nome,Panchina,5,,nHEM6Zzq,4736148.0
Coppa Italia,1/8 FINALE,2026-01-13,Roma,12,Tsimikas K.,338070,nome,Panchina,12,,nHEM6Zzq,4736148.0
Coppa Italia,1/8 FINALE,2026-01-13,Roma,12,Vasquez Llach D. S.,495722,eliminazione,Panchina,32,Portiere,nHEM6Zzq,4736148.0
Coppa Italia,1/8 FINALE,2026-01-13,Roma,12,Zelezny R.,1073023,nome,Panchina,91,Portiere,nHEM6Zzq,4736148.0
Coppa Italia,1/8 FINALE,2026-01-13,Torino,416,Paleari A.,163048,nome,Titolare,1,Portiere,nHEM6Zzq,4736148.0
Coppa Italia,1/8 FINALE,2026-01-13,Torino,416,Tameze A.,157507,nome,Titolare,61,,nHEM6Zzq,4736148.0
Coppa Italia,1/8 FINALE,2026-01-13,Torino,416,Ismajli A.,435228,nome,Titolare,44,,nHEM6Zzq,4736148.0
Coppa Italia,1/8 FINALE,2026-01-13,Torino,416,Coco S.,588426,nome,Titolare,23,,nHEM6Zzq,4736148.0
Coppa Italia,1/8 FINALE,2026-01-13,Torino,416,Lazaro V.,186368,nome,Titolare,20,,nHEM6Zzq,4736148.0
Coppa Italia,1/8 FINALE,2026-01-13,Torino,416,Vlasic N.,293200,nome,Titolare,10,Capitano,nHEM6Zzq,4736148.0
Coppa Italia,1/8 FINALE,2026-01-13,Torino,416,Ilkhan E.,743091,nome,Titolare,6,,nHEM6Zzq,4736148.0
Coppa Italia,1/8 FINALE,2026-01-13,Torino,416,Gineitis G.,798929,nome,Titolare,66,,nHEM6Zzq,4736148.0
Coppa Italia,1/8 FINALE,2026-01-13,Torino,416,Aboukhlal Z.,393238,nome,Titolare,7,,nHEM6Zzq,4736148.0
Coppa Italia,1/8 FINALE,2026-01-13,Torino,416,Simeone G.,282388,nome,Titolare,18,,nHEM6Zzq,4736148.0
Coppa Italia,1/8 FINALE,2026-01-13,Torino,416,Adams C.,346779,nome,Titolare,19,,nHEM6Zzq,4736148.0
Coppa Italia,1/8 FINALE,2026-01-13,Torino,416,Acquah W.,1056746,nome,Panchina,94,,nHEM6Zzq,4736148.0
Coppa Italia,1/8 FINALE,2026-01-13,Torino,416,Anjorin F.,433181,eliminazione,Panchina,14,,nHEM6Zzq,4736148.0
Coppa Italia,1/8 FINALE,2026-01-13,Torino,416,Casadei C.,622380,nome,Panchina,22,,nHEM6Zzq,4736148.0
Coppa Italia,1/8 FINALE,2026-01-13,Torino,416,Dembele A.,1004344,nome,Panchina,21,,nHEM6Zzq,4736148.0
Coppa Italia,1/8 FINALE,2026-01-13,Torino,416,Israel F.,492319,nome,Panchina,81,Portiere,nHEM6Zzq,4736148.0
Coppa Italia,1/8 FINALE,2026-01-13,Torino,416,Maripan G.,249730,nome,Panchina,13,,nHEM6Zzq,4736148.0
Coppa Italia,1/8 FINALE,2026-01-13,Torino,416,Ngonge C.,358032,nome,Panchina,26,,nHEM6Zzq,4736148.0
Coppa Italia,1/8 FINALE,2026-01-13,Torino,416,Njie A.,934527,nome,Panchina,92,,nHEM6Zzq,4736148.0
Coppa Italia,1/8 FINALE,2026-01-13,Torino,416,Pellini M.,1242353,nome,Panchina,93,,nHEM6Zzq,4736148.0
Coppa Italia,1/8 FINALE,2026-01-13,Torino,416,Popa M.,623412,nome,Panchina,71,Portiere,nHEM6Zzq,4736148.0
Coppa Italia,1/8 FINALE,2026-01-13,Torino,416,Zapata D.,73794,nome,Panchina,91,,nHEM6Zzq,4736148.0
Coppa Italia,1/8 FINALE,2025-12-04,Lazio,398,Mandas C.,481675,nome,Titolare,35,Portiere,UcuV0FZA,4736144.0
Coppa Italia,1/8 FINALE,2025-12-04,Lazio,398,Marusic A.,239802,nome,Titolare,77,,UcuV0FZA,4736144.0
Coppa Italia,1/8 FINALE,2025-12-04,Lazio,398,Gila M.,618341,nome,Titolare,34,,UcuV0FZA,4736144.0
Coppa Italia,1/8 FINALE,2025-12-04,Lazio,398,Romagnoli A.,197747,nome,Titolare,13,,UcuV0FZA,4736144.0
Coppa Italia,1/8 FINALE,2025-12-04,Lazio,398,Pellegrini Lu.,346567,nome,Titolare,3,,UcuV0FZA,4736144.0
Coppa Italia,1/8 FINALE,2025-12-04,Lazio,398,Guendouzi M.,465830,nome,Titolare,8,,UcuV0FZA,4736144.0
Coppa Italia,1/8 FINALE,2025-12-04,Lazio,398,Vecino M.,143812,nome,Titolare,5,,UcuV0FZA,4736144.0
Coppa Italia,1/8 FINALE,2025-12-04,Lazio,398,Basic T.,334835,nome,Titolare,26,,UcuV0FZA,4736144.0
Coppa Italia,1/8 FINALE,2025-12-04,Lazio,398,Isaksen G.,462823,nome,Titolare,18,,UcuV0FZA,4736144.0
Coppa Italia,1/8 FINALE,2025-12-04,Lazio,398,Castellanos T.,522784,nome,Titolare,11,,UcuV0FZA,4736144.0
Coppa Italia,1/8 FINALE,2025-12-04,Lazio,398,Zaccagni M.,283735,nome,Titolare,10,Capitano,UcuV0FZA,4736144.0
Coppa Italia,1/8 FINALE,2025-12-04,Lazio,398,Belahyane R.,982855,nome,Panchina,21,,UcuV0FZA,4736144.0
Coppa Italia,1/8 FINALE,2025-12-04,Lazio,398,Cancellieri M.,550106,nome,Panchina,22,,UcuV0FZA,4736144.0
Coppa Italia,1/8 FINALE,2025-12-04,Lazio,398,Dele-Bashiru F.,530742,nome,Panchina,7,,UcuV0FZA,4736144.0
Coppa Italia,1/8 FINALE,2025-12-04,Lazio,398,Dia B.,626913,nome,Panchina,19,,UcuV0FZA,4736144.0
Coppa Italia,1/8 FINALE,2025-12-04,Lazio,398,Furlanetto A.,538079,nome,Panchina,55,Portiere,UcuV0FZA,4736144.0
Coppa Italia,1/8 FINALE,2025-12-04,Lazio,398,Lazzari M.,331401,nome,Panchina,29,,UcuV0FZA,4736144.0
Coppa Italia,1/8 FINALE,2025-12-04,Lazio,398,Noslin T.,457736,nome,Panchina,14,,UcuV0FZA,4736144.0
Coppa Italia,1/8 FINALE,2025-12-04,Lazio,398,Patric,126729,nome,Panchina,4,,UcuV0FZA,4736144.0
Coppa Italia,1/8 FINALE,2025-12-04,Lazio,398,Pedro,65278,nome,Panchina,9,,UcuV0FZA,4736144.0
Coppa Italia,1/8 FINALE,2025-12-04,Lazio,398,Provedel I.,197929,nome,Panchina,94,Portiere,UcuV0FZA,4736144.0
Coppa Italia,1/8 FINALE,2025-12-04,Lazio,398,Provstgaard O.,644408,nome,Panchina,25,,UcuV0FZA,4736144.0
Coppa Italia,1/8 FINALE,2025-12-04,Lazio,398,Tavares N.,535955,nome,Panchina,17,,UcuV0FZA,4736144.0
Coppa Italia,1/8 FINALE,2025-12-04,Milan,5,Maignan M.,182906,nome,Titolare,16,Portiere,UcuV0FZA,4736144.0
Coppa Italia,1/8 FINALE,2025-12-04,Milan,5,Tomori F.,303254,nome,Titolare,23,,UcuV0FZA,4736144.0
Coppa Italia,1/8 FINALE,2025-12-04,Milan,5,De Winter K.,490384,nome,Titolare,5,,UcuV0FZA,4736144.0
Coppa Italia,1/8 FINALE,2025-12-04,Milan,5,Pavlovic S.,574671,nome,Titolare,31,,UcuV0FZA,4736144.0
Coppa Italia,1/8 FINALE,2025-12-04,Milan,5,Saelemaekers A.,381950,nome,Titolare,56,,UcuV0FZA,4736144.0
Coppa Italia,1/8 FINALE,2025-12-04,Milan,5,Ricci S.,467992,nome,Titolare,4,,UcuV0FZA,4736144.0
Coppa Italia,1/8 FINALE,2025-12-04,Milan,5,Jashari A.,608172,nome,Titolare,30,,UcuV0FZA,4736144.0
Coppa Italia,1/8 FINALE,2025-12-04,Milan,5,Rabiot A.,182913,nome,Titolare,12,,UcuV0FZA,4736144.0
Coppa Italia,1/8 FINALE,2025-12-04,Milan,5,Estupinan P.,349599,nome,Titolare,2,,UcuV0FZA,4736144.0
Coppa Italia,1/8 FINALE,2025-12-04,Milan,5,Loftus-Cheek R.,202886,nome,Titolare,8,,UcuV0FZA,4736144.0
Coppa Italia,1/8 FINALE,2025-12-04,Milan,5,Leao R.,357164,nome,Titolare,10,,UcuV0FZA,4736144.0
Coppa Italia,1/8 FINALE,2025-12-04,Milan,5,Bartesaghi D.,887638,nome,Panchina,33,,UcuV0FZA,4736144.0
Coppa Italia,1/8 FINALE,2025-12-04,Milan,5,Gabbia M.,323167,nome,Panchina,46,,UcuV0FZA,4736144.0
Coppa Italia,1/8 FINALE,2025-12-04,Milan,5,Modric L.,27992,nome,Panchina,14,,UcuV0FZA,4736144.0
Coppa Italia,1/8 FINALE,2025-12-04,Milan,5,Nkunku C.,344381,nome,Panchina,18,,UcuV0FZA,4736144.0
Coppa Italia,1/8 FINALE,2025-12-04,Milan,5,Odogu D.,897423,nome,Panchina,27,,UcuV0FZA,4736144.0
Coppa Italia,1/8 FINALE,2025-12-04,Milan,5,Pulisic C.,315779,nome,Panchina,11,,UcuV0FZA,4736144.0
Coppa Italia,1/8 FINALE,2025-12-04,Milan,5,Sala E.,1044818,nome,Panchina,42,,UcuV0FZA,4736144.0
Coppa Italia,1/8 FINALE,2025-12-04,Milan,5,Terracciano P.,96254,nome,Panchina,1,Portiere,UcuV0FZA,4736144.0
Coppa Italia,1/8 FINALE,2025-12-04,Milan,5,Torriani L.,939745,nome,Panchina,96,Portiere,UcuV0FZA,4736144.0
Coppa Italia,1/8 FINALE,2025-12-04,Bologna,1025,Ravaglia F.,390304,nome,Titolare,13,Portiere,Cv4b8uQF,4736143.0
Coppa Italia,1/8 FINALE,2025-12-04,Bologna,1025,Holm E.,496745,nome,Titolare,2,,Cv4b8uQF,4736143.0
Coppa Italia,1/8 FINALE,2025-12-04,Bologna,1025,Heggem T.,464469,nome,Titolare,14,,Cv4b8uQF,4736143.0
Coppa Italia,1/8 FINALE,2025-12-04,Bologna,1025,Lucumi J.,413565,nome,Titolare,26,,Cv4b8uQF,4736143.0
Coppa Italia,1/8 FINALE,2025-12-04,Bologna,1025,Lykogiannis C.,136514,nome,Titolare,22,,Cv4b8uQF,4736143.0
Coppa Italia,1/8 FINALE,2025-12-04,Bologna,1025,Ferguson L.,428563,nome,Titolare,19,Capitano,Cv4b8uQF,4736143.0
Coppa Italia,1/8 FINALE,2025-12-04,Bologna,1025,Sulemana I.,982267,nome,Titolare,77,,Cv4b8uQF,4736143.0
Coppa Italia,1/8 FINALE,2025-12-04,Bologna,1025,Bernardeschi F.,197300,nome,Titolare,10,,Cv4b8uQF,4736143.0
Coppa Italia,1/8 FINALE,2025-12-04,Bologna,1025,Fabbian G.,633668,nome,Titolare,80,,Cv4b8uQF,4736143.0
Coppa Italia,1/8 FINALE,2025-12-04,Bologna,1025,Rowe J.,672381,nome,Titolare,11,,Cv4b8uQF,4736143.0
Coppa Italia,1/8 FINALE,2025-12-04,Bologna,1025,Dallinga T.,538964,nome,Titolare,24,,Cv4b8uQF,4736143.0
Coppa Italia,1/8 FINALE,2025-12-04,Bologna,1025,Cambiaghi N.,459151,nome,Panchina,28,,Cv4b8uQF,4736143.0
Coppa Italia,1/8 FINALE,2025-12-04,Bologna,1025,Castro S.,849520,nome,Panchina,9,,Cv4b8uQF,4736143.0
Coppa Italia,1/8 FINALE,2025-12-04,Bologna,1025,De Silvestri L.,33571,nome,Panchina,29,,Cv4b8uQF,4736143.0
Coppa Italia,1/8 FINALE,2025-12-04,Bologna,1025,Dominguez B.,961022,nome,Panchina,30,,Cv4b8uQF,4736143.0
Coppa Italia,1/8 FINALE,2025-12-04,Bologna,1025,Franceschelli M.,1272211,nome,Panchina,82,Portiere,Cv4b8uQF,4736143.0
Coppa Italia,1/8 FINALE,2025-12-04,Bologna,1025,Immobile C.,105521,nome,Panchina,17,,Cv4b8uQF,4736143.0
Coppa Italia,1/8 FINALE,2025-12-04,Bologna,1025,Miranda J.,341227,nome,Panchina,33,,Cv4b8uQF,4736143.0
Coppa Italia,1/8 FINALE,2025-12-04,Bologna,1025,Moro N.,316934,nome,Panchina,6,,Cv4b8uQF,4736143.0
Coppa Italia,1/8 FINALE,2025-12-04,Bologna,1025,Odgaard J.,345590,nome,Panchina,21,,Cv4b8uQF,4736143.0
Coppa Italia,1/8 FINALE,2025-12-04,Bologna,1025,Orsolini R.,368482,nome,Panchina,7,,Cv4b8uQF,4736143.0
Coppa Italia,1/8 FINALE,2025-12-04,Bologna,1025,Pessina M.,992569,nome,Panchina,25,Portiere,Cv4b8uQF,4736143.0
Coppa Italia,1/8 FINALE,2025-12-04,Bologna,1025,Pobega T.,392538,nome,Panchina,4,,Cv4b8uQF,4736143.0
Coppa Italia,1/8 FINALE,2025-12-04,Bologna,1025,Zortea N.,392966,nome,Panchina,20,,Cv4b8uQF,4736143.0
Coppa Italia,1/8 FINALE,2025-12-04,Parma,130,Guaita V.,64399,nome,Titolare,13,Portiere,Cv4b8uQF,4736143.0
Coppa Italia,1/8 FINALE,2025-12-04,Parma,130,Trabucchi N.,1119655,nome,Titolare,63,,Cv4b8uQF,4736143.0
Coppa Italia,1/8 FINALE,2025-12-04,Parma,130,Troilo M.,1159864,nome,Titolare,37,,Cv4b8uQF,4736143.0
Coppa Italia,1/8 FINALE,2025-12-04,Parma,130,Delprato E.,392956,nome,Titolare,15,Capitano,Cv4b8uQF,4736143.0
Coppa Italia,1/8 FINALE,2025-12-04,Parma,130,Britschgi S.,932187,nome,Titolare,27,,Cv4b8uQF,4736143.0
Coppa Italia,1/8 FINALE,2025-12-04,Parma,130,Cremaschi B.,999127,nome,Titolare,25,,Cv4b8uQF,4736143.0
Coppa Italia,1/8 FINALE,2025-12-04,Parma,130,Keita M.,707844,nome,Titolare,16,,Cv4b8uQF,4736143.0
Coppa Italia,1/8 FINALE,2025-12-04,Parma,130,Ordonez C.,1043646,nome,Titolare,24,,Cv4b8uQF,4736143.0
Coppa Italia,1/8 FINALE,2025-12-04,Parma,130,Lovik M.,661212,nome,Titolare,18,,Cv4b8uQF,4736143.0
Coppa Italia,1/8 FINALE,2025-12-04,Parma,130,Benedyczak A.,454386,nome,Titolare,7,,Cv4b8uQF,4736143.0
Coppa Italia,1/8 FINALE,2025-12-04,Parma,130,Ondrejka J.,663237,nome,Titolare,17,,Cv4b8uQF,4736143.0
Coppa Italia,1/8 FINALE,2025-12-04,Parma,130,Almqvist P.,300532,nome,Panchina,11,,Cv4b8uQF,4736143.0
Coppa Italia,1/8 FINALE,2025-12-04,Parma,130,Begic T.,708186,nome,Panchina,19,,Cv4b8uQF,4736143.0
Coppa Italia,1/8 FINALE,2025-12-04,Parma,130,Bernabe A.,466802,nome,Panchina,10,,Cv4b8uQF,4736143.0
Coppa Italia,1/8 FINALE,2025-12-04,Parma,130,Conde B.,1082427,nome,Panchina,70,,Cv4b8uQF,4736143.0
Coppa Italia,1/8 FINALE,2025-12-04,Parma,130,Corvi E.,528181,nome,Panchina,40,Portiere,Cv4b8uQF,4736143.0
Coppa Italia,1/8 FINALE,2025-12-04,Parma,130,Cutrone P.,265078,nome,Panchina,32,,Cv4b8uQF,4736143.0
Coppa Italia,1/8 FINALE,2025-12-04,Parma,130,Djuric M.,67556,nome,Panchina,30,,Cv4b8uQF,4736143.0
Coppa Italia,1/8 FINALE,2025-12-04,Parma,130,Estevez N.,552472,nome,Panchina,8,,Cv4b8uQF,4736143.0
Coppa Italia,1/8 FINALE,2025-12-04,Parma,130,Hernani,181768,nome,Panchina,23,,Cv4b8uQF,4736143.0
Coppa Italia,1/8 FINALE,2025-12-04,Parma,130,Oristanio G.,613393,nome,Panchina,21,,Cv4b8uQF,4736143.0
Coppa Italia,1/8 FINALE,2025-12-04,Parma,130,Pellegrino M.,856530,nome,Panchina,9,,Cv4b8uQF,4736143.0
Coppa Italia,1/8 FINALE,2025-12-04,Parma,130,Rinaldi F.,604207,nome,Panchina,66,Portiere,Cv4b8uQF,4736143.0
Coppa Italia,1/8 FINALE,2025-12-04,Parma,130,Sorensen O.,514888,nome,Panchina,22,,Cv4b8uQF,4736143.0
Coppa Italia,1/8 FINALE,2025-12-04,Parma,130,Valenti L.,625202,nome,Panchina,5,,Cv4b8uQF,4736143.0
Coppa Italia,1/8 FINALE,2025-12-04,Parma,130,Valeri E.,445126,nome,Panchina,14,,Cv4b8uQF,4736143.0
Coppa Italia,1/8 FINALE,2025-12-03,Inter,46,Martinez J.,388516,nome,Titolare,13,Portiere,jBda0F3B,4736147.0
Coppa Italia,1/8 FINALE,2025-12-03,Inter,46,Bisseck Y.,441986,nome,Titolare,31,,jBda0F3B,4736147.0
Coppa Italia,1/8 FINALE,2025-12-03,Inter,46,de Vrij S.,111196,nome,Titolare,6,Capitano,jBda0F3B,4736147.0
Coppa Italia,1/8 FINALE,2025-12-03,Inter,46,Carlos Augusto,585982,nome,Titolare,30,,jBda0F3B,4736147.0
Coppa Italia,1/8 FINALE,2025-12-03,Inter,46,Diouf A.,711976,nome,Titolare,17,,jBda0F3B,4736147.0
Coppa Italia,1/8 FINALE,2025-12-03,Inter,46,Frattesi D.,394300,nome,Titolare,16,,jBda0F3B,4736147.0
Coppa Italia,1/8 FINALE,2025-12-03,Inter,46,Zielinski P.,181136,nome,Titolare,7,,jBda0F3B,4736147.0
Coppa Italia,1/8 FINALE,2025-12-03,Inter,46,Sucic P.,668207,nome,Titolare,8,,jBda0F3B,4736147.0
Coppa Italia,1/8 FINALE,2025-12-03,Inter,46,Luis Henrique,691316,nome,Titolare,11,,jBda0F3B,4736147.0
Coppa Italia,1/8 FINALE,2025-12-03,Inter,46,Thuram M.,318528,nome,Titolare,9,,jBda0F3B,4736147.0
Coppa Italia,1/8 FINALE,2025-12-03,Inter,46,Esposito F.,930781,eliminazione,Titolare,94,,jBda0F3B,4736147.0
Coppa Italia,1/8 FINALE,2025-12-03,Inter,46,Acerbi F.,131075,nome,Panchina,15,,jBda0F3B,4736147.0
Coppa Italia,1/8 FINALE,2025-12-03,Inter,46,Akanji M.,284730,nome,Panchina,25,,jBda0F3B,4736147.0
Coppa Italia,1/8 FINALE,2025-12-03,Inter,46,Barella N.,255942,nome,Panchina,23,,jBda0F3B,4736147.0
Coppa Italia,1/8 FINALE,2025-12-03,Inter,46,Bastoni A.,315853,nome,Panchina,95,,jBda0F3B,4736147.0
Coppa Italia,1/8 FINALE,2025-12-03,Inter,46,Bonny A.,827734,nome,Panchina,14,,jBda0F3B,4736147.0
Coppa Italia,1/8 FINALE,2025-12-03,Inter,46,Bovo L.,884228,nome,Panchina,45,,jBda0F3B,4736147.0
Coppa Italia,1/8 FINALE,2025-12-03,Inter,46,Calhanoglu H.,126414,nome,Panchina,20,,jBda0F3B,4736147.0
Coppa Italia,1/8 FINALE,2025-12-03,Inter,46,Cocchi M.,988987,nome,Panchina,43,,jBda0F3B,4736147.0
Coppa Italia,1/8 FINALE,2025-12-03,Inter,46,Dimarco F.,198116,nome,Panchina,32,,jBda0F3B,4736147.0
Coppa Italia,1/8 FINALE,2025-12-03,Inter,46,Martinez L.,406625,nome,Panchina,10,,jBda0F3B,4736147.0
Coppa Italia,1/8 FINALE,2025-12-03,Inter,46,Maye Y.,1041129,nome,Panchina,49,,jBda0F3B,4736147.0
Coppa Italia,1/8 FINALE,2025-12-03,Inter,46,Mkhitaryan H.,55735,nome,Panchina,22,,jBda0F3B,4736147.0
Coppa Italia,1/8 FINALE,2025-12-03,Inter,46,Sommer Y.,42205,nome,Panchina,1,Portiere,jBda0F3B,4736147.0
Coppa Italia,1/8 FINALE,2025-12-03,Inter,46,Spinacce M.,930768,nome,Panchina,47,,jBda0F3B,4736147.0
Coppa Italia,1/8 FINALE,2025-12-03,Inter,46,Taho A.,1070076,nome,Panchina,60,Portiere,jBda0F3B,4736147.0
Coppa Italia,1/8 FINALE,2025-12-03,Venezia,607,Grandi M.,155038,nome,Titolare,23,Portiere,jBda0F3B,4736147.0
Coppa Italia,1/8 FINALE,2025-12-03,Venezia,607,Venturi M.,441611,nome,Titolare,16,,jBda0F3B,4736147.0
Coppa Italia,1/8 FINALE,2025-12-03,Venezia,607,Korac S.,490573,nome,Titolare,2,,jBda0F3B,4736147.0
Coppa Italia,1/8 FINALE,2025-12-03,Venezia,607,Sidibe A.,808477,nome,Titolare,48,,jBda0F3B,4736147.0
Coppa Italia,1/8 FINALE,2025-12-03,Venezia,607,Sagrado R.,655009,nome,Titolare,20,,jBda0F3B,4736147.0
Coppa Italia,1/8 FINALE,2025-12-03,Venezia,607,Bohinen E.,406806,nome,Titolare,37,,jBda0F3B,4736147.0
Coppa Italia,1/8 FINALE,2025-12-03,Venezia,607,Duncan A.,184894,nome,Titolare,32,Capitano,jBda0F3B,4736147.0
Coppa Italia,1/8 FINALE,2025-12-03,Venezia,607,Lella N.,459945,nome,Titolare,24,,jBda0F3B,4736147.0
Coppa Italia,1/8 FINALE,2025-12-03,Venezia,607,Haps R.,228444,nome,Titolare,5,,jBda0F3B,4736147.0
Coppa Italia,1/8 FINALE,2025-12-03,Venezia,607,Compagnon M.,537509,nome,Titolare,21,,jBda0F3B,4736147.0
Coppa Italia,1/8 FINALE,2025-12-03,Venezia,607,Casas A.,537767,nome,Titolare,80,,jBda0F3B,4736147.0
Coppa Italia,1/8 FINALE,2025-12-03,Venezia,607,Adorante A.,364206,nome,Panchina,9,,jBda0F3B,4736147.0
Coppa Italia,1/8 FINALE,2025-12-03,Venezia,607,Bjarkason B.,566613,nome,Panchina,19,,jBda0F3B,4736147.0
Coppa Italia,1/8 FINALE,2025-12-03,Venezia,607,Busio G.,504209,nome,Panchina,6,,jBda0F3B,4736147.0
Coppa Italia,1/8 FINALE,2025-12-03,Venezia,607,Doumbia I.,924349,nome,Panchina,8,,jBda0F3B,4736147.0
Coppa Italia,1/8 FINALE,2025-12-03,Venezia,607,El Haddad S.,936684,nome,Panchina,27,,jBda0F3B,4736147.0
Coppa Italia,1/8 FINALE,2025-12-03,Venezia,607,Fila D.,666268,nome,Panchina,7,,jBda0F3B,4736147.0
Coppa Italia,1/8 FINALE,2025-12-03,Venezia,607,Hainaut A.,917375,nome,Panchina,18,,jBda0F3B,4736147.0
Coppa Italia,1/8 FINALE,2025-12-03,Venezia,607,Minelli S.,197901,nome,Panchina,14,Portiere,jBda0F3B,4736147.0
Coppa Italia,1/8 FINALE,2025-12-03,Venezia,607,Perez K.,527698,nome,Panchina,71,,jBda0F3B,4736147.0
Coppa Italia,1/8 FINALE,2025-12-03,Venezia,607,Schingtienne J.,707809,nome,Panchina,3,,jBda0F3B,4736147.0
Coppa Italia,1/8 FINALE,2025-12-03,Venezia,607,Stankovic F.,552223,nome,Panchina,1,Portiere,jBda0F3B,4736147.0
Coppa Italia,1/8 FINALE,2025-12-03,Venezia,607,Svoboda M.,438961,nome,Panchina,30,,jBda0F3B,4736147.0
Coppa Italia,1/8 FINALE,2025-12-03,Napoli,6195,Milinkovic-Savic V.,257474,nome,Titolare,32,Portiere,lAhdI8Q7,4736150.0
Coppa Italia,1/8 FINALE,2025-12-03,Napoli,6195,Beukema S.,433984,nome,Titolare,31,,lAhdI8Q7,4736150.0
Coppa Italia,1/8 FINALE,2025-12-03,Napoli,6195,Juan Jesus,121985,nome,Titolare,5,,lAhdI8Q7,4736150.0
Coppa Italia,1/8 FINALE,2025-12-03,Napoli,6195,Olivera M.,376514,nome,Titolare,17,,lAhdI8Q7,4736150.0
Coppa Italia,1/8 FINALE,2025-12-03,Napoli,6195,Mazzocchi P.,250153,nome,Titolare,30,,lAhdI8Q7,4736150.0
Coppa Italia,1/8 FINALE,2025-12-03,Napoli,6195,Vergara A.,703245,nome,Titolare,26,,lAhdI8Q7,4736150.0
Coppa Italia,1/8 FINALE,2025-12-03,Napoli,6195,Elmas E.,400489,nome,Titolare,20,,lAhdI8Q7,4736150.0
Coppa Italia,1/8 FINALE,2025-12-03,Napoli,6195,Spinazzola L.,118689,nome,Titolare,37,,lAhdI8Q7,4736150.0
Coppa Italia,1/8 FINALE,2025-12-03,Napoli,6195,Politano M.,165895,nome,Titolare,21,Capitano,lAhdI8Q7,4736150.0
Coppa Italia,1/8 FINALE,2025-12-03,Napoli,6195,Ambrosino G.,707295,nome,Titolare,69,,lAhdI8Q7,4736150.0
Coppa Italia,1/8 FINALE,2025-12-03,Napoli,6195,Lucca L.,572265,nome,Titolare,27,,lAhdI8Q7,4736150.0
Coppa Italia,1/8 FINALE,2025-12-03,Napoli,6195,Buongiorno A.,386446,nome,Panchina,4,,lAhdI8Q7,4736150.0
Coppa Italia,1/8 FINALE,2025-12-03,Napoli,6195,Contini N.,250683,nome,Panchina,14,Portiere,lAhdI8Q7,4736150.0
Coppa Italia,1/8 FINALE,2025-12-03,Napoli,6195,David Neres,469822,nome,Panchina,7,,lAhdI8Q7,4736150.0
Coppa Italia,1/8 FINALE,2025-12-03,Napoli,6195,Di Lorenzo G.,169880,nome,Panchina,22,,lAhdI8Q7,4736150.0
Coppa Italia,1/8 FINALE,2025-12-03,Napoli,6195,Ferrante M.,1195798,nome,Panchina,25,Portiere,lAhdI8Q7,4736150.0
Coppa Italia,1/8 FINALE,2025-12-03,Napoli,6195,Hojlund R.,610442,nome,Panchina,19,,lAhdI8Q7,4736150.0
Coppa Italia,1/8 FINALE,2025-12-03,Napoli,6195,Lang N.,339332,nome,Panchina,70,,lAhdI8Q7,4736150.0
Coppa Italia,1/8 FINALE,2025-12-03,Napoli,6195,Lobotka S.,192735,nome,Panchina,68,,lAhdI8Q7,4736150.0
Coppa Italia,1/8 FINALE,2025-12-03,Napoli,6195,McTominay S.,315969,nome,Panchina,8,,lAhdI8Q7,4736150.0
Coppa Italia,1/8 FINALE,2025-12-03,Napoli,6195,Rrahmani A.,257732,nome,Panchina,13,,lAhdI8Q7,4736150.0
Coppa Italia,1/8 FINALE,2025-12-03,Cagliari,1390,Caprile E.,421873,nome,Titolare,1,Portiere,lAhdI8Q7,4736150.0
Coppa Italia,1/8 FINALE,2025-12-03,Cagliari,1390,Di Pardo A.,457674,nome,Titolare,18,,lAhdI8Q7,4736150.0
Coppa Italia,1/8 FINALE,2025-12-03,Cagliari,1390,Luperto S.,278531,nome,Titolare,6,,lAhdI8Q7,4736150.0
Coppa Italia,1/8 FINALE,2025-12-03,Cagliari,1390,Rodriguez J.,1228231,nome,Titolare,15,,lAhdI8Q7,4736150.0
Coppa Italia,1/8 FINALE,2025-12-03,Cagliari,1390,Obert A.,568333,nome,Titolare,33,,lAhdI8Q7,4736150.0
Coppa Italia,1/8 FINALE,2025-12-03,Cagliari,1390,Deiola A.,235931,nome,Titolare,14,,lAhdI8Q7,4736150.0
Coppa Italia,1/8 FINALE,2025-12-03,Cagliari,1390,Luvumbo Z.,666547,nome,Titolare,77,,lAhdI8Q7,4736150.0
Coppa Italia,1/8 FINALE,2025-12-03,Cagliari,1390,Adopo M.,564305,nome,Titolare,8,,lAhdI8Q7,4736150.0
Coppa Italia,1/8 FINALE,2025-12-03,Cagliari,1390,Gaetano G.,358008,nome,Titolare,10,,lAhdI8Q7,4736150.0
Coppa Italia,1/8 FINALE,2025-12-03,Cagliari,1390,Kilicsoy S.,875334,nome,Titolare,9,,lAhdI8Q7,4736150.0
Coppa Italia,1/8 FINALE,2025-12-03,Cagliari,1390,Pavoletti L.,64793,nome,Titolare,30,Capitano,lAhdI8Q7,4736150.0
Coppa Italia,1/8 FINALE,2025-12-03,Cagliari,1390,Borrelli G.,459988,nome,Panchina,29,,lAhdI8Q7,4736150.0
Coppa Italia,1/8 FINALE,2025-12-03,Cagliari,1390,Cavuoti N.,701842,nome,Panchina,21,,lAhdI8Q7,4736150.0
Coppa Italia,1/8 FINALE,2025-12-03,Cagliari,1390,Ciocci G.,535740,nome,Panchina,24,Portiere,lAhdI8Q7,4736150.0
Coppa Italia,1/8 FINALE,2025-12-03,Cagliari,1390,Esposito Se.,538918,nome,Panchina,94,,lAhdI8Q7,4736150.0
Coppa Italia,1/8 FINALE,2025-12-03,Cagliari,1390,Felici M.,600041,nome,Panchina,17,,lAhdI8Q7,4736150.0
Coppa Italia,1/8 FINALE,2025-12-03,Cagliari,1390,Grandu N.,1048013,nome,Panchina,36,,lAhdI8Q7,4736150.0
Coppa Italia,1/8 FINALE,2025-12-03,Cagliari,1390,Idrissi R.,885226,nome,Panchina,3,,lAhdI8Q7,4736150.0
Coppa Italia,1/8 FINALE,2025-12-03,Cagliari,1390,Liteta J.,1134304,nome,Panchina,27,,lAhdI8Q7,4736150.0
Coppa Italia,1/8 FINALE,2025-12-03,Cagliari,1390,Pintus N.,885230,nome,Panchina,23,,lAhdI8Q7,4736150.0
Coppa Italia,1/8 FINALE,2025-12-03,Cagliari,1390,Prati M.,876298,nome,Panchina,16,,lAhdI8Q7,4736150.0
Coppa Italia,1/8 FINALE,2025-12-03,Cagliari,1390,Radunovic B.,258482,nome,Panchina,31,Portiere,lAhdI8Q7,4736150.0
Coppa Italia,1/8 FINALE,2025-12-03,Cagliari,1390,Rog M.,317482,nome,Panchina,20,,lAhdI8Q7,4736150.0
Coppa Italia,1/8 FINALE,2025-12-03,Cagliari,1390,Sulev I.,926839,nome,Panchina,38,,lAhdI8Q7,4736150.0
Coppa Italia,1/8 FINALE,2025-12-03,Cagliari,1390,Trepy Y.,1099924,nome,Panchina,37,,lAhdI8Q7,4736150.0
Coppa Italia,1/8 FINALE,2025-12-03,Cagliari,1390,Zappa G.,392569,nome,Panchina,28,,lAhdI8Q7,4736150.0
Coppa Italia,1/8 FINALE,2025-12-03,Atalanta,800,Sportiello M.,199976,nome,Titolare,57,Portiere,nT4jpxVs,4736146.0
Coppa Italia,1/8 FINALE,2025-12-03,Atalanta,800,Djimsiti B.,165513,nome,Titolare,19,,nT4jpxVs,4736146.0
Coppa Italia,1/8 FINALE,2025-12-03,Atalanta,800,Hien I.,503075,nome,Titolare,4,,nT4jpxVs,4736146.0
Coppa Italia,1/8 FINALE,2025-12-03,Atalanta,800,Kolasinac S.,94005,nome,Titolare,23,,nT4jpxVs,4736146.0
Coppa Italia,1/8 FINALE,2025-12-03,Atalanta,800,Bellanova R.,357992,nome,Titolare,16,,nT4jpxVs,4736146.0
Coppa Italia,1/8 FINALE,2025-12-03,Atalanta,800,De Roon M.,133179,nome,Titolare,15,Capitano,nT4jpxVs,4736146.0
Coppa Italia,1/8 FINALE,2025-12-03,Atalanta,800,Pasalic M.,205938,nome,Titolare,8,,nT4jpxVs,4736146.0
Coppa Italia,1/8 FINALE,2025-12-03,Atalanta,800,Zalewski N.,550108,nome,Titolare,59,,nT4jpxVs,4736146.0
Coppa Italia,1/8 FINALE,2025-12-03,Atalanta,800,De Ketelaere C.,435772,nome,Titolare,17,,nT4jpxVs,4736146.0
Coppa Italia,1/8 FINALE,2025-12-03,Atalanta,800,Sulemana K.,746695,nome,Titolare,7,,nT4jpxVs,4736146.0
Coppa Italia,1/8 FINALE,2025-12-03,Atalanta,800,Scamacca G.,315867,nome,Titolare,9,,nT4jpxVs,4736146.0
Coppa Italia,1/8 FINALE,2025-12-03,Atalanta,800,Ahanor H.,1077175,nome,Panchina,69,,nT4jpxVs,4736146.0
Coppa Italia,1/8 FINALE,2025-12-03,Atalanta,800,Bernasconi L.,708635,nome,Panchina,47,,nT4jpxVs,4736146.0
Coppa Italia,1/8 FINALE,2025-12-03,Atalanta,800,Brescianini M.,459128,nome,Panchina,44,,nT4jpxVs,4736146.0
Coppa Italia,1/8 FINALE,2025-12-03,Atalanta,800,Carnesecchi M.,459763,nome,Panchina,29,Portiere,nT4jpxVs,4736146.0
Coppa Italia,1/8 FINALE,2025-12-03,Atalanta,800,Ederson,607854,nome,Panchina,13,,nT4jpxVs,4736146.0
Coppa Italia,1/8 FINALE,2025-12-03,Atalanta,800,Kossounou O.,644771,nome,Panchina,3,,nT4jpxVs,4736146.0
Coppa Italia,1/8 FINALE,2025-12-03,Atalanta,800,Krstovic N.,434433,nome,Panchina,90,,nT4jpxVs,4736146.0
Coppa Italia,1/8 FINALE,2025-12-03,Atalanta,800,Lookman A.,406040,nome,Panchina,11,,nT4jpxVs,4736146.0
Coppa Italia,1/8 FINALE,2025-12-03,Atalanta,800,Maldini D.,539134,nome,Panchina,70,,nT4jpxVs,4736146.0
Coppa Italia,1/8 FINALE,2025-12-03,Atalanta,800,Musah Y.,503991,nome,Panchina,6,,nT4jpxVs,4736146.0
Coppa Italia,1/8 FINALE,2025-12-03,Atalanta,800,Rossi F.,126634,nome,Panchina,31,Portiere,nT4jpxVs,4736146.0
Coppa Italia,1/8 FINALE,2025-12-03,Atalanta,800,Samardzic L.,528833,nome,Panchina,10,,nT4jpxVs,4736146.0
Coppa Italia,1/8 FINALE,2025-12-03,Atalanta,800,Scalvini G.,571604,nome,Panchina,42,,nT4jpxVs,4736146.0
Coppa Italia,1/8 FINALE,2025-12-03,Genoa,252,Siegrist B.,111426,nome,Titolare,31,Portiere,nT4jpxVs,4736146.0
Coppa Italia,1/8 FINALE,2025-12-03,Genoa,252,Norton-Cuffy B.,728733,nome,Titolare,15,,nT4jpxVs,4736146.0
Coppa Italia,1/8 FINALE,2025-12-03,Genoa,252,Otoa S.,890385,nome,Titolare,34,,nT4jpxVs,4736146.0
Coppa Italia,1/8 FINALE,2025-12-03,Genoa,252,Vasquez J.,532937,nome,Titolare,22,Capitano,nT4jpxVs,4736146.0
Coppa Italia,1/8 FINALE,2025-12-03,Genoa,252,Ellertsson M. E.,566615,nome,Titolare,77,,nT4jpxVs,4736146.0
Coppa Italia,1/8 FINALE,2025-12-03,Genoa,252,Masini P.,459665,nome,Titolare,73,,nT4jpxVs,4736146.0
Coppa Italia,1/8 FINALE,2025-12-03,Genoa,252,Frendrup M.,503871,nome,Titolare,32,,nT4jpxVs,4736146.0
Coppa Italia,1/8 FINALE,2025-12-03,Genoa,252,Fini S.,866250,nome,Titolare,40,,nT4jpxVs,4736146.0
Coppa Italia,1/8 FINALE,2025-12-03,Genoa,252,Carboni V.,787618,nome,Titolare,23,,nT4jpxVs,4736146.0
Coppa Italia,1/8 FINALE,2025-12-03,Genoa,252,Stanciu N.,148372,nome,Titolare,8,,nT4jpxVs,4736146.0
Coppa Italia,1/8 FINALE,2025-12-03,Genoa,252,Ekhator J.,934878,nome,Titolare,21,,nT4jpxVs,4736146.0
Coppa Italia,1/8 FINALE,2025-12-03,Genoa,252,Colombo L.,487843,nome,Panchina,29,,nT4jpxVs,4736146.0
Coppa Italia,1/8 FINALE,2025-12-03,Genoa,252,Cuenca Martinez H. F.,906315,eliminazione,Panchina,30,,nT4jpxVs,4736146.0
Coppa Italia,1/8 FINALE,2025-12-03,Genoa,252,Ekuban C.,199953,nome,Panchina,18,,nT4jpxVs,4736146.0
Coppa Italia,1/8 FINALE,2025-12-03,Genoa,252,Junior Messias,449151,nome,Panchina,10,,nT4jpxVs,4736146.0
Coppa Italia,1/8 FINALE,2025-12-03,Genoa,252,Leali N.,136111,nome,Panchina,1,Portiere,nT4jpxVs,4736146.0
Coppa Italia,1/8 FINALE,2025-12-03,Genoa,252,Marcandalli A.,818448,nome,Panchina,27,,nT4jpxVs,4736146.0
Coppa Italia,1/8 FINALE,2025-12-03,Genoa,252,Martin A.,251878,nome,Panchina,3,,nT4jpxVs,4736146.0
Coppa Italia,1/8 FINALE,2025-12-03,Genoa,252,Onana J.,656441,nome,Panchina,14,,nT4jpxVs,4736146.0
Coppa Italia,1/8 FINALE,2025-12-03,Genoa,252,Ostigard L.,367284,nome,Panchina,5,,nT4jpxVs,4736146.0
Coppa Italia,1/8 FINALE,2025-12-03,Genoa,252,Sommariva D.,312773,nome,Panchina,39,Portiere,nT4jpxVs,4736146.0
Coppa Italia,1/8 FINALE,2025-12-03,Genoa,252,Thorsby M.,226524,nome,Panchina,2,,nT4jpxVs,4736146.0
Coppa Italia,1/8 FINALE,2025-12-03,Genoa,252,Venturino L.,1061820,nome,Panchina,76,,nT4jpxVs,4736146.0
Coppa Italia,1/8 FINALE,2025-12-03,Genoa,252,Vitinha,586853,nome,Panchina,9,,nT4jpxVs,4736146.0
Coppa Italia,1/8 FINALE,2025-12-02,Juventus,506,Di Gregorio M.,301238,nome,Titolare,16,Portiere,nofsDllf,4736145.0
Coppa Italia,1/8 FINALE,2025-12-02,Juventus,506,Kalulu P.,585949,nome,Titolare,15,,nofsDllf,4736145.0
Coppa Italia,1/8 FINALE,2025-12-02,Juventus,506,Gatti F.,509022,nome,Titolare,4,,nofsDllf,4736145.0
Coppa Italia,1/8 FINALE,2025-12-02,Juventus,506,Kelly L.,480116,nome,Titolare,6,,nofsDllf,4736145.0
Coppa Italia,1/8 FINALE,2025-12-02,Juventus,506,Cambiaso A.,459658,nome,Titolare,27,,nofsDllf,4736145.0
Coppa Italia,1/8 FINALE,2025-12-02,Juventus,506,Miretti F.,571607,nome,Titolare,21,,nofsDllf,4736145.0
Coppa Italia,1/8 FINALE,2025-12-02,Juventus,506,Koopmeiners T.,360518,nome,Titolare,8,,nofsDllf,4736145.0
Coppa Italia,1/8 FINALE,2025-12-02,Juventus,506,Cabal J.,686965,nome,Titolare,32,,nofsDllf,4736145.0
Coppa Italia,1/8 FINALE,2025-12-02,Juventus,506,McKennie W.,332697,nome,Titolare,22,,nofsDllf,4736145.0
Coppa Italia,1/8 FINALE,2025-12-02,Juventus,506,Yildiz K.,845654,nome,Titolare,10,Capitano,nofsDllf,4736145.0
Coppa Italia,1/8 FINALE,2025-12-02,Juventus,506,David J.,533738,nome,Titolare,30,,nofsDllf,4736145.0
Coppa Italia,1/8 FINALE,2025-12-02,Juventus,506,Adzic V.,944570,nome,Panchina,17,,nofsDllf,4736145.0
Coppa Italia,1/8 FINALE,2025-12-02,Juventus,506,Conceicao F.,487474,nome,Panchina,7,,nofsDllf,4736145.0
Coppa Italia,1/8 FINALE,2025-12-02,Juventus,506,Joao Mario,537602,nome,Panchina,25,,nofsDllf,4736145.0
Coppa Italia,1/8 FINALE,2025-12-02,Juventus,506,Kostic F.,161011,nome,Panchina,18,,nofsDllf,4736145.0
Coppa Italia,1/8 FINALE,2025-12-02,Juventus,506,Locatelli M.,265088,nome,Panchina,5,,nofsDllf,4736145.0
Coppa Italia,1/8 FINALE,2025-12-02,Juventus,506,Mangiapoco S.,942058,nome,Panchina,45,Portiere,nofsDllf,4736145.0
Coppa Italia,1/8 FINALE,2025-12-02,Juventus,506,Openda L.,368887,nome,Panchina,20,,nofsDllf,4736145.0
Coppa Italia,1/8 FINALE,2025-12-02,Juventus,506,Pedro Felipe,1082581,nome,Panchina,44,,nofsDllf,4736145.0
Coppa Italia,1/8 FINALE,2025-12-02,Juventus,506,Rouhi J.,741090,nome,Panchina,40,,nofsDllf,4736145.0
Coppa Italia,1/8 FINALE,2025-12-02,Juventus,506,Scaglia S.,650989,nome,Panchina,42,Portiere,nofsDllf,4736145.0
Coppa Italia,1/8 FINALE,2025-12-02,Juventus,506,Thuram K.,463618,nome,Panchina,19,,nofsDllf,4736145.0
Coppa Italia,1/8 FINALE,2025-12-02,Juventus,506,Zhegrova E.,496857,nome,Panchina,11,,nofsDllf,4736145.0
Coppa Italia,1/8 FINALE,2025-12-02,Udinese,410,Sava R.,568617,nome,Titolare,90,Portiere,nofsDllf,4736145.0
Coppa Italia,1/8 FINALE,2025-12-02,Udinese,410,Palma M.,1058354,nome,Titolare,16,,nofsDllf,4736145.0
Coppa Italia,1/8 FINALE,2025-12-02,Udinese,410,Solet O.,463665,nome,Titolare,28,,nofsDllf,4736145.0
Coppa Italia,1/8 FINALE,2025-12-02,Udinese,410,Bertola N.,632831,nome,Titolare,13,,nofsDllf,4736145.0
Coppa Italia,1/8 FINALE,2025-12-02,Udinese,410,Lovric S.,268429,nome,Titolare,4,Capitano,nofsDllf,4736145.0
Coppa Italia,1/8 FINALE,2025-12-02,Udinese,410,Ehizibue K.,272812,nome,Titolare,19,,nofsDllf,4736145.0
Coppa Italia,1/8 FINALE,2025-12-02,Udinese,410,Zarraga O.,524010,nome,Titolare,6,,nofsDllf,4736145.0
Coppa Italia,1/8 FINALE,2025-12-02,Udinese,410,Atta A.,855308,nome,Titolare,14,,nofsDllf,4736145.0
Coppa Italia,1/8 FINALE,2025-12-02,Udinese,410,Zemura J.,633530,nome,Titolare,33,,nofsDllf,4736145.0
Coppa Italia,1/8 FINALE,2025-12-02,Udinese,410,Zaniolo N.,392085,nome,Titolare,10,,nofsDllf,4736145.0
Coppa Italia,1/8 FINALE,2025-12-02,Udinese,410,Buksa A.,267160,nome,Titolare,18,,nofsDllf,4736145.0
Coppa Italia,1/8 FINALE,2025-12-02,Udinese,410,Bayo V.,375877,nome,Panchina,15,,nofsDllf,4736145.0
Coppa Italia,1/8 FINALE,2025-12-02,Udinese,410,Bravo I.,741292,nome,Panchina,17,,nofsDllf,4736145.0
Coppa Italia,1/8 FINALE,2025-12-02,Udinese,410,Camara A.,1210116,nome,Panchina,29,,nofsDllf,4736145.0
Coppa Italia,1/8 FINALE,2025-12-02,Udinese,410,Ekkelenkamp J.,361068,nome,Panchina,32,,nofsDllf,4736145.0
Coppa Italia,1/8 FINALE,2025-12-02,Udinese,410,Goglichidze S.,906160,nome,Panchina,2,,nofsDllf,4736145.0
Coppa Italia,1/8 FINALE,2025-12-02,Udinese,410,Gueye I.,1178488,nome,Panchina,7,,nofsDllf,4736145.0
Coppa Italia,1/8 FINALE,2025-12-02,Udinese,410,Kabasele C.,81512,nome,Panchina,27,,nofsDllf,4736145.0
Coppa Italia,1/8 FINALE,2025-12-02,Udinese,410,Kristensen T.,698259,nome,Panchina,31,,nofsDllf,4736145.0
Coppa Italia,1/8 FINALE,2025-12-02,Udinese,410,Miller L.,924857,nome,Panchina,38,,nofsDllf,4736145.0
Coppa Italia,1/8 FINALE,2025-12-02,Udinese,410,Modesto R.,671799,nome,Panchina,77,,nofsDllf,4736145.0
Coppa Italia,1/8 FINALE,2025-12-02,Udinese,410,Nunziante A.,956588,nome,Panchina,1,Portiere,nofsDllf,4736145.0
Coppa Italia,1/8 FINALE,2025-12-02,Udinese,410,Okoye M.,340353,nome,Panchina,40,Portiere,nofsDllf,4736145.0
Coppa Italia,1/8 FINALE,2025-12-02,Udinese,410,Padelli D.,27807,nome,Panchina,93,Portiere,nofsDllf,4736145.0
Coppa Italia,1/16 FINALE,2025-09-25,Torino,416,Paleari A.,163048,nome,Titolare,1,Portiere,niTbgBVh,4709642.0
Coppa Italia,1/16 FINALE,2025-09-25,Torino,416,Dembele A.,1004344,nome,Titolare,21,,niTbgBVh,4709642.0
Coppa Italia,1/16 FINALE,2025-09-25,Torino,416,Ismajli A.,435228,nome,Titolare,44,,niTbgBVh,4709642.0
Coppa Italia,1/16 FINALE,2025-09-25,Torino,416,Coco S.,588426,nome,Titolare,23,,niTbgBVh,4709642.0
Coppa Italia,1/16 FINALE,2025-09-25,Torino,416,Pedersen M.,583404,nome,Titolare,16,,niTbgBVh,4709642.0
Coppa Italia,1/16 FINALE,2025-09-25,Torino,416,Casadei C.,622380,nome,Titolare,22,,niTbgBVh,4709642.0
Coppa Italia,1/16 FINALE,2025-09-25,Torino,416,Tameze A.,157507,nome,Titolare,61,Capitano,niTbgBVh,4709642.0
Coppa Italia,1/16 FINALE,2025-09-25,Torino,416,Nkounkou N.,591193,nome,Titolare,25,,niTbgBVh,4709642.0
Coppa Italia,1/16 FINALE,2025-09-25,Torino,416,Ngonge C.,358032,nome,Titolare,26,,niTbgBVh,4709642.0
Coppa Italia,1/16 FINALE,2025-09-25,Torino,416,Njie A.,934527,nome,Titolare,92,,niTbgBVh,4709642.0
Coppa Italia,1/16 FINALE,2025-09-25,Torino,416,Adams C.,346779,nome,Titolare,19,,niTbgBVh,4709642.0
Coppa Italia,1/16 FINALE,2025-09-25,Torino,416,Aboukhlal Z.,393238,nome,Panchina,7,,niTbgBVh,4709642.0
Coppa Italia,1/16 FINALE,2025-09-25,Torino,416,Anjorin F.,433181,eliminazione,Panchina,14,,niTbgBVh,4709642.0
Coppa Italia,1/16 FINALE,2025-09-25,Torino,416,Asllani K.,543771,nome,Panchina,32,,niTbgBVh,4709642.0
Coppa Italia,1/16 FINALE,2025-09-25,Torino,416,Biraghi C.,124555,nome,Panchina,34,,niTbgBVh,4709642.0
Coppa Italia,1/16 FINALE,2025-09-25,Torino,416,Gineitis G.,798929,nome,Panchina,66,,niTbgBVh,4709642.0
Coppa Italia,1/16 FINALE,2025-09-25,Torino,416,Ilkhan E.,743091,nome,Panchina,6,,niTbgBVh,4709642.0
Coppa Italia,1/16 FINALE,2025-09-25,Torino,416,Israel F.,492319,nome,Panchina,81,Portiere,niTbgBVh,4709642.0
Coppa Italia,1/16 FINALE,2025-09-25,Torino,416,Lazaro V.,186368,nome,Panchina,20,,niTbgBVh,4709642.0
Coppa Italia,1/16 FINALE,2025-09-25,Torino,416,Popa M.,623412,nome,Panchina,71,Portiere,niTbgBVh,4709642.0
Coppa Italia,1/16 FINALE,2025-09-25,Torino,416,Simeone G.,282388,nome,Panchina,18,,niTbgBVh,4709642.0
Coppa Italia,1/16 FINALE,2025-09-25,Torino,416,Vlasic N.,293200,nome,Panchina,10,,niTbgBVh,4709642.0
Coppa Italia,1/16 FINALE,2025-09-25,Torino,416,Zapata D.,73794,nome,Panchina,91,,niTbgBVh,4709642.0
Coppa Italia,1/16 FINALE,2025-09-25,Pisa,4172,Scuffet S.,238993,nome,Titolare,22,Portiere,niTbgBVh,4709642.0
Coppa Italia,1/16 FINALE,2025-09-25,Pisa,4172,Canestrelli S.,358003,nome,Titolare,5,Capitano,niTbgBVh,4709642.0
Coppa Italia,1/16 FINALE,2025-09-25,Pisa,4172,Albiol R.,15452,nome,Titolare,39,,niTbgBVh,4709642.0
Coppa Italia,1/16 FINALE,2025-09-25,Pisa,4172,Mbambi J.,1231354,nome,Titolare,76,,niTbgBVh,4709642.0
Coppa Italia,1/16 FINALE,2025-09-25,Pisa,4172,Cuadrado J.,91970,nome,Titolare,11,,niTbgBVh,4709642.0
Coppa Italia,1/16 FINALE,2025-09-25,Pisa,4172,Hojholt M.,543822,nome,Titolare,8,,niTbgBVh,4709642.0
Coppa Italia,1/16 FINALE,2025-09-25,Pisa,4172,Vural I.,989621,nome,Titolare,21,,niTbgBVh,4709642.0
Coppa Italia,1/16 FINALE,2025-09-25,Pisa,4172,Angori S.,705063,nome,Titolare,3,,niTbgBVh,4709642.0
Coppa Italia,1/16 FINALE,2025-09-25,Pisa,4172,Lorran,1009030,nome,Titolare,99,,niTbgBVh,4709642.0
Coppa Italia,1/16 FINALE,2025-09-25,Pisa,4172,Piccinini G.,628365,nome,Titolare,36,,niTbgBVh,4709642.0
Coppa Italia,1/16 FINALE,2025-09-25,Pisa,4172,Meister H.,914934,nome,Titolare,9,,niTbgBVh,4709642.0
Coppa Italia,1/16 FINALE,2025-09-25,Pisa,4172,Battistella D.,1191066,nome,Panchina,41,,niTbgBVh,4709642.0
Coppa Italia,1/16 FINALE,2025-09-25,Pisa,4172,Bettazzi B.,1191068,nome,Panchina,42,,niTbgBVh,4709642.0
Coppa Italia,1/16 FINALE,2025-09-25,Pisa,4172,Bonfanti G.,663900,nome,Panchina,94,,niTbgBVh,4709642.0
Coppa Italia,1/16 FINALE,2025-09-25,Pisa,4172,Buffon L.,1191069,nome,Panchina,16,,niTbgBVh,4709642.0
Coppa Italia,1/16 FINALE,2025-09-25,Pisa,4172,Casarosa M.,1058319,nome,Panchina,43,,niTbgBVh,4709642.0
Coppa Italia,1/16 FINALE,2025-09-25,Pisa,4172,Mateus Lusuardi,1159022,nome,Panchina,47,,niTbgBVh,4709642.0
Coppa Italia,1/16 FINALE,2025-09-25,Pisa,4172,Nicolas Andrade,99523,nome,Panchina,12,Portiere,niTbgBVh,4709642.0
Coppa Italia,1/16 FINALE,2025-09-25,Pisa,4172,Tosi L.,1191079,nome,Panchina,46,,niTbgBVh,4709642.0
Coppa Italia,1/16 FINALE,2025-09-25,Pisa,4172,Toure I.,335516,nome,Panchina,15,,niTbgBVh,4709642.0
Coppa Italia,1/16 FINALE,2025-09-25,Pisa,4172,Tramoni M.,475410,nome,Panchina,10,,niTbgBVh,4709642.0
Coppa Italia,1/16 FINALE,2025-09-25,Pisa,4172,Vukovic A.,921561,nome,Panchina,34,Portiere,niTbgBVh,4709642.0
Coppa Italia,1/16 FINALE,2025-09-25,Genoa,252,Leali N.,136111,nome,Titolare,1,Portiere,4np6ac7T,4709225.0
Coppa Italia,1/16 FINALE,2025-09-25,Genoa,252,Sabelli S.,167491,nome,Titolare,20,,4np6ac7T,4709225.0
Coppa Italia,1/16 FINALE,2025-09-25,Genoa,252,Marcandalli A.,818448,nome,Titolare,27,,4np6ac7T,4709225.0
Coppa Italia,1/16 FINALE,2025-09-25,Genoa,252,Vasquez J.,532937,nome,Titolare,22,Capitano,4np6ac7T,4709225.0
Coppa Italia,1/16 FINALE,2025-09-25,Genoa,252,Martin A.,251878,nome,Titolare,3,,4np6ac7T,4709225.0
Coppa Italia,1/16 FINALE,2025-09-25,Genoa,252,Stanciu N.,148372,nome,Titolare,8,,4np6ac7T,4709225.0
Coppa Italia,1/16 FINALE,2025-09-25,Genoa,252,Frendrup M.,503871,nome,Titolare,32,,4np6ac7T,4709225.0
Coppa Italia,1/16 FINALE,2025-09-25,Genoa,252,Carboni V.,787618,nome,Titolare,23,,4np6ac7T,4709225.0
Coppa Italia,1/16 FINALE,2025-09-25,Genoa,252,Junior Messias,449151,nome,Titolare,10,,4np6ac7T,4709225.0
Coppa Italia,1/16 FINALE,2025-09-25,Genoa,252,Gronbaek A.,503866,nome,Titolare,11,,4np6ac7T,4709225.0
Coppa Italia,1/16 FINALE,2025-09-25,Genoa,252,Colombo L.,487843,nome,Titolare,29,,4np6ac7T,4709225.0
Coppa Italia,1/16 FINALE,2025-09-25,Genoa,252,Cuenca Martinez H. F.,906315,eliminazione,Panchina,30,,4np6ac7T,4709225.0
Coppa Italia,1/16 FINALE,2025-09-25,Genoa,252,Ekhator J.,934878,nome,Panchina,21,,4np6ac7T,4709225.0
Coppa Italia,1/16 FINALE,2025-09-25,Genoa,252,Ekuban C.,199953,nome,Panchina,18,,4np6ac7T,4709225.0
Coppa Italia,1/16 FINALE,2025-09-25,Genoa,252,Ellertsson M. E.,566615,nome,Panchina,77,,4np6ac7T,4709225.0
Coppa Italia,1/16 FINALE,2025-09-25,Genoa,252,Fini S.,866250,nome,Panchina,40,,4np6ac7T,4709225.0
Coppa Italia,1/16 FINALE,2025-09-25,Genoa,252,Malinovskyi R.,207877,nome,Panchina,17,,4np6ac7T,4709225.0
Coppa Italia,1/16 FINALE,2025-09-25,Genoa,252,Masini P.,459665,nome,Panchina,73,,4np6ac7T,4709225.0
Coppa Italia,1/16 FINALE,2025-09-25,Genoa,252,Norton-Cuffy B.,728733,nome,Panchina,15,,4np6ac7T,4709225.0
Coppa Italia,1/16 FINALE,2025-09-25,Genoa,252,Otoa S.,890385,nome,Panchina,34,,4np6ac7T,4709225.0
Coppa Italia,1/16 FINALE,2025-09-25,Genoa,252,Siegrist B.,111426,nome,Panchina,31,Portiere,4np6ac7T,4709225.0
Coppa Italia,1/16 FINALE,2025-09-25,Genoa,252,Sommariva D.,312773,nome,Panchina,39,Portiere,4np6ac7T,4709225.0
Coppa Italia,1/16 FINALE,2025-09-25,Genoa,252,Thorsby M.,226524,nome,Panchina,2,,4np6ac7T,4709225.0
Coppa Italia,1/16 FINALE,2025-09-25,Genoa,252,Venturino L.,1061820,nome,Panchina,76,,4np6ac7T,4709225.0
Coppa Italia,1/16 FINALE,2025-09-25,Genoa,252,Vitinha,586853,nome,Panchina,9,,4np6ac7T,4709225.0
Coppa Italia,1/16 FINALE,2025-09-25,Empoli,749,Perisan S.,301240,nome,Titolare,1,Portiere,4np6ac7T,4709225.0
Coppa Italia,1/16 FINALE,2025-09-25,Empoli,749,Ebuehi T.,309944,nome,Titolare,24,,4np6ac7T,4709225.0
Coppa Italia,1/16 FINALE,2025-09-25,Empoli,749,Guarino G.,745427,nome,Titolare,34,,4np6ac7T,4709225.0
Coppa Italia,1/16 FINALE,2025-09-25,Empoli,749,Obaretin N.,704456,nome,Titolare,5,,4np6ac7T,4709225.0
Coppa Italia,1/16 FINALE,2025-09-25,Empoli,749,Moruzzi B.,900630,nome,Titolare,27,,4np6ac7T,4709225.0
Coppa Italia,1/16 FINALE,2025-09-25,Empoli,749,Belardinelli L.,467994,nome,Titolare,8,Capitano,4np6ac7T,4709225.0
Coppa Italia,1/16 FINALE,2025-09-25,Empoli,749,Yepes G.,624436,nome,Titolare,14,,4np6ac7T,4709225.0
Coppa Italia,1/16 FINALE,2025-09-25,Empoli,749,Carboni F.,731491,nome,Titolare,79,,4np6ac7T,4709225.0
Coppa Italia,1/16 FINALE,2025-09-25,Empoli,749,Ilie R.,812654,nome,Titolare,10,,4np6ac7T,4709225.0
Coppa Italia,1/16 FINALE,2025-09-25,Empoli,749,Saporiti E.,534133,nome,Titolare,70,,4np6ac7T,4709225.0
Coppa Italia,1/16 FINALE,2025-09-25,Empoli,749,Popov B.,1198243,nome,Titolare,77,,4np6ac7T,4709225.0
Coppa Italia,1/16 FINALE,2025-09-25,Empoli,749,Busiello D.,1112401,nome,Panchina,53,,4np6ac7T,4709225.0
Coppa Italia,1/16 FINALE,2025-09-25,Empoli,749,Campaniello T.,1058369,nome,Panchina,89,,4np6ac7T,4709225.0
Coppa Italia,1/16 FINALE,2025-09-25,Empoli,749,Gasparini M.,487828,nome,Panchina,12,Portiere,4np6ac7T,4709225.0
Coppa Italia,1/16 FINALE,2025-09-25,Empoli,749,Ignacchiti L.,814445,nome,Panchina,25,,4np6ac7T,4709225.0
Coppa Italia,1/16 FINALE,2025-09-25,Empoli,749,Indragoli G.,814438,nome,Panchina,28,,4np6ac7T,4709225.0
Coppa Italia,1/16 FINALE,2025-09-25,Empoli,749,Lauricella G.,1182178,nome,Panchina,37,,4np6ac7T,4709225.0
Coppa Italia,1/16 FINALE,2025-09-25,Empoli,749,Orlandi A.,1019118,nome,Panchina,96,,4np6ac7T,4709225.0
Coppa Italia,1/16 FINALE,2025-09-25,Empoli,749,Pasalic K.,1233233,nome,Panchina,42,,4np6ac7T,4709225.0
Coppa Italia,1/16 FINALE,2025-09-25,Empoli,749,Perin E.,988997,nome,Panchina,31,,4np6ac7T,4709225.0
Coppa Italia,1/16 FINALE,2025-09-25,Empoli,749,Shpendi S.,931567,nome,Panchina,11,,4np6ac7T,4709225.0
Coppa Italia,1/16 FINALE,2025-09-25,Empoli,749,Tosto L.,942814,nome,Panchina,29,,4np6ac7T,4709225.0
Coppa Italia,1/16 FINALE,2025-09-25,Empoli,749,Versari F.,1182165,nome,Panchina,22,Portiere,4np6ac7T,4709225.0
Coppa Italia,1/16 FINALE,2025-09-25,Empoli,749,Zanaga E.,1074995,nome,Panchina,48,,4np6ac7T,4709225.0
Coppa Italia,1/16 FINALE,2025-09-24,Como,1047,Butez J.,290537,nome,Titolare,1,Portiere,lErvz9EE,4709226.0
Coppa Italia,1/16 FINALE,2025-09-24,Como,1047,Posch S.,223974,nome,Titolare,27,,lErvz9EE,4709226.0
Coppa Italia,1/16 FINALE,2025-09-24,Como,1047,Goldaniga E.,242940,nome,Titolare,5,,lErvz9EE,4709226.0
Coppa Italia,1/16 FINALE,2025-09-24,Como,1047,Kempf M. O.,160938,nome,Titolare,2,,lErvz9EE,4709226.0
Coppa Italia,1/16 FINALE,2025-09-24,Como,1047,Moreno A.,207917,nome,Titolare,18,,lErvz9EE,4709226.0
Coppa Italia,1/16 FINALE,2025-09-24,Como,1047,Caqueret M.,395237,nome,Titolare,6,,lErvz9EE,4709226.0
Coppa Italia,1/16 FINALE,2025-09-24,Como,1047,Da Cunha L.,495667,nome,Titolare,33,Capitano,lErvz9EE,4709226.0
Coppa Italia,1/16 FINALE,2025-09-24,Como,1047,Addai J.,747720,nome,Titolare,42,,lErvz9EE,4709226.0
Coppa Italia,1/16 FINALE,2025-09-24,Como,1047,Baturina M.,580451,nome,Titolare,20,,lErvz9EE,4709226.0
Coppa Italia,1/16 FINALE,2025-09-24,Como,1047,Rodriguez J.,1190411,nome,Titolare,17,,lErvz9EE,4709226.0
Coppa Italia,1/16 FINALE,2025-09-24,Como,1047,Douvikas A.,523318,nome,Titolare,11,,lErvz9EE,4709226.0
Coppa Italia,1/16 FINALE,2025-09-24,Como,1047,Bonsignori Goggi L.,988979,eliminazione,Panchina,57,,lErvz9EE,4709226.0
Coppa Italia,1/16 FINALE,2025-09-24,Como,1047,Cavlina N.,587505,nome,Panchina,44,Portiere,lErvz9EE,4709226.0
Coppa Italia,1/16 FINALE,2025-09-24,Como,1047,Cerri A.,197751,nome,Panchina,99,,lErvz9EE,4709226.0
Coppa Italia,1/16 FINALE,2025-09-24,Como,1047,Diego Carlos,329145,nome,Panchina,34,,lErvz9EE,4709226.0
Coppa Italia,1/16 FINALE,2025-09-24,Como,1047,Kuhn N.,336012,nome,Panchina,19,,lErvz9EE,4709226.0
Coppa Italia,1/16 FINALE,2025-09-24,Como,1047,Morata A.,128223,nome,Panchina,7,,lErvz9EE,4709226.0
Coppa Italia,1/16 FINALE,2025-09-24,Como,1047,Papaccioli M.,1211326,nome,Panchina,54,,lErvz9EE,4709226.0
Coppa Italia,1/16 FINALE,2025-09-24,Como,1047,Paz N.,948294,nome,Panchina,10,,lErvz9EE,4709226.0
Coppa Italia,1/16 FINALE,2025-09-24,Como,1047,Perrone M.,668547,nome,Panchina,23,,lErvz9EE,4709226.0
Coppa Italia,1/16 FINALE,2025-09-24,Como,1047,Ramon J.,948278,nome,Panchina,14,,lErvz9EE,4709226.0
Coppa Italia,1/16 FINALE,2025-09-24,Como,1047,Roberto S.,85370,nome,Panchina,8,,lErvz9EE,4709226.0
Coppa Italia,1/16 FINALE,2025-09-24,Como,1047,Smolcic I.,571271,nome,Panchina,28,,lErvz9EE,4709226.0
Coppa Italia,1/16 FINALE,2025-09-24,Como,1047,Valle A.,709957,nome,Panchina,3,,lErvz9EE,4709226.0
Coppa Italia,1/16 FINALE,2025-09-24,Como,1047,Vigorito M.,88595,nome,Panchina,22,Portiere,lErvz9EE,4709226.0
Coppa Italia,1/16 FINALE,2025-09-24,Como,1047,Vojvoda M.,336125,nome,Panchina,31,,lErvz9EE,4709226.0
Coppa Italia,1/16 FINALE,2025-09-24,Sassuolo,6574,Turati S.,543666,nome,Titolare,13,Portiere,lErvz9EE,4709226.0
Coppa Italia,1/16 FINALE,2025-09-24,Sassuolo,6574,Coulibaly W.,592975,nome,Titolare,25,,lErvz9EE,4709226.0
Coppa Italia,1/16 FINALE,2025-09-24,Sassuolo,6574,Romagna F.,256678,nome,Titolare,19,Capitano,lErvz9EE,4709226.0
Coppa Italia,1/16 FINALE,2025-09-24,Sassuolo,6574,Cande F.,520530,nome,Titolare,5,,lErvz9EE,4709226.0
Coppa Italia,1/16 FINALE,2025-09-24,Sassuolo,6574,Pieragnolo E.,691825,nome,Titolare,15,,lErvz9EE,4709226.0
Coppa Italia,1/16 FINALE,2025-09-24,Sassuolo,6574,Iannoni E.,700053,nome,Titolare,44,,lErvz9EE,4709226.0
Coppa Italia,1/16 FINALE,2025-09-24,Sassuolo,6574,Lipani L.,724106,nome,Titolare,35,,lErvz9EE,4709226.0
Coppa Italia,1/16 FINALE,2025-09-24,Sassuolo,6574,Boloca D.,441515,nome,Titolare,11,,lErvz9EE,4709226.0
Coppa Italia,1/16 FINALE,2025-09-24,Sassuolo,6574,Volpato C.,746891,nome,Titolare,7,,lErvz9EE,4709226.0
Coppa Italia,1/16 FINALE,2025-09-24,Sassuolo,6574,Cheddira W.,521407,nome,Titolare,9,,lErvz9EE,4709226.0
Coppa Italia,1/16 FINALE,2025-09-24,Sassuolo,6574,Fadera A.,749552,nome,Titolare,20,,lErvz9EE,4709226.0
Coppa Italia,1/16 FINALE,2025-09-24,Sassuolo,6574,Doig J.,567129,nome,Panchina,3,,lErvz9EE,4709226.0
Coppa Italia,1/16 FINALE,2025-09-24,Sassuolo,6574,Kone I.,921655,nome,Panchina,90,,lErvz9EE,4709226.0
Coppa Italia,1/16 FINALE,2025-09-24,Sassuolo,6574,Moro L.,600936,nome,Panchina,24,,lErvz9EE,4709226.0
Coppa Italia,1/16 FINALE,2025-09-24,Sassuolo,6574,Muharemovic T.,679423,nome,Panchina,80,,lErvz9EE,4709226.0
Coppa Italia,1/16 FINALE,2025-09-24,Sassuolo,6574,Odenthal C.,406632,nome,Panchina,26,,lErvz9EE,4709226.0
Coppa Italia,1/16 FINALE,2025-09-24,Sassuolo,6574,Pierini N.,372720,nome,Panchina,77,,lErvz9EE,4709226.0
Coppa Italia,1/16 FINALE,2025-09-24,Sassuolo,6574,Satalino G.,323255,nome,Panchina,12,Portiere,lErvz9EE,4709226.0
Coppa Italia,1/16 FINALE,2025-09-24,Sassuolo,6574,Skjellerup L.,655207,nome,Panchina,14,,lErvz9EE,4709226.0
Coppa Italia,1/16 FINALE,2025-09-24,Sassuolo,6574,Thorstvedt K.,564785,nome,Panchina,42,,lErvz9EE,4709226.0
Coppa Italia,1/16 FINALE,2025-09-24,Sassuolo,6574,Vranckx A.,503881,nome,Panchina,40,,lErvz9EE,4709226.0
Coppa Italia,1/16 FINALE,2025-09-24,Sassuolo,6574,Walukiewicz S.,345458,nome,Panchina,6,,lErvz9EE,4709226.0
Coppa Italia,1/16 FINALE,2025-09-24,Sassuolo,6574,Zacchi G.,659648,nome,Panchina,16,Portiere,lErvz9EE,4709226.0
Coppa Italia,1/16 FINALE,2025-09-24,Verona,276,Perilli S.,240675,nome,Titolare,34,Portiere,hj7GkWE7,4709561.0
Coppa Italia,1/16 FINALE,2025-09-24,Verona,276,Slotsager T.,851385,nome,Titolare,19,,hj7GkWE7,4709561.0
Coppa Italia,1/16 FINALE,2025-09-24,Verona,276,Bella-Kotchap A.,467563,nome,Titolare,37,,hj7GkWE7,4709561.0
Coppa Italia,1/16 FINALE,2025-09-24,Verona,276,Ebosse E.,342877,nome,Titolare,23,,hj7GkWE7,4709561.0
Coppa Italia,1/16 FINALE,2025-09-24,Verona,276,Cham F.,1315458,nome,Titolare,70,,hj7GkWE7,4709561.0
Coppa Italia,1/16 FINALE,2025-09-24,Verona,276,Santiago Perez J.,941869,eliminazione,Titolare,4,,hj7GkWE7,4709561.0
Coppa Italia,1/16 FINALE,2025-09-24,Verona,276,Al Musrati,377641,nome,Titolare,73,,hj7GkWE7,4709561.0
Coppa Italia,1/16 FINALE,2025-09-24,Verona,276,Niasse C.,644032,nome,Titolare,36,,hj7GkWE7,4709561.0
Coppa Italia,1/16 FINALE,2025-09-24,Verona,276,Kastanos G.,298635,nome,Titolare,20,,hj7GkWE7,4709561.0
Coppa Italia,1/16 FINALE,2025-09-24,Verona,276,Sarr A.,748382,nome,Titolare,9,,hj7GkWE7,4709561.0
Coppa Italia,1/16 FINALE,2025-09-24,Verona,276,Ajayi J.,1111820,nome,Titolare,72,,hj7GkWE7,4709561.0
Coppa Italia,1/16 FINALE,2025-09-24,Verona,276,Akale R.,1185449,nome,Panchina,28,,hj7GkWE7,4709561.0
Coppa Italia,1/16 FINALE,2025-09-24,Verona,276,Belghali R.,864306,nome,Panchina,7,,hj7GkWE7,4709561.0
Coppa Italia,1/16 FINALE,2025-09-24,Verona,276,Castagnini M.,1047970,nome,Panchina,76,Portiere,hj7GkWE7,4709561.0
Coppa Italia,1/16 FINALE,2025-09-24,Verona,276,De Battisti D.,986234,nome,Panchina,71,,hj7GkWE7,4709561.0
Coppa Italia,1/16 FINALE,2025-09-24,Verona,276,Feola W.,927906,nome,Panchina,77,,hj7GkWE7,4709561.0
Coppa Italia,1/16 FINALE,2025-09-24,Verona,276,Giovane,1005165,nome,Panchina,17,,hj7GkWE7,4709561.0
Coppa Italia,1/16 FINALE,2025-09-24,Verona,276,Kurti A.,903213,nome,Panchina,22,,hj7GkWE7,4709561.0
Coppa Italia,1/16 FINALE,2025-09-24,Verona,276,Monticelli L.,748803,nome,Panchina,92,,hj7GkWE7,4709561.0
Coppa Italia,1/16 FINALE,2025-09-24,Verona,276,Montipo L.,241923,nome,Panchina,1,Portiere,hj7GkWE7,4709561.0
Coppa Italia,1/16 FINALE,2025-09-24,Verona,276,Nelsson V.,422951,nome,Panchina,15,,hj7GkWE7,4709561.0
Coppa Italia,1/16 FINALE,2025-09-24,Verona,276,Orban G.,1018259,nome,Panchina,16,,hj7GkWE7,4709561.0
Coppa Italia,1/16 FINALE,2025-09-24,Verona,276,Pavanati A.,936027,nome,Panchina,27,,hj7GkWE7,4709561.0
Coppa Italia,1/16 FINALE,2025-09-24,Verona,276,Szimionas L.,937064,nome,Panchina,30,,hj7GkWE7,4709561.0
Coppa Italia,1/16 FINALE,2025-09-24,Verona,276,Vermesan I.,928037,nome,Panchina,90,,hj7GkWE7,4709561.0
Coppa Italia,1/16 FINALE,2025-09-24,Venezia,607,Plizzari A.,357991,nome,Titolare,22,Portiere,hj7GkWE7,4709561.0
Coppa Italia,1/16 FINALE,2025-09-24,Venezia,607,Schingtienne J.,707809,nome,Titolare,3,,hj7GkWE7,4709561.0
Coppa Italia,1/16 FINALE,2025-09-24,Venezia,607,Venturi M.,441611,nome,Titolare,16,,hj7GkWE7,4709561.0
Coppa Italia,1/16 FINALE,2025-09-24,Venezia,607,Sverko M.,282169,nome,Titolare,33,Capitano,hj7GkWE7,4709561.0
Coppa Italia,1/16 FINALE,2025-09-24,Venezia,607,Compagnon M.,537509,nome,Titolare,21,,hj7GkWE7,4709561.0
Coppa Italia,1/16 FINALE,2025-09-24,Venezia,607,Perez K.,527698,nome,Titolare,71,,hj7GkWE7,4709561.0
Coppa Italia,1/16 FINALE,2025-09-24,Venezia,607,Bohinen E.,406806,nome,Titolare,37,,hj7GkWE7,4709561.0
Coppa Italia,1/16 FINALE,2025-09-24,Venezia,607,Lella N.,459945,nome,Titolare,24,,hj7GkWE7,4709561.0
Coppa Italia,1/16 FINALE,2025-09-24,Venezia,607,Haps R.,228444,nome,Titolare,5,,hj7GkWE7,4709561.0
Coppa Italia,1/16 FINALE,2025-09-24,Venezia,607,Fila D.,666268,nome,Titolare,7,,hj7GkWE7,4709561.0
Coppa Italia,1/16 FINALE,2025-09-24,Venezia,607,Casas A.,537767,nome,Titolare,80,,hj7GkWE7,4709561.0
Coppa Italia,1/16 FINALE,2025-09-24,Venezia,607,Adorante A.,364206,nome,Panchina,9,,hj7GkWE7,4709561.0
Coppa Italia,1/16 FINALE,2025-09-24,Venezia,607,Bjarkason B.,566613,nome,Panchina,19,,hj7GkWE7,4709561.0
Coppa Italia,1/16 FINALE,2025-09-24,Venezia,607,Busio G.,504209,nome,Panchina,6,,hj7GkWE7,4709561.0
Coppa Italia,1/16 FINALE,2025-09-24,Venezia,607,Doumbia I.,924349,nome,Panchina,8,,hj7GkWE7,4709561.0
Coppa Italia,1/16 FINALE,2025-09-24,Venezia,607,Grandi M.,155038,nome,Panchina,23,Portiere,hj7GkWE7,4709561.0
Coppa Italia,1/16 FINALE,2025-09-24,Venezia,607,Hainaut A.,917375,nome,Panchina,18,,hj7GkWE7,4709561.0
Coppa Italia,1/16 FINALE,2025-09-24,Venezia,607,Korac S.,490573,nome,Panchina,2,,hj7GkWE7,4709561.0
Coppa Italia,1/16 FINALE,2025-09-24,Venezia,607,Pietrelli A.,704122,nome,Panchina,99,,hj7GkWE7,4709561.0
Coppa Italia,1/16 FINALE,2025-09-24,Venezia,607,Sagrado R.,655009,nome,Panchina,20,,hj7GkWE7,4709561.0
Coppa Italia,1/16 FINALE,2025-09-24,Venezia,607,Sidibe A.,808477,nome,Panchina,48,,hj7GkWE7,4709561.0
Coppa Italia,1/16 FINALE,2025-09-24,Venezia,607,Stankovic F.,552223,nome,Panchina,1,Portiere,hj7GkWE7,4709561.0
Coppa Italia,1/16 FINALE,2025-09-24,Venezia,607,Svoboda M.,438961,nome,Panchina,30,,hj7GkWE7,4709561.0
Coppa Italia,1/16 FINALE,2025-09-24,Venezia,607,Yeboah J.,439914,nome,Panchina,10,,hj7GkWE7,4709561.0
Coppa Italia,1/16 FINALE,2025-09-24,Parma,130,Suzuki Z.,432298,nome,Titolare,31,Portiere,QXUOBVlg,4709560.0
Coppa Italia,1/16 FINALE,2025-09-24,Parma,130,Delprato E.,392956,nome,Titolare,15,Capitano,QXUOBVlg,4709560.0
Coppa Italia,1/16 FINALE,2025-09-24,Parma,130,Troilo M.,1159864,nome,Titolare,37,,QXUOBVlg,4709560.0
Coppa Italia,1/16 FINALE,2025-09-24,Parma,130,Ndiaye A.,673514,nome,Titolare,3,,QXUOBVlg,4709560.0
Coppa Italia,1/16 FINALE,2025-09-24,Parma,130,Britschgi S.,932187,nome,Titolare,27,,QXUOBVlg,4709560.0
Coppa Italia,1/16 FINALE,2025-09-24,Parma,130,Estevez N.,552472,nome,Titolare,8,,QXUOBVlg,4709560.0
Coppa Italia,1/16 FINALE,2025-09-24,Parma,130,Ordonez C.,1043646,nome,Titolare,24,,QXUOBVlg,4709560.0
Coppa Italia,1/16 FINALE,2025-09-24,Parma,130,Sorensen O.,514888,nome,Titolare,22,,QXUOBVlg,4709560.0
Coppa Italia,1/16 FINALE,2025-09-24,Parma,130,Lovik M.,661212,nome,Titolare,18,,QXUOBVlg,4709560.0
Coppa Italia,1/16 FINALE,2025-09-24,Parma,130,Benedyczak A.,454386,nome,Titolare,7,,QXUOBVlg,4709560.0
Coppa Italia,1/16 FINALE,2025-09-24,Parma,130,Pellegrino M.,856530,nome,Titolare,9,,QXUOBVlg,4709560.0
Coppa Italia,1/16 FINALE,2025-09-24,Parma,130,Almqvist P.,300532,nome,Panchina,11,,QXUOBVlg,4709560.0
Coppa Italia,1/16 FINALE,2025-09-24,Parma,130,Begic T.,708186,nome,Panchina,19,,QXUOBVlg,4709560.0
Coppa Italia,1/16 FINALE,2025-09-24,Parma,130,Bernabe A.,466802,nome,Panchina,10,,QXUOBVlg,4709560.0
Coppa Italia,1/16 FINALE,2025-09-24,Parma,130,Cardinali A.,976446,nome,Panchina,75,,QXUOBVlg,4709560.0
Coppa Italia,1/16 FINALE,2025-09-24,Parma,130,Circati A.,867137,nome,Panchina,39,,QXUOBVlg,4709560.0
Coppa Italia,1/16 FINALE,2025-09-24,Parma,130,Corvi E.,528181,nome,Panchina,40,Portiere,QXUOBVlg,4709560.0
Coppa Italia,1/16 FINALE,2025-09-24,Parma,130,Cutrone P.,265078,nome,Panchina,32,,QXUOBVlg,4709560.0
Coppa Italia,1/16 FINALE,2025-09-24,Parma,130,D'Intino R.,934184,nome,Panchina,72,,QXUOBVlg,4709560.0
Coppa Italia,1/16 FINALE,2025-09-24,Parma,130,Keita M.,707844,nome,Panchina,16,,QXUOBVlg,4709560.0
Coppa Italia,1/16 FINALE,2025-09-24,Parma,130,Mikolajewski D.,991459,nome,Panchina,76,,QXUOBVlg,4709560.0
Coppa Italia,1/16 FINALE,2025-09-24,Parma,130,Oristanio G.,613393,nome,Panchina,21,,QXUOBVlg,4709560.0
Coppa Italia,1/16 FINALE,2025-09-24,Parma,130,Plicco E.,1085031,nome,Panchina,65,,QXUOBVlg,4709560.0
Coppa Italia,1/16 FINALE,2025-09-24,Parma,130,Rinaldi F.,604207,nome,Panchina,66,Portiere,QXUOBVlg,4709560.0
Coppa Italia,1/16 FINALE,2025-09-24,Parma,130,Trabucchi N.,1119655,nome,Panchina,63,,QXUOBVlg,4709560.0
Coppa Italia,1/16 FINALE,2025-09-24,Parma,130,Valeri E.,445126,nome,Panchina,14,,QXUOBVlg,4709560.0
Coppa Italia,1/16 FINALE,2025-09-24,Spezia,3522,Sarr M.,338101,nome,Titolare,1,Portiere,QXUOBVlg,4709560.0
Coppa Italia,1/16 FINALE,2025-09-24,Spezia,3522,Onofri M.,933673,nome,Titolare,26,,QXUOBVlg,4709560.0
Coppa Italia,1/16 FINALE,2025-09-24,Spezia,3522,Cistana A.,337381,nome,Titolare,15,,QXUOBVlg,4709560.0
Coppa Italia,1/16 FINALE,2025-09-24,Spezia,3522,Fellipe Jack,1004723,nome,Titolare,6,,QXUOBVlg,4709560.0
Coppa Italia,1/16 FINALE,2025-09-24,Spezia,3522,Nagy A.,368559,nome,Titolare,8,,QXUOBVlg,4709560.0
Coppa Italia,1/16 FINALE,2025-09-24,Spezia,3522,Vignali L.,287367,nome,Titolare,32,Capitano,QXUOBVlg,4709560.0
Coppa Italia,1/16 FINALE,2025-09-24,Spezia,3522,Cassata F.,301236,nome,Titolare,29,,QXUOBVlg,4709560.0
Coppa Italia,1/16 FINALE,2025-09-24,Spezia,3522,Comotto C.,1058363,nome,Titolare,34,,QXUOBVlg,4709560.0
Coppa Italia,1/16 FINALE,2025-09-24,Spezia,3522,Aurelio G.,457444,nome,Titolare,31,,QXUOBVlg,4709560.0
Coppa Italia,1/16 FINALE,2025-09-24,Spezia,3522,Artistico G.,604239,nome,Titolare,9,,QXUOBVlg,4709560.0
Coppa Italia,1/16 FINALE,2025-09-24,Spezia,3522,Vlahovic V.,698546,nome,Titolare,99,,QXUOBVlg,4709560.0
Coppa Italia,1/16 FINALE,2025-09-24,Spezia,3522,Beruatto P.,381370,nome,Panchina,11,,QXUOBVlg,4709560.0
Coppa Italia,1/16 FINALE,2025-09-24,Spezia,3522,Candela A.,392881,nome,Panchina,23,,QXUOBVlg,4709560.0
Coppa Italia,1/16 FINALE,2025-09-24,Spezia,3522,Di Serio G.,532040,nome,Panchina,20,,QXUOBVlg,4709560.0
Coppa Italia,1/16 FINALE,2025-09-24,Spezia,3522,Esposito Sa.,390160,nome,Panchina,5,,QXUOBVlg,4709560.0
Coppa Italia,1/16 FINALE,2025-09-24,Spezia,3522,Hristov P.,372809,nome,Panchina,55,,QXUOBVlg,4709560.0
Coppa Italia,1/16 FINALE,2025-09-24,Spezia,3522,Kouda R.,702324,nome,Panchina,80,,QXUOBVlg,4709560.0
Coppa Italia,1/16 FINALE,2025-09-24,Spezia,3522,Lapadula G.,130394,nome,Panchina,10,,QXUOBVlg,4709560.0
Coppa Italia,1/16 FINALE,2025-09-24,Spezia,3522,Lorenzelli E.,1089767,nome,Panchina,77,,QXUOBVlg,4709560.0
Coppa Italia,1/16 FINALE,2025-09-24,Spezia,3522,Loria L.,386567,nome,Panchina,16,Portiere,QXUOBVlg,4709560.0
Coppa Italia,1/16 FINALE,2025-09-24,Spezia,3522,Mascardi D.,981998,nome,Panchina,12,Portiere,QXUOBVlg,4709560.0
Coppa Italia,1/16 FINALE,2025-09-24,Spezia,3522,Mateju A.,242078,nome,Panchina,37,,QXUOBVlg,4709560.0
Coppa Italia,1/16 FINALE,2025-09-24,Spezia,3522,Soleri E.,321065,nome,Panchina,27,,QXUOBVlg,4709560.0
Coppa Italia,1/16 FINALE,2025-09-23,Milan,5,Maignan M.,182906,nome,Titolare,16,Portiere,fV3kxprh,4709224.0
Coppa Italia,1/16 FINALE,2025-09-23,Milan,5,Tomori F.,303254,nome,Titolare,23,,fV3kxprh,4709224.0
Coppa Italia,1/16 FINALE,2025-09-23,Milan,5,De Winter K.,490384,nome,Titolare,5,,fV3kxprh,4709224.0
Coppa Italia,1/16 FINALE,2025-09-23,Milan,5,Pavlovic S.,574671,nome,Titolare,31,,fV3kxprh,4709224.0
Coppa Italia,1/16 FINALE,2025-09-23,Milan,5,Saelemaekers A.,381950,nome,Titolare,56,,fV3kxprh,4709224.0
Coppa Italia,1/16 FINALE,2025-09-23,Milan,5,Loftus-Cheek R.,202886,nome,Titolare,8,,fV3kxprh,4709224.0
Coppa Italia,1/16 FINALE,2025-09-23,Milan,5,Ricci S.,467992,nome,Titolare,4,,fV3kxprh,4709224.0
Coppa Italia,1/16 FINALE,2025-09-23,Milan,5,Rabiot A.,182913,nome,Titolare,12,,fV3kxprh,4709224.0
Coppa Italia,1/16 FINALE,2025-09-23,Milan,5,Bartesaghi D.,887638,nome,Titolare,33,,fV3kxprh,4709224.0
Coppa Italia,1/16 FINALE,2025-09-23,Milan,5,Gimenez S.,552955,nome,Titolare,7,,fV3kxprh,4709224.0
Coppa Italia,1/16 FINALE,2025-09-23,Milan,5,Nkunku C.,344381,nome,Titolare,18,,fV3kxprh,4709224.0
Coppa Italia,1/16 FINALE,2025-09-23,Milan,5,Athekame Z.,990637,nome,Panchina,24,,fV3kxprh,4709224.0
Coppa Italia,1/16 FINALE,2025-09-23,Milan,5,Balentien C.,1032683,nome,Panchina,25,,fV3kxprh,4709224.0
Coppa Italia,1/16 FINALE,2025-09-23,Milan,5,Estupinan P.,349599,nome,Panchina,2,,fV3kxprh,4709224.0
Coppa Italia,1/16 FINALE,2025-09-23,Milan,5,Fofana Y.,569598,nome,Panchina,19,,fV3kxprh,4709224.0
Coppa Italia,1/16 FINALE,2025-09-23,Milan,5,Gabbia M.,323167,nome,Panchina,46,,fV3kxprh,4709224.0
Coppa Italia,1/16 FINALE,2025-09-23,Milan,5,Modric L.,27992,nome,Panchina,14,,fV3kxprh,4709224.0
Coppa Italia,1/16 FINALE,2025-09-23,Milan,5,Odogu D.,897423,nome,Panchina,27,,fV3kxprh,4709224.0
Coppa Italia,1/16 FINALE,2025-09-23,Milan,5,Pulisic C.,315779,nome,Panchina,11,,fV3kxprh,4709224.0
Coppa Italia,1/16 FINALE,2025-09-23,Milan,5,Terracciano P.,96254,nome,Panchina,1,Portiere,fV3kxprh,4709224.0
Coppa Italia,1/16 FINALE,2025-09-23,Milan,5,Torriani L.,939745,nome,Panchina,96,Portiere,fV3kxprh,4709224.0
Coppa Italia,1/16 FINALE,2025-09-23,Lecce,1005,Fruchtl C.,336307,nome,Titolare,1,Portiere,fV3kxprh,4709224.0
Coppa Italia,1/16 FINALE,2025-09-23,Lecce,1005,Veiga D.,728485,nome,Titolare,17,,fV3kxprh,4709224.0
Coppa Italia,1/16 FINALE,2025-09-23,Lecce,1005,Siebert J.,604113,nome,Titolare,5,,fV3kxprh,4709224.0
Coppa Italia,1/16 FINALE,2025-09-23,Lecce,1005,Tiago Gabriel,1112449,nome,Titolare,44,,fV3kxprh,4709224.0
Coppa Italia,1/16 FINALE,2025-09-23,Lecce,1005,Ndaba C.,433329,nome,Titolare,3,,fV3kxprh,4709224.0
Coppa Italia,1/16 FINALE,2025-09-23,Lecce,1005,Tete Morente,339816,nome,Titolare,7,,fV3kxprh,4709224.0
Coppa Italia,1/16 FINALE,2025-09-23,Lecce,1005,Kaba M.,911328,nome,Titolare,77,,fV3kxprh,4709224.0
Coppa Italia,1/16 FINALE,2025-09-23,Lecce,1005,Berisha M.,583046,nome,Titolare,10,Capitano,fV3kxprh,4709224.0
Coppa Italia,1/16 FINALE,2025-09-23,Lecce,1005,Helgason T. J.,488996,nome,Titolare,14,,fV3kxprh,4709224.0
Coppa Italia,1/16 FINALE,2025-09-23,Lecce,1005,Ndri K.,649490,nome,Titolare,11,,fV3kxprh,4709224.0
Coppa Italia,1/16 FINALE,2025-09-23,Lecce,1005,Camarda F.,1058368,nome,Titolare,22,,fV3kxprh,4709224.0
Coppa Italia,1/16 FINALE,2025-09-23,Lecce,1005,Coulibaly L.,386552,nome,Panchina,29,,fV3kxprh,4709224.0
Coppa Italia,1/16 FINALE,2025-09-23,Lecce,1005,Falcone W.,238537,nome,Panchina,30,Portiere,fV3kxprh,4709224.0
Coppa Italia,1/16 FINALE,2025-09-23,Lecce,1005,Gallo A.,392516,nome,Panchina,25,,fV3kxprh,4709224.0
Coppa Italia,1/16 FINALE,2025-09-23,Lecce,1005,Gaspar K.,836441,eliminazione,Panchina,4,,fV3kxprh,4709224.0
Coppa Italia,1/16 FINALE,2025-09-23,Lecce,1005,Gorter O.,748679,nome,Panchina,28,,fV3kxprh,4709224.0
Coppa Italia,1/16 FINALE,2025-09-23,Lecce,1005,Kouassi C.,1057563,nome,Panchina,21,,fV3kxprh,4709224.0
Coppa Italia,1/16 FINALE,2025-09-23,Lecce,1005,Kovac N.,866607,nome,Panchina,80,,fV3kxprh,4709224.0
Coppa Italia,1/16 FINALE,2025-09-23,Lecce,1005,Pierotti S.,674806,nome,Panchina,50,,fV3kxprh,4709224.0
Coppa Italia,1/16 FINALE,2025-09-23,Lecce,1005,Ramadani Y.,442703,nome,Panchina,20,,fV3kxprh,4709224.0
Coppa Italia,1/16 FINALE,2025-09-23,Lecce,1005,Sala A.,582664,nome,Panchina,6,,fV3kxprh,4709224.0
Coppa Italia,1/16 FINALE,2025-09-23,Lecce,1005,Samooja J.,712911,nome,Panchina,32,Portiere,fV3kxprh,4709224.0
Coppa Italia,1/16 FINALE,2025-09-23,Lecce,1005,Stulic N.,595650,nome,Panchina,9,,fV3kxprh,4709224.0
Coppa Italia,1/16 FINALE,2025-09-23,Udinese,410,Sava R.,568617,nome,Titolare,90,Portiere,EuYVB1Pb,4709641.0
Coppa Italia,1/16 FINALE,2025-09-23,Udinese,410,Palma M.,1058354,nome,Titolare,16,,EuYVB1Pb,4709641.0
Coppa Italia,1/16 FINALE,2025-09-23,Udinese,410,Kabasele C.,81512,nome,Titolare,27,,EuYVB1Pb,4709641.0
Coppa Italia,1/16 FINALE,2025-09-23,Udinese,410,Solet O.,463665,nome,Titolare,28,,EuYVB1Pb,4709641.0
Coppa Italia,1/16 FINALE,2025-09-23,Udinese,410,Zanoli A.,397225,nome,Titolare,59,,EuYVB1Pb,4709641.0
Coppa Italia,1/16 FINALE,2025-09-23,Udinese,410,Piotrowski J.,377243,nome,Titolare,24,,EuYVB1Pb,4709641.0
Coppa Italia,1/16 FINALE,2025-09-23,Udinese,410,Karlstrom J.,222855,nome,Titolare,8,Capitano,EuYVB1Pb,4709641.0
Coppa Italia,1/16 FINALE,2025-09-23,Udinese,410,Miller L.,924857,nome,Titolare,38,,EuYVB1Pb,4709641.0
Coppa Italia,1/16 FINALE,2025-09-23,Udinese,410,Kamara H.,290017,nome,Titolare,11,,EuYVB1Pb,4709641.0
Coppa Italia,1/16 FINALE,2025-09-23,Udinese,410,Zaniolo N.,392085,nome,Titolare,10,,EuYVB1Pb,4709641.0
Coppa Italia,1/16 FINALE,2025-09-23,Udinese,410,Buksa A.,267160,nome,Titolare,18,,EuYVB1Pb,4709641.0
Coppa Italia,1/16 FINALE,2025-09-23,Udinese,410,Atta A.,855308,nome,Panchina,14,,EuYVB1Pb,4709641.0
Coppa Italia,1/16 FINALE,2025-09-23,Udinese,410,Bertola N.,632831,nome,Panchina,13,,EuYVB1Pb,4709641.0
Coppa Italia,1/16 FINALE,2025-09-23,Udinese,410,Camara A.,1210116,nome,Panchina,29,,EuYVB1Pb,4709641.0
Coppa Italia,1/16 FINALE,2025-09-23,Udinese,410,Davis K.,412660,nome,Panchina,9,,EuYVB1Pb,4709641.0
Coppa Italia,1/16 FINALE,2025-09-23,Udinese,410,Ehizibue K.,272812,nome,Panchina,19,,EuYVB1Pb,4709641.0
Coppa Italia,1/16 FINALE,2025-09-23,Udinese,410,Ekkelenkamp J.,361068,nome,Panchina,32,,EuYVB1Pb,4709641.0
Coppa Italia,1/16 FINALE,2025-09-23,Udinese,410,Goglichidze S.,906160,nome,Panchina,2,,EuYVB1Pb,4709641.0
Coppa Italia,1/16 FINALE,2025-09-23,Udinese,410,Gueye I.,1178488,nome,Panchina,7,,EuYVB1Pb,4709641.0
Coppa Italia,1/16 FINALE,2025-09-23,Udinese,410,Kristensen T.,698259,nome,Panchina,31,,EuYVB1Pb,4709641.0
Coppa Italia,1/16 FINALE,2025-09-23,Udinese,410,Lovric S.,268429,nome,Panchina,4,,EuYVB1Pb,4709641.0
Coppa Italia,1/16 FINALE,2025-09-23,Udinese,410,Modesto R.,671799,nome,Panchina,77,,EuYVB1Pb,4709641.0
Coppa Italia,1/16 FINALE,2025-09-23,Udinese,410,Nunziante A.,956588,nome,Panchina,1,Portiere,EuYVB1Pb,4709641.0
Coppa Italia,1/16 FINALE,2025-09-23,Udinese,410,Venuti G.,1234783,nome,Panchina,41,Portiere,EuYVB1Pb,4709641.0
Coppa Italia,1/16 FINALE,2025-09-23,Udinese,410,Zarraga O.,524010,nome,Panchina,6,,EuYVB1Pb,4709641.0
Coppa Italia,1/16 FINALE,2025-09-23,Udinese,410,Zemura J.,633530,nome,Panchina,33,,EuYVB1Pb,4709641.0
Coppa Italia,1/16 FINALE,2025-09-23,Palermo,458,Joronen J.,131758,nome,Titolare,66,Portiere,EuYVB1Pb,4709641.0
Coppa Italia,1/16 FINALE,2025-09-23,Palermo,458,Pierozzi N.,534084,nome,Titolare,27,,EuYVB1Pb,4709641.0
Coppa Italia,1/16 FINALE,2025-09-23,Palermo,458,Peda P.,555113,nome,Titolare,29,,EuYVB1Pb,4709641.0
Coppa Italia,1/16 FINALE,2025-09-23,Palermo,458,Veroli D.,705097,nome,Titolare,72,,EuYVB1Pb,4709641.0
Coppa Italia,1/16 FINALE,2025-09-23,Palermo,458,Gyasi E.,241076,nome,Titolare,11,,EuYVB1Pb,4709641.0
Coppa Italia,1/16 FINALE,2025-09-23,Palermo,458,Gomes C.,395239,nome,Titolare,6,Capitano,EuYVB1Pb,4709641.0
Coppa Italia,1/16 FINALE,2025-09-23,Palermo,458,Blin A.,236041,nome,Titolare,28,,EuYVB1Pb,4709641.0
Coppa Italia,1/16 FINALE,2025-09-23,Palermo,458,Giovane S.,567470,nome,Titolare,17,,EuYVB1Pb,4709641.0
Coppa Italia,1/16 FINALE,2025-09-23,Palermo,458,Le Douaron J.,737781,nome,Titolare,21,,EuYVB1Pb,4709641.0
Coppa Italia,1/16 FINALE,2025-09-23,Palermo,458,Vasic A.,615897,nome,Titolare,14,,EuYVB1Pb,4709641.0
Coppa Italia,1/16 FINALE,2025-09-23,Palermo,458,Corona G.,909894,nome,Titolare,31,,EuYVB1Pb,4709641.0
Coppa Italia,1/16 FINALE,2025-09-23,Palermo,458,Augello T.,284595,nome,Panchina,3,,EuYVB1Pb,4709641.0
Coppa Italia,1/16 FINALE,2025-09-23,Palermo,458,Avella M.,457859,nome,Panchina,30,Portiere,EuYVB1Pb,4709641.0
Coppa Italia,1/16 FINALE,2025-09-23,Palermo,458,Avena P.,1110471,nome,Panchina,18,,EuYVB1Pb,4709641.0
Coppa Italia,1/16 FINALE,2025-09-23,Palermo,458,Brunori M.,188889,nome,Panchina,9,,EuYVB1Pb,4709641.0
Coppa Italia,1/16 FINALE,2025-09-23,Palermo,458,Ceccaroni P.,239099,nome,Panchina,32,,EuYVB1Pb,4709641.0
Coppa Italia,1/16 FINALE,2025-09-23,Palermo,458,Nicolosi E.,937630,nome,Panchina,15,,EuYVB1Pb,4709641.0
Coppa Italia,1/16 FINALE,2025-09-23,Palermo,458,Palumbo A.,287863,nome,Panchina,5,,EuYVB1Pb,4709641.0
Coppa Italia,1/16 FINALE,2025-09-23,Palermo,458,Pizzuto S.,1460381,nome,Panchina,77,Portiere,EuYVB1Pb,4709641.0
Coppa Italia,1/16 FINALE,2025-09-23,Palermo,458,Pohjanpalo J.,173491,nome,Panchina,20,,EuYVB1Pb,4709641.0
Coppa Italia,1/16 FINALE,2025-09-23,Palermo,458,Ranocchia F.,489611,nome,Panchina,10,,EuYVB1Pb,4709641.0
Coppa Italia,1/16 FINALE,2025-09-23,Palermo,458,Segre J.,373899,nome,Panchina,8,,EuYVB1Pb,4709641.0
Coppa Italia,1/16 FINALE,2025-09-23,Cagliari,1390,Ciocci G.,535740,nome,Titolare,24,Portiere,Ays5Z1Hl,4709227.0
Coppa Italia,1/16 FINALE,2025-09-23,Cagliari,1390,Zappa G.,392569,nome,Titolare,28,Capitano,Ays5Z1Hl,4709227.0
Coppa Italia,1/16 FINALE,2025-09-23,Cagliari,1390,Pedro J.,406151,eliminazione,Titolare,32,,Ays5Z1Hl,4709227.0
Coppa Italia,1/16 FINALE,2025-09-23,Cagliari,1390,Luperto S.,278531,nome,Titolare,6,,Ays5Z1Hl,4709227.0
Coppa Italia,1/16 FINALE,2025-09-23,Cagliari,1390,Idrissi R.,885226,nome,Titolare,3,,Ays5Z1Hl,4709227.0
Coppa Italia,1/16 FINALE,2025-09-23,Cagliari,1390,Cavuoti N.,701842,nome,Titolare,21,,Ays5Z1Hl,4709227.0
Coppa Italia,1/16 FINALE,2025-09-23,Cagliari,1390,Mazzitelli L.,226025,nome,Titolare,4,,Ays5Z1Hl,4709227.0
Coppa Italia,1/16 FINALE,2025-09-23,Cagliari,1390,Rog M.,317482,nome,Titolare,20,,Ays5Z1Hl,4709227.0
Coppa Italia,1/16 FINALE,2025-09-23,Cagliari,1390,Gaetano G.,358008,nome,Titolare,10,,Ays5Z1Hl,4709227.0
Coppa Italia,1/16 FINALE,2025-09-23,Cagliari,1390,Kilicsoy S.,875334,nome,Titolare,9,,Ays5Z1Hl,4709227.0
Coppa Italia,1/16 FINALE,2025-09-23,Cagliari,1390,Borrelli G.,459988,nome,Titolare,29,,Ays5Z1Hl,4709227.0
Coppa Italia,1/16 FINALE,2025-09-23,Cagliari,1390,Adopo M.,564305,nome,Panchina,8,,Ays5Z1Hl,4709227.0
Coppa Italia,1/16 FINALE,2025-09-23,Cagliari,1390,Belotti A.,167727,nome,Panchina,19,,Ays5Z1Hl,4709227.0
Coppa Italia,1/16 FINALE,2025-09-23,Cagliari,1390,Caprile E.,421873,nome,Panchina,1,Portiere,Ays5Z1Hl,4709227.0
Coppa Italia,1/16 FINALE,2025-09-23,Cagliari,1390,Deiola A.,235931,nome,Panchina,14,,Ays5Z1Hl,4709227.0
Coppa Italia,1/16 FINALE,2025-09-23,Cagliari,1390,Di Pardo A.,457674,nome,Panchina,18,,Ays5Z1Hl,4709227.0
Coppa Italia,1/16 FINALE,2025-09-23,Cagliari,1390,Esposito Se.,538918,nome,Panchina,94,,Ays5Z1Hl,4709227.0
Coppa Italia,1/16 FINALE,2025-09-23,Cagliari,1390,Felici M.,600041,nome,Panchina,17,,Ays5Z1Hl,4709227.0
Coppa Italia,1/16 FINALE,2025-09-23,Cagliari,1390,Franke A.,1035971,nome,Panchina,35,,Ays5Z1Hl,4709227.0
Coppa Italia,1/16 FINALE,2025-09-23,Cagliari,1390,Grandu N.,1048013,nome,Panchina,36,,Ays5Z1Hl,4709227.0
Coppa Italia,1/16 FINALE,2025-09-23,Cagliari,1390,Liteta J.,1134304,nome,Panchina,27,,Ays5Z1Hl,4709227.0
Coppa Italia,1/16 FINALE,2025-09-23,Cagliari,1390,Palestra M.,895937,nome,Panchina,2,,Ays5Z1Hl,4709227.0
Coppa Italia,1/16 FINALE,2025-09-23,Cagliari,1390,Pavoletti L.,64793,nome,Panchina,30,,Ays5Z1Hl,4709227.0
Coppa Italia,1/16 FINALE,2025-09-23,Cagliari,1390,Prati M.,876298,nome,Panchina,16,,Ays5Z1Hl,4709227.0
Coppa Italia,1/16 FINALE,2025-09-23,Cagliari,1390,Rodriguez J.,1228231,nome,Panchina,15,,Ays5Z1Hl,4709227.0
Coppa Italia,1/16 FINALE,2025-09-23,Cagliari,1390,Sarno V.,1185950,nome,Panchina,34,Portiere,Ays5Z1Hl,4709227.0
Coppa Italia,1/16 FINALE,2025-09-23,Frosinone,8970,Pisseri M.,168444,nome,Titolare,75,Portiere,Ays5Z1Hl,4709227.0
Coppa Italia,1/16 FINALE,2025-09-23,Frosinone,8970,Oyono J.,917376,nome,Titolare,21,,Ays5Z1Hl,4709227.0
Coppa Italia,1/16 FINALE,2025-09-23,Frosinone,8970,Cittadini G.,616628,nome,Titolare,2,,Ays5Z1Hl,4709227.0
Coppa Italia,1/16 FINALE,2025-09-23,Frosinone,8970,Gelli J.,534081,nome,Titolare,6,,Ays5Z1Hl,4709227.0
Coppa Italia,1/16 FINALE,2025-09-23,Frosinone,8970,Bracaglia G.,571600,nome,Titolare,79,Capitano,Ays5Z1Hl,4709227.0
Coppa Italia,1/16 FINALE,2025-09-23,Frosinone,8970,Cichella M.,927905,nome,Titolare,16,,Ays5Z1Hl,4709227.0
Coppa Italia,1/16 FINALE,2025-09-23,Frosinone,8970,Ndow A.,1225943,nome,Titolare,24,,Ays5Z1Hl,4709227.0
Coppa Italia,1/16 FINALE,2025-09-23,Frosinone,8970,Kvernadze G.,412758,nome,Titolare,17,,Ays5Z1Hl,4709227.0
Coppa Italia,1/16 FINALE,2025-09-23,Frosinone,8970,Grosso F.,1049596,nome,Titolare,18,,Ays5Z1Hl,4709227.0
Coppa Italia,1/16 FINALE,2025-09-23,Frosinone,8970,Masciangelo E.,286293,nome,Titolare,32,,Ays5Z1Hl,4709227.0
Coppa Italia,1/16 FINALE,2025-09-23,Frosinone,8970,Vergani E.,421780,nome,Titolare,90,,Ays5Z1Hl,4709227.0
Coppa Italia,1/16 FINALE,2025-09-23,Frosinone,8970,Calo G.,301235,nome,Panchina,14,,Ays5Z1Hl,4709227.0
Coppa Italia,1/16 FINALE,2025-09-23,Frosinone,8970,Calvani G.,745778,nome,Panchina,3,,Ays5Z1Hl,4709227.0
Coppa Italia,1/16 FINALE,2025-09-23,Frosinone,8970,Cichero A.,1086590,nome,Panchina,29,,Ays5Z1Hl,4709227.0
Coppa Italia,1/16 FINALE,2025-09-23,Frosinone,8970,Colley M.,1331917,nome,Panchina,40,,Ays5Z1Hl,4709227.0
Coppa Italia,1/16 FINALE,2025-09-23,Frosinone,8970,Dixon D.,1063704,nome,Panchina,77,,Ays5Z1Hl,4709227.0
Coppa Italia,1/16 FINALE,2025-09-23,Frosinone,8970,Koutsoupias I.,534161,nome,Panchina,8,,Ays5Z1Hl,4709227.0
Coppa Italia,1/16 FINALE,2025-09-23,Frosinone,8970,Lolic E.,740517,nome,Panchina,12,Portiere,Ays5Z1Hl,4709227.0
Coppa Italia,1/16 FINALE,2025-09-23,Frosinone,8970,Obleac M.,911039,nome,Panchina,15,,Ays5Z1Hl,4709227.0
Coppa Italia,1/16 FINALE,2025-09-23,Frosinone,8970,Palmisani L.,705355,nome,Panchina,22,Portiere,Ays5Z1Hl,4709227.0
Coppa Italia,1/16 FINALE,2025-09-23,Frosinone,8970,Raychev A.,955606,nome,Panchina,27,,Ays5Z1Hl,4709227.0
Coppa Italia,1/16 FINALE,2025-09-23,Frosinone,8970,Toci M.,1193919,nome,Panchina,46,,Ays5Z1Hl,4709227.0
Coppa Italia,1/32 FINALE,2025-08-18,Torino,416,Israel F.,492319,nome,Titolare,81,Portiere,drE6wrOE,4631318.0
Coppa Italia,1/32 FINALE,2025-08-18,Torino,416,Pedersen M.,583404,nome,Titolare,16,,drE6wrOE,4631318.0
Coppa Italia,1/32 FINALE,2025-08-18,Torino,416,Coco S.,588426,nome,Titolare,23,,drE6wrOE,4631318.0
Coppa Italia,1/32 FINALE,2025-08-18,Torino,416,Masina A.,286949,nome,Titolare,5,,drE6wrOE,4631318.0
Coppa Italia,1/32 FINALE,2025-08-18,Torino,416,Biraghi C.,124555,nome,Titolare,34,,drE6wrOE,4631318.0
Coppa Italia,1/32 FINALE,2025-08-18,Torino,416,Gineitis G.,798929,nome,Titolare,66,,drE6wrOE,4631318.0
Coppa Italia,1/32 FINALE,2025-08-18,Torino,416,Casadei C.,622380,nome,Titolare,22,,drE6wrOE,4631318.0
Coppa Italia,1/32 FINALE,2025-08-18,Torino,416,Ngonge C.,358032,nome,Titolare,26,,drE6wrOE,4631318.0
Coppa Italia,1/32 FINALE,2025-08-18,Torino,416,Vlasic N.,293200,nome,Titolare,10,Capitano,drE6wrOE,4631318.0
Coppa Italia,1/32 FINALE,2025-08-18,Torino,416,Aboukhlal Z.,393238,nome,Titolare,7,,drE6wrOE,4631318.0
Coppa Italia,1/32 FINALE,2025-08-18,Torino,416,Adams C.,346779,nome,Titolare,19,,drE6wrOE,4631318.0
Coppa Italia,1/32 FINALE,2025-08-18,Torino,416,Anjorin F.,433181,eliminazione,Panchina,14,,drE6wrOE,4631318.0
Coppa Italia,1/32 FINALE,2025-08-18,Torino,416,Bianay Balcot C.,1059298,nome,Panchina,80,,drE6wrOE,4631318.0
Coppa Italia,1/32 FINALE,2025-08-18,Torino,416,Dembele A.,1004344,nome,Panchina,21,,drE6wrOE,4631318.0
Coppa Italia,1/32 FINALE,2025-08-18,Torino,416,Ilic I.,470794,nome,Panchina,8,,drE6wrOE,4631318.0
Coppa Italia,1/32 FINALE,2025-08-18,Torino,416,Ilkhan E.,743091,nome,Panchina,6,,drE6wrOE,4631318.0
Coppa Italia,1/32 FINALE,2025-08-18,Torino,416,Lazaro V.,186368,nome,Panchina,20,,drE6wrOE,4631318.0
Coppa Italia,1/32 FINALE,2025-08-18,Torino,416,Maripan G.,249730,nome,Panchina,13,,drE6wrOE,4631318.0
Coppa Italia,1/32 FINALE,2025-08-18,Torino,416,Paleari A.,163048,nome,Panchina,1,Portiere,drE6wrOE,4631318.0
Coppa Italia,1/32 FINALE,2025-08-18,Torino,416,Perciun S.,980632,nome,Panchina,83,,drE6wrOE,4631318.0
Coppa Italia,1/32 FINALE,2025-08-18,Torino,416,Popa M.,623412,nome,Panchina,71,Portiere,drE6wrOE,4631318.0
Coppa Italia,1/32 FINALE,2025-08-18,Torino,416,Sazonov S.,655456,nome,Panchina,15,,drE6wrOE,4631318.0
Coppa Italia,1/32 FINALE,2025-08-18,Torino,416,Simeone G.,282388,nome,Panchina,18,,drE6wrOE,4631318.0
Coppa Italia,1/32 FINALE,2025-08-18,Torino,416,Tameze A.,157507,nome,Panchina,61,,drE6wrOE,4631318.0
Coppa Italia,1/32 FINALE,2025-08-18,Torino,416,Zapata D.,73794,nome,Panchina,91,,drE6wrOE,4631318.0
Coppa Italia,1/32 FINALE,2025-08-18,Modena,1385,Chichizola L.,95736,nome,Titolare,1,Portiere,drE6wrOE,4631318.0
Coppa Italia,1/32 FINALE,2025-08-18,Modena,1385,Tonoli D.,665057,nome,Titolare,77,,drE6wrOE,4631318.0
Coppa Italia,1/32 FINALE,2025-08-18,Modena,1385,Adorni D.,163212,nome,Titolare,28,,drE6wrOE,4631318.0
Coppa Italia,1/32 FINALE,2025-08-18,Modena,1385,Nieling B.,698082,nome,Titolare,20,,drE6wrOE,4631318.0
Coppa Italia,1/32 FINALE,2025-08-18,Modena,1385,Beyuku G.,1175798,nome,Titolare,2,,drE6wrOE,4631318.0
Coppa Italia,1/32 FINALE,2025-08-18,Modena,1385,Santoro S.,392515,nome,Titolare,8,,drE6wrOE,4631318.0
Coppa Italia,1/32 FINALE,2025-08-18,Modena,1385,Gerli F.,330288,nome,Titolare,16,Capitano,drE6wrOE,4631318.0
Coppa Italia,1/32 FINALE,2025-08-18,Modena,1385,Pyyhtia N.,679754,nome,Titolare,18,,drE6wrOE,4631318.0
Coppa Italia,1/32 FINALE,2025-08-18,Modena,1385,Zampano F.,216872,nome,Titolare,7,,drE6wrOE,4631318.0
Coppa Italia,1/32 FINALE,2025-08-18,Modena,1385,Gliozzi E.,209936,nome,Titolare,9,,drE6wrOE,4631318.0
Coppa Italia,1/32 FINALE,2025-08-18,Modena,1385,Defrel G.,163222,nome,Titolare,92,,drE6wrOE,4631318.0
Coppa Italia,1/32 FINALE,2025-08-18,Modena,1385,Bagheria F.,537548,nome,Panchina,78,Portiere,drE6wrOE,4631318.0
Coppa Italia,1/32 FINALE,2025-08-18,Modena,1385,Caso G.,398030,nome,Panchina,10,,drE6wrOE,4631318.0
Coppa Italia,1/32 FINALE,2025-08-18,Modena,1385,Cauz C.,283421,nome,Panchina,33,,drE6wrOE,4631318.0
Coppa Italia,1/32 FINALE,2025-08-18,Modena,1385,Cotali M.,382567,nome,Panchina,29,,drE6wrOE,4631318.0
Coppa Italia,1/32 FINALE,2025-08-18,Modena,1385,Di Mariano F.,238950,nome,Panchina,23,,drE6wrOE,4631318.0
Coppa Italia,1/32 FINALE,2025-08-18,Modena,1385,Magnino L.,297444,nome,Panchina,6,,drE6wrOE,4631318.0
Coppa Italia,1/32 FINALE,2025-08-18,Modena,1385,Massolin Y.,915849,nome,Panchina,17,,drE6wrOE,4631318.0
Coppa Italia,1/32 FINALE,2025-08-18,Modena,1385,Mendes P.,498235,nome,Panchina,11,,drE6wrOE,4631318.0
Coppa Italia,1/32 FINALE,2025-08-18,Modena,1385,Nador S.,707219,nome,Panchina,19,,drE6wrOE,4631318.0
Coppa Italia,1/32 FINALE,2025-08-18,Modena,1385,Oliva M.,929748,nome,Panchina,24,,drE6wrOE,4631318.0
Coppa Italia,1/32 FINALE,2025-08-18,Modena,1385,Olivieri E.,1065998,nome,Panchina,34,,drE6wrOE,4631318.0
Coppa Italia,1/32 FINALE,2025-08-18,Modena,1385,Pergreffi A.,387013,nome,Panchina,4,,drE6wrOE,4631318.0
Coppa Italia,1/32 FINALE,2025-08-18,Modena,1385,Pezzolato M.,742235,nome,Panchina,22,Portiere,drE6wrOE,4631318.0
Coppa Italia,1/32 FINALE,2025-08-18,Modena,1385,Sarris G.,1052319,nome,Panchina,80,,drE6wrOE,4631318.0
Coppa Italia,1/32 FINALE,2025-08-18,Modena,1385,Zanimacchia L.,407265,nome,Panchina,98,,drE6wrOE,4631318.0
Coppa Italia,1/32 FINALE,2025-08-18,Udinese,410,Sava R.,568617,nome,Titolare,90,Portiere,MPaOQ4v9,4631317.0
Coppa Italia,1/32 FINALE,2025-08-18,Udinese,410,Palma M.,1058354,nome,Titolare,16,,MPaOQ4v9,4631317.0
Coppa Italia,1/32 FINALE,2025-08-18,Udinese,410,Kristensen T.,698259,nome,Titolare,31,,MPaOQ4v9,4631317.0
Coppa Italia,1/32 FINALE,2025-08-18,Udinese,410,Solet O.,463665,nome,Titolare,28,,MPaOQ4v9,4631317.0
Coppa Italia,1/32 FINALE,2025-08-18,Udinese,410,Ehizibue K.,272812,nome,Titolare,19,,MPaOQ4v9,4631317.0
Coppa Italia,1/32 FINALE,2025-08-18,Udinese,410,Lovric S.,268429,nome,Titolare,4,,MPaOQ4v9,4631317.0
Coppa Italia,1/32 FINALE,2025-08-18,Udinese,410,Karlstrom J.,222855,nome,Titolare,8,Capitano,MPaOQ4v9,4631317.0
Coppa Italia,1/32 FINALE,2025-08-18,Udinese,410,Atta A.,855308,nome,Titolare,14,,MPaOQ4v9,4631317.0
Coppa Italia,1/32 FINALE,2025-08-18,Udinese,410,Zemura J.,633530,nome,Titolare,33,,MPaOQ4v9,4631317.0
Coppa Italia,1/32 FINALE,2025-08-18,Udinese,410,Davis K.,412660,nome,Titolare,9,,MPaOQ4v9,4631317.0
Coppa Italia,1/32 FINALE,2025-08-18,Udinese,410,Bravo I.,741292,nome,Titolare,17,,MPaOQ4v9,4631317.0
Coppa Italia,1/32 FINALE,2025-08-18,Udinese,410,Bayo V.,375877,nome,Panchina,15,,MPaOQ4v9,4631317.0
Coppa Italia,1/32 FINALE,2025-08-18,Udinese,410,Bertola N.,632831,nome,Panchina,13,,MPaOQ4v9,4631317.0
Coppa Italia,1/32 FINALE,2025-08-18,Udinese,410,Brenner,412366,nome,Panchina,22,,MPaOQ4v9,4631317.0
Coppa Italia,1/32 FINALE,2025-08-18,Udinese,410,Camara A.,1210116,nome,Panchina,29,,MPaOQ4v9,4631317.0
Coppa Italia,1/32 FINALE,2025-08-18,Udinese,410,Goglichidze S.,906160,nome,Panchina,2,,MPaOQ4v9,4631317.0
Coppa Italia,1/32 FINALE,2025-08-18,Udinese,410,Kabasele C.,81512,nome,Panchina,27,,MPaOQ4v9,4631317.0
Coppa Italia,1/32 FINALE,2025-08-18,Udinese,410,Kamara H.,290017,nome,Panchina,11,,MPaOQ4v9,4631317.0
Coppa Italia,1/32 FINALE,2025-08-18,Udinese,410,Modesto R.,671799,nome,Panchina,77,,MPaOQ4v9,4631317.0
Coppa Italia,1/32 FINALE,2025-08-18,Udinese,410,Nunziante A.,956588,nome,Panchina,1,Portiere,MPaOQ4v9,4631317.0
Coppa Italia,1/32 FINALE,2025-08-18,Udinese,410,Padelli D.,27807,nome,Panchina,93,Portiere,MPaOQ4v9,4631317.0
Coppa Italia,1/32 FINALE,2025-08-18,Udinese,410,Pafundi S.,876400,nome,Panchina,20,,MPaOQ4v9,4631317.0
Coppa Italia,1/32 FINALE,2025-08-18,Udinese,410,Piotrowski J.,377243,nome,Panchina,24,,MPaOQ4v9,4631317.0
Coppa Italia,1/32 FINALE,2025-08-18,Udinese,410,Pizarro D.,950593,nome,Panchina,99,,MPaOQ4v9,4631317.0
Coppa Italia,1/32 FINALE,2025-08-18,Udinese,410,Zarraga O.,524010,nome,Panchina,6,,MPaOQ4v9,4631317.0
Coppa Italia,1/32 FINALE,2025-08-18,Carrarese,4159,Bleve M.,215167,nome,Titolare,1,Portiere,MPaOQ4v9,4631317.0
Coppa Italia,1/32 FINALE,2025-08-18,Carrarese,4159,Calabrese N.,815529,nome,Titolare,37,,MPaOQ4v9,4631317.0
Coppa Italia,1/32 FINALE,2025-08-18,Carrarese,4159,Illanes J.,441264,nome,Titolare,4,,MPaOQ4v9,4631317.0
Coppa Italia,1/32 FINALE,2025-08-18,Carrarese,4159,Imperiale M.,475149,nome,Titolare,3,Capitano,MPaOQ4v9,4631317.0
Coppa Italia,1/32 FINALE,2025-08-18,Carrarese,4159,Zanon S.,593381,nome,Titolare,72,,MPaOQ4v9,4631317.0
Coppa Italia,1/32 FINALE,2025-08-18,Carrarese,4159,Schiavi N.,293367,nome,Titolare,18,,MPaOQ4v9,4631317.0
Coppa Italia,1/32 FINALE,2025-08-18,Carrarese,4159,Zuelli E.,477556,nome,Titolare,17,,MPaOQ4v9,4631317.0
Coppa Italia,1/32 FINALE,2025-08-18,Carrarese,4159,Belloni N.,240190,nome,Titolare,7,,MPaOQ4v9,4631317.0
Coppa Italia,1/32 FINALE,2025-08-18,Carrarese,4159,Accornero F.,650999,nome,Titolare,80,,MPaOQ4v9,4631317.0
Coppa Italia,1/32 FINALE,2025-08-18,Carrarese,4159,Bozhanaj K.,221421,nome,Titolare,10,,MPaOQ4v9,4631317.0
Coppa Italia,1/32 FINALE,2025-08-18,Carrarese,4159,Abiuso F.,817150,nome,Titolare,9,,MPaOQ4v9,4631317.0
Coppa Italia,1/32 FINALE,2025-08-18,Carrarese,4159,Bouah D.,457235,nome,Panchina,13,,MPaOQ4v9,4631317.0
Coppa Italia,1/32 FINALE,2025-08-18,Carrarese,4159,Capezzi L.,84442,nome,Panchina,82,,MPaOQ4v9,4631317.0
Coppa Italia,1/32 FINALE,2025-08-18,Carrarese,4159,Cham E.,1188538,nome,Panchina,14,,MPaOQ4v9,4631317.0
Coppa Italia,1/32 FINALE,2025-08-18,Carrarese,4159,Di Stefano F.,669915,eliminazione,Panchina,28,,MPaOQ4v9,4631317.0
Coppa Italia,1/32 FINALE,2025-08-18,Carrarese,4159,Fiorillo V.,55000,nome,Panchina,99,Portiere,MPaOQ4v9,4631317.0
Coppa Italia,1/32 FINALE,2025-08-18,Carrarese,4159,Garofani G.,564792,nome,Panchina,12,Portiere,MPaOQ4v9,4631317.0
Coppa Italia,1/32 FINALE,2025-08-18,Carrarese,4159,Melegoni F.,315862,nome,Panchina,8,,MPaOQ4v9,4631317.0
Coppa Italia,1/32 FINALE,2025-08-18,Carrarese,4159,Oliana F.,393607,nome,Panchina,6,,MPaOQ4v9,4631317.0
Coppa Italia,1/32 FINALE,2025-08-18,Carrarese,4159,Parlanti G.,899819,nome,Panchina,77,,MPaOQ4v9,4631317.0
Coppa Italia,1/32 FINALE,2025-08-18,Carrarese,4159,Rubino T.,866247,nome,Panchina,21,,MPaOQ4v9,4631317.0
Coppa Italia,1/32 FINALE,2025-08-18,Carrarese,4159,Ruggeri F.,748720,nome,Panchina,26,,MPaOQ4v9,4631317.0
Coppa Italia,1/32 FINALE,2025-08-18,Carrarese,4159,Scheffer M.,1152997,nome,Panchina,23,,MPaOQ4v9,4631317.0
Coppa Italia,1/32 FINALE,2025-08-18,Spezia,3522,Mascardi D.,981998,nome,Titolare,12,Portiere,Cfv3JMWr,4631316.0
Coppa Italia,1/32 FINALE,2025-08-18,Spezia,3522,Wisniewski P.,386967,nome,Titolare,2,,Cfv3JMWr,4631316.0
Coppa Italia,1/32 FINALE,2025-08-18,Spezia,3522,Cistana A.,337381,nome,Titolare,15,,Cfv3JMWr,4631316.0
Coppa Italia,1/32 FINALE,2025-08-18,Spezia,3522,Mateju A.,242078,nome,Titolare,37,,Cfv3JMWr,4631316.0
Coppa Italia,1/32 FINALE,2025-08-18,Spezia,3522,Esposito Sa.,390160,nome,Titolare,5,Capitano,Cfv3JMWr,4631316.0
Coppa Italia,1/32 FINALE,2025-08-18,Spezia,3522,Candela A.,392881,nome,Titolare,23,,Cfv3JMWr,4631316.0
Coppa Italia,1/32 FINALE,2025-08-18,Spezia,3522,Nagy A.,368559,nome,Titolare,8,,Cfv3JMWr,4631316.0
Coppa Italia,1/32 FINALE,2025-08-18,Spezia,3522,Candelari P.,934386,nome,Titolare,36,,Cfv3JMWr,4631316.0
Coppa Italia,1/32 FINALE,2025-08-18,Spezia,3522,Aurelio G.,457444,nome,Titolare,31,,Cfv3JMWr,4631316.0
Coppa Italia,1/32 FINALE,2025-08-18,Spezia,3522,Artistico G.,604239,nome,Titolare,9,,Cfv3JMWr,4631316.0
Coppa Italia,1/32 FINALE,2025-08-18,Spezia,3522,Di Serio G.,532040,nome,Titolare,20,,Cfv3JMWr,4631316.0
Coppa Italia,1/32 FINALE,2025-08-18,Spezia,3522,Bertoncini A.,1057269,nome,Panchina,24,,Cfv3JMWr,4631316.0
Coppa Italia,1/32 FINALE,2025-08-18,Spezia,3522,Comotto C.,1058363,nome,Panchina,34,,Cfv3JMWr,4631316.0
Coppa Italia,1/32 FINALE,2025-08-18,Spezia,3522,Corradini G.,566927,nome,Panchina,30,,Cfv3JMWr,4631316.0
Coppa Italia,1/32 FINALE,2025-08-18,Spezia,3522,Crespi G. M.,504825,nome,Panchina,45,Portiere,Cfv3JMWr,4631316.0
Coppa Italia,1/32 FINALE,2025-08-18,Spezia,3522,Djankpata H.,924901,nome,Panchina,82,,Cfv3JMWr,4631316.0
Coppa Italia,1/32 FINALE,2025-08-18,Spezia,3522,Giorgeschi S.,731467,nome,Panchina,65,,Cfv3JMWr,4631316.0
Coppa Italia,1/32 FINALE,2025-08-18,Spezia,3522,Hristov P.,372809,nome,Panchina,55,,Cfv3JMWr,4631316.0
Coppa Italia,1/32 FINALE,2025-08-18,Spezia,3522,Insignito A.,1232345,nome,Panchina,21,,Cfv3JMWr,4631316.0
Coppa Italia,1/32 FINALE,2025-08-18,Spezia,3522,Kouda R.,702324,nome,Panchina,80,,Cfv3JMWr,4631316.0
Coppa Italia,1/32 FINALE,2025-08-18,Spezia,3522,Leonardo M.,1215650,nome,Panchina,22,Portiere,Cfv3JMWr,4631316.0
Coppa Italia,1/32 FINALE,2025-08-18,Spezia,3522,Lorenzelli E.,1089767,nome,Panchina,77,,Cfv3JMWr,4631316.0
Coppa Italia,1/32 FINALE,2025-08-18,Spezia,3522,Onofri M.,933673,nome,Panchina,26,,Cfv3JMWr,4631316.0
Coppa Italia,1/32 FINALE,2025-08-18,Spezia,3522,Soleri E.,321065,nome,Panchina,27,,Cfv3JMWr,4631316.0
Coppa Italia,1/32 FINALE,2025-08-18,Spezia,3522,Zurkowski S.,387234,nome,Panchina,14,,Cfv3JMWr,4631316.0
Coppa Italia,1/32 FINALE,2025-08-18,Sampdoria,1038,Ghidotti S.,357983,nome,Titolare,1,Portiere,Cfv3JMWr,4631316.0
Coppa Italia,1/32 FINALE,2025-08-18,Sampdoria,1038,Riccio A.,487835,nome,Titolare,5,,Cfv3JMWr,4631316.0
Coppa Italia,1/32 FINALE,2025-08-18,Sampdoria,1038,Ferrari A.,197491,nome,Titolare,25,Capitano,Cfv3JMWr,4631316.0
Coppa Italia,1/32 FINALE,2025-08-18,Sampdoria,1038,Vulikic S.,664743,nome,Titolare,31,,Cfv3JMWr,4631316.0
Coppa Italia,1/32 FINALE,2025-08-18,Sampdoria,1038,Depaoli F.,324282,nome,Titolare,23,,Cfv3JMWr,4631316.0
Coppa Italia,1/32 FINALE,2025-08-18,Sampdoria,1038,Ferri J.,118284,nome,Titolare,4,,Cfv3JMWr,4631316.0
Coppa Italia,1/32 FINALE,2025-08-18,Sampdoria,1038,Bellemo A.,241052,nome,Titolare,14,,Cfv3JMWr,4631316.0
Coppa Italia,1/32 FINALE,2025-08-18,Sampdoria,1038,Benedetti L.,423615,nome,Titolare,80,,Cfv3JMWr,4631316.0
Coppa Italia,1/32 FINALE,2025-08-18,Sampdoria,1038,Sekulov N.,542336,nome,Titolare,24,,Cfv3JMWr,4631316.0
Coppa Italia,1/32 FINALE,2025-08-18,Sampdoria,1038,Henderson L.,193867,nome,Titolare,16,,Cfv3JMWr,4631316.0
Coppa Italia,1/32 FINALE,2025-08-18,Sampdoria,1038,Coda M.,33763,nome,Titolare,9,,Cfv3JMWr,4631316.0
Coppa Italia,1/32 FINALE,2025-08-18,Sampdoria,1038,Casalino T.,1059525,nome,Panchina,34,,Cfv3JMWr,4631316.0
Coppa Italia,1/32 FINALE,2025-08-18,Sampdoria,1038,Conti F.,823560,nome,Panchina,33,,Cfv3JMWr,4631316.0
Coppa Italia,1/32 FINALE,2025-08-18,Sampdoria,1038,Cuni M.,453864,nome,Panchina,7,,Cfv3JMWr,4631316.0
Coppa Italia,1/32 FINALE,2025-08-18,Sampdoria,1038,Girelli S.,533321,nome,Panchina,19,,Cfv3JMWr,4631316.0
Coppa Italia,1/32 FINALE,2025-08-18,Sampdoria,1038,Ioannou N.,265033,nome,Panchina,44,,Cfv3JMWr,4631316.0
Coppa Italia,1/32 FINALE,2025-08-18,Sampdoria,1038,Malanca L.,1059527,nome,Panchina,39,,Cfv3JMWr,4631316.0
Coppa Italia,1/32 FINALE,2025-08-18,Sampdoria,1038,Narro V.,341271,nome,Panchina,70,,Cfv3JMWr,4631316.0
Coppa Italia,1/32 FINALE,2025-08-18,Sampdoria,1038,Pedrola E.,913539,nome,Panchina,11,,Cfv3JMWr,4631316.0
Coppa Italia,1/32 FINALE,2025-08-18,Sampdoria,1038,Ravaglia N.,42796,nome,Panchina,30,Portiere,Cfv3JMWr,4631316.0
Coppa Italia,1/32 FINALE,2025-08-18,Sampdoria,1038,Ricci M.,198087,nome,Panchina,8,,Cfv3JMWr,4631316.0
Coppa Italia,1/32 FINALE,2025-08-18,Sampdoria,1038,Tantalocchi E.,818703,nome,Panchina,22,Portiere,Cfv3JMWr,4631316.0
Coppa Italia,1/32 FINALE,2025-08-18,Audace Cerignola,22249,Greco S.,319177,nome,Titolare,1,Portiere,xp8sStuo,4669575.0
Coppa Italia,1/32 FINALE,2025-08-18,Audace Cerignola,22249,Visentin S.,549681,nome,Titolare,6,,xp8sStuo,4669575.0
Coppa Italia,1/32 FINALE,2025-08-18,Audace Cerignola,22249,Cocorocchio M.,653274,nome,Titolare,45,,xp8sStuo,4669575.0
Coppa Italia,1/32 FINALE,2025-08-18,Audace Cerignola,22249,Ligi A.,160630,nome,Titolare,15,Capitano,xp8sStuo,4669575.0
Coppa Italia,1/32 FINALE,2025-08-18,Audace Cerignola,22249,Russo L.,391126,nome,Titolare,3,,xp8sStuo,4669575.0
Coppa Italia,1/32 FINALE,2025-08-18,Audace Cerignola,22249,Coccia G.,396488,nome,Titolare,77,,xp8sStuo,4669575.0
Coppa Italia,1/32 FINALE,2025-08-18,Audace Cerignola,22249,Moreso O.,1160320,nome,Titolare,24,,xp8sStuo,4669575.0
Coppa Italia,1/32 FINALE,2025-08-18,Audace Cerignola,22249,Cretella C.,672535,nome,Titolare,58,,xp8sStuo,4669575.0
Coppa Italia,1/32 FINALE,2025-08-18,Audace Cerignola,22249,D'Orazio L.,370435,nome,Titolare,33,,xp8sStuo,4669575.0
Coppa Italia,1/32 FINALE,2025-08-18,Audace Cerignola,22249,Emmausso M.,440718,nome,Titolare,90,,xp8sStuo,4669575.0
Coppa Italia,1/32 FINALE,2025-08-18,Audace Cerignola,22249,Cuppone L.,352704,nome,Titolare,29,,xp8sStuo,4669575.0
Coppa Italia,1/32 FINALE,2025-08-18,Audace Cerignola,22249,Ballabile E.,1065861,nome,Panchina,17,,xp8sStuo,4669575.0
Coppa Italia,1/32 FINALE,2025-08-18,Audace Cerignola,22249,Faggioli A.,488515,nome,Panchina,18,,xp8sStuo,4669575.0
Coppa Italia,1/32 FINALE,2025-08-18,Audace Cerignola,22249,Fares G.,818819,nome,Panchina,22,Portiere,xp8sStuo,4669575.0
Coppa Italia,1/32 FINALE,2025-08-18,Audace Cerignola,22249,Giuliodori G.,1209480,nome,Panchina,19,,xp8sStuo,4669575.0
Coppa Italia,1/32 FINALE,2025-08-18,Audace Cerignola,22249,Ingrosso G.,457251,nome,Panchina,27,,xp8sStuo,4669575.0
Coppa Italia,1/32 FINALE,2025-08-18,Audace Cerignola,22249,Miguel Angel,142034,nome,Panchina,20,,xp8sStuo,4669575.0
Coppa Italia,1/32 FINALE,2025-08-18,Audace Cerignola,22249,Parlato C.,882964,nome,Panchina,99,,xp8sStuo,4669575.0
Coppa Italia,1/32 FINALE,2025-08-18,Audace Cerignola,22249,Rizzuto A.,744617,nome,Panchina,12,Portiere,xp8sStuo,4669575.0
Coppa Italia,1/32 FINALE,2025-08-18,Audace Cerignola,22249,Ruggiero Z.,433447,nome,Panchina,83,,xp8sStuo,4669575.0
Coppa Italia,1/32 FINALE,2025-08-18,Audace Cerignola,22249,Sabbatani A.,1178107,nome,Panchina,9,,xp8sStuo,4669575.0
Coppa Italia,1/32 FINALE,2025-08-18,Audace Cerignola,22249,Spaltro R.,459180,nome,Panchina,25,,xp8sStuo,4669575.0
Coppa Italia,1/32 FINALE,2025-08-18,Verona,276,Montipo L.,241923,nome,Titolare,1,Portiere,xp8sStuo,4669575.0
Coppa Italia,1/32 FINALE,2025-08-18,Verona,276,Oyegoke D.,586984,nome,Titolare,2,,xp8sStuo,4669575.0
Coppa Italia,1/32 FINALE,2025-08-18,Verona,276,Nunez U.,338285,nome,Titolare,5,,xp8sStuo,4669575.0
Coppa Italia,1/32 FINALE,2025-08-18,Verona,276,Valentini N.,860992,nome,Titolare,6,,xp8sStuo,4669575.0
Coppa Italia,1/32 FINALE,2025-08-18,Verona,276,Bernede A.,395512,nome,Titolare,24,,xp8sStuo,4669575.0
Coppa Italia,1/32 FINALE,2025-08-18,Verona,276,Cham F.,1315458,nome,Titolare,70,,xp8sStuo,4669575.0
Coppa Italia,1/32 FINALE,2025-08-18,Verona,276,Niasse C.,644032,nome,Titolare,36,,xp8sStuo,4669575.0
Coppa Italia,1/32 FINALE,2025-08-18,Verona,276,Serdar S.,261905,nome,Titolare,8,Capitano,xp8sStuo,4669575.0
Coppa Italia,1/32 FINALE,2025-08-18,Verona,276,Frese M.,488785,nome,Titolare,3,,xp8sStuo,4669575.0
Coppa Italia,1/32 FINALE,2025-08-18,Verona,276,Giovane,1005165,nome,Titolare,17,,xp8sStuo,4669575.0
Coppa Italia,1/32 FINALE,2025-08-18,Verona,276,Mosquera D.,651569,nome,Titolare,25,,xp8sStuo,4669575.0
Coppa Italia,1/32 FINALE,2025-08-18,Verona,276,Ajayi J.,1111820,nome,Panchina,72,,xp8sStuo,4669575.0
Coppa Italia,1/32 FINALE,2025-08-18,Verona,276,Bradaric D.,357796,nome,Panchina,12,,xp8sStuo,4669575.0
Coppa Italia,1/32 FINALE,2025-08-18,Verona,276,Charlys,1082519,nome,Panchina,18,,xp8sStuo,4669575.0
Coppa Italia,1/32 FINALE,2025-08-18,Verona,276,Harroui A.,416386,nome,Panchina,21,,xp8sStuo,4669575.0
Coppa Italia,1/32 FINALE,2025-08-18,Verona,276,Kastanos G.,298635,nome,Panchina,20,,xp8sStuo,4669575.0
Coppa Italia,1/32 FINALE,2025-08-18,Verona,276,Kurti A.,903213,nome,Panchina,22,,xp8sStuo,4669575.0
Coppa Italia,1/32 FINALE,2025-08-18,Verona,276,Lambourde M.,979766,nome,Panchina,39,,xp8sStuo,4669575.0
Coppa Italia,1/32 FINALE,2025-08-18,Verona,276,Livramento D.,676411,nome,Panchina,14,,xp8sStuo,4669575.0
Coppa Italia,1/32 FINALE,2025-08-18,Verona,276,Magro F.,818898,nome,Panchina,98,Portiere,xp8sStuo,4669575.0
Coppa Italia,1/32 FINALE,2025-08-18,Verona,276,Mitrovic S.,726526,nome,Panchina,80,,xp8sStuo,4669575.0
Coppa Italia,1/32 FINALE,2025-08-18,Verona,276,Perilli S.,240675,nome,Panchina,34,Portiere,xp8sStuo,4669575.0
Coppa Italia,1/32 FINALE,2025-08-18,Verona,276,Santiago Perez J.,941869,eliminazione,Panchina,4,,xp8sStuo,4669575.0
Coppa Italia,1/32 FINALE,2025-08-18,Verona,276,Sarr A.,748382,nome,Panchina,9,,xp8sStuo,4669575.0
Coppa Italia,1/32 FINALE,2025-08-18,Verona,276,Slotsager T.,851385,nome,Panchina,19,,xp8sStuo,4669575.0
Coppa Italia,1/32 FINALE,2025-08-17,Milan,5,Maignan M.,182906,nome,Titolare,16,Portiere,dOsfHi7C,4631315.0
Coppa Italia,1/32 FINALE,2025-08-17,Milan,5,Tomori F.,303254,nome,Titolare,23,,dOsfHi7C,4631315.0
Coppa Italia,1/32 FINALE,2025-08-17,Milan,5,Gabbia M.,323167,nome,Titolare,46,,dOsfHi7C,4631315.0
Coppa Italia,1/32 FINALE,2025-08-17,Milan,5,Pavlovic S.,574671,nome,Titolare,31,,dOsfHi7C,4631315.0
Coppa Italia,1/32 FINALE,2025-08-17,Milan,5,Saelemaekers A.,381950,nome,Titolare,56,,dOsfHi7C,4631315.0
Coppa Italia,1/32 FINALE,2025-08-17,Milan,5,Fofana Y.,569598,nome,Titolare,19,,dOsfHi7C,4631315.0
Coppa Italia,1/32 FINALE,2025-08-17,Milan,5,Ricci S.,467992,nome,Titolare,4,,dOsfHi7C,4631315.0
Coppa Italia,1/32 FINALE,2025-08-17,Milan,5,Loftus-Cheek R.,202886,nome,Titolare,8,,dOsfHi7C,4631315.0
Coppa Italia,1/32 FINALE,2025-08-17,Milan,5,Estupinan P.,349599,nome,Titolare,2,,dOsfHi7C,4631315.0
Coppa Italia,1/32 FINALE,2025-08-17,Milan,5,Pulisic C.,315779,nome,Titolare,11,,dOsfHi7C,4631315.0
Coppa Italia,1/32 FINALE,2025-08-17,Milan,5,Leao R.,357164,nome,Titolare,10,,dOsfHi7C,4631315.0
Coppa Italia,1/32 FINALE,2025-08-17,Milan,5,Athekame Z.,990637,nome,Panchina,24,,dOsfHi7C,4631315.0
Coppa Italia,1/32 FINALE,2025-08-17,Milan,5,Bartesaghi D.,887638,nome,Panchina,33,,dOsfHi7C,4631315.0
Coppa Italia,1/32 FINALE,2025-08-17,Milan,5,Chukwueze S.,401922,nome,Panchina,21,,dOsfHi7C,4631315.0
Coppa Italia,1/32 FINALE,2025-08-17,Milan,5,De Winter K.,490384,nome,Panchina,5,,dOsfHi7C,4631315.0
Coppa Italia,1/32 FINALE,2025-08-17,Milan,5,Gimenez S.,552955,nome,Panchina,7,,dOsfHi7C,4631315.0
Coppa Italia,1/32 FINALE,2025-08-17,Milan,5,Jashari A.,608172,nome,Panchina,30,,dOsfHi7C,4631315.0
Coppa Italia,1/32 FINALE,2025-08-17,Milan,5,Jimenez A.,741257,nome,Panchina,20,,dOsfHi7C,4631315.0
Coppa Italia,1/32 FINALE,2025-08-17,Milan,5,Modric L.,27992,nome,Panchina,14,,dOsfHi7C,4631315.0
Coppa Italia,1/32 FINALE,2025-08-17,Milan,5,Musah Y.,503991,nome,Panchina,80,,dOsfHi7C,4631315.0
Coppa Italia,1/32 FINALE,2025-08-17,Milan,5,Okafor N.,346890,nome,Panchina,17,,dOsfHi7C,4631315.0
Coppa Italia,1/32 FINALE,2025-08-17,Milan,5,Pittarella M.,1185980,nome,Panchina,37,Portiere,dOsfHi7C,4631315.0
Coppa Italia,1/32 FINALE,2025-08-17,Milan,5,Terracciano P.,96254,nome,Panchina,1,Portiere,dOsfHi7C,4631315.0
Coppa Italia,1/32 FINALE,2025-08-17,Milan,5,Vladimirov V.,1136279,nome,Panchina,34,,dOsfHi7C,4631315.0
Coppa Italia,1/32 FINALE,2025-08-17,Bari,332,Cerofolini M.,370701,nome,Titolare,31,Portiere,dOsfHi7C,4631315.0
Coppa Italia,1/32 FINALE,2025-08-17,Bari,332,Dickmann L.,283060,nome,Titolare,24,,dOsfHi7C,4631315.0
Coppa Italia,1/32 FINALE,2025-08-17,Bari,332,Vicari F.,240158,nome,Titolare,23,Capitano,dOsfHi7C,4631315.0
Coppa Italia,1/32 FINALE,2025-08-17,Bari,332,Nikolaou D.,292772,nome,Titolare,43,,dOsfHi7C,4631315.0
Coppa Italia,1/32 FINALE,2025-08-17,Bari,332,Dorval M.,784575,nome,Titolare,93,,dOsfHi7C,4631315.0
Coppa Italia,1/32 FINALE,2025-08-17,Bari,332,Bellomo N.,107958,nome,Titolare,10,,dOsfHi7C,4631315.0
Coppa Italia,1/32 FINALE,2025-08-17,Bari,332,Braunoder M.,488052,nome,Titolare,27,,dOsfHi7C,4631315.0
Coppa Italia,1/32 FINALE,2025-08-17,Bari,332,Pagano R.,659415,nome,Titolare,8,,dOsfHi7C,4631315.0
Coppa Italia,1/32 FINALE,2025-08-17,Bari,332,Pereiro G.,264116,nome,Titolare,20,,dOsfHi7C,4631315.0
Coppa Italia,1/32 FINALE,2025-08-17,Bari,332,Moncini G.,238977,nome,Titolare,11,,dOsfHi7C,4631315.0
Coppa Italia,1/32 FINALE,2025-08-17,Bari,332,Sibilli G.,424275,nome,Titolare,7,,dOsfHi7C,4631315.0
Coppa Italia,1/32 FINALE,2025-08-17,Bari,332,De Lucci P.,1055871,nome,Panchina,12,Portiere,dOsfHi7C,4631315.0
Coppa Italia,1/32 FINALE,2025-08-17,Bari,332,Gytkjaer C.,76274,nome,Panchina,9,,dOsfHi7C,4631315.0
Coppa Italia,1/32 FINALE,2025-08-17,Bari,332,Kassama S.,892130,nome,Panchina,15,,dOsfHi7C,4631315.0
Coppa Italia,1/32 FINALE,2025-08-17,Bari,332,Mane M.,877620,nome,Panchina,30,,dOsfHi7C,4631315.0
Coppa Italia,1/32 FINALE,2025-08-17,Bari,332,Manzari G.,459953,nome,Panchina,18,,dOsfHi7C,4631315.0
Coppa Italia,1/32 FINALE,2025-08-17,Bari,332,Mavraj I.,1061721,nome,Panchina,76,,dOsfHi7C,4631315.0
Coppa Italia,1/32 FINALE,2025-08-17,Bari,332,Onofrietti V.,745602,nome,Panchina,14,,dOsfHi7C,4631315.0
Coppa Italia,1/32 FINALE,2025-08-17,Bari,332,Partipilo A.,182517,nome,Panchina,21,,dOsfHi7C,4631315.0
Coppa Italia,1/32 FINALE,2025-08-17,Bari,332,Pissardo M.,350082,nome,Panchina,1,Portiere,dOsfHi7C,4631315.0
Coppa Italia,1/32 FINALE,2025-08-17,Bari,332,Pucino R.,139307,nome,Panchina,25,,dOsfHi7C,4631315.0
Coppa Italia,1/32 FINALE,2025-08-17,Bari,332,Rao E.,936229,nome,Panchina,17,,dOsfHi7C,4631315.0
Coppa Italia,1/32 FINALE,2025-08-17,Bari,332,Tripaldelli A.,357176,nome,Panchina,3,,dOsfHi7C,4631315.0
Coppa Italia,1/32 FINALE,2025-08-17,Bari,332,Verreth M.,292817,nome,Panchina,29,,dOsfHi7C,4631315.0
Coppa Italia,1/32 FINALE,2025-08-17,Cesena,1429,Klinsmann J.,334992,nome,Titolare,33,Portiere,tnGCZYMt,4631314.0
Coppa Italia,1/32 FINALE,2025-08-17,Cesena,1429,Ciofi A.,392524,nome,Titolare,15,Capitano,tnGCZYMt,4631314.0
Coppa Italia,1/32 FINALE,2025-08-17,Cesena,1429,Zaro G.,199583,nome,Titolare,19,,tnGCZYMt,4631314.0
Coppa Italia,1/32 FINALE,2025-08-17,Cesena,1429,Mangraviti M.,395805,nome,Titolare,24,,tnGCZYMt,4631314.0
Coppa Italia,1/32 FINALE,2025-08-17,Cesena,1429,Ciervo R.,628558,nome,Titolare,11,,tnGCZYMt,4631314.0
Coppa Italia,1/32 FINALE,2025-08-17,Cesena,1429,Bisoli D.,163216,nome,Titolare,25,,tnGCZYMt,4631314.0
Coppa Italia,1/32 FINALE,2025-08-17,Cesena,1429,Berti T.,908768,nome,Titolare,14,,tnGCZYMt,4631314.0
Coppa Italia,1/32 FINALE,2025-08-17,Cesena,1429,Bastoni S.,257751,nome,Titolare,10,,tnGCZYMt,4631314.0
Coppa Italia,1/32 FINALE,2025-08-17,Cesena,1429,Frabotta G.,386755,nome,Titolare,99,,tnGCZYMt,4631314.0
Coppa Italia,1/32 FINALE,2025-08-17,Cesena,1429,Blesa J.,973249,nome,Titolare,7,,tnGCZYMt,4631314.0
Coppa Italia,1/32 FINALE,2025-08-17,Cesena,1429,Shpendi C.,908760,nome,Titolare,9,,tnGCZYMt,4631314.0
Coppa Italia,1/32 FINALE,2025-08-17,Cesena,1429,Adamo E.,411666,nome,Panchina,17,,tnGCZYMt,4631314.0
Coppa Italia,1/32 FINALE,2025-08-17,Cesena,1429,Arrigoni T.,199070,nome,Panchina,6,,tnGCZYMt,4631314.0
Coppa Italia,1/32 FINALE,2025-08-17,Cesena,1429,Balde S.,984708,eliminazione,Panchina,29,,tnGCZYMt,4631314.0
Coppa Italia,1/32 FINALE,2025-08-17,Cesena,1429,Celia R.,195057,nome,Panchina,13,,tnGCZYMt,4631314.0
Coppa Italia,1/32 FINALE,2025-08-17,Cesena,1429,Fontana N.,1202384,nome,Panchina,39,Portiere,tnGCZYMt,4631314.0
Coppa Italia,1/32 FINALE,2025-08-17,Cesena,1429,Francesconi M.,908791,nome,Panchina,70,,tnGCZYMt,4631314.0
Coppa Italia,1/32 FINALE,2025-08-17,Cesena,1429,Guidi M.,702614,nome,Panchina,18,,tnGCZYMt,4631314.0
Coppa Italia,1/32 FINALE,2025-08-17,Cesena,1429,Magni V.,1058396,nome,Panchina,23,,tnGCZYMt,4631314.0
Coppa Italia,1/32 FINALE,2025-08-17,Cesena,1429,Piacentini M.,391453,nome,Panchina,26,,tnGCZYMt,4631314.0
Coppa Italia,1/32 FINALE,2025-08-17,Cesena,1429,Siano A.,530847,nome,Panchina,1,Portiere,tnGCZYMt,4631314.0
Coppa Italia,1/32 FINALE,2025-08-17,Cesena,1429,Tosku F.,1024766,nome,Panchina,77,,tnGCZYMt,4631314.0
Coppa Italia,1/32 FINALE,2025-08-17,Cesena,1429,Zamagni D.,1296419,nome,Panchina,35,,tnGCZYMt,4631314.0
Coppa Italia,1/32 FINALE,2025-08-17,Pisa,4172,Semper A.,317057,nome,Titolare,1,Portiere,tnGCZYMt,4631314.0
Coppa Italia,1/32 FINALE,2025-08-17,Pisa,4172,Calabresi A.,240897,nome,Titolare,33,,tnGCZYMt,4631314.0
Coppa Italia,1/32 FINALE,2025-08-17,Pisa,4172,Caracciolo Ant.,149525,nome,Titolare,4,Capitano,tnGCZYMt,4631314.0
Coppa Italia,1/32 FINALE,2025-08-17,Pisa,4172,Canestrelli S.,358003,nome,Titolare,5,,tnGCZYMt,4631314.0
Coppa Italia,1/32 FINALE,2025-08-17,Pisa,4172,Toure I.,335516,nome,Titolare,15,,tnGCZYMt,4631314.0
Coppa Italia,1/32 FINALE,2025-08-17,Pisa,4172,Aebischer M.,237658,nome,Titolare,20,,tnGCZYMt,4631314.0
Coppa Italia,1/32 FINALE,2025-08-17,Pisa,4172,Marin M.,379163,nome,Titolare,6,,tnGCZYMt,4631314.0
Coppa Italia,1/32 FINALE,2025-08-17,Pisa,4172,Angori S.,705063,nome,Titolare,3,,tnGCZYMt,4631314.0
Coppa Italia,1/32 FINALE,2025-08-17,Pisa,4172,Moreo S.,279823,nome,Titolare,32,,tnGCZYMt,4631314.0
Coppa Italia,1/32 FINALE,2025-08-17,Pisa,4172,Tramoni M.,475410,nome,Titolare,10,,tnGCZYMt,4631314.0
Coppa Italia,1/32 FINALE,2025-08-17,Pisa,4172,Lind A.,514895,nome,Titolare,45,,tnGCZYMt,4631314.0
Coppa Italia,1/32 FINALE,2025-08-17,Pisa,4172,Akinsanmiro E.,969192,nome,Panchina,14,,tnGCZYMt,4631314.0
Coppa Italia,1/32 FINALE,2025-08-17,Pisa,4172,Buffon L.,1191069,nome,Panchina,16,,tnGCZYMt,4631314.0
Coppa Italia,1/32 FINALE,2025-08-17,Pisa,4172,Casarosa M.,1058319,nome,Panchina,43,,tnGCZYMt,4631314.0
Coppa Italia,1/32 FINALE,2025-08-17,Pisa,4172,Cuadrado J.,91970,nome,Panchina,11,,tnGCZYMt,4631314.0
Coppa Italia,1/32 FINALE,2025-08-17,Pisa,4172,Durmush M.,1053566,nome,Panchina,77,,tnGCZYMt,4631314.0
Coppa Italia,1/32 FINALE,2025-08-17,Pisa,4172,Hojholt M.,543822,nome,Panchina,8,,tnGCZYMt,4631314.0
Coppa Italia,1/32 FINALE,2025-08-17,Pisa,4172,Leris M.,348601,nome,Panchina,7,,tnGCZYMt,4631314.0
Coppa Italia,1/32 FINALE,2025-08-17,Pisa,4172,Mbambi J.,1231354,nome,Panchina,76,,tnGCZYMt,4631314.0
Coppa Italia,1/32 FINALE,2025-08-17,Pisa,4172,Nicolas Andrade,99523,nome,Panchina,12,Portiere,tnGCZYMt,4631314.0
Coppa Italia,1/32 FINALE,2025-08-17,Pisa,4172,Nzola M.,354814,nome,Panchina,18,,tnGCZYMt,4631314.0
Coppa Italia,1/32 FINALE,2025-08-17,Pisa,4172,Piccinini G.,628365,nome,Panchina,36,,tnGCZYMt,4631314.0
Coppa Italia,1/32 FINALE,2025-08-17,Pisa,4172,Scuffet S.,238993,nome,Panchina,22,Portiere,tnGCZYMt,4631314.0
Coppa Italia,1/32 FINALE,2025-08-17,Parma,130,Suzuki Z.,432298,nome,Titolare,31,Portiere,61HBX2HN,4669574.0
Coppa Italia,1/32 FINALE,2025-08-17,Parma,130,Delprato E.,392956,nome,Titolare,15,Capitano,61HBX2HN,4669574.0
Coppa Italia,1/32 FINALE,2025-08-17,Parma,130,Circati A.,867137,nome,Titolare,39,,61HBX2HN,4669574.0
Coppa Italia,1/32 FINALE,2025-08-17,Parma,130,Valenti L.,625202,nome,Titolare,5,,61HBX2HN,4669574.0
Coppa Italia,1/32 FINALE,2025-08-17,Parma,130,Lovik M.,661212,nome,Titolare,18,,61HBX2HN,4669574.0
Coppa Italia,1/32 FINALE,2025-08-17,Parma,130,Bernabe A.,466802,nome,Titolare,10,,61HBX2HN,4669574.0
Coppa Italia,1/32 FINALE,2025-08-17,Parma,130,Keita M.,707844,nome,Titolare,16,,61HBX2HN,4669574.0
Coppa Italia,1/32 FINALE,2025-08-17,Parma,130,Valeri E.,445126,nome,Titolare,14,,61HBX2HN,4669574.0
Coppa Italia,1/32 FINALE,2025-08-17,Parma,130,Almqvist P.,300532,nome,Titolare,11,,61HBX2HN,4669574.0
Coppa Italia,1/32 FINALE,2025-08-17,Parma,130,Ordonez C.,1043646,nome,Titolare,24,,61HBX2HN,4669574.0
Coppa Italia,1/32 FINALE,2025-08-17,Parma,130,Pellegrino M.,856530,nome,Titolare,9,,61HBX2HN,4669574.0
Coppa Italia,1/32 FINALE,2025-08-17,Parma,130,Amoran P.,858677,nome,Panchina,60,,61HBX2HN,4669574.0
Coppa Italia,1/32 FINALE,2025-08-17,Parma,130,Balogh B.,543727,nome,Panchina,4,,61HBX2HN,4669574.0
Coppa Italia,1/32 FINALE,2025-08-17,Parma,130,Begic T.,708186,nome,Panchina,19,,61HBX2HN,4669574.0
Coppa Italia,1/32 FINALE,2025-08-17,Parma,130,Benedyczak A.,454386,nome,Panchina,7,,61HBX2HN,4669574.0
Coppa Italia,1/32 FINALE,2025-08-17,Parma,130,Corvi E.,528181,nome,Panchina,40,Portiere,61HBX2HN,4669574.0
Coppa Italia,1/32 FINALE,2025-08-17,Parma,130,Djuric M.,67556,nome,Panchina,30,,61HBX2HN,4669574.0
Coppa Italia,1/32 FINALE,2025-08-17,Parma,130,Estevez N.,552472,nome,Panchina,8,,61HBX2HN,4669574.0
Coppa Italia,1/32 FINALE,2025-08-17,Parma,130,Frigan M.,840149,nome,Panchina,20,,61HBX2HN,4669574.0
Coppa Italia,1/32 FINALE,2025-08-17,Parma,130,Joujou A.,1028162,nome,Panchina,21,,61HBX2HN,4669574.0
Coppa Italia,1/32 FINALE,2025-08-17,Parma,130,Ndiaye A.,673514,nome,Panchina,3,,61HBX2HN,4669574.0
Coppa Italia,1/32 FINALE,2025-08-17,Parma,130,Plicco E.,1085031,nome,Panchina,65,,61HBX2HN,4669574.0
Coppa Italia,1/32 FINALE,2025-08-17,Parma,130,Rinaldi F.,604207,nome,Panchina,66,Portiere,61HBX2HN,4669574.0
Coppa Italia,1/32 FINALE,2025-08-17,Parma,130,Sits D.,806955,nome,Panchina,77,,61HBX2HN,4669574.0
Coppa Italia,1/32 FINALE,2025-08-17,Parma,130,Sorensen O.,514888,nome,Panchina,22,,61HBX2HN,4669574.0
Coppa Italia,1/32 FINALE,2025-08-17,Pescara,2921,Desplanches S.,567465,nome,Titolare,1,Portiere,61HBX2HN,4669574.0
Coppa Italia,1/32 FINALE,2025-08-17,Pescara,2921,Corbo G.,423614,nome,Titolare,95,,61HBX2HN,4669574.0
Coppa Italia,1/32 FINALE,2025-08-17,Pescara,2921,Giannini D.,1086359,nome,Titolare,35,,61HBX2HN,4669574.0
Coppa Italia,1/32 FINALE,2025-08-17,Pescara,2921,Letizia G.,160560,nome,Titolare,3,,61HBX2HN,4669574.0
Coppa Italia,1/32 FINALE,2025-08-17,Pescara,2921,Valzania L.,287663,nome,Titolare,14,Capitano,61HBX2HN,4669574.0
Coppa Italia,1/32 FINALE,2025-08-17,Pescara,2921,Dagasso M.,744621,nome,Titolare,8,,61HBX2HN,4669574.0
Coppa Italia,1/32 FINALE,2025-08-17,Pescara,2921,Graziani L.,928032,nome,Titolare,20,,61HBX2HN,4669574.0
Coppa Italia,1/32 FINALE,2025-08-17,Pescara,2921,Cangiano G.,496270,nome,Titolare,11,,61HBX2HN,4669574.0
Coppa Italia,1/32 FINALE,2025-08-17,Pescara,2921,Merola D.,357998,nome,Titolare,10,,61HBX2HN,4669574.0
Coppa Italia,1/32 FINALE,2025-08-17,Pescara,2921,Olzer G.,539132,nome,Titolare,27,,61HBX2HN,4669574.0
Coppa Italia,1/32 FINALE,2025-08-17,Pescara,2921,Sgarbi L.,535797,nome,Titolare,18,,61HBX2HN,4669574.0
Coppa Italia,1/32 FINALE,2025-08-17,Pescara,2921,Balzano M.,1177623,nome,Panchina,19,,61HBX2HN,4669574.0
Coppa Italia,1/32 FINALE,2025-08-17,Pescara,2921,Berardi L.,1130743,nome,Panchina,36,,61HBX2HN,4669574.0
Coppa Italia,1/32 FINALE,2025-08-17,Pescara,2921,Ferraris A.,708079,nome,Panchina,21,,61HBX2HN,4669574.0
Coppa Italia,1/32 FINALE,2025-08-17,Pescara,2921,Kraja E.,459147,nome,Panchina,73,,61HBX2HN,4669574.0
Coppa Italia,1/32 FINALE,2025-08-17,Pescara,2921,La Barba J.,1307069,nome,Panchina,24,,61HBX2HN,4669574.0
Coppa Italia,1/32 FINALE,2025-08-17,Pescara,2921,Meazzi L.,534166,nome,Panchina,7,,61HBX2HN,4669574.0
Coppa Italia,1/32 FINALE,2025-08-17,Pescara,2921,Milan M.,1176568,nome,Panchina,85,,61HBX2HN,4669574.0
Coppa Italia,1/32 FINALE,2025-08-17,Pescara,2921,Profeta N.,1254060,nome,Panchina,12,Portiere,61HBX2HN,4669574.0
Coppa Italia,1/32 FINALE,2025-08-17,Pescara,2921,Saccomanni G.,1175714,nome,Panchina,30,,61HBX2HN,4669574.0
Coppa Italia,1/32 FINALE,2025-08-17,Pescara,2921,Saio I.,613533,nome,Panchina,22,Portiere,61HBX2HN,4669574.0
Coppa Italia,1/32 FINALE,2025-08-17,Pescara,2921,Squizzato N.,487838,nome,Panchina,6,,61HBX2HN,4669574.0
Coppa Italia,1/32 FINALE,2025-08-17,Pescara,2921,Tonin R.,421773,nome,Panchina,15,,61HBX2HN,4669574.0
Coppa Italia,1/32 FINALE,2025-08-17,Pescara,2921,Tunjov G.,363610,nome,Panchina,17,,61HBX2HN,4669574.0
Coppa Italia,1/32 FINALE,2025-08-17,Monza,2919,Thiam D.,435406,nome,Titolare,20,Portiere,214LXCig,4631313.0
Coppa Italia,1/32 FINALE,2025-08-17,Monza,2919,Brorsson A.,381706,nome,Titolare,2,,214LXCig,4631313.0
Coppa Italia,1/32 FINALE,2025-08-17,Monza,2919,Izzo A.,32113,nome,Titolare,4,,214LXCig,4631313.0
Coppa Italia,1/32 FINALE,2025-08-17,Monza,2919,Lucchesi L.,567454,nome,Titolare,3,,214LXCig,4631313.0
Coppa Italia,1/32 FINALE,2025-08-17,Monza,2919,Ciurria P.,255838,nome,Titolare,26,,214LXCig,4631313.0
Coppa Italia,1/32 FINALE,2025-08-17,Monza,2919,Pessina M.,332179,nome,Titolare,32,Capitano,214LXCig,4631313.0
Coppa Italia,1/32 FINALE,2025-08-17,Monza,2919,Colombo L.,891869,nome,Titolare,21,,214LXCig,4631313.0
Coppa Italia,1/32 FINALE,2025-08-17,Monza,2919,Birindelli S.,461019,nome,Titolare,19,,214LXCig,4631313.0
Coppa Italia,1/32 FINALE,2025-08-17,Monza,2919,Colpani A.,392959,nome,Titolare,28,,214LXCig,4631313.0
Coppa Italia,1/32 FINALE,2025-08-17,Monza,2919,Caprari G.,146752,nome,Titolare,10,,214LXCig,4631313.0
Coppa Italia,1/32 FINALE,2025-08-17,Monza,2919,Mota D.,347253,nome,Titolare,47,,214LXCig,4631313.0
Coppa Italia,1/32 FINALE,2025-08-17,Monza,2919,Azzi P.,310527,nome,Panchina,7,,214LXCig,4631313.0
Coppa Italia,1/32 FINALE,2025-08-17,Monza,2919,Capolupo S.,1049862,nome,Panchina,27,,214LXCig,4631313.0
Coppa Italia,1/32 FINALE,2025-08-17,Monza,2919,Carboni A.,481834,nome,Panchina,44,,214LXCig,4631313.0
Coppa Italia,1/32 FINALE,2025-08-17,Monza,2919,Delli Carri F.,393904,nome,Panchina,15,,214LXCig,4631313.0
Coppa Italia,1/32 FINALE,2025-08-17,Monza,2919,Domanico S.,683101,nome,Panchina,33,,214LXCig,4631313.0
Coppa Italia,1/32 FINALE,2025-08-17,Monza,2919,Galazzi N.,524428,nome,Panchina,23,,214LXCig,4631313.0
Coppa Italia,1/32 FINALE,2025-08-17,Monza,2919,Ganvoula S.,312819,nome,Panchina,35,,214LXCig,4631313.0
Coppa Italia,1/32 FINALE,2025-08-17,Monza,2919,Maric M.,215649,nome,Panchina,9,,214LXCig,4631313.0
Coppa Italia,1/32 FINALE,2025-08-17,Monza,2919,Martins K.,724069,nome,Panchina,70,,214LXCig,4631313.0
Coppa Italia,1/32 FINALE,2025-08-17,Monza,2919,Obiang P.,101213,nome,Panchina,14,,214LXCig,4631313.0
Coppa Italia,1/32 FINALE,2025-08-17,Monza,2919,Petagna A.,199258,nome,Panchina,37,,214LXCig,4631313.0
Coppa Italia,1/32 FINALE,2025-08-17,Monza,2919,Pizzignacco S.,537171,nome,Panchina,1,Portiere,214LXCig,4631313.0
Coppa Italia,1/32 FINALE,2025-08-17,Monza,2919,Ravanelli L.,312341,nome,Panchina,13,,214LXCig,4631313.0
Coppa Italia,1/32 FINALE,2025-08-17,Monza,2919,Sardo J.,993212,nome,Panchina,16,,214LXCig,4631313.0
Coppa Italia,1/32 FINALE,2025-08-17,Monza,2919,Sorrentino A.,542588,nome,Panchina,25,Portiere,214LXCig,4631313.0
Coppa Italia,1/32 FINALE,2025-08-17,Frosinone,8970,Sherri A.,304144,nome,Titolare,1,Portiere,214LXCig,4631313.0
Coppa Italia,1/32 FINALE,2025-08-17,Frosinone,8970,Oyono A.,804812,nome,Titolare,20,,214LXCig,4631313.0
Coppa Italia,1/32 FINALE,2025-08-17,Frosinone,8970,Calvani G.,745778,nome,Titolare,3,,214LXCig,4631313.0
Coppa Italia,1/32 FINALE,2025-08-17,Frosinone,8970,Monterisi I.,550116,nome,Titolare,30,,214LXCig,4631313.0
Coppa Italia,1/32 FINALE,2025-08-17,Frosinone,8970,Marchizza R.,297645,nome,Titolare,5,Capitano,214LXCig,4631313.0
Coppa Italia,1/32 FINALE,2025-08-17,Frosinone,8970,Calo G.,301235,nome,Titolare,14,,214LXCig,4631313.0
Coppa Italia,1/32 FINALE,2025-08-17,Frosinone,8970,Koutsoupias I.,534161,nome,Titolare,8,,214LXCig,4631313.0
Coppa Italia,1/32 FINALE,2025-08-17,Frosinone,8970,Ghedjemis F.,888738,nome,Titolare,7,,214LXCig,4631313.0
Coppa Italia,1/32 FINALE,2025-08-17,Frosinone,8970,Barcella K.,1051737,nome,Titolare,99,,214LXCig,4631313.0
Coppa Italia,1/32 FINALE,2025-08-17,Frosinone,8970,Masciangelo E.,286293,nome,Titolare,32,,214LXCig,4631313.0
Coppa Italia,1/32 FINALE,2025-08-17,Frosinone,8970,Raimondo A.,818888,nome,Titolare,9,,214LXCig,4631313.0
Coppa Italia,1/32 FINALE,2025-08-17,Frosinone,8970,Biraschi D.,199927,nome,Panchina,4,,214LXCig,4631313.0
Coppa Italia,1/32 FINALE,2025-08-17,Frosinone,8970,Bracaglia G.,571600,nome,Panchina,79,,214LXCig,4631313.0
Coppa Italia,1/32 FINALE,2025-08-17,Frosinone,8970,Cichella M.,927905,nome,Panchina,16,,214LXCig,4631313.0
Coppa Italia,1/32 FINALE,2025-08-17,Frosinone,8970,Gelli F.,337811,nome,Panchina,10,,214LXCig,4631313.0
Coppa Italia,1/32 FINALE,2025-08-17,Frosinone,8970,Gelli J.,534081,nome,Panchina,6,,214LXCig,4631313.0
Coppa Italia,1/32 FINALE,2025-08-17,Frosinone,8970,Grosso F.,1049596,nome,Panchina,18,,214LXCig,4631313.0
Coppa Italia,1/32 FINALE,2025-08-17,Frosinone,8970,Kvernadze G.,412758,nome,Panchina,17,,214LXCig,4631313.0
Coppa Italia,1/32 FINALE,2025-08-17,Frosinone,8970,Lolic E.,740517,nome,Panchina,12,Portiere,214LXCig,4631313.0
Coppa Italia,1/32 FINALE,2025-08-17,Frosinone,8970,Oyono J.,917376,nome,Panchina,21,,214LXCig,4631313.0
Coppa Italia,1/32 FINALE,2025-08-17,Frosinone,8970,Palmisani L.,705355,nome,Panchina,22,Portiere,214LXCig,4631313.0
Coppa Italia,1/32 FINALE,2025-08-17,Frosinone,8970,Zilli M.,539582,nome,Panchina,28,,214LXCig,4631313.0
Coppa Italia,1/32 FINALE,2025-08-16,Cremonese,2239,Audero E.,256339,nome,Titolare,1,Portiere,fJ7x31n2,4631312.0
Coppa Italia,1/32 FINALE,2025-08-16,Cremonese,2239,Terracciano F.,631007,nome,Titolare,24,,fJ7x31n2,4631312.0
Coppa Italia,1/32 FINALE,2025-08-16,Cremonese,2239,Baschirotto F.,351955,nome,Titolare,6,,fJ7x31n2,4631312.0
Coppa Italia,1/32 FINALE,2025-08-16,Cremonese,2239,Bianchetti M.,160986,nome,Titolare,15,Capitano,fJ7x31n2,4631312.0
Coppa Italia,1/32 FINALE,2025-08-16,Cremonese,2239,Zerbin A.,433584,nome,Titolare,7,,fJ7x31n2,4631312.0
Coppa Italia,1/32 FINALE,2025-08-16,Cremonese,2239,Collocolo M.,434551,nome,Titolare,18,,fJ7x31n2,4631312.0
Coppa Italia,1/32 FINALE,2025-08-16,Cremonese,2239,Grassi A.,197473,nome,Titolare,33,,fJ7x31n2,4631312.0
Coppa Italia,1/32 FINALE,2025-08-16,Cremonese,2239,Vandeputte J.,258827,nome,Titolare,27,,fJ7x31n2,4631312.0
Coppa Italia,1/32 FINALE,2025-08-16,Cremonese,2239,Pezzella G.,336960,nome,Titolare,3,,fJ7x31n2,4631312.0
Coppa Italia,1/32 FINALE,2025-08-16,Cremonese,2239,De Luca M.,375816,nome,Titolare,9,,fJ7x31n2,4631312.0
Coppa Italia,1/32 FINALE,2025-08-16,Cremonese,2239,Bonazzoli F.,241527,nome,Titolare,90,,fJ7x31n2,4631312.0
Coppa Italia,1/32 FINALE,2025-08-16,Cremonese,2239,Afena-Gyan F.,872380,nome,Panchina,13,,fJ7x31n2,4631312.0
Coppa Italia,1/32 FINALE,2025-08-16,Cremonese,2239,Bondo W.,659516,nome,Panchina,38,,fJ7x31n2,4631312.0
Coppa Italia,1/32 FINALE,2025-08-16,Cremonese,2239,Castagnetti M.,195335,nome,Panchina,19,,fJ7x31n2,4631312.0
Coppa Italia,1/32 FINALE,2025-08-16,Cremonese,2239,Ceccherini F.,163639,nome,Panchina,23,,fJ7x31n2,4631312.0
Coppa Italia,1/32 FINALE,2025-08-16,Cremonese,2239,Floriani R.,708086,nome,Panchina,22,,fJ7x31n2,4631312.0
Coppa Italia,1/32 FINALE,2025-08-16,Cremonese,2239,Folino F.,603675,nome,Panchina,55,,fJ7x31n2,4631312.0
Coppa Italia,1/32 FINALE,2025-08-16,Cremonese,2239,Johnsen D.,406042,nome,Panchina,11,,fJ7x31n2,4631312.0
Coppa Italia,1/32 FINALE,2025-08-16,Cremonese,2239,Lordkipanidze D.,894456,nome,Panchina,48,,fJ7x31n2,4631312.0
Coppa Italia,1/32 FINALE,2025-08-16,Cremonese,2239,Nava L.,815563,nome,Panchina,69,Portiere,fJ7x31n2,4631312.0
Coppa Italia,1/32 FINALE,2025-08-16,Cremonese,2239,Okereke D.,413605,nome,Panchina,77,,fJ7x31n2,4631312.0
Coppa Italia,1/32 FINALE,2025-08-16,Cremonese,2239,Sernicola L.,340707,nome,Panchina,17,,fJ7x31n2,4631312.0
Coppa Italia,1/32 FINALE,2025-08-16,Cremonese,2239,Silvestri M.,85528,nome,Panchina,16,Portiere,fJ7x31n2,4631312.0
Coppa Italia,1/32 FINALE,2025-08-16,Cremonese,2239,Valoti M.,167741,nome,Panchina,8,,fJ7x31n2,4631312.0
Coppa Italia,1/32 FINALE,2025-08-16,Cremonese,2239,Vazquez F.,76163,nome,Panchina,20,,fJ7x31n2,4631312.0
Coppa Italia,1/32 FINALE,2025-08-16,Palermo,458,Bardi F.,110925,nome,Titolare,22,Portiere,fJ7x31n2,4631312.0
Coppa Italia,1/32 FINALE,2025-08-16,Palermo,458,Peda P.,555113,nome,Titolare,29,,fJ7x31n2,4631312.0
Coppa Italia,1/32 FINALE,2025-08-16,Palermo,458,Bani M.,176139,nome,Titolare,13,,fJ7x31n2,4631312.0
Coppa Italia,1/32 FINALE,2025-08-16,Palermo,458,Ceccaroni P.,239099,nome,Titolare,32,,fJ7x31n2,4631312.0
Coppa Italia,1/32 FINALE,2025-08-16,Palermo,458,Pierozzi N.,534084,nome,Titolare,27,,fJ7x31n2,4631312.0
Coppa Italia,1/32 FINALE,2025-08-16,Palermo,458,Segre J.,373899,nome,Titolare,8,Capitano,fJ7x31n2,4631312.0
Coppa Italia,1/32 FINALE,2025-08-16,Palermo,458,Ranocchia F.,489611,nome,Titolare,10,,fJ7x31n2,4631312.0
Coppa Italia,1/32 FINALE,2025-08-16,Palermo,458,Augello T.,284595,nome,Titolare,3,,fJ7x31n2,4631312.0
Coppa Italia,1/32 FINALE,2025-08-16,Palermo,458,Le Douaron J.,737781,nome,Titolare,21,,fJ7x31n2,4631312.0
Coppa Italia,1/32 FINALE,2025-08-16,Palermo,458,Gyasi E.,241076,nome,Titolare,11,,fJ7x31n2,4631312.0
Coppa Italia,1/32 FINALE,2025-08-16,Palermo,458,Pohjanpalo J.,173491,nome,Titolare,20,,fJ7x31n2,4631312.0
Coppa Italia,1/32 FINALE,2025-08-16,Palermo,458,Avena P.,1110471,nome,Panchina,18,,fJ7x31n2,4631312.0
Coppa Italia,1/32 FINALE,2025-08-16,Palermo,458,Blin A.,236041,nome,Panchina,28,,fJ7x31n2,4631312.0
Coppa Italia,1/32 FINALE,2025-08-16,Palermo,458,Brunori M.,188889,nome,Panchina,9,,fJ7x31n2,4631312.0
Coppa Italia,1/32 FINALE,2025-08-16,Palermo,458,Brutto V.,1103661,nome,Panchina,86,,fJ7x31n2,4631312.0
Coppa Italia,1/32 FINALE,2025-08-16,Palermo,458,Corona G.,909894,nome,Panchina,31,,fJ7x31n2,4631312.0
Coppa Italia,1/32 FINALE,2025-08-16,Palermo,458,Cutrona F.,1105972,nome,Panchina,63,Portiere,fJ7x31n2,4631312.0
Coppa Italia,1/32 FINALE,2025-08-16,Palermo,458,Diakite S.,696550,nome,Panchina,23,,fJ7x31n2,4631312.0
Coppa Italia,1/32 FINALE,2025-08-16,Palermo,458,Di Bartolo F.,936567,nome,Panchina,77,Portiere,fJ7x31n2,4631312.0
Coppa Italia,1/32 FINALE,2025-08-16,Palermo,458,Nicolosi E.,937630,nome,Panchina,15,,fJ7x31n2,4631312.0
Coppa Italia,1/32 FINALE,2025-08-16,Palermo,458,Palumbo A.,287863,nome,Panchina,5,,fJ7x31n2,4631312.0
Coppa Italia,1/32 FINALE,2025-08-16,Palermo,458,Squillacioti S.,1314681,nome,Panchina,80,,fJ7x31n2,4631312.0
Coppa Italia,1/32 FINALE,2025-08-16,Cagliari,1390,Caprile E.,421873,nome,Titolare,1,Portiere,byt7abR7,4669573.0
Coppa Italia,1/32 FINALE,2025-08-16,Cagliari,1390,Deiola A.,235931,nome,Titolare,14,Capitano,byt7abR7,4669573.0
Coppa Italia,1/32 FINALE,2025-08-16,Cagliari,1390,Mina Y.,289446,nome,Titolare,26,,byt7abR7,4669573.0
Coppa Italia,1/32 FINALE,2025-08-16,Cagliari,1390,Obert A.,568333,nome,Titolare,33,,byt7abR7,4669573.0
Coppa Italia,1/32 FINALE,2025-08-16,Cagliari,1390,Zortea N.,392966,nome,Titolare,19,,byt7abR7,4669573.0
Coppa Italia,1/32 FINALE,2025-08-16,Cagliari,1390,Adopo M.,564305,nome,Titolare,8,,byt7abR7,4669573.0
Coppa Italia,1/32 FINALE,2025-08-16,Cagliari,1390,Prati M.,876298,nome,Titolare,16,,byt7abR7,4669573.0
Coppa Italia,1/32 FINALE,2025-08-16,Cagliari,1390,Folorunsho M.,377042,nome,Titolare,90,,byt7abR7,4669573.0
Coppa Italia,1/32 FINALE,2025-08-16,Cagliari,1390,Idrissi R.,885226,nome,Titolare,3,,byt7abR7,4669573.0
Coppa Italia,1/32 FINALE,2025-08-16,Cagliari,1390,Luvumbo Z.,666547,nome,Titolare,77,,byt7abR7,4669573.0
Coppa Italia,1/32 FINALE,2025-08-16,Cagliari,1390,Piccoli R.,432092,nome,Titolare,91,,byt7abR7,4669573.0
Coppa Italia,1/32 FINALE,2025-08-16,Cagliari,1390,Borrelli G.,459988,nome,Panchina,29,,byt7abR7,4669573.0
Coppa Italia,1/32 FINALE,2025-08-16,Cagliari,1390,Cavuoti N.,701842,nome,Panchina,21,,byt7abR7,4669573.0
Coppa Italia,1/32 FINALE,2025-08-16,Cagliari,1390,Ciocci G.,535740,nome,Panchina,24,Portiere,byt7abR7,4669573.0
Coppa Italia,1/32 FINALE,2025-08-16,Cagliari,1390,Di Pardo A.,457674,nome,Panchina,18,,byt7abR7,4669573.0
Coppa Italia,1/32 FINALE,2025-08-16,Cagliari,1390,Esposito Se.,538918,nome,Panchina,94,,byt7abR7,4669573.0
Coppa Italia,1/32 FINALE,2025-08-16,Cagliari,1390,Felici M.,600041,nome,Panchina,17,,byt7abR7,4669573.0
Coppa Italia,1/32 FINALE,2025-08-16,Cagliari,1390,Gaetano G.,358008,nome,Panchina,10,,byt7abR7,4669573.0
Coppa Italia,1/32 FINALE,2025-08-16,Cagliari,1390,Kilicsoy S.,875334,nome,Panchina,9,,byt7abR7,4669573.0
Coppa Italia,1/32 FINALE,2025-08-16,Cagliari,1390,Mazzitelli L.,226025,nome,Panchina,4,,byt7abR7,4669573.0
Coppa Italia,1/32 FINALE,2025-08-16,Cagliari,1390,Pintus N.,885230,nome,Panchina,23,,byt7abR7,4669573.0
Coppa Italia,1/32 FINALE,2025-08-16,Cagliari,1390,Rog M.,317482,nome,Panchina,20,,byt7abR7,4669573.0
Coppa Italia,1/32 FINALE,2025-08-16,Cagliari,1390,Sarno V.,1185950,nome,Panchina,34,Portiere,byt7abR7,4669573.0
Coppa Italia,1/32 FINALE,2025-08-16,Cagliari,1390,Vinciguerra A.,885228,nome,Panchina,22,,byt7abR7,4669573.0
Coppa Italia,1/32 FINALE,2025-08-16,Cagliari,1390,Zappa G.,392569,nome,Panchina,28,,byt7abR7,4669573.0
Coppa Italia,1/32 FINALE,2025-08-16,Entella,20519,Del Frate F.,397241,nome,Titolare,22,Portiere,byt7abR7,4669573.0
Coppa Italia,1/32 FINALE,2025-08-16,Entella,20519,Parodi L.,256688,nome,Titolare,23,Capitano,byt7abR7,4669573.0
Coppa Italia,1/32 FINALE,2025-08-16,Entella,20519,Tiritiello A.,248695,nome,Titolare,6,,byt7abR7,4669573.0
Coppa Italia,1/32 FINALE,2025-08-16,Entella,20519,Marconi I.,41780,nome,Titolare,15,,byt7abR7,4669573.0
Coppa Italia,1/32 FINALE,2025-08-16,Entella,20519,Mezzoni F.,395190,nome,Titolare,94,,byt7abR7,4669573.0
Coppa Italia,1/32 FINALE,2025-08-16,Entella,20519,Franzoni A.,432105,nome,Titolare,24,,byt7abR7,4669573.0
Coppa Italia,1/32 FINALE,2025-08-16,Entella,20519,Benali A.,121402,nome,Titolare,50,,byt7abR7,4669573.0
Coppa Italia,1/32 FINALE,2025-08-16,Entella,20519,Dalla Vecchia M.,879868,nome,Titolare,27,,byt7abR7,4669573.0
Coppa Italia,1/32 FINALE,2025-08-16,Entella,20519,Di Mario S.,821038,nome,Titolare,26,,byt7abR7,4669573.0
Coppa Italia,1/32 FINALE,2025-08-16,Entella,20519,Fumagalli T.,691678,nome,Titolare,20,,byt7abR7,4669573.0
Coppa Italia,1/32 FINALE,2025-08-16,Entella,20519,Guiu B.,632482,nome,Titolare,11,,byt7abR7,4669573.0
Coppa Italia,1/32 FINALE,2025-08-16,Entella,20519,Boccadamo A.,450397,nome,Panchina,77,,byt7abR7,4669573.0
Coppa Italia,1/32 FINALE,2025-08-16,Entella,20519,Bottaro A.,1229092,nome,Panchina,81,,byt7abR7,4669573.0
Coppa Italia,1/32 FINALE,2025-08-16,Entella,20519,Castelli D.,478764,nome,Panchina,9,,byt7abR7,4669573.0
Coppa Italia,1/32 FINALE,2025-08-16,Entella,20519,Colombi S.,57285,nome,Panchina,1,Portiere,byt7abR7,4669573.0
Coppa Italia,1/32 FINALE,2025-08-16,Entella,20519,Debenedetti A.,1044794,nome,Panchina,19,,byt7abR7,4669573.0
Coppa Italia,1/32 FINALE,2025-08-16,Entella,20519,Gariti S.,1187465,nome,Panchina,12,Portiere,byt7abR7,4669573.0
Coppa Italia,1/32 FINALE,2025-08-16,Entella,20519,Ghio U.,938203,nome,Panchina,55,,byt7abR7,4669573.0
Coppa Italia,1/32 FINALE,2025-08-16,Entella,20519,Karic N.,393236,nome,Panchina,8,,byt7abR7,4669573.0
Coppa Italia,1/32 FINALE,2025-08-16,Entella,20519,Matteazzi E.,819081,nome,Panchina,25,,byt7abR7,4669573.0
Coppa Italia,1/32 FINALE,2025-08-16,Entella,20519,Ndrecka A.,539220,nome,Panchina,43,,byt7abR7,4669573.0
Coppa Italia,1/32 FINALE,2025-08-16,Entella,20519,Nichetti M.,334343,nome,Panchina,4,,byt7abR7,4669573.0
Coppa Italia,1/32 FINALE,2025-08-16,Entella,20519,Palomba L.,621153,nome,Panchina,2,,byt7abR7,4669573.0
Coppa Italia,1/32 FINALE,2025-08-16,Entella,20519,Portanova D.,459248,nome,Panchina,90,,byt7abR7,4669573.0
Coppa Italia,1/32 FINALE,2025-08-16,Entella,20519,Russo F.,908788,nome,Panchina,21,,byt7abR7,4669573.0
Coppa Italia,1/32 FINALE,2025-08-16,Como,1047,Butez J.,290537,nome,Titolare,1,Portiere,GOhXOr9L,4631311.0
Coppa Italia,1/32 FINALE,2025-08-16,Como,1047,Vojvoda M.,336125,nome,Titolare,31,,GOhXOr9L,4631311.0
Coppa Italia,1/32 FINALE,2025-08-16,Como,1047,Ramon J.,948278,nome,Titolare,14,,GOhXOr9L,4631311.0
Coppa Italia,1/32 FINALE,2025-08-16,Como,1047,Kempf M. O.,160938,nome,Titolare,2,,GOhXOr9L,4631311.0
Coppa Italia,1/32 FINALE,2025-08-16,Como,1047,Moreno A.,207917,nome,Titolare,18,,GOhXOr9L,4631311.0
Coppa Italia,1/32 FINALE,2025-08-16,Como,1047,Paz N.,948294,nome,Titolare,10,,GOhXOr9L,4631311.0
Coppa Italia,1/32 FINALE,2025-08-16,Como,1047,Roberto S.,85370,nome,Titolare,8,,GOhXOr9L,4631311.0
Coppa Italia,1/32 FINALE,2025-08-16,Como,1047,Da Cunha L.,495667,nome,Titolare,33,Capitano,GOhXOr9L,4631311.0
Coppa Italia,1/32 FINALE,2025-08-16,Como,1047,Addai J.,747720,nome,Titolare,42,,GOhXOr9L,4631311.0
Coppa Italia,1/32 FINALE,2025-08-16,Como,1047,Rodriguez J.,1190411,nome,Titolare,17,,GOhXOr9L,4631311.0
Coppa Italia,1/32 FINALE,2025-08-16,Como,1047,Douvikas A.,523318,nome,Titolare,11,,GOhXOr9L,4631311.0
Coppa Italia,1/32 FINALE,2025-08-16,Como,1047,Baturina M.,580451,nome,Panchina,20,,GOhXOr9L,4631311.0
Coppa Italia,1/32 FINALE,2025-08-16,Como,1047,Caqueret M.,395237,nome,Panchina,6,,GOhXOr9L,4631311.0
Coppa Italia,1/32 FINALE,2025-08-16,Como,1047,Cutrone P.,265078,nome,Panchina,63,,GOhXOr9L,4631311.0
Coppa Italia,1/32 FINALE,2025-08-16,Como,1047,Diao A.,1061282,nome,Panchina,38,,GOhXOr9L,4631311.0
Coppa Italia,1/32 FINALE,2025-08-16,Como,1047,Gabrielloni A.,311333,nome,Panchina,9,,GOhXOr9L,4631311.0
Coppa Italia,1/32 FINALE,2025-08-16,Como,1047,Goldaniga E.,242940,nome,Panchina,5,,GOhXOr9L,4631311.0
Coppa Italia,1/32 FINALE,2025-08-16,Como,1047,Henrique Menke,1259706,nome,Panchina,12,Portiere,GOhXOr9L,4631311.0
Coppa Italia,1/32 FINALE,2025-08-16,Como,1047,Morata A.,128223,nome,Panchina,7,,GOhXOr9L,4631311.0
Coppa Italia,1/32 FINALE,2025-08-16,Como,1047,Perrone M.,668547,nome,Panchina,23,,GOhXOr9L,4631311.0
Coppa Italia,1/32 FINALE,2025-08-16,Como,1047,Smolcic I.,571271,nome,Panchina,28,,GOhXOr9L,4631311.0
Coppa Italia,1/32 FINALE,2025-08-16,Como,1047,Valle A.,709957,nome,Panchina,3,,GOhXOr9L,4631311.0
Coppa Italia,1/32 FINALE,2025-08-16,Como,1047,Van der Brempt I.,490423,nome,Panchina,77,,GOhXOr9L,4631311.0
Coppa Italia,1/32 FINALE,2025-08-16,Como,1047,Vigorito M.,88595,nome,Panchina,22,Portiere,GOhXOr9L,4631311.0
Coppa Italia,1/32 FINALE,2025-08-16,Südtirol,4554,Adamonis M.,300137,nome,Titolare,31,Portiere,GOhXOr9L,4631311.0
Coppa Italia,1/32 FINALE,2025-08-16,Südtirol,4554,Kofler R.,1039342,nome,Titolare,28,,GOhXOr9L,4631311.0
Coppa Italia,1/32 FINALE,2025-08-16,Südtirol,4554,Bordon F.,1110645,nome,Titolare,3,,GOhXOr9L,4631311.0
Coppa Italia,1/32 FINALE,2025-08-16,Südtirol,4554,Giorgini A.,691235,nome,Titolare,30,,GOhXOr9L,4631311.0
Coppa Italia,1/32 FINALE,2025-08-16,Südtirol,4554,El Kaouakibi H.,395089,nome,Titolare,94,,GOhXOr9L,4631311.0
Coppa Italia,1/32 FINALE,2025-08-16,Südtirol,4554,Coulibaly M.,472161,nome,Titolare,14,,GOhXOr9L,4631311.0
Coppa Italia,1/32 FINALE,2025-08-16,Südtirol,4554,Tait F.,331395,nome,Titolare,21,Capitano,GOhXOr9L,4631311.0
Coppa Italia,1/32 FINALE,2025-08-16,Südtirol,4554,Mallamo A.,346560,nome,Titolare,8,,GOhXOr9L,4631311.0
Coppa Italia,1/32 FINALE,2025-08-16,Südtirol,4554,Davi S.,611197,nome,Titolare,24,,GOhXOr9L,4631311.0
Coppa Italia,1/32 FINALE,2025-08-16,Südtirol,4554,Pecorino E.,658729,nome,Titolare,9,,GOhXOr9L,4631311.0
Coppa Italia,1/32 FINALE,2025-08-16,Südtirol,4554,Casiraghi D.,199272,nome,Titolare,17,,GOhXOr9L,4631311.0
Coppa Italia,1/32 FINALE,2025-08-16,Südtirol,4554,Brik D.,1168046,nome,Panchina,46,,GOhXOr9L,4631311.0
Coppa Italia,1/32 FINALE,2025-08-16,Südtirol,4554,Davi F.,795496,nome,Panchina,23,,GOhXOr9L,4631311.0
Coppa Italia,1/32 FINALE,2025-08-16,Südtirol,4554,Drago G.,482789,nome,Panchina,12,Portiere,GOhXOr9L,4631311.0
Coppa Italia,1/32 FINALE,2025-08-16,Südtirol,4554,Italeng J.,650254,nome,Panchina,11,,GOhXOr9L,4631311.0
Coppa Italia,1/32 FINALE,2025-08-16,Südtirol,4554,Martini J.,745418,nome,Panchina,6,,GOhXOr9L,4631311.0
Coppa Italia,1/32 FINALE,2025-08-16,Südtirol,4554,Masiello A.,34198,nome,Panchina,5,,GOhXOr9L,4631311.0
Coppa Italia,1/32 FINALE,2025-08-16,Südtirol,4554,Molina S.,163582,nome,Panchina,79,,GOhXOr9L,4631311.0
Coppa Italia,1/32 FINALE,2025-08-16,Südtirol,4554,Odogwu R.,307335,nome,Panchina,90,,GOhXOr9L,4631311.0
Coppa Italia,1/32 FINALE,2025-08-16,Südtirol,4554,Pietrangeli N.,457468,nome,Panchina,19,,GOhXOr9L,4631311.0
Coppa Italia,1/32 FINALE,2025-08-16,Südtirol,4554,Poluzzi G.,327326,nome,Panchina,1,Portiere,GOhXOr9L,4631311.0
Coppa Italia,1/32 FINALE,2025-08-16,Südtirol,4554,Tronchin S.,685509,nome,Panchina,18,,GOhXOr9L,4631311.0
Coppa Italia,1/32 FINALE,2025-08-16,Venezia,607,Plizzari A.,357991,nome,Titolare,22,Portiere,8MXBH01e,4631310.0
Coppa Italia,1/32 FINALE,2025-08-16,Venezia,607,Schingtienne J.,707809,nome,Titolare,3,,8MXBH01e,4631310.0
Coppa Italia,1/32 FINALE,2025-08-16,Venezia,607,Korac S.,490573,nome,Titolare,2,,8MXBH01e,4631310.0
Coppa Italia,1/32 FINALE,2025-08-16,Venezia,607,Franjic B.,370998,nome,Titolare,4,,8MXBH01e,4631310.0
Coppa Italia,1/32 FINALE,2025-08-16,Venezia,607,Bjarkason B.,566613,nome,Titolare,19,,8MXBH01e,4631310.0
Coppa Italia,1/32 FINALE,2025-08-16,Venezia,607,Busio G.,504209,nome,Titolare,6,Capitano,8MXBH01e,4631310.0
Coppa Italia,1/32 FINALE,2025-08-16,Venezia,607,Duncan A.,184894,nome,Titolare,32,,8MXBH01e,4631310.0
Coppa Italia,1/32 FINALE,2025-08-16,Venezia,607,Doumbia I.,924349,nome,Titolare,8,,8MXBH01e,4631310.0
Coppa Italia,1/32 FINALE,2025-08-16,Venezia,607,Haps R.,228444,nome,Titolare,5,,8MXBH01e,4631310.0
Coppa Italia,1/32 FINALE,2025-08-16,Venezia,607,Yeboah J.,439914,nome,Titolare,10,,8MXBH01e,4631310.0
Coppa Italia,1/32 FINALE,2025-08-16,Venezia,607,Adorante A.,364206,nome,Titolare,9,,8MXBH01e,4631310.0
Coppa Italia,1/32 FINALE,2025-08-16,Venezia,607,Casas A.,537767,nome,Panchina,80,,8MXBH01e,4631310.0
Coppa Italia,1/32 FINALE,2025-08-16,Venezia,607,Compagnon M.,537509,nome,Panchina,21,,8MXBH01e,4631310.0
Coppa Italia,1/32 FINALE,2025-08-16,Venezia,607,Fila D.,666268,nome,Panchina,7,,8MXBH01e,4631310.0
Coppa Italia,1/32 FINALE,2025-08-16,Venezia,607,Grandi M.,155038,nome,Panchina,23,Portiere,8MXBH01e,4631310.0
Coppa Italia,1/32 FINALE,2025-08-16,Venezia,607,Hainaut A.,917375,nome,Panchina,18,,8MXBH01e,4631310.0
Coppa Italia,1/32 FINALE,2025-08-16,Venezia,607,Lella N.,459945,nome,Panchina,24,,8MXBH01e,4631310.0
Coppa Italia,1/32 FINALE,2025-08-16,Venezia,607,Perez K.,527698,nome,Panchina,71,,8MXBH01e,4631310.0
Coppa Italia,1/32 FINALE,2025-08-16,Venezia,607,Pietrelli A.,704122,nome,Panchina,99,,8MXBH01e,4631310.0
Coppa Italia,1/32 FINALE,2025-08-16,Venezia,607,Sagrado R.,655009,nome,Panchina,20,,8MXBH01e,4631310.0
Coppa Italia,1/32 FINALE,2025-08-16,Venezia,607,Stankovic F.,552223,nome,Panchina,1,Portiere,8MXBH01e,4631310.0
Coppa Italia,1/32 FINALE,2025-08-16,Venezia,607,Tavernaro F.,935519,nome,Panchina,93,,8MXBH01e,4631310.0
Coppa Italia,1/32 FINALE,2025-08-16,Venezia,607,Venturi M.,441611,nome,Panchina,16,,8MXBH01e,4631310.0
Coppa Italia,1/32 FINALE,2025-08-16,Mantova,2581,Festa M.,257660,nome,Titolare,1,Portiere,8MXBH01e,4631310.0
Coppa Italia,1/32 FINALE,2025-08-16,Mantova,2581,Radaelli N.,627625,nome,Titolare,17,,8MXBH01e,4631310.0
Coppa Italia,1/32 FINALE,2025-08-16,Mantova,2581,Mantovani V.,324378,nome,Titolare,3,,8MXBH01e,4631310.0
Coppa Italia,1/32 FINALE,2025-08-16,Mantova,2581,Cella S.,538937,nome,Titolare,29,,8MXBH01e,4631310.0
Coppa Italia,1/32 FINALE,2025-08-16,Mantova,2581,Bani C.,391057,nome,Titolare,6,,8MXBH01e,4631310.0
Coppa Italia,1/32 FINALE,2025-08-16,Mantova,2581,Majer Z.,180805,nome,Titolare,37,,8MXBH01e,4631310.0
Coppa Italia,1/32 FINALE,2025-08-16,Mantova,2581,Trimboli S.,487839,nome,Titolare,21,,8MXBH01e,4631310.0
Coppa Italia,1/32 FINALE,2025-08-16,Mantova,2581,Galuppini F.,159847,nome,Titolare,14,,8MXBH01e,4631310.0
Coppa Italia,1/32 FINALE,2025-08-16,Mantova,2581,Falletti C.,218306,nome,Titolare,18,,8MXBH01e,4631310.0
Coppa Italia,1/32 FINALE,2025-08-16,Mantova,2581,Ruocco F.,619494,nome,Titolare,19,,8MXBH01e,4631310.0
Coppa Italia,1/32 FINALE,2025-08-16,Mantova,2581,Mensah D.,307334,nome,Titolare,7,,8MXBH01e,4631310.0
Coppa Italia,1/32 FINALE,2025-08-16,Mantova,2581,Andrenacci L.,234880,nome,Panchina,22,Portiere,8MXBH01e,4631310.0
Coppa Italia,1/32 FINALE,2025-08-16,Mantova,2581,Artioli F.,497312,nome,Panchina,8,,8MXBH01e,4631310.0
Coppa Italia,1/32 FINALE,2025-08-16,Mantova,2581,Botti F.,548511,nome,Panchina,16,Portiere,8MXBH01e,4631310.0
Coppa Italia,1/32 FINALE,2025-08-16,Mantova,2581,Bragantini D.,704335,nome,Panchina,30,,8MXBH01e,4631310.0
Coppa Italia,1/32 FINALE,2025-08-16,Mantova,2581,Caprini M.,996453,nome,Panchina,28,,8MXBH01e,4631310.0
Coppa Italia,1/32 FINALE,2025-08-16,Mantova,2581,Castellini A.,704283,nome,Panchina,27,,8MXBH01e,4631310.0
Coppa Italia,1/32 FINALE,2025-08-16,Mantova,2581,Fedel G.,565162,nome,Panchina,20,,8MXBH01e,4631310.0
Coppa Italia,1/32 FINALE,2025-08-16,Mantova,2581,Fiori A.,704680,nome,Panchina,11,,8MXBH01e,4631310.0
Coppa Italia,1/32 FINALE,2025-08-16,Mantova,2581,Maggioni T.,497693,nome,Panchina,96,,8MXBH01e,4631310.0
Coppa Italia,1/32 FINALE,2025-08-16,Mantova,2581,Mancuso L.,160344,nome,Panchina,9,,8MXBH01e,4631310.0
Coppa Italia,1/32 FINALE,2025-08-16,Mantova,2581,Marras T.,941067,nome,Panchina,23,,8MXBH01e,4631310.0
Coppa Italia,1/32 FINALE,2025-08-16,Mantova,2581,Mullen S.,983810,nome,Panchina,4,,8MXBH01e,4631310.0
Coppa Italia,1/32 FINALE,2025-08-16,Mantova,2581,Paoletti F.,622801,nome,Panchina,36,,8MXBH01e,4631310.0
Coppa Italia,1/32 FINALE,2025-08-16,Mantova,2581,Pittino T.,934863,nome,Panchina,53,,8MXBH01e,4631310.0
Coppa Italia,1/32 FINALE,2025-08-16,Mantova,2581,Wieser D.,562255,nome,Panchina,10,,8MXBH01e,4631310.0
Coppa Italia,1/32 FINALE,2025-08-15,Genoa,252,Leali N.,136111,nome,Titolare,1,Portiere,ILv0JCdD,4669572.0
Coppa Italia,1/32 FINALE,2025-08-15,Genoa,252,Norton-Cuffy B.,728733,nome,Titolare,15,,ILv0JCdD,4669572.0
Coppa Italia,1/32 FINALE,2025-08-15,Genoa,252,Marcandalli A.,818448,nome,Titolare,27,,ILv0JCdD,4669572.0
Coppa Italia,1/32 FINALE,2025-08-15,Genoa,252,Vasquez J.,532937,nome,Titolare,22,Capitano,ILv0JCdD,4669572.0
Coppa Italia,1/32 FINALE,2025-08-15,Genoa,252,Martin A.,251878,nome,Titolare,3,,ILv0JCdD,4669572.0
Coppa Italia,1/32 FINALE,2025-08-15,Genoa,252,Masini P.,459665,nome,Titolare,73,,ILv0JCdD,4669572.0
Coppa Italia,1/32 FINALE,2025-08-15,Genoa,252,Frendrup M.,503871,nome,Titolare,32,,ILv0JCdD,4669572.0
Coppa Italia,1/32 FINALE,2025-08-15,Genoa,252,Carboni V.,787618,nome,Titolare,23,,ILv0JCdD,4669572.0
Coppa Italia,1/32 FINALE,2025-08-15,Genoa,252,Stanciu N.,148372,nome,Titolare,8,,ILv0JCdD,4669572.0
Coppa Italia,1/32 FINALE,2025-08-15,Genoa,252,Gronbaek A.,503866,nome,Titolare,11,,ILv0JCdD,4669572.0
Coppa Italia,1/32 FINALE,2025-08-15,Genoa,252,Colombo L.,487843,nome,Titolare,29,,ILv0JCdD,4669572.0
Coppa Italia,1/32 FINALE,2025-08-15,Genoa,252,Cuenca Martinez H. F.,906315,eliminazione,Panchina,30,,ILv0JCdD,4669572.0
Coppa Italia,1/32 FINALE,2025-08-15,Genoa,252,Ekhator J.,934878,nome,Panchina,21,,ILv0JCdD,4669572.0
Coppa Italia,1/32 FINALE,2025-08-15,Genoa,252,Ellertsson M. E.,566615,nome,Panchina,77,,ILv0JCdD,4669572.0
Coppa Italia,1/32 FINALE,2025-08-15,Genoa,252,Fini S.,866250,nome,Panchina,40,,ILv0JCdD,4669572.0
Coppa Italia,1/32 FINALE,2025-08-15,Genoa,252,Junior Messias,449151,nome,Panchina,10,,ILv0JCdD,4669572.0
Coppa Italia,1/32 FINALE,2025-08-15,Genoa,252,Malinovskyi R.,207877,nome,Panchina,17,,ILv0JCdD,4669572.0
Coppa Italia,1/32 FINALE,2025-08-15,Genoa,252,Ostigard L.,367284,nome,Panchina,5,,ILv0JCdD,4669572.0
Coppa Italia,1/32 FINALE,2025-08-15,Genoa,252,Sabelli S.,167491,nome,Panchina,20,,ILv0JCdD,4669572.0
Coppa Italia,1/32 FINALE,2025-08-15,Genoa,252,Siegrist B.,111426,nome,Panchina,31,Portiere,ILv0JCdD,4669572.0
Coppa Italia,1/32 FINALE,2025-08-15,Genoa,252,Sommariva D.,312773,nome,Panchina,39,Portiere,ILv0JCdD,4669572.0
Coppa Italia,1/32 FINALE,2025-08-15,Genoa,252,Thorsby M.,226524,nome,Panchina,2,,ILv0JCdD,4669572.0
Coppa Italia,1/32 FINALE,2025-08-15,Genoa,252,Venturino L.,1061820,nome,Panchina,76,,ILv0JCdD,4669572.0
Coppa Italia,1/32 FINALE,2025-08-15,Genoa,252,Vitinha,586853,nome,Panchina,9,,ILv0JCdD,4669572.0
Coppa Italia,1/32 FINALE,2025-08-15,L.R. Vicenza,2655,Massolo S.,242537,nome,Titolare,12,Portiere,ILv0JCdD,4669572.0
Coppa Italia,1/32 FINALE,2025-08-15,L.R. Vicenza,2655,Caferri L.,686592,nome,Titolare,28,,ILv0JCdD,4669572.0
Coppa Italia,1/32 FINALE,2025-08-15,L.R. Vicenza,2655,Cuomo G.,365565,nome,Titolare,14,,ILv0JCdD,4669572.0
Coppa Italia,1/32 FINALE,2025-08-15,L.R. Vicenza,2655,Leverbe M.,451310,nome,Titolare,6,Capitano,ILv0JCdD,4669572.0
Coppa Italia,1/32 FINALE,2025-08-15,L.R. Vicenza,2655,Benassai F.,396366,nome,Titolare,23,,ILv0JCdD,4669572.0
Coppa Italia,1/32 FINALE,2025-08-15,L.R. Vicenza,2655,Sandon T.,818134,nome,Titolare,27,,ILv0JCdD,4669572.0
Coppa Italia,1/32 FINALE,2025-08-15,L.R. Vicenza,2655,Cavion M.,199971,nome,Titolare,8,,ILv0JCdD,4669572.0
Coppa Italia,1/32 FINALE,2025-08-15,L.R. Vicenza,2655,Carraro M.,297630,nome,Titolare,4,,ILv0JCdD,4669572.0
Coppa Italia,1/32 FINALE,2025-08-15,L.R. Vicenza,2655,Vitale M.,291432,nome,Titolare,99,,ILv0JCdD,4669572.0
Coppa Italia,1/32 FINALE,2025-08-15,L.R. Vicenza,2655,Capello A.,200190,nome,Titolare,10,,ILv0JCdD,4669572.0
Coppa Italia,1/32 FINALE,2025-08-15,L.R. Vicenza,2655,Morra C.,214635,nome,Titolare,9,,ILv0JCdD,4669572.0
Coppa Italia,1/32 FINALE,2025-08-15,L.R. Vicenza,2655,Alessio F.,830243,nome,Panchina,24,,ILv0JCdD,4669572.0
Coppa Italia,1/32 FINALE,2025-08-15,L.R. Vicenza,2655,Basso M.,1258101,nome,Panchina,1,Portiere,ILv0JCdD,4669572.0
Coppa Italia,1/32 FINALE,2025-08-15,L.R. Vicenza,2655,Bianchi G.,1324485,nome,Panchina,22,Portiere,ILv0JCdD,4669572.0
Coppa Italia,1/32 FINALE,2025-08-15,L.R. Vicenza,2655,Fantoni N.,814349,nome,Panchina,76,,ILv0JCdD,4669572.0
Coppa Italia,1/32 FINALE,2025-08-15,L.R. Vicenza,2655,Golin M.,936024,nome,Panchina,13,,ILv0JCdD,4669572.0
Coppa Italia,1/32 FINALE,2025-08-15,L.R. Vicenza,2655,Pellizzari G.,816764,nome,Panchina,26,,ILv0JCdD,4669572.0
Coppa Italia,1/32 FINALE,2025-08-15,L.R. Vicenza,2655,Rada A.,408333,nome,Panchina,77,,ILv0JCdD,4669572.0
Coppa Italia,1/32 FINALE,2025-08-15,L.R. Vicenza,2655,Rauti N.,417896,nome,Panchina,7,,ILv0JCdD,4669572.0
Coppa Italia,1/32 FINALE,2025-08-15,L.R. Vicenza,2655,Rosa F.,1317515,nome,Panchina,97,,ILv0JCdD,4669572.0
Coppa Italia,1/32 FINALE,2025-08-15,L.R. Vicenza,2655,Stuckler D.,896362,nome,Panchina,11,,ILv0JCdD,4669572.0
Coppa Italia,1/32 FINALE,2025-08-15,L.R. Vicenza,2655,Tribuzzi A.,395546,nome,Panchina,19,,ILv0JCdD,4669572.0
Coppa Italia,1/32 FINALE,2025-08-15,L.R. Vicenza,2655,Vescovi M.,936184,nome,Panchina,33,,ILv0JCdD,4669572.0
Coppa Italia,1/32 FINALE,2025-08-15,Lecce,1005,Falcone W.,238537,nome,Titolare,30,Portiere,hjy3FVyP,4631309.0
Coppa Italia,1/32 FINALE,2025-08-15,Lecce,1005,Kouassi C.,1057563,nome,Titolare,21,,hjy3FVyP,4631309.0
Coppa Italia,1/32 FINALE,2025-08-15,Lecce,1005,Gaspar K.,836441,eliminazione,Titolare,4,,hjy3FVyP,4631309.0
Coppa Italia,1/32 FINALE,2025-08-15,Lecce,1005,Tiago Gabriel,1112449,nome,Titolare,44,,hjy3FVyP,4631309.0
Coppa Italia,1/32 FINALE,2025-08-15,Lecce,1005,Gallo A.,392516,nome,Titolare,25,,hjy3FVyP,4631309.0
Coppa Italia,1/32 FINALE,2025-08-15,Lecce,1005,Coulibaly L.,386552,nome,Titolare,29,,hjy3FVyP,4631309.0
Coppa Italia,1/32 FINALE,2025-08-15,Lecce,1005,Pierret B.,642002,nome,Titolare,75,,hjy3FVyP,4631309.0
Coppa Italia,1/32 FINALE,2025-08-15,Lecce,1005,Helgason T. J.,488996,nome,Titolare,14,,hjy3FVyP,4631309.0
Coppa Italia,1/32 FINALE,2025-08-15,Lecce,1005,Pierotti S.,674806,nome,Titolare,50,,hjy3FVyP,4631309.0
Coppa Italia,1/32 FINALE,2025-08-15,Lecce,1005,Krstovic N.,434433,nome,Titolare,9,,hjy3FVyP,4631309.0
Coppa Italia,1/32 FINALE,2025-08-15,Lecce,1005,Banda L.,545538,nome,Titolare,19,,hjy3FVyP,4631309.0
Coppa Italia,1/32 FINALE,2025-08-15,Lecce,1005,Berisha M.,583046,nome,Panchina,10,,hjy3FVyP,4631309.0
Coppa Italia,1/32 FINALE,2025-08-15,Lecce,1005,Camarda F.,1058368,nome,Panchina,22,,hjy3FVyP,4631309.0
Coppa Italia,1/32 FINALE,2025-08-15,Lecce,1005,Fruchtl C.,336307,nome,Panchina,1,Portiere,hjy3FVyP,4631309.0
Coppa Italia,1/32 FINALE,2025-08-15,Lecce,1005,Gorter O.,748679,nome,Panchina,28,,hjy3FVyP,4631309.0
Coppa Italia,1/32 FINALE,2025-08-15,Lecce,1005,Kaba M.,911328,nome,Panchina,77,,hjy3FVyP,4631309.0
Coppa Italia,1/32 FINALE,2025-08-15,Lecce,1005,Maleh Y.,324377,nome,Panchina,93,,hjy3FVyP,4631309.0
Coppa Italia,1/32 FINALE,2025-08-15,Lecce,1005,Ndaba C.,433329,nome,Panchina,3,,hjy3FVyP,4631309.0
Coppa Italia,1/32 FINALE,2025-08-15,Lecce,1005,Ndri K.,649490,nome,Panchina,11,,hjy3FVyP,4631309.0
Coppa Italia,1/32 FINALE,2025-08-15,Lecce,1005,Rafia H.,418571,nome,Panchina,8,,hjy3FVyP,4631309.0
Coppa Italia,1/32 FINALE,2025-08-15,Lecce,1005,Ramadani Y.,442703,nome,Panchina,20,,hjy3FVyP,4631309.0
Coppa Italia,1/32 FINALE,2025-08-15,Lecce,1005,Samooja J.,712911,nome,Panchina,32,Portiere,hjy3FVyP,4631309.0
Coppa Italia,1/32 FINALE,2025-08-15,Lecce,1005,Sottil R.,386455,nome,Panchina,23,,hjy3FVyP,4631309.0
Coppa Italia,1/32 FINALE,2025-08-15,Lecce,1005,Tete Morente,339816,nome,Panchina,7,,hjy3FVyP,4631309.0
Coppa Italia,1/32 FINALE,2025-08-15,Lecce,1005,Veiga D.,728485,nome,Panchina,17,,hjy3FVyP,4631309.0
Coppa Italia,1/32 FINALE,2025-08-15,Juve Stabia,5587,Confente A.,393797,nome,Titolare,1,Portiere,hjy3FVyP,4631309.0
Coppa Italia,1/32 FINALE,2025-08-15,Juve Stabia,5587,Carissoni L.,381794,nome,Titolare,24,,hjy3FVyP,4631309.0
Coppa Italia,1/32 FINALE,2025-08-15,Juve Stabia,5587,Ruggero M.,471497,nome,Titolare,4,,hjy3FVyP,4631309.0
Coppa Italia,1/32 FINALE,2025-08-15,Juve Stabia,5587,Bellich M.,391710,nome,Titolare,6,,hjy3FVyP,4631309.0
Coppa Italia,1/32 FINALE,2025-08-15,Juve Stabia,5587,Stabile G.,936503,nome,Titolare,19,,hjy3FVyP,4631309.0
Coppa Italia,1/32 FINALE,2025-08-15,Juve Stabia,5587,Mosti N.,302497,nome,Titolare,98,,hjy3FVyP,4631309.0
Coppa Italia,1/32 FINALE,2025-08-15,Juve Stabia,5587,Leone G.,479284,nome,Titolare,55,,hjy3FVyP,4631309.0
Coppa Italia,1/32 FINALE,2025-08-15,Juve Stabia,5587,Battistella T.,473871,nome,Titolare,5,,hjy3FVyP,4631309.0
Coppa Italia,1/32 FINALE,2025-08-15,Juve Stabia,5587,Mannini M.,803005,nome,Titolare,76,,hjy3FVyP,4631309.0
Coppa Italia,1/32 FINALE,2025-08-15,Juve Stabia,5587,Candellone L.,342341,nome,Titolare,27,Capitano,hjy3FVyP,4631309.0
Coppa Italia,1/32 FINALE,2025-08-15,Juve Stabia,5587,Piscopo K.,395739,nome,Titolare,11,,hjy3FVyP,4631309.0
Coppa Italia,1/32 FINALE,2025-08-15,Juve Stabia,5587,Baldi M.,860639,nome,Panchina,15,,hjy3FVyP,4631309.0
Coppa Italia,1/32 FINALE,2025-08-15,Juve Stabia,5587,Boer P.,581604,nome,Panchina,23,Portiere,hjy3FVyP,4631309.0
Coppa Italia,1/32 FINALE,2025-08-15,Juve Stabia,5587,Buglio D.,385379,nome,Panchina,8,,hjy3FVyP,4631309.0
Coppa Italia,1/32 FINALE,2025-08-15,Juve Stabia,5587,Burnete R.,731525,nome,Panchina,7,,hjy3FVyP,4631309.0
Coppa Italia,1/32 FINALE,2025-08-15,Juve Stabia,5587,Cacciamani A.,1188619,nome,Panchina,77,,hjy3FVyP,4631309.0
Coppa Italia,1/32 FINALE,2025-08-15,Juve Stabia,5587,D'Amore F.,932069,nome,Panchina,26,,hjy3FVyP,4631309.0
Coppa Italia,1/32 FINALE,2025-08-15,Juve Stabia,5587,De Pieri G.,930767,nome,Panchina,21,,hjy3FVyP,4631309.0
Coppa Italia,1/32 FINALE,2025-08-15,Juve Stabia,5587,Louati A.,979009,nome,Panchina,80,,hjy3FVyP,4631309.0
Coppa Italia,1/32 FINALE,2025-08-15,Juve Stabia,5587,Maistro F.,398031,nome,Panchina,37,,hjy3FVyP,4631309.0
Coppa Italia,1/32 FINALE,2025-08-15,Juve Stabia,5587,Morachioli G.,,,Panchina,17,,hjy3FVyP,4631309.0
Coppa Italia,1/32 FINALE,2025-08-15,Juve Stabia,5587,Pierobon C.,554433,nome,Panchina,10,,hjy3FVyP,4631309.0
Coppa Italia,1/32 FINALE,2025-08-15,Juve Stabia,5587,Varnier M.,362981,nome,Panchina,13,,hjy3FVyP,4631309.0
Coppa Italia,1/32 FINALE,2025-08-15,Sassuolo,6574,Turati S.,543666,nome,Titolare,13,Portiere,OAqnJDx0,4631308.0
Coppa Italia,1/32 FINALE,2025-08-15,Sassuolo,6574,Walukiewicz S.,345458,nome,Titolare,6,,OAqnJDx0,4631308.0
Coppa Italia,1/32 FINALE,2025-08-15,Sassuolo,6574,Romagna F.,256678,nome,Titolare,19,,OAqnJDx0,4631308.0
Coppa Italia,1/32 FINALE,2025-08-15,Sassuolo,6574,Muharemovic T.,679423,nome,Titolare,80,,OAqnJDx0,4631308.0
Coppa Italia,1/32 FINALE,2025-08-15,Sassuolo,6574,Doig J.,567129,nome,Titolare,3,,OAqnJDx0,4631308.0
Coppa Italia,1/32 FINALE,2025-08-15,Sassuolo,6574,Kone I.,921655,nome,Titolare,90,,OAqnJDx0,4631308.0
Coppa Italia,1/32 FINALE,2025-08-15,Sassuolo,6574,Boloca D.,441515,nome,Titolare,11,,OAqnJDx0,4631308.0
Coppa Italia,1/32 FINALE,2025-08-15,Sassuolo,6574,Ghion A.,390163,nome,Titolare,8,,OAqnJDx0,4631308.0
Coppa Italia,1/32 FINALE,2025-08-15,Sassuolo,6574,Berardi D.,177843,nome,Titolare,10,Capitano,OAqnJDx0,4631308.0
Coppa Italia,1/32 FINALE,2025-08-15,Sassuolo,6574,Lauriente A.,579930,nome,Titolare,45,,OAqnJDx0,4631308.0
Coppa Italia,1/32 FINALE,2025-08-15,Sassuolo,6574,Fadera A.,749552,nome,Titolare,20,,OAqnJDx0,4631308.0
Coppa Italia,1/32 FINALE,2025-08-15,Sassuolo,6574,Alvarez A.,812625,nome,Panchina,25,,OAqnJDx0,4631308.0
Coppa Italia,1/32 FINALE,2025-08-15,Sassuolo,6574,Cande F.,520530,nome,Panchina,5,,OAqnJDx0,4631308.0
Coppa Italia,1/32 FINALE,2025-08-15,Sassuolo,6574,Iannoni E.,700053,nome,Panchina,44,,OAqnJDx0,4631308.0
Coppa Italia,1/32 FINALE,2025-08-15,Sassuolo,6574,Idzes J.,546926,nome,Panchina,21,,OAqnJDx0,4631308.0
Coppa Italia,1/32 FINALE,2025-08-15,Sassuolo,6574,Lipani L.,724106,nome,Panchina,35,,OAqnJDx0,4631308.0
Coppa Italia,1/32 FINALE,2025-08-15,Sassuolo,6574,Moro L.,600936,nome,Panchina,24,,OAqnJDx0,4631308.0
Coppa Italia,1/32 FINALE,2025-08-15,Sassuolo,6574,Mulattieri S.,457422,nome,Panchina,9,,OAqnJDx0,4631308.0
Coppa Italia,1/32 FINALE,2025-08-15,Sassuolo,6574,Muric A.,371021,nome,Panchina,49,Portiere,OAqnJDx0,4631308.0
Coppa Italia,1/32 FINALE,2025-08-15,Sassuolo,6574,Paz Y.,655525,nome,Panchina,17,,OAqnJDx0,4631308.0
Coppa Italia,1/32 FINALE,2025-08-15,Sassuolo,6574,Pieragnolo E.,691825,nome,Panchina,15,,OAqnJDx0,4631308.0
Coppa Italia,1/32 FINALE,2025-08-15,Sassuolo,6574,Pierini N.,372720,nome,Panchina,77,,OAqnJDx0,4631308.0
Coppa Italia,1/32 FINALE,2025-08-15,Sassuolo,6574,Pinamonti A.,315865,nome,Panchina,99,,OAqnJDx0,4631308.0
Coppa Italia,1/32 FINALE,2025-08-15,Sassuolo,6574,Satalino G.,323255,nome,Panchina,12,Portiere,OAqnJDx0,4631308.0
Coppa Italia,1/32 FINALE,2025-08-15,Sassuolo,6574,Volpato C.,746891,nome,Panchina,7,,OAqnJDx0,4631308.0
Coppa Italia,1/32 FINALE,2025-08-15,Sassuolo,6574,Zacchi G.,659648,nome,Panchina,16,Portiere,OAqnJDx0,4631308.0
Coppa Italia,1/32 FINALE,2025-08-15,Catanzaro,4097,Pigliacelli M.,165893,nome,Titolare,22,Portiere,OAqnJDx0,4631308.0
Coppa Italia,1/32 FINALE,2025-08-15,Catanzaro,4097,Frosinini R.,797893,nome,Titolare,62,,OAqnJDx0,4631308.0
Coppa Italia,1/32 FINALE,2025-08-15,Catanzaro,4097,Brighenti N.,109110,nome,Titolare,23,,OAqnJDx0,4631308.0
Coppa Italia,1/32 FINALE,2025-08-15,Catanzaro,4097,Matias Antonini,403718,nome,Titolare,4,,OAqnJDx0,4631308.0
Coppa Italia,1/32 FINALE,2025-08-15,Catanzaro,4097,Di Chiara G.,189340,nome,Titolare,17,,OAqnJDx0,4631308.0
Coppa Italia,1/32 FINALE,2025-08-15,Catanzaro,4097,Petriccione J.,218067,nome,Titolare,10,,OAqnJDx0,4631308.0
Coppa Italia,1/32 FINALE,2025-08-15,Catanzaro,4097,Pontisso S.,292422,nome,Titolare,20,,OAqnJDx0,4631308.0
Coppa Italia,1/32 FINALE,2025-08-15,Catanzaro,4097,Liberali M.,988964,nome,Titolare,14,,OAqnJDx0,4631308.0
Coppa Italia,1/32 FINALE,2025-08-15,Catanzaro,4097,Rispoli F.,981136,nome,Titolare,32,,OAqnJDx0,4631308.0
Coppa Italia,1/32 FINALE,2025-08-15,Catanzaro,4097,Nuamah P.,813961,nome,Titolare,19,,OAqnJDx0,4631308.0
Coppa Italia,1/32 FINALE,2025-08-15,Catanzaro,4097,Iemmello P.,62735,nome,Titolare,9,Capitano,OAqnJDx0,4631308.0
Coppa Italia,1/32 FINALE,2025-08-15,Catanzaro,4097,Alesi G.,651000,nome,Panchina,30,,OAqnJDx0,4631308.0
Coppa Italia,1/32 FINALE,2025-08-15,Catanzaro,4097,Bashi E.,1063700,nome,Panchina,5,,OAqnJDx0,4631308.0
Coppa Italia,1/32 FINALE,2025-08-15,Catanzaro,4097,Bettella D.,357995,nome,Panchina,18,,OAqnJDx0,4631308.0
Coppa Italia,1/32 FINALE,2025-08-15,Catanzaro,4097,Biasci T.,240129,nome,Panchina,28,,OAqnJDx0,4631308.0
Coppa Italia,1/32 FINALE,2025-08-15,Catanzaro,4097,Borrelli E.,902633,nome,Panchina,99,Portiere,OAqnJDx0,4631308.0
Coppa Italia,1/32 FINALE,2025-08-15,Catanzaro,4097,Buso N.,408293,nome,Panchina,45,,OAqnJDx0,4631308.0
Coppa Italia,1/32 FINALE,2025-08-15,Catanzaro,4097,Cisse A.,964087,nome,Panchina,80,,OAqnJDx0,4631308.0
Coppa Italia,1/32 FINALE,2025-08-15,Catanzaro,4097,D'Alessandro M.,99232,nome,Panchina,77,,OAqnJDx0,4631308.0
Coppa Italia,1/32 FINALE,2025-08-15,Catanzaro,4097,Favasuli C.,820635,nome,Panchina,27,,OAqnJDx0,4631308.0
Coppa Italia,1/32 FINALE,2025-08-15,Catanzaro,4097,Marietta C.,691978,nome,Panchina,1,Portiere,OAqnJDx0,4631308.0
Coppa Italia,1/32 FINALE,2025-08-15,Catanzaro,4097,Paura M.,820679,nome,Panchina,33,,OAqnJDx0,4631308.0
Coppa Italia,1/32 FINALE,2025-08-15,Catanzaro,4097,Pittarello F.,355455,nome,Panchina,8,,OAqnJDx0,4631308.0
Coppa Italia,1/32 FINALE,2025-08-15,Catanzaro,4097,Seha S.,776915,nome,Panchina,61,,OAqnJDx0,4631308.0
Coppa Italia,1/32 FINALE,2025-08-15,Catanzaro,4097,Volpe G.,707100,nome,Panchina,7,,OAqnJDx0,4631308.0
Coppa Italia,1/32 FINALE,2025-08-15,Empoli,749,Fulignati A.,231381,nome,Titolare,21,Portiere,GnyKFvW7,4631307.0
Coppa Italia,1/32 FINALE,2025-08-15,Empoli,749,Curto M.,315857,nome,Titolare,2,,GnyKFvW7,4631307.0
Coppa Italia,1/32 FINALE,2025-08-15,Empoli,749,Guarino G.,745427,nome,Titolare,34,,GnyKFvW7,4631307.0
Coppa Italia,1/32 FINALE,2025-08-15,Empoli,749,Carboni F.,731491,nome,Titolare,79,,GnyKFvW7,4631307.0
Coppa Italia,1/32 FINALE,2025-08-15,Empoli,749,Ebuehi T.,309944,nome,Titolare,24,Capitano,GnyKFvW7,4631307.0
Coppa Italia,1/32 FINALE,2025-08-15,Empoli,749,Ignacchiti L.,814445,nome,Titolare,25,,GnyKFvW7,4631307.0
Coppa Italia,1/32 FINALE,2025-08-15,Empoli,749,Belardinelli L.,467994,nome,Titolare,8,,GnyKFvW7,4631307.0
Coppa Italia,1/32 FINALE,2025-08-15,Empoli,749,Ilie R.,812654,nome,Titolare,10,,GnyKFvW7,4631307.0
Coppa Italia,1/32 FINALE,2025-08-15,Empoli,749,Moruzzi B.,900630,nome,Titolare,27,,GnyKFvW7,4631307.0
Coppa Italia,1/32 FINALE,2025-08-15,Empoli,749,Popov B.,1198243,nome,Titolare,77,,GnyKFvW7,4631307.0
Coppa Italia,1/32 FINALE,2025-08-15,Empoli,749,Shpendi S.,931567,nome,Titolare,11,,GnyKFvW7,4631307.0
Coppa Italia,1/32 FINALE,2025-08-15,Empoli,749,Asmussen A.,1051741,nome,Panchina,41,,GnyKFvW7,4631307.0
Coppa Italia,1/32 FINALE,2025-08-15,Empoli,749,Baralla A.,1310486,nome,Panchina,38,,GnyKFvW7,4631307.0
Coppa Italia,1/32 FINALE,2025-08-15,Empoli,749,Bembnista D.,1182168,nome,Panchina,36,,GnyKFvW7,4631307.0
Coppa Italia,1/32 FINALE,2025-08-15,Empoli,749,Busiello D.,1112401,nome,Panchina,53,,GnyKFvW7,4631307.0
Coppa Italia,1/32 FINALE,2025-08-15,Empoli,749,Ceesay J.,364278,nome,Panchina,15,,GnyKFvW7,4631307.0
Coppa Italia,1/32 FINALE,2025-08-15,Empoli,749,Elia S.,392963,nome,Panchina,7,,GnyKFvW7,4631307.0
Coppa Italia,1/32 FINALE,2025-08-15,Empoli,749,Indragoli G.,814438,nome,Panchina,28,,GnyKFvW7,4631307.0
Coppa Italia,1/32 FINALE,2025-08-15,Empoli,749,Moray J.,1230795,nome,Panchina,31,,GnyKFvW7,4631307.0
Coppa Italia,1/32 FINALE,2025-08-15,Empoli,749,Orlandi A.,1019118,nome,Panchina,96,,GnyKFvW7,4631307.0
Coppa Italia,1/32 FINALE,2025-08-15,Empoli,749,Pasalic K.,1233233,nome,Panchina,42,,GnyKFvW7,4631307.0
Coppa Italia,1/32 FINALE,2025-08-15,Empoli,749,Perisan S.,301240,nome,Panchina,1,Portiere,GnyKFvW7,4631307.0
Coppa Italia,1/32 FINALE,2025-08-15,Empoli,749,Versari F.,1182165,nome,Panchina,22,Portiere,GnyKFvW7,4631307.0
Coppa Italia,1/32 FINALE,2025-08-15,Empoli,749,Yepes G.,624436,nome,Panchina,14,,GnyKFvW7,4631307.0
Coppa Italia,1/32 FINALE,2025-08-15,Empoli,749,Zanaga E.,1074995,nome,Panchina,48,,GnyKFvW7,4631307.0
Coppa Italia,1/32 FINALE,2025-08-15,Reggiana,5621,Motta E.,916430,nome,Titolare,1,Portiere,GnyKFvW7,4631307.0
Coppa Italia,1/32 FINALE,2025-08-15,Reggiana,5621,Rover M.,392577,nome,Titolare,23,,GnyKFvW7,4631307.0
Coppa Italia,1/32 FINALE,2025-08-15,Reggiana,5621,Libutti L.,341481,nome,Titolare,17,Capitano,GnyKFvW7,4631307.0
Coppa Italia,1/32 FINALE,2025-08-15,Reggiana,5621,Papetti A.,503619,nome,Titolare,2,,GnyKFvW7,4631307.0
Coppa Italia,1/32 FINALE,2025-08-15,Reggiana,5621,Bonetti S.,937289,nome,Titolare,43,,GnyKFvW7,4631307.0
Coppa Italia,1/32 FINALE,2025-08-15,Reggiana,5621,Bozzolan A.,669793,nome,Titolare,3,,GnyKFvW7,4631307.0
Coppa Italia,1/32 FINALE,2025-08-15,Reggiana,5621,Tavsan E.,462086,nome,Titolare,10,,GnyKFvW7,4631307.0
Coppa Italia,1/32 FINALE,2025-08-15,Reggiana,5621,Reinhart T.,613085,nome,Titolare,16,,GnyKFvW7,4631307.0
Coppa Italia,1/32 FINALE,2025-08-15,Reggiana,5621,Bertagnoli M.,394352,nome,Titolare,26,,GnyKFvW7,4631307.0
Coppa Italia,1/32 FINALE,2025-08-15,Reggiana,5621,Portanova M.,394304,nome,Titolare,90,,GnyKFvW7,4631307.0
Coppa Italia,1/32 FINALE,2025-08-15,Reggiana,5621,Gondo C.,213854,nome,Titolare,11,,GnyKFvW7,4631307.0
Coppa Italia,1/32 FINALE,2025-08-15,Reggiana,5621,Cavaliere E.,1208731,nome,Panchina,98,,GnyKFvW7,4631307.0
Coppa Italia,1/32 FINALE,2025-08-15,Reggiana,5621,Conte O.,1218115,nome,Panchina,91,,GnyKFvW7,4631307.0
Coppa Italia,1/32 FINALE,2025-08-15,Reggiana,5621,Enza M.,1182963,nome,Panchina,22,Portiere,GnyKFvW7,4631307.0
Coppa Italia,1/32 FINALE,2025-08-15,Reggiana,5621,Maisterra R.,1043866,nome,Panchina,72,,GnyKFvW7,4631307.0
Coppa Italia,1/32 FINALE,2025-08-15,Reggiana,5621,Marras M.,198128,nome,Panchina,7,,GnyKFvW7,4631307.0
Coppa Italia,1/32 FINALE,2025-08-15,Reggiana,5621,Mendicino L.,938678,nome,Panchina,44,,GnyKFvW7,4631307.0
Coppa Italia,1/32 FINALE,2025-08-15,Reggiana,5621,Meroni A.,337149,nome,Panchina,13,,GnyKFvW7,4631307.0
Coppa Italia,1/32 FINALE,2025-08-15,Reggiana,5621,Quaranta D.,396307,nome,Panchina,14,,GnyKFvW7,4631307.0
Coppa Italia,1/32 FINALE,2025-08-15,Reggiana,5621,Seculin A.,85380,nome,Panchina,12,Portiere,GnyKFvW7,4631307.0
Coppa Italia,1/32 FINALE,2025-08-15,Reggiana,5621,Stulac L.,171159,nome,Panchina,5,,GnyKFvW7,4631307.0
Coppa Italia,1/32 FINALE,2025-08-15,Reggiana,5621,Vallarelli F.,935782,nome,Panchina,6,,GnyKFvW7,4631307.0
Coppa Italia,1/64 FINALE,2025-08-10,Audace Cerignola,22249,Greco S.,319177,nome,Titolare,1,Portiere,6g1xUUjI,4630640.0
Coppa Italia,1/64 FINALE,2025-08-10,Audace Cerignola,22249,Visentin S.,549681,nome,Titolare,6,,6g1xUUjI,4630640.0
Coppa Italia,1/64 FINALE,2025-08-10,Audace Cerignola,22249,Martinelli L.,84751,nome,Titolare,5,Capitano,6g1xUUjI,4630640.0
Coppa Italia,1/64 FINALE,2025-08-10,Audace Cerignola,22249,Ligi A.,160630,nome,Titolare,15,,6g1xUUjI,4630640.0
Coppa Italia,1/64 FINALE,2025-08-10,Audace Cerignola,22249,D'Orazio L.,370435,nome,Titolare,33,,6g1xUUjI,4630640.0
Coppa Italia,1/64 FINALE,2025-08-10,Audace Cerignola,22249,Coccia G.,396488,nome,Titolare,77,,6g1xUUjI,4630640.0
Coppa Italia,1/64 FINALE,2025-08-10,Audace Cerignola,22249,Cretella C.,672535,nome,Titolare,58,,6g1xUUjI,4630640.0
Coppa Italia,1/64 FINALE,2025-08-10,Audace Cerignola,22249,Bianchini G.,535035,nome,Titolare,11,,6g1xUUjI,4630640.0
Coppa Italia,1/64 FINALE,2025-08-10,Audace Cerignola,22249,Russo L.,391126,nome,Titolare,3,,6g1xUUjI,4630640.0
Coppa Italia,1/64 FINALE,2025-08-10,Audace Cerignola,22249,Emmausso M.,440718,nome,Titolare,90,,6g1xUUjI,4630640.0
Coppa Italia,1/64 FINALE,2025-08-10,Audace Cerignola,22249,Cuppone L.,352704,nome,Titolare,29,,6g1xUUjI,4630640.0
Coppa Italia,1/64 FINALE,2025-08-10,Audace Cerignola,22249,Ballabile E.,1065861,nome,Panchina,17,,6g1xUUjI,4630640.0
Coppa Italia,1/64 FINALE,2025-08-10,Audace Cerignola,22249,Cocorocchio M.,653274,nome,Panchina,45,,6g1xUUjI,4630640.0
Coppa Italia,1/64 FINALE,2025-08-10,Audace Cerignola,22249,Faggioli A.,488515,nome,Panchina,18,,6g1xUUjI,4630640.0
Coppa Italia,1/64 FINALE,2025-08-10,Audace Cerignola,22249,Fares G.,818819,nome,Panchina,22,Portiere,6g1xUUjI,4630640.0
Coppa Italia,1/64 FINALE,2025-08-10,Audace Cerignola,22249,Giuliodori G.,1209480,nome,Panchina,19,,6g1xUUjI,4630640.0
Coppa Italia,1/64 FINALE,2025-08-10,Audace Cerignola,22249,Ingrosso G.,457251,nome,Panchina,27,,6g1xUUjI,4630640.0
Coppa Italia,1/64 FINALE,2025-08-10,Audace Cerignola,22249,Miguel Angel,142034,nome,Panchina,20,,6g1xUUjI,4630640.0
Coppa Italia,1/64 FINALE,2025-08-10,Audace Cerignola,22249,Moreso O.,1160320,nome,Panchina,24,,6g1xUUjI,4630640.0
Coppa Italia,1/64 FINALE,2025-08-10,Audace Cerignola,22249,Parlato C.,882964,nome,Panchina,99,,6g1xUUjI,4630640.0
Coppa Italia,1/64 FINALE,2025-08-10,Audace Cerignola,22249,Rizzuto A.,744617,nome,Panchina,12,Portiere,6g1xUUjI,4630640.0
Coppa Italia,1/64 FINALE,2025-08-10,Audace Cerignola,22249,Ruggiero Z.,433447,nome,Panchina,83,,6g1xUUjI,4630640.0
Coppa Italia,1/64 FINALE,2025-08-10,Audace Cerignola,22249,Sabbatani A.,1178107,nome,Panchina,9,,6g1xUUjI,4630640.0
Coppa Italia,1/64 FINALE,2025-08-10,Audace Cerignola,22249,Spaltro R.,459180,nome,Panchina,25,,6g1xUUjI,4630640.0
Coppa Italia,1/64 FINALE,2025-08-10,Avellino,2331,Iannarilli A.,73929,nome,Titolare,1,Portiere,6g1xUUjI,4630640.0
Coppa Italia,1/64 FINALE,2025-08-10,Avellino,2331,Cancellotti T.,167879,nome,Titolare,29,,6g1xUUjI,4630640.0
Coppa Italia,1/64 FINALE,2025-08-10,Avellino,2331,Manzi C.,390154,nome,Titolare,79,,6g1xUUjI,4630640.0
Coppa Italia,1/64 FINALE,2025-08-10,Avellino,2331,Enrici P.,487633,nome,Titolare,56,,6g1xUUjI,4630640.0
Coppa Italia,1/64 FINALE,2025-08-10,Avellino,2331,Milani A.,883058,nome,Titolare,78,,6g1xUUjI,4630640.0
Coppa Italia,1/64 FINALE,2025-08-10,Avellino,2331,Sounas D.,234137,nome,Titolare,24,Capitano,6g1xUUjI,4630640.0
Coppa Italia,1/64 FINALE,2025-08-10,Avellino,2331,Kumi J.,808559,nome,Titolare,16,,6g1xUUjI,4630640.0
Coppa Italia,1/64 FINALE,2025-08-10,Avellino,2331,Palumbo M.,617170,nome,Titolare,20,,6g1xUUjI,4630640.0
Coppa Italia,1/64 FINALE,2025-08-10,Avellino,2331,Russo R.,393652,nome,Titolare,10,,6g1xUUjI,4630640.0
Coppa Italia,1/64 FINALE,2025-08-10,Avellino,2331,Lescano F.,256008,nome,Titolare,32,,6g1xUUjI,4630640.0
Coppa Italia,1/64 FINALE,2025-08-10,Avellino,2331,Crespi V.,745444,nome,Titolare,17,,6g1xUUjI,4630640.0
Coppa Italia,1/64 FINALE,2025-08-10,Avellino,2331,Armellino M.,144091,nome,Panchina,21,,6g1xUUjI,4630640.0
Coppa Italia,1/64 FINALE,2025-08-10,Avellino,2331,Besaggio M.,616031,nome,Panchina,39,,6g1xUUjI,4630640.0
Coppa Italia,1/64 FINALE,2025-08-10,Avellino,2331,Daffara G.,814473,nome,Panchina,30,Portiere,6g1xUUjI,4630640.0
Coppa Italia,1/64 FINALE,2025-08-10,Avellino,2331,Gyabuaa M.,432089,eliminazione,Panchina,8,,6g1xUUjI,4630640.0
Coppa Italia,1/64 FINALE,2025-08-10,Avellino,2331,Insigne R.,200174,nome,Panchina,94,,6g1xUUjI,4630640.0
Coppa Italia,1/64 FINALE,2025-08-10,Avellino,2331,Marchisano M.,818581,nome,Panchina,28,,6g1xUUjI,4630640.0
Coppa Italia,1/64 FINALE,2025-08-10,Avellino,2331,Pane P.,140312,nome,Panchina,23,Portiere,6g1xUUjI,4630640.0
Coppa Italia,1/64 FINALE,2025-08-10,Avellino,2331,Panico G.,287648,nome,Panchina,33,,6g1xUUjI,4630640.0
Coppa Italia,1/64 FINALE,2025-08-10,Avellino,2331,Simic L.,226093,nome,Panchina,44,,6g1xUUjI,4630640.0
Coppa Italia,1/64 FINALE,2025-08-10,Avellino,2331,Todisco G.,711034,nome,Panchina,2,,6g1xUUjI,4630640.0
Coppa Italia,1/64 FINALE,2025-08-10,Pescara,2921,Desplanches S.,567465,nome,Titolare,1,Portiere,SrjwLZ7m,4630641.0
Coppa Italia,1/64 FINALE,2025-08-10,Pescara,2921,Letizia G.,160560,nome,Titolare,2,,SrjwLZ7m,4630641.0
Coppa Italia,1/64 FINALE,2025-08-10,Pescara,2921,Brosco R.,89034,nome,Titolare,13,Capitano,SrjwLZ7m,4630641.0
Coppa Italia,1/64 FINALE,2025-08-10,Pescara,2921,Corbo G.,423614,nome,Titolare,95,,SrjwLZ7m,4630641.0
Coppa Italia,1/64 FINALE,2025-08-10,Pescara,2921,Graziani L.,928032,nome,Titolare,20,,SrjwLZ7m,4630641.0
Coppa Italia,1/64 FINALE,2025-08-10,Pescara,2921,Dagasso M.,744621,nome,Titolare,8,,SrjwLZ7m,4630641.0
Coppa Italia,1/64 FINALE,2025-08-10,Pescara,2921,Valzania L.,287663,nome,Titolare,14,,SrjwLZ7m,4630641.0
Coppa Italia,1/64 FINALE,2025-08-10,Pescara,2921,Meazzi L.,534166,nome,Titolare,7,,SrjwLZ7m,4630641.0
Coppa Italia,1/64 FINALE,2025-08-10,Pescara,2921,Merola D.,357998,nome,Titolare,10,,SrjwLZ7m,4630641.0
Coppa Italia,1/64 FINALE,2025-08-10,Pescara,2921,Ferraris A.,708079,nome,Titolare,21,,SrjwLZ7m,4630641.0
Coppa Italia,1/64 FINALE,2025-08-10,Pescara,2921,Cangiano G.,496270,nome,Titolare,11,,SrjwLZ7m,4630641.0
Coppa Italia,1/64 FINALE,2025-08-10,Pescara,2921,Balzano M.,1177623,nome,Panchina,19,,SrjwLZ7m,4630641.0
Coppa Italia,1/64 FINALE,2025-08-10,Pescara,2921,Berardi L.,1130743,nome,Panchina,36,,SrjwLZ7m,4630641.0
Coppa Italia,1/64 FINALE,2025-08-10,Pescara,2921,Giannini D.,1086359,nome,Panchina,35,,SrjwLZ7m,4630641.0
Coppa Italia,1/64 FINALE,2025-08-10,Pescara,2921,Kraja E.,459147,nome,Panchina,73,,SrjwLZ7m,4630641.0
Coppa Italia,1/64 FINALE,2025-08-10,Pescara,2921,La Barba J.,1307069,nome,Panchina,24,,SrjwLZ7m,4630641.0
Coppa Italia,1/64 FINALE,2025-08-10,Pescara,2921,Milan M.,1176568,nome,Panchina,85,,SrjwLZ7m,4630641.0
Coppa Italia,1/64 FINALE,2025-08-10,Pescara,2921,Olzer G.,539132,nome,Panchina,27,,SrjwLZ7m,4630641.0
Coppa Italia,1/64 FINALE,2025-08-10,Pescara,2921,Profeta N.,1254060,nome,Panchina,12,Portiere,SrjwLZ7m,4630641.0
Coppa Italia,1/64 FINALE,2025-08-10,Pescara,2921,Saccomanni G.,1175714,nome,Panchina,30,,SrjwLZ7m,4630641.0
Coppa Italia,1/64 FINALE,2025-08-10,Pescara,2921,Saio I.,613533,nome,Panchina,22,Portiere,SrjwLZ7m,4630641.0
Coppa Italia,1/64 FINALE,2025-08-10,Pescara,2921,Sgarbi L.,535797,nome,Panchina,18,,SrjwLZ7m,4630641.0
Coppa Italia,1/64 FINALE,2025-08-10,Pescara,2921,Staver C.,705099,nome,Panchina,25,,SrjwLZ7m,4630641.0
Coppa Italia,1/64 FINALE,2025-08-10,Pescara,2921,Tonin R.,421773,nome,Panchina,15,,SrjwLZ7m,4630641.0
Coppa Italia,1/64 FINALE,2025-08-10,Pescara,2921,Tunjov G.,363610,nome,Panchina,17,,SrjwLZ7m,4630641.0
Coppa Italia,1/64 FINALE,2025-08-10,Rimini,4111,Bagli A.,1141037,nome,Titolare,12,Portiere,SrjwLZ7m,4630641.0
Coppa Italia,1/64 FINALE,2025-08-10,Rimini,4111,Fabbri A.,1439024,nome,Titolare,20,,SrjwLZ7m,4630641.0
Coppa Italia,1/64 FINALE,2025-08-10,Rimini,4111,Lepri T.,817468,nome,Titolare,98,,SrjwLZ7m,4630641.0
Coppa Italia,1/64 FINALE,2025-08-10,Rimini,4111,Bellodi G.,406912,nome,Titolare,4,,SrjwLZ7m,4630641.0
Coppa Italia,1/64 FINALE,2025-08-10,Rimini,4111,De Vitis A.,62725,nome,Titolare,30,Capitano,SrjwLZ7m,4630641.0
Coppa Italia,1/64 FINALE,2025-08-10,Rimini,4111,Longobardi G.,662555,nome,Titolare,28,,SrjwLZ7m,4630641.0
Coppa Italia,1/64 FINALE,2025-08-10,Rimini,4111,Fiorini M.,459704,nome,Titolare,5,,SrjwLZ7m,4630641.0
Coppa Italia,1/64 FINALE,2025-08-10,Rimini,4111,Garetto M.,534114,nome,Titolare,80,,SrjwLZ7m,4630641.0
Coppa Italia,1/64 FINALE,2025-08-10,Rimini,4111,Piccoli M.,629574,nome,Titolare,8,,SrjwLZ7m,4630641.0
Coppa Italia,1/64 FINALE,2025-08-10,Rimini,4111,Falbo L.,457236,nome,Titolare,3,,SrjwLZ7m,4630641.0
Coppa Italia,1/64 FINALE,2025-08-10,Rimini,4111,Parigi G.,254708,nome,Titolare,97,,SrjwLZ7m,4630641.0
Coppa Italia,1/64 FINALE,2025-08-10,Rimini,4111,Aruta D.,1429075,nome,Panchina,17,,SrjwLZ7m,4630641.0
Coppa Italia,1/64 FINALE,2025-08-10,Rimini,4111,Gorelli M.,408904,nome,Panchina,6,,SrjwLZ7m,4630641.0
Coppa Italia,1/64 FINALE,2025-08-10,Rimini,4111,Jallow S.,1341004,nome,Panchina,14,,SrjwLZ7m,4630641.0
Coppa Italia,1/64 FINALE,2025-08-10,Rimini,4111,Langella C.,463790,nome,Panchina,33,,SrjwLZ7m,4630641.0
Coppa Italia,1/64 FINALE,2025-08-10,Rimini,4111,Mini M.,1429076,nome,Panchina,24,,SrjwLZ7m,4630641.0
Coppa Italia,1/64 FINALE,2025-08-10,Rimini,4111,Pirini M.,1437395,nome,Panchina,22,Portiere,SrjwLZ7m,4630641.0
Coppa Italia,1/64 FINALE,2025-08-10,Rimini,4111,Rubino M.,1429077,nome,Panchina,70,,SrjwLZ7m,4630641.0
Coppa Italia,1/64 FINALE,2025-08-10,Rimini,4111,Ubaldi L.,457675,nome,Panchina,9,,SrjwLZ7m,4630641.0
Coppa Italia,1/64 FINALE,2025-08-10,Padova,3037,Fortin M.,918811,nome,Titolare,14,Portiere,AR7TVjM5,4630639.0
Coppa Italia,1/64 FINALE,2025-08-10,Padova,3037,Faedo C.,903414,nome,Titolare,72,,AR7TVjM5,4630639.0
Coppa Italia,1/64 FINALE,2025-08-10,Padova,3037,Perrotta M.,171696,nome,Titolare,5,,AR7TVjM5,4630639.0
Coppa Italia,1/64 FINALE,2025-08-10,Padova,3037,Pastina C.,476624,nome,Titolare,58,,AR7TVjM5,4630639.0
Coppa Italia,1/64 FINALE,2025-08-10,Padova,3037,Belli F.,197299,nome,Titolare,4,,AR7TVjM5,4630639.0
Coppa Italia,1/64 FINALE,2025-08-10,Padova,3037,Crisetig L.,110928,nome,Titolare,6,Capitano,AR7TVjM5,4630639.0
Coppa Italia,1/64 FINALE,2025-08-10,Padova,3037,Fusi P.,395118,nome,Titolare,8,,AR7TVjM5,4630639.0
Coppa Italia,1/64 FINALE,2025-08-10,Padova,3037,Seghetti A.,913461,nome,Titolare,11,,AR7TVjM5,4630639.0
Coppa Italia,1/64 FINALE,2025-08-10,Padova,3037,Ghiglione P.,313477,nome,Titolare,18,,AR7TVjM5,4630639.0
Coppa Italia,1/64 FINALE,2025-08-10,Padova,3037,Bortolussi M.,269870,nome,Titolare,20,,AR7TVjM5,4630639.0
Coppa Italia,1/64 FINALE,2025-08-10,Padova,3037,Varas K.,354133,nome,Titolare,7,,AR7TVjM5,4630639.0
Coppa Italia,1/64 FINALE,2025-08-10,Padova,3037,Barreca A.,241889,nome,Panchina,3,,AR7TVjM5,4630639.0
Coppa Italia,1/64 FINALE,2025-08-10,Padova,3037,Baselli D.,134883,nome,Panchina,33,,AR7TVjM5,4630639.0
Coppa Italia,1/64 FINALE,2025-08-10,Padova,3037,Bensi N.,1316611,nome,Panchina,22,Portiere,AR7TVjM5,4630639.0
Coppa Italia,1/64 FINALE,2025-08-10,Padova,3037,Boi A.,1050889,nome,Panchina,13,,AR7TVjM5,4630639.0
Coppa Italia,1/64 FINALE,2025-08-10,Padova,3037,Buonaiuto C.,187384,nome,Panchina,92,,AR7TVjM5,4630639.0
Coppa Italia,1/64 FINALE,2025-08-10,Padova,3037,Caporello E.,1105883,nome,Panchina,24,,AR7TVjM5,4630639.0
Coppa Italia,1/64 FINALE,2025-08-10,Padova,3037,Di Maggio L.,724107,nome,Panchina,23,,AR7TVjM5,4630639.0
Coppa Italia,1/64 FINALE,2025-08-10,Padova,3037,Favale G.,448395,nome,Panchina,30,,AR7TVjM5,4630639.0
Coppa Italia,1/64 FINALE,2025-08-10,Padova,3037,Harder J.,932740,nome,Panchina,44,,AR7TVjM5,4630639.0
Coppa Italia,1/64 FINALE,2025-08-10,Padova,3037,Spagnoli A.,200145,nome,Panchina,9,,AR7TVjM5,4630639.0
Coppa Italia,1/64 FINALE,2025-08-10,Padova,3037,Tumiatti F.,1255577,nome,Panchina,77,,AR7TVjM5,4630639.0
Coppa Italia,1/64 FINALE,2025-08-10,Padova,3037,Villa L.,823525,nome,Panchina,55,,AR7TVjM5,4630639.0
Coppa Italia,1/64 FINALE,2025-08-10,Padova,3037,Voltan M.,601507,nome,Panchina,12,Portiere,AR7TVjM5,4630639.0
Coppa Italia,1/64 FINALE,2025-08-10,L.R. Vicenza,2655,Gagno R.,337360,nome,Titolare,16,Portiere,AR7TVjM5,4630639.0
Coppa Italia,1/64 FINALE,2025-08-10,L.R. Vicenza,2655,Leverbe M.,451310,nome,Titolare,6,,AR7TVjM5,4630639.0
Coppa Italia,1/64 FINALE,2025-08-10,L.R. Vicenza,2655,Cuomo G.,365565,nome,Titolare,14,,AR7TVjM5,4630639.0
Coppa Italia,1/64 FINALE,2025-08-10,L.R. Vicenza,2655,Sandon T.,818134,nome,Titolare,27,,AR7TVjM5,4630639.0
Coppa Italia,1/64 FINALE,2025-08-10,L.R. Vicenza,2655,Tribuzzi A.,395546,nome,Titolare,19,,AR7TVjM5,4630639.0
Coppa Italia,1/64 FINALE,2025-08-10,L.R. Vicenza,2655,Cavion M.,199971,nome,Titolare,8,,AR7TVjM5,4630639.0
Coppa Italia,1/64 FINALE,2025-08-10,L.R. Vicenza,2655,Carraro M.,297630,nome,Titolare,4,,AR7TVjM5,4630639.0
Coppa Italia,1/64 FINALE,2025-08-10,L.R. Vicenza,2655,Vitale M.,291432,nome,Titolare,99,,AR7TVjM5,4630639.0
Coppa Italia,1/64 FINALE,2025-08-10,L.R. Vicenza,2655,Caferri L.,686592,nome,Titolare,28,,AR7TVjM5,4630639.0
Coppa Italia,1/64 FINALE,2025-08-10,L.R. Vicenza,2655,Capello A.,200190,nome,Titolare,10,,AR7TVjM5,4630639.0
Coppa Italia,1/64 FINALE,2025-08-10,L.R. Vicenza,2655,Morra C.,214635,nome,Titolare,9,,AR7TVjM5,4630639.0
Coppa Italia,1/64 FINALE,2025-08-10,L.R. Vicenza,2655,Alessio F.,830243,nome,Panchina,24,,AR7TVjM5,4630639.0
Coppa Italia,1/64 FINALE,2025-08-10,L.R. Vicenza,2655,Basso M.,1258101,nome,Panchina,1,Portiere,AR7TVjM5,4630639.0
Coppa Italia,1/64 FINALE,2025-08-10,L.R. Vicenza,2655,Benassai F.,396366,nome,Panchina,23,,AR7TVjM5,4630639.0
Coppa Italia,1/64 FINALE,2025-08-10,L.R. Vicenza,2655,Fantoni N.,814349,nome,Panchina,76,,AR7TVjM5,4630639.0
Coppa Italia,1/64 FINALE,2025-08-10,L.R. Vicenza,2655,Golin M.,936024,nome,Panchina,13,,AR7TVjM5,4630639.0
Coppa Italia,1/64 FINALE,2025-08-10,L.R. Vicenza,2655,Massolo S.,242537,nome,Panchina,12,Portiere,AR7TVjM5,4630639.0
Coppa Italia,1/64 FINALE,2025-08-10,L.R. Vicenza,2655,Mogentale T.,936185,nome,Panchina,20,,AR7TVjM5,4630639.0
Coppa Italia,1/64 FINALE,2025-08-10,L.R. Vicenza,2655,Pellizzari G.,816764,nome,Panchina,26,,AR7TVjM5,4630639.0
Coppa Italia,1/64 FINALE,2025-08-10,L.R. Vicenza,2655,Rada A.,408333,nome,Panchina,77,,AR7TVjM5,4630639.0
Coppa Italia,1/64 FINALE,2025-08-10,L.R. Vicenza,2655,Rauti N.,417896,nome,Panchina,7,,AR7TVjM5,4630639.0
Coppa Italia,1/64 FINALE,2025-08-10,L.R. Vicenza,2655,Stuckler D.,896362,nome,Panchina,11,,AR7TVjM5,4630639.0
Coppa Italia,1/64 FINALE,2025-08-10,L.R. Vicenza,2655,Vescovi M.,936184,nome,Panchina,33,,AR7TVjM5,4630639.0
Coppa Italia,1/64 FINALE,2025-08-09,Entella,20519,Colombi S.,57285,nome,Titolare,1,Portiere,v7apS8LU,4630638.0
Coppa Italia,1/64 FINALE,2025-08-09,Entella,20519,Marconi I.,41780,nome,Titolare,15,,v7apS8LU,4630638.0
Coppa Italia,1/64 FINALE,2025-08-09,Entella,20519,Tiritiello A.,248695,nome,Titolare,6,,v7apS8LU,4630638.0
Coppa Italia,1/64 FINALE,2025-08-09,Entella,20519,Parodi L.,256688,nome,Titolare,23,,v7apS8LU,4630638.0
Coppa Italia,1/64 FINALE,2025-08-09,Entella,20519,Di Mario S.,821038,nome,Titolare,26,,v7apS8LU,4630638.0
Coppa Italia,1/64 FINALE,2025-08-09,Entella,20519,Franzoni A.,432105,nome,Titolare,24,,v7apS8LU,4630638.0
Coppa Italia,1/64 FINALE,2025-08-09,Entella,20519,Benali A.,121402,nome,Titolare,50,,v7apS8LU,4630638.0
Coppa Italia,1/64 FINALE,2025-08-09,Entella,20519,Karic N.,393236,nome,Titolare,8,,v7apS8LU,4630638.0
Coppa Italia,1/64 FINALE,2025-08-09,Entella,20519,Boccadamo A.,450397,nome,Titolare,77,,v7apS8LU,4630638.0
Coppa Italia,1/64 FINALE,2025-08-09,Entella,20519,Russo F.,908788,nome,Titolare,21,,v7apS8LU,4630638.0
Coppa Italia,1/64 FINALE,2025-08-09,Entella,20519,Guiu B.,632482,nome,Titolare,11,,v7apS8LU,4630638.0
Coppa Italia,1/64 FINALE,2025-08-09,Entella,20519,Bariti D.,1187465,eliminazione,Panchina,7,,v7apS8LU,4630638.0
Coppa Italia,1/64 FINALE,2025-08-09,Entella,20519,Bottaro A.,1229092,nome,Panchina,81,,v7apS8LU,4630638.0
Coppa Italia,1/64 FINALE,2025-08-09,Entella,20519,Casarotto M.,760019,nome,Panchina,10,,v7apS8LU,4630638.0
Coppa Italia,1/64 FINALE,2025-08-09,Entella,20519,Castelli D.,478764,nome,Panchina,9,,v7apS8LU,4630638.0
Coppa Italia,1/64 FINALE,2025-08-09,Entella,20519,Dalla Vecchia M.,879868,nome,Panchina,27,,v7apS8LU,4630638.0
Coppa Italia,1/64 FINALE,2025-08-09,Entella,20519,Del Frate F.,397241,nome,Panchina,22,Portiere,v7apS8LU,4630638.0
Coppa Italia,1/64 FINALE,2025-08-09,Entella,20519,Fumagalli T.,691678,nome,Panchina,20,,v7apS8LU,4630638.0
Coppa Italia,1/64 FINALE,2025-08-09,Entella,20519,Ghio U.,938203,nome,Panchina,55,,v7apS8LU,4630638.0
Coppa Italia,1/64 FINALE,2025-08-09,Entella,20519,Matteazzi E.,819081,nome,Panchina,25,,v7apS8LU,4630638.0
Coppa Italia,1/64 FINALE,2025-08-09,Entella,20519,Mezzoni F.,395190,nome,Panchina,94,,v7apS8LU,4630638.0
Coppa Italia,1/64 FINALE,2025-08-09,Entella,20519,Ndrecka A.,539220,nome,Panchina,43,,v7apS8LU,4630638.0
Coppa Italia,1/64 FINALE,2025-08-09,Entella,20519,Nichetti M.,334343,nome,Panchina,4,,v7apS8LU,4630638.0
Coppa Italia,1/64 FINALE,2025-08-09,Entella,20519,Palomba L.,621153,nome,Panchina,2,,v7apS8LU,4630638.0
Coppa Italia,1/64 FINALE,2025-08-09,Entella,20519,Portanova D.,459248,nome,Panchina,90,,v7apS8LU,4630638.0
Coppa Italia,1/64 FINALE,2025-08-09,Ternana,1103,Vitali T.,393150,nome,Titolare,1,Portiere,v7apS8LU,4630638.0
Coppa Italia,1/64 FINALE,2025-08-09,Ternana,1103,Maestrelli A.,705387,nome,Titolare,13,,v7apS8LU,4630638.0
Coppa Italia,1/64 FINALE,2025-08-09,Ternana,1103,Capuano M.,164091,nome,Titolare,19,,v7apS8LU,4630638.0
Coppa Italia,1/64 FINALE,2025-08-09,Ternana,1103,Martella B.,164108,nome,Titolare,87,,v7apS8LU,4630638.0
Coppa Italia,1/64 FINALE,2025-08-09,Ternana,1103,Donati F.,525660,nome,Titolare,20,,v7apS8LU,4630638.0
Coppa Italia,1/64 FINALE,2025-08-09,Ternana,1103,Vallocchia A.,355929,nome,Titolare,4,,v7apS8LU,4630638.0
Coppa Italia,1/64 FINALE,2025-08-09,Ternana,1103,McJannet E.,802243,nome,Titolare,7,,v7apS8LU,4630638.0
Coppa Italia,1/64 FINALE,2025-08-09,Ternana,1103,Romeo F.,822100,nome,Titolare,70,,v7apS8LU,4630638.0
Coppa Italia,1/64 FINALE,2025-08-09,Ternana,1103,Coltorti A.,1303724,nome,Titolare,9,,v7apS8LU,4630638.0
Coppa Italia,1/64 FINALE,2025-08-09,Ternana,1103,Orellana M.,808155,nome,Titolare,30,,v7apS8LU,4630638.0
Coppa Italia,1/64 FINALE,2025-08-09,Ternana,1103,Ferrante A.,176023,nome,Titolare,27,,v7apS8LU,4630638.0
Coppa Italia,1/64 FINALE,2025-08-09,Ternana,1103,Bellavigna M.,1056291,nome,Panchina,39,,v7apS8LU,4630638.0
Coppa Italia,1/64 FINALE,2025-08-09,Ternana,1103,Biondini G.,937756,nome,Panchina,36,,v7apS8LU,4630638.0
Coppa Italia,1/64 FINALE,2025-08-09,Ternana,1103,Bruti T.,1249979,nome,Panchina,97,,v7apS8LU,4630638.0
Coppa Italia,1/64 FINALE,2025-08-09,Ternana,1103,Donnarumma A.,130485,nome,Panchina,15,,v7apS8LU,4630638.0
Coppa Italia,1/64 FINALE,2025-08-09,Ternana,1103,Franchi D.,606576,nome,Panchina,21,Portiere,v7apS8LU,4630638.0
Coppa Italia,1/64 FINALE,2025-08-09,Ternana,1103,Loiacono G.,331471,nome,Panchina,6,,v7apS8LU,4630638.0
Coppa Italia,1/64 FINALE,2025-08-09,Ternana,1103,Longoni M.,899675,nome,Panchina,29,,v7apS8LU,4630638.0
Coppa Italia,1/64 FINALE,2025-08-09,Ternana,1103,Turella M.,1071522,nome,Panchina,17,,v7apS8LU,4630638.0
DFB-Pokal,FINALE,2026-05-23,Bayern,27,Urbig J.,,,Titolare,40,Portiere,2VWWP3Cc,
DFB-Pokal,FINALE,2026-05-23,Bayern,27,Laimer K.,,,Titolare,27,,2VWWP3Cc,
DFB-Pokal,FINALE,2026-05-23,Bayern,27,Upamecano D.,,,Titolare,2,,2VWWP3Cc,
DFB-Pokal,FINALE,2026-05-23,Bayern,27,Tah J.,,,Titolare,4,,2VWWP3Cc,
DFB-Pokal,FINALE,2026-05-23,Bayern,27,Stanisic J.,,,Titolare,44,,2VWWP3Cc,
DFB-Pokal,FINALE,2026-05-23,Bayern,27,Kimmich J.,,,Titolare,6,Capitano,2VWWP3Cc,
DFB-Pokal,FINALE,2026-05-23,Bayern,27,Pavlovic A.,,,Titolare,45,,2VWWP3Cc,
DFB-Pokal,FINALE,2026-05-23,Bayern,27,Olise M.,,,Titolare,17,,2VWWP3Cc,
DFB-Pokal,FINALE,2026-05-23,Bayern,27,Musiala J.,,,Titolare,10,,2VWWP3Cc,
DFB-Pokal,FINALE,2026-05-23,Bayern,27,Diaz L.,,,Titolare,14,,2VWWP3Cc,
DFB-Pokal,FINALE,2026-05-23,Bayern,27,Kane H.,,,Titolare,9,,2VWWP3Cc,
DFB-Pokal,FINALE,2026-05-23,Bayern,27,Bischof T.,,,Panchina,20,,2VWWP3Cc,
DFB-Pokal,FINALE,2026-05-23,Bayern,27,Goretzka L.,,,Panchina,8,,2VWWP3Cc,
DFB-Pokal,FINALE,2026-05-23,Bayern,27,Guerreiro R.,,,Panchina,22,,2VWWP3Cc,
DFB-Pokal,FINALE,2026-05-23,Bayern,27,Ito H.,,,Panchina,21,,2VWWP3Cc,
DFB-Pokal,FINALE,2026-05-23,Bayern,27,Jackson N.,,,Panchina,11,,2VWWP3Cc,
DFB-Pokal,FINALE,2026-05-23,Bayern,27,Karl L.,,,Panchina,42,,2VWWP3Cc,
DFB-Pokal,FINALE,2026-05-23,Bayern,27,Kim Min-Jae,,,Panchina,3,,2VWWP3Cc,
DFB-Pokal,FINALE,2026-05-23,Bayern,27,Sapoko Ndiaye B.,,,Panchina,39,,2VWWP3Cc,
DFB-Pokal,FINALE,2026-05-23,Bayern,27,Ulreich S.,,,Panchina,26,Portiere,2VWWP3Cc,
DFB-Pokal,FINALE,2026-05-23,Stoccarda,79,Nubel A.,,,Titolare,33,Portiere,2VWWP3Cc,
DFB-Pokal,FINALE,2026-05-23,Stoccarda,79,Jaquez L.,,,Titolare,14,,2VWWP3Cc,
DFB-Pokal,FINALE,2026-05-23,Stoccarda,79,Chabot J.,,,Titolare,24,,2VWWP3Cc,
DFB-Pokal,FINALE,2026-05-23,Stoccarda,79,Hendriks R.,,,Titolare,3,,2VWWP3Cc,
DFB-Pokal,FINALE,2026-05-23,Stoccarda,79,Leweling J.,,,Titolare,18,,2VWWP3Cc,
DFB-Pokal,FINALE,2026-05-23,Stoccarda,79,Stiller A.,,,Titolare,6,,2VWWP3Cc,
DFB-Pokal,FINALE,2026-05-23,Stoccarda,79,Andres C.,,,Titolare,30,,2VWWP3Cc,
DFB-Pokal,FINALE,2026-05-23,Stoccarda,79,Mittelstadt M.,,,Titolare,7,,2VWWP3Cc,
DFB-Pokal,FINALE,2026-05-23,Stoccarda,79,Undav D.,,,Titolare,26,Capitano,2VWWP3Cc,
DFB-Pokal,FINALE,2026-05-23,Stoccarda,79,Fuhrich C.,,,Titolare,10,,2VWWP3Cc,
DFB-Pokal,FINALE,2026-05-23,Stoccarda,79,Demirovic E.,,,Titolare,9,,2VWWP3Cc,
DFB-Pokal,FINALE,2026-05-23,Stoccarda,79,Assignon L.,,,Panchina,22,,2VWWP3Cc,
DFB-Pokal,FINALE,2026-05-23,Stoccarda,79,Bouanani B.,,,Panchina,27,,2VWWP3Cc,
DFB-Pokal,FINALE,2026-05-23,Stoccarda,79,Bredlow F.,,,Panchina,1,Portiere,2VWWP3Cc,
DFB-Pokal,FINALE,2026-05-23,Stoccarda,79,El Khannouss B.,,,Panchina,11,,2VWWP3Cc,
DFB-Pokal,FINALE,2026-05-23,Stoccarda,79,Jeltsch F.,,,Panchina,29,,2VWWP3Cc,
DFB-Pokal,FINALE,2026-05-23,Stoccarda,79,Karazor A.,,,Panchina,16,,2VWWP3Cc,
DFB-Pokal,FINALE,2026-05-23,Stoccarda,79,Nartey N.,,,Panchina,28,,2VWWP3Cc,
DFB-Pokal,FINALE,2026-05-23,Stoccarda,79,Tomas T.,,,Panchina,8,,2VWWP3Cc,
DFB-Pokal,FINALE,2026-05-23,Stoccarda,79,Vagnoman J.,,,Panchina,4,,2VWWP3Cc,
DFB-Pokal,SEMI FINALI,2026-04-23,Stoccarda,79,Nubel A.,195778,nome,Titolare,33,Portiere,dAmVwZvJ,4830556.0
DFB-Pokal,SEMI FINALI,2026-04-23,Stoccarda,79,Hendriks R.,436064,nome,Titolare,3,,dAmVwZvJ,4830556.0
DFB-Pokal,SEMI FINALI,2026-04-23,Stoccarda,79,Chabot J.,303219,nome,Titolare,24,,dAmVwZvJ,4830556.0
DFB-Pokal,SEMI FINALI,2026-04-23,Stoccarda,79,Mittelstadt M.,282660,nome,Titolare,7,,dAmVwZvJ,4830556.0
DFB-Pokal,SEMI FINALI,2026-04-23,Stoccarda,79,Leweling J.,518505,nome,Titolare,18,,dAmVwZvJ,4830556.0
DFB-Pokal,SEMI FINALI,2026-04-23,Stoccarda,79,Karazor A.,232320,nome,Titolare,16,Capitano,dAmVwZvJ,4830556.0
DFB-Pokal,SEMI FINALI,2026-04-23,Stoccarda,79,Stiller A.,443710,nome,Titolare,6,,dAmVwZvJ,4830556.0
DFB-Pokal,SEMI FINALI,2026-04-23,Stoccarda,79,Fuhrich C.,272278,nome,Titolare,10,,dAmVwZvJ,4830556.0
DFB-Pokal,SEMI FINALI,2026-04-23,Stoccarda,79,Nartey N.,400546,nome,Titolare,28,,dAmVwZvJ,4830556.0
DFB-Pokal,SEMI FINALI,2026-04-23,Stoccarda,79,Demirovic E.,335457,nome,Titolare,9,,dAmVwZvJ,4830556.0
DFB-Pokal,SEMI FINALI,2026-04-23,Stoccarda,79,Undav D.,339314,nome,Titolare,26,,dAmVwZvJ,4830556.0
DFB-Pokal,SEMI FINALI,2026-04-23,Stoccarda,79,Andres C.,948279,nome,Panchina,30,,dAmVwZvJ,4830556.0
DFB-Pokal,SEMI FINALI,2026-04-23,Stoccarda,79,Assignon L.,711969,nome,Panchina,22,,dAmVwZvJ,4830556.0
DFB-Pokal,SEMI FINALI,2026-04-23,Stoccarda,79,Bouanani B.,707242,nome,Panchina,27,,dAmVwZvJ,4830556.0
DFB-Pokal,SEMI FINALI,2026-04-23,Stoccarda,79,Bredlow F.,187624,nome,Panchina,1,Portiere,dAmVwZvJ,4830556.0
DFB-Pokal,SEMI FINALI,2026-04-23,Stoccarda,79,El Khannouss B.,654982,nome,Panchina,11,,dAmVwZvJ,4830556.0
DFB-Pokal,SEMI FINALI,2026-04-23,Stoccarda,79,Jaquez L.,539798,nome,Panchina,14,,dAmVwZvJ,4830556.0
DFB-Pokal,SEMI FINALI,2026-04-23,Stoccarda,79,Tomas T.,616344,nome,Panchina,8,,dAmVwZvJ,4830556.0
DFB-Pokal,SEMI FINALI,2026-04-23,Stoccarda,79,Vagnoman J.,448258,nome,Panchina,4,,dAmVwZvJ,4830556.0
DFB-Pokal,SEMI FINALI,2026-04-23,Stoccarda,79,Zagadou D.,344598,nome,Panchina,23,,dAmVwZvJ,4830556.0
DFB-Pokal,SEMI FINALI,2026-04-23,Friburgo,60,Muller F.,284769,nome,Titolare,21,Portiere,dAmVwZvJ,4830556.0
DFB-Pokal,SEMI FINALI,2026-04-23,Friburgo,60,Treu P.,335993,nome,Titolare,29,,dAmVwZvJ,4830556.0
DFB-Pokal,SEMI FINALI,2026-04-23,Friburgo,60,Ginter M.,124502,nome,Titolare,28,,dAmVwZvJ,4830556.0
DFB-Pokal,SEMI FINALI,2026-04-23,Friburgo,60,Lienhart P.,225657,nome,Titolare,3,,dAmVwZvJ,4830556.0
DFB-Pokal,SEMI FINALI,2026-04-23,Friburgo,60,Makengo J.,815078,nome,Titolare,33,,dAmVwZvJ,4830556.0
DFB-Pokal,SEMI FINALI,2026-04-23,Friburgo,60,Eggestein M.,190284,nome,Titolare,8,,dAmVwZvJ,4830556.0
DFB-Pokal,SEMI FINALI,2026-04-23,Friburgo,60,Manzambi J.,927353,nome,Titolare,44,,dAmVwZvJ,4830556.0
DFB-Pokal,SEMI FINALI,2026-04-23,Friburgo,60,Beste J.,342967,eliminazione,Titolare,19,,dAmVwZvJ,4830556.0
DFB-Pokal,SEMI FINALI,2026-04-23,Friburgo,60,Suzuki Y.,668606,nome,Titolare,14,,dAmVwZvJ,4830556.0
DFB-Pokal,SEMI FINALI,2026-04-23,Friburgo,60,Grifo V.,185077,nome,Titolare,32,Capitano,dAmVwZvJ,4830556.0
DFB-Pokal,SEMI FINALI,2026-04-23,Friburgo,60,Matanovic I.,605268,nome,Titolare,31,,dAmVwZvJ,4830556.0
DFB-Pokal,SEMI FINALI,2026-04-23,Friburgo,60,Atubolu N.,526845,nome,Panchina,1,Portiere,dAmVwZvJ,4830556.0
DFB-Pokal,SEMI FINALI,2026-04-23,Friburgo,60,Gunter C.,93707,nome,Panchina,30,,dAmVwZvJ,4830556.0
DFB-Pokal,SEMI FINALI,2026-04-23,Friburgo,60,Höfler N.,55099,nome,Panchina,27,,dAmVwZvJ,4830556.0
DFB-Pokal,SEMI FINALI,2026-04-23,Friburgo,60,Holer L.,248999,nome,Panchina,9,,dAmVwZvJ,4830556.0
DFB-Pokal,SEMI FINALI,2026-04-23,Friburgo,60,Irie C.,1145064,nome,Panchina,22,,dAmVwZvJ,4830556.0
DFB-Pokal,SEMI FINALI,2026-04-23,Friburgo,60,Kubler L.,93604,nome,Panchina,17,,dAmVwZvJ,4830556.0
DFB-Pokal,SEMI FINALI,2026-04-23,Friburgo,60,Ogbus B.,863759,nome,Panchina,43,,dAmVwZvJ,4830556.0
DFB-Pokal,SEMI FINALI,2026-04-23,Friburgo,60,Philipp M.,143891,nome,Panchina,26,,dAmVwZvJ,4830556.0
DFB-Pokal,SEMI FINALI,2026-04-23,Friburgo,60,Scherhant D.,820957,nome,Panchina,7,,dAmVwZvJ,4830556.0
DFB-Pokal,SEMI FINALI,2026-04-22,Leverkusen,15,Flekken M.,125714,nome,Titolare,1,Portiere,l4zH1xXP,4830557.0
DFB-Pokal,SEMI FINALI,2026-04-22,Leverkusen,15,Quansah J.,632349,nome,Titolare,4,,l4zH1xXP,4830557.0
DFB-Pokal,SEMI FINALI,2026-04-22,Leverkusen,15,Andrich R.,159088,nome,Titolare,8,Capitano,l4zH1xXP,4830557.0
DFB-Pokal,SEMI FINALI,2026-04-22,Leverkusen,15,Tapsoba E.,564545,nome,Titolare,12,,l4zH1xXP,4830557.0
DFB-Pokal,SEMI FINALI,2026-04-22,Leverkusen,15,Lucas,221316,nome,Titolare,21,,l4zH1xXP,4830557.0
DFB-Pokal,SEMI FINALI,2026-04-22,Leverkusen,15,Palacios E.,401578,nome,Titolare,25,,l4zH1xXP,4830557.0
DFB-Pokal,SEMI FINALI,2026-04-22,Leverkusen,15,Garcia A.,261504,nome,Titolare,24,,l4zH1xXP,4830557.0
DFB-Pokal,SEMI FINALI,2026-04-22,Leverkusen,15,Grimaldo A.,193082,nome,Titolare,20,,l4zH1xXP,4830557.0
DFB-Pokal,SEMI FINALI,2026-04-22,Leverkusen,15,Maza I.,905011,nome,Titolare,30,,l4zH1xXP,4830557.0
DFB-Pokal,SEMI FINALI,2026-04-22,Leverkusen,15,Tella N.,340322,nome,Titolare,23,,l4zH1xXP,4830557.0
DFB-Pokal,SEMI FINALI,2026-04-22,Leverkusen,15,Schick P.,242086,nome,Titolare,14,,l4zH1xXP,4830557.0
DFB-Pokal,SEMI FINALI,2026-04-22,Leverkusen,15,Bade L.,730581,nome,Panchina,5,,l4zH1xXP,4830557.0
DFB-Pokal,SEMI FINALI,2026-04-22,Leverkusen,15,Ben Seghir E.,810895,nome,Panchina,17,,l4zH1xXP,4830557.0
DFB-Pokal,SEMI FINALI,2026-04-22,Leverkusen,15,Blaswich J.,81173,nome,Panchina,28,Portiere,l4zH1xXP,4830557.0
DFB-Pokal,SEMI FINALI,2026-04-22,Leverkusen,15,Culbreath M.,1058514,nome,Panchina,42,,l4zH1xXP,4830557.0
DFB-Pokal,SEMI FINALI,2026-04-22,Leverkusen,15,Fernandez E.,664708,nome,Panchina,6,,l4zH1xXP,4830557.0
DFB-Pokal,SEMI FINALI,2026-04-22,Leverkusen,15,Hofmann J.,7161,nome,Panchina,7,,l4zH1xXP,4830557.0
DFB-Pokal,SEMI FINALI,2026-04-22,Leverkusen,15,Oermann T.,696164,nome,Panchina,15,,l4zH1xXP,4830557.0
DFB-Pokal,SEMI FINALI,2026-04-22,Leverkusen,15,Poku E.,718303,nome,Panchina,19,,l4zH1xXP,4830557.0
DFB-Pokal,SEMI FINALI,2026-04-22,Leverkusen,15,Tillman M.,467437,nome,Panchina,10,,l4zH1xXP,4830557.0
DFB-Pokal,SEMI FINALI,2026-04-22,Bayern,27,Neuer M.,17259,nome,Titolare,1,Portiere,l4zH1xXP,4830557.0
DFB-Pokal,SEMI FINALI,2026-04-22,Bayern,27,Stanisic J.,483046,nome,Titolare,44,,l4zH1xXP,4830557.0
DFB-Pokal,SEMI FINALI,2026-04-22,Bayern,27,Upamecano D.,344695,nome,Titolare,2,,l4zH1xXP,4830557.0
DFB-Pokal,SEMI FINALI,2026-04-22,Bayern,27,Tah J.,196357,nome,Titolare,4,,l4zH1xXP,4830557.0
DFB-Pokal,SEMI FINALI,2026-04-22,Bayern,27,Laimer K.,223967,nome,Titolare,27,,l4zH1xXP,4830557.0
DFB-Pokal,SEMI FINALI,2026-04-22,Bayern,27,Kimmich J.,161056,nome,Titolare,6,,l4zH1xXP,4830557.0
DFB-Pokal,SEMI FINALI,2026-04-22,Bayern,27,Pavlovic A.,792380,nome,Titolare,45,,l4zH1xXP,4830557.0
DFB-Pokal,SEMI FINALI,2026-04-22,Bayern,27,Olise M.,566723,nome,Titolare,17,,l4zH1xXP,4830557.0
DFB-Pokal,SEMI FINALI,2026-04-22,Bayern,27,Musiala J.,580195,nome,Titolare,10,,l4zH1xXP,4830557.0
DFB-Pokal,SEMI FINALI,2026-04-22,Bayern,27,Diaz L.,480692,nome,Titolare,14,,l4zH1xXP,4830557.0
DFB-Pokal,SEMI FINALI,2026-04-22,Bayern,27,Kane H.,132098,nome,Titolare,9,,l4zH1xXP,4830557.0
DFB-Pokal,SEMI FINALI,2026-04-22,Bayern,27,Davies A.,424204,nome,Panchina,19,,l4zH1xXP,4830557.0
DFB-Pokal,SEMI FINALI,2026-04-22,Bayern,27,Goretzka L.,153084,nome,Panchina,8,,l4zH1xXP,4830557.0
DFB-Pokal,SEMI FINALI,2026-04-22,Bayern,27,Guerreiro R.,170986,nome,Panchina,22,,l4zH1xXP,4830557.0
DFB-Pokal,SEMI FINALI,2026-04-22,Bayern,27,Ito H.,353892,nome,Panchina,21,,l4zH1xXP,4830557.0
DFB-Pokal,SEMI FINALI,2026-04-22,Bayern,27,Jackson N.,776890,nome,Panchina,11,,l4zH1xXP,4830557.0
DFB-Pokal,SEMI FINALI,2026-04-22,Bayern,27,Kim Min-Jae,503482,nome,Panchina,3,,l4zH1xXP,4830557.0
DFB-Pokal,SEMI FINALI,2026-04-22,Bayern,27,Ofli D.,1081907,nome,Panchina,34,,l4zH1xXP,4830557.0
DFB-Pokal,SEMI FINALI,2026-04-22,Bayern,27,Sapoko Ndiaye B.,1497653,nome,Panchina,39,,l4zH1xXP,4830557.0
DFB-Pokal,SEMI FINALI,2026-04-22,Bayern,27,Urbig J.,607720,nome,Panchina,40,Portiere,l4zH1xXP,4830557.0
DFB-Pokal,QUARTI DI FINALE,2026-02-11,Bayern,27,Neuer M.,17259,nome,Titolare,1,Portiere,f3czdX2n,4782524.0
DFB-Pokal,QUARTI DI FINALE,2026-02-11,Bayern,27,Stanisic J.,483046,nome,Titolare,44,,f3czdX2n,4782524.0
DFB-Pokal,QUARTI DI FINALE,2026-02-11,Bayern,27,Upamecano D.,344695,nome,Titolare,2,,f3czdX2n,4782524.0
DFB-Pokal,QUARTI DI FINALE,2026-02-11,Bayern,27,Tah J.,196357,nome,Titolare,4,,f3czdX2n,4782524.0
DFB-Pokal,QUARTI DI FINALE,2026-02-11,Bayern,27,Davies A.,424204,nome,Titolare,19,,f3czdX2n,4782524.0
DFB-Pokal,QUARTI DI FINALE,2026-02-11,Bayern,27,Kimmich J.,161056,nome,Titolare,6,,f3czdX2n,4782524.0
DFB-Pokal,QUARTI DI FINALE,2026-02-11,Bayern,27,Pavlovic A.,792380,nome,Titolare,45,,f3czdX2n,4782524.0
DFB-Pokal,QUARTI DI FINALE,2026-02-11,Bayern,27,Olise M.,566723,nome,Titolare,17,,f3czdX2n,4782524.0
DFB-Pokal,QUARTI DI FINALE,2026-02-11,Bayern,27,Gnabry S.,159471,nome,Titolare,7,,f3czdX2n,4782524.0
DFB-Pokal,QUARTI DI FINALE,2026-02-11,Bayern,27,Diaz L.,480692,nome,Titolare,14,,f3czdX2n,4782524.0
DFB-Pokal,QUARTI DI FINALE,2026-02-11,Bayern,27,Kane H.,132098,nome,Titolare,9,,f3czdX2n,4782524.0
DFB-Pokal,QUARTI DI FINALE,2026-02-11,Bayern,27,Bischof T.,822959,nome,Panchina,20,,f3czdX2n,4782524.0
DFB-Pokal,QUARTI DI FINALE,2026-02-11,Bayern,27,Goretzka L.,153084,nome,Panchina,8,,f3czdX2n,4782524.0
DFB-Pokal,QUARTI DI FINALE,2026-02-11,Bayern,27,Guerreiro R.,170986,nome,Panchina,22,,f3czdX2n,4782524.0
DFB-Pokal,QUARTI DI FINALE,2026-02-11,Bayern,27,Ito H.,353892,nome,Panchina,21,,f3czdX2n,4782524.0
DFB-Pokal,QUARTI DI FINALE,2026-02-11,Bayern,27,Karl L.,1075147,nome,Panchina,42,,f3czdX2n,4782524.0
DFB-Pokal,QUARTI DI FINALE,2026-02-11,Bayern,27,Kim Min-Jae,503482,nome,Panchina,3,,f3czdX2n,4782524.0
DFB-Pokal,QUARTI DI FINALE,2026-02-11,Bayern,27,Laimer K.,223967,nome,Panchina,27,,f3czdX2n,4782524.0
DFB-Pokal,QUARTI DI FINALE,2026-02-11,Bayern,27,Musiala J.,580195,nome,Panchina,10,,f3czdX2n,4782524.0
DFB-Pokal,QUARTI DI FINALE,2026-02-11,Bayern,27,Urbig J.,607720,nome,Panchina,40,Portiere,f3czdX2n,4782524.0
DFB-Pokal,QUARTI DI FINALE,2026-02-11,RB Lipsia,23826,Vandevoordt M.,486046,nome,Titolare,26,Portiere,f3czdX2n,4782524.0
DFB-Pokal,QUARTI DI FINALE,2026-02-11,RB Lipsia,23826,Baku R.,327251,nome,Titolare,17,,f3czdX2n,4782524.0
DFB-Pokal,QUARTI DI FINALE,2026-02-11,RB Lipsia,23826,Orban W.,93740,nome,Titolare,4,,f3czdX2n,4782524.0
DFB-Pokal,QUARTI DI FINALE,2026-02-11,RB Lipsia,23826,Lukeba C.,618472,nome,Titolare,23,,f3czdX2n,4782524.0
DFB-Pokal,QUARTI DI FINALE,2026-02-11,RB Lipsia,23826,Raum D.,318204,nome,Titolare,22,Capitano,f3czdX2n,4782524.0
DFB-Pokal,QUARTI DI FINALE,2026-02-11,RB Lipsia,23826,Schlager X.,223979,nome,Titolare,24,,f3czdX2n,4782524.0
DFB-Pokal,QUARTI DI FINALE,2026-02-11,RB Lipsia,23826,Seiwald N.,404950,nome,Titolare,13,,f3czdX2n,4782524.0
DFB-Pokal,QUARTI DI FINALE,2026-02-11,RB Lipsia,23826,Baumgartner C.,324278,nome,Titolare,14,,f3czdX2n,4782524.0
DFB-Pokal,QUARTI DI FINALE,2026-02-11,RB Lipsia,23826,Diomande Y.,1390649,nome,Titolare,49,,f3czdX2n,4782524.0
DFB-Pokal,QUARTI DI FINALE,2026-02-11,RB Lipsia,23826,Romulo Cardoso,957874,nome,Titolare,40,,f3czdX2n,4782524.0
DFB-Pokal,QUARTI DI FINALE,2026-02-11,RB Lipsia,23826,Nusa A.,894914,nome,Titolare,7,,f3czdX2n,4782524.0
DFB-Pokal,QUARTI DI FINALE,2026-02-11,RB Lipsia,23826,Bakayoko J.,565424,nome,Panchina,9,,f3czdX2n,4782524.0
DFB-Pokal,QUARTI DI FINALE,2026-02-11,RB Lipsia,23826,Banzuzi E.,865682,nome,Panchina,6,,f3czdX2n,4782524.0
DFB-Pokal,QUARTI DI FINALE,2026-02-11,RB Lipsia,23826,Bitshiabu E.,787912,nome,Panchina,5,,f3czdX2n,4782524.0
DFB-Pokal,QUARTI DI FINALE,2026-02-11,RB Lipsia,23826,Finkgrafe M.,810649,nome,Panchina,35,,f3czdX2n,4782524.0
DFB-Pokal,QUARTI DI FINALE,2026-02-11,RB Lipsia,23826,Gomis T.,955448,nome,Panchina,27,,f3czdX2n,4782524.0
DFB-Pokal,QUARTI DI FINALE,2026-02-11,RB Lipsia,23826,Gruda B.,700106,nome,Panchina,10,,f3czdX2n,4782524.0
DFB-Pokal,QUARTI DI FINALE,2026-02-11,RB Lipsia,23826,Gulacsi P.,57071,nome,Panchina,1,Portiere,f3czdX2n,4782524.0
DFB-Pokal,QUARTI DI FINALE,2026-02-11,RB Lipsia,23826,Harder C.,807386,nome,Panchina,11,,f3czdX2n,4782524.0
DFB-Pokal,QUARTI DI FINALE,2026-02-11,RB Lipsia,23826,Henrichs B.,202591,nome,Panchina,39,,f3czdX2n,4782524.0
DFB-Pokal,QUARTI DI FINALE,2026-02-10,Hertha,44,Ernst T.,553282,nome,Titolare,1,Portiere,GIoqfBXb,4782523.0
DFB-Pokal,QUARTI DI FINALE,2026-02-10,Hertha,44,Gechter L.,692734,nome,Titolare,44,,GIoqfBXb,4782523.0
DFB-Pokal,QUARTI DI FINALE,2026-02-10,Hertha,44,Leistner T.,86916,nome,Titolare,37,,GIoqfBXb,4782523.0
DFB-Pokal,QUARTI DI FINALE,2026-02-10,Hertha,44,Dardai M.,432281,nome,Titolare,31,,GIoqfBXb,4782523.0
DFB-Pokal,QUARTI DI FINALE,2026-02-10,Hertha,44,Eitschberger J.,706617,nome,Titolare,2,,GIoqfBXb,4782523.0
DFB-Pokal,QUARTI DI FINALE,2026-02-10,Hertha,44,Cuisance M.,344600,nome,Titolare,10,,GIoqfBXb,4782523.0
DFB-Pokal,QUARTI DI FINALE,2026-02-10,Hertha,44,Seguin P.,183780,nome,Titolare,30,,GIoqfBXb,4782523.0
DFB-Pokal,QUARTI DI FINALE,2026-02-10,Hertha,44,Karbownik M.,401604,nome,Titolare,33,,GIoqfBXb,4782523.0
DFB-Pokal,QUARTI DI FINALE,2026-02-10,Hertha,44,Reese F.,227102,nome,Titolare,11,Capitano,GIoqfBXb,4782523.0
DFB-Pokal,QUARTI DI FINALE,2026-02-10,Hertha,44,Winkler M.,574569,nome,Titolare,22,,GIoqfBXb,4782523.0
DFB-Pokal,QUARTI DI FINALE,2026-02-10,Hertha,44,Kownacki D.,208167,nome,Titolare,9,,GIoqfBXb,4782523.0
DFB-Pokal,QUARTI DI FINALE,2026-02-10,Hertha,44,Brekalo J.,293169,nome,Panchina,7,,GIoqfBXb,4782523.0
DFB-Pokal,QUARTI DI FINALE,2026-02-10,Hertha,44,Brooks J.,124732,nome,Panchina,25,,GIoqfBXb,4782523.0
DFB-Pokal,QUARTI DI FINALE,2026-02-10,Hertha,44,Dudziak J.,147359,nome,Panchina,28,,GIoqfBXb,4782523.0
DFB-Pokal,QUARTI DI FINALE,2026-02-10,Hertha,44,Gersbeck M.,196382,nome,Panchina,35,Portiere,GIoqfBXb,4782523.0
DFB-Pokal,QUARTI DI FINALE,2026-02-10,Hertha,44,Gronning S.,439456,nome,Panchina,17,,GIoqfBXb,4782523.0
DFB-Pokal,QUARTI DI FINALE,2026-02-10,Hertha,44,Jensen L.,273904,nome,Panchina,5,,GIoqfBXb,4782523.0
DFB-Pokal,QUARTI DI FINALE,2026-02-10,Hertha,44,Klemens P.,820261,nome,Panchina,41,,GIoqfBXb,4782523.0
DFB-Pokal,QUARTI DI FINALE,2026-02-10,Hertha,44,Schuler L.,388029,nome,Panchina,18,,GIoqfBXb,4782523.0
DFB-Pokal,QUARTI DI FINALE,2026-02-10,Hertha,44,Sessa K.,448028,nome,Panchina,8,,GIoqfBXb,4782523.0
DFB-Pokal,QUARTI DI FINALE,2026-02-10,Friburgo,60,Muller F.,284769,nome,Titolare,21,Portiere,GIoqfBXb,4782523.0
DFB-Pokal,QUARTI DI FINALE,2026-02-10,Friburgo,60,Treu P.,335993,nome,Titolare,29,,GIoqfBXb,4782523.0
DFB-Pokal,QUARTI DI FINALE,2026-02-10,Friburgo,60,Ginter M.,124502,nome,Titolare,28,,GIoqfBXb,4782523.0
DFB-Pokal,QUARTI DI FINALE,2026-02-10,Friburgo,60,Rosenfelder M.,599419,nome,Titolare,37,,GIoqfBXb,4782523.0
DFB-Pokal,QUARTI DI FINALE,2026-02-10,Friburgo,60,Makengo J.,815078,nome,Titolare,33,,GIoqfBXb,4782523.0
DFB-Pokal,QUARTI DI FINALE,2026-02-10,Friburgo,60,Eggestein M.,190284,nome,Titolare,8,Capitano,GIoqfBXb,4782523.0
DFB-Pokal,QUARTI DI FINALE,2026-02-10,Friburgo,60,Osterhage P.,443331,nome,Titolare,6,,GIoqfBXb,4782523.0
DFB-Pokal,QUARTI DI FINALE,2026-02-10,Friburgo,60,Beste J.,342967,eliminazione,Titolare,19,,GIoqfBXb,4782523.0
DFB-Pokal,QUARTI DI FINALE,2026-02-10,Friburgo,60,Suzuki Y.,668606,nome,Titolare,14,,GIoqfBXb,4782523.0
DFB-Pokal,QUARTI DI FINALE,2026-02-10,Friburgo,60,Scherhant D.,820957,nome,Titolare,7,,GIoqfBXb,4782523.0
DFB-Pokal,QUARTI DI FINALE,2026-02-10,Friburgo,60,Matanovic I.,605268,nome,Titolare,31,,GIoqfBXb,4782523.0
DFB-Pokal,QUARTI DI FINALE,2026-02-10,Friburgo,60,Atubolu N.,526845,nome,Panchina,1,Portiere,GIoqfBXb,4782523.0
DFB-Pokal,QUARTI DI FINALE,2026-02-10,Friburgo,60,Grifo V.,185077,nome,Panchina,32,,GIoqfBXb,4782523.0
DFB-Pokal,QUARTI DI FINALE,2026-02-10,Friburgo,60,Gunter C.,93707,nome,Panchina,30,,GIoqfBXb,4782523.0
DFB-Pokal,QUARTI DI FINALE,2026-02-10,Friburgo,60,Höfler N.,55099,nome,Panchina,27,,GIoqfBXb,4782523.0
DFB-Pokal,QUARTI DI FINALE,2026-02-10,Friburgo,60,Holer L.,248999,nome,Panchina,9,,GIoqfBXb,4782523.0
DFB-Pokal,QUARTI DI FINALE,2026-02-10,Friburgo,60,Irie C.,1145064,nome,Panchina,22,,GIoqfBXb,4782523.0
DFB-Pokal,QUARTI DI FINALE,2026-02-10,Friburgo,60,Jung A.,58995,nome,Panchina,5,,GIoqfBXb,4782523.0
DFB-Pokal,QUARTI DI FINALE,2026-02-10,Friburgo,60,Manzambi J.,927353,nome,Panchina,44,,GIoqfBXb,4782523.0
DFB-Pokal,QUARTI DI FINALE,2026-02-10,Friburgo,60,Ogbus B.,863759,nome,Panchina,43,,GIoqfBXb,4782523.0
DFB-Pokal,QUARTI DI FINALE,2026-02-04,Kiel,269,Weiner T.,296428,nome,Titolare,1,Portiere,2Zqihk2B,4782525.0
DFB-Pokal,QUARTI DI FINALE,2026-02-04,Kiel,269,Nekic I.,464333,nome,Titolare,13,,2Zqihk2B,4782525.0
DFB-Pokal,QUARTI DI FINALE,2026-02-04,Kiel,269,Zec D.,469709,nome,Titolare,26,,2Zqihk2B,4782525.0
DFB-Pokal,QUARTI DI FINALE,2026-02-04,Kiel,269,Ivezic M.,706024,nome,Titolare,6,,2Zqihk2B,4782525.0
DFB-Pokal,QUARTI DI FINALE,2026-02-04,Kiel,269,Tolkin J.,683812,nome,Titolare,47,,2Zqihk2B,4782525.0
DFB-Pokal,QUARTI DI FINALE,2026-02-04,Kiel,269,Tohumcu U.,569031,nome,Titolare,8,,2Zqihk2B,4782525.0
DFB-Pokal,QUARTI DI FINALE,2026-02-04,Kiel,269,Meffert J.,107574,nome,Titolare,28,,2Zqihk2B,4782525.0
DFB-Pokal,QUARTI DI FINALE,2026-02-04,Kiel,269,Davidsen K.,802513,nome,Titolare,15,,2Zqihk2B,4782525.0
DFB-Pokal,QUARTI DI FINALE,2026-02-04,Kiel,269,Kelati A.,719694,nome,Titolare,16,,2Zqihk2B,4782525.0
DFB-Pokal,QUARTI DI FINALE,2026-02-04,Kiel,269,Kapralik A.,546822,nome,Titolare,20,,2Zqihk2B,4782525.0
DFB-Pokal,QUARTI DI FINALE,2026-02-04,Kiel,269,Harres P.,606119,nome,Titolare,19,,2Zqihk2B,4782525.0
DFB-Pokal,QUARTI DI FINALE,2026-02-04,Kiel,269,Jakupovic A.,991740,nome,Panchina,18,,2Zqihk2B,4782525.0
DFB-Pokal,QUARTI DI FINALE,2026-02-04,Kiel,269,Krumrey J.,531637,nome,Panchina,21,Portiere,2Zqihk2B,4782525.0
DFB-Pokal,QUARTI DI FINALE,2026-02-04,Kiel,269,Muller M.,698523,nome,Panchina,25,,2Zqihk2B,4782525.0
DFB-Pokal,QUARTI DI FINALE,2026-02-04,Kiel,269,Niehoff N.,806073,nome,Panchina,29,,2Zqihk2B,4782525.0
DFB-Pokal,QUARTI DI FINALE,2026-02-04,Kiel,269,Parduzi L.,1045850,nome,Panchina,40,,2Zqihk2B,4782525.0
DFB-Pokal,QUARTI DI FINALE,2026-02-04,Kiel,269,Rosenboom L.,512352,nome,Panchina,23,,2Zqihk2B,4782525.0
DFB-Pokal,QUARTI DI FINALE,2026-02-04,Kiel,269,Roslyng F.,1051739,nome,Panchina,2,,2Zqihk2B,4782525.0
DFB-Pokal,QUARTI DI FINALE,2026-02-04,Kiel,269,Schwab S.,79612,nome,Panchina,22,,2Zqihk2B,4782525.0
DFB-Pokal,QUARTI DI FINALE,2026-02-04,Kiel,269,Therkelsen J.,1027770,nome,Panchina,10,,2Zqihk2B,4782525.0
DFB-Pokal,QUARTI DI FINALE,2026-02-04,Stoccarda,79,Nubel A.,195778,nome,Titolare,33,Portiere,2Zqihk2B,4782525.0
DFB-Pokal,QUARTI DI FINALE,2026-02-04,Stoccarda,79,Vagnoman J.,448258,nome,Titolare,4,,2Zqihk2B,4782525.0
DFB-Pokal,QUARTI DI FINALE,2026-02-04,Stoccarda,79,Hendriks R.,436064,nome,Titolare,3,,2Zqihk2B,4782525.0
DFB-Pokal,QUARTI DI FINALE,2026-02-04,Stoccarda,79,Chabot J.,303219,nome,Titolare,24,,2Zqihk2B,4782525.0
DFB-Pokal,QUARTI DI FINALE,2026-02-04,Stoccarda,79,Mittelstadt M.,282660,nome,Titolare,7,,2Zqihk2B,4782525.0
DFB-Pokal,QUARTI DI FINALE,2026-02-04,Stoccarda,79,Karazor A.,232320,nome,Titolare,16,Capitano,2Zqihk2B,4782525.0
DFB-Pokal,QUARTI DI FINALE,2026-02-04,Stoccarda,79,Stiller A.,443710,nome,Titolare,6,,2Zqihk2B,4782525.0
DFB-Pokal,QUARTI DI FINALE,2026-02-04,Stoccarda,79,Leweling J.,518505,nome,Titolare,18,,2Zqihk2B,4782525.0
DFB-Pokal,QUARTI DI FINALE,2026-02-04,Stoccarda,79,El Khannouss B.,654982,nome,Titolare,11,,2Zqihk2B,4782525.0
DFB-Pokal,QUARTI DI FINALE,2026-02-04,Stoccarda,79,Fuhrich C.,272278,nome,Titolare,10,,2Zqihk2B,4782525.0
DFB-Pokal,QUARTI DI FINALE,2026-02-04,Stoccarda,79,Undav D.,339314,nome,Titolare,26,,2Zqihk2B,4782525.0
DFB-Pokal,QUARTI DI FINALE,2026-02-04,Stoccarda,79,Al Dakhil A.,620598,nome,Panchina,2,,2Zqihk2B,4782525.0
DFB-Pokal,QUARTI DI FINALE,2026-02-04,Stoccarda,79,Andres C.,948279,nome,Panchina,30,,2Zqihk2B,4782525.0
DFB-Pokal,QUARTI DI FINALE,2026-02-04,Stoccarda,79,Arevalo J.,971663,nome,Panchina,25,,2Zqihk2B,4782525.0
DFB-Pokal,QUARTI DI FINALE,2026-02-04,Stoccarda,79,Assignon L.,711969,nome,Panchina,22,,2Zqihk2B,4782525.0
DFB-Pokal,QUARTI DI FINALE,2026-02-04,Stoccarda,79,Bouanani B.,707242,nome,Panchina,27,,2Zqihk2B,4782525.0
DFB-Pokal,QUARTI DI FINALE,2026-02-04,Stoccarda,79,Bredlow F.,187624,nome,Panchina,1,Portiere,2Zqihk2B,4782525.0
DFB-Pokal,QUARTI DI FINALE,2026-02-04,Stoccarda,79,Demirovic E.,335457,nome,Panchina,9,,2Zqihk2B,4782525.0
DFB-Pokal,QUARTI DI FINALE,2026-02-04,Stoccarda,79,Jeltsch F.,924117,nome,Panchina,29,,2Zqihk2B,4782525.0
DFB-Pokal,QUARTI DI FINALE,2026-02-04,Stoccarda,79,Stenzel P.,195246,nome,Panchina,15,,2Zqihk2B,4782525.0
DFB-Pokal,QUARTI DI FINALE,2026-02-03,Leverkusen,15,Blaswich J.,81173,nome,Titolare,28,Portiere,b1w0jTWN,4782526.0
DFB-Pokal,QUARTI DI FINALE,2026-02-03,Leverkusen,15,Quansah J.,632349,nome,Titolare,4,,b1w0jTWN,4782526.0
DFB-Pokal,QUARTI DI FINALE,2026-02-03,Leverkusen,15,Andrich R.,159088,nome,Titolare,8,Capitano,b1w0jTWN,4782526.0
DFB-Pokal,QUARTI DI FINALE,2026-02-03,Leverkusen,15,Tapsoba E.,564545,nome,Titolare,12,,b1w0jTWN,4782526.0
DFB-Pokal,QUARTI DI FINALE,2026-02-03,Leverkusen,15,Lucas,221316,nome,Titolare,21,,b1w0jTWN,4782526.0
DFB-Pokal,QUARTI DI FINALE,2026-02-03,Leverkusen,15,Palacios E.,401578,nome,Titolare,25,,b1w0jTWN,4782526.0
DFB-Pokal,QUARTI DI FINALE,2026-02-03,Leverkusen,15,Garcia A.,261504,nome,Titolare,24,,b1w0jTWN,4782526.0
DFB-Pokal,QUARTI DI FINALE,2026-02-03,Leverkusen,15,Grimaldo A.,193082,nome,Titolare,20,,b1w0jTWN,4782526.0
DFB-Pokal,QUARTI DI FINALE,2026-02-03,Leverkusen,15,Tillman M.,467437,nome,Titolare,10,,b1w0jTWN,4782526.0
DFB-Pokal,QUARTI DI FINALE,2026-02-03,Leverkusen,15,Terrier M.,442891,nome,Titolare,11,,b1w0jTWN,4782526.0
DFB-Pokal,QUARTI DI FINALE,2026-02-03,Leverkusen,15,Schick P.,242086,nome,Titolare,14,,b1w0jTWN,4782526.0
DFB-Pokal,QUARTI DI FINALE,2026-02-03,Leverkusen,15,Arthur,977464,nome,Panchina,13,,b1w0jTWN,4782526.0
DFB-Pokal,QUARTI DI FINALE,2026-02-03,Leverkusen,15,Bade L.,730581,nome,Panchina,5,,b1w0jTWN,4782526.0
DFB-Pokal,QUARTI DI FINALE,2026-02-03,Leverkusen,15,Culbreath M.,1058514,nome,Panchina,42,,b1w0jTWN,4782526.0
DFB-Pokal,QUARTI DI FINALE,2026-02-03,Leverkusen,15,Fernandez E.,664708,nome,Panchina,6,,b1w0jTWN,4782526.0
DFB-Pokal,QUARTI DI FINALE,2026-02-03,Leverkusen,15,Hofmann J.,7161,nome,Panchina,7,,b1w0jTWN,4782526.0
DFB-Pokal,QUARTI DI FINALE,2026-02-03,Leverkusen,15,Kofane C.,1364454,nome,Panchina,35,,b1w0jTWN,4782526.0
DFB-Pokal,QUARTI DI FINALE,2026-02-03,Leverkusen,15,Omlin J.,247915,nome,Panchina,18,Portiere,b1w0jTWN,4782526.0
DFB-Pokal,QUARTI DI FINALE,2026-02-03,Leverkusen,15,Poku E.,718303,nome,Panchina,19,,b1w0jTWN,4782526.0
DFB-Pokal,QUARTI DI FINALE,2026-02-03,Leverkusen,15,Tape A.,1077670,nome,Panchina,16,,b1w0jTWN,4782526.0
DFB-Pokal,QUARTI DI FINALE,2026-02-03,St. Pauli,35,Voll B. A.,453742,eliminazione,Titolare,1,Portiere,b1w0jTWN,4782526.0
DFB-Pokal,QUARTI DI FINALE,2026-02-03,St. Pauli,35,Ando T.,610795,nome,Titolare,15,,b1w0jTWN,4782526.0
DFB-Pokal,QUARTI DI FINALE,2026-02-03,St. Pauli,35,Sands J.,393321,nome,Titolare,6,,b1w0jTWN,4782526.0
DFB-Pokal,QUARTI DI FINALE,2026-02-03,St. Pauli,35,Mets K.,139304,nome,Titolare,3,Capitano,b1w0jTWN,4782526.0
DFB-Pokal,QUARTI DI FINALE,2026-02-03,St. Pauli,35,Pyrka A.,599733,nome,Titolare,11,,b1w0jTWN,4782526.0
DFB-Pokal,QUARTI DI FINALE,2026-02-03,St. Pauli,35,Rasmussen M.,268327,nome,Titolare,20,,b1w0jTWN,4782526.0
DFB-Pokal,QUARTI DI FINALE,2026-02-03,St. Pauli,35,Fujita J.,697277,nome,Titolare,16,,b1w0jTWN,4782526.0
DFB-Pokal,QUARTI DI FINALE,2026-02-03,St. Pauli,35,Oppie L.,605265,nome,Titolare,23,,b1w0jTWN,4782526.0
DFB-Pokal,QUARTI DI FINALE,2026-02-03,St. Pauli,35,Sinani D.,346499,nome,Titolare,10,,b1w0jTWN,4782526.0
DFB-Pokal,QUARTI DI FINALE,2026-02-03,St. Pauli,35,Pereira Lage M.,424072,nome,Titolare,28,,b1w0jTWN,4782526.0
DFB-Pokal,QUARTI DI FINALE,2026-02-03,St. Pauli,35,Kaars M.,377729,nome,Titolare,19,,b1w0jTWN,4782526.0
DFB-Pokal,QUARTI DI FINALE,2026-02-03,St. Pauli,35,Ceesay A.,1280281,nome,Panchina,9,,b1w0jTWN,4782526.0
DFB-Pokal,QUARTI DI FINALE,2026-02-03,St. Pauli,35,Dzwigala A.,236966,nome,Panchina,25,,b1w0jTWN,4782526.0
DFB-Pokal,QUARTI DI FINALE,2026-02-03,St. Pauli,35,Hara T.,495752,nome,Panchina,18,,b1w0jTWN,4782526.0
DFB-Pokal,QUARTI DI FINALE,2026-02-03,St. Pauli,35,Irvine J.,192557,nome,Panchina,7,,b1w0jTWN,4782526.0
DFB-Pokal,QUARTI DI FINALE,2026-02-03,St. Pauli,35,Jones R.J.,677935,nome,Panchina,26,,b1w0jTWN,4782526.0
DFB-Pokal,QUARTI DI FINALE,2026-02-03,St. Pauli,35,Ritzka L.,333903,nome,Panchina,21,,b1w0jTWN,4782526.0
DFB-Pokal,QUARTI DI FINALE,2026-02-03,St. Pauli,35,Robatsch J.,909860,nome,Panchina,34,,b1w0jTWN,4782526.0
DFB-Pokal,QUARTI DI FINALE,2026-02-03,St. Pauli,35,Saliakas M.,242661,nome,Panchina,2,,b1w0jTWN,4782526.0
DFB-Pokal,QUARTI DI FINALE,2026-02-03,St. Pauli,35,Vasilj N.,248454,nome,Panchina,22,Portiere,b1w0jTWN,4782526.0
DFB-Pokal,1/8 FINALE,2025-12-03,Amburgo,41,Peretz D.,468539,nome,Titolare,26,Portiere,pA5nAoI8,4761587.0
DFB-Pokal,1/8 FINALE,2025-12-03,Amburgo,41,Ramos G.,340521,nome,Titolare,13,,pA5nAoI8,4761587.0
DFB-Pokal,1/8 FINALE,2025-12-03,Amburgo,41,Vuskovic L.,892160,nome,Titolare,44,,pA5nAoI8,4761587.0
DFB-Pokal,1/8 FINALE,2025-12-03,Amburgo,41,Torunarigha J.,227110,nome,Titolare,25,,pA5nAoI8,4761587.0
DFB-Pokal,1/8 FINALE,2025-12-03,Amburgo,41,Gocholeishvili G.,540056,nome,Titolare,16,,pA5nAoI8,4761587.0
DFB-Pokal,1/8 FINALE,2025-12-03,Amburgo,41,Vieira F.,537598,nome,Titolare,20,,pA5nAoI8,4761587.0
DFB-Pokal,1/8 FINALE,2025-12-03,Amburgo,41,Remberg N.,592534,nome,Titolare,21,,pA5nAoI8,4761587.0
DFB-Pokal,1/8 FINALE,2025-12-03,Amburgo,41,Muheim M.,298603,nome,Titolare,28,Capitano,pA5nAoI8,4761587.0
DFB-Pokal,1/8 FINALE,2025-12-03,Amburgo,41,Philippe R.,694507,nome,Titolare,14,,pA5nAoI8,4761587.0
DFB-Pokal,1/8 FINALE,2025-12-03,Amburgo,41,Konigsdorffer R.,470038,nome,Titolare,11,,pA5nAoI8,4761587.0
DFB-Pokal,1/8 FINALE,2025-12-03,Amburgo,41,Rossing-Lelesiit A.,1213681,nome,Titolare,38,,pA5nAoI8,4761587.0
DFB-Pokal,1/8 FINALE,2025-12-03,Amburgo,41,Balde F.,910541,nome,Panchina,45,,pA5nAoI8,4761587.0
DFB-Pokal,1/8 FINALE,2025-12-03,Amburgo,41,Dompe J.,291222,nome,Panchina,7,,pA5nAoI8,4761587.0
DFB-Pokal,1/8 FINALE,2025-12-03,Amburgo,41,Heuer Fernandes D.,84993,nome,Panchina,1,Portiere,pA5nAoI8,4761587.0
DFB-Pokal,1/8 FINALE,2025-12-03,Amburgo,41,Jatta B.,415194,nome,Panchina,18,,pA5nAoI8,4761587.0
DFB-Pokal,1/8 FINALE,2025-12-03,Amburgo,41,Meffert J.,107574,nome,Panchina,23,,pA5nAoI8,4761587.0
DFB-Pokal,1/8 FINALE,2025-12-03,Amburgo,41,Mikelbrencis W.,743500,nome,Panchina,2,,pA5nAoI8,4761587.0
DFB-Pokal,1/8 FINALE,2025-12-03,Amburgo,41,Nandja S.,1125079,nome,Panchina,43,,pA5nAoI8,4761587.0
DFB-Pokal,1/8 FINALE,2025-12-03,Amburgo,41,Sahiti E.,403177,nome,Panchina,29,,pA5nAoI8,4761587.0
DFB-Pokal,1/8 FINALE,2025-12-03,Amburgo,41,Soumahoro A.,1052420,nome,Panchina,22,,pA5nAoI8,4761587.0
DFB-Pokal,1/8 FINALE,2025-12-03,Kiel,269,Weiner T.,296428,nome,Titolare,1,Portiere,pA5nAoI8,4761587.0
DFB-Pokal,1/8 FINALE,2025-12-03,Kiel,269,Rosenboom L.,512352,nome,Titolare,23,,pA5nAoI8,4761587.0
DFB-Pokal,1/8 FINALE,2025-12-03,Kiel,269,Ivezic M.,706024,nome,Titolare,6,,pA5nAoI8,4761587.0
DFB-Pokal,1/8 FINALE,2025-12-03,Kiel,269,Zec D.,469709,nome,Titolare,26,,pA5nAoI8,4761587.0
DFB-Pokal,1/8 FINALE,2025-12-03,Kiel,269,Komenda M.,335631,nome,Titolare,3,Capitano,pA5nAoI8,4761587.0
DFB-Pokal,1/8 FINALE,2025-12-03,Kiel,269,Tolkin J.,683812,nome,Titolare,47,,pA5nAoI8,4761587.0
DFB-Pokal,1/8 FINALE,2025-12-03,Kiel,269,Knudsen M.,651735,nome,Titolare,24,,pA5nAoI8,4761587.0
DFB-Pokal,1/8 FINALE,2025-12-03,Kiel,269,Davidsen K.,802513,nome,Titolare,15,,pA5nAoI8,4761587.0
DFB-Pokal,1/8 FINALE,2025-12-03,Kiel,269,Therkelsen J.,1027770,nome,Titolare,10,,pA5nAoI8,4761587.0
DFB-Pokal,1/8 FINALE,2025-12-03,Kiel,269,Kapralik A.,546822,nome,Titolare,20,,pA5nAoI8,4761587.0
DFB-Pokal,1/8 FINALE,2025-12-03,Kiel,269,Harres P.,606119,nome,Titolare,19,,pA5nAoI8,4761587.0
DFB-Pokal,1/8 FINALE,2025-12-03,Kiel,269,Cvjetinovic M.,688639,nome,Panchina,17,,pA5nAoI8,4761587.0
DFB-Pokal,1/8 FINALE,2025-12-03,Kiel,269,Koster L.,630761,nome,Panchina,45,,pA5nAoI8,4761587.0
DFB-Pokal,1/8 FINALE,2025-12-03,Kiel,269,Krumrey J.,531637,nome,Panchina,21,Portiere,pA5nAoI8,4761587.0
DFB-Pokal,1/8 FINALE,2025-12-03,Kiel,269,Muller M.,698523,nome,Panchina,25,,pA5nAoI8,4761587.0
DFB-Pokal,1/8 FINALE,2025-12-03,Kiel,269,Muqaj H.,920013,nome,Panchina,48,,pA5nAoI8,4761587.0
DFB-Pokal,1/8 FINALE,2025-12-03,Kiel,269,Nekic I.,464333,nome,Panchina,13,,pA5nAoI8,4761587.0
DFB-Pokal,1/8 FINALE,2025-12-03,Kiel,269,Niehoff N.,806073,nome,Panchina,29,,pA5nAoI8,4761587.0
DFB-Pokal,1/8 FINALE,2025-12-03,Kiel,269,Roslyng F.,1051739,nome,Panchina,2,,pA5nAoI8,4761587.0
DFB-Pokal,1/8 FINALE,2025-12-03,Kiel,269,Schwab S.,79612,nome,Panchina,22,,pA5nAoI8,4761587.0
DFB-Pokal,1/8 FINALE,2025-12-03,Union Berlino,89,Ronnow F.,107775,nome,Titolare,1,Portiere,hGI0nrQ1,4761581.0
DFB-Pokal,1/8 FINALE,2025-12-03,Union Berlino,89,Doekhi D.,387047,nome,Titolare,5,,hGI0nrQ1,4761581.0
DFB-Pokal,1/8 FINALE,2025-12-03,Union Berlino,89,Querfeld L.,597432,nome,Titolare,14,,hGI0nrQ1,4761581.0
DFB-Pokal,1/8 FINALE,2025-12-03,Union Berlino,89,Leite D.,357156,nome,Titolare,4,,hGI0nrQ1,4761581.0
DFB-Pokal,1/8 FINALE,2025-12-03,Union Berlino,89,Haberer J.,177779,nome,Titolare,19,,hGI0nrQ1,4761581.0
DFB-Pokal,1/8 FINALE,2025-12-03,Union Berlino,89,Kemlein A.,692737,nome,Titolare,6,,hGI0nrQ1,4761581.0
DFB-Pokal,1/8 FINALE,2025-12-03,Union Berlino,89,Schafer A.,454863,nome,Titolare,13,,hGI0nrQ1,4761581.0
DFB-Pokal,1/8 FINALE,2025-12-03,Union Berlino,89,Rothe T.,798043,nome,Titolare,15,,hGI0nrQ1,4761581.0
DFB-Pokal,1/8 FINALE,2025-12-03,Union Berlino,89,Khedira R.,124410,nome,Titolare,8,Capitano,hGI0nrQ1,4761581.0
DFB-Pokal,1/8 FINALE,2025-12-03,Union Berlino,89,Jeong Woo-Yeong,297583,nome,Titolare,11,,hGI0nrQ1,4761581.0
DFB-Pokal,1/8 FINALE,2025-12-03,Union Berlino,89,Ansah I.,1035765,nome,Titolare,10,,hGI0nrQ1,4761581.0
DFB-Pokal,1/8 FINALE,2025-12-03,Union Berlino,89,Burcu L.,519872,nome,Panchina,9,,hGI0nrQ1,4761581.0
DFB-Pokal,1/8 FINALE,2025-12-03,Union Berlino,89,Juranovic J.,362977,nome,Panchina,18,,hGI0nrQ1,4761581.0
DFB-Pokal,1/8 FINALE,2025-12-03,Union Berlino,89,Kohn D.,391780,nome,Panchina,39,,hGI0nrQ1,4761581.0
DFB-Pokal,1/8 FINALE,2025-12-03,Union Berlino,89,Kral A.,337333,nome,Panchina,33,,hGI0nrQ1,4761581.0
DFB-Pokal,1/8 FINALE,2025-12-03,Union Berlino,89,Ljubicic M.,838236,nome,Panchina,27,,hGI0nrQ1,4761581.0
DFB-Pokal,1/8 FINALE,2025-12-03,Union Berlino,89,Nsoki S.,371141,nome,Panchina,34,,hGI0nrQ1,4761581.0
DFB-Pokal,1/8 FINALE,2025-12-03,Union Berlino,89,Raab M.,386685,nome,Panchina,31,Portiere,hGI0nrQ1,4761581.0
DFB-Pokal,1/8 FINALE,2025-12-03,Union Berlino,89,Skarke T.,287920,nome,Panchina,21,,hGI0nrQ1,4761581.0
DFB-Pokal,1/8 FINALE,2025-12-03,Union Berlino,89,Trimmel C.,75921,nome,Panchina,28,,hGI0nrQ1,4761581.0
DFB-Pokal,1/8 FINALE,2025-12-03,Bayern,27,Neuer M.,17259,nome,Titolare,1,Portiere,hGI0nrQ1,4761581.0
DFB-Pokal,1/8 FINALE,2025-12-03,Bayern,27,Laimer K.,223967,nome,Titolare,27,,hGI0nrQ1,4761581.0
DFB-Pokal,1/8 FINALE,2025-12-03,Bayern,27,Upamecano D.,344695,nome,Titolare,2,,hGI0nrQ1,4761581.0
DFB-Pokal,1/8 FINALE,2025-12-03,Bayern,27,Tah J.,196357,nome,Titolare,4,,hGI0nrQ1,4761581.0
DFB-Pokal,1/8 FINALE,2025-12-03,Bayern,27,Stanisic J.,483046,nome,Titolare,44,,hGI0nrQ1,4761581.0
DFB-Pokal,1/8 FINALE,2025-12-03,Bayern,27,Kimmich J.,161056,nome,Titolare,6,Capitano,hGI0nrQ1,4761581.0
DFB-Pokal,1/8 FINALE,2025-12-03,Bayern,27,Pavlovic A.,792380,nome,Titolare,45,,hGI0nrQ1,4761581.0
DFB-Pokal,1/8 FINALE,2025-12-03,Bayern,27,Olise M.,566723,nome,Titolare,17,,hGI0nrQ1,4761581.0
DFB-Pokal,1/8 FINALE,2025-12-03,Bayern,27,Karl L.,1075147,nome,Titolare,42,,hGI0nrQ1,4761581.0
DFB-Pokal,1/8 FINALE,2025-12-03,Bayern,27,Diaz L.,480692,nome,Titolare,14,,hGI0nrQ1,4761581.0
DFB-Pokal,1/8 FINALE,2025-12-03,Bayern,27,Kane H.,132098,nome,Titolare,9,,hGI0nrQ1,4761581.0
DFB-Pokal,1/8 FINALE,2025-12-03,Bayern,27,Bischof T.,822959,nome,Panchina,20,,hGI0nrQ1,4761581.0
DFB-Pokal,1/8 FINALE,2025-12-03,Bayern,27,Boey S.,475413,nome,Panchina,23,,hGI0nrQ1,4761581.0
DFB-Pokal,1/8 FINALE,2025-12-03,Bayern,27,Gnabry S.,159471,nome,Panchina,7,,hGI0nrQ1,4761581.0
DFB-Pokal,1/8 FINALE,2025-12-03,Bayern,27,Goretzka L.,153084,nome,Panchina,8,,hGI0nrQ1,4761581.0
DFB-Pokal,1/8 FINALE,2025-12-03,Bayern,27,Guerreiro R.,170986,nome,Panchina,22,,hGI0nrQ1,4761581.0
DFB-Pokal,1/8 FINALE,2025-12-03,Bayern,27,Ito H.,353892,nome,Panchina,21,,hGI0nrQ1,4761581.0
DFB-Pokal,1/8 FINALE,2025-12-03,Bayern,27,Jackson N.,776890,nome,Panchina,11,,hGI0nrQ1,4761581.0
DFB-Pokal,1/8 FINALE,2025-12-03,Bayern,27,Kim Min-Jae,503482,nome,Panchina,3,,hGI0nrQ1,4761581.0
DFB-Pokal,1/8 FINALE,2025-12-03,Bayern,27,Urbig J.,607720,nome,Panchina,40,Portiere,hGI0nrQ1,4761581.0
DFB-Pokal,1/8 FINALE,2025-12-03,Bochum,80,Horn T.,84938,nome,Titolare,1,Portiere,QakDen3F,4761582.0
DFB-Pokal,1/8 FINALE,2025-12-03,Bochum,80,Morgalla L.,786822,nome,Titolare,39,,QakDen3F,4761582.0
DFB-Pokal,1/8 FINALE,2025-12-03,Bochum,80,Loosli N.,265209,nome,Titolare,20,,QakDen3F,4761582.0
DFB-Pokal,1/8 FINALE,2025-12-03,Bochum,80,Sissoko I.,372712,nome,Titolare,6,,QakDen3F,4761582.0
DFB-Pokal,1/8 FINALE,2025-12-03,Bochum,80,Strompf P.,337031,nome,Titolare,3,,QakDen3F,4761582.0
DFB-Pokal,1/8 FINALE,2025-12-03,Bochum,80,Wittek M.,196793,nome,Titolare,32,,QakDen3F,4761582.0
DFB-Pokal,1/8 FINALE,2025-12-03,Bochum,80,Alfa-Ruprecht F.,897402,nome,Titolare,29,,QakDen3F,4761582.0
DFB-Pokal,1/8 FINALE,2025-12-03,Bochum,80,Lenz C.,1047136,nome,Titolare,34,,QakDen3F,4761582.0
DFB-Pokal,1/8 FINALE,2025-12-03,Bochum,80,Pannewig M.,796221,nome,Titolare,24,,QakDen3F,4761582.0
DFB-Pokal,1/8 FINALE,2025-12-03,Bochum,80,Watjen K.,884810,nome,Titolare,8,,QakDen3F,4761582.0
DFB-Pokal,1/8 FINALE,2025-12-03,Bochum,80,Onyeka F.,929943,nome,Titolare,21,,QakDen3F,4761582.0
DFB-Pokal,1/8 FINALE,2025-12-03,Bochum,80,Hofmann P.,119037,nome,Panchina,33,,QakDen3F,4761582.0
DFB-Pokal,1/8 FINALE,2025-12-03,Bochum,80,Koscierski K.,1058515,nome,Panchina,35,,QakDen3F,4761582.0
DFB-Pokal,1/8 FINALE,2025-12-03,Bochum,80,Kwarteng M.,316575,nome,Panchina,11,,QakDen3F,4761582.0
DFB-Pokal,1/8 FINALE,2025-12-03,Bochum,80,Masovic E.,343959,nome,Panchina,4,,QakDen3F,4761582.0
DFB-Pokal,1/8 FINALE,2025-12-03,Bochum,80,Obafemi M.,444208,nome,Panchina,10,,QakDen3F,4761582.0
DFB-Pokal,1/8 FINALE,2025-12-03,Bochum,80,Passlack F.,274461,nome,Panchina,15,,QakDen3F,4761582.0
DFB-Pokal,1/8 FINALE,2025-12-03,Bochum,80,Rosch R.,333464,nome,Panchina,26,,QakDen3F,4761582.0
DFB-Pokal,1/8 FINALE,2025-12-03,Bochum,80,Sissoko I.,484888,nome,Panchina,9,,QakDen3F,4761582.0
DFB-Pokal,1/8 FINALE,2025-12-03,Bochum,80,Thiede N.,348778,nome,Panchina,22,Portiere,QakDen3F,4761582.0
DFB-Pokal,1/8 FINALE,2025-12-03,Stoccarda,79,Bredlow F.,187624,nome,Titolare,1,Portiere,QakDen3F,4761582.0
DFB-Pokal,1/8 FINALE,2025-12-03,Stoccarda,79,Jeltsch F.,924117,nome,Titolare,29,,QakDen3F,4761582.0
DFB-Pokal,1/8 FINALE,2025-12-03,Stoccarda,79,Chabot J.,303219,nome,Titolare,24,,QakDen3F,4761582.0
DFB-Pokal,1/8 FINALE,2025-12-03,Stoccarda,79,Hendriks R.,436064,nome,Titolare,3,,QakDen3F,4761582.0
DFB-Pokal,1/8 FINALE,2025-12-03,Stoccarda,79,Assignon L.,711969,nome,Titolare,22,,QakDen3F,4761582.0
DFB-Pokal,1/8 FINALE,2025-12-03,Stoccarda,79,Karazor A.,232320,nome,Titolare,16,Capitano,QakDen3F,4761582.0
DFB-Pokal,1/8 FINALE,2025-12-03,Stoccarda,79,Stiller A.,443710,nome,Titolare,6,,QakDen3F,4761582.0
DFB-Pokal,1/8 FINALE,2025-12-03,Stoccarda,79,Mittelstadt M.,282660,nome,Titolare,7,,QakDen3F,4761582.0
DFB-Pokal,1/8 FINALE,2025-12-03,Stoccarda,79,El Khannouss B.,654982,nome,Titolare,11,,QakDen3F,4761582.0
DFB-Pokal,1/8 FINALE,2025-12-03,Stoccarda,79,Leweling J.,518505,nome,Titolare,18,,QakDen3F,4761582.0
DFB-Pokal,1/8 FINALE,2025-12-03,Stoccarda,79,Undav D.,339314,nome,Titolare,26,,QakDen3F,4761582.0
DFB-Pokal,1/8 FINALE,2025-12-03,Stoccarda,79,Al Dakhil A.,620598,nome,Panchina,2,,QakDen3F,4761582.0
DFB-Pokal,1/8 FINALE,2025-12-03,Stoccarda,79,Andres C.,948279,nome,Panchina,30,,QakDen3F,4761582.0
DFB-Pokal,1/8 FINALE,2025-12-03,Stoccarda,79,Bouanani B.,707242,nome,Panchina,27,,QakDen3F,4761582.0
DFB-Pokal,1/8 FINALE,2025-12-03,Stoccarda,79,Fuhrich C.,272278,nome,Panchina,10,,QakDen3F,4761582.0
DFB-Pokal,1/8 FINALE,2025-12-03,Stoccarda,79,Nartey N.,400546,nome,Panchina,28,,QakDen3F,4761582.0
DFB-Pokal,1/8 FINALE,2025-12-03,Stoccarda,79,Nubel A.,195778,nome,Panchina,33,Portiere,QakDen3F,4761582.0
DFB-Pokal,1/8 FINALE,2025-12-03,Stoccarda,79,Stergiou L.,507345,nome,Panchina,20,,QakDen3F,4761582.0
DFB-Pokal,1/8 FINALE,2025-12-03,Stoccarda,79,Tomas T.,616344,nome,Panchina,8,,QakDen3F,4761582.0
DFB-Pokal,1/8 FINALE,2025-12-03,Stoccarda,79,Vagnoman J.,448258,nome,Panchina,4,,QakDen3F,4761582.0
DFB-Pokal,1/8 FINALE,2025-12-03,Friburgo,60,Muller F.,284769,nome,Titolare,21,Portiere,d24Q23Ar,4761584.0
DFB-Pokal,1/8 FINALE,2025-12-03,Friburgo,60,Kubler L.,93604,nome,Titolare,17,,d24Q23Ar,4761584.0
DFB-Pokal,1/8 FINALE,2025-12-03,Friburgo,60,Ginter M.,124502,nome,Titolare,28,,d24Q23Ar,4761584.0
DFB-Pokal,1/8 FINALE,2025-12-03,Friburgo,60,Rosenfelder M.,599419,nome,Titolare,37,,d24Q23Ar,4761584.0
DFB-Pokal,1/8 FINALE,2025-12-03,Friburgo,60,Gunter C.,93707,nome,Titolare,30,Capitano,d24Q23Ar,4761584.0
DFB-Pokal,1/8 FINALE,2025-12-03,Friburgo,60,Eggestein M.,190284,nome,Titolare,8,,d24Q23Ar,4761584.0
DFB-Pokal,1/8 FINALE,2025-12-03,Friburgo,60,Manzambi J.,927353,nome,Titolare,44,,d24Q23Ar,4761584.0
DFB-Pokal,1/8 FINALE,2025-12-03,Friburgo,60,Beste J.,342967,eliminazione,Titolare,19,,d24Q23Ar,4761584.0
DFB-Pokal,1/8 FINALE,2025-12-03,Friburgo,60,Suzuki Y.,668606,nome,Titolare,14,,d24Q23Ar,4761584.0
DFB-Pokal,1/8 FINALE,2025-12-03,Friburgo,60,Grifo V.,185077,nome,Titolare,32,,d24Q23Ar,4761584.0
DFB-Pokal,1/8 FINALE,2025-12-03,Friburgo,60,Holer L.,248999,nome,Titolare,9,,d24Q23Ar,4761584.0
DFB-Pokal,1/8 FINALE,2025-12-03,Friburgo,60,Adamu J.,452477,nome,Panchina,20,,d24Q23Ar,4761584.0
DFB-Pokal,1/8 FINALE,2025-12-03,Friburgo,60,Atubolu N.,526845,nome,Panchina,1,Portiere,d24Q23Ar,4761584.0
DFB-Pokal,1/8 FINALE,2025-12-03,Friburgo,60,Höfler N.,55099,nome,Panchina,27,,d24Q23Ar,4761584.0
DFB-Pokal,1/8 FINALE,2025-12-03,Friburgo,60,Jung A.,58995,nome,Panchina,5,,d24Q23Ar,4761584.0
DFB-Pokal,1/8 FINALE,2025-12-03,Friburgo,60,Matanovic I.,605268,nome,Panchina,31,,d24Q23Ar,4761584.0
DFB-Pokal,1/8 FINALE,2025-12-03,Friburgo,60,Ogbus B.,863759,nome,Panchina,43,,d24Q23Ar,4761584.0
DFB-Pokal,1/8 FINALE,2025-12-03,Friburgo,60,Osterhage P.,443331,nome,Panchina,6,,d24Q23Ar,4761584.0
DFB-Pokal,1/8 FINALE,2025-12-03,Friburgo,60,Scherhant D.,820957,nome,Panchina,7,,d24Q23Ar,4761584.0
DFB-Pokal,1/8 FINALE,2025-12-03,Friburgo,60,Treu P.,335993,nome,Panchina,29,,d24Q23Ar,4761584.0
DFB-Pokal,1/8 FINALE,2025-12-03,Darmstadt,105,Schuhen M.,93651,nome,Titolare,1,Portiere,d24Q23Ar,4761584.0
DFB-Pokal,1/8 FINALE,2025-12-03,Darmstadt,105,Bader M.,237162,nome,Titolare,26,,d24Q23Ar,4761584.0
DFB-Pokal,1/8 FINALE,2025-12-03,Darmstadt,105,Pfeiffer P.,391742,nome,Titolare,6,,d24Q23Ar,4761584.0
DFB-Pokal,1/8 FINALE,2025-12-03,Darmstadt,105,Klefisch K.,332624,nome,Titolare,17,,d24Q23Ar,4761584.0
DFB-Pokal,1/8 FINALE,2025-12-03,Darmstadt,105,Maglica M.,433388,nome,Titolare,5,,d24Q23Ar,4761584.0
DFB-Pokal,1/8 FINALE,2025-12-03,Darmstadt,105,Marseiler L.,339057,nome,Titolare,8,,d24Q23Ar,4761584.0
DFB-Pokal,1/8 FINALE,2025-12-03,Darmstadt,105,Corredor K.,853491,nome,Titolare,34,,d24Q23Ar,4761584.0
DFB-Pokal,1/8 FINALE,2025-12-03,Darmstadt,105,Papela M.,405689,nome,Titolare,21,,d24Q23Ar,4761584.0
DFB-Pokal,1/8 FINALE,2025-12-03,Darmstadt,105,Akiyama H.,627533,nome,Titolare,16,,d24Q23Ar,4761584.0
DFB-Pokal,1/8 FINALE,2025-12-03,Darmstadt,105,Richter M.,279009,nome,Titolare,23,,d24Q23Ar,4761584.0
DFB-Pokal,1/8 FINALE,2025-12-03,Darmstadt,105,Lidberg I.,322073,nome,Titolare,7,,d24Q23Ar,4761584.0
DFB-Pokal,1/8 FINALE,2025-12-03,Darmstadt,105,Bialek B.,535551,nome,Panchina,27,,d24Q23Ar,4761584.0
DFB-Pokal,1/8 FINALE,2025-12-03,Darmstadt,105,Brunst A.,146693,nome,Panchina,30,Portiere,d24Q23Ar,4761584.0
DFB-Pokal,1/8 FINALE,2025-12-03,Darmstadt,105,Furukawa Y.,957535,nome,Panchina,44,,d24Q23Ar,4761584.0
DFB-Pokal,1/8 FINALE,2025-12-03,Darmstadt,105,Holland F.,54846,nome,Panchina,32,,d24Q23Ar,4761584.0
DFB-Pokal,1/8 FINALE,2025-12-03,Darmstadt,105,Klassen L.,441987,nome,Panchina,3,,d24Q23Ar,4761584.0
DFB-Pokal,1/8 FINALE,2025-12-03,Darmstadt,105,Lakenmacher F.,528856,nome,Panchina,19,,d24Q23Ar,4761584.0
DFB-Pokal,1/8 FINALE,2025-12-03,Darmstadt,105,Lopez S.,523972,nome,Panchina,2,,d24Q23Ar,4761584.0
DFB-Pokal,1/8 FINALE,2025-12-03,Darmstadt,105,Vukotic A.,398851,nome,Panchina,20,,d24Q23Ar,4761584.0
DFB-Pokal,1/8 FINALE,2025-12-03,Darmstadt,105,Will P.,356640,nome,Panchina,28,,d24Q23Ar,4761584.0
DFB-Pokal,1/8 FINALE,2025-12-02,Dortmund,16,Kobel G.,257814,nome,Titolare,1,Portiere,IHhZ0sue,4761580.0
DFB-Pokal,1/8 FINALE,2025-12-02,Dortmund,16,Can E.,119296,nome,Titolare,23,Capitano,IHhZ0sue,4761580.0
DFB-Pokal,1/8 FINALE,2025-12-02,Dortmund,16,Anton W.,193004,nome,Titolare,3,,IHhZ0sue,4761580.0
DFB-Pokal,1/8 FINALE,2025-12-02,Dortmund,16,Schlotterbeck N.,388198,nome,Titolare,4,,IHhZ0sue,4761580.0
DFB-Pokal,1/8 FINALE,2025-12-02,Dortmund,16,Ryerson J.,370789,nome,Titolare,26,,IHhZ0sue,4761580.0
DFB-Pokal,1/8 FINALE,2025-12-02,Dortmund,16,Bellingham J.,796297,nome,Titolare,7,,IHhZ0sue,4761580.0
DFB-Pokal,1/8 FINALE,2025-12-02,Dortmund,16,Nmecha F.,406640,nome,Titolare,8,,IHhZ0sue,4761580.0
DFB-Pokal,1/8 FINALE,2025-12-02,Dortmund,16,Svensson D.,579287,nome,Titolare,24,,IHhZ0sue,4761580.0
DFB-Pokal,1/8 FINALE,2025-12-02,Dortmund,16,Adeyemi K.,496094,nome,Titolare,27,,IHhZ0sue,4761580.0
DFB-Pokal,1/8 FINALE,2025-12-02,Dortmund,16,Silva F.,505653,nome,Titolare,21,,IHhZ0sue,4761580.0
DFB-Pokal,1/8 FINALE,2025-12-02,Dortmund,16,Chukwuemeka C.,659459,nome,Titolare,17,,IHhZ0sue,4761580.0
DFB-Pokal,1/8 FINALE,2025-12-02,Dortmund,16,Anselmino A.,1145504,nome,Panchina,28,,IHhZ0sue,4761580.0
DFB-Pokal,1/8 FINALE,2025-12-02,Dortmund,16,Beier M.,578392,nome,Panchina,14,,IHhZ0sue,4761580.0
DFB-Pokal,1/8 FINALE,2025-12-02,Dortmund,16,Bensebaini R.,284732,nome,Panchina,5,,IHhZ0sue,4761580.0
DFB-Pokal,1/8 FINALE,2025-12-02,Dortmund,16,Brandt J.,187492,nome,Panchina,10,,IHhZ0sue,4761580.0
DFB-Pokal,1/8 FINALE,2025-12-02,Dortmund,16,Couto Y.,627228,nome,Panchina,2,,IHhZ0sue,4761580.0
DFB-Pokal,1/8 FINALE,2025-12-02,Dortmund,16,Gross P.,82873,nome,Panchina,13,,IHhZ0sue,4761580.0
DFB-Pokal,1/8 FINALE,2025-12-02,Dortmund,16,Guirassy S.,270541,nome,Panchina,9,,IHhZ0sue,4761580.0
DFB-Pokal,1/8 FINALE,2025-12-02,Dortmund,16,Meyer A.,76158,nome,Panchina,33,Portiere,IHhZ0sue,4761580.0
DFB-Pokal,1/8 FINALE,2025-12-02,Dortmund,16,Sabitzer M.,106987,nome,Panchina,20,,IHhZ0sue,4761580.0
DFB-Pokal,1/8 FINALE,2025-12-02,Leverkusen,15,Flekken M.,125714,nome,Titolare,1,Portiere,IHhZ0sue,4761580.0
DFB-Pokal,1/8 FINALE,2025-12-02,Leverkusen,15,Quansah J.,632349,nome,Titolare,4,,IHhZ0sue,4761580.0
DFB-Pokal,1/8 FINALE,2025-12-02,Leverkusen,15,Andrich R.,159088,nome,Titolare,8,Capitano,IHhZ0sue,4761580.0
DFB-Pokal,1/8 FINALE,2025-12-02,Leverkusen,15,Tapsoba E.,564545,nome,Titolare,12,,IHhZ0sue,4761580.0
DFB-Pokal,1/8 FINALE,2025-12-02,Leverkusen,15,Hofmann J.,7161,nome,Titolare,7,,IHhZ0sue,4761580.0
DFB-Pokal,1/8 FINALE,2025-12-02,Leverkusen,15,Maza I.,905011,nome,Titolare,30,,IHhZ0sue,4761580.0
DFB-Pokal,1/8 FINALE,2025-12-02,Leverkusen,15,Garcia A.,261504,nome,Titolare,24,,IHhZ0sue,4761580.0
DFB-Pokal,1/8 FINALE,2025-12-02,Leverkusen,15,Grimaldo A.,193082,nome,Titolare,20,,IHhZ0sue,4761580.0
DFB-Pokal,1/8 FINALE,2025-12-02,Leverkusen,15,Terrier M.,442891,nome,Titolare,11,,IHhZ0sue,4761580.0
DFB-Pokal,1/8 FINALE,2025-12-02,Leverkusen,15,Poku E.,718303,nome,Titolare,19,,IHhZ0sue,4761580.0
DFB-Pokal,1/8 FINALE,2025-12-02,Leverkusen,15,Kofane C.,1364454,nome,Titolare,35,,IHhZ0sue,4761580.0
DFB-Pokal,1/8 FINALE,2025-12-02,Leverkusen,15,Bade L.,730581,nome,Panchina,5,,IHhZ0sue,4761580.0
DFB-Pokal,1/8 FINALE,2025-12-02,Leverkusen,15,Belocian J.,919515,nome,Panchina,44,,IHhZ0sue,4761580.0
DFB-Pokal,1/8 FINALE,2025-12-02,Leverkusen,15,Ben Seghir E.,810895,nome,Panchina,17,,IHhZ0sue,4761580.0
DFB-Pokal,1/8 FINALE,2025-12-02,Leverkusen,15,Echeverri C.,994536,nome,Panchina,9,,IHhZ0sue,4761580.0
DFB-Pokal,1/8 FINALE,2025-12-02,Leverkusen,15,Lomb N.,85543,nome,Panchina,36,Portiere,IHhZ0sue,4761580.0
DFB-Pokal,1/8 FINALE,2025-12-02,Leverkusen,15,Sarco A.,1000675,nome,Panchina,18,,IHhZ0sue,4761580.0
DFB-Pokal,1/8 FINALE,2025-12-02,Leverkusen,15,Schick P.,242086,nome,Panchina,14,,IHhZ0sue,4761580.0
DFB-Pokal,1/8 FINALE,2025-12-02,Leverkusen,15,Tella N.,340322,nome,Panchina,23,,IHhZ0sue,4761580.0
DFB-Pokal,1/8 FINALE,2025-12-02,Leverkusen,15,Tillman M.,467437,nome,Panchina,10,,IHhZ0sue,4761580.0
DFB-Pokal,1/8 FINALE,2025-12-02,RB Lipsia,23826,Vandevoordt M.,486046,nome,Titolare,26,Portiere,txae8PnL,4761586.0
DFB-Pokal,1/8 FINALE,2025-12-02,RB Lipsia,23826,Klostermann L.,215599,nome,Titolare,16,,txae8PnL,4761586.0
DFB-Pokal,1/8 FINALE,2025-12-02,RB Lipsia,23826,Orban W.,93740,nome,Titolare,4,,txae8PnL,4761586.0
DFB-Pokal,1/8 FINALE,2025-12-02,RB Lipsia,23826,Lukeba C.,618472,nome,Titolare,23,,txae8PnL,4761586.0
DFB-Pokal,1/8 FINALE,2025-12-02,RB Lipsia,23826,Raum D.,318204,nome,Titolare,22,Capitano,txae8PnL,4761586.0
DFB-Pokal,1/8 FINALE,2025-12-02,RB Lipsia,23826,Seiwald N.,404950,nome,Titolare,13,,txae8PnL,4761586.0
DFB-Pokal,1/8 FINALE,2025-12-02,RB Lipsia,23826,Banzuzi E.,865682,nome,Titolare,6,,txae8PnL,4761586.0
DFB-Pokal,1/8 FINALE,2025-12-02,RB Lipsia,23826,Diomande Y.,1390649,nome,Titolare,49,,txae8PnL,4761586.0
DFB-Pokal,1/8 FINALE,2025-12-02,RB Lipsia,23826,Baumgartner C.,324278,nome,Titolare,14,,txae8PnL,4761586.0
DFB-Pokal,1/8 FINALE,2025-12-02,RB Lipsia,23826,Nusa A.,894914,nome,Titolare,7,,txae8PnL,4761586.0
DFB-Pokal,1/8 FINALE,2025-12-02,RB Lipsia,23826,Harder C.,807386,nome,Titolare,11,,txae8PnL,4761586.0
DFB-Pokal,1/8 FINALE,2025-12-02,RB Lipsia,23826,Finkgrafe M.,810649,nome,Panchina,35,,txae8PnL,4761586.0
DFB-Pokal,1/8 FINALE,2025-12-02,RB Lipsia,23826,Gomis T.,955448,nome,Panchina,27,,txae8PnL,4761586.0
DFB-Pokal,1/8 FINALE,2025-12-02,RB Lipsia,23826,Gulacsi P.,57071,nome,Panchina,1,Portiere,txae8PnL,4761586.0
DFB-Pokal,1/8 FINALE,2025-12-02,RB Lipsia,23826,Haidara A.,402008,nome,Panchina,8,,txae8PnL,4761586.0
DFB-Pokal,1/8 FINALE,2025-12-02,RB Lipsia,23826,Konate S.,1380977,nome,Panchina,45,,txae8PnL,4761586.0
DFB-Pokal,1/8 FINALE,2025-12-02,RB Lipsia,23826,Maksimovic A.,952779,nome,Panchina,33,,txae8PnL,4761586.0
DFB-Pokal,1/8 FINALE,2025-12-02,RB Lipsia,23826,Nedeljkovic K.,848682,nome,Panchina,19,,txae8PnL,4761586.0
DFB-Pokal,1/8 FINALE,2025-12-02,RB Lipsia,23826,Schlager X.,223979,nome,Panchina,24,,txae8PnL,4761586.0
DFB-Pokal,1/8 FINALE,2025-12-02,RB Lipsia,23826,Zingerle L.,160971,nome,Panchina,25,Portiere,txae8PnL,4761586.0
DFB-Pokal,1/8 FINALE,2025-12-02,Magdeburg,187,Reimann D.,238722,nome,Titolare,1,Portiere,txae8PnL,4761586.0
DFB-Pokal,1/8 FINALE,2025-12-02,Magdeburg,187,Musonda L.,333859,nome,Titolare,19,,txae8PnL,4761586.0
DFB-Pokal,1/8 FINALE,2025-12-02,Magdeburg,187,Mathisen M.,268216,nome,Titolare,16,,txae8PnL,4761586.0
DFB-Pokal,1/8 FINALE,2025-12-02,Magdeburg,187,Muller T.,19483,nome,Titolare,5,,txae8PnL,4761586.0
DFB-Pokal,1/8 FINALE,2025-12-02,Magdeburg,187,Nollenberger A.,446625,nome,Titolare,17,,txae8PnL,4761586.0
DFB-Pokal,1/8 FINALE,2025-12-02,Magdeburg,187,Ulrich L.,717465,nome,Titolare,8,,txae8PnL,4761586.0
DFB-Pokal,1/8 FINALE,2025-12-02,Magdeburg,187,Michel F.,527270,nome,Titolare,21,,txae8PnL,4761586.0
DFB-Pokal,1/8 FINALE,2025-12-02,Magdeburg,187,Gnaka S.,481091,nome,Titolare,25,,txae8PnL,4761586.0
DFB-Pokal,1/8 FINALE,2025-12-02,Magdeburg,187,Pesch N.,696028,nome,Titolare,10,,txae8PnL,4761586.0
DFB-Pokal,1/8 FINALE,2025-12-02,Magdeburg,187,Zukowski M.,470375,nome,Titolare,22,,txae8PnL,4761586.0
DFB-Pokal,1/8 FINALE,2025-12-02,Magdeburg,187,Atik B.,161072,nome,Titolare,23,,txae8PnL,4761586.0
DFB-Pokal,1/8 FINALE,2025-12-02,Magdeburg,187,Bockhorn H.,186477,nome,Panchina,7,,txae8PnL,4761586.0
DFB-Pokal,1/8 FINALE,2025-12-02,Magdeburg,187,Breunig M.,584254,nome,Panchina,9,,txae8PnL,4761586.0
DFB-Pokal,1/8 FINALE,2025-12-02,Magdeburg,187,Diawara K.,575319,nome,Panchina,39,,txae8PnL,4761586.0
DFB-Pokal,1/8 FINALE,2025-12-02,Magdeburg,187,Geschwill M.,471890,nome,Panchina,28,,txae8PnL,4761586.0
DFB-Pokal,1/8 FINALE,2025-12-02,Magdeburg,187,Ghrieb R.,503291,nome,Panchina,29,,txae8PnL,4761586.0
DFB-Pokal,1/8 FINALE,2025-12-02,Magdeburg,187,Hercher P.,216399,nome,Panchina,27,,txae8PnL,4761586.0
DFB-Pokal,1/8 FINALE,2025-12-02,Magdeburg,187,Hoti A.,656095,nome,Panchina,3,,txae8PnL,4761586.0
DFB-Pokal,1/8 FINALE,2025-12-02,Magdeburg,187,Kruth N.,818246,nome,Panchina,30,Portiere,txae8PnL,4761586.0
DFB-Pokal,1/8 FINALE,2025-12-02,Magdeburg,187,Stalmach D.,826795,nome,Panchina,6,,txae8PnL,4761586.0
DFB-Pokal,1/8 FINALE,2025-12-02,Hertha,44,Ernst T.,553282,nome,Titolare,1,Portiere,nFwMgQXR,4761583.0
DFB-Pokal,1/8 FINALE,2025-12-02,Hertha,44,Gechter L.,692734,nome,Titolare,44,,nFwMgQXR,4761583.0
DFB-Pokal,1/8 FINALE,2025-12-02,Hertha,44,Leistner T.,86916,nome,Titolare,37,,nFwMgQXR,4761583.0
DFB-Pokal,1/8 FINALE,2025-12-02,Hertha,44,Dardai M.,432281,nome,Titolare,31,,nFwMgQXR,4761583.0
DFB-Pokal,1/8 FINALE,2025-12-02,Hertha,44,Kolbe N.,388508,nome,Titolare,27,,nFwMgQXR,4761583.0
DFB-Pokal,1/8 FINALE,2025-12-02,Hertha,44,Seguin P.,183780,nome,Titolare,30,,nFwMgQXR,4761583.0
DFB-Pokal,1/8 FINALE,2025-12-02,Hertha,44,Eichhorn K.,1214123,nome,Titolare,23,,nFwMgQXR,4761583.0
DFB-Pokal,1/8 FINALE,2025-12-02,Hertha,44,Reese F.,227102,nome,Titolare,11,Capitano,nFwMgQXR,4761583.0
DFB-Pokal,1/8 FINALE,2025-12-02,Hertha,44,Cuisance M.,344600,nome,Titolare,10,,nFwMgQXR,4761583.0
DFB-Pokal,1/8 FINALE,2025-12-02,Hertha,44,Winkler M.,574569,nome,Titolare,22,,nFwMgQXR,4761583.0
DFB-Pokal,1/8 FINALE,2025-12-02,Hertha,44,Schuler L.,388029,nome,Titolare,18,,nFwMgQXR,4761583.0
DFB-Pokal,1/8 FINALE,2025-12-02,Hertha,44,Demme D.,82070,nome,Panchina,6,,nFwMgQXR,4761583.0
DFB-Pokal,1/8 FINALE,2025-12-02,Hertha,44,Eitschberger J.,706617,nome,Panchina,2,,nFwMgQXR,4761583.0
DFB-Pokal,1/8 FINALE,2025-12-02,Hertha,44,Gersbeck M.,196382,nome,Panchina,35,Portiere,nFwMgQXR,4761583.0
DFB-Pokal,1/8 FINALE,2025-12-02,Hertha,44,Gronning S.,439456,nome,Panchina,17,,nFwMgQXR,4761583.0
DFB-Pokal,1/8 FINALE,2025-12-02,Hertha,44,Karbownik M.,401604,nome,Panchina,33,,nFwMgQXR,4761583.0
DFB-Pokal,1/8 FINALE,2025-12-02,Hertha,44,Kownacki D.,208167,nome,Panchina,9,,nFwMgQXR,4761583.0
DFB-Pokal,1/8 FINALE,2025-12-02,Hertha,44,Krattenmacher M.,829316,nome,Panchina,14,,nFwMgQXR,4761583.0
DFB-Pokal,1/8 FINALE,2025-12-02,Hertha,44,Sessa K.,448028,nome,Panchina,8,,nFwMgQXR,4761583.0
DFB-Pokal,1/8 FINALE,2025-12-02,Hertha,44,Thorsteinsson J.,331739,nome,Panchina,24,,nFwMgQXR,4761583.0
DFB-Pokal,1/8 FINALE,2025-12-02,Kaiserslautern,2,Simoni S.,726120,nome,Titolare,25,Portiere,nFwMgQXR,4761583.0
DFB-Pokal,1/8 FINALE,2025-12-02,Kaiserslautern,2,Elvedi J.,322506,nome,Titolare,33,,nFwMgQXR,4761583.0
DFB-Pokal,1/8 FINALE,2025-12-02,Kaiserslautern,2,Kunze F.,334186,nome,Titolare,6,,nFwMgQXR,4761583.0
DFB-Pokal,1/8 FINALE,2025-12-02,Kaiserslautern,2,Gyamfi M.,452078,nome,Titolare,4,,nFwMgQXR,4761583.0
DFB-Pokal,1/8 FINALE,2025-12-02,Kaiserslautern,2,Sirch L.,521928,nome,Titolare,31,,nFwMgQXR,4761583.0
DFB-Pokal,1/8 FINALE,2025-12-02,Kaiserslautern,2,Skytta N.,567309,nome,Titolare,15,,nFwMgQXR,4761583.0
DFB-Pokal,1/8 FINALE,2025-12-02,Kaiserslautern,2,Sahin S.,566857,nome,Titolare,8,,nFwMgQXR,4761583.0
DFB-Pokal,1/8 FINALE,2025-12-02,Kaiserslautern,2,Kleinhansl F.,448027,nome,Titolare,3,,nFwMgQXR,4761583.0
DFB-Pokal,1/8 FINALE,2025-12-02,Kaiserslautern,2,Abiama D.,596813,nome,Titolare,27,,nFwMgQXR,4761583.0
DFB-Pokal,1/8 FINALE,2025-12-02,Kaiserslautern,2,Ritter M.,151636,nome,Titolare,7,Capitano,nFwMgQXR,4761583.0
DFB-Pokal,1/8 FINALE,2025-12-02,Kaiserslautern,2,Prtajin I.,340700,nome,Titolare,9,,nFwMgQXR,4761583.0
DFB-Pokal,1/8 FINALE,2025-12-02,Kaiserslautern,2,Alidou F.,456492,nome,Panchina,48,,nFwMgQXR,4761583.0
DFB-Pokal,1/8 FINALE,2025-12-02,Kaiserslautern,2,Aremu A.,562409,nome,Panchina,23,,nFwMgQXR,4761583.0
DFB-Pokal,1/8 FINALE,2025-12-02,Kaiserslautern,2,Haas M.,924087,nome,Panchina,22,,nFwMgQXR,4761583.0
DFB-Pokal,1/8 FINALE,2025-12-02,Kaiserslautern,2,Hanslik D.,416809,nome,Panchina,19,,nFwMgQXR,4761583.0
DFB-Pokal,1/8 FINALE,2025-12-02,Kaiserslautern,2,Hofmeister D.,1290366,nome,Panchina,44,,nFwMgQXR,4761583.0
DFB-Pokal,1/8 FINALE,2025-12-02,Kaiserslautern,2,Krahl J.,337082,nome,Panchina,1,Portiere,nFwMgQXR,4761583.0
DFB-Pokal,1/8 FINALE,2025-12-02,Kaiserslautern,2,Raschl T.,384745,nome,Panchina,20,,nFwMgQXR,4761583.0
DFB-Pokal,1/8 FINALE,2025-12-02,Kaiserslautern,2,Robinson L.,521142,nome,Panchina,37,,nFwMgQXR,4761583.0
DFB-Pokal,1/8 FINALE,2025-12-02,Kaiserslautern,2,Tachie R.,390460,nome,Panchina,29,,nFwMgQXR,4761583.0
DFB-Pokal,1/8 FINALE,2025-12-02,Monchengladbach,18,Nicolas M.,284270,nome,Titolare,33,Portiere,dlPil4ek,4761585.0
DFB-Pokal,1/8 FINALE,2025-12-02,Monchengladbach,18,Scally J.,504153,nome,Titolare,29,,dlPil4ek,4761585.0
DFB-Pokal,1/8 FINALE,2025-12-02,Monchengladbach,18,Elvedi N.,192635,nome,Titolare,30,Capitano,dlPil4ek,4761585.0
DFB-Pokal,1/8 FINALE,2025-12-02,Monchengladbach,18,Diks K.,335209,nome,Titolare,4,,dlPil4ek,4761585.0
DFB-Pokal,1/8 FINALE,2025-12-02,Monchengladbach,18,Honorat F.,229006,nome,Titolare,9,,dlPil4ek,4761585.0
DFB-Pokal,1/8 FINALE,2025-12-02,Monchengladbach,18,Stoger K.,106872,nome,Titolare,7,,dlPil4ek,4761585.0
DFB-Pokal,1/8 FINALE,2025-12-02,Monchengladbach,18,Engelhardt Y.,405670,nome,Titolare,6,,dlPil4ek,4761585.0
DFB-Pokal,1/8 FINALE,2025-12-02,Monchengladbach,18,Ullrich L.,787151,nome,Titolare,26,,dlPil4ek,4761585.0
DFB-Pokal,1/8 FINALE,2025-12-02,Monchengladbach,18,Machino S.,550580,nome,Titolare,18,,dlPil4ek,4761585.0
DFB-Pokal,1/8 FINALE,2025-12-02,Monchengladbach,18,Reyna G.,504215,nome,Titolare,13,,dlPil4ek,4761585.0
DFB-Pokal,1/8 FINALE,2025-12-02,Monchengladbach,18,Tabakovic H.,203123,nome,Titolare,15,,dlPil4ek,4761585.0
DFB-Pokal,1/8 FINALE,2025-12-02,Monchengladbach,18,Fraulo O.,610428,nome,Panchina,22,,dlPil4ek,4761585.0
DFB-Pokal,1/8 FINALE,2025-12-02,Monchengladbach,18,Friedrich M.,196231,nome,Panchina,5,,dlPil4ek,4761585.0
DFB-Pokal,1/8 FINALE,2025-12-02,Monchengladbach,18,Herrmann C.,884822,nome,Panchina,34,,dlPil4ek,4761585.0
DFB-Pokal,1/8 FINALE,2025-12-02,Monchengladbach,18,Kleindienst T.,193033,nome,Panchina,11,,dlPil4ek,4761585.0
DFB-Pokal,1/8 FINALE,2025-12-02,Monchengladbach,18,Mohya W.,1070979,nome,Panchina,36,,dlPil4ek,4761585.0
DFB-Pokal,1/8 FINALE,2025-12-02,Monchengladbach,18,Netz L.,524285,nome,Panchina,20,,dlPil4ek,4761585.0
DFB-Pokal,1/8 FINALE,2025-12-02,Monchengladbach,18,Pereira Cardoso T.,926301,nome,Panchina,42,Portiere,dlPil4ek,4761585.0
DFB-Pokal,1/8 FINALE,2025-12-02,Monchengladbach,18,Ranos G.,574201,nome,Panchina,28,,dlPil4ek,4761585.0
DFB-Pokal,1/8 FINALE,2025-12-02,Monchengladbach,18,Reitz R.,467434,nome,Panchina,27,,dlPil4ek,4761585.0
DFB-Pokal,1/8 FINALE,2025-12-02,St. Pauli,35,Vasilj N.,248454,nome,Titolare,22,Portiere,dlPil4ek,4761585.0
DFB-Pokal,1/8 FINALE,2025-12-02,St. Pauli,35,Pyrka A.,599733,nome,Titolare,11,,dlPil4ek,4761585.0
DFB-Pokal,1/8 FINALE,2025-12-02,St. Pauli,35,Wahl H.,154147,nome,Titolare,5,,dlPil4ek,4761585.0
DFB-Pokal,1/8 FINALE,2025-12-02,St. Pauli,35,Smith E.,292534,nome,Titolare,8,,dlPil4ek,4761585.0
DFB-Pokal,1/8 FINALE,2025-12-02,St. Pauli,35,Mets K.,139304,nome,Titolare,3,,dlPil4ek,4761585.0
DFB-Pokal,1/8 FINALE,2025-12-02,St. Pauli,35,Oppie L.,605265,nome,Titolare,23,,dlPil4ek,4761585.0
DFB-Pokal,1/8 FINALE,2025-12-02,St. Pauli,35,Fujita J.,697277,nome,Titolare,16,,dlPil4ek,4761585.0
DFB-Pokal,1/8 FINALE,2025-12-02,St. Pauli,35,Sands J.,393321,nome,Titolare,6,,dlPil4ek,4761585.0
DFB-Pokal,1/8 FINALE,2025-12-02,St. Pauli,35,Irvine J.,192557,nome,Titolare,7,Capitano,dlPil4ek,4761585.0
DFB-Pokal,1/8 FINALE,2025-12-02,St. Pauli,35,Pereira Lage M.,424072,nome,Titolare,28,,dlPil4ek,4761585.0
DFB-Pokal,1/8 FINALE,2025-12-02,St. Pauli,35,Kaars M.,377729,nome,Titolare,19,,dlPil4ek,4761585.0
DFB-Pokal,1/8 FINALE,2025-12-02,St. Pauli,35,Ahlstrand E.,501049,nome,Panchina,20,,dlPil4ek,4761585.0
DFB-Pokal,1/8 FINALE,2025-12-02,St. Pauli,35,Ceesay A.,1280281,nome,Panchina,9,,dlPil4ek,4761585.0
DFB-Pokal,1/8 FINALE,2025-12-02,St. Pauli,35,Dzwigala A.,236966,nome,Panchina,25,,dlPil4ek,4761585.0
DFB-Pokal,1/8 FINALE,2025-12-02,St. Pauli,35,Jones R.J.,677935,nome,Panchina,26,,dlPil4ek,4761585.0
DFB-Pokal,1/8 FINALE,2025-12-02,St. Pauli,35,Metcalfe C.,522223,nome,Panchina,24,,dlPil4ek,4761585.0
DFB-Pokal,1/8 FINALE,2025-12-02,St. Pauli,35,Ritzka L.,333903,nome,Panchina,21,,dlPil4ek,4761585.0
DFB-Pokal,1/8 FINALE,2025-12-02,St. Pauli,35,Saliakas M.,242661,nome,Panchina,2,,dlPil4ek,4761585.0
DFB-Pokal,1/8 FINALE,2025-12-02,St. Pauli,35,Sinani D.,346499,nome,Panchina,10,,dlPil4ek,4761585.0
DFB-Pokal,1/8 FINALE,2025-12-02,St. Pauli,35,Voll B. A.,453742,eliminazione,Panchina,1,Portiere,dlPil4ek,4761585.0
DFB-Pokal,1/16 FINALE,2025-10-29,Colonia,3,Zieler R.,21327,nome,Titolare,20,Portiere,UTBdLGkg,4717160.0
DFB-Pokal,1/16 FINALE,2025-10-29,Colonia,3,Schmied J.,322517,nome,Titolare,2,,UTBdLGkg,4717160.0
DFB-Pokal,1/16 FINALE,2025-10-29,Colonia,3,Krauss T.,405687,nome,Titolare,5,,UTBdLGkg,4717160.0
DFB-Pokal,1/16 FINALE,2025-10-29,Colonia,3,Martel E.,597000,nome,Titolare,6,,UTBdLGkg,4717160.0
DFB-Pokal,1/16 FINALE,2025-10-29,Colonia,3,Sebulonsen S.,592387,nome,Titolare,28,,UTBdLGkg,4717160.0
DFB-Pokal,1/16 FINALE,2025-10-29,Colonia,3,Johannesson I.,579565,nome,Titolare,18,,UTBdLGkg,4717160.0
DFB-Pokal,1/16 FINALE,2025-10-29,Colonia,3,Kaminski J.,407098,nome,Titolare,16,,UTBdLGkg,4717160.0
DFB-Pokal,1/16 FINALE,2025-10-29,Colonia,3,Lund K.,623773,nome,Titolare,32,,UTBdLGkg,4717160.0
DFB-Pokal,1/16 FINALE,2025-10-29,Colonia,3,Bulter M.,116088,nome,Titolare,30,,UTBdLGkg,4717160.0
DFB-Pokal,1/16 FINALE,2025-10-29,Colonia,3,Ache R.,416380,nome,Titolare,9,,UTBdLGkg,4717160.0
DFB-Pokal,1/16 FINALE,2025-10-29,Colonia,3,El Mala S.,1168219,nome,Titolare,13,,UTBdLGkg,4717160.0
DFB-Pokal,1/16 FINALE,2025-10-29,Colonia,3,Castro-Montes A.,340166,nome,Panchina,17,,UTBdLGkg,4717160.0
DFB-Pokal,1/16 FINALE,2025-10-29,Colonia,3,Gazibegovic J.,393745,nome,Panchina,25,,UTBdLGkg,4717160.0
DFB-Pokal,1/16 FINALE,2025-10-29,Colonia,3,Heintz D.,110036,nome,Panchina,3,,UTBdLGkg,4717160.0
DFB-Pokal,1/16 FINALE,2025-10-29,Colonia,3,Huseinbasic D.,678479,nome,Panchina,8,,UTBdLGkg,4717160.0
DFB-Pokal,1/16 FINALE,2025-10-29,Colonia,3,Kainz F.,106270,nome,Panchina,11,,UTBdLGkg,4717160.0
DFB-Pokal,1/16 FINALE,2025-10-29,Colonia,3,Maina L.,335103,nome,Panchina,37,,UTBdLGkg,4717160.0
DFB-Pokal,1/16 FINALE,2025-10-29,Colonia,3,Ozkacar C.,615350,nome,Panchina,39,,UTBdLGkg,4717160.0
DFB-Pokal,1/16 FINALE,2025-10-29,Colonia,3,Schwabe M.,160929,nome,Panchina,1,Portiere,UTBdLGkg,4717160.0
DFB-Pokal,1/16 FINALE,2025-10-29,Colonia,3,Waldschmidt L.,196095,nome,Panchina,7,,UTBdLGkg,4717160.0
DFB-Pokal,1/16 FINALE,2025-10-29,Bayern,27,Urbig J.,607720,nome,Titolare,40,Portiere,UTBdLGkg,4717160.0
DFB-Pokal,1/16 FINALE,2025-10-29,Bayern,27,Laimer K.,223967,nome,Titolare,27,,UTBdLGkg,4717160.0
DFB-Pokal,1/16 FINALE,2025-10-29,Bayern,27,Upamecano D.,344695,nome,Titolare,2,,UTBdLGkg,4717160.0
DFB-Pokal,1/16 FINALE,2025-10-29,Bayern,27,Tah J.,196357,nome,Titolare,4,,UTBdLGkg,4717160.0
DFB-Pokal,1/16 FINALE,2025-10-29,Bayern,27,Stanisic J.,483046,nome,Titolare,44,,UTBdLGkg,4717160.0
DFB-Pokal,1/16 FINALE,2025-10-29,Bayern,27,Kimmich J.,161056,nome,Titolare,6,Capitano,UTBdLGkg,4717160.0
DFB-Pokal,1/16 FINALE,2025-10-29,Bayern,27,Pavlovic A.,792380,nome,Titolare,45,,UTBdLGkg,4717160.0
DFB-Pokal,1/16 FINALE,2025-10-29,Bayern,27,Olise M.,566723,nome,Titolare,17,,UTBdLGkg,4717160.0
DFB-Pokal,1/16 FINALE,2025-10-29,Bayern,27,Gnabry S.,159471,nome,Titolare,7,,UTBdLGkg,4717160.0
DFB-Pokal,1/16 FINALE,2025-10-29,Bayern,27,Diaz L.,480692,nome,Titolare,14,,UTBdLGkg,4717160.0
DFB-Pokal,1/16 FINALE,2025-10-29,Bayern,27,Kane H.,132098,nome,Titolare,9,,UTBdLGkg,4717160.0
DFB-Pokal,1/16 FINALE,2025-10-29,Bayern,27,Bischof T.,822959,nome,Panchina,20,,UTBdLGkg,4717160.0
DFB-Pokal,1/16 FINALE,2025-10-29,Bayern,27,Boey S.,475413,nome,Panchina,23,,UTBdLGkg,4717160.0
DFB-Pokal,1/16 FINALE,2025-10-29,Bayern,27,Goretzka L.,153084,nome,Panchina,8,,UTBdLGkg,4717160.0
DFB-Pokal,1/16 FINALE,2025-10-29,Bayern,27,Guerreiro R.,170986,nome,Panchina,22,,UTBdLGkg,4717160.0
DFB-Pokal,1/16 FINALE,2025-10-29,Bayern,27,Jackson N.,776890,nome,Panchina,11,,UTBdLGkg,4717160.0
DFB-Pokal,1/16 FINALE,2025-10-29,Bayern,27,Karl L.,1075147,nome,Panchina,42,,UTBdLGkg,4717160.0
DFB-Pokal,1/16 FINALE,2025-10-29,Bayern,27,Kim Min-Jae,503482,nome,Panchina,3,,UTBdLGkg,4717160.0
DFB-Pokal,1/16 FINALE,2025-10-29,Bayern,27,Klanac L.,,,Panchina,48,Portiere,UTBdLGkg,4717160.0
DFB-Pokal,1/16 FINALE,2025-10-29,Bayern,27,Mike W.,1084539,nome,Panchina,36,,UTBdLGkg,4717160.0
DFB-Pokal,1/16 FINALE,2025-10-29,Bayern,27,Ulreich S.,40680,nome,Panchina,26,Portiere,UTBdLGkg,4717160.0
DFB-Pokal,1/16 FINALE,2025-10-29,Darmstadt,105,Schuhen M.,93651,nome,Titolare,1,Portiere,QZTU6Hz0,4717158.0
DFB-Pokal,1/16 FINALE,2025-10-29,Darmstadt,105,Pfeiffer P.,391742,nome,Titolare,6,,QZTU6Hz0,4717158.0
DFB-Pokal,1/16 FINALE,2025-10-29,Darmstadt,105,Maglica M.,433388,nome,Titolare,5,,QZTU6Hz0,4717158.0
DFB-Pokal,1/16 FINALE,2025-10-29,Darmstadt,105,Holland F.,54846,nome,Titolare,32,,QZTU6Hz0,4717158.0
DFB-Pokal,1/16 FINALE,2025-10-29,Darmstadt,105,Lopez S.,523972,nome,Titolare,2,,QZTU6Hz0,4717158.0
DFB-Pokal,1/16 FINALE,2025-10-29,Darmstadt,105,Klefisch K.,332624,nome,Titolare,17,,QZTU6Hz0,4717158.0
DFB-Pokal,1/16 FINALE,2025-10-29,Darmstadt,105,Akiyama H.,627533,nome,Titolare,16,,QZTU6Hz0,4717158.0
DFB-Pokal,1/16 FINALE,2025-10-29,Darmstadt,105,Marseiler L.,339057,nome,Titolare,8,,QZTU6Hz0,4717158.0
DFB-Pokal,1/16 FINALE,2025-10-29,Darmstadt,105,Corredor K.,853491,nome,Titolare,34,,QZTU6Hz0,4717158.0
DFB-Pokal,1/16 FINALE,2025-10-29,Darmstadt,105,Hornby F.,388160,nome,Titolare,9,,QZTU6Hz0,4717158.0
DFB-Pokal,1/16 FINALE,2025-10-29,Darmstadt,105,Lidberg I.,322073,nome,Titolare,7,,QZTU6Hz0,4717158.0
DFB-Pokal,1/16 FINALE,2025-10-29,Darmstadt,105,Bader M.,237162,nome,Panchina,26,,QZTU6Hz0,4717158.0
DFB-Pokal,1/16 FINALE,2025-10-29,Darmstadt,105,Bialek B.,535551,nome,Panchina,27,,QZTU6Hz0,4717158.0
DFB-Pokal,1/16 FINALE,2025-10-29,Darmstadt,105,Boetius J-P.,182574,nome,Panchina,10,,QZTU6Hz0,4717158.0
DFB-Pokal,1/16 FINALE,2025-10-29,Darmstadt,105,Borner B.,1008242,nome,Panchina,24,Portiere,QZTU6Hz0,4717158.0
DFB-Pokal,1/16 FINALE,2025-10-29,Darmstadt,105,Klassen L.,441987,nome,Panchina,3,,QZTU6Hz0,4717158.0
DFB-Pokal,1/16 FINALE,2025-10-29,Darmstadt,105,Papela M.,405689,nome,Panchina,21,,QZTU6Hz0,4717158.0
DFB-Pokal,1/16 FINALE,2025-10-29,Darmstadt,105,Richter M.,279009,nome,Panchina,23,,QZTU6Hz0,4717158.0
DFB-Pokal,1/16 FINALE,2025-10-29,Darmstadt,105,Vukotic A.,398851,nome,Panchina,20,,QZTU6Hz0,4717158.0
DFB-Pokal,1/16 FINALE,2025-10-29,Darmstadt,105,Will P.,356640,nome,Panchina,28,,QZTU6Hz0,4717158.0
DFB-Pokal,1/16 FINALE,2025-10-29,Schalke,33,Karius L.,85864,nome,Titolare,1,Portiere,QZTU6Hz0,4717158.0
DFB-Pokal,1/16 FINALE,2025-10-29,Schalke,33,Ayhan M.,969376,nome,Titolare,43,,QZTU6Hz0,4717158.0
DFB-Pokal,1/16 FINALE,2025-10-29,Schalke,33,Katic N.,422051,nome,Titolare,25,,QZTU6Hz0,4717158.0
DFB-Pokal,1/16 FINALE,2025-10-29,Schalke,33,Kurucay H.,292812,nome,Titolare,4,,QZTU6Hz0,4717158.0
DFB-Pokal,1/16 FINALE,2025-10-29,Schalke,33,Gantenbein A.,410870,nome,Titolare,17,,QZTU6Hz0,4717158.0
DFB-Pokal,1/16 FINALE,2025-10-29,Schalke,33,El-Faouzi S.,697740,nome,Titolare,23,,QZTU6Hz0,4717158.0
DFB-Pokal,1/16 FINALE,2025-10-29,Schalke,33,Schallenberg R.,332392,nome,Titolare,6,,QZTU6Hz0,4717158.0
DFB-Pokal,1/16 FINALE,2025-10-29,Schalke,33,Porath F.,241307,nome,Titolare,27,,QZTU6Hz0,4717158.0
DFB-Pokal,1/16 FINALE,2025-10-29,Schalke,33,Bachmann J.,327862,nome,Titolare,14,,QZTU6Hz0,4717158.0
DFB-Pokal,1/16 FINALE,2025-10-29,Schalke,33,Karaman K.,119557,nome,Titolare,19,Capitano,QZTU6Hz0,4717158.0
DFB-Pokal,1/16 FINALE,2025-10-29,Schalke,33,Sylla M.,460655,nome,Titolare,9,,QZTU6Hz0,4717158.0
DFB-Pokal,1/16 FINALE,2025-10-29,Schalke,33,Donkor A.,280553,nome,Panchina,30,,QZTU6Hz0,4717158.0
DFB-Pokal,1/16 FINALE,2025-10-29,Schalke,33,Gruger M.,920946,nome,Panchina,37,,QZTU6Hz0,4717158.0
DFB-Pokal,1/16 FINALE,2025-10-29,Schalke,33,Heekeren J.,453770,nome,Panchina,28,Portiere,QZTU6Hz0,4717158.0
DFB-Pokal,1/16 FINALE,2025-10-29,Schalke,33,Matriciani H.,570160,nome,Panchina,41,,QZTU6Hz0,4717158.0
DFB-Pokal,1/16 FINALE,2025-10-29,Schalke,33,Remmert P.,987122,nome,Panchina,39,,QZTU6Hz0,4717158.0
DFB-Pokal,1/16 FINALE,2025-10-29,Schalke,33,Sanchez F.,1103940,nome,Panchina,2,,QZTU6Hz0,4717158.0
DFB-Pokal,1/16 FINALE,2025-10-29,Schalke,33,Wallentowitz M.,1148239,nome,Panchina,35,,QZTU6Hz0,4717158.0
DFB-Pokal,1/16 FINALE,2025-10-29,Schalke,33,Younes A.,96167,nome,Panchina,8,,QZTU6Hz0,4717158.0
DFB-Pokal,1/16 FINALE,2025-10-29,Schalke,33,Zalazar M.,1017047,nome,Panchina,16,,QZTU6Hz0,4717158.0
DFB-Pokal,1/16 FINALE,2025-10-29,Dusseldorf,38,Kastenmeier F.,255294,nome,Titolare,33,Portiere,Ugemfvif,4717154.0
DFB-Pokal,1/16 FINALE,2025-10-29,Dusseldorf,38,Zimmermann M.,86848,nome,Titolare,25,,Ugemfvif,4717154.0
DFB-Pokal,1/16 FINALE,2025-10-29,Dusseldorf,38,Oberdorf T.,358906,nome,Titolare,15,,Ugemfvif,4717154.0
DFB-Pokal,1/16 FINALE,2025-10-29,Dusseldorf,38,Daland J.,418553,nome,Titolare,2,,Ugemfvif,4717154.0
DFB-Pokal,1/16 FINALE,2025-10-29,Dusseldorf,38,Schmidt K.,527276,nome,Titolare,4,,Ugemfvif,4717154.0
DFB-Pokal,1/16 FINALE,2025-10-29,Dusseldorf,38,El Azzouzi A.,593774,nome,Titolare,8,,Ugemfvif,4717154.0
DFB-Pokal,1/16 FINALE,2025-10-29,Dusseldorf,38,Breithaupt T.,569457,nome,Titolare,6,,Ugemfvif,4717154.0
DFB-Pokal,1/16 FINALE,2025-10-29,Dusseldorf,38,Rasmussen C.,610429,nome,Titolare,10,,Ugemfvif,4717154.0
DFB-Pokal,1/16 FINALE,2025-10-29,Dusseldorf,38,Appelkamp S.,452121,nome,Titolare,23,,Ugemfvif,4717154.0
DFB-Pokal,1/16 FINALE,2025-10-29,Dusseldorf,38,Muslija F.,337036,nome,Titolare,24,,Ugemfvif,4717154.0
DFB-Pokal,1/16 FINALE,2025-10-29,Dusseldorf,38,Itten C.,243856,nome,Titolare,13,,Ugemfvif,4717154.0
DFB-Pokal,1/16 FINALE,2025-10-29,Dusseldorf,38,Celar Z.,340427,nome,Panchina,9,,Ugemfvif,4717154.0
DFB-Pokal,1/16 FINALE,2025-10-29,Dusseldorf,38,de Wijs J.,215096,nome,Panchina,30,,Ugemfvif,4717154.0
DFB-Pokal,1/16 FINALE,2025-10-29,Dusseldorf,38,Egouli E.,946037,nome,Panchina,44,,Ugemfvif,4717154.0
DFB-Pokal,1/16 FINALE,2025-10-29,Dusseldorf,38,Heyer M.,193025,nome,Panchina,5,,Ugemfvif,4717154.0
DFB-Pokal,1/16 FINALE,2025-10-29,Dusseldorf,38,Iyoha E.,314245,nome,Panchina,19,,Ugemfvif,4717154.0
DFB-Pokal,1/16 FINALE,2025-10-29,Dusseldorf,38,Lotka M.,453737,nome,Panchina,1,Portiere,Ugemfvif,4717154.0
DFB-Pokal,1/16 FINALE,2025-10-29,Dusseldorf,38,Raimund L.,907489,nome,Panchina,7,,Ugemfvif,4717154.0
DFB-Pokal,1/16 FINALE,2025-10-29,Dusseldorf,38,Schmidt D.,677032,nome,Panchina,22,,Ugemfvif,4717154.0
DFB-Pokal,1/16 FINALE,2025-10-29,Dusseldorf,38,Suso S.,928265,nome,Panchina,46,,Ugemfvif,4717154.0
DFB-Pokal,1/16 FINALE,2025-10-29,Friburgo,60,Muller F.,284769,nome,Titolare,21,Portiere,Ugemfvif,4717154.0
DFB-Pokal,1/16 FINALE,2025-10-29,Friburgo,60,Kubler L.,93604,nome,Titolare,17,,Ugemfvif,4717154.0
DFB-Pokal,1/16 FINALE,2025-10-29,Friburgo,60,Ginter M.,124502,nome,Titolare,28,,Ugemfvif,4717154.0
DFB-Pokal,1/16 FINALE,2025-10-29,Friburgo,60,Lienhart P.,225657,nome,Titolare,3,,Ugemfvif,4717154.0
DFB-Pokal,1/16 FINALE,2025-10-29,Friburgo,60,Gunter C.,93707,nome,Titolare,30,Capitano,Ugemfvif,4717154.0
DFB-Pokal,1/16 FINALE,2025-10-29,Friburgo,60,Eggestein M.,190284,nome,Titolare,8,,Ugemfvif,4717154.0
DFB-Pokal,1/16 FINALE,2025-10-29,Friburgo,60,Manzambi J.,927353,nome,Titolare,44,,Ugemfvif,4717154.0
DFB-Pokal,1/16 FINALE,2025-10-29,Friburgo,60,Beste J.,342967,eliminazione,Titolare,19,,Ugemfvif,4717154.0
DFB-Pokal,1/16 FINALE,2025-10-29,Friburgo,60,Suzuki Y.,668606,nome,Titolare,14,,Ugemfvif,4717154.0
DFB-Pokal,1/16 FINALE,2025-10-29,Friburgo,60,Grifo V.,185077,nome,Titolare,32,,Ugemfvif,4717154.0
DFB-Pokal,1/16 FINALE,2025-10-29,Friburgo,60,Matanovic I.,605268,nome,Titolare,31,,Ugemfvif,4717154.0
DFB-Pokal,1/16 FINALE,2025-10-29,Friburgo,60,Adamu J.,452477,nome,Panchina,20,,Ugemfvif,4717154.0
DFB-Pokal,1/16 FINALE,2025-10-29,Friburgo,60,Atubolu N.,526845,nome,Panchina,1,Portiere,Ugemfvif,4717154.0
DFB-Pokal,1/16 FINALE,2025-10-29,Friburgo,60,Höfler N.,55099,nome,Panchina,27,,Ugemfvif,4717154.0
DFB-Pokal,1/16 FINALE,2025-10-29,Friburgo,60,Holer L.,248999,nome,Panchina,9,,Ugemfvif,4717154.0
DFB-Pokal,1/16 FINALE,2025-10-29,Friburgo,60,Jung A.,58995,nome,Panchina,5,,Ugemfvif,4717154.0
DFB-Pokal,1/16 FINALE,2025-10-29,Friburgo,60,Makengo J.,815078,nome,Panchina,33,,Ugemfvif,4717154.0
DFB-Pokal,1/16 FINALE,2025-10-29,Friburgo,60,Rosenfelder M.,599419,nome,Panchina,37,,Ugemfvif,4717154.0
DFB-Pokal,1/16 FINALE,2025-10-29,Friburgo,60,Scherhant D.,820957,nome,Panchina,7,,Ugemfvif,4717154.0
DFB-Pokal,1/16 FINALE,2025-10-29,Friburgo,60,Treu P.,335993,nome,Panchina,29,,Ugemfvif,4717154.0
DFB-Pokal,1/16 FINALE,2025-10-29,Union Berlino,89,Ronnow F.,107775,nome,Titolare,1,Portiere,bmSx5e5C,4717156.0
DFB-Pokal,1/16 FINALE,2025-10-29,Union Berlino,89,Doekhi D.,387047,nome,Titolare,5,,bmSx5e5C,4717156.0
DFB-Pokal,1/16 FINALE,2025-10-29,Union Berlino,89,Querfeld L.,597432,nome,Titolare,14,,bmSx5e5C,4717156.0
DFB-Pokal,1/16 FINALE,2025-10-29,Union Berlino,89,Leite D.,357156,nome,Titolare,4,,bmSx5e5C,4717156.0
DFB-Pokal,1/16 FINALE,2025-10-29,Union Berlino,89,Trimmel C.,75921,nome,Titolare,28,Capitano,bmSx5e5C,4717156.0
DFB-Pokal,1/16 FINALE,2025-10-29,Union Berlino,89,Khedira R.,124410,nome,Titolare,8,,bmSx5e5C,4717156.0
DFB-Pokal,1/16 FINALE,2025-10-29,Union Berlino,89,Schafer A.,454863,nome,Titolare,13,,bmSx5e5C,4717156.0
DFB-Pokal,1/16 FINALE,2025-10-29,Union Berlino,89,Rothe T.,798043,nome,Titolare,15,,bmSx5e5C,4717156.0
DFB-Pokal,1/16 FINALE,2025-10-29,Union Berlino,89,Skarke T.,287920,nome,Titolare,21,,bmSx5e5C,4717156.0
DFB-Pokal,1/16 FINALE,2025-10-29,Union Berlino,89,Ilic A.,583699,nome,Titolare,23,,bmSx5e5C,4717156.0
DFB-Pokal,1/16 FINALE,2025-10-29,Union Berlino,89,Ansah I.,1035765,nome,Titolare,10,,bmSx5e5C,4717156.0
DFB-Pokal,1/16 FINALE,2025-10-29,Union Berlino,89,Bogdanov D.,1045446,nome,Panchina,30,,bmSx5e5C,4717156.0
DFB-Pokal,1/16 FINALE,2025-10-29,Union Berlino,89,Burke O.,341317,nome,Panchina,7,,bmSx5e5C,4717156.0
DFB-Pokal,1/16 FINALE,2025-10-29,Union Berlino,89,Haberer J.,177779,nome,Panchina,19,,bmSx5e5C,4717156.0
DFB-Pokal,1/16 FINALE,2025-10-29,Union Berlino,89,Jeong Woo-Yeong,297583,nome,Panchina,11,,bmSx5e5C,4717156.0
DFB-Pokal,1/16 FINALE,2025-10-29,Union Berlino,89,Kemlein A.,692737,nome,Panchina,6,,bmSx5e5C,4717156.0
DFB-Pokal,1/16 FINALE,2025-10-29,Union Berlino,89,Kohn D.,391780,nome,Panchina,39,,bmSx5e5C,4717156.0
DFB-Pokal,1/16 FINALE,2025-10-29,Union Berlino,89,Kral A.,337333,nome,Panchina,33,,bmSx5e5C,4717156.0
DFB-Pokal,1/16 FINALE,2025-10-29,Union Berlino,89,Nsoki S.,371141,nome,Panchina,34,,bmSx5e5C,4717156.0
DFB-Pokal,1/16 FINALE,2025-10-29,Union Berlino,89,Raab M.,386685,nome,Panchina,31,Portiere,bmSx5e5C,4717156.0
DFB-Pokal,1/16 FINALE,2025-10-29,Bielefeld,10,Kersken J.,597804,nome,Titolare,1,Portiere,bmSx5e5C,4717156.0
DFB-Pokal,1/16 FINALE,2025-10-29,Bielefeld,10,Boakye B.,800988,nome,Titolare,27,,bmSx5e5C,4717156.0
DFB-Pokal,1/16 FINALE,2025-10-29,Bielefeld,10,Schneider L.,356325,nome,Titolare,23,,bmSx5e5C,4717156.0
DFB-Pokal,1/16 FINALE,2025-10-29,Bielefeld,10,Grosser M.,528515,nome,Titolare,19,,bmSx5e5C,4717156.0
DFB-Pokal,1/16 FINALE,2025-10-29,Bielefeld,10,Felix J.,400532,nome,Titolare,3,,bmSx5e5C,4717156.0
DFB-Pokal,1/16 FINALE,2025-10-29,Bielefeld,10,Handwerker T.,284177,nome,Titolare,29,,bmSx5e5C,4717156.0
DFB-Pokal,1/16 FINALE,2025-10-29,Bielefeld,10,Momuluh T.,605242,eliminazione,Titolare,14,,bmSx5e5C,4717156.0
DFB-Pokal,1/16 FINALE,2025-10-29,Bielefeld,10,Corboz M.,413859,nome,Titolare,6,Capitano,bmSx5e5C,4717156.0
DFB-Pokal,1/16 FINALE,2025-10-29,Bielefeld,10,Worl M.,786827,nome,Titolare,38,,bmSx5e5C,4717156.0
DFB-Pokal,1/16 FINALE,2025-10-29,Bielefeld,10,Grodowski J.,503854,nome,Titolare,11,,bmSx5e5C,4717156.0
DFB-Pokal,1/16 FINALE,2025-10-29,Bielefeld,10,Sarenren Bazee N.,283001,nome,Titolare,37,,bmSx5e5C,4717156.0
DFB-Pokal,1/16 FINALE,2025-10-29,Bielefeld,10,Hagmann F.,749942,nome,Panchina,2,,bmSx5e5C,4717156.0
DFB-Pokal,1/16 FINALE,2025-10-29,Bielefeld,10,Kania J.,912250,nome,Panchina,7,,bmSx5e5C,4717156.0
DFB-Pokal,1/16 FINALE,2025-10-29,Bielefeld,10,Lannert C.,326921,nome,Panchina,24,,bmSx5e5C,4717156.0
DFB-Pokal,1/16 FINALE,2025-10-29,Bielefeld,10,Mehlem M.,237226,nome,Panchina,10,,bmSx5e5C,4717156.0
DFB-Pokal,1/16 FINALE,2025-10-29,Bielefeld,10,Micheler F.,808664,nome,Panchina,20,,bmSx5e5C,4717156.0
DFB-Pokal,1/16 FINALE,2025-10-29,Bielefeld,10,Oppermann L.,489343,nome,Panchina,18,Portiere,bmSx5e5C,4717156.0
DFB-Pokal,1/16 FINALE,2025-10-29,Bielefeld,10,Schreck S.,335100,nome,Panchina,8,,bmSx5e5C,4717156.0
DFB-Pokal,1/16 FINALE,2025-10-29,Bielefeld,10,Sicker A.,244997,nome,Panchina,17,,bmSx5e5C,4717156.0
DFB-Pokal,1/16 FINALE,2025-10-29,Bielefeld,10,Young I.,433956,nome,Panchina,30,,bmSx5e5C,4717156.0
DFB-Pokal,1/16 FINALE,2025-10-29,Furth,65,Prufrock S.,913422,nome,Titolare,43,Portiere,xfF4JfK5,4717147.0
DFB-Pokal,1/16 FINALE,2025-10-29,Furth,65,Dietz M.,515964,nome,Titolare,33,,xfF4JfK5,4717147.0
DFB-Pokal,1/16 FINALE,2025-10-29,Furth,65,Ziereis P.,152627,nome,Titolare,4,,xfF4JfK5,4717147.0
DFB-Pokal,1/16 FINALE,2025-10-29,Furth,65,Munz R.,934645,nome,Titolare,5,,xfF4JfK5,4717147.0
DFB-Pokal,1/16 FINALE,2025-10-29,Furth,65,Reich L.,957669,nome,Titolare,2,,xfF4JfK5,4717147.0
DFB-Pokal,1/16 FINALE,2025-10-29,Furth,65,Olesen M.,490581,nome,Titolare,8,,xfF4JfK5,4717147.0
DFB-Pokal,1/16 FINALE,2025-10-29,Furth,65,John M.,450234,nome,Titolare,24,,xfF4JfK5,4717147.0
DFB-Pokal,1/16 FINALE,2025-10-29,Furth,65,Abrangao D.,1024556,nome,Titolare,40,,xfF4JfK5,4717147.0
DFB-Pokal,1/16 FINALE,2025-10-29,Furth,65,Klaus F.,89591,nome,Titolare,30,,xfF4JfK5,4717147.0
DFB-Pokal,1/16 FINALE,2025-10-29,Furth,65,Hrgota B.,171209,nome,Titolare,10,Capitano,xfF4JfK5,4717147.0
DFB-Pokal,1/16 FINALE,2025-10-29,Furth,65,Futkeu N.,675535,nome,Titolare,9,,xfF4JfK5,4717147.0
DFB-Pokal,1/16 FINALE,2025-10-29,Furth,65,Boevink P.,406889,nome,Panchina,26,Portiere,xfF4JfK5,4717147.0
DFB-Pokal,1/16 FINALE,2025-10-29,Furth,65,Consbruch J.,511246,nome,Panchina,14,,xfF4JfK5,4717147.0
DFB-Pokal,1/16 FINALE,2025-10-29,Furth,65,Dehm J.,211671,nome,Panchina,23,,xfF4JfK5,4717147.0
DFB-Pokal,1/16 FINALE,2025-10-29,Furth,65,Green J.,161204,nome,Panchina,37,,xfF4JfK5,4717147.0
DFB-Pokal,1/16 FINALE,2025-10-29,Furth,65,Higl F.,230810,nome,Panchina,18,,xfF4JfK5,4717147.0
DFB-Pokal,1/16 FINALE,2025-10-29,Furth,65,Itter G.,296378,eliminazione,Panchina,27,,xfF4JfK5,4717147.0
DFB-Pokal,1/16 FINALE,2025-10-29,Furth,65,Keller A.,727538,nome,Panchina,16,,xfF4JfK5,4717147.0
DFB-Pokal,1/16 FINALE,2025-10-29,Furth,65,Konig N.,685487,nome,Panchina,17,,xfF4JfK5,4717147.0
DFB-Pokal,1/16 FINALE,2025-10-29,Furth,65,Sillah O.,930377,nome,Panchina,42,,xfF4JfK5,4717147.0
DFB-Pokal,1/16 FINALE,2025-10-29,Kaiserslautern,2,Simoni S.,726120,nome,Titolare,25,Portiere,xfF4JfK5,4717147.0
DFB-Pokal,1/16 FINALE,2025-10-29,Kaiserslautern,2,Sirch L.,521928,nome,Titolare,31,,xfF4JfK5,4717147.0
DFB-Pokal,1/16 FINALE,2025-10-29,Kaiserslautern,2,Gyamfi M.,452078,nome,Titolare,4,,xfF4JfK5,4717147.0
DFB-Pokal,1/16 FINALE,2025-10-29,Kaiserslautern,2,Robinson L.,521142,nome,Titolare,37,,xfF4JfK5,4717147.0
DFB-Pokal,1/16 FINALE,2025-10-29,Kaiserslautern,2,Joly P.,806168,nome,Titolare,26,,xfF4JfK5,4717147.0
DFB-Pokal,1/16 FINALE,2025-10-29,Kaiserslautern,2,Kunze F.,334186,nome,Titolare,6,,xfF4JfK5,4717147.0
DFB-Pokal,1/16 FINALE,2025-10-29,Kaiserslautern,2,Sahin S.,566857,nome,Titolare,8,,xfF4JfK5,4717147.0
DFB-Pokal,1/16 FINALE,2025-10-29,Kaiserslautern,2,Kleinhansl F.,448027,nome,Titolare,3,,xfF4JfK5,4717147.0
DFB-Pokal,1/16 FINALE,2025-10-29,Kaiserslautern,2,Skytta N.,567309,nome,Titolare,15,,xfF4JfK5,4717147.0
DFB-Pokal,1/16 FINALE,2025-10-29,Kaiserslautern,2,Alidou F.,456492,nome,Titolare,48,,xfF4JfK5,4717147.0
DFB-Pokal,1/16 FINALE,2025-10-29,Kaiserslautern,2,Ritter M.,151636,nome,Titolare,7,Capitano,xfF4JfK5,4717147.0
DFB-Pokal,1/16 FINALE,2025-10-29,Kaiserslautern,2,Abiama D.,596813,nome,Panchina,27,,xfF4JfK5,4717147.0
DFB-Pokal,1/16 FINALE,2025-10-29,Kaiserslautern,2,Aremu A.,562409,nome,Panchina,23,,xfF4JfK5,4717147.0
DFB-Pokal,1/16 FINALE,2025-10-29,Kaiserslautern,2,Elvedi J.,322506,nome,Panchina,33,,xfF4JfK5,4717147.0
DFB-Pokal,1/16 FINALE,2025-10-29,Kaiserslautern,2,Haas M.,924087,nome,Panchina,22,,xfF4JfK5,4717147.0
DFB-Pokal,1/16 FINALE,2025-10-29,Kaiserslautern,2,Hanslik D.,416809,nome,Panchina,19,,xfF4JfK5,4717147.0
DFB-Pokal,1/16 FINALE,2025-10-29,Kaiserslautern,2,Krahl J.,337082,nome,Panchina,1,Portiere,xfF4JfK5,4717147.0
DFB-Pokal,1/16 FINALE,2025-10-29,Kaiserslautern,2,Raschl T.,384745,nome,Panchina,20,,xfF4JfK5,4717147.0
DFB-Pokal,1/16 FINALE,2025-10-29,Kaiserslautern,2,Tachie R.,390460,nome,Panchina,29,,xfF4JfK5,4717147.0
DFB-Pokal,1/16 FINALE,2025-10-29,Kaiserslautern,2,Wekesser E.,260657,nome,Panchina,13,,xfF4JfK5,4717147.0
DFB-Pokal,1/16 FINALE,2025-10-29,Illertissen,1468,Zok M.,1034101,nome,Titolare,34,Portiere,bPqjEarQ,4717145.0
DFB-Pokal,1/16 FINALE,2025-10-29,Illertissen,1468,Golz M.,521171,nome,Titolare,11,,bPqjEarQ,4717145.0
DFB-Pokal,1/16 FINALE,2025-10-29,Illertissen,1468,Neuberger M.,602821,nome,Titolare,38,,bPqjEarQ,4717145.0
DFB-Pokal,1/16 FINALE,2025-10-29,Illertissen,1468,Zeller M.,381259,nome,Titolare,2,Capitano,bPqjEarQ,4717145.0
DFB-Pokal,1/16 FINALE,2025-10-29,Illertissen,1468,Kopf A.,405681,nome,Titolare,5,,bPqjEarQ,4717145.0
DFB-Pokal,1/16 FINALE,2025-10-29,Illertissen,1468,Heckmann E.,604459,nome,Titolare,23,,bPqjEarQ,4717145.0
DFB-Pokal,1/16 FINALE,2025-10-29,Illertissen,1468,Pfaumann L.,719607,nome,Titolare,18,,bPqjEarQ,4717145.0
DFB-Pokal,1/16 FINALE,2025-10-29,Illertissen,1468,Hingerl M.,195056,nome,Titolare,25,,bPqjEarQ,4717145.0
DFB-Pokal,1/16 FINALE,2025-10-29,Illertissen,1468,Cocic M.,590480,nome,Titolare,8,,bPqjEarQ,4717145.0
DFB-Pokal,1/16 FINALE,2025-10-29,Illertissen,1468,Milic D.,1140776,nome,Titolare,21,,bPqjEarQ,4717145.0
DFB-Pokal,1/16 FINALE,2025-10-29,Illertissen,1468,Glessing Y.,521936,nome,Titolare,7,,bPqjEarQ,4717145.0
DFB-Pokal,1/16 FINALE,2025-10-29,Illertissen,1468,Ekinci P.,1030605,nome,Panchina,15,,bPqjEarQ,4717145.0
DFB-Pokal,1/16 FINALE,2025-10-29,Illertissen,1468,Embaye N.,709271,nome,Panchina,6,,bPqjEarQ,4717145.0
DFB-Pokal,1/16 FINALE,2025-10-29,Illertissen,1468,Fofanah M.,697191,nome,Panchina,9,,bPqjEarQ,4717145.0
DFB-Pokal,1/16 FINALE,2025-10-29,Illertissen,1468,Gerstmayer D.,905743,nome,Panchina,19,,bPqjEarQ,4717145.0
DFB-Pokal,1/16 FINALE,2025-10-29,Illertissen,1468,Hausmann D.,605572,nome,Panchina,13,,bPqjEarQ,4717145.0
DFB-Pokal,1/16 FINALE,2025-10-29,Illertissen,1468,Irigoyen C.,885835,nome,Panchina,20,,bPqjEarQ,4717145.0
DFB-Pokal,1/16 FINALE,2025-10-29,Illertissen,1468,Micic U.,1173654,nome,Panchina,14,,bPqjEarQ,4717145.0
DFB-Pokal,1/16 FINALE,2025-10-29,Illertissen,1468,Ruhle T.,45754,nome,Panchina,31,,bPqjEarQ,4717145.0
DFB-Pokal,1/16 FINALE,2025-10-29,Illertissen,1468,Witte M.,364374,nome,Panchina,1,Portiere,bPqjEarQ,4717145.0
DFB-Pokal,1/16 FINALE,2025-10-29,Magdeburg,187,Reimann D.,238722,nome,Titolare,1,Portiere,bPqjEarQ,4717145.0
DFB-Pokal,1/16 FINALE,2025-10-29,Magdeburg,187,Musonda L.,333859,nome,Titolare,19,,bPqjEarQ,4717145.0
DFB-Pokal,1/16 FINALE,2025-10-29,Magdeburg,187,Muller T.,19483,nome,Titolare,5,,bPqjEarQ,4717145.0
DFB-Pokal,1/16 FINALE,2025-10-29,Magdeburg,187,Heber D.,151583,nome,Titolare,15,,bPqjEarQ,4717145.0
DFB-Pokal,1/16 FINALE,2025-10-29,Magdeburg,187,Nollenberger A.,446625,nome,Titolare,17,,bPqjEarQ,4717145.0
DFB-Pokal,1/16 FINALE,2025-10-29,Magdeburg,187,Krempicki C.,107205,nome,Titolare,13,,bPqjEarQ,4717145.0
DFB-Pokal,1/16 FINALE,2025-10-29,Magdeburg,187,Mathisen M.,268216,nome,Titolare,16,,bPqjEarQ,4717145.0
DFB-Pokal,1/16 FINALE,2025-10-29,Magdeburg,187,Michel F.,527270,nome,Titolare,21,,bPqjEarQ,4717145.0
DFB-Pokal,1/16 FINALE,2025-10-29,Magdeburg,187,Ghrieb R.,503291,nome,Titolare,29,,bPqjEarQ,4717145.0
DFB-Pokal,1/16 FINALE,2025-10-29,Magdeburg,187,Breunig M.,584254,nome,Titolare,9,,bPqjEarQ,4717145.0
DFB-Pokal,1/16 FINALE,2025-10-29,Magdeburg,187,Atik B.,161072,nome,Titolare,23,,bPqjEarQ,4717145.0
DFB-Pokal,1/16 FINALE,2025-10-29,Magdeburg,187,Diawara K.,575319,nome,Panchina,39,,bPqjEarQ,4717145.0
DFB-Pokal,1/16 FINALE,2025-10-29,Magdeburg,187,Geschwill M.,471890,nome,Panchina,28,,bPqjEarQ,4717145.0
DFB-Pokal,1/16 FINALE,2025-10-29,Magdeburg,187,Gnaka S.,481091,nome,Panchina,25,,bPqjEarQ,4717145.0
DFB-Pokal,1/16 FINALE,2025-10-29,Magdeburg,187,Hercher P.,216399,nome,Panchina,27,,bPqjEarQ,4717145.0
DFB-Pokal,1/16 FINALE,2025-10-29,Magdeburg,187,Holmstrom A.,498171,nome,Panchina,11,,bPqjEarQ,4717145.0
DFB-Pokal,1/16 FINALE,2025-10-29,Magdeburg,187,Hyrylainen L.,716898,nome,Panchina,38,,bPqjEarQ,4717145.0
DFB-Pokal,1/16 FINALE,2025-10-29,Magdeburg,187,Kruth N.,818246,nome,Panchina,30,Portiere,bPqjEarQ,4717145.0
DFB-Pokal,1/16 FINALE,2025-10-29,Magdeburg,187,Pesch N.,696028,nome,Panchina,10,,bPqjEarQ,4717145.0
DFB-Pokal,1/16 FINALE,2025-10-29,Magdeburg,187,Ulrich L.,717465,nome,Panchina,8,,bPqjEarQ,4717145.0
DFB-Pokal,1/16 FINALE,2025-10-29,Magonza,39,Zentner R.,160963,nome,Titolare,27,Portiere,QLldhIL6,4717149.0
DFB-Pokal,1/16 FINALE,2025-10-29,Magonza,39,Hanche-Olsen A.,370683,nome,Titolare,25,,QLldhIL6,4717149.0
DFB-Pokal,1/16 FINALE,2025-10-29,Magonza,39,Maloney L.,392710,nome,Titolare,15,,QLldhIL6,4717149.0
DFB-Pokal,1/16 FINALE,2025-10-29,Magonza,39,Kohr D.,118847,nome,Titolare,31,,QLldhIL6,4717149.0
DFB-Pokal,1/16 FINALE,2025-10-29,Magonza,39,Mwene P.,127573,nome,Titolare,2,,QLldhIL6,4717149.0
DFB-Pokal,1/16 FINALE,2025-10-29,Magonza,39,Amiri N.,232454,nome,Titolare,10,,QLldhIL6,4717149.0
DFB-Pokal,1/16 FINALE,2025-10-29,Magonza,39,Sano K.,643574,nome,Titolare,6,,QLldhIL6,4717149.0
DFB-Pokal,1/16 FINALE,2025-10-29,Magonza,39,Widmer S.,168989,nome,Titolare,30,Capitano,QLldhIL6,4717149.0
DFB-Pokal,1/16 FINALE,2025-10-29,Magonza,39,Nebel P.,503160,nome,Titolare,8,,QLldhIL6,4717149.0
DFB-Pokal,1/16 FINALE,2025-10-29,Magonza,39,Lee Jae-Sung,314398,nome,Titolare,7,,QLldhIL6,4717149.0
DFB-Pokal,1/16 FINALE,2025-10-29,Magonza,39,Sieb A.,569033,nome,Titolare,11,,QLldhIL6,4717149.0
DFB-Pokal,1/16 FINALE,2025-10-29,Magonza,39,Bobzien B.,658116,nome,Panchina,37,,QLldhIL6,4717149.0
DFB-Pokal,1/16 FINALE,2025-10-29,Magonza,39,Boving W.,610400,nome,Panchina,14,,QLldhIL6,4717149.0
DFB-Pokal,1/16 FINALE,2025-10-29,Magonza,39,Hollerbach B.,453870,nome,Panchina,17,,QLldhIL6,4717149.0
DFB-Pokal,1/16 FINALE,2025-10-29,Magonza,39,Kawasaki S.,733371,nome,Panchina,24,,QLldhIL6,4717149.0
DFB-Pokal,1/16 FINALE,2025-10-29,Magonza,39,Nordin A.,324811,nome,Panchina,9,,QLldhIL6,4717149.0
DFB-Pokal,1/16 FINALE,2025-10-29,Magonza,39,Potulski K.,1073748,nome,Panchina,48,,QLldhIL6,4717149.0
DFB-Pokal,1/16 FINALE,2025-10-29,Magonza,39,Riess L.,490609,nome,Panchina,1,Portiere,QLldhIL6,4717149.0
DFB-Pokal,1/16 FINALE,2025-10-29,Magonza,39,Veratschnig N.,601143,nome,Panchina,22,,QLldhIL6,4717149.0
DFB-Pokal,1/16 FINALE,2025-10-29,Magonza,39,Weiper N.,796213,nome,Panchina,44,,QLldhIL6,4717149.0
DFB-Pokal,1/16 FINALE,2025-10-29,Stoccarda,79,Bredlow F.,187624,nome,Titolare,1,Portiere,QLldhIL6,4717149.0
DFB-Pokal,1/16 FINALE,2025-10-29,Stoccarda,79,Jaquez L.,539798,nome,Titolare,14,,QLldhIL6,4717149.0
DFB-Pokal,1/16 FINALE,2025-10-29,Stoccarda,79,Chabot J.,303219,nome,Titolare,24,,QLldhIL6,4717149.0
DFB-Pokal,1/16 FINALE,2025-10-29,Stoccarda,79,Hendriks R.,436064,nome,Titolare,3,,QLldhIL6,4717149.0
DFB-Pokal,1/16 FINALE,2025-10-29,Stoccarda,79,Assignon L.,711969,nome,Titolare,22,,QLldhIL6,4717149.0
DFB-Pokal,1/16 FINALE,2025-10-29,Stoccarda,79,Karazor A.,232320,nome,Titolare,16,Capitano,QLldhIL6,4717149.0
DFB-Pokal,1/16 FINALE,2025-10-29,Stoccarda,79,Stiller A.,443710,nome,Titolare,6,,QLldhIL6,4717149.0
DFB-Pokal,1/16 FINALE,2025-10-29,Stoccarda,79,Mittelstadt M.,282660,nome,Titolare,7,,QLldhIL6,4717149.0
DFB-Pokal,1/16 FINALE,2025-10-29,Stoccarda,79,Bouanani B.,707242,nome,Titolare,27,,QLldhIL6,4717149.0
DFB-Pokal,1/16 FINALE,2025-10-29,Stoccarda,79,El Khannouss B.,654982,nome,Titolare,11,,QLldhIL6,4717149.0
DFB-Pokal,1/16 FINALE,2025-10-29,Stoccarda,79,Undav D.,339314,nome,Titolare,26,,QLldhIL6,4717149.0
DFB-Pokal,1/16 FINALE,2025-10-29,Stoccarda,79,Al Dakhil A.,620598,nome,Panchina,2,,QLldhIL6,4717149.0
DFB-Pokal,1/16 FINALE,2025-10-29,Stoccarda,79,Andres C.,948279,nome,Panchina,30,,QLldhIL6,4717149.0
DFB-Pokal,1/16 FINALE,2025-10-29,Stoccarda,79,Fuhrich C.,272278,nome,Panchina,10,,QLldhIL6,4717149.0
DFB-Pokal,1/16 FINALE,2025-10-29,Stoccarda,79,Jeltsch F.,924117,nome,Panchina,29,,QLldhIL6,4717149.0
DFB-Pokal,1/16 FINALE,2025-10-29,Stoccarda,79,Leweling J.,518505,nome,Panchina,18,,QLldhIL6,4717149.0
DFB-Pokal,1/16 FINALE,2025-10-29,Stoccarda,79,Nartey N.,400546,nome,Panchina,28,,QLldhIL6,4717149.0
DFB-Pokal,1/16 FINALE,2025-10-29,Stoccarda,79,Nubel A.,195778,nome,Panchina,33,Portiere,QLldhIL6,4717149.0
DFB-Pokal,1/16 FINALE,2025-10-29,Stoccarda,79,Tomas T.,,,Panchina,8,,QLldhIL6,4717149.0
DFB-Pokal,1/16 FINALE,2025-10-29,Stoccarda,79,Vagnoman J.,448258,nome,Panchina,4,,QLldhIL6,4717149.0
DFB-Pokal,1/16 FINALE,2025-10-29,Paderborn,127,Schubert M.,296741,nome,Titolare,1,Portiere,Ikrv3ZZO,4717159.0
DFB-Pokal,1/16 FINALE,2025-10-29,Paderborn,127,Hansen M.,694132,nome,Titolare,22,,Ikrv3ZZO,4717159.0
DFB-Pokal,1/16 FINALE,2025-10-29,Paderborn,127,Gotze F.,330635,nome,Titolare,20,Capitano,Ikrv3ZZO,4717159.0
DFB-Pokal,1/16 FINALE,2025-10-29,Paderborn,127,Scheller T.,509650,nome,Titolare,25,,Ikrv3ZZO,4717159.0
DFB-Pokal,1/16 FINALE,2025-10-29,Paderborn,127,Curda L.,516978,nome,Titolare,17,,Ikrv3ZZO,4717159.0
DFB-Pokal,1/16 FINALE,2025-10-29,Paderborn,127,Baur M.,720948,nome,Titolare,14,,Ikrv3ZZO,4717159.0
DFB-Pokal,1/16 FINALE,2025-10-29,Paderborn,127,Engelns L.,1116191,nome,Titolare,6,,Ikrv3ZZO,4717159.0
DFB-Pokal,1/16 FINALE,2025-10-29,Paderborn,127,Obermair R.,330699,nome,Titolare,23,,Ikrv3ZZO,4717159.0
DFB-Pokal,1/16 FINALE,2025-10-29,Paderborn,127,Worner M.,793728,nome,Titolare,18,,Ikrv3ZZO,4717159.0
DFB-Pokal,1/16 FINALE,2025-10-29,Paderborn,127,Bilbija F.,602796,nome,Titolare,7,,Ikrv3ZZO,4717159.0
DFB-Pokal,1/16 FINALE,2025-10-29,Paderborn,127,Copado L.,636898,nome,Titolare,28,,Ikrv3ZZO,4717159.0
DFB-Pokal,1/16 FINALE,2025-10-29,Paderborn,127,Batzner N.,443855,nome,Panchina,9,,Ikrv3ZZO,4717159.0
DFB-Pokal,1/16 FINALE,2025-10-29,Paderborn,127,Castaneda S.,1005509,nome,Panchina,5,,Ikrv3ZZO,4717159.0
DFB-Pokal,1/16 FINALE,2025-10-29,Paderborn,127,Klaas S.,378424,nome,Panchina,26,,Ikrv3ZZO,4717159.0
DFB-Pokal,1/16 FINALE,2025-10-29,Paderborn,127,Marino S.,829267,nome,Panchina,30,,Ikrv3ZZO,4717159.0
DFB-Pokal,1/16 FINALE,2025-10-29,Paderborn,127,Michel S.,186988,nome,Panchina,11,,Ikrv3ZZO,4717159.0
DFB-Pokal,1/16 FINALE,2025-10-29,Paderborn,127,Muller R.,907085,nome,Panchina,2,,Ikrv3ZZO,4717159.0
DFB-Pokal,1/16 FINALE,2025-10-29,Paderborn,127,Seimen D.,800946,nome,Panchina,41,Portiere,Ikrv3ZZO,4717159.0
DFB-Pokal,1/16 FINALE,2025-10-29,Paderborn,127,Sticker J.,698843,nome,Panchina,3,,Ikrv3ZZO,4717159.0
DFB-Pokal,1/16 FINALE,2025-10-29,Paderborn,127,Tigges S.,296879,nome,Panchina,27,,Ikrv3ZZO,4717159.0
DFB-Pokal,1/16 FINALE,2025-10-29,Leverkusen,15,Flekken M.,125714,nome,Titolare,1,Portiere,Ikrv3ZZO,4717159.0
DFB-Pokal,1/16 FINALE,2025-10-29,Leverkusen,15,Tapsoba E.,564545,nome,Titolare,12,,Ikrv3ZZO,4717159.0
DFB-Pokal,1/16 FINALE,2025-10-29,Leverkusen,15,Bade L.,730581,nome,Titolare,5,,Ikrv3ZZO,4717159.0
DFB-Pokal,1/16 FINALE,2025-10-29,Leverkusen,15,Belocian J.,919515,nome,Titolare,44,,Ikrv3ZZO,4717159.0
DFB-Pokal,1/16 FINALE,2025-10-29,Leverkusen,15,Arthur,977464,nome,Titolare,13,,Ikrv3ZZO,4717159.0
DFB-Pokal,1/16 FINALE,2025-10-29,Leverkusen,15,Garcia A.,261504,nome,Titolare,24,,Ikrv3ZZO,4717159.0
DFB-Pokal,1/16 FINALE,2025-10-29,Leverkusen,15,Andrich R.,159088,nome,Titolare,8,Capitano,Ikrv3ZZO,4717159.0
DFB-Pokal,1/16 FINALE,2025-10-29,Leverkusen,15,Grimaldo A.,193082,nome,Titolare,20,,Ikrv3ZZO,4717159.0
DFB-Pokal,1/16 FINALE,2025-10-29,Leverkusen,15,Hofmann J.,7161,nome,Titolare,7,,Ikrv3ZZO,4717159.0
DFB-Pokal,1/16 FINALE,2025-10-29,Leverkusen,15,Ben Seghir E.,810895,nome,Titolare,17,,Ikrv3ZZO,4717159.0
DFB-Pokal,1/16 FINALE,2025-10-29,Leverkusen,15,Schick P.,242086,nome,Titolare,14,,Ikrv3ZZO,4717159.0
DFB-Pokal,1/16 FINALE,2025-10-29,Leverkusen,15,Blaswich J.,81173,nome,Panchina,28,Portiere,Ikrv3ZZO,4717159.0
DFB-Pokal,1/16 FINALE,2025-10-29,Leverkusen,15,Culbreath M.,1058514,nome,Panchina,42,,Ikrv3ZZO,4717159.0
DFB-Pokal,1/16 FINALE,2025-10-29,Leverkusen,15,Echeverri C.,994536,nome,Panchina,9,,Ikrv3ZZO,4717159.0
DFB-Pokal,1/16 FINALE,2025-10-29,Leverkusen,15,Kofane C.,1364454,nome,Panchina,35,,Ikrv3ZZO,4717159.0
DFB-Pokal,1/16 FINALE,2025-10-29,Leverkusen,15,Maza I.,905011,nome,Panchina,30,,Ikrv3ZZO,4717159.0
DFB-Pokal,1/16 FINALE,2025-10-29,Leverkusen,15,Poku E.,718303,nome,Panchina,19,,Ikrv3ZZO,4717159.0
DFB-Pokal,1/16 FINALE,2025-10-29,Leverkusen,15,Quansah J.,632349,nome,Panchina,4,,Ikrv3ZZO,4717159.0
DFB-Pokal,1/16 FINALE,2025-10-29,Leverkusen,15,Sarco A.,1000675,nome,Panchina,18,,Ikrv3ZZO,4717159.0
DFB-Pokal,1/16 FINALE,2025-10-29,Leverkusen,15,Terrier M.,442891,nome,Panchina,11,,Ikrv3ZZO,4717159.0
DFB-Pokal,1/16 FINALE,2025-10-28,Augusta,167,Labrovic N.,610190,nome,Titolare,22,Portiere,xdG81MbK,4717148.0
DFB-Pokal,1/16 FINALE,2025-10-28,Augusta,167,Jakic K.,374954,nome,Titolare,17,Capitano,xdG81MbK,4717148.0
DFB-Pokal,1/16 FINALE,2025-10-28,Augusta,167,Matsima C.,569383,nome,Titolare,5,,xdG81MbK,4717148.0
DFB-Pokal,1/16 FINALE,2025-10-28,Augusta,167,Zesiger C.,382478,nome,Titolare,16,,xdG81MbK,4717148.0
DFB-Pokal,1/16 FINALE,2025-10-28,Augusta,167,Kade A.,654234,nome,Titolare,30,,xdG81MbK,4717148.0
DFB-Pokal,1/16 FINALE,2025-10-28,Augusta,167,Fellhauer R.,264960,nome,Titolare,19,,xdG81MbK,4717148.0
DFB-Pokal,1/16 FINALE,2025-10-28,Augusta,167,Rexhbecaj E.,280575,nome,Titolare,8,,xdG81MbK,4717148.0
DFB-Pokal,1/16 FINALE,2025-10-28,Augusta,167,Wolf M.,193900,nome,Titolare,27,,xdG81MbK,4717148.0
DFB-Pokal,1/16 FINALE,2025-10-28,Augusta,167,Rieder F.,507341,nome,Titolare,32,,xdG81MbK,4717148.0
DFB-Pokal,1/16 FINALE,2025-10-28,Augusta,167,Gharbi I.,810096,nome,Titolare,11,,xdG81MbK,4717148.0
DFB-Pokal,1/16 FINALE,2025-10-28,Augusta,167,Tietz P.,288340,nome,Titolare,21,,xdG81MbK,4717148.0
DFB-Pokal,1/16 FINALE,2025-10-28,Augusta,167,Banks N.,923945,nome,Panchina,40,,xdG81MbK,4717148.0
DFB-Pokal,1/16 FINALE,2025-10-28,Augusta,167,Claude-Maurice A.,384593,nome,Panchina,20,,xdG81MbK,4717148.0
DFB-Pokal,1/16 FINALE,2025-10-28,Augusta,167,Dahmen F.,251299,nome,Panchina,1,Portiere,xdG81MbK,4717148.0
DFB-Pokal,1/16 FINALE,2025-10-28,Augusta,167,Essende S.,395522,nome,Panchina,9,,xdG81MbK,4717148.0
DFB-Pokal,1/16 FINALE,2025-10-28,Augusta,167,Giannoulis D.,295630,nome,Panchina,13,,xdG81MbK,4717148.0
DFB-Pokal,1/16 FINALE,2025-10-28,Augusta,167,Komur M.,777005,nome,Panchina,36,,xdG81MbK,4717148.0
DFB-Pokal,1/16 FINALE,2025-10-28,Augusta,167,Massengo H.,536508,nome,Panchina,4,,xdG81MbK,4717148.0
DFB-Pokal,1/16 FINALE,2025-10-28,Augusta,167,Saad E.,526466,nome,Panchina,26,,xdG81MbK,4717148.0
DFB-Pokal,1/16 FINALE,2025-10-28,Augusta,167,Schlotterbeck K.,413843,nome,Panchina,31,,xdG81MbK,4717148.0
DFB-Pokal,1/16 FINALE,2025-10-28,Bochum,80,Horn T.,84938,nome,Titolare,1,Portiere,xdG81MbK,4717148.0
DFB-Pokal,1/16 FINALE,2025-10-28,Bochum,80,Morgalla L.,786822,nome,Titolare,39,,xdG81MbK,4717148.0
DFB-Pokal,1/16 FINALE,2025-10-28,Bochum,80,Loosli N.,265209,nome,Titolare,20,,xdG81MbK,4717148.0
DFB-Pokal,1/16 FINALE,2025-10-28,Bochum,80,Strompf P.,337031,nome,Titolare,3,,xdG81MbK,4717148.0
DFB-Pokal,1/16 FINALE,2025-10-28,Bochum,80,Wittek M.,196793,nome,Titolare,32,,xdG81MbK,4717148.0
DFB-Pokal,1/16 FINALE,2025-10-28,Bochum,80,Lenz C.,1047136,nome,Titolare,34,,xdG81MbK,4717148.0
DFB-Pokal,1/16 FINALE,2025-10-28,Bochum,80,Alfa-Ruprecht F.,897402,nome,Titolare,29,,xdG81MbK,4717148.0
DFB-Pokal,1/16 FINALE,2025-10-28,Bochum,80,Watjen K.,884810,nome,Titolare,8,,xdG81MbK,4717148.0
DFB-Pokal,1/16 FINALE,2025-10-28,Bochum,80,Pannewig M.,796221,nome,Titolare,24,,xdG81MbK,4717148.0
DFB-Pokal,1/16 FINALE,2025-10-28,Bochum,80,Holtmann G.,190289,nome,Titolare,17,,xdG81MbK,4717148.0
DFB-Pokal,1/16 FINALE,2025-10-28,Bochum,80,Onyeka F.,929943,nome,Titolare,21,,xdG81MbK,4717148.0
DFB-Pokal,1/16 FINALE,2025-10-28,Bochum,80,Clairicia M.,969153,nome,Panchina,14,,xdG81MbK,4717148.0
DFB-Pokal,1/16 FINALE,2025-10-28,Bochum,80,Hofmann P.,119037,nome,Panchina,33,,xdG81MbK,4717148.0
DFB-Pokal,1/16 FINALE,2025-10-28,Bochum,80,Koscierski K.,1058515,nome,Panchina,35,,xdG81MbK,4717148.0
DFB-Pokal,1/16 FINALE,2025-10-28,Bochum,80,Kwarteng M.,316575,nome,Panchina,11,,xdG81MbK,4717148.0
DFB-Pokal,1/16 FINALE,2025-10-28,Bochum,80,Masovic E.,343959,nome,Panchina,4,,xdG81MbK,4717148.0
DFB-Pokal,1/16 FINALE,2025-10-28,Bochum,80,Obafemi M.,444208,nome,Panchina,10,,xdG81MbK,4717148.0
DFB-Pokal,1/16 FINALE,2025-10-28,Bochum,80,Passlack F.,274461,nome,Panchina,15,,xdG81MbK,4717148.0
DFB-Pokal,1/16 FINALE,2025-10-28,Bochum,80,Rosch R.,333464,nome,Panchina,26,,xdG81MbK,4717148.0
DFB-Pokal,1/16 FINALE,2025-10-28,Bochum,80,Thiede N.,348778,nome,Panchina,22,Portiere,xdG81MbK,4717148.0
DFB-Pokal,1/16 FINALE,2025-10-28,Cottbus,25,Funk M.,170517,nome,Titolare,33,Portiere,U7zM8w6m,4717151.0
DFB-Pokal,1/16 FINALE,2025-10-28,Cottbus,25,Rorig H.,381755,nome,Titolare,3,,U7zM8w6m,4717151.0
DFB-Pokal,1/16 FINALE,2025-10-28,Cottbus,25,Manu K. S.,,,Titolare,2,,U7zM8w6m,4717151.0
DFB-Pokal,1/16 FINALE,2025-10-28,Cottbus,25,Awortwie-Grant N.,521331,nome,Titolare,23,,U7zM8w6m,4717151.0
DFB-Pokal,1/16 FINALE,2025-10-28,Cottbus,25,Lucoqui A.,240274,nome,Titolare,24,,U7zM8w6m,4717151.0
DFB-Pokal,1/16 FINALE,2025-10-28,Cottbus,25,Borgmann A.,119032,nome,Titolare,20,Capitano,U7zM8w6m,4717151.0
DFB-Pokal,1/16 FINALE,2025-10-28,Cottbus,25,Pelivan D.,178643,nome,Titolare,5,,U7zM8w6m,4717151.0
DFB-Pokal,1/16 FINALE,2025-10-28,Cottbus,25,Hannemann M.,337237,nome,Titolare,11,,U7zM8w6m,4717151.0
DFB-Pokal,1/16 FINALE,2025-10-28,Cottbus,25,Cigerci T.,192266,nome,Titolare,10,,U7zM8w6m,4717151.0
DFB-Pokal,1/16 FINALE,2025-10-28,Cottbus,25,Butler J.,453861,nome,Titolare,31,,U7zM8w6m,4717151.0
DFB-Pokal,1/16 FINALE,2025-10-28,Cottbus,25,Biankadi M.,196843,nome,Titolare,37,,U7zM8w6m,4717151.0
DFB-Pokal,1/16 FINALE,2025-10-28,Cottbus,25,Boziaris J.,815030,nome,Panchina,19,,U7zM8w6m,4717151.0
DFB-Pokal,1/16 FINALE,2025-10-28,Cottbus,25,Campulka T.,434659,nome,Panchina,4,,U7zM8w6m,4717151.0
DFB-Pokal,1/16 FINALE,2025-10-28,Cottbus,25,Engelhardt E.,291537,nome,Panchina,18,,U7zM8w6m,4717151.0
DFB-Pokal,1/16 FINALE,2025-10-28,Cottbus,25,Guwara L.,201135,nome,Panchina,21,,U7zM8w6m,4717151.0
DFB-Pokal,1/16 FINALE,2025-10-28,Cottbus,25,Michelbrink L.,878796,nome,Panchina,8,,U7zM8w6m,4717151.0
DFB-Pokal,1/16 FINALE,2025-10-28,Cottbus,25,Moustfa C. Y.,,,Panchina,17,,U7zM8w6m,4717151.0
DFB-Pokal,1/16 FINALE,2025-10-28,Cottbus,25,Sebald A.,215761,nome,Panchina,1,Portiere,U7zM8w6m,4717151.0
DFB-Pokal,1/16 FINALE,2025-10-28,Cottbus,25,Straudi S.,379879,nome,Panchina,44,,U7zM8w6m,4717151.0
DFB-Pokal,1/16 FINALE,2025-10-28,Cottbus,25,Thiele T.,95354,nome,Panchina,7,,U7zM8w6m,4717151.0
DFB-Pokal,1/16 FINALE,2025-10-28,RB Lipsia,23826,Vandevoordt M.,486046,nome,Titolare,26,Portiere,U7zM8w6m,4717151.0
DFB-Pokal,1/16 FINALE,2025-10-28,RB Lipsia,23826,Baku R.,327251,nome,Titolare,17,,U7zM8w6m,4717151.0
DFB-Pokal,1/16 FINALE,2025-10-28,RB Lipsia,23826,Orban W.,93740,nome,Titolare,4,,U7zM8w6m,4717151.0
DFB-Pokal,1/16 FINALE,2025-10-28,RB Lipsia,23826,Bitshiabu E.,787912,nome,Titolare,5,,U7zM8w6m,4717151.0
DFB-Pokal,1/16 FINALE,2025-10-28,RB Lipsia,23826,Raum D.,318204,nome,Titolare,22,Capitano,U7zM8w6m,4717151.0
DFB-Pokal,1/16 FINALE,2025-10-28,RB Lipsia,23826,Banzuzi E.,865682,nome,Titolare,6,,U7zM8w6m,4717151.0
DFB-Pokal,1/16 FINALE,2025-10-28,RB Lipsia,23826,Seiwald N.,404950,nome,Titolare,13,,U7zM8w6m,4717151.0
DFB-Pokal,1/16 FINALE,2025-10-28,RB Lipsia,23826,Baumgartner C.,324278,nome,Titolare,14,,U7zM8w6m,4717151.0
DFB-Pokal,1/16 FINALE,2025-10-28,RB Lipsia,23826,Bakayoko J.,565424,nome,Titolare,9,,U7zM8w6m,4717151.0
DFB-Pokal,1/16 FINALE,2025-10-28,RB Lipsia,23826,Romulo Cardoso,957874,nome,Titolare,40,,U7zM8w6m,4717151.0
DFB-Pokal,1/16 FINALE,2025-10-28,RB Lipsia,23826,Nusa A.,894914,nome,Titolare,7,,U7zM8w6m,4717151.0
DFB-Pokal,1/16 FINALE,2025-10-28,RB Lipsia,23826,Diomande Y.,1390649,nome,Panchina,49,,U7zM8w6m,4717151.0
DFB-Pokal,1/16 FINALE,2025-10-28,RB Lipsia,23826,Gomis T.,955448,nome,Panchina,27,,U7zM8w6m,4717151.0
DFB-Pokal,1/16 FINALE,2025-10-28,RB Lipsia,23826,Gulacsi P.,57071,nome,Panchina,1,Portiere,U7zM8w6m,4717151.0
DFB-Pokal,1/16 FINALE,2025-10-28,RB Lipsia,23826,Harder C.,807386,nome,Panchina,11,,U7zM8w6m,4717151.0
DFB-Pokal,1/16 FINALE,2025-10-28,RB Lipsia,23826,Klostermann L.,215599,nome,Panchina,16,,U7zM8w6m,4717151.0
DFB-Pokal,1/16 FINALE,2025-10-28,RB Lipsia,23826,Lukeba C.,618472,nome,Panchina,23,,U7zM8w6m,4717151.0
DFB-Pokal,1/16 FINALE,2025-10-28,RB Lipsia,23826,Maksimovic A.,952779,nome,Panchina,33,,U7zM8w6m,4717151.0
DFB-Pokal,1/16 FINALE,2025-10-28,RB Lipsia,23826,Ouedraogo A.,897424,nome,Panchina,20,,U7zM8w6m,4717151.0
DFB-Pokal,1/16 FINALE,2025-10-28,RB Lipsia,23826,Schlager X.,223979,nome,Panchina,24,,U7zM8w6m,4717151.0
DFB-Pokal,1/16 FINALE,2025-10-28,Monchengladbach,18,Nicolas M.,284270,nome,Titolare,33,Portiere,WbTMwJ6D,4717152.0
DFB-Pokal,1/16 FINALE,2025-10-28,Monchengladbach,18,Sander P.,388409,nome,Titolare,16,,WbTMwJ6D,4717152.0
DFB-Pokal,1/16 FINALE,2025-10-28,Monchengladbach,18,Elvedi N.,192635,nome,Titolare,30,,WbTMwJ6D,4717152.0
DFB-Pokal,1/16 FINALE,2025-10-28,Monchengladbach,18,Diks K.,335209,nome,Titolare,4,,WbTMwJ6D,4717152.0
DFB-Pokal,1/16 FINALE,2025-10-28,Monchengladbach,18,Honorat F.,229006,nome,Titolare,9,,WbTMwJ6D,4717152.0
DFB-Pokal,1/16 FINALE,2025-10-28,Monchengladbach,18,Reitz R.,467434,nome,Titolare,27,Capitano,WbTMwJ6D,4717152.0
DFB-Pokal,1/16 FINALE,2025-10-28,Monchengladbach,18,Engelhardt Y.,405670,nome,Titolare,6,,WbTMwJ6D,4717152.0
DFB-Pokal,1/16 FINALE,2025-10-28,Monchengladbach,18,Netz L.,524285,nome,Titolare,20,,WbTMwJ6D,4717152.0
DFB-Pokal,1/16 FINALE,2025-10-28,Monchengladbach,18,Machino S.,550580,nome,Titolare,18,,WbTMwJ6D,4717152.0
DFB-Pokal,1/16 FINALE,2025-10-28,Monchengladbach,18,Tabakovic H.,203123,nome,Titolare,15,,WbTMwJ6D,4717152.0
DFB-Pokal,1/16 FINALE,2025-10-28,Monchengladbach,18,Stoger K.,106872,nome,Titolare,7,,WbTMwJ6D,4717152.0
DFB-Pokal,1/16 FINALE,2025-10-28,Monchengladbach,18,Castrop J.,613192,nome,Panchina,17,,WbTMwJ6D,4717152.0
DFB-Pokal,1/16 FINALE,2025-10-28,Monchengladbach,18,Friedrich M.,196231,nome,Panchina,5,,WbTMwJ6D,4717152.0
DFB-Pokal,1/16 FINALE,2025-10-28,Monchengladbach,18,Mohya W.,1070979,nome,Panchina,36,,WbTMwJ6D,4717152.0
DFB-Pokal,1/16 FINALE,2025-10-28,Monchengladbach,18,Neuhaus F.,278332,nome,Panchina,10,,WbTMwJ6D,4717152.0
DFB-Pokal,1/16 FINALE,2025-10-28,Monchengladbach,18,Omlin J.,247915,nome,Panchina,1,Portiere,WbTMwJ6D,4717152.0
DFB-Pokal,1/16 FINALE,2025-10-28,Monchengladbach,18,Reyna G.,504215,nome,Panchina,13,,WbTMwJ6D,4717152.0
DFB-Pokal,1/16 FINALE,2025-10-28,Monchengladbach,18,Scally J.,504153,nome,Panchina,29,,WbTMwJ6D,4717152.0
DFB-Pokal,1/16 FINALE,2025-10-28,Monchengladbach,18,Ullrich L.,787151,nome,Panchina,26,,WbTMwJ6D,4717152.0
DFB-Pokal,1/16 FINALE,2025-10-28,Monchengladbach,18,Urbich J.,820723,nome,Panchina,40,,WbTMwJ6D,4717152.0
DFB-Pokal,1/16 FINALE,2025-10-28,Karlsruher,48,Bernat C.,400535,nome,Titolare,1,Portiere,WbTMwJ6D,4717152.0
DFB-Pokal,1/16 FINALE,2025-10-28,Karlsruher,48,Kobald C.,307509,nome,Titolare,22,,WbTMwJ6D,4717152.0
DFB-Pokal,1/16 FINALE,2025-10-28,Karlsruher,48,Rapp N.,185427,nome,Titolare,6,,WbTMwJ6D,4717152.0
DFB-Pokal,1/16 FINALE,2025-10-28,Karlsruher,48,Beifus M.,594655,nome,Titolare,4,,WbTMwJ6D,4717152.0
DFB-Pokal,1/16 FINALE,2025-10-28,Karlsruher,48,Muller A.,438315,nome,Titolare,16,,WbTMwJ6D,4717152.0
DFB-Pokal,1/16 FINALE,2025-10-28,Karlsruher,48,Pinto Pedrosa R.,1085900,nome,Titolare,36,,WbTMwJ6D,4717152.0
DFB-Pokal,1/16 FINALE,2025-10-28,Karlsruher,48,Egloff L.,472243,nome,Titolare,25,,WbTMwJ6D,4717152.0
DFB-Pokal,1/16 FINALE,2025-10-28,Karlsruher,48,Wanitzek M.,119581,nome,Titolare,10,Capitano,WbTMwJ6D,4717152.0
DFB-Pokal,1/16 FINALE,2025-10-28,Karlsruher,48,Herold D.,604358,nome,Titolare,20,,WbTMwJ6D,4717152.0
DFB-Pokal,1/16 FINALE,2025-10-28,Karlsruher,48,Forster P.,179635,nome,Titolare,11,,WbTMwJ6D,4717152.0
DFB-Pokal,1/16 FINALE,2025-10-28,Karlsruher,48,Schleusener F.,229176,nome,Titolare,24,,WbTMwJ6D,4717152.0
DFB-Pokal,1/16 FINALE,2025-10-28,Karlsruher,48,Franke M.,152435,nome,Panchina,28,,WbTMwJ6D,4717152.0
DFB-Pokal,1/16 FINALE,2025-10-28,Karlsruher,48,Fukuda S.,1073997,nome,Panchina,13,,WbTMwJ6D,4717152.0
DFB-Pokal,1/16 FINALE,2025-10-28,Karlsruher,48,Geller R.,699589,nome,Panchina,35,,WbTMwJ6D,4717152.0
DFB-Pokal,1/16 FINALE,2025-10-28,Karlsruher,48,Himmelmann R.,53116,nome,Panchina,30,Portiere,WbTMwJ6D,4717152.0
DFB-Pokal,1/16 FINALE,2025-10-28,Karlsruher,48,Laghrissi E.,1163670,nome,Panchina,44,,WbTMwJ6D,4717152.0
DFB-Pokal,1/16 FINALE,2025-10-28,Karlsruher,48,Opitz L.,825073,nome,Panchina,17,,WbTMwJ6D,4717152.0
DFB-Pokal,1/16 FINALE,2025-10-28,Karlsruher,48,Scholl P.,897426,nome,Panchina,15,,WbTMwJ6D,4717152.0
DFB-Pokal,1/16 FINALE,2025-10-28,Karlsruher,48,Simic R.,658693,nome,Panchina,9,,WbTMwJ6D,4717152.0
DFB-Pokal,1/16 FINALE,2025-10-28,Karlsruher,48,Waschenbach M.,696019,nome,Panchina,21,,WbTMwJ6D,4717152.0
DFB-Pokal,1/16 FINALE,2025-10-28,St. Pauli,35,Voll B. A.,453742,eliminazione,Titolare,1,Portiere,8ENmNxLt,4717150.0
DFB-Pokal,1/16 FINALE,2025-10-28,St. Pauli,35,Wahl H.,154147,nome,Titolare,5,,8ENmNxLt,4717150.0
DFB-Pokal,1/16 FINALE,2025-10-28,St. Pauli,35,Smith E.,292534,nome,Titolare,8,Capitano,8ENmNxLt,4717150.0
DFB-Pokal,1/16 FINALE,2025-10-28,St. Pauli,35,Mets K.,139304,nome,Titolare,3,,8ENmNxLt,4717150.0
DFB-Pokal,1/16 FINALE,2025-10-28,St. Pauli,35,Pyrka A.,599733,nome,Titolare,11,,8ENmNxLt,4717150.0
DFB-Pokal,1/16 FINALE,2025-10-28,St. Pauli,35,Sands J.,393321,nome,Titolare,6,,8ENmNxLt,4717150.0
DFB-Pokal,1/16 FINALE,2025-10-28,St. Pauli,35,Fujita J.,697277,nome,Titolare,16,,8ENmNxLt,4717150.0
DFB-Pokal,1/16 FINALE,2025-10-28,St. Pauli,35,Oppie L.,605265,nome,Titolare,23,,8ENmNxLt,4717150.0
DFB-Pokal,1/16 FINALE,2025-10-28,St. Pauli,35,Metcalfe C.,522223,nome,Titolare,24,,8ENmNxLt,4717150.0
DFB-Pokal,1/16 FINALE,2025-10-28,St. Pauli,35,Afolayan O.,487850,nome,Titolare,17,,8ENmNxLt,4717150.0
DFB-Pokal,1/16 FINALE,2025-10-28,St. Pauli,35,Hountondji A.,704155,nome,Titolare,27,,8ENmNxLt,4717150.0
DFB-Pokal,1/16 FINALE,2025-10-28,St. Pauli,35,Ceesay A.,1280281,nome,Panchina,9,,8ENmNxLt,4717150.0
DFB-Pokal,1/16 FINALE,2025-10-28,St. Pauli,35,Dzwigala A.,236966,nome,Panchina,25,,8ENmNxLt,4717150.0
DFB-Pokal,1/16 FINALE,2025-10-28,St. Pauli,35,Irvine J.,192557,nome,Panchina,7,,8ENmNxLt,4717150.0
DFB-Pokal,1/16 FINALE,2025-10-28,St. Pauli,35,Kaars M.,377729,nome,Panchina,19,,8ENmNxLt,4717150.0
DFB-Pokal,1/16 FINALE,2025-10-28,St. Pauli,35,Pereira Lage M.,424072,nome,Panchina,28,,8ENmNxLt,4717150.0
DFB-Pokal,1/16 FINALE,2025-10-28,St. Pauli,35,Ritzka L.,333903,nome,Panchina,21,,8ENmNxLt,4717150.0
DFB-Pokal,1/16 FINALE,2025-10-28,St. Pauli,35,Saliakas M.,242661,nome,Panchina,2,,8ENmNxLt,4717150.0
DFB-Pokal,1/16 FINALE,2025-10-28,St. Pauli,35,Sinani D.,346499,nome,Panchina,10,,8ENmNxLt,4717150.0
DFB-Pokal,1/16 FINALE,2025-10-28,St. Pauli,35,Vasilj N.,248454,nome,Panchina,22,Portiere,8ENmNxLt,4717150.0
DFB-Pokal,1/16 FINALE,2025-10-28,Hoffenheim,533,Baumann O.,55089,nome,Titolare,1,Portiere,8ENmNxLt,4717150.0
DFB-Pokal,1/16 FINALE,2025-10-28,Hoffenheim,533,Prass A.,434116,nome,Titolare,22,,8ENmNxLt,4717150.0
DFB-Pokal,1/16 FINALE,2025-10-28,Hoffenheim,533,Hranac R.,620217,nome,Titolare,2,,8ENmNxLt,4717150.0
DFB-Pokal,1/16 FINALE,2025-10-28,Hoffenheim,533,Hajdari A.,579459,nome,Titolare,21,,8ENmNxLt,4717150.0
DFB-Pokal,1/16 FINALE,2025-10-28,Hoffenheim,533,Bernardo,364258,nome,Titolare,13,,8ENmNxLt,4717150.0
DFB-Pokal,1/16 FINALE,2025-10-28,Hoffenheim,533,Kramaric A.,46580,nome,Titolare,27,,8ENmNxLt,4717150.0
DFB-Pokal,1/16 FINALE,2025-10-28,Hoffenheim,533,Avdullahu L.,667457,nome,Titolare,7,,8ENmNxLt,4717150.0
DFB-Pokal,1/16 FINALE,2025-10-28,Hoffenheim,533,Promel G.,234029,nome,Titolare,6,,8ENmNxLt,4717150.0
DFB-Pokal,1/16 FINALE,2025-10-28,Hoffenheim,533,Toure B.,1067904,nome,Titolare,29,,8ENmNxLt,4717150.0
DFB-Pokal,1/16 FINALE,2025-10-28,Hoffenheim,533,Lemperle T.,553285,nome,Titolare,19,,8ENmNxLt,4717150.0
DFB-Pokal,1/16 FINALE,2025-10-28,Hoffenheim,533,Asllani F.,524290,nome,Titolare,11,,8ENmNxLt,4717150.0
DFB-Pokal,1/16 FINALE,2025-10-28,Hoffenheim,533,Akpoguma K.,160241,nome,Panchina,25,,8ENmNxLt,4717150.0
DFB-Pokal,1/16 FINALE,2025-10-28,Hoffenheim,533,Bebou I.,237164,nome,Panchina,9,,8ENmNxLt,4717150.0
DFB-Pokal,1/16 FINALE,2025-10-28,Hoffenheim,533,Burger W.,412953,nome,Panchina,18,,8ENmNxLt,4717150.0
DFB-Pokal,1/16 FINALE,2025-10-28,Hoffenheim,533,Damar M.,789898,nome,Panchina,10,,8ENmNxLt,4717150.0
DFB-Pokal,1/16 FINALE,2025-10-28,Hoffenheim,533,Erlein L.,1009442,nome,Panchina,54,,8ENmNxLt,4717150.0
DFB-Pokal,1/16 FINALE,2025-10-28,Hoffenheim,533,Kabak O.,361260,nome,Panchina,5,,8ENmNxLt,4717150.0
DFB-Pokal,1/16 FINALE,2025-10-28,Hoffenheim,533,Moerstedt M.,923595,nome,Panchina,33,,8ENmNxLt,4717150.0
DFB-Pokal,1/16 FINALE,2025-10-28,Hoffenheim,533,Philipp L.,432671,nome,Panchina,37,Portiere,8ENmNxLt,4717150.0
DFB-Pokal,1/16 FINALE,2025-10-28,Hoffenheim,533,Tohumcu U.,569031,nome,Panchina,17,,8ENmNxLt,4717150.0
DFB-Pokal,1/16 FINALE,2025-10-28,Francoforte,24,Zetterer M.,196813,nome,Titolare,23,Portiere,dtcud0Ms,4717153.0
DFB-Pokal,1/16 FINALE,2025-10-28,Francoforte,24,Kristensen R.,369684,nome,Titolare,13,,dtcud0Ms,4717153.0
DFB-Pokal,1/16 FINALE,2025-10-28,Francoforte,24,Koch R.,328784,nome,Titolare,4,Capitano,dtcud0Ms,4717153.0
DFB-Pokal,1/16 FINALE,2025-10-28,Francoforte,24,Theate A.,368891,nome,Titolare,3,,dtcud0Ms,4717153.0
DFB-Pokal,1/16 FINALE,2025-10-28,Francoforte,24,Doan R.,358504,nome,Titolare,20,,dtcud0Ms,4717153.0
DFB-Pokal,1/16 FINALE,2025-10-28,Francoforte,24,Chaibi F.,855015,nome,Titolare,8,,dtcud0Ms,4717153.0
DFB-Pokal,1/16 FINALE,2025-10-28,Francoforte,24,Larsson H.,931838,nome,Titolare,16,,dtcud0Ms,4717153.0
DFB-Pokal,1/16 FINALE,2025-10-28,Francoforte,24,Brown N.,691892,nome,Titolare,21,,dtcud0Ms,4717153.0
DFB-Pokal,1/16 FINALE,2025-10-28,Francoforte,24,Gotze M.,74842,nome,Titolare,27,,dtcud0Ms,4717153.0
DFB-Pokal,1/16 FINALE,2025-10-28,Francoforte,24,Knauff A.,429874,nome,Titolare,7,,dtcud0Ms,4717153.0
DFB-Pokal,1/16 FINALE,2025-10-28,Francoforte,24,Burkardt J.,333647,nome,Titolare,9,,dtcud0Ms,4717153.0
DFB-Pokal,1/16 FINALE,2025-10-28,Francoforte,24,Amenda A.,635645,nome,Panchina,5,,dtcud0Ms,4717153.0
DFB-Pokal,1/16 FINALE,2025-10-28,Francoforte,24,Bahoya J.,939964,nome,Panchina,19,,dtcud0Ms,4717153.0
DFB-Pokal,1/16 FINALE,2025-10-28,Francoforte,24,Batshuayi M.,179184,nome,Panchina,30,,dtcud0Ms,4717153.0
DFB-Pokal,1/16 FINALE,2025-10-28,Francoforte,24,Collins N.,684315,nome,Panchina,34,,dtcud0Ms,4717153.0
DFB-Pokal,1/16 FINALE,2025-10-28,Francoforte,24,Dahoud M.,191422,nome,Panchina,18,,dtcud0Ms,4717153.0
DFB-Pokal,1/16 FINALE,2025-10-28,Francoforte,24,Kaua Santos,997861,nome,Panchina,40,Portiere,dtcud0Ms,4717153.0
DFB-Pokal,1/16 FINALE,2025-10-28,Francoforte,24,Skhiri E.,290587,nome,Panchina,15,,dtcud0Ms,4717153.0
DFB-Pokal,1/16 FINALE,2025-10-28,Francoforte,24,Uzun C.,816585,nome,Panchina,42,,dtcud0Ms,4717153.0
DFB-Pokal,1/16 FINALE,2025-10-28,Francoforte,24,Wahi E.,659542,nome,Panchina,17,,dtcud0Ms,4717153.0
DFB-Pokal,1/16 FINALE,2025-10-28,Dortmund,16,Kobel G.,257814,nome,Titolare,1,Portiere,dtcud0Ms,4717153.0
DFB-Pokal,1/16 FINALE,2025-10-28,Dortmund,16,Anselmino A.,1145504,nome,Titolare,28,,dtcud0Ms,4717153.0
DFB-Pokal,1/16 FINALE,2025-10-28,Dortmund,16,Anton W.,193004,nome,Titolare,3,,dtcud0Ms,4717153.0
DFB-Pokal,1/16 FINALE,2025-10-28,Dortmund,16,Schlotterbeck N.,388198,nome,Titolare,4,Capitano,dtcud0Ms,4717153.0
DFB-Pokal,1/16 FINALE,2025-10-28,Dortmund,16,Ryerson J.,370789,nome,Titolare,26,,dtcud0Ms,4717153.0
DFB-Pokal,1/16 FINALE,2025-10-28,Dortmund,16,Sabitzer M.,106987,nome,Titolare,20,,dtcud0Ms,4717153.0
DFB-Pokal,1/16 FINALE,2025-10-28,Dortmund,16,Bellingham J.,796297,nome,Titolare,7,,dtcud0Ms,4717153.0
DFB-Pokal,1/16 FINALE,2025-10-28,Dortmund,16,Svensson D.,579287,nome,Titolare,24,,dtcud0Ms,4717153.0
DFB-Pokal,1/16 FINALE,2025-10-28,Dortmund,16,Adeyemi K.,496094,nome,Titolare,27,,dtcud0Ms,4717153.0
DFB-Pokal,1/16 FINALE,2025-10-28,Dortmund,16,Brandt J.,187492,nome,Titolare,10,,dtcud0Ms,4717153.0
DFB-Pokal,1/16 FINALE,2025-10-28,Dortmund,16,Beier M.,578392,nome,Titolare,14,,dtcud0Ms,4717153.0
DFB-Pokal,1/16 FINALE,2025-10-28,Dortmund,16,Chukwuemeka C.,659459,nome,Panchina,17,,dtcud0Ms,4717153.0
DFB-Pokal,1/16 FINALE,2025-10-28,Dortmund,16,Couto Y.,627228,nome,Panchina,2,,dtcud0Ms,4717153.0
DFB-Pokal,1/16 FINALE,2025-10-28,Dortmund,16,Gross P.,82873,nome,Panchina,13,,dtcud0Ms,4717153.0
DFB-Pokal,1/16 FINALE,2025-10-28,Dortmund,16,Guirassy S.,270541,nome,Panchina,9,,dtcud0Ms,4717153.0
DFB-Pokal,1/16 FINALE,2025-10-28,Dortmund,16,Meyer A.,76158,nome,Panchina,33,Portiere,dtcud0Ms,4717153.0
DFB-Pokal,1/16 FINALE,2025-10-28,Dortmund,16,Nmecha F.,406640,nome,Panchina,8,,dtcud0Ms,4717153.0
DFB-Pokal,1/16 FINALE,2025-10-28,Dortmund,16,Ozcan S.,244940,nome,Panchina,6,,dtcud0Ms,4717153.0
DFB-Pokal,1/16 FINALE,2025-10-28,Dortmund,16,Silva F.,505653,nome,Panchina,21,,dtcud0Ms,4717153.0
DFB-Pokal,1/16 FINALE,2025-10-28,Dortmund,16,Sule N.,166601,nome,Panchina,25,,dtcud0Ms,4717153.0
DFB-Pokal,1/16 FINALE,2025-10-28,Heidenheim,2036,Ramaj D.,448705,nome,Titolare,41,Portiere,Wh8DHYlI,4717146.0
DFB-Pokal,1/16 FINALE,2025-10-28,Heidenheim,2036,Traore O. H.,388294,eliminazione,Titolare,23,,Wh8DHYlI,4717146.0
DFB-Pokal,1/16 FINALE,2025-10-28,Heidenheim,2036,Mainka P.,133731,nome,Titolare,6,Capitano,Wh8DHYlI,4717146.0
DFB-Pokal,1/16 FINALE,2025-10-28,Heidenheim,2036,Siersleben T.,337092,nome,Titolare,4,,Wh8DHYlI,4717146.0
DFB-Pokal,1/16 FINALE,2025-10-28,Heidenheim,2036,Fohrenbach J.,192169,nome,Titolare,19,,Wh8DHYlI,4717146.0
DFB-Pokal,1/16 FINALE,2025-10-28,Heidenheim,2036,Niehues J.,530173,nome,Titolare,16,,Wh8DHYlI,4717146.0
DFB-Pokal,1/16 FINALE,2025-10-28,Heidenheim,2036,Kerber L.,809498,nome,Titolare,20,,Wh8DHYlI,4717146.0
DFB-Pokal,1/16 FINALE,2025-10-28,Heidenheim,2036,Ibrahimovic A.,744728,nome,Titolare,22,,Wh8DHYlI,4717146.0
DFB-Pokal,1/16 FINALE,2025-10-28,Heidenheim,2036,Schoppner J.,581357,nome,Titolare,3,,Wh8DHYlI,4717146.0
DFB-Pokal,1/16 FINALE,2025-10-28,Heidenheim,2036,Schimmer S.,394033,nome,Titolare,9,,Wh8DHYlI,4717146.0
DFB-Pokal,1/16 FINALE,2025-10-28,Heidenheim,2036,Zivzivadze B.,187097,nome,Titolare,11,,Wh8DHYlI,4717146.0
DFB-Pokal,1/16 FINALE,2025-10-28,Heidenheim,2036,Beck A.,273669,nome,Panchina,21,,Wh8DHYlI,4717146.0
DFB-Pokal,1/16 FINALE,2025-10-28,Heidenheim,2036,Busch M.,117478,nome,Panchina,2,,Wh8DHYlI,4717146.0
DFB-Pokal,1/16 FINALE,2025-10-28,Heidenheim,2036,Dorsch N.,251302,nome,Panchina,30,,Wh8DHYlI,4717146.0
DFB-Pokal,1/16 FINALE,2025-10-28,Heidenheim,2036,Gimber B.,227084,nome,Panchina,5,,Wh8DHYlI,4717146.0
DFB-Pokal,1/16 FINALE,2025-10-28,Heidenheim,2036,Honsak M.,283497,nome,Panchina,17,,Wh8DHYlI,4717146.0
DFB-Pokal,1/16 FINALE,2025-10-28,Heidenheim,2036,Keller T.,485747,nome,Panchina,27,,Wh8DHYlI,4717146.0
DFB-Pokal,1/16 FINALE,2025-10-28,Heidenheim,2036,Kolle A.,921431,nome,Panchina,28,,Wh8DHYlI,4717146.0
DFB-Pokal,1/16 FINALE,2025-10-28,Heidenheim,2036,Muller K.,43824,nome,Panchina,1,Portiere,Wh8DHYlI,4717146.0
DFB-Pokal,1/16 FINALE,2025-10-28,Heidenheim,2036,Pieringer M.,471055,nome,Panchina,18,,Wh8DHYlI,4717146.0
DFB-Pokal,1/16 FINALE,2025-10-28,Amburgo,41,Peretz D.,468539,nome,Titolare,26,Portiere,Wh8DHYlI,4717146.0
DFB-Pokal,1/16 FINALE,2025-10-28,Amburgo,41,Torunarigha J.,227110,nome,Titolare,25,,Wh8DHYlI,4717146.0
DFB-Pokal,1/16 FINALE,2025-10-28,Amburgo,41,Vuskovic L.,892160,nome,Titolare,44,,Wh8DHYlI,4717146.0
DFB-Pokal,1/16 FINALE,2025-10-28,Amburgo,41,Elfadli D.,529895,nome,Titolare,8,,Wh8DHYlI,4717146.0
DFB-Pokal,1/16 FINALE,2025-10-28,Amburgo,41,Gocholeishvili G.,540056,nome,Titolare,16,,Wh8DHYlI,4717146.0
DFB-Pokal,1/16 FINALE,2025-10-28,Amburgo,41,Remberg N.,592534,nome,Titolare,21,,Wh8DHYlI,4717146.0
DFB-Pokal,1/16 FINALE,2025-10-28,Amburgo,41,Vieira F.,537598,nome,Titolare,20,,Wh8DHYlI,4717146.0
DFB-Pokal,1/16 FINALE,2025-10-28,Amburgo,41,Muheim M.,298603,nome,Titolare,28,Capitano,Wh8DHYlI,4717146.0
DFB-Pokal,1/16 FINALE,2025-10-28,Amburgo,41,Philippe R.,694507,nome,Titolare,14,,Wh8DHYlI,4717146.0
DFB-Pokal,1/16 FINALE,2025-10-28,Amburgo,41,Konigsdorffer R.,470038,nome,Titolare,11,,Wh8DHYlI,4717146.0
DFB-Pokal,1/16 FINALE,2025-10-28,Amburgo,41,Rossing-Lelesiit A.,1213681,nome,Titolare,38,,Wh8DHYlI,4717146.0
DFB-Pokal,1/16 FINALE,2025-10-28,Amburgo,41,Glatzel R.,196139,nome,Panchina,9,,Wh8DHYlI,4717146.0
DFB-Pokal,1/16 FINALE,2025-10-28,Amburgo,41,Heuer Fernandes D.,84993,nome,Panchina,1,Portiere,Wh8DHYlI,4717146.0
DFB-Pokal,1/16 FINALE,2025-10-28,Amburgo,41,Meffert J.,107574,nome,Panchina,23,,Wh8DHYlI,4717146.0
DFB-Pokal,1/16 FINALE,2025-10-28,Amburgo,41,Mikelbrencis W.,743500,nome,Panchina,2,,Wh8DHYlI,4717146.0
DFB-Pokal,1/16 FINALE,2025-10-28,Amburgo,41,Pherai I.,412935,nome,Panchina,10,,Wh8DHYlI,4717146.0
DFB-Pokal,1/16 FINALE,2025-10-28,Amburgo,41,Poulsen Y.,157635,nome,Panchina,15,,Wh8DHYlI,4717146.0
DFB-Pokal,1/16 FINALE,2025-10-28,Amburgo,41,Ramos G.,340521,nome,Panchina,13,,Wh8DHYlI,4717146.0
DFB-Pokal,1/16 FINALE,2025-10-28,Amburgo,41,Sahiti E.,403177,nome,Panchina,29,,Wh8DHYlI,4717146.0
DFB-Pokal,1/16 FINALE,2025-10-28,Amburgo,41,Soumahoro A.,1052420,nome,Panchina,22,,Wh8DHYlI,4717146.0
DFB-Pokal,1/16 FINALE,2025-10-28,Hertha,44,Ernst T.,553282,nome,Titolare,1,Portiere,AquEuux1,4717157.0
DFB-Pokal,1/16 FINALE,2025-10-28,Hertha,44,Eitschberger J.,706617,nome,Titolare,2,,AquEuux1,4717157.0
DFB-Pokal,1/16 FINALE,2025-10-28,Hertha,44,Gechter L.,692734,nome,Titolare,44,,AquEuux1,4717157.0
DFB-Pokal,1/16 FINALE,2025-10-28,Hertha,44,Dardai M.,432281,nome,Titolare,31,,AquEuux1,4717157.0
DFB-Pokal,1/16 FINALE,2025-10-28,Hertha,44,Karbownik M.,401604,nome,Titolare,33,,AquEuux1,4717157.0
DFB-Pokal,1/16 FINALE,2025-10-28,Hertha,44,Demme D.,82070,nome,Titolare,6,,AquEuux1,4717157.0
DFB-Pokal,1/16 FINALE,2025-10-28,Hertha,44,Eichhorn K.,1214123,nome,Titolare,23,,AquEuux1,4717157.0
DFB-Pokal,1/16 FINALE,2025-10-28,Hertha,44,Krattenmacher M.,829316,nome,Titolare,14,,AquEuux1,4717157.0
DFB-Pokal,1/16 FINALE,2025-10-28,Hertha,44,Cuisance M.,344600,nome,Titolare,10,,AquEuux1,4717157.0
DFB-Pokal,1/16 FINALE,2025-10-28,Hertha,44,Reese F.,227102,nome,Titolare,11,Capitano,AquEuux1,4717157.0
DFB-Pokal,1/16 FINALE,2025-10-28,Hertha,44,Gronning S.,439456,nome,Titolare,17,,AquEuux1,4717157.0
DFB-Pokal,1/16 FINALE,2025-10-28,Hertha,44,Dudziak J.,147359,nome,Panchina,28,,AquEuux1,4717157.0
DFB-Pokal,1/16 FINALE,2025-10-28,Hertha,44,Gersbeck M.,196382,nome,Panchina,35,Portiere,AquEuux1,4717157.0
DFB-Pokal,1/16 FINALE,2025-10-28,Hertha,44,Kolbe N.,388508,nome,Panchina,27,,AquEuux1,4717157.0
DFB-Pokal,1/16 FINALE,2025-10-28,Hertha,44,Leistner T.,86916,nome,Panchina,37,,AquEuux1,4717157.0
DFB-Pokal,1/16 FINALE,2025-10-28,Hertha,44,Schuler L.,388029,nome,Panchina,18,,AquEuux1,4717157.0
DFB-Pokal,1/16 FINALE,2025-10-28,Hertha,44,Seguin P.,183780,nome,Panchina,30,,AquEuux1,4717157.0
DFB-Pokal,1/16 FINALE,2025-10-28,Hertha,44,Sessa K.,448028,nome,Panchina,8,,AquEuux1,4717157.0
DFB-Pokal,1/16 FINALE,2025-10-28,Hertha,44,Thorsteinsson J.,331739,nome,Panchina,24,,AquEuux1,4717157.0
DFB-Pokal,1/16 FINALE,2025-10-28,Hertha,44,Winkler M.,574569,nome,Panchina,22,,AquEuux1,4717157.0
DFB-Pokal,1/16 FINALE,2025-10-28,Elversberg,64,Kristof N.,349465,nome,Titolare,20,Portiere,AquEuux1,4717157.0
DFB-Pokal,1/16 FINALE,2025-10-28,Elversberg,64,Gyamerah J.,192840,nome,Titolare,30,,AquEuux1,4717157.0
DFB-Pokal,1/16 FINALE,2025-10-28,Elversberg,64,Pinckert L.,448259,nome,Titolare,19,Capitano,AquEuux1,4717157.0
DFB-Pokal,1/16 FINALE,2025-10-28,Elversberg,64,Rohr M.,440386,nome,Titolare,31,,AquEuux1,4717157.0
DFB-Pokal,1/16 FINALE,2025-10-28,Elversberg,64,Mickelson N.,430034,nome,Titolare,2,,AquEuux1,4717157.0
DFB-Pokal,1/16 FINALE,2025-10-28,Elversberg,64,Poreba L.,532169,nome,Titolare,8,,AquEuux1,4717157.0
DFB-Pokal,1/16 FINALE,2025-10-28,Elversberg,64,Conde A.,207580,nome,Titolare,6,,AquEuux1,4717157.0
DFB-Pokal,1/16 FINALE,2025-10-28,Elversberg,64,Stange O.,1058520,nome,Titolare,9,,AquEuux1,4717157.0
DFB-Pokal,1/16 FINALE,2025-10-28,Elversberg,64,Conte B.,574193,nome,Titolare,10,,AquEuux1,4717157.0
DFB-Pokal,1/16 FINALE,2025-10-28,Elversberg,64,Zimmerschied T.,337097,nome,Titolare,29,,AquEuux1,4717157.0
DFB-Pokal,1/16 FINALE,2025-10-28,Elversberg,64,Ebnoutalib Y.,692368,nome,Titolare,22,,AquEuux1,4717157.0
DFB-Pokal,1/16 FINALE,2025-10-28,Elversberg,64,Boss T.,85534,nome,Panchina,28,Portiere,AquEuux1,4717157.0
DFB-Pokal,1/16 FINALE,2025-10-28,Elversberg,64,Ceka J.,390661,nome,Panchina,11,,AquEuux1,4717157.0
DFB-Pokal,1/16 FINALE,2025-10-28,Elversberg,64,Gunther L.,522245,nome,Panchina,21,,AquEuux1,4717157.0
DFB-Pokal,1/16 FINALE,2025-10-28,Elversberg,64,Keidel F.,815322,nome,Panchina,43,,AquEuux1,4717157.0
DFB-Pokal,1/16 FINALE,2025-10-28,Elversberg,64,Le Joncour F.,352332,nome,Panchina,3,,AquEuux1,4717157.0
DFB-Pokal,1/16 FINALE,2025-10-28,Elversberg,64,Malanga J.,1031774,nome,Panchina,14,,AquEuux1,4717157.0
DFB-Pokal,1/16 FINALE,2025-10-28,Elversberg,64,Petkov L.,401639,nome,Panchina,25,,AquEuux1,4717157.0
DFB-Pokal,1/16 FINALE,2025-10-28,Elversberg,64,Schmahl F.,604756,nome,Panchina,17,,AquEuux1,4717157.0
DFB-Pokal,1/16 FINALE,2025-10-28,Elversberg,64,Schnellbacher L.,229991,nome,Panchina,24,,AquEuux1,4717157.0
DFB-Pokal,1/16 FINALE,2025-10-28,Wolfsburg,82,Muller M.,118161,nome,Titolare,29,Portiere,IT63jdjJ,4717155.0
DFB-Pokal,1/16 FINALE,2025-10-28,Wolfsburg,82,Kumbedi S.,951579,nome,Titolare,26,,IT63jdjJ,4717155.0
DFB-Pokal,1/16 FINALE,2025-10-28,Wolfsburg,82,Seelt J.,617755,nome,Titolare,14,,IT63jdjJ,4717155.0
DFB-Pokal,1/16 FINALE,2025-10-28,Wolfsburg,82,Koulierakis K.,669380,nome,Titolare,4,,IT63jdjJ,4717155.0
DFB-Pokal,1/16 FINALE,2025-10-28,Wolfsburg,82,Zehnter A.,730484,nome,Titolare,25,,IT63jdjJ,4717155.0
DFB-Pokal,1/16 FINALE,2025-10-28,Wolfsburg,82,Arnold M.,117674,nome,Titolare,27,Capitano,IT63jdjJ,4717155.0
DFB-Pokal,1/16 FINALE,2025-10-28,Wolfsburg,82,Vini Souza,663581,nome,Titolare,5,,IT63jdjJ,4717155.0
DFB-Pokal,1/16 FINALE,2025-10-28,Wolfsburg,82,Skov Olsen A.,432982,nome,Titolare,7,,IT63jdjJ,4717155.0
DFB-Pokal,1/16 FINALE,2025-10-28,Wolfsburg,82,Eriksen C.,69633,nome,Titolare,24,,IT63jdjJ,4717155.0
DFB-Pokal,1/16 FINALE,2025-10-28,Wolfsburg,82,Amoura M.,746910,nome,Titolare,9,,IT63jdjJ,4717155.0
DFB-Pokal,1/16 FINALE,2025-10-28,Wolfsburg,82,Pejcinovic D.,819636,nome,Titolare,17,,IT63jdjJ,4717155.0
DFB-Pokal,1/16 FINALE,2025-10-28,Wolfsburg,82,Angely M.,1075579,nome,Panchina,22,,IT63jdjJ,4717155.0
DFB-Pokal,1/16 FINALE,2025-10-28,Wolfsburg,82,Daghim A.,881297,nome,Panchina,11,,IT63jdjJ,4717155.0
DFB-Pokal,1/16 FINALE,2025-10-28,Wolfsburg,82,Dardai B.,789252,nome,Panchina,8,,IT63jdjJ,4717155.0
DFB-Pokal,1/16 FINALE,2025-10-28,Wolfsburg,82,Gerhardt Y.,119277,nome,Panchina,31,,IT63jdjJ,4717155.0
DFB-Pokal,1/16 FINALE,2025-10-28,Wolfsburg,82,Maehle J.,369674,nome,Panchina,21,,IT63jdjJ,4717155.0
DFB-Pokal,1/16 FINALE,2025-10-28,Wolfsburg,82,Majer L.,387106,nome,Panchina,10,,IT63jdjJ,4717155.0
DFB-Pokal,1/16 FINALE,2025-10-28,Wolfsburg,82,Pervan P.,51977,nome,Panchina,12,Portiere,IT63jdjJ,4717155.0
DFB-Pokal,1/16 FINALE,2025-10-28,Wolfsburg,82,Svanberg M.,342405,nome,Panchina,32,,IT63jdjJ,4717155.0
DFB-Pokal,1/16 FINALE,2025-10-28,Wolfsburg,82,Wimmer P.,533295,nome,Panchina,39,,IT63jdjJ,4717155.0
DFB-Pokal,1/16 FINALE,2025-10-28,Kiel,269,Weiner T.,296428,nome,Titolare,1,Portiere,IT63jdjJ,4717155.0
DFB-Pokal,1/16 FINALE,2025-10-28,Kiel,269,Zec D.,469709,nome,Titolare,26,,IT63jdjJ,4717155.0
DFB-Pokal,1/16 FINALE,2025-10-28,Kiel,269,Johansson C.,225043,nome,Titolare,5,,IT63jdjJ,4717155.0
DFB-Pokal,1/16 FINALE,2025-10-28,Kiel,269,Komenda M.,335631,nome,Titolare,3,,IT63jdjJ,4717155.0
DFB-Pokal,1/16 FINALE,2025-10-28,Kiel,269,Rosenboom L.,512352,nome,Titolare,23,,IT63jdjJ,4717155.0
DFB-Pokal,1/16 FINALE,2025-10-28,Kiel,269,Knudsen M.,651735,nome,Titolare,24,,IT63jdjJ,4717155.0
DFB-Pokal,1/16 FINALE,2025-10-28,Kiel,269,Schwab S.,79612,nome,Titolare,22,,IT63jdjJ,4717155.0
DFB-Pokal,1/16 FINALE,2025-10-28,Kiel,269,Tolkin J.,683812,nome,Titolare,47,,IT63jdjJ,4717155.0
DFB-Pokal,1/16 FINALE,2025-10-28,Kiel,269,Bernhardsson A.,633454,nome,Titolare,11,Capitano,IT63jdjJ,4717155.0
DFB-Pokal,1/16 FINALE,2025-10-28,Kiel,269,Therkelsen J.,1027770,nome,Titolare,10,,IT63jdjJ,4717155.0
DFB-Pokal,1/16 FINALE,2025-10-28,Kiel,269,Kapralik A.,546822,nome,Titolare,20,,IT63jdjJ,4717155.0
DFB-Pokal,1/16 FINALE,2025-10-28,Kiel,269,Harres P.,606119,nome,Panchina,19,,IT63jdjJ,4717155.0
DFB-Pokal,1/16 FINALE,2025-10-28,Kiel,269,Ivezic M.,706024,nome,Panchina,6,,IT63jdjJ,4717155.0
DFB-Pokal,1/16 FINALE,2025-10-28,Kiel,269,Koster L.,630761,nome,Panchina,45,,IT63jdjJ,4717155.0
DFB-Pokal,1/16 FINALE,2025-10-28,Kiel,269,Krumrey J.,531637,nome,Panchina,21,Portiere,IT63jdjJ,4717155.0
DFB-Pokal,1/16 FINALE,2025-10-28,Kiel,269,Muller M.,698523,nome,Panchina,25,,IT63jdjJ,4717155.0
DFB-Pokal,1/16 FINALE,2025-10-28,Kiel,269,Nekic I.,464333,nome,Panchina,13,,IT63jdjJ,4717155.0
DFB-Pokal,1/16 FINALE,2025-10-28,Kiel,269,Niehoff N.,806073,nome,Panchina,29,,IT63jdjJ,4717155.0
DFB-Pokal,1/16 FINALE,2025-10-28,Kiel,269,Roslyng F.,1051739,nome,Panchina,2,,IT63jdjJ,4717155.0
DFB-Pokal,1/16 FINALE,2025-10-28,Kiel,269,Wagner R.,690429,nome,Panchina,39,,IT63jdjJ,4717155.0
DFB-Pokal,1/32 FINALE,2025-08-27,Wehen,108,Stritzel F.,148096,nome,Titolare,16,Portiere,tMhdEiQ1,4623575.0
DFB-Pokal,1/32 FINALE,2025-08-27,Wehen,108,Mockenhaupt S.,147216,nome,Titolare,4,,tMhdEiQ1,4623575.0
DFB-Pokal,1/32 FINALE,2025-08-27,Wehen,108,Gillekens J.,465307,nome,Titolare,27,,tMhdEiQ1,4623575.0
DFB-Pokal,1/32 FINALE,2025-08-27,Wehen,108,Janitzek J.,639580,nome,Titolare,15,,tMhdEiQ1,4623575.0
DFB-Pokal,1/32 FINALE,2025-08-27,Wehen,108,May N.,597001,nome,Titolare,5,,tMhdEiQ1,4623575.0
DFB-Pokal,1/32 FINALE,2025-08-27,Wehen,108,Schleimer L.,479273,nome,Titolare,37,,tMhdEiQ1,4623575.0
DFB-Pokal,1/32 FINALE,2025-08-27,Wehen,108,Bogicevic D.,742548,nome,Titolare,8,,tMhdEiQ1,4623575.0
DFB-Pokal,1/32 FINALE,2025-08-27,Wehen,108,Gozusirin T.,489363,nome,Titolare,11,,tMhdEiQ1,4623575.0
DFB-Pokal,1/32 FINALE,2025-08-27,Wehen,108,Johansson R.,351071,nome,Titolare,20,,tMhdEiQ1,4623575.0
DFB-Pokal,1/32 FINALE,2025-08-27,Wehen,108,Kaya F.,368825,nome,Titolare,29,Capitano,tMhdEiQ1,4623575.0
DFB-Pokal,1/32 FINALE,2025-08-27,Wehen,108,Agrafiotis N.,477274,nome,Titolare,25,,tMhdEiQ1,4623575.0
DFB-Pokal,1/32 FINALE,2025-08-27,Wehen,108,Becker J.,1155273,nome,Panchina,44,,tMhdEiQ1,4623575.0
DFB-Pokal,1/32 FINALE,2025-08-27,Wehen,108,Brdar N.,820760,nome,Panchina,31,Portiere,tMhdEiQ1,4623575.0
DFB-Pokal,1/32 FINALE,2025-08-27,Wehen,108,Fechner G.,264633,nome,Panchina,6,,tMhdEiQ1,4623575.0
DFB-Pokal,1/32 FINALE,2025-08-27,Wehen,108,Flotho M.,859433,nome,Panchina,28,,tMhdEiQ1,4623575.0
DFB-Pokal,1/32 FINALE,2025-08-27,Wehen,108,Greilinger F.,435798,nome,Panchina,18,,tMhdEiQ1,4623575.0
DFB-Pokal,1/32 FINALE,2025-08-27,Wehen,108,Lewald J.,287220,nome,Panchina,26,,tMhdEiQ1,4623575.0
DFB-Pokal,1/32 FINALE,2025-08-27,Wehen,108,Nejad M.,729177,nome,Panchina,22,,tMhdEiQ1,4623575.0
DFB-Pokal,1/32 FINALE,2025-08-27,Wehen,108,Neubert T.,1137144,nome,Panchina,24,,tMhdEiQ1,4623575.0
DFB-Pokal,1/32 FINALE,2025-08-27,Wehen,108,Wohlers O.,447883,nome,Panchina,21,,tMhdEiQ1,4623575.0
DFB-Pokal,1/32 FINALE,2025-08-27,Bayern,27,Urbig J.,607720,nome,Titolare,40,Portiere,tMhdEiQ1,4623575.0
DFB-Pokal,1/32 FINALE,2025-08-27,Bayern,27,Boey S.,475413,nome,Titolare,23,,tMhdEiQ1,4623575.0
DFB-Pokal,1/32 FINALE,2025-08-27,Bayern,27,Tah J.,196357,nome,Titolare,4,,tMhdEiQ1,4623575.0
DFB-Pokal,1/32 FINALE,2025-08-27,Bayern,27,Kim Min-Jae,503482,nome,Titolare,3,,tMhdEiQ1,4623575.0
DFB-Pokal,1/32 FINALE,2025-08-27,Bayern,27,Guerreiro R.,170986,nome,Titolare,22,,tMhdEiQ1,4623575.0
DFB-Pokal,1/32 FINALE,2025-08-27,Bayern,27,Kimmich J.,161056,nome,Titolare,6,Capitano,tMhdEiQ1,4623575.0
DFB-Pokal,1/32 FINALE,2025-08-27,Bayern,27,Pavlovic A.,792380,nome,Titolare,45,,tMhdEiQ1,4623575.0
DFB-Pokal,1/32 FINALE,2025-08-27,Bayern,27,Olise M.,566723,nome,Titolare,17,,tMhdEiQ1,4623575.0
DFB-Pokal,1/32 FINALE,2025-08-27,Bayern,27,Karl L.,1075147,nome,Titolare,42,,tMhdEiQ1,4623575.0
DFB-Pokal,1/32 FINALE,2025-08-27,Bayern,27,Diaz L.,480692,nome,Titolare,14,,tMhdEiQ1,4623575.0
DFB-Pokal,1/32 FINALE,2025-08-27,Bayern,27,Kane H.,132098,nome,Titolare,9,,tMhdEiQ1,4623575.0
DFB-Pokal,1/32 FINALE,2025-08-27,Bayern,27,Gnabry S.,159471,nome,Panchina,7,,tMhdEiQ1,4623575.0
DFB-Pokal,1/32 FINALE,2025-08-27,Bayern,27,Goretzka L.,153084,nome,Panchina,8,,tMhdEiQ1,4623575.0
DFB-Pokal,1/32 FINALE,2025-08-27,Bayern,27,Kiala C.,1259870,nome,Panchina,30,,tMhdEiQ1,4623575.0
DFB-Pokal,1/32 FINALE,2025-08-27,Bayern,27,Klanac L.,1009439,nome,Panchina,48,Portiere,tMhdEiQ1,4623575.0
DFB-Pokal,1/32 FINALE,2025-08-27,Bayern,27,Kusi Asare J.,1069512,nome,Panchina,41,,tMhdEiQ1,4623575.0
DFB-Pokal,1/32 FINALE,2025-08-27,Bayern,27,Laimer K.,223967,nome,Panchina,27,,tMhdEiQ1,4623575.0
DFB-Pokal,1/32 FINALE,2025-08-27,Bayern,27,Mike W.,1084539,nome,Panchina,36,,tMhdEiQ1,4623575.0
DFB-Pokal,1/32 FINALE,2025-08-27,Bayern,27,Stanisic J.,483046,nome,Panchina,44,,tMhdEiQ1,4623575.0
DFB-Pokal,1/32 FINALE,2025-08-27,Bayern,27,Upamecano D.,344695,nome,Panchina,2,,tMhdEiQ1,4623575.0
DFB-Pokal,1/32 FINALE,2025-08-26,Braunschweig,23,Hoffmann R.,317444,nome,Titolare,1,Portiere,Uuv9JRpp,4623595.0
DFB-Pokal,1/32 FINALE,2025-08-26,Braunschweig,23,Ehlers K.,447783,nome,Titolare,21,,Uuv9JRpp,4623595.0
DFB-Pokal,1/32 FINALE,2025-08-26,Braunschweig,23,Frenkert L.,563966,nome,Titolare,29,,Uuv9JRpp,4623595.0
DFB-Pokal,1/32 FINALE,2025-08-26,Braunschweig,23,Breunig L.,760069,nome,Titolare,16,,Uuv9JRpp,4623595.0
DFB-Pokal,1/32 FINALE,2025-08-26,Braunschweig,23,Aydin M.,472242,nome,Titolare,8,,Uuv9JRpp,4623595.0
DFB-Pokal,1/32 FINALE,2025-08-26,Braunschweig,23,Kohler S.,202604,nome,Titolare,27,Capitano,Uuv9JRpp,4623595.0
DFB-Pokal,1/32 FINALE,2025-08-26,Braunschweig,23,Marie M.,729176,nome,Titolare,15,,Uuv9JRpp,4623595.0
DFB-Pokal,1/32 FINALE,2025-08-26,Braunschweig,23,Di Michele Sanchez F.,676889,nome,Titolare,22,,Uuv9JRpp,4623595.0
DFB-Pokal,1/32 FINALE,2025-08-26,Braunschweig,23,Gomez J.,673925,nome,Titolare,44,,Uuv9JRpp,4623595.0
DFB-Pokal,1/32 FINALE,2025-08-26,Braunschweig,23,Heusser R.,337042,nome,Titolare,30,,Uuv9JRpp,4623595.0
DFB-Pokal,1/32 FINALE,2025-08-26,Braunschweig,23,Yardimci E.,618898,nome,Titolare,9,,Uuv9JRpp,4623595.0
DFB-Pokal,1/32 FINALE,2025-08-26,Braunschweig,23,Ba S.,717346,nome,Panchina,25,,Uuv9JRpp,4623595.0
DFB-Pokal,1/32 FINALE,2025-08-26,Braunschweig,23,Bell Bell L.,232355,nome,Panchina,19,,Uuv9JRpp,4623595.0
DFB-Pokal,1/32 FINALE,2025-08-26,Braunschweig,23,Conteh C.,530298,nome,Panchina,32,,Uuv9JRpp,4623595.0
DFB-Pokal,1/32 FINALE,2025-08-26,Braunschweig,23,Kaufmann F.,160980,nome,Panchina,7,,Uuv9JRpp,4623595.0
DFB-Pokal,1/32 FINALE,2025-08-26,Braunschweig,23,Ould Chikh W.,597104,nome,Panchina,10,,Uuv9JRpp,4623595.0
DFB-Pokal,1/32 FINALE,2025-08-26,Braunschweig,23,Polter S.,60957,nome,Panchina,17,,Uuv9JRpp,4623595.0
DFB-Pokal,1/32 FINALE,2025-08-26,Braunschweig,23,Rajkovacic M.,691071,nome,Panchina,33,Portiere,Uuv9JRpp,4623595.0
DFB-Pokal,1/32 FINALE,2025-08-26,Braunschweig,23,Sane S.,410561,nome,Panchina,24,,Uuv9JRpp,4623595.0
DFB-Pokal,1/32 FINALE,2025-08-26,Braunschweig,23,Szabo L.,342989,nome,Panchina,11,,Uuv9JRpp,4623595.0
DFB-Pokal,1/32 FINALE,2025-08-26,Stoccarda,79,Nubel A.,195778,nome,Titolare,33,Portiere,Uuv9JRpp,4623595.0
DFB-Pokal,1/32 FINALE,2025-08-26,Stoccarda,79,Assignon L.,711969,nome,Titolare,22,,Uuv9JRpp,4623595.0
DFB-Pokal,1/32 FINALE,2025-08-26,Stoccarda,79,Jeltsch F.,924117,nome,Titolare,29,,Uuv9JRpp,4623595.0
DFB-Pokal,1/32 FINALE,2025-08-26,Stoccarda,79,Hendriks R.,436064,nome,Titolare,3,,Uuv9JRpp,4623595.0
DFB-Pokal,1/32 FINALE,2025-08-26,Stoccarda,79,Mittelstadt M.,282660,nome,Titolare,7,,Uuv9JRpp,4623595.0
DFB-Pokal,1/32 FINALE,2025-08-26,Stoccarda,79,Karazor A.,232320,nome,Titolare,16,Capitano,Uuv9JRpp,4623595.0
DFB-Pokal,1/32 FINALE,2025-08-26,Stoccarda,79,Stiller A.,443710,nome,Titolare,6,,Uuv9JRpp,4623595.0
DFB-Pokal,1/32 FINALE,2025-08-26,Stoccarda,79,Tomas T.,616344,nome,Titolare,8,,Uuv9JRpp,4623595.0
DFB-Pokal,1/32 FINALE,2025-08-26,Stoccarda,79,Undav D.,339314,nome,Titolare,26,,Uuv9JRpp,4623595.0
DFB-Pokal,1/32 FINALE,2025-08-26,Stoccarda,79,Fuhrich C.,272278,nome,Titolare,10,,Uuv9JRpp,4623595.0
DFB-Pokal,1/32 FINALE,2025-08-26,Stoccarda,79,Demirovic E.,335457,nome,Titolare,9,,Uuv9JRpp,4623595.0
DFB-Pokal,1/32 FINALE,2025-08-26,Stoccarda,79,Andres C.,948279,nome,Panchina,30,,Uuv9JRpp,4623595.0
DFB-Pokal,1/32 FINALE,2025-08-26,Stoccarda,79,Bredlow F.,187624,nome,Panchina,1,Portiere,Uuv9JRpp,4623595.0
DFB-Pokal,1/32 FINALE,2025-08-26,Stoccarda,79,Jovanovic L.,897505,nome,Panchina,45,,Uuv9JRpp,4623595.0
DFB-Pokal,1/32 FINALE,2025-08-26,Stoccarda,79,Leweling J.,518505,nome,Panchina,18,,Uuv9JRpp,4623595.0
DFB-Pokal,1/32 FINALE,2025-08-26,Stoccarda,79,Nartey N.,400546,nome,Panchina,28,,Uuv9JRpp,4623595.0
DFB-Pokal,1/32 FINALE,2025-08-26,Stoccarda,79,Stenzel P.,195246,nome,Panchina,15,,Uuv9JRpp,4623595.0
DFB-Pokal,1/32 FINALE,2025-08-26,Stoccarda,79,Vagnoman J.,448258,nome,Panchina,4,,Uuv9JRpp,4623595.0
DFB-Pokal,1/32 FINALE,2025-08-26,Stoccarda,79,Woltemade N.,455661,nome,Panchina,11,,Uuv9JRpp,4623595.0
DFB-Pokal,1/32 FINALE,2025-08-26,Stoccarda,79,Zagadou D.,344598,nome,Panchina,23,,Uuv9JRpp,4623595.0
DFB-Pokal,1/32 FINALE,2025-08-18,RW Essen,56,Golz J.,288650,nome,Titolare,1,Portiere,pfamGDek,4623596.0
DFB-Pokal,1/32 FINALE,2025-08-18,RW Essen,56,Rios Alonso J.,343374,nome,Titolare,23,,pfamGDek,4623596.0
DFB-Pokal,1/32 FINALE,2025-08-18,RW Essen,56,Schultz M.,126424,nome,Titolare,4,Capitano,pfamGDek,4623596.0
DFB-Pokal,1/32 FINALE,2025-08-18,RW Essen,56,Kraulich T.,405784,nome,Titolare,33,,pfamGDek,4623596.0
DFB-Pokal,1/32 FINALE,2025-08-18,RW Essen,56,Hofmann J.,594747,nome,Titolare,37,,pfamGDek,4623596.0
DFB-Pokal,1/32 FINALE,2025-08-18,RW Essen,56,Moustier T.,782889,nome,Titolare,28,,pfamGDek,4623596.0
DFB-Pokal,1/32 FINALE,2025-08-18,RW Essen,56,Gjasula K.,57598,nome,Titolare,8,,pfamGDek,4623596.0
DFB-Pokal,1/32 FINALE,2025-08-18,RW Essen,56,Brumme L.,392714,nome,Titolare,14,,pfamGDek,4623596.0
DFB-Pokal,1/32 FINALE,2025-08-18,RW Essen,56,Safi R.,600414,nome,Titolare,7,,pfamGDek,4623596.0
DFB-Pokal,1/32 FINALE,2025-08-18,RW Essen,56,Mizuta K.,677794,nome,Titolare,24,,pfamGDek,4623596.0
DFB-Pokal,1/32 FINALE,2025-08-18,RW Essen,56,Arslan A.,209686,nome,Titolare,6,,pfamGDek,4623596.0
DFB-Pokal,1/32 FINALE,2025-08-18,RW Essen,56,Bazzoli L.,493899,nome,Panchina,32,,pfamGDek,4623596.0
DFB-Pokal,1/32 FINALE,2025-08-18,RW Essen,56,Bouebari F.,1029294,nome,Panchina,19,,pfamGDek,4623596.0
DFB-Pokal,1/32 FINALE,2025-08-18,RW Essen,56,Kaiser N.,606098,nome,Panchina,18,,pfamGDek,4623596.0
DFB-Pokal,1/32 FINALE,2025-08-18,RW Essen,56,Martinovic D.,227093,nome,Panchina,11,,pfamGDek,4623596.0
DFB-Pokal,1/32 FINALE,2025-08-18,RW Essen,56,Musel T.,368860,nome,Panchina,26,,pfamGDek,4623596.0
DFB-Pokal,1/32 FINALE,2025-08-18,RW Essen,56,Obuz M.,522084,nome,Panchina,10,,pfamGDek,4623596.0
DFB-Pokal,1/32 FINALE,2025-08-18,RW Essen,56,Owusu K.,729181,nome,Panchina,30,,pfamGDek,4623596.0
DFB-Pokal,1/32 FINALE,2025-08-18,RW Essen,56,Swajkowski G.,891948,nome,Panchina,39,,pfamGDek,4623596.0
DFB-Pokal,1/32 FINALE,2025-08-18,RW Essen,56,Wienand F.,553449,nome,Panchina,35,Portiere,pfamGDek,4623596.0
DFB-Pokal,1/32 FINALE,2025-08-18,Dortmund,16,Kobel G.,257814,nome,Titolare,1,Portiere,pfamGDek,4623596.0
DFB-Pokal,1/32 FINALE,2025-08-18,Dortmund,16,Mane F.,883007,nome,Titolare,39,,pfamGDek,4623596.0
DFB-Pokal,1/32 FINALE,2025-08-18,Dortmund,16,Anton W.,193004,nome,Titolare,3,,pfamGDek,4623596.0
DFB-Pokal,1/32 FINALE,2025-08-18,Dortmund,16,Bensebaini R.,284732,nome,Titolare,5,,pfamGDek,4623596.0
DFB-Pokal,1/32 FINALE,2025-08-18,Dortmund,16,Couto Y.,627228,nome,Titolare,2,,pfamGDek,4623596.0
DFB-Pokal,1/32 FINALE,2025-08-18,Dortmund,16,Gross P.,82873,nome,Titolare,13,,pfamGDek,4623596.0
DFB-Pokal,1/32 FINALE,2025-08-18,Dortmund,16,Sabitzer M.,106987,nome,Titolare,20,,pfamGDek,4623596.0
DFB-Pokal,1/32 FINALE,2025-08-18,Dortmund,16,Nmecha F.,406640,nome,Titolare,8,,pfamGDek,4623596.0
DFB-Pokal,1/32 FINALE,2025-08-18,Dortmund,16,Svensson D.,579287,nome,Titolare,24,,pfamGDek,4623596.0
DFB-Pokal,1/32 FINALE,2025-08-18,Dortmund,16,Guirassy S.,270541,nome,Titolare,9,,pfamGDek,4623596.0
DFB-Pokal,1/32 FINALE,2025-08-18,Dortmund,16,Beier M.,578392,nome,Titolare,14,,pfamGDek,4623596.0
DFB-Pokal,1/32 FINALE,2025-08-18,Dortmund,16,Adeyemi K.,496094,nome,Panchina,27,,pfamGDek,4623596.0
DFB-Pokal,1/32 FINALE,2025-08-18,Dortmund,16,Bellingham J.,796297,nome,Panchina,7,,pfamGDek,4623596.0
DFB-Pokal,1/32 FINALE,2025-08-18,Dortmund,16,Brandt J.,187492,nome,Panchina,10,,pfamGDek,4623596.0
DFB-Pokal,1/32 FINALE,2025-08-18,Dortmund,16,Campbell C.,866579,nome,Panchina,37,,pfamGDek,4623596.0
DFB-Pokal,1/32 FINALE,2025-08-18,Dortmund,16,Kabar A.,884820,nome,Panchina,42,,pfamGDek,4623596.0
DFB-Pokal,1/32 FINALE,2025-08-18,Dortmund,16,Luhrs Y.,627356,nome,Panchina,49,,pfamGDek,4623596.0
DFB-Pokal,1/32 FINALE,2025-08-18,Dortmund,16,Meyer A.,76158,nome,Panchina,33,Portiere,pfamGDek,4623596.0
DFB-Pokal,1/32 FINALE,2025-08-18,Dortmund,16,Ozcan S.,244940,nome,Panchina,6,,pfamGDek,4623596.0
DFB-Pokal,1/32 FINALE,2025-08-18,Dortmund,16,Reyna G.,504215,nome,Panchina,21,,pfamGDek,4623596.0
DFB-Pokal,1/32 FINALE,2025-08-18,Dresda,129,Schreiber T.,426685,nome,Titolare,1,Portiere,2FTFQLFO,4623572.0
DFB-Pokal,1/32 FINALE,2025-08-18,Dresda,129,Faber K.,406762,nome,Titolare,2,,2FTFQLFO,4623572.0
DFB-Pokal,1/32 FINALE,2025-08-18,Dresda,129,Boeder L.,227078,nome,Titolare,29,,2FTFQLFO,4623572.0
DFB-Pokal,1/32 FINALE,2025-08-18,Dresda,129,Bunning L.,379114,nome,Titolare,23,,2FTFQLFO,4623572.0
DFB-Pokal,1/32 FINALE,2025-08-18,Dresda,129,Risch S.,383354,nome,Titolare,28,,2FTFQLFO,4623572.0
DFB-Pokal,1/32 FINALE,2025-08-18,Dresda,129,Amoako K.,814950,nome,Titolare,6,,2FTFQLFO,4623572.0
DFB-Pokal,1/32 FINALE,2025-08-18,Dresda,129,Sapina V.,88033,nome,Titolare,5,,2FTFQLFO,4623572.0
DFB-Pokal,1/32 FINALE,2025-08-18,Dresda,129,Lemmer J.,453324,nome,Titolare,10,,2FTFQLFO,4623572.0
DFB-Pokal,1/32 FINALE,2025-08-18,Dresda,129,Hauptmann N.,205544,nome,Titolare,27,Capitano,2FTFQLFO,4623572.0
DFB-Pokal,1/32 FINALE,2025-08-18,Dresda,129,Kother D.,450253,nome,Titolare,11,,2FTFQLFO,4623572.0
DFB-Pokal,1/32 FINALE,2025-08-18,Dresda,129,Froling N.,532784,nome,Titolare,16,,2FTFQLFO,4623572.0
DFB-Pokal,1/32 FINALE,2025-08-18,Dresda,129,Casar A.,682519,nome,Panchina,17,,2FTFQLFO,4623572.0
DFB-Pokal,1/32 FINALE,2025-08-18,Dresda,129,Grill L.,309397,nome,Panchina,22,Portiere,2FTFQLFO,4623572.0
DFB-Pokal,1/32 FINALE,2025-08-18,Dresda,129,Herrmann L.,296372,nome,Panchina,8,,2FTFQLFO,4623572.0
DFB-Pokal,1/32 FINALE,2025-08-18,Dresda,129,Kammerknecht C.,329360,nome,Panchina,15,,2FTFQLFO,4623572.0
DFB-Pokal,1/32 FINALE,2025-08-18,Dresda,129,Kubatta D.,696142,nome,Panchina,39,,2FTFQLFO,4623572.0
DFB-Pokal,1/32 FINALE,2025-08-18,Dresda,129,Kutschke S.,51069,nome,Panchina,30,,2FTFQLFO,4623572.0
DFB-Pokal,1/32 FINALE,2025-08-18,Dresda,129,Marx J.,169295,nome,Panchina,26,,2FTFQLFO,4623572.0
DFB-Pokal,1/32 FINALE,2025-08-18,Dresda,129,Menzel T.,824940,nome,Panchina,24,,2FTFQLFO,4623572.0
DFB-Pokal,1/32 FINALE,2025-08-18,Dresda,129,Oehmichen J.,661711,nome,Panchina,25,,2FTFQLFO,4623572.0
DFB-Pokal,1/32 FINALE,2025-08-18,Magonza,39,Zentner R.,160963,nome,Titolare,27,Portiere,2FTFQLFO,4623572.0
DFB-Pokal,1/32 FINALE,2025-08-18,Magonza,39,da Costa D.,85906,nome,Titolare,21,,2FTFQLFO,4623572.0
DFB-Pokal,1/32 FINALE,2025-08-18,Magonza,39,Bell S.,82350,nome,Titolare,16,,2FTFQLFO,4623572.0
DFB-Pokal,1/32 FINALE,2025-08-18,Magonza,39,Kohr D.,118847,nome,Titolare,31,,2FTFQLFO,4623572.0
DFB-Pokal,1/32 FINALE,2025-08-18,Magonza,39,Widmer S.,168989,nome,Titolare,30,Capitano,2FTFQLFO,4623572.0
DFB-Pokal,1/32 FINALE,2025-08-18,Magonza,39,Sano K.,643574,nome,Titolare,6,,2FTFQLFO,4623572.0
DFB-Pokal,1/32 FINALE,2025-08-18,Magonza,39,Amiri N.,232454,nome,Titolare,10,,2FTFQLFO,4623572.0
DFB-Pokal,1/32 FINALE,2025-08-18,Magonza,39,Nordin A.,324811,nome,Titolare,9,,2FTFQLFO,4623572.0
DFB-Pokal,1/32 FINALE,2025-08-18,Magonza,39,Nebel P.,503160,nome,Titolare,8,,2FTFQLFO,4623572.0
DFB-Pokal,1/32 FINALE,2025-08-18,Magonza,39,Hollerbach B.,453870,nome,Titolare,17,,2FTFQLFO,4623572.0
DFB-Pokal,1/32 FINALE,2025-08-18,Magonza,39,Sieb A.,569033,nome,Titolare,11,,2FTFQLFO,4623572.0
DFB-Pokal,1/32 FINALE,2025-08-18,Magonza,39,Bobzien B.,658116,nome,Panchina,37,,2FTFQLFO,4623572.0
DFB-Pokal,1/32 FINALE,2025-08-18,Magonza,39,Caci A.,453016,nome,Panchina,19,,2FTFQLFO,4623572.0
DFB-Pokal,1/32 FINALE,2025-08-18,Magonza,39,Hanche-Olsen A.,370683,nome,Panchina,25,,2FTFQLFO,4623572.0
DFB-Pokal,1/32 FINALE,2025-08-18,Magonza,39,Kawasaki S.,733371,nome,Panchina,24,,2FTFQLFO,4623572.0
DFB-Pokal,1/32 FINALE,2025-08-18,Magonza,39,Lee Jae-Sung,314398,nome,Panchina,7,,2FTFQLFO,4623572.0
DFB-Pokal,1/32 FINALE,2025-08-18,Magonza,39,Leitsch M.,334207,nome,Panchina,5,,2FTFQLFO,4623572.0
DFB-Pokal,1/32 FINALE,2025-08-18,Magonza,39,Maloney L.,392710,nome,Panchina,15,,2FTFQLFO,4623572.0
DFB-Pokal,1/32 FINALE,2025-08-18,Magonza,39,Mwene P.,127573,nome,Panchina,2,,2FTFQLFO,4623572.0
DFB-Pokal,1/32 FINALE,2025-08-18,Magonza,39,Riess L.,490609,nome,Panchina,1,Portiere,2FTFQLFO,4623572.0
DFB-Pokal,1/32 FINALE,2025-08-18,Munster,91,Schenk J.,604326,nome,Titolare,1,Portiere,2ghuErWI,4623586.0
DFB-Pokal,1/32 FINALE,2025-08-18,Munster,91,ter Horst J.,606113,nome,Titolare,27,,2ghuErWI,4623586.0
DFB-Pokal,1/32 FINALE,2025-08-18,Munster,91,Heuer J.,369888,nome,Titolare,22,,2ghuErWI,4623586.0
DFB-Pokal,1/32 FINALE,2025-08-18,Munster,91,Jaeckel P.,284248,nome,Titolare,3,,2ghuErWI,4623586.0
DFB-Pokal,1/32 FINALE,2025-08-18,Munster,91,Bolay L.,594664,nome,Titolare,25,,2ghuErWI,4623586.0
DFB-Pokal,1/32 FINALE,2025-08-18,Munster,91,Schulz M.,168678,nome,Titolare,10,,2ghuErWI,4623586.0
DFB-Pokal,1/32 FINALE,2025-08-18,Munster,91,Preissinger R.,206411,nome,Titolare,21,,2ghuErWI,4623586.0
DFB-Pokal,1/32 FINALE,2025-08-18,Munster,91,Hendrix J.,205004,nome,Titolare,20,Capitano,2ghuErWI,4623586.0
DFB-Pokal,1/32 FINALE,2025-08-18,Munster,91,Mees J.,196815,nome,Titolare,8,,2ghuErWI,4623586.0
DFB-Pokal,1/32 FINALE,2025-08-18,Munster,91,Amenyido E.,271103,nome,Titolare,30,,2ghuErWI,4623586.0
DFB-Pokal,1/32 FINALE,2025-08-18,Munster,91,Batista Meier O.,406614,nome,Titolare,17,,2ghuErWI,4623586.0
DFB-Pokal,1/32 FINALE,2025-08-18,Munster,91,Batmaz M.,411134,nome,Panchina,23,,2ghuErWI,4623586.0
DFB-Pokal,1/32 FINALE,2025-08-18,Munster,91,Behrens M.,274039,nome,Panchina,26,Portiere,2ghuErWI,4623586.0
DFB-Pokal,1/32 FINALE,2025-08-18,Munster,91,Bouchama Y.,440108,nome,Panchina,5,,2ghuErWI,4623586.0
DFB-Pokal,1/32 FINALE,2025-08-18,Munster,91,Kirkeskov M.,96331,nome,Panchina,2,,2ghuErWI,4623586.0
DFB-Pokal,1/32 FINALE,2025-08-18,Munster,91,Koulis N.,406988,nome,Panchina,24,,2ghuErWI,4623586.0
DFB-Pokal,1/32 FINALE,2025-08-18,Munster,91,Lokotsch L.,425283,nome,Panchina,13,,2ghuErWI,4623586.0
DFB-Pokal,1/32 FINALE,2025-08-18,Munster,91,Makridis C.,414318,nome,Panchina,14,,2ghuErWI,4623586.0
DFB-Pokal,1/32 FINALE,2025-08-18,Munster,91,Meyerhofer M.,196084,nome,Panchina,28,,2ghuErWI,4623586.0
DFB-Pokal,1/32 FINALE,2025-08-18,Munster,91,Scherder S.,93979,nome,Panchina,15,,2ghuErWI,4623586.0
DFB-Pokal,1/32 FINALE,2025-08-18,Hertha,44,Ernst T.,553282,nome,Titolare,1,Portiere,2ghuErWI,4623586.0
DFB-Pokal,1/32 FINALE,2025-08-18,Hertha,44,Gechter L.,692734,nome,Titolare,44,,2ghuErWI,4623586.0
DFB-Pokal,1/32 FINALE,2025-08-18,Hertha,44,Leistner T.,86916,nome,Titolare,37,,2ghuErWI,4623586.0
DFB-Pokal,1/32 FINALE,2025-08-18,Hertha,44,Dardai M.,432281,nome,Titolare,31,,2ghuErWI,4623586.0
DFB-Pokal,1/32 FINALE,2025-08-18,Hertha,44,Eitschberger J.,706617,nome,Titolare,2,,2ghuErWI,4623586.0
DFB-Pokal,1/32 FINALE,2025-08-18,Hertha,44,Cuisance M.,344600,nome,Titolare,10,,2ghuErWI,4623586.0
DFB-Pokal,1/32 FINALE,2025-08-18,Hertha,44,Sessa K.,448028,nome,Titolare,8,,2ghuErWI,4623586.0
DFB-Pokal,1/32 FINALE,2025-08-18,Hertha,44,Winkler M.,574569,nome,Titolare,22,,2ghuErWI,4623586.0
DFB-Pokal,1/32 FINALE,2025-08-18,Hertha,44,Thorsteinsson J.,331739,nome,Titolare,24,,2ghuErWI,4623586.0
DFB-Pokal,1/32 FINALE,2025-08-18,Hertha,44,Reese F.,227102,nome,Titolare,11,Capitano,2ghuErWI,4623586.0
DFB-Pokal,1/32 FINALE,2025-08-18,Hertha,44,Kownacki D.,208167,nome,Titolare,9,,2ghuErWI,4623586.0
DFB-Pokal,1/32 FINALE,2025-08-18,Hertha,44,Berner J.,907468,nome,Panchina,34,,2ghuErWI,4623586.0
DFB-Pokal,1/32 FINALE,2025-08-18,Hertha,44,Eichhorn K.,1214123,nome,Panchina,23,,2ghuErWI,4623586.0
DFB-Pokal,1/32 FINALE,2025-08-18,Hertha,44,Gronning S.,439456,nome,Panchina,17,,2ghuErWI,4623586.0
DFB-Pokal,1/32 FINALE,2025-08-18,Hertha,44,Jensen L.,273904,nome,Panchina,5,,2ghuErWI,4623586.0
DFB-Pokal,1/32 FINALE,2025-08-18,Hertha,44,Kolbe N.,388508,nome,Panchina,27,,2ghuErWI,4623586.0
DFB-Pokal,1/32 FINALE,2025-08-18,Hertha,44,Krattenmacher M.,829316,nome,Panchina,14,,2ghuErWI,4623586.0
DFB-Pokal,1/32 FINALE,2025-08-18,Hertha,44,Mamuzah Lum B.,1067659,nome,Panchina,21,,2ghuErWI,4623586.0
DFB-Pokal,1/32 FINALE,2025-08-18,Hertha,44,Rogel A.,456535,nome,Panchina,3,,2ghuErWI,4623586.0
DFB-Pokal,1/32 FINALE,2025-08-18,Hertha,44,Smarsch D.,342966,nome,Panchina,12,Portiere,2ghuErWI,4623586.0
DFB-Pokal,1/32 FINALE,2025-08-18,Schweinfurt,103,Weisbacker M.,468688,nome,Titolare,40,Portiere,4xJgEW84,4623574.0
DFB-Pokal,1/32 FINALE,2025-08-18,Schweinfurt,103,Bausenwein L.,1178033,nome,Titolare,21,,4xJgEW84,4623574.0
DFB-Pokal,1/32 FINALE,2025-08-18,Schweinfurt,103,Zeller L.,494827,nome,Titolare,6,,4xJgEW84,4623574.0
DFB-Pokal,1/32 FINALE,2025-08-18,Schweinfurt,103,Meissner T.,72505,nome,Titolare,8,Capitano,4xJgEW84,4623574.0
DFB-Pokal,1/32 FINALE,2025-08-18,Schweinfurt,103,Trslic L.,602795,nome,Titolare,18,,4xJgEW84,4623574.0
DFB-Pokal,1/32 FINALE,2025-08-18,Schweinfurt,103,Kratschmer P.,222225,nome,Titolare,23,,4xJgEW84,4623574.0
DFB-Pokal,1/32 FINALE,2025-08-18,Schweinfurt,103,Endres J.,286389,nome,Titolare,33,,4xJgEW84,4623574.0
DFB-Pokal,1/32 FINALE,2025-08-18,Schweinfurt,103,Geis J.,89650,nome,Titolare,30,,4xJgEW84,4623574.0
DFB-Pokal,1/32 FINALE,2025-08-18,Schweinfurt,103,Angleberger D.,692338,nome,Titolare,3,,4xJgEW84,4623574.0
DFB-Pokal,1/32 FINALE,2025-08-18,Schweinfurt,103,Obiogumu D. U.,,,Titolare,27,,4xJgEW84,4623574.0
DFB-Pokal,1/32 FINALE,2025-08-18,Schweinfurt,103,Wintzheimer M.,296429,nome,Titolare,25,,4xJgEW84,4623574.0
DFB-Pokal,1/32 FINALE,2025-08-18,Schweinfurt,103,Bohnlein K.,58382,nome,Panchina,13,,4xJgEW84,4623574.0
DFB-Pokal,1/32 FINALE,2025-08-18,Schweinfurt,103,Dellinger M.,226300,nome,Panchina,10,,4xJgEW84,4623574.0
DFB-Pokal,1/32 FINALE,2025-08-18,Schweinfurt,103,Doktorczyk N.,1146759,nome,Panchina,2,,4xJgEW84,4623574.0
DFB-Pokal,1/32 FINALE,2025-08-18,Schweinfurt,103,Fery K.,223668,nome,Panchina,15,,4xJgEW84,4623574.0
DFB-Pokal,1/32 FINALE,2025-08-18,Schweinfurt,103,Latteier T.,520910,nome,Panchina,24,,4xJgEW84,4623574.0
DFB-Pokal,1/32 FINALE,2025-08-18,Schweinfurt,103,Muller S.,392139,nome,Panchina,37,,4xJgEW84,4623574.0
DFB-Pokal,1/32 FINALE,2025-08-18,Schweinfurt,103,Piwernetz N.,335920,nome,Panchina,19,,4xJgEW84,4623574.0
DFB-Pokal,1/32 FINALE,2025-08-18,Schweinfurt,103,Shuranov E.,570553,nome,Panchina,9,,4xJgEW84,4623574.0
DFB-Pokal,1/32 FINALE,2025-08-18,Schweinfurt,103,Stahl T.,347722,nome,Panchina,1,Portiere,4xJgEW84,4623574.0
DFB-Pokal,1/32 FINALE,2025-08-18,Dusseldorf,38,Kastenmeier F.,255294,nome,Titolare,33,Portiere,4xJgEW84,4623574.0
DFB-Pokal,1/32 FINALE,2025-08-18,Dusseldorf,38,Zimmermann M.,86848,nome,Titolare,25,,4xJgEW84,4623574.0
DFB-Pokal,1/32 FINALE,2025-08-18,Dusseldorf,38,Oberdorf T.,358906,nome,Titolare,15,,4xJgEW84,4623574.0
DFB-Pokal,1/32 FINALE,2025-08-18,Dusseldorf,38,Siebert J.,604113,nome,Titolare,20,,4xJgEW84,4623574.0
DFB-Pokal,1/32 FINALE,2025-08-18,Dusseldorf,38,Heyer M.,193025,nome,Titolare,5,,4xJgEW84,4623574.0
DFB-Pokal,1/32 FINALE,2025-08-18,Dusseldorf,38,Alexandropoulos S.,481688,nome,Titolare,14,,4xJgEW84,4623574.0
DFB-Pokal,1/32 FINALE,2025-08-18,Dusseldorf,38,El Azzouzi A.,593774,nome,Titolare,8,,4xJgEW84,4623574.0
DFB-Pokal,1/32 FINALE,2025-08-18,Dusseldorf,38,Rasmussen C.,610429,nome,Titolare,10,,4xJgEW84,4623574.0
DFB-Pokal,1/32 FINALE,2025-08-18,Dusseldorf,38,Appelkamp S.,452121,nome,Titolare,23,,4xJgEW84,4623574.0
DFB-Pokal,1/32 FINALE,2025-08-18,Dusseldorf,38,Muslija F.,337036,nome,Titolare,24,,4xJgEW84,4623574.0
DFB-Pokal,1/32 FINALE,2025-08-18,Dusseldorf,38,Itten C.,243856,nome,Titolare,13,,4xJgEW84,4623574.0
DFB-Pokal,1/32 FINALE,2025-08-18,Dusseldorf,38,Egouli E.,946037,nome,Panchina,44,,4xJgEW84,4623574.0
DFB-Pokal,1/32 FINALE,2025-08-18,Dusseldorf,38,Haag G.,635103,nome,Panchina,6,,4xJgEW84,4623574.0
DFB-Pokal,1/32 FINALE,2025-08-18,Dusseldorf,38,Hettwer J.,675509,nome,Panchina,11,,4xJgEW84,4623574.0
DFB-Pokal,1/32 FINALE,2025-08-18,Dusseldorf,38,Lotka M.,453737,nome,Panchina,1,Portiere,4xJgEW84,4623574.0
DFB-Pokal,1/32 FINALE,2025-08-18,Dusseldorf,38,Lunddal V.,571310,nome,Panchina,12,,4xJgEW84,4623574.0
DFB-Pokal,1/32 FINALE,2025-08-18,Dusseldorf,38,Niemiec J.,809682,nome,Panchina,18,,4xJgEW84,4623574.0
DFB-Pokal,1/32 FINALE,2025-08-18,Dusseldorf,38,Rossmann T.,692148,nome,Panchina,21,,4xJgEW84,4623574.0
DFB-Pokal,1/32 FINALE,2025-08-18,Dusseldorf,38,Schmidt D.,677032,nome,Panchina,22,,4xJgEW84,4623574.0
DFB-Pokal,1/32 FINALE,2025-08-18,Dusseldorf,38,Schmidt K.,527276,nome,Panchina,4,,4xJgEW84,4623574.0
DFB-Pokal,1/32 FINALE,2025-08-17,Hallescher,440,Muller S.,168797,nome,Titolare,1,Portiere,I1zSynOP,4623600.0
DFB-Pokal,1/32 FINALE,2025-08-17,Hallescher,440,Hauptmann M.,393337,nome,Titolare,23,,I1zSynOP,4623600.0
DFB-Pokal,1/32 FINALE,2025-08-17,Hallescher,440,Lohmannsroben J.,82452,nome,Titolare,6,,I1zSynOP,4623600.0
DFB-Pokal,1/32 FINALE,2025-08-17,Hallescher,440,Schmedemann P.,453427,nome,Titolare,24,,I1zSynOP,4623600.0
DFB-Pokal,1/32 FINALE,2025-08-17,Hallescher,440,Landgraf N.,196394,nome,Titolare,31,Capitano,I1zSynOP,4623600.0
DFB-Pokal,1/32 FINALE,2025-08-17,Hallescher,440,Elezi F.,283460,nome,Titolare,44,,I1zSynOP,4623600.0
DFB-Pokal,1/32 FINALE,2025-08-17,Hallescher,440,Stierlin N.,388026,nome,Titolare,13,,I1zSynOP,4623600.0
DFB-Pokal,1/32 FINALE,2025-08-17,Hallescher,440,Kulke M.,394280,nome,Titolare,17,,I1zSynOP,4623600.0
DFB-Pokal,1/32 FINALE,2025-08-17,Hallescher,440,Damelang J.,996868,nome,Titolare,43,,I1zSynOP,4623600.0
DFB-Pokal,1/32 FINALE,2025-08-17,Hallescher,440,Fakhro M.,413236,nome,Titolare,9,,I1zSynOP,4623600.0
DFB-Pokal,1/32 FINALE,2025-08-17,Hallescher,440,Polat S.,804211,nome,Titolare,10,,I1zSynOP,4623600.0
DFB-Pokal,1/32 FINALE,2025-08-17,Hallescher,440,Akono C.,506855,nome,Panchina,14,,I1zSynOP,4623600.0
DFB-Pokal,1/32 FINALE,2025-08-17,Hallescher,440,Baro B.,928073,nome,Panchina,26,,I1zSynOP,4623600.0
DFB-Pokal,1/32 FINALE,2025-08-17,Hallescher,440,Bendel L.,810803,nome,Panchina,30,Portiere,I1zSynOP,4623600.0
DFB-Pokal,1/32 FINALE,2025-08-17,Hallescher,440,Berger R.,193007,nome,Panchina,2,,I1zSynOP,4623600.0
DFB-Pokal,1/32 FINALE,2025-08-17,Hallescher,440,Ehrlich L.,661709,nome,Panchina,18,,I1zSynOP,4623600.0
DFB-Pokal,1/32 FINALE,2025-08-17,Hallescher,440,Halili B.,469810,nome,Panchina,5,,I1zSynOP,4623600.0
DFB-Pokal,1/32 FINALE,2025-08-17,Hallescher,440,Kastull V.,747982,nome,Panchina,27,,I1zSynOP,4623600.0
DFB-Pokal,1/32 FINALE,2025-08-17,Hallescher,440,Lorenz E.,1035854,nome,Panchina,8,,I1zSynOP,4623600.0
DFB-Pokal,1/32 FINALE,2025-08-17,Hallescher,440,Wosz J.,597004,nome,Panchina,20,,I1zSynOP,4623600.0
DFB-Pokal,1/32 FINALE,2025-08-17,Augusta,167,Dahmen F.,251299,nome,Titolare,1,Portiere,I1zSynOP,4623600.0
DFB-Pokal,1/32 FINALE,2025-08-17,Augusta,167,Matsima C.,569383,nome,Titolare,5,,I1zSynOP,4623600.0
DFB-Pokal,1/32 FINALE,2025-08-17,Augusta,167,Gouweleeuw J.,106405,nome,Titolare,6,Capitano,I1zSynOP,4623600.0
DFB-Pokal,1/32 FINALE,2025-08-17,Augusta,167,Schlotterbeck K.,413843,nome,Titolare,31,,I1zSynOP,4623600.0
DFB-Pokal,1/32 FINALE,2025-08-17,Augusta,167,Giannoulis D.,295630,nome,Titolare,13,,I1zSynOP,4623600.0
DFB-Pokal,1/32 FINALE,2025-08-17,Augusta,167,Wolf M.,193900,nome,Titolare,27,,I1zSynOP,4623600.0
DFB-Pokal,1/32 FINALE,2025-08-17,Augusta,167,Massengo H.,536508,nome,Titolare,4,,I1zSynOP,4623600.0
DFB-Pokal,1/32 FINALE,2025-08-17,Augusta,167,Jakic K.,374954,nome,Titolare,17,,I1zSynOP,4623600.0
DFB-Pokal,1/32 FINALE,2025-08-17,Augusta,167,Komur M.,777005,nome,Titolare,36,,I1zSynOP,4623600.0
DFB-Pokal,1/32 FINALE,2025-08-17,Augusta,167,Tietz P.,288340,nome,Titolare,21,,I1zSynOP,4623600.0
DFB-Pokal,1/32 FINALE,2025-08-17,Augusta,167,Mounie S.,238639,nome,Titolare,15,,I1zSynOP,4623600.0
DFB-Pokal,1/32 FINALE,2025-08-17,Augusta,167,Banks N.,923945,nome,Panchina,40,,I1zSynOP,4623600.0
DFB-Pokal,1/32 FINALE,2025-08-17,Augusta,167,Dong K.,982863,nome,Panchina,29,,I1zSynOP,4623600.0
DFB-Pokal,1/32 FINALE,2025-08-17,Augusta,167,Essende S.,395522,nome,Panchina,9,,I1zSynOP,4623600.0
DFB-Pokal,1/32 FINALE,2025-08-17,Augusta,167,Fellhauer R.,264960,nome,Panchina,19,,I1zSynOP,4623600.0
DFB-Pokal,1/32 FINALE,2025-08-17,Augusta,167,Labrovic N.,610190,nome,Panchina,22,Portiere,I1zSynOP,4623600.0
DFB-Pokal,1/32 FINALE,2025-08-17,Augusta,167,Maier A.,296397,nome,Panchina,10,,I1zSynOP,4623600.0
DFB-Pokal,1/32 FINALE,2025-08-17,Augusta,167,Pedersen M.,288429,nome,Panchina,3,,I1zSynOP,4623600.0
DFB-Pokal,1/32 FINALE,2025-08-17,Augusta,167,Saad E.,526466,nome,Panchina,26,,I1zSynOP,4623600.0
DFB-Pokal,1/32 FINALE,2025-08-17,Augusta,167,Zesiger C.,382478,nome,Panchina,16,,I1zSynOP,4623600.0
DFB-Pokal,1/32 FINALE,2025-08-17,Homburg,459,Gelt M.,570719,nome,Titolare,1,Portiere,GxEZ4SVj,4623584.0
DFB-Pokal,1/32 FINALE,2025-08-17,Homburg,459,Littmann T.,604580,nome,Titolare,31,,GxEZ4SVj,4623584.0
DFB-Pokal,1/32 FINALE,2025-08-17,Homburg,459,Roseler N.,47740,nome,Titolare,13,,GxEZ4SVj,4623584.0
DFB-Pokal,1/32 FINALE,2025-08-17,Homburg,459,Kober M.,309402,nome,Titolare,4,,GxEZ4SVj,4623584.0
DFB-Pokal,1/32 FINALE,2025-08-17,Homburg,459,Schumann F.,503163,nome,Titolare,3,,GxEZ4SVj,4623584.0
DFB-Pokal,1/32 FINALE,2025-08-17,Homburg,459,Baum F.,453759,nome,Titolare,6,,GxEZ4SVj,4623584.0
DFB-Pokal,1/32 FINALE,2025-08-17,Homburg,459,Goncalves M.,914314,nome,Titolare,18,,GxEZ4SVj,4623584.0
DFB-Pokal,1/32 FINALE,2025-08-17,Homburg,459,Ristl M.,170523,nome,Titolare,29,Capitano,GxEZ4SVj,4623584.0
DFB-Pokal,1/32 FINALE,2025-08-17,Homburg,459,Mendler M.,120834,nome,Titolare,11,,GxEZ4SVj,4623584.0
DFB-Pokal,1/32 FINALE,2025-08-17,Homburg,459,Kovacic O.,675923,nome,Titolare,9,,GxEZ4SVj,4623584.0
DFB-Pokal,1/32 FINALE,2025-08-17,Homburg,459,Gouras M.,278569,nome,Titolare,28,,GxEZ4SVj,4623584.0
DFB-Pokal,1/32 FINALE,2025-08-17,Homburg,459,Hoffmann L.,809485,nome,Panchina,37,Portiere,GxEZ4SVj,4623584.0
DFB-Pokal,1/32 FINALE,2025-08-17,Homburg,459,Jorg N.,829275,nome,Panchina,21,,GxEZ4SVj,4623584.0
DFB-Pokal,1/32 FINALE,2025-08-17,Homburg,459,Mata K.,684310,nome,Panchina,41,,GxEZ4SVj,4623584.0
DFB-Pokal,1/32 FINALE,2025-08-17,Homburg,459,Petermann J.,251341,nome,Panchina,17,,GxEZ4SVj,4623584.0
DFB-Pokal,1/32 FINALE,2025-08-17,Homburg,459,Qenaj A.,692025,nome,Panchina,7,,GxEZ4SVj,4623584.0
DFB-Pokal,1/32 FINALE,2025-08-17,Homburg,459,Steinhart P.,82008,nome,Panchina,36,,GxEZ4SVj,4623584.0
DFB-Pokal,1/32 FINALE,2025-08-17,Homburg,459,Steinmetz T.,317749,nome,Panchina,26,,GxEZ4SVj,4623584.0
DFB-Pokal,1/32 FINALE,2025-08-17,Homburg,459,Suljic A.,351242,nome,Panchina,14,,GxEZ4SVj,4623584.0
DFB-Pokal,1/32 FINALE,2025-08-17,Homburg,459,Walzer G.,569334,nome,Panchina,34,,GxEZ4SVj,4623584.0
DFB-Pokal,1/32 FINALE,2025-08-17,Kiel,269,Weiner T.,296428,nome,Titolare,1,Portiere,GxEZ4SVj,4623584.0
DFB-Pokal,1/32 FINALE,2025-08-17,Kiel,269,Nekic I.,464333,nome,Titolare,13,,GxEZ4SVj,4623584.0
DFB-Pokal,1/32 FINALE,2025-08-17,Kiel,269,Johansson C.,225043,nome,Titolare,5,,GxEZ4SVj,4623584.0
DFB-Pokal,1/32 FINALE,2025-08-17,Kiel,269,Zec D.,469709,nome,Titolare,26,,GxEZ4SVj,4623584.0
DFB-Pokal,1/32 FINALE,2025-08-17,Kiel,269,Niehoff N.,806073,nome,Titolare,29,,GxEZ4SVj,4623584.0
DFB-Pokal,1/32 FINALE,2025-08-17,Kiel,269,Wagner R.,690429,nome,Titolare,39,,GxEZ4SVj,4623584.0
DFB-Pokal,1/32 FINALE,2025-08-17,Kiel,269,Knudsen M.,651735,nome,Titolare,24,,GxEZ4SVj,4623584.0
DFB-Pokal,1/32 FINALE,2025-08-17,Kiel,269,Tolkin J.,683812,nome,Titolare,47,,GxEZ4SVj,4623584.0
DFB-Pokal,1/32 FINALE,2025-08-17,Kiel,269,Skrzybski S.,93827,nome,Titolare,7,Capitano,GxEZ4SVj,4623584.0
DFB-Pokal,1/32 FINALE,2025-08-17,Kiel,269,Harres P.,606119,nome,Titolare,19,,GxEZ4SVj,4623584.0
DFB-Pokal,1/32 FINALE,2025-08-17,Kiel,269,Therkelsen J.,1027770,nome,Titolare,10,,GxEZ4SVj,4623584.0
DFB-Pokal,1/32 FINALE,2025-08-17,Kiel,269,Bernhardsson A.,633454,nome,Panchina,11,,GxEZ4SVj,4623584.0
DFB-Pokal,1/32 FINALE,2025-08-17,Kiel,269,Davidsen K.,802513,nome,Panchina,15,,GxEZ4SVj,4623584.0
DFB-Pokal,1/32 FINALE,2025-08-17,Kiel,269,Ivezic M.,706024,nome,Panchina,6,,GxEZ4SVj,4623584.0
DFB-Pokal,1/32 FINALE,2025-08-17,Kiel,269,Komenda M.,335631,nome,Panchina,3,,GxEZ4SVj,4623584.0
DFB-Pokal,1/32 FINALE,2025-08-17,Kiel,269,Krumrey J.,531637,nome,Panchina,21,Portiere,GxEZ4SVj,4623584.0
DFB-Pokal,1/32 FINALE,2025-08-17,Kiel,269,Muller M.,698523,nome,Panchina,25,,GxEZ4SVj,4623584.0
DFB-Pokal,1/32 FINALE,2025-08-17,Kiel,269,Porath F.,241307,nome,Panchina,8,,GxEZ4SVj,4623584.0
DFB-Pokal,1/32 FINALE,2025-08-17,Kiel,269,Rosenboom L.,512352,nome,Panchina,23,,GxEZ4SVj,4623584.0
DFB-Pokal,1/32 FINALE,2025-08-17,Kiel,269,Schwab S.,79612,nome,Panchina,22,,GxEZ4SVj,4623584.0
DFB-Pokal,1/32 FINALE,2025-08-17,Ulm,69,Ortag C.,196826,nome,Titolare,39,Portiere,KU61PHY2,4623603.0
DFB-Pokal,1/32 FINALE,2025-08-17,Ulm,69,Boller J.,389079,nome,Titolare,34,,KU61PHY2,4623603.0
DFB-Pokal,1/32 FINALE,2025-08-17,Ulm,69,Seegert M.,119572,nome,Titolare,21,,KU61PHY2,4623603.0
DFB-Pokal,1/32 FINALE,2025-08-17,Ulm,69,Mazagg L.,442308,nome,Titolare,27,,KU61PHY2,4623603.0
DFB-Pokal,1/32 FINALE,2025-08-17,Ulm,69,Scholze M.,707350,nome,Titolare,28,,KU61PHY2,4623603.0
DFB-Pokal,1/32 FINALE,2025-08-17,Ulm,69,Dressel D.,324856,nome,Titolare,14,Capitano,KU61PHY2,4623603.0
DFB-Pokal,1/32 FINALE,2025-08-17,Ulm,69,Brandt M.,392150,nome,Titolare,23,,KU61PHY2,4623603.0
DFB-Pokal,1/32 FINALE,2025-08-17,Ulm,69,Meier J.,379989,nome,Titolare,19,,KU61PHY2,4623603.0
DFB-Pokal,1/32 FINALE,2025-08-17,Ulm,69,Chessa D.,76630,nome,Titolare,11,,KU61PHY2,4623603.0
DFB-Pokal,1/32 FINALE,2025-08-17,Ulm,69,Kahvic A.,741816,nome,Titolare,22,,KU61PHY2,4623603.0
DFB-Pokal,1/32 FINALE,2025-08-17,Ulm,69,Roser L.,115210,nome,Titolare,9,,KU61PHY2,4623603.0
DFB-Pokal,1/32 FINALE,2025-08-17,Ulm,69,Becker A.,324660,nome,Panchina,49,,KU61PHY2,4623603.0
DFB-Pokal,1/32 FINALE,2025-08-17,Ulm,69,Besong P.,453783,nome,Panchina,17,,KU61PHY2,4623603.0
DFB-Pokal,1/32 FINALE,2025-08-17,Ulm,69,Castelle N. H.,908946,eliminazione,Panchina,44,,KU61PHY2,4623603.0
DFB-Pokal,1/32 FINALE,2025-08-17,Ulm,69,David J.,431848,nome,Panchina,15,,KU61PHY2,4623603.0
DFB-Pokal,1/32 FINALE,2025-08-17,Ulm,69,Kolle N.,369881,nome,Panchina,32,,KU61PHY2,4623603.0
DFB-Pokal,1/32 FINALE,2025-08-17,Ulm,69,Loder E.,390894,nome,Panchina,25,,KU61PHY2,4623603.0
DFB-Pokal,1/32 FINALE,2025-08-17,Ulm,69,Schmitt M.,937713,nome,Panchina,1,Portiere,KU61PHY2,4623603.0
DFB-Pokal,1/32 FINALE,2025-08-17,Ulm,69,Wenig M.,654872,nome,Panchina,6,,KU61PHY2,4623603.0
DFB-Pokal,1/32 FINALE,2025-08-17,Ulm,69,Westermeier B.,613154,nome,Panchina,8,,KU61PHY2,4623603.0
DFB-Pokal,1/32 FINALE,2025-08-17,Elversberg,64,Kristof N.,349465,nome,Titolare,20,Portiere,KU61PHY2,4623603.0
DFB-Pokal,1/32 FINALE,2025-08-17,Elversberg,64,Gyamerah J.,192840,nome,Titolare,30,,KU61PHY2,4623603.0
DFB-Pokal,1/32 FINALE,2025-08-17,Elversberg,64,Pinckert L.,448259,nome,Titolare,19,Capitano,KU61PHY2,4623603.0
DFB-Pokal,1/32 FINALE,2025-08-17,Elversberg,64,Le Joncour F.,352332,nome,Titolare,3,,KU61PHY2,4623603.0
DFB-Pokal,1/32 FINALE,2025-08-17,Elversberg,64,Gunther L.,522245,nome,Titolare,21,,KU61PHY2,4623603.0
DFB-Pokal,1/32 FINALE,2025-08-17,Elversberg,64,Poreba L.,532169,nome,Titolare,8,,KU61PHY2,4623603.0
DFB-Pokal,1/32 FINALE,2025-08-17,Elversberg,64,Conde A.,207580,nome,Titolare,6,,KU61PHY2,4623603.0
DFB-Pokal,1/32 FINALE,2025-08-17,Elversberg,64,Petkov L.,401639,nome,Titolare,25,,KU61PHY2,4623603.0
DFB-Pokal,1/32 FINALE,2025-08-17,Elversberg,64,Conte B.,574193,nome,Titolare,10,,KU61PHY2,4623603.0
DFB-Pokal,1/32 FINALE,2025-08-17,Elversberg,64,Zimmerschied T.,337097,nome,Titolare,29,,KU61PHY2,4623603.0
DFB-Pokal,1/32 FINALE,2025-08-17,Elversberg,64,Ebnoutalib Y.,692368,nome,Titolare,22,,KU61PHY2,4623603.0
DFB-Pokal,1/32 FINALE,2025-08-17,Elversberg,64,Boss T.,85534,nome,Panchina,28,Portiere,KU61PHY2,4623603.0
DFB-Pokal,1/32 FINALE,2025-08-17,Elversberg,64,Ceka J.,390661,nome,Panchina,11,,KU61PHY2,4623603.0
DFB-Pokal,1/32 FINALE,2025-08-17,Elversberg,64,Feil M.,260008,nome,Panchina,7,,KU61PHY2,4623603.0
DFB-Pokal,1/32 FINALE,2025-08-17,Elversberg,64,Keidel F.,815322,nome,Panchina,43,,KU61PHY2,4623603.0
DFB-Pokal,1/32 FINALE,2025-08-17,Elversberg,64,Mickelson N.,430034,nome,Panchina,2,,KU61PHY2,4623603.0
DFB-Pokal,1/32 FINALE,2025-08-17,Elversberg,64,Rohr M.,440386,nome,Panchina,31,,KU61PHY2,4623603.0
DFB-Pokal,1/32 FINALE,2025-08-17,Elversberg,64,Schmahl F.,604756,nome,Panchina,17,,KU61PHY2,4623603.0
DFB-Pokal,1/32 FINALE,2025-08-17,Elversberg,64,Schnellbacher L.,229991,nome,Panchina,24,,KU61PHY2,4623603.0
DFB-Pokal,1/32 FINALE,2025-08-17,Elversberg,64,Sickinger C.,282163,nome,Panchina,23,,KU61PHY2,4623603.0
DFB-Pokal,1/32 FINALE,2025-08-17,Delmenhorst,29988,Schobert D.,449725,nome,Titolare,1,Portiere,04C2CAwH,4623599.0
DFB-Pokal,1/32 FINALE,2025-08-17,Delmenhorst,29988,Urban L.,800768,nome,Titolare,22,,04C2CAwH,4623599.0
DFB-Pokal,1/32 FINALE,2025-08-17,Delmenhorst,29988,Siech M.,339593,nome,Titolare,30,,04C2CAwH,4623599.0
DFB-Pokal,1/32 FINALE,2025-08-17,Delmenhorst,29988,Burke D.,625243,nome,Titolare,3,,04C2CAwH,4623599.0
DFB-Pokal,1/32 FINALE,2025-08-17,Delmenhorst,29988,Temin I.,363888,nome,Titolare,5,Capitano,04C2CAwH,4623599.0
DFB-Pokal,1/32 FINALE,2025-08-17,Delmenhorst,29988,Tomic J.,166155,nome,Titolare,10,,04C2CAwH,4623599.0
DFB-Pokal,1/32 FINALE,2025-08-17,Delmenhorst,29988,Hefele D.,784925,nome,Titolare,6,,04C2CAwH,4623599.0
DFB-Pokal,1/32 FINALE,2025-08-17,Delmenhorst,29988,Gijsen D.,1358585,nome,Titolare,8,,04C2CAwH,4623599.0
DFB-Pokal,1/32 FINALE,2025-08-17,Delmenhorst,29988,Diop L.,322330,nome,Titolare,16,,04C2CAwH,4623599.0
DFB-Pokal,1/32 FINALE,2025-08-17,Delmenhorst,29988,Poplawski N.,938482,nome,Titolare,11,,04C2CAwH,4623599.0
DFB-Pokal,1/32 FINALE,2025-08-17,Delmenhorst,29988,Rohwedder S.,375477,nome,Titolare,28,,04C2CAwH,4623599.0
DFB-Pokal,1/32 FINALE,2025-08-17,Delmenhorst,29988,Basha L.,727819,nome,Panchina,23,,04C2CAwH,4623599.0
DFB-Pokal,1/32 FINALE,2025-08-17,Delmenhorst,29988,Berling T.,935872,nome,Panchina,18,,04C2CAwH,4623599.0
DFB-Pokal,1/32 FINALE,2025-08-17,Delmenhorst,29988,Dahnenkamp J.,389074,nome,Panchina,7,,04C2CAwH,4623599.0
DFB-Pokal,1/32 FINALE,2025-08-17,Delmenhorst,29988,Eggersgluss P.,253336,nome,Panchina,21,,04C2CAwH,4623599.0
DFB-Pokal,1/32 FINALE,2025-08-17,Delmenhorst,29988,Fagerstrom T.,418925,nome,Panchina,9,,04C2CAwH,4623599.0
DFB-Pokal,1/32 FINALE,2025-08-17,Delmenhorst,29988,Lameyer S.,494356,nome,Panchina,27,,04C2CAwH,4623599.0
DFB-Pokal,1/32 FINALE,2025-08-17,Delmenhorst,29988,Sanden K.,1056499,nome,Panchina,26,Portiere,04C2CAwH,4623599.0
DFB-Pokal,1/32 FINALE,2025-08-17,Delmenhorst,29988,Schallschmidt J.,749674,nome,Panchina,25,,04C2CAwH,4623599.0
DFB-Pokal,1/32 FINALE,2025-08-17,Delmenhorst,29988,Widiker T.,574568,nome,Panchina,19,,04C2CAwH,4623599.0
DFB-Pokal,1/32 FINALE,2025-08-17,Monchengladbach,18,Nicolas M.,284270,nome,Titolare,33,Portiere,04C2CAwH,4623599.0
DFB-Pokal,1/32 FINALE,2025-08-17,Monchengladbach,18,Scally J.,504153,nome,Titolare,29,,04C2CAwH,4623599.0
DFB-Pokal,1/32 FINALE,2025-08-17,Monchengladbach,18,Elvedi N.,192635,nome,Titolare,30,,04C2CAwH,4623599.0
DFB-Pokal,1/32 FINALE,2025-08-17,Monchengladbach,18,Diks K.,335209,nome,Titolare,4,,04C2CAwH,4623599.0
DFB-Pokal,1/32 FINALE,2025-08-17,Monchengladbach,18,Ullrich L.,787151,nome,Titolare,26,,04C2CAwH,4623599.0
DFB-Pokal,1/32 FINALE,2025-08-17,Monchengladbach,18,Sander P.,388409,nome,Titolare,16,,04C2CAwH,4623599.0
DFB-Pokal,1/32 FINALE,2025-08-17,Monchengladbach,18,Reitz R.,467434,nome,Titolare,27,Capitano,04C2CAwH,4623599.0
DFB-Pokal,1/32 FINALE,2025-08-17,Monchengladbach,18,Honorat F.,229006,nome,Titolare,9,,04C2CAwH,4623599.0
DFB-Pokal,1/32 FINALE,2025-08-17,Monchengladbach,18,Stoger K.,106872,nome,Titolare,7,,04C2CAwH,4623599.0
DFB-Pokal,1/32 FINALE,2025-08-17,Monchengladbach,18,Hack R.,284010,nome,Titolare,25,,04C2CAwH,4623599.0
DFB-Pokal,1/32 FINALE,2025-08-17,Monchengladbach,18,Tabakovic H.,203123,nome,Titolare,15,,04C2CAwH,4623599.0
DFB-Pokal,1/32 FINALE,2025-08-17,Monchengladbach,18,Castrop J.,613192,nome,Panchina,17,,04C2CAwH,4623599.0
DFB-Pokal,1/32 FINALE,2025-08-17,Monchengladbach,18,Chiarodia F. C.,724104,nome,Panchina,2,,04C2CAwH,4623599.0
DFB-Pokal,1/32 FINALE,2025-08-17,Monchengladbach,18,Fraulo O.,610428,nome,Panchina,22,,04C2CAwH,4623599.0
DFB-Pokal,1/32 FINALE,2025-08-17,Monchengladbach,18,Friedrich M.,196231,nome,Panchina,5,,04C2CAwH,4623599.0
DFB-Pokal,1/32 FINALE,2025-08-17,Monchengladbach,18,Netz L.,524285,nome,Panchina,20,,04C2CAwH,4623599.0
DFB-Pokal,1/32 FINALE,2025-08-17,Monchengladbach,18,Neuhaus F.,278332,nome,Panchina,10,,04C2CAwH,4623599.0
DFB-Pokal,1/32 FINALE,2025-08-17,Monchengladbach,18,Omlin J.,247915,nome,Panchina,1,Portiere,04C2CAwH,4623599.0
DFB-Pokal,1/32 FINALE,2025-08-17,Monchengladbach,18,Ranos G.,574201,nome,Panchina,28,,04C2CAwH,4623599.0
DFB-Pokal,1/32 FINALE,2025-08-17,Monchengladbach,18,Weigl J.,196792,nome,Panchina,8,,04C2CAwH,4623599.0
DFB-Pokal,1/32 FINALE,2025-08-17,Lohne,4883,Dedovic M.,3498,nome,Titolare,1,Portiere,4OwLaXgB,4623581.0
DFB-Pokal,1/32 FINALE,2025-08-17,Lohne,4883,Zander L.,139278,nome,Titolare,4,,4OwLaXgB,4623581.0
DFB-Pokal,1/32 FINALE,2025-08-17,Lohne,4883,Sabah J.,431597,nome,Titolare,6,,4OwLaXgB,4623581.0
DFB-Pokal,1/32 FINALE,2025-08-17,Lohne,4883,Bredol L.,657962,nome,Titolare,19,,4OwLaXgB,4623581.0
DFB-Pokal,1/32 FINALE,2025-08-17,Lohne,4883,Wengerowski M.,520716,nome,Titolare,28,,4OwLaXgB,4623581.0
DFB-Pokal,1/32 FINALE,2025-08-17,Lohne,4883,Thoben N.,591706,nome,Titolare,8,,4OwLaXgB,4623581.0
DFB-Pokal,1/32 FINALE,2025-08-17,Lohne,4883,Kobylanski M.,93853,nome,Titolare,18,,4OwLaXgB,4623581.0
DFB-Pokal,1/32 FINALE,2025-08-17,Lohne,4883,Westendorf J.,350532,nome,Titolare,16,,4OwLaXgB,4623581.0
DFB-Pokal,1/32 FINALE,2025-08-17,Lohne,4883,Neziri R.,345778,nome,Titolare,23,,4OwLaXgB,4623581.0
DFB-Pokal,1/32 FINALE,2025-08-17,Lohne,4883,Schmiederer F.,333856,nome,Titolare,29,,4OwLaXgB,4623581.0
DFB-Pokal,1/32 FINALE,2025-08-17,Lohne,4883,Tonnies T.,77819,nome,Titolare,21,Capitano,4OwLaXgB,4623581.0
DFB-Pokal,1/32 FINALE,2025-08-17,Lohne,4883,Helmdach C.,617553,nome,Panchina,14,,4OwLaXgB,4623581.0
DFB-Pokal,1/32 FINALE,2025-08-17,Lohne,4883,Heskamp S.,158345,nome,Panchina,17,,4OwLaXgB,4623581.0
DFB-Pokal,1/32 FINALE,2025-08-17,Lohne,4883,Hoppe J.,292032,eliminazione,Panchina,10,,4OwLaXgB,4623581.0
DFB-Pokal,1/32 FINALE,2025-08-17,Lohne,4883,Kasper B.,735710,nome,Panchina,13,,4OwLaXgB,4623581.0
DFB-Pokal,1/32 FINALE,2025-08-17,Lohne,4883,Kokott P.,587700,nome,Panchina,34,Portiere,4OwLaXgB,4623581.0
DFB-Pokal,1/32 FINALE,2025-08-17,Lohne,4883,Polking L.,1241188,nome,Panchina,5,,4OwLaXgB,4623581.0
DFB-Pokal,1/32 FINALE,2025-08-17,Lohne,4883,Rehfeldt T.,123579,nome,Panchina,33,,4OwLaXgB,4623581.0
DFB-Pokal,1/32 FINALE,2025-08-17,Lohne,4883,Reinert T.,1047043,nome,Panchina,22,,4OwLaXgB,4623581.0
DFB-Pokal,1/32 FINALE,2025-08-17,Lohne,4883,Tepe N.,798040,nome,Panchina,25,,4OwLaXgB,4623581.0
DFB-Pokal,1/32 FINALE,2025-08-17,Furth,65,Boevink P.,406889,nome,Titolare,26,Portiere,4OwLaXgB,4623581.0
DFB-Pokal,1/32 FINALE,2025-08-17,Furth,65,Dietz M.,515964,nome,Titolare,33,,4OwLaXgB,4623581.0
DFB-Pokal,1/32 FINALE,2025-08-17,Furth,65,Ziereis P.,152627,nome,Titolare,4,,4OwLaXgB,4623581.0
DFB-Pokal,1/32 FINALE,2025-08-17,Furth,65,Konig N.,685487,nome,Titolare,17,,4OwLaXgB,4623581.0
DFB-Pokal,1/32 FINALE,2025-08-17,Furth,65,Dehm J.,211671,nome,Titolare,23,,4OwLaXgB,4623581.0
DFB-Pokal,1/32 FINALE,2025-08-17,Furth,65,Klaus F.,89591,nome,Titolare,30,,4OwLaXgB,4623581.0
DFB-Pokal,1/32 FINALE,2025-08-17,Furth,65,Olesen M.,490581,nome,Titolare,8,,4OwLaXgB,4623581.0
DFB-Pokal,1/32 FINALE,2025-08-17,Furth,65,Green J.,161204,nome,Titolare,37,,4OwLaXgB,4623581.0
DFB-Pokal,1/32 FINALE,2025-08-17,Furth,65,Itter G.,296378,eliminazione,Titolare,27,,4OwLaXgB,4623581.0
DFB-Pokal,1/32 FINALE,2025-08-17,Furth,65,Higl F.,230810,nome,Titolare,18,,4OwLaXgB,4623581.0
DFB-Pokal,1/32 FINALE,2025-08-17,Furth,65,Hrgota B.,171209,nome,Titolare,10,Capitano,4OwLaXgB,4623581.0
DFB-Pokal,1/32 FINALE,2025-08-17,Furth,65,Cabrera J.,654724,nome,Panchina,22,,4OwLaXgB,4623581.0
DFB-Pokal,1/32 FINALE,2025-08-17,Furth,65,Consbruch J.,511246,nome,Panchina,14,,4OwLaXgB,4623581.0
DFB-Pokal,1/32 FINALE,2025-08-17,Furth,65,Engel J.,1034888,nome,Panchina,35,,4OwLaXgB,4623581.0
DFB-Pokal,1/32 FINALE,2025-08-17,Furth,65,Fries M.,807463,nome,Panchina,34,,4OwLaXgB,4623581.0
DFB-Pokal,1/32 FINALE,2025-08-17,Furth,65,Korber N.,241974,nome,Panchina,1,Portiere,4OwLaXgB,4623581.0
DFB-Pokal,1/32 FINALE,2025-08-17,Furth,65,Marita R.,1034889,nome,Panchina,38,,4OwLaXgB,4623581.0
DFB-Pokal,1/32 FINALE,2025-08-17,Furth,65,Munz R.,934645,nome,Panchina,5,,4OwLaXgB,4623581.0
DFB-Pokal,1/32 FINALE,2025-08-17,Furth,65,Sillah O.,930377,nome,Panchina,42,,4OwLaXgB,4623581.0
DFB-Pokal,1/32 FINALE,2025-08-17,Furth,65,Srbeny D.,159239,nome,Panchina,7,,4OwLaXgB,4623581.0
DFB-Pokal,1/32 FINALE,2025-08-17,Lokomotive Leipzig,497,Naumann A.,179863,nome,Titolare,1,Portiere,0jXTcBON,4623578.0
DFB-Pokal,1/32 FINALE,2025-08-17,Lokomotive Leipzig,497,Dombrowa T.,525385,nome,Titolare,34,,0jXTcBON,4623578.0
DFB-Pokal,1/32 FINALE,2025-08-17,Lokomotive Leipzig,497,Von-Piechowski L.,272845,nome,Titolare,28,,0jXTcBON,4623578.0
DFB-Pokal,1/32 FINALE,2025-08-17,Lokomotive Leipzig,497,Wilton L.,192467,nome,Titolare,5,,0jXTcBON,4623578.0
DFB-Pokal,1/32 FINALE,2025-08-17,Lokomotive Leipzig,497,Grozinger D.,309398,nome,Titolare,27,,0jXTcBON,4623578.0
DFB-Pokal,1/32 FINALE,2025-08-17,Lokomotive Leipzig,497,Arcalean J.,585761,nome,Titolare,17,,0jXTcBON,4623578.0
DFB-Pokal,1/32 FINALE,2025-08-17,Lokomotive Leipzig,497,Siebeck A.,195611,nome,Titolare,14,,0jXTcBON,4623578.0
DFB-Pokal,1/32 FINALE,2025-08-17,Lokomotive Leipzig,497,Abderrahmane F.,213947,nome,Titolare,8,Capitano,0jXTcBON,4623578.0
DFB-Pokal,1/32 FINALE,2025-08-17,Lokomotive Leipzig,497,Adetula A.,320826,nome,Titolare,11,,0jXTcBON,4623578.0
DFB-Pokal,1/32 FINALE,2025-08-17,Lokomotive Leipzig,497,Maderer S.,237144,nome,Titolare,9,,0jXTcBON,4623578.0
DFB-Pokal,1/32 FINALE,2025-08-17,Lokomotive Leipzig,497,Maier C.,598136,nome,Titolare,21,,0jXTcBON,4623578.0
DFB-Pokal,1/32 FINALE,2025-08-17,Lokomotive Leipzig,497,Bergmann M.,692036,nome,Panchina,20,Portiere,0jXTcBON,4623578.0
DFB-Pokal,1/32 FINALE,2025-08-17,Lokomotive Leipzig,497,Cevis D.,528245,nome,Panchina,22,,0jXTcBON,4623578.0
DFB-Pokal,1/32 FINALE,2025-08-17,Lokomotive Leipzig,497,Kang M.,568662,nome,Panchina,29,,0jXTcBON,4623578.0
DFB-Pokal,1/32 FINALE,2025-08-17,Lokomotive Leipzig,497,Ozturk E.,729155,nome,Panchina,30,,0jXTcBON,4623578.0
DFB-Pokal,1/32 FINALE,2025-08-17,Lokomotive Leipzig,497,Ruhlemann A.,812991,nome,Panchina,24,,0jXTcBON,4623578.0
DFB-Pokal,1/32 FINALE,2025-08-17,Lokomotive Leipzig,497,Stein J.,916165,nome,Panchina,4,,0jXTcBON,4623578.0
DFB-Pokal,1/32 FINALE,2025-08-17,Lokomotive Leipzig,497,Verkamp P.,381133,nome,Panchina,7,,0jXTcBON,4623578.0
DFB-Pokal,1/32 FINALE,2025-08-17,Lokomotive Leipzig,497,Ziane D.,107267,nome,Panchina,13,,0jXTcBON,4623578.0
DFB-Pokal,1/32 FINALE,2025-08-17,Lokomotive Leipzig,497,Zimmer L.,596999,nome,Panchina,15,,0jXTcBON,4623578.0
DFB-Pokal,1/32 FINALE,2025-08-17,Schalke,33,Heekeren J.,453770,nome,Titolare,28,Portiere,0jXTcBON,4623578.0
DFB-Pokal,1/32 FINALE,2025-08-17,Schalke,33,Becker T.,282349,nome,Titolare,5,,0jXTcBON,4623578.0
DFB-Pokal,1/32 FINALE,2025-08-17,Schalke,33,Katic N.,422051,nome,Titolare,25,,0jXTcBON,4623578.0
DFB-Pokal,1/32 FINALE,2025-08-17,Schalke,33,Kurucay H.,292812,nome,Titolare,4,,0jXTcBON,4623578.0
DFB-Pokal,1/32 FINALE,2025-08-17,Schalke,33,Antwi-Adjei C.,289182,nome,Titolare,18,,0jXTcBON,4623578.0
DFB-Pokal,1/32 FINALE,2025-08-17,Schalke,33,Gruger M.,920946,nome,Titolare,37,,0jXTcBON,4623578.0
DFB-Pokal,1/32 FINALE,2025-08-17,Schalke,33,El-Faouzi S.,697740,nome,Titolare,23,,0jXTcBON,4623578.0
DFB-Pokal,1/32 FINALE,2025-08-17,Schalke,33,Becker V.,919703,nome,Titolare,33,,0jXTcBON,4623578.0
DFB-Pokal,1/32 FINALE,2025-08-17,Schalke,33,Hojlund E.,802560,nome,Titolare,15,,0jXTcBON,4623578.0
DFB-Pokal,1/32 FINALE,2025-08-17,Schalke,33,Karaman K.,119557,nome,Titolare,19,Capitano,0jXTcBON,4623578.0
DFB-Pokal,1/32 FINALE,2025-08-17,Schalke,33,Sylla M.,460655,nome,Titolare,9,,0jXTcBON,4623578.0
DFB-Pokal,1/32 FINALE,2025-08-17,Schalke,33,Ayhan M.,969376,nome,Panchina,43,,0jXTcBON,4623578.0
DFB-Pokal,1/32 FINALE,2025-08-17,Schalke,33,Bachmann J.,327862,nome,Panchina,14,,0jXTcBON,4623578.0
DFB-Pokal,1/32 FINALE,2025-08-17,Schalke,33,Donkor A.,280553,nome,Panchina,30,,0jXTcBON,4623578.0
DFB-Pokal,1/32 FINALE,2025-08-17,Schalke,33,Gantenbein A.,410870,nome,Panchina,17,,0jXTcBON,4623578.0
DFB-Pokal,1/32 FINALE,2025-08-17,Schalke,33,Lasme B.,477109,nome,Panchina,11,,0jXTcBON,4623578.0
DFB-Pokal,1/32 FINALE,2025-08-17,Schalke,33,Matriciani H.,570160,nome,Panchina,41,,0jXTcBON,4623578.0
DFB-Pokal,1/32 FINALE,2025-08-17,Schalke,33,Podlech L.,774531,nome,Panchina,32,Portiere,0jXTcBON,4623578.0
DFB-Pokal,1/32 FINALE,2025-08-17,Schalke,33,Sanchez F.,1103940,nome,Panchina,2,,0jXTcBON,4623578.0
DFB-Pokal,1/32 FINALE,2025-08-17,Schalke,33,Zalazar M.,1017047,nome,Panchina,16,,0jXTcBON,4623578.0
DFB-Pokal,1/32 FINALE,2025-08-17,Meuselwitz,2643,Sedlak L.,327391,nome,Titolare,36,Portiere,YFurxeI8,4623594.0
DFB-Pokal,1/32 FINALE,2025-08-17,Meuselwitz,2643,Hansch F.,237086,nome,Titolare,22,,YFurxeI8,4623594.0
DFB-Pokal,1/32 FINALE,2025-08-17,Meuselwitz,2643,Rehder F.,601682,nome,Titolare,3,,YFurxeI8,4623594.0
DFB-Pokal,1/32 FINALE,2025-08-17,Meuselwitz,2643,Kessler B.,523213,eliminazione,Titolare,16,,YFurxeI8,4623594.0
DFB-Pokal,1/32 FINALE,2025-08-17,Meuselwitz,2643,Pfeil D.,449135,nome,Titolare,13,,YFurxeI8,4623594.0
DFB-Pokal,1/32 FINALE,2025-08-17,Meuselwitz,2643,Halasz J.,487887,nome,Titolare,8,,YFurxeI8,4623594.0
DFB-Pokal,1/32 FINALE,2025-08-17,Meuselwitz,2643,Eckardt R.,56552,nome,Titolare,30,Capitano,YFurxeI8,4623594.0
DFB-Pokal,1/32 FINALE,2025-08-17,Meuselwitz,2643,Raithel F.,233447,nome,Titolare,20,,YFurxeI8,4623594.0
DFB-Pokal,1/32 FINALE,2025-08-17,Meuselwitz,2643,Wurr H.,360944,nome,Titolare,17,,YFurxeI8,4623594.0
DFB-Pokal,1/32 FINALE,2025-08-17,Meuselwitz,2643,Pauling C.,696882,nome,Titolare,19,,YFurxeI8,4623594.0
DFB-Pokal,1/32 FINALE,2025-08-17,Meuselwitz,2643,Trubenbach A.,255695,nome,Titolare,9,,YFurxeI8,4623594.0
DFB-Pokal,1/32 FINALE,2025-08-17,Meuselwitz,2643,Balde C.,519747,nome,Panchina,21,,YFurxeI8,4623594.0
DFB-Pokal,1/32 FINALE,2025-08-17,Meuselwitz,2643,Burghold B.,1287262,nome,Panchina,27,,YFurxeI8,4623594.0
DFB-Pokal,1/32 FINALE,2025-08-17,Meuselwitz,2643,Fietz J.,742542,nome,Panchina,1,Portiere,YFurxeI8,4623594.0
DFB-Pokal,1/32 FINALE,2025-08-17,Meuselwitz,2643,Fischer L.,683495,nome,Panchina,23,,YFurxeI8,4623594.0
DFB-Pokal,1/32 FINALE,2025-08-17,Meuselwitz,2643,Kaymaz C.,443829,nome,Panchina,10,,YFurxeI8,4623594.0
DFB-Pokal,1/32 FINALE,2025-08-17,Meuselwitz,2643,Oke E. N.,815116,nome,Panchina,11,,YFurxeI8,4623594.0
DFB-Pokal,1/32 FINALE,2025-08-17,Meuselwitz,2643,Schmokel L.,695739,nome,Panchina,33,,YFurxeI8,4623594.0
DFB-Pokal,1/32 FINALE,2025-08-17,Meuselwitz,2643,Stiller E.,597002,nome,Panchina,5,,YFurxeI8,4623594.0
DFB-Pokal,1/32 FINALE,2025-08-17,Meuselwitz,2643,Tessmer T.,1299440,nome,Panchina,18,,YFurxeI8,4623594.0
DFB-Pokal,1/32 FINALE,2025-08-17,Karlsruher,48,Bernat C.,400535,nome,Titolare,1,Portiere,YFurxeI8,4623594.0
DFB-Pokal,1/32 FINALE,2025-08-17,Karlsruher,48,Jung S.,49730,nome,Titolare,2,,YFurxeI8,4623594.0
DFB-Pokal,1/32 FINALE,2025-08-17,Karlsruher,48,Kobald C.,307509,nome,Titolare,22,,YFurxeI8,4623594.0
DFB-Pokal,1/32 FINALE,2025-08-17,Karlsruher,48,Franke M.,152435,nome,Titolare,28,,YFurxeI8,4623594.0
DFB-Pokal,1/32 FINALE,2025-08-17,Karlsruher,48,Rapp N.,185427,nome,Titolare,6,,YFurxeI8,4623594.0
DFB-Pokal,1/32 FINALE,2025-08-17,Karlsruher,48,Herold D.,604358,nome,Titolare,20,,YFurxeI8,4623594.0
DFB-Pokal,1/32 FINALE,2025-08-17,Karlsruher,48,Egloff L.,472243,nome,Titolare,25,,YFurxeI8,4623594.0
DFB-Pokal,1/32 FINALE,2025-08-17,Karlsruher,48,Muller A.,438315,nome,Titolare,16,,YFurxeI8,4623594.0
DFB-Pokal,1/32 FINALE,2025-08-17,Karlsruher,48,Wanitzek M.,119581,nome,Titolare,10,Capitano,YFurxeI8,4623594.0
DFB-Pokal,1/32 FINALE,2025-08-17,Karlsruher,48,Simic R.,658693,nome,Titolare,9,,YFurxeI8,4623594.0
DFB-Pokal,1/32 FINALE,2025-08-17,Karlsruher,48,Schleusener F.,229176,nome,Titolare,24,,YFurxeI8,4623594.0
DFB-Pokal,1/32 FINALE,2025-08-17,Karlsruher,48,Beifus M.,594655,nome,Panchina,4,,YFurxeI8,4623594.0
DFB-Pokal,1/32 FINALE,2025-08-17,Karlsruher,48,Ben Farhat L.,1045852,nome,Panchina,19,,YFurxeI8,4623594.0
DFB-Pokal,1/32 FINALE,2025-08-17,Karlsruher,48,Burnic D.,251295,nome,Panchina,7,,YFurxeI8,4623594.0
DFB-Pokal,1/32 FINALE,2025-08-17,Karlsruher,48,Geller R.,699589,nome,Panchina,35,,YFurxeI8,4623594.0
DFB-Pokal,1/32 FINALE,2025-08-17,Karlsruher,48,Himmelmann R.,53116,nome,Panchina,30,Portiere,YFurxeI8,4623594.0
DFB-Pokal,1/32 FINALE,2025-08-17,Karlsruher,48,Pinto Pedrosa R.,1085900,nome,Panchina,36,,YFurxeI8,4623594.0
DFB-Pokal,1/32 FINALE,2025-08-17,Karlsruher,48,Rupp N.,622023,nome,Panchina,8,,YFurxeI8,4623594.0
DFB-Pokal,1/32 FINALE,2025-08-17,Regensburg,109,Gebhardt F.,499317,nome,Titolare,1,Portiere,SfA9Ne3F,4623585.0
DFB-Pokal,1/32 FINALE,2025-08-17,Regensburg,109,Wurm L.,897431,nome,Titolare,37,,SfA9Ne3F,4623585.0
DFB-Pokal,1/32 FINALE,2025-08-17,Regensburg,109,Strauss F.,453786,nome,Titolare,4,,SfA9Ne3F,4623585.0
DFB-Pokal,1/32 FINALE,2025-08-17,Regensburg,109,Ziegele R.,280589,nome,Titolare,14,,SfA9Ne3F,4623585.0
DFB-Pokal,1/32 FINALE,2025-08-17,Regensburg,109,Oliveira N.,729165,nome,Titolare,25,,SfA9Ne3F,4623585.0
DFB-Pokal,1/32 FINALE,2025-08-17,Regensburg,109,Matzler L.,526076,nome,Titolare,31,,SfA9Ne3F,4623585.0
DFB-Pokal,1/32 FINALE,2025-08-17,Regensburg,109,Geipl A.,93563,nome,Titolare,8,,SfA9Ne3F,4623585.0
DFB-Pokal,1/32 FINALE,2025-08-17,Regensburg,109,Bauer B.,653186,nome,Titolare,26,,SfA9Ne3F,4623585.0
DFB-Pokal,1/32 FINALE,2025-08-17,Regensburg,109,Kuhlwetter C.,184204,nome,Titolare,30,Capitano,SfA9Ne3F,4623585.0
DFB-Pokal,1/32 FINALE,2025-08-17,Regensburg,109,Asante D.,622723,nome,Titolare,19,,SfA9Ne3F,4623585.0
DFB-Pokal,1/32 FINALE,2025-08-17,Regensburg,109,Hermes L.,451243,nome,Titolare,27,,SfA9Ne3F,4623585.0
DFB-Pokal,1/32 FINALE,2025-08-17,Regensburg,109,Beckhoff P.,388003,nome,Panchina,10,,SfA9Ne3F,4623585.0
DFB-Pokal,1/32 FINALE,2025-08-17,Regensburg,109,Eichinger N.,675921,nome,Panchina,11,,SfA9Ne3F,4623585.0
DFB-Pokal,1/32 FINALE,2025-08-17,Regensburg,109,Fein A.,379979,nome,Panchina,29,,SfA9Ne3F,4623585.0
DFB-Pokal,1/32 FINALE,2025-08-17,Regensburg,109,Forkel D.,924114,nome,Panchina,18,,SfA9Ne3F,4623585.0
DFB-Pokal,1/32 FINALE,2025-08-17,Regensburg,109,Galjen D.,594725,nome,Panchina,9,,SfA9Ne3F,4623585.0
DFB-Pokal,1/32 FINALE,2025-08-17,Regensburg,109,Muller P.,729097,nome,Panchina,5,,SfA9Ne3F,4623585.0
DFB-Pokal,1/32 FINALE,2025-08-17,Regensburg,109,Seidel N.,927005,nome,Panchina,33,,SfA9Ne3F,4623585.0
DFB-Pokal,1/32 FINALE,2025-08-17,Regensburg,109,Stolze S.,157927,nome,Panchina,22,,SfA9Ne3F,4623585.0
DFB-Pokal,1/32 FINALE,2025-08-17,Regensburg,109,Weidinger A.,255633,nome,Panchina,32,Portiere,SfA9Ne3F,4623585.0
DFB-Pokal,1/32 FINALE,2025-08-17,Colonia,3,Zieler R.,21327,nome,Titolare,20,Portiere,SfA9Ne3F,4623585.0
DFB-Pokal,1/32 FINALE,2025-08-17,Colonia,3,Schmied J.,322517,nome,Titolare,2,,SfA9Ne3F,4623585.0
DFB-Pokal,1/32 FINALE,2025-08-17,Colonia,3,Hubers T.,236981,nome,Titolare,4,,SfA9Ne3F,4623585.0
DFB-Pokal,1/32 FINALE,2025-08-17,Colonia,3,Ozkacar C.,615350,nome,Titolare,39,,SfA9Ne3F,4623585.0
DFB-Pokal,1/32 FINALE,2025-08-17,Colonia,3,Sebulonsen S.,592387,nome,Titolare,28,,SfA9Ne3F,4623585.0
DFB-Pokal,1/32 FINALE,2025-08-17,Colonia,3,Johannesson I.,579565,nome,Titolare,18,,SfA9Ne3F,4623585.0
DFB-Pokal,1/32 FINALE,2025-08-17,Colonia,3,Martel E.,597000,nome,Titolare,6,,SfA9Ne3F,4623585.0
DFB-Pokal,1/32 FINALE,2025-08-17,Colonia,3,Maina L.,335103,nome,Titolare,37,,SfA9Ne3F,4623585.0
DFB-Pokal,1/32 FINALE,2025-08-17,Colonia,3,Bulter M.,116088,nome,Titolare,30,,SfA9Ne3F,4623585.0
DFB-Pokal,1/32 FINALE,2025-08-17,Colonia,3,Kaminski J.,407098,nome,Titolare,16,,SfA9Ne3F,4623585.0
DFB-Pokal,1/32 FINALE,2025-08-17,Colonia,3,Waldschmidt L.,196095,nome,Titolare,7,,SfA9Ne3F,4623585.0
DFB-Pokal,1/32 FINALE,2025-08-17,Colonia,3,Ache R.,416380,nome,Panchina,9,,SfA9Ne3F,4623585.0
DFB-Pokal,1/32 FINALE,2025-08-17,Colonia,3,El Mala S.,1168219,nome,Panchina,13,,SfA9Ne3F,4623585.0
DFB-Pokal,1/32 FINALE,2025-08-17,Colonia,3,Gazibegovic J.,393745,nome,Panchina,25,,SfA9Ne3F,4623585.0
DFB-Pokal,1/32 FINALE,2025-08-17,Colonia,3,Kainz F.,106270,nome,Panchina,11,,SfA9Ne3F,4623585.0
DFB-Pokal,1/32 FINALE,2025-08-17,Colonia,3,Krauss T.,405687,nome,Panchina,5,,SfA9Ne3F,4623585.0
DFB-Pokal,1/32 FINALE,2025-08-17,Colonia,3,Lund K.,623773,nome,Panchina,32,,SfA9Ne3F,4623585.0
DFB-Pokal,1/32 FINALE,2025-08-17,Colonia,3,Schwabe M.,160929,nome,Panchina,1,Portiere,SfA9Ne3F,4623585.0
DFB-Pokal,1/32 FINALE,2025-08-17,Colonia,3,Thielmann J.,472249,nome,Panchina,29,,SfA9Ne3F,4623585.0
DFB-Pokal,1/32 FINALE,2025-08-17,Colonia,3,van den Berg R.,640556,nome,Panchina,33,,SfA9Ne3F,4623585.0
DFB-Pokal,1/32 FINALE,2025-08-17,RSV Eintracht,29476,Brenn L.,977976,nome,Titolare,1,Portiere,dCFoGhvh,4623597.0
DFB-Pokal,1/32 FINALE,2025-08-17,RSV Eintracht,29476,Ekalle A.,240346,nome,Titolare,29,,dCFoGhvh,4623597.0
DFB-Pokal,1/32 FINALE,2025-08-17,RSV Eintracht,29476,Samson L.,188931,nome,Titolare,5,,dCFoGhvh,4623597.0
DFB-Pokal,1/32 FINALE,2025-08-17,RSV Eintracht,29476,Mustapha S.,211951,nome,Titolare,24,,dCFoGhvh,4623597.0
DFB-Pokal,1/32 FINALE,2025-08-17,RSV Eintracht,29476,Goth T.,515193,nome,Titolare,7,,dCFoGhvh,4623597.0
DFB-Pokal,1/32 FINALE,2025-08-17,RSV Eintracht,29476,Hellwig L.,95348,nome,Titolare,6,,dCFoGhvh,4623597.0
DFB-Pokal,1/32 FINALE,2025-08-17,RSV Eintracht,29476,Krusemann L.,406075,nome,Titolare,28,,dCFoGhvh,4623597.0
DFB-Pokal,1/32 FINALE,2025-08-17,RSV Eintracht,29476,Kruska D.,533401,nome,Titolare,11,,dCFoGhvh,4623597.0
DFB-Pokal,1/32 FINALE,2025-08-17,RSV Eintracht,29476,Fron T.,814944,nome,Titolare,19,,dCFoGhvh,4623597.0
DFB-Pokal,1/32 FINALE,2025-08-17,RSV Eintracht,29476,Steinborn M.,91911,nome,Titolare,23,Capitano,dCFoGhvh,4623597.0
DFB-Pokal,1/32 FINALE,2025-08-17,RSV Eintracht,29476,Plumpe T.,782512,nome,Titolare,9,,dCFoGhvh,4623597.0
DFB-Pokal,1/32 FINALE,2025-08-17,RSV Eintracht,29476,Brackmann B. L.,1064440,nome,Panchina,12,Portiere,dCFoGhvh,4623597.0
DFB-Pokal,1/32 FINALE,2025-08-17,RSV Eintracht,29476,Gullmeister C.,920175,nome,Panchina,4,,dCFoGhvh,4623597.0
DFB-Pokal,1/32 FINALE,2025-08-17,RSV Eintracht,29476,Jupolli E.,1025847,nome,Panchina,27,,dCFoGhvh,4623597.0
DFB-Pokal,1/32 FINALE,2025-08-17,RSV Eintracht,29476,Koschembahr G.,1408743,nome,Panchina,3,,dCFoGhvh,4623597.0
DFB-Pokal,1/32 FINALE,2025-08-17,RSV Eintracht,29476,Lehmann H.,1408742,nome,Panchina,15,,dCFoGhvh,4623597.0
DFB-Pokal,1/32 FINALE,2025-08-17,RSV Eintracht,29476,Seeger F.,1283362,nome,Panchina,18,,dCFoGhvh,4623597.0
DFB-Pokal,1/32 FINALE,2025-08-17,RSV Eintracht,29476,Sommer L.,916465,nome,Panchina,20,,dCFoGhvh,4623597.0
DFB-Pokal,1/32 FINALE,2025-08-17,RSV Eintracht,29476,Vujic L.,1429889,nome,Panchina,16,,dCFoGhvh,4623597.0
DFB-Pokal,1/32 FINALE,2025-08-17,RSV Eintracht,29476,Yatkiner M.,1413520,nome,Panchina,31,,dCFoGhvh,4623597.0
DFB-Pokal,1/32 FINALE,2025-08-17,Kaiserslautern,2,Krahl J.,337082,nome,Titolare,1,Portiere,dCFoGhvh,4623597.0
DFB-Pokal,1/32 FINALE,2025-08-17,Kaiserslautern,2,Sirch L.,521928,nome,Titolare,31,,dCFoGhvh,4623597.0
DFB-Pokal,1/32 FINALE,2025-08-17,Kaiserslautern,2,Gyamfi M.,452078,nome,Titolare,4,,dCFoGhvh,4623597.0
DFB-Pokal,1/32 FINALE,2025-08-17,Kaiserslautern,2,Kim Ji-Soo,709767,nome,Titolare,5,,dCFoGhvh,4623597.0
DFB-Pokal,1/32 FINALE,2025-08-17,Kaiserslautern,2,Asta S.,392131,nome,Titolare,2,,dCFoGhvh,4623597.0
DFB-Pokal,1/32 FINALE,2025-08-17,Kaiserslautern,2,Sahin S.,566857,nome,Titolare,8,,dCFoGhvh,4623597.0
DFB-Pokal,1/32 FINALE,2025-08-17,Kaiserslautern,2,Kunze F.,334186,nome,Titolare,6,,dCFoGhvh,4623597.0
DFB-Pokal,1/32 FINALE,2025-08-17,Kaiserslautern,2,Haas M.,924087,nome,Titolare,22,,dCFoGhvh,4623597.0
DFB-Pokal,1/32 FINALE,2025-08-17,Kaiserslautern,2,Emreli M.,255957,nome,Titolare,10,,dCFoGhvh,4623597.0
DFB-Pokal,1/32 FINALE,2025-08-17,Kaiserslautern,2,Ritter M.,151636,nome,Titolare,7,Capitano,dCFoGhvh,4623597.0
DFB-Pokal,1/32 FINALE,2025-08-17,Kaiserslautern,2,Hanslik D.,416809,nome,Titolare,19,,dCFoGhvh,4623597.0
DFB-Pokal,1/32 FINALE,2025-08-17,Kaiserslautern,2,Abiama D.,596813,nome,Panchina,27,,dCFoGhvh,4623597.0
DFB-Pokal,1/32 FINALE,2025-08-17,Kaiserslautern,2,Alidou F.,456492,nome,Panchina,48,,dCFoGhvh,4623597.0
DFB-Pokal,1/32 FINALE,2025-08-17,Kaiserslautern,2,Aremu A.,562409,nome,Panchina,23,,dCFoGhvh,4623597.0
DFB-Pokal,1/32 FINALE,2025-08-17,Kaiserslautern,2,Kleinhansl F.,448027,nome,Panchina,3,,dCFoGhvh,4623597.0
DFB-Pokal,1/32 FINALE,2025-08-17,Kaiserslautern,2,Raschl T.,384745,nome,Panchina,20,,dCFoGhvh,4623597.0
DFB-Pokal,1/32 FINALE,2025-08-17,Kaiserslautern,2,Robinson L.,521142,nome,Panchina,37,,dCFoGhvh,4623597.0
DFB-Pokal,1/32 FINALE,2025-08-17,Kaiserslautern,2,Simoni S.,726120,nome,Panchina,25,Portiere,dCFoGhvh,4623597.0
DFB-Pokal,1/32 FINALE,2025-08-17,Kaiserslautern,2,Skytta N.,567309,nome,Panchina,15,,dCFoGhvh,4623597.0
DFB-Pokal,1/32 FINALE,2025-08-17,Kaiserslautern,2,Tachie R.,390460,nome,Panchina,29,,dCFoGhvh,4623597.0
DFB-Pokal,1/32 FINALE,2025-08-17,Engers,2085,Serdarusic F.,949028,nome,Titolare,23,Portiere,lAbILZXR,4623592.0
DFB-Pokal,1/32 FINALE,2025-08-17,Engers,2085,Schmitten M.,594695,nome,Titolare,24,,lAbILZXR,4623592.0
DFB-Pokal,1/32 FINALE,2025-08-17,Engers,2085,Eberhardt D.,281974,nome,Titolare,13,,lAbILZXR,4623592.0
DFB-Pokal,1/32 FINALE,2025-08-17,Engers,2085,Meinert C.,88530,nome,Titolare,3,Capitano,lAbILZXR,4623592.0
DFB-Pokal,1/32 FINALE,2025-08-17,Engers,2085,Muller G.,601345,nome,Titolare,35,,lAbILZXR,4623592.0
DFB-Pokal,1/32 FINALE,2025-08-17,Engers,2085,Muller L.,809649,nome,Titolare,14,,lAbILZXR,4623592.0
DFB-Pokal,1/32 FINALE,2025-08-17,Engers,2085,Thewalt M.,1179232,nome,Titolare,17,,lAbILZXR,4623592.0
DFB-Pokal,1/32 FINALE,2025-08-17,Engers,2085,Semchuk V.,330122,nome,Titolare,19,,lAbILZXR,4623592.0
DFB-Pokal,1/32 FINALE,2025-08-17,Engers,2085,Simons M.,708361,nome,Titolare,26,,lAbILZXR,4623592.0
DFB-Pokal,1/32 FINALE,2025-08-17,Engers,2085,Naric G.,288675,nome,Titolare,8,,lAbILZXR,4623592.0
DFB-Pokal,1/32 FINALE,2025-08-17,Engers,2085,Ed Daoudi A.,1160400,nome,Titolare,33,,lAbILZXR,4623592.0
DFB-Pokal,1/32 FINALE,2025-08-17,Engers,2085,Abursu D.,,,Panchina,10,,lAbILZXR,4623592.0
DFB-Pokal,1/32 FINALE,2025-08-17,Engers,2085,Akahiskali E.,1180399,nome,Panchina,44,,lAbILZXR,4623592.0
DFB-Pokal,1/32 FINALE,2025-08-17,Engers,2085,Bermel P.,949035,nome,Panchina,5,,lAbILZXR,4623592.0
DFB-Pokal,1/32 FINALE,2025-08-17,Engers,2085,Hoti A.,1009752,nome,Panchina,34,,lAbILZXR,4623592.0
DFB-Pokal,1/32 FINALE,2025-08-17,Engers,2085,Husic S.,521391,nome,Panchina,1,Portiere,lAbILZXR,4623592.0
DFB-Pokal,1/32 FINALE,2025-08-17,Engers,2085,Kesikci H.,890242,nome,Panchina,9,,lAbILZXR,4623592.0
DFB-Pokal,1/32 FINALE,2025-08-17,Engers,2085,Splettstoesser M.,,,Panchina,20,,lAbILZXR,4623592.0
DFB-Pokal,1/32 FINALE,2025-08-17,Engers,2085,Szymczak L.,335927,nome,Panchina,4,,lAbILZXR,4623592.0
DFB-Pokal,1/32 FINALE,2025-08-17,Engers,2085,Willma J.,911426,nome,Panchina,77,,lAbILZXR,4623592.0
DFB-Pokal,1/32 FINALE,2025-08-17,Francoforte,24,Grahl J.,40034,nome,Titolare,33,Portiere,lAbILZXR,4623592.0
DFB-Pokal,1/32 FINALE,2025-08-17,Francoforte,24,Kristensen R.,369684,nome,Titolare,13,,lAbILZXR,4623592.0
DFB-Pokal,1/32 FINALE,2025-08-17,Francoforte,24,Koch R.,328784,nome,Titolare,4,Capitano,lAbILZXR,4623592.0
DFB-Pokal,1/32 FINALE,2025-08-17,Francoforte,24,Collins N.,684315,nome,Titolare,34,,lAbILZXR,4623592.0
DFB-Pokal,1/32 FINALE,2025-08-17,Francoforte,24,Nkounkou N.,591193,nome,Titolare,29,,lAbILZXR,4623592.0
DFB-Pokal,1/32 FINALE,2025-08-17,Francoforte,24,Larsson H.,931838,nome,Titolare,16,,lAbILZXR,4623592.0
DFB-Pokal,1/32 FINALE,2025-08-17,Francoforte,24,Chaibi F.,855015,nome,Titolare,8,,lAbILZXR,4623592.0
DFB-Pokal,1/32 FINALE,2025-08-17,Francoforte,24,Doan R.,358504,nome,Titolare,20,,lAbILZXR,4623592.0
DFB-Pokal,1/32 FINALE,2025-08-17,Francoforte,24,Uzun C.,816585,nome,Titolare,42,,lAbILZXR,4623592.0
DFB-Pokal,1/32 FINALE,2025-08-17,Francoforte,24,Bahoya J.,939964,nome,Titolare,19,,lAbILZXR,4623592.0
DFB-Pokal,1/32 FINALE,2025-08-17,Francoforte,24,Burkardt J.,333647,nome,Titolare,9,,lAbILZXR,4623592.0
DFB-Pokal,1/32 FINALE,2025-08-17,Francoforte,24,Aaronson P.,795738,nome,Panchina,31,,lAbILZXR,4623592.0
DFB-Pokal,1/32 FINALE,2025-08-17,Francoforte,24,Amenda A.,635645,nome,Panchina,5,,lAbILZXR,4623592.0
DFB-Pokal,1/32 FINALE,2025-08-17,Francoforte,24,Batshuayi M.,179184,nome,Panchina,30,,lAbILZXR,4623592.0
DFB-Pokal,1/32 FINALE,2025-08-17,Francoforte,24,Baum E.,744857,nome,Panchina,2,,lAbILZXR,4623592.0
DFB-Pokal,1/32 FINALE,2025-08-17,Francoforte,24,Buta,258039,nome,Panchina,24,,lAbILZXR,4623592.0
DFB-Pokal,1/32 FINALE,2025-08-17,Francoforte,24,Hojlund O.,846310,nome,Panchina,6,,lAbILZXR,4623592.0
DFB-Pokal,1/32 FINALE,2025-08-17,Francoforte,24,Knauff A.,429874,nome,Panchina,7,,lAbILZXR,4623592.0
DFB-Pokal,1/32 FINALE,2025-08-17,Francoforte,24,Siljevic A.,1079622,nome,Panchina,39,Portiere,lAbILZXR,4623592.0
DFB-Pokal,1/32 FINALE,2025-08-17,Francoforte,24,Wahi E.,659542,nome,Panchina,17,,lAbILZXR,4623592.0
DFB-Pokal,1/32 FINALE,2025-08-17,Viktoria Koln,1622,Dudu,369258,nome,Titolare,1,Portiere,WAuD1gPb,4623598.0
DFB-Pokal,1/32 FINALE,2025-08-17,Viktoria Koln,1622,Dietz L.,224513,nome,Titolare,2,,WAuD1gPb,4623598.0
DFB-Pokal,1/32 FINALE,2025-08-17,Viktoria Koln,1622,Greger C.,278324,nome,Titolare,15,Capitano,WAuD1gPb,4623598.0
DFB-Pokal,1/32 FINALE,2025-08-17,Viktoria Koln,1622,Sticker J.,698843,nome,Titolare,33,,WAuD1gPb,4623598.0
DFB-Pokal,1/32 FINALE,2025-08-17,Viktoria Koln,1622,Wolf L. M.,447864,eliminazione,Titolare,21,,WAuD1gPb,4623598.0
DFB-Pokal,1/32 FINALE,2025-08-17,Viktoria Koln,1622,Eisenhuth T.,524566,nome,Titolare,6,,WAuD1gPb,4623598.0
DFB-Pokal,1/32 FINALE,2025-08-17,Viktoria Koln,1622,Engelhardt F.,696018,nome,Titolare,8,,WAuD1gPb,4623598.0
DFB-Pokal,1/32 FINALE,2025-08-17,Viktoria Koln,1622,Handle S.,106265,nome,Titolare,7,,WAuD1gPb,4623598.0
DFB-Pokal,1/32 FINALE,2025-08-17,Viktoria Koln,1622,Otto D.,362184,nome,Titolare,10,,WAuD1gPb,4623598.0
DFB-Pokal,1/32 FINALE,2025-08-17,Viktoria Koln,1622,Velasco R.,472247,nome,Titolare,11,,WAuD1gPb,4623598.0
DFB-Pokal,1/32 FINALE,2025-08-17,Viktoria Koln,1622,Lobinger L.,378874,nome,Titolare,9,,WAuD1gPb,4623598.0
DFB-Pokal,1/32 FINALE,2025-08-17,Viktoria Koln,1622,Boboy V.,696165,nome,Panchina,22,,WAuD1gPb,4623598.0
DFB-Pokal,1/32 FINALE,2025-08-17,Viktoria Koln,1622,Kloss T.,786824,nome,Panchina,18,,WAuD1gPb,4623598.0
DFB-Pokal,1/32 FINALE,2025-08-17,Viktoria Koln,1622,Munst L.,572133,nome,Panchina,5,,WAuD1gPb,4623598.0
DFB-Pokal,1/32 FINALE,2025-08-17,Viktoria Koln,1622,Pledl M.,820819,nome,Panchina,17,,WAuD1gPb,4623598.0
DFB-Pokal,1/32 FINALE,2025-08-17,Viktoria Koln,1622,Popp L.,797564,nome,Panchina,29,,WAuD1gPb,4623598.0
DFB-Pokal,1/32 FINALE,2025-08-17,Viktoria Koln,1622,Schulz A.,606301,nome,Panchina,27,Portiere,WAuD1gPb,4623598.0
DFB-Pokal,1/32 FINALE,2025-08-17,Viktoria Koln,1622,Sponsel M.,598576,nome,Panchina,19,,WAuD1gPb,4623598.0
DFB-Pokal,1/32 FINALE,2025-08-17,Viktoria Koln,1622,Tonye Y.,796187,nome,Panchina,30,,WAuD1gPb,4623598.0
DFB-Pokal,1/32 FINALE,2025-08-17,Viktoria Koln,1622,Zank B.,687903,nome,Panchina,23,,WAuD1gPb,4623598.0
DFB-Pokal,1/32 FINALE,2025-08-17,Paderborn,127,Schubert M.,296741,nome,Titolare,1,Portiere,WAuD1gPb,4623598.0
DFB-Pokal,1/32 FINALE,2025-08-17,Paderborn,127,Hoffmeier M.,570152,nome,Titolare,33,,WAuD1gPb,4623598.0
DFB-Pokal,1/32 FINALE,2025-08-17,Paderborn,127,Gotze F.,330635,nome,Titolare,20,Capitano,WAuD1gPb,4623598.0
DFB-Pokal,1/32 FINALE,2025-08-17,Paderborn,127,Brackelmann C.,358766,nome,Titolare,4,,WAuD1gPb,4623598.0
DFB-Pokal,1/32 FINALE,2025-08-17,Paderborn,127,Curda L.,516978,nome,Titolare,17,,WAuD1gPb,4623598.0
DFB-Pokal,1/32 FINALE,2025-08-17,Paderborn,127,Engelns L.,1116191,nome,Titolare,6,,WAuD1gPb,4623598.0
DFB-Pokal,1/32 FINALE,2025-08-17,Paderborn,127,Klaas S.,378424,nome,Titolare,26,,WAuD1gPb,4623598.0
DFB-Pokal,1/32 FINALE,2025-08-17,Paderborn,127,Obermair R.,330699,nome,Titolare,23,,WAuD1gPb,4623598.0
DFB-Pokal,1/32 FINALE,2025-08-17,Paderborn,127,Bilbija F.,602796,nome,Titolare,7,,WAuD1gPb,4623598.0
DFB-Pokal,1/32 FINALE,2025-08-17,Paderborn,127,Batzner N.,443855,nome,Titolare,9,,WAuD1gPb,4623598.0
DFB-Pokal,1/32 FINALE,2025-08-17,Paderborn,127,Grimaldi A.,69392,nome,Titolare,39,,WAuD1gPb,4623598.0
DFB-Pokal,1/32 FINALE,2025-08-17,Paderborn,127,Baur M.,720948,nome,Panchina,14,,WAuD1gPb,4623598.0
DFB-Pokal,1/32 FINALE,2025-08-17,Paderborn,127,Castaneda S.,1005509,nome,Panchina,5,,WAuD1gPb,4623598.0
DFB-Pokal,1/32 FINALE,2025-08-17,Paderborn,127,Copado L.,636898,nome,Panchina,28,,WAuD1gPb,4623598.0
DFB-Pokal,1/32 FINALE,2025-08-17,Paderborn,127,Hansen M.,694132,nome,Panchina,22,,WAuD1gPb,4623598.0
DFB-Pokal,1/32 FINALE,2025-08-17,Paderborn,127,Krumme K.,810293,nome,Panchina,42,,WAuD1gPb,4623598.0
DFB-Pokal,1/32 FINALE,2025-08-17,Paderborn,127,Marino S.,829267,nome,Panchina,30,,WAuD1gPb,4623598.0
DFB-Pokal,1/32 FINALE,2025-08-17,Paderborn,127,Scheller T.,509650,nome,Panchina,25,,WAuD1gPb,4623598.0
DFB-Pokal,1/32 FINALE,2025-08-17,Paderborn,127,Seimen D.,800946,nome,Panchina,41,Portiere,WAuD1gPb,4623598.0
DFB-Pokal,1/32 FINALE,2025-08-17,Paderborn,127,Worner M.,793728,nome,Panchina,18,,WAuD1gPb,4623598.0
DFB-Pokal,1/32 FINALE,2025-08-16,Cottbus,25,Sebald A.,215761,nome,Titolare,1,Portiere,zqn43Ffn,4623583.0
DFB-Pokal,1/32 FINALE,2025-08-16,Cottbus,25,Rorig H.,381755,nome,Titolare,3,,zqn43Ffn,4623583.0
DFB-Pokal,1/32 FINALE,2025-08-16,Cottbus,25,Campulka T.,434659,nome,Titolare,4,,zqn43Ffn,4623583.0
DFB-Pokal,1/32 FINALE,2025-08-16,Cottbus,25,Awortwie-Grant N.,521331,nome,Titolare,23,,zqn43Ffn,4623583.0
DFB-Pokal,1/32 FINALE,2025-08-16,Cottbus,25,Guwara L.,201135,nome,Titolare,21,,zqn43Ffn,4623583.0
DFB-Pokal,1/32 FINALE,2025-08-16,Cottbus,25,Hofmann J.,227085,nome,Titolare,6,,zqn43Ffn,4623583.0
DFB-Pokal,1/32 FINALE,2025-08-16,Cottbus,25,Pelivan D.,178643,nome,Titolare,5,,zqn43Ffn,4623583.0
DFB-Pokal,1/32 FINALE,2025-08-16,Cottbus,25,Borgmann A.,119032,nome,Titolare,20,Capitano,zqn43Ffn,4623583.0
DFB-Pokal,1/32 FINALE,2025-08-16,Cottbus,25,Cigerci T.,192266,nome,Titolare,10,,zqn43Ffn,4623583.0
DFB-Pokal,1/32 FINALE,2025-08-16,Cottbus,25,Engelhardt E.,291537,nome,Titolare,18,,zqn43Ffn,4623583.0
DFB-Pokal,1/32 FINALE,2025-08-16,Cottbus,25,Butler J.,453861,nome,Titolare,31,,zqn43Ffn,4623583.0
DFB-Pokal,1/32 FINALE,2025-08-16,Cottbus,25,Bohnke M.,692332,nome,Panchina,30,Portiere,zqn43Ffn,4623583.0
DFB-Pokal,1/32 FINALE,2025-08-16,Cottbus,25,Boziaris J.,815030,nome,Panchina,19,,zqn43Ffn,4623583.0
DFB-Pokal,1/32 FINALE,2025-08-16,Cottbus,25,Duah D.,607368,nome,Panchina,15,,zqn43Ffn,4623583.0
DFB-Pokal,1/32 FINALE,2025-08-16,Cottbus,25,Hannemann M.,337237,nome,Panchina,11,,zqn43Ffn,4623583.0
DFB-Pokal,1/32 FINALE,2025-08-16,Cottbus,25,Juckel J.,745073,nome,Panchina,36,,zqn43Ffn,4623583.0
DFB-Pokal,1/32 FINALE,2025-08-16,Cottbus,25,Moustfa C. Y.,696026,eliminazione,Panchina,17,,zqn43Ffn,4623583.0
DFB-Pokal,1/32 FINALE,2025-08-16,Cottbus,25,Ogbidi T.,472093,nome,Panchina,22,,zqn43Ffn,4623583.0
DFB-Pokal,1/32 FINALE,2025-08-16,Cottbus,25,Tattermusch T.,679013,nome,Panchina,25,,zqn43Ffn,4623583.0
DFB-Pokal,1/32 FINALE,2025-08-16,Cottbus,25,Thiele T.,95354,nome,Panchina,7,,zqn43Ffn,4623583.0
DFB-Pokal,1/32 FINALE,2025-08-16,Hannover,42,Noll N.,600942,nome,Titolare,1,Portiere,zqn43Ffn,4623583.0
DFB-Pokal,1/32 FINALE,2025-08-16,Hannover,42,Okon I.,1107265,nome,Titolare,20,,zqn43Ffn,4623583.0
DFB-Pokal,1/32 FINALE,2025-08-16,Hannover,42,Tomiak B.,280581,nome,Titolare,3,,zqn43Ffn,4623583.0
DFB-Pokal,1/32 FINALE,2025-08-16,Hannover,42,Ghita V.,340977,nome,Titolare,5,,zqn43Ffn,4623583.0
DFB-Pokal,1/32 FINALE,2025-08-16,Hannover,42,Matsuda H.,957531,nome,Titolare,27,,zqn43Ffn,4623583.0
DFB-Pokal,1/32 FINALE,2025-08-16,Hannover,42,Aseko-Nkili N.,904974,eliminazione,Titolare,15,,zqn43Ffn,4623583.0
DFB-Pokal,1/32 FINALE,2025-08-16,Hannover,42,Leopold E.,383362,nome,Titolare,8,Capitano,zqn43Ffn,4623583.0
DFB-Pokal,1/32 FINALE,2025-08-16,Hannover,42,Neubauer M.,216422,nome,Titolare,33,,zqn43Ffn,4623583.0
DFB-Pokal,1/32 FINALE,2025-08-16,Hannover,42,Chakroun H.,1145570,nome,Titolare,14,,zqn43Ffn,4623583.0
DFB-Pokal,1/32 FINALE,2025-08-16,Hannover,42,Pichler B.,331362,nome,Titolare,11,,zqn43Ffn,4623583.0
DFB-Pokal,1/32 FINALE,2025-08-16,Hannover,42,Rochelt J.,501794,nome,Titolare,10,,zqn43Ffn,4623583.0
DFB-Pokal,1/32 FINALE,2025-08-16,Hannover,42,Allgeier B.,569455,nome,Panchina,17,,zqn43Ffn,4623583.0
DFB-Pokal,1/32 FINALE,2025-08-16,Hannover,42,Blank H.,804831,nome,Panchina,4,,zqn43Ffn,4623583.0
DFB-Pokal,1/32 FINALE,2025-08-16,Hannover,42,Kallman B.,322990,nome,Panchina,9,,zqn43Ffn,4623583.0
DFB-Pokal,1/32 FINALE,2025-08-16,Hannover,42,Nielsen H.,136181,nome,Panchina,16,,zqn43Ffn,4623583.0
DFB-Pokal,1/32 FINALE,2025-08-16,Hannover,42,Oudenne K.,392157,nome,Panchina,29,,zqn43Ffn,4623583.0
DFB-Pokal,1/32 FINALE,2025-08-16,Hannover,42,Roggow F.,567974,nome,Panchina,13,,zqn43Ffn,4623583.0
DFB-Pokal,1/32 FINALE,2025-08-16,Hannover,42,Weinkauf L.,196427,nome,Panchina,30,Portiere,zqn43Ffn,4623583.0
DFB-Pokal,1/32 FINALE,2025-08-16,Hannover,42,Worl M.,786827,nome,Panchina,21,,zqn43Ffn,4623583.0
DFB-Pokal,1/32 FINALE,2025-08-16,Hannover,42,Yokota D.,602781,nome,Panchina,18,,zqn43Ffn,4623583.0
DFB-Pokal,1/32 FINALE,2025-08-16,Lotte,668,Meyer R.,332623,nome,Titolare,1,Portiere,t0u7SsoC,4623588.0
DFB-Pokal,1/32 FINALE,2025-08-16,Lotte,668,Milic D.,796219,nome,Titolare,22,,t0u7SsoC,4623588.0
DFB-Pokal,1/32 FINALE,2025-08-16,Lotte,668,Uzelac F.,163604,nome,Titolare,5,,t0u7SsoC,4623588.0
DFB-Pokal,1/32 FINALE,2025-08-16,Lotte,668,Ruth F.,452065,nome,Titolare,4,,t0u7SsoC,4623588.0
DFB-Pokal,1/32 FINALE,2025-08-16,Lotte,668,Kehl J.,453871,nome,Titolare,2,,t0u7SsoC,4623588.0
DFB-Pokal,1/32 FINALE,2025-08-16,Lotte,668,Krasniqi K.,233467,nome,Titolare,17,Capitano,t0u7SsoC,4623588.0
DFB-Pokal,1/32 FINALE,2025-08-16,Lotte,668,Klefisch B.,692462,nome,Titolare,6,,t0u7SsoC,4623588.0
DFB-Pokal,1/32 FINALE,2025-08-16,Lotte,668,Kerkemeyer L.,598279,nome,Titolare,24,,t0u7SsoC,4623588.0
DFB-Pokal,1/32 FINALE,2025-08-16,Lotte,668,Addai S.,916271,nome,Titolare,9,,t0u7SsoC,4623588.0
DFB-Pokal,1/32 FINALE,2025-08-16,Lotte,668,Horn L.,329814,nome,Titolare,33,,t0u7SsoC,4623588.0
DFB-Pokal,1/32 FINALE,2025-08-16,Lotte,668,Demaj L.,333894,nome,Titolare,28,,t0u7SsoC,4623588.0
DFB-Pokal,1/32 FINALE,2025-08-16,Lotte,668,Bajric D.,158329,nome,Panchina,8,,t0u7SsoC,4623588.0
DFB-Pokal,1/32 FINALE,2025-08-16,Lotte,668,Beckemeyer L.,400514,nome,Panchina,12,Portiere,t0u7SsoC,4623588.0
DFB-Pokal,1/32 FINALE,2025-08-16,Lotte,668,Ciccarelli N.,361540,nome,Panchina,10,,t0u7SsoC,4623588.0
DFB-Pokal,1/32 FINALE,2025-08-16,Lotte,668,Heider M.,31968,nome,Panchina,20,,t0u7SsoC,4623588.0
DFB-Pokal,1/32 FINALE,2025-08-16,Lotte,668,Holzweiler K.,148095,nome,Panchina,31,,t0u7SsoC,4623588.0
DFB-Pokal,1/32 FINALE,2025-08-16,Lotte,668,Riemer J.,452077,nome,Panchina,39,,t0u7SsoC,4623588.0
DFB-Pokal,1/32 FINALE,2025-08-16,Lotte,668,Santos,425236,nome,Panchina,3,,t0u7SsoC,4623588.0
DFB-Pokal,1/32 FINALE,2025-08-16,Lotte,668,Stublla S.,1147963,nome,Panchina,23,,t0u7SsoC,4623588.0
DFB-Pokal,1/32 FINALE,2025-08-16,Lotte,668,Wiegel A.,45698,nome,Panchina,7,,t0u7SsoC,4623588.0
DFB-Pokal,1/32 FINALE,2025-08-16,Friburgo,60,Atubolu N.,526845,nome,Titolare,1,Portiere,t0u7SsoC,4623588.0
DFB-Pokal,1/32 FINALE,2025-08-16,Friburgo,60,Kubler L.,93604,nome,Titolare,17,,t0u7SsoC,4623588.0
DFB-Pokal,1/32 FINALE,2025-08-16,Friburgo,60,Ginter M.,124502,nome,Titolare,28,,t0u7SsoC,4623588.0
DFB-Pokal,1/32 FINALE,2025-08-16,Friburgo,60,Lienhart P.,225657,nome,Titolare,3,,t0u7SsoC,4623588.0
DFB-Pokal,1/32 FINALE,2025-08-16,Friburgo,60,Gunter C.,93707,nome,Titolare,30,Capitano,t0u7SsoC,4623588.0
DFB-Pokal,1/32 FINALE,2025-08-16,Friburgo,60,Osterhage P.,443331,nome,Titolare,6,,t0u7SsoC,4623588.0
DFB-Pokal,1/32 FINALE,2025-08-16,Friburgo,60,Eggestein M.,190284,nome,Titolare,8,,t0u7SsoC,4623588.0
DFB-Pokal,1/32 FINALE,2025-08-16,Friburgo,60,Grifo V.,185077,nome,Titolare,32,,t0u7SsoC,4623588.0
DFB-Pokal,1/32 FINALE,2025-08-16,Friburgo,60,Holer L.,248999,nome,Titolare,9,,t0u7SsoC,4623588.0
DFB-Pokal,1/32 FINALE,2025-08-16,Friburgo,60,Manzambi J.,927353,nome,Titolare,44,,t0u7SsoC,4623588.0
DFB-Pokal,1/32 FINALE,2025-08-16,Friburgo,60,Dinkci E.,645774,nome,Titolare,18,,t0u7SsoC,4623588.0
DFB-Pokal,1/32 FINALE,2025-08-16,Friburgo,60,Adamu J.,452477,nome,Panchina,20,,t0u7SsoC,4623588.0
DFB-Pokal,1/32 FINALE,2025-08-16,Friburgo,60,Beste J.,342967,eliminazione,Panchina,19,,t0u7SsoC,4623588.0
DFB-Pokal,1/32 FINALE,2025-08-16,Friburgo,60,Irie C.,1145064,nome,Panchina,22,,t0u7SsoC,4623588.0
DFB-Pokal,1/32 FINALE,2025-08-16,Friburgo,60,Jung A.,58995,nome,Panchina,5,,t0u7SsoC,4623588.0
DFB-Pokal,1/32 FINALE,2025-08-16,Friburgo,60,Makengo J.,815078,nome,Panchina,33,,t0u7SsoC,4623588.0
DFB-Pokal,1/32 FINALE,2025-08-16,Friburgo,60,Muller F.,284769,nome,Panchina,21,Portiere,t0u7SsoC,4623588.0
DFB-Pokal,1/32 FINALE,2025-08-16,Friburgo,60,Rohl M.,608832,nome,Panchina,34,,t0u7SsoC,4623588.0
DFB-Pokal,1/32 FINALE,2025-08-16,Friburgo,60,Scherhant D.,820957,nome,Panchina,7,,t0u7SsoC,4623588.0
DFB-Pokal,1/32 FINALE,2025-08-16,Friburgo,60,Suzuki Y.,668606,nome,Panchina,14,,t0u7SsoC,4623588.0
DFB-Pokal,1/32 FINALE,2025-08-16,VfB Lubeck,78,Diestel P.,1111332,nome,Titolare,21,Portiere,SGcGJn2s,4623591.0
DFB-Pokal,1/32 FINALE,2025-08-16,VfB Lubeck,78,Amadi J.,917760,nome,Titolare,37,,SGcGJn2s,4623591.0
DFB-Pokal,1/32 FINALE,2025-08-16,VfB Lubeck,78,Menke L.,531499,nome,Titolare,5,,SGcGJn2s,4623591.0
DFB-Pokal,1/32 FINALE,2025-08-16,VfB Lubeck,78,Becken P.,25447,nome,Titolare,45,,SGcGJn2s,4623591.0
DFB-Pokal,1/32 FINALE,2025-08-16,VfB Lubeck,78,Thiel M.,237620,nome,Titolare,13,Capitano,SGcGJn2s,4623591.0
DFB-Pokal,1/32 FINALE,2025-08-16,VfB Lubeck,78,Pfundheller B.,1039831,nome,Titolare,6,,SGcGJn2s,4623591.0
DFB-Pokal,1/32 FINALE,2025-08-16,VfB Lubeck,78,Albrecht J.,392149,nome,Titolare,39,,SGcGJn2s,4623591.0
DFB-Pokal,1/32 FINALE,2025-08-16,VfB Lubeck,78,Polat M.,574567,nome,Titolare,8,,SGcGJn2s,4623591.0
DFB-Pokal,1/32 FINALE,2025-08-16,VfB Lubeck,78,Ulrich C.,1233527,nome,Titolare,22,,SGcGJn2s,4623591.0
DFB-Pokal,1/32 FINALE,2025-08-16,VfB Lubeck,78,Verinac A.,1025234,nome,Titolare,9,,SGcGJn2s,4623591.0
DFB-Pokal,1/32 FINALE,2025-08-16,VfB Lubeck,78,Istefo F.,222685,nome,Titolare,19,,SGcGJn2s,4623591.0
DFB-Pokal,1/32 FINALE,2025-08-16,VfB Lubeck,78,Bohmker F.,716752,nome,Panchina,1,Portiere,SGcGJn2s,4623591.0
DFB-Pokal,1/32 FINALE,2025-08-16,VfB Lubeck,78,Demir R.,1023822,nome,Panchina,28,,SGcGJn2s,4623591.0
DFB-Pokal,1/32 FINALE,2025-08-16,VfB Lubeck,78,Jeschonek H.,1310184,nome,Panchina,41,,SGcGJn2s,4623591.0
DFB-Pokal,1/32 FINALE,2025-08-16,VfB Lubeck,78,Karimani D.,332402,nome,Panchina,23,,SGcGJn2s,4623591.0
DFB-Pokal,1/32 FINALE,2025-08-16,VfB Lubeck,78,Lehnfeld M.,1112283,nome,Panchina,44,,SGcGJn2s,4623591.0
DFB-Pokal,1/32 FINALE,2025-08-16,VfB Lubeck,78,Melenivskyi Y.,1166239,nome,Panchina,4,,SGcGJn2s,4623591.0
DFB-Pokal,1/32 FINALE,2025-08-16,VfB Lubeck,78,Philipp N.,529094,nome,Panchina,18,,SGcGJn2s,4623591.0
DFB-Pokal,1/32 FINALE,2025-08-16,VfB Lubeck,78,Sachau T.,1310180,nome,Panchina,46,,SGcGJn2s,4623591.0
DFB-Pokal,1/32 FINALE,2025-08-16,VfB Lubeck,78,Shivani R.,972212,nome,Panchina,20,,SGcGJn2s,4623591.0
DFB-Pokal,1/32 FINALE,2025-08-16,Darmstadt,105,Schuhen M.,93651,nome,Titolare,1,Portiere,SGcGJn2s,4623591.0
DFB-Pokal,1/32 FINALE,2025-08-16,Darmstadt,105,Pfeiffer P.,391742,nome,Titolare,6,,SGcGJn2s,4623591.0
DFB-Pokal,1/32 FINALE,2025-08-16,Darmstadt,105,Vukotic A.,398851,nome,Titolare,20,,SGcGJn2s,4623591.0
DFB-Pokal,1/32 FINALE,2025-08-16,Darmstadt,105,Maglica M.,433388,nome,Titolare,5,,SGcGJn2s,4623591.0
DFB-Pokal,1/32 FINALE,2025-08-16,Darmstadt,105,Marseiler L.,339057,nome,Titolare,8,,SGcGJn2s,4623591.0
DFB-Pokal,1/32 FINALE,2025-08-16,Darmstadt,105,Klefisch K.,332624,nome,Titolare,17,,SGcGJn2s,4623591.0
DFB-Pokal,1/32 FINALE,2025-08-16,Darmstadt,105,Richter M.,279009,nome,Titolare,23,,SGcGJn2s,4623591.0
DFB-Pokal,1/32 FINALE,2025-08-16,Darmstadt,105,Corredor K.,853491,nome,Titolare,34,,SGcGJn2s,4623591.0
DFB-Pokal,1/32 FINALE,2025-08-16,Darmstadt,105,Nurnberger F.,349433,nome,Titolare,15,,SGcGJn2s,4623591.0
DFB-Pokal,1/32 FINALE,2025-08-16,Darmstadt,105,Hornby F.,388160,nome,Titolare,9,,SGcGJn2s,4623591.0
DFB-Pokal,1/32 FINALE,2025-08-16,Darmstadt,105,Lidberg I.,322073,nome,Titolare,7,,SGcGJn2s,4623591.0
DFB-Pokal,1/32 FINALE,2025-08-16,Darmstadt,105,Akiyama H.,627533,nome,Panchina,16,,SGcGJn2s,4623591.0
DFB-Pokal,1/32 FINALE,2025-08-16,Darmstadt,105,Bialek B.,535551,nome,Panchina,27,,SGcGJn2s,4623591.0
DFB-Pokal,1/32 FINALE,2025-08-16,Darmstadt,105,Boetius J-P.,182574,nome,Panchina,10,,SGcGJn2s,4623591.0
DFB-Pokal,1/32 FINALE,2025-08-16,Darmstadt,105,Brunst A.,146693,nome,Panchina,30,Portiere,SGcGJn2s,4623591.0
DFB-Pokal,1/32 FINALE,2025-08-16,Darmstadt,105,Furukawa Y.,957535,nome,Panchina,44,,SGcGJn2s,4623591.0
DFB-Pokal,1/32 FINALE,2025-08-16,Darmstadt,105,Guler S.,385240,nome,Panchina,22,,SGcGJn2s,4623591.0
DFB-Pokal,1/32 FINALE,2025-08-16,Darmstadt,105,Holland F.,54846,nome,Panchina,32,,SGcGJn2s,4623591.0
DFB-Pokal,1/32 FINALE,2025-08-16,Darmstadt,105,Papela M.,405689,nome,Panchina,21,,SGcGJn2s,4623591.0
DFB-Pokal,1/32 FINALE,2025-08-16,Darmstadt,105,Riedel C.,692070,nome,Panchina,38,,SGcGJn2s,4623591.0
DFB-Pokal,1/32 FINALE,2025-08-16,Bahlinger,1193,Petzold L.,519228,nome,Titolare,1,Portiere,COcxPmNM,4623579.0
DFB-Pokal,1/32 FINALE,2025-08-16,Bahlinger,1193,Herrmann K.,230809,nome,Titolare,8,,COcxPmNM,4623579.0
DFB-Pokal,1/32 FINALE,2025-08-16,Bahlinger,1193,Tost L.,451237,nome,Titolare,5,,COcxPmNM,4623579.0
DFB-Pokal,1/32 FINALE,2025-08-16,Bahlinger,1193,El Abed K.,691905,nome,Titolare,24,,COcxPmNM,4623579.0
DFB-Pokal,1/32 FINALE,2025-08-16,Bahlinger,1193,Wuttke R.,829736,nome,Titolare,25,,COcxPmNM,4623579.0
DFB-Pokal,1/32 FINALE,2025-08-16,Bahlinger,1193,Bux H.,860658,nome,Titolare,6,,COcxPmNM,4623579.0
DFB-Pokal,1/32 FINALE,2025-08-16,Bahlinger,1193,Scholl F.,798419,nome,Titolare,7,,COcxPmNM,4623579.0
DFB-Pokal,1/32 FINALE,2025-08-16,Bahlinger,1193,Wehrle R.,385185,nome,Titolare,14,,COcxPmNM,4623579.0
DFB-Pokal,1/32 FINALE,2025-08-16,Bahlinger,1193,Pepic H.,124415,nome,Titolare,27,Capitano,COcxPmNM,4623579.0
DFB-Pokal,1/32 FINALE,2025-08-16,Bahlinger,1193,Kobele L.,329365,nome,Titolare,21,,COcxPmNM,4623579.0
DFB-Pokal,1/32 FINALE,2025-08-16,Bahlinger,1193,Diakite A. I.,485545,nome,Titolare,11,,COcxPmNM,4623579.0
DFB-Pokal,1/32 FINALE,2025-08-16,Bahlinger,1193,Bauer M.,451241,nome,Panchina,20,,COcxPmNM,4623579.0
DFB-Pokal,1/32 FINALE,2025-08-16,Bahlinger,1193,Benali E.,945498,nome,Panchina,29,,COcxPmNM,4623579.0
DFB-Pokal,1/32 FINALE,2025-08-16,Bahlinger,1193,Echner A.,631843,nome,Panchina,18,,COcxPmNM,4623579.0
DFB-Pokal,1/32 FINALE,2025-08-16,Bahlinger,1193,Monga D.,714488,nome,Panchina,22,,COcxPmNM,4623579.0
DFB-Pokal,1/32 FINALE,2025-08-16,Bahlinger,1193,Rienhardt M.,606552,nome,Panchina,33,,COcxPmNM,4623579.0
DFB-Pokal,1/32 FINALE,2025-08-16,Bahlinger,1193,Schmidt L.,793721,nome,Panchina,26,,COcxPmNM,4623579.0
DFB-Pokal,1/32 FINALE,2025-08-16,Bahlinger,1193,Schweizer R.,951099,nome,Panchina,38,Portiere,COcxPmNM,4623579.0
DFB-Pokal,1/32 FINALE,2025-08-16,Bahlinger,1193,Shaqiri E.,499347,nome,Panchina,10,,COcxPmNM,4623579.0
DFB-Pokal,1/32 FINALE,2025-08-16,Bahlinger,1193,Walz V.,684103,nome,Panchina,13,,COcxPmNM,4623579.0
DFB-Pokal,1/32 FINALE,2025-08-16,Heidenheim,2036,Ramaj D.,448705,nome,Titolare,41,Portiere,COcxPmNM,4623579.0
DFB-Pokal,1/32 FINALE,2025-08-16,Heidenheim,2036,Mainka P.,133731,nome,Titolare,6,Capitano,COcxPmNM,4623579.0
DFB-Pokal,1/32 FINALE,2025-08-16,Heidenheim,2036,Gimber B.,227084,nome,Titolare,5,,COcxPmNM,4623579.0
DFB-Pokal,1/32 FINALE,2025-08-16,Heidenheim,2036,Siersleben T.,337092,nome,Titolare,4,,COcxPmNM,4623579.0
DFB-Pokal,1/32 FINALE,2025-08-16,Heidenheim,2036,Conteh S.,307183,nome,Titolare,31,,COcxPmNM,4623579.0
DFB-Pokal,1/32 FINALE,2025-08-16,Heidenheim,2036,Schoppner J.,581357,nome,Titolare,3,,COcxPmNM,4623579.0
DFB-Pokal,1/32 FINALE,2025-08-16,Heidenheim,2036,Dorsch N.,251302,nome,Titolare,30,,COcxPmNM,4623579.0
DFB-Pokal,1/32 FINALE,2025-08-16,Heidenheim,2036,Ibrahimovic A.,744728,nome,Titolare,22,,COcxPmNM,4623579.0
DFB-Pokal,1/32 FINALE,2025-08-16,Heidenheim,2036,Scienza L.,804219,nome,Titolare,8,,COcxPmNM,4623579.0
DFB-Pokal,1/32 FINALE,2025-08-16,Heidenheim,2036,Honsak M.,283497,nome,Titolare,17,,COcxPmNM,4623579.0
DFB-Pokal,1/32 FINALE,2025-08-16,Heidenheim,2036,Zivzivadze B.,187097,nome,Titolare,11,,COcxPmNM,4623579.0
DFB-Pokal,1/32 FINALE,2025-08-16,Heidenheim,2036,Busch M.,117478,nome,Panchina,2,,COcxPmNM,4623579.0
DFB-Pokal,1/32 FINALE,2025-08-16,Heidenheim,2036,Fohrenbach J.,192169,nome,Panchina,19,,COcxPmNM,4623579.0
DFB-Pokal,1/32 FINALE,2025-08-16,Heidenheim,2036,Kaufmann M.,545332,nome,Panchina,29,,COcxPmNM,4623579.0
DFB-Pokal,1/32 FINALE,2025-08-16,Heidenheim,2036,Kerber L.,809498,nome,Panchina,20,,COcxPmNM,4623579.0
DFB-Pokal,1/32 FINALE,2025-08-16,Heidenheim,2036,Kolle A.,921431,nome,Panchina,28,,COcxPmNM,4623579.0
DFB-Pokal,1/32 FINALE,2025-08-16,Heidenheim,2036,Muller K.,43824,nome,Panchina,1,Portiere,COcxPmNM,4623579.0
DFB-Pokal,1/32 FINALE,2025-08-16,Heidenheim,2036,Niehues J.,530173,nome,Panchina,16,,COcxPmNM,4623579.0
DFB-Pokal,1/32 FINALE,2025-08-16,Heidenheim,2036,Traore O. H.,388294,eliminazione,Panchina,23,,COcxPmNM,4623579.0
DFB-Pokal,1/32 FINALE,2025-08-16,Heidenheim,2036,Wagner Y.,1153628,nome,Panchina,38,,COcxPmNM,4623579.0
DFB-Pokal,1/32 FINALE,2025-08-16,Hemelingen,26444,Pfarr M.,496033,eliminazione,Titolare,1,Portiere,YHAAAl8T,4623602.0
DFB-Pokal,1/32 FINALE,2025-08-16,Hemelingen,26444,Hannawald D.,1046611,nome,Titolare,2,,YHAAAl8T,4623602.0
DFB-Pokal,1/32 FINALE,2025-08-16,Hemelingen,26444,Sahan K.,333218,nome,Titolare,25,,YHAAAl8T,4623602.0
DFB-Pokal,1/32 FINALE,2025-08-16,Hemelingen,26444,Berisha F.,452049,nome,Titolare,4,,YHAAAl8T,4623602.0
DFB-Pokal,1/32 FINALE,2025-08-16,Hemelingen,26444,Nouwame S.,590599,nome,Titolare,22,,YHAAAl8T,4623602.0
DFB-Pokal,1/32 FINALE,2025-08-16,Hemelingen,26444,Erten Y.,662360,nome,Titolare,23,,YHAAAl8T,4623602.0
DFB-Pokal,1/32 FINALE,2025-08-16,Hemelingen,26444,Isik B.,801701,nome,Titolare,62,,YHAAAl8T,4623602.0
DFB-Pokal,1/32 FINALE,2025-08-16,Hemelingen,26444,Fenski N.,688855,nome,Titolare,21,,YHAAAl8T,4623602.0
DFB-Pokal,1/32 FINALE,2025-08-16,Hemelingen,26444,Genaev A.,786309,nome,Titolare,10,,YHAAAl8T,4623602.0
DFB-Pokal,1/32 FINALE,2025-08-16,Hemelingen,26444,Cristescu L.,998062,nome,Titolare,7,,YHAAAl8T,4623602.0
DFB-Pokal,1/32 FINALE,2025-08-16,Hemelingen,26444,Sido S.,614036,nome,Titolare,9,,YHAAAl8T,4623602.0
DFB-Pokal,1/32 FINALE,2025-08-16,Hemelingen,26444,Amadou R.,1309998,nome,Panchina,11,,YHAAAl8T,4623602.0
DFB-Pokal,1/32 FINALE,2025-08-16,Hemelingen,26444,Bauhus F. D.,1046528,nome,Panchina,5,,YHAAAl8T,4623602.0
DFB-Pokal,1/32 FINALE,2025-08-16,Hemelingen,26444,Corogli E.,1053496,nome,Panchina,80,,YHAAAl8T,4623602.0
DFB-Pokal,1/32 FINALE,2025-08-16,Hemelingen,26444,Ebone Ekweh C.,1175415,nome,Panchina,27,,YHAAAl8T,4623602.0
DFB-Pokal,1/32 FINALE,2025-08-16,Hemelingen,26444,Kugel Y.,1264364,nome,Panchina,12,Portiere,YHAAAl8T,4623602.0
DFB-Pokal,1/32 FINALE,2025-08-16,Hemelingen,26444,Mina M.,1153062,nome,Panchina,29,,YHAAAl8T,4623602.0
DFB-Pokal,1/32 FINALE,2025-08-16,Hemelingen,26444,Prusse H.,617554,nome,Panchina,17,,YHAAAl8T,4623602.0
DFB-Pokal,1/32 FINALE,2025-08-16,Hemelingen,26444,Shimokawa H.,1046620,nome,Panchina,8,,YHAAAl8T,4623602.0
DFB-Pokal,1/32 FINALE,2025-08-16,Hemelingen,26444,Yohena S.,1304635,nome,Panchina,77,,YHAAAl8T,4623602.0
DFB-Pokal,1/32 FINALE,2025-08-16,Wolfsburg,82,Grabara K.,346551,nome,Titolare,1,Portiere,YHAAAl8T,4623602.0
DFB-Pokal,1/32 FINALE,2025-08-16,Wolfsburg,82,Fischer K.,435796,nome,Titolare,2,,YHAAAl8T,4623602.0
DFB-Pokal,1/32 FINALE,2025-08-16,Wolfsburg,82,Vavro D.,239962,nome,Titolare,3,,YHAAAl8T,4623602.0
DFB-Pokal,1/32 FINALE,2025-08-16,Wolfsburg,82,Koulierakis K.,669380,nome,Titolare,4,,YHAAAl8T,4623602.0
DFB-Pokal,1/32 FINALE,2025-08-16,Wolfsburg,82,Maehle J.,369674,nome,Titolare,21,,YHAAAl8T,4623602.0
DFB-Pokal,1/32 FINALE,2025-08-16,Wolfsburg,82,Arnold M.,117674,nome,Titolare,27,Capitano,YHAAAl8T,4623602.0
DFB-Pokal,1/32 FINALE,2025-08-16,Wolfsburg,82,Vini Souza,663581,nome,Titolare,5,,YHAAAl8T,4623602.0
DFB-Pokal,1/32 FINALE,2025-08-16,Wolfsburg,82,Skov Olsen A.,432982,nome,Titolare,7,,YHAAAl8T,4623602.0
DFB-Pokal,1/32 FINALE,2025-08-16,Wolfsburg,82,Majer L.,387106,nome,Titolare,10,,YHAAAl8T,4623602.0
DFB-Pokal,1/32 FINALE,2025-08-16,Wolfsburg,82,Wimmer P.,533295,nome,Titolare,39,,YHAAAl8T,4623602.0
DFB-Pokal,1/32 FINALE,2025-08-16,Wolfsburg,82,Pejcinovic D.,819636,nome,Titolare,17,,YHAAAl8T,4623602.0
DFB-Pokal,1/32 FINALE,2025-08-16,Wolfsburg,82,Cerny V.,242063,nome,Panchina,18,,YHAAAl8T,4623602.0
DFB-Pokal,1/32 FINALE,2025-08-16,Wolfsburg,82,Dardai B.,789252,nome,Panchina,8,,YHAAAl8T,4623602.0
DFB-Pokal,1/32 FINALE,2025-08-16,Wolfsburg,82,Gerhardt Y.,119277,nome,Panchina,31,,YHAAAl8T,4623602.0
DFB-Pokal,1/32 FINALE,2025-08-16,Wolfsburg,82,Jenz M.,460245,nome,Panchina,15,,YHAAAl8T,4623602.0
DFB-Pokal,1/32 FINALE,2025-08-16,Wolfsburg,82,Muller M.,118161,nome,Panchina,29,Portiere,YHAAAl8T,4623602.0
DFB-Pokal,1/32 FINALE,2025-08-16,Wolfsburg,82,Pervan P.,51977,nome,Panchina,12,Portiere,YHAAAl8T,4623602.0
DFB-Pokal,1/32 FINALE,2025-08-16,Wolfsburg,82,Svanberg M.,342405,nome,Panchina,32,,YHAAAl8T,4623602.0
DFB-Pokal,1/32 FINALE,2025-08-16,Wolfsburg,82,Zehnter A.,730484,nome,Panchina,25,,YHAAAl8T,4623602.0
DFB-Pokal,1/32 FINALE,2025-08-16,Illertissen,1468,Witte M.,364374,nome,Titolare,1,Portiere,GGxahkno,4623593.0
DFB-Pokal,1/32 FINALE,2025-08-16,Illertissen,1468,Golz M.,521171,nome,Titolare,11,,GGxahkno,4623593.0
DFB-Pokal,1/32 FINALE,2025-08-16,Illertissen,1468,Neuberger M.,602821,nome,Titolare,38,,GGxahkno,4623593.0
DFB-Pokal,1/32 FINALE,2025-08-16,Illertissen,1468,Zeller M.,381259,nome,Titolare,2,Capitano,GGxahkno,4623593.0
DFB-Pokal,1/32 FINALE,2025-08-16,Illertissen,1468,Heckmann E.,604459,nome,Titolare,23,,GGxahkno,4623593.0
DFB-Pokal,1/32 FINALE,2025-08-16,Illertissen,1468,Embaye N.,709271,nome,Titolare,6,,GGxahkno,4623593.0
DFB-Pokal,1/32 FINALE,2025-08-16,Illertissen,1468,Hingerl M.,195056,nome,Titolare,25,,GGxahkno,4623593.0
DFB-Pokal,1/32 FINALE,2025-08-16,Illertissen,1468,Cocic M.,590480,nome,Titolare,8,,GGxahkno,4623593.0
DFB-Pokal,1/32 FINALE,2025-08-16,Illertissen,1468,Milic D.,1140776,nome,Titolare,21,,GGxahkno,4623593.0
DFB-Pokal,1/32 FINALE,2025-08-16,Illertissen,1468,Hausmann D.,605572,nome,Titolare,13,,GGxahkno,4623593.0
DFB-Pokal,1/32 FINALE,2025-08-16,Illertissen,1468,Glessing Y.,521936,nome,Titolare,7,,GGxahkno,4623593.0
DFB-Pokal,1/32 FINALE,2025-08-16,Illertissen,1468,Ekinci P.,1030605,nome,Panchina,15,,GGxahkno,4623593.0
DFB-Pokal,1/32 FINALE,2025-08-16,Illertissen,1468,Gerstmayer D.,905743,nome,Panchina,19,,GGxahkno,4623593.0
DFB-Pokal,1/32 FINALE,2025-08-16,Illertissen,1468,Helbock N.,784793,nome,Panchina,24,,GGxahkno,4623593.0
DFB-Pokal,1/32 FINALE,2025-08-16,Illertissen,1468,Irigoyen C.,885835,nome,Panchina,20,,GGxahkno,4623593.0
DFB-Pokal,1/32 FINALE,2025-08-16,Illertissen,1468,Micic U.,1173654,nome,Panchina,14,,GGxahkno,4623593.0
DFB-Pokal,1/32 FINALE,2025-08-16,Illertissen,1468,Muth R.,535431,nome,Panchina,10,,GGxahkno,4623593.0
DFB-Pokal,1/32 FINALE,2025-08-16,Illertissen,1468,Petrovic L.,934303,nome,Panchina,17,,GGxahkno,4623593.0
DFB-Pokal,1/32 FINALE,2025-08-16,Illertissen,1468,Ruhle T.,45754,nome,Panchina,31,,GGxahkno,4623593.0
DFB-Pokal,1/32 FINALE,2025-08-16,Illertissen,1468,Zok M.,1034101,nome,Panchina,34,Portiere,GGxahkno,4623593.0
DFB-Pokal,1/32 FINALE,2025-08-16,Norimberga,4,Mathenia C.,82361,nome,Titolare,26,Portiere,GGxahkno,4623593.0
DFB-Pokal,1/32 FINALE,2025-08-16,Norimberga,4,Gruber F.,594731,nome,Titolare,4,,GGxahkno,4623593.0
DFB-Pokal,1/32 FINALE,2025-08-16,Norimberga,4,Knoche R.,94201,nome,Titolare,31,Capitano,GGxahkno,4623593.0
DFB-Pokal,1/32 FINALE,2025-08-16,Norimberga,4,Lochoshvili L.,345189,nome,Titolare,24,,GGxahkno,4623593.0
DFB-Pokal,1/32 FINALE,2025-08-16,Norimberga,4,Janisch T.,924115,nome,Titolare,32,,GGxahkno,4623593.0
DFB-Pokal,1/32 FINALE,2025-08-16,Norimberga,4,Chaikhoun A.,938946,nome,Titolare,17,,GGxahkno,4623593.0
DFB-Pokal,1/32 FINALE,2025-08-16,Norimberga,4,Lubach R.,745601,nome,Titolare,18,,GGxahkno,4623593.0
DFB-Pokal,1/32 FINALE,2025-08-16,Norimberga,4,Yilmaz B.,907087,nome,Titolare,21,,GGxahkno,4623593.0
DFB-Pokal,1/32 FINALE,2025-08-16,Norimberga,4,Koudossou H.,515624,nome,Titolare,8,,GGxahkno,4623593.0
DFB-Pokal,1/32 FINALE,2025-08-16,Norimberga,4,Biron M.,524860,nome,Titolare,7,,GGxahkno,4623593.0
DFB-Pokal,1/32 FINALE,2025-08-16,Norimberga,4,Telalovic S.,583767,nome,Titolare,9,,GGxahkno,4623593.0
DFB-Pokal,1/32 FINALE,2025-08-16,Norimberga,4,Buchmann T.,744729,nome,Panchina,28,,GGxahkno,4623593.0
DFB-Pokal,1/32 FINALE,2025-08-16,Norimberga,4,Danilo Soares,154396,nome,Panchina,3,,GGxahkno,4623593.0
DFB-Pokal,1/32 FINALE,2025-08-16,Norimberga,4,Flick F.,596881,nome,Panchina,6,,GGxahkno,4623593.0
DFB-Pokal,1/32 FINALE,2025-08-16,Norimberga,4,Jander C.,696116,nome,Panchina,20,,GGxahkno,4623593.0
DFB-Pokal,1/32 FINALE,2025-08-16,Norimberga,4,Karafiat O.,181614,nome,Panchina,44,,GGxahkno,4623593.0
DFB-Pokal,1/32 FINALE,2025-08-16,Norimberga,4,Maboulou N.,988243,nome,Panchina,37,,GGxahkno,4623593.0
DFB-Pokal,1/32 FINALE,2025-08-16,Norimberga,4,Osawe W.,974564,nome,Panchina,38,,GGxahkno,4623593.0
DFB-Pokal,1/32 FINALE,2025-08-16,Norimberga,4,Reichert J.,624462,nome,Panchina,1,Portiere,GGxahkno,4623593.0
DFB-Pokal,1/32 FINALE,2025-08-16,Norimberga,4,Stepanov A.,1045344,nome,Panchina,11,,GGxahkno,4623593.0
DFB-Pokal,1/32 FINALE,2025-08-16,Norderstedt,117,Huxsohl L.,292515,nome,Titolare,32,Portiere,2gxHH5Fd,4623590.0
DFB-Pokal,1/32 FINALE,2025-08-16,Norderstedt,117,Yago A.,699339,nome,Titolare,6,,2gxHH5Fd,4623590.0
DFB-Pokal,1/32 FINALE,2025-08-16,Norderstedt,117,Frahm M.,337086,nome,Titolare,5,Capitano,2gxHH5Fd,4623590.0
DFB-Pokal,1/32 FINALE,2025-08-16,Norderstedt,117,Grau F.,337248,nome,Titolare,4,,2gxHH5Fd,4623590.0
DFB-Pokal,1/32 FINALE,2025-08-16,Norderstedt,117,Gutmann N.,236973,nome,Titolare,7,,2gxHH5Fd,4623590.0
DFB-Pokal,1/32 FINALE,2025-08-16,Norderstedt,117,Behounek J.,270159,nome,Titolare,10,,2gxHH5Fd,4623590.0
DFB-Pokal,1/32 FINALE,2025-08-16,Norderstedt,117,Obushnyi Y.,1160993,nome,Titolare,30,,2gxHH5Fd,4623590.0
DFB-Pokal,1/32 FINALE,2025-08-16,Norderstedt,117,Zimmer M. N.,,,Titolare,11,,2gxHH5Fd,4623590.0
DFB-Pokal,1/32 FINALE,2025-08-16,Norderstedt,117,Bera L.,913511,nome,Titolare,22,,2gxHH5Fd,4623590.0
DFB-Pokal,1/32 FINALE,2025-08-16,Norderstedt,117,Kruger L.,448092,nome,Titolare,9,,2gxHH5Fd,4623590.0
DFB-Pokal,1/32 FINALE,2025-08-16,Norderstedt,117,Drinkuth F.,154722,nome,Titolare,37,,2gxHH5Fd,4623590.0
DFB-Pokal,1/32 FINALE,2025-08-16,Norderstedt,117,Achtenberg M.,513166,nome,Panchina,3,,2gxHH5Fd,4623590.0
DFB-Pokal,1/32 FINALE,2025-08-16,Norderstedt,117,Ampofo E.,805824,nome,Panchina,29,,2gxHH5Fd,4623590.0
DFB-Pokal,1/32 FINALE,2025-08-16,Norderstedt,117,Bente J.,928241,nome,Panchina,24,,2gxHH5Fd,4623590.0
DFB-Pokal,1/32 FINALE,2025-08-16,Norderstedt,117,Brendel M.,575908,nome,Panchina,19,,2gxHH5Fd,4623590.0
DFB-Pokal,1/32 FINALE,2025-08-16,Norderstedt,117,de Valdoleiros J. L.,,,Panchina,17,,2gxHH5Fd,4623590.0
DFB-Pokal,1/32 FINALE,2025-08-16,Norderstedt,117,Gross F. C.,,,Panchina,20,,2gxHH5Fd,4623590.0
DFB-Pokal,1/32 FINALE,2025-08-16,Norderstedt,117,Koch P.,108889,nome,Panchina,13,,2gxHH5Fd,4623590.0
DFB-Pokal,1/32 FINALE,2025-08-16,Norderstedt,117,Kummerfeld D.,94006,nome,Panchina,8,,2gxHH5Fd,4623590.0
DFB-Pokal,1/32 FINALE,2025-08-16,St. Pauli,35,Vasilj N.,248454,nome,Titolare,22,Portiere,2gxHH5Fd,4623590.0
DFB-Pokal,1/32 FINALE,2025-08-16,St. Pauli,35,Wahl H.,154147,nome,Titolare,5,,2gxHH5Fd,4623590.0
DFB-Pokal,1/32 FINALE,2025-08-16,St. Pauli,35,Smith E.,292534,nome,Titolare,8,Capitano,2gxHH5Fd,4623590.0
DFB-Pokal,1/32 FINALE,2025-08-16,St. Pauli,35,Nemeth D.,451906,nome,Titolare,4,,2gxHH5Fd,4623590.0
DFB-Pokal,1/32 FINALE,2025-08-16,St. Pauli,35,Pyrka A.,599733,nome,Titolare,11,,2gxHH5Fd,4623590.0
DFB-Pokal,1/32 FINALE,2025-08-16,St. Pauli,35,Sands J.,393321,nome,Titolare,6,,2gxHH5Fd,4623590.0
DFB-Pokal,1/32 FINALE,2025-08-16,St. Pauli,35,Fujita J.,697277,nome,Titolare,16,,2gxHH5Fd,4623590.0
DFB-Pokal,1/32 FINALE,2025-08-16,St. Pauli,35,Oppie L.,605265,nome,Titolare,23,,2gxHH5Fd,4623590.0
DFB-Pokal,1/32 FINALE,2025-08-16,St. Pauli,35,Hountondji A.,704155,nome,Titolare,27,,2gxHH5Fd,4623590.0
DFB-Pokal,1/32 FINALE,2025-08-16,St. Pauli,35,Sinani D.,346499,nome,Titolare,10,,2gxHH5Fd,4623590.0
DFB-Pokal,1/32 FINALE,2025-08-16,St. Pauli,35,Pereira Lage M.,424072,nome,Titolare,28,,2gxHH5Fd,4623590.0
DFB-Pokal,1/32 FINALE,2025-08-16,St. Pauli,35,Afolayan O.,487850,nome,Panchina,17,,2gxHH5Fd,4623590.0
DFB-Pokal,1/32 FINALE,2025-08-16,St. Pauli,35,Ahlstrand E.,501049,nome,Panchina,20,,2gxHH5Fd,4623590.0
DFB-Pokal,1/32 FINALE,2025-08-16,St. Pauli,35,Ceesay A.,1280281,nome,Panchina,9,,2gxHH5Fd,4623590.0
DFB-Pokal,1/32 FINALE,2025-08-16,St. Pauli,35,Metcalfe C.,522223,nome,Panchina,24,,2gxHH5Fd,4623590.0
DFB-Pokal,1/32 FINALE,2025-08-16,St. Pauli,35,Ritzka L.,333903,nome,Panchina,21,,2gxHH5Fd,4623590.0
DFB-Pokal,1/32 FINALE,2025-08-16,St. Pauli,35,Robatsch J.,909860,nome,Panchina,34,,2gxHH5Fd,4623590.0
DFB-Pokal,1/32 FINALE,2025-08-16,St. Pauli,35,Saliakas M.,242661,nome,Panchina,2,,2gxHH5Fd,4623590.0
DFB-Pokal,1/32 FINALE,2025-08-16,St. Pauli,35,Schmidt N.,1152232,nome,Panchina,99,,2gxHH5Fd,4623590.0
DFB-Pokal,1/32 FINALE,2025-08-16,St. Pauli,35,Voll B. A.,453742,eliminazione,Panchina,1,Portiere,2gxHH5Fd,4623590.0
DFB-Pokal,1/32 FINALE,2025-08-16,Rostock,30,Uphoff B.,120296,nome,Titolare,1,Portiere,rq6LSVNc,4623580.0
DFB-Pokal,1/32 FINALE,2025-08-16,Rostock,30,Pfanne F.,159258,nome,Titolare,23,Capitano,rq6LSVNc,4623580.0
DFB-Pokal,1/32 FINALE,2025-08-16,Rostock,30,Gurleyen A.,397696,nome,Titolare,15,,rq6LSVNc,4623580.0
DFB-Pokal,1/32 FINALE,2025-08-16,Rostock,30,Carstens F.,334543,nome,Titolare,17,,rq6LSVNc,4623580.0
DFB-Pokal,1/32 FINALE,2025-08-16,Rostock,30,Mejdr J.,404267,nome,Titolare,19,,rq6LSVNc,4623580.0
DFB-Pokal,1/32 FINALE,2025-08-16,Rostock,30,Schuster M.,168186,nome,Titolare,5,,rq6LSVNc,4623580.0
DFB-Pokal,1/32 FINALE,2025-08-16,Rostock,30,Fatkic K.,491963,nome,Titolare,4,,rq6LSVNc,4623580.0
DFB-Pokal,1/32 FINALE,2025-08-16,Rostock,30,Bergh V.,459022,nome,Titolare,33,,rq6LSVNc,4623580.0
DFB-Pokal,1/32 FINALE,2025-08-16,Rostock,30,Dietze B.,820973,nome,Titolare,42,,rq6LSVNc,4623580.0
DFB-Pokal,1/32 FINALE,2025-08-16,Rostock,30,Krauss M.,334554,nome,Titolare,35,,rq6LSVNc,4623580.0
DFB-Pokal,1/32 FINALE,2025-08-16,Rostock,30,Hummel D.,472248,nome,Titolare,21,,rq6LSVNc,4623580.0
DFB-Pokal,1/32 FINALE,2025-08-16,Rostock,30,Dirkner J.,605222,nome,Panchina,6,,rq6LSVNc,4623580.0
DFB-Pokal,1/32 FINALE,2025-08-16,Rostock,30,Kinsombi C.,342968,nome,Panchina,27,,rq6LSVNc,4623580.0
DFB-Pokal,1/32 FINALE,2025-08-16,Rostock,30,Klewin P.,94120,nome,Panchina,25,Portiere,rq6LSVNc,4623580.0
DFB-Pokal,1/32 FINALE,2025-08-16,Rostock,30,Krohn T.,913509,nome,Panchina,44,,rq6LSVNc,4623580.0
DFB-Pokal,1/32 FINALE,2025-08-16,Rostock,30,Lebeau A.,395674,nome,Panchina,14,,rq6LSVNc,4623580.0
DFB-Pokal,1/32 FINALE,2025-08-16,Rostock,30,Neidhart N.,158360,nome,Panchina,7,,rq6LSVNc,4623580.0
DFB-Pokal,1/32 FINALE,2025-08-16,Rostock,30,Reichardt L.,730408,nome,Panchina,22,,rq6LSVNc,4623580.0
DFB-Pokal,1/32 FINALE,2025-08-16,Rostock,30,Stock P.,425834,nome,Panchina,10,,rq6LSVNc,4623580.0
DFB-Pokal,1/32 FINALE,2025-08-16,Rostock,30,Wallner L.,548026,nome,Panchina,16,,rq6LSVNc,4623580.0
DFB-Pokal,1/32 FINALE,2025-08-16,Hoffenheim,533,Baumann O.,55089,nome,Titolare,1,Portiere,rq6LSVNc,4623580.0
DFB-Pokal,1/32 FINALE,2025-08-16,Hoffenheim,533,Hranac R.,620217,nome,Titolare,2,,rq6LSVNc,4623580.0
DFB-Pokal,1/32 FINALE,2025-08-16,Hoffenheim,533,Machida K.,415035,nome,Titolare,28,,rq6LSVNc,4623580.0
DFB-Pokal,1/32 FINALE,2025-08-16,Hoffenheim,533,Bernardo,364258,nome,Titolare,13,,rq6LSVNc,4623580.0
DFB-Pokal,1/32 FINALE,2025-08-16,Hoffenheim,533,Coufal V.,157672,nome,Titolare,34,,rq6LSVNc,4623580.0
DFB-Pokal,1/32 FINALE,2025-08-16,Hoffenheim,533,Burger W.,412953,nome,Titolare,18,,rq6LSVNc,4623580.0
DFB-Pokal,1/32 FINALE,2025-08-16,Hoffenheim,533,Avdullahu L.,667457,nome,Titolare,7,,rq6LSVNc,4623580.0
DFB-Pokal,1/32 FINALE,2025-08-16,Hoffenheim,533,Toure B.,1067904,nome,Titolare,29,,rq6LSVNc,4623580.0
DFB-Pokal,1/32 FINALE,2025-08-16,Hoffenheim,533,Kramaric A.,46580,nome,Titolare,27,,rq6LSVNc,4623580.0
DFB-Pokal,1/32 FINALE,2025-08-16,Hoffenheim,533,Asllani F.,524290,nome,Titolare,11,,rq6LSVNc,4623580.0
DFB-Pokal,1/32 FINALE,2025-08-16,Hoffenheim,533,Lemperle T.,553285,nome,Titolare,19,,rq6LSVNc,4623580.0
DFB-Pokal,1/32 FINALE,2025-08-16,Hoffenheim,533,Akpoguma K.,160241,nome,Panchina,25,,rq6LSVNc,4623580.0
DFB-Pokal,1/32 FINALE,2025-08-16,Hoffenheim,533,Arthur Chaves,875332,nome,Panchina,35,,rq6LSVNc,4623580.0
DFB-Pokal,1/32 FINALE,2025-08-16,Hoffenheim,533,Damar M.,789898,nome,Panchina,10,,rq6LSVNc,4623580.0
DFB-Pokal,1/32 FINALE,2025-08-16,Hoffenheim,533,Moerstedt M.,923595,nome,Panchina,33,,rq6LSVNc,4623580.0
DFB-Pokal,1/32 FINALE,2025-08-16,Hoffenheim,533,Mokwa Ntusu D.,974894,eliminazione,Panchina,24,,rq6LSVNc,4623580.0
DFB-Pokal,1/32 FINALE,2025-08-16,Hoffenheim,533,Philipp L.,432671,nome,Panchina,37,Portiere,rq6LSVNc,4623580.0
DFB-Pokal,1/32 FINALE,2025-08-16,Hoffenheim,533,Prass A.,434116,nome,Panchina,22,,rq6LSVNc,4623580.0
DFB-Pokal,1/32 FINALE,2025-08-16,Hoffenheim,533,Promel G.,234029,nome,Panchina,6,,rq6LSVNc,4623580.0
DFB-Pokal,1/32 FINALE,2025-08-16,Hoffenheim,533,Tohumcu U.,569031,nome,Panchina,17,,rq6LSVNc,4623580.0
DFB-Pokal,1/32 FINALE,2025-08-16,Sandhausen,254,Lyska A.,372127,nome,Titolare,1,Portiere,YZyaU3Ga,4623582.0
DFB-Pokal,1/32 FINALE,2025-08-16,Sandhausen,254,Kolbe L.,624063,nome,Titolare,3,,YZyaU3Ga,4623582.0
DFB-Pokal,1/32 FINALE,2025-08-16,Sandhausen,254,Osee Y.,410259,nome,Titolare,13,,YZyaU3Ga,4623582.0
DFB-Pokal,1/32 FINALE,2025-08-16,Sandhausen,254,Schulz K.,507677,nome,Titolare,2,,YZyaU3Ga,4623582.0
DFB-Pokal,1/32 FINALE,2025-08-16,Sandhausen,254,Gipson K.,196822,nome,Titolare,24,,YZyaU3Ga,4623582.0
DFB-Pokal,1/32 FINALE,2025-08-16,Sandhausen,254,de Meester L.,795764,nome,Titolare,11,,YZyaU3Ga,4623582.0
DFB-Pokal,1/32 FINALE,2025-08-16,Sandhausen,254,Ampadu L.,809371,nome,Titolare,8,,YZyaU3Ga,4623582.0
DFB-Pokal,1/32 FINALE,2025-08-16,Sandhausen,254,Tarnat N.,337025,nome,Titolare,6,,YZyaU3Ga,4623582.0
DFB-Pokal,1/32 FINALE,2025-08-16,Sandhausen,254,Pfaffenrot D.,908682,nome,Titolare,19,,YZyaU3Ga,4623582.0
DFB-Pokal,1/32 FINALE,2025-08-16,Sandhausen,254,Testroet P.,53521,nome,Titolare,37,Capitano,YZyaU3Ga,4623582.0
DFB-Pokal,1/32 FINALE,2025-08-16,Sandhausen,254,Herrmann J.,406612,nome,Titolare,10,,YZyaU3Ga,4623582.0
DFB-Pokal,1/32 FINALE,2025-08-16,Sandhausen,254,Akmestanli T.,596902,nome,Panchina,23,,YZyaU3Ga,4623582.0
DFB-Pokal,1/32 FINALE,2025-08-16,Sandhausen,254,Burkle J.,1289525,nome,Panchina,14,,YZyaU3Ga,4623582.0
DFB-Pokal,1/32 FINALE,2025-08-16,Sandhausen,254,Halbauer P.,312378,nome,Panchina,20,,YZyaU3Ga,4623582.0
DFB-Pokal,1/32 FINALE,2025-08-16,Sandhausen,254,Lienert F.,1163671,nome,Panchina,38,,YZyaU3Ga,4623582.0
DFB-Pokal,1/32 FINALE,2025-08-16,Sandhausen,254,Ramusovic M.,478423,nome,Panchina,5,,YZyaU3Ga,4623582.0
DFB-Pokal,1/32 FINALE,2025-08-16,Sandhausen,254,Wagner M.,685454,nome,Panchina,9,,YZyaU3Ga,4623582.0
DFB-Pokal,1/32 FINALE,2025-08-16,Sandhausen,254,Wimmer B.,918452,nome,Panchina,4,,YZyaU3Ga,4623582.0
DFB-Pokal,1/32 FINALE,2025-08-16,Sandhausen,254,Zahnen-Martinez P.,866610,nome,Panchina,21,,YZyaU3Ga,4623582.0
DFB-Pokal,1/32 FINALE,2025-08-16,Sandhausen,254,Zimmer D.,1033836,nome,Panchina,12,Portiere,YZyaU3Ga,4623582.0
DFB-Pokal,1/32 FINALE,2025-08-16,RB Lipsia,23826,Vandevoordt M.,486046,nome,Titolare,26,Portiere,YZyaU3Ga,4623582.0
DFB-Pokal,1/32 FINALE,2025-08-16,RB Lipsia,23826,Baku R.,327251,nome,Titolare,17,,YZyaU3Ga,4623582.0
DFB-Pokal,1/32 FINALE,2025-08-16,RB Lipsia,23826,Orban W.,93740,nome,Titolare,4,,YZyaU3Ga,4623582.0
DFB-Pokal,1/32 FINALE,2025-08-16,RB Lipsia,23826,Lukeba C.,618472,nome,Titolare,23,,YZyaU3Ga,4623582.0
DFB-Pokal,1/32 FINALE,2025-08-16,RB Lipsia,23826,Raum D.,318204,nome,Titolare,22,Capitano,YZyaU3Ga,4623582.0
DFB-Pokal,1/32 FINALE,2025-08-16,RB Lipsia,23826,Schlager X.,223979,nome,Titolare,24,,YZyaU3Ga,4623582.0
DFB-Pokal,1/32 FINALE,2025-08-16,RB Lipsia,23826,Seiwald N.,404950,nome,Titolare,13,,YZyaU3Ga,4623582.0
DFB-Pokal,1/32 FINALE,2025-08-16,RB Lipsia,23826,Simons X.,566931,nome,Titolare,10,,YZyaU3Ga,4623582.0
DFB-Pokal,1/32 FINALE,2025-08-16,RB Lipsia,23826,Diomande Y.,1390649,nome,Titolare,49,,YZyaU3Ga,4623582.0
DFB-Pokal,1/32 FINALE,2025-08-16,RB Lipsia,23826,Openda L.,368887,nome,Titolare,11,,YZyaU3Ga,4623582.0
DFB-Pokal,1/32 FINALE,2025-08-16,RB Lipsia,23826,Nusa A.,894914,nome,Titolare,7,,YZyaU3Ga,4623582.0
DFB-Pokal,1/32 FINALE,2025-08-16,RB Lipsia,23826,Bakayoko J.,565424,nome,Panchina,9,,YZyaU3Ga,4623582.0
DFB-Pokal,1/32 FINALE,2025-08-16,RB Lipsia,23826,Banzuzi E.,865682,nome,Panchina,6,,YZyaU3Ga,4623582.0
DFB-Pokal,1/32 FINALE,2025-08-16,RB Lipsia,23826,Baumgartner C.,324278,nome,Panchina,14,,YZyaU3Ga,4623582.0
DFB-Pokal,1/32 FINALE,2025-08-16,RB Lipsia,23826,Bitshiabu E.,787912,nome,Panchina,5,,YZyaU3Ga,4623582.0
DFB-Pokal,1/32 FINALE,2025-08-16,RB Lipsia,23826,Geertruida L.,420210,nome,Panchina,2,,YZyaU3Ga,4623582.0
DFB-Pokal,1/32 FINALE,2025-08-16,RB Lipsia,23826,Gulacsi P.,57071,nome,Panchina,1,Portiere,YZyaU3Ga,4623582.0
DFB-Pokal,1/32 FINALE,2025-08-16,RB Lipsia,23826,Nedeljkovic K.,848682,nome,Panchina,19,,YZyaU3Ga,4623582.0
DFB-Pokal,1/32 FINALE,2025-08-16,RB Lipsia,23826,Ouedraogo A.,897424,nome,Panchina,20,,YZyaU3Ga,4623582.0
DFB-Pokal,1/32 FINALE,2025-08-16,RB Lipsia,23826,Vermeeren A.,926694,nome,Panchina,18,,YZyaU3Ga,4623582.0
DFB-Pokal,1/32 FINALE,2025-08-16,BFC Dynamo,222,Ortegel N.,666167,nome,Titolare,1,Portiere,fTlXF416,4623589.0
DFB-Pokal,1/32 FINALE,2025-08-16,BFC Dynamo,222,Gunte T.,390631,nome,Titolare,22,,fTlXF416,4623589.0
DFB-Pokal,1/32 FINALE,2025-08-16,BFC Dynamo,222,Polte M.,1033582,nome,Titolare,3,,fTlXF416,4623589.0
DFB-Pokal,1/32 FINALE,2025-08-16,BFC Dynamo,222,Oellers L.,557642,nome,Titolare,13,,fTlXF416,4623589.0
DFB-Pokal,1/32 FINALE,2025-08-16,BFC Dynamo,222,Mattmuller L.,745246,nome,Titolare,6,,fTlXF416,4623589.0
DFB-Pokal,1/32 FINALE,2025-08-16,BFC Dynamo,222,Liebelt J. R.,548802,eliminazione,Titolare,2,,fTlXF416,4623589.0
DFB-Pokal,1/32 FINALE,2025-08-16,BFC Dynamo,222,Shcherbakovski J.,528834,nome,Titolare,8,,fTlXF416,4623589.0
DFB-Pokal,1/32 FINALE,2025-08-16,BFC Dynamo,222,Karatas C.,424736,nome,Titolare,17,,fTlXF416,4623589.0
DFB-Pokal,1/32 FINALE,2025-08-16,BFC Dynamo,222,Reincke W.,644557,nome,Titolare,28,,fTlXF416,4623589.0
DFB-Pokal,1/32 FINALE,2025-08-16,BFC Dynamo,222,Putaro L.,237732,nome,Titolare,20,,fTlXF416,4623589.0
DFB-Pokal,1/32 FINALE,2025-08-16,BFC Dynamo,222,Dadashov R.,157478,nome,Titolare,10,Capitano,fTlXF416,4623589.0
DFB-Pokal,1/32 FINALE,2025-08-16,BFC Dynamo,222,Amadou A.,570651,nome,Panchina,4,,fTlXF416,4623589.0
DFB-Pokal,1/32 FINALE,2025-08-16,BFC Dynamo,222,Breitfeld J.,273872,nome,Panchina,14,,fTlXF416,4623589.0
DFB-Pokal,1/32 FINALE,2025-08-16,BFC Dynamo,222,Fritzsche L.,904335,nome,Panchina,9,,fTlXF416,4623589.0
DFB-Pokal,1/32 FINALE,2025-08-16,BFC Dynamo,222,Hainke P.,1005965,nome,Panchina,12,Portiere,fTlXF416,4623589.0
DFB-Pokal,1/32 FINALE,2025-08-16,BFC Dynamo,222,Knezevic I.,120300,nome,Panchina,23,,fTlXF416,4623589.0
DFB-Pokal,1/32 FINALE,2025-08-16,BFC Dynamo,222,Rogero J.,912509,nome,Panchina,11,,fTlXF416,4623589.0
DFB-Pokal,1/32 FINALE,2025-08-16,BFC Dynamo,222,Sommer K.,52490,nome,Panchina,79,Portiere,fTlXF416,4623589.0
DFB-Pokal,1/32 FINALE,2025-08-16,BFC Dynamo,222,Weber I.,1385259,nome,Panchina,16,,fTlXF416,4623589.0
DFB-Pokal,1/32 FINALE,2025-08-16,BFC Dynamo,222,Windsheimer T.,1031769,nome,Panchina,18,,fTlXF416,4623589.0
DFB-Pokal,1/32 FINALE,2025-08-16,Bochum,80,Horn T.,84938,nome,Titolare,1,Portiere,fTlXF416,4623589.0
DFB-Pokal,1/32 FINALE,2025-08-16,Bochum,80,Koscierski K.,1058515,nome,Titolare,35,,fTlXF416,4623589.0
DFB-Pokal,1/32 FINALE,2025-08-16,Bochum,80,Vogt K.,84435,nome,Titolare,7,,fTlXF416,4623589.0
DFB-Pokal,1/32 FINALE,2025-08-16,Bochum,80,Loosli N.,265209,nome,Titolare,20,,fTlXF416,4623589.0
DFB-Pokal,1/32 FINALE,2025-08-16,Bochum,80,Wittek M.,196793,nome,Titolare,32,,fTlXF416,4623589.0
DFB-Pokal,1/32 FINALE,2025-08-16,Bochum,80,Lenz C.,1047136,nome,Titolare,34,,fTlXF416,4623589.0
DFB-Pokal,1/32 FINALE,2025-08-16,Bochum,80,Sissoko I.,372712,nome,Titolare,6,,fTlXF416,4623589.0
DFB-Pokal,1/32 FINALE,2025-08-16,Bochum,80,Bero M.,204047,nome,Titolare,19,Capitano,fTlXF416,4623589.0
DFB-Pokal,1/32 FINALE,2025-08-16,Bochum,80,Miyoshi K.,295060,nome,Titolare,23,,fTlXF416,4623589.0
DFB-Pokal,1/32 FINALE,2025-08-16,Bochum,80,Hofmann P.,119037,nome,Titolare,33,,fTlXF416,4623589.0
DFB-Pokal,1/32 FINALE,2025-08-16,Bochum,80,Holtmann G.,190289,nome,Titolare,17,,fTlXF416,4623589.0
DFB-Pokal,1/32 FINALE,2025-08-16,Bochum,80,Bamba S.,684318,nome,Panchina,18,,fTlXF416,4623589.0
DFB-Pokal,1/32 FINALE,2025-08-16,Bochum,80,Clairicia M.,969153,nome,Panchina,14,,fTlXF416,4623589.0
DFB-Pokal,1/32 FINALE,2025-08-16,Bochum,80,Kleine-Bekel C.,622722,nome,Panchina,5,,fTlXF416,4623589.0
DFB-Pokal,1/32 FINALE,2025-08-16,Bochum,80,Pannewig M.,796221,nome,Panchina,24,,fTlXF416,4623589.0
DFB-Pokal,1/32 FINALE,2025-08-16,Bochum,80,Passlack F.,274461,nome,Panchina,15,,fTlXF416,4623589.0
DFB-Pokal,1/32 FINALE,2025-08-16,Bochum,80,Rosch R.,333464,nome,Panchina,26,,fTlXF416,4623589.0
DFB-Pokal,1/32 FINALE,2025-08-16,Bochum,80,Strompf P.,337031,nome,Panchina,3,,fTlXF416,4623589.0
DFB-Pokal,1/32 FINALE,2025-08-16,Bochum,80,Thiede N.,348778,nome,Panchina,22,Portiere,fTlXF416,4623589.0
DFB-Pokal,1/32 FINALE,2025-08-16,Bochum,80,Watjen K.,884810,nome,Panchina,8,,fTlXF416,4623589.0
DFB-Pokal,1/32 FINALE,2025-08-16,Pirmasens,726,Reitz B.,336607,nome,Titolare,1,Portiere,4bfUQ9hA,4623601.0
DFB-Pokal,1/32 FINALE,2025-08-16,Pirmasens,726,Grunnagel M.,378334,nome,Titolare,17,,4bfUQ9hA,4623601.0
DFB-Pokal,1/32 FINALE,2025-08-16,Pirmasens,726,Muller M.,587035,nome,Titolare,4,,4bfUQ9hA,4623601.0
DFB-Pokal,1/32 FINALE,2025-08-16,Pirmasens,726,Griess Y.,352428,nome,Titolare,6,Capitano,4bfUQ9hA,4623601.0
DFB-Pokal,1/32 FINALE,2025-08-16,Pirmasens,726,Buchler K.,1103052,nome,Titolare,39,,4bfUQ9hA,4623601.0
DFB-Pokal,1/32 FINALE,2025-08-16,Pirmasens,726,Andreas M.,237161,nome,Titolare,5,,4bfUQ9hA,4623601.0
DFB-Pokal,1/32 FINALE,2025-08-16,Pirmasens,726,Selensky T.,514104,nome,Titolare,27,,4bfUQ9hA,4623601.0
DFB-Pokal,1/32 FINALE,2025-08-16,Pirmasens,726,Eichhorn L.,378337,nome,Titolare,8,,4bfUQ9hA,4623601.0
DFB-Pokal,1/32 FINALE,2025-08-16,Pirmasens,726,Krob D.,194625,nome,Titolare,20,,4bfUQ9hA,4623601.0
DFB-Pokal,1/32 FINALE,2025-08-16,Pirmasens,726,Dimitrijevic L.,425111,nome,Titolare,10,,4bfUQ9hA,4623601.0
DFB-Pokal,1/32 FINALE,2025-08-16,Pirmasens,726,Ehrhart M.,741916,nome,Titolare,11,,4bfUQ9hA,4623601.0
DFB-Pokal,1/32 FINALE,2025-08-16,Pirmasens,726,Decker T.,1144540,nome,Panchina,22,,4bfUQ9hA,4623601.0
DFB-Pokal,1/32 FINALE,2025-08-16,Pirmasens,726,Deho M.,817411,nome,Panchina,23,,4bfUQ9hA,4623601.0
DFB-Pokal,1/32 FINALE,2025-08-16,Pirmasens,726,Gutmann S.,1074446,nome,Panchina,9,,4bfUQ9hA,4623601.0
DFB-Pokal,1/32 FINALE,2025-08-16,Pirmasens,726,Kirch T.,1071371,nome,Panchina,21,,4bfUQ9hA,4623601.0
DFB-Pokal,1/32 FINALE,2025-08-16,Pirmasens,726,Kupper L.,1147698,nome,Panchina,28,Portiere,4bfUQ9hA,4623601.0
DFB-Pokal,1/32 FINALE,2025-08-16,Pirmasens,726,Prokopchuk O.,924064,nome,Panchina,15,,4bfUQ9hA,4623601.0
DFB-Pokal,1/32 FINALE,2025-08-16,Pirmasens,726,Sannoh O.,924092,nome,Panchina,18,,4bfUQ9hA,4623601.0
DFB-Pokal,1/32 FINALE,2025-08-16,Pirmasens,726,Vogt J.,667716,nome,Panchina,2,,4bfUQ9hA,4623601.0
DFB-Pokal,1/32 FINALE,2025-08-16,Pirmasens,726,Wiltz N.,602819,nome,Panchina,19,,4bfUQ9hA,4623601.0
DFB-Pokal,1/32 FINALE,2025-08-16,Amburgo,41,Heuer Fernandes D.,84993,nome,Titolare,1,Portiere,4bfUQ9hA,4623601.0
DFB-Pokal,1/32 FINALE,2025-08-16,Amburgo,41,Omari W.,711996,nome,Titolare,17,,4bfUQ9hA,4623601.0
DFB-Pokal,1/32 FINALE,2025-08-16,Amburgo,41,Elfadli D.,529895,nome,Titolare,8,,4bfUQ9hA,4623601.0
DFB-Pokal,1/32 FINALE,2025-08-16,Amburgo,41,Torunarigha J.,227110,nome,Titolare,25,,4bfUQ9hA,4623601.0
DFB-Pokal,1/32 FINALE,2025-08-16,Amburgo,41,Gocholeishvili G.,540056,nome,Titolare,16,,4bfUQ9hA,4623601.0
DFB-Pokal,1/32 FINALE,2025-08-16,Amburgo,41,Capaldo N.,649672,nome,Titolare,24,,4bfUQ9hA,4623601.0
DFB-Pokal,1/32 FINALE,2025-08-16,Amburgo,41,Meffert J.,107574,nome,Titolare,23,Capitano,4bfUQ9hA,4623601.0
DFB-Pokal,1/32 FINALE,2025-08-16,Amburgo,41,Muheim M.,298603,nome,Titolare,28,,4bfUQ9hA,4623601.0
DFB-Pokal,1/32 FINALE,2025-08-16,Amburgo,41,Konigsdorffer R.,470038,nome,Titolare,11,,4bfUQ9hA,4623601.0
DFB-Pokal,1/32 FINALE,2025-08-16,Amburgo,41,Philippe R.,694507,nome,Titolare,14,,4bfUQ9hA,4623601.0
DFB-Pokal,1/32 FINALE,2025-08-16,Amburgo,41,Rossing-Lelesiit A.,1213681,nome,Titolare,38,,4bfUQ9hA,4623601.0
DFB-Pokal,1/32 FINALE,2025-08-16,Amburgo,41,Balde F.,910541,nome,Panchina,45,,4bfUQ9hA,4623601.0
DFB-Pokal,1/32 FINALE,2025-08-16,Amburgo,41,Glatzel R.,196139,nome,Panchina,9,,4bfUQ9hA,4623601.0
DFB-Pokal,1/32 FINALE,2025-08-16,Amburgo,41,Mikelbrencis W.,743500,nome,Panchina,2,,4bfUQ9hA,4623601.0
DFB-Pokal,1/32 FINALE,2025-08-16,Amburgo,41,Peretz D.,468539,nome,Panchina,26,Portiere,4bfUQ9hA,4623601.0
DFB-Pokal,1/32 FINALE,2025-08-16,Amburgo,41,Ramos G.,340521,nome,Panchina,13,,4bfUQ9hA,4623601.0
DFB-Pokal,1/32 FINALE,2025-08-16,Amburgo,41,Remberg N.,592534,nome,Panchina,21,,4bfUQ9hA,4623601.0
DFB-Pokal,1/32 FINALE,2025-08-16,Amburgo,41,Sahiti E.,403177,nome,Panchina,29,,4bfUQ9hA,4623601.0
DFB-Pokal,1/32 FINALE,2025-08-16,Amburgo,41,Soumahoro A.,1052420,nome,Panchina,22,,4bfUQ9hA,4623601.0
DFB-Pokal,1/32 FINALE,2025-08-16,Amburgo,41,Stange O.,1058520,nome,Panchina,49,,4bfUQ9hA,4623601.0
DFB-Pokal,1/32 FINALE,2025-08-15,Bielefeld,10,Kersken J.,597804,nome,Titolare,1,Portiere,hv9PpP0t,4623573.0
DFB-Pokal,1/32 FINALE,2025-08-15,Bielefeld,10,Lannert C.,326921,nome,Titolare,24,,hv9PpP0t,4623573.0
DFB-Pokal,1/32 FINALE,2025-08-15,Bielefeld,10,Schneider L.,356325,nome,Titolare,23,,hv9PpP0t,4623573.0
DFB-Pokal,1/32 FINALE,2025-08-15,Bielefeld,10,Grosser M.,528515,nome,Titolare,19,,hv9PpP0t,4623573.0
DFB-Pokal,1/32 FINALE,2025-08-15,Bielefeld,10,Handwerker T.,284177,nome,Titolare,29,,hv9PpP0t,4623573.0
DFB-Pokal,1/32 FINALE,2025-08-15,Bielefeld,10,Mehlem M.,237226,nome,Titolare,10,,hv9PpP0t,4623573.0
DFB-Pokal,1/32 FINALE,2025-08-15,Bielefeld,10,Russo S.,343332,nome,Titolare,21,,hv9PpP0t,4623573.0
DFB-Pokal,1/32 FINALE,2025-08-15,Bielefeld,10,Schreck S.,335100,nome,Titolare,8,,hv9PpP0t,4623573.0
DFB-Pokal,1/32 FINALE,2025-08-15,Bielefeld,10,Corboz M.,413859,nome,Titolare,6,Capitano,hv9PpP0t,4623573.0
DFB-Pokal,1/32 FINALE,2025-08-15,Bielefeld,10,Sarenren Bazee N.,283001,nome,Titolare,37,,hv9PpP0t,4623573.0
DFB-Pokal,1/32 FINALE,2025-08-15,Bielefeld,10,Grodowski J.,503854,nome,Titolare,11,,hv9PpP0t,4623573.0
DFB-Pokal,1/32 FINALE,2025-08-15,Bielefeld,10,Boakye B.,800988,nome,Panchina,27,,hv9PpP0t,4623573.0
DFB-Pokal,1/32 FINALE,2025-08-15,Bielefeld,10,Felix J.,400532,nome,Panchina,3,,hv9PpP0t,4623573.0
DFB-Pokal,1/32 FINALE,2025-08-15,Bielefeld,10,Hagmann F.,749942,nome,Panchina,2,,hv9PpP0t,4623573.0
DFB-Pokal,1/32 FINALE,2025-08-15,Bielefeld,10,Kania J.,912250,nome,Panchina,7,,hv9PpP0t,4623573.0
DFB-Pokal,1/32 FINALE,2025-08-15,Bielefeld,10,Kunze L.,333239,nome,Panchina,13,,hv9PpP0t,4623573.0
DFB-Pokal,1/32 FINALE,2025-08-15,Bielefeld,10,Micheler F.,808664,nome,Panchina,20,,hv9PpP0t,4623573.0
DFB-Pokal,1/32 FINALE,2025-08-15,Bielefeld,10,Oppermann L.,489343,nome,Panchina,18,Portiere,hv9PpP0t,4623573.0
DFB-Pokal,1/32 FINALE,2025-08-15,Bielefeld,10,Richter D.,1116190,nome,Panchina,43,,hv9PpP0t,4623573.0
DFB-Pokal,1/32 FINALE,2025-08-15,Bielefeld,10,Young I.,433956,nome,Panchina,30,,hv9PpP0t,4623573.0
DFB-Pokal,1/32 FINALE,2025-08-15,Brema,86,Zetterer M.,196813,nome,Titolare,1,Portiere,hv9PpP0t,4623573.0
DFB-Pokal,1/32 FINALE,2025-08-15,Brema,86,Agu F.,393512,nome,Titolare,27,,hv9PpP0t,4623573.0
DFB-Pokal,1/32 FINALE,2025-08-15,Brema,86,Stark N.,162434,nome,Titolare,4,,hv9PpP0t,4623573.0
DFB-Pokal,1/32 FINALE,2025-08-15,Brema,86,Friedl M.,156990,nome,Titolare,32,Capitano,hv9PpP0t,4623573.0
DFB-Pokal,1/32 FINALE,2025-08-15,Brema,86,Wober M.,263361,nome,Titolare,39,,hv9PpP0t,4623573.0
DFB-Pokal,1/32 FINALE,2025-08-15,Brema,86,Bittencourt L.,93844,nome,Titolare,10,,hv9PpP0t,4623573.0
DFB-Pokal,1/32 FINALE,2025-08-15,Brema,86,Lynen S.,338668,nome,Titolare,14,,hv9PpP0t,4623573.0
DFB-Pokal,1/32 FINALE,2025-08-15,Brema,86,Njinmah J.,596153,nome,Titolare,11,,hv9PpP0t,4623573.0
DFB-Pokal,1/32 FINALE,2025-08-15,Brema,86,Schmid R.,346853,nome,Titolare,20,,hv9PpP0t,4623573.0
DFB-Pokal,1/32 FINALE,2025-08-15,Brema,86,Covic P.,1114155,nome,Titolare,24,,hv9PpP0t,4623573.0
DFB-Pokal,1/32 FINALE,2025-08-15,Brema,86,Grull M.,391766,nome,Titolare,17,,hv9PpP0t,4623573.0
DFB-Pokal,1/32 FINALE,2025-08-15,Brema,86,Adeh W.,1074523,nome,Panchina,34,,hv9PpP0t,4623573.0
DFB-Pokal,1/32 FINALE,2025-08-15,Brema,86,Backhaus M.,620295,nome,Panchina,30,Portiere,hv9PpP0t,4623573.0
DFB-Pokal,1/32 FINALE,2025-08-15,Brema,86,Coulibaly K.,1084638,nome,Panchina,31,,hv9PpP0t,4623573.0
DFB-Pokal,1/32 FINALE,2025-08-15,Brema,86,Deman O.,621802,nome,Panchina,2,,hv9PpP0t,4623573.0
DFB-Pokal,1/32 FINALE,2025-08-15,Brema,86,Hansen-Aaroen I.,670116,nome,Panchina,21,,hv9PpP0t,4623573.0
DFB-Pokal,1/32 FINALE,2025-08-15,Brema,86,Malatini J.,830108,nome,Panchina,22,,hv9PpP0t,4623573.0
DFB-Pokal,1/32 FINALE,2025-08-15,Brema,86,Mbangula S.,654991,nome,Panchina,7,,hv9PpP0t,4623573.0
DFB-Pokal,1/32 FINALE,2025-08-15,Brema,86,Opitz L.,825073,nome,Panchina,35,,hv9PpP0t,4623573.0
DFB-Pokal,1/32 FINALE,2025-08-15,Brema,86,Topp K.,701757,nome,Panchina,9,,hv9PpP0t,4623573.0
DFB-Pokal,1/32 FINALE,2025-08-15,FC Gutersloh,220,Matuschewsky T.,1046625,nome,Titolare,12,Portiere,YD0OHQWg,4623587.0
DFB-Pokal,1/32 FINALE,2025-08-15,FC Gutersloh,220,Arkenberg F.,235371,nome,Titolare,33,,YD0OHQWg,4623587.0
DFB-Pokal,1/32 FINALE,2025-08-15,FC Gutersloh,220,Henke J.,606209,nome,Titolare,23,,YD0OHQWg,4623587.0
DFB-Pokal,1/32 FINALE,2025-08-15,FC Gutersloh,220,Winke D.,681342,nome,Titolare,17,,YD0OHQWg,4623587.0
DFB-Pokal,1/32 FINALE,2025-08-15,FC Gutersloh,220,Lanfer E.,716753,nome,Titolare,28,,YD0OHQWg,4623587.0
DFB-Pokal,1/32 FINALE,2025-08-15,FC Gutersloh,220,Rother B.,233980,nome,Titolare,6,Capitano,YD0OHQWg,4623587.0
DFB-Pokal,1/32 FINALE,2025-08-15,FC Gutersloh,220,Langfeld J.,403267,nome,Titolare,10,,YD0OHQWg,4623587.0
DFB-Pokal,1/32 FINALE,2025-08-15,FC Gutersloh,220,Liehr J.,385242,nome,Titolare,7,,YD0OHQWg,4623587.0
DFB-Pokal,1/32 FINALE,2025-08-15,FC Gutersloh,220,Kandic A.,622033,nome,Titolare,27,,YD0OHQWg,4623587.0
DFB-Pokal,1/32 FINALE,2025-08-15,FC Gutersloh,220,Frieling L.,606117,nome,Titolare,21,,YD0OHQWg,4623587.0
DFB-Pokal,1/32 FINALE,2025-08-15,FC Gutersloh,220,Twardzik P.,93832,nome,Titolare,18,,YD0OHQWg,4623587.0
DFB-Pokal,1/32 FINALE,2025-08-15,FC Gutersloh,220,Bollmann H.,1261633,nome,Panchina,2,,YD0OHQWg,4623587.0
DFB-Pokal,1/32 FINALE,2025-08-15,FC Gutersloh,220,Borgmann J.,284216,nome,Panchina,34,,YD0OHQWg,4623587.0
DFB-Pokal,1/32 FINALE,2025-08-15,FC Gutersloh,220,Frese N.,1114566,nome,Panchina,35,,YD0OHQWg,4623587.0
DFB-Pokal,1/32 FINALE,2025-08-15,FC Gutersloh,220,John H.,897103,nome,Panchina,8,,YD0OHQWg,4623587.0
DFB-Pokal,1/32 FINALE,2025-08-15,FC Gutersloh,220,Maiella P.,435309,nome,Panchina,9,,YD0OHQWg,4623587.0
DFB-Pokal,1/32 FINALE,2025-08-15,FC Gutersloh,220,Reyes S.,960211,nome,Panchina,24,,YD0OHQWg,4623587.0
DFB-Pokal,1/32 FINALE,2025-08-15,FC Gutersloh,220,Schabbing R.,604125,nome,Panchina,31,Portiere,YD0OHQWg,4623587.0
DFB-Pokal,1/32 FINALE,2025-08-15,FC Gutersloh,220,Weichert L.,696118,nome,Panchina,36,,YD0OHQWg,4623587.0
DFB-Pokal,1/32 FINALE,2025-08-15,FC Gutersloh,220,Wilkesmann L.,1121388,nome,Panchina,15,,YD0OHQWg,4623587.0
DFB-Pokal,1/32 FINALE,2025-08-15,Union Berlino,89,Ronnow F.,107775,nome,Titolare,1,Portiere,YD0OHQWg,4623587.0
DFB-Pokal,1/32 FINALE,2025-08-15,Union Berlino,89,Doekhi D.,387047,nome,Titolare,5,,YD0OHQWg,4623587.0
DFB-Pokal,1/32 FINALE,2025-08-15,Union Berlino,89,Querfeld L.,597432,nome,Titolare,14,,YD0OHQWg,4623587.0
DFB-Pokal,1/32 FINALE,2025-08-15,Union Berlino,89,Rothe T.,798043,nome,Titolare,15,,YD0OHQWg,4623587.0
DFB-Pokal,1/32 FINALE,2025-08-15,Union Berlino,89,Trimmel C.,75921,nome,Titolare,28,Capitano,YD0OHQWg,4623587.0
DFB-Pokal,1/32 FINALE,2025-08-15,Union Berlino,89,Khedira R.,124410,nome,Titolare,8,,YD0OHQWg,4623587.0
DFB-Pokal,1/32 FINALE,2025-08-15,Union Berlino,89,Schafer A.,454863,nome,Titolare,13,,YD0OHQWg,4623587.0
DFB-Pokal,1/32 FINALE,2025-08-15,Union Berlino,89,Skov R.,270393,nome,Titolare,24,,YD0OHQWg,4623587.0
DFB-Pokal,1/32 FINALE,2025-08-15,Union Berlino,89,Burke O.,341317,nome,Titolare,7,,YD0OHQWg,4623587.0
DFB-Pokal,1/32 FINALE,2025-08-15,Union Berlino,89,Ilic A.,583699,nome,Titolare,23,,YD0OHQWg,4623587.0
DFB-Pokal,1/32 FINALE,2025-08-15,Union Berlino,89,Ansah I.,1035765,nome,Titolare,10,,YD0OHQWg,4623587.0
DFB-Pokal,1/32 FINALE,2025-08-15,Union Berlino,89,Haberer J.,177779,nome,Panchina,19,,YD0OHQWg,4623587.0
DFB-Pokal,1/32 FINALE,2025-08-15,Union Berlino,89,Jeong Woo-Yeong,297583,nome,Panchina,11,,YD0OHQWg,4623587.0
DFB-Pokal,1/32 FINALE,2025-08-15,Union Berlino,89,Kemlein A.,692737,nome,Panchina,6,,YD0OHQWg,4623587.0
DFB-Pokal,1/32 FINALE,2025-08-15,Union Berlino,89,Kral A.,337333,nome,Panchina,33,,YD0OHQWg,4623587.0
DFB-Pokal,1/32 FINALE,2025-08-15,Union Berlino,89,Ljubicic M.,838236,nome,Panchina,27,,YD0OHQWg,4623587.0
DFB-Pokal,1/32 FINALE,2025-08-15,Union Berlino,89,Markgraf A.,1027870,nome,Panchina,3,,YD0OHQWg,4623587.0
DFB-Pokal,1/32 FINALE,2025-08-15,Union Berlino,89,Preu D.,745075,nome,Panchina,17,,YD0OHQWg,4623587.0
DFB-Pokal,1/32 FINALE,2025-08-15,Union Berlino,89,Raab M.,386685,nome,Panchina,31,Portiere,YD0OHQWg,4623587.0
DFB-Pokal,1/32 FINALE,2025-08-15,Union Berlino,89,Skarke T.,287920,nome,Panchina,21,,YD0OHQWg,4623587.0
DFB-Pokal,1/32 FINALE,2025-08-15,Grossaspach,2589,Reule M.,160249,nome,Titolare,1,Portiere,WCzgdbmJ,4623576.0
DFB-Pokal,1/32 FINALE,2025-08-15,Grossaspach,2589,Landwehr B.,392155,nome,Titolare,22,,WCzgdbmJ,4623576.0
DFB-Pokal,1/32 FINALE,2025-08-15,Grossaspach,2589,Aidonis A.,405674,nome,Titolare,15,,WCzgdbmJ,4623576.0
DFB-Pokal,1/32 FINALE,2025-08-15,Grossaspach,2589,Nuraj A.,526125,nome,Titolare,25,,WCzgdbmJ,4623576.0
DFB-Pokal,1/32 FINALE,2025-08-15,Grossaspach,2589,Mohr N.,949389,nome,Titolare,14,,WCzgdbmJ,4623576.0
DFB-Pokal,1/32 FINALE,2025-08-15,Grossaspach,2589,Mistl C.,405688,nome,Titolare,6,,WCzgdbmJ,4623576.0
DFB-Pokal,1/32 FINALE,2025-08-15,Grossaspach,2589,Celiktas V.,196044,nome,Titolare,5,Capitano,WCzgdbmJ,4623576.0
DFB-Pokal,1/32 FINALE,2025-08-15,Grossaspach,2589,Maier L.,532341,nome,Titolare,27,,WCzgdbmJ,4623576.0
DFB-Pokal,1/32 FINALE,2025-08-15,Grossaspach,2589,Tasdelen M.,512023,nome,Titolare,10,,WCzgdbmJ,4623576.0
DFB-Pokal,1/32 FINALE,2025-08-15,Grossaspach,2589,Kleinschrodt M.,284061,nome,Titolare,11,,WCzgdbmJ,4623576.0
DFB-Pokal,1/32 FINALE,2025-08-15,Grossaspach,2589,Eisele F.,196819,nome,Titolare,23,,WCzgdbmJ,4623576.0
DFB-Pokal,1/32 FINALE,2025-08-15,Grossaspach,2589,Ender L.,528222,nome,Panchina,17,,WCzgdbmJ,4623576.0
DFB-Pokal,1/32 FINALE,2025-08-15,Grossaspach,2589,Huras M.,951433,nome,Panchina,19,,WCzgdbmJ,4623576.0
DFB-Pokal,1/32 FINALE,2025-08-15,Grossaspach,2589,Kretschmar H.,1031772,nome,Panchina,37,,WCzgdbmJ,4623576.0
DFB-Pokal,1/32 FINALE,2025-08-15,Grossaspach,2589,Kunde M.,196062,nome,Panchina,16,,WCzgdbmJ,4623576.0
DFB-Pokal,1/32 FINALE,2025-08-15,Grossaspach,2589,Maier L.,546030,nome,Panchina,20,,WCzgdbmJ,4623576.0
DFB-Pokal,1/32 FINALE,2025-08-15,Grossaspach,2589,Michalik A.,450240,nome,Panchina,12,Portiere,WCzgdbmJ,4623576.0
DFB-Pokal,1/32 FINALE,2025-08-15,Grossaspach,2589,Molinari L.,805865,nome,Panchina,21,,WCzgdbmJ,4623576.0
DFB-Pokal,1/32 FINALE,2025-08-15,Grossaspach,2589,Pollex N.,408573,nome,Panchina,18,,WCzgdbmJ,4623576.0
DFB-Pokal,1/32 FINALE,2025-08-15,Grossaspach,2589,Stoppel L.,1157414,nome,Panchina,35,,WCzgdbmJ,4623576.0
DFB-Pokal,1/32 FINALE,2025-08-15,Leverkusen,15,Flekken M.,125714,nome,Titolare,1,Portiere,WCzgdbmJ,4623576.0
DFB-Pokal,1/32 FINALE,2025-08-15,Leverkusen,15,Quansah J.,632349,nome,Titolare,4,,WCzgdbmJ,4623576.0
DFB-Pokal,1/32 FINALE,2025-08-15,Leverkusen,15,Tapsoba E.,564545,nome,Titolare,12,,WCzgdbmJ,4623576.0
DFB-Pokal,1/32 FINALE,2025-08-15,Leverkusen,15,Hincapie P.,659813,nome,Titolare,3,,WCzgdbmJ,4623576.0
DFB-Pokal,1/32 FINALE,2025-08-15,Leverkusen,15,Arthur,977464,nome,Titolare,13,,WCzgdbmJ,4623576.0
DFB-Pokal,1/32 FINALE,2025-08-15,Leverkusen,15,Garcia A.,261504,nome,Titolare,24,,WCzgdbmJ,4623576.0
DFB-Pokal,1/32 FINALE,2025-08-15,Leverkusen,15,Andrich R.,159088,nome,Titolare,8,Capitano,WCzgdbmJ,4623576.0
DFB-Pokal,1/32 FINALE,2025-08-15,Leverkusen,15,Tella N.,340322,nome,Titolare,23,,WCzgdbmJ,4623576.0
DFB-Pokal,1/32 FINALE,2025-08-15,Leverkusen,15,Adli A.,532776,nome,Titolare,21,,WCzgdbmJ,4623576.0
DFB-Pokal,1/32 FINALE,2025-08-15,Leverkusen,15,Schick P.,242086,nome,Titolare,14,,WCzgdbmJ,4623576.0
DFB-Pokal,1/32 FINALE,2025-08-15,Leverkusen,15,Maza I.,905011,nome,Titolare,30,,WCzgdbmJ,4623576.0
DFB-Pokal,1/32 FINALE,2025-08-15,Leverkusen,15,Alfa-Ruprecht F.,897402,nome,Panchina,17,,WCzgdbmJ,4623576.0
DFB-Pokal,1/32 FINALE,2025-08-15,Leverkusen,15,Blaswich J.,81173,nome,Panchina,28,Portiere,WCzgdbmJ,4623576.0
DFB-Pokal,1/32 FINALE,2025-08-15,Leverkusen,15,Boniface V.,656681,nome,Panchina,22,,WCzgdbmJ,4623576.0
DFB-Pokal,1/32 FINALE,2025-08-15,Leverkusen,15,Grimaldo A.,193082,nome,Panchina,20,,WCzgdbmJ,4623576.0
DFB-Pokal,1/32 FINALE,2025-08-15,Leverkusen,15,Kofane C.,1364454,nome,Panchina,35,,WCzgdbmJ,4623576.0
DFB-Pokal,1/32 FINALE,2025-08-15,Leverkusen,15,Lomb N.,,,Panchina,36,Portiere,WCzgdbmJ,4623576.0
DFB-Pokal,1/32 FINALE,2025-08-15,Leverkusen,15,Mensah J.,1131924,nome,Panchina,27,,WCzgdbmJ,4623576.0
DFB-Pokal,1/32 FINALE,2025-08-15,Leverkusen,15,Poku E.,718303,nome,Panchina,19,,WCzgdbmJ,4623576.0
DFB-Pokal,1/32 FINALE,2025-08-15,Leverkusen,15,Sarco A.,1000675,nome,Panchina,18,,WCzgdbmJ,4623576.0
DFB-Pokal,1/32 FINALE,2025-08-15,Leverkusen,15,Tape A.,1077670,nome,Panchina,16,,WCzgdbmJ,4623576.0
DFB-Pokal,1/32 FINALE,2025-08-15,Saarbrucken,1,Menzel P.,284346,nome,Titolare,13,Portiere,EXLcWPom,4623577.0
DFB-Pokal,1/32 FINALE,2025-08-15,Saarbrucken,1,Rizzuto C.,93753,nome,Titolare,7,,EXLcWPom,4623577.0
DFB-Pokal,1/32 FINALE,2025-08-15,Saarbrucken,1,Wilhelm L.,692020,nome,Titolare,18,,EXLcWPom,4623577.0
DFB-Pokal,1/32 FINALE,2025-08-15,Saarbrucken,1,Sonnenberg S.,339151,nome,Titolare,4,Capitano,EXLcWPom,4623577.0
DFB-Pokal,1/32 FINALE,2025-08-15,Saarbrucken,1,Bichsel J.,620834,nome,Titolare,27,,EXLcWPom,4623577.0
DFB-Pokal,1/32 FINALE,2025-08-15,Saarbrucken,1,Bretschneider N.,397677,nome,Titolare,28,,EXLcWPom,4623577.0
DFB-Pokal,1/32 FINALE,2025-08-15,Saarbrucken,1,Zeitz M.,85960,nome,Titolare,8,,EXLcWPom,4623577.0
DFB-Pokal,1/32 FINALE,2025-08-15,Saarbrucken,1,Krahn E.,638631,nome,Titolare,5,,EXLcWPom,4623577.0
DFB-Pokal,1/32 FINALE,2025-08-15,Saarbrucken,1,Civeja T.,588747,nome,Titolare,23,,EXLcWPom,4623577.0
DFB-Pokal,1/32 FINALE,2025-08-15,Saarbrucken,1,Brunker K.,284058,nome,Titolare,9,,EXLcWPom,4623577.0
DFB-Pokal,1/32 FINALE,2025-08-15,Saarbrucken,1,Pick F.,191359,nome,Titolare,20,,EXLcWPom,4623577.0
DFB-Pokal,1/32 FINALE,2025-08-15,Saarbrucken,1,Baumann D.,152431,nome,Panchina,30,,EXLcWPom,4623577.0
DFB-Pokal,1/32 FINALE,2025-08-15,Saarbrucken,1,Bormuth R.,283286,nome,Panchina,32,,EXLcWPom,4623577.0
DFB-Pokal,1/32 FINALE,2025-08-15,Saarbrucken,1,Elongo-Yombo R.,662808,nome,Panchina,17,,EXLcWPom,4623577.0
DFB-Pokal,1/32 FINALE,2025-08-15,Saarbrucken,1,Multhaup M.,187496,nome,Panchina,11,,EXLcWPom,4623577.0
DFB-Pokal,1/32 FINALE,2025-08-15,Saarbrucken,1,Paterok T.,109855,nome,Panchina,1,Portiere,EXLcWPom,4623577.0
DFB-Pokal,1/32 FINALE,2025-08-15,Saarbrucken,1,Rabihic K.,196146,nome,Panchina,10,,EXLcWPom,4623577.0
DFB-Pokal,1/32 FINALE,2025-08-15,Saarbrucken,1,Schmidt P.,124416,nome,Panchina,39,,EXLcWPom,4623577.0
DFB-Pokal,1/32 FINALE,2025-08-15,Saarbrucken,1,Schumacher T.,236467,nome,Panchina,33,,EXLcWPom,4623577.0
DFB-Pokal,1/32 FINALE,2025-08-15,Saarbrucken,1,Wollschlager L.,678088,nome,Panchina,24,,EXLcWPom,4623577.0
DFB-Pokal,1/32 FINALE,2025-08-15,Magdeburg,187,Reimann D.,238722,nome,Titolare,1,Portiere,EXLcWPom,4623577.0
DFB-Pokal,1/32 FINALE,2025-08-15,Magdeburg,187,Hoti A.,656095,nome,Titolare,3,,EXLcWPom,4623577.0
DFB-Pokal,1/32 FINALE,2025-08-15,Magdeburg,187,Hugonet J.,695644,nome,Titolare,24,,EXLcWPom,4623577.0
DFB-Pokal,1/32 FINALE,2025-08-15,Magdeburg,187,Muller T.,19483,nome,Titolare,5,,EXLcWPom,4623577.0
DFB-Pokal,1/32 FINALE,2025-08-15,Magdeburg,187,Bockhorn H.,186477,nome,Titolare,7,,EXLcWPom,4623577.0
DFB-Pokal,1/32 FINALE,2025-08-15,Magdeburg,187,Michel F.,527270,nome,Titolare,21,,EXLcWPom,4623577.0
DFB-Pokal,1/32 FINALE,2025-08-15,Magdeburg,187,Gnaka S.,481091,nome,Titolare,25,,EXLcWPom,4623577.0
DFB-Pokal,1/32 FINALE,2025-08-15,Magdeburg,187,Musonda L.,333859,nome,Titolare,19,,EXLcWPom,4623577.0
DFB-Pokal,1/32 FINALE,2025-08-15,Magdeburg,187,Ghrieb R.,503291,nome,Titolare,29,,EXLcWPom,4623577.0
DFB-Pokal,1/32 FINALE,2025-08-15,Magdeburg,187,Kaars M.,377729,nome,Titolare,9,,EXLcWPom,4623577.0
DFB-Pokal,1/32 FINALE,2025-08-15,Magdeburg,187,Atik B.,161072,nome,Titolare,23,,EXLcWPom,4623577.0
DFB-Pokal,1/32 FINALE,2025-08-15,Magdeburg,187,Dzogovic E.,627658,nome,Panchina,4,,EXLcWPom,4623577.0
DFB-Pokal,1/32 FINALE,2025-08-15,Magdeburg,187,Geschwill M.,471890,nome,Panchina,28,,EXLcWPom,4623577.0
DFB-Pokal,1/32 FINALE,2025-08-15,Magdeburg,187,Heber D.,151583,nome,Panchina,15,,EXLcWPom,4623577.0
DFB-Pokal,1/32 FINALE,2025-08-15,Magdeburg,187,Holmstrom A.,498171,nome,Panchina,11,,EXLcWPom,4623577.0
DFB-Pokal,1/32 FINALE,2025-08-15,Magdeburg,187,Krempicki C.,107205,nome,Panchina,13,,EXLcWPom,4623577.0
DFB-Pokal,1/32 FINALE,2025-08-15,Magdeburg,187,Kruth N.,818246,nome,Panchina,30,Portiere,EXLcWPom,4623577.0
DFB-Pokal,1/32 FINALE,2025-08-15,Magdeburg,187,Pesch N.,696028,nome,Panchina,10,,EXLcWPom,4623577.0
DFB-Pokal,1/32 FINALE,2025-08-15,Magdeburg,187,Stalmach D.,826795,nome,Panchina,6,,EXLcWPom,4623577.0
DFB-Pokal,1/32 FINALE,2025-08-15,Magdeburg,187,Ulrich L.,717465,nome,Panchina,8,,EXLcWPom,4623577.0
