competizione,paese,turno,data,casa,ospite,gol_casa_90,gol_ospite_90,gol_casa_finale,gol_ospite_finale,rigori_casa,rigori_ospite,supplementari,gol_casa_dichiarato,gol_ospite_dichiarato,eventi_incompleti,divisione_casa,divisione_ospite,dentro_perimetro,arbitro,stadio,spettatori,allenatore_casa,allenatore_ospite,modulo_casa,modulo_ospite,game_id,competition_id,home_club_id,away_club_id,fonte,url,sigla_divisione_casa,sigla_divisione_ospite
Copa del Rey,ES,Qualifying Round 1st leg,2025-09-27,Atlètic Sant Just,,2,0,2,0,,,False,3,0,True,3.0,3.0,False,,,,,,4-4-2,,4732721,CDR,93935,134733,player-scores,https://www.transfermarkt.co.uk/spielbericht/index/spielbericht/4732721,,
Copa del Rey,ES,Qualifying Round 1st leg,2025-09-27,CD Getxo,,0,0,0,0,,,False,0,0,False,3.0,3.0,False,,Fadura,,,,4-2-3-1,,4732720,CDR,29739,76277,player-scores,https://www.transfermarkt.co.uk/spielbericht/index/spielbericht/4732720,,
Copa del Rey,ES,Qualifying Round 1st leg,2025-09-27,CD Sant Jordi,,1,0,1,0,,,False,1,0,False,3.0,3.0,False,,Balear,,,,4-4-2,,4732722,CDR,84296,61989,player-scores,https://www.transfermarkt.co.uk/spielbericht/index/spielbericht/4732722,,
Copa del Rey,ES,Qualifying Round 1st leg,2025-09-27,CF Campanario,CD Yuncos,0,0,0,0,,,False,0,0,False,3.0,3.0,False,,El Ejido,1300.0,,,,4-2-3-1,4732726,CDR,93948,62414,player-scores,https://www.transfermarkt.co.uk/spielbericht/index/spielbericht/4732726,,
Copa del Rey,ES,Qualifying Round 1st leg,2025-09-27,CF Inter de Valdemoro,Universitario FC Las Palmas,1,0,1,0,,,False,1,1,True,3.0,3.0,False,,,,,,4-2-3-1,,4732727,CDR,122524,102261,player-scores,https://www.transfermarkt.co.uk/spielbericht/index/spielbericht/4732727,,
Copa del Rey,ES,Qualifying Round 1st leg,2025-09-27,Manises CF,UD Los Garres,1,0,1,0,,,False,2,0,True,3.0,3.0,False,,,,,,,4-4-2,4732723,CDR,83483,70288,player-scores,https://www.transfermarkt.co.uk/spielbericht/index/spielbericht/4732723,,
Copa del Rey,ES,Qualifying Round 1st leg,2025-09-27,Puerto de Vega CF,,4,0,4,0,,,False,4,0,False,3.0,3.0,False,,El Pardo,,,,4-5-1 flat,,4732719,CDR,134732,77192,player-scores,https://www.transfermarkt.co.uk/spielbericht/index/spielbericht/4732719,,
Copa del Rey,ES,Qualifying Round 1st leg,2025-09-27,,SD Negreira,0,1,0,1,,,False,2,1,True,3.0,3.0,False,,,,,,4-2-4,Starting Line-up: 4-4-2,4732718,CDR,41404,20233,player-scores,https://www.transfermarkt.co.uk/spielbericht/index/spielbericht/4732718,,
Copa del Rey,ES,Qualifying Round 1st leg,2025-09-27,,Atlético Palma del Río CF,0,5,0,5,,,False,0,5,False,3.0,3.0,False,,,,,,4-2-4,Starting Line-up: 4-4-2,4732724,CDR,108867,107473,player-scores,https://www.transfermarkt.co.uk/spielbericht/index/spielbericht/4732724,,
Copa del Rey,ES,Qualifying Round 1st leg,2025-09-27,,UD Maracena,0,1,0,1,,,False,1,1,True,3.0,3.0,False,,,,,,4-2-4,Starting Line-up: 4-4-2,4732725,CDR,134734,34119,player-scores,https://www.transfermarkt.co.uk/spielbericht/index/spielbericht/4732725,,
Copa del Rey,ES,Qualifying Round 2nd leg,2025-10-04,Atlético Palma del Río CF,,5,0,5,0,,,False,5,0,False,3.0,3.0,False,,Sergio León,,,,4-2-3-1,,4732734,CDR,107473,108867,player-scores,https://www.transfermarkt.co.uk/spielbericht/index/spielbericht/4732734,,
Copa del Rey,ES,Qualifying Round 2nd leg,2025-10-04,CD Yuncos,CF Campanario,2,0,2,0,,,False,2,0,False,3.0,3.0,False,,Villa de Yuncos,1050.0,,,4-2-3-1,,4732736,CDR,62414,93948,player-scores,https://www.transfermarkt.co.uk/spielbericht/index/spielbericht/4732736,,
Copa del Rey,ES,Qualifying Round 2nd leg,2025-10-04,SD Negreira,,4,0,4,0,,,False,4,0,False,3.0,3.0,False,,Jesús García Calvo,,,,4-4-2,,4732728,CDR,20233,41404,player-scores,https://www.transfermarkt.co.uk/spielbericht/index/spielbericht/4732728,,
Copa del Rey,ES,Qualifying Round 2nd leg,2025-10-04,UD Los Garres,Manises CF,2,0,4,0,,,True,4,0,False,3.0,3.0,False,,,,,,4-4-2,,4732733,CDR,70288,83483,player-scores,https://www.transfermarkt.co.uk/spielbericht/index/spielbericht/4732733,,
Copa del Rey,ES,Qualifying Round 2nd leg,2025-10-04,UD Maracena,,2,0,2,0,,,False,2,0,False,3.0,3.0,False,,,,,,4-4-2,,4732735,CDR,34119,134734,player-scores,https://www.transfermarkt.co.uk/spielbericht/index/spielbericht/4732735,,
Copa del Rey,ES,Qualifying Round 2nd leg,2025-10-04,Universitario FC Las Palmas,CF Inter de Valdemoro,1,1,1,3,,,True,1,3,False,3.0,3.0,False,,,,,,,4-2-3-1,4732737,CDR,102261,122524,player-scores,https://www.transfermarkt.co.uk/spielbericht/index/spielbericht/4732737,,
Copa del Rey,ES,Qualifying Round 2nd leg,2025-10-04,,Puerto de Vega CF,0,1,0,1,,,False,1,1,True,3.0,3.0,False,,,,,,4-3-3,Starting Line-up: 4-5-1 flat,4732729,CDR,77192,134732,player-scores,https://www.transfermarkt.co.uk/spielbericht/index/spielbericht/4732729,,
Copa del Rey,ES,Qualifying Round 2nd leg,2025-10-04,,CD Getxo,0,2,0,2,,,False,1,2,True,3.0,3.0,False,,,,,,4-2-4,Starting Line-up: 4-4-2,4732730,CDR,76277,29739,player-scores,https://www.transfermarkt.co.uk/spielbericht/index/spielbericht/4732730,,
Copa del Rey,ES,Qualifying Round 2nd leg,2025-10-04,,Atlètic Sant Just,0,4,0,4,,,False,1,4,True,3.0,3.0,False,,,,,,4-3-3,Starting Line-up: 4-5-1 flat,4732731,CDR,134733,93935,player-scores,https://www.transfermarkt.co.uk/spielbericht/index/spielbericht/4732731,,
Copa del Rey,ES,Qualifying Round 2nd leg,2025-10-04,,CD Sant Jordi,0,3,0,3,,,False,1,3,True,3.0,3.0,False,,,,,,4-2-4,Starting Line-up: 4-4-2,4732732,CDR,61989,84296,player-scores,https://www.transfermarkt.co.uk/spielbericht/index/spielbericht/4732732,,
Copa del Rey,ES,First Round,2025-10-28,Atlético Tordesillas,Burgos CF,1,1,1,2,,,True,1,2,False,3.0,2.0,True,Eder Mallo Fernández,Las Salinas,1500.0,Álex Izquierdo,Luis Miguel Ramis,4-5-1 flat,4-5-1 flat,4743266,CDR,41604,1536,player-scores,https://www.transfermarkt.co.uk/spielbericht/index/spielbericht/4743266,,
Copa del Rey,ES,First Round,2025-10-28,CD Extremadura 1924,UD Las Palmas,3,1,3,1,,,False,3,1,False,3.0,2.0,True,Manuel Jesús Orellana Cid,Francisco de la Hera,4167.0,Cisqui,Luis García,4-4-2,4-2-3-1,4743308,CDR,101648,472,player-scores,https://www.transfermarkt.co.uk/spielbericht/index/spielbericht/4743308,,
Copa del Rey,ES,First Round,2025-10-28,CD Guadalajara,CP Cacereño,2,1,2,1,,,False,2,1,False,3.0,3.0,True,Luis Enrique Morona Del Campo,Pedro Escartín,2834.0,Pere Martí,Julio Cobos,4-2-3-1,4-2-3-1,4743313,CDR,16576,11602,player-scores,https://www.transfermarkt.co.uk/spielbericht/index/spielbericht/4743313,,
Copa del Rey,ES,First Round,2025-10-28,CD Roda,Granada CF,1,5,1,5,,,False,1,5,False,3.0,2.0,True,Salvador Lax Franco,Ciutat Esportiva Pamesa Ceràmica,1200.0,Miguel Ángel Muñoz,Pacheta,4-2-3-1,4-2-3-1,4743294,CDR,27448,16795,player-scores,https://www.transfermarkt.co.uk/spielbericht/index/spielbericht/4743294,,
Copa del Rey,ES,First Round,2025-10-28,CD Toledo,Sevilla FC,1,4,1,4,,,False,1,4,False,3.0,1.0,True,Guillermo Cuadra Fernández,Salto del Caballo,6648.0,Borja Bardera,Matías Almeyda,4-2-3-1,4-3-3 Attacking,4743291,CDR,2929,368,player-scores,https://www.transfermarkt.co.uk/spielbericht/index/spielbericht/4743291,,
Copa del Rey,ES,First Round,2025-10-28,CD Tropezón,Cultural Leonesa,1,3,1,3,,,False,1,3,False,3.0,2.0,True,Miguel González Díaz,Municipal de Santa Ana,1200.0,Fernando Crespo,Cuco Ziganda,5-3-2,4-4-2,4743314,CDR,40162,4542,player-scores,https://www.transfermarkt.co.uk/spielbericht/index/spielbericht/4743314,,
Copa del Rey,ES,First Round,2025-10-28,CE Constància,Girona FC,1,1,2,3,,,True,2,3,False,3.0,1.0,True,Javier Alberola Rojas,FIBWI Estadi Nou Camp d'Inca,4000.0,Guillem Llaneras,Míchel,4-3-3 Attacking,4-2-3-1,4743315,CDR,20963,12321,player-scores,https://www.transfermarkt.co.uk/spielbericht/index/spielbericht/4743315,,
Copa del Rey,ES,First Round,2025-10-28,CF Inter de Valdemoro,Getafe CF,0,11,0,11,,,False,0,11,False,3.0,1.0,True,Iosu Galech Apezteguía,Coliseum,7900.0,Álvaro Plata,José Bordalás,4-2-3-1,4-3-3 Attacking,4743304,CDR,122524,3709,player-scores,https://www.transfermarkt.co.uk/spielbericht/index/spielbericht/4743304,,
Copa del Rey,ES,First Round,2025-10-28,CF Rayo Majadahonda,CF Talavera de la Reina,1,4,1,4,,,False,1,4,False,3.0,3.0,True,Alexandre Alemán Pérez,Cerro del Espino,1900.0,Guille Fernández,Diego Nogales,4-2-3-1,4-2-3-1,4743310,CDR,13702,47421,player-scores,https://www.transfermarkt.co.uk/spielbericht/index/spielbericht/4743310,,
Copa del Rey,ES,First Round,2025-10-28,Ourense CF,Real Oviedo,2,2,4,2,,,True,4,2,False,3.0,1.0,True,Adrián Cordero Vega,O Couto,3300.0,Dani Llácer,Luis Carrión,4-2-3-1,4-2-3-1,4743264,CDR,55398,2497,player-scores,https://www.transfermarkt.co.uk/spielbericht/index/spielbericht/4743264,,
Copa del Rey,ES,First Round,2025-10-28,RSD Alcalá,CD Tenerife,0,4,0,4,,,False,0,4,False,3.0,3.0,True,Ruben Ruiperez Marin,Municipal El Val,4500.0,Ángel Vivar Dorado,Álvaro Cervera,4-2-3-1,4-4-2,4743312,CDR,13436,648,player-scores,https://www.transfermarkt.co.uk/spielbericht/index/spielbericht/4743312,,
Copa del Rey,ES,First Round,2025-10-28,SD Logroñés,Racing Santander,0,4,0,4,,,False,0,4,False,3.0,2.0,True,Alonso de Ena Wolf,Las Gaunas,3857.0,Adrián Cantabrana,José Alberto López,4-1-4-1,4-2-3-1,4743270,CDR,33303,630,player-scores,https://www.transfermarkt.co.uk/spielbericht/index/spielbericht/4743270,,
Copa del Rey,ES,First Round,2025-10-28,SD Negreira,Real Sociedad,0,3,0,3,,,False,0,3,False,3.0,1.0,True,Isidro Díaz de Mera Escuderos,Jesús García Calvo,3000.0,Adrián Vázquez,Sergio Francisco,4-4-2,4-3-3 Attacking,4743262,CDR,20233,681,player-scores,https://www.transfermarkt.co.uk/spielbericht/index/spielbericht/4743262,,
Copa del Rey,ES,First Round,2025-10-28,UCAM Murcia CF,Cádiz CF,1,3,1,3,,,False,1,3,False,3.0,2.0,True,Luis Bestard Servera,BeSoccer La Condomina,2777.0,Germán Crespo,Gaizka Garitano,4-2-3-1,4-2-3-1,4743298,CDR,34148,2687,player-scores,https://www.transfermarkt.co.uk/spielbericht/index/spielbericht/4743298,,
Copa del Rey,ES,First Round,2025-10-28,UD Maracena,Valencia CF,0,5,0,5,,,False,0,5,False,3.0,1.0,True,Francisco José Hernández Maeso,Nuevo Los Cármenes,8558.0,Javier Vilaseca,Carlos Corberán,4-2-3-1,4-2-3-1,4743290,CDR,34119,1049,player-scores,https://www.transfermarkt.co.uk/spielbericht/index/spielbericht/4743290,,
Copa del Rey,ES,First Round,2025-10-28,UD San Fernando,Albacete Balompié,0,3,0,3,,,False,0,3,False,3.0,2.0,True,Rafael Sánchez López,Eleuterio Valerón,2000.0,Juan Carlos Socorro,Alberto González,4-2-3-1,4-4-2,4743307,CDR,57379,1532,player-scores,https://www.transfermarkt.co.uk/spielbericht/index/spielbericht/4743307,,
Copa del Rey,ES,First Round,2025-10-28,UP Langreo,Racing Ferrol,0,0,0,0,3.0,4.0,False,3,4,False,3.0,3.0,True,Guillermo Cueto Amigo,Ganzábal,600.0,Pablo Acebal,Pablo López,4-2-3-1,4-3-3 Attacking,4743274,CDR,16646,1176,player-scores,https://www.transfermarkt.co.uk/spielbericht/index/spielbericht/4743274,,
Copa del Rey,ES,First Round,2025-10-28,Utebo FC,SD Huesca,0,3,0,3,,,False,0,3,False,3.0,2.0,True,Manuel Ángel Pérez Hernández,Santa Ana,3500.0,Juan Carlos Beltrán,Sergi Guilló,4-2-3-1,4-2-3-1,4743282,CDR,13244,5358,player-scores,https://www.transfermarkt.co.uk/spielbericht/index/spielbericht/4743282,,
Copa del Rey,ES,First Round,2025-10-29,Atlètic Sant Just,RCD Mallorca,0,2,0,2,,,False,0,2,False,3.0,1.0,True,Alejandro Muñiz Ruiz,Municipal de L’Hospitalet,2000.0,Conrad García,Jagoba Arrasate,5-4-1,4-2-3-1,4743277,CDR,93935,237,player-scores,https://www.transfermarkt.co.uk/spielbericht/index/spielbericht/4743277,,
Copa del Rey,ES,First Round,2025-10-29,Atlético Astorga,CD Mirandés,1,1,1,1,3.0,4.0,False,4,5,False,3.0,2.0,True,Germán Cid Camacho,La Eragudina,800.0,Joselu Lago,Fran Justo,5-3-2,5-4-1,4743269,CDR,40977,13222,player-scores,https://www.transfermarkt.co.uk/spielbericht/index/spielbericht/4743269,,
Copa del Rey,ES,First Round,2025-10-29,CD Azuaga,CD Leganés,1,4,1,4,,,False,1,4,False,3.0,2.0,True,Dámaso Arcediano Monescillo,Municipal de Azuaga,1300.0,José Miguel Ramos,Paco López,4-2-3-1,4-2-3-1,4743306,CDR,44640,1244,player-scores,https://www.transfermarkt.co.uk/spielbericht/index/spielbericht/4743306,,
Copa del Rey,ES,First Round,2025-10-29,CD Cieza,Córdoba CF,1,0,1,0,,,False,1,0,False,3.0,2.0,True,Sergiu Claudiu Muresan,La Arboleja,2900.0,Ranko Despotovic,Iván Ania,4-2-3-1,4-3-3 Attacking,4743295,CDR,56725,993,player-scores,https://www.transfermarkt.co.uk/spielbericht/index/spielbericht/4743295,,
Copa del Rey,ES,First Round,2025-10-29,CD Ebro,SD Tarazona,1,1,1,1,4.0,3.0,False,5,4,False,3.0,3.0,True,Pol Arenas Mora,La Almozara-El Carmen,900.0,Javier Genovés,Juanma Barrero,4-3-3 Attacking,5-3-2,4743284,CDR,47880,41403,player-scores,https://www.transfermarkt.co.uk/spielbericht/index/spielbericht/4743284,,
Copa del Rey,ES,First Round,2025-10-29,CD Numancia,Arenas Club,3,0,3,0,,,False,3,0,False,3.0,3.0,True,Guillermo Conejero Sánchez,Los Pajaritos,2143.0,Ángel Rodríguez,Jon Erice,4-3-3 Attacking,4-4-2,4743272,CDR,2296,16122,player-scores,https://www.transfermarkt.co.uk/spielbericht/index/spielbericht/4743272,,
Copa del Rey,ES,First Round,2025-10-29,CD Quintanar del Rey,UD Ibiza,1,1,1,1,4.0,3.0,False,5,4,False,3.0,3.0,True,Marcelo Ibáñez Juárez,San Marcos,2000.0,Pedro Bolaños,Miguel Álvarez,4-5-1 flat,4-2-3-1,4743311,CDR,47486,13241,player-scores,https://www.transfermarkt.co.uk/spielbericht/index/spielbericht/4743311,,
Copa del Rey,ES,First Round,2025-10-29,CD Sant Jordi,CA Osasuna,0,5,0,5,,,False,0,5,False,3.0,1.0,True,Miguel Ángel Ortiz Arias,Son Malferit,1800.0,Ivan Oliver,Alessio Lisci,5-3-2,4-3-3 Attacking,4743278,CDR,84296,331,player-scores,https://www.transfermarkt.co.uk/spielbericht/index/spielbericht/4743278,,
Copa del Rey,ES,First Round,2025-10-29,CD Unión Malacitano,AD Ceuta FC,0,2,0,2,,,False,0,2,False,3.0,2.0,True,Saúl Ais Reig,Juan Cayuela,1100.0,José Miguel Campos,José Juan Romero,4-2-3-1,4-2-3-1,4743316,CDR,132258,8568,player-scores,https://www.transfermarkt.co.uk/spielbericht/index/spielbericht/4743316,,
Copa del Rey,ES,First Round,2025-10-29,CD Yuncos,Rayo Vallecano,1,6,1,6,,,False,1,6,False,3.0,1.0,True,José Luis Munuera Montero,Villa de Yuncos,5000.0,Juanlu Mora,Iñigo Pérez,4-2-3-1,4-2-3-1,4743305,CDR,62414,367,player-scores,https://www.transfermarkt.co.uk/spielbericht/index/spielbericht/4743305,,
Copa del Rey,ES,First Round,2025-10-29,CDA Navalcarnero,Mérida AD,2,1,2,1,,,False,2,1,False,3.0,3.0,True,Néstor Holgueras Castellanos,Mariano González,1500.0,Manu González,Fran Beltrán,4-4-2,4-4-2,4743309,CDR,20921,46854,player-scores,https://www.transfermarkt.co.uk/spielbericht/index/spielbericht/4743309,,
Copa del Rey,ES,First Round,2025-10-29,CF Lorca Deportiva,UD Almería,0,2,0,2,,,False,0,2,False,3.0,2.0,True,Andrés Fuentes Molina,Francisco Artés Carrasco,4000.0,Sebas López,Rubi,5-4-1,4-3-3 Attacking,4743297,CDR,49806,3302,player-scores,https://www.transfermarkt.co.uk/spielbericht/index/spielbericht/4743297,,
Copa del Rey,ES,First Round,2025-10-29,Caudal Deportivo,Sporting Gijón,0,1,0,1,,,False,0,1,False,3.0,2.0,True,Gorka Etayo Herrera,Hermanos Antuña,2600.0,Adrián González,Borja Jiménez,4-4-2,4-2-3-1,4743265,CDR,13226,2448,player-scores,https://www.transfermarkt.co.uk/spielbericht/index/spielbericht/4743265,,
Copa del Rey,ES,First Round,2025-10-29,Ciudad Lucena,Villarreal CF,0,6,0,6,,,False,0,6,False,3.0,1.0,True,Jesús Gil Manzano,Ciudad de Lucena,6000.0,Antonio Cobos,Marcelino,4-4-2,4-4-2,4743293,CDR,38059,1050,player-scores,https://www.transfermarkt.co.uk/spielbericht/index/spielbericht/4743293,,
Copa del Rey,ES,First Round,2025-10-29,Club Portugalete,Real Valladolid CF,1,0,1,0,,,False,1,0,False,3.0,2.0,True,Alejandro Morilla Turrión,La Florida,1700.0,Egoitz Bilbao,Guillermo Almada,5-4-1,4-4-2,4743267,CDR,18691,366,player-scores,https://www.transfermarkt.co.uk/spielbericht/index/spielbericht/4743267,,
Copa del Rey,ES,First Round,2025-10-29,Náxara CD,SD Eibar,2,4,2,4,,,False,2,4,False,3.0,2.0,True,Carlos Muñiz Muñoz,La Salera,1933.0,Arturo Guerra,Beñat San José,4-2-3-1,4-2-3-1,4743268,CDR,33818,1533,player-scores,https://www.transfermarkt.co.uk/spielbericht/index/spielbericht/4743268,,
Copa del Rey,ES,First Round,2025-10-29,Real Jaén CF,CD Eldense,1,3,1,3,,,False,1,3,False,3.0,3.0,True,Álvaro Rodríguez Recio,La Victoria,4200.0,Manolo Herrero,Claudio Barragán,4-2-3-1,4-2-3-1,4743302,CDR,666,12567,player-scores,https://www.transfermarkt.co.uk/spielbericht/index/spielbericht/4743302,,
Copa del Rey,ES,First Round,2025-10-29,Reus FC Reddis,CE Europa,1,1,2,2,4.0,3.0,True,6,5,False,3.0,3.0,True,Federico Sáiz Villares,Municipal de Reus,3000.0,Marc Carrasco,Aday Benítez,4-3-3 Attacking,4-3-3 Attacking,4743285,CDR,83848,20528,player-scores,https://www.transfermarkt.co.uk/spielbericht/index/spielbericht/4743285,,
Copa del Rey,ES,First Round,2025-10-29,Salerm Puente Genil FC,FC Cartagena,0,1,0,1,,,False,0,1,False,3.0,3.0,True,Manuel García Gómez,Manuel Polinario,1000.0,Álvaro Cejudo,Javi Rey,4-2-3-1,4-4-2,4743301,CDR,60350,7077,player-scores,https://www.transfermarkt.co.uk/spielbericht/index/spielbericht/4743301,,
Copa del Rey,ES,First Round,2025-10-29,Torrent CF,Juventud Torremolinos CF,3,1,3,1,,,False,3,1,False,3.0,3.0,True,David López Jiménez,San Gregorio,2500.0,Xavi Giménez,Antonio Calderón,4-2-3-1,4-4-2,4743300,CDR,67509,43454,player-scores,https://www.transfermarkt.co.uk/spielbericht/index/spielbericht/4743300,,
Copa del Rey,ES,First Round,2025-10-29,UD Los Garres,Elche CF,0,4,0,4,,,False,0,4,False,3.0,1.0,True,Mateo Busquets Ferrer,Enrique Roca de Murcia,8000.0,Mario Martínez,Eder Sarabia,5-4-1,4-3-3 Attacking,4743288,CDR,70288,1531,player-scores,https://www.transfermarkt.co.uk/spielbericht/index/spielbericht/4743288,,
Copa del Rey,ES,First Round,2025-10-29,UD Mutilvera,Real Zaragoza,1,3,1,3,,,False,1,3,False,3.0,2.0,True,Daniel Palencia Caballero,Mutilnova,1900.0,Álvaro Garrido,Rubén Sellés,4-2-3-1,4-4-2,4743281,CDR,40175,142,player-scores,https://www.transfermarkt.co.uk/spielbericht/index/spielbericht/4743281,,
Copa del Rey,ES,First Round,2025-10-29,UD Ourense,Pontevedra CF,1,1,1,1,0.0,3.0,False,1,4,False,3.0,3.0,True,Manuel Pozueta Rodríguez,O Couto,1800.0,Borja Fernández,Rubén Domínguez,4-4-2,4-4-2,4743276,CDR,60225,5650,player-scores,https://www.transfermarkt.co.uk/spielbericht/index/spielbericht/4743276,,
Copa del Rey,ES,First Round,2025-10-29,UD Poblense,CE Sabadell FC,1,1,1,2,,,True,1,2,False,3.0,3.0,True,Álvaro Cánovas García Villarrubia,Municipal de Sa Pobla,1000.0,Óscar Troya,Ferran Costa,4-4-2,4-4-2,4743283,CDR,28014,11422,player-scores,https://www.transfermarkt.co.uk/spielbericht/index/spielbericht/4743283,,
Copa del Rey,ES,First Round,2025-10-29,UE Sant Andreu,CD Teruel,1,1,2,1,,,True,2,1,False,3.0,3.0,True,Francisco José Ortega Herrera,Narcís Sala,3241.0,Natxo González,Vicente Parras,4-2-3-1,5-3-2,4743287,CDR,12697,19301,player-scores,https://www.transfermarkt.co.uk/spielbericht/index/spielbericht/4743287,,
Copa del Rey,ES,First Round,2025-10-30,Atlético Palma del Río CF,Real Betis Balompié,1,7,1,7,,,False,1,7,False,3.0,1.0,True,José Luis Guzmán Mansilla,Sergio León,8800.0,Fran Sedano,Manuel Pellegrini,4-4-2,4-4-2,4743289,CDR,107473,150,player-scores,https://www.transfermarkt.co.uk/spielbericht/index/spielbericht/4743289,,
Copa del Rey,ES,First Round,2025-10-30,CD Atlético Baleares,Gimnàstic de Tarragona,2,0,2,0,,,False,2,0,False,3.0,3.0,True,Alejandro Clemente Ortuño,Balear,2000.0,Luis Blanco,Luis César Sampedro,3-5-2 flat,4-5-1 flat,4743286,CDR,18687,5648,player-scores,https://www.transfermarkt.co.uk/spielbericht/index/spielbericht/4743286,,
Copa del Rey,ES,First Round,2025-10-30,CD Estepona FS,Málaga CF,1,3,1,3,,,False,1,3,False,3.0,2.0,True,José Antonio Sánchez Villalobos,Francisco Muñoz Pérez,3500.0,Xavi Molist,Sergio Pellicer,5-4-1,4-2-3-1,4743296,CDR,24445,1084,player-scores,https://www.transfermarkt.co.uk/spielbericht/index/spielbericht/4743296,,
Copa del Rey,ES,First Round,2025-10-30,CD Getxo,Deportivo Alavés,0,7,0,7,,,False,0,7,False,3.0,1.0,True,Miguel Sesma Espinosa,Fadura,1089.0,Egoitz Garay,Eduardo Coudet,4-2-3-1,4-2-3-1,4743261,CDR,29739,1108,player-scores,https://www.transfermarkt.co.uk/spielbericht/index/spielbericht/4743261,,
Copa del Rey,ES,First Round,2025-10-30,CD Valle de Egüés,FC Andorra,1,5,1,5,,,False,1,5,False,3.0,2.0,True,Jon Ander González Esteban,Municipal de Sarriguren,1800.0,Txiki Acaz,Ibai Gómez,5-3-2,4-4-2,4743280,CDR,13223,10718,player-scores,https://www.transfermarkt.co.uk/spielbericht/index/spielbericht/4743280,,
Copa del Rey,ES,First Round,2025-10-30,CE Atlètic Lleida,RCD Espanyol Barcelona,1,2,1,2,,,False,1,2,False,3.0,3.0,True,Víctor García Verdura,Camp d´Esports de Lleida,7000.0,Gabri,Manolo González,4-2-3-1,4-2-3-1,4743279,CDR,92869,714,player-scores,https://www.transfermarkt.co.uk/spielbericht/index/spielbericht/4743279,,
Copa del Rey,ES,First Round,2025-10-30,Club Atlético Antoniano,CD Castellón,1,0,1,0,,,False,1,0,False,3.0,2.0,True,Alejandro Ojaos Valera,Municipal de Lebrija,3500.0,Lolo Rosano,Pablo Hernández,4-2-3-1,4-4-2,4743299,CDR,42457,2502,player-scores,https://www.transfermarkt.co.uk/spielbericht/index/spielbericht/4743299,,
Copa del Rey,ES,First Round,2025-10-30,Orihuela CF,Levante UD,3,4,3,4,,,False,3,4,False,3.0,1.0,True,Juan Martínez Munuera,Los Arcos,4500.0,Pato,Julián Calero,5-4-1,4-4-2,4743292,CDR,4054,3368,player-scores,https://www.transfermarkt.co.uk/spielbericht/index/spielbericht/4743292,,
Copa del Rey,ES,First Round,2025-10-30,Puerto de Vega CF,Celta de Vigo,0,2,0,2,,,False,0,2,False,3.0,1.0,True,De Burgos Bengoetxea,El Pardo,4000.0,Javi Prendes,Claudio Giráldez,4-5-1 flat,5-4-1,4743263,CDR,134732,940,player-scores,https://www.transfermarkt.co.uk/spielbericht/index/spielbericht/4743263,,
Copa del Rey,ES,First Round,2025-10-30,Real Murcia CF,Antequera CF,1,1,1,1,2.0,1.0,False,3,2,False,3.0,3.0,True,Jorge Tárraga Lájara,Enrique Roca de Murcia,10120.0,Adrián Colunga,Abel Gómez,4-2-3-1,4-2-3-1,4743303,CDR,171,16022,player-scores,https://www.transfermarkt.co.uk/spielbericht/index/spielbericht/4743303,,
Copa del Rey,ES,First Round,2025-10-30,Real Ávila CF,Real Avilés CF,0,0,1,0,,,True,1,0,False,3.0,3.0,True,Daniel Miranda Bolaños,Adolfo Suárez,1751.0,Marc García,Dani Vidal,4-3-3 Attacking,4-4-2,4743275,CDR,6212,20844,player-scores,https://www.transfermarkt.co.uk/spielbericht/index/spielbericht/4743275,,
Copa del Rey,ES,First Round,2025-10-30,UD Logroñés,SD Ponferradina,1,3,1,3,,,False,1,3,False,3.0,3.0,True,Armando Ramo Andrés,Las Gaunas,2627.0,Unai Mendía,Fernando Estévez,4-2-3-1,4-2-3-1,4743273,CDR,24420,4032,player-scores,https://www.transfermarkt.co.uk/spielbericht/index/spielbericht/4743273,,
Copa del Rey,ES,First Round,2025-10-30,UD Sámano,Deportivo de La Coruña,1,5,1,5,,,False,1,5,False,3.0,2.0,True,Álvaro Moreno Aragón,Riomar,2500.0,Jon Ander Lambea,Antonio Hidalgo,3-5-2 flat,4-4-2,4743271,CDR,60605,897,player-scores,https://www.transfermarkt.co.uk/spielbericht/index/spielbericht/4743271,,
Copa del Rey,ES,Second Round,2025-12-02,CD Ebro,CA Osasuna,3,5,3,5,,,False,3,5,False,3.0,1.0,True,Miguel Sesma Espinosa,La Almozara-El Carmen,3488.0,Javier Genovés,Alessio Lisci,4-2-3-1,4-3-3 Attacking,4766838,CDR,47880,331,player-scores,https://www.transfermarkt.co.uk/spielbericht/index/spielbericht/4766838,,
Copa del Rey,ES,Second Round,2025-12-02,CD Guadalajara,AD Ceuta FC,1,0,1,0,,,False,1,0,False,3.0,2.0,True,Andrés Fuentes Molina,Pedro Escartín,3256.0,Pere Martí,José Juan Romero,4-2-3-1,4-1-4-1,4766856,CDR,16576,8568,player-scores,https://www.transfermarkt.co.uk/spielbericht/index/spielbericht/4766856,,
Copa del Rey,ES,Second Round,2025-12-02,CD Numancia,RCD Mallorca,2,3,2,3,,,False,2,3,False,3.0,1.0,True,César Soto Grado,Los Pajaritos,3654.0,Ángel Rodríguez,Jagoba Arrasate,5-4-1,4-4-2,4766839,CDR,2296,237,player-scores,https://www.transfermarkt.co.uk/spielbericht/index/spielbericht/4766839,,
Copa del Rey,ES,Second Round,2025-12-02,CDA Navalcarnero,Getafe CF,2,2,2,3,,,True,2,3,False,3.0,1.0,True,Miguel Ángel Ortiz Arias,Mariano González,1500.0,Manu González,José Bordalás,4-4-2,4-4-2,4766850,CDR,20921,3709,player-scores,https://www.transfermarkt.co.uk/spielbericht/index/spielbericht/4766850,,
Copa del Rey,ES,Second Round,2025-12-02,Club Portugalete,Deportivo Alavés,0,3,0,3,,,False,0,3,False,3.0,1.0,True,Alejandro Muñiz Ruiz,La Florida,3050.0,Egoitz Bilbao,Eduardo Coudet,5-4-1,4-4-2,4766834,CDR,18691,1108,player-scores,https://www.transfermarkt.co.uk/spielbericht/index/spielbericht/4766834,,
Copa del Rey,ES,Second Round,2025-12-02,Racing Ferrol,SD Huesca,0,2,0,2,,,False,0,2,False,3.0,2.0,True,Germán Cid Camacho,A Malata,1100.0,Pablo López,Bolo,4-3-3 Attacking,4-3-3 Attacking,4766842,CDR,1176,5358,player-scores,https://www.transfermarkt.co.uk/spielbericht/index/spielbericht/4766842,,
Copa del Rey,ES,Second Round,2025-12-03,CD Cieza,Levante UD,0,1,0,1,,,False,0,1,False,3.0,1.0,True,Guillermo Cuadra Fernández,La Arboleja,3250.0,Ranko Despotovic,Álvaro del Moral,4-2-3-1,4-4-2 double 6,4766847,CDR,56725,3368,player-scores,https://www.transfermarkt.co.uk/spielbericht/index/spielbericht/4766847,,
Copa del Rey,ES,Second Round,2025-12-03,CD Eldense,UD Almería,2,1,2,1,,,False,2,1,False,3.0,2.0,True,Salvador Lax Franco,Nuevo Pepico Amat,3168.0,Claudio Barragán,Rubi,4-3-3 Attacking,4-4-2,4766858,CDR,12567,3302,player-scores,https://www.transfermarkt.co.uk/spielbericht/index/spielbericht/4766858,,
Copa del Rey,ES,Second Round,2025-12-03,CD Mirandés,Sporting Gijón,0,2,0,2,,,False,0,2,False,2.0,2.0,True,Carlos Muñiz Muñoz,Anduva,1567.0,Jesús Galván,Borja Jiménez,4-3-3 Attacking,4-4-2,4766844,CDR,13222,2448,player-scores,https://www.transfermarkt.co.uk/spielbericht/index/spielbericht/4766844,,
Copa del Rey,ES,Second Round,2025-12-03,CD Quintanar del Rey,Elche CF,1,1,1,2,,,True,1,2,False,3.0,1.0,True,José Luis Guzmán Mansilla,San Marcos,3000.0,Pedro Bolaños,Eder Sarabia,4-2-3-1,4-2-3-1,4766849,CDR,47486,1531,player-scores,https://www.transfermarkt.co.uk/spielbericht/index/spielbericht/4766849,,
Copa del Rey,ES,Second Round,2025-12-03,CF Talavera de la Reina,Málaga CF,2,1,2,1,,,False,2,1,False,3.0,2.0,True,Saúl Ais Reig,El Prado,4075.0,Alejandro Sandroni,Juan Funes,4-4-2,4-2-3-1,4766857,CDR,47421,1084,player-scores,https://www.transfermarkt.co.uk/spielbericht/index/spielbericht/4766857,,
Copa del Rey,ES,Second Round,2025-12-03,Club Atlético Antoniano,Villarreal CF,0,0,1,1,3.0,5.0,True,4,6,False,3.0,1.0,True,Francisco José Hernández Maeso,Municipal de Lebrija,3500.0,Lolo Rosano,Marcelino,4-2-3-1,4-2-3-1,4766852,CDR,42457,1050,player-scores,https://www.transfermarkt.co.uk/spielbericht/index/spielbericht/4766852,,
Copa del Rey,ES,Second Round,2025-12-03,Cultural Leonesa,FC Andorra,4,2,4,2,,,False,4,2,False,2.0,2.0,True,Alejandro Morilla Turrión,Reino de León,3854.0,Cuco Ziganda,Carles Manso,4-3-3 Attacking,4-3-3 Attacking,4766845,CDR,4542,10718,player-scores,https://www.transfermarkt.co.uk/spielbericht/index/spielbericht/4766845,,
Copa del Rey,ES,Second Round,2025-12-03,Ourense CF,Girona FC,2,1,2,1,,,False,2,1,False,3.0,1.0,True,Alejandro Hernández Hernández,O Couto,3500.0,Dani Llácer,Míchel,4-3-3 Attacking,4-2-3-1,4766833,CDR,55398,12321,player-scores,https://www.transfermarkt.co.uk/spielbericht/index/spielbericht/4766833,,
Copa del Rey,ES,Second Round,2025-12-03,Pontevedra CF,SD Eibar,0,3,0,3,,,False,0,3,False,3.0,2.0,True,Miguel González Díaz,Pasarón,3472.0,Rubén Domínguez,Beñat San José,4-2-3-1,4-3-3 Attacking,4766841,CDR,5650,1533,player-scores,https://www.transfermarkt.co.uk/spielbericht/index/spielbericht/4766841,,
Copa del Rey,ES,Second Round,2025-12-03,Real Murcia CF,Cádiz CF,3,2,3,2,,,False,3,2,False,3.0,2.0,True,Sergiu Claudiu Muresan,Enrique Roca de Murcia,10442.0,Adrián Colunga,Gaizka Garitano,4-2-3-1,4-3-3 Attacking,4766855,CDR,171,2687,player-scores,https://www.transfermarkt.co.uk/spielbericht/index/spielbericht/4766855,,
Copa del Rey,ES,Second Round,2025-12-03,Reus FC Reddis,Real Sociedad,0,2,0,2,,,False,0,2,False,3.0,1.0,True,Juan Martínez Munuera,Municipal de Reus,4188.0,Marc Carrasco,Sergio Francisco,5-4-1,5-4-1,4766835,CDR,83848,681,player-scores,https://www.transfermarkt.co.uk/spielbericht/index/spielbericht/4766835,,
Copa del Rey,ES,Second Round,2025-12-03,Torrent CF,Real Betis Balompié,1,4,1,4,,,False,1,4,False,3.0,1.0,True,,San Gregorio,6680.0,Toni Seligrat,Manuel Pellegrini,4-5-1,4-2-3-1,4766851,CDR,67509,150,player-scores,https://www.transfermarkt.co.uk/spielbericht/index/spielbericht/4766851,,
Copa del Rey,ES,Second Round,2025-12-04,CD Atlético Baleares,RCD Espanyol Barcelona,1,0,1,0,,,False,1,0,False,3.0,3.0,True,Alejandro Quintero González,Balear,3200.0,Luis Blanco,Manolo González,3-5-2 flat,4-4-2 double 6,4766837,CDR,18687,714,player-scores,https://www.transfermarkt.co.uk/spielbericht/index/spielbericht/4766837,,
Copa del Rey,ES,Second Round,2025-12-04,CD Extremadura 1924,Sevilla FC,1,2,1,2,,,False,1,2,False,3.0,1.0,True,Javier Alberola Rojas,Francisco de la Hera,11250.0,Cisqui,Matías Almeyda,4-2-3-1,4-1-4-1,4766848,CDR,101648,368,player-scores,https://www.transfermarkt.co.uk/spielbericht/index/spielbericht/4766848,,
Copa del Rey,ES,Second Round,2025-12-04,CD Leganés,Albacete Balompié,1,2,1,2,,,False,1,2,False,2.0,2.0,True,Luis Bestard Servera,Ontime Butarque,6144.0,Paco López,Alberto González,4-4-2 double 6,4-4-2,4766860,CDR,1244,1532,player-scores,https://www.transfermarkt.co.uk/spielbericht/index/spielbericht/4766860,,
Copa del Rey,ES,Second Round,2025-12-04,CD Tenerife,Granada CF,0,1,0,1,,,False,0,1,False,3.0,2.0,True,Manuel Ángel Pérez Hernández,Heliodoro Rodríguez López,14886.0,Álvaro Cervera,Pacheta,4-2-3-1,4-3-3 Attacking,4766859,CDR,648,16795,player-scores,https://www.transfermarkt.co.uk/spielbericht/index/spielbericht/4766859,,
Copa del Rey,ES,Second Round,2025-12-04,CE Sabadell FC,Deportivo de La Coruña,0,2,0,2,,,False,0,2,False,3.0,2.0,True,Alonso de Ena Wolf,Nova Creu Alta,7651.0,Ferran Costa,Antonio Hidalgo,4-4-2 double 6,4-2-3-1,4766840,CDR,11422,897,player-scores,https://www.transfermarkt.co.uk/spielbericht/index/spielbericht/4766840,,
Copa del Rey,ES,Second Round,2025-12-04,FC Cartagena,Valencia CF,1,1,1,2,,,True,1,2,False,3.0,1.0,True,Isidro Díaz de Mera Escuderos,Cartagonova,,Javi Rey,Carlos Corberán,4-2-3-1,4-4-2,4807306,CDR,7077,1049,player-scores,https://www.transfermarkt.co.uk/spielbericht/index/spielbericht/4807306,,
Copa del Rey,ES,Second Round,2025-12-04,Real Zaragoza,Burgos CF,0,0,0,1,,,True,0,1,False,2.0,2.0,True,Gorka Etayo Herrera,Ibercaja Estadio,7051.0,Rubén Sellés,Luis Miguel Ramis,4-2-3-1,4-2-3-1,4766846,CDR,142,1536,player-scores,https://www.transfermarkt.co.uk/spielbericht/index/spielbericht/4766846,,
Copa del Rey,ES,Second Round,2025-12-04,Real Ávila CF,Rayo Vallecano,1,1,1,2,,,True,1,2,False,3.0,1.0,True,Adrián Cordero Vega,Adolfo Suárez,5500.0,Marc García,Iñigo Pérez,4-2-3-1,4-2-3-1,4766853,CDR,6212,367,player-scores,https://www.transfermarkt.co.uk/spielbericht/index/spielbericht/4766853,,
Copa del Rey,ES,Second Round,2025-12-04,SD Ponferradina,Racing Santander,1,1,1,2,,,True,1,2,False,3.0,2.0,True,Daniel Palencia Caballero,El Toralín,3577.0,Mehdi Nafti,José Alberto López,4-4-2,4-2-3-1,4766843,CDR,4032,630,player-scores,https://www.transfermarkt.co.uk/spielbericht/index/spielbericht/4766843,,
Copa del Rey,ES,Second Round,2025-12-04,UE Sant Andreu,Celta de Vigo,0,0,1,1,6.0,7.0,True,7,8,False,3.0,1.0,True,Mateo Busquets Ferrer,Narcís Sala,6531.0,Natxo González,Claudio Giráldez,4-2-3-1,4-3-3 Attacking,4766836,CDR,12697,940,player-scores,https://www.transfermarkt.co.uk/spielbericht/index/spielbericht/4766836,,
Copa del Rey,ES,Round of 32,2025-12-16,CD Eldense,Real Sociedad,1,2,1,2,,,False,1,2,False,3.0,1.0,True,Francisco José Hernández Maeso,Nuevo Pepico Amat,3392.0,Claudio Barragán,Ion Ansotegi,5-4-1,4-1-4-1,4784341,CDR,12567,681,player-scores,https://www.transfermarkt.co.uk/spielbericht/index/spielbericht/4784341,,
Copa del Rey,ES,Round of 32,2025-12-16,CD Guadalajara,FC Barcelona,0,2,0,2,,,False,0,2,False,3.0,1.0,True,César Soto Grado,Pedro Escartín,8500.0,Pere Martí,Hansi Flick,5-4-1,4-2-3-1,4784340,CDR,16576,131,player-scores,https://www.transfermarkt.co.uk/spielbericht/index/spielbericht/4784340,,
Copa del Rey,ES,Round of 32,2025-12-16,Deportivo de La Coruña,RCD Mallorca,1,0,1,0,,,False,1,0,False,2.0,1.0,True,Miguel Ángel Ortiz Arias,Abanca Riazor,17873.0,Antonio Hidalgo,Jagoba Arrasate,4-4-2,4-2-3-1,4784339,CDR,897,237,player-scores,https://www.transfermarkt.co.uk/spielbericht/index/spielbericht/4784339,,
Copa del Rey,ES,Round of 32,2025-12-16,SD Eibar,Elche CF,0,1,0,1,,,False,0,1,False,2.0,1.0,True,Alejandro Quintero González,Ipurua,2426.0,Beñat San José,Eder Sarabia,4-2-3-1,4-2-3-1,4784338,CDR,1533,1531,player-scores,https://www.transfermarkt.co.uk/spielbericht/index/spielbericht/4784338,,
Copa del Rey,ES,Round of 32,2025-12-16,Sporting Gijón,Valencia CF,0,2,0,2,,,False,0,2,False,2.0,1.0,True,Alejandro Muñiz Ruiz,El Molinón - Enrique Castro 'Quini',16275.0,Borja Jiménez,Carlos Corberán,4-2-3-1,4-2-3-1,4784342,CDR,2448,1049,player-scores,https://www.transfermarkt.co.uk/spielbericht/index/spielbericht/4784342,,
Copa del Rey,ES,Round of 32,2025-12-17,Albacete Balompié,Celta de Vigo,2,2,2,2,3.0,0.0,False,5,2,False,2.0,1.0,True,José Luis Guzmán Mansilla,Carlos Belmonte,,Alberto González,Claudio Giráldez,5-4-1,5-4-1,4807313,CDR,1532,940,player-scores,https://www.transfermarkt.co.uk/spielbericht/index/spielbericht/4807313,,
Copa del Rey,ES,Round of 32,2025-12-17,CD Atlético Baleares,Atlético de Madrid,2,3,2,3,,,False,2,3,False,3.0,1.0,True,Alejandro Hernández Hernández,Balear,5080.0,Luis Blanco,Diego Simeone,3-5-2 flat,3-4-1-2,4784346,CDR,18687,13,player-scores,https://www.transfermarkt.co.uk/spielbericht/index/spielbericht/4784346,,
Copa del Rey,ES,Round of 32,2025-12-17,CF Talavera de la Reina,Real Madrid,2,3,2,3,,,False,2,3,False,3.0,1.0,True,Guillermo Cuadra Fernández,El Prado,4200.0,Alejandro Sandroni,Xabi Alonso,4-4-2,4-3-3 Attacking,4784347,CDR,47421,418,player-scores,https://www.transfermarkt.co.uk/spielbericht/index/spielbericht/4784347,,
Copa del Rey,ES,Round of 32,2025-12-17,Cultural Leonesa,Levante UD,1,0,1,0,,,False,1,0,False,2.0,1.0,True,Jesús Gil Manzano,Reino de León,5542.0,Cuco Ziganda,Álvaro del Moral,4-2-3-1,4-2-3-1,4784345,CDR,4542,3368,player-scores,https://www.transfermarkt.co.uk/spielbericht/index/spielbericht/4784345,,
Copa del Rey,ES,Round of 32,2025-12-17,Deportivo Alavés,Sevilla FC,1,0,1,0,,,False,1,0,False,1.0,1.0,True,Miguel Sesma Espinosa,Mendizorroza,9766.0,Eduardo Coudet,Matías Almeyda,4-4-2,5-4-1,4784348,CDR,1108,368,player-scores,https://www.transfermarkt.co.uk/spielbericht/index/spielbericht/4784348,,
Copa del Rey,ES,Round of 32,2025-12-17,Racing Santander,Villarreal CF,2,1,2,1,,,False,2,1,False,2.0,1.0,True,Isidro Díaz de Mera Escuderos,El Sardinero,20768.0,José Alberto López,Marcelino,4-2-3-1,4-4-2,4784343,CDR,630,1050,player-scores,https://www.transfermarkt.co.uk/spielbericht/index/spielbericht/4784343,,
Copa del Rey,ES,Round of 32,2025-12-17,SD Huesca,CA Osasuna,1,1,2,4,,,True,2,4,False,2.0,1.0,True,Víctor García Verdura,El Alcoraz,6413.0,Bolo,Alessio Lisci,4-3-3 Attacking,4-4-2,4784344,CDR,5358,331,player-scores,https://www.transfermarkt.co.uk/spielbericht/index/spielbericht/4784344,,
Copa del Rey,ES,Round of 32,2025-12-18,Burgos CF,Getafe CF,3,1,3,1,,,False,3,1,False,2.0,1.0,True,De Burgos Bengoetxea,El Plantío,7987.0,Luis Miguel Ramis,José Bordalás,4-4-2,4-4-2,4784349,CDR,1536,3709,player-scores,https://www.transfermarkt.co.uk/spielbericht/index/spielbericht/4784349,,
Copa del Rey,ES,Round of 32,2025-12-18,Ourense CF,Athletic Bilbao,0,0,0,1,,,True,0,1,False,3.0,1.0,True,José Luis Munuera Montero,O Couto,8000.0,Dani Llácer,Ernesto Valverde,4-2-3-1,4-2-3-1,4784350,CDR,55398,621,player-scores,https://www.transfermarkt.co.uk/spielbericht/index/spielbericht/4784350,,
Copa del Rey,ES,Round of 32,2025-12-18,Real Murcia CF,Real Betis Balompié,0,2,0,2,,,False,0,2,False,3.0,1.0,True,Juan Martínez Munuera,Enrique Roca de Murcia,31000.0,Adrián Colunga,Manuel Pellegrini,5-4-1,4-4-2,4784351,CDR,171,150,player-scores,https://www.transfermarkt.co.uk/spielbericht/index/spielbericht/4784351,,
Copa del Rey,ES,Round of 32,2026-01-06,Granada CF,Rayo Vallecano,1,3,1,3,,,False,1,3,False,2.0,1.0,True,César Soto Grado,Nuevo Los Cármenes,4468.0,Pacheta,Iñigo Pérez,4-1-4-1,4-2-3-1,4784352,CDR,16795,367,player-scores,https://www.transfermarkt.co.uk/spielbericht/index/spielbericht/4784352,,
Copa del Rey,ES,Round of 16,2026-01-13,Cultural Leonesa,Athletic Bilbao,3,3,3,4,,,True,3,4,False,2.0,1.0,True,Alejandro Hernández Hernández,Reino de León,11004.0,Cuco Ziganda,Ernesto Valverde,4-2-3-1,4-2-3-1,4799993,CDR,4542,621,player-scores,https://www.transfermarkt.co.uk/spielbericht/index/spielbericht/4799993,,
Copa del Rey,ES,Round of 16,2026-01-13,Deportivo de La Coruña,Atlético de Madrid,0,1,0,1,,,False,0,1,False,2.0,1.0,True,De Burgos Bengoetxea,Abanca Riazor,28577.0,Antonio Hidalgo,Diego Simeone,4-2-3-1,4-4-2,4799992,CDR,897,13,player-scores,https://www.transfermarkt.co.uk/spielbericht/index/spielbericht/4799992,,
Copa del Rey,ES,Round of 16,2026-01-13,Real Sociedad,CA Osasuna,2,2,2,2,4.0,3.0,False,6,5,False,1.0,1.0,True,César Soto Grado,Anoeta,30147.0,Pellegrino Matarazzo,Alessio Lisci,4-2-3-1,4-2-3-1,4799995,CDR,681,331,player-scores,https://www.transfermarkt.co.uk/spielbericht/index/spielbericht/4799995,,
Copa del Rey,ES,Round of 16,2026-01-14,Albacete Balompié,Real Madrid,3,2,3,2,,,False,3,2,False,2.0,1.0,True,Víctor García Verdura,Carlos Belmonte,16800.0,Alberto González,Álvaro Arbeloa,5-3-2,4-3-3 Attacking,4799990,CDR,1532,418,player-scores,https://www.transfermarkt.co.uk/spielbericht/index/spielbericht/4799990,,
Copa del Rey,ES,Round of 16,2026-01-14,Deportivo Alavés,Rayo Vallecano,2,0,2,0,,,False,2,0,False,1.0,1.0,True,Francisco José Hernández Maeso,Mendizorroza,10634.0,Eduardo Coudet,Iñigo Pérez,4-4-2,4-2-3-1,4799997,CDR,1108,367,player-scores,https://www.transfermarkt.co.uk/spielbericht/index/spielbericht/4799997,,
Copa del Rey,ES,Round of 16,2026-01-14,Real Betis Balompié,Elche CF,2,1,2,1,,,False,2,1,False,1.0,1.0,True,Jesús Gil Manzano,La Cartuja,37635.0,Manuel Pellegrini,Eder Sarabia,4-2-3-1,4-3-3 Attacking,4799991,CDR,150,1531,player-scores,https://www.transfermarkt.co.uk/spielbericht/index/spielbericht/4799991,,
Copa del Rey,ES,Round of 16,2026-01-15,Burgos CF,Valencia CF,0,2,0,2,,,False,0,2,False,2.0,1.0,True,José Luis Munuera Montero,El Plantío,9405.0,Luis Miguel Ramis,Carlos Corberán,4-2-3-1,4-2-3-1,4799994,CDR,1536,1049,player-scores,https://www.transfermarkt.co.uk/spielbericht/index/spielbericht/4799994,,
Copa del Rey,ES,Round of 16,2026-01-15,Racing Santander,FC Barcelona,0,2,0,2,,,False,0,2,False,2.0,1.0,True,José María Sánchez Martínez,El Sardinero,22481.0,José Alberto López,Hansi Flick,4-3-3 Attacking,4-2-3-1,4799989,CDR,630,131,player-scores,https://www.transfermarkt.co.uk/spielbericht/index/spielbericht/4799989,,
Copa del Rey,ES,Quarter-Finals,2026-02-03,Albacete Balompié,FC Barcelona,1,2,1,2,,,False,1,2,False,2.0,1.0,True,José Luis Munuera Montero,Carlos Belmonte,16745.0,Alberto González,Hansi Flick,5-3-2,4-2-3-1,4808016,CDR,1532,131,player-scores,https://www.transfermarkt.co.uk/spielbericht/index/spielbericht/4808016,,
Copa del Rey,ES,Quarter-Finals,2026-02-04,Deportivo Alavés,Real Sociedad,2,3,2,3,,,False,2,3,False,1.0,1.0,True,Alejandro Quintero González,Mendizorroza,18874.0,Eduardo Coudet,Pellegrino Matarazzo,4-4-2,4-2-3-1,4808017,CDR,1108,681,player-scores,https://www.transfermarkt.co.uk/spielbericht/index/spielbericht/4808017,,
Copa del Rey,ES,Quarter-Finals,2026-02-04,Valencia CF,Athletic Bilbao,1,2,1,2,,,False,1,2,False,1.0,1.0,True,Víctor García Verdura,Mestalla,46931.0,Carlos Corberán,Ernesto Valverde,4-4-2,4-2-3-1,4808018,CDR,1049,621,player-scores,https://www.transfermarkt.co.uk/spielbericht/index/spielbericht/4808018,,
Copa del Rey,ES,Quarter-Finals,2026-02-05,Real Betis Balompié,Atlético de Madrid,0,5,0,5,,,False,0,5,False,1.0,1.0,True,César Soto Grado,La Cartuja,66810.0,Manuel Pellegrini,Diego Simeone,4-2-3-1,4-4-2,4808019,CDR,150,13,player-scores,https://www.transfermarkt.co.uk/spielbericht/index/spielbericht/4808019,,
Copa del Rey,ES,Semi-Finals 1st Leg,2026-02-11,Athletic Bilbao,Real Sociedad,0,1,0,1,,,False,0,1,False,1.0,1.0,True,José María Sánchez Martínez,San Mamés,51281.0,Ernesto Valverde,Pellegrino Matarazzo,4-2-3-1,4-2-3-1,4819275,CDR,621,681,player-scores,https://www.transfermarkt.co.uk/spielbericht/index/spielbericht/4819275,,
Copa del Rey,ES,Semi-Finals 1st Leg,2026-02-12,Atlético de Madrid,FC Barcelona,4,0,4,0,,,False,4,0,False,1.0,1.0,True,Juan Martínez Munuera,Riyadh Air Metropolitano,69200.0,Diego Simeone,Hansi Flick,4-4-2,4-3-3 Attacking,4819274,CDR,13,131,player-scores,https://www.transfermarkt.co.uk/spielbericht/index/spielbericht/4819274,,
Copa del Rey,ES,Semi-Finals 2nd Leg,2026-03-03,FC Barcelona,Atlético de Madrid,3,0,3,0,,,False,3,0,False,1.0,1.0,True,De Burgos Bengoetxea,Spotify Camp Nou,45398.0,Hansi Flick,Diego Simeone,4-2-3-1,4-4-2,4819283,CDR,131,13,player-scores,https://www.transfermarkt.co.uk/spielbericht/index/spielbericht/4819283,,
Copa del Rey,ES,Semi-Finals 2nd Leg,2026-03-04,Real Sociedad,Athletic Bilbao,1,0,1,0,,,False,1,0,False,1.0,1.0,True,César Soto Grado,Anoeta,38738.0,Pellegrino Matarazzo,Ernesto Valverde,4-2-3-1,4-2-3-1,4819284,CDR,681,621,player-scores,https://www.transfermarkt.co.uk/spielbericht/index/spielbericht/4819284,,
Copa del Rey,ES,Final,2026-04-18,Atlético de Madrid,Real Sociedad,2,2,2,2,3.0,4.0,False,5,6,False,1.0,1.0,True,Javier Alberola Rojas,La Cartuja,70000.0,Diego Simeone,Pellegrino Matarazzo,4-4-2,4-2-3-1,4842389,CDR,13,681,player-scores,https://www.transfermarkt.co.uk/spielbericht/index/spielbericht/4842389,,
Coppa Italia,IT,Qualifying Round,2025-08-09,Virtus Entella,Ternana Calcio,4,0,4,0,,,False,4,0,False,2.0,3.0,True,Alberto Poli,Enrico Sannazzari,1399.0,Andrea Chiappella,Fabio Liverani,3-5-2 flat,3-4-2-1,4630638,CIT,20519,1103,player-scores,https://www.transfermarkt.co.uk/spielbericht/index/spielbericht/4630638,,
Coppa Italia,IT,Qualifying Round,2025-08-10,Audace Cerignola,AS Avellino 1912,1,0,1,0,,,False,1,0,False,3.0,2.0,True,Gabriele Sacchi,Domenico Monterisi,2532.0,Vincenzo Maiuri,Raffaele Biancolino,3-5-2 flat,4-3-1-2,4630640,CIT,22249,2331,player-scores,https://www.transfermarkt.co.uk/spielbericht/index/spielbericht/4630640,,
Coppa Italia,IT,Qualifying Round,2025-08-10,Calcio Padova,LR Vicenza,0,2,0,2,,,False,0,2,False,2.0,3.0,True,Dario Madonia,Euganeo,6765.0,Matteo Andreoletti,Fabio Gallo,3-5-2 flat,3-5-2 flat,4630639,CIT,3037,2655,player-scores,https://www.transfermarkt.co.uk/spielbericht/index/spielbericht/4630639,,
Coppa Italia,IT,Qualifying Round,2025-08-10,Delfino Pescara 1936,Rimini FC,1,0,1,0,,,False,1,0,False,2.0,3.0,True,Lucio Felice Angelillo,Adriatico,4610.0,Vincenzo Vivarini,Filippo D'Alesio,3-4-2-1,3-5-2 flat,4630641,CIT,2921,4111,player-scores,https://www.transfermarkt.co.uk/spielbericht/index/spielbericht/4630641,,
Coppa Italia,IT,First Round,2025-08-15,FC Empoli,AC Reggiana 1919,1,1,1,1,3.0,0.0,False,4,1,False,2.0,2.0,True,Andrea Calzavara,Carlo Castellani,1894.0,Guido Pagliuca,Davide Dionigi,3-5-2 flat,3-4-2-1,4631307,CIT,749,5621,player-scores,https://www.transfermarkt.co.uk/spielbericht/index/spielbericht/4631307,,
Coppa Italia,IT,First Round,2025-08-15,Genoa CFC,LR Vicenza,3,0,3,0,,,False,3,0,False,1.0,3.0,True,Maria Sole Ferrieri Caputi,Luigi Ferraris,23000.0,Patrick Vieira,Fabio Gallo,4-2-3-1,3-5-2 flat,4669572,CIT,252,2655,player-scores,https://www.transfermarkt.co.uk/spielbericht/index/spielbericht/4669572,,
Coppa Italia,IT,First Round,2025-08-15,US Lecce,SS Juve Stabia ,2,0,2,0,,,False,2,0,False,1.0,2.0,True,Giuseppe Mucera,Ettore Giardiniero,10667.0,Eusebio Di Francesco,Ignazio Abate,4-3-3 Attacking,3-4-2-1,4631309,CIT,1005,5587,player-scores,https://www.transfermarkt.co.uk/spielbericht/index/spielbericht/4631309,,
Coppa Italia,IT,First Round,2025-08-15,US Sassuolo,US Catanzaro,1,0,1,0,,,False,1,0,False,1.0,2.0,True,Niccolò Turrini,Mapei Stadium - Città del Tricolore,1771.0,Fabio Grosso,Alberto Aquilani,4-3-3 Attacking,4-2-3-1,4631308,CIT,6574,4097,player-scores,https://www.transfermarkt.co.uk/spielbericht/index/spielbericht/4631308,,
Coppa Italia,IT,First Round,2025-08-16,Cagliari Calcio,Virtus Entella,1,1,1,1,5.0,4.0,False,6,5,False,1.0,2.0,True,Mario Perri,Unipol Domus,15748.0,Fabio Pisacane,Andrea Chiappella,3-5-2 flat,3-5-2 flat,4669573,CIT,1390,20519,player-scores,https://www.transfermarkt.co.uk/spielbericht/index/spielbericht/4669573,,
Coppa Italia,IT,First Round,2025-08-16,Como 1907,FC Südtirol,3,1,3,1,,,False,3,1,False,1.0,2.0,True,Simone Galipò,Giuseppe Sinigaglia,9985.0,Cesc Fàbregas,Fabrizio Castori,4-2-3-1,3-5-2 flat,4631311,CIT,1047,4554,player-scores,https://www.transfermarkt.co.uk/spielbericht/index/spielbericht/4631311,,
Coppa Italia,IT,First Round,2025-08-16,US Cremonese,Palermo FC,0,0,0,0,4.0,5.0,False,4,5,False,1.0,2.0,True,Andrea Zanotti,Giovanni Zini,5845.0,Davide Nicola,Filippo Inzaghi,3-5-2 flat,3-4-2-1,4631312,CIT,2239,458,player-scores,https://www.transfermarkt.co.uk/spielbericht/index/spielbericht/4631312,,
Coppa Italia,IT,First Round,2025-08-16,Venezia FC,Mantova 1911,4,0,4,0,,,False,4,0,False,2.0,2.0,True,Claudio Giuseppe Allegretta,Pier Luigi Penzo,4853.0,Giovanni Stroppa,Davide Possanzini,3-5-2 flat,4-2-3-1,4631310,CIT,607,2581,player-scores,https://www.transfermarkt.co.uk/spielbericht/index/spielbericht/4631310,,
Coppa Italia,IT,First Round,2025-08-17,AC Milan,AS Bari,2,0,2,0,,,False,2,0,False,1.0,2.0,True,Alberto Ruben Arena,Giuseppe Meazza,71061.0,Massimiliano Allegri,Fabio Caserta,3-5-2 flat,4-3-3 Attacking,4631315,CIT,5,332,player-scores,https://www.transfermarkt.co.uk/spielbericht/index/spielbericht/4631315,,
Coppa Italia,IT,First Round,2025-08-17,AC Monza,Frosinone Calcio,0,1,0,1,,,False,0,1,False,2.0,2.0,True,Daniele Perenzoni,Brianteo,2797.0,Paolo Bianco,Massimiliano Alvini,3-4-2-1,3-4-2-1,4631313,CIT,2919,8970,player-scores,https://www.transfermarkt.co.uk/spielbericht/index/spielbericht/4631313,,
Coppa Italia,IT,First Round,2025-08-17,Cesena FC,Pisa Sporting Club,0,0,0,0,1.0,2.0,False,1,2,False,2.0,1.0,True,Davide Di Marco,Orogel Stadium - Dino Manuzzi,5411.0,Michele Mignani,Alberto Gilardino,3-5-2 flat,3-4-2-1,4631314,CIT,1429,4172,player-scores,https://www.transfermarkt.co.uk/spielbericht/index/spielbericht/4631314,,
Coppa Italia,IT,First Round,2025-08-17,Parma Calcio 1913,Delfino Pescara 1936,2,0,2,0,,,False,2,0,False,1.0,2.0,True,Valerio Crezzini,Ennio Tardini,11300.0,Carlos Cuesta,Vincenzo Vivarini,3-4-2-1,3-4-2-1,4669574,CIT,130,2921,player-scores,https://www.transfermarkt.co.uk/spielbericht/index/spielbericht/4669574,,
Coppa Italia,IT,First Round,2025-08-18,Audace Cerignola,Hellas Verona,1,1,1,1,2.0,4.0,False,3,5,False,3.0,1.0,True,Luca Massimi,Domenico Monterisi,3500.0,Vincenzo Maiuri,Paolo Zanetti,3-5-2 flat,3-5-2 flat,4669575,CIT,22249,276,player-scores,https://www.transfermarkt.co.uk/spielbericht/index/spielbericht/4669575,,
Coppa Italia,IT,First Round,2025-08-18,Spezia Calcio,UC Sampdoria,1,1,1,1,4.0,2.0,False,5,3,False,2.0,2.0,True,Luca Zufferli,Alberto Picco,7502.0,Luca D'Angelo,Massimo Donati,3-5-2 flat,3-4-2-1,4631316,CIT,3522,1038,player-scores,https://www.transfermarkt.co.uk/spielbericht/index/spielbericht/4631316,,
Coppa Italia,IT,First Round,2025-08-18,Torino FC,Modena FC,1,0,1,0,,,False,1,0,False,1.0,2.0,True,Paride Tremolada,Olimpico Grande Torino,12533.0,Marco Baroni,Andrea Sottil,4-2-3-1,3-5-2 flat,4631318,CIT,416,1385,player-scores,https://www.transfermarkt.co.uk/spielbericht/index/spielbericht/4631318,,
Coppa Italia,IT,First Round,2025-08-18,Udinese Calcio,Carrarese Calcio 1908,2,0,2,0,,,False,2,0,False,1.0,2.0,True,Kevin Bonacina,Bluenergy Stadium,7402.0,Kosta Runjaić,Nicola Antonio Calabro,3-5-2 flat,3-4-2-1,4631317,CIT,410,4159,player-scores,https://www.transfermarkt.co.uk/spielbericht/index/spielbericht/4631317,,
Coppa Italia,IT,Second Round,2025-09-23,AC Milan,US Lecce,3,0,3,0,,,False,3,0,False,1.0,1.0,True,Paride Tremolada,Giuseppe Meazza,54418.0,Massimiliano Allegri,Eusebio Di Francesco,3-5-2 flat,4-3-3 Attacking,4709224,CIT,5,1005,player-scores,https://www.transfermarkt.co.uk/spielbericht/index/spielbericht/4709224,,
Coppa Italia,IT,Second Round,2025-09-23,Cagliari Calcio,Frosinone Calcio,4,1,4,1,,,False,4,1,False,1.0,2.0,True,Ermanno Feliciani,Unipol Domus,11444.0,Fabio Pisacane,Massimiliano Alvini,4-3-1-2,4-2-3-1,4709227,CIT,1390,8970,player-scores,https://www.transfermarkt.co.uk/spielbericht/index/spielbericht/4709227,,
Coppa Italia,IT,Second Round,2025-09-23,Udinese Calcio,Palermo FC,2,1,2,1,,,False,2,1,False,1.0,2.0,True,Andrea Zanotti,Bluenergy Stadium,6686.0,Kosta Runjaić,Filippo Inzaghi,3-5-2 flat,3-4-2-1,4709641,CIT,410,458,player-scores,https://www.transfermarkt.co.uk/spielbericht/index/spielbericht/4709641,,
Coppa Italia,IT,Second Round,2025-09-24,Como 1907,US Sassuolo,3,0,3,0,,,False,3,0,False,1.0,1.0,True,Niccolò Turrini,Giuseppe Sinigaglia,5212.0,Cesc Fàbregas,Fabio Grosso,4-2-3-1,4-3-3 Attacking,4709226,CIT,1047,6574,player-scores,https://www.transfermarkt.co.uk/spielbericht/index/spielbericht/4709226,,
Coppa Italia,IT,Second Round,2025-09-24,Hellas Verona,Venezia FC,0,0,0,0,4.0,5.0,False,4,5,False,1.0,2.0,True,Andrea Calzavara,Marcantonio Bentegodi,7021.0,Paolo Zanetti,Giovanni Stroppa,3-5-2 flat,3-5-2 flat,4709561,CIT,276,607,player-scores,https://www.transfermarkt.co.uk/spielbericht/index/spielbericht/4709561,,
Coppa Italia,IT,Second Round,2025-09-24,Parma Calcio 1913,Spezia Calcio,2,2,2,2,4.0,3.0,False,6,5,False,1.0,2.0,True,Giuseppe Mucera,Ennio Tardini,3428.0,Carlos Cuesta,Luca D'Angelo,3-5-2 flat,3-5-2 flat,4709560,CIT,130,3522,player-scores,https://www.transfermarkt.co.uk/spielbericht/index/spielbericht/4709560,,
Coppa Italia,IT,Second Round,2025-09-25,Genoa CFC,FC Empoli,3,1,3,1,,,False,3,1,False,1.0,2.0,True,Federico Dionisi,Luigi Ferraris,8626.0,Patrick Vieira,Guido Pagliuca,4-2-3-1,3-4-2-1,4709225,CIT,252,749,player-scores,https://www.transfermarkt.co.uk/spielbericht/index/spielbericht/4709225,,
Coppa Italia,IT,Second Round,2025-09-25,Torino FC,Pisa Sporting Club,1,0,1,0,,,False,1,0,False,1.0,1.0,True,Ivano Pezzuto,Olimpico Grande Torino,9427.0,Marco Baroni,Alberto Gilardino,3-4-3,3-4-2-1,4709642,CIT,416,4172,player-scores,https://www.transfermarkt.co.uk/spielbericht/index/spielbericht/4709642,,
Coppa Italia,IT,Round of 16,2025-12-02,Juventus FC,Udinese Calcio,2,0,2,0,,,False,2,0,False,1.0,1.0,True,Francesco Fourneau,Allianz Stadium,34674.0,Luciano Spalletti,Kosta Runjaić,3-4-2-1,3-1-4-2,4736145,CIT,506,410,player-scores,https://www.transfermarkt.co.uk/spielbericht/index/spielbericht/4736145,,
Coppa Italia,IT,Round of 16,2025-12-03,Atalanta BC,Genoa CFC,4,0,4,0,,,False,4,0,False,1.0,1.0,True,Mario Perri,New Balance Arena - Bergamo,11651.0,Raffaele Palladino,Daniele De Rossi,3-4-2-1,3-4-2-1,4736146,CIT,800,252,player-scores,https://www.transfermarkt.co.uk/spielbericht/index/spielbericht/4736146,,
Coppa Italia,IT,Round of 16,2025-12-03,Inter Milan,Venezia FC,5,1,5,1,,,False,5,1,False,1.0,2.0,True,Davide Di Marco,Giuseppe Meazza,44910.0,Cristian Chivu,Giovanni Stroppa,3-5-2 flat,3-5-2 flat,4736147,CIT,46,607,player-scores,https://www.transfermarkt.co.uk/spielbericht/index/spielbericht/4736147,,
Coppa Italia,IT,Round of 16,2025-12-03,SSC Napoli,Cagliari Calcio,1,1,1,1,9.0,8.0,False,10,9,False,1.0,1.0,True,Juan Luca Sacchi,Diego Armando Maradona,45000.0,Antonio Conte,Fabio Pisacane,3-4-2-1,4-1-4-1,4736150,CIT,6195,1390,player-scores,https://www.transfermarkt.co.uk/spielbericht/index/spielbericht/4736150,,
Coppa Italia,IT,Round of 16,2025-12-04,Bologna Football Club 1909,Parma Calcio 1913,2,1,2,1,,,False,2,1,False,1.0,1.0,True,Paride Tremolada,Stadio Renato Dall’Ara,15301.0,Vincenzo Italiano,Carlos Cuesta,4-2-3-1,3-5-2 flat,4736143,CIT,1025,130,player-scores,https://www.transfermarkt.co.uk/spielbericht/index/spielbericht/4736143,,
Coppa Italia,IT,Round of 16,2025-12-04,Società Sportiva Lazio S.p.A.,AC Milan,1,0,1,0,,,False,1,0,False,1.0,1.0,True,Marco Guida,Olimpico di Roma,45436.0,Maurizio Sarri,Massimiliano Allegri,4-3-3 Attacking,3-5-2 flat,4736144,CIT,398,5,player-scores,https://www.transfermarkt.co.uk/spielbericht/index/spielbericht/4736144,,
Coppa Italia,IT,Round of 16,2026-01-13,Associazione Sportiva Roma,Torino FC,2,3,2,3,,,False,2,3,False,1.0,1.0,True,Kevin Bonacina,Olimpico di Roma,60538.0,Gian Piero Gasperini,Marco Baroni,3-4-3,3-5-2 flat,4736148,CIT,12,416,player-scores,https://www.transfermarkt.co.uk/spielbericht/index/spielbericht/4736148,,
Coppa Italia,IT,Round of 16,2026-01-27,ACF Fiorentina,Como 1907,1,3,1,3,,,False,1,3,False,1.0,1.0,True,Giovanni Ayroldi,Artemio Franchi,10472.0,Paolo Vanoli,Cesc Fàbregas,4-3-3 Attacking,4-2-3-1,4736149,CIT,430,1047,player-scores,https://www.transfermarkt.co.uk/spielbericht/index/spielbericht/4736149,,
Coppa Italia,IT,Quarter-Finals,2026-02-04,Inter Milan,Torino FC,2,1,2,1,,,False,2,1,False,1.0,1.0,True,Matteo Marchetti,Brianteo,12038.0,Cristian Chivu,Marco Baroni,3-5-2 flat,3-5-2 flat,4785786,CIT,46,416,player-scores,https://www.transfermarkt.co.uk/spielbericht/index/spielbericht/4785786,,
Coppa Italia,IT,Quarter-Finals,2026-02-05,Atalanta BC,Juventus FC,3,0,3,0,,,False,3,0,False,1.0,1.0,True,Michael Fabbri,New Balance Arena - Bergamo,22623.0,Raffaele Palladino,Luciano Spalletti,3-4-2-1,4-2-3-1,4785785,CIT,800,506,player-scores,https://www.transfermarkt.co.uk/spielbericht/index/spielbericht/4785785,,
Coppa Italia,IT,Quarter-Finals,2026-02-10,SSC Napoli,Como 1907,1,1,1,1,6.0,7.0,False,7,8,False,1.0,1.0,True,Gianluca Manganiello,Diego Armando Maradona,50000.0,Antonio Conte,Cesc Fàbregas,3-4-2-1,4-2-3-1,4785787,CIT,6195,1047,player-scores,https://www.transfermarkt.co.uk/spielbericht/index/spielbericht/4785787,,
Coppa Italia,IT,Quarter-Finals,2026-02-11,Bologna Football Club 1909,Società Sportiva Lazio S.p.A.,1,1,1,1,1.0,4.0,False,2,5,False,1.0,1.0,True,Daniele Chiffi,Stadio Renato Dall’Ara,17249.0,Vincenzo Italiano,Maurizio Sarri,4-2-3-1,4-3-3 Attacking,4785784,CIT,1025,398,player-scores,https://www.transfermarkt.co.uk/spielbericht/index/spielbericht/4785784,,
Coppa Italia,IT,Semi-Finals 1st Leg,2026-03-03,Como 1907,Inter Milan,0,0,0,0,,,False,0,0,False,1.0,1.0,True,Marco Di Bello,Giuseppe Sinigaglia,10324.0,Cesc Fàbregas,Cristian Chivu,4-2-3-1,3-4-2-1,4824553,CIT,1047,46,player-scores,https://www.transfermarkt.co.uk/spielbericht/index/spielbericht/4824553,,
Coppa Italia,IT,Semi-Finals 1st Leg,2026-03-04,Società Sportiva Lazio S.p.A.,Atalanta BC,2,2,2,2,,,False,2,2,False,1.0,1.0,True,Gianluca Manganiello,Olimpico di Roma,5000.0,Maurizio Sarri,Raffaele Palladino,4-3-3 Attacking,3-4-2-1,4824554,CIT,398,800,player-scores,https://www.transfermarkt.co.uk/spielbericht/index/spielbericht/4824554,,
Coppa Italia,IT,Semi-Finals 2nd Leg,2026-04-21,Inter Milan,Como 1907,3,2,3,2,,,False,3,2,False,1.0,1.0,True,Simone Sozza,Giuseppe Meazza,73255.0,Cristian Chivu,Cesc Fàbregas,3-5-2 flat,3-4-2-1,4824555,CIT,46,1047,player-scores,https://www.transfermarkt.co.uk/spielbericht/index/spielbericht/4824555,,
Coppa Italia,IT,Semi-Finals 2nd Leg,2026-04-22,Atalanta BC,Società Sportiva Lazio S.p.A.,1,1,1,1,1.0,2.0,False,2,3,False,1.0,1.0,True,Andrea Colombo,New Balance Arena - Bergamo,21915.0,Raffaele Palladino,Maurizio Sarri,3-4-2-1,4-3-3 Attacking,4824556,CIT,800,398,player-scores,https://www.transfermarkt.co.uk/spielbericht/index/spielbericht/4824556,,
Coppa Italia,IT,Final,2026-05-13,Lazio,Internazionale,,,0,2,,,,0,2,False,1.0,1.0,True,Marco Guida,Stadio Olimpico,68729,,,,,,CIT,,,wikipedia-en,,,
Coupe de France,FR,7° turno,2025-11-14,AS Cannes,FC Annecy,,,1,2,,,,1,2,False,4.0,2.0,True,,"Stade Pierre de Coubertin, Cannes",,,,,,,CDF,,,wikipedia-fr,,N2,L2
Coupe de France,FR,7° turno,2025-11-14,Olympique de Villefontaine,Grenoble Foot 38,,,0,3,,,,0,3,False,7.0,2.0,True,,"Stade de Chantereine , Bourgoin-Jallieu",,,,,,,CDF,,,wikipedia-fr,,R2,L2
Coupe de France,FR,7° turno,2025-11-15,AA Lapalisse,Stade poitevin FC,,,1,2,,,,1,2,False,7.0,4.0,True,,"Stade Abel Chervier, Saint-Prix",,,,,,,CDF,,,wikipedia-fr,,R2,N2
Coupe de France,FR,7° turno,2025-11-15,AC Cambrai,Entente Feignies Aulnoye,,,0,4,,,,0,4,False,6.0,4.0,True,,"Stade de la Liberté, Cambrai",,,,,,,CDF,,,wikipedia-fr,,R1,N2
Coupe de France,FR,7° turno,2025-11-15,AC Seyssinet,SC Aubagne Air-Bel,,,0,0,4.0,3.0,,0,0,False,5.0,3.0,True,,"Stade Joseph Guétat, Seyssinet-Pariset",,,,,,,CDF,,,wikipedia-fr,,N3,N1
Coupe de France,FR,7° turno,2025-11-15,AF Biars-Bretenoux,LB Châteauroux,,,0,2,,,,0,2,False,6.0,3.0,True,,"Stade municipal, Biars-sur-Cère",,,,,,,CDF,,,wikipedia-fr,,R1,N1
Coupe de France,FR,7° turno,2025-11-15,APM Metz FC,FC Fleury 91,,,2,2,5.0,4.0,,2,2,False,6.0,3.0,True,,"Stade Emile Weinberg, Metz",,,,,,,CDF,,,wikipedia-fr,,R1,N1
Coupe de France,FR,7° turno,2025-11-15,AS Gouzon,US Chauvigny,,,1,5,,,,1,5,False,7.0,5.0,True,,"Stade des Chaussades, Gouzon",,,,,,,CDF,,,wikipedia-fr,,R2,N3
Coupe de France,FR,7° turno,2025-11-15,AS Magenta,FC Mulhouse,,,0,3,,,,0,3,False,,5.0,True,,"Stade Numa-Daly, Nouméa",,,,,,,CDF,,,wikipedia-fr,,[[Championnat de Nouvelle-Calédonie de football|Super Ligue]],N3
Coupe de France,FR,7° turno,2025-11-15,AS Montréal-la Cluse,FC Chalon,,,0,3,,,,0,3,False,8.0,5.0,True,,"Stade Orindis, Montréal-la-Cluse",,,,,,,CDF,,,wikipedia-fr,,R3,N3
Coupe de France,FR,7° turno,2025-11-15,AS Quetigny,AS Saint-Étienne,,,1,3,,,,1,3,False,7.0,2.0,True,,"Stade Gaston-Gérard ,Dijon",,,,,,,CDF,,,wikipedia-fr,,R2,L2
Coupe de France,FR,7° turno,2025-11-15,AS Steenvoorde,FC Chambly,,,1,1,4.0,2.0,,1,1,False,6.0,4.0,True,,"Stade municipal, Steenvoorde",,,,,,,CDF,,,wikipedia-fr,,R1,N2
Coupe de France,FR,7° turno,2025-11-15,ASPTT Dijon,Le Puy Foot 43,,,0,1,,,,0,1,False,5.0,3.0,True,,"L’Astragale, Dijon",,,,,,,CDF,,,wikipedia-fr,,N3,N1
Coupe de France,FR,7° turno,2025-11-15,Andrézieux-Bouthéon FC,Hauts Lyonnais,,,1,1,3.0,4.0,,1,1,False,4.0,5.0,True,,"Envol Stadium, Andrézieux-Bouthéon",,,,,,,CDF,,,wikipedia-fr,,N2,N3
Coupe de France,FR,7° turno,2025-11-15,Auch Football,Canet Roussillon FC,,,1,4,,,,1,4,False,7.0,5.0,True,,"Stade Eric Carrière, Auch",,,,,,,CDF,,,wikipedia-fr,,R2,N3
Coupe de France,FR,7° turno,2025-11-15,Bayeux FC,SM Caen,,,3,2,,,,3,2,False,6.0,3.0,True,,"Stade Henry Jeanne, Bayeux",,,,,,,CDF,,,wikipedia-fr,,R1,N1
Coupe de France,FR,7° turno,2025-11-15,CA Pontarlier,FC Sochaux-Montbéliard,,,2,2,5.0,6.0,,2,2,False,5.0,3.0,True,,"Stade Paul Robbe, Pontarlier",,,,,,,CDF,,,wikipedia-fr,,N3,N1
Coupe de France,FR,7° turno,2025-11-15,CMS Oissel,Quevilly Rouen Métropole,,,2,2,5.0,4.0,,2,2,False,5.0,3.0,True,,"Stade Marcel Billard, Oissel",,,,,,,CDF,,,wikipedia-fr,,N3,N1
Coupe de France,FR,7° turno,2025-11-15,CS moulien,AS Le Gosier,,,2,3,,,,2,3,False,6.0,6.0,True,,"Stade Jacques Ponrémy, Le Moule",,,,,,,CDF,,,wikipedia-fr,,R1,R1
Coupe de France,FR,7° turno,2025-11-15,Carnoux FC,AS Pirae,,,5,1,,,,5,1,False,5.0,,True,,"Stade Marcel Cerdan, Carnoux-en-Provence",,,,,,,CDF,,,wikipedia-fr,,N3,[[Championnat de Polynésie française de football|Tahiti Ligue 1]]
Coupe de France,FR,7° turno,2025-11-15,Espoir de Sainte-Luce,Eveil des Trois-Ilets,,,0,0,5.0,4.0,,0,0,False,6.0,7.0,True,,"Stade Pierre-Aliker, Fort-de-France",,,,,,,CDF,,,wikipedia-fr,,R1,R2
Coupe de France,FR,7° turno,2025-11-15,FC 2 Rives 82,AS Mazères-Uzos-Rontignon,,,0,1,,,,0,1,False,6.0,6.0,True,,"Stade Paul Lafont, Golfech",,,,,,,CDF,,,wikipedia-fr,,R1,R1
Coupe de France,FR,7° turno,2025-11-15,FC Challans,GSI Pontivy,,,0,2,,,,0,2,False,5.0,5.0,True,,"Stade Jean Léveillé, Challans",,,,,,,CDF,,,wikipedia-fr,,N3,N3
Coupe de France,FR,7° turno,2025-11-15,FC Loon-Plage,Stade béthunois FC,,,1,1,5.0,6.0,,1,1,False,7.0,6.0,True,,"Stade Marcel Rosseel, Loon-Plage",,,,,,,CDF,,,wikipedia-fr,,R2,R1
Coupe de France,FR,7° turno,2025-11-15,FC Montceau Bourgogne,L'Etrat La Tour Sportif,,,2,1,,,,2,1,False,6.0,7.0,True,,"Stade des Alouettes, Montceau-les-Mines",,,,,,,CDF,,,wikipedia-fr,,R1,R2
Coupe de France,FR,7° turno,2025-11-15,FC Rhone Vallées,RC Pays de Grasse,,,1,1,4.0,3.0,,1,1,False,6.0,4.0,True,,"Stade Emile Dupau, Le Pouzin",,,,,,,CDF,,,wikipedia-fr,,R1,N2
Coupe de France,FR,7° turno,2025-11-15,FC Villars l'Isle SMB,US Sarre-Union,,,1,1,3.0,4.0,,1,1,False,7.0,6.0,True,,"Stade des Lumes, L'Isle-sur-le-Doubs",,,,,,,CDF,,,wikipedia-fr,,R2,R1
Coupe de France,FR,7° turno,2025-11-15,France d’Aizenay,ESTAC Troyes,,,0,3,,,,0,3,False,6.0,2.0,True,,"Stade municipal, Aizenay",,,,,,,CDF,,,wikipedia-fr,,R1,L2
Coupe de France,FR,7° turno,2025-11-15,IC Croix,Racing CFF,,,2,2,7.0,6.0,,2,2,False,5.0,5.0,True,,"Stade Henri Seigneur, Croix",,,,,,,CDF,,,wikipedia-fr,,N3,N3
Coupe de France,FR,7° turno,2025-11-15,Lavaur FC,Rodez AF,,,1,3,,,,1,3,False,7.0,2.0,True,,"Stade Maurice-Rigaud , Albi",,,,,,,CDF,,,wikipedia-fr,,R2,L2
Coupe de France,FR,7° turno,2025-11-15,Le Cellier Mauves FC,Stade lavallois,,,0,6,,,,0,6,False,8.0,2.0,True,,"Stade de la Davrays , Ancenis-Saint-Géréon",,,,,,,CDF,,,wikipedia-fr,,R3,L2
Coupe de France,FR,7° turno,2025-11-15,Les Bleuets Football,US Concarneau,,,0,3,,,,0,3,False,8.0,3.0,True,,"Stade municipal , Vitré",,,,,,,CDF,,,wikipedia-fr,,R3,N1
Coupe de France,FR,7° turno,2025-11-15,L’Union Saint-Jean FC,Angoulême Charente FC,,,1,0,,,,1,0,False,6.0,4.0,True,,"Stade Georges Beyney, L'Union",,,,,,,CDF,,,wikipedia-fr,,R1,N2
Coupe de France,FR,7° turno,2025-11-15,Montpellier Atlas Paillade,Bourg-Péronnas 01,,,0,2,,,,0,2,False,6.0,3.0,True,,"Stade de la Mosson , Montpellier",,,,,,,CDF,,,wikipedia-fr,,R1,N1
Coupe de France,FR,7° turno,2025-11-15,Montreuil FC,Bandrélé FC,,,1,0,,,,1,0,False,6.0,,True,,"Stade Auguste Delaune , Bobigny",,,,,,,CDF,,,wikipedia-fr,,R1,[[Championnat de Mayotte de football|R1 Mayotte]]
Coupe de France,FR,7° turno,2025-11-15,Olympique CPAM,Stade de Reims,,,0,1,,,,0,1,False,5.0,2.0,True,,"Stade du Petit Bois, Charleville-Mézières",,,,,,,CDF,,,wikipedia-fr,,N3,L2
Coupe de France,FR,7° turno,2025-11-15,Orvault SF,VHF Les Herbiers,,,1,3,,,,1,3,False,6.0,4.0,True,,"Stade de Gagne, Orvault",,,,,,,CDF,,,wikipedia-fr,,R1,N2
Coupe de France,FR,7° turno,2025-11-15,Racing Besançon,US Thionville Lusitanos,,,4,0,,,,4,0,False,5.0,4.0,True,,"Stade Léo-Lagrange, Besançon",,,,,,,CDF,,,wikipedia-fr,,N3,N2
Coupe de France,FR,7° turno,2025-11-15,SC Locminé,EA Guingamp,,,1,2,,,,1,2,False,4.0,2.0,True,,"Stade du Pigeon Blanc, Locminé",,,,,,,CDF,,,wikipedia-fr,,N2,L2
Coupe de France,FR,7° turno,2025-11-15,SS Allinges,Istres FC,,,1,2,,,,1,2,False,9.0,4.0,True,,"Stade Joseph-Moynat , Thonon-les-Bains",,,,,,,CDF,,,wikipedia-fr,,D1,N2
Coupe de France,FR,7° turno,2025-11-15,Sablé FC,US Saint-Malo,,,0,0,2.0,4.0,,0,0,False,6.0,4.0,True,,"Stade Rémy Lambert, Sablé-sur-Sarthe",,,,,,,CDF,,,wikipedia-fr,,R1,N2
Coupe de France,FR,7° turno,2025-11-15,Sarreguemines FC,AS Furiani-Agliani,,,5,3,,,,5,3,False,6.0,4.0,True,,"Stade de la Blies, Sarreguemines",,,,,,,CDF,,,wikipedia-fr,,R1,N2
Coupe de France,FR,7° turno,2025-11-15,Seignosse CS FC,FC Marmande 47,,,2,3,,,,2,3,False,7.0,6.0,True,,"Plaine de Sports , Saint-Paul-lès-Dax",,,,,,,CDF,,,wikipedia-fr,,R2,R1
Coupe de France,FR,7° turno,2025-11-15,Stade Quimperlois,Ancienne Château-Gontier,,,0,9,,,,0,9,False,8.0,6.0,True,,"Stade Jean-Charter, Quimperlé",,,,,,,CDF,,,wikipedia-fr,,R3,R1
Coupe de France,FR,7° turno,2025-11-15,Strasbourg FCOSK,ASC Biesheim,,,2,3,,,,2,3,False,6.0,4.0,True,,"Stade Émile-Stahl, Strasbourg",,,,,,,CDF,,,wikipedia-fr,,R1,N2
Coupe de France,FR,7° turno,2025-11-15,Trélissac APFC,Pau FC,,,0,2,,,,0,2,False,6.0,2.0,True,,"Stade Firmin Daudou, Trélissac",,,,,,,CDF,,,wikipedia-fr,,R1,L2
Coupe de France,FR,7° turno,2025-11-15,UES Montmorillon,SC Beaucouzé,,,0,1,,,,0,1,False,7.0,6.0,True,,"Stade Jean Ranger, Montmorillon",,,,,,,CDF,,,wikipedia-fr,,R2,R1
Coupe de France,FR,7° turno,2025-11-15,US Auby,Amiens SC,,,0,3,,,,0,3,False,9.0,2.0,True,,"Stade Demeny , Douai",,,,,,,CDF,,,wikipedia-fr,,D1,L2
Coupe de France,FR,7° turno,2025-11-15,US Avranches,Paris 13 Atletico,,,0,0,5.0,3.0,,0,0,False,4.0,3.0,True,,"Stade René-Fenouillère, Avranches",,,,,,,CDF,,,wikipedia-fr,,N2,N1
Coupe de France,FR,7° turno,2025-11-15,US Château-Malo,SC Bastia,,,0,6,,,,0,6,False,8.0,2.0,True,,"Stade de Marville , Saint-Malo",,,,,,,CDF,,,wikipedia-fr,,R3,L2
Coupe de France,FR,7° turno,2025-11-15,US Granville,Dinan Léhon FC,,,3,1,,,,3,1,False,4.0,4.0,True,,"Stade Louis-Dior, Granville",,,,,,,CDF,,,wikipedia-fr,,N2,N2
Coupe de France,FR,7° turno,2025-11-15,US Ivry Football,Le Mans FC,,,1,1,2.0,4.0,,1,1,False,5.0,2.0,True,,"Stade Edouard Clerville, Ivry-sur-Seine",,,,,,,CDF,,,wikipedia-fr,,N3,L2
Coupe de France,FR,7° turno,2025-11-15,US Orléans,Aviron bayonnais FC,,,3,0,,,,3,0,False,3.0,4.0,True,,"Stade de la Source, Orléans",,,,,,,CDF,,,wikipedia-fr,,N1,N2
Coupe de France,FR,7° turno,2025-11-15,US Prémontré Saint-Gobain,US Chantilly,,,0,3,,,,0,3,False,8.0,4.0,True,,"Stade Joncourt , Chauny",,,,,,,CDF,,,wikipedia-fr,,R3,N2
Coupe de France,FR,7° turno,2025-11-15,Vendée Fontenay Foot,FC Chamalières,,,0,0,4.0,3.0,,0,0,False,5.0,5.0,True,,"Stade Emmanuel-Murzeau, Fontenay-le-Comte",,,,,,,CDF,,,wikipedia-fr,,N3,N3
Coupe de France,FR,7° turno,2025-11-15,Yvetot AC,ASPTT Caen,,,2,1,,,,2,1,False,6.0,6.0,True,,"Stade municipal, Yvetot",,,,,,,CDF,,,wikipedia-fr,,R1,R1
Coupe de France,FR,7° turno,2025-11-15,Étoile de Matoury,Le Geldar de Kourou,,,1,1,2.0,3.0,,1,1,False,6.0,6.0,True,,"Stade Edmard Lama, Remire-Montjoly",,,,,,,CDF,,,wikipedia-fr,,R1,R1
Coupe de France,FR,7° turno,2025-11-16,AS Nancy-Lorraine,GSA Tomblaine,,,5,0,,,,5,0,False,2.0,8.0,True,,"Stade Marcel-Picot , Tomblaine",,,,,,,CDF,,,wikipedia-fr,,L2,R3
Coupe de France,FR,7° turno,2025-11-16,AS Saint-Brice Courcelles,FC Bogny-sur-Meuse,,,1,1,2.0,3.0,,1,1,False,7.0,6.0,True,,"Stade des Bords de Vesle, Saint-Brice-Courcelles",,,,,,,CDF,,,wikipedia-fr,,R2,R1
Coupe de France,FR,7° turno,2025-11-16,AS Savigneux Montbrison,US Feurs,,,3,5,,,,3,5,False,8.0,5.0,True,,"Stade Irénée Laurent , Veauche",,,,,,,CDF,,,wikipedia-fr,,R3,N3
Coupe de France,FR,7° turno,2025-11-16,AS Vitré,AG Plouvorn,,,1,1,2.0,4.0,,1,1,False,5.0,6.0,True,,"Stade municipal, Vitré",,,,,,,CDF,,,wikipedia-fr,,N3,R1
Coupe de France,FR,7° turno,2025-11-16,Association Still Mutzig,US Raon-l'Étape,,,0,3,,,,0,3,False,6.0,6.0,True,,"Stade Roger Leissner, Mutzig",,,,,,,CDF,,,wikipedia-fr,,R1,R1
Coupe de France,FR,7° turno,2025-11-16,Atom Sports Pierrelatte,Lyon-La Duchère,,,0,2,,,,0,2,False,8.0,5.0,True,,"Stade Gustave Jaume, Pierrelatte",,,,,,,CDF,,,wikipedia-fr,,R3,N3
Coupe de France,FR,7° turno,2025-11-16,Beaumont SA,FCM Aubervilliers,,,4,7,,,,4,7,False,7.0,5.0,True,,"Stade des Voves, Beaumont-sur-Sarthe",,,,,,,CDF,,,wikipedia-fr,,R2,N3
Coupe de France,FR,7° turno,2025-11-16,Blois Football 41,Clermont Foot 63,,,1,1,7.0,6.0,,1,1,False,4.0,2.0,True,,"Stade des Allées Jean Leroi, Blois",,,,,,,CDF,,,wikipedia-fr,,N2,L2
Coupe de France,FR,7° turno,2025-11-16,CS Avion,US Torcy,,,0,2,,,,0,2,False,7.0,5.0,True,,"Stade François Blin, Avion",,,,,,,CDF,,,wikipedia-fr,,R2,N3
Coupe de France,FR,7° turno,2025-11-16,CS Plédran,Stade plabennécois,,,0,2,,,,0,2,False,8.0,6.0,True,,"Stade Horizon, Plédran",,,,,,,CDF,,,wikipedia-fr,,R3,R1
Coupe de France,FR,7° turno,2025-11-16,Cormontreuil FC,FCP Portugais Amiens,,,5,2,,,,5,2,False,6.0,7.0,True,,"Stade Arlette Baudet, Cormontreuil",,,,,,,CDF,,,wikipedia-fr,,R1,R2
Coupe de France,FR,7° turno,2025-11-16,EA Saint-Renan,Stade briochin,,,0,4,,,,0,4,False,6.0,3.0,True,,"Stade Abbé le Gall, Saint-Renan",,,,,,,CDF,,,wikipedia-fr,,R1,N1
Coupe de France,FR,7° turno,2025-11-16,ES Capelle Grande,SC Abbeville,,,2,3,,,,2,3,False,9.0,7.0,True,,"Stade Roger Gouvart, Cappelle-la-Grande",,,,,,,CDF,,,wikipedia-fr,,D1,R2
Coupe de France,FR,7° turno,2025-11-16,Entente Boé Bon-Encontre,FC Girondins de Bordeaux,,,0,1,,,,0,1,False,6.0,4.0,True,,"Stade de Cancelles, Boé",,,,,,,CDF,,,wikipedia-fr,,R1,N2
Coupe de France,FR,7° turno,2025-11-16,Entente Nord Lozère,US Écotay-Moingt,,,4,4,3.0,4.0,,4,4,False,7.0,8.0,True,,"Stade de la Baïsse, Saint-Alban-sur-Limagnole",,,,,,,CDF,,,wikipedia-fr,,R2,R3
Coupe de France,FR,7° turno,2025-11-16,Etoile de Bobigny,Amicale Villeneuve-Garenne,,,1,1,4.0,5.0,,1,1,False,9.0,7.0,True,,"Stade Auguste Delaune , Bobigny",,,,,,,CDF,,,wikipedia-fr,,D1,R2
Coupe de France,FR,7° turno,2025-11-16,FC Bassin Arcachon,Blagnac FC,,,4,1,,,,4,1,False,5.0,5.0,True,,"Stade Jean Brousse, Arcachon",,,,,,,CDF,,,wikipedia-fr,,N3,N3
Coupe de France,FR,7° turno,2025-11-16,FC Pen Hir Camaret,Les Sables VF,,,1,1,7.0,8.0,,1,1,False,8.0,5.0,True,,"Stade René Heise, Camaret-sur-Mer",,,,,,,CDF,,,wikipedia-fr,,R3,N3
Coupe de France,FR,7° turno,2025-11-16,FC Saint-Cyr Collonges,Thonon Évian GG FC,,,0,0,4.0,2.0,,0,0,False,6.0,5.0,True,,"Stade des Combes, Saint-Cyr-au-Mont-d'Or",,,,,,,CDF,,,wikipedia-fr,,R1,N3
Coupe de France,FR,7° turno,2025-11-16,FC Saint-Meziéry,FC Périgny,,,1,1,2.0,4.0,,1,1,False,6.0,6.0,True,,"Parc des Sports Hubert Clercy, Saint-Mesmin",,,,,,,CDF,,,wikipedia-fr,,R1,R1
Coupe de France,FR,7° turno,2025-11-16,JA Drancy,AS Beauvais Oise,,,0,0,3.0,4.0,,0,0,False,5.0,4.0,True,,"Stade Charles Sage, Drancy",,,,,,,CDF,,,wikipedia-fr,,N3,N2
Coupe de France,FR,7° turno,2025-11-16,JS Longuenesse,FC Bondues,,,1,2,,,,1,2,False,7.0,6.0,True,,"Stade Gaston Bonnet , Saint-Omer",,,,,,,CDF,,,wikipedia-fr,,R2,R1
Coupe de France,FR,7° turno,2025-11-16,Olympique marcquois,OS Aire-sur-la-Lys,,,5,0,,,,5,0,False,6.0,7.0,True,,"Stade Georges Niquet, Marcq-en-Barœul",,,,,,,CDF,,,wikipedia-fr,,R1,R2
Coupe de France,FR,7° turno,2025-11-16,RCO Agde,Montpellier HSC,,,0,2,,,,0,2,False,5.0,2.0,True,,"Stade Louis-Sanguin, Agde",,,,,,,CDF,,,wikipedia-fr,,N3,L2
Coupe de France,FR,7° turno,2025-11-16,Reims Sainte-Anne,GFC Ajaccio,,,2,1,,,,2,1,False,7.0,5.0,True,,"Stade Robert Pirès, Cormontreuil",,,,,,,CDF,,,wikipedia-fr,,R2,N3
Coupe de France,FR,7° turno,2025-11-16,SA Mérignac,US Colomiers,,,0,0,6.0,5.0,,0,0,False,6.0,5.0,True,,"Stade du Jard, Mérignac",,,,,,,CDF,,,wikipedia-fr,,R1,N3
Coupe de France,FR,7° turno,2025-11-16,Saint-Amand FC,FC Dieppe,,,0,3,,,,0,3,False,6.0,4.0,True,,"Stade municipal, Saint-Amand-les-Eaux",,,,,,,CDF,,,wikipedia-fr,,R1,N2
Coupe de France,FR,7° turno,2025-11-16,Saint-Pauloise FC,ES Dominicaine,,,1,0,,,,1,0,False,6.0,6.0,True,,"Stade Jean-Ivoula, Saint-Denis",,,,,,,CDF,,,wikipedia-fr,,R1,R1
Coupe de France,FR,7° turno,2025-11-16,UF Touraine,RC Epernay,,,1,1,4.0,3.0,,1,1,False,5.0,6.0,True,,Complexe Sportif de la Haye Ballan-Miré,,,,,,,CDF,,,wikipedia-fr,,N3,R1
Coupe de France,FR,7° turno,2025-11-16,US Boulogne Côte d'Opale,USL Dunkerque,,,2,2,3.0,5.0,,2,2,False,2.0,2.0,True,,"Stade de la Libération, Boulogne-sur-Mer",,,,,,,CDF,,,wikipedia-fr,,L2,L2
Coupe de France,FR,7° turno,2025-11-16,US Camon,US Lusitanos Saint-Maur,,,0,7,,,,0,7,False,6.0,4.0,True,,"Stade Lucien Jovelin, Camon",,,,,,,CDF,,,wikipedia-fr,,R1,N2
Coupe de France,FR,7° turno,2025-11-16,US Forbach,Red Star FC,,,0,2,,,,0,2,False,6.0,2.0,True,,"Stade du Schlossberg, Forbach",,,,,,,CDF,,,wikipedia-fr,,R1,L2
Coupe de France,FR,7° turno,2025-11-16,US Le Poinçonnet,SO Romorantin,,,0,2,,,,0,2,False,8.0,5.0,True,,"Stade Jean Delaveau, Le Poinçonnet",,,,,,,CDF,,,wikipedia-fr,,R3,N3
Coupe de France,FR,7° turno,2025-11-16,US Mauguio Carnon,Is-Selongey Football,,,0,0,2.0,4.0,,0,0,False,8.0,6.0,True,,"Stade Jules Rimet , Sussargues",,,,,,,CDF,,,wikipedia-fr,,R3,R1
Coupe de France,FR,7° turno,2025-11-16,US Wittenheim,FC Freyming,,,2,2,2.0,3.0,,2,2,False,7.0,7.0,True,,"Stade Pierre Coubertin, Wittenheim",,,,,,,CDF,,,wikipedia-fr,,R2,R2
Coupe de France,FR,8° turno,2025-11-28,FC Annecy,Grenoble Foot 38,,,1,2,,,,1,2,False,2.0,2.0,True,,"Parc des Sports d'Annecy, Annecy",,,,,,,CDF,,,wikipedia-fr,,L2,L2
Coupe de France,FR,8° turno,2025-11-28,Sarreguemines FC,AS Nancy-Lorraine,,,3,4,,,,3,4,False,6.0,2.0,True,,"Stade de la Blies, Sarreguemines",,,,,,,CDF,,,wikipedia-fr,,R1,L2
Coupe de France,FR,8° turno,2025-11-28,US Concarneau,Stade briochin,,,1,0,,,,1,0,False,3.0,3.0,True,,"Stade Guy-Piriou , Concarneau",,,,,,,CDF,,,wikipedia-fr,,N1,N1
Coupe de France,FR,8° turno,2025-11-29,AC Seyssinet,Istres FC,,,0,2,,,,0,2,False,5.0,4.0,True,,"Stade Joseph Guétat, Seyssinet-Pariset",,,,,,,CDF,,,wikipedia-fr,,N3,N2
Coupe de France,FR,8° turno,2025-11-29,APM Metz FC,Entente Feignies Aulnoye,,,0,2,,,,0,2,False,6.0,4.0,True,,"Stade Emile Weinberg, Metz",,,,,,,CDF,,,wikipedia-fr,,R1,N2
Coupe de France,FR,8° turno,2025-11-29,AS Beauvais Oise,FC Dieppe,,,1,2,,,,1,2,False,4.0,4.0,True,,"Stade Pierre-Brisson, Beauvais",,,,,,,CDF,,,wikipedia-fr,,N2,N2
Coupe de France,FR,8° turno,2025-11-29,AS Le Gosier,CMS Oissel,,,2,2,4.0,2.0,,2,2,False,,5.0,True,,"Stade Roger Zami, Le Gosier",,,,,,,CDF,,,wikipedia-fr,,[[Championnat de Guadeloupe de football|Guadeloupe]],N3
Coupe de France,FR,8° turno,2025-11-29,AS Mazères-Uzos-Rontignon,FC Girondins de Bordeaux,,,3,4,,,,3,4,False,6.0,4.0,True,,"Nouste Camp , Bizanos",,,,,,,CDF,,,wikipedia-fr,,R1,N2
Coupe de France,FR,8° turno,2025-11-29,AS Saint-Étienne,US Écotay-Moingt,,,11,1,,,,11,1,False,2.0,8.0,True,,"Stade Geoffroy-Guichard , Saint-Étienne",,,,,,,CDF,,,wikipedia-fr,,L2,R3
Coupe de France,FR,8° turno,2025-11-29,AS Steenvoorde,Stade béthunois FC,,,0,0,20.0,21.0,,0,0,False,6.0,6.0,True,,"Stade municipal, Steenvoorde",,,,,,,CDF,,,wikipedia-fr,,R1,R1
Coupe de France,FR,8° turno,2025-11-29,ASC Biesheim,Red Star FC,,,1,1,9.0,8.0,,1,1,False,4.0,2.0,True,,"Stade municipal, Biesheim",,,,,,,CDF,,,wikipedia-fr,,N2,L2
Coupe de France,FR,8° turno,2025-11-29,Amicale Villeneuve-Garenne,Le Mans FC,,,2,2,2.0,4.0,,2,2,False,7.0,2.0,True,,"Stade Michel-Hidalgo , Sannois",,,,,,,CDF,,,wikipedia-fr,,R2,L2
Coupe de France,FR,8° turno,2025-11-29,Ancienne de Château-Gontier,EA Guingamp,,,0,4,,,,0,4,False,6.0,2.0,True,,"Stade du Pavé, Château-Gontier-sur-Mayenne",,,,,,,CDF,,,wikipedia-fr,,R1,L2
Coupe de France,FR,8° turno,2025-11-29,Canet Roussillon FC,Rodez AF,,,1,0,,,,1,0,False,5.0,2.0,True,,"Stade Saint-Michel, Canet-en-Roussillon",,,,,,,CDF,,,wikipedia-fr,,N3,L2
Coupe de France,FR,8° turno,2025-11-29,Espoir de Sainte-Luce,GSI Pontivy,,,0,4,,,,0,4,False,,5.0,True,,"Stade Pierre-Aliker , Fort-de-France",,,,,,,CDF,,,wikipedia-fr,,[[Championnat de la Martinique de football|Martinique]],N3
Coupe de France,FR,8° turno,2025-11-29,FC Bogny-sur-Meuse,US Lusitanos Saint-Maur,,,0,3,,,,0,3,False,6.0,4.0,True,,"Stade Pierre Malicet, Bogny-sur-Meuse",,,,,,,CDF,,,wikipedia-fr,,R1,N2
Coupe de France,FR,8° turno,2025-11-29,FC Chalon,Le Puy Foot 43,,,0,1,,,,0,1,False,5.0,3.0,True,,"Stade Léo-Lagrange, Chalon-sur-Saône",,,,,,,CDF,,,wikipedia-fr,,N3,N1
Coupe de France,FR,8° turno,2025-11-29,FC Freyming,Racing Besançon,,,1,0,,,,1,0,False,7.0,5.0,True,,"Stade Pierre Potier, Freyming-Merlebach",,,,,,,CDF,,,wikipedia-fr,,R2,N3
Coupe de France,FR,8° turno,2025-11-29,FC Marmande 47,FC Bassin Arcachon,,,0,0,1.0,4.0,,0,0,False,6.0,5.0,True,,"Stade Michelon, Marmande",,,,,,,CDF,,,wikipedia-fr,,R1,N3
Coupe de France,FR,8° turno,2025-11-29,FC Montceau Bourgogne,Montpellier HSC,,,0,2,,,,0,2,False,6.0,2.0,True,,"Stade des Alouettes, Montceau-les-Mines",,,,,,,CDF,,,wikipedia-fr,,R1,L2
Coupe de France,FR,8° turno,2025-11-29,FC Périgny,SC Beaucouzé,,,3,1,,,,3,1,False,6.0,6.0,True,,"Stade municipal, Périgny",,,,,,,CDF,,,wikipedia-fr,,R1,R1
Coupe de France,FR,8° turno,2025-11-29,Hauts Lyonnais,US Feurs,,,1,1,4.0,2.0,,1,1,False,5.0,5.0,True,,"Stade Thomas Granjon, Saint-Symphorien-sur-Coise",,,,,,,CDF,,,wikipedia-fr,,N3,N3
Coupe de France,FR,8° turno,2025-11-29,IC Croix,Le Geldar de Kourou,,,2,1,,,,2,1,False,5.0,,True,,"Stade Henri Seigneur, Croix",,,,,,,CDF,,,wikipedia-fr,,N3,[[Championnat de Guyane de football|Guyane]]
Coupe de France,FR,8° turno,2025-11-29,Is-Selongey Football,Bourg-Péronnas 01,,,2,3,,,,2,3,False,6.0,3.0,True,,"Stade des Courvelles, Selongey",,,,,,,CDF,,,wikipedia-fr,,R1,N1
Coupe de France,FR,8° turno,2025-11-29,Lyon-La Duchère,Carnoux FC,,,3,1,,,,3,1,False,5.0,5.0,True,,"Stade de Balmont, Lyon",,,,,,,CDF,,,wikipedia-fr,,N3,N3
Coupe de France,FR,8° turno,2025-11-29,L’Union Saint-Jean FC,US Orléans,,,1,2,,,,1,2,False,6.0,3.0,True,,"Stade Georges Beyney, L'Union",,,,,,,CDF,,,wikipedia-fr,,R1,N1
Coupe de France,FR,8° turno,2025-11-29,Montreuil FC,US Granville,,,1,1,4.0,3.0,,1,1,False,6.0,4.0,True,,"Stade Auguste Delaune , Bobigny",,,,,,,CDF,,,wikipedia-fr,,R1,N2
Coupe de France,FR,8° turno,2025-11-29,Olympique marcquois,FC Bondues,,,2,0,,,,2,0,False,6.0,6.0,True,,"Stade Georges Niquet, Marcq-en-Barœul",,,,,,,CDF,,,wikipedia-fr,,R1,R1
Coupe de France,FR,8° turno,2025-11-29,Reims Sainte-Anne,Amiens SC,,,0,4,,,,0,4,False,7.0,2.0,True,,"Stade Robert Pirès, Cormontreuil",,,,,,,CDF,,,wikipedia-fr,,R2,L2
Coupe de France,FR,8° turno,2025-11-29,SA Mérignac,Pau FC,,,1,0,,,,1,0,False,6.0,2.0,True,,"Stade Robert Brettes , Mérignac",,,,,,,CDF,,,wikipedia-fr,,R1,L2
Coupe de France,FR,8° turno,2025-11-29,SC Abbeville,USL Dunkerque,,,0,5,,,,0,5,False,7.0,2.0,True,,"Stade Paul-Delique, Abbeville",,,,,,,CDF,,,wikipedia-fr,,R2,L2
Coupe de France,FR,8° turno,2025-11-29,SO Romorantin,Blois Football 41,,,2,2,6.0,7.0,,2,2,False,5.0,4.0,True,,"Stade Jules-Ladoumègue, Romorantin-Lanthenay",,,,,,,CDF,,,wikipedia-fr,,N3,N2
Coupe de France,FR,8° turno,2025-11-29,Stade lavallois,Saint-Pauloise FC,,,6,0,,,,6,0,False,2.0,,True,,"Stade Francis-Le-Basser, Laval",,,,,,,CDF,,,wikipedia-fr,,L2,[[Championnat de La Réunion de football|La Réunion]]
Coupe de France,FR,8° turno,2025-11-29,Stade plabennécois,VHF Les Herbiers,,,1,2,,,,1,2,False,6.0,4.0,True,,"Stade de Kervéguen, Plabennec",,,,,,,CDF,,,wikipedia-fr,,R1,N2
Coupe de France,FR,8° turno,2025-11-29,US Chauvigny,Stade poitevin FC,,,3,3,10.0,9.0,,3,3,False,5.0,4.0,True,,"Stade Gilbert Arnault, Chauvigny",,,,,,,CDF,,,wikipedia-fr,,N3,N2
Coupe de France,FR,8° turno,2025-11-29,US Raon-l'Étape,FC Mulhouse,,,2,2,4.0,1.0,,2,2,False,6.0,5.0,True,,"Stade Paul-Gasser, Raon-l'Étape",,,,,,,CDF,,,wikipedia-fr,,R1,N3
Coupe de France,FR,8° turno,2025-11-29,US Saint-Malo,SC Bastia,,,0,0,4.0,5.0,,0,0,False,4.0,2.0,True,,"Stade de Marville, Saint-Malo",,,,,,,CDF,,,wikipedia-fr,,N2,L2
Coupe de France,FR,8° turno,2025-11-29,US Sarre-Union,FC Sochaux-Montbéliard,,,0,6,,,,0,6,False,6.0,3.0,True,,"Stade Omnisports, Sarre-Union",,,,,,,CDF,,,wikipedia-fr,,R1,N1
Coupe de France,FR,8° turno,2025-11-29,US Torcy,Stade de Reims,,,1,5,,,,1,5,False,5.0,2.0,True,,"Stade du Frémoy, Torcy",,,,,,,CDF,,,wikipedia-fr,,N3,L2
Coupe de France,FR,8° turno,2025-11-29,Vendée Fontenay Foot,LB Châteauroux,,,4,1,,,,4,1,False,5.0,3.0,True,,"Stade Emmanuel-Murzeau, Fontenay-le-Comte",,,,,,,CDF,,,wikipedia-fr,,N3,N1
Coupe de France,FR,8° turno,2025-11-29,Yvetot AC,Bayeux FC,,,0,1,,,,0,1,False,6.0,6.0,True,,"Stade municipal, Yvetot",,,,,,,CDF,,,wikipedia-fr,,R1,R1
Coupe de France,FR,8° turno,2025-11-30,Cormontreuil FC,US Chantilly,,,1,2,,,,1,2,False,6.0,4.0,True,,"Stade Arlette Baudet, Cormontreuil",,,,,,,CDF,,,wikipedia-fr,,R1,N2
Coupe de France,FR,8° turno,2025-11-30,FC Saint-Cyr Collonges,FC Rhône Vallées,,,0,0,5.0,4.0,,0,0,False,6.0,6.0,True,,"Stade des Combes, Saint-Cyr-au-Mont-d'Or",,,,,,,CDF,,,wikipedia-fr,,R1,R1
Coupe de France,FR,8° turno,2025-11-30,Les Sables VF,AG Plouvorn,,,2,1,,,,2,1,False,5.0,6.0,True,,"Stade Marcel Guilbaud, Les Sables-d'Olonne",,,,,,,CDF,,,wikipedia-fr,,N3,R1
Coupe de France,FR,8° turno,2025-11-30,UF Touraine,ESTAC Troyes,,,0,2,,,,0,2,False,5.0,2.0,True,,"Stade de la Vallée du Cher, Tours",,,,,,,CDF,,,wikipedia-fr,,N3,L2
Coupe de France,FR,8° turno,2025-11-30,US Avranches,FCM Aubervilliers,,,1,1,2.0,0.0,,1,1,False,4.0,5.0,True,,"Stade René-Fenouillère, Avranches",,,,,,,CDF,,,wikipedia-fr,,N2,N3
Coupe de France,FR,32esimi,2025-12-19,Canet Roussillon FC,Montpellier HSC,,,0,1,,,,0,1,False,5.0,2.0,True,,"Stade Gilbert-Brutus, Perpignan",,,,,,,CDF,,,wikipedia-fr,,N3,L2
Coupe de France,FR,32esimi,2025-12-19,EA Guingamp,Stade lavallois,,,0,1,,,,0,1,False,2.0,2.0,True,,"Stade de Roudourou, Guingamp",,,,,,,CDF,,,wikipedia-fr,,L2,L2
Coupe de France,FR,32esimi,2025-12-19,FC Périgny,Le Mans FC,,,1,2,,,,1,2,False,6.0,2.0,True,,"Stade municipal, Périgny",,,,,,,CDF,,,wikipedia-fr,,R1,L2
Coupe de France,FR,32esimi,2025-12-19,IC Croix,Stade de Reims,,,0,4,,,,0,4,False,5.0,2.0,True,,"Stade Henri Seigneur, Croix",,,,,,,CDF,,,wikipedia-fr,,N3,L2
Coupe de France,FR,32esimi,2025-12-19,RC Lens,Entente Feignies Aulnoye,,,3,1,,,,3,1,False,1.0,4.0,True,,"Stade Bollaert-Delelis, Lens",,,,,,,CDF,,,wikipedia-fr,,L1,N2
Coupe de France,FR,32esimi,2025-12-19,US Avranches,Stade brestois 29,,,1,1,5.0,4.0,,1,1,False,4.0,1.0,True,,"Stade René-Fenouillère, Avranches",,,,,,,CDF,,,wikipedia-fr,,N2,L1
Coupe de France,FR,32esimi,2025-12-19,VHF Les Herbiers,Angers SCO,,,0,0,5.0,6.0,,0,0,False,4.0,1.0,True,,"Stade Massabielle, Les Herbiers",,,,,,,CDF,,,wikipedia-fr,,N2,L1
Coupe de France,FR,32esimi,2025-12-20,AS Le Gosier,FC Lorient,,,0,7,,,,0,7,False,,1.0,True,,"Stade Robert-Bobin, Bondoufle",,,,,,,CDF,,,wikipedia-fr,,R1 Guadeloupe,L1
Coupe de France,FR,32esimi,2025-12-20,ASC Biesheim,FC Metz,,,0,3,,,,0,3,False,4.0,1.0,True,,"Stade municipal, Biesheim",,,,,,,CDF,,,wikipedia-fr,,N2,L1
Coupe de France,FR,32esimi,2025-12-20,Bayeux FC,Blois Football 41,,,2,1,,,,2,1,False,6.0,4.0,True,,"Stade Henry Jeanne, Bayeux",,,,,,,CDF,,,wikipedia-fr,,R1,N2
Coupe de France,FR,32esimi,2025-12-20,FC Freyming,US Chantilly,,,0,3,,,,0,3,False,7.0,4.0,True,,"Stade du Centre , Saint-Avold",,,,,,,CDF,,,wikipedia-fr,,R2,N2
Coupe de France,FR,32esimi,2025-12-20,GSI Pontivy,SC Bastia,,,0,1,,,,0,1,False,5.0,2.0,True,,"Stade du Faubourg de Verdun, Pontivy",,,,,,,CDF,,,wikipedia-fr,,N3,L2
Coupe de France,FR,32esimi,2025-12-20,Grenoble Foot 38,AS Nancy-Lorraine,,,1,1,3.0,5.0,,1,1,False,2.0,2.0,True,,"Stade des Alpes, Grenoble",,,,,,,CDF,,,wikipedia-fr,,L2,L2
Coupe de France,FR,32esimi,2025-12-20,Lyon-La Duchère,Toulouse FC,,,1,2,,,,1,2,False,5.0,1.0,True,,"Stade de Balmont, Lyon",,,,,,,CDF,,,wikipedia-fr,,N3,L1
Coupe de France,FR,32esimi,2025-12-20,Olympique marcquois,ESTAC Troyes,,,1,3,,,,1,3,False,6.0,2.0,True,,"Stade Georges Niquet, Marcq-en-Barœul",,,,,,,CDF,,,wikipedia-fr,,R1,L2
Coupe de France,FR,32esimi,2025-12-20,SA Mérignac,Istres FC,,,0,0,5.0,6.0,,0,0,False,6.0,4.0,True,,"Stade Robert Brettes, Mérignac",,,,,,,CDF,,,wikipedia-fr,,R1,N2
Coupe de France,FR,32esimi,2025-12-20,Stade béthunois FC,FC Sochaux-Montbéliard,,,2,4,,,,2,4,False,6.0,3.0,True,,"Stade Hermant-Deprez, Béthune",,,,,,,CDF,,,wikipedia-fr,,R1,N1
Coupe de France,FR,32esimi,2025-12-20,US Lusitanos Saint-Maur,LOSC Lille,,,0,1,,,,0,1,False,4.0,1.0,True,,"Stade Dominique-Duvauchelle, Créteil",,,,,,,CDF,,,wikipedia-fr,,N2,L1
Coupe de France,FR,32esimi,2025-12-20,US Raon-l'Étape,Paris FC,,,0,3,,,,0,3,False,6.0,1.0,True,,"Stade Paul-Gasser, Raon-l'Étape",,,,,,,CDF,,,wikipedia-fr,,R1,L1
Coupe de France,FR,32esimi,2025-12-20,Vendée Fontenay Foot,Paris Saint-Germain,,,0,4,,,,0,4,False,5.0,1.0,True,,"Stade de la Beaujoire, Nantes",,,,,,,CDF,,,wikipedia-fr,,N3,L1
Coupe de France,FR,32esimi,2025-12-21,AJ Auxerre,AS Monaco,,,1,2,,,,1,2,False,1.0,1.0,True,,"Stade de l'Abbé-Deschamps, Auxerre",,,,,,,CDF,,,wikipedia-fr,,L1,L1
Coupe de France,FR,32esimi,2025-12-21,Bourg-Péronnas 01,Olympique de Marseille,,,0,6,,,,0,6,False,3.0,1.0,True,,"Stade Marcel-Verchère, Bourg-en-Bresse",,,,,,,CDF,,,wikipedia-fr,,N1,L1
Coupe de France,FR,32esimi,2025-12-21,FC Bassin Arcachon,Hauts Lyonnais,,,0,1,,,,0,1,False,5.0,5.0,True,,,,,,,,,CDF,,,wikipedia-fr,,N3,N3
Coupe de France,FR,32esimi,2025-12-21,Le Havre AC,Amiens SC,,,0,2,,,,0,2,False,1.0,2.0,True,,"Stade Océane, Le Havre",,,,,,,CDF,,,wikipedia-fr,,L1,L2
Coupe de France,FR,32esimi,2025-12-21,Le Puy Foot 43,FC Girondins de Bordeaux,,,1,0,,,,1,0,False,3.0,4.0,True,,"Stade Charles-Massot, Le Puy-en-Velay",,,,,,,CDF,,,wikipedia-fr,,N1,N2
Coupe de France,FR,32esimi,2025-12-21,Montreuil FC,US Chauvigny,,,2,1,,,,2,1,False,6.0,5.0,True,,"Stade Auguste Delaune , Bobigny",,,,,,,CDF,,,wikipedia-fr,,R1,N3
Coupe de France,FR,32esimi,2025-12-21,OGC Nice,AS Saint-Étienne,,,2,1,,,,2,1,False,1.0,2.0,True,,"Allianz Riviera, Nice",,,,,,,CDF,,,wikipedia-fr,,L1,L2
Coupe de France,FR,32esimi,2025-12-21,Olympique lyonnais,FC Saint-Cyr Collonges,,,3,0,,,,3,0,False,1.0,6.0,True,,"Groupama Stadium, Décines-Charpieu",,,,,,,CDF,,,wikipedia-fr,,L1,R1
Coupe de France,FR,32esimi,2025-12-21,RC Strasbourg,USL Dunkerque,,,2,1,,,,2,1,False,1.0,2.0,True,,"Stade de la Meinau, Strasbourg",,,,,,,CDF,,,wikipedia-fr,,L1,L2
Coupe de France,FR,32esimi,2025-12-21,Stade rennais FC,Les Sables VF,,,3,0,,,,3,0,False,1.0,5.0,True,,"Roazhon Park, Rennes",,,,,,,CDF,,,wikipedia-fr,,L1,N3
Coupe de France,FR,32esimi,2025-12-21,US Concarneau,FC Nantes,,,3,5,,,,3,5,False,3.0,1.0,True,,"Stade Guy-Piriou, Concarneau",,,,,,,CDF,,,wikipedia-fr,,N1,L1
Coupe de France,FR,32esimi,2025-12-21,US Orléans,FC Dieppe,,,3,0,,,,3,0,False,3.0,4.0,True,,"Stade de la Source, Orléans",,,,,,,CDF,,,wikipedia-fr,,N1,N2
Coupe de France,FR,16esimi,2026-01-10,Angers SCO,Toulouse FC,,,1,1,5.0,6.0,,1,1,False,1.0,1.0,True,,"Stade Raymond-Kopa, Angers",,,,,,,CDF,,,wikipedia-fr,,L1,L1
Coupe de France,FR,16esimi,2026-01-10,Hauts Lyonnais,FC Lorient,,,1,3,,,,1,3,False,5.0,1.0,True,,"Envol Stadium , Andrézieux-Bouthéon",,,,,,,CDF,,,wikipedia-fr,,N3,L1
Coupe de France,FR,16esimi,2026-01-10,Istres FC,Stade lavallois,,,0,2,,,,0,2,False,4.0,2.0,True,,"Stade Parsemain, Fos-sur-Mer",,,,,,,CDF,,,wikipedia-fr,,N2,L2
Coupe de France,FR,16esimi,2026-01-10,Le Puy Foot 43,Stade de Reims,,,0,0,0.0,3.0,,0,0,False,3.0,2.0,True,,"Stade Charles-Massot, Le Puy-en-Velay",,,,,,,CDF,,,wikipedia-fr,,N1,L2
Coupe de France,FR,16esimi,2026-01-10,Montreuil FC,Amiens SC,,,2,4,,,,2,4,False,6.0,2.0,True,,"Stade Auguste Delaune , Bobigny",,,,,,,CDF,,,wikipedia-fr,,R1,L2
Coupe de France,FR,16esimi,2026-01-10,SC Bastia,ESTAC Troyes,,,0,2,,,,0,2,False,2.0,2.0,True,,"Stade Armand-Cesari, Furiani",,,,,,,CDF,,,wikipedia-fr,,L2,L2
Coupe de France,FR,16esimi,2026-01-10,US Avranches,RC Strasbourg,,,0,6,,,,0,6,False,4.0,1.0,True,,"Stade René-Fenouillère, Avranches",,,,,,,CDF,,,wikipedia-fr,,N2,L1
Coupe de France,FR,16esimi,2026-01-10,US Orléans,AS Monaco,,,1,3,,,,1,3,False,3.0,1.0,True,,"Stade de la Source, Orléans",,,,,,,CDF,,,wikipedia-fr,,N1,L1
Coupe de France,FR,16esimi,2026-01-11,FC Metz,Montpellier HSC,,,0,4,,,,0,4,False,1.0,2.0,True,,"Stade Saint-Symphorien, Longeville-lès-Metz",,,,,,,CDF,,,wikipedia-fr,,L1,L2
Coupe de France,FR,16esimi,2026-01-11,FC Nantes,OGC Nice,,,1,1,3.0,5.0,,1,1,False,1.0,1.0,True,,"Stade de la Beaujoire, Nantes",,,,,,,CDF,,,wikipedia-fr,,L1,L1
Coupe de France,FR,16esimi,2026-01-11,FC Sochaux-Montbéliard,RC Lens,,,0,3,,,,0,3,False,3.0,1.0,True,,"Stade Auguste-Bonal, Montbéliard",,,,,,,CDF,,,wikipedia-fr,,N1,L1
Coupe de France,FR,16esimi,2026-01-11,LOSC Lille,Olympique lyonnais,,,1,2,,,,1,2,False,1.0,1.0,True,,"Stade Pierre-Mauroy, Villeneuve-d'Ascq",,,,,,,CDF,,,wikipedia-fr,,L1,L1
Coupe de France,FR,16esimi,2026-01-11,Le Mans FC,AS Nancy-Lorraine,,,0,0,4.0,1.0,,0,0,False,2.0,2.0,True,,"Stade Marie-Marvingt, Le Mans",,,,,,,CDF,,,wikipedia-fr,,L2,L2
Coupe de France,FR,16esimi,2026-01-11,US Chantilly,Stade rennais FC,,,1,3,,,,1,3,False,4.0,1.0,True,,"Stade Pierre-Brisson , Beauvais",,,,,,,CDF,,,wikipedia-fr,,N2,L1
Coupe de France,FR,16esimi,2026-01-12,Paris Saint-Germain,Paris FC,,,0,1,,,,0,1,False,1.0,1.0,True,,"Parc des Princes, Paris",,,,,,,CDF,,,wikipedia-fr,,L1,L1
Coupe de France,FR,16esimi,2026-01-13,Bayeux FC,Olympique de Marseille,,,0,9,,,,0,9,False,6.0,1.0,True,,"Stade Michel-d'Ornano , Caen",,,,,,,CDF,,,wikipedia-fr,,R1,L1
Coupe de France,FR,Ottavi,2026-02-03,Olympique de Marseille,Stade rennais FC,,,3,0,,,,3,0,False,1.0,1.0,True,,"Stade Vélodrome, Marseille",,,,,,,CDF,,,wikipedia-fr,,L1,L1
Coupe de France,FR,Ottavi,2026-02-03,Stade de Reims,Le Mans FC,,,3,0,,,,3,0,False,2.0,2.0,True,,"Stade Auguste-Delaune, Reims",,,,,,,CDF,,,wikipedia-fr,,L2,L2
Coupe de France,FR,Ottavi,2026-02-04,ESTAC Troyes,RC Lens,,,2,4,,,,2,4,False,2.0,1.0,True,,"Stade de l'Aube, Troyes",,,,,,,CDF,,,wikipedia-fr,,L2,L1
Coupe de France,FR,Ottavi,2026-02-04,FC Lorient,Paris FC,,,2,0,,,,2,0,False,1.0,1.0,True,,"Stade du Moustoir, Lorient",,,,,,,CDF,,,wikipedia-fr,,L1,L1
Coupe de France,FR,Ottavi,2026-02-04,OGC Nice,Montpellier HSC,,,3,2,,,,3,2,False,1.0,2.0,True,,"Allianz Riviera, Nice",,,,,,,CDF,,,wikipedia-fr,,L1,L2
Coupe de France,FR,Ottavi,2026-02-04,Olympique lyonnais,Stade lavallois,,,2,0,,,,2,0,False,1.0,2.0,True,,"Parc Olympique lyonnais, Décines-Charpieu",,,,,,,CDF,,,wikipedia-fr,,L1,L2
Coupe de France,FR,Ottavi,2026-02-04,Toulouse FC,Amiens SC,,,1,0,,,,1,0,False,1.0,2.0,True,,"Stadium de Toulouse, Toulouse",,,,,,,CDF,,,wikipedia-fr,,L1,L2
Coupe de France,FR,Ottavi,2026-02-05,RC Strasbourg,AS Monaco,,,3,1,,,,3,1,False,1.0,1.0,True,,"Stade de la Meinau, Strasbourg",,,,,,,CDF,,,wikipedia-fr,,L1,L1
Coupe de France,FR,Quarti,2026-03-03,RC Strasbourg,Stade de Reims,,,2,1,,,,2,1,False,1.0,2.0,True,,"Stade de la Meinau, Strasbourg",,,,,,,CDF,,,wikipedia-fr,,L1,L2
Coupe de France,FR,Quarti,2026-03-04,FC Lorient,OGC Nice,,,0,0,5.0,6.0,,0,0,False,1.0,1.0,True,,"Stade du Moustoir, Lorient",,,,,,,CDF,,,wikipedia-fr,,L1,L1
Coupe de France,FR,Quarti,2026-03-04,Olympique de Marseille,Toulouse FC,,,2,2,3.0,4.0,,2,2,False,1.0,1.0,True,,"Stade Vélodrome, Marseille",,,,,,,CDF,,,wikipedia-fr,,L1,L1
Coupe de France,FR,Quarti,2026-03-05,Olympique lyonnais,RC Lens,,,2,2,4.0,5.0,,2,2,False,1.0,1.0,True,,"Parc Olympique lyonnais, Décines-Charpieu",,,,,,,CDF,,,wikipedia-fr,,L1,L1
Coupe de France,FR,Semifinali,2026-04-21,RC Lens,Toulouse FC,,,4,1,,,,4,1,False,1.0,1.0,True,,"Stade Bollaert-Delelis, Lens",,,,,,,CDF,,,wikipedia-fr,,L1,L1
Coupe de France,FR,Semifinali,2026-04-22,RC Strasbourg,OGC Nice,,,0,2,,,,0,2,False,1.0,1.0,True,,"Stade de la Meinau, Strasbourg",,,,,,,CDF,,,wikipedia-fr,,L1,L1
Coupe de France,FR,Finale,2026-05-22,RC Lens,OGC Nice,,,3,1,,,,3,1,False,1.0,1.0,True,,"Stade de France, Saint-Denis",,,,,,,CDF,,,wikipedia-fr,,L1,L1
DFB-Pokal,DE,First Round,2025-08-15,1.FC Saarbrücken,1.FC Magdeburg,1,3,1,3,,,False,1,3,False,3.0,2.0,True,Robin Braun,Ludwigsparkstadion,14717.0,Alois Schwartz,Markus Fiedler,3-1-4-2,3-4-3 Diamond,4623577,DFB,1,187,player-scores,https://www.transfermarkt.co.uk/spielbericht/index/spielbericht/4623577,,
DFB-Pokal,DE,First Round,2025-08-15,Arminia Bielefeld,SV Werder Bremen,1,0,1,0,,,False,1,0,False,2.0,1.0,True,Robert Hartmann,SchücoArena,26515.0,Mitch Kniat,Horst Steffen,4-3-3 Attacking,4-2-3-1,4623573,DFB,10,86,player-scores,https://www.transfermarkt.co.uk/spielbericht/index/spielbericht/4623573,,
DFB-Pokal,DE,First Round,2025-08-15,FC Gütersloh,1.FC Union Berlin,0,5,0,5,,,False,0,5,False,3.0,1.0,True,Jarno Wienefeld,Ohlendorf Stadion im Heidewald,9236.0,Julian Hesse,Steffen Baumgart,4-5-1,3-4-2-1,4623587,DFB,220,89,player-scores,https://www.transfermarkt.co.uk/spielbericht/index/spielbericht/4623587,,
DFB-Pokal,DE,First Round,2025-08-15,SG Sonnenhof Großaspach,Bayer 04 Leverkusen,0,4,0,4,,,False,0,4,False,3.0,1.0,True,Michael Bacher,WIRmachenDRUCK Arena,8850.0,Pascal Reinhardt,Erik ten Hag,4-4-2 double 6,3-4-3,4623576,DFB,2589,15,player-scores,https://www.transfermarkt.co.uk/spielbericht/index/spielbericht/4623576,,
DFB-Pokal,DE,First Round,2025-08-16,BFC Dynamo,VfL Bochum,1,1,1,3,,,True,1,3,False,3.0,2.0,True,Felix Wagner,Sportforum Hohenschönhausen,4705.0,Dennis Kutrieb,Dieter Hecking,3-1-4-2,4-3-3 Attacking,4623589,DFB,222,80,player-scores,https://www.transfermarkt.co.uk/spielbericht/index/spielbericht/4623589,,
DFB-Pokal,DE,First Round,2025-08-16,Bahlinger SC,1. Fußballclub Heidenheim 1846,0,5,0,5,,,False,0,5,False,3.0,1.0,True,Lukas Benen,Kaiserstuhlstadion,4000.0,Stefan Reisinger,Frank Schmidt,4-2-3-1,3-4-2-1,4623579,DFB,1193,2036,player-scores,https://www.transfermarkt.co.uk/spielbericht/index/spielbericht/4623579,,
DFB-Pokal,DE,First Round,2025-08-16,Eintracht Norderstedt,FC St. Pauli,0,0,0,0,2.0,3.0,False,2,3,False,3.0,1.0,True,Eric Weisbach,Millerntor-Stadion,28946.0,Elard Ostermann,Alexander Blessin,3-5-2 flat,3-4-3,4623590,DFB,117,35,player-scores,https://www.transfermarkt.co.uk/spielbericht/index/spielbericht/4623590,,
DFB-Pokal,DE,First Round,2025-08-16,FC Energie Cottbus,Hannover 96,1,0,1,0,,,False,1,0,False,3.0,2.0,True,Felix Prigan,LEAG Energie Stadion,18659.0,Claus-Dieter Wollitz,Christian Titz,4-3-3 Attacking,3-4-3,4623583,DFB,25,42,player-scores,https://www.transfermarkt.co.uk/spielbericht/index/spielbericht/4623583,,
DFB-Pokal,DE,First Round,2025-08-16,FC Hansa Rostock,TSG 1899 Hoffenheim,0,4,0,4,,,False,0,4,False,3.0,1.0,True,Wolfgang Haslberger,Ostseestadion,22243.0,Daniel Brinkmann,Christian Ilzer,3-4-2-1,3-4-2-1,4623580,DFB,30,533,player-scores,https://www.transfermarkt.co.uk/spielbericht/index/spielbericht/4623580,,
DFB-Pokal,DE,First Round,2025-08-16,FK Pirmasens,Hamburger SV,1,1,1,2,,,True,1,2,False,3.0,1.0,True,Timo Gansloweit,Framas Stadion,10000.0,Daniel Paulus,Merlin Polzin,5-3-2,3-4-3,4623601,DFB,726,41,player-scores,https://www.transfermarkt.co.uk/spielbericht/index/spielbericht/4623601,,
DFB-Pokal,DE,First Round,2025-08-16,FV Illertissen,1.FC Nuremberg,3,3,3,3,6.0,5.0,False,9,8,False,3.0,2.0,True,Patrick Alt,Vöhlinstadion im Sportzentrum Nautilla,5000.0,Holger Bachthaler,Miroslav Klose,4-2-3-1,3-5-2 flat,4623593,DFB,1468,4,player-scores,https://www.transfermarkt.co.uk/spielbericht/index/spielbericht/4623593,,
DFB-Pokal,DE,First Round,2025-08-16,SV Hemelingen,VfL Wolfsburg,0,9,0,9,,,False,0,9,False,3.0,1.0,True,Nico Fuchs,Weserstadion,6641.0,Günter Tuncel,Paul Simonis,4-2-3-1,4-2-3-1,4623602,DFB,26444,82,player-scores,https://www.transfermarkt.co.uk/spielbericht/index/spielbericht/4623602,,
DFB-Pokal,DE,First Round,2025-08-16,SV Sandhausen,RB Leipzig,2,4,2,4,,,False,2,4,False,3.0,1.0,True,Dr. Matthias Jöllenbeck,Stadion am Hardtwald,4987.0,Olaf Janßen,Ole Werner,4-4-2,4-3-3 Attacking,4623582,DFB,254,23826,player-scores,https://www.transfermarkt.co.uk/spielbericht/index/spielbericht/4623582,,
DFB-Pokal,DE,First Round,2025-08-16,Sportfreunde Lotte,SC Freiburg,0,2,0,2,,,False,0,2,False,3.0,1.0,True,Florian Lechner,Stadion am Lotter Kreuz,5681.0,Fabian Lübbers,Julian Schuster,3-4-2-1,4-2-3-1,4623588,DFB,668,60,player-scores,https://www.transfermarkt.co.uk/spielbericht/index/spielbericht/4623588,,
DFB-Pokal,DE,First Round,2025-08-16,VfB Lübeck,SV Darmstadt 98,1,2,1,2,,,False,1,2,False,3.0,2.0,True,Leonidas Exuzidis,Stadion an der Lohmühle,8682.0,Guerino Capretti,Florian Kohfeldt,4-3-3 Attacking,3-5-2 flat,4623591,DFB,78,105,player-scores,https://www.transfermarkt.co.uk/spielbericht/index/spielbericht/4623591,,
DFB-Pokal,DE,First Round,2025-08-17,1.FC Lokomotive Leipzig,FC Schalke 04,0,0,0,1,,,True,0,1,False,3.0,2.0,True,Max Burda,Bruno-Plache-Stadion,11900.0,Jochen Seitz,Miron Muslic,4-2-3-1,3-4-2-1,4623578,DFB,497,33,player-scores,https://www.transfermarkt.co.uk/spielbericht/index/spielbericht/4623578,,
DFB-Pokal,DE,First Round,2025-08-17,Blau-Weiß Lohne,SpVgg Greuther Fürth,0,2,0,2,,,False,0,2,False,3.0,2.0,True,Felix Weller,Heinz-Dettmer-Stadion,4773.0,Uwe Möhrle,Thomas Kleine,3-5-2 Attacking,5-3-2,4623581,DFB,4883,65,player-scores,https://www.transfermarkt.co.uk/spielbericht/index/spielbericht/4623581,,
DFB-Pokal,DE,First Round,2025-08-17,FC 08 Homburg,Holstein Kiel,0,2,0,2,,,False,0,2,False,3.0,2.0,True,Assad Nouhoum,Waldstadion Homburg,5123.0,Roland Seitz,Marcel Rapp,4-3-3 Attacking,3-4-3,4623584,DFB,459,269,player-scores,https://www.transfermarkt.co.uk/spielbericht/index/spielbericht/4623584,,
DFB-Pokal,DE,First Round,2025-08-17,FC Viktoria Köln,SC Paderborn 07,1,3,1,3,,,False,1,3,False,3.0,2.0,True,Sören Storks,Sportpark Höhenberg,8343.0,Marian Wilhelm,Ralf Kettemann,3-4-2-1,3-4-2-1,4623598,DFB,1622,127,player-scores,https://www.transfermarkt.co.uk/spielbericht/index/spielbericht/4623598,,
DFB-Pokal,DE,First Round,2025-08-17,FV Engers 07,Eintracht Frankfurt,0,5,0,5,,,False,0,5,False,3.0,1.0,True,Dr. Robert Kampka,Stadion Oberwerth,10100.0,Julian Feit,Dino Toppmöller,4-3-3 Attacking,4-2-3-1,4623592,DFB,2085,24,player-scores,https://www.transfermarkt.co.uk/spielbericht/index/spielbericht/4623592,,
DFB-Pokal,DE,First Round,2025-08-17,Hallescher FC,FC Augsburg,0,2,0,2,,,False,0,2,False,3.0,1.0,True,Tobias Reichel,Leuna-Chemie-Stadion,14000.0,Robert Schröder,Sandro Wagner,4-3-3 Attacking,3-4-1-2,4623600,DFB,440,167,player-scores,https://www.transfermarkt.co.uk/spielbericht/index/spielbericht/4623600,,
DFB-Pokal,DE,First Round,2025-08-17,RSV Eintracht 1949,1.FC Kaiserslautern,0,7,0,7,,,False,0,7,False,3.0,2.0,True,Cristian Ballweg,Karl-Liebknecht-Stadion,7449.0,Patrick Hinze,Torsten Lieberknecht,3-4-1-2,3-4-2-1,4623597,DFB,29476,2,player-scores,https://www.transfermarkt.co.uk/spielbericht/index/spielbericht/4623597,,
DFB-Pokal,DE,First Round,2025-08-17,SSV Jahn Regensburg,1.FC Köln,1,2,1,2,,,False,1,2,False,3.0,1.0,True,Christian Dingert,Jahnstadion Regensburg,13396.0,Michael Wimmer,Lukas Kwasniok,3-4-1-2,3-4-2-1,4623585,DFB,109,3,player-scores,https://www.transfermarkt.co.uk/spielbericht/index/spielbericht/4623585,,
DFB-Pokal,DE,First Round,2025-08-17,SSV Ulm 1846,SV 07 Elversberg,0,1,0,1,,,False,0,1,False,3.0,2.0,True,Richard Hempel,Donaustadion,9531.0,Robert Lechleiter,Vincent Wagner,3-4-1-2,4-2-3-1,4623603,DFB,69,64,player-scores,https://www.transfermarkt.co.uk/spielbericht/index/spielbericht/4623603,,
DFB-Pokal,DE,First Round,2025-08-17,SV Atlas Delmenhorst,Borussia Mönchengladbach,2,3,2,3,,,False,2,3,False,3.0,1.0,True,Fabienne Michel,Marschwegstadion,14300.0,Key Riebau,Gerardo Seoane,4-3-1-2,4-2-3-1,4623599,DFB,29988,18,player-scores,https://www.transfermarkt.co.uk/spielbericht/index/spielbericht/4623599,,
DFB-Pokal,DE,First Round,2025-08-17,ZFC Meuselwitz,Karlsruher SC,0,5,0,5,,,False,0,5,False,3.0,2.0,True,Lars Erbst,bluechip-Arena,4269.0,Georg-Martin Leopold,Christian Eichner,5-4-1,3-5-2 Attacking,4623594,DFB,2643,48,player-scores,https://www.transfermarkt.co.uk/spielbericht/index/spielbericht/4623594,,
DFB-Pokal,DE,First Round,2025-08-18,1.FC Schweinfurt 05,Fortuna Düsseldorf,2,4,2,4,,,False,2,4,False,3.0,2.0,True,Timo Gerach,Riedel Bau Arena im Sachs-Stadion,10684.0,Victor Kleinhenz,Daniel Thioune,5-4-1,4-2-3-1,4623574,DFB,103,38,player-scores,https://www.transfermarkt.co.uk/spielbericht/index/spielbericht/4623574,,
DFB-Pokal,DE,First Round,2025-08-18,Preußen Münster,Hertha BSC,0,0,0,0,3.0,5.0,False,3,5,False,2.0,2.0,True,Martin Petersen,LVM-Preußenstadion,10635.0,Alexander Ende,Stefan Leitl,4-3-1-2,3-4-3,4623586,DFB,91,44,player-scores,https://www.transfermarkt.co.uk/spielbericht/index/spielbericht/4623586,,
DFB-Pokal,DE,First Round,2025-08-18,Rot-Weiss Essen,Borussia Dortmund,0,1,0,1,,,False,0,1,False,3.0,1.0,True,Frank Willenborg,Stadion an der Hafenstraße,19300.0,Uwe Koschinat,Niko Kovac,3-4-2-1,3-5-2 flat,4623596,DFB,56,16,player-scores,https://www.transfermarkt.co.uk/spielbericht/index/spielbericht/4623596,,
DFB-Pokal,DE,First Round,2025-08-18,SG Dynamo Dresden,1.FSV Mainz 05,0,1,0,1,,,False,0,1,False,2.0,1.0,True,Florian Badstübner,Rudolf-Harbig-Stadion,30105.0,Thomas Stamm,Bo Henriksen,4-2-3-1,3-4-1-2,4623572,DFB,129,39,player-scores,https://www.transfermarkt.co.uk/spielbericht/index/spielbericht/4623572,,
DFB-Pokal,DE,First Round,2025-08-26,Eintracht Braunschweig,VfB Stuttgart,3,3,4,4,7.0,8.0,True,11,12,False,2.0,1.0,True,Florian Exner,EINTRACHT-Stadion,20865.0,Heiner Backhaus,Sebastian Hoeneß,3-4-2-1,4-2-3-1,4623595,DFB,23,79,player-scores,https://www.transfermarkt.co.uk/spielbericht/index/spielbericht/4623595,,
DFB-Pokal,DE,First Round,2025-08-27,SV Wehen Wiesbaden,Bayern Munich,2,3,2,3,,,False,2,3,False,3.0,1.0,True,Daniel Siebert,BRITA Arena,12500.0,Nils Döring,Vincent Kompany,4-4-2 double 6,4-2-3-1,4623575,DFB,108,27,player-scores,https://www.transfermarkt.co.uk/spielbericht/index/spielbericht/4623575,,
DFB-Pokal,DE,Second Round,2025-10-28,1. Fußballclub Heidenheim 1846,Hamburger SV,0,1,0,1,,,False,0,1,False,1.0,1.0,True,Benjamin Brand,Voith-Arena,15000.0,Frank Schmidt,Merlin Polzin,4-4-2 Diamond,3-4-3,4717146,DFB,2036,41,player-scores,https://www.transfermarkt.co.uk/spielbericht/index/spielbericht/4717146,,
DFB-Pokal,DE,Second Round,2025-10-28,Borussia Mönchengladbach,Karlsruher SC,3,1,3,1,,,False,3,1,False,1.0,2.0,True,Bastian Dankert,Stadion im Borussia-Park,48023.0,Eugen Polanski,Christian Eichner,3-4-3,3-1-4-2,4717152,DFB,18,48,player-scores,https://www.transfermarkt.co.uk/spielbericht/index/spielbericht/4717152,,
DFB-Pokal,DE,Second Round,2025-10-28,Eintracht Frankfurt,Borussia Dortmund,1,1,1,1,2.0,4.0,False,3,5,False,1.0,1.0,True,Sven Jablonski,Deutsche Bank Park,59300.0,Dino Toppmöller,Niko Kovac,3-4-2-1,3-4-2-1,4717153,DFB,24,16,player-scores,https://www.transfermarkt.co.uk/spielbericht/index/spielbericht/4717153,,
DFB-Pokal,DE,Second Round,2025-10-28,FC Augsburg,VfL Bochum,0,1,0,1,,,False,0,1,False,1.0,2.0,True,Sascha Stegemann,WWK ARENA,20280.0,Sandro Wagner,Uwe Rösler,3-4-2-1,4-1-4-1,4717148,DFB,167,80,player-scores,https://www.transfermarkt.co.uk/spielbericht/index/spielbericht/4717148,,
DFB-Pokal,DE,Second Round,2025-10-28,FC Energie Cottbus,RB Leipzig,1,4,1,4,,,False,1,4,False,3.0,1.0,True,Tobias Reichel,LEAG Energie Stadion,19700.0,Claus-Dieter Wollitz,Ole Werner,4-3-3 Attacking,4-2-3-1,4717151,DFB,25,23826,player-scores,https://www.transfermarkt.co.uk/spielbericht/index/spielbericht/4717151,,
DFB-Pokal,DE,Second Round,2025-10-28,FC St. Pauli,TSG 1899 Hoffenheim,1,1,2,2,8.0,7.0,True,10,9,False,1.0,1.0,True,Daniel Schlager,Millerntor-Stadion,28123.0,Alexander Blessin,Christian Ilzer,3-4-2-1,4-4-2,4717150,DFB,35,533,player-scores,https://www.transfermarkt.co.uk/spielbericht/index/spielbericht/4717150,,
DFB-Pokal,DE,Second Round,2025-10-28,Hertha BSC,SV 07 Elversberg,3,0,3,0,,,False,3,0,False,2.0,2.0,True,Tom Bauer,Olympiastadion Berlin,32092.0,Stefan Leitl,Vincent Wagner,4-3-3 Defending,4-3-3 Defending,4717157,DFB,44,64,player-scores,https://www.transfermarkt.co.uk/spielbericht/index/spielbericht/4717157,,
DFB-Pokal,DE,Second Round,2025-10-28,VfL Wolfsburg,Holstein Kiel,0,1,0,1,,,False,0,1,False,1.0,2.0,True,Florian Exner,Volkswagen Arena,10793.0,Paul Simonis,Marcel Rapp,4-3-3 Defending,3-4-2-1,4717155,DFB,82,269,player-scores,https://www.transfermarkt.co.uk/spielbericht/index/spielbericht/4717155,,
DFB-Pokal,DE,Second Round,2025-10-29,1.FC Köln,Bayern Munich,1,4,1,4,,,False,1,4,False,1.0,1.0,True,Tobias Welz,RheinEnergieSTADION,50000.0,Lukas Kwasniok,Vincent Kompany,3-4-3,4-2-3-1,4717160,DFB,3,27,player-scores,https://www.transfermarkt.co.uk/spielbericht/index/spielbericht/4717160,,
DFB-Pokal,DE,Second Round,2025-10-29,1.FC Union Berlin,Arminia Bielefeld,1,1,2,1,,,True,2,1,False,1.0,2.0,True,Harm Osmers,Stadion An der Alten Försterei,22012.0,Steffen Baumgart,Mitch Kniat,3-4-3,5-3-2,4717156,DFB,89,10,player-scores,https://www.transfermarkt.co.uk/spielbericht/index/spielbericht/4717156,,
DFB-Pokal,DE,Second Round,2025-10-29,1.FSV Mainz 05,VfB Stuttgart,0,2,0,2,,,False,0,2,False,1.0,1.0,True,Deniz Aytekin,Mewa Arena,29400.0,Bo Henriksen,Sebastian Hoeneß,3-4-2-1,3-4-2-1,4717149,DFB,39,79,player-scores,https://www.transfermarkt.co.uk/spielbericht/index/spielbericht/4717149,,
DFB-Pokal,DE,Second Round,2025-10-29,FV Illertissen,1.FC Magdeburg,0,3,0,3,,,False,0,3,False,3.0,2.0,True,Patrick Schwengers,Vöhlinstadion im Sportzentrum Nautilla,4157.0,Holger Bachthaler,Petrik Sander,5-4-1,4-3-3 Attacking,4717145,DFB,1468,187,player-scores,https://www.transfermarkt.co.uk/spielbericht/index/spielbericht/4717145,,
DFB-Pokal,DE,Second Round,2025-10-29,Fortuna Düsseldorf,SC Freiburg,1,3,1,3,,,False,1,3,False,2.0,1.0,True,Felix Zwayer,MERKUR SPIEL-ARENA,36112.0,Markus Anfang,Julian Schuster,4-2-3-1,4-2-3-1,4717154,DFB,38,60,player-scores,https://www.transfermarkt.co.uk/spielbericht/index/spielbericht/4717154,,
DFB-Pokal,DE,Second Round,2025-10-29,SC Paderborn 07,Bayer 04 Leverkusen,1,1,2,4,,,True,2,4,False,2.0,1.0,True,Patrick Ittrich,Home Deluxe Arena,15000.0,Ralf Kettemann,Kasper Hjulmand,3-4-2-1,3-4-2-1,4717159,DFB,127,15,player-scores,https://www.transfermarkt.co.uk/spielbericht/index/spielbericht/4717159,,
DFB-Pokal,DE,Second Round,2025-10-29,SV Darmstadt 98,FC Schalke 04,4,0,4,0,,,False,4,0,False,2.0,2.0,True,Felix Bickel,Merck-Stadion am Böllenfalltor,17810.0,Florian Kohfeldt,Miron Muslic,4-2-3-1,3-4-2-1,4717158,DFB,105,33,player-scores,https://www.transfermarkt.co.uk/spielbericht/index/spielbericht/4717158,,
DFB-Pokal,DE,Second Round,2025-10-29,SpVgg Greuther Fürth,1.FC Kaiserslautern,0,1,0,1,,,False,0,1,False,2.0,2.0,True,Marc-Philip Eckermann,Sportpark Ronhof | Thomas Sommer,12411.0,Thomas Kleine,Torsten Lieberknecht,5-3-2,3-4-2-1,4717147,DFB,65,2,player-scores,https://www.transfermarkt.co.uk/spielbericht/index/spielbericht/4717147,,
DFB-Pokal,DE,Round of 16,2025-12-02,Borussia Dortmund,Bayer 04 Leverkusen,0,1,0,1,,,False,0,1,False,1.0,1.0,True,Tobias Stieler,SIGNAL IDUNA PARK,80000.0,Niko Kovac,Kasper Hjulmand,3-4-2-1,3-4-2-1,4761580,DFB,16,15,player-scores,https://www.transfermarkt.co.uk/spielbericht/index/spielbericht/4761580,,
DFB-Pokal,DE,Round of 16,2025-12-02,Borussia Mönchengladbach,FC St. Pauli,1,2,1,2,,,False,1,2,False,1.0,1.0,True,Sven Jablonski,Stadion im Borussia-Park,48104.0,Eugen Polanski,Alexander Blessin,3-5-2 Attacking,3-5-2 flat,4761585,DFB,18,35,player-scores,https://www.transfermarkt.co.uk/spielbericht/index/spielbericht/4761585,,
DFB-Pokal,DE,Round of 16,2025-12-02,Hertha BSC,1.FC Kaiserslautern,6,1,6,1,,,False,6,1,False,2.0,2.0,True,Sascha Stegemann,Olympiastadion Berlin,51195.0,Stefan Leitl,Torsten Lieberknecht,4-2-3-1,3-1-4-2,4761583,DFB,44,2,player-scores,https://www.transfermarkt.co.uk/spielbericht/index/spielbericht/4761583,,
DFB-Pokal,DE,Round of 16,2025-12-02,RB Leipzig,1.FC Magdeburg,3,1,3,1,,,False,3,1,False,1.0,2.0,True,Felix Zwayer,Red Bull Arena,41108.0,Ole Werner,Petrik Sander,4-3-3 Attacking,4-3-3 Attacking,4761586,DFB,23826,187,player-scores,https://www.transfermarkt.co.uk/spielbericht/index/spielbericht/4761586,,
DFB-Pokal,DE,Round of 16,2025-12-03,1.FC Union Berlin,Bayern Munich,2,3,2,3,,,False,2,3,False,1.0,1.0,True,Martin Petersen,Stadion An der Alten Försterei,22012.0,Steffen Baumgart,Vincent Kompany,3-5-2 flat,4-2-3-1,4761581,DFB,89,27,player-scores,https://www.transfermarkt.co.uk/spielbericht/index/spielbericht/4761581,,
DFB-Pokal,DE,Round of 16,2025-12-03,Hamburger SV,Holstein Kiel,0,0,1,1,2.0,4.0,True,3,5,False,1.0,2.0,True,Tobias Welz,Volksparkstadion,57000.0,Merlin Polzin,Marcel Rapp,3-4-3,5-3-2,4761587,DFB,41,269,player-scores,https://www.transfermarkt.co.uk/spielbericht/index/spielbericht/4761587,,
DFB-Pokal,DE,Round of 16,2025-12-03,SC Freiburg,SV Darmstadt 98,2,0,2,0,,,False,2,0,False,1.0,2.0,True,Harm Osmers,Europa-Park Stadion,30000.0,Julian Schuster,Florian Kohfeldt,4-2-3-1,3-4-2-1,4761584,DFB,60,105,player-scores,https://www.transfermarkt.co.uk/spielbericht/index/spielbericht/4761584,,
DFB-Pokal,DE,Round of 16,2025-12-03,VfL Bochum,VfB Stuttgart,0,2,0,2,,,False,0,2,False,2.0,1.0,True,Florian Badstübner,Vonovia Ruhrstadion,25940.0,Uwe Rösler,Sebastian Hoeneß,5-4-1,3-4-2-1,4761582,DFB,80,79,player-scores,https://www.transfermarkt.co.uk/spielbericht/index/spielbericht/4761582,,
DFB-Pokal,DE,Quarter-Finals,2026-02-03,Bayer 04 Leverkusen,FC St. Pauli,3,0,3,0,,,False,3,0,False,1.0,1.0,True,Florian Badstübner,BayArena,30210.0,Kasper Hjulmand,Alexander Blessin,3-4-2-1,3-4-2-1,4782526,DFB,15,35,player-scores,https://www.transfermarkt.co.uk/spielbericht/index/spielbericht/4782526,,
DFB-Pokal,DE,Quarter-Finals,2026-02-04,Holstein Kiel,VfB Stuttgart,0,3,0,3,,,False,0,3,False,2.0,1.0,True,Tobias Welz,Holstein-Stadion,15034.0,Marcel Rapp,Sebastian Hoeneß,4-3-1-2,4-2-3-1,4782525,DFB,269,79,player-scores,https://www.transfermarkt.co.uk/spielbericht/index/spielbericht/4782525,,
DFB-Pokal,DE,Quarter-Finals,2026-02-10,Hertha BSC,SC Freiburg,0,0,1,1,4.0,5.0,True,5,6,False,2.0,1.0,True,Patrick Ittrich,Olympiastadion Berlin,56743.0,Stefan Leitl,Julian Schuster,3-4-3,4-2-3-1,4782523,DFB,44,60,player-scores,https://www.transfermarkt.co.uk/spielbericht/index/spielbericht/4782523,,
DFB-Pokal,DE,Quarter-Finals,2026-02-11,Bayern Munich,RB Leipzig,2,0,2,0,,,False,2,0,False,1.0,1.0,True,Daniel Siebert,Allianz Arena,75000.0,Vincent Kompany,Ole Werner,4-2-3-1,4-3-3 Attacking,4782524,DFB,27,23826,player-scores,https://www.transfermarkt.co.uk/spielbericht/index/spielbericht/4782524,,
DFB-Pokal,DE,Semi-Finals,2026-04-22,Bayer 04 Leverkusen,Bayern Munich,0,2,0,2,,,False,0,2,False,1.0,1.0,True,Felix Zwayer,BayArena,30210.0,Kasper Hjulmand,Vincent Kompany,3-4-2-1,4-2-3-1,4830557,DFB,15,27,player-scores,https://www.transfermarkt.co.uk/spielbericht/index/spielbericht/4830557,,
DFB-Pokal,DE,Semi-Finals,2026-04-23,VfB Stuttgart,SC Freiburg,1,1,2,1,,,True,2,1,False,1.0,1.0,True,Tobias Welz,MHPArena Stuttgart,60000.0,Sebastian Hoeneß,Julian Schuster,3-4-2-1,4-2-3-1,4830556,DFB,79,60,player-scores,https://www.transfermarkt.co.uk/spielbericht/index/spielbericht/4830556,,
DFB-Pokal,DE,Final,2026-05-23,Bayern Munich,VfB Stuttgart,,,3,0,,,,3,0,False,1.0,1.0,True,Sven Jablonski (Bremen),Olympiastadion,74036,,,,,,DFB,,,wikipedia-en,,,
EFL Cup,EN,First Preliminary Round,2025-07-29,Barnet FC,Newport County,2,2,2,2,2.0,4.0,False,4,6,False,3.0,3.0,False,Darren Drysdale,The Hive Stadium,1789.0,Dean Brennan,David Hughes,3-4-3,5-3-2,4634016,CGB,2804,3716,player-scores,https://www.transfermarkt.co.uk/spielbericht/index/spielbericht/4634016,,
EFL Cup,EN,First Preliminary Round,2025-08-05,Accrington Stanley,Oldham Athletic,3,1,3,1,,,False,3,1,False,3.0,3.0,False,Scott Oldham,The Wham Stadium,2042.0,John Doolan,Micky Mellon,3-4-1-2,4-4-2,4634015,CGB,3688,1078,player-scores,https://www.transfermarkt.co.uk/spielbericht/index/spielbericht/4634015,,
EFL Cup,EN,First Round,2025-08-12,Accrington Stanley,Peterborough United,2,1,2,1,,,False,2,1,False,3.0,3.0,True,Aaron Bannister,The Wham Stadium,847.0,John Doolan,Darren Ferguson,3-4-1-2,4-4-2 Diamond,4699497,CGB,3688,1072,player-scores,https://www.transfermarkt.co.uk/spielbericht/index/spielbericht/4699497,,
EFL Cup,EN,First Round,2025-08-12,Barrow AFC,Preston North End,0,1,0,1,,,False,0,1,False,3.0,2.0,True,Ross Joyce,SO Legal Stadium,3108.0,Andy Whing,Paul Heckingbottom,5-3-2,3-5-2,4634017,CGB,6168,466,player-scores,https://www.transfermarkt.co.uk/spielbericht/index/spielbericht/4634017,,
EFL Cup,EN,First Round,2025-08-12,Blackburn Rovers,Bradford City,1,2,1,2,,,False,1,2,False,2.0,3.0,True,Anthony Backhouse,Ewood Park,9855.0,Valérien Ismaël,Graham Alexander,4-2-3-1,3-4-2-1,4634029,CGB,164,1027,player-scores,https://www.transfermarkt.co.uk/spielbericht/index/spielbericht/4634029,,
EFL Cup,EN,First Round,2025-08-12,Blackpool FC,Port Vale FC,0,1,0,1,,,False,0,1,False,3.0,3.0,True,Simon Mather,Bloomfield Road,2606.0,Steve Bruce,Darren Moore,4-4-2,3-4-1-2,4634019,CGB,1181,1211,player-scores,https://www.transfermarkt.co.uk/spielbericht/index/spielbericht/4634019,,
EFL Cup,EN,First Round,2025-08-12,Bristol City,Milton Keynes Dons,2,0,2,0,,,False,2,0,False,2.0,3.0,True,Bobby Madley,Ashton Gate,10280.0,Gerhard Struber,Paul Warne,3-4-2-1,3-5-2 flat,4634037,CGB,698,991,player-scores,https://www.transfermarkt.co.uk/spielbericht/index/spielbericht/4634037,,
EFL Cup,EN,First Round,2025-08-12,Bristol Rovers,Cambridge United,0,2,0,2,,,False,0,2,False,3.0,3.0,True,Oliver Mackey,Memorial Stadium,2681.0,Darrell Clarke,Neil Harris,3-4-3,4-2-3-1,4634039,CGB,2455,986,player-scores,https://www.transfermarkt.co.uk/spielbericht/index/spielbericht/4634039,,
EFL Cup,EN,First Round,2025-08-12,Bromley FC,Ipswich Town,1,1,1,1,5.0,4.0,False,6,5,False,3.0,2.0,True,Matthew Russell,CopperJax Community Stadium,3005.0,Andy Woodman,Kieran McKenna,3-4-1-2,4-2-3-1,4634038,CGB,8981,677,player-scores,https://www.transfermarkt.co.uk/spielbericht/index/spielbericht/4634038,,
EFL Cup,EN,First Round,2025-08-12,Cardiff City,Swindon Town,2,1,2,1,,,False,2,1,False,3.0,3.0,True,Elliot Bell,Cardiff City Stadium,7160.0,Brian Barry-Murphy,Ian Holloway,4-3-3 Attacking,4-3-3 Attacking,4634045,CGB,603,352,player-scores,https://www.transfermarkt.co.uk/spielbericht/index/spielbericht/4634045,,
EFL Cup,EN,First Round,2025-08-12,Charlton Athletic,Stevenage FC,3,1,3,1,,,False,3,1,False,2.0,3.0,True,Craig Hicks,The Valley,4092.0,Nathan Jones,Alex Revell,3-5-2,4-2-3-1,4634042,CGB,358,3684,player-scores,https://www.transfermarkt.co.uk/spielbericht/index/spielbericht/4634042,,
EFL Cup,EN,First Round,2025-08-12,Chesterfield FC,Mansfield Town,0,2,0,2,,,False,0,2,False,3.0,3.0,True,Adam Herczeg,SMH Group Stadium,9502.0,Paul Cook,Nigel Clough,4-2-3-1,5-4-1,4634033,CGB,1219,3820,player-scores,https://www.transfermarkt.co.uk/spielbericht/index/spielbericht/4634033,,
EFL Cup,EN,First Round,2025-08-12,Coventry City,Luton Town,1,0,1,0,,,False,1,0,False,2.0,3.0,True,Leigh Doughty,Coventry Building Society Arena,10595.0,Frank Lampard,Matt Bloomfield,4-4-2,3-4-2-1,4634036,CGB,990,1031,player-scores,https://www.transfermarkt.co.uk/spielbericht/index/spielbericht/4634036,,
EFL Cup,EN,First Round,2025-08-12,Gillingham FC,AFC Wimbledon,1,1,1,1,2.0,4.0,False,3,5,False,3.0,3.0,True,Neil Hair,Priestfield Stadium,2205.0,Gareth Ainsworth,Johnnie Jackson,3-4-1-2,3-4-3,4634046,CGB,2814,3884,player-scores,https://www.transfermarkt.co.uk/spielbericht/index/spielbericht/4634046,,
EFL Cup,EN,First Round,2025-08-12,Grimsby Town,Shrewsbury Town,3,1,3,1,,,False,3,1,False,3.0,3.0,True,Seb Stockbridge,Blundell Park,3156.0,David Artell,Michael Appleton,4-1-4-1,5-3-2,4634018,CGB,1034,3054,player-scores,https://www.transfermarkt.co.uk/spielbericht/index/spielbericht/4634018,,
EFL Cup,EN,First Round,2025-08-12,Harrogate Town,Lincoln City,1,3,1,3,,,False,1,3,False,3.0,3.0,True,Zac Kennard-Kettle,The Exercise Stadium,2119.0,Simon Weaver,Michael Skubala,4-2-3-1,4-2-3-1,4634021,CGB,12020,1198,player-scores,https://www.transfermarkt.co.uk/spielbericht/index/spielbericht/4634021,,
EFL Cup,EN,First Round,2025-08-12,Leyton Orient,Wycombe Wanderers,0,1,0,1,,,False,0,1,False,3.0,3.0,True,Tom Nield,BetWright Stadium,3293.0,Richie Wellens,Mike Dodds,4-2-3-1,4-2-3-1,4634040,CGB,1150,2805,player-scores,https://www.transfermarkt.co.uk/spielbericht/index/spielbericht/4634040,,
EFL Cup,EN,First Round,2025-08-12,Middlesbrough FC,Doncaster Rovers,0,4,0,4,,,False,0,4,False,2.0,3.0,True,Matt Corlett,Riverside Stadium,11979.0,Rob Edwards,Grant McCann,3-4-2-1,4-2-3-1,4634030,CGB,641,2454,player-scores,https://www.transfermarkt.co.uk/spielbericht/index/spielbericht/4634030,,
EFL Cup,EN,First Round,2025-08-12,Newport County,Millwall FC,0,1,0,1,,,False,0,1,False,3.0,2.0,True,Scott Oldham,Rodney Parade,2617.0,David Hughes,Alex Neil,3-5-2,4-2-3-1,4699496,CGB,3716,1028,player-scores,https://www.transfermarkt.co.uk/spielbericht/index/spielbericht/4699496,,
EFL Cup,EN,First Round,2025-08-12,Northampton Town,Southampton FC,0,1,0,1,,,False,0,1,False,3.0,2.0,True,David Rock,Sixfields Stadium,4381.0,Kevin Nolan,Will Still,5-4-1,3-4-2-1,4634047,CGB,1302,180,player-scores,https://www.transfermarkt.co.uk/spielbericht/index/spielbericht/4634047,,
EFL Cup,EN,First Round,2025-08-12,Oxford United,Colchester United,1,0,1,0,,,False,1,0,False,2.0,3.0,True,Jacob Miles,Kassam Stadium,3452.0,Gary Rowett,Danny Cowley,4-1-3-2,4-2-3-1,4634043,CGB,988,1060,player-scores,https://www.transfermarkt.co.uk/spielbericht/index/spielbericht/4634043,,
EFL Cup,EN,First Round,2025-08-12,Plymouth Argyle,Queens Park Rangers,3,2,3,2,,,False,3,2,False,3.0,2.0,True,John Busby,Home Park,10884.0,Tom Cleverley,Julien Stéphan,4-2-3-1,4-5-1,4634049,CGB,2262,1039,player-scores,https://www.transfermarkt.co.uk/spielbericht/index/spielbericht/4634049,,
EFL Cup,EN,First Round,2025-08-12,Portsmouth FC,Reading FC,1,2,1,2,,,False,1,2,False,2.0,3.0,True,Farai Hallam,Fratton Park,14525.0,John Mousinho,Noel Hunt,4-2-3-1,4-3-3 Attacking,4634051,CGB,1020,1032,player-scores,https://www.transfermarkt.co.uk/spielbericht/index/spielbericht/4634051,,
EFL Cup,EN,First Round,2025-08-12,Salford City,Rotherham United,0,0,0,0,2.0,3.0,False,2,3,False,3.0,3.0,True,Edward Duckworth,The Peninsula Stadium,1409.0,Karl Robinson,Matt Hamshaw,3-5-2 flat,4-2-3-1,4634020,CGB,34888,1194,player-scores,https://www.transfermarkt.co.uk/spielbericht/index/spielbericht/4634020,,
EFL Cup,EN,First Round,2025-08-12,Stockport County,Crewe Alexandra,3,1,3,1,,,False,3,1,False,3.0,3.0,True,Scott Jackson,Edgeley Park,4945.0,Dave Challinor,Lee Bell,3-4-1-2,5-3-2,4634023,CGB,1098,1042,player-scores,https://www.transfermarkt.co.uk/spielbericht/index/spielbericht/4634023,,
EFL Cup,EN,First Round,2025-08-12,Stoke City,Walsall FC,0,0,0,0,4.0,3.0,False,4,3,False,2.0,3.0,True,James Bell,bet365 Stadium,8809.0,Mark Robins,Mat Sadler,4-2-3-1,3-1-4-2,4634027,CGB,512,899,player-scores,https://www.transfermarkt.co.uk/spielbericht/index/spielbericht/4634027,,
EFL Cup,EN,First Round,2025-08-12,Swansea City,Crawley Town,3,1,3,1,,,False,3,1,False,2.0,3.0,True,Benjamin Speedie,Swansea.com Stadium,5095.0,Alan Sheehan,Scott Lindsey,4-2-3-1,3-4-1-2,4634050,CGB,2288,3537,player-scores,https://www.transfermarkt.co.uk/spielbericht/index/spielbericht/4634050,,
EFL Cup,EN,First Round,2025-08-12,Tranmere Rovers,Burton Albion,1,1,1,1,,,False,5,6,True,3.0,3.0,True,Simon Mather,Prenton Park,3524.0,Andy Crosby,Gary Bowyer,3-4-2-1,4-3-2-1,4634022,CGB,1074,2963,player-scores,https://www.transfermarkt.co.uk/spielbericht/index/spielbericht/4634022,,
EFL Cup,EN,First Round,2025-08-12,Watford FC,Norwich City,1,2,1,2,,,False,1,2,False,2.0,2.0,True,Dean Whitestone,Vicarage Road,9243.0,Paulo Pezzolano,Liam Manning,4-4-2,4-2-3-1,4634041,CGB,1010,1123,player-scores,https://www.transfermarkt.co.uk/spielbericht/index/spielbericht/4634041,,
EFL Cup,EN,First Round,2025-08-12,West Bromwich Albion,Derby County,1,1,1,1,2.0,3.0,False,3,4,False,2.0,2.0,True,Thomas Kirk,The Hawthorns,8548.0,Ryan Mason,John Eustace,4-2-3-1,3-5-2 flat,4634031,CGB,984,22,player-scores,https://www.transfermarkt.co.uk/spielbericht/index/spielbericht/4634031,,
EFL Cup,EN,First Round,2025-08-12,Wigan Athletic,Notts County,1,0,1,0,,,False,1,0,False,3.0,3.0,True,Oliver Yates,Brick Community Stadium,2907.0,Ryan Lowe,Martin Paterson,3-1-4-2,3-4-2-1,4634035,CGB,1071,1045,player-scores,https://www.transfermarkt.co.uk/spielbericht/index/spielbericht/4634035,,
EFL Cup,EN,First Round,2025-08-12,Wrexham AFC,Hull City,3,3,3,3,5.0,3.0,False,8,6,False,2.0,2.0,True,Josh Smith,STōK Cae Ras,10106.0,Phil Parkinson,Sergej Jakirovic,3-4-1-2,4-2-3-1,4634025,CGB,1112,3008,player-scores,https://www.transfermarkt.co.uk/spielbericht/index/spielbericht/4634025,,
EFL Cup,EN,First Round,2025-08-13,Barnsley FC,Fleetwood Town,2,2,2,2,5.0,4.0,False,7,6,False,3.0,3.0,True,Carl Brook,Oakwell Stadium,3259.0,Conor Hourihane,Pete Wild,4-2-3-1,5-3-2,4634034,CGB,349,11177,player-scores,https://www.transfermarkt.co.uk/spielbericht/index/spielbericht/4634034,,
EFL Cup,EN,First Round,2025-08-13,Birmingham City,Sheffield United,2,1,2,1,,,False,2,1,False,2.0,2.0,True,Gavin Ward,St. Andrew’s @ Knighthead Park,16357.0,Chris Davies,Rubén Sellés,4-2-3-1,4-1-4-1,4634026,CGB,337,350,player-scores,https://www.transfermarkt.co.uk/spielbericht/index/spielbericht/4634026,,
EFL Cup,EN,First Round,2025-08-13,Bolton Wanderers,Sheffield Wednesday,3,3,3,3,2.0,4.0,False,5,7,False,3.0,2.0,True,Oliver Langford,Toughsheet Community Stadium,8208.0,Steven Schumacher,Henrik Pedersen,4-2-3-1,4-4-1-1,4634032,CGB,355,1035,player-scores,https://www.transfermarkt.co.uk/spielbericht/index/spielbericht/4634032,,
EFL Cup,EN,First Round,2025-08-13,Cheltenham Town,Exeter City,2,0,2,0,,,False,2,0,False,3.0,3.0,True,Alan Young,EV Charger Points Stadium,2109.0,Michael Flynn,Gary Caldwell,3-4-2-1,3-4-1-2,4634048,CGB,3371,6699,player-scores,https://www.transfermarkt.co.uk/spielbericht/index/spielbericht/4634048,,
EFL Cup,EN,First Round,2025-08-13,Huddersfield Town,Leicester City,2,2,2,2,3.0,2.0,False,5,4,False,3.0,2.0,True,David Webb,Accu Stadium,6884.0,Lee Grant,Martí Cifuentes,4-2-3-1,4-2-3-1,4634024,CGB,1110,1003,player-scores,https://www.transfermarkt.co.uk/spielbericht/index/spielbericht/4634024,,
EFL Cup,EN,Second Round,2025-08-26,AFC Bournemouth,Brentford FC,0,2,0,2,,,False,0,2,False,1.0,1.0,True,Michael Salisbury,Vitality Stadium,10499.0,Andoni Iraola,Keith Andrews,4-2-3-1,3-4-1-2,4709794,CGB,989,1148,player-scores,https://www.transfermarkt.co.uk/spielbericht/index/spielbericht/4709794,,
EFL Cup,EN,Second Round,2025-08-26,Accrington Stanley,Doncaster Rovers,0,2,0,2,,,False,0,2,False,3.0,3.0,True,Zac Kennard-Kettle,The Wham Stadium,1270.0,John Doolan,Grant McCann,3-4-1-2,4-2-3-1,4709783,CGB,3688,2454,player-scores,https://www.transfermarkt.co.uk/spielbericht/index/spielbericht/4709783,,
EFL Cup,EN,Second Round,2025-08-26,Barnsley FC,Rotherham United,2,1,2,1,,,False,2,1,False,3.0,3.0,True,Matt Corlett,Oakwell Stadium,5803.0,Conor Hourihane,Matt Hamshaw,4-2-3-1,5-3-2,4709792,CGB,349,1194,player-scores,https://www.transfermarkt.co.uk/spielbericht/index/spielbericht/4709792,,
EFL Cup,EN,Second Round,2025-08-26,Birmingham City,Port Vale FC,0,1,0,1,,,False,0,1,False,2.0,3.0,True,Benjamin Speedie,St. Andrew’s @ Knighthead Park,21052.0,Chris Davies,Darren Moore,4-4-2,3-4-3,4715178,CGB,337,1211,player-scores,https://www.transfermarkt.co.uk/spielbericht/index/spielbericht/4715178,,
EFL Cup,EN,Second Round,2025-08-26,Bromley FC,Wycombe Wanderers,1,1,1,1,4.0,5.0,False,5,6,False,3.0,3.0,True,Thomas Parsons,CopperJax Community Stadium,2310.0,Andy Woodman,Mike Dodds,3-5-2 flat,3-4-2-1,4709797,CGB,8981,2805,player-scores,https://www.transfermarkt.co.uk/spielbericht/index/spielbericht/4709797,,
EFL Cup,EN,Second Round,2025-08-26,Burnley FC,Derby County,2,1,2,1,,,False,2,1,False,1.0,2.0,True,Andrew Kitchen,Turf Moor,7019.0,Scott Parker,John Eustace,4-4-2,3-5-2 flat,4709786,CGB,1132,22,player-scores,https://www.transfermarkt.co.uk/spielbericht/index/spielbericht/4709786,,
EFL Cup,EN,Second Round,2025-08-26,Burton Albion,Lincoln City,0,1,0,1,,,False,0,1,False,3.0,3.0,True,Oliver Mackey,Pirelli Stadium,1837.0,Gary Bowyer,Michael Skubala,3-4-1-2,4-2-3-1,4715177,CGB,2963,1198,player-scores,https://www.transfermarkt.co.uk/spielbericht/index/spielbericht/4715177,,
EFL Cup,EN,Second Round,2025-08-26,Cambridge United,Charlton Athletic,3,1,3,1,,,False,3,1,False,3.0,2.0,True,David Rock,Cledara Abbey Stadium,3231.0,Neil Harris,Nathan Jones,4-4-2,3-5-2 flat,4709789,CGB,986,358,player-scores,https://www.transfermarkt.co.uk/spielbericht/index/spielbericht/4709789,,
EFL Cup,EN,Second Round,2025-08-26,Cardiff City,Cheltenham Town,3,0,3,0,,,False,3,0,False,3.0,3.0,True,Edward Duckworth,Cardiff City Stadium,6233.0,Brian Barry-Murphy,Michael Flynn,4-2-3-1,4-2-3-1,4709798,CGB,603,3371,player-scores,https://www.transfermarkt.co.uk/spielbericht/index/spielbericht/4709798,,
EFL Cup,EN,Second Round,2025-08-26,Millwall FC,Coventry City,2,1,2,1,,,False,2,1,False,2.0,2.0,True,Stephen Martin,The Den,7048.0,Alex Neil,Frank Lampard,4-2-3-1,4-4-2,4709795,CGB,1028,990,player-scores,https://www.transfermarkt.co.uk/spielbericht/index/spielbericht/4709795,,
EFL Cup,EN,Second Round,2025-08-26,Norwich City,Southampton FC,0,3,0,3,,,False,0,3,False,2.0,2.0,True,Tom Nield,Carrow Road,17351.0,Liam Manning,Will Still,3-4-3,3-5-2 flat,4709793,CGB,1123,180,player-scores,https://www.transfermarkt.co.uk/spielbericht/index/spielbericht/4709793,,
EFL Cup,EN,Second Round,2025-08-26,Preston North End,Wrexham AFC,2,3,2,3,,,False,2,3,False,2.0,2.0,True,Adam Herczeg,Deepdale,12350.0,Paul Heckingbottom,Phil Parkinson,3-1-4-2,3-5-2 flat,4709791,CGB,466,1112,player-scores,https://www.transfermarkt.co.uk/spielbericht/index/spielbericht/4709791,,
EFL Cup,EN,Second Round,2025-08-26,Reading FC,AFC Wimbledon,2,1,2,1,,,False,2,1,False,3.0,3.0,True,Jacob Miles,Select Car Leasing Stadium,3860.0,Noel Hunt,Johnnie Jackson,4-3-3 Attacking,4-3-3 Attacking,4709787,CGB,1032,3884,player-scores,https://www.transfermarkt.co.uk/spielbericht/index/spielbericht/4709787,,
EFL Cup,EN,Second Round,2025-08-26,Sheffield Wednesday,Leeds United,1,1,1,1,3.0,0.0,False,4,1,False,2.0,1.0,True,Robert Jones,Hillsborough,7801.0,Henrik Pedersen,Daniel Farke,5-3-2,4-2-3-1,4709803,CGB,1035,399,player-scores,https://www.transfermarkt.co.uk/spielbericht/index/spielbericht/4709803,,
EFL Cup,EN,Second Round,2025-08-26,Stoke City,Bradford City,0,3,0,3,,,False,0,3,False,2.0,3.0,True,Leigh Doughty,bet365 Stadium,9947.0,Mark Robins,Graham Alexander,4-2-3-1,3-4-2-1,4709785,CGB,512,1027,player-scores,https://www.transfermarkt.co.uk/spielbericht/index/spielbericht/4709785,,
EFL Cup,EN,Second Round,2025-08-26,Sunderland AFC,Huddersfield Town,1,1,1,1,5.0,6.0,False,6,7,False,1.0,3.0,True,Dean Whitestone,Stadium of Light,22249.0,Régis Le Bris,Lee Grant,4-4-2,4-2-3-1,4709790,CGB,289,1110,player-scores,https://www.transfermarkt.co.uk/spielbericht/index/spielbericht/4709790,,
EFL Cup,EN,Second Round,2025-08-26,Swansea City,Plymouth Argyle,1,1,1,1,5.0,3.0,False,6,4,False,2.0,3.0,True,Elliot Bell,Swansea.com Stadium,7279.0,Alan Sheehan,Tom Cleverley,4-2-3-1,4-4-2,4709796,CGB,2288,2262,player-scores,https://www.transfermarkt.co.uk/spielbericht/index/spielbericht/4709796,,
EFL Cup,EN,Second Round,2025-08-26,Wigan Athletic,Stockport County,1,0,1,0,,,False,1,0,False,3.0,3.0,True,Tom Reeves,Brick Community Stadium,3119.0,Ryan Lowe,Dave Challinor,3-1-4-2,3-5-2 flat,4709784,CGB,1071,1098,player-scores,https://www.transfermarkt.co.uk/spielbericht/index/spielbericht/4709784,,
EFL Cup,EN,Second Round,2025-08-26,Wolverhampton Wanderers,West Ham United,3,2,3,2,,,False,3,2,False,1.0,1.0,True,Darren England,Molineux Stadium,19561.0,Vítor Pereira,Graham Potter,3-4-2-1,3-5-2 flat,4709788,CGB,543,379,player-scores,https://www.transfermarkt.co.uk/spielbericht/index/spielbericht/4709788,,
EFL Cup,EN,Second Round,2025-08-27,Everton FC,Mansfield Town,2,0,2,0,,,False,2,0,False,1.0,3.0,True,Thomas Bramall,Hill Dickinson Stadium,48583.0,David Moyes,Nigel Clough,4-2-3-1,4-2-3-1,4709799,CGB,29,3820,player-scores,https://www.transfermarkt.co.uk/spielbericht/index/spielbericht/4709799,,
EFL Cup,EN,Second Round,2025-08-27,Fulham FC,Bristol City,2,0,2,0,,,False,2,0,False,1.0,2.0,True,Lewis Smith,Craven Cottage,11749.0,Marco Silva,Gerhard Struber,4-2-3-1,3-4-2-1,4709800,CGB,931,698,player-scores,https://www.transfermarkt.co.uk/spielbericht/index/spielbericht/4709800,,
EFL Cup,EN,Second Round,2025-08-27,Grimsby Town,Manchester United,2,2,2,2,12.0,11.0,False,14,13,False,3.0,1.0,True,Tony Harrington,Blundell Park,8647.0,David Artell,Ruben Amorim,4-1-4-1,3-4-3,4709802,CGB,1034,985,player-scores,https://www.transfermarkt.co.uk/spielbericht/index/spielbericht/4709802,,
EFL Cup,EN,Second Round,2025-08-27,Oxford United,Brighton & Hove Albion,0,6,0,6,,,False,0,6,False,2.0,1.0,True,Oliver Langford,Kassam Stadium,9010.0,Gary Rowett,Fabian Hürzeler,5-4-1,4-2-3-1,4709801,CGB,988,1237,player-scores,https://www.transfermarkt.co.uk/spielbericht/index/spielbericht/4709801,,
EFL Cup,EN,Third Round,2025-09-16,Brentford FC,Aston Villa,1,1,1,1,4.0,2.0,False,5,3,False,1.0,1.0,True,John Brooks,Gtech Community Stadium,15895.0,Keith Andrews,Unai Emery,3-5-2 flat,4-2-3-1,4715842,CGB,1148,405,player-scores,https://www.transfermarkt.co.uk/spielbericht/index/spielbericht/4715842,,
EFL Cup,EN,Third Round,2025-09-16,Crystal Palace,Millwall FC,1,1,1,1,4.0,2.0,False,5,3,False,1.0,2.0,True,John Busby,Selhurst Park,2687.0,Oliver Glasner,Alex Neil,3-4-2-1,3-4-2-1,4715840,CGB,873,1028,player-scores,https://www.transfermarkt.co.uk/spielbericht/index/spielbericht/4715840,,
EFL Cup,EN,Third Round,2025-09-16,Sheffield Wednesday,Grimsby Town,0,1,0,1,,,False,0,1,False,2.0,3.0,True,Elliot Bell,Hillsborough,9424.0,Henrik Pedersen,David Artell,3-5-2 flat,4-1-4-1,4715850,CGB,1035,1034,player-scores,https://www.transfermarkt.co.uk/spielbericht/index/spielbericht/4715850,,
EFL Cup,EN,Third Round,2025-09-17,Swansea City,Nottingham Forest,3,2,3,2,,,False,3,2,False,2.0,1.0,True,John Busby,Swansea.com Stadium,11354.0,Alan Sheehan,Ange Postecoglou,4-2-3-1,4-2-3-1,4715851,CGB,2288,703,player-scores,https://www.transfermarkt.co.uk/spielbericht/index/spielbericht/4715851,,
EFL Cup,EN,Third Round,2025-09-23,Barnsley FC,Brighton & Hove Albion,0,6,0,6,,,False,0,6,False,3.0,1.0,True,Tom Reeves,Oakwell Stadium,7790.0,Conor Hourihane,Fabian Hürzeler,4-2-3-1,4-2-3-1,4715841,CGB,349,1237,player-scores,https://www.transfermarkt.co.uk/spielbericht/index/spielbericht/4715841,,
EFL Cup,EN,Third Round,2025-09-23,Burnley FC,Cardiff City,1,2,1,2,,,False,1,2,False,1.0,3.0,True,David Webb,Turf Moor,6010.0,Scott Parker,Brian Barry-Murphy,3-4-1-2,4-2-3-1,4715843,CGB,1132,603,player-scores,https://www.transfermarkt.co.uk/spielbericht/index/spielbericht/4715843,,
EFL Cup,EN,Third Round,2025-09-23,Fulham FC,Cambridge United,1,0,1,0,,,False,1,0,False,1.0,3.0,True,Ruebyn Ricardo,Craven Cottage,16254.0,Marco Silva,Neil Harris,4-2-3-1,4-4-2,4715844,CGB,931,986,player-scores,https://www.transfermarkt.co.uk/spielbericht/index/spielbericht/4715844,,
EFL Cup,EN,Third Round,2025-09-23,Lincoln City,Chelsea FC,1,2,1,2,,,False,1,2,False,3.0,1.0,True,Matthew Donohue,LNER Stadium,10214.0,Michael Skubala,Enzo Maresca,5-3-2,4-2-3-1,4715847,CGB,1198,631,player-scores,https://www.transfermarkt.co.uk/spielbericht/index/spielbericht/4715847,,
EFL Cup,EN,Third Round,2025-09-23,Liverpool FC,Southampton FC,2,1,2,1,,,False,2,1,False,1.0,2.0,True,Thomas Bramall,Anfield,59518.0,Arne Slot,Will Still,4-2-3-1,5-4-1,4715845,CGB,31,180,player-scores,https://www.transfermarkt.co.uk/spielbericht/index/spielbericht/4715845,,
EFL Cup,EN,Third Round,2025-09-23,Wigan Athletic,Wycombe Wanderers,0,2,0,2,,,False,0,2,False,3.0,3.0,True,Edward Duckworth,Brick Community Stadium,2077.0,Ryan Lowe,Michael Duff,3-1-4-2,3-5-2 flat,4715853,CGB,1071,2805,player-scores,https://www.transfermarkt.co.uk/spielbericht/index/spielbericht/4715853,,
EFL Cup,EN,Third Round,2025-09-23,Wolverhampton Wanderers,Everton FC,2,0,2,0,,,False,2,0,False,1.0,1.0,True,Craig Pawson,Molineux Stadium,18758.0,Vítor Pereira,David Moyes,4-3-3 Attacking,4-2-3-1,4715854,CGB,543,29,player-scores,https://www.transfermarkt.co.uk/spielbericht/index/spielbericht/4715854,,
EFL Cup,EN,Third Round,2025-09-23,Wrexham AFC,Reading FC,2,0,2,0,,,False,2,0,False,2.0,3.0,True,Simon Mather,STōK Cae Ras,9457.0,Phil Parkinson,Noel Hunt,3-4-2-1,4-2-3-1,4715855,CGB,1112,1032,player-scores,https://www.transfermarkt.co.uk/spielbericht/index/spielbericht/4715855,,
EFL Cup,EN,Third Round,2025-09-24,Huddersfield Town,Manchester City,0,2,0,2,,,False,0,2,False,3.0,1.0,True,Michael Salisbury,Accu Stadium,22052.0,Lee Grant,Pep Guardiola,4-2-3-1,4-1-4-1,4715846,CGB,1110,281,player-scores,https://www.transfermarkt.co.uk/spielbericht/index/spielbericht/4715846,,
EFL Cup,EN,Third Round,2025-09-24,Newcastle United,Bradford City,4,1,4,1,,,False,4,1,False,1.0,3.0,True,Thomas Kirk,St James' Park,51249.0,Eddie Howe,Graham Alexander,4-3-3 Attacking,3-4-3,4715848,CGB,762,1027,player-scores,https://www.transfermarkt.co.uk/spielbericht/index/spielbericht/4715848,,
EFL Cup,EN,Third Round,2025-09-24,Port Vale FC,Arsenal FC,0,2,0,2,,,False,0,2,False,3.0,1.0,True,Andrew Kitchen,Vale Park,16326.0,Darren Moore,Mikel Arteta,3-5-2 flat,4-3-3 Attacking,4715849,CGB,1211,11,player-scores,https://www.transfermarkt.co.uk/spielbericht/index/spielbericht/4715849,,
EFL Cup,EN,Third Round,2025-09-24,Tottenham Hotspur,Doncaster Rovers,3,0,3,0,,,False,3,0,False,1.0,3.0,True,Andrew Madley,Tottenham Hotspur Stadium,42473.0,Thomas Frank,Grant McCann,4-3-3 Attacking,4-2-3-1,4715852,CGB,148,2454,player-scores,https://www.transfermarkt.co.uk/spielbericht/index/spielbericht/4715852,,
EFL Cup,EN,Fourth Round,2025-10-28,Grimsby Town,Brentford FC,0,5,0,5,,,False,0,5,False,3.0,1.0,True,Thomas Kirk,Blundell Park,8637.0,David Artell,Keith Andrews,4-1-4-1,4-2-3-1,4740847,CGB,1034,1148,player-scores,https://www.transfermarkt.co.uk/spielbericht/index/spielbericht/4740847,,
EFL Cup,EN,Fourth Round,2025-10-28,Wrexham AFC,Cardiff City,1,2,1,2,,,False,1,2,False,2.0,3.0,True,Gavin Ward,STōK Cae Ras,10563.0,Phil Parkinson,Brian Barry-Murphy,5-3-2,4-5-1,4740849,CGB,1112,603,player-scores,https://www.transfermarkt.co.uk/spielbericht/index/spielbericht/4740849,,
EFL Cup,EN,Fourth Round,2025-10-28,Wycombe Wanderers,Fulham FC,1,1,1,1,4.0,5.0,False,5,6,False,3.0,1.0,True,Bobby Madley,Adams Park,9709.0,Michael Duff,Marco Silva,4-2-3-1,4-3-3 Attacking,4740848,CGB,2805,931,player-scores,https://www.transfermarkt.co.uk/spielbericht/index/spielbericht/4740848,,
EFL Cup,EN,Fourth Round,2025-10-29,Arsenal FC,Brighton & Hove Albion,2,0,2,0,,,False,2,0,False,1.0,1.0,True,Samuel Barrott,Emirates Stadium,59292.0,Mikel Arteta,Fabian Hürzeler,4-3-3 Attacking,5-4-1,4740850,CGB,11,1237,player-scores,https://www.transfermarkt.co.uk/spielbericht/index/spielbericht/4740850,,
EFL Cup,EN,Fourth Round,2025-10-29,Liverpool FC,Crystal Palace,0,3,0,3,,,False,0,3,False,1.0,1.0,True,Craig Pawson,Anfield,60420.0,Arne Slot,Oliver Glasner,5-4-1,3-4-2-1,4740851,CGB,31,873,player-scores,https://www.transfermarkt.co.uk/spielbericht/index/spielbericht/4740851,,
EFL Cup,EN,Fourth Round,2025-10-29,Newcastle United,Tottenham Hotspur,2,0,2,0,,,False,2,0,False,1.0,1.0,True,Chris Kavanagh,St James' Park,51216.0,Eddie Howe,Thomas Frank,4-3-3 Attacking,4-2-3-1,4740854,CGB,762,148,player-scores,https://www.transfermarkt.co.uk/spielbericht/index/spielbericht/4740854,,
EFL Cup,EN,Fourth Round,2025-10-29,Swansea City,Manchester City,1,3,1,3,,,False,1,3,False,2.0,1.0,True,Jarred Gillett,Swansea.com Stadium,20490.0,Alan Sheehan,Pep Guardiola,5-4-1,4-2-3-1,4740852,CGB,2288,281,player-scores,https://www.transfermarkt.co.uk/spielbericht/index/spielbericht/4740852,,
EFL Cup,EN,Fourth Round,2025-10-29,Wolverhampton Wanderers,Chelsea FC,3,4,3,4,,,False,3,4,False,1.0,1.0,True,Thomas Bramall,Molineux Stadium,24449.0,Vítor Pereira,Enzo Maresca,4-1-4-1,4-2-3-1,4740853,CGB,543,631,player-scores,https://www.transfermarkt.co.uk/spielbericht/index/spielbericht/4740853,,
EFL Cup,EN,Quarter-Finals,2025-12-16,Cardiff City,Chelsea FC,1,3,1,3,,,False,1,3,False,3.0,1.0,True,Tony Harrington,Cardiff City Stadium,33027.0,Brian Barry-Murphy,Enzo Maresca,4-1-4-1,4-2-3-1,4769166,CGB,603,631,player-scores,https://www.transfermarkt.co.uk/spielbericht/index/spielbericht/4769166,,
EFL Cup,EN,Quarter-Finals,2025-12-17,Manchester City,Brentford FC,2,0,2,0,,,False,2,0,False,1.0,1.0,True,Samuel Barrott,Etihad Stadium,,Pep Guardiola,Keith Andrews,4-2-3-1,5-3-2,4769163,CGB,281,1148,player-scores,https://www.transfermarkt.co.uk/spielbericht/index/spielbericht/4769163,,
EFL Cup,EN,Quarter-Finals,2025-12-17,Newcastle United,Fulham FC,2,1,2,1,,,False,2,1,False,1.0,1.0,True,Darren England,St James' Park,51301.0,Eddie Howe,Marco Silva,4-3-3 Attacking,4-2-3-1,4769164,CGB,762,931,player-scores,https://www.transfermarkt.co.uk/spielbericht/index/spielbericht/4769164,,
EFL Cup,EN,Quarter-Finals,2025-12-23,Arsenal FC,Crystal Palace,1,1,1,1,8.0,7.0,False,9,8,False,1.0,1.0,True,Stuart Attwell,Emirates Stadium,59497.0,Mikel Arteta,Oliver Glasner,4-3-3 Attacking,3-4-3,4769165,CGB,11,873,player-scores,https://www.transfermarkt.co.uk/spielbericht/index/spielbericht/4769165,,
EFL Cup,EN,Semi-Finals 1st Leg,2026-01-13,Newcastle United,Manchester City,0,2,0,2,,,False,0,2,False,1.0,1.0,True,Chris Kavanagh,St James' Park,51392.0,Eddie Howe,Pep Guardiola,4-3-3 Attacking,4-1-4-1,4798808,CGB,762,281,player-scores,https://www.transfermarkt.co.uk/spielbericht/index/spielbericht/4798808,,
EFL Cup,EN,Semi-Finals 1st Leg,2026-01-14,Chelsea FC,Arsenal FC,2,3,2,3,,,False,2,3,False,1.0,1.0,True,Simon Hooper,Stamford Bridge,39243.0,Liam Rosenior,Mikel Arteta,4-2-3-1,4-3-3 Attacking,4798809,CGB,631,11,player-scores,https://www.transfermarkt.co.uk/spielbericht/index/spielbericht/4798809,,
EFL Cup,EN,Semi-Finals 2nd Leg,2026-02-03,Arsenal FC,Chelsea FC,1,0,1,0,,,False,1,0,False,1.0,1.0,True,Peter Bankes,Emirates Stadium,59452.0,Mikel Arteta,Liam Rosenior,4-3-3 Attacking,3-5-2 flat,4798810,CGB,11,631,player-scores,https://www.transfermarkt.co.uk/spielbericht/index/spielbericht/4798810,,
EFL Cup,EN,Semi-Finals 2nd Leg,2026-02-04,Manchester City,Newcastle United,3,1,3,1,,,False,3,1,False,1.0,1.0,True,Tony Harrington,Etihad Stadium,41834.0,Pep Guardiola,Eddie Howe,4-1-4-1,3-4-1-2,4798811,CGB,281,762,player-scores,https://www.transfermarkt.co.uk/spielbericht/index/spielbericht/4798811,,
EFL Cup,EN,Final,2026-03-22,Arsenal FC,Manchester City,0,2,0,2,,,False,0,2,False,1.0,1.0,True,Peter Bankes,Wembley Stadium,88486.0,Mikel Arteta,Pep Guardiola,4-2-3-1,4-1-4-1,4818788,CGB,11,281,player-scores,https://www.transfermarkt.co.uk/spielbericht/index/spielbericht/4818788,,
FA Cup,EN,First Round,2025-10-31,Luton Town,Forest Green Rovers ,4,3,4,3,,,False,4,3,False,3.0,3.0,False,Stephen Parkinson,Kenilworth Road,4511.0,Jack Wilshere,Robbie Savage,4-2-3-1,4-2-3-1,4753804,FAC,1031,3455,player-scores,https://www.transfermarkt.co.uk/spielbericht/index/spielbericht/4753804,,
FA Cup,EN,First Round,2025-11-01,AFC Wimbledon,Gateshead FC,0,2,0,2,,,False,0,2,False,3.0,3.0,False,Aaron Farmer,Cherry Red Records Stadium,5321.0,Johnnie Jackson,Alun Armstrong,3-5-2 flat,4-3-3 Attacking,4753806,FAC,3884,3456,player-scores,https://www.transfermarkt.co.uk/spielbericht/index/spielbericht/4753806,,
FA Cup,EN,First Round,2025-11-01,Barnsley FC,York City,3,2,3,2,,,False,3,2,False,3.0,3.0,False,Michael Barlow,Oakwell Stadium,5953.0,Conor Hourihane,Stuart Maynard,4-2-3-1,3-4-2-1,4753817,FAC,349,1252,player-scores,https://www.transfermarkt.co.uk/spielbericht/index/spielbericht/4753817,,
FA Cup,EN,First Round,2025-11-01,Blackpool FC,Scunthorpe United,1,0,1,0,,,False,1,0,False,3.0,3.0,False,Elliot Bell,Bloomfield Road,4503.0,Ian Evatt,Andy Butler,3-1-4-2,4-3-3 Attacking,4753807,FAC,1181,2964,player-scores,https://www.transfermarkt.co.uk/spielbericht/index/spielbericht/4753807,,
FA Cup,EN,First Round,2025-11-01,Bolton Wanderers,Huddersfield Town,2,1,2,1,,,False,2,1,False,3.0,3.0,False,Ross Joyce,Toughsheet Community Stadium,6077.0,Steven Schumacher,Lee Grant,4-4-1-1,4-2-3-1,4753808,FAC,355,1110,player-scores,https://www.transfermarkt.co.uk/spielbericht/index/spielbericht/4753808,,
FA Cup,EN,First Round,2025-11-01,Boreham Wood FC,Crawley Town,3,0,3,0,,,False,3,0,False,3.0,3.0,False,Sam Mulhall,Meadow Park,1536.0,Luke Garrard,Scott Lindsey,4-4-2,4-4-2,4753809,FAC,3867,3537,player-scores,https://www.transfermarkt.co.uk/spielbericht/index/spielbericht/4753809,,
FA Cup,EN,First Round,2025-11-01,Brackley Town,Notts County,2,2,2,2,4.0,3.0,False,6,5,False,3.0,3.0,False,Ben Atkinson,St James Park,2233.0,Gavin Cowan,Martin Paterson,3-4-1-2,3-4-2-1,4753838,FAC,20877,1045,player-scores,https://www.transfermarkt.co.uk/spielbericht/index/spielbericht/4753838,,
FA Cup,EN,First Round,2025-11-01,Bromley FC,Bristol Rovers,1,2,1,2,,,False,1,2,False,3.0,3.0,False,Isaac Searle,CopperJax Community Stadium,2500.0,Andy Woodman,Darrell Clarke,3-5-2 flat,3-4-2-1,4753810,FAC,8981,2455,player-scores,https://www.transfermarkt.co.uk/spielbericht/index/spielbericht/4753810,,
FA Cup,EN,First Round,2025-11-01,Burton Albion,St Albans City,6,0,6,0,,,False,6,0,False,3.0,3.0,False,Declan Brown,Pirelli Stadium,2523.0,Gary Bowyer,Michael Bostwick,3-1-4-2,4-3-2-1,4753811,FAC,2963,3826,player-scores,https://www.transfermarkt.co.uk/spielbericht/index/spielbericht/4753811,,
FA Cup,EN,First Round,2025-11-01,Buxton FC,Chatham Town,1,1,2,1,,,True,2,1,False,3.0,3.0,False,William Davis,Tarmac Silverlands Stadium,1652.0,John McGrath,Kevin Hake,4-2-3-1,4-3-3 Attacking,4753812,FAC,10895,29512,player-scores,https://www.transfermarkt.co.uk/spielbericht/index/spielbericht/4753812,,
FA Cup,EN,First Round,2025-11-01,Cambridge United,Chester FC,3,0,3,0,,,False,3,0,False,3.0,3.0,False,David Rock,Cledara Abbey Stadium,4329.0,Neil Harris,Calum McIntyre,4-4-2,4-3-3 Attacking,4753813,FAC,986,31367,player-scores,https://www.transfermarkt.co.uk/spielbericht/index/spielbericht/4753813,,
FA Cup,EN,First Round,2025-11-01,Chelmsford City,Braintree Town,4,1,4,1,,,False,4,1,False,3.0,3.0,False,Matthew Russell,The EMG Inspire Stadium,3502.0,Robbie Simpson,Steve Pitt,4-2-3-1,4-2-3-1,4753805,FAC,3698,6340,player-scores,https://www.transfermarkt.co.uk/spielbericht/index/spielbericht/4753805,,
FA Cup,EN,First Round,2025-11-01,Cheltenham Town,Bradford City,1,0,1,0,,,False,1,0,False,3.0,3.0,False,Rob Massey-Ellis,EV Charger Points Stadium,3075.0,Steve Cotterill,Graham Alexander,4-3-3 Attacking,3-4-3,4753814,FAC,3371,1027,player-scores,https://www.transfermarkt.co.uk/spielbericht/index/spielbericht/4753814,,
FA Cup,EN,First Round,2025-11-01,Colchester United,Milton Keynes Dons,2,3,2,3,,,False,2,3,False,3.0,3.0,False,Abigail Byrne,JobServe Community Stadium,3639.0,Danny Cowley,Paul Warne,4-2-3-1,3-5-2 flat,4753815,FAC,1060,991,player-scores,https://www.transfermarkt.co.uk/spielbericht/index/spielbericht/4753815,,
FA Cup,EN,First Round,2025-11-01,Crewe Alexandra,Doncaster Rovers,1,2,1,2,,,False,1,2,False,3.0,3.0,False,Neil Hair,Mornflake Stadium,2996.0,Lee Bell,Grant McCann,4-2-3-1,4-2-3-1,4753816,FAC,1042,2454,player-scores,https://www.transfermarkt.co.uk/spielbericht/index/spielbericht/4753816,,
FA Cup,EN,First Round,2025-11-01,FC Halifax Town,Exeter City,0,2,0,2,,,False,0,2,False,3.0,3.0,False,Andrew Miller,The Shay,1994.0,Adam Lakeland,Gary Caldwell,4-2-3-1,3-4-2-1,4753821,FAC,1127,6699,player-scores,https://www.transfermarkt.co.uk/spielbericht/index/spielbericht/4753821,,
FA Cup,EN,First Round,2025-11-01,Fleetwood Town,Barnet FC,2,1,2,1,,,False,2,1,False,3.0,3.0,False,Scott Jackson,Highbury Stadium,1076.0,Pete Wild,Dean Brennan,3-4-1-2,4-2-3-1,4753819,FAC,11177,2804,player-scores,https://www.transfermarkt.co.uk/spielbericht/index/spielbericht/4753819,,
FA Cup,EN,First Round,2025-11-01,Grimsby Town,Ebbsfleet United,3,1,3,1,,,False,3,1,False,3.0,3.0,False,Jamie O'Connor,Blundell Park,3392.0,David Artell,Josh Wright,4-1-4-1,3-4-3,4753824,FAC,1034,2797,player-scores,https://www.transfermarkt.co.uk/spielbericht/index/spielbericht/4753824,,
FA Cup,EN,First Round,2025-11-01,Macclesfield FC,AFC Totton,6,3,6,3,,,False,6,3,False,3.0,3.0,False,Oliver Yates,Leasing.com Stadium,2197.0,John Rooney,Jimmy Ball,4-3-3 Attacking,4-2-3-1,4753820,FAC,85287,20952,player-scores,https://www.transfermarkt.co.uk/spielbericht/index/spielbericht/4753820,,
FA Cup,EN,First Round,2025-11-01,Mansfield Town,Harrogate Town,3,2,3,2,,,False,3,2,False,3.0,3.0,False,Wayne Cartmel,One Call Stadium,3301.0,Nigel Clough,Simon Weaver,4-2-3-1,4-2-3-1,4753822,FAC,3820,12020,player-scores,https://www.transfermarkt.co.uk/spielbericht/index/spielbericht/4753822,,
FA Cup,EN,First Round,2025-11-01,Newport County,Gillingham FC,1,1,2,2,4.0,3.0,True,6,5,False,3.0,3.0,False,Ross Martin,Rodney Parade,2596.0,David Hughes,Gareth Ainsworth,4-4-2 Diamond,4-3-3 Attacking,4753823,FAC,3716,2814,player-scores,https://www.transfermarkt.co.uk/spielbericht/index/spielbericht/4753823,,
FA Cup,EN,First Round,2025-11-01,Oldham Athletic,Northampton Town,3,1,3,1,,,False,3,1,False,3.0,3.0,False,Peter Wright,Boundary Park,6393.0,Micky Mellon,Kevin Nolan,4-1-3-2,5-3-2,4753825,FAC,1078,1302,player-scores,https://www.transfermarkt.co.uk/spielbericht/index/spielbericht/4753825,,
FA Cup,EN,First Round,2025-11-01,Peterborough United,Cardiff City,1,0,1,0,,,False,1,0,False,3.0,3.0,False,Seb Stockbridge,Weston Homes Stadium,4405.0,Luke Williams,Brian Barry-Murphy,4-2-3-1,4-2-3-1,4753826,FAC,1072,603,player-scores,https://www.transfermarkt.co.uk/spielbericht/index/spielbericht/4753826,,
FA Cup,EN,First Round,2025-11-01,Reading FC,Carlisle United,2,2,2,3,,,True,2,3,False,3.0,3.0,False,Ruebyn Ricardo,Select Car Leasing Stadium,3929.0,Leam Richardson,Mark Hughes,4-2-3-1,4-2-3-1,4753818,FAC,1032,1220,player-scores,https://www.transfermarkt.co.uk/spielbericht/index/spielbericht/4753818,,
FA Cup,EN,First Round,2025-11-01,Rotherham United,Swindon Town,1,1,1,2,,,True,1,2,False,3.0,3.0,False,Martin Woods,New York Stadium,3351.0,Matt Hamshaw,Ian Holloway,3-1-4-2,3-4-3,4753827,FAC,1194,352,player-scores,https://www.transfermarkt.co.uk/spielbericht/index/spielbericht/4753827,,
FA Cup,EN,First Round,2025-11-01,Salford City,Lincoln City,1,1,1,1,4.0,2.0,False,5,3,False,3.0,3.0,False,Steven Copeland,The Peninsula Stadium,1951.0,Karl Robinson,Michael Skubala,3-5-2 flat,4-2-3-1,4753828,FAC,34888,1198,player-scores,https://www.transfermarkt.co.uk/spielbericht/index/spielbericht/4753828,,
FA Cup,EN,First Round,2025-11-01,Slough Town,Altrincham FC,2,1,2,1,,,False,2,1,False,3.0,3.0,False,Elliott Swallow,Arbour Park,1531.0,,,4-2-3-1,3-5-2 flat,4753829,FAC,11310,2962,player-scores,https://www.transfermarkt.co.uk/spielbericht/index/spielbericht/4753829,,
FA Cup,EN,First Round,2025-11-01,Spennymoor Town,Barrow AFC,0,2,0,2,,,False,0,2,False,3.0,3.0,False,Zac Kennard-Kettle,The Brewery Field,2283.0,Graeme Lee,Andy Whing,4-2-3-1,4-4-2,4753830,FAC,45922,6168,player-scores,https://www.transfermarkt.co.uk/spielbericht/index/spielbericht/4753830,,
FA Cup,EN,First Round,2025-11-01,Stevenage FC,Chesterfield FC,0,1,0,1,,,False,0,1,False,3.0,3.0,False,Alan Young,The Lamex Stadium,2084.0,Alex Revell,Paul Cook,4-2-3-1,4-2-3-1,4753831,FAC,3684,1219,player-scores,https://www.transfermarkt.co.uk/spielbericht/index/spielbericht/4753831,,
FA Cup,EN,First Round,2025-11-01,Sutton United,AFC Telford United,2,1,2,1,,,False,2,1,False,3.0,3.0,False,Alex Chilowicz,VBS Community Stadium,1575.0,Chris Agutter,Kevin Wilkin,3-4-2-1,4-4-1-1,4753832,FAC,3052,3694,player-scores,https://www.transfermarkt.co.uk/spielbericht/index/spielbericht/4753832,,
FA Cup,EN,First Round,2025-11-01,Tranmere Rovers,Stockport County,1,3,1,3,,,False,1,3,False,3.0,3.0,False,Simon Mather,Prenton Park,5164.0,Andy Crosby,Dave Challinor,3-4-3,3-4-3,4753833,FAC,1074,1098,player-scores,https://www.transfermarkt.co.uk/spielbericht/index/spielbericht/4753833,,
FA Cup,EN,First Round,2025-11-01,Wealdstone FC,Southend United,1,0,1,0,,,False,1,0,False,3.0,3.0,False,Carl Brook,The Freebets.co.uk Stadium,2145.0,Sam Cox,Kevin Maher,3-5-2 flat,5-3-2,4753834,FAC,4117,2793,player-scores,https://www.transfermarkt.co.uk/spielbericht/index/spielbericht/4753834,,
FA Cup,EN,First Round,2025-11-01,Weston-super-Mare AFC,Aldershot Town,1,1,2,1,,,True,2,1,False,3.0,3.0,False,James Durkin,Woodspring Stadium,2557.0,Scott Rogers,John Coleman,4-1-4-1,4-2-3-1,4753835,FAC,3712,3717,player-scores,https://www.transfermarkt.co.uk/spielbericht/index/spielbericht/4753835,,
FA Cup,EN,First Round,2025-11-01,Wigan Athletic,Hemel Hempstead Town,1,1,1,1,5.0,3.0,False,6,4,False,3.0,3.0,False,Aaron Bannister,Brick Community Stadium,4020.0,Ryan Lowe,Lee Allinson,3-1-4-2,4-2-3-1,4753836,FAC,1071,17980,player-scores,https://www.transfermarkt.co.uk/spielbericht/index/spielbericht/4753836,,
FA Cup,EN,First Round,2025-11-01,Wycombe Wanderers,Plymouth Argyle,2,0,2,0,,,False,2,0,False,3.0,3.0,False,Scott Oldham,Adams Park,3571.0,Michael Duff,Tom Cleverley,4-2-3-1,3-4-2-1,4753837,FAC,2805,2262,player-scores,https://www.transfermarkt.co.uk/spielbericht/index/spielbericht/4753837,,
FA Cup,EN,First Round,2025-11-02,Eastleigh FC,Walsall FC,0,3,0,3,,,False,0,3,False,3.0,3.0,False,Lee Swabey,Silverlake Stadium,2389.0,Scott Bartlett,Mat Sadler,5-4-1,3-5-2 flat,4753840,FAC,10391,899,player-scores,https://www.transfermarkt.co.uk/spielbericht/index/spielbericht/4753840,,
FA Cup,EN,First Round,2025-11-02,Gainsborough Trinity,Accrington Stanley,1,1,1,2,,,True,1,2,False,3.0,3.0,False,Andrew Humphries,Gainsborough Martin & Co. Arena,,Russ Wilcox,John Doolan,4-2-3-1,3-4-1-2,4753842,FAC,6684,3688,player-scores,https://www.transfermarkt.co.uk/spielbericht/index/spielbericht/4753842,,
FA Cup,EN,First Round,2025-11-02,Port Vale FC,Maldon & Tiptree FC,5,1,5,1,,,False,5,1,False,3.0,3.0,False,Richard Eley,Vale Park,4551.0,Darren Moore,Kevin Horlock,3-4-1-2,4-4-2,4753841,FAC,1211,27045,player-scores,https://www.transfermarkt.co.uk/spielbericht/index/spielbericht/4753841,,
FA Cup,EN,First Round,2025-11-02,South Shields FC,Shrewsbury Town,1,3,1,3,,,False,1,3,False,3.0,3.0,False,Thomas Parsons,1st Cloud Arena,3570.0,Ian Watson,Michael Appleton,4-2-3-1,3-4-3,4753839,FAC,34798,3054,player-scores,https://www.transfermarkt.co.uk/spielbericht/index/spielbericht/4753839,,
FA Cup,EN,First Round,2025-11-03,Tamworth FC,Leyton Orient,0,1,0,1,,,False,0,1,False,3.0,3.0,False,Matt Corlett,The Lamb Ground,2820.0,Andy Peaks,Richie Wellens,4-4-1-1,4-1-4-1,4753871,FAC,3539,1150,player-scores,https://www.transfermarkt.co.uk/spielbericht/index/spielbericht/4753871,,
FA Cup,EN,Second Round,2025-12-05,Salford City,Leyton Orient,4,0,4,0,,,False,4,0,False,3.0,3.0,False,Benjamin Speedie,The Peninsula Stadium,1796.0,Karl Robinson,Richie Wellens,3-1-4-2,4-2-3-1,4774922,FAC,34888,1150,player-scores,https://www.transfermarkt.co.uk/spielbericht/index/spielbericht/4774922,,
FA Cup,EN,Second Round,2025-12-06,Accrington Stanley,Mansfield Town,1,1,2,2,1.0,3.0,True,3,5,False,3.0,3.0,False,Stephen Parkinson,The Wham Stadium,1873.0,John Doolan,Nigel Clough,3-4-2-1,4-3-3 Attacking,4774923,FAC,3688,3820,player-scores,https://www.transfermarkt.co.uk/spielbericht/index/spielbericht/4774923,,
FA Cup,EN,Second Round,2025-12-06,Chelmsford City,Weston-super-Mare AFC,0,2,0,2,,,False,0,2,False,3.0,3.0,False,Carl Brook,The EMG Inspire Stadium,3628.0,Robbie Simpson,Scott Rogers,4-3-3 Attacking,4-2-3-1,4774930,FAC,3698,3712,player-scores,https://www.transfermarkt.co.uk/spielbericht/index/spielbericht/4774930,,
FA Cup,EN,Second Round,2025-12-06,Cheltenham Town,Buxton FC,6,2,6,2,,,False,6,2,False,3.0,3.0,False,Charles Breakspear,EV Charger Points Stadium,3589.0,Steve Cotterill,John McGrath,4-1-4-1,4-2-3-1,4774934,FAC,3371,10895,player-scores,https://www.transfermarkt.co.uk/spielbericht/index/spielbericht/4774934,,
FA Cup,EN,Second Round,2025-12-06,Chesterfield FC,Doncaster Rovers,1,2,1,2,,,False,1,2,False,3.0,3.0,False,Neil Hair,SMH Group Stadium,6175.0,Paul Cook,Grant McCann,4-2-3-1,4-1-4-1,4774936,FAC,1219,2454,player-scores,https://www.transfermarkt.co.uk/spielbericht/index/spielbericht/4774936,,
FA Cup,EN,Second Round,2025-12-06,Exeter City,Wycombe Wanderers,4,0,4,0,,,False,4,0,False,3.0,3.0,False,James Durkin,St James Park,5161.0,Gary Caldwell,Michael Duff,4-4-1-1,4-2-3-1,4774925,FAC,6699,2805,player-scores,https://www.transfermarkt.co.uk/spielbericht/index/spielbericht/4774925,,
FA Cup,EN,Second Round,2025-12-06,Fleetwood Town,Luton Town,2,2,2,2,4.0,2.0,False,6,4,False,3.0,3.0,False,Oliver Yates,Highbury Stadium,1180.0,Pete Wild,Jack Wilshere,3-4-1-2,4-3-3 Attacking,4774929,FAC,11177,1031,player-scores,https://www.transfermarkt.co.uk/spielbericht/index/spielbericht/4774929,,
FA Cup,EN,Second Round,2025-12-06,Grimsby Town,Wealdstone FC,4,0,4,0,,,False,4,0,False,3.0,3.0,False,Matthew Russell,Blundell Park,3655.0,David Artell,Sam Cox,4-1-4-1,4-4-2,4774926,FAC,1034,4117,player-scores,https://www.transfermarkt.co.uk/spielbericht/index/spielbericht/4774926,,
FA Cup,EN,Second Round,2025-12-06,Milton Keynes Dons,Oldham Athletic,3,1,3,1,,,False,3,1,False,3.0,3.0,False,Zac Kennard-Kettle,Stadium mk,3065.0,Paul Warne,Micky Mellon,3-5-2 flat,3-5-2 flat,4774927,FAC,991,1078,player-scores,https://www.transfermarkt.co.uk/spielbericht/index/spielbericht/4774927,,
FA Cup,EN,Second Round,2025-12-06,Peterborough United,Barnsley FC,0,1,0,1,,,False,0,1,False,3.0,3.0,False,Alan Young,Weston Homes Stadium,4157.0,Luke Williams,Conor Hourihane,4-2-3-1,4-2-3-1,4774933,FAC,1072,349,player-scores,https://www.transfermarkt.co.uk/spielbericht/index/spielbericht/4774933,,
FA Cup,EN,Second Round,2025-12-06,Port Vale FC,Bristol Rovers,1,0,1,0,,,False,1,0,False,3.0,3.0,False,Ross Joyce,Vale Park,3227.0,Darren Moore,Darrell Clarke,4-4-2,3-5-2 flat,4774932,FAC,1211,2455,player-scores,https://www.transfermarkt.co.uk/spielbericht/index/spielbericht/4774932,,
FA Cup,EN,Second Round,2025-12-06,Stockport County,Cambridge United,0,0,0,0,4.0,5.0,False,4,5,False,3.0,3.0,False,Richard Eley,Edgeley Park,5105.0,Dave Challinor,Neil Harris,3-4-2-1,3-4-2-1,4774928,FAC,1098,986,player-scores,https://www.transfermarkt.co.uk/spielbericht/index/spielbericht/4774928,,
FA Cup,EN,Second Round,2025-12-06,Sutton United,Shrewsbury Town,1,1,1,2,,,True,1,2,False,3.0,3.0,False,Jacob Miles,VBS Community Stadium,2505.0,Chris Agutter,Michael Appleton,4-2-3-1,3-4-2-1,4774935,FAC,3052,3054,player-scores,https://www.transfermarkt.co.uk/spielbericht/index/spielbericht/4774935,,
FA Cup,EN,Second Round,2025-12-06,Swindon Town,Bolton Wanderers,4,0,4,0,,,False,4,0,False,3.0,3.0,False,Lee Swabey,County Ground,9364.0,Ian Holloway,Steven Schumacher,3-5-2 flat,4-2-3-1,4774931,FAC,352,355,player-scores,https://www.transfermarkt.co.uk/spielbericht/index/spielbericht/4774931,,
FA Cup,EN,Second Round,2025-12-06,Wigan Athletic,Barrow AFC,2,2,2,2,4.0,3.0,False,6,5,False,3.0,3.0,False,Martin Coy,Brick Community Stadium,4623.0,Ryan Lowe,Andy Whing,3-1-4-2,3-4-2-1,4774924,FAC,1071,6168,player-scores,https://www.transfermarkt.co.uk/spielbericht/index/spielbericht/4774924,,
FA Cup,EN,Second Round,2025-12-07,Blackpool FC,Carlisle United,4,1,4,1,,,False,4,1,False,3.0,3.0,False,Tom Reeves,Bloomfield Road,5958.0,Ian Evatt,Mark Hughes,3-5-2 flat,4-2-3-1,4774940,FAC,1181,1220,player-scores,https://www.transfermarkt.co.uk/spielbericht/index/spielbericht/4774940,,
FA Cup,EN,Second Round,2025-12-07,Boreham Wood FC,Newport County,3,0,3,0,,,False,3,0,False,3.0,3.0,False,Paul Howard,Meadow Park,1825.0,Luke Garrard,Christian Fuchs,4-2-3-1,4-4-1-1,4774938,FAC,3867,3716,player-scores,https://www.transfermarkt.co.uk/spielbericht/index/spielbericht/4774938,,
FA Cup,EN,Second Round,2025-12-07,Gateshead FC,Walsall FC,0,2,0,2,,,False,0,2,False,3.0,3.0,False,James Oldham,Gateshead International Stadium,1606.0,Alun Armstrong,Mat Sadler,4-2-3-1,3-1-4-2,4774939,FAC,3456,899,player-scores,https://www.transfermarkt.co.uk/spielbericht/index/spielbericht/4774939,,
FA Cup,EN,Second Round,2025-12-07,Slough Town,Macclesfield FC,1,1,1,3,,,True,1,3,False,3.0,3.0,False,Aaron Farmer,Arbour Park,2500.0,,,3-4-1-2,4-1-4-1,4774937,FAC,11310,85287,player-scores,https://www.transfermarkt.co.uk/spielbericht/index/spielbericht/4774937,,
FA Cup,EN,Second Round,2025-12-08,Brackley Town,Burton Albion,1,3,1,3,,,False,1,3,False,3.0,3.0,False,Alex Chilowicz,St James Park,2978.0,Gavin Cowan,Gary Bowyer,3-5-2 flat,3-4-1-2,4774941,FAC,20877,2963,player-scores,https://www.transfermarkt.co.uk/spielbericht/index/spielbericht/4774941,,
FA Cup,EN,Third Round,2026-01-09,Milton Keynes Dons,Oxford United,1,1,1,1,3.0,4.0,False,4,5,False,3.0,2.0,True,Paul Howard,Stadium mk,5902.0,Paul Warne,Craig Short,3-1-4-2,4-2-3-1,4788516,FAC,991,988,player-scores,https://www.transfermarkt.co.uk/spielbericht/index/spielbericht/4788516,,
FA Cup,EN,Third Round,2026-01-09,Port Vale FC,Fleetwood Town,1,0,1,0,,,False,1,0,False,3.0,3.0,True,Benjamin Speedie,Vale Park,3366.0,Jon Brady,Pete Wild,4-4-2,3-1-4-2,4788501,FAC,1211,11177,player-scores,https://www.transfermarkt.co.uk/spielbericht/index/spielbericht/4788501,,
FA Cup,EN,Third Round,2026-01-09,Preston North End,Wigan Athletic,0,1,0,1,,,False,0,1,False,2.0,3.0,True,Oliver Langford,Deepdale,14366.0,Paul Heckingbottom,Ryan Lowe,3-4-3,3-4-2-1,4788502,FAC,466,1071,player-scores,https://www.transfermarkt.co.uk/spielbericht/index/spielbericht/4788502,,
FA Cup,EN,Third Round,2026-01-09,Wrexham AFC,Nottingham Forest,3,3,3,3,4.0,3.0,False,7,6,False,2.0,1.0,True,Paul Tierney,STōK Cae Ras,10603.0,Phil Parkinson,Sean Dyche,3-4-2-1,4-2-3-1,4788497,FAC,1112,703,player-scores,https://www.transfermarkt.co.uk/spielbericht/index/spielbericht/4788497,,
FA Cup,EN,Third Round,2026-01-10,Boreham Wood FC,Burton Albion,0,5,0,5,,,False,0,5,False,3.0,3.0,True,Andrew Humphries,Meadow Park,2201.0,Luke Garrard,Gary Bowyer,4-2-3-1,3-1-4-2,4788512,FAC,3867,2963,player-scores,https://www.transfermarkt.co.uk/spielbericht/index/spielbericht/4788512,,
FA Cup,EN,Third Round,2026-01-10,Bristol City,Watford FC,5,1,5,1,,,False,5,1,False,2.0,2.0,True,Tom Reeves,Ashton Gate,13291.0,Gerhard Struber,Javi Gracia,3-4-2-1,4-2-3-1,4788519,FAC,698,1010,player-scores,https://www.transfermarkt.co.uk/spielbericht/index/spielbericht/4788519,,
FA Cup,EN,Third Round,2026-01-10,Burnley FC,Millwall FC,5,1,5,1,,,False,5,1,False,1.0,2.0,True,Anthony Backhouse,Turf Moor,6856.0,Scott Parker,Alex Neil,4-2-3-1,4-2-3-1,4788508,FAC,1132,1028,player-scores,https://www.transfermarkt.co.uk/spielbericht/index/spielbericht/4788508,,
FA Cup,EN,Third Round,2026-01-10,Cambridge United,Birmingham City,2,3,2,3,,,False,2,3,False,3.0,2.0,True,Matt Corlett,Cledara Abbey Stadium,6241.0,Neil Harris,Chris Davies,4-2-3-1,4-2-3-1,4788518,FAC,986,337,player-scores,https://www.transfermarkt.co.uk/spielbericht/index/spielbericht/4788518,,
FA Cup,EN,Third Round,2026-01-10,Charlton Athletic,Chelsea FC,1,5,1,5,,,False,1,5,False,2.0,1.0,True,Chris Kavanagh,The Valley,26475.0,Nathan Jones,Liam Rosenior,3-1-4-2,4-2-3-1,4788524,FAC,358,631,player-scores,https://www.transfermarkt.co.uk/spielbericht/index/spielbericht/4788524,,
FA Cup,EN,Third Round,2026-01-10,Cheltenham Town,Leicester City,0,2,0,2,,,False,0,2,False,3.0,2.0,True,James Linington,EV Charger Points Stadium,6677.0,Steve Cotterill,Martí Cifuentes,4-1-4-1,4-2-3-1,4788517,FAC,3371,1003,player-scores,https://www.transfermarkt.co.uk/spielbericht/index/spielbericht/4788517,,
FA Cup,EN,Third Round,2026-01-10,Doncaster Rovers,Southampton FC,2,3,2,3,,,False,2,3,False,3.0,2.0,True,John Busby,Eco-Power Stadium,7671.0,Grant McCann,Tonda Eckert,4-1-4-1,4-2-3-1,4788500,FAC,2454,180,player-scores,https://www.transfermarkt.co.uk/spielbericht/index/spielbericht/4788500,,
FA Cup,EN,Third Round,2026-01-10,Everton FC,Sunderland AFC,1,1,1,1,0.0,3.0,False,1,4,False,1.0,1.0,True,John Brooks,Hill Dickinson Stadium,51588.0,David Moyes,Régis Le Bris,4-2-3-1,4-2-3-1,4788507,FAC,29,289,player-scores,https://www.transfermarkt.co.uk/spielbericht/index/spielbericht/4788507,,
FA Cup,EN,Third Round,2026-01-10,Fulham FC,Middlesbrough FC,3,1,3,1,,,False,3,1,False,1.0,2.0,True,Lewis Smith,Craven Cottage,20675.0,Marco Silva,Kim Hellberg,4-2-3-1,4-4-2 double 6,4788506,FAC,931,641,player-scores,https://www.transfermarkt.co.uk/spielbericht/index/spielbericht/4788506,,
FA Cup,EN,Third Round,2026-01-10,Grimsby Town,Weston-super-Mare AFC,3,2,3,2,,,False,3,2,False,3.0,3.0,True,Martin Coy,Blundell Park,4851.0,David Artell,Scott Rogers,4-1-4-1,4-2-3-1,4788513,FAC,1034,3712,player-scores,https://www.transfermarkt.co.uk/spielbericht/index/spielbericht/4788513,,
FA Cup,EN,Third Round,2026-01-10,Ipswich Town,Blackpool FC,2,1,2,1,,,False,2,1,False,2.0,3.0,True,Thomas Parsons,Portman Road,27527.0,Kieran McKenna,Ian Evatt,4-2-3-1,5-3-2,4788522,FAC,677,1181,player-scores,https://www.transfermarkt.co.uk/spielbericht/index/spielbericht/4788522,,
FA Cup,EN,Third Round,2026-01-10,Macclesfield FC,Crystal Palace,2,1,2,1,,,False,2,1,False,3.0,1.0,True,Tim Robinson,Leasing.com Stadium,5348.0,John Rooney,Oliver Glasner,4-1-4-1,3-4-2-1,4788498,FAC,85287,873,player-scores,https://www.transfermarkt.co.uk/spielbericht/index/spielbericht/4788498,,
FA Cup,EN,Third Round,2026-01-10,Manchester City,Exeter City,10,1,10,1,,,False,10,1,False,1.0,3.0,True,Adam Herczeg,Etihad Stadium,50705.0,Pep Guardiola,Gary Caldwell,4-1-4-1,3-4-2-1,4788503,FAC,281,6699,player-scores,https://www.transfermarkt.co.uk/spielbericht/index/spielbericht/4788503,,
FA Cup,EN,Third Round,2026-01-10,Newcastle United,AFC Bournemouth,2,2,3,3,7.0,6.0,True,10,9,False,1.0,1.0,True,Thomas Bramall,St James' Park,51563.0,Eddie Howe,Andoni Iraola,4-2-3-1,4-2-3-1,4788515,FAC,762,989,player-scores,https://www.transfermarkt.co.uk/spielbericht/index/spielbericht/4788515,,
FA Cup,EN,Third Round,2026-01-10,Sheffield Wednesday,Brentford FC,0,2,0,2,,,False,0,2,False,2.0,1.0,True,Josh Smith,Hillsborough,10642.0,Henrik Pedersen,Keith Andrews,5-3-2,4-2-3-1,4788505,FAC,1035,1148,player-scores,https://www.transfermarkt.co.uk/spielbericht/index/spielbericht/4788505,,
FA Cup,EN,Third Round,2026-01-10,Stoke City,Coventry City,1,0,1,0,,,False,1,0,False,2.0,2.0,True,Tom Nield,bet365 Stadium,13894.0,Mark Robins,Frank Lampard,4-2-3-1,3-4-1-2,4788520,FAC,512,990,player-scores,https://www.transfermarkt.co.uk/spielbericht/index/spielbericht/4788520,,
FA Cup,EN,Third Round,2026-01-10,Tottenham Hotspur,Aston Villa,1,2,1,2,,,False,1,2,False,1.0,1.0,True,Craig Pawson,Tottenham Hotspur Stadium,57718.0,Thomas Frank,Unai Emery,4-2-3-1,4-2-3-1,4788523,FAC,148,405,player-scores,https://www.transfermarkt.co.uk/spielbericht/index/spielbericht/4788523,,
FA Cup,EN,Third Round,2026-01-10,Wolverhampton Wanderers,Shrewsbury Town,6,1,6,1,,,False,6,1,False,1.0,3.0,True,Stephen Martin,Molineux Stadium,24258.0,Rob Edwards,Michael Appleton,3-5-2,3-4-1-2,4788499,FAC,543,3054,player-scores,https://www.transfermarkt.co.uk/spielbericht/index/spielbericht/4788499,,
FA Cup,EN,Third Round,2026-01-11,Derby County,Leeds United,1,3,1,3,,,False,1,3,False,2.0,1.0,True,Anthony Taylor,Pride Park Stadium,21741.0,John Eustace,Daniel Farke,4-4-1-1,3-4-1-2,4788525,FAC,22,399,player-scores,https://www.transfermarkt.co.uk/spielbericht/index/spielbericht/4788525,,
FA Cup,EN,Third Round,2026-01-11,Hull City,Blackburn Rovers,0,0,0,0,4.0,3.0,False,4,3,False,2.0,2.0,True,Will Finnie,MKM Stadium,6627.0,Sergej Jakirovic,Valérien Ismaël,4-2-3-1,3-4-1-2,4788514,FAC,3008,164,player-scores,https://www.transfermarkt.co.uk/spielbericht/index/spielbericht/4788514,,
FA Cup,EN,Third Round,2026-01-11,Manchester United,Brighton & Hove Albion,1,2,1,2,,,False,1,2,False,1.0,1.0,True,Simon Hooper,Old Trafford,73888.0,Darren Fletcher,Fabian Hürzeler,4-2-3-1,4-2-3-1,4788527,FAC,985,1237,player-scores,https://www.transfermarkt.co.uk/spielbericht/index/spielbericht/4788527,,
FA Cup,EN,Third Round,2026-01-11,Norwich City,Walsall FC,5,1,5,1,,,False,5,1,False,2.0,3.0,True,Edward Duckworth,Carrow Road,19776.0,Philippe Clement,Mat Sadler,4-2-3-1,3-5-2 flat,4788509,FAC,1123,899,player-scores,https://www.transfermarkt.co.uk/spielbericht/index/spielbericht/4788509,,
FA Cup,EN,Third Round,2026-01-11,Portsmouth FC,Arsenal FC,1,4,1,4,,,False,1,4,False,2.0,1.0,True,Tony Harrington,Fratton Park,20611.0,John Mousinho,Mikel Arteta,4-2-3-1,4-3-3 Attacking,4788526,FAC,1020,11,player-scores,https://www.transfermarkt.co.uk/spielbericht/index/spielbericht/4788526,,
FA Cup,EN,Third Round,2026-01-11,Sheffield United,Mansfield Town,3,4,3,4,,,False,3,4,False,2.0,3.0,True,Gavin Ward,Bramall Lane,17514.0,Chris Wilder,Nigel Clough,4-4-2,3-4-3,4788521,FAC,350,3820,player-scores,https://www.transfermarkt.co.uk/spielbericht/index/spielbericht/4788521,,
FA Cup,EN,Third Round,2026-01-11,Swansea City,West Bromwich Albion,1,1,2,2,5.0,6.0,True,7,8,False,2.0,2.0,True,Elliot Bell,Swansea.com Stadium,9981.0,Vítor Matos,James Morrison,4-1-4-1,4-4-2 double 6,4788510,FAC,2288,984,player-scores,https://www.transfermarkt.co.uk/spielbericht/index/spielbericht/4788510,,
FA Cup,EN,Third Round,2026-01-11,West Ham United,Queens Park Rangers,1,1,2,1,,,True,2,1,False,1.0,2.0,True,Thomas Kirk,London Stadium,58669.0,Nuno Espírito Santo,Julien Stéphan,3-4-3,4-4-2,4788504,FAC,379,1039,player-scores,https://www.transfermarkt.co.uk/spielbericht/index/spielbericht/4788504,,
FA Cup,EN,Third Round,2026-01-12,Liverpool FC,Barnsley FC,4,1,4,1,,,False,4,1,False,1.0,3.0,True,Farai Hallam,Anfield,60206.0,Arne Slot,Conor Hourihane,4-2-3-1,5-4-1,4788528,FAC,31,349,player-scores,https://www.transfermarkt.co.uk/spielbericht/index/spielbericht/4788528,,
FA Cup,EN,Third Round,2026-01-20,Salford City,Swindon Town,3,2,3,2,,,False,3,2,False,3.0,3.0,True,Alex Chilowicz,The Peninsula Stadium,2215.0,Karl Robinson,Ian Holloway,3-1-4-2,4-2-3-1,4788511,FAC,34888,352,player-scores,https://www.transfermarkt.co.uk/spielbericht/index/spielbericht/4788511,,
FA Cup,EN,Fourth Round,2026-02-13,Hull City,Chelsea FC,0,4,0,4,,,False,0,4,False,2.0,1.0,True,Farai Hallam,MKM Stadium,24320.0,Sergej Jakirovic,Liam Rosenior,3-4-2-1,4-2-3-1,4808360,FAC,3008,631,player-scores,https://www.transfermarkt.co.uk/spielbericht/index/spielbericht/4808360,,
FA Cup,EN,Fourth Round,2026-02-13,Wrexham AFC,Ipswich Town,1,0,1,0,,,False,1,0,False,2.0,2.0,True,Benjamin Speedie,STōK Cae Ras,10496.0,Phil Parkinson,Kieran McKenna,3-4-2-1,4-2-3-1,4808361,FAC,1112,677,player-scores,https://www.transfermarkt.co.uk/spielbericht/index/spielbericht/4808361,,
FA Cup,EN,Fourth Round,2026-02-14,Aston Villa,Newcastle United,1,3,1,3,,,False,1,3,False,1.0,1.0,True,Chris Kavanagh,Villa Park,42101.0,Unai Emery,Eddie Howe,4-2-3-1,4-3-3 Attacking,4808368,FAC,405,762,player-scores,https://www.transfermarkt.co.uk/spielbericht/index/spielbericht/4808368,,
FA Cup,EN,Fourth Round,2026-02-14,Burnley FC,Mansfield Town,1,2,1,2,,,False,1,2,False,1.0,3.0,True,Gavin Ward,Turf Moor,11914.0,Scott Parker,Nigel Clough,4-2-3-1,3-4-2-1,4808363,FAC,1132,3820,player-scores,https://www.transfermarkt.co.uk/spielbericht/index/spielbericht/4808363,,
FA Cup,EN,Fourth Round,2026-02-14,Burton Albion,West Ham United,0,0,0,1,,,True,0,1,False,3.0,1.0,True,Lewis Smith,Pirelli Stadium,6514.0,Gary Bowyer,Nuno Espírito Santo,3-4-1-2,3-4-3,4808362,FAC,2963,379,player-scores,https://www.transfermarkt.co.uk/spielbericht/index/spielbericht/4808362,,
FA Cup,EN,Fourth Round,2026-02-14,Liverpool FC,Brighton & Hove Albion,3,0,3,0,,,False,3,0,False,1.0,1.0,True,Stuart Attwell,Anfield,60227.0,Arne Slot,Fabian Hürzeler,4-2-3-1,4-2-3-1,4808369,FAC,31,1237,player-scores,https://www.transfermarkt.co.uk/spielbericht/index/spielbericht/4808369,,
FA Cup,EN,Fourth Round,2026-02-14,Manchester City,Salford City,2,0,2,0,,,False,2,0,False,1.0,3.0,True,Matthew Donohue,Etihad Stadium,46774.0,Pep Guardiola,Karl Robinson,4-2-3-1,3-5-2 flat,4808364,FAC,281,34888,player-scores,https://www.transfermarkt.co.uk/spielbericht/index/spielbericht/4808364,,
FA Cup,EN,Fourth Round,2026-02-14,Norwich City,West Bromwich Albion,3,1,3,1,,,False,3,1,False,2.0,2.0,True,Tom Reeves,Carrow Road,25538.0,Philippe Clement,Eric Ramsay,4-2-3-1,4-4-2,4808365,FAC,1123,984,player-scores,https://www.transfermarkt.co.uk/spielbericht/index/spielbericht/4808365,,
FA Cup,EN,Fourth Round,2026-02-14,Southampton FC,Leicester City,1,1,2,1,,,True,2,1,False,2.0,2.0,True,Matt Corlett,St Mary's Stadium,17359.0,Tonda Eckert,Andy King,4-2-3-1,4-2-3-1,4808367,FAC,180,1003,player-scores,https://www.transfermarkt.co.uk/spielbericht/index/spielbericht/4808367,,
FA Cup,EN,Fourth Round,2026-02-15,Arsenal FC,Wigan Athletic,4,0,4,0,,,False,4,0,False,1.0,3.0,True,Tim Robinson,Emirates Stadium,59996.0,Mikel Arteta,Graham Barrow,4-2-3-1,3-4-2-1,4808374,FAC,11,1071,player-scores,https://www.transfermarkt.co.uk/spielbericht/index/spielbericht/4808374,,
FA Cup,EN,Fourth Round,2026-02-15,Birmingham City,Leeds United,1,1,1,1,2.0,4.0,False,3,5,False,2.0,1.0,True,Paul Tierney,St. Andrew’s @ Knighthead Park,28035.0,Chris Davies,Daniel Farke,4-2-3-1,3-4-2-1,4808370,FAC,337,399,player-scores,https://www.transfermarkt.co.uk/spielbericht/index/spielbericht/4808370,,
FA Cup,EN,Fourth Round,2026-02-15,Grimsby Town,Wolverhampton Wanderers,0,1,0,1,,,False,0,1,False,3.0,1.0,True,Samuel Barrott,Blundell Park,8594.0,David Artell,Rob Edwards,4-1-4-1,3-5-2 flat,4808371,FAC,1034,543,player-scores,https://www.transfermarkt.co.uk/spielbericht/index/spielbericht/4808371,,
FA Cup,EN,Fourth Round,2026-02-15,Oxford United,Sunderland AFC,0,1,0,1,,,False,0,1,False,2.0,1.0,True,Thomas Kirk,Kassam Stadium,9879.0,Matt Bloomfield,Régis Le Bris,4-2-3-1,4-1-4-1,4808372,FAC,988,289,player-scores,https://www.transfermarkt.co.uk/spielbericht/index/spielbericht/4808372,,
FA Cup,EN,Fourth Round,2026-02-15,Stoke City,Fulham FC,1,2,1,2,,,False,1,2,False,2.0,1.0,True,Josh Smith,bet365 Stadium,14871.0,Mark Robins,Marco Silva,4-2-3-1,4-2-3-1,4808373,FAC,512,931,player-scores,https://www.transfermarkt.co.uk/spielbericht/index/spielbericht/4808373,,
FA Cup,EN,Fourth Round,2026-02-16,Macclesfield FC,Brentford FC,0,1,0,1,,,False,0,1,False,3.0,1.0,True,Darren England,Leasing.com Stadium,5348.0,John Rooney,Keith Andrews,4-1-4-1,4-2-3-1,4808375,FAC,85287,1148,player-scores,https://www.transfermarkt.co.uk/spielbericht/index/spielbericht/4808375,,
FA Cup,EN,Fourth Round,2026-03-03,Port Vale FC,Bristol City,0,0,1,0,,,True,1,0,False,3.0,2.0,True,Elliot Bell,Vale Park,4611.0,Jon Brady,Gerhard Struber,3-4-2-1,3-4-2-1,4808366,FAC,1211,698,player-scores,https://www.transfermarkt.co.uk/spielbericht/index/spielbericht/4808366,,
FA Cup,EN,Round of 16,2026-03-06,Wolverhampton Wanderers,Liverpool FC,1,3,1,3,,,False,1,3,False,1.0,1.0,True,Farai Hallam,Molineux Stadium,29881.0,Rob Edwards,Arne Slot,3-5-2 flat,4-2-3-1,4827502,FAC,543,31,player-scores,https://www.transfermarkt.co.uk/spielbericht/index/spielbericht/4827502,,
FA Cup,EN,Round of 16,2026-03-07,Mansfield Town,Arsenal FC,1,2,1,2,,,False,1,2,False,3.0,1.0,True,Thomas Bramall,One Call Stadium,9260.0,Nigel Clough,Mikel Arteta,3-5-2 flat,3-1-4-2,4827505,FAC,3820,11,player-scores,https://www.transfermarkt.co.uk/spielbericht/index/spielbericht/4827505,,
FA Cup,EN,Round of 16,2026-03-07,Newcastle United,Manchester City,1,3,1,3,,,False,1,3,False,1.0,1.0,True,Samuel Barrott,St James' Park,51109.0,Eddie Howe,Pep Guardiola,4-2-3-1,4-2-3-1,4827501,FAC,762,281,player-scores,https://www.transfermarkt.co.uk/spielbericht/index/spielbericht/4827501,,
FA Cup,EN,Round of 16,2026-03-07,Wrexham AFC,Chelsea FC,2,2,2,4,,,True,2,4,False,2.0,1.0,True,Peter Bankes,STōK Cae Ras,10556.0,Phil Parkinson,Liam Rosenior,3-4-2-1,3-4-2-1,4827503,FAC,1112,631,player-scores,https://www.transfermarkt.co.uk/spielbericht/index/spielbericht/4827503,,
FA Cup,EN,Round of 16,2026-03-08,Fulham FC,Southampton FC,0,1,0,1,,,False,0,1,False,1.0,2.0,True,Jarred Gillett,Craven Cottage,21974.0,Marco Silva,Tonda Eckert,4-2-3-1,4-2-3-1,4827506,FAC,931,180,player-scores,https://www.transfermarkt.co.uk/spielbericht/index/spielbericht/4827506,,
FA Cup,EN,Round of 16,2026-03-08,Leeds United,Norwich City,3,0,3,0,,,False,3,0,False,1.0,2.0,True,Darren England,Elland Road,36313.0,Daniel Farke,Philippe Clement,4-2-3-1,4-2-3-1,4827507,FAC,399,1123,player-scores,https://www.transfermarkt.co.uk/spielbericht/index/spielbericht/4827507,,
FA Cup,EN,Round of 16,2026-03-08,Port Vale FC,Sunderland AFC,1,0,1,0,,,False,1,0,False,3.0,1.0,True,Anthony Taylor,Vale Park,10685.0,Jon Brady,Régis Le Bris,5-4-1,4-2-3-1,4827508,FAC,1211,289,player-scores,https://www.transfermarkt.co.uk/spielbericht/index/spielbericht/4827508,,
FA Cup,EN,Round of 16,2026-03-09,West Ham United,Brentford FC,2,2,2,2,5.0,3.0,False,7,5,False,1.0,1.0,True,Andrew Madley,London Stadium,48570.0,Nuno Espírito Santo,Keith Andrews,4-2-3-1,4-2-3-1,4827504,FAC,379,1148,player-scores,https://www.transfermarkt.co.uk/spielbericht/index/spielbericht/4827504,,
FA Cup,EN,Quarter-Finals,2026-04-04,Chelsea FC,Port Vale FC,7,0,7,0,,,False,7,0,False,1.0,3.0,True,Farai Hallam,Stamford Bridge,38375.0,Liam Rosenior,Jon Brady,4-2-3-1,5-3-2,4844307,FAC,631,1211,player-scores,https://www.transfermarkt.co.uk/spielbericht/index/spielbericht/4844307,,
FA Cup,EN,Quarter-Finals,2026-04-04,Manchester City,Liverpool FC,4,0,4,0,,,False,4,0,False,1.0,1.0,True,Michael Oliver,Etihad Stadium,50754.0,Pep Guardiola,Arne Slot,4-2-3-1,4-4-2 double 6,4844306,FAC,281,31,player-scores,https://www.transfermarkt.co.uk/spielbericht/index/spielbericht/4844306,,
FA Cup,EN,Quarter-Finals,2026-04-04,Southampton FC,Arsenal FC,2,1,2,1,,,False,2,1,False,2.0,1.0,True,Samuel Barrott,St Mary's Stadium,31067.0,Tonda Eckert,Mikel Arteta,4-2-3-1,4-2-3-1,4844308,FAC,180,11,player-scores,https://www.transfermarkt.co.uk/spielbericht/index/spielbericht/4844308,,
FA Cup,EN,Quarter-Finals,2026-04-05,West Ham United,Leeds United,2,2,2,2,2.0,4.0,False,4,6,False,1.0,1.0,True,Craig Pawson,London Stadium,62260.0,Nuno Espírito Santo,Daniel Farke,4-2-3-1,3-4-2-1,4844309,FAC,379,399,player-scores,https://www.transfermarkt.co.uk/spielbericht/index/spielbericht/4844309,,
FA Cup,EN,Semi-Finals,2026-04-25,Manchester City,Southampton FC,2,1,2,1,,,False,2,1,False,1.0,2.0,True,Craig Pawson,Etihad Stadium,70053.0,Pep Guardiola,Tonda Eckert,4-3-2-1,5-4-1,4859279,FAC,281,180,player-scores,https://www.transfermarkt.co.uk/spielbericht/index/spielbericht/4859279,,
FA Cup,EN,Semi-Finals,2026-04-26,Chelsea FC,Leeds United,1,0,1,0,,,False,1,0,False,1.0,1.0,True,Jarred Gillett,Wembley Stadium,82542.0,Calum McFarlane,Daniel Farke,4-2-3-1,3-4-2-1,4859278,FAC,631,399,player-scores,https://www.transfermarkt.co.uk/spielbericht/index/spielbericht/4859278,,
FA Cup,EN,Final,2026-05-16,Chelsea,Manchester City,,,0,1,,,,0,1,False,1.0,1.0,True,Darren England (South Yorkshire),Wembley Stadium,83337,,,,,,FAC,,,wikipedia-en,,,
