Competizione,Turno,Data,Casa,Ospite,Periodo,Minuto,Lato,Tipo evento,Giocatore,Punteggio dopo,ID partita
FA Cup,3° turno,09.01.2026,Wrexham,Nottingham,1 Tempo,37',Casa,Gol,Cacace L.,1-0,MTifJyiD
FA Cup,3° turno,09.01.2026,Wrexham,Nottingham,1 Tempo,37',Casa,Assist,Dobson G.,1-0,MTifJyiD
FA Cup,3° turno,09.01.2026,Wrexham,Nottingham,1 Tempo,40',Casa,Gol,Rathbone O.,2-0,MTifJyiD
FA Cup,3° turno,09.01.2026,Wrexham,Nottingham,1 Tempo,40',Casa,Assist,Broadhead N.,2-0,MTifJyiD
FA Cup,3° turno,09.01.2026,Wrexham,Nottingham,2 Tempo,46',Ospite,Sostituzione - Esce,Zinchenko O.,,MTifJyiD
FA Cup,3° turno,09.01.2026,Wrexham,Nottingham,2 Tempo,46',Ospite,Sostituzione - Entra,Williams N.,,MTifJyiD
FA Cup,3° turno,09.01.2026,Wrexham,Nottingham,2 Tempo,46',Ospite,Sostituzione - Esce,Bakwa D.,,MTifJyiD
FA Cup,3° turno,09.01.2026,Wrexham,Nottingham,2 Tempo,46',Ospite,Sostituzione - Entra,Gibbs-White M.,,MTifJyiD
FA Cup,3° turno,09.01.2026,Wrexham,Nottingham,2 Tempo,46',Ospite,Sostituzione - Esce,McAtee J.,,MTifJyiD
FA Cup,3° turno,09.01.2026,Wrexham,Nottingham,2 Tempo,46',Ospite,Sostituzione - Entra,Dominguez N.,,MTifJyiD
FA Cup,3° turno,09.01.2026,Wrexham,Nottingham,2 Tempo,60',Casa,Sostituzione - Esce,Cacace L.,,MTifJyiD
FA Cup,3° turno,09.01.2026,Wrexham,Nottingham,2 Tempo,60',Casa,Sostituzione - Entra,Thomason G.,,MTifJyiD
FA Cup,3° turno,09.01.2026,Wrexham,Nottingham,2 Tempo,64',Ospite,Gol,Igor Jesus,2-1,MTifJyiD
FA Cup,3° turno,09.01.2026,Wrexham,Nottingham,2 Tempo,64',Ospite,Assist,Savona N.,2-1,MTifJyiD
FA Cup,3° turno,09.01.2026,Wrexham,Nottingham,2 Tempo,69',Casa,Sostituzione - Esce,Broadhead N.,,MTifJyiD
FA Cup,3° turno,09.01.2026,Wrexham,Nottingham,2 Tempo,69',Casa,Sostituzione - Entra,Windass J.,,MTifJyiD
FA Cup,3° turno,09.01.2026,Wrexham,Nottingham,2 Tempo,69',Casa,Sostituzione - Esce,Rathbone O.,,MTifJyiD
FA Cup,3° turno,09.01.2026,Wrexham,Nottingham,2 Tempo,69',Casa,Sostituzione - Entra,O'Brien L.,,MTifJyiD
FA Cup,3° turno,09.01.2026,Wrexham,Nottingham,2 Tempo,69',Ospite,Sostituzione - Esce,Ndoye D.,,MTifJyiD
FA Cup,3° turno,09.01.2026,Wrexham,Nottingham,2 Tempo,69',Ospite,Sostituzione - Entra,Hudson-Odoi C.,,MTifJyiD
FA Cup,3° turno,09.01.2026,Wrexham,Nottingham,2 Tempo,74',Casa,Gol,Hyam D.,3-1,MTifJyiD
FA Cup,3° turno,09.01.2026,Wrexham,Nottingham,2 Tempo,74',Casa,Assist,Dobson G.,3-1,MTifJyiD
FA Cup,3° turno,09.01.2026,Wrexham,Nottingham,2 Tempo,76',Ospite,Gol,Hudson-Odoi C.,3-2,MTifJyiD
FA Cup,3° turno,09.01.2026,Wrexham,Nottingham,2 Tempo,87',Ospite,Cartellino Giallo,Hutchinson O.,,MTifJyiD
FA Cup,3° turno,09.01.2026,Wrexham,Nottingham,2 Tempo,87',Ospite,Cartellino Giallo,Douglas Luiz,,MTifJyiD
FA Cup,3° turno,09.01.2026,Wrexham,Nottingham,2 Tempo,88',Ospite,Sostituzione - Esce,Douglas Luiz,,MTifJyiD
FA Cup,3° turno,09.01.2026,Wrexham,Nottingham,2 Tempo,88',Ospite,Sostituzione - Entra,Awoniyi T.,,MTifJyiD
FA Cup,3° turno,09.01.2026,Wrexham,Nottingham,2 Tempo,88',Casa,Sostituzione - Esce,Sheaf B.,,MTifJyiD
FA Cup,3° turno,09.01.2026,Wrexham,Nottingham,2 Tempo,88',Casa,Sostituzione - Entra,McClean J.,,MTifJyiD
FA Cup,3° turno,09.01.2026,Wrexham,Nottingham,2 Tempo,89',Ospite,Gol,Hudson-Odoi C.,3-3,MTifJyiD
FA Cup,3° turno,09.01.2026,Wrexham,Nottingham,2 Tempo,89',Ospite,Assist,Savona N.,3-3,MTifJyiD
FA Cup,3° turno,09.01.2026,Wrexham,Nottingham,Supplementari,91',Casa,Sostituzione - Esce,Longman R.,,MTifJyiD
FA Cup,3° turno,09.01.2026,Wrexham,Nottingham,Supplementari,91',Casa,Sostituzione - Entra,Barnett R.,,MTifJyiD
FA Cup,3° turno,09.01.2026,Wrexham,Nottingham,Supplementari,97',Ospite,Sostituzione - Esce,Savona N.,,MTifJyiD
FA Cup,3° turno,09.01.2026,Wrexham,Nottingham,Supplementari,97',Ospite,Sostituzione - Entra,Murillo,,MTifJyiD
FA Cup,3° turno,09.01.2026,Wrexham,Nottingham,Supplementari,100',Casa,Sostituzione - Esce,Smith S.,,MTifJyiD
FA Cup,3° turno,09.01.2026,Wrexham,Nottingham,Supplementari,100',Casa,Sostituzione - Entra,Rodriguez J.,,MTifJyiD
FA Cup,3° turno,09.01.2026,Wrexham,Nottingham,Supplementari,112',Ospite,Cartellino Giallo,Morato,,MTifJyiD
FA Cup,3° turno,09.01.2026,Wrexham,Nottingham,Supplementari,112',Ospite,Cartellino Giallo,Dominguez N.,,MTifJyiD
FA Cup,3° turno,09.01.2026,Wrexham,Nottingham,Supplementari,120',Casa,Cartellino Giallo,Windass J.,,MTifJyiD
FA Cup,3° turno,09.01.2026,Wrexham,Nottingham,Rigori,1,Casa,Rigore Assegnato,Windass J.,,MTifJyiD
FA Cup,3° turno,09.01.2026,Wrexham,Nottingham,Rigori,1,Casa,Rigore,Windass J.,,MTifJyiD
FA Cup,3° turno,09.01.2026,Wrexham,Nottingham,Rigori,1,Ospite,Rigore Assegnato,Gibbs-White M.,,MTifJyiD
FA Cup,3° turno,09.01.2026,Wrexham,Nottingham,Rigori,1,Ospite,Rigore,Gibbs-White M.,,MTifJyiD
FA Cup,3° turno,09.01.2026,Wrexham,Nottingham,Rigori,2,Casa,Rigore Assegnato,McClean J.,,MTifJyiD
FA Cup,3° turno,09.01.2026,Wrexham,Nottingham,Rigori,2,Casa,Rigore sbagliato,McClean J.,,MTifJyiD
FA Cup,3° turno,09.01.2026,Wrexham,Nottingham,Rigori,2,Ospite,Rigore Assegnato,Igor Jesus,,MTifJyiD
FA Cup,3° turno,09.01.2026,Wrexham,Nottingham,Rigori,2,Ospite,Rigore sbagliato,Igor Jesus,,MTifJyiD
FA Cup,3° turno,09.01.2026,Wrexham,Nottingham,Rigori,3,Casa,Rigore Assegnato,Doyle C.,,MTifJyiD
FA Cup,3° turno,09.01.2026,Wrexham,Nottingham,Rigori,3,Casa,Rigore,Doyle C.,,MTifJyiD
FA Cup,3° turno,09.01.2026,Wrexham,Nottingham,Rigori,3,Ospite,Rigore Assegnato,Hudson-Odoi C.,,MTifJyiD
FA Cup,3° turno,09.01.2026,Wrexham,Nottingham,Rigori,3,Ospite,Rigore,Hudson-Odoi C.,,MTifJyiD
FA Cup,3° turno,09.01.2026,Wrexham,Nottingham,Rigori,4,Casa,Rigore Assegnato,Thomason G.,,MTifJyiD
FA Cup,3° turno,09.01.2026,Wrexham,Nottingham,Rigori,4,Casa,Rigore,Thomason G.,,MTifJyiD
FA Cup,3° turno,09.01.2026,Wrexham,Nottingham,Rigori,4,Ospite,Rigore Assegnato,Williams N.,,MTifJyiD
FA Cup,3° turno,09.01.2026,Wrexham,Nottingham,Rigori,4,Ospite,Rigore,Williams N.,,MTifJyiD
FA Cup,3° turno,09.01.2026,Wrexham,Nottingham,Rigori,5,Casa,Rigore Assegnato,Rodriguez J.,,MTifJyiD
FA Cup,3° turno,09.01.2026,Wrexham,Nottingham,Rigori,5,Casa,Rigore,Rodriguez J.,,MTifJyiD
FA Cup,3° turno,09.01.2026,Wrexham,Nottingham,Rigori,5,Ospite,Rigore Assegnato,Hutchinson O.,,MTifJyiD
FA Cup,3° turno,09.01.2026,Wrexham,Nottingham,Rigori,5,Ospite,Rigore sbagliato,Hutchinson O.,,MTifJyiD
FA Cup,3° turno,09.01.2026,Preston,Wigan,2 Tempo,46',Casa,Sostituzione - Esce,Gibson L.,,zZW42nBc
FA Cup,3° turno,09.01.2026,Preston,Wigan,2 Tempo,46',Casa,Sostituzione - Entra,Hughes A.,,zZW42nBc
FA Cup,3° turno,09.01.2026,Preston,Wigan,2 Tempo,64',Casa,Sostituzione - Esce,Frokjaer-Jensen M.,,zZW42nBc
FA Cup,3° turno,09.01.2026,Preston,Wigan,2 Tempo,64',Casa,Sostituzione - Entra,Smith M.,,zZW42nBc
FA Cup,3° turno,09.01.2026,Preston,Wigan,2 Tempo,65',Casa,Sostituzione - Esce,Jebbison D.,,zZW42nBc
FA Cup,3° turno,09.01.2026,Preston,Wigan,2 Tempo,65',Casa,Sostituzione - Entra,Osmajic M.,,zZW42nBc
FA Cup,3° turno,09.01.2026,Preston,Wigan,2 Tempo,71',Ospite,Cartellino Giallo,Costelloe D.,,zZW42nBc
FA Cup,3° turno,09.01.2026,Preston,Wigan,2 Tempo,72',Casa,Sostituzione - Esce,Dobbin L.,,zZW42nBc
FA Cup,3° turno,09.01.2026,Preston,Wigan,2 Tempo,72',Casa,Sostituzione - Entra,Devine A.,,zZW42nBc
FA Cup,3° turno,09.01.2026,Preston,Wigan,2 Tempo,75',Ospite,Gol,Bettoni H.,0-1,zZW42nBc
FA Cup,3° turno,09.01.2026,Preston,Wigan,2 Tempo,75',Ospite,Assist,Wright C.,0-1,zZW42nBc
FA Cup,3° turno,09.01.2026,Preston,Wigan,2 Tempo,78',Ospite,Sostituzione - Esce,Bettoni H.,,zZW42nBc
FA Cup,3° turno,09.01.2026,Preston,Wigan,2 Tempo,78',Ospite,Sostituzione - Entra,Asamoah M.,,zZW42nBc
FA Cup,3° turno,09.01.2026,Preston,Wigan,2 Tempo,81',Casa,Sostituzione - Esce,Lindsay L.,,zZW42nBc
FA Cup,3° turno,09.01.2026,Preston,Wigan,2 Tempo,81',Casa,Sostituzione - Entra,Potts B.,,zZW42nBc
FA Cup,3° turno,09.01.2026,Preston,Wigan,2 Tempo,84',Ospite,Rigore Assegnato,Wright C.,,zZW42nBc
FA Cup,3° turno,09.01.2026,Preston,Wigan,2 Tempo,84',Ospite,Rigore sbagliato,Wright C.,,zZW42nBc
FA Cup,3° turno,09.01.2026,Preston,Wigan,2 Tempo,90+1',Ospite,Sostituzione - Esce,Costelloe D.,,zZW42nBc
FA Cup,3° turno,09.01.2026,Preston,Wigan,2 Tempo,90+1',Ospite,Sostituzione - Entra,Saydee C.,,zZW42nBc
FA Cup,3° turno,09.01.2026,Preston,Wigan,2 Tempo,90+3',Casa,Cartellino Giallo,Thompson J.,,zZW42nBc
FA Cup,3° turno,09.01.2026,Milton Keynes,Oxford Utd,1 Tempo,17',Ospite,Sostituzione - Esce,Donley J.,,femlyACb
FA Cup,3° turno,09.01.2026,Milton Keynes,Oxford Utd,1 Tempo,17',Ospite,Sostituzione - Entra,Peart-Harris M.,,femlyACb
FA Cup,3° turno,09.01.2026,Milton Keynes,Oxford Utd,1 Tempo,34',Casa,Gol,Collins A.,1-0,femlyACb
FA Cup,3° turno,09.01.2026,Milton Keynes,Oxford Utd,1 Tempo,34',Casa,Assist,Lemonheigh-Evans C.,1-0,femlyACb
FA Cup,3° turno,09.01.2026,Milton Keynes,Oxford Utd,2 Tempo,52',Ospite,Gol,Lankshear W.,1-1,femlyACb
FA Cup,3° turno,09.01.2026,Milton Keynes,Oxford Utd,2 Tempo,59',Casa,Sostituzione - Esce,Nemane A.,,femlyACb
FA Cup,3° turno,09.01.2026,Milton Keynes,Oxford Utd,2 Tempo,59',Casa,Sostituzione - Entra,Tripp C.,,femlyACb
FA Cup,3° turno,09.01.2026,Milton Keynes,Oxford Utd,2 Tempo,65',Ospite,Sostituzione - Esce,Brannagan C.,,femlyACb
FA Cup,3° turno,09.01.2026,Milton Keynes,Oxford Utd,2 Tempo,65',Ospite,Sostituzione - Entra,Krastev F.,,femlyACb
FA Cup,3° turno,09.01.2026,Milton Keynes,Oxford Utd,2 Tempo,66',Ospite,Sostituzione - Esce,Vaulks W.,,femlyACb
FA Cup,3° turno,09.01.2026,Milton Keynes,Oxford Utd,2 Tempo,66',Ospite,Sostituzione - Entra,De Keersmaecker B.,,femlyACb
FA Cup,3° turno,09.01.2026,Milton Keynes,Oxford Utd,2 Tempo,66',Ospite,Sostituzione - Esce,Dembele S.,,femlyACb
FA Cup,3° turno,09.01.2026,Milton Keynes,Oxford Utd,2 Tempo,66',Ospite,Sostituzione - Entra,ter Haar Romeny O.,,femlyACb
FA Cup,3° turno,09.01.2026,Milton Keynes,Oxford Utd,2 Tempo,72',Casa,Sostituzione - Esce,Thompson-Sommers K.,,femlyACb
FA Cup,3° turno,09.01.2026,Milton Keynes,Oxford Utd,2 Tempo,72',Casa,Sostituzione - Entra,Kelly L.,,femlyACb
FA Cup,3° turno,09.01.2026,Milton Keynes,Oxford Utd,2 Tempo,72',Casa,Sostituzione - Esce,Wiles B.,,femlyACb
FA Cup,3° turno,09.01.2026,Milton Keynes,Oxford Utd,2 Tempo,72',Casa,Sostituzione - Entra,Matete J.,,femlyACb
FA Cup,3° turno,09.01.2026,Milton Keynes,Oxford Utd,2 Tempo,72',Casa,Sostituzione - Esce,Hogan S.,,femlyACb
FA Cup,3° turno,09.01.2026,Milton Keynes,Oxford Utd,2 Tempo,72',Casa,Sostituzione - Entra,Paterson C.,,femlyACb
FA Cup,3° turno,09.01.2026,Milton Keynes,Oxford Utd,2 Tempo,79',Casa,Sostituzione - Esce,Crowley D.,,femlyACb
FA Cup,3° turno,09.01.2026,Milton Keynes,Oxford Utd,2 Tempo,79',Casa,Sostituzione - Entra,Leko J.,,femlyACb
FA Cup,3° turno,09.01.2026,Milton Keynes,Oxford Utd,2 Tempo,90+2',Ospite,Sostituzione - Esce,Lankshear W.,,femlyACb
FA Cup,3° turno,09.01.2026,Milton Keynes,Oxford Utd,2 Tempo,90+2',Ospite,Sostituzione - Entra,Harris M.,,femlyACb
FA Cup,3° turno,09.01.2026,Milton Keynes,Oxford Utd,Supplementari,96',Casa,Cartellino Giallo,Paterson C.,,femlyACb
FA Cup,3° turno,09.01.2026,Milton Keynes,Oxford Utd,Supplementari,98',Casa,Sostituzione - Esce,Jones G.,,femlyACb
FA Cup,3° turno,09.01.2026,Milton Keynes,Oxford Utd,Supplementari,98',Casa,Sostituzione - Entra,Burke J.,,femlyACb
FA Cup,3° turno,09.01.2026,Milton Keynes,Oxford Utd,Supplementari,98',Ospite,Sostituzione - Esce,Mills S.,,femlyACb
FA Cup,3° turno,09.01.2026,Milton Keynes,Oxford Utd,Supplementari,98',Ospite,Sostituzione - Entra,Phillips M.,,femlyACb
FA Cup,3° turno,09.01.2026,Milton Keynes,Oxford Utd,Rigori,1,Casa,Rigore Assegnato,Sanders J.,,femlyACb
FA Cup,3° turno,09.01.2026,Milton Keynes,Oxford Utd,Rigori,1,Casa,Rigore,Sanders J.,,femlyACb
FA Cup,3° turno,09.01.2026,Milton Keynes,Oxford Utd,Rigori,1,Ospite,Rigore Assegnato,ter Haar Romeny O.,,femlyACb
FA Cup,3° turno,09.01.2026,Milton Keynes,Oxford Utd,Rigori,1,Ospite,Rigore,ter Haar Romeny O.,,femlyACb
FA Cup,3° turno,09.01.2026,Milton Keynes,Oxford Utd,Rigori,2,Casa,Rigore Assegnato,Leko J.,,femlyACb
FA Cup,3° turno,09.01.2026,Milton Keynes,Oxford Utd,Rigori,2,Casa,Rigore sbagliato,Leko J.,,femlyACb
FA Cup,3° turno,09.01.2026,Milton Keynes,Oxford Utd,Rigori,2,Ospite,Rigore Assegnato,Harris M.,,femlyACb
FA Cup,3° turno,09.01.2026,Milton Keynes,Oxford Utd,Rigori,2,Ospite,Rigore,Harris M.,,femlyACb
FA Cup,3° turno,09.01.2026,Milton Keynes,Oxford Utd,Rigori,3,Casa,Rigore Assegnato,Matete J.,,femlyACb
FA Cup,3° turno,09.01.2026,Milton Keynes,Oxford Utd,Rigori,3,Casa,Rigore,Matete J.,,femlyACb
FA Cup,3° turno,09.01.2026,Milton Keynes,Oxford Utd,Rigori,3,Ospite,Rigore Assegnato,Peart-Harris M.,,femlyACb
FA Cup,3° turno,09.01.2026,Milton Keynes,Oxford Utd,Rigori,3,Ospite,Rigore,Peart-Harris M.,,femlyACb
FA Cup,3° turno,09.01.2026,Milton Keynes,Oxford Utd,Rigori,4,Casa,Rigore Assegnato,Paterson C.,,femlyACb
FA Cup,3° turno,09.01.2026,Milton Keynes,Oxford Utd,Rigori,4,Casa,Rigore,Paterson C.,,femlyACb
FA Cup,3° turno,09.01.2026,Milton Keynes,Oxford Utd,Rigori,4,Ospite,Rigore Assegnato,Phillips M.,,femlyACb
FA Cup,3° turno,09.01.2026,Milton Keynes,Oxford Utd,Rigori,4,Ospite,Rigore,Phillips M.,,femlyACb
FA Cup,3° turno,09.01.2026,Milton Keynes,Oxford Utd,Rigori,5,Casa,Rigore Assegnato,Lemonheigh-Evans C.,,femlyACb
FA Cup,3° turno,09.01.2026,Milton Keynes,Oxford Utd,Rigori,5,Casa,Rigore sbagliato,Lemonheigh-Evans C.,,femlyACb
FA Cup,3° turno,09.01.2026,Port Vale,Fleetwood,1 Tempo,25',Ospite,Cartellino Giallo,Mullarkey T.,,2PUtsuqK
FA Cup,3° turno,09.01.2026,Port Vale,Fleetwood,1 Tempo,42',Ospite,Sostituzione - Esce,McCann L.,,2PUtsuqK
FA Cup,3° turno,09.01.2026,Port Vale,Fleetwood,1 Tempo,42',Ospite,Sostituzione - Entra,Evans C.,,2PUtsuqK
FA Cup,3° turno,09.01.2026,Port Vale,Fleetwood,1 Tempo,45+2',Casa,Gol,Shipley J.,1-0,2PUtsuqK
FA Cup,3° turno,09.01.2026,Port Vale,Fleetwood,1 Tempo,45+2',Casa,Assist,Cole D.,1-0,2PUtsuqK
FA Cup,3° turno,09.01.2026,Port Vale,Fleetwood,2 Tempo,52',Ospite,Cartellino Giallo,Neal H.,,2PUtsuqK
FA Cup,3° turno,09.01.2026,Port Vale,Fleetwood,2 Tempo,59',Ospite,Sostituzione - Esce,Mullarkey T.,,2PUtsuqK
FA Cup,3° turno,09.01.2026,Port Vale,Fleetwood,2 Tempo,59',Ospite,Sostituzione - Entra,Rooney S.,,2PUtsuqK
FA Cup,3° turno,09.01.2026,Port Vale,Fleetwood,2 Tempo,59',Ospite,Sostituzione - Esce,Neal H.,,2PUtsuqK
FA Cup,3° turno,09.01.2026,Port Vale,Fleetwood,2 Tempo,59',Ospite,Sostituzione - Entra,Hughes K.,,2PUtsuqK
FA Cup,3° turno,09.01.2026,Port Vale,Fleetwood,2 Tempo,62',Casa,Sostituzione - Esce,Stockley J.,,2PUtsuqK
FA Cup,3° turno,09.01.2026,Port Vale,Fleetwood,2 Tempo,62',Casa,Sostituzione - Entra,Croasdale R.,,2PUtsuqK
FA Cup,3° turno,09.01.2026,Port Vale,Fleetwood,2 Tempo,62',Casa,Sostituzione - Esce,Hall G.,,2PUtsuqK
FA Cup,3° turno,09.01.2026,Port Vale,Fleetwood,2 Tempo,62',Casa,Sostituzione - Entra,Faal M.,,2PUtsuqK
FA Cup,3° turno,09.01.2026,Port Vale,Fleetwood,2 Tempo,69',Casa,Cartellino Giallo,Shipley J.,,2PUtsuqK
FA Cup,3° turno,09.01.2026,Port Vale,Fleetwood,2 Tempo,71',Ospite,Sostituzione - Esce,Davies J.,,2PUtsuqK
FA Cup,3° turno,09.01.2026,Port Vale,Fleetwood,2 Tempo,71',Ospite,Sostituzione - Entra,Virtue-Thick M.,,2PUtsuqK
FA Cup,3° turno,09.01.2026,Port Vale,Fleetwood,2 Tempo,72',Ospite,Sostituzione - Esce,Davies W.,,2PUtsuqK
FA Cup,3° turno,09.01.2026,Port Vale,Fleetwood,2 Tempo,72',Ospite,Sostituzione - Entra,Devonport O.,,2PUtsuqK
FA Cup,3° turno,09.01.2026,Port Vale,Fleetwood,2 Tempo,75',Casa,Sostituzione - Esce,Johnson M.,,2PUtsuqK
FA Cup,3° turno,09.01.2026,Port Vale,Fleetwood,2 Tempo,75',Casa,Sostituzione - Entra,Headley J.,,2PUtsuqK
FA Cup,3° turno,09.01.2026,Port Vale,Fleetwood,2 Tempo,78',Casa,Sostituzione - Esce,Waine B.,,2PUtsuqK
FA Cup,3° turno,09.01.2026,Port Vale,Fleetwood,2 Tempo,78',Casa,Sostituzione - Entra,Brown D.,,2PUtsuqK
FA Cup,3° turno,09.01.2026,Port Vale,Fleetwood,2 Tempo,85',Casa,Cartellino Giallo,Gauci J.,,2PUtsuqK
FA Cup,3° turno,10.01.2026,Everton,Sunderland,1 Tempo,30',Ospite,Gol,Le Fee E.,0-1,OY97SuUQ
FA Cup,3° turno,10.01.2026,Everton,Sunderland,1 Tempo,30',Ospite,Assist,Mayenda E.,0-1,OY97SuUQ
FA Cup,3° turno,10.01.2026,Everton,Sunderland,1 Tempo,45+1',Ospite,Cartellino Giallo,Sadiki N.,,OY97SuUQ
FA Cup,3° turno,10.01.2026,Everton,Sunderland,2 Tempo,71',Ospite,Sostituzione - Esce,Adingra S.,,OY97SuUQ
FA Cup,3° turno,10.01.2026,Everton,Sunderland,2 Tempo,71',Ospite,Sostituzione - Entra,Brobbey B.,,OY97SuUQ
FA Cup,3° turno,10.01.2026,Everton,Sunderland,2 Tempo,71',Ospite,Sostituzione - Esce,Mayenda E.,,OY97SuUQ
FA Cup,3° turno,10.01.2026,Everton,Sunderland,2 Tempo,71',Ospite,Sostituzione - Entra,Ballard D.,,OY97SuUQ
FA Cup,3° turno,10.01.2026,Everton,Sunderland,2 Tempo,75',Casa,Sostituzione - Esce,Dibling T.,,OY97SuUQ
FA Cup,3° turno,10.01.2026,Everton,Sunderland,2 Tempo,75',Casa,Sostituzione - Entra,Barry T.,,OY97SuUQ
FA Cup,3° turno,10.01.2026,Everton,Sunderland,2 Tempo,86',Casa,Sostituzione - Esce,Rohl M.,,OY97SuUQ
FA Cup,3° turno,10.01.2026,Everton,Sunderland,2 Tempo,86',Casa,Sostituzione - Entra,Aznou A.,,OY97SuUQ
FA Cup,3° turno,10.01.2026,Everton,Sunderland,2 Tempo,88',Ospite,Cartellino Giallo,Xhaka G.,,OY97SuUQ
FA Cup,3° turno,10.01.2026,Everton,Sunderland,2 Tempo,89',Casa,Rigore Assegnato,Garner J.,1-1,OY97SuUQ
FA Cup,3° turno,10.01.2026,Everton,Sunderland,2 Tempo,89',Casa,Rigore,Garner J.,1-1,OY97SuUQ
FA Cup,3° turno,10.01.2026,Everton,Sunderland,2 Tempo,90+1',Ospite,Cartellino Giallo,Ballard D.,,OY97SuUQ
FA Cup,3° turno,10.01.2026,Everton,Sunderland,2 Tempo,90+2',Casa,Cartellino Giallo,Barry T.,,OY97SuUQ
FA Cup,3° turno,10.01.2026,Everton,Sunderland,Supplementari,104',Casa,Sostituzione - Esce,Mykolenko V.,,OY97SuUQ
FA Cup,3° turno,10.01.2026,Everton,Sunderland,Supplementari,104',Casa,Sostituzione - Entra,Campbell E.,,OY97SuUQ
FA Cup,3° turno,10.01.2026,Everton,Sunderland,Supplementari,105',Ospite,Sostituzione - Esce,Brobbey B.,,OY97SuUQ
FA Cup,3° turno,10.01.2026,Everton,Sunderland,Supplementari,105',Ospite,Sostituzione - Entra,Isidor W.,,OY97SuUQ
FA Cup,3° turno,10.01.2026,Everton,Sunderland,Supplementari,109',Ospite,Cartellino Giallo,Mukiele N.,,OY97SuUQ
FA Cup,3° turno,10.01.2026,Everton,Sunderland,Supplementari,115',Ospite,Cartellino Giallo,Hume T.,,OY97SuUQ
FA Cup,3° turno,10.01.2026,Everton,Sunderland,Supplementari,116',Casa,Sostituzione - Esce,Patterson N.,,OY97SuUQ
FA Cup,3° turno,10.01.2026,Everton,Sunderland,Supplementari,116',Casa,Sostituzione - Entra,Welch R.,,OY97SuUQ
FA Cup,3° turno,10.01.2026,Everton,Sunderland,Rigori,1,Casa,Rigore Assegnato,Garner J.,,OY97SuUQ
FA Cup,3° turno,10.01.2026,Everton,Sunderland,Rigori,1,Casa,Rigore sbagliato,Garner J.,,OY97SuUQ
FA Cup,3° turno,10.01.2026,Everton,Sunderland,Rigori,1,Ospite,Rigore Assegnato,Le Fee E.,,OY97SuUQ
FA Cup,3° turno,10.01.2026,Everton,Sunderland,Rigori,1,Ospite,Rigore,Le Fee E.,,OY97SuUQ
FA Cup,3° turno,10.01.2026,Everton,Sunderland,Rigori,2,Casa,Rigore Assegnato,Barry T.,,OY97SuUQ
FA Cup,3° turno,10.01.2026,Everton,Sunderland,Rigori,2,Casa,Rigore sbagliato,Barry T.,,OY97SuUQ
FA Cup,3° turno,10.01.2026,Everton,Sunderland,Rigori,2,Ospite,Rigore Assegnato,Xhaka G.,,OY97SuUQ
FA Cup,3° turno,10.01.2026,Everton,Sunderland,Rigori,2,Ospite,Rigore,Xhaka G.,,OY97SuUQ
FA Cup,3° turno,10.01.2026,Everton,Sunderland,Rigori,3,Casa,Rigore Assegnato,Beto,,OY97SuUQ
FA Cup,3° turno,10.01.2026,Everton,Sunderland,Rigori,3,Casa,Rigore sbagliato,Beto,,OY97SuUQ
FA Cup,3° turno,10.01.2026,Everton,Sunderland,Rigori,3,Ospite,Rigore Assegnato,O'Nien L.,,OY97SuUQ
FA Cup,3° turno,10.01.2026,Everton,Sunderland,Rigori,3,Ospite,Rigore,O'Nien L.,,OY97SuUQ
FA Cup,3° turno,10.01.2026,Macclesfield,Crystal Palace,1 Tempo,43',Casa,Gol,Dawson P.,1-0,4S3fD3PF
FA Cup,3° turno,10.01.2026,Macclesfield,Crystal Palace,1 Tempo,43',Casa,Assist,Duffy L.,1-0,4S3fD3PF
FA Cup,3° turno,10.01.2026,Macclesfield,Crystal Palace,1 Tempo,45+2',Casa,Cartellino Giallo,Kay J.,,4S3fD3PF
FA Cup,3° turno,10.01.2026,Macclesfield,Crystal Palace,2 Tempo,46',Ospite,Sostituzione - Esce,Canvot J.,,4S3fD3PF
FA Cup,3° turno,10.01.2026,Macclesfield,Crystal Palace,2 Tempo,46',Ospite,Sostituzione - Entra,Mitchell T.,,4S3fD3PF
FA Cup,3° turno,10.01.2026,Macclesfield,Crystal Palace,2 Tempo,46',Ospite,Sostituzione - Esce,Rodney K.,,4S3fD3PF
FA Cup,3° turno,10.01.2026,Macclesfield,Crystal Palace,2 Tempo,46',Ospite,Sostituzione - Entra,Hughes W.,,4S3fD3PF
FA Cup,3° turno,10.01.2026,Macclesfield,Crystal Palace,2 Tempo,46',Ospite,Sostituzione - Esce,Drakes-Thomas J.,,4S3fD3PF
FA Cup,3° turno,10.01.2026,Macclesfield,Crystal Palace,2 Tempo,46',Ospite,Sostituzione - Entra,Johnson B.,,4S3fD3PF
FA Cup,3° turno,10.01.2026,Macclesfield,Crystal Palace,2 Tempo,60',Casa,Gol,Buckley I.,2-0,4S3fD3PF
FA Cup,3° turno,10.01.2026,Macclesfield,Crystal Palace,2 Tempo,62',Ospite,Cartellino Giallo,Sosa B.,,4S3fD3PF
FA Cup,3° turno,10.01.2026,Macclesfield,Crystal Palace,2 Tempo,69',Ospite,Sostituzione - Esce,Devenny J.,,4S3fD3PF
FA Cup,3° turno,10.01.2026,Macclesfield,Crystal Palace,2 Tempo,69',Ospite,Sostituzione - Entra,Casey B.,,4S3fD3PF
FA Cup,3° turno,10.01.2026,Macclesfield,Crystal Palace,2 Tempo,76',Ospite,Cartellino Giallo,Guehi M.,,4S3fD3PF
FA Cup,3° turno,10.01.2026,Macclesfield,Crystal Palace,2 Tempo,79',Casa,Cartellino Giallo,Heathcote S.,,4S3fD3PF
FA Cup,3° turno,10.01.2026,Macclesfield,Crystal Palace,2 Tempo,79',Casa,Sostituzione - Esce,Duffy L.,,4S3fD3PF
FA Cup,3° turno,10.01.2026,Macclesfield,Crystal Palace,2 Tempo,79',Casa,Sostituzione - Entra,Matheson L.,,4S3fD3PF
FA Cup,3° turno,10.01.2026,Macclesfield,Crystal Palace,2 Tempo,79',Casa,Sostituzione - Esce,Lacey L.,,4S3fD3PF
FA Cup,3° turno,10.01.2026,Macclesfield,Crystal Palace,2 Tempo,79',Casa,Sostituzione - Entra,Borthwick-Jackson C.,,4S3fD3PF
FA Cup,3° turno,10.01.2026,Macclesfield,Crystal Palace,2 Tempo,79',Casa,Sostituzione - Esce,Kay J.,,4S3fD3PF
FA Cup,3° turno,10.01.2026,Macclesfield,Crystal Palace,2 Tempo,79',Casa,Sostituzione - Entra,Dos Santos C.,,4S3fD3PF
FA Cup,3° turno,10.01.2026,Macclesfield,Crystal Palace,2 Tempo,90',Ospite,Gol,Pino Y.,2-1,4S3fD3PF
FA Cup,3° turno,10.01.2026,Macclesfield,Crystal Palace,2 Tempo,90+5',Casa,Sostituzione - Esce,Mellor D.,,4S3fD3PF
FA Cup,3° turno,10.01.2026,Macclesfield,Crystal Palace,2 Tempo,90+5',Casa,Sostituzione - Entra,Whitehead D.,,4S3fD3PF
FA Cup,3° turno,10.01.2026,Wolves,Shrewsbury,1 Tempo,9',Casa,Gol,Larsen J.,1-0,xv5vnRQG
FA Cup,3° turno,10.01.2026,Wolves,Shrewsbury,1 Tempo,9',Casa,Assist,Hwang Hee-Chan,1-0,xv5vnRQG
FA Cup,3° turno,10.01.2026,Wolves,Shrewsbury,1 Tempo,11',Casa,Gol,Arias J.,2-0,xv5vnRQG
FA Cup,3° turno,10.01.2026,Wolves,Shrewsbury,1 Tempo,11',Casa,Assist,Larsen J.,2-0,xv5vnRQG
FA Cup,3° turno,10.01.2026,Wolves,Shrewsbury,1 Tempo,14',Ospite,Cartellino Giallo,Ruffels J.,,xv5vnRQG
FA Cup,3° turno,10.01.2026,Wolves,Shrewsbury,1 Tempo,26',Ospite,Rigore Assegnato,Marquis J.,2-1,xv5vnRQG
FA Cup,3° turno,10.01.2026,Wolves,Shrewsbury,1 Tempo,26',Ospite,Rigore,Marquis J.,2-1,xv5vnRQG
FA Cup,3° turno,10.01.2026,Wolves,Shrewsbury,1 Tempo,41',Casa,Gol,Larsen J.,3-1,xv5vnRQG
FA Cup,3° turno,10.01.2026,Wolves,Shrewsbury,2 Tempo,58',Casa,Gol,Larsen J.,4-1,xv5vnRQG
FA Cup,3° turno,10.01.2026,Wolves,Shrewsbury,2 Tempo,58',Casa,Assist,Arias J.,4-1,xv5vnRQG
FA Cup,3° turno,10.01.2026,Wolves,Shrewsbury,2 Tempo,60',Casa,Sostituzione - Esce,Tchatchoua J.,,xv5vnRQG
FA Cup,3° turno,10.01.2026,Wolves,Shrewsbury,2 Tempo,60',Casa,Sostituzione - Entra,Gomes R.,,xv5vnRQG
FA Cup,3° turno,10.01.2026,Wolves,Shrewsbury,2 Tempo,61',Casa,Sostituzione - Esce,Joao Gomes,,xv5vnRQG
FA Cup,3° turno,10.01.2026,Wolves,Shrewsbury,2 Tempo,61',Casa,Sostituzione - Entra,Mane M.,,xv5vnRQG
FA Cup,3° turno,10.01.2026,Wolves,Shrewsbury,2 Tempo,69',Ospite,Cartellino Giallo,Anderson T.,,xv5vnRQG
FA Cup,3° turno,10.01.2026,Wolves,Shrewsbury,2 Tempo,74',Casa,Sostituzione - Esce,Hwang Hee-Chan,,xv5vnRQG
FA Cup,3° turno,10.01.2026,Wolves,Shrewsbury,2 Tempo,74',Casa,Sostituzione - Entra,Lopez F.,,xv5vnRQG
FA Cup,3° turno,10.01.2026,Wolves,Shrewsbury,2 Tempo,74',Casa,Sostituzione - Esce,Larsen J.,,xv5vnRQG
FA Cup,3° turno,10.01.2026,Wolves,Shrewsbury,2 Tempo,74',Casa,Sostituzione - Entra,Arokodare T.,,xv5vnRQG
FA Cup,3° turno,10.01.2026,Wolves,Shrewsbury,2 Tempo,75',Ospite,Sostituzione - Esce,Morgan I.,,xv5vnRQG
FA Cup,3° turno,10.01.2026,Wolves,Shrewsbury,2 Tempo,75',Ospite,Sostituzione - Entra,Samuel-Ogunsuyi T.,,xv5vnRQG
FA Cup,3° turno,10.01.2026,Wolves,Shrewsbury,2 Tempo,75',Ospite,Sostituzione - Esce,Ruffels J.,,xv5vnRQG
FA Cup,3° turno,10.01.2026,Wolves,Shrewsbury,2 Tempo,75',Ospite,Sostituzione - Entra,Loughran J.,,xv5vnRQG
FA Cup,3° turno,10.01.2026,Wolves,Shrewsbury,2 Tempo,84',Casa,Sostituzione - Esce,Arias J.,,xv5vnRQG
FA Cup,3° turno,10.01.2026,Wolves,Shrewsbury,2 Tempo,84',Casa,Sostituzione - Entra,Pedro Lima,,xv5vnRQG
FA Cup,3° turno,10.01.2026,Wolves,Shrewsbury,2 Tempo,86',Casa,Gol,Gomes R.,5-1,xv5vnRQG
FA Cup,3° turno,10.01.2026,Wolves,Shrewsbury,2 Tempo,86',Casa,Assist,Arokodare T.,5-1,xv5vnRQG
FA Cup,3° turno,10.01.2026,Wolves,Shrewsbury,2 Tempo,90+1',Casa,Cartellino Giallo,Andre,,xv5vnRQG
FA Cup,3° turno,10.01.2026,Wolves,Shrewsbury,2 Tempo,90+2',Casa,Gol,Arokodare T.,6-1,xv5vnRQG
FA Cup,3° turno,10.01.2026,Wolves,Shrewsbury,2 Tempo,90+2',Casa,Assist,Wolfe D.,6-1,xv5vnRQG
FA Cup,3° turno,10.01.2026,Cheltenham,Leicester,1 Tempo,23',Ospite,Gol,Daka P.,0-1,2LjdZmsB
FA Cup,3° turno,10.01.2026,Cheltenham,Leicester,1 Tempo,23',Ospite,Assist,Mavididi S.,0-1,2LjdZmsB
FA Cup,3° turno,10.01.2026,Cheltenham,Leicester,1 Tempo,45',Ospite,Gol,Mavididi S.,0-2,2LjdZmsB
FA Cup,3° turno,10.01.2026,Cheltenham,Leicester,1 Tempo,45',Ospite,Assist,Skipp O.,0-2,2LjdZmsB
FA Cup,3° turno,10.01.2026,Cheltenham,Leicester,2 Tempo,55',Ospite,Sostituzione - Esce,Vestergaard J.,,2LjdZmsB
FA Cup,3° turno,10.01.2026,Cheltenham,Leicester,2 Tempo,55',Ospite,Sostituzione - Entra,Okoli C.,,2LjdZmsB
FA Cup,3° turno,10.01.2026,Cheltenham,Leicester,2 Tempo,70',Ospite,Sostituzione - Esce,Daka P.,,2LjdZmsB
FA Cup,3° turno,10.01.2026,Cheltenham,Leicester,2 Tempo,70',Ospite,Sostituzione - Entra,Ayew J.,,2LjdZmsB
FA Cup,3° turno,10.01.2026,Cheltenham,Leicester,2 Tempo,70',Casa,Sostituzione - Esce,Kinsella L.,,2LjdZmsB
FA Cup,3° turno,10.01.2026,Cheltenham,Leicester,2 Tempo,70',Casa,Sostituzione - Entra,Taylor T.,,2LjdZmsB
FA Cup,3° turno,10.01.2026,Cheltenham,Leicester,2 Tempo,70',Ospite,Sostituzione - Esce,Thomas S.,,2LjdZmsB
FA Cup,3° turno,10.01.2026,Cheltenham,Leicester,2 Tempo,70',Ospite,Sostituzione - Entra,Monga J.,,2LjdZmsB
FA Cup,3° turno,10.01.2026,Cheltenham,Leicester,2 Tempo,77',Casa,Sostituzione - Esce,Thomas J.,,2LjdZmsB
FA Cup,3° turno,10.01.2026,Cheltenham,Leicester,2 Tempo,77',Casa,Sostituzione - Entra,Harmon G.,,2LjdZmsB
FA Cup,3° turno,10.01.2026,Cheltenham,Leicester,2 Tempo,77',Casa,Sostituzione - Esce,Martin J.,,2LjdZmsB
FA Cup,3° turno,10.01.2026,Cheltenham,Leicester,2 Tempo,77',Casa,Sostituzione - Entra,Power D.,,2LjdZmsB
FA Cup,3° turno,10.01.2026,Cheltenham,Leicester,2 Tempo,87',Casa,Cartellino Giallo,Tomkinson J.,,2LjdZmsB
FA Cup,3° turno,10.01.2026,Cheltenham,Leicester,2 Tempo,87',Ospite,Cartellino Giallo,Thomas L.,,2LjdZmsB
FA Cup,3° turno,10.01.2026,Cheltenham,Leicester,2 Tempo,89',Ospite,Sostituzione - Esce,Mavididi S.,,2LjdZmsB
FA Cup,3° turno,10.01.2026,Cheltenham,Leicester,2 Tempo,89',Ospite,Sostituzione - Entra,Marcal W.,,2LjdZmsB
FA Cup,3° turno,10.01.2026,Newcastle,Bournemouth,1 Tempo,28',Ospite,Sostituzione - Esce,Unal E.,,K4ewNJil
FA Cup,3° turno,10.01.2026,Newcastle,Bournemouth,1 Tempo,28',Ospite,Sostituzione - Entra,Evanilson,,K4ewNJil
FA Cup,3° turno,10.01.2026,Newcastle,Bournemouth,2 Tempo,50',Casa,Gol,Barnes H.,1-0,K4ewNJil
FA Cup,3° turno,10.01.2026,Newcastle,Bournemouth,2 Tempo,50',Casa,Assist,Woltemade N.,1-0,K4ewNJil
FA Cup,3° turno,10.01.2026,Newcastle,Bournemouth,2 Tempo,59',Casa,Sostituzione - Esce,Livramento V.,,K4ewNJil
FA Cup,3° turno,10.01.2026,Newcastle,Bournemouth,2 Tempo,59',Casa,Sostituzione - Entra,Hall L.,,K4ewNJil
FA Cup,3° turno,10.01.2026,Newcastle,Bournemouth,2 Tempo,62',Ospite,Gol,Scott A.,1-1,K4ewNJil
FA Cup,3° turno,10.01.2026,Newcastle,Bournemouth,2 Tempo,62',Ospite,Assist,Evanilson,1-1,K4ewNJil
FA Cup,3° turno,10.01.2026,Newcastle,Bournemouth,2 Tempo,68',Ospite,Gol,Brooks D.,1-2,K4ewNJil
FA Cup,3° turno,10.01.2026,Newcastle,Bournemouth,2 Tempo,69',Casa,Sostituzione - Esce,Wissa Y.,,K4ewNJil
FA Cup,3° turno,10.01.2026,Newcastle,Bournemouth,2 Tempo,69',Casa,Sostituzione - Entra,Gordon A.,,K4ewNJil
FA Cup,3° turno,10.01.2026,Newcastle,Bournemouth,2 Tempo,69',Casa,Sostituzione - Esce,Trippier K.,,K4ewNJil
FA Cup,3° turno,10.01.2026,Newcastle,Bournemouth,2 Tempo,69',Casa,Sostituzione - Entra,Miley L.,,K4ewNJil
FA Cup,3° turno,10.01.2026,Newcastle,Bournemouth,2 Tempo,70',Casa,Sostituzione - Esce,Willock J.,,K4ewNJil
FA Cup,3° turno,10.01.2026,Newcastle,Bournemouth,2 Tempo,70',Casa,Sostituzione - Entra,Joelinton,,K4ewNJil
FA Cup,3° turno,10.01.2026,Newcastle,Bournemouth,2 Tempo,71',Ospite,Sostituzione - Esce,Adli A.,,K4ewNJil
FA Cup,3° turno,10.01.2026,Newcastle,Bournemouth,2 Tempo,71',Ospite,Sostituzione - Entra,Tavernier M.,,K4ewNJil
FA Cup,3° turno,10.01.2026,Newcastle,Bournemouth,2 Tempo,71',Ospite,Sostituzione - Esce,Brooks D.,,K4ewNJil
FA Cup,3° turno,10.01.2026,Newcastle,Bournemouth,2 Tempo,71',Ospite,Sostituzione - Entra,Jimenez A.,,K4ewNJil
FA Cup,3° turno,10.01.2026,Newcastle,Bournemouth,2 Tempo,76',Ospite,Cartellino Giallo,Soler J.,,K4ewNJil
FA Cup,3° turno,10.01.2026,Newcastle,Bournemouth,2 Tempo,79',Casa,Sostituzione - Esce,Ramsey J.,,K4ewNJil
FA Cup,3° turno,10.01.2026,Newcastle,Bournemouth,2 Tempo,79',Casa,Sostituzione - Entra,Bruno Guimaraes,,K4ewNJil
FA Cup,3° turno,10.01.2026,Newcastle,Bournemouth,2 Tempo,81',Ospite,Cartellino Giallo,Scott A.,,K4ewNJil
FA Cup,3° turno,10.01.2026,Newcastle,Bournemouth,2 Tempo,83',Ospite,Sostituzione - Esce,Soler J.,,K4ewNJil
FA Cup,3° turno,10.01.2026,Newcastle,Bournemouth,2 Tempo,83',Ospite,Sostituzione - Entra,Truffert A.,,K4ewNJil
FA Cup,3° turno,10.01.2026,Newcastle,Bournemouth,2 Tempo,86',Ospite,Cartellino Giallo,Tavernier M.,,K4ewNJil
FA Cup,3° turno,10.01.2026,Newcastle,Bournemouth,2 Tempo,90+3',Ospite,Cartellino Giallo,Petrovic D.,,K4ewNJil
FA Cup,3° turno,10.01.2026,Newcastle,Bournemouth,2 Tempo,90+3',Casa,Cartellino Giallo,Bruno Guimaraes,,K4ewNJil
FA Cup,3° turno,10.01.2026,Newcastle,Bournemouth,2 Tempo,90+5',Casa,Rigore Assegnato,Gordon A.,2-2,K4ewNJil
FA Cup,3° turno,10.01.2026,Newcastle,Bournemouth,2 Tempo,90+5',Casa,Rigore,Gordon A.,2-2,K4ewNJil
FA Cup,3° turno,10.01.2026,Newcastle,Bournemouth,Supplementari,91',Ospite,Sostituzione - Esce,Kroupi E. J.,,K4ewNJil
FA Cup,3° turno,10.01.2026,Newcastle,Bournemouth,Supplementari,91',Ospite,Sostituzione - Entra,Senesi M.,,K4ewNJil
FA Cup,3° turno,10.01.2026,Newcastle,Bournemouth,Supplementari,95',Ospite,Cartellino Giallo,Cook L.,,K4ewNJil
FA Cup,3° turno,10.01.2026,Newcastle,Bournemouth,Supplementari,112',Ospite,Sostituzione - Esce,Scott A.,,K4ewNJil
FA Cup,3° turno,10.01.2026,Newcastle,Bournemouth,Supplementari,112',Ospite,Sostituzione - Entra,Rees-Dottin R.,,K4ewNJil
FA Cup,3° turno,10.01.2026,Newcastle,Bournemouth,Supplementari,118',Casa,Gol,Barnes H.,3-2,K4ewNJil
FA Cup,3° turno,10.01.2026,Newcastle,Bournemouth,Supplementari,118',Casa,Assist,Gordon A.,3-2,K4ewNJil
FA Cup,3° turno,10.01.2026,Newcastle,Bournemouth,Supplementari,120+2',Ospite,Gol,Tavernier M.,3-3,K4ewNJil
FA Cup,3° turno,10.01.2026,Newcastle,Bournemouth,Supplementari,120+2',Ospite,Assist,Jimenez A.,3-3,K4ewNJil
FA Cup,3° turno,10.01.2026,Newcastle,Bournemouth,Rigori,1,Casa,Rigore Assegnato,Gordon A.,,K4ewNJil
FA Cup,3° turno,10.01.2026,Newcastle,Bournemouth,Rigori,1,Casa,Rigore,Gordon A.,,K4ewNJil
FA Cup,3° turno,10.01.2026,Newcastle,Bournemouth,Rigori,1,Ospite,Rigore Assegnato,Tavernier M.,,K4ewNJil
FA Cup,3° turno,10.01.2026,Newcastle,Bournemouth,Rigori,1,Ospite,Rigore,Tavernier M.,,K4ewNJil
FA Cup,3° turno,10.01.2026,Newcastle,Bournemouth,Rigori,2,Casa,Rigore Assegnato,Woltemade N.,,K4ewNJil
FA Cup,3° turno,10.01.2026,Newcastle,Bournemouth,Rigori,2,Casa,Rigore sbagliato,Woltemade N.,,K4ewNJil
FA Cup,3° turno,10.01.2026,Newcastle,Bournemouth,Rigori,2,Ospite,Rigore Assegnato,Evanilson,,K4ewNJil
FA Cup,3° turno,10.01.2026,Newcastle,Bournemouth,Rigori,2,Ospite,Rigore sbagliato,Evanilson,,K4ewNJil
FA Cup,3° turno,10.01.2026,Newcastle,Bournemouth,Rigori,3,Casa,Rigore Assegnato,Bruno Guimaraes,,K4ewNJil
FA Cup,3° turno,10.01.2026,Newcastle,Bournemouth,Rigori,3,Casa,Rigore sbagliato,Bruno Guimaraes,,K4ewNJil
FA Cup,3° turno,10.01.2026,Newcastle,Bournemouth,Rigori,3,Ospite,Rigore Assegnato,Cook L.,,K4ewNJil
FA Cup,3° turno,10.01.2026,Newcastle,Bournemouth,Rigori,3,Ospite,Rigore,Cook L.,,K4ewNJil
FA Cup,3° turno,10.01.2026,Newcastle,Bournemouth,Rigori,4,Casa,Rigore Assegnato,Tonali S.,,K4ewNJil
FA Cup,3° turno,10.01.2026,Newcastle,Bournemouth,Rigori,4,Casa,Rigore,Tonali S.,,K4ewNJil
FA Cup,3° turno,10.01.2026,Newcastle,Bournemouth,Rigori,4,Ospite,Rigore Assegnato,Jimenez A.,,K4ewNJil
FA Cup,3° turno,10.01.2026,Newcastle,Bournemouth,Rigori,4,Ospite,Rigore sbagliato,Jimenez A.,,K4ewNJil
FA Cup,3° turno,10.01.2026,Newcastle,Bournemouth,Rigori,5,Casa,Rigore Assegnato,Joelinton,,K4ewNJil
FA Cup,3° turno,10.01.2026,Newcastle,Bournemouth,Rigori,5,Casa,Rigore,Joelinton,,K4ewNJil
FA Cup,3° turno,10.01.2026,Newcastle,Bournemouth,Rigori,5,Ospite,Rigore Assegnato,Senesi M.,,K4ewNJil
FA Cup,3° turno,10.01.2026,Newcastle,Bournemouth,Rigori,5,Ospite,Rigore,Senesi M.,,K4ewNJil
FA Cup,3° turno,10.01.2026,Newcastle,Bournemouth,Rigori,6,Casa,Rigore Assegnato,Hall L.,,K4ewNJil
FA Cup,3° turno,10.01.2026,Newcastle,Bournemouth,Rigori,6,Casa,Rigore,Hall L.,,K4ewNJil
FA Cup,3° turno,10.01.2026,Newcastle,Bournemouth,Rigori,6,Ospite,Rigore Assegnato,Hill J.,,K4ewNJil
FA Cup,3° turno,10.01.2026,Newcastle,Bournemouth,Rigori,6,Ospite,Rigore,Hill J.,,K4ewNJil
FA Cup,3° turno,10.01.2026,Newcastle,Bournemouth,Rigori,7,Casa,Rigore Assegnato,Miley L.,,K4ewNJil
FA Cup,3° turno,10.01.2026,Newcastle,Bournemouth,Rigori,7,Casa,Rigore,Miley L.,,K4ewNJil
FA Cup,3° turno,10.01.2026,Newcastle,Bournemouth,Rigori,7,Ospite,Rigore Assegnato,Truffert A.,,K4ewNJil
FA Cup,3° turno,10.01.2026,Newcastle,Bournemouth,Rigori,7,Ospite,Rigore,Truffert A.,,K4ewNJil
FA Cup,3° turno,10.01.2026,Newcastle,Bournemouth,Rigori,8,Casa,Rigore Assegnato,Barnes H.,,K4ewNJil
FA Cup,3° turno,10.01.2026,Newcastle,Bournemouth,Rigori,8,Casa,Rigore,Barnes H.,,K4ewNJil
FA Cup,3° turno,10.01.2026,Newcastle,Bournemouth,Rigori,8,Ospite,Rigore Assegnato,Smith A.,,K4ewNJil
FA Cup,3° turno,10.01.2026,Newcastle,Bournemouth,Rigori,8,Ospite,Rigore,Smith A.,,K4ewNJil
FA Cup,3° turno,10.01.2026,Newcastle,Bournemouth,Rigori,9,Casa,Rigore Assegnato,Thiaw M.,,K4ewNJil
FA Cup,3° turno,10.01.2026,Newcastle,Bournemouth,Rigori,9,Casa,Rigore,Thiaw M.,,K4ewNJil
FA Cup,3° turno,10.01.2026,Newcastle,Bournemouth,Rigori,9,Ospite,Rigore Assegnato,Diakite B.,,K4ewNJil
FA Cup,3° turno,10.01.2026,Newcastle,Bournemouth,Rigori,9,Ospite,Rigore sbagliato,Diakite B.,,K4ewNJil
FA Cup,3° turno,10.01.2026,Manchester City,Exeter,1 Tempo,12',Casa,Gol,Alleyne M.,1-0,YuauwWsn
FA Cup,3° turno,10.01.2026,Manchester City,Exeter,1 Tempo,24',Casa,Gol,Rodri,2-0,YuauwWsn
FA Cup,3° turno,10.01.2026,Manchester City,Exeter,1 Tempo,42',Casa,Autogol,Doyle-Hayes J.,3-0,YuauwWsn
FA Cup,3° turno,10.01.2026,Manchester City,Exeter,1 Tempo,45+2',Casa,Autogol,Fitzwater J.,4-0,YuauwWsn
FA Cup,3° turno,10.01.2026,Manchester City,Exeter,2 Tempo,46',Ospite,Sostituzione - Esce,Wareham J.,,YuauwWsn
FA Cup,3° turno,10.01.2026,Manchester City,Exeter,2 Tempo,46',Ospite,Sostituzione - Entra,Magennis J.,,YuauwWsn
FA Cup,3° turno,10.01.2026,Manchester City,Exeter,2 Tempo,46',Casa,Sostituzione - Esce,Rodri,,YuauwWsn
FA Cup,3° turno,10.01.2026,Manchester City,Exeter,2 Tempo,46',Casa,Sostituzione - Entra,O'Reilly N.,,YuauwWsn
FA Cup,3° turno,10.01.2026,Manchester City,Exeter,2 Tempo,46',Casa,Sostituzione - Esce,Haaland E.,,YuauwWsn
FA Cup,3° turno,10.01.2026,Manchester City,Exeter,2 Tempo,46',Casa,Sostituzione - Entra,Mukasa D.,,YuauwWsn
FA Cup,3° turno,10.01.2026,Manchester City,Exeter,2 Tempo,46',Casa,Sostituzione - Esce,Ake N.,,YuauwWsn
FA Cup,3° turno,10.01.2026,Manchester City,Exeter,2 Tempo,46',Casa,Sostituzione - Entra,Mfuni S.,,YuauwWsn
FA Cup,3° turno,10.01.2026,Manchester City,Exeter,2 Tempo,49',Casa,Gol,Lewis R.,5-0,YuauwWsn
FA Cup,3° turno,10.01.2026,Manchester City,Exeter,2 Tempo,49',Casa,Assist,Semenyo A.,5-0,YuauwWsn
FA Cup,3° turno,10.01.2026,Manchester City,Exeter,2 Tempo,54',Casa,Gol,Semenyo A.,6-0,YuauwWsn
FA Cup,3° turno,10.01.2026,Manchester City,Exeter,2 Tempo,54',Casa,Assist,Cherki R.,6-0,YuauwWsn
FA Cup,3° turno,10.01.2026,Manchester City,Exeter,2 Tempo,59',Ospite,Sostituzione - Esce,Aitchison J.,,YuauwWsn
FA Cup,3° turno,10.01.2026,Manchester City,Exeter,2 Tempo,59',Ospite,Sostituzione - Entra,Mendes C.,,YuauwWsn
FA Cup,3° turno,10.01.2026,Manchester City,Exeter,2 Tempo,59',Ospite,Sostituzione - Esce,Cole R.,,YuauwWsn
FA Cup,3° turno,10.01.2026,Manchester City,Exeter,2 Tempo,59',Ospite,Sostituzione - Entra,Higgins A.,,YuauwWsn
FA Cup,3° turno,10.01.2026,Manchester City,Exeter,2 Tempo,64',Casa,Sostituzione - Esce,Alleyne M.,,YuauwWsn
FA Cup,3° turno,10.01.2026,Manchester City,Exeter,2 Tempo,64',Casa,Sostituzione - Entra,Silva B.,,YuauwWsn
FA Cup,3° turno,10.01.2026,Manchester City,Exeter,2 Tempo,64',Casa,Sostituzione - Esce,Semenyo A.,,YuauwWsn
FA Cup,3° turno,10.01.2026,Manchester City,Exeter,2 Tempo,64',Casa,Sostituzione - Entra,Doku J.,,YuauwWsn
FA Cup,3° turno,10.01.2026,Manchester City,Exeter,2 Tempo,71',Casa,Gol,Reijnders T.,7-0,YuauwWsn
FA Cup,3° turno,10.01.2026,Manchester City,Exeter,2 Tempo,71',Casa,Assist,Doku J.,7-0,YuauwWsn
FA Cup,3° turno,10.01.2026,Manchester City,Exeter,2 Tempo,79',Casa,Gol,O'Reilly N.,8-0,YuauwWsn
FA Cup,3° turno,10.01.2026,Manchester City,Exeter,2 Tempo,79',Casa,Assist,Lewis R.,8-0,YuauwWsn
FA Cup,3° turno,10.01.2026,Manchester City,Exeter,2 Tempo,81',Ospite,Cartellino Giallo,Woodhouse L.,,YuauwWsn
FA Cup,3° turno,10.01.2026,Manchester City,Exeter,2 Tempo,82',Ospite,Sostituzione - Esce,Brierley E.,,YuauwWsn
FA Cup,3° turno,10.01.2026,Manchester City,Exeter,2 Tempo,82',Ospite,Sostituzione - Entra,Francis E.,,YuauwWsn
FA Cup,3° turno,10.01.2026,Manchester City,Exeter,2 Tempo,82',Ospite,Sostituzione - Esce,Oakes L.,,YuauwWsn
FA Cup,3° turno,10.01.2026,Manchester City,Exeter,2 Tempo,82',Ospite,Sostituzione - Entra,Birch G.,,YuauwWsn
FA Cup,3° turno,10.01.2026,Manchester City,Exeter,2 Tempo,86',Casa,Gol,McAidoo R.,9-0,YuauwWsn
FA Cup,3° turno,10.01.2026,Manchester City,Exeter,2 Tempo,86',Casa,Assist,Mukasa D.,9-0,YuauwWsn
FA Cup,3° turno,10.01.2026,Manchester City,Exeter,2 Tempo,90',Ospite,Gol,Birch G.,9-1,YuauwWsn
FA Cup,3° turno,10.01.2026,Manchester City,Exeter,2 Tempo,90',Ospite,Assist,Doyle-Hayes J.,9-1,YuauwWsn
FA Cup,3° turno,10.01.2026,Manchester City,Exeter,2 Tempo,90+1',Casa,Gol,Lewis R.,10-1,YuauwWsn
FA Cup,3° turno,10.01.2026,Manchester City,Exeter,2 Tempo,90+1',Casa,Assist,Cherki R.,10-1,YuauwWsn
FA Cup,3° turno,10.01.2026,Sheffield Wed,Brentford,1 Tempo,27',Ospite,Gol,Lewis-Potter K.,0-1,hjVzS5Zp
FA Cup,3° turno,10.01.2026,Sheffield Wed,Brentford,1 Tempo,27',Ospite,Assist,Jensen M.,0-1,hjVzS5Zp
FA Cup,3° turno,10.01.2026,Sheffield Wed,Brentford,2 Tempo,46',Ospite,Sostituzione - Esce,Henderson J.,,hjVzS5Zp
FA Cup,3° turno,10.01.2026,Sheffield Wed,Brentford,2 Tempo,46',Ospite,Sostituzione - Entra,Janelt V.,,hjVzS5Zp
FA Cup,3° turno,10.01.2026,Sheffield Wed,Brentford,2 Tempo,60',Casa,Sostituzione - Esce,Charles P.,,hjVzS5Zp
FA Cup,3° turno,10.01.2026,Sheffield Wed,Brentford,2 Tempo,60',Casa,Sostituzione - Entra,Stretch L.,,hjVzS5Zp
FA Cup,3° turno,10.01.2026,Sheffield Wed,Brentford,2 Tempo,60',Casa,Sostituzione - Esce,Alao Y.,,hjVzS5Zp
FA Cup,3° turno,10.01.2026,Sheffield Wed,Brentford,2 Tempo,60',Casa,Sostituzione - Entra,Johnson R.,,hjVzS5Zp
FA Cup,3° turno,10.01.2026,Sheffield Wed,Brentford,2 Tempo,61',Casa,Sostituzione - Esce,Shipston R.,,hjVzS5Zp
FA Cup,3° turno,10.01.2026,Sheffield Wed,Brentford,2 Tempo,61',Casa,Sostituzione - Entra,Redmond N.,,hjVzS5Zp
FA Cup,3° turno,10.01.2026,Sheffield Wed,Brentford,2 Tempo,64',Ospite,Rigore Assegnato,Jensen M.,0-2,hjVzS5Zp
FA Cup,3° turno,10.01.2026,Sheffield Wed,Brentford,2 Tempo,64',Ospite,Rigore,Jensen M.,0-2,hjVzS5Zp
FA Cup,3° turno,10.01.2026,Sheffield Wed,Brentford,2 Tempo,70',Ospite,Sostituzione - Esce,Nelson R.,,hjVzS5Zp
FA Cup,3° turno,10.01.2026,Sheffield Wed,Brentford,2 Tempo,70',Ospite,Sostituzione - Entra,Gustavo Nunes,,hjVzS5Zp
FA Cup,3° turno,10.01.2026,Sheffield Wed,Brentford,2 Tempo,77',Casa,Sostituzione - Esce,Cadamarteri B.,,hjVzS5Zp
FA Cup,3° turno,10.01.2026,Sheffield Wed,Brentford,2 Tempo,77',Casa,Sostituzione - Entra,Moses D.,,hjVzS5Zp
FA Cup,3° turno,10.01.2026,Sheffield Wed,Brentford,2 Tempo,80',Ospite,Sostituzione - Esce,Henry R.,,hjVzS5Zp
FA Cup,3° turno,10.01.2026,Sheffield Wed,Brentford,2 Tempo,80',Ospite,Sostituzione - Entra,Arthur B.,,hjVzS5Zp
FA Cup,3° turno,10.01.2026,Sheffield Wed,Brentford,2 Tempo,89',Ospite,Sostituzione - Esce,van den Berg S.,,hjVzS5Zp
FA Cup,3° turno,10.01.2026,Sheffield Wed,Brentford,2 Tempo,89',Ospite,Sostituzione - Entra,Kayode M.,,hjVzS5Zp
FA Cup,3° turno,10.01.2026,Sheffield Wed,Brentford,2 Tempo,90',Ospite,Sostituzione - Esce,Jensen M.,,hjVzS5Zp
FA Cup,3° turno,10.01.2026,Sheffield Wed,Brentford,2 Tempo,90',Ospite,Sostituzione - Entra,Konak Y. E.,,hjVzS5Zp
FA Cup,3° turno,10.01.2026,Sheffield Wed,Brentford,2 Tempo,90',Casa,Sostituzione - Esce,McNeill C.,,hjVzS5Zp
FA Cup,3° turno,10.01.2026,Sheffield Wed,Brentford,2 Tempo,90',Casa,Sostituzione - Entra,Grainger W.,,hjVzS5Zp
FA Cup,3° turno,10.01.2026,Fulham,Middlesbrough,1 Tempo,26',Ospite,Cartellino Giallo,Gilbert A.,,8tKigrYq
FA Cup,3° turno,10.01.2026,Fulham,Middlesbrough,1 Tempo,30',Ospite,Gol,Hackney H.,0-1,8tKigrYq
FA Cup,3° turno,10.01.2026,Fulham,Middlesbrough,1 Tempo,30',Ospite,Assist,Silvera S.,0-1,8tKigrYq
FA Cup,3° turno,10.01.2026,Fulham,Middlesbrough,2 Tempo,56',Casa,Sostituzione - Esce,Kusi Asare J.,,8tKigrYq
FA Cup,3° turno,10.01.2026,Fulham,Middlesbrough,2 Tempo,56',Casa,Sostituzione - Entra,Jimenez R.,,8tKigrYq
FA Cup,3° turno,10.01.2026,Fulham,Middlesbrough,2 Tempo,56',Casa,Sostituzione - Esce,Reed H.,,8tKigrYq
FA Cup,3° turno,10.01.2026,Fulham,Middlesbrough,2 Tempo,56',Casa,Sostituzione - Entra,Cairney T.,,8tKigrYq
FA Cup,3° turno,10.01.2026,Fulham,Middlesbrough,2 Tempo,57',Casa,Sostituzione - Esce,Traore A.,,8tKigrYq
FA Cup,3° turno,10.01.2026,Fulham,Middlesbrough,2 Tempo,57',Casa,Sostituzione - Entra,Wilson H.,,8tKigrYq
FA Cup,3° turno,10.01.2026,Fulham,Middlesbrough,2 Tempo,60',Casa,Gol,Wilson H.,1-1,8tKigrYq
FA Cup,3° turno,10.01.2026,Fulham,Middlesbrough,2 Tempo,60',Casa,Assist,Kevin,1-1,8tKigrYq
FA Cup,3° turno,10.01.2026,Fulham,Middlesbrough,2 Tempo,63',Ospite,Sostituzione - Esce,Conway T.,,8tKigrYq
FA Cup,3° turno,10.01.2026,Fulham,Middlesbrough,2 Tempo,63',Ospite,Sostituzione - Entra,Burgzorg D.,,8tKigrYq
FA Cup,3° turno,10.01.2026,Fulham,Middlesbrough,2 Tempo,66',Casa,Sostituzione - Esce,Sessegnon R.,,8tKigrYq
FA Cup,3° turno,10.01.2026,Fulham,Middlesbrough,2 Tempo,66',Casa,Sostituzione - Entra,Robinson A.,,8tKigrYq
FA Cup,3° turno,10.01.2026,Fulham,Middlesbrough,2 Tempo,68',Ospite,Cartellino Giallo,Burgzorg D.,,8tKigrYq
FA Cup,3° turno,10.01.2026,Fulham,Middlesbrough,2 Tempo,72',Casa,Cartellino Giallo,Cuenca J.,,8tKigrYq
FA Cup,3° turno,10.01.2026,Fulham,Middlesbrough,2 Tempo,77',Casa,Gol,Smith Rowe E.,2-1,8tKigrYq
FA Cup,3° turno,10.01.2026,Fulham,Middlesbrough,2 Tempo,77',Casa,Assist,Cairney T.,2-1,8tKigrYq
FA Cup,3° turno,10.01.2026,Fulham,Middlesbrough,2 Tempo,80',Ospite,Sostituzione - Esce,Ayling L.,,8tKigrYq
FA Cup,3° turno,10.01.2026,Fulham,Middlesbrough,2 Tempo,80',Ospite,Sostituzione - Entra,Fry D.,,8tKigrYq
FA Cup,3° turno,10.01.2026,Fulham,Middlesbrough,2 Tempo,80',Ospite,Sostituzione - Esce,Whittaker M.,,8tKigrYq
FA Cup,3° turno,10.01.2026,Fulham,Middlesbrough,2 Tempo,80',Ospite,Sostituzione - Entra,Nypan S.,,8tKigrYq
FA Cup,3° turno,10.01.2026,Fulham,Middlesbrough,2 Tempo,81',Ospite,Sostituzione - Esce,Hackney H.,,8tKigrYq
FA Cup,3° turno,10.01.2026,Fulham,Middlesbrough,2 Tempo,81',Ospite,Sostituzione - Entra,Ibeh C.,,8tKigrYq
FA Cup,3° turno,10.01.2026,Fulham,Middlesbrough,2 Tempo,86',Casa,Sostituzione - Esce,Smith Rowe E.,,8tKigrYq
FA Cup,3° turno,10.01.2026,Fulham,Middlesbrough,2 Tempo,86',Casa,Sostituzione - Entra,Berge S.,,8tKigrYq
FA Cup,3° turno,10.01.2026,Fulham,Middlesbrough,2 Tempo,86',Ospite,Sostituzione - Esce,Targett M.,,8tKigrYq
FA Cup,3° turno,10.01.2026,Fulham,Middlesbrough,2 Tempo,86',Ospite,Sostituzione - Entra,Hansen S.,,8tKigrYq
FA Cup,3° turno,10.01.2026,Fulham,Middlesbrough,2 Tempo,90+3',Casa,Gol,Kevin,3-1,8tKigrYq
FA Cup,3° turno,10.01.2026,Fulham,Middlesbrough,2 Tempo,90+3',Casa,Assist,Wilson H.,3-1,8tKigrYq
FA Cup,3° turno,10.01.2026,Burnley,Millwall,1 Tempo,11',Casa,Gol,Barnes A.,1-0,S6GbU1aE
FA Cup,3° turno,10.01.2026,Burnley,Millwall,1 Tempo,11',Casa,Assist,Bruun Larsen J.,1-0,S6GbU1aE
FA Cup,3° turno,10.01.2026,Burnley,Millwall,1 Tempo,34',Ospite,Cartellino Giallo,Leonard R.,,S6GbU1aE
FA Cup,3° turno,10.01.2026,Burnley,Millwall,1 Tempo,35',Casa,Gol,Tchaouna L.,2-0,S6GbU1aE
FA Cup,3° turno,10.01.2026,Burnley,Millwall,1 Tempo,35',Casa,Assist,Ekdal H.,2-0,S6GbU1aE
FA Cup,3° turno,10.01.2026,Burnley,Millwall,1 Tempo,42',Casa,Cartellino Giallo,Sonne O.,,S6GbU1aE
FA Cup,3° turno,10.01.2026,Burnley,Millwall,1 Tempo,44',Casa,Gol,Anthony J.,3-0,S6GbU1aE
FA Cup,3° turno,10.01.2026,Burnley,Millwall,1 Tempo,44',Casa,Assist,Bruun Larsen J.,3-0,S6GbU1aE
FA Cup,3° turno,10.01.2026,Burnley,Millwall,2 Tempo,61',Ospite,Sostituzione - Esce,Langstaff M.,,S6GbU1aE
FA Cup,3° turno,10.01.2026,Burnley,Millwall,2 Tempo,61',Ospite,Sostituzione - Entra,Coburn J.,,S6GbU1aE
FA Cup,3° turno,10.01.2026,Burnley,Millwall,2 Tempo,61',Ospite,Sostituzione - Esce,Mitchell B.,,S6GbU1aE
FA Cup,3° turno,10.01.2026,Burnley,Millwall,2 Tempo,61',Ospite,Sostituzione - Entra,Howland J.,,S6GbU1aE
FA Cup,3° turno,10.01.2026,Burnley,Millwall,2 Tempo,65',Casa,Gol,Barnes A.,4-0,S6GbU1aE
FA Cup,3° turno,10.01.2026,Burnley,Millwall,2 Tempo,66',Casa,Sostituzione - Esce,Laurent J.,,S6GbU1aE
FA Cup,3° turno,10.01.2026,Burnley,Millwall,2 Tempo,66',Casa,Sostituzione - Entra,Mejbri H.,,S6GbU1aE
FA Cup,3° turno,10.01.2026,Burnley,Millwall,2 Tempo,66',Casa,Sostituzione - Esce,Ugochukwu L.,,S6GbU1aE
FA Cup,3° turno,10.01.2026,Burnley,Millwall,2 Tempo,66',Casa,Sostituzione - Entra,Florentino,,S6GbU1aE
FA Cup,3° turno,10.01.2026,Burnley,Millwall,2 Tempo,66',Ospite,Sostituzione - Esce,Ballo T.,,S6GbU1aE
FA Cup,3° turno,10.01.2026,Burnley,Millwall,2 Tempo,66',Ospite,Sostituzione - Entra,Lamptey R.,,S6GbU1aE
FA Cup,3° turno,10.01.2026,Burnley,Millwall,2 Tempo,66',Ospite,Sostituzione - Esce,Leonard R.,,S6GbU1aE
FA Cup,3° turno,10.01.2026,Burnley,Millwall,2 Tempo,66',Ospite,Sostituzione - Entra,McNamara D.,,S6GbU1aE
FA Cup,3° turno,10.01.2026,Burnley,Millwall,2 Tempo,78',Casa,Sostituzione - Esce,Bruun Larsen J.,,S6GbU1aE
FA Cup,3° turno,10.01.2026,Burnley,Millwall,2 Tempo,78',Casa,Sostituzione - Entra,Banel J.,,S6GbU1aE
FA Cup,3° turno,10.01.2026,Burnley,Millwall,2 Tempo,80',Casa,Cartellino Giallo,Tchaouna L.,,S6GbU1aE
FA Cup,3° turno,10.01.2026,Burnley,Millwall,2 Tempo,83',Ospite,Sostituzione - Esce,Doughty A.,,S6GbU1aE
FA Cup,3° turno,10.01.2026,Burnley,Millwall,2 Tempo,83',Ospite,Sostituzione - Entra,Matthews A.,,S6GbU1aE
FA Cup,3° turno,10.01.2026,Burnley,Millwall,2 Tempo,85',Casa,Cartellino Giallo,Mejbri H.,,S6GbU1aE
FA Cup,3° turno,10.01.2026,Burnley,Millwall,2 Tempo,89',Casa,Gol,Banel J.,5-0,S6GbU1aE
FA Cup,3° turno,10.01.2026,Burnley,Millwall,2 Tempo,90+4',Ospite,Gol,Coburn J.,5-1,S6GbU1aE
FA Cup,3° turno,10.01.2026,Burnley,Millwall,2 Tempo,90+4',Ospite,Assist,Lamptey R.,5-1,S6GbU1aE
FA Cup,3° turno,10.01.2026,Ipswich,Blackpool,1 Tempo,23',Casa,Cartellino Giallo,Young A.,,W0QD0QuA
FA Cup,3° turno,10.01.2026,Ipswich,Blackpool,1 Tempo,35',Casa,Gol,Philogene J.,1-0,W0QD0QuA
FA Cup,3° turno,10.01.2026,Ipswich,Blackpool,1 Tempo,35',Casa,Assist,Johnson B.,1-0,W0QD0QuA
FA Cup,3° turno,10.01.2026,Ipswich,Blackpool,2 Tempo,47',Ospite,Cartellino Giallo,Lyons A.,,W0QD0QuA
FA Cup,3° turno,10.01.2026,Ipswich,Blackpool,2 Tempo,48',Casa,Cartellino Giallo,Burns W.,,W0QD0QuA
FA Cup,3° turno,10.01.2026,Ipswich,Blackpool,2 Tempo,62',Ospite,Sostituzione - Esce,Evans L.,,W0QD0QuA
FA Cup,3° turno,10.01.2026,Ipswich,Blackpool,2 Tempo,62',Ospite,Sostituzione - Entra,Brown J.,,W0QD0QuA
FA Cup,3° turno,10.01.2026,Ipswich,Blackpool,2 Tempo,70',Ospite,Sostituzione - Esce,Bloxham T.,,W0QD0QuA
FA Cup,3° turno,10.01.2026,Ipswich,Blackpool,2 Tempo,70',Ospite,Sostituzione - Entra,Bowler J.,,W0QD0QuA
FA Cup,3° turno,10.01.2026,Ipswich,Blackpool,2 Tempo,73',Casa,Sostituzione - Esce,Akpom Ch.,,W0QD0QuA
FA Cup,3° turno,10.01.2026,Ipswich,Blackpool,2 Tempo,73',Casa,Sostituzione - Entra,Azon I.,,W0QD0QuA
FA Cup,3° turno,10.01.2026,Ipswich,Blackpool,2 Tempo,73',Casa,Sostituzione - Esce,Burns W.,,W0QD0QuA
FA Cup,3° turno,10.01.2026,Ipswich,Blackpool,2 Tempo,73',Casa,Sostituzione - Entra,Szmodics S.,,W0QD0QuA
FA Cup,3° turno,10.01.2026,Ipswich,Blackpool,2 Tempo,73',Casa,Sostituzione - Esce,Clarke J.,,W0QD0QuA
FA Cup,3° turno,10.01.2026,Ipswich,Blackpool,2 Tempo,73',Casa,Sostituzione - Entra,Egeli S. W.,,W0QD0QuA
FA Cup,3° turno,10.01.2026,Ipswich,Blackpool,2 Tempo,73',Casa,Sostituzione - Esce,Philogene J.,,W0QD0QuA
FA Cup,3° turno,10.01.2026,Ipswich,Blackpool,2 Tempo,73',Casa,Sostituzione - Entra,McAteer K.,,W0QD0QuA
FA Cup,3° turno,10.01.2026,Ipswich,Blackpool,2 Tempo,77',Ospite,Sostituzione - Esce,Honeyman G.,,W0QD0QuA
FA Cup,3° turno,10.01.2026,Ipswich,Blackpool,2 Tempo,77',Ospite,Sostituzione - Entra,Banks S.,,W0QD0QuA
FA Cup,3° turno,10.01.2026,Ipswich,Blackpool,2 Tempo,86',Ospite,Cartellino Giallo,Imray D.,,W0QD0QuA
FA Cup,3° turno,10.01.2026,Ipswich,Blackpool,2 Tempo,87',Casa,Gol,Greaves J.,2-0,W0QD0QuA
FA Cup,3° turno,10.01.2026,Ipswich,Blackpool,2 Tempo,87',Casa,Assist,Young A.,2-0,W0QD0QuA
FA Cup,3° turno,10.01.2026,Ipswich,Blackpool,2 Tempo,89',Casa,Sostituzione - Esce,Johnson B.,,W0QD0QuA
FA Cup,3° turno,10.01.2026,Ipswich,Blackpool,2 Tempo,89',Casa,Sostituzione - Entra,Baggott E.,,W0QD0QuA
FA Cup,3° turno,10.01.2026,Ipswich,Blackpool,2 Tempo,90+6',Ospite,Rigore Assegnato,Fletcher A.,2-1,W0QD0QuA
FA Cup,3° turno,10.01.2026,Ipswich,Blackpool,2 Tempo,90+6',Ospite,Rigore,Fletcher A.,2-1,W0QD0QuA
FA Cup,3° turno,10.01.2026,Stoke,Coventry,1 Tempo,34',Casa,Cartellino Giallo,Talovierov M.,,Of3np5eT
FA Cup,3° turno,10.01.2026,Stoke,Coventry,1 Tempo,37',Ospite,Cartellino Giallo,Kitching L.,,Of3np5eT
FA Cup,3° turno,10.01.2026,Stoke,Coventry,1 Tempo,39',Casa,Cartellino Giallo,Pearson B.,,Of3np5eT
FA Cup,3° turno,10.01.2026,Stoke,Coventry,1 Tempo,43',Casa,Cartellino Giallo,Seko T.,,Of3np5eT
FA Cup,3° turno,10.01.2026,Stoke,Coventry,2 Tempo,67',Casa,Cartellino Giallo,Cisse L.,,Of3np5eT
FA Cup,3° turno,10.01.2026,Stoke,Coventry,2 Tempo,72',Ospite,Sostituzione - Esce,Yang Min-Hyuk,,Of3np5eT
FA Cup,3° turno,10.01.2026,Stoke,Coventry,2 Tempo,72',Ospite,Sostituzione - Entra,Mason-Clark E.,,Of3np5eT
FA Cup,3° turno,10.01.2026,Stoke,Coventry,2 Tempo,72',Ospite,Sostituzione - Esce,Wright H.,,Of3np5eT
FA Cup,3° turno,10.01.2026,Stoke,Coventry,2 Tempo,72',Ospite,Sostituzione - Entra,Simms E.,,Of3np5eT
FA Cup,3° turno,10.01.2026,Stoke,Coventry,2 Tempo,73',Ospite,Sostituzione - Esce,Rudoni J.,,Of3np5eT
FA Cup,3° turno,10.01.2026,Stoke,Coventry,2 Tempo,73',Ospite,Sostituzione - Entra,Sakamoto T.,,Of3np5eT
FA Cup,3° turno,10.01.2026,Stoke,Coventry,2 Tempo,76',Casa,Sostituzione - Esce,Mubama D.,,Of3np5eT
FA Cup,3° turno,10.01.2026,Stoke,Coventry,2 Tempo,76',Casa,Sostituzione - Entra,Gallagher S.,,Of3np5eT
FA Cup,3° turno,10.01.2026,Stoke,Coventry,2 Tempo,76',Casa,Sostituzione - Esce,Rigo T.,,Of3np5eT
FA Cup,3° turno,10.01.2026,Stoke,Coventry,2 Tempo,76',Casa,Sostituzione - Entra,Bae Jun-Ho,,Of3np5eT
FA Cup,3° turno,10.01.2026,Stoke,Coventry,2 Tempo,76',Casa,Sostituzione - Esce,Manhoef M.,,Of3np5eT
FA Cup,3° turno,10.01.2026,Stoke,Coventry,2 Tempo,76',Casa,Sostituzione - Entra,Thomas S.,,Of3np5eT
FA Cup,3° turno,10.01.2026,Stoke,Coventry,2 Tempo,79',Ospite,Sostituzione - Esce,Kitching L.,,Of3np5eT
FA Cup,3° turno,10.01.2026,Stoke,Coventry,2 Tempo,79',Ospite,Sostituzione - Entra,van Ewijk M.,,Of3np5eT
FA Cup,3° turno,10.01.2026,Stoke,Coventry,2 Tempo,88',Casa,Gol,Cisse L.,1-0,Of3np5eT
FA Cup,3° turno,10.01.2026,Doncaster,Southampton,1 Tempo,8',Ospite,Gol,Bragg C.,0-1,8bDNk9Ri
FA Cup,3° turno,10.01.2026,Doncaster,Southampton,1 Tempo,24',Ospite,Gol,Archer C.,0-2,8bDNk9Ri
FA Cup,3° turno,10.01.2026,Doncaster,Southampton,1 Tempo,24',Ospite,Assist,Downes F.,0-2,8bDNk9Ri
FA Cup,3° turno,10.01.2026,Doncaster,Southampton,1 Tempo,36',Casa,Cartellino Giallo,McGrath J.,,8bDNk9Ri
FA Cup,3° turno,10.01.2026,Doncaster,Southampton,1 Tempo,36',Ospite,Cartellino Giallo,Matsuki K.,,8bDNk9Ri
FA Cup,3° turno,10.01.2026,Doncaster,Southampton,1 Tempo,41',Ospite,Gol,Matsuki K.,0-3,8bDNk9Ri
FA Cup,3° turno,10.01.2026,Doncaster,Southampton,1 Tempo,41',Ospite,Assist,Fellows T.,0-3,8bDNk9Ri
FA Cup,3° turno,10.01.2026,Doncaster,Southampton,2 Tempo,48',Casa,Gol,Pearson M.,1-3,8bDNk9Ri
FA Cup,3° turno,10.01.2026,Doncaster,Southampton,2 Tempo,48',Casa,Assist,Gotts R.,1-3,8bDNk9Ri
FA Cup,3° turno,10.01.2026,Doncaster,Southampton,2 Tempo,54',Casa,Sostituzione - Esce,McGrath J.,,8bDNk9Ri
FA Cup,3° turno,10.01.2026,Doncaster,Southampton,2 Tempo,54',Casa,Sostituzione - Entra,Maxwell J.,,8bDNk9Ri
FA Cup,3° turno,10.01.2026,Doncaster,Southampton,2 Tempo,59',Casa,Gol,Gibson J.,2-3,8bDNk9Ri
FA Cup,3° turno,10.01.2026,Doncaster,Southampton,2 Tempo,59',Casa,Assist,Bailey O.,2-3,8bDNk9Ri
FA Cup,3° turno,10.01.2026,Doncaster,Southampton,2 Tempo,62',Ospite,Sostituzione - Esce,Jelert E.,,8bDNk9Ri
FA Cup,3° turno,10.01.2026,Doncaster,Southampton,2 Tempo,62',Ospite,Sostituzione - Entra,Wood N.,,8bDNk9Ri
FA Cup,3° turno,10.01.2026,Doncaster,Southampton,2 Tempo,62',Ospite,Sostituzione - Esce,Robinson J.,,8bDNk9Ri
FA Cup,3° turno,10.01.2026,Doncaster,Southampton,2 Tempo,62',Ospite,Sostituzione - Entra,Scienza L.,,8bDNk9Ri
FA Cup,3° turno,10.01.2026,Doncaster,Southampton,2 Tempo,67',Casa,Cartellino Giallo,Pearson M.,,8bDNk9Ri
FA Cup,3° turno,10.01.2026,Doncaster,Southampton,2 Tempo,74',Ospite,Sostituzione - Esce,Archer C.,,8bDNk9Ri
FA Cup,3° turno,10.01.2026,Doncaster,Southampton,2 Tempo,74',Ospite,Sostituzione - Entra,Stewart R.,,8bDNk9Ri
FA Cup,3° turno,10.01.2026,Doncaster,Southampton,2 Tempo,75',Ospite,Sostituzione - Esce,Bragg C.,,8bDNk9Ri
FA Cup,3° turno,10.01.2026,Doncaster,Southampton,2 Tempo,75',Ospite,Sostituzione - Entra,Jander C.,,8bDNk9Ri
FA Cup,3° turno,10.01.2026,Doncaster,Southampton,2 Tempo,76',Casa,Sostituzione - Esce,Gibson J.,,8bDNk9Ri
FA Cup,3° turno,10.01.2026,Doncaster,Southampton,2 Tempo,76',Casa,Sostituzione - Entra,Sharp B.,,8bDNk9Ri
FA Cup,3° turno,10.01.2026,Doncaster,Southampton,2 Tempo,76',Casa,Sostituzione - Esce,Adelakun H.,,8bDNk9Ri
FA Cup,3° turno,10.01.2026,Doncaster,Southampton,2 Tempo,76',Casa,Sostituzione - Entra,Middleton G.,,8bDNk9Ri
FA Cup,3° turno,10.01.2026,Doncaster,Southampton,2 Tempo,78',Casa,Cartellino Giallo,Gotts R.,,8bDNk9Ri
FA Cup,3° turno,10.01.2026,Doncaster,Southampton,2 Tempo,84',Ospite,Cartellino Giallo,Downes F.,,8bDNk9Ri
FA Cup,3° turno,10.01.2026,Doncaster,Southampton,2 Tempo,84',Casa,Sostituzione - Esce,Senior J.,,8bDNk9Ri
FA Cup,3° turno,10.01.2026,Doncaster,Southampton,2 Tempo,84',Casa,Sostituzione - Entra,Robinson D.,,8bDNk9Ri
FA Cup,3° turno,10.01.2026,Doncaster,Southampton,2 Tempo,84',Casa,Sostituzione - Esce,Gotts R.,,8bDNk9Ri
FA Cup,3° turno,10.01.2026,Doncaster,Southampton,2 Tempo,84',Casa,Sostituzione - Entra,Hanlan B.,,8bDNk9Ri
FA Cup,3° turno,10.01.2026,Doncaster,Southampton,2 Tempo,87',Ospite,Sostituzione - Esce,Matsuki K.,,8bDNk9Ri
FA Cup,3° turno,10.01.2026,Doncaster,Southampton,2 Tempo,87',Ospite,Sostituzione - Entra,Armstrong A.,,8bDNk9Ri
FA Cup,3° turno,10.01.2026,Boreham Wood,Burton,1 Tempo,28',Ospite,Cartellino Giallo,Chauke K.,,2XbcTqjf
FA Cup,3° turno,10.01.2026,Boreham Wood,Burton,1 Tempo,32',Ospite,Cartellino Giallo,Krubally S.,,2XbcTqjf
FA Cup,3° turno,10.01.2026,Boreham Wood,Burton,1 Tempo,35',Ospite,Gol,Lofthouse K.,0-1,2XbcTqjf
FA Cup,3° turno,10.01.2026,Boreham Wood,Burton,1 Tempo,35',Ospite,Assist,Adom K.,0-1,2XbcTqjf
FA Cup,3° turno,10.01.2026,Boreham Wood,Burton,1 Tempo,41',Ospite,Autogol,O'Connell C.,0-2,2XbcTqjf
FA Cup,3° turno,10.01.2026,Boreham Wood,Burton,2 Tempo,57',Ospite,Cartellino Giallo,Williams D.,,2XbcTqjf
FA Cup,3° turno,10.01.2026,Boreham Wood,Burton,2 Tempo,60',Ospite,Sostituzione - Esce,Adom K.,,2XbcTqjf
FA Cup,3° turno,10.01.2026,Boreham Wood,Burton,2 Tempo,60',Ospite,Sostituzione - Entra,Tavares F.,,2XbcTqjf
FA Cup,3° turno,10.01.2026,Boreham Wood,Burton,2 Tempo,61',Casa,Sostituzione - Esce,Coxe C.,,2XbcTqjf
FA Cup,3° turno,10.01.2026,Boreham Wood,Burton,2 Tempo,61',Casa,Sostituzione - Entra,Kensdale O.,,2XbcTqjf
FA Cup,3° turno,10.01.2026,Boreham Wood,Burton,2 Tempo,61',Casa,Sostituzione - Esce,Richardson L.,,2XbcTqjf
FA Cup,3° turno,10.01.2026,Boreham Wood,Burton,2 Tempo,61',Casa,Sostituzione - Entra,Robinson J.,,2XbcTqjf
FA Cup,3° turno,10.01.2026,Boreham Wood,Burton,2 Tempo,67',Ospite,Gol,Tavares F.,0-3,2XbcTqjf
FA Cup,3° turno,10.01.2026,Boreham Wood,Burton,2 Tempo,73',Casa,Sostituzione - Esce,Brunt Z.,,2XbcTqjf
FA Cup,3° turno,10.01.2026,Boreham Wood,Burton,2 Tempo,73',Casa,Sostituzione - Entra,Norris L.,,2XbcTqjf
FA Cup,3° turno,10.01.2026,Boreham Wood,Burton,2 Tempo,73',Casa,Sostituzione - Esce,Reynolds C.,,2XbcTqjf
FA Cup,3° turno,10.01.2026,Boreham Wood,Burton,2 Tempo,73',Casa,Sostituzione - Entra,Marshall-Miranda M.,,2XbcTqjf
FA Cup,3° turno,10.01.2026,Boreham Wood,Burton,2 Tempo,75',Casa,Cartellino Giallo,Robinson J.,,2XbcTqjf
FA Cup,3° turno,10.01.2026,Boreham Wood,Burton,2 Tempo,77',Casa,Cartellino Giallo,Rush M.,,2XbcTqjf
FA Cup,3° turno,10.01.2026,Boreham Wood,Burton,2 Tempo,82',Ospite,Gol,Williams D.,0-4,2XbcTqjf
FA Cup,3° turno,10.01.2026,Boreham Wood,Burton,2 Tempo,82',Ospite,Assist,Vancooten T.,0-4,2XbcTqjf
FA Cup,3° turno,10.01.2026,Boreham Wood,Burton,2 Tempo,84',Ospite,Sostituzione - Esce,Larsson J.,,2XbcTqjf
FA Cup,3° turno,10.01.2026,Boreham Wood,Burton,2 Tempo,84',Ospite,Sostituzione - Entra,McKiernan J. J.,,2XbcTqjf
FA Cup,3° turno,10.01.2026,Boreham Wood,Burton,2 Tempo,84',Ospite,Sostituzione - Esce,Krubally S.,,2XbcTqjf
FA Cup,3° turno,10.01.2026,Boreham Wood,Burton,2 Tempo,84',Ospite,Sostituzione - Entra,Taroni J.,,2XbcTqjf
FA Cup,3° turno,10.01.2026,Boreham Wood,Burton,2 Tempo,84',Casa,Sostituzione - Esce,Newton J.,,2XbcTqjf
FA Cup,3° turno,10.01.2026,Boreham Wood,Burton,2 Tempo,84',Casa,Sostituzione - Entra,Clayden C.,,2XbcTqjf
FA Cup,3° turno,10.01.2026,Boreham Wood,Burton,2 Tempo,87',Ospite,Cartellino Giallo,Armer J.,,2XbcTqjf
FA Cup,3° turno,10.01.2026,Boreham Wood,Burton,2 Tempo,90+1',Ospite,Sostituzione - Esce,Evans G.,,2XbcTqjf
FA Cup,3° turno,10.01.2026,Boreham Wood,Burton,2 Tempo,90+1',Ospite,Sostituzione - Entra,Newall J.,,2XbcTqjf
FA Cup,3° turno,10.01.2026,Boreham Wood,Burton,2 Tempo,90+1',Ospite,Sostituzione - Esce,Chauke K.,,2XbcTqjf
FA Cup,3° turno,10.01.2026,Boreham Wood,Burton,2 Tempo,90+1',Ospite,Sostituzione - Entra,Scutt Z.,,2XbcTqjf
FA Cup,3° turno,10.01.2026,Boreham Wood,Burton,2 Tempo,90+2',Ospite,Gol,McKiernan J. J.,0-5,2XbcTqjf
FA Cup,3° turno,10.01.2026,Boreham Wood,Burton,2 Tempo,90+2',Ospite,Assist,Lofthouse K.,0-5,2XbcTqjf
FA Cup,3° turno,10.01.2026,Tottenham,Aston Villa,1 Tempo,9',Ospite,Sostituzione - Esce,Kamara B.,,dKq5XRBN
FA Cup,3° turno,10.01.2026,Tottenham,Aston Villa,1 Tempo,9',Ospite,Sostituzione - Entra,Tielemans Y.,,dKq5XRBN
FA Cup,3° turno,10.01.2026,Tottenham,Aston Villa,1 Tempo,22',Ospite,Gol,Buendia E.,0-1,dKq5XRBN
FA Cup,3° turno,10.01.2026,Tottenham,Aston Villa,1 Tempo,22',Ospite,Assist,Malen D.,0-1,dKq5XRBN
FA Cup,3° turno,10.01.2026,Tottenham,Aston Villa,1 Tempo,31',Casa,Sostituzione - Esce,Richarlison,,dKq5XRBN
FA Cup,3° turno,10.01.2026,Tottenham,Aston Villa,1 Tempo,31',Casa,Sostituzione - Entra,Kolo Muani R.,,dKq5XRBN
FA Cup,3° turno,10.01.2026,Tottenham,Aston Villa,1 Tempo,45+3',Ospite,Gol,Rogers M.,0-2,dKq5XRBN
FA Cup,3° turno,10.01.2026,Tottenham,Aston Villa,1 Tempo,45+3',Ospite,Assist,Buendia E.,0-2,dKq5XRBN
FA Cup,3° turno,10.01.2026,Tottenham,Aston Villa,2 Tempo,54',Casa,Gol,Odobert W.,1-2,dKq5XRBN
FA Cup,3° turno,10.01.2026,Tottenham,Aston Villa,2 Tempo,54',Casa,Assist,Kolo Muani R.,1-2,dKq5XRBN
FA Cup,3° turno,10.01.2026,Tottenham,Aston Villa,2 Tempo,57',Casa,Cartellino Giallo,Gray A.,,dKq5XRBN
FA Cup,3° turno,10.01.2026,Tottenham,Aston Villa,2 Tempo,65',Ospite,Sostituzione - Esce,McGinn J.,,dKq5XRBN
FA Cup,3° turno,10.01.2026,Tottenham,Aston Villa,2 Tempo,65',Ospite,Sostituzione - Entra,Sancho J.,,dKq5XRBN
FA Cup,3° turno,10.01.2026,Tottenham,Aston Villa,2 Tempo,65',Ospite,Sostituzione - Esce,Malen D.,,dKq5XRBN
FA Cup,3° turno,10.01.2026,Tottenham,Aston Villa,2 Tempo,65',Ospite,Sostituzione - Entra,Watkins O.,,dKq5XRBN
FA Cup,3° turno,10.01.2026,Tottenham,Aston Villa,2 Tempo,67',Ospite,Cartellino Giallo,Buendia E.,,dKq5XRBN
FA Cup,3° turno,10.01.2026,Tottenham,Aston Villa,2 Tempo,78',Casa,Sostituzione - Esce,Tel M.,,dKq5XRBN
FA Cup,3° turno,10.01.2026,Tottenham,Aston Villa,2 Tempo,78',Casa,Sostituzione - Entra,Scarlett D.,,dKq5XRBN
FA Cup,3° turno,10.01.2026,Tottenham,Aston Villa,2 Tempo,78',Ospite,Sostituzione - Esce,Maatsen I.,,dKq5XRBN
FA Cup,3° turno,10.01.2026,Tottenham,Aston Villa,2 Tempo,78',Ospite,Sostituzione - Entra,Digne L.,,dKq5XRBN
FA Cup,3° turno,10.01.2026,Tottenham,Aston Villa,2 Tempo,79',Ospite,Sostituzione - Esce,Cash M.,,dKq5XRBN
FA Cup,3° turno,10.01.2026,Tottenham,Aston Villa,2 Tempo,79',Ospite,Sostituzione - Entra,Garcia A.,,dKq5XRBN
FA Cup,3° turno,10.01.2026,Tottenham,Aston Villa,2 Tempo,79',Casa,Cartellino Giallo,Porro P.,,dKq5XRBN
FA Cup,3° turno,10.01.2026,Tottenham,Aston Villa,2 Tempo,81',Ospite,Cartellino Giallo,Garcia A.,,dKq5XRBN
FA Cup,3° turno,10.01.2026,Tottenham,Aston Villa,2 Tempo,83',Casa,Sostituzione - Esce,Odobert W.,,dKq5XRBN
FA Cup,3° turno,10.01.2026,Tottenham,Aston Villa,2 Tempo,83',Casa,Sostituzione - Entra,Solanke D.,,dKq5XRBN
FA Cup,3° turno,10.01.2026,Tottenham,Aston Villa,2 Tempo,83',Casa,Sostituzione - Esce,Porro P.,,dKq5XRBN
FA Cup,3° turno,10.01.2026,Tottenham,Aston Villa,2 Tempo,83',Casa,Sostituzione - Entra,Spence D.,,dKq5XRBN
FA Cup,3° turno,10.01.2026,Tottenham,Aston Villa,2 Tempo,85',Casa,Cartellino Giallo,Palhinha J.,,dKq5XRBN
FA Cup,3° turno,10.01.2026,Cambridge Utd,Birmingham,1 Tempo,31',Ospite,Gol,Wagner K.,0-1,OUJeBsfS
FA Cup,3° turno,10.01.2026,Cambridge Utd,Birmingham,1 Tempo,42',Ospite,Gol,Furuhashi K.,0-2,OUJeBsfS
FA Cup,3° turno,10.01.2026,Cambridge Utd,Birmingham,2 Tempo,63',Casa,Sostituzione - Esce,Brophy J.,,OUJeBsfS
FA Cup,3° turno,10.01.2026,Cambridge Utd,Birmingham,2 Tempo,63',Casa,Sostituzione - Entra,Kaikai S.,,OUJeBsfS
FA Cup,3° turno,10.01.2026,Cambridge Utd,Birmingham,2 Tempo,63',Casa,Sostituzione - Esce,Ball D.,,OUJeBsfS
FA Cup,3° turno,10.01.2026,Cambridge Utd,Birmingham,2 Tempo,63',Casa,Sostituzione - Entra,Lavery S.,,OUJeBsfS
FA Cup,3° turno,10.01.2026,Cambridge Utd,Birmingham,2 Tempo,74',Casa,Sostituzione - Esce,Gibbons J.,,OUJeBsfS
FA Cup,3° turno,10.01.2026,Cambridge Utd,Birmingham,2 Tempo,74',Casa,Sostituzione - Entra,Purrington B.,,OUJeBsfS
FA Cup,3° turno,10.01.2026,Cambridge Utd,Birmingham,2 Tempo,74',Casa,Sostituzione - Esce,Mpanzu P.,,OUJeBsfS
FA Cup,3° turno,10.01.2026,Cambridge Utd,Birmingham,2 Tempo,74',Casa,Sostituzione - Entra,McLoughlin S.,,OUJeBsfS
FA Cup,3° turno,10.01.2026,Cambridge Utd,Birmingham,2 Tempo,75',Ospite,Sostituzione - Esce,Roberts P.,,OUJeBsfS
FA Cup,3° turno,10.01.2026,Cambridge Utd,Birmingham,2 Tempo,75',Ospite,Sostituzione - Entra,Willumsson W. T.,,OUJeBsfS
FA Cup,3° turno,10.01.2026,Cambridge Utd,Birmingham,2 Tempo,76',Ospite,Sostituzione - Esce,Furuhashi K.,,OUJeBsfS
FA Cup,3° turno,10.01.2026,Cambridge Utd,Birmingham,2 Tempo,76',Ospite,Sostituzione - Entra,Fujimoto K.,,OUJeBsfS
FA Cup,3° turno,10.01.2026,Cambridge Utd,Birmingham,2 Tempo,77',Ospite,Sostituzione - Esce,Robinson J.,,OUJeBsfS
FA Cup,3° turno,10.01.2026,Cambridge Utd,Birmingham,2 Tempo,77',Ospite,Sostituzione - Entra,Neumann P.,,OUJeBsfS
FA Cup,3° turno,10.01.2026,Cambridge Utd,Birmingham,2 Tempo,78',Ospite,Gol,Ducksch M.,0-3,OUJeBsfS
FA Cup,3° turno,10.01.2026,Cambridge Utd,Birmingham,2 Tempo,78',Ospite,Assist,Doyle T.,0-3,OUJeBsfS
FA Cup,3° turno,10.01.2026,Cambridge Utd,Birmingham,2 Tempo,80',Casa,Gol,Kaikai S.,1-3,OUJeBsfS
FA Cup,3° turno,10.01.2026,Cambridge Utd,Birmingham,2 Tempo,88',Casa,Cartellino Giallo,Hoddle G.,,OUJeBsfS
FA Cup,3° turno,10.01.2026,Cambridge Utd,Birmingham,2 Tempo,89',Casa,Gol,Kaikai S.,2-3,OUJeBsfS
FA Cup,3° turno,10.01.2026,Cambridge Utd,Birmingham,2 Tempo,89',Casa,Assist,Jobe M.,2-3,OUJeBsfS
FA Cup,3° turno,10.01.2026,Cambridge Utd,Birmingham,2 Tempo,90+2',Ospite,Sostituzione - Esce,Koumas L.,,OUJeBsfS
FA Cup,3° turno,10.01.2026,Cambridge Utd,Birmingham,2 Tempo,90+2',Ospite,Sostituzione - Entra,Sampsted A.,,OUJeBsfS
FA Cup,3° turno,10.01.2026,Bristol City,Watford,1 Tempo,2',Casa,Gol,Riis E.,1-0,fDAR5LHk
FA Cup,3° turno,10.01.2026,Bristol City,Watford,1 Tempo,2',Casa,Assist,Neto Borges,1-0,fDAR5LHk
FA Cup,3° turno,10.01.2026,Bristol City,Watford,1 Tempo,37',Casa,Gol,Mehmeti A.,2-0,fDAR5LHk
FA Cup,3° turno,10.01.2026,Bristol City,Watford,1 Tempo,37',Casa,Assist,Riis E.,2-0,fDAR5LHk
FA Cup,3° turno,10.01.2026,Bristol City,Watford,2 Tempo,58',Casa,Sostituzione - Esce,Mehmeti A.,,fDAR5LHk
FA Cup,3° turno,10.01.2026,Bristol City,Watford,2 Tempo,58',Casa,Sostituzione - Entra,Twine S.,,fDAR5LHk
FA Cup,3° turno,10.01.2026,Bristol City,Watford,2 Tempo,58',Casa,Sostituzione - Esce,Bell S.,,fDAR5LHk
FA Cup,3° turno,10.01.2026,Bristol City,Watford,2 Tempo,58',Casa,Sostituzione - Entra,Earthy G.,,fDAR5LHk
FA Cup,3° turno,10.01.2026,Bristol City,Watford,2 Tempo,59',Casa,Sostituzione - Esce,Knight J.,,fDAR5LHk
FA Cup,3° turno,10.01.2026,Bristol City,Watford,2 Tempo,59',Casa,Sostituzione - Entra,Randell A.,,fDAR5LHk
FA Cup,3° turno,10.01.2026,Bristol City,Watford,2 Tempo,60',Ospite,Cartellino Giallo,Abankwah J.,,fDAR5LHk
FA Cup,3° turno,10.01.2026,Bristol City,Watford,2 Tempo,62',Ospite,Sostituzione - Esce,Sissoko M.,,fDAR5LHk
FA Cup,3° turno,10.01.2026,Bristol City,Watford,2 Tempo,62',Ospite,Sostituzione - Entra,Baah K.,,fDAR5LHk
FA Cup,3° turno,10.01.2026,Bristol City,Watford,2 Tempo,62',Ospite,Sostituzione - Esce,Pollock M.,,fDAR5LHk
FA Cup,3° turno,10.01.2026,Bristol City,Watford,2 Tempo,62',Ospite,Sostituzione - Entra,Bola M.,,fDAR5LHk
FA Cup,3° turno,10.01.2026,Bristol City,Watford,2 Tempo,62',Ospite,Sostituzione - Esce,Louza I.,,fDAR5LHk
FA Cup,3° turno,10.01.2026,Bristol City,Watford,2 Tempo,62',Ospite,Sostituzione - Entra,Grieves J.,,fDAR5LHk
FA Cup,3° turno,10.01.2026,Bristol City,Watford,2 Tempo,66',Casa,Gol,Atkinson R.,3-0,fDAR5LHk
FA Cup,3° turno,10.01.2026,Bristol City,Watford,2 Tempo,66',Casa,Assist,Twine S.,3-0,fDAR5LHk
FA Cup,3° turno,10.01.2026,Bristol City,Watford,2 Tempo,68',Casa,Gol,Riis E.,4-0,fDAR5LHk
FA Cup,3° turno,10.01.2026,Bristol City,Watford,2 Tempo,68',Casa,Assist,Neto Borges,4-0,fDAR5LHk
FA Cup,3° turno,10.01.2026,Bristol City,Watford,2 Tempo,71',Casa,Sostituzione - Esce,Atkinson R.,,fDAR5LHk
FA Cup,3° turno,10.01.2026,Bristol City,Watford,2 Tempo,71',Casa,Sostituzione - Entra,Hirakawa Y.,,fDAR5LHk
FA Cup,3° turno,10.01.2026,Bristol City,Watford,2 Tempo,74',Ospite,Gol,Grieves J.,4-1,fDAR5LHk
FA Cup,3° turno,10.01.2026,Bristol City,Watford,2 Tempo,74',Ospite,Assist,Semedo V.,4-1,fDAR5LHk
FA Cup,3° turno,10.01.2026,Bristol City,Watford,2 Tempo,76',Casa,Gol,Riis E.,5-1,fDAR5LHk
FA Cup,3° turno,10.01.2026,Bristol City,Watford,2 Tempo,76',Casa,Assist,Earthy G.,5-1,fDAR5LHk
FA Cup,3° turno,10.01.2026,Bristol City,Watford,2 Tempo,79',Casa,Cartellino Giallo,Lumley J.,,fDAR5LHk
FA Cup,3° turno,10.01.2026,Bristol City,Watford,2 Tempo,83',Casa,Sostituzione - Esce,Riis E.,,fDAR5LHk
FA Cup,3° turno,10.01.2026,Bristol City,Watford,2 Tempo,83',Casa,Sostituzione - Entra,Armstrong S.,,fDAR5LHk
FA Cup,3° turno,10.01.2026,Grimsby,Weston-super-Mare,1 Tempo,8',Ospite,Cartellino Giallo,Cummins C.,,2mDTXz66
FA Cup,3° turno,10.01.2026,Grimsby,Weston-super-Mare,1 Tempo,41',Casa,Gol,Vernam C.,1-0,2mDTXz66
FA Cup,3° turno,10.01.2026,Grimsby,Weston-super-Mare,1 Tempo,41',Casa,Assist,Staunton R.,1-0,2mDTXz66
FA Cup,3° turno,10.01.2026,Grimsby,Weston-super-Mare,2 Tempo,49',Ospite,Gol,Coulson L.,1-1,2mDTXz66
FA Cup,3° turno,10.01.2026,Grimsby,Weston-super-Mare,2 Tempo,60',Casa,Sostituzione - Esce,Walker J.,,2mDTXz66
FA Cup,3° turno,10.01.2026,Grimsby,Weston-super-Mare,2 Tempo,60',Casa,Sostituzione - Entra,Green K.,,2mDTXz66
FA Cup,3° turno,10.01.2026,Grimsby,Weston-super-Mare,2 Tempo,60',Casa,Sostituzione - Esce,Soonsup-Bell J.,,2mDTXz66
FA Cup,3° turno,10.01.2026,Grimsby,Weston-super-Mare,2 Tempo,60',Casa,Sostituzione - Entra,Kabia J.,,2mDTXz66
FA Cup,3° turno,10.01.2026,Grimsby,Weston-super-Mare,2 Tempo,63',Ospite,Sostituzione - Esce,Dawes W.,,2mDTXz66
FA Cup,3° turno,10.01.2026,Grimsby,Weston-super-Mare,2 Tempo,63',Ospite,Sostituzione - Entra,Dewsbury O.,,2mDTXz66
FA Cup,3° turno,10.01.2026,Grimsby,Weston-super-Mare,2 Tempo,70',Casa,Gol,Kabia J.,2-1,2mDTXz66
FA Cup,3° turno,10.01.2026,Grimsby,Weston-super-Mare,2 Tempo,70',Casa,Assist,McJannet C.,2-1,2mDTXz66
FA Cup,3° turno,10.01.2026,Grimsby,Weston-super-Mare,2 Tempo,71',Ospite,Sostituzione - Esce,Bernard D.,,2mDTXz66
FA Cup,3° turno,10.01.2026,Grimsby,Weston-super-Mare,2 Tempo,71',Ospite,Sostituzione - Entra,Robesten G.,,2mDTXz66
FA Cup,3° turno,10.01.2026,Grimsby,Weston-super-Mare,2 Tempo,76',Casa,Cartellino Giallo,Khouri E.,,2mDTXz66
FA Cup,3° turno,10.01.2026,Grimsby,Weston-super-Mare,2 Tempo,77',Ospite,Gol,Britton L.,2-2,2mDTXz66
FA Cup,3° turno,10.01.2026,Grimsby,Weston-super-Mare,2 Tempo,77',Ospite,Assist,Robesten G.,2-2,2mDTXz66
FA Cup,3° turno,10.01.2026,Grimsby,Weston-super-Mare,2 Tempo,84',Casa,Sostituzione - Esce,Vernam C.,,2mDTXz66
FA Cup,3° turno,10.01.2026,Grimsby,Weston-super-Mare,2 Tempo,84',Casa,Sostituzione - Entra,Sellars-Fleming T.,,2mDTXz66
FA Cup,3° turno,10.01.2026,Grimsby,Weston-super-Mare,2 Tempo,84',Casa,Sostituzione - Esce,McEachran G.,,2mDTXz66
FA Cup,3° turno,10.01.2026,Grimsby,Weston-super-Mare,2 Tempo,84',Casa,Sostituzione - Entra,Turi G. D.,,2mDTXz66
FA Cup,3° turno,10.01.2026,Grimsby,Weston-super-Mare,2 Tempo,86',Casa,Gol,Green K.,3-2,2mDTXz66
FA Cup,3° turno,10.01.2026,Grimsby,Weston-super-Mare,2 Tempo,86',Casa,Assist,Staunton R.,3-2,2mDTXz66
FA Cup,3° turno,10.01.2026,Grimsby,Weston-super-Mare,2 Tempo,90',Ospite,Sostituzione - Esce,Cummins C.,,2mDTXz66
FA Cup,3° turno,10.01.2026,Grimsby,Weston-super-Mare,2 Tempo,90',Ospite,Sostituzione - Entra,Cane J.,,2mDTXz66
FA Cup,3° turno,10.01.2026,Grimsby,Weston-super-Mare,2 Tempo,90',Ospite,Sostituzione - Esce,Avery S.,,2mDTXz66
FA Cup,3° turno,10.01.2026,Grimsby,Weston-super-Mare,2 Tempo,90',Ospite,Sostituzione - Entra,Wilson S.,,2mDTXz66
FA Cup,3° turno,10.01.2026,Grimsby,Weston-super-Mare,2 Tempo,90+1',Ospite,Sostituzione - Esce,Spokes L.,,2mDTXz66
FA Cup,3° turno,10.01.2026,Grimsby,Weston-super-Mare,2 Tempo,90+1',Ospite,Sostituzione - Entra,Ellison D.,,2mDTXz66
FA Cup,3° turno,10.01.2026,Grimsby,Weston-super-Mare,2 Tempo,90+1',Casa,Sostituzione - Esce,Warren T.,,2mDTXz66
FA Cup,3° turno,10.01.2026,Grimsby,Weston-super-Mare,2 Tempo,90+1',Casa,Sostituzione - Entra,Rodgers H.,,2mDTXz66
FA Cup,3° turno,10.01.2026,Charlton,Chelsea,1 Tempo,5',Ospite,Cartellino Giallo,Badiashile B.,,0fu48Kxe
FA Cup,3° turno,10.01.2026,Charlton,Chelsea,1 Tempo,31',Casa,Cartellino Giallo,Docherty G.,,0fu48Kxe
FA Cup,3° turno,10.01.2026,Charlton,Chelsea,1 Tempo,45+4',Ospite,Gol,Hato J.,0-1,0fu48Kxe
FA Cup,3° turno,10.01.2026,Charlton,Chelsea,1 Tempo,45+4',Ospite,Assist,Guiu M.,0-1,0fu48Kxe
FA Cup,3° turno,10.01.2026,Charlton,Chelsea,2 Tempo,50',Ospite,Gol,Adarabioyo T.,0-2,0fu48Kxe
FA Cup,3° turno,10.01.2026,Charlton,Chelsea,2 Tempo,50',Ospite,Assist,Buonanotte F.,0-2,0fu48Kxe
FA Cup,3° turno,10.01.2026,Charlton,Chelsea,2 Tempo,57',Casa,Gol,Leaburn M.,1-2,0fu48Kxe
FA Cup,3° turno,10.01.2026,Charlton,Chelsea,2 Tempo,62',Ospite,Gol,Guiu M.,1-3,0fu48Kxe
FA Cup,3° turno,10.01.2026,Charlton,Chelsea,2 Tempo,66',Ospite,Sostituzione - Esce,Gittens J.,,0fu48Kxe
FA Cup,3° turno,10.01.2026,Charlton,Chelsea,2 Tempo,66',Ospite,Sostituzione - Entra,Estêvão,,0fu48Kxe
FA Cup,3° turno,10.01.2026,Charlton,Chelsea,2 Tempo,66',Casa,Sostituzione - Esce,Coventry C.,,0fu48Kxe
FA Cup,3° turno,10.01.2026,Charlton,Chelsea,2 Tempo,66',Casa,Sostituzione - Entra,Anderson K.,,0fu48Kxe
FA Cup,3° turno,10.01.2026,Charlton,Chelsea,2 Tempo,66',Casa,Sostituzione - Esce,Kelman C.,,0fu48Kxe
FA Cup,3° turno,10.01.2026,Charlton,Chelsea,2 Tempo,66',Casa,Sostituzione - Entra,Gillesphey M.,,0fu48Kxe
FA Cup,3° turno,10.01.2026,Charlton,Chelsea,2 Tempo,67',Casa,Sostituzione - Esce,Docherty G.,,0fu48Kxe
FA Cup,3° turno,10.01.2026,Charlton,Chelsea,2 Tempo,67',Casa,Sostituzione - Entra,Rankin-Costello J.,,0fu48Kxe
FA Cup,3° turno,10.01.2026,Charlton,Chelsea,2 Tempo,69',Ospite,Sostituzione - Esce,Buonanotte F.,,0fu48Kxe
FA Cup,3° turno,10.01.2026,Charlton,Chelsea,2 Tempo,69',Ospite,Sostituzione - Entra,Fernandez E.,,0fu48Kxe
FA Cup,3° turno,10.01.2026,Charlton,Chelsea,2 Tempo,69',Ospite,Sostituzione - Esce,Guiu M.,,0fu48Kxe
FA Cup,3° turno,10.01.2026,Charlton,Chelsea,2 Tempo,69',Ospite,Sostituzione - Entra,Delap L.,,0fu48Kxe
FA Cup,3° turno,10.01.2026,Charlton,Chelsea,2 Tempo,74',Casa,Sostituzione - Esce,Bell A.,,0fu48Kxe
FA Cup,3° turno,10.01.2026,Charlton,Chelsea,2 Tempo,74',Casa,Sostituzione - Entra,Olaofe T.,,0fu48Kxe
FA Cup,3° turno,10.01.2026,Charlton,Chelsea,2 Tempo,82',Casa,Sostituzione - Esce,Campbell T.,,0fu48Kxe
FA Cup,3° turno,10.01.2026,Charlton,Chelsea,2 Tempo,82',Casa,Sostituzione - Entra,Knibbs H.,,0fu48Kxe
FA Cup,3° turno,10.01.2026,Charlton,Chelsea,2 Tempo,85',Ospite,Sostituzione - Esce,Garnacho A.,,0fu48Kxe
FA Cup,3° turno,10.01.2026,Charlton,Chelsea,2 Tempo,85',Ospite,Sostituzione - Entra,Neto P.,,0fu48Kxe
FA Cup,3° turno,10.01.2026,Charlton,Chelsea,2 Tempo,85',Ospite,Sostituzione - Esce,Hato J.,,0fu48Kxe
FA Cup,3° turno,10.01.2026,Charlton,Chelsea,2 Tempo,85',Ospite,Sostituzione - Entra,Fofana W.,,0fu48Kxe
FA Cup,3° turno,10.01.2026,Charlton,Chelsea,2 Tempo,90+1',Ospite,Gol,Neto P.,1-4,0fu48Kxe
FA Cup,3° turno,10.01.2026,Charlton,Chelsea,2 Tempo,90+1',Ospite,Assist,Fernandez E.,1-4,0fu48Kxe
FA Cup,3° turno,10.01.2026,Charlton,Chelsea,2 Tempo,90+4',Ospite,Rigore Assegnato,Fernandez E.,1-5,0fu48Kxe
FA Cup,3° turno,10.01.2026,Charlton,Chelsea,2 Tempo,90+4',Ospite,Rigore,Fernandez E.,1-5,0fu48Kxe
FA Cup,3° turno,11.01.2026,Derby,Leeds,1 Tempo,18',Casa,Cartellino Giallo,Fraulo O.,,GOGVmmd4
FA Cup,3° turno,11.01.2026,Derby,Leeds,1 Tempo,33',Ospite,Rigore Assegnato,Piroe J.,,GOGVmmd4
FA Cup,3° turno,11.01.2026,Derby,Leeds,1 Tempo,33',Ospite,Rigore sbagliato,Piroe J.,,GOGVmmd4
FA Cup,3° turno,11.01.2026,Derby,Leeds,1 Tempo,35',Casa,Gol,Brereton Diaz B.,1-0,GOGVmmd4
FA Cup,3° turno,11.01.2026,Derby,Leeds,2 Tempo,46',Casa,Sostituzione - Esce,Fraulo O.,,GOGVmmd4
FA Cup,3° turno,11.01.2026,Derby,Leeds,2 Tempo,46',Casa,Sostituzione - Entra,Adams E.,,GOGVmmd4
FA Cup,3° turno,11.01.2026,Derby,Leeds,2 Tempo,46',Ospite,Sostituzione - Esce,Bornauw S.,,GOGVmmd4
FA Cup,3° turno,11.01.2026,Derby,Leeds,2 Tempo,46',Ospite,Sostituzione - Entra,Justin J.,,GOGVmmd4
FA Cup,3° turno,11.01.2026,Derby,Leeds,2 Tempo,55',Ospite,Gol,Gnonto W.,1-1,GOGVmmd4
FA Cup,3° turno,11.01.2026,Derby,Leeds,2 Tempo,55',Ospite,Assist,Bijol J.,1-1,GOGVmmd4
FA Cup,3° turno,11.01.2026,Derby,Leeds,2 Tempo,59',Ospite,Gol,Tanaka A.,1-2,GOGVmmd4
FA Cup,3° turno,11.01.2026,Derby,Leeds,2 Tempo,63',Casa,Sostituzione - Esce,Travis L.,,GOGVmmd4
FA Cup,3° turno,11.01.2026,Derby,Leeds,2 Tempo,63',Casa,Sostituzione - Entra,Ozoh D.,,GOGVmmd4
FA Cup,3° turno,11.01.2026,Derby,Leeds,2 Tempo,63',Casa,Sostituzione - Esce,Blackett-Taylor C.,,GOGVmmd4
FA Cup,3° turno,11.01.2026,Derby,Leeds,2 Tempo,63',Casa,Sostituzione - Entra,Brewster R.,,GOGVmmd4
FA Cup,3° turno,11.01.2026,Derby,Leeds,2 Tempo,73',Ospite,Sostituzione - Esce,Gruev I.,,GOGVmmd4
FA Cup,3° turno,11.01.2026,Derby,Leeds,2 Tempo,73',Ospite,Sostituzione - Entra,Longstaff S.,,GOGVmmd4
FA Cup,3° turno,11.01.2026,Derby,Leeds,2 Tempo,73',Casa,Sostituzione - Esce,Salvesen L.,,GOGVmmd4
FA Cup,3° turno,11.01.2026,Derby,Leeds,2 Tempo,73',Casa,Sostituzione - Entra,Agyemang P.,,GOGVmmd4
FA Cup,3° turno,11.01.2026,Derby,Leeds,2 Tempo,73',Casa,Sostituzione - Esce,Clark B.,,GOGVmmd4
FA Cup,3° turno,11.01.2026,Derby,Leeds,2 Tempo,73',Casa,Sostituzione - Entra,Eames O.,,GOGVmmd4
FA Cup,3° turno,11.01.2026,Derby,Leeds,2 Tempo,86',Ospite,Sostituzione - Esce,Gnonto W.,,GOGVmmd4
FA Cup,3° turno,11.01.2026,Derby,Leeds,2 Tempo,86',Ospite,Sostituzione - Entra,Byram S.,,GOGVmmd4
FA Cup,3° turno,11.01.2026,Derby,Leeds,2 Tempo,89',Ospite,Sostituzione - Esce,Piroe J.,,GOGVmmd4
FA Cup,3° turno,11.01.2026,Derby,Leeds,2 Tempo,89',Ospite,Sostituzione - Entra,Stach A.,,GOGVmmd4
FA Cup,3° turno,11.01.2026,Derby,Leeds,2 Tempo,89',Ospite,Sostituzione - Esce,Okafor N.,,GOGVmmd4
FA Cup,3° turno,11.01.2026,Derby,Leeds,2 Tempo,89',Ospite,Sostituzione - Entra,Aaronson B.,,GOGVmmd4
FA Cup,3° turno,11.01.2026,Derby,Leeds,2 Tempo,90+2',Ospite,Cartellino Giallo,Harrison J.,,GOGVmmd4
FA Cup,3° turno,11.01.2026,Derby,Leeds,2 Tempo,90+3',Ospite,Gol,Justin J.,1-3,GOGVmmd4
FA Cup,3° turno,11.01.2026,Derby,Leeds,2 Tempo,90+3',Ospite,Assist,Nmecha L.,1-3,GOGVmmd4
FA Cup,3° turno,11.01.2026,Portsmouth,Arsenal,1 Tempo,3',Casa,Gol,Bishop C.,1-0,rupJvqJj
FA Cup,3° turno,11.01.2026,Portsmouth,Arsenal,1 Tempo,8',Ospite,Autogol,Dozzell A.,1-1,rupJvqJj
FA Cup,3° turno,11.01.2026,Portsmouth,Arsenal,1 Tempo,25',Ospite,Gol,Martinelli G.,1-2,rupJvqJj
FA Cup,3° turno,11.01.2026,Portsmouth,Arsenal,1 Tempo,25',Ospite,Assist,Madueke N.,1-2,rupJvqJj
FA Cup,3° turno,11.01.2026,Portsmouth,Arsenal,1 Tempo,40',Casa,Sostituzione - Esce,Blair H.,,rupJvqJj
FA Cup,3° turno,11.01.2026,Portsmouth,Arsenal,1 Tempo,40',Casa,Sostituzione - Entra,Umeh F.,,rupJvqJj
FA Cup,3° turno,11.01.2026,Portsmouth,Arsenal,1 Tempo,43',Ospite,Rigore Assegnato,Madueke N.,,rupJvqJj
FA Cup,3° turno,11.01.2026,Portsmouth,Arsenal,1 Tempo,43',Ospite,Rigore sbagliato,Madueke N.,,rupJvqJj
FA Cup,3° turno,11.01.2026,Portsmouth,Arsenal,1 Tempo,45',Ospite,Cartellino Giallo,Lewis-Skelly M.,,rupJvqJj
FA Cup,3° turno,11.01.2026,Portsmouth,Arsenal,2 Tempo,51',Ospite,Gol,Martinelli G.,1-3,rupJvqJj
FA Cup,3° turno,11.01.2026,Portsmouth,Arsenal,2 Tempo,51',Ospite,Assist,Gabriel Jesus,1-3,rupJvqJj
FA Cup,3° turno,11.01.2026,Portsmouth,Arsenal,2 Tempo,55',Casa,Cartellino Giallo,Le Roux L.,,rupJvqJj
FA Cup,3° turno,11.01.2026,Portsmouth,Arsenal,2 Tempo,62',Casa,Sostituzione - Esce,Le Roux L.,,rupJvqJj
FA Cup,3° turno,11.01.2026,Portsmouth,Arsenal,2 Tempo,62',Casa,Sostituzione - Entra,Pack M.,,rupJvqJj
FA Cup,3° turno,11.01.2026,Portsmouth,Arsenal,2 Tempo,62',Casa,Sostituzione - Esce,Shaughnessy C.,,rupJvqJj
FA Cup,3° turno,11.01.2026,Portsmouth,Arsenal,2 Tempo,62',Casa,Sostituzione - Entra,Ogilvie C.,,rupJvqJj
FA Cup,3° turno,11.01.2026,Portsmouth,Arsenal,2 Tempo,68',Ospite,Cartellino Giallo,White B.,,rupJvqJj
FA Cup,3° turno,11.01.2026,Portsmouth,Arsenal,2 Tempo,69',Ospite,Sostituzione - Esce,Gabriel Jesus,,rupJvqJj
FA Cup,3° turno,11.01.2026,Portsmouth,Arsenal,2 Tempo,69',Ospite,Sostituzione - Entra,Havertz K.,,rupJvqJj
FA Cup,3° turno,11.01.2026,Portsmouth,Arsenal,2 Tempo,69',Ospite,Sostituzione - Esce,Nwaneri E.,,rupJvqJj
FA Cup,3° turno,11.01.2026,Portsmouth,Arsenal,2 Tempo,69',Ospite,Sostituzione - Entra,Odegaard M.,,rupJvqJj
FA Cup,3° turno,11.01.2026,Portsmouth,Arsenal,2 Tempo,69',Ospite,Sostituzione - Esce,White B.,,rupJvqJj
FA Cup,3° turno,11.01.2026,Portsmouth,Arsenal,2 Tempo,69',Ospite,Sostituzione - Entra,Timber J.,,rupJvqJj
FA Cup,3° turno,11.01.2026,Portsmouth,Arsenal,2 Tempo,72',Ospite,Gol,Martinelli G.,1-4,rupJvqJj
FA Cup,3° turno,11.01.2026,Portsmouth,Arsenal,2 Tempo,72',Ospite,Assist,Madueke N.,1-4,rupJvqJj
FA Cup,3° turno,11.01.2026,Portsmouth,Arsenal,2 Tempo,73',Casa,Sostituzione - Esce,Swanson Z.,,rupJvqJj
FA Cup,3° turno,11.01.2026,Portsmouth,Arsenal,2 Tempo,73',Casa,Sostituzione - Entra,Williams J.,,rupJvqJj
FA Cup,3° turno,11.01.2026,Portsmouth,Arsenal,2 Tempo,73',Casa,Sostituzione - Esce,Segecic A.,,rupJvqJj
FA Cup,3° turno,11.01.2026,Portsmouth,Arsenal,2 Tempo,73',Casa,Sostituzione - Entra,Swift J.,,rupJvqJj
FA Cup,3° turno,11.01.2026,Portsmouth,Arsenal,2 Tempo,76',Ospite,Sostituzione - Esce,Gabriel,,rupJvqJj
FA Cup,3° turno,11.01.2026,Portsmouth,Arsenal,2 Tempo,76',Ospite,Sostituzione - Entra,Salmon M.,,rupJvqJj
FA Cup,3° turno,11.01.2026,Portsmouth,Arsenal,2 Tempo,82',Ospite,Sostituzione - Esce,Martinelli G.,,rupJvqJj
FA Cup,3° turno,11.01.2026,Portsmouth,Arsenal,2 Tempo,82',Ospite,Sostituzione - Entra,Zubimendi M.,,rupJvqJj
FA Cup,3° turno,11.01.2026,West Ham,QPR,1 Tempo,18',Ospite,Sostituzione - Esce,Saito K.,,GWlnLcM0
FA Cup,3° turno,11.01.2026,West Ham,QPR,1 Tempo,18',Ospite,Sostituzione - Entra,Smyth P.,,GWlnLcM0
FA Cup,3° turno,11.01.2026,West Ham,QPR,1 Tempo,45+1',Casa,Sostituzione - Esce,Mavropanos K.,,GWlnLcM0
FA Cup,3° turno,11.01.2026,West Ham,QPR,1 Tempo,45+1',Casa,Sostituzione - Entra,Pablo,,GWlnLcM0
FA Cup,3° turno,11.01.2026,West Ham,QPR,1 Tempo,45+10',Casa,Gol,Summerville C.,1-0,GWlnLcM0
FA Cup,3° turno,11.01.2026,West Ham,QPR,1 Tempo,45+10',Casa,Assist,Magassa S.,1-0,GWlnLcM0
FA Cup,3° turno,11.01.2026,West Ham,QPR,2 Tempo,51',Casa,Cartellino Giallo,Castellanos T.,,GWlnLcM0
FA Cup,3° turno,11.01.2026,West Ham,QPR,2 Tempo,54',Ospite,Cartellino Giallo,Mbengue A. S.,,GWlnLcM0
FA Cup,3° turno,11.01.2026,West Ham,QPR,2 Tempo,57',Casa,Cartellino Giallo,Magassa S.,,GWlnLcM0
FA Cup,3° turno,11.01.2026,West Ham,QPR,2 Tempo,59',Casa,Cartellino Giallo,Wan-Bissaka A.,,GWlnLcM0
FA Cup,3° turno,11.01.2026,West Ham,QPR,2 Tempo,65',Ospite,Gol,Kone R.,1-1,GWlnLcM0
FA Cup,3° turno,11.01.2026,West Ham,QPR,2 Tempo,65',Ospite,Assist,Dembele K.,1-1,GWlnLcM0
FA Cup,3° turno,11.01.2026,West Ham,QPR,2 Tempo,69',Ospite,Cartellino Giallo,Kone R.,,GWlnLcM0
FA Cup,3° turno,11.01.2026,West Ham,QPR,2 Tempo,70',Casa,Sostituzione - Esce,Magassa S.,,GWlnLcM0
FA Cup,3° turno,11.01.2026,West Ham,QPR,2 Tempo,70',Casa,Sostituzione - Entra,Soucek T.,,GWlnLcM0
FA Cup,3° turno,11.01.2026,West Ham,QPR,2 Tempo,75',Ospite,Cartellino Giallo,Kolli R.,,GWlnLcM0
FA Cup,3° turno,11.01.2026,West Ham,QPR,2 Tempo,83',Ospite,Sostituzione - Esce,Dembele K.,,GWlnLcM0
FA Cup,3° turno,11.01.2026,West Ham,QPR,2 Tempo,83',Ospite,Sostituzione - Entra,Bennie D.,,GWlnLcM0
FA Cup,3° turno,11.01.2026,West Ham,QPR,2 Tempo,83',Ospite,Sostituzione - Esce,Norrington-Davies R.,,GWlnLcM0
FA Cup,3° turno,11.01.2026,West Ham,QPR,2 Tempo,83',Ospite,Sostituzione - Entra,Field S.,,GWlnLcM0
FA Cup,3° turno,11.01.2026,West Ham,QPR,2 Tempo,90+3',Ospite,Sostituzione - Esce,Kolli R.,,GWlnLcM0
FA Cup,3° turno,11.01.2026,West Ham,QPR,2 Tempo,90+3',Ospite,Sostituzione - Entra,Morgan K.,,GWlnLcM0
FA Cup,3° turno,11.01.2026,West Ham,QPR,Supplementari,91',Casa,Sostituzione - Esce,Wan-Bissaka A.,,GWlnLcM0
FA Cup,3° turno,11.01.2026,West Ham,QPR,Supplementari,91',Casa,Sostituzione - Entra,Walker-Peters K.,,GWlnLcM0
FA Cup,3° turno,11.01.2026,West Ham,QPR,Supplementari,91',Casa,Sostituzione - Esce,Mayers E.,,GWlnLcM0
FA Cup,3° turno,11.01.2026,West Ham,QPR,Supplementari,91',Casa,Sostituzione - Entra,Scarles O.,,GWlnLcM0
FA Cup,3° turno,11.01.2026,West Ham,QPR,Supplementari,98',Casa,Gol,Castellanos T.,2-1,GWlnLcM0
FA Cup,3° turno,11.01.2026,West Ham,QPR,Supplementari,98',Casa,Assist,Summerville C.,2-1,GWlnLcM0
FA Cup,3° turno,11.01.2026,West Ham,QPR,Supplementari,100',Ospite,Sostituzione - Esce,Mbengue A. S.,,GWlnLcM0
FA Cup,3° turno,11.01.2026,West Ham,QPR,Supplementari,100',Ospite,Sostituzione - Entra,Adamson K.,,GWlnLcM0
FA Cup,3° turno,11.01.2026,West Ham,QPR,Supplementari,111',Casa,Sostituzione - Esce,Castellanos T.,,GWlnLcM0
FA Cup,3° turno,11.01.2026,West Ham,QPR,Supplementari,111',Casa,Sostituzione - Entra,Rodriguez G.,,GWlnLcM0
FA Cup,3° turno,11.01.2026,West Ham,QPR,Supplementari,118',Ospite,Cartellino Giallo,Smyth P.,,GWlnLcM0
FA Cup,3° turno,11.01.2026,Hull,Blackburn,1 Tempo,11',Casa,Sostituzione - Esce,Gyabi D.,,G6NaiM2d
FA Cup,3° turno,11.01.2026,Hull,Blackburn,1 Tempo,11',Casa,Sostituzione - Entra,Slater R.,,G6NaiM2d
FA Cup,3° turno,11.01.2026,Hull,Blackburn,1 Tempo,31',Ospite,Cartellino Giallo,Powell B.,,G6NaiM2d
FA Cup,3° turno,11.01.2026,Hull,Blackburn,1 Tempo,45',Casa,Cartellino Giallo,Famewo A.,,G6NaiM2d
FA Cup,3° turno,11.01.2026,Hull,Blackburn,2 Tempo,47',Ospite,Cartellino Giallo,O'Riordan C.,,G6NaiM2d
FA Cup,3° turno,11.01.2026,Hull,Blackburn,2 Tempo,55',Ospite,Sostituzione - Esce,Montgomery K.,,G6NaiM2d
FA Cup,3° turno,11.01.2026,Hull,Blackburn,2 Tempo,55',Ospite,Sostituzione - Entra,Baradji M.,,G6NaiM2d
FA Cup,3° turno,11.01.2026,Hull,Blackburn,2 Tempo,69',Ospite,Sostituzione - Esce,Dlamini N.,,G6NaiM2d
FA Cup,3° turno,11.01.2026,Hull,Blackburn,2 Tempo,69',Ospite,Sostituzione - Entra,Doherty A.,,G6NaiM2d
FA Cup,3° turno,11.01.2026,Hull,Blackburn,2 Tempo,69',Ospite,Sostituzione - Esce,Powell B.,,G6NaiM2d
FA Cup,3° turno,11.01.2026,Hull,Blackburn,2 Tempo,69',Ospite,Sostituzione - Entra,Ohashi Y.,,G6NaiM2d
FA Cup,3° turno,11.01.2026,Hull,Blackburn,2 Tempo,74',Casa,Cartellino Giallo,McBurnie O.,,G6NaiM2d
FA Cup,3° turno,11.01.2026,Hull,Blackburn,2 Tempo,74',Ospite,Sostituzione - Esce,De Neve D.,,G6NaiM2d
FA Cup,3° turno,11.01.2026,Hull,Blackburn,2 Tempo,74',Ospite,Sostituzione - Entra,Ribeiro Y.,,G6NaiM2d
FA Cup,3° turno,11.01.2026,Hull,Blackburn,2 Tempo,75',Ospite,Sostituzione - Esce,Cashin E.,,G6NaiM2d
FA Cup,3° turno,11.01.2026,Hull,Blackburn,2 Tempo,75',Ospite,Sostituzione - Entra,McLoughlin S.,,G6NaiM2d
FA Cup,3° turno,11.01.2026,Hull,Blackburn,2 Tempo,76',Casa,Cartellino Giallo,Drameh C.,,G6NaiM2d
FA Cup,3° turno,11.01.2026,Hull,Blackburn,2 Tempo,82',Casa,Sostituzione - Esce,Ndala J.,,G6NaiM2d
FA Cup,3° turno,11.01.2026,Hull,Blackburn,2 Tempo,82',Casa,Sostituzione - Entra,Akintola B.,,G6NaiM2d
FA Cup,3° turno,11.01.2026,Hull,Blackburn,2 Tempo,82',Casa,Sostituzione - Esce,Palmer K.,,G6NaiM2d
FA Cup,3° turno,11.01.2026,Hull,Blackburn,2 Tempo,82',Casa,Sostituzione - Entra,Joseph K.,,G6NaiM2d
FA Cup,3° turno,11.01.2026,Hull,Blackburn,2 Tempo,90',Ospite,Sostituzione - Esce,O'Riordan C.,,G6NaiM2d
FA Cup,3° turno,11.01.2026,Hull,Blackburn,2 Tempo,90',Ospite,Sostituzione - Entra,Pratt G.,,G6NaiM2d
FA Cup,3° turno,11.01.2026,Hull,Blackburn,2 Tempo,90+4',Casa,Sostituzione - Esce,Millar L.,,G6NaiM2d
FA Cup,3° turno,11.01.2026,Hull,Blackburn,2 Tempo,90+4',Casa,Sostituzione - Entra,McCarthy C.,,G6NaiM2d
FA Cup,3° turno,11.01.2026,Hull,Blackburn,Supplementari,105',Casa,Sostituzione - Esce,Famewo A.,,G6NaiM2d
FA Cup,3° turno,11.01.2026,Hull,Blackburn,Supplementari,105',Casa,Sostituzione - Entra,Egan J.,,G6NaiM2d
FA Cup,3° turno,11.01.2026,Hull,Blackburn,Supplementari,111',Casa,Sostituzione - Esce,Drameh C.,,G6NaiM2d
FA Cup,3° turno,11.01.2026,Hull,Blackburn,Supplementari,111',Casa,Sostituzione - Entra,Jacob M.,,G6NaiM2d
FA Cup,3° turno,11.01.2026,Hull,Blackburn,Supplementari,116',Casa,Cartellino Giallo,Slater R.,,G6NaiM2d
FA Cup,3° turno,11.01.2026,Hull,Blackburn,Supplementari,119',Ospite,Cartellino Giallo,Gardner-Hickman T.,,G6NaiM2d
FA Cup,3° turno,11.01.2026,Hull,Blackburn,Rigori,1,Ospite,Rigore Assegnato,Ohashi Y.,,G6NaiM2d
FA Cup,3° turno,11.01.2026,Hull,Blackburn,Rigori,1,Ospite,Rigore sbagliato,Ohashi Y.,,G6NaiM2d
FA Cup,3° turno,11.01.2026,Hull,Blackburn,Rigori,1,Casa,Rigore Assegnato,Coyle L.,,G6NaiM2d
FA Cup,3° turno,11.01.2026,Hull,Blackburn,Rigori,1,Casa,Rigore sbagliato,Coyle L.,,G6NaiM2d
FA Cup,3° turno,11.01.2026,Hull,Blackburn,Rigori,2,Ospite,Rigore Assegnato,Baradji M.,,G6NaiM2d
FA Cup,3° turno,11.01.2026,Hull,Blackburn,Rigori,2,Ospite,Rigore sbagliato,Baradji M.,,G6NaiM2d
FA Cup,3° turno,11.01.2026,Hull,Blackburn,Rigori,2,Casa,Rigore Assegnato,Joseph K.,,G6NaiM2d
FA Cup,3° turno,11.01.2026,Hull,Blackburn,Rigori,2,Casa,Rigore,Joseph K.,,G6NaiM2d
FA Cup,3° turno,11.01.2026,Hull,Blackburn,Rigori,3,Ospite,Rigore Assegnato,Gardner-Hickman T.,,G6NaiM2d
FA Cup,3° turno,11.01.2026,Hull,Blackburn,Rigori,3,Ospite,Rigore,Gardner-Hickman T.,,G6NaiM2d
FA Cup,3° turno,11.01.2026,Hull,Blackburn,Rigori,3,Casa,Rigore Assegnato,McBurnie O.,,G6NaiM2d
FA Cup,3° turno,11.01.2026,Hull,Blackburn,Rigori,3,Casa,Rigore,McBurnie O.,,G6NaiM2d
FA Cup,3° turno,11.01.2026,Hull,Blackburn,Rigori,4,Ospite,Rigore Assegnato,McLoughlin S.,,G6NaiM2d
FA Cup,3° turno,11.01.2026,Hull,Blackburn,Rigori,4,Ospite,Rigore,McLoughlin S.,,G6NaiM2d
FA Cup,3° turno,11.01.2026,Hull,Blackburn,Rigori,4,Casa,Rigore Assegnato,Hughes C.,,G6NaiM2d
FA Cup,3° turno,11.01.2026,Hull,Blackburn,Rigori,4,Casa,Rigore,Hughes C.,,G6NaiM2d
FA Cup,3° turno,11.01.2026,Hull,Blackburn,Rigori,5,Ospite,Rigore Assegnato,Doherty A.,,G6NaiM2d
FA Cup,3° turno,11.01.2026,Hull,Blackburn,Rigori,5,Ospite,Rigore,Doherty A.,,G6NaiM2d
FA Cup,3° turno,11.01.2026,Hull,Blackburn,Rigori,5,Casa,Rigore Assegnato,Akintola B.,,G6NaiM2d
FA Cup,3° turno,11.01.2026,Hull,Blackburn,Rigori,5,Casa,Rigore,Akintola B.,,G6NaiM2d
FA Cup,3° turno,11.01.2026,Norwich,Walsall,1 Tempo,15',Casa,Gol,Jurasek M.,1-0,M9TC6b77
FA Cup,3° turno,11.01.2026,Norwich,Walsall,1 Tempo,15',Casa,Assist,Slimane A.,1-0,M9TC6b77
FA Cup,3° turno,11.01.2026,Norwich,Walsall,1 Tempo,24',Casa,Gol,Makama J.,2-0,M9TC6b77
FA Cup,3° turno,11.01.2026,Norwich,Walsall,2 Tempo,46',Ospite,Sostituzione - Esce,Pressley A.,,M9TC6b77
FA Cup,3° turno,11.01.2026,Norwich,Walsall,2 Tempo,46',Ospite,Sostituzione - Entra,Adomah A.,,M9TC6b77
FA Cup,3° turno,11.01.2026,Norwich,Walsall,2 Tempo,46',Ospite,Sostituzione - Esce,Comley B.,,M9TC6b77
FA Cup,3° turno,11.01.2026,Norwich,Walsall,2 Tempo,46',Ospite,Sostituzione - Entra,Clarke C.,,M9TC6b77
FA Cup,3° turno,11.01.2026,Norwich,Walsall,2 Tempo,48',Casa,Gol,Makama J.,3-0,M9TC6b77
FA Cup,3° turno,11.01.2026,Norwich,Walsall,2 Tempo,48',Casa,Assist,Slimane A.,3-0,M9TC6b77
FA Cup,3° turno,11.01.2026,Norwich,Walsall,2 Tempo,55',Ospite,Sostituzione - Esce,Farquharson P.,,M9TC6b77
FA Cup,3° turno,11.01.2026,Norwich,Walsall,2 Tempo,55',Ospite,Sostituzione - Entra,Browne R.,,M9TC6b77
FA Cup,3° turno,11.01.2026,Norwich,Walsall,2 Tempo,55',Casa,Gol,Makama J.,4-0,M9TC6b77
FA Cup,3° turno,11.01.2026,Norwich,Walsall,2 Tempo,55',Casa,Assist,Chrisene B.,4-0,M9TC6b77
FA Cup,3° turno,11.01.2026,Norwich,Walsall,2 Tempo,59',Casa,Sostituzione - Esce,Makama J.,,M9TC6b77
FA Cup,3° turno,11.01.2026,Norwich,Walsall,2 Tempo,59',Casa,Sostituzione - Entra,Schwartau O.,,M9TC6b77
FA Cup,3° turno,11.01.2026,Norwich,Walsall,2 Tempo,59',Casa,Sostituzione - Esce,McConville R.,,M9TC6b77
FA Cup,3° turno,11.01.2026,Norwich,Walsall,2 Tempo,59',Casa,Sostituzione - Entra,Medic J.,,M9TC6b77
FA Cup,3° turno,11.01.2026,Norwich,Walsall,2 Tempo,67',Ospite,Gol,Clarke C.,4-1,M9TC6b77
FA Cup,3° turno,11.01.2026,Norwich,Walsall,2 Tempo,67',Ospite,Assist,Harper V.,4-1,M9TC6b77
FA Cup,3° turno,11.01.2026,Norwich,Walsall,2 Tempo,72',Ospite,Sostituzione - Esce,Jellis J.,,M9TC6b77
FA Cup,3° turno,11.01.2026,Norwich,Walsall,2 Tempo,72',Ospite,Sostituzione - Entra,Pattison A.,,M9TC6b77
FA Cup,3° turno,11.01.2026,Norwich,Walsall,2 Tempo,72',Ospite,Sostituzione - Esce,Kanu D.,,M9TC6b77
FA Cup,3° turno,11.01.2026,Norwich,Walsall,2 Tempo,72',Ospite,Sostituzione - Entra,Matt J.,,M9TC6b77
FA Cup,3° turno,11.01.2026,Norwich,Walsall,2 Tempo,75',Casa,Sostituzione - Esce,Jurasek M.,,M9TC6b77
FA Cup,3° turno,11.01.2026,Norwich,Walsall,2 Tempo,75',Casa,Sostituzione - Entra,Springett T.,,M9TC6b77
FA Cup,3° turno,11.01.2026,Norwich,Walsall,2 Tempo,75',Casa,Sostituzione - Esce,Slimane A.,,M9TC6b77
FA Cup,3° turno,11.01.2026,Norwich,Walsall,2 Tempo,75',Casa,Sostituzione - Entra,Mundle Smith E.,,M9TC6b77
FA Cup,3° turno,11.01.2026,Norwich,Walsall,2 Tempo,85',Casa,Sostituzione - Esce,Wright J.,,M9TC6b77
FA Cup,3° turno,11.01.2026,Norwich,Walsall,2 Tempo,85',Casa,Sostituzione - Entra,Gibbs L.,,M9TC6b77
FA Cup,3° turno,11.01.2026,Norwich,Walsall,2 Tempo,90+2',Casa,Gol,Springett T.,5-1,M9TC6b77
FA Cup,3° turno,11.01.2026,Norwich,Walsall,2 Tempo,90+2',Casa,Assist,Gibbs L.,5-1,M9TC6b77
FA Cup,3° turno,11.01.2026,Swansea,West Brom,2 Tempo,48',Casa,Gol,Eom Ji-Sung,1-0,O8rLb4AM
FA Cup,3° turno,11.01.2026,Swansea,West Brom,2 Tempo,48',Casa,Assist,Widell M.,1-0,O8rLb4AM
FA Cup,3° turno,11.01.2026,Swansea,West Brom,2 Tempo,53',Ospite,Gol,Maja J.,1-1,O8rLb4AM
FA Cup,3° turno,11.01.2026,Swansea,West Brom,2 Tempo,55',Ospite,Cartellino Giallo,Taylor C.,,O8rLb4AM
FA Cup,3° turno,11.01.2026,Swansea,West Brom,2 Tempo,60',Ospite,Sostituzione - Esce,Dike D.,,O8rLb4AM
FA Cup,3° turno,11.01.2026,Swansea,West Brom,2 Tempo,60',Ospite,Sostituzione - Entra,Bostock O.,,O8rLb4AM
FA Cup,3° turno,11.01.2026,Swansea,West Brom,2 Tempo,61',Casa,Sostituzione - Esce,Casey K.,,O8rLb4AM
FA Cup,3° turno,11.01.2026,Swansea,West Brom,2 Tempo,61',Casa,Sostituzione - Entra,Burgess C.,,O8rLb4AM
FA Cup,3° turno,11.01.2026,Swansea,West Brom,2 Tempo,61',Casa,Sostituzione - Esce,Franco G.,,O8rLb4AM
FA Cup,3° turno,11.01.2026,Swansea,West Brom,2 Tempo,61',Casa,Sostituzione - Entra,Ward J.,,O8rLb4AM
FA Cup,3° turno,11.01.2026,Swansea,West Brom,2 Tempo,69',Ospite,Cartellino Giallo,Johnston M.,,O8rLb4AM
FA Cup,3° turno,11.01.2026,Swansea,West Brom,2 Tempo,72',Casa,Cartellino Giallo,Stamenic M.,,O8rLb4AM
FA Cup,3° turno,11.01.2026,Swansea,West Brom,2 Tempo,77',Ospite,Sostituzione - Esce,Maja J.,,O8rLb4AM
FA Cup,3° turno,11.01.2026,Swansea,West Brom,2 Tempo,77',Ospite,Sostituzione - Entra,Heggebo A.,,O8rLb4AM
FA Cup,3° turno,11.01.2026,Swansea,West Brom,2 Tempo,77',Ospite,Sostituzione - Esce,Gilchrist A.,,O8rLb4AM
FA Cup,3° turno,11.01.2026,Swansea,West Brom,2 Tempo,77',Ospite,Sostituzione - Entra,Campbell G.,,O8rLb4AM
FA Cup,3° turno,11.01.2026,Swansea,West Brom,2 Tempo,82',Casa,Sostituzione - Esce,Stamenic M.,,O8rLb4AM
FA Cup,3° turno,11.01.2026,Swansea,West Brom,2 Tempo,82',Casa,Sostituzione - Entra,Fulton J.,,O8rLb4AM
FA Cup,3° turno,11.01.2026,Swansea,West Brom,2 Tempo,83',Casa,Sostituzione - Esce,Widell M.,,O8rLb4AM
FA Cup,3° turno,11.01.2026,Swansea,West Brom,2 Tempo,83',Casa,Sostituzione - Entra,Yalcouye M.,,O8rLb4AM
FA Cup,3° turno,11.01.2026,Swansea,West Brom,2 Tempo,83',Casa,Sostituzione - Esce,Eom Ji-Sung,,O8rLb4AM
FA Cup,3° turno,11.01.2026,Swansea,West Brom,2 Tempo,83',Casa,Sostituzione - Entra,Inoussa Z.,,O8rLb4AM
FA Cup,3° turno,11.01.2026,Swansea,West Brom,2 Tempo,89',Ospite,Sostituzione - Esce,Diakite O.,,O8rLb4AM
FA Cup,3° turno,11.01.2026,Swansea,West Brom,2 Tempo,89',Ospite,Sostituzione - Entra,Whitwell H.,,O8rLb4AM
FA Cup,3° turno,11.01.2026,Swansea,West Brom,Supplementari,96',Ospite,Cartellino Giallo,Mepham C.,,O8rLb4AM
FA Cup,3° turno,11.01.2026,Swansea,West Brom,Supplementari,100',Ospite,Sostituzione - Esce,Whitwell H.,,O8rLb4AM
FA Cup,3° turno,11.01.2026,Swansea,West Brom,Supplementari,100',Ospite,Sostituzione - Entra,Wallace J.,,O8rLb4AM
FA Cup,3° turno,11.01.2026,Swansea,West Brom,Supplementari,105+1',Casa,Sostituzione - Esce,Vipotnik Z.,,O8rLb4AM
FA Cup,3° turno,11.01.2026,Swansea,West Brom,Supplementari,105+1',Casa,Sostituzione - Entra,Wales B.,,O8rLb4AM
FA Cup,3° turno,11.01.2026,Swansea,West Brom,Supplementari,105+5',Ospite,Sostituzione - Esce,Bielik K.,,O8rLb4AM
FA Cup,3° turno,11.01.2026,Swansea,West Brom,Supplementari,105+5',Ospite,Sostituzione - Entra,Phillips N.,,O8rLb4AM
FA Cup,3° turno,11.01.2026,Swansea,West Brom,Supplementari,105+6',Ospite,Sostituzione - Esce,Johnston M.,,O8rLb4AM
FA Cup,3° turno,11.01.2026,Swansea,West Brom,Supplementari,105+6',Ospite,Sostituzione - Entra,Grant K.,,O8rLb4AM
FA Cup,3° turno,11.01.2026,Swansea,West Brom,Supplementari,107',Casa,Sostituzione - Esce,Ronald,,O8rLb4AM
FA Cup,3° turno,11.01.2026,Swansea,West Brom,Supplementari,107',Casa,Sostituzione - Entra,Key J.,,O8rLb4AM
FA Cup,3° turno,11.01.2026,Swansea,West Brom,Supplementari,108',Ospite,Gol,Wallace J.,1-2,O8rLb4AM
FA Cup,3° turno,11.01.2026,Swansea,West Brom,Supplementari,108',Ospite,Assist,Bostock O.,1-2,O8rLb4AM
FA Cup,3° turno,11.01.2026,Swansea,West Brom,Supplementari,112',Casa,Gol,Inoussa Z.,2-2,O8rLb4AM
FA Cup,3° turno,11.01.2026,Swansea,West Brom,Supplementari,112',Casa,Assist,Key J.,2-2,O8rLb4AM
FA Cup,3° turno,11.01.2026,Swansea,West Brom,Rigori,1,Casa,Rigore Assegnato,Cabango B.,,O8rLb4AM
FA Cup,3° turno,11.01.2026,Swansea,West Brom,Rigori,1,Casa,Rigore,Cabango B.,,O8rLb4AM
FA Cup,3° turno,11.01.2026,Swansea,West Brom,Rigori,1,Ospite,Rigore Assegnato,Heggebo A.,,O8rLb4AM
FA Cup,3° turno,11.01.2026,Swansea,West Brom,Rigori,1,Ospite,Rigore,Heggebo A.,,O8rLb4AM
FA Cup,3° turno,11.01.2026,Swansea,West Brom,Rigori,2,Casa,Rigore Assegnato,Fulton J.,,O8rLb4AM
FA Cup,3° turno,11.01.2026,Swansea,West Brom,Rigori,2,Casa,Rigore,Fulton J.,,O8rLb4AM
FA Cup,3° turno,11.01.2026,Swansea,West Brom,Rigori,2,Ospite,Rigore Assegnato,Price I.,,O8rLb4AM
FA Cup,3° turno,11.01.2026,Swansea,West Brom,Rigori,2,Ospite,Rigore,Price I.,,O8rLb4AM
FA Cup,3° turno,11.01.2026,Swansea,West Brom,Rigori,3,Casa,Rigore Assegnato,Galbraith E.,,O8rLb4AM
FA Cup,3° turno,11.01.2026,Swansea,West Brom,Rigori,3,Casa,Rigore,Galbraith E.,,O8rLb4AM
FA Cup,3° turno,11.01.2026,Swansea,West Brom,Rigori,3,Ospite,Rigore Assegnato,Styles C.,,O8rLb4AM
FA Cup,3° turno,11.01.2026,Swansea,West Brom,Rigori,3,Ospite,Rigore,Styles C.,,O8rLb4AM
FA Cup,3° turno,11.01.2026,Swansea,West Brom,Rigori,4,Casa,Rigore Assegnato,Burgess C.,,O8rLb4AM
FA Cup,3° turno,11.01.2026,Swansea,West Brom,Rigori,4,Casa,Rigore,Burgess C.,,O8rLb4AM
FA Cup,3° turno,11.01.2026,Swansea,West Brom,Rigori,4,Ospite,Rigore Assegnato,Grant K.,,O8rLb4AM
FA Cup,3° turno,11.01.2026,Swansea,West Brom,Rigori,4,Ospite,Rigore,Grant K.,,O8rLb4AM
FA Cup,3° turno,11.01.2026,Swansea,West Brom,Rigori,5,Casa,Rigore Assegnato,Inoussa Z.,,O8rLb4AM
FA Cup,3° turno,11.01.2026,Swansea,West Brom,Rigori,5,Casa,Rigore,Inoussa Z.,,O8rLb4AM
FA Cup,3° turno,11.01.2026,Swansea,West Brom,Rigori,5,Ospite,Rigore Assegnato,Wallace J.,,O8rLb4AM
FA Cup,3° turno,11.01.2026,Swansea,West Brom,Rigori,5,Ospite,Rigore,Wallace J.,,O8rLb4AM
FA Cup,3° turno,11.01.2026,Swansea,West Brom,Rigori,6,Casa,Rigore Assegnato,Wales B.,,O8rLb4AM
FA Cup,3° turno,11.01.2026,Swansea,West Brom,Rigori,6,Casa,Rigore sbagliato,Wales B.,,O8rLb4AM
FA Cup,3° turno,11.01.2026,Swansea,West Brom,Rigori,6,Ospite,Rigore Assegnato,Mepham C.,,O8rLb4AM
FA Cup,3° turno,11.01.2026,Swansea,West Brom,Rigori,6,Ospite,Rigore sbagliato,Mepham C.,,O8rLb4AM
FA Cup,3° turno,11.01.2026,Swansea,West Brom,Rigori,7,Casa,Rigore Assegnato,Yalcouye M.,,O8rLb4AM
FA Cup,3° turno,11.01.2026,Swansea,West Brom,Rigori,7,Casa,Rigore sbagliato,Yalcouye M.,,O8rLb4AM
FA Cup,3° turno,11.01.2026,Swansea,West Brom,Rigori,7,Ospite,Rigore Assegnato,Bostock O.,,O8rLb4AM
FA Cup,3° turno,11.01.2026,Swansea,West Brom,Rigori,7,Ospite,Rigore,Bostock O.,,O8rLb4AM
FA Cup,3° turno,11.01.2026,Sheffield Utd,Mansfield,1 Tempo,13',Ospite,Gol,Reed L.,0-1,WE5nFPf3
FA Cup,3° turno,11.01.2026,Sheffield Utd,Mansfield,1 Tempo,20',Casa,Gol,Hamer G.,1-1,WE5nFPf3
FA Cup,3° turno,11.01.2026,Sheffield Utd,Mansfield,1 Tempo,20',Casa,Assist,Soumare D.,1-1,WE5nFPf3
FA Cup,3° turno,11.01.2026,Sheffield Utd,Mansfield,1 Tempo,44',Ospite,Gol,Reed L.,1-2,WE5nFPf3
FA Cup,3° turno,11.01.2026,Sheffield Utd,Mansfield,2 Tempo,50',Ospite,Gol,Akins L.,1-3,WE5nFPf3
FA Cup,3° turno,11.01.2026,Sheffield Utd,Mansfield,2 Tempo,50',Ospite,Assist,Oates R.,1-3,WE5nFPf3
FA Cup,3° turno,11.01.2026,Sheffield Utd,Mansfield,2 Tempo,54',Casa,Cartellino Giallo,Soumare D.,,WE5nFPf3
FA Cup,3° turno,11.01.2026,Sheffield Utd,Mansfield,2 Tempo,56',Casa,Sostituzione - Esce,Ings D.,,WE5nFPf3
FA Cup,3° turno,11.01.2026,Sheffield Utd,Mansfield,2 Tempo,56',Casa,Sostituzione - Entra,Bamford P.,,WE5nFPf3
FA Cup,3° turno,11.01.2026,Sheffield Utd,Mansfield,2 Tempo,57',Casa,Sostituzione - Esce,Hoever K.,,WE5nFPf3
FA Cup,3° turno,11.01.2026,Sheffield Utd,Mansfield,2 Tempo,57',Casa,Sostituzione - Entra,Seriki F.,,WE5nFPf3
FA Cup,3° turno,11.01.2026,Sheffield Utd,Mansfield,2 Tempo,57',Casa,Sostituzione - Esce,Chong T.,,WE5nFPf3
FA Cup,3° turno,11.01.2026,Sheffield Utd,Mansfield,2 Tempo,57',Casa,Sostituzione - Entra,Brooks A.,,WE5nFPf3
FA Cup,3° turno,11.01.2026,Sheffield Utd,Mansfield,2 Tempo,57',Ospite,Gol,Oates R.,1-4,WE5nFPf3
FA Cup,3° turno,11.01.2026,Sheffield Utd,Mansfield,2 Tempo,57',Ospite,Assist,Blake-Tracy F.,1-4,WE5nFPf3
FA Cup,3° turno,11.01.2026,Sheffield Utd,Mansfield,2 Tempo,61',Casa,Gol,Bamford P.,2-4,WE5nFPf3
FA Cup,3° turno,11.01.2026,Sheffield Utd,Mansfield,2 Tempo,61',Casa,Assist,McGuinness M.,2-4,WE5nFPf3
FA Cup,3° turno,11.01.2026,Sheffield Utd,Mansfield,2 Tempo,65',Casa,Autogol,Moriah-Welsh N.,3-4,WE5nFPf3
FA Cup,3° turno,11.01.2026,Sheffield Utd,Mansfield,2 Tempo,70',Casa,Sostituzione - Esce,Soumare D.,,WE5nFPf3
FA Cup,3° turno,11.01.2026,Sheffield Utd,Mansfield,2 Tempo,70',Casa,Sostituzione - Entra,Davies T.,,WE5nFPf3
FA Cup,3° turno,11.01.2026,Sheffield Utd,Mansfield,2 Tempo,73',Casa,Cartellino Giallo,Campbell T.,,WE5nFPf3
FA Cup,3° turno,11.01.2026,Sheffield Utd,Mansfield,2 Tempo,76',Ospite,Sostituzione - Esce,McDonnell J.,,WE5nFPf3
FA Cup,3° turno,11.01.2026,Sheffield Utd,Mansfield,2 Tempo,76',Ospite,Sostituzione - Entra,Lewis A.,,WE5nFPf3
FA Cup,3° turno,11.01.2026,Sheffield Utd,Mansfield,2 Tempo,76',Ospite,Sostituzione - Esce,Moriah-Welsh N.,,WE5nFPf3
FA Cup,3° turno,11.01.2026,Sheffield Utd,Mansfield,2 Tempo,76',Ospite,Sostituzione - Entra,Russell J.,,WE5nFPf3
FA Cup,3° turno,11.01.2026,Sheffield Utd,Mansfield,2 Tempo,76',Ospite,Sostituzione - Esce,Oates R.,,WE5nFPf3
FA Cup,3° turno,11.01.2026,Sheffield Utd,Mansfield,2 Tempo,76',Ospite,Sostituzione - Entra,Adeboyejo V.,,WE5nFPf3
FA Cup,3° turno,11.01.2026,Sheffield Utd,Mansfield,2 Tempo,84',Casa,Sostituzione - Esce,Arblaster O.,,WE5nFPf3
FA Cup,3° turno,11.01.2026,Sheffield Utd,Mansfield,2 Tempo,84',Casa,Sostituzione - Entra,Riedewald J.,,WE5nFPf3
FA Cup,3° turno,11.01.2026,Sheffield Utd,Mansfield,2 Tempo,84',Ospite,Sostituzione - Esce,Evans W.,,WE5nFPf3
FA Cup,3° turno,11.01.2026,Sheffield Utd,Mansfield,2 Tempo,84',Ospite,Sostituzione - Entra,McLaughlin S.,,WE5nFPf3
FA Cup,3° turno,11.01.2026,Sheffield Utd,Mansfield,2 Tempo,89',Ospite,Cartellino Giallo,Oshilaja A.,,WE5nFPf3
FA Cup,3° turno,11.01.2026,Manchester Utd,Brighton,1 Tempo,12',Ospite,Gol,Gruda B.,0-1,Y7LCyJ6s
FA Cup,3° turno,11.01.2026,Manchester Utd,Brighton,2 Tempo,60',Casa,Cartellino Giallo,Mainoo K.,,Y7LCyJ6s
FA Cup,3° turno,11.01.2026,Manchester Utd,Brighton,2 Tempo,62',Casa,Sostituzione - Esce,Mainoo K.,,Y7LCyJ6s
FA Cup,3° turno,11.01.2026,Manchester Utd,Brighton,2 Tempo,62',Casa,Sostituzione - Entra,Zirkzee J.,,Y7LCyJ6s
FA Cup,3° turno,11.01.2026,Manchester Utd,Brighton,2 Tempo,62',Casa,Sostituzione - Esce,Mount M.,,Y7LCyJ6s
FA Cup,3° turno,11.01.2026,Manchester Utd,Brighton,2 Tempo,62',Casa,Sostituzione - Entra,Lacey S.,,Y7LCyJ6s
FA Cup,3° turno,11.01.2026,Manchester Utd,Brighton,2 Tempo,64',Ospite,Gol,Welbeck D.,0-2,Y7LCyJ6s
FA Cup,3° turno,11.01.2026,Manchester Utd,Brighton,2 Tempo,64',Ospite,Assist,Gruda B.,0-2,Y7LCyJ6s
FA Cup,3° turno,11.01.2026,Manchester Utd,Brighton,2 Tempo,77',Ospite,Sostituzione - Esce,Gomez D.,,Y7LCyJ6s
FA Cup,3° turno,11.01.2026,Manchester Utd,Brighton,2 Tempo,77',Ospite,Sostituzione - Entra,van Hecke J. P.,,Y7LCyJ6s
FA Cup,3° turno,11.01.2026,Manchester Utd,Brighton,2 Tempo,77',Ospite,Sostituzione - Esce,Veltman J.,,Y7LCyJ6s
FA Cup,3° turno,11.01.2026,Manchester Utd,Brighton,2 Tempo,77',Ospite,Sostituzione - Entra,Ayari Y.,,Y7LCyJ6s
FA Cup,3° turno,11.01.2026,Manchester Utd,Brighton,2 Tempo,78',Ospite,Sostituzione - Esce,Welbeck D.,,Y7LCyJ6s
FA Cup,3° turno,11.01.2026,Manchester Utd,Brighton,2 Tempo,78',Ospite,Sostituzione - Entra,Mitoma K.,,Y7LCyJ6s
FA Cup,3° turno,11.01.2026,Manchester Utd,Brighton,2 Tempo,79',Casa,Sostituzione - Esce,Ugarte M.,,Y7LCyJ6s
FA Cup,3° turno,11.01.2026,Manchester Utd,Brighton,2 Tempo,79',Casa,Sostituzione - Entra,Casemiro,,Y7LCyJ6s
FA Cup,3° turno,11.01.2026,Manchester Utd,Brighton,2 Tempo,79',Casa,Sostituzione - Esce,Martinez Li.,,Y7LCyJ6s
FA Cup,3° turno,11.01.2026,Manchester Utd,Brighton,2 Tempo,79',Casa,Sostituzione - Entra,Maguire H.,,Y7LCyJ6s
FA Cup,3° turno,11.01.2026,Manchester Utd,Brighton,2 Tempo,79',Ospite,Cartellino Giallo,Hurzeler F.,,Y7LCyJ6s
FA Cup,3° turno,11.01.2026,Manchester Utd,Brighton,2 Tempo,79',Ospite,Non Dal Campo,Hurzeler F.,,Y7LCyJ6s
FA Cup,3° turno,11.01.2026,Manchester Utd,Brighton,2 Tempo,83',Ospite,Sostituzione - Esce,Rutter G.,,Y7LCyJ6s
FA Cup,3° turno,11.01.2026,Manchester Utd,Brighton,2 Tempo,83',Ospite,Sostituzione - Entra,Kostoulas C.,,Y7LCyJ6s
FA Cup,3° turno,11.01.2026,Manchester Utd,Brighton,2 Tempo,85',Casa,Gol,Sesko B.,1-2,Y7LCyJ6s
FA Cup,3° turno,11.01.2026,Manchester Utd,Brighton,2 Tempo,85',Casa,Assist,Fernandes B.,1-2,Y7LCyJ6s
FA Cup,3° turno,11.01.2026,Manchester Utd,Brighton,2 Tempo,87',Casa,Cartellino Giallo,Lacey S.,,Y7LCyJ6s
FA Cup,3° turno,11.01.2026,Manchester Utd,Brighton,2 Tempo,89',Casa,Cartellino Giallo,Lacey S.,,Y7LCyJ6s
FA Cup,3° turno,11.01.2026,Manchester Utd,Brighton,2 Tempo,89',Casa,Cartellino Rosso,Lacey S.,,Y7LCyJ6s
FA Cup,3° turno,11.01.2026,Manchester Utd,Brighton,2 Tempo,90+2',Ospite,Sostituzione - Esce,Gruda B.,,Y7LCyJ6s
FA Cup,3° turno,11.01.2026,Manchester Utd,Brighton,2 Tempo,90+2',Ospite,Sostituzione - Entra,Watson T.,,Y7LCyJ6s
FA Cup,3° turno,11.01.2026,Manchester Utd,Brighton,2 Tempo,90+3',Ospite,Cartellino Giallo,Kostoulas C.,,Y7LCyJ6s
FA Cup,3° turno,11.01.2026,Manchester Utd,Brighton,2 Tempo,90+3',Casa,Cartellino Giallo,Maguire H.,,Y7LCyJ6s
FA Cup,3° turno,12.01.2026,Liverpool,Barnsley,1 Tempo,9',Casa,Gol,Szoboszlai D.,1-0,80rUVEzJ
FA Cup,3° turno,12.01.2026,Liverpool,Barnsley,1 Tempo,9',Casa,Assist,Mac Allister A.,1-0,80rUVEzJ
FA Cup,3° turno,12.01.2026,Liverpool,Barnsley,1 Tempo,32',Casa,Cartellino Giallo,Gomez J.,,80rUVEzJ
FA Cup,3° turno,12.01.2026,Liverpool,Barnsley,1 Tempo,36',Casa,Gol,Frimpong J.,2-0,80rUVEzJ
FA Cup,3° turno,12.01.2026,Liverpool,Barnsley,1 Tempo,36',Casa,Assist,Mac Allister A.,2-0,80rUVEzJ
FA Cup,3° turno,12.01.2026,Liverpool,Barnsley,1 Tempo,40',Ospite,Gol,Phillips A.,2-1,80rUVEzJ
FA Cup,3° turno,12.01.2026,Liverpool,Barnsley,2 Tempo,60',Casa,Sostituzione - Esce,Gomez J.,,80rUVEzJ
FA Cup,3° turno,12.01.2026,Liverpool,Barnsley,2 Tempo,60',Casa,Sostituzione - Entra,Konate I.,,80rUVEzJ
FA Cup,3° turno,12.01.2026,Liverpool,Barnsley,2 Tempo,60',Casa,Sostituzione - Esce,Frimpong J.,,80rUVEzJ
FA Cup,3° turno,12.01.2026,Liverpool,Barnsley,2 Tempo,60',Casa,Sostituzione - Entra,Wirtz F.,,80rUVEzJ
FA Cup,3° turno,12.01.2026,Liverpool,Barnsley,2 Tempo,60',Casa,Sostituzione - Esce,Chiesa F.,,80rUVEzJ
FA Cup,3° turno,12.01.2026,Liverpool,Barnsley,2 Tempo,60',Casa,Sostituzione - Entra,Ekitike H.,,80rUVEzJ
FA Cup,3° turno,12.01.2026,Liverpool,Barnsley,2 Tempo,66',Ospite,Cartellino Giallo,Hourihane C.,,80rUVEzJ
FA Cup,3° turno,12.01.2026,Liverpool,Barnsley,2 Tempo,66',Ospite,Non Dal Campo,Hourihane C.,,80rUVEzJ
FA Cup,3° turno,12.01.2026,Liverpool,Barnsley,2 Tempo,73',Ospite,Sostituzione - Esce,Ogbeta N.,,80rUVEzJ
FA Cup,3° turno,12.01.2026,Liverpool,Barnsley,2 Tempo,73',Ospite,Sostituzione - Entra,O'Connell E.,,80rUVEzJ
FA Cup,3° turno,12.01.2026,Liverpool,Barnsley,2 Tempo,73',Ospite,Sostituzione - Esce,Phillips A.,,80rUVEzJ
FA Cup,3° turno,12.01.2026,Liverpool,Barnsley,2 Tempo,73',Ospite,Sostituzione - Entra,Kelly P.,,80rUVEzJ
FA Cup,3° turno,12.01.2026,Liverpool,Barnsley,2 Tempo,73',Casa,Sostituzione - Esce,Ngumoha R.,,80rUVEzJ
FA Cup,3° turno,12.01.2026,Liverpool,Barnsley,2 Tempo,73',Casa,Sostituzione - Entra,Gravenberch R.,,80rUVEzJ
FA Cup,3° turno,12.01.2026,Liverpool,Barnsley,2 Tempo,81',Ospite,Sostituzione - Esce,Keillor-Dunn D.,,80rUVEzJ
FA Cup,3° turno,12.01.2026,Liverpool,Barnsley,2 Tempo,81',Ospite,Sostituzione - Entra,McGoldrick D.,,80rUVEzJ
FA Cup,3° turno,12.01.2026,Liverpool,Barnsley,2 Tempo,84',Casa,Gol,Wirtz F.,3-1,80rUVEzJ
FA Cup,3° turno,12.01.2026,Liverpool,Barnsley,2 Tempo,84',Casa,Assist,Ekitike H.,3-1,80rUVEzJ
FA Cup,3° turno,12.01.2026,Liverpool,Barnsley,2 Tempo,88',Casa,Sostituzione - Esce,Mac Allister A.,,80rUVEzJ
FA Cup,3° turno,12.01.2026,Liverpool,Barnsley,2 Tempo,88',Casa,Sostituzione - Entra,Nyoni T.,,80rUVEzJ
FA Cup,3° turno,12.01.2026,Liverpool,Barnsley,2 Tempo,88',Ospite,Sostituzione - Esce,Yoganathan V.,,80rUVEzJ
FA Cup,3° turno,12.01.2026,Liverpool,Barnsley,2 Tempo,88',Ospite,Sostituzione - Entra,Gent G.,,80rUVEzJ
FA Cup,3° turno,12.01.2026,Liverpool,Barnsley,2 Tempo,90+4',Casa,Gol,Ekitike H.,4-1,80rUVEzJ
FA Cup,3° turno,12.01.2026,Liverpool,Barnsley,2 Tempo,90+4',Casa,Assist,Wirtz F.,4-1,80rUVEzJ
FA Cup,3° turno,20.01.2026,Salford,Swindon,1 Tempo,11',Casa,Gol,Graydon R.,1-0,UZELZdyf
FA Cup,3° turno,20.01.2026,Salford,Swindon,1 Tempo,11',Casa,Assist,Berkoe K.,1-0,UZELZdyf
FA Cup,3° turno,20.01.2026,Salford,Swindon,1 Tempo,29',Ospite,Sostituzione - Esce,Mabete F.,,UZELZdyf
FA Cup,3° turno,20.01.2026,Salford,Swindon,1 Tempo,29',Ospite,Sostituzione - Entra,Wright W.,,UZELZdyf
FA Cup,3° turno,20.01.2026,Salford,Swindon,1 Tempo,34',Ospite,Cartellino Giallo,Kirkman B.,,UZELZdyf
FA Cup,3° turno,20.01.2026,Salford,Swindon,2 Tempo,46',Ospite,Sostituzione - Esce,Kirkman B.,,UZELZdyf
FA Cup,3° turno,20.01.2026,Salford,Swindon,2 Tempo,46',Ospite,Sostituzione - Entra,Ball J.,,UZELZdyf
FA Cup,3° turno,20.01.2026,Salford,Swindon,2 Tempo,46',Ospite,Sostituzione - Esce,Oldaker D.,,UZELZdyf
FA Cup,3° turno,20.01.2026,Salford,Swindon,2 Tempo,46',Ospite,Sostituzione - Entra,Borland A.,,UZELZdyf
FA Cup,3° turno,20.01.2026,Salford,Swindon,2 Tempo,52',Casa,Gol,Graydon R.,2-0,UZELZdyf
FA Cup,3° turno,20.01.2026,Salford,Swindon,2 Tempo,52',Casa,Assist,N'Mai K.,2-0,UZELZdyf
FA Cup,3° turno,20.01.2026,Salford,Swindon,2 Tempo,55',Casa,Cartellino Giallo,Woodburn B.,,UZELZdyf
FA Cup,3° turno,20.01.2026,Salford,Swindon,2 Tempo,55',Ospite,Gol,Palmer O.,2-1,UZELZdyf
FA Cup,3° turno,20.01.2026,Salford,Swindon,2 Tempo,58',Ospite,Cartellino Giallo,McGregor J.,,UZELZdyf
FA Cup,3° turno,20.01.2026,Salford,Swindon,2 Tempo,60',Ospite,Gol,Ball J.,2-2,UZELZdyf
FA Cup,3° turno,20.01.2026,Salford,Swindon,2 Tempo,60',Ospite,Assist,Olakigbe M.,2-2,UZELZdyf
FA Cup,3° turno,20.01.2026,Salford,Swindon,2 Tempo,61',Casa,Sostituzione - Esce,Woodburn B.,,UZELZdyf
FA Cup,3° turno,20.01.2026,Salford,Swindon,2 Tempo,61',Casa,Sostituzione - Entra,Grant J.,,UZELZdyf
FA Cup,3° turno,20.01.2026,Salford,Swindon,2 Tempo,61',Casa,Sostituzione - Esce,Berkoe K.,,UZELZdyf
FA Cup,3° turno,20.01.2026,Salford,Swindon,2 Tempo,61',Casa,Sostituzione - Entra,Cooper B.,,UZELZdyf
FA Cup,3° turno,20.01.2026,Salford,Swindon,2 Tempo,61',Casa,Sostituzione - Esce,Austerfield J.,,UZELZdyf
FA Cup,3° turno,20.01.2026,Salford,Swindon,2 Tempo,61',Casa,Sostituzione - Entra,Udoh D.,,UZELZdyf
FA Cup,3° turno,20.01.2026,Salford,Swindon,2 Tempo,68',Casa,Gol,Garbutt L.,3-2,UZELZdyf
FA Cup,3° turno,20.01.2026,Salford,Swindon,2 Tempo,77',Ospite,Sostituzione - Esce,Nichols T.,,UZELZdyf
FA Cup,3° turno,20.01.2026,Salford,Swindon,2 Tempo,77',Ospite,Sostituzione - Entra,Tabor J.,,UZELZdyf
FA Cup,3° turno,20.01.2026,Salford,Swindon,2 Tempo,77',Ospite,Sostituzione - Esce,McGregor J.,,UZELZdyf
FA Cup,3° turno,20.01.2026,Salford,Swindon,2 Tempo,77',Ospite,Sostituzione - Entra,Snowdon J.,,UZELZdyf
FA Cup,4° turno,13.02.2026,Hull,Chelsea,1 Tempo,40',Ospite,Gol,Neto P.,0-1,GU556NXG
FA Cup,4° turno,13.02.2026,Hull,Chelsea,1 Tempo,40',Ospite,Assist,Delap L.,0-1,GU556NXG
FA Cup,4° turno,13.02.2026,Hull,Chelsea,1 Tempo,45+1',Ospite,Cartellino Giallo,Neto P.,,GU556NXG
FA Cup,4° turno,13.02.2026,Hull,Chelsea,2 Tempo,51',Ospite,Gol,Neto P.,0-2,GU556NXG
FA Cup,4° turno,13.02.2026,Hull,Chelsea,2 Tempo,59',Ospite,Gol,Estêvão,0-3,GU556NXG
FA Cup,4° turno,13.02.2026,Hull,Chelsea,2 Tempo,59',Ospite,Assist,Delap L.,0-3,GU556NXG
FA Cup,4° turno,13.02.2026,Hull,Chelsea,2 Tempo,60',Ospite,Sostituzione - Esce,James R.,,GU556NXG
FA Cup,4° turno,13.02.2026,Hull,Chelsea,2 Tempo,60',Ospite,Sostituzione - Entra,Fernandez E.,,GU556NXG
FA Cup,4° turno,13.02.2026,Hull,Chelsea,2 Tempo,60',Ospite,Sostituzione - Esce,Caicedo M.,,GU556NXG
FA Cup,4° turno,13.02.2026,Hull,Chelsea,2 Tempo,60',Ospite,Sostituzione - Entra,Acheampong J.,,GU556NXG
FA Cup,4° turno,13.02.2026,Hull,Chelsea,2 Tempo,64',Casa,Sostituzione - Esce,Hadziahmetovic A.,,GU556NXG
FA Cup,4° turno,13.02.2026,Hull,Chelsea,2 Tempo,64',Casa,Sostituzione - Entra,Lundstram J.,,GU556NXG
FA Cup,4° turno,13.02.2026,Hull,Chelsea,2 Tempo,64',Casa,Sostituzione - Esce,Millar L.,,GU556NXG
FA Cup,4° turno,13.02.2026,Hull,Chelsea,2 Tempo,64',Casa,Sostituzione - Entra,Gelhardt J.,,GU556NXG
FA Cup,4° turno,13.02.2026,Hull,Chelsea,2 Tempo,66',Ospite,Cartellino Giallo,Sarr M.,,GU556NXG
FA Cup,4° turno,13.02.2026,Hull,Chelsea,2 Tempo,71',Ospite,Gol,Neto P.,0-4,GU556NXG
FA Cup,4° turno,13.02.2026,Hull,Chelsea,2 Tempo,71',Ospite,Assist,Delap L.,0-4,GU556NXG
FA Cup,4° turno,13.02.2026,Hull,Chelsea,2 Tempo,73',Casa,Cartellino Giallo,Lundstram J.,,GU556NXG
FA Cup,4° turno,13.02.2026,Hull,Chelsea,2 Tempo,77',Ospite,Sostituzione - Esce,Estêvão,,GU556NXG
FA Cup,4° turno,13.02.2026,Hull,Chelsea,2 Tempo,77',Ospite,Sostituzione - Entra,Derry J.,,GU556NXG
FA Cup,4° turno,13.02.2026,Hull,Chelsea,2 Tempo,77',Ospite,Sostituzione - Esce,Fofana W.,,GU556NXG
FA Cup,4° turno,13.02.2026,Hull,Chelsea,2 Tempo,77',Ospite,Sostituzione - Entra,Adarabioyo T.,,GU556NXG
FA Cup,4° turno,13.02.2026,Hull,Chelsea,2 Tempo,77',Casa,Sostituzione - Esce,Hirakawa Y.,,GU556NXG
FA Cup,4° turno,13.02.2026,Hull,Chelsea,2 Tempo,77',Casa,Sostituzione - Entra,Joseph K.,,GU556NXG
FA Cup,4° turno,13.02.2026,Hull,Chelsea,2 Tempo,77',Casa,Sostituzione - Esce,Coyle L.,,GU556NXG
FA Cup,4° turno,13.02.2026,Hull,Chelsea,2 Tempo,77',Casa,Sostituzione - Entra,Drameh C.,,GU556NXG
FA Cup,4° turno,13.02.2026,Hull,Chelsea,2 Tempo,80',Casa,Sostituzione - Esce,McCarthy C.,,GU556NXG
FA Cup,4° turno,13.02.2026,Hull,Chelsea,2 Tempo,80',Casa,Sostituzione - Entra,Dowell K.,,GU556NXG
FA Cup,4° turno,13.02.2026,Hull,Chelsea,2 Tempo,88',Ospite,Sostituzione - Esce,Delap L.,,GU556NXG
FA Cup,4° turno,13.02.2026,Hull,Chelsea,2 Tempo,88',Ospite,Sostituzione - Entra,Mheuka S.,,GU556NXG
FA Cup,4° turno,13.02.2026,Hull,Chelsea,2 Tempo,90',Casa,Cartellino Giallo,Gelhardt J.,,GU556NXG
FA Cup,4° turno,13.02.2026,Wrexham,Ipswich,1 Tempo,34',Casa,Gol,Windass J.,1-0,p8SFMZNE
FA Cup,4° turno,13.02.2026,Wrexham,Ipswich,1 Tempo,34',Casa,Assist,Longman R.,1-0,p8SFMZNE
FA Cup,4° turno,13.02.2026,Wrexham,Ipswich,2 Tempo,46',Ospite,Sostituzione - Esce,Kipre C.,,p8SFMZNE
FA Cup,4° turno,13.02.2026,Wrexham,Ipswich,2 Tempo,46',Ospite,Sostituzione - Entra,O'Shea D.,,p8SFMZNE
FA Cup,4° turno,13.02.2026,Wrexham,Ipswich,2 Tempo,68',Casa,Sostituzione - Esce,Rathbone O.,,p8SFMZNE
FA Cup,4° turno,13.02.2026,Wrexham,Ipswich,2 Tempo,68',Casa,Sostituzione - Entra,Sheaf B.,,p8SFMZNE
FA Cup,4° turno,13.02.2026,Wrexham,Ipswich,2 Tempo,72',Ospite,Sostituzione - Esce,Neil D.,,p8SFMZNE
FA Cup,4° turno,13.02.2026,Wrexham,Ipswich,2 Tempo,72',Ospite,Sostituzione - Entra,Taylor J.,,p8SFMZNE
FA Cup,4° turno,13.02.2026,Wrexham,Ipswich,2 Tempo,73',Ospite,Sostituzione - Esce,Baggott E.,,p8SFMZNE
FA Cup,4° turno,13.02.2026,Wrexham,Ipswich,2 Tempo,73',Ospite,Sostituzione - Entra,Clarke J.,,p8SFMZNE
FA Cup,4° turno,13.02.2026,Wrexham,Ipswich,2 Tempo,73',Ospite,Sostituzione - Esce,Akpom Ch.,,p8SFMZNE
FA Cup,4° turno,13.02.2026,Wrexham,Ipswich,2 Tempo,73',Ospite,Sostituzione - Entra,Mehmeti A.,,p8SFMZNE
FA Cup,4° turno,13.02.2026,Wrexham,Ipswich,2 Tempo,74',Casa,Sostituzione - Esce,Longman R.,,p8SFMZNE
FA Cup,4° turno,13.02.2026,Wrexham,Ipswich,2 Tempo,74',Casa,Sostituzione - Entra,Kabore I.,,p8SFMZNE
FA Cup,4° turno,13.02.2026,Wrexham,Ipswich,2 Tempo,75',Casa,Sostituzione - Esce,Smith S.,,p8SFMZNE
FA Cup,4° turno,13.02.2026,Wrexham,Ipswich,2 Tempo,75',Casa,Sostituzione - Entra,Moore K.,,p8SFMZNE
FA Cup,4° turno,13.02.2026,Wrexham,Ipswich,2 Tempo,83',Ospite,Cartellino Giallo,Egeli S. W.,,p8SFMZNE
FA Cup,4° turno,13.02.2026,Wrexham,Ipswich,2 Tempo,84',Ospite,Sostituzione - Esce,McAteer K.,,p8SFMZNE
FA Cup,4° turno,13.02.2026,Wrexham,Ipswich,2 Tempo,84',Ospite,Sostituzione - Entra,Azon I.,,p8SFMZNE
FA Cup,4° turno,14.02.2026,Burton,West Ham,1 Tempo,32',Casa,Sostituzione - Esce,Revan S.,,Of9D412T
FA Cup,4° turno,14.02.2026,Burton,West Ham,1 Tempo,32',Casa,Sostituzione - Entra,Sibbick T.,,Of9D412T
FA Cup,4° turno,14.02.2026,Burton,West Ham,2 Tempo,72',Ospite,Sostituzione - Esce,Lamadrid K.,,Of9D412T
FA Cup,4° turno,14.02.2026,Burton,West Ham,2 Tempo,72',Ospite,Sostituzione - Entra,Potts F.,,Of9D412T
FA Cup,4° turno,14.02.2026,Burton,West Ham,2 Tempo,74',Casa,Sostituzione - Esce,McKiernan J. J.,,Of9D412T
FA Cup,4° turno,14.02.2026,Burton,West Ham,2 Tempo,74',Casa,Sostituzione - Entra,Cannon A.,,Of9D412T
FA Cup,4° turno,14.02.2026,Burton,West Ham,2 Tempo,74',Casa,Sostituzione - Esce,Evans G.,,Of9D412T
FA Cup,4° turno,14.02.2026,Burton,West Ham,2 Tempo,74',Casa,Sostituzione - Entra,Chauke K.,,Of9D412T
FA Cup,4° turno,14.02.2026,Burton,West Ham,2 Tempo,82',Ospite,Sostituzione - Esce,Traore A.,,Of9D412T
FA Cup,4° turno,14.02.2026,Burton,West Ham,2 Tempo,82',Ospite,Sostituzione - Entra,Castellanos T.,,Of9D412T
FA Cup,4° turno,14.02.2026,Burton,West Ham,2 Tempo,83',Ospite,Sostituzione - Esce,Scarles O.,,Of9D412T
FA Cup,4° turno,14.02.2026,Burton,West Ham,2 Tempo,83',Ospite,Sostituzione - Entra,Summerville C.,,Of9D412T
FA Cup,4° turno,14.02.2026,Burton,West Ham,2 Tempo,83',Casa,Sostituzione - Esce,Shade T.,,Of9D412T
FA Cup,4° turno,14.02.2026,Burton,West Ham,2 Tempo,83',Casa,Sostituzione - Entra,Adom K.,,Of9D412T
FA Cup,4° turno,14.02.2026,Burton,West Ham,2 Tempo,83',Casa,Sostituzione - Esce,Krubally S.,,Of9D412T
FA Cup,4° turno,14.02.2026,Burton,West Ham,2 Tempo,83',Casa,Sostituzione - Entra,Larsson J.,,Of9D412T
FA Cup,4° turno,14.02.2026,Burton,West Ham,Supplementari,95',Ospite,Gol,Summerville C.,0-1,Of9D412T
FA Cup,4° turno,14.02.2026,Burton,West Ham,Supplementari,95',Ospite,Assist,Mayers E.,0-1,Of9D412T
FA Cup,4° turno,14.02.2026,Burton,West Ham,Supplementari,101',Ospite,Cartellino Rosso,Potts F.,,Of9D412T
FA Cup,4° turno,14.02.2026,Burton,West Ham,Supplementari,105',Ospite,Sostituzione - Esce,Wilson C.,,Of9D412T
FA Cup,4° turno,14.02.2026,Burton,West Ham,Supplementari,105',Ospite,Sostituzione - Entra,Disasi A.,,Of9D412T
FA Cup,4° turno,14.02.2026,Burton,West Ham,Supplementari,105',Ospite,Sostituzione - Esce,Kante M.,,Of9D412T
FA Cup,4° turno,14.02.2026,Burton,West Ham,Supplementari,105',Ospite,Sostituzione - Entra,Orford L.,,Of9D412T
FA Cup,4° turno,14.02.2026,Burton,West Ham,Supplementari,107',Casa,Sostituzione - Esce,Armer J.,,Of9D412T
FA Cup,4° turno,14.02.2026,Burton,West Ham,Supplementari,107',Casa,Sostituzione - Entra,Moon J.,,Of9D412T
FA Cup,4° turno,14.02.2026,Burton,West Ham,Supplementari,120+2',Ospite,Cartellino Giallo,Walker-Peters K.,,Of9D412T
FA Cup,4° turno,14.02.2026,Burton,West Ham,Supplementari,120+3',Casa,Cartellino Giallo,Collins B.,,Of9D412T
FA Cup,4° turno,14.02.2026,Burton,West Ham,Supplementari,120+3',Casa,Cartellino Giallo,Adom K.,,Of9D412T
FA Cup,4° turno,14.02.2026,Manchester City,Salford,1 Tempo,3',Ospite,Cartellino Giallo,N'Mai K.,,pUikwmj4
FA Cup,4° turno,14.02.2026,Manchester City,Salford,1 Tempo,6',Casa,Autogol,Dorrington A.,1-0,pUikwmj4
FA Cup,4° turno,14.02.2026,Manchester City,Salford,1 Tempo,22',Casa,Sostituzione - Esce,Alleyne M.,,pUikwmj4
FA Cup,4° turno,14.02.2026,Manchester City,Salford,1 Tempo,22',Casa,Sostituzione - Entra,McAidoo R.,,pUikwmj4
FA Cup,4° turno,14.02.2026,Manchester City,Salford,2 Tempo,64',Casa,Sostituzione - Esce,Ait-Nouri R.,,pUikwmj4
FA Cup,4° turno,14.02.2026,Manchester City,Salford,2 Tempo,64',Casa,Sostituzione - Entra,O'Reilly N.,,pUikwmj4
FA Cup,4° turno,14.02.2026,Manchester City,Salford,2 Tempo,65',Casa,Sostituzione - Esce,Stones J.,,pUikwmj4
FA Cup,4° turno,14.02.2026,Manchester City,Salford,2 Tempo,65',Casa,Sostituzione - Entra,Guehi M.,,pUikwmj4
FA Cup,4° turno,14.02.2026,Manchester City,Salford,2 Tempo,65',Casa,Sostituzione - Esce,Foden P.,,pUikwmj4
FA Cup,4° turno,14.02.2026,Manchester City,Salford,2 Tempo,65',Casa,Sostituzione - Entra,Semenyo A.,,pUikwmj4
FA Cup,4° turno,14.02.2026,Manchester City,Salford,2 Tempo,70',Ospite,Sostituzione - Esce,N'Mai K.,,pUikwmj4
FA Cup,4° turno,14.02.2026,Manchester City,Salford,2 Tempo,70',Ospite,Sostituzione - Entra,Udoh D.,,pUikwmj4
FA Cup,4° turno,14.02.2026,Manchester City,Salford,2 Tempo,70',Ospite,Sostituzione - Esce,Grant J.,,pUikwmj4
FA Cup,4° turno,14.02.2026,Manchester City,Salford,2 Tempo,70',Ospite,Sostituzione - Entra,Ashley O.,,pUikwmj4
FA Cup,4° turno,14.02.2026,Manchester City,Salford,2 Tempo,75',Casa,Sostituzione - Esce,Nico,,pUikwmj4
FA Cup,4° turno,14.02.2026,Manchester City,Salford,2 Tempo,75',Casa,Sostituzione - Entra,Rodri,,pUikwmj4
FA Cup,4° turno,14.02.2026,Manchester City,Salford,2 Tempo,79',Ospite,Sostituzione - Esce,Awe Z.,,pUikwmj4
FA Cup,4° turno,14.02.2026,Manchester City,Salford,2 Tempo,79',Ospite,Sostituzione - Entra,Turton O.,,pUikwmj4
FA Cup,4° turno,14.02.2026,Manchester City,Salford,2 Tempo,79',Ospite,Sostituzione - Esce,Woodburn B.,,pUikwmj4
FA Cup,4° turno,14.02.2026,Manchester City,Salford,2 Tempo,79',Ospite,Sostituzione - Entra,Butcher M.,,pUikwmj4
FA Cup,4° turno,14.02.2026,Manchester City,Salford,2 Tempo,80',Ospite,Cartellino Giallo,Longelo-Mbule R.,,pUikwmj4
FA Cup,4° turno,14.02.2026,Manchester City,Salford,2 Tempo,81',Casa,Gol,Guehi M.,2-0,pUikwmj4
FA Cup,4° turno,14.02.2026,Manchester City,Salford,2 Tempo,86',Ospite,Sostituzione - Esce,Graydon R.,,pUikwmj4
FA Cup,4° turno,14.02.2026,Manchester City,Salford,2 Tempo,86',Ospite,Sostituzione - Entra,Ehibhatiomhan P.,,pUikwmj4
FA Cup,4° turno,14.02.2026,Burnley,Mansfield,1 Tempo,21',Casa,Gol,Laurent J.,1-0,4CkTbWV7
FA Cup,4° turno,14.02.2026,Burnley,Mansfield,1 Tempo,21',Casa,Assist,Foster L.,1-0,4CkTbWV7
FA Cup,4° turno,14.02.2026,Burnley,Mansfield,1 Tempo,37',Casa,Cartellino Giallo,Ekdal H.,,4CkTbWV7
FA Cup,4° turno,14.02.2026,Burnley,Mansfield,1 Tempo,40',Casa,Cartellino Giallo,Barnes A.,,4CkTbWV7
FA Cup,4° turno,14.02.2026,Burnley,Mansfield,2 Tempo,53',Ospite,Gol,Oates R.,1-1,4CkTbWV7
FA Cup,4° turno,14.02.2026,Burnley,Mansfield,2 Tempo,53',Ospite,Assist,Knoyle K.,1-1,4CkTbWV7
FA Cup,4° turno,14.02.2026,Burnley,Mansfield,2 Tempo,56',Casa,Cartellino Giallo,Laurent J.,,4CkTbWV7
FA Cup,4° turno,14.02.2026,Burnley,Mansfield,2 Tempo,58',Ospite,Cartellino Giallo,Akins L.,,4CkTbWV7
FA Cup,4° turno,14.02.2026,Burnley,Mansfield,2 Tempo,59',Ospite,Cartellino Giallo,Evans W.,,4CkTbWV7
FA Cup,4° turno,14.02.2026,Burnley,Mansfield,2 Tempo,60',Ospite,Sostituzione - Esce,Russell J.,,4CkTbWV7
FA Cup,4° turno,14.02.2026,Burnley,Mansfield,2 Tempo,60',Ospite,Sostituzione - Entra,Hendry R.,,4CkTbWV7
FA Cup,4° turno,14.02.2026,Burnley,Mansfield,2 Tempo,66',Casa,Sostituzione - Esce,Bruun Larsen J.,,4CkTbWV7
FA Cup,4° turno,14.02.2026,Burnley,Mansfield,2 Tempo,66',Casa,Sostituzione - Entra,Mejbri H.,,4CkTbWV7
FA Cup,4° turno,14.02.2026,Burnley,Mansfield,2 Tempo,66',Casa,Sostituzione - Esce,Tchaouna L.,,4CkTbWV7
FA Cup,4° turno,14.02.2026,Burnley,Mansfield,2 Tempo,66',Casa,Sostituzione - Entra,Edwards M.,,4CkTbWV7
FA Cup,4° turno,14.02.2026,Burnley,Mansfield,2 Tempo,78',Casa,Cartellino Giallo,Florentino,,4CkTbWV7
FA Cup,4° turno,14.02.2026,Burnley,Mansfield,2 Tempo,80',Ospite,Gol,Reed L.,1-2,4CkTbWV7
FA Cup,4° turno,14.02.2026,Burnley,Mansfield,2 Tempo,81',Casa,Sostituzione - Esce,Barnes A.,,4CkTbWV7
FA Cup,4° turno,14.02.2026,Burnley,Mansfield,2 Tempo,81',Casa,Sostituzione - Entra,Ugochukwu L.,,4CkTbWV7
FA Cup,4° turno,14.02.2026,Burnley,Mansfield,2 Tempo,81',Casa,Sostituzione - Esce,Florentino,,4CkTbWV7
FA Cup,4° turno,14.02.2026,Burnley,Mansfield,2 Tempo,81',Casa,Sostituzione - Entra,Flemming Z.,,4CkTbWV7
FA Cup,4° turno,14.02.2026,Burnley,Mansfield,2 Tempo,83',Ospite,Sostituzione - Esce,Knoyle K.,,4CkTbWV7
FA Cup,4° turno,14.02.2026,Burnley,Mansfield,2 Tempo,83',Ospite,Sostituzione - Entra,Hewitt E.,,4CkTbWV7
FA Cup,4° turno,14.02.2026,Burnley,Mansfield,2 Tempo,84',Ospite,Sostituzione - Esce,Oates R.,,4CkTbWV7
FA Cup,4° turno,14.02.2026,Burnley,Mansfield,2 Tempo,84',Ospite,Sostituzione - Entra,Bolton L.,,4CkTbWV7
FA Cup,4° turno,14.02.2026,Burnley,Mansfield,2 Tempo,84',Ospite,Sostituzione - Esce,Evans W.,,4CkTbWV7
FA Cup,4° turno,14.02.2026,Burnley,Mansfield,2 Tempo,84',Ospite,Sostituzione - Entra,Adeboyejo V.,,4CkTbWV7
FA Cup,4° turno,14.02.2026,Burnley,Mansfield,2 Tempo,90+1',Casa,Sostituzione - Esce,Ward-Prowse J.,,4CkTbWV7
FA Cup,4° turno,14.02.2026,Burnley,Mansfield,2 Tempo,90+1',Casa,Sostituzione - Entra,Lucas Pires,,4CkTbWV7
FA Cup,4° turno,14.02.2026,Southampton,Leicester,1 Tempo,27',Ospite,Cartellino Giallo,Page L.,,j97fFiGl
FA Cup,4° turno,14.02.2026,Southampton,Leicester,1 Tempo,45+1',Casa,Rigore Assegnato,Larin C.,1-0,j97fFiGl
FA Cup,4° turno,14.02.2026,Southampton,Leicester,1 Tempo,45+1',Casa,Rigore,Larin C.,1-0,j97fFiGl
FA Cup,4° turno,14.02.2026,Southampton,Leicester,2 Tempo,52',Ospite,Gol,Skipp O.,1-1,j97fFiGl
FA Cup,4° turno,14.02.2026,Southampton,Leicester,2 Tempo,56',Ospite,Cartellino Giallo,Nelson B.,,j97fFiGl
FA Cup,4° turno,14.02.2026,Southampton,Leicester,2 Tempo,63',Casa,Sostituzione - Esce,Edozie S.,,j97fFiGl
FA Cup,4° turno,14.02.2026,Southampton,Leicester,2 Tempo,63',Casa,Sostituzione - Entra,Sillah Dibaga S.,,j97fFiGl
FA Cup,4° turno,14.02.2026,Southampton,Leicester,2 Tempo,63',Casa,Sostituzione - Esce,Romeu O.,,j97fFiGl
FA Cup,4° turno,14.02.2026,Southampton,Leicester,2 Tempo,63',Casa,Sostituzione - Entra,Williams B.,,j97fFiGl
FA Cup,4° turno,14.02.2026,Southampton,Leicester,2 Tempo,67',Ospite,Sostituzione - Esce,Page L.,,j97fFiGl
FA Cup,4° turno,14.02.2026,Southampton,Leicester,2 Tempo,67',Ospite,Sostituzione - Entra,Winks H.,,j97fFiGl
FA Cup,4° turno,14.02.2026,Southampton,Leicester,2 Tempo,67',Ospite,Sostituzione - Esce,Kristiansen V.,,j97fFiGl
FA Cup,4° turno,14.02.2026,Southampton,Leicester,2 Tempo,67',Ospite,Sostituzione - Entra,Thomas L.,,j97fFiGl
FA Cup,4° turno,14.02.2026,Southampton,Leicester,2 Tempo,75',Casa,Sostituzione - Esce,Archer C.,,j97fFiGl
FA Cup,4° turno,14.02.2026,Southampton,Leicester,2 Tempo,75',Casa,Sostituzione - Entra,Azaz F.,,j97fFiGl
FA Cup,4° turno,14.02.2026,Southampton,Leicester,2 Tempo,79',Ospite,Sostituzione - Esce,Ayew J.,,j97fFiGl
FA Cup,4° turno,14.02.2026,Southampton,Leicester,2 Tempo,79',Ospite,Sostituzione - Entra,Daka P.,,j97fFiGl
FA Cup,4° turno,14.02.2026,Southampton,Leicester,2 Tempo,79',Ospite,Sostituzione - Esce,Aluko O.,,j97fFiGl
FA Cup,4° turno,14.02.2026,Southampton,Leicester,2 Tempo,79',Ospite,Sostituzione - Entra,Pereira R.,,j97fFiGl
FA Cup,4° turno,14.02.2026,Southampton,Leicester,2 Tempo,83',Ospite,Cartellino Giallo,Thomas L.,,j97fFiGl
FA Cup,4° turno,14.02.2026,Southampton,Leicester,2 Tempo,84',Casa,Sostituzione - Esce,Matsuki K.,,j97fFiGl
FA Cup,4° turno,14.02.2026,Southampton,Leicester,2 Tempo,84',Casa,Sostituzione - Entra,O'Brien Whitmarsh J.,,j97fFiGl
FA Cup,4° turno,14.02.2026,Southampton,Leicester,2 Tempo,84',Casa,Sostituzione - Esce,Larin C.,,j97fFiGl
FA Cup,4° turno,14.02.2026,Southampton,Leicester,2 Tempo,84',Casa,Sostituzione - Entra,Oyekunle N.,,j97fFiGl
FA Cup,4° turno,14.02.2026,Southampton,Leicester,2 Tempo,86',Casa,Cartellino Giallo,Bragg C.,,j97fFiGl
FA Cup,4° turno,14.02.2026,Southampton,Leicester,2 Tempo,87',Ospite,Sostituzione - Esce,Monga J.,,j97fFiGl
FA Cup,4° turno,14.02.2026,Southampton,Leicester,2 Tempo,87',Ospite,Sostituzione - Entra,Richards D.,,j97fFiGl
FA Cup,4° turno,14.02.2026,Southampton,Leicester,Supplementari,101',Casa,Cartellino Giallo,Manning R.,,j97fFiGl
FA Cup,4° turno,14.02.2026,Southampton,Leicester,Supplementari,103',Casa,Sostituzione - Esce,Jelert E.,,j97fFiGl
FA Cup,4° turno,14.02.2026,Southampton,Leicester,Supplementari,103',Casa,Sostituzione - Entra,Bree J.,,j97fFiGl
FA Cup,4° turno,14.02.2026,Southampton,Leicester,Supplementari,108',Ospite,Sostituzione - Esce,Mavididi S.,,j97fFiGl
FA Cup,4° turno,14.02.2026,Southampton,Leicester,Supplementari,108',Ospite,Sostituzione - Entra,Thomas S.,,j97fFiGl
FA Cup,4° turno,14.02.2026,Southampton,Leicester,Supplementari,109',Casa,Gol,Bree J.,2-1,j97fFiGl
FA Cup,4° turno,14.02.2026,Southampton,Leicester,Supplementari,120+1',Ospite,Cartellino Giallo,Okoli C.,,j97fFiGl
FA Cup,4° turno,14.02.2026,Norwich,West Brom,1 Tempo,14',Ospite,Cartellino Giallo,Bielik K.,,zZxWMrIc
FA Cup,4° turno,14.02.2026,Norwich,West Brom,1 Tempo,31',Casa,Gol,Maghoma P.,1-0,zZxWMrIc
FA Cup,4° turno,14.02.2026,Norwich,West Brom,1 Tempo,31',Casa,Assist,Darling H.,1-0,zZxWMrIc
FA Cup,4° turno,14.02.2026,Norwich,West Brom,2 Tempo,46',Ospite,Sostituzione - Esce,Griffiths J.,,zZxWMrIc
FA Cup,4° turno,14.02.2026,Norwich,West Brom,2 Tempo,46',Ospite,Sostituzione - Entra,O'Leary M.,,zZxWMrIc
FA Cup,4° turno,14.02.2026,Norwich,West Brom,2 Tempo,46',Ospite,Sostituzione - Esce,Mustapha H.,,zZxWMrIc
FA Cup,4° turno,14.02.2026,Norwich,West Brom,2 Tempo,46',Ospite,Sostituzione - Entra,Mowatt A.,,zZxWMrIc
FA Cup,4° turno,14.02.2026,Norwich,West Brom,2 Tempo,48',Casa,Cartellino Giallo,Darling H.,,zZxWMrIc
FA Cup,4° turno,14.02.2026,Norwich,West Brom,2 Tempo,53',Ospite,Cartellino Giallo,Mowatt A.,,zZxWMrIc
FA Cup,4° turno,14.02.2026,Norwich,West Brom,2 Tempo,58',Casa,Cartellino Giallo,Field S.,,zZxWMrIc
FA Cup,4° turno,14.02.2026,Norwich,West Brom,2 Tempo,61',Casa,Sostituzione - Esce,Kvistgaarden M.,,zZxWMrIc
FA Cup,4° turno,14.02.2026,Norwich,West Brom,2 Tempo,61',Casa,Sostituzione - Entra,Toure M.,,zZxWMrIc
FA Cup,4° turno,14.02.2026,Norwich,West Brom,2 Tempo,62',Casa,Sostituzione - Esce,Maghoma P.,,zZxWMrIc
FA Cup,4° turno,14.02.2026,Norwich,West Brom,2 Tempo,62',Casa,Sostituzione - Entra,Slimane A.,,zZxWMrIc
FA Cup,4° turno,14.02.2026,Norwich,West Brom,2 Tempo,68',Ospite,Gol,Maja J.,1-1,zZxWMrIc
FA Cup,4° turno,14.02.2026,Norwich,West Brom,2 Tempo,68',Ospite,Assist,Diakite O.,1-1,zZxWMrIc
FA Cup,4° turno,14.02.2026,Norwich,West Brom,2 Tempo,70',Casa,Cartellino Giallo,Fisher K.,,zZxWMrIc
FA Cup,4° turno,14.02.2026,Norwich,West Brom,2 Tempo,71',Casa,Sostituzione - Esce,Ahmed A.,,zZxWMrIc
FA Cup,4° turno,14.02.2026,Norwich,West Brom,2 Tempo,71',Casa,Sostituzione - Entra,Gibbs L.,,zZxWMrIc
FA Cup,4° turno,14.02.2026,Norwich,West Brom,2 Tempo,71',Casa,Sostituzione - Esce,Fisher K.,,zZxWMrIc
FA Cup,4° turno,14.02.2026,Norwich,West Brom,2 Tempo,71',Casa,Sostituzione - Entra,Chrisene B.,,zZxWMrIc
FA Cup,4° turno,14.02.2026,Norwich,West Brom,2 Tempo,73',Ospite,Sostituzione - Esce,Bostock O.,,zZxWMrIc
FA Cup,4° turno,14.02.2026,Norwich,West Brom,2 Tempo,73',Ospite,Sostituzione - Entra,Price I.,,zZxWMrIc
FA Cup,4° turno,14.02.2026,Norwich,West Brom,2 Tempo,73',Ospite,Sostituzione - Esce,Whitwell H.,,zZxWMrIc
FA Cup,4° turno,14.02.2026,Norwich,West Brom,2 Tempo,73',Ospite,Sostituzione - Entra,Jimoh-Aloba J.,,zZxWMrIc
FA Cup,4° turno,14.02.2026,Norwich,West Brom,2 Tempo,78',Ospite,Sostituzione - Esce,Bielik K.,,zZxWMrIc
FA Cup,4° turno,14.02.2026,Norwich,West Brom,2 Tempo,78',Ospite,Sostituzione - Entra,Molumby J.,,zZxWMrIc
FA Cup,4° turno,14.02.2026,Norwich,West Brom,2 Tempo,81',Casa,Sostituzione - Esce,Schwartau O.,,zZxWMrIc
FA Cup,4° turno,14.02.2026,Norwich,West Brom,2 Tempo,81',Casa,Sostituzione - Entra,McLean K.,,zZxWMrIc
FA Cup,4° turno,14.02.2026,Norwich,West Brom,2 Tempo,82',Casa,Gol,Chrisene B.,2-1,zZxWMrIc
FA Cup,4° turno,14.02.2026,Norwich,West Brom,2 Tempo,82',Casa,Assist,Slimane A.,2-1,zZxWMrIc
FA Cup,4° turno,14.02.2026,Norwich,West Brom,2 Tempo,85',Ospite,Cartellino Giallo,Diakite O.,,zZxWMrIc
FA Cup,4° turno,14.02.2026,Norwich,West Brom,2 Tempo,90+3',Casa,Gol,Toure M.,3-1,zZxWMrIc
FA Cup,4° turno,14.02.2026,Norwich,West Brom,2 Tempo,90+3',Casa,Assist,Slimane A.,3-1,zZxWMrIc
FA Cup,4° turno,14.02.2026,Aston Villa,Newcastle,1 Tempo,4',Casa,Cartellino Giallo,Douglas Luiz,,UXVvLMnA
FA Cup,4° turno,14.02.2026,Aston Villa,Newcastle,1 Tempo,14',Casa,Gol,Abraham T.,1-0,UXVvLMnA
FA Cup,4° turno,14.02.2026,Aston Villa,Newcastle,1 Tempo,14',Casa,Assist,Douglas Luiz,1-0,UXVvLMnA
FA Cup,4° turno,14.02.2026,Aston Villa,Newcastle,1 Tempo,25',Ospite,Cartellino Giallo,Thiaw M.,,UXVvLMnA
FA Cup,4° turno,14.02.2026,Aston Villa,Newcastle,1 Tempo,42',Casa,Cartellino Giallo,Digne L.,,UXVvLMnA
FA Cup,4° turno,14.02.2026,Aston Villa,Newcastle,1 Tempo,45+1',Casa,Cartellino Rosso,Bizot M.,,UXVvLMnA
FA Cup,4° turno,14.02.2026,Aston Villa,Newcastle,1 Tempo,45+4',Casa,Sostituzione - Esce,Bailey L.,,UXVvLMnA
FA Cup,4° turno,14.02.2026,Aston Villa,Newcastle,1 Tempo,45+4',Casa,Sostituzione - Entra,Martinez E.,,UXVvLMnA
FA Cup,4° turno,14.02.2026,Aston Villa,Newcastle,2 Tempo,52',Ospite,Cartellino Giallo,Barnes H.,,UXVvLMnA
FA Cup,4° turno,14.02.2026,Aston Villa,Newcastle,2 Tempo,55',Ospite,Cartellino Giallo,Ramsey J.,,UXVvLMnA
FA Cup,4° turno,14.02.2026,Aston Villa,Newcastle,2 Tempo,63',Ospite,Gol,Tonali S.,1-1,UXVvLMnA
FA Cup,4° turno,14.02.2026,Aston Villa,Newcastle,2 Tempo,63',Ospite,Sostituzione - Esce,Osula W.,,UXVvLMnA
FA Cup,4° turno,14.02.2026,Aston Villa,Newcastle,2 Tempo,63',Ospite,Sostituzione - Entra,Gordon A.,,UXVvLMnA
FA Cup,4° turno,14.02.2026,Aston Villa,Newcastle,2 Tempo,63',Ospite,Sostituzione - Esce,Murphy J.,,UXVvLMnA
FA Cup,4° turno,14.02.2026,Aston Villa,Newcastle,2 Tempo,63',Ospite,Sostituzione - Entra,Elanga A.,,UXVvLMnA
FA Cup,4° turno,14.02.2026,Aston Villa,Newcastle,2 Tempo,65',Casa,Sostituzione - Esce,Abraham T.,,UXVvLMnA
FA Cup,4° turno,14.02.2026,Aston Villa,Newcastle,2 Tempo,65',Casa,Sostituzione - Entra,Watkins O.,,UXVvLMnA
FA Cup,4° turno,14.02.2026,Aston Villa,Newcastle,2 Tempo,65',Casa,Sostituzione - Esce,Barkley R.,,UXVvLMnA
FA Cup,4° turno,14.02.2026,Aston Villa,Newcastle,2 Tempo,65',Casa,Sostituzione - Entra,Buendia E.,,UXVvLMnA
FA Cup,4° turno,14.02.2026,Aston Villa,Newcastle,2 Tempo,76',Ospite,Gol,Tonali S.,1-2,UXVvLMnA
FA Cup,4° turno,14.02.2026,Aston Villa,Newcastle,2 Tempo,76',Ospite,Assist,Burn D.,1-2,UXVvLMnA
FA Cup,4° turno,14.02.2026,Aston Villa,Newcastle,2 Tempo,77',Casa,Sostituzione - Esce,Rogers M.,,UXVvLMnA
FA Cup,4° turno,14.02.2026,Aston Villa,Newcastle,2 Tempo,77',Casa,Sostituzione - Entra,Maatsen I.,,UXVvLMnA
FA Cup,4° turno,14.02.2026,Aston Villa,Newcastle,2 Tempo,78',Casa,Sostituzione - Esce,Douglas Luiz,,UXVvLMnA
FA Cup,4° turno,14.02.2026,Aston Villa,Newcastle,2 Tempo,78',Casa,Sostituzione - Entra,Sancho J.,,UXVvLMnA
FA Cup,4° turno,14.02.2026,Aston Villa,Newcastle,2 Tempo,80',Ospite,Sostituzione - Esce,Ramsey J.,,UXVvLMnA
FA Cup,4° turno,14.02.2026,Aston Villa,Newcastle,2 Tempo,80',Ospite,Sostituzione - Entra,Willock J.,,UXVvLMnA
FA Cup,4° turno,14.02.2026,Aston Villa,Newcastle,2 Tempo,88',Ospite,Gol,Woltemade N.,1-3,UXVvLMnA
FA Cup,4° turno,14.02.2026,Aston Villa,Newcastle,2 Tempo,90',Ospite,Sostituzione - Esce,Trippier K.,,UXVvLMnA
FA Cup,4° turno,14.02.2026,Aston Villa,Newcastle,2 Tempo,90',Ospite,Sostituzione - Entra,Murphy A.,,UXVvLMnA
FA Cup,4° turno,14.02.2026,Liverpool,Brighton,1 Tempo,15',Ospite,Cartellino Giallo,Dunk L.,,A5IItPkR
FA Cup,4° turno,14.02.2026,Liverpool,Brighton,1 Tempo,33',Ospite,Cartellino Giallo,Gomez D.,,A5IItPkR
FA Cup,4° turno,14.02.2026,Liverpool,Brighton,1 Tempo,41',Ospite,Cartellino Giallo,Baleba C.,,A5IItPkR
FA Cup,4° turno,14.02.2026,Liverpool,Brighton,1 Tempo,42',Casa,Gol,Jones C.,1-0,A5IItPkR
FA Cup,4° turno,14.02.2026,Liverpool,Brighton,1 Tempo,42',Casa,Assist,Kerkez M.,1-0,A5IItPkR
FA Cup,4° turno,14.02.2026,Liverpool,Brighton,2 Tempo,56',Casa,Gol,Szoboszlai D.,2-0,A5IItPkR
FA Cup,4° turno,14.02.2026,Liverpool,Brighton,2 Tempo,56',Casa,Assist,Salah M.,2-0,A5IItPkR
FA Cup,4° turno,14.02.2026,Liverpool,Brighton,2 Tempo,62',Ospite,Sostituzione - Esce,Howell H.,,A5IItPkR
FA Cup,4° turno,14.02.2026,Liverpool,Brighton,2 Tempo,62',Ospite,Sostituzione - Entra,Minteh Y.,,A5IItPkR
FA Cup,4° turno,14.02.2026,Liverpool,Brighton,2 Tempo,62',Ospite,Sostituzione - Esce,Baleba C.,,A5IItPkR
FA Cup,4° turno,14.02.2026,Liverpool,Brighton,2 Tempo,62',Ospite,Sostituzione - Entra,Mitoma K.,,A5IItPkR
FA Cup,4° turno,14.02.2026,Liverpool,Brighton,2 Tempo,62',Ospite,Sostituzione - Esce,Gomez D.,,A5IItPkR
FA Cup,4° turno,14.02.2026,Liverpool,Brighton,2 Tempo,62',Ospite,Sostituzione - Entra,Rutter G.,,A5IItPkR
FA Cup,4° turno,14.02.2026,Liverpool,Brighton,2 Tempo,67',Ospite,Cartellino Giallo,van Hecke J. P.,,A5IItPkR
FA Cup,4° turno,14.02.2026,Liverpool,Brighton,2 Tempo,68',Casa,Rigore Assegnato,Salah M.,3-0,A5IItPkR
FA Cup,4° turno,14.02.2026,Liverpool,Brighton,2 Tempo,68',Casa,Rigore,Salah M.,3-0,A5IItPkR
FA Cup,4° turno,14.02.2026,Liverpool,Brighton,2 Tempo,71',Casa,Sostituzione - Esce,Wirtz F.,,A5IItPkR
FA Cup,4° turno,14.02.2026,Liverpool,Brighton,2 Tempo,71',Casa,Sostituzione - Entra,Gomez J.,,A5IItPkR
FA Cup,4° turno,14.02.2026,Liverpool,Brighton,2 Tempo,72',Ospite,Sostituzione - Esce,van Hecke J. P.,,A5IItPkR
FA Cup,4° turno,14.02.2026,Liverpool,Brighton,2 Tempo,72',Ospite,Sostituzione - Entra,Boscagli O.,,A5IItPkR
FA Cup,4° turno,14.02.2026,Liverpool,Brighton,2 Tempo,77',Casa,Sostituzione - Esce,Salah M.,,A5IItPkR
FA Cup,4° turno,14.02.2026,Liverpool,Brighton,2 Tempo,77',Casa,Sostituzione - Entra,Ngumoha R.,,A5IItPkR
FA Cup,4° turno,14.02.2026,Liverpool,Brighton,2 Tempo,77',Casa,Sostituzione - Esce,Chiesa F.,,A5IItPkR
FA Cup,4° turno,14.02.2026,Liverpool,Brighton,2 Tempo,77',Casa,Sostituzione - Entra,Ekitike H.,,A5IItPkR
FA Cup,4° turno,14.02.2026,Liverpool,Brighton,2 Tempo,81',Ospite,Sostituzione - Esce,Hinshelwood J.,,A5IItPkR
FA Cup,4° turno,14.02.2026,Liverpool,Brighton,2 Tempo,81',Ospite,Sostituzione - Entra,Wieffer M.,,A5IItPkR
FA Cup,4° turno,14.02.2026,Liverpool,Brighton,2 Tempo,89',Casa,Sostituzione - Esce,Jones C.,,A5IItPkR
FA Cup,4° turno,14.02.2026,Liverpool,Brighton,2 Tempo,89',Casa,Sostituzione - Entra,Nyoni T.,,A5IItPkR
FA Cup,4° turno,14.02.2026,Liverpool,Brighton,2 Tempo,89',Casa,Sostituzione - Esce,Gakpo C.,,A5IItPkR
FA Cup,4° turno,14.02.2026,Liverpool,Brighton,2 Tempo,89',Casa,Sostituzione - Entra,Ramsay C.,,A5IItPkR
FA Cup,4° turno,15.02.2026,Birmingham,Leeds,1 Tempo,30',Casa,Cartellino Giallo,Solis Romero J. E.,,AHz58q34
FA Cup,4° turno,15.02.2026,Birmingham,Leeds,1 Tempo,42',Casa,Cartellino Giallo,Vicente C.,,AHz58q34
FA Cup,4° turno,15.02.2026,Birmingham,Leeds,2 Tempo,46',Ospite,Sostituzione - Esce,Buonanotte F.,,AHz58q34
FA Cup,4° turno,15.02.2026,Birmingham,Leeds,2 Tempo,46',Ospite,Sostituzione - Entra,Ampadu E.,,AHz58q34
FA Cup,4° turno,15.02.2026,Birmingham,Leeds,2 Tempo,46',Casa,Sostituzione - Esce,Gray D.,,AHz58q34
FA Cup,4° turno,15.02.2026,Birmingham,Leeds,2 Tempo,46',Casa,Sostituzione - Entra,Osman I.,,AHz58q34
FA Cup,4° turno,15.02.2026,Birmingham,Leeds,2 Tempo,49',Ospite,Gol,Nmecha L.,0-1,AHz58q34
FA Cup,4° turno,15.02.2026,Birmingham,Leeds,2 Tempo,49',Ospite,Assist,Okafor N.,0-1,AHz58q34
FA Cup,4° turno,15.02.2026,Birmingham,Leeds,2 Tempo,68',Ospite,Sostituzione - Esce,Gnonto W.,,AHz58q34
FA Cup,4° turno,15.02.2026,Birmingham,Leeds,2 Tempo,68',Ospite,Sostituzione - Entra,Aaronson B.,,AHz58q34
FA Cup,4° turno,15.02.2026,Birmingham,Leeds,2 Tempo,68',Ospite,Sostituzione - Esce,Nmecha L.,,AHz58q34
FA Cup,4° turno,15.02.2026,Birmingham,Leeds,2 Tempo,68',Ospite,Sostituzione - Entra,Calvert-Lewin D.,,AHz58q34
FA Cup,4° turno,15.02.2026,Birmingham,Leeds,2 Tempo,74',Casa,Sostituzione - Esce,Vicente C.,,AHz58q34
FA Cup,4° turno,15.02.2026,Birmingham,Leeds,2 Tempo,74',Casa,Sostituzione - Entra,Roberts P.,,AHz58q34
FA Cup,4° turno,15.02.2026,Birmingham,Leeds,2 Tempo,74',Casa,Sostituzione - Esce,Priske A.,,AHz58q34
FA Cup,4° turno,15.02.2026,Birmingham,Leeds,2 Tempo,74',Casa,Sostituzione - Entra,Ducksch M.,,AHz58q34
FA Cup,4° turno,15.02.2026,Birmingham,Leeds,2 Tempo,78',Ospite,Sostituzione - Esce,Tanaka A.,,AHz58q34
FA Cup,4° turno,15.02.2026,Birmingham,Leeds,2 Tempo,78',Ospite,Sostituzione - Entra,Piroe J.,,AHz58q34
FA Cup,4° turno,15.02.2026,Birmingham,Leeds,2 Tempo,82',Ospite,Sostituzione - Esce,Okafor N.,,AHz58q34
FA Cup,4° turno,15.02.2026,Birmingham,Leeds,2 Tempo,82',Ospite,Sostituzione - Entra,Bogle J.,,AHz58q34
FA Cup,4° turno,15.02.2026,Birmingham,Leeds,2 Tempo,83',Casa,Sostituzione - Esce,Osayi-Samuel B.,,AHz58q34
FA Cup,4° turno,15.02.2026,Birmingham,Leeds,2 Tempo,83',Casa,Sostituzione - Entra,Fujimoto K.,,AHz58q34
FA Cup,4° turno,15.02.2026,Birmingham,Leeds,2 Tempo,89',Casa,Gol,Roberts P.,1-1,AHz58q34
FA Cup,4° turno,15.02.2026,Birmingham,Leeds,Supplementari,91',Ospite,Sostituzione - Esce,Bornauw S.,,AHz58q34
FA Cup,4° turno,15.02.2026,Birmingham,Leeds,Supplementari,91',Ospite,Sostituzione - Entra,Rodon J.,,AHz58q34
FA Cup,4° turno,15.02.2026,Birmingham,Leeds,Supplementari,91',Casa,Sostituzione - Esce,Panzo J.,,AHz58q34
FA Cup,4° turno,15.02.2026,Birmingham,Leeds,Supplementari,91',Casa,Sostituzione - Entra,Neumann P.,,AHz58q34
FA Cup,4° turno,15.02.2026,Birmingham,Leeds,Supplementari,110',Casa,Cartellino Giallo,Klarer C.,,AHz58q34
FA Cup,4° turno,15.02.2026,Birmingham,Leeds,Supplementari,114',Casa,Sostituzione - Esce,Solis Romero J. E.,,AHz58q34
FA Cup,4° turno,15.02.2026,Birmingham,Leeds,Supplementari,114',Casa,Sostituzione - Entra,Betteka Z.,,AHz58q34
FA Cup,4° turno,15.02.2026,Birmingham,Leeds,Rigori,1,Casa,Rigore Assegnato,Stansfield J.,,AHz58q34
FA Cup,4° turno,15.02.2026,Birmingham,Leeds,Rigori,1,Casa,Rigore,Stansfield J.,,AHz58q34
FA Cup,4° turno,15.02.2026,Birmingham,Leeds,Rigori,1,Ospite,Rigore Assegnato,Piroe J.,,AHz58q34
FA Cup,4° turno,15.02.2026,Birmingham,Leeds,Rigori,1,Ospite,Rigore,Piroe J.,,AHz58q34
FA Cup,4° turno,15.02.2026,Birmingham,Leeds,Rigori,2,Casa,Rigore Assegnato,Ducksch M.,,AHz58q34
FA Cup,4° turno,15.02.2026,Birmingham,Leeds,Rigori,2,Casa,Rigore,Ducksch M.,,AHz58q34
FA Cup,4° turno,15.02.2026,Birmingham,Leeds,Rigori,2,Ospite,Rigore Assegnato,Calvert-Lewin D.,,AHz58q34
FA Cup,4° turno,15.02.2026,Birmingham,Leeds,Rigori,2,Ospite,Rigore,Calvert-Lewin D.,,AHz58q34
FA Cup,4° turno,15.02.2026,Birmingham,Leeds,Rigori,3,Casa,Rigore Assegnato,Doyle T.,,AHz58q34
FA Cup,4° turno,15.02.2026,Birmingham,Leeds,Rigori,3,Casa,Rigore sbagliato,Doyle T.,,AHz58q34
FA Cup,4° turno,15.02.2026,Birmingham,Leeds,Rigori,3,Ospite,Rigore Assegnato,Aaronson B.,,AHz58q34
FA Cup,4° turno,15.02.2026,Birmingham,Leeds,Rigori,3,Ospite,Rigore,Aaronson B.,,AHz58q34
FA Cup,4° turno,15.02.2026,Birmingham,Leeds,Rigori,4,Casa,Rigore Assegnato,Roberts P.,,AHz58q34
FA Cup,4° turno,15.02.2026,Birmingham,Leeds,Rigori,4,Casa,Rigore sbagliato,Roberts P.,,AHz58q34
FA Cup,4° turno,15.02.2026,Birmingham,Leeds,Rigori,4,Ospite,Rigore Assegnato,Longstaff S.,,AHz58q34
FA Cup,4° turno,15.02.2026,Birmingham,Leeds,Rigori,4,Ospite,Rigore,Longstaff S.,,AHz58q34
FA Cup,4° turno,15.02.2026,Grimsby,Wolves,1 Tempo,29',Ospite,Cartellino Giallo,Mosquera Y.,,0KhC2EWr
FA Cup,4° turno,15.02.2026,Grimsby,Wolves,1 Tempo,34',Casa,Cartellino Giallo,McJannet C.,,0KhC2EWr
FA Cup,4° turno,15.02.2026,Grimsby,Wolves,1 Tempo,36',Ospite,Cartellino Giallo,Andre,,0KhC2EWr
FA Cup,4° turno,15.02.2026,Grimsby,Wolves,2 Tempo,46',Casa,Cartellino Giallo,Kabia J.,,0KhC2EWr
FA Cup,4° turno,15.02.2026,Grimsby,Wolves,2 Tempo,57',Casa,Sostituzione - Esce,Walker J.,,0KhC2EWr
FA Cup,4° turno,15.02.2026,Grimsby,Wolves,2 Tempo,57',Casa,Sostituzione - Entra,Green K.,,0KhC2EWr
FA Cup,4° turno,15.02.2026,Grimsby,Wolves,2 Tempo,57',Casa,Sostituzione - Esce,Kabia J.,,0KhC2EWr
FA Cup,4° turno,15.02.2026,Grimsby,Wolves,2 Tempo,57',Casa,Sostituzione - Entra,Cook A.,,0KhC2EWr
FA Cup,4° turno,15.02.2026,Grimsby,Wolves,2 Tempo,60',Ospite,Gol,Bueno S.,0-1,0KhC2EWr
FA Cup,4° turno,15.02.2026,Grimsby,Wolves,2 Tempo,60',Ospite,Assist,Joao Gomes,0-1,0KhC2EWr
FA Cup,4° turno,15.02.2026,Grimsby,Wolves,2 Tempo,74',Casa,Sostituzione - Esce,Vernam C.,,0KhC2EWr
FA Cup,4° turno,15.02.2026,Grimsby,Wolves,2 Tempo,74',Casa,Sostituzione - Entra,Sellars-Fleming T.,,0KhC2EWr
FA Cup,4° turno,15.02.2026,Grimsby,Wolves,2 Tempo,75',Casa,Sostituzione - Esce,Sweeney J.,,0KhC2EWr
FA Cup,4° turno,15.02.2026,Grimsby,Wolves,2 Tempo,75',Casa,Sostituzione - Entra,Staunton R.,,0KhC2EWr
FA Cup,4° turno,15.02.2026,Grimsby,Wolves,2 Tempo,83',Casa,Sostituzione - Esce,Burns D.,,0KhC2EWr
FA Cup,4° turno,15.02.2026,Grimsby,Wolves,2 Tempo,83',Casa,Sostituzione - Entra,Amaluzor J.,,0KhC2EWr
FA Cup,4° turno,15.02.2026,Grimsby,Wolves,2 Tempo,89',Ospite,Sostituzione - Esce,Andre,,0KhC2EWr
FA Cup,4° turno,15.02.2026,Grimsby,Wolves,2 Tempo,89',Ospite,Sostituzione - Entra,Bellegarde J.,,0KhC2EWr
FA Cup,4° turno,15.02.2026,Grimsby,Wolves,2 Tempo,90+3',Casa,Cartellino Giallo,Artell D.,,0KhC2EWr
FA Cup,4° turno,15.02.2026,Grimsby,Wolves,2 Tempo,90+3',Casa,Non Dal Campo,Artell D.,,0KhC2EWr
FA Cup,4° turno,15.02.2026,Oxford Utd,Sunderland,1 Tempo,32',Ospite,Rigore Assegnato,Diarra H.,0-1,dnnL0h1e
FA Cup,4° turno,15.02.2026,Oxford Utd,Sunderland,1 Tempo,32',Ospite,Rigore,Diarra H.,0-1,dnnL0h1e
FA Cup,4° turno,15.02.2026,Oxford Utd,Sunderland,1 Tempo,33',Ospite,Cartellino Giallo,Le Fee E.,,dnnL0h1e
FA Cup,4° turno,15.02.2026,Oxford Utd,Sunderland,1 Tempo,36',Ospite,Cartellino Giallo,Hume T.,,dnnL0h1e
FA Cup,4° turno,15.02.2026,Oxford Utd,Sunderland,1 Tempo,40',Casa,Cartellino Giallo,Vaulks W.,,dnnL0h1e
FA Cup,4° turno,15.02.2026,Oxford Utd,Sunderland,2 Tempo,50',Ospite,Cartellino Giallo,Isidor W.,,dnnL0h1e
FA Cup,4° turno,15.02.2026,Oxford Utd,Sunderland,2 Tempo,61',Casa,Cartellino Giallo,Brannagan C.,,dnnL0h1e
FA Cup,4° turno,15.02.2026,Oxford Utd,Sunderland,2 Tempo,64',Ospite,Sostituzione - Esce,Isidor W.,,dnnL0h1e
FA Cup,4° turno,15.02.2026,Oxford Utd,Sunderland,2 Tempo,64',Ospite,Sostituzione - Entra,Mayenda E.,,dnnL0h1e
FA Cup,4° turno,15.02.2026,Oxford Utd,Sunderland,2 Tempo,64',Ospite,Sostituzione - Esce,Diarra H.,,dnnL0h1e
FA Cup,4° turno,15.02.2026,Oxford Utd,Sunderland,2 Tempo,64',Ospite,Sostituzione - Entra,Sadiki N.,,dnnL0h1e
FA Cup,4° turno,15.02.2026,Oxford Utd,Sunderland,2 Tempo,65',Casa,Sostituzione - Esce,Brannagan C.,,dnnL0h1e
FA Cup,4° turno,15.02.2026,Oxford Utd,Sunderland,2 Tempo,65',Casa,Sostituzione - Entra,McDonnell J.,,dnnL0h1e
FA Cup,4° turno,15.02.2026,Oxford Utd,Sunderland,2 Tempo,65',Casa,Sostituzione - Esce,Jeon Jin-Woo,,dnnL0h1e
FA Cup,4° turno,15.02.2026,Oxford Utd,Sunderland,2 Tempo,65',Casa,Sostituzione - Entra,Emakhu A.,,dnnL0h1e
FA Cup,4° turno,15.02.2026,Oxford Utd,Sunderland,2 Tempo,65',Casa,Sostituzione - Esce,Donley J.,,dnnL0h1e
FA Cup,4° turno,15.02.2026,Oxford Utd,Sunderland,2 Tempo,65',Casa,Sostituzione - Entra,ter Haar Romeny O.,,dnnL0h1e
FA Cup,4° turno,15.02.2026,Oxford Utd,Sunderland,2 Tempo,68',Ospite,Cartellino Giallo,O'Nien L.,,dnnL0h1e
FA Cup,4° turno,15.02.2026,Oxford Utd,Sunderland,2 Tempo,75',Casa,Cartellino Giallo,Bloomfield M.,,dnnL0h1e
FA Cup,4° turno,15.02.2026,Oxford Utd,Sunderland,2 Tempo,75',Casa,Non Dal Campo,Bloomfield M.,,dnnL0h1e
FA Cup,4° turno,15.02.2026,Oxford Utd,Sunderland,2 Tempo,81',Ospite,Sostituzione - Esce,Talbi C.,,dnnL0h1e
FA Cup,4° turno,15.02.2026,Oxford Utd,Sunderland,2 Tempo,81',Ospite,Sostituzione - Entra,Ta Bi J.,,dnnL0h1e
FA Cup,4° turno,15.02.2026,Oxford Utd,Sunderland,2 Tempo,82',Casa,Sostituzione - Esce,Currie J.,,dnnL0h1e
FA Cup,4° turno,15.02.2026,Oxford Utd,Sunderland,2 Tempo,82',Casa,Sostituzione - Entra,Roosken R.,,dnnL0h1e
FA Cup,4° turno,15.02.2026,Oxford Utd,Sunderland,2 Tempo,82',Casa,Sostituzione - Esce,Mills S.,,dnnL0h1e
FA Cup,4° turno,15.02.2026,Oxford Utd,Sunderland,2 Tempo,82',Casa,Sostituzione - Entra,Placheta P.,,dnnL0h1e
FA Cup,4° turno,15.02.2026,Oxford Utd,Sunderland,2 Tempo,90+3',Ospite,Cartellino Giallo,Sadiki N.,,dnnL0h1e
FA Cup,4° turno,15.02.2026,Stoke,Fulham,1 Tempo,19',Casa,Gol,Bae Jun-Ho,1-0,WOQNKDhR
FA Cup,4° turno,15.02.2026,Stoke,Fulham,1 Tempo,19',Casa,Assist,Bocat E.,1-0,WOQNKDhR
FA Cup,4° turno,15.02.2026,Stoke,Fulham,1 Tempo,45+1',Ospite,Cartellino Giallo,Castagne T.,,WOQNKDhR
FA Cup,4° turno,15.02.2026,Stoke,Fulham,2 Tempo,55',Ospite,Gol,Kevin,1-1,WOQNKDhR
FA Cup,4° turno,15.02.2026,Stoke,Fulham,2 Tempo,74',Casa,Cartellino Giallo,Bae Jun-Ho,,WOQNKDhR
FA Cup,4° turno,15.02.2026,Stoke,Fulham,2 Tempo,74',Ospite,Cartellino Giallo,Diop I.,,WOQNKDhR
FA Cup,4° turno,15.02.2026,Stoke,Fulham,2 Tempo,77',Ospite,Sostituzione - Esce,King J.,,WOQNKDhR
FA Cup,4° turno,15.02.2026,Stoke,Fulham,2 Tempo,77',Ospite,Sostituzione - Entra,Smith Rowe E.,,WOQNKDhR
FA Cup,4° turno,15.02.2026,Stoke,Fulham,2 Tempo,77',Ospite,Sostituzione - Esce,Rodrigo Muniz,,WOQNKDhR
FA Cup,4° turno,15.02.2026,Stoke,Fulham,2 Tempo,77',Ospite,Sostituzione - Entra,Jimenez R.,,WOQNKDhR
FA Cup,4° turno,15.02.2026,Stoke,Fulham,2 Tempo,78',Casa,Sostituzione - Esce,Rigo T.,,WOQNKDhR
FA Cup,4° turno,15.02.2026,Stoke,Fulham,2 Tempo,78',Casa,Sostituzione - Entra,Pearson B.,,WOQNKDhR
FA Cup,4° turno,15.02.2026,Stoke,Fulham,2 Tempo,78',Casa,Sostituzione - Esce,Smit M.,,WOQNKDhR
FA Cup,4° turno,15.02.2026,Stoke,Fulham,2 Tempo,78',Casa,Sostituzione - Entra,Rak-Sakyi J.,,WOQNKDhR
FA Cup,4° turno,15.02.2026,Stoke,Fulham,2 Tempo,84',Ospite,Gol,Reed H.,1-2,WOQNKDhR
FA Cup,4° turno,15.02.2026,Stoke,Fulham,2 Tempo,86',Ospite,Sostituzione - Esce,Bobb O.,,WOQNKDhR
FA Cup,4° turno,15.02.2026,Stoke,Fulham,2 Tempo,86',Ospite,Sostituzione - Entra,Wilson H.,,WOQNKDhR
FA Cup,4° turno,15.02.2026,Stoke,Fulham,2 Tempo,89',Casa,Sostituzione - Esce,Bocat E.,,WOQNKDhR
FA Cup,4° turno,15.02.2026,Stoke,Fulham,2 Tempo,89',Casa,Sostituzione - Entra,Cresswell A.,,WOQNKDhR
FA Cup,4° turno,15.02.2026,Stoke,Fulham,2 Tempo,89',Casa,Sostituzione - Esce,Bae Jun-Ho,,WOQNKDhR
FA Cup,4° turno,15.02.2026,Stoke,Fulham,2 Tempo,89',Casa,Sostituzione - Entra,Manhoef M.,,WOQNKDhR
FA Cup,4° turno,15.02.2026,Stoke,Fulham,2 Tempo,89',Casa,Sostituzione - Esce,Seko T.,,WOQNKDhR
FA Cup,4° turno,15.02.2026,Stoke,Fulham,2 Tempo,89',Casa,Sostituzione - Entra,N'Zonzi S.,,WOQNKDhR
FA Cup,4° turno,15.02.2026,Stoke,Fulham,2 Tempo,90',Ospite,Sostituzione - Esce,Reed H.,,WOQNKDhR
FA Cup,4° turno,15.02.2026,Stoke,Fulham,2 Tempo,90',Ospite,Sostituzione - Entra,Berge S.,,WOQNKDhR
FA Cup,4° turno,15.02.2026,Arsenal,Wigan,1 Tempo,11',Casa,Gol,Madueke N.,1-0,x4xcA5Yi
FA Cup,4° turno,15.02.2026,Arsenal,Wigan,1 Tempo,11',Casa,Assist,Eze E.,1-0,x4xcA5Yi
FA Cup,4° turno,15.02.2026,Arsenal,Wigan,1 Tempo,18',Casa,Gol,Martinelli G.,2-0,x4xcA5Yi
FA Cup,4° turno,15.02.2026,Arsenal,Wigan,1 Tempo,18',Casa,Assist,Eze E.,2-0,x4xcA5Yi
FA Cup,4° turno,15.02.2026,Arsenal,Wigan,1 Tempo,23',Casa,Autogol,Hunt J.,3-0,x4xcA5Yi
FA Cup,4° turno,15.02.2026,Arsenal,Wigan,1 Tempo,27',Casa,Gol,Gabriel Jesus,4-0,x4xcA5Yi
FA Cup,4° turno,15.02.2026,Arsenal,Wigan,1 Tempo,27',Casa,Assist,Norgaard C.,4-0,x4xcA5Yi
FA Cup,4° turno,15.02.2026,Arsenal,Wigan,1 Tempo,30',Ospite,Sostituzione - Esce,Hunt J.,,x4xcA5Yi
FA Cup,4° turno,15.02.2026,Arsenal,Wigan,1 Tempo,30',Ospite,Sostituzione - Entra,Smith M.,,x4xcA5Yi
FA Cup,4° turno,15.02.2026,Arsenal,Wigan,2 Tempo,46',Casa,Sostituzione - Esce,Saka B.,,x4xcA5Yi
FA Cup,4° turno,15.02.2026,Arsenal,Wigan,2 Tempo,46',Casa,Sostituzione - Entra,Gyökeres V.,,x4xcA5Yi
FA Cup,4° turno,15.02.2026,Arsenal,Wigan,2 Tempo,61',Casa,Sostituzione - Esce,Saliba W.,,x4xcA5Yi
FA Cup,4° turno,15.02.2026,Arsenal,Wigan,2 Tempo,61',Casa,Sostituzione - Entra,Salmon M.,,x4xcA5Yi
FA Cup,4° turno,15.02.2026,Arsenal,Wigan,2 Tempo,62',Casa,Sostituzione - Esce,Madueke N.,,x4xcA5Yi
FA Cup,4° turno,15.02.2026,Arsenal,Wigan,2 Tempo,62',Casa,Sostituzione - Entra,Trossard L.,,x4xcA5Yi
FA Cup,4° turno,15.02.2026,Arsenal,Wigan,2 Tempo,63',Ospite,Sostituzione - Esce,Taylor J.,,x4xcA5Yi
FA Cup,4° turno,15.02.2026,Arsenal,Wigan,2 Tempo,63',Ospite,Sostituzione - Entra,Costelloe D.,,x4xcA5Yi
FA Cup,4° turno,15.02.2026,Arsenal,Wigan,2 Tempo,69',Casa,Cartellino Giallo,Lewis-Skelly M.,,x4xcA5Yi
FA Cup,4° turno,15.02.2026,Arsenal,Wigan,2 Tempo,73',Ospite,Cartellino Giallo,Moxon O.,,x4xcA5Yi
FA Cup,4° turno,15.02.2026,Arsenal,Wigan,2 Tempo,77',Ospite,Sostituzione - Esce,Kerr J.,,x4xcA5Yi
FA Cup,4° turno,15.02.2026,Arsenal,Wigan,2 Tempo,77',Ospite,Sostituzione - Entra,Sessegnon S.,,x4xcA5Yi
FA Cup,4° turno,15.02.2026,Arsenal,Wigan,2 Tempo,77',Ospite,Sostituzione - Esce,Moxon O.,,x4xcA5Yi
FA Cup,4° turno,15.02.2026,Arsenal,Wigan,2 Tempo,77',Ospite,Sostituzione - Entra,Hungbo J.,,x4xcA5Yi
FA Cup,4° turno,15.02.2026,Arsenal,Wigan,2 Tempo,78',Ospite,Sostituzione - Esce,Borges Rodrigues R.,,x4xcA5Yi
FA Cup,4° turno,15.02.2026,Arsenal,Wigan,2 Tempo,78',Ospite,Sostituzione - Entra,Bettoni H.,,x4xcA5Yi
FA Cup,4° turno,15.02.2026,Arsenal,Wigan,2 Tempo,79',Casa,Sostituzione - Esce,White B.,,x4xcA5Yi
FA Cup,4° turno,15.02.2026,Arsenal,Wigan,2 Tempo,79',Casa,Sostituzione - Entra,Zubimendi M.,,x4xcA5Yi
FA Cup,4° turno,15.02.2026,Arsenal,Wigan,2 Tempo,82',Casa,Cartellino Giallo,Norgaard C.,,x4xcA5Yi
FA Cup,4° turno,15.02.2026,Arsenal,Wigan,2 Tempo,83',Ospite,Cartellino Giallo,Aimson W.,,x4xcA5Yi
FA Cup,4° turno,15.02.2026,Arsenal,Wigan,2 Tempo,87',Casa,Sostituzione - Esce,Arrizabalaga K.,,x4xcA5Yi
FA Cup,4° turno,15.02.2026,Arsenal,Wigan,2 Tempo,87',Casa,Sostituzione - Entra,Setford T.,,x4xcA5Yi
FA Cup,4° turno,16.02.2026,Macclesfield,Brentford,1 Tempo,21',Ospite,Cartellino Giallo,Janelt V.,,8SppauQj
FA Cup,4° turno,16.02.2026,Macclesfield,Brentford,2 Tempo,61',Ospite,Sostituzione - Esce,Nelson R.,,8SppauQj
FA Cup,4° turno,16.02.2026,Macclesfield,Brentford,2 Tempo,61',Ospite,Sostituzione - Entra,Lewis-Potter K.,,8SppauQj
FA Cup,4° turno,16.02.2026,Macclesfield,Brentford,2 Tempo,68',Casa,Sostituzione - Esce,Buckley I.,,8SppauQj
FA Cup,4° turno,16.02.2026,Macclesfield,Brentford,2 Tempo,68',Casa,Sostituzione - Entra,Gale J.,,8SppauQj
FA Cup,4° turno,16.02.2026,Macclesfield,Brentford,2 Tempo,70',Ospite,Autogol,Heathcote S.,0-1,8SppauQj
FA Cup,4° turno,16.02.2026,Macclesfield,Brentford,2 Tempo,71',Ospite,Sostituzione - Esce,Furo K.,,8SppauQj
FA Cup,4° turno,16.02.2026,Macclesfield,Brentford,2 Tempo,71',Ospite,Sostituzione - Entra,Ouattara Da.,,8SppauQj
FA Cup,4° turno,16.02.2026,Macclesfield,Brentford,2 Tempo,71',Casa,Sostituzione - Esce,Fensome L.,,8SppauQj
FA Cup,4° turno,16.02.2026,Macclesfield,Brentford,2 Tempo,71',Casa,Sostituzione - Entra,Matheson L.,,8SppauQj
FA Cup,4° turno,16.02.2026,Macclesfield,Brentford,2 Tempo,75',Casa,Cartellino Giallo,Edmondson J.,,8SppauQj
FA Cup,4° turno,16.02.2026,Macclesfield,Brentford,2 Tempo,77',Ospite,Cartellino Giallo,Yarmolyuk Y.,,8SppauQj
FA Cup,4° turno,16.02.2026,Macclesfield,Brentford,2 Tempo,84',Casa,Cartellino Giallo,Dawson P.,,8SppauQj
FA Cup,4° turno,16.02.2026,Macclesfield,Brentford,2 Tempo,85',Casa,Sostituzione - Esce,Osborne E.,,8SppauQj
FA Cup,4° turno,16.02.2026,Macclesfield,Brentford,2 Tempo,85',Casa,Sostituzione - Entra,Johnson J.,,8SppauQj
FA Cup,4° turno,16.02.2026,Macclesfield,Brentford,2 Tempo,90+4',Ospite,Sostituzione - Esce,Donovan R.,,8SppauQj
FA Cup,4° turno,16.02.2026,Macclesfield,Brentford,2 Tempo,90+4',Ospite,Sostituzione - Entra,Bentt L.,,8SppauQj
FA Cup,4° turno,03.03.2026,Port Vale,Bristol City,1 Tempo,13',Ospite,Cartellino Giallo,Pring C.,,MefAn2to
FA Cup,4° turno,03.03.2026,Port Vale,Bristol City,1 Tempo,37',Casa,Cartellino Giallo,Lawrence-Gabriel J.,,MefAn2to
FA Cup,4° turno,03.03.2026,Port Vale,Bristol City,2 Tempo,46',Ospite,Sostituzione - Esce,McCrorie R.,,MefAn2to
FA Cup,4° turno,03.03.2026,Port Vale,Bristol City,2 Tempo,46',Ospite,Sostituzione - Entra,Tanner G.,,MefAn2to
FA Cup,4° turno,03.03.2026,Port Vale,Bristol City,2 Tempo,48',Casa,Cartellino Giallo,Walters R.,,MefAn2to
FA Cup,4° turno,03.03.2026,Port Vale,Bristol City,2 Tempo,61',Ospite,Sostituzione - Esce,Bird M.,,MefAn2to
FA Cup,4° turno,03.03.2026,Port Vale,Bristol City,2 Tempo,61',Ospite,Sostituzione - Entra,Knight J.,,MefAn2to
FA Cup,4° turno,03.03.2026,Port Vale,Bristol City,2 Tempo,61',Ospite,Sostituzione - Esce,Burgzorg D.,,MefAn2to
FA Cup,4° turno,03.03.2026,Port Vale,Bristol City,2 Tempo,61',Ospite,Sostituzione - Entra,Horvat T.,,MefAn2to
FA Cup,4° turno,03.03.2026,Port Vale,Bristol City,2 Tempo,63',Casa,Sostituzione - Esce,Sherif M.,,MefAn2to
FA Cup,4° turno,03.03.2026,Port Vale,Bristol City,2 Tempo,63',Casa,Sostituzione - Entra,Gray A.,,MefAn2to
FA Cup,4° turno,03.03.2026,Port Vale,Bristol City,2 Tempo,63',Casa,Sostituzione - Esce,Gordon L.,,MefAn2to
FA Cup,4° turno,03.03.2026,Port Vale,Bristol City,2 Tempo,63',Casa,Sostituzione - Entra,Headley J.,,MefAn2to
FA Cup,4° turno,03.03.2026,Port Vale,Bristol City,2 Tempo,64',Casa,Sostituzione - Esce,Lawrence-Gabriel J.,,MefAn2to
FA Cup,4° turno,03.03.2026,Port Vale,Bristol City,2 Tempo,64',Casa,Sostituzione - Entra,Kyle John,,MefAn2to
FA Cup,4° turno,03.03.2026,Port Vale,Bristol City,2 Tempo,65',Casa,Cartellino Giallo,Kyle John,,MefAn2to
FA Cup,4° turno,03.03.2026,Port Vale,Bristol City,2 Tempo,78',Ospite,Sostituzione - Esce,Armstrong S.,,MefAn2to
FA Cup,4° turno,03.03.2026,Port Vale,Bristol City,2 Tempo,78',Ospite,Sostituzione - Entra,Riis E.,,MefAn2to
FA Cup,4° turno,03.03.2026,Port Vale,Bristol City,2 Tempo,80',Casa,Sostituzione - Esce,Archer E.,,MefAn2to
FA Cup,4° turno,03.03.2026,Port Vale,Bristol City,2 Tempo,80',Casa,Sostituzione - Entra,Hernandez O.,,MefAn2to
FA Cup,4° turno,03.03.2026,Port Vale,Bristol City,2 Tempo,82',Casa,Sostituzione - Esce,Walters R.,,MefAn2to
FA Cup,4° turno,03.03.2026,Port Vale,Bristol City,2 Tempo,82',Casa,Sostituzione - Entra,Ward G.,,MefAn2to
FA Cup,4° turno,03.03.2026,Port Vale,Bristol City,2 Tempo,85',Ospite,Sostituzione - Esce,Naylor S.,,MefAn2to
FA Cup,4° turno,03.03.2026,Port Vale,Bristol City,2 Tempo,85',Ospite,Sostituzione - Entra,Neto Borges,,MefAn2to
FA Cup,4° turno,03.03.2026,Port Vale,Bristol City,Supplementari,94',Ospite,Sostituzione - Esce,Twine S.,,MefAn2to
FA Cup,4° turno,03.03.2026,Port Vale,Bristol City,Supplementari,94',Ospite,Sostituzione - Entra,Sykes M.,,MefAn2to
FA Cup,4° turno,03.03.2026,Port Vale,Bristol City,Supplementari,98',Casa,Sostituzione - Esce,Magloire T.,,MefAn2to
FA Cup,4° turno,03.03.2026,Port Vale,Bristol City,Supplementari,98',Casa,Sostituzione - Entra,Campbell E.,,MefAn2to
FA Cup,4° turno,03.03.2026,Port Vale,Bristol City,Supplementari,103',Casa,Cartellino Giallo,Humphreys C.,,MefAn2to
FA Cup,4° turno,03.03.2026,Port Vale,Bristol City,Supplementari,105',Ospite,Cartellino Giallo,Knight J.,,MefAn2to
FA Cup,4° turno,03.03.2026,Port Vale,Bristol City,Supplementari,112',Casa,Gol,Waine B.,1-0,MefAn2to
FA Cup,4° turno,03.03.2026,Port Vale,Bristol City,Supplementari,112',Casa,Assist,Gray A.,1-0,MefAn2to
FA Cup,4° turno,03.03.2026,Port Vale,Bristol City,Supplementari,120+3',Casa,Cartellino Giallo,Hernandez O.,,MefAn2to
FA Cup,5° turno,06.03.2026,Wolves,Liverpool,1 Tempo,17',Casa,Cartellino Giallo,Bueno S.,,EuLBpXrm
FA Cup,5° turno,06.03.2026,Wolves,Liverpool,2 Tempo,51',Ospite,Gol,Robertson A.,0-1,EuLBpXrm
FA Cup,5° turno,06.03.2026,Wolves,Liverpool,2 Tempo,51',Ospite,Assist,Jones C.,0-1,EuLBpXrm
FA Cup,5° turno,06.03.2026,Wolves,Liverpool,2 Tempo,53',Ospite,Gol,Salah M.,0-2,EuLBpXrm
FA Cup,5° turno,06.03.2026,Wolves,Liverpool,2 Tempo,53',Ospite,Assist,Robertson A.,0-2,EuLBpXrm
FA Cup,5° turno,06.03.2026,Wolves,Liverpool,2 Tempo,61',Casa,Sostituzione - Esce,Gomes A.,,EuLBpXrm
FA Cup,5° turno,06.03.2026,Wolves,Liverpool,2 Tempo,61',Casa,Sostituzione - Entra,Armstrong A.,,EuLBpXrm
FA Cup,5° turno,06.03.2026,Wolves,Liverpool,2 Tempo,69',Ospite,Sostituzione - Esce,Ngumoha R.,,EuLBpXrm
FA Cup,5° turno,06.03.2026,Wolves,Liverpool,2 Tempo,69',Ospite,Sostituzione - Entra,Wirtz F.,,EuLBpXrm
FA Cup,5° turno,06.03.2026,Wolves,Liverpool,2 Tempo,69',Ospite,Sostituzione - Esce,Salah M.,,EuLBpXrm
FA Cup,5° turno,06.03.2026,Wolves,Liverpool,2 Tempo,69',Ospite,Sostituzione - Entra,Frimpong J.,,EuLBpXrm
FA Cup,5° turno,06.03.2026,Wolves,Liverpool,2 Tempo,71',Ospite,Cartellino Giallo,Szoboszlai D.,,EuLBpXrm
FA Cup,5° turno,06.03.2026,Wolves,Liverpool,2 Tempo,74',Ospite,Gol,Jones C.,0-3,EuLBpXrm
FA Cup,5° turno,06.03.2026,Wolves,Liverpool,2 Tempo,74',Ospite,Assist,Gravenberch R.,0-3,EuLBpXrm
FA Cup,5° turno,06.03.2026,Wolves,Liverpool,2 Tempo,75',Casa,Sostituzione - Esce,Toti,,EuLBpXrm
FA Cup,5° turno,06.03.2026,Wolves,Liverpool,2 Tempo,75',Casa,Sostituzione - Entra,Gomes R.,,EuLBpXrm
FA Cup,5° turno,06.03.2026,Wolves,Liverpool,2 Tempo,75',Casa,Sostituzione - Esce,Arokodare T.,,EuLBpXrm
FA Cup,5° turno,06.03.2026,Wolves,Liverpool,2 Tempo,75',Casa,Sostituzione - Entra,Hwang Hee-Chan,,EuLBpXrm
FA Cup,5° turno,06.03.2026,Wolves,Liverpool,2 Tempo,81',Ospite,Sostituzione - Esce,van Dijk V.,,EuLBpXrm
FA Cup,5° turno,06.03.2026,Wolves,Liverpool,2 Tempo,81',Ospite,Sostituzione - Entra,Konate I.,,EuLBpXrm
FA Cup,5° turno,06.03.2026,Wolves,Liverpool,2 Tempo,82',Ospite,Sostituzione - Esce,Mac Allister A.,,EuLBpXrm
FA Cup,5° turno,06.03.2026,Wolves,Liverpool,2 Tempo,82',Ospite,Sostituzione - Entra,Nyoni T.,,EuLBpXrm
FA Cup,5° turno,06.03.2026,Wolves,Liverpool,2 Tempo,86',Ospite,Sostituzione - Esce,Gakpo C.,,EuLBpXrm
FA Cup,5° turno,06.03.2026,Wolves,Liverpool,2 Tempo,86',Ospite,Sostituzione - Entra,Morrison K.,,EuLBpXrm
FA Cup,5° turno,06.03.2026,Wolves,Liverpool,2 Tempo,88',Casa,Sostituzione - Esce,Bueno H.,,EuLBpXrm
FA Cup,5° turno,06.03.2026,Wolves,Liverpool,2 Tempo,88',Casa,Sostituzione - Entra,Wolfe D.,,EuLBpXrm
FA Cup,5° turno,06.03.2026,Wolves,Liverpool,2 Tempo,90+1',Casa,Gol,Hwang Hee-Chan,1-3,EuLBpXrm
FA Cup,5° turno,06.03.2026,Wolves,Liverpool,2 Tempo,90+1',Casa,Assist,Johnstone S.,1-3,EuLBpXrm
FA Cup,5° turno,06.03.2026,Wolves,Liverpool,2 Tempo,90+5',Casa,Cartellino Giallo,Joao Gomes,,EuLBpXrm
FA Cup,5° turno,07.03.2026,Mansfield,Arsenal,1 Tempo,38',Ospite,Sostituzione - Esce,Trossard L.,,nRvZvTCO
FA Cup,5° turno,07.03.2026,Mansfield,Arsenal,1 Tempo,38',Ospite,Sostituzione - Entra,Hincapie P.,,nRvZvTCO
FA Cup,5° turno,07.03.2026,Mansfield,Arsenal,1 Tempo,41',Ospite,Gol,Madueke N.,0-1,nRvZvTCO
FA Cup,5° turno,07.03.2026,Mansfield,Arsenal,1 Tempo,41',Ospite,Assist,Martinelli G.,0-1,nRvZvTCO
FA Cup,5° turno,07.03.2026,Mansfield,Arsenal,2 Tempo,46',Casa,Sostituzione - Esce,Roberts T.,,nRvZvTCO
FA Cup,5° turno,07.03.2026,Mansfield,Arsenal,2 Tempo,46',Casa,Sostituzione - Entra,Evans W.,,nRvZvTCO
FA Cup,5° turno,07.03.2026,Mansfield,Arsenal,2 Tempo,50',Casa,Gol,Evans W.,1-1,nRvZvTCO
FA Cup,5° turno,07.03.2026,Mansfield,Arsenal,2 Tempo,60',Casa,Cartellino Giallo,Reed L.,,nRvZvTCO
FA Cup,5° turno,07.03.2026,Mansfield,Arsenal,2 Tempo,62',Ospite,Sostituzione - Esce,Havertz K.,,nRvZvTCO
FA Cup,5° turno,07.03.2026,Mansfield,Arsenal,2 Tempo,62',Ospite,Sostituzione - Entra,Eze E.,,nRvZvTCO
FA Cup,5° turno,07.03.2026,Mansfield,Arsenal,2 Tempo,62',Ospite,Sostituzione - Esce,Salmon M.,,nRvZvTCO
FA Cup,5° turno,07.03.2026,Mansfield,Arsenal,2 Tempo,62',Ospite,Sostituzione - Entra,Timber J.,,nRvZvTCO
FA Cup,5° turno,07.03.2026,Mansfield,Arsenal,2 Tempo,62',Casa,Sostituzione - Esce,Abbott G.,,nRvZvTCO
FA Cup,5° turno,07.03.2026,Mansfield,Arsenal,2 Tempo,62',Casa,Sostituzione - Entra,Lewis A.,,nRvZvTCO
FA Cup,5° turno,07.03.2026,Mansfield,Arsenal,2 Tempo,66',Ospite,Gol,Eze E.,1-2,nRvZvTCO
FA Cup,5° turno,07.03.2026,Mansfield,Arsenal,2 Tempo,66',Ospite,Assist,Norgaard C.,1-2,nRvZvTCO
FA Cup,5° turno,07.03.2026,Mansfield,Arsenal,2 Tempo,70',Ospite,Cartellino Giallo,Calafiori R.,,nRvZvTCO
FA Cup,5° turno,07.03.2026,Mansfield,Arsenal,2 Tempo,74',Ospite,Cartellino Giallo,Eze E.,,nRvZvTCO
FA Cup,5° turno,07.03.2026,Mansfield,Arsenal,2 Tempo,76',Ospite,Sostituzione - Esce,Calafiori R.,,nRvZvTCO
FA Cup,5° turno,07.03.2026,Mansfield,Arsenal,2 Tempo,76',Ospite,Sostituzione - Entra,Dixon J.,,nRvZvTCO
FA Cup,5° turno,07.03.2026,Mansfield,Arsenal,2 Tempo,77',Ospite,Sostituzione - Esce,Dowman M.,,nRvZvTCO
FA Cup,5° turno,07.03.2026,Mansfield,Arsenal,2 Tempo,77',Ospite,Sostituzione - Entra,Saka B.,,nRvZvTCO
FA Cup,5° turno,07.03.2026,Mansfield,Arsenal,2 Tempo,77',Casa,Cartellino Giallo,Akins L.,,nRvZvTCO
FA Cup,5° turno,07.03.2026,Mansfield,Arsenal,2 Tempo,80',Casa,Cartellino Giallo,McLaughlin S.,,nRvZvTCO
FA Cup,5° turno,07.03.2026,Mansfield,Arsenal,2 Tempo,81',Casa,Sostituzione - Esce,Oates R.,,nRvZvTCO
FA Cup,5° turno,07.03.2026,Mansfield,Arsenal,2 Tempo,81',Casa,Sostituzione - Entra,Adeboyejo V.,,nRvZvTCO
FA Cup,5° turno,07.03.2026,Mansfield,Arsenal,2 Tempo,81',Casa,Sostituzione - Esce,McLaughlin S.,,nRvZvTCO
FA Cup,5° turno,07.03.2026,Mansfield,Arsenal,2 Tempo,81',Casa,Sostituzione - Entra,Irow O.,,nRvZvTCO
FA Cup,5° turno,07.03.2026,Mansfield,Arsenal,2 Tempo,87',Casa,Sostituzione - Esce,Knoyle K.,,nRvZvTCO
FA Cup,5° turno,07.03.2026,Mansfield,Arsenal,2 Tempo,87',Casa,Sostituzione - Entra,Hewitt E.,,nRvZvTCO
FA Cup,5° turno,07.03.2026,Mansfield,Arsenal,2 Tempo,90+2',Casa,Cartellino Giallo,Lewis A.,,nRvZvTCO
FA Cup,5° turno,07.03.2026,Wrexham,Chelsea,1 Tempo,18',Casa,Gol,Smith S.,1-0,fJMRtkrC
FA Cup,5° turno,07.03.2026,Wrexham,Chelsea,1 Tempo,18',Casa,Assist,Doyle C.,1-0,fJMRtkrC
FA Cup,5° turno,07.03.2026,Wrexham,Chelsea,1 Tempo,23',Ospite,Cartellino Giallo,Lavia R.,,fJMRtkrC
FA Cup,5° turno,07.03.2026,Wrexham,Chelsea,1 Tempo,40',Ospite,Autogol,Okonkwo A.,1-1,fJMRtkrC
FA Cup,5° turno,07.03.2026,Wrexham,Chelsea,2 Tempo,58',Ospite,Sostituzione - Esce,Sarr M.,,fJMRtkrC
FA Cup,5° turno,07.03.2026,Wrexham,Chelsea,2 Tempo,58',Ospite,Sostituzione - Entra,Guiu M.,,fJMRtkrC
FA Cup,5° turno,07.03.2026,Wrexham,Chelsea,2 Tempo,65',Ospite,Sostituzione - Esce,Hato J.,,fJMRtkrC
FA Cup,5° turno,07.03.2026,Wrexham,Chelsea,2 Tempo,65',Ospite,Sostituzione - Entra,Cucurella M.,,fJMRtkrC
FA Cup,5° turno,07.03.2026,Wrexham,Chelsea,2 Tempo,65',Ospite,Sostituzione - Esce,Lavia R.,,fJMRtkrC
FA Cup,5° turno,07.03.2026,Wrexham,Chelsea,2 Tempo,65',Ospite,Sostituzione - Entra,Essugo D.,,fJMRtkrC
FA Cup,5° turno,07.03.2026,Wrexham,Chelsea,2 Tempo,66',Casa,Sostituzione - Esce,Smith S.,,fJMRtkrC
FA Cup,5° turno,07.03.2026,Wrexham,Chelsea,2 Tempo,66',Casa,Sostituzione - Entra,Moore K.,,fJMRtkrC
FA Cup,5° turno,07.03.2026,Wrexham,Chelsea,2 Tempo,66',Casa,Sostituzione - Esce,Rathbone O.,,fJMRtkrC
FA Cup,5° turno,07.03.2026,Wrexham,Chelsea,2 Tempo,66',Casa,Sostituzione - Entra,Windass J.,,fJMRtkrC
FA Cup,5° turno,07.03.2026,Wrexham,Chelsea,2 Tempo,76',Casa,Sostituzione - Esce,Vyner Z.,,fJMRtkrC
FA Cup,5° turno,07.03.2026,Wrexham,Chelsea,2 Tempo,76',Casa,Sostituzione - Entra,Broadhead N.,,fJMRtkrC
FA Cup,5° turno,07.03.2026,Wrexham,Chelsea,2 Tempo,78',Casa,Gol,Doyle C.,2-1,fJMRtkrC
FA Cup,5° turno,07.03.2026,Wrexham,Chelsea,2 Tempo,78',Casa,Assist,Windass J.,2-1,fJMRtkrC
FA Cup,5° turno,07.03.2026,Wrexham,Chelsea,2 Tempo,82',Ospite,Gol,Acheampong J.,2-2,fJMRtkrC
FA Cup,5° turno,07.03.2026,Wrexham,Chelsea,2 Tempo,85',Ospite,Sostituzione - Esce,Delap L.,,fJMRtkrC
FA Cup,5° turno,07.03.2026,Wrexham,Chelsea,2 Tempo,85',Ospite,Sostituzione - Entra,Joao Pedro,,fJMRtkrC
FA Cup,5° turno,07.03.2026,Wrexham,Chelsea,2 Tempo,85',Ospite,Sostituzione - Esce,Acheampong J.,,fJMRtkrC
FA Cup,5° turno,07.03.2026,Wrexham,Chelsea,2 Tempo,85',Ospite,Sostituzione - Entra,Gusto M.,,fJMRtkrC
FA Cup,5° turno,07.03.2026,Wrexham,Chelsea,2 Tempo,90',Casa,Sostituzione - Esce,Longman R.,,fJMRtkrC
FA Cup,5° turno,07.03.2026,Wrexham,Chelsea,2 Tempo,90',Casa,Sostituzione - Entra,Barnett R.,,fJMRtkrC
FA Cup,5° turno,07.03.2026,Wrexham,Chelsea,2 Tempo,90+3',Casa,Cartellino Rosso,Dobson G.,,fJMRtkrC
FA Cup,5° turno,07.03.2026,Wrexham,Chelsea,Supplementari,96',Ospite,Gol,Garnacho A.,2-3,fJMRtkrC
FA Cup,5° turno,07.03.2026,Wrexham,Chelsea,Supplementari,96',Ospite,Assist,Essugo D.,2-3,fJMRtkrC
FA Cup,5° turno,07.03.2026,Wrexham,Chelsea,Supplementari,100',Ospite,Sostituzione - Esce,Neto P.,,fJMRtkrC
FA Cup,5° turno,07.03.2026,Wrexham,Chelsea,Supplementari,100',Ospite,Sostituzione - Entra,Derry J.,,fJMRtkrC
FA Cup,5° turno,07.03.2026,Wrexham,Chelsea,Supplementari,101',Casa,Cartellino Giallo,Thomason G.,,fJMRtkrC
FA Cup,5° turno,07.03.2026,Wrexham,Chelsea,Supplementari,106',Casa,Sostituzione - Esce,Doyle C.,,fJMRtkrC
FA Cup,5° turno,07.03.2026,Wrexham,Chelsea,Supplementari,106',Casa,Sostituzione - Entra,Brunt L.,,fJMRtkrC
FA Cup,5° turno,07.03.2026,Wrexham,Chelsea,Supplementari,110',Ospite,Cartellino Giallo,Andrey Santos,,fJMRtkrC
FA Cup,5° turno,07.03.2026,Wrexham,Chelsea,Supplementari,112',Casa,Sostituzione - Esce,Cleworth M.,,fJMRtkrC
FA Cup,5° turno,07.03.2026,Wrexham,Chelsea,Supplementari,112',Casa,Sostituzione - Entra,Keillor-Dunn D.,,fJMRtkrC
FA Cup,5° turno,07.03.2026,Wrexham,Chelsea,Supplementari,120',Casa,Cartellino Giallo,Moore K.,,fJMRtkrC
FA Cup,5° turno,07.03.2026,Wrexham,Chelsea,Supplementari,120',Ospite,Cartellino Giallo,Garnacho A.,,fJMRtkrC
FA Cup,5° turno,07.03.2026,Wrexham,Chelsea,Supplementari,120+5',Ospite,Gol,Joao Pedro,2-4,fJMRtkrC
FA Cup,5° turno,07.03.2026,Wrexham,Chelsea,Supplementari,120+5',Ospite,Assist,Essugo D.,2-4,fJMRtkrC
FA Cup,5° turno,07.03.2026,Newcastle,Manchester City,1 Tempo,18',Casa,Gol,Barnes H.,1-0,2wFraWct
FA Cup,5° turno,07.03.2026,Newcastle,Manchester City,1 Tempo,18',Casa,Assist,Tonali S.,1-0,2wFraWct
FA Cup,5° turno,07.03.2026,Newcastle,Manchester City,1 Tempo,39',Ospite,Gol,Savinho,1-1,2wFraWct
FA Cup,5° turno,07.03.2026,Newcastle,Manchester City,1 Tempo,39',Ospite,Assist,Doku J.,1-1,2wFraWct
FA Cup,5° turno,07.03.2026,Newcastle,Manchester City,2 Tempo,47',Ospite,Gol,Marmoush O.,1-2,2wFraWct
FA Cup,5° turno,07.03.2026,Newcastle,Manchester City,2 Tempo,47',Ospite,Assist,Nunes M.,1-2,2wFraWct
FA Cup,5° turno,07.03.2026,Newcastle,Manchester City,2 Tempo,54',Ospite,Cartellino Giallo,Guardiola P.,,2wFraWct
FA Cup,5° turno,07.03.2026,Newcastle,Manchester City,2 Tempo,54',Ospite,Non Dal Campo,Guardiola P.,,2wFraWct
FA Cup,5° turno,07.03.2026,Newcastle,Manchester City,2 Tempo,62',Casa,Sostituzione - Esce,Elanga A.,,2wFraWct
FA Cup,5° turno,07.03.2026,Newcastle,Manchester City,2 Tempo,62',Casa,Sostituzione - Entra,Joelinton,,2wFraWct
FA Cup,5° turno,07.03.2026,Newcastle,Manchester City,2 Tempo,63',Casa,Sostituzione - Esce,Osula W.,,2wFraWct
FA Cup,5° turno,07.03.2026,Newcastle,Manchester City,2 Tempo,63',Casa,Sostituzione - Entra,Wissa Y.,,2wFraWct
FA Cup,5° turno,07.03.2026,Newcastle,Manchester City,2 Tempo,63',Casa,Sostituzione - Esce,Trippier K.,,2wFraWct
FA Cup,5° turno,07.03.2026,Newcastle,Manchester City,2 Tempo,63',Casa,Sostituzione - Entra,Burn D.,,2wFraWct
FA Cup,5° turno,07.03.2026,Newcastle,Manchester City,2 Tempo,65',Ospite,Gol,Marmoush O.,1-3,2wFraWct
FA Cup,5° turno,07.03.2026,Newcastle,Manchester City,2 Tempo,65',Ospite,Assist,Nunes M.,1-3,2wFraWct
FA Cup,5° turno,07.03.2026,Newcastle,Manchester City,2 Tempo,72',Casa,Sostituzione - Esce,Woltemade N.,,2wFraWct
FA Cup,5° turno,07.03.2026,Newcastle,Manchester City,2 Tempo,72',Casa,Sostituzione - Entra,Gordon A.,,2wFraWct
FA Cup,5° turno,07.03.2026,Newcastle,Manchester City,2 Tempo,73',Ospite,Sostituzione - Esce,Marmoush O.,,2wFraWct
FA Cup,5° turno,07.03.2026,Newcastle,Manchester City,2 Tempo,73',Ospite,Sostituzione - Entra,Semenyo A.,,2wFraWct
FA Cup,5° turno,07.03.2026,Newcastle,Manchester City,2 Tempo,78',Casa,Cartellino Giallo,Joelinton,,2wFraWct
FA Cup,5° turno,07.03.2026,Newcastle,Manchester City,2 Tempo,79',Ospite,Sostituzione - Esce,Doku J.,,2wFraWct
FA Cup,5° turno,07.03.2026,Newcastle,Manchester City,2 Tempo,79',Ospite,Sostituzione - Entra,Foden P.,,2wFraWct
FA Cup,5° turno,07.03.2026,Newcastle,Manchester City,2 Tempo,79',Ospite,Sostituzione - Esce,Savinho,,2wFraWct
FA Cup,5° turno,07.03.2026,Newcastle,Manchester City,2 Tempo,79',Ospite,Sostituzione - Entra,Cherki R.,,2wFraWct
FA Cup,5° turno,07.03.2026,Newcastle,Manchester City,2 Tempo,80',Casa,Sostituzione - Esce,Hall L.,,2wFraWct
FA Cup,5° turno,07.03.2026,Newcastle,Manchester City,2 Tempo,80',Casa,Sostituzione - Entra,Livramento V.,,2wFraWct
FA Cup,5° turno,07.03.2026,Newcastle,Manchester City,2 Tempo,90',Casa,Cartellino Giallo,Wissa Y.,,2wFraWct
FA Cup,5° turno,08.03.2026,Fulham,Southampton,2 Tempo,62',Casa,Cartellino Giallo,Cuenca J.,,ngJJrBDa
FA Cup,5° turno,08.03.2026,Fulham,Southampton,2 Tempo,65',Casa,Sostituzione - Esce,Cairney T.,,ngJJrBDa
FA Cup,5° turno,08.03.2026,Fulham,Southampton,2 Tempo,65',Casa,Sostituzione - Entra,Iwobi A.,,ngJJrBDa
FA Cup,5° turno,08.03.2026,Fulham,Southampton,2 Tempo,71',Ospite,Sostituzione - Esce,Jander C.,,ngJJrBDa
FA Cup,5° turno,08.03.2026,Fulham,Southampton,2 Tempo,71',Ospite,Sostituzione - Entra,Bragg C.,,ngJJrBDa
FA Cup,5° turno,08.03.2026,Fulham,Southampton,2 Tempo,71',Ospite,Sostituzione - Esce,Larin C.,,ngJJrBDa
FA Cup,5° turno,08.03.2026,Fulham,Southampton,2 Tempo,71',Ospite,Sostituzione - Entra,Stewart R.,,ngJJrBDa
FA Cup,5° turno,08.03.2026,Fulham,Southampton,2 Tempo,73',Ospite,Cartellino Giallo,Downes F.,,ngJJrBDa
FA Cup,5° turno,08.03.2026,Fulham,Southampton,2 Tempo,82',Ospite,Sostituzione - Esce,Scienza L.,,ngJJrBDa
FA Cup,5° turno,08.03.2026,Fulham,Southampton,2 Tempo,82',Ospite,Sostituzione - Entra,Edozie S.,,ngJJrBDa
FA Cup,5° turno,08.03.2026,Fulham,Southampton,2 Tempo,82',Ospite,Sostituzione - Esce,Fellows T.,,ngJJrBDa
FA Cup,5° turno,08.03.2026,Fulham,Southampton,2 Tempo,82',Ospite,Sostituzione - Entra,Matsuki K.,,ngJJrBDa
FA Cup,5° turno,08.03.2026,Fulham,Southampton,2 Tempo,89',Casa,Sostituzione - Esce,Smith Rowe E.,,ngJJrBDa
FA Cup,5° turno,08.03.2026,Fulham,Southampton,2 Tempo,89',Casa,Sostituzione - Entra,King J.,,ngJJrBDa
FA Cup,5° turno,08.03.2026,Fulham,Southampton,2 Tempo,90+1',Ospite,Rigore Assegnato,Stewart R.,0-1,ngJJrBDa
FA Cup,5° turno,08.03.2026,Fulham,Southampton,2 Tempo,90+1',Ospite,Rigore,Stewart R.,0-1,ngJJrBDa
FA Cup,5° turno,08.03.2026,Fulham,Southampton,2 Tempo,90+2',Casa,Sostituzione - Esce,Reed H.,,ngJJrBDa
FA Cup,5° turno,08.03.2026,Fulham,Southampton,2 Tempo,90+2',Casa,Sostituzione - Entra,Jimenez R.,,ngJJrBDa
FA Cup,5° turno,08.03.2026,Fulham,Southampton,2 Tempo,90+3',Ospite,Cartellino Giallo,Azaz F.,,ngJJrBDa
FA Cup,5° turno,08.03.2026,Fulham,Southampton,2 Tempo,90+6',Ospite,Cartellino Giallo,Matsuki K.,,ngJJrBDa
FA Cup,5° turno,08.03.2026,Fulham,Southampton,2 Tempo,90+8',Casa,Cartellino Giallo,Chukwueze S.,,ngJJrBDa
FA Cup,5° turno,08.03.2026,Port Vale,Sunderland,1 Tempo,28',Casa,Gol,Waine B.,1-0,O2KqbRse
FA Cup,5° turno,08.03.2026,Port Vale,Sunderland,1 Tempo,28',Casa,Assist,Brown D.,1-0,O2KqbRse
FA Cup,5° turno,08.03.2026,Port Vale,Sunderland,1 Tempo,30',Casa,Cartellino Giallo,Brown D.,,O2KqbRse
FA Cup,5° turno,08.03.2026,Port Vale,Sunderland,2 Tempo,46',Casa,Sostituzione - Esce,Humphreys C.,,O2KqbRse
FA Cup,5° turno,08.03.2026,Port Vale,Sunderland,2 Tempo,46',Casa,Sostituzione - Entra,Magloire T.,,O2KqbRse
FA Cup,5° turno,08.03.2026,Port Vale,Sunderland,2 Tempo,54',Casa,Cartellino Giallo,Waine B.,,O2KqbRse
FA Cup,5° turno,08.03.2026,Port Vale,Sunderland,2 Tempo,57',Casa,Sostituzione - Esce,Archer E.,,O2KqbRse
FA Cup,5° turno,08.03.2026,Port Vale,Sunderland,2 Tempo,57',Casa,Sostituzione - Entra,Hall G.,,O2KqbRse
FA Cup,5° turno,08.03.2026,Port Vale,Sunderland,2 Tempo,57',Casa,Sostituzione - Esce,Brown D.,,O2KqbRse
FA Cup,5° turno,08.03.2026,Port Vale,Sunderland,2 Tempo,57',Casa,Sostituzione - Entra,Gray A.,,O2KqbRse
FA Cup,5° turno,08.03.2026,Port Vale,Sunderland,2 Tempo,61',Ospite,Cartellino Giallo,Ellborg M.,,O2KqbRse
FA Cup,5° turno,08.03.2026,Port Vale,Sunderland,2 Tempo,63',Casa,Cartellino Giallo,Brady J.,,O2KqbRse
FA Cup,5° turno,08.03.2026,Port Vale,Sunderland,2 Tempo,63',Casa,Non Dal Campo,Brady J.,,O2KqbRse
FA Cup,5° turno,08.03.2026,Port Vale,Sunderland,2 Tempo,68',Ospite,Sostituzione - Esce,Talbi C.,,O2KqbRse
FA Cup,5° turno,08.03.2026,Port Vale,Sunderland,2 Tempo,68',Ospite,Sostituzione - Entra,Isidor W.,,O2KqbRse
FA Cup,5° turno,08.03.2026,Port Vale,Sunderland,2 Tempo,81',Casa,Sostituzione - Esce,Gordon L.,,O2KqbRse
FA Cup,5° turno,08.03.2026,Port Vale,Sunderland,2 Tempo,81',Casa,Sostituzione - Entra,Campbell E.,,O2KqbRse
FA Cup,5° turno,08.03.2026,Port Vale,Sunderland,2 Tempo,83',Ospite,Sostituzione - Esce,Rigg C.,,O2KqbRse
FA Cup,5° turno,08.03.2026,Port Vale,Sunderland,2 Tempo,83',Ospite,Sostituzione - Entra,Xhaka G.,,O2KqbRse
FA Cup,5° turno,08.03.2026,Port Vale,Sunderland,2 Tempo,88',Casa,Sostituzione - Esce,Waine B.,,O2KqbRse
FA Cup,5° turno,08.03.2026,Port Vale,Sunderland,2 Tempo,88',Casa,Sostituzione - Entra,Ward G.,,O2KqbRse
FA Cup,5° turno,08.03.2026,Leeds,Norwich,1 Tempo,25',Ospite,Cartellino Giallo,Ahmed A.,,rcUujgLP
FA Cup,5° turno,08.03.2026,Leeds,Norwich,1 Tempo,32',Casa,Gol,Longstaff S.,1-0,rcUujgLP
FA Cup,5° turno,08.03.2026,Leeds,Norwich,1 Tempo,32',Casa,Assist,Gudmundsson G.,1-0,rcUujgLP
FA Cup,5° turno,08.03.2026,Leeds,Norwich,1 Tempo,39',Casa,Cartellino Giallo,Longstaff S.,,rcUujgLP
FA Cup,5° turno,08.03.2026,Leeds,Norwich,1 Tempo,41',Ospite,Cartellino Giallo,Cordoba J.,,rcUujgLP
FA Cup,5° turno,08.03.2026,Leeds,Norwich,1 Tempo,43',Casa,Gol,Gudmundsson G.,2-0,rcUujgLP
FA Cup,5° turno,08.03.2026,Leeds,Norwich,2 Tempo,46',Ospite,Sostituzione - Esce,Grimshaw D.,,rcUujgLP
FA Cup,5° turno,08.03.2026,Leeds,Norwich,2 Tempo,46',Ospite,Sostituzione - Entra,Kovacevic V.,,rcUujgLP
FA Cup,5° turno,08.03.2026,Leeds,Norwich,2 Tempo,46',Casa,Sostituzione - Esce,Bornauw S.,,rcUujgLP
FA Cup,5° turno,08.03.2026,Leeds,Norwich,2 Tempo,46',Casa,Sostituzione - Entra,Justin J.,,rcUujgLP
FA Cup,5° turno,08.03.2026,Leeds,Norwich,2 Tempo,59',Casa,Cartellino Giallo,Tanaka A.,,rcUujgLP
FA Cup,5° turno,08.03.2026,Leeds,Norwich,2 Tempo,62',Ospite,Sostituzione - Esce,Gibbs L.,,rcUujgLP
FA Cup,5° turno,08.03.2026,Leeds,Norwich,2 Tempo,62',Ospite,Sostituzione - Entra,Stacey J.,,rcUujgLP
FA Cup,5° turno,08.03.2026,Leeds,Norwich,2 Tempo,63',Ospite,Sostituzione - Esce,Maghoma P.,,rcUujgLP
FA Cup,5° turno,08.03.2026,Leeds,Norwich,2 Tempo,63',Ospite,Sostituzione - Entra,Slimane A.,,rcUujgLP
FA Cup,5° turno,08.03.2026,Leeds,Norwich,2 Tempo,63',Ospite,Sostituzione - Esce,Kvistgaarden M.,,rcUujgLP
FA Cup,5° turno,08.03.2026,Leeds,Norwich,2 Tempo,63',Ospite,Sostituzione - Entra,Mundle Smith E.,,rcUujgLP
FA Cup,5° turno,08.03.2026,Leeds,Norwich,2 Tempo,70',Casa,Sostituzione - Esce,Longstaff S.,,rcUujgLP
FA Cup,5° turno,08.03.2026,Leeds,Norwich,2 Tempo,70',Casa,Sostituzione - Entra,Struijk P.,,rcUujgLP
FA Cup,5° turno,08.03.2026,Leeds,Norwich,2 Tempo,70',Casa,Sostituzione - Esce,James D.,,rcUujgLP
FA Cup,5° turno,08.03.2026,Leeds,Norwich,2 Tempo,70',Casa,Sostituzione - Entra,Bogle J.,,rcUujgLP
FA Cup,5° turno,08.03.2026,Leeds,Norwich,2 Tempo,70',Casa,Sostituzione - Esce,Tanaka A.,,rcUujgLP
FA Cup,5° turno,08.03.2026,Leeds,Norwich,2 Tempo,70',Casa,Sostituzione - Entra,Stach A.,,rcUujgLP
FA Cup,5° turno,08.03.2026,Leeds,Norwich,2 Tempo,82',Ospite,Sostituzione - Esce,Ahmed A.,,rcUujgLP
FA Cup,5° turno,08.03.2026,Leeds,Norwich,2 Tempo,82',Ospite,Sostituzione - Entra,Forson A.,,rcUujgLP
FA Cup,5° turno,08.03.2026,Leeds,Norwich,2 Tempo,85',Casa,Gol,Piroe J.,3-0,rcUujgLP
FA Cup,5° turno,08.03.2026,Leeds,Norwich,2 Tempo,85',Casa,Assist,Nmecha L.,3-0,rcUujgLP
FA Cup,5° turno,08.03.2026,Leeds,Norwich,2 Tempo,87',Casa,Sostituzione - Esce,Gudmundsson G.,,rcUujgLP
FA Cup,5° turno,08.03.2026,Leeds,Norwich,2 Tempo,87',Casa,Sostituzione - Entra,Byram S.,,rcUujgLP
FA Cup,5° turno,08.03.2026,Leeds,Norwich,2 Tempo,90+3',Ospite,Cartellino Giallo,Fisher K.,,rcUujgLP
FA Cup,5° turno,09.03.2026,West Ham,Brentford,1 Tempo,19',Casa,Gol,Bowen J.,1-0,ny8tqO15
FA Cup,5° turno,09.03.2026,West Ham,Brentford,1 Tempo,28',Ospite,Gol,Thiago I.,1-1,ny8tqO15
FA Cup,5° turno,09.03.2026,West Ham,Brentford,1 Tempo,28',Ospite,Assist,Collins N.,1-1,ny8tqO15
FA Cup,5° turno,09.03.2026,West Ham,Brentford,1 Tempo,34',Casa,Rigore Assegnato,Bowen J.,2-1,ny8tqO15
FA Cup,5° turno,09.03.2026,West Ham,Brentford,1 Tempo,34',Casa,Rigore,Bowen J.,2-1,ny8tqO15
FA Cup,5° turno,09.03.2026,West Ham,Brentford,2 Tempo,46',Casa,Sostituzione - Esce,Traore A.,,ny8tqO15
FA Cup,5° turno,09.03.2026,West Ham,Brentford,2 Tempo,46',Casa,Sostituzione - Entra,Summerville C.,,ny8tqO15
FA Cup,5° turno,09.03.2026,West Ham,Brentford,2 Tempo,46',Casa,Sostituzione - Esce,Scarles O.,,ny8tqO15
FA Cup,5° turno,09.03.2026,West Ham,Brentford,2 Tempo,46',Casa,Sostituzione - Entra,Mayers E.,,ny8tqO15
FA Cup,5° turno,09.03.2026,West Ham,Brentford,2 Tempo,60',Casa,Sostituzione - Esce,Pablo,,ny8tqO15
FA Cup,5° turno,09.03.2026,West Ham,Brentford,2 Tempo,60',Casa,Sostituzione - Entra,Castellanos T.,,ny8tqO15
FA Cup,5° turno,09.03.2026,West Ham,Brentford,2 Tempo,63',Ospite,Sostituzione - Esce,Yarmolyuk Y.,,ny8tqO15
FA Cup,5° turno,09.03.2026,West Ham,Brentford,2 Tempo,63',Ospite,Sostituzione - Entra,Jensen M.,,ny8tqO15
FA Cup,5° turno,09.03.2026,West Ham,Brentford,2 Tempo,76',Casa,Sostituzione - Esce,Kante M.,,ny8tqO15
FA Cup,5° turno,09.03.2026,West Ham,Brentford,2 Tempo,76',Casa,Sostituzione - Entra,Magassa S.,,ny8tqO15
FA Cup,5° turno,09.03.2026,West Ham,Brentford,2 Tempo,80',Casa,Cartellino Giallo,Summerville C.,,ny8tqO15
FA Cup,5° turno,09.03.2026,West Ham,Brentford,2 Tempo,81',Ospite,Rigore Assegnato,Thiago I.,2-2,ny8tqO15
FA Cup,5° turno,09.03.2026,West Ham,Brentford,2 Tempo,81',Ospite,Rigore,Thiago I.,2-2,ny8tqO15
FA Cup,5° turno,09.03.2026,West Ham,Brentford,2 Tempo,87',Ospite,Sostituzione - Esce,Damsgaard M.,,ny8tqO15
FA Cup,5° turno,09.03.2026,West Ham,Brentford,2 Tempo,87',Ospite,Sostituzione - Entra,Donovan R.,,ny8tqO15
FA Cup,5° turno,09.03.2026,West Ham,Brentford,2 Tempo,89',Casa,Cartellino Giallo,Soucek T.,,ny8tqO15
FA Cup,5° turno,09.03.2026,West Ham,Brentford,Supplementari,91',Casa,Sostituzione - Esce,Walker-Peters K.,,ny8tqO15
FA Cup,5° turno,09.03.2026,West Ham,Brentford,Supplementari,91',Casa,Sostituzione - Entra,Wan-Bissaka A.,,ny8tqO15
FA Cup,5° turno,09.03.2026,West Ham,Brentford,Supplementari,97',Ospite,Sostituzione - Esce,Ajer K.,,ny8tqO15
FA Cup,5° turno,09.03.2026,West Ham,Brentford,Supplementari,97',Ospite,Sostituzione - Entra,van den Berg S.,,ny8tqO15
FA Cup,5° turno,09.03.2026,West Ham,Brentford,Supplementari,106',Casa,Sostituzione - Esce,Fernandes M.,,ny8tqO15
FA Cup,5° turno,09.03.2026,West Ham,Brentford,Supplementari,106',Casa,Sostituzione - Entra,Wilson C.,,ny8tqO15
FA Cup,5° turno,09.03.2026,West Ham,Brentford,Supplementari,106',Ospite,Sostituzione - Esce,Schade K.,,ny8tqO15
FA Cup,5° turno,09.03.2026,West Ham,Brentford,Supplementari,106',Ospite,Sostituzione - Entra,Furo K.,,ny8tqO15
FA Cup,5° turno,09.03.2026,West Ham,Brentford,Rigori,1,Casa,Rigore Assegnato,Bowen J.,,ny8tqO15
FA Cup,5° turno,09.03.2026,West Ham,Brentford,Rigori,1,Casa,Rigore,Bowen J.,,ny8tqO15
FA Cup,5° turno,09.03.2026,West Ham,Brentford,Rigori,1,Ospite,Rigore Assegnato,Thiago I.,,ny8tqO15
FA Cup,5° turno,09.03.2026,West Ham,Brentford,Rigori,1,Ospite,Rigore,Thiago I.,,ny8tqO15
FA Cup,5° turno,09.03.2026,West Ham,Brentford,Rigori,2,Casa,Rigore Assegnato,Castellanos T.,,ny8tqO15
FA Cup,5° turno,09.03.2026,West Ham,Brentford,Rigori,2,Casa,Rigore,Castellanos T.,,ny8tqO15
FA Cup,5° turno,09.03.2026,West Ham,Brentford,Rigori,2,Ospite,Rigore Assegnato,Ouattara Da.,,ny8tqO15
FA Cup,5° turno,09.03.2026,West Ham,Brentford,Rigori,2,Ospite,Rigore sbagliato,Ouattara Da.,,ny8tqO15
FA Cup,5° turno,09.03.2026,West Ham,Brentford,Rigori,3,Casa,Rigore Assegnato,Wilson C.,,ny8tqO15
FA Cup,5° turno,09.03.2026,West Ham,Brentford,Rigori,3,Casa,Rigore,Wilson C.,,ny8tqO15
FA Cup,5° turno,09.03.2026,West Ham,Brentford,Rigori,3,Ospite,Rigore Assegnato,Lewis-Potter K.,,ny8tqO15
FA Cup,5° turno,09.03.2026,West Ham,Brentford,Rigori,3,Ospite,Rigore,Lewis-Potter K.,,ny8tqO15
FA Cup,5° turno,09.03.2026,West Ham,Brentford,Rigori,4,Casa,Rigore Assegnato,Soucek T.,,ny8tqO15
FA Cup,5° turno,09.03.2026,West Ham,Brentford,Rigori,4,Casa,Rigore,Soucek T.,,ny8tqO15
FA Cup,5° turno,09.03.2026,West Ham,Brentford,Rigori,4,Ospite,Rigore Assegnato,Jensen M.,,ny8tqO15
FA Cup,5° turno,09.03.2026,West Ham,Brentford,Rigori,4,Ospite,Rigore,Jensen M.,,ny8tqO15
FA Cup,5° turno,09.03.2026,West Ham,Brentford,Rigori,5,Casa,Rigore Assegnato,Mavropanos K.,,ny8tqO15
FA Cup,5° turno,09.03.2026,West Ham,Brentford,Rigori,5,Casa,Rigore,Mavropanos K.,,ny8tqO15
FA Cup,QUARTI DI FINALE,04.04.2026,Manchester City,Liverpool,1 Tempo,24',Ospite,Cartellino Giallo,Gravenberch R.,,rmHHwXNs
FA Cup,QUARTI DI FINALE,04.04.2026,Manchester City,Liverpool,1 Tempo,34',Casa,Cartellino Giallo,Rodri,,rmHHwXNs
FA Cup,QUARTI DI FINALE,04.04.2026,Manchester City,Liverpool,1 Tempo,39',Casa,Rigore Assegnato,Haaland E.,1-0,rmHHwXNs
FA Cup,QUARTI DI FINALE,04.04.2026,Manchester City,Liverpool,1 Tempo,39',Casa,Rigore,Haaland E.,1-0,rmHHwXNs
FA Cup,QUARTI DI FINALE,04.04.2026,Manchester City,Liverpool,1 Tempo,45+2',Casa,Gol,Haaland E.,2-0,rmHHwXNs
FA Cup,QUARTI DI FINALE,04.04.2026,Manchester City,Liverpool,1 Tempo,45+2',Casa,Assist,Semenyo A.,2-0,rmHHwXNs
FA Cup,QUARTI DI FINALE,04.04.2026,Manchester City,Liverpool,2 Tempo,50',Casa,Gol,Semenyo A.,3-0,rmHHwXNs
FA Cup,QUARTI DI FINALE,04.04.2026,Manchester City,Liverpool,2 Tempo,50',Casa,Assist,Cherki R.,3-0,rmHHwXNs
FA Cup,QUARTI DI FINALE,04.04.2026,Manchester City,Liverpool,2 Tempo,57',Casa,Gol,Haaland E.,4-0,rmHHwXNs
FA Cup,QUARTI DI FINALE,04.04.2026,Manchester City,Liverpool,2 Tempo,57',Casa,Assist,O'Reilly N.,4-0,rmHHwXNs
FA Cup,QUARTI DI FINALE,04.04.2026,Manchester City,Liverpool,2 Tempo,62',Casa,Sostituzione - Esce,Doku J.,,rmHHwXNs
FA Cup,QUARTI DI FINALE,04.04.2026,Manchester City,Liverpool,2 Tempo,62',Casa,Sostituzione - Entra,Savinho,,rmHHwXNs
FA Cup,QUARTI DI FINALE,04.04.2026,Manchester City,Liverpool,2 Tempo,62',Ospite,Sostituzione - Esce,Gomez J.,,rmHHwXNs
FA Cup,QUARTI DI FINALE,04.04.2026,Manchester City,Liverpool,2 Tempo,62',Ospite,Sostituzione - Entra,Frimpong J.,,rmHHwXNs
FA Cup,QUARTI DI FINALE,04.04.2026,Manchester City,Liverpool,2 Tempo,62',Casa,Sostituzione - Esce,Rodri,,rmHHwXNs
FA Cup,QUARTI DI FINALE,04.04.2026,Manchester City,Liverpool,2 Tempo,62',Casa,Sostituzione - Entra,Nico,,rmHHwXNs
FA Cup,QUARTI DI FINALE,04.04.2026,Manchester City,Liverpool,2 Tempo,64',Ospite,Rigore Assegnato,Salah M.,,rmHHwXNs
FA Cup,QUARTI DI FINALE,04.04.2026,Manchester City,Liverpool,2 Tempo,64',Ospite,Rigore sbagliato,Salah M.,,rmHHwXNs
FA Cup,QUARTI DI FINALE,04.04.2026,Manchester City,Liverpool,2 Tempo,65',Ospite,Cartellino Giallo,Kerkez M.,,rmHHwXNs
FA Cup,QUARTI DI FINALE,04.04.2026,Manchester City,Liverpool,2 Tempo,67',Casa,Cartellino Giallo,Silva B.,,rmHHwXNs
FA Cup,QUARTI DI FINALE,04.04.2026,Manchester City,Liverpool,2 Tempo,67',Ospite,Sostituzione - Esce,Gravenberch R.,,rmHHwXNs
FA Cup,QUARTI DI FINALE,04.04.2026,Manchester City,Liverpool,2 Tempo,67',Ospite,Sostituzione - Entra,Mac Allister A.,,rmHHwXNs
FA Cup,QUARTI DI FINALE,04.04.2026,Manchester City,Liverpool,2 Tempo,68',Ospite,Sostituzione - Esce,Wirtz F.,,rmHHwXNs
FA Cup,QUARTI DI FINALE,04.04.2026,Manchester City,Liverpool,2 Tempo,68',Ospite,Sostituzione - Entra,Ngumoha R.,,rmHHwXNs
FA Cup,QUARTI DI FINALE,04.04.2026,Manchester City,Liverpool,2 Tempo,68',Ospite,Sostituzione - Esce,Ekitike H.,,rmHHwXNs
FA Cup,QUARTI DI FINALE,04.04.2026,Manchester City,Liverpool,2 Tempo,68',Ospite,Sostituzione - Entra,Gakpo C.,,rmHHwXNs
FA Cup,QUARTI DI FINALE,04.04.2026,Manchester City,Liverpool,2 Tempo,71',Casa,Sostituzione - Esce,Cherki R.,,rmHHwXNs
FA Cup,QUARTI DI FINALE,04.04.2026,Manchester City,Liverpool,2 Tempo,71',Casa,Sostituzione - Entra,Reijnders T.,,rmHHwXNs
FA Cup,QUARTI DI FINALE,04.04.2026,Manchester City,Liverpool,2 Tempo,71',Casa,Sostituzione - Esce,Semenyo A.,,rmHHwXNs
FA Cup,QUARTI DI FINALE,04.04.2026,Manchester City,Liverpool,2 Tempo,71',Casa,Sostituzione - Entra,Foden P.,,rmHHwXNs
FA Cup,QUARTI DI FINALE,04.04.2026,Manchester City,Liverpool,2 Tempo,77',Casa,Sostituzione - Esce,Haaland E.,,rmHHwXNs
FA Cup,QUARTI DI FINALE,04.04.2026,Manchester City,Liverpool,2 Tempo,77',Casa,Sostituzione - Entra,Marmoush O.,,rmHHwXNs
FA Cup,QUARTI DI FINALE,04.04.2026,Manchester City,Liverpool,2 Tempo,77',Ospite,Sostituzione - Esce,Salah M.,,rmHHwXNs
FA Cup,QUARTI DI FINALE,04.04.2026,Manchester City,Liverpool,2 Tempo,77',Ospite,Sostituzione - Entra,Chiesa F.,,rmHHwXNs
FA Cup,QUARTI DI FINALE,04.04.2026,Manchester City,Liverpool,2 Tempo,87',Ospite,Cartellino Giallo,Konate I.,,rmHHwXNs
FA Cup,QUARTI DI FINALE,04.04.2026,Manchester City,Liverpool,2 Tempo,88',Casa,Cartellino Giallo,Nico,,rmHHwXNs
FA Cup,QUARTI DI FINALE,04.04.2026,Chelsea,Port Vale,1 Tempo,2',Casa,Gol,Hato J.,1-0,nHVoqg0K
FA Cup,QUARTI DI FINALE,04.04.2026,Chelsea,Port Vale,1 Tempo,25',Casa,Gol,Joao Pedro,2-0,nHVoqg0K
FA Cup,QUARTI DI FINALE,04.04.2026,Chelsea,Port Vale,1 Tempo,25',Casa,Assist,Neto P.,2-0,nHVoqg0K
FA Cup,QUARTI DI FINALE,04.04.2026,Chelsea,Port Vale,1 Tempo,33',Ospite,Cartellino Giallo,Sherif M.,,nHVoqg0K
FA Cup,QUARTI DI FINALE,04.04.2026,Chelsea,Port Vale,1 Tempo,43',Casa,Autogol,Lawrence-Gabriel J.,3-0,nHVoqg0K
FA Cup,QUARTI DI FINALE,04.04.2026,Chelsea,Port Vale,2 Tempo,57',Casa,Gol,Adarabioyo T.,4-0,nHVoqg0K
FA Cup,QUARTI DI FINALE,04.04.2026,Chelsea,Port Vale,2 Tempo,57',Casa,Assist,Gusto M.,4-0,nHVoqg0K
FA Cup,QUARTI DI FINALE,04.04.2026,Chelsea,Port Vale,2 Tempo,61',Casa,Sostituzione - Esce,Neto P.,,nHVoqg0K
FA Cup,QUARTI DI FINALE,04.04.2026,Chelsea,Port Vale,2 Tempo,61',Casa,Sostituzione - Entra,Garnacho A.,,nHVoqg0K
FA Cup,QUARTI DI FINALE,04.04.2026,Chelsea,Port Vale,2 Tempo,61',Casa,Sostituzione - Esce,Joao Pedro,,nHVoqg0K
FA Cup,QUARTI DI FINALE,04.04.2026,Chelsea,Port Vale,2 Tempo,61',Casa,Sostituzione - Entra,Delap L.,,nHVoqg0K
FA Cup,QUARTI DI FINALE,04.04.2026,Chelsea,Port Vale,2 Tempo,62',Casa,Sostituzione - Esce,Palmer C.,,nHVoqg0K
FA Cup,QUARTI DI FINALE,04.04.2026,Chelsea,Port Vale,2 Tempo,62',Casa,Sostituzione - Entra,Essugo D.,,nHVoqg0K
FA Cup,QUARTI DI FINALE,04.04.2026,Chelsea,Port Vale,2 Tempo,65',Ospite,Sostituzione - Esce,Waine B.,,nHVoqg0K
FA Cup,QUARTI DI FINALE,04.04.2026,Chelsea,Port Vale,2 Tempo,65',Ospite,Sostituzione - Entra,Hall G.,,nHVoqg0K
FA Cup,QUARTI DI FINALE,04.04.2026,Chelsea,Port Vale,2 Tempo,65',Ospite,Sostituzione - Esce,Sherif M.,,nHVoqg0K
FA Cup,QUARTI DI FINALE,04.04.2026,Chelsea,Port Vale,2 Tempo,65',Ospite,Sostituzione - Entra,Gray A.,,nHVoqg0K
FA Cup,QUARTI DI FINALE,04.04.2026,Chelsea,Port Vale,2 Tempo,65',Ospite,Sostituzione - Esce,Gordon L.,,nHVoqg0K
FA Cup,QUARTI DI FINALE,04.04.2026,Chelsea,Port Vale,2 Tempo,65',Ospite,Sostituzione - Entra,Campbell E.,,nHVoqg0K
FA Cup,QUARTI DI FINALE,04.04.2026,Chelsea,Port Vale,2 Tempo,69',Casa,Gol,Andrey Santos,5-0,nHVoqg0K
FA Cup,QUARTI DI FINALE,04.04.2026,Chelsea,Port Vale,2 Tempo,69',Casa,Assist,Estêvão,5-0,nHVoqg0K
FA Cup,QUARTI DI FINALE,04.04.2026,Chelsea,Port Vale,2 Tempo,74',Ospite,Sostituzione - Esce,Garrity B.,,nHVoqg0K
FA Cup,QUARTI DI FINALE,04.04.2026,Chelsea,Port Vale,2 Tempo,74',Ospite,Sostituzione - Entra,Archer E.,,nHVoqg0K
FA Cup,QUARTI DI FINALE,04.04.2026,Chelsea,Port Vale,2 Tempo,78',Casa,Sostituzione - Esce,Lavia R.,,nHVoqg0K
FA Cup,QUARTI DI FINALE,04.04.2026,Chelsea,Port Vale,2 Tempo,78',Casa,Sostituzione - Entra,Kavuma McQueen R.,,nHVoqg0K
FA Cup,QUARTI DI FINALE,04.04.2026,Chelsea,Port Vale,2 Tempo,82',Casa,Gol,Estêvão,6-0,nHVoqg0K
FA Cup,QUARTI DI FINALE,04.04.2026,Chelsea,Port Vale,2 Tempo,85',Casa,Sostituzione - Esce,Gusto M.,,nHVoqg0K
FA Cup,QUARTI DI FINALE,04.04.2026,Chelsea,Port Vale,2 Tempo,85',Casa,Sostituzione - Entra,Acheampong J.,,nHVoqg0K
FA Cup,QUARTI DI FINALE,04.04.2026,Chelsea,Port Vale,2 Tempo,85',Ospite,Sostituzione - Esce,Kyle John,,nHVoqg0K
FA Cup,QUARTI DI FINALE,04.04.2026,Chelsea,Port Vale,2 Tempo,85',Ospite,Sostituzione - Entra,Magloire T.,,nHVoqg0K
FA Cup,QUARTI DI FINALE,04.04.2026,Chelsea,Port Vale,2 Tempo,90+2',Casa,Rigore Assegnato,Garnacho A.,7-0,nHVoqg0K
FA Cup,QUARTI DI FINALE,04.04.2026,Chelsea,Port Vale,2 Tempo,90+2',Casa,Rigore,Garnacho A.,7-0,nHVoqg0K
FA Cup,QUARTI DI FINALE,04.04.2026,Southampton,Arsenal,1 Tempo,27',Casa,Cartellino Giallo,Manning R.,,jDKPyBhf
FA Cup,QUARTI DI FINALE,04.04.2026,Southampton,Arsenal,1 Tempo,35',Casa,Gol,Stewart R.,1-0,jDKPyBhf
FA Cup,QUARTI DI FINALE,04.04.2026,Southampton,Arsenal,1 Tempo,35',Casa,Assist,Bree J.,1-0,jDKPyBhf
FA Cup,QUARTI DI FINALE,04.04.2026,Southampton,Arsenal,2 Tempo,60',Ospite,Sostituzione - Esce,Gabriel Jesus,,jDKPyBhf
FA Cup,QUARTI DI FINALE,04.04.2026,Southampton,Arsenal,2 Tempo,60',Ospite,Sostituzione - Entra,Gyökeres V.,,jDKPyBhf
FA Cup,QUARTI DI FINALE,04.04.2026,Southampton,Arsenal,2 Tempo,60',Ospite,Sostituzione - Esce,Lewis-Skelly M.,,jDKPyBhf
FA Cup,QUARTI DI FINALE,04.04.2026,Southampton,Arsenal,2 Tempo,60',Ospite,Sostituzione - Entra,Calafiori R.,,jDKPyBhf
FA Cup,QUARTI DI FINALE,04.04.2026,Southampton,Arsenal,2 Tempo,61',Ospite,Sostituzione - Esce,Odegaard M.,,jDKPyBhf
FA Cup,QUARTI DI FINALE,04.04.2026,Southampton,Arsenal,2 Tempo,61',Ospite,Sostituzione - Entra,Madueke N.,,jDKPyBhf
FA Cup,QUARTI DI FINALE,04.04.2026,Southampton,Arsenal,2 Tempo,68',Ospite,Gol,Gyökeres V.,1-1,jDKPyBhf
FA Cup,QUARTI DI FINALE,04.04.2026,Southampton,Arsenal,2 Tempo,68',Ospite,Assist,Havertz K.,1-1,jDKPyBhf
FA Cup,QUARTI DI FINALE,04.04.2026,Southampton,Arsenal,2 Tempo,70',Casa,Sostituzione - Esce,Stewart R.,,jDKPyBhf
FA Cup,QUARTI DI FINALE,04.04.2026,Southampton,Arsenal,2 Tempo,70',Casa,Sostituzione - Entra,Larin C.,,jDKPyBhf
FA Cup,QUARTI DI FINALE,04.04.2026,Southampton,Arsenal,2 Tempo,71',Casa,Sostituzione - Esce,Scienza L.,,jDKPyBhf
FA Cup,QUARTI DI FINALE,04.04.2026,Southampton,Arsenal,2 Tempo,71',Casa,Sostituzione - Entra,Edozie S.,,jDKPyBhf
FA Cup,QUARTI DI FINALE,04.04.2026,Southampton,Arsenal,2 Tempo,72',Ospite,Sostituzione - Esce,Gabriel,,jDKPyBhf
FA Cup,QUARTI DI FINALE,04.04.2026,Southampton,Arsenal,2 Tempo,72',Ospite,Sostituzione - Entra,Saliba W.,,jDKPyBhf
FA Cup,QUARTI DI FINALE,04.04.2026,Southampton,Arsenal,2 Tempo,76',Casa,Sostituzione - Esce,Bragg C.,,jDKPyBhf
FA Cup,QUARTI DI FINALE,04.04.2026,Southampton,Arsenal,2 Tempo,76',Casa,Sostituzione - Entra,Charles S.,,jDKPyBhf
FA Cup,QUARTI DI FINALE,04.04.2026,Southampton,Arsenal,2 Tempo,79',Ospite,Sostituzione - Esce,Havertz K.,,jDKPyBhf
FA Cup,QUARTI DI FINALE,04.04.2026,Southampton,Arsenal,2 Tempo,79',Ospite,Sostituzione - Entra,Zubimendi M.,,jDKPyBhf
FA Cup,QUARTI DI FINALE,04.04.2026,Southampton,Arsenal,2 Tempo,85',Casa,Gol,Charles S.,2-1,jDKPyBhf
FA Cup,QUARTI DI FINALE,04.04.2026,Southampton,Arsenal,2 Tempo,85',Casa,Assist,Fellows T.,2-1,jDKPyBhf
FA Cup,QUARTI DI FINALE,04.04.2026,Southampton,Arsenal,2 Tempo,89',Casa,Cartellino Giallo,Jander C.,,jDKPyBhf
FA Cup,QUARTI DI FINALE,04.04.2026,Southampton,Arsenal,2 Tempo,90+4',Ospite,Cartellino Giallo,Martinelli G.,,jDKPyBhf
FA Cup,QUARTI DI FINALE,04.04.2026,Southampton,Arsenal,2 Tempo,90+7',Casa,Sostituzione - Esce,Manning R.,,jDKPyBhf
FA Cup,QUARTI DI FINALE,04.04.2026,Southampton,Arsenal,2 Tempo,90+7',Casa,Sostituzione - Entra,Quarshie J.,,jDKPyBhf
FA Cup,QUARTI DI FINALE,05.04.2026,West Ham,Leeds,1 Tempo,26',Ospite,Gol,Tanaka A.,0-1,EgMYT5mm
FA Cup,QUARTI DI FINALE,05.04.2026,West Ham,Leeds,1 Tempo,26',Ospite,Assist,Okafor N.,0-1,EgMYT5mm
FA Cup,QUARTI DI FINALE,05.04.2026,West Ham,Leeds,1 Tempo,38',Ospite,Sostituzione - Esce,Stach A.,,EgMYT5mm
FA Cup,QUARTI DI FINALE,05.04.2026,West Ham,Leeds,1 Tempo,38',Ospite,Sostituzione - Entra,Aaronson B.,,EgMYT5mm
FA Cup,QUARTI DI FINALE,05.04.2026,West Ham,Leeds,1 Tempo,40',Ospite,Cartellino Giallo,Nmecha L.,,EgMYT5mm
FA Cup,QUARTI DI FINALE,05.04.2026,West Ham,Leeds,2 Tempo,46',Casa,Sostituzione - Esce,Magassa S.,,EgMYT5mm
FA Cup,QUARTI DI FINALE,05.04.2026,West Ham,Leeds,2 Tempo,46',Casa,Sostituzione - Entra,Pablo,,EgMYT5mm
FA Cup,QUARTI DI FINALE,05.04.2026,West Ham,Leeds,2 Tempo,46',Casa,Sostituzione - Esce,Potts F.,,EgMYT5mm
FA Cup,QUARTI DI FINALE,05.04.2026,West Ham,Leeds,2 Tempo,46',Casa,Sostituzione - Entra,Soucek T.,,EgMYT5mm
FA Cup,QUARTI DI FINALE,05.04.2026,West Ham,Leeds,2 Tempo,47',Ospite,Cartellino Giallo,Ampadu E.,,EgMYT5mm
FA Cup,QUARTI DI FINALE,05.04.2026,West Ham,Leeds,2 Tempo,52',Ospite,Sostituzione - Esce,Rodon J.,,EgMYT5mm
FA Cup,QUARTI DI FINALE,05.04.2026,West Ham,Leeds,2 Tempo,52',Ospite,Sostituzione - Entra,Bornauw S.,,EgMYT5mm
FA Cup,QUARTI DI FINALE,05.04.2026,West Ham,Leeds,2 Tempo,69',Ospite,Sostituzione - Esce,Nmecha L.,,EgMYT5mm
FA Cup,QUARTI DI FINALE,05.04.2026,West Ham,Leeds,2 Tempo,69',Ospite,Sostituzione - Entra,Calvert-Lewin D.,,EgMYT5mm
FA Cup,QUARTI DI FINALE,05.04.2026,West Ham,Leeds,2 Tempo,69',Ospite,Sostituzione - Esce,Okafor N.,,EgMYT5mm
FA Cup,QUARTI DI FINALE,05.04.2026,West Ham,Leeds,2 Tempo,69',Ospite,Sostituzione - Entra,Gnonto W.,,EgMYT5mm
FA Cup,QUARTI DI FINALE,05.04.2026,West Ham,Leeds,2 Tempo,69',Ospite,Sostituzione - Esce,Tanaka A.,,EgMYT5mm
FA Cup,QUARTI DI FINALE,05.04.2026,West Ham,Leeds,2 Tempo,69',Ospite,Sostituzione - Entra,Gruev I.,,EgMYT5mm
FA Cup,QUARTI DI FINALE,05.04.2026,West Ham,Leeds,2 Tempo,74',Casa,Cartellino Giallo,Kilman M.,,EgMYT5mm
FA Cup,QUARTI DI FINALE,05.04.2026,West Ham,Leeds,2 Tempo,75',Ospite,Rigore Assegnato,Calvert-Lewin D.,0-2,EgMYT5mm
FA Cup,QUARTI DI FINALE,05.04.2026,West Ham,Leeds,2 Tempo,75',Ospite,Rigore,Calvert-Lewin D.,0-2,EgMYT5mm
FA Cup,QUARTI DI FINALE,05.04.2026,West Ham,Leeds,2 Tempo,90+1',Ospite,Cartellino Giallo,Bogle J.,,EgMYT5mm
FA Cup,QUARTI DI FINALE,05.04.2026,West Ham,Leeds,2 Tempo,90+3',Casa,Gol,Fernandes M.,1-2,EgMYT5mm
FA Cup,QUARTI DI FINALE,05.04.2026,West Ham,Leeds,2 Tempo,90+6',Casa,Gol,Disasi A.,2-2,EgMYT5mm
FA Cup,QUARTI DI FINALE,05.04.2026,West Ham,Leeds,2 Tempo,90+6',Casa,Assist,Traore A.,2-2,EgMYT5mm
FA Cup,QUARTI DI FINALE,05.04.2026,West Ham,Leeds,Supplementari,105+2',Casa,Cartellino Giallo,Walker-Peters K.,,EgMYT5mm
FA Cup,QUARTI DI FINALE,05.04.2026,West Ham,Leeds,Supplementari,106',Casa,Sostituzione - Esce,Castellanos T.,,EgMYT5mm
FA Cup,QUARTI DI FINALE,05.04.2026,West Ham,Leeds,Supplementari,106',Casa,Sostituzione - Entra,Kante M.,,EgMYT5mm
FA Cup,QUARTI DI FINALE,05.04.2026,West Ham,Leeds,Supplementari,106',Casa,Sostituzione - Esce,Diouf M.,,EgMYT5mm
FA Cup,QUARTI DI FINALE,05.04.2026,West Ham,Leeds,Supplementari,106',Casa,Sostituzione - Entra,Scarles O.,,EgMYT5mm
FA Cup,QUARTI DI FINALE,05.04.2026,West Ham,Leeds,Supplementari,106',Ospite,Sostituzione - Esce,Bogle J.,,EgMYT5mm
FA Cup,QUARTI DI FINALE,05.04.2026,West Ham,Leeds,Supplementari,106',Ospite,Sostituzione - Entra,Piroe J.,,EgMYT5mm
FA Cup,QUARTI DI FINALE,05.04.2026,West Ham,Leeds,Supplementari,120',Casa,Sostituzione - Esce,Areola A.,,EgMYT5mm
FA Cup,QUARTI DI FINALE,05.04.2026,West Ham,Leeds,Supplementari,120',Casa,Sostituzione - Entra,Herrick F.,,EgMYT5mm
FA Cup,QUARTI DI FINALE,05.04.2026,West Ham,Leeds,Supplementari,120+5',Casa,Sostituzione - Esce,Traore A.,,EgMYT5mm
FA Cup,QUARTI DI FINALE,05.04.2026,West Ham,Leeds,Supplementari,120+5',Casa,Sostituzione - Entra,Mayers E.,,EgMYT5mm
FA Cup,QUARTI DI FINALE,05.04.2026,West Ham,Leeds,Rigori,1,Ospite,Rigore Assegnato,Piroe J.,,EgMYT5mm
FA Cup,QUARTI DI FINALE,05.04.2026,West Ham,Leeds,Rigori,1,Ospite,Rigore sbagliato,Piroe J.,,EgMYT5mm
FA Cup,QUARTI DI FINALE,05.04.2026,West Ham,Leeds,Rigori,1,Casa,Rigore Assegnato,Bowen J.,,EgMYT5mm
FA Cup,QUARTI DI FINALE,05.04.2026,West Ham,Leeds,Rigori,1,Casa,Rigore sbagliato,Bowen J.,,EgMYT5mm
FA Cup,QUARTI DI FINALE,05.04.2026,West Ham,Leeds,Rigori,2,Ospite,Rigore Assegnato,Calvert-Lewin D.,,EgMYT5mm
FA Cup,QUARTI DI FINALE,05.04.2026,West Ham,Leeds,Rigori,2,Ospite,Rigore,Calvert-Lewin D.,,EgMYT5mm
FA Cup,QUARTI DI FINALE,05.04.2026,West Ham,Leeds,Rigori,2,Casa,Rigore Assegnato,Walker-Peters K.,,EgMYT5mm
FA Cup,QUARTI DI FINALE,05.04.2026,West Ham,Leeds,Rigori,2,Casa,Rigore,Walker-Peters K.,,EgMYT5mm
FA Cup,QUARTI DI FINALE,05.04.2026,West Ham,Leeds,Rigori,3,Ospite,Rigore Assegnato,Aaronson B.,,EgMYT5mm
FA Cup,QUARTI DI FINALE,05.04.2026,West Ham,Leeds,Rigori,3,Ospite,Rigore,Aaronson B.,,EgMYT5mm
FA Cup,QUARTI DI FINALE,05.04.2026,West Ham,Leeds,Rigori,3,Casa,Rigore Assegnato,Soucek T.,,EgMYT5mm
FA Cup,QUARTI DI FINALE,05.04.2026,West Ham,Leeds,Rigori,3,Casa,Rigore,Soucek T.,,EgMYT5mm
FA Cup,QUARTI DI FINALE,05.04.2026,West Ham,Leeds,Rigori,4,Ospite,Rigore Assegnato,Gnonto W.,,EgMYT5mm
FA Cup,QUARTI DI FINALE,05.04.2026,West Ham,Leeds,Rigori,4,Ospite,Rigore,Gnonto W.,,EgMYT5mm
FA Cup,QUARTI DI FINALE,05.04.2026,West Ham,Leeds,Rigori,4,Casa,Rigore Assegnato,Pablo,,EgMYT5mm
FA Cup,QUARTI DI FINALE,05.04.2026,West Ham,Leeds,Rigori,4,Casa,Rigore sbagliato,Pablo,,EgMYT5mm
FA Cup,QUARTI DI FINALE,05.04.2026,West Ham,Leeds,Rigori,5,Ospite,Rigore Assegnato,Struijk P.,,EgMYT5mm
FA Cup,QUARTI DI FINALE,05.04.2026,West Ham,Leeds,Rigori,5,Ospite,Rigore,Struijk P.,,EgMYT5mm
FA Cup,QUARTI DI FINALE,05.04.2026,West Ham,Leeds,Rigori,6,Ospite,Cartellino Giallo,Lucas Perri,,EgMYT5mm
FA Cup,SEMI FINALI,25.04.2026,Manchester City,Southampton,2 Tempo,58',Casa,Sostituzione - Esce,Kovacic M.,,QJ08pSZF
FA Cup,SEMI FINALI,25.04.2026,Manchester City,Southampton,2 Tempo,58',Casa,Sostituzione - Entra,Doku J.,,QJ08pSZF
FA Cup,SEMI FINALI,25.04.2026,Manchester City,Southampton,2 Tempo,58',Casa,Sostituzione - Esce,Foden P.,,QJ08pSZF
FA Cup,SEMI FINALI,25.04.2026,Manchester City,Southampton,2 Tempo,58',Casa,Sostituzione - Entra,Savinho,,QJ08pSZF
FA Cup,SEMI FINALI,25.04.2026,Manchester City,Southampton,2 Tempo,61',Ospite,Sostituzione - Esce,Stewart R.,,QJ08pSZF
FA Cup,SEMI FINALI,25.04.2026,Manchester City,Southampton,2 Tempo,61',Ospite,Sostituzione - Entra,Larin C.,,QJ08pSZF
FA Cup,SEMI FINALI,25.04.2026,Manchester City,Southampton,2 Tempo,61',Ospite,Sostituzione - Esce,Bragg C.,,QJ08pSZF
FA Cup,SEMI FINALI,25.04.2026,Manchester City,Southampton,2 Tempo,61',Ospite,Sostituzione - Entra,Charles S.,,QJ08pSZF
FA Cup,SEMI FINALI,25.04.2026,Manchester City,Southampton,2 Tempo,71',Casa,Sostituzione - Esce,Marmoush O.,,QJ08pSZF
FA Cup,SEMI FINALI,25.04.2026,Manchester City,Southampton,2 Tempo,71',Casa,Sostituzione - Entra,Haaland E.,,QJ08pSZF
FA Cup,SEMI FINALI,25.04.2026,Manchester City,Southampton,2 Tempo,71',Casa,Sostituzione - Esce,Ait-Nouri R.,,QJ08pSZF
FA Cup,SEMI FINALI,25.04.2026,Manchester City,Southampton,2 Tempo,71',Casa,Sostituzione - Entra,O'Reilly N.,,QJ08pSZF
FA Cup,SEMI FINALI,25.04.2026,Manchester City,Southampton,2 Tempo,76',Ospite,Sostituzione - Esce,Welington,,QJ08pSZF
FA Cup,SEMI FINALI,25.04.2026,Manchester City,Southampton,2 Tempo,76',Ospite,Sostituzione - Entra,Matsuki K.,,QJ08pSZF
FA Cup,SEMI FINALI,25.04.2026,Manchester City,Southampton,2 Tempo,79',Ospite,Gol,Azaz F.,0-1,QJ08pSZF
FA Cup,SEMI FINALI,25.04.2026,Manchester City,Southampton,2 Tempo,79',Ospite,Assist,Matsuki K.,0-1,QJ08pSZF
FA Cup,SEMI FINALI,25.04.2026,Manchester City,Southampton,2 Tempo,82',Casa,Gol,Doku J.,1-1,QJ08pSZF
FA Cup,SEMI FINALI,25.04.2026,Manchester City,Southampton,2 Tempo,82',Casa,Assist,Reijnders T.,1-1,QJ08pSZF
FA Cup,SEMI FINALI,25.04.2026,Manchester City,Southampton,2 Tempo,85',Casa,Sostituzione - Esce,Reijnders T.,,QJ08pSZF
FA Cup,SEMI FINALI,25.04.2026,Manchester City,Southampton,2 Tempo,85',Casa,Sostituzione - Entra,Silva B.,,QJ08pSZF
FA Cup,SEMI FINALI,25.04.2026,Manchester City,Southampton,2 Tempo,87',Casa,Gol,Nico,2-1,QJ08pSZF
FA Cup,SEMI FINALI,25.04.2026,Manchester City,Southampton,2 Tempo,87',Casa,Assist,Doku J.,2-1,QJ08pSZF
FA Cup,SEMI FINALI,25.04.2026,Manchester City,Southampton,2 Tempo,89',Ospite,Sostituzione - Esce,Fellows T.,,QJ08pSZF
FA Cup,SEMI FINALI,25.04.2026,Manchester City,Southampton,2 Tempo,89',Ospite,Sostituzione - Entra,Edozie S.,,QJ08pSZF
FA Cup,SEMI FINALI,25.04.2026,Manchester City,Southampton,2 Tempo,89',Ospite,Sostituzione - Esce,Bree J.,,QJ08pSZF
FA Cup,SEMI FINALI,25.04.2026,Manchester City,Southampton,2 Tempo,89',Ospite,Sostituzione - Entra,Archer C.,,QJ08pSZF
FA Cup,SEMI FINALI,25.04.2026,Manchester City,Southampton,2 Tempo,90+3',Ospite,Cartellino Giallo,Harwood-Bellis T.,,QJ08pSZF
FA Cup,SEMI FINALI,25.04.2026,Manchester City,Southampton,2 Tempo,90+8',Ospite,Cartellino Giallo,Azaz F.,,QJ08pSZF
FA Cup,SEMI FINALI,26.04.2026,Chelsea,Leeds,1 Tempo,23',Casa,Gol,Fernandez E.,1-0,Yq4Gr64S
FA Cup,SEMI FINALI,26.04.2026,Chelsea,Leeds,1 Tempo,23',Casa,Assist,Neto P.,1-0,Yq4Gr64S
FA Cup,SEMI FINALI,26.04.2026,Chelsea,Leeds,2 Tempo,46',Ospite,Sostituzione - Esce,Justin J.,,Yq4Gr64S
FA Cup,SEMI FINALI,26.04.2026,Chelsea,Leeds,2 Tempo,46',Ospite,Sostituzione - Entra,Rodon J.,,Yq4Gr64S
FA Cup,SEMI FINALI,26.04.2026,Chelsea,Leeds,2 Tempo,46',Ospite,Sostituzione - Esce,Bijol J.,,Yq4Gr64S
FA Cup,SEMI FINALI,26.04.2026,Chelsea,Leeds,2 Tempo,46',Ospite,Sostituzione - Entra,Stach A.,,Yq4Gr64S
FA Cup,SEMI FINALI,26.04.2026,Chelsea,Leeds,2 Tempo,60',Casa,Cartellino Giallo,Caicedo M.,,Yq4Gr64S
FA Cup,SEMI FINALI,26.04.2026,Chelsea,Leeds,2 Tempo,66',Casa,Sostituzione - Esce,Lavia R.,,Yq4Gr64S
FA Cup,SEMI FINALI,26.04.2026,Chelsea,Leeds,2 Tempo,66',Casa,Sostituzione - Entra,Andrey Santos,,Yq4Gr64S
FA Cup,SEMI FINALI,26.04.2026,Chelsea,Leeds,2 Tempo,71',Casa,Sostituzione - Esce,Garnacho A.,,Yq4Gr64S
FA Cup,SEMI FINALI,26.04.2026,Chelsea,Leeds,2 Tempo,71',Casa,Sostituzione - Entra,Palmer C.,,Yq4Gr64S
FA Cup,SEMI FINALI,26.04.2026,Chelsea,Leeds,2 Tempo,74',Ospite,Sostituzione - Esce,Tanaka A.,,Yq4Gr64S
FA Cup,SEMI FINALI,26.04.2026,Chelsea,Leeds,2 Tempo,74',Ospite,Sostituzione - Entra,Nmecha L.,,Yq4Gr64S
FA Cup,SEMI FINALI,26.04.2026,Chelsea,Leeds,2 Tempo,74',Ospite,Sostituzione - Esce,Okafor N.,,Yq4Gr64S
FA Cup,SEMI FINALI,26.04.2026,Chelsea,Leeds,2 Tempo,74',Ospite,Sostituzione - Entra,Gnonto W.,,Yq4Gr64S
FA Cup,SEMI FINALI,26.04.2026,Chelsea,Leeds,2 Tempo,76',Ospite,Cartellino Giallo,Struijk P.,,Yq4Gr64S
FA Cup,SEMI FINALI,26.04.2026,Chelsea,Leeds,2 Tempo,77',Casa,Cartellino Giallo,Palmer C.,,Yq4Gr64S
FA Cup,SEMI FINALI,26.04.2026,Chelsea,Leeds,2 Tempo,78',Ospite,Cartellino Giallo,Ampadu E.,,Yq4Gr64S
FA Cup,SEMI FINALI,26.04.2026,Chelsea,Leeds,2 Tempo,84',Ospite,Cartellino Giallo,Nmecha L.,,Yq4Gr64S
FA Cup,SEMI FINALI,26.04.2026,Chelsea,Leeds,2 Tempo,86',Ospite,Sostituzione - Esce,Aaronson B.,,Yq4Gr64S
FA Cup,SEMI FINALI,26.04.2026,Chelsea,Leeds,2 Tempo,86',Ospite,Sostituzione - Entra,Longstaff S.,,Yq4Gr64S
FA Cup,SEMI FINALI,26.04.2026,Chelsea,Leeds,2 Tempo,90+4',Ospite,Cartellino Giallo,Bogle J.,,Yq4Gr64S
FA Cup,SEMI FINALI,26.04.2026,Chelsea,Leeds,2 Tempo,90+4',Casa,Cartellino Giallo,Neto P.,,Yq4Gr64S
FA Cup,SEMI FINALI,26.04.2026,Chelsea,Leeds,2 Tempo,90+8',Casa,Sostituzione - Esce,Joao Pedro,,Yq4Gr64S
FA Cup,SEMI FINALI,26.04.2026,Chelsea,Leeds,2 Tempo,90+8',Casa,Sostituzione - Entra,Delap L.,,Yq4Gr64S
FA Cup,FINALE,16.05.2026,Chelsea,Manchester City,1 Tempo,29',Casa,Cartellino Giallo,Fernandez E.,,6uTuOILk
FA Cup,FINALE,16.05.2026,Chelsea,Manchester City,1 Tempo,32',Casa,Cartellino Giallo,Cucurella M.,,6uTuOILk
FA Cup,FINALE,16.05.2026,Chelsea,Manchester City,2 Tempo,46',Ospite,Sostituzione - Esce,Marmoush O.,,6uTuOILk
FA Cup,FINALE,16.05.2026,Chelsea,Manchester City,2 Tempo,46',Ospite,Sostituzione - Entra,Cherki R.,,6uTuOILk
FA Cup,FINALE,16.05.2026,Chelsea,Manchester City,2 Tempo,56',Ospite,Cartellino Giallo,Khusanov A.,,6uTuOILk
FA Cup,FINALE,16.05.2026,Chelsea,Manchester City,2 Tempo,65',Ospite,Sostituzione - Esce,Rodri,,6uTuOILk
FA Cup,FINALE,16.05.2026,Chelsea,Manchester City,2 Tempo,65',Ospite,Sostituzione - Entra,Kovacic M.,,6uTuOILk
FA Cup,FINALE,16.05.2026,Chelsea,Manchester City,2 Tempo,72',Ospite,Gol,Semenyo A.,0-1,6uTuOILk
FA Cup,FINALE,16.05.2026,Chelsea,Manchester City,2 Tempo,72',Ospite,Assist,Haaland E.,0-1,6uTuOILk
FA Cup,FINALE,16.05.2026,Chelsea,Manchester City,2 Tempo,74',Casa,Sostituzione - Esce,Cucurella M.,,6uTuOILk
FA Cup,FINALE,16.05.2026,Chelsea,Manchester City,2 Tempo,74',Casa,Sostituzione - Entra,Neto P.,,6uTuOILk
FA Cup,FINALE,16.05.2026,Chelsea,Manchester City,2 Tempo,83',Casa,Sostituzione - Esce,James R.,,6uTuOILk
FA Cup,FINALE,16.05.2026,Chelsea,Manchester City,2 Tempo,83',Casa,Sostituzione - Entra,Delap L.,,6uTuOILk
FA Cup,FINALE,16.05.2026,Chelsea,Manchester City,2 Tempo,86',Casa,Sostituzione - Esce,Joao Pedro,,6uTuOILk
FA Cup,FINALE,16.05.2026,Chelsea,Manchester City,2 Tempo,86',Casa,Sostituzione - Entra,Garnacho A.,,6uTuOILk
FA Cup,FINALE,16.05.2026,Chelsea,Manchester City,2 Tempo,90+2',Casa,Cartellino Giallo,Caicedo M.,,6uTuOILk
